ttFoundShRecsOverLats:=[ rec(
      Gram := [ [ 2, 0, 0 ], [ 0, -4, 0 ], [ 0, 0, -4 ] ],
      Trec := rec(
          count := 1,
          grams := [ [ [ -2, 1, 1, 1, -1, 1, -1, 1, 0, 0, 0, 0, 0, 0, 0, 0, 0, 0, 0 ], [ 1, -2, -1, 0, 0, 0, 1, -1, 0, 0, 0, 0, 0, 0, 0, 0, 0, 0, 0 ], 
                  [ 1, -1, -2, -1, 0, -1, 0, -1, 0, 0, 0, 0, 0, 0, 0, 0, 0, 0, 0 ], [ 1, 0, -1, -2, 1, -1, 0, -1, 0, 0, 0, 0, 0, 0, 0, 0, 0, 0, 0 ], 
                  [ -1, 0, 0, 1, -2, 1, 0, 1, 0, 0, 0, 0, 0, 0, 0, 0, 0, 0, 0 ], [ 1, 0, -1, -1, 1, -2, 0, -1, 0, 0, 0, 0, 0, 0, 0, 0, 0, 0, 0 ], 
                  [ -1, 1, 0, 0, 0, 0, -2, 0, 0, 0, 0, 0, 0, 0, 0, 0, 0, 0, 0 ], [ 1, -1, -1, -1, 1, -1, 0, -2, 0, 0, 0, 0, 0, 0, 0, 0, 0, 0, 0 ], 
                  [ 0, 0, 0, 0, 0, 0, 0, 0, -2, 1, 1, 1, -1, 1, -1, 1, 0, 0, 0 ], [ 0, 0, 0, 0, 0, 0, 0, 0, 1, -2, -1, 0, 0, 0, 1, -1, 0, 0, 0 ], 
                  [ 0, 0, 0, 0, 0, 0, 0, 0, 1, -1, -2, -1, 0, -1, 0, -1, 0, 0, 0 ], [ 0, 0, 0, 0, 0, 0, 0, 0, 1, 0, -1, -2, 1, -1, 0, -1, 0, 0, 0 ], 
                  [ 0, 0, 0, 0, 0, 0, 0, 0, -1, 0, 0, 1, -2, 1, 0, 1, 0, 0, 0 ], [ 0, 0, 0, 0, 0, 0, 0, 0, 1, 0, -1, -1, 1, -2, 0, -1, 0, 0, 0 ], 
                  [ 0, 0, 0, 0, 0, 0, 0, 0, -1, 1, 0, 0, 0, 0, -2, 0, 0, 0, 0 ], [ 0, 0, 0, 0, 0, 0, 0, 0, 1, -1, -1, -1, 1, -1, 0, -2, 0, 0, 0 ], 
                  [ 0, 0, 0, 0, 0, 0, 0, 0, 0, 0, 0, 0, 0, 0, 0, 0, 2, 0, 0 ], [ 0, 0, 0, 0, 0, 0, 0, 0, 0, 0, 0, 0, 0, 0, 0, 0, 0, 4, 0 ], 
                  [ 0, 0, 0, 0, 0, 0, 0, 0, 0, 0, 0, 0, 0, 0, 0, 0, 0, 0, -4 ] ] ],
          method := "Nikulin uniqueness",
          spinorPrimes := [  ] ),
      ampleflag := true,
      basisdual := [ [ 2, 2, 2 ], [ 0, 4, 0 ], [ 0, 0, 4 ] ],
      extdeg := 1,
      extgroupgens := [ [ 2, 0, 0 ], [ 0, 4, 0 ], [ 0, 0, 4 ] ],
      h := [ 1, 0, 0 ],
      rho := 3,
      sprats := rec(
          nopss := [ 0, 2 ],
          scons := [ [ [ 1, 0, -1 ], [ 1, 0, 1 ] ], [ [ 1, -1, 0 ], [ 1, 1, 0 ] ] ],
          slins := [  ] ) ), rec(
      Gram := [ [ -14, -7, -30 ], [ -7, -4, -15 ], [ -30, -15, -60 ] ],
      Trec := rec(
          count := 1,
          grams := [ [ [ -2, 1, 1, 1, -1, 1, -1, 1, 0, 0, 0, 0, 0, 0, 0, 0, 0, 0, 0 ], [ 1, -2, -1, 0, 0, 0, 1, -1, 0, 0, 0, 0, 0, 0, 0, 0, 0, 0, 0 ], 
                  [ 1, -1, -2, -1, 0, -1, 0, -1, 0, 0, 0, 0, 0, 0, 0, 0, 0, 0, 0 ], [ 1, 0, -1, -2, 1, -1, 0, -1, 0, 0, 0, 0, 0, 0, 0, 0, 0, 0, 0 ], 
                  [ -1, 0, 0, 1, -2, 1, 0, 1, 0, 0, 0, 0, 0, 0, 0, 0, 0, 0, 0 ], [ 1, 0, -1, -1, 1, -2, 0, -1, 0, 0, 0, 0, 0, 0, 0, 0, 0, 0, 0 ], 
                  [ -1, 1, 0, 0, 0, 0, -2, 0, 0, 0, 0, 0, 0, 0, 0, 0, 0, 0, 0 ], [ 1, -1, -1, -1, 1, -1, 0, -2, 0, 0, 0, 0, 0, 0, 0, 0, 0, 0, 0 ], 
                  [ 0, 0, 0, 0, 0, 0, 0, 0, -2, 1, 1, 1, -1, 1, -1, 1, 0, 0, 0 ], [ 0, 0, 0, 0, 0, 0, 0, 0, 1, -2, -1, 0, 0, 0, 1, -1, 0, 0, 0 ], 
                  [ 0, 0, 0, 0, 0, 0, 0, 0, 1, -1, -2, -1, 0, -1, 0, -1, 0, 0, 0 ], [ 0, 0, 0, 0, 0, 0, 0, 0, 1, 0, -1, -2, 1, -1, 0, -1, 0, 0, 0 ], 
                  [ 0, 0, 0, 0, 0, 0, 0, 0, -1, 0, 0, 1, -2, 1, 0, 1, 0, 0, 0 ], [ 0, 0, 0, 0, 0, 0, 0, 0, 1, 0, -1, -1, 1, -2, 0, -1, 0, 0, 0 ], 
                  [ 0, 0, 0, 0, 0, 0, 0, 0, -1, 1, 0, 0, 0, 0, -2, 0, 0, 0, 0 ], [ 0, 0, 0, 0, 0, 0, 0, 0, 1, -1, -1, -1, 1, -1, 0, -2, 0, 0, 0 ], 
                  [ 0, 0, 0, 0, 0, 0, 0, 0, 0, 0, 0, 0, 0, 0, 0, 0, -2, 0, 0 ], [ 0, 0, 0, 0, 0, 0, 0, 0, 0, 0, 0, 0, 0, 0, 0, 0, 0, 4, -1 ], 
                  [ 0, 0, 0, 0, 0, 0, 0, 0, 0, 0, 0, 0, 0, 0, 0, 0, 0, -1, 4 ] ] ],
          method := "Nikulin uniqueness",
          spinorPrimes := [  ] ),
      ampleflag := true,
      basisdual := [ [ 2, 0, 9 ], [ 0, 1, 4 ], [ 0, 0, 15 ] ],
      extdeg := 1,
      extgroupgens := [ [ 30 ] ],
      h := [ 1, 2, -1 ],
      rho := 3,
      sprats := rec(
          nopss := [ 0, 2 ],
          scons := [ [ [ 1, 1, -1 ], [ 1, 3, -1 ] ], [ [ 1, 6, -2 ], [ 1, -2, 0 ] ] ],
          slins := [  ] ) ), rec(
      Gram := [ [ -2, -2, -6 ], [ -2, -4, -6 ], [ -6, -6, -12 ] ],
      Trec := rec(
          count := 1,
          grams := [ [ [ -2, 1, 1, 1, -1, 1, -1, 1, 0, 0, 0, 0, 0, 0, 0, 0, 0, 0, 0 ], [ 1, -2, -1, 0, 0, 0, 1, -1, 0, 0, 0, 0, 0, 0, 0, 0, 0, 0, 0 ], 
                  [ 1, -1, -2, -1, 0, -1, 0, -1, 0, 0, 0, 0, 0, 0, 0, 0, 0, 0, 0 ], [ 1, 0, -1, -2, 1, -1, 0, -1, 0, 0, 0, 0, 0, 0, 0, 0, 0, 0, 0 ], 
                  [ -1, 0, 0, 1, -2, 1, 0, 1, 0, 0, 0, 0, 0, 0, 0, 0, 0, 0, 0 ], [ 1, 0, -1, -1, 1, -2, 0, -1, 0, 0, 0, 0, 0, 0, 0, 0, 0, 0, 0 ], 
                  [ -1, 1, 0, 0, 0, 0, -2, 0, 0, 0, 0, 0, 0, 0, 0, 0, 0, 0, 0 ], [ 1, -1, -1, -1, 1, -1, 0, -2, 0, 0, 0, 0, 0, 0, 0, 0, 0, 0, 0 ], 
                  [ 0, 0, 0, 0, 0, 0, 0, 0, -2, 1, 1, 1, -1, 1, -1, 1, 0, 0, 0 ], [ 0, 0, 0, 0, 0, 0, 0, 0, 1, -2, -1, 0, 0, 0, 1, -1, 0, 0, 0 ], 
                  [ 0, 0, 0, 0, 0, 0, 0, 0, 1, -1, -2, -1, 0, -1, 0, -1, 0, 0, 0 ], [ 0, 0, 0, 0, 0, 0, 0, 0, 1, 0, -1, -2, 1, -1, 0, -1, 0, 0, 0 ], 
                  [ 0, 0, 0, 0, 0, 0, 0, 0, -1, 0, 0, 1, -2, 1, 0, 1, 0, 0, 0 ], [ 0, 0, 0, 0, 0, 0, 0, 0, 1, 0, -1, -1, 1, -2, 0, -1, 0, 0, 0 ], 
                  [ 0, 0, 0, 0, 0, 0, 0, 0, -1, 1, 0, 0, 0, 0, -2, 0, 0, 0, 0 ], [ 0, 0, 0, 0, 0, 0, 0, 0, 1, -1, -1, -1, 1, -1, 0, -2, 0, 0, 0 ], 
                  [ 0, 0, 0, 0, 0, 0, 0, 0, 0, 0, 0, 0, 0, 0, 0, 0, 2, 0, 0 ], [ 0, 0, 0, 0, 0, 0, 0, 0, 0, 0, 0, 0, 0, 0, 0, 0, 0, 2, 0 ], 
                  [ 0, 0, 0, 0, 0, 0, 0, 0, 0, 0, 0, 0, 0, 0, 0, 0, 0, 0, -6 ] ] ],
          method := "Nikulin uniqueness",
          spinorPrimes := [  ] ),
      ampleflag := true,
      basisdual := [ [ 2, 0, 4 ], [ 0, 2, 4 ], [ 0, 0, 6 ] ],
      extdeg := 1,
      extgroupgens := [ [ 2, 0, 0 ], [ 0, 2, 0 ], [ 0, 0, 6 ] ],
      h := [ 1, 1, -1 ],
      rho := 3,
      sprats := rec(
          nopss := [ 0, 3 ],
          scons := [ [ [ 1, 0, -1 ], [ 1, 2, -1 ] ], [ [ 1, -1, 0 ], [ 1, 3, -2 ] ], [ [ 1, 2, -2 ], [ 1, 0, 0 ] ] ],
          slins := [  ] ) ), rec(
      Gram := [ [ 2, 0, 0, 0 ], [ 0, -4, 0, 0 ], [ 0, 0, -4, 0 ], [ 0, 0, 0, -4 ] ],
      Trec := rec(
          count := 1,
          grams := [ [ [ 0, 0, 0, 0, 0, 0, 0, 0, 0, 0, 0, 0, 0, 0, 0, 0, 0, 4 ], [ 0, -2, -1, -1, 1, 1, -1, -1, 1, 0, 0, 0, 0, 0, 0, 0, 0, 0 ], 
                  [ 0, -1, -2, 0, 1, 1, -1, 0, 1, 0, 0, 0, 0, 0, 0, 0, 0, 0 ], [ 0, -1, 0, -2, 1, 0, -1, 0, 1, 0, 0, 0, 0, 0, 0, 0, 0, 0 ], 
                  [ 0, 1, 1, 1, -2, -1, 1, 0, -1, 0, 0, 0, 0, 0, 0, 0, 0, 0 ], [ 0, 1, 1, 0, -1, -2, 1, 1, -1, 0, 0, 0, 0, 0, 0, 0, 0, 0 ], 
                  [ 0, -1, -1, -1, 1, 1, -2, 0, 1, 0, 0, 0, 0, 0, 0, 0, 0, 0 ], [ 0, -1, 0, 0, 0, 1, 0, -2, 0, 0, 0, 0, 0, 0, 0, 0, 0, 0 ], 
                  [ 0, 1, 1, 1, -1, -1, 1, 0, -2, 0, 0, 0, 0, 0, 0, 0, 0, 0 ], [ 0, 0, 0, 0, 0, 0, 0, 0, 0, -2, 1, -1, -1, 1, 1, 1, 0, 0 ], 
                  [ 0, 0, 0, 0, 0, 0, 0, 0, 0, 1, -2, 1, 1, 0, -1, 0, 0, 0 ], [ 0, 0, 0, 0, 0, 0, 0, 0, 0, -1, 1, -2, 0, 0, 1, 0, 0, 0 ], 
                  [ 0, 0, 0, 0, 0, 0, 0, 0, 0, -1, 1, 0, -2, 0, 1, 0, 0, 0 ], [ 0, 0, 0, 0, 0, 0, 0, 0, 0, 1, 0, 0, 0, -2, 0, -1, 0, 0 ], 
                  [ 0, 0, 0, 0, 0, 0, 0, 0, 0, 1, -1, 1, 1, 0, -2, 0, 0, 0 ], [ 0, 0, 0, 0, 0, 0, 0, 0, 0, 1, 0, 0, 0, -1, 0, -2, 0, 0 ], 
                  [ 0, 0, 0, 0, 0, 0, 0, 0, 0, 0, 0, 0, 0, 0, 0, 0, 2, 0 ], [ 4, 0, 0, 0, 0, 0, 0, 0, 0, 0, 0, 0, 0, 0, 0, 0, 0, 0 ] ] ],
          method := "Nikulin uniqueness",
          spinorPrimes := [  ] ),
      ampleflag := true,
      basisdual := [ [ 2, 2, 2, 2 ], [ 0, 4, 0, 0 ], [ 0, 0, 4, 0 ], [ 0, 0, 0, 4 ] ],
      extdeg := 1,
      extgroupgens := [ [ 2, 0, 0, 0 ], [ 0, 4, 0, 0 ], [ 0, 0, 4, 0 ], [ 0, 0, 0, 4 ] ],
      h := [ 1, 0, 0, 0 ],
      rho := 4,
      sprats := rec(
          nopss := [ 0, 3 ],
          scons := [ [ [ 1, 0, 0, -1 ], [ 1, 0, 0, 1 ] ], [ [ 1, 0, -1, 0 ], [ 1, 0, 1, 0 ] ], [ [ 1, -1, 0, 0 ], [ 1, 1, 0, 0 ] ] ],
          slins := [  ] ) ), rec(
      Gram := [ [ -14, 0, -7, -30 ], [ 0, -4, 0, 0 ], [ -7, 0, -4, -15 ], [ -30, 0, -15, -60 ] ],
      Trec := rec(
          count := 1,
          grams := [ [ [ 0, 0, 0, 0, 0, 0, 0, 0, 0, 0, 0, 0, 0, 0, 0, 0, 0, 1 ], [ 0, -2, -1, -1, -1, 1, 1, -1, 1, 0, 0, 0, 0, 0, 0, 0, 0, 0 ], 
                  [ 0, -1, -2, 0, 0, 1, 1, -1, 1, 0, 0, 0, 0, 0, 0, 0, 0, 0 ], [ 0, -1, 0, -2, 0, 0, 1, -1, 1, 0, 0, 0, 0, 0, 0, 0, 0, 0 ], 
                  [ 0, -1, 0, 0, -2, 0, 0, 0, 0, 0, 0, 0, 0, 0, 0, 0, 0, 0 ], [ 0, 1, 1, 0, 0, -2, 0, 1, -1, 0, 0, 0, 0, 0, 0, 0, 0, 0 ], 
                  [ 0, 1, 1, 1, 0, 0, -2, 1, -1, 0, 0, 0, 0, 0, 0, 0, 0, 0 ], [ 0, -1, -1, -1, 0, 1, 1, -2, 1, 0, 0, 0, 0, 0, 0, 0, 0, 0 ], 
                  [ 0, 1, 1, 1, 0, -1, -1, 1, -2, 0, 0, 0, 0, 0, 0, 0, 0, 0 ], [ 0, 0, 0, 0, 0, 0, 0, 0, 0, -2, -1, 1, -1, -1, 0, 1, 0, 0 ], 
                  [ 0, 0, 0, 0, 0, 0, 0, 0, 0, -1, -2, 0, -1, 0, 0, 1, 0, 0 ], [ 0, 0, 0, 0, 0, 0, 0, 0, 0, 1, 0, -2, 0, 1, 0, -1, 0, 0 ], 
                  [ 0, 0, 0, 0, 0, 0, 0, 0, 0, -1, -1, 0, -2, 0, 0, 1, 0, 0 ], [ 0, 0, 0, 0, 0, 0, 0, 0, 0, -1, 0, 1, 0, -2, 0, 1, 0, 0 ], 
                  [ 0, 0, 0, 0, 0, 0, 0, 0, 0, 0, 0, 0, 0, 0, 2, 0, 0, 0 ], [ 0, 0, 0, 0, 0, 0, 0, 0, 0, 1, 1, -1, 1, 1, 0, -4, 0, 0 ], 
                  [ 0, 0, 0, 0, 0, 0, 0, 0, 0, 0, 0, 0, 0, 0, 0, 0, -4, 0 ], [ 1, 0, 0, 0, 0, 0, 0, 0, 0, 0, 0, 0, 0, 0, 0, 0, 0, 0 ] ] ],
          method := "Nikulin uniqueness",
          spinorPrimes := [  ] ),
      ampleflag := true,
      basisdual := [ [ 2, 2, 0, 9 ], [ 0, 4, 0, 0 ], [ 0, 0, 1, 4 ], [ 0, 0, 0, 15 ] ],
      extdeg := 1,
      extgroupgens := [ [ 2, 0 ], [ 0, 60 ] ],
      h := [ 1, 0, 2, -1 ],
      rho := 4,
      sprats := rec(
          nopss := [ 0, 3 ],
          scons := [ [ [ 1, -1, 2, -1 ], [ 1, 1, 2, -1 ] ], [ [ 1, 0, 1, -1 ], [ 1, 0, 3, -1 ] ], [ [ 1, 0, 6, -2 ], [ 1, 0, -2, 0 ] ] ],
          slins := [  ] ) ), rec(
      Gram := [ [ -2, 0, -2, -6 ], [ 0, -4, 0, 0 ], [ -2, 0, -4, -6 ], [ -6, 0, -6, -12 ] ],
      Trec := rec(
          count := 1,
          grams := [ [ [ 0, 0, 0, 0, 0, 0, 0, 0, 0, 0, 0, 0, 0, 0, 0, 0, 0, 1 ], [ 0, -2, 1, 1, 1, 1, -1, 1, 1, 0, 0, 0, 0, 0, 0, 0, 0, 0 ], 
                  [ 0, 1, -2, -1, 0, -1, 0, -1, -1, 0, 0, 0, 0, 0, 0, 0, 0, 0 ], [ 0, 1, -1, -2, -1, -1, 1, 0, -1, 0, 0, 0, 0, 0, 0, 0, 0, 0 ], 
                  [ 0, 1, 0, -1, -2, -1, 1, 0, 0, 0, 0, 0, 0, 0, 0, 0, 0, 0 ], [ 0, 1, -1, -1, -1, -2, 0, -1, -1, 0, 0, 0, 0, 0, 0, 0, 0, 0 ], 
                  [ 0, -1, 0, 1, 1, 0, -2, 0, 0, 0, 0, 0, 0, 0, 0, 0, 0, 0 ], [ 0, 1, -1, 0, 0, -1, 0, -2, -1, 0, 0, 0, 0, 0, 0, 0, 0, 0 ], 
                  [ 0, 1, -1, -1, 0, -1, 0, -1, -2, 0, 0, 0, 0, 0, 0, 0, 0, 0 ], [ 0, 0, 0, 0, 0, 0, 0, 0, 0, -2, -1, 1, 0, 0, 0, 1, 0, 0 ], 
                  [ 0, 0, 0, 0, 0, 0, 0, 0, 0, -1, -2, 0, 0, 0, 0, 0, 0, 0 ], [ 0, 0, 0, 0, 0, 0, 0, 0, 0, 1, 0, -2, 0, 0, 0, 0, 0, 0 ], 
                  [ 0, 0, 0, 0, 0, 0, 0, 0, 0, 0, 0, 0, 2, 0, 0, 0, 0, 0 ], [ 0, 0, 0, 0, 0, 0, 0, 0, 0, 0, 0, 0, 0, -2, 0, 1, 0, 0 ], 
                  [ 0, 0, 0, 0, 0, 0, 0, 0, 0, 0, 0, 0, 0, 0, -2, 1, 0, 0 ], [ 0, 0, 0, 0, 0, 0, 0, 0, 0, 1, 0, 0, 0, 1, 1, -4, 1, 0 ], 
                  [ 0, 0, 0, 0, 0, 0, 0, 0, 0, 0, 0, 0, 0, 0, 0, 1, -2, 0 ], [ 1, 0, 0, 0, 0, 0, 0, 0, 0, 0, 0, 0, 0, 0, 0, 0, 0, 0 ] ] ],
          method := "Nikulin uniqueness",
          spinorPrimes := [  ] ),
      ampleflag := true,
      basisdual := [ [ 2, 2, 0, 4 ], [ 0, 4, 0, 0 ], [ 0, 0, 2, 4 ], [ 0, 0, 0, 6 ] ],
      extdeg := 1,
      extgroupgens := [ [ 2, 0, 0, 0 ], [ 0, 2, 0, 0 ], [ 0, 0, 2, 0 ], [ 0, 0, 0, 12 ] ],
      h := [ 1, 0, 1, -1 ],
      rho := 4,
      sprats := rec(
          nopss := [ 0, 4 ],
          scons := [ [ [ 1, -1, 1, -1 ], [ 1, 1, 1, -1 ] ], [ [ 1, 0, 0, -1 ], [ 1, 0, 2, -1 ] ], [ [ 1, 0, -1, 0 ], [ 1, 0, 3, -2 ] ], [ [ 1, 0, 2, -2 ], [ 1, 0, 0, 0 ] ] ],
          slins := [  ] ) ), rec(
      Gram := [ [ -14, -6, 2, -28 ], [ -6, -4, -1, -14 ], [ 2, -1, -4, 0 ], [ -28, -14, 0, -56 ] ],
      Trec := rec(
          count := 1,
          grams := [ [ [ 0, 0, 0, 0, 0, 0, 0, 0, 0, 0, 0, 0, 0, 0, 0, 0, 0, 1 ], [ 0, -2, -1, -1, -1, 1, 1, -1, 1, 0, 0, 0, 0, 0, 0, 0, 0, 0 ], 
                  [ 0, -1, -2, 0, 0, 1, 1, -1, 1, 0, 0, 0, 0, 0, 0, 0, 0, 0 ], [ 0, -1, 0, -2, 0, 0, 1, -1, 1, 0, 0, 0, 0, 0, 0, 0, 0, 0 ], 
                  [ 0, -1, 0, 0, -2, 0, 0, 0, 0, 0, 0, 0, 0, 0, 0, 0, 0, 0 ], [ 0, 1, 1, 0, 0, -2, 0, 1, -1, 0, 0, 0, 0, 0, 0, 0, 0, 0 ], 
                  [ 0, 1, 1, 1, 0, 0, -2, 1, -1, 0, 0, 0, 0, 0, 0, 0, 0, 0 ], [ 0, -1, -1, -1, 0, 1, 1, -2, 1, 0, 0, 0, 0, 0, 0, 0, 0, 0 ], 
                  [ 0, 1, 1, 1, 0, -1, -1, 1, -2, 0, 0, 0, 0, 0, 0, 0, 0, 0 ], [ 0, 0, 0, 0, 0, 0, 0, 0, 0, -2, -1, 1, -1, 1, -1, 0, 0, 0 ], 
                  [ 0, 0, 0, 0, 0, 0, 0, 0, 0, -1, -2, 1, 0, 1, 0, 0, 0, 0 ], [ 0, 0, 0, 0, 0, 0, 0, 0, 0, 1, 1, -2, 0, -1, 0, 0, 0, 0 ], 
                  [ 0, 0, 0, 0, 0, 0, 0, 0, 0, -1, 0, 0, -2, 0, -1, 0, 0, 0 ], [ 0, 0, 0, 0, 0, 0, 0, 0, 0, 1, 1, -1, 0, -2, 0, 0, 0, 0 ], 
                  [ 0, 0, 0, 0, 0, 0, 0, 0, 0, -1, 0, 0, -1, 0, -2, 0, 0, 0 ], [ 0, 0, 0, 0, 0, 0, 0, 0, 0, 0, 0, 0, 0, 0, 0, -2, 0, 0 ], 
                  [ 0, 0, 0, 0, 0, 0, 0, 0, 0, 0, 0, 0, 0, 0, 0, 0, 8, 0 ], [ 1, 0, 0, 0, 0, 0, 0, 0, 0, 0, 0, 0, 0, 0, 0, 0, 0, 0 ] ] ],
          method := "Nikulin uniqueness",
          spinorPrimes := [  ] ),
      ampleflag := true,
      basisdual := [ [ 2, 0, 0, 8 ], [ 0, 1, 1, 4 ], [ 0, 0, 4, 1 ], [ 0, 0, 0, 14 ] ],
      extdeg := 1,
      extgroupgens := [ [ 2, 0 ], [ 0, 56 ] ],
      h := [ 1, 2, 0, -1 ],
      rho := 4,
      sprats := rec(
          nopss := [ 0, 3 ],
          scons := [ [ [ 1, 2, -1, -1 ], [ 1, 2, 1, -1 ] ], [ [ 1, 6, -1, -2 ], [ 1, -2, 1, 0 ] ], [ [ 1, 1, 0, -1 ], [ 1, 3, 0, -1 ] ] ],
          slins := [  ] ) ), rec(
      Gram := [ [ -10, -5, 0, -22 ], [ -5, -4, -2, -11 ], [ 0, -2, -4, 0 ], [ -22, -11, 0, -44 ] ],
      Trec := rec(
          count := 1,
          grams := [ [ [ -2, 1, 1, 1, -1, 1, -1, 1, 0, 0, 0, 0, 0, 0, 0, 0, 0, 0 ], [ 1, -2, -1, 0, 0, 0, 1, -1, 0, 0, 0, 0, 0, 0, 0, 0, 0, 0 ], 
                  [ 1, -1, -2, -1, 0, -1, 0, -1, 0, 0, 0, 0, 0, 0, 0, 0, 0, 0 ], [ 1, 0, -1, -2, 1, -1, 0, -1, 0, 0, 0, 0, 0, 0, 0, 0, 0, 0 ], 
                  [ -1, 0, 0, 1, -2, 1, 0, 1, 0, 0, 0, 0, 0, 0, 0, 0, 0, 0 ], [ 1, 0, -1, -1, 1, -2, 0, -1, 0, 0, 0, 0, 0, 0, 0, 0, 0, 0 ], 
                  [ -1, 1, 0, 0, 0, 0, -2, 0, 0, 0, 0, 0, 0, 0, 0, 0, 0, 0 ], [ 1, -1, -1, -1, 1, -1, 0, -2, 0, 0, 0, 0, 0, 0, 0, 0, 0, 0 ], 
                  [ 0, 0, 0, 0, 0, 0, 0, 0, -2, 1, -1, 1, -1, 1, -1, 0, 1, -1 ], [ 0, 0, 0, 0, 0, 0, 0, 0, 1, -2, 0, 0, 1, 0, 0, 0, -2, -1 ], 
                  [ 0, 0, 0, 0, 0, 0, 0, 0, -1, 0, -2, 0, 0, 1, -1, 0, 0, -1 ], [ 0, 0, 0, 0, 0, 0, 0, 0, 1, 0, 0, -2, 0, -1, 1, 0, 1, 2 ], 
                  [ 0, 0, 0, 0, 0, 0, 0, 0, -1, 1, 0, 0, -2, 0, 0, 0, 1, 0 ], [ 0, 0, 0, 0, 0, 0, 0, 0, 1, 0, 1, -1, 0, -2, 1, 0, 0, 1 ], 
                  [ 0, 0, 0, 0, 0, 0, 0, 0, -1, 0, -1, 1, 0, 1, -2, 0, 0, -1 ], [ 0, 0, 0, 0, 0, 0, 0, 0, 0, 0, 0, 0, 0, 0, 0, 2, 0, 0 ], 
                  [ 0, 0, 0, 0, 0, 0, 0, 0, 1, -2, 0, 1, 1, 0, 0, 0, -2, 1 ], [ 0, 0, 0, 0, 0, 0, 0, 0, -1, -1, -1, 2, 0, 1, -1, 0, 1, -2 ] ] ],
          method := "Nikulin uniqueness",
          spinorPrimes := [  ] ),
      ampleflag := true,
      basisdual := [ [ 2, 0, 2, 7 ], [ 0, 1, 2, 4 ], [ 0, 0, 4, 2 ], [ 0, 0, 0, 11 ] ],
      extdeg := 1,
      extgroupgens := [ [ 2, 0 ], [ 0, 44 ] ],
      h := [ 1, 2, -1, -1 ],
      rho := 4,
      sprats := rec(
          nopss := [ 0, 4 ],
          scons := [ [ [ 1, 6, -3, -2 ], [ 1, -2, 1, 0 ] ], [ [ 1, 2, -2, -1 ], [ 1, 2, 0, -1 ] ], [ [ 1, 1, -1, -1 ], [ 1, 3, -1, -1 ] ], 
              [ [ 1, 3, -2, -1 ], [ 1, 1, 0, -1 ] ] ],
          slins := [  ] ) ), rec(
      Gram := [ [ -2, 4, 2, -4 ], [ 4, -4, -2, 4 ], [ 2, -2, -4, 0 ], [ -4, 4, 0, -8 ] ],
      Trec := rec(
          count := 1,
          grams := [ [ [ 0, 0, 0, 0, 0, 0, 0, 0, 0, 0, 0, 0, 0, 0, 0, 0, 0, 1 ], [ 0, 0, 0, 0, 0, 0, 0, 0, 0, 0, 0, 0, 0, 0, 0, 0, 4, 0 ], 
                  [ 0, 0, -2, -1, -1, 1, 1, -1, 1, 1, 0, 0, 0, 0, 0, 0, 0, 0 ], [ 0, 0, -1, -2, 0, 1, 0, -1, 0, 1, 0, 0, 0, 0, 0, 0, 0, 0 ], 
                  [ 0, 0, -1, 0, -2, 1, 1, -1, 0, 1, 0, 0, 0, 0, 0, 0, 0, 0 ], [ 0, 0, 1, 1, 1, -2, -1, 1, 0, -1, 0, 0, 0, 0, 0, 0, 0, 0 ], 
                  [ 0, 0, 1, 0, 1, -1, -2, 0, -1, 0, 0, 0, 0, 0, 0, 0, 0, 0 ], [ 0, 0, -1, -1, -1, 1, 0, -2, 0, 1, 0, 0, 0, 0, 0, 0, 0, 0 ], 
                  [ 0, 0, 1, 0, 0, 0, -1, 0, -2, 0, 0, 0, 0, 0, 0, 0, 0, 0 ], [ 0, 0, 1, 1, 1, -1, 0, 1, 0, -2, 0, 0, 0, 0, 0, 0, 0, 0 ], 
                  [ 0, 0, 0, 0, 0, 0, 0, 0, 0, 0, -2, 1, -1, 1, 1, 1, 0, 0 ], [ 0, 0, 0, 0, 0, 0, 0, 0, 0, 0, 1, -2, 1, -1, 0, 0, 0, 0 ], 
                  [ 0, 0, 0, 0, 0, 0, 0, 0, 0, 0, -1, 1, -2, 0, 0, 0, 0, 0 ], [ 0, 0, 0, 0, 0, 0, 0, 0, 0, 0, 1, -1, 0, -2, 0, 0, 0, 0 ], 
                  [ 0, 0, 0, 0, 0, 0, 0, 0, 0, 0, 1, 0, 0, 0, -2, -1, 0, 0 ], [ 0, 0, 0, 0, 0, 0, 0, 0, 0, 0, 1, 0, 0, 0, -1, -2, 0, 0 ], 
                  [ 0, 4, 0, 0, 0, 0, 0, 0, 0, 0, 0, 0, 0, 0, 0, 0, 2, 0 ], [ 1, 0, 0, 0, 0, 0, 0, 0, 0, 0, 0, 0, 0, 0, 0, 0, 0, 0 ] ] ],
          method := "Nikulin uniqueness",
          spinorPrimes := [  ] ),
      ampleflag := true,
      basisdual := [ [ 2, 0, 0, 2 ], [ 0, 2, 2, 0 ], [ 0, 0, 4, 2 ], [ 0, 0, 0, 4 ] ],
      extdeg := 1,
      extgroupgens := [ [ 2, 0, 0, 0 ], [ 0, 2, 0, 0 ], [ 0, 0, 2, 0 ], [ 0, 0, 0, 8 ] ],
      h := [ 1, 1, 0, 0 ],
      rho := 4,
      sprats := rec(
          nopss := [ 0, 6 ],
          scons := [ [ [ 1, 1, -1, 0 ], [ 1, 1, 1, 0 ] ], [ [ 1, 0, 0, 0 ], [ 1, 2, 0, 0 ] ], [ [ 1, 2, -1, 1 ], [ 1, 0, 1, -1 ] ], [ [ 1, 0, 0, -1 ], [ 1, 2, 0, 1 ] ], 
              [ [ 1, -1, 1, -1 ], [ 1, 3, -1, 1 ] ], [ [ 1, 2, -1, 0 ], [ 1, 0, 1, 0 ] ] ],
          slins := [  ] ) ), rec(
      Gram := [ [ -32, -10, -42, -54 ], [ -10, -4, -15, -18 ], [ -42, -15, -60, -72 ], [ -54, -18, -72, -90 ] ],
      Trec := rec(
          count := 1,
          grams := [ [ [ 0, 0, 0, 0, 0, 0, 0, 0, 0, 0, 0, 0, 0, 0, 0, 0, 0, 1 ], [ 0, 0, 0, 0, 0, 0, 0, 0, 0, 0, 0, 0, 0, 0, 0, 0, 1, 0 ], 
                  [ 0, 0, -2, -1, -1, 1, 1, 1, -1, 0, 0, 0, 0, 0, 0, 1, 0, 0 ], [ 0, 0, -1, -2, 0, 1, 1, 1, 0, 0, 0, 0, 0, 0, 0, 1, 0, 0 ], 
                  [ 0, 0, -1, 0, -2, 1, 0, 0, -1, 0, 0, 0, 0, 0, 0, 0, 0, 0 ], [ 0, 0, 1, 1, 1, -2, -1, 0, 1, 0, 0, 0, 0, 0, 0, 0, 0, 0 ], 
                  [ 0, 0, 1, 1, 0, -1, -2, -1, 1, 0, 0, 0, 0, 0, 0, 0, 0, 0 ], [ 0, 0, 1, 1, 0, 0, -1, -2, 0, 0, 0, 0, 0, 0, 0, -1, 0, 0 ], 
                  [ 0, 0, -1, 0, -1, 1, 1, 0, -2, 0, 0, 0, 0, 0, 0, 0, 0, 0 ], [ 0, 0, 0, 0, 0, 0, 0, 0, 0, -2, -1, -1, -1, -1, 0, 0, 0, 0 ], 
                  [ 0, 0, 0, 0, 0, 0, 0, 0, 0, -1, -2, -1, 0, 0, 0, 0, 0, 0 ], [ 0, 0, 0, 0, 0, 0, 0, 0, 0, -1, -1, -2, 0, 0, 0, 0, 0, 0 ], 
                  [ 0, 0, 0, 0, 0, 0, 0, 0, 0, -1, 0, 0, -2, -1, 0, 0, 0, 0 ], [ 0, 0, 0, 0, 0, 0, 0, 0, 0, -1, 0, 0, -1, -2, 0, 0, 0, 0 ], 
                  [ 0, 0, 0, 0, 0, 0, 0, 0, 0, 0, 0, 0, 0, 0, -2, 0, 0, 0 ], [ 0, 0, 1, 1, 0, 0, 0, -1, 0, 0, 0, 0, 0, 0, 0, -6, 0, 0 ], 
                  [ 0, 1, 0, 0, 0, 0, 0, 0, 0, 0, 0, 0, 0, 0, 0, 0, 0, 0 ], [ 1, 0, 0, 0, 0, 0, 0, 0, 0, 0, 0, 0, 0, 0, 0, 0, 0, 0 ] ] ],
          method := "Nikulin uniqueness",
          spinorPrimes := [  ] ),
      ampleflag := true,
      basisdual := [ [ 2, 0, 0, 12 ], [ 0, 1, 1, 4 ], [ 0, 0, 3, 15 ], [ 0, 0, 0, 18 ] ],
      extdeg := 1,
      extgroupgens := [ [ 6, 0 ], [ 0, 18 ] ],
      h := [ 1, 2, 0, -1 ],
      rho := 4,
      sprats := rec(
          nopss := [ 0, 3 ],
          scons := [ [ [ 1, 1, 0, -1 ], [ 1, 3, 0, -1 ] ], [ [ 1, 6, -1, -1 ], [ 1, -2, 1, -1 ] ], [ [ 1, 3, 1, -2 ], [ 1, 1, -1, 0 ] ] ],
          slins := [  ] ) ), rec(
      Gram := [ [ -8, -5, -21, -27 ], [ -5, -4, -15, -18 ], [ -21, -15, -60, -72 ], [ -27, -18, -72, -90 ] ],
      Trec := rec(
          count := 1,
          grams := [ [ [ 0, 0, 0, 0, 0, 0, 0, 0, 0, 0, 0, 0, 0, 0, 0, 0, 0, 1 ], [ 0, 0, 0, 0, 0, 0, 0, 0, 0, 0, 0, 0, 0, 0, 0, 0, 1, 0 ], 
                  [ 0, 0, -2, -1, -1, 1, 1, 1, -1, 0, 0, 0, 0, 0, 0, 1, 0, 0 ], [ 0, 0, -1, -2, 0, 1, 1, 1, 0, 0, 0, 0, 0, 0, 0, 1, 0, 0 ], 
                  [ 0, 0, -1, 0, -2, 1, 0, 0, -1, 0, 0, 0, 0, 0, 0, 0, 0, 0 ], [ 0, 0, 1, 1, 1, -2, -1, 0, 1, 0, 0, 0, 0, 0, 0, 0, 0, 0 ], 
                  [ 0, 0, 1, 1, 0, -1, -2, -1, 1, 0, 0, 0, 0, 0, 0, 0, 0, 0 ], [ 0, 0, 1, 1, 0, 0, -1, -2, 0, 0, 0, 0, 0, 0, 0, -1, 0, 0 ], 
                  [ 0, 0, -1, 0, -1, 1, 1, 0, -2, 0, 0, 0, 0, 0, 0, 0, 0, 0 ], [ 0, 0, 0, 0, 0, 0, 0, 0, 0, -2, 1, 1, -1, -1, -1, 0, 0, 0 ], 
                  [ 0, 0, 0, 0, 0, 0, 0, 0, 0, 1, -2, 0, 1, 1, 0, 0, 0, 0 ], [ 0, 0, 0, 0, 0, 0, 0, 0, 0, 1, 0, -2, 1, 0, 0, 0, 0, 0 ], 
                  [ 0, 0, 0, 0, 0, 0, 0, 0, 0, -1, 1, 1, -2, -1, 0, 0, 0, 0 ], [ 0, 0, 0, 0, 0, 0, 0, 0, 0, -1, 1, 0, -1, -2, -1, 0, 0, 0 ], 
                  [ 0, 0, 0, 0, 0, 0, 0, 0, 0, -1, 0, 0, 0, -1, -2, 0, 0, 0 ], [ 0, 0, 1, 1, 0, 0, 0, -1, 0, 0, 0, 0, 0, 0, 0, -6, 0, 0 ], 
                  [ 0, 1, 0, 0, 0, 0, 0, 0, 0, 0, 0, 0, 0, 0, 0, 0, 0, 0 ], [ 1, 0, 0, 0, 0, 0, 0, 0, 0, 0, 0, 0, 0, 0, 0, 0, 0, 0 ] ] ],
          method := "Nikulin uniqueness",
          spinorPrimes := [  ] ),
      ampleflag := true,
      basisdual := [ [ 1, 0, 0, 6 ], [ 0, 1, 1, 4 ], [ 0, 0, 3, 15 ], [ 0, 0, 0, 18 ] ],
      extdeg := 2,
      extgroupgens := [ [ 3, 0 ], [ 0, 18 ] ],
      h := [ 2, 2, 0, -1 ],
      rho := 4,
      sprats := rec(
          nopss := [ 3, 0 ],
          scons := [  ],
          slins := [ [ [ 1, 3, 0, -1 ], [ 1, -1, 0, 0 ] ], [ [ 1, 2, -1, 0 ], [ 1, 0, 1, -1 ] ], [ [ 1, -1, 1, -1 ], [ 1, 3, -1, 0 ] ] ] ) ), rec(
      Gram := [ [ -4, -12, -10, -10 ], [ -12, -34, -25, -30 ], [ -10, -25, -20, -20 ], [ -10, -30, -20, -30 ] ],
      Trec := rec(
          count := 1,
          grams := [ [ [ -2, 1, 1, 1, -1, 1, -1, 1, 0, 0, 0, 0, 0, 0, 0, 0, 0, 0 ], [ 1, -2, -1, 0, 0, 0, 1, -1, 0, 0, 0, 0, 0, 0, 0, 0, 0, 0 ], 
                  [ 1, -1, -2, -1, 0, -1, 0, -1, 0, 0, 0, 0, 0, 0, 0, 0, 0, 0 ], [ 1, 0, -1, -2, 1, -1, 0, -1, 0, 0, 0, 0, 0, 0, 0, 0, 0, 0 ], 
                  [ -1, 0, 0, 1, -2, 1, 0, 1, 0, 0, 0, 0, 0, 0, 0, 0, 0, 0 ], [ 1, 0, -1, -1, 1, -2, 0, -1, 0, 0, 0, 0, 0, 0, 0, 0, 0, 0 ], 
                  [ -1, 1, 0, 0, 0, 0, -2, 0, 0, 0, 0, 0, 0, 0, 0, 0, 0, 0 ], [ 1, -1, -1, -1, 1, -1, 0, -2, 0, 0, 0, 0, 0, 0, 0, 0, 0, 0 ], 
                  [ 0, 0, 0, 0, 0, 0, 0, 0, 2, 0, 0, 0, 0, -1, 1, 1, 0, 0 ], [ 0, 0, 0, 0, 0, 0, 0, 0, 0, -2, -1, -1, 1, 1, -1, 1, 0, 0 ], 
                  [ 0, 0, 0, 0, 0, 0, 0, 0, 0, -1, -2, 0, 1, 1, 0, 1, 0, 0 ], [ 0, 0, 0, 0, 0, 0, 0, 0, 0, -1, 0, -2, 1, 0, -1, 0, 0, 0 ], 
                  [ 0, 0, 0, 0, 0, 0, 0, 0, 0, 1, 1, 1, -2, -1, 0, -1, 0, 0 ], [ 0, 0, 0, 0, 0, 0, 0, 0, -1, 1, 1, 0, -1, -2, -1, -1, 0, 0 ], 
                  [ 0, 0, 0, 0, 0, 0, 0, 0, 1, -1, 0, -1, 0, -1, -2, 1, 0, 0 ], [ 0, 0, 0, 0, 0, 0, 0, 0, 1, 1, 1, 0, -1, -1, 1, -2, 0, 0 ], 
                  [ 0, 0, 0, 0, 0, 0, 0, 0, 0, 0, 0, 0, 0, 0, 0, 0, -2, 1 ], [ 0, 0, 0, 0, 0, 0, 0, 0, 0, 0, 0, 0, 0, 0, 0, 0, 1, 2 ] ] ],
          method := "Nikulin uniqueness",
          spinorPrimes := [  ] ),
      ampleflag := true,
      basisdual := [ [ 2, 0, 4, 4 ], [ 0, 1, 4, 9 ], [ 0, 0, 5, 5 ], [ 0, 0, 0, 10 ] ],
      extdeg := 1,
      extgroupgens := [ [ 10, 0 ], [ 0, 10 ] ],
      h := [ 1, 2, -2, -1 ],
      rho := 4,
      sprats := rec(
          nopss := [ 0, 3 ],
          scons := [ [ [ 1, 6, -5, -3 ], [ 1, -2, 1, 1 ] ], [ [ 1, 1, -1, -1 ], [ 1, 3, -3, -1 ] ], [ [ 1, 3, -2, -2 ], [ 1, 1, -2, 0 ] ] ],
          slins := [  ] ) ), rec(
      Gram := [ [ -2, 8, 6, 12 ], [ 8, -22, -15, -36 ], [ 6, -15, -12, -24 ], [ 12, -36, -24, -60 ] ],
      Trec := rec(
          count := 1,
          grams := [ [ [ 0, 0, 0, 0, 0, 0, 0, 0, 0, 0, 0, 0, 0, 0, 0, 0, 0, 1 ], [ 0, -2, -1, -1, -1, 1, -1, -1, 1, 0, 0, 0, 0, 0, 0, 0, 0, 0 ], 
                  [ 0, -1, -2, 0, 0, 1, -1, -1, 1, 0, 0, 0, 0, 0, 0, 0, 0, 0 ], [ 0, -1, 0, -2, 0, 0, -1, -1, 1, 0, 0, 0, 0, 0, 0, 0, 0, 0 ], 
                  [ 0, -1, 0, 0, -2, 0, 0, 0, 0, 0, 0, 0, 0, 0, 0, 0, 0, 0 ], [ 0, 1, 1, 0, 0, -2, 1, 1, -1, 0, 0, 0, 0, 0, 0, 0, 0, 0 ], 
                  [ 0, -1, -1, -1, 0, 1, -2, -1, 1, 0, 0, 0, 0, 0, 0, 0, 0, 0 ], [ 0, -1, -1, -1, 0, 1, -1, -2, 1, 0, 0, 0, 0, 0, 0, 0, 0, 0 ], 
                  [ 0, 1, 1, 1, 0, -1, 1, 1, -2, 0, 0, 0, 0, 0, 0, 0, 0, 0 ], [ 0, 0, 0, 0, 0, 0, 0, 0, 0, -2, 1, -1, 1, 1, 1, 1, 0, 0 ], 
                  [ 0, 0, 0, 0, 0, 0, 0, 0, 0, 1, -2, 1, -1, 0, 0, -1, 0, 0 ], [ 0, 0, 0, 0, 0, 0, 0, 0, 0, -1, 1, -2, 0, 0, 0, 1, 0, 0 ], 
                  [ 0, 0, 0, 0, 0, 0, 0, 0, 0, 1, -1, 0, -2, 0, 0, -1, 0, 0 ], [ 0, 0, 0, 0, 0, 0, 0, 0, 0, 1, 0, 0, 0, -2, -1, 0, 0, 0 ], 
                  [ 0, 0, 0, 0, 0, 0, 0, 0, 0, 1, 0, 0, 0, -1, -2, 0, 0, 0 ], [ 0, 0, 0, 0, 0, 0, 0, 0, 0, 1, -1, 1, -1, 0, 0, -4, 0, 0 ], 
                  [ 0, 0, 0, 0, 0, 0, 0, 0, 0, 0, 0, 0, 0, 0, 0, 0, 6, 0 ], [ 1, 0, 0, 0, 0, 0, 0, 0, 0, 0, 0, 0, 0, 0, 0, 0, 0, 0 ] ] ],
          method := "Nikulin uniqueness",
          spinorPrimes := [  ] ),
      ampleflag := true,
      basisdual := [ [ 2, 0, 0, 0 ], [ 0, 1, 1, 7 ], [ 0, 0, 3, 3 ], [ 0, 0, 0, 12 ] ],
      extdeg := 1,
      extgroupgens := [ [ 6, 0 ], [ 0, 12 ] ],
      h := [ 1, 2, 0, -1 ],
      rho := 4,
      sprats := rec(
          nopss := [ 0, 5 ],
          scons := [ [ [ 1, 1, -1, 0 ], [ 1, 3, 1, -2 ] ], [ [ 1, 3, -1, -1 ], [ 1, 1, 1, -1 ] ], [ [ 1, -2, 1, 1 ], [ 1, 6, -1, -3 ] ], [ [ 1, 0, 1, 0 ], [ 1, 4, -1, -2 ] ],
              [ [ 1, 0, 0, 0 ], [ 1, 4, 0, -2 ] ] ],
          slins := [  ] ) ), rec(
      Gram := [ [ 2, 0, 0, 0, 0 ], [ 0, -4, 0, 0, 0 ], [ 0, 0, -4, 0, 0 ], [ 0, 0, 0, -4, 0 ], [ 0, 0, 0, 0, -4 ] ],
      Trec := rec(
          count := 1,
          grams := [ [ [ 0, 0, 0, 0, 0, 0, 0, 0, 0, 0, 0, 0, 0, 0, 0, 0, 1 ], [ 0, 0, 0, 0, 0, 0, 0, 0, 0, 0, 0, 0, 0, 0, 0, 1, 0 ], 
                  [ 0, 0, -2, 1, -1, -1, 1, 1, -1, -1, 0, 0, 0, 0, 0, 0, 0 ], [ 0, 0, 1, -2, 0, 1, -1, -1, 0, 1, 0, 0, 0, 0, 0, 0, 0 ], 
                  [ 0, 0, -1, 0, -2, -1, 0, 1, 0, -1, 0, 0, 0, 0, 0, 0, 0 ], [ 0, 0, -1, 1, -1, -2, 1, 1, 0, -1, 0, 0, 0, 0, 0, 0, 0 ], 
                  [ 0, 0, 1, -1, 0, 1, -2, -1, 0, 1, 0, 0, 0, 0, 0, 0, 0 ], [ 0, 0, 1, -1, 1, 1, -1, -2, 0, 1, 0, 0, 0, 0, 0, 0, 0 ], 
                  [ 0, 0, -1, 0, 0, 0, 0, 0, -2, 0, 0, 0, 0, 0, 0, 0, 0 ], [ 0, 0, -1, 1, -1, -1, 1, 1, 0, -2, 0, 0, 0, 0, 0, 0, 0 ], 
                  [ 0, 0, 0, 0, 0, 0, 0, 0, 0, 0, -2, 0, 0, 0, 0, 0, 0 ], [ 0, 0, 0, 0, 0, 0, 0, 0, 0, 0, 0, -4, 0, 0, 0, 0, 0 ], 
                  [ 0, 0, 0, 0, 0, 0, 0, 0, 0, 0, 0, 0, -4, 0, 0, 0, 0 ], [ 0, 0, 0, 0, 0, 0, 0, 0, 0, 0, 0, 0, 0, -4, 0, 0, 0 ], 
                  [ 0, 0, 0, 0, 0, 0, 0, 0, 0, 0, 0, 0, 0, 0, -4, 0, 0 ], [ 0, 1, 0, 0, 0, 0, 0, 0, 0, 0, 0, 0, 0, 0, 0, 0, 0 ], 
                  [ 1, 0, 0, 0, 0, 0, 0, 0, 0, 0, 0, 0, 0, 0, 0, 0, 0 ] ] ],
          method := "Nikulin uniqueness",
          spinorPrimes := [  ] ),
      ampleflag := true,
      basisdual := [ [ 2, 2, 2, 2, 2 ], [ 0, 4, 0, 0, 0 ], [ 0, 0, 4, 0, 0 ], [ 0, 0, 0, 4, 0 ], [ 0, 0, 0, 0, 4 ] ],
      extdeg := 1,
      extgroupgens := [ [ 2, 0, 0, 0, 0 ], [ 0, 4, 0, 0, 0 ], [ 0, 0, 4, 0, 0 ], [ 0, 0, 0, 4, 0 ], [ 0, 0, 0, 0, 4 ] ],
      h := [ 1, 0, 0, 0, 0 ],
      rho := 5,
      sprats := rec(
          nopss := [ 0, 4 ],
          scons := [ [ [ 1, 0, 0, 0, -1 ], [ 1, 0, 0, 0, 1 ] ], [ [ 1, 0, 0, -1, 0 ], [ 1, 0, 0, 1, 0 ] ], [ [ 1, 0, -1, 0, 0 ], [ 1, 0, 1, 0, 0 ] ], 
              [ [ 1, -1, 0, 0, 0 ], [ 1, 1, 0, 0, 0 ] ] ],
          slins := [  ] ) ), rec(
      Gram := [ [ -2, 4, 2, 2, 2 ], [ 4, -4, -2, -2, -2 ], [ 2, -2, -4, 0, 0 ], [ 2, -2, 0, -4, 0 ], [ 2, -2, 0, 0, -4 ] ],
      Trec := rec(
          count := 1,
          grams := [ [ [ 0, 0, 0, 0, 0, 0, 0, 0, 0, 0, 0, 0, 0, 0, 0, 0, 1 ], [ 0, -2, -1, -1, 1, 1, -1, -1, 1, 0, 0, 0, 0, 0, 0, 0, 0 ], 
                  [ 0, -1, -2, 0, 1, 1, -1, 0, 1, 0, 0, 0, 0, 0, 0, 0, 0 ], [ 0, -1, 0, -2, 1, 0, -1, 0, 1, 0, 0, 0, 0, 0, 0, 0, 0 ], 
                  [ 0, 1, 1, 1, -2, -1, 1, 0, -1, 0, 0, 0, 0, 0, 0, 0, 0 ], [ 0, 1, 1, 0, -1, -2, 1, 1, -1, 0, 0, 0, 0, 0, 0, 0, 0 ], 
                  [ 0, -1, -1, -1, 1, 1, -2, 0, 1, 0, 0, 0, 0, 0, 0, 0, 0 ], [ 0, -1, 0, 0, 0, 1, 0, -2, 0, 0, 0, 0, 0, 0, 0, 0, 0 ], 
                  [ 0, 1, 1, 1, -1, -1, 1, 0, -2, 0, 0, 0, 0, 0, 0, 0, 0 ], [ 0, 0, 0, 0, 0, 0, 0, 0, 0, -2, 1, -1, 1, 1, 1, 0, 0 ], 
                  [ 0, 0, 0, 0, 0, 0, 0, 0, 0, 1, -2, 0, -1, 0, -1, 0, 0 ], [ 0, 0, 0, 0, 0, 0, 0, 0, 0, -1, 0, -2, 1, 0, 1, 0, 0 ], 
                  [ 0, 0, 0, 0, 0, 0, 0, 0, 0, 1, -1, 1, -4, -1, 0, 0, 0 ], [ 0, 0, 0, 0, 0, 0, 0, 0, 0, 1, 0, 0, -1, -4, -1, 0, 0 ], 
                  [ 0, 0, 0, 0, 0, 0, 0, 0, 0, 1, -1, 1, 0, -1, -4, 0, 0 ], [ 0, 0, 0, 0, 0, 0, 0, 0, 0, 0, 0, 0, 0, 0, 0, 2, 0 ], 
                  [ 1, 0, 0, 0, 0, 0, 0, 0, 0, 0, 0, 0, 0, 0, 0, 0, 0 ] ] ],
          method := "Nikulin uniqueness",
          spinorPrimes := [  ] ),
      ampleflag := true,
      basisdual := [ [ 2, 0, 0, 0, 0 ], [ 0, 2, 2, 2, 2 ], [ 0, 0, 4, 0, 0 ], [ 0, 0, 0, 4, 0 ], [ 0, 0, 0, 0, 4 ] ],
      extdeg := 2,
      extgroupgens := [ [ 2, 0, 0, 0, 0 ], [ 0, 2, 2, 2, 2 ], [ 0, 0, 4, 0, 0 ], [ 0, 0, 0, 4, 0 ], [ 0, 0, 0, 0, 4 ] ],
      h := [ 1, 1, 0, 0, 0 ],
      rho := 5,
      sprats := rec(
          nopss := [ 0, 12 ],
          scons := [ [ [ 1, 2, -1, -1, -1 ], [ 1, 0, 1, 1, 1 ] ], [ [ 1, 3, -1, -1, -1 ], [ 1, -1, 1, 1, 1 ] ], [ [ 1, 2, 0, -1, -1 ], [ 1, 0, 0, 1, 1 ] ], 
              [ [ 1, 2, -1, 0, -1 ], [ 1, 0, 1, 0, 1 ] ], [ [ 1, 1, 0, 0, -1 ], [ 1, 1, 0, 0, 1 ] ], [ [ 1, 2, 0, 0, -1 ], [ 1, 0, 0, 0, 1 ] ], 
              [ [ 1, 2, -1, -1, 0 ], [ 1, 0, 1, 1, 0 ] ], [ [ 1, 1, 0, -1, 0 ], [ 1, 1, 0, 1, 0 ] ], [ [ 1, 2, 0, -1, 0 ], [ 1, 0, 0, 1, 0 ] ], 
              [ [ 1, 1, -1, 0, 0 ], [ 1, 1, 1, 0, 0 ] ], [ [ 1, 0, 0, 0, 0 ], [ 1, 2, 0, 0, 0 ] ], [ [ 1, 2, -1, 0, 0 ], [ 1, 0, 1, 0, 0 ] ] ],
          slins := [  ] ) ), rec(
      Gram := [ [ -14, 0, 0, -7, -30 ], [ 0, -4, 0, 0, 0 ], [ 0, 0, -4, 0, 0 ], [ -7, 0, 0, -4, -15 ], [ -30, 0, 0, -15, -60 ] ],
      Trec := rec(
          count := 1,
          grams := [ [ [ 0, 0, 0, 0, 0, 0, 0, 0, 0, 0, 0, 0, 0, 0, 0, 0, 1 ], [ 0, -2, -1, -1, -1, 1, 1, -1, 1, 0, 0, 0, 0, 0, 0, 0, 0 ], 
                  [ 0, -1, -2, 0, 0, 1, 1, -1, 1, 0, 0, 0, 0, 0, 0, 0, 0 ], [ 0, -1, 0, -2, 0, 0, 1, -1, 1, 0, 0, 0, 0, 0, 0, 0, 0 ], 
                  [ 0, -1, 0, 0, -2, 0, 0, 0, 0, 0, 0, 0, 0, 0, 0, 0, 0 ], [ 0, 1, 1, 0, 0, -2, 0, 1, -1, 0, 0, 0, 0, 0, 0, 0, 0 ], 
                  [ 0, 1, 1, 1, 0, 0, -2, 1, -1, 0, 0, 0, 0, 0, 0, 0, 0 ], [ 0, -1, -1, -1, 0, 1, 1, -2, 1, 0, 0, 0, 0, 0, 0, 0, 0 ], 
                  [ 0, 1, 1, 1, 0, -1, -1, 1, -2, 0, 0, 0, 0, 0, 0, 0, 0 ], [ 0, 0, 0, 0, 0, 0, 0, 0, 0, -2, 0, 0, 1, 1, 1, 0, 0 ], 
                  [ 0, 0, 0, 0, 0, 0, 0, 0, 0, 0, 2, 0, 0, 0, 0, 0, 0 ], [ 0, 0, 0, 0, 0, 0, 0, 0, 0, 0, 0, -2, 1, 1, 1, 0, 0 ], 
                  [ 0, 0, 0, 0, 0, 0, 0, 0, 0, 1, 0, 1, -4, 0, -2, 1, 0 ], [ 0, 0, 0, 0, 0, 0, 0, 0, 0, 1, 0, 1, 0, -4, 0, 1, 0 ], 
                  [ 0, 0, 0, 0, 0, 0, 0, 0, 0, 1, 0, 1, -2, 0, -4, 0, 0 ], [ 0, 0, 0, 0, 0, 0, 0, 0, 0, 0, 0, 0, 1, 1, 0, -4, 0 ], 
                  [ 1, 0, 0, 0, 0, 0, 0, 0, 0, 0, 0, 0, 0, 0, 0, 0, 0 ] ] ],
          method := "Nikulin uniqueness",
          spinorPrimes := [  ] ),
      ampleflag := true,
      basisdual := [ [ 2, 2, 2, 0, 9 ], [ 0, 4, 0, 0, 0 ], [ 0, 0, 4, 0, 0 ], [ 0, 0, 0, 1, 4 ], [ 0, 0, 0, 0, 15 ] ],
      extdeg := 1,
      extgroupgens := [ [ 2, 0, 0 ], [ 0, 4, 0 ], [ 0, 0, 60 ] ],
      h := [ 1, 0, 0, 2, -1 ],
      rho := 5,
      sprats := rec(
          nopss := [ 0, 4 ],
          scons := [ [ [ 1, 0, -1, 2, -1 ], [ 1, 0, 1, 2, -1 ] ], [ [ 1, -1, 0, 2, -1 ], [ 1, 1, 0, 2, -1 ] ], [ [ 1, 0, 0, 1, -1 ], [ 1, 0, 0, 3, -1 ] ], 
              [ [ 1, 0, 0, 6, -2 ], [ 1, 0, 0, -2, 0 ] ] ],
          slins := [  ] ) ), rec(
      Gram := [ [ -2, 0, 0, -2, -6 ], [ 0, -4, 0, 0, 0 ], [ 0, 0, -4, 0, 0 ], [ -2, 0, 0, -4, -6 ], [ -6, 0, 0, -6, -12 ] ],
      Trec := rec(
          count := 1,
          grams := [ [ [ 0, 0, 0, 0, 0, 0, 0, 0, 0, 0, 0, 0, 0, 0, 0, 0, 1 ], [ 0, -2, 1, 1, 1, 1, -1, 1, 1, 0, 0, 0, 0, 0, 0, 0, 0 ], 
                  [ 0, 1, -2, -1, 0, -1, 0, -1, -1, 0, 0, 0, 0, 0, 0, 0, 0 ], [ 0, 1, -1, -2, -1, -1, 1, 0, -1, 0, 0, 0, 0, 0, 0, 0, 0 ], 
                  [ 0, 1, 0, -1, -2, -1, 1, 0, 0, 0, 0, 0, 0, 0, 0, 0, 0 ], [ 0, 1, -1, -1, -1, -2, 0, -1, -1, 0, 0, 0, 0, 0, 0, 0, 0 ], 
                  [ 0, -1, 0, 1, 1, 0, -2, 0, 0, 0, 0, 0, 0, 0, 0, 0, 0 ], [ 0, 1, -1, 0, 0, -1, 0, -2, -1, 0, 0, 0, 0, 0, 0, 0, 0 ], 
                  [ 0, 1, -1, -1, 0, -1, 0, -1, -2, 0, 0, 0, 0, 0, 0, 0, 0 ], [ 0, 0, 0, 0, 0, 0, 0, 0, 0, 2, 0, 0, 0, 0, 0, 0, 0 ], 
                  [ 0, 0, 0, 0, 0, 0, 0, 0, 0, 0, -2, 0, 0, -1, -1, 0, 0 ], [ 0, 0, 0, 0, 0, 0, 0, 0, 0, 0, 0, -2, 0, 1, 1, 0, 0 ], 
                  [ 0, 0, 0, 0, 0, 0, 0, 0, 0, 0, 0, 0, -2, -1, -1, 0, 0 ], [ 0, 0, 0, 0, 0, 0, 0, 0, 0, 0, -1, 1, -1, -4, -1, 0, 0 ], 
                  [ 0, 0, 0, 0, 0, 0, 0, 0, 0, 0, -1, 1, -1, -1, -4, 0, 0 ], [ 0, 0, 0, 0, 0, 0, 0, 0, 0, 0, 0, 0, 0, 0, 0, -4, 0 ], 
                  [ 1, 0, 0, 0, 0, 0, 0, 0, 0, 0, 0, 0, 0, 0, 0, 0, 0 ] ] ],
          method := "Nikulin uniqueness",
          spinorPrimes := [  ] ),
      ampleflag := true,
      basisdual := [ [ 2, 2, 2, 0, 4 ], [ 0, 4, 0, 0, 0 ], [ 0, 0, 4, 0, 0 ], [ 0, 0, 0, 2, 4 ], [ 0, 0, 0, 0, 6 ] ],
      extdeg := 1,
      extgroupgens := [ [ 2, 0, 0, 0, 0 ], [ 0, 2, 0, 0, 0 ], [ 0, 0, 2, 0, 0 ], [ 0, 0, 0, 4, 0 ], [ 0, 0, 0, 0, 12 ] ],
      h := [ 1, 0, 0, 1, -1 ],
      rho := 5,
      sprats := rec(
          nopss := [ 0, 5 ],
          scons := [ [ [ 1, 0, -1, 1, -1 ], [ 1, 0, 1, 1, -1 ] ], [ [ 1, -1, 0, 1, -1 ], [ 1, 1, 0, 1, -1 ] ], [ [ 1, 0, 0, 0, -1 ], [ 1, 0, 0, 2, -1 ] ], 
              [ [ 1, 0, 0, -1, 0 ], [ 1, 0, 0, 3, -2 ] ], [ [ 1, 0, 0, 2, -2 ], [ 1, 0, 0, 0, 0 ] ] ],
          slins := [  ] ) ), rec(
      Gram := [ [ -14, 0, -6, 2, -28 ], [ 0, -4, 0, 0, 0 ], [ -6, 0, -4, -1, -14 ], [ 2, 0, -1, -4, 0 ], [ -28, 0, -14, 0, -56 ] ],
      Trec := rec(
          count := 1,
          grams := [ [ [ -2, 1, 1, 1, -1, 1, -1, 1, 0, 0, 0, 0, 0, 0, 0, 0, 0 ], [ 1, -2, -1, 0, 0, 0, 1, -1, 0, 0, 0, 0, 0, 0, 0, 0, 0 ], 
                  [ 1, -1, -2, -1, 0, -1, 0, -1, 0, 0, 0, 0, 0, 0, 0, 0, 0 ], [ 1, 0, -1, -2, 1, -1, 0, -1, 0, 0, 0, 0, 0, 0, 0, 0, 0 ], 
                  [ -1, 0, 0, 1, -2, 1, 0, 1, 0, 0, 0, 0, 0, 0, 0, 0, 0 ], [ 1, 0, -1, -1, 1, -2, 0, -1, 0, 0, 0, 0, 0, 0, 0, 0, 0 ], 
                  [ -1, 1, 0, 0, 0, 0, -2, 0, 0, 0, 0, 0, 0, 0, 0, 0, 0 ], [ 1, -1, -1, -1, 1, -1, 0, -2, 0, 0, 0, 0, 0, 0, 0, 0, 0 ], 
                  [ 0, 0, 0, 0, 0, 0, 0, 0, -2, 1, -1, -1, 1, 1, 1, 0, 0 ], [ 0, 0, 0, 0, 0, 0, 0, 0, 1, -2, 1, 1, 0, -1, 0, 0, 0 ], 
                  [ 0, 0, 0, 0, 0, 0, 0, 0, -1, 1, -2, 0, 0, 1, 0, 0, 0 ], [ 0, 0, 0, 0, 0, 0, 0, 0, -1, 1, 0, -2, 0, 1, 0, 0, 0 ], 
                  [ 0, 0, 0, 0, 0, 0, 0, 0, 1, 0, 0, 0, -2, 0, -1, 0, 0 ], [ 0, 0, 0, 0, 0, 0, 0, 0, 1, -1, 1, 1, 0, -2, 0, 0, 0 ], 
                  [ 0, 0, 0, 0, 0, 0, 0, 0, 1, 0, 0, 0, -1, 0, -2, 0, 0 ], [ 0, 0, 0, 0, 0, 0, 0, 0, 0, 0, 0, 0, 0, 0, 0, 8, 0 ], 
                  [ 0, 0, 0, 0, 0, 0, 0, 0, 0, 0, 0, 0, 0, 0, 0, 0, 14 ] ] ],
          method := "Nikulin uniqueness",
          spinorPrimes := [  ] ),
      ampleflag := true,
      basisdual := [ [ 2, 2, 0, 0, 8 ], [ 0, 4, 0, 0, 0 ], [ 0, 0, 1, 1, 4 ], [ 0, 0, 0, 4, 1 ], [ 0, 0, 0, 0, 14 ] ],
      extdeg := 1,
      extgroupgens := [ [ 2, 0, 0 ], [ 0, 4, 0 ], [ 0, 0, 56 ] ],
      h := [ 1, 0, 2, 0, -1 ],
      rho := 5,
      sprats := rec(
          nopss := [ 0, 4 ],
          scons := [ [ [ 1, -1, 2, 0, -1 ], [ 1, 1, 2, 0, -1 ] ], [ [ 1, 0, 2, -1, -1 ], [ 1, 0, 2, 1, -1 ] ], [ [ 1, 0, 6, -1, -2 ], [ 1, 0, -2, 1, 0 ] ], 
              [ [ 1, 0, 1, 0, -1 ], [ 1, 0, 3, 0, -1 ] ] ],
          slins := [  ] ) ), rec(
      Gram := [ [ -10, 0, -5, 0, -22 ], [ 0, -4, 0, 0, 0 ], [ -5, 0, -4, -2, -11 ], [ 0, 0, -2, -4, 0 ], [ -22, 0, -11, 0, -44 ] ],
      Trec := rec(
          count := 1,
          grams := [ [ [ -2, 1, 1, 1, -1, 1, -1, 1, 0, 0, 0, 0, 0, 0, 0, 0, 0 ], [ 1, -2, -1, 0, 0, 0, 1, -1, 0, 0, 0, 0, 0, 0, 0, 0, 0 ], 
                  [ 1, -1, -2, -1, 0, -1, 0, -1, 0, 0, 0, 0, 0, 0, 0, 0, 0 ], [ 1, 0, -1, -2, 1, -1, 0, -1, 0, 0, 0, 0, 0, 0, 0, 0, 0 ], 
                  [ -1, 0, 0, 1, -2, 1, 0, 1, 0, 0, 0, 0, 0, 0, 0, 0, 0 ], [ 1, 0, -1, -1, 1, -2, 0, -1, 0, 0, 0, 0, 0, 0, 0, 0, 0 ], 
                  [ -1, 1, 0, 0, 0, 0, -2, 0, 0, 0, 0, 0, 0, 0, 0, 0, 0 ], [ 1, -1, -1, -1, 1, -1, 0, -2, 0, 0, 0, 0, 0, 0, 0, 0, 0 ], 
                  [ 0, 0, 0, 0, 0, 0, 0, 0, -2, -1, -1, 1, -1, 1, 0, 1, 0 ], [ 0, 0, 0, 0, 0, 0, 0, 0, -1, -2, -1, 1, 0, 0, 0, 0, 0 ], 
                  [ 0, 0, 0, 0, 0, 0, 0, 0, -1, -1, -2, 1, 0, 0, 0, 1, 0 ], [ 0, 0, 0, 0, 0, 0, 0, 0, 1, 1, 1, -2, 0, 0, 0, -1, 2 ], 
                  [ 0, 0, 0, 0, 0, 0, 0, 0, -1, 0, 0, 0, -2, 1, 0, 1, 1 ], [ 0, 0, 0, 0, 0, 0, 0, 0, 1, 0, 0, 0, 1, -2, 0, 0, 2 ], 
                  [ 0, 0, 0, 0, 0, 0, 0, 0, 0, 0, 0, 0, 0, 0, 2, 0, 0 ], [ 0, 0, 0, 0, 0, 0, 0, 0, 1, 0, 1, -1, 1, 0, 0, -4, 0 ], 
                  [ 0, 0, 0, 0, 0, 0, 0, 0, 0, 0, 0, 2, 1, 2, 0, 0, 2 ] ] ],
          method := "Nikulin uniqueness",
          spinorPrimes := [  ] ),
      ampleflag := true,
      basisdual := [ [ 2, 2, 0, 2, 7 ], [ 0, 4, 0, 0, 0 ], [ 0, 0, 1, 2, 4 ], [ 0, 0, 0, 4, 2 ], [ 0, 0, 0, 0, 11 ] ],
      extdeg := 1,
      extgroupgens := [ [ 2, 0, 0 ], [ 0, 4, 0 ], [ 0, 0, 44 ] ],
      h := [ 1, 0, 2, -1, -1 ],
      rho := 5,
      sprats := rec(
          nopss := [ 0, 5 ],
          scons := [ [ [ 1, -1, 2, -1, -1 ], [ 1, 1, 2, -1, -1 ] ], [ [ 1, 0, 6, -3, -2 ], [ 1, 0, -2, 1, 0 ] ], [ [ 1, 0, 2, -2, -1 ], [ 1, 0, 2, 0, -1 ] ], 
              [ [ 1, 0, 1, -1, -1 ], [ 1, 0, 3, -1, -1 ] ], [ [ 1, 0, 3, -2, -1 ], [ 1, 0, 1, 0, -1 ] ] ],
          slins := [  ] ) ), rec(
      Gram := [ [ -2, 0, 4, 2, -4 ], [ 0, -4, 0, 0, 0 ], [ 4, 0, -4, -2, 4 ], [ 2, 0, -2, -4, 0 ], [ -4, 0, 4, 0, -8 ] ],
      Trec := rec(
          count := 1,
          grams := [ [ [ 0, 0, 0, 0, 0, 0, 0, 0, 0, 0, 0, 0, 0, 0, 0, 0, 1 ], [ 0, 0, 0, 0, 0, 0, 0, 0, 0, 0, 0, 0, 0, 0, 0, 1, 0 ], 
                  [ 0, 0, -2, 1, -1, 1, 1, -1, -1, 1, 0, 0, 0, 0, 0, 0, 0 ], [ 0, 0, 1, -2, 0, -1, -1, 1, 0, -1, 0, 0, 0, 0, 0, 0, 0 ], 
                  [ 0, 0, -1, 0, -2, 1, 0, -1, 0, 1, 0, 0, 0, 0, 0, 0, 0 ], [ 0, 0, 1, -1, 1, -2, -1, 1, 0, -1, 0, 0, 0, 0, 0, 0, 0 ], 
                  [ 0, 0, 1, -1, 0, -1, -2, 0, 0, -1, 0, 0, 0, 0, 0, 0, 0 ], [ 0, 0, -1, 1, -1, 1, 0, -2, 0, 1, 0, 0, 0, 0, 0, 0, 0 ], 
                  [ 0, 0, -1, 0, 0, 0, 0, 0, -2, 0, 0, 0, 0, 0, 0, 0, 0 ], [ 0, 0, 1, -1, 1, -1, -1, 1, 0, -2, 0, 0, 0, 0, 0, 0, 0 ], 
                  [ 0, 0, 0, 0, 0, 0, 0, 0, 0, 0, -2, 0, 0, 0, 0, 0, 0 ], [ 0, 0, 0, 0, 0, 0, 0, 0, 0, 0, 0, -2, 0, 0, 0, 0, 0 ], 
                  [ 0, 0, 0, 0, 0, 0, 0, 0, 0, 0, 0, 0, -2, 0, 0, 0, 0 ], [ 0, 0, 0, 0, 0, 0, 0, 0, 0, 0, 0, 0, 0, -4, 0, 0, 0 ], 
                  [ 0, 0, 0, 0, 0, 0, 0, 0, 0, 0, 0, 0, 0, 0, -8, 0, 0 ], [ 0, 1, 0, 0, 0, 0, 0, 0, 0, 0, 0, 0, 0, 0, 0, 0, 0 ], 
                  [ 1, 0, 0, 0, 0, 0, 0, 0, 0, 0, 0, 0, 0, 0, 0, 0, 0 ] ] ],
          method := "Nikulin uniqueness",
          spinorPrimes := [  ] ),
      ampleflag := true,
      basisdual := [ [ 2, 2, 0, 0, 2 ], [ 0, 4, 0, 0, 0 ], [ 0, 0, 2, 2, 0 ], [ 0, 0, 0, 4, 2 ], [ 0, 0, 0, 0, 4 ] ],
      extdeg := 1,
      extgroupgens := [ [ 2, 0, 0, 0, 0 ], [ 0, 2, 0, 0, 0 ], [ 0, 0, 2, 0, 0 ], [ 0, 0, 0, 4, 0 ], [ 0, 0, 0, 0, 8 ] ],
      h := [ 1, 0, 1, 0, 0 ],
      rho := 5,
      sprats := rec(
          nopss := [ 0, 7 ],
          scons := [ [ [ 1, -1, 1, 0, 0 ], [ 1, 1, 1, 0, 0 ] ], [ [ 1, 0, 1, -1, 0 ], [ 1, 0, 1, 1, 0 ] ], [ [ 1, 0, 0, 0, 0 ], [ 1, 0, 2, 0, 0 ] ], 
              [ [ 1, 0, 2, -1, 1 ], [ 1, 0, 0, 1, -1 ] ], [ [ 1, 0, 0, 0, -1 ], [ 1, 0, 2, 0, 1 ] ], [ [ 1, 0, -1, 1, -1 ], [ 1, 0, 3, -1, 1 ] ], 
              [ [ 1, 0, 2, -1, 0 ], [ 1, 0, 0, 1, 0 ] ] ],
          slins := [  ] ) ), rec(
      Gram := [ [ -14, -5, 2, 2, -26 ], [ -5, -4, -1, -1, -13 ], [ 2, -1, -4, 0, 0 ], [ 2, -1, 0, -4, 0 ], [ -26, -13, 0, 0, -52 ] ],
      Trec := rec(
          count := 1,
          grams := [ [ [ -2, 1, 1, 1, -1, 1, -1, -1, 0, 0, 0, 0, 0, 0, 0, 0, 0 ], [ 1, -2, -1, -1, 0, -1, 0, 1, 0, 0, 0, 0, 0, 0, 0, 0, 0 ], 
                  [ 1, -1, -2, 0, 0, 0, 1, 1, 0, 0, 0, 0, 0, 0, 0, 0, 0 ], [ 1, -1, 0, -2, 1, -1, 0, 1, 0, 0, 0, 0, 0, 0, 0, 0, 0 ], 
                  [ -1, 0, 0, 1, -2, 1, 0, 0, 0, 0, 0, 0, 0, 0, 0, 0, 0 ], [ 1, -1, 0, -1, 1, -2, 0, 0, 0, 0, 0, 0, 0, 0, 0, 0, 0 ], 
                  [ -1, 0, 1, 0, 0, 0, -2, -1, 0, 0, 0, 0, 0, 0, 0, 0, 0 ], [ -1, 1, 1, 1, 0, 0, -1, -2, 0, 0, 0, 0, 0, 0, 0, 0, 0 ], 
                  [ 0, 0, 0, 0, 0, 0, 0, 0, -2, 0, -1, 0, 1, -1, 0, 1, 0 ], [ 0, 0, 0, 0, 0, 0, 0, 0, 0, -2, -1, 0, 0, -1, 0, 0, 1 ], 
                  [ 0, 0, 0, 0, 0, 0, 0, 0, -1, -1, -2, 1, 0, 0, 0, 0, 1 ], [ 0, 0, 0, 0, 0, 0, 0, 0, 0, 0, 1, -2, 1, 1, 0, 0, 0 ], 
                  [ 0, 0, 0, 0, 0, 0, 0, 0, 1, 0, 0, 1, -2, 1, 0, 0, 0 ], [ 0, 0, 0, 0, 0, 0, 0, 0, -1, -1, 0, 1, 1, -2, 0, 1, 0 ], 
                  [ 0, 0, 0, 0, 0, 0, 0, 0, 0, 0, 0, 0, 0, 0, -2, 0, 0 ], [ 0, 0, 0, 0, 0, 0, 0, 0, 1, 0, 0, 0, 0, 1, 0, 2, 0 ], 
                  [ 0, 0, 0, 0, 0, 0, 0, 0, 0, 1, 1, 0, 0, 0, 0, 0, -4 ] ] ],
          method := "Nikulin uniqueness",
          spinorPrimes := [  ] ),
      ampleflag := true,
      basisdual := [ [ 2, 0, 0, 0, 7 ], [ 0, 1, 1, 1, 4 ], [ 0, 0, 4, 0, 1 ], [ 0, 0, 0, 4, 1 ], [ 0, 0, 0, 0, 13 ] ],
      extdeg := 1,
      extgroupgens := [ [ 2, 0, 0 ], [ 0, 4, 0 ], [ 0, 0, 52 ] ],
      h := [ 1, 2, 0, 0, -1 ],
      rho := 5,
      sprats := rec(
          nopss := [ 0, 4 ],
          scons := [ [ [ 1, 2, 0, -1, -1 ], [ 1, 2, 0, 1, -1 ] ], [ [ 1, 2, -1, 0, -1 ], [ 1, 2, 1, 0, -1 ] ], [ [ 1, 6, -1, -1, -2 ], [ 1, -2, 1, 1, 0 ] ], 
              [ [ 1, 1, 0, 0, -1 ], [ 1, 3, 0, 0, -1 ] ] ],
          slins := [  ] ) ), rec(
      Gram := [ [ -10, -4, 2, 0, -20 ], [ -4, -4, -1, -2, -10 ], [ 2, -1, -4, 0, 0 ], [ 0, -2, 0, -4, 0 ], [ -20, -10, 0, 0, -40 ] ],
      Trec := rec(
          count := 1,
          grams := [ [ [ 0, 0, 0, 0, 0, 0, 0, 0, 0, 0, 0, 0, 0, 0, 0, 0, 1 ], [ 0, -2, -1, -1, 1, 1, -1, -1, 1, 0, 0, 0, 0, 0, 0, 0, 0 ], 
                  [ 0, -1, -2, 0, 1, 1, -1, 0, 1, 0, 0, 0, 0, 0, 0, 0, 0 ], [ 0, -1, 0, -2, 1, 0, -1, 0, 1, 0, 0, 0, 0, 0, 0, 0, 0 ], 
                  [ 0, 1, 1, 1, -2, -1, 1, 0, -1, 0, 0, 0, 0, 0, 0, 0, 0 ], [ 0, 1, 1, 0, -1, -2, 1, 1, -1, 0, 0, 0, 0, 0, 0, 0, 0 ], 
                  [ 0, -1, -1, -1, 1, 1, -2, 0, 1, 0, 0, 0, 0, 0, 0, 0, 0 ], [ 0, -1, 0, 0, 0, 1, 0, -2, 0, 0, 0, 0, 0, 0, 0, 0, 0 ], 
                  [ 0, 1, 1, 1, -1, -1, 1, 0, -2, 0, 0, 0, 0, 0, 0, 0, 0 ], [ 0, 0, 0, 0, 0, 0, 0, 0, 0, 2, 0, 0, 0, -1, 1, 0, 0 ], 
                  [ 0, 0, 0, 0, 0, 0, 0, 0, 0, 0, -2, 1, -1, -1, 1, 0, 0 ], [ 0, 0, 0, 0, 0, 0, 0, 0, 0, 0, 1, -2, 0, 0, 0, 0, 0 ], 
                  [ 0, 0, 0, 0, 0, 0, 0, 0, 0, 0, -1, 0, -2, -1, 1, 0, 0 ], [ 0, 0, 0, 0, 0, 0, 0, 0, 0, -1, -1, 0, -1, -4, 2, -1, 0 ], 
                  [ 0, 0, 0, 0, 0, 0, 0, 0, 0, 1, 1, 0, 1, 2, -4, 1, 0 ], [ 0, 0, 0, 0, 0, 0, 0, 0, 0, 0, 0, 0, 0, -1, 1, -4, 0 ], 
                  [ 1, 0, 0, 0, 0, 0, 0, 0, 0, 0, 0, 0, 0, 0, 0, 0, 0 ] ] ],
          method := "Nikulin uniqueness",
          spinorPrimes := [  ] ),
      ampleflag := true,
      basisdual := [ [ 2, 0, 0, 2, 6 ], [ 0, 1, 1, 2, 4 ], [ 0, 0, 4, 0, 1 ], [ 0, 0, 0, 4, 2 ], [ 0, 0, 0, 0, 10 ] ],
      extdeg := 1,
      extgroupgens := [ [ 2, 0, 0 ], [ 0, 4, 0 ], [ 0, 0, 40 ] ],
      h := [ 1, 2, 0, -1, -1 ],
      rho := 5,
      sprats := rec(
          nopss := [ 0, 5 ],
          scons := [ [ [ 1, 2, -1, -1, -1 ], [ 1, 2, 1, -1, -1 ] ], [ [ 1, 6, -1, -3, -2 ], [ 1, -2, 1, 1, 0 ] ], [ [ 1, 2, 0, -2, -1 ], [ 1, 2, 0, 0, -1 ] ], 
              [ [ 1, 1, 0, -1, -1 ], [ 1, 3, 0, -1, -1 ] ], [ [ 1, 3, 0, -2, -1 ], [ 1, 1, 0, 0, -1 ] ] ],
          slins := [  ] ) ), rec(
      Gram := [ [ -6, -3, 0, 0, -14 ], [ -3, -4, -2, -2, -7 ], [ 0, -2, -4, 0, 0 ], [ 0, -2, 0, -4, 0 ], [ -14, -7, 0, 0, -28 ] ],
      Trec := rec(
          count := 1,
          grams := [ [ [ 0, 0, 0, 0, 0, 0, 0, 0, 0, 0, 0, 0, 0, 0, 0, 0, 1 ], [ 0, -2, 1, 1, 1, 1, 1, -1, -1, 0, 0, 0, 0, 0, 0, 0, 0 ], 
                  [ 0, 1, -2, -1, -1, -1, -1, 0, 1, 0, 0, 0, 0, 0, 0, 0, 0 ], [ 0, 1, -1, -2, 0, -1, -1, 0, 1, 0, 0, 0, 0, 0, 0, 0, 0 ], 
                  [ 0, 1, -1, 0, -2, -1, 0, 1, 0, 0, 0, 0, 0, 0, 0, 0, 0 ], [ 0, 1, -1, -1, -1, -2, -1, 1, 0, 0, 0, 0, 0, 0, 0, 0, 0 ], 
                  [ 0, 1, -1, -1, 0, -1, -2, 0, 1, 0, 0, 0, 0, 0, 0, 0, 0 ], [ 0, -1, 0, 0, 1, 1, 0, -2, 0, 0, 0, 0, 0, 0, 0, 0, 0 ], 
                  [ 0, -1, 1, 1, 0, 0, 1, 0, -2, 0, 0, 0, 0, 0, 0, 0, 0 ], [ 0, 0, 0, 0, 0, 0, 0, 0, 0, -2, -1, 0, 0, 1, 0, -1, 0 ], 
                  [ 0, 0, 0, 0, 0, 0, 0, 0, 0, -1, -2, 0, 0, 1, 0, 0, 0 ], [ 0, 0, 0, 0, 0, 0, 0, 0, 0, 0, 0, -2, -1, 1, -1, -1, 0 ], 
                  [ 0, 0, 0, 0, 0, 0, 0, 0, 0, 0, 0, -1, -2, 0, -1, 0, 0 ], [ 0, 0, 0, 0, 0, 0, 0, 0, 0, 1, 1, 1, 0, -4, -1, 1, 0 ], 
                  [ 0, 0, 0, 0, 0, 0, 0, 0, 0, 0, 0, -1, -1, -1, -4, -1, 0 ], [ 0, 0, 0, 0, 0, 0, 0, 0, 0, -1, 0, -1, 0, 1, -1, 2, 0 ], 
                  [ 1, 0, 0, 0, 0, 0, 0, 0, 0, 0, 0, 0, 0, 0, 0, 0, 0 ] ] ],
          method := "Nikulin uniqueness",
          spinorPrimes := [  ] ),
      ampleflag := true,
      basisdual := [ [ 2, 0, 2, 2, 5 ], [ 0, 1, 2, 2, 4 ], [ 0, 0, 4, 0, 2 ], [ 0, 0, 0, 4, 2 ], [ 0, 0, 0, 0, 7 ] ],
      extdeg := 1,
      extgroupgens := [ [ 2, 0, 0 ], [ 0, 4, 0 ], [ 0, 0, 28 ] ],
      h := [ 1, 2, -1, -1, -1 ],
      rho := 5,
      sprats := rec(
          nopss := [ 0, 7 ],
          scons := [ [ [ 1, 6, -3, -3, -2 ], [ 1, -2, 1, 1, 0 ] ], [ [ 1, 2, -1, -2, -1 ], [ 1, 2, -1, 0, -1 ] ], [ [ 1, 1, -1, -1, -1 ], [ 1, 3, -1, -1, -1 ] ], 
              [ [ 1, 1, 0, -1, -1 ], [ 1, 3, -2, -1, -1 ] ], [ [ 1, 3, -2, -2, -1 ], [ 1, 1, 0, 0, -1 ] ], [ [ 1, 2, -2, -1, -1 ], [ 1, 2, 0, -1, -1 ] ], 
              [ [ 1, 3, -1, -2, -1 ], [ 1, 1, -1, 0, -1 ] ] ],
          slins := [  ] ) ), rec(
      Gram := [ [ -2, 6, 4, 4, -2 ], [ 6, -12, -8, -8, 6 ], [ 4, -8, -8, -4, 4 ], [ 4, -8, -4, -8, 4 ], [ -2, 6, 4, 4, -4 ] ],
      Trec := rec(
          count := 1,
          grams := [ [ [ 0, 0, 0, 0, 0, 0, 0, 0, 0, 0, 0, 0, 0, 0, 0, 0, 1 ], [ 0, -2, -1, -1, 1, 1, -1, -1, 1, 0, 0, 0, 0, 0, 0, 0, 0 ], 
                  [ 0, -1, -2, 0, 1, 1, -1, 0, 1, 0, 0, 0, 0, 0, 0, 0, 0 ], [ 0, -1, 0, -2, 1, 0, -1, 0, 1, 0, 0, 0, 0, 0, 0, 0, 0 ], 
                  [ 0, 1, 1, 1, -2, -1, 1, 0, -1, 0, 0, 0, 0, 0, 0, 0, 0 ], [ 0, 1, 1, 0, -1, -2, 1, 1, -1, 0, 0, 0, 0, 0, 0, 0, 0 ], 
                  [ 0, -1, -1, -1, 1, 1, -2, 0, 1, 0, 0, 0, 0, 0, 0, 0, 0 ], [ 0, -1, 0, 0, 0, 1, 0, -2, 0, 0, 0, 0, 0, 0, 0, 0, 0 ], 
                  [ 0, 1, 1, 1, -1, -1, 1, 0, -2, 0, 0, 0, 0, 0, 0, 0, 0 ], [ 0, 0, 0, 0, 0, 0, 0, 0, 0, -2, 1, -1, 1, 1, 1, 0, 0 ], 
                  [ 0, 0, 0, 0, 0, 0, 0, 0, 0, 1, -2, 0, -1, 0, -1, 0, 0 ], [ 0, 0, 0, 0, 0, 0, 0, 0, 0, -1, 0, -2, 1, 0, 1, 0, 0 ], 
                  [ 0, 0, 0, 0, 0, 0, 0, 0, 0, 1, -1, 1, -4, -1, 0, 0, 0 ], [ 0, 0, 0, 0, 0, 0, 0, 0, 0, 1, 0, 0, -1, -4, -1, 0, 0 ], 
                  [ 0, 0, 0, 0, 0, 0, 0, 0, 0, 1, -1, 1, 0, -1, -4, 0, 0 ], [ 0, 0, 0, 0, 0, 0, 0, 0, 0, 0, 0, 0, 0, 0, 0, 2, 0 ], 
                  [ 1, 0, 0, 0, 0, 0, 0, 0, 0, 0, 0, 0, 0, 0, 0, 0, 0 ] ] ],
          method := "Nikulin uniqueness",
          spinorPrimes := [  ] ),
      ampleflag := true,
      basisdual := [ [ 2, 0, 0, 0, 0 ], [ 0, 2, 2, 2, 0 ], [ 0, 0, 4, 0, 0 ], [ 0, 0, 0, 4, 0 ], [ 0, 0, 0, 0, 2 ] ],
      extdeg := 1,
      extgroupgens := [ [ 2, 0, 0, 0, 0 ], [ 0, 2, 0, 0, 0 ], [ 0, 0, 2, 0, 0 ], [ 0, 0, 0, 4, 0 ], [ 0, 0, 0, 0, 4 ] ],
      h := [ 1, 1, 0, 0, 1 ],
      rho := 5,
      sprats := rec(
          nopss := [ 0, 12 ],
          scons := [ [ [ 1, 0, 0, 0, -1 ], [ 1, 2, 0, 0, 3 ] ], [ [ 1, 1, 0, 0, 0 ], [ 1, 1, 0, 0, 2 ] ], [ [ 1, 0, 1, 0, 0 ], [ 1, 2, -1, 0, 2 ] ], 
              [ [ 1, 0, 0, 1, 0 ], [ 1, 2, 0, -1, 2 ] ], [ [ 1, -1, 1, 1, 0 ], [ 1, 3, -1, -1, 2 ] ], [ [ 1, 0, 1, 1, 1 ], [ 1, 2, -1, -1, 1 ] ], 
              [ [ 1, 2, -1, -1, 0 ], [ 1, 0, 1, 1, 2 ] ], [ [ 1, 1, 0, -1, 0 ], [ 1, 1, 0, 1, 2 ] ], [ [ 1, 2, 0, -1, 1 ], [ 1, 0, 0, 1, 1 ] ], 
              [ [ 1, 1, -1, 0, 0 ], [ 1, 1, 1, 0, 2 ] ], [ [ 1, 0, 0, 0, 0 ], [ 1, 2, 0, 0, 2 ] ], [ [ 1, 2, -1, 0, 1 ], [ 1, 0, 1, 0, 1 ] ] ],
          slins := [  ] ) ), rec(
      Gram := [ [ -32, 0, -10, -42, -54 ], [ 0, -4, 0, 0, 0 ], [ -10, 0, -4, -15, -18 ], [ -42, 0, -15, -60, -72 ], [ -54, 0, -18, -72, -90 ] ],
      Trec := rec(
          count := 1,
          grams := [ [ [ 0, 0, 0, 0, 0, 0, 0, 0, 0, 0, 0, 0, 0, 0, 0, 0, 1 ], [ 0, 0, 0, 0, 0, 0, 0, 0, 0, 0, 0, 0, 0, 0, 0, 1, 0 ], 
                  [ 0, 0, -2, -1, 1, 1, -1, -1, 1, 0, 0, 0, 0, 0, -1, 0, 0 ], [ 0, 0, -1, -2, 0, 1, 0, -1, 1, 0, 0, 0, 0, 0, -1, 0, 0 ], 
                  [ 0, 0, 1, 0, -2, -1, 1, 1, -1, 0, 0, 0, 0, 0, 0, 0, 0 ], [ 0, 0, 1, 1, -1, -2, 1, 1, -1, 0, 0, 0, 0, 0, 1, 0, 0 ], 
                  [ 0, 0, -1, 0, 1, 1, -2, 0, 1, 0, 0, 0, 0, 0, -1, 0, 0 ], [ 0, 0, -1, -1, 1, 1, 0, -2, 1, 0, 0, 0, 0, 0, 0, 0, 0 ], 
                  [ 0, 0, 1, 1, -1, -1, 1, 1, -2, 0, 0, 0, 0, 0, 1, 0, 0 ], [ 0, 0, 0, 0, 0, 0, 0, 0, 0, -2, 0, 0, 0, 0, 0, 0, 0 ], 
                  [ 0, 0, 0, 0, 0, 0, 0, 0, 0, 0, -2, 0, 0, 1, 0, 0, 0 ], [ 0, 0, 0, 0, 0, 0, 0, 0, 0, 0, 0, -2, 0, -1, 0, 0, 0 ], 
                  [ 0, 0, 0, 0, 0, 0, 0, 0, 0, 0, 0, 0, -2, 0, 0, 0, 0 ], [ 0, 0, 0, 0, 0, 0, 0, 0, 0, 0, 1, -1, 0, -4, 0, 0, 0 ], 
                  [ 0, 0, -1, -1, 0, 1, -1, 0, 1, 0, 0, 0, 0, 0, -6, 0, 0 ], [ 0, 1, 0, 0, 0, 0, 0, 0, 0, 0, 0, 0, 0, 0, 0, 0, 0 ], 
                  [ 1, 0, 0, 0, 0, 0, 0, 0, 0, 0, 0, 0, 0, 0, 0, 0, 0 ] ] ],
          method := "Nikulin uniqueness",
          spinorPrimes := [  ] ),
      ampleflag := true,
      basisdual := [ [ 2, 2, 0, 0, 12 ], [ 0, 4, 0, 0, 0 ], [ 0, 0, 1, 1, 4 ], [ 0, 0, 0, 3, 15 ], [ 0, 0, 0, 0, 18 ] ],
      extdeg := 1,
      extgroupgens := [ [ 2, 0, 0 ], [ 0, 6, 0 ], [ 0, 0, 36 ] ],
      h := [ 1, 0, 2, 0, -1 ],
      rho := 5,
      sprats := rec(
          nopss := [ 0, 4 ],
          scons := [ [ [ 1, -1, 2, 0, -1 ], [ 1, 1, 2, 0, -1 ] ], [ [ 1, 0, 1, 0, -1 ], [ 1, 0, 3, 0, -1 ] ], [ [ 1, 0, 6, -1, -1 ], [ 1, 0, -2, 1, -1 ] ], 
              [ [ 1, 0, 3, 1, -2 ], [ 1, 0, 1, -1, 0 ] ] ],
          slins := [  ] ) ), rec(
      Gram := [ [ -8, 0, -5, -21, -27 ], [ 0, -4, 0, 0, 0 ], [ -5, 0, -4, -15, -18 ], [ -21, 0, -15, -60, -72 ], [ -27, 0, -18, -72, -90 ] ],
      Trec := rec(
          count := 1,
          grams := [ [ [ 0, 0, 0, 0, 0, 0, 0, 0, 0, 0, 0, 0, 0, 0, 0, 0, 1 ], [ 0, 0, 0, 0, 0, 0, 0, 0, 0, 0, 0, 0, 0, 0, 0, 1, 0 ], 
                  [ 0, 0, -2, -1, 1, 1, -1, -1, 1, 0, 0, 0, 0, 0, -1, 0, 0 ], [ 0, 0, -1, -2, 0, 1, 0, -1, 1, 0, 0, 0, 0, 0, -1, 0, 0 ], 
                  [ 0, 0, 1, 0, -2, -1, 1, 1, -1, 0, 0, 0, 0, 0, 0, 0, 0 ], [ 0, 0, 1, 1, -1, -2, 1, 1, -1, 0, 0, 0, 0, 0, 1, 0, 0 ], 
                  [ 0, 0, -1, 0, 1, 1, -2, 0, 1, 0, 0, 0, 0, 0, -1, 0, 0 ], [ 0, 0, -1, -1, 1, 1, 0, -2, 1, 0, 0, 0, 0, 0, 0, 0, 0 ], 
                  [ 0, 0, 1, 1, -1, -1, 1, 1, -2, 0, 0, 0, 0, 0, 1, 0, 0 ], [ 0, 0, 0, 0, 0, 0, 0, 0, 0, -2, -1, -1, -1, 1, 0, 0, 0 ], 
                  [ 0, 0, 0, 0, 0, 0, 0, 0, 0, -1, -2, 0, -1, 0, 0, 0, 0 ], [ 0, 0, 0, 0, 0, 0, 0, 0, 0, -1, 0, -2, -1, 1, 0, 0, 0 ], 
                  [ 0, 0, 0, 0, 0, 0, 0, 0, 0, -1, -1, -1, -2, 0, 0, 0, 0 ], [ 0, 0, 0, 0, 0, 0, 0, 0, 0, 1, 0, 1, 0, -4, 0, 0, 0 ], 
                  [ 0, 0, -1, -1, 0, 1, -1, 0, 1, 0, 0, 0, 0, 0, -6, 0, 0 ], [ 0, 1, 0, 0, 0, 0, 0, 0, 0, 0, 0, 0, 0, 0, 0, 0, 0 ], 
                  [ 1, 0, 0, 0, 0, 0, 0, 0, 0, 0, 0, 0, 0, 0, 0, 0, 0 ] ] ],
          method := "Nikulin uniqueness",
          spinorPrimes := [  ] ),
      ampleflag := true,
      basisdual := [ [ 1, 1, 0, 0, 6 ], [ 0, 4, 0, 0, 0 ], [ 0, 0, 1, 1, 4 ], [ 0, 0, 0, 3, 15 ], [ 0, 0, 0, 0, 18 ] ],
      extdeg := 2,
      extgroupgens := [ [ 1, 0, 18 ], [ 0, 6, 0 ], [ 0, 0, 36 ] ],
      h := [ 2, 0, 2, 0, -1 ],
      rho := 5,
      sprats := rec(
          nopss := [ 3, 1 ],
          scons := [ [ [ 2, -1, 2, 0, -1 ], [ 2, 1, 2, 0, -1 ] ] ],
          slins := [ [ [ 1, 0, 3, 0, -1 ], [ 1, 0, -1, 0, 0 ] ], [ [ 1, 0, 2, -1, 0 ], [ 1, 0, 0, 1, -1 ] ], [ [ 1, 0, -1, 1, -1 ], [ 1, 0, 3, -1, 0 ] ] ] ) ), rec(
      Gram := [ [ -4, 0, -12, -10, -10 ], [ 0, -4, 0, 0, 0 ], [ -12, 0, -34, -25, -30 ], [ -10, 0, -25, -20, -20 ], [ -10, 0, -30, -20, -30 ] ],
      Trec := rec(
          count := 1,
          grams := [ [ [ 0, 0, 0, 0, 0, 0, 0, 0, 0, 0, 0, 0, 0, 0, 0, 0, 1 ], [ 0, -2, 1, 1, 1, 1, -1, -1, -1, 0, 0, 0, 0, 0, 0, 0, 0 ], 
                  [ 0, 1, -2, -1, -1, -1, 1, 0, 1, 0, 0, 0, 0, 0, 0, 0, 0 ], [ 0, 1, -1, -2, 0, -1, 1, 0, 1, 0, 0, 0, 0, 0, 0, 0, 0 ], 
                  [ 0, 1, -1, 0, -2, -1, 0, 1, 0, 0, 0, 0, 0, 0, 0, 0, 0 ], [ 0, 1, -1, -1, -1, -2, 1, 1, 0, 0, 0, 0, 0, 0, 0, 0, 0 ], 
                  [ 0, -1, 1, 1, 0, 1, -2, 0, -1, 0, 0, 0, 0, 0, 0, 0, 0 ], [ 0, -1, 0, 0, 1, 1, 0, -2, 0, 0, 0, 0, 0, 0, 0, 0, 0 ], 
                  [ 0, -1, 1, 1, 0, 0, -1, 0, -2, 0, 0, 0, 0, 0, 0, 0, 0 ], [ 0, 0, 0, 0, 0, 0, 0, 0, 0, -2, 0, 0, 0, 0, 0, 0, 0 ], 
                  [ 0, 0, 0, 0, 0, 0, 0, 0, 0, 0, -2, 0, 0, 0, 0, -1, 0 ], [ 0, 0, 0, 0, 0, 0, 0, 0, 0, 0, 0, -2, 0, 0, 1, 0, 0 ], 
                  [ 0, 0, 0, 0, 0, 0, 0, 0, 0, 0, 0, 0, -2, 0, 0, 0, 0 ], [ 0, 0, 0, 0, 0, 0, 0, 0, 0, 0, 0, 0, 0, -2, 0, -1, 0 ], 
                  [ 0, 0, 0, 0, 0, 0, 0, 0, 0, 0, 0, 1, 0, 0, 2, 0, 0 ], [ 0, 0, 0, 0, 0, 0, 0, 0, 0, 0, -1, 0, 0, -1, 0, -6, 0 ], 
                  [ 1, 0, 0, 0, 0, 0, 0, 0, 0, 0, 0, 0, 0, 0, 0, 0, 0 ] ] ],
          method := "Nikulin uniqueness",
          spinorPrimes := [  ] ),
      ampleflag := true,
      basisdual := [ [ 2, 2, 0, 4, 4 ], [ 0, 4, 0, 0, 0 ], [ 0, 0, 1, 4, 9 ], [ 0, 0, 0, 5, 5 ], [ 0, 0, 0, 0, 10 ] ],
      extdeg := 1,
      extgroupgens := [ [ 2, 0, 0 ], [ 0, 10, 0 ], [ 0, 0, 20 ] ],
      h := [ 1, 0, 2, -2, -1 ],
      rho := 5,
      sprats := rec(
          nopss := [ 0, 4 ],
          scons := [ [ [ 1, -1, 2, -2, -1 ], [ 1, 1, 2, -2, -1 ] ], [ [ 1, 0, 6, -5, -3 ], [ 1, 0, -2, 1, 1 ] ], [ [ 1, 0, 1, -1, -1 ], [ 1, 0, 3, -3, -1 ] ], 
              [ [ 1, 0, 3, -2, -2 ], [ 1, 0, 1, -2, 0 ] ] ],
          slins := [  ] ) ), rec(
      Gram := [ [ -2, -2, -6, -5, -5 ], [ -2, -4, 0, 0, 0 ], [ -6, 0, -34, -25, -30 ], [ -5, 0, -25, -20, -20 ], [ -5, 0, -30, -20, -30 ] ],
      Trec := rec(
          count := 1,
          grams := [ [ [ 0, 0, 0, 0, 0, 0, 0, 0, 0, 0, 0, 0, 0, 0, 0, 0, 1 ], [ 0, -2, 1, 1, 1, 1, -1, -1, -1, 0, 0, 0, 0, 0, 0, 0, 0 ], 
                  [ 0, 1, -2, -1, -1, -1, 1, 0, 1, 0, 0, 0, 0, 0, 0, 0, 0 ], [ 0, 1, -1, -2, 0, -1, 1, 0, 1, 0, 0, 0, 0, 0, 0, 0, 0 ], 
                  [ 0, 1, -1, 0, -2, -1, 0, 1, 0, 0, 0, 0, 0, 0, 0, 0, 0 ], [ 0, 1, -1, -1, -1, -2, 1, 1, 0, 0, 0, 0, 0, 0, 0, 0, 0 ], 
                  [ 0, -1, 1, 1, 0, 1, -2, 0, -1, 0, 0, 0, 0, 0, 0, 0, 0 ], [ 0, -1, 0, 0, 1, 1, 0, -2, 0, 0, 0, 0, 0, 0, 0, 0, 0 ], 
                  [ 0, -1, 1, 1, 0, 0, -1, 0, -2, 0, 0, 0, 0, 0, 0, 0, 0 ], [ 0, 0, 0, 0, 0, 0, 0, 0, 0, -2, -1, 1, 1, 0, 0, -1, 0 ], 
                  [ 0, 0, 0, 0, 0, 0, 0, 0, 0, -1, -2, 1, 0, 0, 0, 0, 0 ], [ 0, 0, 0, 0, 0, 0, 0, 0, 0, 1, 1, -2, -1, 0, 0, 0, 0 ], 
                  [ 0, 0, 0, 0, 0, 0, 0, 0, 0, 1, 0, -1, -2, 0, 0, 1, 0 ], [ 0, 0, 0, 0, 0, 0, 0, 0, 0, 0, 0, 0, 0, -2, 1, 0, 0 ], 
                  [ 0, 0, 0, 0, 0, 0, 0, 0, 0, 0, 0, 0, 0, 1, 2, 0, 0 ], [ 0, 0, 0, 0, 0, 0, 0, 0, 0, -1, 0, 0, 1, 0, 0, -6, 0 ], 
                  [ 1, 0, 0, 0, 0, 0, 0, 0, 0, 0, 0, 0, 0, 0, 0, 0, 0 ] ] ],
          method := "Nikulin uniqueness",
          spinorPrimes := [  ] ),
      ampleflag := true,
      basisdual := [ [ 1, 3, 0, 2, 2 ], [ 0, 4, 0, 0, 0 ], [ 0, 0, 1, 4, 9 ], [ 0, 0, 0, 5, 5 ], [ 0, 0, 0, 0, 10 ] ],
      extdeg := 2,
      extgroupgens := [ [ 1, 0, 0 ], [ 0, 10, 0 ], [ 0, 0, 20 ] ],
      h := [ 2, -1, 2, -2, -1 ],
      rho := 5,
      sprats := rec(
          nopss := [ 2, 3 ],
          scons := [ [ [ 2, -1, 6, -5, -3 ], [ 2, -1, -2, 1, 1 ] ], [ [ 2, -1, 1, -1, -1 ], [ 2, -1, 3, -3, -1 ] ], [ [ 2, -1, 3, -2, -2 ], [ 2, -1, 1, -2, 0 ] ] ],
          slins := [ [ [ 1, -1, 2, -2, -1 ], [ 1, 0, 0, 0, 0 ] ], [ [ 1, -1, 0, 0, 0 ], [ 1, 0, 2, -2, -1 ] ] ] ) ), rec(
      Gram := [ [ -2, 0, 8, 6, 12 ], [ 0, -4, 0, 0, 0 ], [ 8, 0, -22, -15, -36 ], [ 6, 0, -15, -12, -24 ], [ 12, 0, -36, -24, -60 ] ],
      Trec := rec(
          count := 1,
          grams := [ [ [ 0, 0, 0, 0, 0, 0, 0, 0, 0, 0, 0, 0, 0, 0, 0, 0, 1 ], [ 0, 0, 0, 0, 0, 0, 0, 0, 0, 0, 0, 0, 0, 0, 0, 1, 0 ], 
                  [ 0, 0, -2, -1, -1, 1, 1, 1, -1, 1, 0, 0, 0, 0, 0, 0, 0 ], [ 0, 0, -1, -2, 0, 1, 0, 1, -1, 0, 0, 0, 0, 0, 0, 0, 0 ], 
                  [ 0, 0, -1, 0, -2, 1, 0, 0, 0, 1, 0, 0, 0, 0, 0, 0, 0 ], [ 0, 0, 1, 1, 1, -2, 0, 0, 1, 0, 0, 0, 0, 0, 0, 0, 0 ], 
                  [ 0, 0, 1, 0, 0, 0, -2, 0, 0, 0, 0, 0, 0, 0, 0, 0, 0 ], [ 0, 0, 1, 1, 0, 0, 0, -2, 1, -1, 0, 0, 0, 0, 0, 0, 0 ], 
                  [ 0, 0, -1, -1, 0, 1, 0, 1, -2, 0, 0, 0, 0, 0, 0, 0, 0 ], [ 0, 0, 1, 0, 1, 0, 0, -1, 0, -2, 0, 0, 0, 0, 0, 0, 0 ], 
                  [ 0, 0, 0, 0, 0, 0, 0, 0, 0, 0, -2, 0, 0, -1, 0, 0, 0 ], [ 0, 0, 0, 0, 0, 0, 0, 0, 0, 0, 0, -2, 0, 0, 0, 0, 0 ], 
                  [ 0, 0, 0, 0, 0, 0, 0, 0, 0, 0, 0, 0, -2, 1, 0, 0, 0 ], [ 0, 0, 0, 0, 0, 0, 0, 0, 0, 0, -1, 0, 1, -4, 0, 0, 0 ], 
                  [ 0, 0, 0, 0, 0, 0, 0, 0, 0, 0, 0, 0, 0, 0, -12, 0, 0 ], [ 0, 1, 0, 0, 0, 0, 0, 0, 0, 0, 0, 0, 0, 0, 0, 0, 0 ], 
                  [ 1, 0, 0, 0, 0, 0, 0, 0, 0, 0, 0, 0, 0, 0, 0, 0, 0 ] ] ],
          method := "Nikulin uniqueness",
          spinorPrimes := [  ] ),
      ampleflag := true,
      basisdual := [ [ 2, 2, 0, 0, 0 ], [ 0, 4, 0, 0, 0 ], [ 0, 0, 1, 1, 7 ], [ 0, 0, 0, 3, 3 ], [ 0, 0, 0, 0, 12 ] ],
      extdeg := 1,
      extgroupgens := [ [ 2, 0, 0 ], [ 0, 12, 0 ], [ 0, 0, 12 ] ],
      h := [ 1, 0, 2, 0, -1 ],
      rho := 5,
      sprats := rec(
          nopss := [ 0, 6 ],
          scons := [ [ [ 1, -1, 2, 0, -1 ], [ 1, 1, 2, 0, -1 ] ], [ [ 1, 0, 1, -1, 0 ], [ 1, 0, 3, 1, -2 ] ], [ [ 1, 0, 3, -1, -1 ], [ 1, 0, 1, 1, -1 ] ], 
              [ [ 1, 0, -2, 1, 1 ], [ 1, 0, 6, -1, -3 ] ], [ [ 1, 0, 0, 1, 0 ], [ 1, 0, 4, -1, -2 ] ], [ [ 1, 0, 0, 0, 0 ], [ 1, 0, 4, 0, -2 ] ] ],
          slins := [  ] ) ), rec(
      Gram := [ [ -30, -7, -7, -30, -30 ], [ -7, -4, 0, 0, -15 ], [ -7, 0, -4, -15, 0 ], [ -30, 0, -15, -60, 0 ], [ -30, -15, 0, 0, -60 ] ],
      Trec := rec(
          count := 1,
          grams := [ [ [ -2, -1, -1, 1, 1, 1, -1, 0, 0, 0, 0, -1, -1, -1, 1, 0, 0 ], [ -1, -2, 0, 0, 0, 0, 0, 0, 0, 0, 0, -1, 0, 0, 0, 0, 0 ], 
                  [ -1, 0, -2, 0, 1, 1, -1, 0, 0, 0, 0, 0, -1, 0, 1, 0, 0 ], [ 1, 0, 0, -2, -1, -1, 1, 0, 0, 0, 0, 0, 1, 1, 0, 0, 0 ], 
                  [ 1, 0, 1, -1, -2, -1, 1, 0, 0, 0, 0, 0, 1, 1, 0, 0, 0 ], [ 1, 0, 1, -1, -1, -2, 1, 0, 0, 0, 0, 0, 1, 1, -1, 0, 0 ], 
                  [ -1, 0, -1, 1, 1, 1, -2, 0, 0, 0, 0, 0, -1, 0, 1, 0, 0 ], [ 0, 0, 0, 0, 0, 0, 0, -2, -1, -1, 1, -1, -1, 1, 1, 0, 1 ], 
                  [ 0, 0, 0, 0, 0, 0, 0, -1, -2, -1, 0, -1, -1, 0, 1, 0, 0 ], [ 0, 0, 0, 0, 0, 0, 0, -1, -1, -2, 0, 0, 0, 0, 0, 0, 1 ], 
                  [ 0, 0, 0, 0, 0, 0, 0, 1, 0, 0, -2, 0, 0, -1, 0, 0, -1 ], [ -1, -1, 0, 0, 0, 0, 0, -1, -1, 0, 0, -4, -2, 0, 2, 0, -1 ], 
                  [ -1, 0, -1, 1, 1, 1, -1, -1, -1, 0, 0, -2, -4, 0, 1, 0, 0 ], [ -1, 0, 0, 1, 1, 1, 0, 1, 0, 0, -1, 0, 0, -4, -1, 0, 0 ], 
                  [ 1, 0, 1, 0, 0, -1, 1, 1, 1, 0, 0, 2, 1, -1, -2, 1, 1 ], [ 0, 0, 0, 0, 0, 0, 0, 0, 0, 0, 0, 0, 0, 0, 1, 2, 0 ], 
                  [ 0, 0, 0, 0, 0, 0, 0, 1, 0, 1, -1, -1, 0, 0, 1, 0, -4 ] ] ],
          method := "Nikulin uniqueness",
          spinorPrimes := [  ] ),
      ampleflag := true,
      basisdual := [ [ 2, 0, 0, 9, 9 ], [ 0, 1, 0, 0, 4 ], [ 0, 0, 1, 4, 0 ], [ 0, 0, 0, 15, 0 ], [ 0, 0, 0, 0, 15 ] ],
      extdeg := 1,
      extgroupgens := [ [ 15, 0 ], [ 0, 30 ] ],
      h := [ 1, 2, 2, -1, -1 ],
      rho := 5,
      sprats := rec(
          nopss := [ 0, 4 ],
          scons := [ [ [ 1, 1, 2, -1, -1 ], [ 1, 3, 2, -1, -1 ] ], [ [ 1, 6, 2, -1, -2 ], [ 1, -2, 2, -1, 0 ] ], [ [ 1, 2, 1, -1, -1 ], [ 1, 2, 3, -1, -1 ] ], 
              [ [ 1, 2, 6, -2, -1 ], [ 1, 2, -2, 0, -1 ] ] ],
          slins := [  ] ) ), rec(
      Gram := [ [ -126, -940, -1170, -334, -1254 ], [ -940, -7054, -8778, -2508, -9405 ], [ -1170, -8778, -10924, -3121, -11704 ], [ -334, -2508, -3121, -892, -3344 ], 
          [ -1254, -9405, -11704, -3344, -12540 ] ],
      Trec := rec(
          count := 1,
          grams := [ [ [ 0, 0, 0, 0, 0, 0, 0, 0, 0, 0, 0, 0, 0, 0, 0, 0, 1 ], [ 0, -2, -1, -1, -1, 1, 1, -1, 1, 0, 0, 0, 0, 0, 0, 0, 0 ], 
                  [ 0, -1, -2, 0, -1, 1, 1, 0, 1, 0, 0, 0, 0, 0, 0, 0, 0 ], [ 0, -1, 0, -2, -1, 0, 1, -1, 1, 0, 0, 0, 0, 0, 0, 0, 0 ], 
                  [ 0, -1, -1, -1, -2, 0, 1, 0, 1, 0, 0, 0, 0, 0, 0, 0, 0 ], [ 0, 1, 1, 0, 0, -2, 0, 0, -1, 0, 0, 0, 0, 0, 0, 0, 0 ], 
                  [ 0, 1, 1, 1, 1, 0, -2, 1, -1, 0, 0, 0, 0, 0, 0, 0, 0 ], [ 0, -1, 0, -1, 0, 0, 1, -2, 0, 0, 0, 0, 0, 0, 0, 0, 0 ], 
                  [ 0, 1, 1, 1, 1, -1, -1, 0, -2, 0, 0, 0, 0, 0, 0, 0, 0 ], [ 0, 0, 0, 0, 0, 0, 0, 0, 0, -2, 1, -1, 1, -1, -1, -1, 0 ], 
                  [ 0, 0, 0, 0, 0, 0, 0, 0, 0, 1, -2, 0, 0, 0, 0, 0, 0 ], [ 0, 0, 0, 0, 0, 0, 0, 0, 0, -1, 0, -2, 1, -1, -1, 0, 0 ], 
                  [ 0, 0, 0, 0, 0, 0, 0, 0, 0, 1, 0, 1, -2, 1, 1, 1, 0 ], [ 0, 0, 0, 0, 0, 0, 0, 0, 0, -1, 0, -1, 1, -2, -1, 0, 0 ], 
                  [ 0, 0, 0, 0, 0, 0, 0, 0, 0, -1, 0, -1, 1, -1, -2, -1, 0 ], [ 0, 0, 0, 0, 0, 0, 0, 0, 0, -1, 0, 0, 1, 0, -1, 58, 0 ], 
                  [ 1, 0, 0, 0, 0, 0, 0, 0, 0, 0, 0, 0, 0, 0, 0, 0, 0 ] ] ],
          method := "Nikulin uniqueness",
          spinorPrimes := [  ] ),
      ampleflag := true,
      basisdual := [ [ 2, 0, 0, 0, 22 ], [ 0, 1, 0, 0, 157 ], [ 0, 0, 1, 0, 195 ], [ 0, 0, 0, 1, 56 ], [ 0, 0, 0, 0, 209 ] ],
      extdeg := 1,
      extgroupgens := [ [ 418 ] ],
      h := [ 1, 2, 2, 2, -4 ],
      rho := 5,
      sprats := rec(
          nopss := [ 0, 4 ],
          scons := [ [ [ 1, -2, 2, 2, -1 ], [ 1, 6, 2, 2, -7 ] ], [ [ 1, 2, -2, 1, 0 ], [ 1, 2, 6, 3, -8 ] ], [ [ 1, 1, 2, 1, -3 ], [ 1, 3, 2, 3, -5 ] ], 
              [ [ 1, 2, 1, -2, -2 ], [ 1, 2, 3, 6, -6 ] ] ],
          slins := [  ] ) ), rec(
      Gram := [ [ -870, -2173, -1352, -386, -2898 ], [ -2173, -5434, -3381, -966, -7245 ], [ -1352, -3381, -2104, -601, -4508 ], [ -386, -966, -601, -172, -1288 ], 
          [ -2898, -7245, -4508, -1288, -9660 ] ],
      Trec := rec(
          count := 1,
          grams := [ [ [ -2, 1, 1, 1, -1, 1, -1, 1, 0, 0, 0, 0, 0, 0, 0, 0, 0 ], [ 1, -2, -1, -1, 0, -1, 0, -1, 0, 0, 0, 0, 0, 0, 0, 0, 0 ], 
                  [ 1, -1, -2, 0, 0, 0, 1, -1, 0, 0, 0, 0, 0, 0, 0, 0, 0 ], [ 1, -1, 0, -2, 1, -1, 0, -1, 0, 0, 0, 0, 0, 0, 0, 0, 0 ], 
                  [ -1, 0, 0, 1, -2, 1, 0, 1, 0, 0, 0, 0, 0, 0, 0, 0, 0 ], [ 1, -1, 0, -1, 1, -2, 0, -1, 0, 0, 0, 0, 0, 0, 0, 0, 0 ], 
                  [ -1, 0, 1, 0, 0, 0, -2, 0, 0, 0, 0, 0, 0, 0, 0, 0, 0 ], [ 1, -1, -1, -1, 1, -1, 0, -2, 0, 0, 0, 0, 0, 0, 0, 0, 0 ], 
                  [ 0, 0, 0, 0, 0, 0, 0, 0, -2, 1, 1, -1, 1, -1, -1, -1, 0 ], [ 0, 0, 0, 0, 0, 0, 0, 0, 1, -2, -1, 1, 0, 0, 0, -1, 0 ], 
                  [ 0, 0, 0, 0, 0, 0, 0, 0, 1, -1, -2, 0, 0, 0, 0, 0, 0 ], [ 0, 0, 0, 0, 0, 0, 0, 0, -1, 1, 0, -2, 0, 0, 0, 1, 0 ], 
                  [ 0, 0, 0, 0, 0, 0, 0, 0, 1, 0, 0, 0, -2, 1, 1, 1, 0 ], [ 0, 0, 0, 0, 0, 0, 0, 0, -1, 0, 0, 0, 1, -2, -1, -1, 0 ], 
                  [ 0, 0, 0, 0, 0, 0, 0, 0, -1, 0, 0, 0, 1, -1, -2, -1, 0 ], [ 0, 0, 0, 0, 0, 0, 0, 0, -1, -1, 0, 1, 1, -1, -1, 2, 0 ], 
                  [ 0, 0, 0, 0, 0, 0, 0, 0, 0, 0, 0, 0, 0, 0, 0, 0, 14 ] ] ],
          method := "Nikulin uniqueness",
          spinorPrimes := [  ] ),
      ampleflag := true,
      basisdual := [ [ 2, 0, 0, 0, 49 ], [ 0, 1, 0, 0, 121 ], [ 0, 0, 1, 0, 75 ], [ 0, 0, 0, 1, 22 ], [ 0, 0, 0, 0, 161 ] ],
      extdeg := 1,
      extgroupgens := [ [ 322 ] ],
      h := [ 1, 2, 2, 2, -3 ],
      rho := 5,
      sprats := rec(
          nopss := [ 0, 5 ],
          scons := [ [ [ 1, -2, 2, 2, 0 ], [ 1, 6, 2, 2, -6 ] ], [ [ 1, 2, -2, 1, -1 ], [ 1, 2, 6, 3, -5 ] ], [ [ 1, 1, 2, 0, -2 ], [ 1, 3, 2, 4, -4 ] ], 
              [ [ 1, 2, 1, -2, -2 ], [ 1, 2, 3, 6, -4 ] ], [ [ 1, 1, 3, 4, -3 ], [ 1, 3, 1, 0, -3 ] ] ],
          slins := [  ] ) ), rec(
      Gram := [ [ -1086, -301, -964, -240, -1206 ], [ -301, -84, -268, -67, -335 ], [ -964, -268, -858, -215, -1072 ], [ -240, -67, -215, -56, -268 ], 
          [ -1206, -335, -1072, -268, -1340 ] ],
      Trec := rec(
          count := 1,
          grams := [ [ [ 0, 0, 0, 0, 0, 0, 0, 0, 0, 0, 0, 0, 0, 0, 0, 0, 1 ], [ 0, -2, -1, -1, 1, 1, -1, -1, 1, 0, 0, 0, 0, 0, 0, 0, 0 ], 
                  [ 0, -1, -2, 0, 1, 1, 0, -1, 1, 0, 0, 0, 0, 0, 0, 0, 0 ], [ 0, -1, 0, -2, 1, 0, -1, 0, 1, 0, 0, 0, 0, 0, 0, 0, 0 ], 
                  [ 0, 1, 1, 1, -2, -1, 1, 0, -1, 0, 0, 0, 0, 0, 0, 0, 0 ], [ 0, 1, 1, 0, -1, -2, 1, 0, -1, 0, 0, 0, 0, 0, 0, 0, 0 ], 
                  [ 0, -1, 0, -1, 1, 1, -2, 0, 1, 0, 0, 0, 0, 0, 0, 0, 0 ], [ 0, -1, -1, 0, 0, 0, 0, -2, 0, 0, 0, 0, 0, 0, 0, 0, 0 ], 
                  [ 0, 1, 1, 1, -1, -1, 1, 0, -2, 0, 0, 0, 0, 0, 0, 0, 0 ], [ 0, 0, 0, 0, 0, 0, 0, 0, 0, -2, -1, 1, -1, -1, -1, -1, 0 ], 
                  [ 0, 0, 0, 0, 0, 0, 0, 0, 0, -1, -2, 0, 0, 0, 0, -1, 0 ], [ 0, 0, 0, 0, 0, 0, 0, 0, 0, 1, 0, -2, 1, 1, 1, 1, 0 ], 
                  [ 0, 0, 0, 0, 0, 0, 0, 0, 0, -1, 0, 1, -2, -1, -1, -1, 0 ], [ 0, 0, 0, 0, 0, 0, 0, 0, 0, -1, 0, 1, -1, -2, -1, -1, 0 ], 
                  [ 0, 0, 0, 0, 0, 0, 0, 0, 0, -1, 0, 1, -1, -1, -2, -1, 0 ], [ 0, 0, 0, 0, 0, 0, 0, 0, 0, -1, -1, 1, -1, -1, -1, 56, 0 ], 
                  [ 1, 0, 0, 0, 0, 0, 0, 0, 0, 0, 0, 0, 0, 0, 0, 0, 0 ] ] ],
          method := "Nikulin uniqueness",
          spinorPrimes := [  ] ),
      ampleflag := true,
      basisdual := [ [ 2, 0, 0, 0, 61 ], [ 0, 1, 0, 0, 17 ], [ 0, 0, 1, 1, 54 ], [ 0, 0, 0, 3, 14 ], [ 0, 0, 0, 0, 67 ] ],
      extdeg := 1,
      extgroupgens := [ [ 402 ] ],
      h := [ 1, 2, 2, 0, -3 ],
      rho := 5,
      sprats := rec(
          nopss := [ 0, 4 ],
          scons := [ [ [ 1, 6, 2, 0, -4 ], [ 1, -2, 2, 0, -2 ] ], [ [ 1, 2, 1, -1, -2 ], [ 1, 2, 3, 1, -4 ] ], [ [ 1, 2, 6, -1, -6 ], [ 1, 2, -2, 1, 0 ] ], 
              [ [ 1, 1, 1, 0, -2 ], [ 1, 3, 3, 0, -4 ] ] ],
          slins := [  ] ) ), rec(
      Gram := [ [ -310, -277, -372, -250, -370 ], [ -277, -250, -333, -222, -333 ], [ -372, -333, -448, -301, -444 ], [ -250, -222, -301, -204, -296 ], 
          [ -370, -333, -444, -296, -444 ] ],
      Trec := rec(
          count := 1,
          grams := [ [ [ -2, 1, 1, 1, -1, 1, -1, -1, 0, 0, 0, 0, 0, 0, 0, 0, 0 ], [ 1, -2, -1, -1, 0, -1, 0, 1, 0, 0, 0, 0, 0, 0, 0, 0, 0 ], 
                  [ 1, -1, -2, 0, 0, 0, 1, 1, 0, 0, 0, 0, 0, 0, 0, 0, 0 ], [ 1, -1, 0, -2, 1, -1, 0, 1, 0, 0, 0, 0, 0, 0, 0, 0, 0 ], 
                  [ -1, 0, 0, 1, -2, 1, 0, 0, 0, 0, 0, 0, 0, 0, 0, 0, 0 ], [ 1, -1, 0, -1, 1, -2, 0, 0, 0, 0, 0, 0, 0, 0, 0, 0, 0 ], 
                  [ -1, 0, 1, 0, 0, 0, -2, -1, 0, 0, 0, 0, 0, 0, 0, 0, 0 ], [ -1, 1, 1, 1, 0, 0, -1, -2, 0, 0, 0, 0, 0, 0, 0, 0, 0 ], 
                  [ 0, 0, 0, 0, 0, 0, 0, 0, -2, -1, -1, 1, 1, -1, -1, -1, -1 ], [ 0, 0, 0, 0, 0, 0, 0, 0, -1, -2, 0, 1, 1, 0, -1, -1, -1 ], 
                  [ 0, 0, 0, 0, 0, 0, 0, 0, -1, 0, -2, 1, 1, 0, -1, -1, 2 ], [ 0, 0, 0, 0, 0, 0, 0, 0, 1, 1, 1, -2, -1, 0, 1, 0, 0 ], 
                  [ 0, 0, 0, 0, 0, 0, 0, 0, 1, 1, 1, -1, -2, 0, 1, 0, 0 ], [ 0, 0, 0, 0, 0, 0, 0, 0, -1, 0, 0, 0, 0, -2, 0, -2, -1 ], 
                  [ 0, 0, 0, 0, 0, 0, 0, 0, -1, -1, -1, 1, 1, 0, -2, 0, 0 ], [ 0, 0, 0, 0, 0, 0, 0, 0, -1, -1, -1, 0, 0, -2, 0, 2, -2 ], 
                  [ 0, 0, 0, 0, 0, 0, 0, 0, -1, -1, 2, 0, 0, -1, 0, -2, 6 ] ] ],
          method := "Nikulin uniqueness",
          spinorPrimes := [  ] ),
      ampleflag := true,
      basisdual := [ [ 2, 0, 0, 4, 31 ], [ 0, 1, 0, 0, 28 ], [ 0, 0, 1, 4, 36 ], [ 0, 0, 0, 5, 23 ], [ 0, 0, 0, 0, 37 ] ],
      extdeg := 1,
      extgroupgens := [ [ 370 ] ],
      h := [ 1, 2, 2, -2, -3 ],
      rho := 5,
      sprats := rec(
          nopss := [ 0, 4 ],
          scons := [ [ [ 1, -2, 2, -2, 0 ], [ 1, 6, 2, -2, -6 ] ], [ [ 1, 2, -2, 1, -1 ], [ 1, 2, 6, -5, -5 ] ], [ [ 1, 2, 1, -2, -2 ], [ 1, 2, 3, -2, -4 ] ], 
              [ [ 1, 1, 1, -1, -2 ], [ 1, 3, 3, -3, -4 ] ] ],
          slins := [  ] ) ), rec(
      Gram := [ [ -422, -150, -240, -360, -602 ], [ -150, -54, -86, -129, -215 ], [ -240, -86, -138, -207, -344 ], [ -360, -129, -207, -312, -516 ], 
          [ -602, -215, -344, -516, -860 ] ],
      Trec := rec(
          count := 1,
          grams := [ [ [ 0, 0, 0, 0, 0, 0, 0, 0, 0, 0, 0, 0, 0, 0, 0, 0, 1 ], [ 0, -2, -1, -1, -1, 1, -1, -1, 1, 0, 0, 0, 0, 0, 0, 0, 0 ], 
                  [ 0, -1, -2, 0, 0, 1, -1, 0, 1, 0, 0, 0, 0, 0, 0, 0, 0 ], [ 0, -1, 0, -2, 0, 0, -1, -1, 1, 0, 0, 0, 0, 0, 0, 0, 0 ], 
                  [ 0, -1, 0, 0, -2, 0, 0, 0, 0, 0, 0, 0, 0, 0, 0, 0, 0 ], [ 0, 1, 1, 0, 0, -2, 1, 0, -1, 0, 0, 0, 0, 0, 0, 0, 0 ], 
                  [ 0, -1, -1, -1, 0, 1, -2, 0, 1, 0, 0, 0, 0, 0, 0, 0, 0 ], [ 0, -1, 0, -1, 0, 0, 0, -2, 0, 0, 0, 0, 0, 0, 0, 0, 0 ], 
                  [ 0, 1, 1, 1, 0, -1, 1, 0, -2, 0, 0, 0, 0, 0, 0, 0, 0 ], [ 0, 0, 0, 0, 0, 0, 0, 0, 0, -2, -1, 1, -1, 1, 1, 1, 0 ], 
                  [ 0, 0, 0, 0, 0, 0, 0, 0, 0, -1, -2, 1, -1, 1, 1, 0, 0 ], [ 0, 0, 0, 0, 0, 0, 0, 0, 0, 1, 1, -2, 1, -1, -1, 0, 0 ], 
                  [ 0, 0, 0, 0, 0, 0, 0, 0, 0, -1, -1, 1, -2, 1, 1, 0, 0 ], [ 0, 0, 0, 0, 0, 0, 0, 0, 0, 1, 1, -1, 1, -2, -1, 0, 0 ], 
                  [ 0, 0, 0, 0, 0, 0, 0, 0, 0, 1, 1, -1, 1, -1, -2, 0, 0 ], [ 0, 0, 0, 0, 0, 0, 0, 0, 0, 1, 0, 0, 0, 0, 0, 36, 0 ], 
                  [ 1, 0, 0, 0, 0, 0, 0, 0, 0, 0, 0, 0, 0, 0, 0, 0, 0 ] ] ],
          method := "Nikulin uniqueness",
          spinorPrimes := [  ] ),
      ampleflag := true,
      basisdual := [ [ 2, 0, 0, 0, 32 ], [ 0, 1, 0, 0, 11 ], [ 0, 0, 1, 1, 17 ], [ 0, 0, 0, 3, 24 ], [ 0, 0, 0, 0, 43 ] ],
      extdeg := 1,
      extgroupgens := [ [ 258 ] ],
      h := [ 1, 2, 2, 0, -2 ],
      rho := 5,
      sprats := rec(
          nopss := [ 0, 6 ],
          scons := [ [ [ 1, 6, 2, 0, -3 ], [ 1, -2, 2, 0, -1 ] ], [ [ 1, 3, 3, -1, -2 ], [ 1, 1, 1, 1, -2 ] ], [ [ 1, 2, 1, -1, -1 ], [ 1, 2, 3, 1, -3 ] ], 
              [ [ 1, 3, 0, 1, -2 ], [ 1, 1, 4, -1, -2 ] ], [ [ 1, 2, -2, 1, -1 ], [ 1, 2, 6, -1, -3 ] ], [ [ 1, 3, 4, 0, -3 ], [ 1, 1, 0, 0, -1 ] ] ],
          slins := [  ] ) ), rec(
      Gram := [ [ -18, -2, -7, -30, -6 ], [ -2, -4, 0, 0, -6 ], [ -7, 0, -4, -15, 0 ], [ -30, 0, -15, -60, 0 ], [ -6, -6, 0, 0, -12 ] ],
      Trec := rec(
          count := 1,
          grams := [ [ [ 0, 0, 0, 0, 0, 0, 0, 0, 0, 0, 0, 0, 0, 0, 0, 0, 1 ], [ 0, -2, -1, -1, -1, 1, 1, 0, 0, 0, 0, 0, 0, 0, 0, 0, 0 ], 
                  [ 0, -1, -2, 0, 0, 1, 1, 0, 0, 0, 0, 0, 0, 0, 0, 0, 0 ], [ 0, -1, 0, -2, 0, 0, 1, 0, 0, 0, 0, 0, 0, 0, 0, 0, 0 ], 
                  [ 0, -1, 0, 0, -2, 0, 0, 0, 0, 0, 0, 0, 0, 0, 0, 0, 0 ], [ 0, 1, 1, 0, 0, -2, -1, 0, 0, 0, 0, 0, 0, 0, 0, 0, 0 ], 
                  [ 0, 1, 1, 1, 0, -1, -2, 0, 0, 0, 0, 0, 0, 0, 0, 0, 0 ], [ 0, 0, 0, 0, 0, 0, 0, -2, 1, 0, 0, 0, 0, 0, 0, 0, 0 ], 
                  [ 0, 0, 0, 0, 0, 0, 0, 1, -2, 0, 0, 0, 0, 0, 0, 0, 0 ], [ 0, 0, 0, 0, 0, 0, 0, 0, 0, -2, 1, -1, 1, 1, 1, 0, 0 ], 
                  [ 0, 0, 0, 0, 0, 0, 0, 0, 0, 1, -2, 1, -1, 0, 0, 0, 0 ], [ 0, 0, 0, 0, 0, 0, 0, 0, 0, -1, 1, -2, 0, 0, 0, 0, 0 ], 
                  [ 0, 0, 0, 0, 0, 0, 0, 0, 0, 1, -1, 0, -2, 0, 0, 0, 0 ], [ 0, 0, 0, 0, 0, 0, 0, 0, 0, 1, 0, 0, 0, -2, -1, 0, 0 ], 
                  [ 0, 0, 0, 0, 0, 0, 0, 0, 0, 1, 0, 0, 0, -1, -2, 0, 0 ], [ 0, 0, 0, 0, 0, 0, 0, 0, 0, 0, 0, 0, 0, 0, 0, 10, 0 ], 
                  [ 1, 0, 0, 0, 0, 0, 0, 0, 0, 0, 0, 0, 0, 0, 0, 0, 0 ] ] ],
          method := "Nikulin uniqueness",
          spinorPrimes := [  ] ),
      ampleflag := true,
      basisdual := [ [ 2, 0, 0, 9, 4 ], [ 0, 2, 0, 0, 4 ], [ 0, 0, 1, 4, 0 ], [ 0, 0, 0, 15, 0 ], [ 0, 0, 0, 0, 6 ] ],
      extdeg := 1,
      extgroupgens := [ [ 2, 0, 0 ], [ 0, 6, 0 ], [ 0, 0, 30 ] ],
      h := [ 1, 1, 2, -1, -1 ],
      rho := 5,
      sprats := rec(
          nopss := [ 0, 5 ],
          scons := [ [ [ 1, 1, 1, -1, -1 ], [ 1, 1, 3, -1, -1 ] ], [ [ 1, 1, 6, -2, -1 ], [ 1, 1, -2, 0, -1 ] ], [ [ 1, 0, 2, -1, -1 ], [ 1, 2, 2, -1, -1 ] ], 
              [ [ 1, -1, 2, -1, 0 ], [ 1, 3, 2, -1, -2 ] ], [ [ 1, 2, 2, -1, -2 ], [ 1, 0, 2, -1, 0 ] ] ],
          slins := [  ] ) ), rec(
      Gram := [ [ -1206, -860, -1492, -918, -1722 ], [ -860, -616, -1066, -656, -1230 ], [ -1492, -1066, -1848, -1137, -2132 ], [ -918, -656, -1137, -700, -1312 ], 
          [ -1722, -1230, -2132, -1312, -2460 ] ],
      Trec := rec(
          count := 1,
          grams := [ [ [ 0, 0, 0, 0, 0, 0, 0, 0, 0, 0, 0, 0, 0, 0, 0, 0, 1 ], [ 0, -2, -1, -1, -1, 1, -1, -1, 1, 0, 0, 0, 0, 0, 0, 0, 0 ], 
                  [ 0, -1, -2, 0, 0, 1, -1, 0, 1, 0, 0, 0, 0, 0, 0, 0, 0 ], [ 0, -1, 0, -2, 0, 0, -1, -1, 1, 0, 0, 0, 0, 0, 0, 0, 0 ], 
                  [ 0, -1, 0, 0, -2, 0, 0, 0, 0, 0, 0, 0, 0, 0, 0, 0, 0 ], [ 0, 1, 1, 0, 0, -2, 1, 0, -1, 0, 0, 0, 0, 0, 0, 0, 0 ], 
                  [ 0, -1, -1, -1, 0, 1, -2, 0, 1, 0, 0, 0, 0, 0, 0, 0, 0 ], [ 0, -1, 0, -1, 0, 0, 0, -2, 0, 0, 0, 0, 0, 0, 0, 0, 0 ], 
                  [ 0, 1, 1, 1, 0, -1, 1, 0, -2, 0, 0, 0, 0, 0, 0, 0, 0 ], [ 0, 0, 0, 0, 0, 0, 0, 0, 0, -2, -1, -1, 0, 0, -1, 1, 0 ], 
                  [ 0, 0, 0, 0, 0, 0, 0, 0, 0, -1, -2, 0, 0, 0, -1, 1, 0 ], [ 0, 0, 0, 0, 0, 0, 0, 0, 0, -1, 0, -2, 0, 0, -1, 1, 0 ], 
                  [ 0, 0, 0, 0, 0, 0, 0, 0, 0, 0, 0, 0, -2, -1, -1, -1, 0 ], [ 0, 0, 0, 0, 0, 0, 0, 0, 0, 0, 0, 0, -1, -2, -1, -1, 0 ], 
                  [ 0, 0, 0, 0, 0, 0, 0, 0, 0, -1, -1, -1, -1, -1, -4, 0, 0 ], [ 0, 0, 0, 0, 0, 0, 0, 0, 0, 1, 1, 1, -1, -1, 0, 10, 0 ], 
                  [ 1, 0, 0, 0, 0, 0, 0, 0, 0, 0, 0, 0, 0, 0, 0, 0, 0 ] ] ],
          method := "Nikulin uniqueness",
          spinorPrimes := [  ] ),
      ampleflag := true,
      basisdual := [ [ 2, 0, 0, 0, 58 ], [ 0, 2, 0, 0, 42 ], [ 0, 0, 1, 0, 71 ], [ 0, 0, 0, 1, 44 ], [ 0, 0, 0, 0, 82 ] ],
      extdeg := 1,
      extgroupgens := [ [ 2, 0, 0 ], [ 0, 2, 0 ], [ 0, 0, 82 ] ],
      h := [ 1, 1, 2, 2, -4 ],
      rho := 5,
      sprats := rec(
          nopss := [ 0, 5 ],
          scons := [ [ [ 1, 1, 6, 3, -8 ], [ 1, 1, -2, 1, 0 ] ], [ [ 1, 1, 1, -2, -1 ], [ 1, 1, 3, 6, -7 ] ], [ [ 1, -1, 2, 2, -3 ], [ 1, 3, 2, 2, -5 ] ], 
              [ [ 1, 0, 2, 1, -3 ], [ 1, 2, 2, 3, -5 ] ], [ [ 1, 0, 2, 3, -4 ], [ 1, 2, 2, 1, -4 ] ] ],
          slins := [  ] ) ), rec(
      Gram := [ [ -18, -86, -162, -46, -174 ], [ -86, -436, -812, -232, -870 ], [ -162, -812, -1516, -433, -1624 ], [ -46, -232, -433, -124, -464 ], 
          [ -174, -870, -1624, -464, -1740 ] ],
      Trec := rec(
          count := 1,
          grams := [ [ [ 0, 0, 0, 0, 0, 0, 0, 0, 0, 0, 0, 0, 0, 0, 0, 0, 1 ], [ 0, -2, -1, -1, -1, 1, -1, -1, 1, 0, 0, 0, 0, 0, 0, 0, 0 ], 
                  [ 0, -1, -2, 0, 0, 1, -1, -1, 1, 0, 0, 0, 0, 0, 0, 0, 0 ], [ 0, -1, 0, -2, 0, 0, -1, -1, 1, 0, 0, 0, 0, 0, 0, 0, 0 ], 
                  [ 0, -1, 0, 0, -2, 0, 0, 0, 0, 0, 0, 0, 0, 0, 0, 0, 0 ], [ 0, 1, 1, 0, 0, -2, 1, 1, -1, 0, 0, 0, 0, 0, 0, 0, 0 ], 
                  [ 0, -1, -1, -1, 0, 1, -2, -1, 1, 0, 0, 0, 0, 0, 0, 0, 0 ], [ 0, -1, -1, -1, 0, 1, -1, -2, 1, 0, 0, 0, 0, 0, 0, 0, 0 ], 
                  [ 0, 1, 1, 1, 0, -1, 1, 1, -2, 0, 0, 0, 0, 0, 0, 0, 0 ], [ 0, 0, 0, 0, 0, 0, 0, 0, 0, -2, 1, -1, 1, 1, 1, 0, 0 ], 
                  [ 0, 0, 0, 0, 0, 0, 0, 0, 0, 1, -2, 1, -1, 0, 0, 0, 0 ], [ 0, 0, 0, 0, 0, 0, 0, 0, 0, -1, 1, -2, 0, 0, 0, 0, 0 ], 
                  [ 0, 0, 0, 0, 0, 0, 0, 0, 0, 1, -1, 0, -2, 0, 0, 0, 0 ], [ 0, 0, 0, 0, 0, 0, 0, 0, 0, 1, 0, 0, 0, -2, -1, 0, 0 ], 
                  [ 0, 0, 0, 0, 0, 0, 0, 0, 0, 1, 0, 0, 0, -1, -2, 0, 0 ], [ 0, 0, 0, 0, 0, 0, 0, 0, 0, 0, 0, 0, 0, 0, 0, 58, 0 ], 
                  [ 1, 0, 0, 0, 0, 0, 0, 0, 0, 0, 0, 0, 0, 0, 0, 0, 0 ] ] ],
          method := "Nikulin uniqueness",
          spinorPrimes := [  ] ),
      ampleflag := true,
      basisdual := [ [ 2, 0, 0, 0, 6 ], [ 0, 2, 0, 0, 30 ], [ 0, 0, 1, 0, 54 ], [ 0, 0, 0, 1, 16 ], [ 0, 0, 0, 0, 58 ] ],
      extdeg := 1,
      extgroupgens := [ [ 2, 0, 0 ], [ 0, 2, 0 ], [ 0, 0, 58 ] ],
      h := [ 1, 1, 2, 2, -3 ],
      rho := 5,
      sprats := rec(
          nopss := [ 0, 7 ],
          scons := [ [ [ 1, 1, -2, 1, 1 ], [ 1, 1, 6, 3, -7 ] ], [ [ 1, 0, 1, 0, -1 ], [ 1, 2, 3, 4, -5 ] ], [ [ 1, 0, 2, 4, -3 ], [ 1, 2, 2, 0, -3 ] ], 
              [ [ 1, -1, 2, 2, -2 ], [ 1, 3, 2, 2, -4 ] ], [ [ 1, 2, 1, 0, -2 ], [ 1, 0, 3, 4, -4 ] ], [ [ 1, 1, 1, -2, -1 ], [ 1, 1, 3, 6, -5 ] ], 
              [ [ 1, 2, 2, 4, -4 ], [ 1, 0, 2, 0, -2 ] ] ],
          slins := [  ] ) ), rec(
      Gram := [ [ -24, -38, -46, -30, -78 ], [ -38, -66, -78, -52, -130 ], [ -46, -78, -94, -63, -156 ], [ -30, -52, -63, -44, -104 ], [ -78, -130, -156, -104, -260 ] ],
      Trec := rec(
          count := 1,
          grams := [ [ [ 0, 0, 0, 0, 0, 0, 0, 0, 0, 0, 0, 0, 0, 0, 0, 0, 1 ], [ 0, -2, 1, 1, 1, 1, 1, -1, -1, 0, 0, 0, 0, 0, 0, 0, 0 ], 
                  [ 0, 1, -2, -1, -1, -1, -1, 0, 1, 0, 0, 0, 0, 0, 0, 0, 0 ], [ 0, 1, -1, -2, 0, -1, -1, 0, 1, 0, 0, 0, 0, 0, 0, 0, 0 ], 
                  [ 0, 1, -1, 0, -2, -1, 0, 1, 0, 0, 0, 0, 0, 0, 0, 0, 0 ], [ 0, 1, -1, -1, -1, -2, -1, 1, 0, 0, 0, 0, 0, 0, 0, 0, 0 ], 
                  [ 0, 1, -1, -1, 0, -1, -2, 0, 1, 0, 0, 0, 0, 0, 0, 0, 0 ], [ 0, -1, 0, 0, 1, 1, 0, -2, 0, 0, 0, 0, 0, 0, 0, 0, 0 ], 
                  [ 0, -1, 1, 1, 0, 0, 1, 0, -2, 0, 0, 0, 0, 0, 0, 0, 0 ], [ 0, 0, 0, 0, 0, 0, 0, 0, 0, -2, 1, -1, 1, 0, 0, -1, 0 ], 
                  [ 0, 0, 0, 0, 0, 0, 0, 0, 0, 1, -2, 1, 0, 0, 0, 0, 0 ], [ 0, 0, 0, 0, 0, 0, 0, 0, 0, -1, 1, -2, 1, 0, 0, -1, 0 ], 
                  [ 0, 0, 0, 0, 0, 0, 0, 0, 0, 1, 0, 1, -2, 0, 0, 1, 0 ], [ 0, 0, 0, 0, 0, 0, 0, 0, 0, 0, 0, 0, 0, -2, 0, 0, 0 ], 
                  [ 0, 0, 0, 0, 0, 0, 0, 0, 0, 0, 0, 0, 0, 0, -2, 1, 0 ], [ 0, 0, 0, 0, 0, 0, 0, 0, 0, -1, 0, -1, 1, 0, 1, 18, 0 ], 
                  [ 1, 0, 0, 0, 0, 0, 0, 0, 0, 0, 0, 0, 0, 0, 0, 0, 0 ] ] ],
          method := "Nikulin uniqueness",
          spinorPrimes := [  ] ),
      ampleflag := true,
      basisdual := [ [ 2, 0, 0, 0, 8 ], [ 0, 2, 0, 0, 14 ], [ 0, 0, 1, 1, 16 ], [ 0, 0, 0, 3, 11 ], [ 0, 0, 0, 0, 26 ] ],
      extdeg := 1,
      extgroupgens := [ [ 2, 0, 0 ], [ 0, 2, 0 ], [ 0, 0, 78 ] ],
      h := [ 1, 1, 2, 0, -2 ],
      rho := 5,
      sprats := rec(
          nopss := [ 0, 5 ],
          scons := [ [ [ 1, 1, 1, -1, -1 ], [ 1, 1, 3, 1, -3 ] ], [ [ 1, 1, -2, 1, 0 ], [ 1, 1, 6, -1, -4 ] ], [ [ 1, 0, 1, 0, -1 ], [ 1, 2, 3, 0, -3 ] ], 
              [ [ 1, -1, 2, 0, -1 ], [ 1, 3, 2, 0, -3 ] ], [ [ 1, 2, 1, 0, -2 ], [ 1, 0, 3, 0, -2 ] ] ],
          slins := [  ] ) ), rec(
      Gram := [ [ -6, -19, -23, -15, -39 ], [ -19, -66, -78, -52, -130 ], [ -23, -78, -94, -63, -156 ], [ -15, -52, -63, -44, -104 ], [ -39, -130, -156, -104, -260 ] ],
      Trec := rec(
          count := 1,
          grams := [ [ [ 0, 0, 0, 0, 0, 0, 0, 0, 0, 0, 0, 0, 0, 0, 0, 0, 1 ], [ 0, -2, 1, 1, 1, 1, 1, -1, -1, 0, 0, 0, 0, 0, 0, 0, 0 ], 
                  [ 0, 1, -2, -1, -1, -1, -1, 0, 1, 0, 0, 0, 0, 0, 0, 0, 0 ], [ 0, 1, -1, -2, 0, -1, -1, 0, 1, 0, 0, 0, 0, 0, 0, 0, 0 ], 
                  [ 0, 1, -1, 0, -2, -1, 0, 1, 0, 0, 0, 0, 0, 0, 0, 0, 0 ], [ 0, 1, -1, -1, -1, -2, -1, 1, 0, 0, 0, 0, 0, 0, 0, 0, 0 ], 
                  [ 0, 1, -1, -1, 0, -1, -2, 0, 1, 0, 0, 0, 0, 0, 0, 0, 0 ], [ 0, -1, 0, 0, 1, 1, 0, -2, 0, 0, 0, 0, 0, 0, 0, 0, 0 ], 
                  [ 0, -1, 1, 1, 0, 0, 1, 0, -2, 0, 0, 0, 0, 0, 0, 0, 0 ], [ 0, 0, 0, 0, 0, 0, 0, 0, 0, -2, 1, -1, 1, 1, 1, -1, 0 ], 
                  [ 0, 0, 0, 0, 0, 0, 0, 0, 0, 1, -2, 0, -1, -1, -1, 0, 0 ], [ 0, 0, 0, 0, 0, 0, 0, 0, 0, -1, 0, -2, 1, 0, 0, -1, 0 ], 
                  [ 0, 0, 0, 0, 0, 0, 0, 0, 0, 1, -1, 1, -2, -1, -1, 1, 0 ], [ 0, 0, 0, 0, 0, 0, 0, 0, 0, 1, -1, 0, -1, -2, -1, 0, 0 ], 
                  [ 0, 0, 0, 0, 0, 0, 0, 0, 0, 1, -1, 0, -1, -1, -2, 1, 0 ], [ 0, 0, 0, 0, 0, 0, 0, 0, 0, -1, 0, -1, 1, 0, 1, 18, 0 ], 
                  [ 1, 0, 0, 0, 0, 0, 0, 0, 0, 0, 0, 0, 0, 0, 0, 0, 0 ] ] ],
          method := "Nikulin uniqueness",
          spinorPrimes := [  ] ),
      ampleflag := true,
      basisdual := [ [ 1, 0, 0, 0, 4 ], [ 0, 2, 0, 0, 14 ], [ 0, 0, 1, 1, 16 ], [ 0, 0, 0, 3, 11 ], [ 0, 0, 0, 0, 26 ] ],
      extdeg := 2,
      extgroupgens := [ [ 2, 0, 0 ], [ 0, 2, 0 ], [ 0, 0, 39 ] ],
      h := [ 2, 1, 2, 0, -2 ],
      rho := 5,
      sprats := rec(
          nopss := [ 3, 2 ],
          scons := [ [ [ 2, -1, 2, 0, -1 ], [ 2, 3, 2, 0, -3 ] ], [ [ 2, 2, 1, 0, -2 ], [ 2, 0, 3, 0, -2 ] ] ],
          slins := [ [ [ 1, 1, -1, 0, 0 ], [ 1, 0, 3, 0, -2 ] ], [ [ 1, 0, 2, -1, -1 ], [ 1, 1, 0, 1, -1 ] ], [ [ 1, 1, 3, -1, -2 ], [ 1, 0, -1, 1, 0 ] ] ] ) ), rec(
      Gram := [ [ -4, -6, -16, -8, -14 ], [ -6, -22, -42, -14, -42 ], [ -16, -42, -88, -33, -84 ], [ -8, -14, -33, -16, -28 ], [ -14, -42, -84, -28, -84 ] ],
      Trec := rec(
          count := 1,
          grams := [ [ [ -2, 1, 1, 1, -1, 1, -1, 1, 0, 0, 0, 0, 0, 0, 0, 0, 0 ], [ 1, -2, -1, 0, 0, 0, 1, -1, 0, 0, 0, 0, 0, 0, 0, 0, 0 ], 
                  [ 1, -1, -2, -1, 0, -1, 0, -1, 0, 0, 0, 0, 0, 0, 0, 0, 0 ], [ 1, 0, -1, -2, 1, -1, 0, -1, 0, 0, 0, 0, 0, 0, 0, 0, 0 ], 
                  [ -1, 0, 0, 1, -2, 1, 0, 1, 0, 0, 0, 0, 0, 0, 0, 0, 0 ], [ 1, 0, -1, -1, 1, -2, 0, -1, 0, 0, 0, 0, 0, 0, 0, 0, 0 ], 
                  [ -1, 1, 0, 0, 0, 0, -2, 0, 0, 0, 0, 0, 0, 0, 0, 0, 0 ], [ 1, -1, -1, -1, 1, -1, 0, -2, 0, 0, 0, 0, 0, 0, 0, 0, 0 ], 
                  [ 0, 0, 0, 0, 0, 0, 0, 0, -2, -1, -1, -1, -1, 1, -1, 0, -1 ], [ 0, 0, 0, 0, 0, 0, 0, 0, -1, -2, 0, -1, -1, 1, 0, 0, 1 ], 
                  [ 0, 0, 0, 0, 0, 0, 0, 0, -1, 0, -2, -1, 0, 0, -1, 0, -2 ], [ 0, 0, 0, 0, 0, 0, 0, 0, -1, -1, -1, -2, -1, 1, 0, 0, 1 ], 
                  [ 0, 0, 0, 0, 0, 0, 0, 0, -1, -1, 0, -1, -2, 1, 0, 0, 1 ], [ 0, 0, 0, 0, 0, 0, 0, 0, 1, 1, 0, 1, 1, -2, 0, 0, -1 ], 
                  [ 0, 0, 0, 0, 0, 0, 0, 0, -1, 0, -1, 0, 0, 0, -2, 0, 0 ], [ 0, 0, 0, 0, 0, 0, 0, 0, 0, 0, 0, 0, 0, 0, 0, 2, 0 ], 
                  [ 0, 0, 0, 0, 0, 0, 0, 0, -1, 1, -2, 1, 1, -1, 0, 0, 26 ] ] ],
          method := "Nikulin uniqueness",
          spinorPrimes := [  ] ),
      ampleflag := true,
      basisdual := [ [ 2, 0, 0, 4, 2 ], [ 0, 2, 0, 0, 8 ], [ 0, 0, 1, 4, 13 ], [ 0, 0, 0, 5, 3 ], [ 0, 0, 0, 0, 14 ] ],
      extdeg := 1,
      extgroupgens := [ [ 2, 0, 0 ], [ 0, 2, 0 ], [ 0, 0, 70 ] ],
      h := [ 1, 1, 2, -2, -2 ],
      rho := 5,
      sprats := rec(
          nopss := [ 0, 5 ],
          scons := [ [ [ 1, 1, -2, 1, 1 ], [ 1, 1, 6, -5, -5 ] ], [ [ 1, 0, 1, -1, -1 ], [ 1, 2, 3, -3, -3 ] ], [ [ 1, -1, 2, -2, -1 ], [ 1, 3, 2, -2, -3 ] ], 
              [ [ 1, 2, 1, -1, -2 ], [ 1, 0, 3, -3, -2 ] ], [ [ 1, 1, 1, -2, -1 ], [ 1, 1, 3, -2, -3 ] ] ],
          slins := [  ] ) ), rec(
      Gram := [ [ -2, 8, 12, 4, 14 ], [ 8, -36, -56, -14, -70 ], [ 12, -56, -90, -23, -112 ], [ 4, -14, -23, -8, -28 ], [ 14, -70, -112, -28, -140 ] ],
      Trec := rec(
          count := 1,
          grams := [ [ [ 0, 0, 0, 0, 0, 0, 0, 0, 0, 0, 0, 0, 0, 0, 0, 0, 1 ], [ 0, -2, -1, -1, -1, 1, -1, -1, 1, 0, 0, 0, 0, 0, 0, 0, 0 ], 
                  [ 0, -1, -2, 0, 0, 1, -1, -1, 1, 0, 0, 0, 0, 0, 0, 0, 0 ], [ 0, -1, 0, -2, 0, 0, -1, -1, 1, 0, 0, 0, 0, 0, 0, 0, 0 ], 
                  [ 0, -1, 0, 0, -2, 0, 0, 0, 0, 0, 0, 0, 0, 0, 0, 0, 0 ], [ 0, 1, 1, 0, 0, -2, 1, 1, -1, 0, 0, 0, 0, 0, 0, 0, 0 ], 
                  [ 0, -1, -1, -1, 0, 1, -2, -1, 1, 0, 0, 0, 0, 0, 0, 0, 0 ], [ 0, -1, -1, -1, 0, 1, -1, -2, 1, 0, 0, 0, 0, 0, 0, 0, 0 ], 
                  [ 0, 1, 1, 1, 0, -1, 1, 1, -2, 0, 0, 0, 0, 0, 0, 0, 0 ], [ 0, 0, 0, 0, 0, 0, 0, 0, 0, -2, 1, -1, 1, 1, 1, 0, 0 ], 
                  [ 0, 0, 0, 0, 0, 0, 0, 0, 0, 1, -2, 1, -1, 0, 0, 0, 0 ], [ 0, 0, 0, 0, 0, 0, 0, 0, 0, -1, 1, -2, 0, 0, 0, 0, 0 ], 
                  [ 0, 0, 0, 0, 0, 0, 0, 0, 0, 1, -1, 0, -2, 0, 0, 0, 0 ], [ 0, 0, 0, 0, 0, 0, 0, 0, 0, 1, 0, 0, 0, -2, -1, 0, 0 ], 
                  [ 0, 0, 0, 0, 0, 0, 0, 0, 0, 1, 0, 0, 0, -1, -2, 0, 0 ], [ 0, 0, 0, 0, 0, 0, 0, 0, 0, 0, 0, 0, 0, 0, 0, 42, 0 ], 
                  [ 1, 0, 0, 0, 0, 0, 0, 0, 0, 0, 0, 0, 0, 0, 0, 0, 0 ] ] ],
          method := "Nikulin uniqueness",
          spinorPrimes := [  ] ),
      ampleflag := true,
      basisdual := [ [ 2, 0, 0, 0, 0 ], [ 0, 2, 0, 0, 8 ], [ 0, 0, 1, 1, 11 ], [ 0, 0, 0, 3, 1 ], [ 0, 0, 0, 0, 14 ] ],
      extdeg := 1,
      extgroupgens := [ [ 2, 0, 0 ], [ 0, 2, 0 ], [ 0, 0, 42 ] ],
      h := [ 1, 1, 2, 0, -2 ],
      rho := 5,
      sprats := rec(
          nopss := [ 0, 9 ],
          scons := [ [ [ 1, 1, 1, -1, -1 ], [ 1, 1, 3, 1, -3 ] ], [ [ 1, 0, 3, -1, -2 ], [ 1, 2, 1, 1, -2 ] ], [ [ 1, 2, 3, -1, -3 ], [ 1, 0, 1, 1, -1 ] ], 
              [ [ 1, 1, -2, 1, 1 ], [ 1, 1, 6, -1, -5 ] ], [ [ 1, 0, 0, 1, 0 ], [ 1, 2, 4, -1, -4 ] ], [ [ 1, 2, 0, 1, -1 ], [ 1, 0, 4, -1, -3 ] ], 
              [ [ 1, 0, 0, 0, 0 ], [ 1, 2, 4, 0, -4 ] ], [ [ 1, -1, 2, 0, -1 ], [ 1, 3, 2, 0, -3 ] ], [ [ 1, 2, 0, 0, -1 ], [ 1, 0, 4, 0, -3 ] ] ],
          slins := [  ] ) ), rec(
      Gram := [ [ -14, -9, -24, -28, -22 ], [ -9, -10, -16, -20, -11 ], [ -24, -16, -48, -50, -44 ], [ -28, -20, -50, -56, -44 ], [ -22, -11, -44, -44, -44 ] ],
      Trec := rec(
          count := 1,
          grams := [ [ [ 0, 0, 0, 0, 0, 0, 0, 0, 0, 0, 0, 0, 0, 0, 0, 0, 1 ], [ 0, -2, -1, -1, -1, 1, 1, 1, 1, 0, 0, 0, 0, 0, 0, 0, 0 ], 
                  [ 0, -1, -2, 0, 0, 1, 1, 1, 1, 0, 0, 0, 0, 0, 0, 0, 0 ], [ 0, -1, 0, -2, 0, 0, 1, 1, 1, 0, 0, 0, 0, 0, 0, 0, 0 ], 
                  [ 0, -1, 0, 0, -2, 0, 0, 0, 0, 0, 0, 0, 0, 0, 0, 0, 0 ], [ 0, 1, 1, 0, 0, -2, 0, 0, -1, 0, 0, 0, 0, 0, 0, 0, 0 ], 
                  [ 0, 1, 1, 1, 0, 0, -2, -1, -1, 0, 0, 0, 0, 0, 0, 0, 0 ], [ 0, 1, 1, 1, 0, 0, -1, -2, -1, 0, 0, 0, 0, 0, 0, 0, 0 ], 
                  [ 0, 1, 1, 1, 0, -1, -1, -1, -2, 0, 0, 0, 0, 0, 0, 0, 0 ], [ 0, 0, 0, 0, 0, 0, 0, 0, 0, -2, 1, 0, 0, 1, 1, 1, 0 ], 
                  [ 0, 0, 0, 0, 0, 0, 0, 0, 0, 1, -2, 0, 0, -1, 0, -1, 0 ], [ 0, 0, 0, 0, 0, 0, 0, 0, 0, 0, 0, -2, -1, -1, -1, 0, 0 ], 
                  [ 0, 0, 0, 0, 0, 0, 0, 0, 0, 0, 0, -1, -2, -1, -1, 0, 0 ], [ 0, 0, 0, 0, 0, 0, 0, 0, 0, 1, -1, -1, -1, -4, -1, 0, 0 ], 
                  [ 0, 0, 0, 0, 0, 0, 0, 0, 0, 1, 0, -1, -1, -1, 2, -1, 0 ], [ 0, 0, 0, 0, 0, 0, 0, 0, 0, 1, -1, 0, 0, 0, -1, -4, 0 ], 
                  [ 1, 0, 0, 0, 0, 0, 0, 0, 0, 0, 0, 0, 0, 0, 0, 0, 0 ] ] ],
          method := "Nikulin uniqueness",
          spinorPrimes := [  ] ),
      ampleflag := true,
      basisdual := [ [ 2, 0, 0, 4, 5 ], [ 0, 1, 1, 5, 1 ], [ 0, 0, 2, 4, 10 ], [ 0, 0, 0, 6, 8 ], [ 0, 0, 0, 0, 11 ] ],
      extdeg := 1,
      extgroupgens := [ [ 2, 0, 0 ], [ 0, 2, 0 ], [ 0, 0, 66 ] ],
      h := [ 1, 2, 0, -2, 1 ],
      rho := 5,
      sprats := rec(
          nopss := [ 0, 6 ],
          scons := [ [ [ 1, 6, -2, -4, 4 ], [ 1, -2, 2, 0, -2 ] ], [ [ 1, 2, -2, -1, 2 ], [ 1, 2, 2, -3, 0 ] ], [ [ 1, 2, -1, -2, 2 ], [ 1, 2, 1, -2, 0 ] ], 
              [ [ 1, 2, -1, -1, 1 ], [ 1, 2, 1, -3, 1 ] ], [ [ 1, 1, 0, -1, 0 ], [ 1, 3, 0, -3, 2 ] ], [ [ 1, 3, -1, -2, 2 ], [ 1, 1, 1, -2, 0 ] ] ],
          slins := [  ] ) ), rec(
      Gram := [ [ -6, -2, -2, -6, -6 ], [ -2, -4, 0, 0, -6 ], [ -2, 0, -4, -6, 0 ], [ -6, 0, -6, -12, 0 ], [ -6, -6, 0, 0, -12 ] ],
      Trec := rec(
          count := 1,
          grams := [ [ [ 0, 0, 0, 0, 0, 0, 0, 0, 0, 0, 0, 0, 0, 0, 0, 0, 1 ], [ 0, -2, -1, -1, -1, 1, -1, -1, 1, 0, 0, 0, 0, 0, 0, 0, 0 ], 
                  [ 0, -1, -2, 0, 0, 1, -1, -1, 1, 0, 0, 0, 0, 0, 0, 0, 0 ], [ 0, -1, 0, -2, 0, 0, -1, -1, 1, 0, 0, 0, 0, 0, 0, 0, 0 ], 
                  [ 0, -1, 0, 0, -2, 0, 0, 0, 0, 0, 0, 0, 0, 0, 0, 0, 0 ], [ 0, 1, 1, 0, 0, -2, 1, 1, -1, 0, 0, 0, 0, 0, 0, 0, 0 ], 
                  [ 0, -1, -1, -1, 0, 1, -2, -1, 1, 0, 0, 0, 0, 0, 0, 0, 0 ], [ 0, -1, -1, -1, 0, 1, -1, -2, 1, 0, 0, 0, 0, 0, 0, 0, 0 ], 
                  [ 0, 1, 1, 1, 0, -1, 1, 1, -2, 0, 0, 0, 0, 0, 0, 0, 0 ], [ 0, 0, 0, 0, 0, 0, 0, 0, 0, -2, -1, 1, -1, 0, 0, 0, 0 ], 
                  [ 0, 0, 0, 0, 0, 0, 0, 0, 0, -1, -2, 0, 0, 0, 0, 0, 0 ], [ 0, 0, 0, 0, 0, 0, 0, 0, 0, 1, 0, -2, 0, 0, 0, 0, 0 ], 
                  [ 0, 0, 0, 0, 0, 0, 0, 0, 0, -1, 0, 0, -2, 0, 0, 0, 0 ], [ 0, 0, 0, 0, 0, 0, 0, 0, 0, 0, 0, 0, 0, -4, -2, 0, 0 ], 
                  [ 0, 0, 0, 0, 0, 0, 0, 0, 0, 0, 0, 0, 0, -2, -4, 0, 0 ], [ 0, 0, 0, 0, 0, 0, 0, 0, 0, 0, 0, 0, 0, 0, 0, 6, 0 ], 
                  [ 1, 0, 0, 0, 0, 0, 0, 0, 0, 0, 0, 0, 0, 0, 0, 0, 0 ] ] ],
          method := "Nikulin uniqueness",
          spinorPrimes := [  ] ),
      ampleflag := true,
      basisdual := [ [ 2, 0, 0, 4, 4 ], [ 0, 2, 0, 0, 4 ], [ 0, 0, 2, 4, 0 ], [ 0, 0, 0, 6, 0 ], [ 0, 0, 0, 0, 6 ] ],
      extdeg := 1,
      extgroupgens := [ [ 2, 0, 0, 0, 0 ], [ 0, 2, 0, 0, 0 ], [ 0, 0, 2, 0, 0 ], [ 0, 0, 0, 6, 0 ], [ 0, 0, 0, 0, 6 ] ],
      h := [ 1, 1, 1, -1, -1 ],
      rho := 5,
      sprats := rec(
          nopss := [ 0, 6 ],
          scons := [ [ [ 1, 0, 1, -1, -1 ], [ 1, 2, 1, -1, -1 ] ], [ [ 1, -1, 1, -1, 0 ], [ 1, 3, 1, -1, -2 ] ], [ [ 1, 2, 1, -1, -2 ], [ 1, 0, 1, -1, 0 ] ], 
              [ [ 1, 1, 0, -1, -1 ], [ 1, 1, 2, -1, -1 ] ], [ [ 1, 1, -1, 0, -1 ], [ 1, 1, 3, -2, -1 ] ], [ [ 1, 1, 2, -2, -1 ], [ 1, 1, 0, 0, -1 ] ] ],
          slins := [  ] ) ), rec(
      Gram := [ [ -24, -7, -15, -16, -48 ], [ -7, -4, -5, -6, -16 ], [ -15, -5, -12, -10, -32 ], [ -16, -6, -10, -12, -32 ], [ -48, -16, -32, -32, -96 ] ],
      Trec := rec(
          count := 1,
          grams := [ [ [ 0, 0, 0, 0, 0, 0, 0, 0, 0, 0, 0, 0, 0, 0, 0, 0, 1 ], [ 0, -2, -1, -1, -1, 1, 1, 1, 1, 0, 0, 0, 0, 0, 0, 0, 0 ], 
                  [ 0, -1, -2, 0, 0, 1, 1, 1, 1, 0, 0, 0, 0, 0, 0, 0, 0 ], [ 0, -1, 0, -2, 0, 0, 1, 1, 1, 0, 0, 0, 0, 0, 0, 0, 0 ], 
                  [ 0, -1, 0, 0, -2, 0, 0, 0, 0, 0, 0, 0, 0, 0, 0, 0, 0 ], [ 0, 1, 1, 0, 0, -2, 0, 0, -1, 0, 0, 0, 0, 0, 0, 0, 0 ], 
                  [ 0, 1, 1, 1, 0, 0, -2, -1, -1, 0, 0, 0, 0, 0, 0, 0, 0 ], [ 0, 1, 1, 1, 0, 0, -1, -2, -1, 0, 0, 0, 0, 0, 0, 0, 0 ], 
                  [ 0, 1, 1, 1, 0, -1, -1, -1, -2, 0, 0, 0, 0, 0, 0, 0, 0 ], [ 0, 0, 0, 0, 0, 0, 0, 0, 0, -2, 1, 0, 0, 0, 0, 1, 0 ], 
                  [ 0, 0, 0, 0, 0, 0, 0, 0, 0, 1, -2, 0, 0, 0, 0, 0, 0 ], [ 0, 0, 0, 0, 0, 0, 0, 0, 0, 0, 0, -2, 1, 1, 0, 0, 0 ], 
                  [ 0, 0, 0, 0, 0, 0, 0, 0, 0, 0, 0, 1, -2, 0, 0, 0, 0 ], [ 0, 0, 0, 0, 0, 0, 0, 0, 0, 0, 0, 1, 0, -2, 0, 0, 0 ], 
                  [ 0, 0, 0, 0, 0, 0, 0, 0, 0, 0, 0, 0, 0, 0, -2, 0, 0 ], [ 0, 0, 0, 0, 0, 0, 0, 0, 0, 1, 0, 0, 0, 0, 0, 10, 0 ], 
                  [ 1, 0, 0, 0, 0, 0, 0, 0, 0, 0, 0, 0, 0, 0, 0, 0, 0 ] ] ],
          method := "Nikulin uniqueness",
          spinorPrimes := [  ] ),
      ampleflag := true,
      basisdual := [ [ 2, 0, 0, 1, 9 ], [ 0, 2, 0, 1, 4 ], [ 0, 0, 2, 0, 5 ], [ 0, 0, 0, 2, 6 ], [ 0, 0, 0, 0, 16 ] ],
      extdeg := 1,
      extgroupgens := [ [ 2, 0, 0 ], [ 0, 4, 0 ], [ 0, 0, 32 ] ],
      h := [ 1, 1, 1, 0, -1 ],
      rho := 5,
      sprats := rec(
          nopss := [ 0, 6 ],
          scons := [ [ [ 1, 0, 1, 0, -1 ], [ 1, 2, 1, 0, -1 ] ], [ [ 1, -1, 1, 1, -1 ], [ 1, 3, 1, -1, -1 ] ], [ [ 1, 2, 1, -1, -1 ], [ 1, 0, 1, 1, -1 ] ], 
              [ [ 1, 1, 0, 1, -1 ], [ 1, 1, 2, -1, -1 ] ], [ [ 1, 1, -1, -1, 0 ], [ 1, 1, 3, 1, -2 ] ], [ [ 1, 1, 2, 2, -2 ], [ 1, 1, 0, -2, 0 ] ] ],
          slins := [  ] ) ), rec(
      Gram := [ [ -2, -4, -6, -6, -10 ], [ -4, -16, -20, -20, -30 ], [ -6, -20, -28, -26, -40 ], [ -6, -20, -26, -28, -40 ], [ -10, -30, -40, -40, -60 ] ],
      Trec := rec(
          count := 1,
          grams := [ [ [ 0, 0, 0, 0, 0, 0, 0, 0, 0, 0, 0, 0, 0, 0, 0, 0, 1 ], [ 0, -2, -1, -1, -1, 1, 1, -1, 1, 0, 0, 0, 0, 0, 0, 0, 0 ], 
                  [ 0, -1, -2, 0, -1, 1, 1, 0, 1, 0, 0, 0, 0, 0, 0, 0, 0 ], [ 0, -1, 0, -2, -1, 0, 1, -1, 1, 0, 0, 0, 0, 0, 0, 0, 0 ], 
                  [ 0, -1, -1, -1, -2, 0, 1, 0, 1, 0, 0, 0, 0, 0, 0, 0, 0 ], [ 0, 1, 1, 0, 0, -2, 0, 0, -1, 0, 0, 0, 0, 0, 0, 0, 0 ], 
                  [ 0, 1, 1, 1, 1, 0, -2, 1, -1, 0, 0, 0, 0, 0, 0, 0, 0 ], [ 0, -1, 0, -1, 0, 0, 1, -2, 0, 0, 0, 0, 0, 0, 0, 0, 0 ], 
                  [ 0, 1, 1, 1, 1, -1, -1, 0, -2, 0, 0, 0, 0, 0, 0, 0, 0 ], [ 0, 0, 0, 0, 0, 0, 0, 0, 0, -2, 1, 1, 1, 0, 0, 0, 0 ], 
                  [ 0, 0, 0, 0, 0, 0, 0, 0, 0, 1, -2, 0, -1, 0, 0, 0, 0 ], [ 0, 0, 0, 0, 0, 0, 0, 0, 0, 1, 0, -2, -1, 0, 0, 0, 0 ], 
                  [ 0, 0, 0, 0, 0, 0, 0, 0, 0, 1, -1, -1, -2, 0, 0, 0, 0 ], [ 0, 0, 0, 0, 0, 0, 0, 0, 0, 0, 0, 0, 0, -2, 0, 0, 0 ], 
                  [ 0, 0, 0, 0, 0, 0, 0, 0, 0, 0, 0, 0, 0, 0, -2, 0, 0 ], [ 0, 0, 0, 0, 0, 0, 0, 0, 0, 0, 0, 0, 0, 0, 0, 10, 0 ], 
                  [ 1, 0, 0, 0, 0, 0, 0, 0, 0, 0, 0, 0, 0, 0, 0, 0, 0 ] ] ],
          method := "Nikulin uniqueness",
          spinorPrimes := [  ] ),
      ampleflag := true,
      basisdual := [ [ 2, 0, 0, 0, 2 ], [ 0, 2, 0, 0, 6 ], [ 0, 0, 2, 0, 6 ], [ 0, 0, 0, 2, 8 ], [ 0, 0, 0, 0, 10 ] ],
      extdeg := 1,
      extgroupgens := [ [ 2, 0, 0, 0, 0 ], [ 0, 2, 0, 0, 0 ], [ 0, 0, 2, 0, 0 ], [ 0, 0, 0, 2, 0 ], [ 0, 0, 0, 0, 10 ] ],
      h := [ 1, 1, 1, 1, -2 ],
      rho := 5,
      sprats := rec(
          nopss := [ 0, 10 ],
          scons := [ [ [ 1, 0, 0, 0, 0 ], [ 1, 2, 2, 2, -4 ] ], [ [ 1, 0, 2, 1, -2 ], [ 1, 2, 0, 1, -2 ] ], [ [ 1, -1, 1, 1, -1 ], [ 1, 3, 1, 1, -3 ] ], 
              [ [ 1, 0, 1, 2, -2 ], [ 1, 2, 1, 0, -2 ] ], [ [ 1, 1, 0, -1, 0 ], [ 1, 1, 2, 3, -4 ] ], [ [ 1, 2, 0, 0, -1 ], [ 1, 0, 2, 2, -3 ] ], 
              [ [ 1, 1, -1, 0, 0 ], [ 1, 1, 3, 2, -4 ] ], [ [ 1, 1, 2, 0, -2 ], [ 1, 1, 0, 2, -2 ] ], [ [ 1, 0, 1, 0, -1 ], [ 1, 2, 1, 2, -3 ] ], 
              [ [ 1, 2, 2, 1, -3 ], [ 1, 0, 0, 1, -1 ] ] ],
          slins := [  ] ) ), rec(
      Gram := [ [ -2, -3, -5, -7, -4 ], [ -3, -10, -9, -13, -4 ], [ -5, -9, -12, -14, -8 ], [ -7, -13, -14, -20, -8 ], [ -4, -4, -8, -8, -8 ] ],
      Trec := rec(
          count := 1,
          grams := [ [ [ 0, 0, 0, 0, 0, 0, 0, 0, 0, 0, 0, 0, 0, 0, 0, 0, 1 ], [ 0, 0, 0, 0, 0, 0, 0, 0, 0, 0, 0, 0, 0, 0, 0, 1, 0 ], 
                  [ 0, 0, -2, 1, 1, 1, -1, 1, -1, 1, 0, 0, 0, 0, 0, 0, 0 ], [ 0, 0, 1, -2, 0, 0, 1, -1, 1, -1, 0, 0, 0, 0, 0, 0, 0 ], 
                  [ 0, 0, 1, 0, -2, 0, 0, -1, 1, 0, 0, 0, 0, 0, 0, 0, 0 ], [ 0, 0, 1, 0, 0, -2, 0, 0, 0, -1, 0, 0, 0, 0, 0, 0, 0 ], 
                  [ 0, 0, -1, 1, 0, 0, -2, 1, -1, 0, 0, 0, 0, 0, 0, 0, 0 ], [ 0, 0, 1, -1, -1, 0, 1, -2, 1, 0, 0, 0, 0, 0, 0, 0, 0 ], 
                  [ 0, 0, -1, 1, 1, 0, -1, 1, -2, 0, 0, 0, 0, 0, 0, 0, 0 ], [ 0, 0, 1, -1, 0, -1, 0, 0, 0, -2, 0, 0, 0, 0, 0, 0, 0 ], 
                  [ 0, 0, 0, 0, 0, 0, 0, 0, 0, 0, -2, 1, 1, 0, 0, 0, 0 ], [ 0, 0, 0, 0, 0, 0, 0, 0, 0, 0, 1, -2, -1, 0, 0, 0, 0 ], 
                  [ 0, 0, 0, 0, 0, 0, 0, 0, 0, 0, 1, -1, -2, 0, 0, 0, 0 ], [ 0, 0, 0, 0, 0, 0, 0, 0, 0, 0, 0, 0, 0, -2, 0, 0, 0 ], 
                  [ 0, 0, 0, 0, 0, 0, 0, 0, 0, 0, 0, 0, 0, 0, -24, 0, 0 ], [ 0, 1, 0, 0, 0, 0, 0, 0, 0, 0, 0, 0, 0, 0, 0, 0, 0 ], 
                  [ 1, 0, 0, 0, 0, 0, 0, 0, 0, 0, 0, 0, 0, 0, 0, 0, 0 ] ] ],
          method := "Nikulin uniqueness",
          spinorPrimes := [  ] ),
      ampleflag := true,
      basisdual := [ [ 2, 0, 1, 3, 2 ], [ 0, 2, 1, 5, 1 ], [ 0, 0, 2, 4, 3 ], [ 0, 0, 0, 6, 1 ], [ 0, 0, 0, 0, 4 ] ],
      extdeg := 1,
      extgroupgens := [ [ 2, 0, 0 ], [ 0, 4, 0 ], [ 0, 0, 24 ] ],
      h := [ 1, 1, 0, -1, 0 ],
      rho := 5,
      sprats := rec(
          nopss := [ 0, 8 ],
          scons := [ [ [ 1, 1, -1, -1, 1 ], [ 1, 1, 1, -1, -1 ] ], [ [ 1, 1, -2, 0, 1 ], [ 1, 1, 2, -2, -1 ] ], [ [ 1, 0, 1, -1, -1 ], [ 1, 2, -1, -1, 1 ] ], 
              [ [ 1, -1, 1, 0, -1 ], [ 1, 3, -1, -2, 1 ] ], [ [ 1, 0, 0, 0, -1 ], [ 1, 2, 0, -2, 1 ] ], [ [ 1, 1, 1, -2, 0 ], [ 1, 1, -1, 0, 0 ] ], 
              [ [ 1, 0, 1, -1, 0 ], [ 1, 2, -1, -1, 0 ] ], [ [ 1, 2, 0, -2, 0 ], [ 1, 0, 0, 0, 0 ] ] ],
          slins := [  ] ) ), rec(
      Gram := [ [ -14, -6, 2, -20, -48 ], [ -6, -4, -1, -10, -24 ], [ 2, -1, -4, 0, 0 ], [ -20, -10, 0, -32, -72 ], [ -48, -24, 0, -72, -168 ] ],
      Trec := rec(
          count := 1,
          grams := [ [ [ 0, 0, 0, 0, 0, 0, 0, 0, 0, 0, 0, 0, 0, 0, 0, 0, 1 ], [ 0, 0, 0, 0, 0, 0, 0, 0, 0, 0, 0, 0, 0, 0, 0, 1, 0 ], 
                  [ 0, 0, -2, -1, -1, 1, 1, 1, -1, 1, 0, 0, 0, 0, 0, 0, 0 ], [ 0, 0, -1, -2, 0, 1, 0, 1, -1, 0, 0, 0, 0, 0, 0, 0, 0 ], 
                  [ 0, 0, -1, 0, -2, 1, 0, 0, 0, 1, 0, 0, 0, 0, 0, 0, 0 ], [ 0, 0, 1, 1, 1, -2, 0, 0, 1, 0, 0, 0, 0, 0, 0, 0, 0 ], 
                  [ 0, 0, 1, 0, 0, 0, -2, 0, 0, 0, 0, 0, 0, 0, 0, 0, 0 ], [ 0, 0, 1, 1, 0, 0, 0, -2, 1, -1, 0, 0, 0, 0, 0, 0, 0 ], 
                  [ 0, 0, -1, -1, 0, 1, 0, 1, -2, 0, 0, 0, 0, 0, 0, 0, 0 ], [ 0, 0, 1, 0, 1, 0, 0, -1, 0, -2, 0, 0, 0, 0, 0, 0, 0 ], 
                  [ 0, 0, 0, 0, 0, 0, 0, 0, 0, 0, -2, 0, 1, 0, 0, 0, 0 ], [ 0, 0, 0, 0, 0, 0, 0, 0, 0, 0, 0, -2, 0, 0, 0, 0, 0 ], 
                  [ 0, 0, 0, 0, 0, 0, 0, 0, 0, 0, 1, 0, -4, -1, -1, 0, 0 ], [ 0, 0, 0, 0, 0, 0, 0, 0, 0, 0, 0, 0, -1, -6, 2, 0, 0 ], 
                  [ 0, 0, 0, 0, 0, 0, 0, 0, 0, 0, 0, 0, -1, 2, -6, 0, 0 ], [ 0, 1, 0, 0, 0, 0, 0, 0, 0, 0, 0, 0, 0, 0, 0, 0, 0 ], 
                  [ 1, 0, 0, 0, 0, 0, 0, 0, 0, 0, 0, 0, 0, 0, 0, 0, 0 ] ] ],
          method := "Nikulin uniqueness",
          spinorPrimes := [  ] ),
      ampleflag := true,
      basisdual := [ [ 2, 0, 0, 0, 8 ], [ 0, 1, 1, 0, 4 ], [ 0, 0, 4, 1, 1 ], [ 0, 0, 0, 2, 10 ], [ 0, 0, 0, 0, 24 ] ],
      extdeg := 1,
      extgroupgens := [ [ 2, 0, 0 ], [ 0, 8, 0 ], [ 0, 0, 24 ] ],
      h := [ 1, 2, 0, 1, -1 ],
      rho := 5,
      sprats := rec(
          nopss := [ 0, 4 ],
          scons := [ [ [ 1, 1, 0, 1, -1 ], [ 1, 3, 0, 1, -1 ] ], [ [ 1, 3, 0, 3, -2 ], [ 1, 1, 0, -1, 0 ] ], [ [ 1, 2, -1, 1, -1 ], [ 1, 2, 1, 1, -1 ] ], 
              [ [ 1, 6, -1, 2, -2 ], [ 1, -2, 1, 0, 0 ] ] ],
          slins := [  ] ) ), rec(
      Gram := [ [ -14, 1, -20, -14, -28 ], [ 1, -4, -4, -7, 0 ], [ -20, -4, -36, -28, -42 ], [ -14, -7, -28, -28, -28 ], [ -28, 0, -42, -28, -56 ] ],
      Trec := rec(
          count := 1,
          grams := [ [ [ 0, 0, 0, 0, 0, 0, 0, 0, 0, 0, 0, 0, 0, 0, 0, 0, 1 ], [ 0, 0, 0, 0, 0, 0, 0, 0, 0, 0, 0, 0, 0, 0, 0, 1, 0 ], 
                  [ 0, 0, -2, -1, 1, -1, -1, -1, 1, -1, 0, 0, 0, 0, 0, 0, 0 ], [ 0, 0, -1, -2, 0, -1, -1, 0, 1, 0, 0, 0, 0, 0, 0, 0, 0 ], 
                  [ 0, 0, 1, 0, -2, 1, 1, 1, 0, 1, 0, 0, 0, 0, 0, 0, 0 ], [ 0, 0, -1, -1, 1, -2, -1, 0, 0, -1, 0, 0, 0, 0, 0, 0, 0 ], 
                  [ 0, 0, -1, -1, 1, -1, -2, -1, 0, -1, 0, 0, 0, 0, 0, 0, 0 ], [ 0, 0, -1, 0, 1, 0, -1, -2, 0, -1, 0, 0, 0, 0, 0, 0, 0 ], 
                  [ 0, 0, 1, 1, 0, 0, 0, 0, -2, 0, 0, 0, 0, 0, 0, 0, 0 ], [ 0, 0, -1, 0, 1, -1, -1, -1, 0, -2, 0, 0, 0, 0, 0, 0, 0 ], 
                  [ 0, 0, 0, 0, 0, 0, 0, 0, 0, 0, -2, 0, 1, 0, 0, 0, 0 ], [ 0, 0, 0, 0, 0, 0, 0, 0, 0, 0, 0, -2, 0, 0, 0, 0, 0 ], 
                  [ 0, 0, 0, 0, 0, 0, 0, 0, 0, 0, 1, 0, -4, 0, 0, 0, 0 ], [ 0, 0, 0, 0, 0, 0, 0, 0, 0, 0, 0, 0, 0, -4, 2, 0, 0 ], 
                  [ 0, 0, 0, 0, 0, 0, 0, 0, 0, 0, 0, 0, 0, 2, -8, 0, 0 ], [ 0, 1, 0, 0, 0, 0, 0, 0, 0, 0, 0, 0, 0, 0, 0, 0, 0 ], 
                  [ 1, 0, 0, 0, 0, 0, 0, 0, 0, 0, 0, 0, 0, 0, 0, 0, 0 ] ] ],
          method := "Nikulin uniqueness",
          spinorPrimes := [  ] ),
      ampleflag := true,
      basisdual := [ [ 2, 0, 0, 1, 9 ], [ 0, 1, 1, 4, 0 ], [ 0, 0, 2, 4, 10 ], [ 0, 0, 0, 7, 7 ], [ 0, 0, 0, 0, 14 ] ],
      extdeg := 1,
      extgroupgens := [ [ 2, 0, 0 ], [ 0, 14, 0 ], [ 0, 0, 14 ] ],
      h := [ 1, 2, 0, -1, 0 ],
      rho := 5,
      sprats := rec(
          nopss := [ 0, 4 ],
          scons := [ [ [ 1, 3, -1, -1, 1 ], [ 1, 1, 1, -1, -1 ] ], [ [ 1, 6, -2, -2, 2 ], [ 1, -2, 2, 0, -2 ] ], [ [ 1, 2, -2, 0, 1 ], [ 1, 2, 2, -2, -1 ] ], 
              [ [ 1, 1, 0, -1, 0 ], [ 1, 3, 0, -1, 0 ] ] ],
          slins := [  ] ) ), rec(
      Gram := [ [ -494, -246, -204, -370, -576 ], [ -246, -124, -104, -185, -288 ], [ -204, -104, -90, -154, -240 ], [ -370, -185, -154, -278, -432 ], 
          [ -576, -288, -240, -432, -672 ] ],
      Trec := rec(
          count := 1,
          grams := [ [ [ 0, 0, 0, 0, 0, 0, 0, 0, 0, 0, 0, 0, 0, 0, 0, 0, 1 ], [ 0, 0, 0, 0, 0, 0, 0, 0, 0, 0, 0, 0, 0, 0, 0, 1, 0 ], 
                  [ 0, 0, -2, -1, -1, 1, 1, 1, -1, 1, 0, 0, 0, 0, 0, 0, 0 ], [ 0, 0, -1, -2, 0, 1, 0, 1, -1, 0, 0, 0, 0, 0, 0, 0, 0 ], 
                  [ 0, 0, -1, 0, -2, 1, 0, 0, 0, 1, 0, 0, 0, 0, 0, 0, 0 ], [ 0, 0, 1, 1, 1, -2, 0, 0, 1, 0, 0, 0, 0, 0, 0, 0, 0 ], 
                  [ 0, 0, 1, 0, 0, 0, -2, 0, 0, 0, 0, 0, 0, 0, 0, 0, 0 ], [ 0, 0, 1, 1, 0, 0, 0, -2, 1, -1, 0, 0, 0, 0, 0, 0, 0 ], 
                  [ 0, 0, -1, -1, 0, 1, 0, 1, -2, 0, 0, 0, 0, 0, 0, 0, 0 ], [ 0, 0, 1, 0, 1, 0, 0, -1, 0, -2, 0, 0, 0, 0, 0, 0, 0 ], 
                  [ 0, 0, 0, 0, 0, 0, 0, 0, 0, 0, -2, -1, -1, 1, 1, 0, 0 ], [ 0, 0, 0, 0, 0, 0, 0, 0, 0, 0, -1, -4, 0, 1, -1, 0, 0 ], 
                  [ 0, 0, 0, 0, 0, 0, 0, 0, 0, 0, -1, 0, -4, 1, 1, 0, 0 ], [ 0, 0, 0, 0, 0, 0, 0, 0, 0, 0, 1, 1, 1, -4, 0, 0, 0 ], 
                  [ 0, 0, 0, 0, 0, 0, 0, 0, 0, 0, 1, -1, 1, 0, -6, 0, 0 ], [ 0, 1, 0, 0, 0, 0, 0, 0, 0, 0, 0, 0, 0, 0, 0, 0, 0 ], 
                  [ 1, 0, 0, 0, 0, 0, 0, 0, 0, 0, 0, 0, 0, 0, 0, 0, 0 ] ] ],
          method := "Nikulin uniqueness",
          spinorPrimes := [  ] ),
      ampleflag := true,
      basisdual := [ [ 2, 0, 0, 0, 42 ], [ 0, 1, 1, 0, 21 ], [ 0, 0, 4, 0, 18 ], [ 0, 0, 0, 1, 31 ], [ 0, 0, 0, 0, 48 ] ],
      extdeg := 1,
      extgroupgens := [ [ 2, 0, 0 ], [ 0, 2, 0 ], [ 0, 0, 96 ] ],
      h := [ 1, 2, 0, 2, -3 ],
      rho := 5,
      sprats := rec(
          nopss := [ 0, 4 ],
          scons := [ [ [ 1, 2, -1, 1, -2 ], [ 1, 2, 1, 3, -4 ] ], [ [ 1, -2, 1, 1, -1 ], [ 1, 6, -1, 3, -5 ] ], [ [ 1, 1, 0, 1, -2 ], [ 1, 3, 0, 3, -4 ] ], 
              [ [ 1, 1, 0, -2, 0 ], [ 1, 3, 0, 6, -6 ] ] ],
          slins := [  ] ) ), rec(
      Gram := [ [ -248, -175, -147, -262, -408 ], [ -175, -124, -104, -185, -288 ], [ -147, -104, -90, -154, -240 ], [ -262, -185, -154, -278, -432 ], 
          [ -408, -288, -240, -432, -672 ] ],
      Trec := rec(
          count := 1,
          grams := [ [ [ 0, 0, 0, 0, 0, 0, 0, 0, 0, 0, 0, 0, 0, 0, 0, 0, 1 ], [ 0, 0, 0, 0, 0, 0, 0, 0, 0, 0, 0, 0, 0, 0, 0, 1, 0 ], 
                  [ 0, 0, -2, -1, -1, 1, 1, 1, -1, 1, 0, 0, 0, 0, 0, 0, 0 ], [ 0, 0, -1, -2, 0, 1, 0, 1, -1, 0, 0, 0, 0, 0, 0, 0, 0 ], 
                  [ 0, 0, -1, 0, -2, 1, 0, 0, 0, 1, 0, 0, 0, 0, 0, 0, 0 ], [ 0, 0, 1, 1, 1, -2, 0, 0, 1, 0, 0, 0, 0, 0, 0, 0, 0 ], 
                  [ 0, 0, 1, 0, 0, 0, -2, 0, 0, 0, 0, 0, 0, 0, 0, 0, 0 ], [ 0, 0, 1, 1, 0, 0, 0, -2, 1, -1, 0, 0, 0, 0, 0, 0, 0 ], 
                  [ 0, 0, -1, -1, 0, 1, 0, 1, -2, 0, 0, 0, 0, 0, 0, 0, 0 ], [ 0, 0, 1, 0, 1, 0, 0, -1, 0, -2, 0, 0, 0, 0, 0, 0, 0 ], 
                  [ 0, 0, 0, 0, 0, 0, 0, 0, 0, 0, -2, -1, 1, 1, -1, 0, 0 ], [ 0, 0, 0, 0, 0, 0, 0, 0, 0, 0, -1, -2, 0, 0, -1, 0, 0 ], 
                  [ 0, 0, 0, 0, 0, 0, 0, 0, 0, 0, 1, 0, -2, 0, 0, 0, 0 ], [ 0, 0, 0, 0, 0, 0, 0, 0, 0, 0, 1, 0, 0, -6, 2, 0, 0 ], 
                  [ 0, 0, 0, 0, 0, 0, 0, 0, 0, 0, -1, -1, 0, 2, -6, 0, 0 ], [ 0, 1, 0, 0, 0, 0, 0, 0, 0, 0, 0, 0, 0, 0, 0, 0, 0 ], 
                  [ 1, 0, 0, 0, 0, 0, 0, 0, 0, 0, 0, 0, 0, 0, 0, 0, 0 ] ] ],
          method := "Nikulin uniqueness",
          spinorPrimes := [  ] ),
      ampleflag := true,
      basisdual := [ [ 1, 0, 2, 0, 30 ], [ 0, 1, 1, 0, 21 ], [ 0, 0, 4, 0, 18 ], [ 0, 0, 0, 1, 31 ], [ 0, 0, 0, 0, 48 ] ],
      extdeg := 2,
      extgroupgens := [ [ 1, 1, 0 ], [ 0, 2, 0 ], [ 0, 0, 96 ] ],
      h := [ 2, 2, -1, 2, -3 ],
      rho := 5,
      sprats := rec(
          nopss := [ 3, 1 ],
          scons := [ [ [ 2, -2, 0, 1, -1 ], [ 2, 6, -2, 3, -5 ] ] ],
          slins := [ [ [ 1, 1, -1, 2, -2 ], [ 1, 1, 0, 0, -1 ] ], [ [ 1, 1, -1, -1, 0 ], [ 1, 1, 0, 3, -3 ] ], [ [ 1, 2, -1, 3, -3 ], [ 1, 0, 0, -1, 0 ] ] ] ) ), rec(
      Gram := [ [ -286, -342, -84, -314, -400 ], [ -342, -412, -104, -377, -480 ], [ -84, -104, -30, -94, -120 ], [ -314, -377, -94, -346, -440 ], 
          [ -400, -480, -120, -440, -560 ] ],
      Trec := rec(
          count := 1,
          grams := [ [ [ 0, 0, 0, 0, 0, 0, 0, 0, 0, 0, 0, 0, 0, 0, 0, 0, 1 ], [ 0, -2, -1, -1, 1, 1, -1, -1, 1, 0, 0, 0, 0, 0, 0, 0, 0 ], 
                  [ 0, -1, -2, 0, 1, 1, -1, 0, 1, 0, 0, 0, 0, 0, 0, 0, 0 ], [ 0, -1, 0, -2, 1, 0, -1, 0, 1, 0, 0, 0, 0, 0, 0, 0, 0 ], 
                  [ 0, 1, 1, 1, -2, -1, 1, 0, -1, 0, 0, 0, 0, 0, 0, 0, 0 ], [ 0, 1, 1, 0, -1, -2, 1, 1, -1, 0, 0, 0, 0, 0, 0, 0, 0 ], 
                  [ 0, -1, -1, -1, 1, 1, -2, 0, 1, 0, 0, 0, 0, 0, 0, 0, 0 ], [ 0, -1, 0, 0, 0, 1, 0, -2, 0, 0, 0, 0, 0, 0, 0, 0, 0 ], 
                  [ 0, 1, 1, 1, -1, -1, 1, 0, -2, 0, 0, 0, 0, 0, 0, 0, 0 ], [ 0, 0, 0, 0, 0, 0, 0, 0, 0, 2, 0, 0, 0, 0, -1, 1, 0 ], 
                  [ 0, 0, 0, 0, 0, 0, 0, 0, 0, 0, -2, 1, 1, 1, -1, -1, 0 ], [ 0, 0, 0, 0, 0, 0, 0, 0, 0, 0, 1, -2, -1, -1, 0, 0, 0 ], 
                  [ 0, 0, 0, 0, 0, 0, 0, 0, 0, 0, 1, -1, -2, 0, 1, 1, 0 ], [ 0, 0, 0, 0, 0, 0, 0, 0, 0, 0, 1, -1, 0, -2, 0, 0, 0 ], 
                  [ 0, 0, 0, 0, 0, 0, 0, 0, 0, -1, -1, 0, 1, 0, -4, -2, 0 ], [ 0, 0, 0, 0, 0, 0, 0, 0, 0, 1, -1, 0, 1, 0, -2, -12, 0 ], 
                  [ 1, 0, 0, 0, 0, 0, 0, 0, 0, 0, 0, 0, 0, 0, 0, 0, 0 ] ] ],
          method := "Nikulin uniqueness",
          spinorPrimes := [  ] ),
      ampleflag := true,
      basisdual := [ [ 2, 0, 0, 0, 30 ], [ 0, 1, 1, 0, 35 ], [ 0, 0, 4, 0, 10 ], [ 0, 0, 0, 1, 31 ], [ 0, 0, 0, 0, 40 ] ],
      extdeg := 1,
      extgroupgens := [ [ 2, 0, 0 ], [ 0, 2, 0 ], [ 0, 0, 80 ] ],
      h := [ 1, 2, 0, 2, -4 ],
      rho := 5,
      sprats := rec(
          nopss := [ 0, 4 ],
          scons := [ [ [ 1, 2, -1, 1, -3 ], [ 1, 2, 1, 3, -5 ] ], [ [ 1, -2, 1, 1, 0 ], [ 1, 6, -1, 3, -8 ] ], [ [ 1, 1, 0, 3, -4 ], [ 1, 3, 0, 1, -4 ] ], 
              [ [ 1, 1, 0, -2, 0 ], [ 1, 3, 0, 6, -8 ] ] ],
          slins := [  ] ) ), rec(
      Gram := [ [ -1286, -1542, -1092, -1414, -1800 ], [ -1542, -1852, -1312, -1697, -2160 ], [ -1092, -1312, -930, -1202, -1530 ], [ -1414, -1697, -1202, -1556, -1980 ], 
          [ -1800, -2160, -1530, -1980, -2520 ] ],
      Trec := rec(
          count := 1,
          grams := [ [ [ 0, 0, 0, 0, 0, 0, 0, 0, 0, 0, 0, 0, 0, 0, 0, 0, 1 ], [ 0, -2, -1, 1, 1, 1, -1, 1, 0, 0, 0, 0, 0, 0, -1, 0, 0 ], 
                  [ 0, -1, -2, 0, 0, 1, -1, 1, 0, 0, 0, 0, 0, 0, -1, 0, 0 ], [ 0, 1, 0, -2, 0, 0, 1, -1, 0, 0, 0, 0, 0, 0, 0, 0, 0 ], 
                  [ 0, 1, 0, 0, -2, 0, 0, 0, 0, 0, 0, 0, 0, 0, 1, 0, 0 ], [ 0, 1, 1, 0, 0, -2, 0, -1, 0, 0, 0, 0, 0, 0, 0, 0, 0 ], 
                  [ 0, -1, -1, 1, 0, 0, -2, 1, 0, 0, 0, 0, 0, 0, -1, 0, 0 ], [ 0, 1, 1, -1, 0, -1, 1, -2, 0, 0, 0, 0, 0, 0, 0, 0, 0 ], 
                  [ 0, 0, 0, 0, 0, 0, 0, 0, -2, -1, 1, -1, -1, 0, 0, 1, 0 ], [ 0, 0, 0, 0, 0, 0, 0, 0, -1, -2, 0, -1, 0, 0, 0, 0, 0 ], 
                  [ 0, 0, 0, 0, 0, 0, 0, 0, 1, 0, -2, 1, 1, 0, 0, -1, 0 ], [ 0, 0, 0, 0, 0, 0, 0, 0, -1, -1, 1, -2, 0, 0, 0, 0, 0 ], 
                  [ 0, 0, 0, 0, 0, 0, 0, 0, -1, 0, 1, 0, -2, 0, 0, 1, 0 ], [ 0, 0, 0, 0, 0, 0, 0, 0, 0, 0, 0, 0, 0, -2, 0, 0, 0 ], 
                  [ 0, -1, -1, 0, 1, 0, -1, 0, 0, 0, 0, 0, 0, 0, -6, 0, 0 ], [ 0, 0, 0, 0, 0, 0, 0, 0, 1, 0, -1, 0, 1, 0, 0, 4, 0 ], 
                  [ 1, 0, 0, 0, 0, 0, 0, 0, 0, 0, 0, 0, 0, 0, 0, 0, 0 ] ] ],
          method := "Nikulin uniqueness",
          spinorPrimes := [  ] ),
      ampleflag := true,
      basisdual := [ [ 2, 0, 0, 0, 66 ], [ 0, 1, 1, 0, 77 ], [ 0, 0, 2, 0, 54 ], [ 0, 0, 0, 1, 71 ], [ 0, 0, 0, 0, 90 ] ],
      extdeg := 1,
      extgroupgens := [ [ 2, 0, 0 ], [ 0, 2, 0 ], [ 0, 0, 90 ] ],
      h := [ 1, 2, 0, 2, -4 ],
      rho := 5,
      sprats := rec(
          nopss := [ 0, 4 ],
          scons := [ [ [ 1, -2, 2, 1, -1 ], [ 1, 6, -2, 3, -7 ] ], [ [ 1, 2, -2, 1, -2 ], [ 1, 2, 2, 3, -6 ] ], [ [ 1, 1, 0, -2, 0 ], [ 1, 3, 0, 6, -8 ] ], 
              [ [ 1, 3, -1, 3, -5 ], [ 1, 1, 1, 1, -3 ] ] ],
          slins := [  ] ) ), rec(
      Gram := [ [ -1100, -1427, -1011, -1308, -1665 ], [ -1427, -1852, -1312, -1697, -2160 ], [ -1011, -1312, -930, -1202, -1530 ], [ -1308, -1697, -1202, -1556, -1980 ], 
          [ -1665, -2160, -1530, -1980, -2520 ] ],
      Trec := rec(
          count := 1,
          grams := [ [ [ 0, 0, 0, 0, 0, 0, 0, 0, 0, 0, 0, 0, 0, 0, 0, 0, 1 ], [ 0, 0, 0, 0, 0, 0, 0, 0, 0, 0, 0, 0, 0, 0, 0, 1, 0 ], 
                  [ 0, 0, -2, -1, 1, -1, 1, -1, -1, 0, 0, 0, 0, 0, -1, 0, 0 ], [ 0, 0, -1, -2, 0, 0, 0, -1, 0, 0, 0, 0, 0, 0, -1, 0, 0 ], 
                  [ 0, 0, 1, 0, -2, 0, -1, 1, 0, 0, 0, 0, 0, 0, 0, 0, 0 ], [ 0, 0, -1, 0, 0, -2, 1, 0, -1, 0, 0, 0, 0, 0, -1, 0, 0 ], 
                  [ 0, 0, 1, 0, -1, 1, -2, 0, 1, 0, 0, 0, 0, 0, 0, 0, 0 ], [ 0, 0, -1, -1, 1, 0, 0, -2, 0, 0, 0, 0, 0, 0, -1, 0, 0 ], 
                  [ 0, 0, -1, 0, 0, -1, 1, 0, -2, 0, 0, 0, 0, 0, 0, 0, 0 ], [ 0, 0, 0, 0, 0, 0, 0, 0, 0, -2, 1, 1, 1, 0, 0, 0, 0 ], 
                  [ 0, 0, 0, 0, 0, 0, 0, 0, 0, 1, -2, 0, 0, 0, 0, 0, 0 ], [ 0, 0, 0, 0, 0, 0, 0, 0, 0, 1, 0, -2, -1, 0, 0, 0, 0 ], 
                  [ 0, 0, 0, 0, 0, 0, 0, 0, 0, 1, 0, -1, -2, 0, 0, 0, 0 ], [ 0, 0, 0, 0, 0, 0, 0, 0, 0, 0, 0, 0, 0, -2, 0, 0, 0 ], 
                  [ 0, 0, -1, -1, 0, -1, 0, -1, 0, 0, 0, 0, 0, 0, -6, 0, 0 ], [ 0, 1, 0, 0, 0, 0, 0, 0, 0, 0, 0, 0, 0, 0, 0, 0, 0 ], 
                  [ 1, 0, 0, 0, 0, 0, 0, 0, 0, 0, 0, 0, 0, 0, 0, 0, 0 ] ] ],
          method := "Nikulin uniqueness",
          spinorPrimes := [  ] ),
      ampleflag := true,
      basisdual := [ [ 1, 0, 1, 0, 60 ], [ 0, 1, 1, 0, 77 ], [ 0, 0, 2, 0, 54 ], [ 0, 0, 0, 1, 71 ], [ 0, 0, 0, 0, 90 ] ],
      extdeg := 2,
      extgroupgens := [ [ 2, 0, 0 ], [ 0, 1, 45 ], [ 0, 0, 90 ] ],
      h := [ 2, 2, -1, 2, -4 ],
      rho := 5,
      sprats := rec(
          nopss := [ 3, 1 ],
          scons := [ [ [ 2, 2, -3, 1, -2 ], [ 2, 2, 1, 3, -6 ] ] ],
          slins := [ [ [ 1, -1, 0, -1, 1 ], [ 1, 3, -1, 3, -5 ] ], [ [ 1, 0, 0, 3, -3 ], [ 1, 2, -1, -1, -1 ] ], [ [ 1, -1, 1, 2, -2 ], [ 1, 3, -2, 0, -2 ] ] ] ) ), rec(
      Gram := [ [ -5966, -5841, -4101, -4474, -6960 ], [ -5841, -5720, -4016, -4381, -6815 ], [ -4101, -4016, -2820, -3076, -4785 ], [ -4474, -4381, -3076, -3356, -5220 ], 
          [ -6960, -6815, -4785, -5220, -8120 ] ],
      Trec := rec(
          count := 1,
          grams := [ [ [ -2, 1, 1, 1, -1, 1, -1, -1, 0, 0, 0, 0, 0, 0, 0, 0, 0 ], [ 1, -2, -1, -1, 0, -1, 0, 1, 0, 0, 0, 0, 0, 0, 0, 0, 0 ], 
                  [ 1, -1, -2, 0, 0, 0, 1, 1, 0, 0, 0, 0, 0, 0, 0, 0, 0 ], [ 1, -1, 0, -2, 1, -1, 0, 1, 0, 0, 0, 0, 0, 0, 0, 0, 0 ], 
                  [ -1, 0, 0, 1, -2, 1, 0, 0, 0, 0, 0, 0, 0, 0, 0, 0, 0 ], [ 1, -1, 0, -1, 1, -2, 0, 0, 0, 0, 0, 0, 0, 0, 0, 0, 0 ], 
                  [ -1, 0, 1, 0, 0, 0, -2, -1, 0, 0, 0, 0, 0, 0, 0, 0, 0 ], [ -1, 1, 1, 1, 0, 0, -1, -2, 0, 0, 0, 0, 0, 0, 0, 0, 0 ], 
                  [ 0, 0, 0, 0, 0, 0, 0, 0, 2, 0, 0, -1, 1, -1, -1, -1, 1 ], [ 0, 0, 0, 0, 0, 0, 0, 0, 0, -2, 1, 1, -1, -1, 1, -1, 0 ], 
                  [ 0, 0, 0, 0, 0, 0, 0, 0, 0, 1, -2, 0, 1, 0, 0, 0, 0 ], [ 0, 0, 0, 0, 0, 0, 0, 0, -1, 1, 0, -2, -1, 2, -1, 2, 0 ], 
                  [ 0, 0, 0, 0, 0, 0, 0, 0, 1, -1, 1, -1, -2, -1, -1, 0, 1 ], [ 0, 0, 0, 0, 0, 0, 0, 0, -1, -1, 0, 2, -1, -2, 2, -1, 0 ], 
                  [ 0, 0, 0, 0, 0, 0, 0, 0, -1, 1, 0, -1, -1, 2, -2, 2, 0 ], [ 0, 0, 0, 0, 0, 0, 0, 0, -1, -1, 0, 2, 0, -1, 2, -2, -1 ], 
                  [ 0, 0, 0, 0, 0, 0, 0, 0, 1, 0, 0, 0, 1, 0, 0, -1, 14 ] ] ],
          method := "Nikulin uniqueness",
          spinorPrimes := [  ] ),
      ampleflag := true,
      basisdual := [ [ 2, 0, 0, 0, 125 ], [ 0, 1, 0, 0, 122 ], [ 0, 0, 1, 0, 86 ], [ 0, 0, 0, 1, 93 ], [ 0, 0, 0, 0, 145 ] ],
      extdeg := 1,
      extgroupgens := [ [ 290 ] ],
      h := [ 1, 2, 2, 2, -5 ],
      rho := 5,
      sprats := rec(
          nopss := [ 0, 5 ],
          scons := [ [ [ 1, -2, 2, 1, -1 ], [ 1, 6, 2, 3, -9 ] ], [ [ 1, 1, 1, -2, -1 ], [ 1, 3, 3, 6, -9 ] ], [ [ 1, 3, 4, 2, -7 ], [ 1, 1, 0, 2, -3 ] ], 
              [ [ 1, 2, 6, 3, -8 ], [ 1, 2, -2, 1, -2 ] ], [ [ 1, 3, 0, 1, -4 ], [ 1, 1, 4, 3, -6 ] ] ],
          slins := [  ] ) ), rec(
      Gram := [ [ -1574, -1770, -852, -262, -3672 ], [ -1770, -1992, -959, -295, -4131 ], [ -852, -959, -462, -142, -1989 ], [ -262, -295, -142, -44, -612 ], 
          [ -3672, -4131, -1989, -612, -8568 ] ],
      Trec := rec(
          count := 1,
          grams := [ [ [ 0, 0, 0, 0, 0, 0, 0, 0, 0, 0, 0, 0, 0, 0, 0, 0, 1 ], [ 0, -2, -1, 1, -1, -1, -1, -1, 0, 0, 0, 0, 0, 0, -1, 0, 0 ], 
                  [ 0, -1, -2, 0, -1, 0, -1, -1, 0, 0, 0, 0, 0, 0, -1, 0, 0 ], [ 0, 1, 0, -2, 1, 1, 1, 1, 0, 0, 0, 0, 0, 0, 0, 0, 0 ], 
                  [ 0, -1, -1, 1, -2, 0, -1, -1, 0, 0, 0, 0, 0, 0, 0, 0, 0 ], [ 0, -1, 0, 1, 0, -2, 0, 0, 0, 0, 0, 0, 0, 0, 0, 0, 0 ], 
                  [ 0, -1, -1, 1, -1, 0, -2, -1, 0, 0, 0, 0, 0, 0, -1, 0, 0 ], [ 0, -1, -1, 1, -1, 0, -1, -2, 0, 0, 0, 0, 0, 0, -1, 0, 0 ], 
                  [ 0, 0, 0, 0, 0, 0, 0, 0, -2, -1, -1, 1, -1, 1, 0, -1, 0 ], [ 0, 0, 0, 0, 0, 0, 0, 0, -1, -2, 0, 1, 0, 1, 0, -1, 0 ], 
                  [ 0, 0, 0, 0, 0, 0, 0, 0, -1, 0, -2, 0, -1, 0, 0, 0, 0 ], [ 0, 0, 0, 0, 0, 0, 0, 0, 1, 1, 0, -2, 0, -1, 0, 1, 0 ], 
                  [ 0, 0, 0, 0, 0, 0, 0, 0, -1, 0, -1, 0, -2, 0, 0, 0, 0 ], [ 0, 0, 0, 0, 0, 0, 0, 0, 1, 1, 0, -1, 0, -2, 0, 1, 0 ], 
                  [ 0, -1, -1, 0, 0, 0, -1, -1, 0, 0, 0, 0, 0, 0, -6, 0, 0 ], [ 0, 0, 0, 0, 0, 0, 0, 0, -1, -1, 0, 1, 0, 1, 0, 4, 0 ], 
                  [ 1, 0, 0, 0, 0, 0, 0, 0, 0, 0, 0, 0, 0, 0, 0, 0, 0 ] ] ],
          method := "Nikulin uniqueness",
          spinorPrimes := [  ] ),
      ampleflag := true,
      basisdual := [ [ 2, 0, 0, 0, 68 ], [ 0, 1, 0, 0, 74 ], [ 0, 0, 1, 0, 35 ], [ 0, 0, 0, 1, 11 ], [ 0, 0, 0, 0, 153 ] ],
      extdeg := 1,
      extgroupgens := [ [ 306 ] ],
      h := [ 1, 2, 2, 2, -2 ],
      rho := 5,
      sprats := rec(
          nopss := [ 0, 5 ],
          scons := [ [ [ 1, 6, 2, 3, -4 ], [ 1, -2, 2, 1, 0 ] ], [ [ 1, 3, 3, 6, -3 ], [ 1, 1, 1, -2, -1 ] ], [ [ 1, 2, 6, 3, -3 ], [ 1, 2, -2, 1, -1 ] ], 
              [ [ 1, 1, 4, 2, -2 ], [ 1, 3, 0, 2, -2 ] ], [ [ 1, 3, 4, 3, -3 ], [ 1, 1, 0, 1, -1 ] ] ],
          slins := [  ] ) ), rec(
      Gram := [ [ -30, -22, -37, -30, -60 ], [ -22, -18, -29, -26, -45 ], [ -37, -29, -48, -41, -75 ], [ -30, -26, -41, -44, -60 ], [ -60, -45, -75, -60, -120 ] ],
      Trec := rec(
          count := 1,
          grams := [ [ [ 0, 0, 0, 0, 0, 0, 0, 0, 0, 0, 0, 0, 0, 0, 0, 0, 1 ], [ 0, -2, -1, -1, 1, 1, -1, -1, 1, 0, 0, 0, 0, 0, 0, 0, 0 ], 
                  [ 0, -1, -2, 0, 1, 1, -1, 0, 1, 0, 0, 0, 0, 0, 0, 0, 0 ], [ 0, -1, 0, -2, 1, 0, -1, 0, 1, 0, 0, 0, 0, 0, 0, 0, 0 ], 
                  [ 0, 1, 1, 1, -2, -1, 1, 0, -1, 0, 0, 0, 0, 0, 0, 0, 0 ], [ 0, 1, 1, 0, -1, -2, 1, 1, -1, 0, 0, 0, 0, 0, 0, 0, 0 ], 
                  [ 0, -1, -1, -1, 1, 1, -2, 0, 1, 0, 0, 0, 0, 0, 0, 0, 0 ], [ 0, -1, 0, 0, 0, 1, 0, -2, 0, 0, 0, 0, 0, 0, 0, 0, 0 ], 
                  [ 0, 1, 1, 1, -1, -1, 1, 0, -2, 0, 0, 0, 0, 0, 0, 0, 0 ], [ 0, 0, 0, 0, 0, 0, 0, 0, 0, -2, -1, 1, -1, 1, -1, 0, 0 ], 
                  [ 0, 0, 0, 0, 0, 0, 0, 0, 0, -1, -2, 1, 0, 1, 0, 0, 0 ], [ 0, 0, 0, 0, 0, 0, 0, 0, 0, 1, 1, -2, 0, -1, 0, 0, 0 ], 
                  [ 0, 0, 0, 0, 0, 0, 0, 0, 0, -1, 0, 0, -2, 0, -1, 0, 0 ], [ 0, 0, 0, 0, 0, 0, 0, 0, 0, 1, 1, -1, 0, -2, 0, 0, 0 ], 
                  [ 0, 0, 0, 0, 0, 0, 0, 0, 0, -1, 0, 0, -1, 0, -2, 0, 0 ], [ 0, 0, 0, 0, 0, 0, 0, 0, 0, 0, 0, 0, 0, 0, 0, 30, 0 ], 
                  [ 1, 0, 0, 0, 0, 0, 0, 0, 0, 0, 0, 0, 0, 0, 0, 0, 0 ] ] ],
          method := "Nikulin uniqueness",
          spinorPrimes := [  ] ),
      ampleflag := true,
      basisdual := [ [ 2, 0, 0, 1, 8 ], [ 0, 1, 0, 2, 5 ], [ 0, 0, 1, 2, 9 ], [ 0, 0, 0, 7, 4 ], [ 0, 0, 0, 0, 15 ] ],
      extdeg := 1,
      extgroupgens := [ [ 210 ] ],
      h := [ 1, 2, 2, -1, -2 ],
      rho := 5,
      sprats := rec(
          nopss := [ 0, 7 ],
          scons := [ [ [ 1, 4, 3, -2, -3 ], [ 1, 0, 1, 0, -1 ] ], [ [ 1, 6, 2, -2, -3 ], [ 1, -2, 2, 0, -1 ] ], [ [ 1, 2, 6, -2, -4 ], [ 1, 2, -2, 0, 0 ] ], 
              [ [ 1, 3, 4, -2, -3 ], [ 1, 1, 0, 0, -1 ] ], [ [ 1, 0, 3, -1, -2 ], [ 1, 4, 1, -1, -2 ] ], [ [ 1, 1, 1, -1, -1 ], [ 1, 3, 3, -1, -3 ] ], 
              [ [ 1, 1, 4, -1, -3 ], [ 1, 3, 0, -1, -1 ] ] ],
          slins := [  ] ) ), rec(
      Gram := [ [ -98, -82, -132, -114, -180 ], [ -82, -70, -112, -95, -150 ], [ -132, -112, -180, -152, -240 ], [ -114, -95, -152, -134, -210 ], 
          [ -180, -150, -240, -210, -330 ] ],
      Trec := rec(
          count := 1,
          grams := [ [ [ 0, 0, 0, 0, 0, 0, 0, 0, 0, 0, 0, 0, 0, 0, 0, 0, 1 ], [ 0, 0, 0, 0, 0, 0, 0, 0, 0, 0, 0, 0, 0, 0, 0, 1, 0 ], 
                  [ 0, 0, -2, -1, -1, -1, 1, 1, -1, 1, 0, 0, 0, 0, 0, 0, 0 ], [ 0, 0, -1, -2, 0, -1, 1, 1, -1, 1, 0, 0, 0, 0, 0, 0, 0 ], 
                  [ 0, 0, -1, 0, -2, -1, 0, 0, 0, 1, 0, 0, 0, 0, 0, 0, 0 ], [ 0, 0, -1, -1, -1, -2, 1, 0, 0, 1, 0, 0, 0, 0, 0, 0, 0 ], 
                  [ 0, 0, 1, 1, 0, 1, -2, -1, 0, -1, 0, 0, 0, 0, 0, 0, 0 ], [ 0, 0, 1, 1, 0, 0, -1, -2, 1, -1, 0, 0, 0, 0, 0, 0, 0 ], 
                  [ 0, 0, -1, -1, 0, 0, 0, 1, -2, 0, 0, 0, 0, 0, 0, 0, 0 ], [ 0, 0, 1, 1, 1, 1, -1, -1, 0, -2, 0, 0, 0, 0, 0, 0, 0 ], 
                  [ 0, 0, 0, 0, 0, 0, 0, 0, 0, 0, -2, 0, 0, 0, 0, 0, 0 ], [ 0, 0, 0, 0, 0, 0, 0, 0, 0, 0, 0, -2, 0, 0, 0, 0, 0 ], 
                  [ 0, 0, 0, 0, 0, 0, 0, 0, 0, 0, 0, 0, -4, -2, -2, 0, 0 ], [ 0, 0, 0, 0, 0, 0, 0, 0, 0, 0, 0, 0, -2, -4, -1, 0, 0 ], 
                  [ 0, 0, 0, 0, 0, 0, 0, 0, 0, 0, 0, 0, -2, -1, -6, 0, 0 ], [ 0, 1, 0, 0, 0, 0, 0, 0, 0, 0, 0, 0, 0, 0, 0, 0, 0 ], 
                  [ 1, 0, 0, 0, 0, 0, 0, 0, 0, 0, 0, 0, 0, 0, 0, 0, 0 ] ] ],
          method := "Nikulin uniqueness",
          spinorPrimes := [  ] ),
      ampleflag := true,
      basisdual := [ [ 2, 0, 2, 0, 18 ], [ 0, 1, 2, 0, 15 ], [ 0, 0, 4, 0, 24 ], [ 0, 0, 0, 1, 19 ], [ 0, 0, 0, 0, 30 ] ],
      extdeg := 1,
      extgroupgens := [ [ 2, 0, 0 ], [ 0, 2, 0 ], [ 0, 0, 60 ] ],
      h := [ 1, 2, -1, 2, -2 ],
      rho := 5,
      sprats := rec(
          nopss := [ 0, 6 ],
          scons := [ [ [ 1, -2, 1, 1, -1 ], [ 1, 6, -3, 3, -3 ] ], [ [ 1, 1, -1, -2, 1 ], [ 1, 3, -1, 6, -5 ] ], [ [ 1, 1, 0, 0, -1 ], [ 1, 3, -2, 4, -3 ] ], 
              [ [ 1, 2, -2, 0, 0 ], [ 1, 2, 0, 4, -4 ] ], [ [ 1, 1, -1, 1, -1 ], [ 1, 3, -1, 3, -3 ] ], [ [ 1, 3, -2, 1, -1 ], [ 1, 1, 0, 3, -3 ] ] ],
          slins := [  ] ) ), rec(
      Gram := [ [ -8, -22, -36, -28, -45 ], [ -22, -70, -112, -95, -150 ], [ -36, -112, -180, -152, -240 ], [ -28, -95, -152, -134, -210 ], [ -45, -150, -240, -210, -330 ] ],
      Trec := rec(
          count := 1,
          grams := [ [ [ 0, 0, 0, 0, 0, 0, 0, 0, 0, 0, 0, 0, 0, 0, 0, 0, 1 ], [ 0, 0, 0, 0, 0, 0, 0, 0, 0, 0, 0, 0, 0, 0, 0, 1, 0 ], 
                  [ 0, 0, -2, -1, -1, -1, 1, 1, -1, 1, 0, 0, 0, 0, 0, 0, 0 ], [ 0, 0, -1, -2, 0, -1, 1, 1, -1, 1, 0, 0, 0, 0, 0, 0, 0 ], 
                  [ 0, 0, -1, 0, -2, -1, 0, 0, 0, 1, 0, 0, 0, 0, 0, 0, 0 ], [ 0, 0, -1, -1, -1, -2, 1, 0, 0, 1, 0, 0, 0, 0, 0, 0, 0 ], 
                  [ 0, 0, 1, 1, 0, 1, -2, -1, 0, -1, 0, 0, 0, 0, 0, 0, 0 ], [ 0, 0, 1, 1, 0, 0, -1, -2, 1, -1, 0, 0, 0, 0, 0, 0, 0 ], 
                  [ 0, 0, -1, -1, 0, 0, 0, 1, -2, 0, 0, 0, 0, 0, 0, 0, 0 ], [ 0, 0, 1, 1, 1, 1, -1, -1, 0, -2, 0, 0, 0, 0, 0, 0, 0 ], 
                  [ 0, 0, 0, 0, 0, 0, 0, 0, 0, 0, -2, -1, -1, -1, 1, 0, 0 ], [ 0, 0, 0, 0, 0, 0, 0, 0, 0, 0, -1, -2, 0, -1, 0, 0, 0 ], 
                  [ 0, 0, 0, 0, 0, 0, 0, 0, 0, 0, -1, 0, -2, -1, 0, 0, 0 ], [ 0, 0, 0, 0, 0, 0, 0, 0, 0, 0, -1, -1, -1, -4, 0, 0, 0 ], 
                  [ 0, 0, 0, 0, 0, 0, 0, 0, 0, 0, 1, 0, 0, 0, -6, 0, 0 ], [ 0, 1, 0, 0, 0, 0, 0, 0, 0, 0, 0, 0, 0, 0, 0, 0, 0 ], 
                  [ 1, 0, 0, 0, 0, 0, 0, 0, 0, 0, 0, 0, 0, 0, 0, 0, 0 ] ] ],
          method := "Nikulin uniqueness",
          spinorPrimes := [  ] ),
      ampleflag := true,
      basisdual := [ [ 1, 0, 3, 0, 6 ], [ 0, 1, 2, 0, 15 ], [ 0, 0, 4, 0, 24 ], [ 0, 0, 0, 1, 19 ], [ 0, 0, 0, 0, 30 ] ],
      extdeg := 2,
      extgroupgens := [ [ 1, 1, 0 ], [ 0, 2, 0 ], [ 0, 0, 60 ] ],
      h := [ 2, 2, -2, 2, -1 ],
      rho := 5,
      sprats := rec(
          nopss := [ 4, 0 ],
          scons := [  ],
          slins := [ [ [ 1, -1, 0, -1, 1 ], [ 1, 3, -2, 3, -2 ] ], [ [ 1, 0, -1, 1, 0 ], [ 1, 2, -1, 1, -1 ] ], [ [ 1, -1, 0, 2, -1 ], [ 1, 3, -2, 0, 0 ] ], 
              [ [ 1, 0, 0, 3, -2 ], [ 1, 2, -2, -1, 1 ] ] ] ) ), rec(
      Gram := [ [ -22, -16, -27, -22, -22 ], [ -16, -14, -22, -11, -22 ], [ -27, -22, -36, -22, -33 ], [ -22, -11, -22, -44, 0 ], [ -22, -22, -33, 0, -44 ] ],
      Trec := rec(
          count := 1,
          grams := [ [ [ 0, 0, 0, 0, 0, 0, 0, 0, 0, 0, 0, 0, 0, 0, 0, 0, 1 ], [ 0, -2, 1, 1, 1, -1, 1, -1, -1, 0, 0, 0, 0, 0, 0, 0, 0 ], 
                  [ 0, 1, -2, -1, -1, 0, -1, 0, 1, 0, 0, 0, 0, 0, 0, 0, 0 ], [ 0, 1, -1, -2, 0, 0, 0, 1, 1, 0, 0, 0, 0, 0, 0, 0, 0 ], 
                  [ 0, 1, -1, 0, -2, 1, -1, 0, 1, 0, 0, 0, 0, 0, 0, 0, 0 ], [ 0, -1, 0, 0, 1, -2, 1, 0, 0, 0, 0, 0, 0, 0, 0, 0, 0 ], 
                  [ 0, 1, -1, 0, -1, 1, -2, 0, 0, 0, 0, 0, 0, 0, 0, 0, 0 ], [ 0, -1, 0, 1, 0, 0, 0, -2, -1, 0, 0, 0, 0, 0, 0, 0, 0 ], 
                  [ 0, -1, 1, 1, 1, 0, 0, -1, -2, 0, 0, 0, 0, 0, 0, 0, 0 ], [ 0, 0, 0, 0, 0, 0, 0, 0, 0, 2, 0, -1, -1, -1, 0, -1, 0 ], 
                  [ 0, 0, 0, 0, 0, 0, 0, 0, 0, 0, -2, -1, 1, 0, 1, -1, 0 ], [ 0, 0, 0, 0, 0, 0, 0, 0, 0, -1, -1, -2, 0, 1, 1, 1, 0 ], 
                  [ 0, 0, 0, 0, 0, 0, 0, 0, 0, -1, 1, 0, -2, 1, 0, 1, 0 ], [ 0, 0, 0, 0, 0, 0, 0, 0, 0, -1, 0, 1, 1, -2, 1, 1, 0 ], 
                  [ 0, 0, 0, 0, 0, 0, 0, 0, 0, 0, 1, 1, 0, 1, -4, 0, 0 ], [ 0, 0, 0, 0, 0, 0, 0, 0, 0, -1, -1, 1, 1, 1, 0, -4, 0 ], 
                  [ 1, 0, 0, 0, 0, 0, 0, 0, 0, 0, 0, 0, 0, 0, 0, 0, 0 ] ] ],
          method := "Nikulin uniqueness",
          spinorPrimes := [  ] ),
      ampleflag := true,
      basisdual := [ [ 2, 0, 0, 6, 7 ], [ 0, 1, 0, 3, 6 ], [ 0, 0, 1, 6, 8 ], [ 0, 0, 0, 11, 0 ], [ 0, 0, 0, 0, 11 ] ],
      extdeg := 1,
      extgroupgens := [ [ 11, 0 ], [ 0, 22 ] ],
      h := [ 1, 2, 2, -2, -3 ],
      rho := 5,
      sprats := rec(
          nopss := [ 0, 6 ],
          scons := [ [ [ 1, 6, 2, -3, -5 ], [ 1, -2, 2, -1, -1 ] ], [ [ 1, 4, 1, -2, -3 ], [ 1, 0, 3, -2, -3 ] ], [ [ 1, 4, 3, -3, -5 ], [ 1, 0, 1, -1, -1 ] ], 
              [ [ 1, 2, -2, 0, 0 ], [ 1, 2, 6, -4, -6 ] ], [ [ 1, 3, 0, -1, -2 ], [ 1, 1, 4, -3, -4 ] ], [ [ 1, 1, 0, -1, -1 ], [ 1, 3, 4, -3, -5 ] ] ],
          slins := [  ] ) ), rec(
      Gram := [ [ -56, -13, -69, -69, -84 ], [ -13, -4, -18, -18, -21 ], [ -69, -18, -90, -87, -105 ], [ -69, -18, -87, -90, -105 ], [ -84, -21, -105, -105, -126 ] ],
      Trec := rec(
          count := 1,
          grams := [ [ [ 0, 0, 0, 0, 0, 0, 0, 0, 0, 0, 0, 0, 0, 0, 0, 0, 1 ], [ 0, -2, -1, -1, 1, 1, 1, 0, 0, 0, 0, 0, 0, 0, 0, 0, 0 ], 
                  [ 0, -1, -2, 0, 1, 1, 0, 0, 0, 0, 0, 0, 0, 0, 0, 0, 0 ], [ 0, -1, 0, -2, 1, 0, 1, 0, 0, 0, 0, 0, 0, 0, 0, 0, 0 ], 
                  [ 0, 1, 1, 1, -2, -1, -1, 0, 0, 0, 0, 0, 0, 0, 0, 0, 0 ], [ 0, 1, 1, 0, -1, -2, 0, 0, 0, 0, 0, 0, 0, 0, 0, 0, 0 ], 
                  [ 0, 1, 0, 1, -1, 0, -2, 0, 0, 0, 0, 0, 0, 0, 0, 0, 0 ], [ 0, 0, 0, 0, 0, 0, 0, -2, -1, 0, 0, 0, 0, 0, 0, 0, 0 ], 
                  [ 0, 0, 0, 0, 0, 0, 0, -1, -2, 0, 0, 0, 0, 0, 0, 0, 0 ], [ 0, 0, 0, 0, 0, 0, 0, 0, 0, -2, -1, 1, -1, 1, -1, 0, 0 ], 
                  [ 0, 0, 0, 0, 0, 0, 0, 0, 0, -1, -2, 1, 0, 1, 0, 0, 0 ], [ 0, 0, 0, 0, 0, 0, 0, 0, 0, 1, 1, -2, 0, -1, 0, 0, 0 ], 
                  [ 0, 0, 0, 0, 0, 0, 0, 0, 0, -1, 0, 0, -2, 0, -1, 0, 0 ], [ 0, 0, 0, 0, 0, 0, 0, 0, 0, 1, 1, -1, 0, -2, 0, 0, 0 ], 
                  [ 0, 0, 0, 0, 0, 0, 0, 0, 0, -1, 0, 0, -1, 0, -2, 0, 0 ], [ 0, 0, 0, 0, 0, 0, 0, 0, 0, 0, 0, 0, 0, 0, 0, 6, 0 ], 
                  [ 1, 0, 0, 0, 0, 0, 0, 0, 0, 0, 0, 0, 0, 0, 0, 0, 0 ] ] ],
          method := "Nikulin uniqueness",
          spinorPrimes := [  ] ),
      ampleflag := true,
      basisdual := [ [ 2, 0, 0, 0, 15 ], [ 0, 1, 1, 1, 4 ], [ 0, 0, 3, 0, 18 ], [ 0, 0, 0, 3, 18 ], [ 0, 0, 0, 0, 21 ] ],
      extdeg := 1,
      extgroupgens := [ [ 3, 0, 0 ], [ 0, 3, 0 ], [ 0, 0, 42 ] ],
      h := [ 1, 2, 0, 0, -1 ],
      rho := 5,
      sprats := rec(
          nopss := [ 0, 4 ],
          scons := [ [ [ 1, 1, 0, 0, -1 ], [ 1, 3, 0, 0, -1 ] ], [ [ 1, 1, 0, -1, 0 ], [ 1, 3, 0, 1, -2 ] ], [ [ 1, 6, -1, -1, 0 ], [ 1, -2, 1, 1, -2 ] ], 
              [ [ 1, 3, 1, 0, -2 ], [ 1, 1, -1, 0, 0 ] ] ],
          slins := [  ] ) ), rec(
      Gram := [ [ -110, -146, -54, -128, -330 ], [ -146, -196, -74, -171, -440 ], [ -54, -74, -30, -64, -165 ], [ -128, -171, -64, -150, -385 ], 
          [ -330, -440, -165, -385, -990 ] ],
      Trec := rec(
          count := 1,
          grams := [ [ [ 0, 0, 0, 0, 0, 0, 0, 0, 0, 0, 0, 0, 0, 0, 0, 0, 1 ], [ 0, -2, -1, -1, -1, 1, 1, -1, 1, 0, 0, 0, 0, 0, 0, 0, 0 ], 
                  [ 0, -1, -2, 0, 0, 1, 1, -1, 1, 0, 0, 0, 0, 0, 0, 0, 0 ], [ 0, -1, 0, -2, 0, 0, 1, -1, 1, 0, 0, 0, 0, 0, 0, 0, 0 ], 
                  [ 0, -1, 0, 0, -2, 0, 0, 0, 0, 0, 0, 0, 0, 0, 0, 0, 0 ], [ 0, 1, 1, 0, 0, -2, 0, 1, -1, 0, 0, 0, 0, 0, 0, 0, 0 ], 
                  [ 0, 1, 1, 1, 0, 0, -2, 1, -1, 0, 0, 0, 0, 0, 0, 0, 0 ], [ 0, -1, -1, -1, 0, 1, 1, -2, 1, 0, 0, 0, 0, 0, 0, 0, 0 ], 
                  [ 0, 1, 1, 1, 0, -1, -1, 1, -2, 0, 0, 0, 0, 0, 0, 0, 0 ], [ 0, 0, 0, 0, 0, 0, 0, 0, 0, -2, -1, 1, -1, 1, -1, 0, 0 ], 
                  [ 0, 0, 0, 0, 0, 0, 0, 0, 0, -1, -2, 0, 0, 0, 0, 0, 0 ], [ 0, 0, 0, 0, 0, 0, 0, 0, 0, 1, 0, -2, 1, -1, 0, 0, 0 ], 
                  [ 0, 0, 0, 0, 0, 0, 0, 0, 0, -1, 0, 1, -2, 1, -1, 0, 0 ], [ 0, 0, 0, 0, 0, 0, 0, 0, 0, 1, 0, -1, 1, -2, 0, 0, 0 ], 
                  [ 0, 0, 0, 0, 0, 0, 0, 0, 0, -1, 0, 0, -1, 0, -4, 0, 0 ], [ 0, 0, 0, 0, 0, 0, 0, 0, 0, 0, 0, 0, 0, 0, 0, 22, 0 ], 
                  [ 1, 0, 0, 0, 0, 0, 0, 0, 0, 0, 0, 0, 0, 0, 0, 0, 0 ] ] ],
          method := "Nikulin uniqueness",
          spinorPrimes := [  ] ),
      ampleflag := true,
      basisdual := [ [ 2, 0, 0, 0, 20 ], [ 0, 1, 1, 0, 25 ], [ 0, 0, 3, 0, 10 ], [ 0, 0, 0, 1, 21 ], [ 0, 0, 0, 0, 55 ] ],
      extdeg := 1,
      extgroupgens := [ [ 330 ] ],
      h := [ 1, 2, 0, 2, -2 ],
      rho := 5,
      sprats := rec(
          nopss := [ 0, 4 ],
          scons := [ [ [ 1, 6, -1, 3, -4 ], [ 1, -2, 1, 1, 0 ] ], [ [ 1, 1, -1, 1, -1 ], [ 1, 3, 1, 3, -3 ] ], [ [ 1, 1, 0, 3, -2 ], [ 1, 3, 0, 1, -2 ] ], 
              [ [ 1, 1, 0, -2, 0 ], [ 1, 3, 0, 6, -4 ] ] ],
          slins := [  ] ) ), rec(
      Gram := [ [ -14, -22, -10, -10, -10 ], [ -22, -34, -15, -15, -15 ], [ -10, -15, -10, -5, -5 ], [ -10, -15, -5, -10, -5 ], [ -10, -15, -5, -5, -10 ] ],
      Trec := rec(
          count := 1,
          grams := [ [ [ 0, 0, 0, 0, 0, 0, 0, 0, 0, 0, 0, 0, 0, 0, 0, 0, 1 ], [ 0, 0, 0, 0, 0, 0, 0, 0, 0, 0, 0, 0, 0, 0, 0, 1, 0 ], 
                  [ 0, 0, -2, 1, 1, 1, 1, 1, 1, 1, 0, 0, 0, 0, 0, 0, 0 ], [ 0, 0, 1, -2, 0, -1, -1, -1, -1, -1, 0, 0, 0, 0, 0, 0, 0 ], 
                  [ 0, 0, 1, 0, -2, -1, 0, -1, -1, -1, 0, 0, 0, 0, 0, 0, 0 ], [ 0, 0, 1, -1, -1, -2, -1, -1, -1, -1, 0, 0, 0, 0, 0, 0, 0 ], 
                  [ 0, 0, 1, -1, 0, -1, -2, -1, 0, 0, 0, 0, 0, 0, 0, 0, 0 ], [ 0, 0, 1, -1, -1, -1, -1, -2, -1, -1, 0, 0, 0, 0, 0, 0, 0 ], 
                  [ 0, 0, 1, -1, -1, -1, 0, -1, -2, -1, 0, 0, 0, 0, 0, 0, 0 ], [ 0, 0, 1, -1, -1, -1, 0, -1, -1, -2, 0, 0, 0, 0, 0, 0, 0 ], 
                  [ 0, 0, 0, 0, 0, 0, 0, 0, 0, 0, -2, 1, 1, 1, 0, 0, 0 ], [ 0, 0, 0, 0, 0, 0, 0, 0, 0, 0, 1, -2, 0, -1, 0, 0, 0 ], 
                  [ 0, 0, 0, 0, 0, 0, 0, 0, 0, 0, 1, 0, -4, -2, 0, 0, 0 ], [ 0, 0, 0, 0, 0, 0, 0, 0, 0, 0, 1, -1, -2, -4, 0, 0, 0 ], 
                  [ 0, 0, 0, 0, 0, 0, 0, 0, 0, 0, 0, 0, 0, 0, -10, 0, 0 ], [ 0, 1, 0, 0, 0, 0, 0, 0, 0, 0, 0, 0, 0, 0, 0, 0, 0 ], 
                  [ 1, 0, 0, 0, 0, 0, 0, 0, 0, 0, 0, 0, 0, 0, 0, 0, 0 ] ] ],
          method := "Nikulin uniqueness",
          spinorPrimes := [  ] ),
      ampleflag := true,
      basisdual := [ [ 2, 0, 4, 4, 4 ], [ 0, 1, 4, 4, 4 ], [ 0, 0, 5, 0, 0 ], [ 0, 0, 0, 5, 0 ], [ 0, 0, 0, 0, 5 ] ],
      extdeg := 1,
      extgroupgens := [ [ 5, 0, 0 ], [ 0, 5, 0 ], [ 0, 0, 10 ] ],
      h := [ 1, 2, -2, -2, -2 ],
      rho := 5,
      sprats := rec(
          nopss := [ 0, 5 ],
          scons := [ [ [ 1, 3, -2, -3, -3 ], [ 1, 1, -2, -1, -1 ] ], [ [ 1, 1, -1, -1, -2 ], [ 1, 3, -3, -3, -2 ] ], [ [ 1, 3, -3, -3, -3 ], [ 1, 1, -1, -1, -1 ] ], 
              [ [ 1, 6, -5, -5, -5 ], [ 1, -2, 1, 1, 1 ] ], [ [ 1, 1, -1, -2, -1 ], [ 1, 3, -3, -2, -3 ] ] ],
          slins := [  ] ) ), rec(
      Gram := [ [ -2, 8, 6, 6, 6 ], [ 8, -22, -15, -18, -18 ], [ 6, -15, -12, -12, -12 ], [ 6, -18, -12, -18, -12 ], [ 6, -18, -12, -12, -18 ] ],
      Trec := rec(
          count := 1,
          grams := [ [ [ 0, 0, 0, 0, 0, 0, 0, 0, 0, 0, 0, 0, 0, 0, 0, 0, 1 ], [ 0, 0, 0, 0, 0, 0, 0, 0, 0, 0, 0, 0, 0, 0, 0, 1, 0 ], 
                  [ 0, 0, -2, -1, 1, -1, 1, -1, 0, 0, 0, 0, 0, 0, 0, 0, 0 ], [ 0, 0, -1, -2, 1, 0, 0, 0, 0, 0, 0, 0, 0, 0, 0, 0, 0 ], 
                  [ 0, 0, 1, 1, -2, 1, 0, 0, 0, 0, 0, 0, 0, 0, 0, 0, 0 ], [ 0, 0, -1, 0, 1, -2, 1, 0, 0, 0, 0, 0, 0, 0, 0, 0, 0 ], 
                  [ 0, 0, 1, 0, 0, 1, -2, 0, 0, 0, 0, 0, 0, 0, 0, 0, 0 ], [ 0, 0, -1, 0, 0, 0, 0, -2, 0, 0, 0, 0, 0, 0, 0, 0, 0 ], 
                  [ 0, 0, 0, 0, 0, 0, 0, 0, -2, -1, 0, 0, 0, 0, 0, 0, 0 ], [ 0, 0, 0, 0, 0, 0, 0, 0, -1, -2, 0, 0, 0, 0, 0, 0, 0 ], 
                  [ 0, 0, 0, 0, 0, 0, 0, 0, 0, 0, -2, -1, -1, 0, -1, 0, 0 ], [ 0, 0, 0, 0, 0, 0, 0, 0, 0, 0, -1, -2, -1, 0, -1, 0, 0 ], 
                  [ 0, 0, 0, 0, 0, 0, 0, 0, 0, 0, -1, -1, -2, 0, 0, 0, 0 ], [ 0, 0, 0, 0, 0, 0, 0, 0, 0, 0, 0, 0, 0, -2, 0, 0, 0 ], 
                  [ 0, 0, 0, 0, 0, 0, 0, 0, 0, 0, -1, -1, 0, 0, -4, 0, 0 ], [ 0, 1, 0, 0, 0, 0, 0, 0, 0, 0, 0, 0, 0, 0, 0, 0, 0 ], 
                  [ 1, 0, 0, 0, 0, 0, 0, 0, 0, 0, 0, 0, 0, 0, 0, 0, 0 ] ] ],
          method := "Nikulin uniqueness",
          spinorPrimes := [  ] ),
      ampleflag := true,
      basisdual := [ [ 2, 0, 0, 0, 0 ], [ 0, 1, 1, 4, 4 ], [ 0, 0, 3, 3, 3 ], [ 0, 0, 0, 6, 0 ], [ 0, 0, 0, 0, 6 ] ],
      extdeg := 1,
      extgroupgens := [ [ 6, 0, 0 ], [ 0, 6, 0 ], [ 0, 0, 6 ] ],
      h := [ 1, 2, 0, -1, -1 ],
      rho := 5,
      sprats := rec(
          nopss := [ 0, 7 ],
          scons := [ [ [ 1, 1, 0, 0, -1 ], [ 1, 3, 0, -2, -1 ] ], [ [ 1, 3, 0, -1, -2 ], [ 1, 1, 0, -1, 0 ] ], [ [ 1, 1, -1, 0, 0 ], [ 1, 3, 1, -2, -2 ] ], 
              [ [ 1, 3, -1, -1, -1 ], [ 1, 1, 1, -1, -1 ] ], [ [ 1, 4, -1, -2, -2 ], [ 1, 0, 1, 0, 0 ] ], [ [ 1, 6, -1, -3, -3 ], [ 1, -2, 1, 1, 1 ] ], 
              [ [ 1, 0, 0, 0, 0 ], [ 1, 4, 0, -2, -2 ] ] ],
          slins := [  ] ) ), rec(
      Gram := [ [ -2, -5, -3, -3, -6 ], [ -5, -22, -15, -18, -18 ], [ -3, -15, -12, -12, -12 ], [ -3, -18, -12, -18, -12 ], [ -6, -18, -12, -12, -18 ] ],
      Trec := rec(
          count := 1,
          grams := [ [ [ 0, 0, 0, 0, 0, 0, 0, 0, 0, 0, 0, 0, 0, 0, 0, 0, 1 ], [ 0, 0, 0, 0, 0, 0, 0, 0, 0, 0, 0, 0, 0, 0, 0, 1, 0 ], 
                  [ 0, 0, -2, -1, 1, -1, 1, -1, 0, 0, 0, 0, 0, 0, 0, 0, 0 ], [ 0, 0, -1, -2, 1, 0, 0, 0, 0, 0, 0, 0, 0, 0, 0, 0, 0 ], 
                  [ 0, 0, 1, 1, -2, 1, 0, 0, 0, 0, 0, 0, 0, 0, 0, 0, 0 ], [ 0, 0, -1, 0, 1, -2, 1, 0, 0, 0, 0, 0, 0, 0, 0, 0, 0 ], 
                  [ 0, 0, 1, 0, 0, 1, -2, 0, 0, 0, 0, 0, 0, 0, 0, 0, 0 ], [ 0, 0, -1, 0, 0, 0, 0, -2, 0, 0, 0, 0, 0, 0, 0, 0, 0 ], 
                  [ 0, 0, 0, 0, 0, 0, 0, 0, -2, -1, 0, 0, 0, 0, 0, 0, 0 ], [ 0, 0, 0, 0, 0, 0, 0, 0, -1, -2, 0, 0, 0, 0, 0, 0, 0 ], 
                  [ 0, 0, 0, 0, 0, 0, 0, 0, 0, 0, -2, -1, 1, -1, -1, 0, 0 ], [ 0, 0, 0, 0, 0, 0, 0, 0, 0, 0, -1, -2, 0, -1, 0, 0, 0 ], 
                  [ 0, 0, 0, 0, 0, 0, 0, 0, 0, 0, 1, 0, -2, 0, 1, 0, 0 ], [ 0, 0, 0, 0, 0, 0, 0, 0, 0, 0, -1, -1, 0, -2, 0, 0, 0 ], 
                  [ 0, 0, 0, 0, 0, 0, 0, 0, 0, 0, -1, 0, 1, 0, -2, 0, 0 ], [ 0, 1, 0, 0, 0, 0, 0, 0, 0, 0, 0, 0, 0, 0, 0, 0, 0 ], 
                  [ 1, 0, 0, 0, 0, 0, 0, 0, 0, 0, 0, 0, 0, 0, 0, 0, 0 ] ] ],
          method := "Nikulin uniqueness",
          spinorPrimes := [  ] ),
      ampleflag := true,
      basisdual := [ [ 1, 0, 0, 0, 3 ], [ 0, 1, 1, 4, 4 ], [ 0, 0, 3, 3, 3 ], [ 0, 0, 0, 6, 0 ], [ 0, 0, 0, 0, 6 ] ],
      extdeg := 2,
      extgroupgens := [ [ 3, 0, 3 ], [ 0, 6, 0 ], [ 0, 0, 6 ] ],
      h := [ 2, 2, 0, -1, -2 ],
      rho := 5,
      sprats := rec(
          nopss := [ 4, 1 ],
          scons := [ [ [ 2, 0, 0, 0, -1 ], [ 2, 4, 0, -2, -3 ] ] ],
          slins := [ [ [ 1, 3, -1, -1, -2 ], [ 1, -1, 1, 0, 0 ] ], [ [ 1, -1, 0, 1, 0 ], [ 1, 3, 0, -2, -2 ] ], [ [ 1, 2, 0, -1, -2 ], [ 1, 0, 0, 0, 0 ] ], 
              [ [ 1, 0, 1, 0, -1 ], [ 1, 2, -1, -1, -1 ] ] ] ) ), rec(
      Gram := [ [ -2, 2, 3, 0, 3 ], [ 2, -10, -15, -18, -6 ], [ 3, -15, -24, -27, -9 ], [ 0, -18, -27, -36, -9 ], [ 3, -6, -9, -9, -6 ] ],
      Trec := rec(
          count := 1,
          grams := [ [ [ 0, 0, 0, 0, 0, 0, 0, 0, 0, 0, 0, 0, 0, 0, 0, 0, 1 ], [ 0, 0, 0, 0, 0, 0, 0, 0, 0, 0, 0, 0, 0, 0, 0, 1, 0 ], 
                  [ 0, 0, -2, -1, -1, 1, 1, 1, 1, 0, 0, 0, 0, 0, -1, 0, 0 ], [ 0, 0, -1, -2, 0, 1, 0, 0, 0, 0, 0, 0, 0, 0, -1, 0, 0 ], 
                  [ 0, 0, -1, 0, -2, 1, 0, 1, 1, 0, 0, 0, 0, 0, 0, 0, 0 ], [ 0, 0, 1, 1, 1, -2, 0, 0, 0, 0, 0, 0, 0, 0, 1, 0, 0 ], 
                  [ 0, 0, 1, 0, 0, 0, -2, 0, 0, 0, 0, 0, 0, 0, 1, 0, 0 ], [ 0, 0, 1, 0, 1, 0, 0, -2, -1, 0, 0, 0, 0, 0, 0, 0, 0 ], 
                  [ 0, 0, 1, 0, 1, 0, 0, -1, -2, 0, 0, 0, 0, 0, 0, 0, 0 ], [ 0, 0, 0, 0, 0, 0, 0, 0, 0, -2, -1, 0, 0, 0, 0, 0, 0 ], 
                  [ 0, 0, 0, 0, 0, 0, 0, 0, 0, -1, -2, 0, 0, 0, 0, 0, 0 ], [ 0, 0, 0, 0, 0, 0, 0, 0, 0, 0, 0, -2, -1, 0, 0, 0, 0 ], 
                  [ 0, 0, 0, 0, 0, 0, 0, 0, 0, 0, 0, -1, -2, 0, 0, 0, 0 ], [ 0, 0, 0, 0, 0, 0, 0, 0, 0, 0, 0, 0, 0, -2, 0, 0, 0 ], 
                  [ 0, 0, -1, -1, 0, 1, 1, 0, 0, 0, 0, 0, 0, 0, -6, 0, 0 ], [ 0, 1, 0, 0, 0, 0, 0, 0, 0, 0, 0, 0, 0, 0, 0, 0, 0 ], 
                  [ 1, 0, 0, 0, 0, 0, 0, 0, 0, 0, 0, 0, 0, 0, 0, 0, 0 ] ] ],
          method := "Nikulin uniqueness",
          spinorPrimes := [  ] ),
      ampleflag := true,
      basisdual := [ [ 2, 0, 0, 3, 0 ], [ 0, 1, 1, 4, 1 ], [ 0, 0, 3, 6, 0 ], [ 0, 0, 0, 9, 0 ], [ 0, 0, 0, 0, 3 ] ],
      extdeg := 1,
      extgroupgens := [ [ 3, 0, 0 ], [ 0, 3, 0 ], [ 0, 0, 18 ] ],
      h := [ 1, 2, 0, -1, 0 ],
      rho := 5,
      sprats := rec(
          nopss := [ 0, 9 ],
          scons := [ [ [ 1, 4, 0, -2, -1 ], [ 1, 0, 0, 0, 1 ] ], [ [ 1, 3, -1, -1, 0 ], [ 1, 1, 1, -1, 0 ] ], [ [ 1, 6, -1, -2, -1 ], [ 1, -2, 1, 0, 1 ] ], 
              [ [ 1, 4, -1, -1, -1 ], [ 1, 0, 1, -1, 1 ] ], [ [ 1, 0, 1, -1, 0 ], [ 1, 4, -1, -1, 0 ] ], [ [ 1, 3, 1, -2, -1 ], [ 1, 1, -1, 0, 1 ] ], 
              [ [ 1, 1, 1, -1, -1 ], [ 1, 3, -1, -1, 1 ] ], [ [ 1, 1, 0, -1, 1 ], [ 1, 3, 0, -1, -1 ] ], [ [ 1, 4, 0, -2, 0 ], [ 1, 0, 0, 0, 0 ] ] ],
          slins := [  ] ) ), rec(
      Gram := [ [ 2, 0, 0, 0, 0, 0 ], [ 0, -4, 0, 0, 0, 0 ], [ 0, 0, -4, 0, 0, 0 ], [ 0, 0, 0, -4, 0, 0 ], [ 0, 0, 0, 0, -4, 0 ], [ 0, 0, 0, 0, 0, -4 ] ],
      Trec := rec(
          count := 1,
          grams := [ [ [ 0, 0, 0, 0, 0, 0, 0, 0, 0, 0, 0, 0, 0, 0, 0, 4 ], [ 0, 0, 0, 0, 0, 0, 0, 0, 0, 0, 0, 0, 0, 0, 4, 0 ], 
                  [ 0, 0, -2, -1, -1, -1, -1, 1, -1, 1, 0, 0, 0, 0, 0, 0 ], [ 0, 0, -1, -2, 0, -1, -1, 1, -1, 1, 0, 0, 0, 0, 0, 0 ], 
                  [ 0, 0, -1, 0, -2, -1, 0, 0, 0, 1, 0, 0, 0, 0, 0, 0 ], [ 0, 0, -1, -1, -1, -2, -1, 0, 0, 1, 0, 0, 0, 0, 0, 0 ], 
                  [ 0, 0, -1, -1, 0, -1, -2, 1, 0, 1, 0, 0, 0, 0, 0, 0 ], [ 0, 0, 1, 1, 0, 0, 1, -2, 1, -1, 0, 0, 0, 0, 0, 0 ], 
                  [ 0, 0, -1, -1, 0, 0, 0, 1, -2, 0, 0, 0, 0, 0, 0, 0 ], [ 0, 0, 1, 1, 1, 1, 1, -1, 0, -2, 0, 0, 0, 0, 0, 0 ], 
                  [ 0, 0, 0, 0, 0, 0, 0, 0, 0, 0, -2, -1, -1, 0, 0, -2 ], [ 0, 0, 0, 0, 0, 0, 0, 0, 0, 0, -1, -2, 0, 0, 0, 2 ], 
                  [ 0, 0, 0, 0, 0, 0, 0, 0, 0, 0, -1, 0, -2, 0, 0, -6 ], [ 0, 0, 0, 0, 0, 0, 0, 0, 0, 0, 0, 0, 0, -2, 0, -4 ], 
                  [ 0, 4, 0, 0, 0, 0, 0, 0, 0, 0, 0, 0, 0, 0, 0, 0 ], [ 4, 0, 0, 0, 0, 0, 0, 0, 0, 0, -2, 2, -6, -4, 0, 0 ] ] ],
          method := "Nikulin uniqueness",
          spinorPrimes := [  ] ),
      ampleflag := true,
      basisdual := [ [ 2, 2, 2, 2, 2, 2 ], [ 0, 4, 0, 0, 0, 0 ], [ 0, 0, 4, 0, 0, 0 ], [ 0, 0, 0, 4, 0, 0 ], [ 0, 0, 0, 0, 4, 0 ], [ 0, 0, 0, 0, 0, 4 ] ],
      extdeg := 1,
      extgroupgens := [ [ 2, 0, 0, 0, 0, 0 ], [ 0, 4, 0, 0, 0, 0 ], [ 0, 0, 4, 0, 0, 0 ], [ 0, 0, 0, 4, 0, 0 ], [ 0, 0, 0, 0, 4, 0 ], [ 0, 0, 0, 0, 0, 4 ] ],
      h := [ 1, 0, 0, 0, 0, 0 ],
      rho := 6,
      sprats := rec(
          nopss := [ 0, 5 ],
          scons := [ [ [ 1, 0, 0, 0, 0, -1 ], [ 1, 0, 0, 0, 0, 1 ] ], [ [ 1, 0, 0, 0, -1, 0 ], [ 1, 0, 0, 0, 1, 0 ] ], [ [ 1, 0, 0, -1, 0, 0 ], [ 1, 0, 0, 1, 0, 0 ] ], 
              [ [ 1, 0, -1, 0, 0, 0 ], [ 1, 0, 1, 0, 0, 0 ] ], [ [ 1, -1, 0, 0, 0, 0 ], [ 1, 1, 0, 0, 0, 0 ] ] ],
          slins := [  ] ) ), rec(
      Gram := [ [ -2, 0, 4, 2, 2, 2 ], [ 0, -4, 0, 0, 0, 0 ], [ 4, 0, -4, -2, -2, -2 ], [ 2, 0, -2, -4, 0, 0 ], [ 2, 0, -2, 0, -4, 0 ], [ 2, 0, -2, 0, 0, -4 ] ],
      Trec := rec(
          count := 1,
          grams := [ [ [ 0, 0, 0, 0, 0, 0, 0, 0, 0, 0, 0, 0, 0, 0, 0, 1 ], [ 0, 0, 0, 0, 0, 0, 0, 0, 0, 0, 0, 0, 0, 0, 4, 0 ], 
                  [ 0, 0, -2, -1, -1, 1, 1, 1, 1, -1, 0, 0, 0, 0, 0, 0 ], [ 0, 0, -1, -2, 0, 1, 1, 1, 1, -1, 0, 0, 0, 0, 0, 0 ], 
                  [ 0, 0, -1, 0, -2, 1, 0, 1, 1, -1, 0, 0, 0, 0, 0, 0 ], [ 0, 0, 1, 1, 1, -2, 0, -1, -1, 1, 0, 0, 0, 0, 0, 0 ], 
                  [ 0, 0, 1, 1, 0, 0, -2, -1, -1, 0, 0, 0, 0, 0, 0, 0 ], [ 0, 0, 1, 1, 1, -1, -1, -2, -1, 1, 0, 0, 0, 0, 0, 0 ], 
                  [ 0, 0, 1, 1, 1, -1, -1, -1, -2, 1, 0, 0, 0, 0, 0, 0 ], [ 0, 0, -1, -1, -1, 1, 0, 1, 1, -2, 0, 0, 0, 0, 0, 0 ], 
                  [ 0, 0, 0, 0, 0, 0, 0, 0, 0, 0, -2, 0, 0, 0, 0, 0 ], [ 0, 0, 0, 0, 0, 0, 0, 0, 0, 0, 0, -2, 0, 0, 0, 0 ], [ 0, 0, 0, 0, 0, 0, 0, 0, 0, 0, 0, 0, -2, 0, 0, 0 
                     ], [ 0, 0, 0, 0, 0, 0, 0, 0, 0, 0, 0, 0, 0, -4, 0, 0 ], [ 0, 4, 0, 0, 0, 0, 0, 0, 0, 0, 0, 0, 0, 0, 0, 0 ], 
                  [ 1, 0, 0, 0, 0, 0, 0, 0, 0, 0, 0, 0, 0, 0, 0, 0 ] ] ],
          method := "Nikulin uniqueness",
          spinorPrimes := [  ] ),
      ampleflag := true,
      basisdual := [ [ 2, 2, 0, 0, 0, 0 ], [ 0, 4, 0, 0, 0, 0 ], [ 0, 0, 2, 2, 2, 2 ], [ 0, 0, 0, 4, 0, 0 ], [ 0, 0, 0, 0, 4, 0 ], [ 0, 0, 0, 0, 0, 4 ] ],
      extdeg := 2,
      extgroupgens := [ [ 2, 0, 0, 0, 0, 0 ], [ 0, 4, 0, 0, 0, 0 ], [ 0, 0, 2, 2, 2, 2 ], [ 0, 0, 0, 4, 0, 0 ], [ 0, 0, 0, 0, 4, 0 ], [ 0, 0, 0, 0, 0, 4 ] ],
      h := [ 1, 0, 1, 0, 0, 0 ],
      rho := 6,
      sprats := rec(
          nopss := [ 0, 13 ],
          scons := [ [ [ 1, -1, 1, 0, 0, 0 ], [ 1, 1, 1, 0, 0, 0 ] ], [ [ 1, 0, 2, -1, -1, -1 ], [ 1, 0, 0, 1, 1, 1 ] ], [ [ 1, 0, 3, -1, -1, -1 ], [ 1, 0, -1, 1, 1, 1 ] ], 
              [ [ 1, 0, 2, 0, -1, -1 ], [ 1, 0, 0, 0, 1, 1 ] ], [ [ 1, 0, 2, -1, 0, -1 ], [ 1, 0, 0, 1, 0, 1 ] ], [ [ 1, 0, 1, 0, 0, -1 ], [ 1, 0, 1, 0, 0, 1 ] ], 
              [ [ 1, 0, 2, 0, 0, -1 ], [ 1, 0, 0, 0, 0, 1 ] ], [ [ 1, 0, 2, -1, -1, 0 ], [ 1, 0, 0, 1, 1, 0 ] ], [ [ 1, 0, 1, 0, -1, 0 ], [ 1, 0, 1, 0, 1, 0 ] ], 
              [ [ 1, 0, 2, 0, -1, 0 ], [ 1, 0, 0, 0, 1, 0 ] ], [ [ 1, 0, 1, -1, 0, 0 ], [ 1, 0, 1, 1, 0, 0 ] ], [ [ 1, 0, 0, 0, 0, 0 ], [ 1, 0, 2, 0, 0, 0 ] ], 
              [ [ 1, 0, 2, -1, 0, 0 ], [ 1, 0, 0, 1, 0, 0 ] ] ],
          slins := [  ] ) ), rec(
      Gram := [ [ -14, 0, 0, 0, -7, -30 ], [ 0, -4, 0, 0, 0, 0 ], [ 0, 0, -4, 0, 0, 0 ], [ 0, 0, 0, -4, 0, 0 ], [ -7, 0, 0, 0, -4, -15 ], [ -30, 0, 0, 0, -15, -60 ] ],
      Trec := rec(
          count := 1,
          grams := [ [ [ 0, 0, 0, 0, 0, 0, 0, 0, 0, 0, 0, 0, 0, 0, 0, 1 ], [ 0, -2, 1, 1, 1, 1, -1, 1, 1, 0, 0, 0, 0, 0, 0, 0 ], 
                  [ 0, 1, -2, -1, 0, -1, 0, -1, -1, 0, 0, 0, 0, 0, 0, 0 ], [ 0, 1, -1, -2, -1, -1, 1, 0, -1, 0, 0, 0, 0, 0, 0, 0 ], 
                  [ 0, 1, 0, -1, -2, -1, 1, 0, 0, 0, 0, 0, 0, 0, 0, 0 ], [ 0, 1, -1, -1, -1, -2, 0, -1, -1, 0, 0, 0, 0, 0, 0, 0 ], 
                  [ 0, -1, 0, 1, 1, 0, -2, 0, 0, 0, 0, 0, 0, 0, 0, 0 ], [ 0, 1, -1, 0, 0, -1, 0, -2, -1, 0, 0, 0, 0, 0, 0, 0 ], 
                  [ 0, 1, -1, -1, 0, -1, 0, -1, -2, 0, 0, 0, 0, 0, 0, 0 ], [ 0, 0, 0, 0, 0, 0, 0, 0, 0, 2, 0, 0, 0, 0, 0, 0 ], 
                  [ 0, 0, 0, 0, 0, 0, 0, 0, 0, 0, -2, 0, 1, 0, 0, 0 ], [ 0, 0, 0, 0, 0, 0, 0, 0, 0, 0, 0, -2, -1, 0, 0, 0 ], 
                  [ 0, 0, 0, 0, 0, 0, 0, 0, 0, 0, 1, -1, -4, 0, 0, 0 ], [ 0, 0, 0, 0, 0, 0, 0, 0, 0, 0, 0, 0, 0, -8, 4, 0 ], 
                  [ 0, 0, 0, 0, 0, 0, 0, 0, 0, 0, 0, 0, 0, 4, -12, 0 ], [ 1, 0, 0, 0, 0, 0, 0, 0, 0, 0, 0, 0, 0, 0, 0, 0 ] ] ],
          method := "Nikulin uniqueness",
          spinorPrimes := [  ] ),
      ampleflag := true,
      basisdual := [ [ 2, 2, 2, 2, 0, 9 ], [ 0, 4, 0, 0, 0, 0 ], [ 0, 0, 4, 0, 0, 0 ], [ 0, 0, 0, 4, 0, 0 ], [ 0, 0, 0, 0, 1, 4 ], [ 0, 0, 0, 0, 0, 15 ] ],
      extdeg := 1,
      extgroupgens := [ [ 2, 0, 0, 0 ], [ 0, 4, 0, 0 ], [ 0, 0, 4, 0 ], [ 0, 0, 0, 60 ] ],
      h := [ 1, 0, 0, 0, 2, -1 ],
      rho := 6,
      sprats := rec(
          nopss := [ 0, 5 ],
          scons := [ [ [ 1, 0, 0, -1, 2, -1 ], [ 1, 0, 0, 1, 2, -1 ] ], [ [ 1, 0, -1, 0, 2, -1 ], [ 1, 0, 1, 0, 2, -1 ] ], [ [ 1, -1, 0, 0, 2, -1 ], [ 1, 1, 0, 0, 2, -1 ] ], 
              [ [ 1, 0, 0, 0, 1, -1 ], [ 1, 0, 0, 0, 3, -1 ] ], [ [ 1, 0, 0, 0, 6, -2 ], [ 1, 0, 0, 0, -2, 0 ] ] ],
          slins := [  ] ) ), rec(
      Gram := [ [ -2, 0, 0, 0, -2, -6 ], [ 0, -4, 0, 0, 0, 0 ], [ 0, 0, -4, 0, 0, 0 ], [ 0, 0, 0, -4, 0, 0 ], [ -2, 0, 0, 0, -4, -6 ], [ -6, 0, 0, 0, -6, -12 ] ],
      Trec := rec(
          count := 1,
          grams := [ [ [ 0, 0, 0, 0, 0, 0, 0, 0, 0, 0, 0, 0, 0, 0, 0, 2 ], [ 0, -2, -1, -1, 1, 1, -1, -1, 1, 0, 0, 0, 0, 0, 0, 0 ], 
                  [ 0, -1, -2, 0, 1, 1, -1, 0, 1, 0, 0, 0, 0, 0, 0, 0 ], [ 0, -1, 0, -2, 1, 0, -1, 0, 1, 0, 0, 0, 0, 0, 0, 0 ], 
                  [ 0, 1, 1, 1, -2, -1, 1, 0, -1, 0, 0, 0, 0, 0, 0, 0 ], [ 0, 1, 1, 0, -1, -2, 1, 1, -1, 0, 0, 0, 0, 0, 0, 0 ], 
                  [ 0, -1, -1, -1, 1, 1, -2, 0, 1, 0, 0, 0, 0, 0, 0, 0 ], [ 0, -1, 0, 0, 0, 1, 0, -2, 0, 0, 0, 0, 0, 0, 0, 0 ], 
                  [ 0, 1, 1, 1, -1, -1, 1, 0, -2, 0, 0, 0, 0, 0, 0, 0 ], [ 0, 0, 0, 0, 0, 0, 0, 0, 0, -2, 0, 0, -1, -1, 1, 1 ], 
                  [ 0, 0, 0, 0, 0, 0, 0, 0, 0, 0, 2, 0, 0, 0, 0, 0 ], [ 0, 0, 0, 0, 0, 0, 0, 0, 0, 0, 0, -2, -1, 1, -1, 1 ], 
                  [ 0, 0, 0, 0, 0, 0, 0, 0, 0, -1, 0, -1, -4, 1, -1, 0 ], [ 0, 0, 0, 0, 0, 0, 0, 0, 0, -1, 0, 1, 1, -4, 0, 1 ], 
                  [ 0, 0, 0, 0, 0, 0, 0, 0, 0, 1, 0, -1, -1, 0, -8, 1 ], [ 2, 0, 0, 0, 0, 0, 0, 0, 0, 1, 0, 1, 0, 1, 1, 0 ] ] ],
          method := "Nikulin uniqueness",
          spinorPrimes := [  ] ),
      ampleflag := true,
      basisdual := [ [ 2, 2, 2, 2, 0, 4 ], [ 0, 4, 0, 0, 0, 0 ], [ 0, 0, 4, 0, 0, 0 ], [ 0, 0, 0, 4, 0, 0 ], [ 0, 0, 0, 0, 2, 4 ], [ 0, 0, 0, 0, 0, 6 ] ],
      extdeg := 1,
      extgroupgens := [ [ 2, 0, 0, 0, 0, 0 ], [ 0, 2, 0, 0, 0, 0 ], [ 0, 0, 2, 0, 0, 0 ], [ 0, 0, 0, 4, 0, 0 ], [ 0, 0, 0, 0, 4, 0 ], [ 0, 0, 0, 0, 0, 12 ] ],
      h := [ 1, 0, 0, 0, 1, -1 ],
      rho := 6,
      sprats := rec(
          nopss := [ 0, 6 ],
          scons := [ [ [ 1, 0, 0, -1, 1, -1 ], [ 1, 0, 0, 1, 1, -1 ] ], [ [ 1, 0, -1, 0, 1, -1 ], [ 1, 0, 1, 0, 1, -1 ] ], [ [ 1, -1, 0, 0, 1, -1 ], [ 1, 1, 0, 0, 1, -1 ] ], 
              [ [ 1, 0, 0, 0, 0, -1 ], [ 1, 0, 0, 0, 2, -1 ] ], [ [ 1, 0, 0, 0, -1, 0 ], [ 1, 0, 0, 0, 3, -2 ] ], [ [ 1, 0, 0, 0, 2, -2 ], [ 1, 0, 0, 0, 0, 0 ] ] ],
          slins := [  ] ) ), rec(
      Gram := [ [ -2, 1, 2, 2, -1, -3 ], [ 1, -10, -2, -2, -5, -9 ], [ 2, -2, -4, 0, 0, 0 ], [ 2, -2, 0, -4, 0, 0 ], [ -1, -5, 0, 0, -4, -6 ], [ -3, -9, 0, 0, -6, -12 ] ],
      Trec := rec(
          count := 1,
          grams := [ [ [ 0, 0, 0, 0, 0, 0, 0, 0, 0, 0, 0, 0, 0, 0, 0, 1 ], [ 0, -2, -1, -1, 1, 1, -1, -1, 1, 0, 0, 0, 0, 0, 0, 0 ], 
                  [ 0, -1, -2, 0, 1, 1, -1, 0, 1, 0, 0, 0, 0, 0, 0, 0 ], [ 0, -1, 0, -2, 1, 0, -1, 0, 1, 0, 0, 0, 0, 0, 0, 0 ], 
                  [ 0, 1, 1, 1, -2, -1, 1, 0, -1, 0, 0, 0, 0, 0, 0, 0 ], [ 0, 1, 1, 0, -1, -2, 1, 1, -1, 0, 0, 0, 0, 0, 0, 0 ], 
                  [ 0, -1, -1, -1, 1, 1, -2, 0, 1, 0, 0, 0, 0, 0, 0, 0 ], [ 0, -1, 0, 0, 0, 1, 0, -2, 0, 0, 0, 0, 0, 0, 0, 0 ], 
                  [ 0, 1, 1, 1, -1, -1, 1, 0, -2, 0, 0, 0, 0, 0, 0, 0 ], [ 0, 0, 0, 0, 0, 0, 0, 0, 0, -2, 0, 0, 1, 1, -1, 0 ], 
                  [ 0, 0, 0, 0, 0, 0, 0, 0, 0, 0, -2, 0, 1, 1, -1, 0 ], [ 0, 0, 0, 0, 0, 0, 0, 0, 0, 0, 0, 2, 0, 0, 0, 0 ], [ 0, 0, 0, 0, 0, 0, 0, 0, 0, 1, 1, 0, -4, 0, 2, 0 
                     ], [ 0, 0, 0, 0, 0, 0, 0, 0, 0, 1, 1, 0, 0, -4, 2, 0 ], [ 0, 0, 0, 0, 0, 0, 0, 0, 0, -1, -1, 0, 2, 2, -8, 0 ], 
                  [ 1, 0, 0, 0, 0, 0, 0, 0, 0, 0, 0, 0, 0, 0, 0, 0 ] ] ],
          method := "Nikulin uniqueness",
          spinorPrimes := [  ] ),
      ampleflag := true,
      basisdual := [ [ 2, 0, 0, 0, 1, 3 ], [ 0, 2, 2, 2, 1, 5 ], [ 0, 0, 4, 0, 0, 0 ], [ 0, 0, 0, 4, 0, 0 ], [ 0, 0, 0, 0, 2, 4 ], [ 0, 0, 0, 0, 0, 6 ] ],
      extdeg := 2,
      extgroupgens := [ [ 2, 0, 0, 0, 0, 0 ], [ 0, 2, 0, 0, 0, 0 ], [ 0, 0, 1, 2, 2, 6 ], [ 0, 0, 0, 4, 0, 0 ], [ 0, 0, 0, 0, 4, 0 ], [ 0, 0, 0, 0, 0, 12 ] ],
      h := [ 1, 1, 0, 0, 0, -1 ],
      rho := 6,
      sprats := rec(
          nopss := [ 0, 14 ],
          scons := [ [ [ 1, 1, 0, 0, -1, -1 ], [ 1, 1, 0, 0, 1, -1 ] ], [ [ 1, 1, 0, 0, -2, 0 ], [ 1, 1, 0, 0, 2, -2 ] ], [ [ 1, 2, -1, -1, 0, -2 ], [ 1, 0, 1, 1, 0, 0 ] ], 
              [ [ 1, 2, -1, -1, -1, -1 ], [ 1, 0, 1, 1, 1, -1 ] ], [ [ 1, 1, 0, -1, 0, -1 ], [ 1, 1, 0, 1, 0, -1 ] ], [ [ 1, 3, -1, -1, -1, -2 ], [ 1, -1, 1, 1, 1, 0 ] ], 
              [ [ 1, 2, 0, -1, 0, -2 ], [ 1, 0, 0, 1, 0, 0 ] ], [ [ 1, 2, 0, -1, -1, -1 ], [ 1, 0, 0, 1, 1, -1 ] ], [ [ 1, 1, -1, 0, 0, -1 ], [ 1, 1, 1, 0, 0, -1 ] ], 
              [ [ 1, 0, 0, 0, 1, -1 ], [ 1, 2, 0, 0, -1, -1 ] ], [ [ 1, 0, 0, 0, 0, 0 ], [ 1, 2, 0, 0, 0, -2 ] ], [ [ 1, 2, -1, 0, 0, -2 ], [ 1, 0, 1, 0, 0, 0 ] ], 
              [ [ 1, 2, -1, 0, -1, -1 ], [ 1, 0, 1, 0, 1, -1 ] ], [ [ 1, 1, 0, 0, 1, -2 ], [ 1, 1, 0, 0, -1, 0 ] ] ],
          slins := [  ] ) ), rec(
      Gram := [ [ -14, 0, 0, -6, 2, -28 ], [ 0, -4, 0, 0, 0, 0 ], [ 0, 0, -4, 0, 0, 0 ], [ -6, 0, 0, -4, -1, -14 ], [ 2, 0, 0, -1, -4, 0 ], [ -28, 0, 0, -14, 0, -56 ] ],
      Trec := rec(
          count := 1,
          grams := [ [ [ 0, 0, 0, 0, 0, 0, 0, 0, 0, 0, 0, 0, 0, 0, 0, 1 ], [ 0, -2, -1, -1, 1, 1, -1, -1, 1, 0, 0, 0, 0, 0, 0, 0 ], 
                  [ 0, -1, -2, 0, 1, 1, -1, 0, 1, 0, 0, 0, 0, 0, 0, 0 ], [ 0, -1, 0, -2, 1, 0, -1, 0, 1, 0, 0, 0, 0, 0, 0, 0 ], 
                  [ 0, 1, 1, 1, -2, -1, 1, 0, -1, 0, 0, 0, 0, 0, 0, 0 ], [ 0, 1, 1, 0, -1, -2, 1, 1, -1, 0, 0, 0, 0, 0, 0, 0 ], 
                  [ 0, -1, -1, -1, 1, 1, -2, 0, 1, 0, 0, 0, 0, 0, 0, 0 ], [ 0, -1, 0, 0, 0, 1, 0, -2, 0, 0, 0, 0, 0, 0, 0, 0 ], 
                  [ 0, 1, 1, 1, -1, -1, 1, 0, -2, 0, 0, 0, 0, 0, 0, 0 ], [ 0, 0, 0, 0, 0, 0, 0, 0, 0, -2, 0, 0, -1, 0, 0, 0 ], 
                  [ 0, 0, 0, 0, 0, 0, 0, 0, 0, 0, -2, 0, -1, 0, 0, 0 ], [ 0, 0, 0, 0, 0, 0, 0, 0, 0, 0, 0, -2, -4, 0, 0, 0 ], 
                  [ 0, 0, 0, 0, 0, 0, 0, 0, 0, -1, -1, -4, -2, 0, 0, 0 ], [ 0, 0, 0, 0, 0, 0, 0, 0, 0, 0, 0, 0, 0, -4, 0, 0 ], 
                  [ 0, 0, 0, 0, 0, 0, 0, 0, 0, 0, 0, 0, 0, 0, -8, 0 ], [ 1, 0, 0, 0, 0, 0, 0, 0, 0, 0, 0, 0, 0, 0, 0, 0 ] ] ],
          method := "Nikulin uniqueness",
          spinorPrimes := [  ] ),
      ampleflag := true,
      basisdual := [ [ 2, 2, 2, 0, 0, 8 ], [ 0, 4, 0, 0, 0, 0 ], [ 0, 0, 4, 0, 0, 0 ], [ 0, 0, 0, 1, 1, 4 ], [ 0, 0, 0, 0, 4, 1 ], [ 0, 0, 0, 0, 0, 14 ] ],
      extdeg := 1,
      extgroupgens := [ [ 2, 0, 0, 0 ], [ 0, 4, 0, 0 ], [ 0, 0, 4, 0 ], [ 0, 0, 0, 56 ] ],
      h := [ 1, 0, 0, 2, 0, -1 ],
      rho := 6,
      sprats := rec(
          nopss := [ 0, 5 ],
          scons := [ [ [ 1, 0, -1, 2, 0, -1 ], [ 1, 0, 1, 2, 0, -1 ] ], [ [ 1, -1, 0, 2, 0, -1 ], [ 1, 1, 0, 2, 0, -1 ] ], [ [ 1, 0, 0, 2, -1, -1 ], [ 1, 0, 0, 2, 1, -1 ] ], 
              [ [ 1, 0, 0, 6, -1, -2 ], [ 1, 0, 0, -2, 1, 0 ] ], [ [ 1, 0, 0, 1, 0, -1 ], [ 1, 0, 0, 3, 0, -1 ] ] ],
          slins := [  ] ) ), rec(
      Gram := [ [ -2, 2, 2, 1, 2, 0 ], [ 2, -16, -2, -7, 0, -28 ], [ 2, -2, -4, 0, 0, 0 ], [ 1, -7, 0, -4, -1, -14 ], [ 2, 0, 0, -1, -4, 0 ], [ 0, -28, 0, -14, 0, -56 ] ],
      Trec := rec(
          count := 1,
          grams := [ [ [ 0, 0, 0, 0, 0, 0, 0, 0, 0, 0, 0, 0, 0, 0, 0, 1 ], [ 0, -2, -1, -1, 1, 1, -1, -1, 1, 0, 0, 0, 0, 0, 0, 0 ], 
                  [ 0, -1, -2, 0, 1, 1, -1, 0, 1, 0, 0, 0, 0, 0, 0, 0 ], [ 0, -1, 0, -2, 1, 0, -1, 0, 1, 0, 0, 0, 0, 0, 0, 0 ], 
                  [ 0, 1, 1, 1, -2, -1, 1, 0, -1, 0, 0, 0, 0, 0, 0, 0 ], [ 0, 1, 1, 0, -1, -2, 1, 1, -1, 0, 0, 0, 0, 0, 0, 0 ], 
                  [ 0, -1, -1, -1, 1, 1, -2, 0, 1, 0, 0, 0, 0, 0, 0, 0 ], [ 0, -1, 0, 0, 0, 1, 0, -2, 0, 0, 0, 0, 0, 0, 0, 0 ], 
                  [ 0, 1, 1, 1, -1, -1, 1, 0, -2, 0, 0, 0, 0, 0, 0, 0 ], [ 0, 0, 0, 0, 0, 0, 0, 0, 0, -2, 1, -1, 0, 1, 0, 0 ], 
                  [ 0, 0, 0, 0, 0, 0, 0, 0, 0, 1, -2, 0, 0, -1, 0, 0 ], [ 0, 0, 0, 0, 0, 0, 0, 0, 0, -1, 0, -2, 0, 1, 0, 0 ], 
                  [ 0, 0, 0, 0, 0, 0, 0, 0, 0, 0, 0, 0, -2, 4, 0, 0 ], [ 0, 0, 0, 0, 0, 0, 0, 0, 0, 1, -1, 1, 4, -2, 0, 0 ], 
                  [ 0, 0, 0, 0, 0, 0, 0, 0, 0, 0, 0, 0, 0, 0, -8, 0 ], [ 1, 0, 0, 0, 0, 0, 0, 0, 0, 0, 0, 0, 0, 0, 0, 0 ] ] ],
          method := "Nikulin uniqueness",
          spinorPrimes := [  ] ),
      ampleflag := true,
      basisdual := [ [ 2, 0, 0, 0, 0, 1 ], [ 0, 2, 2, 0, 0, 7 ], [ 0, 0, 4, 0, 0, 0 ], [ 0, 0, 0, 1, 1, 4 ], [ 0, 0, 0, 0, 4, 1 ], [ 0, 0, 0, 0, 0, 14 ] ],
      extdeg := 2,
      extgroupgens := [ [ 2, 0, 0, 0 ], [ 0, 4, 0, 0 ], [ 0, 0, 2, 28 ], [ 0, 0, 0, 56 ] ],
      h := [ 1, 1, 0, 2, 0, -1 ],
      rho := 6,
      sprats := rec(
          nopss := [ 0, 13 ],
          scons := [ [ [ 1, 1, 0, 1, 0, -1 ], [ 1, 1, 0, 3, 0, -1 ] ], [ [ 1, 1, -1, 2, 0, -1 ], [ 1, 1, 1, 2, 0, -1 ] ], [ [ 1, 0, 0, 4, -1, -1 ], [ 1, 2, 0, 0, 1, -1 ] ], 
              [ [ 1, 0, 0, 0, 0, 0 ], [ 1, 2, 0, 4, 0, -2 ] ], [ [ 1, 0, 0, 4, 0, -1 ], [ 1, 2, 0, 0, 0, -1 ] ], [ [ 1, 0, 0, 0, 1, 0 ], [ 1, 2, 0, 4, -1, -2 ] ], 
              [ [ 1, -1, 1, 2, 0, 0 ], [ 1, 3, -1, 2, 0, -2 ] ], [ [ 1, 2, -1, 4, -1, -2 ], [ 1, 0, 1, 0, 1, 0 ] ], [ [ 1, 2, -1, 0, 0, -1 ], [ 1, 0, 1, 4, 0, -1 ] ], 
              [ [ 1, 2, -1, 4, 0, -2 ], [ 1, 0, 1, 0, 0, 0 ] ], [ [ 1, 2, -1, 0, 1, -1 ], [ 1, 0, 1, 4, -1, -1 ] ], [ [ 1, 1, 0, 2, -1, -1 ], [ 1, 1, 0, 2, 1, -1 ] ], 
              [ [ 1, 1, 0, 6, -1, -2 ], [ 1, 1, 0, -2, 1, 0 ] ] ],
          slins := [  ] ) ), rec(
      Gram := [ [ -10, 0, 0, -5, 0, -22 ], [ 0, -4, 0, 0, 0, 0 ], [ 0, 0, -4, 0, 0, 0 ], [ -5, 0, 0, -4, -2, -11 ], [ 0, 0, 0, -2, -4, 0 ], [ -22, 0, 0, -11, 0, -44 ] ],
      Trec := rec(
          count := 1,
          grams := [ [ [ -2, 1, 1, 1, -1, 1, -1, -1, 0, 0, 0, 0, 0, 0, 0, 0 ], [ 1, -2, -1, 0, 0, 0, 1, 1, 0, 0, 0, 0, 0, 0, 0, 0 ], 
                  [ 1, -1, -2, -1, 0, -1, 0, 1, 0, 0, 0, 0, 0, 0, 0, 0 ], [ 1, 0, -1, -2, 1, -1, 0, 1, 0, 0, 0, 0, 0, 0, 0, 0 ], 
                  [ -1, 0, 0, 1, -2, 1, 0, 0, 0, 0, 0, 0, 0, 0, 0, 0 ], [ 1, 0, -1, -1, 1, -2, 0, 0, 0, 0, 0, 0, 0, 0, 0, 0 ], 
                  [ -1, 1, 0, 0, 0, 0, -2, -1, 0, 0, 0, 0, 0, 0, 0, 0 ], [ -1, 1, 1, 1, 0, 0, -1, -2, 0, 0, 0, 0, 0, 0, 0, 0 ], 
                  [ 0, 0, 0, 0, 0, 0, 0, 0, 2, 0, 0, 0, 0, 0, 0, 0 ], [ 0, 0, 0, 0, 0, 0, 0, 0, 0, -2, 0, 0, -1, 1, 0, 0 ], 
                  [ 0, 0, 0, 0, 0, 0, 0, 0, 0, 0, -2, 0, 1, -1, -1, 1 ], [ 0, 0, 0, 0, 0, 0, 0, 0, 0, 0, 0, -2, -1, 1, -2, 2 ], 
                  [ 0, 0, 0, 0, 0, 0, 0, 0, 0, -1, 1, -1, -4, 2, 1, 0 ], [ 0, 0, 0, 0, 0, 0, 0, 0, 0, 1, -1, 1, 2, -4, -1, 0 ], 
                  [ 0, 0, 0, 0, 0, 0, 0, 0, 0, 0, -1, -2, 1, -1, -2, -1 ], [ 0, 0, 0, 0, 0, 0, 0, 0, 0, 0, 1, 2, 0, 0, -1, -2 ] ] ],
          method := "Nikulin uniqueness",
          spinorPrimes := [  ] ),
      ampleflag := true,
      basisdual := [ [ 2, 2, 2, 0, 2, 7 ], [ 0, 4, 0, 0, 0, 0 ], [ 0, 0, 4, 0, 0, 0 ], [ 0, 0, 0, 1, 2, 4 ], [ 0, 0, 0, 0, 4, 2 ], [ 0, 0, 0, 0, 0, 11 ] ],
      extdeg := 1,
      extgroupgens := [ [ 2, 0, 0, 0 ], [ 0, 4, 0, 0 ], [ 0, 0, 4, 0 ], [ 0, 0, 0, 44 ] ],
      h := [ 1, 0, 0, 2, -1, -1 ],
      rho := 6,
      sprats := rec(
          nopss := [ 0, 6 ],
          scons := [ [ [ 1, 0, -1, 2, -1, -1 ], [ 1, 0, 1, 2, -1, -1 ] ], [ [ 1, -1, 0, 2, -1, -1 ], [ 1, 1, 0, 2, -1, -1 ] ], 
              [ [ 1, 0, 0, 6, -3, -2 ], [ 1, 0, 0, -2, 1, 0 ] ], [ [ 1, 0, 0, 2, -2, -1 ], [ 1, 0, 0, 2, 0, -1 ] ], 
              [ [ 1, 0, 0, 1, -1, -1 ], [ 1, 0, 0, 3, -1, -1 ] ], [ [ 1, 0, 0, 3, -2, -1 ], [ 1, 0, 0, 1, 0, -1 ] ] ],
          slins := [  ] ) ), rec(
      Gram := [ [ -2, 0, 0, 4, 2, -4 ], [ 0, -4, 0, 0, 0, 0 ], [ 0, 0, -4, 0, 0, 0 ], [ 4, 0, 0, -4, -2, 4 ], [ 2, 0, 0, -2, -4, 0 ], [ -4, 0, 0, 4, 0, -8 ] ],
      Trec := rec(
          count := 1,
          grams := [ [ [ 0, 0, 0, 0, 0, 0, 0, 0, 0, 0, 0, 0, 0, 0, 0, 1 ], [ 0, 0, 0, 0, 0, 0, 0, 0, 0, 0, 0, 0, 0, 0, 2, 0 ], 
                  [ 0, 0, -2, -1, -1, 1, 1, 1, -1, 1, 0, 0, 0, 0, 0, 0 ], [ 0, 0, -1, -2, 0, 1, 0, 1, -1, 0, 0, 0, 0, 0, 0, 0 ], 
                  [ 0, 0, -1, 0, -2, 1, 0, 0, 0, 1, 0, 0, 0, 0, 0, 0 ], [ 0, 0, 1, 1, 1, -2, 0, 0, 1, 0, 0, 0, 0, 0, 0, 0 ], 
                  [ 0, 0, 1, 0, 0, 0, -2, 0, 0, 0, 0, 0, 0, 0, 0, 0 ], [ 0, 0, 1, 1, 0, 0, 0, -2, 1, -1, 0, 0, 0, 0, 0, 0 ], 
                  [ 0, 0, -1, -1, 0, 1, 0, 1, -2, 0, 0, 0, 0, 0, 0, 0 ], [ 0, 0, 1, 0, 1, 0, 0, -1, 0, -2, 0, 0, 0, 0, 0, 0 ], 
                  [ 0, 0, 0, 0, 0, 0, 0, 0, 0, 0, -2, 0, 0, 0, 0, 0 ], [ 0, 0, 0, 0, 0, 0, 0, 0, 0, 0, 0, -4, 0, 0, 0, 0 ], [ 0, 0, 0, 0, 0, 0, 0, 0, 0, 0, 0, 0, -4, 0, 0, 0 
                     ], [ 0, 0, 0, 0, 0, 0, 0, 0, 0, 0, 0, 0, 0, -8, 0, 0 ], [ 0, 2, 0, 0, 0, 0, 0, 0, 0, 0, 0, 0, 0, 0, 0, 0 ], 
                  [ 1, 0, 0, 0, 0, 0, 0, 0, 0, 0, 0, 0, 0, 0, 0, 0 ] ] ],
          method := "Nikulin uniqueness",
          spinorPrimes := [  ] ),
      ampleflag := true,
      basisdual := [ [ 2, 2, 2, 0, 0, 2 ], [ 0, 4, 0, 0, 0, 0 ], [ 0, 0, 4, 0, 0, 0 ], [ 0, 0, 0, 2, 2, 0 ], [ 0, 0, 0, 0, 4, 2 ], [ 0, 0, 0, 0, 0, 4 ] ],
      extdeg := 1,
      extgroupgens := [ [ 2, 0, 0, 0, 0, 0 ], [ 0, 2, 0, 0, 0, 0 ], [ 0, 0, 2, 0, 0, 0 ], [ 0, 0, 0, 4, 0, 0 ], [ 0, 0, 0, 0, 4, 0 ], [ 0, 0, 0, 0, 0, 8 ] ],
      h := [ 1, 0, 0, 1, 0, 0 ],
      rho := 6,
      sprats := rec(
          nopss := [ 0, 8 ],
          scons := [ [ [ 1, 0, -1, 1, 0, 0 ], [ 1, 0, 1, 1, 0, 0 ] ], [ [ 1, -1, 0, 1, 0, 0 ], [ 1, 1, 0, 1, 0, 0 ] ], [ [ 1, 0, 0, 1, -1, 0 ], [ 1, 0, 0, 1, 1, 0 ] ], 
              [ [ 1, 0, 0, 0, 0, 0 ], [ 1, 0, 0, 2, 0, 0 ] ], [ [ 1, 0, 0, 2, -1, 1 ], [ 1, 0, 0, 0, 1, -1 ] ], [ [ 1, 0, 0, 0, 0, -1 ], [ 1, 0, 0, 2, 0, 1 ] ], 
              [ [ 1, 0, 0, -1, 1, -1 ], [ 1, 0, 0, 3, -1, 1 ] ], [ [ 1, 0, 0, 2, -1, 0 ], [ 1, 0, 0, 0, 1, 0 ] ] ],
          slins := [  ] ) ), rec(
      Gram := [ [ -2, 2, 2, 2, 2, 0 ], [ 2, -4, -2, 2, 0, -4 ], [ 2, -2, -4, 0, 0, 0 ], [ 2, 2, 0, -4, -2, 4 ], [ 2, 0, 0, -2, -4, 0 ], [ 0, -4, 0, 4, 0, -8 ] ],
      Trec := rec(
          count := 1,
          grams := [ [ [ 0, 0, 0, 0, 0, 0, 0, 0, 0, 0, 0, 0, 0, 0, 0, 1 ], [ 0, 0, 0, 0, 0, 0, 0, 0, 0, 0, 0, 0, 0, 0, 2, 0 ], 
                  [ 0, 0, -2, -1, -1, 1, 1, 1, -1, 1, 0, 0, 0, 0, 0, 0 ], [ 0, 0, -1, -2, 0, 1, 0, 1, -1, 0, 0, 0, 0, 0, 0, 0 ], 
                  [ 0, 0, -1, 0, -2, 1, 0, 0, 0, 1, 0, 0, 0, 0, 0, 0 ], [ 0, 0, 1, 1, 1, -2, 0, 0, 1, 0, 0, 0, 0, 0, 0, 0 ], 
                  [ 0, 0, 1, 0, 0, 0, -2, 0, 0, 0, 0, 0, 0, 0, 0, 0 ], [ 0, 0, 1, 1, 0, 0, 0, -2, 1, -1, 0, 0, 0, 0, 0, 0 ], 
                  [ 0, 0, -1, -1, 0, 1, 0, 1, -2, 0, 0, 0, 0, 0, 0, 0 ], [ 0, 0, 1, 0, 1, 0, 0, -1, 0, -2, 0, 0, 0, 0, 0, 0 ], 
                  [ 0, 0, 0, 0, 0, 0, 0, 0, 0, 0, -2, 0, 0, 0, 0, 0 ], [ 0, 0, 0, 0, 0, 0, 0, 0, 0, 0, 0, -4, -2, -2, 0, 0 ], 
                  [ 0, 0, 0, 0, 0, 0, 0, 0, 0, 0, 0, -2, -4, -2, 0, 0 ], [ 0, 0, 0, 0, 0, 0, 0, 0, 0, 0, 0, -2, -2, -4, 0, 0 ], 
                  [ 0, 2, 0, 0, 0, 0, 0, 0, 0, 0, 0, 0, 0, 0, 0, 0 ], [ 1, 0, 0, 0, 0, 0, 0, 0, 0, 0, 0, 0, 0, 0, 0, 0 ] ] ],
          method := "Nikulin uniqueness",
          spinorPrimes := [  ] ),
      ampleflag := true,
      basisdual := [ [ 2, 0, 0, 0, 0, 0 ], [ 0, 2, 2, 0, 0, 2 ], [ 0, 0, 4, 0, 0, 0 ], [ 0, 0, 0, 2, 2, 0 ], [ 0, 0, 0, 0, 4, 2 ], [ 0, 0, 0, 0, 0, 4 ] ],
      extdeg := 2,
      extgroupgens := [ [ 2, 0, 0, 0, 0, 0 ], [ 0, 2, 0, 0, 0, 0 ], [ 0, 0, 2, 0, 0, 0 ], [ 0, 0, 0, 2, 2, 0 ], [ 0, 0, 0, 0, 4, 0 ], [ 0, 0, 0, 0, 0, 8 ] ],
      h := [ 1, 1, 0, 1, 0, 0 ],
      rho := 6,
      sprats := rec(
          nopss := [ 0, 20 ],
          scons := [ [ [ 1, 0, 0, 2, -1, 1 ], [ 1, 2, 0, 0, 1, -1 ] ], [ [ 1, 2, -1, 2, -1, 0 ], [ 1, 0, 1, 0, 1, 0 ] ], [ [ 1, 1, 0, 1, -1, 0 ], [ 1, 1, 0, 1, 1, 0 ] ], 
              [ [ 1, 1, 0, 2, -1, 1 ], [ 1, 1, 0, 0, 1, -1 ] ], [ [ 1, 1, 0, 2, -1, 0 ], [ 1, 1, 0, 0, 1, 0 ] ], [ [ 1, 1, 0, 3, -1, 1 ], [ 1, 1, 0, -1, 1, -1 ] ], 
              [ [ 1, 0, 1, 2, -1, 1 ], [ 1, 2, -1, 0, 1, -1 ] ], [ [ 1, 2, 0, 2, -1, 0 ], [ 1, 0, 0, 0, 1, 0 ] ], [ [ 1, 1, -1, 1, 0, 0 ], [ 1, 1, 1, 1, 0, 0 ] ], 
              [ [ 1, 0, 0, 0, 0, 0 ], [ 1, 2, 0, 2, 0, 0 ] ], [ [ 1, 0, 0, 1, 0, 1 ], [ 1, 2, 0, 1, 0, -1 ] ], [ [ 1, 0, 0, 1, 0, 0 ], [ 1, 2, 0, 1, 0, 0 ] ], 
              [ [ 1, 0, 0, 2, 0, 1 ], [ 1, 2, 0, 0, 0, -1 ] ], [ [ 1, -1, 1, 1, 0, 1 ], [ 1, 3, -1, 1, 0, -1 ] ], [ [ 1, 2, -1, 0, 0, -1 ], [ 1, 0, 1, 2, 0, 1 ] ], 
              [ [ 1, 2, -1, 1, 0, 0 ], [ 1, 0, 1, 1, 0, 0 ] ], [ [ 1, 2, -1, 1, 0, -1 ], [ 1, 0, 1, 1, 0, 1 ] ], [ [ 1, 2, -1, 2, 0, 0 ], [ 1, 0, 1, 0, 0, 0 ] ], 
              [ [ 1, 1, 0, 0, 0, 0 ], [ 1, 1, 0, 2, 0, 0 ] ], [ [ 1, 1, 0, 0, 0, -1 ], [ 1, 1, 0, 2, 0, 1 ] ] ],
          slins := [  ] ) ), rec(
      Gram := [ [ -14, 0, -5, 2, 2, -26 ], [ 0, -4, 0, 0, 0, 0 ], [ -5, 0, -4, -1, -1, -13 ], [ 2, 0, -1, -4, 0, 0 ], [ 2, 0, -1, 0, -4, 0 ], [ -26, 0, -13, 0, 0, -52 ] ],
      Trec := rec(
          count := 1,
          grams := [ [ [ 0, 0, 0, 0, 0, 0, 0, 0, 0, 0, 0, 0, 0, 0, 0, 1 ], [ 0, 0, 0, 0, 0, 0, 0, 0, 0, 0, 0, 0, 0, 0, 1, 0 ], 
                  [ 0, 0, -2, -1, -1, -1, 1, -1, 1, 1, 0, 0, 0, 0, 0, 0 ], [ 0, 0, -1, -2, 0, -1, 0, -1, 0, 1, 0, 0, 0, 0, 0, 0 ], 
                  [ 0, 0, -1, 0, -2, -1, 1, -1, 0, 1, 0, 0, 0, 0, 0, 0 ], [ 0, 0, -1, -1, -1, -2, 0, -1, 0, 1, 0, 0, 0, 0, 0, 0 ], 
                  [ 0, 0, 1, 0, 1, 0, -2, 0, -1, -1, 0, 0, 0, 0, 0, 0 ], [ 0, 0, -1, -1, -1, -1, 0, -2, 0, 1, 0, 0, 0, 0, 0, 0 ], 
                  [ 0, 0, 1, 0, 0, 0, -1, 0, -2, 0, 0, 0, 0, 0, 0, 0 ], [ 0, 0, 1, 1, 1, 1, -1, 1, 0, -2, 0, 0, 0, 0, 0, 0 ], 
                  [ 0, 0, 0, 0, 0, 0, 0, 0, 0, 0, -4, 0, 0, 0, 0, 0 ], [ 0, 0, 0, 0, 0, 0, 0, 0, 0, 0, 0, -4, 0, 0, 0, 0 ], 
                  [ 0, 0, 0, 0, 0, 0, 0, 0, 0, 0, 0, 0, -6, -2, 0, 0 ], [ 0, 0, 0, 0, 0, 0, 0, 0, 0, 0, 0, 0, -2, -18, 0, 0 ], 
                  [ 0, 1, 0, 0, 0, 0, 0, 0, 0, 0, 0, 0, 0, 0, 0, 0 ], [ 1, 0, 0, 0, 0, 0, 0, 0, 0, 0, 0, 0, 0, 0, 0, 0 ] ] ],
          method := "Nikulin uniqueness",
          spinorPrimes := [  ] ),
      ampleflag := true,
      basisdual := [ [ 2, 2, 0, 0, 0, 7 ], [ 0, 4, 0, 0, 0, 0 ], [ 0, 0, 1, 1, 1, 4 ], [ 0, 0, 0, 4, 0, 1 ], [ 0, 0, 0, 0, 4, 1 ], [ 0, 0, 0, 0, 0, 13 ] ],
      extdeg := 1,
      extgroupgens := [ [ 2, 0, 0, 0 ], [ 0, 4, 0, 0 ], [ 0, 0, 4, 0 ], [ 0, 0, 0, 52 ] ],
      h := [ 1, 0, 2, 0, 0, -1 ],
      rho := 6,
      sprats := rec(
          nopss := [ 0, 5 ],
          scons := [ [ [ 1, -1, 2, 0, 0, -1 ], [ 1, 1, 2, 0, 0, -1 ] ], [ [ 1, 0, 2, 0, -1, -1 ], [ 1, 0, 2, 0, 1, -1 ] ], [ [ 1, 0, 2, -1, 0, -1 ], [ 1, 0, 2, 1, 0, -1 ] ], 
              [ [ 1, 0, 6, -1, -1, -2 ], [ 1, 0, -2, 1, 1, 0 ] ], [ [ 1, 0, 1, 0, 0, -1 ], [ 1, 0, 3, 0, 0, -1 ] ] ],
          slins := [  ] ) ), rec(
      Gram := [ [ -10, 0, -4, 2, 0, -20 ], [ 0, -4, 0, 0, 0, 0 ], [ -4, 0, -4, -1, -2, -10 ], [ 2, 0, -1, -4, 0, 0 ], [ 0, 0, -2, 0, -4, 0 ], [ -20, 0, -10, 0, 0, -40 ] ],
      Trec := rec(
          count := 1,
          grams := [ [ [ 0, 0, 0, 0, 0, 0, 0, 0, 0, 0, 0, 0, 0, 0, 0, 1 ], [ 0, 0, 0, 0, 0, 0, 0, 0, 0, 0, 0, 0, 0, 0, 1, 0 ], 
                  [ 0, 0, -2, -1, -1, 1, 1, 1, -1, 1, 0, 0, 0, 0, 0, 0 ], [ 0, 0, -1, -2, 0, 1, 0, 1, -1, 0, 0, 0, 0, 0, 0, 0 ], 
                  [ 0, 0, -1, 0, -2, 1, 0, 0, 0, 1, 0, 0, 0, 0, 0, 0 ], [ 0, 0, 1, 1, 1, -2, 0, 0, 1, 0, 0, 0, 0, 0, 0, 0 ], 
                  [ 0, 0, 1, 0, 0, 0, -2, 0, 0, 0, 0, 0, 0, 0, 0, 0 ], [ 0, 0, 1, 1, 0, 0, 0, -2, 1, -1, 0, 0, 0, 0, 0, 0 ], 
                  [ 0, 0, -1, -1, 0, 1, 0, 1, -2, 0, 0, 0, 0, 0, 0, 0 ], [ 0, 0, 1, 0, 1, 0, 0, -1, 0, -2, 0, 0, 0, 0, 0, 0 ], 
                  [ 0, 0, 0, 0, 0, 0, 0, 0, 0, 0, -2, 0, 0, 0, 0, 0 ], [ 0, 0, 0, 0, 0, 0, 0, 0, 0, 0, 0, -4, 0, 0, 0, 0 ], [ 0, 0, 0, 0, 0, 0, 0, 0, 0, 0, 0, 0, -4, 0, 0, 0 
                     ], [ 0, 0, 0, 0, 0, 0, 0, 0, 0, 0, 0, 0, 0, -40, 0, 0 ], [ 0, 1, 0, 0, 0, 0, 0, 0, 0, 0, 0, 0, 0, 0, 0, 0 ], 
                  [ 1, 0, 0, 0, 0, 0, 0, 0, 0, 0, 0, 0, 0, 0, 0, 0 ] ] ],
          method := "Nikulin uniqueness",
          spinorPrimes := [  ] ),
      ampleflag := true,
      basisdual := [ [ 2, 2, 0, 0, 2, 6 ], [ 0, 4, 0, 0, 0, 0 ], [ 0, 0, 1, 1, 2, 4 ], [ 0, 0, 0, 4, 0, 1 ], [ 0, 0, 0, 0, 4, 2 ], [ 0, 0, 0, 0, 0, 10 ] ],
      extdeg := 1,
      extgroupgens := [ [ 2, 0, 0, 0 ], [ 0, 4, 0, 0 ], [ 0, 0, 4, 0 ], [ 0, 0, 0, 40 ] ],
      h := [ 1, 0, 2, 0, -1, -1 ],
      rho := 6,
      sprats := rec(
          nopss := [ 0, 6 ],
          scons := [ [ [ 1, -1, 2, 0, -1, -1 ], [ 1, 1, 2, 0, -1, -1 ] ], [ [ 1, 0, 2, -1, -1, -1 ], [ 1, 0, 2, 1, -1, -1 ] ], 
              [ [ 1, 0, 6, -1, -3, -2 ], [ 1, 0, -2, 1, 1, 0 ] ], [ [ 1, 0, 2, 0, -2, -1 ], [ 1, 0, 2, 0, 0, -1 ] ], 
              [ [ 1, 0, 1, 0, -1, -1 ], [ 1, 0, 3, 0, -1, -1 ] ], [ [ 1, 0, 3, 0, -2, -1 ], [ 1, 0, 1, 0, 0, -1 ] ] ],
          slins := [  ] ) ), rec(
      Gram := [ [ -2, 2, 2, 2, 2, 0 ], [ 2, -12, -6, 0, -2, -20 ], [ 2, -6, -4, -1, -2, -10 ], [ 2, 0, -1, -4, 0, 0 ], [ 2, -2, -2, 0, -4, 0 ], [ 0, -20, -10, 0, 0, -40 ] ],
      Trec := rec(
          count := 1,
          grams := [ [ [ 0, 0, 0, 0, 0, 0, 0, 0, 0, 0, 0, 0, 0, 0, 0, 1 ], [ 0, -2, 1, 1, 1, 1, -1, -1, -1, 0, 0, 0, 0, 0, 0, 0 ], 
                  [ 0, 1, -2, -1, -1, -1, 1, 0, 1, 0, 0, 0, 0, 0, 0, 0 ], [ 0, 1, -1, -2, 0, -1, 1, 0, 1, 0, 0, 0, 0, 0, 0, 0 ], 
                  [ 0, 1, -1, 0, -2, -1, 0, 1, 0, 0, 0, 0, 0, 0, 0, 0 ], [ 0, 1, -1, -1, -1, -2, 1, 1, 0, 0, 0, 0, 0, 0, 0, 0 ], 
                  [ 0, -1, 1, 1, 0, 1, -2, 0, -1, 0, 0, 0, 0, 0, 0, 0 ], [ 0, -1, 0, 0, 1, 1, 0, -2, 0, 0, 0, 0, 0, 0, 0, 0 ], 
                  [ 0, -1, 1, 1, 0, 0, -1, 0, -2, 0, 0, 0, 0, 0, 0, 0 ], [ 0, 0, 0, 0, 0, 0, 0, 0, 0, -2, 0, 0, 0, 0, 0, 0 ], 
                  [ 0, 0, 0, 0, 0, 0, 0, 0, 0, 0, 2, 1, 0, 0, 0, 0 ], [ 0, 0, 0, 0, 0, 0, 0, 0, 0, 0, 1, -2, 0, 0, 0, 0 ], 
                  [ 0, 0, 0, 0, 0, 0, 0, 0, 0, 0, 0, 0, -4, -2, -2, 0 ], [ 0, 0, 0, 0, 0, 0, 0, 0, 0, 0, 0, 0, -2, -4, -2, 0 ], 
                  [ 0, 0, 0, 0, 0, 0, 0, 0, 0, 0, 0, 0, -2, -2, -4, 0 ], [ 1, 0, 0, 0, 0, 0, 0, 0, 0, 0, 0, 0, 0, 0, 0, 0 ] ] ],
          method := "Nikulin uniqueness",
          spinorPrimes := [  ] ),
      ampleflag := true,
      basisdual := [ [ 2, 0, 0, 0, 0, 0 ], [ 0, 2, 0, 0, 2, 6 ], [ 0, 0, 1, 1, 2, 4 ], [ 0, 0, 0, 4, 0, 1 ], [ 0, 0, 0, 0, 4, 2 ], [ 0, 0, 0, 0, 0, 10 ] ],
      extdeg := 2,
      extgroupgens := [ [ 2, 0, 0, 0 ], [ 0, 4, 0, 0 ], [ 0, 0, 2, 0 ], [ 0, 0, 0, 40 ] ],
      h := [ 1, 1, 2, 0, -1, -1 ],
      rho := 6,
      sprats := rec(
          nopss := [ 0, 16 ],
          scons := [ [ [ 1, 0, 4, -1, -2, -1 ], [ 1, 2, 0, 1, 0, -1 ] ], [ [ 1, 2, 4, -1, -3, -2 ], [ 1, 0, 0, 1, 1, 0 ] ], [ [ 1, 1, 2, -1, -1, -1 ], [ 1, 1, 2, 1, -1, -1 ] 
                 ], [ [ 1, 1, 6, -1, -3, -2 ], [ 1, 1, -2, 1, 1, 0 ] ], [ [ 1, 0, 4, -1, -1, -1 ], [ 1, 2, 0, 1, -1, -1 ] ], [ [ 1, 2, 4, -1, -2, -2 ], [ 1, 0, 0, 1, 0, 0 ] ]
                , [ [ 1, 1, 2, 0, -2, -1 ], [ 1, 1, 2, 0, 0, -1 ] ], [ [ 1, 1, 1, 0, -1, -1 ], [ 1, 1, 3, 0, -1, -1 ] ], [ [ 1, 0, 0, 0, 0, 0 ], [ 1, 2, 4, 0, -2, -2 ] ], 
              [ [ 1, 2, 0, 0, -1, -1 ], [ 1, 0, 4, 0, -1, -1 ] ], [ [ 1, 0, 4, 0, -2, -1 ], [ 1, 2, 0, 0, 0, -1 ] ], [ [ 1, 2, 4, 0, -3, -2 ], [ 1, 0, 0, 0, 1, 0 ] ], 
              [ [ 1, 1, 3, 0, -2, -1 ], [ 1, 1, 1, 0, 0, -1 ] ], [ [ 1, 0, 3, 0, -1, -1 ], [ 1, 2, 1, 0, -1, -1 ] ], [ [ 1, -1, 2, 0, 0, 0 ], [ 1, 3, 2, 0, -2, -2 ] ], 
              [ [ 1, 2, 3, 0, -2, -2 ], [ 1, 0, 1, 0, 0, 0 ] ] ],
          slins := [  ] ) ), rec(
      Gram := [ [ -6, 0, -3, 0, 0, -14 ], [ 0, -4, 0, 0, 0, 0 ], [ -3, 0, -4, -2, -2, -7 ], [ 0, 0, -2, -4, 0, 0 ], [ 0, 0, -2, 0, -4, 0 ], [ -14, 0, -7, 0, 0, -28 ] ],
      Trec := rec(
          count := 1,
          grams := [ [ [ 0, 0, 0, 0, 0, 0, 0, 0, 0, 0, 0, 0, 0, 0, 0, 1 ], [ 0, 0, 0, 0, 0, 0, 0, 0, 0, 0, 0, 0, 0, 0, 4, 0 ], 
                  [ 0, 0, -2, -1, -1, -1, 1, -1, 1, 1, 0, 0, 0, 0, 0, 0 ], [ 0, 0, -1, -2, 0, -1, 1, 0, 0, 1, 0, 0, 0, 0, 0, 0 ], 
                  [ 0, 0, -1, 0, -2, -1, 0, -1, 1, 1, 0, 0, 0, 0, 0, 0 ], [ 0, 0, -1, -1, -1, -2, 1, -1, 1, 1, 0, 0, 0, 0, 0, 0 ], 
                  [ 0, 0, 1, 1, 0, 1, -2, 1, 0, -1, 0, 0, 0, 0, 0, 0 ], [ 0, 0, -1, 0, -1, -1, 1, -2, 1, 1, 0, 0, 0, 0, 0, 0 ], 
                  [ 0, 0, 1, 0, 1, 1, 0, 1, -2, 0, 0, 0, 0, 0, 0, 0 ], [ 0, 0, 1, 1, 1, 1, -1, 1, 0, -2, 0, 0, 0, 0, 0, 0 ], 
                  [ 0, 0, 0, 0, 0, 0, 0, 0, 0, 0, -2, 0, -1, -1, 0, 0 ], [ 0, 0, 0, 0, 0, 0, 0, 0, 0, 0, 0, -2, -1, 1, 0, 0 ], 
                  [ 0, 0, 0, 0, 0, 0, 0, 0, 0, 0, -1, -1, -4, -1, 0, 0 ], [ 0, 0, 0, 0, 0, 0, 0, 0, 0, 0, -1, 1, -1, -6, 0, 0 ], 
                  [ 0, 4, 0, 0, 0, 0, 0, 0, 0, 0, 0, 0, 0, 0, 0, 0 ], [ 1, 0, 0, 0, 0, 0, 0, 0, 0, 0, 0, 0, 0, 0, 0, 0 ] ] ],
          method := "Nikulin uniqueness",
          spinorPrimes := [  ] ),
      ampleflag := true,
      basisdual := [ [ 2, 2, 0, 2, 2, 5 ], [ 0, 4, 0, 0, 0, 0 ], [ 0, 0, 1, 2, 2, 4 ], [ 0, 0, 0, 4, 0, 2 ], [ 0, 0, 0, 0, 4, 2 ], [ 0, 0, 0, 0, 0, 7 ] ],
      extdeg := 1,
      extgroupgens := [ [ 2, 0, 0, 0 ], [ 0, 4, 0, 0 ], [ 0, 0, 4, 0 ], [ 0, 0, 0, 28 ] ],
      h := [ 1, 0, 2, -1, -1, -1 ],
      rho := 6,
      sprats := rec(
          nopss := [ 0, 8 ],
          scons := [ [ [ 1, -1, 2, -1, -1, -1 ], [ 1, 1, 2, -1, -1, -1 ] ], [ [ 1, 0, 6, -3, -3, -2 ], [ 1, 0, -2, 1, 1, 0 ] ], 
              [ [ 1, 0, 2, -1, -2, -1 ], [ 1, 0, 2, -1, 0, -1 ] ], [ [ 1, 0, 1, -1, -1, -1 ], [ 1, 0, 3, -1, -1, -1 ] ], 
              [ [ 1, 0, 1, 0, -1, -1 ], [ 1, 0, 3, -2, -1, -1 ] ], [ [ 1, 0, 3, -2, -2, -1 ], [ 1, 0, 1, 0, 0, -1 ] ], [ [ 1, 0, 2, -2, -1, -1 ], [ 1, 0, 2, 0, -1, -1 ] ], 
              [ [ 1, 0, 3, -1, -2, -1 ], [ 1, 0, 1, -1, 0, -1 ] ] ],
          slins := [  ] ) ), rec(
      Gram := [ [ -2, 0, 6, 4, 4, -2 ], [ 0, -4, 0, 0, 0, 0 ], [ 6, 0, -12, -8, -8, 6 ], [ 4, 0, -8, -8, -4, 4 ], [ 4, 0, -8, -4, -8, 4 ], [ -2, 0, 6, 4, 4, -4 ] ],
      Trec := rec(
          count := 1,
          grams := [ [ [ 0, 0, 0, 0, 0, 0, 0, 0, 0, 0, 0, 0, 0, 0, 0, 1 ], [ 0, 0, 0, 0, 0, 0, 0, 0, 0, 0, 0, 0, 0, 0, 4, 0 ], 
                  [ 0, 0, -2, -1, -1, 1, 1, 1, 1, -1, 0, 0, 0, 0, 0, 0 ], [ 0, 0, -1, -2, 0, 1, 1, 1, 1, -1, 0, 0, 0, 0, 0, 0 ], 
                  [ 0, 0, -1, 0, -2, 1, 0, 1, 1, -1, 0, 0, 0, 0, 0, 0 ], [ 0, 0, 1, 1, 1, -2, 0, -1, -1, 1, 0, 0, 0, 0, 0, 0 ], 
                  [ 0, 0, 1, 1, 0, 0, -2, -1, -1, 0, 0, 0, 0, 0, 0, 0 ], [ 0, 0, 1, 1, 1, -1, -1, -2, -1, 1, 0, 0, 0, 0, 0, 0 ], 
                  [ 0, 0, 1, 1, 1, -1, -1, -1, -2, 1, 0, 0, 0, 0, 0, 0 ], [ 0, 0, -1, -1, -1, 1, 0, 1, 1, -2, 0, 0, 0, 0, 0, 0 ], 
                  [ 0, 0, 0, 0, 0, 0, 0, 0, 0, 0, -2, 0, 0, 0, 0, 0 ], [ 0, 0, 0, 0, 0, 0, 0, 0, 0, 0, 0, -2, 0, 0, 0, 0 ], [ 0, 0, 0, 0, 0, 0, 0, 0, 0, 0, 0, 0, -2, 0, 0, 0 
                     ], [ 0, 0, 0, 0, 0, 0, 0, 0, 0, 0, 0, 0, 0, -4, 0, 0 ], [ 0, 4, 0, 0, 0, 0, 0, 0, 0, 0, 0, 0, 0, 0, 0, 0 ], 
                  [ 1, 0, 0, 0, 0, 0, 0, 0, 0, 0, 0, 0, 0, 0, 0, 0 ] ] ],
          method := "Nikulin uniqueness",
          spinorPrimes := [  ] ),
      ampleflag := true,
      basisdual := [ [ 2, 2, 0, 0, 0, 0 ], [ 0, 4, 0, 0, 0, 0 ], [ 0, 0, 2, 2, 2, 0 ], [ 0, 0, 0, 4, 0, 0 ], [ 0, 0, 0, 0, 4, 0 ], [ 0, 0, 0, 0, 0, 2 ] ],
      extdeg := 1,
      extgroupgens := [ [ 2, 0, 0, 0, 0, 0 ], [ 0, 2, 0, 0, 0, 0 ], [ 0, 0, 2, 0, 0, 0 ], [ 0, 0, 0, 4, 0, 0 ], [ 0, 0, 0, 0, 4, 0 ], [ 0, 0, 0, 0, 0, 4 ] ],
      h := [ 1, 0, 1, 0, 0, 1 ],
      rho := 6,
      sprats := rec(
          nopss := [ 0, 13 ],
          scons := [ [ [ 1, -1, 1, 0, 0, 1 ], [ 1, 1, 1, 0, 0, 1 ] ], [ [ 1, 0, 0, 0, 0, -1 ], [ 1, 0, 2, 0, 0, 3 ] ], [ [ 1, 0, 1, 0, 0, 0 ], [ 1, 0, 1, 0, 0, 2 ] ], 
              [ [ 1, 0, 0, 1, 0, 0 ], [ 1, 0, 2, -1, 0, 2 ] ], [ [ 1, 0, 0, 0, 1, 0 ], [ 1, 0, 2, 0, -1, 2 ] ], [ [ 1, 0, -1, 1, 1, 0 ], [ 1, 0, 3, -1, -1, 2 ] ], 
              [ [ 1, 0, 0, 1, 1, 1 ], [ 1, 0, 2, -1, -1, 1 ] ], [ [ 1, 0, 2, -1, -1, 0 ], [ 1, 0, 0, 1, 1, 2 ] ], [ [ 1, 0, 1, 0, -1, 0 ], [ 1, 0, 1, 0, 1, 2 ] ], 
              [ [ 1, 0, 2, 0, -1, 1 ], [ 1, 0, 0, 0, 1, 1 ] ], [ [ 1, 0, 1, -1, 0, 0 ], [ 1, 0, 1, 1, 0, 2 ] ], [ [ 1, 0, 0, 0, 0, 0 ], [ 1, 0, 2, 0, 0, 2 ] ], 
              [ [ 1, 0, 2, -1, 0, 1 ], [ 1, 0, 0, 1, 0, 1 ] ] ],
          slins := [  ] ) ), rec(
      Gram := [ [ -14, -4, 2, 2, 2, -24 ], [ -4, -4, -1, -1, -1, -12 ], [ 2, -1, -4, 0, 0, 0 ], [ 2, -1, 0, -4, 0, 0 ], [ 2, -1, 0, 0, -4, 0 ], [ -24, -12, 0, 0, 0, -48 ] ],
      Trec := rec(
          count := 1,
          grams := [ [ [ -2, 1, 1, 1, -1, 1, -1, -1, 0, 0, 0, 0, 0, 0, 0, 0 ], [ 1, -2, -1, -1, 0, -1, 0, 1, 0, 0, 0, 0, 0, 0, 0, 0 ], 
                  [ 1, -1, -2, 0, 0, 0, 1, 1, 0, 0, 0, 0, 0, 0, 0, 0 ], [ 1, -1, 0, -2, 1, -1, 0, 1, 0, 0, 0, 0, 0, 0, 0, 0 ], 
                  [ -1, 0, 0, 1, -2, 1, 0, 0, 0, 0, 0, 0, 0, 0, 0, 0 ], [ 1, -1, 0, -1, 1, -2, 0, 0, 0, 0, 0, 0, 0, 0, 0, 0 ], 
                  [ -1, 0, 1, 0, 0, 0, -2, -1, 0, 0, 0, 0, 0, 0, 0, 0 ], [ -1, 1, 1, 1, 0, 0, -1, -2, 0, 0, 0, 0, 0, 0, 0, 0 ], 
                  [ 0, 0, 0, 0, 0, 0, 0, 0, -2, 0, 0, 0, -1, 1, 1, -1 ], [ 0, 0, 0, 0, 0, 0, 0, 0, 0, -2, -1, -1, 0, 0, 1, 1 ], 
                  [ 0, 0, 0, 0, 0, 0, 0, 0, 0, -1, -2, 0, 1, -1, 1, 1 ], [ 0, 0, 0, 0, 0, 0, 0, 0, 0, -1, 0, 2, 0, -2, 0, 2 ], 
                  [ 0, 0, 0, 0, 0, 0, 0, 0, -1, 0, 1, 0, 2, 1, 0, -2 ], [ 0, 0, 0, 0, 0, 0, 0, 0, 1, 0, -1, -2, 1, -2, -1, -1 ], 
                  [ 0, 0, 0, 0, 0, 0, 0, 0, 1, 1, 1, 0, 0, -1, -4, 0 ], [ 0, 0, 0, 0, 0, 0, 0, 0, -1, 1, 1, 2, -2, -1, 0, -4 ] ] ],
          method := "Nikulin uniqueness",
          spinorPrimes := [  ] ),
      ampleflag := true,
      basisdual := [ [ 2, 0, 0, 0, 0, 6 ], [ 0, 1, 1, 1, 1, 4 ], [ 0, 0, 4, 0, 0, 1 ], [ 0, 0, 0, 4, 0, 1 ], [ 0, 0, 0, 0, 4, 1 ], [ 0, 0, 0, 0, 0, 12 ] ],
      extdeg := 1,
      extgroupgens := [ [ 2, 0, 0, 0 ], [ 0, 4, 0, 0 ], [ 0, 0, 4, 0 ], [ 0, 0, 0, 48 ] ],
      h := [ 1, 2, 0, 0, 0, -1 ],
      rho := 6,
      sprats := rec(
          nopss := [ 0, 5 ],
          scons := [ [ [ 1, 2, 0, 0, -1, -1 ], [ 1, 2, 0, 0, 1, -1 ] ], [ [ 1, 2, 0, -1, 0, -1 ], [ 1, 2, 0, 1, 0, -1 ] ], [ [ 1, 2, -1, 0, 0, -1 ], [ 1, 2, 1, 0, 0, -1 ] ], 
              [ [ 1, 6, -1, -1, -1, -2 ], [ 1, -2, 1, 1, 1, 0 ] ], [ [ 1, 1, 0, 0, 0, -1 ], [ 1, 3, 0, 0, 0, -1 ] ] ],
          slins := [  ] ) ), rec(
      Gram := [ [ -2, 2, 2, 2, 2, 0 ], [ 2, -4, -1, -1, -1, -6 ], [ 2, -1, -4, 0, 0, 0 ], [ 2, -1, 0, -4, 0, 0 ], [ 2, -1, 0, 0, -4, 0 ], [ 0, -6, 0, 0, 0, -12 ] ],
      Trec := rec(
          count := 1,
          grams := [ [ [ 0, 0, 0, 0, 0, 0, 0, 0, 0, 0, 0, 0, 0, 0, 0, 1 ], [ 0, -2, -1, -1, 1, 1, -1, -1, 1, 0, 0, 0, 0, 0, 0, 0 ], 
                  [ 0, -1, -2, 0, 1, 1, -1, 0, 1, 0, 0, 0, 0, 0, 0, 0 ], [ 0, -1, 0, -2, 1, 0, -1, 0, 1, 0, 0, 0, 0, 0, 0, 0 ], 
                  [ 0, 1, 1, 1, -2, -1, 1, 0, -1, 0, 0, 0, 0, 0, 0, 0 ], [ 0, 1, 1, 0, -1, -2, 1, 1, -1, 0, 0, 0, 0, 0, 0, 0 ], 
                  [ 0, -1, -1, -1, 1, 1, -2, 0, 1, 0, 0, 0, 0, 0, 0, 0 ], [ 0, -1, 0, 0, 0, 1, 0, -2, 0, 0, 0, 0, 0, 0, 0, 0 ], 
                  [ 0, 1, 1, 1, -1, -1, 1, 0, -2, 0, 0, 0, 0, 0, 0, 0 ], [ 0, 0, 0, 0, 0, 0, 0, 0, 0, -2, 0, 0, 1, 1, -1, 0 ], 
                  [ 0, 0, 0, 0, 0, 0, 0, 0, 0, 0, -2, 0, 1, 1, -1, 0 ], [ 0, 0, 0, 0, 0, 0, 0, 0, 0, 0, 0, 2, 0, 0, 0, 0 ], [ 0, 0, 0, 0, 0, 0, 0, 0, 0, 1, 1, 0, -4, 0, 2, 0 
                     ], [ 0, 0, 0, 0, 0, 0, 0, 0, 0, 1, 1, 0, 0, -4, 2, 0 ], [ 0, 0, 0, 0, 0, 0, 0, 0, 0, -1, -1, 0, 2, 2, -8, 0 ], 
                  [ 1, 0, 0, 0, 0, 0, 0, 0, 0, 0, 0, 0, 0, 0, 0, 0 ] ] ],
          method := "Nikulin uniqueness",
          spinorPrimes := [  ] ),
      ampleflag := true,
      basisdual := [ [ 2, 0, 0, 0, 0, 0 ], [ 0, 1, 1, 1, 1, 4 ], [ 0, 0, 4, 0, 0, 1 ], [ 0, 0, 0, 4, 0, 1 ], [ 0, 0, 0, 0, 4, 1 ], [ 0, 0, 0, 0, 0, 6 ] ],
      extdeg := 2,
      extgroupgens := [ [ 2, 0, 0, 0 ], [ 0, 4, 0, 0 ], [ 0, 0, 4, 0 ], [ 0, 0, 0, 24 ] ],
      h := [ 1, 2, 0, 0, 0, -1 ],
      rho := 6,
      sprats := rec(
          nopss := [ 0, 14 ],
          scons := [ [ [ 1, 4, -1, -1, -1, -2 ], [ 1, 0, 1, 1, 1, 0 ] ], [ [ 1, 6, -1, -1, -1, -3 ], [ 1, -2, 1, 1, 1, 1 ] ], [ [ 1, 4, 0, -1, -1, -2 ], [ 1, 0, 0, 1, 1, 0 ] 
                 ], [ [ 1, 4, -1, 0, -1, -2 ], [ 1, 0, 1, 0, 1, 0 ] ], [ [ 1, 2, 0, 0, -1, -1 ], [ 1, 2, 0, 0, 1, -1 ] ], [ [ 1, 4, 0, 0, -1, -2 ], [ 1, 0, 0, 0, 1, 0 ] ], 
              [ [ 1, 4, -1, -1, 0, -2 ], [ 1, 0, 1, 1, 0, 0 ] ], [ [ 1, 2, 0, -1, 0, -1 ], [ 1, 2, 0, 1, 0, -1 ] ], [ [ 1, 4, 0, -1, 0, -2 ], [ 1, 0, 0, 1, 0, 0 ] ], 
              [ [ 1, 2, -1, 0, 0, -1 ], [ 1, 2, 1, 0, 0, -1 ] ], [ [ 1, 4, -1, 0, 0, -2 ], [ 1, 0, 1, 0, 0, 0 ] ], [ [ 1, 1, 0, 0, 0, -1 ], [ 1, 3, 0, 0, 0, -1 ] ], 
              [ [ 1, 0, 0, 0, 0, 0 ], [ 1, 4, 0, 0, 0, -2 ] ], [ [ 1, 3, 0, 0, 0, -2 ], [ 1, 1, 0, 0, 0, 0 ] ] ],
          slins := [  ] ) ), rec(
      Gram := [ [ -10, -3, 2, 2, 0, -18 ], [ -3, -4, -1, -1, -2, -9 ], [ 2, -1, -4, 0, 0, 0 ], [ 2, -1, 0, -4, 0, 0 ], [ 0, -2, 0, 0, -4, 0 ], [ -18, -9, 0, 0, 0, -36 ] ],
      Trec := rec(
          count := 1,
          grams := [ [ [ 0, 0, 0, 0, 0, 0, 0, 0, 0, 0, 0, 0, 0, 0, 0, 1 ], [ 0, 0, 0, 0, 0, 0, 0, 0, 0, 0, 0, 0, 0, 0, 4, 0 ], 
                  [ 0, 0, -2, 1, -1, -1, -1, -1, -1, 0, 0, 0, 0, -1, 0, 0 ], [ 0, 0, 1, -2, 1, 1, 0, 0, 0, 0, 0, 0, 0, 0, 0, 0 ], 
                  [ 0, 0, -1, 1, -2, 0, 0, 0, 0, 0, 0, 0, 0, -1, 0, 0 ], [ 0, 0, -1, 1, 0, -2, 0, -1, -1, 0, 0, 0, 0, 0, 0, 0 ], 
                  [ 0, 0, -1, 0, 0, 0, -2, -1, 0, 0, 0, 0, 0, -1, 0, 0 ], [ 0, 0, -1, 0, 0, -1, -1, -2, -1, 0, 0, 0, 0, -1, 0, 0 ], 
                  [ 0, 0, -1, 0, 0, -1, 0, -1, -2, 0, 0, 0, 0, 0, 0, 0 ], [ 0, 0, 0, 0, 0, 0, 0, 0, 0, -2, -1, -1, 0, 0, 0, 0 ], 
                  [ 0, 0, 0, 0, 0, 0, 0, 0, 0, -1, -2, 0, 0, 0, 0, 0 ], [ 0, 0, 0, 0, 0, 0, 0, 0, 0, -1, 0, -2, 0, 0, 0, 0 ], 
                  [ 0, 0, 0, 0, 0, 0, 0, 0, 0, 0, 0, 0, -2, 0, 0, 0 ], [ 0, 0, -1, 0, -1, 0, -1, -1, 0, 0, 0, 0, 0, -6, 0, 0 ], 
                  [ 0, 4, 0, 0, 0, 0, 0, 0, 0, 0, 0, 0, 0, 0, 0, 0 ], [ 1, 0, 0, 0, 0, 0, 0, 0, 0, 0, 0, 0, 0, 0, 0, 0 ] ] ],
          method := "Nikulin uniqueness",
          spinorPrimes := [  ] ),
      ampleflag := true,
      basisdual := [ [ 2, 0, 0, 0, 2, 5 ], [ 0, 1, 1, 1, 2, 4 ], [ 0, 0, 4, 0, 0, 1 ], [ 0, 0, 0, 4, 0, 1 ], [ 0, 0, 0, 0, 4, 2 ], [ 0, 0, 0, 0, 0, 9 ] ],
      extdeg := 1,
      extgroupgens := [ [ 2, 0, 0, 0 ], [ 0, 4, 0, 0 ], [ 0, 0, 4, 0 ], [ 0, 0, 0, 36 ] ],
      h := [ 1, 2, 0, 0, -1, -1 ],
      rho := 6,
      sprats := rec(
          nopss := [ 0, 6 ],
          scons := [ [ [ 1, 2, 0, -1, -1, -1 ], [ 1, 2, 0, 1, -1, -1 ] ], [ [ 1, 2, -1, 0, -1, -1 ], [ 1, 2, 1, 0, -1, -1 ] ], 
              [ [ 1, 6, -1, -1, -3, -2 ], [ 1, -2, 1, 1, 1, 0 ] ], [ [ 1, 2, 0, 0, -2, -1 ], [ 1, 2, 0, 0, 0, -1 ] ], 
              [ [ 1, 1, 0, 0, -1, -1 ], [ 1, 3, 0, 0, -1, -1 ] ], [ [ 1, 3, 0, 0, -2, -1 ], [ 1, 1, 0, 0, 0, -1 ] ] ],
          slins := [  ] ) ), rec(
      Gram := [ [ -6, -2, 2, 0, 0, -12 ], [ -2, -4, -1, -2, -2, -6 ], [ 2, -1, -4, 0, 0, 0 ], [ 0, -2, 0, -4, 0, 0 ], [ 0, -2, 0, 0, -4, 0 ], [ -12, -6, 0, 0, 0, -24 ] ],
      Trec := rec(
          count := 1,
          grams := [ [ [ 0, 0, 0, 0, 0, 0, 0, 0, 0, 0, 0, 0, 0, 0, 0, 1 ], [ 0, 0, 0, 0, 0, 0, 0, 0, 0, 0, 0, 0, 0, 0, 1, 0 ], 
                  [ 0, 0, -2, 1, -1, 1, 1, -1, -1, 1, 0, 0, 0, 0, 0, 0 ], [ 0, 0, 1, -2, 0, -1, -1, 1, 0, -1, 0, 0, 0, 0, 0, 0 ], 
                  [ 0, 0, -1, 0, -2, 1, 0, -1, 0, 1, 0, 0, 0, 0, 0, 0 ], [ 0, 0, 1, -1, 1, -2, -1, 1, 0, -1, 0, 0, 0, 0, 0, 0 ], 
                  [ 0, 0, 1, -1, 0, -1, -2, 0, 0, -1, 0, 0, 0, 0, 0, 0 ], [ 0, 0, -1, 1, -1, 1, 0, -2, 0, 1, 0, 0, 0, 0, 0, 0 ], 
                  [ 0, 0, -1, 0, 0, 0, 0, 0, -2, 0, 0, 0, 0, 0, 0, 0 ], [ 0, 0, 1, -1, 1, -1, -1, 1, 0, -2, 0, 0, 0, 0, 0, 0 ], 
                  [ 0, 0, 0, 0, 0, 0, 0, 0, 0, 0, -2, 0, 0, 0, 0, 0 ], [ 0, 0, 0, 0, 0, 0, 0, 0, 0, 0, 0, -4, 0, 0, 0, 0 ], [ 0, 0, 0, 0, 0, 0, 0, 0, 0, 0, 0, 0, -8, 0, 0, 0 
                     ], [ 0, 0, 0, 0, 0, 0, 0, 0, 0, 0, 0, 0, 0, -12, 0, 0 ], [ 0, 1, 0, 0, 0, 0, 0, 0, 0, 0, 0, 0, 0, 0, 0, 0 ], 
                  [ 1, 0, 0, 0, 0, 0, 0, 0, 0, 0, 0, 0, 0, 0, 0, 0 ] ] ],
          method := "Nikulin uniqueness",
          spinorPrimes := [  ] ),
      ampleflag := true,
      basisdual := [ [ 2, 0, 0, 2, 2, 4 ], [ 0, 1, 1, 2, 2, 4 ], [ 0, 0, 4, 0, 0, 1 ], [ 0, 0, 0, 4, 0, 2 ], [ 0, 0, 0, 0, 4, 2 ], [ 0, 0, 0, 0, 0, 6 ] ],
      extdeg := 1,
      extgroupgens := [ [ 2, 0, 0, 0 ], [ 0, 4, 0, 0 ], [ 0, 0, 4, 0 ], [ 0, 0, 0, 24 ] ],
      h := [ 1, 2, 0, -1, -1, -1 ],
      rho := 6,
      sprats := rec(
          nopss := [ 0, 8 ],
          scons := [ [ [ 1, 2, -1, -1, -1, -1 ], [ 1, 2, 1, -1, -1, -1 ] ], [ [ 1, 6, -1, -3, -3, -2 ], [ 1, -2, 1, 1, 1, 0 ] ], 
              [ [ 1, 2, 0, -1, -2, -1 ], [ 1, 2, 0, -1, 0, -1 ] ], [ [ 1, 1, 0, -1, -1, -1 ], [ 1, 3, 0, -1, -1, -1 ] ], 
              [ [ 1, 1, 0, 0, -1, -1 ], [ 1, 3, 0, -2, -1, -1 ] ], [ [ 1, 3, 0, -2, -2, -1 ], [ 1, 1, 0, 0, 0, -1 ] ], [ [ 1, 2, 0, -2, -1, -1 ], [ 1, 2, 0, 0, -1, -1 ] ], 
              [ [ 1, 3, 0, -1, -2, -1 ], [ 1, 1, 0, -1, 0, -1 ] ] ],
          slins := [  ] ) ), rec(
      Gram := [ [ -2, -4, 0, 0, 0, 6 ], [ -4, -10, -2, -2, -2, 9 ], [ 0, -2, -4, 0, 0, 0 ], [ 0, -2, 0, -4, 0, 0 ], [ 0, -2, 0, 0, -4, 0 ], [ 6, 9, 0, 0, 0, -12 ] ],
      Trec := rec(
          count := 1,
          grams := [ [ [ 0, 0, 0, 0, 0, 0, 0, 0, 0, 0, 0, 0, 0, 0, 0, 1 ], [ 0, -2, -1, -1, 1, 1, -1, -1, 1, 0, 0, 0, 0, 0, 0, 0 ], 
                  [ 0, -1, -2, 0, 1, 1, -1, 0, 1, 0, 0, 0, 0, 0, 0, 0 ], [ 0, -1, 0, -2, 1, 0, -1, 0, 1, 0, 0, 0, 0, 0, 0, 0 ], 
                  [ 0, 1, 1, 1, -2, -1, 1, 0, -1, 0, 0, 0, 0, 0, 0, 0 ], [ 0, 1, 1, 0, -1, -2, 1, 1, -1, 0, 0, 0, 0, 0, 0, 0 ], 
                  [ 0, -1, -1, -1, 1, 1, -2, 0, 1, 0, 0, 0, 0, 0, 0, 0 ], [ 0, -1, 0, 0, 0, 1, 0, -2, 0, 0, 0, 0, 0, 0, 0, 0 ], 
                  [ 0, 1, 1, 1, -1, -1, 1, 0, -2, 0, 0, 0, 0, 0, 0, 0 ], [ 0, 0, 0, 0, 0, 0, 0, 0, 0, -2, 0, 0, 1, 1, -1, 0 ], 
                  [ 0, 0, 0, 0, 0, 0, 0, 0, 0, 0, -2, 0, 1, 1, -1, 0 ], [ 0, 0, 0, 0, 0, 0, 0, 0, 0, 0, 0, 2, 0, 0, 0, 0 ], [ 0, 0, 0, 0, 0, 0, 0, 0, 0, 1, 1, 0, -4, 0, 2, 0 
                     ], [ 0, 0, 0, 0, 0, 0, 0, 0, 0, 1, 1, 0, 0, -4, 2, 0 ], [ 0, 0, 0, 0, 0, 0, 0, 0, 0, -1, -1, 0, 2, 2, -8, 0 ], 
                  [ 1, 0, 0, 0, 0, 0, 0, 0, 0, 0, 0, 0, 0, 0, 0, 0 ] ] ],
          method := "Nikulin uniqueness",
          spinorPrimes := [  ] ),
      ampleflag := true,
      basisdual := [ [ 2, 0, 2, 2, 2, 0 ], [ 0, 1, 2, 2, 2, 1 ], [ 0, 0, 4, 0, 0, 2 ], [ 0, 0, 0, 4, 0, 2 ], [ 0, 0, 0, 0, 4, 2 ], [ 0, 0, 0, 0, 0, 3 ] ],
      extdeg := 1,
      extgroupgens := [ [ 2, 0, 0, 0 ], [ 0, 4, 0, 0 ], [ 0, 0, 4, 0 ], [ 0, 0, 0, 12 ] ],
      h := [ 1, 2, -1, -1, -1, 2 ],
      rho := 6,
      sprats := rec(
          nopss := [ 0, 14 ],
          scons := [ [ [ 1, 4, -2, -2, -2, 3 ], [ 1, 0, 0, 0, 0, 1 ] ], [ [ 1, 6, -3, -3, -3, 5 ], [ 1, -2, 1, 1, 1, -1 ] ], 
              [ [ 1, 1, 0, -1, -1, 1 ], [ 1, 3, -2, -1, -1, 3 ] ], [ [ 1, 3, -1, -2, -2, 3 ], [ 1, 1, -1, 0, 0, 1 ] ], 
              [ [ 1, 2, -1, -1, -2, 2 ], [ 1, 2, -1, -1, 0, 2 ] ], [ [ 1, 2, 0, -1, -1, 2 ], [ 1, 2, -2, -1, -1, 2 ] ], [ [ 1, 1, 0, 0, -1, 1 ], [ 1, 3, -2, -2, -1, 3 ] ], 
              [ [ 1, 3, -1, -1, -2, 3 ], [ 1, 1, -1, -1, 0, 1 ] ], [ [ 1, 2, -1, -2, -1, 2 ], [ 1, 2, -1, 0, -1, 2 ] ], [ [ 1, 1, -1, -1, -1, 1 ], [ 1, 3, -1, -1, -1, 3 ] ], 
              [ [ 1, 3, -2, -2, -2, 3 ], [ 1, 1, 0, 0, 0, 1 ] ], [ [ 1, 1, 0, -1, 0, 1 ], [ 1, 3, -2, -1, -2, 3 ] ], [ [ 1, 3, -1, -2, -1, 3 ], [ 1, 1, -1, 0, -1, 1 ] ], 
              [ [ 1, 0, 0, 0, 0, 0 ], [ 1, 4, -2, -2, -2, 4 ] ] ],
          slins := [  ] ) ), rec(
      Gram := [ [ -32, 0, 0, -10, -42, -54 ], [ 0, -4, 0, 0, 0, 0 ], [ 0, 0, -4, 0, 0, 0 ], [ -10, 0, 0, -4, -15, -18 ], [ -42, 0, 0, -15, -60, -72 ], 
          [ -54, 0, 0, -18, -72, -90 ] ],
      Trec := rec(
          count := 1,
          grams := [ [ [ 0, 0, 0, 0, 0, 0, 0, 0, 0, 0, 0, 0, 0, 0, 0, 1 ], [ 0, 0, 0, 0, 0, 0, 0, 0, 0, 0, 0, 0, 0, 0, 1, 0 ], 
                  [ 0, 0, -2, 1, -1, 1, -1, -1, -1, 0, 0, 0, -1, 0, 0, 0 ], [ 0, 0, 1, -2, 1, -1, 0, 1, 0, 0, 0, 0, 0, 0, 0, 0 ], 
                  [ 0, 0, -1, 1, -2, 0, 0, -1, 0, 0, 0, 0, -1, 0, 0, 0 ], [ 0, 0, 1, -1, 0, -2, 0, 0, 1, 0, 0, 0, 0, 0, 0, 0 ], 
                  [ 0, 0, -1, 0, 0, 0, -2, -1, -1, 0, 0, 0, -1, 0, 0, 0 ], [ 0, 0, -1, 1, -1, 0, -1, -2, 0, 0, 0, 0, -1, 0, 0, 0 ], 
                  [ 0, 0, -1, 0, 0, 1, -1, 0, -2, 0, 0, 0, -1, 0, 0, 0 ], [ 0, 0, 0, 0, 0, 0, 0, 0, 0, -2, 0, 0, 0, 0, 0, 0 ], 
                  [ 0, 0, 0, 0, 0, 0, 0, 0, 0, 0, -2, 0, 0, 0, 0, 0 ], [ 0, 0, 0, 0, 0, 0, 0, 0, 0, 0, 0, -4, 0, 0, 0, 0 ], 
                  [ 0, 0, -1, 0, -1, 0, -1, -1, -1, 0, 0, 0, -6, 0, 0, 0 ], [ 0, 0, 0, 0, 0, 0, 0, 0, 0, 0, 0, 0, 0, -12, 0, 0 ], 
                  [ 0, 1, 0, 0, 0, 0, 0, 0, 0, 0, 0, 0, 0, 0, 0, 0 ], [ 1, 0, 0, 0, 0, 0, 0, 0, 0, 0, 0, 0, 0, 0, 0, 0 ] ] ],
          method := "Nikulin uniqueness",
          spinorPrimes := [  ] ),
      ampleflag := true,
      basisdual := [ [ 2, 2, 2, 0, 0, 12 ], [ 0, 4, 0, 0, 0, 0 ], [ 0, 0, 4, 0, 0, 0 ], [ 0, 0, 0, 1, 1, 4 ], [ 0, 0, 0, 0, 3, 15 ], [ 0, 0, 0, 0, 0, 18 ] ],
      extdeg := 1,
      extgroupgens := [ [ 2, 0, 0, 0 ], [ 0, 2, 0, 0 ], [ 0, 0, 12, 0 ], [ 0, 0, 0, 36 ] ],
      h := [ 1, 0, 0, 2, 0, -1 ],
      rho := 6,
      sprats := rec(
          nopss := [ 0, 5 ],
          scons := [ [ [ 1, 0, -1, 2, 0, -1 ], [ 1, 0, 1, 2, 0, -1 ] ], [ [ 1, -1, 0, 2, 0, -1 ], [ 1, 1, 0, 2, 0, -1 ] ], [ [ 1, 0, 0, 1, 0, -1 ], [ 1, 0, 0, 3, 0, -1 ] ], 
              [ [ 1, 0, 0, 6, -1, -1 ], [ 1, 0, 0, -2, 1, -1 ] ], [ [ 1, 0, 0, 3, 1, -2 ], [ 1, 0, 0, 1, -1, 0 ] ] ],
          slins := [  ] ) ), rec(
      Gram := [ [ -10, -2, -2, -5, -21, -27 ], [ -2, -4, 0, 0, 0, 0 ], [ -2, 0, -4, 0, 0, 0 ], [ -5, 0, 0, -4, -15, -18 ], [ -21, 0, 0, -15, -60, -72 ], 
          [ -27, 0, 0, -18, -72, -90 ] ],
      Trec := rec(
          count := 1,
          grams := [ [ [ 0, 0, 0, 0, 0, 0, 0, 0, 0, 0, 0, 0, 0, 0, 0, 1 ], [ 0, 0, 0, 0, 0, 0, 0, 0, 0, 0, 0, 0, 0, 0, 1, 0 ], 
                  [ 0, 0, -2, 1, -1, 1, -1, -1, -1, 0, 0, 0, 0, -1, 0, 0 ], [ 0, 0, 1, -2, 1, -1, 0, 1, 0, 0, 0, 0, 0, 0, 0, 0 ], 
                  [ 0, 0, -1, 1, -2, 0, 0, -1, 0, 0, 0, 0, 0, -1, 0, 0 ], [ 0, 0, 1, -1, 0, -2, 0, 0, 1, 0, 0, 0, 0, 0, 0, 0 ], 
                  [ 0, 0, -1, 0, 0, 0, -2, -1, -1, 0, 0, 0, 0, -1, 0, 0 ], [ 0, 0, -1, 1, -1, 0, -1, -2, 0, 0, 0, 0, 0, -1, 0, 0 ], 
                  [ 0, 0, -1, 0, 0, 1, -1, 0, -2, 0, 0, 0, 0, -1, 0, 0 ], [ 0, 0, 0, 0, 0, 0, 0, 0, 0, -2, 0, -1, 0, 0, 0, 0 ], 
                  [ 0, 0, 0, 0, 0, 0, 0, 0, 0, 0, -2, 1, 0, 0, 0, 0 ], [ 0, 0, 0, 0, 0, 0, 0, 0, 0, -1, 1, -4, 0, 0, 0, 0 ], 
                  [ 0, 0, 0, 0, 0, 0, 0, 0, 0, 0, 0, 0, -4, 0, 0, 0 ], [ 0, 0, -1, 0, -1, 0, -1, -1, -1, 0, 0, 0, 0, -6, 0, 0 ], 
                  [ 0, 1, 0, 0, 0, 0, 0, 0, 0, 0, 0, 0, 0, 0, 0, 0 ], [ 1, 0, 0, 0, 0, 0, 0, 0, 0, 0, 0, 0, 0, 0, 0, 0 ] ] ],
          method := "Nikulin uniqueness",
          spinorPrimes := [  ] ),
      ampleflag := true,
      basisdual := [ [ 1, 3, 3, 0, 0, 6 ], [ 0, 4, 0, 0, 0, 0 ], [ 0, 0, 4, 0, 0, 0 ], [ 0, 0, 0, 1, 1, 4 ], [ 0, 0, 0, 0, 3, 15 ], [ 0, 0, 0, 0, 0, 18 ] ],
      extdeg := 2,
      extgroupgens := [ [ 1, 0, 0, 18 ], [ 0, 2, 0, 0 ], [ 0, 0, 12, 0 ], [ 0, 0, 0, 36 ] ],
      h := [ 2, -1, -1, 2, 0, -1 ],
      rho := 6,
      sprats := rec(
          nopss := [ 0, 5 ],
          scons := [ [ [ 2, -1, -2, 2, 0, -1 ], [ 2, -1, 0, 2, 0, -1 ] ], [ [ 2, -2, -1, 2, 0, -1 ], [ 2, 0, -1, 2, 0, -1 ] ], 
              [ [ 2, -1, -1, 1, 0, -1 ], [ 2, -1, -1, 3, 0, -1 ] ], [ [ 2, -1, -1, 6, -1, -1 ], [ 2, -1, -1, -2, 1, -1 ] ], 
              [ [ 2, -1, -1, 3, 1, -2 ], [ 2, -1, -1, 1, -1, 0 ] ] ],
          slins := [  ] ) ), rec(
      Gram := [ [ -8, 0, 0, -5, -21, -27 ], [ 0, -4, 0, 0, 0, 0 ], [ 0, 0, -4, 0, 0, 0 ], [ -5, 0, 0, -4, -15, -18 ], [ -21, 0, 0, -15, -60, -72 ], 
          [ -27, 0, 0, -18, -72, -90 ] ],
      Trec := rec(
          count := 1,
          grams := [ [ [ 0, 0, 0, 0, 0, 0, 0, 0, 0, 0, 0, 0, 0, 0, 0, 1 ], [ 0, 0, 0, 0, 0, 0, 0, 0, 0, 0, 0, 0, 0, 0, 1, 0 ], 
                  [ 0, 0, -2, 1, -1, 1, -1, -1, -1, 0, 0, 0, -1, 0, 0, 0 ], [ 0, 0, 1, -2, 1, -1, 0, 1, 0, 0, 0, 0, 0, 0, 0, 0 ], 
                  [ 0, 0, -1, 1, -2, 0, 0, -1, 0, 0, 0, 0, -1, 0, 0, 0 ], [ 0, 0, 1, -1, 0, -2, 0, 0, 1, 0, 0, 0, 0, 0, 0, 0 ], 
                  [ 0, 0, -1, 0, 0, 0, -2, -1, -1, 0, 0, 0, -1, 0, 0, 0 ], [ 0, 0, -1, 1, -1, 0, -1, -2, 0, 0, 0, 0, -1, 0, 0, 0 ], 
                  [ 0, 0, -1, 0, 0, 1, -1, 0, -2, 0, 0, 0, -1, 0, 0, 0 ], [ 0, 0, 0, 0, 0, 0, 0, 0, 0, -2, 1, -1, 0, 0, 0, 0 ], 
                  [ 0, 0, 0, 0, 0, 0, 0, 0, 0, 1, -2, 0, 0, 0, 0, 0 ], [ 0, 0, 0, 0, 0, 0, 0, 0, 0, -1, 0, -2, 0, 0, 0, 0 ], 
                  [ 0, 0, -1, 0, -1, 0, -1, -1, -1, 0, 0, 0, -6, 0, 0, 0 ], [ 0, 0, 0, 0, 0, 0, 0, 0, 0, 0, 0, 0, 0, -12, 0, 0 ], 
                  [ 0, 1, 0, 0, 0, 0, 0, 0, 0, 0, 0, 0, 0, 0, 0, 0 ], [ 1, 0, 0, 0, 0, 0, 0, 0, 0, 0, 0, 0, 0, 0, 0, 0 ] ] ],
          method := "Nikulin uniqueness",
          spinorPrimes := [  ] ),
      ampleflag := true,
      basisdual := [ [ 1, 1, 1, 0, 0, 6 ], [ 0, 4, 0, 0, 0, 0 ], [ 0, 0, 4, 0, 0, 0 ], [ 0, 0, 0, 1, 1, 4 ], [ 0, 0, 0, 0, 3, 15 ], [ 0, 0, 0, 0, 0, 18 ] ],
      extdeg := 2,
      extgroupgens := [ [ 1, 0, 6, 0 ], [ 0, 2, 0, 0 ], [ 0, 0, 12, 0 ], [ 0, 0, 0, 36 ] ],
      h := [ 2, 0, 0, 2, 0, -1 ],
      rho := 6,
      sprats := rec(
          nopss := [ 3, 2 ],
          scons := [ [ [ 2, 0, -1, 2, 0, -1 ], [ 2, 0, 1, 2, 0, -1 ] ], [ [ 2, -1, 0, 2, 0, -1 ], [ 2, 1, 0, 2, 0, -1 ] ] ],
          slins := [ [ [ 1, 0, 0, 3, 0, -1 ], [ 1, 0, 0, -1, 0, 0 ] ], [ [ 1, 0, 0, 2, -1, 0 ], [ 1, 0, 0, 0, 1, -1 ] ], [ [ 1, 0, 0, -1, 1, -1 ], [ 1, 0, 0, 3, -1, 0 ] ] ] 
         ) ), rec(
      Gram := [ [ -4, 0, 0, -12, -10, -10 ], [ 0, -4, 0, 0, 0, 0 ], [ 0, 0, -4, 0, 0, 0 ], [ -12, 0, 0, -34, -25, -30 ], [ -10, 0, 0, -25, -20, -20 ], 
          [ -10, 0, 0, -30, -20, -30 ] ],
      Trec := rec(
          count := 1,
          grams := [ [ [ 0, 0, 0, 0, 0, 0, 0, 0, 0, 0, 0, 0, 0, 0, 0, 1 ], [ 0, -2, -1, -1, 1, 1, 1, 1, 1, 0, 0, 0, 0, 0, 0, 0 ], 
                  [ 0, -1, -2, 0, 1, 1, 1, 0, 1, 0, 0, 0, 0, 0, 0, 0 ], [ 0, -1, 0, -2, 1, 0, 1, 0, 1, 0, 0, 0, 0, 0, 0, 0 ], 
                  [ 0, 1, 1, 1, -2, -1, -1, 0, -1, 0, 0, 0, 0, 0, 0, 0 ], [ 0, 1, 1, 0, -1, -2, 0, 0, -1, 0, 0, 0, 0, 0, 0, 0 ], 
                  [ 0, 1, 1, 1, -1, 0, -2, 0, -1, 0, 0, 0, 0, 0, 0, 0 ], [ 0, 1, 0, 0, 0, 0, 0, -2, 0, 0, 0, 0, 0, 0, 0, 0 ], 
                  [ 0, 1, 1, 1, -1, -1, -1, 0, -2, 0, 0, 0, 0, 0, 0, 0 ], [ 0, 0, 0, 0, 0, 0, 0, 0, 0, -2, 1, 0, 0, 1, 0, 0 ], 
                  [ 0, 0, 0, 0, 0, 0, 0, 0, 0, 1, -2, 0, 0, -1, 0, 0 ], [ 0, 0, 0, 0, 0, 0, 0, 0, 0, 0, 0, -2, 0, 0, 0, 0 ], 
                  [ 0, 0, 0, 0, 0, 0, 0, 0, 0, 0, 0, 0, -2, 0, 0, 0 ], [ 0, 0, 0, 0, 0, 0, 0, 0, 0, 1, -1, 0, 0, 6, 0, 0 ], 
                  [ 0, 0, 0, 0, 0, 0, 0, 0, 0, 0, 0, 0, 0, 0, -20, 0 ], [ 1, 0, 0, 0, 0, 0, 0, 0, 0, 0, 0, 0, 0, 0, 0, 0 ] ] ],
          method := "Nikulin uniqueness",
          spinorPrimes := [  ] ),
      ampleflag := true,
      basisdual := [ [ 2, 2, 2, 0, 4, 4 ], [ 0, 4, 0, 0, 0, 0 ], [ 0, 0, 4, 0, 0, 0 ], [ 0, 0, 0, 1, 4, 9 ], [ 0, 0, 0, 0, 5, 5 ], [ 0, 0, 0, 0, 0, 10 ] ],
      extdeg := 1,
      extgroupgens := [ [ 2, 0, 0, 0 ], [ 0, 2, 0, 0 ], [ 0, 0, 20, 0 ], [ 0, 0, 0, 20 ] ],
      h := [ 1, 0, 0, 2, -2, -1 ],
      rho := 6,
      sprats := rec(
          nopss := [ 0, 5 ],
          scons := [ [ [ 1, 0, -1, 2, -2, -1 ], [ 1, 0, 1, 2, -2, -1 ] ], [ [ 1, -1, 0, 2, -2, -1 ], [ 1, 1, 0, 2, -2, -1 ] ], 
              [ [ 1, 0, 0, 6, -5, -3 ], [ 1, 0, 0, -2, 1, 1 ] ], [ [ 1, 0, 0, 1, -1, -1 ], [ 1, 0, 0, 3, -3, -1 ] ], [ [ 1, 0, 0, 3, -2, -2 ], [ 1, 0, 0, 1, -2, 0 ] ] ],
          slins := [  ] ) ), rec(
      Gram := [ [ -2, 0, -2, -6, -5, -5 ], [ 0, -4, 0, 0, 0, 0 ], [ -2, 0, -4, 0, 0, 0 ], [ -6, 0, 0, -34, -25, -30 ], [ -5, 0, 0, -25, -20, -20 ], 
          [ -5, 0, 0, -30, -20, -30 ] ],
      Trec := rec(
          count := 1,
          grams := [ [ [ 0, 0, 0, 0, 0, 0, 0, 0, 0, 0, 0, 0, 0, 0, 0, 1 ], [ 0, 0, 0, 0, 0, 0, 0, 0, 0, 0, 0, 0, 0, 0, 1, 0 ], 
                  [ 0, 0, -2, -1, -1, 1, 1, 1, 1, -1, 0, 0, 0, 0, 0, 0 ], [ 0, 0, -1, -2, 0, 1, 0, 1, 0, -1, 0, 0, 0, 0, 0, 0 ], 
                  [ 0, 0, -1, 0, -2, 1, 1, 1, 0, -1, 0, 0, 0, 0, 0, 0 ], [ 0, 0, 1, 1, 1, -2, 0, -1, 0, 1, 0, 0, 0, 0, 0, 0 ], 
                  [ 0, 0, 1, 0, 1, 0, -2, -1, -1, 1, 0, 0, 0, 0, 0, 0 ], [ 0, 0, 1, 1, 1, -1, -1, -2, 0, 1, 0, 0, 0, 0, 0, 0 ], 
                  [ 0, 0, 1, 0, 0, 0, -1, 0, -2, 0, 0, 0, 0, 0, 0, 0 ], [ 0, 0, -1, -1, -1, 1, 1, 1, 0, -2, 0, 0, 0, 0, 0, 0 ], 
                  [ 0, 0, 0, 0, 0, 0, 0, 0, 0, 0, -4, -2, 2, 2, 0, 0 ], [ 0, 0, 0, 0, 0, 0, 0, 0, 0, 0, -2, -4, 1, 0, 0, 0 ], 
                  [ 0, 0, 0, 0, 0, 0, 0, 0, 0, 0, 2, 1, -6, -1, 0, 0 ], [ 0, 0, 0, 0, 0, 0, 0, 0, 0, 0, 2, 0, -1, -8, 0, 0 ], 
                  [ 0, 1, 0, 0, 0, 0, 0, 0, 0, 0, 0, 0, 0, 0, 0, 0 ], [ 1, 0, 0, 0, 0, 0, 0, 0, 0, 0, 0, 0, 0, 0, 0, 0 ] ] ],
          method := "Nikulin uniqueness",
          spinorPrimes := [  ] ),
      ampleflag := true,
      basisdual := [ [ 1, 1, 3, 0, 2, 2 ], [ 0, 4, 0, 0, 0, 0 ], [ 0, 0, 4, 0, 0, 0 ], [ 0, 0, 0, 1, 4, 9 ], [ 0, 0, 0, 0, 5, 5 ], [ 0, 0, 0, 0, 0, 10 ] ],
      extdeg := 2,
      extgroupgens := [ [ 1, 0, 0, 10 ], [ 0, 2, 0, 0 ], [ 0, 0, 20, 0 ], [ 0, 0, 0, 20 ] ],
      h := [ 2, 0, -1, 2, -2, -1 ],
      rho := 6,
      sprats := rec(
          nopss := [ 2, 4 ],
          scons := [ [ [ 2, -1, -1, 2, -2, -1 ], [ 2, 1, -1, 2, -2, -1 ] ], [ [ 2, 0, -1, 6, -5, -3 ], [ 2, 0, -1, -2, 1, 1 ] ], 
              [ [ 2, 0, -1, 1, -1, -1 ], [ 2, 0, -1, 3, -3, -1 ] ], [ [ 2, 0, -1, 3, -2, -2 ], [ 2, 0, -1, 1, -2, 0 ] ] ],
          slins := [ [ [ 1, 0, -1, 2, -2, -1 ], [ 1, 0, 0, 0, 0, 0 ] ], [ [ 1, 0, -1, 0, 0, 0 ], [ 1, 0, 0, 2, -2, -1 ] ] ] ) ), rec(
      Gram := [ [ -2, 0, 0, 8, 6, 12 ], [ 0, -4, 0, 0, 0, 0 ], [ 0, 0, -4, 0, 0, 0 ], [ 8, 0, 0, -22, -15, -36 ], [ 6, 0, 0, -15, -12, -24 ], [ 12, 0, 0, -36, -24, -60 ] ],
      Trec := rec(
          count := 1,
          grams := [ [ [ -2, 1, 1, 1, -1, 1, -1, -1, 0, 0, 0, 0, 0, 0, 0, 0 ], [ 1, -2, -1, -1, 0, -1, 0, 1, 0, 0, 0, 0, 0, 0, 0, 0 ], 
                  [ 1, -1, -2, 0, 0, 0, 1, 1, 0, 0, 0, 0, 0, 0, 0, 0 ], [ 1, -1, 0, -2, 1, -1, 0, 1, 0, 0, 0, 0, 0, 0, 0, 0 ], 
                  [ -1, 0, 0, 1, -2, 1, 0, 0, 0, 0, 0, 0, 0, 0, 0, 0 ], [ 1, -1, 0, -1, 1, -2, 0, 0, 0, 0, 0, 0, 0, 0, 0, 0 ], 
                  [ -1, 0, 1, 0, 0, 0, -2, -1, 0, 0, 0, 0, 0, 0, 0, 0 ], [ -1, 1, 1, 1, 0, 0, -1, -2, 0, 0, 0, 0, 0, 0, 0, 0 ], 
                  [ 0, 0, 0, 0, 0, 0, 0, 0, -2, 0, 0, 0, 1, 0, 0, -1 ], [ 0, 0, 0, 0, 0, 0, 0, 0, 0, -2, 0, 0, 1, -1, 1, -1 ], 
                  [ 0, 0, 0, 0, 0, 0, 0, 0, 0, 0, -2, 0, 0, 0, 0, 0 ], [ 0, 0, 0, 0, 0, 0, 0, 0, 0, 0, 0, -2, 1, 0, 0, 1 ], 
                  [ 0, 0, 0, 0, 0, 0, 0, 0, 1, 1, 0, 1, -4, -1, -2, 0 ], [ 0, 0, 0, 0, 0, 0, 0, 0, 0, -1, 0, 0, -1, 2, 1, -2 ], 
                  [ 0, 0, 0, 0, 0, 0, 0, 0, 0, 1, 0, 0, -2, 1, 2, -1 ], [ 0, 0, 0, 0, 0, 0, 0, 0, -1, -1, 0, 1, 0, -2, -1, -4 ] ] ],
          method := "Nikulin uniqueness",
          spinorPrimes := [  ] ),
      ampleflag := true,
      basisdual := [ [ 2, 2, 2, 0, 0, 0 ], [ 0, 4, 0, 0, 0, 0 ], [ 0, 0, 4, 0, 0, 0 ], [ 0, 0, 0, 1, 1, 7 ], [ 0, 0, 0, 0, 3, 3 ], [ 0, 0, 0, 0, 0, 12 ] ],
      extdeg := 1,
      extgroupgens := [ [ 2, 0, 0, 0 ], [ 0, 4, 0, 0 ], [ 0, 0, 12, 0 ], [ 0, 0, 0, 12 ] ],
      h := [ 1, 0, 0, 2, 0, -1 ],
      rho := 6,
      sprats := rec(
          nopss := [ 0, 7 ],
          scons := [ [ [ 1, 0, -1, 2, 0, -1 ], [ 1, 0, 1, 2, 0, -1 ] ], [ [ 1, -1, 0, 2, 0, -1 ], [ 1, 1, 0, 2, 0, -1 ] ], [ [ 1, 0, 0, 1, -1, 0 ], [ 1, 0, 0, 3, 1, -2 ] ], 
              [ [ 1, 0, 0, 3, -1, -1 ], [ 1, 0, 0, 1, 1, -1 ] ], [ [ 1, 0, 0, -2, 1, 1 ], [ 1, 0, 0, 6, -1, -3 ] ], [ [ 1, 0, 0, 0, 1, 0 ], [ 1, 0, 0, 4, -1, -2 ] ], 
              [ [ 1, 0, 0, 0, 0, 0 ], [ 1, 0, 0, 4, 0, -2 ] ] ],
          slins := [  ] ) ), rec(
      Gram := [ [ -30, 0, -7, -7, -30, -30 ], [ 0, -4, 0, 0, 0, 0 ], [ -7, 0, -4, 0, 0, -15 ], [ -7, 0, 0, -4, -15, 0 ], [ -30, 0, 0, -15, -60, 0 ], 
          [ -30, 0, -15, 0, 0, -60 ] ],
      Trec := rec(
          count := 1,
          grams := [ [ [ 0, 0, 0, 0, 0, 0, 0, 0, 0, 0, 0, 0, 0, 0, 0, 1 ], [ 0, 0, 0, 0, 0, 0, 0, 0, 0, 0, 0, 0, 0, 0, 1, 0 ], 
                  [ 0, 0, -2, 0, 0, 0, 0, 0, 0, 0, 0, -1, 1, 0, 0, 0 ], [ 0, 0, 0, -2, -1, 1, -1, 1, 1, -1, 1, 0, 0, 1, 0, 0 ], 
                  [ 0, 0, 0, -1, -2, 0, 0, 1, 0, 0, 1, 0, 0, 1, 0, 0 ], [ 0, 0, 0, 1, 0, -2, 0, -1, 0, 0, -1, 0, 0, 0, 0, 0 ], 
                  [ 0, 0, 0, -1, 0, 0, -2, 0, 1, -1, 0, 0, 0, 1, 0, 0 ], [ 0, 0, 0, 1, 1, -1, 0, -2, 0, 0, -1, 0, 0, -1, 0, 0 ], 
                  [ 0, 0, 0, 1, 0, 0, 1, 0, -2, 1, 0, 0, 0, 0, 0, 0 ], [ 0, 0, 0, -1, 0, 0, -1, 0, 1, -4, 1, 0, -1, 1, 0, 0 ], 
                  [ 0, 0, 0, 1, 1, -1, 0, -1, 0, 1, -4, 1, 0, 0, 0, 0 ], [ 0, 0, -1, 0, 0, 0, 0, 0, 0, 0, 1, -4, 0, 1, 0, 0 ], 
                  [ 0, 0, 1, 0, 0, 0, 0, 0, 0, -1, 0, 0, -4, -1, 0, 0 ], [ 0, 0, 0, 1, 1, 0, 1, -1, 0, 1, 0, 1, -1, -6, 0, 0 ], 
                  [ 0, 1, 0, 0, 0, 0, 0, 0, 0, 0, 0, 0, 0, 0, 0, 0 ], [ 1, 0, 0, 0, 0, 0, 0, 0, 0, 0, 0, 0, 0, 0, 0, 0 ] ] ],
          method := "Nikulin uniqueness",
          spinorPrimes := [  ] ),
      ampleflag := true,
      basisdual := [ [ 2, 2, 0, 0, 9, 9 ], [ 0, 4, 0, 0, 0, 0 ], [ 0, 0, 1, 0, 0, 4 ], [ 0, 0, 0, 1, 4, 0 ], [ 0, 0, 0, 0, 15, 0 ], [ 0, 0, 0, 0, 0, 15 ] ],
      extdeg := 1,
      extgroupgens := [ [ 30, 0 ], [ 0, 60 ] ],
      h := [ 1, 0, 2, 2, -1, -1 ],
      rho := 6,
      sprats := rec(
          nopss := [ 0, 5 ],
          scons := [ [ [ 1, -1, 2, 2, -1, -1 ], [ 1, 1, 2, 2, -1, -1 ] ], [ [ 1, 0, 1, 2, -1, -1 ], [ 1, 0, 3, 2, -1, -1 ] ], 
              [ [ 1, 0, 6, 2, -1, -2 ], [ 1, 0, -2, 2, -1, 0 ] ], [ [ 1, 0, 2, 1, -1, -1 ], [ 1, 0, 2, 3, -1, -1 ] ], [ [ 1, 0, 2, 6, -2, -1 ], [ 1, 0, 2, -2, 0, -1 ] ] ],
          slins := [  ] ) ), rec(
      Gram := [ [ -126, 0, -940, -1170, -334, -1254 ], [ 0, -4, 0, 0, 0, 0 ], [ -940, 0, -7054, -8778, -2508, -9405 ], [ -1170, 0, -8778, -10924, -3121, -11704 ], 
          [ -334, 0, -2508, -3121, -892, -3344 ], [ -1254, 0, -9405, -11704, -3344, -12540 ] ],
      Trec := rec(
          count := 1,
          grams := [ [ [ 0, 0, 0, 0, 0, 0, 0, 0, 0, 0, 0, 0, 0, 0, 0, 1 ], [ 0, -2, -1, -1, -1, 1, 1, 1, 1, 0, 0, 0, 0, 0, 0, 0 ], 
                  [ 0, -1, -2, 0, 0, 1, 1, 1, 1, 0, 0, 0, 0, 0, 0, 0 ], [ 0, -1, 0, -2, 0, 0, 1, 1, 1, 0, 0, 0, 0, 0, 0, 0 ], 
                  [ 0, -1, 0, 0, -2, 0, 0, 0, 0, 0, 0, 0, 0, 0, 0, 0 ], [ 0, 1, 1, 0, 0, -2, 0, 0, -1, 0, 0, 0, 0, 0, 0, 0 ], 
                  [ 0, 1, 1, 1, 0, 0, -2, -1, -1, 0, 0, 0, 0, 0, 0, 0 ], [ 0, 1, 1, 1, 0, 0, -1, -2, -1, 0, 0, 0, 0, 0, 0, 0 ], 
                  [ 0, 1, 1, 1, 0, -1, -1, -1, -2, 0, 0, 0, 0, 0, 0, 0 ], [ 0, 0, 0, 0, 0, 0, 0, 0, 0, -2, 1, 0, 0, 1, 1, 0 ], 
                  [ 0, 0, 0, 0, 0, 0, 0, 0, 0, 1, -2, 0, 0, 0, -1, 0 ], [ 0, 0, 0, 0, 0, 0, 0, 0, 0, 0, 0, -2, 0, 1, 1, 0 ], 
                  [ 0, 0, 0, 0, 0, 0, 0, 0, 0, 0, 0, 0, -2, -1, 1, 0 ], [ 0, 0, 0, 0, 0, 0, 0, 0, 0, 1, 0, 1, -1, -4, 0, 0 ], 
                  [ 0, 0, 0, 0, 0, 0, 0, 0, 0, 1, -1, 1, 1, 0, 58, 0 ], [ 1, 0, 0, 0, 0, 0, 0, 0, 0, 0, 0, 0, 0, 0, 0, 0 ] ] ],
          method := "Nikulin uniqueness",
          spinorPrimes := [  ] ),
      ampleflag := true,
      basisdual := [ [ 2, 2, 0, 0, 0, 22 ], [ 0, 4, 0, 0, 0, 0 ], [ 0, 0, 1, 0, 0, 157 ], [ 0, 0, 0, 1, 0, 195 ], [ 0, 0, 0, 0, 1, 56 ], [ 0, 0, 0, 0, 0, 209 ] ],
      extdeg := 1,
      extgroupgens := [ [ 2, 0 ], [ 0, 836 ] ],
      h := [ 1, 0, 2, 2, 2, -4 ],
      rho := 6,
      sprats := rec(
          nopss := [ 0, 5 ],
          scons := [ [ [ 1, -1, 2, 2, 2, -4 ], [ 1, 1, 2, 2, 2, -4 ] ], [ [ 1, 0, -2, 2, 2, -1 ], [ 1, 0, 6, 2, 2, -7 ] ], [ [ 1, 0, 2, -2, 1, 0 ], [ 1, 0, 2, 6, 3, -8 ] ], 
              [ [ 1, 0, 1, 2, 1, -3 ], [ 1, 0, 3, 2, 3, -5 ] ], [ [ 1, 0, 2, 1, -2, -2 ], [ 1, 0, 2, 3, 6, -6 ] ] ],
          slins := [  ] ) ), rec(
      Gram := [ [ -870, 0, -2173, -1352, -386, -2898 ], [ 0, -4, 0, 0, 0, 0 ], [ -2173, 0, -5434, -3381, -966, -7245 ], [ -1352, 0, -3381, -2104, -601, -4508 ], 
          [ -386, 0, -966, -601, -172, -1288 ], [ -2898, 0, -7245, -4508, -1288, -9660 ] ],
      Trec := rec(
          count := 1,
          grams := [ [ [ -2, 1, 1, 1, -1, 1, -1, 1, 0, 0, 0, 0, 0, 0, 0, 0 ], [ 1, -2, -1, 0, 0, 0, 1, -1, 0, 0, 0, 0, 0, 0, 0, 0 ], 
                  [ 1, -1, -2, -1, 0, -1, 0, -1, 0, 0, 0, 0, 0, 0, 0, 0 ], [ 1, 0, -1, -2, 1, -1, 0, -1, 0, 0, 0, 0, 0, 0, 0, 0 ], 
                  [ -1, 0, 0, 1, -2, 1, 0, 1, 0, 0, 0, 0, 0, 0, 0, 0 ], [ 1, 0, -1, -1, 1, -2, 0, -1, 0, 0, 0, 0, 0, 0, 0, 0 ], 
                  [ -1, 1, 0, 0, 0, 0, -2, 0, 0, 0, 0, 0, 0, 0, 0, 0 ], [ 1, -1, -1, -1, 1, -1, 0, -2, 0, 0, 0, 0, 0, 0, 0, 0 ], 
                  [ 0, 0, 0, 0, 0, 0, 0, 0, 2, 0, 0, 1, 0, 1, -1, 0 ], [ 0, 0, 0, 0, 0, 0, 0, 0, 0, -2, 0, 0, 0, -1, 0, 0 ], 
                  [ 0, 0, 0, 0, 0, 0, 0, 0, 0, 0, -2, -1, 0, 0, 0, 0 ], [ 0, 0, 0, 0, 0, 0, 0, 0, 1, 0, -1, -2, -1, 1, -1, 0 ], 
                  [ 0, 0, 0, 0, 0, 0, 0, 0, 0, 0, 0, -1, -2, 0, 0, 0 ], [ 0, 0, 0, 0, 0, 0, 0, 0, 1, -1, 0, 1, 0, -2, -1, 0 ], 
                  [ 0, 0, 0, 0, 0, 0, 0, 0, -1, 0, 0, -1, 0, -1, -2, 0 ], [ 0, 0, 0, 0, 0, 0, 0, 0, 0, 0, 0, 0, 0, 0, 0, 14 ] ] ],
          method := "Nikulin uniqueness",
          spinorPrimes := [  ] ),
      ampleflag := true,
      basisdual := [ [ 2, 2, 0, 0, 0, 49 ], [ 0, 4, 0, 0, 0, 0 ], [ 0, 0, 1, 0, 0, 121 ], [ 0, 0, 0, 1, 0, 75 ], [ 0, 0, 0, 0, 1, 22 ], [ 0, 0, 0, 0, 0, 161 ] ],
      extdeg := 1,
      extgroupgens := [ [ 2, 0 ], [ 0, 644 ] ],
      h := [ 1, 0, 2, 2, 2, -3 ],
      rho := 6,
      sprats := rec(
          nopss := [ 0, 6 ],
          scons := [ [ [ 1, -1, 2, 2, 2, -3 ], [ 1, 1, 2, 2, 2, -3 ] ], [ [ 1, 0, -2, 2, 2, 0 ], [ 1, 0, 6, 2, 2, -6 ] ], [ [ 1, 0, 2, -2, 1, -1 ], [ 1, 0, 2, 6, 3, -5 ] ], 
              [ [ 1, 0, 1, 2, 0, -2 ], [ 1, 0, 3, 2, 4, -4 ] ], [ [ 1, 0, 2, 1, -2, -2 ], [ 1, 0, 2, 3, 6, -4 ] ], [ [ 1, 0, 1, 3, 4, -3 ], [ 1, 0, 3, 1, 0, -3 ] ] ],
          slins := [  ] ) ), rec(
      Gram := [ [ -1086, 0, -301, -964, -240, -1206 ], [ 0, -4, 0, 0, 0, 0 ], [ -301, 0, -84, -268, -67, -335 ], [ -964, 0, -268, -858, -215, -1072 ], 
          [ -240, 0, -67, -215, -56, -268 ], [ -1206, 0, -335, -1072, -268, -1340 ] ],
      Trec := rec(
          count := 1,
          grams := [ [ [ 0, 0, 0, 0, 0, 0, 0, 0, 0, 0, 0, 0, 0, 0, 0, 1 ], [ 0, -2, -1, -1, -1, 1, 1, 1, 1, 0, 0, 0, 0, 0, 0, 0 ], 
                  [ 0, -1, -2, 0, 0, 1, 1, 0, 1, 0, 0, 0, 0, 0, 0, 0 ], [ 0, -1, 0, -2, 0, 0, 1, 1, 1, 0, 0, 0, 0, 0, 0, 0 ], 
                  [ 0, -1, 0, 0, -2, 0, 0, 0, 0, 0, 0, 0, 0, 0, 0, 0 ], [ 0, 1, 1, 0, 0, -2, 0, -1, -1, 0, 0, 0, 0, 0, 0, 0 ], 
                  [ 0, 1, 1, 1, 0, 0, -2, 0, -1, 0, 0, 0, 0, 0, 0, 0 ], [ 0, 1, 0, 1, 0, -1, 0, -2, -1, 0, 0, 0, 0, 0, 0, 0 ], 
                  [ 0, 1, 1, 1, 0, -1, -1, -1, -2, 0, 0, 0, 0, 0, 0, 0 ], [ 0, 0, 0, 0, 0, 0, 0, 0, 0, -2, 1, 0, 0, 1, 0, 0 ], 
                  [ 0, 0, 0, 0, 0, 0, 0, 0, 0, 1, -2, 0, 0, 0, 0, 0 ], [ 0, 0, 0, 0, 0, 0, 0, 0, 0, 0, 0, -2, 0, -1, -1, 0 ], 
                  [ 0, 0, 0, 0, 0, 0, 0, 0, 0, 0, 0, 0, -2, -1, -1, 0 ], [ 0, 0, 0, 0, 0, 0, 0, 0, 0, 1, 0, -1, -1, -4, 0, 0 ], 
                  [ 0, 0, 0, 0, 0, 0, 0, 0, 0, 0, 0, -1, -1, 0, 56, 0 ], [ 1, 0, 0, 0, 0, 0, 0, 0, 0, 0, 0, 0, 0, 0, 0, 0 ] ] ],
          method := "Nikulin uniqueness",
          spinorPrimes := [  ] ),
      ampleflag := true,
      basisdual := [ [ 2, 2, 0, 0, 0, 61 ], [ 0, 4, 0, 0, 0, 0 ], [ 0, 0, 1, 0, 0, 17 ], [ 0, 0, 0, 1, 1, 54 ], [ 0, 0, 0, 0, 3, 14 ], [ 0, 0, 0, 0, 0, 67 ] ],
      extdeg := 1,
      extgroupgens := [ [ 2, 0 ], [ 0, 804 ] ],
      h := [ 1, 0, 2, 2, 0, -3 ],
      rho := 6,
      sprats := rec(
          nopss := [ 0, 5 ],
          scons := [ [ [ 1, -1, 2, 2, 0, -3 ], [ 1, 1, 2, 2, 0, -3 ] ], [ [ 1, 0, 6, 2, 0, -4 ], [ 1, 0, -2, 2, 0, -2 ] ], [ [ 1, 0, 2, 1, -1, -2 ], [ 1, 0, 2, 3, 1, -4 ] ], 
              [ [ 1, 0, 2, 6, -1, -6 ], [ 1, 0, 2, -2, 1, 0 ] ], [ [ 1, 0, 1, 1, 0, -2 ], [ 1, 0, 3, 3, 0, -4 ] ] ],
          slins := [  ] ) ), rec(
      Gram := [ [ -310, 0, -277, -372, -250, -370 ], [ 0, -4, 0, 0, 0, 0 ], [ -277, 0, -250, -333, -222, -333 ], [ -372, 0, -333, -448, -301, -444 ], 
          [ -250, 0, -222, -301, -204, -296 ], [ -370, 0, -333, -444, -296, -444 ] ],
      Trec := rec(
          count := 1,
          grams := [ [ [ 0, 0, 0, 0, 0, 0, 0, 0, 0, 0, 0, 0, 0, 0, 0, 1 ], [ 0, -2, 1, 1, 1, -1, 1, -1, -1, 0, 0, 0, 0, 0, 0, 0 ], 
                  [ 0, 1, -2, -1, -1, 0, -1, 0, 1, 0, 0, 0, 0, 0, 0, 0 ], [ 0, 1, -1, -2, 0, 0, -1, 0, 1, 0, 0, 0, 0, 0, 0, 0 ], 
                  [ 0, 1, -1, 0, -2, 1, -1, 0, 1, 0, 0, 0, 0, 0, 0, 0 ], [ 0, -1, 0, 0, 1, -2, 0, -1, 0, 0, 0, 0, 0, 0, 0, 0 ], 
                  [ 0, 1, -1, -1, -1, 0, -2, 0, 1, 0, 0, 0, 0, 0, 0, 0 ], [ 0, -1, 0, 0, 0, -1, 0, -2, 0, 0, 0, 0, 0, 0, 0, 0 ], 
                  [ 0, -1, 1, 1, 1, 0, 1, 0, -2, 0, 0, 0, 0, 0, 0, 0 ], [ 0, 0, 0, 0, 0, 0, 0, 0, 0, -2, 0, 1, 1, 0, 0, 0 ], 
                  [ 0, 0, 0, 0, 0, 0, 0, 0, 0, 0, -2, 0, 0, 0, 0, 0 ], [ 0, 0, 0, 0, 0, 0, 0, 0, 0, 1, 0, -4, -2, 0, -1, 0 ], 
                  [ 0, 0, 0, 0, 0, 0, 0, 0, 0, 1, 0, -2, -4, 0, 1, 0 ], [ 0, 0, 0, 0, 0, 0, 0, 0, 0, 0, 0, 0, 0, -4, 1, 0 ], 
                  [ 0, 0, 0, 0, 0, 0, 0, 0, 0, 0, 0, -1, 1, 1, 8, 0 ], [ 1, 0, 0, 0, 0, 0, 0, 0, 0, 0, 0, 0, 0, 0, 0, 0 ] ] ],
          method := "Nikulin uniqueness",
          spinorPrimes := [  ] ),
      ampleflag := true,
      basisdual := [ [ 2, 2, 0, 0, 4, 31 ], [ 0, 4, 0, 0, 0, 0 ], [ 0, 0, 1, 0, 0, 28 ], [ 0, 0, 0, 1, 4, 36 ], [ 0, 0, 0, 0, 5, 23 ], [ 0, 0, 0, 0, 0, 37 ] ],
      extdeg := 1,
      extgroupgens := [ [ 2, 0 ], [ 0, 740 ] ],
      h := [ 1, 0, 2, 2, -2, -3 ],
      rho := 6,
      sprats := rec(
          nopss := [ 0, 5 ],
          scons := [ [ [ 1, -1, 2, 2, -2, -3 ], [ 1, 1, 2, 2, -2, -3 ] ], [ [ 1, 0, -2, 2, -2, 0 ], [ 1, 0, 6, 2, -2, -6 ] ], 
              [ [ 1, 0, 2, -2, 1, -1 ], [ 1, 0, 2, 6, -5, -5 ] ], [ [ 1, 0, 2, 1, -2, -2 ], [ 1, 0, 2, 3, -2, -4 ] ], [ [ 1, 0, 1, 1, -1, -2 ], [ 1, 0, 3, 3, -3, -4 ] ] ],
          slins := [  ] ) ), rec(
      Gram := [ [ -422, 0, -150, -240, -360, -602 ], [ 0, -4, 0, 0, 0, 0 ], [ -150, 0, -54, -86, -129, -215 ], [ -240, 0, -86, -138, -207, -344 ], 
          [ -360, 0, -129, -207, -312, -516 ], [ -602, 0, -215, -344, -516, -860 ] ],
      Trec := rec(
          count := 1,
          grams := [ [ [ 0, 0, 0, 0, 0, 0, 0, 0, 0, 0, 0, 0, 0, 0, 0, 1 ], [ 0, -2, -1, -1, -1, 1, 1, 1, 1, 0, 0, 0, 0, 0, 0, 0 ], 
                  [ 0, -1, -2, 0, 0, 1, 1, 0, 1, 0, 0, 0, 0, 0, 0, 0 ], [ 0, -1, 0, -2, 0, 0, 1, 1, 1, 0, 0, 0, 0, 0, 0, 0 ], 
                  [ 0, -1, 0, 0, -2, 0, 0, 0, 0, 0, 0, 0, 0, 0, 0, 0 ], [ 0, 1, 1, 0, 0, -2, 0, -1, -1, 0, 0, 0, 0, 0, 0, 0 ], 
                  [ 0, 1, 1, 1, 0, 0, -2, 0, -1, 0, 0, 0, 0, 0, 0, 0 ], [ 0, 1, 0, 1, 0, -1, 0, -2, -1, 0, 0, 0, 0, 0, 0, 0 ], 
                  [ 0, 1, 1, 1, 0, -1, -1, -1, -2, 0, 0, 0, 0, 0, 0, 0 ], [ 0, 0, 0, 0, 0, 0, 0, 0, 0, -2, 0, 0, 0, 1, 0, 0 ], 
                  [ 0, 0, 0, 0, 0, 0, 0, 0, 0, 0, -2, 1, 0, -1, -1, 0 ], [ 0, 0, 0, 0, 0, 0, 0, 0, 0, 0, 1, -2, 0, 1, 0, 0 ], 
                  [ 0, 0, 0, 0, 0, 0, 0, 0, 0, 0, 0, 0, -2, -1, 0, 0 ], [ 0, 0, 0, 0, 0, 0, 0, 0, 0, 1, -1, 1, -1, -4, -1, 0 ], 
                  [ 0, 0, 0, 0, 0, 0, 0, 0, 0, 0, -1, 0, 0, -1, 36, 0 ], [ 1, 0, 0, 0, 0, 0, 0, 0, 0, 0, 0, 0, 0, 0, 0, 0 ] ] ],
          method := "Nikulin uniqueness",
          spinorPrimes := [  ] ),
      ampleflag := true,
      basisdual := [ [ 2, 2, 0, 0, 0, 32 ], [ 0, 4, 0, 0, 0, 0 ], [ 0, 0, 1, 0, 0, 11 ], [ 0, 0, 0, 1, 1, 17 ], [ 0, 0, 0, 0, 3, 24 ], [ 0, 0, 0, 0, 0, 43 ] ],
      extdeg := 1,
      extgroupgens := [ [ 2, 0 ], [ 0, 516 ] ],
      h := [ 1, 0, 2, 2, 0, -2 ],
      rho := 6,
      sprats := rec(
          nopss := [ 0, 7 ],
          scons := [ [ [ 1, -1, 2, 2, 0, -2 ], [ 1, 1, 2, 2, 0, -2 ] ], [ [ 1, 0, 6, 2, 0, -3 ], [ 1, 0, -2, 2, 0, -1 ] ], [ [ 1, 0, 3, 3, -1, -2 ], [ 1, 0, 1, 1, 1, -2 ] ], 
              [ [ 1, 0, 2, 1, -1, -1 ], [ 1, 0, 2, 3, 1, -3 ] ], [ [ 1, 0, 3, 0, 1, -2 ], [ 1, 0, 1, 4, -1, -2 ] ], [ [ 1, 0, 2, -2, 1, -1 ], [ 1, 0, 2, 6, -1, -3 ] ], 
              [ [ 1, 0, 3, 4, 0, -3 ], [ 1, 0, 1, 0, 0, -1 ] ] ],
          slins := [  ] ) ), rec(
      Gram := [ [ -18, 0, -2, -7, -30, -6 ], [ 0, -4, 0, 0, 0, 0 ], [ -2, 0, -4, 0, 0, -6 ], [ -7, 0, 0, -4, -15, 0 ], [ -30, 0, 0, -15, -60, 0 ], [ -6, 0, -6, 0, 0, -12 ] ],
      Trec := rec(
          count := 1,
          grams := [ [ [ 0, 0, 0, 0, 0, 0, 0, 0, 0, 0, 0, 0, 0, 0, 0, 2 ], [ 0, 0, 0, 0, 0, 0, 0, 0, 0, 0, 0, 0, 0, 0, 1, 0 ], 
                  [ 0, 0, -2, 1, 0, 0, 0, 0, 0, 0, -1, 1, 1, 0, 0, 0 ], [ 0, 0, 1, -2, 0, 0, 0, 0, 0, 0, 1, -1, -1, 0, 0, 0 ], 
                  [ 0, 0, 0, 0, -2, 1, 1, 1, 1, 0, -1, 1, 1, -1, 0, 0 ], [ 0, 0, 0, 0, 1, -2, -1, -1, -1, 0, 1, -1, 0, 1, 0, 0 ], 
                  [ 0, 0, 0, 0, 1, -1, -2, -1, -1, 0, 0, 0, -1, 0, 0, 0 ], [ 0, 0, 0, 0, 1, -1, -1, -2, -1, 0, 0, 0, 0, 0, 0, 0 ], 
                  [ 0, 0, 0, 0, 1, -1, -1, -1, -2, 0, 0, 0, 0, 1, 0, 0 ], [ 0, 0, 0, 0, 0, 0, 0, 0, 0, -2, 1, 1, 0, 0, 0, 0 ], 
                  [ 0, 0, -1, 1, -1, 1, 0, 0, 0, 1, -4, 2, 1, -1, 0, 0 ], [ 0, 0, 1, -1, 1, -1, 0, 0, 0, 1, 2, -4, -1, 1, 0, 0 ], 
                  [ 0, 0, 1, -1, 1, 0, -1, 0, 0, 0, 1, -1, -4, 0, 0, 0 ], [ 0, 0, 0, 0, -1, 1, 0, 0, 1, 0, -1, 1, 0, -4, 0, 0 ], 
                  [ 0, 1, 0, 0, 0, 0, 0, 0, 0, 0, 0, 0, 0, 0, 0, 0 ], [ 2, 0, 0, 0, 0, 0, 0, 0, 0, 0, 0, 0, 0, 0, 0, 0 ] ] ],
          method := "Nikulin uniqueness",
          spinorPrimes := [  ] ),
      ampleflag := true,
      basisdual := [ [ 2, 2, 0, 0, 9, 4 ], [ 0, 4, 0, 0, 0, 0 ], [ 0, 0, 2, 0, 0, 4 ], [ 0, 0, 0, 1, 4, 0 ], [ 0, 0, 0, 0, 15, 0 ], [ 0, 0, 0, 0, 0, 6 ] ],
      extdeg := 1,
      extgroupgens := [ [ 2, 0, 0, 0 ], [ 0, 2, 0, 0 ], [ 0, 0, 6, 0 ], [ 0, 0, 0, 60 ] ],
      h := [ 1, 0, 1, 2, -1, -1 ],
      rho := 6,
      sprats := rec(
          nopss := [ 0, 6 ],
          scons := [ [ [ 1, -1, 1, 2, -1, -1 ], [ 1, 1, 1, 2, -1, -1 ] ], [ [ 1, 0, 1, 1, -1, -1 ], [ 1, 0, 1, 3, -1, -1 ] ], 
              [ [ 1, 0, 1, 6, -2, -1 ], [ 1, 0, 1, -2, 0, -1 ] ], [ [ 1, 0, 0, 2, -1, -1 ], [ 1, 0, 2, 2, -1, -1 ] ], 
              [ [ 1, 0, -1, 2, -1, 0 ], [ 1, 0, 3, 2, -1, -2 ] ], [ [ 1, 0, 2, 2, -1, -2 ], [ 1, 0, 0, 2, -1, 0 ] ] ],
          slins := [  ] ) ), rec(
      Gram := [ [ -1206, 0, -860, -1492, -918, -1722 ], [ 0, -4, 0, 0, 0, 0 ], [ -860, 0, -616, -1066, -656, -1230 ], [ -1492, 0, -1066, -1848, -1137, -2132 ], 
          [ -918, 0, -656, -1137, -700, -1312 ], [ -1722, 0, -1230, -2132, -1312, -2460 ] ],
      Trec := rec(
          count := 1,
          grams := [ [ [ 0, 0, 0, 0, 0, 0, 0, 0, 0, 0, 0, 0, 0, 0, 0, 1 ], [ 0, -2, -1, -1, -1, 1, -1, -1, 1, 0, 0, 0, 0, 0, 0, 0 ], 
                  [ 0, -1, -2, 0, 0, 1, -1, 0, 1, 0, 0, 0, 0, 0, 0, 0 ], [ 0, -1, 0, -2, 0, 0, -1, -1, 1, 0, 0, 0, 0, 0, 0, 0 ], 
                  [ 0, -1, 0, 0, -2, 0, 0, 0, 0, 0, 0, 0, 0, 0, 0, 0 ], [ 0, 1, 1, 0, 0, -2, 1, 0, -1, 0, 0, 0, 0, 0, 0, 0 ], 
                  [ 0, -1, -1, -1, 0, 1, -2, 0, 1, 0, 0, 0, 0, 0, 0, 0 ], [ 0, -1, 0, -1, 0, 0, 0, -2, 0, 0, 0, 0, 0, 0, 0, 0 ], 
                  [ 0, 1, 1, 1, 0, -1, 1, 0, -2, 0, 0, 0, 0, 0, 0, 0 ], [ 0, 0, 0, 0, 0, 0, 0, 0, 0, -2, 0, 0, 1, 1, -1, 0 ], 
                  [ 0, 0, 0, 0, 0, 0, 0, 0, 0, 0, -2, 0, 0, 0, 0, 0 ], [ 0, 0, 0, 0, 0, 0, 0, 0, 0, 0, 0, -2, 1, -1, 1, 0 ], 
                  [ 0, 0, 0, 0, 0, 0, 0, 0, 0, 1, 0, 1, -4, 1, 1, 0 ], [ 0, 0, 0, 0, 0, 0, 0, 0, 0, 1, 0, -1, 1, -6, 2, 0 ], 
                  [ 0, 0, 0, 0, 0, 0, 0, 0, 0, -1, 0, 1, 1, 2, 10, 0 ], [ 1, 0, 0, 0, 0, 0, 0, 0, 0, 0, 0, 0, 0, 0, 0, 0 ] ] ],
          method := "Nikulin uniqueness",
          spinorPrimes := [  ] ),
      ampleflag := true,
      basisdual := [ [ 2, 2, 0, 0, 0, 58 ], [ 0, 4, 0, 0, 0, 0 ], [ 0, 0, 2, 0, 0, 42 ], [ 0, 0, 0, 1, 0, 71 ], [ 0, 0, 0, 0, 1, 44 ], [ 0, 0, 0, 0, 0, 82 ] ],
      extdeg := 1,
      extgroupgens := [ [ 2, 0, 0, 0 ], [ 0, 2, 0, 0 ], [ 0, 0, 2, 0 ], [ 0, 0, 0, 164 ] ],
      h := [ 1, 0, 1, 2, 2, -4 ],
      rho := 6,
      sprats := rec(
          nopss := [ 0, 6 ],
          scons := [ [ [ 1, -1, 1, 2, 2, -4 ], [ 1, 1, 1, 2, 2, -4 ] ], [ [ 1, 0, 1, 6, 3, -8 ], [ 1, 0, 1, -2, 1, 0 ] ], [ [ 1, 0, 1, 1, -2, -1 ], [ 1, 0, 1, 3, 6, -7 ] ], 
              [ [ 1, 0, -1, 2, 2, -3 ], [ 1, 0, 3, 2, 2, -5 ] ], [ [ 1, 0, 0, 2, 1, -3 ], [ 1, 0, 2, 2, 3, -5 ] ], [ [ 1, 0, 0, 2, 3, -4 ], [ 1, 0, 2, 2, 1, -4 ] ] ],
          slins := [  ] ) ), rec(
      Gram := [ [ -18, 0, -86, -162, -46, -174 ], [ 0, -4, 0, 0, 0, 0 ], [ -86, 0, -436, -812, -232, -870 ], [ -162, 0, -812, -1516, -433, -1624 ], 
          [ -46, 0, -232, -433, -124, -464 ], [ -174, 0, -870, -1624, -464, -1740 ] ],
      Trec := rec(
          count := 1,
          grams := [ [ [ 0, 0, 0, 0, 0, 0, 0, 0, 0, 0, 0, 0, 0, 0, 0, 2 ], [ 0, -2, -1, -1, -1, 1, 1, -1, 1, 0, 0, 0, 0, 0, 0, 0 ], 
                  [ 0, -1, -2, 0, 0, 1, 1, -1, 1, 0, 0, 0, 0, 0, 0, 0 ], [ 0, -1, 0, -2, 0, 0, 1, -1, 1, 0, 0, 0, 0, 0, 0, 0 ], 
                  [ 0, -1, 0, 0, -2, 0, 0, 0, 0, 0, 0, 0, 0, 0, 0, 0 ], [ 0, 1, 1, 0, 0, -2, 0, 1, -1, 0, 0, 0, 0, 0, 0, 0 ], 
                  [ 0, 1, 1, 1, 0, 0, -2, 1, -1, 0, 0, 0, 0, 0, 0, 0 ], [ 0, -1, -1, -1, 0, 1, 1, -2, 1, 0, 0, 0, 0, 0, 0, 0 ], 
                  [ 0, 1, 1, 1, 0, -1, -1, 1, -2, 0, 0, 0, 0, 0, 0, 0 ], [ 0, 0, 0, 0, 0, 0, 0, 0, 0, -2, 1, -1, 0, 0, 0, 0 ], 
                  [ 0, 0, 0, 0, 0, 0, 0, 0, 0, 1, -2, 0, 0, 0, 0, 0 ], [ 0, 0, 0, 0, 0, 0, 0, 0, 0, -1, 0, -2, 0, 0, 0, 0 ], 
                  [ 0, 0, 0, 0, 0, 0, 0, 0, 0, 0, 0, 0, -2, 0, 1, 0 ], [ 0, 0, 0, 0, 0, 0, 0, 0, 0, 0, 0, 0, 0, -2, 0, 0 ], 
                  [ 0, 0, 0, 0, 0, 0, 0, 0, 0, 0, 0, 0, 1, 0, 14, 0 ], [ 2, 0, 0, 0, 0, 0, 0, 0, 0, 0, 0, 0, 0, 0, 0, 0 ] ] ],
          method := "Nikulin uniqueness",
          spinorPrimes := [  ] ),
      ampleflag := true,
      basisdual := [ [ 2, 2, 0, 0, 0, 6 ], [ 0, 4, 0, 0, 0, 0 ], [ 0, 0, 2, 0, 0, 30 ], [ 0, 0, 0, 1, 0, 54 ], [ 0, 0, 0, 0, 1, 16 ], [ 0, 0, 0, 0, 0, 58 ] ],
      extdeg := 1,
      extgroupgens := [ [ 2, 0, 0, 0 ], [ 0, 2, 0, 0 ], [ 0, 0, 2, 0 ], [ 0, 0, 0, 116 ] ],
      h := [ 1, 0, 1, 2, 2, -3 ],
      rho := 6,
      sprats := rec(
          nopss := [ 0, 8 ],
          scons := [ [ [ 1, -1, 1, 2, 2, -3 ], [ 1, 1, 1, 2, 2, -3 ] ], [ [ 1, 0, 1, -2, 1, 1 ], [ 1, 0, 1, 6, 3, -7 ] ], [ [ 1, 0, 0, 1, 0, -1 ], [ 1, 0, 2, 3, 4, -5 ] ], 
              [ [ 1, 0, 0, 2, 4, -3 ], [ 1, 0, 2, 2, 0, -3 ] ], [ [ 1, 0, -1, 2, 2, -2 ], [ 1, 0, 3, 2, 2, -4 ] ], [ [ 1, 0, 2, 1, 0, -2 ], [ 1, 0, 0, 3, 4, -4 ] ], 
              [ [ 1, 0, 1, 1, -2, -1 ], [ 1, 0, 1, 3, 6, -5 ] ], [ [ 1, 0, 2, 2, 4, -4 ], [ 1, 0, 0, 2, 0, -2 ] ] ],
          slins := [  ] ) ), rec(
      Gram := [ [ -24, 0, -38, -46, -30, -78 ], [ 0, -4, 0, 0, 0, 0 ], [ -38, 0, -66, -78, -52, -130 ], [ -46, 0, -78, -94, -63, -156 ], [ -30, 0, -52, -63, -44, -104 ], 
          [ -78, 0, -130, -156, -104, -260 ] ],
      Trec := rec(
          count := 1,
          grams := [ [ [ 0, 0, 0, 0, 0, 0, 0, 0, 0, 0, 0, 0, 0, 0, 0, 2 ], [ 0, -2, -1, -1, -1, 1, 1, -1, 1, 0, 0, 0, 0, 0, 0, 0 ], 
                  [ 0, -1, -2, 0, 0, 1, 1, -1, 1, 0, 0, 0, 0, 0, 0, 0 ], [ 0, -1, 0, -2, 0, 0, 1, -1, 1, 0, 0, 0, 0, 0, 0, 0 ], 
                  [ 0, -1, 0, 0, -2, 0, 0, 0, 0, 0, 0, 0, 0, 0, 0, 0 ], [ 0, 1, 1, 0, 0, -2, 0, 1, -1, 0, 0, 0, 0, 0, 0, 0 ], 
                  [ 0, 1, 1, 1, 0, 0, -2, 1, -1, 0, 0, 0, 0, 0, 0, 0 ], [ 0, -1, -1, -1, 0, 1, 1, -2, 1, 0, 0, 0, 0, 0, 0, 0 ], 
                  [ 0, 1, 1, 1, 0, -1, -1, 1, -2, 0, 0, 0, 0, 0, 0, 0 ], [ 0, 0, 0, 0, 0, 0, 0, 0, 0, -2, -1, 1, 0, 0, 1, 0 ], 
                  [ 0, 0, 0, 0, 0, 0, 0, 0, 0, -1, -2, 0, 0, 0, 0, 0 ], [ 0, 0, 0, 0, 0, 0, 0, 0, 0, 1, 0, -2, 0, 0, 0, 0 ], 
                  [ 0, 0, 0, 0, 0, 0, 0, 0, 0, 0, 0, 0, -2, 0, 1, 0 ], [ 0, 0, 0, 0, 0, 0, 0, 0, 0, 0, 0, 0, 0, -2, 0, 0 ], 
                  [ 0, 0, 0, 0, 0, 0, 0, 0, 0, 1, 0, 0, 1, 0, 18, 0 ], [ 2, 0, 0, 0, 0, 0, 0, 0, 0, 0, 0, 0, 0, 0, 0, 0 ] ] ],
          method := "Nikulin uniqueness",
          spinorPrimes := [  ] ),
      ampleflag := true,
      basisdual := [ [ 2, 2, 0, 0, 0, 8 ], [ 0, 4, 0, 0, 0, 0 ], [ 0, 0, 2, 0, 0, 14 ], [ 0, 0, 0, 1, 1, 16 ], [ 0, 0, 0, 0, 3, 11 ], [ 0, 0, 0, 0, 0, 26 ] ],
      extdeg := 1,
      extgroupgens := [ [ 2, 0, 0, 0 ], [ 0, 2, 0, 0 ], [ 0, 0, 2, 0 ], [ 0, 0, 0, 156 ] ],
      h := [ 1, 0, 1, 2, 0, -2 ],
      rho := 6,
      sprats := rec(
          nopss := [ 0, 6 ],
          scons := [ [ [ 1, -1, 1, 2, 0, -2 ], [ 1, 1, 1, 2, 0, -2 ] ], [ [ 1, 0, 1, 1, -1, -1 ], [ 1, 0, 1, 3, 1, -3 ] ], [ [ 1, 0, 1, -2, 1, 0 ], [ 1, 0, 1, 6, -1, -4 ] ], 
              [ [ 1, 0, 0, 1, 0, -1 ], [ 1, 0, 2, 3, 0, -3 ] ], [ [ 1, 0, -1, 2, 0, -1 ], [ 1, 0, 3, 2, 0, -3 ] ], [ [ 1, 0, 2, 1, 0, -2 ], [ 1, 0, 0, 3, 0, -2 ] ] ],
          slins := [  ] ) ), rec(
      Gram := [ [ -6, 0, -19, -23, -15, -39 ], [ 0, -4, 0, 0, 0, 0 ], [ -19, 0, -66, -78, -52, -130 ], [ -23, 0, -78, -94, -63, -156 ], [ -15, 0, -52, -63, -44, -104 ], 
          [ -39, 0, -130, -156, -104, -260 ] ],
      Trec := rec(
          count := 1,
          grams := [ [ [ 0, 0, 0, 0, 0, 0, 0, 0, 0, 0, 0, 0, 0, 0, 0, 1 ], [ 0, -2, -1, -1, 1, 1, -1, -1, 1, 0, 0, 0, 0, 0, 0, 0 ], 
                  [ 0, -1, -2, 0, 1, 1, -1, 0, 1, 0, 0, 0, 0, 0, 0, 0 ], [ 0, -1, 0, -2, 1, 0, -1, 0, 1, 0, 0, 0, 0, 0, 0, 0 ], 
                  [ 0, 1, 1, 1, -2, -1, 1, 0, -1, 0, 0, 0, 0, 0, 0, 0 ], [ 0, 1, 1, 0, -1, -2, 1, 1, -1, 0, 0, 0, 0, 0, 0, 0 ], 
                  [ 0, -1, -1, -1, 1, 1, -2, 0, 1, 0, 0, 0, 0, 0, 0, 0 ], [ 0, -1, 0, 0, 0, 1, 0, -2, 0, 0, 0, 0, 0, 0, 0, 0 ], 
                  [ 0, 1, 1, 1, -1, -1, 1, 0, -2, 0, 0, 0, 0, 0, 0, 0 ], [ 0, 0, 0, 0, 0, 0, 0, 0, 0, -2, -1, 1, 0, 0, 1, 0 ], 
                  [ 0, 0, 0, 0, 0, 0, 0, 0, 0, -1, -2, 0, 0, 0, 0, 0 ], [ 0, 0, 0, 0, 0, 0, 0, 0, 0, 1, 0, -2, 0, 0, 0, 0 ], 
                  [ 0, 0, 0, 0, 0, 0, 0, 0, 0, 0, 0, 0, -2, 0, 1, 0 ], [ 0, 0, 0, 0, 0, 0, 0, 0, 0, 0, 0, 0, 0, -2, 0, 0 ], 
                  [ 0, 0, 0, 0, 0, 0, 0, 0, 0, 1, 0, 0, 1, 0, 18, 0 ], [ 1, 0, 0, 0, 0, 0, 0, 0, 0, 0, 0, 0, 0, 0, 0, 0 ] ] ],
          method := "Nikulin uniqueness",
          spinorPrimes := [  ] ),
      ampleflag := true,
      basisdual := [ [ 1, 1, 0, 0, 0, 4 ], [ 0, 4, 0, 0, 0, 0 ], [ 0, 0, 2, 0, 0, 14 ], [ 0, 0, 0, 1, 1, 16 ], [ 0, 0, 0, 0, 3, 11 ], [ 0, 0, 0, 0, 0, 26 ] ],
      extdeg := 2,
      extgroupgens := [ [ 2, 0, 0, 0 ], [ 0, 2, 0, 0 ], [ 0, 0, 1, 78 ], [ 0, 0, 0, 156 ] ],
      h := [ 2, 0, 1, 2, 0, -2 ],
      rho := 6,
      sprats := rec(
          nopss := [ 3, 3 ],
          scons := [ [ [ 2, -1, 1, 2, 0, -2 ], [ 2, 1, 1, 2, 0, -2 ] ], [ [ 2, 0, -1, 2, 0, -1 ], [ 2, 0, 3, 2, 0, -3 ] ], [ [ 2, 0, 2, 1, 0, -2 ], [ 2, 0, 0, 3, 0, -2 ] ] ],
          slins := [ [ [ 1, 0, 1, -1, 0, 0 ], [ 1, 0, 0, 3, 0, -2 ] ], [ [ 1, 0, 0, 2, -1, -1 ], [ 1, 0, 1, 0, 1, -1 ] ], [ [ 1, 0, 1, 3, -1, -2 ], [ 1, 0, 0, -1, 1, 0 ] ] ] 
         ) ), rec(
      Gram := [ [ -4, 0, -6, -16, -8, -14 ], [ 0, -4, 0, 0, 0, 0 ], [ -6, 0, -22, -42, -14, -42 ], [ -16, 0, -42, -88, -33, -84 ], [ -8, 0, -14, -33, -16, -28 ], 
          [ -14, 0, -42, -84, -28, -84 ] ],
      Trec := rec(
          count := 1,
          grams := [ [ [ -2, 1, 1, 1, -1, 1, -1, 1, 0, 0, 0, 0, 0, 0, 0, 0 ], [ 1, -2, -1, 0, 0, 0, 1, -1, 0, 0, 0, 0, 0, 0, 0, 0 ], 
                  [ 1, -1, -2, -1, 0, -1, 0, 0, 0, 0, 0, 0, 0, 0, 0, 0 ], [ 1, 0, -1, -2, 1, -1, 0, 0, 0, 0, 0, 0, 0, 0, 0, 0 ], 
                  [ -1, 0, 0, 1, -2, 1, 0, 1, 0, 0, 0, 0, 0, 0, 0, 0 ], [ 1, 0, -1, -1, 1, -2, 0, 0, 0, 0, 0, 0, 0, 0, 0, 0 ], 
                  [ -1, 1, 0, 0, 0, 0, -2, 1, 0, 0, 0, 0, 0, 0, 0, 0 ], [ 1, -1, 0, 0, 1, 0, 1, -2, 0, 0, 0, 0, 0, 0, 0, 0 ], 
                  [ 0, 0, 0, 0, 0, 0, 0, 0, -2, -1, 0, 0, 0, -1, 1, 0 ], [ 0, 0, 0, 0, 0, 0, 0, 0, -1, -2, 0, 0, 0, -1, 1, 0 ], 
                  [ 0, 0, 0, 0, 0, 0, 0, 0, 0, 0, 2, 0, 0, 0, 0, 0 ], [ 0, 0, 0, 0, 0, 0, 0, 0, 0, 0, 0, -2, 0, -1, -1, -1 ], 
                  [ 0, 0, 0, 0, 0, 0, 0, 0, 0, 0, 0, 0, -2, -1, -1, -1 ], [ 0, 0, 0, 0, 0, 0, 0, 0, -1, -1, 0, -1, -1, -4, 0, -1 ], 
                  [ 0, 0, 0, 0, 0, 0, 0, 0, 1, 1, 0, -1, -1, 0, -4, 1 ], [ 0, 0, 0, 0, 0, 0, 0, 0, 0, 0, 0, -1, -1, -1, 1, 6 ] ] ],
          method := "Nikulin uniqueness",
          spinorPrimes := [  ] ),
      ampleflag := true,
      basisdual := [ [ 2, 2, 0, 0, 4, 2 ], [ 0, 4, 0, 0, 0, 0 ], [ 0, 0, 2, 0, 0, 8 ], [ 0, 0, 0, 1, 4, 13 ], [ 0, 0, 0, 0, 5, 3 ], [ 0, 0, 0, 0, 0, 14 ] ],
      extdeg := 1,
      extgroupgens := [ [ 2, 0, 0, 0 ], [ 0, 2, 0, 0 ], [ 0, 0, 2, 0 ], [ 0, 0, 0, 140 ] ],
      h := [ 1, 0, 1, 2, -2, -2 ],
      rho := 6,
      sprats := rec(
          nopss := [ 0, 6 ],
          scons := [ [ [ 1, -1, 1, 2, -2, -2 ], [ 1, 1, 1, 2, -2, -2 ] ], [ [ 1, 0, 1, -2, 1, 1 ], [ 1, 0, 1, 6, -5, -5 ] ], [ [ 1, 0, 0, 1, -1, -1 ], [ 1, 0, 2, 3, -3, -3 ] 
                 ], [ [ 1, 0, -1, 2, -2, -1 ], [ 1, 0, 3, 2, -2, -3 ] ], [ [ 1, 0, 2, 1, -1, -2 ], [ 1, 0, 0, 3, -3, -2 ] ], [ [ 1, 0, 1, 1, -2, -1 ], [ 1, 0, 1, 3, -2, -3 ] 
                 ] ],
          slins := [  ] ) ), rec(
      Gram := [ [ -30, -2, -24, -50, -18, -49 ], [ -2, -4, 0, 0, 0, 0 ], [ -24, 0, -22, -42, -14, -42 ], [ -50, 0, -42, -88, -33, -84 ], [ -18, 0, -14, -33, -16, -28 ], 
          [ -49, 0, -42, -84, -28, -84 ] ],
      Trec := rec(
          count := 1,
          grams := [ [ [ -2, 1, 1, 1, -1, 1, -1, 1, 0, 0, 0, 0, 0, 0, 0, 0 ], [ 1, -2, -1, 0, 0, 0, 1, -1, 0, 0, 0, 0, 0, 0, 0, 0 ], 
                  [ 1, -1, -2, -1, 0, -1, 0, 0, 0, 0, 0, 0, 0, 0, 0, 0 ], [ 1, 0, -1, -2, 1, -1, 0, 0, 0, 0, 0, 0, 0, 0, 0, 0 ], 
                  [ -1, 0, 0, 1, -2, 1, 0, 1, 0, 0, 0, 0, 0, 0, 0, 0 ], [ 1, 0, -1, -1, 1, -2, 0, 0, 0, 0, 0, 0, 0, 0, 0, 0 ], 
                  [ -1, 1, 0, 0, 0, 0, -2, 1, 0, 0, 0, 0, 0, 0, 0, 0 ], [ 1, -1, 0, 0, 1, 0, 1, -2, 0, 0, 0, 0, 0, 0, 0, 0 ], 
                  [ 0, 0, 0, 0, 0, 0, 0, 0, -2, 1, 1, 0, 0, 0, 0, -1 ], [ 0, 0, 0, 0, 0, 0, 0, 0, 1, -2, 0, 0, 0, 0, 0, 0 ], 
                  [ 0, 0, 0, 0, 0, 0, 0, 0, 1, 0, -2, 0, 0, 0, 0, 1 ], [ 0, 0, 0, 0, 0, 0, 0, 0, 0, 0, 0, 2, 0, 0, 0, 0 ], [ 0, 0, 0, 0, 0, 0, 0, 0, 0, 0, 0, 0, -2, -1, 1, 0 
                     ], [ 0, 0, 0, 0, 0, 0, 0, 0, 0, 0, 0, 0, -1, -2, 0, 1 ], [ 0, 0, 0, 0, 0, 0, 0, 0, 0, 0, 0, 0, 1, 0, -2, -1 ], 
                  [ 0, 0, 0, 0, 0, 0, 0, 0, -1, 0, 1, 0, 0, 1, -1, 6 ] ] ],
          method := "Nikulin uniqueness",
          spinorPrimes := [  ] ),
      ampleflag := true,
      basisdual := [ [ 1, 3, 0, 0, 2, 8 ], [ 0, 4, 0, 0, 0, 0 ], [ 0, 0, 2, 0, 0, 8 ], [ 0, 0, 0, 1, 4, 13 ], [ 0, 0, 0, 0, 5, 3 ], [ 0, 0, 0, 0, 0, 14 ] ],
      extdeg := 2,
      extgroupgens := [ [ 2, 0, 0, 0 ], [ 0, 2, 0, 0 ], [ 0, 0, 1, 70 ], [ 0, 0, 0, 140 ] ],
      h := [ 2, -1, 1, 2, -2, -3 ],
      rho := 6,
      sprats := rec(
          nopss := [ 2, 5 ],
          scons := [ [ [ 2, -1, 1, -2, 1, 0 ], [ 2, -1, 1, 6, -5, -6 ] ], [ [ 2, -1, 0, 1, -1, -2 ], [ 2, -1, 2, 3, -3, -4 ] ], 
              [ [ 2, -1, -1, 2, -2, -2 ], [ 2, -1, 3, 2, -2, -4 ] ], [ [ 2, -1, 2, 1, -1, -3 ], [ 2, -1, 0, 3, -3, -3 ] ], 
              [ [ 2, -1, 1, 1, -2, -2 ], [ 2, -1, 1, 3, -2, -4 ] ] ],
          slins := [ [ [ 1, -1, 1, 0, 0, -1 ], [ 1, 0, 0, 2, -2, -2 ] ], [ [ 1, -1, 0, 2, -2, -2 ], [ 1, 0, 1, 0, 0, -1 ] ] ] ) ), rec(
      Gram := [ [ -2, 0, 8, 12, 4, 14 ], [ 0, -4, 0, 0, 0, 0 ], [ 8, 0, -36, -56, -14, -70 ], [ 12, 0, -56, -90, -23, -112 ], [ 4, 0, -14, -23, -8, -28 ], 
          [ 14, 0, -70, -112, -28, -140 ] ],
      Trec := rec(
          count := 1,
          grams := [ [ [ 0, 0, 0, 0, 0, 0, 0, 0, 0, 0, 0, 0, 0, 0, 0, 2 ], [ 0, -2, -1, -1, -1, 1, 1, -1, 1, 0, 0, 0, 0, 0, 0, 0 ], 
                  [ 0, -1, -2, 0, 0, 1, 1, -1, 1, 0, 0, 0, 0, 0, 0, 0 ], [ 0, -1, 0, -2, 0, 0, 1, -1, 1, 0, 0, 0, 0, 0, 0, 0 ], 
                  [ 0, -1, 0, 0, -2, 0, 0, 0, 0, 0, 0, 0, 0, 0, 0, 0 ], [ 0, 1, 1, 0, 0, -2, 0, 1, -1, 0, 0, 0, 0, 0, 0, 0 ], 
                  [ 0, 1, 1, 1, 0, 0, -2, 1, -1, 0, 0, 0, 0, 0, 0, 0 ], [ 0, -1, -1, -1, 0, 1, 1, -2, 1, 0, 0, 0, 0, 0, 0, 0 ], 
                  [ 0, 1, 1, 1, 0, -1, -1, 1, -2, 0, 0, 0, 0, 0, 0, 0 ], [ 0, 0, 0, 0, 0, 0, 0, 0, 0, -2, 1, -1, 0, 0, 0, 0 ], 
                  [ 0, 0, 0, 0, 0, 0, 0, 0, 0, 1, -2, 0, 0, 0, 0, 0 ], [ 0, 0, 0, 0, 0, 0, 0, 0, 0, -1, 0, -2, 0, 0, 0, 0 ], 
                  [ 0, 0, 0, 0, 0, 0, 0, 0, 0, 0, 0, 0, -2, 0, 1, 0 ], [ 0, 0, 0, 0, 0, 0, 0, 0, 0, 0, 0, 0, 0, -2, 0, 0 ], 
                  [ 0, 0, 0, 0, 0, 0, 0, 0, 0, 0, 0, 0, 1, 0, 10, 0 ], [ 2, 0, 0, 0, 0, 0, 0, 0, 0, 0, 0, 0, 0, 0, 0, 0 ] ] ],
          method := "Nikulin uniqueness",
          spinorPrimes := [  ] ),
      ampleflag := true,
      basisdual := [ [ 2, 2, 0, 0, 0, 0 ], [ 0, 4, 0, 0, 0, 0 ], [ 0, 0, 2, 0, 0, 8 ], [ 0, 0, 0, 1, 1, 11 ], [ 0, 0, 0, 0, 3, 1 ], [ 0, 0, 0, 0, 0, 14 ] ],
      extdeg := 1,
      extgroupgens := [ [ 2, 0, 0, 0 ], [ 0, 2, 0, 0 ], [ 0, 0, 2, 0 ], [ 0, 0, 0, 84 ] ],
      h := [ 1, 0, 1, 2, 0, -2 ],
      rho := 6,
      sprats := rec(
          nopss := [ 0, 10 ],
          scons := [ [ [ 1, -1, 1, 2, 0, -2 ], [ 1, 1, 1, 2, 0, -2 ] ], [ [ 1, 0, 1, 1, -1, -1 ], [ 1, 0, 1, 3, 1, -3 ] ], [ [ 1, 0, 0, 3, -1, -2 ], [ 1, 0, 2, 1, 1, -2 ] ], 
              [ [ 1, 0, 2, 3, -1, -3 ], [ 1, 0, 0, 1, 1, -1 ] ], [ [ 1, 0, 1, -2, 1, 1 ], [ 1, 0, 1, 6, -1, -5 ] ], [ [ 1, 0, 0, 0, 1, 0 ], [ 1, 0, 2, 4, -1, -4 ] ], 
              [ [ 1, 0, 2, 0, 1, -1 ], [ 1, 0, 0, 4, -1, -3 ] ], [ [ 1, 0, 0, 0, 0, 0 ], [ 1, 0, 2, 4, 0, -4 ] ], [ [ 1, 0, -1, 2, 0, -1 ], [ 1, 0, 3, 2, 0, -3 ] ], 
              [ [ 1, 0, 2, 0, 0, -1 ], [ 1, 0, 0, 4, 0, -3 ] ] ],
          slins := [  ] ) ), rec(
      Gram := [ [ -30, -6, 2, -7, -30, -28 ], [ -6, -4, -1, 0, 0, -14 ], [ 2, -1, -4, 0, 0, 0 ], [ -7, 0, 0, -4, -15, 0 ], [ -30, 0, 0, -15, -60, 0 ], 
          [ -28, -14, 0, 0, 0, -56 ] ],
      Trec := rec(
          count := 1,
          grams := [ [ [ 0, 0, 0, 0, 0, 0, 0, 0, 0, 0, 0, 0, 0, 0, 0, 1 ], [ 0, 0, 0, 0, 0, 0, 0, 0, 0, 0, 0, 0, 0, 0, 1, 0 ], 
                  [ 0, 0, -2, 1, -1, 1, 1, 1, -1, -1, 0, 0, 0, 0, 0, 0 ], [ 0, 0, 1, -2, 0, -1, -1, -1, 1, 0, 0, 0, 0, 0, 0, 0 ], 
                  [ 0, 0, -1, 0, -2, 1, 0, 1, -1, -1, 0, 0, 0, 0, 0, 0 ], [ 0, 0, 1, -1, 1, -2, 0, -1, 1, 0, 0, 0, 0, 0, 0, 0 ], 
                  [ 0, 0, 1, -1, 0, 0, -2, -1, 1, 0, 0, 0, 0, 0, 0, 0 ], [ 0, 0, 1, -1, 1, -1, -1, -2, 1, 0, 0, 0, 0, 0, 0, 0 ], 
                  [ 0, 0, -1, 1, -1, 1, 1, 1, -2, 0, 0, 0, 0, 0, 0, 0 ], [ 0, 0, -1, 0, -1, 0, 0, 0, 0, -2, 0, 0, 0, 0, 0, 0 ], 
                  [ 0, 0, 0, 0, 0, 0, 0, 0, 0, 0, -2, 0, 0, -1, 0, 0 ], [ 0, 0, 0, 0, 0, 0, 0, 0, 0, 0, 0, -8, -2, -1, 0, 0 ], 
                  [ 0, 0, 0, 0, 0, 0, 0, 0, 0, 0, 0, -2, -10, -2, 0, 0 ], [ 0, 0, 0, 0, 0, 0, 0, 0, 0, 0, -1, -1, -2, -12, 0, 0 ], 
                  [ 0, 1, 0, 0, 0, 0, 0, 0, 0, 0, 0, 0, 0, 0, 0, 0 ], [ 1, 0, 0, 0, 0, 0, 0, 0, 0, 0, 0, 0, 0, 0, 0, 0 ] ] ],
          method := "Nikulin uniqueness",
          spinorPrimes := [  ] ),
      ampleflag := true,
      basisdual := [ [ 2, 0, 0, 0, 9, 8 ], [ 0, 1, 1, 0, 0, 4 ], [ 0, 0, 4, 0, 0, 1 ], [ 0, 0, 0, 1, 4, 0 ], [ 0, 0, 0, 0, 15, 0 ], [ 0, 0, 0, 0, 0, 14 ] ],
      extdeg := 1,
      extgroupgens := [ [ 2, 0 ], [ 0, 840 ] ],
      h := [ 1, 2, 0, 2, -1, -1 ],
      rho := 6,
      sprats := rec(
          nopss := [ 0, 5 ],
          scons := [ [ [ 1, 2, 0, 1, -1, -1 ], [ 1, 2, 0, 3, -1, -1 ] ], [ [ 1, 2, 0, 6, -2, -1 ], [ 1, 2, 0, -2, 0, -1 ] ], 
              [ [ 1, 2, -1, 2, -1, -1 ], [ 1, 2, 1, 2, -1, -1 ] ], [ [ 1, 6, -1, 2, -1, -2 ], [ 1, -2, 1, 2, -1, 0 ] ], [ [ 1, 1, 0, 2, -1, -1 ], [ 1, 3, 0, 2, -1, -1 ] ] ],
          slins := [  ] ) ), rec(
      Gram := [ [ -118, -872, 2, -1086, -310, -1164 ], [ -872, -6548, -1, -8148, -2328, -8730 ], [ 2, -1, -4, 0, 0, 0 ], [ -1086, -8148, 0, -10140, -2897, -10864 ], 
          [ -310, -2328, 0, -2897, -828, -3104 ], [ -1164, -8730, 0, -10864, -3104, -11640 ] ],
      Trec := rec(
          count := 1,
          grams := [ [ [ 0, 0, 0, 0, 0, 0, 0, 0, 0, 0, 0, 0, 0, 0, 0, 1 ], [ 0, -2, -1, -1, -1, 1, 1, 1, 1, 0, 0, 0, 0, 0, 0, 0 ], 
                  [ 0, -1, -2, 0, 0, 1, 1, 1, 1, 0, 0, 0, 0, 0, 0, 0 ], [ 0, -1, 0, -2, 0, 0, 1, 1, 1, 0, 0, 0, 0, 0, 0, 0 ], 
                  [ 0, -1, 0, 0, -2, 0, 0, 0, 0, 0, 0, 0, 0, 0, 0, 0 ], [ 0, 1, 1, 0, 0, -2, 0, 0, -1, 0, 0, 0, 0, 0, 0, 0 ], 
                  [ 0, 1, 1, 1, 0, 0, -2, -1, -1, 0, 0, 0, 0, 0, 0, 0 ], [ 0, 1, 1, 1, 0, 0, -1, -2, -1, 0, 0, 0, 0, 0, 0, 0 ], 
                  [ 0, 1, 1, 1, 0, -1, -1, -1, -2, 0, 0, 0, 0, 0, 0, 0 ], [ 0, 0, 0, 0, 0, 0, 0, 0, 0, -2, 1, 1, -1, -1, 1, 0 ], 
                  [ 0, 0, 0, 0, 0, 0, 0, 0, 0, 1, -2, -1, 0, 1, 0, 0 ], [ 0, 0, 0, 0, 0, 0, 0, 0, 0, 1, -1, -2, 0, 0, -1, 0 ], 
                  [ 0, 0, 0, 0, 0, 0, 0, 0, 0, -1, 0, 0, -4, 1, -1, 0 ], [ 0, 0, 0, 0, 0, 0, 0, 0, 0, -1, 1, 0, 1, 8, 1, 0 ], 
                  [ 0, 0, 0, 0, 0, 0, 0, 0, 0, 1, 0, -1, -1, 1, -14, 0 ], [ 1, 0, 0, 0, 0, 0, 0, 0, 0, 0, 0, 0, 0, 0, 0, 0 ] ] ],
          method := "Nikulin uniqueness",
          spinorPrimes := [  ] ),
      ampleflag := true,
      basisdual := [ [ 2, 0, 0, 0, 0, 20 ], [ 0, 1, 1, 0, 0, 146 ], [ 0, 0, 4, 0, 0, 1 ], [ 0, 0, 0, 1, 0, 181 ], [ 0, 0, 0, 0, 1, 52 ], [ 0, 0, 0, 0, 0, 194 ] ],
      extdeg := 1,
      extgroupgens := [ [ 2, 0 ], [ 0, 776 ] ],
      h := [ 1, 2, 0, 2, 2, -4 ],
      rho := 6,
      sprats := rec(
          nopss := [ 0, 5 ],
          scons := [ [ [ 1, 2, 0, -2, 1, 0 ], [ 1, 2, 0, 6, 3, -8 ] ], [ [ 1, 6, -1, 2, 2, -7 ], [ 1, -2, 1, 2, 2, -1 ] ], [ [ 1, 2, -1, 2, 2, -4 ], [ 1, 2, 1, 2, 2, -4 ] ], 
              [ [ 1, 2, 0, 3, 6, -6 ], [ 1, 2, 0, 1, -2, -2 ] ], [ [ 1, 1, 0, 2, 1, -3 ], [ 1, 3, 0, 2, 3, -5 ] ] ],
          slins := [  ] ) ), rec(
      Gram := [ [ -790, -1970, 2, -1226, -350, -2628 ], [ -1970, -4928, -1, -3066, -876, -6570 ], [ 2, -1, -4, 0, 0, 0 ], [ -1226, -3066, 0, -1908, -545, -4088 ], 
          [ -350, -876, 0, -545, -156, -1168 ], [ -2628, -6570, 0, -4088, -1168, -8760 ] ],
      Trec := rec(
          count := 1,
          grams := [ [ [ -2, 1, 1, 1, -1, 1, -1, -1, 0, 0, 0, 0, 0, 0, 0, 0 ], [ 1, -2, -1, -1, 0, -1, 0, 1, 0, 0, 0, 0, 0, 0, 0, 0 ], 
                  [ 1, -1, -2, 0, 0, 0, 1, 1, 0, 0, 0, 0, 0, 0, 0, 0 ], [ 1, -1, 0, -2, 1, -1, 0, 1, 0, 0, 0, 0, 0, 0, 0, 0 ], 
                  [ -1, 0, 0, 1, -2, 1, 0, 0, 0, 0, 0, 0, 0, 0, 0, 0 ], [ 1, -1, 0, -1, 1, -2, 0, 0, 0, 0, 0, 0, 0, 0, 0, 0 ], 
                  [ -1, 0, 1, 0, 0, 0, -2, -1, 0, 0, 0, 0, 0, 0, 0, 0 ], [ -1, 1, 1, 1, 0, 0, -1, -2, 0, 0, 0, 0, 0, 0, 0, 0 ], 
                  [ 0, 0, 0, 0, 0, 0, 0, 0, -2, 1, -1, 1, 0, -1, 1, 0 ], [ 0, 0, 0, 0, 0, 0, 0, 0, 1, -2, 0, -1, 0, 0, 0, 0 ], 
                  [ 0, 0, 0, 0, 0, 0, 0, 0, -1, 0, -2, 0, 0, 0, 0, 0 ], [ 0, 0, 0, 0, 0, 0, 0, 0, 1, -1, 0, -2, 0, 0, 0, -1 ], 
                  [ 0, 0, 0, 0, 0, 0, 0, 0, 0, 0, 0, 0, -2, 1, -1, -1 ], [ 0, 0, 0, 0, 0, 0, 0, 0, -1, 0, 0, 0, 1, 2, 2, 0 ], 
                  [ 0, 0, 0, 0, 0, 0, 0, 0, 1, 0, 0, 0, -1, 2, -6, 0 ], [ 0, 0, 0, 0, 0, 0, 0, 0, 0, 0, 0, -1, -1, 0, 0, 6 ] ] ],
          method := "Nikulin uniqueness",
          spinorPrimes := [  ] ),
      ampleflag := true,
      basisdual := [ [ 2, 0, 0, 0, 0, 44 ], [ 0, 1, 1, 0, 0, 110 ], [ 0, 0, 4, 0, 0, 1 ], [ 0, 0, 0, 1, 0, 68 ], [ 0, 0, 0, 0, 1, 20 ], [ 0, 0, 0, 0, 0, 146 ] ],
      extdeg := 1,
      extgroupgens := [ [ 2, 0 ], [ 0, 584 ] ],
      h := [ 1, 2, 0, 2, 2, -3 ],
      rho := 6,
      sprats := rec(
          nopss := [ 0, 6 ],
          scons := [ [ [ 1, 2, 0, -2, 1, -1 ], [ 1, 2, 0, 6, 3, -5 ] ], [ [ 1, 2, -1, 2, 2, -3 ], [ 1, 2, 1, 2, 2, -3 ] ], [ [ 1, 6, -1, 2, 2, -6 ], [ 1, -2, 1, 2, 2, 0 ] ], 
              [ [ 1, 1, 0, 2, 0, -2 ], [ 1, 3, 0, 2, 4, -4 ] ], [ [ 1, 2, 0, 1, -2, -2 ], [ 1, 2, 0, 3, 6, -4 ] ], [ [ 1, 1, 0, 3, 4, -3 ], [ 1, 3, 0, 1, 0, -3 ] ] ],
          slins := [  ] ) ), rec(
      Gram := [ [ -1006, -278, 2, -892, -222, -1116 ], [ -278, -78, -1, -248, -62, -310 ], [ 2, -1, -4, 0, 0, 0 ], [ -892, -248, 0, -794, -199, -992 ], 
          [ -222, -62, 0, -199, -52, -248 ], [ -1116, -310, 0, -992, -248, -1240 ] ],
      Trec := rec(
          count := 1,
          grams := [ [ [ 0, 0, 0, 0, 0, 0, 0, 0, 0, 0, 0, 0, 0, 0, 0, 1 ], [ 0, -2, -1, -1, -1, 1, -1, -1, 1, 0, 0, 0, 0, 0, 0, 0 ], 
                  [ 0, -1, -2, 0, 0, 1, -1, -1, 1, 0, 0, 0, 0, 0, 0, 0 ], [ 0, -1, 0, -2, 0, 0, -1, -1, 1, 0, 0, 0, 0, 0, 0, 0 ], 
                  [ 0, -1, 0, 0, -2, 0, 0, 0, 0, 0, 0, 0, 0, 0, 0, 0 ], [ 0, 1, 1, 0, 0, -2, 1, 1, -1, 0, 0, 0, 0, 0, 0, 0 ], 
                  [ 0, -1, -1, -1, 0, 1, -2, -1, 1, 0, 0, 0, 0, 0, 0, 0 ], [ 0, -1, -1, -1, 0, 1, -1, -2, 1, 0, 0, 0, 0, 0, 0, 0 ], 
                  [ 0, 1, 1, 1, 0, -1, 1, 1, -2, 0, 0, 0, 0, 0, 0, 0 ], [ 0, 0, 0, 0, 0, 0, 0, 0, 0, -2, -1, 0, -1, 1, 1, 0 ], 
                  [ 0, 0, 0, 0, 0, 0, 0, 0, 0, -1, -2, 0, 0, 0, 0, 0 ], [ 0, 0, 0, 0, 0, 0, 0, 0, 0, 0, 0, -2, 0, 0, 0, 0 ], 
                  [ 0, 0, 0, 0, 0, 0, 0, 0, 0, -1, 0, 0, -4, 2, -1, 0 ], [ 0, 0, 0, 0, 0, 0, 0, 0, 0, 1, 0, 0, 2, -6, 0, 0 ], 
                  [ 0, 0, 0, 0, 0, 0, 0, 0, 0, 1, 0, 0, -1, 0, 14, 0 ], [ 1, 0, 0, 0, 0, 0, 0, 0, 0, 0, 0, 0, 0, 0, 0, 0 ] ] ],
          method := "Nikulin uniqueness",
          spinorPrimes := [  ] ),
      ampleflag := true,
      basisdual := [ [ 2, 0, 0, 0, 0, 56 ], [ 0, 1, 1, 0, 0, 16 ], [ 0, 0, 4, 0, 0, 1 ], [ 0, 0, 0, 1, 1, 50 ], [ 0, 0, 0, 0, 3, 13 ], [ 0, 0, 0, 0, 0, 62 ] ],
      extdeg := 1,
      extgroupgens := [ [ 2, 0 ], [ 0, 744 ] ],
      h := [ 1, 2, 0, 2, 0, -3 ],
      rho := 6,
      sprats := rec(
          nopss := [ 0, 5 ],
          scons := [ [ [ 1, 2, -1, 2, 0, -3 ], [ 1, 2, 1, 2, 0, -3 ] ], [ [ 1, -2, 1, 2, 0, -2 ], [ 1, 6, -1, 2, 0, -4 ] ], [ [ 1, 2, 0, 6, -1, -6 ], [ 1, 2, 0, -2, 1, 0 ] ],
              [ [ 1, 2, 0, 1, -1, -2 ], [ 1, 2, 0, 3, 1, -4 ] ], [ [ 1, 1, 0, 1, 0, -2 ], [ 1, 3, 0, 3, 0, -4 ] ] ],
          slins := [  ] ) ), rec(
      Gram := [ [ -286, -254, 2, -342, -230, -340 ], [ -254, -230, -1, -306, -204, -306 ], [ 2, -1, -4, 0, 0, 0 ], [ -342, -306, 0, -412, -277, -408 ], 
          [ -230, -204, 0, -277, -188, -272 ], [ -340, -306, 0, -408, -272, -408 ] ],
      Trec := rec(
          count := 1,
          grams := [ [ [ 0, 0, 0, 0, 0, 0, 0, 0, 0, 0, 0, 0, 0, 0, 0, 1 ], [ 0, -2, -1, -1, 1, 1, -1, -1, 1, 0, 0, 0, 0, 0, 0, 0 ], 
                  [ 0, -1, -2, 0, 1, 1, 0, -1, 1, 0, 0, 0, 0, 0, 0, 0 ], [ 0, -1, 0, -2, 1, 0, -1, 0, 1, 0, 0, 0, 0, 0, 0, 0 ], 
                  [ 0, 1, 1, 1, -2, -1, 1, 0, -1, 0, 0, 0, 0, 0, 0, 0 ], [ 0, 1, 1, 0, -1, -2, 1, 0, -1, 0, 0, 0, 0, 0, 0, 0 ], 
                  [ 0, -1, 0, -1, 1, 1, -2, 0, 1, 0, 0, 0, 0, 0, 0, 0 ], [ 0, -1, -1, 0, 0, 0, 0, -2, 0, 0, 0, 0, 0, 0, 0, 0 ], 
                  [ 0, 1, 1, 1, -1, -1, 1, 0, -2, 0, 0, 0, 0, 0, 0, 0 ], [ 0, 0, 0, 0, 0, 0, 0, 0, 0, -2, 1, 0, -1, 0, 1, 0 ], 
                  [ 0, 0, 0, 0, 0, 0, 0, 0, 0, 1, -2, 0, 0, 0, -1, 0 ], [ 0, 0, 0, 0, 0, 0, 0, 0, 0, 0, 0, -2, 0, -1, 1, 0 ], 
                  [ 0, 0, 0, 0, 0, 0, 0, 0, 0, -1, 0, 0, -4, -1, 0, 0 ], [ 0, 0, 0, 0, 0, 0, 0, 0, 0, 0, 0, -1, -1, -4, 0, 0 ], 
                  [ 0, 0, 0, 0, 0, 0, 0, 0, 0, 1, -1, 1, 0, 0, 20, 0 ], [ 1, 0, 0, 0, 0, 0, 0, 0, 0, 0, 0, 0, 0, 0, 0, 0 ] ] ],
          method := "Nikulin uniqueness",
          spinorPrimes := [  ] ),
      ampleflag := true,
      basisdual := [ [ 2, 0, 0, 0, 4, 28 ], [ 0, 1, 1, 0, 0, 26 ], [ 0, 0, 4, 0, 0, 1 ], [ 0, 0, 0, 1, 4, 33 ], [ 0, 0, 0, 0, 5, 21 ], [ 0, 0, 0, 0, 0, 34 ] ],
      extdeg := 1,
      extgroupgens := [ [ 2, 0 ], [ 0, 680 ] ],
      h := [ 1, 2, 0, 2, -2, -3 ],
      rho := 6,
      sprats := rec(
          nopss := [ 0, 5 ],
          scons := [ [ [ 1, 2, -1, 2, -2, -3 ], [ 1, 2, 1, 2, -2, -3 ] ], [ [ 1, 6, -1, 2, -2, -6 ], [ 1, -2, 1, 2, -2, 0 ] ], 
              [ [ 1, 2, 0, 6, -5, -5 ], [ 1, 2, 0, -2, 1, -1 ] ], [ [ 1, 2, 0, 1, -2, -2 ], [ 1, 2, 0, 3, -2, -4 ] ], [ [ 1, 1, 0, 1, -1, -2 ], [ 1, 3, 0, 3, -3, -4 ] ] ],
          slins := [  ] ) ), rec(
      Gram := [ [ -374, -132, 2, -212, -318, -532 ], [ -132, -48, -1, -76, -114, -190 ], [ 2, -1, -4, 0, 0, 0 ], [ -212, -76, 0, -122, -183, -304 ], 
          [ -318, -114, 0, -183, -276, -456 ], [ -532, -190, 0, -304, -456, -760 ] ],
      Trec := rec(
          count := 1,
          grams := [ [ [ 0, 0, 0, 0, 0, 0, 0, 0, 0, 0, 0, 0, 0, 0, 0, 1 ], [ 0, -2, -1, -1, -1, 1, 1, -1, 1, 0, 0, 0, 0, 0, 0, 0 ], 
                  [ 0, -1, -2, 0, 0, 1, 1, -1, 1, 0, 0, 0, 0, 0, 0, 0 ], [ 0, -1, 0, -2, 0, 0, 1, -1, 1, 0, 0, 0, 0, 0, 0, 0 ], 
                  [ 0, -1, 0, 0, -2, 0, 0, 0, 0, 0, 0, 0, 0, 0, 0, 0 ], [ 0, 1, 1, 0, 0, -2, 0, 1, -1, 0, 0, 0, 0, 0, 0, 0 ], 
                  [ 0, 1, 1, 1, 0, 0, -2, 1, -1, 0, 0, 0, 0, 0, 0, 0 ], [ 0, -1, -1, -1, 0, 1, 1, -2, 1, 0, 0, 0, 0, 0, 0, 0 ], 
                  [ 0, 1, 1, 1, 0, -1, -1, 1, -2, 0, 0, 0, 0, 0, 0, 0 ], [ 0, 0, 0, 0, 0, 0, 0, 0, 0, -2, 0, 1, 0, 0, 0, 0 ], 
                  [ 0, 0, 0, 0, 0, 0, 0, 0, 0, 0, 2, 0, 0, -1, -1, 0 ], [ 0, 0, 0, 0, 0, 0, 0, 0, 0, 1, 0, -4, 0, 1, 0, 0 ], 
                  [ 0, 0, 0, 0, 0, 0, 0, 0, 0, 0, 0, 0, -4, -1, 1, 0 ], [ 0, 0, 0, 0, 0, 0, 0, 0, 0, 0, -1, 1, -1, -4, 0, 0 ], 
                  [ 0, 0, 0, 0, 0, 0, 0, 0, 0, 0, -1, 0, 1, 0, -4, 0 ], [ 1, 0, 0, 0, 0, 0, 0, 0, 0, 0, 0, 0, 0, 0, 0, 0 ] ] ],
          method := "Nikulin uniqueness",
          spinorPrimes := [  ] ),
      ampleflag := true,
      basisdual := [ [ 2, 0, 0, 0, 0, 28 ], [ 0, 1, 1, 0, 0, 10 ], [ 0, 0, 4, 0, 0, 1 ], [ 0, 0, 0, 1, 1, 15 ], [ 0, 0, 0, 0, 3, 21 ], [ 0, 0, 0, 0, 0, 38 ] ],
      extdeg := 1,
      extgroupgens := [ [ 2, 0 ], [ 0, 456 ] ],
      h := [ 1, 2, 0, 2, 0, -2 ],
      rho := 6,
      sprats := rec(
          nopss := [ 0, 7 ],
          scons := [ [ [ 1, 2, -1, 2, 0, -2 ], [ 1, 2, 1, 2, 0, -2 ] ], [ [ 1, -2, 1, 2, 0, -1 ], [ 1, 6, -1, 2, 0, -3 ] ], [ [ 1, 2, 0, 6, -1, -3 ], [ 1, 2, 0, -2, 1, -1 ] ]
                , [ [ 1, 1, 0, 4, -1, -2 ], [ 1, 3, 0, 0, 1, -2 ] ], [ [ 1, 2, 0, 3, 1, -3 ], [ 1, 2, 0, 1, -1, -1 ] ], [ [ 1, 1, 0, 1, 1, -2 ], [ 1, 3, 0, 3, -1, -2 ] ], 
              [ [ 1, 3, 0, 4, 0, -3 ], [ 1, 1, 0, 0, 0, -1 ] ] ],
          slins := [  ] ) ), rec(
      Gram := [ [ -26, -5, 0, -7, -30, -22 ], [ -5, -4, -2, 0, 0, -11 ], [ 0, -2, -4, 0, 0, 0 ], [ -7, 0, 0, -4, -15, 0 ], [ -30, 0, 0, -15, -60, 0 ], 
          [ -22, -11, 0, 0, 0, -44 ] ],
      Trec := rec(
          count := 1,
          grams := [ [ [ 0, 0, 0, 0, 0, 0, 0, 0, 0, 0, 0, 0, 0, 0, 0, 1 ], [ 0, -2, -1, -1, -1, 1, -1, -1, 1, 0, 0, 0, 0, 0, 0, 0 ], 
                  [ 0, -1, -2, 0, 0, 1, -1, -1, 1, 0, 0, 0, 0, 0, 0, 0 ], [ 0, -1, 0, -2, 0, 0, -1, -1, 1, 0, 0, 0, 0, 0, 0, 0 ], 
                  [ 0, -1, 0, 0, -2, 0, 0, 0, 0, 0, 0, 0, 0, 0, 0, 0 ], [ 0, 1, 1, 0, 0, -2, 1, 1, -1, 0, 0, 0, 0, 0, 0, 0 ], 
                  [ 0, -1, -1, -1, 0, 1, -2, -1, 1, 0, 0, 0, 0, 0, 0, 0 ], [ 0, -1, -1, -1, 0, 1, -1, -2, 1, 0, 0, 0, 0, 0, 0, 0 ], 
                  [ 0, 1, 1, 1, 0, -1, 1, 1, -2, 0, 0, 0, 0, 0, 0, 0 ], [ 0, 0, 0, 0, 0, 0, 0, 0, 0, -2, 0, -1, -1, 0, 0, 0 ], 
                  [ 0, 0, 0, 0, 0, 0, 0, 0, 0, 0, -2, 0, 0, 0, 0, 0 ], [ 0, 0, 0, 0, 0, 0, 0, 0, 0, -1, 0, -4, 1, 0, 0, 0 ], 
                  [ 0, 0, 0, 0, 0, 0, 0, 0, 0, -1, 0, 1, -4, 0, 0, 0 ], [ 0, 0, 0, 0, 0, 0, 0, 0, 0, 0, 0, 0, 0, -4, 1, 0 ], 
                  [ 0, 0, 0, 0, 0, 0, 0, 0, 0, 0, 0, 0, 0, 1, 8, 0 ], [ 1, 0, 0, 0, 0, 0, 0, 0, 0, 0, 0, 0, 0, 0, 0, 0 ] ] ],
          method := "Nikulin uniqueness",
          spinorPrimes := [  ] ),
      ampleflag := true,
      basisdual := [ [ 2, 0, 2, 0, 9, 7 ], [ 0, 1, 2, 0, 0, 4 ], [ 0, 0, 4, 0, 0, 2 ], [ 0, 0, 0, 1, 4, 0 ], [ 0, 0, 0, 0, 15, 0 ], [ 0, 0, 0, 0, 0, 11 ] ],
      extdeg := 1,
      extgroupgens := [ [ 2, 0 ], [ 0, 660 ] ],
      h := [ 1, 2, -1, 2, -1, -1 ],
      rho := 6,
      sprats := rec(
          nopss := [ 0, 6 ],
          scons := [ [ [ 1, 2, -1, 1, -1, -1 ], [ 1, 2, -1, 3, -1, -1 ] ], [ [ 1, 2, -1, 6, -2, -1 ], [ 1, 2, -1, -2, 0, -1 ] ], 
              [ [ 1, 6, -3, 2, -1, -2 ], [ 1, -2, 1, 2, -1, 0 ] ], [ [ 1, 2, -2, 2, -1, -1 ], [ 1, 2, 0, 2, -1, -1 ] ], 
              [ [ 1, 1, -1, 2, -1, -1 ], [ 1, 3, -1, 2, -1, -1 ] ], [ [ 1, 3, -2, 2, -1, -1 ], [ 1, 1, 0, 2, -1, -1 ] ] ],
          slins := [  ] ) ), rec(
      Gram := [ [ -90, -670, 0, -834, -238, -894 ], [ -670, -5030, -2, -6258, -1788, -6705 ], [ 0, -2, -4, 0, 0, 0 ], [ -834, -6258, 0, -7788, -2225, -8344 ], 
          [ -238, -1788, 0, -2225, -636, -2384 ], [ -894, -6705, 0, -8344, -2384, -8940 ] ],
      Trec := rec(
          count := 1,
          grams := [ [ [ 0, 0, 0, 0, 0, 0, 0, 0, 0, 0, 0, 0, 0, 0, 0, 1 ], [ 0, -2, -1, -1, 1, 1, 1, 1, 1, 0, 0, 0, 0, 0, 0, 0 ], 
                  [ 0, -1, -2, 0, 1, 1, 1, 0, 1, 0, 0, 0, 0, 0, 0, 0 ], [ 0, -1, 0, -2, 1, 0, 1, 0, 1, 0, 0, 0, 0, 0, 0, 0 ], 
                  [ 0, 1, 1, 1, -2, -1, -1, 0, -1, 0, 0, 0, 0, 0, 0, 0 ], [ 0, 1, 1, 0, -1, -2, 0, 0, -1, 0, 0, 0, 0, 0, 0, 0 ], 
                  [ 0, 1, 1, 1, -1, 0, -2, 0, -1, 0, 0, 0, 0, 0, 0, 0 ], [ 0, 1, 0, 0, 0, 0, 0, -2, 0, 0, 0, 0, 0, 0, 0, 0 ], 
                  [ 0, 1, 1, 1, -1, -1, -1, 0, -2, 0, 0, 0, 0, 0, 0, 0 ], [ 0, 0, 0, 0, 0, 0, 0, 0, 0, -2, 1, -1, 0, 0, 0, 0 ], 
                  [ 0, 0, 0, 0, 0, 0, 0, 0, 0, 1, -2, 0, 0, 0, 0, 0 ], [ 0, 0, 0, 0, 0, 0, 0, 0, 0, -1, 0, -2, 0, 0, 0, 0 ], 
                  [ 0, 0, 0, 0, 0, 0, 0, 0, 0, 0, 0, 0, -2, 0, 1, 0 ], [ 0, 0, 0, 0, 0, 0, 0, 0, 0, 0, 0, 0, 0, -2, 0, 0 ], 
                  [ 0, 0, 0, 0, 0, 0, 0, 0, 0, 0, 0, 0, 1, 0, 74, 0 ], [ 1, 0, 0, 0, 0, 0, 0, 0, 0, 0, 0, 0, 0, 0, 0, 0 ] ] ],
          method := "Nikulin uniqueness",
          spinorPrimes := [  ] ),
      ampleflag := true,
      basisdual := [ [ 2, 0, 2, 0, 0, 16 ], [ 0, 1, 2, 0, 0, 113 ], [ 0, 0, 4, 0, 0, 2 ], [ 0, 0, 0, 1, 0, 139 ], [ 0, 0, 0, 0, 1, 40 ], [ 0, 0, 0, 0, 0, 149 ] ],
      extdeg := 1,
      extgroupgens := [ [ 2, 0 ], [ 0, 596 ] ],
      h := [ 1, 2, -1, 2, 2, -4 ],
      rho := 6,
      sprats := rec(
          nopss := [ 0, 6 ],
          scons := [ [ [ 1, 2, -1, -2, 1, 0 ], [ 1, 2, -1, 6, 3, -8 ] ], [ [ 1, -2, 1, 2, 2, -1 ], [ 1, 6, -3, 2, 2, -7 ] ], 
              [ [ 1, 2, -1, 1, -2, -2 ], [ 1, 2, -1, 3, 6, -6 ] ], [ [ 1, 2, -2, 2, 2, -4 ], [ 1, 2, 0, 2, 2, -4 ] ], 
              [ [ 1, 1, -1, 2, 1, -3 ], [ 1, 3, -1, 2, 3, -5 ] ], [ [ 1, 3, -2, 2, 3, -5 ], [ 1, 1, 0, 2, 1, -3 ] ] ],
          slins := [  ] ) ), rec(
      Gram := [ [ -546, -1363, 0, -848, -242, -1818 ], [ -1363, -3410, -2, -2121, -606, -4545 ], [ 0, -2, -4, 0, 0, 0 ], [ -848, -2121, 0, -1320, -377, -2828 ], 
          [ -242, -606, 0, -377, -108, -808 ], [ -1818, -4545, 0, -2828, -808, -6060 ] ],
      Trec := rec(
          count := 1,
          grams := [ [ [ 0, 0, 0, 0, 0, 0, 0, 0, 0, 0, 0, 0, 0, 0, 0, 1 ], [ 0, -2, -1, -1, -1, 1, -1, -1, 1, 0, 0, 0, 0, 0, 0, 0 ], 
                  [ 0, -1, -2, 0, 0, 1, -1, -1, 1, 0, 0, 0, 0, 0, 0, 0 ], [ 0, -1, 0, -2, 0, 0, -1, -1, 1, 0, 0, 0, 0, 0, 0, 0 ], 
                  [ 0, -1, 0, 0, -2, 0, 0, 0, 0, 0, 0, 0, 0, 0, 0, 0 ], [ 0, 1, 1, 0, 0, -2, 1, 1, -1, 0, 0, 0, 0, 0, 0, 0 ], 
                  [ 0, -1, -1, -1, 0, 1, -2, -1, 1, 0, 0, 0, 0, 0, 0, 0 ], [ 0, -1, -1, -1, 0, 1, -1, -2, 1, 0, 0, 0, 0, 0, 0, 0 ], 
                  [ 0, 1, 1, 1, 0, -1, 1, 1, -2, 0, 0, 0, 0, 0, 0, 0 ], [ 0, 0, 0, 0, 0, 0, 0, 0, 0, -2, 1, -1, 0, 0, 0, 0 ], 
                  [ 0, 0, 0, 0, 0, 0, 0, 0, 0, 1, -2, 0, 0, 0, 0, 0 ], [ 0, 0, 0, 0, 0, 0, 0, 0, 0, -1, 0, -2, 0, 0, 0, 0 ], 
                  [ 0, 0, 0, 0, 0, 0, 0, 0, 0, 0, 0, 0, -2, 0, 1, 0 ], [ 0, 0, 0, 0, 0, 0, 0, 0, 0, 0, 0, 0, 0, -2, 0, 0 ], 
                  [ 0, 0, 0, 0, 0, 0, 0, 0, 0, 0, 0, 0, 1, 0, 50, 0 ], [ 1, 0, 0, 0, 0, 0, 0, 0, 0, 0, 0, 0, 0, 0, 0, 0 ] ] ],
          method := "Nikulin uniqueness",
          spinorPrimes := [  ] ),
      ampleflag := true,
      basisdual := [ [ 2, 0, 2, 0, 0, 31 ], [ 0, 1, 2, 0, 0, 77 ], [ 0, 0, 4, 0, 0, 2 ], [ 0, 0, 0, 1, 0, 47 ], [ 0, 0, 0, 0, 1, 14 ], [ 0, 0, 0, 0, 0, 101 ] ],
      extdeg := 1,
      extgroupgens := [ [ 2, 0 ], [ 0, 404 ] ],
      h := [ 1, 2, -1, 2, 2, -3 ],
      rho := 6,
      sprats := rec(
          nopss := [ 0, 8 ],
          scons := [ [ [ 1, 2, -1, -2, 1, -1 ], [ 1, 2, -1, 6, 3, -5 ] ], [ [ 1, -2, 1, 2, 2, 0 ], [ 1, 6, -3, 2, 2, -6 ] ], [ [ 1, 1, -1, 3, 4, -3 ], [ 1, 3, -1, 1, 0, -3 ] 
                 ], [ [ 1, 2, -2, 2, 2, -3 ], [ 1, 2, 0, 2, 2, -3 ] ], [ [ 1, 1, -1, 2, 0, -2 ], [ 1, 3, -1, 2, 4, -4 ] ], [ [ 1, 2, -1, 3, 6, -4 ], [ 1, 2, -1, 1, -2, -2 ] ]
                , [ [ 1, 1, 0, 3, 4, -3 ], [ 1, 3, -2, 1, 0, -3 ] ], [ [ 1, 3, -2, 2, 4, -4 ], [ 1, 1, 0, 2, 0, -2 ] ] ],
          slins := [  ] ) ), rec(
      Gram := [ [ -762, -211, 0, -676, -168, -846 ], [ -211, -60, -2, -188, -47, -235 ], [ 0, -2, -4, 0, 0, 0 ], [ -676, -188, 0, -602, -151, -752 ], 
          [ -168, -47, 0, -151, -40, -188 ], [ -846, -235, 0, -752, -188, -940 ] ],
      Trec := rec(
          count := 1,
          grams := [ [ [ -2, 1, 1, 1, -1, 1, -1, -1, 0, 0, 0, 0, 0, 0, 0, 0 ], [ 1, -2, -1, -1, 0, -1, 0, 1, 0, 0, 0, 0, 0, 0, 0, 0 ], 
                  [ 1, -1, -2, 0, 0, 0, 1, 1, 0, 0, 0, 0, 0, 0, 0, 0 ], [ 1, -1, 0, -2, 1, -1, 0, 1, 0, 0, 0, 0, 0, 0, 0, 0 ], 
                  [ -1, 0, 0, 1, -2, 1, 0, 0, 0, 0, 0, 0, 0, 0, 0, 0 ], [ 1, -1, 0, -1, 1, -2, 0, 0, 0, 0, 0, 0, 0, 0, 0, 0 ], 
                  [ -1, 0, 1, 0, 0, 0, -2, -1, 0, 0, 0, 0, 0, 0, 0, 0 ], [ -1, 1, 1, 1, 0, 0, -1, -2, 0, 0, 0, 0, 0, 0, 0, 0 ], 
                  [ 0, 0, 0, 0, 0, 0, 0, 0, -2, -1, 0, 0, 0, 1, 1, 0 ], [ 0, 0, 0, 0, 0, 0, 0, 0, -1, -2, 0, 0, 0, 1, 1, 0 ], 
                  [ 0, 0, 0, 0, 0, 0, 0, 0, 0, 0, -2, -1, -1, 0, 0, -1 ], [ 0, 0, 0, 0, 0, 0, 0, 0, 0, 0, -1, -2, 0, 0, 0, -2 ], 
                  [ 0, 0, 0, 0, 0, 0, 0, 0, 0, 0, -1, 0, -2, 0, 0, 0 ], [ 0, 0, 0, 0, 0, 0, 0, 0, 1, 1, 0, 0, 0, -2, -1, 0 ], 
                  [ 0, 0, 0, 0, 0, 0, 0, 0, 1, 1, 0, 0, 0, -1, 2, -1 ], [ 0, 0, 0, 0, 0, 0, 0, 0, 0, 0, -1, -2, 0, 0, -1, 24 ] ] ],
          method := "Nikulin uniqueness",
          spinorPrimes := [  ] ),
      ampleflag := true,
      basisdual := [ [ 2, 0, 2, 0, 0, 43 ], [ 0, 1, 2, 0, 0, 13 ], [ 0, 0, 4, 0, 0, 2 ], [ 0, 0, 0, 1, 1, 38 ], [ 0, 0, 0, 0, 3, 10 ], [ 0, 0, 0, 0, 0, 47 ] ],
      extdeg := 1,
      extgroupgens := [ [ 2, 0 ], [ 0, 564 ] ],
      h := [ 1, 2, -1, 2, 0, -3 ],
      rho := 6,
      sprats := rec(
          nopss := [ 0, 6 ],
          scons := [ [ [ 1, -2, 1, 2, 0, -2 ], [ 1, 6, -3, 2, 0, -4 ] ], [ [ 1, 2, -1, 6, -1, -6 ], [ 1, 2, -1, -2, 1, 0 ] ], 
              [ [ 1, 2, -1, 1, -1, -2 ], [ 1, 2, -1, 3, 1, -4 ] ], [ [ 1, 2, -2, 2, 0, -3 ], [ 1, 2, 0, 2, 0, -3 ] ], 
              [ [ 1, 1, -1, 1, 0, -2 ], [ 1, 3, -1, 3, 0, -4 ] ], [ [ 1, 3, -2, 3, 0, -4 ], [ 1, 1, 0, 1, 0, -2 ] ] ],
          slins := [  ] ) ), rec(
      Gram := [ [ -210, -187, 0, -252, -170, -250 ], [ -187, -170, -2, -225, -150, -225 ], [ 0, -2, -4, 0, 0, 0 ], [ -252, -225, 0, -304, -205, -300 ], 
          [ -170, -150, 0, -205, -140, -200 ], [ -250, -225, 0, -300, -200, -300 ] ],
      Trec := rec(
          count := 1,
          grams := [ [ [ 0, 0, 0, 0, 0, 0, 0, 0, 0, 0, 0, 0, 0, 0, 0, 1 ], [ 0, -2, -1, -1, -1, 1, 1, -1, 1, 0, 0, 0, 0, 0, 0, 0 ], 
                  [ 0, -1, -2, 0, -1, 1, 1, -1, 1, 0, 0, 0, 0, 0, 0, 0 ], [ 0, -1, 0, -2, -1, 0, 1, -1, 1, 0, 0, 0, 0, 0, 0, 0 ], 
                  [ 0, -1, -1, -1, -2, 1, 1, -1, 1, 0, 0, 0, 0, 0, 0, 0 ], [ 0, 1, 1, 0, 1, -2, -1, 0, -1, 0, 0, 0, 0, 0, 0, 0 ], 
                  [ 0, 1, 1, 1, 1, -1, -2, 1, -1, 0, 0, 0, 0, 0, 0, 0 ], [ 0, -1, -1, -1, -1, 0, 1, -2, 1, 0, 0, 0, 0, 0, 0, 0 ], 
                  [ 0, 1, 1, 1, 1, -1, -1, 1, -2, 0, 0, 0, 0, 0, 0, 0 ], [ 0, 0, 0, 0, 0, 0, 0, 0, 0, 2, -1, 0, 0, 0, 0, 0 ], 
                  [ 0, 0, 0, 0, 0, 0, 0, 0, 0, -1, -2, -1, 0, 0, 1, 0 ], [ 0, 0, 0, 0, 0, 0, 0, 0, 0, 0, -1, -4, 1, -1, 0, 0 ], 
                  [ 0, 0, 0, 0, 0, 0, 0, 0, 0, 0, 0, 1, -4, -1, -1, 0 ], [ 0, 0, 0, 0, 0, 0, 0, 0, 0, 0, 0, -1, -1, -4, 1, 0 ], 
                  [ 0, 0, 0, 0, 0, 0, 0, 0, 0, 0, 1, 0, -1, 1, -6, 0 ], [ 1, 0, 0, 0, 0, 0, 0, 0, 0, 0, 0, 0, 0, 0, 0, 0 ] ] ],
          method := "Nikulin uniqueness",
          spinorPrimes := [  ] ),
      ampleflag := true,
      basisdual := [ [ 2, 0, 2, 0, 4, 21 ], [ 0, 1, 2, 0, 0, 20 ], [ 0, 0, 4, 0, 0, 2 ], [ 0, 0, 0, 1, 4, 24 ], [ 0, 0, 0, 0, 5, 15 ], [ 0, 0, 0, 0, 0, 25 ] ],
      extdeg := 1,
      extgroupgens := [ [ 10, 0 ], [ 0, 100 ] ],
      h := [ 1, 2, -1, 2, -2, -3 ],
      rho := 6,
      sprats := rec(
          nopss := [ 0, 6 ],
          scons := [ [ [ 1, -2, 1, 2, -2, 0 ], [ 1, 6, -3, 2, -2, -6 ] ], [ [ 1, 2, -1, 6, -5, -5 ], [ 1, 2, -1, -2, 1, -1 ] ], 
              [ [ 1, 2, -2, 2, -2, -3 ], [ 1, 2, 0, 2, -2, -3 ] ], [ [ 1, 1, -1, 1, -1, -2 ], [ 1, 3, -1, 3, -3, -4 ] ], 
              [ [ 1, 3, -2, 3, -3, -4 ], [ 1, 1, 0, 1, -1, -2 ] ], [ [ 1, 2, -1, 1, -2, -2 ], [ 1, 2, -1, 3, -2, -4 ] ] ],
          slins := [  ] ) ), rec(
      Gram := [ [ -226, -80, 0, -128, -192, -322 ], [ -80, -30, -2, -46, -69, -115 ], [ 0, -2, -4, 0, 0, 0 ], [ -128, -46, 0, -74, -111, -184 ], 
          [ -192, -69, 0, -111, -168, -276 ], [ -322, -115, 0, -184, -276, -460 ] ],
      Trec := rec(
          count := 1,
          grams := [ [ [ 0, 0, 0, 0, 0, 0, 0, 0, 0, 0, 0, 0, 0, 0, 0, 1 ], [ 0, -2, -1, -1, -1, 1, 1, 1, 1, 0, 0, 0, 0, 0, 0, 0 ], 
                  [ 0, -1, -2, 0, 0, 1, 1, 0, 1, 0, 0, 0, 0, 0, 0, 0 ], [ 0, -1, 0, -2, 0, 0, 1, 1, 1, 0, 0, 0, 0, 0, 0, 0 ], 
                  [ 0, -1, 0, 0, -2, 0, 0, 0, 0, 0, 0, 0, 0, 0, 0, 0 ], [ 0, 1, 1, 0, 0, -2, 0, -1, -1, 0, 0, 0, 0, 0, 0, 0 ], 
                  [ 0, 1, 1, 1, 0, 0, -2, 0, -1, 0, 0, 0, 0, 0, 0, 0 ], [ 0, 1, 0, 1, 0, -1, 0, -2, -1, 0, 0, 0, 0, 0, 0, 0 ], 
                  [ 0, 1, 1, 1, 0, -1, -1, -1, -2, 0, 0, 0, 0, 0, 0, 0 ], [ 0, 0, 0, 0, 0, 0, 0, 0, 0, -2, 0, 0, -1, -1, 0, 0 ], 
                  [ 0, 0, 0, 0, 0, 0, 0, 0, 0, 0, -2, 0, 0, 0, 0, 0 ], [ 0, 0, 0, 0, 0, 0, 0, 0, 0, 0, 0, 2, 1, -1, 1, 0 ], 
                  [ 0, 0, 0, 0, 0, 0, 0, 0, 0, -1, 0, 1, -4, 1, -1, 0 ], [ 0, 0, 0, 0, 0, 0, 0, 0, 0, -1, 0, -1, 1, -4, 1, 0 ], 
                  [ 0, 0, 0, 0, 0, 0, 0, 0, 0, 0, 0, 1, -1, 1, -6, 0 ], [ 1, 0, 0, 0, 0, 0, 0, 0, 0, 0, 0, 0, 0, 0, 0, 0 ] ] ],
          method := "Nikulin uniqueness",
          spinorPrimes := [  ] ),
      ampleflag := true,
      basisdual := [ [ 2, 0, 2, 0, 0, 18 ], [ 0, 1, 2, 0, 0, 7 ], [ 0, 0, 4, 0, 0, 2 ], [ 0, 0, 0, 1, 1, 9 ], [ 0, 0, 0, 0, 3, 12 ], [ 0, 0, 0, 0, 0, 23 ] ],
      extdeg := 1,
      extgroupgens := [ [ 2, 0 ], [ 0, 276 ] ],
      h := [ 1, 2, -1, 2, 0, -2 ],
      rho := 6,
      sprats := rec(
          nopss := [ 0, 10 ],
          scons := [ [ [ 1, 6, -3, 2, 0, -3 ], [ 1, -2, 1, 2, 0, -1 ] ], [ [ 1, 2, -1, 6, -1, -3 ], [ 1, 2, -1, -2, 1, -1 ] ], 
              [ [ 1, 1, -1, 4, -1, -2 ], [ 1, 3, -1, 0, 1, -2 ] ], [ [ 1, 1, 0, 4, -1, -2 ], [ 1, 3, -2, 0, 1, -2 ] ], 
              [ [ 1, 3, -2, 3, -1, -2 ], [ 1, 1, 0, 1, 1, -2 ] ], [ [ 1, 3, -1, 3, -1, -2 ], [ 1, 1, -1, 1, 1, -2 ] ], [ [ 1, 2, -1, 1, -1, -1 ], [ 1, 2, -1, 3, 1, -3 ] ], 
              [ [ 1, 3, -2, 4, 0, -3 ], [ 1, 1, 0, 0, 0, -1 ] ], [ [ 1, 3, -1, 4, 0, -3 ], [ 1, 1, -1, 0, 0, -1 ] ], [ [ 1, 2, -2, 2, 0, -2 ], [ 1, 2, 0, 2, 0, -2 ] ] ],
          slins := [  ] ) ), rec(
      Gram := [ [ -18, 4, 2, -7, -30, -4 ], [ 4, -4, -2, 0, 0, 4 ], [ 2, -2, -4, 0, 0, 0 ], [ -7, 0, 0, -4, -15, 0 ], [ -30, 0, 0, -15, -60, 0 ], [ -4, 4, 0, 0, 0, -8 ] ],
      Trec := rec(
          count := 1,
          grams := [ [ [ 0, 0, 0, 0, 0, 0, 0, 0, 0, 0, 0, 0, 0, 0, 0, 1 ], [ 0, -2, -1, -1, -1, 1, 1, -1, 1, 0, 0, 0, 0, 0, 0, 0 ], 
                  [ 0, -1, -2, 0, 0, 1, 1, -1, 1, 0, 0, 0, 0, 0, 0, 0 ], [ 0, -1, 0, -2, 0, 0, 1, -1, 1, 0, 0, 0, 0, 0, 0, 0 ], 
                  [ 0, -1, 0, 0, -2, 0, 0, 0, 0, 0, 0, 0, 0, 0, 0, 0 ], [ 0, 1, 1, 0, 0, -2, 0, 1, -1, 0, 0, 0, 0, 0, 0, 0 ], 
                  [ 0, 1, 1, 1, 0, 0, -2, 1, -1, 0, 0, 0, 0, 0, 0, 0 ], [ 0, -1, -1, -1, 0, 1, 1, -2, 1, 0, 0, 0, 0, 0, 0, 0 ], 
                  [ 0, 1, 1, 1, 0, -1, -1, 1, -2, 0, 0, 0, 0, 0, 0, 0 ], [ 0, 0, 0, 0, 0, 0, 0, 0, 0, -2, 1, 1, 0, 0, 1, 0 ], 
                  [ 0, 0, 0, 0, 0, 0, 0, 0, 0, 1, -2, -1, 0, 0, -1, 0 ], [ 0, 0, 0, 0, 0, 0, 0, 0, 0, 1, -1, -2, 0, 0, 0, 0 ], 
                  [ 0, 0, 0, 0, 0, 0, 0, 0, 0, 0, 0, 0, -2, 0, 0, 0 ], [ 0, 0, 0, 0, 0, 0, 0, 0, 0, 0, 0, 0, 0, -8, 0, 0 ], 
                  [ 0, 0, 0, 0, 0, 0, 0, 0, 0, 1, -1, 0, 0, 0, 14, 0 ], [ 1, 0, 0, 0, 0, 0, 0, 0, 0, 0, 0, 0, 0, 0, 0, 0 ] ] ],
          method := "Nikulin uniqueness",
          spinorPrimes := [  ] ),
      ampleflag := true,
      basisdual := [ [ 2, 0, 0, 0, 9, 2 ], [ 0, 2, 2, 0, 0, 0 ], [ 0, 0, 4, 0, 0, 2 ], [ 0, 0, 0, 1, 4, 0 ], [ 0, 0, 0, 0, 15, 0 ], [ 0, 0, 0, 0, 0, 4 ] ],
      extdeg := 1,
      extgroupgens := [ [ 2, 0, 0, 0 ], [ 0, 2, 0, 0 ], [ 0, 0, 2, 0 ], [ 0, 0, 0, 120 ] ],
      h := [ 1, 1, 0, 2, -1, 0 ],
      rho := 6,
      sprats := rec(
          nopss := [ 0, 8 ],
          scons := [ [ [ 1, 1, 0, 1, -1, 0 ], [ 1, 1, 0, 3, -1, 0 ] ], [ [ 1, 1, 0, 6, -2, 0 ], [ 1, 1, 0, -2, 0, 0 ] ], [ [ 1, 1, -1, 2, -1, 0 ], [ 1, 1, 1, 2, -1, 0 ] ], 
              [ [ 1, 0, 0, 2, -1, 0 ], [ 1, 2, 0, 2, -1, 0 ] ], [ [ 1, 2, -1, 2, -1, 1 ], [ 1, 0, 1, 2, -1, -1 ] ], [ [ 1, 0, 0, 2, -1, -1 ], [ 1, 2, 0, 2, -1, 1 ] ], 
              [ [ 1, -1, 1, 2, -1, -1 ], [ 1, 3, -1, 2, -1, 1 ] ], [ [ 1, 2, -1, 2, -1, 0 ], [ 1, 0, 1, 2, -1, 0 ] ] ],
          slins := [  ] ) ), rec(
      Gram := [ [ -766, -544, 2, -946, -582, -1092 ], [ -544, -392, -2, -676, -416, -780 ], [ 2, -2, -4, 0, 0, 0 ], [ -946, -676, 0, -1172, -721, -1352 ], 
          [ -582, -416, 0, -721, -444, -832 ], [ -1092, -780, 0, -1352, -832, -1560 ] ],
      Trec := rec(
          count := 1,
          grams := [ [ [ 0, 0, 0, 0, 0, 0, 0, 0, 0, 0, 0, 0, 0, 0, 0, 2 ], [ 0, -2, 1, 1, 1, 1, -1, 1, 1, 0, 0, 0, 0, 0, 0, 0 ], 
                  [ 0, 1, -2, -1, -1, -1, 0, -1, -1, 0, 0, 0, 0, 0, 0, 0 ], [ 0, 1, -1, -2, 0, -1, 0, -1, -1, 0, 0, 0, 0, 0, 0, 0 ], 
                  [ 0, 1, -1, 0, -2, -1, 1, 0, 0, 0, 0, 0, 0, 0, 0, 0 ], [ 0, 1, -1, -1, -1, -2, 0, 0, -1, 0, 0, 0, 0, 0, 0, 0 ], 
                  [ 0, -1, 0, 0, 1, 0, -2, 0, 0, 0, 0, 0, 0, 0, 0, 0 ], [ 0, 1, -1, -1, 0, 0, 0, -2, -1, 0, 0, 0, 0, 0, 0, 0 ], 
                  [ 0, 1, -1, -1, 0, -1, 0, -1, -2, 0, 0, 0, 0, 0, 0, 0 ], [ 0, 0, 0, 0, 0, 0, 0, 0, 0, -2, -1, 1, -1, 1, -1, 0 ], 
                  [ 0, 0, 0, 0, 0, 0, 0, 0, 0, -1, -2, 1, 0, 1, 0, 0 ], [ 0, 0, 0, 0, 0, 0, 0, 0, 0, 1, 1, -2, 0, -1, 0, 0 ], 
                  [ 0, 0, 0, 0, 0, 0, 0, 0, 0, -1, 0, 0, -2, 0, -1, 0 ], [ 0, 0, 0, 0, 0, 0, 0, 0, 0, 1, 1, -1, 0, 2, -5, 0 ], 
                  [ 0, 0, 0, 0, 0, 0, 0, 0, 0, -1, 0, 0, -1, -5, -6, 0 ], [ 2, 0, 0, 0, 0, 0, 0, 0, 0, 0, 0, 0, 0, 0, 0, 0 ] ] ],
          method := "Nikulin uniqueness",
          spinorPrimes := [  ] ),
      ampleflag := true,
      basisdual := [ [ 2, 0, 0, 0, 0, 36 ], [ 0, 2, 2, 0, 0, 28 ], [ 0, 0, 4, 0, 0, 2 ], [ 0, 0, 0, 1, 0, 45 ], [ 0, 0, 0, 0, 1, 28 ], [ 0, 0, 0, 0, 0, 52 ] ],
      extdeg := 1,
      extgroupgens := [ [ 2, 0, 0, 0 ], [ 0, 2, 0, 0 ], [ 0, 0, 2, 0 ], [ 0, 0, 0, 104 ] ],
      h := [ 1, 1, 0, 2, 2, -4 ],
      rho := 6,
      sprats := rec(
          nopss := [ 0, 8 ],
          scons := [ [ [ 1, 1, 0, 6, 3, -8 ], [ 1, 1, 0, -2, 1, 0 ] ], [ [ 1, 1, 0, 3, 6, -7 ], [ 1, 1, 0, 1, -2, -1 ] ], [ [ 1, 1, -1, 2, 2, -4 ], [ 1, 1, 1, 2, 2, -4 ] ], 
              [ [ 1, 0, 0, 2, 1, -3 ], [ 1, 2, 0, 2, 3, -5 ] ], [ [ 1, 2, -1, 2, 1, -4 ], [ 1, 0, 1, 2, 3, -4 ] ], [ [ 1, 0, 0, 2, 3, -4 ], [ 1, 2, 0, 2, 1, -4 ] ], 
              [ [ 1, -1, 1, 2, 2, -3 ], [ 1, 3, -1, 2, 2, -5 ] ], [ [ 1, 2, -1, 2, 3, -5 ], [ 1, 0, 1, 2, 1, -3 ] ] ],
          slins := [  ] ) ), rec(
      Gram := [ [ -10, -40, 2, -78, -22, -84 ], [ -40, -212, -2, -392, -112, -420 ], [ 2, -2, -4, 0, 0, 0 ], [ -78, -392, 0, -732, -209, -784 ], 
          [ -22, -112, 0, -209, -60, -224 ], [ -84, -420, 0, -784, -224, -840 ] ],
      Trec := rec(
          count := 1,
          grams := [ [ [ 0, 0, 0, 0, 0, 0, 0, 0, 0, 0, 0, 0, 0, 0, 0, 1 ], [ 0, -2, -1, -1, 1, 1, -1, -1, 1, 0, 0, 0, 0, 0, 0, 0 ], 
                  [ 0, -1, -2, 0, 1, 1, -1, 0, 1, 0, 0, 0, 0, 0, 0, 0 ], [ 0, -1, 0, -2, 1, 0, -1, 0, 1, 0, 0, 0, 0, 0, 0, 0 ], 
                  [ 0, 1, 1, 1, -2, -1, 1, 0, -1, 0, 0, 0, 0, 0, 0, 0 ], [ 0, 1, 1, 0, -1, -2, 1, 1, -1, 0, 0, 0, 0, 0, 0, 0 ], 
                  [ 0, -1, -1, -1, 1, 1, -2, 0, 1, 0, 0, 0, 0, 0, 0, 0 ], [ 0, -1, 0, 0, 0, 1, 0, -2, 0, 0, 0, 0, 0, 0, 0, 0 ], 
                  [ 0, 1, 1, 1, -1, -1, 1, 0, -2, 0, 0, 0, 0, 0, 0, 0 ], [ 0, 0, 0, 0, 0, 0, 0, 0, 0, -2, 1, -1, 0, 1, 0, 0 ], 
                  [ 0, 0, 0, 0, 0, 0, 0, 0, 0, 1, -2, 0, 0, -1, 0, 0 ], [ 0, 0, 0, 0, 0, 0, 0, 0, 0, -1, 0, -2, 0, 1, 0, 0 ], 
                  [ 0, 0, 0, 0, 0, 0, 0, 0, 0, 0, 0, 0, -2, 4, 0, 0 ], [ 0, 0, 0, 0, 0, 0, 0, 0, 0, 1, -1, 1, 4, -2, 0, 0 ], 
                  [ 0, 0, 0, 0, 0, 0, 0, 0, 0, 0, 0, 0, 0, 0, -8, 0 ], [ 1, 0, 0, 0, 0, 0, 0, 0, 0, 0, 0, 0, 0, 0, 0, 0 ] ] ],
          method := "Nikulin uniqueness",
          spinorPrimes := [  ] ),
      ampleflag := true,
      basisdual := [ [ 2, 0, 0, 0, 0, 2 ], [ 0, 2, 2, 0, 0, 16 ], [ 0, 0, 4, 0, 0, 2 ], [ 0, 0, 0, 1, 0, 26 ], [ 0, 0, 0, 0, 1, 8 ], [ 0, 0, 0, 0, 0, 28 ] ],
      extdeg := 1,
      extgroupgens := [ [ 2, 0, 0, 0 ], [ 0, 2, 0, 0 ], [ 0, 0, 2, 0 ], [ 0, 0, 0, 56 ] ],
      h := [ 1, 1, 0, 2, 2, -3 ],
      rho := 6,
      sprats := rec(
          nopss := [ 0, 13 ],
          scons := [ [ [ 1, 1, 0, -2, 1, 1 ], [ 1, 1, 0, 6, 3, -7 ] ], [ [ 1, 1, -1, 2, 2, -3 ], [ 1, 1, 1, 2, 2, -3 ] ], [ [ 1, 0, 0, 2, 4, -3 ], [ 1, 2, 0, 2, 0, -3 ] ], 
              [ [ 1, 0, 0, 1, 0, -1 ], [ 1, 2, 0, 3, 4, -5 ] ], [ [ 1, 0, 0, 3, 4, -4 ], [ 1, 2, 0, 1, 0, -2 ] ], [ [ 1, 0, 0, 2, 0, -2 ], [ 1, 2, 0, 2, 4, -4 ] ], 
              [ [ 1, -1, 1, 2, 2, -2 ], [ 1, 3, -1, 2, 2, -4 ] ], [ [ 1, 2, -1, 2, 4, -4 ], [ 1, 0, 1, 2, 0, -2 ] ], [ [ 1, 2, -1, 1, 0, -2 ], [ 1, 0, 1, 3, 4, -4 ] ], 
              [ [ 1, 2, -1, 3, 4, -5 ], [ 1, 0, 1, 1, 0, -1 ] ], [ [ 1, 2, -1, 2, 0, -3 ], [ 1, 0, 1, 2, 4, -3 ] ], [ [ 1, 1, 0, 1, 2, -2 ], [ 1, 1, 0, 3, 2, -4 ] ], 
              [ [ 1, 1, 0, 3, 6, -5 ], [ 1, 1, 0, 1, -2, -1 ] ] ],
          slins := [  ] ) ), rec(
      Gram := [ [ -16, -22, 2, -28, -18, -48 ], [ -22, -42, -2, -48, -32, -80 ], [ 2, -2, -4, 0, 0, 0 ], [ -28, -48, 0, -58, -39, -96 ], [ -18, -32, 0, -39, -28, -64 ], 
          [ -48, -80, 0, -96, -64, -160 ] ],
      Trec := rec(
          count := 1,
          grams := [ [ [ 0, 0, 0, 0, 0, 0, 0, 0, 0, 0, 0, 0, 0, 0, 0, 1 ], [ 0, 0, 0, 0, 0, 0, 0, 0, 0, 0, 0, 0, 0, 0, 1, 0 ], 
                  [ 0, 0, -2, 1, -1, 1, 1, -1, -1, 1, 0, 0, 0, 0, 0, 0 ], [ 0, 0, 1, -2, 0, -1, -1, 1, 0, -1, 0, 0, 0, 0, 0, 0 ], 
                  [ 0, 0, -1, 0, -2, 1, 0, -1, 0, 1, 0, 0, 0, 0, 0, 0 ], [ 0, 0, 1, -1, 1, -2, -1, 1, 0, -1, 0, 0, 0, 0, 0, 0 ], 
                  [ 0, 0, 1, -1, 0, -1, -2, 0, 0, -1, 0, 0, 0, 0, 0, 0 ], [ 0, 0, -1, 1, -1, 1, 0, -2, 0, 1, 0, 0, 0, 0, 0, 0 ], 
                  [ 0, 0, -1, 0, 0, 0, 0, 0, -2, 0, 0, 0, 0, 0, 0, 0 ], [ 0, 0, 1, -1, 1, -1, -1, 1, 0, -2, 0, 0, 0, 0, 0, 0 ], 
                  [ 0, 0, 0, 0, 0, 0, 0, 0, 0, 0, -2, 0, 0, 0, 0, 0 ], [ 0, 0, 0, 0, 0, 0, 0, 0, 0, 0, 0, -6, 0, -2, 0, 0 ], 
                  [ 0, 0, 0, 0, 0, 0, 0, 0, 0, 0, 0, 0, -6, 2, 0, 0 ], [ 0, 0, 0, 0, 0, 0, 0, 0, 0, 0, 0, -2, 2, -12, 0, 0 ], 
                  [ 0, 1, 0, 0, 0, 0, 0, 0, 0, 0, 0, 0, 0, 0, 0, 0 ], [ 1, 0, 0, 0, 0, 0, 0, 0, 0, 0, 0, 0, 0, 0, 0, 0 ] ] ],
          method := "Nikulin uniqueness",
          spinorPrimes := [  ] ),
      ampleflag := true,
      basisdual := [ [ 2, 0, 0, 0, 0, 4 ], [ 0, 2, 2, 0, 0, 10 ], [ 0, 0, 4, 0, 0, 2 ], [ 0, 0, 0, 1, 1, 10 ], [ 0, 0, 0, 0, 3, 7 ], [ 0, 0, 0, 0, 0, 16 ] ],
      extdeg := 1,
      extgroupgens := [ [ 2, 0, 0, 0 ], [ 0, 2, 0, 0 ], [ 0, 0, 2, 0 ], [ 0, 0, 0, 96 ] ],
      h := [ 1, 1, 0, 2, 0, -2 ],
      rho := 6,
      sprats := rec(
          nopss := [ 0, 8 ],
          scons := [ [ [ 1, 1, 0, 1, -1, -1 ], [ 1, 1, 0, 3, 1, -3 ] ], [ [ 1, 1, 0, -2, 1, 0 ], [ 1, 1, 0, 6, -1, -4 ] ], [ [ 1, 1, -1, 2, 0, -2 ], [ 1, 1, 1, 2, 0, -2 ] ], 
              [ [ 1, 0, 0, 1, 0, -1 ], [ 1, 2, 0, 3, 0, -3 ] ], [ [ 1, 2, -1, 1, 0, -2 ], [ 1, 0, 1, 3, 0, -2 ] ], [ [ 1, 0, 0, 3, 0, -2 ], [ 1, 2, 0, 1, 0, -2 ] ], 
              [ [ 1, -1, 1, 2, 0, -1 ], [ 1, 3, -1, 2, 0, -3 ] ], [ [ 1, 2, -1, 3, 0, -3 ], [ 1, 0, 1, 1, 0, -1 ] ] ],
          slins := [  ] ) ), rec(
      Gram := [ [ -4, -11, 1, -14, -9, -24 ], [ -11, -42, -2, -48, -32, -80 ], [ 1, -2, -4, 0, 0, 0 ], [ -14, -48, 0, -58, -39, -96 ], [ -9, -32, 0, -39, -28, -64 ], 
          [ -24, -80, 0, -96, -64, -160 ] ],
      Trec := rec(
          count := 1,
          grams := [ [ [ 0, 0, 0, 0, 0, 0, 0, 0, 0, 0, 0, 0, 0, 0, 0, 1 ], [ 0, 0, 0, 0, 0, 0, 0, 0, 0, 0, 0, 0, 0, 0, 1, 0 ], 
                  [ 0, 0, -2, 1, -1, 1, 1, -1, -1, 1, 0, 0, 0, 0, 0, 0 ], [ 0, 0, 1, -2, 0, -1, -1, 1, 0, -1, 0, 0, 0, 0, 0, 0 ], 
                  [ 0, 0, -1, 0, -2, 1, 0, -1, 0, 1, 0, 0, 0, 0, 0, 0 ], [ 0, 0, 1, -1, 1, -2, -1, 1, 0, -1, 0, 0, 0, 0, 0, 0 ], 
                  [ 0, 0, 1, -1, 0, -1, -2, 0, 0, -1, 0, 0, 0, 0, 0, 0 ], [ 0, 0, -1, 1, -1, 1, 0, -2, 0, 1, 0, 0, 0, 0, 0, 0 ], 
                  [ 0, 0, -1, 0, 0, 0, 0, 0, -2, 0, 0, 0, 0, 0, 0, 0 ], [ 0, 0, 1, -1, 1, -1, -1, 1, 0, -2, 0, 0, 0, 0, 0, 0 ], 
                  [ 0, 0, 0, 0, 0, 0, 0, 0, 0, 0, -2, -1, 0, -1, 0, 0 ], [ 0, 0, 0, 0, 0, 0, 0, 0, 0, 0, -1, -2, 0, -1, 0, 0 ], 
                  [ 0, 0, 0, 0, 0, 0, 0, 0, 0, 0, 0, 0, -6, 2, 0, 0 ], [ 0, 0, 0, 0, 0, 0, 0, 0, 0, 0, -1, -1, 2, -12, 0, 0 ], 
                  [ 0, 1, 0, 0, 0, 0, 0, 0, 0, 0, 0, 0, 0, 0, 0, 0 ], [ 1, 0, 0, 0, 0, 0, 0, 0, 0, 0, 0, 0, 0, 0, 0, 0 ] ] ],
          method := "Nikulin uniqueness",
          spinorPrimes := [  ] ),
      ampleflag := true,
      basisdual := [ [ 1, 0, 0, 0, 0, 2 ], [ 0, 2, 2, 0, 0, 10 ], [ 0, 0, 4, 0, 0, 2 ], [ 0, 0, 0, 1, 1, 10 ], [ 0, 0, 0, 0, 3, 7 ], [ 0, 0, 0, 0, 0, 16 ] ],
      extdeg := 2,
      extgroupgens := [ [ 2, 0, 0, 0 ], [ 0, 1, 0, 0 ], [ 0, 0, 2, 0 ], [ 0, 0, 0, 96 ] ],
      h := [ 2, 1, 0, 2, 0, -2 ],
      rho := 6,
      sprats := rec(
          nopss := [ 3, 5 ],
          scons := [ [ [ 2, 1, -1, 2, 0, -2 ], [ 2, 1, 1, 2, 0, -2 ] ], [ [ 2, 2, -1, 1, 0, -2 ], [ 2, 0, 1, 3, 0, -2 ] ], [ [ 2, 0, 0, 3, 0, -2 ], [ 2, 2, 0, 1, 0, -2 ] ], 
              [ [ 2, -1, 1, 2, 0, -1 ], [ 2, 3, -1, 2, 0, -3 ] ], [ [ 2, 2, -1, 3, 0, -3 ], [ 2, 0, 1, 1, 0, -1 ] ] ],
          slins := [ [ [ 1, 1, 0, -1, 0, 0 ], [ 1, 0, 0, 3, 0, -2 ] ], [ [ 1, 0, 0, 2, -1, -1 ], [ 1, 1, 0, 0, 1, -1 ] ], [ [ 1, 1, 0, 3, -1, -2 ], [ 1, 0, 0, -1, 1, 0 ] ] ] 
         ) ), rec(
      Gram := [ [ -4, -2, 2, -10, -6, -8 ], [ -2, -14, -2, -24, -8, -24 ], [ 2, -2, -4, 0, 0, 0 ], [ -10, -24, 0, -52, -21, -48 ], [ -6, -8, 0, -21, -12, -16 ], 
          [ -8, -24, 0, -48, -16, -48 ] ],
      Trec := rec(
          count := 1,
          grams := [ [ [ 0, 0, 0, 0, 0, 0, 0, 0, 0, 0, 0, 0, 0, 0, 0, 1 ], [ 0, 0, 0, 0, 0, 0, 0, 0, 0, 0, 0, 0, 0, 0, 4, 0 ], 
                  [ 0, 0, -2, 1, -1, 1, 1, -1, -1, 1, 0, 0, 0, 0, 0, 0 ], [ 0, 0, 1, -2, 0, -1, -1, 1, 0, -1, 0, 0, 0, 0, 0, 0 ], 
                  [ 0, 0, -1, 0, -2, 1, 0, -1, 0, 1, 0, 0, 0, 0, 0, 0 ], [ 0, 0, 1, -1, 1, -2, -1, 1, 0, -1, 0, 0, 0, 0, 0, 0 ], 
                  [ 0, 0, 1, -1, 0, -1, -2, 0, 0, -1, 0, 0, 0, 0, 0, 0 ], [ 0, 0, -1, 1, -1, 1, 0, -2, 0, 1, 0, 0, 0, 0, 0, 0 ], 
                  [ 0, 0, -1, 0, 0, 0, 0, 0, -2, 0, 0, 0, 0, 0, 0, 0 ], [ 0, 0, 1, -1, 1, -1, -1, 1, 0, -2, 0, 0, 0, 0, 0, 0 ], 
                  [ 0, 0, 0, 0, 0, 0, 0, 0, 0, 0, -2, 0, -1, 1, 2, 0 ], [ 0, 0, 0, 0, 0, 0, 0, 0, 0, 0, 0, -2, 0, 0, 0, 0 ], 
                  [ 0, 0, 0, 0, 0, 0, 0, 0, 0, 0, -1, 0, -4, -1, 0, 0 ], [ 0, 0, 0, 0, 0, 0, 0, 0, 0, 0, 1, 0, -1, -4, 0, 0 ], 
                  [ 0, 4, 0, 0, 0, 0, 0, 0, 0, 0, 2, 0, 0, 0, -2, 0 ], [ 1, 0, 0, 0, 0, 0, 0, 0, 0, 0, 0, 0, 0, 0, 0, 0 ] ] ],
          method := "Nikulin uniqueness",
          spinorPrimes := [  ] ),
      ampleflag := true,
      basisdual := [ [ 2, 0, 0, 0, 4, 0 ], [ 0, 2, 2, 0, 0, 6 ], [ 0, 0, 4, 0, 0, 2 ], [ 0, 0, 0, 1, 4, 7 ], [ 0, 0, 0, 0, 5, 1 ], [ 0, 0, 0, 0, 0, 8 ] ],
      extdeg := 1,
      extgroupgens := [ [ 2, 0, 0, 0 ], [ 0, 2, 0, 0 ], [ 0, 0, 2, 0 ], [ 0, 0, 0, 80 ] ],
      h := [ 1, 1, 0, 2, -2, -2 ],
      rho := 6,
      sprats := rec(
          nopss := [ 0, 8 ],
          scons := [ [ [ 1, 1, 0, -2, 1, 1 ], [ 1, 1, 0, 6, -5, -5 ] ], [ [ 1, 1, 0, 3, -2, -3 ], [ 1, 1, 0, 1, -2, -1 ] ], [ [ 1, 1, -1, 2, -2, -2 ], [ 1, 1, 1, 2, -2, -2 ] 
                 ], [ [ 1, 0, 0, 1, -1, -1 ], [ 1, 2, 0, 3, -3, -3 ] ], [ [ 1, 2, -1, 1, -1, -2 ], [ 1, 0, 1, 3, -3, -2 ] ], [ [ 1, 0, 0, 3, -3, -2 ], [ 1, 2, 0, 1, -1, -2 ] 
                 ], [ [ 1, -1, 1, 2, -2, -1 ], [ 1, 3, -1, 2, -2, -3 ] ], [ [ 1, 2, -1, 3, -3, -3 ], [ 1, 0, 1, 1, -1, -1 ] ] ],
          slins := [  ] ) ), rec(
      Gram := [ [ -14, 0, -9, -24, -28, -22 ], [ 0, -4, 0, 0, 0, 0 ], [ -9, 0, -10, -16, -20, -11 ], [ -24, 0, -16, -48, -50, -44 ], [ -28, 0, -20, -50, -56, -44 ], 
          [ -22, 0, -11, -44, -44, -44 ] ],
      Trec := rec(
          count := 1,
          grams := [ [ [ 0, 0, 0, 0, 0, 0, 0, 0, 0, 0, 0, 0, 0, 0, 0, 2 ], [ 0, -2, -1, -1, -1, 1, 1, 1, 1, 0, 0, 0, 0, 0, 0, 0 ], 
                  [ 0, -1, -2, 0, -1, 1, 1, 0, 1, 0, 0, 0, 0, 0, 0, 0 ], [ 0, -1, 0, -2, -1, 0, 1, 0, 1, 0, 0, 0, 0, 0, 0, 0 ], 
                  [ 0, -1, -1, -1, -2, 0, 1, 0, 1, 0, 0, 0, 0, 0, 0, 0 ], [ 0, 1, 1, 0, 0, -2, 0, 0, -1, 0, 0, 0, 0, 0, 0, 0 ], 
                  [ 0, 1, 1, 1, 1, 0, -2, 0, -1, 0, 0, 0, 0, 0, 0, 0 ], [ 0, 1, 0, 0, 0, 0, 0, -2, 0, 0, 0, 0, 0, 0, 0, 0 ], 
                  [ 0, 1, 1, 1, 1, -1, -1, 0, -2, 0, 0, 0, 0, 0, 0, 0 ], [ 0, 0, 0, 0, 0, 0, 0, 0, 0, -2, -1, -1, 1, -1, 1, 1 ], 
                  [ 0, 0, 0, 0, 0, 0, 0, 0, 0, -1, -2, 0, 0, 0, 1, 1 ], [ 0, 0, 0, 0, 0, 0, 0, 0, 0, -1, 0, -2, 1, -1, 1, 0 ], 
                  [ 0, 0, 0, 0, 0, 0, 0, 0, 0, 1, 0, 1, -2, 1, -1, 1 ], [ 0, 0, 0, 0, 0, 0, 0, 0, 0, -1, 0, -1, 1, 2, 1, 0 ], 
                  [ 0, 0, 0, 0, 0, 0, 0, 0, 0, 1, 1, 1, -1, 1, -20, 2 ], [ 2, 0, 0, 0, 0, 0, 0, 0, 0, 1, 1, 0, 1, 0, 2, 0 ] ] ],
          method := "Nikulin uniqueness",
          spinorPrimes := [  ] ),
      ampleflag := true,
      basisdual := [ [ 2, 2, 0, 0, 4, 5 ], [ 0, 4, 0, 0, 0, 0 ], [ 0, 0, 1, 1, 5, 1 ], [ 0, 0, 0, 2, 4, 10 ], [ 0, 0, 0, 0, 6, 8 ], [ 0, 0, 0, 0, 0, 11 ] ],
      extdeg := 1,
      extgroupgens := [ [ 2, 0, 0, 0 ], [ 0, 2, 0, 0 ], [ 0, 0, 2, 0 ], [ 0, 0, 0, 132 ] ],
      h := [ 1, 0, 2, 0, -2, 1 ],
      rho := 6,
      sprats := rec(
          nopss := [ 0, 7 ],
          scons := [ [ [ 1, -1, 2, 0, -2, 1 ], [ 1, 1, 2, 0, -2, 1 ] ], [ [ 1, 0, 6, -2, -4, 4 ], [ 1, 0, -2, 2, 0, -2 ] ], [ [ 1, 0, 2, -2, -1, 2 ], [ 1, 0, 2, 2, -3, 0 ] ],
              [ [ 1, 0, 2, -1, -2, 2 ], [ 1, 0, 2, 1, -2, 0 ] ], [ [ 1, 0, 2, -1, -1, 1 ], [ 1, 0, 2, 1, -3, 1 ] ], [ [ 1, 0, 1, 0, -1, 0 ], [ 1, 0, 3, 0, -3, 2 ] ], 
              [ [ 1, 0, 3, -1, -2, 2 ], [ 1, 0, 1, 1, -2, 0 ] ] ],
          slins := [  ] ) ), rec(
      Gram := [ [ -6, 0, -2, -2, -6, -6 ], [ 0, -4, 0, 0, 0, 0 ], [ -2, 0, -4, 0, 0, -6 ], [ -2, 0, 0, -4, -6, 0 ], [ -6, 0, 0, -6, -12, 0 ], [ -6, 0, -6, 0, 0, -12 ] ],
      Trec := rec(
          count := 1,
          grams := [ [ [ 0, 0, 0, 0, 0, 0, 0, 0, 0, 0, 0, 0, 0, 0, 0, 1 ], [ 0, -2, -1, -1, -1, 1, 1, -1, 1, 0, 0, 0, 0, 0, 0, 0 ], 
                  [ 0, -1, -2, 0, 0, 1, 1, -1, 1, 0, 0, 0, 0, 0, 0, 0 ], [ 0, -1, 0, -2, 0, 0, 1, -1, 1, 0, 0, 0, 0, 0, 0, 0 ], 
                  [ 0, -1, 0, 0, -2, 0, 0, 0, 0, 0, 0, 0, 0, 0, 0, 0 ], [ 0, 1, 1, 0, 0, -2, 0, 1, -1, 0, 0, 0, 0, 0, 0, 0 ], 
                  [ 0, 1, 1, 1, 0, 0, -2, 1, -1, 0, 0, 0, 0, 0, 0, 0 ], [ 0, -1, -1, -1, 0, 1, 1, -2, 1, 0, 0, 0, 0, 0, 0, 0 ], 
                  [ 0, 1, 1, 1, 0, -1, -1, 1, -2, 0, 0, 0, 0, 0, 0, 0 ], [ 0, 0, 0, 0, 0, 0, 0, 0, 0, -2, 0, 0, 0, 0, 0, 0 ], 
                  [ 0, 0, 0, 0, 0, 0, 0, 0, 0, 0, -2, 0, 0, 0, 0, 0 ], [ 0, 0, 0, 0, 0, 0, 0, 0, 0, 0, 0, -2, 0, 0, 0, 0 ], [ 0, 0, 0, 0, 0, 0, 0, 0, 0, 0, 0, 0, -2, 0, 0, 0 
                     ], [ 0, 0, 0, 0, 0, 0, 0, 0, 0, 0, 0, 0, 0, 6, 0, 0 ], [ 0, 0, 0, 0, 0, 0, 0, 0, 0, 0, 0, 0, 0, 0, -12, 0 ], 
                  [ 1, 0, 0, 0, 0, 0, 0, 0, 0, 0, 0, 0, 0, 0, 0, 0 ] ] ],
          method := "Nikulin uniqueness",
          spinorPrimes := [  ] ),
      ampleflag := true,
      basisdual := [ [ 2, 2, 0, 0, 4, 4 ], [ 0, 4, 0, 0, 0, 0 ], [ 0, 0, 2, 0, 0, 4 ], [ 0, 0, 0, 2, 4, 0 ], [ 0, 0, 0, 0, 6, 0 ], [ 0, 0, 0, 0, 0, 6 ] ],
      extdeg := 1,
      extgroupgens := [ [ 2, 0, 0, 0, 0, 0 ], [ 0, 2, 0, 0, 0, 0 ], [ 0, 0, 2, 0, 0, 0 ], [ 0, 0, 0, 2, 0, 0 ], [ 0, 0, 0, 0, 6, 0 ], [ 0, 0, 0, 0, 0, 12 ] ],
      h := [ 1, 0, 1, 1, -1, -1 ],
      rho := 6,
      sprats := rec(
          nopss := [ 0, 7 ],
          scons := [ [ [ 1, -1, 1, 1, -1, -1 ], [ 1, 1, 1, 1, -1, -1 ] ], [ [ 1, 0, 0, 1, -1, -1 ], [ 1, 0, 2, 1, -1, -1 ] ], 
              [ [ 1, 0, -1, 1, -1, 0 ], [ 1, 0, 3, 1, -1, -2 ] ], [ [ 1, 0, 2, 1, -1, -2 ], [ 1, 0, 0, 1, -1, 0 ] ], 
              [ [ 1, 0, 1, 0, -1, -1 ], [ 1, 0, 1, 2, -1, -1 ] ], [ [ 1, 0, 1, -1, 0, -1 ], [ 1, 0, 1, 3, -2, -1 ] ], [ [ 1, 0, 1, 2, -2, -1 ], [ 1, 0, 1, 0, 0, -1 ] ] ],
          slins := [  ] ) ), rec(
      Gram := [ [ -24, 0, -7, -15, -16, -48 ], [ 0, -4, 0, 0, 0, 0 ], [ -7, 0, -4, -5, -6, -16 ], [ -15, 0, -5, -12, -10, -32 ], [ -16, 0, -6, -10, -12, -32 ], 
          [ -48, 0, -16, -32, -32, -96 ] ],
      Trec := rec(
          count := 1,
          grams := [ [ [ 0, 0, 0, 0, 0, 0, 0, 0, 0, 0, 0, 0, 0, 0, 0, 1 ], [ 0, -2, -1, -1, 1, 1, -1, -1, 1, 0, 0, 0, 0, 0, 0, 0 ], 
                  [ 0, -1, -2, 0, 1, 1, -1, 0, 1, 0, 0, 0, 0, 0, 0, 0 ], [ 0, -1, 0, -2, 1, 0, -1, 0, 1, 0, 0, 0, 0, 0, 0, 0 ], 
                  [ 0, 1, 1, 1, -2, -1, 1, 0, -1, 0, 0, 0, 0, 0, 0, 0 ], [ 0, 1, 1, 0, -1, -2, 1, 1, -1, 0, 0, 0, 0, 0, 0, 0 ], 
                  [ 0, -1, -1, -1, 1, 1, -2, 0, 1, 0, 0, 0, 0, 0, 0, 0 ], [ 0, -1, 0, 0, 0, 1, 0, -2, 0, 0, 0, 0, 0, 0, 0, 0 ], 
                  [ 0, 1, 1, 1, -1, -1, 1, 0, -2, 0, 0, 0, 0, 0, 0, 0 ], [ 0, 0, 0, 0, 0, 0, 0, 0, 0, -2, -1, 0, -1, 0, -1, 0 ], 
                  [ 0, 0, 0, 0, 0, 0, 0, 0, 0, -1, -2, 0, -1, 0, -1, 0 ], [ 0, 0, 0, 0, 0, 0, 0, 0, 0, 0, 0, -2, 4, 0, 2, 0 ], 
                  [ 0, 0, 0, 0, 0, 0, 0, 0, 0, -1, -1, 4, -2, 0, -2, 0 ], [ 0, 0, 0, 0, 0, 0, 0, 0, 0, 0, 0, 0, 0, -4, 0, 0 ], 
                  [ 0, 0, 0, 0, 0, 0, 0, 0, 0, -1, -1, 2, -2, 0, -8, 0 ], [ 1, 0, 0, 0, 0, 0, 0, 0, 0, 0, 0, 0, 0, 0, 0, 0 ] ] ],
          method := "Nikulin uniqueness",
          spinorPrimes := [  ] ),
      ampleflag := true,
      basisdual := [ [ 2, 2, 0, 0, 1, 9 ], [ 0, 4, 0, 0, 0, 0 ], [ 0, 0, 2, 0, 1, 4 ], [ 0, 0, 0, 2, 0, 5 ], [ 0, 0, 0, 0, 2, 6 ], [ 0, 0, 0, 0, 0, 16 ] ],
      extdeg := 1,
      extgroupgens := [ [ 2, 0, 0, 0 ], [ 0, 4, 0, 0 ], [ 0, 0, 4, 0 ], [ 0, 0, 0, 32 ] ],
      h := [ 1, 0, 1, 1, 0, -1 ],
      rho := 6,
      sprats := rec(
          nopss := [ 0, 7 ],
          scons := [ [ [ 1, -1, 1, 1, 0, -1 ], [ 1, 1, 1, 1, 0, -1 ] ], [ [ 1, 0, 0, 1, 0, -1 ], [ 1, 0, 2, 1, 0, -1 ] ], [ [ 1, 0, -1, 1, 1, -1 ], [ 1, 0, 3, 1, -1, -1 ] ], 
              [ [ 1, 0, 2, 1, -1, -1 ], [ 1, 0, 0, 1, 1, -1 ] ], [ [ 1, 0, 1, 0, 1, -1 ], [ 1, 0, 1, 2, -1, -1 ] ], [ [ 1, 0, 1, -1, -1, 0 ], [ 1, 0, 1, 3, 1, -2 ] ], 
              [ [ 1, 0, 1, 2, 2, -2 ], [ 1, 0, 1, 0, -2, 0 ] ] ],
          slins := [  ] ) ), rec(
      Gram := [ [ -2, 0, -4, -6, -6, -10 ], [ 0, -4, 0, 0, 0, 0 ], [ -4, 0, -16, -20, -20, -30 ], [ -6, 0, -20, -28, -26, -40 ], [ -6, 0, -20, -26, -28, -40 ], 
          [ -10, 0, -30, -40, -40, -60 ] ],
      Trec := rec(
          count := 1,
          grams := [ [ [ 0, 0, 0, 0, 0, 0, 0, 0, 0, 0, 0, 0, 0, 0, 0, 2 ], [ 0, 0, 0, 0, 0, 0, 0, 0, 0, 0, 0, 0, 0, 0, 1, 0 ], 
                  [ 0, 0, -2, 1, -1, 1, 1, -1, -1, 1, 0, 0, 0, 0, 0, 0 ], [ 0, 0, 1, -2, 0, -1, -1, 1, 0, -1, 0, 0, 0, 0, 0, 0 ], 
                  [ 0, 0, -1, 0, -2, 1, 0, -1, 0, 1, 0, 0, 0, 0, 0, 0 ], [ 0, 0, 1, -1, 1, -2, -1, 1, 0, -1, 0, 0, 0, 0, 0, 0 ], 
                  [ 0, 0, 1, -1, 0, -1, -2, 0, 0, -1, 0, 0, 0, 0, 0, 0 ], [ 0, 0, -1, 1, -1, 1, 0, -2, 0, 1, 0, 0, 0, 0, 0, 0 ], 
                  [ 0, 0, -1, 0, 0, 0, 0, 0, -2, 0, 0, 0, 0, 0, 0, 0 ], [ 0, 0, 1, -1, 1, -1, -1, 1, 0, -2, 0, 0, 0, 0, 0, 0 ], 
                  [ 0, 0, 0, 0, 0, 0, 0, 0, 0, 0, -2, 0, 0, 0, 0, 0 ], [ 0, 0, 0, 0, 0, 0, 0, 0, 0, 0, 0, -4, 2, -2, 0, 0 ], 
                  [ 0, 0, 0, 0, 0, 0, 0, 0, 0, 0, 0, 2, -4, 0, 0, 0 ], [ 0, 0, 0, 0, 0, 0, 0, 0, 0, 0, 0, -2, 0, -8, 0, 0 ], 
                  [ 0, 1, 0, 0, 0, 0, 0, 0, 0, 0, 0, 0, 0, 0, 0, 0 ], [ 2, 0, 0, 0, 0, 0, 0, 0, 0, 0, 0, 0, 0, 0, 0, 0 ] ] ],
          method := "Nikulin uniqueness",
          spinorPrimes := [  ] ),
      ampleflag := true,
      basisdual := [ [ 2, 2, 0, 0, 0, 2 ], [ 0, 4, 0, 0, 0, 0 ], [ 0, 0, 2, 0, 0, 6 ], [ 0, 0, 0, 2, 0, 6 ], [ 0, 0, 0, 0, 2, 8 ], [ 0, 0, 0, 0, 0, 10 ] ],
      extdeg := 1,
      extgroupgens := [ [ 2, 0, 0, 0, 0, 0 ], [ 0, 2, 0, 0, 0, 0 ], [ 0, 0, 2, 0, 0, 0 ], [ 0, 0, 0, 2, 0, 0 ], [ 0, 0, 0, 0, 2, 0 ], [ 0, 0, 0, 0, 0, 20 ] ],
      h := [ 1, 0, 1, 1, 1, -2 ],
      rho := 6,
      sprats := rec(
          nopss := [ 0, 11 ],
          scons := [ [ [ 1, -1, 1, 1, 1, -2 ], [ 1, 1, 1, 1, 1, -2 ] ], [ [ 1, 0, 0, 0, 0, 0 ], [ 1, 0, 2, 2, 2, -4 ] ], [ [ 1, 0, 0, 2, 1, -2 ], [ 1, 0, 2, 0, 1, -2 ] ], 
              [ [ 1, 0, -1, 1, 1, -1 ], [ 1, 0, 3, 1, 1, -3 ] ], [ [ 1, 0, 0, 1, 2, -2 ], [ 1, 0, 2, 1, 0, -2 ] ], [ [ 1, 0, 1, 0, -1, 0 ], [ 1, 0, 1, 2, 3, -4 ] ], 
              [ [ 1, 0, 2, 0, 0, -1 ], [ 1, 0, 0, 2, 2, -3 ] ], [ [ 1, 0, 1, -1, 0, 0 ], [ 1, 0, 1, 3, 2, -4 ] ], [ [ 1, 0, 1, 2, 0, -2 ], [ 1, 0, 1, 0, 2, -2 ] ], 
              [ [ 1, 0, 0, 1, 0, -1 ], [ 1, 0, 2, 1, 2, -3 ] ], [ [ 1, 0, 2, 2, 1, -3 ], [ 1, 0, 0, 0, 1, -1 ] ] ],
          slins := [  ] ) ), rec(
      Gram := [ [ -2, 0, -3, -5, -7, -4 ], [ 0, -4, 0, 0, 0, 0 ], [ -3, 0, -10, -9, -13, -4 ], [ -5, 0, -9, -12, -14, -8 ], [ -7, 0, -13, -14, -20, -8 ], 
          [ -4, 0, -4, -8, -8, -8 ] ],
      Trec := rec(
          count := 1,
          grams := [ [ [ 0, 0, 0, 0, 0, 0, 0, 0, 0, 0, 0, 0, 0, 0, 0, 1 ], [ 0, -2, -1, -1, -1, 1, 1, -1, 1, 0, 0, 0, 0, 0, 0, 0 ], 
                  [ 0, -1, -2, 0, 0, 1, 1, -1, 1, 0, 0, 0, 0, 0, 0, 0 ], [ 0, -1, 0, -2, 0, 0, 1, -1, 1, 0, 0, 0, 0, 0, 0, 0 ], 
                  [ 0, -1, 0, 0, -2, 0, 0, 0, 0, 0, 0, 0, 0, 0, 0, 0 ], [ 0, 1, 1, 0, 0, -2, 0, 1, -1, 0, 0, 0, 0, 0, 0, 0 ], 
                  [ 0, 1, 1, 1, 0, 0, -2, 1, -1, 0, 0, 0, 0, 0, 0, 0 ], [ 0, -1, -1, -1, 0, 1, 1, -2, 1, 0, 0, 0, 0, 0, 0, 0 ], 
                  [ 0, 1, 1, 1, 0, -1, -1, 1, -2, 0, 0, 0, 0, 0, 0, 0 ], [ 0, 0, 0, 0, 0, 0, 0, 0, 0, -2, 0, 0, 0, 0, 0, 0 ], 
                  [ 0, 0, 0, 0, 0, 0, 0, 0, 0, 0, -2, 1, 0, 0, 0, 0 ], [ 0, 0, 0, 0, 0, 0, 0, 0, 0, 0, 1, -2, 0, 0, 0, 0 ], [ 0, 0, 0, 0, 0, 0, 0, 0, 0, 0, 0, 0, -4, 0, 0, 0 
                     ], [ 0, 0, 0, 0, 0, 0, 0, 0, 0, 0, 0, 0, 0, -4, 0, 0 ], [ 0, 0, 0, 0, 0, 0, 0, 0, 0, 0, 0, 0, 0, 0, 8, 0 ], 
                  [ 1, 0, 0, 0, 0, 0, 0, 0, 0, 0, 0, 0, 0, 0, 0, 0 ] ] ],
          method := "Nikulin uniqueness",
          spinorPrimes := [  ] ),
      ampleflag := true,
      basisdual := [ [ 2, 2, 0, 1, 3, 2 ], [ 0, 4, 0, 0, 0, 0 ], [ 0, 0, 2, 1, 5, 1 ], [ 0, 0, 0, 2, 4, 3 ], [ 0, 0, 0, 0, 6, 1 ], [ 0, 0, 0, 0, 0, 4 ] ],
      extdeg := 1,
      extgroupgens := [ [ 2, 0, 0, 0 ], [ 0, 4, 0, 0 ], [ 0, 0, 4, 0 ], [ 0, 0, 0, 24 ] ],
      h := [ 1, 0, 1, 0, -1, 0 ],
      rho := 6,
      sprats := rec(
          nopss := [ 0, 9 ],
          scons := [ [ [ 1, -1, 1, 0, -1, 0 ], [ 1, 1, 1, 0, -1, 0 ] ], [ [ 1, 0, 1, -1, -1, 1 ], [ 1, 0, 1, 1, -1, -1 ] ], [ [ 1, 0, 1, -2, 0, 1 ], [ 1, 0, 1, 2, -2, -1 ] ],
              [ [ 1, 0, 0, 1, -1, -1 ], [ 1, 0, 2, -1, -1, 1 ] ], [ [ 1, 0, -1, 1, 0, -1 ], [ 1, 0, 3, -1, -2, 1 ] ], [ [ 1, 0, 0, 0, 0, -1 ], [ 1, 0, 2, 0, -2, 1 ] ], 
              [ [ 1, 0, 1, 1, -2, 0 ], [ 1, 0, 1, -1, 0, 0 ] ], [ [ 1, 0, 0, 1, -1, 0 ], [ 1, 0, 2, -1, -1, 0 ] ], [ [ 1, 0, 2, 0, -2, 0 ], [ 1, 0, 0, 0, 0, 0 ] ] ],
          slins := [  ] ) ), rec(
      Gram := [ [ -18, -6, 2, -2, -6, -28 ], [ -6, -4, -1, 0, 0, -14 ], [ 2, -1, -4, 0, 0, 0 ], [ -2, 0, 0, -4, -6, 0 ], [ -6, 0, 0, -6, -12, 0 ], [ -28, -14, 0, 0, 0, -56 ] 
         ],
      Trec := rec(
          count := 1,
          grams := [ [ [ 0, 0, 0, 0, 0, 0, 0, 0, 0, 0, 0, 0, 0, 0, 0, 1 ], [ 0, 0, 0, 0, 0, 0, 0, 0, 0, 0, 0, 0, 0, 0, 1, 0 ], 
                  [ 0, 0, -2, 1, -1, -1, 1, 1, -1, -1, 0, 0, 0, 0, 0, 0 ], [ 0, 0, 1, -2, 0, 1, -1, -1, 0, 1, 0, 0, 0, 0, 0, 0 ], 
                  [ 0, 0, -1, 0, -2, -1, 0, 1, 0, -1, 0, 0, 0, 0, 0, 0 ], [ 0, 0, -1, 1, -1, -2, 1, 1, 0, -1, 0, 0, 0, 0, 0, 0 ], 
                  [ 0, 0, 1, -1, 0, 1, -2, -1, 0, 1, 0, 0, 0, 0, 0, 0 ], [ 0, 0, 1, -1, 1, 1, -1, -2, 0, 1, 0, 0, 0, 0, 0, 0 ], 
                  [ 0, 0, -1, 0, 0, 0, 0, 0, -2, 0, 0, 0, 0, 0, 0, 0 ], [ 0, 0, -1, 1, -1, -1, 1, 1, 0, -2, 0, 0, 0, 0, 0, 0 ], 
                  [ 0, 0, 0, 0, 0, 0, 0, 0, 0, 0, -4, -2, 2, 0, 0, 0 ], [ 0, 0, 0, 0, 0, 0, 0, 0, 0, 0, -2, -4, 2, 0, 0, 0 ], 
                  [ 0, 0, 0, 0, 0, 0, 0, 0, 0, 0, 2, 2, -6, 0, 0, 0 ], [ 0, 0, 0, 0, 0, 0, 0, 0, 0, 0, 0, 0, 0, -24, 0, 0 ], 
                  [ 0, 1, 0, 0, 0, 0, 0, 0, 0, 0, 0, 0, 0, 0, 0, 0 ], [ 1, 0, 0, 0, 0, 0, 0, 0, 0, 0, 0, 0, 0, 0, 0, 0 ] ] ],
          method := "Nikulin uniqueness",
          spinorPrimes := [  ] ),
      ampleflag := true,
      basisdual := [ [ 2, 0, 0, 0, 4, 8 ], [ 0, 1, 1, 0, 0, 4 ], [ 0, 0, 4, 0, 0, 1 ], [ 0, 0, 0, 2, 4, 0 ], [ 0, 0, 0, 0, 6, 0 ], [ 0, 0, 0, 0, 0, 14 ] ],
      extdeg := 1,
      extgroupgens := [ [ 2, 0, 0, 0 ], [ 0, 2, 0, 0 ], [ 0, 0, 2, 0 ], [ 0, 0, 0, 168 ] ],
      h := [ 1, 2, 0, 1, -1, -1 ],
      rho := 6,
      sprats := rec(
          nopss := [ 0, 6 ],
          scons := [ [ [ 1, 2, -1, 1, -1, -1 ], [ 1, 2, 1, 1, -1, -1 ] ], [ [ 1, 6, -1, 1, -1, -2 ], [ 1, -2, 1, 1, -1, 0 ] ], 
              [ [ 1, 1, 0, 1, -1, -1 ], [ 1, 3, 0, 1, -1, -1 ] ], [ [ 1, 2, 0, 0, -1, -1 ], [ 1, 2, 0, 2, -1, -1 ] ], 
              [ [ 1, 2, 0, -1, 0, -1 ], [ 1, 2, 0, 3, -2, -1 ] ], [ [ 1, 2, 0, 2, -2, -1 ], [ 1, 2, 0, 0, 0, -1 ] ] ],
          slins := [  ] ) ), rec(
      Gram := [ [ -14, -5, 2, -50, -50, -76 ], [ -5, -4, -1, -25, -26, -38 ], [ 2, -1, -4, 0, 0, 0 ], [ -50, -25, 0, -204, -202, -304 ], [ -50, -26, 0, -202, -204, -304 ], 
          [ -76, -38, 0, -304, -304, -456 ] ],
      Trec := rec(
          count := 1,
          grams := [ [ [ 0, 0, 0, 0, 0, 0, 0, 0, 0, 0, 0, 0, 0, 0, 0, 1 ], [ 0, -2, -1, -1, -1, 1, 1, -1, 1, 0, 0, 0, 0, 0, 0, 0 ], 
                  [ 0, -1, -2, 0, 0, 1, 1, -1, 1, 0, 0, 0, 0, 0, 0, 0 ], [ 0, -1, 0, -2, 0, 0, 1, -1, 1, 0, 0, 0, 0, 0, 0, 0 ], 
                  [ 0, -1, 0, 0, -2, 0, 0, 0, 0, 0, 0, 0, 0, 0, 0, 0 ], [ 0, 1, 1, 0, 0, -2, 0, 1, -1, 0, 0, 0, 0, 0, 0, 0 ], 
                  [ 0, 1, 1, 1, 0, 0, -2, 1, -1, 0, 0, 0, 0, 0, 0, 0 ], [ 0, -1, -1, -1, 0, 1, 1, -2, 1, 0, 0, 0, 0, 0, 0, 0 ], 
                  [ 0, 1, 1, 1, 0, -1, -1, 1, -2, 0, 0, 0, 0, 0, 0, 0 ], [ 0, 0, 0, 0, 0, 0, 0, 0, 0, -2, 0, 0, 0, 0, 0, 0 ], 
                  [ 0, 0, 0, 0, 0, 0, 0, 0, 0, 0, -2, 0, 0, 0, 0, 0 ], [ 0, 0, 0, 0, 0, 0, 0, 0, 0, 0, 0, -4, 0, 2, 1, 0 ], 
                  [ 0, 0, 0, 0, 0, 0, 0, 0, 0, 0, 0, 0, -4, -2, -1, 0 ], [ 0, 0, 0, 0, 0, 0, 0, 0, 0, 0, 0, 2, -2, -6, -2, 0 ], 
                  [ 0, 0, 0, 0, 0, 0, 0, 0, 0, 0, 0, 1, -1, -2, 4, 0 ], [ 1, 0, 0, 0, 0, 0, 0, 0, 0, 0, 0, 0, 0, 0, 0, 0 ] ] ],
          method := "Nikulin uniqueness",
          spinorPrimes := [  ] ),
      ampleflag := true,
      basisdual := [ [ 2, 0, 0, 0, 0, 7 ], [ 0, 1, 1, 0, 1, 4 ], [ 0, 0, 4, 0, 0, 1 ], [ 0, 0, 0, 2, 0, 25 ], [ 0, 0, 0, 0, 2, 26 ], [ 0, 0, 0, 0, 0, 38 ] ],
      extdeg := 1,
      extgroupgens := [ [ 2, 0, 0, 0 ], [ 0, 2, 0, 0 ], [ 0, 0, 2, 0 ], [ 0, 0, 0, 152 ] ],
      h := [ 1, 2, 0, 1, 0, -1 ],
      rho := 6,
      sprats := rec(
          nopss := [ 0, 6 ],
          scons := [ [ [ 1, 6, -1, 1, -2, 0 ], [ 1, -2, 1, 1, 2, -2 ] ], [ [ 1, 2, -1, 1, 0, -1 ], [ 1, 2, 1, 1, 0, -1 ] ], [ [ 1, 1, 0, 1, 0, -1 ], [ 1, 3, 0, 1, 0, -1 ] ], 
              [ [ 1, 2, 0, 0, -2, 1 ], [ 1, 2, 0, 2, 2, -3 ] ], [ [ 1, 2, 0, -1, -1, 1 ], [ 1, 2, 0, 3, 1, -3 ] ], [ [ 1, 2, 0, 2, -1, -1 ], [ 1, 2, 0, 0, 1, -1 ] ] ],
          slins := [  ] ) ), rec(
      Gram := [ [ -218, -194, 2, -86, -86, -260 ], [ -194, -176, -1, -78, -78, -234 ], [ 2, -1, -4, 0, 0, 0 ], [ -86, -78, 0, -36, -34, -104 ], 
          [ -86, -78, 0, -34, -36, -104 ], [ -260, -234, 0, -104, -104, -312 ] ],
      Trec := rec(
          count := 1,
          grams := [ [ [ 0, 0, 0, 0, 0, 0, 0, 0, 0, 0, 0, 0, 0, 0, 0, 1 ], [ 0, -2, 1, 1, 1, 1, -1, -1, 1, 0, 0, 0, 0, 0, 0, 0 ], 
                  [ 0, 1, -2, -1, -1, -1, 1, 0, 0, 0, 0, 0, 0, 0, 0, 0 ], [ 0, 1, -1, -2, 0, -1, 1, 0, 0, 0, 0, 0, 0, 0, 0, 0 ], 
                  [ 0, 1, -1, 0, -2, -1, 0, 1, -1, 0, 0, 0, 0, 0, 0, 0 ], [ 0, 1, -1, -1, -1, -2, 1, 1, 0, 0, 0, 0, 0, 0, 0, 0 ], 
                  [ 0, -1, 1, 1, 0, 1, -2, 0, 0, 0, 0, 0, 0, 0, 0, 0 ], [ 0, -1, 0, 0, 1, 1, 0, -2, 1, 0, 0, 0, 0, 0, 0, 0 ], 
                  [ 0, 1, 0, 0, -1, 0, 0, 1, -2, 0, 0, 0, 0, 0, 0, 0 ], [ 0, 0, 0, 0, 0, 0, 0, 0, 0, -2, 0, 0, 0, 0, 0, 0 ], 
                  [ 0, 0, 0, 0, 0, 0, 0, 0, 0, 0, -2, 0, 0, 0, 1, 0 ], [ 0, 0, 0, 0, 0, 0, 0, 0, 0, 0, 0, -4, -2, -2, 0, 0 ], 
                  [ 0, 0, 0, 0, 0, 0, 0, 0, 0, 0, 0, -2, -4, -2, 0, 0 ], [ 0, 0, 0, 0, 0, 0, 0, 0, 0, 0, 0, -2, -2, -4, 0, 0 ], 
                  [ 0, 0, 0, 0, 0, 0, 0, 0, 0, 0, 1, 0, 0, 0, 6, 0 ], [ 1, 0, 0, 0, 0, 0, 0, 0, 0, 0, 0, 0, 0, 0, 0, 0 ] ] ],
          method := "Nikulin uniqueness",
          spinorPrimes := [  ] ),
      ampleflag := true,
      basisdual := [ [ 2, 0, 0, 0, 0, 22 ], [ 0, 1, 1, 0, 0, 20 ], [ 0, 0, 4, 0, 0, 1 ], [ 0, 0, 0, 2, 0, 8 ], [ 0, 0, 0, 0, 2, 10 ], [ 0, 0, 0, 0, 0, 26 ] ],
      extdeg := 1,
      extgroupgens := [ [ 2, 0, 0, 0 ], [ 0, 2, 0, 0 ], [ 0, 0, 2, 0 ], [ 0, 0, 0, 104 ] ],
      h := [ 1, 2, 0, 1, 1, -3 ],
      rho := 6,
      sprats := rec(
          nopss := [ 0, 8 ],
          scons := [ [ [ 1, 2, -1, 1, 1, -3 ], [ 1, 2, 1, 1, 1, -3 ] ], [ [ 1, -2, 1, 1, 1, 0 ], [ 1, 6, -1, 1, 1, -6 ] ], [ [ 1, 1, 0, 1, 0, -2 ], [ 1, 3, 0, 1, 2, -4 ] ], 
              [ [ 1, 2, 0, 0, -1, -2 ], [ 1, 2, 0, 2, 3, -4 ] ], [ [ 1, 2, 0, 2, 0, -3 ], [ 1, 2, 0, 0, 2, -3 ] ], [ [ 1, 1, 0, 0, 1, -2 ], [ 1, 3, 0, 2, 1, -4 ] ], 
              [ [ 1, 2, 0, -1, 0, -2 ], [ 1, 2, 0, 3, 2, -4 ] ], [ [ 1, 1, 0, 2, 2, -3 ], [ 1, 3, 0, 0, 0, -3 ] ] ],
          slins := [  ] ) ), rec(
      Gram := [ [ -14, -8, 2, -22, -26, -20 ], [ -8, -10, -1, -15, -19, -10 ], [ 2, -1, -4, 0, 0, 0 ], [ -22, -15, 0, -44, -46, -40 ], [ -26, -19, 0, -46, -52, -40 ], 
          [ -20, -10, 0, -40, -40, -40 ] ],
      Trec := rec(
          count := 1,
          grams := [ [ [ 0, 0, 0, 0, 0, 0, 0, 0, 0, 0, 0, 0, 0, 0, 0, 2 ], [ 0, -2, -1, -1, 1, 1, -1, -1, 1, 0, 0, 0, 0, 0, 0, 0 ], 
                  [ 0, -1, -2, 0, 1, 1, -1, 0, 1, 0, 0, 0, 0, 0, 0, 0 ], [ 0, -1, 0, -2, 1, 0, -1, 0, 1, 0, 0, 0, 0, 0, 0, 0 ], 
                  [ 0, 1, 1, 1, -2, -1, 1, 0, -1, 0, 0, 0, 0, 0, 0, 0 ], [ 0, 1, 1, 0, -1, -2, 1, 1, -1, 0, 0, 0, 0, 0, 0, 0 ], 
                  [ 0, -1, -1, -1, 1, 1, -2, 0, 1, 0, 0, 0, 0, 0, 0, 0 ], [ 0, -1, 0, 0, 0, 1, 0, -2, 0, 0, 0, 0, 0, 0, 0, 0 ], 
                  [ 0, 1, 1, 1, -1, -1, 1, 0, -2, 0, 0, 0, 0, 0, 0, 0 ], [ 0, 0, 0, 0, 0, 0, 0, 0, 0, 2, 0, 0, 0, 1, 0, 0 ], 
                  [ 0, 0, 0, 0, 0, 0, 0, 0, 0, 0, -2, 1, 0, 0, 0, 1 ], [ 0, 0, 0, 0, 0, 0, 0, 0, 0, 0, 1, -2, 0, 0, 0, 1 ], [ 0, 0, 0, 0, 0, 0, 0, 0, 0, 0, 0, 0, -2, 0, 0, 0 
                     ], [ 0, 0, 0, 0, 0, 0, 0, 0, 0, 1, 0, 0, 0, -2, 0, 0 ], [ 0, 0, 0, 0, 0, 0, 0, 0, 0, 0, 0, 0, 0, 0, -8, 0 ], 
                  [ 2, 0, 0, 0, 0, 0, 0, 0, 0, 0, 1, 1, 0, 0, 0, 0 ] ] ],
          method := "Nikulin uniqueness",
          spinorPrimes := [  ] ),
      ampleflag := true,
      basisdual := [ [ 2, 0, 0, 0, 4, 4 ], [ 0, 1, 1, 1, 5, 1 ], [ 0, 0, 4, 0, 0, 1 ], [ 0, 0, 0, 2, 4, 9 ], [ 0, 0, 0, 0, 6, 7 ], [ 0, 0, 0, 0, 0, 10 ] ],
      extdeg := 1,
      extgroupgens := [ [ 2, 0, 0, 0 ], [ 0, 2, 0, 0 ], [ 0, 0, 2, 0 ], [ 0, 0, 0, 120 ] ],
      h := [ 1, 2, 0, 0, -2, 1 ],
      rho := 6,
      sprats := rec(
          nopss := [ 0, 7 ],
          scons := [ [ [ 1, 6, -1, -2, -4, 4 ], [ 1, -2, 1, 2, 0, -2 ] ], [ [ 1, 2, 1, 0, -2, 1 ], [ 1, 2, -1, 0, -2, 1 ] ], [ [ 1, 2, 0, -1, -2, 2 ], [ 1, 2, 0, 1, -2, 0 ] ]
                , [ [ 1, 2, 0, -2, -1, 2 ], [ 1, 2, 0, 2, -3, 0 ] ], [ [ 1, 2, 0, 1, -3, 1 ], [ 1, 2, 0, -1, -1, 1 ] ], [ [ 1, 1, 0, 1, -2, 0 ], [ 1, 3, 0, -1, -2, 2 ] ], 
              [ [ 1, 3, 0, 0, -3, 2 ], [ 1, 1, 0, 0, -1, 0 ] ] ],
          slins := [  ] ) ), rec(
      Gram := [ [ -14, -5, 0, -2, -6, -22 ], [ -5, -4, -2, 0, 0, -11 ], [ 0, -2, -4, 0, 0, 0 ], [ -2, 0, 0, -4, -6, 0 ], [ -6, 0, 0, -6, -12, 0 ], [ -22, -11, 0, 0, 0, -44 ] 
         ],
      Trec := rec(
          count := 1,
          grams := [ [ [ 0, 0, 0, 0, 0, 0, 0, 0, 0, 0, 0, 0, 0, 0, 0, 2 ], [ 0, -2, -1, -1, -1, 1, 1, 1, 1, 0, 0, 0, 0, 0, 0, 0 ], 
                  [ 0, -1, -2, 0, -1, 1, 1, 0, 1, 0, 0, 0, 0, 0, 0, 0 ], [ 0, -1, 0, -2, -1, 0, 1, 0, 1, 0, 0, 0, 0, 0, 0, 0 ], 
                  [ 0, -1, -1, -1, -2, 0, 1, 0, 1, 0, 0, 0, 0, 0, 0, 0 ], [ 0, 1, 1, 0, 0, -2, 0, 0, -1, 0, 0, 0, 0, 0, 0, 0 ], 
                  [ 0, 1, 1, 1, 1, 0, -2, 0, -1, 0, 0, 0, 0, 0, 0, 0 ], [ 0, 1, 0, 0, 0, 0, 0, -2, 0, 0, 0, 0, 0, 0, 0, 0 ], 
                  [ 0, 1, 1, 1, 1, -1, -1, 0, -2, 0, 0, 0, 0, 0, 0, 0 ], [ 0, 0, 0, 0, 0, 0, 0, 0, 0, -2, -1, -1, 1, -1, 1, 1 ], 
                  [ 0, 0, 0, 0, 0, 0, 0, 0, 0, -1, -2, 0, 0, 0, 1, 1 ], [ 0, 0, 0, 0, 0, 0, 0, 0, 0, -1, 0, -2, 1, -1, 1, 0 ], 
                  [ 0, 0, 0, 0, 0, 0, 0, 0, 0, 1, 0, 1, -2, 1, -1, 1 ], [ 0, 0, 0, 0, 0, 0, 0, 0, 0, -1, 0, -1, 1, 2, 1, 0 ], 
                  [ 0, 0, 0, 0, 0, 0, 0, 0, 0, 1, 1, 1, -1, 1, -20, 2 ], [ 2, 0, 0, 0, 0, 0, 0, 0, 0, 1, 1, 0, 1, 0, 2, 0 ] ] ],
          method := "Nikulin uniqueness",
          spinorPrimes := [  ] ),
      ampleflag := true,
      basisdual := [ [ 2, 0, 2, 0, 4, 7 ], [ 0, 1, 2, 0, 0, 4 ], [ 0, 0, 4, 0, 0, 2 ], [ 0, 0, 0, 2, 4, 0 ], [ 0, 0, 0, 0, 6, 0 ], [ 0, 0, 0, 0, 0, 11 ] ],
      extdeg := 1,
      extgroupgens := [ [ 2, 0, 0, 0 ], [ 0, 2, 0, 0 ], [ 0, 0, 2, 0 ], [ 0, 0, 0, 132 ] ],
      h := [ 1, 2, -1, 1, -1, -1 ],
      rho := 6,
      sprats := rec(
          nopss := [ 0, 7 ],
          scons := [ [ [ 1, 6, -3, 1, -1, -2 ], [ 1, -2, 1, 1, -1, 0 ] ], [ [ 1, 2, -1, 0, -1, -1 ], [ 1, 2, -1, 2, -1, -1 ] ], 
              [ [ 1, 2, -1, -1, 0, -1 ], [ 1, 2, -1, 3, -2, -1 ] ], [ [ 1, 2, -1, 2, -2, -1 ], [ 1, 2, -1, 0, 0, -1 ] ], 
              [ [ 1, 2, -2, 1, -1, -1 ], [ 1, 2, 0, 1, -1, -1 ] ], [ [ 1, 1, -1, 1, -1, -1 ], [ 1, 3, -1, 1, -1, -1 ] ], [ [ 1, 3, -2, 1, -1, -1 ], [ 1, 1, 0, 1, -1, -1 ] ] ]
           ,
          slins := [  ] ) ), rec(
      Gram := [ [ -10, -4, 0, -38, -38, -58 ], [ -4, -4, -2, -19, -20, -29 ], [ 0, -2, -4, 0, 0, 0 ], [ -38, -19, 0, -156, -154, -232 ], [ -38, -20, 0, -154, -156, -232 ], 
          [ -58, -29, 0, -232, -232, -348 ] ],
      Trec := rec(
          count := 1,
          grams := [ [ [ 0, 0, 0, 0, 0, 0, 0, 0, 0, 0, 0, 0, 0, 0, 0, 2 ], [ 0, -2, 1, 1, 1, 1, -1, 1, 1, 0, 0, 0, 0, 0, 0, 0 ], 
                  [ 0, 1, -2, -1, -1, -1, 0, -1, -1, 0, 0, 0, 0, 0, 0, 0 ], [ 0, 1, -1, -2, 0, -1, 0, -1, -1, 0, 0, 0, 0, 0, 0, 0 ], 
                  [ 0, 1, -1, 0, -2, -1, 1, 0, 0, 0, 0, 0, 0, 0, 0, 0 ], [ 0, 1, -1, -1, -1, -2, 0, 0, -1, 0, 0, 0, 0, 0, 0, 0 ], 
                  [ 0, -1, 0, 0, 1, 0, -2, 0, 0, 0, 0, 0, 0, 0, 0, 0 ], [ 0, 1, -1, -1, 0, 0, 0, -2, -1, 0, 0, 0, 0, 0, 0, 0 ], 
                  [ 0, 1, -1, -1, 0, -1, 0, -1, -2, 0, 0, 0, 0, 0, 0, 0 ], [ 0, 0, 0, 0, 0, 0, 0, 0, 0, -2, 1, -1, 0, 0, 0, 0 ], 
                  [ 0, 0, 0, 0, 0, 0, 0, 0, 0, 1, -2, 0, 0, 0, -1, 0 ], [ 0, 0, 0, 0, 0, 0, 0, 0, 0, -1, 0, -2, 0, 0, 1, 0 ], 
                  [ 0, 0, 0, 0, 0, 0, 0, 0, 0, 0, 0, 0, -2, 0, -1, 0 ], [ 0, 0, 0, 0, 0, 0, 0, 0, 0, 0, 0, 0, 0, -2, 4, 0 ], 
                  [ 0, 0, 0, 0, 0, 0, 0, 0, 0, 0, -1, 1, -1, 4, 4, 0 ], [ 2, 0, 0, 0, 0, 0, 0, 0, 0, 0, 0, 0, 0, 0, 0, 0 ] ] ],
          method := "Nikulin uniqueness",
          spinorPrimes := [  ] ),
      ampleflag := true,
      basisdual := [ [ 2, 0, 2, 0, 0, 6 ], [ 0, 1, 2, 0, 1, 4 ], [ 0, 0, 4, 0, 0, 2 ], [ 0, 0, 0, 2, 0, 19 ], [ 0, 0, 0, 0, 2, 20 ], [ 0, 0, 0, 0, 0, 29 ] ],
      extdeg := 1,
      extgroupgens := [ [ 2, 0, 0, 0 ], [ 0, 2, 0, 0 ], [ 0, 0, 2, 0 ], [ 0, 0, 0, 116 ] ],
      h := [ 1, 2, -1, 1, 0, -1 ],
      rho := 6,
      sprats := rec(
          nopss := [ 0, 7 ],
          scons := [ [ [ 1, -2, 1, 1, 2, -2 ], [ 1, 6, -3, 1, -2, 0 ] ], [ [ 1, 2, -1, 0, -2, 1 ], [ 1, 2, -1, 2, 2, -3 ] ], 
              [ [ 1, 2, -1, -1, -1, 1 ], [ 1, 2, -1, 3, 1, -3 ] ], [ [ 1, 2, -1, 2, -1, -1 ], [ 1, 2, -1, 0, 1, -1 ] ], 
              [ [ 1, 1, -1, 1, 0, -1 ], [ 1, 3, -1, 1, 0, -1 ] ], [ [ 1, 2, -2, 1, 0, -1 ], [ 1, 2, 0, 1, 0, -1 ] ], [ [ 1, 1, 0, 1, 0, -1 ], [ 1, 3, -2, 1, 0, -1 ] ] ],
          slins := [  ] ) ), rec(
      Gram := [ [ -142, -127, 0, -56, -56, -170 ], [ -127, -116, -2, -51, -51, -153 ], [ 0, -2, -4, 0, 0, 0 ], [ -56, -51, 0, -24, -22, -68 ], [ -56, -51, 0, -22, -24, -68 ],
          [ -170, -153, 0, -68, -68, -204 ] ],
      Trec := rec(
          count := 1,
          grams := [ [ [ 0, 0, 0, 0, 0, 0, 0, 0, 0, 0, 0, 0, 0, 0, 0, 1 ], [ 0, -2, -1, -1, -1, 1, 1, -1, 1, 0, 0, 0, 0, 0, 0, 0 ], 
                  [ 0, -1, -2, 0, 0, 1, 1, -1, 1, 0, 0, 0, 0, 0, 0, 0 ], [ 0, -1, 0, -2, 0, 0, 1, -1, 1, 0, 0, 0, 0, 0, 0, 0 ], 
                  [ 0, -1, 0, 0, -2, 0, 0, 0, 0, 0, 0, 0, 0, 0, 0, 0 ], [ 0, 1, 1, 0, 0, -2, 0, 1, -1, 0, 0, 0, 0, 0, 0, 0 ], 
                  [ 0, 1, 1, 1, 0, 0, -2, 1, -1, 0, 0, 0, 0, 0, 0, 0 ], [ 0, -1, -1, -1, 0, 1, 1, -2, 1, 0, 0, 0, 0, 0, 0, 0 ], 
                  [ 0, 1, 1, 1, 0, -1, -1, 1, -2, 0, 0, 0, 0, 0, 0, 0 ], [ 0, 0, 0, 0, 0, 0, 0, 0, 0, -2, 0, 0, 0, 0, 0, 0 ], 
                  [ 0, 0, 0, 0, 0, 0, 0, 0, 0, 0, -2, 0, 1, 0, 0, 0 ], [ 0, 0, 0, 0, 0, 0, 0, 0, 0, 0, 0, -2, 1, 0, 0, 0 ], 
                  [ 0, 0, 0, 0, 0, 0, 0, 0, 0, 0, 1, 1, -4, 0, -1, 0 ], [ 0, 0, 0, 0, 0, 0, 0, 0, 0, 0, 0, 0, 0, 4, 0, 0 ], 
                  [ 0, 0, 0, 0, 0, 0, 0, 0, 0, 0, 0, 0, -1, 0, -6, 0 ], [ 1, 0, 0, 0, 0, 0, 0, 0, 0, 0, 0, 0, 0, 0, 0, 0 ] ] ],
          method := "Nikulin uniqueness",
          spinorPrimes := [  ] ),
      ampleflag := true,
      basisdual := [ [ 2, 0, 2, 0, 0, 15 ], [ 0, 1, 2, 0, 0, 14 ], [ 0, 0, 4, 0, 0, 2 ], [ 0, 0, 0, 2, 0, 5 ], [ 0, 0, 0, 0, 2, 7 ], [ 0, 0, 0, 0, 0, 17 ] ],
      extdeg := 1,
      extgroupgens := [ [ 2, 0, 0, 0 ], [ 0, 2, 0, 0 ], [ 0, 0, 2, 0 ], [ 0, 0, 0, 68 ] ],
      h := [ 1, 2, -1, 1, 1, -3 ],
      rho := 6,
      sprats := rec(
          nopss := [ 0, 11 ],
          scons := [ [ [ 1, 6, -3, 1, 1, -6 ], [ 1, -2, 1, 1, 1, 0 ] ], [ [ 1, 2, -1, 3, 2, -4 ], [ 1, 2, -1, -1, 0, -2 ] ], [ [ 1, 3, -2, 2, 1, -4 ], [ 1, 1, 0, 0, 1, -2 ] ]
                , [ [ 1, 2, -1, 2, 0, -3 ], [ 1, 2, -1, 0, 2, -3 ] ], [ [ 1, 3, -1, 2, 1, -4 ], [ 1, 1, -1, 0, 1, -2 ] ], [ [ 1, 1, -1, 2, 2, -3 ], [ 1, 3, -1, 0, 0, -3 ] ], 
              [ [ 1, 2, -1, 2, 3, -4 ], [ 1, 2, -1, 0, -1, -2 ] ], [ [ 1, 1, 0, 2, 2, -3 ], [ 1, 3, -2, 0, 0, -3 ] ], [ [ 1, 2, -2, 1, 1, -3 ], [ 1, 2, 0, 1, 1, -3 ] ], 
              [ [ 1, 1, -1, 1, 0, -2 ], [ 1, 3, -1, 1, 2, -4 ] ], [ [ 1, 3, -2, 1, 2, -4 ], [ 1, 1, 0, 1, 0, -2 ] ] ],
          slins := [  ] ) ), rec(
      Gram := [ [ -10, -7, 0, -16, -20, -14 ], [ -7, -10, -2, -12, -16, -7 ], [ 0, -2, -4, 0, 0, 0 ], [ -16, -12, 0, -32, -34, -28 ], [ -20, -16, 0, -34, -40, -28 ], 
          [ -14, -7, 0, -28, -28, -28 ] ],
      Trec := rec(
          count := 1,
          grams := [ [ [ 0, 0, 0, 0, 0, 0, 0, 0, 0, 0, 0, 0, 0, 0, 0, 1 ], [ 0, -2, -1, -1, 1, 1, -1, -1, 1, 0, 0, 0, 0, 0, 0, 0 ], 
                  [ 0, -1, -2, 0, 1, 1, -1, 0, 1, 0, 0, 0, 0, 0, 0, 0 ], [ 0, -1, 0, -2, 1, 0, -1, 0, 1, 0, 0, 0, 0, 0, 0, 0 ], 
                  [ 0, 1, 1, 1, -2, -1, 1, 0, -1, 0, 0, 0, 0, 0, 0, 0 ], [ 0, 1, 1, 0, -1, -2, 1, 1, -1, 0, 0, 0, 0, 0, 0, 0 ], 
                  [ 0, -1, -1, -1, 1, 1, -2, 0, 1, 0, 0, 0, 0, 0, 0, 0 ], [ 0, -1, 0, 0, 0, 1, 0, -2, 0, 0, 0, 0, 0, 0, 0, 0 ], 
                  [ 0, 1, 1, 1, -1, -1, 1, 0, -2, 0, 0, 0, 0, 0, 0, 0 ], [ 0, 0, 0, 0, 0, 0, 0, 0, 0, -2, 0, 0, 1, 1, 0, 0 ], 
                  [ 0, 0, 0, 0, 0, 0, 0, 0, 0, 0, -2, 0, -1, -1, 0, 0 ], [ 0, 0, 0, 0, 0, 0, 0, 0, 0, 0, 0, -2, -1, -1, 0, 0 ], 
                  [ 0, 0, 0, 0, 0, 0, 0, 0, 0, 1, -1, -1, -4, -2, 0, 0 ], [ 0, 0, 0, 0, 0, 0, 0, 0, 0, 1, -1, -1, -2, -4, 0, 0 ], 
                  [ 0, 0, 0, 0, 0, 0, 0, 0, 0, 0, 0, 0, 0, 0, 14, 0 ], [ 1, 0, 0, 0, 0, 0, 0, 0, 0, 0, 0, 0, 0, 0, 0, 0 ] ] ],
          method := "Nikulin uniqueness",
          spinorPrimes := [  ] ),
      ampleflag := true,
      basisdual := [ [ 2, 0, 2, 0, 4, 3 ], [ 0, 1, 2, 1, 5, 1 ], [ 0, 0, 4, 0, 0, 2 ], [ 0, 0, 0, 2, 4, 6 ], [ 0, 0, 0, 0, 6, 4 ], [ 0, 0, 0, 0, 0, 7 ] ],
      extdeg := 1,
      extgroupgens := [ [ 2, 0, 0, 0 ], [ 0, 2, 0, 0 ], [ 0, 0, 2, 0 ], [ 0, 0, 0, 84 ] ],
      h := [ 1, 2, -1, 0, -2, 1 ],
      rho := 6,
      sprats := rec(
          nopss := [ 0, 9 ],
          scons := [ [ [ 1, -2, 1, 2, 0, -2 ], [ 1, 6, -3, -2, -4, 4 ] ], [ [ 1, 2, -1, -1, -2, 2 ], [ 1, 2, -1, 1, -2, 0 ] ], 
              [ [ 1, 2, -1, -2, -1, 2 ], [ 1, 2, -1, 2, -3, 0 ] ], [ [ 1, 1, -1, 1, -2, 0 ], [ 1, 3, -1, -1, -2, 2 ] ], 
              [ [ 1, 2, -2, 0, -2, 1 ], [ 1, 2, 0, 0, -2, 1 ] ], [ [ 1, 1, -1, 0, -1, 0 ], [ 1, 3, -1, 0, -3, 2 ] ], [ [ 1, 2, -1, 1, -3, 1 ], [ 1, 2, -1, -1, -1, 1 ] ], 
              [ [ 1, 3, -2, 0, -3, 2 ], [ 1, 1, 0, 0, -1, 0 ] ], [ [ 1, 1, 0, 1, -2, 0 ], [ 1, 3, -2, -1, -2, 2 ] ] ],
          slins := [  ] ) ), rec(
      Gram := [ [ -6, 4, 2, -2, -6, -4 ], [ 4, -4, -2, 0, 0, 4 ], [ 2, -2, -4, 0, 0, 0 ], [ -2, 0, 0, -4, -6, 0 ], [ -6, 0, 0, -6, -12, 0 ], [ -4, 4, 0, 0, 0, -8 ] ],
      Trec := rec(
          count := 1,
          grams := [ [ [ 0, 0, 0, 0, 0, 0, 0, 0, 0, 0, 0, 0, 0, 0, 0, 2 ], [ 0, 0, 0, 0, 0, 0, 0, 0, 0, 0, 0, 0, 0, 0, 2, 0 ], 
                  [ 0, 0, -2, -1, -1, -1, 1, 1, -1, 1, 0, 0, 0, 0, 0, 0 ], [ 0, 0, -1, -2, 0, -1, 1, 1, -1, 1, 0, 0, 0, 0, 0, 0 ], 
                  [ 0, 0, -1, 0, -2, -1, 0, 0, 0, 1, 0, 0, 0, 0, 0, 0 ], [ 0, 0, -1, -1, -1, -2, 1, 0, 0, 1, 0, 0, 0, 0, 0, 0 ], 
                  [ 0, 0, 1, 1, 0, 1, -2, -1, 0, -1, 0, 0, 0, 0, 0, 0 ], [ 0, 0, 1, 1, 0, 0, -1, -2, 1, -1, 0, 0, 0, 0, 0, 0 ], 
                  [ 0, 0, -1, -1, 0, 0, 0, 1, -2, 0, 0, 0, 0, 0, 0, 0 ], [ 0, 0, 1, 1, 1, 1, -1, -1, 0, -2, 0, 0, 0, 0, 0, 0 ], 
                  [ 0, 0, 0, 0, 0, 0, 0, 0, 0, 0, -2, 0, 0, 0, 0, 0 ], [ 0, 0, 0, 0, 0, 0, 0, 0, 0, 0, 0, -2, -1, 0, 0, 0 ], 
                  [ 0, 0, 0, 0, 0, 0, 0, 0, 0, 0, 0, -1, -2, 0, 1, 0 ], [ 0, 0, 0, 0, 0, 0, 0, 0, 0, 0, 0, 0, 0, -8, 0, 0 ], 
                  [ 0, 2, 0, 0, 0, 0, 0, 0, 0, 0, 0, 0, 1, 0, 2, 0 ], [ 2, 0, 0, 0, 0, 0, 0, 0, 0, 0, 0, 0, 0, 0, 0, 0 ] ] ],
          method := "Nikulin uniqueness",
          spinorPrimes := [  ] ),
      ampleflag := true,
      basisdual := [ [ 2, 0, 0, 0, 4, 2 ], [ 0, 2, 2, 0, 0, 0 ], [ 0, 0, 4, 0, 0, 2 ], [ 0, 0, 0, 2, 4, 0 ], [ 0, 0, 0, 0, 6, 0 ], [ 0, 0, 0, 0, 0, 4 ] ],
      extdeg := 1,
      extgroupgens := [ [ 2, 0, 0, 0, 0, 0 ], [ 0, 2, 0, 0, 0, 0 ], [ 0, 0, 2, 0, 0, 0 ], [ 0, 0, 0, 2, 0, 0 ], [ 0, 0, 0, 0, 2, 0 ], [ 0, 0, 0, 0, 0, 24 ] ],
      h := [ 1, 1, 0, 1, -1, 0 ],
      rho := 6,
      sprats := rec(
          nopss := [ 0, 9 ],
          scons := [ [ [ 1, 1, 0, 0, -1, 0 ], [ 1, 1, 0, 2, -1, 0 ] ], [ [ 1, 1, 0, -1, 0, 0 ], [ 1, 1, 0, 3, -2, 0 ] ], [ [ 1, 1, 0, 2, -2, 0 ], [ 1, 1, 0, 0, 0, 0 ] ], 
              [ [ 1, 1, -1, 1, -1, 0 ], [ 1, 1, 1, 1, -1, 0 ] ], [ [ 1, 0, 0, 1, -1, 0 ], [ 1, 2, 0, 1, -1, 0 ] ], [ [ 1, 2, -1, 1, -1, 1 ], [ 1, 0, 1, 1, -1, -1 ] ], 
              [ [ 1, 0, 0, 1, -1, -1 ], [ 1, 2, 0, 1, -1, 1 ] ], [ [ 1, -1, 1, 1, -1, -1 ], [ 1, 3, -1, 1, -1, 1 ] ], [ [ 1, 2, -1, 1, -1, 0 ], [ 1, 0, 1, 1, -1, 0 ] ] ],
          slins := [  ] ) ), rec(
      Gram := [ [ -16, -3, 2, -9, -10, -30 ], [ -3, -4, -2, -3, -4, -10 ], [ 2, -2, -4, 0, 0, 0 ], [ -9, -3, 0, -8, -6, -20 ], [ -10, -4, 0, -6, -8, -20 ], 
          [ -30, -10, 0, -20, -20, -60 ] ],
      Trec := rec(
          count := 1,
          grams := [ [ [ 0, 0, 0, 0, 0, 0, 0, 0, 0, 0, 0, 0, 0, 0, 0, 1 ], [ 0, 0, 0, 0, 0, 0, 0, 0, 0, 0, 0, 0, 0, 0, 4, 0 ], 
                  [ 0, 0, -2, -1, 1, -1, -1, -1, 1, -1, 0, 0, 0, 0, 0, 0 ], [ 0, 0, -1, -2, 0, -1, -1, 0, 1, 0, 0, 0, 0, 0, 0, 0 ], 
                  [ 0, 0, 1, 0, -2, 1, 1, 1, 0, 1, 0, 0, 0, 0, 0, 0 ], [ 0, 0, -1, -1, 1, -2, -1, 0, 0, -1, 0, 0, 0, 0, 0, 0 ], 
                  [ 0, 0, -1, -1, 1, -1, -2, -1, 0, -1, 0, 0, 0, 0, 0, 0 ], [ 0, 0, -1, 0, 1, 0, -1, -2, 0, -1, 0, 0, 0, 0, 0, 0 ], 
                  [ 0, 0, 1, 1, 0, 0, 0, 0, -2, 0, 0, 0, 0, 0, 0, 0 ], [ 0, 0, -1, 0, 1, -1, -1, -1, 0, -2, 0, 0, 0, 0, 0, 0 ], 
                  [ 0, 0, 0, 0, 0, 0, 0, 0, 0, 0, -2, 0, -1, -1, 0, 0 ], [ 0, 0, 0, 0, 0, 0, 0, 0, 0, 0, 0, -2, 0, 0, 0, 0 ], 
                  [ 0, 0, 0, 0, 0, 0, 0, 0, 0, 0, -1, 0, -4, 1, 0, 0 ], [ 0, 0, 0, 0, 0, 0, 0, 0, 0, 0, -1, 0, 1, -4, 0, 0 ], 
                  [ 0, 4, 0, 0, 0, 0, 0, 0, 0, 0, 0, 0, 0, 0, 0, 0 ], [ 1, 0, 0, 0, 0, 0, 0, 0, 0, 0, 0, 0, 0, 0, 0, 0 ] ] ],
          method := "Nikulin uniqueness",
          spinorPrimes := [  ] ),
      ampleflag := true,
      basisdual := [ [ 2, 0, 0, 0, 1, 5 ], [ 0, 2, 2, 0, 1, 4 ], [ 0, 0, 4, 0, 0, 2 ], [ 0, 0, 0, 2, 0, 3 ], [ 0, 0, 0, 0, 2, 4 ], [ 0, 0, 0, 0, 0, 10 ] ],
      extdeg := 1,
      extgroupgens := [ [ 2, 0, 0, 0 ], [ 0, 4, 0, 0 ], [ 0, 0, 4, 0 ], [ 0, 0, 0, 20 ] ],
      h := [ 1, 1, 0, 1, 0, -1 ],
      rho := 6,
      sprats := rec(
          nopss := [ 0, 9 ],
          scons := [ [ [ 1, 1, 0, 0, 1, -1 ], [ 1, 1, 0, 2, -1, -1 ] ], [ [ 1, 1, 0, -1, -1, 0 ], [ 1, 1, 0, 3, 1, -2 ] ], [ [ 1, 1, 0, 2, 2, -2 ], [ 1, 1, 0, 0, -2, 0 ] ], 
              [ [ 1, 2, -1, 1, -1, -1 ], [ 1, 0, 1, 1, 1, -1 ] ], [ [ 1, 1, -1, 1, 0, -1 ], [ 1, 1, 1, 1, 0, -1 ] ], [ [ 1, 0, 0, 1, 0, -1 ], [ 1, 2, 0, 1, 0, -1 ] ], 
              [ [ 1, 3, -1, 1, -1, -1 ], [ 1, -1, 1, 1, 1, -1 ] ], [ [ 1, 2, 0, 1, -1, -1 ], [ 1, 0, 0, 1, 1, -1 ] ], [ [ 1, 2, -1, 1, 0, -1 ], [ 1, 0, 1, 1, 0, -1 ] ] ],
          slins := [  ] ) ), rec(
      Gram := [ [ -2, 4, 2, -2, 2, -4 ], [ 4, -8, -2, 8, -4, 12 ], [ 2, -2, -4, 0, 0, 0 ], [ -2, 8, 0, -12, 6, -16 ], [ 2, -4, 0, 6, -4, 8 ], [ -4, 12, 0, -16, 8, -24 ] ],
      Trec := rec(
          count := 1,
          grams := [ [ [ 0, 0, 0, 0, 0, 0, 0, 0, 0, 0, 0, 0, 0, 0, 0, 1 ], [ 0, 0, 0, 0, 0, 0, 0, 0, 0, 0, 0, 0, 0, 0, 2, 0 ], 
                  [ 0, 0, -2, -1, -1, 1, 1, 1, -1, 1, 0, 0, 0, 0, 0, 0 ], [ 0, 0, -1, -2, 0, 1, 0, 1, -1, 0, 0, 0, 0, 0, 0, 0 ], 
                  [ 0, 0, -1, 0, -2, 1, 0, 0, 0, 1, 0, 0, 0, 0, 0, 0 ], [ 0, 0, 1, 1, 1, -2, 0, 0, 1, 0, 0, 0, 0, 0, 0, 0 ], 
                  [ 0, 0, 1, 0, 0, 0, -2, 0, 0, 0, 0, 0, 0, 0, 0, 0 ], [ 0, 0, 1, 1, 0, 0, 0, -2, 1, -1, 0, 0, 0, 0, 0, 0 ], 
                  [ 0, 0, -1, -1, 0, 1, 0, 1, -2, 0, 0, 0, 0, 0, 0, 0 ], [ 0, 0, 1, 0, 1, 0, 0, -1, 0, -2, 0, 0, 0, 0, 0, 0 ], 
                  [ 0, 0, 0, 0, 0, 0, 0, 0, 0, 0, -2, 0, 0, 0, 0, 0 ], [ 0, 0, 0, 0, 0, 0, 0, 0, 0, 0, 0, -4, -2, -2, 0, 0 ], 
                  [ 0, 0, 0, 0, 0, 0, 0, 0, 0, 0, 0, -2, -4, -2, 0, 0 ], [ 0, 0, 0, 0, 0, 0, 0, 0, 0, 0, 0, -2, -2, -4, 0, 0 ], 
                  [ 0, 2, 0, 0, 0, 0, 0, 0, 0, 0, 0, 0, 0, 0, 0, 0 ], [ 1, 0, 0, 0, 0, 0, 0, 0, 0, 0, 0, 0, 0, 0, 0, 0 ] ] ],
          method := "Nikulin uniqueness",
          spinorPrimes := [  ] ),
      ampleflag := true,
      basisdual := [ [ 2, 0, 0, 0, 0, 0 ], [ 0, 2, 2, 0, 0, 0 ], [ 0, 0, 4, 0, 0, 2 ], [ 0, 0, 0, 2, 0, 2 ], [ 0, 0, 0, 0, 2, 0 ], [ 0, 0, 0, 0, 0, 4 ] ],
      extdeg := 1,
      extgroupgens := [ [ 2, 0, 0, 0, 0, 0 ], [ 0, 2, 0, 0, 0, 0 ], [ 0, 0, 2, 0, 0, 0 ], [ 0, 0, 0, 2, 0, 0 ], [ 0, 0, 0, 0, 2, 0 ], [ 0, 0, 0, 0, 0, 8 ] ],
      h := [ 1, 1, 0, 1, 1, 0 ],
      rho := 6,
      sprats := rec(
          nopss := [ 0, 20 ],
          scons := [ [ [ 1, 1, -1, 1, 1, 0 ], [ 1, 1, 1, 1, 1, 0 ] ], [ [ 1, 0, 0, 1, 0, -1 ], [ 1, 2, 0, 1, 2, 1 ] ], [ [ 1, 0, 0, 0, 0, 0 ], [ 1, 2, 0, 2, 2, 0 ] ], 
              [ [ 1, 0, 0, 2, 1, -1 ], [ 1, 2, 0, 0, 1, 1 ] ], [ [ 1, 0, 0, 0, 1, 0 ], [ 1, 2, 0, 2, 1, 0 ] ], [ [ 1, 0, 0, 2, 2, -1 ], [ 1, 2, 0, 0, 0, 1 ] ], 
              [ [ 1, 0, 0, 1, 2, 0 ], [ 1, 2, 0, 1, 0, 0 ] ], [ [ 1, -1, 1, 1, 1, -1 ], [ 1, 3, -1, 1, 1, 1 ] ], [ [ 1, 2, -1, 1, 0, 0 ], [ 1, 0, 1, 1, 2, 0 ] ], 
              [ [ 1, 2, -1, 0, 0, 1 ], [ 1, 0, 1, 2, 2, -1 ] ], [ [ 1, 2, -1, 2, 1, 0 ], [ 1, 0, 1, 0, 1, 0 ] ], [ [ 1, 2, -1, 0, 1, 1 ], [ 1, 0, 1, 2, 1, -1 ] ], 
              [ [ 1, 2, -1, 2, 2, 0 ], [ 1, 0, 1, 0, 0, 0 ] ], [ [ 1, 2, -1, 1, 2, 1 ], [ 1, 0, 1, 1, 0, -1 ] ], [ [ 1, 1, 0, 0, -1, 0 ], [ 1, 1, 0, 2, 3, 0 ] ], 
              [ [ 1, 1, 0, 2, 0, -1 ], [ 1, 1, 0, 0, 2, 1 ] ], [ [ 1, 1, 0, 1, 0, 0 ], [ 1, 1, 0, 1, 2, 0 ] ], [ [ 1, 1, 0, 0, 0, 0 ], [ 1, 1, 0, 2, 2, 0 ] ], 
              [ [ 1, 1, 0, -1, 0, 1 ], [ 1, 1, 0, 3, 2, -1 ] ], [ [ 1, 1, 0, 2, 1, -1 ], [ 1, 1, 0, 0, 1, 1 ] ] ],
          slins := [  ] ) ), rec(
      Gram := [ [ -14, 0, -6, 2, -20, -48 ], [ 0, -4, 0, 0, 0, 0 ], [ -6, 0, -4, -1, -10, -24 ], [ 2, 0, -1, -4, 0, 0 ], [ -20, 0, -10, 0, -32, -72 ], 
          [ -48, 0, -24, 0, -72, -168 ] ],
      Trec := rec(
          count := 1,
          grams := [ [ [ 0, 0, 0, 0, 0, 0, 0, 0, 0, 0, 0, 0, 0, 0, 0, 4 ], [ 0, -2, -1, -1, 1, 1, 1, 1, 1, 0, 0, 0, 0, 0, 0, 0 ], 
                  [ 0, -1, -2, 0, 1, 1, 1, 0, 1, 0, 0, 0, 0, 0, 0, 0 ], [ 0, -1, 0, -2, 1, 0, 1, 0, 1, 0, 0, 0, 0, 0, 0, 0 ], 
                  [ 0, 1, 1, 1, -2, -1, -1, 0, -1, 0, 0, 0, 0, 0, 0, 0 ], [ 0, 1, 1, 0, -1, -2, 0, 0, -1, 0, 0, 0, 0, 0, 0, 0 ], 
                  [ 0, 1, 1, 1, -1, 0, -2, 0, -1, 0, 0, 0, 0, 0, 0, 0 ], [ 0, 1, 0, 0, 0, 0, 0, -2, 0, 0, 0, 0, 0, 0, 0, 0 ], 
                  [ 0, 1, 1, 1, -1, -1, -1, 0, -2, 0, 0, 0, 0, 0, 0, 0 ], [ 0, 0, 0, 0, 0, 0, 0, 0, 0, -2, -1, 0, 0, 0, 1, -1 ], 
                  [ 0, 0, 0, 0, 0, 0, 0, 0, 0, -1, -2, 0, 0, 0, 1, 0 ], [ 0, 0, 0, 0, 0, 0, 0, 0, 0, 0, 0, -2, -1, 0, -1, 1 ], 
                  [ 0, 0, 0, 0, 0, 0, 0, 0, 0, 0, 0, -1, 2, -1, 0, 1 ], [ 0, 0, 0, 0, 0, 0, 0, 0, 0, 0, 0, 0, -1, -2, -1, -1 ], 
                  [ 0, 0, 0, 0, 0, 0, 0, 0, 0, 1, 1, -1, 0, -1, -4, 2 ], [ 4, 0, 0, 0, 0, 0, 0, 0, 0, -1, 0, 1, 1, -1, 2, -2 ] ] ],
          method := "Nikulin uniqueness",
          spinorPrimes := [  ] ),
      ampleflag := true,
      basisdual := [ [ 2, 2, 0, 0, 0, 8 ], [ 0, 4, 0, 0, 0, 0 ], [ 0, 0, 1, 1, 0, 4 ], [ 0, 0, 0, 4, 1, 1 ], [ 0, 0, 0, 0, 2, 10 ], [ 0, 0, 0, 0, 0, 24 ] ],
      extdeg := 1,
      extgroupgens := [ [ 2, 0, 0, 0 ], [ 0, 4, 0, 0 ], [ 0, 0, 8, 0 ], [ 0, 0, 0, 24 ] ],
      h := [ 1, 0, 2, 0, 1, -1 ],
      rho := 6,
      sprats := rec(
          nopss := [ 0, 5 ],
          scons := [ [ [ 1, -1, 2, 0, 1, -1 ], [ 1, 1, 2, 0, 1, -1 ] ], [ [ 1, 0, 1, 0, 1, -1 ], [ 1, 0, 3, 0, 1, -1 ] ], [ [ 1, 0, 3, 0, 3, -2 ], [ 1, 0, 1, 0, -1, 0 ] ], 
              [ [ 1, 0, 2, -1, 1, -1 ], [ 1, 0, 2, 1, 1, -1 ] ], [ [ 1, 0, 6, -1, 2, -2 ], [ 1, 0, -2, 1, 0, 0 ] ] ],
          slins := [  ] ) ), rec(
      Gram := [ [ -14, 0, 1, -20, -14, -28 ], [ 0, -4, 0, 0, 0, 0 ], [ 1, 0, -4, -4, -7, 0 ], [ -20, 0, -4, -36, -28, -42 ], [ -14, 0, -7, -28, -28, -28 ], 
          [ -28, 0, 0, -42, -28, -56 ] ],
      Trec := rec(
          count := 1,
          grams := [ [ [ 0, 0, 0, 0, 0, 0, 0, 0, 0, 0, 0, 0, 0, 0, 0, 1 ], [ 0, 0, 0, 0, 0, 0, 0, 0, 0, 0, 0, 0, 0, 0, 1, 0 ], 
                  [ 0, 0, -2, 1, -1, 1, 1, -1, -1, 1, 0, 0, 0, 0, 0, 0 ], [ 0, 0, 1, -2, 0, -1, -1, 1, 0, -1, 0, 0, 0, 0, 0, 0 ], 
                  [ 0, 0, -1, 0, -2, 1, 0, -1, 0, 1, 0, 0, 0, 0, 0, 0 ], [ 0, 0, 1, -1, 1, -2, -1, 1, 0, -1, 0, 0, 0, 0, 0, 0 ], 
                  [ 0, 0, 1, -1, 0, -1, -2, 0, 0, -1, 0, 0, 0, 0, 0, 0 ], [ 0, 0, -1, 1, -1, 1, 0, -2, 0, 1, 0, 0, 0, 0, 0, 0 ], 
                  [ 0, 0, -1, 0, 0, 0, 0, 0, -2, 0, 0, 0, 0, 0, 0, 0 ], [ 0, 0, 1, -1, 1, -1, -1, 1, 0, -2, 0, 0, 0, 0, 0, 0 ], 
                  [ 0, 0, 0, 0, 0, 0, 0, 0, 0, 0, -2, 0, 0, 0, 0, 0 ], [ 0, 0, 0, 0, 0, 0, 0, 0, 0, 0, 0, -4, 0, 0, 0, 0 ], 
                  [ 0, 0, 0, 0, 0, 0, 0, 0, 0, 0, 0, 0, -14, 0, 0, 0 ], [ 0, 0, 0, 0, 0, 0, 0, 0, 0, 0, 0, 0, 0, -14, 0, 0 ], 
                  [ 0, 1, 0, 0, 0, 0, 0, 0, 0, 0, 0, 0, 0, 0, 0, 0 ], [ 1, 0, 0, 0, 0, 0, 0, 0, 0, 0, 0, 0, 0, 0, 0, 0 ] ] ],
          method := "Nikulin uniqueness",
          spinorPrimes := [  ] ),
      ampleflag := true,
      basisdual := [ [ 2, 2, 0, 0, 1, 9 ], [ 0, 4, 0, 0, 0, 0 ], [ 0, 0, 1, 1, 4, 0 ], [ 0, 0, 0, 2, 4, 10 ], [ 0, 0, 0, 0, 7, 7 ], [ 0, 0, 0, 0, 0, 14 ] ],
      extdeg := 1,
      extgroupgens := [ [ 2, 0, 0, 0 ], [ 0, 2, 0, 0 ], [ 0, 0, 14, 0 ], [ 0, 0, 0, 28 ] ],
      h := [ 1, 0, 2, 0, -1, 0 ],
      rho := 6,
      sprats := rec(
          nopss := [ 0, 5 ],
          scons := [ [ [ 1, -1, 2, 0, -1, 0 ], [ 1, 1, 2, 0, -1, 0 ] ], [ [ 1, 0, 3, -1, -1, 1 ], [ 1, 0, 1, 1, -1, -1 ] ], [ [ 1, 0, 6, -2, -2, 2 ], [ 1, 0, -2, 2, 0, -2 ] ]
                , [ [ 1, 0, 2, -2, 0, 1 ], [ 1, 0, 2, 2, -2, -1 ] ], [ [ 1, 0, 1, 0, -1, 0 ], [ 1, 0, 3, 0, -1, 0 ] ] ],
          slins := [  ] ) ), rec(
      Gram := [ [ -2, 3, -1, 4, 0, 7 ], [ 3, -10, -2, -18, -14, -21 ], [ -1, -2, -4, -4, -7, 0 ], [ 4, -18, -4, -36, -28, -42 ], [ 0, -14, -7, -28, -28, -28 ], 
          [ 7, -21, 0, -42, -28, -56 ] ],
      Trec := rec(
          count := 1,
          grams := [ [ [ 0, 0, 0, 0, 0, 0, 0, 0, 0, 0, 0, 0, 0, 0, 0, 1 ], [ 0, -2, -1, -1, -1, 1, 1, -1, 1, 0, 0, 0, 0, 0, 0, 0 ], 
                  [ 0, -1, -2, 0, 0, 1, 1, -1, 1, 0, 0, 0, 0, 0, 0, 0 ], [ 0, -1, 0, -2, 0, 0, 1, -1, 1, 0, 0, 0, 0, 0, 0, 0 ], 
                  [ 0, -1, 0, 0, -2, 0, 0, 0, 0, 0, 0, 0, 0, 0, 0, 0 ], [ 0, 1, 1, 0, 0, -2, 0, 1, -1, 0, 0, 0, 0, 0, 0, 0 ], 
                  [ 0, 1, 1, 1, 0, 0, -2, 1, -1, 0, 0, 0, 0, 0, 0, 0 ], [ 0, -1, -1, -1, 0, 1, 1, -2, 1, 0, 0, 0, 0, 0, 0, 0 ], 
                  [ 0, 1, 1, 1, 0, -1, -1, 1, -2, 0, 0, 0, 0, 0, 0, 0 ], [ 0, 0, 0, 0, 0, 0, 0, 0, 0, -2, 1, 0, 0, -1, 0, 0 ], 
                  [ 0, 0, 0, 0, 0, 0, 0, 0, 0, 1, -2, 0, 0, 1, 0, 0 ], [ 0, 0, 0, 0, 0, 0, 0, 0, 0, 0, 0, -2, 0, 1, 0, 0 ], [ 0, 0, 0, 0, 0, 0, 0, 0, 0, 0, 0, 0, -2, 1, 0, 0 
                     ], [ 0, 0, 0, 0, 0, 0, 0, 0, 0, -1, 1, 1, 1, -4, 0, 0 ], [ 0, 0, 0, 0, 0, 0, 0, 0, 0, 0, 0, 0, 0, 0, 14, 0 ], 
                  [ 1, 0, 0, 0, 0, 0, 0, 0, 0, 0, 0, 0, 0, 0, 0, 0 ] ] ],
          method := "Nikulin uniqueness",
          spinorPrimes := [  ] ),
      ampleflag := true,
      basisdual := [ [ 2, 0, 0, 1, 3, 0 ], [ 0, 2, 0, 1, 2, 5 ], [ 0, 0, 1, 1, 4, 0 ], [ 0, 0, 0, 2, 4, 10 ], [ 0, 0, 0, 0, 7, 7 ], [ 0, 0, 0, 0, 0, 14 ] ],
      extdeg := 2,
      extgroupgens := [ [ 2, 0, 0, 0 ], [ 0, 2, 0, 0 ], [ 0, 0, 7, 14 ], [ 0, 0, 0, 28 ] ],
      h := [ 1, 1, 2, -1, -1, 1 ],
      rho := 6,
      sprats := rec(
          nopss := [ 0, 13 ],
          scons := [ [ [ 1, 2, 4, -2, -2, 2 ], [ 1, 0, 0, 0, 0, 0 ] ], [ [ 1, 1, 6, -3, -2, 3 ], [ 1, 1, -2, 1, 0, -1 ] ], [ [ 1, 1, 3, -2, -1, 2 ], [ 1, 1, 1, 0, -1, 0 ] ], 
              [ [ 1, 0, 4, -1, -2, 2 ], [ 1, 2, 0, -1, 0, 0 ] ], [ [ 1, 2, 3, -3, -1, 2 ], [ 1, 0, 1, 1, -1, 0 ] ], [ [ 1, 1, 2, -3, 0, 2 ], [ 1, 1, 2, 1, -2, 0 ] ], 
              [ [ 1, 1, 1, -1, -1, 1 ], [ 1, 1, 3, -1, -1, 1 ] ], [ [ 1, 0, 3, -2, -1, 2 ], [ 1, 2, 1, 0, -1, 0 ] ], [ [ 1, 3, 2, -2, -1, 1 ], [ 1, -1, 2, 0, -1, 1 ] ], 
              [ [ 1, 2, 4, -3, -1, 2 ], [ 1, 0, 0, 1, -1, 0 ] ], [ [ 1, 2, 1, -2, 0, 1 ], [ 1, 0, 3, 0, -2, 1 ] ], [ [ 1, 2, 3, -1, -2, 1 ], [ 1, 0, 1, -1, 0, 1 ] ], 
              [ [ 1, 2, 0, 0, -1, 0 ], [ 1, 0, 4, -2, -1, 2 ] ] ],
          slins := [  ] ) ), rec(
      Gram := [ [ -494, 0, -246, -204, -370, -576 ], [ 0, -4, 0, 0, 0, 0 ], [ -246, 0, -124, -104, -185, -288 ], [ -204, 0, -104, -90, -154, -240 ], 
          [ -370, 0, -185, -154, -278, -432 ], [ -576, 0, -288, -240, -432, -672 ] ],
      Trec := rec(
          count := 1,
          grams := [ [ [ 0, 0, 0, 0, 0, 0, 0, 0, 0, 0, 0, 0, 0, 0, 0, 4 ], [ 0, -2, -1, -1, -1, 1, 1, -1, 1, 0, 0, 0, 0, 0, 0, 0 ], 
                  [ 0, -1, -2, 0, 0, 1, 1, -1, 1, 0, 0, 0, 0, 0, 0, 0 ], [ 0, -1, 0, -2, 0, 0, 1, -1, 1, 0, 0, 0, 0, 0, 0, 0 ], 
                  [ 0, -1, 0, 0, -2, 0, 0, 0, 0, 0, 0, 0, 0, 0, 0, 0 ], [ 0, 1, 1, 0, 0, -2, 0, 1, -1, 0, 0, 0, 0, 0, 0, 0 ], 
                  [ 0, 1, 1, 1, 0, 0, -2, 1, -1, 0, 0, 0, 0, 0, 0, 0 ], [ 0, -1, -1, -1, 0, 1, 1, -2, 1, 0, 0, 0, 0, 0, 0, 0 ], 
                  [ 0, 1, 1, 1, 0, -1, -1, 1, -2, 0, 0, 0, 0, 0, 0, 0 ], [ 0, 0, 0, 0, 0, 0, 0, 0, 0, -2, 1, 0, 0, 0, -1, 1 ], 
                  [ 0, 0, 0, 0, 0, 0, 0, 0, 0, 1, -2, 0, 0, 0, 1, 2 ], [ 0, 0, 0, 0, 0, 0, 0, 0, 0, 0, 0, -2, -1, 0, -1, -1 ], 
                  [ 0, 0, 0, 0, 0, 0, 0, 0, 0, 0, 0, -1, 2, -1, 0, 0 ], [ 0, 0, 0, 0, 0, 0, 0, 0, 0, 0, 0, 0, -1, -2, -1, -1 ], 
                  [ 0, 0, 0, 0, 0, 0, 0, 0, 0, -1, 1, -1, 0, -1, -4, 1 ], [ 4, 0, 0, 0, 0, 0, 0, 0, 0, 1, 2, -1, 0, -1, 1, 2 ] ] ],
          method := "Nikulin uniqueness",
          spinorPrimes := [  ] ),
      ampleflag := true,
      basisdual := [ [ 2, 2, 0, 0, 0, 42 ], [ 0, 4, 0, 0, 0, 0 ], [ 0, 0, 1, 1, 0, 21 ], [ 0, 0, 0, 4, 0, 18 ], [ 0, 0, 0, 0, 1, 31 ], [ 0, 0, 0, 0, 0, 48 ] ],
      extdeg := 1,
      extgroupgens := [ [ 2, 0, 0, 0 ], [ 0, 2, 0, 0 ], [ 0, 0, 4, 0 ], [ 0, 0, 0, 96 ] ],
      h := [ 1, 0, 2, 0, 2, -3 ],
      rho := 6,
      sprats := rec(
          nopss := [ 0, 5 ],
          scons := [ [ [ 1, -1, 2, 0, 2, -3 ], [ 1, 1, 2, 0, 2, -3 ] ], [ [ 1, 0, 2, -1, 1, -2 ], [ 1, 0, 2, 1, 3, -4 ] ], [ [ 1, 0, -2, 1, 1, -1 ], [ 1, 0, 6, -1, 3, -5 ] ],
              [ [ 1, 0, 1, 0, 1, -2 ], [ 1, 0, 3, 0, 3, -4 ] ], [ [ 1, 0, 1, 0, -2, 0 ], [ 1, 0, 3, 0, 6, -6 ] ] ],
          slins := [  ] ) ), rec(
      Gram := [ [ -8, 0, -31, -27, -46, -72 ], [ 0, -4, 0, 0, 0, 0 ], [ -31, 0, -124, -104, -185, -288 ], [ -27, 0, -104, -90, -154, -240 ], 
          [ -46, 0, -185, -154, -278, -432 ], [ -72, 0, -288, -240, -432, -672 ] ],
      Trec := rec(
          count := 1,
          grams := [ [ [ 0, 0, 0, 0, 0, 0, 0, 0, 0, 0, 0, 0, 0, 0, 0, 1 ], [ 0, -2, -1, -1, 1, 1, -1, -1, 1, 0, 0, 0, 0, 0, 0, 0 ], 
                  [ 0, -1, -2, 0, 1, 1, 0, -1, 1, 0, 0, 0, 0, 0, 0, 0 ], [ 0, -1, 0, -2, 1, 0, -1, 0, 1, 0, 0, 0, 0, 0, 0, 0 ], 
                  [ 0, 1, 1, 1, -2, -1, 1, 0, -1, 0, 0, 0, 0, 0, 0, 0 ], [ 0, 1, 1, 0, -1, -2, 1, 0, -1, 0, 0, 0, 0, 0, 0, 0 ], 
                  [ 0, -1, 0, -1, 1, 1, -2, 0, 1, 0, 0, 0, 0, 0, 0, 0 ], [ 0, -1, -1, 0, 0, 0, 0, -2, 0, 0, 0, 0, 0, 0, 0, 0 ], 
                  [ 0, 1, 1, 1, -1, -1, 1, 0, -2, 0, 0, 0, 0, 0, 0, 0 ], [ 0, 0, 0, 0, 0, 0, 0, 0, 0, -2, 1, -1, -1, 0, -1, 0 ], 
                  [ 0, 0, 0, 0, 0, 0, 0, 0, 0, 1, -2, 1, 0, 0, 0, 0 ], [ 0, 0, 0, 0, 0, 0, 0, 0, 0, -1, 1, -2, 0, 0, 0, 0 ], 
                  [ 0, 0, 0, 0, 0, 0, 0, 0, 0, -1, 0, 0, -2, 0, -1, 0 ], [ 0, 0, 0, 0, 0, 0, 0, 0, 0, 0, 0, 0, 0, 4, 0, 0 ], 
                  [ 0, 0, 0, 0, 0, 0, 0, 0, 0, -1, 0, 0, -1, 0, -20, 0 ], [ 1, 0, 0, 0, 0, 0, 0, 0, 0, 0, 0, 0, 0, 0, 0, 0 ] ] ],
          method := "Nikulin uniqueness",
          spinorPrimes := [  ] ),
      ampleflag := true,
      basisdual := [ [ 1, 1, 0, 2, 0, 6 ], [ 0, 4, 0, 0, 0, 0 ], [ 0, 0, 1, 1, 0, 21 ], [ 0, 0, 0, 4, 0, 18 ], [ 0, 0, 0, 0, 1, 31 ], [ 0, 0, 0, 0, 0, 48 ] ],
      extdeg := 2,
      extgroupgens := [ [ 1, 0, 0, 0 ], [ 0, 2, 0, 0 ], [ 0, 0, 4, 0 ], [ 0, 0, 0, 96 ] ],
      h := [ 2, 0, 2, -1, 2, -2 ],
      rho := 6,
      sprats := rec(
          nopss := [ 3, 2 ],
          scons := [ [ [ 2, -1, 2, -1, 2, -2 ], [ 2, 1, 2, -1, 2, -2 ] ], [ [ 2, 0, 2, -2, 1, -1 ], [ 2, 0, 2, 0, 3, -3 ] ] ],
          slins := [ [ [ 1, 0, -1, 0, 2, -1 ], [ 1, 0, 3, -1, 0, -1 ] ], [ [ 1, 0, -1, 0, -1, 1 ], [ 1, 0, 3, -1, 3, -3 ] ], [ [ 1, 0, 0, 0, 3, -2 ], [ 1, 0, 2, -1, -1, 0 ] 
                 ] ] ) ), rec(
      Gram := [ [ -286, 0, -342, -84, -314, -400 ], [ 0, -4, 0, 0, 0, 0 ], [ -342, 0, -412, -104, -377, -480 ], [ -84, 0, -104, -30, -94, -120 ], 
          [ -314, 0, -377, -94, -346, -440 ], [ -400, 0, -480, -120, -440, -560 ] ],
      Trec := rec(
          count := 1,
          grams := [ [ [ 0, 0, 0, 0, 0, 0, 0, 0, 0, 0, 0, 0, 0, 0, 0, 1 ], [ 0, -2, -1, -1, -1, 1, 1, 1, 1, 0, 0, 0, 0, 0, 0, 0 ], 
                  [ 0, -1, -2, 0, 0, 1, 1, 1, 1, 0, 0, 0, 0, 0, 0, 0 ], [ 0, -1, 0, -2, 0, 0, 1, 1, 1, 0, 0, 0, 0, 0, 0, 0 ], 
                  [ 0, -1, 0, 0, -2, 0, 0, 0, 0, 0, 0, 0, 0, 0, 0, 0 ], [ 0, 1, 1, 0, 0, -2, 0, 0, -1, 0, 0, 0, 0, 0, 0, 0 ], 
                  [ 0, 1, 1, 1, 0, 0, -2, -1, -1, 0, 0, 0, 0, 0, 0, 0 ], [ 0, 1, 1, 1, 0, 0, -1, -2, -1, 0, 0, 0, 0, 0, 0, 0 ], 
                  [ 0, 1, 1, 1, 0, -1, -1, -1, -2, 0, 0, 0, 0, 0, 0, 0 ], [ 0, 0, 0, 0, 0, 0, 0, 0, 0, -2, 1, 0, 0, 1, 1, 0 ], 
                  [ 0, 0, 0, 0, 0, 0, 0, 0, 0, 1, -2, 0, 0, 0, 0, 0 ], [ 0, 0, 0, 0, 0, 0, 0, 0, 0, 0, 0, -2, 0, 0, 0, 0 ], [ 0, 0, 0, 0, 0, 0, 0, 0, 0, 0, 0, 0, -4, 0, 0, 0 
                     ], [ 0, 0, 0, 0, 0, 0, 0, 0, 0, 1, 0, 0, 0, 4, 0, 0 ], [ 0, 0, 0, 0, 0, 0, 0, 0, 0, 1, 0, 0, 0, 0, -12, 0 ], 
                  [ 1, 0, 0, 0, 0, 0, 0, 0, 0, 0, 0, 0, 0, 0, 0, 0 ] ] ],
          method := "Nikulin uniqueness",
          spinorPrimes := [  ] ),
      ampleflag := true,
      basisdual := [ [ 2, 2, 0, 0, 0, 30 ], [ 0, 4, 0, 0, 0, 0 ], [ 0, 0, 1, 1, 0, 35 ], [ 0, 0, 0, 4, 0, 10 ], [ 0, 0, 0, 0, 1, 31 ], [ 0, 0, 0, 0, 0, 40 ] ],
      extdeg := 1,
      extgroupgens := [ [ 2, 0, 0, 0 ], [ 0, 2, 0, 0 ], [ 0, 0, 4, 0 ], [ 0, 0, 0, 80 ] ],
      h := [ 1, 0, 2, 0, 2, -4 ],
      rho := 6,
      sprats := rec(
          nopss := [ 0, 5 ],
          scons := [ [ [ 1, -1, 2, 0, 2, -4 ], [ 1, 1, 2, 0, 2, -4 ] ], [ [ 1, 0, 2, -1, 1, -3 ], [ 1, 0, 2, 1, 3, -5 ] ], [ [ 1, 0, -2, 1, 1, 0 ], [ 1, 0, 6, -1, 3, -8 ] ], 
              [ [ 1, 0, 1, 0, 3, -4 ], [ 1, 0, 3, 0, 1, -4 ] ], [ [ 1, 0, 1, 0, -2, 0 ], [ 1, 0, 3, 0, 6, -8 ] ] ],
          slins := [  ] ) ), rec(
      Gram := [ [ -122, -2, -223, -57, -204, -260 ], [ -2, -4, 0, 0, 0, 0 ], [ -223, 0, -412, -104, -377, -480 ], [ -57, 0, -104, -30, -94, -120 ], 
          [ -204, 0, -377, -94, -346, -440 ], [ -260, 0, -480, -120, -440, -560 ] ],
      Trec := rec(
          count := 1,
          grams := [ [ [ 0, 0, 0, 0, 0, 0, 0, 0, 0, 0, 0, 0, 0, 0, 0, 1 ], [ 0, -2, 1, 1, 1, 1, -1, -1, -1, 0, 0, 0, 0, 0, 0, 0 ], 
                  [ 0, 1, -2, -1, -1, -1, 1, 0, 1, 0, 0, 0, 0, 0, 0, 0 ], [ 0, 1, -1, -2, 0, -1, 1, 0, 1, 0, 0, 0, 0, 0, 0, 0 ], 
                  [ 0, 1, -1, 0, -2, -1, 0, 1, 0, 0, 0, 0, 0, 0, 0, 0 ], [ 0, 1, -1, -1, -1, -2, 1, 1, 0, 0, 0, 0, 0, 0, 0, 0 ], 
                  [ 0, -1, 1, 1, 0, 1, -2, 0, -1, 0, 0, 0, 0, 0, 0, 0 ], [ 0, -1, 0, 0, 1, 1, 0, -2, 0, 0, 0, 0, 0, 0, 0, 0 ], 
                  [ 0, -1, 1, 1, 0, 0, -1, 0, -2, 0, 0, 0, 0, 0, 0, 0 ], [ 0, 0, 0, 0, 0, 0, 0, 0, 0, -2, -1, 0, 0, 0, 1, 0 ], 
                  [ 0, 0, 0, 0, 0, 0, 0, 0, 0, -1, -2, 0, 0, 0, 1, 0 ], [ 0, 0, 0, 0, 0, 0, 0, 0, 0, 0, 0, 2, 1, 0, 0, 0 ], [ 0, 0, 0, 0, 0, 0, 0, 0, 0, 0, 0, 1, -2, 0, 0, 0 
                     ], [ 0, 0, 0, 0, 0, 0, 0, 0, 0, 0, 0, 0, 0, -4, 0, 0 ], [ 0, 0, 0, 0, 0, 0, 0, 0, 0, 1, 1, 0, 0, 0, -6, 0 ], 
                  [ 1, 0, 0, 0, 0, 0, 0, 0, 0, 0, 0, 0, 0, 0, 0, 0 ] ] ],
          method := "Nikulin uniqueness",
          spinorPrimes := [  ] ),
      ampleflag := true,
      basisdual := [ [ 1, 3, 0, 2, 0, 20 ], [ 0, 4, 0, 0, 0, 0 ], [ 0, 0, 1, 1, 0, 35 ], [ 0, 0, 0, 4, 0, 10 ], [ 0, 0, 0, 0, 1, 31 ], [ 0, 0, 0, 0, 0, 40 ] ],
      extdeg := 2,
      extgroupgens := [ [ 1, 0, 2, 0 ], [ 0, 2, 0, 0 ], [ 0, 0, 4, 0 ], [ 0, 0, 0, 80 ] ],
      h := [ 2, -1, 2, -1, 2, -4 ],
      rho := 6,
      sprats := rec(
          nopss := [ 2, 4 ],
          scons := [ [ [ 2, -1, 2, -2, 1, -3 ], [ 2, -1, 2, 0, 3, -5 ] ], [ [ 2, -1, -2, 0, 1, 0 ], [ 2, -1, 6, -2, 3, -8 ] ], 
              [ [ 2, -1, 1, -1, 3, -4 ], [ 2, -1, 3, -1, 1, -4 ] ], [ [ 2, -1, 1, -1, -2, 0 ], [ 2, -1, 3, -1, 6, -8 ] ] ],
          slins := [ [ [ 1, -1, 0, 0, 2, -2 ], [ 1, 0, 2, -1, 0, -2 ] ], [ [ 1, -1, 2, -1, 0, -2 ], [ 1, 0, 0, 0, 2, -2 ] ] ] ) ), rec(
      Gram := [ [ -1286, 0, -1542, -1092, -1414, -1800 ], [ 0, -4, 0, 0, 0, 0 ], [ -1542, 0, -1852, -1312, -1697, -2160 ], [ -1092, 0, -1312, -930, -1202, -1530 ], 
          [ -1414, 0, -1697, -1202, -1556, -1980 ], [ -1800, 0, -2160, -1530, -1980, -2520 ] ],
      Trec := rec(
          count := 1,
          grams := [ [ [ 0, 0, 0, 0, 0, 0, 0, 0, 0, 0, 0, 0, 0, 0, 0, 1 ], [ 0, 0, 0, 0, 0, 0, 0, 0, 0, 0, 0, 0, 0, 0, 1, 0 ], 
                  [ 0, 0, -2, 1, -1, -1, 1, 1, 1, 0, 0, 1, 1, 1, 0, 0 ], [ 0, 0, 1, -2, 0, 1, 0, -1, -1, 0, 0, -1, -1, -1, 0, 0 ], 
                  [ 0, 0, -1, 0, -2, -1, 1, 0, 0, 0, 0, 1, 0, 0, 0, 0 ], [ 0, 0, -1, 1, -1, -2, 0, 1, 1, 0, 0, 1, 0, 0, 0, 0 ], 
                  [ 0, 0, 1, 0, 1, 0, -2, 0, 0, 0, 0, 0, 0, 0, 0, 0 ], [ 0, 0, 1, -1, 0, 1, 0, -2, -1, 0, 0, -1, 0, 0, 0, 0 ], 
                  [ 0, 0, 1, -1, 0, 1, 0, -1, -2, 0, 0, 0, -1, -1, 0, 0 ], [ 0, 0, 0, 0, 0, 0, 0, 0, 0, -2, 0, 0, 0, 0, 0, 0 ], 
                  [ 0, 0, 0, 0, 0, 0, 0, 0, 0, 0, -2, 0, 0, 0, 0, 0 ], [ 0, 0, 1, -1, 1, 1, 0, -1, 0, 0, 0, -4, -1, -1, 0, 0 ], 
                  [ 0, 0, 1, -1, 0, 0, 0, 0, -1, 0, 0, -1, -4, -2, 0, 0 ], [ 0, 0, 1, -1, 0, 0, 0, 0, -1, 0, 0, -1, -2, -22, 0, 0 ], 
                  [ 0, 1, 0, 0, 0, 0, 0, 0, 0, 0, 0, 0, 0, 0, 0, 0 ], [ 1, 0, 0, 0, 0, 0, 0, 0, 0, 0, 0, 0, 0, 0, 0, 0 ] ] ],
          method := "Nikulin uniqueness",
          spinorPrimes := [  ] ),
      ampleflag := true,
      basisdual := [ [ 2, 2, 0, 0, 0, 66 ], [ 0, 4, 0, 0, 0, 0 ], [ 0, 0, 1, 1, 0, 77 ], [ 0, 0, 0, 2, 0, 54 ], [ 0, 0, 0, 0, 1, 71 ], [ 0, 0, 0, 0, 0, 90 ] ],
      extdeg := 1,
      extgroupgens := [ [ 2, 0, 0, 0 ], [ 0, 2, 0, 0 ], [ 0, 0, 2, 0 ], [ 0, 0, 0, 180 ] ],
      h := [ 1, 0, 2, 0, 2, -4 ],
      rho := 6,
      sprats := rec(
          nopss := [ 0, 5 ],
          scons := [ [ [ 1, -1, 2, 0, 2, -4 ], [ 1, 1, 2, 0, 2, -4 ] ], [ [ 1, 0, -2, 2, 1, -1 ], [ 1, 0, 6, -2, 3, -7 ] ], [ [ 1, 0, 2, -2, 1, -2 ], [ 1, 0, 2, 2, 3, -6 ] ],
              [ [ 1, 0, 1, 0, -2, 0 ], [ 1, 0, 3, 0, 6, -8 ] ], [ [ 1, 0, 3, -1, 3, -5 ], [ 1, 0, 1, 1, 1, -3 ] ] ],
          slins := [  ] ) ), rec(
      Gram := [ [ -66, -2, -347, -246, -318, -405 ], [ -2, -4, 0, 0, 0, 0 ], [ -347, 0, -1852, -1312, -1697, -2160 ], [ -246, 0, -1312, -930, -1202, -1530 ], 
          [ -318, 0, -1697, -1202, -1556, -1980 ], [ -405, 0, -2160, -1530, -1980, -2520 ] ],
      Trec := rec(
          count := 1,
          grams := [ [ [ 0, 0, 0, 0, 0, 0, 0, 0, 0, 0, 0, 0, 0, 0, 0, 1 ], [ 0, 0, 0, 0, 0, 0, 0, 0, 0, 0, 0, 0, 0, 0, 1, 0 ], 
                  [ 0, 0, -2, 1, -1, -1, 1, 1, 1, 0, 0, 1, 1, 0, 0, 0 ], [ 0, 0, 1, -2, 0, 1, 0, -1, -1, 0, 0, -1, -1, 0, 0, 0 ], 
                  [ 0, 0, -1, 0, -2, -1, 1, 0, 0, 0, 0, 1, 0, 0, 0, 0 ], [ 0, 0, -1, 1, -1, -2, 0, 1, 1, 0, 0, 1, 0, 0, 0, 0 ], 
                  [ 0, 0, 1, 0, 1, 0, -2, 0, 0, 0, 0, 0, 0, 0, 0, 0 ], [ 0, 0, 1, -1, 0, 1, 0, -2, -1, 0, 0, -1, 0, 0, 0, 0 ], 
                  [ 0, 0, 1, -1, 0, 1, 0, -1, -2, 0, 0, 0, -1, 0, 0, 0 ], [ 0, 0, 0, 0, 0, 0, 0, 0, 0, -2, 0, 0, 0, 0, 0, 0 ], 
                  [ 0, 0, 0, 0, 0, 0, 0, 0, 0, 0, -2, 0, 0, -1, 0, 0 ], [ 0, 0, 1, -1, 1, 1, 0, -1, 0, 0, 0, -4, -1, 0, 0, 0 ], 
                  [ 0, 0, 1, -1, 0, 0, 0, 0, -1, 0, 0, -1, -4, 1, 0, 0 ], [ 0, 0, 0, 0, 0, 0, 0, 0, 0, 0, -1, 0, 1, -6, 0, 0 ], 
                  [ 0, 1, 0, 0, 0, 0, 0, 0, 0, 0, 0, 0, 0, 0, 0, 0 ], [ 1, 0, 0, 0, 0, 0, 0, 0, 0, 0, 0, 0, 0, 0, 0, 0 ] ] ],
          method := "Nikulin uniqueness",
          spinorPrimes := [  ] ),
      ampleflag := true,
      basisdual := [ [ 1, 3, 0, 1, 0, 15 ], [ 0, 4, 0, 0, 0, 0 ], [ 0, 0, 1, 1, 0, 77 ], [ 0, 0, 0, 2, 0, 54 ], [ 0, 0, 0, 0, 1, 71 ], [ 0, 0, 0, 0, 0, 90 ] ],
      extdeg := 2,
      extgroupgens := [ [ 1, 0, 0, 0 ], [ 0, 2, 0, 0 ], [ 0, 0, 2, 0 ], [ 0, 0, 0, 180 ] ],
      h := [ 2, -1, 2, -1, 2, -3 ],
      rho := 6,
      sprats := rec(
          nopss := [ 2, 4 ],
          scons := [ [ [ 2, -1, -2, 1, 1, 0 ], [ 2, -1, 6, -3, 3, -6 ] ], [ [ 2, -1, 2, -3, 1, -1 ], [ 2, -1, 2, 1, 3, -5 ] ], 
              [ [ 2, -1, 1, -1, -2, 1 ], [ 2, -1, 3, -1, 6, -7 ] ], [ [ 2, -1, 3, -2, 3, -4 ], [ 2, -1, 1, 0, 1, -2 ] ] ],
          slins := [ [ [ 1, -1, 1, -1, 2, -2 ], [ 1, 0, 1, 0, 0, -1 ] ], [ [ 1, -1, 1, 0, 0, -1 ], [ 1, 0, 1, -1, 2, -2 ] ] ] ) ), rec(
      Gram := [ [ -1100, 0, -1427, -1011, -1308, -1665 ], [ 0, -4, 0, 0, 0, 0 ], [ -1427, 0, -1852, -1312, -1697, -2160 ], [ -1011, 0, -1312, -930, -1202, -1530 ], 
          [ -1308, 0, -1697, -1202, -1556, -1980 ], [ -1665, 0, -2160, -1530, -1980, -2520 ] ],
      Trec := rec(
          count := 1,
          grams := [ [ [ 0, 0, 0, 0, 0, 0, 0, 0, 0, 0, 0, 0, 0, 0, 0, 1 ], [ 0, 0, 0, 0, 0, 0, 0, 0, 0, 0, 0, 0, 0, 0, 1, 0 ], 
                  [ 0, 0, -2, 1, -1, -1, 1, 1, 1, 0, 0, 1, 1, 0, 0, 0 ], [ 0, 0, 1, -2, 0, 1, 0, -1, -1, 0, 0, -1, -1, 0, 0, 0 ], 
                  [ 0, 0, -1, 0, -2, -1, 1, 0, 0, 0, 0, 1, 0, 0, 0, 0 ], [ 0, 0, -1, 1, -1, -2, 0, 1, 1, 0, 0, 1, 0, 0, 0, 0 ], 
                  [ 0, 0, 1, 0, 1, 0, -2, 0, 0, 0, 0, 0, 0, 0, 0, 0 ], [ 0, 0, 1, -1, 0, 1, 0, -2, -1, 0, 0, -1, 0, 0, 0, 0 ], 
                  [ 0, 0, 1, -1, 0, 1, 0, -1, -2, 0, 0, 0, -1, 0, 0, 0 ], [ 0, 0, 0, 0, 0, 0, 0, 0, 0, -2, 0, 0, 0, 0, 0, 0 ], 
                  [ 0, 0, 0, 0, 0, 0, 0, 0, 0, 0, -2, 0, 0, -1, 0, 0 ], [ 0, 0, 1, -1, 1, 1, 0, -1, 0, 0, 0, -4, -1, 0, 0, 0 ], 
                  [ 0, 0, 1, -1, 0, 0, 0, 0, -1, 0, 0, -1, -4, 1, 0, 0 ], [ 0, 0, 0, 0, 0, 0, 0, 0, 0, 0, -1, 0, 1, -6, 0, 0 ], 
                  [ 0, 1, 0, 0, 0, 0, 0, 0, 0, 0, 0, 0, 0, 0, 0, 0 ], [ 1, 0, 0, 0, 0, 0, 0, 0, 0, 0, 0, 0, 0, 0, 0, 0 ] ] ],
          method := "Nikulin uniqueness",
          spinorPrimes := [  ] ),
      ampleflag := true,
      basisdual := [ [ 1, 1, 0, 1, 0, 60 ], [ 0, 4, 0, 0, 0, 0 ], [ 0, 0, 1, 1, 0, 77 ], [ 0, 0, 0, 2, 0, 54 ], [ 0, 0, 0, 0, 1, 71 ], [ 0, 0, 0, 0, 0, 90 ] ],
      extdeg := 2,
      extgroupgens := [ [ 1, 1, 1, 0 ], [ 0, 2, 0, 0 ], [ 0, 0, 2, 0 ], [ 0, 0, 0, 180 ] ],
      h := [ 2, 0, 2, -1, 2, -4 ],
      rho := 6,
      sprats := rec(
          nopss := [ 3, 2 ],
          scons := [ [ [ 2, -1, 2, -1, 2, -4 ], [ 2, 1, 2, -1, 2, -4 ] ], [ [ 2, 0, 2, -3, 1, -2 ], [ 2, 0, 2, 1, 3, -6 ] ] ],
          slins := [ [ [ 1, 0, -1, 0, -1, 1 ], [ 1, 0, 3, -1, 3, -5 ] ], [ [ 1, 0, 0, 0, 3, -3 ], [ 1, 0, 2, -1, -1, -1 ] ], [ [ 1, 0, -1, 1, 2, -2 ], [ 1, 0, 3, -2, 0, -2 ] 
                 ] ] ) ), rec(
      Gram := [ [ -5966, 0, -5841, -4101, -4474, -6960 ], [ 0, -4, 0, 0, 0, 0 ], [ -5841, 0, -5720, -4016, -4381, -6815 ], [ -4101, 0, -4016, -2820, -3076, -4785 ], 
          [ -4474, 0, -4381, -3076, -3356, -5220 ], [ -6960, 0, -6815, -4785, -5220, -8120 ] ],
      Trec := rec(
          count := 1,
          grams := [ [ [ 0, 0, 0, 0, 0, 0, 0, 0, 0, 0, 0, 0, 0, 0, 0, 1 ], [ 0, -2, -1, -1, -1, 1, 1, -1, 1, 0, 0, 0, 0, 0, 0, 0 ], 
                  [ 0, -1, -2, 0, 0, 1, 1, -1, 1, 0, 0, 0, 0, 0, 0, 0 ], [ 0, -1, 0, -2, 0, 0, 1, -1, 1, 0, 0, 0, 0, 0, 0, 0 ], 
                  [ 0, -1, 0, 0, -2, 0, 0, 0, 0, 0, 0, 0, 0, 0, 0, 0 ], [ 0, 1, 1, 0, 0, -2, 0, 1, -1, 0, 0, 0, 0, 0, 0, 0 ], 
                  [ 0, 1, 1, 1, 0, 0, -2, 1, -1, 0, 0, 0, 0, 0, 0, 0 ], [ 0, -1, -1, -1, 0, 1, 1, -2, 1, 0, 0, 0, 0, 0, 0, 0 ], 
                  [ 0, 1, 1, 1, 0, -1, -1, 1, -2, 0, 0, 0, 0, 0, 0, 0 ], [ 0, 0, 0, 0, 0, 0, 0, 0, 0, -2, 0, 0, 0, 0, 0, 0 ], 
                  [ 0, 0, 0, 0, 0, 0, 0, 0, 0, 0, -2, 0, 0, -1, 0, 0 ], [ 0, 0, 0, 0, 0, 0, 0, 0, 0, 0, 0, -2, 0, 0, -1, 0 ], 
                  [ 0, 0, 0, 0, 0, 0, 0, 0, 0, 0, 0, 0, -2, -1, -6, 0 ], [ 0, 0, 0, 0, 0, 0, 0, 0, 0, 0, -1, 0, -1, -6, -3, 0 ], 
                  [ 0, 0, 0, 0, 0, 0, 0, 0, 0, 0, 0, -1, -6, -3, -4, 0 ], [ 1, 0, 0, 0, 0, 0, 0, 0, 0, 0, 0, 0, 0, 0, 0, 0 ] ] ],
          method := "Nikulin uniqueness",
          spinorPrimes := [  ] ),
      ampleflag := true,
      basisdual := [ [ 2, 2, 0, 0, 0, 125 ], [ 0, 4, 0, 0, 0, 0 ], [ 0, 0, 1, 0, 0, 122 ], [ 0, 0, 0, 1, 0, 86 ], [ 0, 0, 0, 0, 1, 93 ], [ 0, 0, 0, 0, 0, 145 ] ],
      extdeg := 1,
      extgroupgens := [ [ 2, 0 ], [ 0, 580 ] ],
      h := [ 1, 0, 2, 2, 2, -5 ],
      rho := 6,
      sprats := rec(
          nopss := [ 0, 6 ],
          scons := [ [ [ 1, -1, 2, 2, 2, -5 ], [ 1, 1, 2, 2, 2, -5 ] ], [ [ 1, 0, -2, 2, 1, -1 ], [ 1, 0, 6, 2, 3, -9 ] ], [ [ 1, 0, 1, 1, -2, -1 ], [ 1, 0, 3, 3, 6, -9 ] ], 
              [ [ 1, 0, 3, 4, 2, -7 ], [ 1, 0, 1, 0, 2, -3 ] ], [ [ 1, 0, 2, 6, 3, -8 ], [ 1, 0, 2, -2, 1, -2 ] ], [ [ 1, 0, 3, 0, 1, -4 ], [ 1, 0, 1, 4, 3, -6 ] ] ],
          slins := [  ] ) ), rec(
      Gram := [ [ -1574, 0, -1770, -852, -262, -3672 ], [ 0, -4, 0, 0, 0, 0 ], [ -1770, 0, -1992, -959, -295, -4131 ], [ -852, 0, -959, -462, -142, -1989 ], 
          [ -262, 0, -295, -142, -44, -612 ], [ -3672, 0, -4131, -1989, -612, -8568 ] ],
      Trec := rec(
          count := 1,
          grams := [ [ [ 0, 0, 0, 0, 0, 0, 0, 0, 0, 0, 0, 0, 0, 0, 0, 1 ], [ 0, 0, 0, 0, 0, 0, 0, 0, 0, 0, 0, 0, 0, 0, 1, 0 ], 
                  [ 0, 0, -2, 1, -1, -1, 1, -1, 1, 0, 0, 0, 1, 0, 0, 0 ], [ 0, 0, 1, -2, 0, 1, 0, 0, -1, 0, 0, 0, -1, 0, 0, 0 ], 
                  [ 0, 0, -1, 0, -2, -1, 1, -1, 0, 0, 0, 0, 0, 0, 0, 0 ], [ 0, 0, -1, 1, -1, -2, 0, -1, 0, 0, 0, 0, 0, 0, 0, 0 ], 
                  [ 0, 0, 1, 0, 1, 0, -2, 1, 0, 0, 0, 0, 0, 0, 0, 0 ], [ 0, 0, -1, 0, -1, -1, 1, -2, 0, 0, 0, 0, 0, 0, 0, 0 ], 
                  [ 0, 0, 1, -1, 0, 0, 0, 0, -2, 0, 0, 0, -1, 0, 0, 0 ], [ 0, 0, 0, 0, 0, 0, 0, 0, 0, -2, 0, 0, 0, 0, 0, 0 ], 
                  [ 0, 0, 0, 0, 0, 0, 0, 0, 0, 0, -4, -2, 0, 0, 0, 0 ], [ 0, 0, 0, 0, 0, 0, 0, 0, 0, 0, -2, -4, 0, 1, 0, 0 ], 
                  [ 0, 0, 1, -1, 0, 0, 0, 0, -1, 0, 0, 0, -6, 0, 0, 0 ], [ 0, 0, 0, 0, 0, 0, 0, 0, 0, 0, 0, 1, 0, -6, 0, 0 ], 
                  [ 0, 1, 0, 0, 0, 0, 0, 0, 0, 0, 0, 0, 0, 0, 0, 0 ], [ 1, 0, 0, 0, 0, 0, 0, 0, 0, 0, 0, 0, 0, 0, 0, 0 ] ] ],
          method := "Nikulin uniqueness",
          spinorPrimes := [  ] ),
      ampleflag := true,
      basisdual := [ [ 2, 2, 0, 0, 0, 68 ], [ 0, 4, 0, 0, 0, 0 ], [ 0, 0, 1, 0, 0, 74 ], [ 0, 0, 0, 1, 0, 35 ], [ 0, 0, 0, 0, 1, 11 ], [ 0, 0, 0, 0, 0, 153 ] ],
      extdeg := 1,
      extgroupgens := [ [ 2, 0 ], [ 0, 612 ] ],
      h := [ 1, 0, 2, 2, 2, -2 ],
      rho := 6,
      sprats := rec(
          nopss := [ 0, 6 ],
          scons := [ [ [ 1, -1, 2, 2, 2, -2 ], [ 1, 1, 2, 2, 2, -2 ] ], [ [ 1, 0, 6, 2, 3, -4 ], [ 1, 0, -2, 2, 1, 0 ] ], [ [ 1, 0, 3, 3, 6, -3 ], [ 1, 0, 1, 1, -2, -1 ] ], 
              [ [ 1, 0, 2, 6, 3, -3 ], [ 1, 0, 2, -2, 1, -1 ] ], [ [ 1, 0, 1, 4, 2, -2 ], [ 1, 0, 3, 0, 2, -2 ] ], [ [ 1, 0, 3, 4, 3, -3 ], [ 1, 0, 1, 0, 1, -1 ] ] ],
          slins := [  ] ) ), rec(
      Gram := [ [ -30, 0, -22, -37, -30, -60 ], [ 0, -4, 0, 0, 0, 0 ], [ -22, 0, -18, -29, -26, -45 ], [ -37, 0, -29, -48, -41, -75 ], [ -30, 0, -26, -41, -44, -60 ], 
          [ -60, 0, -45, -75, -60, -120 ] ],
      Trec := rec(
          count := 1,
          grams := [ [ [ 0, 0, 0, 0, 0, 0, 0, 0, 0, 0, 0, 0, 0, 0, 0, 1 ], [ 0, -2, -1, -1, 1, 1, -1, -1, 1, 0, 0, 0, 0, 0, 0, 0 ], 
                  [ 0, -1, -2, 0, 1, 1, -1, 0, 1, 0, 0, 0, 0, 0, 0, 0 ], [ 0, -1, 0, -2, 1, 0, -1, 0, 1, 0, 0, 0, 0, 0, 0, 0 ], 
                  [ 0, 1, 1, 1, -2, -1, 1, 0, -1, 0, 0, 0, 0, 0, 0, 0 ], [ 0, 1, 1, 0, -1, -2, 1, 1, -1, 0, 0, 0, 0, 0, 0, 0 ], 
                  [ 0, -1, -1, -1, 1, 1, -2, 0, 1, 0, 0, 0, 0, 0, 0, 0 ], [ 0, -1, 0, 0, 0, 1, 0, -2, 0, 0, 0, 0, 0, 0, 0, 0 ], 
                  [ 0, 1, 1, 1, -1, -1, 1, 0, -2, 0, 0, 0, 0, 0, 0, 0 ], [ 0, 0, 0, 0, 0, 0, 0, 0, 0, -2, -1, 0, 0, 1, 0, 0 ], 
                  [ 0, 0, 0, 0, 0, 0, 0, 0, 0, -1, -2, 0, 0, 1, 0, 0 ], [ 0, 0, 0, 0, 0, 0, 0, 0, 0, 0, 0, -2, 0, -1, 0, 0 ], 
                  [ 0, 0, 0, 0, 0, 0, 0, 0, 0, 0, 0, 0, -2, 1, 0, 0 ], [ 0, 0, 0, 0, 0, 0, 0, 0, 0, 1, 1, -1, 1, -4, 0, 0 ], 
                  [ 0, 0, 0, 0, 0, 0, 0, 0, 0, 0, 0, 0, 0, 0, 30, 0 ], [ 1, 0, 0, 0, 0, 0, 0, 0, 0, 0, 0, 0, 0, 0, 0, 0 ] ] ],
          method := "Nikulin uniqueness",
          spinorPrimes := [  ] ),
      ampleflag := true,
      basisdual := [ [ 2, 2, 0, 0, 1, 8 ], [ 0, 4, 0, 0, 0, 0 ], [ 0, 0, 1, 0, 2, 5 ], [ 0, 0, 0, 1, 2, 9 ], [ 0, 0, 0, 0, 7, 4 ], [ 0, 0, 0, 0, 0, 15 ] ],
      extdeg := 1,
      extgroupgens := [ [ 2, 0 ], [ 0, 420 ] ],
      h := [ 1, 0, 2, 2, -1, -2 ],
      rho := 6,
      sprats := rec(
          nopss := [ 0, 8 ],
          scons := [ [ [ 1, -1, 2, 2, -1, -2 ], [ 1, 1, 2, 2, -1, -2 ] ], [ [ 1, 0, 4, 3, -2, -3 ], [ 1, 0, 0, 1, 0, -1 ] ], [ [ 1, 0, 6, 2, -2, -3 ], [ 1, 0, -2, 2, 0, -1 ] 
                 ], [ [ 1, 0, 2, 6, -2, -4 ], [ 1, 0, 2, -2, 0, 0 ] ], [ [ 1, 0, 3, 4, -2, -3 ], [ 1, 0, 1, 0, 0, -1 ] ], [ [ 1, 0, 0, 3, -1, -2 ], [ 1, 0, 4, 1, -1, -2 ] ], 
              [ [ 1, 0, 1, 1, -1, -1 ], [ 1, 0, 3, 3, -1, -3 ] ], [ [ 1, 0, 1, 4, -1, -3 ], [ 1, 0, 3, 0, -1, -1 ] ] ],
          slins := [  ] ) ), rec(
      Gram := [ [ -4026, -118, -1894, -474, -6156, -6630 ], [ -118, -4, -56, -15, -181, -195 ], [ -1894, -56, -892, -224, -2897, -3120 ], [ -474, -15, -224, -60, -724, -780 ]
            , [ -6156, -181, -2897, -724, -9416, -10140 ], [ -6630, -195, -3120, -780, -10140, -10920 ] ],
      Trec := rec(
          count := 1,
          grams := [ [ [ 0, 0, 0, 0, 0, 0, 0, 0, 0, 0, 0, 0, 0, 0, 0, 1 ], [ 0, -2, -1, -1, -1, 1, 1, 1, 1, 0, 0, 0, 0, 0, 0, 0 ], 
                  [ 0, -1, -2, 0, 0, 1, 1, 0, 1, 0, 0, 0, 0, 0, 0, 0 ], [ 0, -1, 0, -2, 0, 0, 1, 1, 1, 0, 0, 0, 0, 0, 0, 0 ], 
                  [ 0, -1, 0, 0, -2, 0, 0, 0, 0, 0, 0, 0, 0, 0, 0, 0 ], [ 0, 1, 1, 0, 0, -2, 0, -1, -1, 0, 0, 0, 0, 0, 0, 0 ], 
                  [ 0, 1, 1, 1, 0, 0, -2, 0, -1, 0, 0, 0, 0, 0, 0, 0 ], [ 0, 1, 0, 1, 0, -1, 0, -2, -1, 0, 0, 0, 0, 0, 0, 0 ], 
                  [ 0, 1, 1, 1, 0, -1, -1, -1, -2, 0, 0, 0, 0, 0, 0, 0 ], [ 0, 0, 0, 0, 0, 0, 0, 0, 0, -2, 1, 0, 0, 1, 1, 0 ], 
                  [ 0, 0, 0, 0, 0, 0, 0, 0, 0, 1, -2, 0, 0, 0, -1, 0 ], [ 0, 0, 0, 0, 0, 0, 0, 0, 0, 0, 0, -2, 0, 1, 1, 0 ], 
                  [ 0, 0, 0, 0, 0, 0, 0, 0, 0, 0, 0, 0, -2, -1, 1, 0 ], [ 0, 0, 0, 0, 0, 0, 0, 0, 0, 1, 0, 1, -1, -4, 0, 0 ], 
                  [ 0, 0, 0, 0, 0, 0, 0, 0, 0, 1, -1, 1, 1, 0, 54, 0 ], [ 1, 0, 0, 0, 0, 0, 0, 0, 0, 0, 0, 0, 0, 0, 0, 0 ] ] ],
          method := "Nikulin uniqueness",
          spinorPrimes := [  ] ),
      ampleflag := true,
      basisdual := [ [ 2, 0, 0, 2, 0, 120 ], [ 0, 1, 0, 1, 0, 4 ], [ 0, 0, 1, 1, 0, 56 ], [ 0, 0, 0, 4, 0, 15 ], [ 0, 0, 0, 0, 1, 181 ], [ 0, 0, 0, 0, 0, 195 ] ],
      extdeg := 1,
      extgroupgens := [ [ 2, 0 ], [ 0, 780 ] ],
      h := [ 1, 2, 2, -1, 2, -3 ],
      rho := 6,
      sprats := rec(
          nopss := [ 0, 5 ],
          scons := [ [ [ 1, 6, 2, -2, 2, -3 ], [ 1, -2, 2, 0, 2, -3 ] ], [ [ 1, 2, 6, -2, 3, -5 ], [ 1, 2, -2, 0, 1, -1 ] ], [ [ 1, 1, 2, -1, 2, -3 ], [ 1, 3, 2, -1, 2, -3 ] 
                 ], [ [ 1, 2, 1, -1, -2, 1 ], [ 1, 2, 3, -1, 6, -7 ] ], [ [ 1, 2, 2, -2, 1, -2 ], [ 1, 2, 2, 0, 3, -4 ] ] ],
          slins := [  ] ) ), rec(
      Gram := [ [ -2258, -3212, -2778, -3126, -1736, -4862 ], [ -3212, -4572, -3954, -4449, -2471, -6919 ], [ -2778, -3954, -3420, -3848, -2137, -5984 ], 
          [ -3126, -4449, -3848, -4332, -2404, -6732 ], [ -1736, -2471, -2137, -2404, -1336, -3740 ], [ -4862, -6919, -5984, -6732, -3740, -10472 ] ],
      Trec := rec(
          count := 1,
          grams := [ [ [ -2, 1, 1, 1, -1, 1, -1, 1, 0, 0, 0, 0, 0, 0, 0, 0 ], [ 1, -2, -1, 0, 0, 0, 1, -1, 0, 0, 0, 0, 0, 0, 0, 0 ], 
                  [ 1, -1, -2, -1, 0, -1, 0, 0, 0, 0, 0, 0, 0, 0, 0, 0 ], [ 1, 0, -1, -2, 1, -1, 0, 0, 0, 0, 0, 0, 0, 0, 0, 0 ], 
                  [ -1, 0, 0, 1, -2, 1, 0, 1, 0, 0, 0, 0, 0, 0, 0, 0 ], [ 1, 0, -1, -1, 1, -2, 0, 0, 0, 0, 0, 0, 0, 0, 0, 0 ], 
                  [ -1, 1, 0, 0, 0, 0, -2, 1, 0, 0, 0, 0, 0, 0, 0, 0 ], [ 1, -1, 0, 0, 1, 0, 1, -2, 0, 0, 0, 0, 0, 0, 0, 0 ], 
                  [ 0, 0, 0, 0, 0, 0, 0, 0, 2, 0, -1, 1, -1, 1, 0, 0 ], [ 0, 0, 0, 0, 0, 0, 0, 0, 0, -2, -1, 1, 0, 1, 0, 0 ], 
                  [ 0, 0, 0, 0, 0, 0, 0, 0, -1, -1, -2, -1, 0, -1, 0, 0 ], [ 0, 0, 0, 0, 0, 0, 0, 0, 1, 1, -1, -2, -1, 0, 0, 0 ], 
                  [ 0, 0, 0, 0, 0, 0, 0, 0, -1, 0, 0, -1, -2, 0, 0, 0 ], [ 0, 0, 0, 0, 0, 0, 0, 0, 1, 1, -1, 0, 0, -4, 0, 0 ], 
                  [ 0, 0, 0, 0, 0, 0, 0, 0, 0, 0, 0, 0, 0, 0, -4, 1 ], [ 0, 0, 0, 0, 0, 0, 0, 0, 0, 0, 0, 0, 0, 0, 1, 4 ] ] ],
          method := "Nikulin uniqueness",
          spinorPrimes := [  ] ),
      ampleflag := true,
      basisdual := [ [ 2, 0, 0, 2, 0, 88 ], [ 0, 1, 0, 1, 0, 124 ], [ 0, 0, 1, 1, 0, 107 ], [ 0, 0, 0, 4, 0, 121 ], [ 0, 0, 0, 0, 1, 67 ], [ 0, 0, 0, 0, 0, 187 ] ],
      extdeg := 1,
      extgroupgens := [ [ 2, 0 ], [ 0, 748 ] ],
      h := [ 1, 2, 2, -1, 2, -3 ],
      rho := 6,
      sprats := rec(
          nopss := [ 0, 5 ],
          scons := [ [ [ 1, -2, 2, 0, 2, -1 ], [ 1, 6, 2, -2, 2, -5 ] ], [ [ 1, 2, -2, 0, 1, -1 ], [ 1, 2, 6, -2, 3, -5 ] ], [ [ 1, 2, 2, -2, 1, -2 ], [ 1, 2, 2, 0, 3, -4 ] ]
                , [ [ 1, 1, 2, -1, 1, -2 ], [ 1, 3, 2, -1, 3, -4 ] ], [ [ 1, 2, 3, -1, 6, -5 ], [ 1, 2, 1, -1, -2, -1 ] ] ],
          slins := [  ] ) ), rec(
      Gram := [ [ -990, -2473, -2638, -660, -2418, -3078 ], [ -2473, -6184, -6596, -1650, -6046, -7695 ], [ -2638, -6596, -7036, -1760, -6449, -8208 ], 
          [ -660, -1650, -1760, -444, -1612, -2052 ], [ -2418, -6046, -6449, -1612, -5912, -7524 ], [ -3078, -7695, -8208, -2052, -7524, -9576 ] ],
      Trec := rec(
          count := 1,
          grams := [ [ [ 0, 0, 0, 0, 0, 0, 0, 0, 0, 0, 0, 0, 0, 0, 0, 1 ], [ 0, -2, -1, -1, 1, 1, -1, 1, 0, 0, 0, 0, 0, 1, 0, 0 ], 
                  [ 0, -1, -2, 0, 1, 1, -1, 1, 0, 0, 0, 0, 0, 1, 0, 0 ], [ 0, -1, 0, -2, 1, 0, 0, 0, 0, 0, 0, 0, 0, 0, 0, 0 ], 
                  [ 0, 1, 1, 1, -2, -1, 1, -1, 0, 0, 0, 0, 0, 0, 0, 0 ], [ 0, 1, 1, 0, -1, -2, 1, -1, 0, 0, 0, 0, 0, -1, 0, 0 ], 
                  [ 0, -1, -1, 0, 1, 1, -2, 1, 0, 0, 0, 0, 0, 1, 0, 0 ], [ 0, 1, 1, 0, -1, -1, 1, -2, 0, 0, 0, 0, 0, -1, 0, 0 ], 
                  [ 0, 0, 0, 0, 0, 0, 0, 0, -2, -1, 1, 0, 0, 0, -1, 0 ], [ 0, 0, 0, 0, 0, 0, 0, 0, -1, -2, 0, 0, 0, 0, -1, 0 ], 
                  [ 0, 0, 0, 0, 0, 0, 0, 0, 1, 0, -2, 0, 0, 0, 1, 0 ], [ 0, 0, 0, 0, 0, 0, 0, 0, 0, 0, 0, -2, 0, 0, 1, 0 ], [ 0, 0, 0, 0, 0, 0, 0, 0, 0, 0, 0, 0, -2, 0, 0, 0 
                     ], [ 0, 1, 1, 0, 0, -1, 1, -1, 0, 0, 0, 0, 0, -4, 0, 0 ], [ 0, 0, 0, 0, 0, 0, 0, 0, -1, -1, 1, 1, 0, 0, 8, 0 ], 
                  [ 1, 0, 0, 0, 0, 0, 0, 0, 0, 0, 0, 0, 0, 0, 0, 0 ] ] ],
          method := "Nikulin uniqueness",
          spinorPrimes := [  ] ),
      ampleflag := true,
      basisdual := [ [ 2, 0, 0, 2, 0, 57 ], [ 0, 1, 0, 1, 0, 138 ], [ 0, 0, 1, 1, 0, 147 ], [ 0, 0, 0, 4, 0, 38 ], [ 0, 0, 0, 0, 1, 134 ], [ 0, 0, 0, 0, 0, 171 ] ],
      extdeg := 1,
      extgroupgens := [ [ 2, 0 ], [ 0, 684 ] ],
      h := [ 1, 2, 2, -1, 2, -5 ],
      rho := 6,
      sprats := rec(
          nopss := [ 0, 5 ],
          scons := [ [ [ 1, 6, 2, -2, 2, -8 ], [ 1, -2, 2, 0, 2, -2 ] ], [ [ 1, 2, -2, 0, 1, -1 ], [ 1, 2, 6, -2, 3, -9 ] ], 
              [ [ 1, 2, 3, -1, 6, -9 ], [ 1, 2, 1, -1, -2, -1 ] ], [ [ 1, 2, 2, -2, 1, -4 ], [ 1, 2, 2, 0, 3, -6 ] ], [ [ 1, 1, 2, -1, 3, -5 ], [ 1, 3, 2, -1, 1, -5 ] ] ],
          slins := [  ] ) ), rec(
      Gram := [ [ -98, -17, -3, 0, -70, -126 ], [ -17, -4, -2, -1, -14, -21 ], [ -3, -2, -4, -1, -7, 0 ], [ 0, -1, -1, -4, 0, 0 ], [ -70, -14, -7, 0, -56, -84 ], 
          [ -126, -21, 0, 0, -84, -168 ] ],
      Trec := rec(
          count := 1,
          grams := [ [ [ -2, 1, 1, 1, -1, 1, -1, 1, 0, 0, 0, 0, 0, 0, 0, 0 ], [ 1, -2, -1, -1, 0, -1, 0, -1, 0, 0, 0, 0, 0, 0, 0, 0 ], 
                  [ 1, -1, -2, 0, 0, 0, 1, -1, 0, 0, 0, 0, 0, 0, 0, 0 ], [ 1, -1, 0, -2, 1, -1, 0, -1, 0, 0, 0, 0, 0, 0, 0, 0 ], 
                  [ -1, 0, 0, 1, -2, 1, 0, 1, 0, 0, 0, 0, 0, 0, 0, 0 ], [ 1, -1, 0, -1, 1, -2, 0, -1, 0, 0, 0, 0, 0, 0, 0, 0 ], 
                  [ -1, 0, 1, 0, 0, 0, -2, 0, 0, 0, 0, 0, 0, 0, 0, 0 ], [ 1, -1, -1, -1, 1, -1, 0, -2, 0, 0, 0, 0, 0, 0, 0, 0 ], 
                  [ 0, 0, 0, 0, 0, 0, 0, 0, -2, -1, 0, 0, 0, 1, -1, 1 ], [ 0, 0, 0, 0, 0, 0, 0, 0, -1, -2, 0, 0, 0, 1, -1, 1 ], 
                  [ 0, 0, 0, 0, 0, 0, 0, 0, 0, 0, -2, 0, -1, -1, 1, -1 ], [ 0, 0, 0, 0, 0, 0, 0, 0, 0, 0, 0, 2, 0, 0, 0, -1 ], 
                  [ 0, 0, 0, 0, 0, 0, 0, 0, 0, 0, -1, 0, 2, 0, 0, -1 ], [ 0, 0, 0, 0, 0, 0, 0, 0, 1, 1, -1, 0, 0, -4, 0, -1 ], 
                  [ 0, 0, 0, 0, 0, 0, 0, 0, -1, -1, 1, 0, 0, 0, -4, 2 ], [ 0, 0, 0, 0, 0, 0, 0, 0, 1, 1, -1, -1, -1, -1, 2, -6 ] ] ],
          method := "Nikulin uniqueness",
          spinorPrimes := [  ] ),
      ampleflag := true,
      basisdual := [ [ 2, 0, 0, 2, 5, 19 ], [ 0, 1, 0, 1, 2, 4 ], [ 0, 0, 1, 1, 4, 2 ], [ 0, 0, 0, 4, 1, 1 ], [ 0, 0, 0, 0, 7, 14 ], [ 0, 0, 0, 0, 0, 21 ] ],
      extdeg := 1,
      extgroupgens := [ [ 14, 0 ], [ 0, 84 ] ],
      h := [ 1, 2, 2, -1, -2, 0 ],
      rho := 6,
      sprats := rec(
          nopss := [ 0, 6 ],
          scons := [ [ [ 1, 6, 2, -2, -3, 0 ], [ 1, -2, 2, 0, -1, 0 ] ], [ [ 1, 2, 2, 0, -2, 0 ], [ 1, 2, 2, -2, -2, 0 ] ], [ [ 1, 2, -2, 0, 0, -1 ], [ 1, 2, 6, -2, -4, 1 ] ]
                , [ [ 1, 2, 1, -1, -2, 0 ], [ 1, 2, 3, -1, -2, 0 ] ], [ [ 1, 1, 2, -1, -2, 0 ], [ 1, 3, 2, -1, -2, 0 ] ], [ [ 1, 3, 1, -1, -2, 0 ], [ 1, 1, 3, -1, -2, 0 ] ] ]
           ,
          slins := [  ] ) ), rec(
      Gram := [ [ -206, -513, -164, -904, -246, -1150 ], [ -513, -1284, -411, -2260, -616, -2875 ], [ -164, -411, -132, -724, -197, -920 ], 
          [ -904, -2260, -724, -3980, -1084, -5060 ], [ -246, -616, -197, -1084, -296, -1380 ], [ -1150, -2875, -920, -5060, -1380, -6440 ] ],
      Trec := rec(
          count := 1,
          grams := [ [ [ -2, 1, 1, 1, -1, 1, -1, 1, 0, 0, 0, 0, 0, 0, 0, 0 ], [ 1, -2, -1, 0, 0, 0, 1, -1, 0, 0, 0, 0, 0, 0, 0, 0 ], 
                  [ 1, -1, -2, -1, 0, -1, 0, -1, 0, 0, 0, 0, 0, 0, 0, 0 ], [ 1, 0, -1, -2, 1, -1, 0, -1, 0, 0, 0, 0, 0, 0, 0, 0 ], 
                  [ -1, 0, 0, 1, -2, 1, 0, 1, 0, 0, 0, 0, 0, 0, 0, 0 ], [ 1, 0, -1, -1, 1, -2, 0, -1, 0, 0, 0, 0, 0, 0, 0, 0 ], 
                  [ -1, 1, 0, 0, 0, 0, -2, 0, 0, 0, 0, 0, 0, 0, 0, 0 ], [ 1, -1, -1, -1, 1, -1, 0, -2, 0, 0, 0, 0, 0, 0, 0, 0 ], 
                  [ 0, 0, 0, 0, 0, 0, 0, 0, 2, 0, 0, 1, 0, 1, -1, 0 ], [ 0, 0, 0, 0, 0, 0, 0, 0, 0, -2, 0, 0, 0, -1, 0, 0 ], 
                  [ 0, 0, 0, 0, 0, 0, 0, 0, 0, 0, -2, -1, 0, 0, 0, 0 ], [ 0, 0, 0, 0, 0, 0, 0, 0, 1, 0, -1, -2, -1, 1, -1, 0 ], 
                  [ 0, 0, 0, 0, 0, 0, 0, 0, 0, 0, 0, -1, -2, 0, 0, 0 ], [ 0, 0, 0, 0, 0, 0, 0, 0, 1, -1, 0, 1, 0, -2, -1, 0 ], 
                  [ 0, 0, 0, 0, 0, 0, 0, 0, -1, 0, 0, -1, 0, -1, -2, 0 ], [ 0, 0, 0, 0, 0, 0, 0, 0, 0, 0, 0, 0, 0, 0, 0, 10 ] ] ],
          method := "Nikulin uniqueness",
          spinorPrimes := [  ] ),
      ampleflag := true,
      basisdual := [ [ 2, 0, 0, 2, 0, 23 ], [ 0, 1, 0, 1, 0, 52 ], [ 0, 0, 1, 1, 0, 17 ], [ 0, 0, 0, 4, 0, 92 ], [ 0, 0, 0, 0, 1, 24 ], [ 0, 0, 0, 0, 0, 115 ] ],
      extdeg := 1,
      extgroupgens := [ [ 2, 0 ], [ 0, 460 ] ],
      h := [ 1, 2, 2, -1, 2, -1 ],
      rho := 6,
      sprats := rec(
          nopss := [ 0, 7 ],
          scons := [ [ [ 1, 2, -2, 0, 1, -1 ], [ 1, 2, 6, -2, 3, -1 ] ], [ [ 1, -2, 2, 0, 2, 0 ], [ 1, 6, 2, -2, 2, -2 ] ], [ [ 1, 2, 3, -1, 6, -2 ], [ 1, 2, 1, -1, -2, 0 ] ]
                , [ [ 1, 1, 2, -1, 4, -1 ], [ 1, 3, 2, -1, 0, -1 ] ], [ [ 1, 3, 3, -2, 3, -1 ], [ 1, 1, 1, 0, 1, -1 ] ], [ [ 1, 2, 2, -2, 1, 0 ], [ 1, 2, 2, 0, 3, -2 ] ], 
              [ [ 1, 3, 3, -1, 4, -2 ], [ 1, 1, 1, -1, 0, 0 ] ] ],
          slins := [  ] ) ), rec(
      Gram := [ [ -526, -36, -299, 2, -900, -1050 ], [ -36, -4, -22, -2, -64, -75 ], [ -299, -22, -172, -1, -514, -600 ], [ 2, -2, -1, -4, 0, 0 ], 
          [ -900, -64, -514, 0, -1544, -1800 ], [ -1050, -75, -600, 0, -1800, -2100 ] ],
      Trec := rec(
          count := 1,
          grams := [ [ [ 0, 0, 0, 0, 0, 0, 0, 0, 0, 0, 0, 0, 0, 0, 0, 1 ], [ 0, 0, 0, 0, 0, 0, 0, 0, 0, 0, 0, 0, 0, 0, 1, 0 ], 
                  [ 0, 0, -2, -1, -1, -1, 1, 1, 1, 0, 0, 0, -1, 0, 0, 0 ], [ 0, 0, -1, -2, -1, 0, 1, 0, 0, 0, 0, 0, -1, 0, 0, 0 ], 
                  [ 0, 0, -1, -1, -2, -1, 1, 0, 0, 0, 0, 0, 0, 0, 0, 0 ], [ 0, 0, -1, 0, -1, -2, 1, 0, 0, 0, 0, 0, 0, 0, 0, 0 ], 
                  [ 0, 0, 1, 1, 1, 1, -2, 0, 0, 0, 0, 0, 1, 0, 0, 0 ], [ 0, 0, 1, 0, 0, 0, 0, -2, -1, 0, 0, 0, 1, 0, 0, 0 ], 
                  [ 0, 0, 1, 0, 0, 0, 0, -1, -2, 0, 0, 0, 1, 0, 0, 0 ], [ 0, 0, 0, 0, 0, 0, 0, 0, 0, -2, 1, 0, 0, 0, 0, 0 ], 
                  [ 0, 0, 0, 0, 0, 0, 0, 0, 0, 1, -2, 0, 0, 0, 0, 0 ], [ 0, 0, 0, 0, 0, 0, 0, 0, 0, 0, 0, -2, 0, 0, 0, 0 ], 
                  [ 0, 0, -1, -1, 0, 0, 1, 1, 1, 0, 0, 0, -8, 0, 0, 0 ], [ 0, 0, 0, 0, 0, 0, 0, 0, 0, 0, 0, 0, 0, -8, 0, 0 ], 
                  [ 0, 1, 0, 0, 0, 0, 0, 0, 0, 0, 0, 0, 0, 0, 0, 0 ], [ 1, 0, 0, 0, 0, 0, 0, 0, 0, 0, 0, 0, 0, 0, 0, 0 ] ] ],
          method := "Nikulin uniqueness",
          spinorPrimes := [  ] ),
      ampleflag := true,
      basisdual := [ [ 2, 0, 0, 0, 1, 38 ], [ 0, 1, 0, 2, 0, 4 ], [ 0, 0, 1, 1, 0, 22 ], [ 0, 0, 0, 4, 1, 2 ], [ 0, 0, 0, 0, 2, 64 ], [ 0, 0, 0, 0, 0, 75 ] ],
      extdeg := 1,
      extgroupgens := [ [ 2, 0 ], [ 0, 600 ] ],
      h := [ 1, 2, 2, -1, 1, -2 ],
      rho := 6,
      sprats := rec(
          nopss := [ 0, 6 ],
          scons := [ [ [ 1, 2, 6, -2, 2, -4 ], [ 1, 2, -2, 0, 0, 0 ] ], [ [ 1, -2, 2, 1, 0, -1 ], [ 1, 6, 2, -3, 2, -3 ] ], [ [ 1, 2, 1, -1, -1, 0 ], [ 1, 2, 3, -1, 3, -4 ] ]
                , [ [ 1, 2, 2, -2, 1, -2 ], [ 1, 2, 2, 0, 1, -2 ] ], [ [ 1, 1, 2, -1, 1, -2 ], [ 1, 3, 2, -1, 1, -2 ] ], [ [ 1, 3, 2, -2, 1, -2 ], [ 1, 1, 2, 0, 1, -2 ] ] ],
          slins := [  ] ) ), rec(
      Gram := [ [ -414, -264, -353, 2, -236, -826 ], [ -264, -172, -228, -2, -152, -531 ], [ -353, -228, -304, -1, -202, -708 ], [ 2, -2, -1, -4, 0, 0 ], 
          [ -236, -152, -202, 0, -136, -472 ], [ -826, -531, -708, 0, -472, -1652 ] ],
      Trec := rec(
          count := 1,
          grams := [ [ [ 0, 0, 0, 0, 0, 0, 0, 0, 0, 0, 0, 0, 0, 0, 0, 1 ], [ 0, -2, -1, -1, -1, 1, 1, -1, 1, 0, 0, 0, 0, 0, 0, 0 ], 
                  [ 0, -1, -2, 0, 0, 1, 1, -1, 1, 0, 0, 0, 0, 0, 0, 0 ], [ 0, -1, 0, -2, 0, 0, 1, -1, 1, 0, 0, 0, 0, 0, 0, 0 ], 
                  [ 0, -1, 0, 0, -2, 0, 0, 0, 0, 0, 0, 0, 0, 0, 0, 0 ], [ 0, 1, 1, 0, 0, -2, 0, 1, -1, 0, 0, 0, 0, 0, 0, 0 ], 
                  [ 0, 1, 1, 1, 0, 0, -2, 1, -1, 0, 0, 0, 0, 0, 0, 0 ], [ 0, -1, -1, -1, 0, 1, 1, -2, 1, 0, 0, 0, 0, 0, 0, 0 ], 
                  [ 0, 1, 1, 1, 0, -1, -1, 1, -2, 0, 0, 0, 0, 0, 0, 0 ], [ 0, 0, 0, 0, 0, 0, 0, 0, 0, -2, -1, 0, -1, 1, -1, 0 ], 
                  [ 0, 0, 0, 0, 0, 0, 0, 0, 0, -1, -2, 0, 0, 0, 0, 0 ], [ 0, 0, 0, 0, 0, 0, 0, 0, 0, 0, 0, -2, 0, 0, 0, 0 ], 
                  [ 0, 0, 0, 0, 0, 0, 0, 0, 0, -1, 0, 0, -4, 0, -1, 0 ], [ 0, 0, 0, 0, 0, 0, 0, 0, 0, 1, 0, 0, 0, -4, 1, 0 ], 
                  [ 0, 0, 0, 0, 0, 0, 0, 0, 0, -1, 0, 0, -1, 1, 14, 0 ], [ 1, 0, 0, 0, 0, 0, 0, 0, 0, 0, 0, 0, 0, 0, 0, 0 ] ] ],
          method := "Nikulin uniqueness",
          spinorPrimes := [  ] ),
      ampleflag := true,
      basisdual := [ [ 2, 0, 0, 0, 1, 30 ], [ 0, 1, 0, 2, 1, 20 ], [ 0, 0, 1, 1, 0, 26 ], [ 0, 0, 0, 4, 1, 2 ], [ 0, 0, 0, 0, 2, 16 ], [ 0, 0, 0, 0, 0, 59 ] ],
      extdeg := 1,
      extgroupgens := [ [ 2, 0 ], [ 0, 472 ] ],
      h := [ 1, 2, 2, -1, 0, -2 ],
      rho := 6,
      sprats := rec(
          nopss := [ 0, 7 ],
          scons := [ [ [ 1, 2, 6, -2, 1, -4 ], [ 1, 2, -2, 0, -1, 0 ] ], [ [ 1, 6, 2, -3, -1, -3 ], [ 1, -2, 2, 1, 1, -1 ] ], [ [ 1, 2, 2, 0, 0, -2 ], [ 1, 2, 2, -2, 0, -2 ] 
                 ], [ [ 1, 3, 2, -1, -1, -2 ], [ 1, 1, 2, -1, 1, -2 ] ], [ [ 1, 2, 3, -1, 2, -3 ], [ 1, 2, 1, -1, -2, -1 ] ], 
              [ [ 1, 3, 3, -2, 1, -3 ], [ 1, 1, 1, 0, -1, -1 ] ], [ [ 1, 1, 2, 0, 1, -2 ], [ 1, 3, 2, -2, -1, -2 ] ] ],
          slins := [  ] ) ), rec(
      Gram := [ [ -14, -133, -50, 2, -152, -178 ], [ -133, -1402, -534, 0, -1602, -1869 ], [ -50, -534, -204, -1, -610, -712 ], [ 2, 0, -1, -4, 0, 0 ], 
          [ -152, -1602, -610, 0, -1832, -2136 ], [ -178, -1869, -712, 0, -2136, -2492 ] ],
      Trec := rec(
          count := 1,
          grams := [ [ [ 0, 0, 0, 0, 0, 0, 0, 0, 0, 0, 0, 0, 0, 0, 0, 1 ], [ 0, -2, -1, -1, -1, 1, 1, 1, 1, 0, 0, 0, 0, 0, 0, 0 ], 
                  [ 0, -1, -2, 0, 0, 1, 1, 1, 1, 0, 0, 0, 0, 0, 0, 0 ], [ 0, -1, 0, -2, 0, 0, 1, 1, 1, 0, 0, 0, 0, 0, 0, 0 ], 
                  [ 0, -1, 0, 0, -2, 0, 0, 0, 0, 0, 0, 0, 0, 0, 0, 0 ], [ 0, 1, 1, 0, 0, -2, 0, 0, -1, 0, 0, 0, 0, 0, 0, 0 ], 
                  [ 0, 1, 1, 1, 0, 0, -2, -1, -1, 0, 0, 0, 0, 0, 0, 0 ], [ 0, 1, 1, 1, 0, 0, -1, -2, -1, 0, 0, 0, 0, 0, 0, 0 ], 
                  [ 0, 1, 1, 1, 0, -1, -1, -1, -2, 0, 0, 0, 0, 0, 0, 0 ], [ 0, 0, 0, 0, 0, 0, 0, 0, 0, -2, 1, 1, 1, 0, -1, 0 ], 
                  [ 0, 0, 0, 0, 0, 0, 0, 0, 0, 1, -2, -1, 0, 0, 1, 0 ], [ 0, 0, 0, 0, 0, 0, 0, 0, 0, 1, -1, -2, 0, 0, 1, 0 ], 
                  [ 0, 0, 0, 0, 0, 0, 0, 0, 0, 1, 0, 0, 4, -1, 1, 0 ], [ 0, 0, 0, 0, 0, 0, 0, 0, 0, 0, 0, 0, -1, -6, -3, 0 ], 
                  [ 0, 0, 0, 0, 0, 0, 0, 0, 0, -1, 1, 1, 1, -3, -14, 0 ], [ 1, 0, 0, 0, 0, 0, 0, 0, 0, 0, 0, 0, 0, 0, 0, 0 ] ] ],
          method := "Nikulin uniqueness",
          spinorPrimes := [  ] ),
      ampleflag := true,
      basisdual := [ [ 2, 0, 0, 0, 0, 7 ], [ 0, 1, 0, 0, 0, 67 ], [ 0, 0, 1, 1, 0, 26 ], [ 0, 0, 0, 4, 1, 1 ], [ 0, 0, 0, 0, 2, 76 ], [ 0, 0, 0, 0, 0, 89 ] ],
      extdeg := 1,
      extgroupgens := [ [ 2, 0 ], [ 0, 712 ] ],
      h := [ 1, 2, 2, 0, 1, -3 ],
      rho := 6,
      sprats := rec(
          nopss := [ 0, 5 ],
          scons := [ [ [ 1, -2, 2, 0, 1, 0 ], [ 1, 6, 2, 0, 1, -6 ] ], [ [ 1, 2, 3, 0, 3, -5 ], [ 1, 2, 1, 0, -1, -1 ] ], [ [ 1, 2, 2, -1, 1, -3 ], [ 1, 2, 2, 1, 1, -3 ] ], 
              [ [ 1, 2, -2, 1, 0, -1 ], [ 1, 2, 6, -1, 2, -5 ] ], [ [ 1, 1, 1, 0, 1, -2 ], [ 1, 3, 3, 0, 1, -4 ] ] ],
          slins := [  ] ) ), rec(
      Gram := [ [ -14, -5, 1, -24, 0, -26 ], [ -5, -36, -11, -15, -42, -13 ], [ 1, -11, -4, -1, -14, 0 ], [ -24, -15, -1, -56, 0, -52 ], [ 0, -42, -14, 0, -56, 0 ], 
          [ -26, -13, 0, -52, 0, -52 ] ],
      Trec := rec(
          count := 1,
          grams := [ [ [ 0, 0, 0, 0, 0, 0, 0, 0, 0, 0, 0, 0, 0, 0, 0, 1 ], [ 0, -2, -1, -1, -1, 1, -1, 1, 1, 0, 0, 0, 0, 0, 0, 0 ], 
                  [ 0, -1, -2, 0, 0, 1, -1, 1, 1, 0, 0, 0, 0, 0, 0, 0 ], [ 0, -1, 0, -2, 0, 0, -1, 1, 1, 0, 0, 0, 0, 0, 0, 0 ], 
                  [ 0, -1, 0, 0, -2, 0, 0, 0, 0, 0, 0, 0, 0, 0, 0, 0 ], [ 0, 1, 1, 0, 0, -2, 1, 0, -1, 0, 0, 0, 0, 0, 0, 0 ], 
                  [ 0, -1, -1, -1, 0, 1, -2, 1, 1, 0, 0, 0, 0, 0, 0, 0 ], [ 0, 1, 1, 1, 0, 0, 1, -2, -1, 0, 0, 0, 0, 0, 0, 0 ], 
                  [ 0, 1, 1, 1, 0, -1, 1, -1, -2, 0, 0, 0, 0, 0, 0, 0 ], [ 0, 0, 0, 0, 0, 0, 0, 0, 0, -2, 0, 0, 0, 0, 0, 0 ], 
                  [ 0, 0, 0, 0, 0, 0, 0, 0, 0, 0, -2, 1, -1, -1, -1, 0 ], [ 0, 0, 0, 0, 0, 0, 0, 0, 0, 0, 1, -2, 0, 0, 0, 0 ], 
                  [ 0, 0, 0, 0, 0, 0, 0, 0, 0, 0, -1, 0, -2, -1, -1, 0 ], [ 0, 0, 0, 0, 0, 0, 0, 0, 0, 0, -1, 0, -1, 10, -5, 0 ], 
                  [ 0, 0, 0, 0, 0, 0, 0, 0, 0, 0, -1, 0, -1, -5, -16, 0 ], [ 1, 0, 0, 0, 0, 0, 0, 0, 0, 0, 0, 0, 0, 0, 0, 0 ] ] ],
          method := "Nikulin uniqueness",
          spinorPrimes := [  ] ),
      ampleflag := true,
      basisdual := [ [ 2, 0, 0, 0, 1, 8 ], [ 0, 1, 0, 2, 11, 3 ], [ 0, 0, 1, 1, 4, 0 ], [ 0, 0, 0, 4, 1, 12 ], [ 0, 0, 0, 0, 14, 0 ], [ 0, 0, 0, 0, 0, 13 ] ],
      extdeg := 1,
      extgroupgens := [ [ 2, 0 ], [ 0, 728 ] ],
      h := [ 1, 2, 2, -1, -2, 0 ],
      rho := 6,
      sprats := rec(
          nopss := [ 0, 5 ],
          scons := [ [ [ 1, 6, 2, -3, -5, 1 ], [ 1, -2, 2, 1, 1, -1 ] ], [ [ 1, 2, 1, -1, -2, 0 ], [ 1, 2, 3, -1, -2, 0 ] ], 
              [ [ 1, 2, 6, -2, -3, 1 ], [ 1, 2, -2, 0, -1, -1 ] ], [ [ 1, 2, 2, 0, -2, -1 ], [ 1, 2, 2, -2, -2, 1 ] ], [ [ 1, 3, 3, -2, -3, 1 ], [ 1, 1, 1, 0, -1, -1 ] ] ],
          slins := [  ] ) ), rec(
      Gram := [ [ -2150, -743, -1652, 2, -330, -2314 ], [ -743, -258, -572, 0, -115, -801 ], [ -1652, -572, -1272, -1, -254, -1780 ], [ 2, 0, -1, -4, 0, 0 ], 
          [ -330, -115, -254, 0, -52, -356 ], [ -2314, -801, -1780, 0, -356, -2492 ] ],
      Trec := rec(
          count := 1,
          grams := [ [ [ 0, 0, 0, 0, 0, 0, 0, 0, 0, 0, 0, 0, 0, 0, 0, 1 ], [ 0, -2, -1, -1, -1, 1, 1, 1, 1, 0, 0, 0, 0, 0, 0, 0 ], 
                  [ 0, -1, -2, 0, 0, 1, 1, 1, 1, 0, 0, 0, 0, 0, 0, 0 ], [ 0, -1, 0, -2, 0, 0, 1, 1, 1, 0, 0, 0, 0, 0, 0, 0 ], 
                  [ 0, -1, 0, 0, -2, 0, 0, 0, 0, 0, 0, 0, 0, 0, 0, 0 ], [ 0, 1, 1, 0, 0, -2, 0, 0, -1, 0, 0, 0, 0, 0, 0, 0 ], 
                  [ 0, 1, 1, 1, 0, 0, -2, -1, -1, 0, 0, 0, 0, 0, 0, 0 ], [ 0, 1, 1, 1, 0, 0, -1, -2, -1, 0, 0, 0, 0, 0, 0, 0 ], 
                  [ 0, 1, 1, 1, 0, -1, -1, -1, -2, 0, 0, 0, 0, 0, 0, 0 ], [ 0, 0, 0, 0, 0, 0, 0, 0, 0, -2, 1, 1, 1, 0, -1, 0 ], 
                  [ 0, 0, 0, 0, 0, 0, 0, 0, 0, 1, -2, -1, 0, 0, 1, 0 ], [ 0, 0, 0, 0, 0, 0, 0, 0, 0, 1, -1, -2, 0, 0, 1, 0 ], 
                  [ 0, 0, 0, 0, 0, 0, 0, 0, 0, 1, 0, 0, 4, -1, 1, 0 ], [ 0, 0, 0, 0, 0, 0, 0, 0, 0, 0, 0, 0, -1, -6, -3, 0 ], 
                  [ 0, 0, 0, 0, 0, 0, 0, 0, 0, -1, 1, 1, 1, -3, -14, 0 ], [ 1, 0, 0, 0, 0, 0, 0, 0, 0, 0, 0, 0, 0, 0, 0, 0 ] ] ],
          method := "Nikulin uniqueness",
          spinorPrimes := [  ] ),
      ampleflag := true,
      basisdual := [ [ 2, 0, 0, 0, 0, 83 ], [ 0, 1, 0, 0, 1, 29 ], [ 0, 0, 1, 1, 0, 64 ], [ 0, 0, 0, 4, 1, 1 ], [ 0, 0, 0, 0, 2, 13 ], [ 0, 0, 0, 0, 0, 89 ] ],
      extdeg := 1,
      extgroupgens := [ [ 2, 0 ], [ 0, 712 ] ],
      h := [ 1, 2, 2, 0, 0, -3 ],
      rho := 6,
      sprats := rec(
          nopss := [ 0, 5 ],
          scons := [ [ [ 1, 6, 2, 0, -2, -4 ], [ 1, -2, 2, 0, 2, -2 ] ], [ [ 1, 2, 6, -1, 1, -6 ], [ 1, 2, -2, 1, -1, 0 ] ], [ [ 1, 2, 2, 1, 0, -3 ], [ 1, 2, 2, -1, 0, -3 ] ]
                , [ [ 1, 2, 3, 0, 2, -4 ], [ 1, 2, 1, 0, -2, -2 ] ], [ [ 1, 1, 1, 0, 0, -2 ], [ 1, 3, 3, 0, 0, -4 ] ] ],
          slins := [  ] ) ), rec(
      Gram := [ [ -262, -651, -312, 2, -208, -730 ], [ -651, -1630, -782, 0, -522, -1825 ], [ -312, -782, -376, -1, -250, -876 ], [ 2, 0, -1, -4, 0, 0 ], 
          [ -208, -522, -250, 0, -168, -584 ], [ -730, -1825, -876, 0, -584, -2044 ] ],
      Trec := rec(
          count := 1,
          grams := [ [ [ -2, 1, 1, 1, -1, 1, -1, -1, 0, 0, 0, 0, 0, 0, 0, 0 ], [ 1, -2, -1, -1, 0, -1, 0, 1, 0, 0, 0, 0, 0, 0, 0, 0 ], 
                  [ 1, -1, -2, 0, 0, 0, 1, 1, 0, 0, 0, 0, 0, 0, 0, 0 ], [ 1, -1, 0, -2, 1, -1, 0, 1, 0, 0, 0, 0, 0, 0, 0, 0 ], 
                  [ -1, 0, 0, 1, -2, 1, 0, 0, 0, 0, 0, 0, 0, 0, 0, 0 ], [ 1, -1, 0, -1, 1, -2, 0, 0, 0, 0, 0, 0, 0, 0, 0, 0 ], 
                  [ -1, 0, 1, 0, 0, 0, -2, -1, 0, 0, 0, 0, 0, 0, 0, 0 ], [ -1, 1, 1, 1, 0, 0, -1, -2, 0, 0, 0, 0, 0, 0, 0, 0 ], 
                  [ 0, 0, 0, 0, 0, 0, 0, 0, -2, 1, -1, 1, 0, -1, 1, 0 ], [ 0, 0, 0, 0, 0, 0, 0, 0, 1, -2, 0, -1, 0, 0, 0, 0 ], 
                  [ 0, 0, 0, 0, 0, 0, 0, 0, -1, 0, -2, 0, 0, 0, 0, 0 ], [ 0, 0, 0, 0, 0, 0, 0, 0, 1, -1, 0, -2, 0, 0, 0, -1 ], 
                  [ 0, 0, 0, 0, 0, 0, 0, 0, 0, 0, 0, 0, -2, 1, -1, -1 ], [ 0, 0, 0, 0, 0, 0, 0, 0, -1, 0, 0, 0, 1, 2, 2, 0 ], 
                  [ 0, 0, 0, 0, 0, 0, 0, 0, 1, 0, 0, 0, -1, 2, -6, 0 ], [ 0, 0, 0, 0, 0, 0, 0, 0, 0, 0, 0, -1, -1, 0, 0, 6 ] ] ],
          method := "Nikulin uniqueness",
          spinorPrimes := [  ] ),
      ampleflag := true,
      basisdual := [ [ 2, 0, 0, 0, 0, 27 ], [ 0, 1, 0, 0, 1, 65 ], [ 0, 0, 1, 1, 0, 32 ], [ 0, 0, 0, 4, 1, 1 ], [ 0, 0, 0, 0, 2, 20 ], [ 0, 0, 0, 0, 0, 73 ] ],
      extdeg := 1,
      extgroupgens := [ [ 2, 0 ], [ 0, 584 ] ],
      h := [ 1, 2, 2, 0, 0, -3 ],
      rho := 6,
      sprats := rec(
          nopss := [ 0, 5 ],
          scons := [ [ [ 1, -2, 2, 0, 2, 0 ], [ 1, 6, 2, 0, -2, -6 ] ], [ [ 1, 2, 6, -1, 1, -5 ], [ 1, 2, -2, 1, -1, -1 ] ], [ [ 1, 2, 2, -1, 0, -3 ], [ 1, 2, 2, 1, 0, -3 ] ]
                , [ [ 1, 2, 1, 0, -2, -2 ], [ 1, 2, 3, 0, 2, -4 ] ], [ [ 1, 1, 1, 0, 1, -2 ], [ 1, 3, 3, 0, -1, -4 ] ] ],
          slins := [  ] ) ), rec(
      Gram := [ [ -582, -704, -995, -1160, -664, -1162 ], [ -704, -858, -1210, -1413, -806, -1411 ], [ -995, -1210, -1708, -1993, -1138, -1992 ], 
          [ -1160, -1413, -1993, -2328, -1328, -2324 ], [ -664, -806, -1138, -1328, -760, -1328 ], [ -1162, -1411, -1992, -2324, -1328, -2324 ] ],
      Trec := rec(
          count := 1,
          grams := [ [ [ 0, 0, 0, 0, 0, 0, 0, 0, 0, 0, 0, 0, 0, 0, 0, 1 ], [ 0, -2, -1, -1, -1, 1, 1, -1, 1, 0, 0, 0, 0, 0, 0, 0 ], 
                  [ 0, -1, -2, 0, 0, 1, 1, -1, 1, 0, 0, 0, 0, 0, 0, 0 ], [ 0, -1, 0, -2, 0, 0, 1, -1, 1, 0, 0, 0, 0, 0, 0, 0 ], 
                  [ 0, -1, 0, 0, -2, 0, 0, 0, 0, 0, 0, 0, 0, 0, 0, 0 ], [ 0, 1, 1, 0, 0, -2, 0, 1, -1, 0, 0, 0, 0, 0, 0, 0 ], 
                  [ 0, 1, 1, 1, 0, 0, -2, 1, -1, 0, 0, 0, 0, 0, 0, 0 ], [ 0, -1, -1, -1, 0, 1, 1, -2, 1, 0, 0, 0, 0, 0, 0, 0 ], 
                  [ 0, 1, 1, 1, 0, -1, -1, 1, -2, 0, 0, 0, 0, 0, 0, 0 ], [ 0, 0, 0, 0, 0, 0, 0, 0, 0, -2, 1, 0, 1, 1, 0, 0 ], 
                  [ 0, 0, 0, 0, 0, 0, 0, 0, 0, 1, -2, 0, 0, 0, 0, 0 ], [ 0, 0, 0, 0, 0, 0, 0, 0, 0, 0, 0, -2, 0, 0, 0, 0 ], 
                  [ 0, 0, 0, 0, 0, 0, 0, 0, 0, 1, 0, 0, -4, 0, -1, 0 ], [ 0, 0, 0, 0, 0, 0, 0, 0, 0, 1, 0, 0, 0, -4, -1, 0 ], 
                  [ 0, 0, 0, 0, 0, 0, 0, 0, 0, 0, 0, 0, -1, -1, 20, 0 ], [ 1, 0, 0, 0, 0, 0, 0, 0, 0, 0, 0, 0, 0, 0, 0, 0 ] ] ],
          method := "Nikulin uniqueness",
          spinorPrimes := [  ] ),
      ampleflag := true,
      basisdual := [ [ 2, 0, 0, 0, 1, 43 ], [ 0, 1, 0, 2, 0, 50 ], [ 0, 0, 1, 1, 0, 71 ], [ 0, 0, 0, 4, 1, 82 ], [ 0, 0, 0, 0, 2, 48 ], [ 0, 0, 0, 0, 0, 83 ] ],
      extdeg := 1,
      extgroupgens := [ [ 2, 0 ], [ 0, 664 ] ],
      h := [ 1, 2, 2, -1, 1, -3 ],
      rho := 6,
      sprats := rec(
          nopss := [ 0, 5 ],
          scons := [ [ [ 1, -2, 2, 1, 0, -2 ], [ 1, 6, 2, -3, 2, -4 ] ], [ [ 1, 2, 6, -2, 2, -6 ], [ 1, 2, -2, 0, 0, 0 ] ], [ [ 1, 2, 2, -2, 1, -2 ], [ 1, 2, 2, 0, 1, -4 ] ],
              [ [ 1, 2, 3, -1, 3, -5 ], [ 1, 2, 1, -1, -1, -1 ] ], [ [ 1, 3, 3, -2, 2, -4 ], [ 1, 1, 1, 0, 0, -2 ] ] ],
          slins := [  ] ) ), rec(
      Gram := [ [ -54, -184, -210, 2, -140, -246 ], [ -184, -646, -738, 0, -492, -861 ], [ -210, -738, -844, -1, -562, -984 ], [ 2, 0, -1, -4, 0, 0 ], 
          [ -140, -492, -562, 0, -376, -656 ], [ -246, -861, -984, 0, -656, -1148 ] ],
      Trec := rec(
          count := 1,
          grams := [ [ [ 0, 0, 0, 0, 0, 0, 0, 0, 0, 0, 0, 0, 0, 0, 0, 1 ], [ 0, 0, 0, 0, 0, 0, 0, 0, 0, 0, 0, 0, 0, 0, 1, 0 ], 
                  [ 0, 0, -2, 1, -1, 1, 1, 1, -1, -1, 0, 0, 0, 0, 0, 0 ], [ 0, 0, 1, -2, 0, -1, -1, -1, 1, 0, 0, 0, 0, 0, 0, 0 ], 
                  [ 0, 0, -1, 0, -2, 1, 0, 1, -1, -1, 0, 0, 0, 0, 0, 0 ], [ 0, 0, 1, -1, 1, -2, 0, -1, 1, 0, 0, 0, 0, 0, 0, 0 ], 
                  [ 0, 0, 1, -1, 0, 0, -2, -1, 1, 0, 0, 0, 0, 0, 0, 0 ], [ 0, 0, 1, -1, 1, -1, -1, -2, 1, 0, 0, 0, 0, 0, 0, 0 ], 
                  [ 0, 0, -1, 1, -1, 1, 1, 1, -2, 0, 0, 0, 0, 0, 0, 0 ], [ 0, 0, -1, 0, -1, 0, 0, 0, 0, -2, 0, 0, 0, 0, 0, 0 ], 
                  [ 0, 0, 0, 0, 0, 0, 0, 0, 0, 0, -4, -1, 0, -2, 0, 0 ], [ 0, 0, 0, 0, 0, 0, 0, 0, 0, 0, -1, -6, -1, 2, 0, 0 ], 
                  [ 0, 0, 0, 0, 0, 0, 0, 0, 0, 0, 0, -1, -6, -2, 0, 0 ], [ 0, 0, 0, 0, 0, 0, 0, 0, 0, 0, -2, 2, -2, -8, 0, 0 ], 
                  [ 0, 1, 0, 0, 0, 0, 0, 0, 0, 0, 0, 0, 0, 0, 0, 0 ], [ 1, 0, 0, 0, 0, 0, 0, 0, 0, 0, 0, 0, 0, 0, 0, 0 ] ] ],
          method := "Nikulin uniqueness",
          spinorPrimes := [  ] ),
      ampleflag := true,
      basisdual := [ [ 2, 0, 0, 0, 0, 10 ], [ 0, 1, 0, 0, 0, 31 ], [ 0, 0, 1, 1, 0, 36 ], [ 0, 0, 0, 4, 1, 1 ], [ 0, 0, 0, 0, 2, 22 ], [ 0, 0, 0, 0, 0, 41 ] ],
      extdeg := 1,
      extgroupgens := [ [ 2, 0 ], [ 0, 328 ] ],
      h := [ 1, 2, 2, 0, 1, -4 ],
      rho := 6,
      sprats := rec(
          nopss := [ 0, 9 ],
          scons := [ [ [ 1, 6, 2, 0, 1, -7 ], [ 1, -2, 2, 0, 1, -1 ] ], [ [ 1, 1, 1, 0, 2, -3 ], [ 1, 3, 3, 0, 0, -5 ] ], [ [ 1, 2, 3, 0, 3, -6 ], [ 1, 2, 1, 0, -1, -2 ] ], 
              [ [ 1, 2, 2, -1, 1, -4 ], [ 1, 2, 2, 1, 1, -4 ] ], [ [ 1, 3, 0, 0, 1, -3 ], [ 1, 1, 4, 0, 1, -5 ] ], [ [ 1, 3, 4, -1, 2, -7 ], [ 1, 1, 0, 1, 0, -1 ] ], 
              [ [ 1, 1, 0, 0, 0, -1 ], [ 1, 3, 4, 0, 2, -7 ] ], [ [ 1, 2, -2, 1, 0, 0 ], [ 1, 2, 6, -1, 2, -8 ] ], [ [ 1, 1, 4, -1, 1, -5 ], [ 1, 3, 0, 1, 1, -3 ] ] ],
          slins := [  ] ) ), rec(
      Gram := [ [ -10, -154, -112, -94, -168, -262 ], [ -154, -2548, -1853, -1545, -2779, -4323 ], [ -112, -1853, -1348, -1124, -2021, -3144 ], 
          [ -94, -1545, -1124, -940, -1684, -2620 ], [ -168, -2779, -2021, -1684, -3032, -4716 ], [ -262, -4323, -3144, -2620, -4716, -7336 ] ],
      Trec := rec(
          count := 1,
          grams := [ [ [ 0, 0, 0, 0, 0, 0, 0, 0, 0, 0, 0, 0, 0, 0, 0, 1 ], [ 0, -2, -1, -1, -1, 1, 1, -1, 1, 0, 0, 0, 0, 0, 0, 0 ], 
                  [ 0, -1, -2, 0, -1, 1, 1, 0, 1, 0, 0, 0, 0, 0, 0, 0 ], [ 0, -1, 0, -2, -1, 0, 1, -1, 1, 0, 0, 0, 0, 0, 0, 0 ], 
                  [ 0, -1, -1, -1, -2, 0, 1, 0, 1, 0, 0, 0, 0, 0, 0, 0 ], [ 0, 1, 1, 0, 0, -2, 0, 0, -1, 0, 0, 0, 0, 0, 0, 0 ], 
                  [ 0, 1, 1, 1, 1, 0, -2, 1, -1, 0, 0, 0, 0, 0, 0, 0 ], [ 0, -1, 0, -1, 0, 0, 1, -2, 0, 0, 0, 0, 0, 0, 0, 0 ], 
                  [ 0, 1, 1, 1, 1, -1, -1, 0, -2, 0, 0, 0, 0, 0, 0, 0 ], [ 0, 0, 0, 0, 0, 0, 0, 0, 0, -2, -1, 1, 0, 0, -1, 0 ], 
                  [ 0, 0, 0, 0, 0, 0, 0, 0, 0, -1, -2, 0, 0, 0, -1, 0 ], [ 0, 0, 0, 0, 0, 0, 0, 0, 0, 1, 0, -2, 0, 0, 1, 0 ], 
                  [ 0, 0, 0, 0, 0, 0, 0, 0, 0, 0, 0, 0, -2, 0, 1, 0 ], [ 0, 0, 0, 0, 0, 0, 0, 0, 0, 0, 0, 0, 0, -2, 0, 0 ], 
                  [ 0, 0, 0, 0, 0, 0, 0, 0, 0, -1, -1, 1, 1, 0, 64, 0 ], [ 1, 0, 0, 0, 0, 0, 0, 0, 0, 0, 0, 0, 0, 0, 0, 0 ] ] ],
          method := "Nikulin uniqueness",
          spinorPrimes := [  ] ),
      ampleflag := true,
      basisdual := [ [ 2, 0, 0, 2, 0, 6 ], [ 0, 1, 0, 1, 0, 78 ], [ 0, 0, 1, 1, 0, 57 ], [ 0, 0, 0, 4, 0, 49 ], [ 0, 0, 0, 0, 1, 84 ], [ 0, 0, 0, 0, 0, 131 ] ],
      extdeg := 1,
      extgroupgens := [ [ 2, 0 ], [ 0, 524 ] ],
      h := [ 1, 2, 2, -1, 2, -3 ],
      rho := 6,
      sprats := rec(
          nopss := [ 0, 6 ],
          scons := [ [ [ 1, 6, 2, -2, 2, -5 ], [ 1, -2, 2, 0, 2, -1 ] ], [ [ 1, 2, 1, -1, -2, 0 ], [ 1, 2, 3, -1, 6, -6 ] ], [ [ 1, 2, 6, -2, 3, -5 ], [ 1, 2, -2, 0, 1, -1 ] 
                 ], [ [ 1, 3, 3, -1, 2, -4 ], [ 1, 1, 1, -1, 2, -2 ] ], [ [ 1, 2, 2, 0, 3, -4 ], [ 1, 2, 2, -2, 1, -2 ] ], [ [ 1, 3, 3, -2, 1, -3 ], [ 1, 1, 1, 0, 3, -3 ] ] ]
           ,
          slins := [  ] ) ), rec(
      Gram := [ [ -6206, -1613, -4964, -6454, -496, -6950 ], [ -1613, -420, -1291, -1679, -129, -1807 ], [ -4964, -1291, -3972, -5164, -397, -5560 ], 
          [ -6454, -1679, -5164, -6716, -516, -7228 ], [ -496, -129, -397, -516, -40, -556 ], [ -6950, -1807, -5560, -7228, -556, -7784 ] ],
      Trec := rec(
          count := 1,
          grams := [ [ [ 0, 0, 0, 0, 0, 0, 0, 0, 0, 0, 0, 0, 0, 0, 0, 1 ], [ 0, -2, -1, -1, -1, 1, 1, -1, 1, 0, 0, 0, 0, 0, 0, 0 ], 
                  [ 0, -1, -2, 0, 0, 1, 1, -1, 1, 0, 0, 0, 0, 0, 0, 0 ], [ 0, -1, 0, -2, 0, 0, 1, -1, 1, 0, 0, 0, 0, 0, 0, 0 ], 
                  [ 0, -1, 0, 0, -2, 0, 0, 0, 0, 0, 0, 0, 0, 0, 0, 0 ], [ 0, 1, 1, 0, 0, -2, 0, 1, -1, 0, 0, 0, 0, 0, 0, 0 ], 
                  [ 0, 1, 1, 1, 0, 0, -2, 1, -1, 0, 0, 0, 0, 0, 0, 0 ], [ 0, -1, -1, -1, 0, 1, 1, -2, 1, 0, 0, 0, 0, 0, 0, 0 ], 
                  [ 0, 1, 1, 1, 0, -1, -1, 1, -2, 0, 0, 0, 0, 0, 0, 0 ], [ 0, 0, 0, 0, 0, 0, 0, 0, 0, -2, -1, 1, 0, 0, -1, 0 ], 
                  [ 0, 0, 0, 0, 0, 0, 0, 0, 0, -1, -2, 0, 0, 0, -1, 0 ], [ 0, 0, 0, 0, 0, 0, 0, 0, 0, 1, 0, -2, 0, 0, 1, 0 ], 
                  [ 0, 0, 0, 0, 0, 0, 0, 0, 0, 0, 0, 0, -2, 0, 1, 0 ], [ 0, 0, 0, 0, 0, 0, 0, 0, 0, 0, 0, 0, 0, -2, 0, 0 ], 
                  [ 0, 0, 0, 0, 0, 0, 0, 0, 0, -1, -1, 1, 1, 0, 68, 0 ], [ 1, 0, 0, 0, 0, 0, 0, 0, 0, 0, 0, 0, 0, 0, 0, 0 ] ] ],
          method := "Nikulin uniqueness",
          spinorPrimes := [  ] ),
      ampleflag := true,
      basisdual := [ [ 2, 0, 0, 2, 0, 125 ], [ 0, 1, 0, 1, 0, 32 ], [ 0, 0, 1, 1, 0, 99 ], [ 0, 0, 0, 4, 0, 127 ], [ 0, 0, 0, 0, 1, 10 ], [ 0, 0, 0, 0, 0, 139 ] ],
      extdeg := 1,
      extgroupgens := [ [ 2, 0 ], [ 0, 556 ] ],
      h := [ 1, 2, 2, -1, 2, -2 ],
      rho := 6,
      sprats := rec(
          nopss := [ 0, 6 ],
          scons := [ [ [ 1, 6, 2, -2, 2, -2 ], [ 1, -2, 2, 0, 2, -2 ] ], [ [ 1, 2, 1, -1, -2, -1 ], [ 1, 2, 3, -1, 6, -3 ] ], [ [ 1, 2, -2, 0, 1, 0 ], [ 1, 2, 6, -2, 3, -4 ] 
                 ], [ [ 1, 2, 2, -2, 1, -1 ], [ 1, 2, 2, 0, 3, -3 ] ], [ [ 1, 3, 3, -2, 2, -2 ], [ 1, 1, 1, 0, 2, -2 ] ], [ [ 1, 1, 1, -1, 1, -1 ], [ 1, 3, 3, -1, 3, -3 ] ] ]
           ,
          slins := [  ] ) ), rec(
      Gram := [ [ -62, -50, -81, 0, -46, -78 ], [ -50, -42, -67, -1, -36, -65 ], [ -81, -67, -108, -1, -59, -104 ], [ 0, -1, -1, -4, 0, 0 ], [ -46, -36, -59, 0, -40, -52 ], 
          [ -78, -65, -104, 0, -52, -104 ] ],
      Trec := rec(
          count := 1,
          grams := [ [ [ 0, 0, 0, 0, 0, 0, 0, 0, 0, 0, 0, 0, 0, 0, 0, 1 ], [ 0, -2, -1, -1, 1, 1, -1, -1, 1, 0, 0, 0, 0, 0, 0, 0 ], 
                  [ 0, -1, -2, 0, 1, 1, -1, 0, 1, 0, 0, 0, 0, 0, 0, 0 ], [ 0, -1, 0, -2, 1, 0, -1, 0, 1, 0, 0, 0, 0, 0, 0, 0 ], 
                  [ 0, 1, 1, 1, -2, -1, 1, 0, -1, 0, 0, 0, 0, 0, 0, 0 ], [ 0, 1, 1, 0, -1, -2, 1, 1, -1, 0, 0, 0, 0, 0, 0, 0 ], 
                  [ 0, -1, -1, -1, 1, 1, -2, 0, 1, 0, 0, 0, 0, 0, 0, 0 ], [ 0, -1, 0, 0, 0, 1, 0, -2, 0, 0, 0, 0, 0, 0, 0, 0 ], 
                  [ 0, 1, 1, 1, -1, -1, 1, 0, -2, 0, 0, 0, 0, 0, 0, 0 ], [ 0, 0, 0, 0, 0, 0, 0, 0, 0, -2, -1, 0, 0, 1, 0, 0 ], 
                  [ 0, 0, 0, 0, 0, 0, 0, 0, 0, -1, -2, 0, 0, 1, 0, 0 ], [ 0, 0, 0, 0, 0, 0, 0, 0, 0, 0, 0, -2, 0, -1, 0, 0 ], 
                  [ 0, 0, 0, 0, 0, 0, 0, 0, 0, 0, 0, 0, -2, 1, 0, 0 ], [ 0, 0, 0, 0, 0, 0, 0, 0, 0, 1, 1, -1, 1, -4, 0, 0 ], 
                  [ 0, 0, 0, 0, 0, 0, 0, 0, 0, 0, 0, 0, 0, 0, 26, 0 ], [ 1, 0, 0, 0, 0, 0, 0, 0, 0, 0, 0, 0, 0, 0, 0, 0 ] ] ],
          method := "Nikulin uniqueness",
          spinorPrimes := [  ] ),
      ampleflag := true,
      basisdual := [ [ 2, 0, 0, 2, 5, 9 ], [ 0, 1, 0, 1, 2, 8 ], [ 0, 0, 1, 1, 4, 12 ], [ 0, 0, 0, 4, 1, 2 ], [ 0, 0, 0, 0, 7, 3 ], [ 0, 0, 0, 0, 0, 13 ] ],
      extdeg := 1,
      extgroupgens := [ [ 2, 0 ], [ 0, 364 ] ],
      h := [ 1, 2, 2, -1, -2, -3 ],
      rho := 6,
      sprats := rec(
          nopss := [ 0, 8 ],
          scons := [ [ [ 1, 6, 2, -2, -3, -5 ], [ 1, -2, 2, 0, -1, -1 ] ], [ [ 1, 3, 3, -1, -3, -4 ], [ 1, 1, 1, -1, -1, -2 ] ], 
              [ [ 1, 2, 2, 0, -2, -3 ], [ 1, 2, 2, -2, -2, -3 ] ], [ [ 1, 2, -2, 0, 0, 0 ], [ 1, 2, 6, -2, -4, -6 ] ], 
              [ [ 1, 3, 0, -1, -1, -2 ], [ 1, 1, 4, -1, -3, -4 ] ], [ [ 1, 2, 1, -1, -2, -2 ], [ 1, 2, 3, -1, -2, -4 ] ], [ [ 1, 3, 3, -2, -3, -4 ], [ 1, 1, 1, 0, -1, -2 ] ],
              [ [ 1, 1, 0, 0, -1, -1 ], [ 1, 3, 4, -2, -3, -5 ] ] ],
          slins := [  ] ) ), rec(
      Gram := [ [ -22, -17, -6, -12, -28, -14 ], [ -17, -16, -7, -7, -28, -7 ], [ -6, -7, -4, -1, -14, 0 ], [ -12, -7, -1, -32, 0, -28 ], [ -28, -28, -14, 0, -56, 0 ], 
          [ -14, -7, 0, -28, 0, -28 ] ],
      Trec := rec(
          count := 1,
          grams := [ [ [ 0, 0, 0, 0, 0, 0, 0, 0, 0, 0, 0, 0, 0, 0, 0, 1 ], [ 0, 0, 0, 0, 0, 0, 0, 0, 0, 0, 0, 0, 0, 0, 2, 0 ], 
                  [ 0, 0, -2, 1, -1, 1, 1, -1, -1, 1, 0, 0, 0, 0, 0, 0 ], [ 0, 0, 1, -2, 0, -1, -1, 1, 0, -1, 0, 0, 0, 0, 0, 0 ], 
                  [ 0, 0, -1, 0, -2, 1, 0, -1, 0, 1, 0, 0, 0, 0, 0, 0 ], [ 0, 0, 1, -1, 1, -2, -1, 1, 0, -1, 0, 0, 0, 0, 0, 0 ], 
                  [ 0, 0, 1, -1, 0, -1, -2, 0, 0, -1, 0, 0, 0, 0, 0, 0 ], [ 0, 0, -1, 1, -1, 1, 0, -2, 0, 1, 0, 0, 0, 0, 0, 0 ], 
                  [ 0, 0, -1, 0, 0, 0, 0, 0, -2, 0, 0, 0, 0, 0, 0, 0 ], [ 0, 0, 1, -1, 1, -1, -1, 1, 0, -2, 0, 0, 0, 0, 0, 0 ], 
                  [ 0, 0, 0, 0, 0, 0, 0, 0, 0, 0, -2, 0, -1, 0, 0, 0 ], [ 0, 0, 0, 0, 0, 0, 0, 0, 0, 0, 0, -2, 0, 0, 0, 0 ], 
                  [ 0, 0, 0, 0, 0, 0, 0, 0, 0, 0, -1, 0, -4, 0, 0, 0 ], [ 0, 0, 0, 0, 0, 0, 0, 0, 0, 0, 0, 0, 0, -14, 1, 0 ], 
                  [ 0, 2, 0, 0, 0, 0, 0, 0, 0, 0, 0, 0, 0, 1, 0, 0 ], [ 1, 0, 0, 0, 0, 0, 0, 0, 0, 0, 0, 0, 0, 0, 0, 0 ] ] ],
          method := "Nikulin uniqueness",
          spinorPrimes := [  ] ),
      ampleflag := true,
      basisdual := [ [ 2, 0, 0, 0, 8, 5 ], [ 0, 1, 0, 0, 7, 2 ], [ 0, 0, 1, 1, 4, 0 ], [ 0, 0, 0, 4, 1, 5 ], [ 0, 0, 0, 0, 14, 0 ], [ 0, 0, 0, 0, 0, 7 ] ],
      extdeg := 1,
      extgroupgens := [ [ 14, 0 ], [ 0, 56 ] ],
      h := [ 1, 2, 2, 0, -2, -1 ],
      rho := 6,
      sprats := rec(
          nopss := [ 0, 8 ],
          scons := [ [ [ 1, 6, 2, 0, -4, -2 ], [ 1, -2, 2, 0, 0, 0 ] ], [ [ 1, 2, 1, 0, -2, -1 ], [ 1, 2, 3, 0, -2, -1 ] ], [ [ 1, 1, 4, 0, -2, -1 ], [ 1, 3, 0, 0, -2, -1 ] ]
                , [ [ 1, 2, 2, 1, -2, -2 ], [ 1, 2, 2, -1, -2, 0 ] ], [ [ 1, 1, 0, 1, -1, -2 ], [ 1, 3, 4, -1, -3, 0 ] ], [ [ 1, 2, 6, -1, -3, 0 ], [ 1, 2, -2, 1, -1, -2 ] ],
              [ [ 1, 3, 4, 0, -3, -1 ], [ 1, 1, 0, 0, -1, -1 ] ], [ [ 1, 1, 4, -1, -2, 0 ], [ 1, 3, 0, 1, -2, -2 ] ] ],
          slins := [  ] ) ), rec(
      Gram := [ [ -2976, -89, -1442, -180, -4688, -5049 ], [ -89, -4, -44, -6, -142, -153 ], [ -1442, -44, -700, -88, -2273, -2448 ], [ -180, -6, -88, -12, -284, -306 ], 
          [ -4688, -142, -2273, -284, -7388, -7956 ], [ -5049, -153, -2448, -306, -7956, -8568 ] ],
      Trec := rec(
          count := 1,
          grams := [ [ [ 0, 0, 0, 0, 0, 0, 0, 0, 0, 0, 0, 0, 0, 0, 0, 1 ], [ 0, 0, 0, 0, 0, 0, 0, 0, 0, 0, 0, 0, 0, 0, 1, 0 ], 
                  [ 0, 0, -2, 1, -1, -1, 1, -1, 1, 0, 0, 0, 1, 0, 0, 0 ], [ 0, 0, 1, -2, 0, 1, 0, 0, -1, 0, 0, 0, -1, 0, 0, 0 ], 
                  [ 0, 0, -1, 0, -2, -1, 1, -1, 0, 0, 0, 0, 0, 0, 0, 0 ], [ 0, 0, -1, 1, -1, -2, 0, -1, 0, 0, 0, 0, 0, 0, 0, 0 ], 
                  [ 0, 0, 1, 0, 1, 0, -2, 1, 0, 0, 0, 0, 0, 0, 0, 0 ], [ 0, 0, -1, 0, -1, -1, 1, -2, 0, 0, 0, 0, 0, 0, 0, 0 ], 
                  [ 0, 0, 1, -1, 0, 0, 0, 0, -2, 0, 0, 0, -1, 0, 0, 0 ], [ 0, 0, 0, 0, 0, 0, 0, 0, 0, -2, 0, 0, 0, 0, 0, 0 ], 
                  [ 0, 0, 0, 0, 0, 0, 0, 0, 0, 0, -4, -2, 0, 0, 0, 0 ], [ 0, 0, 0, 0, 0, 0, 0, 0, 0, 0, -2, -4, 0, 1, 0, 0 ], 
                  [ 0, 0, 1, -1, 0, 0, 0, 0, -1, 0, 0, 0, -6, 0, 0, 0 ], [ 0, 0, 0, 0, 0, 0, 0, 0, 0, 0, 0, 1, 0, -6, 0, 0 ], 
                  [ 0, 1, 0, 0, 0, 0, 0, 0, 0, 0, 0, 0, 0, 0, 0, 0 ], [ 1, 0, 0, 0, 0, 0, 0, 0, 0, 0, 0, 0, 0, 0, 0, 0 ] ] ],
          method := "Nikulin uniqueness",
          spinorPrimes := [  ] ),
      ampleflag := true,
      basisdual := [ [ 2, 0, 0, 1, 0, 91 ], [ 0, 2, 0, 1, 0, 4 ], [ 0, 0, 1, 1, 0, 44 ], [ 0, 0, 0, 2, 0, 6 ], [ 0, 0, 0, 0, 1, 142 ], [ 0, 0, 0, 0, 0, 153 ] ],
      extdeg := 1,
      extgroupgens := [ [ 2, 0 ], [ 0, 612 ] ],
      h := [ 1, 1, 2, -1, 2, -3 ],
      rho := 6,
      sprats := rec(
          nopss := [ 0, 6 ],
          scons := [ [ [ 1, 1, 6, -3, 3, -5 ], [ 1, 1, -2, 1, 1, -1 ] ], [ [ 1, 1, 1, -1, -2, 1 ], [ 1, 1, 3, -1, 6, -7 ] ], [ [ 1, 1, 2, -3, 1, -2 ], [ 1, 1, 2, 1, 3, -4 ] ]
                , [ [ 1, 0, 2, -1, 2, -3 ], [ 1, 2, 2, -1, 2, -3 ] ], [ [ 1, -1, 2, 0, 2, -3 ], [ 1, 3, 2, -2, 2, -3 ] ], [ [ 1, 2, 2, -2, 2, -3 ], [ 1, 0, 2, 0, 2, -3 ] ] ],
          slins := [  ] ) ), rec(
      Gram := [ [ -5244, -4310, -3728, -2097, -2330, -6525 ], [ -4310, -3546, -3066, -1725, -1916, -5365 ], [ -3728, -3066, -2652, -1492, -1657, -4640 ], 
          [ -2097, -1725, -1492, -840, -932, -2610 ], [ -2330, -1916, -1657, -932, -1036, -2900 ], [ -6525, -5365, -4640, -2610, -2900, -8120 ] ],
      Trec := rec(
          count := 1,
          grams := [ [ [ 0, 0, 0, 0, 0, 0, 0, 0, 0, 0, 0, 0, 0, 0, 0, 1 ], [ 0, -2, -1, -1, -1, 1, 1, -1, 1, 0, 0, 0, 0, 0, 0, 0 ], 
                  [ 0, -1, -2, 0, 0, 1, 1, -1, 1, 0, 0, 0, 0, 0, 0, 0 ], [ 0, -1, 0, -2, 0, 0, 1, -1, 1, 0, 0, 0, 0, 0, 0, 0 ], 
                  [ 0, -1, 0, 0, -2, 0, 0, 0, 0, 0, 0, 0, 0, 0, 0, 0 ], [ 0, 1, 1, 0, 0, -2, 0, 1, -1, 0, 0, 0, 0, 0, 0, 0 ], 
                  [ 0, 1, 1, 1, 0, 0, -2, 1, -1, 0, 0, 0, 0, 0, 0, 0 ], [ 0, -1, -1, -1, 0, 1, 1, -2, 1, 0, 0, 0, 0, 0, 0, 0 ], 
                  [ 0, 1, 1, 1, 0, -1, -1, 1, -2, 0, 0, 0, 0, 0, 0, 0 ], [ 0, 0, 0, 0, 0, 0, 0, 0, 0, -2, 0, 0, 0, 0, 0, 0 ], 
                  [ 0, 0, 0, 0, 0, 0, 0, 0, 0, 0, -2, 0, 0, -1, 0, 0 ], [ 0, 0, 0, 0, 0, 0, 0, 0, 0, 0, 0, -2, 0, 0, -1, 0 ], 
                  [ 0, 0, 0, 0, 0, 0, 0, 0, 0, 0, 0, 0, -2, -1, -6, 0 ], [ 0, 0, 0, 0, 0, 0, 0, 0, 0, 0, -1, 0, -1, -6, -3, 0 ], 
                  [ 0, 0, 0, 0, 0, 0, 0, 0, 0, 0, 0, -1, -6, -3, -4, 0 ], [ 1, 0, 0, 0, 0, 0, 0, 0, 0, 0, 0, 0, 0, 0, 0, 0 ] ] ],
          method := "Nikulin uniqueness",
          spinorPrimes := [  ] ),
      ampleflag := true,
      basisdual := [ [ 2, 0, 0, 1, 0, 117 ], [ 0, 2, 0, 1, 0, 97 ], [ 0, 0, 1, 1, 0, 83 ], [ 0, 0, 0, 2, 0, 47 ], [ 0, 0, 0, 0, 1, 52 ], [ 0, 0, 0, 0, 0, 145 ] ],
      extdeg := 1,
      extgroupgens := [ [ 2, 0 ], [ 0, 580 ] ],
      h := [ 1, 1, 2, -1, 2, -3 ],
      rho := 6,
      sprats := rec(
          nopss := [ 0, 6 ],
          scons := [ [ [ 1, 1, -2, 1, 1, -1 ], [ 1, 1, 6, -3, 3, -5 ] ], [ [ 1, 1, 2, -3, 1, -2 ], [ 1, 1, 2, 1, 3, -4 ] ], [ [ 1, 1, 1, -1, -2, -1 ], [ 1, 1, 3, -1, 6, -5 ] 
                 ], [ [ 1, 0, 2, -1, 1, -2 ], [ 1, 2, 2, -1, 3, -4 ] ], [ [ 1, -1, 2, 0, 2, -2 ], [ 1, 3, 2, -2, 2, -4 ] ], [ [ 1, 2, 2, -2, 1, -3 ], [ 1, 0, 2, 0, 3, -3 ] ] 
             ],
          slins := [  ] ) ), rec(
      Gram := [ [ -1938, -3005, -3206, -2271, -2939, -3741 ], [ -3005, -4666, -4976, -3525, -4561, -5805 ], [ -3206, -4976, -5308, -3760, -4865, -6192 ], 
          [ -2271, -3525, -3760, -2664, -3446, -4386 ], [ -2939, -4561, -4865, -3446, -4460, -5676 ], [ -3741, -5805, -6192, -4386, -5676, -7224 ] ],
      Trec := rec(
          count := 1,
          grams := [ [ [ 0, 0, 0, 0, 0, 0, 0, 0, 0, 0, 0, 0, 0, 0, 0, 1 ], [ 0, -2, -1, -1, -1, 1, 1, 1, 1, 0, 0, 0, 0, 0, 0, 0 ], 
                  [ 0, -1, -2, 0, 0, 1, 1, 0, 1, 0, 0, 0, 0, 0, 0, 0 ], [ 0, -1, 0, -2, 0, 0, 1, 1, 1, 0, 0, 0, 0, 0, 0, 0 ], 
                  [ 0, -1, 0, 0, -2, 0, 0, 0, 0, 0, 0, 0, 0, 0, 0, 0 ], [ 0, 1, 1, 0, 0, -2, 0, -1, -1, 0, 0, 0, 0, 0, 0, 0 ], 
                  [ 0, 1, 1, 1, 0, 0, -2, 0, -1, 0, 0, 0, 0, 0, 0, 0 ], [ 0, 1, 0, 1, 0, -1, 0, -2, -1, 0, 0, 0, 0, 0, 0, 0 ], 
                  [ 0, 1, 1, 1, 0, -1, -1, -1, -2, 0, 0, 0, 0, 0, 0, 0 ], [ 0, 0, 0, 0, 0, 0, 0, 0, 0, -2, 0, 0, 0, 1, 0, 0 ], 
                  [ 0, 0, 0, 0, 0, 0, 0, 0, 0, 0, -2, 1, 0, -1, -1, 0 ], [ 0, 0, 0, 0, 0, 0, 0, 0, 0, 0, 1, -2, 0, 1, 0, 0 ], 
                  [ 0, 0, 0, 0, 0, 0, 0, 0, 0, 0, 0, 0, -2, -1, 0, 0 ], [ 0, 0, 0, 0, 0, 0, 0, 0, 0, 1, -1, 1, -1, -4, -1, 0 ], 
                  [ 0, 0, 0, 0, 0, 0, 0, 0, 0, 0, -1, 0, 0, -1, 36, 0 ], [ 1, 0, 0, 0, 0, 0, 0, 0, 0, 0, 0, 0, 0, 0, 0, 0 ] ] ],
          method := "Nikulin uniqueness",
          spinorPrimes := [  ] ),
      ampleflag := true,
      basisdual := [ [ 2, 0, 0, 1, 0, 68 ], [ 0, 2, 0, 1, 0, 105 ], [ 0, 0, 1, 1, 0, 111 ], [ 0, 0, 0, 2, 0, 79 ], [ 0, 0, 0, 0, 1, 101 ], [ 0, 0, 0, 0, 0, 129 ] ],
      extdeg := 1,
      extgroupgens := [ [ 2, 0 ], [ 0, 516 ] ],
      h := [ 1, 1, 2, -1, 2, -4 ],
      rho := 6,
      sprats := rec(
          nopss := [ 0, 6 ],
          scons := [ [ [ 1, 1, -2, 1, 1, -1 ], [ 1, 1, 6, -3, 3, -7 ] ], [ [ 1, 1, 3, -1, 6, -8 ], [ 1, 1, 1, -1, -2, 0 ] ], [ [ 1, 0, 2, -1, 3, -4 ], [ 1, 2, 2, -1, 1, -4 ] 
                 ], [ [ 1, -1, 2, 0, 2, -3 ], [ 1, 3, 2, -2, 2, -5 ] ], [ [ 1, 2, 2, -2, 3, -5 ], [ 1, 0, 2, 0, 1, -3 ] ], [ [ 1, 1, 2, -3, 1, -2 ], [ 1, 1, 2, 1, 3, -6 ] ] ]
           ,
          slins := [  ] ) ), rec(
      Gram := [ [ -48, -9, -1, -20, -41, -75 ], [ -9, -4, -2, -6, -11, -15 ], [ -1, -2, -4, -4, -7, 0 ], [ -20, -6, -4, -12, -22, -30 ], [ -41, -11, -7, -22, -44, -60 ], 
          [ -75, -15, 0, -30, -60, -120 ] ],
      Trec := rec(
          count := 1,
          grams := [ [ [ 0, 0, 0, 0, 0, 0, 0, 0, 0, 0, 0, 0, 0, 0, 0, 1 ], [ 0, -2, -1, -1, 1, 1, -1, -1, 1, 0, 0, 0, 0, 0, 0, 0 ], 
                  [ 0, -1, -2, 0, 1, 1, -1, 0, 1, 0, 0, 0, 0, 0, 0, 0 ], [ 0, -1, 0, -2, 1, 0, -1, 0, 1, 0, 0, 0, 0, 0, 0, 0 ], 
                  [ 0, 1, 1, 1, -2, -1, 1, 0, -1, 0, 0, 0, 0, 0, 0, 0 ], [ 0, 1, 1, 0, -1, -2, 1, 1, -1, 0, 0, 0, 0, 0, 0, 0 ], 
                  [ 0, -1, -1, -1, 1, 1, -2, 0, 1, 0, 0, 0, 0, 0, 0, 0 ], [ 0, -1, 0, 0, 0, 1, 0, -2, 0, 0, 0, 0, 0, 0, 0, 0 ], 
                  [ 0, 1, 1, 1, -1, -1, 1, 0, -2, 0, 0, 0, 0, 0, 0, 0 ], [ 0, 0, 0, 0, 0, 0, 0, 0, 0, -2, -1, 0, 0, 1, 0, 0 ], 
                  [ 0, 0, 0, 0, 0, 0, 0, 0, 0, -1, -2, 0, 0, 1, 0, 0 ], [ 0, 0, 0, 0, 0, 0, 0, 0, 0, 0, 0, -2, 0, -1, 0, 0 ], 
                  [ 0, 0, 0, 0, 0, 0, 0, 0, 0, 0, 0, 0, -2, 1, 0, 0 ], [ 0, 0, 0, 0, 0, 0, 0, 0, 0, 1, 1, -1, 1, -4, 0, 0 ], 
                  [ 0, 0, 0, 0, 0, 0, 0, 0, 0, 0, 0, 0, 0, 0, 30, 0 ], [ 1, 0, 0, 0, 0, 0, 0, 0, 0, 0, 0, 0, 0, 0, 0, 0 ] ] ],
          method := "Nikulin uniqueness",
          spinorPrimes := [  ] ),
      ampleflag := true,
      basisdual := [ [ 2, 0, 0, 1, 3, 11 ], [ 0, 2, 0, 1, 2, 4 ], [ 0, 0, 1, 1, 4, 2 ], [ 0, 0, 0, 2, 4, 6 ], [ 0, 0, 0, 0, 7, 11 ], [ 0, 0, 0, 0, 0, 15 ] ],
      extdeg := 1,
      extgroupgens := [ [ 2, 0 ], [ 0, 420 ] ],
      h := [ 1, 1, 2, -1, -1, 0 ],
      rho := 6,
      sprats := rec(
          nopss := [ 0, 8 ],
          scons := [ [ [ 1, 1, 2, 1, -2, 0 ], [ 1, 1, 2, -3, 0, 0 ] ], [ [ 1, 1, -2, 1, 0, -1 ], [ 1, 1, 6, -3, -2, 1 ] ], [ [ 1, 2, 2, -2, -1, 0 ], [ 1, 0, 2, 0, -1, 0 ] ], 
              [ [ 1, 3, 2, -2, -1, 0 ], [ 1, -1, 2, 0, -1, 0 ] ], [ [ 1, 2, 3, -2, -1, 0 ], [ 1, 0, 1, 0, -1, 0 ] ], [ [ 1, 1, 1, -1, -1, 0 ], [ 1, 1, 3, -1, -1, 0 ] ], 
              [ [ 1, 0, 2, -1, -1, 0 ], [ 1, 2, 2, -1, -1, 0 ] ], [ [ 1, 2, 1, -1, -1, 0 ], [ 1, 0, 3, -1, -1, 0 ] ] ],
          slins := [  ] ) ), rec(
      Gram := [ [ -2192, -1335, -427, -2672, -641, -2993 ], [ -1335, -816, -261, -1630, -391, -1825 ], [ -427, -261, -84, -522, -125, -584 ], 
          [ -2672, -1630, -522, -3260, -782, -3650 ], [ -641, -391, -125, -782, -188, -876 ], [ -2993, -1825, -584, -3650, -876, -4088 ] ],
      Trec := rec(
          count := 1,
          grams := [ [ [ 0, 0, 0, 0, 0, 0, 0, 0, 0, 0, 0, 0, 0, 0, 0, 1 ], [ 0, -2, -1, -1, -1, 1, 1, -1, 1, 0, 0, 0, 0, 0, 0, 0 ], 
                  [ 0, -1, -2, 0, 0, 1, 1, -1, 1, 0, 0, 0, 0, 0, 0, 0 ], [ 0, -1, 0, -2, 0, 0, 1, -1, 1, 0, 0, 0, 0, 0, 0, 0 ], 
                  [ 0, -1, 0, 0, -2, 0, 0, 0, 0, 0, 0, 0, 0, 0, 0, 0 ], [ 0, 1, 1, 0, 0, -2, 0, 1, -1, 0, 0, 0, 0, 0, 0, 0 ], 
                  [ 0, 1, 1, 1, 0, 0, -2, 1, -1, 0, 0, 0, 0, 0, 0, 0 ], [ 0, -1, -1, -1, 0, 1, 1, -2, 1, 0, 0, 0, 0, 0, 0, 0 ], 
                  [ 0, 1, 1, 1, 0, -1, -1, 1, -2, 0, 0, 0, 0, 0, 0, 0 ], [ 0, 0, 0, 0, 0, 0, 0, 0, 0, -2, 0, 0, 0, -1, 0, 0 ], 
                  [ 0, 0, 0, 0, 0, 0, 0, 0, 0, 0, -2, 0, 0, -1, 0, 0 ], [ 0, 0, 0, 0, 0, 0, 0, 0, 0, 0, 0, -2, 0, 0, -1, 0 ], 
                  [ 0, 0, 0, 0, 0, 0, 0, 0, 0, 0, 0, 0, -2, 0, 0, 0 ], [ 0, 0, 0, 0, 0, 0, 0, 0, 0, -1, -1, 0, 0, -6, -2, 0 ], 
                  [ 0, 0, 0, 0, 0, 0, 0, 0, 0, 0, 0, -1, 0, -2, 6, 0 ], [ 1, 0, 0, 0, 0, 0, 0, 0, 0, 0, 0, 0, 0, 0, 0, 0 ] ] ],
          method := "Nikulin uniqueness",
          spinorPrimes := [  ] ),
      ampleflag := true,
      basisdual := [ [ 2, 0, 0, 1, 0, 55 ], [ 0, 2, 0, 1, 0, 34 ], [ 0, 0, 1, 1, 0, 11 ], [ 0, 0, 0, 2, 0, 66 ], [ 0, 0, 0, 0, 1, 15 ], [ 0, 0, 0, 0, 0, 73 ] ],
      extdeg := 1,
      extgroupgens := [ [ 2, 0 ], [ 0, 292 ] ],
      h := [ 1, 1, 2, -1, 2, -1 ],
      rho := 6,
      sprats := rec(
          nopss := [ 0, 10 ],
          scons := [ [ [ 1, 1, -2, 1, 1, -2 ], [ 1, 1, 6, -3, 3, 0 ] ], [ [ 1, 0, 2, 0, 0, -1 ], [ 1, 2, 2, -2, 4, -1 ] ], [ [ 1, 1, 1, -1, -2, 0 ], [ 1, 1, 3, -1, 6, -2 ] ],
              [ [ 1, 2, 2, -1, 0, -1 ], [ 1, 0, 2, -1, 4, -1 ] ], [ [ 1, 0, 3, -2, 3, 0 ], [ 1, 2, 1, 0, 1, -2 ] ], [ [ 1, -1, 2, 0, 2, -1 ], [ 1, 3, 2, -2, 2, -1 ] ], 
              [ [ 1, 0, 3, 0, 4, -2 ], [ 1, 2, 1, -2, 0, 0 ] ], [ [ 1, 1, 2, -3, 1, 1 ], [ 1, 1, 2, 1, 3, -3 ] ], [ [ 1, 0, 1, -1, 0, 0 ], [ 1, 2, 3, -1, 4, -2 ] ], 
              [ [ 1, 2, 3, -3, 3, 0 ], [ 1, 0, 1, 1, 1, -2 ] ] ],
          slins := [  ] ) ), rec(
      Gram := [ [ -558, -32, -262, -66, -852, -918 ], [ -32, -4, -16, -6, -50, -54 ], [ -262, -16, -124, -32, -401, -432 ], [ -66, -6, -32, -12, -100, -108 ], 
          [ -852, -50, -401, -100, -1304, -1404 ], [ -918, -54, -432, -108, -1404, -1512 ] ],
      Trec := rec(
          count := 1,
          grams := [ [ [ 0, 0, 0, 0, 0, 0, 0, 0, 0, 0, 0, 0, 0, 0, 0, 2 ], [ 0, -2, 1, 1, 1, 1, -1, 1, 1, 0, 0, 0, 0, 0, 0, 0 ], 
                  [ 0, 1, -2, -1, -1, -1, 0, -1, -1, 0, 0, 0, 0, 0, 0, 0 ], [ 0, 1, -1, -2, 0, -1, 0, -1, -1, 0, 0, 0, 0, 0, 0, 0 ], 
                  [ 0, 1, -1, 0, -2, -1, 1, 0, 0, 0, 0, 0, 0, 0, 0, 0 ], [ 0, 1, -1, -1, -1, -2, 0, 0, -1, 0, 0, 0, 0, 0, 0, 0 ], 
                  [ 0, -1, 0, 0, 1, 0, -2, 0, 0, 0, 0, 0, 0, 0, 0, 0 ], [ 0, 1, -1, -1, 0, 0, 0, -2, -1, 0, 0, 0, 0, 0, 0, 0 ], 
                  [ 0, 1, -1, -1, 0, -1, 0, -1, -2, 0, 0, 0, 0, 0, 0, 0 ], [ 0, 0, 0, 0, 0, 0, 0, 0, 0, -2, -1, 0, 0, 1, -1, 0 ], 
                  [ 0, 0, 0, 0, 0, 0, 0, 0, 0, -1, -2, 0, 0, 1, 0, 0 ], [ 0, 0, 0, 0, 0, 0, 0, 0, 0, 0, 0, -2, -1, -1, -1, 0 ], 
                  [ 0, 0, 0, 0, 0, 0, 0, 0, 0, 0, 0, -1, 2, 0, -1, 0 ], [ 0, 0, 0, 0, 0, 0, 0, 0, 0, 1, 1, -1, 0, -4, 0, 0 ], 
                  [ 0, 0, 0, 0, 0, 0, 0, 0, 0, -1, 0, -1, -1, 0, -6, 0 ], [ 2, 0, 0, 0, 0, 0, 0, 0, 0, 0, 0, 0, 0, 0, 0, 0 ] ] ],
          method := "Nikulin uniqueness",
          spinorPrimes := [  ] ),
      ampleflag := true,
      basisdual := [ [ 2, 0, 0, 2, 0, 34 ], [ 0, 2, 0, 2, 0, 4 ], [ 0, 0, 1, 1, 0, 16 ], [ 0, 0, 0, 4, 0, 6 ], [ 0, 0, 0, 0, 1, 50 ], [ 0, 0, 0, 0, 0, 54 ] ],
      extdeg := 1,
      extgroupgens := [ [ 2, 0, 0, 0 ], [ 0, 2, 0, 0 ], [ 0, 0, 2, 0 ], [ 0, 0, 0, 108 ] ],
      h := [ 1, 1, 2, -1, 2, -3 ],
      rho := 6,
      sprats := rec(
          nopss := [ 0, 8 ],
          scons := [ [ [ 1, 1, 6, -2, 3, -5 ], [ 1, 1, -2, 0, 1, -1 ] ], [ [ 1, 1, 1, -1, -2, 1 ], [ 1, 1, 3, -1, 6, -7 ] ], [ [ 1, 0, 2, -1, 2, -3 ], [ 1, 2, 2, -1, 2, -3 ] 
                 ], [ [ 1, -1, 2, 0, 2, -3 ], [ 1, 3, 2, -2, 2, -3 ] ], [ [ 1, 0, 2, 0, 3, -4 ], [ 1, 2, 2, -2, 1, -2 ] ], [ [ 1, 1, 2, -2, 1, -2 ], [ 1, 1, 2, 0, 3, -4 ] ], 
              [ [ 1, 0, 2, -1, 1, -2 ], [ 1, 2, 2, -1, 3, -4 ] ], [ [ 1, 2, 2, -2, 2, -3 ], [ 1, 0, 2, 0, 2, -3 ] ] ],
          slins := [  ] ) ), rec(
      Gram := [ [ -306, -386, -244, -204, -366, -570 ], [ -386, -492, -310, -260, -464, -722 ], [ -244, -310, -196, -164, -293, -456 ], [ -204, -260, -164, -140, -244, -380 ]
            , [ -366, -464, -293, -244, -440, -684 ], [ -570, -722, -456, -380, -684, -1064 ] ],
      Trec := rec(
          count := 1,
          grams := [ [ [ 0, 0, 0, 0, 0, 0, 0, 0, 0, 0, 0, 0, 0, 0, 0, 2 ], [ 0, -2, -1, -1, -1, 1, 1, -1, 1, 0, 0, 0, 0, 0, 0, 0 ], 
                  [ 0, -1, -2, 0, 0, 1, 1, -1, 1, 0, 0, 0, 0, 0, 0, 0 ], [ 0, -1, 0, -2, 0, 0, 1, -1, 1, 0, 0, 0, 0, 0, 0, 0 ], 
                  [ 0, -1, 0, 0, -2, 0, 0, 0, 0, 0, 0, 0, 0, 0, 0, 0 ], [ 0, 1, 1, 0, 0, -2, 0, 1, -1, 0, 0, 0, 0, 0, 0, 0 ], 
                  [ 0, 1, 1, 1, 0, 0, -2, 1, -1, 0, 0, 0, 0, 0, 0, 0 ], [ 0, -1, -1, -1, 0, 1, 1, -2, 1, 0, 0, 0, 0, 0, 0, 0 ], 
                  [ 0, 1, 1, 1, 0, -1, -1, 1, -2, 0, 0, 0, 0, 0, 0, 0 ], [ 0, 0, 0, 0, 0, 0, 0, 0, 0, -2, -1, 1, 0, 0, -1, 0 ], 
                  [ 0, 0, 0, 0, 0, 0, 0, 0, 0, -1, -2, 0, 0, 0, -1, 0 ], [ 0, 0, 0, 0, 0, 0, 0, 0, 0, 1, 0, -2, 0, 0, 1, 0 ], 
                  [ 0, 0, 0, 0, 0, 0, 0, 0, 0, 0, 0, 0, -2, 0, 1, 0 ], [ 0, 0, 0, 0, 0, 0, 0, 0, 0, 0, 0, 0, 0, -2, 0, 0 ], 
                  [ 0, 0, 0, 0, 0, 0, 0, 0, 0, -1, -1, 1, 1, 0, 8, 0 ], [ 2, 0, 0, 0, 0, 0, 0, 0, 0, 0, 0, 0, 0, 0, 0, 0 ] ] ],
          method := "Nikulin uniqueness",
          spinorPrimes := [  ] ),
      ampleflag := true,
      basisdual := [ [ 2, 0, 0, 2, 0, 22 ], [ 0, 2, 0, 2, 0, 28 ], [ 0, 0, 1, 1, 0, 17 ], [ 0, 0, 0, 4, 0, 16 ], [ 0, 0, 0, 0, 1, 24 ], [ 0, 0, 0, 0, 0, 38 ] ],
      extdeg := 1,
      extgroupgens := [ [ 2, 0, 0, 0 ], [ 0, 2, 0, 0 ], [ 0, 0, 2, 0 ], [ 0, 0, 0, 76 ] ],
      h := [ 1, 1, 2, -1, 2, -3 ],
      rho := 6,
      sprats := rec(
          nopss := [ 0, 10 ],
          scons := [ [ [ 1, 1, -2, 0, 1, -1 ], [ 1, 1, 6, -2, 3, -5 ] ], [ [ 1, 2, 2, -2, 3, -4 ], [ 1, 0, 2, 0, 1, -2 ] ], [ [ 1, 1, 2, -2, 1, -2 ], [ 1, 1, 2, 0, 3, -4 ] ],
              [ [ 1, 0, 2, -1, 3, -3 ], [ 1, 2, 2, -1, 1, -3 ] ], [ [ 1, 3, 2, -2, 2, -4 ], [ 1, -1, 2, 0, 2, -2 ] ], [ [ 1, 2, 1, -1, 0, -2 ], [ 1, 0, 3, -1, 4, -4 ] ], 
              [ [ 1, 2, 2, -1, 4, -5 ], [ 1, 0, 2, -1, 0, -1 ] ], [ [ 1, 2, 2, -2, 0, -2 ], [ 1, 0, 2, 0, 4, -4 ] ], [ [ 1, 1, 1, -1, -2, 0 ], [ 1, 1, 3, -1, 6, -6 ] ], 
              [ [ 1, 2, 3, -2, 4, -5 ], [ 1, 0, 1, 0, 0, -1 ] ] ],
          slins := [  ] ) ), rec(
      Gram := [ [ -198, -152, -174, 2, -218, -306 ], [ -152, -120, -136, 0, -170, -238 ], [ -174, -136, -156, -1, -194, -272 ], [ 2, 0, -1, -4, 0, 0 ], 
          [ -218, -170, -194, 0, -244, -340 ], [ -306, -238, -272, 0, -340, -476 ] ],
      Trec := rec(
          count := 1,
          grams := [ [ [ 0, 0, 0, 0, 0, 0, 0, 0, 0, 0, 0, 0, 0, 0, 0, 1 ], [ 0, 0, 0, 0, 0, 0, 0, 0, 0, 0, 0, 0, 0, 0, 1, 0 ], 
                  [ 0, 0, -2, 1, -1, 1, 1, 1, -1, -1, 0, 0, 0, 0, 0, 0 ], [ 0, 0, 1, -2, 0, -1, -1, -1, 1, 0, 0, 0, 0, 0, 0, 0 ], 
                  [ 0, 0, -1, 0, -2, 1, 0, 1, -1, -1, 0, 0, 0, 0, 0, 0 ], [ 0, 0, 1, -1, 1, -2, 0, -1, 1, 0, 0, 0, 0, 0, 0, 0 ], 
                  [ 0, 0, 1, -1, 0, 0, -2, -1, 1, 0, 0, 0, 0, 0, 0, 0 ], [ 0, 0, 1, -1, 1, -1, -1, -2, 1, 0, 0, 0, 0, 0, 0, 0 ], 
                  [ 0, 0, -1, 1, -1, 1, 1, 1, -2, 0, 0, 0, 0, 0, 0, 0 ], [ 0, 0, -1, 0, -1, 0, 0, 0, 0, -2, 0, 0, 0, 0, 0, 0 ], 
                  [ 0, 0, 0, 0, 0, 0, 0, 0, 0, 0, -2, 0, 0, 0, 0, 0 ], [ 0, 0, 0, 0, 0, 0, 0, 0, 0, 0, 0, -2, 0, 0, 0, 0 ], 
                  [ 0, 0, 0, 0, 0, 0, 0, 0, 0, 0, 0, 0, -14, 6, 0, 0 ], [ 0, 0, 0, 0, 0, 0, 0, 0, 0, 0, 0, 0, 6, -22, 0, 0 ], 
                  [ 0, 1, 0, 0, 0, 0, 0, 0, 0, 0, 0, 0, 0, 0, 0, 0 ], [ 1, 0, 0, 0, 0, 0, 0, 0, 0, 0, 0, 0, 0, 0, 0, 0 ] ] ],
          method := "Nikulin uniqueness",
          spinorPrimes := [  ] ),
      ampleflag := true,
      basisdual := [ [ 2, 0, 0, 0, 0, 22 ], [ 0, 2, 0, 0, 0, 18 ], [ 0, 0, 1, 1, 0, 20 ], [ 0, 0, 0, 4, 1, 1 ], [ 0, 0, 0, 0, 2, 24 ], [ 0, 0, 0, 0, 0, 34 ] ],
      extdeg := 1,
      extgroupgens := [ [ 2, 0, 0, 0 ], [ 0, 2, 0, 0 ], [ 0, 0, 2, 0 ], [ 0, 0, 0, 136 ] ],
      h := [ 1, 1, 2, 0, 1, -3 ],
      rho := 6,
      sprats := rec(
          nopss := [ 0, 6 ],
          scons := [ [ [ 1, 1, 3, 0, 3, -5 ], [ 1, 1, 1, 0, -1, -1 ] ], [ [ 1, 1, 2, -1, 1, -3 ], [ 1, 1, 2, 1, 1, -3 ] ], [ [ 1, 1, -2, 1, 0, 0 ], [ 1, 1, 6, -1, 2, -6 ] ], 
              [ [ 1, -1, 2, 0, 1, -2 ], [ 1, 3, 2, 0, 1, -4 ] ], [ [ 1, 0, 1, 0, 1, -2 ], [ 1, 2, 3, 0, 1, -4 ] ], [ [ 1, 0, 3, 0, 1, -3 ], [ 1, 2, 1, 0, 1, -3 ] ] ],
          slins := [  ] ) ), rec(
      Gram := [ [ -6, -10, -3, -10, -12, -10 ], [ -10, -28, -4, -32, -22, -30 ], [ -3, -4, -4, -1, -7, 0 ], [ -10, -32, -1, -44, -20, -40 ], [ -12, -22, -7, -20, -24, -20 ], 
          [ -10, -30, 0, -40, -20, -40 ] ],
      Trec := rec(
          count := 1,
          grams := [ [ [ 0, 0, 0, 0, 0, 0, 0, 0, 0, 0, 0, 0, 0, 0, 0, 1 ], [ 0, -2, -1, -1, 1, 1, -1, -1, 1, 0, 0, 0, 0, 0, 0, 0 ], 
                  [ 0, -1, -2, 0, 1, 1, -1, 0, 1, 0, 0, 0, 0, 0, 0, 0 ], [ 0, -1, 0, -2, 1, 0, -1, 0, 1, 0, 0, 0, 0, 0, 0, 0 ], 
                  [ 0, 1, 1, 1, -2, -1, 1, 0, -1, 0, 0, 0, 0, 0, 0, 0 ], [ 0, 1, 1, 0, -1, -2, 1, 1, -1, 0, 0, 0, 0, 0, 0, 0 ], 
                  [ 0, -1, -1, -1, 1, 1, -2, 0, 1, 0, 0, 0, 0, 0, 0, 0 ], [ 0, -1, 0, 0, 0, 1, 0, -2, 0, 0, 0, 0, 0, 0, 0, 0 ], 
                  [ 0, 1, 1, 1, -1, -1, 1, 0, -2, 0, 0, 0, 0, 0, 0, 0 ], [ 0, 0, 0, 0, 0, 0, 0, 0, 0, -2, -1, 1, 1, 1, 0, 0 ], 
                  [ 0, 0, 0, 0, 0, 0, 0, 0, 0, -1, -4, -1, -1, -1, 0, 0 ], [ 0, 0, 0, 0, 0, 0, 0, 0, 0, 1, -1, -4, 0, -2, 0, 0 ], 
                  [ 0, 0, 0, 0, 0, 0, 0, 0, 0, 1, -1, 0, -4, 0, 0, 0 ], [ 0, 0, 0, 0, 0, 0, 0, 0, 0, 1, -1, -2, 0, -4, 0, 0 ], 
                  [ 0, 0, 0, 0, 0, 0, 0, 0, 0, 0, 0, 0, 0, 0, 10, 0 ], [ 1, 0, 0, 0, 0, 0, 0, 0, 0, 0, 0, 0, 0, 0, 0, 0 ] ] ],
          method := "Nikulin uniqueness",
          spinorPrimes := [  ] ),
      ampleflag := true,
      basisdual := [ [ 2, 0, 0, 2, 5, 3 ], [ 0, 2, 0, 2, 4, 8 ], [ 0, 0, 1, 1, 4, 0 ], [ 0, 0, 0, 4, 1, 9 ], [ 0, 0, 0, 0, 7, 5 ], [ 0, 0, 0, 0, 0, 10 ] ],
      extdeg := 1,
      extgroupgens := [ [ 2, 0, 0, 0 ], [ 0, 2, 0, 0 ], [ 0, 0, 2, 0 ], [ 0, 0, 0, 140 ] ],
      h := [ 1, 1, 2, -1, -2, 1 ],
      rho := 6,
      sprats := rec(
          nopss := [ 0, 6 ],
          scons := [ [ [ 1, 1, 1, -1, -2, 1 ], [ 1, 1, 3, -1, -2, 1 ] ], [ [ 1, 1, 6, -2, -4, 3 ], [ 1, 1, -2, 0, 0, -1 ] ], [ [ 1, 1, 2, -2, -2, 2 ], [ 1, 1, 2, 0, -2, 0 ] ]
                , [ [ 1, 0, 1, 0, -1, 0 ], [ 1, 2, 3, -2, -3, 2 ] ], [ [ 1, -1, 2, 0, -1, 1 ], [ 1, 3, 2, -2, -3, 1 ] ], [ [ 1, 2, 1, -1, -2, 0 ], [ 1, 0, 3, -1, -2, 2 ] ] ],
          slins := [  ] ) ), rec(
      Gram := [ [ -120, -152, -101, 2, -68, -238 ], [ -152, -198, -131, 0, -88, -306 ], [ -101, -131, -88, -1, -58, -204 ], [ 2, 0, -1, -4, 0, 0 ], 
          [ -68, -88, -58, 0, -40, -136 ], [ -238, -306, -204, 0, -136, -476 ] ],
      Trec := rec(
          count := 1,
          grams := [ [ [ 0, 0, 0, 0, 0, 0, 0, 0, 0, 0, 0, 0, 0, 0, 0, 1 ], [ 0, -2, -1, -1, 1, 1, 1, 1, 1, 0, 0, 0, 0, 0, 0, 0 ], 
                  [ 0, -1, -2, 0, 1, 1, 1, 0, 1, 0, 0, 0, 0, 0, 0, 0 ], [ 0, -1, 0, -2, 1, 0, 1, 0, 1, 0, 0, 0, 0, 0, 0, 0 ], 
                  [ 0, 1, 1, 1, -2, -1, -1, 0, -1, 0, 0, 0, 0, 0, 0, 0 ], [ 0, 1, 1, 0, -1, -2, 0, 0, -1, 0, 0, 0, 0, 0, 0, 0 ], 
                  [ 0, 1, 1, 1, -1, 0, -2, 0, -1, 0, 0, 0, 0, 0, 0, 0 ], [ 0, 1, 0, 0, 0, 0, 0, -2, 0, 0, 0, 0, 0, 0, 0, 0 ], 
                  [ 0, 1, 1, 1, -1, -1, -1, 0, -2, 0, 0, 0, 0, 0, 0, 0 ], [ 0, 0, 0, 0, 0, 0, 0, 0, 0, -2, 0, -1, 0, 0, 0, 0 ], 
                  [ 0, 0, 0, 0, 0, 0, 0, 0, 0, 0, -2, -1, 0, 0, 0, 0 ], [ 0, 0, 0, 0, 0, 0, 0, 0, 0, -1, -1, -4, -1, -1, 1, 0 ], 
                  [ 0, 0, 0, 0, 0, 0, 0, 0, 0, 0, 0, -1, -4, 0, 2, 0 ], [ 0, 0, 0, 0, 0, 0, 0, 0, 0, 0, 0, -1, 0, 4, 2, 0 ], 
                  [ 0, 0, 0, 0, 0, 0, 0, 0, 0, 0, 0, 1, 2, 2, -6, 0 ], [ 1, 0, 0, 0, 0, 0, 0, 0, 0, 0, 0, 0, 0, 0, 0, 0 ] ] ],
          method := "Nikulin uniqueness",
          spinorPrimes := [  ] ),
      ampleflag := true,
      basisdual := [ [ 2, 0, 0, 0, 1, 17 ], [ 0, 2, 0, 0, 1, 23 ], [ 0, 0, 1, 1, 0, 15 ], [ 0, 0, 0, 4, 1, 1 ], [ 0, 0, 0, 0, 2, 10 ], [ 0, 0, 0, 0, 0, 34 ] ],
      extdeg := 1,
      extgroupgens := [ [ 2, 0, 0, 0 ], [ 0, 2, 0, 0 ], [ 0, 0, 2, 0 ], [ 0, 0, 0, 136 ] ],
      h := [ 1, 1, 2, 0, 0, -2 ],
      rho := 6,
      sprats := rec(
          nopss := [ 0, 6 ],
          scons := [ [ [ 1, 1, 6, -1, 1, -4 ], [ 1, 1, -2, 1, -1, 0 ] ], [ [ 1, 1, 2, 1, 0, -2 ], [ 1, 1, 2, -1, 0, -2 ] ], [ [ 1, 1, 1, 0, -2, -1 ], [ 1, 1, 3, 0, 2, -3 ] ],
              [ [ 1, 0, 3, 0, 1, -2 ], [ 1, 2, 1, 0, -1, -2 ] ], [ [ 1, -1, 2, 0, 1, -1 ], [ 1, 3, 2, 0, -1, -3 ] ], [ [ 1, 2, 3, 0, 0, -3 ], [ 1, 0, 1, 0, 0, -1 ] ] ],
          slins := [  ] ) ), rec(
      Gram := [ [ -30, -76, -51, -1, -34, -119 ], [ -76, -198, -131, 0, -88, -306 ], [ -51, -131, -88, -1, -58, -204 ], [ -1, 0, -1, -4, 0, 0 ], 
          [ -34, -88, -58, 0, -40, -136 ], [ -119, -306, -204, 0, -136, -476 ] ],
      Trec := rec(
          count := 1,
          grams := [ [ [ 0, 0, 0, 0, 0, 0, 0, 0, 0, 0, 0, 0, 0, 0, 0, 1 ], [ 0, -2, -1, -1, -1, 1, -1, 1, 1, 0, 0, 0, 0, 0, 0, 0 ], 
                  [ 0, -1, -2, 0, 0, 1, -1, 1, 1, 0, 0, 0, 0, 0, 0, 0 ], [ 0, -1, 0, -2, 0, 0, -1, 1, 1, 0, 0, 0, 0, 0, 0, 0 ], 
                  [ 0, -1, 0, 0, -2, 0, 0, 0, 0, 0, 0, 0, 0, 0, 0, 0 ], [ 0, 1, 1, 0, 0, -2, 1, 0, -1, 0, 0, 0, 0, 0, 0, 0 ], 
                  [ 0, -1, -1, -1, 0, 1, -2, 1, 1, 0, 0, 0, 0, 0, 0, 0 ], [ 0, 1, 1, 1, 0, 0, 1, -2, -1, 0, 0, 0, 0, 0, 0, 0 ], 
                  [ 0, 1, 1, 1, 0, -1, 1, -1, -2, 0, 0, 0, 0, 0, 0, 0 ], [ 0, 0, 0, 0, 0, 0, 0, 0, 0, -2, 1, 0, 1, 1, -1, 0 ], 
                  [ 0, 0, 0, 0, 0, 0, 0, 0, 0, 1, -2, 0, 0, -1, 1, 0 ], [ 0, 0, 0, 0, 0, 0, 0, 0, 0, 0, 0, -2, -1, 0, 0, 0 ], 
                  [ 0, 0, 0, 0, 0, 0, 0, 0, 0, 1, 0, -1, -4, 1, -1, 0 ], [ 0, 0, 0, 0, 0, 0, 0, 0, 0, 1, -1, 0, 1, -4, 0, 0 ], 
                  [ 0, 0, 0, 0, 0, 0, 0, 0, 0, -1, 1, 0, -1, 0, 4, 0 ], [ 1, 0, 0, 0, 0, 0, 0, 0, 0, 0, 0, 0, 0, 0, 0, 0 ] ] ],
          method := "Nikulin uniqueness",
          spinorPrimes := [  ] ),
      ampleflag := true,
      basisdual := [ [ 1, 0, 0, 2, 1, 9 ], [ 0, 2, 0, 0, 1, 23 ], [ 0, 0, 1, 1, 0, 15 ], [ 0, 0, 0, 4, 1, 1 ], [ 0, 0, 0, 0, 2, 10 ], [ 0, 0, 0, 0, 0, 34 ] ],
      extdeg := 2,
      extgroupgens := [ [ 2, 0, 0, 0 ], [ 0, 1, 0, 0 ], [ 0, 0, 2, 0 ], [ 0, 0, 0, 136 ] ],
      h := [ 2, 1, 2, -1, 0, -2 ],
      rho := 6,
      sprats := rec(
          nopss := [ 3, 3 ],
          scons := [ [ [ 2, 1, 6, -2, 1, -4 ], [ 2, 1, -2, 0, -1, 0 ] ], [ [ 2, 0, 3, -1, 1, -2 ], [ 2, 2, 1, -1, -1, -2 ] ], 
              [ [ 2, -1, 2, -1, 1, -1 ], [ 2, 3, 2, -1, -1, -3 ] ] ],
          slins := [ [ [ 1, 1, 1, 0, -1, -1 ], [ 1, 0, 1, -1, 1, -1 ] ], [ [ 1, 0, 0, 0, -1, 0 ], [ 1, 1, 2, -1, 1, -2 ] ], [ [ 1, 0, 1, 0, 1, -1 ], [ 1, 1, 1, -1, -1, -1 ] 
                 ] ] ) ), rec(
      Gram := [ [ -92, -142, -155, 2, -104, -182 ], [ -142, -226, -245, 0, -164, -286 ], [ -155, -245, -268, -1, -178, -312 ], [ 2, 0, -1, -4, 0, 0 ], 
          [ -104, -164, -178, 0, -120, -208 ], [ -182, -286, -312, 0, -208, -364 ] ],
      Trec := rec(
          count := 1,
          grams := [ [ [ 0, 0, 0, 0, 0, 0, 0, 0, 0, 0, 0, 0, 0, 0, 0, 1 ], [ 0, -2, -1, -1, -1, 1, 1, 1, 1, 0, 0, 0, 0, 0, 0, 0 ], 
                  [ 0, -1, -2, 0, 0, 1, 1, 1, 1, 0, 0, 0, 0, 0, 0, 0 ], [ 0, -1, 0, -2, 0, 0, 1, 1, 1, 0, 0, 0, 0, 0, 0, 0 ], 
                  [ 0, -1, 0, 0, -2, 0, 0, 0, 0, 0, 0, 0, 0, 0, 0, 0 ], [ 0, 1, 1, 0, 0, -2, 0, 0, -1, 0, 0, 0, 0, 0, 0, 0 ], 
                  [ 0, 1, 1, 1, 0, 0, -2, -1, -1, 0, 0, 0, 0, 0, 0, 0 ], [ 0, 1, 1, 1, 0, 0, -1, -2, -1, 0, 0, 0, 0, 0, 0, 0 ], 
                  [ 0, 1, 1, 1, 0, -1, -1, -1, -2, 0, 0, 0, 0, 0, 0, 0 ], [ 0, 0, 0, 0, 0, 0, 0, 0, 0, -2, 0, 0, 0, 0, 0, 0 ], 
                  [ 0, 0, 0, 0, 0, 0, 0, 0, 0, 0, -2, 0, 0, 0, 0, 0 ], [ 0, 0, 0, 0, 0, 0, 0, 0, 0, 0, 0, -2, 0, 0, 0, 0 ], 
                  [ 0, 0, 0, 0, 0, 0, 0, 0, 0, 0, 0, 0, -2, -1, 1, 0 ], [ 0, 0, 0, 0, 0, 0, 0, 0, 0, 0, 0, 0, -1, 4, 0, 0 ], 
                  [ 0, 0, 0, 0, 0, 0, 0, 0, 0, 0, 0, 0, 1, 0, -12, 0 ], [ 1, 0, 0, 0, 0, 0, 0, 0, 0, 0, 0, 0, 0, 0, 0, 0 ] ] ],
          method := "Nikulin uniqueness",
          spinorPrimes := [  ] ),
      ampleflag := true,
      basisdual := [ [ 2, 0, 0, 0, 1, 13 ], [ 0, 2, 0, 0, 1, 21 ], [ 0, 0, 1, 1, 0, 23 ], [ 0, 0, 0, 4, 1, 1 ], [ 0, 0, 0, 0, 2, 14 ], [ 0, 0, 0, 0, 0, 26 ] ],
      extdeg := 1,
      extgroupgens := [ [ 2, 0, 0, 0 ], [ 0, 2, 0, 0 ], [ 0, 0, 2, 0 ], [ 0, 0, 0, 104 ] ],
      h := [ 1, 1, 2, 0, 0, -3 ],
      rho := 6,
      sprats := rec(
          nopss := [ 0, 6 ],
          scons := [ [ [ 1, 1, 6, -1, 1, -7 ], [ 1, 1, -2, 1, -1, 1 ] ], [ [ 1, 1, 2, -1, 0, -3 ], [ 1, 1, 2, 1, 0, -3 ] ], [ [ 1, 0, 1, 0, 1, -2 ], [ 1, 2, 3, 0, -1, -4 ] ],
              [ [ 1, -1, 2, 0, 1, -2 ], [ 1, 3, 2, 0, -1, -4 ] ], [ [ 1, 2, 1, 0, 0, -3 ], [ 1, 0, 3, 0, 0, -3 ] ], [ [ 1, 1, 1, 0, -2, -1 ], [ 1, 1, 3, 0, 2, -5 ] ] ],
          slins := [  ] ) ), rec(
      Gram := [ [ -180, -338, -478, -120, -438, -558 ], [ -338, -642, -904, -228, -828, -1054 ], [ -478, -904, -1276, -320, -1169, -1488 ], 
          [ -120, -228, -320, -84, -292, -372 ], [ -438, -828, -1169, -292, -1072, -1364 ], [ -558, -1054, -1488, -372, -1364, -1736 ] ],
      Trec := rec(
          count := 1,
          grams := [ [ [ 0, 0, 0, 0, 0, 0, 0, 0, 0, 0, 0, 0, 0, 0, 0, 2 ], [ 0, -2, -1, -1, -1, 1, 1, -1, 1, 0, 0, 0, 0, 0, 0, 0 ], 
                  [ 0, -1, -2, 0, 0, 1, 1, -1, 1, 0, 0, 0, 0, 0, 0, 0 ], [ 0, -1, 0, -2, 0, 0, 1, -1, 1, 0, 0, 0, 0, 0, 0, 0 ], 
                  [ 0, -1, 0, 0, -2, 0, 0, 0, 0, 0, 0, 0, 0, 0, 0, 0 ], [ 0, 1, 1, 0, 0, -2, 0, 1, -1, 0, 0, 0, 0, 0, 0, 0 ], 
                  [ 0, 1, 1, 1, 0, 0, -2, 1, -1, 0, 0, 0, 0, 0, 0, 0 ], [ 0, -1, -1, -1, 0, 1, 1, -2, 1, 0, 0, 0, 0, 0, 0, 0 ], 
                  [ 0, 1, 1, 1, 0, -1, -1, 1, -2, 0, 0, 0, 0, 0, 0, 0 ], [ 0, 0, 0, 0, 0, 0, 0, 0, 0, -2, -1, 1, 0, 0, 1, 0 ], 
                  [ 0, 0, 0, 0, 0, 0, 0, 0, 0, -1, -2, 0, 0, 0, 0, 0 ], [ 0, 0, 0, 0, 0, 0, 0, 0, 0, 1, 0, -2, 0, 0, 0, 0 ], 
                  [ 0, 0, 0, 0, 0, 0, 0, 0, 0, 0, 0, 0, -2, 0, 1, 0 ], [ 0, 0, 0, 0, 0, 0, 0, 0, 0, 0, 0, 0, 0, -2, 0, 0 ], 
                  [ 0, 0, 0, 0, 0, 0, 0, 0, 0, 1, 0, 0, 1, 0, 14, 0 ], [ 2, 0, 0, 0, 0, 0, 0, 0, 0, 0, 0, 0, 0, 0, 0, 0 ] ] ],
          method := "Nikulin uniqueness",
          spinorPrimes := [  ] ),
      ampleflag := true,
      basisdual := [ [ 2, 0, 0, 2, 0, 20 ], [ 0, 2, 0, 2, 0, 38 ], [ 0, 0, 1, 1, 0, 53 ], [ 0, 0, 0, 4, 0, 12 ], [ 0, 0, 0, 0, 1, 49 ], [ 0, 0, 0, 0, 0, 62 ] ],
      extdeg := 1,
      extgroupgens := [ [ 2, 0, 0, 0 ], [ 0, 2, 0, 0 ], [ 0, 0, 2, 0 ], [ 0, 0, 0, 124 ] ],
      h := [ 1, 1, 2, -1, 2, -4 ],
      rho := 6,
      sprats := rec(
          nopss := [ 0, 6 ],
          scons := [ [ [ 1, 1, -2, 0, 1, 0 ], [ 1, 1, 6, -2, 3, -8 ] ], [ [ 1, 1, 2, -2, 1, -3 ], [ 1, 1, 2, 0, 3, -5 ] ], [ [ 1, 1, 1, -1, -2, 0 ], [ 1, 1, 3, -1, 6, -8 ] ],
              [ [ 1, 0, 3, -1, 3, -5 ], [ 1, 2, 1, -1, 1, -3 ] ], [ [ 1, -1, 2, 0, 2, -3 ], [ 1, 3, 2, -2, 2, -5 ] ], [ [ 1, 2, 3, -2, 3, -6 ], [ 1, 0, 1, 0, 1, -2 ] ] ],
          slins := [  ] ) ), rec(
      Gram := [ [ -126, -283, -399, -102, -365, -465 ], [ -283, -642, -904, -228, -828, -1054 ], [ -399, -904, -1276, -320, -1169, -1488 ], 
          [ -102, -228, -320, -84, -292, -372 ], [ -365, -828, -1169, -292, -1072, -1364 ], [ -465, -1054, -1488, -372, -1364, -1736 ] ],
      Trec := rec(
          count := 1,
          grams := [ [ [ 0, 0, 0, 0, 0, 0, 0, 0, 0, 0, 0, 0, 0, 0, 0, 1 ], [ 0, -2, -1, -1, -1, 1, 1, -1, 1, 0, 0, 0, 0, 0, 0, 0 ], 
                  [ 0, -1, -2, 0, 0, 1, 1, -1, 1, 0, 0, 0, 0, 0, 0, 0 ], [ 0, -1, 0, -2, 0, 0, 1, -1, 1, 0, 0, 0, 0, 0, 0, 0 ], 
                  [ 0, -1, 0, 0, -2, 0, 0, 0, 0, 0, 0, 0, 0, 0, 0, 0 ], [ 0, 1, 1, 0, 0, -2, 0, 1, -1, 0, 0, 0, 0, 0, 0, 0 ], 
                  [ 0, 1, 1, 1, 0, 0, -2, 1, -1, 0, 0, 0, 0, 0, 0, 0 ], [ 0, -1, -1, -1, 0, 1, 1, -2, 1, 0, 0, 0, 0, 0, 0, 0 ], 
                  [ 0, 1, 1, 1, 0, -1, -1, 1, -2, 0, 0, 0, 0, 0, 0, 0 ], [ 0, 0, 0, 0, 0, 0, 0, 0, 0, -2, -1, 1, 0, 0, 1, 0 ], 
                  [ 0, 0, 0, 0, 0, 0, 0, 0, 0, -1, -2, 0, 0, 0, 0, 0 ], [ 0, 0, 0, 0, 0, 0, 0, 0, 0, 1, 0, -2, 0, 0, 0, 0 ], 
                  [ 0, 0, 0, 0, 0, 0, 0, 0, 0, 0, 0, 0, -2, 0, 1, 0 ], [ 0, 0, 0, 0, 0, 0, 0, 0, 0, 0, 0, 0, 0, -2, 0, 0 ], 
                  [ 0, 0, 0, 0, 0, 0, 0, 0, 0, 1, 0, 0, 1, 0, 14, 0 ], [ 1, 0, 0, 0, 0, 0, 0, 0, 0, 0, 0, 0, 0, 0, 0, 0 ] ] ],
          method := "Nikulin uniqueness",
          spinorPrimes := [  ] ),
      ampleflag := true,
      basisdual := [ [ 1, 0, 0, 3, 0, 16 ], [ 0, 2, 0, 2, 0, 38 ], [ 0, 0, 1, 1, 0, 53 ], [ 0, 0, 0, 4, 0, 12 ], [ 0, 0, 0, 0, 1, 49 ], [ 0, 0, 0, 0, 0, 62 ] ],
      extdeg := 2,
      extgroupgens := [ [ 2, 0, 0, 0 ], [ 0, 1, 0, 0 ], [ 0, 0, 2, 0 ], [ 0, 0, 0, 124 ] ],
      h := [ 2, 1, 2, -2, 2, -4 ],
      rho := 6,
      sprats := rec(
          nopss := [ 3, 3 ],
          scons := [ [ [ 2, 1, 2, -3, 1, -3 ], [ 2, 1, 2, -1, 3, -5 ] ], [ [ 2, 0, 3, -2, 3, -5 ], [ 2, 2, 1, -2, 1, -3 ] ], 
              [ [ 2, -1, 2, -1, 2, -3 ], [ 2, 3, 2, -3, 2, -5 ] ] ],
          slins := [ [ [ 1, 1, -1, -1, -1, 1 ], [ 1, 0, 3, -1, 3, -5 ] ], [ [ 1, 1, 0, -1, 3, -3 ], [ 1, 0, 2, -1, -1, -1 ] ], 
              [ [ 1, 0, -1, 0, 2, -1 ], [ 1, 1, 3, -2, 0, -3 ] ] ] ) ), rec(
      Gram := [ [ -2, 6, 8, 2, 2, 10 ], [ 6, -36, -50, 0, -10, -70 ], [ 8, -50, -72, -1, -14, -100 ], [ 2, 0, -1, -4, 0, 0 ], [ 2, -10, -14, 0, -4, -20 ], 
          [ 10, -70, -100, 0, -20, -140 ] ],
      Trec := rec(
          count := 1,
          grams := [ [ [ 0, 0, 0, 0, 0, 0, 0, 0, 0, 0, 0, 0, 0, 0, 0, 1 ], [ 0, -2, 1, 1, 1, 1, -1, -1, -1, 0, 0, 0, 0, 0, 0, 0 ], 
                  [ 0, 1, -2, -1, -1, -1, 1, 0, 1, 0, 0, 0, 0, 0, 0, 0 ], [ 0, 1, -1, -2, 0, -1, 1, 0, 1, 0, 0, 0, 0, 0, 0, 0 ], 
                  [ 0, 1, -1, 0, -2, -1, 0, 1, 0, 0, 0, 0, 0, 0, 0, 0 ], [ 0, 1, -1, -1, -1, -2, 1, 1, 0, 0, 0, 0, 0, 0, 0, 0 ], 
                  [ 0, -1, 1, 1, 0, 1, -2, 0, -1, 0, 0, 0, 0, 0, 0, 0 ], [ 0, -1, 0, 0, 1, 1, 0, -2, 0, 0, 0, 0, 0, 0, 0, 0 ], 
                  [ 0, -1, 1, 1, 0, 0, -1, 0, -2, 0, 0, 0, 0, 0, 0, 0 ], [ 0, 0, 0, 0, 0, 0, 0, 0, 0, -2, 0, 0, 0, 0, 0, 0 ], 
                  [ 0, 0, 0, 0, 0, 0, 0, 0, 0, 0, 2, 1, 0, 0, 0, 0 ], [ 0, 0, 0, 0, 0, 0, 0, 0, 0, 0, 1, -2, 0, 0, 0, 0 ], 
                  [ 0, 0, 0, 0, 0, 0, 0, 0, 0, 0, 0, 0, -4, -2, -2, 0 ], [ 0, 0, 0, 0, 0, 0, 0, 0, 0, 0, 0, 0, -2, -4, -2, 0 ], 
                  [ 0, 0, 0, 0, 0, 0, 0, 0, 0, 0, 0, 0, -2, -2, -4, 0 ], [ 1, 0, 0, 0, 0, 0, 0, 0, 0, 0, 0, 0, 0, 0, 0, 0 ] ] ],
          method := "Nikulin uniqueness",
          spinorPrimes := [  ] ),
      ampleflag := true,
      basisdual := [ [ 2, 0, 0, 0, 0, 0 ], [ 0, 2, 0, 0, 0, 6 ], [ 0, 0, 1, 1, 0, 8 ], [ 0, 0, 0, 4, 1, 1 ], [ 0, 0, 0, 0, 2, 0 ], [ 0, 0, 0, 0, 0, 10 ] ],
      extdeg := 1,
      extgroupgens := [ [ 2, 0, 0, 0 ], [ 0, 2, 0, 0 ], [ 0, 0, 2, 0 ], [ 0, 0, 0, 40 ] ],
      h := [ 1, 1, 2, 0, 1, -2 ],
      rho := 6,
      sprats := rec(
          nopss := [ 0, 16 ],
          scons := [ [ [ 1, 1, 1, 0, -1, -1 ], [ 1, 1, 3, 0, 3, -3 ] ], [ [ 1, 1, 1, 0, 0, -1 ], [ 1, 1, 3, 0, 2, -3 ] ], [ [ 1, 0, 3, 0, 0, -2 ], [ 1, 2, 1, 0, 2, -2 ] ], 
              [ [ 1, 2, 3, 0, 0, -3 ], [ 1, 0, 1, 0, 2, -1 ] ], [ [ 1, 1, 2, -1, 1, -2 ], [ 1, 1, 2, 1, 1, -2 ] ], [ [ 1, 0, 4, -1, 1, -3 ], [ 1, 2, 0, 1, 1, -1 ] ], 
              [ [ 1, 2, 4, -1, 1, -4 ], [ 1, 0, 0, 1, 1, 0 ] ], [ [ 1, 0, 4, -1, 2, -3 ], [ 1, 2, 0, 1, 0, -1 ] ], [ [ 1, 2, 4, -1, 2, -4 ], [ 1, 0, 0, 1, 0, 0 ] ], 
              [ [ 1, 1, 6, -1, 2, -5 ], [ 1, 1, -2, 1, 0, 1 ] ], [ [ 1, 0, 0, 0, 0, 0 ], [ 1, 2, 4, 0, 2, -4 ] ], [ [ 1, 2, 0, 0, 0, -1 ], [ 1, 0, 4, 0, 2, -3 ] ], 
              [ [ 1, 1, 2, 0, 0, -2 ], [ 1, 1, 2, 0, 2, -2 ] ], [ [ 1, 0, 0, 0, 1, 0 ], [ 1, 2, 4, 0, 1, -4 ] ], [ [ 1, -1, 2, 0, 1, -1 ], [ 1, 3, 2, 0, 1, -3 ] ], 
              [ [ 1, 2, 0, 0, 1, -1 ], [ 1, 0, 4, 0, 1, -3 ] ] ],
          slins := [  ] ) ), rec(
      Gram := [ [ -994, -1310, -953, -397, -1430, -2225 ], [ -1310, -1732, -1259, -525, -1888, -2937 ], [ -953, -1259, -916, -382, -1373, -2136 ], 
          [ -397, -525, -382, -160, -572, -890 ], [ -1430, -1888, -1373, -572, -2060, -3204 ], [ -2225, -2937, -2136, -890, -3204, -4984 ] ],
      Trec := rec(
          count := 1,
          grams := [ [ [ 0, 0, 0, 0, 0, 0, 0, 0, 0, 0, 0, 0, 0, 0, 0, 1 ], [ 0, -2, -1, -1, -1, 1, 1, 1, 1, 0, 0, 0, 0, 0, 0, 0 ], 
                  [ 0, -1, -2, 0, 0, 1, 1, 0, 1, 0, 0, 0, 0, 0, 0, 0 ], [ 0, -1, 0, -2, 0, 0, 1, 1, 1, 0, 0, 0, 0, 0, 0, 0 ], 
                  [ 0, -1, 0, 0, -2, 0, 0, 0, 0, 0, 0, 0, 0, 0, 0, 0 ], [ 0, 1, 1, 0, 0, -2, 0, -1, -1, 0, 0, 0, 0, 0, 0, 0 ], 
                  [ 0, 1, 1, 1, 0, 0, -2, 0, -1, 0, 0, 0, 0, 0, 0, 0 ], [ 0, 1, 0, 1, 0, -1, 0, -2, -1, 0, 0, 0, 0, 0, 0, 0 ], 
                  [ 0, 1, 1, 1, 0, -1, -1, -1, -2, 0, 0, 0, 0, 0, 0, 0 ], [ 0, 0, 0, 0, 0, 0, 0, 0, 0, -2, -1, 0, 0, -1, 0, 0 ], 
                  [ 0, 0, 0, 0, 0, 0, 0, 0, 0, -1, -2, 0, 0, 0, 0, 0 ], [ 0, 0, 0, 0, 0, 0, 0, 0, 0, 0, 0, -2, 0, -1, -1, 0 ], 
                  [ 0, 0, 0, 0, 0, 0, 0, 0, 0, 0, 0, 0, -2, -1, -1, 0 ], [ 0, 0, 0, 0, 0, 0, 0, 0, 0, -1, 0, -1, -1, -4, 0, 0 ], 
                  [ 0, 0, 0, 0, 0, 0, 0, 0, 0, 0, 0, -1, -1, 0, 24, 0 ], [ 1, 0, 0, 0, 0, 0, 0, 0, 0, 0, 0, 0, 0, 0, 0, 0 ] ] ],
          method := "Nikulin uniqueness",
          spinorPrimes := [  ] ),
      ampleflag := true,
      basisdual := [ [ 2, 0, 0, 1, 0, 40 ], [ 0, 2, 0, 1, 0, 54 ], [ 0, 0, 1, 1, 0, 39 ], [ 0, 0, 0, 2, 0, 17 ], [ 0, 0, 0, 0, 1, 57 ], [ 0, 0, 0, 0, 0, 89 ] ],
      extdeg := 1,
      extgroupgens := [ [ 2, 0 ], [ 0, 356 ] ],
      h := [ 1, 1, 2, -1, 2, -3 ],
      rho := 6,
      sprats := rec(
          nopss := [ 0, 8 ],
          scons := [ [ [ 1, 1, 1, -1, -2, 0 ], [ 1, 1, 3, -1, 6, -6 ] ], [ [ 1, 1, 6, -3, 3, -5 ], [ 1, 1, -2, 1, 1, -1 ] ], [ [ 1, 0, 3, -2, 1, -2 ], [ 1, 2, 1, 0, 3, -4 ] ]
                , [ [ 1, -1, 2, 0, 2, -2 ], [ 1, 3, 2, -2, 2, -4 ] ], [ [ 1, 0, 3, 0, 2, -3 ], [ 1, 2, 1, -2, 2, -3 ] ], [ [ 1, 1, 2, -3, 1, -2 ], [ 1, 1, 2, 1, 3, -4 ] ], 
              [ [ 1, 2, 3, -3, 1, -3 ], [ 1, 0, 1, 1, 3, -3 ] ], [ [ 1, 0, 1, -1, 2, -2 ], [ 1, 2, 3, -1, 2, -4 ] ] ],
          slins := [  ] ) ), rec(
      Gram := [ [ -2372, -832, -2563, -1666, -256, -3589 ], [ -832, -294, -901, -586, -90, -1261 ], [ -2563, -901, -2772, -1802, -277, -3880 ], 
          [ -1666, -586, -1802, -1172, -180, -2522 ], [ -256, -90, -277, -180, -28, -388 ], [ -3589, -1261, -3880, -2522, -388, -5432 ] ],
      Trec := rec(
          count := 1,
          grams := [ [ [ 0, 0, 0, 0, 0, 0, 0, 0, 0, 0, 0, 0, 0, 0, 0, 1 ], [ 0, -2, -1, -1, -1, 1, 1, -1, 1, 0, 0, 0, 0, 0, 0, 0 ], 
                  [ 0, -1, -2, 0, 0, 1, 1, 0, 1, 0, 0, 0, 0, 0, 0, 0 ], [ 0, -1, 0, -2, 0, 0, 1, -1, 1, 0, 0, 0, 0, 0, 0, 0 ], 
                  [ 0, -1, 0, 0, -2, 0, 0, 0, 0, 0, 0, 0, 0, 0, 0, 0 ], [ 0, 1, 1, 0, 0, -2, 0, 0, -1, 0, 0, 0, 0, 0, 0, 0 ], 
                  [ 0, 1, 1, 1, 0, 0, -2, 1, -1, 0, 0, 0, 0, 0, 0, 0 ], [ 0, -1, 0, -1, 0, 0, 1, -2, 0, 0, 0, 0, 0, 0, 0, 0 ], 
                  [ 0, 1, 1, 1, 0, -1, -1, 0, -2, 0, 0, 0, 0, 0, 0, 0 ], [ 0, 0, 0, 0, 0, 0, 0, 0, 0, -2, 0, 0, 0, 1, 1, 0 ], 
                  [ 0, 0, 0, 0, 0, 0, 0, 0, 0, 0, -2, 0, 0, 0, -1, 0 ], [ 0, 0, 0, 0, 0, 0, 0, 0, 0, 0, 0, -2, 0, 0, 0, 0 ], 
                  [ 0, 0, 0, 0, 0, 0, 0, 0, 0, 0, 0, 0, -2, -1, -1, 0 ], [ 0, 0, 0, 0, 0, 0, 0, 0, 0, 1, 0, 0, -1, -6, -2, 0 ], 
                  [ 0, 0, 0, 0, 0, 0, 0, 0, 0, 1, -1, 0, -1, -2, 8, 0 ], [ 1, 0, 0, 0, 0, 0, 0, 0, 0, 0, 0, 0, 0, 0, 0, 0 ] ] ],
          method := "Nikulin uniqueness",
          spinorPrimes := [  ] ),
      ampleflag := true,
      basisdual := [ [ 2, 0, 0, 1, 0, 65 ], [ 0, 2, 0, 1, 0, 23 ], [ 0, 0, 1, 1, 0, 69 ], [ 0, 0, 0, 2, 0, 44 ], [ 0, 0, 0, 0, 1, 7 ], [ 0, 0, 0, 0, 0, 97 ] ],
      extdeg := 1,
      extgroupgens := [ [ 2, 0 ], [ 0, 388 ] ],
      h := [ 1, 1, 2, -1, 2, -2 ],
      rho := 6,
      sprats := rec(
          nopss := [ 0, 8 ],
          scons := [ [ [ 1, 1, 1, -1, -2, -1 ], [ 1, 1, 3, -1, 6, -3 ] ], [ [ 1, 1, -2, 1, 1, 0 ], [ 1, 1, 6, -3, 3, -4 ] ], [ [ 1, 0, 3, -2, 2, -2 ], [ 1, 2, 1, 0, 2, -2 ] ]
                , [ [ 1, -1, 2, 0, 2, -2 ], [ 1, 3, 2, -2, 2, -2 ] ], [ [ 1, 0, 3, 0, 3, -3 ], [ 1, 2, 1, -2, 1, -1 ] ], [ [ 1, 1, 2, -3, 1, -1 ], [ 1, 1, 2, 1, 3, -3 ] ], 
              [ [ 1, 0, 1, -1, 1, -1 ], [ 1, 2, 3, -1, 3, -3 ] ], [ [ 1, 2, 3, -3, 2, -2 ], [ 1, 0, 1, 1, 2, -2 ] ] ],
          slins := [  ] ) ), rec(
      Gram := [ [ -2, -4, -8, -3, -7, -7 ], [ -4, -24, -37, -11, -21, -35 ], [ -8, -37, -60, -18, -35, -56 ], [ -3, -11, -18, -8, -14, -14 ], [ -7, -21, -35, -14, -28, -28 ],
          [ -7, -35, -56, -14, -28, -56 ] ],
      Trec := rec(
          count := 1,
          grams := [ [ [ 0, 0, 0, 0, 0, 0, 0, 0, 0, 0, 0, 0, 0, 0, 0, 1 ], [ 0, -2, -1, -1, -1, 1, 1, -1, 1, 0, 0, 0, 0, 0, 0, 0 ], 
                  [ 0, -1, -2, 0, 0, 1, 1, -1, 1, 0, 0, 0, 0, 0, 0, 0 ], [ 0, -1, 0, -2, 0, 0, 1, -1, 1, 0, 0, 0, 0, 0, 0, 0 ], 
                  [ 0, -1, 0, 0, -2, 0, 0, 0, 0, 0, 0, 0, 0, 0, 0, 0 ], [ 0, 1, 1, 0, 0, -2, 0, 1, -1, 0, 0, 0, 0, 0, 0, 0 ], 
                  [ 0, 1, 1, 1, 0, 0, -2, 1, -1, 0, 0, 0, 0, 0, 0, 0 ], [ 0, -1, -1, -1, 0, 1, 1, -2, 1, 0, 0, 0, 0, 0, 0, 0 ], 
                  [ 0, 1, 1, 1, 0, -1, -1, 1, -2, 0, 0, 0, 0, 0, 0, 0 ], [ 0, 0, 0, 0, 0, 0, 0, 0, 0, -2, 1, 0, 0, -1, 0, 0 ], 
                  [ 0, 0, 0, 0, 0, 0, 0, 0, 0, 1, -2, 0, 0, 1, 0, 0 ], [ 0, 0, 0, 0, 0, 0, 0, 0, 0, 0, 0, -2, 0, 1, 0, 0 ], [ 0, 0, 0, 0, 0, 0, 0, 0, 0, 0, 0, 0, -2, 1, 0, 0 
                     ], [ 0, 0, 0, 0, 0, 0, 0, 0, 0, -1, 1, 1, 1, -4, 0, 0 ], [ 0, 0, 0, 0, 0, 0, 0, 0, 0, 0, 0, 0, 0, 0, 14, 0 ], 
                  [ 1, 0, 0, 0, 0, 0, 0, 0, 0, 0, 0, 0, 0, 0, 0, 0 ] ] ],
          method := "Nikulin uniqueness",
          spinorPrimes := [  ] ),
      ampleflag := true,
      basisdual := [ [ 2, 0, 0, 1, 3, 0 ], [ 0, 2, 0, 1, 2, 5 ], [ 0, 0, 1, 1, 4, 6 ], [ 0, 0, 0, 2, 4, 1 ], [ 0, 0, 0, 0, 7, 0 ], [ 0, 0, 0, 0, 0, 7 ] ],
      extdeg := 1,
      extgroupgens := [ [ 14, 0 ], [ 0, 28 ] ],
      h := [ 1, 1, 2, -1, -1, -2 ],
      rho := 6,
      sprats := rec(
          nopss := [ 0, 13 ],
          scons := [ [ [ 1, 0, 4, -1, -2, -3 ], [ 1, 2, 0, -1, 0, -1 ] ], [ [ 1, 2, 4, -2, -2, -4 ], [ 1, 0, 0, 0, 0, 0 ] ], [ [ 1, 1, 6, -3, -2, -5 ], [ 1, 1, -2, 1, 0, 1 ] 
                 ], [ [ 1, 1, 3, -2, -1, -3 ], [ 1, 1, 1, 0, -1, -1 ] ], [ [ 1, 1, 2, 1, -2, -2 ], [ 1, 1, 2, -3, 0, -2 ] ], 
              [ [ 1, 0, 1, 1, -1, -1 ], [ 1, 2, 3, -3, -1, -3 ] ], [ [ 1, 2, 1, 0, -1, -2 ], [ 1, 0, 3, -2, -1, -2 ] ], 
              [ [ 1, 1, 3, -1, -1, -3 ], [ 1, 1, 1, -1, -1, -1 ] ], [ [ 1, 0, 3, 0, -2, -2 ], [ 1, 2, 1, -2, 0, -2 ] ], [ [ 1, 0, 0, 1, -1, 0 ], [ 1, 2, 4, -3, -1, -4 ] ], 
              [ [ 1, -1, 2, 0, -1, -1 ], [ 1, 3, 2, -2, -1, -3 ] ], [ [ 1, 2, 3, -1, -2, -3 ], [ 1, 0, 1, -1, 0, -1 ] ], [ [ 1, 2, 0, 0, -1, -1 ], [ 1, 0, 4, -2, -1, -3 ] ] ]
           ,
          slins := [  ] ) ), rec(
      Gram := [ [ -98, 0, -82, -132, -114, -180 ], [ 0, -4, 0, 0, 0, 0 ], [ -82, 0, -70, -112, -95, -150 ], [ -132, 0, -112, -180, -152, -240 ], 
          [ -114, 0, -95, -152, -134, -210 ], [ -180, 0, -150, -240, -210, -330 ] ],
      Trec := rec(
          count := 1,
          grams := [ [ [ -2, 1, 1, 1, -1, 1, -1, -1, 0, 0, 0, 0, 0, 0, 0, 0 ], [ 1, -2, -1, -1, 0, -1, 0, 1, 0, 0, 0, 0, 0, 0, 0, 0 ], 
                  [ 1, -1, -2, 0, 0, 0, 1, 1, 0, 0, 0, 0, 0, 0, 0, 0 ], [ 1, -1, 0, -2, 1, -1, 0, 1, 0, 0, 0, 0, 0, 0, 0, 0 ], 
                  [ -1, 0, 0, 1, -2, 1, 0, 0, 0, 0, 0, 0, 0, 0, 0, 0 ], [ 1, -1, 0, -1, 1, -2, 0, 0, 0, 0, 0, 0, 0, 0, 0, 0 ], 
                  [ -1, 0, 1, 0, 0, 0, -2, -1, 0, 0, 0, 0, 0, 0, 0, 0 ], [ -1, 1, 1, 1, 0, 0, -1, -2, 0, 0, 0, 0, 0, 0, 0, 0 ], 
                  [ 0, 0, 0, 0, 0, 0, 0, 0, -2, 0, 0, 1, 0, 1, -1, 0 ], [ 0, 0, 0, 0, 0, 0, 0, 0, 0, -2, -1, -1, -1, 0, 0, -1 ], 
                  [ 0, 0, 0, 0, 0, 0, 0, 0, 0, -1, -2, -1, 0, 0, -1, -2 ], [ 0, 0, 0, 0, 0, 0, 0, 0, 1, -1, -1, -2, 0, -1, 1, 2 ], 
                  [ 0, 0, 0, 0, 0, 0, 0, 0, 0, -1, 0, 0, -2, -1, 0, 0 ], [ 0, 0, 0, 0, 0, 0, 0, 0, 1, 0, 0, -1, -1, 2, 1, -1 ], 
                  [ 0, 0, 0, 0, 0, 0, 0, 0, -1, 0, -1, 1, 0, 1, -4, 0 ], [ 0, 0, 0, 0, 0, 0, 0, 0, 0, -1, -2, 2, 0, -1, 0, 2 ] ] ],
          method := "Nikulin uniqueness",
          spinorPrimes := [  ] ),
      ampleflag := true,
      basisdual := [ [ 2, 2, 0, 2, 0, 18 ], [ 0, 4, 0, 0, 0, 0 ], [ 0, 0, 1, 2, 0, 15 ], [ 0, 0, 0, 4, 0, 24 ], [ 0, 0, 0, 0, 1, 19 ], [ 0, 0, 0, 0, 0, 30 ] ],
      extdeg := 1,
      extgroupgens := [ [ 2, 0, 0, 0 ], [ 0, 2, 0, 0 ], [ 0, 0, 4, 0 ], [ 0, 0, 0, 60 ] ],
      h := [ 1, 0, 2, -1, 2, -2 ],
      rho := 6,
      sprats := rec(
          nopss := [ 0, 7 ],
          scons := [ [ [ 1, -1, 2, -1, 2, -2 ], [ 1, 1, 2, -1, 2, -2 ] ], [ [ 1, 0, -2, 1, 1, -1 ], [ 1, 0, 6, -3, 3, -3 ] ], 
              [ [ 1, 0, 1, -1, -2, 1 ], [ 1, 0, 3, -1, 6, -5 ] ], [ [ 1, 0, 1, 0, 0, -1 ], [ 1, 0, 3, -2, 4, -3 ] ], 
              [ [ 1, 0, 2, -2, 0, 0 ], [ 1, 0, 2, 0, 4, -4 ] ], [ [ 1, 0, 1, -1, 1, -1 ], [ 1, 0, 3, -1, 3, -3 ] ], [ [ 1, 0, 3, -2, 1, -1 ], [ 1, 0, 1, 0, 3, -3 ] ] ],
          slins := [  ] ) ), rec(
      Gram := [ [ -8, 0, -22, -36, -28, -45 ], [ 0, -4, 0, 0, 0, 0 ], [ -22, 0, -70, -112, -95, -150 ], [ -36, 0, -112, -180, -152, -240 ], [ -28, 0, -95, -152, -134, -210 ],
          [ -45, 0, -150, -240, -210, -330 ] ],
      Trec := rec(
          count := 1,
          grams := [ [ [ -2, 1, 1, 1, -1, 1, -1, -1, 0, 0, 0, 0, 0, 0, 0, 0 ], [ 1, -2, -1, -1, 0, -1, 0, 1, 0, 0, 0, 0, 0, 0, 0, 0 ], 
                  [ 1, -1, -2, 0, 0, 0, 1, 1, 0, 0, 0, 0, 0, 0, 0, 0 ], [ 1, -1, 0, -2, 1, -1, 0, 1, 0, 0, 0, 0, 0, 0, 0, 0 ], 
                  [ -1, 0, 0, 1, -2, 1, 0, 0, 0, 0, 0, 0, 0, 0, 0, 0 ], [ 1, -1, 0, -1, 1, -2, 0, 0, 0, 0, 0, 0, 0, 0, 0, 0 ], 
                  [ -1, 0, 1, 0, 0, 0, -2, -1, 0, 0, 0, 0, 0, 0, 0, 0 ], [ -1, 1, 1, 1, 0, 0, -1, -2, 0, 0, 0, 0, 0, 0, 0, 0 ], 
                  [ 0, 0, 0, 0, 0, 0, 0, 0, -2, 0, 0, 1, -1, 1, 1, -1 ], [ 0, 0, 0, 0, 0, 0, 0, 0, 0, -2, -1, -1, 1, 0, -1, 0 ], 
                  [ 0, 0, 0, 0, 0, 0, 0, 0, 0, -1, -2, -1, 0, -1, 0, -1 ], [ 0, 0, 0, 0, 0, 0, 0, 0, 1, -1, -1, -2, 1, -1, -1, 3 ], 
                  [ 0, 0, 0, 0, 0, 0, 0, 0, -1, 1, 0, 1, -2, 0, 0, 2 ], [ 0, 0, 0, 0, 0, 0, 0, 0, 1, 0, -1, -1, 0, -2, 1, 2 ], 
                  [ 0, 0, 0, 0, 0, 0, 0, 0, 1, -1, 0, -1, 0, 1, -2, 1 ], [ 0, 0, 0, 0, 0, 0, 0, 0, -1, 0, -1, 3, 2, 2, 1, -2 ] ] ],
          method := "Nikulin uniqueness",
          spinorPrimes := [  ] ),
      ampleflag := true,
      basisdual := [ [ 1, 1, 0, 3, 0, 6 ], [ 0, 4, 0, 0, 0, 0 ], [ 0, 0, 1, 2, 0, 15 ], [ 0, 0, 0, 4, 0, 24 ], [ 0, 0, 0, 0, 1, 19 ], [ 0, 0, 0, 0, 0, 30 ] ],
      extdeg := 2,
      extgroupgens := [ [ 1, 0, 0, 30 ], [ 0, 2, 0, 0 ], [ 0, 0, 4, 0 ], [ 0, 0, 0, 60 ] ],
      h := [ 2, 0, 2, -2, 2, -1 ],
      rho := 6,
      sprats := rec(
          nopss := [ 4, 1 ],
          scons := [ [ [ 2, -1, 2, -2, 2, -1 ], [ 2, 1, 2, -2, 2, -1 ] ] ],
          slins := [ [ [ 1, 0, -1, 0, -1, 1 ], [ 1, 0, 3, -2, 3, -2 ] ], [ [ 1, 0, 0, -1, 1, 0 ], [ 1, 0, 2, -1, 1, -1 ] ], [ [ 1, 0, -1, 0, 2, -1 ], [ 1, 0, 3, -2, 0, 0 ] ],
              [ [ 1, 0, 0, 0, 3, -2 ], [ 1, 0, 2, -2, -1, 1 ] ] ] ) ), rec(
      Gram := [ [ -198, -2, -116, -186, -162, -255 ], [ -2, -4, 0, 0, 0, 0 ], [ -116, 0, -70, -112, -95, -150 ], [ -186, 0, -112, -180, -152, -240 ], 
          [ -162, 0, -95, -152, -134, -210 ], [ -255, 0, -150, -240, -210, -330 ] ],
      Trec := rec(
          count := 1,
          grams := [ [ [ -2, 1, 1, 1, -1, 1, -1, -1, 0, 0, 0, 0, 0, 0, 0, 0 ], [ 1, -2, -1, -1, 0, -1, 0, 1, 0, 0, 0, 0, 0, 0, 0, 0 ], 
                  [ 1, -1, -2, 0, 0, 0, 1, 1, 0, 0, 0, 0, 0, 0, 0, 0 ], [ 1, -1, 0, -2, 1, -1, 0, 1, 0, 0, 0, 0, 0, 0, 0, 0 ], 
                  [ -1, 0, 0, 1, -2, 1, 0, 0, 0, 0, 0, 0, 0, 0, 0, 0 ], [ 1, -1, 0, -1, 1, -2, 0, 0, 0, 0, 0, 0, 0, 0, 0, 0 ], 
                  [ -1, 0, 1, 0, 0, 0, -2, -1, 0, 0, 0, 0, 0, 0, 0, 0 ], [ -1, 1, 1, 1, 0, 0, -1, -2, 0, 0, 0, 0, 0, 0, 0, 0 ], 
                  [ 0, 0, 0, 0, 0, 0, 0, 0, -2, 0, 0, 1, -1, 1, 0, 0 ], [ 0, 0, 0, 0, 0, 0, 0, 0, 0, -2, -1, -1, 0, 0, 1, 0 ], 
                  [ 0, 0, 0, 0, 0, 0, 0, 0, 0, -1, -2, -1, 0, 0, 1, -1 ], [ 0, 0, 0, 0, 0, 0, 0, 0, 1, -1, -1, -2, 2, -1, 1, 2 ], 
                  [ 0, 0, 0, 0, 0, 0, 0, 0, -1, 0, 0, 2, -2, 0, 0, 0 ], [ 0, 0, 0, 0, 0, 0, 0, 0, 1, 0, 0, -1, 0, 2, -1, 0 ], 
                  [ 0, 0, 0, 0, 0, 0, 0, 0, 0, 1, 1, 1, 0, -1, -2, 0 ], [ 0, 0, 0, 0, 0, 0, 0, 0, 0, 0, -1, 2, 0, 0, 0, -2 ] ] ],
          method := "Nikulin uniqueness",
          spinorPrimes := [  ] ),
      ampleflag := true,
      basisdual := [ [ 1, 3, 0, 1, 0, 24 ], [ 0, 4, 0, 0, 0, 0 ], [ 0, 0, 1, 2, 0, 15 ], [ 0, 0, 0, 4, 0, 24 ], [ 0, 0, 0, 0, 1, 19 ], [ 0, 0, 0, 0, 0, 30 ] ],
      extdeg := 2,
      extgroupgens := [ [ 1, 0, 2, 0 ], [ 0, 2, 0, 0 ], [ 0, 0, 4, 0 ], [ 0, 0, 0, 60 ] ],
      h := [ 2, -1, 2, -1, 2, -3 ],
      rho := 6,
      sprats := rec(
          nopss := [ 2, 6 ],
          scons := [ [ [ 2, -1, -2, 1, 1, -2 ], [ 2, -1, 6, -3, 3, -4 ] ], [ [ 2, -1, 1, -1, -2, 0 ], [ 2, -1, 3, -1, 6, -6 ] ], 
              [ [ 2, -1, 1, 0, 0, -2 ], [ 2, -1, 3, -2, 4, -4 ] ], [ [ 2, -1, 2, -2, 0, -1 ], [ 2, -1, 2, 0, 4, -5 ] ], 
              [ [ 2, -1, 1, -1, 1, -2 ], [ 2, -1, 3, -1, 3, -4 ] ], [ [ 2, -1, 3, -2, 1, -2 ], [ 2, -1, 1, 0, 3, -4 ] ] ],
          slins := [ [ [ 1, -1, 0, 0, 2, -2 ], [ 1, 0, 2, -1, 0, -1 ] ], [ [ 1, -1, 2, -1, 0, -1 ], [ 1, 0, 0, 0, 2, -2 ] ] ] ) ), rec(
      Gram := [ [ -22, 0, -16, -27, -22, -22 ], [ 0, -4, 0, 0, 0, 0 ], [ -16, 0, -14, -22, -11, -22 ], [ -27, 0, -22, -36, -22, -33 ], [ -22, 0, -11, -22, -44, 0 ], 
          [ -22, 0, -22, -33, 0, -44 ] ],
      Trec := rec(
          count := 1,
          grams := [ [ [ 0, 0, 0, 0, 0, 0, 0, 0, 0, 0, 0, 0, 0, 0, 0, 1 ], [ 0, -2, -1, -1, 1, 1, 1, 1, 1, 0, 0, 0, 0, 0, 0, 0 ], 
                  [ 0, -1, -2, 0, 1, 1, 1, 0, 1, 0, 0, 0, 0, 0, 0, 0 ], [ 0, -1, 0, -2, 1, 0, 1, 0, 1, 0, 0, 0, 0, 0, 0, 0 ], 
                  [ 0, 1, 1, 1, -2, -1, -1, 0, -1, 0, 0, 0, 0, 0, 0, 0 ], [ 0, 1, 1, 0, -1, -2, 0, 0, -1, 0, 0, 0, 0, 0, 0, 0 ], 
                  [ 0, 1, 1, 1, -1, 0, -2, 0, -1, 0, 0, 0, 0, 0, 0, 0 ], [ 0, 1, 0, 0, 0, 0, 0, -2, 0, 0, 0, 0, 0, 0, 0, 0 ], 
                  [ 0, 1, 1, 1, -1, -1, -1, 0, -2, 0, 0, 0, 0, 0, 0, 0 ], [ 0, 0, 0, 0, 0, 0, 0, 0, 0, -2, 0, 0, 0, 0, 0, 0 ], 
                  [ 0, 0, 0, 0, 0, 0, 0, 0, 0, 0, -2, 0, 0, 1, 0, 0 ], [ 0, 0, 0, 0, 0, 0, 0, 0, 0, 0, 0, -2, 0, 0, 1, 0 ], 
                  [ 0, 0, 0, 0, 0, 0, 0, 0, 0, 0, 0, 0, -2, 0, -1, 0 ], [ 0, 0, 0, 0, 0, 0, 0, 0, 0, 0, 1, 0, 0, -6, 0, 0 ], 
                  [ 0, 0, 0, 0, 0, 0, 0, 0, 0, 0, 0, 1, -1, 0, 10, 0 ], [ 1, 0, 0, 0, 0, 0, 0, 0, 0, 0, 0, 0, 0, 0, 0, 0 ] ] ],
          method := "Nikulin uniqueness",
          spinorPrimes := [  ] ),
      ampleflag := true,
      basisdual := [ [ 2, 2, 0, 0, 6, 7 ], [ 0, 4, 0, 0, 0, 0 ], [ 0, 0, 1, 0, 3, 6 ], [ 0, 0, 0, 1, 6, 8 ], [ 0, 0, 0, 0, 11, 0 ], [ 0, 0, 0, 0, 0, 11 ] ],
      extdeg := 1,
      extgroupgens := [ [ 22, 0 ], [ 0, 44 ] ],
      h := [ 1, 0, 2, 2, -2, -3 ],
      rho := 6,
      sprats := rec(
          nopss := [ 0, 7 ],
          scons := [ [ [ 1, -1, 2, 2, -2, -3 ], [ 1, 1, 2, 2, -2, -3 ] ], [ [ 1, 0, 6, 2, -3, -5 ], [ 1, 0, -2, 2, -1, -1 ] ], 
              [ [ 1, 0, 4, 1, -2, -3 ], [ 1, 0, 0, 3, -2, -3 ] ], [ [ 1, 0, 4, 3, -3, -5 ], [ 1, 0, 0, 1, -1, -1 ] ], 
              [ [ 1, 0, 2, -2, 0, 0 ], [ 1, 0, 2, 6, -4, -6 ] ], [ [ 1, 0, 3, 0, -1, -2 ], [ 1, 0, 1, 4, -3, -4 ] ], [ [ 1, 0, 1, 0, -1, -1 ], [ 1, 0, 3, 4, -3, -5 ] ] ],
          slins := [  ] ) ), rec(
      Gram := [ [ -22, -5, -5, 0, -22, -22 ], [ -5, -4, -1, -2, 0, -11 ], [ -5, -1, -4, -2, -11, 0 ], [ 0, -2, -2, -4, 0, 0 ], [ -22, 0, -11, 0, -44, 0 ], 
          [ -22, -11, 0, 0, 0, -44 ] ],
      Trec := rec(
          count := 1,
          grams := [ [ [ 0, 0, 0, 0, 0, 0, 0, 0, 0, 0, 0, 0, 0, 0, 0, 1 ], [ 0, -2, -1, -1, 1, 1, 1, 1, 1, 0, 0, 0, 0, 0, 0, 0 ], 
                  [ 0, -1, -2, 0, 1, 1, 1, 0, 1, 0, 0, 0, 0, 0, 0, 0 ], [ 0, -1, 0, -2, 1, 0, 1, 0, 1, 0, 0, 0, 0, 0, 0, 0 ], 
                  [ 0, 1, 1, 1, -2, -1, -1, 0, -1, 0, 0, 0, 0, 0, 0, 0 ], [ 0, 1, 1, 0, -1, -2, 0, 0, -1, 0, 0, 0, 0, 0, 0, 0 ], 
                  [ 0, 1, 1, 1, -1, 0, -2, 0, -1, 0, 0, 0, 0, 0, 0, 0 ], [ 0, 1, 0, 0, 0, 0, 0, -2, 0, 0, 0, 0, 0, 0, 0, 0 ], 
                  [ 0, 1, 1, 1, -1, -1, -1, 0, -2, 0, 0, 0, 0, 0, 0, 0 ], [ 0, 0, 0, 0, 0, 0, 0, 0, 0, -2, 0, 0, 0, 0, 0, 0 ], 
                  [ 0, 0, 0, 0, 0, 0, 0, 0, 0, 0, -2, 0, 0, 1, 0, 0 ], [ 0, 0, 0, 0, 0, 0, 0, 0, 0, 0, 0, -2, 0, 0, 1, 0 ], 
                  [ 0, 0, 0, 0, 0, 0, 0, 0, 0, 0, 0, 0, -2, 0, -1, 0 ], [ 0, 0, 0, 0, 0, 0, 0, 0, 0, 0, 1, 0, 0, -6, 0, 0 ], 
                  [ 0, 0, 0, 0, 0, 0, 0, 0, 0, 0, 0, 1, -1, 0, 10, 0 ], [ 1, 0, 0, 0, 0, 0, 0, 0, 0, 0, 0, 0, 0, 0, 0, 0 ] ] ],
          method := "Nikulin uniqueness",
          spinorPrimes := [  ] ),
      ampleflag := true,
      basisdual := [ [ 2, 0, 0, 2, 7, 7 ], [ 0, 1, 0, 2, 1, 4 ], [ 0, 0, 1, 2, 4, 1 ], [ 0, 0, 0, 4, 2, 2 ], [ 0, 0, 0, 0, 11, 0 ], [ 0, 0, 0, 0, 0, 11 ] ],
      extdeg := 1,
      extgroupgens := [ [ 22, 0 ], [ 0, 44 ] ],
      h := [ 1, 2, 2, -2, -1, -1 ],
      rho := 6,
      sprats := rec(
          nopss := [ 0, 7 ],
          scons := [ [ [ 1, 6, 2, -4, -1, -2 ], [ 1, -2, 2, 0, -1, 0 ] ], [ [ 1, 2, 6, -4, -2, -1 ], [ 1, 2, -2, 0, 0, -1 ] ], 
              [ [ 1, 2, 3, -3, -1, -1 ], [ 1, 2, 1, -1, -1, -1 ] ], [ [ 1, 2, 3, -2, -1, -1 ], [ 1, 2, 1, -2, -1, -1 ] ], 
              [ [ 1, 2, 2, -3, -1, -1 ], [ 1, 2, 2, -1, -1, -1 ] ], [ [ 1, 1, 2, -2, -1, -1 ], [ 1, 3, 2, -2, -1, -1 ] ], [ [ 1, 3, 2, -3, -1, -1 ], [ 1, 1, 2, -1, -1, -1 ] 
                 ] ],
          slins := [  ] ) ), rec(
      Gram := [ [ -2742, -1186, -1826, -2922, -2558, -4020 ], [ -1186, -518, -794, -1271, -1108, -1742 ], [ -1826, -794, -1220, -1952, -1705, -2680 ], 
          [ -2922, -1271, -1952, -3124, -2728, -4288 ], [ -2558, -1108, -1705, -2728, -2388, -3752 ], [ -4020, -1742, -2680, -4288, -3752, -5896 ] ],
      Trec := rec(
          count := 1,
          grams := [ [ [ 0, 0, 0, 0, 0, 0, 0, 0, 0, 0, 0, 0, 0, 0, 0, 1 ], [ 0, -2, -1, -1, 1, 1, 1, 1, 1, 0, 0, 0, 0, 0, 0, 0 ], 
                  [ 0, -1, -2, 0, 1, 1, 1, 0, 1, 0, 0, 0, 0, 0, 0, 0 ], [ 0, -1, 0, -2, 1, 0, 1, 0, 1, 0, 0, 0, 0, 0, 0, 0 ], 
                  [ 0, 1, 1, 1, -2, -1, -1, 0, -1, 0, 0, 0, 0, 0, 0, 0 ], [ 0, 1, 1, 0, -1, -2, 0, 0, -1, 0, 0, 0, 0, 0, 0, 0 ], 
                  [ 0, 1, 1, 1, -1, 0, -2, 0, -1, 0, 0, 0, 0, 0, 0, 0 ], [ 0, 1, 0, 0, 0, 0, 0, -2, 0, 0, 0, 0, 0, 0, 0, 0 ], 
                  [ 0, 1, 1, 1, -1, -1, -1, 0, -2, 0, 0, 0, 0, 0, 0, 0 ], [ 0, 0, 0, 0, 0, 0, 0, 0, 0, -2, 1, 0, 1, 1, 0, 0 ], 
                  [ 0, 0, 0, 0, 0, 0, 0, 0, 0, 1, -2, 0, 0, 0, 0, 0 ], [ 0, 0, 0, 0, 0, 0, 0, 0, 0, 0, 0, -2, 0, 0, 0, 0 ], 
                  [ 0, 0, 0, 0, 0, 0, 0, 0, 0, 1, 0, 0, -4, 0, -1, 0 ], [ 0, 0, 0, 0, 0, 0, 0, 0, 0, 1, 0, 0, 0, -4, -1, 0 ], 
                  [ 0, 0, 0, 0, 0, 0, 0, 0, 0, 0, 0, 0, -1, -1, 16, 0 ], [ 1, 0, 0, 0, 0, 0, 0, 0, 0, 0, 0, 0, 0, 0, 0, 0 ] ] ],
          method := "Nikulin uniqueness",
          spinorPrimes := [  ] ),
      ampleflag := true,
      basisdual := [ [ 2, 0, 0, 0, 0, 92 ], [ 0, 1, 0, 3, 0, 41 ], [ 0, 0, 1, 2, 0, 62 ], [ 0, 0, 0, 4, 0, 99 ], [ 0, 0, 0, 0, 1, 85 ], [ 0, 0, 0, 0, 0, 134 ] ],
      extdeg := 1,
      extgroupgens := [ [ 2, 0 ], [ 0, 536 ] ],
      h := [ 1, 2, 2, -2, 2, -2 ],
      rho := 6,
      sprats := rec(
          nopss := [ 0, 6 ],
          scons := [ [ [ 1, -2, 2, 1, 2, -3 ], [ 1, 6, 2, -5, 2, -1 ] ], [ [ 1, 2, -2, 0, 1, -1 ], [ 1, 2, 6, -4, 3, -3 ] ], [ [ 1, 2, 1, -2, -2, 1 ], [ 1, 2, 3, -2, 6, -5 ] 
                 ], [ [ 1, 2, 2, -3, 0, 0 ], [ 1, 2, 2, -1, 4, -4 ] ], [ [ 1, 1, 1, -1, 2, -2 ], [ 1, 3, 3, -3, 2, -2 ] ], [ [ 1, 2, 1, -1, 0, -1 ], [ 1, 2, 3, -3, 4, -3 ] ] 
             ],
          slins := [  ] ) ), rec(
      Gram := [ [ -5694, -1219, -3794, -4878, -542, -5964 ], [ -1219, -262, -814, -1047, -116, -1278 ], [ -3794, -814, -2532, -3256, -361, -3976 ], 
          [ -4878, -1047, -3256, -4188, -464, -5112 ], [ -542, -116, -361, -464, -52, -568 ], [ -5964, -1278, -3976, -5112, -568, -6248 ] ],
      Trec := rec(
          count := 1,
          grams := [ [ [ -2, 1, 1, 1, -1, 1, -1, -1, 0, 0, 0, 0, 0, 0, 0, 0 ], [ 1, -2, -1, -1, 0, -1, 0, 1, 0, 0, 0, 0, 0, 0, 0, 0 ], 
                  [ 1, -1, -2, 0, 0, 0, 1, 1, 0, 0, 0, 0, 0, 0, 0, 0 ], [ 1, -1, 0, -2, 1, -1, 0, 1, 0, 0, 0, 0, 0, 0, 0, 0 ], 
                  [ -1, 0, 0, 1, -2, 1, 0, 0, 0, 0, 0, 0, 0, 0, 0, 0 ], [ 1, -1, 0, -1, 1, -2, 0, 0, 0, 0, 0, 0, 0, 0, 0, 0 ], 
                  [ -1, 0, 1, 0, 0, 0, -2, -1, 0, 0, 0, 0, 0, 0, 0, 0 ], [ -1, 1, 1, 1, 0, 0, -1, -2, 0, 0, 0, 0, 0, 0, 0, 0 ], 
                  [ 0, 0, 0, 0, 0, 0, 0, 0, -2, -1, -1, 1, -1, 1, 0, 1 ], [ 0, 0, 0, 0, 0, 0, 0, 0, -1, -2, -1, 0, 0, 0, 0, 0 ], 
                  [ 0, 0, 0, 0, 0, 0, 0, 0, -1, -1, -2, 1, 0, 0, 0, 0 ], [ 0, 0, 0, 0, 0, 0, 0, 0, 1, 0, 1, -2, 1, 0, 0, -1 ], 
                  [ 0, 0, 0, 0, 0, 0, 0, 0, -1, 0, 0, 1, -2, 0, 0, 1 ], [ 0, 0, 0, 0, 0, 0, 0, 0, 1, 0, 0, 0, 0, 2, 0, -1 ], 
                  [ 0, 0, 0, 0, 0, 0, 0, 0, 0, 0, 0, 0, 0, 0, -8, 0 ], [ 0, 0, 0, 0, 0, 0, 0, 0, 1, 0, 0, -1, 1, -1, 0, 10 ] ] ],
          method := "Nikulin uniqueness",
          spinorPrimes := [  ] ),
      ampleflag := true,
      basisdual := [ [ 2, 0, 0, 0, 0, 137 ], [ 0, 1, 0, 1, 0, 29 ], [ 0, 0, 1, 2, 0, 90 ], [ 0, 0, 0, 4, 0, 115 ], [ 0, 0, 0, 0, 1, 13 ], [ 0, 0, 0, 0, 0, 142 ] ],
      extdeg := 1,
      extgroupgens := [ [ 2, 0 ], [ 0, 568 ] ],
      h := [ 1, 2, 2, -1, 2, -2 ],
      rho := 6,
      sprats := rec(
          nopss := [ 0, 6 ],
          scons := [ [ [ 1, 6, 2, -2, 2, -2 ], [ 1, -2, 2, 0, 2, -2 ] ], [ [ 1, 2, 6, -3, 3, -3 ], [ 1, 2, -2, 1, 1, -1 ] ], [ [ 1, 3, 3, -2, 2, -2 ], [ 1, 1, 1, 0, 2, -2 ] ]
                , [ [ 1, 2, 3, -1, 6, -3 ], [ 1, 2, 1, -1, -2, -1 ] ], [ [ 1, 2, 2, 0, 4, -3 ], [ 1, 2, 2, -2, 0, -1 ] ], [ [ 1, 2, 3, -2, 4, -2 ], [ 1, 2, 1, 0, 0, -2 ] ] ],
          slins := [  ] ) ), rec(
      Gram := [ [ -3086, -3002, -3246, -1622, -974, -3572 ], [ -3002, -2928, -3164, -1585, -948, -3478 ], [ -3246, -3164, -3420, -1712, -1025, -3760 ], 
          [ -1622, -1585, -1712, -860, -512, -1880 ], [ -974, -948, -1025, -512, -308, -1128 ], [ -3572, -3478, -3760, -1880, -1128, -4136 ] ],
      Trec := rec(
          count := 1,
          grams := [ [ [ 0, 0, 0, 0, 0, 0, 0, 0, 0, 0, 0, 0, 0, 0, 0, 1 ], [ 0, -2, -1, -1, 1, 1, 1, 1, 1, 0, 0, 0, 0, 0, 0, 0 ], 
                  [ 0, -1, -2, 0, 1, 1, 1, 0, 1, 0, 0, 0, 0, 0, 0, 0 ], [ 0, -1, 0, -2, 1, 0, 1, 0, 1, 0, 0, 0, 0, 0, 0, 0 ], 
                  [ 0, 1, 1, 1, -2, -1, -1, 0, -1, 0, 0, 0, 0, 0, 0, 0 ], [ 0, 1, 1, 0, -1, -2, 0, 0, -1, 0, 0, 0, 0, 0, 0, 0 ], 
                  [ 0, 1, 1, 1, -1, 0, -2, 0, -1, 0, 0, 0, 0, 0, 0, 0 ], [ 0, 1, 0, 0, 0, 0, 0, -2, 0, 0, 0, 0, 0, 0, 0, 0 ], 
                  [ 0, 1, 1, 1, -1, -1, -1, 0, -2, 0, 0, 0, 0, 0, 0, 0 ], [ 0, 0, 0, 0, 0, 0, 0, 0, 0, -2, 0, 0, 0, 0, 0, 0 ], 
                  [ 0, 0, 0, 0, 0, 0, 0, 0, 0, 0, -2, -1, -1, 0, -1, 0 ], [ 0, 0, 0, 0, 0, 0, 0, 0, 0, 0, -1, -4, 0, -1, 0, 0 ], 
                  [ 0, 0, 0, 0, 0, 0, 0, 0, 0, 0, -1, 0, -4, -1, 0, 0 ], [ 0, 0, 0, 0, 0, 0, 0, 0, 0, 0, 0, -1, -1, -4, 0, 0 ], 
                  [ 0, 0, 0, 0, 0, 0, 0, 0, 0, 0, -1, 0, 0, 0, 4, 0 ], [ 1, 0, 0, 0, 0, 0, 0, 0, 0, 0, 0, 0, 0, 0, 0, 0 ] ] ],
          method := "Nikulin uniqueness",
          spinorPrimes := [  ] ),
      ampleflag := true,
      basisdual := [ [ 2, 0, 0, 0, 0, 82 ], [ 0, 1, 0, 3, 0, 81 ], [ 0, 0, 1, 2, 0, 87 ], [ 0, 0, 0, 4, 0, 45 ], [ 0, 0, 0, 0, 1, 25 ], [ 0, 0, 0, 0, 0, 94 ] ],
      extdeg := 1,
      extgroupgens := [ [ 2, 0 ], [ 0, 376 ] ],
      h := [ 1, 2, 2, -2, 2, -4 ],
      rho := 6,
      sprats := rec(
          nopss := [ 0, 8 ],
          scons := [ [ [ 1, 6, 2, -5, 2, -6 ], [ 1, -2, 2, 1, 2, -2 ] ], [ [ 1, 2, 2, -3, 0, -3 ], [ 1, 2, 2, -1, 4, -5 ] ], 
              [ [ 1, 2, 1, -2, -2, -2 ], [ 1, 2, 3, -2, 6, -6 ] ], [ [ 1, 2, 6, -4, 3, -7 ], [ 1, 2, -2, 0, 1, -1 ] ], 
              [ [ 1, 1, 4, -2, 2, -5 ], [ 1, 3, 0, -2, 2, -3 ] ], [ [ 1, 2, 3, -3, 4, -5 ], [ 1, 2, 1, -1, 0, -3 ] ], [ [ 1, 1, 1, -1, 3, -3 ], [ 1, 3, 3, -3, 1, -5 ] ], 
              [ [ 1, 3, 4, -4, 3, -6 ], [ 1, 1, 0, 0, 1, -2 ] ] ],
          slins := [  ] ) ), rec(
      Gram := [ [ -194, -637, -232, -542, -154, -850 ], [ -637, -2104, -765, -1785, -510, -2805 ], [ -232, -765, -280, -652, -185, -1020 ], 
          [ -542, -1785, -652, -1520, -432, -2380 ], [ -154, -510, -185, -432, -124, -680 ], [ -850, -2805, -1020, -2380, -680, -3740 ] ],
      Trec := rec(
          count := 1,
          grams := [ [ [ 0, 0, 0, 0, 0, 0, 0, 0, 0, 0, 0, 0, 0, 0, 0, 1 ], [ 0, -2, -1, -1, 1, 1, -1, -1, 1, 0, 0, 0, 0, 0, 0, 0 ], 
                  [ 0, -1, -2, 0, 1, 1, 0, -1, 1, 0, 0, 0, 0, 0, 0, 0 ], [ 0, -1, 0, -2, 1, 0, -1, 0, 1, 0, 0, 0, 0, 0, 0, 0 ], 
                  [ 0, 1, 1, 1, -2, -1, 1, 0, -1, 0, 0, 0, 0, 0, 0, 0 ], [ 0, 1, 1, 0, -1, -2, 1, 0, -1, 0, 0, 0, 0, 0, 0, 0 ], 
                  [ 0, -1, 0, -1, 1, 1, -2, 0, 1, 0, 0, 0, 0, 0, 0, 0 ], [ 0, -1, -1, 0, 0, 0, 0, -2, 0, 0, 0, 0, 0, 0, 0, 0 ], 
                  [ 0, 1, 1, 1, -1, -1, 1, 0, -2, 0, 0, 0, 0, 0, 0, 0 ], [ 0, 0, 0, 0, 0, 0, 0, 0, 0, -2, 0, -1, -1, 0, 0, 0 ], 
                  [ 0, 0, 0, 0, 0, 0, 0, 0, 0, 0, -2, 0, 0, 0, 0, 0 ], [ 0, 0, 0, 0, 0, 0, 0, 0, 0, -1, 0, -4, 1, 0, 0, 0 ], 
                  [ 0, 0, 0, 0, 0, 0, 0, 0, 0, -1, 0, 1, -4, 0, 0, 0 ], [ 0, 0, 0, 0, 0, 0, 0, 0, 0, 0, 0, 0, 0, -4, 1, 0 ], 
                  [ 0, 0, 0, 0, 0, 0, 0, 0, 0, 0, 0, 0, 0, 1, 4, 0 ], [ 1, 0, 0, 0, 0, 0, 0, 0, 0, 0, 0, 0, 0, 0, 0, 0 ] ] ],
          method := "Nikulin uniqueness",
          spinorPrimes := [  ] ),
      ampleflag := true,
      basisdual := [ [ 2, 0, 0, 2, 0, 21 ], [ 0, 1, 0, 0, 0, 64 ], [ 0, 0, 1, 2, 0, 25 ], [ 0, 0, 0, 4, 0, 57 ], [ 0, 0, 0, 0, 1, 15 ], [ 0, 0, 0, 0, 0, 85 ] ],
      extdeg := 1,
      extgroupgens := [ [ 2, 0 ], [ 0, 340 ] ],
      h := [ 1, 2, 2, -1, 2, -2 ],
      rho := 6,
      sprats := rec(
          nopss := [ 0, 9 ],
          scons := [ [ [ 1, -2, 2, -1, 2, 1 ], [ 1, 6, 2, -1, 2, -5 ] ], [ [ 1, 2, 6, -3, 3, -2 ], [ 1, 2, -2, 1, 1, -2 ] ], [ [ 1, 1, 4, -2, 1, -1 ], [ 1, 3, 0, 0, 3, -3 ] ]
                , [ [ 1, 2, 3, -2, 4, -2 ], [ 1, 2, 1, 0, 0, -2 ] ], [ [ 1, 1, 1, -1, 2, -1 ], [ 1, 3, 3, -1, 2, -3 ] ], [ [ 1, 2, 2, -2, 0, -1 ], [ 1, 2, 2, 0, 4, -3 ] ], 
              [ [ 1, 2, 3, -1, 6, -3 ], [ 1, 2, 1, -1, -2, -1 ] ], [ [ 1, 1, 1, 0, 4, -2 ], [ 1, 3, 3, -2, 0, -2 ] ], [ [ 1, 3, 4, -2, 4, -3 ], [ 1, 1, 0, 0, 0, -1 ] ] ],
          slins := [  ] ) ), rec(
      Gram := [ [ -90, -490, -238, -120, -594, -654 ], [ -490, -2698, -1308, -654, -3270, -3597 ], [ -238, -1308, -636, -320, -1585, -1744 ], 
          [ -120, -654, -320, -164, -792, -872 ], [ -594, -3270, -1585, -792, -3964, -4360 ], [ -654, -3597, -1744, -872, -4360, -4796 ] ],
      Trec := rec(
          count := 1,
          grams := [ [ [ 0, 0, 0, 0, 0, 0, 0, 0, 0, 0, 0, 0, 0, 0, 0, 1 ], [ 0, -2, -1, -1, -1, 1, 1, -1, 1, 0, 0, 0, 0, 0, 0, 0 ], 
                  [ 0, -1, -2, 0, -1, 1, 1, 0, 1, 0, 0, 0, 0, 0, 0, 0 ], [ 0, -1, 0, -2, -1, 0, 1, -1, 1, 0, 0, 0, 0, 0, 0, 0 ], 
                  [ 0, -1, -1, -1, -2, 0, 1, 0, 1, 0, 0, 0, 0, 0, 0, 0 ], [ 0, 1, 1, 0, 0, -2, 0, 0, -1, 0, 0, 0, 0, 0, 0, 0 ], 
                  [ 0, 1, 1, 1, 1, 0, -2, 1, -1, 0, 0, 0, 0, 0, 0, 0 ], [ 0, -1, 0, -1, 0, 0, 1, -2, 0, 0, 0, 0, 0, 0, 0, 0 ], 
                  [ 0, 1, 1, 1, 1, -1, -1, 0, -2, 0, 0, 0, 0, 0, 0, 0 ], [ 0, 0, 0, 0, 0, 0, 0, 0, 0, -2, 1, -1, 0, 0, 0, 0 ], 
                  [ 0, 0, 0, 0, 0, 0, 0, 0, 0, 1, -2, 0, 0, 0, 0, 0 ], [ 0, 0, 0, 0, 0, 0, 0, 0, 0, -1, 0, -2, 0, 0, 0, 0 ], 
                  [ 0, 0, 0, 0, 0, 0, 0, 0, 0, 0, 0, 0, -2, 0, 1, 0 ], [ 0, 0, 0, 0, 0, 0, 0, 0, 0, 0, 0, 0, 0, -2, 0, 0 ], 
                  [ 0, 0, 0, 0, 0, 0, 0, 0, 0, 0, 0, 0, 1, 0, 54, 0 ], [ 1, 0, 0, 0, 0, 0, 0, 0, 0, 0, 0, 0, 0, 0, 0, 0 ] ] ],
          method := "Nikulin uniqueness",
          spinorPrimes := [  ] ),
      ampleflag := true,
      basisdual := [ [ 2, 0, 0, 2, 0, 16 ], [ 0, 1, 0, 0, 0, 82 ], [ 0, 0, 1, 2, 0, 41 ], [ 0, 0, 0, 4, 0, 22 ], [ 0, 0, 0, 0, 1, 99 ], [ 0, 0, 0, 0, 0, 109 ] ],
      extdeg := 1,
      extgroupgens := [ [ 2, 0 ], [ 0, 436 ] ],
      h := [ 1, 2, 2, -1, 2, -4 ],
      rho := 6,
      sprats := rec(
          nopss := [ 0, 7 ],
          scons := [ [ [ 1, -2, 2, -1, 2, -1 ], [ 1, 6, 2, -1, 2, -7 ] ], [ [ 1, 2, -2, 1, 1, -2 ], [ 1, 2, 6, -3, 3, -6 ] ], [ [ 1, 2, 3, -2, 4, -6 ], [ 1, 2, 1, 0, 0, -2 ] 
                 ], [ [ 1, 2, 3, -1, 6, -8 ], [ 1, 2, 1, -1, -2, 0 ] ], [ [ 1, 2, 2, -2, 0, -2 ], [ 1, 2, 2, 0, 4, -6 ] ], [ [ 1, 1, 1, -1, 1, -2 ], [ 1, 3, 3, -1, 3, -6 ] ],
              [ [ 1, 3, 3, -2, 1, -4 ], [ 1, 1, 1, 0, 3, -4 ] ] ],
          slins := [  ] ) ), rec(
      Gram := [ [ -522, -1228, -298, -150, -744, -1638 ], [ -1228, -2896, -702, -351, -1755, -3861 ], [ -298, -702, -172, -88, -425, -936 ], 
          [ -150, -351, -88, -48, -212, -468 ], [ -744, -1755, -425, -212, -1064, -2340 ], [ -1638, -3861, -936, -468, -2340, -5148 ] ],
      Trec := rec(
          count := 1,
          grams := [ [ [ 0, 0, 0, 0, 0, 0, 0, 0, 0, 0, 0, 0, 0, 0, 0, 1 ], [ 0, -2, -1, -1, 1, 1, -1, 1, 0, 0, 0, 0, 1, 0, 0, 0 ], 
                  [ 0, -1, -2, 0, 1, 1, -1, 1, 0, 0, 0, 0, 1, 0, 0, 0 ], [ 0, -1, 0, -2, 1, 0, 0, 0, 0, 0, 0, 0, 0, 0, 0, 0 ], 
                  [ 0, 1, 1, 1, -2, -1, 1, -1, 0, 0, 0, 0, 0, 0, 0, 0 ], [ 0, 1, 1, 0, -1, -2, 1, -1, 0, 0, 0, 0, -1, 0, 0, 0 ], 
                  [ 0, -1, -1, 0, 1, 1, -2, 1, 0, 0, 0, 0, 1, 0, 0, 0 ], [ 0, 1, 1, 0, -1, -1, 1, -2, 0, 0, 0, 0, -1, 0, 0, 0 ], 
                  [ 0, 0, 0, 0, 0, 0, 0, 0, 2, 0, -1, 1, 0, 1, 1, 0 ], [ 0, 0, 0, 0, 0, 0, 0, 0, 0, -2, 1, -1, 0, 0, 1, 0 ], 
                  [ 0, 0, 0, 0, 0, 0, 0, 0, -1, 1, -2, 0, 0, -1, 0, 0 ], [ 0, 0, 0, 0, 0, 0, 0, 0, 1, -1, 0, -2, 0, 1, 2, 0 ], 
                  [ 0, 1, 1, 0, 0, -1, 1, -1, 0, 0, 0, 0, -4, 0, 0, 0 ], [ 0, 0, 0, 0, 0, 0, 0, 0, 1, 0, -1, 1, 0, -2, 1, 0 ], 
                  [ 0, 0, 0, 0, 0, 0, 0, 0, 1, 1, 0, 2, 0, 1, -4, 0 ], [ 1, 0, 0, 0, 0, 0, 0, 0, 0, 0, 0, 0, 0, 0, 0, 0 ] ] ],
          method := "Nikulin uniqueness",
          spinorPrimes := [  ] ),
      ampleflag := true,
      basisdual := [ [ 2, 0, 0, 2, 0, 38 ], [ 0, 1, 0, 0, 0, 88 ], [ 0, 0, 1, 2, 0, 22 ], [ 0, 0, 0, 4, 0, 11 ], [ 0, 0, 0, 0, 1, 53 ], [ 0, 0, 0, 0, 0, 117 ] ],
      extdeg := 1,
      extgroupgens := [ [ 2, 0 ], [ 0, 468 ] ],
      h := [ 1, 2, 2, -1, 2, -3 ],
      rho := 6,
      sprats := rec(
          nopss := [ 0, 7 ],
          scons := [ [ [ 1, -2, 2, -1, 2, 0 ], [ 1, 6, 2, -1, 2, -6 ] ], [ [ 1, 2, 2, -2, 0, -2 ], [ 1, 2, 2, 0, 4, -4 ] ], [ [ 1, 2, 1, -1, -2, -1 ], [ 1, 2, 3, -1, 6, -5 ] 
                 ], [ [ 1, 2, 3, -2, 4, -4 ], [ 1, 2, 1, 0, 0, -2 ] ], [ [ 1, 1, 0, 0, 2, -2 ], [ 1, 3, 4, -2, 2, -4 ] ], [ [ 1, 2, -2, 1, 1, -2 ], [ 1, 2, 6, -3, 3, -4 ] ], 
              [ [ 1, 1, 4, -2, 3, -3 ], [ 1, 3, 0, 0, 1, -3 ] ] ],
          slins := [  ] ) ), rec(
      Gram := [ [ -22, -14, -4, -18, -22, -20 ], [ -14, -16, -7, -13, -22, -10 ], [ -4, -7, -4, -2, -11, 0 ], [ -18, -13, -2, -44, 0, -40 ], [ -22, -22, -11, 0, -44, 0 ], 
          [ -20, -10, 0, -40, 0, -40 ] ],
      Trec := rec(
          count := 1,
          grams := [ [ [ 0, 0, 0, 0, 0, 0, 0, 0, 0, 0, 0, 0, 0, 0, 0, 1 ], [ 0, -2, 1, 1, 1, 1, -1, 1, 1, 0, 0, 0, 0, 0, 0, 0 ], 
                  [ 0, 1, -2, -1, 0, -1, 0, -1, -1, 0, 0, 0, 0, 0, 0, 0 ], [ 0, 1, -1, -2, -1, -1, 1, 0, -1, 0, 0, 0, 0, 0, 0, 0 ], 
                  [ 0, 1, 0, -1, -2, -1, 1, 0, 0, 0, 0, 0, 0, 0, 0, 0 ], [ 0, 1, -1, -1, -1, -2, 0, -1, -1, 0, 0, 0, 0, 0, 0, 0 ], 
                  [ 0, -1, 0, 1, 1, 0, -2, 0, 0, 0, 0, 0, 0, 0, 0, 0 ], [ 0, 1, -1, 0, 0, -1, 0, -2, -1, 0, 0, 0, 0, 0, 0, 0 ], 
                  [ 0, 1, -1, -1, 0, -1, 0, -1, -2, 0, 0, 0, 0, 0, 0, 0 ], [ 0, 0, 0, 0, 0, 0, 0, 0, 0, -2, 0, 0, 1, 0, 0, 0 ], 
                  [ 0, 0, 0, 0, 0, 0, 0, 0, 0, 0, -2, -1, 0, 1, 0, 0 ], [ 0, 0, 0, 0, 0, 0, 0, 0, 0, 0, -1, -2, 0, 1, 0, 0 ], 
                  [ 0, 0, 0, 0, 0, 0, 0, 0, 0, 1, 0, 0, 2, 0, 0, 0 ], [ 0, 0, 0, 0, 0, 0, 0, 0, 0, 0, 1, 1, 0, -8, 0, 0 ], 
                  [ 0, 0, 0, 0, 0, 0, 0, 0, 0, 0, 0, 0, 0, 0, -8, 0 ], [ 1, 0, 0, 0, 0, 0, 0, 0, 0, 0, 0, 0, 0, 0, 0, 0 ] ] ],
          method := "Nikulin uniqueness",
          spinorPrimes := [  ] ),
      ampleflag := true,
      basisdual := [ [ 2, 0, 0, 0, 6, 6 ], [ 0, 1, 0, 3, 7, 2 ], [ 0, 0, 1, 2, 4, 0 ], [ 0, 0, 0, 4, 2, 9 ], [ 0, 0, 0, 0, 11, 0 ], [ 0, 0, 0, 0, 0, 10 ] ],
      extdeg := 1,
      extgroupgens := [ [ 2, 0 ], [ 0, 440 ] ],
      h := [ 1, 2, 2, -2, -2, 1 ],
      rho := 6,
      sprats := rec(
          nopss := [ 0, 7 ],
          scons := [ [ [ 1, -2, 2, 1, 0, -1 ], [ 1, 6, 2, -5, -4, 3 ] ], [ [ 1, 2, 3, -3, -2, 2 ], [ 1, 2, 1, -1, -2, 0 ] ], [ [ 1, 2, 3, -2, -2, 1 ], [ 1, 2, 1, -2, -2, 1 ] 
                 ], [ [ 1, 2, 2, -3, -2, 2 ], [ 1, 2, 2, -1, -2, 0 ] ], [ [ 1, 3, 4, -4, -3, 3 ], [ 1, 1, 0, 0, -1, -1 ] ], [ [ 1, 2, 6, -4, -3, 3 ], [ 1, 2, -2, 0, -1, -1 ] 
                 ], [ [ 1, 3, 0, -2, -2, 1 ], [ 1, 1, 4, -2, -2, 1 ] ] ],
          slins := [  ] ) ), rec(
      Gram := [ [ -474, -26, -110, -54, -278, -612 ], [ -26, -4, -8, -6, -16, -36 ], [ -110, -8, -28, -16, -65, -144 ], [ -54, -6, -16, -12, -32, -72 ], 
          [ -278, -16, -65, -32, -164, -360 ], [ -612, -36, -144, -72, -360, -792 ] ],
      Trec := rec(
          count := 1,
          grams := [ [ [ 0, 0, 0, 0, 0, 0, 0, 0, 0, 0, 0, 0, 0, 0, 0, 1 ], [ 0, 0, 0, 0, 0, 0, 0, 0, 0, 0, 0, 0, 0, 0, 1, 0 ], 
                  [ 0, 0, -2, -1, 1, 1, -1, -1, 1, 0, 0, 0, 0, -1, 0, 0 ], [ 0, 0, -1, -2, 0, 1, 0, -1, 1, 0, 0, 0, 0, 0, 0, 0 ], 
                  [ 0, 0, 1, 0, -2, -1, 1, 1, -1, 0, 0, 0, 0, 1, 0, 0 ], [ 0, 0, 1, 1, -1, -2, 1, 1, -1, 0, 0, 0, 0, 0, 0, 0 ], 
                  [ 0, 0, -1, 0, 1, 1, -2, 0, 1, 0, 0, 0, 0, 0, 0, 0 ], [ 0, 0, -1, -1, 1, 1, 0, -2, 1, 0, 0, 0, 0, -1, 0, 0 ], 
                  [ 0, 0, 1, 1, -1, -1, 1, 1, -2, 0, 0, 0, 0, 0, 0, 0 ], [ 0, 0, 0, 0, 0, 0, 0, 0, 0, -2, 0, 0, 0, 0, 0, 0 ], 
                  [ 0, 0, 0, 0, 0, 0, 0, 0, 0, 0, -4, -2, -2, 0, 0, 0 ], [ 0, 0, 0, 0, 0, 0, 0, 0, 0, 0, -2, -4, -2, 0, 0, 0 ], 
                  [ 0, 0, 0, 0, 0, 0, 0, 0, 0, 0, -2, -2, -4, 0, 0, 0 ], [ 0, 0, -1, 0, 1, 0, 0, -1, 0, 0, 0, 0, 0, -6, 0, 0 ], 
                  [ 0, 1, 0, 0, 0, 0, 0, 0, 0, 0, 0, 0, 0, 0, 0, 0 ], [ 1, 0, 0, 0, 0, 0, 0, 0, 0, 0, 0, 0, 0, 0, 0, 0 ] ] ],
          method := "Nikulin uniqueness",
          spinorPrimes := [  ] ),
      ampleflag := true,
      basisdual := [ [ 2, 0, 0, 0, 0, 28 ], [ 0, 2, 0, 2, 0, 4 ], [ 0, 0, 1, 2, 0, 8 ], [ 0, 0, 0, 4, 0, 6 ], [ 0, 0, 0, 0, 1, 16 ], [ 0, 0, 0, 0, 0, 36 ] ],
      extdeg := 1,
      extgroupgens := [ [ 2, 0, 0, 0 ], [ 0, 2, 0, 0 ], [ 0, 0, 2, 0 ], [ 0, 0, 0, 72 ] ],
      h := [ 1, 1, 2, -1, 2, -2 ],
      rho := 6,
      sprats := rec(
          nopss := [ 0, 11 ],
          scons := [ [ [ 1, 1, 6, -3, 3, -3 ], [ 1, 1, -2, 1, 1, -1 ] ], [ [ 1, 1, 1, -1, -2, 0 ], [ 1, 1, 3, -1, 6, -4 ] ], [ [ 1, 1, 2, -2, 0, -1 ], [ 1, 1, 2, 0, 4, -3 ] ]
                , [ [ 1, 0, 2, -1, 0, -1 ], [ 1, 2, 2, -1, 4, -3 ] ], [ [ 1, 2, 2, -2, 0, -1 ], [ 1, 0, 2, 0, 4, -3 ] ], [ [ 1, 0, 1, 0, 0, -1 ], [ 1, 2, 3, -2, 4, -3 ] ], 
              [ [ 1, 0, 2, -1, 2, -2 ], [ 1, 2, 2, -1, 2, -2 ] ], [ [ 1, -1, 2, 0, 2, -2 ], [ 1, 3, 2, -2, 2, -2 ] ], [ [ 1, 2, 1, -1, 0, -1 ], [ 1, 0, 3, -1, 4, -3 ] ], 
              [ [ 1, 1, 1, 0, 0, -1 ], [ 1, 1, 3, -2, 4, -3 ] ], [ [ 1, 2, 2, -2, 2, -2 ], [ 1, 0, 2, 0, 2, -2 ] ] ],
          slins := [  ] ) ), rec(
      Gram := [ [ -14, 4, -4, 2, -22, -4 ], [ 4, -4, -1, -2, 0, 4 ], [ -4, -1, -4, -2, -11, 0 ], [ 2, -2, -2, -4, 0, 0 ], [ -22, 0, -11, 0, -44, 0 ], [ -4, 4, 0, 0, 0, -8 ] ]
       ,
      Trec := rec(
          count := 1,
          grams := [ [ [ 0, 0, 0, 0, 0, 0, 0, 0, 0, 0, 0, 0, 0, 0, 0, 1 ], [ 0, 0, 0, 0, 0, 0, 0, 0, 0, 0, 0, 0, 0, 0, 2, 0 ], 
                  [ 0, 0, -2, -1, -1, 1, 1, 1, -1, 1, 0, 0, 0, 0, 0, 0 ], [ 0, 0, -1, -2, -1, 1, 0, 0, 0, 1, 0, 0, 0, 0, 0, 0 ], 
                  [ 0, 0, -1, -1, -2, 0, 0, 0, 0, 1, 0, 0, 0, 0, 0, 0 ], [ 0, 0, 1, 1, 0, -2, -1, 0, 0, -1, 0, 0, 0, 0, 0, 0 ], 
                  [ 0, 0, 1, 0, 0, -1, -2, -1, 1, 0, 0, 0, 0, 0, 0, 0 ], [ 0, 0, 1, 0, 0, 0, -1, -2, 1, 0, 0, 0, 0, 0, 0, 0 ], 
                  [ 0, 0, -1, 0, 0, 0, 1, 1, -2, 0, 0, 0, 0, 0, 0, 0 ], [ 0, 0, 1, 1, 1, -1, 0, 0, 0, -2, 0, 0, 0, 0, 0, 0 ], 
                  [ 0, 0, 0, 0, 0, 0, 0, 0, 0, 0, -2, 1, 1, 0, 0, 0 ], [ 0, 0, 0, 0, 0, 0, 0, 0, 0, 0, 1, -4, -1, 1, 0, 0 ], 
                  [ 0, 0, 0, 0, 0, 0, 0, 0, 0, 0, 1, -1, -4, -1, 0, 0 ], [ 0, 0, 0, 0, 0, 0, 0, 0, 0, 0, 0, 1, -1, -8, 0, 0 ], 
                  [ 0, 2, 0, 0, 0, 0, 0, 0, 0, 0, 0, 0, 0, 0, 0, 0 ], [ 1, 0, 0, 0, 0, 0, 0, 0, 0, 0, 0, 0, 0, 0, 0, 0 ] ] ],
          method := "Nikulin uniqueness",
          spinorPrimes := [  ] ),
      ampleflag := true,
      basisdual := [ [ 2, 0, 0, 0, 6, 2 ], [ 0, 2, 0, 2, 1, 0 ], [ 0, 0, 1, 2, 4, 1 ], [ 0, 0, 0, 4, 2, 2 ], [ 0, 0, 0, 0, 11, 0 ], [ 0, 0, 0, 0, 0, 4 ] ],
      extdeg := 1,
      extgroupgens := [ [ 2, 0, 0, 0 ], [ 0, 2, 0, 0 ], [ 0, 0, 2, 0 ], [ 0, 0, 0, 88 ] ],
      h := [ 1, 1, 2, -1, -1, 0 ],
      rho := 6,
      sprats := rec(
          nopss := [ 0, 9 ],
          scons := [ [ [ 1, 1, 6, -3, -2, 0 ], [ 1, 1, -2, 1, 0, 0 ] ], [ [ 1, 1, 1, -1, -1, 0 ], [ 1, 1, 3, -1, -1, 0 ] ], [ [ 1, 1, 1, 0, -1, 0 ], [ 1, 1, 3, -2, -1, 0 ] ],
              [ [ 1, 0, 2, -1, -1, -1 ], [ 1, 2, 2, -1, -1, 1 ] ], [ [ 1, -1, 2, 0, -1, -1 ], [ 1, 3, 2, -2, -1, 1 ] ], [ [ 1, 0, 2, 0, -1, -1 ], [ 1, 2, 2, -2, -1, 1 ] ], 
              [ [ 1, 1, 2, -2, -1, 0 ], [ 1, 1, 2, 0, -1, 0 ] ], [ [ 1, 0, 2, -1, -1, 0 ], [ 1, 2, 2, -1, -1, 0 ] ], [ [ 1, 2, 2, -2, -1, 0 ], [ 1, 0, 2, 0, -1, 0 ] ] ],
          slins := [  ] ) ), rec(
      Gram := [ [ -462, -530, -566, -282, -638, -780 ], [ -530, -616, -656, -330, -736, -900 ], [ -566, -656, -700, -352, -785, -960 ], [ -282, -330, -352, -180, -392, -480 ]
            , [ -638, -736, -785, -392, -884, -1080 ], [ -780, -900, -960, -480, -1080, -1320 ] ],
      Trec := rec(
          count := 1,
          grams := [ [ [ 0, 0, 0, 0, 0, 0, 0, 0, 0, 0, 0, 0, 0, 0, 0, 1 ], [ 0, -2, -1, -1, -1, 1, 1, 1, 1, 0, 0, 0, 0, 0, 0, 0 ], 
                  [ 0, -1, -2, 0, 0, 1, 1, 1, 1, 0, 0, 0, 0, 0, 0, 0 ], [ 0, -1, 0, -2, 0, 0, 1, 1, 1, 0, 0, 0, 0, 0, 0, 0 ], 
                  [ 0, -1, 0, 0, -2, 0, 0, 0, 0, 0, 0, 0, 0, 0, 0, 0 ], [ 0, 1, 1, 0, 0, -2, 0, 0, -1, 0, 0, 0, 0, 0, 0, 0 ], 
                  [ 0, 1, 1, 1, 0, 0, -2, -1, -1, 0, 0, 0, 0, 0, 0, 0 ], [ 0, 1, 1, 1, 0, 0, -1, -2, -1, 0, 0, 0, 0, 0, 0, 0 ], 
                  [ 0, 1, 1, 1, 0, -1, -1, -1, -2, 0, 0, 0, 0, 0, 0, 0 ], [ 0, 0, 0, 0, 0, 0, 0, 0, 0, -2, -1, 0, 1, 0, -1, 0 ], 
                  [ 0, 0, 0, 0, 0, 0, 0, 0, 0, -1, -2, 0, 0, 0, 0, 0 ], [ 0, 0, 0, 0, 0, 0, 0, 0, 0, 0, 0, -2, 0, 0, 0, 0 ], [ 0, 0, 0, 0, 0, 0, 0, 0, 0, 1, 0, 0, 2, 0, 0, 0 
                     ], [ 0, 0, 0, 0, 0, 0, 0, 0, 0, 0, 0, 0, 0, -8, -4, 0 ], [ 0, 0, 0, 0, 0, 0, 0, 0, 0, -1, 0, 0, 0, -4, -10, 0 ], 
                  [ 1, 0, 0, 0, 0, 0, 0, 0, 0, 0, 0, 0, 0, 0, 0, 0 ] ] ],
          method := "Nikulin uniqueness",
          spinorPrimes := [  ] ),
      ampleflag := true,
      basisdual := [ [ 2, 0, 0, 0, 0, 36 ], [ 0, 2, 0, 2, 0, 42 ], [ 0, 0, 1, 2, 0, 44 ], [ 0, 0, 0, 4, 0, 22 ], [ 0, 0, 0, 0, 1, 49 ], [ 0, 0, 0, 0, 0, 60 ] ],
      extdeg := 1,
      extgroupgens := [ [ 2, 0, 0, 0 ], [ 0, 2, 0, 0 ], [ 0, 0, 2, 0 ], [ 0, 0, 0, 120 ] ],
      h := [ 1, 1, 2, -1, 2, -4 ],
      rho := 6,
      sprats := rec(
          nopss := [ 0, 7 ],
          scons := [ [ [ 1, 1, -2, 1, 1, -1 ], [ 1, 1, 6, -3, 3, -7 ] ], [ [ 1, 0, 3, -1, 2, -4 ], [ 1, 2, 1, -1, 2, -4 ] ], [ [ 1, -1, 2, 0, 2, -3 ], [ 1, 3, 2, -2, 2, -5 ] 
                 ], [ [ 1, 2, 3, -2, 2, -5 ], [ 1, 0, 1, 0, 2, -3 ] ], [ [ 1, 1, 1, -1, -2, 0 ], [ 1, 1, 3, -1, 6, -8 ] ], [ [ 1, 1, 2, -2, 0, -2 ], [ 1, 1, 2, 0, 4, -6 ] ], 
              [ [ 1, 1, 1, 0, 0, -2 ], [ 1, 1, 3, -2, 4, -6 ] ] ],
          slins := [  ] ) ), rec(
      Gram := [ [ -24, -128, -14, -90, -122, -168 ], [ -128, -738, -88, -522, -692, -952 ], [ -14, -88, -12, -64, -81, -112 ], [ -90, -522, -64, -372, -488, -672 ], 
          [ -122, -692, -81, -488, -652, -896 ], [ -168, -952, -112, -672, -896, -1232 ] ],
      Trec := rec(
          count := 1,
          grams := [ [ [ 0, 0, 0, 0, 0, 0, 0, 0, 0, 0, 0, 0, 0, 0, 0, 1 ], [ 0, 0, 0, 0, 0, 0, 0, 0, 0, 0, 0, 0, 0, 0, 2, 0 ], 
                  [ 0, 0, -2, -1, -1, -1, 1, -1, 1, 1, 0, 0, 0, 0, 0, 0 ], [ 0, 0, -1, -2, 0, -1, 0, -1, 0, 1, 0, 0, 0, 0, 0, 0 ], 
                  [ 0, 0, -1, 0, -2, -1, 1, -1, 0, 1, 0, 0, 0, 0, 0, 0 ], [ 0, 0, -1, -1, -1, -2, 0, -1, 0, 1, 0, 0, 0, 0, 0, 0 ], 
                  [ 0, 0, 1, 0, 1, 0, -2, 0, -1, -1, 0, 0, 0, 0, 0, 0 ], [ 0, 0, -1, -1, -1, -1, 0, -2, 0, 1, 0, 0, 0, 0, 0, 0 ], 
                  [ 0, 0, 1, 0, 0, 0, -1, 0, -2, 0, 0, 0, 0, 0, 0, 0 ], [ 0, 0, 1, 1, 1, 1, -1, 1, 0, -2, 0, 0, 0, 0, 0, 0 ], 
                  [ 0, 0, 0, 0, 0, 0, 0, 0, 0, 0, -2, 1, -1, -1, 0, 0 ], [ 0, 0, 0, 0, 0, 0, 0, 0, 0, 0, 1, -4, 2, -1, 0, 0 ], 
                  [ 0, 0, 0, 0, 0, 0, 0, 0, 0, 0, -1, 2, -6, -1, 0, 0 ], [ 0, 0, 0, 0, 0, 0, 0, 0, 0, 0, -1, -1, -1, -8, 0, 0 ], 
                  [ 0, 2, 0, 0, 0, 0, 0, 0, 0, 0, 0, 0, 0, 0, 0, 0 ], [ 1, 0, 0, 0, 0, 0, 0, 0, 0, 0, 0, 0, 0, 0, 0, 0 ] ] ],
          method := "Nikulin uniqueness",
          spinorPrimes := [  ] ),
      ampleflag := true,
      basisdual := [ [ 2, 0, 0, 0, 0, 8 ], [ 0, 2, 0, 2, 0, 44 ], [ 0, 0, 1, 2, 0, 5 ], [ 0, 0, 0, 4, 0, 30 ], [ 0, 0, 0, 0, 1, 41 ], [ 0, 0, 0, 0, 0, 56 ] ],
      extdeg := 1,
      extgroupgens := [ [ 2, 0, 0, 0 ], [ 0, 2, 0, 0 ], [ 0, 0, 2, 0 ], [ 0, 0, 0, 112 ] ],
      h := [ 1, 1, 2, -1, 2, -2 ],
      rho := 6,
      sprats := rec(
          nopss := [ 0, 7 ],
          scons := [ [ [ 1, 1, -2, 1, 1, -2 ], [ 1, 1, 6, -3, 3, -2 ] ], [ [ 1, 0, 1, 0, 1, -1 ], [ 1, 2, 3, -2, 3, -3 ] ], [ [ 1, -1, 2, 0, 2, -1 ], [ 1, 3, 2, -2, 2, -3 ] ]
                , [ [ 1, 2, 1, -1, 1, -2 ], [ 1, 0, 3, -1, 3, -2 ] ], [ [ 1, 1, 2, -2, 0, 0 ], [ 1, 1, 2, 0, 4, -4 ] ], [ [ 1, 1, 3, -2, 4, -3 ], [ 1, 1, 1, 0, 0, -1 ] ], 
              [ [ 1, 1, 1, -1, -2, 1 ], [ 1, 1, 3, -1, 6, -5 ] ] ],
          slins := [  ] ) ), rec(
      Gram := [ [ -398, -540, -63, -381, -509, -700 ], [ -540, -738, -88, -522, -692, -952 ], [ -63, -88, -12, -64, -81, -112 ], [ -381, -522, -64, -372, -488, -672 ], 
          [ -509, -692, -81, -488, -652, -896 ], [ -700, -952, -112, -672, -896, -1232 ] ],
      Trec := rec(
          count := 1,
          grams := [ [ [ 0, 0, 0, 0, 0, 0, 0, 0, 0, 0, 0, 0, 0, 0, 0, 1 ], [ 0, 0, 0, 0, 0, 0, 0, 0, 0, 0, 0, 0, 0, 0, 1, 0 ], 
                  [ 0, 0, -2, -1, -1, -1, 1, -1, 1, 1, 0, 0, 0, 0, 0, 0 ], [ 0, 0, -1, -2, 0, -1, 1, 0, 0, 1, 0, 0, 0, 0, 0, 0 ], 
                  [ 0, 0, -1, 0, -2, -1, 0, -1, 1, 1, 0, 0, 0, 0, 0, 0 ], [ 0, 0, -1, -1, -1, -2, 1, -1, 1, 1, 0, 0, 0, 0, 0, 0 ], 
                  [ 0, 0, 1, 1, 0, 1, -2, 1, 0, -1, 0, 0, 0, 0, 0, 0 ], [ 0, 0, -1, 0, -1, -1, 1, -2, 1, 1, 0, 0, 0, 0, 0, 0 ], 
                  [ 0, 0, 1, 0, 1, 1, 0, 1, -2, 0, 0, 0, 0, 0, 0, 0 ], [ 0, 0, 1, 1, 1, 1, -1, 1, 0, -2, 0, 0, 0, 0, 0, 0 ], 
                  [ 0, 0, 0, 0, 0, 0, 0, 0, 0, 0, -2, 1, -1, -1, 0, 0 ], [ 0, 0, 0, 0, 0, 0, 0, 0, 0, 0, 1, -4, 2, -1, 0, 0 ], 
                  [ 0, 0, 0, 0, 0, 0, 0, 0, 0, 0, -1, 2, -6, -1, 0, 0 ], [ 0, 0, 0, 0, 0, 0, 0, 0, 0, 0, -1, -1, -1, -8, 0, 0 ], 
                  [ 0, 1, 0, 0, 0, 0, 0, 0, 0, 0, 0, 0, 0, 0, 0, 0 ], [ 1, 0, 0, 0, 0, 0, 0, 0, 0, 0, 0, 0, 0, 0, 0, 0 ] ] ],
          method := "Nikulin uniqueness",
          spinorPrimes := [  ] ),
      ampleflag := true,
      basisdual := [ [ 1, 0, 0, 0, 0, 32 ], [ 0, 2, 0, 2, 0, 44 ], [ 0, 0, 1, 2, 0, 5 ], [ 0, 0, 0, 4, 0, 30 ], [ 0, 0, 0, 0, 1, 41 ], [ 0, 0, 0, 0, 0, 56 ] ],
      extdeg := 2,
      extgroupgens := [ [ 2, 0, 0, 0 ], [ 0, 1, 0, 0 ], [ 0, 0, 2, 0 ], [ 0, 0, 0, 112 ] ],
      h := [ 2, 1, 2, -1, 2, -3 ],
      rho := 6,
      sprats := rec(
          nopss := [ 3, 4 ],
          scons := [ [ [ 2, 0, 1, 0, 1, -2 ], [ 2, 2, 3, -2, 3, -4 ] ], [ [ 2, -1, 2, 0, 2, -2 ], [ 2, 3, 2, -2, 2, -4 ] ], [ [ 2, 1, 2, -2, 0, -1 ], [ 2, 1, 2, 0, 4, -5 ] ],
              [ [ 2, 1, 1, -1, -2, 0 ], [ 2, 1, 3, -1, 6, -6 ] ] ],
          slins := [ [ [ 1, 1, -1, 0, 1, -2 ], [ 1, 0, 3, -1, 1, -1 ] ], [ [ 1, 0, 0, 0, 2, -2 ], [ 1, 1, 2, -1, 0, -1 ] ], [ [ 1, 0, -1, 1, 0, -1 ], [ 1, 1, 3, -2, 2, -2 ] 
                 ] ] ) ), rec(
      Gram := [ [ -108, -44, -182, -90, -122, -336 ], [ -44, -22, -80, -42, -52, -144 ], [ -182, -80, -316, -160, -209, -576 ], [ -90, -42, -160, -84, -104, -288 ], 
          [ -122, -52, -209, -104, -140, -384 ], [ -336, -144, -576, -288, -384, -1056 ] ],
      Trec := rec(
          count := 1,
          grams := [ [ [ 0, 0, 0, 0, 0, 0, 0, 0, 0, 0, 0, 0, 0, 0, 0, 1 ], [ 0, 0, 0, 0, 0, 0, 0, 0, 0, 0, 0, 0, 0, 0, 1, 0 ], 
                  [ 0, 0, -2, -1, -1, 1, 1, 1, 1, -1, 0, 0, 0, 0, 0, 0 ], [ 0, 0, -1, -2, 0, 1, 1, 1, 1, -1, 0, 0, 0, 0, 0, 0 ], 
                  [ 0, 0, -1, 0, -2, 1, 0, 1, 1, -1, 0, 0, 0, 0, 0, 0 ], [ 0, 0, 1, 1, 1, -2, 0, -1, -1, 1, 0, 0, 0, 0, 0, 0 ], 
                  [ 0, 0, 1, 1, 0, 0, -2, -1, -1, 0, 0, 0, 0, 0, 0, 0 ], [ 0, 0, 1, 1, 1, -1, -1, -2, -1, 1, 0, 0, 0, 0, 0, 0 ], 
                  [ 0, 0, 1, 1, 1, -1, -1, -1, -2, 1, 0, 0, 0, 0, 0, 0 ], [ 0, 0, -1, -1, -1, 1, 0, 1, 1, -2, 0, 0, 0, 0, 0, 0 ], 
                  [ 0, 0, 0, 0, 0, 0, 0, 0, 0, 0, -4, -2, -2, -2, 0, 0 ], [ 0, 0, 0, 0, 0, 0, 0, 0, 0, 0, -2, -4, 0, 0, 0, 0 ], 
                  [ 0, 0, 0, 0, 0, 0, 0, 0, 0, 0, -2, 0, -10, 2, 0, 0 ], [ 0, 0, 0, 0, 0, 0, 0, 0, 0, 0, -2, 0, 2, -10, 0, 0 ], 
                  [ 0, 1, 0, 0, 0, 0, 0, 0, 0, 0, 0, 0, 0, 0, 0, 0 ], [ 1, 0, 0, 0, 0, 0, 0, 0, 0, 0, 0, 0, 0, 0, 0, 0 ] ] ],
          method := "Nikulin uniqueness",
          spinorPrimes := [  ] ),
      ampleflag := true,
      basisdual := [ [ 2, 0, 0, 0, 0, 16 ], [ 0, 2, 0, 2, 0, 8 ], [ 0, 0, 1, 2, 0, 27 ], [ 0, 0, 0, 4, 0, 14 ], [ 0, 0, 0, 0, 1, 17 ], [ 0, 0, 0, 0, 0, 48 ] ],
      extdeg := 1,
      extgroupgens := [ [ 2, 0, 0, 0 ], [ 0, 2, 0, 0 ], [ 0, 0, 2, 0 ], [ 0, 0, 0, 96 ] ],
      h := [ 1, 1, 2, -1, 2, -2 ],
      rho := 6,
      sprats := rec(
          nopss := [ 0, 7 ],
          scons := [ [ [ 1, 1, -2, 1, 1, 0 ], [ 1, 1, 6, -3, 3, -4 ] ], [ [ 1, -1, 2, 0, 2, -2 ], [ 1, 3, 2, -2, 2, -2 ] ], [ [ 1, 0, 3, -1, 1, -2 ], [ 1, 2, 1, -1, 3, -2 ] ]
                , [ [ 1, 0, 1, 0, 3, -2 ], [ 1, 2, 3, -2, 1, -2 ] ], [ [ 1, 1, 1, -1, -2, 0 ], [ 1, 1, 3, -1, 6, -4 ] ], [ [ 1, 1, 2, -2, 0, -1 ], [ 1, 1, 2, 0, 4, -3 ] ], 
              [ [ 1, 1, 1, 0, 0, -1 ], [ 1, 1, 3, -2, 4, -3 ] ] ],
          slins := [  ] ) ), rec(
      Gram := [ [ -58, -217, -298, -436, -321, -505 ], [ -217, -830, -1134, -1658, -1221, -1919 ], [ -298, -1134, -1552, -2268, -1671, -2626 ], 
          [ -436, -1658, -2268, -3316, -2442, -3838 ], [ -321, -1221, -1671, -2442, -1800, -2828 ], [ -505, -1919, -2626, -3838, -2828, -4444 ] ],
      Trec := rec(
          count := 1,
          grams := [ [ [ 0, 0, 0, 0, 0, 0, 0, 0, 0, 0, 0, 0, 0, 0, 0, 1 ], [ 0, -2, -1, -1, -1, 1, -1, -1, 1, 0, 0, 0, 0, 0, 0, 0 ], 
                  [ 0, -1, -2, 0, 0, 1, -1, -1, 1, 0, 0, 0, 0, 0, 0, 0 ], [ 0, -1, 0, -2, 0, 0, -1, -1, 1, 0, 0, 0, 0, 0, 0, 0 ], 
                  [ 0, -1, 0, 0, -2, 0, 0, 0, 0, 0, 0, 0, 0, 0, 0, 0 ], [ 0, 1, 1, 0, 0, -2, 1, 1, -1, 0, 0, 0, 0, 0, 0, 0 ], 
                  [ 0, -1, -1, -1, 0, 1, -2, -1, 1, 0, 0, 0, 0, 0, 0, 0 ], [ 0, -1, -1, -1, 0, 1, -1, -2, 1, 0, 0, 0, 0, 0, 0, 0 ], 
                  [ 0, 1, 1, 1, 0, -1, 1, 1, -2, 0, 0, 0, 0, 0, 0, 0 ], [ 0, 0, 0, 0, 0, 0, 0, 0, 0, -2, 1, -1, 0, 0, 0, 0 ], 
                  [ 0, 0, 0, 0, 0, 0, 0, 0, 0, 1, -2, 0, 0, 0, 0, 0 ], [ 0, 0, 0, 0, 0, 0, 0, 0, 0, -1, 0, -2, 0, 0, 0, 0 ], 
                  [ 0, 0, 0, 0, 0, 0, 0, 0, 0, 0, 0, 0, -2, 0, 1, 0 ], [ 0, 0, 0, 0, 0, 0, 0, 0, 0, 0, 0, 0, 0, -2, 0, 0 ], 
                  [ 0, 0, 0, 0, 0, 0, 0, 0, 0, 0, 0, 0, 1, 0, 50, 0 ], [ 1, 0, 0, 0, 0, 0, 0, 0, 0, 0, 0, 0, 0, 0, 0, 0 ] ] ],
          method := "Nikulin uniqueness",
          spinorPrimes := [  ] ),
      ampleflag := true,
      basisdual := [ [ 2, 0, 0, 1, 0, 12 ], [ 0, 2, 0, 1, 0, 45 ], [ 0, 0, 1, 0, 0, 60 ], [ 0, 0, 0, 2, 0, 88 ], [ 0, 0, 0, 0, 1, 64 ], [ 0, 0, 0, 0, 0, 101 ] ],
      extdeg := 1,
      extgroupgens := [ [ 2, 0 ], [ 0, 404 ] ],
      h := [ 1, 1, 2, 0, 2, -3 ],
      rho := 6,
      sprats := rec(
          nopss := [ 0, 7 ],
          scons := [ [ [ 1, 1, 1, -1, -2, 1 ], [ 1, 1, 3, 1, 6, -7 ] ], [ [ 1, 1, 2, -2, 0, 0 ], [ 1, 1, 2, 2, 4, -6 ] ], [ [ 1, -1, 2, 1, 2, -3 ], [ 1, 3, 2, -1, 2, -3 ] ], 
              [ [ 1, 0, 1, 0, 2, -2 ], [ 1, 2, 3, 0, 2, -4 ] ], [ [ 1, 0, 3, 1, 2, -4 ], [ 1, 2, 1, -1, 2, -2 ] ], [ [ 1, 1, 1, 1, 0, -2 ], [ 1, 1, 3, -1, 4, -4 ] ], 
              [ [ 1, 1, 6, 0, 3, -6 ], [ 1, 1, -2, 0, 1, 0 ] ] ],
          slins := [  ] ) ), rec(
      Gram := [ [ -122, -155, -173, -312, -69, -763 ], [ -155, -202, -223, -402, -89, -981 ], [ -173, -223, -248, -446, -99, -1090 ], [ -312, -402, -446, -804, -178, -1962 ],
          [ -69, -89, -99, -178, -40, -436 ], [ -763, -981, -1090, -1962, -436, -4796 ] ],
      Trec := rec(
          count := 1,
          grams := [ [ [ 0, 0, 0, 0, 0, 0, 0, 0, 0, 0, 0, 0, 0, 0, 0, 1 ], [ 0, -2, -1, -1, -1, 1, 1, -1, 1, 0, 0, 0, 0, 0, 0, 0 ], 
                  [ 0, -1, -2, 0, -1, 1, 1, 0, 1, 0, 0, 0, 0, 0, 0, 0 ], [ 0, -1, 0, -2, -1, 0, 1, -1, 1, 0, 0, 0, 0, 0, 0, 0 ], 
                  [ 0, -1, -1, -1, -2, 0, 1, 0, 1, 0, 0, 0, 0, 0, 0, 0 ], [ 0, 1, 1, 0, 0, -2, 0, 0, -1, 0, 0, 0, 0, 0, 0, 0 ], 
                  [ 0, 1, 1, 1, 1, 0, -2, 1, -1, 0, 0, 0, 0, 0, 0, 0 ], [ 0, -1, 0, -1, 0, 0, 1, -2, 0, 0, 0, 0, 0, 0, 0, 0 ], 
                  [ 0, 1, 1, 1, 1, -1, -1, 0, -2, 0, 0, 0, 0, 0, 0, 0 ], [ 0, 0, 0, 0, 0, 0, 0, 0, 0, -2, 1, -1, 0, 0, 0, 0 ], 
                  [ 0, 0, 0, 0, 0, 0, 0, 0, 0, 1, -2, 0, 0, 0, 0, 0 ], [ 0, 0, 0, 0, 0, 0, 0, 0, 0, -1, 0, -2, 0, 0, 0, 0 ], 
                  [ 0, 0, 0, 0, 0, 0, 0, 0, 0, 0, 0, 0, -2, 0, 1, 0 ], [ 0, 0, 0, 0, 0, 0, 0, 0, 0, 0, 0, 0, 0, -2, 0, 0 ], 
                  [ 0, 0, 0, 0, 0, 0, 0, 0, 0, 0, 0, 0, 1, 0, 54, 0 ], [ 1, 0, 0, 0, 0, 0, 0, 0, 0, 0, 0, 0, 0, 0, 0, 0 ] ] ],
          method := "Nikulin uniqueness",
          spinorPrimes := [  ] ),
      ampleflag := true,
      basisdual := [ [ 2, 0, 0, 1, 0, 18 ], [ 0, 2, 0, 1, 0, 23 ], [ 0, 0, 1, 0, 0, 25 ], [ 0, 0, 0, 2, 0, 44 ], [ 0, 0, 0, 0, 1, 10 ], [ 0, 0, 0, 0, 0, 109 ] ],
      extdeg := 1,
      extgroupgens := [ [ 2, 0 ], [ 0, 436 ] ],
      h := [ 1, 1, 2, 0, 2, -1 ],
      rho := 6,
      sprats := rec(
          nopss := [ 0, 7 ],
          scons := [ [ [ 1, 1, 6, 0, 3, -2 ], [ 1, 1, -2, 0, 1, 0 ] ], [ [ 1, -1, 2, 1, 2, -1 ], [ 1, 3, 2, -1, 2, -1 ] ], [ [ 1, 0, 3, 0, 2, -1 ], [ 1, 2, 1, 0, 2, -1 ] ], 
              [ [ 1, 0, 1, 1, 2, -1 ], [ 1, 2, 3, -1, 2, -1 ] ], [ [ 1, 1, 2, -2, 0, 0 ], [ 1, 1, 2, 2, 4, -2 ] ], [ [ 1, 1, 1, -1, -2, 0 ], [ 1, 1, 3, 1, 6, -2 ] ], 
              [ [ 1, 1, 3, -1, 4, -1 ], [ 1, 1, 1, 1, 0, -1 ] ] ],
          slins := [  ] ) ), rec(
      Gram := [ [ -612, -785, -873, -291, -349, -1281 ], [ -785, -1012, -1123, -375, -449, -1647 ], [ -873, -1123, -1248, -416, -499, -1830 ], 
          [ -291, -375, -416, -140, -166, -610 ], [ -349, -449, -499, -166, -200, -732 ], [ -1281, -1647, -1830, -610, -732, -2684 ] ],
      Trec := rec(
          count := 1,
          grams := [ [ [ 0, 0, 0, 0, 0, 0, 0, 0, 0, 0, 0, 0, 0, 0, 0, 1 ], [ 0, -2, -1, -1, 1, 1, 1, 1, 1, 0, 0, 0, 0, 0, 0, 0 ], 
                  [ 0, -1, -2, 0, 1, 1, 1, 0, 1, 0, 0, 0, 0, 0, 0, 0 ], [ 0, -1, 0, -2, 1, 0, 1, 0, 1, 0, 0, 0, 0, 0, 0, 0 ], 
                  [ 0, 1, 1, 1, -2, -1, -1, 0, -1, 0, 0, 0, 0, 0, 0, 0 ], [ 0, 1, 1, 0, -1, -2, 0, 0, -1, 0, 0, 0, 0, 0, 0, 0 ], 
                  [ 0, 1, 1, 1, -1, 0, -2, 0, -1, 0, 0, 0, 0, 0, 0, 0 ], [ 0, 1, 0, 0, 0, 0, 0, -2, 0, 0, 0, 0, 0, 0, 0, 0 ], 
                  [ 0, 1, 1, 1, -1, -1, -1, 0, -2, 0, 0, 0, 0, 0, 0, 0 ], [ 0, 0, 0, 0, 0, 0, 0, 0, 0, -2, 1, -1, 0, 0, 0, 0 ], 
                  [ 0, 0, 0, 0, 0, 0, 0, 0, 0, 1, -2, 0, 0, 0, 0, 0 ], [ 0, 0, 0, 0, 0, 0, 0, 0, 0, -1, 0, -2, 0, 0, 0, 0 ], 
                  [ 0, 0, 0, 0, 0, 0, 0, 0, 0, 0, 0, 0, -2, 0, 1, 0 ], [ 0, 0, 0, 0, 0, 0, 0, 0, 0, 0, 0, 0, 0, -2, 0, 0 ], 
                  [ 0, 0, 0, 0, 0, 0, 0, 0, 0, 0, 0, 0, 1, 0, 30, 0 ], [ 1, 0, 0, 0, 0, 0, 0, 0, 0, 0, 0, 0, 0, 0, 0, 0 ] ] ],
          method := "Nikulin uniqueness",
          spinorPrimes := [  ] ),
      ampleflag := true,
      basisdual := [ [ 2, 0, 0, 1, 0, 30 ], [ 0, 2, 0, 1, 0, 39 ], [ 0, 0, 1, 0, 0, 42 ], [ 0, 0, 0, 2, 0, 15 ], [ 0, 0, 0, 0, 1, 16 ], [ 0, 0, 0, 0, 0, 61 ] ],
      extdeg := 1,
      extgroupgens := [ [ 2, 0 ], [ 0, 244 ] ],
      h := [ 1, 1, 2, 0, 2, -3 ],
      rho := 6,
      sprats := rec(
          nopss := [ 0, 11 ],
          scons := [ [ [ 1, 1, 3, 1, 6, -5 ], [ 1, 1, 1, -1, -2, -1 ] ], [ [ 1, 1, 2, 2, 4, -4 ], [ 1, 1, 2, -2, 0, -2 ] ], [ [ 1, 0, 0, 0, 2, -1 ], [ 1, 2, 4, 0, 2, -5 ] ], 
              [ [ 1, 1, -2, 0, 1, 0 ], [ 1, 1, 6, 0, 3, -6 ] ], [ [ 1, 2, 0, -1, 2, -2 ], [ 1, 0, 4, 1, 2, -4 ] ], [ [ 1, 0, 1, 0, 3, -2 ], [ 1, 2, 3, 0, 1, -4 ] ], 
              [ [ 1, -1, 2, 1, 2, -2 ], [ 1, 3, 2, -1, 2, -4 ] ], [ [ 1, 0, 0, 1, 1, -1 ], [ 1, 2, 4, -1, 3, -5 ] ], [ [ 1, 1, 3, -1, 4, -4 ], [ 1, 1, 1, 1, 0, -2 ] ], 
              [ [ 1, 0, 4, 0, 3, -4 ], [ 1, 2, 0, 0, 1, -2 ] ], [ [ 1, 2, 1, -1, 3, -3 ], [ 1, 0, 3, 1, 1, -3 ] ] ],
          slins := [  ] ) ), rec(
      Gram := [ [ -2, 14, 14, 6, 10, 26 ], [ 14, -144, -156, -78, -104, -286 ], [ 14, -156, -172, -88, -113, -312 ], [ 6, -78, -88, -48, -56, -156 ], 
          [ 10, -104, -113, -56, -76, -208 ], [ 26, -286, -312, -156, -208, -572 ] ],
      Trec := rec(
          count := 1,
          grams := [ [ [ 0, 0, 0, 0, 0, 0, 0, 0, 0, 0, 0, 0, 0, 0, 0, 2 ], [ 0, -2, 1, 1, 1, 1, -1, -1, -1, 0, 0, 0, 0, 0, 0, 0 ], 
                  [ 0, 1, -2, -1, -1, -1, 1, 0, 1, 0, 0, 0, 0, 0, 0, 0 ], [ 0, 1, -1, -2, 0, -1, 1, 0, 1, 0, 0, 0, 0, 0, 0, 0 ], 
                  [ 0, 1, -1, 0, -2, -1, 0, 1, 0, 0, 0, 0, 0, 0, 0, 0 ], [ 0, 1, -1, -1, -1, -2, 1, 1, 0, 0, 0, 0, 0, 0, 0, 0 ], 
                  [ 0, -1, 1, 1, 0, 1, -2, 0, -1, 0, 0, 0, 0, 0, 0, 0 ], [ 0, -1, 0, 0, 1, 1, 0, -2, 0, 0, 0, 0, 0, 0, 0, 0 ], 
                  [ 0, -1, 1, 1, 0, 0, -1, 0, -2, 0, 0, 0, 0, 0, 0, 0 ], [ 0, 0, 0, 0, 0, 0, 0, 0, 0, 2, 0, -1, 1, 1, 1, 0 ], 
                  [ 0, 0, 0, 0, 0, 0, 0, 0, 0, 0, -2, 1, -1, 0, 1, 0 ], [ 0, 0, 0, 0, 0, 0, 0, 0, 0, -1, 1, -2, 0, -1, 0, 0 ], 
                  [ 0, 0, 0, 0, 0, 0, 0, 0, 0, 1, -1, 0, -2, 1, 2, 0 ], [ 0, 0, 0, 0, 0, 0, 0, 0, 0, 1, 0, -1, 1, -2, 1, 0 ], 
                  [ 0, 0, 0, 0, 0, 0, 0, 0, 0, 1, 1, 0, 2, 1, -4, 0 ], [ 2, 0, 0, 0, 0, 0, 0, 0, 0, 0, 0, 0, 0, 0, 0, 0 ] ] ],
          method := "Nikulin uniqueness",
          spinorPrimes := [  ] ),
      ampleflag := true,
      basisdual := [ [ 2, 0, 0, 2, 0, 0 ], [ 0, 2, 0, 0, 0, 14 ], [ 0, 0, 1, 2, 0, 16 ], [ 0, 0, 0, 4, 0, 10 ], [ 0, 0, 0, 0, 1, 9 ], [ 0, 0, 0, 0, 0, 26 ] ],
      extdeg := 1,
      extgroupgens := [ [ 2, 0, 0, 0 ], [ 0, 2, 0, 0 ], [ 0, 0, 2, 0 ], [ 0, 0, 0, 52 ] ],
      h := [ 1, 1, 2, -1, 2, -2 ],
      rho := 6,
      sprats := rec(
          nopss := [ 0, 13 ],
          scons := [ [ [ 1, 0, 1, -1, 2, -1 ], [ 1, 2, 3, -1, 2, -3 ] ], [ [ 1, 1, 2, -2, 0, -1 ], [ 1, 1, 2, 0, 4, -3 ] ], [ [ 1, 1, 3, -2, 4, -3 ], [ 1, 1, 1, 0, 0, -1 ] ],
              [ [ 1, 2, 1, -1, 2, -2 ], [ 1, 0, 3, -1, 2, -2 ] ], [ [ 1, -1, 2, -1, 2, -1 ], [ 1, 3, 2, -1, 2, -3 ] ], [ [ 1, 0, 0, 0, 0, 0 ], [ 1, 2, 4, -2, 4, -4 ] ], 
              [ [ 1, 0, 1, 0, 4, -2 ], [ 1, 2, 3, -2, 0, -2 ] ], [ [ 1, 0, 4, -2, 1, -2 ], [ 1, 2, 0, 0, 3, -2 ] ], [ [ 1, 0, 0, 0, 3, -1 ], [ 1, 2, 4, -2, 1, -3 ] ], 
              [ [ 1, 0, 3, -2, 0, -1 ], [ 1, 2, 1, 0, 4, -3 ] ], [ [ 1, 0, 4, -2, 4, -3 ], [ 1, 2, 0, 0, 0, -1 ] ], [ [ 1, 1, -2, 1, 1, 0 ], [ 1, 1, 6, -3, 3, -4 ] ], 
              [ [ 1, 1, 1, -1, -2, 0 ], [ 1, 1, 3, -1, 6, -4 ] ] ],
          slins := [  ] ) ), rec(
      Gram := [ [ -500, -322, -470, -236, -528, -646 ], [ -322, -210, -304, -152, -342, -418 ], [ -470, -304, -444, -224, -497, -608 ], [ -236, -152, -224, -116, -248, -304 ]
            , [ -528, -342, -497, -248, -560, -684 ], [ -646, -418, -608, -304, -684, -836 ] ],
      Trec := rec(
          count := 1,
          grams := [ [ [ -2, 1, 1, 1, -1, 1, -1, 1, 0, 0, 0, 0, 0, 0, 0, 0 ], [ 1, -2, -1, -1, 0, -1, 0, -1, 0, 0, 0, 0, 0, 0, 0, 0 ], 
                  [ 1, -1, -2, 0, 0, 0, 1, -1, 0, 0, 0, 0, 0, 0, 0, 0 ], [ 1, -1, 0, -2, 1, -1, 0, -1, 0, 0, 0, 0, 0, 0, 0, 0 ], 
                  [ -1, 0, 0, 1, -2, 1, 0, 1, 0, 0, 0, 0, 0, 0, 0, 0 ], [ 1, -1, 0, -1, 1, -2, 0, -1, 0, 0, 0, 0, 0, 0, 0, 0 ], 
                  [ -1, 0, 1, 0, 0, 0, -2, 0, 0, 0, 0, 0, 0, 0, 0, 0 ], [ 1, -1, -1, -1, 1, -1, 0, -2, 0, 0, 0, 0, 0, 0, 0, 0 ], 
                  [ 0, 0, 0, 0, 0, 0, 0, 0, -2, -1, 0, 0, 0, -1, 1, 0 ], [ 0, 0, 0, 0, 0, 0, 0, 0, -1, -2, 0, 0, 0, -1, 1, 0 ], 
                  [ 0, 0, 0, 0, 0, 0, 0, 0, 0, 0, 2, 0, 0, 0, 0, 0 ], [ 0, 0, 0, 0, 0, 0, 0, 0, 0, 0, 0, -2, 0, -1, -1, -1 ], 
                  [ 0, 0, 0, 0, 0, 0, 0, 0, 0, 0, 0, 0, -2, -1, -1, -1 ], [ 0, 0, 0, 0, 0, 0, 0, 0, -1, -1, 0, -1, -1, -4, 0, -1 ], 
                  [ 0, 0, 0, 0, 0, 0, 0, 0, 1, 1, 0, -1, -1, 0, -4, 1 ], [ 0, 0, 0, 0, 0, 0, 0, 0, 0, 0, 0, -1, -1, -1, 1, 2 ] ] ],
          method := "Nikulin uniqueness",
          spinorPrimes := [  ] ),
      ampleflag := true,
      basisdual := [ [ 2, 0, 0, 2, 0, 30 ], [ 0, 2, 0, 0, 0, 20 ], [ 0, 0, 1, 2, 0, 29 ], [ 0, 0, 0, 4, 0, 16 ], [ 0, 0, 0, 0, 1, 31 ], [ 0, 0, 0, 0, 0, 38 ] ],
      extdeg := 1,
      extgroupgens := [ [ 2, 0, 0, 0 ], [ 0, 2, 0, 0 ], [ 0, 0, 2, 0 ], [ 0, 0, 0, 76 ] ],
      h := [ 1, 1, 2, -1, 2, -4 ],
      rho := 6,
      sprats := rec(
          nopss := [ 0, 9 ],
          scons := [ [ [ 1, 1, -2, 1, 1, -1 ], [ 1, 1, 6, -3, 3, -7 ] ], [ [ 1, 1, 1, -1, -2, 0 ], [ 1, 1, 3, -1, 6, -8 ] ], [ [ 1, 1, 1, 0, 0, -2 ], [ 1, 1, 3, -2, 4, -6 ] ]
                , [ [ 1, 0, 3, -2, 1, -3 ], [ 1, 2, 1, 0, 3, -5 ] ], [ [ 1, 0, 3, -1, 3, -5 ], [ 1, 2, 1, -1, 1, -3 ] ], [ [ 1, -1, 2, -1, 2, -3 ], [ 1, 3, 2, -1, 2, -5 ] ], 
              [ [ 1, 2, 3, -2, 1, -4 ], [ 1, 0, 1, 0, 3, -4 ] ], [ [ 1, 1, 2, -2, 0, -2 ], [ 1, 1, 2, 0, 4, -6 ] ], [ [ 1, 2, 3, -1, 3, -6 ], [ 1, 0, 1, -1, 1, -2 ] ] ],
          slins := [  ] ) ), rec(
      Gram := [ [ -6, -28, -43, -24, -46, -57 ], [ -28, -210, -304, -152, -342, -418 ], [ -43, -304, -444, -224, -497, -608 ], [ -24, -152, -224, -116, -248, -304 ], 
          [ -46, -342, -497, -248, -560, -684 ], [ -57, -418, -608, -304, -684, -836 ] ],
      Trec := rec(
          count := 1,
          grams := [ [ [ -2, 1, 1, 1, -1, 1, -1, 1, 0, 0, 0, 0, 0, 0, 0, 0 ], [ 1, -2, -1, -1, 0, -1, 0, -1, 0, 0, 0, 0, 0, 0, 0, 0 ], 
                  [ 1, -1, -2, 0, 0, 0, 1, -1, 0, 0, 0, 0, 0, 0, 0, 0 ], [ 1, -1, 0, -2, 1, -1, 0, -1, 0, 0, 0, 0, 0, 0, 0, 0 ], 
                  [ -1, 0, 0, 1, -2, 1, 0, 1, 0, 0, 0, 0, 0, 0, 0, 0 ], [ 1, -1, 0, -1, 1, -2, 0, -1, 0, 0, 0, 0, 0, 0, 0, 0 ], 
                  [ -1, 0, 1, 0, 0, 0, -2, 0, 0, 0, 0, 0, 0, 0, 0, 0 ], [ 1, -1, -1, -1, 1, -1, 0, -2, 0, 0, 0, 0, 0, 0, 0, 0 ], 
                  [ 0, 0, 0, 0, 0, 0, 0, 0, -2, 1, 1, 0, 0, 0, 0, -1 ], [ 0, 0, 0, 0, 0, 0, 0, 0, 1, -2, 0, 0, 0, 0, 0, 0 ], 
                  [ 0, 0, 0, 0, 0, 0, 0, 0, 1, 0, -2, 0, 0, 0, 0, 1 ], [ 0, 0, 0, 0, 0, 0, 0, 0, 0, 0, 0, 2, 0, 0, 0, 0 ], [ 0, 0, 0, 0, 0, 0, 0, 0, 0, 0, 0, 0, -2, -1, 1, 0 
                     ], [ 0, 0, 0, 0, 0, 0, 0, 0, 0, 0, 0, 0, -1, -2, 0, 1 ], [ 0, 0, 0, 0, 0, 0, 0, 0, 0, 0, 0, 0, 1, 0, -2, -1 ], 
                  [ 0, 0, 0, 0, 0, 0, 0, 0, -1, 0, 1, 0, 0, 1, -1, 2 ] ] ],
          method := "Nikulin uniqueness",
          spinorPrimes := [  ] ),
      ampleflag := true,
      basisdual := [ [ 1, 0, 0, 3, 0, 4 ], [ 0, 2, 0, 0, 0, 20 ], [ 0, 0, 1, 2, 0, 29 ], [ 0, 0, 0, 4, 0, 16 ], [ 0, 0, 0, 0, 1, 31 ], [ 0, 0, 0, 0, 0, 38 ] ],
      extdeg := 2,
      extgroupgens := [ [ 2, 0, 0, 0 ], [ 0, 1, 0, 38 ], [ 0, 0, 2, 0 ], [ 0, 0, 0, 76 ] ],
      h := [ 2, 1, 2, -2, 2, -3 ],
      rho := 6,
      sprats := rec(
          nopss := [ 4, 3 ],
          scons := [ [ [ 2, 0, 3, -3, 1, -2 ], [ 2, 2, 1, -1, 3, -4 ] ], [ [ 2, 0, 3, -2, 3, -4 ], [ 2, 2, 1, -2, 1, -2 ] ], 
              [ [ 2, -1, 2, -2, 2, -2 ], [ 2, 3, 2, -2, 2, -4 ] ] ],
          slins := [ [ [ 1, 1, -1, 0, -1, 1 ], [ 1, 0, 3, -2, 3, -4 ] ], [ [ 1, 1, 0, -1, 1, -1 ], [ 1, 0, 2, -1, 1, -2 ] ], [ [ 1, 1, 0, 0, 3, -3 ], [ 1, 0, 2, -2, -1, 0 ] ]
                , [ [ 1, 0, -1, 0, 2, -1 ], [ 1, 1, 3, -2, 0, -2 ] ] ] ) ), rec(
      Gram := [ [ -18, -62, -46, -24, -114, -126 ], [ -62, -232, -168, -84, -420, -462 ], [ -46, -168, -124, -64, -305, -336 ], [ -24, -84, -64, -36, -152, -168 ], 
          [ -114, -420, -305, -152, -764, -840 ], [ -126, -462, -336, -168, -840, -924 ] ],
      Trec := rec(
          count := 1,
          grams := [ [ [ 0, 0, 0, 0, 0, 0, 0, 0, 0, 0, 0, 0, 0, 0, 0, 2 ], [ 0, -2, -1, -1, -1, 1, 1, -1, 1, 0, 0, 0, 0, 0, 0, 0 ], 
                  [ 0, -1, -2, 0, 0, 1, 1, -1, 1, 0, 0, 0, 0, 0, 0, 0 ], [ 0, -1, 0, -2, 0, 0, 1, -1, 1, 0, 0, 0, 0, 0, 0, 0 ], 
                  [ 0, -1, 0, 0, -2, 0, 0, 0, 0, 0, 0, 0, 0, 0, 0, 0 ], [ 0, 1, 1, 0, 0, -2, 0, 1, -1, 0, 0, 0, 0, 0, 0, 0 ], 
                  [ 0, 1, 1, 1, 0, 0, -2, 1, -1, 0, 0, 0, 0, 0, 0, 0 ], [ 0, -1, -1, -1, 0, 1, 1, -2, 1, 0, 0, 0, 0, 0, 0, 0 ], 
                  [ 0, 1, 1, 1, 0, -1, -1, 1, -2, 0, 0, 0, 0, 0, 0, 0 ], [ 0, 0, 0, 0, 0, 0, 0, 0, 0, -2, 1, -1, 0, 0, 0, 0 ], 
                  [ 0, 0, 0, 0, 0, 0, 0, 0, 0, 1, -2, 0, 0, 0, 0, 0 ], [ 0, 0, 0, 0, 0, 0, 0, 0, 0, -1, 0, -2, 0, 0, 0, 0 ], 
                  [ 0, 0, 0, 0, 0, 0, 0, 0, 0, 0, 0, 0, -2, 0, 1, 0 ], [ 0, 0, 0, 0, 0, 0, 0, 0, 0, 0, 0, 0, 0, -2, 0, 0 ], 
                  [ 0, 0, 0, 0, 0, 0, 0, 0, 0, 0, 0, 0, 1, 0, 10, 0 ], [ 2, 0, 0, 0, 0, 0, 0, 0, 0, 0, 0, 0, 0, 0, 0, 0 ] ] ],
          method := "Nikulin uniqueness",
          spinorPrimes := [  ] ),
      ampleflag := true,
      basisdual := [ [ 2, 0, 0, 2, 0, 6 ], [ 0, 2, 0, 0, 0, 22 ], [ 0, 0, 1, 2, 0, 16 ], [ 0, 0, 0, 4, 0, 8 ], [ 0, 0, 0, 0, 1, 38 ], [ 0, 0, 0, 0, 0, 42 ] ],
      extdeg := 1,
      extgroupgens := [ [ 2, 0, 0, 0 ], [ 0, 2, 0, 0 ], [ 0, 0, 2, 0 ], [ 0, 0, 0, 84 ] ],
      h := [ 1, 1, 2, -1, 2, -3 ],
      rho := 6,
      sprats := rec(
          nopss := [ 0, 9 ],
          scons := [ [ [ 1, 1, 2, -2, 0, -1 ], [ 1, 1, 2, 0, 4, -5 ] ], [ [ 1, 1, 1, -1, -2, 1 ], [ 1, 1, 3, -1, 6, -7 ] ], [ [ 1, 1, 3, -2, 4, -5 ], [ 1, 1, 1, 0, 0, -1 ] ],
              [ [ 1, 0, 0, 0, 1, -1 ], [ 1, 2, 4, -2, 3, -5 ] ], [ [ 1, 0, 4, -2, 2, -3 ], [ 1, 2, 0, 0, 2, -3 ] ], [ [ 1, -1, 2, -1, 2, -2 ], [ 1, 3, 2, -1, 2, -4 ] ], 
              [ [ 1, 2, 0, 0, 1, -2 ], [ 1, 0, 4, -2, 3, -4 ] ], [ [ 1, 1, -2, 1, 1, -1 ], [ 1, 1, 6, -3, 3, -5 ] ], [ [ 1, 2, 4, -2, 2, -4 ], [ 1, 0, 0, 0, 2, -2 ] ] ],
          slins := [  ] ) ), rec(
      Gram := [ [ -2, -4, -3, -3, 0, -7 ], [ -4, -28, -16, -11, -22, -21 ], [ -3, -16, -10, -7, -11, -14 ], [ -3, -11, -7, -8, 0, -14 ], [ 0, -22, -11, 0, -44, 0 ], 
          [ -7, -21, -14, -14, 0, -28 ] ],
      Trec := rec(
          count := 1,
          grams := [ [ [ 0, 0, 0, 0, 0, 0, 0, 0, 0, 0, 0, 0, 0, 0, 0, 1 ], [ 0, -2, -1, -1, -1, 1, -1, -1, 1, 0, 0, 0, 0, 0, 0, 0 ], 
                  [ 0, -1, -2, 0, 0, 1, -1, -1, 1, 0, 0, 0, 0, 0, 0, 0 ], [ 0, -1, 0, -2, 0, 0, -1, -1, 1, 0, 0, 0, 0, 0, 0, 0 ], 
                  [ 0, -1, 0, 0, -2, 0, 0, 0, 0, 0, 0, 0, 0, 0, 0, 0 ], [ 0, 1, 1, 0, 0, -2, 1, 1, -1, 0, 0, 0, 0, 0, 0, 0 ], 
                  [ 0, -1, -1, -1, 0, 1, -2, -1, 1, 0, 0, 0, 0, 0, 0, 0 ], [ 0, -1, -1, -1, 0, 1, -1, -2, 1, 0, 0, 0, 0, 0, 0, 0 ], 
                  [ 0, 1, 1, 1, 0, -1, 1, 1, -2, 0, 0, 0, 0, 0, 0, 0 ], [ 0, 0, 0, 0, 0, 0, 0, 0, 0, -2, 1, 1, 0, 0, 0, 0 ], 
                  [ 0, 0, 0, 0, 0, 0, 0, 0, 0, 1, -2, 0, 0, 0, 0, 0 ], [ 0, 0, 0, 0, 0, 0, 0, 0, 0, 1, 0, -2, 0, 0, 0, 0 ], [ 0, 0, 0, 0, 0, 0, 0, 0, 0, 0, 0, 0, -2, 0, 1, 0 
                     ], [ 0, 0, 0, 0, 0, 0, 0, 0, 0, 0, 0, 0, 0, -2, 0, 0 ], [ 0, 0, 0, 0, 0, 0, 0, 0, 0, 0, 0, 0, 1, 0, 38, 0 ], 
                  [ 1, 0, 0, 0, 0, 0, 0, 0, 0, 0, 0, 0, 0, 0, 0, 0 ] ] ],
          method := "Nikulin uniqueness",
          spinorPrimes := [  ] ),
      ampleflag := true,
      basisdual := [ [ 2, 0, 0, 1, 1, 2 ], [ 0, 2, 0, 1, 6, 6 ], [ 0, 0, 1, 0, 3, 4 ], [ 0, 0, 0, 2, 1, 3 ], [ 0, 0, 0, 0, 11, 0 ], [ 0, 0, 0, 0, 0, 7 ] ],
      extdeg := 1,
      extgroupgens := [ [ 2, 0 ], [ 0, 308 ] ],
      h := [ 1, 1, 2, 0, -1, -2 ],
      rho := 6,
      sprats := rec(
          nopss := [ 0, 9 ],
          scons := [ [ [ 1, 1, 1, 1, -1, -2 ], [ 1, 1, 3, -1, -1, -2 ] ], [ [ 1, 1, 1, -1, -1, -1 ], [ 1, 1, 3, 1, -1, -3 ] ], 
              [ [ 1, 1, 2, 2, -1, -3 ], [ 1, 1, 2, -2, -1, -1 ] ], [ [ 1, 0, 4, 0, -1, -2 ], [ 1, 2, 0, 0, -1, -2 ] ], 
              [ [ 1, -1, 2, 1, 0, -1 ], [ 1, 3, 2, -1, -2, -3 ] ], [ [ 1, 0, 0, 0, 0, 0 ], [ 1, 2, 4, 0, -2, -4 ] ], [ [ 1, 1, 6, 0, -2, -4 ], [ 1, 1, -2, 0, 0, 0 ] ], 
              [ [ 1, 0, 4, 1, -1, -3 ], [ 1, 2, 0, -1, -1, -1 ] ], [ [ 1, 2, 4, -1, -2, -3 ], [ 1, 0, 0, 1, 0, -1 ] ] ],
          slins := [  ] ) ), rec(
      Gram := [ [ -2, 2, 0, -4, 4, 6 ], [ 2, -4, -2, 0, -2, -6 ], [ 0, -2, -4, -4, 2, 0 ], [ -4, 0, -4, -12, 8, 12 ], [ 4, -2, 2, 8, -8, -12 ], [ 6, -6, 0, 12, -12, -24 ] ],
      Trec := rec(
          count := 1,
          grams := [ [ [ 0, 0, 0, 0, 0, 0, 0, 0, 0, 0, 0, 0, 0, 0, 0, 2 ], [ 0, -2, 1, 1, 1, 1, -1, 1, 1, 0, 0, 0, 0, 0, 0, 0 ], 
                  [ 0, 1, -2, -1, -1, -1, 0, -1, -1, 0, 0, 0, 0, 0, 0, 0 ], [ 0, 1, -1, -2, 0, -1, 0, -1, -1, 0, 0, 0, 0, 0, 0, 0 ], 
                  [ 0, 1, -1, 0, -2, -1, 1, 0, 0, 0, 0, 0, 0, 0, 0, 0 ], [ 0, 1, -1, -1, -1, -2, 0, 0, -1, 0, 0, 0, 0, 0, 0, 0 ], 
                  [ 0, -1, 0, 0, 1, 0, -2, 0, 0, 0, 0, 0, 0, 0, 0, 0 ], [ 0, 1, -1, -1, 0, 0, 0, -2, -1, 0, 0, 0, 0, 0, 0, 0 ], 
                  [ 0, 1, -1, -1, 0, -1, 0, -1, -2, 0, 0, 0, 0, 0, 0, 0 ], [ 0, 0, 0, 0, 0, 0, 0, 0, 0, -2, -1, 1, -1, 0, 0, 0 ], 
                  [ 0, 0, 0, 0, 0, 0, 0, 0, 0, -1, -2, 1, 0, 0, 0, 0 ], [ 0, 0, 0, 0, 0, 0, 0, 0, 0, 1, 1, -2, 1, 0, 0, 0 ], 
                  [ 0, 0, 0, 0, 0, 0, 0, 0, 0, -1, 0, 1, -2, 0, 2, 0 ], [ 0, 0, 0, 0, 0, 0, 0, 0, 0, 0, 0, 0, 0, -4, 0, 0 ], 
                  [ 0, 0, 0, 0, 0, 0, 0, 0, 0, 0, 0, 0, 2, 0, 2, 0 ], [ 2, 0, 0, 0, 0, 0, 0, 0, 0, 0, 0, 0, 0, 0, 0, 0 ] ] ],
          method := "Nikulin uniqueness",
          spinorPrimes := [  ] ),
      ampleflag := true,
      basisdual := [ [ 2, 0, 0, 2, 0, 0 ], [ 0, 2, 0, 2, 0, 4 ], [ 0, 0, 2, 2, 0, 2 ], [ 0, 0, 0, 4, 0, 0 ], [ 0, 0, 0, 0, 2, 2 ], [ 0, 0, 0, 0, 0, 6 ] ],
      extdeg := 1,
      extgroupgens := [ [ 2, 0, 0, 0, 0, 0 ], [ 0, 2, 0, 0, 0, 0 ], [ 0, 0, 2, 0, 0, 0 ], [ 0, 0, 0, 2, 0, 0 ], [ 0, 0, 0, 0, 2, 0 ], [ 0, 0, 0, 0, 0, 12 ] ],
      h := [ 1, 1, 1, -1, 1, -1 ],
      rho := 6,
      sprats := rec(
          nopss := [ 0, 15 ],
          scons := [ [ [ 1, 1, 2, -2, 2, -2 ], [ 1, 1, 0, 0, 0, 0 ] ], [ [ 1, 0, 1, -1, 1, -1 ], [ 1, 2, 1, -1, 1, -1 ] ], [ [ 1, 1, 1, -2, 0, -1 ], [ 1, 1, 1, 0, 2, -1 ] ], 
              [ [ 1, 1, 0, -1, 1, -1 ], [ 1, 1, 2, -1, 1, -1 ] ], [ [ 1, 2, 1, -2, 1, -2 ], [ 1, 0, 1, 0, 1, 0 ] ], [ [ 1, 0, 2, -1, 2, -1 ], [ 1, 2, 0, -1, 0, -1 ] ], 
              [ [ 1, 1, 3, -2, 2, -2 ], [ 1, 1, -1, 0, 0, 0 ] ], [ [ 1, 1, 2, -1, 3, -2 ], [ 1, 1, 0, -1, -1, 0 ] ], [ [ 1, 2, 2, -2, 2, -2 ], [ 1, 0, 0, 0, 0, 0 ] ], 
              [ [ 1, -1, 1, 0, 1, 0 ], [ 1, 3, 1, -2, 1, -2 ] ], [ [ 1, 0, 1, -1, 0, 0 ], [ 1, 2, 1, -1, 2, -2 ] ], [ [ 1, 0, 0, 0, 1, 0 ], [ 1, 2, 2, -2, 1, -2 ] ], 
              [ [ 1, 0, 2, -1, 1, -1 ], [ 1, 2, 0, -1, 1, -1 ] ], [ [ 1, 0, 1, 0, 2, -1 ], [ 1, 2, 1, -2, 0, -1 ] ], [ [ 1, 1, 2, -2, 0, -1 ], [ 1, 1, 0, 0, 2, -1 ] ] ],
          slins := [  ] ) ), rec(
      Gram := [ [ -4, 3, 3, 0, -4, -4 ], [ 3, -4, -1, -2, 0, 4 ], [ 3, -1, -4, -2, 4, 0 ], [ 0, -2, -2, -4, 0, 0 ], [ -4, 0, 4, 0, -8, 0 ], [ -4, 4, 0, 0, 0, -8 ] ],
      Trec := rec(
          count := 1,
          grams := [ [ [ 0, 0, 0, 0, 0, 0, 0, 0, 0, 0, 0, 0, 0, 0, 0, 1 ], [ 0, -2, -1, -1, -1, 1, 1, -1, 1, 0, 0, 0, 0, 0, 0, 0 ], 
                  [ 0, -1, -2, 0, -1, 1, 1, 0, 1, 0, 0, 0, 0, 0, 0, 0 ], [ 0, -1, 0, -2, -1, 0, 1, -1, 1, 0, 0, 0, 0, 0, 0, 0 ], 
                  [ 0, -1, -1, -1, -2, 0, 1, 0, 1, 0, 0, 0, 0, 0, 0, 0 ], [ 0, 1, 1, 0, 0, -2, 0, 0, -1, 0, 0, 0, 0, 0, 0, 0 ], 
                  [ 0, 1, 1, 1, 1, 0, -2, 1, -1, 0, 0, 0, 0, 0, 0, 0 ], [ 0, -1, 0, -1, 0, 0, 1, -2, 0, 0, 0, 0, 0, 0, 0, 0 ], 
                  [ 0, 1, 1, 1, 1, -1, -1, 0, -2, 0, 0, 0, 0, 0, 0, 0 ], [ 0, 0, 0, 0, 0, 0, 0, 0, 0, -2, -1, -1, 0, 0, 0, 0 ], 
                  [ 0, 0, 0, 0, 0, 0, 0, 0, 0, -1, -2, 0, 0, 0, 0, 0 ], [ 0, 0, 0, 0, 0, 0, 0, 0, 0, -1, 0, -2, 0, 0, 0, 0 ], 
                  [ 0, 0, 0, 0, 0, 0, 0, 0, 0, 0, 0, 0, -2, 0, 0, 0 ], [ 0, 0, 0, 0, 0, 0, 0, 0, 0, 0, 0, 0, 0, 8, 0, 0 ], 
                  [ 0, 0, 0, 0, 0, 0, 0, 0, 0, 0, 0, 0, 0, 0, -8, 0 ], [ 1, 0, 0, 0, 0, 0, 0, 0, 0, 0, 0, 0, 0, 0, 0, 0 ] ] ],
          method := "Nikulin uniqueness",
          spinorPrimes := [  ] ),
      ampleflag := true,
      basisdual := [ [ 2, 0, 0, 2, 3, 3 ], [ 0, 2, 0, 2, 1, 0 ], [ 0, 0, 2, 2, 0, 1 ], [ 0, 0, 0, 4, 2, 2 ], [ 0, 0, 0, 0, 4, 0 ], [ 0, 0, 0, 0, 0, 4 ] ],
      extdeg := 1,
      extgroupgens := [ [ 2, 0, 0, 0 ], [ 0, 4, 0, 0 ], [ 0, 0, 8, 0 ], [ 0, 0, 0, 8 ] ],
      h := [ 1, 1, 1, -1, 0, 0 ],
      rho := 6,
      sprats := rec(
          nopss := [ 0, 11 ],
          scons := [ [ [ 1, 1, 0, -1, -1, 0 ], [ 1, 1, 2, -1, 1, 0 ] ], [ [ 1, 1, -1, 0, -1, 0 ], [ 1, 1, 3, -2, 1, 0 ] ], [ [ 1, 1, 0, 0, -1, 0 ], [ 1, 1, 2, -2, 1, 0 ] ], 
              [ [ 1, -1, 1, 0, 0, -1 ], [ 1, 3, 1, -2, 0, 1 ] ], [ [ 1, 0, 1, -1, 0, 0 ], [ 1, 2, 1, -1, 0, 0 ] ], [ [ 1, 0, 1, 0, 0, 0 ], [ 1, 2, 1, -2, 0, 0 ] ], 
              [ [ 1, 0, 1, -1, 0, -1 ], [ 1, 2, 1, -1, 0, 1 ] ], [ [ 1, 0, 1, 0, 0, -1 ], [ 1, 2, 1, -2, 0, 1 ] ], [ [ 1, 1, 1, -2, 0, 0 ], [ 1, 1, 1, 0, 0, 0 ] ], 
              [ [ 1, 1, 0, -1, 0, 0 ], [ 1, 1, 2, -1, 0, 0 ] ], [ [ 1, 1, 2, -2, 0, 0 ], [ 1, 1, 0, 0, 0, 0 ] ] ],
          slins := [  ] ) ), rec(
      Gram := [ [ -78, -14, -152, -152, -46, -200 ], [ -14, -4, -32, -32, -9, -40 ], [ -152, -32, -312, -308, -92, -400 ], [ -152, -32, -308, -312, -92, -400 ], 
          [ -46, -9, -92, -92, -28, -120 ], [ -200, -40, -400, -400, -120, -520 ] ],
      Trec := rec(
          count := 1,
          grams := [ [ [ 0, 0, 0, 0, 0, 0, 0, 0, 0, 0, 0, 0, 0, 0, 0, 1 ], [ 0, 0, 0, 0, 0, 0, 0, 0, 0, 0, 0, 0, 0, 0, 4, 0 ], 
                  [ 0, 0, -2, -1, 1, -1, -1, -1, 1, -1, 0, 0, 0, 0, 0, 0 ], [ 0, 0, -1, -2, 0, -1, -1, 0, 1, 0, 0, 0, 0, 0, 0, 0 ], 
                  [ 0, 0, 1, 0, -2, 1, 1, 1, 0, 1, 0, 0, 0, 0, 0, 0 ], [ 0, 0, -1, -1, 1, -2, -1, 0, 0, -1, 0, 0, 0, 0, 0, 0 ], 
                  [ 0, 0, -1, -1, 1, -1, -2, -1, 0, -1, 0, 0, 0, 0, 0, 0 ], [ 0, 0, -1, 0, 1, 0, -1, -2, 0, -1, 0, 0, 0, 0, 0, 0 ], 
                  [ 0, 0, 1, 1, 0, 0, 0, 0, -2, 0, 0, 0, 0, 0, 0, 0 ], [ 0, 0, -1, 0, 1, -1, -1, -1, 0, -2, 0, 0, 0, 0, 0, 0 ], 
                  [ 0, 0, 0, 0, 0, 0, 0, 0, 0, 0, -2, 0, 1, 0, 0, 0 ], [ 0, 0, 0, 0, 0, 0, 0, 0, 0, 0, 0, -2, 0, 0, 0, 0 ], 
                  [ 0, 0, 0, 0, 0, 0, 0, 0, 0, 0, 1, 0, -4, -1, 0, 0 ], [ 0, 0, 0, 0, 0, 0, 0, 0, 0, 0, 0, 0, -1, -6, 0, 0 ], 
                  [ 0, 4, 0, 0, 0, 0, 0, 0, 0, 0, 0, 0, 0, 0, 0, 0 ], [ 1, 0, 0, 0, 0, 0, 0, 0, 0, 0, 0, 0, 0, 0, 0, 0 ] ] ],
          method := "Nikulin uniqueness",
          spinorPrimes := [  ] ),
      ampleflag := true,
      basisdual := [ [ 2, 0, 0, 0, 0, 16 ], [ 0, 1, 1, 1, 0, 4 ], [ 0, 0, 4, 0, 0, 32 ], [ 0, 0, 0, 4, 0, 32 ], [ 0, 0, 0, 0, 1, 9 ], [ 0, 0, 0, 0, 0, 40 ] ],
      extdeg := 1,
      extgroupgens := [ [ 2, 0, 0, 0 ], [ 0, 4, 0, 0 ], [ 0, 0, 4, 0 ], [ 0, 0, 0, 40 ] ],
      h := [ 1, 2, 0, 0, 2, -1 ],
      rho := 6,
      sprats := rec(
          nopss := [ 0, 5 ],
          scons := [ [ [ 1, 2, 0, -1, 1, 0 ], [ 1, 2, 0, 1, 3, -2 ] ], [ [ 1, 6, -1, -1, 3, 0 ], [ 1, -2, 1, 1, 1, -2 ] ], [ [ 1, 2, 1, 0, 3, -2 ], [ 1, 2, -1, 0, 1, 0 ] ], 
              [ [ 1, 1, 0, 0, 2, -1 ], [ 1, 3, 0, 0, 2, -1 ] ], [ [ 1, 3, 0, 0, 6, -2 ], [ 1, 1, 0, 0, -2, 0 ] ] ],
          slins := [  ] ) ), rec(
      Gram := [ [ -14, -102, -24, -96, -142, -168 ], [ -102, -828, -208, -776, -1137, -1344 ], [ -24, -208, -56, -194, -284, -336 ], [ -96, -776, -194, -728, -1066, -1260 ], 
          [ -142, -1137, -284, -1066, -1564, -1848 ], [ -168, -1344, -336, -1260, -1848, -2184 ] ],
      Trec := rec(
          count := 1,
          grams := [ [ [ 0, 0, 0, 0, 0, 0, 0, 0, 0, 0, 0, 0, 0, 0, 0, 1 ], [ 0, -2, -1, -1, -1, 1, 1, -1, 1, 0, 0, 0, 0, 0, 0, 0 ], 
                  [ 0, -1, -2, 0, -1, 1, 1, 0, 1, 0, 0, 0, 0, 0, 0, 0 ], [ 0, -1, 0, -2, -1, 0, 1, -1, 1, 0, 0, 0, 0, 0, 0, 0 ], 
                  [ 0, -1, -1, -1, -2, 0, 1, 0, 1, 0, 0, 0, 0, 0, 0, 0 ], [ 0, 1, 1, 0, 0, -2, 0, 0, -1, 0, 0, 0, 0, 0, 0, 0 ], 
                  [ 0, 1, 1, 1, 1, 0, -2, 1, -1, 0, 0, 0, 0, 0, 0, 0 ], [ 0, -1, 0, -1, 0, 0, 1, -2, 0, 0, 0, 0, 0, 0, 0, 0 ], 
                  [ 0, 1, 1, 1, 1, -1, -1, 0, -2, 0, 0, 0, 0, 0, 0, 0 ], [ 0, 0, 0, 0, 0, 0, 0, 0, 0, 2, 0, 0, -1, 0, 0, 0 ], 
                  [ 0, 0, 0, 0, 0, 0, 0, 0, 0, 0, -2, 0, 0, 0, 0, 0 ], [ 0, 0, 0, 0, 0, 0, 0, 0, 0, 0, 0, -2, -1, 0, 0, 0 ], 
                  [ 0, 0, 0, 0, 0, 0, 0, 0, 0, -1, 0, -1, -2, -1, 0, 0 ], [ 0, 0, 0, 0, 0, 0, 0, 0, 0, 0, 0, 0, -1, -6, 2, 0 ], 
                  [ 0, 0, 0, 0, 0, 0, 0, 0, 0, 0, 0, 0, 0, 2, -16, 0 ], [ 1, 0, 0, 0, 0, 0, 0, 0, 0, 0, 0, 0, 0, 0, 0, 0 ] ] ],
          method := "Nikulin uniqueness",
          spinorPrimes := [  ] ),
      ampleflag := true,
      basisdual := [ [ 2, 0, 0, 0, 0, 8 ], [ 0, 1, 1, 1, 0, 52 ], [ 0, 0, 4, 0, 0, 14 ], [ 0, 0, 0, 2, 0, 48 ], [ 0, 0, 0, 0, 1, 71 ], [ 0, 0, 0, 0, 0, 84 ] ],
      extdeg := 1,
      extgroupgens := [ [ 2, 0, 0, 0 ], [ 0, 2, 0, 0 ], [ 0, 0, 2, 0 ], [ 0, 0, 0, 168 ] ],
      h := [ 1, 2, 0, 0, 2, -3 ],
      rho := 6,
      sprats := rec(
          nopss := [ 0, 5 ],
          scons := [ [ [ 1, 2, 0, 2, 3, -5 ], [ 1, 2, 0, -2, 1, -1 ] ], [ [ 1, 6, -1, -2, 3, -5 ], [ 1, -2, 1, 2, 1, -1 ] ], [ [ 1, 2, -1, 0, 1, -2 ], [ 1, 2, 1, 0, 3, -4 ] ]
                , [ [ 1, 1, 0, 1, 2, -3 ], [ 1, 3, 0, -1, 2, -3 ] ], [ [ 1, 1, 0, 0, -2, 1 ], [ 1, 3, 0, 0, 6, -7 ] ] ],
          slins := [  ] ) ), rec(
      Gram := [ [ -392, -354, -318, -318, -142, -462 ], [ -354, -324, -292, -292, -129, -420 ], [ -318, -292, -266, -262, -116, -378 ], [ -318, -292, -262, -266, -116, -378 ]
            , [ -142, -129, -116, -116, -52, -168 ], [ -462, -420, -378, -378, -168, -546 ] ],
      Trec := rec(
          count := 1,
          grams := [ [ [ 0, 0, 0, 0, 0, 0, 0, 0, 0, 0, 0, 0, 0, 0, 0, 1 ], [ 0, -2, -1, -1, -1, 1, 1, -1, 1, 0, 0, 0, 0, 0, 0, 0 ], 
                  [ 0, -1, -2, 0, 0, 1, 1, -1, 1, 0, 0, 0, 0, 0, 0, 0 ], [ 0, -1, 0, -2, 0, 0, 1, -1, 1, 0, 0, 0, 0, 0, 0, 0 ], 
                  [ 0, -1, 0, 0, -2, 0, 0, 0, 0, 0, 0, 0, 0, 0, 0, 0 ], [ 0, 1, 1, 0, 0, -2, 0, 1, -1, 0, 0, 0, 0, 0, 0, 0 ], 
                  [ 0, 1, 1, 1, 0, 0, -2, 1, -1, 0, 0, 0, 0, 0, 0, 0 ], [ 0, -1, -1, -1, 0, 1, 1, -2, 1, 0, 0, 0, 0, 0, 0, 0 ], 
                  [ 0, 1, 1, 1, 0, -1, -1, 1, -2, 0, 0, 0, 0, 0, 0, 0 ], [ 0, 0, 0, 0, 0, 0, 0, 0, 0, 2, 1, 0, 0, -1, 1, 0 ], 
                  [ 0, 0, 0, 0, 0, 0, 0, 0, 0, 1, -2, -1, 1, 0, 1, 0 ], [ 0, 0, 0, 0, 0, 0, 0, 0, 0, 0, -1, -4, 0, 1, -1, 0 ], 
                  [ 0, 0, 0, 0, 0, 0, 0, 0, 0, 0, 1, 0, -4, -1, 1, 0 ], [ 0, 0, 0, 0, 0, 0, 0, 0, 0, -1, 0, 1, -1, -4, -1, 0 ], 
                  [ 0, 0, 0, 0, 0, 0, 0, 0, 0, 1, 1, -1, 1, -1, -6, 0 ], [ 1, 0, 0, 0, 0, 0, 0, 0, 0, 0, 0, 0, 0, 0, 0, 0 ] ] ],
          method := "Nikulin uniqueness",
          spinorPrimes := [  ] ),
      ampleflag := true,
      basisdual := [ [ 2, 0, 0, 0, 0, 36 ], [ 0, 1, 1, 1, 0, 33 ], [ 0, 0, 4, 0, 0, 30 ], [ 0, 0, 0, 4, 0, 30 ], [ 0, 0, 0, 0, 1, 13 ], [ 0, 0, 0, 0, 0, 42 ] ],
      extdeg := 1,
      extgroupgens := [ [ 2, 0, 0, 0 ], [ 0, 2, 0, 0 ], [ 0, 0, 4, 0 ], [ 0, 0, 0, 84 ] ],
      h := [ 1, 2, 0, 0, 2, -3 ],
      rho := 6,
      sprats := rec(
          nopss := [ 0, 5 ],
          scons := [ [ [ 1, 2, 0, -1, 1, -2 ], [ 1, 2, 0, 1, 3, -4 ] ], [ [ 1, 6, -1, -1, 3, -5 ], [ 1, -2, 1, 1, 1, -1 ] ], [ [ 1, 2, 1, 0, 3, -4 ], [ 1, 2, -1, 0, 1, -2 ] ]
                , [ [ 1, 1, 0, 0, 1, -2 ], [ 1, 3, 0, 0, 3, -4 ] ], [ [ 1, 3, 0, 0, 6, -5 ], [ 1, 1, 0, 0, -2, -1 ] ] ],
          slins := [  ] ) ), rec(
      Gram := [ [ -40, -113, -103, -101, -45, -147 ], [ -113, -324, -292, -292, -129, -420 ], [ -103, -292, -266, -262, -116, -378 ], [ -101, -292, -262, -266, -116, -378 ], 
          [ -45, -129, -116, -116, -52, -168 ], [ -147, -420, -378, -378, -168, -546 ] ],
      Trec := rec(
          count := 1,
          grams := [ [ [ 0, 0, 0, 0, 0, 0, 0, 0, 0, 0, 0, 0, 0, 0, 0, 1 ], [ 0, -2, -1, -1, -1, 1, 1, -1, 1, 0, 0, 0, 0, 0, 0, 0 ], 
                  [ 0, -1, -2, 0, -1, 1, 1, 0, 1, 0, 0, 0, 0, 0, 0, 0 ], [ 0, -1, 0, -2, -1, 0, 1, -1, 1, 0, 0, 0, 0, 0, 0, 0 ], 
                  [ 0, -1, -1, -1, -2, 0, 1, 0, 1, 0, 0, 0, 0, 0, 0, 0 ], [ 0, 1, 1, 0, 0, -2, 0, 0, -1, 0, 0, 0, 0, 0, 0, 0 ], 
                  [ 0, 1, 1, 1, 1, 0, -2, 1, -1, 0, 0, 0, 0, 0, 0, 0 ], [ 0, -1, 0, -1, 0, 0, 1, -2, 0, 0, 0, 0, 0, 0, 0, 0 ], 
                  [ 0, 1, 1, 1, 1, -1, -1, 0, -2, 0, 0, 0, 0, 0, 0, 0 ], [ 0, 0, 0, 0, 0, 0, 0, 0, 0, 2, 0, 1, -1, 0, -1, 0 ], 
                  [ 0, 0, 0, 0, 0, 0, 0, 0, 0, 0, -2, 1, 0, -1, -1, 0 ], [ 0, 0, 0, 0, 0, 0, 0, 0, 0, 1, 1, -2, -1, 1, 0, 0 ], 
                  [ 0, 0, 0, 0, 0, 0, 0, 0, 0, -1, 0, -1, -2, 0, 1, 0 ], [ 0, 0, 0, 0, 0, 0, 0, 0, 0, 0, -1, 1, 0, -4, 1, 0 ], 
                  [ 0, 0, 0, 0, 0, 0, 0, 0, 0, -1, -1, 0, 1, 1, -6, 0 ], [ 1, 0, 0, 0, 0, 0, 0, 0, 0, 0, 0, 0, 0, 0, 0, 0 ] ] ],
          method := "Nikulin uniqueness",
          spinorPrimes := [  ] ),
      ampleflag := true,
      basisdual := [ [ 1, 0, 2, 0, 0, 12 ], [ 0, 1, 1, 1, 0, 33 ], [ 0, 0, 4, 0, 0, 30 ], [ 0, 0, 0, 4, 0, 30 ], [ 0, 0, 0, 0, 1, 13 ], [ 0, 0, 0, 0, 0, 42 ] ],
      extdeg := 2,
      extgroupgens := [ [ 1, 1, 0, 0 ], [ 0, 2, 0, 0 ], [ 0, 0, 4, 0 ], [ 0, 0, 0, 84 ] ],
      h := [ 2, 2, -1, 0, 2, -2 ],
      rho := 6,
      sprats := rec(
          nopss := [ 3, 2 ],
          scons := [ [ [ 2, 2, -1, -1, 1, -1 ], [ 2, 2, -1, 1, 3, -3 ] ], [ [ 2, 6, -2, -1, 3, -4 ], [ 2, -2, 0, 1, 1, 0 ] ] ],
          slins := [ [ [ 1, 1, 0, 0, 3, -2 ], [ 1, 1, -1, 0, -1, 0 ] ], [ [ 1, 0, 0, 0, -1, 0 ], [ 1, 2, -1, 0, 3, -2 ] ], [ [ 1, 1, 0, 0, 0, -1 ], [ 1, 1, -1, 0, 2, -1 ] ] 
             ] ) ), rec(
      Gram := [ [ -98, -177, -159, -159, -71, -231 ], [ -177, -324, -292, -292, -129, -420 ], [ -159, -292, -266, -262, -116, -378 ], [ -159, -292, -262, -266, -116, -378 ], 
          [ -71, -129, -116, -116, -52, -168 ], [ -231, -420, -378, -378, -168, -546 ] ],
      Trec := rec(
          count := 1,
          grams := [ [ [ 0, 0, 0, 0, 0, 0, 0, 0, 0, 0, 0, 0, 0, 0, 0, 1 ], [ 0, -2, -1, -1, -1, 1, 1, -1, 1, 0, 0, 0, 0, 0, 0, 0 ], 
                  [ 0, -1, -2, 0, -1, 1, 1, 0, 1, 0, 0, 0, 0, 0, 0, 0 ], [ 0, -1, 0, -2, -1, 0, 1, -1, 1, 0, 0, 0, 0, 0, 0, 0 ], 
                  [ 0, -1, -1, -1, -2, 0, 1, 0, 1, 0, 0, 0, 0, 0, 0, 0 ], [ 0, 1, 1, 0, 0, -2, 0, 0, -1, 0, 0, 0, 0, 0, 0, 0 ], 
                  [ 0, 1, 1, 1, 1, 0, -2, 1, -1, 0, 0, 0, 0, 0, 0, 0 ], [ 0, -1, 0, -1, 0, 0, 1, -2, 0, 0, 0, 0, 0, 0, 0, 0 ], 
                  [ 0, 1, 1, 1, 1, -1, -1, 0, -2, 0, 0, 0, 0, 0, 0, 0 ], [ 0, 0, 0, 0, 0, 0, 0, 0, 0, -2, 0, -1, -1, 0, -1, 0 ], 
                  [ 0, 0, 0, 0, 0, 0, 0, 0, 0, 0, -2, 1, -1, -1, 0, 0 ], [ 0, 0, 0, 0, 0, 0, 0, 0, 0, -1, 1, -4, 1, 1, 0, 0 ], 
                  [ 0, 0, 0, 0, 0, 0, 0, 0, 0, -1, -1, 1, -4, 0, 0, 0 ], [ 0, 0, 0, 0, 0, 0, 0, 0, 0, 0, -1, 1, 0, 2, 1, 0 ], 
                  [ 0, 0, 0, 0, 0, 0, 0, 0, 0, -1, 0, 0, 0, 1, -4, 0 ], [ 1, 0, 0, 0, 0, 0, 0, 0, 0, 0, 0, 0, 0, 0, 0, 0 ] ] ],
          method := "Nikulin uniqueness",
          spinorPrimes := [  ] ),
      ampleflag := true,
      basisdual := [ [ 1, 0, 0, 0, 0, 18 ], [ 0, 1, 1, 1, 0, 33 ], [ 0, 0, 4, 0, 0, 30 ], [ 0, 0, 0, 4, 0, 30 ], [ 0, 0, 0, 0, 1, 13 ], [ 0, 0, 0, 0, 0, 42 ] ],
      extdeg := 2,
      extgroupgens := [ [ 1, 1, 2, 42 ], [ 0, 2, 0, 0 ], [ 0, 0, 4, 0 ], [ 0, 0, 0, 84 ] ],
      h := [ 2, 2, 0, 0, 2, -3 ],
      rho := 6,
      sprats := rec(
          nopss := [ 1, 5 ],
          scons := [ [ [ 2, 2, 0, -1, 1, -2 ], [ 2, 2, 0, 1, 3, -4 ] ], [ [ 2, 6, -1, -1, 3, -5 ], [ 2, -2, 1, 1, 1, -1 ] ], [ [ 2, 2, 1, 0, 3, -4 ], [ 2, 2, -1, 0, 1, -2 ] ]
                , [ [ 2, 1, 0, 0, 1, -2 ], [ 2, 3, 0, 0, 3, -4 ] ], [ [ 2, 3, 0, 0, 6, -5 ], [ 2, 1, 0, 0, -2, -1 ] ] ],
          slins := [ [ [ 1, 0, 0, 0, 2, -1 ], [ 1, 2, 0, 0, 0, -2 ] ] ] ) ), rec(
      Gram := [ [ -38, -54, -72, -72, -46, -120 ], [ -54, -84, -112, -112, -69, -180 ], [ -72, -112, -152, -148, -92, -240 ], [ -72, -112, -148, -152, -92, -240 ], 
          [ -46, -69, -92, -92, -58, -150 ], [ -120, -180, -240, -240, -150, -390 ] ],
      Trec := rec(
          count := 1,
          grams := [ [ [ 0, 0, 0, 0, 0, 0, 0, 0, 0, 0, 0, 0, 0, 0, 0, 4 ], [ 0, -2, -1, -1, -1, 1, 1, -1, -1, 0, 0, 0, 0, 0, 0, 0 ], 
                  [ 0, -1, -2, 0, 0, 1, 1, -1, -1, 0, 0, 0, 0, 0, 0, 0 ], [ 0, -1, 0, -2, 0, 0, 1, -1, -1, 0, 0, 0, 0, 0, 0, 0 ], 
                  [ 0, -1, 0, 0, -2, 0, 0, 0, 0, 0, 0, 0, 0, 0, 0, 0 ], [ 0, 1, 1, 0, 0, -2, 0, 1, 1, 0, 0, 0, 0, 0, 0, 0 ], 
                  [ 0, 1, 1, 1, 0, 0, -2, 1, 1, 0, 0, 0, 0, 0, 0, 0 ], [ 0, -1, -1, -1, 0, 1, 1, -2, -1, 0, 0, 0, 0, 0, 0, 0 ], 
                  [ 0, -1, -1, -1, 0, 1, 1, -1, -2, 0, 0, 0, 0, 0, 0, 0 ], [ 0, 0, 0, 0, 0, 0, 0, 0, 0, -2, 0, 0, 0, 0, 0, 0 ], 
                  [ 0, 0, 0, 0, 0, 0, 0, 0, 0, 0, 2, 0, 0, 0, 1, 0 ], [ 0, 0, 0, 0, 0, 0, 0, 0, 0, 0, 0, -2, 0, 0, 0, 0 ], 
                  [ 0, 0, 0, 0, 0, 0, 0, 0, 0, 0, 0, 0, -2, -1, 0, -1 ], [ 0, 0, 0, 0, 0, 0, 0, 0, 0, 0, 0, 0, -1, -2, 0, 2 ], 
                  [ 0, 0, 0, 0, 0, 0, 0, 0, 0, 0, 1, 0, 0, 0, -2, 0 ], [ 4, 0, 0, 0, 0, 0, 0, 0, 0, 0, 0, 0, -1, 2, 0, -2 ] ] ],
          method := "Nikulin uniqueness",
          spinorPrimes := [  ] ),
      ampleflag := true,
      basisdual := [ [ 2, 0, 0, 0, 0, 10 ], [ 0, 1, 1, 1, 0, 15 ], [ 0, 0, 4, 0, 0, 20 ], [ 0, 0, 0, 4, 0, 20 ], [ 0, 0, 0, 0, 1, 11 ], [ 0, 0, 0, 0, 0, 30 ] ],
      extdeg := 1,
      extgroupgens := [ [ 2, 0, 0, 0 ], [ 0, 2, 0, 0 ], [ 0, 0, 4, 0 ], [ 0, 0, 0, 60 ] ],
      h := [ 1, 2, 0, 0, 2, -2 ],
      rho := 6,
      sprats := rec(
          nopss := [ 0, 5 ],
          scons := [ [ [ 1, 2, 0, -1, 1, -1 ], [ 1, 2, 0, 1, 3, -3 ] ], [ [ 1, 2, -1, 0, 1, -1 ], [ 1, 2, 1, 0, 3, -3 ] ], [ [ 1, -2, 1, 1, 1, -1 ], [ 1, 6, -1, -1, 3, -3 ] ]
                , [ [ 1, 1, 0, 0, 3, -2 ], [ 1, 3, 0, 0, 1, -2 ] ], [ [ 1, 1, 0, 0, -2, 0 ], [ 1, 3, 0, 0, 6, -4 ] ] ],
          slins := [  ] ) ), rec(
      Gram := [ [ -198, -294, -392, -516, -246, -640 ], [ -294, -444, -592, -776, -369, -960 ], [ -392, -592, -792, -1034, -492, -1280 ], 
          [ -516, -776, -1034, -1358, -646, -1680 ], [ -246, -369, -492, -646, -308, -800 ], [ -640, -960, -1280, -1680, -800, -2080 ] ],
      Trec := rec(
          count := 1,
          grams := [ [ [ 0, 0, 0, 0, 0, 0, 0, 0, 0, 0, 0, 0, 0, 0, 0, 2 ], [ 0, 0, 0, 0, 0, 0, 0, 0, 0, 0, 0, 0, 0, 0, 1, 0 ], 
                  [ 0, 0, -2, 1, -1, 1, 1, -1, -1, 1, 0, 0, 0, 0, 0, 0 ], [ 0, 0, 1, -2, 0, -1, -1, 1, 0, -1, 0, 0, 0, 0, 0, 0 ], 
                  [ 0, 0, -1, 0, -2, 1, 0, -1, 0, 1, 0, 0, 0, 0, 0, 0 ], [ 0, 0, 1, -1, 1, -2, -1, 1, 0, -1, 0, 0, 0, 0, 0, 0 ], 
                  [ 0, 0, 1, -1, 0, -1, -2, 0, 0, -1, 0, 0, 0, 0, 0, 0 ], [ 0, 0, -1, 1, -1, 1, 0, -2, 0, 1, 0, 0, 0, 0, 0, 0 ], 
                  [ 0, 0, -1, 0, 0, 0, 0, 0, -2, 0, 0, 0, 0, 0, 0, 0 ], [ 0, 0, 1, -1, 1, -1, -1, 1, 0, -2, 0, 0, 0, 0, 0, 0 ], 
                  [ 0, 0, 0, 0, 0, 0, 0, 0, 0, 0, -2, 1, 0, -1, 0, 0 ], [ 0, 0, 0, 0, 0, 0, 0, 0, 0, 0, 1, -2, 0, 0, 0, 0 ], 
                  [ 0, 0, 0, 0, 0, 0, 0, 0, 0, 0, 0, 0, -2, 0, 0, 0 ], [ 0, 0, 0, 0, 0, 0, 0, 0, 0, 0, -1, 0, 0, -54, 0, 0 ], 
                  [ 0, 1, 0, 0, 0, 0, 0, 0, 0, 0, 0, 0, 0, 0, 0, 0 ], [ 2, 0, 0, 0, 0, 0, 0, 0, 0, 0, 0, 0, 0, 0, 0, 0 ] ] ],
          method := "Nikulin uniqueness",
          spinorPrimes := [  ] ),
      ampleflag := true,
      basisdual := [ [ 2, 0, 0, 0, 0, 26 ], [ 0, 1, 1, 1, 0, 37 ], [ 0, 0, 4, 0, 0, 50 ], [ 0, 0, 0, 2, 0, 64 ], [ 0, 0, 0, 0, 1, 31 ], [ 0, 0, 0, 0, 0, 80 ] ],
      extdeg := 1,
      extgroupgens := [ [ 2, 0, 0, 0 ], [ 0, 2, 0, 0 ], [ 0, 0, 2, 0 ], [ 0, 0, 0, 160 ] ],
      h := [ 1, 2, 0, 0, 2, -2 ],
      rho := 6,
      sprats := rec(
          nopss := [ 0, 5 ],
          scons := [ [ [ 1, 6, -1, -2, 3, -2 ], [ 1, -2, 1, 2, 1, -2 ] ], [ [ 1, 2, -1, 0, 1, -1 ], [ 1, 2, 1, 0, 3, -3 ] ], [ [ 1, 2, 0, -2, 1, 0 ], [ 1, 2, 0, 2, 3, -4 ] ],
              [ [ 1, 1, 0, 0, -2, 0 ], [ 1, 3, 0, 0, 6, -4 ] ], [ [ 1, 1, 0, 1, 1, -2 ], [ 1, 3, 0, -1, 3, -2 ] ] ],
          slins := [  ] ) ), rec(
      Gram := [ [ -278, -351, -469, -614, -292, -760 ], [ -351, -444, -592, -776, -369, -960 ], [ -469, -592, -792, -1034, -492, -1280 ], 
          [ -614, -776, -1034, -1358, -646, -1680 ], [ -292, -369, -492, -646, -308, -800 ], [ -760, -960, -1280, -1680, -800, -2080 ] ],
      Trec := rec(
          count := 1,
          grams := [ [ [ 0, 0, 0, 0, 0, 0, 0, 0, 0, 0, 0, 0, 0, 0, 0, 1 ], [ 0, 0, 0, 0, 0, 0, 0, 0, 0, 0, 0, 0, 0, 0, 1, 0 ], 
                  [ 0, 0, -2, -1, 1, -1, -1, -1, 1, -1, 0, 0, 0, 0, 0, 0 ], [ 0, 0, -1, -2, 0, -1, -1, 0, 1, 0, 0, 0, 0, 0, 0, 0 ], 
                  [ 0, 0, 1, 0, -2, 1, 1, 1, 0, 1, 0, 0, 0, 0, 0, 0 ], [ 0, 0, -1, -1, 1, -2, -1, 0, 0, -1, 0, 0, 0, 0, 0, 0 ], 
                  [ 0, 0, -1, -1, 1, -1, -2, -1, 0, -1, 0, 0, 0, 0, 0, 0 ], [ 0, 0, -1, 0, 1, 0, -1, -2, 0, -1, 0, 0, 0, 0, 0, 0 ], 
                  [ 0, 0, 1, 1, 0, 0, 0, 0, -2, 0, 0, 0, 0, 0, 0, 0 ], [ 0, 0, -1, 0, 1, -1, -1, -1, 0, -2, 0, 0, 0, 0, 0, 0 ], 
                  [ 0, 0, 0, 0, 0, 0, 0, 0, 0, 0, -2, 1, 0, -1, 0, 0 ], [ 0, 0, 0, 0, 0, 0, 0, 0, 0, 0, 1, -2, 0, 0, 0, 0 ], 
                  [ 0, 0, 0, 0, 0, 0, 0, 0, 0, 0, 0, 0, -2, 0, 0, 0 ], [ 0, 0, 0, 0, 0, 0, 0, 0, 0, 0, -1, 0, 0, -54, 0, 0 ], 
                  [ 0, 1, 0, 0, 0, 0, 0, 0, 0, 0, 0, 0, 0, 0, 0, 0 ], [ 1, 0, 0, 0, 0, 0, 0, 0, 0, 0, 0, 0, 0, 0, 0, 0 ] ] ],
          method := "Nikulin uniqueness",
          spinorPrimes := [  ] ),
      ampleflag := true,
      basisdual := [ [ 1, 0, 2, 1, 0, 30 ], [ 0, 1, 1, 1, 0, 37 ], [ 0, 0, 4, 0, 0, 50 ], [ 0, 0, 0, 2, 0, 64 ], [ 0, 0, 0, 0, 1, 31 ], [ 0, 0, 0, 0, 0, 80 ] ],
      extdeg := 2,
      extgroupgens := [ [ 1, 0, 1, 0 ], [ 0, 2, 0, 0 ], [ 0, 0, 2, 0 ], [ 0, 0, 0, 160 ] ],
      h := [ 2, 2, -1, -1, 2, -1 ],
      rho := 6,
      sprats := rec(
          nopss := [ 3, 2 ],
          scons := [ [ [ 2, 6, -2, -3, 3, -1 ], [ 2, -2, 0, 1, 1, -1 ] ], [ [ 2, 2, -1, -3, 1, 1 ], [ 2, 2, -1, 1, 3, -3 ] ] ],
          slins := [ [ [ 1, 1, -1, -1, -1, 1 ], [ 1, 1, 0, 0, 3, -2 ] ], [ [ 1, 1, -1, 0, 2, -1 ], [ 1, 1, 0, -1, 0, 0 ] ], [ [ 1, 2, -1, -1, 3, -1 ], [ 1, 0, 0, 0, -1, 0 ] 
                 ] ] ) ), rec(
      Gram := [ [ -710, -1062, -264, -132, -886, -1152 ], [ -1062, -1596, -400, -200, -1329, -1728 ], [ -264, -400, -104, -50, -332, -432 ], 
          [ -132, -200, -50, -26, -166, -216 ], [ -886, -1329, -332, -166, -1108, -1440 ], [ -1152, -1728, -432, -216, -1440, -1872 ] ],
      Trec := rec(
          count := 1,
          grams := [ [ [ 0, 0, 0, 0, 0, 0, 0, 0, 0, 0, 0, 0, 0, 0, 0, 2 ], [ 0, 0, 0, 0, 0, 0, 0, 0, 0, 0, 0, 0, 0, 0, 1, 0 ], 
                  [ 0, 0, -2, 1, -1, 1, -1, -1, -1, 0, 0, 0, -1, 0, 0, 0 ], [ 0, 0, 1, -2, 1, -1, 0, 1, 0, 0, 0, 0, 0, 0, 0, 0 ], 
                  [ 0, 0, -1, 1, -2, 0, 0, -1, 0, 0, 0, 0, -1, 0, 0, 0 ], [ 0, 0, 1, -1, 0, -2, 0, 0, 1, 0, 0, 0, 0, 0, 0, 0 ], 
                  [ 0, 0, -1, 0, 0, 0, -2, -1, -1, 0, 0, 0, -1, 0, 0, 0 ], [ 0, 0, -1, 1, -1, 0, -1, -2, 0, 0, 0, 0, -1, 0, 0, 0 ], 
                  [ 0, 0, -1, 0, 0, 1, -1, 0, -2, 0, 0, 0, -1, 0, 0, 0 ], [ 0, 0, 0, 0, 0, 0, 0, 0, 0, -2, 0, 0, 0, 0, 0, 0 ], 
                  [ 0, 0, 0, 0, 0, 0, 0, 0, 0, 0, -2, 1, 0, -1, 0, 0 ], [ 0, 0, 0, 0, 0, 0, 0, 0, 0, 0, 1, -2, 0, 1, 0, 0 ], 
                  [ 0, 0, -1, 0, -1, 0, -1, -1, -1, 0, 0, 0, -6, 0, 0, 0 ], [ 0, 0, 0, 0, 0, 0, 0, 0, 0, 0, -1, 1, 0, -6, 0, 0 ], 
                  [ 0, 1, 0, 0, 0, 0, 0, 0, 0, 0, 0, 0, 0, 0, 0, 0 ], [ 2, 0, 0, 0, 0, 0, 0, 0, 0, 0, 0, 0, 0, 0, 0, 0 ] ] ],
          method := "Nikulin uniqueness",
          spinorPrimes := [  ] ),
      ampleflag := true,
      basisdual := [ [ 2, 0, 0, 0, 0, 46 ], [ 0, 1, 1, 1, 0, 67 ], [ 0, 0, 4, 0, 0, 18 ], [ 0, 0, 0, 2, 0, 8 ], [ 0, 0, 0, 0, 1, 55 ], [ 0, 0, 0, 0, 0, 72 ] ],
      extdeg := 1,
      extgroupgens := [ [ 2, 0, 0, 0 ], [ 0, 2, 0, 0 ], [ 0, 0, 2, 0 ], [ 0, 0, 0, 144 ] ],
      h := [ 1, 2, 0, 0, 2, -4 ],
      rho := 6,
      sprats := rec(
          nopss := [ 0, 5 ],
          scons := [ [ [ 1, 2, 0, -2, 1, -3 ], [ 1, 2, 0, 2, 3, -5 ] ], [ [ 1, 2, -1, 0, 1, -3 ], [ 1, 2, 1, 0, 3, -5 ] ], [ [ 1, 6, -1, -2, 3, -8 ], [ 1, -2, 1, 2, 1, 0 ] ],
              [ [ 1, 1, 0, 1, 3, -4 ], [ 1, 3, 0, -1, 1, -4 ] ], [ [ 1, 1, 0, 0, -2, 0 ], [ 1, 3, 0, 0, 6, -8 ] ] ],
          slins := [  ] ) ), rec(
      Gram := [ [ -250, -631, -157, -79, -526, -684 ], [ -631, -1596, -400, -200, -1329, -1728 ], [ -157, -400, -104, -50, -332, -432 ], [ -79, -200, -50, -26, -166, -216 ], 
          [ -526, -1329, -332, -166, -1108, -1440 ], [ -684, -1728, -432, -216, -1440, -1872 ] ],
      Trec := rec(
          count := 1,
          grams := [ [ [ 0, 0, 0, 0, 0, 0, 0, 0, 0, 0, 0, 0, 0, 0, 0, 1 ], [ 0, 0, 0, 0, 0, 0, 0, 0, 0, 0, 0, 0, 0, 0, 1, 0 ], 
                  [ 0, 0, -2, 1, -1, -1, -1, -1, -1, 0, 0, 0, -1, 0, 0, 0 ], [ 0, 0, 1, -2, 1, 1, 0, 0, 0, 0, 0, 0, 0, 0, 0, 0 ], 
                  [ 0, 0, -1, 1, -2, 0, 0, 0, 0, 0, 0, 0, -1, 0, 0, 0 ], [ 0, 0, -1, 1, 0, -2, 0, -1, -1, 0, 0, 0, 0, 0, 0, 0 ], 
                  [ 0, 0, -1, 0, 0, 0, -2, -1, 0, 0, 0, 0, -1, 0, 0, 0 ], [ 0, 0, -1, 0, 0, -1, -1, -2, -1, 0, 0, 0, -1, 0, 0, 0 ], 
                  [ 0, 0, -1, 0, 0, -1, 0, -1, -2, 0, 0, 0, 0, 0, 0, 0 ], [ 0, 0, 0, 0, 0, 0, 0, 0, 0, -2, 1, 0, 0, -1, 0, 0 ], 
                  [ 0, 0, 0, 0, 0, 0, 0, 0, 0, 1, -2, 0, 0, 1, 0, 0 ], [ 0, 0, 0, 0, 0, 0, 0, 0, 0, 0, 0, -2, 0, 0, 0, 0 ], 
                  [ 0, 0, -1, 0, -1, 0, -1, -1, 0, 0, 0, 0, -6, 0, 0, 0 ], [ 0, 0, 0, 0, 0, 0, 0, 0, 0, -1, 1, 0, 0, -6, 0, 0 ], 
                  [ 0, 1, 0, 0, 0, 0, 0, 0, 0, 0, 0, 0, 0, 0, 0, 0 ], [ 1, 0, 0, 0, 0, 0, 0, 0, 0, 0, 0, 0, 0, 0, 0, 0 ] ] ],
          method := "Nikulin uniqueness",
          spinorPrimes := [  ] ),
      ampleflag := true,
      basisdual := [ [ 1, 0, 0, 1, 0, 27 ], [ 0, 1, 1, 1, 0, 67 ], [ 0, 0, 4, 0, 0, 18 ], [ 0, 0, 0, 2, 0, 8 ], [ 0, 0, 0, 0, 1, 55 ], [ 0, 0, 0, 0, 0, 72 ] ],
      extdeg := 2,
      extgroupgens := [ [ 1, 1, 0, 0 ], [ 0, 2, 0, 0 ], [ 0, 0, 2, 0 ], [ 0, 0, 0, 144 ] ],
      h := [ 2, 2, 0, -1, 2, -4 ],
      rho := 6,
      sprats := rec(
          nopss := [ 2, 4 ],
          scons := [ [ [ 2, 2, -1, -1, 1, -3 ], [ 2, 2, 1, -1, 3, -5 ] ], [ [ 2, 6, -1, -3, 3, -8 ], [ 2, -2, 1, 1, 1, 0 ] ], [ [ 2, 1, 0, 0, 3, -4 ], [ 2, 3, 0, -2, 1, -4 ] 
                 ], [ [ 2, 1, 0, -1, -2, 0 ], [ 2, 3, 0, -1, 6, -8 ] ] ],
          slins := [ [ [ 1, 0, 0, -1, 1, -1 ], [ 1, 2, 0, 0, 1, -3 ] ], [ [ 1, 2, 0, -2, 0, -2 ], [ 1, 0, 0, 1, 2, -2 ] ] ] ) ), rec(
      Gram := [ [ -1402, -1495, -373, -187, -1246, -1620 ], [ -1495, -1596, -400, -200, -1329, -1728 ], [ -373, -400, -104, -50, -332, -432 ], 
          [ -187, -200, -50, -26, -166, -216 ], [ -1246, -1329, -332, -166, -1108, -1440 ], [ -1620, -1728, -432, -216, -1440, -1872 ] ],
      Trec := rec(
          count := 1,
          grams := [ [ [ 0, 0, 0, 0, 0, 0, 0, 0, 0, 0, 0, 0, 0, 0, 0, 1 ], [ 0, 0, 0, 0, 0, 0, 0, 0, 0, 0, 0, 0, 0, 0, 1, 0 ], 
                  [ 0, 0, -2, 1, -1, -1, -1, -1, -1, 0, 0, 0, -1, 0, 0, 0 ], [ 0, 0, 1, -2, 1, 1, 0, 0, 0, 0, 0, 0, 0, 0, 0, 0 ], 
                  [ 0, 0, -1, 1, -2, 0, 0, 0, 0, 0, 0, 0, -1, 0, 0, 0 ], [ 0, 0, -1, 1, 0, -2, 0, -1, -1, 0, 0, 0, 0, 0, 0, 0 ], 
                  [ 0, 0, -1, 0, 0, 0, -2, -1, 0, 0, 0, 0, -1, 0, 0, 0 ], [ 0, 0, -1, 0, 0, -1, -1, -2, -1, 0, 0, 0, -1, 0, 0, 0 ], 
                  [ 0, 0, -1, 0, 0, -1, 0, -1, -2, 0, 0, 0, 0, 0, 0, 0 ], [ 0, 0, 0, 0, 0, 0, 0, 0, 0, -2, 1, 0, 0, -1, 0, 0 ], 
                  [ 0, 0, 0, 0, 0, 0, 0, 0, 0, 1, -2, 0, 0, 1, 0, 0 ], [ 0, 0, 0, 0, 0, 0, 0, 0, 0, 0, 0, -2, 0, 0, 0, 0 ], 
                  [ 0, 0, -1, 0, -1, 0, -1, -1, 0, 0, 0, 0, -6, 0, 0, 0 ], [ 0, 0, 0, 0, 0, 0, 0, 0, 0, -1, 1, 0, 0, -6, 0, 0 ], 
                  [ 0, 1, 0, 0, 0, 0, 0, 0, 0, 0, 0, 0, 0, 0, 0, 0 ], [ 1, 0, 0, 0, 0, 0, 0, 0, 0, 0, 0, 0, 0, 0, 0, 0 ] ] ],
          method := "Nikulin uniqueness",
          spinorPrimes := [  ] ),
      ampleflag := true,
      basisdual := [ [ 1, 0, 0, 1, 0, 63 ], [ 0, 1, 1, 1, 0, 67 ], [ 0, 0, 4, 0, 0, 18 ], [ 0, 0, 0, 2, 0, 8 ], [ 0, 0, 0, 0, 1, 55 ], [ 0, 0, 0, 0, 0, 72 ] ],
      extdeg := 2,
      extgroupgens := [ [ 1, 1, 0, 72 ], [ 0, 2, 0, 0 ], [ 0, 0, 2, 0 ], [ 0, 0, 0, 144 ] ],
      h := [ 2, 2, 0, -1, 2, -5 ],
      rho := 6,
      sprats := rec(
          nopss := [ 3, 2 ],
          scons := [ [ [ 2, 2, -1, -1, 1, -4 ], [ 2, 2, 1, -1, 3, -6 ] ], [ [ 2, 6, -1, -3, 3, -9 ], [ 2, -2, 1, 1, 1, -1 ] ] ],
          slins := [ [ [ 1, 0, 0, -1, -1, 0 ], [ 1, 2, 0, 0, 3, -5 ] ], [ [ 1, 1, 0, -1, 3, -4 ], [ 1, 1, 0, 0, -1, -1 ] ], [ [ 1, 2, 0, -2, 2, -4 ], [ 1, 0, 0, 1, 0, -1 ] ] 
             ] ) ), rec(
      Gram := [ [ -878, -306, -1752, -2148, -526, -2280 ], [ -306, -108, -615, -752, -184, -798 ], [ -1752, -615, -3512, -4297, -1052, -4560 ], 
          [ -2148, -752, -4297, -5264, -1289, -5586 ], [ -526, -184, -1052, -1289, -316, -1368 ], [ -2280, -798, -4560, -5586, -1368, -5928 ] ],
      Trec := rec(
          count := 1,
          grams := [ [ [ 0, 0, 0, 0, 0, 0, 0, 0, 0, 0, 0, 0, 0, 0, 0, 1 ], [ 0, -2, -1, -1, -1, 1, 1, -1, 1, 0, 0, 0, 0, 0, 0, 0 ], 
                  [ 0, -1, -2, 0, 0, 1, 1, -1, 1, 0, 0, 0, 0, 0, 0, 0 ], [ 0, -1, 0, -2, 0, 0, 1, -1, 1, 0, 0, 0, 0, 0, 0, 0 ], 
                  [ 0, -1, 0, 0, -2, 0, 0, 0, 0, 0, 0, 0, 0, 0, 0, 0 ], [ 0, 1, 1, 0, 0, -2, 0, 1, -1, 0, 0, 0, 0, 0, 0, 0 ], 
                  [ 0, 1, 1, 1, 0, 0, -2, 1, -1, 0, 0, 0, 0, 0, 0, 0 ], [ 0, -1, -1, -1, 0, 1, 1, -2, 1, 0, 0, 0, 0, 0, 0, 0 ], 
                  [ 0, 1, 1, 1, 0, -1, -1, 1, -2, 0, 0, 0, 0, 0, 0, 0 ], [ 0, 0, 0, 0, 0, 0, 0, 0, 0, -2, 0, 1, 0, 0, 0, 0 ], 
                  [ 0, 0, 0, 0, 0, 0, 0, 0, 0, 0, 2, 0, 0, -1, -1, 0 ], [ 0, 0, 0, 0, 0, 0, 0, 0, 0, 1, 0, -4, 0, 1, 0, 0 ], 
                  [ 0, 0, 0, 0, 0, 0, 0, 0, 0, 0, 0, 0, -4, -1, 1, 0 ], [ 0, 0, 0, 0, 0, 0, 0, 0, 0, 0, -1, 1, -1, -4, 0, 0 ], 
                  [ 0, 0, 0, 0, 0, 0, 0, 0, 0, 0, -1, 0, 1, 0, -4, 0 ], [ 1, 0, 0, 0, 0, 0, 0, 0, 0, 0, 0, 0, 0, 0, 0, 0 ] ] ],
          method := "Nikulin uniqueness",
          spinorPrimes := [  ] ),
      ampleflag := true,
      basisdual := [ [ 2, 0, 0, 0, 0, 44 ], [ 0, 1, 1, 0, 0, 16 ], [ 0, 0, 4, 0, 0, 89 ], [ 0, 0, 0, 1, 0, 108 ], [ 0, 0, 0, 0, 1, 26 ], [ 0, 0, 0, 0, 0, 114 ] ],
      extdeg := 1,
      extgroupgens := [ [ 2, 0 ], [ 0, 456 ] ],
      h := [ 1, 2, 0, 2, 2, -3 ],
      rho := 6,
      sprats := rec(
          nopss := [ 0, 6 ],
          scons := [ [ [ 1, 6, -1, 2, 3, -3 ], [ 1, -2, 1, 2, 1, -3 ] ], [ [ 1, 2, -1, 2, 1, -2 ], [ 1, 2, 1, 2, 3, -4 ] ], [ [ 1, 1, 0, 0, 2, -1 ], [ 1, 3, 0, 4, 2, -5 ] ], 
              [ [ 1, 2, 0, -2, 1, 1 ], [ 1, 2, 0, 6, 3, -7 ] ], [ [ 1, 3, 0, 3, 6, -5 ], [ 1, 1, 0, 1, -2, -1 ] ], [ [ 1, 1, 0, 4, 3, -5 ], [ 1, 3, 0, 0, 1, -1 ] ] ],
          slins := [  ] ) ), rec(
      Gram := [ [ -14, -12, 2, -19, -26, 0 ], [ -12, -36, -1, -27, -26, -30 ], [ 2, -1, -4, 0, 0, 0 ], [ -19, -27, 0, -32, -39, -10 ], [ -26, -26, 0, -39, -52, 0 ], 
          [ 0, -30, 0, -10, 0, -40 ] ],
      Trec := rec(
          count := 1,
          grams := [ [ [ -2, 1, 1, 1, -1, 1, -1, 1, 0, 0, 0, 0, 0, 0, 0, 0 ], [ 1, -2, -1, -1, 0, -1, 0, -1, 0, 0, 0, 0, 0, 0, 0, 0 ], 
                  [ 1, -1, -2, 0, 0, 0, 1, -1, 0, 0, 0, 0, 0, 0, 0, 0 ], [ 1, -1, 0, -2, 1, -1, 0, -1, 0, 0, 0, 0, 0, 0, 0, 0 ], 
                  [ -1, 0, 0, 1, -2, 1, 0, 1, 0, 0, 0, 0, 0, 0, 0, 0 ], [ 1, -1, 0, -1, 1, -2, 0, -1, 0, 0, 0, 0, 0, 0, 0, 0 ], 
                  [ -1, 0, 1, 0, 0, 0, -2, 0, 0, 0, 0, 0, 0, 0, 0, 0 ], [ 1, -1, -1, -1, 1, -1, 0, -2, 0, 0, 0, 0, 0, 0, 0, 0 ], 
                  [ 0, 0, 0, 0, 0, 0, 0, 0, -2, -1, 1, -1, 0, 0, 1, -1 ], [ 0, 0, 0, 0, 0, 0, 0, 0, -1, -2, 1, 0, 0, 0, 1, 0 ], 
                  [ 0, 0, 0, 0, 0, 0, 0, 0, 1, 1, -2, 0, 0, 0, -1, 0 ], [ 0, 0, 0, 0, 0, 0, 0, 0, -1, 0, 0, -2, 0, 0, 0, -1 ], 
                  [ 0, 0, 0, 0, 0, 0, 0, 0, 0, 0, 0, 0, 2, 1, 0, 0 ], [ 0, 0, 0, 0, 0, 0, 0, 0, 0, 0, 0, 0, 1, -2, 0, 0 ], 
                  [ 0, 0, 0, 0, 0, 0, 0, 0, 1, 1, -1, 0, 0, 0, 2, -5 ], [ 0, 0, 0, 0, 0, 0, 0, 0, -1, 0, 0, -1, 0, 0, -5, -6 ] ] ],
          method := "Nikulin uniqueness",
          spinorPrimes := [  ] ),
      ampleflag := true,
      basisdual := [ [ 2, 0, 0, 0, 7, 2 ], [ 0, 1, 1, 0, 7, 8 ], [ 0, 0, 4, 0, 1, 1 ], [ 0, 0, 0, 1, 10, 2 ], [ 0, 0, 0, 0, 13, 0 ], [ 0, 0, 0, 0, 0, 10 ] ],
      extdeg := 1,
      extgroupgens := [ [ 2, 0 ], [ 0, 520 ] ],
      h := [ 1, 2, 0, 2, -3, -2 ],
      rho := 6,
      sprats := rec(
          nopss := [ 0, 6 ],
          scons := [ [ [ 1, 2, -1, 2, -3, -2 ], [ 1, 2, 1, 2, -3, -2 ] ], [ [ 1, 6, -1, 2, -5, -5 ], [ 1, -2, 1, 2, -1, 1 ] ], 
              [ [ 1, 3, 0, 3, -4, -3 ], [ 1, 1, 0, 1, -2, -1 ] ], [ [ 1, 2, 0, -2, 0, -1 ], [ 1, 2, 0, 6, -6, -3 ] ], 
              [ [ 1, 1, 0, 0, -1, -1 ], [ 1, 3, 0, 4, -5, -3 ] ], [ [ 1, 3, 0, 0, -2, -2 ], [ 1, 1, 0, 4, -4, -2 ] ] ],
          slins := [  ] ) ), rec(
      Gram := [ [ -3878, -774, -2034, -1356, -2326, -5040 ], [ -774, -156, -408, -272, -465, -1008 ], [ -2034, -408, -1070, -713, -1221, -2646 ], 
          [ -1356, -272, -713, -476, -814, -1764 ], [ -2326, -465, -1221, -814, -1396, -3024 ], [ -5040, -1008, -2646, -1764, -3024, -6552 ] ],
      Trec := rec(
          count := 1,
          grams := [ [ [ 0, 0, 0, 0, 0, 0, 0, 0, 0, 0, 0, 0, 0, 0, 0, 1 ], [ 0, 0, 0, 0, 0, 0, 0, 0, 0, 0, 0, 0, 0, 0, 1, 0 ], 
                  [ 0, 0, -2, 1, -1, 1, 1, 1, -1, 0, 0, 1, 0, 0, 0, 0 ], [ 0, 0, 1, -2, 1, -1, -1, -1, 1, 0, 0, -1, 0, 0, 0, 0 ], 
                  [ 0, 0, -1, 1, -2, 0, 1, 1, -1, 0, 0, 1, 0, 0, 0, 0 ], [ 0, 0, 1, -1, 0, -2, -1, -1, 1, 0, 0, 0, 0, 0, 0, 0 ], 
                  [ 0, 0, 1, -1, 1, -1, -2, -1, 1, 0, 0, 0, 0, 0, 0, 0 ], [ 0, 0, 1, -1, 1, -1, -1, -2, 1, 0, 0, -1, 0, 0, 0, 0 ], 
                  [ 0, 0, -1, 1, -1, 1, 1, 1, -2, 0, 0, 0, 0, 0, 0, 0 ], [ 0, 0, 0, 0, 0, 0, 0, 0, 0, -2, 0, 0, -1, 0, 0, 0 ], 
                  [ 0, 0, 0, 0, 0, 0, 0, 0, 0, 0, -2, 0, 0, 0, 0, 0 ], [ 0, 0, 1, -1, 1, 0, 0, -1, 0, 0, 0, -4, 0, 0, 0, 0 ], 
                  [ 0, 0, 0, 0, 0, 0, 0, 0, 0, -1, 0, 0, -4, 0, 0, 0 ], [ 0, 0, 0, 0, 0, 0, 0, 0, 0, 0, 0, 0, 0, -8, 0, 0 ], 
                  [ 0, 1, 0, 0, 0, 0, 0, 0, 0, 0, 0, 0, 0, 0, 0, 0 ], [ 1, 0, 0, 0, 0, 0, 0, 0, 0, 0, 0, 0, 0, 0, 0, 0 ] ] ],
          method := "Nikulin uniqueness",
          spinorPrimes := [  ] ),
      ampleflag := true,
      basisdual := [ [ 2, 0, 0, 0, 0, 98 ], [ 0, 1, 1, 1, 0, 20 ], [ 0, 0, 2, 1, 0, 51 ], [ 0, 0, 0, 2, 0, 35 ], [ 0, 0, 0, 0, 1, 58 ], [ 0, 0, 0, 0, 0, 126 ] ],
      extdeg := 1,
      extgroupgens := [ [ 2, 0 ], [ 0, 504 ] ],
      h := [ 1, 2, 0, 0, 2, -2 ],
      rho := 6,
      sprats := rec(
          nopss := [ 0, 6 ],
          scons := [ [ [ 1, 2, 2, -1, 3, -3 ], [ 1, 2, -2, 1, 1, -1 ] ], [ [ 1, 6, -2, -1, 3, -2 ], [ 1, -2, 2, 1, 1, -2 ] ], [ [ 1, 1, 0, 0, -2, 0 ], [ 1, 3, 0, 0, 6, -4 ] ]
                , [ [ 1, 2, 0, 2, 3, -3 ], [ 1, 2, 0, -2, 1, -1 ] ], [ [ 1, 3, -1, 1, 2, -2 ], [ 1, 1, 1, -1, 2, -2 ] ], [ [ 1, 1, 1, 1, 3, -3 ], [ 1, 3, -1, -1, 1, -1 ] ] ],
          slins := [  ] ) ), rec(
      Gram := [ [ -1646, -1050, -912, -228, -1462, -2376 ], [ -1050, -672, -585, -146, -934, -1518 ], [ -912, -585, -512, -127, -812, -1320 ], 
          [ -228, -146, -127, -32, -203, -330 ], [ -1462, -934, -812, -203, -1300, -2112 ], [ -2376, -1518, -1320, -330, -2112, -3432 ] ],
      Trec := rec(
          count := 1,
          grams := [ [ [ -2, 1, 1, 1, -1, 1, -1, -1, 0, 0, 0, 0, 0, 0, 0, 0 ], [ 1, -2, -1, -1, 0, -1, 0, 1, 0, 0, 0, 0, 0, 0, 0, 0 ], 
                  [ 1, -1, -2, 0, 0, 0, 1, 1, 0, 0, 0, 0, 0, 0, 0, 0 ], [ 1, -1, 0, -2, 1, -1, 0, 1, 0, 0, 0, 0, 0, 0, 0, 0 ], 
                  [ -1, 0, 0, 1, -2, 1, 0, 0, 0, 0, 0, 0, 0, 0, 0, 0 ], [ 1, -1, 0, -1, 1, -2, 0, 0, 0, 0, 0, 0, 0, 0, 0, 0 ], 
                  [ -1, 0, 1, 0, 0, 0, -2, -1, 0, 0, 0, 0, 0, 0, 0, 0 ], [ -1, 1, 1, 1, 0, 0, -1, -2, 0, 0, 0, 0, 0, 0, 0, 0 ], 
                  [ 0, 0, 0, 0, 0, 0, 0, 0, -2, 1, -1, 1, 0, 0, 1, -1 ], [ 0, 0, 0, 0, 0, 0, 0, 0, 1, -2, 0, -1, 0, 0, 0, 1 ], 
                  [ 0, 0, 0, 0, 0, 0, 0, 0, -1, 0, -2, 0, 0, 0, 1, 0 ], [ 0, 0, 0, 0, 0, 0, 0, 0, 1, -1, 0, -2, 0, 0, 0, 1 ], 
                  [ 0, 0, 0, 0, 0, 0, 0, 0, 0, 0, 0, 0, 2, 0, -1, 0 ], [ 0, 0, 0, 0, 0, 0, 0, 0, 0, 0, 0, 0, 0, -2, 0, 0 ], 
                  [ 0, 0, 0, 0, 0, 0, 0, 0, 1, 0, 1, 0, -1, 0, 2, 1 ], [ 0, 0, 0, 0, 0, 0, 0, 0, -1, 1, 0, 1, 0, 0, 1, -12 ] ] ],
          method := "Nikulin uniqueness",
          spinorPrimes := [  ] ),
      ampleflag := true,
      basisdual := [ [ 2, 0, 0, 0, 0, 46 ], [ 0, 1, 1, 0, 0, 30 ], [ 0, 0, 4, 0, 0, 27 ], [ 0, 0, 0, 1, 0, 7 ], [ 0, 0, 0, 0, 1, 40 ], [ 0, 0, 0, 0, 0, 66 ] ],
      extdeg := 1,
      extgroupgens := [ [ 2, 0 ], [ 0, 264 ] ],
      h := [ 1, 2, 0, 2, 2, -3 ],
      rho := 6,
      sprats := rec(
          nopss := [ 0, 10 ],
          scons := [ [ [ 1, 3, 0, 4, 1, -3 ], [ 1, 1, 0, 0, 3, -3 ] ], [ [ 1, 2, 0, 6, 3, -4 ], [ 1, 2, 0, -2, 1, -2 ] ], [ [ 1, 0, 0, 1, 2, -2 ], [ 1, 4, 0, 3, 2, -4 ] ], 
              [ [ 1, -2, 1, 2, 1, -1 ], [ 1, 6, -1, 2, 3, -5 ] ], [ [ 1, 0, 1, 1, 3, -3 ], [ 1, 4, -1, 3, 1, -3 ] ], [ [ 1, 1, 0, 1, -2, 0 ], [ 1, 3, 0, 3, 6, -6 ] ], 
              [ [ 1, 3, 0, 0, 0, -2 ], [ 1, 1, 0, 4, 4, -4 ] ], [ [ 1, 2, -1, 2, 1, -2 ], [ 1, 2, 1, 2, 3, -4 ] ], [ [ 1, 0, 0, 3, 0, -1 ], [ 1, 4, 0, 1, 4, -5 ] ], 
              [ [ 1, 4, -1, 1, 3, -4 ], [ 1, 0, 1, 3, 1, -2 ] ] ],
          slins := [  ] ) ), rec(
      Gram := [ [ -1358, -1308, -1986, -192, -2326, -2520 ], [ -1308, -1262, -1916, -187, -2243, -2430 ], [ -1986, -1916, -2910, -285, -3406, -3690 ], 
          [ -192, -187, -285, -32, -332, -360 ], [ -2326, -2243, -3406, -332, -3988, -4320 ], [ -2520, -2430, -3690, -360, -4320, -4680 ] ],
      Trec := rec(
          count := 1,
          grams := [ [ [ 0, 0, 0, 0, 0, 0, 0, 0, 0, 0, 0, 0, 0, 0, 0, 1 ], [ 0, 0, 0, 0, 0, 0, 0, 0, 0, 0, 0, 0, 0, 0, 1, 0 ], 
                  [ 0, 0, -2, -1, -1, -1, 1, -1, -1, 0, 0, 0, -1, 0, 0, 0 ], [ 0, 0, -1, -2, 0, -1, 1, 0, -1, 0, 0, 0, -1, 0, 0, 0 ], 
                  [ 0, 0, -1, 0, -2, -1, 0, -1, 0, 0, 0, 0, -1, 0, 0, 0 ], [ 0, 0, -1, -1, -1, -2, 0, 0, -1, 0, 0, 0, -1, 0, 0, 0 ], 
                  [ 0, 0, 1, 1, 0, 0, -2, 0, 1, 0, 0, 0, 1, 0, 0, 0 ], [ 0, 0, -1, 0, -1, 0, 0, -2, 0, 0, 0, 0, 0, 0, 0, 0 ], 
                  [ 0, 0, -1, -1, 0, -1, 1, 0, -2, 0, 0, 0, -1, 0, 0, 0 ], [ 0, 0, 0, 0, 0, 0, 0, 0, 0, -2, 1, 0, 0, 1, 0, 0 ], 
                  [ 0, 0, 0, 0, 0, 0, 0, 0, 0, 1, -2, 0, 0, 0, 0, 0 ], [ 0, 0, 0, 0, 0, 0, 0, 0, 0, 0, 0, -2, 0, 0, 0, 0 ], 
                  [ 0, 0, -1, -1, -1, -1, 1, 0, -1, 0, 0, 0, -6, 0, 0, 0 ], [ 0, 0, 0, 0, 0, 0, 0, 0, 0, 1, 0, 0, 0, -14, 0, 0 ], 
                  [ 0, 1, 0, 0, 0, 0, 0, 0, 0, 0, 0, 0, 0, 0, 0, 0 ], [ 1, 0, 0, 0, 0, 0, 0, 0, 0, 0, 0, 0, 0, 0, 0, 0 ] ] ],
          method := "Nikulin uniqueness",
          spinorPrimes := [  ] ),
      ampleflag := true,
      basisdual := [ [ 2, 0, 0, 0, 0, 50 ], [ 0, 1, 0, 0, 0, 47 ], [ 0, 0, 1, 1, 0, 71 ], [ 0, 0, 0, 4, 0, 5 ], [ 0, 0, 0, 0, 1, 83 ], [ 0, 0, 0, 0, 0, 90 ] ],
      extdeg := 1,
      extgroupgens := [ [ 2, 0 ], [ 0, 360 ] ],
      h := [ 1, 2, 2, 0, 2, -5 ],
      rho := 6,
      sprats := rec(
          nopss := [ 0, 8 ],
          scons := [ [ [ 1, -2, 2, 0, 1, -2 ], [ 1, 6, 2, 0, 3, -8 ] ], [ [ 1, 3, 3, 0, 6, -10 ], [ 1, 1, 1, 0, -2, 0 ] ], [ [ 1, 1, 0, 0, 1, -2 ], [ 1, 3, 4, 0, 3, -8 ] ], 
              [ [ 1, 2, -2, 1, 1, -1 ], [ 1, 2, 6, -1, 3, -9 ] ], [ [ 1, 1, 0, 1, 2, -3 ], [ 1, 3, 4, -1, 2, -7 ] ], [ [ 1, 2, 2, -1, 1, -4 ], [ 1, 2, 2, 1, 3, -6 ] ], 
              [ [ 1, 3, 0, 0, 1, -3 ], [ 1, 1, 4, 0, 3, -7 ] ], [ [ 1, 1, 4, -1, 2, -6 ], [ 1, 3, 0, 1, 2, -4 ] ] ],
          slins := [  ] ) ), rec(
      Gram := [ [ -10, -38, -32, -20, -14, -48 ], [ -38, -156, -136, -80, -57, -192 ], [ -32, -136, -122, -68, -50, -168 ], [ -20, -80, -68, -44, -28, -96 ], 
          [ -14, -57, -50, -28, -22, -72 ], [ -48, -192, -168, -96, -72, -240 ] ],
      Trec := rec(
          count := 1,
          grams := [ [ [ 0, 0, 0, 0, 0, 0, 0, 0, 0, 0, 0, 0, 0, 0, 0, 1 ], [ 0, 0, 0, 0, 0, 0, 0, 0, 0, 0, 0, 0, 0, 0, 1, 0 ], 
                  [ 0, 0, -2, 1, -1, 1, 1, -1, -1, 1, 0, 0, 0, 0, 0, 0 ], [ 0, 0, 1, -2, 0, -1, -1, 1, 0, -1, 0, 0, 0, 0, 0, 0 ], 
                  [ 0, 0, -1, 0, -2, 1, 0, -1, 0, 1, 0, 0, 0, 0, 0, 0 ], [ 0, 0, 1, -1, 1, -2, -1, 1, 0, -1, 0, 0, 0, 0, 0, 0 ], 
                  [ 0, 0, 1, -1, 0, -1, -2, 0, 0, -1, 0, 0, 0, 0, 0, 0 ], [ 0, 0, -1, 1, -1, 1, 0, -2, 0, 1, 0, 0, 0, 0, 0, 0 ], 
                  [ 0, 0, -1, 0, 0, 0, 0, 0, -2, 0, 0, 0, 0, 0, 0, 0 ], [ 0, 0, 1, -1, 1, -1, -1, 1, 0, -2, 0, 0, 0, 0, 0, 0 ], 
                  [ 0, 0, 0, 0, 0, 0, 0, 0, 0, 0, -2, 0, 0, 0, 0, 0 ], [ 0, 0, 0, 0, 0, 0, 0, 0, 0, 0, 0, -2, 0, 0, 0, 0 ], [ 0, 0, 0, 0, 0, 0, 0, 0, 0, 0, 0, 0, -4, 0, 0, 0 
                     ], [ 0, 0, 0, 0, 0, 0, 0, 0, 0, 0, 0, 0, 0, -48, 0, 0 ], [ 0, 1, 0, 0, 0, 0, 0, 0, 0, 0, 0, 0, 0, 0, 0, 0 ], 
                  [ 1, 0, 0, 0, 0, 0, 0, 0, 0, 0, 0, 0, 0, 0, 0, 0 ] ] ],
          method := "Nikulin uniqueness",
          spinorPrimes := [  ] ),
      ampleflag := true,
      basisdual := [ [ 2, 0, 0, 2, 0, 6 ], [ 0, 1, 1, 2, 0, 21 ], [ 0, 0, 4, 0, 0, 18 ], [ 0, 0, 0, 4, 0, 12 ], [ 0, 0, 0, 0, 1, 7 ], [ 0, 0, 0, 0, 0, 24 ] ],
      extdeg := 1,
      extgroupgens := [ [ 2, 0, 0, 0 ], [ 0, 2, 0, 0 ], [ 0, 0, 4, 0 ], [ 0, 0, 0, 48 ] ],
      h := [ 1, 2, 0, -1, 2, -2 ],
      rho := 6,
      sprats := rec(
          nopss := [ 0, 7 ],
          scons := [ [ [ 1, 2, -1, -1, 1, -1 ], [ 1, 2, 1, -1, 3, -3 ] ], [ [ 1, 6, -1, -3, 3, -4 ], [ 1, -2, 1, 1, 1, 0 ] ], [ [ 1, 2, 0, -2, 0, -1 ], [ 1, 2, 0, 0, 4, -3 ] 
                 ], [ [ 1, 3, 0, -2, 4, -3 ], [ 1, 1, 0, 0, 0, -1 ] ], [ [ 1, 1, 0, -1, 1, -1 ], [ 1, 3, 0, -1, 3, -3 ] ], [ [ 1, 3, 0, -2, 1, -2 ], [ 1, 1, 0, 0, 3, -2 ] ], 
              [ [ 1, 1, 0, -1, -2, 0 ], [ 1, 3, 0, -1, 6, -4 ] ] ],
          slins := [  ] ) ), rec(
      Gram := [ [ -8, -31, -27, -18, -10, -36 ], [ -31, -156, -136, -80, -57, -192 ], [ -27, -136, -122, -68, -50, -168 ], [ -18, -80, -68, -44, -28, -96 ], 
          [ -10, -57, -50, -28, -22, -72 ], [ -36, -192, -168, -96, -72, -240 ] ],
      Trec := rec(
          count := 1,
          grams := [ [ [ 0, 0, 0, 0, 0, 0, 0, 0, 0, 0, 0, 0, 0, 0, 0, 1 ], [ 0, 0, 0, 0, 0, 0, 0, 0, 0, 0, 0, 0, 0, 0, 1, 0 ], 
                  [ 0, 0, -2, 1, -1, 1, 1, -1, -1, 1, 0, 0, 0, 0, 0, 0 ], [ 0, 0, 1, -2, 0, -1, -1, 1, 0, -1, 0, 0, 0, 0, 0, 0 ], 
                  [ 0, 0, -1, 0, -2, 1, 0, -1, 0, 1, 0, 0, 0, 0, 0, 0 ], [ 0, 0, 1, -1, 1, -2, -1, 1, 0, -1, 0, 0, 0, 0, 0, 0 ], 
                  [ 0, 0, 1, -1, 0, -1, -2, 0, 0, -1, 0, 0, 0, 0, 0, 0 ], [ 0, 0, -1, 1, -1, 1, 0, -2, 0, 1, 0, 0, 0, 0, 0, 0 ], 
                  [ 0, 0, -1, 0, 0, 0, 0, 0, -2, 0, 0, 0, 0, 0, 0, 0 ], [ 0, 0, 1, -1, 1, -1, -1, 1, 0, -2, 0, 0, 0, 0, 0, 0 ], 
                  [ 0, 0, 0, 0, 0, 0, 0, 0, 0, 0, -2, -1, 1, 0, 0, 0 ], [ 0, 0, 0, 0, 0, 0, 0, 0, 0, 0, -1, -2, 0, 0, 0, 0 ], 
                  [ 0, 0, 0, 0, 0, 0, 0, 0, 0, 0, 1, 0, -6, 0, 0, 0 ], [ 0, 0, 0, 0, 0, 0, 0, 0, 0, 0, 0, 0, 0, -12, 0, 0 ], 
                  [ 0, 1, 0, 0, 0, 0, 0, 0, 0, 0, 0, 0, 0, 0, 0, 0 ], [ 1, 0, 0, 0, 0, 0, 0, 0, 0, 0, 0, 0, 0, 0, 0, 0 ] ] ],
          method := "Nikulin uniqueness",
          spinorPrimes := [  ] ),
      ampleflag := true,
      basisdual := [ [ 1, 0, 2, 3, 0, 6 ], [ 0, 1, 1, 2, 0, 21 ], [ 0, 0, 4, 0, 0, 18 ], [ 0, 0, 0, 4, 0, 12 ], [ 0, 0, 0, 0, 1, 7 ], [ 0, 0, 0, 0, 0, 24 ] ],
      extdeg := 2,
      extgroupgens := [ [ 1, 1, 0, 0 ], [ 0, 2, 0, 0 ], [ 0, 0, 4, 0 ], [ 0, 0, 0, 48 ] ],
      h := [ 2, 2, -1, -2, 2, -1 ],
      rho := 6,
      sprats := rec(
          nopss := [ 4, 1 ],
          scons := [ [ [ 2, 2, -2, -2, 1, 0 ], [ 2, 2, 0, -2, 3, -2 ] ] ],
          slins := [ [ [ 1, 2, -1, -2, -1, 0 ], [ 1, 0, 0, 0, 3, -1 ] ], [ [ 1, 3, -1, -2, 3, -2 ], [ 1, -1, 0, 0, -1, 1 ] ], 
              [ [ 1, 3, -1, -2, 0, -1 ], [ 1, -1, 0, 0, 2, 0 ] ], [ [ 1, 2, -1, -1, 1, -1 ], [ 1, 0, 0, -1, 1, 0 ] ] ] ) ), rec(
      Gram := [ [ -10, 1, -14, 0, -10, -20 ], [ 1, -4, -3, -2, -5, 0 ], [ -14, -3, -26, 0, -20, -30 ], [ 0, -2, 0, -4, 0, 0 ], [ -10, -5, -20, 0, -20, -20 ], 
          [ -20, 0, -30, 0, -20, -40 ] ],
      Trec := rec(
          count := 1,
          grams := [ [ [ 0, 0, 0, 0, 0, 0, 0, 0, 0, 0, 0, 0, 0, 0, 0, 1 ], [ 0, 0, 0, 0, 0, 0, 0, 0, 0, 0, 0, 0, 0, 0, 10, 0 ], 
                  [ 0, 0, -2, 1, -1, 1, 1, 1, -1, 1, 0, 0, 0, 0, -1, 0 ], [ 0, 0, 1, -2, 1, 0, -1, -1, 0, 0, 0, 0, 0, 0, 0, 0 ], 
                  [ 0, 0, -1, 1, -2, 1, 1, 1, 0, 0, 0, 0, 0, 0, -1, 0 ], [ 0, 0, 1, 0, 1, -2, -1, 0, 1, -1, 0, 0, 0, 0, 5, 0 ], 
                  [ 0, 0, 1, -1, 1, -1, -2, -1, 0, -1, 0, 0, 0, 0, 1, 0 ], [ 0, 0, 1, -1, 1, 0, -1, -2, 0, 0, 0, 0, 0, 0, 1, 0 ], 
                  [ 0, 0, -1, 0, 0, 1, 0, 0, -2, 1, 0, 0, 0, 0, 2, 0 ], [ 0, 0, 1, 0, 0, -1, -1, 0, 1, -2, 0, 0, 0, 0, -6, 0 ], 
                  [ 0, 0, 0, 0, 0, 0, 0, 0, 0, 0, -2, 1, -1, 0, 0, 0 ], [ 0, 0, 0, 0, 0, 0, 0, 0, 0, 0, 1, -2, 0, 0, 4, 0 ], 
                  [ 0, 0, 0, 0, 0, 0, 0, 0, 0, 0, -1, 0, -2, 0, 4, 0 ], [ 0, 0, 0, 0, 0, 0, 0, 0, 0, 0, 0, 0, 0, -2, -6, 0 ], 
                  [ 0, 10, -1, 0, -1, 5, 1, 1, 2, -6, 0, 4, 4, -6, -2, 0 ], [ 1, 0, 0, 0, 0, 0, 0, 0, 0, 0, 0, 0, 0, 0, 0, 0 ] ] ],
          method := "Nikulin uniqueness",
          spinorPrimes := [  ] ),
      ampleflag := true,
      basisdual := [ [ 2, 0, 0, 2, 1, 7 ], [ 0, 1, 1, 2, 4, 1 ], [ 0, 0, 2, 0, 3, 7 ], [ 0, 0, 0, 4, 2, 2 ], [ 0, 0, 0, 0, 5, 5 ], [ 0, 0, 0, 0, 0, 10 ] ],
      extdeg := 1,
      extgroupgens := [ [ 2, 0, 0, 0 ], [ 0, 2, 0, 0 ], [ 0, 0, 10, 0 ], [ 0, 0, 0, 20 ] ],
      h := [ 1, 2, 0, -1, -1, 0 ],
      rho := 6,
      sprats := rec(
          nopss := [ 0, 7 ],
          scons := [ [ [ 1, 6, -2, -3, -2, 2 ], [ 1, -2, 2, 1, 0, -2 ] ], [ [ 1, 2, -2, -1, 0, 1 ], [ 1, 2, 2, -1, -2, -1 ] ], 
              [ [ 1, 1, 0, -1, -1, 0 ], [ 1, 3, 0, -1, -1, 0 ] ], [ [ 1, 1, 0, 0, -1, 0 ], [ 1, 3, 0, -2, -1, 0 ] ], 
              [ [ 1, 2, 0, -2, -1, 0 ], [ 1, 2, 0, 0, -1, 0 ] ], [ [ 1, 1, 1, -1, -1, -1 ], [ 1, 3, -1, -1, -1, 1 ] ], [ [ 1, 3, -1, -2, -1, 1 ], [ 1, 1, 1, 0, -1, -1 ] ] ],
          slins := [  ] ) ), rec(
      Gram := [ [ -16, -1, -20, 0, -15, -25 ], [ -1, -4, -3, -2, -5, 0 ], [ -20, -3, -26, 0, -20, -30 ], [ 0, -2, 0, -4, 0, 0 ], [ -15, -5, -20, 0, -20, -20 ], 
          [ -25, 0, -30, 0, -20, -40 ] ],
      Trec := rec(
          count := 1,
          grams := [ [ [ 0, 0, 0, 0, 0, 0, 0, 0, 0, 0, 0, 0, 0, 0, 0, 1 ], [ 0, -2, 1, -1, 1, 1, -1, -1, -1, 0, 0, 0, 0, 0, 0, 0 ], 
                  [ 0, 1, -2, 0, -1, -1, 0, 0, 1, 0, 0, 0, 0, 0, 0, 0 ], [ 0, -1, 0, -2, 1, 1, -1, -1, 0, 0, 0, 0, 0, 0, 0, 0 ], 
                  [ 0, 1, -1, 1, -2, -1, 1, 1, 0, 0, 0, 0, 0, 0, 0, 0 ], [ 0, 1, -1, 1, -1, -2, 1, 1, 0, 0, 0, 0, 0, 0, 0, 0 ], 
                  [ 0, -1, 0, -1, 1, 1, -2, -1, 0, 0, 0, 0, 0, 0, 0, 0 ], [ 0, -1, 0, -1, 1, 1, -1, -2, 0, 0, 0, 0, 0, 0, 0, 0 ], 
                  [ 0, -1, 1, 0, 0, 0, 0, 0, -2, 0, 0, 0, 0, 0, 0, 0 ], [ 0, 0, 0, 0, 0, 0, 0, 0, 0, -2, 1, -1, 0, 0, 1, 0 ], 
                  [ 0, 0, 0, 0, 0, 0, 0, 0, 0, 1, -2, 0, 0, 1, 2, 0 ], [ 0, 0, 0, 0, 0, 0, 0, 0, 0, -1, 0, -2, 0, 1, 2, 0 ], 
                  [ 0, 0, 0, 0, 0, 0, 0, 0, 0, 0, 0, 0, -2, 1, 1, 0 ], [ 0, 0, 0, 0, 0, 0, 0, 0, 0, 0, 1, 1, 1, -4, 0, 0 ], 
                  [ 0, 0, 0, 0, 0, 0, 0, 0, 0, 1, 2, 2, 1, 0, 2, 0 ], [ 1, 0, 0, 0, 0, 0, 0, 0, 0, 0, 0, 0, 0, 0, 0, 0 ] ] ],
          method := "Nikulin uniqueness",
          spinorPrimes := [  ] ),
      ampleflag := true,
      basisdual := [ [ 1, 0, 1, 1, 2, 7 ], [ 0, 1, 1, 2, 4, 1 ], [ 0, 0, 2, 0, 3, 7 ], [ 0, 0, 0, 4, 2, 2 ], [ 0, 0, 0, 0, 5, 5 ], [ 0, 0, 0, 0, 0, 10 ] ],
      extdeg := 2,
      extgroupgens := [ [ 2, 0, 0, 0 ], [ 0, 1, 0, 0 ], [ 0, 0, 10, 0 ], [ 0, 0, 0, 20 ] ],
      h := [ 2, 2, -1, -1, -1, 0 ],
      rho := 6,
      sprats := rec(
          nopss := [ 4, 1 ],
          scons := [ [ [ 2, 6, -3, -3, -2, 2 ], [ 2, -2, 1, 1, 0, -2 ] ] ],
          slins := [ [ [ 1, 0, -1, 0, 0, 0 ], [ 1, 2, 0, -1, -1, 0 ] ], [ [ 1, 1, -1, -1, 0, 0 ], [ 1, 1, 0, 0, -1, 0 ] ], [ [ 1, 2, -2, -1, 0, 1 ], [ 1, 0, 1, 0, -1, -1 ] ],
              [ [ 1, 1, -1, 0, 0, 0 ], [ 1, 1, 0, -1, -1, 0 ] ] ] ) ), rec(
      Gram := [ [ -30, -22, -37, 0, -30, -60 ], [ -22, -20, -31, -3, -25, -45 ], [ -37, -31, -50, -3, -40, -75 ], [ 0, -3, -3, -4, 0, 0 ], [ -30, -25, -40, 0, -40, -60 ], 
          [ -60, -45, -75, 0, -60, -120 ] ],
      Trec := rec(
          count := 1,
          grams := [ [ [ 0, 0, 0, 0, 0, 0, 0, 0, 0, 0, 0, 0, 0, 0, 0, 1 ], [ 0, -2, -1, -1, -1, 1, 1, -1, 1, 0, 0, 0, 0, 0, 0, 0 ], 
                  [ 0, -1, -2, 0, 0, 1, 1, -1, 1, 0, 0, 0, 0, 0, 0, 0 ], [ 0, -1, 0, -2, 0, 0, 1, -1, 1, 0, 0, 0, 0, 0, 0, 0 ], 
                  [ 0, -1, 0, 0, -2, 0, 0, 0, 0, 0, 0, 0, 0, 0, 0, 0 ], [ 0, 1, 1, 0, 0, -2, 0, 1, -1, 0, 0, 0, 0, 0, 0, 0 ], 
                  [ 0, 1, 1, 1, 0, 0, -2, 1, -1, 0, 0, 0, 0, 0, 0, 0 ], [ 0, -1, -1, -1, 0, 1, 1, -2, 1, 0, 0, 0, 0, 0, 0, 0 ], 
                  [ 0, 1, 1, 1, 0, -1, -1, 1, -2, 0, 0, 0, 0, 0, 0, 0 ], [ 0, 0, 0, 0, 0, 0, 0, 0, 0, -2, -1, 1, 1, 1, 0, 0 ], 
                  [ 0, 0, 0, 0, 0, 0, 0, 0, 0, -1, -2, 0, 1, 0, 0, 0 ], [ 0, 0, 0, 0, 0, 0, 0, 0, 0, 1, 0, -4, -2, -2, 0, 0 ], 
                  [ 0, 0, 0, 0, 0, 0, 0, 0, 0, 1, 1, -2, -4, 0, 0, 0 ], [ 0, 0, 0, 0, 0, 0, 0, 0, 0, 1, 0, -2, 0, -4, 0, 0 ], 
                  [ 0, 0, 0, 0, 0, 0, 0, 0, 0, 0, 0, 0, 0, 0, 10, 0 ], [ 1, 0, 0, 0, 0, 0, 0, 0, 0, 0, 0, 0, 0, 0, 0, 0 ] ] ],
          method := "Nikulin uniqueness",
          spinorPrimes := [  ] ),
      ampleflag := true,
      basisdual := [ [ 2, 0, 0, 2, 1, 8 ], [ 0, 1, 0, 3, 3, 6 ], [ 0, 0, 1, 3, 3, 10 ], [ 0, 0, 0, 4, 2, 1 ], [ 0, 0, 0, 0, 5, 5 ], [ 0, 0, 0, 0, 0, 15 ] ],
      extdeg := 1,
      extgroupgens := [ [ 10, 0 ], [ 0, 60 ] ],
      h := [ 1, 2, 2, -3, -1, -2 ],
      rho := 6,
      sprats := rec(
          nopss := [ 0, 9 ],
          scons := [ [ [ 1, -2, 2, 0, 0, -1 ], [ 1, 6, 2, -6, -2, -3 ] ], [ [ 1, 0, 1, -1, 0, -1 ], [ 1, 4, 3, -5, -2, -3 ] ], 
              [ [ 1, 2, 6, -6, -2, -4 ], [ 1, 2, -2, 0, 0, 0 ] ], [ [ 1, 3, 4, -5, -2, -3 ], [ 1, 1, 0, -1, 0, -1 ] ], 
              [ [ 1, 1, 1, -2, -1, -1 ], [ 1, 3, 3, -4, -1, -3 ] ], [ [ 1, 2, 2, -4, -1, -2 ], [ 1, 2, 2, -2, -1, -2 ] ], [ [ 1, 0, 3, -2, -1, -2 ], [ 1, 4, 1, -4, -1, -2 ] ]
                , [ [ 1, 1, 1, -1, -1, -1 ], [ 1, 3, 3, -5, -1, -3 ] ], [ [ 1, 1, 4, -4, -1, -3 ], [ 1, 3, 0, -2, -1, -1 ] ] ],
          slins := [  ] ) ), rec(
      Gram := [ [ -1426, -1366, -1960, -476, -2138, -2376 ], [ -1366, -1310, -1879, -457, -2049, -2277 ], [ -1960, -1879, -2696, -655, -2940, -3267 ], 
          [ -476, -457, -655, -164, -712, -792 ], [ -2138, -2049, -2940, -712, -3208, -3564 ], [ -2376, -2277, -3267, -792, -3564, -3960 ] ],
      Trec := rec(
          count := 1,
          grams := [ [ [ 0, 0, 0, 0, 0, 0, 0, 0, 0, 0, 0, 0, 0, 0, 0, 1 ], [ 0, -2, -1, 1, -1, -1, 1, 1, 0, 0, 0, 0, 1, 0, 0, 0 ], 
                  [ 0, -1, -2, 0, -1, 0, 0, 0, 0, 0, 0, 0, 0, 0, 0, 0 ], [ 0, 1, 0, -2, 1, 1, -1, -1, 0, 0, 0, 0, -1, 0, 0, 0 ], 
                  [ 0, -1, -1, 1, -2, -1, 1, 1, 0, 0, 0, 0, 0, 0, 0, 0 ], [ 0, -1, 0, 1, -1, -2, 1, 1, 0, 0, 0, 0, 1, 0, 0, 0 ], 
                  [ 0, 1, 0, -1, 1, 1, -2, -1, 0, 0, 0, 0, 0, 0, 0, 0 ], [ 0, 1, 0, -1, 1, 1, -1, -2, 0, 0, 0, 0, -1, 0, 0, 0 ], 
                  [ 0, 0, 0, 0, 0, 0, 0, 0, 2, 0, -1, 1, 0, 1, 1, 0 ], [ 0, 0, 0, 0, 0, 0, 0, 0, 0, -2, 1, -1, 0, 0, 1, 0 ], 
                  [ 0, 0, 0, 0, 0, 0, 0, 0, -1, 1, -2, -1, 0, -1, -2, 0 ], [ 0, 0, 0, 0, 0, 0, 0, 0, 1, -1, -1, -2, 0, 0, 1, 0 ], 
                  [ 0, 1, 0, -1, 0, 1, 0, -1, 0, 0, 0, 0, -4, 0, 0, 0 ], [ 0, 0, 0, 0, 0, 0, 0, 0, 1, 0, -1, 0, 0, -2, 1, 0 ], 
                  [ 0, 0, 0, 0, 0, 0, 0, 0, 1, 1, -2, 1, 0, 1, -4, 0 ], [ 1, 0, 0, 0, 0, 0, 0, 0, 0, 0, 0, 0, 0, 0, 0, 0 ] ] ],
          method := "Nikulin uniqueness",
          spinorPrimes := [  ] ),
      ampleflag := true,
      basisdual := [ [ 2, 0, 0, 2, 0, 60 ], [ 0, 1, 0, 1, 0, 57 ], [ 0, 0, 1, 1, 0, 82 ], [ 0, 0, 0, 4, 0, 19 ], [ 0, 0, 0, 0, 1, 89 ], [ 0, 0, 0, 0, 0, 99 ] ],
      extdeg := 1,
      extgroupgens := [ [ 2, 0 ], [ 0, 396 ] ],
      h := [ 1, 2, 2, -1, 2, -5 ],
      rho := 6,
      sprats := rec(
          nopss := [ 0, 7 ],
          scons := [ [ [ 1, -2, 2, 0, 1, -2 ], [ 1, 6, 2, -2, 3, -8 ] ], [ [ 1, 2, 6, -2, 3, -9 ], [ 1, 2, -2, 0, 1, -1 ] ], [ [ 1, 3, 4, -2, 2, -7 ], [ 1, 1, 0, 0, 2, -3 ] ]
                , [ [ 1, 1, 4, -1, 3, -7 ], [ 1, 3, 0, -1, 1, -3 ] ], [ [ 1, 2, 2, -2, 0, -3 ], [ 1, 2, 2, 0, 4, -7 ] ], [ [ 1, 1, 1, -1, -2, 0 ], [ 1, 3, 3, -1, 6, -10 ] ], 
              [ [ 1, 3, 3, -2, 4, -8 ], [ 1, 1, 1, 0, 0, -2 ] ] ],
          slins := [  ] ) ), rec(
      Gram := [ [ -56, 0, -13, -69, -69, -84 ], [ 0, -4, 0, 0, 0, 0 ], [ -13, 0, -4, -18, -18, -21 ], [ -69, 0, -18, -90, -87, -105 ], [ -69, 0, -18, -87, -90, -105 ], 
          [ -84, 0, -21, -105, -105, -126 ] ],
      Trec := rec(
          count := 1,
          grams := [ [ [ -2, -1, -1, 1, 1, 1, -1, 1, 0, 1, -1, 0, -1, 0, -1, 0 ], [ -1, -2, 0, 1, 0, 1, 0, 0, 0, 0, -1, 0, -1, 0, 0, 0 ], 
                  [ -1, 0, -2, 0, 1, 0, -1, 1, 0, 0, -1, 0, -1, 0, 0, 0 ], [ 1, 1, 0, -2, 0, -1, 0, 0, 0, 0, 1, 0, 1, 0, 0, 0 ], 
                  [ 1, 0, 1, 0, -2, 0, 1, -1, 0, 0, 1, 0, 1, 0, 1, 0 ], [ 1, 1, 0, -1, 0, -2, 0, 0, 0, -1, 1, 0, 1, 0, 0, 0 ], 
                  [ -1, 0, -1, 0, 1, 0, -2, 1, 0, 0, 0, 0, 0, 0, -1, 0 ], [ 1, 0, 1, 0, -1, 0, 1, -2, 0, 0, 0, 0, 0, 0, 0, 0 ], 
                  [ 0, 0, 0, 0, 0, 0, 0, 0, -2, -1, 1, 0, 0, 0, -1, 0 ], [ 1, 0, 0, 0, 0, -1, 0, 0, -1, -4, 0, 0, 0, 0, 0, 0 ], 
                  [ -1, -1, -1, 1, 1, 1, 0, 0, 1, 0, -4, 0, -2, 0, 1, 0 ], [ 0, 0, 0, 0, 0, 0, 0, 0, 0, 0, 0, -2, -1, -1, -1, 0 ], 
                  [ -1, -1, -1, 1, 1, 1, 0, 0, 0, 0, -2, -1, -4, 0, 0, 0 ], [ 0, 0, 0, 0, 0, 0, 0, 0, 0, 0, 0, -1, 0, -2, -1, 0 ], 
                  [ -1, 0, 0, 0, 1, 0, -1, 0, -1, 0, 1, -1, 0, -1, -2, 0 ], [ 0, 0, 0, 0, 0, 0, 0, 0, 0, 0, 0, 0, 0, 0, 0, 6 ] ] ],
          method := "Nikulin uniqueness",
          spinorPrimes := [  ] ),
      ampleflag := true,
      basisdual := [ [ 2, 2, 0, 0, 0, 15 ], [ 0, 4, 0, 0, 0, 0 ], [ 0, 0, 1, 1, 1, 4 ], [ 0, 0, 0, 3, 0, 18 ], [ 0, 0, 0, 0, 3, 18 ], [ 0, 0, 0, 0, 0, 21 ] ],
      extdeg := 1,
      extgroupgens := [ [ 3, 0, 0 ], [ 0, 6, 0 ], [ 0, 0, 84 ] ],
      h := [ 1, 0, 2, 0, 0, -1 ],
      rho := 6,
      sprats := rec(
          nopss := [ 0, 5 ],
          scons := [ [ [ 1, -1, 2, 0, 0, -1 ], [ 1, 1, 2, 0, 0, -1 ] ], [ [ 1, 0, 1, 0, 0, -1 ], [ 1, 0, 3, 0, 0, -1 ] ], [ [ 1, 0, 1, 0, -1, 0 ], [ 1, 0, 3, 0, 1, -2 ] ], 
              [ [ 1, 0, 6, -1, -1, 0 ], [ 1, 0, -2, 1, 1, -2 ] ], [ [ 1, 0, 3, 1, 0, -2 ], [ 1, 0, 1, -1, 0, 0 ] ] ],
          slins := [  ] ) ), rec(
      Gram := [ [ -110, 0, -146, -54, -128, -330 ], [ 0, -4, 0, 0, 0, 0 ], [ -146, 0, -196, -74, -171, -440 ], [ -54, 0, -74, -30, -64, -165 ], 
          [ -128, 0, -171, -64, -150, -385 ], [ -330, 0, -440, -165, -385, -990 ] ],
      Trec := rec(
          count := 1,
          grams := [ [ [ 0, 0, 0, 0, 0, 0, 0, 0, 0, 0, 0, 0, 0, 0, 0, 1 ], [ 0, -2, 1, 1, 1, 1, -1, 1, 1, 0, 0, 0, 0, 0, 0, 0 ], 
                  [ 0, 1, -2, -1, 0, -1, 0, -1, -1, 0, 0, 0, 0, 0, 0, 0 ], [ 0, 1, -1, -2, -1, -1, 1, 0, -1, 0, 0, 0, 0, 0, 0, 0 ], 
                  [ 0, 1, 0, -1, -2, -1, 1, 0, 0, 0, 0, 0, 0, 0, 0, 0 ], [ 0, 1, -1, -1, -1, -2, 0, -1, -1, 0, 0, 0, 0, 0, 0, 0 ], 
                  [ 0, -1, 0, 1, 1, 0, -2, 0, 0, 0, 0, 0, 0, 0, 0, 0 ], [ 0, 1, -1, 0, 0, -1, 0, -2, -1, 0, 0, 0, 0, 0, 0, 0 ], 
                  [ 0, 1, -1, -1, 0, -1, 0, -1, -2, 0, 0, 0, 0, 0, 0, 0 ], [ 0, 0, 0, 0, 0, 0, 0, 0, 0, -2, 0, 0, -1, -1, 0, 0 ], 
                  [ 0, 0, 0, 0, 0, 0, 0, 0, 0, 0, -2, 0, 1, 0, 0, 0 ], [ 0, 0, 0, 0, 0, 0, 0, 0, 0, 0, 0, -2, -1, -1, 0, 0 ], 
                  [ 0, 0, 0, 0, 0, 0, 0, 0, 0, -1, 1, -1, -4, -1, 0, 0 ], [ 0, 0, 0, 0, 0, 0, 0, 0, 0, -1, 0, -1, -1, -4, 0, 0 ], 
                  [ 0, 0, 0, 0, 0, 0, 0, 0, 0, 0, 0, 0, 0, 0, 22, 0 ], [ 1, 0, 0, 0, 0, 0, 0, 0, 0, 0, 0, 0, 0, 0, 0, 0 ] ] ],
          method := "Nikulin uniqueness",
          spinorPrimes := [  ] ),
      ampleflag := true,
      basisdual := [ [ 2, 2, 0, 0, 0, 20 ], [ 0, 4, 0, 0, 0, 0 ], [ 0, 0, 1, 1, 0, 25 ], [ 0, 0, 0, 3, 0, 10 ], [ 0, 0, 0, 0, 1, 21 ], [ 0, 0, 0, 0, 0, 55 ] ],
      extdeg := 1,
      extgroupgens := [ [ 2, 0 ], [ 0, 660 ] ],
      h := [ 1, 0, 2, 0, 2, -2 ],
      rho := 6,
      sprats := rec(
          nopss := [ 0, 5 ],
          scons := [ [ [ 1, -1, 2, 0, 2, -2 ], [ 1, 1, 2, 0, 2, -2 ] ], [ [ 1, 0, 6, -1, 3, -4 ], [ 1, 0, -2, 1, 1, 0 ] ], [ [ 1, 0, 1, -1, 1, -1 ], [ 1, 0, 3, 1, 3, -3 ] ], 
              [ [ 1, 0, 1, 0, 3, -2 ], [ 1, 0, 3, 0, 1, -2 ] ], [ [ 1, 0, 1, 0, -2, 0 ], [ 1, 0, 3, 0, 6, -4 ] ] ],
          slins := [  ] ) ), rec(
      Gram := [ [ -14, 0, -22, -10, -10, -10 ], [ 0, -4, 0, 0, 0, 0 ], [ -22, 0, -34, -15, -15, -15 ], [ -10, 0, -15, -10, -5, -5 ], [ -10, 0, -15, -5, -10, -5 ], 
          [ -10, 0, -15, -5, -5, -10 ] ],
      Trec := rec(
          count := 1,
          grams := [ [ [ 0, 0, 0, 0, 0, 0, 0, 0, 0, 0, 0, 0, 0, 0, 0, 1 ], [ 0, 0, 0, 0, 0, 0, 0, 0, 0, 0, 0, 0, 0, 0, 1, 0 ], 
                  [ 0, 0, -2, -1, 1, -1, -1, 1, 1, 1, 1, -1, 1, 0, 0, 0 ], [ 0, 0, -1, -2, 0, -1, -1, 1, 1, 1, 1, -1, 0, 0, 0, 0 ], 
                  [ 0, 0, 1, 0, -2, 1, 1, -1, -1, -1, -1, 1, -1, 0, 0, 0 ], [ 0, 0, -1, -1, 1, -2, -1, 1, 1, 1, 1, -1, 1, 0, 0, 0 ], 
                  [ 0, 0, -1, -1, 1, -1, -2, 1, 1, 1, 1, -1, 1, 0, 0, 0 ], [ 0, 0, 1, 1, -1, 1, 1, -2, -1, -1, -1, 1, -1, 0, 0, 0 ], 
                  [ 0, 0, 1, 1, -1, 1, 1, -1, -2, -1, -1, 1, 0, 0, 0, 0 ], [ 0, 0, 1, 1, -1, 1, 1, -1, -1, -4, -2, 0, -2, -1, 0, 0 ], 
                  [ 0, 0, 1, 1, -1, 1, 1, -1, -1, -2, -4, 0, -2, 0, 0, 0 ], [ 0, 0, -1, -1, 1, -1, -1, 1, 1, 0, 0, -4, 1, 1, 0, 0 ], 
                  [ 0, 0, 1, 0, -1, 1, 1, -1, 0, -2, -2, 1, -6, -1, 0, 0 ], [ 0, 0, 0, 0, 0, 0, 0, 0, 0, -1, 0, 1, -1, -6, 0, 0 ], 
                  [ 0, 1, 0, 0, 0, 0, 0, 0, 0, 0, 0, 0, 0, 0, 0, 0 ], [ 1, 0, 0, 0, 0, 0, 0, 0, 0, 0, 0, 0, 0, 0, 0, 0 ] ] ],
          method := "Nikulin uniqueness",
          spinorPrimes := [  ] ),
      ampleflag := true,
      basisdual := [ [ 2, 2, 0, 4, 4, 4 ], [ 0, 4, 0, 0, 0, 0 ], [ 0, 0, 1, 4, 4, 4 ], [ 0, 0, 0, 5, 0, 0 ], [ 0, 0, 0, 0, 5, 0 ], [ 0, 0, 0, 0, 0, 5 ] ],
      extdeg := 1,
      extgroupgens := [ [ 5, 0, 0 ], [ 0, 10, 0 ], [ 0, 0, 20 ] ],
      h := [ 1, 0, 2, -2, -2, -2 ],
      rho := 6,
      sprats := rec(
          nopss := [ 0, 6 ],
          scons := [ [ [ 1, -1, 2, -2, -2, -2 ], [ 1, 1, 2, -2, -2, -2 ] ], [ [ 1, 0, 3, -2, -3, -3 ], [ 1, 0, 1, -2, -1, -1 ] ], 
              [ [ 1, 0, 1, -1, -1, -2 ], [ 1, 0, 3, -3, -3, -2 ] ], [ [ 1, 0, 3, -3, -3, -3 ], [ 1, 0, 1, -1, -1, -1 ] ], 
              [ [ 1, 0, 6, -5, -5, -5 ], [ 1, 0, -2, 1, 1, 1 ] ], [ [ 1, 0, 1, -1, -2, -1 ], [ 1, 0, 3, -3, -2, -3 ] ] ],
          slins := [  ] ) ), rec(
      Gram := [ [ -2, 0, 8, 6, 6, 6 ], [ 0, -4, 0, 0, 0, 0 ], [ 8, 0, -22, -15, -18, -18 ], [ 6, 0, -15, -12, -12, -12 ], [ 6, 0, -18, -12, -18, -12 ], 
          [ 6, 0, -18, -12, -12, -18 ] ],
      Trec := rec(
          count := 1,
          grams := [ [ [ 0, 0, 0, 0, 0, 0, 0, 0, 0, 0, 0, 0, 0, 0, 0, 2 ], [ 0, -2, 1, 1, -1, -1, 1, 0, 0, 0, 0, 0, 0, 0, 0, 1 ], 
                  [ 0, 1, -2, -1, 0, 0, -1, 0, 0, 0, 0, 0, 0, 0, 0, 1 ], [ 0, 1, -1, -2, 1, 0, 0, 0, 0, 0, 0, 0, 0, 0, 0, 1 ], 
                  [ 0, -1, 0, 1, -2, 0, 0, 0, 0, 0, 0, 0, 0, 0, 0, 1 ], [ 0, -1, 0, 0, 0, -2, 0, 0, 0, 0, 0, 0, 0, 0, 0, 0 ], 
                  [ 0, 1, -1, 0, 0, 0, -2, 0, 0, 0, 0, 0, 0, 0, 0, 1 ], [ 0, 0, 0, 0, 0, 0, 0, -2, -1, 1, -1, -1, 0, 0, 0, 0 ], 
                  [ 0, 0, 0, 0, 0, 0, 0, -1, -2, 1, 0, -1, 0, 0, 0, 0 ], [ 0, 0, 0, 0, 0, 0, 0, 1, 1, -2, 0, 1, 0, 0, 0, 0 ], 
                  [ 0, 0, 0, 0, 0, 0, 0, -1, 0, 0, -2, 0, 0, 0, 0, 0 ], [ 0, 0, 0, 0, 0, 0, 0, -1, -1, 1, 0, -2, 0, 0, 0, 0 ], 
                  [ 0, 0, 0, 0, 0, 0, 0, 0, 0, 0, 0, 0, -2, -1, 0, 1 ], [ 0, 0, 0, 0, 0, 0, 0, 0, 0, 0, 0, 0, -1, -2, 0, 0 ], 
                  [ 0, 0, 0, 0, 0, 0, 0, 0, 0, 0, 0, 0, 0, 0, 4, 0 ], [ 2, 1, 1, 1, 1, 0, 1, 0, 0, 0, 0, 0, 1, 0, 0, 2 ] ] ],
          method := "Nikulin uniqueness",
          spinorPrimes := [  ] ),
      ampleflag := true,
      basisdual := [ [ 2, 2, 0, 0, 0, 0 ], [ 0, 4, 0, 0, 0, 0 ], [ 0, 0, 1, 1, 4, 4 ], [ 0, 0, 0, 3, 3, 3 ], [ 0, 0, 0, 0, 6, 0 ], [ 0, 0, 0, 0, 0, 6 ] ],
      extdeg := 1,
      extgroupgens := [ [ 2, 0, 0, 0 ], [ 0, 6, 0, 0 ], [ 0, 0, 6, 0 ], [ 0, 0, 0, 12 ] ],
      h := [ 1, 0, 2, 0, -1, -1 ],
      rho := 6,
      sprats := rec(
          nopss := [ 0, 8 ],
          scons := [ [ [ 1, -1, 2, 0, -1, -1 ], [ 1, 1, 2, 0, -1, -1 ] ], [ [ 1, 0, 1, 0, 0, -1 ], [ 1, 0, 3, 0, -2, -1 ] ], [ [ 1, 0, 3, 0, -1, -2 ], [ 1, 0, 1, 0, -1, 0 ] ]
                , [ [ 1, 0, 1, -1, 0, 0 ], [ 1, 0, 3, 1, -2, -2 ] ], [ [ 1, 0, 3, -1, -1, -1 ], [ 1, 0, 1, 1, -1, -1 ] ], [ [ 1, 0, 4, -1, -2, -2 ], [ 1, 0, 0, 1, 0, 0 ] ], 
              [ [ 1, 0, 6, -1, -3, -3 ], [ 1, 0, -2, 1, 1, 1 ] ], [ [ 1, 0, 0, 0, 0, 0 ], [ 1, 0, 4, 0, -2, -2 ] ] ],
          slins := [  ] ) ), rec(
      Gram := [ [ -2, 0, -5, -3, -6, -3 ], [ 0, -4, 0, 0, 0, 0 ], [ -5, 0, -22, -15, -18, -18 ], [ -3, 0, -15, -12, -12, -12 ], [ -6, 0, -18, -12, -18, -12 ], 
          [ -3, 0, -18, -12, -12, -18 ] ],
      Trec := rec(
          count := 1,
          grams := [ [ [ 0, 0, 0, 0, 0, 0, 0, 0, 0, 0, 0, 0, 0, 0, 0, 1 ], [ 0, -2, -1, 1, 1, 1, -1, 0, 0, 0, 0, 0, 0, 0, 0, 0 ], 
                  [ 0, -1, -2, 0, 0, 0, 0, 0, 0, 0, 0, 0, 0, 0, 0, 0 ], [ 0, 1, 0, -2, 0, -1, 0, 0, 0, 0, 0, 0, 0, 0, 0, 0 ], 
                  [ 0, 1, 0, 0, -2, 0, 1, 0, 0, 0, 0, 0, 0, 0, 0, 0 ], [ 0, 1, 0, -1, 0, -2, 1, 0, 0, 0, 0, 0, 0, 0, 0, 0 ], 
                  [ 0, -1, 0, 0, 1, 1, -2, 0, 0, 0, 0, 0, 0, 0, 0, 0 ], [ 0, 0, 0, 0, 0, 0, 0, -2, -1, 1, -1, -1, 0, 0, 0, 0 ], 
                  [ 0, 0, 0, 0, 0, 0, 0, -1, -2, 1, 0, -1, 0, 0, 0, 0 ], [ 0, 0, 0, 0, 0, 0, 0, 1, 1, -2, 0, 1, 0, 0, 0, 0 ], 
                  [ 0, 0, 0, 0, 0, 0, 0, -1, 0, 0, -2, 0, 0, 0, 0, 0 ], [ 0, 0, 0, 0, 0, 0, 0, -1, -1, 1, 0, -2, 0, 0, 0, 0 ], 
                  [ 0, 0, 0, 0, 0, 0, 0, 0, 0, 0, 0, 0, -2, 1, 0, 0 ], [ 0, 0, 0, 0, 0, 0, 0, 0, 0, 0, 0, 0, 1, -2, 0, 0 ], 
                  [ 0, 0, 0, 0, 0, 0, 0, 0, 0, 0, 0, 0, 0, 0, 4, 0 ], [ 1, 0, 0, 0, 0, 0, 0, 0, 0, 0, 0, 0, 0, 0, 0, 0 ] ] ],
          method := "Nikulin uniqueness",
          spinorPrimes := [  ] ),
      ampleflag := true,
      basisdual := [ [ 1, 1, 0, 0, 3, 0 ], [ 0, 4, 0, 0, 0, 0 ], [ 0, 0, 1, 1, 4, 4 ], [ 0, 0, 0, 3, 3, 3 ], [ 0, 0, 0, 0, 6, 0 ], [ 0, 0, 0, 0, 0, 6 ] ],
      extdeg := 2,
      extgroupgens := [ [ 1, 0, 3, 0 ], [ 0, 6, 0, 0 ], [ 0, 0, 6, 0 ], [ 0, 0, 0, 12 ] ],
      h := [ 2, 0, 2, 0, -2, -1 ],
      rho := 6,
      sprats := rec(
          nopss := [ 4, 2 ],
          scons := [ [ [ 2, -1, 2, 0, -2, -1 ], [ 2, 1, 2, 0, -2, -1 ] ], [ [ 2, 0, 0, 0, -1, 0 ], [ 2, 0, 4, 0, -3, -2 ] ] ],
          slins := [ [ [ 1, 0, 2, -1, -1, -1 ], [ 1, 0, 0, 1, -1, 0 ] ], [ [ 1, 0, 0, 0, 0, 0 ], [ 1, 0, 2, 0, -2, -1 ] ], [ [ 1, 0, 3, 0, -2, -2 ], [ 1, 0, -1, 0, 0, 1 ] ], 
              [ [ 1, 0, -1, 1, 0, 0 ], [ 1, 0, 3, -1, -2, -1 ] ] ] ) ), rec(
      Gram := [ [ -2, 0, 2, 3, 0, 3 ], [ 0, -4, 0, 0, 0, 0 ], [ 2, 0, -10, -15, -18, -6 ], [ 3, 0, -15, -24, -27, -9 ], [ 0, 0, -18, -27, -36, -9 ], [ 3, 0, -6, -9, -9, -6 ] 
         ],
      Trec := rec(
          count := 1,
          grams := [ [ [ 0, 0, 0, 0, 0, 0, 0, 0, 0, 0, 0, 0, 0, 0, 0, 1 ], [ 0, -2, -1, 1, -1, -1, -1, -1, 0, 0, 0, 0, 0, 0, -1, 0 ], 
                  [ 0, -1, -2, 0, -1, 0, -1, -1, 0, 0, 0, 0, 0, 0, -1, 0 ], [ 0, 1, 0, -2, 1, 1, 1, 1, 0, 0, 0, 0, 0, 0, 0, 0 ], 
                  [ 0, -1, -1, 1, -2, 0, -1, -1, 0, 0, 0, 0, 0, 0, 0, 0 ], [ 0, -1, 0, 1, 0, -2, 0, 0, 0, 0, 0, 0, 0, 0, 0, 0 ], 
                  [ 0, -1, -1, 1, -1, 0, -2, -1, 0, 0, 0, 0, 0, 0, -1, 0 ], [ 0, -1, -1, 1, -1, 0, -1, -2, 0, 0, 0, 0, 0, 0, -1, 0 ], 
                  [ 0, 0, 0, 0, 0, 0, 0, 0, -2, 1, 0, 0, 0, 0, 0, 0 ], [ 0, 0, 0, 0, 0, 0, 0, 0, 1, -2, 0, 0, 0, 0, 0, 0 ], 
                  [ 0, 0, 0, 0, 0, 0, 0, 0, 0, 0, 2, 0, 1, 1, 0, 0 ], [ 0, 0, 0, 0, 0, 0, 0, 0, 0, 0, 0, -2, 0, 0, 0, 0 ], [ 0, 0, 0, 0, 0, 0, 0, 0, 0, 0, 1, 0, -2, 1, 0, 0 ]
                    , [ 0, 0, 0, 0, 0, 0, 0, 0, 0, 0, 1, 0, 1, -2, 0, 0 ], [ 0, -1, -1, 0, 0, 0, -1, -1, 0, 0, 0, 0, 0, 0, -6, 0 ], 
                  [ 1, 0, 0, 0, 0, 0, 0, 0, 0, 0, 0, 0, 0, 0, 0, 0 ] ] ],
          method := "Nikulin uniqueness",
          spinorPrimes := [  ] ),
      ampleflag := true,
      basisdual := [ [ 2, 2, 0, 0, 3, 0 ], [ 0, 4, 0, 0, 0, 0 ], [ 0, 0, 1, 1, 4, 1 ], [ 0, 0, 0, 3, 6, 0 ], [ 0, 0, 0, 0, 9, 0 ], [ 0, 0, 0, 0, 0, 3 ] ],
      extdeg := 1,
      extgroupgens := [ [ 3, 0, 0 ], [ 0, 6, 0 ], [ 0, 0, 36 ] ],
      h := [ 1, 0, 2, 0, -1, 0 ],
      rho := 6,
      sprats := rec(
          nopss := [ 0, 10 ],
          scons := [ [ [ 1, -1, 2, 0, -1, 0 ], [ 1, 1, 2, 0, -1, 0 ] ], [ [ 1, 0, 4, 0, -2, -1 ], [ 1, 0, 0, 0, 0, 1 ] ], [ [ 1, 0, 3, -1, -1, 0 ], [ 1, 0, 1, 1, -1, 0 ] ], 
              [ [ 1, 0, 6, -1, -2, -1 ], [ 1, 0, -2, 1, 0, 1 ] ], [ [ 1, 0, 4, -1, -1, -1 ], [ 1, 0, 0, 1, -1, 1 ] ], [ [ 1, 0, 0, 1, -1, 0 ], [ 1, 0, 4, -1, -1, 0 ] ], 
              [ [ 1, 0, 3, 1, -2, -1 ], [ 1, 0, 1, -1, 0, 1 ] ], [ [ 1, 0, 1, 1, -1, -1 ], [ 1, 0, 3, -1, -1, 1 ] ], [ [ 1, 0, 1, 0, -1, 1 ], [ 1, 0, 3, 0, -1, -1 ] ], 
              [ [ 1, 0, 4, 0, -2, 0 ], [ 1, 0, 0, 0, 0, 0 ] ] ],
          slins := [  ] ) ), rec(
      Gram := [ [ -48, -7, -10, -42, -54, -30 ], [ -7, -4, 0, 0, 0, -15 ], [ -10, 0, -4, -15, -18, 0 ], [ -42, 0, -15, -60, -72, 0 ], [ -54, 0, -18, -72, -90, 0 ], 
          [ -30, -15, 0, 0, 0, -60 ] ],
      Trec := rec(
          count := 1,
          grams := [ [ [ 0, 0, 0, 0, 0, 0, 0, 0, 0, 0, 0, 0, 0, 0, 0, 1 ], [ 0, -2, -1, -1, 1, -1, -1, 1, 0, 0, 0, 0, 0, 0, -1, 0 ], 
                  [ 0, -1, -2, -1, 0, 0, 0, 0, 0, 0, 0, 0, 0, 0, -1, 0 ], [ 0, -1, -1, -2, 1, 0, -1, 1, 0, 0, 0, 0, 0, 0, -1, 0 ], 
                  [ 0, 1, 0, 1, -2, 0, 1, -1, 0, 0, 0, 0, 0, 0, 0, 0 ], [ 0, -1, 0, 0, 0, -2, -1, 1, 0, 0, 0, 0, 0, 0, -1, 0 ], 
                  [ 0, -1, 0, -1, 1, -1, -2, 1, 0, 0, 0, 0, 0, 0, -1, 0 ], [ 0, 1, 0, 1, -1, 1, 1, -2, 0, 0, 0, 0, 0, 0, 1, 0 ], 
                  [ 0, 0, 0, 0, 0, 0, 0, 0, -2, 1, -1, -1, 0, 1, 0, 0 ], [ 0, 0, 0, 0, 0, 0, 0, 0, 1, -2, 0, 0, 0, -1, 0, 0 ], 
                  [ 0, 0, 0, 0, 0, 0, 0, 0, -1, 0, -2, -1, 0, 0, 0, 0 ], [ 0, 0, 0, 0, 0, 0, 0, 0, -1, 0, -1, -4, -1, -1, 0, 0 ], 
                  [ 0, 0, 0, 0, 0, 0, 0, 0, 0, 0, 0, -1, -4, 1, 0, 0 ], [ 0, 0, 0, 0, 0, 0, 0, 0, 1, -1, 0, -1, 1, 2, 0, 0 ], 
                  [ 0, -1, -1, -1, 0, -1, -1, 1, 0, 0, 0, 0, 0, 0, -6, 0 ], [ 1, 0, 0, 0, 0, 0, 0, 0, 0, 0, 0, 0, 0, 0, 0, 0 ] ] ],
          method := "Nikulin uniqueness",
          spinorPrimes := [  ] ),
      ampleflag := true,
      basisdual := [ [ 2, 0, 0, 0, 12, 9 ], [ 0, 1, 0, 0, 0, 4 ], [ 0, 0, 1, 1, 4, 0 ], [ 0, 0, 0, 3, 15, 0 ], [ 0, 0, 0, 0, 18, 0 ], [ 0, 0, 0, 0, 0, 15 ] ],
      extdeg := 1,
      extgroupgens := [ [ 3, 0, 0 ], [ 0, 6, 0 ], [ 0, 0, 90 ] ],
      h := [ 1, 2, 2, 0, -1, -1 ],
      rho := 6,
      sprats := rec(
          nopss := [ 0, 5 ],
          scons := [ [ [ 1, 1, 2, 0, -1, -1 ], [ 1, 3, 2, 0, -1, -1 ] ], [ [ 1, 6, 2, 0, -1, -2 ], [ 1, -2, 2, 0, -1, 0 ] ], [ [ 1, 2, 1, 0, -1, -1 ], [ 1, 2, 3, 0, -1, -1 ] 
                 ], [ [ 1, 2, 6, -1, -1, -1 ], [ 1, 2, -2, 1, -1, -1 ] ], [ [ 1, 2, 3, 1, -2, -1 ], [ 1, 2, 1, -1, 0, -1 ] ] ],
          slins := [  ] ) ), rec(
      Gram := [ [ -42, -11, -5, -21, -27, -45 ], [ -11, -4, 0, 0, 0, -15 ], [ -5, 0, -4, -15, -18, 0 ], [ -21, 0, -15, -60, -72, 0 ], [ -27, 0, -18, -72, -90, 0 ], 
          [ -45, -15, 0, 0, 0, -60 ] ],
      Trec := rec(
          count := 1,
          grams := [ [ [ 0, 0, 0, 0, 0, 0, 0, 0, 0, 0, 0, 0, 0, 0, 0, 1 ], [ 0, -2, -1, 1, 1, 1, 1, -1, 0, 0, 0, 0, 0, 0, 1, 0 ], 
                  [ 0, -1, -2, 0, 0, 1, 0, 0, 0, 0, 0, 0, 0, 0, 0, 0 ], [ 0, 1, 0, -2, 0, 0, -1, 0, 0, 0, 0, 0, 0, 0, -1, 0 ], 
                  [ 0, 1, 0, 0, -2, -1, -1, 1, 0, 0, 0, 0, 0, 0, -1, 0 ], [ 0, 1, 1, 0, -1, -2, 0, 0, 0, 0, 0, 0, 0, 0, -1, 0 ], 
                  [ 0, 1, 0, -1, -1, 0, -2, 1, 0, 0, 0, 0, 0, 0, -1, 0 ], [ 0, -1, 0, 0, 1, 0, 1, -2, 0, 0, 0, 0, 0, 0, 0, 0 ], 
                  [ 0, 0, 0, 0, 0, 0, 0, 0, -2, -1, 1, 1, 1, 1, 0, 0 ], [ 0, 0, 0, 0, 0, 0, 0, 0, -1, -2, 1, 0, 1, 0, 0, 0 ], 
                  [ 0, 0, 0, 0, 0, 0, 0, 0, 1, 1, -2, -1, -1, 0, 0, 0 ], [ 0, 0, 0, 0, 0, 0, 0, 0, 1, 0, -1, -2, 0, 0, 0, 0 ], 
                  [ 0, 0, 0, 0, 0, 0, 0, 0, 1, 1, -1, 0, -4, -2, 0, 0 ], [ 0, 0, 0, 0, 0, 0, 0, 0, 1, 0, 0, 0, -2, 2, 0, 0 ], 
                  [ 0, 1, 0, -1, -1, -1, -1, 0, 0, 0, 0, 0, 0, 0, -6, 0 ], [ 1, 0, 0, 0, 0, 0, 0, 0, 0, 0, 0, 0, 0, 0, 0, 0 ] ] ],
          method := "Nikulin uniqueness",
          spinorPrimes := [  ] ),
      ampleflag := true,
      basisdual := [ [ 1, 0, 0, 0, 6, 12 ], [ 0, 1, 0, 0, 0, 4 ], [ 0, 0, 1, 1, 4, 0 ], [ 0, 0, 0, 3, 15, 0 ], [ 0, 0, 0, 0, 18, 0 ], [ 0, 0, 0, 0, 0, 15 ] ],
      extdeg := 2,
      extgroupgens := [ [ 3, 0, 0 ], [ 0, 3, 45 ], [ 0, 0, 90 ] ],
      h := [ 2, 2, 2, 0, -1, -2 ],
      rho := 6,
      sprats := rec(
          nopss := [ 3, 2 ],
          scons := [ [ [ 2, 1, 2, 0, -1, -2 ], [ 2, 3, 2, 0, -1, -2 ] ], [ [ 2, 6, 2, 0, -1, -3 ], [ 2, -2, 2, 0, -1, -1 ] ] ],
          slins := [ [ [ 1, 1, 3, 0, -1, -1 ], [ 1, 1, -1, 0, 0, -1 ] ], [ [ 1, 1, 2, -1, 0, -1 ], [ 1, 1, 0, 1, -1, -1 ] ], 
              [ [ 1, 1, -1, 1, -1, -1 ], [ 1, 1, 3, -1, 0, -1 ] ] ] ) ), rec(
      Gram := [ [ -20, -7, -12, -10, -10, -30 ], [ -7, -4, 0, 0, 0, -15 ], [ -12, 0, -34, -25, -30, 0 ], [ -10, 0, -25, -20, -20, 0 ], [ -10, 0, -30, -20, -30, 0 ], 
          [ -30, -15, 0, 0, 0, -60 ] ],
      Trec := rec(
          count := 1,
          grams := [ [ [ 0, 0, 0, 0, 0, 0, 0, 0, 0, 0, 0, 0, 0, 0, 0, 1 ], [ 0, 0, 0, 0, 0, 0, 0, 0, 0, 0, 0, 0, 0, 0, 1, 0 ], 
                  [ 0, 0, -2, -1, -1, -1, -1, 1, 1, -1, 1, -1, -1, 1, 0, 0 ], [ 0, 0, -1, -2, 0, -1, 0, 0, 0, 0, 1, -1, -1, 0, 0, 0 ], 
                  [ 0, 0, -1, 0, -2, -1, 0, 0, 0, 0, 1, -1, 0, 1, 0, 0 ], [ 0, 0, -1, -1, -1, -2, 0, 0, 0, 0, 1, -1, 0, 1, 0, 0 ], 
                  [ 0, 0, -1, 0, 0, 0, -2, 1, 1, -1, 0, 0, -1, 0, 0, 0 ], [ 0, 0, 1, 0, 0, 0, 1, -2, -1, 1, 0, 0, 0, -1, 0, 0 ], 
                  [ 0, 0, 1, 0, 0, 0, 1, -1, -2, 1, 0, 0, 1, 0, 0, 0 ], [ 0, 0, -1, 0, 0, 0, -1, 1, 1, -4, -1, -1, -2, 2, 0, 0 ], 
                  [ 0, 0, 1, 1, 1, 1, 0, 0, 0, -1, -4, 0, 1, 0, 0, 0 ], [ 0, 0, -1, -1, -1, -1, 0, 0, 0, -1, 0, -4, -2, 1, 0, 0 ], 
                  [ 0, 0, -1, -1, 0, 0, -1, 0, 1, -2, 1, -2, -6, 0, 0, 0 ], [ 0, 0, 1, 0, 1, 1, 0, -1, 0, 2, 0, 1, 0, -10, 0, 0 ], 
                  [ 0, 1, 0, 0, 0, 0, 0, 0, 0, 0, 0, 0, 0, 0, 0, 0 ], [ 1, 0, 0, 0, 0, 0, 0, 0, 0, 0, 0, 0, 0, 0, 0, 0 ] ] ],
          method := "Nikulin uniqueness",
          spinorPrimes := [  ] ),
      ampleflag := true,
      basisdual := [ [ 2, 0, 0, 4, 4, 9 ], [ 0, 1, 0, 0, 0, 4 ], [ 0, 0, 1, 4, 9, 0 ], [ 0, 0, 0, 5, 5, 0 ], [ 0, 0, 0, 0, 10, 0 ], [ 0, 0, 0, 0, 0, 15 ] ],
      extdeg := 1,
      extgroupgens := [ [ 5, 0, 0 ], [ 0, 10, 0 ], [ 0, 0, 30 ] ],
      h := [ 1, 2, 2, -2, -1, -1 ],
      rho := 6,
      sprats := rec(
          nopss := [ 0, 5 ],
          scons := [ [ [ 1, 1, 2, -2, -1, -1 ], [ 1, 3, 2, -2, -1, -1 ] ], [ [ 1, 6, 2, -2, -1, -2 ], [ 1, -2, 2, -2, -1, 0 ] ], 
              [ [ 1, 2, 6, -5, -3, -1 ], [ 1, 2, -2, 1, 1, -1 ] ], [ [ 1, 2, 1, -1, -1, -1 ], [ 1, 2, 3, -3, -1, -1 ] ], [ [ 1, 2, 3, -2, -2, -1 ], [ 1, 2, 1, -2, 0, -1 ] ] ]
           ,
          slins := [  ] ) ), rec(
      Gram := [ [ -126, -20, -666, -82, -416, -750 ], [ -20, -4, -111, -14, -70, -125 ], [ -666, -111, -3556, -445, -2222, -4000 ], [ -82, -14, -445, -58, -278, -500 ], 
          [ -416, -70, -2222, -278, -1390, -2500 ], [ -750, -125, -4000, -500, -2500, -4500 ] ],
      Trec := rec(
          count := 1,
          grams := [ [ [ -2, 1, 1, 1, -1, 1, -1, -1, 0, 0, 0, 0, 0, 0, 0, 0 ], [ 1, -2, -1, -1, 0, -1, 0, 1, 0, 0, 0, 0, 0, 0, 0, 0 ], 
                  [ 1, -1, -2, 0, 0, 0, 1, 1, 0, 0, 0, 0, 0, 0, 0, 0 ], [ 1, -1, 0, -2, 1, -1, 0, 1, 0, 0, 0, 0, 0, 0, 0, 0 ], 
                  [ -1, 0, 0, 1, -2, 1, 0, 0, 0, 0, 0, 0, 0, 0, 0, 0 ], [ 1, -1, 0, -1, 1, -2, 0, 0, 0, 0, 0, 0, 0, 0, 0, 0 ], 
                  [ -1, 0, 1, 0, 0, 0, -2, -1, 0, 0, 0, 0, 0, 0, 0, 0 ], [ -1, 1, 1, 1, 0, 0, -1, -2, 0, 0, 0, 0, 0, 0, 0, 0 ], 
                  [ 0, 0, 0, 0, 0, 0, 0, 0, -2, 0, 1, -1, 0, 1, -1, 0 ], [ 0, 0, 0, 0, 0, 0, 0, 0, 0, -2, -1, 0, -1, 0, 0, -1 ], 
                  [ 0, 0, 0, 0, 0, 0, 0, 0, 1, -1, -2, 2, -1, -1, 1, -1 ], [ 0, 0, 0, 0, 0, 0, 0, 0, -1, 0, 2, -2, 0, 0, 1, 1 ], 
                  [ 0, 0, 0, 0, 0, 0, 0, 0, 0, -1, -1, 0, -2, -1, 0, -1 ], [ 0, 0, 0, 0, 0, 0, 0, 0, 1, 0, -1, 0, -1, 2, 0, 0 ], 
                  [ 0, 0, 0, 0, 0, 0, 0, 0, -1, 0, 1, 1, 0, 0, -2, -1 ], [ 0, 0, 0, 0, 0, 0, 0, 0, 0, -1, -1, 1, -1, 0, -1, -16 ] ] ],
          method := "Nikulin uniqueness",
          spinorPrimes := [  ] ),
      ampleflag := true,
      basisdual := [ [ 2, 0, 0, 0, 0, 22 ], [ 0, 1, 0, 0, 1, 4 ], [ 0, 0, 1, 1, 0, 111 ], [ 0, 0, 0, 3, 1, 14 ], [ 0, 0, 0, 0, 2, 70 ], [ 0, 0, 0, 0, 0, 125 ] ],
      extdeg := 1,
      extgroupgens := [ [ 2, 0 ], [ 0, 750 ] ],
      h := [ 1, 2, 2, 0, 0, -2 ],
      rho := 6,
      sprats := rec(
          nopss := [ 0, 5 ],
          scons := [ [ [ 1, -2, 2, 0, 2, -3 ], [ 1, 6, 2, 0, -2, -1 ] ], [ [ 1, 2, 6, -1, 1, -6 ], [ 1, 2, -2, 1, -1, 2 ] ], [ [ 1, 2, 3, 1, 0, -3 ], [ 1, 2, 1, -1, 0, -1 ] ]
                , [ [ 1, 1, 2, 0, 0, -2 ], [ 1, 3, 2, 0, 0, -2 ] ], [ [ 1, 2, 1, 0, -2, 0 ], [ 1, 2, 3, 0, 2, -4 ] ] ],
          slins := [  ] ) ), rec(
      Gram := [ [ -126, -20, -250, -334, -248, -414 ], [ -20, -4, -42, -56, -42, -69 ], [ -250, -42, -502, -669, -498, -828 ], [ -334, -56, -669, -892, -664, -1104 ], 
          [ -248, -42, -498, -664, -498, -828 ], [ -414, -69, -828, -1104, -828, -1380 ] ],
      Trec := rec(
          count := 1,
          grams := [ [ [ 0, 0, 0, 0, 0, 0, 0, 0, 0, 0, 0, 0, 0, 0, 0, 1 ], [ 0, 0, 0, 0, 0, 0, 0, 0, 0, 0, 0, 0, 0, 0, 1, 0 ], 
                  [ 0, 0, -2, 1, 1, -1, -1, 1, -1, 1, 0, 0, 0, 0, 0, 0 ], [ 0, 0, 1, -2, 0, 1, 1, -1, 1, -1, 0, 0, 0, 0, 0, 0 ], 
                  [ 0, 0, 1, 0, -2, 1, 0, -1, 1, 0, 0, 0, 0, 0, 0, 0 ], [ 0, 0, -1, 1, 1, -2, -1, 1, -1, 0, 0, 0, 0, 0, 0, 0 ], 
                  [ 0, 0, -1, 1, 0, -1, -2, 1, -1, 0, 0, 0, 0, 0, 0, 0 ], [ 0, 0, 1, -1, -1, 1, 1, -2, 1, 0, 0, 0, 0, 0, 0, 0 ], 
                  [ 0, 0, -1, 1, 1, -1, -1, 1, -2, 0, 0, 0, 0, 0, 0, 0 ], [ 0, 0, 1, -1, 0, 0, 0, 0, 0, -2, 0, 0, 0, 0, 0, 0 ], 
                  [ 0, 0, 0, 0, 0, 0, 0, 0, 0, 0, -2, 0, 0, 0, 0, 0 ], [ 0, 0, 0, 0, 0, 0, 0, 0, 0, 0, 0, -8, 2, -1, 0, 0 ], 
                  [ 0, 0, 0, 0, 0, 0, 0, 0, 0, 0, 0, 2, -10, 3, 0, 0 ], [ 0, 0, 0, 0, 0, 0, 0, 0, 0, 0, 0, -1, 3, -10, 0, 0 ], 
                  [ 0, 1, 0, 0, 0, 0, 0, 0, 0, 0, 0, 0, 0, 0, 0, 0 ], [ 1, 0, 0, 0, 0, 0, 0, 0, 0, 0, 0, 0, 0, 0, 0, 0 ] ] ],
          method := "Nikulin uniqueness",
          spinorPrimes := [  ] ),
      ampleflag := true,
      basisdual := [ [ 2, 0, 0, 4, 0, 22 ], [ 0, 1, 0, 0, 1, 4 ], [ 0, 0, 1, 4, 1, 42 ], [ 0, 0, 0, 5, 1, 56 ], [ 0, 0, 0, 0, 2, 42 ], [ 0, 0, 0, 0, 0, 69 ] ],
      extdeg := 1,
      extgroupgens := [ [ 2, 0 ], [ 0, 690 ] ],
      h := [ 1, 2, 2, -2, 0, 0 ],
      rho := 6,
      sprats := rec(
          nopss := [ 0, 5 ],
          scons := [ [ [ 1, -2, 2, -2, 2, -1 ], [ 1, 6, 2, -2, -2, 1 ] ], [ [ 1, 1, 2, -2, 0, 0 ], [ 1, 3, 2, -2, 0, 0 ] ], [ [ 1, 2, 1, -2, 1, 0 ], [ 1, 2, 3, -2, -1, 0 ] ],
              [ [ 1, 2, -2, 1, 0, 0 ], [ 1, 2, 6, -5, 0, 0 ] ], [ [ 1, 2, 1, -1, -2, 1 ], [ 1, 2, 3, -3, 2, -1 ] ] ],
          slins := [  ] ) ), rec(
      Gram := [ [ -280, -31, -374, -499, -373, -621 ], [ -31, -4, -42, -56, -42, -69 ], [ -374, -42, -502, -669, -498, -828 ], [ -499, -56, -669, -892, -664, -1104 ], 
          [ -373, -42, -498, -664, -498, -828 ], [ -621, -69, -828, -1104, -828, -1380 ] ],
      Trec := rec(
          count := 1,
          grams := [ [ [ 0, 0, 0, 0, 0, 0, 0, 0, 0, 0, 0, 0, 0, 0, 0, 1 ], [ 0, -2, -1, -1, -1, 1, 1, -1, 1, 0, 0, 0, 0, 0, 0, 0 ], 
                  [ 0, -1, -2, 0, 0, 1, 1, -1, 1, 0, 0, 0, 0, 0, 0, 0 ], [ 0, -1, 0, -2, 0, 0, 1, -1, 1, 0, 0, 0, 0, 0, 0, 0 ], 
                  [ 0, -1, 0, 0, -2, 0, 0, 0, 0, 0, 0, 0, 0, 0, 0, 0 ], [ 0, 1, 1, 0, 0, -2, 0, 1, -1, 0, 0, 0, 0, 0, 0, 0 ], 
                  [ 0, 1, 1, 1, 0, 0, -2, 1, -1, 0, 0, 0, 0, 0, 0, 0 ], [ 0, -1, -1, -1, 0, 1, 1, -2, 1, 0, 0, 0, 0, 0, 0, 0 ], 
                  [ 0, 1, 1, 1, 0, -1, -1, 1, -2, 0, 0, 0, 0, 0, 0, 0 ], [ 0, 0, 0, 0, 0, 0, 0, 0, 0, -2, -1, 0, 1, 0, 1, 0 ], 
                  [ 0, 0, 0, 0, 0, 0, 0, 0, 0, -1, -2, 0, 1, 0, 0, 0 ], [ 0, 0, 0, 0, 0, 0, 0, 0, 0, 0, 0, -2, -1, -1, -1, 0 ], 
                  [ 0, 0, 0, 0, 0, 0, 0, 0, 0, 1, 1, -1, -4, 0, 0, 0 ], [ 0, 0, 0, 0, 0, 0, 0, 0, 0, 0, 0, -1, 0, -4, -2, 0 ], 
                  [ 0, 0, 0, 0, 0, 0, 0, 0, 0, 1, 0, -1, 0, -2, 4, 0 ], [ 1, 0, 0, 0, 0, 0, 0, 0, 0, 0, 0, 0, 0, 0, 0, 0 ] ] ],
          method := "Nikulin uniqueness",
          spinorPrimes := [  ] ),
      ampleflag := true,
      basisdual := [ [ 1, 0, 0, 2, 1, 32 ], [ 0, 1, 0, 0, 1, 4 ], [ 0, 0, 1, 4, 1, 42 ], [ 0, 0, 0, 5, 1, 56 ], [ 0, 0, 0, 0, 2, 42 ], [ 0, 0, 0, 0, 0, 69 ] ],
      extdeg := 2,
      extgroupgens := [ [ 1, 0 ], [ 0, 690 ] ],
      h := [ 2, 2, 2, -2, -1, 0 ],
      rho := 6,
      sprats := rec(
          nopss := [ 2, 4 ],
          scons := [ [ [ 2, 1, 2, -2, -1, 0 ], [ 2, 3, 2, -2, -1, 0 ] ], [ [ 2, 2, 1, -2, 0, 0 ], [ 2, 2, 3, -2, -2, 0 ] ], [ [ 2, 2, -2, 1, -1, 0 ], [ 2, 2, 6, -5, -1, 0 ] ]
                , [ [ 2, 2, 1, -1, -3, 1 ], [ 2, 2, 3, -3, 1, -1 ] ] ],
          slins := [ [ [ 1, -1, 2, -2, 0, 0 ], [ 1, 3, 0, 0, -1, 0 ] ], [ [ 1, -1, 0, 0, 1, -1 ], [ 1, 3, 2, -2, -2, 1 ] ] ] ) ), rec(
      Gram := [ [ -2376, -712, -1266, -1582, -2216, -2850 ], [ -712, -214, -380, -475, -665, -855 ], [ -1266, -380, -676, -845, -1182, -1520 ], 
          [ -1582, -475, -845, -1058, -1478, -1900 ], [ -2216, -665, -1182, -1478, -2070, -2660 ], [ -2850, -855, -1520, -1900, -2660, -3420 ] ],
      Trec := rec(
          count := 1,
          grams := [ [ [ -2, 1, 1, 1, -1, 1, -1, -1, 0, 0, 0, 0, 0, 0, 0, 0 ], [ 1, -2, -1, -1, 0, -1, 0, 1, 0, 0, 0, 0, 0, 0, 0, 0 ], 
                  [ 1, -1, -2, 0, 0, 0, 1, 1, 0, 0, 0, 0, 0, 0, 0, 0 ], [ 1, -1, 0, -2, 1, -1, 0, 1, 0, 0, 0, 0, 0, 0, 0, 0 ], 
                  [ -1, 0, 0, 1, -2, 1, 0, 0, 0, 0, 0, 0, 0, 0, 0, 0 ], [ 1, -1, 0, -1, 1, -2, 0, 0, 0, 0, 0, 0, 0, 0, 0, 0 ], 
                  [ -1, 0, 1, 0, 0, 0, -2, -1, 0, 0, 0, 0, 0, 0, 0, 0 ], [ -1, 1, 1, 1, 0, 0, -1, -2, 0, 0, 0, 0, 0, 0, 0, 0 ], 
                  [ 0, 0, 0, 0, 0, 0, 0, 0, -2, 1, 0, 0, 1, -1, 1, -1 ], [ 0, 0, 0, 0, 0, 0, 0, 0, 1, -2, 0, 0, 0, 0, 0, 0 ], 
                  [ 0, 0, 0, 0, 0, 0, 0, 0, 0, 0, 2, 0, 1, 0, 0, -1 ], [ 0, 0, 0, 0, 0, 0, 0, 0, 0, 0, 0, -2, -1, 0, 1, 0 ], 
                  [ 0, 0, 0, 0, 0, 0, 0, 0, 1, 0, 1, -1, -2, 1, 0, -1 ], [ 0, 0, 0, 0, 0, 0, 0, 0, -1, 0, 0, 0, 1, -4, -1, 0 ], 
                  [ 0, 0, 0, 0, 0, 0, 0, 0, 1, 0, 0, 1, 0, -1, -6, 2 ], [ 0, 0, 0, 0, 0, 0, 0, 0, -1, 0, -1, 0, -1, 0, 2, 4 ] ] ],
          method := "Nikulin uniqueness",
          spinorPrimes := [  ] ),
      ampleflag := true,
      basisdual := [ [ 2, 0, 0, 0, 0, 80 ], [ 0, 1, 0, 0, 0, 24 ], [ 0, 0, 1, 1, 0, 42 ], [ 0, 0, 0, 3, 1, 53 ], [ 0, 0, 0, 0, 2, 75 ], [ 0, 0, 0, 0, 0, 95 ] ],
      extdeg := 1,
      extgroupgens := [ [ 2, 0 ], [ 0, 570 ] ],
      h := [ 1, 2, 2, 0, 1, -3 ],
      rho := 6,
      sprats := rec(
          nopss := [ 0, 6 ],
          scons := [ [ [ 1, 6, 2, 0, 1, -4 ], [ 1, -2, 2, 0, 1, -2 ] ], [ [ 1, 2, 1, -1, 1, -2 ], [ 1, 2, 3, 1, 1, -4 ] ], [ [ 1, 2, -2, 1, 0, -1 ], [ 1, 2, 6, -1, 2, -5 ] ],
              [ [ 1, 2, 1, 0, -1, -1 ], [ 1, 2, 3, 0, 3, -5 ] ], [ [ 1, 1, 2, 0, 0, -2 ], [ 1, 3, 2, 0, 2, -4 ] ], [ [ 1, 3, 1, 0, 0, -2 ], [ 1, 1, 3, 0, 2, -4 ] ] ],
          slins := [  ] ) ), rec(
      Gram := [ [ -594, -356, -633, -791, -1108, -1425 ], [ -356, -214, -380, -475, -665, -855 ], [ -633, -380, -676, -845, -1182, -1520 ], 
          [ -791, -475, -845, -1058, -1478, -1900 ], [ -1108, -665, -1182, -1478, -2070, -2660 ], [ -1425, -855, -1520, -1900, -2660, -3420 ] ],
      Trec := rec(
          count := 1,
          grams := [ [ [ -2, 1, 1, 1, -1, 1, -1, -1, 0, 0, 0, 0, 0, 0, 0, 0 ], [ 1, -2, -1, -1, 0, -1, 0, 1, 0, 0, 0, 0, 0, 0, 0, 0 ], 
                  [ 1, -1, -2, 0, 0, 0, 1, 1, 0, 0, 0, 0, 0, 0, 0, 0 ], [ 1, -1, 0, -2, 1, -1, 0, 1, 0, 0, 0, 0, 0, 0, 0, 0 ], 
                  [ -1, 0, 0, 1, -2, 1, 0, 0, 0, 0, 0, 0, 0, 0, 0, 0 ], [ 1, -1, 0, -1, 1, -2, 0, 0, 0, 0, 0, 0, 0, 0, 0, 0 ], 
                  [ -1, 0, 1, 0, 0, 0, -2, -1, 0, 0, 0, 0, 0, 0, 0, 0 ], [ -1, 1, 1, 1, 0, 0, -1, -2, 0, 0, 0, 0, 0, 0, 0, 0 ], 
                  [ 0, 0, 0, 0, 0, 0, 0, 0, -2, 1, 1, 1, 0, -1, 0, -1 ], [ 0, 0, 0, 0, 0, 0, 0, 0, 1, -2, 0, -1, 0, 0, 0, 1 ], 
                  [ 0, 0, 0, 0, 0, 0, 0, 0, 1, 0, -2, 0, 0, 0, 0, 0 ], [ 0, 0, 0, 0, 0, 0, 0, 0, 1, -1, 0, -2, 0, 1, 0, 1 ], [ 0, 0, 0, 0, 0, 0, 0, 0, 0, 0, 0, 0, 2, 1, 0, 1 
                     ], [ 0, 0, 0, 0, 0, 0, 0, 0, -1, 0, 0, 1, 1, -2, 0, 1 ], [ 0, 0, 0, 0, 0, 0, 0, 0, 0, 0, 0, 0, 0, 0, -4, -1 ], 
                  [ 0, 0, 0, 0, 0, 0, 0, 0, -1, 1, 0, 1, 1, 1, -1, 4 ] ] ],
          method := "Nikulin uniqueness",
          spinorPrimes := [  ] ),
      ampleflag := true,
      basisdual := [ [ 1, 0, 0, 0, 0, 40 ], [ 0, 1, 0, 0, 0, 24 ], [ 0, 0, 1, 1, 0, 42 ], [ 0, 0, 0, 3, 1, 53 ], [ 0, 0, 0, 0, 2, 75 ], [ 0, 0, 0, 0, 0, 95 ] ],
      extdeg := 2,
      extgroupgens := [ [ 2, 0 ], [ 0, 285 ] ],
      h := [ 2, 2, 2, 0, 1, -3 ],
      rho := 6,
      sprats := rec(
          nopss := [ 3, 3 ],
          scons := [ [ [ 2, 6, 2, 0, 1, -4 ], [ 2, -2, 2, 0, 1, -2 ] ], [ [ 2, 1, 2, 0, 0, -2 ], [ 2, 3, 2, 0, 2, -4 ] ], [ [ 2, 3, 1, 0, 0, -2 ], [ 2, 1, 3, 0, 2, -4 ] ] ],
          slins := [ [ [ 1, 1, -1, 0, 1, -1 ], [ 1, 1, 3, 0, 0, -2 ] ], [ [ 1, 1, 2, -1, 0, -1 ], [ 1, 1, 0, 1, 1, -2 ] ], [ [ 1, 1, 3, -1, 2, -3 ], [ 1, 1, -1, 1, -1, 0 ] ] 
             ] ) ), rec(
      Gram := [ [ -828, -229, -736, -370, -734, -918 ], [ -229, -64, -204, -102, -204, -255 ], [ -736, -204, -658, -333, -654, -816 ], [ -370, -102, -333, -172, -328, -408 ],
          [ -734, -204, -654, -328, -654, -816 ], [ -918, -255, -816, -408, -816, -1020 ] ],
      Trec := rec(
          count := 1,
          grams := [ [ [ 0, 0, 0, 0, 0, 0, 0, 0, 0, 0, 0, 0, 0, 0, 0, 1 ], [ 0, -2, -1, -1, -1, 1, 1, 1, 1, 0, 0, 0, 0, 0, 0, 0 ], 
                  [ 0, -1, -2, 0, 0, 1, 1, 1, 1, 0, 0, 0, 0, 0, 0, 0 ], [ 0, -1, 0, -2, 0, 0, 1, 1, 1, 0, 0, 0, 0, 0, 0, 0 ], 
                  [ 0, -1, 0, 0, -2, 0, 0, 0, 0, 0, 0, 0, 0, 0, 0, 0 ], [ 0, 1, 1, 0, 0, -2, 0, 0, -1, 0, 0, 0, 0, 0, 0, 0 ], 
                  [ 0, 1, 1, 1, 0, 0, -2, -1, -1, 0, 0, 0, 0, 0, 0, 0 ], [ 0, 1, 1, 1, 0, 0, -1, -2, -1, 0, 0, 0, 0, 0, 0, 0 ], 
                  [ 0, 1, 1, 1, 0, -1, -1, -1, -2, 0, 0, 0, 0, 0, 0, 0 ], [ 0, 0, 0, 0, 0, 0, 0, 0, 0, -2, 0, 0, 0, 0, 0, 0 ], 
                  [ 0, 0, 0, 0, 0, 0, 0, 0, 0, 0, -2, 0, 0, 0, 0, 0 ], [ 0, 0, 0, 0, 0, 0, 0, 0, 0, 0, 0, -2, -1, 0, 0, 0 ], 
                  [ 0, 0, 0, 0, 0, 0, 0, 0, 0, 0, 0, -1, -2, 0, 0, 0 ], [ 0, 0, 0, 0, 0, 0, 0, 0, 0, 0, 0, 0, 0, 6, 1, 0 ], 
                  [ 0, 0, 0, 0, 0, 0, 0, 0, 0, 0, 0, 0, 0, 1, -14, 0 ], [ 1, 0, 0, 0, 0, 0, 0, 0, 0, 0, 0, 0, 0, 0, 0, 0 ] ] ],
          method := "Nikulin uniqueness",
          spinorPrimes := [  ] ),
      ampleflag := true,
      basisdual := [ [ 2, 0, 0, 4, 0, 47 ], [ 0, 1, 0, 0, 0, 13 ], [ 0, 0, 1, 4, 1, 42 ], [ 0, 0, 0, 5, 1, 22 ], [ 0, 0, 0, 0, 2, 42 ], [ 0, 0, 0, 0, 0, 51 ] ],
      extdeg := 1,
      extgroupgens := [ [ 2, 0 ], [ 0, 510 ] ],
      h := [ 1, 2, 2, -2, 1, -3 ],
      rho := 6,
      sprats := rec(
          nopss := [ 0, 6 ],
          scons := [ [ [ 1, 6, 2, -2, 1, -4 ], [ 1, -2, 2, -2, 1, -2 ] ], [ [ 1, 2, 3, -2, 0, -3 ], [ 1, 2, 1, -2, 2, -3 ] ], 
              [ [ 1, 2, 1, -1, -1, -1 ], [ 1, 2, 3, -3, 3, -5 ] ], [ [ 1, 1, 2, -2, 0, -2 ], [ 1, 3, 2, -2, 2, -4 ] ], 
              [ [ 1, 2, -2, 1, 1, -1 ], [ 1, 2, 6, -5, 1, -5 ] ], [ [ 1, 3, 1, -1, 0, -2 ], [ 1, 1, 3, -3, 2, -4 ] ] ],
          slins := [  ] ) ), rec(
      Gram := [ [ -2976, -892, -792, -2776, -1188, -3570 ], [ -892, -268, -238, -833, -357, -1071 ], [ -792, -238, -214, -741, -322, -952 ], 
          [ -2776, -833, -741, -2592, -1112, -3332 ], [ -1188, -357, -322, -1112, -486, -1428 ], [ -3570, -1071, -952, -3332, -1428, -4284 ] ],
      Trec := rec(
          count := 1,
          grams := [ [ [ 0, 0, 0, 0, 0, 0, 0, 0, 0, 0, 0, 0, 0, 0, 0, 1 ], [ 0, -2, 1, 1, 1, -1, 1, -1, -1, 0, 0, 0, 0, 0, 0, 0 ], 
                  [ 0, 1, -2, -1, -1, 0, -1, 0, 1, 0, 0, 0, 0, 0, 0, 0 ], [ 0, 1, -1, -2, 0, 0, -1, 0, 1, 0, 0, 0, 0, 0, 0, 0 ], 
                  [ 0, 1, -1, 0, -2, 1, -1, 0, 1, 0, 0, 0, 0, 0, 0, 0 ], [ 0, -1, 0, 0, 1, -2, 0, -1, 0, 0, 0, 0, 0, 0, 0, 0 ], 
                  [ 0, 1, -1, -1, -1, 0, -2, 0, 1, 0, 0, 0, 0, 0, 0, 0 ], [ 0, -1, 0, 0, 0, -1, 0, -2, 0, 0, 0, 0, 0, 0, 0, 0 ], 
                  [ 0, -1, 1, 1, 1, 0, 1, 0, -2, 0, 0, 0, 0, 0, 0, 0 ], [ 0, 0, 0, 0, 0, 0, 0, 0, 0, -2, 1, 0, 0, -1, 1, 0 ], 
                  [ 0, 0, 0, 0, 0, 0, 0, 0, 0, 1, -2, 0, 0, 0, 0, 0 ], [ 0, 0, 0, 0, 0, 0, 0, 0, 0, 0, 0, -2, 1, -1, 1, 0 ], 
                  [ 0, 0, 0, 0, 0, 0, 0, 0, 0, 0, 0, 1, -2, 1, -1, 0 ], [ 0, 0, 0, 0, 0, 0, 0, 0, 0, -1, 0, -1, 1, -4, 2, 0 ], 
                  [ 0, 0, 0, 0, 0, 0, 0, 0, 0, 1, 0, 1, -1, 2, 58, 0 ], [ 1, 0, 0, 0, 0, 0, 0, 0, 0, 0, 0, 0, 0, 0, 0, 0 ] ] ],
          method := "Nikulin uniqueness",
          spinorPrimes := [  ] ),
      ampleflag := true,
      basisdual := [ [ 2, 0, 0, 0, 0, 100 ], [ 0, 1, 0, 0, 0, 30 ], [ 0, 0, 1, 0, 3, 27 ], [ 0, 0, 0, 1, 1, 93 ], [ 0, 0, 0, 0, 6, 41 ], [ 0, 0, 0, 0, 0, 119 ] ],
      extdeg := 1,
      extgroupgens := [ [ 2, 0 ], [ 0, 714 ] ],
      h := [ 1, 2, 2, 2, -1, -3 ],
      rho := 6,
      sprats := rec(
          nopss := [ 0, 5 ],
          scons := [ [ [ 1, 6, 2, 2, -1, -4 ], [ 1, -2, 2, 2, -1, -2 ] ], [ [ 1, 2, 6, 3, -3, -4 ], [ 1, 2, -2, 1, 1, -2 ] ], 
              [ [ 1, 2, 1, 1, -1, -2 ], [ 1, 2, 3, 3, -1, -4 ] ], [ [ 1, 2, 1, -2, 0, 0 ], [ 1, 2, 3, 6, -2, -6 ] ], [ [ 1, 1, 2, 1, -1, -2 ], [ 1, 3, 2, 3, -1, -4 ] ] ],
          slins := [  ] ) ), rec(
      Gram := [ [ -744, -446, -396, -1388, -594, -1785 ], [ -446, -268, -238, -833, -357, -1071 ], [ -396, -238, -214, -741, -322, -952 ], 
          [ -1388, -833, -741, -2592, -1112, -3332 ], [ -594, -357, -322, -1112, -486, -1428 ], [ -1785, -1071, -952, -3332, -1428, -4284 ] ],
      Trec := rec(
          count := 1,
          grams := [ [ [ 0, 0, 0, 0, 0, 0, 0, 0, 0, 0, 0, 0, 0, 0, 0, 1 ], [ 0, -2, -1, -1, 1, 1, -1, -1, 1, 0, 0, 0, 0, 0, 0, 0 ], 
                  [ 0, -1, -2, 0, 1, 1, 0, -1, 1, 0, 0, 0, 0, 0, 0, 0 ], [ 0, -1, 0, -2, 1, 0, -1, 0, 1, 0, 0, 0, 0, 0, 0, 0 ], 
                  [ 0, 1, 1, 1, -2, -1, 1, 0, -1, 0, 0, 0, 0, 0, 0, 0 ], [ 0, 1, 1, 0, -1, -2, 1, 0, -1, 0, 0, 0, 0, 0, 0, 0 ], 
                  [ 0, -1, 0, -1, 1, 1, -2, 0, 1, 0, 0, 0, 0, 0, 0, 0 ], [ 0, -1, -1, 0, 0, 0, 0, -2, 0, 0, 0, 0, 0, 0, 0, 0 ], 
                  [ 0, 1, 1, 1, -1, -1, 1, 0, -2, 0, 0, 0, 0, 0, 0, 0 ], [ 0, 0, 0, 0, 0, 0, 0, 0, 0, -2, 1, 1, -1, -1, 1, 0 ], 
                  [ 0, 0, 0, 0, 0, 0, 0, 0, 0, 1, -2, -1, 1, 1, 0, 0 ], [ 0, 0, 0, 0, 0, 0, 0, 0, 0, 1, -1, -2, 1, 1, -1, 0 ], 
                  [ 0, 0, 0, 0, 0, 0, 0, 0, 0, -1, 1, 1, -2, -1, 0, 0 ], [ 0, 0, 0, 0, 0, 0, 0, 0, 0, -1, 1, 1, -1, -2, 1, 0 ], 
                  [ 0, 0, 0, 0, 0, 0, 0, 0, 0, 1, 0, -1, 0, 1, 58, 0 ], [ 1, 0, 0, 0, 0, 0, 0, 0, 0, 0, 0, 0, 0, 0, 0, 0 ] ] ],
          method := "Nikulin uniqueness",
          spinorPrimes := [  ] ),
      ampleflag := true,
      basisdual := [ [ 1, 0, 0, 0, 0, 50 ], [ 0, 1, 0, 0, 0, 30 ], [ 0, 0, 1, 0, 3, 27 ], [ 0, 0, 0, 1, 1, 93 ], [ 0, 0, 0, 0, 6, 41 ], [ 0, 0, 0, 0, 0, 119 ] ],
      extdeg := 2,
      extgroupgens := [ [ 2, 0 ], [ 0, 357 ] ],
      h := [ 2, 2, 2, 2, -1, -3 ],
      rho := 6,
      sprats := rec(
          nopss := [ 3, 2 ],
          scons := [ [ [ 2, 6, 2, 2, -1, -4 ], [ 2, -2, 2, 2, -1, -2 ] ], [ [ 2, 1, 2, 1, -1, -2 ], [ 2, 3, 2, 3, -1, -4 ] ] ],
          slins := [ [ [ 1, 1, 2, -1, -1, 0 ], [ 1, 1, 0, 3, 0, -3 ] ], [ [ 1, 1, 3, 3, -2, -3 ], [ 1, 1, -1, -1, 1, 0 ] ], [ [ 1, 1, 3, 0, -1, -1 ], [ 1, 1, -1, 2, 0, -2 ] 
                 ] ] ) ), rec(
      Gram := [ [ -144, -166, -162, -124, -276, -222 ], [ -166, -250, -222, -111, -333, -333 ], [ -162, -222, -204, -121, -320, -296 ], [ -124, -111, -121, -128, -232, -148 ]
            , [ -276, -333, -320, -232, -534, -444 ], [ -222, -333, -296, -148, -444, -444 ] ],
      Trec := rec(
          count := 1,
          grams := [ [ [ 0, 0, 0, 0, 0, 0, 0, 0, 0, 0, 0, 0, 0, 0, 0, 1 ], [ 0, -2, -1, -1, -1, 1, 1, 1, 0, 0, 0, 0, 0, 1, 0, 0 ], 
                  [ 0, -1, -2, 0, 0, 1, 1, 1, 0, 0, 0, 0, 0, 1, 0, 0 ], [ 0, -1, 0, -2, 0, 0, 1, 1, 0, 0, 0, 0, 0, 1, 0, 0 ], 
                  [ 0, -1, 0, 0, -2, 0, 0, 0, 0, 0, 0, 0, 0, 0, 0, 0 ], [ 0, 1, 1, 0, 0, -2, -1, -1, 0, 0, 0, 0, 0, 0, 0, 0 ], 
                  [ 0, 1, 1, 1, 0, -1, -2, -1, 0, 0, 0, 0, 0, -1, 0, 0 ], [ 0, 1, 1, 1, 0, -1, -1, -2, 0, 0, 0, 0, 0, -1, 0, 0 ], 
                  [ 0, 0, 0, 0, 0, 0, 0, 0, -2, -1, 1, 0, 0, 0, 1, 0 ], [ 0, 0, 0, 0, 0, 0, 0, 0, -1, -2, 0, 0, 0, 0, 0, 0 ], 
                  [ 0, 0, 0, 0, 0, 0, 0, 0, 1, 0, -2, 0, 0, 0, -1, 0 ], [ 0, 0, 0, 0, 0, 0, 0, 0, 0, 0, 0, -2, 0, 0, 1, 0 ], 
                  [ 0, 0, 0, 0, 0, 0, 0, 0, 0, 0, 0, 0, -2, 0, 0, 0 ], [ 0, 1, 1, 1, 0, 0, -1, -1, 0, 0, 0, 0, 0, -6, 0, 0 ], 
                  [ 0, 0, 0, 0, 0, 0, 0, 0, 1, 0, -1, 1, 0, 0, 8, 0 ], [ 1, 0, 0, 0, 0, 0, 0, 0, 0, 0, 0, 0, 0, 0, 0, 0 ] ] ],
          method := "Nikulin uniqueness",
          spinorPrimes := [  ] ),
      ampleflag := true,
      basisdual := [ [ 2, 0, 0, 0, 12, 16 ], [ 0, 1, 0, 0, 0, 28 ], [ 0, 0, 1, 0, 5, 23 ], [ 0, 0, 0, 1, 17, 7 ], [ 0, 0, 0, 0, 18, 31 ], [ 0, 0, 0, 0, 0, 37 ] ],
      extdeg := 1,
      extgroupgens := [ [ 2, 0 ], [ 0, 666 ] ],
      h := [ 1, 2, 2, 2, -3, -1 ],
      rho := 6,
      sprats := rec(
          nopss := [ 0, 5 ],
          scons := [ [ [ 1, -2, 2, 2, -3, 2 ], [ 1, 6, 2, 2, -3, -4 ] ], [ [ 1, 2, 6, 3, -5, -2 ], [ 1, 2, -2, 1, -1, 0 ] ], [ [ 1, 2, 3, 3, -4, -1 ], [ 1, 2, 1, 1, -2, -1 ] 
                 ], [ [ 1, 2, 1, -2, 1, -3 ], [ 1, 2, 3, 6, -7, 1 ] ], [ [ 1, 1, 2, 1, -2, -1 ], [ 1, 3, 2, 3, -4, -1 ] ] ],
          slins := [  ] ) ), rec(
      Gram := [ [ -36, -83, -81, -62, -138, -111 ], [ -83, -250, -222, -111, -333, -333 ], [ -81, -222, -204, -121, -320, -296 ], [ -62, -111, -121, -128, -232, -148 ], 
          [ -138, -333, -320, -232, -534, -444 ], [ -111, -333, -296, -148, -444, -444 ] ],
      Trec := rec(
          count := 1,
          grams := [ [ [ 0, 0, 0, 0, 0, 0, 0, 0, 0, 0, 0, 0, 0, 0, 0, 1 ], [ 0, -2, -1, -1, -1, 1, 1, 1, 0, 0, 0, 0, 0, 1, 0, 0 ], 
                  [ 0, -1, -2, 0, 0, 1, 1, 1, 0, 0, 0, 0, 0, 1, 0, 0 ], [ 0, -1, 0, -2, 0, 0, 1, 1, 0, 0, 0, 0, 0, 1, 0, 0 ], 
                  [ 0, -1, 0, 0, -2, 0, 0, 0, 0, 0, 0, 0, 0, 0, 0, 0 ], [ 0, 1, 1, 0, 0, -2, -1, -1, 0, 0, 0, 0, 0, 0, 0, 0 ], 
                  [ 0, 1, 1, 1, 0, -1, -2, -1, 0, 0, 0, 0, 0, -1, 0, 0 ], [ 0, 1, 1, 1, 0, -1, -1, -2, 0, 0, 0, 0, 0, -1, 0, 0 ], 
                  [ 0, 0, 0, 0, 0, 0, 0, 0, -2, 1, -1, 1, 1, 0, 1, 0 ], [ 0, 0, 0, 0, 0, 0, 0, 0, 1, -2, 0, 0, 0, 0, -1, 0 ], 
                  [ 0, 0, 0, 0, 0, 0, 0, 0, -1, 0, -2, 0, 1, 0, 1, 0 ], [ 0, 0, 0, 0, 0, 0, 0, 0, 1, 0, 0, -2, -1, 0, 0, 0 ], 
                  [ 0, 0, 0, 0, 0, 0, 0, 0, 1, 0, 1, -1, -2, 0, -1, 0 ], [ 0, 1, 1, 1, 0, 0, -1, -1, 0, 0, 0, 0, 0, -6, 0, 0 ], 
                  [ 0, 0, 0, 0, 0, 0, 0, 0, 1, -1, 1, 0, -1, 0, 8, 0 ], [ 1, 0, 0, 0, 0, 0, 0, 0, 0, 0, 0, 0, 0, 0, 0, 0 ] ] ],
          method := "Nikulin uniqueness",
          spinorPrimes := [  ] ),
      ampleflag := true,
      basisdual := [ [ 1, 0, 0, 0, 6, 8 ], [ 0, 1, 0, 0, 0, 28 ], [ 0, 0, 1, 0, 5, 23 ], [ 0, 0, 0, 1, 17, 7 ], [ 0, 0, 0, 0, 18, 31 ], [ 0, 0, 0, 0, 0, 37 ] ],
      extdeg := 2,
      extgroupgens := [ [ 1, 0 ], [ 0, 666 ] ],
      h := [ 2, 2, 2, 2, -3, -1 ],
      rho := 6,
      sprats := rec(
          nopss := [ 3, 2 ],
          scons := [ [ [ 2, -2, 2, 2, -3, 2 ], [ 2, 6, 2, 2, -3, -4 ] ], [ [ 2, 1, 2, 1, -2, -1 ], [ 2, 3, 2, 3, -4, -1 ] ] ],
          slins := [ [ [ 1, 1, 3, 0, -1, -2 ], [ 1, 1, -1, 2, -2, 1 ] ], [ [ 1, 1, 2, -1, 0, -2 ], [ 1, 1, 0, 3, -3, 1 ] ], [ [ 1, 1, 3, 3, -4, 0 ], [ 1, 1, -1, -1, 1, -1 ] 
                 ] ] ) ), rec(
      Gram := [ [ -108, -88, -280, -282, 6, -354 ], [ -88, -74, -236, -236, 0, -295 ], [ -280, -236, -762, -757, -14, -944 ], [ -282, -236, -757, -756, -4, -944 ], 
          [ 6, 0, -14, -4, -30, 0 ], [ -354, -295, -944, -944, 0, -1180 ] ],
      Trec := rec(
          count := 1,
          grams := [ [ [ -2, 1, 1, 1, -1, 1, -1, -1, 0, 0, 0, 0, 0, 0, 0, 0 ], [ 1, -2, -1, -1, 0, -1, 0, 1, 0, 0, 0, 0, 0, 0, 0, 0 ], 
                  [ 1, -1, -2, 0, 0, 0, 1, 1, 0, 0, 0, 0, 0, 0, 0, 0 ], [ 1, -1, 0, -2, 1, -1, 0, 1, 0, 0, 0, 0, 0, 0, 0, 0 ], 
                  [ -1, 0, 0, 1, -2, 1, 0, 0, 0, 0, 0, 0, 0, 0, 0, 0 ], [ 1, -1, 0, -1, 1, -2, 0, 0, 0, 0, 0, 0, 0, 0, 0, 0 ], 
                  [ -1, 0, 1, 0, 0, 0, -2, -1, 0, 0, 0, 0, 0, 0, 0, 0 ], [ -1, 1, 1, 1, 0, 0, -1, -2, 0, 0, 0, 0, 0, 0, 0, 0 ], 
                  [ 0, 0, 0, 0, 0, 0, 0, 0, 2, 0, 0, 0, 0, 1, 0, 0 ], [ 0, 0, 0, 0, 0, 0, 0, 0, 0, -2, -1, -1, 0, 0, 0, 0 ], 
                  [ 0, 0, 0, 0, 0, 0, 0, 0, 0, -1, -2, -1, 0, 0, 0, 0 ], [ 0, 0, 0, 0, 0, 0, 0, 0, 0, -1, -1, -2, 0, 0, 0, -1 ], 
                  [ 0, 0, 0, 0, 0, 0, 0, 0, 0, 0, 0, 0, -2, 0, 0, 0 ], [ 0, 0, 0, 0, 0, 0, 0, 0, 1, 0, 0, 0, 0, -2, 0, 0 ], 
                  [ 0, 0, 0, 0, 0, 0, 0, 0, 0, 0, 0, 0, 0, 0, -2, 4 ], [ 0, 0, 0, 0, 0, 0, 0, 0, 0, 0, 0, -1, 0, 0, 4, 6 ] ] ],
          method := "Nikulin uniqueness",
          spinorPrimes := [  ] ),
      ampleflag := true,
      basisdual := [ [ 2, 0, 0, 0, 0, 18 ], [ 0, 1, 0, 0, 0, 15 ], [ 0, 0, 1, 0, 5, 49 ], [ 0, 0, 0, 1, 1, 48 ], [ 0, 0, 0, 0, 10, 4 ], [ 0, 0, 0, 0, 0, 59 ] ],
      extdeg := 1,
      extgroupgens := [ [ 2, 0 ], [ 0, 590 ] ],
      h := [ 1, 2, 2, 2, -1, -4 ],
      rho := 6,
      sprats := rec(
          nopss := [ 0, 5 ],
          scons := [ [ [ 1, 6, 2, 2, -1, -5 ], [ 1, -2, 2, 2, -1, -3 ] ], [ [ 1, 2, 6, 3, -3, -8 ], [ 1, 2, -2, 1, 1, 0 ] ], [ [ 1, 2, 3, 6, -2, -8 ], [ 1, 2, 1, -2, 0, 0 ] ]
                , [ [ 1, 2, 1, 3, -1, -4 ], [ 1, 2, 3, 1, -1, -4 ] ], [ [ 1, 1, 2, 1, -1, -3 ], [ 1, 3, 2, 3, -1, -5 ] ] ],
          slins := [  ] ) ), rec(
      Gram := [ [ -132, -100, -326, -338, -420, -402 ], [ -100, -84, -268, -268, -335, -335 ], [ -326, -268, -860, -865, -1080, -1072 ], 
          [ -338, -268, -865, -884, -1100, -1072 ], [ -420, -335, -1080, -1100, -1370, -1340 ], [ -402, -335, -1072, -1072, -1340, -1340 ] ],
      Trec := rec(
          count := 1,
          grams := [ [ [ -2, 1, 1, 1, -1, 1, -1, -1, 0, 0, 0, 0, 0, 0, 0, 0 ], [ 1, -2, -1, -1, 0, -1, 0, 1, 0, 0, 0, 0, 0, 0, 0, 0 ], 
                  [ 1, -1, -2, 0, 0, -1, 0, 1, 0, 0, 0, 0, 0, 0, 0, 0 ], [ 1, -1, 0, -2, 1, -1, 0, 1, 0, 0, 0, 0, 0, 0, 0, 0 ], 
                  [ -1, 0, 0, 1, -2, 0, -1, 0, 0, 0, 0, 0, 0, 0, 0, 0 ], [ 1, -1, -1, -1, 0, -2, 0, 1, 0, 0, 0, 0, 0, 0, 0, 0 ], 
                  [ -1, 0, 0, 0, -1, 0, -2, 0, 0, 0, 0, 0, 0, 0, 0, 0 ], [ -1, 1, 1, 1, 0, 1, 0, -2, 0, 0, 0, 0, 0, 0, 0, 0 ], 
                  [ 0, 0, 0, 0, 0, 0, 0, 0, 2, 0, 0, 0, -1, -1, 0, 0 ], [ 0, 0, 0, 0, 0, 0, 0, 0, 0, -2, 1, 1, -1, 1, 0, -2 ], 
                  [ 0, 0, 0, 0, 0, 0, 0, 0, 0, 1, -2, -1, 1, -1, 0, -1 ], [ 0, 0, 0, 0, 0, 0, 0, 0, 0, 1, -1, -2, 1, -1, 0, -1 ], 
                  [ 0, 0, 0, 0, 0, 0, 0, 0, -1, -1, 1, 1, -2, 2, 0, 3 ], [ 0, 0, 0, 0, 0, 0, 0, 0, -1, 1, -1, -1, 2, -2, 0, -2 ], 
                  [ 0, 0, 0, 0, 0, 0, 0, 0, 0, 0, 0, 0, 0, 0, -2, 0 ], [ 0, 0, 0, 0, 0, 0, 0, 0, 0, -2, -1, -1, 3, -2, 0, 22 ] ] ],
          method := "Nikulin uniqueness",
          spinorPrimes := [  ] ),
      ampleflag := true,
      basisdual := [ [ 2, 0, 0, 0, 8, 20 ], [ 0, 1, 0, 0, 0, 17 ], [ 0, 0, 1, 0, 3, 53 ], [ 0, 0, 0, 1, 9, 52 ], [ 0, 0, 0, 0, 10, 65 ], [ 0, 0, 0, 0, 0, 67 ] ],
      extdeg := 1,
      extgroupgens := [ [ 2, 0 ], [ 0, 670 ] ],
      h := [ 1, 2, 2, 2, -3, -1 ],
      rho := 6,
      sprats := rec(
          nopss := [ 0, 5 ],
          scons := [ [ [ 1, 6, 2, 2, -3, -2 ], [ 1, -2, 2, 2, -3, 0 ] ], [ [ 1, 1, 2, 1, -2, -1 ], [ 1, 3, 2, 3, -4, -1 ] ], [ [ 1, 2, 6, 3, -5, -3 ], [ 1, 2, -2, 1, -1, 1 ] 
                 ], [ [ 1, 2, 1, 3, -4, 0 ], [ 1, 2, 3, 1, -2, -2 ] ], [ [ 1, 2, 3, 6, -7, -1 ], [ 1, 2, 1, -2, 1, -1 ] ] ],
          slins := [  ] ) ), rec(
      Gram := [ [ -126, -166, -156, -94, -54, -186 ], [ -166, -232, -213, -120, -45, -279 ], [ -156, -213, -198, -115, -54, -248 ], [ -94, -120, -115, -74, -54, -124 ], 
          [ -54, -45, -54, -54, -90, 0 ], [ -186, -279, -248, -124, 0, -372 ] ],
      Trec := rec(
          count := 1,
          grams := [ [ [ 0, 0, 0, 0, 0, 0, 0, 0, 0, 0, 0, 0, 0, 0, 0, 1 ], [ 0, -2, -1, -1, -1, 1, 1, 1, 0, 0, 0, 0, 0, 1, 0, 0 ], 
                  [ 0, -1, -2, 0, 0, 1, 1, 1, 0, 0, 0, 0, 0, 1, 0, 0 ], [ 0, -1, 0, -2, 0, 0, 1, 1, 0, 0, 0, 0, 0, 1, 0, 0 ], 
                  [ 0, -1, 0, 0, -2, 0, 0, 0, 0, 0, 0, 0, 0, 0, 0, 0 ], [ 0, 1, 1, 0, 0, -2, -1, -1, 0, 0, 0, 0, 0, 0, 0, 0 ], 
                  [ 0, 1, 1, 1, 0, -1, -2, -1, 0, 0, 0, 0, 0, -1, 0, 0 ], [ 0, 1, 1, 1, 0, -1, -1, -2, 0, 0, 0, 0, 0, -1, 0, 0 ], 
                  [ 0, 0, 0, 0, 0, 0, 0, 0, -2, 0, 0, 0, 0, 0, 0, 0 ], [ 0, 0, 0, 0, 0, 0, 0, 0, 0, -2, 1, 0, 0, 0, -1, 0 ], 
                  [ 0, 0, 0, 0, 0, 0, 0, 0, 0, 1, -2, 0, 0, 0, 0, 0 ], [ 0, 0, 0, 0, 0, 0, 0, 0, 0, 0, 0, -2, 0, 0, -1, 0 ], 
                  [ 0, 0, 0, 0, 0, 0, 0, 0, 0, 0, 0, 0, -2, 0, 0, 0 ], [ 0, 1, 1, 1, 0, 0, -1, -1, 0, 0, 0, 0, 0, -6, 0, 0 ], 
                  [ 0, 0, 0, 0, 0, 0, 0, 0, 0, -1, 0, -1, 0, 0, 4, 0 ], [ 1, 0, 0, 0, 0, 0, 0, 0, 0, 0, 0, 0, 0, 0, 0, 0 ] ] ],
          method := "Nikulin uniqueness",
          spinorPrimes := [  ] ),
      ampleflag := true,
      basisdual := [ [ 2, 0, 0, 0, 12, 22 ], [ 0, 1, 0, 0, 9, 28 ], [ 0, 0, 1, 0, 11, 26 ], [ 0, 0, 0, 1, 11, 16 ], [ 0, 0, 0, 0, 18, 9 ], [ 0, 0, 0, 0, 0, 31 ] ],
      extdeg := 1,
      extgroupgens := [ [ 2, 0 ], [ 0, 558 ] ],
      h := [ 1, 2, 2, 2, -4, -4 ],
      rho := 6,
      sprats := rec(
          nopss := [ 0, 6 ],
          scons := [ [ [ 1, 6, 2, 2, -6, -7 ], [ 1, -2, 2, 2, -2, -1 ] ], [ [ 1, 2, -2, 1, -1, -1 ], [ 1, 2, 6, 3, -7, -7 ] ], 
              [ [ 1, 2, 1, -2, -1, -2 ], [ 1, 2, 3, 6, -7, -6 ] ], [ [ 1, 1, 3, 2, -4, -4 ], [ 1, 3, 1, 2, -4, -4 ] ], 
              [ [ 1, 2, 3, 3, -5, -5 ], [ 1, 2, 1, 1, -3, -3 ] ], [ [ 1, 1, 2, 1, -3, -3 ], [ 1, 3, 2, 3, -5, -5 ] ] ],
          slins := [  ] ) ), rec(
      Gram := [ [ -1926, -2116, -1282, -1026, -768, -2310 ], [ -2116, -2332, -1414, -1130, -852, -2541 ], [ -1282, -1414, -858, -685, -518, -1540 ], 
          [ -1026, -1130, -685, -548, -412, -1232 ], [ -768, -852, -518, -412, -318, -924 ], [ -2310, -2541, -1540, -1232, -924, -2772 ] ],
      Trec := rec(
          count := 1,
          grams := [ [ [ 0, 0, 0, 0, 0, 0, 0, 0, 0, 0, 0, 0, 0, 0, 0, 1 ], [ 0, -2, -1, -1, 1, 1, 1, 1, 1, 0, 0, 0, 0, 0, 0, 0 ], 
                  [ 0, -1, -2, 0, 1, 1, 1, 0, 1, 0, 0, 0, 0, 0, 0, 0 ], [ 0, -1, 0, -2, 1, 0, 1, 0, 1, 0, 0, 0, 0, 0, 0, 0 ], 
                  [ 0, 1, 1, 1, -2, -1, -1, 0, -1, 0, 0, 0, 0, 0, 0, 0 ], [ 0, 1, 1, 0, -1, -2, 0, 0, -1, 0, 0, 0, 0, 0, 0, 0 ], 
                  [ 0, 1, 1, 1, -1, 0, -2, 0, -1, 0, 0, 0, 0, 0, 0, 0 ], [ 0, 1, 0, 0, 0, 0, 0, -2, 0, 0, 0, 0, 0, 0, 0, 0 ], 
                  [ 0, 1, 1, 1, -1, -1, -1, 0, -2, 0, 0, 0, 0, 0, 0, 0 ], [ 0, 0, 0, 0, 0, 0, 0, 0, 0, -2, 1, -1, 1, 0, 1, 0 ], 
                  [ 0, 0, 0, 0, 0, 0, 0, 0, 0, 1, -2, 0, 0, 0, -1, 0 ], [ 0, 0, 0, 0, 0, 0, 0, 0, 0, -1, 0, -2, 0, 0, 1, 0 ], 
                  [ 0, 0, 0, 0, 0, 0, 0, 0, 0, 1, 0, 0, -4, 0, 0, 0 ], [ 0, 0, 0, 0, 0, 0, 0, 0, 0, 0, 0, 0, 0, -4, 1, 0 ], 
                  [ 0, 0, 0, 0, 0, 0, 0, 0, 0, 1, -1, 1, 0, 1, 18, 0 ], [ 1, 0, 0, 0, 0, 0, 0, 0, 0, 0, 0, 0, 0, 0, 0, 0 ] ] ],
          method := "Nikulin uniqueness",
          spinorPrimes := [  ] ),
      ampleflag := true,
      basisdual := [ [ 2, 0, 0, 0, 0, 66 ], [ 0, 1, 0, 0, 3, 69 ], [ 0, 0, 1, 0, 3, 41 ], [ 0, 0, 0, 1, 1, 34 ], [ 0, 0, 0, 0, 6, 22 ], [ 0, 0, 0, 0, 0, 77 ] ],
      extdeg := 1,
      extgroupgens := [ [ 2, 0 ], [ 0, 462 ] ],
      h := [ 1, 2, 2, 2, -2, -4 ],
      rho := 6,
      sprats := rec(
          nopss := [ 0, 7 ],
          scons := [ [ [ 1, 6, 2, 2, -4, -7 ], [ 1, -2, 2, 2, 0, -1 ] ], [ [ 1, 2, 6, 3, -4, -6 ], [ 1, 2, -2, 1, 0, -2 ] ], 
              [ [ 1, 2, 3, 6, -3, -6 ], [ 1, 2, 1, -2, -1, -2 ] ], [ [ 1, 1, 2, 4, -2, -4 ], [ 1, 3, 2, 0, -2, -4 ] ], 
              [ [ 1, 3, 2, 3, -3, -5 ], [ 1, 1, 2, 1, -1, -3 ] ], [ [ 1, 2, 1, 1, -2, -3 ], [ 1, 2, 3, 3, -2, -5 ] ], [ [ 1, 3, 3, 4, -3, -6 ], [ 1, 1, 1, 0, -1, -2 ] ] ],
          slins := [  ] ) ), rec(
      Gram := [ [ -72, -61, -178, -186, -12, -222 ], [ -61, -54, -149, -159, -15, -185 ], [ -178, -149, -474, -475, -2, -592 ], [ -186, -159, -475, -490, -22, -592 ], 
          [ -12, -15, -2, -22, -30, 0 ], [ -222, -185, -592, -592, 0, -740 ] ],
      Trec := rec(
          count := 1,
          grams := [ [ [ 0, 0, 0, 0, 0, 0, 0, 0, 0, 0, 0, 0, 0, 0, 0, 1 ], [ 0, -2, -1, -1, -1, 1, 1, -1, 1, 0, 0, 0, 0, 0, 0, 0 ], 
                  [ 0, -1, -2, 0, 0, 1, 1, -1, 1, 0, 0, 0, 0, 0, 0, 0 ], [ 0, -1, 0, -2, 0, 0, 1, -1, 1, 0, 0, 0, 0, 0, 0, 0 ], 
                  [ 0, -1, 0, 0, -2, 0, 0, 0, 0, 0, 0, 0, 0, 0, 0, 0 ], [ 0, 1, 1, 0, 0, -2, 0, 1, -1, 0, 0, 0, 0, 0, 0, 0 ], 
                  [ 0, 1, 1, 1, 0, 0, -2, 1, -1, 0, 0, 0, 0, 0, 0, 0 ], [ 0, -1, -1, -1, 0, 1, 1, -2, 1, 0, 0, 0, 0, 0, 0, 0 ], 
                  [ 0, 1, 1, 1, 0, -1, -1, 1, -2, 0, 0, 0, 0, 0, 0, 0 ], [ 0, 0, 0, 0, 0, 0, 0, 0, 0, -2, 1, 0, 0, 1, 0, 0 ], 
                  [ 0, 0, 0, 0, 0, 0, 0, 0, 0, 1, -2, 0, 0, -1, 0, 0 ], [ 0, 0, 0, 0, 0, 0, 0, 0, 0, 0, 0, -2, 0, 0, 0, 0 ], 
                  [ 0, 0, 0, 0, 0, 0, 0, 0, 0, 0, 0, 0, -2, 0, 1, 0 ], [ 0, 0, 0, 0, 0, 0, 0, 0, 0, 1, -1, 0, 0, -4, 0, 0 ], 
                  [ 0, 0, 0, 0, 0, 0, 0, 0, 0, 0, 0, 0, 1, 0, 18, 0 ], [ 1, 0, 0, 0, 0, 0, 0, 0, 0, 0, 0, 0, 0, 0, 0, 0 ] ] ],
          method := "Nikulin uniqueness",
          spinorPrimes := [  ] ),
      ampleflag := true,
      basisdual := [ [ 2, 0, 0, 0, 6, 15 ], [ 0, 1, 0, 0, 5, 13 ], [ 0, 0, 1, 0, 1, 30 ], [ 0, 0, 0, 1, 7, 35 ], [ 0, 0, 0, 0, 10, 7 ], [ 0, 0, 0, 0, 0, 37 ] ],
      extdeg := 1,
      extgroupgens := [ [ 2, 0 ], [ 0, 370 ] ],
      h := [ 1, 2, 2, 2, -3, -4 ],
      rho := 6,
      sprats := rec(
          nopss := [ 0, 8 ],
          scons := [ [ [ 1, -2, 2, 2, -1, -3 ], [ 1, 6, 2, 2, -5, -5 ] ], [ [ 1, 2, -2, 1, -2, 0 ], [ 1, 2, 6, 3, -4, -8 ] ], 
              [ [ 1, 1, 0, 3, -3, -3 ], [ 1, 3, 4, 1, -3, -5 ] ], [ [ 1, 1, 2, 1, -2, -3 ], [ 1, 3, 2, 3, -4, -5 ] ], 
              [ [ 1, 2, 1, 3, -4, -4 ], [ 1, 2, 3, 1, -2, -4 ] ], [ [ 1, 2, 1, -2, 0, 0 ], [ 1, 2, 3, 6, -6, -8 ] ], [ [ 1, 3, 0, 0, -2, -1 ], [ 1, 1, 4, 4, -4, -7 ] ], 
              [ [ 1, 1, 3, 0, -1, -3 ], [ 1, 3, 1, 4, -5, -5 ] ] ],
          slins := [  ] ) ), rec(
      Gram := [ [ -314, -123, -385, -389, -6, -481 ], [ -123, -54, -149, -159, -15, -185 ], [ -385, -149, -474, -475, -2, -592 ], [ -389, -159, -475, -490, -22, -592 ], 
          [ -6, -15, -2, -22, -30, 0 ], [ -481, -185, -592, -592, 0, -740 ] ],
      Trec := rec(
          count := 1,
          grams := [ [ [ 0, 0, 0, 0, 0, 0, 0, 0, 0, 0, 0, 0, 0, 0, 0, 1 ], [ 0, -2, -1, -1, -1, 1, 1, -1, 1, 0, 0, 0, 0, 0, 0, 0 ], 
                  [ 0, -1, -2, 0, 0, 1, 1, -1, 1, 0, 0, 0, 0, 0, 0, 0 ], [ 0, -1, 0, -2, 0, 0, 1, -1, 1, 0, 0, 0, 0, 0, 0, 0 ], 
                  [ 0, -1, 0, 0, -2, 0, 0, 0, 0, 0, 0, 0, 0, 0, 0, 0 ], [ 0, 1, 1, 0, 0, -2, 0, 1, -1, 0, 0, 0, 0, 0, 0, 0 ], 
                  [ 0, 1, 1, 1, 0, 0, -2, 1, -1, 0, 0, 0, 0, 0, 0, 0 ], [ 0, -1, -1, -1, 0, 1, 1, -2, 1, 0, 0, 0, 0, 0, 0, 0 ], 
                  [ 0, 1, 1, 1, 0, -1, -1, 1, -2, 0, 0, 0, 0, 0, 0, 0 ], [ 0, 0, 0, 0, 0, 0, 0, 0, 0, -2, 1, 1, -1, 0, 0, 0 ], 
                  [ 0, 0, 0, 0, 0, 0, 0, 0, 0, 1, -2, 0, 1, 0, 0, 0 ], [ 0, 0, 0, 0, 0, 0, 0, 0, 0, 1, 0, -2, 0, 0, 0, 0 ], 
                  [ 0, 0, 0, 0, 0, 0, 0, 0, 0, -1, 1, 0, -2, 0, 0, 0 ], [ 0, 0, 0, 0, 0, 0, 0, 0, 0, 0, 0, 0, 0, -2, 1, 0 ], 
                  [ 0, 0, 0, 0, 0, 0, 0, 0, 0, 0, 0, 0, 0, 1, 18, 0 ], [ 1, 0, 0, 0, 0, 0, 0, 0, 0, 0, 0, 0, 0, 0, 0, 0 ] ] ],
          method := "Nikulin uniqueness",
          spinorPrimes := [  ] ),
      ampleflag := true,
      basisdual := [ [ 1, 0, 0, 0, 3, 26 ], [ 0, 1, 0, 0, 5, 13 ], [ 0, 0, 1, 0, 1, 30 ], [ 0, 0, 0, 1, 7, 35 ], [ 0, 0, 0, 0, 10, 7 ], [ 0, 0, 0, 0, 0, 37 ] ],
      extdeg := 2,
      extgroupgens := [ [ 2, 0 ], [ 0, 185 ] ],
      h := [ 2, 2, 2, 2, -3, -5 ],
      rho := 6,
      sprats := rec(
          nopss := [ 3, 5 ],
          scons := [ [ [ 2, 2, -2, 1, -2, -1 ], [ 2, 2, 6, 3, -4, -9 ] ], [ [ 2, 2, 1, 3, -4, -5 ], [ 2, 2, 3, 1, -2, -5 ] ], 
              [ [ 2, 2, 1, -2, 0, -1 ], [ 2, 2, 3, 6, -6, -9 ] ], [ [ 2, 3, 0, 0, -2, -2 ], [ 2, 1, 4, 4, -4, -8 ] ], [ [ 2, 1, 3, 0, -1, -4 ], [ 2, 3, 1, 4, -5, -6 ] ] ],
          slins := [ [ [ 1, -1, 0, 2, -1, -2 ], [ 1, 3, 2, 0, -2, -3 ] ], [ [ 1, -1, 2, 0, 0, -2 ], [ 1, 3, 0, 2, -3, -3 ] ], 
              [ [ 1, 0, 2, 1, -1, -3 ], [ 1, 2, 0, 1, -2, -2 ] ] ] ) ), rec(
      Gram := [ [ -96, -79, -254, -254, -318, -318 ], [ -79, -74, -222, -217, -280, -265 ], [ -254, -222, -692, -685, -868, -848 ], [ -254, -217, -685, -682, -858, -848 ], 
          [ -318, -280, -868, -858, -1090, -1060 ], [ -318, -265, -848, -848, -1060, -1060 ] ],
      Trec := rec(
          count := 1,
          grams := [ [ [ 0, 0, 0, 0, 0, 0, 0, 0, 0, 0, 0, 0, 0, 0, 0, 1 ], [ 0, -2, -1, -1, 1, 1, 1, 1, 1, 0, 0, 0, 0, 0, 0, 0 ], 
                  [ 0, -1, -2, 0, 1, 1, 1, 0, 1, 0, 0, 0, 0, 0, 0, 0 ], [ 0, -1, 0, -2, 1, 0, 1, 0, 1, 0, 0, 0, 0, 0, 0, 0 ], 
                  [ 0, 1, 1, 1, -2, -1, -1, 0, -1, 0, 0, 0, 0, 0, 0, 0 ], [ 0, 1, 1, 0, -1, -2, 0, 0, -1, 0, 0, 0, 0, 0, 0, 0 ], 
                  [ 0, 1, 1, 1, -1, 0, -2, 0, -1, 0, 0, 0, 0, 0, 0, 0 ], [ 0, 1, 0, 0, 0, 0, 0, -2, 0, 0, 0, 0, 0, 0, 0, 0 ], 
                  [ 0, 1, 1, 1, -1, -1, -1, 0, -2, 0, 0, 0, 0, 0, 0, 0 ], [ 0, 0, 0, 0, 0, 0, 0, 0, 0, -2, 1, 0, 0, 1, 0, 0 ], 
                  [ 0, 0, 0, 0, 0, 0, 0, 0, 0, 1, -2, 0, 0, -1, 0, 0 ], [ 0, 0, 0, 0, 0, 0, 0, 0, 0, 0, 0, -2, 0, 0, 0, 0 ], 
                  [ 0, 0, 0, 0, 0, 0, 0, 0, 0, 0, 0, 0, -2, 0, 1, 0 ], [ 0, 0, 0, 0, 0, 0, 0, 0, 0, 1, -1, 0, 0, -4, 0, 0 ], 
                  [ 0, 0, 0, 0, 0, 0, 0, 0, 0, 0, 0, 0, 1, 0, 26, 0 ], [ 1, 0, 0, 0, 0, 0, 0, 0, 0, 0, 0, 0, 0, 0, 0, 0 ] ] ],
          method := "Nikulin uniqueness",
          spinorPrimes := [  ] ),
      ampleflag := true,
      basisdual := [ [ 2, 0, 0, 0, 2, 17 ], [ 0, 1, 0, 0, 5, 11 ], [ 0, 0, 1, 0, 7, 39 ], [ 0, 0, 0, 1, 3, 41 ], [ 0, 0, 0, 0, 10, 48 ], [ 0, 0, 0, 0, 0, 53 ] ],
      extdeg := 1,
      extgroupgens := [ [ 2, 0 ], [ 0, 530 ] ],
      h := [ 1, 2, 2, 2, -3, -1 ],
      rho := 6,
      sprats := rec(
          nopss := [ 0, 6 ],
          scons := [ [ [ 1, 6, 2, 2, -5, 0 ], [ 1, -2, 2, 2, -1, -2 ] ], [ [ 1, 2, 6, 3, -6, -2 ], [ 1, 2, -2, 1, 0, 0 ] ], [ [ 1, 2, 1, -2, -1, 1 ], [ 1, 2, 3, 6, -5, -3 ] ]
                , [ [ 1, 2, 1, 3, -3, -1 ], [ 1, 2, 3, 1, -3, -1 ] ], [ [ 1, 1, 1, 2, -2, -1 ], [ 1, 3, 3, 2, -4, -1 ] ], [ [ 1, 3, 2, 3, -4, -1 ], [ 1, 1, 2, 1, -2, -1 ] ] ]
           ,
          slins := [  ] ) ), rec(
      Gram := [ [ -448, -172, -551, -551, -689, -689 ], [ -172, -74, -222, -217, -280, -265 ], [ -551, -222, -692, -685, -868, -848 ], [ -551, -217, -685, -682, -858, -848 ],
          [ -689, -280, -868, -858, -1090, -1060 ], [ -689, -265, -848, -848, -1060, -1060 ] ],
      Trec := rec(
          count := 1,
          grams := [ [ [ 0, 0, 0, 0, 0, 0, 0, 0, 0, 0, 0, 0, 0, 0, 0, 1 ], [ 0, -2, -1, -1, 1, 1, 1, 1, 1, 0, 0, 0, 0, 0, 0, 0 ], 
                  [ 0, -1, -2, 0, 1, 1, 1, 0, 1, 0, 0, 0, 0, 0, 0, 0 ], [ 0, -1, 0, -2, 1, 0, 1, 0, 1, 0, 0, 0, 0, 0, 0, 0 ], 
                  [ 0, 1, 1, 1, -2, -1, -1, 0, -1, 0, 0, 0, 0, 0, 0, 0 ], [ 0, 1, 1, 0, -1, -2, 0, 0, -1, 0, 0, 0, 0, 0, 0, 0 ], 
                  [ 0, 1, 1, 1, -1, 0, -2, 0, -1, 0, 0, 0, 0, 0, 0, 0 ], [ 0, 1, 0, 0, 0, 0, 0, -2, 0, 0, 0, 0, 0, 0, 0, 0 ], 
                  [ 0, 1, 1, 1, -1, -1, -1, 0, -2, 0, 0, 0, 0, 0, 0, 0 ], [ 0, 0, 0, 0, 0, 0, 0, 0, 0, -2, 1, 1, -1, 0, 0, 0 ], 
                  [ 0, 0, 0, 0, 0, 0, 0, 0, 0, 1, -2, 0, 1, 0, 0, 0 ], [ 0, 0, 0, 0, 0, 0, 0, 0, 0, 1, 0, -2, 0, 0, 0, 0 ], 
                  [ 0, 0, 0, 0, 0, 0, 0, 0, 0, -1, 1, 0, -2, 0, 0, 0 ], [ 0, 0, 0, 0, 0, 0, 0, 0, 0, 0, 0, 0, 0, -2, 1, 0 ], 
                  [ 0, 0, 0, 0, 0, 0, 0, 0, 0, 0, 0, 0, 0, 1, 26, 0 ], [ 1, 0, 0, 0, 0, 0, 0, 0, 0, 0, 0, 0, 0, 0, 0, 0 ] ] ],
          method := "Nikulin uniqueness",
          spinorPrimes := [  ] ),
      ampleflag := true,
      basisdual := [ [ 1, 0, 0, 0, 1, 35 ], [ 0, 1, 0, 0, 5, 11 ], [ 0, 0, 1, 0, 7, 39 ], [ 0, 0, 0, 1, 3, 41 ], [ 0, 0, 0, 0, 10, 48 ], [ 0, 0, 0, 0, 0, 53 ] ],
      extdeg := 2,
      extgroupgens := [ [ 2, 0 ], [ 0, 265 ] ],
      h := [ 2, 2, 2, 2, -3, -2 ],
      rho := 6,
      sprats := rec(
          nopss := [ 2, 5 ],
          scons := [ [ [ 2, 2, 6, 3, -6, -3 ], [ 2, 2, -2, 1, 0, -1 ] ], [ [ 2, 2, 1, -2, -1, 0 ], [ 2, 2, 3, 6, -5, -4 ] ], [ [ 2, 2, 1, 3, -3, -2 ], [ 2, 2, 3, 1, -3, -2 ] 
                 ], [ [ 2, 1, 1, 2, -2, -2 ], [ 2, 3, 3, 2, -4, -2 ] ], [ [ 2, 3, 2, 3, -4, -2 ], [ 2, 1, 2, 1, -2, -2 ] ] ],
          slins := [ [ [ 1, 3, 2, 0, -3, 0 ], [ 1, -1, 0, 2, 0, -2 ] ], [ [ 1, 3, 0, 2, -2, -1 ], [ 1, -1, 2, 0, -1, -1 ] ] ] ) ), rec(
      Gram := [ [ -72, -106, -46, -378, -282, -426 ], [ -106, -160, -71, -568, -426, -639 ], [ -46, -71, -34, -253, -194, -284 ], [ -378, -568, -253, -2020, -1516, -2272 ], 
          [ -282, -426, -194, -1516, -1146, -1704 ], [ -426, -639, -284, -2272, -1704, -2556 ] ],
      Trec := rec(
          count := 1,
          grams := [ [ [ 0, 0, 0, 0, 0, 0, 0, 0, 0, 0, 0, 0, 0, 0, 0, 1 ], [ 0, -2, -1, -1, -1, 1, 1, -1, 1, 0, 0, 0, 0, 0, 0, 0 ], 
                  [ 0, -1, -2, 0, 0, 1, 1, -1, 1, 0, 0, 0, 0, 0, 0, 0 ], [ 0, -1, 0, -2, 0, 0, 1, -1, 1, 0, 0, 0, 0, 0, 0, 0 ], 
                  [ 0, -1, 0, 0, -2, 0, 0, 0, 0, 0, 0, 0, 0, 0, 0, 0 ], [ 0, 1, 1, 0, 0, -2, 0, 1, -1, 0, 0, 0, 0, 0, 0, 0 ], 
                  [ 0, 1, 1, 1, 0, 0, -2, 1, -1, 0, 0, 0, 0, 0, 0, 0 ], [ 0, -1, -1, -1, 0, 1, 1, -2, 1, 0, 0, 0, 0, 0, 0, 0 ], 
                  [ 0, 1, 1, 1, 0, -1, -1, 1, -2, 0, 0, 0, 0, 0, 0, 0 ], [ 0, 0, 0, 0, 0, 0, 0, 0, 0, -2, -1, -1, 0, 0, -1, 0 ], 
                  [ 0, 0, 0, 0, 0, 0, 0, 0, 0, -1, -2, 0, 0, 0, -1, 0 ], [ 0, 0, 0, 0, 0, 0, 0, 0, 0, -1, 0, -2, 0, 0, 0, 0 ], 
                  [ 0, 0, 0, 0, 0, 0, 0, 0, 0, 0, 0, 0, -2, 0, 1, 0 ], [ 0, 0, 0, 0, 0, 0, 0, 0, 0, 0, 0, 0, 0, -2, 0, 0 ], 
                  [ 0, 0, 0, 0, 0, 0, 0, 0, 0, -1, -1, 0, 1, 0, 52, 0 ], [ 1, 0, 0, 0, 0, 0, 0, 0, 0, 0, 0, 0, 0, 0, 0, 0 ] ] ],
          method := "Nikulin uniqueness",
          spinorPrimes := [  ] ),
      ampleflag := true,
      basisdual := [ [ 2, 0, 0, 0, 0, 12 ], [ 0, 1, 0, 0, 0, 18 ], [ 0, 0, 1, 0, 3, 9 ], [ 0, 0, 0, 1, 1, 64 ], [ 0, 0, 0, 0, 6, 50 ], [ 0, 0, 0, 0, 0, 71 ] ],
      extdeg := 1,
      extgroupgens := [ [ 2, 0 ], [ 0, 426 ] ],
      h := [ 1, 2, 2, 2, -1, -2 ],
      rho := 6,
      sprats := rec(
          nopss := [ 0, 7 ],
          scons := [ [ [ 1, -2, 2, 2, -1, -1 ], [ 1, 6, 2, 2, -1, -3 ] ], [ [ 1, 2, 6, 3, -3, -2 ], [ 1, 2, -2, 1, 1, -2 ] ], [ [ 1, 1, 3, 4, -2, -3 ], [ 1, 3, 1, 0, 0, -1 ] 
                 ], [ [ 1, 2, 3, 6, -2, -5 ], [ 1, 2, 1, -2, 0, 1 ] ], [ [ 1, 2, 1, 1, -1, -1 ], [ 1, 2, 3, 3, -1, -3 ] ], [ [ 1, 3, 1, 3, -1, -3 ], [ 1, 1, 3, 1, -1, -1 ] ],
              [ [ 1, 1, 2, 0, -1, 0 ], [ 1, 3, 2, 4, -1, -4 ] ] ],
          slins := [  ] ) ), rec(
      Gram := [ [ -18, -53, -23, -189, -141, -213 ], [ -53, -160, -71, -568, -426, -639 ], [ -23, -71, -34, -253, -194, -284 ], [ -189, -568, -253, -2020, -1516, -2272 ], 
          [ -141, -426, -194, -1516, -1146, -1704 ], [ -213, -639, -284, -2272, -1704, -2556 ] ],
      Trec := rec(
          count := 1,
          grams := [ [ [ 0, 0, 0, 0, 0, 0, 0, 0, 0, 0, 0, 0, 0, 0, 0, 1 ], [ 0, -2, -1, -1, -1, 1, 1, -1, 1, 0, 0, 0, 0, 0, 0, 0 ], 
                  [ 0, -1, -2, 0, 0, 1, 1, -1, 1, 0, 0, 0, 0, 0, 0, 0 ], [ 0, -1, 0, -2, 0, 0, 1, -1, 1, 0, 0, 0, 0, 0, 0, 0 ], 
                  [ 0, -1, 0, 0, -2, 0, 0, 0, 0, 0, 0, 0, 0, 0, 0, 0 ], [ 0, 1, 1, 0, 0, -2, 0, 1, -1, 0, 0, 0, 0, 0, 0, 0 ], 
                  [ 0, 1, 1, 1, 0, 0, -2, 1, -1, 0, 0, 0, 0, 0, 0, 0 ], [ 0, -1, -1, -1, 0, 1, 1, -2, 1, 0, 0, 0, 0, 0, 0, 0 ], 
                  [ 0, 1, 1, 1, 0, -1, -1, 1, -2, 0, 0, 0, 0, 0, 0, 0 ], [ 0, 0, 0, 0, 0, 0, 0, 0, 0, -2, -1, -1, 1, -1, -1, 0 ], 
                  [ 0, 0, 0, 0, 0, 0, 0, 0, 0, -1, -2, 0, 0, -1, -1, 0 ], [ 0, 0, 0, 0, 0, 0, 0, 0, 0, -1, 0, -2, 0, 0, 0, 0 ], 
                  [ 0, 0, 0, 0, 0, 0, 0, 0, 0, 1, 0, 0, -2, 0, 1, 0 ], [ 0, 0, 0, 0, 0, 0, 0, 0, 0, -1, -1, 0, 0, -2, 0, 0 ], 
                  [ 0, 0, 0, 0, 0, 0, 0, 0, 0, -1, -1, 0, 1, 0, 52, 0 ], [ 1, 0, 0, 0, 0, 0, 0, 0, 0, 0, 0, 0, 0, 0, 0, 0 ] ] ],
          method := "Nikulin uniqueness",
          spinorPrimes := [  ] ),
      ampleflag := true,
      basisdual := [ [ 1, 0, 0, 0, 0, 6 ], [ 0, 1, 0, 0, 0, 18 ], [ 0, 0, 1, 0, 3, 9 ], [ 0, 0, 0, 1, 1, 64 ], [ 0, 0, 0, 0, 6, 50 ], [ 0, 0, 0, 0, 0, 71 ] ],
      extdeg := 2,
      extgroupgens := [ [ 2, 0 ], [ 0, 213 ] ],
      h := [ 2, 2, 2, 2, -1, -2 ],
      rho := 6,
      sprats := rec(
          nopss := [ 4, 1 ],
          scons := [ [ [ 2, -2, 2, 2, -1, -1 ], [ 2, 6, 2, 2, -1, -3 ] ] ],
          slins := [ [ [ 1, 1, 3, 3, -2, -2 ], [ 1, 1, -1, -1, 1, 0 ] ], [ [ 1, 1, 2, -1, -1, 1 ], [ 1, 1, 0, 3, 0, -3 ] ], [ [ 1, 2, 2, 1, -1, -1 ], [ 1, 0, 0, 1, 0, -1 ] ],
              [ [ 1, 1, 3, 0, -1, 0 ], [ 1, 1, -1, 2, 0, -2 ] ] ] ) ), rec(
      Gram := [ [ -708, -193, -314, -326, -792, -774 ], [ -193, -54, -86, -86, -215, -215 ], [ -314, -86, -140, -145, -352, -344 ], [ -326, -86, -145, -164, -372, -344 ], 
          [ -792, -215, -352, -372, -890, -860 ], [ -774, -215, -344, -344, -860, -860 ] ],
      Trec := rec(
          count := 1,
          grams := [ [ [ -2, 1, 1, 1, -1, 1, -1, -1, 0, 0, 0, 0, 0, 0, 0, 0 ], [ 1, -2, -1, 0, 0, 0, 1, 1, 0, 0, 0, 0, 0, 0, 0, 0 ], 
                  [ 1, -1, -2, -1, 0, -1, 0, 1, 0, 0, 0, 0, 0, 0, 0, 0 ], [ 1, 0, -1, -2, 1, -1, 0, 1, 0, 0, 0, 0, 0, 0, 0, 0 ], 
                  [ -1, 0, 0, 1, -2, 1, 0, 0, 0, 0, 0, 0, 0, 0, 0, 0 ], [ 1, 0, -1, -1, 1, -2, 0, 0, 0, 0, 0, 0, 0, 0, 0, 0 ], 
                  [ -1, 1, 0, 0, 0, 0, -2, -1, 0, 0, 0, 0, 0, 0, 0, 0 ], [ -1, 1, 1, 1, 0, 0, -1, -2, 0, 0, 0, 0, 0, 0, 0, 0 ], 
                  [ 0, 0, 0, 0, 0, 0, 0, 0, 2, 0, 0, 0, -1, 1, 0, 0 ], [ 0, 0, 0, 0, 0, 0, 0, 0, 0, -2, 1, 1, 1, 1, 0, -2 ], 
                  [ 0, 0, 0, 0, 0, 0, 0, 0, 0, 1, -2, -1, -1, -1, 0, -1 ], [ 0, 0, 0, 0, 0, 0, 0, 0, 0, 1, -1, -2, -1, -1, 0, -1 ], 
                  [ 0, 0, 0, 0, 0, 0, 0, 0, -1, 1, -1, -1, -2, -2, 0, -3 ], [ 0, 0, 0, 0, 0, 0, 0, 0, 1, 1, -1, -1, -2, -2, 0, -2 ], 
                  [ 0, 0, 0, 0, 0, 0, 0, 0, 0, 0, 0, 0, 0, 0, -2, 0 ], [ 0, 0, 0, 0, 0, 0, 0, 0, 0, -2, -1, -1, -3, -2, 0, 10 ] ] ],
          method := "Nikulin uniqueness",
          spinorPrimes := [  ] ),
      ampleflag := true,
      basisdual := [ [ 2, 0, 0, 0, 8, 37 ], [ 0, 1, 0, 0, 0, 11 ], [ 0, 0, 1, 0, 3, 16 ], [ 0, 0, 0, 1, 9, 14 ], [ 0, 0, 0, 0, 10, 39 ], [ 0, 0, 0, 0, 0, 43 ] ],
      extdeg := 1,
      extgroupgens := [ [ 2, 0 ], [ 0, 430 ] ],
      h := [ 1, 2, 2, 2, -3, 0 ],
      rho := 6,
      sprats := rec(
          nopss := [ 0, 7 ],
          scons := [ [ [ 1, 6, 2, 2, -3, -1 ], [ 1, -2, 2, 2, -3, 1 ] ], [ [ 1, 2, 6, 3, -5, 0 ], [ 1, 2, -2, 1, -1, 0 ] ], [ [ 1, 2, 1, 3, -4, 1 ], [ 1, 2, 3, 1, -2, -1 ] ],
              [ [ 1, 1, 1, 1, -2, 0 ], [ 1, 3, 3, 3, -4, 0 ] ], [ [ 1, 3, 1, 0, -1, -1 ], [ 1, 1, 3, 4, -5, 1 ] ], [ [ 1, 2, 1, -2, 1, -2 ], [ 1, 2, 3, 6, -7, 2 ] ], 
              [ [ 1, 3, 2, 4, -5, 1 ], [ 1, 1, 2, 0, -1, -1 ] ] ],
          slins := [  ] ) ), rec(
      Gram := [ [ -326, -161, 2, -128, -128, -390 ], [ -161, -84, -3, -67, -70, -195 ], [ 2, -3, -4, -3, -6, 0 ], [ -128, -67, -3, -56, -56, -156 ], 
          [ -128, -70, -6, -56, -62, -156 ], [ -390, -195, 0, -156, -156, -468 ] ],
      Trec := rec(
          count := 1,
          grams := [ [ [ 0, 0, 0, 0, 0, 0, 0, 0, 0, 0, 0, 0, 0, 0, 0, 1 ], [ 0, 0, 0, 0, 0, 0, 0, 0, 0, 0, 0, 0, 0, 0, 1, 0 ], 
                  [ 0, 0, -2, -1, 1, 1, -1, 1, -1, 0, 0, -1, 0, 0, 0, 0 ], [ 0, 0, -1, -2, 0, 1, 0, 0, 0, 0, 0, -1, 0, 0, 0, 0 ], 
                  [ 0, 0, 1, 0, -2, -1, 1, -1, 1, 0, 0, 1, 0, 0, 0, 0 ], [ 0, 0, 1, 1, -1, -2, 1, -1, 1, 0, 0, 1, 0, 0, 0, 0 ], 
                  [ 0, 0, -1, 0, 1, 1, -2, 1, -1, 0, 0, -1, 0, 0, 0, 0 ], [ 0, 0, 1, 0, -1, -1, 1, -2, 1, 0, 0, 0, 0, 0, 0, 0 ], 
                  [ 0, 0, -1, 0, 1, 1, -1, 1, -2, 0, 0, 0, 0, 0, 0, 0 ], [ 0, 0, 0, 0, 0, 0, 0, 0, 0, -2, 1, 0, -1, -1, 0, 0 ], 
                  [ 0, 0, 0, 0, 0, 0, 0, 0, 0, 1, -2, 0, 1, 0, 0, 0 ], [ 0, 0, -1, -1, 1, 1, -1, 0, 0, 0, 0, -4, 0, 0, 0, 0 ], 
                  [ 0, 0, 0, 0, 0, 0, 0, 0, 0, -1, 1, 0, -8, 1, 0, 0 ], [ 0, 0, 0, 0, 0, 0, 0, 0, 0, -1, 0, 0, 1, -8, 0, 0 ], 
                  [ 0, 1, 0, 0, 0, 0, 0, 0, 0, 0, 0, 0, 0, 0, 0, 0 ], [ 1, 0, 0, 0, 0, 0, 0, 0, 0, 0, 0, 0, 0, 0, 0, 0 ] ] ],
          method := "Nikulin uniqueness",
          spinorPrimes := [  ] ),
      ampleflag := true,
      basisdual := [ [ 2, 0, 0, 0, 0, 33 ], [ 0, 1, 0, 0, 3, 17 ], [ 0, 0, 1, 1, 4, 1 ], [ 0, 0, 0, 3, 3, 14 ], [ 0, 0, 0, 0, 6, 14 ], [ 0, 0, 0, 0, 0, 39 ] ],
      extdeg := 1,
      extgroupgens := [ [ 6, 0 ], [ 0, 234 ] ],
      h := [ 1, 2, 2, 0, -2, -1 ],
      rho := 6,
      sprats := rec(
          nopss := [ 0, 5 ],
          scons := [ [ [ 1, 6, 2, 0, -4, -2 ], [ 1, -2, 2, 0, 0, 0 ] ], [ [ 1, 2, 1, 0, -2, -1 ], [ 1, 2, 3, 0, -2, -1 ] ], [ [ 1, 2, 6, -1, -4, 0 ], [ 1, 2, -2, 1, 0, -2 ] ]
                , [ [ 1, 2, 1, -1, -1, -1 ], [ 1, 2, 3, 1, -3, -1 ] ], [ [ 1, 1, 1, 0, -1, -1 ], [ 1, 3, 3, 0, -3, -1 ] ] ],
          slins := [  ] ) ), rec(
      Gram := [ [ -102, -420, -134, -470, -538, -606 ], [ -420, -1754, -561, -1964, -2245, -2525 ], [ -134, -561, -180, -629, -718, -808 ], 
          [ -470, -1964, -629, -2202, -2514, -2828 ], [ -538, -2245, -718, -2514, -2874, -3232 ], [ -606, -2525, -808, -2828, -3232, -3636 ] ],
      Trec := rec(
          count := 1,
          grams := [ [ [ 0, 0, 0, 0, 0, 0, 0, 0, 0, 0, 0, 0, 0, 0, 0, 1 ], [ 0, -2, -1, -1, -1, 1, -1, -1, 1, 0, 0, 0, 0, 0, 0, 0 ], 
                  [ 0, -1, -2, 0, 0, 1, -1, -1, 1, 0, 0, 0, 0, 0, 0, 0 ], [ 0, -1, 0, -2, 0, 0, -1, -1, 1, 0, 0, 0, 0, 0, 0, 0 ], 
                  [ 0, -1, 0, 0, -2, 0, 0, 0, 0, 0, 0, 0, 0, 0, 0, 0 ], [ 0, 1, 1, 0, 0, -2, 1, 1, -1, 0, 0, 0, 0, 0, 0, 0 ], 
                  [ 0, -1, -1, -1, 0, 1, -2, -1, 1, 0, 0, 0, 0, 0, 0, 0 ], [ 0, -1, -1, -1, 0, 1, -1, -2, 1, 0, 0, 0, 0, 0, 0, 0 ], 
                  [ 0, 1, 1, 1, 0, -1, 1, 1, -2, 0, 0, 0, 0, 0, 0, 0 ], [ 0, 0, 0, 0, 0, 0, 0, 0, 0, -2, 1, -1, -1, 0, 1, 0 ], 
                  [ 0, 0, 0, 0, 0, 0, 0, 0, 0, 1, -2, 0, 0, 0, 0, 0 ], [ 0, 0, 0, 0, 0, 0, 0, 0, 0, -1, 0, -2, 0, 0, 0, 0 ], 
                  [ 0, 0, 0, 0, 0, 0, 0, 0, 0, -1, 0, 0, -4, 0, 1, 0 ], [ 0, 0, 0, 0, 0, 0, 0, 0, 0, 0, 0, 0, 0, -4, 1, 0 ], 
                  [ 0, 0, 0, 0, 0, 0, 0, 0, 0, 1, 0, 0, 1, 1, 24, 0 ], [ 1, 0, 0, 0, 0, 0, 0, 0, 0, 0, 0, 0, 0, 0, 0, 0 ] ] ],
          method := "Nikulin uniqueness",
          spinorPrimes := [  ] ),
      ampleflag := true,
      basisdual := [ [ 2, 0, 0, 0, 0, 18 ], [ 0, 1, 0, 0, 1, 70 ], [ 0, 0, 1, 1, 0, 23 ], [ 0, 0, 0, 3, 1, 79 ], [ 0, 0, 0, 0, 2, 89 ], [ 0, 0, 0, 0, 0, 101 ] ],
      extdeg := 1,
      extgroupgens := [ [ 2, 0 ], [ 0, 606 ] ],
      h := [ 1, 2, 2, 0, 0, -2 ],
      rho := 6,
      sprats := rec(
          nopss := [ 0, 5 ],
          scons := [ [ [ 1, -2, 2, 0, 2, -1 ], [ 1, 6, 2, 0, -2, -3 ] ], [ [ 1, 2, 6, -1, 1, -3 ], [ 1, 2, -2, 1, -1, -1 ] ], [ [ 1, 2, 1, -1, 0, -1 ], [ 1, 2, 3, 1, 0, -3 ] 
                 ], [ [ 1, 2, 3, 0, 2, -4 ], [ 1, 2, 1, 0, -2, 0 ] ], [ [ 1, 3, 3, 0, -1, -2 ], [ 1, 1, 1, 0, 1, -2 ] ] ],
          slins := [  ] ) ), rec(
      Gram := [ [ -990, -271, -436, -438, 6, -1098 ], [ -271, -84, -129, -124, -15, -305 ], [ -436, -129, -202, -197, -14, -488 ], [ -438, -124, -197, -196, -4, -488 ], 
          [ 6, -15, -14, -4, -30, 0 ], [ -1098, -305, -488, -488, 0, -1220 ] ],
      Trec := rec(
          count := 1,
          grams := [ [ [ -2, 1, 1, 1, -1, 1, -1, -1, 0, 0, 0, 0, 0, 0, 0, 0 ], [ 1, -2, -1, -1, 0, -1, 0, 1, 0, 0, 0, 0, 0, 0, 0, 0 ], 
                  [ 1, -1, -2, 0, 0, 0, 1, 1, 0, 0, 0, 0, 0, 0, 0, 0 ], [ 1, -1, 0, -2, 1, -1, 0, 1, 0, 0, 0, 0, 0, 0, 0, 0 ], 
                  [ -1, 0, 0, 1, -2, 1, 0, 0, 0, 0, 0, 0, 0, 0, 0, 0 ], [ 1, -1, 0, -1, 1, -2, 0, 0, 0, 0, 0, 0, 0, 0, 0, 0 ], 
                  [ -1, 0, 1, 0, 0, 0, -2, -1, 0, 0, 0, 0, 0, 0, 0, 0 ], [ -1, 1, 1, 1, 0, 0, -1, -2, 0, 0, 0, 0, 0, 0, 0, 0 ], 
                  [ 0, 0, 0, 0, 0, 0, 0, 0, -2, 1, -1, 1, 0, 0, -1, 0 ], [ 0, 0, 0, 0, 0, 0, 0, 0, 1, -2, 1, -1, 0, 0, 0, 0 ], 
                  [ 0, 0, 0, 0, 0, 0, 0, 0, -1, 1, -2, 1, 0, 0, 0, 0 ], [ 0, 0, 0, 0, 0, 0, 0, 0, 1, -1, 1, -2, 0, 0, 0, 0 ], 
                  [ 0, 0, 0, 0, 0, 0, 0, 0, 0, 0, 0, 0, 2, 1, 0, 0 ], [ 0, 0, 0, 0, 0, 0, 0, 0, 0, 0, 0, 0, 1, -2, 0, 0 ], 
                  [ 0, 0, 0, 0, 0, 0, 0, 0, -1, 0, 0, 0, 0, 0, -4, -2 ], [ 0, 0, 0, 0, 0, 0, 0, 0, 0, 0, 0, 0, 0, 0, -2, 14 ] ] ],
          method := "Nikulin uniqueness",
          spinorPrimes := [  ] ),
      ampleflag := true,
      basisdual := [ [ 2, 0, 0, 0, 0, 55 ], [ 0, 1, 0, 0, 5, 17 ], [ 0, 0, 1, 0, 5, 26 ], [ 0, 0, 0, 1, 1, 25 ], [ 0, 0, 0, 0, 10, 3 ], [ 0, 0, 0, 0, 0, 61 ] ],
      extdeg := 1,
      extgroupgens := [ [ 2, 0 ], [ 0, 610 ] ],
      h := [ 1, 2, 2, 2, -2, -3 ],
      rho := 6,
      sprats := rec(
          nopss := [ 0, 5 ],
          scons := [ [ [ 1, -2, 2, 2, 0, -2 ], [ 1, 6, 2, 2, -4, -4 ] ], [ [ 1, 2, 6, 3, -4, -5 ], [ 1, 2, -2, 1, 0, -1 ] ], 
              [ [ 1, 2, 1, -2, -1, -1 ], [ 1, 2, 3, 6, -3, -5 ] ], [ [ 1, 2, 1, 3, -2, -3 ], [ 1, 2, 3, 1, -2, -3 ] ], [ [ 1, 3, 3, 3, -3, -4 ], [ 1, 1, 1, 1, -1, -2 ] ] ],
          slins := [  ] ) ), rec(
      Gram := [ [ -252, -143, -225, -221, -12, -549 ], [ -143, -84, -129, -124, -15, -305 ], [ -225, -129, -202, -197, -14, -488 ], [ -221, -124, -197, -196, -4, -488 ], 
          [ -12, -15, -14, -4, -30, 0 ], [ -549, -305, -488, -488, 0, -1220 ] ],
      Trec := rec(
          count := 1,
          grams := [ [ [ -2, 1, 1, 1, -1, 1, -1, -1, 0, 0, 0, 0, 0, 0, 0, 0 ], [ 1, -2, -1, 0, 0, 0, 1, 1, 0, 0, 0, 0, 0, 0, 0, 0 ], 
                  [ 1, -1, -2, -1, 0, -1, 0, 1, 0, 0, 0, 0, 0, 0, 0, 0 ], [ 1, 0, -1, -2, 1, -1, 0, 1, 0, 0, 0, 0, 0, 0, 0, 0 ], 
                  [ -1, 0, 0, 1, -2, 1, 0, 0, 0, 0, 0, 0, 0, 0, 0, 0 ], [ 1, 0, -1, -1, 1, -2, 0, 0, 0, 0, 0, 0, 0, 0, 0, 0 ], 
                  [ -1, 1, 0, 0, 0, 0, -2, -1, 0, 0, 0, 0, 0, 0, 0, 0 ], [ -1, 1, 1, 1, 0, 0, -1, -2, 0, 0, 0, 0, 0, 0, 0, 0 ], 
                  [ 0, 0, 0, 0, 0, 0, 0, 0, -2, 1, -1, 1, 1, 0, 0, -1 ], [ 0, 0, 0, 0, 0, 0, 0, 0, 1, -2, 0, 0, 0, 0, 0, 2 ], 
                  [ 0, 0, 0, 0, 0, 0, 0, 0, -1, 0, -2, 0, 1, 0, 0, 1 ], [ 0, 0, 0, 0, 0, 0, 0, 0, 1, 0, 0, -2, -1, 0, 0, 0 ], 
                  [ 0, 0, 0, 0, 0, 0, 0, 0, 1, 0, 1, -1, -2, 0, 0, 0 ], [ 0, 0, 0, 0, 0, 0, 0, 0, 0, 0, 0, 0, 0, 2, 1, 0 ], 
                  [ 0, 0, 0, 0, 0, 0, 0, 0, 0, 0, 0, 0, 0, 1, -2, 0 ], [ 0, 0, 0, 0, 0, 0, 0, 0, -1, 2, 1, 0, 0, 0, 0, 12 ] ] ],
          method := "Nikulin uniqueness",
          spinorPrimes := [  ] ),
      ampleflag := true,
      basisdual := [ [ 1, 0, 0, 0, 5, 29 ], [ 0, 1, 0, 0, 5, 17 ], [ 0, 0, 1, 0, 5, 26 ], [ 0, 0, 0, 1, 1, 25 ], [ 0, 0, 0, 0, 10, 3 ], [ 0, 0, 0, 0, 0, 61 ] ],
      extdeg := 2,
      extgroupgens := [ [ 2, 0 ], [ 0, 305 ] ],
      h := [ 2, 2, 2, 2, -3, -3 ],
      rho := 6,
      sprats := rec(
          nopss := [ 2, 4 ],
          scons := [ [ [ 2, 2, 6, 3, -5, -5 ], [ 2, 2, -2, 1, -1, -1 ] ], [ [ 2, 2, 1, -2, -2, -1 ], [ 2, 2, 3, 6, -4, -5 ] ], 
              [ [ 2, 2, 1, 3, -3, -3 ], [ 2, 2, 3, 1, -3, -3 ] ], [ [ 2, 3, 3, 3, -4, -4 ], [ 2, 1, 1, 1, -2, -2 ] ] ],
          slins := [ [ [ 1, -1, 2, 0, -1, -1 ], [ 1, 3, 0, 2, -2, -2 ] ], [ [ 1, -1, 0, 2, 0, -1 ], [ 1, 3, 2, 0, -3, -2 ] ] ] ) ), rec(
      Gram := [ [ -14, -9, -30, -28, -28, -18 ], [ -9, -10, -24, -19, -24, -9 ], [ -30, -24, -70, -61, -66, -36 ], [ -28, -19, -61, -56, -56, -36 ], 
          [ -28, -24, -66, -56, -66, -36 ], [ -18, -9, -36, -36, -36, -36 ] ],
      Trec := rec(
          count := 1,
          grams := [ [ [ 0, 0, 0, 0, 0, 0, 0, 0, 0, 0, 0, 0, 0, 0, 0, 1 ], [ 0, -2, -1, -1, 1, 1, 1, -1, 0, 0, 0, 0, 0, 0, 1, 0 ], 
                  [ 0, -1, -2, 0, 1, 1, 1, -1, 0, 0, 0, 0, 0, 0, 1, 0 ], [ 0, -1, 0, -2, 1, 0, 1, -1, 0, 0, 0, 0, 0, 0, 1, 0 ], 
                  [ 0, 1, 1, 1, -2, -1, -1, 1, 0, 0, 0, 0, 0, 0, -1, 0 ], [ 0, 1, 1, 0, -1, -2, -1, 0, 0, 0, 0, 0, 0, 0, -1, 0 ], 
                  [ 0, 1, 1, 1, -1, -1, -2, 1, 0, 0, 0, 0, 0, 0, -1, 0 ], [ 0, -1, -1, -1, 1, 0, 1, -2, 0, 0, 0, 0, 0, 0, 1, 0 ], 
                  [ 0, 0, 0, 0, 0, 0, 0, 0, -2, 1, 0, 0, 0, 1, 0, 0 ], [ 0, 0, 0, 0, 0, 0, 0, 0, 1, -2, 0, 0, 0, -1, 0, 0 ], 
                  [ 0, 0, 0, 0, 0, 0, 0, 0, 0, 0, -2, 0, 1, 0, 0, 0 ], [ 0, 0, 0, 0, 0, 0, 0, 0, 0, 0, 0, -2, 0, 0, 0, 0 ], [ 0, 0, 0, 0, 0, 0, 0, 0, 0, 0, 1, 0, 2, 0, 0, 0 ]
                    , [ 0, 0, 0, 0, 0, 0, 0, 0, 1, -1, 0, 0, 0, -4, 0, 0 ], [ 0, 1, 1, 1, -1, -1, -1, 1, 0, 0, 0, 0, 0, 0, -6, 0 ], 
                  [ 1, 0, 0, 0, 0, 0, 0, 0, 0, 0, 0, 0, 0, 0, 0, 0 ] ] ],
          method := "Nikulin uniqueness",
          spinorPrimes := [  ] ),
      ampleflag := true,
      basisdual := [ [ 2, 0, 0, 4, 4, 3 ], [ 0, 1, 0, 0, 5, 0 ], [ 0, 0, 1, 4, 9, 3 ], [ 0, 0, 0, 5, 5, 4 ], [ 0, 0, 0, 0, 10, 4 ], [ 0, 0, 0, 0, 0, 9 ] ],
      extdeg := 1,
      extgroupgens := [ [ 10, 0 ], [ 0, 90 ] ],
      h := [ 1, 2, 2, -2, -2, 1 ],
      rho := 6,
      sprats := rec(
          nopss := [ 0, 6 ],
          scons := [ [ [ 1, 6, 2, -2, -4, 2 ], [ 1, -2, 2, -2, 0, 0 ] ], [ [ 1, 2, 1, -1, -2, 1 ], [ 1, 2, 3, -3, -2, 1 ] ], [ [ 1, 2, 3, -2, -3, 1 ], [ 1, 2, 1, -2, -1, 1 ] 
                 ], [ [ 1, 2, -2, 1, 0, 0 ], [ 1, 2, 6, -5, -4, 2 ] ], [ [ 1, 3, 1, -1, -2, 1 ], [ 1, 1, 3, -3, -2, 1 ] ], [ [ 1, 1, 1, -1, -1, 0 ], [ 1, 3, 3, -3, -3, 2 ] ] 
             ],
          slins := [  ] ) ), rec(
      Gram := [ [ -70, -21, -66, -60, -65, -45 ], [ -21, -10, -24, -19, -24, -9 ], [ -66, -24, -70, -61, -66, -36 ], [ -60, -19, -61, -56, -56, -36 ], 
          [ -65, -24, -66, -56, -66, -36 ], [ -45, -9, -36, -36, -36, -36 ] ],
      Trec := rec(
          count := 1,
          grams := [ [ [ 0, 0, 0, 0, 0, 0, 0, 0, 0, 0, 0, 0, 0, 0, 0, 1 ], [ 0, -2, -1, -1, 1, 1, 1, -1, 0, 0, 0, 0, 0, 0, 1, 0 ], 
                  [ 0, -1, -2, 0, 1, 1, 1, -1, 0, 0, 0, 0, 0, 0, 1, 0 ], [ 0, -1, 0, -2, 1, 0, 1, -1, 0, 0, 0, 0, 0, 0, 1, 0 ], 
                  [ 0, 1, 1, 1, -2, -1, -1, 1, 0, 0, 0, 0, 0, 0, -1, 0 ], [ 0, 1, 1, 0, -1, -2, -1, 0, 0, 0, 0, 0, 0, 0, -1, 0 ], 
                  [ 0, 1, 1, 1, -1, -1, -2, 1, 0, 0, 0, 0, 0, 0, -1, 0 ], [ 0, -1, -1, -1, 1, 0, 1, -2, 0, 0, 0, 0, 0, 0, 1, 0 ], 
                  [ 0, 0, 0, 0, 0, 0, 0, 0, -2, 1, 1, -1, 0, 0, 0, 0 ], [ 0, 0, 0, 0, 0, 0, 0, 0, 1, -2, 0, 1, 0, 0, 0, 0 ], 
                  [ 0, 0, 0, 0, 0, 0, 0, 0, 1, 0, -2, 0, 0, 0, 0, 0 ], [ 0, 0, 0, 0, 0, 0, 0, 0, -1, 1, 0, -2, 0, 0, 0, 0 ], 
                  [ 0, 0, 0, 0, 0, 0, 0, 0, 0, 0, 0, 0, -2, 1, 0, 0 ], [ 0, 0, 0, 0, 0, 0, 0, 0, 0, 0, 0, 0, 1, 2, 0, 0 ], 
                  [ 0, 1, 1, 1, -1, -1, -1, 1, 0, 0, 0, 0, 0, 0, -6, 0 ], [ 1, 0, 0, 0, 0, 0, 0, 0, 0, 0, 0, 0, 0, 0, 0, 0 ] ] ],
          method := "Nikulin uniqueness",
          spinorPrimes := [  ] ),
      ampleflag := true,
      basisdual := [ [ 1, 0, 0, 2, 7, 8 ], [ 0, 1, 0, 0, 5, 0 ], [ 0, 0, 1, 4, 9, 3 ], [ 0, 0, 0, 5, 5, 4 ], [ 0, 0, 0, 0, 10, 4 ], [ 0, 0, 0, 0, 0, 9 ] ],
      extdeg := 2,
      extgroupgens := [ [ 10, 0 ], [ 0, 45 ] ],
      h := [ 2, 2, 2, -2, -3, 0 ],
      rho := 6,
      sprats := rec(
          nopss := [ 3, 3 ],
          scons := [ [ [ 2, 2, 1, -1, -3, 0 ], [ 2, 2, 3, -3, -3, 0 ] ], [ [ 2, 2, 3, -2, -4, 0 ], [ 2, 2, 1, -2, -2, 0 ] ], 
              [ [ 2, 2, -2, 1, -1, -1 ], [ 2, 2, 6, -5, -5, 1 ] ] ],
          slins := [ [ [ 1, 3, 0, 0, -2, 0 ], [ 1, -1, 2, -2, -1, 0 ] ], [ [ 1, 2, 1, -1, -2, 0 ], [ 1, 0, 1, -1, -1, 0 ] ], [ [ 1, 3, 2, -2, -3, 1 ], [ 1, -1, 0, 0, 0, -1 ] 
                 ] ] ) ), rec(
      Gram := [ [ -8, -31, -40, -26, -26, -42 ], [ -31, -142, -189, -126, -126, -189 ], [ -40, -189, -256, -171, -174, -252 ], [ -26, -126, -171, -116, -116, -168 ], 
          [ -26, -126, -174, -116, -122, -168 ], [ -42, -189, -252, -168, -168, -252 ] ],
      Trec := rec(
          count := 1,
          grams := [ [ [ 0, 0, 0, 0, 0, 0, 0, 0, 0, 0, 0, 0, 0, 0, 0, 1 ], [ 0, -2, -1, -1, 1, 1, -1, 1, 0, 0, 0, 0, 1, 0, 0, 0 ], 
                  [ 0, -1, -2, 0, 1, 1, -1, 1, 0, 0, 0, 0, 1, 0, 0, 0 ], [ 0, -1, 0, -2, 1, 0, 0, 0, 0, 0, 0, 0, 0, 0, 0, 0 ], 
                  [ 0, 1, 1, 1, -2, -1, 1, -1, 0, 0, 0, 0, 0, 0, 0, 0 ], [ 0, 1, 1, 0, -1, -2, 1, -1, 0, 0, 0, 0, -1, 0, 0, 0 ], 
                  [ 0, -1, -1, 0, 1, 1, -2, 1, 0, 0, 0, 0, 1, 0, 0, 0 ], [ 0, 1, 1, 0, -1, -1, 1, -2, 0, 0, 0, 0, -1, 0, 0, 0 ], 
                  [ 0, 0, 0, 0, 0, 0, 0, 0, -2, 1, 0, 0, 0, 1, 1, 0 ], [ 0, 0, 0, 0, 0, 0, 0, 0, 1, -2, 0, 0, 0, -1, 0, 0 ], 
                  [ 0, 0, 0, 0, 0, 0, 0, 0, 0, 0, -2, -1, 0, -1, -1, 0 ], [ 0, 0, 0, 0, 0, 0, 0, 0, 0, 0, -1, -2, 0, -1, 0, 0 ], 
                  [ 0, 1, 1, 0, 0, -1, 1, -1, 0, 0, 0, 0, -4, 0, 0, 0 ], [ 0, 0, 0, 0, 0, 0, 0, 0, 1, -1, -1, -1, 0, -4, 0, 0 ], 
                  [ 0, 0, 0, 0, 0, 0, 0, 0, 1, 0, -1, 0, 0, 0, 2, 0 ], [ 1, 0, 0, 0, 0, 0, 0, 0, 0, 0, 0, 0, 0, 0, 0, 0 ] ] ],
          method := "Nikulin uniqueness",
          spinorPrimes := [  ] ),
      ampleflag := true,
      basisdual := [ [ 2, 0, 0, 0, 0, 5 ], [ 0, 1, 0, 0, 0, 16 ], [ 0, 0, 1, 1, 4, 19 ], [ 0, 0, 0, 3, 3, 13 ], [ 0, 0, 0, 0, 6, 10 ], [ 0, 0, 0, 0, 0, 21 ] ],
      extdeg := 1,
      extgroupgens := [ [ 6, 0 ], [ 0, 126 ] ],
      h := [ 1, 2, 2, 0, -1, -3 ],
      rho := 6,
      sprats := rec(
          nopss := [ 0, 8 ],
          scons := [ [ [ 1, -2, 2, 0, -1, 0 ], [ 1, 6, 2, 0, -1, -6 ] ], [ [ 1, 1, 1, 0, 0, -2 ], [ 1, 3, 3, 0, -2, -4 ] ], [ [ 1, 2, 3, 0, -1, -4 ], [ 1, 2, 1, 0, -1, -2 ] ]
                , [ [ 1, 2, 1, -1, 0, -2 ], [ 1, 2, 3, 1, -2, -4 ] ], [ [ 1, 3, 3, -1, -1, -4 ], [ 1, 1, 1, 1, -1, -2 ] ], [ [ 1, 2, -2, 1, 1, -1 ], [ 1, 2, 6, -1, -3, -5 ] ]
                , [ [ 1, 3, 0, 1, 0, -3 ], [ 1, 1, 4, -1, -2, -3 ] ], [ [ 1, 1, 0, 0, 0, -1 ], [ 1, 3, 4, 0, -2, -5 ] ] ],
          slins := [  ] ) ), rec(
      Gram := [ [ -86, -110, -146, -97, -97, -147 ], [ -110, -142, -189, -126, -126, -189 ], [ -146, -189, -256, -171, -174, -252 ], [ -97, -126, -171, -116, -116, -168 ], 
          [ -97, -126, -174, -116, -122, -168 ], [ -147, -189, -252, -168, -168, -252 ] ],
      Trec := rec(
          count := 1,
          grams := [ [ [ 0, 0, 0, 0, 0, 0, 0, 0, 0, 0, 0, 0, 0, 0, 0, 1 ], [ 0, -2, 1, 1, 1, -1, 1, -1, 0, 0, 0, 0, 0, 0, 1, 0 ], 
                  [ 0, 1, -2, -1, -1, 0, -1, 1, 0, 0, 0, 0, 0, 0, 0, 0 ], [ 0, 1, -1, -2, 0, 0, -1, 1, 0, 0, 0, 0, 0, 0, 0, 0 ], 
                  [ 0, 1, -1, 0, -2, 1, 0, 0, 0, 0, 0, 0, 0, 0, 0, 0 ], [ 0, -1, 0, 0, 1, -2, 0, 0, 0, 0, 0, 0, 0, 0, 1, 0 ], 
                  [ 0, 1, -1, -1, 0, 0, -2, 1, 0, 0, 0, 0, 0, 0, -1, 0 ], [ 0, -1, 1, 1, 0, 0, 1, -2, 0, 0, 0, 0, 0, 0, 1, 0 ], 
                  [ 0, 0, 0, 0, 0, 0, 0, 0, 2, 0, 1, -1, 0, 0, 0, 0 ], [ 0, 0, 0, 0, 0, 0, 0, 0, 0, -2, 1, 1, 0, 1, 0, 0 ], 
                  [ 0, 0, 0, 0, 0, 0, 0, 0, 1, 1, -2, -2, -1, 0, 0, 0 ], [ 0, 0, 0, 0, 0, 0, 0, 0, -1, 1, -2, -2, 0, 0, 0, 0 ], 
                  [ 0, 0, 0, 0, 0, 0, 0, 0, 0, 0, -1, 0, -2, 0, 0, 0 ], [ 0, 0, 0, 0, 0, 0, 0, 0, 0, 1, 0, 0, 0, -2, 0, 0 ], 
                  [ 0, 1, 0, 0, 0, 1, -1, 1, 0, 0, 0, 0, 0, 0, -4, 0 ], [ 1, 0, 0, 0, 0, 0, 0, 0, 0, 0, 0, 0, 0, 0, 0, 0 ] ] ],
          method := "Nikulin uniqueness",
          spinorPrimes := [  ] ),
      ampleflag := true,
      basisdual := [ [ 1, 0, 0, 0, 0, 13 ], [ 0, 1, 0, 0, 0, 16 ], [ 0, 0, 1, 1, 4, 19 ], [ 0, 0, 0, 3, 3, 13 ], [ 0, 0, 0, 0, 6, 10 ], [ 0, 0, 0, 0, 0, 21 ] ],
      extdeg := 2,
      extgroupgens := [ [ 3, 63 ], [ 0, 126 ] ],
      h := [ 2, 2, 2, 0, -1, -4 ],
      rho := 6,
      sprats := rec(
          nopss := [ 4, 2 ],
          scons := [ [ [ 2, -2, 2, 0, -1, -1 ], [ 2, 6, 2, 0, -1, -7 ] ], [ [ 2, 1, 0, 0, 0, -2 ], [ 2, 3, 4, 0, -2, -6 ] ] ],
          slins := [ [ [ 1, 1, -1, 0, 1, -1 ], [ 1, 1, 3, 0, -2, -3 ] ], [ [ 1, 1, 3, -1, -1, -3 ], [ 1, 1, -1, 1, 0, -1 ] ], 
              [ [ 1, 1, 0, 1, 0, -2 ], [ 1, 1, 2, -1, -1, -2 ] ], [ [ 1, 0, 2, 0, -1, -2 ], [ 1, 2, 0, 0, 0, -2 ] ] ] ) ), rec(
      Gram := [ [ -78, -64, -40, -102, -114, -30 ], [ -64, -54, -34, -86, -95, -25 ], [ -40, -34, -24, -55, -58, -20 ], [ -102, -86, -55, -140, -152, -40 ], 
          [ -114, -95, -58, -152, -170, -40 ], [ -30, -25, -20, -40, -40, -20 ] ],
      Trec := rec(
          count := 1,
          grams := [ [ [ -2, 1, 1, 1, -1, 1, -1, 0, 0, 0, 0, 0, 0, 0, 0, -1 ], [ 1, -2, -1, -1, 0, -1, 0, 0, 0, 0, 0, 0, 0, 0, 0, 0 ], 
                  [ 1, -1, -2, 0, 0, 0, 1, 0, 0, 0, 0, 0, 0, 0, 0, 1 ], [ 1, -1, 0, -2, 1, -1, 0, 0, 0, 0, 0, 0, 0, 0, 0, 0 ], 
                  [ -1, 0, 0, 1, -2, 1, 0, 0, 0, 0, 0, 0, 0, 0, 0, 0 ], [ 1, -1, 0, -1, 1, -2, 0, 0, 0, 0, 0, 0, 0, 0, 0, 0 ], 
                  [ -1, 0, 1, 0, 0, 0, -2, 0, 0, 0, 0, 0, 0, 0, 0, -1 ], [ 0, 0, 0, 0, 0, 0, 0, -2, 0, 1, -1, -1, 0, 0, 1, 0 ], 
                  [ 0, 0, 0, 0, 0, 0, 0, 0, -2, -1, -1, 0, -1, -1, 0, 0 ], [ 0, 0, 0, 0, 0, 0, 0, 1, -1, -2, 0, 2, -1, 0, -1, 0 ], 
                  [ 0, 0, 0, 0, 0, 0, 0, -1, -1, 0, -2, 1, 0, 0, 0, 0 ], [ 0, 0, 0, 0, 0, 0, 0, -1, 0, 2, 1, -2, 0, 0, 0, 0 ], 
                  [ 0, 0, 0, 0, 0, 0, 0, 0, -1, -1, 0, 0, -2, -1, -1, 0 ], [ 0, 0, 0, 0, 0, 0, 0, 0, -1, 0, 0, 0, -1, -2, 0, 0 ], 
                  [ 0, 0, 0, 0, 0, 0, 0, 1, 0, -1, 0, 0, -1, 0, 2, 0 ], [ -1, 0, 1, 0, 0, 0, -1, 0, 0, 0, 0, 0, 0, 0, 0, -6 ] ] ],
          method := "Nikulin uniqueness",
          spinorPrimes := [  ] ),
      ampleflag := true,
      basisdual := [ [ 2, 0, 0, 0, 12, 4 ], [ 0, 1, 0, 0, 9, 2 ], [ 0, 0, 1, 1, 4, 3 ], [ 0, 0, 0, 3, 15, 1 ], [ 0, 0, 0, 0, 18, 1 ], [ 0, 0, 0, 0, 0, 5 ] ],
      extdeg := 1,
      extgroupgens := [ [ 6, 0 ], [ 0, 90 ] ],
      h := [ 1, 2, 2, 0, -2, -2 ],
      rho := 6,
      sprats := rec(
          nopss := [ 0, 10 ],
          scons := [ [ [ 1, 6, 2, 0, -4, -3 ], [ 1, -2, 2, 0, 0, -1 ] ], [ [ 1, 2, 1, 0, -2, -1 ], [ 1, 2, 3, 0, -2, -3 ] ], 
              [ [ 1, 3, 3, -1, -2, -2 ], [ 1, 1, 1, 1, -2, -2 ] ], [ [ 1, 1, 3, -1, -1, -2 ], [ 1, 3, 1, 1, -3, -2 ] ], 
              [ [ 1, 2, 1, -1, -1, -1 ], [ 1, 2, 3, 1, -3, -3 ] ], [ [ 1, 3, 0, 1, -3, -1 ], [ 1, 1, 4, -1, -1, -3 ] ], [ [ 1, 1, 0, 1, -2, -1 ], [ 1, 3, 4, -1, -2, -3 ] ], 
              [ [ 1, 2, -2, 1, -2, 0 ], [ 1, 2, 6, -1, -2, -4 ] ], [ [ 1, 3, 4, 0, -3, -3 ], [ 1, 1, 0, 0, -1, -1 ] ], [ [ 1, 1, 4, 0, -2, -3 ], [ 1, 3, 0, 0, -2, -1 ] ] ],
          slins := [  ] ) ), rec(
      Gram := [ [ -36, -2, -10, -42, -54, -6 ], [ -2, -4, 0, 0, 0, -6 ], [ -10, 0, -4, -15, -18, 0 ], [ -42, 0, -15, -60, -72, 0 ], [ -54, 0, -18, -72, -90, 0 ], 
          [ -6, -6, 0, 0, 0, -12 ] ],
      Trec := rec(
          count := 1,
          grams := [ [ [ 0, 0, 0, 0, 0, 0, 0, 0, 0, 0, 0, 0, 0, 0, 0, 1 ], [ 0, 0, 0, 0, 0, 0, 0, 0, 0, 0, 0, 0, 0, 0, 1, 0 ], 
                  [ 0, 0, -2, 0, 0, 0, 0, 0, 0, 0, 0, 0, 0, 0, 0, 0 ], [ 0, 0, 0, -2, -1, 1, 1, -1, 1, -1, 1, 1, -1, 1, 0, 0 ], 
                  [ 0, 0, 0, -1, -2, 1, 0, -1, 1, 0, 0, 0, 0, 0, 0, 0 ], [ 0, 0, 0, 1, 1, -2, 0, 1, -1, 0, -1, -1, 1, 0, 0, 0 ], 
                  [ 0, 0, 0, 1, 0, 0, -2, 0, 0, 1, 0, -1, 0, -1, 0, 0 ], [ 0, 0, 0, -1, -1, 1, 0, -2, 1, 0, 1, 0, 0, 0, 0, 0 ], 
                  [ 0, 0, 0, 1, 1, -1, 0, 1, -2, 0, -1, 0, 1, 0, 0, 0 ], [ 0, 0, 0, -1, 0, 0, 1, 0, 0, -2, 0, 1, -1, 1, 0, 0 ], 
                  [ 0, 0, 0, 1, 0, -1, 0, 1, -1, 0, -4, 0, 2, 0, 0, 0 ], [ 0, 0, 0, 1, 0, -1, -1, 0, 0, 1, 0, -4, 2, -2, 0, 0 ], 
                  [ 0, 0, 0, -1, 0, 1, 0, 0, 1, -1, 2, 2, -6, 1, 0, 0 ], [ 0, 0, 0, 1, 0, 0, -1, 0, 0, 1, 0, -2, 1, -6, 0, 0 ], 
                  [ 0, 1, 0, 0, 0, 0, 0, 0, 0, 0, 0, 0, 0, 0, 0, 0 ], [ 1, 0, 0, 0, 0, 0, 0, 0, 0, 0, 0, 0, 0, 0, 0, 0 ] ] ],
          method := "Nikulin uniqueness",
          spinorPrimes := [  ] ),
      ampleflag := true,
      basisdual := [ [ 2, 0, 0, 0, 12, 4 ], [ 0, 2, 0, 0, 0, 4 ], [ 0, 0, 1, 1, 4, 0 ], [ 0, 0, 0, 3, 15, 0 ], [ 0, 0, 0, 0, 18, 0 ], [ 0, 0, 0, 0, 0, 6 ] ],
      extdeg := 1,
      extgroupgens := [ [ 2, 0, 0, 0 ], [ 0, 6, 0, 0 ], [ 0, 0, 6, 0 ], [ 0, 0, 0, 18 ] ],
      h := [ 1, 1, 2, 0, -1, -1 ],
      rho := 6,
      sprats := rec(
          nopss := [ 0, 6 ],
          scons := [ [ [ 1, 1, 1, 0, -1, -1 ], [ 1, 1, 3, 0, -1, -1 ] ], [ [ 1, 1, 6, -1, -1, -1 ], [ 1, 1, -2, 1, -1, -1 ] ], 
              [ [ 1, 1, 3, 1, -2, -1 ], [ 1, 1, 1, -1, 0, -1 ] ], [ [ 1, 0, 2, 0, -1, -1 ], [ 1, 2, 2, 0, -1, -1 ] ], 
              [ [ 1, -1, 2, 0, -1, 0 ], [ 1, 3, 2, 0, -1, -2 ] ], [ [ 1, 2, 2, 0, -1, -2 ], [ 1, 0, 2, 0, -1, 0 ] ] ],
          slins := [  ] ) ), rec(
      Gram := [ [ -8, 0, -5, -21, -27, 0 ], [ 0, -4, 0, 0, 0, -6 ], [ -5, 0, -4, -15, -18, 0 ], [ -21, 0, -15, -60, -72, 0 ], [ -27, 0, -18, -72, -90, 0 ], 
          [ 0, -6, 0, 0, 0, -12 ] ],
      Trec := rec(
          count := 1,
          grams := [ [ [ 0, 0, 0, 0, 0, 0, 0, 0, 0, 0, 0, 0, 0, 0, 0, 1 ], [ 0, 0, 0, 0, 0, 0, 0, 0, 0, 0, 0, 0, 0, 0, 1, 0 ], 
                  [ 0, 0, -2, -1, 1, -1, 1, 1, -1, 1, -1, 1, -1, 1, 0, 0 ], [ 0, 0, -1, -2, 1, -1, 1, 0, -1, 1, 0, 1, -1, 0, 0, 0 ], 
                  [ 0, 0, 1, 1, -2, 1, -1, 0, 1, -1, 0, 0, 0, 0, 0, 0 ], [ 0, 0, -1, -1, 1, -2, 1, 0, -1, 1, 0, 0, 0, 0, 0, 0 ], 
                  [ 0, 0, 1, 1, -1, 1, -2, 0, 1, -1, 0, 0, 1, 0, 0, 0 ], [ 0, 0, 1, 0, 0, 0, 0, -2, 0, 0, 1, -1, 0, -1, 0, 0 ], 
                  [ 0, 0, -1, -1, 1, -1, 1, 0, -2, 1, 0, 0, 0, 0, 0, 0 ], [ 0, 0, 1, 1, -1, 1, -1, 0, 1, -2, 0, 0, 1, 0, 0, 0 ], 
                  [ 0, 0, -1, 0, 0, 0, 0, 1, 0, 0, -2, 1, 0, 1, 0, 0 ], [ 0, 0, 1, 1, 0, 0, 0, -1, 0, 0, 1, -4, 2, -2, 0, 0 ], 
                  [ 0, 0, -1, -1, 0, 0, 1, 0, 0, 1, 0, 2, -6, 1, 0, 0 ], [ 0, 0, 1, 0, 0, 0, 0, -1, 0, 0, 1, -2, 1, -6, 0, 0 ], 
                  [ 0, 1, 0, 0, 0, 0, 0, 0, 0, 0, 0, 0, 0, 0, 0, 0 ], [ 1, 0, 0, 0, 0, 0, 0, 0, 0, 0, 0, 0, 0, 0, 0, 0 ] ] ],
          method := "Nikulin uniqueness",
          spinorPrimes := [  ] ),
      ampleflag := true,
      basisdual := [ [ 1, 1, 0, 0, 6, 1 ], [ 0, 2, 0, 0, 0, 4 ], [ 0, 0, 1, 1, 4, 0 ], [ 0, 0, 0, 3, 15, 0 ], [ 0, 0, 0, 0, 18, 0 ], [ 0, 0, 0, 0, 0, 6 ] ],
      extdeg := 2,
      extgroupgens := [ [ 1, 3, 3, 0 ], [ 0, 6, 0, 0 ], [ 0, 0, 6, 0 ], [ 0, 0, 0, 18 ] ],
      h := [ 2, 0, 2, 0, -1, 0 ],
      rho := 6,
      sprats := rec(
          nopss := [ 3, 3 ],
          scons := [ [ [ 2, -1, 2, 0, -1, 0 ], [ 2, 1, 2, 0, -1, 0 ] ], [ [ 2, -2, 2, 0, -1, 1 ], [ 2, 2, 2, 0, -1, -1 ] ], [ [ 2, 1, 2, 0, -1, -1 ], [ 2, -1, 2, 0, -1, 1 ] 
                 ] ],
          slins := [ [ [ 1, 0, 3, 0, -1, 0 ], [ 1, 0, -1, 0, 0, 0 ] ], [ [ 1, 0, 2, -1, 0, 0 ], [ 1, 0, 0, 1, -1, 0 ] ], [ [ 1, 0, -1, 1, -1, 0 ], [ 1, 0, 3, -1, 0, 0 ] ] ] 
         ) ), rec(
      Gram := [ [ -8, -2, -12, -10, -10, -6 ], [ -2, -4, 0, 0, 0, -6 ], [ -12, 0, -34, -25, -30, 0 ], [ -10, 0, -25, -20, -20, 0 ], [ -10, 0, -30, -20, -30, 0 ], 
          [ -6, -6, 0, 0, 0, -12 ] ],
      Trec := rec(
          count := 1,
          grams := [ [ [ 0, 0, 0, 0, 0, 0, 0, 0, 0, 0, 0, 0, 0, 0, 0, 1 ], [ 0, -2, 1, 1, 1, 1, -1, -1, -1, 0, 0, 0, 0, 0, 0, 0 ], 
                  [ 0, 1, -2, -1, -1, -1, 1, 0, 1, 0, 0, 0, 0, 0, 0, 0 ], [ 0, 1, -1, -2, 0, -1, 1, 0, 1, 0, 0, 0, 0, 0, 0, 0 ], 
                  [ 0, 1, -1, 0, -2, -1, 0, 1, 0, 0, 0, 0, 0, 0, 0, 0 ], [ 0, 1, -1, -1, -1, -2, 1, 1, 0, 0, 0, 0, 0, 0, 0, 0 ], 
                  [ 0, -1, 1, 1, 0, 1, -2, 0, -1, 0, 0, 0, 0, 0, 0, 0 ], [ 0, -1, 0, 0, 1, 1, 0, -2, 0, 0, 0, 0, 0, 0, 0, 0 ], 
                  [ 0, -1, 1, 1, 0, 0, -1, 0, -2, 0, 0, 0, 0, 0, 0, 0 ], [ 0, 0, 0, 0, 0, 0, 0, 0, 0, -2, -1, 0, 0, 0, 0, 0 ], 
                  [ 0, 0, 0, 0, 0, 0, 0, 0, 0, -1, 4, 0, -1, -1, -2, 0 ], [ 0, 0, 0, 0, 0, 0, 0, 0, 0, 0, 0, -4, -2, 2, 0, 0 ], 
                  [ 0, 0, 0, 0, 0, 0, 0, 0, 0, 0, -1, -2, -4, 0, 2, 0 ], [ 0, 0, 0, 0, 0, 0, 0, 0, 0, 0, -1, 2, 0, -4, 0, 0 ], 
                  [ 0, 0, 0, 0, 0, 0, 0, 0, 0, 0, -2, 0, 2, 0, -4, 0 ], [ 1, 0, 0, 0, 0, 0, 0, 0, 0, 0, 0, 0, 0, 0, 0, 0 ] ] ],
          method := "Nikulin uniqueness",
          spinorPrimes := [  ] ),
      ampleflag := true,
      basisdual := [ [ 2, 0, 0, 4, 4, 4 ], [ 0, 2, 0, 0, 0, 4 ], [ 0, 0, 1, 4, 9, 0 ], [ 0, 0, 0, 5, 5, 0 ], [ 0, 0, 0, 0, 10, 0 ], [ 0, 0, 0, 0, 0, 6 ] ],
      extdeg := 1,
      extgroupgens := [ [ 2, 0, 0, 0 ], [ 0, 2, 0, 0 ], [ 0, 0, 10, 0 ], [ 0, 0, 0, 30 ] ],
      h := [ 1, 1, 2, -2, -1, -1 ],
      rho := 6,
      sprats := rec(
          nopss := [ 0, 6 ],
          scons := [ [ [ 1, 1, 6, -5, -3, -1 ], [ 1, 1, -2, 1, 1, -1 ] ], [ [ 1, 0, 2, -2, -1, -1 ], [ 1, 2, 2, -2, -1, -1 ] ], 
              [ [ 1, -1, 2, -2, -1, 0 ], [ 1, 3, 2, -2, -1, -2 ] ], [ [ 1, 2, 2, -2, -1, -2 ], [ 1, 0, 2, -2, -1, 0 ] ], 
              [ [ 1, 1, 1, -1, -1, -1 ], [ 1, 1, 3, -3, -1, -1 ] ], [ [ 1, 1, 3, -2, -2, -1 ], [ 1, 1, 1, -2, 0, -1 ] ] ],
          slins := [  ] ) ), rec(
      Gram := [ [ -8, -4, -6, -5, -5, -9 ], [ -4, -4, 0, 0, 0, -6 ], [ -6, 0, -34, -25, -30, 0 ], [ -5, 0, -25, -20, -20, 0 ], [ -5, 0, -30, -20, -30, 0 ], 
          [ -9, -6, 0, 0, 0, -12 ] ],
      Trec := rec(
          count := 1,
          grams := [ [ [ 0, 0, 0, 0, 0, 0, 0, 0, 0, 0, 0, 0, 0, 0, 0, 1 ], [ 0, -2, 1, 1, 1, 1, -1, -1, -1, 0, 0, 0, 0, 0, 0, 0 ], 
                  [ 0, 1, -2, -1, -1, -1, 1, 0, 1, 0, 0, 0, 0, 0, 0, 0 ], [ 0, 1, -1, -2, 0, -1, 1, 0, 1, 0, 0, 0, 0, 0, 0, 0 ], 
                  [ 0, 1, -1, 0, -2, -1, 0, 1, 0, 0, 0, 0, 0, 0, 0, 0 ], [ 0, 1, -1, -1, -1, -2, 1, 1, 0, 0, 0, 0, 0, 0, 0, 0 ], 
                  [ 0, -1, 1, 1, 0, 1, -2, 0, -1, 0, 0, 0, 0, 0, 0, 0 ], [ 0, -1, 0, 0, 1, 1, 0, -2, 0, 0, 0, 0, 0, 0, 0, 0 ], 
                  [ 0, -1, 1, 1, 0, 0, -1, 0, -2, 0, 0, 0, 0, 0, 0, 0 ], [ 0, 0, 0, 0, 0, 0, 0, 0, 0, -2, 0, 0, -1, 0, 1, 0 ], 
                  [ 0, 0, 0, 0, 0, 0, 0, 0, 0, 0, -2, 0, 1, 0, -1, 0 ], [ 0, 0, 0, 0, 0, 0, 0, 0, 0, 0, 0, -2, -1, 0, 0, 0 ], 
                  [ 0, 0, 0, 0, 0, 0, 0, 0, 0, -1, 1, -1, 4, -2, 0, 0 ], [ 0, 0, 0, 0, 0, 0, 0, 0, 0, 0, 0, 0, -2, -2, -1, 0 ], 
                  [ 0, 0, 0, 0, 0, 0, 0, 0, 0, 1, -1, 0, 0, -1, -4, 0 ], [ 1, 0, 0, 0, 0, 0, 0, 0, 0, 0, 0, 0, 0, 0, 0, 0 ] ] ],
          method := "Nikulin uniqueness",
          spinorPrimes := [  ] ),
      ampleflag := true,
      basisdual := [ [ 1, 0, 0, 2, 2, 5 ], [ 0, 2, 0, 0, 0, 4 ], [ 0, 0, 1, 4, 9, 0 ], [ 0, 0, 0, 5, 5, 0 ], [ 0, 0, 0, 0, 10, 0 ], [ 0, 0, 0, 0, 0, 6 ] ],
      extdeg := 2,
      extgroupgens := [ [ 2, 0, 0, 0 ], [ 0, 2, 0, 0 ], [ 0, 0, 5, 15 ], [ 0, 0, 0, 30 ] ],
      h := [ 2, 1, 2, -2, -1, -2 ],
      rho := 6,
      sprats := rec(
          nopss := [ 2, 5 ],
          scons := [ [ [ 2, 1, 6, -5, -3, -2 ], [ 2, 1, -2, 1, 1, -2 ] ], [ [ 2, -1, 2, -2, -1, -1 ], [ 2, 3, 2, -2, -1, -3 ] ], 
              [ [ 2, 2, 2, -2, -1, -3 ], [ 2, 0, 2, -2, -1, -1 ] ], [ [ 2, 1, 1, -1, -1, -2 ], [ 2, 1, 3, -3, -1, -2 ] ], [ [ 2, 1, 3, -2, -2, -2 ], [ 2, 1, 1, -2, 0, -2 ] ] 
             ],
          slins := [ [ [ 1, 0, 2, -2, -1, -1 ], [ 1, 1, 0, 0, 0, -1 ] ], [ [ 1, 1, 2, -2, -1, -1 ], [ 1, 0, 0, 0, 0, -1 ] ] ] ) ), rec(
      Gram := [ [ -134, -18, -266, -75, -38, -343 ], [ -18, -4, -38, -11, -6, -49 ], [ -266, -38, -534, -153, -76, -686 ], [ -75, -11, -153, -46, -22, -196 ], 
          [ -38, -6, -76, -22, -12, -98 ], [ -343, -49, -686, -196, -98, -882 ] ],
      Trec := rec(
          count := 1,
          grams := [ [ [ 0, 0, 0, 0, 0, 0, 0, 0, 0, 0, 0, 0, 0, 0, 0, 1 ], [ 0, -2, 1, 1, -1, -1, 0, -1, 0, 0, 0, 0, 0, 1, 0, 0 ], 
                  [ 0, 1, -2, -1, 1, 0, 0, 0, 0, 0, 0, 0, 0, -1, 0, 0 ], [ 0, 1, -1, -2, 1, 0, 0, 1, 0, 0, 0, 0, 0, 0, 0, 0 ], 
                  [ 0, -1, 1, 1, -2, 0, 0, 0, 0, 0, 0, 0, 0, 1, 0, 0 ], [ 0, -1, 0, 0, 0, -2, 0, 0, 0, 0, 0, 0, 0, 0, 0, 0 ], 
                  [ 0, 0, 0, 0, 0, 0, -2, 1, 0, 0, 0, 0, 0, 1, 0, 0 ], [ 0, -1, 0, 1, 0, 0, 1, -4, 0, 0, 0, 0, 0, -1, 0, 0 ], 
                  [ 0, 0, 0, 0, 0, 0, 0, 0, -2, -1, 1, -1, -1, 0, 0, 0 ], [ 0, 0, 0, 0, 0, 0, 0, 0, -1, -2, 1, 0, -1, 0, 0, 0 ], 
                  [ 0, 0, 0, 0, 0, 0, 0, 0, 1, 1, -2, 0, 1, 0, 0, 0 ], [ 0, 0, 0, 0, 0, 0, 0, 0, -1, 0, 0, -2, 0, 0, 0, 0 ], 
                  [ 0, 0, 0, 0, 0, 0, 0, 0, -1, -1, 1, 0, -2, 0, 0, 0 ], [ 0, 1, -1, 0, 1, 0, 1, -1, 0, 0, 0, 0, 0, -4, 0, 0 ], 
                  [ 0, 0, 0, 0, 0, 0, 0, 0, 0, 0, 0, 0, 0, 0, 4, 0 ], [ 1, 0, 0, 0, 0, 0, 0, 0, 0, 0, 0, 0, 0, 0, 0, 0 ] ] ],
          method := "Nikulin uniqueness",
          spinorPrimes := [  ] ),
      ampleflag := true,
      basisdual := [ [ 2, 0, 0, 0, 1, 20 ], [ 0, 2, 0, 0, 1, 4 ], [ 0, 0, 1, 1, 0, 38 ], [ 0, 0, 0, 3, 1, 11 ], [ 0, 0, 0, 0, 2, 6 ], [ 0, 0, 0, 0, 0, 49 ] ],
      extdeg := 1,
      extgroupgens := [ [ 2, 0 ], [ 0, 588 ] ],
      h := [ 1, 1, 2, 0, 0, -2 ],
      rho := 6,
      sprats := rec(
          nopss := [ 0, 6 ],
          scons := [ [ [ 1, 1, 6, -1, 1, -5 ], [ 1, 1, -2, 1, -1, 1 ] ], [ [ 1, 1, 1, -1, 0, -1 ], [ 1, 1, 3, 1, 0, -3 ] ], [ [ 1, 1, 1, 0, -2, -1 ], [ 1, 1, 3, 0, 2, -3 ] ],
              [ [ 1, 0, 2, 0, 0, -2 ], [ 1, 2, 2, 0, 0, -2 ] ], [ [ 1, -1, 2, 0, 1, -2 ], [ 1, 3, 2, 0, -1, -2 ] ], [ [ 1, 2, 2, 0, -1, -2 ], [ 1, 0, 2, 0, 1, -2 ] ] ],
          slins := [  ] ) ), rec(
      Gram := [ [ -134, -18, -40, -117, -38, -189 ], [ -18, -4, -6, -17, -6, -27 ], [ -40, -6, -16, -39, -12, -54 ], [ -117, -17, -39, -106, -34, -162 ], 
          [ -38, -6, -12, -34, -12, -54 ], [ -189, -27, -54, -162, -54, -270 ] ],
      Trec := rec(
          count := 1,
          grams := [ [ [ 0, 0, 0, 0, 0, 0, 0, 0, 0, 0, 0, 0, 0, 0, 0, 1 ], [ 0, -2, -1, -1, 1, 1, -1, -1, 1, 0, 0, 0, 0, 0, 0, 0 ], 
                  [ 0, -1, -2, 0, 1, 1, -1, 0, 1, 0, 0, 0, 0, 0, 0, 0 ], [ 0, -1, 0, -2, 1, 0, -1, 0, 1, 0, 0, 0, 0, 0, 0, 0 ], 
                  [ 0, 1, 1, 1, -2, -1, 1, 0, -1, 0, 0, 0, 0, 0, 0, 0 ], [ 0, 1, 1, 0, -1, -2, 1, 1, -1, 0, 0, 0, 0, 0, 0, 0 ], 
                  [ 0, -1, -1, -1, 1, 1, -2, 0, 1, 0, 0, 0, 0, 0, 0, 0 ], [ 0, -1, 0, 0, 0, 1, 0, -2, 0, 0, 0, 0, 0, 0, 0, 0 ], 
                  [ 0, 1, 1, 1, -1, -1, 1, 0, -2, 0, 0, 0, 0, 0, 0, 0 ], [ 0, 0, 0, 0, 0, 0, 0, 0, 0, -2, 0, 0, -1, 0, 0, 0 ], 
                  [ 0, 0, 0, 0, 0, 0, 0, 0, 0, 0, -2, 0, -1, 0, 0, 0 ], [ 0, 0, 0, 0, 0, 0, 0, 0, 0, 0, 0, -2, -1, -1, 0, 0 ], 
                  [ 0, 0, 0, 0, 0, 0, 0, 0, 0, -1, -1, -1, -4, 0, 0, 0 ], [ 0, 0, 0, 0, 0, 0, 0, 0, 0, 0, 0, -1, 0, -6, 0, 0 ], 
                  [ 0, 0, 0, 0, 0, 0, 0, 0, 0, 0, 0, 0, 0, 0, 10, 0 ], [ 1, 0, 0, 0, 0, 0, 0, 0, 0, 0, 0, 0, 0, 0, 0, 0 ] ] ],
          method := "Nikulin uniqueness",
          spinorPrimes := [  ] ),
      ampleflag := true,
      basisdual := [ [ 2, 0, 0, 4, 1, 20 ], [ 0, 2, 0, 0, 1, 4 ], [ 0, 0, 1, 4, 1, 6 ], [ 0, 0, 0, 5, 1, 17 ], [ 0, 0, 0, 0, 2, 6 ], [ 0, 0, 0, 0, 0, 27 ] ],
      extdeg := 1,
      extgroupgens := [ [ 2, 0 ], [ 0, 540 ] ],
      h := [ 1, 1, 2, -2, 0, 0 ],
      rho := 6,
      sprats := rec(
          nopss := [ 0, 6 ],
          scons := [ [ [ 1, 1, -2, 1, 0, -1 ], [ 1, 1, 6, -5, 0, 1 ] ], [ [ 1, 0, 2, -2, 0, 0 ], [ 1, 2, 2, -2, 0, 0 ] ], [ [ 1, -1, 2, -2, 1, 0 ], [ 1, 3, 2, -2, -1, 0 ] ], 
              [ [ 1, 2, 2, -2, -1, 0 ], [ 1, 0, 2, -2, 1, 0 ] ], [ [ 1, 1, 1, -2, 1, 0 ], [ 1, 1, 3, -2, -1, 0 ] ], [ [ 1, 1, 1, -1, -2, 0 ], [ 1, 1, 3, -3, 2, 0 ] ] ],
          slins := [  ] ) ), rec(
      Gram := [ [ -18, -50, -90, -10, -56, -102 ], [ -50, -154, -272, -34, -170, -306 ], [ -90, -272, -484, -61, -302, -544 ], [ -10, -34, -61, -10, -38, -68 ], 
          [ -56, -170, -302, -38, -190, -340 ], [ -102, -306, -544, -68, -340, -612 ] ],
      Trec := rec(
          count := 1,
          grams := [ [ [ 0, 0, 0, 0, 0, 0, 0, 0, 0, 0, 0, 0, 0, 0, 0, 1 ], [ 0, -2, -1, -1, -1, 1, 1, 1, 1, 0, 0, 0, 0, 0, 0, 0 ], 
                  [ 0, -1, -2, 0, 0, 1, 1, 1, 1, 0, 0, 0, 0, 0, 0, 0 ], [ 0, -1, 0, -2, 0, 0, 1, 1, 1, 0, 0, 0, 0, 0, 0, 0 ], 
                  [ 0, -1, 0, 0, -2, 0, 0, 0, 0, 0, 0, 0, 0, 0, 0, 0 ], [ 0, 1, 1, 0, 0, -2, 0, 0, -1, 0, 0, 0, 0, 0, 0, 0 ], 
                  [ 0, 1, 1, 1, 0, 0, -2, -1, -1, 0, 0, 0, 0, 0, 0, 0 ], [ 0, 1, 1, 1, 0, 0, -1, -2, -1, 0, 0, 0, 0, 0, 0, 0 ], 
                  [ 0, 1, 1, 1, 0, -1, -1, -1, -2, 0, 0, 0, 0, 0, 0, 0 ], [ 0, 0, 0, 0, 0, 0, 0, 0, 0, -2, 1, 0, 0, 0, 1, 0 ], 
                  [ 0, 0, 0, 0, 0, 0, 0, 0, 0, 1, -4, 1, 1, -1, -2, 0 ], [ 0, 0, 0, 0, 0, 0, 0, 0, 0, 0, 1, -4, -2, 2, -1, 0 ], 
                  [ 0, 0, 0, 0, 0, 0, 0, 0, 0, 0, 1, -2, -4, 0, -1, 0 ], [ 0, 0, 0, 0, 0, 0, 0, 0, 0, 0, -1, 2, 0, -4, -1, 0 ], 
                  [ 0, 0, 0, 0, 0, 0, 0, 0, 0, 1, -2, -1, -1, -1, 2, 0 ], [ 1, 0, 0, 0, 0, 0, 0, 0, 0, 0, 0, 0, 0, 0, 0, 0 ] ] ],
          method := "Nikulin uniqueness",
          spinorPrimes := [  ] ),
      ampleflag := true,
      basisdual := [ [ 2, 0, 0, 0, 0, 6 ], [ 0, 2, 0, 0, 0, 18 ], [ 0, 0, 1, 1, 0, 30 ], [ 0, 0, 0, 3, 1, 4 ], [ 0, 0, 0, 0, 2, 20 ], [ 0, 0, 0, 0, 0, 34 ] ],
      extdeg := 1,
      extgroupgens := [ [ 2, 0, 0, 0 ], [ 0, 2, 0, 0 ], [ 0, 0, 2, 0 ], [ 0, 0, 0, 102 ] ],
      h := [ 1, 1, 2, 0, 1, -3 ],
      rho := 6,
      sprats := rec(
          nopss := [ 0, 8 ],
          scons := [ [ [ 1, 1, 1, -1, 1, -2 ], [ 1, 1, 3, 1, 1, -4 ] ], [ [ 1, 1, -2, 1, 0, 1 ], [ 1, 1, 6, -1, 2, -7 ] ], [ [ 1, 0, 1, 0, 0, -1 ], [ 1, 2, 3, 0, 2, -5 ] ], 
              [ [ 1, 0, 2, 0, 2, -3 ], [ 1, 2, 2, 0, 0, -3 ] ], [ [ 1, -1, 2, 0, 1, -2 ], [ 1, 3, 2, 0, 1, -4 ] ], [ [ 1, 2, 1, 0, 0, -2 ], [ 1, 0, 3, 0, 2, -4 ] ], 
              [ [ 1, 1, 1, 0, -1, -1 ], [ 1, 1, 3, 0, 3, -5 ] ], [ [ 1, 2, 2, 0, 2, -4 ], [ 1, 0, 2, 0, 0, -2 ] ] ],
          slins := [  ] ) ), rec(
      Gram := [ [ -454, -263, -468, -58, -293, -527 ], [ -263, -154, -272, -34, -170, -306 ], [ -468, -272, -484, -61, -302, -544 ], [ -58, -34, -61, -10, -38, -68 ], 
          [ -293, -170, -302, -38, -190, -340 ], [ -527, -306, -544, -68, -340, -612 ] ],
      Trec := rec(
          count := 1,
          grams := [ [ [ 0, 0, 0, 0, 0, 0, 0, 0, 0, 0, 0, 0, 0, 0, 0, 1 ], [ 0, -2, -1, -1, -1, 1, 1, -1, 1, 0, 0, 0, 0, 0, 0, 0 ], 
                  [ 0, -1, -2, 0, 0, 1, 1, -1, 1, 0, 0, 0, 0, 0, 0, 0 ], [ 0, -1, 0, -2, 0, 0, 1, -1, 1, 0, 0, 0, 0, 0, 0, 0 ], 
                  [ 0, -1, 0, 0, -2, 0, 0, 0, 0, 0, 0, 0, 0, 0, 0, 0 ], [ 0, 1, 1, 0, 0, -2, 0, 1, -1, 0, 0, 0, 0, 0, 0, 0 ], 
                  [ 0, 1, 1, 1, 0, 0, -2, 1, -1, 0, 0, 0, 0, 0, 0, 0 ], [ 0, -1, -1, -1, 0, 1, 1, -2, 1, 0, 0, 0, 0, 0, 0, 0 ], 
                  [ 0, 1, 1, 1, 0, -1, -1, 1, -2, 0, 0, 0, 0, 0, 0, 0 ], [ 0, 0, 0, 0, 0, 0, 0, 0, 0, -2, 0, 0, 0, 0, 1, 0 ], 
                  [ 0, 0, 0, 0, 0, 0, 0, 0, 0, 0, -2, 0, 0, 0, -1, 0 ], [ 0, 0, 0, 0, 0, 0, 0, 0, 0, 0, 0, -2, 0, -1, 0, 0 ], 
                  [ 0, 0, 0, 0, 0, 0, 0, 0, 0, 0, 0, 0, -2, 1, 1, 0 ], [ 0, 0, 0, 0, 0, 0, 0, 0, 0, 0, 0, -1, 1, -4, -2, 0 ], 
                  [ 0, 0, 0, 0, 0, 0, 0, 0, 0, 1, -1, 0, 1, -2, 2, 0 ], [ 1, 0, 0, 0, 0, 0, 0, 0, 0, 0, 0, 0, 0, 0, 0, 0 ] ] ],
          method := "Nikulin uniqueness",
          spinorPrimes := [  ] ),
      ampleflag := true,
      basisdual := [ [ 1, 0, 0, 0, 1, 30 ], [ 0, 2, 0, 0, 0, 18 ], [ 0, 0, 1, 1, 0, 30 ], [ 0, 0, 0, 3, 1, 4 ], [ 0, 0, 0, 0, 2, 20 ], [ 0, 0, 0, 0, 0, 34 ] ],
      extdeg := 2,
      extgroupgens := [ [ 2, 0, 0, 0 ], [ 0, 1, 0, 51 ], [ 0, 0, 2, 0 ], [ 0, 0, 0, 102 ] ],
      h := [ 2, 1, 2, 0, 0, -4 ],
      rho := 6,
      sprats := rec(
          nopss := [ 3, 5 ],
          scons := [ [ [ 2, 0, 1, 0, -1, -2 ], [ 2, 2, 3, 0, 1, -6 ] ], [ [ 2, 0, 2, 0, 1, -4 ], [ 2, 2, 2, 0, -1, -4 ] ], [ [ 2, -1, 2, 0, 0, -3 ], [ 2, 3, 2, 0, 0, -5 ] ], 
              [ [ 2, 1, 1, 0, -2, -2 ], [ 2, 1, 3, 0, 2, -6 ] ], [ [ 2, 2, 2, 0, 1, -5 ], [ 2, 0, 2, 0, -1, -3 ] ] ],
          slins := [ [ [ 1, 0, -1, 0, 0, 0 ], [ 1, 1, 3, 0, 0, -4 ] ], [ [ 1, 1, 2, -1, 0, -3 ], [ 1, 0, 0, 1, 0, -1 ] ], [ [ 1, 0, 3, -1, 1, -4 ], [ 1, 1, -1, 1, -1, 0 ] ] 
             ] ) ), rec(
      Gram := [ [ -18, -26, -34, -46, -32, -54 ], [ -26, -46, -54, -72, -54, -90 ], [ -34, -54, -70, -93, -66, -108 ], [ -46, -72, -93, -124, -88, -144 ], 
          [ -32, -54, -66, -88, -66, -108 ], [ -54, -90, -108, -144, -108, -180 ] ],
      Trec := rec(
          count := 1,
          grams := [ [ [ 0, 0, 0, 0, 0, 0, 0, 0, 0, 0, 0, 0, 0, 0, 0, 1 ], [ 0, -2, 1, 1, 1, 1, -1, -1, 0, 0, 0, 0, 0, 1, 0, 0 ], 
                  [ 0, 1, -2, -1, -1, 0, 0, 0, 0, 0, 0, 0, 0, 0, 0, 0 ], [ 0, 1, -1, -2, 0, -1, 1, 1, 0, 0, 0, 0, 0, 0, 0, 0 ], 
                  [ 0, 1, -1, 0, -2, 0, 0, 0, 0, 0, 0, 0, 0, -1, 0, 0 ], [ 0, 1, 0, -1, 0, -2, 1, 1, 0, 0, 0, 0, 0, 0, 0, 0 ], 
                  [ 0, -1, 0, 1, 0, 1, -2, -1, 0, 0, 0, 0, 0, 1, 0, 0 ], [ 0, -1, 0, 1, 0, 1, -1, -2, 0, 0, 0, 0, 0, 1, 0, 0 ], 
                  [ 0, 0, 0, 0, 0, 0, 0, 0, -2, 0, 0, 0, 0, 0, 0, 0 ], [ 0, 0, 0, 0, 0, 0, 0, 0, 0, -2, 0, 0, 0, 0, 0, 0 ], 
                  [ 0, 0, 0, 0, 0, 0, 0, 0, 0, 0, 2, 0, 0, 0, 1, 0 ], [ 0, 0, 0, 0, 0, 0, 0, 0, 0, 0, 0, -2, 0, 0, 0, 0 ], [ 0, 0, 0, 0, 0, 0, 0, 0, 0, 0, 0, 0, -2, 0, 0, 0 ]
                    , [ 0, 1, 0, 0, -1, 0, 1, 1, 0, 0, 0, 0, 0, -4, 0, 0 ], [ 0, 0, 0, 0, 0, 0, 0, 0, 0, 0, 1, 0, 0, 0, -2, 0 ], 
                  [ 1, 0, 0, 0, 0, 0, 0, 0, 0, 0, 0, 0, 0, 0, 0, 0 ] ] ],
          method := "Nikulin uniqueness",
          spinorPrimes := [  ] ),
      ampleflag := true,
      basisdual := [ [ 2, 0, 0, 4, 0, 6 ], [ 0, 2, 0, 0, 0, 10 ], [ 0, 0, 1, 4, 1, 12 ], [ 0, 0, 0, 5, 1, 16 ], [ 0, 0, 0, 0, 2, 12 ], [ 0, 0, 0, 0, 0, 18 ] ],
      extdeg := 1,
      extgroupgens := [ [ 2, 0, 0, 0 ], [ 0, 2, 0, 0 ], [ 0, 0, 2, 0 ], [ 0, 0, 0, 90 ] ],
      h := [ 1, 1, 2, -2, 1, -1 ],
      rho := 6,
      sprats := rec(
          nopss := [ 0, 8 ],
          scons := [ [ [ 1, 1, 3, -2, 0, -1 ], [ 1, 1, 1, -2, 2, -1 ] ], [ [ 1, 0, 1, -1, 0, 0 ], [ 1, 2, 3, -3, 2, -2 ] ], [ [ 1, 0, 2, -2, 2, -1 ], [ 1, 2, 2, -2, 0, -1 ] ]
                , [ [ 1, -1, 2, -2, 1, 0 ], [ 1, 3, 2, -2, 1, -2 ] ], [ [ 1, 1, -2, 1, 1, -1 ], [ 1, 1, 6, -5, 1, -1 ] ], [ [ 1, 2, 1, -1, 0, -1 ], [ 1, 0, 3, -3, 2, -1 ] ], 
              [ [ 1, 1, 1, -1, -1, 0 ], [ 1, 1, 3, -3, 3, -2 ] ], [ [ 1, 2, 2, -2, 2, -2 ], [ 1, 0, 2, -2, 0, 0 ] ] ],
          slins := [  ] ) ), rec(
      Gram := [ [ -146, -81, -98, -131, -97, -162 ], [ -81, -46, -54, -72, -54, -90 ], [ -98, -54, -70, -93, -66, -108 ], [ -131, -72, -93, -124, -88, -144 ], 
          [ -97, -54, -66, -88, -66, -108 ], [ -162, -90, -108, -144, -108, -180 ] ],
      Trec := rec(
          count := 1,
          grams := [ [ [ 0, 0, 0, 0, 0, 0, 0, 0, 0, 0, 0, 0, 0, 0, 0, 1 ], [ 0, -2, 1, 1, 1, 1, -1, -1, 0, 0, 0, 0, 0, 1, 0, 0 ], 
                  [ 0, 1, -2, -1, -1, 0, 0, 0, 0, 0, 0, 0, 0, 0, 0, 0 ], [ 0, 1, -1, -2, 0, -1, 1, 1, 0, 0, 0, 0, 0, 0, 0, 0 ], 
                  [ 0, 1, -1, 0, -2, 0, 0, 0, 0, 0, 0, 0, 0, -1, 0, 0 ], [ 0, 1, 0, -1, 0, -2, 1, 1, 0, 0, 0, 0, 0, 0, 0, 0 ], 
                  [ 0, -1, 0, 1, 0, 1, -2, -1, 0, 0, 0, 0, 0, 1, 0, 0 ], [ 0, -1, 0, 1, 0, 1, -1, -2, 0, 0, 0, 0, 0, 1, 0, 0 ], 
                  [ 0, 0, 0, 0, 0, 0, 0, 0, -2, -1, 1, 1, 0, 0, 0, 0 ], [ 0, 0, 0, 0, 0, 0, 0, 0, -1, -2, 1, 0, 0, 0, 0, 0 ], 
                  [ 0, 0, 0, 0, 0, 0, 0, 0, 1, 1, -2, -1, 0, 0, 0, 0 ], [ 0, 0, 0, 0, 0, 0, 0, 0, 1, 0, -1, -2, 0, 0, 0, 0 ], 
                  [ 0, 0, 0, 0, 0, 0, 0, 0, 0, 0, 0, 0, 2, 0, 1, 0 ], [ 0, 1, 0, 0, -1, 0, 1, 1, 0, 0, 0, 0, 0, -4, 0, 0 ], 
                  [ 0, 0, 0, 0, 0, 0, 0, 0, 0, 0, 0, 0, 1, 0, -2, 0 ], [ 1, 0, 0, 0, 0, 0, 0, 0, 0, 0, 0, 0, 0, 0, 0, 0 ] ] ],
          method := "Nikulin uniqueness",
          spinorPrimes := [  ] ),
      ampleflag := true,
      basisdual := [ [ 1, 1, 0, 2, 0, 17 ], [ 0, 2, 0, 0, 0, 10 ], [ 0, 0, 1, 4, 1, 12 ], [ 0, 0, 0, 5, 1, 16 ], [ 0, 0, 0, 0, 2, 12 ], [ 0, 0, 0, 0, 0, 18 ] ],
      extdeg := 2,
      extgroupgens := [ [ 1, 1, 0, 45 ], [ 0, 2, 0, 0 ], [ 0, 0, 2, 0 ], [ 0, 0, 0, 90 ] ],
      h := [ 2, 0, 2, -2, 1, -2 ],
      rho := 6,
      sprats := rec(
          nopss := [ 3, 5 ],
          scons := [ [ [ 2, 0, 3, -2, 0, -2 ], [ 2, 0, 1, -2, 2, -2 ] ], [ [ 2, -1, 1, -1, 0, -1 ], [ 2, 1, 3, -3, 2, -3 ] ], 
              [ [ 2, 0, -2, 1, 1, -2 ], [ 2, 0, 6, -5, 1, -2 ] ], [ [ 2, 1, 1, -1, 0, -2 ], [ 2, -1, 3, -3, 2, -2 ] ], [ [ 2, 0, 1, -1, -1, -1 ], [ 2, 0, 3, -3, 3, -3 ] ] ],
          slins := [ [ [ 1, -1, 0, 0, 1, -1 ], [ 1, 1, 2, -2, 0, -1 ] ], [ [ 1, 1, 0, 0, 1, -2 ], [ 1, -1, 2, -2, 0, 0 ] ], [ [ 1, 0, 0, 0, 0, -1 ], [ 1, 0, 2, -2, 1, -1 ] ] 
             ] ) ), rec(
      Gram := [ [ -24, -68, -60, -76, -90, -138 ], [ -68, -208, -184, -230, -276, -414 ], [ -60, -184, -166, -205, -250, -368 ], [ -76, -230, -205, -256, -308, -460 ], 
          [ -90, -276, -250, -308, -378, -552 ], [ -138, -414, -368, -460, -552, -828 ] ],
      Trec := rec(
          count := 1,
          grams := [ [ [ 0, 0, 0, 0, 0, 0, 0, 0, 0, 0, 0, 0, 0, 0, 0, 2 ], [ 0, -2, -1, -1, -1, 1, 1, -1, 1, 0, 0, 0, 0, 0, 0, 0 ], 
                  [ 0, -1, -2, 0, 0, 1, 1, -1, 1, 0, 0, 0, 0, 0, 0, 0 ], [ 0, -1, 0, -2, 0, 0, 1, -1, 1, 0, 0, 0, 0, 0, 0, 0 ], 
                  [ 0, -1, 0, 0, -2, 0, 0, 0, 0, 0, 0, 0, 0, 0, 0, 0 ], [ 0, 1, 1, 0, 0, -2, 0, 1, -1, 0, 0, 0, 0, 0, 0, 0 ], 
                  [ 0, 1, 1, 1, 0, 0, -2, 1, -1, 0, 0, 0, 0, 0, 0, 0 ], [ 0, -1, -1, -1, 0, 1, 1, -2, 1, 0, 0, 0, 0, 0, 0, 0 ], 
                  [ 0, 1, 1, 1, 0, -1, -1, 1, -2, 0, 0, 0, 0, 0, 0, 0 ], [ 0, 0, 0, 0, 0, 0, 0, 0, 0, -2, -1, 1, 0, 0, 1, 0 ], 
                  [ 0, 0, 0, 0, 0, 0, 0, 0, 0, -1, -2, 0, 0, 0, 0, 0 ], [ 0, 0, 0, 0, 0, 0, 0, 0, 0, 1, 0, -2, 0, 0, -1, 0 ], 
                  [ 0, 0, 0, 0, 0, 0, 0, 0, 0, 0, 0, 0, -2, 0, 1, 0 ], [ 0, 0, 0, 0, 0, 0, 0, 0, 0, 0, 0, 0, 0, -2, 0, 0 ], 
                  [ 0, 0, 0, 0, 0, 0, 0, 0, 0, 1, 0, -1, 1, 0, 16, 0 ], [ 2, 0, 0, 0, 0, 0, 0, 0, 0, 0, 0, 0, 0, 0, 0, 0 ] ] ],
          method := "Nikulin uniqueness",
          spinorPrimes := [  ] ),
      ampleflag := true,
      basisdual := [ [ 2, 0, 0, 0, 0, 8 ], [ 0, 2, 0, 0, 0, 24 ], [ 0, 0, 1, 0, 3, 21 ], [ 0, 0, 0, 1, 1, 26 ], [ 0, 0, 0, 0, 6, 32 ], [ 0, 0, 0, 0, 0, 46 ] ],
      extdeg := 1,
      extgroupgens := [ [ 2, 0, 0, 0 ], [ 0, 2, 0, 0 ], [ 0, 0, 2, 0 ], [ 0, 0, 0, 138 ] ],
      h := [ 1, 1, 2, 2, -1, -2 ],
      rho := 6,
      sprats := rec(
          nopss := [ 0, 6 ],
          scons := [ [ [ 1, 1, 6, 3, -3, -3 ], [ 1, 1, -2, 1, 1, -1 ] ], [ [ 1, 1, 1, 1, -1, -1 ], [ 1, 1, 3, 3, -1, -3 ] ], [ [ 1, 1, 1, -2, 0, 0 ], [ 1, 1, 3, 6, -2, -4 ] ]
                , [ [ 1, 0, 2, 1, -1, -1 ], [ 1, 2, 2, 3, -1, -3 ] ], [ [ 1, -1, 2, 2, -1, -1 ], [ 1, 3, 2, 2, -1, -3 ] ], [ [ 1, 2, 2, 1, -1, -2 ], [ 1, 0, 2, 3, -1, -2 ] ] 
             ],
          slins := [  ] ) ), rec(
      Gram := [ [ -282, -241, -214, -268, -321, -483 ], [ -241, -208, -184, -230, -276, -414 ], [ -214, -184, -166, -205, -250, -368 ], [ -268, -230, -205, -256, -308, -460 ]
            , [ -321, -276, -250, -308, -378, -552 ], [ -483, -414, -368, -460, -552, -828 ] ],
      Trec := rec(
          count := 1,
          grams := [ [ [ 0, 0, 0, 0, 0, 0, 0, 0, 0, 0, 0, 0, 0, 0, 0, 1 ], [ 0, -2, -1, -1, -1, 1, 1, -1, 1, 0, 0, 0, 0, 0, 0, 0 ], 
                  [ 0, -1, -2, 0, 0, 1, 1, -1, 1, 0, 0, 0, 0, 0, 0, 0 ], [ 0, -1, 0, -2, 0, 0, 1, -1, 1, 0, 0, 0, 0, 0, 0, 0 ], 
                  [ 0, -1, 0, 0, -2, 0, 0, 0, 0, 0, 0, 0, 0, 0, 0, 0 ], [ 0, 1, 1, 0, 0, -2, 0, 1, -1, 0, 0, 0, 0, 0, 0, 0 ], 
                  [ 0, 1, 1, 1, 0, 0, -2, 1, -1, 0, 0, 0, 0, 0, 0, 0 ], [ 0, -1, -1, -1, 0, 1, 1, -2, 1, 0, 0, 0, 0, 0, 0, 0 ], 
                  [ 0, 1, 1, 1, 0, -1, -1, 1, -2, 0, 0, 0, 0, 0, 0, 0 ], [ 0, 0, 0, 0, 0, 0, 0, 0, 0, -2, -1, 1, 0, 0, 1, 0 ], 
                  [ 0, 0, 0, 0, 0, 0, 0, 0, 0, -1, -2, 0, 0, 0, 0, 0 ], [ 0, 0, 0, 0, 0, 0, 0, 0, 0, 1, 0, -2, 0, 0, -1, 0 ], 
                  [ 0, 0, 0, 0, 0, 0, 0, 0, 0, 0, 0, 0, -2, 0, 1, 0 ], [ 0, 0, 0, 0, 0, 0, 0, 0, 0, 0, 0, 0, 0, -2, 0, 0 ], 
                  [ 0, 0, 0, 0, 0, 0, 0, 0, 0, 1, 0, -1, 1, 0, 16, 0 ], [ 1, 0, 0, 0, 0, 0, 0, 0, 0, 0, 0, 0, 0, 0, 0, 0 ] ] ],
          method := "Nikulin uniqueness",
          spinorPrimes := [  ] ),
      ampleflag := true,
      basisdual := [ [ 1, 0, 0, 0, 0, 27 ], [ 0, 2, 0, 0, 0, 24 ], [ 0, 0, 1, 0, 3, 21 ], [ 0, 0, 0, 1, 1, 26 ], [ 0, 0, 0, 0, 6, 32 ], [ 0, 0, 0, 0, 0, 46 ] ],
      extdeg := 2,
      extgroupgens := [ [ 2, 0, 0, 0 ], [ 0, 1, 0, 69 ], [ 0, 0, 2, 0 ], [ 0, 0, 0, 138 ] ],
      h := [ 2, 1, 2, 2, -1, -3 ],
      rho := 6,
      sprats := rec(
          nopss := [ 3, 3 ],
          scons := [ [ [ 2, 1, 6, 3, -3, -4 ], [ 2, 1, -2, 1, 1, -2 ] ], [ [ 2, 0, 2, 1, -1, -2 ], [ 2, 2, 2, 3, -1, -4 ] ], 
              [ [ 2, -1, 2, 2, -1, -2 ], [ 2, 3, 2, 2, -1, -4 ] ] ],
          slins := [ [ [ 1, 0, 0, -1, 0, 0 ], [ 1, 1, 2, 3, -1, -3 ] ], [ [ 1, 1, 1, 2, -1, -2 ], [ 1, 0, 1, 0, 0, -1 ] ], [ [ 1, 0, 1, 3, -1, -2 ], [ 1, 1, 1, -1, 0, -1 ] ] 
             ] ) ), rec(
      Gram := [ [ -92, -138, -122, -153, -183, -276 ], [ -138, -208, -184, -230, -276, -414 ], [ -122, -184, -166, -205, -250, -368 ], [ -153, -230, -205, -256, -308, -460 ],
          [ -183, -276, -250, -308, -378, -552 ], [ -276, -414, -368, -460, -552, -828 ] ],
      Trec := rec(
          count := 1,
          grams := [ [ [ 0, 0, 0, 0, 0, 0, 0, 0, 0, 0, 0, 0, 0, 0, 0, 2 ], [ 0, -2, -1, -1, -1, 1, 1, -1, 1, 0, 0, 0, 0, 0, 0, 0 ], 
                  [ 0, -1, -2, 0, 0, 1, 1, -1, 1, 0, 0, 0, 0, 0, 0, 0 ], [ 0, -1, 0, -2, 0, 0, 1, -1, 1, 0, 0, 0, 0, 0, 0, 0 ], 
                  [ 0, -1, 0, 0, -2, 0, 0, 0, 0, 0, 0, 0, 0, 0, 0, 0 ], [ 0, 1, 1, 0, 0, -2, 0, 1, -1, 0, 0, 0, 0, 0, 0, 0 ], 
                  [ 0, 1, 1, 1, 0, 0, -2, 1, -1, 0, 0, 0, 0, 0, 0, 0 ], [ 0, -1, -1, -1, 0, 1, 1, -2, 1, 0, 0, 0, 0, 0, 0, 0 ], 
                  [ 0, 1, 1, 1, 0, -1, -1, 1, -2, 0, 0, 0, 0, 0, 0, 0 ], [ 0, 0, 0, 0, 0, 0, 0, 0, 0, -2, 1, -1, 1, 1, 1, 0 ], 
                  [ 0, 0, 0, 0, 0, 0, 0, 0, 0, 1, -2, 0, 0, 0, -1, 0 ], [ 0, 0, 0, 0, 0, 0, 0, 0, 0, -1, 0, -2, 0, 1, 1, 0 ], 
                  [ 0, 0, 0, 0, 0, 0, 0, 0, 0, 1, 0, 0, -2, -1, 0, 0 ], [ 0, 0, 0, 0, 0, 0, 0, 0, 0, 1, 0, 1, -1, -2, -1, 0 ], 
                  [ 0, 0, 0, 0, 0, 0, 0, 0, 0, 1, -1, 1, 0, -1, 16, 0 ], [ 2, 0, 0, 0, 0, 0, 0, 0, 0, 0, 0, 0, 0, 0, 0, 0 ] ] ],
          method := "Nikulin uniqueness",
          spinorPrimes := [  ] ),
      ampleflag := true,
      basisdual := [ [ 1, 1, 0, 0, 0, 16 ], [ 0, 2, 0, 0, 0, 24 ], [ 0, 0, 1, 0, 3, 21 ], [ 0, 0, 0, 1, 1, 26 ], [ 0, 0, 0, 0, 6, 32 ], [ 0, 0, 0, 0, 0, 46 ] ],
      extdeg := 2,
      extgroupgens := [ [ 1, 0, 0, 69 ], [ 0, 2, 0, 0 ], [ 0, 0, 2, 0 ], [ 0, 0, 0, 138 ] ],
      h := [ 2, 0, 2, 2, -1, -2 ],
      rho := 6,
      sprats := rec(
          nopss := [ 3, 3 ],
          scons := [ [ [ 2, -1, 2, 1, -1, -1 ], [ 2, 1, 2, 3, -1, -3 ] ], [ [ 2, -2, 2, 2, -1, -1 ], [ 2, 2, 2, 2, -1, -3 ] ], 
              [ [ 2, 1, 2, 1, -1, -2 ], [ 2, -1, 2, 3, -1, -2 ] ] ],
          slins := [ [ [ 1, 0, 2, -1, -1, 0 ], [ 1, 0, 0, 3, 0, -2 ] ], [ [ 1, 0, 3, 3, -2, -2 ], [ 1, 0, -1, -1, 1, 0 ] ], [ [ 1, 0, 3, 0, -1, -1 ], [ 1, 0, -1, 2, 0, -1 ] 
                 ] ] ) ), rec(
      Gram := [ [ -54, -20, -28, -78, -96, -42 ], [ -20, -22, -14, -28, -42, -42 ], [ -28, -14, -16, -41, -52, -28 ], [ -78, -28, -41, -116, -140, -56 ], 
          [ -96, -42, -52, -140, -174, -84 ], [ -42, -42, -28, -56, -84, -84 ] ],
      Trec := rec(
          count := 1,
          grams := [ [ [ 0, 0, 0, 0, 0, 0, 0, 0, 0, 0, 0, 0, 0, 0, 0, 1 ], [ 0, 0, 0, 0, 0, 0, 0, 0, 0, 0, 0, 0, 0, 0, 1, 0 ], 
                  [ 0, 0, -2, 1, 1, 1, -1, -1, 1, 0, 0, 0, 1, 0, 0, 0 ], [ 0, 0, 1, -2, -1, -1, 0, 1, -1, 0, 0, 0, 0, 0, 0, 0 ], 
                  [ 0, 0, 1, -1, -2, 0, 0, 1, 0, 0, 0, 0, -1, 0, 0, 0 ], [ 0, 0, 1, -1, 0, -2, 0, 0, -1, 0, 0, 0, 0, 0, 0, 0 ], 
                  [ 0, 0, -1, 0, 0, 0, -2, -1, 0, 0, 0, 0, 1, 0, 0, 0 ], [ 0, 0, -1, 1, 1, 0, -1, -2, 0, 0, 0, 0, 1, 0, 0, 0 ], 
                  [ 0, 0, 1, -1, 0, -1, 0, 0, -2, 0, 0, 0, 0, 0, 0, 0 ], [ 0, 0, 0, 0, 0, 0, 0, 0, 0, -2, 0, 0, 0, 0, 0, 0 ], 
                  [ 0, 0, 0, 0, 0, 0, 0, 0, 0, 0, -2, 0, 0, 0, 0, 0 ], [ 0, 0, 0, 0, 0, 0, 0, 0, 0, 0, 0, -2, 0, 0, 0, 0 ], 
                  [ 0, 0, 1, 0, -1, 0, 1, 1, 0, 0, 0, 0, -6, 0, 0, 0 ], [ 0, 0, 0, 0, 0, 0, 0, 0, 0, 0, 0, 0, 0, -14, 0, 0 ], 
                  [ 0, 1, 0, 0, 0, 0, 0, 0, 0, 0, 0, 0, 0, 0, 0, 0 ], [ 1, 0, 0, 0, 0, 0, 0, 0, 0, 0, 0, 0, 0, 0, 0, 0 ] ] ],
          method := "Nikulin uniqueness",
          spinorPrimes := [  ] ),
      ampleflag := true,
      basisdual := [ [ 2, 0, 0, 0, 12, 4 ], [ 0, 2, 0, 0, 0, 8 ], [ 0, 0, 1, 0, 5, 3 ], [ 0, 0, 0, 1, 17, 4 ], [ 0, 0, 0, 0, 18, 8 ], [ 0, 0, 0, 0, 0, 14 ] ],
      extdeg := 1,
      extgroupgens := [ [ 2, 0, 0, 0 ], [ 0, 2, 0, 0 ], [ 0, 0, 2, 0 ], [ 0, 0, 0, 126 ] ],
      h := [ 1, 1, 2, 2, -3, 0 ],
      rho := 6,
      sprats := rec(
          nopss := [ 0, 6 ],
          scons := [ [ [ 1, 1, 6, 3, -5, 0 ], [ 1, 1, -2, 1, -1, 0 ] ], [ [ 1, 1, 3, 3, -4, 0 ], [ 1, 1, 1, 1, -2, 0 ] ], [ [ 1, 0, 2, 1, -2, 0 ], [ 1, 2, 2, 3, -4, 0 ] ], 
              [ [ 1, -1, 2, 2, -3, 1 ], [ 1, 3, 2, 2, -3, -1 ] ], [ [ 1, 2, 2, 1, -2, -1 ], [ 1, 0, 2, 3, -4, 1 ] ], [ [ 1, 1, 1, -2, 1, -1 ], [ 1, 1, 3, 6, -7, 1 ] ] ],
          slins := [  ] ) ), rec(
      Gram := [ [ -92, -42, -35, -81, -111, -84 ], [ -42, -22, -14, -28, -42, -42 ], [ -35, -14, -16, -41, -52, -28 ], [ -81, -28, -41, -116, -140, -56 ], 
          [ -111, -42, -52, -140, -174, -84 ], [ -84, -42, -28, -56, -84, -84 ] ],
      Trec := rec(
          count := 1,
          grams := [ [ [ 0, 0, 0, 0, 0, 0, 0, 0, 0, 0, 0, 0, 0, 0, 0, 1 ], [ 0, 0, 0, 0, 0, 0, 0, 0, 0, 0, 0, 0, 0, 0, 1, 0 ], 
                  [ 0, 0, -2, -1, 1, -1, 1, 1, -1, 0, 0, 0, 0, -1, 0, 0 ], [ 0, 0, -1, -2, 0, -1, 1, 1, -1, 0, 0, 0, 0, -1, 0, 0 ], 
                  [ 0, 0, 1, 0, -2, 1, 0, -1, 1, 0, 0, 0, 0, 0, 0, 0 ], [ 0, 0, -1, -1, 1, -2, 1, 1, -1, 0, 0, 0, 0, 0, 0, 0 ], 
                  [ 0, 0, 1, 1, 0, 1, -2, -1, 1, 0, 0, 0, 0, 0, 0, 0 ], [ 0, 0, 1, 1, -1, 1, -1, -2, 1, 0, 0, 0, 0, 0, 0, 0 ], 
                  [ 0, 0, -1, -1, 1, -1, 1, 1, -2, 0, 0, 0, 0, 0, 0, 0 ], [ 0, 0, 0, 0, 0, 0, 0, 0, 0, -2, 0, 0, 1, 0, 0, 0 ], 
                  [ 0, 0, 0, 0, 0, 0, 0, 0, 0, 0, -2, 0, 0, 0, 0, 0 ], [ 0, 0, 0, 0, 0, 0, 0, 0, 0, 0, 0, -2, 0, 0, 0, 0 ], [ 0, 0, 0, 0, 0, 0, 0, 0, 0, 1, 0, 0, -4, 0, 0, 0 
                     ], [ 0, 0, -1, -1, 0, 0, 0, 0, 0, 0, 0, 0, 0, -6, 0, 0 ], [ 0, 1, 0, 0, 0, 0, 0, 0, 0, 0, 0, 0, 0, 0, 0, 0 ], 
                  [ 1, 0, 0, 0, 0, 0, 0, 0, 0, 0, 0, 0, 0, 0, 0, 0 ] ] ],
          method := "Nikulin uniqueness",
          spinorPrimes := [  ] ),
      ampleflag := true,
      basisdual := [ [ 1, 1, 0, 0, 6, 13 ], [ 0, 2, 0, 0, 0, 8 ], [ 0, 0, 1, 0, 5, 3 ], [ 0, 0, 0, 1, 17, 4 ], [ 0, 0, 0, 0, 18, 8 ], [ 0, 0, 0, 0, 0, 14 ] ],
      extdeg := 2,
      extgroupgens := [ [ 1, 0, 1, 63 ], [ 0, 2, 0, 0 ], [ 0, 0, 2, 0 ], [ 0, 0, 0, 126 ] ],
      h := [ 2, 0, 2, 2, -3, -1 ],
      rho := 6,
      sprats := rec(
          nopss := [ 3, 3 ],
          scons := [ [ [ 2, -1, 2, 1, -2, -1 ], [ 2, 1, 2, 3, -4, -1 ] ], [ [ 2, -2, 2, 2, -3, 0 ], [ 2, 2, 2, 2, -3, -2 ] ], 
              [ [ 2, 1, 2, 1, -2, -2 ], [ 2, -1, 2, 3, -4, 0 ] ] ],
          slins := [ [ [ 1, 0, 3, 0, -1, -1 ], [ 1, 0, -1, 2, -2, 0 ] ], [ [ 1, 0, 2, -1, 0, -1 ], [ 1, 0, 0, 3, -3, 0 ] ], [ [ 1, 0, 3, 3, -4, 0 ], [ 1, 0, -1, -1, 1, -1 ] 
                 ] ] ) ), rec(
      Gram := [ [ -4, -10, -10, -12, 6, -22 ], [ -10, -56, -66, -66, 0, -110 ], [ -10, -66, -86, -81, -14, -132 ], [ -12, -66, -81, -80, -4, -132 ], 
          [ 6, 0, -14, -4, -30, 0 ], [ -22, -110, -132, -132, 0, -220 ] ],
      Trec := rec(
          count := 1,
          grams := [ [ [ 0, 0, 0, 0, 0, 0, 0, 0, 0, 0, 0, 0, 0, 0, 0, 1 ], [ 0, 0, 0, 0, 0, 0, 0, 0, 0, 0, 0, 0, 0, 0, 1, 0 ], 
                  [ 0, 0, -2, -1, -1, 1, 1, 1, -1, 1, 0, 0, 0, 0, 0, 0 ], [ 0, 0, -1, -2, -1, 1, 0, 0, 0, 1, 0, 0, 0, 0, 0, 0 ], 
                  [ 0, 0, -1, -1, -2, 0, 0, 0, 0, 1, 0, 0, 0, 0, 0, 0 ], [ 0, 0, 1, 1, 0, -2, -1, 0, 0, -1, 0, 0, 0, 0, 0, 0 ], 
                  [ 0, 0, 1, 0, 0, -1, -2, -1, 1, 0, 0, 0, 0, 0, 0, 0 ], [ 0, 0, 1, 0, 0, 0, -1, -2, 1, 0, 0, 0, 0, 0, 0, 0 ], 
                  [ 0, 0, -1, 0, 0, 0, 1, 1, -2, 0, 0, 0, 0, 0, 0, 0 ], [ 0, 0, 1, 1, 1, -1, 0, 0, 0, -2, 0, 0, 0, 0, 0, 0 ], 
                  [ 0, 0, 0, 0, 0, 0, 0, 0, 0, 0, -2, 0, 0, 0, 0, 0 ], [ 0, 0, 0, 0, 0, 0, 0, 0, 0, 0, 0, -6, 2, 0, 0, 0 ], [ 0, 0, 0, 0, 0, 0, 0, 0, 0, 0, 0, 2, -8, 0, 0, 0 
                     ], [ 0, 0, 0, 0, 0, 0, 0, 0, 0, 0, 0, 0, 0, -10, 0, 0 ], [ 0, 1, 0, 0, 0, 0, 0, 0, 0, 0, 0, 0, 0, 0, 0, 0 ], 
                  [ 1, 0, 0, 0, 0, 0, 0, 0, 0, 0, 0, 0, 0, 0, 0, 0 ] ] ],
          method := "Nikulin uniqueness",
          spinorPrimes := [  ] ),
      ampleflag := true,
      basisdual := [ [ 2, 0, 0, 0, 0, 2 ], [ 0, 2, 0, 0, 0, 12 ], [ 0, 0, 1, 0, 5, 15 ], [ 0, 0, 0, 1, 1, 14 ], [ 0, 0, 0, 0, 10, 4 ], [ 0, 0, 0, 0, 0, 22 ] ],
      extdeg := 1,
      extgroupgens := [ [ 2, 0, 0, 0 ], [ 0, 2, 0, 0 ], [ 0, 0, 2, 0 ], [ 0, 0, 0, 110 ] ],
      h := [ 1, 1, 2, 2, -1, -3 ],
      rho := 6,
      sprats := rec(
          nopss := [ 0, 6 ],
          scons := [ [ [ 1, 0, 2, 1, -1, -2 ], [ 1, 2, 2, 3, -1, -4 ] ], [ [ 1, -1, 2, 2, -1, -2 ], [ 1, 3, 2, 2, -1, -4 ] ], 
              [ [ 1, 2, 2, 1, -1, -3 ], [ 1, 0, 2, 3, -1, -3 ] ], [ [ 1, 1, 1, -2, 0, 0 ], [ 1, 1, 3, 6, -2, -6 ] ], 
              [ [ 1, 1, 1, 3, -1, -3 ], [ 1, 1, 3, 1, -1, -3 ] ], [ [ 1, 1, -2, 1, 1, 0 ], [ 1, 1, 6, 3, -3, -6 ] ] ],
          slins := [  ] ) ), rec(
      Gram := [ [ -20, -33, -38, -39, 3, -66 ], [ -33, -56, -66, -66, 0, -110 ], [ -38, -66, -86, -81, -14, -132 ], [ -39, -66, -81, -80, -4, -132 ], 
          [ 3, 0, -14, -4, -30, 0 ], [ -66, -110, -132, -132, 0, -220 ] ],
      Trec := rec(
          count := 1,
          grams := [ [ [ 0, 0, 0, 0, 0, 0, 0, 0, 0, 0, 0, 0, 0, 0, 0, 1 ], [ 0, -2, 1, 1, 1, 1, -1, 1, 1, 0, 0, 0, 0, 0, 0, 0 ], 
                  [ 0, 1, -2, -1, 0, -1, 0, -1, -1, 0, 0, 0, 0, 0, 0, 0 ], [ 0, 1, -1, -2, -1, -1, 1, 0, -1, 0, 0, 0, 0, 0, 0, 0 ], 
                  [ 0, 1, 0, -1, -2, -1, 1, 0, 0, 0, 0, 0, 0, 0, 0, 0 ], [ 0, 1, -1, -1, -1, -2, 0, -1, -1, 0, 0, 0, 0, 0, 0, 0 ], 
                  [ 0, -1, 0, 1, 1, 0, -2, 0, 0, 0, 0, 0, 0, 0, 0, 0 ], [ 0, 1, -1, 0, 0, -1, 0, -2, -1, 0, 0, 0, 0, 0, 0, 0 ], 
                  [ 0, 1, -1, -1, 0, -1, 0, -1, -2, 0, 0, 0, 0, 0, 0, 0 ], [ 0, 0, 0, 0, 0, 0, 0, 0, 0, -2, 0, 0, 0, 0, 0, 0 ], 
                  [ 0, 0, 0, 0, 0, 0, 0, 0, 0, 0, -2, 0, 0, 1, 0, 0 ], [ 0, 0, 0, 0, 0, 0, 0, 0, 0, 0, 0, -2, -1, 0, 1, 0 ], 
                  [ 0, 0, 0, 0, 0, 0, 0, 0, 0, 0, 0, -1, -2, 0, 1, 0 ], [ 0, 0, 0, 0, 0, 0, 0, 0, 0, 0, 1, 0, 0, 2, 0, 0 ], 
                  [ 0, 0, 0, 0, 0, 0, 0, 0, 0, 0, 0, 1, 1, 0, -8, 0 ], [ 1, 0, 0, 0, 0, 0, 0, 0, 0, 0, 0, 0, 0, 0, 0, 0 ] ] ],
          method := "Nikulin uniqueness",
          spinorPrimes := [  ] ),
      ampleflag := true,
      basisdual := [ [ 1, 1, 0, 0, 0, 7 ], [ 0, 2, 0, 0, 0, 12 ], [ 0, 0, 1, 0, 5, 15 ], [ 0, 0, 0, 1, 1, 14 ], [ 0, 0, 0, 0, 10, 4 ], [ 0, 0, 0, 0, 0, 22 ] ],
      extdeg := 2,
      extgroupgens := [ [ 1, 0, 1, 0 ], [ 0, 2, 0, 0 ], [ 0, 0, 2, 0 ], [ 0, 0, 0, 110 ] ],
      h := [ 2, 0, 2, 2, -1, -3 ],
      rho := 6,
      sprats := rec(
          nopss := [ 3, 3 ],
          scons := [ [ [ 2, 0, 1, -2, 0, 0 ], [ 2, 0, 3, 6, -2, -6 ] ], [ [ 2, 0, 1, 3, -1, -3 ], [ 2, 0, 3, 1, -1, -3 ] ], [ [ 2, 0, -2, 1, 1, 0 ], [ 2, 0, 6, 3, -3, -6 ] ] 
             ],
          slins := [ [ [ 1, 0, 0, 1, 0, -1 ], [ 1, 0, 2, 1, -1, -2 ] ], [ [ 1, -1, 2, 0, -1, -1 ], [ 1, 1, 0, 2, 0, -2 ] ], [ [ 1, -1, 0, 2, 0, -1 ], [ 1, 1, 2, 0, -1, -2 ] 
                 ] ] ) ), rec(
      Gram := [ [ -14, -12, -20, -32, -44, -26 ], [ -12, -66, -78, -78, -130, -130 ], [ -20, -78, -96, -101, -164, -156 ], [ -32, -78, -101, -120, -184, -156 ], 
          [ -44, -130, -164, -184, -290, -260 ], [ -26, -130, -156, -156, -260, -260 ] ],
      Trec := rec(
          count := 1,
          grams := [ [ [ 0, 0, 0, 0, 0, 0, 0, 0, 0, 0, 0, 0, 0, 0, 0, 1 ], [ 0, -2, -1, -1, 1, 1, -1, -1, 1, 0, 0, 0, 0, 0, 0, 0 ], 
                  [ 0, -1, -2, 0, 1, 1, -1, 0, 1, 0, 0, 0, 0, 0, 0, 0 ], [ 0, -1, 0, -2, 1, 0, -1, 0, 1, 0, 0, 0, 0, 0, 0, 0 ], 
                  [ 0, 1, 1, 1, -2, -1, 1, 0, -1, 0, 0, 0, 0, 0, 0, 0 ], [ 0, 1, 1, 0, -1, -2, 1, 1, -1, 0, 0, 0, 0, 0, 0, 0 ], 
                  [ 0, -1, -1, -1, 1, 1, -2, 0, 1, 0, 0, 0, 0, 0, 0, 0 ], [ 0, -1, 0, 0, 0, 1, 0, -2, 0, 0, 0, 0, 0, 0, 0, 0 ], 
                  [ 0, 1, 1, 1, -1, -1, 1, 0, -2, 0, 0, 0, 0, 0, 0, 0 ], [ 0, 0, 0, 0, 0, 0, 0, 0, 0, -2, 1, 0, 0, 1, 0, 0 ], 
                  [ 0, 0, 0, 0, 0, 0, 0, 0, 0, 1, -2, 0, 0, -1, 0, 0 ], [ 0, 0, 0, 0, 0, 0, 0, 0, 0, 0, 0, -2, 0, 0, 0, 0 ], 
                  [ 0, 0, 0, 0, 0, 0, 0, 0, 0, 0, 0, 0, -2, 0, 0, 0 ], [ 0, 0, 0, 0, 0, 0, 0, 0, 0, 1, -1, 0, 0, -4, 0, 0 ], 
                  [ 0, 0, 0, 0, 0, 0, 0, 0, 0, 0, 0, 0, 0, 0, 26, 0 ], [ 1, 0, 0, 0, 0, 0, 0, 0, 0, 0, 0, 0, 0, 0, 0, 0 ] ] ],
          method := "Nikulin uniqueness",
          spinorPrimes := [  ] ),
      ampleflag := true,
      basisdual := [ [ 2, 0, 0, 0, 8, 2 ], [ 0, 2, 0, 0, 0, 14 ], [ 0, 0, 1, 0, 3, 15 ], [ 0, 0, 0, 1, 9, 14 ], [ 0, 0, 0, 0, 10, 24 ], [ 0, 0, 0, 0, 0, 26 ] ],
      extdeg := 1,
      extgroupgens := [ [ 2, 0, 0, 0 ], [ 0, 2, 0, 0 ], [ 0, 0, 2, 0 ], [ 0, 0, 0, 130 ] ],
      h := [ 1, 1, 2, 2, -3, 0 ],
      rho := 6,
      sprats := rec(
          nopss := [ 0, 6 ],
          scons := [ [ [ 1, 1, 6, 3, -5, -1 ], [ 1, 1, -2, 1, -1, 1 ] ], [ [ 1, 1, 1, 3, -4, 1 ], [ 1, 1, 3, 1, -2, -1 ] ], [ [ 1, 1, 1, -2, 1, -1 ], [ 1, 1, 3, 6, -7, 1 ] ],
              [ [ 1, 0, 2, 1, -2, 0 ], [ 1, 2, 2, 3, -4, 0 ] ], [ [ 1, -1, 2, 2, -3, 1 ], [ 1, 3, 2, 2, -3, -1 ] ], [ [ 1, 2, 2, 1, -2, -1 ], [ 1, 0, 2, 3, -4, 1 ] ] ],
          slins := [  ] ) ), rec(
      Gram := [ [ -98, -71, -92, -108, -167, -143 ], [ -71, -66, -78, -78, -130, -130 ], [ -92, -78, -96, -101, -164, -156 ], [ -108, -78, -101, -120, -184, -156 ], 
          [ -167, -130, -164, -184, -290, -260 ], [ -143, -130, -156, -156, -260, -260 ] ],
      Trec := rec(
          count := 1,
          grams := [ [ [ 0, 0, 0, 0, 0, 0, 0, 0, 0, 0, 0, 0, 0, 0, 0, 1 ], [ 0, -2, -1, -1, -1, 1, 1, -1, 1, 0, 0, 0, 0, 0, 0, 0 ], 
                  [ 0, -1, -2, 0, 0, 1, 1, -1, 1, 0, 0, 0, 0, 0, 0, 0 ], [ 0, -1, 0, -2, 0, 0, 1, -1, 1, 0, 0, 0, 0, 0, 0, 0 ], 
                  [ 0, -1, 0, 0, -2, 0, 0, 0, 0, 0, 0, 0, 0, 0, 0, 0 ], [ 0, 1, 1, 0, 0, -2, 0, 1, -1, 0, 0, 0, 0, 0, 0, 0 ], 
                  [ 0, 1, 1, 1, 0, 0, -2, 1, -1, 0, 0, 0, 0, 0, 0, 0 ], [ 0, -1, -1, -1, 0, 1, 1, -2, 1, 0, 0, 0, 0, 0, 0, 0 ], 
                  [ 0, 1, 1, 1, 0, -1, -1, 1, -2, 0, 0, 0, 0, 0, 0, 0 ], [ 0, 0, 0, 0, 0, 0, 0, 0, 0, -2, 1, 0, 0, 1, 0, 0 ], 
                  [ 0, 0, 0, 0, 0, 0, 0, 0, 0, 1, -2, 0, 0, -1, 0, 0 ], [ 0, 0, 0, 0, 0, 0, 0, 0, 0, 0, 0, -2, 0, 0, 0, 0 ], 
                  [ 0, 0, 0, 0, 0, 0, 0, 0, 0, 0, 0, 0, -2, 0, 1, 0 ], [ 0, 0, 0, 0, 0, 0, 0, 0, 0, 1, -1, 0, 0, -4, 0, 0 ], 
                  [ 0, 0, 0, 0, 0, 0, 0, 0, 0, 0, 0, 0, 1, 0, 6, 0 ], [ 1, 0, 0, 0, 0, 0, 0, 0, 0, 0, 0, 0, 0, 0, 0, 0 ] ] ],
          method := "Nikulin uniqueness",
          spinorPrimes := [  ] ),
      ampleflag := true,
      basisdual := [ [ 1, 0, 0, 0, 9, 13 ], [ 0, 2, 0, 0, 0, 14 ], [ 0, 0, 1, 0, 3, 15 ], [ 0, 0, 0, 1, 9, 14 ], [ 0, 0, 0, 0, 10, 24 ], [ 0, 0, 0, 0, 0, 26 ] ],
      extdeg := 2,
      extgroupgens := [ [ 2, 0, 0, 0 ], [ 0, 2, 0, 0 ], [ 0, 0, 1, 65 ], [ 0, 0, 0, 130 ] ],
      h := [ 2, 1, 2, 2, -4, 0 ],
      rho := 6,
      sprats := rec(
          nopss := [ 3, 3 ],
          scons := [ [ [ 2, 1, 6, 3, -6, -1 ], [ 2, 1, -2, 1, -2, 1 ] ], [ [ 2, -1, 2, 2, -4, 1 ], [ 2, 3, 2, 2, -4, -1 ] ], [ [ 2, 2, 2, 1, -3, -1 ], [ 2, 0, 2, 3, -5, 1 ] 
                 ] ],
          slins := [ [ [ 1, 0, 0, -1, 0, 0 ], [ 1, 1, 2, 3, -4, 0 ] ], [ [ 1, 1, 0, 0, -1, 0 ], [ 1, 0, 2, 2, -3, 0 ] ], [ [ 1, 0, 1, 3, -4, 1 ], [ 1, 1, 1, -1, 0, -1 ] ] ] 
         ) ), rec(
      Gram := [ [ -26, -39, -49, -55, -87, -78 ], [ -39, -66, -78, -78, -130, -130 ], [ -49, -78, -96, -101, -164, -156 ], [ -55, -78, -101, -120, -184, -156 ], 
          [ -87, -130, -164, -184, -290, -260 ], [ -78, -130, -156, -156, -260, -260 ] ],
      Trec := rec(
          count := 1,
          grams := [ [ [ 0, 0, 0, 0, 0, 0, 0, 0, 0, 0, 0, 0, 0, 0, 0, 1 ], [ 0, -2, -1, -1, -1, 1, 1, -1, 1, 0, 0, 0, 0, 0, 0, 0 ], 
                  [ 0, -1, -2, 0, 0, 1, 1, -1, 1, 0, 0, 0, 0, 0, 0, 0 ], [ 0, -1, 0, -2, 0, 0, 1, -1, 1, 0, 0, 0, 0, 0, 0, 0 ], 
                  [ 0, -1, 0, 0, -2, 0, 0, 0, 0, 0, 0, 0, 0, 0, 0, 0 ], [ 0, 1, 1, 0, 0, -2, 0, 1, -1, 0, 0, 0, 0, 0, 0, 0 ], 
                  [ 0, 1, 1, 1, 0, 0, -2, 1, -1, 0, 0, 0, 0, 0, 0, 0 ], [ 0, -1, -1, -1, 0, 1, 1, -2, 1, 0, 0, 0, 0, 0, 0, 0 ], 
                  [ 0, 1, 1, 1, 0, -1, -1, 1, -2, 0, 0, 0, 0, 0, 0, 0 ], [ 0, 0, 0, 0, 0, 0, 0, 0, 0, -2, 1, 0, 1, 1, 0, 0 ], 
                  [ 0, 0, 0, 0, 0, 0, 0, 0, 0, 1, -2, 0, 0, 0, 0, 0 ], [ 0, 0, 0, 0, 0, 0, 0, 0, 0, 0, 0, -2, 1, 1, 0, 0 ], [ 0, 0, 0, 0, 0, 0, 0, 0, 0, 1, 0, 1, -4, 0, 1, 0 
                     ], [ 0, 0, 0, 0, 0, 0, 0, 0, 0, 1, 0, 1, 0, -4, -1, 0 ], [ 0, 0, 0, 0, 0, 0, 0, 0, 0, 0, 0, 0, 1, -1, 6, 0 ], 
                  [ 1, 0, 0, 0, 0, 0, 0, 0, 0, 0, 0, 0, 0, 0, 0, 0 ] ] ],
          method := "Nikulin uniqueness",
          spinorPrimes := [  ] ),
      ampleflag := true,
      basisdual := [ [ 1, 1, 0, 0, 4, 8 ], [ 0, 2, 0, 0, 0, 14 ], [ 0, 0, 1, 0, 3, 15 ], [ 0, 0, 0, 1, 9, 14 ], [ 0, 0, 0, 0, 10, 24 ], [ 0, 0, 0, 0, 0, 26 ] ],
      extdeg := 2,
      extgroupgens := [ [ 1, 1, 0, 65 ], [ 0, 2, 0, 0 ], [ 0, 0, 2, 0 ], [ 0, 0, 0, 130 ] ],
      h := [ 2, 0, 2, 2, -3, 0 ],
      rho := 6,
      sprats := rec(
          nopss := [ 2, 5 ],
          scons := [ [ [ 2, 0, 6, 3, -5, -1 ], [ 2, 0, -2, 1, -1, 1 ] ], [ [ 2, 0, 1, 3, -4, 1 ], [ 2, 0, 3, 1, -2, -1 ] ], [ [ 2, 0, 1, -2, 1, -1 ], [ 2, 0, 3, 6, -7, 1 ] ],
              [ [ 2, -1, 2, 1, -2, 0 ], [ 2, 1, 2, 3, -4, 0 ] ], [ [ 2, 1, 2, 1, -2, -1 ], [ 2, -1, 2, 3, -4, 1 ] ] ],
          slins := [ [ [ 1, -1, 2, 0, -1, 0 ], [ 1, 1, 0, 2, -2, 0 ] ], [ [ 1, 1, 2, 0, -1, -1 ], [ 1, -1, 0, 2, -2, 1 ] ] ] ) ), rec(
      Gram := [ [ -18, 13, -16, 6, -9, -33 ], [ 13, -40, -16, -38, -45, 33 ], [ -16, -16, -40, -25, -54, -22 ], [ 6, -38, -25, -40, -54, 22 ], [ -9, -45, -54, -54, -90, 0 ], 
          [ -33, 33, -22, 22, 0, -66 ] ],
      Trec := rec(
          count := 1,
          grams := [ [ [ 0, 0, 0, 0, 0, 0, 0, 0, 0, 0, 0, 0, 0, 0, 0, 1 ], [ 0, -2, -1, -1, 1, 1, 1, -1, 0, 0, 0, 0, 0, 0, 1, 0 ], 
                  [ 0, -1, -2, 0, 1, 1, 1, -1, 0, 0, 0, 0, 0, 0, 1, 0 ], [ 0, -1, 0, -2, 1, 0, 1, -1, 0, 0, 0, 0, 0, 0, 1, 0 ], 
                  [ 0, 1, 1, 1, -2, -1, -1, 1, 0, 0, 0, 0, 0, 0, -1, 0 ], [ 0, 1, 1, 0, -1, -2, -1, 0, 0, 0, 0, 0, 0, 0, -1, 0 ], 
                  [ 0, 1, 1, 1, -1, -1, -2, 1, 0, 0, 0, 0, 0, 0, -1, 0 ], [ 0, -1, -1, -1, 1, 0, 1, -2, 0, 0, 0, 0, 0, 0, 1, 0 ], 
                  [ 0, 0, 0, 0, 0, 0, 0, 0, 2, 0, -1, 1, 1, 1, 0, 0 ], [ 0, 0, 0, 0, 0, 0, 0, 0, 0, -2, 1, -1, 0, 1, 0, 0 ], 
                  [ 0, 0, 0, 0, 0, 0, 0, 0, -1, 1, -2, -1, -1, -2, 0, 0 ], [ 0, 0, 0, 0, 0, 0, 0, 0, 1, -1, -1, -2, 0, 1, 0, 0 ], 
                  [ 0, 0, 0, 0, 0, 0, 0, 0, 1, 0, -1, 0, -2, 1, 0, 0 ], [ 0, 0, 0, 0, 0, 0, 0, 0, 1, 1, -2, 1, 1, -4, 0, 0 ], 
                  [ 0, 1, 1, 1, -1, -1, -1, 1, 0, 0, 0, 0, 0, 0, -6, 0 ], [ 1, 0, 0, 0, 0, 0, 0, 0, 0, 0, 0, 0, 0, 0, 0, 0 ] ] ],
          method := "Nikulin uniqueness",
          spinorPrimes := [  ] ),
      ampleflag := true,
      basisdual := [ [ 2, 0, 0, 0, 3, 7 ], [ 0, 2, 0, 0, 9, 0 ], [ 0, 0, 1, 0, 11, 9 ], [ 0, 0, 0, 1, 11, 2 ], [ 0, 0, 0, 0, 18, 9 ], [ 0, 0, 0, 0, 0, 11 ] ],
      extdeg := 1,
      extgroupgens := [ [ 2, 0 ], [ 0, 396 ] ],
      h := [ 1, 1, 2, 2, -3, 0 ],
      rho := 6,
      sprats := rec(
          nopss := [ 0, 8 ],
          scons := [ [ [ 1, 1, 1, -2, 0, -1 ], [ 1, 1, 3, 6, -6, 1 ] ], [ [ 1, 1, -2, 1, 0, 1 ], [ 1, 1, 6, 3, -6, -1 ] ], [ [ 1, 2, 2, 1, -3, 0 ], [ 1, 0, 2, 3, -3, 0 ] ], 
              [ [ 1, 3, 2, 2, -4, 1 ], [ 1, -1, 2, 2, -2, -1 ] ], [ [ 1, 2, 3, 2, -4, 0 ], [ 1, 0, 1, 2, -2, 0 ] ], [ [ 1, 1, 1, 1, -2, 0 ], [ 1, 1, 3, 3, -4, 0 ] ], 
              [ [ 1, 0, 2, 1, -2, -1 ], [ 1, 2, 2, 3, -4, 1 ] ], [ [ 1, 2, 1, 2, -3, 1 ], [ 1, 0, 3, 2, -3, -1 ] ] ],
          slins := [  ] ) ), rec(
      Gram := [ [ -114, -188, -26, -200, -153, -225 ], [ -188, -316, -44, -334, -255, -375 ], [ -26, -44, -8, -45, -38, -50 ], [ -200, -334, -45, -356, -268, -400 ], 
          [ -153, -255, -38, -268, -210, -300 ], [ -225, -375, -50, -400, -300, -450 ] ],
      Trec := rec(
          count := 1,
          grams := [ [ [ 0, 0, 0, 0, 0, 0, 0, 0, 0, 0, 0, 0, 0, 0, 0, 1 ], [ 0, 0, 0, 0, 0, 0, 0, 0, 0, 0, 0, 0, 0, 0, 1, 0 ], 
                  [ 0, 0, -2, -1, -1, -1, 1, -1, -1, 1, 1, 1, -1, 0, 0, 0 ], [ 0, 0, -1, -2, 0, -1, 0, 0, 0, 1, 0, 1, -1, 0, 0, 0 ], 
                  [ 0, 0, -1, 0, -2, -1, 0, 0, 0, 1, 0, 1, 0, 0, 0, 0 ], [ 0, 0, -1, -1, -1, -2, 0, 0, 0, 1, 0, 1, 0, 0, 0, 0 ], 
                  [ 0, 0, 1, 0, 0, 0, -2, 1, 1, 0, -1, 0, 1, 0, 0, 0 ], [ 0, 0, -1, 0, 0, 0, 1, -2, -1, 0, 1, 0, 0, 0, 0, 0 ], 
                  [ 0, 0, -1, 0, 0, 0, 1, -1, -2, 0, 1, 0, 0, 0, 0, 0 ], [ 0, 0, 1, 1, 1, 1, 0, 0, 0, -4, -1, -2, -1, 1, 0, 0 ], 
                  [ 0, 0, 1, 0, 0, 0, -1, 1, 1, -1, -4, -1, 1, 0, 0, 0 ], [ 0, 0, 1, 1, 1, 1, 0, 0, 0, -2, -1, -4, -1, 1, 0, 0 ], 
                  [ 0, 0, -1, -1, 0, 0, 1, 0, 0, -1, 1, -1, -6, 0, 0, 0 ], [ 0, 0, 0, 0, 0, 0, 0, 0, 0, 1, 0, 1, 0, -4, 0, 0 ], 
                  [ 0, 1, 0, 0, 0, 0, 0, 0, 0, 0, 0, 0, 0, 0, 0, 0 ], [ 1, 0, 0, 0, 0, 0, 0, 0, 0, 0, 0, 0, 0, 0, 0, 0 ] ] ],
          method := "Nikulin uniqueness",
          spinorPrimes := [  ] ),
      ampleflag := true,
      basisdual := [ [ 2, 0, 0, 0, 3, 12 ], [ 0, 2, 0, 0, 3, 20 ], [ 0, 0, 1, 0, 3, 1 ], [ 0, 0, 0, 1, 1, 22 ], [ 0, 0, 0, 0, 6, 13 ], [ 0, 0, 0, 0, 0, 25 ] ],
      extdeg := 1,
      extgroupgens := [ [ 2, 0 ], [ 0, 300 ] ],
      h := [ 1, 1, 2, 2, -2, -2 ],
      rho := 6,
      sprats := rec(
          nopss := [ 0, 10 ],
          scons := [ [ [ 1, 1, 6, 3, -4, -2 ], [ 1, 1, -2, 1, 0, -2 ] ], [ [ 1, 1, 1, 1, -2, -1 ], [ 1, 1, 3, 3, -2, -3 ] ], [ [ 1, 0, 2, 3, -2, -2 ], [ 1, 2, 2, 1, -2, -2 ] 
                 ], [ [ 1, 2, 2, 3, -3, -3 ], [ 1, 0, 2, 1, -1, -1 ] ], [ [ 1, 1, 1, -2, -1, 1 ], [ 1, 1, 3, 6, -3, -5 ] ], [ [ 1, 0, 2, 0, -1, 0 ], [ 1, 2, 2, 4, -3, -4 ] ],
              [ [ 1, 2, 2, 0, -2, -1 ], [ 1, 0, 2, 4, -2, -3 ] ], [ [ 1, 0, 1, 0, -1, 0 ], [ 1, 2, 3, 4, -3, -4 ] ], [ [ 1, -1, 2, 2, -1, -1 ], [ 1, 3, 2, 2, -3, -3 ] ], 
              [ [ 1, 2, 1, 0, -2, -1 ], [ 1, 0, 3, 4, -2, -3 ] ] ],
          slins := [  ] ) ), rec(
      Gram := [ [ -2, -3, -6, 7, 3, -11 ], [ -3, -36, -34, 11, -15, -55 ], [ -6, -34, -40, 25, -2, -66 ], [ 7, 11, 25, -34, -22, 44 ], [ 3, -15, -2, -22, -30, 0 ], 
          [ -11, -55, -66, 44, 0, -110 ] ],
      Trec := rec(
          count := 1,
          grams := [ [ [ 0, 0, 0, 0, 0, 0, 0, 0, 0, 0, 0, 0, 0, 0, 0, 1 ], [ 0, -2, -1, -1, -1, 1, 1, -1, 1, 0, 0, 0, 0, 0, 0, 0 ], 
                  [ 0, -1, -2, 0, 0, 1, 1, -1, 1, 0, 0, 0, 0, 0, 0, 0 ], [ 0, -1, 0, -2, 0, 0, 1, -1, 1, 0, 0, 0, 0, 0, 0, 0 ], 
                  [ 0, -1, 0, 0, -2, 0, 0, 0, 0, 0, 0, 0, 0, 0, 0, 0 ], [ 0, 1, 1, 0, 0, -2, 0, 1, -1, 0, 0, 0, 0, 0, 0, 0 ], 
                  [ 0, 1, 1, 1, 0, 0, -2, 1, -1, 0, 0, 0, 0, 0, 0, 0 ], [ 0, -1, -1, -1, 0, 1, 1, -2, 1, 0, 0, 0, 0, 0, 0, 0 ], 
                  [ 0, 1, 1, 1, 0, -1, -1, 1, -2, 0, 0, 0, 0, 0, 0, 0 ], [ 0, 0, 0, 0, 0, 0, 0, 0, 0, 2, 1, 1, 1, 0, 0, 0 ], 
                  [ 0, 0, 0, 0, 0, 0, 0, 0, 0, 1, -2, 0, 1, -1, 0, 0 ], [ 0, 0, 0, 0, 0, 0, 0, 0, 0, 1, 0, -2, 1, -1, -1, 0 ], 
                  [ 0, 0, 0, 0, 0, 0, 0, 0, 0, 1, 1, 1, -2, 1, -1, 0 ], [ 0, 0, 0, 0, 0, 0, 0, 0, 0, 0, -1, -1, 1, -4, 0, 0 ], 
                  [ 0, 0, 0, 0, 0, 0, 0, 0, 0, 0, 0, -1, -1, 0, -6, 0 ], [ 1, 0, 0, 0, 0, 0, 0, 0, 0, 0, 0, 0, 0, 0, 0, 0 ] ] ],
          method := "Nikulin uniqueness",
          spinorPrimes := [  ] ),
      ampleflag := true,
      basisdual := [ [ 2, 0, 0, 0, 1, 1 ], [ 0, 2, 0, 0, 5, 10 ], [ 0, 0, 1, 0, 1, 7 ], [ 0, 0, 0, 1, 7, 1 ], [ 0, 0, 0, 0, 10, 7 ], [ 0, 0, 0, 0, 0, 11 ] ],
      extdeg := 1,
      extgroupgens := [ [ 2, 0 ], [ 0, 220 ] ],
      h := [ 1, 1, 2, 2, -2, -1 ],
      rho := 6,
      sprats := rec(
          nopss := [ 0, 12 ],
          scons := [ [ [ 1, 0, 2, 1, -1, -1 ], [ 1, 2, 2, 3, -3, -1 ] ], [ [ 1, 2, 2, 1, -2, -2 ], [ 1, 0, 2, 3, -2, 0 ] ], [ [ 1, 1, 1, 3, -3, 0 ], [ 1, 1, 3, 1, -1, -2 ] ],
              [ [ 1, 1, -2, 1, -1, 1 ], [ 1, 1, 6, 3, -3, -3 ] ], [ [ 1, 0, 0, 3, -2, 1 ], [ 1, 2, 4, 1, -2, -3 ] ], [ [ 1, 2, 0, 3, -3, 0 ], [ 1, 0, 4, 1, -1, -2 ] ], 
              [ [ 1, 1, 1, -2, 1, -2 ], [ 1, 1, 3, 6, -5, 0 ] ], [ [ 1, 0, 0, 0, 0, 0 ], [ 1, 2, 4, 4, -4, -2 ] ], [ [ 1, 2, 0, 0, -1, -1 ], [ 1, 0, 4, 4, -3, -1 ] ], 
              [ [ 1, 0, 3, 0, 0, -2 ], [ 1, 2, 1, 4, -4, 0 ] ], [ [ 1, -1, 2, 2, -1, 0 ], [ 1, 3, 2, 2, -3, -2 ] ], [ [ 1, 2, 3, 0, -1, -3 ], [ 1, 0, 1, 4, -3, 1 ] ] ],
          slins := [  ] ) ), rec(
      Gram := [ [ -10, -16, -21, -16, -34, -19 ], [ -16, -56, -67, -62, -110, -95 ], [ -21, -67, -82, -75, -134, -114 ], [ -16, -62, -75, -72, -124, -114 ], 
          [ -34, -110, -134, -124, -220, -190 ], [ -19, -95, -114, -114, -190, -190 ] ],
      Trec := rec(
          count := 1,
          grams := [ [ [ 0, 0, 0, 0, 0, 0, 0, 0, 0, 0, 0, 0, 0, 0, 0, 1 ], [ 0, -2, -1, -1, -1, 1, 1, -1, 1, 0, 0, 0, 0, 0, 0, 0 ], 
                  [ 0, -1, -2, 0, 0, 1, 1, -1, 1, 0, 0, 0, 0, 0, 0, 0 ], [ 0, -1, 0, -2, 0, 0, 1, -1, 1, 0, 0, 0, 0, 0, 0, 0 ], 
                  [ 0, -1, 0, 0, -2, 0, 0, 0, 0, 0, 0, 0, 0, 0, 0, 0 ], [ 0, 1, 1, 0, 0, -2, 0, 1, -1, 0, 0, 0, 0, 0, 0, 0 ], 
                  [ 0, 1, 1, 1, 0, 0, -2, 1, -1, 0, 0, 0, 0, 0, 0, 0 ], [ 0, -1, -1, -1, 0, 1, 1, -2, 1, 0, 0, 0, 0, 0, 0, 0 ], 
                  [ 0, 1, 1, 1, 0, -1, -1, 1, -2, 0, 0, 0, 0, 0, 0, 0 ], [ 0, 0, 0, 0, 0, 0, 0, 0, 0, -2, 0, 0, 0, -1, 1, 0 ], 
                  [ 0, 0, 0, 0, 0, 0, 0, 0, 0, 0, -2, 0, 0, 0, -1, 0 ], [ 0, 0, 0, 0, 0, 0, 0, 0, 0, 0, 0, -2, 0, -1, -1, 0 ], 
                  [ 0, 0, 0, 0, 0, 0, 0, 0, 0, 0, 0, 0, -2, 0, 0, 0 ], [ 0, 0, 0, 0, 0, 0, 0, 0, 0, -1, 0, -1, 0, -6, 0, 0 ], 
                  [ 0, 0, 0, 0, 0, 0, 0, 0, 0, 1, -1, -1, 0, 0, 8, 0 ], [ 1, 0, 0, 0, 0, 0, 0, 0, 0, 0, 0, 0, 0, 0, 0, 0 ] ] ],
          method := "Nikulin uniqueness",
          spinorPrimes := [  ] ),
      ampleflag := true,
      basisdual := [ [ 2, 0, 0, 0, 7, 0 ], [ 0, 2, 0, 0, 5, 8 ], [ 0, 0, 1, 0, 7, 8 ], [ 0, 0, 0, 1, 3, 10 ], [ 0, 0, 0, 0, 10, 14 ], [ 0, 0, 0, 0, 0, 19 ] ],
      extdeg := 1,
      extgroupgens := [ [ 2, 0 ], [ 0, 380 ] ],
      h := [ 1, 1, 2, 2, -3, 0 ],
      rho := 6,
      sprats := rec(
          nopss := [ 0, 8 ],
          scons := [ [ [ 1, 1, -2, 1, 0, 0 ], [ 1, 1, 6, 3, -6, 0 ] ], [ [ 1, 1, 3, 6, -5, -1 ], [ 1, 1, 1, -2, -1, 1 ] ], [ [ 1, 0, 2, 3, -3, 0 ], [ 1, 2, 2, 1, -3, 0 ] ], 
              [ [ 1, -1, 2, 2, -2, 0 ], [ 1, 3, 2, 2, -4, 0 ] ], [ [ 1, 0, 3, 2, -3, 0 ], [ 1, 2, 1, 2, -3, 0 ] ], [ [ 1, 1, 1, 3, -3, 0 ], [ 1, 1, 3, 1, -3, 0 ] ], 
              [ [ 1, 0, 1, 2, -2, 0 ], [ 1, 2, 3, 2, -4, 0 ] ], [ [ 1, 2, 2, 3, -4, 0 ], [ 1, 0, 2, 1, -2, 0 ] ] ],
          slins := [  ] ) ), rec(
      Gram := [ [ -276, -164, -72, -256, -108, -330 ], [ -164, -100, -44, -154, -66, -198 ], [ -72, -44, -22, -69, -34, -88 ], [ -256, -154, -69, -240, -104, -308 ], 
          [ -108, -66, -34, -104, -54, -132 ], [ -330, -198, -88, -308, -132, -396 ] ],
      Trec := rec(
          count := 1,
          grams := [ [ [ 0, 0, 0, 0, 0, 0, 0, 0, 0, 0, 0, 0, 0, 0, 0, 1 ], [ 0, -2, -1, -1, -1, 1, 1, -1, 1, 0, 0, 0, 0, 0, 0, 0 ], 
                  [ 0, -1, -2, 0, 0, 1, 1, -1, 1, 0, 0, 0, 0, 0, 0, 0 ], [ 0, -1, 0, -2, 0, 0, 1, -1, 1, 0, 0, 0, 0, 0, 0, 0 ], 
                  [ 0, -1, 0, 0, -2, 0, 0, 0, 0, 0, 0, 0, 0, 0, 0, 0 ], [ 0, 1, 1, 0, 0, -2, 0, 1, -1, 0, 0, 0, 0, 0, 0, 0 ], 
                  [ 0, 1, 1, 1, 0, 0, -2, 1, -1, 0, 0, 0, 0, 0, 0, 0 ], [ 0, -1, -1, -1, 0, 1, 1, -2, 1, 0, 0, 0, 0, 0, 0, 0 ], 
                  [ 0, 1, 1, 1, 0, -1, -1, 1, -2, 0, 0, 0, 0, 0, 0, 0 ], [ 0, 0, 0, 0, 0, 0, 0, 0, 0, -2, -1, 1, 0, 0, 1, 0 ], 
                  [ 0, 0, 0, 0, 0, 0, 0, 0, 0, -1, -2, 0, 0, 0, 1, 0 ], [ 0, 0, 0, 0, 0, 0, 0, 0, 0, 1, 0, -2, 0, 0, -1, 0 ], 
                  [ 0, 0, 0, 0, 0, 0, 0, 0, 0, 0, 0, 0, -2, 0, 0, 0 ], [ 0, 0, 0, 0, 0, 0, 0, 0, 0, 0, 0, 0, 0, -2, 0, 0 ], 
                  [ 0, 0, 0, 0, 0, 0, 0, 0, 0, 1, 1, -1, 0, 0, 32, 0 ], [ 1, 0, 0, 0, 0, 0, 0, 0, 0, 0, 0, 0, 0, 0, 0, 0 ] ] ],
          method := "Nikulin uniqueness",
          spinorPrimes := [  ] ),
      ampleflag := true,
      basisdual := [ [ 2, 0, 0, 0, 0, 18 ], [ 0, 2, 0, 0, 0, 12 ], [ 0, 0, 1, 0, 3, 6 ], [ 0, 0, 0, 1, 1, 18 ], [ 0, 0, 0, 0, 6, 10 ], [ 0, 0, 0, 0, 0, 22 ] ],
      extdeg := 1,
      extgroupgens := [ [ 2, 0, 0, 0 ], [ 0, 2, 0, 0 ], [ 0, 0, 2, 0 ], [ 0, 0, 0, 66 ] ],
      h := [ 1, 1, 2, 2, -1, -3 ],
      rho := 6,
      sprats := rec(
          nopss := [ 0, 10 ],
          scons := [ [ [ 1, 1, 1, -2, 0, 0 ], [ 1, 1, 3, 6, -2, -6 ] ], [ [ 1, 0, 1, 0, 0, -1 ], [ 1, 2, 3, 4, -2, -5 ] ], [ [ 1, 2, 1, 0, 0, -2 ], [ 1, 0, 3, 4, -2, -4 ] ], 
              [ [ 1, 1, -2, 1, 1, -2 ], [ 1, 1, 6, 3, -3, -4 ] ], [ [ 1, 1, 1, 1, -1, -2 ], [ 1, 1, 3, 3, -1, -4 ] ], [ [ 1, 0, 1, 3, -1, -3 ], [ 1, 2, 3, 1, -1, -3 ] ], 
              [ [ 1, 0, 2, 0, -1, -1 ], [ 1, 2, 2, 4, -1, -5 ] ], [ [ 1, -1, 2, 2, -1, -2 ], [ 1, 3, 2, 2, -1, -4 ] ], [ [ 1, 2, 1, 3, -1, -4 ], [ 1, 0, 3, 1, -1, -2 ] ], 
              [ [ 1, 2, 2, 0, -1, -2 ], [ 1, 0, 2, 4, -1, -4 ] ] ],
          slins := [  ] ) ), rec(
      Gram := [ [ -176, -132, -58, -205, -87, -264 ], [ -132, -100, -44, -154, -66, -198 ], [ -58, -44, -22, -69, -34, -88 ], [ -205, -154, -69, -240, -104, -308 ], 
          [ -87, -66, -34, -104, -54, -132 ], [ -264, -198, -88, -308, -132, -396 ] ],
      Trec := rec(
          count := 1,
          grams := [ [ [ 0, 0, 0, 0, 0, 0, 0, 0, 0, 0, 0, 0, 0, 0, 0, 1 ], [ 0, -2, -1, -1, -1, 1, 1, -1, 1, 0, 0, 0, 0, 0, 0, 0 ], 
                  [ 0, -1, -2, 0, 0, 1, 1, -1, 1, 0, 0, 0, 0, 0, 0, 0 ], [ 0, -1, 0, -2, 0, 0, 1, -1, 1, 0, 0, 0, 0, 0, 0, 0 ], 
                  [ 0, -1, 0, 0, -2, 0, 0, 0, 0, 0, 0, 0, 0, 0, 0, 0 ], [ 0, 1, 1, 0, 0, -2, 0, 1, -1, 0, 0, 0, 0, 0, 0, 0 ], 
                  [ 0, 1, 1, 1, 0, 0, -2, 1, -1, 0, 0, 0, 0, 0, 0, 0 ], [ 0, -1, -1, -1, 0, 1, 1, -2, 1, 0, 0, 0, 0, 0, 0, 0 ], 
                  [ 0, 1, 1, 1, 0, -1, -1, 1, -2, 0, 0, 0, 0, 0, 0, 0 ], [ 0, 0, 0, 0, 0, 0, 0, 0, 0, -2, -1, 1, 1, -1, 1, 0 ], 
                  [ 0, 0, 0, 0, 0, 0, 0, 0, 0, -1, -2, 1, 0, -1, 1, 0 ], [ 0, 0, 0, 0, 0, 0, 0, 0, 0, 1, 1, -2, -1, 1, -1, 0 ], 
                  [ 0, 0, 0, 0, 0, 0, 0, 0, 0, 1, 0, -1, -2, 0, 0, 0 ], [ 0, 0, 0, 0, 0, 0, 0, 0, 0, -1, -1, 1, 0, -2, 1, 0 ], 
                  [ 0, 0, 0, 0, 0, 0, 0, 0, 0, 1, 1, -1, 0, 1, 32, 0 ], [ 1, 0, 0, 0, 0, 0, 0, 0, 0, 0, 0, 0, 0, 0, 0, 0 ] ] ],
          method := "Nikulin uniqueness",
          spinorPrimes := [  ] ),
      ampleflag := true,
      basisdual := [ [ 1, 1, 0, 0, 0, 15 ], [ 0, 2, 0, 0, 0, 12 ], [ 0, 0, 1, 0, 3, 6 ], [ 0, 0, 0, 1, 1, 18 ], [ 0, 0, 0, 0, 6, 10 ], [ 0, 0, 0, 0, 0, 22 ] ],
      extdeg := 2,
      extgroupgens := [ [ 1, 0, 0, 0 ], [ 0, 2, 0, 0 ], [ 0, 0, 2, 0 ], [ 0, 0, 0, 66 ] ],
      h := [ 2, 0, 2, 2, -1, -3 ],
      rho := 6,
      sprats := rec(
          nopss := [ 5, 0 ],
          scons := [  ],
          slins := [ [ [ 1, 0, -1, -1, 1, 0 ], [ 1, 0, 3, 3, -2, -3 ] ], [ [ 1, 0, 2, -1, -1, 0 ], [ 1, 0, 0, 3, 0, -3 ] ], [ [ 1, -1, 2, 1, -1, -1 ], [ 1, 1, 0, 1, 0, -2 ] ]
                , [ [ 1, 1, 2, 1, -1, -2 ], [ 1, -1, 0, 1, 0, -1 ] ], [ [ 1, 0, 3, 0, -1, -1 ], [ 1, 0, -1, 2, 0, -2 ] ] ] ) ), rec(
      Gram := [ [ -24, -20, -38, -50, -60, -42 ], [ -20, -36, -56, -56, -70, -70 ], [ -38, -56, -92, -97, -120, -112 ], [ -50, -56, -97, -116, -140, -112 ], 
          [ -60, -70, -120, -140, -170, -140 ], [ -42, -70, -112, -112, -140, -140 ] ],
      Trec := rec(
          count := 1,
          grams := [ [ [ 0, 0, 0, 0, 0, 0, 0, 0, 0, 0, 0, 0, 0, 0, 0, 1 ], [ 0, -2, 1, 1, 1, -1, 1, -1, -1, 0, 0, 0, 0, 0, 0, 0 ], 
                  [ 0, 1, -2, -1, -1, 0, -1, 0, 1, 0, 0, 0, 0, 0, 0, 0 ], [ 0, 1, -1, -2, 0, 0, 0, 1, 1, 0, 0, 0, 0, 0, 0, 0 ], 
                  [ 0, 1, -1, 0, -2, 1, -1, 0, 1, 0, 0, 0, 0, 0, 0, 0 ], [ 0, -1, 0, 0, 1, -2, 1, 0, 0, 0, 0, 0, 0, 0, 0, 0 ], 
                  [ 0, 1, -1, 0, -1, 1, -2, 0, 0, 0, 0, 0, 0, 0, 0, 0 ], [ 0, -1, 0, 1, 0, 0, 0, -2, -1, 0, 0, 0, 0, 0, 0, 0 ], 
                  [ 0, -1, 1, 1, 1, 0, 0, -1, -2, 0, 0, 0, 0, 0, 0, 0 ], [ 0, 0, 0, 0, 0, 0, 0, 0, 0, -2, 0, 0, 0, 0, 0, 0 ], 
                  [ 0, 0, 0, 0, 0, 0, 0, 0, 0, 0, -2, 0, 0, 0, 1, 0 ], [ 0, 0, 0, 0, 0, 0, 0, 0, 0, 0, 0, -2, 0, 0, 1, 0 ], [ 0, 0, 0, 0, 0, 0, 0, 0, 0, 0, 0, 0, -2, 0, 0, 0 
                     ], [ 0, 0, 0, 0, 0, 0, 0, 0, 0, 0, 0, 0, 0, -2, -1, 0 ], [ 0, 0, 0, 0, 0, 0, 0, 0, 0, 0, 1, 1, 0, -1, 16, 0 ], 
                  [ 1, 0, 0, 0, 0, 0, 0, 0, 0, 0, 0, 0, 0, 0, 0, 0 ] ] ],
          method := "Nikulin uniqueness",
          spinorPrimes := [  ] ),
      ampleflag := true,
      basisdual := [ [ 2, 0, 0, 0, 8, 2 ], [ 0, 2, 0, 0, 0, 8 ], [ 0, 0, 1, 0, 3, 10 ], [ 0, 0, 0, 1, 9, 8 ], [ 0, 0, 0, 0, 10, 10 ], [ 0, 0, 0, 0, 0, 14 ] ],
      extdeg := 1,
      extgroupgens := [ [ 2, 0, 0, 0 ], [ 0, 2, 0, 0 ], [ 0, 0, 2, 0 ], [ 0, 0, 0, 70 ] ],
      h := [ 1, 1, 2, 2, -3, -1 ],
      rho := 6,
      sprats := rec(
          nopss := [ 0, 10 ],
          scons := [ [ [ 1, 1, 6, 3, -5, -3 ], [ 1, 1, -2, 1, -1, 1 ] ], [ [ 1, 0, 1, 1, -2, 0 ], [ 1, 2, 3, 3, -4, -2 ] ], [ [ 1, 2, 1, 1, -2, -1 ], [ 1, 0, 3, 3, -4, -1 ] ]
                , [ [ 1, 1, 1, 3, -4, 0 ], [ 1, 1, 3, 1, -2, -2 ] ], [ [ 1, 1, 1, -2, 1, -1 ], [ 1, 1, 3, 6, -7, -1 ] ], [ [ 1, 0, 1, 0, -1, 0 ], [ 1, 2, 3, 4, -5, -2 ] ], 
              [ [ 1, 2, 1, 0, -1, -1 ], [ 1, 0, 3, 4, -5, -1 ] ], [ [ 1, 0, 2, 0, -1, -1 ], [ 1, 2, 2, 4, -5, -1 ] ], [ [ 1, -1, 2, 2, -3, 0 ], [ 1, 3, 2, 2, -3, -2 ] ], 
              [ [ 1, 2, 2, 0, -1, -2 ], [ 1, 0, 2, 4, -5, 0 ] ] ],
          slins := [  ] ) ), rec(
      Gram := [ [ -6, -10, -19, -25, -30, -21 ], [ -10, -36, -56, -56, -70, -70 ], [ -19, -56, -92, -97, -120, -112 ], [ -25, -56, -97, -116, -140, -112 ], 
          [ -30, -70, -120, -140, -170, -140 ], [ -21, -70, -112, -112, -140, -140 ] ],
      Trec := rec(
          count := 1,
          grams := [ [ [ 0, 0, 0, 0, 0, 0, 0, 0, 0, 0, 0, 0, 0, 0, 0, 1 ], [ 0, -2, 1, 1, 1, -1, 1, -1, -1, 0, 0, 0, 0, 0, 0, 0 ], 
                  [ 0, 1, -2, -1, -1, 0, -1, 0, 1, 0, 0, 0, 0, 0, 0, 0 ], [ 0, 1, -1, -2, 0, 0, 0, 1, 1, 0, 0, 0, 0, 0, 0, 0 ], 
                  [ 0, 1, -1, 0, -2, 1, -1, 0, 1, 0, 0, 0, 0, 0, 0, 0 ], [ 0, -1, 0, 0, 1, -2, 1, 0, 0, 0, 0, 0, 0, 0, 0, 0 ], 
                  [ 0, 1, -1, 0, -1, 1, -2, 0, 0, 0, 0, 0, 0, 0, 0, 0 ], [ 0, -1, 0, 1, 0, 0, 0, -2, -1, 0, 0, 0, 0, 0, 0, 0 ], 
                  [ 0, -1, 1, 1, 1, 0, 0, -1, -2, 0, 0, 0, 0, 0, 0, 0 ], [ 0, 0, 0, 0, 0, 0, 0, 0, 0, -2, -1, 1, 1, 0, -1, 0 ], 
                  [ 0, 0, 0, 0, 0, 0, 0, 0, 0, -1, -2, 0, 0, 0, 0, 0 ], [ 0, 0, 0, 0, 0, 0, 0, 0, 0, 1, 0, -2, 0, 0, 1, 0 ], 
                  [ 0, 0, 0, 0, 0, 0, 0, 0, 0, 1, 0, 0, -2, 0, 0, 0 ], [ 0, 0, 0, 0, 0, 0, 0, 0, 0, 0, 0, 0, 0, -2, 1, 0 ], 
                  [ 0, 0, 0, 0, 0, 0, 0, 0, 0, -1, 0, 1, 0, 1, 16, 0 ], [ 1, 0, 0, 0, 0, 0, 0, 0, 0, 0, 0, 0, 0, 0, 0, 0 ] ] ],
          method := "Nikulin uniqueness",
          spinorPrimes := [  ] ),
      ampleflag := true,
      basisdual := [ [ 1, 0, 0, 0, 4, 1 ], [ 0, 2, 0, 0, 0, 8 ], [ 0, 0, 1, 0, 3, 10 ], [ 0, 0, 0, 1, 9, 8 ], [ 0, 0, 0, 0, 10, 10 ], [ 0, 0, 0, 0, 0, 14 ] ],
      extdeg := 2,
      extgroupgens := [ [ 2, 0, 0, 0 ], [ 0, 2, 0, 0 ], [ 0, 0, 2, 0 ], [ 0, 0, 0, 35 ] ],
      h := [ 2, 1, 2, 2, -3, -1 ],
      rho := 6,
      sprats := rec(
          nopss := [ 4, 4 ],
          scons := [ [ [ 2, 2, 1, 1, -2, -1 ], [ 2, 0, 3, 3, -4, -1 ] ], [ [ 2, 0, 1, 0, -1, 0 ], [ 2, 2, 3, 4, -5, -2 ] ], [ [ 2, -1, 2, 2, -3, 0 ], [ 2, 3, 2, 2, -3, -2 ] ]
                , [ [ 2, 2, 2, 0, -1, -2 ], [ 2, 0, 2, 4, -5, 0 ] ] ],
          slins := [ [ [ 1, 0, 2, -1, 0, -1 ], [ 1, 1, 0, 3, -3, 0 ] ], [ [ 1, 1, 2, 1, -2, -1 ], [ 1, 0, 0, 1, -1, 0 ] ], [ [ 1, 0, 3, 3, -4, -1 ], [ 1, 1, -1, -1, 1, 0 ] ],
              [ [ 1, 1, 3, 0, -1, -2 ], [ 1, 0, -1, 2, -2, 1 ] ] ] ) ), rec(
      Gram := [ [ -24, -38, -1, -30, -33, -45 ], [ -38, -66, -3, -52, -55, -75 ], [ -1, -3, -4, -3, -6, 0 ], [ -30, -52, -3, -44, -44, -60 ], [ -33, -55, -6, -44, -50, -60 ],
          [ -45, -75, 0, -60, -60, -90 ] ],
      Trec := rec(
          count := 1,
          grams := [ [ [ 0, 0, 0, 0, 0, 0, 0, 0, 0, 0, 0, 0, 0, 0, 0, 1 ], [ 0, -2, 1, 1, 1, 1, -1, -1, 0, 0, 0, 0, 1, 0, 0, 0 ], 
                  [ 0, 1, -2, -1, -1, 0, 0, 1, 0, 0, 0, 0, 0, 0, 0, 0 ], [ 0, 1, -1, -2, 0, -1, 1, 0, 0, 0, 0, 0, 0, 0, 0, 0 ], 
                  [ 0, 1, -1, 0, -2, 0, 0, 1, 0, 0, 0, 0, -1, 0, 0, 0 ], [ 0, 1, 0, -1, 0, -2, 1, 0, 0, 0, 0, 0, 0, 0, 0, 0 ], 
                  [ 0, -1, 0, 1, 0, 1, -2, 0, 0, 0, 0, 0, 1, 0, 0, 0 ], [ 0, -1, 1, 0, 1, 0, 0, -2, 0, 0, 0, 0, 1, 0, 0, 0 ], 
                  [ 0, 0, 0, 0, 0, 0, 0, 0, 2, 0, 0, 0, 0, 0, 0, 0 ], [ 0, 0, 0, 0, 0, 0, 0, 0, 0, -2, 0, 0, 0, -1, -1, 0 ], 
                  [ 0, 0, 0, 0, 0, 0, 0, 0, 0, 0, -2, 0, 0, 1, 0, 0 ], [ 0, 0, 0, 0, 0, 0, 0, 0, 0, 0, 0, -2, 0, -1, -1, 0 ], 
                  [ 0, 1, 0, 0, -1, 0, 1, 1, 0, 0, 0, 0, -4, 0, 0, 0 ], [ 0, 0, 0, 0, 0, 0, 0, 0, 0, -1, 1, -1, 0, -4, -1, 0 ], 
                  [ 0, 0, 0, 0, 0, 0, 0, 0, 0, -1, 0, -1, 0, -1, -4, 0 ], [ 1, 0, 0, 0, 0, 0, 0, 0, 0, 0, 0, 0, 0, 0, 0, 0 ] ] ],
          method := "Nikulin uniqueness",
          spinorPrimes := [  ] ),
      ampleflag := true,
      basisdual := [ [ 2, 0, 0, 0, 3, 8 ], [ 0, 2, 0, 0, 3, 14 ], [ 0, 0, 1, 1, 4, 1 ], [ 0, 0, 0, 3, 3, 11 ], [ 0, 0, 0, 0, 6, 11 ], [ 0, 0, 0, 0, 0, 15 ] ],
      extdeg := 1,
      extgroupgens := [ [ 6, 0 ], [ 0, 180 ] ],
      h := [ 1, 1, 2, 0, -2, 0 ],
      rho := 6,
      sprats := rec(
          nopss := [ 0, 6 ],
          scons := [ [ [ 1, 1, 3, 0, -2, 0 ], [ 1, 1, 1, 0, -2, 0 ] ], [ [ 1, 1, 6, -1, -4, 2 ], [ 1, 1, -2, 1, 0, -2 ] ], [ [ 1, 1, 3, 1, -3, 0 ], [ 1, 1, 1, -1, -1, 0 ] ], 
              [ [ 1, 0, 1, 0, -1, 0 ], [ 1, 2, 3, 0, -3, 0 ] ], [ [ 1, -1, 2, 0, -1, 1 ], [ 1, 3, 2, 0, -3, -1 ] ], [ [ 1, 2, 1, 0, -2, -1 ], [ 1, 0, 3, 0, -2, 1 ] ] ],
          slins := [  ] ) ), rec(
      Gram := [ [ -348, -186, -213, -266, -374, -481 ], [ -186, -102, -115, -144, -202, -259 ], [ -213, -115, -132, -165, -230, -296 ], [ -266, -144, -165, -208, -288, -370 ]
            , [ -374, -202, -230, -288, -404, -518 ], [ -481, -259, -296, -370, -518, -666 ] ],
      Trec := rec(
          count := 1,
          grams := [ [ [ 0, 0, 0, 0, 0, 0, 0, 0, 0, 0, 0, 0, 0, 0, 0, 1 ], [ 0, -2, -1, -1, 1, 1, 1, 1, 1, 0, 0, 0, 0, 0, 0, 0 ], 
                  [ 0, -1, -2, 0, 1, 1, 1, 0, 1, 0, 0, 0, 0, 0, 0, 0 ], [ 0, -1, 0, -2, 1, 0, 1, 0, 1, 0, 0, 0, 0, 0, 0, 0 ], 
                  [ 0, 1, 1, 1, -2, -1, -1, 0, -1, 0, 0, 0, 0, 0, 0, 0 ], [ 0, 1, 1, 0, -1, -2, 0, 0, -1, 0, 0, 0, 0, 0, 0, 0 ], 
                  [ 0, 1, 1, 1, -1, 0, -2, 0, -1, 0, 0, 0, 0, 0, 0, 0 ], [ 0, 1, 0, 0, 0, 0, 0, -2, 0, 0, 0, 0, 0, 0, 0, 0 ], 
                  [ 0, 1, 1, 1, -1, -1, -1, 0, -2, 0, 0, 0, 0, 0, 0, 0 ], [ 0, 0, 0, 0, 0, 0, 0, 0, 0, -2, -1, 1, 0, 0, -1, 0 ], 
                  [ 0, 0, 0, 0, 0, 0, 0, 0, 0, -1, -2, 0, 0, 0, -1, 0 ], [ 0, 0, 0, 0, 0, 0, 0, 0, 0, 1, 0, -2, 0, 0, 1, 0 ], 
                  [ 0, 0, 0, 0, 0, 0, 0, 0, 0, 0, 0, 0, -2, 0, 1, 0 ], [ 0, 0, 0, 0, 0, 0, 0, 0, 0, 0, 0, 0, 0, -2, 0, 0 ], 
                  [ 0, 0, 0, 0, 0, 0, 0, 0, 0, -1, -1, 1, 1, 0, 54, 0 ], [ 1, 0, 0, 0, 0, 0, 0, 0, 0, 0, 0, 0, 0, 0, 0, 0 ] ] ],
          method := "Nikulin uniqueness",
          spinorPrimes := [  ] ),
      ampleflag := true,
      basisdual := [ [ 2, 0, 0, 0, 1, 27 ], [ 0, 2, 0, 0, 1, 15 ], [ 0, 0, 1, 1, 0, 17 ], [ 0, 0, 0, 3, 1, 21 ], [ 0, 0, 0, 0, 2, 28 ], [ 0, 0, 0, 0, 0, 37 ] ],
      extdeg := 1,
      extgroupgens := [ [ 2, 0 ], [ 0, 444 ] ],
      h := [ 1, 1, 2, 0, 0, -2 ],
      rho := 6,
      sprats := rec(
          nopss := [ 0, 6 ],
          scons := [ [ [ 1, 1, 1, -1, 0, -1 ], [ 1, 1, 3, 1, 0, -3 ] ], [ [ 1, 1, -2, 1, -1, 0 ], [ 1, 1, 6, -1, 1, -4 ] ], [ [ 1, 1, 1, 0, -2, 0 ], [ 1, 1, 3, 0, 2, -4 ] ], 
              [ [ 1, 0, 3, 0, 0, -2 ], [ 1, 2, 1, 0, 0, -2 ] ], [ [ 1, -1, 2, 0, 1, -2 ], [ 1, 3, 2, 0, -1, -2 ] ], [ [ 1, 2, 3, 0, -1, -2 ], [ 1, 0, 1, 0, 1, -2 ] ] ],
          slins := [  ] ) ), rec(
      Gram := [ [ -24, -38, -59, -56, -9, -69 ], [ -38, -66, -99, -94, -15, -115 ], [ -59, -99, -154, -149, -14, -184 ], [ -56, -94, -149, -148, -4, -184 ], 
          [ -9, -15, -14, -4, -30, 0 ], [ -69, -115, -184, -184, 0, -230 ] ],
      Trec := rec(
          count := 1,
          grams := [ [ [ -2, 1, 1, 1, -1, 1, -1, 1, 0, 0, 0, 0, 0, 0, 0, 0 ], [ 1, -2, -1, 0, 0, 0, 1, -1, 0, 0, 0, 0, 0, 0, 0, 0 ], 
                  [ 1, -1, -2, -1, 0, -1, 0, -1, 0, 0, 0, 0, 0, 0, 0, 0 ], [ 1, 0, -1, -2, 1, -1, 0, -1, 0, 0, 0, 0, 0, 0, 0, 0 ], 
                  [ -1, 0, 0, 1, -2, 1, 0, 1, 0, 0, 0, 0, 0, 0, 0, 0 ], [ 1, 0, -1, -1, 1, -2, 0, -1, 0, 0, 0, 0, 0, 0, 0, 0 ], 
                  [ -1, 1, 0, 0, 0, 0, -2, 0, 0, 0, 0, 0, 0, 0, 0, 0 ], [ 1, -1, -1, -1, 1, -1, 0, -2, 0, 0, 0, 0, 0, 0, 0, 0 ], 
                  [ 0, 0, 0, 0, 0, 0, 0, 0, -2, 1, 0, 0, 0, 1, 0, -1 ], [ 0, 0, 0, 0, 0, 0, 0, 0, 1, -2, 0, 0, 0, 0, 0, 1 ], 
                  [ 0, 0, 0, 0, 0, 0, 0, 0, 0, 0, -2, 1, -1, 0, 0, 1 ], [ 0, 0, 0, 0, 0, 0, 0, 0, 0, 0, 1, -2, 1, 0, 0, 0 ], 
                  [ 0, 0, 0, 0, 0, 0, 0, 0, 0, 0, -1, 1, -2, 0, 0, -1 ], [ 0, 0, 0, 0, 0, 0, 0, 0, 1, 0, 0, 0, 0, -2, 0, 0 ], 
                  [ 0, 0, 0, 0, 0, 0, 0, 0, 0, 0, 0, 0, 0, 0, 2, 0 ], [ 0, 0, 0, 0, 0, 0, 0, 0, -1, 1, 1, 0, -1, 0, 0, 26 ] ] ],
          method := "Nikulin uniqueness",
          spinorPrimes := [  ] ),
      ampleflag := true,
      basisdual := [ [ 2, 0, 0, 0, 5, 8 ], [ 0, 2, 0, 0, 5, 14 ], [ 0, 0, 1, 0, 5, 20 ], [ 0, 0, 0, 1, 1, 19 ], [ 0, 0, 0, 0, 10, 3 ], [ 0, 0, 0, 0, 0, 23 ] ],
      extdeg := 1,
      extgroupgens := [ [ 2, 0 ], [ 0, 460 ] ],
      h := [ 1, 1, 2, 2, -2, -4 ],
      rho := 6,
      sprats := rec(
          nopss := [ 0, 6 ],
          scons := [ [ [ 1, 1, 6, 3, -4, -8 ], [ 1, 1, -2, 1, 0, 0 ] ], [ [ 1, 1, 1, 3, -2, -4 ], [ 1, 1, 3, 1, -2, -4 ] ], [ [ 1, 0, 3, 3, -2, -5 ], [ 1, 2, 1, 1, -2, -3 ] ]
                , [ [ 1, -1, 2, 2, -1, -3 ], [ 1, 3, 2, 2, -3, -5 ] ], [ [ 1, 2, 3, 3, -3, -6 ], [ 1, 0, 1, 1, -1, -2 ] ], [ [ 1, 1, 3, 6, -3, -8 ], [ 1, 1, 1, -2, -1, 0 ] ] 
             ],
          slins := [  ] ) ), rec(
      Gram := [ [ -36, -16, -45, -38, -43, -9 ], [ -16, -10, -21, -16, -21, -3 ], [ -45, -21, -58, -49, -54, -12 ], [ -38, -16, -49, -44, -44, -12 ], 
          [ -43, -21, -54, -44, -54, -12 ], [ -9, -3, -12, -12, -12, -6 ] ],
      Trec := rec(
          count := 1,
          grams := [ [ [ -2, 1, 1, 1, -1, 1, -1, -1, 0, 0, 0, 0, 0, 0, 0, 0 ], [ 1, -2, -1, 0, 0, 0, 1, 1, 0, 0, 0, 0, 0, 0, 0, 0 ], 
                  [ 1, -1, -2, -1, 0, -1, 0, 1, 0, 0, 0, 0, 0, 0, 0, 0 ], [ 1, 0, -1, -2, 1, -1, 0, 1, 0, 0, 0, 0, 0, 0, 0, 0 ], 
                  [ -1, 0, 0, 1, -2, 1, 0, 0, 0, 0, 0, 0, 0, 0, 0, 0 ], [ 1, 0, -1, -1, 1, -2, 0, 0, 0, 0, 0, 0, 0, 0, 0, 0 ], 
                  [ -1, 1, 0, 0, 0, 0, -2, -1, 0, 0, 0, 0, 0, 0, 0, 0 ], [ -1, 1, 1, 1, 0, 0, -1, -2, 0, 0, 0, 0, 0, 0, 0, 0 ], 
                  [ 0, 0, 0, 0, 0, 0, 0, 0, -2, 0, -1, -1, -1, -1, -1, 0 ], [ 0, 0, 0, 0, 0, 0, 0, 0, 0, -2, 0, 0, -1, -1, -1, 0 ], 
                  [ 0, 0, 0, 0, 0, 0, 0, 0, -1, 0, -2, 2, -1, -1, -1, 0 ], [ 0, 0, 0, 0, 0, 0, 0, 0, -1, 0, 2, -2, -1, -1, 0, 0 ], 
                  [ 0, 0, 0, 0, 0, 0, 0, 0, -1, -1, -1, -1, -4, -2, 0, 0 ], [ 0, 0, 0, 0, 0, 0, 0, 0, -1, -1, -1, -1, -2, -4, -2, 0 ], 
                  [ 0, 0, 0, 0, 0, 0, 0, 0, -1, -1, -1, 0, 0, -2, -4, 0 ], [ 0, 0, 0, 0, 0, 0, 0, 0, 0, 0, 0, 0, 0, 0, 0, 2 ] ] ],
          method := "Nikulin uniqueness",
          spinorPrimes := [  ] ),
      ampleflag := true,
      basisdual := [ [ 2, 0, 0, 4, 9, 0 ], [ 0, 2, 0, 0, 5, 0 ], [ 0, 0, 1, 4, 9, 0 ], [ 0, 0, 0, 5, 5, 1 ], [ 0, 0, 0, 0, 10, 1 ], [ 0, 0, 0, 0, 0, 3 ] ],
      extdeg := 1,
      extgroupgens := [ [ 10, 0 ], [ 0, 60 ] ],
      h := [ 1, 1, 2, -2, -2, 2 ],
      rho := 6,
      sprats := rec(
          nopss := [ 0, 8 ],
          scons := [ [ [ 1, 1, 1, -1, -2, 2 ], [ 1, 1, 3, -3, -2, 2 ] ], [ [ 1, 1, 3, -2, -3, 2 ], [ 1, 1, 1, -2, -1, 2 ] ], [ [ 1, 1, -2, 1, 0, 0 ], [ 1, 1, 6, -5, -4, 4 ] ]
                , [ [ 1, 2, 3, -3, -3, 3 ], [ 1, 0, 1, -1, -1, 1 ] ], [ [ 1, 0, 3, -3, -2, 2 ], [ 1, 2, 1, -1, -2, 2 ] ], [ [ 1, 2, 1, -1, -2, 1 ], [ 1, 0, 3, -3, -2, 3 ] ], 
              [ [ 1, 0, 1, -1, -1, 0 ], [ 1, 2, 3, -3, -3, 4 ] ], [ [ 1, 3, 2, -2, -3, 3 ], [ 1, -1, 2, -2, -1, 1 ] ] ],
          slins := [  ] ) ), rec(
      Gram := [ [ -2, 4, 8, 4, 10, 6 ], [ 4, -10, -18, -6, -24, -18 ], [ 8, -18, -40, -15, -54, -36 ], [ 4, -6, -15, -8, -20, -12 ], [ 10, -24, -54, -20, -74, -48 ], 
          [ 6, -18, -36, -12, -48, -36 ] ],
      Trec := rec(
          count := 1,
          grams := [ [ [ 0, 0, 0, 0, 0, 0, 0, 0, 0, 0, 0, 0, 0, 0, 0, 1 ], [ 0, 0, 0, 0, 0, 0, 0, 0, 0, 0, 0, 0, 0, 0, 1, 0 ], 
                  [ 0, 0, -2, 1, -1, 1, 1, -1, -1, 1, 0, 0, 0, 0, 0, 0 ], [ 0, 0, 1, -2, 0, -1, -1, 1, 0, -1, 0, 0, 0, 0, 0, 0 ], 
                  [ 0, 0, -1, 0, -2, 1, 0, -1, 0, 1, 0, 0, 0, 0, 0, 0 ], [ 0, 0, 1, -1, 1, -2, -1, 1, 0, -1, 0, 0, 0, 0, 0, 0 ], 
                  [ 0, 0, 1, -1, 0, -1, -2, 0, 0, -1, 0, 0, 0, 0, 0, 0 ], [ 0, 0, -1, 1, -1, 1, 0, -2, 0, 1, 0, 0, 0, 0, 0, 0 ], 
                  [ 0, 0, -1, 0, 0, 0, 0, 0, -2, 0, 0, 0, 0, 0, 0, 0 ], [ 0, 0, 1, -1, 1, -1, -1, 1, 0, -2, 0, 0, 0, 0, 0, 0 ], 
                  [ 0, 0, 0, 0, 0, 0, 0, 0, 0, 0, -4, -2, 0, 0, 0, 0 ], [ 0, 0, 0, 0, 0, 0, 0, 0, 0, 0, -2, -4, 0, 0, 0, 0 ], 
                  [ 0, 0, 0, 0, 0, 0, 0, 0, 0, 0, 0, 0, -4, 2, 0, 0 ], [ 0, 0, 0, 0, 0, 0, 0, 0, 0, 0, 0, 0, 2, -10, 0, 0 ], 
                  [ 0, 1, 0, 0, 0, 0, 0, 0, 0, 0, 0, 0, 0, 0, 0, 0 ], [ 1, 0, 0, 0, 0, 0, 0, 0, 0, 0, 0, 0, 0, 0, 0, 0 ] ] ],
          method := "Nikulin uniqueness",
          spinorPrimes := [  ] ),
      ampleflag := true,
      basisdual := [ [ 2, 0, 0, 0, 0, 0 ], [ 0, 2, 0, 0, 0, 4 ], [ 0, 0, 1, 1, 4, 4 ], [ 0, 0, 0, 3, 3, 1 ], [ 0, 0, 0, 0, 6, 4 ], [ 0, 0, 0, 0, 0, 6 ] ],
      extdeg := 1,
      extgroupgens := [ [ 2, 0, 0, 0 ], [ 0, 2, 0, 0 ], [ 0, 0, 6, 0 ], [ 0, 0, 0, 18 ] ],
      h := [ 1, 1, 2, 0, -1, -1 ],
      rho := 6,
      sprats := rec(
          nopss := [ 0, 12 ],
          scons := [ [ [ 1, 2, 1, 0, 0, -2 ], [ 1, 0, 3, 0, -2, 0 ] ], [ [ 1, 0, 1, 0, 0, -1 ], [ 1, 2, 3, 0, -2, -1 ] ], [ [ 1, 1, 3, 0, -1, -2 ], [ 1, 1, 1, 0, -1, 0 ] ], 
              [ [ 1, 1, 1, -1, 0, -1 ], [ 1, 1, 3, 1, -2, -1 ] ], [ [ 1, 2, 3, -1, -1, -2 ], [ 1, 0, 1, 1, -1, 0 ] ], [ [ 1, 0, 3, -1, -1, -1 ], [ 1, 2, 1, 1, -1, -1 ] ], 
              [ [ 1, 2, 4, -1, -2, -2 ], [ 1, 0, 0, 1, 0, 0 ] ], [ [ 1, 0, 4, -1, -2, -1 ], [ 1, 2, 0, 1, 0, -1 ] ], [ [ 1, 1, 6, -1, -3, -2 ], [ 1, 1, -2, 1, 1, 0 ] ], 
              [ [ 1, 2, 0, 0, 0, -1 ], [ 1, 0, 4, 0, -2, -1 ] ], [ [ 1, 3, 2, 0, -1, -2 ], [ 1, -1, 2, 0, -1, 0 ] ], [ [ 1, 0, 0, 0, 0, 0 ], [ 1, 2, 4, 0, -2, -2 ] ] ],
          slins := [  ] ) ), rec(
      Gram := [ [ -14, -10, -23, -8, -32, -21 ], [ -10, -10, -18, -6, -24, -18 ], [ -23, -18, -40, -15, -54, -36 ], [ -8, -6, -15, -8, -20, -12 ], 
          [ -32, -24, -54, -20, -74, -48 ], [ -21, -18, -36, -12, -48, -36 ] ],
      Trec := rec(
          count := 1,
          grams := [ [ [ 0, 0, 0, 0, 0, 0, 0, 0, 0, 0, 0, 0, 0, 0, 0, 1 ], [ 0, 0, 0, 0, 0, 0, 0, 0, 0, 0, 0, 0, 0, 0, 1, 0 ], 
                  [ 0, 0, -2, 1, -1, -1, 1, -1, 1, 0, 0, 0, 1, 0, 0, 0 ], [ 0, 0, 1, -2, 0, 1, 0, 1, -1, 0, 0, 0, -1, 0, 0, 0 ], 
                  [ 0, 0, -1, 0, -2, -1, 1, 0, 0, 0, 0, 0, 0, 0, 0, 0 ], [ 0, 0, -1, 1, -1, -2, 0, -1, 1, 0, 0, 0, 0, 0, 0, 0 ], 
                  [ 0, 0, 1, 0, 1, 0, -2, 0, 0, 0, 0, 0, -1, 0, 0, 0 ], [ 0, 0, -1, 1, 0, -1, 0, -2, 1, 0, 0, 0, 1, 0, 0, 0 ], 
                  [ 0, 0, 1, -1, 0, 1, 0, 1, -2, 0, 0, 0, -1, 0, 0, 0 ], [ 0, 0, 0, 0, 0, 0, 0, 0, 0, -2, -1, -1, 0, -1, 0, 0 ], 
                  [ 0, 0, 0, 0, 0, 0, 0, 0, 0, -1, -2, 0, 0, 0, 0, 0 ], [ 0, 0, 0, 0, 0, 0, 0, 0, 0, -1, 0, -2, 0, 0, 0, 0 ], 
                  [ 0, 0, 1, -1, 0, 0, -1, 1, -1, 0, 0, 0, -4, 0, 0, 0 ], [ 0, 0, 0, 0, 0, 0, 0, 0, 0, -1, 0, 0, 0, -4, 0, 0 ], 
                  [ 0, 1, 0, 0, 0, 0, 0, 0, 0, 0, 0, 0, 0, 0, 0, 0 ], [ 1, 0, 0, 0, 0, 0, 0, 0, 0, 0, 0, 0, 0, 0, 0, 0 ] ] ],
          method := "Nikulin uniqueness",
          spinorPrimes := [  ] ),
      ampleflag := true,
      basisdual := [ [ 1, 0, 0, 0, 3, 2 ], [ 0, 2, 0, 0, 0, 4 ], [ 0, 0, 1, 1, 4, 4 ], [ 0, 0, 0, 3, 3, 1 ], [ 0, 0, 0, 0, 6, 4 ], [ 0, 0, 0, 0, 0, 6 ] ],
      extdeg := 2,
      extgroupgens := [ [ 2, 0, 0, 0 ], [ 0, 2, 0, 0 ], [ 0, 0, 6, 0 ], [ 0, 0, 0, 9 ] ],
      h := [ 2, 1, 2, 0, -2, -1 ],
      rho := 6,
      sprats := rec(
          nopss := [ 5, 2 ],
          scons := [ [ [ 2, 3, 2, 0, -2, -2 ], [ 2, -1, 2, 0, -2, 0 ] ], [ [ 2, 0, 0, 0, -1, 0 ], [ 2, 2, 4, 0, -3, -2 ] ] ],
          slins := [ [ [ 1, 0, 2, -1, -1, -1 ], [ 1, 1, 0, 1, -1, 0 ] ], [ [ 1, 1, 0, 0, 0, -1 ], [ 1, 0, 2, 0, -2, 0 ] ], [ [ 1, 1, 1, 0, -1, -1 ], [ 1, 0, 1, 0, -1, 0 ] ], 
              [ [ 1, 0, 3, 0, -2, -1 ], [ 1, 1, -1, 0, 0, 0 ] ], [ [ 1, 0, -1, 1, 0, 0 ], [ 1, 1, 3, -1, -2, -1 ] ] ] ) ), rec(
      Gram := [ [ -18, -7, 8, 6, 12, -30 ], [ -7, -4, 0, 0, 0, -15 ], [ 8, 0, -22, -15, -36, 0 ], [ 6, 0, -15, -12, -24, 0 ], [ 12, 0, -36, -24, -60, 0 ], 
          [ -30, -15, 0, 0, 0, -60 ] ],
      Trec := rec(
          count := 1,
          grams := [ [ [ 0, 0, 0, 0, 0, 0, 0, 0, 0, 0, 0, 0, 0, 0, 0, 1 ], [ 0, -2, 1, 1, 1, 1, 1, -1, -1, 0, -1, -1, 1, -1, 0, 0 ], 
                  [ 0, 1, -2, -1, -1, -1, 0, 0, 0, 0, 0, 0, 0, 1, 0, 0 ], [ 0, 1, -1, -2, -1, -1, 0, 0, 0, 0, 1, 1, -1, 0, 0, 0 ], 
                  [ 0, 1, -1, -1, -2, -1, 0, 0, 0, 0, 0, 1, -1, 1, 0, 0 ], [ 0, 1, -1, -1, -1, -2, 0, 0, 0, 0, 1, 0, 0, 0, 0, 0 ], 
                  [ 0, 1, 0, 0, 0, 0, -2, 1, 1, 0, 0, 1, 0, 1, 0, 0 ], [ 0, -1, 0, 0, 0, 0, 1, -2, -1, 0, 0, -1, 0, -1, 0, 0 ], 
                  [ 0, -1, 0, 0, 0, 0, 1, -1, -2, 0, 0, -1, 0, -1, 0, 0 ], [ 0, 0, 0, 0, 0, 0, 0, 0, 0, -2, -1, -1, 0, 0, 0, 0 ], 
                  [ 0, -1, 0, 1, 0, 1, 0, 0, 0, -1, -4, -1, 1, 1, 0, 0 ], [ 0, -1, 0, 1, 1, 0, 1, -1, -1, -1, -1, -4, 1, -1, 0, 0 ], 
                  [ 0, 1, 0, -1, -1, 0, 0, 0, 0, 0, 1, 1, -4, 1, 0, 0 ], [ 0, -1, 1, 0, 1, 0, 1, -1, -1, 0, 1, -1, 1, -4, 0, 0 ], 
                  [ 0, 0, 0, 0, 0, 0, 0, 0, 0, 0, 0, 0, 0, 0, 10, 0 ], [ 1, 0, 0, 0, 0, 0, 0, 0, 0, 0, 0, 0, 0, 0, 0, 0 ] ] ],
          method := "Nikulin uniqueness",
          spinorPrimes := [  ] ),
      ampleflag := true,
      basisdual := [ [ 2, 0, 0, 0, 0, 9 ], [ 0, 1, 0, 0, 0, 4 ], [ 0, 0, 1, 1, 7, 0 ], [ 0, 0, 0, 3, 3, 0 ], [ 0, 0, 0, 0, 12, 0 ], [ 0, 0, 0, 0, 0, 15 ] ],
      extdeg := 1,
      extgroupgens := [ [ 3, 0, 0 ], [ 0, 6, 0 ], [ 0, 0, 60 ] ],
      h := [ 1, 2, 2, 0, -1, -1 ],
      rho := 6,
      sprats := rec(
          nopss := [ 0, 7 ],
          scons := [ [ [ 1, 1, 2, 0, -1, -1 ], [ 1, 3, 2, 0, -1, -1 ] ], [ [ 1, 6, 2, 0, -1, -2 ], [ 1, -2, 2, 0, -1, 0 ] ], [ [ 1, 2, 1, -1, 0, -1 ], [ 1, 2, 3, 1, -2, -1 ] 
                 ], [ [ 1, 2, 3, -1, -1, -1 ], [ 1, 2, 1, 1, -1, -1 ] ], [ [ 1, 2, -2, 1, 1, -1 ], [ 1, 2, 6, -1, -3, -1 ] ], 
              [ [ 1, 2, 0, 1, 0, -1 ], [ 1, 2, 4, -1, -2, -1 ] ], [ [ 1, 2, 0, 0, 0, -1 ], [ 1, 2, 4, 0, -2, -1 ] ] ],
          slins := [  ] ) ), rec(
      Gram := [ [ -14, -6, -52, 2, -26, -80 ], [ -6, -4, -28, -2, -15, -40 ], [ -52, -28, -218, -7, -112, -320 ], [ 2, -2, -7, -12, -8, 0 ], [ -26, -15, -112, -8, -60, -160 ]
            , [ -80, -40, -320, 0, -160, -480 ] ],
      Trec := rec(
          count := 1,
          grams := [ [ [ -2, 1, 1, 1, -1, 1, -1, -1, 0, 0, 0, 0, 0, 0, 0, 0 ], [ 1, -2, -1, -1, 0, -1, 0, 1, 0, 0, 0, 0, 0, 0, 0, 0 ], 
                  [ 1, -1, -2, 0, 0, 0, 1, 1, 0, 0, 0, 0, 0, 0, 0, 0 ], [ 1, -1, 0, -2, 1, -1, 0, 1, 0, 0, 0, 0, 0, 0, 0, 0 ], 
                  [ -1, 0, 0, 1, -2, 1, 0, 0, 0, 0, 0, 0, 0, 0, 0, 0 ], [ 1, -1, 0, -1, 1, -2, 0, 0, 0, 0, 0, 0, 0, 0, 0, 0 ], 
                  [ -1, 0, 1, 0, 0, 0, -2, -1, 0, 0, 0, 0, 0, 0, 0, 0 ], [ -1, 1, 1, 1, 0, 0, -1, -2, 0, 0, 0, 0, 0, 0, 0, 0 ], 
                  [ 0, 0, 0, 0, 0, 0, 0, 0, -2, 0, 1, -1, 1, 0, 1, 0 ], [ 0, 0, 0, 0, 0, 0, 0, 0, 0, -2, -1, 0, 0, -1, 0, 0 ], 
                  [ 0, 0, 0, 0, 0, 0, 0, 0, 1, -1, -2, 2, -1, 0, 1, -1 ], [ 0, 0, 0, 0, 0, 0, 0, 0, -1, 0, 2, -2, 0, 0, 2, 0 ], 
                  [ 0, 0, 0, 0, 0, 0, 0, 0, 1, 0, -1, 0, 2, 0, -1, 1 ], [ 0, 0, 0, 0, 0, 0, 0, 0, 0, -1, 0, 0, 0, -4, -1, -1 ], 
                  [ 0, 0, 0, 0, 0, 0, 0, 0, 1, 0, 1, 2, -1, -1, 2, 0 ], [ 0, 0, 0, 0, 0, 0, 0, 0, 0, 0, -1, 0, 1, -1, 0, -4 ] ] ],
          method := "Nikulin uniqueness",
          spinorPrimes := [  ] ),
      ampleflag := true,
      basisdual := [ [ 2, 0, 0, 0, 2, 8 ], [ 0, 1, 0, 0, 1, 4 ], [ 0, 0, 1, 1, 3, 28 ], [ 0, 0, 0, 3, 3, 2 ], [ 0, 0, 0, 0, 4, 15 ], [ 0, 0, 0, 0, 0, 40 ] ],
      extdeg := 1,
      extgroupgens := [ [ 2, 0 ], [ 0, 480 ] ],
      h := [ 1, 2, 2, 0, -2, -1 ],
      rho := 6,
      sprats := rec(
          nopss := [ 0, 7 ],
          scons := [ [ [ 1, 6, 2, 0, -3, -1 ], [ 1, -2, 2, 0, -1, -1 ] ], [ [ 1, 1, 2, 0, -2, -1 ], [ 1, 3, 2, 0, -2, -1 ] ], 
              [ [ 1, 2, 3, -1, -1, -2 ], [ 1, 2, 1, 1, -3, 0 ] ], [ [ 1, 2, 1, -1, 0, -1 ], [ 1, 2, 3, 1, -4, -1 ] ], 
              [ [ 1, 2, 6, -1, -4, -3 ], [ 1, 2, -2, 1, 0, 1 ] ], [ [ 1, 2, 4, -1, -3, -2 ], [ 1, 2, 0, 1, -1, 0 ] ], [ [ 1, 2, 4, 0, -3, -2 ], [ 1, 2, 0, 0, -1, 0 ] ] ],
          slins := [  ] ) ), rec(
      Gram := [ [ -90, -130, -110, -56, 12, -174 ], [ -130, -196, -174, -87, 0, -261 ], [ -110, -174, -168, -81, -28, -232 ], [ -56, -87, -81, -40, -8, -116 ], 
          [ 12, 0, -28, -8, -60, 0 ], [ -174, -261, -232, -116, 0, -348 ] ],
      Trec := rec(
          count := 1,
          grams := [ [ [ 0, 0, 0, 0, 0, 0, 0, 0, 0, 0, 0, 0, 0, 0, 0, 1 ], [ 0, -2, -1, -1, 1, 1, -1, -1, 1, 0, 0, 0, 0, 0, 0, 0 ], 
                  [ 0, -1, -2, 0, 1, 1, -1, 0, 1, 0, 0, 0, 0, 0, 0, 0 ], [ 0, -1, 0, -2, 1, 0, -1, 0, 1, 0, 0, 0, 0, 0, 0, 0 ], 
                  [ 0, 1, 1, 1, -2, -1, 1, 0, -1, 0, 0, 0, 0, 0, 0, 0 ], [ 0, 1, 1, 0, -1, -2, 1, 1, -1, 0, 0, 0, 0, 0, 0, 0 ], 
                  [ 0, -1, -1, -1, 1, 1, -2, 0, 1, 0, 0, 0, 0, 0, 0, 0 ], [ 0, -1, 0, 0, 0, 1, 0, -2, 0, 0, 0, 0, 0, 0, 0, 0 ], 
                  [ 0, 1, 1, 1, -1, -1, 1, 0, -2, 0, 0, 0, 0, 0, 0, 0 ], [ 0, 0, 0, 0, 0, 0, 0, 0, 0, -2, 0, 0, 0, 1, 0, 0 ], 
                  [ 0, 0, 0, 0, 0, 0, 0, 0, 0, 0, -2, 1, 1, 0, 0, 0 ], [ 0, 0, 0, 0, 0, 0, 0, 0, 0, 0, 1, -2, 0, 0, 0, 0 ], [ 0, 0, 0, 0, 0, 0, 0, 0, 0, 0, 1, 0, -2, 0, 0, 0 
                     ], [ 0, 0, 0, 0, 0, 0, 0, 0, 0, 1, 0, 0, 0, -2, 0, 0 ], [ 0, 0, 0, 0, 0, 0, 0, 0, 0, 0, 0, 0, 0, 0, 58, 0 ], 
                  [ 1, 0, 0, 0, 0, 0, 0, 0, 0, 0, 0, 0, 0, 0, 0, 0 ] ] ],
          method := "Nikulin uniqueness",
          spinorPrimes := [  ] ),
      ampleflag := true,
      basisdual := [ [ 2, 0, 0, 0, 0, 14 ], [ 0, 1, 0, 0, 0, 22 ], [ 0, 0, 1, 0, 6, 23 ], [ 0, 0, 0, 1, 1, 11 ], [ 0, 0, 0, 0, 12, 8 ], [ 0, 0, 0, 0, 0, 29 ] ],
      extdeg := 1,
      extgroupgens := [ [ 2, 0 ], [ 0, 348 ] ],
      h := [ 1, 2, 2, 2, -1, -4 ],
      rho := 6,
      sprats := rec(
          nopss := [ 0, 9 ],
          scons := [ [ [ 1, -2, 2, 2, -1, -1 ], [ 1, 6, 2, 2, -1, -7 ] ], [ [ 1, 2, 1, 4, -1, -4 ], [ 1, 2, 3, 0, -1, -4 ] ], 
              [ [ 1, 2, 3, 6, -2, -6 ], [ 1, 2, 1, -2, 0, -2 ] ], [ [ 1, 2, 4, 1, -2, -5 ], [ 1, 2, 0, 3, 0, -3 ] ], 
              [ [ 1, 2, 6, 3, -3, -7 ], [ 1, 2, -2, 1, 1, -1 ] ], [ [ 1, 3, 4, 2, -2, -6 ], [ 1, 1, 0, 2, 0, -2 ] ], [ [ 1, 1, 2, 1, -1, -3 ], [ 1, 3, 2, 3, -1, -5 ] ], 
              [ [ 1, 2, 0, 0, 0, -2 ], [ 1, 2, 4, 4, -2, -6 ] ], [ [ 1, 1, 4, 3, -2, -5 ], [ 1, 3, 0, 1, 0, -3 ] ] ],
          slins := [  ] ) ), rec(
      Gram := [ [ -126, -178, -162, -76, -234, -246 ], [ -178, -292, -250, -137, -399, -369 ], [ -162, -250, -220, -113, -336, -328 ], [ -76, -137, -113, -68, -192, -164 ], 
          [ -234, -399, -336, -192, -552, -492 ], [ -246, -369, -328, -164, -492, -492 ] ],
      Trec := rec(
          count := 1,
          grams := [ [ [ 0, 0, 0, 0, 0, 0, 0, 0, 0, 0, 0, 0, 0, 0, 0, 1 ], [ 0, -2, -1, -1, 1, 1, 1, 1, 1, 0, 0, 0, 0, 0, 0, 0 ], 
                  [ 0, -1, -2, 0, 1, 1, 1, 0, 1, 0, 0, 0, 0, 0, 0, 0 ], [ 0, -1, 0, -2, 1, 0, 1, 0, 1, 0, 0, 0, 0, 0, 0, 0 ], 
                  [ 0, 1, 1, 1, -2, -1, -1, 0, -1, 0, 0, 0, 0, 0, 0, 0 ], [ 0, 1, 1, 0, -1, -2, 0, 0, -1, 0, 0, 0, 0, 0, 0, 0 ], 
                  [ 0, 1, 1, 1, -1, 0, -2, 0, -1, 0, 0, 0, 0, 0, 0, 0 ], [ 0, 1, 0, 0, 0, 0, 0, -2, 0, 0, 0, 0, 0, 0, 0, 0 ], 
                  [ 0, 1, 1, 1, -1, -1, -1, 0, -2, 0, 0, 0, 0, 0, 0, 0 ], [ 0, 0, 0, 0, 0, 0, 0, 0, 0, -2, -1, 1, 0, 0, -1, 0 ], 
                  [ 0, 0, 0, 0, 0, 0, 0, 0, 0, -1, -2, 0, 0, 0, -1, 0 ], [ 0, 0, 0, 0, 0, 0, 0, 0, 0, 1, 0, -2, 0, 0, 1, 0 ], 
                  [ 0, 0, 0, 0, 0, 0, 0, 0, 0, 0, 0, 0, -2, 0, 1, 0 ], [ 0, 0, 0, 0, 0, 0, 0, 0, 0, 0, 0, 0, 0, -2, 0, 0 ], 
                  [ 0, 0, 0, 0, 0, 0, 0, 0, 0, -1, -1, 1, 1, 0, 60, 0 ], [ 1, 0, 0, 0, 0, 0, 0, 0, 0, 0, 0, 0, 0, 0, 0, 0 ] ] ],
          method := "Nikulin uniqueness",
          spinorPrimes := [  ] ),
      ampleflag := true,
      basisdual := [ [ 2, 0, 0, 0, 0, 22 ], [ 0, 1, 0, 0, 6, 30 ], [ 0, 0, 1, 0, 2, 27 ], [ 0, 0, 0, 1, 5, 13 ], [ 0, 0, 0, 0, 12, 39 ], [ 0, 0, 0, 0, 0, 41 ] ],
      extdeg := 1,
      extgroupgens := [ [ 2, 0 ], [ 0, 492 ] ],
      h := [ 1, 2, 2, 2, -2, -2 ],
      rho := 6,
      sprats := rec(
          nopss := [ 0, 7 ],
          scons := [ [ [ 1, 6, 2, 2, -4, -3 ], [ 1, -2, 2, 2, 0, -1 ] ], [ [ 1, 3, 2, 3, -3, -2 ], [ 1, 1, 2, 1, -1, -2 ] ], [ [ 1, 2, 4, 1, -2, -3 ], [ 1, 2, 0, 3, -2, -1 ] 
                 ], [ [ 1, 2, 6, 3, -3, -4 ], [ 1, 2, -2, 1, -1, 0 ] ], [ [ 1, 2, 1, -2, 0, -2 ], [ 1, 2, 3, 6, -4, -2 ] ], [ [ 1, 2, 0, 0, -1, -1 ], [ 1, 2, 4, 4, -3, -3 ] ]
                , [ [ 1, 2, 3, 0, -1, -3 ], [ 1, 2, 1, 4, -3, -1 ] ] ],
          slins := [  ] ) ), rec(
      Gram := [ [ -102, -157, -136, -66, -210, -192 ], [ -157, -250, -213, -102, -333, -288 ], [ -136, -213, -184, -89, -284, -256 ], [ -66, -102, -89, -44, -136, -128 ], 
          [ -210, -333, -284, -136, -444, -384 ], [ -192, -288, -256, -128, -384, -384 ] ],
      Trec := rec(
          count := 1,
          grams := [ [ [ 0, 0, 0, 0, 0, 0, 0, 0, 0, 0, 0, 0, 0, 0, 0, 1 ], [ 0, -2, -1, -1, -1, 1, 1, -1, 1, 0, 0, 0, 0, 0, 0, 0 ], 
                  [ 0, -1, -2, 0, -1, 1, 1, 0, 1, 0, 0, 0, 0, 0, 0, 0 ], [ 0, -1, 0, -2, -1, 0, 1, -1, 1, 0, 0, 0, 0, 0, 0, 0 ], 
                  [ 0, -1, -1, -1, -2, 0, 1, 0, 1, 0, 0, 0, 0, 0, 0, 0 ], [ 0, 1, 1, 0, 0, -2, 0, 0, -1, 0, 0, 0, 0, 0, 0, 0 ], 
                  [ 0, 1, 1, 1, 1, 0, -2, 1, -1, 0, 0, 0, 0, 0, 0, 0 ], [ 0, -1, 0, -1, 0, 0, 1, -2, 0, 0, 0, 0, 0, 0, 0, 0 ], 
                  [ 0, 1, 1, 1, 1, -1, -1, 0, -2, 0, 0, 0, 0, 0, 0, 0 ], [ 0, 0, 0, 0, 0, 0, 0, 0, 0, -2, 1, 1, 0, 0, -1, 0 ], 
                  [ 0, 0, 0, 0, 0, 0, 0, 0, 0, 1, -2, -1, 0, 0, 0, 0 ], [ 0, 0, 0, 0, 0, 0, 0, 0, 0, 1, -1, -4, 0, 1, 0, 0 ], 
                  [ 0, 0, 0, 0, 0, 0, 0, 0, 0, 0, 0, 0, 4, 1, 1, 0 ], [ 0, 0, 0, 0, 0, 0, 0, 0, 0, 0, 0, 1, 1, -4, 2, 0 ], 
                  [ 0, 0, 0, 0, 0, 0, 0, 0, 0, -1, 0, 0, 1, 2, -6, 0 ], [ 1, 0, 0, 0, 0, 0, 0, 0, 0, 0, 0, 0, 0, 0, 0, 0 ] ] ],
          method := "Nikulin uniqueness",
          spinorPrimes := [  ] ),
      ampleflag := true,
      basisdual := [ [ 2, 0, 0, 0, 6, 15 ], [ 0, 1, 0, 0, 9, 19 ], [ 0, 0, 1, 0, 6, 18 ], [ 0, 0, 0, 1, 1, 10 ], [ 0, 0, 0, 0, 12, 25 ], [ 0, 0, 0, 0, 0, 32 ] ],
      extdeg := 1,
      extgroupgens := [ [ 2, 0 ], [ 0, 384 ] ],
      h := [ 1, 2, 2, 2, -3, -1 ],
      rho := 6,
      sprats := rec(
          nopss := [ 0, 8 ],
          scons := [ [ [ 1, -2, 2, 2, 0, -1 ], [ 1, 6, 2, 2, -6, -1 ] ], [ [ 1, 2, 6, 3, -5, -2 ], [ 1, 2, -2, 1, -1, 0 ] ], [ [ 1, 2, 4, 1, -4, -1 ], [ 1, 2, 0, 3, -2, -1 ] 
                 ], [ [ 1, 2, 3, 6, -4, -2 ], [ 1, 2, 1, -2, -2, 0 ] ], [ [ 1, 2, 4, 4, -4, -2 ], [ 1, 2, 0, 0, -2, 0 ] ], [ [ 1, 1, 1, 3, -2, -1 ], [ 1, 3, 3, 1, -4, -1 ] ],
              [ [ 1, 2, 1, 4, -3, -1 ], [ 1, 2, 3, 0, -3, -1 ] ], [ [ 1, 1, 2, 1, -2, -1 ], [ 1, 3, 2, 3, -4, -1 ] ] ],
          slins := [  ] ) ), rec(
      Gram := [ [ -14, 1, 8, 6, 12, -22 ], [ 1, -18, -18, -12, -30, -11 ], [ 8, -18, -22, -15, -36, 0 ], [ 6, -12, -15, -12, -24, 0 ], [ 12, -30, -36, -24, -60, 0 ], 
          [ -22, -11, 0, 0, 0, -44 ] ],
      Trec := rec(
          count := 1,
          grams := [ [ [ 0, 0, 0, 0, 0, 0, 0, 0, 0, 0, 0, 0, 0, 0, 0, 1 ], [ 0, -2, -1, -1, -1, 1, -1, -1, 1, 0, 0, 0, 0, 0, 0, 0 ], 
                  [ 0, -1, -2, 0, 0, 1, -1, -1, 1, 0, 0, 0, 0, 0, 0, 0 ], [ 0, -1, 0, -2, 0, 0, -1, -1, 1, 0, 0, 0, 0, 0, 0, 0 ], 
                  [ 0, -1, 0, 0, -2, 0, 0, 0, 0, 0, 0, 0, 0, 0, 0, 0 ], [ 0, 1, 1, 0, 0, -2, 1, 1, -1, 0, 0, 0, 0, 0, 0, 0 ], 
                  [ 0, -1, -1, -1, 0, 1, -2, -1, 1, 0, 0, 0, 0, 0, 0, 0 ], [ 0, -1, -1, -1, 0, 1, -1, -2, 1, 0, 0, 0, 0, 0, 0, 0 ], 
                  [ 0, 1, 1, 1, 0, -1, 1, 1, -2, 0, 0, 0, 0, 0, 0, 0 ], [ 0, 0, 0, 0, 0, 0, 0, 0, 0, -2, 0, 0, 0, 1, 0, 0 ], 
                  [ 0, 0, 0, 0, 0, 0, 0, 0, 0, 0, 2, 0, 0, 0, 1, 0 ], [ 0, 0, 0, 0, 0, 0, 0, 0, 0, 0, 0, -2, 0, 0, 0, 0 ], [ 0, 0, 0, 0, 0, 0, 0, 0, 0, 0, 0, 0, -2, 1, 0, 0 ]
                    , [ 0, 0, 0, 0, 0, 0, 0, 0, 0, 1, 0, 0, 1, -4, 0, 0 ], [ 0, 0, 0, 0, 0, 0, 0, 0, 0, 0, 1, 0, 0, 0, -16, 0 ], 
                  [ 1, 0, 0, 0, 0, 0, 0, 0, 0, 0, 0, 0, 0, 0, 0, 0 ] ] ],
          method := "Nikulin uniqueness",
          spinorPrimes := [  ] ),
      ampleflag := true,
      basisdual := [ [ 2, 0, 0, 0, 0, 5 ], [ 0, 1, 0, 0, 6, 6 ], [ 0, 0, 1, 1, 7, 4 ], [ 0, 0, 0, 3, 3, 3 ], [ 0, 0, 0, 0, 12, 6 ], [ 0, 0, 0, 0, 0, 11 ] ],
      extdeg := 1,
      extgroupgens := [ [ 6, 0 ], [ 0, 132 ] ],
      h := [ 1, 2, 2, 0, -2, -1 ],
      rho := 6,
      sprats := rec(
          nopss := [ 0, 8 ],
          scons := [ [ [ 1, 6, 2, 0, -4, -2 ], [ 1, -2, 2, 0, 0, 0 ] ], [ [ 1, 2, 1, -1, -1, -1 ], [ 1, 2, 3, 1, -3, -1 ] ], 
              [ [ 1, 2, 3, -1, -2, -1 ], [ 1, 2, 1, 1, -2, -1 ] ], [ [ 1, 2, 4, -1, -3, -1 ], [ 1, 2, 0, 1, -1, -1 ] ], 
              [ [ 1, 2, 6, -1, -4, -1 ], [ 1, 2, -2, 1, 0, -1 ] ], [ [ 1, 2, 0, 0, -1, -1 ], [ 1, 2, 4, 0, -3, -1 ] ], [ [ 1, 1, 1, 0, -1, -1 ], [ 1, 3, 3, 0, -3, -1 ] ], 
              [ [ 1, 3, 1, 0, -2, -1 ], [ 1, 1, 3, 0, -2, -1 ] ] ],
          slins := [  ] ) ), rec(
      Gram := [ [ -114, -166, -144, -216, -70, -222 ], [ -166, -250, -222, -333, -111, -333 ], [ -144, -222, -202, -303, -104, -296 ], [ -216, -333, -303, -456, -156, -444 ],
          [ -70, -111, -104, -156, -56, -148 ], [ -222, -333, -296, -444, -148, -444 ] ],
      Trec := rec(
          count := 1,
          grams := [ [ [ 0, 0, 0, 0, 0, 0, 0, 0, 0, 0, 0, 0, 0, 0, 0, 1 ], [ 0, -2, -1, -1, -1, 1, 1, -1, 1, 0, 0, 0, 0, 0, 0, 0 ], 
                  [ 0, -1, -2, 0, -1, 1, 1, 0, 1, 0, 0, 0, 0, 0, 0, 0 ], [ 0, -1, 0, -2, -1, 0, 1, -1, 1, 0, 0, 0, 0, 0, 0, 0 ], 
                  [ 0, -1, -1, -1, -2, 0, 1, 0, 1, 0, 0, 0, 0, 0, 0, 0 ], [ 0, 1, 1, 0, 0, -2, 0, 0, -1, 0, 0, 0, 0, 0, 0, 0 ], 
                  [ 0, 1, 1, 1, 1, 0, -2, 1, -1, 0, 0, 0, 0, 0, 0, 0 ], [ 0, -1, 0, -1, 0, 0, 1, -2, 0, 0, 0, 0, 0, 0, 0, 0 ], 
                  [ 0, 1, 1, 1, 1, -1, -1, 0, -2, 0, 0, 0, 0, 0, 0, 0 ], [ 0, 0, 0, 0, 0, 0, 0, 0, 0, -2, 0, 0, 0, 1, -1, 0 ], 
                  [ 0, 0, 0, 0, 0, 0, 0, 0, 0, 0, 2, 0, 0, 0, 1, 0 ], [ 0, 0, 0, 0, 0, 0, 0, 0, 0, 0, 0, -4, -2, -2, 1, 0 ], 
                  [ 0, 0, 0, 0, 0, 0, 0, 0, 0, 0, 0, -2, -4, -1, -1, 0 ], [ 0, 0, 0, 0, 0, 0, 0, 0, 0, 1, 0, -2, -1, -6, -1, 0 ], 
                  [ 0, 0, 0, 0, 0, 0, 0, 0, 0, -1, 1, 1, -1, -1, -6, 0 ], [ 1, 0, 0, 0, 0, 0, 0, 0, 0, 0, 0, 0, 0, 0, 0, 0 ] ] ],
          method := "Nikulin uniqueness",
          spinorPrimes := [  ] ),
      ampleflag := true,
      basisdual := [ [ 2, 0, 0, 0, 0, 20 ], [ 0, 1, 0, 0, 0, 28 ], [ 0, 0, 1, 1, 3, 24 ], [ 0, 0, 0, 3, 3, 36 ], [ 0, 0, 0, 0, 4, 11 ], [ 0, 0, 0, 0, 0, 37 ] ],
      extdeg := 1,
      extgroupgens := [ [ 2, 0 ], [ 0, 444 ] ],
      h := [ 1, 2, 2, 0, -1, -3 ],
      rho := 6,
      sprats := rec(
          nopss := [ 0, 7 ],
          scons := [ [ [ 1, -2, 2, 0, -1, 0 ], [ 1, 6, 2, 0, -1, -6 ] ], [ [ 1, 2, 1, -1, 1, -2 ], [ 1, 2, 3, 1, -3, -4 ] ], [ [ 1, 2, 3, -1, 0, -3 ], [ 1, 2, 1, 1, -2, -3 ] 
                 ], [ [ 1, 2, 0, 0, 0, -2 ], [ 1, 2, 4, 0, -2, -4 ] ], [ [ 1, 2, 4, -1, -2, -3 ], [ 1, 2, 0, 1, 0, -3 ] ], [ [ 1, 2, -2, 1, 1, -2 ], [ 1, 2, 6, -1, -3, -4 ] ]
                , [ [ 1, 1, 1, 0, 0, -2 ], [ 1, 3, 3, 0, -2, -4 ] ] ],
          slins := [  ] ) ), rec(
      Gram := [ [ -14, -8, -26, -22, -50, -16 ], [ -8, -6, -17, -14, -31, -8 ], [ -26, -17, -54, -47, -100, -32 ], [ -22, -14, -47, -44, -88, -32 ], 
          [ -50, -31, -100, -88, -188, -64 ], [ -16, -8, -32, -32, -64, -32 ] ],
      Trec := rec(
          count := 1,
          grams := [ [ [ 0, 0, 0, 0, 0, 0, 0, 0, 0, 0, 0, 0, 0, 0, 0, 1 ], [ 0, 0, 0, 0, 0, 0, 0, 0, 0, 0, 0, 0, 0, 0, 1, 0 ], 
                  [ 0, 0, -2, -1, -1, 1, 1, 1, -1, 1, 0, 0, 0, 0, 0, 0 ], [ 0, 0, -1, -2, 0, 1, 0, 1, -1, 0, 0, 0, 0, 0, 0, 0 ], 
                  [ 0, 0, -1, 0, -2, 1, 0, 0, 0, 1, 0, 0, 0, 0, 0, 0 ], [ 0, 0, 1, 1, 1, -2, 0, 0, 1, 0, 0, 0, 0, 0, 0, 0 ], 
                  [ 0, 0, 1, 0, 0, 0, -2, 0, 0, 0, 0, 0, 0, 0, 0, 0 ], [ 0, 0, 1, 1, 0, 0, 0, -2, 1, -1, 0, 0, 0, 0, 0, 0 ], 
                  [ 0, 0, -1, -1, 0, 1, 0, 1, -2, 0, 0, 0, 0, 0, 0, 0 ], [ 0, 0, 1, 0, 1, 0, 0, -1, 0, -2, 0, 0, 0, 0, 0, 0 ], 
                  [ 0, 0, 0, 0, 0, 0, 0, 0, 0, 0, -2, 1, -1, -1, 0, 0 ], [ 0, 0, 0, 0, 0, 0, 0, 0, 0, 0, 1, -4, 0, -1, 0, 0 ], 
                  [ 0, 0, 0, 0, 0, 0, 0, 0, 0, 0, -1, 0, -4, 1, 0, 0 ], [ 0, 0, 0, 0, 0, 0, 0, 0, 0, 0, -1, -1, 1, -26, 0, 0 ], 
                  [ 0, 1, 0, 0, 0, 0, 0, 0, 0, 0, 0, 0, 0, 0, 0, 0 ], [ 1, 0, 0, 0, 0, 0, 0, 0, 0, 0, 0, 0, 0, 0, 0, 0 ] ] ],
          method := "Nikulin uniqueness",
          spinorPrimes := [  ] ),
      ampleflag := true,
      basisdual := [ [ 2, 0, 0, 0, 6, 2 ], [ 0, 1, 0, 0, 3, 0 ], [ 0, 0, 1, 1, 7, 3 ], [ 0, 0, 0, 3, 3, 5 ], [ 0, 0, 0, 0, 12, 7 ], [ 0, 0, 0, 0, 0, 8 ] ],
      extdeg := 1,
      extgroupgens := [ [ 6, 0 ], [ 0, 96 ] ],
      h := [ 1, 2, 2, 0, -2, 1 ],
      rho := 6,
      sprats := rec(
          nopss := [ 0, 10 ],
          scons := [ [ [ 1, -2, 2, 0, -1, 0 ], [ 1, 6, 2, 0, -3, 2 ] ], [ [ 1, 2, 0, 0, -1, 1 ], [ 1, 2, 4, 0, -3, 1 ] ], [ [ 1, 2, 1, -1, -1, 1 ], [ 1, 2, 3, 1, -3, 1 ] ], 
              [ [ 1, 1, 3, -1, -2, 1 ], [ 1, 3, 1, 1, -2, 1 ] ], [ [ 1, 2, 4, -1, -3, 2 ], [ 1, 2, 0, 1, -1, 0 ] ], [ [ 1, 2, -2, 1, 0, 0 ], [ 1, 2, 6, -1, -4, 2 ] ], 
              [ [ 1, 1, 0, 1, -1, 0 ], [ 1, 3, 4, -1, -3, 2 ] ], [ [ 1, 2, 1, 1, -2, 1 ], [ 1, 2, 3, -1, -2, 1 ] ], [ [ 1, 1, 1, 0, -1, 0 ], [ 1, 3, 3, 0, -3, 2 ] ], 
              [ [ 1, 3, 0, 0, -1, 1 ], [ 1, 1, 4, 0, -3, 1 ] ] ],
          slins := [  ] ) ), rec(
      Gram := [ [ -6, -2, 8, 6, 12, -6 ], [ -2, -4, 0, 0, 0, -6 ], [ 8, 0, -22, -15, -36, 0 ], [ 6, 0, -15, -12, -24, 0 ], [ 12, 0, -36, -24, -60, 0 ], 
          [ -6, -6, 0, 0, 0, -12 ] ],
      Trec := rec(
          count := 1,
          grams := [ [ [ 0, 0, 0, 0, 0, 0, 0, 0, 0, 0, 0, 0, 0, 0, 0, 2 ], [ 0, -2, 1, 1, -1, -1, 1, 0, 0, 0, 0, 0, 0, 0, 0, 1 ], 
                  [ 0, 1, -2, -1, 0, 0, -1, 0, 0, 0, 0, 0, 0, 0, 0, 1 ], [ 0, 1, -1, -2, 1, 0, 0, 0, 0, 0, 0, 0, 0, 0, 0, 1 ], 
                  [ 0, -1, 0, 1, -2, 0, 0, 0, 0, 0, 0, 0, 0, 0, 0, 1 ], [ 0, -1, 0, 0, 0, -2, 0, 0, 0, 0, 0, 0, 0, 0, 0, 0 ], 
                  [ 0, 1, -1, 0, 0, 0, -2, 0, 0, 0, 0, 0, 0, 0, 0, 1 ], [ 0, 0, 0, 0, 0, 0, 0, -2, -1, 1, -1, -1, 0, 0, 0, 0 ], 
                  [ 0, 0, 0, 0, 0, 0, 0, -1, -2, 1, 0, -1, 0, 0, 0, 0 ], [ 0, 0, 0, 0, 0, 0, 0, 1, 1, -2, 0, 1, 0, 0, 0, 0 ], 
                  [ 0, 0, 0, 0, 0, 0, 0, -1, 0, 0, -2, 0, 0, 0, 0, 0 ], [ 0, 0, 0, 0, 0, 0, 0, -1, -1, 1, 0, -2, 0, 0, 0, 0 ], 
                  [ 0, 0, 0, 0, 0, 0, 0, 0, 0, 0, 0, 0, -2, -1, 0, 1 ], [ 0, 0, 0, 0, 0, 0, 0, 0, 0, 0, 0, 0, -1, -2, 0, 0 ], 
                  [ 0, 0, 0, 0, 0, 0, 0, 0, 0, 0, 0, 0, 0, 0, 4, 0 ], [ 2, 1, 1, 1, 1, 0, 1, 0, 0, 0, 0, 0, 1, 0, 0, 2 ] ] ],
          method := "Nikulin uniqueness",
          spinorPrimes := [  ] ),
      ampleflag := true,
      basisdual := [ [ 2, 0, 0, 0, 0, 4 ], [ 0, 2, 0, 0, 0, 4 ], [ 0, 0, 1, 1, 7, 0 ], [ 0, 0, 0, 3, 3, 0 ], [ 0, 0, 0, 0, 12, 0 ], [ 0, 0, 0, 0, 0, 6 ] ],
      extdeg := 1,
      extgroupgens := [ [ 2, 0, 0, 0 ], [ 0, 6, 0, 0 ], [ 0, 0, 6, 0 ], [ 0, 0, 0, 12 ] ],
      h := [ 1, 1, 2, 0, -1, -1 ],
      rho := 6,
      sprats := rec(
          nopss := [ 0, 8 ],
          scons := [ [ [ 1, 0, 2, 0, -1, -1 ], [ 1, 2, 2, 0, -1, -1 ] ], [ [ 1, -1, 2, 0, -1, 0 ], [ 1, 3, 2, 0, -1, -2 ] ], [ [ 1, 2, 2, 0, -1, -2 ], [ 1, 0, 2, 0, -1, 0 ] ]
                , [ [ 1, 1, 1, -1, 0, -1 ], [ 1, 1, 3, 1, -2, -1 ] ], [ [ 1, 1, 3, -1, -1, -1 ], [ 1, 1, 1, 1, -1, -1 ] ], [ [ 1, 1, -2, 1, 1, -1 ], [ 1, 1, 6, -1, -3, -1 ] ]
                , [ [ 1, 1, 0, 1, 0, -1 ], [ 1, 1, 4, -1, -2, -1 ] ], [ [ 1, 1, 0, 0, 0, -1 ], [ 1, 1, 4, 0, -2, -1 ] ] ],
          slins := [  ] ) ), rec(
      Gram := [ [ -4, -1, -14, -23, -4, -31 ], [ -1, -4, -16, -27, -6, -31 ], [ -14, -16, -94, -157, -32, -186 ], [ -23, -27, -157, -264, -54, -310 ], 
          [ -4, -6, -32, -54, -12, -62 ], [ -31, -31, -186, -310, -62, -372 ] ],
      Trec := rec(
          count := 1,
          grams := [ [ [ 0, 0, 0, 0, 0, 0, 0, 0, 0, 0, 0, 0, 0, 0, 0, 1 ], [ 0, -2, -1, -1, -1, 1, 1, -1, 1, 0, 0, 0, 0, 0, 0, 0 ], 
                  [ 0, -1, -2, 0, 0, 1, 1, -1, 1, 0, 0, 0, 0, 0, 0, 0 ], [ 0, -1, 0, -2, 0, 0, 1, -1, 1, 0, 0, 0, 0, 0, 0, 0 ], 
                  [ 0, -1, 0, 0, -2, 0, 0, 0, 0, 0, 0, 0, 0, 0, 0, 0 ], [ 0, 1, 1, 0, 0, -2, 0, 1, -1, 0, 0, 0, 0, 0, 0, 0 ], 
                  [ 0, 1, 1, 1, 0, 0, -2, 1, -1, 0, 0, 0, 0, 0, 0, 0 ], [ 0, -1, -1, -1, 0, 1, 1, -2, 1, 0, 0, 0, 0, 0, 0, 0 ], 
                  [ 0, 1, 1, 1, 0, -1, -1, 1, -2, 0, 0, 0, 0, 0, 0, 0 ], [ 0, 0, 0, 0, 0, 0, 0, 0, 0, -2, 1, -1, 0, 0, 0, 0 ], 
                  [ 0, 0, 0, 0, 0, 0, 0, 0, 0, 1, -2, 0, 0, 0, 0, 0 ], [ 0, 0, 0, 0, 0, 0, 0, 0, 0, -1, 0, -2, 0, 0, 0, 0 ], 
                  [ 0, 0, 0, 0, 0, 0, 0, 0, 0, 0, 0, 0, -2, 0, 1, 0 ], [ 0, 0, 0, 0, 0, 0, 0, 0, 0, 0, 0, 0, 0, -2, 0, 0 ], 
                  [ 0, 0, 0, 0, 0, 0, 0, 0, 0, 0, 0, 0, 1, 0, 46, 0 ], [ 1, 0, 0, 0, 0, 0, 0, 0, 0, 0, 0, 0, 0, 0, 0, 0 ] ] ],
          method := "Nikulin uniqueness",
          spinorPrimes := [  ] ),
      ampleflag := true,
      basisdual := [ [ 2, 0, 0, 0, 1, 3 ], [ 0, 2, 0, 0, 1, 4 ], [ 0, 0, 1, 1, 1, 16 ], [ 0, 0, 0, 3, 1, 27 ], [ 0, 0, 0, 0, 2, 6 ], [ 0, 0, 0, 0, 0, 31 ] ],
      extdeg := 1,
      extgroupgens := [ [ 2, 0 ], [ 0, 372 ] ],
      h := [ 1, 1, 2, 0, -1, -1 ],
      rho := 6,
      sprats := rec(
          nopss := [ 0, 8 ],
          scons := [ [ [ 1, 1, 3, -1, 1, -1 ], [ 1, 1, 1, 1, -3, -1 ] ], [ [ 1, 1, 1, -1, 1, 0 ], [ 1, 1, 3, 1, -3, -2 ] ], [ [ 1, 1, 0, 1, 0, -1 ], [ 1, 1, 4, -1, -2, -1 ] ]
                , [ [ 1, 1, -2, 1, 0, 0 ], [ 1, 1, 6, -1, -2, -2 ] ], [ [ 1, 0, 2, 0, -1, -1 ], [ 1, 2, 2, 0, -1, -1 ] ], [ [ 1, -1, 2, 0, 0, -1 ], [ 1, 3, 2, 0, -2, -1 ] ], 
              [ [ 1, 2, 2, 0, -2, -1 ], [ 1, 0, 2, 0, 0, -1 ] ], [ [ 1, 1, 4, 0, -1, -2 ], [ 1, 1, 0, 0, -1, 0 ] ] ],
          slins := [  ] ) ), rec(
      Gram := [ [ -2, 0, 4, 2, -2, -8 ], [ 0, -4, 0, -4, -6, -8 ], [ 4, 0, -10, -7, 0, 16 ], [ 2, -4, -7, -12, -8, 0 ], [ -2, -6, 0, -8, -12, -16 ], 
          [ -8, -8, 16, 0, -16, -48 ] ],
      Trec := rec(
          count := 1,
          grams := [ [ [ 0, 0, 0, 0, 0, 0, 0, 0, 0, 0, 0, 0, 0, 0, 0, 4 ], [ 0, -2, -1, -1, 1, 1, 1, 1, -1, 0, 0, 0, 0, 0, 0, 0 ], 
                  [ 0, -1, -2, 0, 1, 1, 1, 0, -1, 0, 0, 0, 0, 0, 0, 0 ], [ 0, -1, 0, -2, 1, 0, 1, 0, -1, 0, 0, 0, 0, 0, 0, 0 ], 
                  [ 0, 1, 1, 1, -2, -1, -1, 0, 1, 0, 0, 0, 0, 0, 0, 0 ], [ 0, 1, 1, 0, -1, -2, 0, 0, 1, 0, 0, 0, 0, 0, 0, 0 ], 
                  [ 0, 1, 1, 1, -1, 0, -2, 0, 1, 0, 0, 0, 0, 0, 0, 0 ], [ 0, 1, 0, 0, 0, 0, 0, -2, 0, 0, 0, 0, 0, 0, 0, 0 ], 
                  [ 0, -1, -1, -1, 1, 1, 1, 0, -2, 0, 0, 0, 0, 0, 0, 0 ], [ 0, 0, 0, 0, 0, 0, 0, 0, 0, -2, 1, -1, 1, 1, 0, 0 ], 
                  [ 0, 0, 0, 0, 0, 0, 0, 0, 0, 1, -2, 0, -1, 0, 0, 1 ], [ 0, 0, 0, 0, 0, 0, 0, 0, 0, -1, 0, -2, 0, 1, 0, 2 ], 
                  [ 0, 0, 0, 0, 0, 0, 0, 0, 0, 1, -1, 0, -2, 0, 0, 4 ], [ 0, 0, 0, 0, 0, 0, 0, 0, 0, 1, 0, 1, 0, -2, 0, -3 ], 
                  [ 0, 0, 0, 0, 0, 0, 0, 0, 0, 0, 0, 0, 0, 0, 4, -2 ], [ 4, 0, 0, 0, 0, 0, 0, 0, 0, 0, 1, 2, 4, -3, -2, 2 ] ] ],
          method := "Nikulin uniqueness",
          spinorPrimes := [  ] ),
      ampleflag := true,
      basisdual := [ [ 2, 0, 0, 0, 2, 2 ], [ 0, 2, 0, 0, 2, 4 ], [ 0, 0, 1, 1, 3, 0 ], [ 0, 0, 0, 3, 3, 4 ], [ 0, 0, 0, 0, 4, 6 ], [ 0, 0, 0, 0, 0, 8 ] ],
      extdeg := 1,
      extgroupgens := [ [ 2, 0, 0, 0 ], [ 0, 2, 0, 0 ], [ 0, 0, 2, 0 ], [ 0, 0, 0, 48 ] ],
      h := [ 1, 1, 2, 0, -2, 1 ],
      rho := 6,
      sprats := rec(
          nopss := [ 0, 14 ],
          scons := [ [ [ 1, 1, 1, -1, 0, 0 ], [ 1, 1, 3, 1, -4, 2 ] ], [ [ 1, 0, 3, -1, -1, 1 ], [ 1, 2, 1, 1, -3, 1 ] ], [ [ 1, 2, 3, -1, -2, 1 ], [ 1, 0, 1, 1, -2, 1 ] ], 
              [ [ 1, 1, 3, -1, -1, 1 ], [ 1, 1, 1, 1, -3, 1 ] ], [ [ 1, 1, 0, 0, -1, 0 ], [ 1, 1, 4, 0, -3, 2 ] ], [ [ 1, 0, 2, 0, -2, 1 ], [ 1, 2, 2, 0, -2, 1 ] ], 
              [ [ 1, 2, 2, 0, -3, 1 ], [ 1, 0, 2, 0, -1, 1 ] ], [ [ 1, 1, 4, -1, -3, 2 ], [ 1, 1, 0, 1, -1, 0 ] ], [ [ 1, 1, -2, 1, 0, -1 ], [ 1, 1, 6, -1, -4, 3 ] ], 
              [ [ 1, 0, 0, 0, 0, 0 ], [ 1, 2, 4, 0, -4, 2 ] ], [ [ 1, 0, 0, 1, -1, 0 ], [ 1, 2, 4, -1, -3, 2 ] ], [ [ 1, -1, 2, 0, -1, 1 ], [ 1, 3, 2, 0, -3, 1 ] ], 
              [ [ 1, 2, 0, 0, -1, 0 ], [ 1, 0, 4, 0, -3, 2 ] ], [ [ 1, 2, 0, 1, -2, 0 ], [ 1, 0, 4, -1, -2, 2 ] ] ],
          slins := [  ] ) ), rec(
      Gram := [ [ -18, -14, -4, -18, 12, -30 ], [ -14, -16, -10, -20, 0, -30 ], [ -4, -10, -20, -17, -28, -20 ], [ -18, -20, -17, -28, -8, -40 ], [ 12, 0, -28, -8, -60, 0 ], 
          [ -30, -30, -20, -40, 0, -60 ] ],
      Trec := rec(
          count := 1,
          grams := [ [ [ 0, 0, 0, 0, 0, 0, 0, 0, 0, 0, 0, 0, 0, 0, 0, 1 ], [ 0, -2, -1, -1, 1, 1, -1, -1, 1, 0, 0, 0, 0, 0, 0, 0 ], 
                  [ 0, -1, -2, 0, 1, 1, -1, 0, 1, 0, 0, 0, 0, 0, 0, 0 ], [ 0, -1, 0, -2, 1, 0, -1, 0, 1, 0, 0, 0, 0, 0, 0, 0 ], 
                  [ 0, 1, 1, 1, -2, -1, 1, 0, -1, 0, 0, 0, 0, 0, 0, 0 ], [ 0, 1, 1, 0, -1, -2, 1, 1, -1, 0, 0, 0, 0, 0, 0, 0 ], 
                  [ 0, -1, -1, -1, 1, 1, -2, 0, 1, 0, 0, 0, 0, 0, 0, 0 ], [ 0, -1, 0, 0, 0, 1, 0, -2, 0, 0, 0, 0, 0, 0, 0, 0 ], 
                  [ 0, 1, 1, 1, -1, -1, 1, 0, -2, 0, 0, 0, 0, 0, 0, 0 ], [ 0, 0, 0, 0, 0, 0, 0, 0, 0, -2, 0, 0, 1, 1, 0, 0 ], 
                  [ 0, 0, 0, 0, 0, 0, 0, 0, 0, 0, -2, 0, -1, -1, 0, 0 ], [ 0, 0, 0, 0, 0, 0, 0, 0, 0, 0, 0, -2, -1, -1, 0, 0 ], 
                  [ 0, 0, 0, 0, 0, 0, 0, 0, 0, 1, -1, -1, -4, -2, 0, 0 ], [ 0, 0, 0, 0, 0, 0, 0, 0, 0, 1, -1, -1, -2, -4, 0, 0 ], 
                  [ 0, 0, 0, 0, 0, 0, 0, 0, 0, 0, 0, 0, 0, 0, 10, 0 ], [ 1, 0, 0, 0, 0, 0, 0, 0, 0, 0, 0, 0, 0, 0, 0, 0 ] ] ],
          method := "Nikulin uniqueness",
          spinorPrimes := [  ] ),
      ampleflag := true,
      basisdual := [ [ 2, 0, 0, 0, 0, 4 ], [ 0, 2, 0, 0, 0, 6 ], [ 0, 0, 1, 0, 6, 7 ], [ 0, 0, 0, 1, 1, 8 ], [ 0, 0, 0, 0, 12, 8 ], [ 0, 0, 0, 0, 0, 10 ] ],
      extdeg := 1,
      extgroupgens := [ [ 2, 0, 0, 0 ], [ 0, 2, 0, 0 ], [ 0, 0, 2, 0 ], [ 0, 0, 0, 60 ] ],
      h := [ 1, 1, 2, 2, -1, -3 ],
      rho := 6,
      sprats := rec(
          nopss := [ 0, 12 ],
          scons := [ [ [ 1, 1, 1, 4, -1, -4 ], [ 1, 1, 3, 0, -1, -2 ] ], [ [ 1, 1, 3, 6, -2, -6 ], [ 1, 1, 1, -2, 0, 0 ] ], [ [ 1, 0, 0, 1, 0, -1 ], [ 1, 2, 4, 3, -2, -5 ] ],
              [ [ 1, 0, 2, 3, -1, -3 ], [ 1, 2, 2, 1, -1, -3 ] ], [ [ 1, 0, 4, 2, -2, -3 ], [ 1, 2, 0, 2, 0, -3 ] ], [ [ 1, -1, 2, 2, -1, -2 ], [ 1, 3, 2, 2, -1, -4 ] ], 
              [ [ 1, 2, 0, 1, 0, -2 ], [ 1, 0, 4, 3, -2, -4 ] ], [ [ 1, 1, -2, 1, 1, -1 ], [ 1, 1, 6, 3, -3, -5 ] ], [ [ 1, 1, 0, 0, 0, -1 ], [ 1, 1, 4, 4, -2, -5 ] ], 
              [ [ 1, 2, 2, 3, -1, -4 ], [ 1, 0, 2, 1, -1, -2 ] ], [ [ 1, 1, 0, 3, 0, -3 ], [ 1, 1, 4, 1, -2, -3 ] ], [ [ 1, 2, 4, 2, -2, -4 ], [ 1, 0, 0, 2, 0, -2 ] ] ],
          slins := [  ] ) ), rec(
      Gram := [ [ -30, -32, -18, -40, -66, -48 ], [ -32, -40, -20, -46, -78, -48 ], [ -18, -20, -12, -25, -40, -32 ], [ -40, -46, -25, -56, -92, -64 ], 
          [ -66, -78, -40, -92, -156, -96 ], [ -48, -48, -32, -64, -96, -96 ] ],
      Trec := rec(
          count := 1,
          grams := [ [ [ 0, 0, 0, 0, 0, 0, 0, 0, 0, 0, 0, 0, 0, 0, 0, 1 ], [ 0, -2, -1, -1, -1, 1, 1, -1, 1, 0, 0, 0, 0, 0, 0, 0 ], 
                  [ 0, -1, -2, 0, -1, 1, 1, 0, 1, 0, 0, 0, 0, 0, 0, 0 ], [ 0, -1, 0, -2, -1, 0, 1, 0, 1, 0, 0, 0, 0, 0, 0, 0 ], 
                  [ 0, -1, -1, -1, -2, 0, 1, 0, 1, 0, 0, 0, 0, 0, 0, 0 ], [ 0, 1, 1, 0, 0, -2, 0, 1, -1, 0, 0, 0, 0, 0, 0, 0 ], 
                  [ 0, 1, 1, 1, 1, 0, -2, 0, -1, 0, 0, 0, 0, 0, 0, 0 ], [ 0, -1, 0, 0, 0, 1, 0, -2, 0, 0, 0, 0, 0, 0, 0, 0 ], 
                  [ 0, 1, 1, 1, 1, -1, -1, 0, -2, 0, 0, 0, 0, 0, 0, 0 ], [ 0, 0, 0, 0, 0, 0, 0, 0, 0, -2, 0, -1, -1, -1, 0, 0 ], 
                  [ 0, 0, 0, 0, 0, 0, 0, 0, 0, 0, -2, -1, -1, -1, 0, 0 ], [ 0, 0, 0, 0, 0, 0, 0, 0, 0, -1, -1, 2, 0, 0, 1, 0 ], 
                  [ 0, 0, 0, 0, 0, 0, 0, 0, 0, -1, -1, 0, -4, 0, 1, 0 ], [ 0, 0, 0, 0, 0, 0, 0, 0, 0, -1, -1, 0, 0, -4, 1, 0 ], 
                  [ 0, 0, 0, 0, 0, 0, 0, 0, 0, 0, 0, 1, 1, 1, -6, 0 ], [ 1, 0, 0, 0, 0, 0, 0, 0, 0, 0, 0, 0, 0, 0, 0, 0 ] ] ],
          method := "Nikulin uniqueness",
          spinorPrimes := [  ] ),
      ampleflag := true,
      basisdual := [ [ 2, 0, 0, 0, 6, 8 ], [ 0, 2, 0, 0, 6, 8 ], [ 0, 0, 1, 0, 2, 5 ], [ 0, 0, 0, 1, 5, 10 ], [ 0, 0, 0, 0, 12, 14 ], [ 0, 0, 0, 0, 0, 16 ] ],
      extdeg := 1,
      extgroupgens := [ [ 2, 0, 0, 0 ], [ 0, 2, 0, 0 ], [ 0, 0, 2, 0 ], [ 0, 0, 0, 96 ] ],
      h := [ 1, 1, 2, 2, -2, -1 ],
      rho := 6,
      sprats := rec(
          nopss := [ 0, 8 ],
          scons := [ [ [ 1, 1, 4, 1, -2, -1 ], [ 1, 1, 0, 3, -2, -1 ] ], [ [ 1, 1, 6, 3, -3, -2 ], [ 1, 1, -2, 1, -1, 0 ] ], [ [ 1, 0, 2, 3, -2, -1 ], [ 1, 2, 2, 1, -2, -1 ] 
                 ], [ [ 1, -1, 2, 2, -1, -1 ], [ 1, 3, 2, 2, -3, -1 ] ], [ [ 1, 2, 2, 3, -3, -1 ], [ 1, 0, 2, 1, -1, -1 ] ], [ [ 1, 1, 1, 4, -3, -1 ], [ 1, 1, 3, 0, -1, -1 ] 
                 ], [ [ 1, 1, 0, 0, -1, 0 ], [ 1, 1, 4, 4, -3, -2 ] ], [ [ 1, 1, 3, 6, -4, -2 ], [ 1, 1, 1, -2, 0, 0 ] ] ],
          slins := [  ] ) ), rec(
      Gram := [ [ -18, -17, -11, -23, -36, -69 ], [ -17, -22, -11, -25, -42, -69 ], [ -11, -11, -8, -15, -22, -46 ], [ -23, -25, -15, -32, -50, -92 ], 
          [ -36, -42, -22, -50, -84, -138 ], [ -69, -69, -46, -92, -138, -276 ] ],
      Trec := rec(
          count := 1,
          grams := [ [ [ 0, 0, 0, 0, 0, 0, 0, 0, 0, 0, 0, 0, 0, 0, 0, 1 ], [ 0, -2, -1, -1, -1, 1, 1, -1, 1, 0, 0, 0, 0, 0, 0, 0 ], 
                  [ 0, -1, -2, 0, 0, 1, 1, -1, 1, 0, 0, 0, 0, 0, 0, 0 ], [ 0, -1, 0, -2, 0, 0, 1, -1, 1, 0, 0, 0, 0, 0, 0, 0 ], 
                  [ 0, -1, 0, 0, -2, 0, 0, 0, 0, 0, 0, 0, 0, 0, 0, 0 ], [ 0, 1, 1, 0, 0, -2, 0, 1, -1, 0, 0, 0, 0, 0, 0, 0 ], 
                  [ 0, 1, 1, 1, 0, 0, -2, 1, -1, 0, 0, 0, 0, 0, 0, 0 ], [ 0, -1, -1, -1, 0, 1, 1, -2, 1, 0, 0, 0, 0, 0, 0, 0 ], 
                  [ 0, 1, 1, 1, 0, -1, -1, 1, -2, 0, 0, 0, 0, 0, 0, 0 ], [ 0, 0, 0, 0, 0, 0, 0, 0, 0, -2, 1, 1, 0, 0, 0, 0 ], 
                  [ 0, 0, 0, 0, 0, 0, 0, 0, 0, 1, -2, 0, 0, 0, 0, 0 ], [ 0, 0, 0, 0, 0, 0, 0, 0, 0, 1, 0, -2, 0, 0, 0, 0 ], [ 0, 0, 0, 0, 0, 0, 0, 0, 0, 0, 0, 0, -2, 0, 1, 0 
                     ], [ 0, 0, 0, 0, 0, 0, 0, 0, 0, 0, 0, 0, 0, -2, 0, 0 ], [ 0, 0, 0, 0, 0, 0, 0, 0, 0, 0, 0, 0, 1, 0, 34, 0 ], 
                  [ 1, 0, 0, 0, 0, 0, 0, 0, 0, 0, 0, 0, 0, 0, 0, 0 ] ] ],
          method := "Nikulin uniqueness",
          spinorPrimes := [  ] ),
      ampleflag := true,
      basisdual := [ [ 2, 0, 0, 0, 3, 6 ], [ 0, 2, 0, 0, 3, 5 ], [ 0, 0, 1, 0, 0, 4 ], [ 0, 0, 0, 1, 1, 7 ], [ 0, 0, 0, 0, 6, 8 ], [ 0, 0, 0, 0, 0, 23 ] ],
      extdeg := 1,
      extgroupgens := [ [ 2, 0 ], [ 0, 276 ] ],
      h := [ 1, 1, 2, 2, -1, -1 ],
      rho := 6,
      sprats := rec(
          nopss := [ 0, 10 ],
          scons := [ [ [ 1, 1, 6, 3, -1, -2 ], [ 1, 1, -2, 1, -1, 0 ] ], [ [ 1, 1, 4, 1, -1, -1 ], [ 1, 1, 0, 3, -1, -1 ] ], [ [ 1, 0, 1, 3, -1, -1 ], [ 1, 2, 3, 1, -1, -1 ] 
                 ], [ [ 1, -1, 2, 2, 0, -1 ], [ 1, 3, 2, 2, -2, -1 ] ], [ [ 1, 0, 2, 1, 0, -1 ], [ 1, 2, 2, 3, -2, -1 ] ], [ [ 1, 1, 3, 6, -2, -2 ], [ 1, 1, 1, -2, 0, 0 ] ], 
              [ [ 1, 1, 4, 4, -1, -2 ], [ 1, 1, 0, 0, -1, 0 ] ], [ [ 1, 1, 1, 4, -2, -1 ], [ 1, 1, 3, 0, 0, -1 ] ], [ [ 1, 0, 2, 3, -1, -1 ], [ 1, 2, 2, 1, -1, -1 ] ], 
              [ [ 1, 2, 1, 3, -2, -1 ], [ 1, 0, 3, 1, 0, -1 ] ] ],
          slins := [  ] ) ), rec(
      Gram := [ [ -8, -10, -14, -6, -22, 4 ], [ -10, -18, -22, -12, -34, 4 ], [ -14, -22, -30, -15, -44, 8 ], [ -6, -12, -15, -12, -24, 0 ], [ -22, -34, -44, -24, -68, 8 ], 
          [ 4, 4, 8, 0, 8, -8 ] ],
      Trec := rec(
          count := 1,
          grams := [ [ [ 0, 0, 0, 0, 0, 0, 0, 0, 0, 0, 0, 0, 0, 0, 0, 1 ], [ 0, 0, 0, 0, 0, 0, 0, 0, 0, 0, 0, 0, 0, 0, 2, 0 ], 
                  [ 0, 0, -2, -1, -1, 1, 1, 1, -1, 1, 0, 0, 0, 0, 0, 0 ], [ 0, 0, -1, -2, 0, 1, 0, 1, -1, 0, 0, 0, 0, 0, 0, 0 ], 
                  [ 0, 0, -1, 0, -2, 1, 0, 0, 0, 1, 0, 0, 0, 0, 0, 0 ], [ 0, 0, 1, 1, 1, -2, 0, 0, 1, 0, 0, 0, 0, 0, 0, 0 ], 
                  [ 0, 0, 1, 0, 0, 0, -2, 0, 0, 0, 0, 0, 0, 0, 0, 0 ], [ 0, 0, 1, 1, 0, 0, 0, -2, 1, -1, 0, 0, 0, 0, 0, 0 ], 
                  [ 0, 0, -1, -1, 0, 1, 0, 1, -2, 0, 0, 0, 0, 0, 0, 0 ], [ 0, 0, 1, 0, 1, 0, 0, -1, 0, -2, 0, 0, 0, 0, 0, 0 ], 
                  [ 0, 0, 0, 0, 0, 0, 0, 0, 0, 0, -2, 1, -1, 0, 0, 0 ], [ 0, 0, 0, 0, 0, 0, 0, 0, 0, 0, 1, -4, 0, 0, 0, 0 ], 
                  [ 0, 0, 0, 0, 0, 0, 0, 0, 0, 0, -1, 0, -4, 0, 0, 0 ], [ 0, 0, 0, 0, 0, 0, 0, 0, 0, 0, 0, 0, 0, -6, 0, 0 ], 
                  [ 0, 2, 0, 0, 0, 0, 0, 0, 0, 0, 0, 0, 0, 0, 0, 0 ], [ 1, 0, 0, 0, 0, 0, 0, 0, 0, 0, 0, 0, 0, 0, 0, 0 ] ] ],
          method := "Nikulin uniqueness",
          spinorPrimes := [  ] ),
      ampleflag := true,
      basisdual := [ [ 2, 0, 0, 0, 6, 0 ], [ 0, 2, 0, 0, 6, 2 ], [ 0, 0, 1, 1, 7, 0 ], [ 0, 0, 0, 3, 3, 3 ], [ 0, 0, 0, 0, 12, 2 ], [ 0, 0, 0, 0, 0, 4 ] ],
      extdeg := 1,
      extgroupgens := [ [ 2, 0, 0, 0 ], [ 0, 2, 0, 0 ], [ 0, 0, 6, 0 ], [ 0, 0, 0, 24 ] ],
      h := [ 1, 1, 2, 0, -2, 1 ],
      rho := 6,
      sprats := rec(
          nopss := [ 0, 10 ],
          scons := [ [ [ 1, 1, 1, -1, -1, 1 ], [ 1, 1, 3, 1, -3, 1 ] ], [ [ 1, 1, 3, -1, -2, 2 ], [ 1, 1, 1, 1, -2, 0 ] ], [ [ 1, 1, -2, 1, 0, -1 ], [ 1, 1, 6, -1, -4, 3 ] ],
              [ [ 1, 1, 0, 1, -1, 0 ], [ 1, 1, 4, -1, -3, 2 ] ], [ [ 1, 0, 1, 0, -1, 1 ], [ 1, 2, 3, 0, -3, 1 ] ], [ [ 1, -1, 2, 0, -1, 1 ], [ 1, 3, 2, 0, -3, 1 ] ], 
              [ [ 1, 0, 3, 0, -2, 2 ], [ 1, 2, 1, 0, -2, 0 ] ], [ [ 1, 1, 0, 0, -1, 0 ], [ 1, 1, 4, 0, -3, 2 ] ], [ [ 1, 0, 1, 0, -1, 0 ], [ 1, 2, 3, 0, -3, 2 ] ], 
              [ [ 1, 2, 1, 0, -2, 1 ], [ 1, 0, 3, 0, -2, 1 ] ] ],
          slins := [  ] ) ), rec(
      Gram := [ [ -30, -22, -29, -15, -45, 6 ], [ -22, -18, -22, -12, -34, 4 ], [ -29, -22, -30, -15, -44, 8 ], [ -15, -12, -15, -12, -24, 0 ], 
          [ -45, -34, -44, -24, -68, 8 ], [ 6, 4, 8, 0, 8, -8 ] ],
      Trec := rec(
          count := 1,
          grams := [ [ [ 0, 0, 0, 0, 0, 0, 0, 0, 0, 0, 0, 0, 0, 0, 0, 1 ], [ 0, 0, 0, 0, 0, 0, 0, 0, 0, 0, 0, 0, 0, 0, 1, 0 ], 
                  [ 0, 0, -2, -1, -1, 1, 1, 1, -1, 1, 0, 0, 0, 0, 0, 0 ], [ 0, 0, -1, -2, 0, 1, 0, 1, -1, 0, 0, 0, 0, 0, 0, 0 ], 
                  [ 0, 0, -1, 0, -2, 1, 0, 0, 0, 1, 0, 0, 0, 0, 0, 0 ], [ 0, 0, 1, 1, 1, -2, 0, 0, 1, 0, 0, 0, 0, 0, 0, 0 ], 
                  [ 0, 0, 1, 0, 0, 0, -2, 0, 0, 0, 0, 0, 0, 0, 0, 0 ], [ 0, 0, 1, 1, 0, 0, 0, -2, 1, -1, 0, 0, 0, 0, 0, 0 ], 
                  [ 0, 0, -1, -1, 0, 1, 0, 1, -2, 0, 0, 0, 0, 0, 0, 0 ], [ 0, 0, 1, 0, 1, 0, 0, -1, 0, -2, 0, 0, 0, 0, 0, 0 ], 
                  [ 0, 0, 0, 0, 0, 0, 0, 0, 0, 0, -2, 1, -1, 0, 0, 0 ], [ 0, 0, 0, 0, 0, 0, 0, 0, 0, 0, 1, -4, 0, 0, 0, 0 ], 
                  [ 0, 0, 0, 0, 0, 0, 0, 0, 0, 0, -1, 0, -4, 0, 0, 0 ], [ 0, 0, 0, 0, 0, 0, 0, 0, 0, 0, 0, 0, 0, -6, 0, 0 ], 
                  [ 0, 1, 0, 0, 0, 0, 0, 0, 0, 0, 0, 0, 0, 0, 0, 0 ], [ 1, 0, 0, 0, 0, 0, 0, 0, 0, 0, 0, 0, 0, 0, 0, 0 ] ] ],
          method := "Nikulin uniqueness",
          spinorPrimes := [  ] ),
      ampleflag := true,
      basisdual := [ [ 1, 0, 0, 0, 9, 1 ], [ 0, 2, 0, 0, 6, 2 ], [ 0, 0, 1, 1, 7, 0 ], [ 0, 0, 0, 3, 3, 3 ], [ 0, 0, 0, 0, 12, 2 ], [ 0, 0, 0, 0, 0, 4 ] ],
      extdeg := 2,
      extgroupgens := [ [ 2, 0, 0, 0 ], [ 0, 1, 0, 0 ], [ 0, 0, 6, 0 ], [ 0, 0, 0, 24 ] ],
      h := [ 2, 1, 2, 0, -3, 1 ],
      rho := 6,
      sprats := rec(
          nopss := [ 4, 4 ],
          scons := [ [ [ 2, -1, 2, 0, -2, 1 ], [ 2, 3, 2, 0, -4, 1 ] ], [ [ 2, 1, 0, 0, -2, 0 ], [ 2, 1, 4, 0, -4, 2 ] ], [ [ 2, 0, 1, 0, -2, 0 ], [ 2, 2, 3, 0, -4, 2 ] ], 
              [ [ 2, 2, 1, 0, -3, 1 ], [ 2, 0, 3, 0, -3, 1 ] ] ],
          slins := [ [ [ 1, 0, -1, 0, 0, 0 ], [ 1, 1, 3, 0, -3, 1 ] ], [ [ 1, 1, 0, 0, -1, 0 ], [ 1, 0, 2, 0, -2, 1 ] ], [ [ 1, 0, 3, -1, -2, 2 ], [ 1, 1, -1, 1, -1, -1 ] ], 
              [ [ 1, 1, 2, -1, -2, 1 ], [ 1, 0, 0, 1, -1, 0 ] ] ] ) ), rec(
      Gram := [ [ -24, -20, -10, -36, -24, -42 ], [ -20, -22, -14, -42, -28, -42 ], [ -10, -14, -14, -35, -24, -28 ], [ -36, -42, -35, -96, -64, -84 ], 
          [ -24, -28, -24, -64, -44, -56 ], [ -42, -42, -28, -84, -56, -84 ] ],
      Trec := rec(
          count := 1,
          grams := [ [ [ 0, 0, 0, 0, 0, 0, 0, 0, 0, 0, 0, 0, 0, 0, 0, 2 ], [ 0, 0, 0, 0, 0, 0, 0, 0, 0, 0, 0, 0, 0, 0, 1, 0 ], 
                  [ 0, 0, -2, -1, -1, -1, 1, 1, -1, 1, 0, 0, 0, 0, 0, 0 ], [ 0, 0, -1, -2, 0, -1, 1, 1, -1, 1, 0, 0, 0, 0, 0, 0 ], 
                  [ 0, 0, -1, 0, -2, -1, 0, 0, 0, 1, 0, 0, 0, 0, 0, 0 ], [ 0, 0, -1, -1, -1, -2, 1, 0, 0, 1, 0, 0, 0, 0, 0, 0 ], 
                  [ 0, 0, 1, 1, 0, 1, -2, -1, 0, -1, 0, 0, 0, 0, 0, 0 ], [ 0, 0, 1, 1, 0, 0, -1, -2, 1, -1, 0, 0, 0, 0, 0, 0 ], 
                  [ 0, 0, -1, -1, 0, 0, 0, 1, -2, 0, 0, 0, 0, 0, 0, 0 ], [ 0, 0, 1, 1, 1, 1, -1, -1, 0, -2, 0, 0, 0, 0, 0, 0 ], 
                  [ 0, 0, 0, 0, 0, 0, 0, 0, 0, 0, -2, 1, 1, -1, 0, 0 ], [ 0, 0, 0, 0, 0, 0, 0, 0, 0, 0, 1, -4, 1, 2, 0, 0 ], 
                  [ 0, 0, 0, 0, 0, 0, 0, 0, 0, 0, 1, 1, -4, 1, 0, 0 ], [ 0, 0, 0, 0, 0, 0, 0, 0, 0, 0, -1, 2, 1, -10, 0, 0 ], 
                  [ 0, 1, 0, 0, 0, 0, 0, 0, 0, 0, 0, 0, 0, 0, 0, 0 ], [ 2, 0, 0, 0, 0, 0, 0, 0, 0, 0, 0, 0, 0, 0, 0, 0 ] ] ],
          method := "Nikulin uniqueness",
          spinorPrimes := [  ] ),
      ampleflag := true,
      basisdual := [ [ 2, 0, 0, 0, 0, 8 ], [ 0, 2, 0, 0, 0, 8 ], [ 0, 0, 1, 1, 3, 4 ], [ 0, 0, 0, 3, 3, 13 ], [ 0, 0, 0, 0, 4, 8 ], [ 0, 0, 0, 0, 0, 14 ] ],
      extdeg := 1,
      extgroupgens := [ [ 2, 0, 0, 0 ], [ 0, 2, 0, 0 ], [ 0, 0, 2, 0 ], [ 0, 0, 0, 84 ] ],
      h := [ 1, 1, 2, 0, -1, -1 ],
      rho := 6,
      sprats := rec(
          nopss := [ 0, 8 ],
          scons := [ [ [ 1, 0, 1, 0, 0, -1 ], [ 1, 2, 3, 0, -2, -1 ] ], [ [ 1, -1, 2, 0, -1, 0 ], [ 1, 3, 2, 0, -1, -2 ] ], [ [ 1, 2, 1, 0, 0, -2 ], [ 1, 0, 3, 0, -2, 0 ] ], 
              [ [ 1, 1, 1, -1, 1, -1 ], [ 1, 1, 3, 1, -3, -1 ] ], [ [ 1, 1, 3, -1, 0, -1 ], [ 1, 1, 1, 1, -2, -1 ] ], [ [ 1, 1, 0, 0, 0, -1 ], [ 1, 1, 4, 0, -2, -1 ] ], 
              [ [ 1, 1, 4, -1, -2, 0 ], [ 1, 1, 0, 1, 0, -2 ] ], [ [ 1, 1, -2, 1, 1, -2 ], [ 1, 1, 6, -1, -3, 0 ] ] ],
          slins := [  ] ) ), rec(
      Gram := [ [ -6, -10, -5, -18, -12, -21 ], [ -10, -22, -14, -42, -28, -42 ], [ -5, -14, -14, -35, -24, -28 ], [ -18, -42, -35, -96, -64, -84 ], 
          [ -12, -28, -24, -64, -44, -56 ], [ -21, -42, -28, -84, -56, -84 ] ],
      Trec := rec(
          count := 1,
          grams := [ [ [ 0, 0, 0, 0, 0, 0, 0, 0, 0, 0, 0, 0, 0, 0, 0, 1 ], [ 0, -2, -1, -1, -1, 1, 1, -1, 1, 0, 0, 0, 0, 0, 0, 0 ], 
                  [ 0, -1, -2, 0, 0, 1, 1, -1, 1, 0, 0, 0, 0, 0, 0, 0 ], [ 0, -1, 0, -2, 0, 0, 1, -1, 1, 0, 0, 0, 0, 0, 0, 0 ], 
                  [ 0, -1, 0, 0, -2, 0, 0, 0, 0, 0, 0, 0, 0, 0, 0, 0 ], [ 0, 1, 1, 0, 0, -2, 0, 1, -1, 0, 0, 0, 0, 0, 0, 0 ], 
                  [ 0, 1, 1, 1, 0, 0, -2, 1, -1, 0, 0, 0, 0, 0, 0, 0 ], [ 0, -1, -1, -1, 0, 1, 1, -2, 1, 0, 0, 0, 0, 0, 0, 0 ], 
                  [ 0, 1, 1, 1, 0, -1, -1, 1, -2, 0, 0, 0, 0, 0, 0, 0 ], [ 0, 0, 0, 0, 0, 0, 0, 0, 0, -2, 1, -1, 0, 0, 0, 0 ], 
                  [ 0, 0, 0, 0, 0, 0, 0, 0, 0, 1, -2, 0, 0, 0, 0, 0 ], [ 0, 0, 0, 0, 0, 0, 0, 0, 0, -1, 0, -2, 0, 0, 0, 0 ], 
                  [ 0, 0, 0, 0, 0, 0, 0, 0, 0, 0, 0, 0, -2, 0, 1, 0 ], [ 0, 0, 0, 0, 0, 0, 0, 0, 0, 0, 0, 0, 0, -2, 0, 0 ], 
                  [ 0, 0, 0, 0, 0, 0, 0, 0, 0, 0, 0, 0, 1, 0, 10, 0 ], [ 1, 0, 0, 0, 0, 0, 0, 0, 0, 0, 0, 0, 0, 0, 0, 0 ] ] ],
          method := "Nikulin uniqueness",
          spinorPrimes := [  ] ),
      ampleflag := true,
      basisdual := [ [ 1, 0, 0, 0, 0, 4 ], [ 0, 2, 0, 0, 0, 8 ], [ 0, 0, 1, 1, 3, 4 ], [ 0, 0, 0, 3, 3, 13 ], [ 0, 0, 0, 0, 4, 8 ], [ 0, 0, 0, 0, 0, 14 ] ],
      extdeg := 2,
      extgroupgens := [ [ 2, 0, 0, 0 ], [ 0, 1, 0, 0 ], [ 0, 0, 2, 0 ], [ 0, 0, 0, 84 ] ],
      h := [ 2, 1, 2, 0, -1, -1 ],
      rho := 6,
      sprats := rec(
          nopss := [ 4, 2 ],
          scons := [ [ [ 2, -1, 2, 0, -1, 0 ], [ 2, 3, 2, 0, -1, -2 ] ], [ [ 2, 2, 1, 0, 0, -2 ], [ 2, 0, 3, 0, -2, 0 ] ] ],
          slins := [ [ [ 1, 0, 2, -1, 0, 0 ], [ 1, 1, 0, 1, -1, -1 ] ], [ [ 1, 0, 1, 0, -1, 0 ], [ 1, 1, 1, 0, 0, -1 ] ], [ [ 1, 0, -1, 1, 0, -1 ], [ 1, 1, 3, -1, -1, 0 ] ], 
              [ [ 1, 0, 3, 0, -2, 0 ], [ 1, 1, -1, 0, 1, -1 ] ] ] ) ), rec(
      Gram := [ [ -2, -1, -2, -5, -9, -5 ], [ -1, -6, -4, -11, -15, -5 ], [ -2, -4, -6, -13, -18, -10 ], [ -5, -11, -13, -32, -42, -20 ], [ -9, -15, -18, -42, -60, -30 ], 
          [ -5, -5, -10, -20, -30, -20 ] ],
      Trec := rec(
          count := 1,
          grams := [ [ [ 0, 0, 0, 0, 0, 0, 0, 0, 0, 0, 0, 0, 0, 0, 0, 1 ], [ 0, -2, 1, 1, 1, 1, -1, 1, 1, 0, 0, 0, 0, 0, 0, 0 ], 
                  [ 0, 1, -2, -1, -1, -1, 0, -1, 0, 0, 0, 0, 0, 0, 0, 0 ], [ 0, 1, -1, -2, 0, -1, 1, 0, 0, 0, 0, 0, 0, 0, 0, 0 ], 
                  [ 0, 1, -1, 0, -2, -1, 0, -1, -1, 0, 0, 0, 0, 0, 0, 0 ], [ 0, 1, -1, -1, -1, -2, 0, -1, -1, 0, 0, 0, 0, 0, 0, 0 ], 
                  [ 0, -1, 0, 1, 0, 0, -2, 0, 0, 0, 0, 0, 0, 0, 0, 0 ], [ 0, 1, -1, 0, -1, -1, 0, -2, -1, 0, 0, 0, 0, 0, 0, 0 ], 
                  [ 0, 1, 0, 0, -1, -1, 0, -1, -2, 0, 0, 0, 0, 0, 0, 0 ], [ 0, 0, 0, 0, 0, 0, 0, 0, 0, -2, -1, 0, 0, -1, 1, 0 ], 
                  [ 0, 0, 0, 0, 0, 0, 0, 0, 0, -1, -2, 0, 0, -1, -1, 0 ], [ 0, 0, 0, 0, 0, 0, 0, 0, 0, 0, 0, -2, -1, 0, -2, 0 ], 
                  [ 0, 0, 0, 0, 0, 0, 0, 0, 0, 0, 0, -1, -2, 0, 2, 0 ], [ 0, 0, 0, 0, 0, 0, 0, 0, 0, -1, -1, 0, 0, -4, 0, 0 ], 
                  [ 0, 0, 0, 0, 0, 0, 0, 0, 0, 1, -1, -2, 2, 0, 2, 0 ], [ 1, 0, 0, 0, 0, 0, 0, 0, 0, 0, 0, 0, 0, 0, 0, 0 ] ] ],
          method := "Nikulin uniqueness",
          spinorPrimes := [  ] ),
      ampleflag := true,
      basisdual := [ [ 2, 0, 0, 0, 3, 1 ], [ 0, 2, 0, 0, 3, 0 ], [ 0, 0, 1, 1, 1, 2 ], [ 0, 0, 0, 3, 3, 2 ], [ 0, 0, 0, 0, 6, 3 ], [ 0, 0, 0, 0, 0, 5 ] ],
      extdeg := 1,
      extgroupgens := [ [ 6, 0 ], [ 0, 60 ] ],
      h := [ 1, 1, 2, 0, -1, 0 ],
      rho := 6,
      sprats := rec(
          nopss := [ 0, 14 ],
          scons := [ [ [ 1, 1, 3, 1, -2, 0 ], [ 1, 1, 1, -1, 0, 0 ] ], [ [ 1, 0, 4, 0, -1, -1 ], [ 1, 2, 0, 0, -1, 1 ] ], [ [ 1, 2, 4, 0, -2, 0 ], [ 1, 0, 0, 0, 0, 0 ] ], 
              [ [ 1, 1, 6, -1, -1, -1 ], [ 1, 1, -2, 1, -1, 1 ] ], [ [ 1, 1, 4, 0, -1, -1 ], [ 1, 1, 0, 0, -1, 1 ] ], [ [ 1, 1, 1, 1, -2, 1 ], [ 1, 1, 3, -1, 0, -1 ] ], 
              [ [ 1, 0, 0, 1, -1, 0 ], [ 1, 2, 4, -1, -1, 0 ] ], [ [ 1, 2, 0, 1, -2, 1 ], [ 1, 0, 4, -1, 0, -1 ] ], [ [ 1, 0, 3, 0, -1, 0 ], [ 1, 2, 1, 0, -1, 0 ] ], 
              [ [ 1, 0, 1, 1, -1, 0 ], [ 1, 2, 3, -1, -1, 0 ] ], [ [ 1, -1, 2, 0, 0, -1 ], [ 1, 3, 2, 0, -2, 1 ] ], [ [ 1, 2, 3, 0, -2, 1 ], [ 1, 0, 1, 0, 0, -1 ] ], 
              [ [ 1, 2, 1, 1, -2, 1 ], [ 1, 0, 3, -1, 0, -1 ] ], [ [ 1, 1, 4, -1, -1, 0 ], [ 1, 1, 0, 1, -1, 0 ] ] ],
          slins := [  ] ) ), rec(
      Gram := [ [ -30, 2, -4, -36, 6, -48 ], [ 2, -4, -12, -3, -15, 0 ], [ -4, -12, -42, -23, -48, -16 ], [ -36, -3, -23, -56, -12, -64 ], [ 6, -15, -48, -12, -60, 0 ], 
          [ -48, 0, -16, -64, 0, -80 ] ],
      Trec := rec(
          count := 1,
          grams := [ [ [ 0, 0, 0, 0, 0, 0, 0, 0, 0, 0, 0, 0, 0, 0, 0, 1 ], [ 0, -2, 1, 1, 1, 1, -1, 1, 1, 0, 0, 0, 0, 0, 0, 0 ], 
                  [ 0, 1, -2, -1, -1, -1, 0, -1, 0, 0, 0, 0, 0, 0, 0, 0 ], [ 0, 1, -1, -2, 0, -1, 1, 0, 0, 0, 0, 0, 0, 0, 0, 0 ], 
                  [ 0, 1, -1, 0, -2, -1, 0, -1, -1, 0, 0, 0, 0, 0, 0, 0 ], [ 0, 1, -1, -1, -1, -2, 0, -1, -1, 0, 0, 0, 0, 0, 0, 0 ], 
                  [ 0, -1, 0, 1, 0, 0, -2, 0, 0, 0, 0, 0, 0, 0, 0, 0 ], [ 0, 1, -1, 0, -1, -1, 0, -2, -1, 0, 0, 0, 0, 0, 0, 0 ], 
                  [ 0, 1, 0, 0, -1, -1, 0, -1, -2, 0, 0, 0, 0, 0, 0, 0 ], [ 0, 0, 0, 0, 0, 0, 0, 0, 0, -2, 0, 1, -1, -1, -1, 0 ], 
                  [ 0, 0, 0, 0, 0, 0, 0, 0, 0, 0, -2, -1, 1, 0, 4, 0 ], [ 0, 0, 0, 0, 0, 0, 0, 0, 0, 1, -1, -4, 1, 1, 1, 0 ], 
                  [ 0, 0, 0, 0, 0, 0, 0, 0, 0, -1, 1, 1, -4, -1, -1, 0 ], [ 0, 0, 0, 0, 0, 0, 0, 0, 0, -1, 0, 1, -1, -4, 0, 0 ], 
                  [ 0, 0, 0, 0, 0, 0, 0, 0, 0, -1, 4, 1, -1, 0, 2, 0 ], [ 1, 0, 0, 0, 0, 0, 0, 0, 0, 0, 0, 0, 0, 0, 0, 0 ] ] ],
          method := "Nikulin uniqueness",
          spinorPrimes := [  ] ),
      ampleflag := true,
      basisdual := [ [ 2, 0, 0, 0, 0, 10 ], [ 0, 1, 0, 0, 4, 1 ], [ 0, 0, 1, 1, 12, 6 ], [ 0, 0, 0, 3, 3, 14 ], [ 0, 0, 0, 0, 15, 3 ], [ 0, 0, 0, 0, 0, 16 ] ],
      extdeg := 1,
      extgroupgens := [ [ 6, 0 ], [ 0, 240 ] ],
      h := [ 1, 2, 2, 0, -2, -1 ],
      rho := 6,
      sprats := rec(
          nopss := [ 0, 5 ],
          scons := [ [ [ 1, 1, 2, 0, -2, -1 ], [ 1, 3, 2, 0, -2, -1 ] ], [ [ 1, 6, 2, 0, -3, -1 ], [ 1, -2, 2, 0, -1, -1 ] ], 
              [ [ 1, 2, 6, -1, -5, -1 ], [ 1, 2, -2, 1, 1, -1 ] ], [ [ 1, 2, 3, 1, -3, -2 ], [ 1, 2, 1, -1, -1, 0 ] ], [ [ 1, 1, 1, 0, -1, -1 ], [ 1, 3, 3, 0, -3, -1 ] ] ],
          slins := [  ] ) ), rec(
      Gram := [ [ -2, 2, 4, 0, 6, -4 ], [ 2, -4, -12, -3, -15, 0 ], [ 4, -12, -42, -15, -48, -8 ], [ 0, -3, -15, -12, -12, -12 ], [ 6, -15, -48, -12, -60, 0 ], 
          [ -4, 0, -8, -12, 0, -20 ] ],
      Trec := rec(
          count := 1,
          grams := [ [ [ 0, 0, 0, 0, 0, 0, 0, 0, 0, 0, 0, 0, 0, 0, 0, 1 ], [ 0, -2, 1, 1, 1, 1, -1, 1, 1, 0, 0, 0, 0, 0, 0, 0 ], 
                  [ 0, 1, -2, -1, -1, -1, 0, -1, 0, 0, 0, 0, 0, 0, 0, 0 ], [ 0, 1, -1, -2, 0, -1, 1, 0, 0, 0, 0, 0, 0, 0, 0, 0 ], 
                  [ 0, 1, -1, 0, -2, -1, 0, -1, -1, 0, 0, 0, 0, 0, 0, 0 ], [ 0, 1, -1, -1, -1, -2, 0, -1, -1, 0, 0, 0, 0, 0, 0, 0 ], 
                  [ 0, -1, 0, 1, 0, 0, -2, 0, 0, 0, 0, 0, 0, 0, 0, 0 ], [ 0, 1, -1, 0, -1, -1, 0, -2, -1, 0, 0, 0, 0, 0, 0, 0 ], 
                  [ 0, 1, 0, 0, -1, -1, 0, -1, -2, 0, 0, 0, 0, 0, 0, 0 ], [ 0, 0, 0, 0, 0, 0, 0, 0, 0, -2, -1, 0, 0, -1, 1, 0 ], 
                  [ 0, 0, 0, 0, 0, 0, 0, 0, 0, -1, -2, 0, 0, -1, -1, 0 ], [ 0, 0, 0, 0, 0, 0, 0, 0, 0, 0, 0, -2, -1, 0, -2, 0 ], 
                  [ 0, 0, 0, 0, 0, 0, 0, 0, 0, 0, 0, -1, -2, 0, 2, 0 ], [ 0, 0, 0, 0, 0, 0, 0, 0, 0, -1, -1, 0, 0, -4, 0, 0 ], 
                  [ 0, 0, 0, 0, 0, 0, 0, 0, 0, 1, -1, -2, 2, 0, 2, 0 ], [ 1, 0, 0, 0, 0, 0, 0, 0, 0, 0, 0, 0, 0, 0, 0, 0 ] ] ],
          method := "Nikulin uniqueness",
          spinorPrimes := [  ] ),
      ampleflag := true,
      basisdual := [ [ 2, 0, 0, 0, 0, 2 ], [ 0, 1, 0, 0, 4, 1 ], [ 0, 0, 1, 1, 12, 6 ], [ 0, 0, 0, 3, 3, 6 ], [ 0, 0, 0, 0, 15, 3 ], [ 0, 0, 0, 0, 0, 8 ] ],
      extdeg := 2,
      extgroupgens := [ [ 6, 0 ], [ 0, 120 ] ],
      h := [ 1, 2, 2, 0, -2, -1 ],
      rho := 6,
      sprats := rec(
          nopss := [ 0, 14 ],
          scons := [ [ [ 1, 3, 3, -1, -3, -1 ], [ 1, 1, 1, 1, -1, -1 ] ], [ [ 1, 4, 3, -1, -3, -1 ], [ 1, 0, 1, 1, -1, -1 ] ], 
              [ [ 1, 2, 1, -1, -1, 0 ], [ 1, 2, 3, 1, -3, -2 ] ], [ [ 1, 0, 3, -1, -2, -1 ], [ 1, 4, 1, 1, -2, -1 ] ], 
              [ [ 1, 1, 1, 0, -1, -1 ], [ 1, 3, 3, 0, -3, -1 ] ], [ [ 1, 4, 4, -1, -4, -1 ], [ 1, 0, 0, 1, 0, -1 ] ], [ [ 1, 2, 6, -1, -5, -2 ], [ 1, 2, -2, 1, 1, 0 ] ], 
              [ [ 1, 3, 4, 0, -4, -2 ], [ 1, 1, 0, 0, 0, 0 ] ], [ [ 1, 0, 4, -1, -3, -1 ], [ 1, 4, 0, 1, -1, -1 ] ], [ [ 1, 1, 2, 0, -2, -1 ], [ 1, 3, 2, 0, -2, -1 ] ], 
              [ [ 1, 6, 2, 0, -3, -1 ], [ 1, -2, 2, 0, -1, -1 ] ], [ [ 1, 4, 0, 0, -1, 0 ], [ 1, 0, 4, 0, -3, -2 ] ], [ [ 1, 4, 4, 0, -4, -2 ], [ 1, 0, 0, 0, 0, 0 ] ], 
              [ [ 1, 1, 4, -1, -3, -1 ], [ 1, 3, 0, 1, -1, -1 ] ] ],
          slins := [  ] ) ), rec(
      Gram := [ [ -498, -574, -228, -342, -194, -572 ], [ -574, -664, -264, -396, -225, -660 ], [ -228, -264, -106, -159, -88, -264 ], [ -342, -396, -159, -240, -132, -396 ],
          [ -194, -225, -88, -132, -80, -220 ], [ -572, -660, -264, -396, -220, -660 ] ],
      Trec := rec(
          count := 1,
          grams := [ [ [ 0, 0, 0, 0, 0, 0, 0, 0, 0, 0, 0, 0, 0, 0, 0, 1 ], [ 0, -2, -1, -1, -1, 1, -1, -1, 1, 0, 0, 0, 0, 0, 0, 0 ], 
                  [ 0, -1, -2, 0, 0, 1, -1, -1, 1, 0, 0, 0, 0, 0, 0, 0 ], [ 0, -1, 0, -2, 0, 0, -1, -1, 1, 0, 0, 0, 0, 0, 0, 0 ], 
                  [ 0, -1, 0, 0, -2, 0, 0, 0, 0, 0, 0, 0, 0, 0, 0, 0 ], [ 0, 1, 1, 0, 0, -2, 1, 1, -1, 0, 0, 0, 0, 0, 0, 0 ], 
                  [ 0, -1, -1, -1, 0, 1, -2, -1, 1, 0, 0, 0, 0, 0, 0, 0 ], [ 0, -1, -1, -1, 0, 1, -1, -2, 1, 0, 0, 0, 0, 0, 0, 0 ], 
                  [ 0, 1, 1, 1, 0, -1, 1, 1, -2, 0, 0, 0, 0, 0, 0, 0 ], [ 0, 0, 0, 0, 0, 0, 0, 0, 0, -2, 0, -1, -1, 0, 0, 0 ], 
                  [ 0, 0, 0, 0, 0, 0, 0, 0, 0, 0, -2, 0, 0, 0, 0, 0 ], [ 0, 0, 0, 0, 0, 0, 0, 0, 0, -1, 0, -4, 1, 0, 0, 0 ], 
                  [ 0, 0, 0, 0, 0, 0, 0, 0, 0, -1, 0, 1, -4, 0, 0, 0 ], [ 0, 0, 0, 0, 0, 0, 0, 0, 0, 0, 0, 0, 0, -4, 1, 0 ], 
                  [ 0, 0, 0, 0, 0, 0, 0, 0, 0, 0, 0, 0, 0, 1, 8, 0 ], [ 1, 0, 0, 0, 0, 0, 0, 0, 0, 0, 0, 0, 0, 0, 0, 0 ] ] ],
          method := "Nikulin uniqueness",
          spinorPrimes := [  ] ),
      ampleflag := true,
      basisdual := [ [ 2, 0, 0, 0, 4, 38 ], [ 0, 1, 0, 0, 4, 43 ], [ 0, 0, 1, 1, 0, 18 ], [ 0, 0, 0, 3, 0, 27 ], [ 0, 0, 0, 0, 5, 13 ], [ 0, 0, 0, 0, 0, 44 ] ],
      extdeg := 1,
      extgroupgens := [ [ 2, 0 ], [ 0, 660 ] ],
      h := [ 1, 2, 2, 0, -2, -3 ],
      rho := 6,
      sprats := rec(
          nopss := [ 0, 5 ],
          scons := [ [ [ 1, 2, 6, -1, -2, -4 ], [ 1, 2, -2, 1, -2, -2 ] ], [ [ 1, 2, 3, 1, -2, -4 ], [ 1, 2, 1, -1, -2, -2 ] ], 
              [ [ 1, 3, 2, 0, -2, -4 ], [ 1, 1, 2, 0, -2, -2 ] ], [ [ 1, -2, 2, 0, 1, 0 ], [ 1, 6, 2, 0, -5, -6 ] ], [ [ 1, 1, 1, 0, -1, -2 ], [ 1, 3, 3, 0, -3, -4 ] ] ],
          slins := [  ] ) ), rec(
      Gram := [ [ -6, -10, -10, -12, -18, -8 ], [ -10, -28, -24, -21, -39, -24 ], [ -10, -24, -28, -21, -24, -24 ], [ -12, -21, -21, -24, -36, -16 ], 
          [ -18, -39, -24, -36, -84, -24 ], [ -8, -24, -24, -16, -24, -24 ] ],
      Trec := rec(
          count := 1,
          grams := [ [ [ 0, 0, 0, 0, 0, 0, 0, 0, 0, 0, 0, 0, 0, 0, 0, 1 ], [ 0, -2, 1, -1, -1, 1, 1, 1, -1, 0, 0, 0, 0, 0, 0, 0 ], 
                  [ 0, 1, -2, 0, 1, 0, -1, -1, 1, 0, 0, 0, 0, 0, 0, 0 ], [ 0, -1, 0, -2, -1, 1, 0, 1, 0, 0, 0, 0, 0, 0, 0, 0 ], 
                  [ 0, -1, 1, -1, -2, 1, 1, 1, -1, 0, 0, 0, 0, 0, 0, 0 ], [ 0, 1, 0, 1, 1, -2, 0, 0, 1, 0, 0, 0, 0, 0, 0, 0 ], 
                  [ 0, 1, -1, 0, 1, 0, -2, -1, 1, 0, 0, 0, 0, 0, 0, 0 ], [ 0, 1, -1, 1, 1, 0, -1, -2, 0, 0, 0, 0, 0, 0, 0, 0 ], 
                  [ 0, -1, 1, 0, -1, 1, 1, 0, -2, 0, 0, 0, 0, 0, 0, 0 ], [ 0, 0, 0, 0, 0, 0, 0, 0, 0, -2, 0, 0, 0, 0, 0, 0 ], 
                  [ 0, 0, 0, 0, 0, 0, 0, 0, 0, 0, -2, -1, 0, 1, 1, 0 ], [ 0, 0, 0, 0, 0, 0, 0, 0, 0, 0, -1, -4, 0, 1, 0, 0 ], 
                  [ 0, 0, 0, 0, 0, 0, 0, 0, 0, 0, 0, 0, -2, 2, 3, 0 ], [ 0, 0, 0, 0, 0, 0, 0, 0, 0, 0, 1, 1, 2, -4, 3, 0 ], 
                  [ 0, 0, 0, 0, 0, 0, 0, 0, 0, 0, 1, 0, 3, 3, -4, 0 ], [ 1, 0, 0, 0, 0, 0, 0, 0, 0, 0, 0, 0, 0, 0, 0, 0 ] ] ],
          method := "Nikulin uniqueness",
          spinorPrimes := [  ] ),
      ampleflag := true,
      basisdual := [ [ 2, 0, 0, 4, 4, 2 ], [ 0, 1, 0, 0, 4, 7 ], [ 0, 0, 1, 4, 0, 7 ], [ 0, 0, 0, 5, 5, 2 ], [ 0, 0, 0, 0, 15, 3 ], [ 0, 0, 0, 0, 0, 8 ] ],
      extdeg := 1,
      extgroupgens := [ [ 10, 0 ], [ 0, 120 ] ],
      h := [ 1, 2, 2, -2, 0, -3 ],
      rho := 6,
      sprats := rec(
          nopss := [ 0, 5 ],
          scons := [ [ [ 1, 1, 2, -2, 0, -2 ], [ 1, 3, 2, -2, 0, -4 ] ], [ [ 1, 6, 2, -2, -1, -6 ], [ 1, -2, 2, -2, 1, 0 ] ], 
              [ [ 1, 2, 6, -5, 1, -6 ], [ 1, 2, -2, 1, -1, 0 ] ], [ [ 1, 2, 1, -2, 0, -2 ], [ 1, 2, 3, -2, 0, -4 ] ], [ [ 1, 1, 1, -1, 0, -2 ], [ 1, 3, 3, -3, 0, -4 ] ] ],
          slins := [  ] ) ), rec(
      Gram := [ [ -24, -34, -46, -30, -48, -30 ], [ -34, -54, -69, -46, -65, -50 ], [ -46, -69, -94, -63, -96, -60 ], [ -30, -46, -63, -44, -64, -40 ], 
          [ -48, -65, -96, -64, -110, -50 ], [ -30, -50, -60, -40, -50, -50 ] ],
      Trec := rec(
          count := 1,
          grams := [ [ [ 0, 0, 0, 0, 0, 0, 0, 0, 0, 0, 0, 0, 0, 0, 0, 1 ], [ 0, -2, 0, 0, 0, 0, 0, 0, 0, 0, 0, 0, 0, 0, 1, 0 ], 
                  [ 0, 0, -2, 1, -1, -1, 1, 1, 1, -1, 0, 0, 0, 0, 0, 0 ], [ 0, 0, 1, -2, 0, 0, -1, -1, -1, 0, 0, 0, 0, 0, 0, 0 ], 
                  [ 0, 0, -1, 0, -2, 0, 0, 0, 1, 0, 0, 0, 0, 0, 0, 0 ], [ 0, 0, -1, 0, 0, -2, 0, 1, 0, -1, 0, 0, 0, 0, 0, 0 ], 
                  [ 0, 0, 1, -1, 0, 0, -2, -1, 0, 1, 0, 0, 0, 0, 0, 0 ], [ 0, 0, 1, -1, 0, 1, -1, -2, 0, 1, 0, 0, 0, 0, 0, 0 ], 
                  [ 0, 0, 1, -1, 1, 0, 0, 0, -2, 0, 0, 0, 0, 0, 0, 0 ], [ 0, 0, -1, 0, 0, -1, 1, 1, 0, -2, 0, 0, 0, 0, 0, 0 ], 
                  [ 0, 0, 0, 0, 0, 0, 0, 0, 0, 0, -2, -1, 0, 0, 0, 0 ], [ 0, 0, 0, 0, 0, 0, 0, 0, 0, 0, -1, -2, 0, 0, 0, 0 ], 
                  [ 0, 0, 0, 0, 0, 0, 0, 0, 0, 0, 0, 0, -2, 0, 0, 0 ], [ 0, 0, 0, 0, 0, 0, 0, 0, 0, 0, 0, 0, 0, -6, 0, 0 ], 
                  [ 0, 1, 0, 0, 0, 0, 0, 0, 0, 0, 0, 0, 0, 0, 12, 0 ], [ 1, 0, 0, 0, 0, 0, 0, 0, 0, 0, 0, 0, 0, 0, 0, 0 ] ] ],
          method := "Nikulin uniqueness",
          spinorPrimes := [  ] ),
      ampleflag := true,
      basisdual := [ [ 2, 0, 0, 0, 6, 4 ], [ 0, 1, 0, 0, 4, 8 ], [ 0, 0, 1, 1, 9, 7 ], [ 0, 0, 0, 3, 6, 5 ], [ 0, 0, 0, 0, 15, 1 ], [ 0, 0, 0, 0, 0, 10 ] ],
      extdeg := 1,
      extgroupgens := [ [ 6, 0 ], [ 0, 150 ] ],
      h := [ 1, 2, 2, 0, -2, -3 ],
      rho := 6,
      sprats := rec(
          nopss := [ 0, 7 ],
          scons := [ [ [ 1, 2, 1, -1, -1, -2 ], [ 1, 2, 3, 1, -3, -4 ] ], [ [ 1, 2, 6, -1, -4, -5 ], [ 1, 2, -2, 1, 0, -1 ] ], 
              [ [ 1, 1, 1, 0, -1, -2 ], [ 1, 3, 3, 0, -3, -4 ] ], [ [ 1, 3, 2, 0, -2, -4 ], [ 1, 1, 2, 0, -2, -2 ] ], 
              [ [ 1, 4, 1, 0, -2, -4 ], [ 1, 0, 3, 0, -2, -2 ] ], [ [ 1, 6, 2, 0, -3, -6 ], [ 1, -2, 2, 0, -1, 0 ] ], [ [ 1, 0, 1, 0, -1, -1 ], [ 1, 4, 3, 0, -3, -5 ] ] ],
          slins := [  ] ) ), rec(
      Gram := [ [ -6, -17, -23, -15, -24, -15 ], [ -17, -54, -69, -46, -65, -50 ], [ -23, -69, -94, -63, -96, -60 ], [ -15, -46, -63, -44, -64, -40 ], 
          [ -24, -65, -96, -64, -110, -50 ], [ -15, -50, -60, -40, -50, -50 ] ],
      Trec := rec(
          count := 1,
          grams := [ [ [ 0, 0, 0, 0, 0, 0, 0, 0, 0, 0, 0, 0, 0, 0, 0, 1 ], [ 0, -2, 0, 0, 0, 0, 0, 0, 0, 0, 0, 0, 0, 0, 1, 0 ], 
                  [ 0, 0, -2, 1, -1, -1, 1, 1, 1, -1, 0, 0, 0, 0, 0, 0 ], [ 0, 0, 1, -2, 0, 0, -1, -1, -1, 0, 0, 0, 0, 0, 0, 0 ], 
                  [ 0, 0, -1, 0, -2, 0, 0, 0, 1, 0, 0, 0, 0, 0, 0, 0 ], [ 0, 0, -1, 0, 0, -2, 0, 1, 0, -1, 0, 0, 0, 0, 0, 0 ], 
                  [ 0, 0, 1, -1, 0, 0, -2, -1, 0, 1, 0, 0, 0, 0, 0, 0 ], [ 0, 0, 1, -1, 0, 1, -1, -2, 0, 1, 0, 0, 0, 0, 0, 0 ], 
                  [ 0, 0, 1, -1, 1, 0, 0, 0, -2, 0, 0, 0, 0, 0, 0, 0 ], [ 0, 0, -1, 0, 0, -1, 1, 1, 0, -2, 0, 0, 0, 0, 0, 0 ], 
                  [ 0, 0, 0, 0, 0, 0, 0, 0, 0, 0, -2, -1, 0, 0, 0, 0 ], [ 0, 0, 0, 0, 0, 0, 0, 0, 0, 0, -1, -2, 0, 0, 0, 0 ], 
                  [ 0, 0, 0, 0, 0, 0, 0, 0, 0, 0, 0, 0, -2, 1, 0, 0 ], [ 0, 0, 0, 0, 0, 0, 0, 0, 0, 0, 0, 0, 1, -2, 0, 0 ], 
                  [ 0, 1, 0, 0, 0, 0, 0, 0, 0, 0, 0, 0, 0, 0, 12, 0 ], [ 1, 0, 0, 0, 0, 0, 0, 0, 0, 0, 0, 0, 0, 0, 0, 0 ] ] ],
          method := "Nikulin uniqueness",
          spinorPrimes := [  ] ),
      ampleflag := true,
      basisdual := [ [ 1, 0, 0, 0, 3, 2 ], [ 0, 1, 0, 0, 4, 8 ], [ 0, 0, 1, 1, 9, 7 ], [ 0, 0, 0, 3, 6, 5 ], [ 0, 0, 0, 0, 15, 1 ], [ 0, 0, 0, 0, 0, 10 ] ],
      extdeg := 2,
      extgroupgens := [ [ 6, 0 ], [ 0, 75 ] ],
      h := [ 2, 2, 2, 0, -2, -3 ],
      rho := 6,
      sprats := rec(
          nopss := [ 3, 4 ],
          scons := [ [ [ 2, 1, 1, 0, -1, -2 ], [ 2, 3, 3, 0, -3, -4 ] ], [ [ 2, 3, 2, 0, -2, -4 ], [ 2, 1, 2, 0, -2, -2 ] ], [ [ 2, 4, 1, 0, -2, -4 ], [ 2, 0, 3, 0, -2, -2 ] 
                 ], [ [ 2, 6, 2, 0, -3, -6 ], [ 2, -2, 2, 0, -1, 0 ] ] ],
          slins := [ [ [ 1, 0, 2, -1, -1, -1 ], [ 1, 2, 0, 1, -1, -2 ] ], [ [ 1, 2, 3, -1, -2, -3 ], [ 1, 0, -1, 1, 0, 0 ] ], 
              [ [ 1, 2, -1, 0, 0, -1 ], [ 1, 0, 3, 0, -2, -2 ] ] ] ) ), rec(
      Gram := [ [ -30, -20, -106, -38, -82, -104 ], [ -20, -16, -78, -26, -63, -78 ], [ -106, -78, -394, -135, -312, -390 ], [ -38, -26, -135, -50, -104, -130 ], 
          [ -82, -63, -312, -104, -252, -312 ], [ -104, -78, -390, -130, -312, -390 ] ],
      Trec := rec(
          count := 1,
          grams := [ [ [ 0, 0, 0, 0, 0, 0, 0, 0, 0, 0, 0, 0, 0, 0, 0, 1 ], [ 0, -2, -1, -1, 1, 1, -1, -1, 1, 0, 0, 0, 0, 0, 0, 0 ], 
                  [ 0, -1, -2, 0, 1, 1, -1, 0, 1, 0, 0, 0, 0, 0, 0, 0 ], [ 0, -1, 0, -2, 1, 0, -1, 0, 1, 0, 0, 0, 0, 0, 0, 0 ], 
                  [ 0, 1, 1, 1, -2, -1, 1, 0, -1, 0, 0, 0, 0, 0, 0, 0 ], [ 0, 1, 1, 0, -1, -2, 1, 1, -1, 0, 0, 0, 0, 0, 0, 0 ], 
                  [ 0, -1, -1, -1, 1, 1, -2, 0, 1, 0, 0, 0, 0, 0, 0, 0 ], [ 0, -1, 0, 0, 0, 1, 0, -2, 0, 0, 0, 0, 0, 0, 0, 0 ], 
                  [ 0, 1, 1, 1, -1, -1, 1, 0, -2, 0, 0, 0, 0, 0, 0, 0 ], [ 0, 0, 0, 0, 0, 0, 0, 0, 0, -2, -1, 0, 1, 0, 1, 0 ], 
                  [ 0, 0, 0, 0, 0, 0, 0, 0, 0, -1, -2, 0, 0, 0, 1, 0 ], [ 0, 0, 0, 0, 0, 0, 0, 0, 0, 0, 0, -2, 0, 0, 0, 0 ], 
                  [ 0, 0, 0, 0, 0, 0, 0, 0, 0, 1, 0, 0, 2, -1, 1, 0 ], [ 0, 0, 0, 0, 0, 0, 0, 0, 0, 0, 0, 0, -1, -6, 1, 0 ], 
                  [ 0, 0, 0, 0, 0, 0, 0, 0, 0, 1, 1, 0, 1, 1, -8, 0 ], [ 1, 0, 0, 0, 0, 0, 0, 0, 0, 0, 0, 0, 0, 0, 0, 0 ] ] ],
          method := "Nikulin uniqueness",
          spinorPrimes := [  ] ),
      ampleflag := true,
      basisdual := [ [ 2, 0, 0, 4, 0, 8 ], [ 0, 1, 0, 0, 1, 5 ], [ 0, 0, 1, 4, 0, 25 ], [ 0, 0, 0, 5, 0, 7 ], [ 0, 0, 0, 0, 3, 19 ], [ 0, 0, 0, 0, 0, 26 ] ],
      extdeg := 1,
      extgroupgens := [ [ 2, 0 ], [ 0, 390 ] ],
      h := [ 1, 2, 2, -2, 0, -2 ],
      rho := 6,
      sprats := rec(
          nopss := [ 0, 7 ],
          scons := [ [ [ 1, 2, 6, -5, 0, -5 ], [ 1, 2, -2, 1, 0, 1 ] ], [ [ 1, 4, 1, -1, -1, -1 ], [ 1, 0, 3, -3, 1, -3 ] ], 
              [ [ 1, 6, 2, -2, -1, -2 ], [ 1, -2, 2, -2, 1, -2 ] ], [ [ 1, 1, 1, -1, 1, -2 ], [ 1, 3, 3, -3, -1, -2 ] ], 
              [ [ 1, 3, 2, -2, 1, -3 ], [ 1, 1, 2, -2, -1, -1 ] ], [ [ 1, 2, 1, -2, 0, -1 ], [ 1, 2, 3, -2, 0, -3 ] ], [ [ 1, 0, 1, -1, 0, -1 ], [ 1, 4, 3, -3, 0, -3 ] ] ],
          slins := [  ] ) ), rec(
      Gram := [ [ -126, -82, -268, -312, -330, -396 ], [ -82, -58, -187, -209, -231, -264 ], [ -268, -187, -606, -679, -748, -858 ], [ -312, -209, -679, -782, -836, -990 ], 
          [ -330, -231, -748, -836, -924, -1056 ], [ -396, -264, -858, -990, -1056, -1254 ] ],
      Trec := rec(
          count := 1,
          grams := [ [ [ 0, 0, 0, 0, 0, 0, 0, 0, 0, 0, 0, 0, 0, 0, 0, 1 ], [ 0, 0, 0, 0, 0, 0, 0, 0, 0, 0, 0, 0, 0, 0, 1, 0 ], 
                  [ 0, 0, -2, -1, -1, -1, 0, 0, 0, 1, -1, -1, 1, 0, 0, 0 ], [ 0, 0, -1, -2, 0, 0, 0, 0, 0, 1, 0, -1, 0, 0, 0, 0 ], 
                  [ 0, 0, -1, 0, -2, -1, 0, 0, 0, 1, 0, 0, 0, 0, 0, 0 ], [ 0, 0, -1, 0, -1, -2, 0, 0, 0, 0, -1, 0, 1, 0, 0, 0 ], 
                  [ 0, 0, 0, 0, 0, 0, -2, 0, 0, 0, 0, 0, 0, 0, 0, 0 ], [ 0, 0, 0, 0, 0, 0, 0, -2, 1, 0, 0, 0, 0, 0, 0, 0 ], [ 0, 0, 0, 0, 0, 0, 0, 1, -2, 0, 0, 0, 0, 0, 0, 0 
                     ], [ 0, 0, 1, 1, 1, 0, 0, 0, 0, -4, 1, 2, -1, 0, 0, 0 ], [ 0, 0, -1, 0, 0, -1, 0, 0, 0, 1, -4, -2, 1, 0, 0, 0 ], 
                  [ 0, 0, -1, -1, 0, 0, 0, 0, 0, 2, -2, -4, 0, 0, 0, 0 ], [ 0, 0, 1, 0, 0, 1, 0, 0, 0, -1, 1, 0, -4, 0, 0, 0 ], 
                  [ 0, 0, 0, 0, 0, 0, 0, 0, 0, 0, 0, 0, 0, -2, 0, 0 ], [ 0, 1, 0, 0, 0, 0, 0, 0, 0, 0, 0, 0, 0, 0, 0, 0 ], [ 1, 0, 0, 0, 0, 0, 0, 0, 0, 0, 0, 0, 0, 0, 0, 0 ] 
                 ] ],
          method := "Nikulin uniqueness",
          spinorPrimes := [  ] ),
      ampleflag := true,
      basisdual := [ [ 2, 0, 0, 0, 0, 22 ], [ 0, 1, 0, 0, 3, 14 ], [ 0, 0, 1, 0, 8, 45 ], [ 0, 0, 0, 1, 1, 52 ], [ 0, 0, 0, 0, 11, 55 ], [ 0, 0, 0, 0, 0, 66 ] ],
      extdeg := 1,
      extgroupgens := [ [ 22, 0 ], [ 0, 66 ] ],
      h := [ 1, 2, 2, 2, -2, -2 ],
      rho := 6,
      sprats := rec(
          nopss := [ 0, 5 ],
          scons := [ [ [ 1, 1, 1, 2, -1, -2 ], [ 1, 3, 3, 2, -3, -2 ] ], [ [ 1, 6, 2, 2, -3, -2 ], [ 1, -2, 2, 2, -1, -2 ] ], 
              [ [ 1, 2, -2, 1, 1, -1 ], [ 1, 2, 6, 3, -5, -3 ] ], [ [ 1, 2, 1, -2, -1, 1 ], [ 1, 2, 3, 6, -3, -5 ] ], [ [ 1, 1, 2, 1, -2, -1 ], [ 1, 3, 2, 3, -2, -3 ] ] ],
          slins := [  ] ) ), rec(
      Gram := [ [ -88, -123, -106, -182, -114, -190 ], [ -123, -176, -152, -266, -171, -266 ], [ -106, -152, -132, -233, -152, -228 ], [ -182, -266, -233, -436, -304, -380 ],
          [ -114, -171, -152, -304, -228, -228 ], [ -190, -266, -228, -380, -228, -418 ] ],
      Trec := rec(
          count := 1,
          grams := [ [ [ 0, 0, 0, 0, 0, 0, 0, 0, 0, 0, 0, 0, 0, 0, 0, 1 ], [ 0, -2, 1, 1, 1, 1, 1, -1, 1, 0, 0, 0, 0, 0, 0, 0 ], 
                  [ 0, 1, -2, -1, -1, -1, -1, 0, 0, 0, 0, 0, 0, 0, 0, 0 ], [ 0, 1, -1, -2, 0, -1, -1, 0, 0, 0, 0, 0, 0, 0, 0, 0 ], 
                  [ 0, 1, -1, 0, -2, -1, 0, 1, -1, 0, 0, 0, 0, 0, 0, 0 ], [ 0, 1, -1, -1, -1, -2, -1, 1, 0, 0, 0, 0, 0, 0, 0, 0 ], 
                  [ 0, 1, -1, -1, 0, -1, -2, 0, 0, 0, 0, 0, 0, 0, 0, 0 ], [ 0, -1, 0, 0, 1, 1, 0, -2, 1, 0, 0, 0, 0, 0, 0, 0 ], 
                  [ 0, 1, 0, 0, -1, 0, 0, 1, -2, 0, 0, 0, 0, 0, 0, 0 ], [ 0, 0, 0, 0, 0, 0, 0, 0, 0, -2, 1, 0, -1, -1, 0, 0 ], 
                  [ 0, 0, 0, 0, 0, 0, 0, 0, 0, 1, -2, 0, 1, 0, 0, 0 ], [ 0, 0, 0, 0, 0, 0, 0, 0, 0, 0, 0, -2, 0, 0, -1, 0 ], 
                  [ 0, 0, 0, 0, 0, 0, 0, 0, 0, -1, 1, 0, 4, -1, 0, 0 ], [ 0, 0, 0, 0, 0, 0, 0, 0, 0, -1, 0, 0, -1, -6, 0, 0 ], 
                  [ 0, 0, 0, 0, 0, 0, 0, 0, 0, 0, 0, -1, 0, 0, -10, 0 ], [ 1, 0, 0, 0, 0, 0, 0, 0, 0, 0, 0, 0, 0, 0, 0, 0 ] ] ],
          method := "Nikulin uniqueness",
          spinorPrimes := [  ] ),
      ampleflag := true,
      basisdual := [ [ 2, 0, 0, 0, 3, 19 ], [ 0, 1, 0, 0, 5, 24 ], [ 0, 0, 1, 0, 5, 20 ], [ 0, 0, 0, 1, 18, 33 ], [ 0, 0, 0, 0, 19, 19 ], [ 0, 0, 0, 0, 0, 38 ] ],
      extdeg := 1,
      extgroupgens := [ [ 38, 0 ], [ 0, 38 ] ],
      h := [ 1, 2, 2, 2, -3, -3 ],
      rho := 6,
      sprats := rec(
          nopss := [ 0, 5 ],
          scons := [ [ [ 1, 1, 3, 2, -3, -3 ], [ 1, 3, 1, 2, -3, -3 ] ], [ [ 1, 6, 2, 2, -4, -5 ], [ 1, -2, 2, 2, -2, -1 ] ], 
              [ [ 1, 2, -2, 1, -1, -1 ], [ 1, 2, 6, 3, -5, -5 ] ], [ [ 1, 1, 2, 1, -2, -2 ], [ 1, 3, 2, 3, -4, -4 ] ], [ [ 1, 2, 3, 6, -7, -5 ], [ 1, 2, 1, -2, 1, -1 ] ] ],
          slins := [  ] ) ), rec(
      Gram := [ [ -136, -147, -129, -243, -171, -209 ], [ -147, -176, -152, -266, -171, -266 ], [ -129, -152, -132, -233, -152, -228 ], [ -243, -266, -233, -436, -304, -380 ]
            , [ -171, -171, -152, -304, -228, -228 ], [ -209, -266, -228, -380, -228, -418 ] ],
      Trec := rec(
          count := 1,
          grams := [ [ [ 0, 0, 0, 0, 0, 0, 0, 0, 0, 0, 0, 0, 0, 0, 0, 1 ], [ 0, -2, 1, 1, 1, 1, 1, -1, 1, 0, 0, 0, 0, 0, 0, 0 ], 
                  [ 0, 1, -2, -1, -1, -1, -1, 0, 0, 0, 0, 0, 0, 0, 0, 0 ], [ 0, 1, -1, -2, 0, -1, -1, 0, 0, 0, 0, 0, 0, 0, 0, 0 ], 
                  [ 0, 1, -1, 0, -2, -1, 0, 1, -1, 0, 0, 0, 0, 0, 0, 0 ], [ 0, 1, -1, -1, -1, -2, -1, 1, 0, 0, 0, 0, 0, 0, 0, 0 ], 
                  [ 0, 1, -1, -1, 0, -1, -2, 0, 0, 0, 0, 0, 0, 0, 0, 0 ], [ 0, -1, 0, 0, 1, 1, 0, -2, 1, 0, 0, 0, 0, 0, 0, 0 ], 
                  [ 0, 1, 0, 0, -1, 0, 0, 1, -2, 0, 0, 0, 0, 0, 0, 0 ], [ 0, 0, 0, 0, 0, 0, 0, 0, 0, -2, 1, -1, 0, -1, 0, 0 ], 
                  [ 0, 0, 0, 0, 0, 0, 0, 0, 0, 1, -2, 1, 0, 1, 0, 0 ], [ 0, 0, 0, 0, 0, 0, 0, 0, 0, -1, 1, -2, 0, -1, 0, 0 ], 
                  [ 0, 0, 0, 0, 0, 0, 0, 0, 0, 0, 0, 0, -2, 0, -1, 0 ], [ 0, 0, 0, 0, 0, 0, 0, 0, 0, -1, 1, -1, 0, 4, 0, 0 ], 
                  [ 0, 0, 0, 0, 0, 0, 0, 0, 0, 0, 0, 0, -1, 0, -10, 0 ], [ 1, 0, 0, 0, 0, 0, 0, 0, 0, 0, 0, 0, 0, 0, 0, 0 ] ] ],
          method := "Nikulin uniqueness",
          spinorPrimes := [  ] ),
      ampleflag := true,
      basisdual := [ [ 1, 0, 0, 0, 11, 19 ], [ 0, 1, 0, 0, 5, 24 ], [ 0, 0, 1, 0, 5, 20 ], [ 0, 0, 0, 1, 18, 33 ], [ 0, 0, 0, 0, 19, 19 ], [ 0, 0, 0, 0, 0, 38 ] ],
      extdeg := 2,
      extgroupgens := [ [ 19, 0 ], [ 0, 38 ] ],
      h := [ 2, 2, 2, 2, -4, -3 ],
      rho := 6,
      sprats := rec(
          nopss := [ 1, 5 ],
          scons := [ [ [ 2, 1, 3, 2, -4, -3 ], [ 2, 3, 1, 2, -4, -3 ] ], [ [ 2, 6, 2, 2, -5, -5 ], [ 2, -2, 2, 2, -3, -1 ] ], 
              [ [ 2, 2, -2, 1, -2, -1 ], [ 2, 2, 6, 3, -6, -5 ] ], [ [ 2, 1, 2, 1, -3, -2 ], [ 2, 3, 2, 3, -5, -4 ] ], [ [ 2, 2, 3, 6, -8, -5 ], [ 2, 2, 1, -2, 0, -1 ] ] ],
          slins := [ [ [ 1, 2, 0, 2, -3, -2 ], [ 1, 0, 2, 0, -1, -1 ] ] ] ) ), rec(
      Gram := [ [ -89622, -46168, -25528, -11406, -42366, -113520 ], [ -46168, -23784, -13151, -5876, -21825, -58480 ], [ -25528, -13151, -7272, -3249, -12068, -32336 ], 
          [ -11406, -5876, -3249, -1452, -5392, -14448 ], [ -42366, -21825, -12068, -5392, -20028, -53664 ], [ -113520, -58480, -32336, -14448, -53664, -143792 ] ],
      Trec := rec(
          count := 1,
          grams := [ [ [ 0, 0, 0, 0, 0, 0, 0, 0, 0, 0, 0, 0, 0, 0, 0, 1 ], [ 0, -2, -1, -1, -1, 1, 1, -1, 1, 0, 0, 0, 0, 0, 0, 0 ], 
                  [ 0, -1, -2, 0, 0, 1, 1, -1, 1, 0, 0, 0, 0, 0, 0, 0 ], [ 0, -1, 0, -2, 0, 0, 1, -1, 1, 0, 0, 0, 0, 0, 0, 0 ], 
                  [ 0, -1, 0, 0, -2, 0, 0, 0, 0, 0, 0, 0, 0, 0, 0, 0 ], [ 0, 1, 1, 0, 0, -2, 0, 1, -1, 0, 0, 0, 0, 0, 0, 0 ], 
                  [ 0, 1, 1, 1, 0, 0, -2, 1, -1, 0, 0, 0, 0, 0, 0, 0 ], [ 0, -1, -1, -1, 0, 1, 1, -2, 1, 0, 0, 0, 0, 0, 0, 0 ], 
                  [ 0, 1, 1, 1, 0, -1, -1, 1, -2, 0, 0, 0, 0, 0, 0, 0 ], [ 0, 0, 0, 0, 0, 0, 0, 0, 0, -2, 1, 0, -1, -1, -1, 0 ], 
                  [ 0, 0, 0, 0, 0, 0, 0, 0, 0, 1, -2, 0, 1, 0, 0, 0 ], [ 0, 0, 0, 0, 0, 0, 0, 0, 0, 0, 0, -2, 0, 0, 0, 0 ], 
                  [ 0, 0, 0, 0, 0, 0, 0, 0, 0, -1, 1, 0, -4, -1, 0, 0 ], [ 0, 0, 0, 0, 0, 0, 0, 0, 0, -1, 0, 0, -1, -4, 1, 0 ], 
                  [ 0, 0, 0, 0, 0, 0, 0, 0, 0, -1, 0, 0, 0, 1, 20, 0 ], [ 1, 0, 0, 0, 0, 0, 0, 0, 0, 0, 0, 0, 0, 0, 0, 0 ] ] ],
          method := "Nikulin uniqueness",
          spinorPrimes := [  ] ),
      ampleflag := true,
      basisdual := [ [ 2, 0, 0, 0, 0, 544 ], [ 0, 1, 0, 0, 0, 280 ], [ 0, 0, 1, 0, 0, 155 ], [ 0, 0, 0, 1, 0, 69 ], [ 0, 0, 0, 0, 1, 257 ], [ 0, 0, 0, 0, 0, 688 ] ],
      extdeg := 1,
      extgroupgens := [ [ 2, 0 ], [ 0, 688 ] ],
      h := [ 1, 2, 2, 2, 2, -3 ],
      rho := 6,
      sprats := rec(
          nopss := [ 0, 5 ],
          scons := [ [ [ 1, 6, 2, 2, 3, -5 ], [ 1, -2, 2, 2, 1, -1 ] ], [ [ 1, 2, -2, 1, 2, -2 ], [ 1, 2, 6, 3, 2, -4 ] ], [ [ 1, 2, 3, 6, 3, -4 ], [ 1, 2, 1, -2, 1, -2 ] ], 
              [ [ 1, 3, 3, 2, 3, -4 ], [ 1, 1, 1, 2, 1, -2 ] ], [ [ 1, 1, 2, 1, -2, -1 ], [ 1, 3, 2, 3, 6, -5 ] ] ],
          slins := [  ] ) ), rec(
      Gram := [ [ -73078, -79720, -97752, -5694, -77822, -99176 ], [ -79720, -86968, -106639, -6212, -84897, -108192 ], [ -97752, -106639, -130760, -7617, -104100, -132664 ],
          [ -5694, -6212, -7617, -444, -6064, -7728 ], [ -77822, -84897, -104100, -6064, -82876, -105616 ], [ -99176, -108192, -132664, -7728, -105616, -134596 ] ],
      Trec := rec(
          count := 1,
          grams := [ [ [ 0, 0, 0, 0, 0, 0, 0, 0, 0, 0, 0, 0, 0, 0, 0, 1 ], [ 0, -2, -1, -1, -1, 1, 1, 1, 1, 0, 0, 0, 0, 0, 0, 0 ], 
                  [ 0, -1, -2, 0, 0, 1, 1, 1, 1, 0, 0, 0, 0, 0, 0, 0 ], [ 0, -1, 0, -2, 0, 0, 1, 1, 1, 0, 0, 0, 0, 0, 0, 0 ], 
                  [ 0, -1, 0, 0, -2, 0, 0, 0, 0, 0, 0, 0, 0, 0, 0, 0 ], [ 0, 1, 1, 0, 0, -2, 0, 0, -1, 0, 0, 0, 0, 0, 0, 0 ], 
                  [ 0, 1, 1, 1, 0, 0, -2, -1, -1, 0, 0, 0, 0, 0, 0, 0 ], [ 0, 1, 1, 1, 0, 0, -1, -2, -1, 0, 0, 0, 0, 0, 0, 0 ], 
                  [ 0, 1, 1, 1, 0, -1, -1, -1, -2, 0, 0, 0, 0, 0, 0, 0 ], [ 0, 0, 0, 0, 0, 0, 0, 0, 0, -2, 0, 0, 1, 0, 0, 0 ], 
                  [ 0, 0, 0, 0, 0, 0, 0, 0, 0, 0, -2, 0, 0, 0, 0, 0 ], [ 0, 0, 0, 0, 0, 0, 0, 0, 0, 0, 0, -2, -1, 0, 0, 0 ], 
                  [ 0, 0, 0, 0, 0, 0, 0, 0, 0, 1, 0, -1, -6, -2, 0, 0 ], [ 0, 0, 0, 0, 0, 0, 0, 0, 0, 0, 0, 0, -2, -6, -1, 0 ], 
                  [ 0, 0, 0, 0, 0, 0, 0, 0, 0, 0, 0, 0, 0, -1, 6, 0 ], [ 1, 0, 0, 0, 0, 0, 0, 0, 0, 0, 0, 0, 0, 0, 0, 0 ] ] ],
          method := "Nikulin uniqueness",
          spinorPrimes := [  ] ),
      ampleflag := true,
      basisdual := [ [ 2, 0, 0, 0, 0, 476 ], [ 0, 1, 0, 0, 0, 518 ], [ 0, 0, 1, 0, 0, 635 ], [ 0, 0, 0, 1, 0, 37 ], [ 0, 0, 0, 0, 1, 505 ], [ 0, 0, 0, 0, 0, 644 ] ],
      extdeg := 1,
      extgroupgens := [ [ 2, 0 ], [ 0, 644 ] ],
      h := [ 1, 2, 2, 2, 2, -6 ],
      rho := 6,
      sprats := rec(
          nopss := [ 0, 5 ],
          scons := [ [ [ 1, 2, -2, 1, 2, -2 ], [ 1, 2, 6, 3, 2, -10 ] ], [ [ 1, 2, 1, -2, 1, -4 ], [ 1, 2, 3, 6, 3, -8 ] ], [ [ 1, 3, 2, 3, 6, -10 ], [ 1, 1, 2, 1, -2, -2 ] ]
                , [ [ 1, -2, 2, 2, 1, -2 ], [ 1, 6, 2, 2, 3, -10 ] ], [ [ 1, 1, 1, 2, 3, -5 ], [ 1, 3, 3, 2, 1, -7 ] ] ],
          slins := [  ] ) ), rec(
      Gram := [ [ -117122, -44468, -127768, -12526, -83926, -130900 ], [ -44468, -16884, -48511, -4756, -31865, -49700 ], [ -127768, -48511, -139384, -13665, -91556, -142800 
             ], [ -12526, -4756, -13665, -1340, -8976, -14000 ], [ -83926, -31865, -91556, -8976, -60140, -93800 ], [ -130900, -49700, -142800, -14000, -93800, -146300 ] ],
      Trec := rec(
          count := 1,
          grams := [ [ [ -2, -1, -1, -1, -1, 1, 1, 0, 1, -1, 0, 0, 0, 0, 0, 1 ], [ -1, -2, 0, 0, -1, 0, 1, -1, 1, 0, 0, 0, 0, 0, 0, 0 ], 
                  [ -1, 0, -2, 0, 0, 1, 0, 0, 0, -1, 0, 0, 0, 0, 0, 0 ], [ -1, 0, 0, -2, 0, 1, 0, 1, 0, -1, 0, 0, 0, 0, 0, 1 ], 
                  [ -1, -1, 0, 0, -2, 0, 1, -1, 1, 0, 0, 0, 0, 0, 0, 1 ], [ 1, 0, 1, 1, 0, -2, 0, 0, 0, 0, 0, 0, 0, 0, 0, -1 ], 
                  [ 1, 1, 0, 0, 1, 0, -2, 0, -1, 0, 0, 0, 0, 0, 0, 0 ], [ 0, -1, 0, 1, -1, 0, 0, -2, -1, 0, 0, 0, 0, 1, -1, 0 ], 
                  [ 1, 1, 0, 0, 1, 0, -1, -1, -2, 1, -1, 0, 1, 0, 0, 0 ], [ -1, 0, -1, -1, 0, 0, 0, 0, 1, -2, -1, 0, 0, -1, 1, 0 ], 
                  [ 0, 0, 0, 0, 0, 0, 0, 0, -1, -1, -2, -1, 0, 0, 0, 0 ], [ 0, 0, 0, 0, 0, 0, 0, 0, 0, 0, -1, -2, 0, -1, 0, 0 ], 
                  [ 0, 0, 0, 0, 0, 0, 0, 0, 1, 0, 0, 0, -2, -1, 1, -1 ], [ 0, 0, 0, 0, 0, 0, 0, 1, 0, -1, 0, -1, -1, -2, -1, -1 ], 
                  [ 0, 0, 0, 0, 0, 0, 0, -1, 0, 1, 0, 0, 1, -1, -2, 1 ], [ 1, 0, 0, 1, 1, -1, 0, 0, 0, 0, 0, 0, -1, -1, 1, 2 ] ] ],
          method := "Nikulin uniqueness",
          spinorPrimes := [  ] ),
      ampleflag := true,
      basisdual := [ [ 2, 0, 0, 0, 0, 628 ], [ 0, 1, 0, 0, 0, 238 ], [ 0, 0, 1, 0, 0, 683 ], [ 0, 0, 0, 1, 0, 67 ], [ 0, 0, 0, 0, 1, 449 ], [ 0, 0, 0, 0, 0, 700 ] ],
      extdeg := 1,
      extgroupgens := [ [ 2, 0 ], [ 0, 700 ] ],
      h := [ 1, 2, 2, 2, 2, -5 ],
      rho := 6,
      sprats := rec(
          nopss := [ 0, 5 ],
          scons := [ [ [ 1, -2, 2, 2, 1, -3 ], [ 1, 6, 2, 2, 3, -7 ] ], [ [ 1, 2, -2, 1, 2, -1 ], [ 1, 2, 6, 3, 2, -9 ] ], [ [ 1, 2, 1, -2, 1, -3 ], [ 1, 2, 3, 6, 3, -7 ] ], 
              [ [ 1, 1, 3, 2, 1, -5 ], [ 1, 3, 1, 2, 3, -5 ] ], [ [ 1, 1, 2, 1, -2, -2 ], [ 1, 3, 2, 3, 6, -8 ] ] ],
          slins := [  ] ) ), rec(
      Gram := [ [ -1446, -1576, -7816, -9918, -7422, -13728 ], [ -1576, -1720, -8527, -10820, -8097, -14976 ], [ -7816, -8527, -42280, -53649, -40148, -74256 ], 
          [ -9918, -10820, -53649, -68076, -50944, -94224 ], [ -7422, -8097, -40148, -50944, -38124, -70512 ], [ -13728, -14976, -74256, -94224, -70512, -130416 ] ],
      Trec := rec(
          count := 1,
          grams := [ [ [ 0, 0, 0, 0, 0, 0, 0, 0, 0, 0, 0, 0, 0, 0, 0, 1 ], [ 0, -2, -1, -1, 1, 1, 1, 1, 1, 0, 0, 0, 0, 0, 0, 0 ], 
                  [ 0, -1, -2, 0, 1, 1, 1, 0, 1, 0, 0, 0, 0, 0, 0, 0 ], [ 0, -1, 0, -2, 1, 0, 1, 0, 1, 0, 0, 0, 0, 0, 0, 0 ], 
                  [ 0, 1, 1, 1, -2, -1, -1, 0, -1, 0, 0, 0, 0, 0, 0, 0 ], [ 0, 1, 1, 0, -1, -2, 0, 0, -1, 0, 0, 0, 0, 0, 0, 0 ], 
                  [ 0, 1, 1, 1, -1, 0, -2, 0, -1, 0, 0, 0, 0, 0, 0, 0 ], [ 0, 1, 0, 0, 0, 0, 0, -2, 0, 0, 0, 0, 0, 0, 0, 0 ], 
                  [ 0, 1, 1, 1, -1, -1, -1, 0, -2, 0, 0, 0, 0, 0, 0, 0 ], [ 0, 0, 0, 0, 0, 0, 0, 0, 0, -2, 0, 0, 0, 1, 1, 0 ], 
                  [ 0, 0, 0, 0, 0, 0, 0, 0, 0, 0, 2, 1, 0, 1, 0, 0 ], [ 0, 0, 0, 0, 0, 0, 0, 0, 0, 0, 1, -2, -1, 0, 1, 0 ], 
                  [ 0, 0, 0, 0, 0, 0, 0, 0, 0, 0, 0, -1, -4, -1, 0, 0 ], [ 0, 0, 0, 0, 0, 0, 0, 0, 0, 1, 1, 0, -1, -6, 2, 0 ], 
                  [ 0, 0, 0, 0, 0, 0, 0, 0, 0, 1, 0, 1, 0, 2, -8, 0 ], [ 1, 0, 0, 0, 0, 0, 0, 0, 0, 0, 0, 0, 0, 0, 0, 0 ] ] ],
          method := "Nikulin uniqueness",
          spinorPrimes := [  ] ),
      ampleflag := true,
      basisdual := [ [ 2, 0, 0, 0, 0, 68 ], [ 0, 1, 0, 0, 0, 72 ], [ 0, 0, 1, 0, 0, 355 ], [ 0, 0, 0, 1, 0, 451 ], [ 0, 0, 0, 0, 1, 337 ], [ 0, 0, 0, 0, 0, 624 ] ],
      extdeg := 1,
      extgroupgens := [ [ 2, 0 ], [ 0, 624 ] ],
      h := [ 1, 2, 2, 2, 2, -4 ],
      rho := 6,
      sprats := rec(
          nopss := [ 0, 5 ],
          scons := [ [ [ 1, 2, 6, 3, 2, -7 ], [ 1, 2, -2, 1, 2, -1 ] ], [ [ 1, 2, 1, -2, 1, 0 ], [ 1, 2, 3, 6, 3, -8 ] ], [ [ 1, 1, 2, 1, -2, -1 ], [ 1, 3, 2, 3, 6, -7 ] ], 
              [ [ 1, -2, 2, 2, 1, -3 ], [ 1, 6, 2, 2, 3, -5 ] ], [ [ 1, 1, 3, 2, 3, -5 ], [ 1, 3, 1, 2, 1, -3 ] ] ],
          slins := [  ] ) ), rec(
      Gram := [ [ -65510, -14888, -21960, -67742, -18238, -77792 ], [ -14888, -3384, -4991, -15396, -4145, -17680 ], [ -21960, -4991, -7362, -22709, -6114, -26078 ], 
          [ -67742, -15396, -22709, -70052, -18860, -80444 ], [ -18238, -4145, -6114, -18860, -5078, -21658 ], [ -77792, -17680, -26078, -80444, -21658, -92378 ] ],
      Trec := rec(
          count := 1,
          grams := [ [ [ 0, 0, 0, 0, 0, 0, 0, 0, 0, 0, 0, 0, 0, 0, 0, 1 ], [ 0, -2, -1, -1, 1, 1, -1, -1, 1, 0, 0, 0, 0, 0, 0, 0 ], 
                  [ 0, -1, -2, 0, 1, 1, 0, -1, 1, 0, 0, 0, 0, 0, 0, 0 ], [ 0, -1, 0, -2, 1, 0, -1, 0, 1, 0, 0, 0, 0, 0, 0, 0 ], 
                  [ 0, 1, 1, 1, -2, -1, 1, 0, -1, 0, 0, 0, 0, 0, 0, 0 ], [ 0, 1, 1, 0, -1, -2, 1, 0, -1, 0, 0, 0, 0, 0, 0, 0 ], 
                  [ 0, -1, 0, -1, 1, 1, -2, 0, 1, 0, 0, 0, 0, 0, 0, 0 ], [ 0, -1, -1, 0, 0, 0, 0, -2, 0, 0, 0, 0, 0, 0, 0, 0 ], 
                  [ 0, 1, 1, 1, -1, -1, 1, 0, -2, 0, 0, 0, 0, 0, 0, 0 ], [ 0, 0, 0, 0, 0, 0, 0, 0, 0, -2, 0, 0, 0, 0, 0, 0 ], 
                  [ 0, 0, 0, 0, 0, 0, 0, 0, 0, 0, -2, -1, -1, 1, 1, 0 ], [ 0, 0, 0, 0, 0, 0, 0, 0, 0, 0, -1, -2, -1, 0, 0, 0 ], 
                  [ 0, 0, 0, 0, 0, 0, 0, 0, 0, 0, -1, -1, -2, 1, 0, 0 ], [ 0, 0, 0, 0, 0, 0, 0, 0, 0, 0, 1, 0, 1, -4, -1, 0 ], 
                  [ 0, 0, 0, 0, 0, 0, 0, 0, 0, 0, 1, 0, 0, -1, 36, 0 ], [ 1, 0, 0, 0, 0, 0, 0, 0, 0, 0, 0, 0, 0, 0, 0, 0 ] ] ],
          method := "Nikulin uniqueness",
          spinorPrimes := [  ] ),
      ampleflag := true,
      basisdual := [ [ 2, 0, 0, 0, 0, 374 ], [ 0, 1, 0, 0, 0, 85 ], [ 0, 0, 1, 0, 0, 125 ], [ 0, 0, 0, 1, 0, 385 ], [ 0, 0, 0, 0, 1, 103 ], [ 0, 0, 0, 0, 0, 442 ] ],
      extdeg := 1,
      extgroupgens := [ [ 2, 0 ], [ 0, 442 ] ],
      h := [ 1, 2, 2, 2, 2, -4 ],
      rho := 6,
      sprats := rec(
          nopss := [ 0, 7 ],
          scons := [ [ [ 1, 2, 6, 3, 2, -6 ], [ 1, 2, -2, 1, 2, -2 ] ], [ [ 1, 2, 1, -2, 1, 0 ], [ 1, 2, 3, 6, 3, -8 ] ], [ [ 1, 0, 3, 3, 3, -5 ], [ 1, 4, 1, 1, 1, -3 ] ], 
              [ [ 1, -2, 2, 2, 1, -3 ], [ 1, 6, 2, 2, 3, -5 ] ], [ [ 1, 3, 3, 2, 0, -4 ], [ 1, 1, 1, 2, 4, -4 ] ], [ [ 1, 1, 2, 1, -2, -2 ], [ 1, 3, 2, 3, 6, -6 ] ], 
              [ [ 1, 4, 3, 3, 4, -6 ], [ 1, 0, 1, 1, 0, -2 ] ] ],
          slins := [  ] ) ), rec(
      Gram := [ [ -78368, -16284, -24019, -74093, -19948, -85085 ], [ -16284, -3384, -4991, -15396, -4145, -17680 ], [ -24019, -4991, -7362, -22709, -6114, -26078 ], 
          [ -74093, -15396, -22709, -70052, -18860, -80444 ], [ -19948, -4145, -6114, -18860, -5078, -21658 ], [ -85085, -17680, -26078, -80444, -21658, -92378 ] ],
      Trec := rec(
          count := 1,
          grams := [ [ [ 0, 0, 0, 0, 0, 0, 0, 0, 0, 0, 0, 0, 0, 0, 0, 1 ], [ 0, -2, -1, -1, 1, 1, -1, -1, 1, 0, 0, 0, 0, 0, 0, 0 ], 
                  [ 0, -1, -2, 0, 1, 1, 0, -1, 1, 0, 0, 0, 0, 0, 0, 0 ], [ 0, -1, 0, -2, 1, 0, -1, 0, 1, 0, 0, 0, 0, 0, 0, 0 ], 
                  [ 0, 1, 1, 1, -2, -1, 1, 0, -1, 0, 0, 0, 0, 0, 0, 0 ], [ 0, 1, 1, 0, -1, -2, 1, 0, -1, 0, 0, 0, 0, 0, 0, 0 ], 
                  [ 0, -1, 0, -1, 1, 1, -2, 0, 1, 0, 0, 0, 0, 0, 0, 0 ], [ 0, -1, -1, 0, 0, 0, 0, -2, 0, 0, 0, 0, 0, 0, 0, 0 ], 
                  [ 0, 1, 1, 1, -1, -1, 1, 0, -2, 0, 0, 0, 0, 0, 0, 0 ], [ 0, 0, 0, 0, 0, 0, 0, 0, 0, -2, -1, -1, -1, -1, 1, 0 ], 
                  [ 0, 0, 0, 0, 0, 0, 0, 0, 0, -1, -2, -1, -1, -1, 0, 0 ], [ 0, 0, 0, 0, 0, 0, 0, 0, 0, -1, -1, -2, -1, -1, 0, 0 ], 
                  [ 0, 0, 0, 0, 0, 0, 0, 0, 0, -1, -1, -1, -2, -1, 0, 0 ], [ 0, 0, 0, 0, 0, 0, 0, 0, 0, -1, -1, -1, -1, -2, 0, 0 ], 
                  [ 0, 0, 0, 0, 0, 0, 0, 0, 0, 1, 0, 0, 0, 0, 36, 0 ], [ 1, 0, 0, 0, 0, 0, 0, 0, 0, 0, 0, 0, 0, 0, 0, 0 ] ] ],
          method := "Nikulin uniqueness",
          spinorPrimes := [  ] ),
      ampleflag := true,
      basisdual := [ [ 1, 0, 0, 0, 0, 408 ], [ 0, 1, 0, 0, 0, 85 ], [ 0, 0, 1, 0, 0, 125 ], [ 0, 0, 0, 1, 0, 385 ], [ 0, 0, 0, 0, 1, 103 ], [ 0, 0, 0, 0, 0, 442 ] ],
      extdeg := 2,
      extgroupgens := [ [ 1, 221 ], [ 0, 442 ] ],
      h := [ 2, 2, 2, 2, 2, -5 ],
      rho := 6,
      sprats := rec(
          nopss := [ 3, 4 ],
          scons := [ [ [ 2, -2, 2, 2, 1, -4 ], [ 2, 6, 2, 2, 3, -6 ] ], [ [ 2, 3, 3, 2, 0, -5 ], [ 2, 1, 1, 2, 4, -5 ] ], [ [ 2, 1, 2, 1, -2, -3 ], [ 2, 3, 2, 3, 6, -7 ] ], 
              [ [ 2, 4, 3, 3, 4, -7 ], [ 2, 0, 1, 1, 0, -3 ] ] ],
          slins := [ [ [ 1, 0, 3, 0, 1, -2 ], [ 1, 2, -1, 2, 1, -3 ] ], [ [ 1, 2, 2, -1, 0, -1 ], [ 1, 0, 0, 3, 2, -4 ] ], [ [ 1, 2, 3, 3, 1, -5 ], [ 1, 0, -1, -1, 1, 0 ] ] 
             ] ) ), rec(
      Gram := [ [ -236, -3504, -256, -3440, -3846, -4466 ], [ -3504, -52248, -3823, -51292, -57345, -66584 ], [ -256, -3823, -280, -3753, -4196, -4872 ], 
          [ -3440, -51292, -3753, -50354, -56296, -65366 ], [ -3846, -57345, -4196, -56296, -62940, -73080 ], [ -4466, -66584, -4872, -65366, -73080, -84854 ] ],
      Trec := rec(
          count := 1,
          grams := [ [ [ 0, 0, 0, 0, 0, 0, 0, 0, 0, 0, 0, 0, 0, 0, 0, 1 ], [ 0, -2, -1, -1, -1, 1, 1, -1, 1, 0, 0, 0, 0, 0, 0, 0 ], 
                  [ 0, -1, -2, 0, -1, 1, 1, 0, 1, 0, 0, 0, 0, 0, 0, 0 ], [ 0, -1, 0, -2, -1, 0, 1, 0, 1, 0, 0, 0, 0, 0, 0, 0 ], 
                  [ 0, -1, -1, -1, -2, 0, 1, 0, 1, 0, 0, 0, 0, 0, 0, 0 ], [ 0, 1, 1, 0, 0, -2, 0, 1, -1, 0, 0, 0, 0, 0, 0, 0 ], 
                  [ 0, 1, 1, 1, 1, 0, -2, 0, -1, 0, 0, 0, 0, 0, 0, 0 ], [ 0, -1, 0, 0, 0, 1, 0, -2, 0, 0, 0, 0, 0, 0, 0, 0 ], 
                  [ 0, 1, 1, 1, 1, -1, -1, 0, -2, 0, 0, 0, 0, 0, 0, 0 ], [ 0, 0, 0, 0, 0, 0, 0, 0, 0, -2, -1, 0, 0, 0, -1, 0 ], 
                  [ 0, 0, 0, 0, 0, 0, 0, 0, 0, -1, -2, 0, 0, 0, -1, 0 ], [ 0, 0, 0, 0, 0, 0, 0, 0, 0, 0, 0, -2, -1, 1, -1, 0 ], 
                  [ 0, 0, 0, 0, 0, 0, 0, 0, 0, 0, 0, -1, -2, 0, -1, 0 ], [ 0, 0, 0, 0, 0, 0, 0, 0, 0, 0, 0, 1, 0, -2, -3, 0 ], 
                  [ 0, 0, 0, 0, 0, 0, 0, 0, 0, -1, -1, -1, -1, -3, 58, 0 ], [ 1, 0, 0, 0, 0, 0, 0, 0, 0, 0, 0, 0, 0, 0, 0, 0 ] ] ],
          method := "Nikulin uniqueness",
          spinorPrimes := [  ] ),
      ampleflag := true,
      basisdual := [ [ 2, 0, 0, 0, 0, 24 ], [ 0, 1, 0, 0, 0, 319 ], [ 0, 0, 1, 0, 0, 23 ], [ 0, 0, 0, 1, 0, 313 ], [ 0, 0, 0, 0, 1, 349 ], [ 0, 0, 0, 0, 0, 406 ] ],
      extdeg := 1,
      extgroupgens := [ [ 2, 0 ], [ 0, 406 ] ],
      h := [ 1, 2, 2, 2, 2, -5 ],
      rho := 6,
      sprats := rec(
          nopss := [ 0, 7 ],
          scons := [ [ [ 1, 2, 3, 6, 3, -9 ], [ 1, 2, 1, -2, 1, -1 ] ], [ [ 1, 1, 2, 1, -2, 0 ], [ 1, 3, 2, 3, 6, -10 ] ], [ [ 1, 3, 1, 2, 0, -4 ], [ 1, 1, 3, 2, 4, -6 ] ], 
              [ [ 1, -2, 2, 2, 1, -1 ], [ 1, 6, 2, 2, 3, -9 ] ], [ [ 1, 0, 1, 3, 3, -5 ], [ 1, 4, 3, 1, 1, -5 ] ], [ [ 1, 2, -2, 1, 2, -4 ], [ 1, 2, 6, 3, 2, -6 ] ], 
              [ [ 1, 0, 3, 1, 0, -1 ], [ 1, 4, 1, 3, 4, -9 ] ] ],
          slins := [  ] ) ), rec(
      Gram := [ [ -944, -276, -108, -776, -52, -1054 ], [ -276, -84, -39, -229, -25, -310 ], [ -108, -39, -32, -93, -32, -124 ], [ -776, -229, -93, -640, -48, -868 ], 
          [ -52, -25, -32, -48, -38, -62 ], [ -1054, -310, -124, -868, -62, -1178 ] ],
      Trec := rec(
          count := 1,
          grams := [ [ [ -2, 1, 1, 1, -1, 1, -1, -1, 0, 0, 0, 0, 0, 0, 0, 0 ], [ 1, -2, -1, -1, 0, -1, 0, 1, 0, 0, 0, 0, 0, 0, 0, 0 ], 
                  [ 1, -1, -2, 0, 0, -1, 0, 1, 0, 0, 0, 0, 0, 0, 0, 0 ], [ 1, -1, 0, -2, 1, -1, 0, 1, 0, 0, 0, 0, 0, 0, 0, 0 ], 
                  [ -1, 0, 0, 1, -2, 0, -1, 0, 0, 0, 0, 0, 0, 0, 0, 0 ], [ 1, -1, -1, -1, 0, -2, 0, 1, 0, 0, 0, 0, 0, 0, 0, 0 ], 
                  [ -1, 0, 0, 0, -1, 0, -2, 0, 0, 0, 0, 0, 0, 0, 0, 0 ], [ -1, 1, 1, 1, 0, 1, 0, -2, 0, 0, 0, 0, 0, 0, 0, 0 ], 
                  [ 0, 0, 0, 0, 0, 0, 0, 0, -2, -1, -1, 0, 0, 0, -1, 1 ], [ 0, 0, 0, 0, 0, 0, 0, 0, -1, -2, 0, 0, 0, 0, 0, 0 ], 
                  [ 0, 0, 0, 0, 0, 0, 0, 0, -1, 0, -2, 0, 0, 0, -1, 1 ], [ 0, 0, 0, 0, 0, 0, 0, 0, 0, 0, 0, -2, -1, -1, 0, 0 ], 
                  [ 0, 0, 0, 0, 0, 0, 0, 0, 0, 0, 0, -1, -2, -1, 1, 0 ], [ 0, 0, 0, 0, 0, 0, 0, 0, 0, 0, 0, -1, -1, -2, 2, -1 ], 
                  [ 0, 0, 0, 0, 0, 0, 0, 0, -1, 0, -1, 0, 1, 2, 2, 2 ], [ 0, 0, 0, 0, 0, 0, 0, 0, 1, 0, 1, 0, 0, -1, 2, 14 ] ] ],
          method := "Nikulin uniqueness",
          spinorPrimes := [  ] ),
      ampleflag := true,
      basisdual := [ [ 2, 0, 0, 0, 0, 56 ], [ 0, 1, 0, 0, 3, 17 ], [ 0, 0, 1, 0, 8, 8 ], [ 0, 0, 0, 1, 1, 46 ], [ 0, 0, 0, 0, 11, 5 ], [ 0, 0, 0, 0, 0, 62 ] ],
      extdeg := 1,
      extgroupgens := [ [ 2, 0 ], [ 0, 682 ] ],
      h := [ 1, 2, 2, 2, -2, -3 ],
      rho := 6,
      sprats := rec(
          nopss := [ 0, 5 ],
          scons := [ [ [ 1, 2, -2, 1, 1, -2 ], [ 1, 2, 6, 3, -5, -4 ] ], [ [ 1, -2, 2, 2, -1, -2 ], [ 1, 6, 2, 2, -3, -4 ] ], 
              [ [ 1, 2, 1, -2, -1, 0 ], [ 1, 2, 3, 6, -3, -6 ] ], [ [ 1, 1, 2, 1, -2, -2 ], [ 1, 3, 2, 3, -2, -4 ] ], [ [ 1, 1, 1, 1, -1, -2 ], [ 1, 3, 3, 3, -3, -4 ] ] ],
          slins := [  ] ) ), rec(
      Gram := [ [ -236, -138, -54, -388, -26, -527 ], [ -138, -84, -39, -229, -25, -310 ], [ -54, -39, -32, -93, -32, -124 ], [ -388, -229, -93, -640, -48, -868 ], 
          [ -26, -25, -32, -48, -38, -62 ], [ -527, -310, -124, -868, -62, -1178 ] ],
      Trec := rec(
          count := 1,
          grams := [ [ [ -2, 1, 1, 1, -1, 1, -1, -1, 0, 0, 0, 0, 0, 0, 0, 0 ], [ 1, -2, -1, -1, 0, -1, 0, 1, 0, 0, 0, 0, 0, 0, 0, 0 ], 
                  [ 1, -1, -2, 0, 0, 0, 1, 1, 0, 0, 0, 0, 0, 0, 0, 0 ], [ 1, -1, 0, -2, 1, -1, 0, 1, 0, 0, 0, 0, 0, 0, 0, 0 ], 
                  [ -1, 0, 0, 1, -2, 1, 0, 0, 0, 0, 0, 0, 0, 0, 0, 0 ], [ 1, -1, 0, -1, 1, -2, 0, 0, 0, 0, 0, 0, 0, 0, 0, 0 ], 
                  [ -1, 0, 1, 0, 0, 0, -2, -1, 0, 0, 0, 0, 0, 0, 0, 0 ], [ -1, 1, 1, 1, 0, 0, -1, -2, 0, 0, 0, 0, 0, 0, 0, 0 ], 
                  [ 0, 0, 0, 0, 0, 0, 0, 0, -2, 1, 1, -1, 1, 1, 0, -1 ], [ 0, 0, 0, 0, 0, 0, 0, 0, 1, -2, -1, 1, -1, 0, 0, 0 ], 
                  [ 0, 0, 0, 0, 0, 0, 0, 0, 1, -1, -2, 0, -1, 0, 0, 2 ], [ 0, 0, 0, 0, 0, 0, 0, 0, -1, 1, 0, -2, 1, 0, -1, -1 ], 
                  [ 0, 0, 0, 0, 0, 0, 0, 0, 1, -1, -1, 1, -2, 0, 0, 2 ], [ 0, 0, 0, 0, 0, 0, 0, 0, 1, 0, 0, 0, 0, -2, 0, -1 ], 
                  [ 0, 0, 0, 0, 0, 0, 0, 0, 0, 0, 0, -1, 0, 0, 4, -1 ], [ 0, 0, 0, 0, 0, 0, 0, 0, -1, 0, 2, -1, 2, -1, -1, 10 ] ] ],
          method := "Nikulin uniqueness",
          spinorPrimes := [  ] ),
      ampleflag := true,
      basisdual := [ [ 1, 0, 0, 0, 0, 28 ], [ 0, 1, 0, 0, 3, 17 ], [ 0, 0, 1, 0, 8, 8 ], [ 0, 0, 0, 1, 1, 46 ], [ 0, 0, 0, 0, 11, 5 ], [ 0, 0, 0, 0, 0, 62 ] ],
      extdeg := 2,
      extgroupgens := [ [ 1, 0 ], [ 0, 682 ] ],
      h := [ 2, 2, 2, 2, -2, -3 ],
      rho := 6,
      sprats := rec(
          nopss := [ 3, 2 ],
          scons := [ [ [ 2, 2, -2, 1, 1, -2 ], [ 2, 2, 6, 3, -5, -4 ] ], [ [ 2, -2, 2, 2, -1, -2 ], [ 2, 6, 2, 2, -3, -4 ] ] ],
          slins := [ [ [ 1, 1, 1, -1, -1, 0 ], [ 1, 1, 1, 3, -1, -3 ] ], [ [ 1, 1, 0, -1, 0, 0 ], [ 1, 1, 2, 3, -2, -3 ] ], [ [ 1, 2, 1, 0, -1, -1 ], [ 1, 0, 1, 2, -1, -2 ] 
                 ] ] ) ), rec(
      Gram := [ [ -5318, -3504, -5800, -2054, -11238, -25256 ], [ -3504, -2310, -3823, -1354, -7407, -16646 ], [ -5800, -3823, -6328, -2241, -12260, -27552 ], 
          [ -2054, -1354, -2241, -794, -4342, -9758 ], [ -11238, -7407, -12260, -4342, -23754, -53382 ], [ -25256, -16646, -27552, -9758, -53382, -119966 ] ],
      Trec := rec(
          count := 1,
          grams := [ [ [ 0, 0, 0, 0, 0, 0, 0, 0, 0, 0, 0, 0, 0, 0, 0, 1 ], [ 0, -2, -1, -1, -1, 1, -1, 1, 1, 0, 0, 0, 0, 0, 0, 0 ], 
                  [ 0, -1, -2, 0, 0, 1, -1, 1, 1, 0, 0, 0, 0, 0, 0, 0 ], [ 0, -1, 0, -2, 0, 0, -1, 1, 1, 0, 0, 0, 0, 0, 0, 0 ], 
                  [ 0, -1, 0, 0, -2, 0, 0, 0, 0, 0, 0, 0, 0, 0, 0, 0 ], [ 0, 1, 1, 0, 0, -2, 1, 0, -1, 0, 0, 0, 0, 0, 0, 0 ], 
                  [ 0, -1, -1, -1, 0, 1, -2, 1, 1, 0, 0, 0, 0, 0, 0, 0 ], [ 0, 1, 1, 1, 0, 0, 1, -2, -1, 0, 0, 0, 0, 0, 0, 0 ], 
                  [ 0, 1, 1, 1, 0, -1, 1, -1, -2, 0, 0, 0, 0, 0, 0, 0 ], [ 0, 0, 0, 0, 0, 0, 0, 0, 0, -2, 0, 0, 0, 0, 0, 0 ], 
                  [ 0, 0, 0, 0, 0, 0, 0, 0, 0, 0, -2, -1, 0, -1, 1, 0 ], [ 0, 0, 0, 0, 0, 0, 0, 0, 0, 0, -1, -2, 0, 0, 0, 0 ], 
                  [ 0, 0, 0, 0, 0, 0, 0, 0, 0, 0, 0, 0, -2, 0, 0, 0 ], [ 0, 0, 0, 0, 0, 0, 0, 0, 0, 0, -1, 0, 0, -4, 1, 0 ], 
                  [ 0, 0, 0, 0, 0, 0, 0, 0, 0, 0, 1, 0, 0, 1, 28, 0 ], [ 1, 0, 0, 0, 0, 0, 0, 0, 0, 0, 0, 0, 0, 0, 0, 0 ] ] ],
          method := "Nikulin uniqueness",
          spinorPrimes := [  ] ),
      ampleflag := true,
      basisdual := [ [ 2, 0, 0, 0, 0, 122 ], [ 0, 1, 0, 0, 0, 80 ], [ 0, 0, 1, 0, 0, 132 ], [ 0, 0, 0, 1, 0, 47 ], [ 0, 0, 0, 0, 1, 255 ], [ 0, 0, 0, 0, 0, 574 ] ],
      extdeg := 1,
      extgroupgens := [ [ 2, 0 ], [ 0, 574 ] ],
      h := [ 1, 2, 2, 2, 2, -2 ],
      rho := 6,
      sprats := rec(
          nopss := [ 0, 5 ],
          scons := [ [ [ 1, 2, -2, 1, 2, -1 ], [ 1, 2, 6, 3, 2, -3 ] ], [ [ 1, 6, 2, 2, 3, -3 ], [ 1, -2, 2, 2, 1, -1 ] ], [ [ 1, 2, 3, 6, 3, -3 ], [ 1, 2, 1, -2, 1, -1 ] ], 
              [ [ 1, 1, 1, 1, 3, -2 ], [ 1, 3, 3, 3, 1, -2 ] ], [ [ 1, 3, 2, 3, 6, -4 ], [ 1, 1, 2, 1, -2, 0 ] ] ],
          slins := [  ] ) ), rec(
      Gram := [ [ -72, -226, -196, -42, -96, -270 ], [ -226, -730, -643, -137, -327, -864 ], [ -196, -643, -576, -121, -304, -756 ], [ -42, -137, -121, -26, -62, -162 ], 
          [ -96, -327, -304, -62, -174, -378 ], [ -270, -864, -756, -162, -378, -1026 ] ],
      Trec := rec(
          count := 1,
          grams := [ [ [ -2, 1, 1, 1, -1, 1, -1, -1, 0, 0, 0, 0, 0, 0, 0, 0 ], [ 1, -2, -1, -1, 0, -1, 0, 1, 0, 0, 0, 0, 0, 0, 0, 0 ], 
                  [ 1, -1, -2, 0, 0, -1, 0, 1, 0, 0, 0, 0, 0, 0, 0, 0 ], [ 1, -1, 0, -2, 1, -1, 0, 1, 0, 0, 0, 0, 0, 0, 0, 0 ], 
                  [ -1, 0, 0, 1, -2, 0, -1, 0, 0, 0, 0, 0, 0, 0, 0, 0 ], [ 1, -1, -1, -1, 0, -2, 0, 1, 0, 0, 0, 0, 0, 0, 0, 0 ], 
                  [ -1, 0, 0, 0, -1, 0, -2, 0, 0, 0, 0, 0, 0, 0, 0, 0 ], [ -1, 1, 1, 1, 0, 1, 0, -2, 0, 0, 0, 0, 0, 0, 0, 0 ], 
                  [ 0, 0, 0, 0, 0, 0, 0, 0, -2, 1, -1, 1, -1, 1, 0, 1 ], [ 0, 0, 0, 0, 0, 0, 0, 0, 1, -2, 0, 0, 1, 0, -1, -1 ], 
                  [ 0, 0, 0, 0, 0, 0, 0, 0, -1, 0, -2, 0, 0, 1, -1, 0 ], [ 0, 0, 0, 0, 0, 0, 0, 0, 1, 0, 0, -2, 1, -1, 0, 0 ], 
                  [ 0, 0, 0, 0, 0, 0, 0, 0, -1, 1, 0, 1, -2, 1, 1, 0 ], [ 0, 0, 0, 0, 0, 0, 0, 0, 1, 0, 1, -1, 1, -2, 0, 0 ], 
                  [ 0, 0, 0, 0, 0, 0, 0, 0, 0, -1, -1, 0, 1, 0, 2, 1 ], [ 0, 0, 0, 0, 0, 0, 0, 0, 1, -1, 0, 0, 0, 0, 1, 118 ] ] ],
          method := "Nikulin uniqueness",
          spinorPrimes := [  ] ),
      ampleflag := true,
      basisdual := [ [ 2, 0, 0, 0, 0, 16 ], [ 0, 1, 0, 0, 3, 45 ], [ 0, 0, 1, 0, 8, 38 ], [ 0, 0, 0, 1, 1, 8 ], [ 0, 0, 0, 0, 11, 17 ], [ 0, 0, 0, 0, 0, 54 ] ],
      extdeg := 1,
      extgroupgens := [ [ 2, 0 ], [ 0, 594 ] ],
      h := [ 1, 2, 2, 2, -2, -3 ],
      rho := 6,
      sprats := rec(
          nopss := [ 0, 5 ],
          scons := [ [ [ 1, 2, -2, 1, 1, -1 ], [ 1, 2, 6, 3, -5, -5 ] ], [ [ 1, 6, 2, 2, -3, -6 ], [ 1, -2, 2, 2, -1, 0 ] ], [ [ 1, 3, 2, 3, -2, -4 ], [ 1, 1, 2, 1, -2, -2 ] 
                 ], [ [ 1, 2, 3, 6, -3, -4 ], [ 1, 2, 1, -2, -1, -2 ] ], [ [ 1, 1, 1, 3, -1, -2 ], [ 1, 3, 3, 1, -3, -4 ] ] ],
          slins := [  ] ) ), rec(
      Gram := [ [ -18, -113, -98, -21, -48, -135 ], [ -113, -730, -643, -137, -327, -864 ], [ -98, -643, -576, -121, -304, -756 ], [ -21, -137, -121, -26, -62, -162 ], 
          [ -48, -327, -304, -62, -174, -378 ], [ -135, -864, -756, -162, -378, -1026 ] ],
      Trec := rec(
          count := 1,
          grams := [ [ [ -2, 1, 1, 1, -1, 1, -1, -1, 0, 0, 0, 0, 0, 0, 0, 0 ], [ 1, -2, -1, -1, 0, -1, 0, 1, 0, 0, 0, 0, 0, 0, 0, 0 ], 
                  [ 1, -1, -2, 0, 0, -1, 0, 1, 0, 0, 0, 0, 0, 0, 0, 0 ], [ 1, -1, 0, -2, 1, -1, 0, 1, 0, 0, 0, 0, 0, 0, 0, 0 ], 
                  [ -1, 0, 0, 1, -2, 0, -1, 0, 0, 0, 0, 0, 0, 0, 0, 0 ], [ 1, -1, -1, -1, 0, -2, 0, 1, 0, 0, 0, 0, 0, 0, 0, 0 ], 
                  [ -1, 0, 0, 0, -1, 0, -2, 0, 0, 0, 0, 0, 0, 0, 0, 0 ], [ -1, 1, 1, 1, 0, 1, 0, -2, 0, 0, 0, 0, 0, 0, 0, 0 ], 
                  [ 0, 0, 0, 0, 0, 0, 0, 0, -2, 1, -1, 1, -1, 1, 0, 0 ], [ 0, 0, 0, 0, 0, 0, 0, 0, 1, -2, 0, 0, 1, 0, -1, 0 ], 
                  [ 0, 0, 0, 0, 0, 0, 0, 0, -1, 0, -2, 0, 0, 1, -1, 0 ], [ 0, 0, 0, 0, 0, 0, 0, 0, 1, 0, 0, -2, 1, -1, 0, 0 ], 
                  [ 0, 0, 0, 0, 0, 0, 0, 0, -1, 1, 0, 1, -2, 1, 1, 0 ], [ 0, 0, 0, 0, 0, 0, 0, 0, 1, 0, 1, -1, 1, -2, 0, 0 ], 
                  [ 0, 0, 0, 0, 0, 0, 0, 0, 0, -1, -1, 0, 1, 0, 2, -1 ], [ 0, 0, 0, 0, 0, 0, 0, 0, 0, 0, 0, 0, 0, 0, -1, 30 ] ] ],
          method := "Nikulin uniqueness",
          spinorPrimes := [  ] ),
      ampleflag := true,
      basisdual := [ [ 1, 0, 0, 0, 0, 8 ], [ 0, 1, 0, 0, 3, 45 ], [ 0, 0, 1, 0, 8, 38 ], [ 0, 0, 0, 1, 1, 8 ], [ 0, 0, 0, 0, 11, 17 ], [ 0, 0, 0, 0, 0, 54 ] ],
      extdeg := 2,
      extgroupgens := [ [ 1, 297 ], [ 0, 594 ] ],
      h := [ 2, 2, 2, 2, -2, -3 ],
      rho := 6,
      sprats := rec(
          nopss := [ 3, 2 ],
          scons := [ [ [ 2, 2, -2, 1, 1, -1 ], [ 2, 2, 6, 3, -5, -5 ] ], [ [ 2, 6, 2, 2, -3, -6 ], [ 2, -2, 2, 2, -1, 0 ] ] ],
          slins := [ [ [ 1, 2, 2, 3, -2, -3 ], [ 1, 0, 0, -1, 0, 0 ] ], [ [ 1, 1, 0, 0, 0, -1 ], [ 1, 1, 2, 2, -2, -2 ] ], [ [ 1, 2, 1, -1, -1, -2 ], [ 1, 0, 1, 3, -1, -1 ] 
                 ] ] ) ), rec(
      Gram := [ [ -118926, -49852, -95500, -120126, -51654, -125532 ], [ -49852, -20898, -40033, -50356, -21653, -52622 ], [ -95500, -40033, -76690, -96465, -41480, -100806 ]
            , [ -120126, -50356, -96465, -121340, -52176, -126800 ], [ -51654, -21653, -41480, -52176, -22436, -54524 ], [ -125532, -52622, -100806, -126800, -54524, -132506 
             ] ],
      Trec := rec(
          count := 1,
          grams := [ [ [ 0, 0, 0, 0, 0, 0, 0, 0, 0, 0, 0, 0, 0, 0, 0, 1 ], [ 0, -2, -1, -1, -1, 1, 1, -1, 1, 0, 0, 0, 0, 0, 0, 0 ], 
                  [ 0, -1, -2, 0, 0, 1, 1, -1, 1, 0, 0, 0, 0, 0, 0, 0 ], [ 0, -1, 0, -2, 0, 0, 1, -1, 1, 0, 0, 0, 0, 0, 0, 0 ], 
                  [ 0, -1, 0, 0, -2, 0, 0, 0, 0, 0, 0, 0, 0, 0, 0, 0 ], [ 0, 1, 1, 0, 0, -2, 0, 1, -1, 0, 0, 0, 0, 0, 0, 0 ], 
                  [ 0, 1, 1, 1, 0, 0, -2, 1, -1, 0, 0, 0, 0, 0, 0, 0 ], [ 0, -1, -1, -1, 0, 1, 1, -2, 1, 0, 0, 0, 0, 0, 0, 0 ], 
                  [ 0, 1, 1, 1, 0, -1, -1, 1, -2, 0, 0, 0, 0, 0, 0, 0 ], [ 0, 0, 0, 0, 0, 0, 0, 0, 0, -2, 1, -1, 1, -1, -1, 0 ], 
                  [ 0, 0, 0, 0, 0, 0, 0, 0, 0, 1, -2, 1, -1, 0, 1, 0 ], [ 0, 0, 0, 0, 0, 0, 0, 0, 0, -1, 1, -2, 1, 0, -1, 0 ], 
                  [ 0, 0, 0, 0, 0, 0, 0, 0, 0, 1, -1, 1, -2, 0, 1, 0 ], [ 0, 0, 0, 0, 0, 0, 0, 0, 0, -1, 0, 0, 0, -4, 1, 0 ], 
                  [ 0, 0, 0, 0, 0, 0, 0, 0, 0, -1, 1, -1, 1, 1, 78, 0 ], [ 1, 0, 0, 0, 0, 0, 0, 0, 0, 0, 0, 0, 0, 0, 0, 0 ] ] ],
          method := "Nikulin uniqueness",
          spinorPrimes := [  ] ),
      ampleflag := true,
      basisdual := [ [ 2, 0, 0, 0, 0, 602 ], [ 0, 1, 0, 0, 0, 252 ], [ 0, 0, 1, 0, 0, 482 ], [ 0, 0, 0, 1, 0, 607 ], [ 0, 0, 0, 0, 1, 261 ], [ 0, 0, 0, 0, 0, 634 ] ],
      extdeg := 1,
      extgroupgens := [ [ 2, 0 ], [ 0, 634 ] ],
      h := [ 1, 2, 2, 2, 2, -6 ],
      rho := 6,
      sprats := rec(
          nopss := [ 0, 5 ],
          scons := [ [ [ 1, 6, 2, 2, 3, -8 ], [ 1, -2, 2, 2, 1, -4 ] ], [ [ 1, 1, 2, 1, -2, -3 ], [ 1, 3, 2, 3, 6, -9 ] ], [ [ 1, 2, 6, 3, 2, -10 ], [ 1, 2, -2, 1, 2, -2 ] ],
              [ [ 1, 2, 1, -2, 1, -1 ], [ 1, 2, 3, 6, 3, -11 ] ], [ [ 1, 3, 1, 3, 3, -7 ], [ 1, 1, 3, 1, 1, -5 ] ] ],
          slins := [  ] ) ), rec(
      Gram := [ [ -125624, -51237, -98153, -123463, -53089, -129019 ], [ -51237, -20898, -40033, -50356, -21653, -52622 ], [ -98153, -40033, -76690, -96465, -41480, -100806 ]
            , [ -123463, -50356, -96465, -121340, -52176, -126800 ], [ -53089, -21653, -41480, -52176, -22436, -54524 ], [ -129019, -52622, -100806, -126800, -54524, -132506 
             ] ],
      Trec := rec(
          count := 1,
          grams := [ [ [ 0, 0, 0, 0, 0, 0, 0, 0, 0, 0, 0, 0, 0, 0, 0, 1 ], [ 0, -2, -1, -1, -1, 1, -1, -1, 1, 0, 0, 0, 0, 0, 0, 0 ], 
                  [ 0, -1, -2, 0, 0, 1, -1, -1, 1, 0, 0, 0, 0, 0, 0, 0 ], [ 0, -1, 0, -2, 0, 0, -1, -1, 1, 0, 0, 0, 0, 0, 0, 0 ], 
                  [ 0, -1, 0, 0, -2, 0, 0, 0, 0, 0, 0, 0, 0, 0, 0, 0 ], [ 0, 1, 1, 0, 0, -2, 1, 1, -1, 0, 0, 0, 0, 0, 0, 0 ], 
                  [ 0, -1, -1, -1, 0, 1, -2, -1, 1, 0, 0, 0, 0, 0, 0, 0 ], [ 0, -1, -1, -1, 0, 1, -1, -2, 1, 0, 0, 0, 0, 0, 0, 0 ], 
                  [ 0, 1, 1, 1, 0, -1, 1, 1, -2, 0, 0, 0, 0, 0, 0, 0 ], [ 0, 0, 0, 0, 0, 0, 0, 0, 0, -2, -1, 1, 1, 1, -1, 0 ], 
                  [ 0, 0, 0, 0, 0, 0, 0, 0, 0, -1, -2, 1, 0, 0, -1, 0 ], [ 0, 0, 0, 0, 0, 0, 0, 0, 0, 1, 1, -2, -1, 0, 1, 0 ], 
                  [ 0, 0, 0, 0, 0, 0, 0, 0, 0, 1, 0, -1, -2, -1, 1, 0 ], [ 0, 0, 0, 0, 0, 0, 0, 0, 0, 1, 0, 0, -1, -2, 1, 0 ], 
                  [ 0, 0, 0, 0, 0, 0, 0, 0, 0, -1, -1, 1, 1, 1, 78, 0 ], [ 1, 0, 0, 0, 0, 0, 0, 0, 0, 0, 0, 0, 0, 0, 0, 0 ] ] ],
          method := "Nikulin uniqueness",
          spinorPrimes := [  ] ),
      ampleflag := true,
      basisdual := [ [ 1, 0, 0, 0, 0, 618 ], [ 0, 1, 0, 0, 0, 252 ], [ 0, 0, 1, 0, 0, 482 ], [ 0, 0, 0, 1, 0, 607 ], [ 0, 0, 0, 0, 1, 261 ], [ 0, 0, 0, 0, 0, 634 ] ],
      extdeg := 2,
      extgroupgens := [ [ 1, 317 ], [ 0, 634 ] ],
      h := [ 2, 2, 2, 2, 2, -7 ],
      rho := 6,
      sprats := rec(
          nopss := [ 3, 2 ],
          scons := [ [ [ 2, 6, 2, 2, 3, -9 ], [ 2, -2, 2, 2, 1, -5 ] ], [ [ 2, 2, 6, 3, 2, -11 ], [ 2, 2, -2, 1, 2, -3 ] ] ],
          slins := [ [ [ 1, 1, 0, -1, -1, 0 ], [ 1, 1, 2, 3, 3, -7 ] ], [ [ 1, 1, 1, 3, 0, -5 ], [ 1, 1, 1, -1, 2, -2 ] ], [ [ 1, 0, 2, 2, -1, -4 ], [ 1, 2, 0, 0, 3, -3 ] ] 
             ] ) ), rec(
      Gram := [ [ -4, -21, -26, -40, -34, -26 ], [ -21, -158, -196, -270, -215, -208 ], [ -26, -196, -244, -333, -264, -260 ], [ -40, -270, -333, -490, -404, -338 ], 
          [ -34, -215, -264, -404, -340, -260 ], [ -26, -208, -260, -338, -260, -286 ] ],
      Trec := rec(
          count := 1,
          grams := [ [ [ 0, 0, 0, 0, 0, 0, 0, 0, 0, 0, 0, 0, 0, 0, 0, 1 ], [ 0, -2, -1, -1, -1, 1, -1, -1, 1, 0, 0, 0, 0, 0, 0, 0 ], 
                  [ 0, -1, -2, 0, 0, 1, -1, -1, 1, 0, 0, 0, 0, 0, 0, 0 ], [ 0, -1, 0, -2, 0, 0, -1, -1, 1, 0, 0, 0, 0, 0, 0, 0 ], 
                  [ 0, -1, 0, 0, -2, 0, 0, 0, 0, 0, 0, 0, 0, 0, 0, 0 ], [ 0, 1, 1, 0, 0, -2, 1, 1, -1, 0, 0, 0, 0, 0, 0, 0 ], 
                  [ 0, -1, -1, -1, 0, 1, -2, -1, 1, 0, 0, 0, 0, 0, 0, 0 ], [ 0, -1, -1, -1, 0, 1, -1, -2, 1, 0, 0, 0, 0, 0, 0, 0 ], 
                  [ 0, 1, 1, 1, 0, -1, 1, 1, -2, 0, 0, 0, 0, 0, 0, 0 ], [ 0, 0, 0, 0, 0, 0, 0, 0, 0, -2, 0, 0, 0, 0, 0, 0 ], 
                  [ 0, 0, 0, 0, 0, 0, 0, 0, 0, 0, -2, -1, -1, -1, -1, 0 ], [ 0, 0, 0, 0, 0, 0, 0, 0, 0, 0, -1, -2, -1, -1, -1, 0 ], 
                  [ 0, 0, 0, 0, 0, 0, 0, 0, 0, 0, -1, -1, -4, 0, 1, 0 ], [ 0, 0, 0, 0, 0, 0, 0, 0, 0, 0, -1, -1, 0, -6, -1, 0 ], 
                  [ 0, 0, 0, 0, 0, 0, 0, 0, 0, 0, -1, -1, 1, -1, 8, 0 ], [ 1, 0, 0, 0, 0, 0, 0, 0, 0, 0, 0, 0, 0, 0, 0, 0 ] ] ],
          method := "Nikulin uniqueness",
          spinorPrimes := [  ] ),
      ampleflag := true,
      basisdual := [ [ 2, 0, 0, 0, 3, 3 ], [ 0, 1, 0, 0, 5, 17 ], [ 0, 0, 1, 0, 5, 21 ], [ 0, 0, 0, 1, 18, 23 ], [ 0, 0, 0, 0, 19, 15 ], [ 0, 0, 0, 0, 0, 26 ] ],
      extdeg := 1,
      extgroupgens := [ [ 2, 0 ], [ 0, 494 ] ],
      h := [ 1, 2, 2, 2, -3, -3 ],
      rho := 6,
      sprats := rec(
          nopss := [ 0, 5 ],
          scons := [ [ [ 1, 6, 2, 2, -4, -5 ], [ 1, -2, 2, 2, -2, -1 ] ], [ [ 1, 1, 3, 1, -2, -3 ], [ 1, 3, 1, 3, -4, -3 ] ], 
              [ [ 1, 2, 1, -2, 1, -1 ], [ 1, 2, 3, 6, -7, -5 ] ], [ [ 1, 2, 6, 3, -5, -6 ], [ 1, 2, -2, 1, -1, 0 ] ], [ [ 1, 1, 2, 1, -2, -2 ], [ 1, 3, 2, 3, -4, -4 ] ] ],
          slins := [  ] ) ), rec(
      Gram := [ [ -14, -33, -58, -34, -66, -68 ], [ -33, -84, -146, -86, -165, -170 ], [ -58, -146, -258, -137, -278, -306 ], [ -34, -86, -137, -140, -208, -136 ], 
          [ -66, -165, -278, -208, -354, -306 ], [ -68, -170, -306, -136, -306, -374 ] ],
      Trec := rec(
          count := 1,
          grams := [ [ [ 0, 0, 0, 0, 0, 0, 0, 0, 0, 0, 0, 0, 0, 0, 0, 1 ], [ 0, -2, -1, -1, -1, 1, 1, -1, 1, 0, 0, 0, 0, 0, 0, 0 ], 
                  [ 0, -1, -2, 0, 0, 1, 1, -1, 1, 0, 0, 0, 0, 0, 0, 0 ], [ 0, -1, 0, -2, 0, 0, 1, -1, 1, 0, 0, 0, 0, 0, 0, 0 ], 
                  [ 0, -1, 0, 0, -2, 0, 0, 0, 0, 0, 0, 0, 0, 0, 0, 0 ], [ 0, 1, 1, 0, 0, -2, 0, 1, -1, 0, 0, 0, 0, 0, 0, 0 ], 
                  [ 0, 1, 1, 1, 0, 0, -2, 1, -1, 0, 0, 0, 0, 0, 0, 0 ], [ 0, -1, -1, -1, 0, 1, 1, -2, 1, 0, 0, 0, 0, 0, 0, 0 ], 
                  [ 0, 1, 1, 1, 0, -1, -1, 1, -2, 0, 0, 0, 0, 0, 0, 0 ], [ 0, 0, 0, 0, 0, 0, 0, 0, 0, -2, -1, 1, 0, 0, -1, 0 ], 
                  [ 0, 0, 0, 0, 0, 0, 0, 0, 0, -1, -2, 0, 0, 0, 0, 0 ], [ 0, 0, 0, 0, 0, 0, 0, 0, 0, 1, 0, -2, 0, 0, 0, 0 ], 
                  [ 0, 0, 0, 0, 0, 0, 0, 0, 0, 0, 0, 0, -2, 1, -1, 0 ], [ 0, 0, 0, 0, 0, 0, 0, 0, 0, 0, 0, 0, 1, -2, -2, 0 ], 
                  [ 0, 0, 0, 0, 0, 0, 0, 0, 0, -1, 0, 0, -1, -2, 102, 0 ], [ 1, 0, 0, 0, 0, 0, 0, 0, 0, 0, 0, 0, 0, 0, 0, 0 ] ] ],
          method := "Nikulin uniqueness",
          spinorPrimes := [  ] ),
      ampleflag := true,
      basisdual := [ [ 2, 0, 0, 0, 3, 9 ], [ 0, 1, 0, 0, 5, 17 ], [ 0, 0, 1, 0, 5, 29 ], [ 0, 0, 0, 1, 18, 17 ], [ 0, 0, 0, 0, 19, 33 ], [ 0, 0, 0, 0, 0, 34 ] ],
      extdeg := 1,
      extgroupgens := [ [ 2, 0 ], [ 0, 646 ] ],
      h := [ 1, 2, 2, 2, -3, -1 ],
      rho := 6,
      sprats := rec(
          nopss := [ 0, 5 ],
          scons := [ [ [ 1, 6, 2, 2, -4, -2 ], [ 1, -2, 2, 2, -2, 0 ] ], [ [ 1, 2, 6, 3, -5, -3 ], [ 1, 2, -2, 1, -1, 1 ] ], [ [ 1, 2, 1, -2, 1, -2 ], [ 1, 2, 3, 6, -7, 0 ] ]
                , [ [ 1, 1, 2, 1, -2, -1 ], [ 1, 3, 2, 3, -4, -1 ] ], [ [ 1, 1, 3, 3, -4, -1 ], [ 1, 3, 1, 1, -2, -1 ] ] ],
          slins := [  ] ) ), rec(
      Gram := [ [ -8838, -12184, -17272, -14862, -7230, -27984 ], [ -12184, -16800, -23815, -20492, -9969, -38584 ], [ -17272, -23815, -33760, -29049, -14132, -54696 ], 
          [ -14862, -20492, -29049, -24996, -12160, -47064 ], [ -7230, -9969, -14132, -12160, -5916, -22896 ], [ -27984, -38584, -54696, -47064, -22896, -88616 ] ],
      Trec := rec(
          count := 1,
          grams := [ [ [ 0, 0, 0, 0, 0, 0, 0, 0, 0, 0, 0, 0, 0, 0, 0, 1 ], [ 0, -2, -1, -1, -1, 1, 1, -1, 1, 0, 0, 0, 0, 0, 0, 0 ], 
                  [ 0, -1, -2, 0, -1, 1, 1, 0, 1, 0, 0, 0, 0, 0, 0, 0 ], [ 0, -1, 0, -2, -1, 0, 1, -1, 1, 0, 0, 0, 0, 0, 0, 0 ], 
                  [ 0, -1, -1, -1, -2, 0, 1, 0, 1, 0, 0, 0, 0, 0, 0, 0 ], [ 0, 1, 1, 0, 0, -2, 0, 0, -1, 0, 0, 0, 0, 0, 0, 0 ], 
                  [ 0, 1, 1, 1, 1, 0, -2, 1, -1, 0, 0, 0, 0, 0, 0, 0 ], [ 0, -1, 0, -1, 0, 0, 1, -2, 0, 0, 0, 0, 0, 0, 0, 0 ], 
                  [ 0, 1, 1, 1, 1, -1, -1, 0, -2, 0, 0, 0, 0, 0, 0, 0 ], [ 0, 0, 0, 0, 0, 0, 0, 0, 0, -2, 1, 0, 0, 1, 1, 0 ], 
                  [ 0, 0, 0, 0, 0, 0, 0, 0, 0, 1, -2, 0, 0, 0, -1, 0 ], [ 0, 0, 0, 0, 0, 0, 0, 0, 0, 0, 0, -2, 0, 0, 1, 0 ], 
                  [ 0, 0, 0, 0, 0, 0, 0, 0, 0, 0, 0, 0, -2, 0, 0, 0 ], [ 0, 0, 0, 0, 0, 0, 0, 0, 0, 1, 0, 0, 0, -6, -1, 0 ], 
                  [ 0, 0, 0, 0, 0, 0, 0, 0, 0, 1, -1, 1, 0, -1, 12, 0 ], [ 1, 0, 0, 0, 0, 0, 0, 0, 0, 0, 0, 0, 0, 0, 0, 0 ] ] ],
          method := "Nikulin uniqueness",
          spinorPrimes := [  ] ),
      ampleflag := true,
      basisdual := [ [ 2, 0, 0, 0, 0, 136 ], [ 0, 1, 0, 0, 0, 185 ], [ 0, 0, 1, 0, 0, 262 ], [ 0, 0, 0, 1, 0, 225 ], [ 0, 0, 0, 0, 1, 109 ], [ 0, 0, 0, 0, 0, 424 ] ],
      extdeg := 1,
      extgroupgens := [ [ 2, 0 ], [ 0, 424 ] ],
      h := [ 1, 2, 2, 2, 2, -4 ],
      rho := 6,
      sprats := rec(
          nopss := [ 0, 7 ],
          scons := [ [ [ 1, 2, 3, 6, 3, -7 ], [ 1, 2, 1, -2, 1, -1 ] ], [ [ 1, 2, -2, 1, 2, -1 ], [ 1, 2, 6, 3, 2, -7 ] ], [ [ 1, 6, 2, 2, 3, -6 ], [ 1, -2, 2, 2, 1, -2 ] ], 
              [ [ 1, 4, 1, 2, 1, -4 ], [ 1, 0, 3, 2, 3, -4 ] ], [ [ 1, 3, 3, 1, 0, -4 ], [ 1, 1, 1, 3, 4, -4 ] ], [ [ 1, 1, 2, 1, -2, -2 ], [ 1, 3, 2, 3, 6, -6 ] ], 
              [ [ 1, 4, 3, 2, 4, -6 ], [ 1, 0, 1, 2, 0, -2 ] ] ],
          slins := [  ] ) ), rec(
      Gram := [ [ -12710, -7592, -23272, -10398, -4126, -34496 ], [ -7592, -4536, -13903, -6212, -2465, -20608 ], [ -23272, -13903, -42616, -19041, -7556, -63168 ], 
          [ -10398, -6212, -19041, -8508, -3376, -28224 ], [ -4126, -2465, -7556, -3376, -1340, -11200 ], [ -34496, -20608, -63168, -28224, -11200, -93632 ] ],
      Trec := rec(
          count := 1,
          grams := [ [ [ 0, 0, 0, 0, 0, 0, 0, 0, 0, 0, 0, 0, 0, 0, 0, 1 ], [ 0, -2, -1, -1, -1, 1, 1, -1, 1, 0, 0, 0, 0, 0, 0, 0 ], 
                  [ 0, -1, -2, 0, 0, 1, 1, -1, 1, 0, 0, 0, 0, 0, 0, 0 ], [ 0, -1, 0, -2, 0, 0, 1, -1, 1, 0, 0, 0, 0, 0, 0, 0 ], 
                  [ 0, -1, 0, 0, -2, 0, 0, 0, 0, 0, 0, 0, 0, 0, 0, 0 ], [ 0, 1, 1, 0, 0, -2, 0, 1, -1, 0, 0, 0, 0, 0, 0, 0 ], 
                  [ 0, 1, 1, 1, 0, 0, -2, 1, -1, 0, 0, 0, 0, 0, 0, 0 ], [ 0, -1, -1, -1, 0, 1, 1, -2, 1, 0, 0, 0, 0, 0, 0, 0 ], 
                  [ 0, 1, 1, 1, 0, -1, -1, 1, -2, 0, 0, 0, 0, 0, 0, 0 ], [ 0, 0, 0, 0, 0, 0, 0, 0, 0, 2, -1, -1, 1, 0, 0, 0 ], 
                  [ 0, 0, 0, 0, 0, 0, 0, 0, 0, -1, -2, 1, 0, -1, -1, 0 ], [ 0, 0, 0, 0, 0, 0, 0, 0, 0, -1, 1, -2, 0, 1, 0, 0 ], 
                  [ 0, 0, 0, 0, 0, 0, 0, 0, 0, 1, 0, 0, -2, -1, 0, 0 ], [ 0, 0, 0, 0, 0, 0, 0, 0, 0, 0, -1, 1, -1, -4, 0, 0 ], 
                  [ 0, 0, 0, 0, 0, 0, 0, 0, 0, 0, -1, 0, 0, 0, -12, 0 ], [ 1, 0, 0, 0, 0, 0, 0, 0, 0, 0, 0, 0, 0, 0, 0, 0 ] ] ],
          method := "Nikulin uniqueness",
          spinorPrimes := [  ] ),
      ampleflag := true,
      basisdual := [ [ 2, 0, 0, 0, 0, 168 ], [ 0, 1, 0, 0, 0, 99 ], [ 0, 0, 1, 0, 0, 302 ], [ 0, 0, 0, 1, 0, 135 ], [ 0, 0, 0, 0, 1, 53 ], [ 0, 0, 0, 0, 0, 448 ] ],
      extdeg := 1,
      extgroupgens := [ [ 2, 0 ], [ 0, 448 ] ],
      h := [ 1, 2, 2, 2, 2, -3 ],
      rho := 6,
      sprats := rec(
          nopss := [ 0, 7 ],
          scons := [ [ [ 1, 2, 1, -2, 1, -1 ], [ 1, 2, 3, 6, 3, -5 ] ], [ [ 1, 2, 6, 3, 2, -6 ], [ 1, 2, -2, 1, 2, 0 ] ], [ [ 1, 0, 1, 2, 3, -2 ], [ 1, 4, 3, 2, 1, -4 ] ], 
              [ [ 1, -2, 2, 2, 1, -2 ], [ 1, 6, 2, 2, 3, -4 ] ], [ [ 1, 3, 2, 3, 6, -4 ], [ 1, 1, 2, 1, -2, -2 ] ], [ [ 1, 1, 3, 3, 4, -4 ], [ 1, 3, 1, 1, 0, -2 ] ], 
              [ [ 1, 4, 1, 2, 4, -3 ], [ 1, 0, 3, 2, 0, -3 ] ] ],
          slins := [  ] ) ), rec(
      Gram := [ [ -68, -104, -112, -76, -54, -182 ], [ -104, -168, -187, -121, -99, -286 ], [ -112, -187, -216, -133, -124, -312 ], [ -76, -121, -133, -88, -68, -208 ], 
          [ -54, -99, -124, -68, -84, -156 ], [ -182, -286, -312, -208, -156, -494 ] ],
      Trec := rec(
          count := 1,
          grams := [ [ [ 0, 0, 0, 0, 0, 0, 0, 0, 0, 0, 0, 0, 0, 0, 0, 1 ], [ 0, -2, -1, -1, -1, 1, 1, -1, 1, 0, 0, 0, 0, 0, 0, 0 ], 
                  [ 0, -1, -2, 0, -1, 1, 1, 0, 1, 0, 0, 0, 0, 0, 0, 0 ], [ 0, -1, 0, -2, -1, 0, 1, -1, 1, 0, 0, 0, 0, 0, 0, 0 ], 
                  [ 0, -1, -1, -1, -2, 0, 1, 0, 1, 0, 0, 0, 0, 0, 0, 0 ], [ 0, 1, 1, 0, 0, -2, 0, 0, -1, 0, 0, 0, 0, 0, 0, 0 ], 
                  [ 0, 1, 1, 1, 1, 0, -2, 1, -1, 0, 0, 0, 0, 0, 0, 0 ], [ 0, -1, 0, -1, 0, 0, 1, -2, 0, 0, 0, 0, 0, 0, 0, 0 ], 
                  [ 0, 1, 1, 1, 1, -1, -1, 0, -2, 0, 0, 0, 0, 0, 0, 0 ], [ 0, 0, 0, 0, 0, 0, 0, 0, 0, -2, 0, 0, 0, 0, 0, 0 ], 
                  [ 0, 0, 0, 0, 0, 0, 0, 0, 0, 0, -2, -1, -1, -1, -1, 0 ], [ 0, 0, 0, 0, 0, 0, 0, 0, 0, 0, -1, -2, 0, -1, -1, 0 ], 
                  [ 0, 0, 0, 0, 0, 0, 0, 0, 0, 0, -1, 0, -4, -1, -2, 0 ], [ 0, 0, 0, 0, 0, 0, 0, 0, 0, 0, -1, -1, -1, -6, -1, 0 ], 
                  [ 0, 0, 0, 0, 0, 0, 0, 0, 0, 0, -1, -1, -2, -1, 4, 0 ], [ 1, 0, 0, 0, 0, 0, 0, 0, 0, 0, 0, 0, 0, 0, 0, 0 ] ] ],
          method := "Nikulin uniqueness",
          spinorPrimes := [  ] ),
      ampleflag := true,
      basisdual := [ [ 2, 0, 0, 0, 0, 12 ], [ 0, 1, 0, 0, 3, 14 ], [ 0, 0, 1, 0, 8, 13 ], [ 0, 0, 0, 1, 1, 10 ], [ 0, 0, 0, 0, 11, 3 ], [ 0, 0, 0, 0, 0, 26 ] ],
      extdeg := 1,
      extgroupgens := [ [ 2, 0 ], [ 0, 286 ] ],
      h := [ 1, 2, 2, 2, -2, -3 ],
      rho := 6,
      sprats := rec(
          nopss := [ 0, 9 ],
          scons := [ [ [ 1, 2, -2, 1, 1, -1 ], [ 1, 2, 6, 3, -5, -5 ] ], [ [ 1, 3, 0, 3, -1, -3 ], [ 1, 1, 4, 1, -3, -3 ] ], [ [ 1, 3, 2, 3, -2, -4 ], [ 1, 1, 2, 1, -2, -2 ] 
                 ], [ [ 1, 6, 2, 2, -3, -5 ], [ 1, -2, 2, 2, -1, -1 ] ], [ [ 1, 4, 3, 1, -3, -4 ], [ 1, 0, 1, 3, -1, -2 ] ], [ [ 1, 1, 0, 0, 0, -1 ], [ 1, 3, 4, 4, -4, -5 ] ]
                , [ [ 1, 2, 1, -2, -1, -1 ], [ 1, 2, 3, 6, -3, -5 ] ], [ [ 1, 1, 1, 4, -1, -3 ], [ 1, 3, 3, 0, -3, -3 ] ], [ [ 1, 4, 1, 3, -2, -4 ], [ 1, 0, 3, 1, -2, -2 ] ] 
             ],
          slins := [  ] ) ), rec(
      Gram := [ [ -26262, -8488, -23608, -16446, -21486, -55440 ], [ -8488, -2744, -7631, -5316, -6945, -17920 ], [ -23608, -7631, -21224, -14785, -19316, -49840 ], 
          [ -16446, -5316, -14785, -10300, -13456, -34720 ], [ -21486, -6945, -19316, -13456, -17580, -45360 ], [ -55440, -17920, -49840, -34720, -45360, -117040 ] ],
      Trec := rec(
          count := 1,
          grams := [ [ [ 0, 0, 0, 0, 0, 0, 0, 0, 0, 0, 0, 0, 0, 0, 0, 1 ], [ 0, -2, -1, -1, -1, 1, 1, -1, 1, 0, 0, 0, 0, 0, 0, 0 ], 
                  [ 0, -1, -2, 0, -1, 1, 1, 0, 1, 0, 0, 0, 0, 0, 0, 0 ], [ 0, -1, 0, -2, -1, 0, 1, -1, 1, 0, 0, 0, 0, 0, 0, 0 ], 
                  [ 0, -1, -1, -1, -2, 0, 1, 0, 1, 0, 0, 0, 0, 0, 0, 0 ], [ 0, 1, 1, 0, 0, -2, 0, 0, -1, 0, 0, 0, 0, 0, 0, 0 ], 
                  [ 0, 1, 1, 1, 1, 0, -2, 1, -1, 0, 0, 0, 0, 0, 0, 0 ], [ 0, -1, 0, -1, 0, 0, 1, -2, 0, 0, 0, 0, 0, 0, 0, 0 ], 
                  [ 0, 1, 1, 1, 1, -1, -1, 0, -2, 0, 0, 0, 0, 0, 0, 0 ], [ 0, 0, 0, 0, 0, 0, 0, 0, 0, -2, 0, 1, 0, -1, -1, 0 ], 
                  [ 0, 0, 0, 0, 0, 0, 0, 0, 0, 0, -2, -1, -1, 0, 0, 0 ], [ 0, 0, 0, 0, 0, 0, 0, 0, 0, 1, -1, -4, 1, 1, 1, 0 ], 
                  [ 0, 0, 0, 0, 0, 0, 0, 0, 0, 0, -1, 1, -4, 0, 1, 0 ], [ 0, 0, 0, 0, 0, 0, 0, 0, 0, -1, 0, 1, 0, -4, 1, 0 ], 
                  [ 0, 0, 0, 0, 0, 0, 0, 0, 0, -1, 0, 1, 1, 1, 8, 0 ], [ 1, 0, 0, 0, 0, 0, 0, 0, 0, 0, 0, 0, 0, 0, 0, 0 ] ] ],
          method := "Nikulin uniqueness",
          spinorPrimes := [  ] ),
      ampleflag := true,
      basisdual := [ [ 2, 0, 0, 0, 0, 266 ], [ 0, 1, 0, 0, 0, 86 ], [ 0, 0, 1, 0, 0, 239 ], [ 0, 0, 0, 1, 0, 166 ], [ 0, 0, 0, 0, 1, 217 ], [ 0, 0, 0, 0, 0, 560 ] ],
      extdeg := 1,
      extgroupgens := [ [ 2, 0 ], [ 0, 560 ] ],
      h := [ 1, 2, 2, 2, 2, -3 ],
      rho := 6,
      sprats := rec(
          nopss := [ 0, 6 ],
          scons := [ [ [ 1, 1, 2, 1, -2, -1 ], [ 1, 3, 2, 3, 6, -5 ] ], [ [ 1, 6, 2, 2, 3, -4 ], [ 1, -2, 2, 2, 1, -2 ] ], [ [ 1, 2, 3, 6, 3, -5 ], [ 1, 2, 1, -2, 1, -1 ] ], 
              [ [ 1, 2, 6, 3, 2, -5 ], [ 1, 2, -2, 1, 2, -1 ] ], [ [ 1, 3, 4, 2, 2, -4 ], [ 1, 1, 0, 2, 2, -2 ] ], [ [ 1, 1, 4, 3, 2, -4 ], [ 1, 3, 0, 1, 2, -2 ] ] ],
          slins := [  ] ) ), rec(
      Gram := [ [ -38670, -11824, -5752, -43782, -19494, -66792 ], [ -11824, -3616, -1759, -13388, -5961, -20424 ], [ -5752, -1759, -856, -6513, -2900, -9936 ], 
          [ -43782, -13388, -6513, -49572, -22072, -75624 ], [ -19494, -5961, -2900, -22072, -9828, -33672 ], [ -66792, -20424, -9936, -75624, -33672, -115368 ] ],
      Trec := rec(
          count := 1,
          grams := [ [ [ 0, 0, 0, 0, 0, 0, 0, 0, 0, 0, 0, 0, 0, 0, 0, 1 ], [ 0, -2, -1, -1, -1, 1, 1, -1, 1, 0, 0, 0, 0, 0, 0, 0 ], 
                  [ 0, -1, -2, 0, 0, 1, 1, -1, 1, 0, 0, 0, 0, 0, 0, 0 ], [ 0, -1, 0, -2, 0, 0, 1, -1, 1, 0, 0, 0, 0, 0, 0, 0 ], 
                  [ 0, -1, 0, 0, -2, 0, 0, 0, 0, 0, 0, 0, 0, 0, 0, 0 ], [ 0, 1, 1, 0, 0, -2, 0, 1, -1, 0, 0, 0, 0, 0, 0, 0 ], 
                  [ 0, 1, 1, 1, 0, 0, -2, 1, -1, 0, 0, 0, 0, 0, 0, 0 ], [ 0, -1, -1, -1, 0, 1, 1, -2, 1, 0, 0, 0, 0, 0, 0, 0 ], 
                  [ 0, 1, 1, 1, 0, -1, -1, 1, -2, 0, 0, 0, 0, 0, 0, 0 ], [ 0, 0, 0, 0, 0, 0, 0, 0, 0, -2, 1, -1, 1, 1, 1, 0 ], 
                  [ 0, 0, 0, 0, 0, 0, 0, 0, 0, 1, -2, 0, -1, 0, -1, 0 ], [ 0, 0, 0, 0, 0, 0, 0, 0, 0, -1, 0, -2, 0, 0, 1, 0 ], 
                  [ 0, 0, 0, 0, 0, 0, 0, 0, 0, 1, -1, 0, -2, -1, -1, 0 ], [ 0, 0, 0, 0, 0, 0, 0, 0, 0, 1, 0, 0, -1, -14, -1, 0 ], 
                  [ 0, 0, 0, 0, 0, 0, 0, 0, 0, 1, -1, 1, -1, -1, 16, 0 ], [ 1, 0, 0, 0, 0, 0, 0, 0, 0, 0, 0, 0, 0, 0, 0, 0 ] ] ],
          method := "Nikulin uniqueness",
          spinorPrimes := [  ] ),
      ampleflag := true,
      basisdual := [ [ 2, 0, 0, 0, 0, 322 ], [ 0, 1, 0, 0, 0, 98 ], [ 0, 0, 1, 0, 0, 47 ], [ 0, 0, 0, 1, 0, 362 ], [ 0, 0, 0, 0, 1, 161 ], [ 0, 0, 0, 0, 0, 552 ] ],
      extdeg := 1,
      extgroupgens := [ [ 2, 0 ], [ 0, 552 ] ],
      h := [ 1, 2, 2, 2, 2, -3 ],
      rho := 6,
      sprats := rec(
          nopss := [ 0, 6 ],
          scons := [ [ [ 1, 1, 2, 1, -2, -1 ], [ 1, 3, 2, 3, 6, -5 ] ], [ [ 1, 6, 2, 2, 3, -4 ], [ 1, -2, 2, 2, 1, -2 ] ], [ [ 1, 2, 3, 6, 3, -6 ], [ 1, 2, 1, -2, 1, 0 ] ], 
              [ [ 1, 1, 4, 2, 2, -3 ], [ 1, 3, 0, 2, 2, -3 ] ], [ [ 1, 2, 6, 3, 2, -4 ], [ 1, 2, -2, 1, 2, -2 ] ], [ [ 1, 1, 0, 1, 2, -2 ], [ 1, 3, 4, 3, 2, -4 ] ] ],
          slins := [  ] ) ), rec(
      Gram := [ [ -36008, -56242, -22318, -35114, -23806, -62194 ], [ -56242, -87850, -34861, -54848, -37185, -97146 ], [ -22318, -34861, -13834, -21765, -14756, -38550 ], 
          [ -35114, -54848, -21765, -34244, -23216, -60652 ], [ -23806, -37185, -14756, -23216, -15740, -41120 ], [ -62194, -97146, -38550, -60652, -41120, -107426 ] ],
      Trec := rec(
          count := 1,
          grams := [ [ [ 0, 0, 0, 0, 0, 0, 0, 0, 0, 0, 0, 0, 0, 0, 0, 1 ], [ 0, -2, -1, -1, 1, 1, 1, 1, 1, 0, 0, 0, 0, 0, 0, 0 ], 
                  [ 0, -1, -2, 0, 1, 1, 1, 0, 1, 0, 0, 0, 0, 0, 0, 0 ], [ 0, -1, 0, -2, 1, 0, 1, 0, 1, 0, 0, 0, 0, 0, 0, 0 ], 
                  [ 0, 1, 1, 1, -2, -1, -1, 0, -1, 0, 0, 0, 0, 0, 0, 0 ], [ 0, 1, 1, 0, -1, -2, 0, 0, -1, 0, 0, 0, 0, 0, 0, 0 ], 
                  [ 0, 1, 1, 1, -1, 0, -2, 0, -1, 0, 0, 0, 0, 0, 0, 0 ], [ 0, 1, 0, 0, 0, 0, 0, -2, 0, 0, 0, 0, 0, 0, 0, 0 ], 
                  [ 0, 1, 1, 1, -1, -1, -1, 0, -2, 0, 0, 0, 0, 0, 0, 0 ], [ 0, 0, 0, 0, 0, 0, 0, 0, 0, -2, 1, 1, 1, -1, -1, 0 ], 
                  [ 0, 0, 0, 0, 0, 0, 0, 0, 0, 1, -2, -1, 0, 0, 1, 0 ], [ 0, 0, 0, 0, 0, 0, 0, 0, 0, 1, -1, -2, 0, 0, 0, 0 ], 
                  [ 0, 0, 0, 0, 0, 0, 0, 0, 0, 1, 0, 0, -4, 0, 1, 0 ], [ 0, 0, 0, 0, 0, 0, 0, 0, 0, -1, 0, 0, 0, -4, 1, 0 ], 
                  [ 0, 0, 0, 0, 0, 0, 0, 0, 0, -1, 1, 0, 1, 1, 24, 0 ], [ 1, 0, 0, 0, 0, 0, 0, 0, 0, 0, 0, 0, 0, 0, 0, 0 ] ] ],
          method := "Nikulin uniqueness",
          spinorPrimes := [  ] ),
      ampleflag := true,
      basisdual := [ [ 2, 0, 0, 0, 0, 298 ], [ 0, 1, 0, 0, 0, 465 ], [ 0, 0, 1, 0, 0, 185 ], [ 0, 0, 0, 1, 0, 290 ], [ 0, 0, 0, 0, 1, 197 ], [ 0, 0, 0, 0, 0, 514 ] ],
      extdeg := 1,
      extgroupgens := [ [ 2, 0 ], [ 0, 514 ] ],
      h := [ 1, 2, 2, 2, 2, -5 ],
      rho := 6,
      sprats := rec(
          nopss := [ 0, 6 ],
          scons := [ [ [ 1, -2, 2, 2, 1, -1 ], [ 1, 6, 2, 2, 3, -9 ] ], [ [ 1, 2, 3, 6, 3, -8 ], [ 1, 2, 1, -2, 1, -2 ] ], [ [ 1, 1, 2, 1, -2, -2 ], [ 1, 3, 2, 3, 6, -8 ] ], 
              [ [ 1, 2, 6, 3, 2, -7 ], [ 1, 2, -2, 1, 2, -3 ] ], [ [ 1, 3, 4, 2, 3, -7 ], [ 1, 1, 0, 2, 1, -3 ] ], [ [ 1, 1, 4, 3, 1, -5 ], [ 1, 3, 0, 1, 3, -5 ] ] ],
          slins := [  ] ) ), rec(
      Gram := [ [ -9002, -28121, -11159, -17557, -11903, -31097 ], [ -28121, -87850, -34861, -54848, -37185, -97146 ], [ -11159, -34861, -13834, -21765, -14756, -38550 ], 
          [ -17557, -54848, -21765, -34244, -23216, -60652 ], [ -11903, -37185, -14756, -23216, -15740, -41120 ], [ -31097, -97146, -38550, -60652, -41120, -107426 ] ],
      Trec := rec(
          count := 1,
          grams := [ [ [ 0, 0, 0, 0, 0, 0, 0, 0, 0, 0, 0, 0, 0, 0, 0, 1 ], [ 0, -2, -1, -1, 1, 1, 1, 1, 1, 0, 0, 0, 0, 0, 0, 0 ], 
                  [ 0, -1, -2, 0, 1, 1, 1, 0, 1, 0, 0, 0, 0, 0, 0, 0 ], [ 0, -1, 0, -2, 1, 0, 1, 0, 1, 0, 0, 0, 0, 0, 0, 0 ], 
                  [ 0, 1, 1, 1, -2, -1, -1, 0, -1, 0, 0, 0, 0, 0, 0, 0 ], [ 0, 1, 1, 0, -1, -2, 0, 0, -1, 0, 0, 0, 0, 0, 0, 0 ], 
                  [ 0, 1, 1, 1, -1, 0, -2, 0, -1, 0, 0, 0, 0, 0, 0, 0 ], [ 0, 1, 0, 0, 0, 0, 0, -2, 0, 0, 0, 0, 0, 0, 0, 0 ], 
                  [ 0, 1, 1, 1, -1, -1, -1, 0, -2, 0, 0, 0, 0, 0, 0, 0 ], [ 0, 0, 0, 0, 0, 0, 0, 0, 0, -2, 1, 1, 1, 0, -1, 0 ], 
                  [ 0, 0, 0, 0, 0, 0, 0, 0, 0, 1, -2, 0, 0, 0, 0, 0 ], [ 0, 0, 0, 0, 0, 0, 0, 0, 0, 1, 0, -2, -1, 0, 0, 0 ], 
                  [ 0, 0, 0, 0, 0, 0, 0, 0, 0, 1, 0, -1, -2, 0, 1, 0 ], [ 0, 0, 0, 0, 0, 0, 0, 0, 0, 0, 0, 0, 0, -2, 1, 0 ], 
                  [ 0, 0, 0, 0, 0, 0, 0, 0, 0, -1, 0, 0, 1, 1, 24, 0 ], [ 1, 0, 0, 0, 0, 0, 0, 0, 0, 0, 0, 0, 0, 0, 0, 0 ] ] ],
          method := "Nikulin uniqueness",
          spinorPrimes := [  ] ),
      ampleflag := true,
      basisdual := [ [ 1, 0, 0, 0, 0, 149 ], [ 0, 1, 0, 0, 0, 465 ], [ 0, 0, 1, 0, 0, 185 ], [ 0, 0, 0, 1, 0, 290 ], [ 0, 0, 0, 0, 1, 197 ], [ 0, 0, 0, 0, 0, 514 ] ],
      extdeg := 2,
      extgroupgens := [ [ 1, 0 ], [ 0, 514 ] ],
      h := [ 2, 2, 2, 2, 2, -5 ],
      rho := 6,
      sprats := rec(
          nopss := [ 3, 3 ],
          scons := [ [ [ 2, 2, 3, 6, 3, -8 ], [ 2, 2, 1, -2, 1, -2 ] ], [ [ 2, 2, 6, 3, 2, -7 ], [ 2, 2, -2, 1, 2, -3 ] ], [ [ 2, 3, 4, 2, 3, -7 ], [ 2, 1, 0, 2, 1, -3 ] ] ],
          slins := [ [ [ 1, -1, 0, 0, -1, 1 ], [ 1, 3, 2, 2, 3, -6 ] ], [ [ 1, -1, 2, 2, 2, -2 ], [ 1, 3, 0, 0, 0, -3 ] ], [ [ 1, 0, 0, 1, 3, -2 ], [ 1, 2, 2, 1, -1, -3 ] ] 
             ] ) ), rec(
      Gram := [ [ -40518, -38368, -32536, -62310, -38982, -64152 ], [ -38368, -36334, -30811, -59006, -36915, -60750 ], [ -32536, -30811, -26128, -50037, -31304, -51516 ], 
          [ -62310, -59006, -50037, -95826, -59950, -98658 ], [ -38982, -36915, -31304, -59950, -37506, -61722 ], [ -64152, -60750, -51516, -98658, -61722, -101574 ] ],
      Trec := rec(
          count := 1,
          grams := [ [ [ 0, 0, 0, 0, 0, 0, 0, 0, 0, 0, 0, 0, 0, 0, 0, 1 ], [ 0, 0, 0, 0, 0, 0, 0, 0, 0, 0, 0, 0, 0, 0, 1, 0 ], 
                  [ 0, 0, -2, -1, 1, -1, -1, -1, 1, -1, 0, 0, 0, 0, 0, 0 ], [ 0, 0, -1, -2, 0, -1, -1, 0, 1, 0, 0, 0, 0, 0, 0, 0 ], 
                  [ 0, 0, 1, 0, -2, 1, 1, 1, 0, 1, 0, 0, 0, 0, 0, 0 ], [ 0, 0, -1, -1, 1, -2, -1, 0, 0, -1, 0, 0, 0, 0, 0, 0 ], 
                  [ 0, 0, -1, -1, 1, -1, -2, -1, 0, -1, 0, 0, 0, 0, 0, 0 ], [ 0, 0, -1, 0, 1, 0, -1, -2, 0, -1, 0, 0, 0, 0, 0, 0 ], 
                  [ 0, 0, 1, 1, 0, 0, 0, 0, -2, 0, 0, 0, 0, 0, 0, 0 ], [ 0, 0, -1, 0, 1, -1, -1, -1, 0, -2, 0, 0, 0, 0, 0, 0 ], 
                  [ 0, 0, 0, 0, 0, 0, 0, 0, 0, 0, -2, 0, 0, 0, 0, 0 ], [ 0, 0, 0, 0, 0, 0, 0, 0, 0, 0, 0, -2, 1, 1, 0, 0 ], 
                  [ 0, 0, 0, 0, 0, 0, 0, 0, 0, 0, 0, 1, -4, -1, 0, 0 ], [ 0, 0, 0, 0, 0, 0, 0, 0, 0, 0, 0, 1, -1, -70, 0, 0 ], 
                  [ 0, 1, 0, 0, 0, 0, 0, 0, 0, 0, 0, 0, 0, 0, 0, 0 ], [ 1, 0, 0, 0, 0, 0, 0, 0, 0, 0, 0, 0, 0, 0, 0, 0 ] ] ],
          method := "Nikulin uniqueness",
          spinorPrimes := [  ] ),
      ampleflag := true,
      basisdual := [ [ 2, 0, 0, 0, 0, 308 ], [ 0, 1, 0, 0, 0, 291 ], [ 0, 0, 1, 0, 0, 247 ], [ 0, 0, 0, 1, 0, 472 ], [ 0, 0, 0, 0, 1, 295 ], [ 0, 0, 0, 0, 0, 486 ] ],
      extdeg := 1,
      extgroupgens := [ [ 2, 0 ], [ 0, 486 ] ],
      h := [ 1, 2, 2, 2, 2, -6 ],
      rho := 6,
      sprats := rec(
          nopss := [ 0, 6 ],
          scons := [ [ [ 1, 2, 1, -2, 1, -1 ], [ 1, 2, 3, 6, 3, -11 ] ], [ [ 1, 1, 2, 1, -2, -2 ], [ 1, 3, 2, 3, 6, -10 ] ], [ [ 1, 3, 4, 2, 1, -7 ], [ 1, 1, 0, 2, 3, -5 ] ],
              [ [ 1, 2, 6, 3, 2, -9 ], [ 1, 2, -2, 1, 2, -3 ] ], [ [ 1, 3, 0, 1, 1, -4 ], [ 1, 1, 4, 3, 3, -8 ] ], [ [ 1, -2, 2, 2, 1, -3 ], [ 1, 6, 2, 2, 3, -9 ] ] ],
          slins := [  ] ) ), rec(
      Gram := [ [ -11214, -31600, -5776, -12402, -15630, -35508 ], [ -31600, -89056, -16279, -34952, -44049, -100068 ], [ -5776, -16279, -2976, -6389, -8052, -18292 ], 
          [ -12402, -34952, -6389, -13718, -17288, -39274 ], [ -15630, -44049, -8052, -17288, -21788, -49496 ], [ -35508, -100068, -18292, -39274, -49496, -112442 ] ],
      Trec := rec(
          count := 1,
          grams := [ [ [ 0, 0, 0, 0, 0, 0, 0, 0, 0, 0, 0, 0, 0, 0, 0, 1 ], [ 0, -2, -1, -1, -1, 1, -1, -1, 1, 0, 0, 0, 0, 0, 0, 0 ], 
                  [ 0, -1, -2, 0, 0, 1, -1, -1, 1, 0, 0, 0, 0, 0, 0, 0 ], [ 0, -1, 0, -2, 0, 0, -1, -1, 1, 0, 0, 0, 0, 0, 0, 0 ], 
                  [ 0, -1, 0, 0, -2, 0, 0, 0, 0, 0, 0, 0, 0, 0, 0, 0 ], [ 0, 1, 1, 0, 0, -2, 1, 1, -1, 0, 0, 0, 0, 0, 0, 0 ], 
                  [ 0, -1, -1, -1, 0, 1, -2, -1, 1, 0, 0, 0, 0, 0, 0, 0 ], [ 0, -1, -1, -1, 0, 1, -1, -2, 1, 0, 0, 0, 0, 0, 0, 0 ], 
                  [ 0, 1, 1, 1, 0, -1, 1, 1, -2, 0, 0, 0, 0, 0, 0, 0 ], [ 0, 0, 0, 0, 0, 0, 0, 0, 0, -2, -1, -1, 0, 0, 1, 0 ], 
                  [ 0, 0, 0, 0, 0, 0, 0, 0, 0, -1, -2, 0, 0, 0, 1, 0 ], [ 0, 0, 0, 0, 0, 0, 0, 0, 0, -1, 0, -2, 0, 0, 0, 0 ], 
                  [ 0, 0, 0, 0, 0, 0, 0, 0, 0, 0, 0, 0, -2, 0, 0, 0 ], [ 0, 0, 0, 0, 0, 0, 0, 0, 0, 0, 0, 0, 0, -2, -1, 0 ], 
                  [ 0, 0, 0, 0, 0, 0, 0, 0, 0, 1, 1, 0, 0, -1, 66, 0 ], [ 1, 0, 0, 0, 0, 0, 0, 0, 0, 0, 0, 0, 0, 0, 0, 0 ] ] ],
          method := "Nikulin uniqueness",
          spinorPrimes := [  ] ),
      ampleflag := true,
      basisdual := [ [ 2, 0, 0, 0, 0, 172 ], [ 0, 1, 0, 0, 0, 479 ], [ 0, 0, 1, 0, 0, 87 ], [ 0, 0, 0, 1, 0, 188 ], [ 0, 0, 0, 0, 1, 237 ], [ 0, 0, 0, 0, 0, 538 ] ],
      extdeg := 1,
      extgroupgens := [ [ 2, 0 ], [ 0, 538 ] ],
      h := [ 1, 2, 2, 2, 2, -4 ],
      rho := 6,
      sprats := rec(
          nopss := [ 0, 6 ],
          scons := [ [ [ 1, 6, 2, 2, 3, -8 ], [ 1, -2, 2, 2, 1, 0 ] ], [ [ 1, 2, 3, 6, 3, -6 ], [ 1, 2, 1, -2, 1, -2 ] ], [ [ 1, 1, 2, 1, -2, -1 ], [ 1, 3, 2, 3, 6, -7 ] ], 
              [ [ 1, 2, 6, 3, 2, -5 ], [ 1, 2, -2, 1, 2, -3 ] ], [ [ 1, 1, 4, 2, 1, -3 ], [ 1, 3, 0, 2, 3, -5 ] ], [ [ 1, 3, 4, 3, 3, -6 ], [ 1, 1, 0, 1, 1, -2 ] ] ],
          slins := [  ] ) ), rec(
      Gram := [ [ -48668, -65834, -12034, -25838, -32563, -73975 ], [ -65834, -89056, -16279, -34952, -44049, -100068 ], [ -12034, -16279, -2976, -6389, -8052, -18292 ], 
          [ -25838, -34952, -6389, -13718, -17288, -39274 ], [ -32563, -44049, -8052, -17288, -21788, -49496 ], [ -73975, -100068, -18292, -39274, -49496, -112442 ] ],
      Trec := rec(
          count := 1,
          grams := [ [ [ 0, 0, 0, 0, 0, 0, 0, 0, 0, 0, 0, 0, 0, 0, 0, 1 ], [ 0, -2, -1, -1, -1, 1, -1, -1, 1, 0, 0, 0, 0, 0, 0, 0 ], 
                  [ 0, -1, -2, 0, 0, 1, -1, -1, 1, 0, 0, 0, 0, 0, 0, 0 ], [ 0, -1, 0, -2, 0, 0, -1, -1, 1, 0, 0, 0, 0, 0, 0, 0 ], 
                  [ 0, -1, 0, 0, -2, 0, 0, 0, 0, 0, 0, 0, 0, 0, 0, 0 ], [ 0, 1, 1, 0, 0, -2, 1, 1, -1, 0, 0, 0, 0, 0, 0, 0 ], 
                  [ 0, -1, -1, -1, 0, 1, -2, -1, 1, 0, 0, 0, 0, 0, 0, 0 ], [ 0, -1, -1, -1, 0, 1, -1, -2, 1, 0, 0, 0, 0, 0, 0, 0 ], 
                  [ 0, 1, 1, 1, 0, -1, 1, 1, -2, 0, 0, 0, 0, 0, 0, 0 ], [ 0, 0, 0, 0, 0, 0, 0, 0, 0, -2, -1, -1, 1, -1, -1, 0 ], 
                  [ 0, 0, 0, 0, 0, 0, 0, 0, 0, -1, -2, 0, 0, -1, -1, 0 ], [ 0, 0, 0, 0, 0, 0, 0, 0, 0, -1, 0, -2, 0, 0, 0, 0 ], 
                  [ 0, 0, 0, 0, 0, 0, 0, 0, 0, 1, 0, 0, -2, 0, 1, 0 ], [ 0, 0, 0, 0, 0, 0, 0, 0, 0, -1, -1, 0, 0, -2, 0, 0 ], 
                  [ 0, 0, 0, 0, 0, 0, 0, 0, 0, -1, -1, 0, 1, 0, 66, 0 ], [ 1, 0, 0, 0, 0, 0, 0, 0, 0, 0, 0, 0, 0, 0, 0, 0 ] ] ],
          method := "Nikulin uniqueness",
          spinorPrimes := [  ] ),
      ampleflag := true,
      basisdual := [ [ 1, 0, 0, 0, 0, 355 ], [ 0, 1, 0, 0, 0, 479 ], [ 0, 0, 1, 0, 0, 87 ], [ 0, 0, 0, 1, 0, 188 ], [ 0, 0, 0, 0, 1, 237 ], [ 0, 0, 0, 0, 0, 538 ] ],
      extdeg := 2,
      extgroupgens := [ [ 1, 269 ], [ 0, 538 ] ],
      h := [ 2, 2, 2, 2, 2, -5 ],
      rho := 6,
      sprats := rec(
          nopss := [ 3, 3 ],
          scons := [ [ [ 2, 2, 3, 6, 3, -7 ], [ 2, 2, 1, -2, 1, -3 ] ], [ [ 2, 2, 6, 3, 2, -6 ], [ 2, 2, -2, 1, 2, -4 ] ], [ [ 2, 1, 4, 2, 1, -4 ], [ 2, 3, 0, 2, 3, -6 ] ] ],
          slins := [ [ [ 1, 3, 2, 1, 0, -4 ], [ 1, -1, 0, 1, 2, -1 ] ], [ [ 1, 2, 0, 0, -1, -2 ], [ 1, 0, 2, 2, 3, -3 ] ], [ [ 1, 3, 0, 1, 3, -5 ], [ 1, -1, 2, 1, -1, 0 ] ] 
             ] ) ), rec(
      Gram := [ [ -20916, -38872, -30844, -9084, -21126, -44154 ], [ -38872, -72248, -57327, -16884, -39265, -82064 ], [ -30844, -57327, -45488, -13397, -31156, -65116 ], 
          [ -9084, -16884, -13397, -3946, -9176, -19178 ], [ -21126, -39265, -31156, -9176, -21340, -44600 ], [ -44154, -82064, -65116, -19178, -44600, -93214 ] ],
      Trec := rec(
          count := 1,
          grams := [ [ [ 0, 0, 0, 0, 0, 0, 0, 0, 0, 0, 0, 0, 0, 0, 0, 1 ], [ 0, -2, -1, -1, -1, 1, -1, -1, 1, 0, 0, 0, 0, 0, 0, 0 ], 
                  [ 0, -1, -2, 0, 0, 1, -1, -1, 1, 0, 0, 0, 0, 0, 0, 0 ], [ 0, -1, 0, -2, 0, 0, -1, -1, 1, 0, 0, 0, 0, 0, 0, 0 ], 
                  [ 0, -1, 0, 0, -2, 0, 0, 0, 0, 0, 0, 0, 0, 0, 0, 0 ], [ 0, 1, 1, 0, 0, -2, 1, 1, -1, 0, 0, 0, 0, 0, 0, 0 ], 
                  [ 0, -1, -1, -1, 0, 1, -2, -1, 1, 0, 0, 0, 0, 0, 0, 0 ], [ 0, -1, -1, -1, 0, 1, -1, -2, 1, 0, 0, 0, 0, 0, 0, 0 ], 
                  [ 0, 1, 1, 1, 0, -1, 1, 1, -2, 0, 0, 0, 0, 0, 0, 0 ], [ 0, 0, 0, 0, 0, 0, 0, 0, 0, -2, 1, 0, 0, 0, -1, 0 ], 
                  [ 0, 0, 0, 0, 0, 0, 0, 0, 0, 1, -2, 0, 0, 0, 1, 0 ], [ 0, 0, 0, 0, 0, 0, 0, 0, 0, 0, 0, -2, 0, 0, 0, 0 ], [ 0, 0, 0, 0, 0, 0, 0, 0, 0, 0, 0, 0, -2, 0, 1, 0 
                     ], [ 0, 0, 0, 0, 0, 0, 0, 0, 0, 0, 0, 0, 0, -2, 0, 0 ], [ 0, 0, 0, 0, 0, 0, 0, 0, 0, -1, 1, 0, 1, 0, 36, 0 ], 
                  [ 1, 0, 0, 0, 0, 0, 0, 0, 0, 0, 0, 0, 0, 0, 0, 0 ] ] ],
          method := "Nikulin uniqueness",
          spinorPrimes := [  ] ),
      ampleflag := true,
      basisdual := [ [ 2, 0, 0, 0, 0, 214 ], [ 0, 1, 0, 0, 0, 393 ], [ 0, 0, 1, 0, 0, 311 ], [ 0, 0, 0, 1, 0, 92 ], [ 0, 0, 0, 0, 1, 213 ], [ 0, 0, 0, 0, 0, 446 ] ],
      extdeg := 1,
      extgroupgens := [ [ 2, 0 ], [ 0, 446 ] ],
      h := [ 1, 2, 2, 2, 2, -5 ],
      rho := 6,
      sprats := rec(
          nopss := [ 0, 6 ],
          scons := [ [ [ 1, 2, 3, 6, 3, -7 ], [ 1, 2, 1, -2, 1, -3 ] ], [ [ 1, -2, 2, 2, 1, -1 ], [ 1, 6, 2, 2, 3, -9 ] ], [ [ 1, 3, 0, 2, 1, -4 ], [ 1, 1, 4, 2, 3, -6 ] ], 
              [ [ 1, 2, -2, 1, 2, -2 ], [ 1, 2, 6, 3, 2, -8 ] ], [ [ 1, 1, 2, 1, -2, -2 ], [ 1, 3, 2, 3, 6, -8 ] ], [ [ 1, 3, 4, 3, 1, -7 ], [ 1, 1, 0, 1, 3, -3 ] ] ],
          slins := [  ] ) ), rec(
      Gram := [ [ -1458, -346, -484, -624, -1386, -1596 ], [ -346, -84, -119, -149, -335, -380 ], [ -484, -119, -172, -209, -476, -532 ], 
          [ -624, -149, -209, -268, -596, -684 ], [ -1386, -335, -476, -596, -1340, -1520 ], [ -1596, -380, -532, -684, -1520, -1748 ] ],
      Trec := rec(
          count := 1,
          grams := [ [ [ -2, 1, 1, 1, -1, 1, -1, 1, 0, 0, 0, 0, 0, 0, 0, 0 ], [ 1, -2, -1, -1, 0, -1, 0, -1, 0, 0, 0, 0, 0, 0, 0, 0 ], 
                  [ 1, -1, -2, 0, 0, 0, 1, -1, 0, 0, 0, 0, 0, 0, 0, 0 ], [ 1, -1, 0, -2, 1, -1, 0, -1, 0, 0, 0, 0, 0, 0, 0, 0 ], 
                  [ -1, 0, 0, 1, -2, 1, 0, 1, 0, 0, 0, 0, 0, 0, 0, 0 ], [ 1, -1, 0, -1, 1, -2, 0, -1, 0, 0, 0, 0, 0, 0, 0, 0 ], 
                  [ -1, 0, 1, 0, 0, 0, -2, 0, 0, 0, 0, 0, 0, 0, 0, 0 ], [ 1, -1, -1, -1, 1, -1, 0, -2, 0, 0, 0, 0, 0, 0, 0, 0 ], 
                  [ 0, 0, 0, 0, 0, 0, 0, 0, -2, 1, 1, 0, 0, 0, -1, 0 ], [ 0, 0, 0, 0, 0, 0, 0, 0, 1, -2, 0, 0, 0, 0, 0, 0 ], 
                  [ 0, 0, 0, 0, 0, 0, 0, 0, 1, 0, -2, 0, 0, 0, 1, 0 ], [ 0, 0, 0, 0, 0, 0, 0, 0, 0, 0, 0, -2, -1, 1, 0, 0 ], 
                  [ 0, 0, 0, 0, 0, 0, 0, 0, 0, 0, 0, -1, -2, 0, 1, 0 ], [ 0, 0, 0, 0, 0, 0, 0, 0, 0, 0, 0, 1, 0, -2, -1, 0 ], 
                  [ 0, 0, 0, 0, 0, 0, 0, 0, -1, 0, 1, 0, 1, -1, 2, 0 ], [ 0, 0, 0, 0, 0, 0, 0, 0, 0, 0, 0, 0, 0, 0, 0, 14 ] ] ],
          method := "Nikulin uniqueness",
          spinorPrimes := [  ] ),
      ampleflag := true,
      basisdual := [ [ 2, 0, 0, 0, 0, 70 ], [ 0, 1, 0, 0, 2, 17 ], [ 0, 0, 1, 0, 5, 24 ], [ 0, 0, 0, 1, 1, 30 ], [ 0, 0, 0, 0, 7, 67 ], [ 0, 0, 0, 0, 0, 76 ] ],
      extdeg := 1,
      extgroupgens := [ [ 2, 0 ], [ 0, 532 ] ],
      h := [ 1, 2, 2, 2, -2, -1 ],
      rho := 6,
      sprats := rec(
          nopss := [ 0, 6 ],
          scons := [ [ [ 1, 2, -2, 1, 1, -2 ], [ 1, 2, 6, 3, -5, 0 ] ], [ [ 1, -2, 2, 2, -1, -1 ], [ 1, 6, 2, 2, -3, -1 ] ], [ [ 1, 1, 1, 1, -1, -1 ], [ 1, 3, 3, 3, -3, -1 ] 
                 ], [ [ 1, 3, 2, 4, -2, -2 ], [ 1, 1, 2, 0, -2, 0 ] ], [ [ 1, 2, 3, 6, -3, -2 ], [ 1, 2, 1, -2, -1, 0 ] ], [ [ 1, 3, 1, 0, -1, -1 ], [ 1, 1, 3, 4, -3, -1 ] ] 
             ],
          slins := [  ] ) ), rec(
      Gram := [ [ -666, -886, -220, -576, -486, -1020 ], [ -886, -1184, -299, -769, -655, -1360 ], [ -220, -299, -84, -193, -176, -340 ], 
          [ -576, -769, -193, -500, -424, -884 ], [ -486, -655, -176, -424, -376, -748 ], [ -1020, -1360, -340, -884, -748, -1564 ] ],
      Trec := rec(
          count := 1,
          grams := [ [ [ 0, 0, 0, 0, 0, 0, 0, 0, 0, 0, 0, 0, 0, 0, 0, 1 ], [ 0, -2, -1, -1, -1, 1, 1, -1, 1, 0, 0, 0, 0, 0, 0, 0 ], 
                  [ 0, -1, -2, 0, 0, 1, 1, -1, 1, 0, 0, 0, 0, 0, 0, 0 ], [ 0, -1, 0, -2, 0, 0, 1, -1, 1, 0, 0, 0, 0, 0, 0, 0 ], 
                  [ 0, -1, 0, 0, -2, 0, 0, 0, 0, 0, 0, 0, 0, 0, 0, 0 ], [ 0, 1, 1, 0, 0, -2, 0, 1, -1, 0, 0, 0, 0, 0, 0, 0 ], 
                  [ 0, 1, 1, 1, 0, 0, -2, 1, -1, 0, 0, 0, 0, 0, 0, 0 ], [ 0, -1, -1, -1, 0, 1, 1, -2, 1, 0, 0, 0, 0, 0, 0, 0 ], 
                  [ 0, 1, 1, 1, 0, -1, -1, 1, -2, 0, 0, 0, 0, 0, 0, 0 ], [ 0, 0, 0, 0, 0, 0, 0, 0, 0, -2, 1, -1, 0, -1, -1, 0 ], 
                  [ 0, 0, 0, 0, 0, 0, 0, 0, 0, 1, -2, 1, 0, 0, 0, 0 ], [ 0, 0, 0, 0, 0, 0, 0, 0, 0, -1, 1, -2, 0, -1, -1, 0 ], 
                  [ 0, 0, 0, 0, 0, 0, 0, 0, 0, 0, 0, 0, 2, 0, 0, 0 ], [ 0, 0, 0, 0, 0, 0, 0, 0, 0, -1, 0, -1, 0, -10, -5, 0 ], 
                  [ 0, 0, 0, 0, 0, 0, 0, 0, 0, -1, 0, -1, 0, -5, -16, 0 ], [ 1, 0, 0, 0, 0, 0, 0, 0, 0, 0, 0, 0, 0, 0, 0, 0 ] ] ],
          method := "Nikulin uniqueness",
          spinorPrimes := [  ] ),
      ampleflag := true,
      basisdual := [ [ 2, 0, 0, 0, 0, 46 ], [ 0, 1, 0, 0, 2, 59 ], [ 0, 0, 1, 0, 5, 14 ], [ 0, 0, 0, 1, 1, 38 ], [ 0, 0, 0, 0, 7, 31 ], [ 0, 0, 0, 0, 0, 68 ] ],
      extdeg := 1,
      extgroupgens := [ [ 2, 0 ], [ 0, 476 ] ],
      h := [ 1, 2, 2, 2, -2, -3 ],
      rho := 6,
      sprats := rec(
          nopss := [ 0, 6 ],
          scons := [ [ [ 1, 2, -2, 1, 1, -3 ], [ 1, 2, 6, 3, -5, -3 ] ], [ [ 1, 6, 2, 2, -3, -6 ], [ 1, -2, 2, 2, -1, 0 ] ], [ [ 1, 3, 3, 1, -3, -3 ], [ 1, 1, 1, 3, -1, -3 ] 
                 ], [ [ 1, 3, 1, 0, -1, -3 ], [ 1, 1, 3, 4, -3, -3 ] ], [ [ 1, 3, 2, 4, -2, -5 ], [ 1, 1, 2, 0, -2, -1 ] ], [ [ 1, 2, 1, -2, -1, -1 ], [ 1, 2, 3, 6, -3, -5 ] 
                 ] ],
          slins := [  ] ) ), rec(
      Gram := [ [ -9662, -27258, -11386, -10006, -2070, -27776 ], [ -27258, -76908, -32126, -28232, -5841, -78368 ], [ -11386, -32126, -13420, -11793, -2440, -32736 ], 
          [ -10006, -28232, -11793, -10364, -2144, -28768 ], [ -2070, -5841, -2440, -2144, -444, -5952 ], [ -27776, -78368, -32736, -28768, -5952, -79856 ] ],
      Trec := rec(
          count := 1,
          grams := [ [ [ 0, 0, 0, 0, 0, 0, 0, 0, 0, 0, 0, 0, 0, 0, 0, 1 ], [ 0, -2, -1, -1, -1, 1, 1, 1, 1, 0, 0, 0, 0, 0, 0, 0 ], 
                  [ 0, -1, -2, 0, 0, 1, 1, 1, 1, 0, 0, 0, 0, 0, 0, 0 ], [ 0, -1, 0, -2, 0, 0, 1, 1, 1, 0, 0, 0, 0, 0, 0, 0 ], 
                  [ 0, -1, 0, 0, -2, 0, 0, 0, 0, 0, 0, 0, 0, 0, 0, 0 ], [ 0, 1, 1, 0, 0, -2, 0, 0, -1, 0, 0, 0, 0, 0, 0, 0 ], 
                  [ 0, 1, 1, 1, 0, 0, -2, -1, -1, 0, 0, 0, 0, 0, 0, 0 ], [ 0, 1, 1, 1, 0, 0, -1, -2, -1, 0, 0, 0, 0, 0, 0, 0 ], 
                  [ 0, 1, 1, 1, 0, -1, -1, -1, -2, 0, 0, 0, 0, 0, 0, 0 ], [ 0, 0, 0, 0, 0, 0, 0, 0, 0, -2, 1, 0, -1, -1, 0, 0 ], 
                  [ 0, 0, 0, 0, 0, 0, 0, 0, 0, 1, -2, 0, 1, 1, 0, 0 ], [ 0, 0, 0, 0, 0, 0, 0, 0, 0, 0, 0, -2, 1, -1, -1, 0 ], 
                  [ 0, 0, 0, 0, 0, 0, 0, 0, 0, -1, 1, 1, -4, 0, 0, 0 ], [ 0, 0, 0, 0, 0, 0, 0, 0, 0, -1, 1, -1, 0, -4, 0, 0 ], 
                  [ 0, 0, 0, 0, 0, 0, 0, 0, 0, 0, 0, -1, 0, 0, 20, 0 ], [ 1, 0, 0, 0, 0, 0, 0, 0, 0, 0, 0, 0, 0, 0, 0, 0 ] ] ],
          method := "Nikulin uniqueness",
          spinorPrimes := [  ] ),
      ampleflag := true,
      basisdual := [ [ 2, 0, 0, 0, 0, 174 ], [ 0, 1, 0, 0, 0, 487 ], [ 0, 0, 1, 0, 0, 203 ], [ 0, 0, 0, 1, 0, 179 ], [ 0, 0, 0, 0, 1, 37 ], [ 0, 0, 0, 0, 0, 496 ] ],
      extdeg := 1,
      extgroupgens := [ [ 2, 0 ], [ 0, 496 ] ],
      h := [ 1, 2, 2, 2, 2, -4 ],
      rho := 6,
      sprats := rec(
          nopss := [ 0, 6 ],
          scons := [ [ [ 1, -2, 2, 2, 1, 0 ], [ 1, 6, 2, 2, 3, -8 ] ], [ [ 1, 2, 6, 3, 2, -6 ], [ 1, 2, -2, 1, 2, -2 ] ], [ [ 1, 3, 1, 3, 3, -5 ], [ 1, 1, 3, 1, 1, -3 ] ], 
              [ [ 1, 3, 1, 0, 4, -4 ], [ 1, 1, 3, 4, 0, -4 ] ], [ [ 1, 3, 2, 4, 6, -6 ], [ 1, 1, 2, 0, -2, -2 ] ], [ [ 1, 2, 1, -2, 0, -2 ], [ 1, 2, 3, 6, 4, -6 ] ] ],
          slins := [  ] ) ), rec(
      Gram := [ [ -422, -1534, -150, -4242, -3550, -4844 ], [ -1534, -5590, -548, -15454, -12933, -17646 ], [ -150, -548, -54, -1515, -1268, -1730 ], 
          [ -4242, -15454, -1515, -42726, -35756, -48786 ], [ -3550, -12933, -1268, -35756, -29924, -40828 ], [ -4844, -17646, -1730, -48786, -40828, -55706 ] ],
      Trec := rec(
          count := 1,
          grams := [ [ [ 0, 0, 0, 0, 0, 0, 0, 0, 0, 0, 0, 0, 0, 0, 0, 1 ], [ 0, -2, -1, -1, -1, 1, 1, -1, 1, 0, 0, 0, 0, 0, 0, 0 ], 
                  [ 0, -1, -2, 0, 0, 1, 1, -1, 1, 0, 0, 0, 0, 0, 0, 0 ], [ 0, -1, 0, -2, 0, 0, 1, -1, 1, 0, 0, 0, 0, 0, 0, 0 ], 
                  [ 0, -1, 0, 0, -2, 0, 0, 0, 0, 0, 0, 0, 0, 0, 0, 0 ], [ 0, 1, 1, 0, 0, -2, 0, 1, -1, 0, 0, 0, 0, 0, 0, 0 ], 
                  [ 0, 1, 1, 1, 0, 0, -2, 1, -1, 0, 0, 0, 0, 0, 0, 0 ], [ 0, -1, -1, -1, 0, 1, 1, -2, 1, 0, 0, 0, 0, 0, 0, 0 ], 
                  [ 0, 1, 1, 1, 0, -1, -1, 1, -2, 0, 0, 0, 0, 0, 0, 0 ], [ 0, 0, 0, 0, 0, 0, 0, 0, 0, -2, 1, -1, 1, -1, -1, 0 ], 
                  [ 0, 0, 0, 0, 0, 0, 0, 0, 0, 1, -2, 1, -1, 0, 1, 0 ], [ 0, 0, 0, 0, 0, 0, 0, 0, 0, -1, 1, -2, 1, 0, -1, 0 ], 
                  [ 0, 0, 0, 0, 0, 0, 0, 0, 0, 1, -1, 1, -2, 0, 1, 0 ], [ 0, 0, 0, 0, 0, 0, 0, 0, 0, -1, 0, 0, 0, -4, 1, 0 ], 
                  [ 0, 0, 0, 0, 0, 0, 0, 0, 0, -1, 1, -1, 1, 1, 42, 0 ], [ 1, 0, 0, 0, 0, 0, 0, 0, 0, 0, 0, 0, 0, 0, 0, 0 ] ] ],
          method := "Nikulin uniqueness",
          spinorPrimes := [  ] ),
      ampleflag := true,
      basisdual := [ [ 2, 0, 0, 0, 0, 32 ], [ 0, 1, 0, 0, 0, 110 ], [ 0, 0, 1, 0, 0, 11 ], [ 0, 0, 0, 1, 0, 303 ], [ 0, 0, 0, 0, 1, 253 ], [ 0, 0, 0, 0, 0, 346 ] ],
      extdeg := 1,
      extgroupgens := [ [ 2, 0 ], [ 0, 346 ] ],
      h := [ 1, 2, 2, 2, 2, -4 ],
      rho := 6,
      sprats := rec(
          nopss := [ 0, 8 ],
          scons := [ [ [ 1, 2, 6, 3, 2, -5 ], [ 1, 2, -2, 1, 2, -3 ] ], [ [ 1, -2, 2, 2, 1, -2 ], [ 1, 6, 2, 2, 3, -6 ] ], [ [ 1, 0, 3, 3, 3, -5 ], [ 1, 4, 1, 1, 1, -3 ] ], 
              [ [ 1, 1, 3, 4, 0, -4 ], [ 1, 3, 1, 0, 4, -4 ] ], [ [ 1, 2, 3, 6, 4, -9 ], [ 1, 2, 1, -2, 0, 1 ] ], [ [ 1, 1, 2, 0, -2, 1 ], [ 1, 3, 2, 4, 6, -9 ] ], 
              [ [ 1, 3, 3, 1, 0, -2 ], [ 1, 1, 1, 3, 4, -6 ] ], [ [ 1, 0, 1, 1, 0, -1 ], [ 1, 4, 3, 3, 4, -7 ] ] ],
          slins := [  ] ) ), rec(
      Gram := [ [ -16454, -9590, -940, -26514, -22189, -30275 ], [ -9590, -5590, -548, -15454, -12933, -17646 ], [ -940, -548, -54, -1515, -1268, -1730 ], 
          [ -26514, -15454, -1515, -42726, -35756, -48786 ], [ -22189, -12933, -1268, -35756, -29924, -40828 ], [ -30275, -17646, -1730, -48786, -40828, -55706 ] ],
      Trec := rec(
          count := 1,
          grams := [ [ [ 0, 0, 0, 0, 0, 0, 0, 0, 0, 0, 0, 0, 0, 0, 0, 1 ], [ 0, -2, -1, -1, 1, 1, -1, -1, 1, 0, 0, 0, 0, 0, 0, 0 ], 
                  [ 0, -1, -2, 0, 1, 1, 0, -1, 1, 0, 0, 0, 0, 0, 0, 0 ], [ 0, -1, 0, -2, 1, 0, -1, 0, 1, 0, 0, 0, 0, 0, 0, 0 ], 
                  [ 0, 1, 1, 1, -2, -1, 1, 0, -1, 0, 0, 0, 0, 0, 0, 0 ], [ 0, 1, 1, 0, -1, -2, 1, 0, -1, 0, 0, 0, 0, 0, 0, 0 ], 
                  [ 0, -1, 0, -1, 1, 1, -2, 0, 1, 0, 0, 0, 0, 0, 0, 0 ], [ 0, -1, -1, 0, 0, 0, 0, -2, 0, 0, 0, 0, 0, 0, 0, 0 ], 
                  [ 0, 1, 1, 1, -1, -1, 1, 0, -2, 0, 0, 0, 0, 0, 0, 0 ], [ 0, 0, 0, 0, 0, 0, 0, 0, 0, -2, 1, -1, 1, 1, 1, 0 ], 
                  [ 0, 0, 0, 0, 0, 0, 0, 0, 0, 1, -2, 0, 0, 0, -1, 0 ], [ 0, 0, 0, 0, 0, 0, 0, 0, 0, -1, 0, -2, 0, 1, 1, 0 ], 
                  [ 0, 0, 0, 0, 0, 0, 0, 0, 0, 1, 0, 0, -2, -1, 0, 0 ], [ 0, 0, 0, 0, 0, 0, 0, 0, 0, 1, 0, 1, -1, -2, -1, 0 ], 
                  [ 0, 0, 0, 0, 0, 0, 0, 0, 0, 1, -1, 1, 0, -1, 42, 0 ], [ 1, 0, 0, 0, 0, 0, 0, 0, 0, 0, 0, 0, 0, 0, 0, 0 ] ] ],
          method := "Nikulin uniqueness",
          spinorPrimes := [  ] ),
      ampleflag := true,
      basisdual := [ [ 1, 0, 0, 0, 0, 189 ], [ 0, 1, 0, 0, 0, 110 ], [ 0, 0, 1, 0, 0, 11 ], [ 0, 0, 0, 1, 0, 303 ], [ 0, 0, 0, 0, 1, 253 ], [ 0, 0, 0, 0, 0, 346 ] ],
      extdeg := 2,
      extgroupgens := [ [ 1, 173 ], [ 0, 346 ] ],
      h := [ 2, 2, 2, 2, 2, -5 ],
      rho := 6,
      sprats := rec(
          nopss := [ 4, 2 ],
          scons := [ [ [ 2, -2, 2, 2, 1, -3 ], [ 2, 6, 2, 2, 3, -7 ] ], [ [ 2, 0, 3, 3, 3, -6 ], [ 2, 4, 1, 1, 1, -4 ] ] ],
          slins := [ [ [ 1, 0, 3, 3, 1, -4 ], [ 1, 2, -1, -1, 1, -1 ] ], [ [ 1, 0, 2, -1, -1, 1 ], [ 1, 2, 0, 3, 3, -6 ] ], [ [ 1, 2, 3, 0, 1, -2 ], [ 1, 0, -1, 2, 1, -3 ] ],
              [ [ 1, 1, 2, 1, 3, -4 ], [ 1, 1, 0, 1, -1, -1 ] ] ] ) ) ];
