difficult12:=[ [ [ 425, -146, -374, 0, 0, 0, 0, 0, 0, 0, 0, 0 ], [ -146, 53, 166, 0, 0, 0, 0, 0, 0, 0, 0, 0 ], [ -374, 166, 824, 0, 0, 0, 0, 0, 0, 0, 0, 0 ], 
      [ 0, 0, 0, 509, -195, -71, 0, 0, 0, 0, 0, 0 ], [ 0, 0, 0, -195, 90, 26, 0, 0, 0, 0, 0, 0 ], [ 0, 0, 0, -71, 26, 10, 0, 0, 0, 0, 0, 0 ], [ 0, 0, 0, 0, 0, 0, 9, 17, -5, 0, 0, 0 ], 
      [ 0, 0, 0, 0, 0, 0, 17, 74, -19, 0, 0, 0 ], [ 0, 0, 0, 0, 0, 0, -5, -19, 5, 0, 0, 0 ], [ 0, 0, 0, 0, 0, 0, 0, 0, 0, 5909, -53724, 15973 ], 
      [ 0, 0, 0, 0, 0, 0, 0, 0, 0, -53724, 488453, -145225 ], [ 0, 0, 0, 0, 0, 0, 0, 0, 0, 15973, -145225, 43178 ] ], 
  [ [ 1992, 843, 1122, 0, 0, 0, 0, 0, 0, 0, 0, 0 ], [ 843, 358, 475, 0, 0, 0, 0, 0, 0, 0, 0, 0 ], [ 1122, 475, 632, 0, 0, 0, 0, 0, 0, 0, 0, 0 ], 
      [ 0, 0, 0, 49778, 1945, -21780, 0, 0, 0, 0, 0, 0 ], [ 0, 0, 0, 1945, 76, -851, 0, 0, 0, 0, 0, 0 ], [ 0, 0, 0, -21780, -851, 9530, 0, 0, 0, 0, 0, 0 ], 
      [ 0, 0, 0, 0, 0, 0, 1100, 155, -427, 0, 0, 0 ], [ 0, 0, 0, 0, 0, 0, 155, 22, -60, 0, 0, 0 ], [ 0, 0, 0, 0, 0, 0, -427, -60, 166, 0, 0, 0 ], 
      [ 0, 0, 0, 0, 0, 0, 0, 0, 0, 32, -1, 59 ], [ 0, 0, 0, 0, 0, 0, 0, 0, 0, -1, 4, -11 ], [ 0, 0, 0, 0, 0, 0, 0, 0, 0, 59, -11, 130 ] ], 
  [ [ 26, 101, -156, 0, 0, 0, 0, 0, 0, 0, 0, 0 ], [ 101, 413, -640, 0, 0, 0, 0, 0, 0, 0, 0, 0 ], [ -156, -640, 992, 0, 0, 0, 0, 0, 0, 0, 0, 0 ], 
      [ 0, 0, 0, 197, -56, 28, 0, 0, 0, 0, 0, 0 ], [ 0, 0, 0, -56, 16, -8, 0, 0, 0, 0, 0, 0 ], [ 0, 0, 0, 28, -8, 5, 0, 0, 0, 0, 0, 0 ], [ 0, 0, 0, 0, 0, 0, 2085, -1022, -621, 0, 0, 0 ], 
      [ 0, 0, 0, 0, 0, 0, -1022, 505, 304, 0, 0, 0 ], [ 0, 0, 0, 0, 0, 0, -621, 304, 185, 0, 0, 0 ], [ 0, 0, 0, 0, 0, 0, 0, 0, 0, 4, -14, 16 ], 
      [ 0, 0, 0, 0, 0, 0, 0, 0, 0, -14, 53, -52 ], [ 0, 0, 0, 0, 0, 0, 0, 0, 0, 16, -52, 69 ] ], [ [ 216, -958, 6, 0, 0, 0, 0, 0, 0, 0, 0, 0 ], [ -958, 4249, -26, 0, 0, 0, 0, 0, 0, 0, 0, 0 ], 
      [ 6, -26, 5, 0, 0, 0, 0, 0, 0, 0, 0, 0 ], [ 0, 0, 0, 361, -210, 174, 0, 0, 0, 0, 0, 0 ], [ 0, 0, 0, -210, 125, -103, 0, 0, 0, 0, 0, 0 ], 
      [ 0, 0, 0, 174, -103, 85, 0, 0, 0, 0, 0, 0 ], [ 0, 0, 0, 0, 0, 0, 20, -84, 6, 0, 0, 0 ], [ 0, 0, 0, 0, 0, 0, -84, 357, -25, 0, 0, 0 ], [ 0, 0, 0, 0, 0, 0, 6, -25, 2, 0, 0, 0 ], 
      [ 0, 0, 0, 0, 0, 0, 0, 0, 0, 149, 19, -27 ], [ 0, 0, 0, 0, 0, 0, 0, 0, 0, 19, 26, -5 ], [ 0, 0, 0, 0, 0, 0, 0, 0, 0, -27, -5, 5 ] ], 
  [ [ 7, 16, -7, 0, 0, 0, 0, 0, 0, 0, 0, 0 ], [ 16, 280, -84, 0, 0, 0, 0, 0, 0, 0, 0, 0 ], [ -7, -84, 26, 0, 0, 0, 0, 0, 0, 0, 0, 0 ], [ 0, 0, 0, 7, 76, -36, 0, 0, 0, 0, 0, 0 ], 
      [ 0, 0, 0, 76, 835, -395, 0, 0, 0, 0, 0, 0 ], [ 0, 0, 0, -36, -395, 187, 0, 0, 0, 0, 0, 0 ], [ 0, 0, 0, 0, 0, 0, 227, 255, -30, 0, 0, 0 ], 
      [ 0, 0, 0, 0, 0, 0, 255, 290, -34, 0, 0, 0 ], [ 0, 0, 0, 0, 0, 0, -30, -34, 4, 0, 0, 0 ], [ 0, 0, 0, 0, 0, 0, 0, 0, 0, 68, -182, -172 ], [ 0, 0, 0, 0, 0, 0, 0, 0, 0, -182, 490, 457 ], 
      [ 0, 0, 0, 0, 0, 0, 0, 0, 0, -172, 457, 439 ] ], [ [ 84, -208, 510, 0, 0, 0, 0, 0, 0, 0, 0, 0 ], [ -208, 545, -1339, 0, 0, 0, 0, 0, 0, 0, 0, 0 ], 
      [ 510, -1339, 3290, 0, 0, 0, 0, 0, 0, 0, 0, 0 ], [ 0, 0, 0, 449, -343, -216, 0, 0, 0, 0, 0, 0 ], [ 0, 0, 0, -343, 354, 155, 0, 0, 0, 0, 0, 0 ], [ 0, 0, 0, -216, 155, 105, 0, 0, 0, 0, 0, 0 ], 
      [ 0, 0, 0, 0, 0, 0, 3177, -984, 2030, 0, 0, 0 ], [ 0, 0, 0, 0, 0, 0, -984, 305, -630, 0, 0, 0 ], [ 0, 0, 0, 0, 0, 0, 2030, -630, 1304, 0, 0, 0 ], 
      [ 0, 0, 0, 0, 0, 0, 0, 0, 0, 665, -256, -212 ], [ 0, 0, 0, 0, 0, 0, 0, 0, 0, -256, 145, 86 ], [ 0, 0, 0, 0, 0, 0, 0, 0, 0, -212, 86, 68 ] ], 
  [ [ 3796, -5008, 1644, 0, 0, 0, 0, 0, 0, 0, 0, 0 ], [ -5008, 6610, -2169, 0, 0, 0, 0, 0, 0, 0, 0, 0 ], 
      [ 1644, -2169, 712, 0, 0, 0, 0, 0, 0, 0, 0, 0 ], [ 0, 0, 0, 4, -48, 31, 0, 0, 0, 0, 0, 0 ], [ 0, 0, 0, -48, 592, -383, 0, 0, 0, 0, 0, 0 ], [ 0, 0, 0, 31, -383, 248, 0, 0, 0, 0, 0, 0 ], 
      [ 0, 0, 0, 0, 0, 0, 58, 229, 2, 0, 0, 0 ], [ 0, 0, 0, 0, 0, 0, 229, 2456, 86, 0, 0, 0 ], [ 0, 0, 0, 0, 0, 0, 2, 86, 4, 0, 0, 0 ], 
      [ 0, 0, 0, 0, 0, 0, 0, 0, 0, 704, 565, -1969 ], [ 0, 0, 0, 0, 0, 0, 0, 0, 0, 565, 496, -1723 ], [ 0, 0, 0, 0, 0, 0, 0, 0, 0, -1969, -1723, 5986 ] ], 
  [ [ 1709, -6738, -1170, 0, 0, 0, 0, 0, 0, 0, 0, 0 ], [ -6738, 26569, 4613, 0, 0, 0, 0, 0, 0, 0, 0, 0 ], [ -1170, 4613, 801, 0, 0, 0, 0, 0, 0, 0, 0, 0 ], 
      [ 0, 0, 0, 1349, -991, 169, 0, 0, 0, 0, 0, 0 ], [ 0, 0, 0, -991, 794, -142, 0, 0, 0, 0, 0, 0 ], [ 0, 0, 0, 169, -142, 26, 0, 0, 0, 0, 0, 0 ], [ 0, 0, 0, 0, 0, 0, 17, -141, -18, 0, 0, 0 ], 
      [ 0, 0, 0, 0, 0, 0, -141, 1690, 200, 0, 0, 0 ], [ 0, 0, 0, 0, 0, 0, -18, 200, 24, 0, 0, 0 ], [ 0, 0, 0, 0, 0, 0, 0, 0, 0, 4, 2, -4 ], 
      [ 0, 0, 0, 0, 0, 0, 0, 0, 0, 2, 74, -167 ], [ 0, 0, 0, 0, 0, 0, 0, 0, 0, -4, -167, 377 ] ], [ [ 92, 1095, -472, 0, 0, 0, 0, 0, 0, 0, 0, 0 ], [ 1095, 13134, -5661, 0, 0, 0, 0, 0, 0, 0, 0, 0 ], 
      [ -472, -5661, 2440, 0, 0, 0, 0, 0, 0, 0, 0, 0 ], [ 0, 0, 0, 2620, -3819, 9592, 0, 0, 0, 0, 0, 0 ], [ 0, 0, 0, -3819, 5572, -13996, 0, 0, 0, 0, 0, 0 ], 
      [ 0, 0, 0, 9592, -13996, 35156, 0, 0, 0, 0, 0, 0 ], [ 0, 0, 0, 0, 0, 0, 388, -185, -142, 0, 0, 0 ], [ 0, 0, 0, 0, 0, 0, -185, 92, 68, 0, 0, 0 ], [ 0, 0, 0, 0, 0, 0, -142, 68, 52, 0, 0, 0 ], 
      [ 0, 0, 0, 0, 0, 0, 0, 0, 0, 2618, 1343, -3736 ], [ 0, 0, 0, 0, 0, 0, 0, 0, 0, 1343, 692, -1921 ], [ 0, 0, 0, 0, 0, 0, 0, 0, 0, -3736, -1921, 5338 ] ], 
  [ [ 1334, -390, -479, 0, 0, 0, 0, 0, 0, 0, 0, 0 ], [ -390, 116, 140, 0, 0, 0, 0, 0, 0, 0, 0, 0 ], [ -479, 140, 172, 0, 0, 0, 0, 0, 0, 0, 0, 0 ], [ 0, 0, 0, 2072, 806, -1045, 0, 0, 0, 0, 0, 0 ], 
      [ 0, 0, 0, 806, 316, -410, 0, 0, 0, 0, 0, 0 ], [ 0, 0, 0, -1045, -410, 532, 0, 0, 0, 0, 0, 0 ], [ 0, 0, 0, 0, 0, 0, 308, 61, -237, 0, 0, 0 ], 
      [ 0, 0, 0, 0, 0, 0, 61, 82, -343, 0, 0, 0 ], [ 0, 0, 0, 0, 0, 0, -237, -343, 1436, 0, 0, 0 ], [ 0, 0, 0, 0, 0, 0, 0, 0, 0, 52, -82, 80 ], [ 0, 0, 0, 0, 0, 0, 0, 0, 0, -82, 134, -113 ], 
      [ 0, 0, 0, 0, 0, 0, 0, 0, 0, 80, -113, 160 ] ], [ [ 16, 56, 5, 0, 0, 0, 0, 0, 0, 0, 0, 0 ], [ 56, 308, 34, 0, 0, 0, 0, 0, 0, 0, 0, 0 ], 
      [ 5, 34, 4, 0, 0, 0, 0, 0, 0, 0, 0, 0 ], [ 0, 0, 0, 104, 20, 155, 0, 0, 0, 0, 0, 0 ], [ 0, 0, 0, 20, 4, 30, 0, 0, 0, 0, 0, 0 ], [ 0, 0, 0, 155, 30, 232, 0, 0, 0, 0, 0, 0 ], 
      [ 0, 0, 0, 0, 0, 0, 20, -70, 24, 0, 0, 0 ], [ 0, 0, 0, 0, 0, 0, -70, 248, -93, 0, 0, 0 ], [ 0, 0, 0, 0, 0, 0, 24, -93, 56, 0, 0, 0 ], [ 0, 0, 0, 0, 0, 0, 0, 0, 0, 30, -105, 24 ], 
      [ 0, 0, 0, 0, 0, 0, 0, 0, 0, -105, 388, -88 ], [ 0, 0, 0, 0, 0, 0, 0, 0, 0, 24, -88, 20 ] ], [ [ 6832, 1363, -3945, 0, 0, 0, 0, 0, 0, 0, 0, 0 ], 
      [ 1363, 272, -787, 0, 0, 0, 0, 0, 0, 0, 0, 0 ], [ -3945, -787, 2278, 0, 0, 0, 0, 0, 0, 0, 0, 0 ], [ 0, 0, 0, 20, -160, 64, 0, 0, 0, 0, 0, 0 ], [ 0, 0, 0, -160, 1318, -523, 0, 0, 0, 0, 0, 0 ], 
      [ 0, 0, 0, 64, -523, 208, 0, 0, 0, 0, 0, 0 ], [ 0, 0, 0, 0, 0, 0, 118, -21, -137, 0, 0, 0 ], [ 0, 0, 0, 0, 0, 0, -21, 4, 24, 0, 0, 0 ], 
      [ 0, 0, 0, 0, 0, 0, -137, 24, 160, 0, 0, 0 ], [ 0, 0, 0, 0, 0, 0, 0, 0, 0, 296, -402, -81 ], [ 0, 0, 0, 0, 0, 0, 0, 0, 0, -402, 548, 114 ], [ 0, 0, 0, 0, 0, 0, 0, 0, 0, -81, 114, 30 ] ], 
  [ [ 7554, -29345, -13484, 0, 0, 0, 0, 0, 0, 0, 0, 0 ], [ -29345, 114011, 52416, 0, 0, 0, 0, 0, 0, 0, 0, 0 ], [ -13484, 52416, 24152, 0, 0, 0, 0, 0, 0, 0, 0, 0 ], 
      [ 0, 0, 0, 543, -303, 688, 0, 0, 0, 0, 0, 0 ], [ 0, 0, 0, -303, 202, -484, 0, 0, 0, 0, 0, 0 ], [ 0, 0, 0, 688, -484, 1176, 0, 0, 0, 0, 0, 0 ], [ 0, 0, 0, 0, 0, 0, 439, 562, -87, 0, 0, 0 ], 
      [ 0, 0, 0, 0, 0, 0, 562, 720, -112, 0, 0, 0 ], [ 0, 0, 0, 0, 0, 0, -87, -112, 18, 0, 0, 0 ], [ 0, 0, 0, 0, 0, 0, 0, 0, 0, 579, 607, -265 ], 
      [ 0, 0, 0, 0, 0, 0, 0, 0, 0, 607, 690, -284 ], [ 0, 0, 0, 0, 0, 0, 0, 0, 0, -265, -284, 122 ] ], [ [ 5, -48, 147, 0, 0, 0, 0, 0, 0, 0, 0, 0 ], [ -48, 580, -1838, 0, 0, 0, 0, 0, 0, 0, 0, 0 ], 
      [ 147, -1838, 5850, 0, 0, 0, 0, 0, 0, 0, 0, 0 ], [ 0, 0, 0, 26666, -4335, -1338, 0, 0, 0, 0, 0, 0 ], [ 0, 0, 0, -4335, 705, 218, 0, 0, 0, 0, 0, 0 ], 
      [ 0, 0, 0, -1338, 218, 68, 0, 0, 0, 0, 0, 0 ], [ 0, 0, 0, 0, 0, 0, 41, -79, 90, 0, 0, 0 ], [ 0, 0, 0, 0, 0, 0, -79, 154, -177, 0, 0, 0 ], [ 0, 0, 0, 0, 0, 0, 90, -177, 205, 0, 0, 0 ], 
      [ 0, 0, 0, 0, 0, 0, 0, 0, 0, 458, 305, -104 ], [ 0, 0, 0, 0, 0, 0, 0, 0, 0, 305, 209, -73 ], [ 0, 0, 0, 0, 0, 0, 0, 0, 0, -104, -73, 26 ] ], 
  [ [ 502, 120, -1747, 0, 0, 0, 0, 0, 0, 0, 0, 0 ], [ 120, 30, -417, 0, 0, 0, 0, 0, 0, 0, 0, 0 ], [ -1747, -417, 6080, 0, 0, 0, 0, 0, 0, 0, 0, 0 ], [ 0, 0, 0, 332, 190, -45, 0, 0, 0, 0, 0, 0 ], 
      [ 0, 0, 0, 190, 164, -36, 0, 0, 0, 0, 0, 0 ], [ 0, 0, 0, -45, -36, 8, 0, 0, 0, 0, 0, 0 ], [ 0, 0, 0, 0, 0, 0, 10, -21, 1, 0, 0, 0 ], 
      [ 0, 0, 0, 0, 0, 0, -21, 48, -21, 0, 0, 0 ], [ 0, 0, 0, 0, 0, 0, 1, -21, 92, 0, 0, 0 ], [ 0, 0, 0, 0, 0, 0, 0, 0, 0, 7856, -4555, -2925 ], [ 0, 0, 0, 0, 0, 0, 0, 0, 0, -4555, 2698, 1683 ], 
      [ 0, 0, 0, 0, 0, 0, 0, 0, 0, -2925, 1683, 1092 ] ], [ [ 49, 15, -239, 0, 0, 0, 0, 0, 0, 0, 0, 0 ], [ 15, 5, -71, 0, 0, 0, 0, 0, 0, 0, 0, 0 ], 
      [ -239, -71, 1178, 0, 0, 0, 0, 0, 0, 0, 0, 0 ], [ 0, 0, 0, 12953, 8959, -31521, 0, 0, 0, 0, 0, 0 ], [ 0, 0, 0, 8959, 6201, -21815, 0, 0, 0, 0, 0, 0 ], 
      [ 0, 0, 0, -31521, -21815, 76746, 0, 0, 0, 0, 0, 0 ], [ 0, 0, 0, 0, 0, 0, 37, -37, -25, 0, 0, 0 ], [ 0, 0, 0, 0, 0, 0, -37, 41, 19, 0, 0, 0 ], 
      [ 0, 0, 0, 0, 0, 0, -25, 19, 26, 0, 0, 0 ], [ 0, 0, 0, 0, 0, 0, 0, 0, 0, 29, -19, 34 ], [ 0, 0, 0, 0, 0, 0, 0, 0, 0, -19, 13, -22 ], [ 0, 0, 0, 0, 0, 0, 0, 0, 0, 34, -22, 41 ] ], 
  [ [ 226, 110, -67, 0, 0, 0, 0, 0, 0, 0, 0, 0 ], [ 110, 68, -34, 0, 0, 0, 0, 0, 0, 0, 0, 0 ], [ -67, -34, 20, 0, 0, 0, 0, 0, 0, 0, 0, 0 ], 
      [ 0, 0, 0, 2, -6, -5, 0, 0, 0, 0, 0, 0 ], [ 0, 0, 0, -6, 20, 14, 0, 0, 0, 0, 0, 0 ], [ 0, 0, 0, -5, 14, 16, 0, 0, 0, 0, 0, 0 ], [ 0, 0, 0, 0, 0, 0, 16858, -2531, -9518, 0, 0, 0 ], 
      [ 0, 0, 0, 0, 0, 0, -2531, 380, 1429, 0, 0, 0 ], [ 0, 0, 0, 0, 0, 0, -9518, 1429, 5374, 0, 0, 0 ], [ 0, 0, 0, 0, 0, 0, 0, 0, 0, 7360, -139, 6234 ], 
      [ 0, 0, 0, 0, 0, 0, 0, 0, 0, -139, 4, -120 ], [ 0, 0, 0, 0, 0, 0, 0, 0, 0, 6234, -120, 5284 ] ], 
  [ [ 94676, -37036, 8699, 0, 0, 0, 0, 0, 0, 0, 0, 0 ], [ -37036, 14488, -3403, 0, 0, 0, 0, 0, 0, 0, 0, 0 ], [ 8699, -3403, 800, 0, 0, 0, 0, 0, 0, 0, 0, 0 ], 
      [ 0, 0, 0, 512, 1276, -1187, 0, 0, 0, 0, 0, 0 ], [ 0, 0, 0, 1276, 3364, -3022, 0, 0, 0, 0, 0, 0 ], [ 0, 0, 0, -1187, -3022, 2774, 0, 0, 0, 0, 0, 0 ], 
      [ 0, 0, 0, 0, 0, 0, 3670, -381, -3330, 0, 0, 0 ], [ 0, 0, 0, 0, 0, 0, -381, 40, 344, 0, 0, 0 ], [ 0, 0, 0, 0, 0, 0, -3330, 344, 3028, 0, 0, 0 ], 
      [ 0, 0, 0, 0, 0, 0, 0, 0, 0, 4, 5, -15 ], [ 0, 0, 0, 0, 0, 0, 0, 0, 0, 5, 16, -54 ], [ 0, 0, 0, 0, 0, 0, 0, 0, 0, -15, -54, 184 ] ], 
  [ [ 268, 417, -115, 0, 0, 0, 0, 0, 0, 0, 0, 0 ], [ 417, 804, -189, 0, 0, 0, 0, 0, 0, 0, 0, 0 ], 
      [ -115, -189, 50, 0, 0, 0, 0, 0, 0, 0, 0, 0 ], [ 0, 0, 0, 66, -81, 231, 0, 0, 0, 0, 0, 0 ], [ 0, 0, 0, -81, 100, -289, 0, 0, 0, 0, 0, 0 ], [ 0, 0, 0, 231, -289, 860, 0, 0, 0, 0, 0, 0 ], 
      [ 0, 0, 0, 0, 0, 0, 14, 53, -23, 0, 0, 0 ], [ 0, 0, 0, 0, 0, 0, 53, 208, -91, 0, 0, 0 ], [ 0, 0, 0, 0, 0, 0, -23, -91, 40, 0, 0, 0 ], 
      [ 0, 0, 0, 0, 0, 0, 0, 0, 0, 7424, -28648, -8175 ], [ 0, 0, 0, 0, 0, 0, 0, 0, 0, -28648, 110548, 31546 ], [ 0, 0, 0, 0, 0, 0, 0, 0, 0, -8175, 31546, 9002 ] ], 
  [ [ 52, 72, 12, 0, 0, 0, 0, 0, 0, 0, 0, 0 ], [ 72, 100, 17, 0, 0, 0, 0, 0, 0, 0, 0, 0 ], [ 12, 17, 4, 0, 0, 0, 0, 0, 0, 0, 0, 0 ], 
      [ 0, 0, 0, 20, -28, 20, 0, 0, 0, 0, 0, 0 ], [ 0, 0, 0, -28, 40, -27, 0, 0, 0, 0, 0, 0 ], [ 0, 0, 0, 20, -27, 22, 0, 0, 0, 0, 0, 0 ], [ 0, 0, 0, 0, 0, 0, 32, 2, -11, 0, 0, 0 ], 
      [ 0, 0, 0, 0, 0, 0, 2, 4, 0, 0, 0, 0 ], [ 0, 0, 0, 0, 0, 0, -11, 0, 4, 0, 0, 0 ], [ 0, 0, 0, 0, 0, 0, 0, 0, 0, 4, -174, 309 ], 
      [ 0, 0, 0, 0, 0, 0, 0, 0, 0, -174, 8260, -14662 ], [ 0, 0, 0, 0, 0, 0, 0, 0, 0, 309, -14662, 26026 ] ], 
  [ [ 290, -675, 242, 0, 0, 0, 0, 0, 0, 0, 0, 0 ], [ -675, 2301, -805, 0, 0, 0, 0, 0, 0, 0, 0, 0 ], [ 242, -805, 282, 0, 0, 0, 0, 0, 0, 0, 0, 0 ], 
      [ 0, 0, 0, 85, -67, 125, 0, 0, 0, 0, 0, 0 ], [ 0, 0, 0, -67, 53, -99, 0, 0, 0, 0, 0, 0 ], [ 0, 0, 0, 125, -99, 186, 0, 0, 0, 0, 0, 0 ], [ 0, 0, 0, 0, 0, 0, 137, -33, -9, 0, 0, 0 ], 
      [ 0, 0, 0, 0, 0, 0, -33, 9, 1, 0, 0, 0 ], [ 0, 0, 0, 0, 0, 0, -9, 1, 2, 0, 0, 0 ], [ 0, 0, 0, 0, 0, 0, 0, 0, 0, 34681, 5150, -210 ], 
      [ 0, 0, 0, 0, 0, 0, 0, 0, 0, 5150, 765, -32 ], [ 0, 0, 0, 0, 0, 0, 0, 0, 0, -210, -32, 4 ] ], 
  [ [ 4112, -3255, -3119, 0, 0, 0, 0, 0, 0, 0, 0, 0 ], [ -3255, 2606, 2477, 0, 0, 0, 0, 0, 0, 0, 0, 0 ], [ -3119, 2477, 2368, 0, 0, 0, 0, 0, 0, 0, 0, 0 ], 
      [ 0, 0, 0, 352, -26, -963, 0, 0, 0, 0, 0, 0 ], [ 0, 0, 0, -26, 8, 87, 0, 0, 0, 0, 0, 0 ], [ 0, 0, 0, -963, 87, 2676, 0, 0, 0, 0, 0, 0 ], [ 0, 0, 0, 0, 0, 0, 4, 49, 25, 0, 0, 0 ], 
      [ 0, 0, 0, 0, 0, 0, 49, 926, 441, 0, 0, 0 ], [ 0, 0, 0, 0, 0, 0, 25, 441, 212, 0, 0, 0 ], [ 0, 0, 0, 0, 0, 0, 0, 0, 0, 40, -128, 39 ], 
      [ 0, 0, 0, 0, 0, 0, 0, 0, 0, -128, 436, -144 ], [ 0, 0, 0, 0, 0, 0, 0, 0, 0, 39, -144, 52 ] ], [ [ 184, -88, -415, 0, 0, 0, 0, 0, 0, 0, 0, 0 ], [ -88, 44, 207, 0, 0, 0, 0, 0, 0, 0, 0, 0 ], 
      [ -415, 207, 974, 0, 0, 0, 0, 0, 0, 0, 0, 0 ], [ 0, 0, 0, 148, -800, 1994, 0, 0, 0, 0, 0, 0 ], [ 0, 0, 0, -800, 4352, -10843, 0, 0, 0, 0, 0, 0 ], 
      [ 0, 0, 0, 1994, -10843, 27016, 0, 0, 0, 0, 0, 0 ], [ 0, 0, 0, 0, 0, 0, 358, 722, -465, 0, 0, 0 ], [ 0, 0, 0, 0, 0, 0, 722, 1460, -938, 0, 0, 0 ], [ 0, 0, 0, 0, 0, 0, -465, -938, 604, 0, 0, 0 ]
        , [ 0, 0, 0, 0, 0, 0, 0, 0, 0, 20, -15, 6 ], [ 0, 0, 0, 0, 0, 0, 0, 0, 0, -15, 98, -65 ], [ 0, 0, 0, 0, 0, 0, 0, 0, 0, 6, -65, 44 ] ], 
  [ [ 4, -11, 7, 0, 0, 0, 0, 0, 0, 0, 0, 0 ], [ -11, 778, -158, 0, 0, 0, 0, 0, 0, 0, 0, 0 ], [ 7, -158, 38, 0, 0, 0, 0, 0, 0, 0, 0, 0 ], [ 0, 0, 0, 40, -35, -29, 0, 0, 0, 0, 0, 0 ], 
      [ 0, 0, 0, -35, 38, 28, 0, 0, 0, 0, 0, 0 ], [ 0, 0, 0, -29, 28, 22, 0, 0, 0, 0, 0, 0 ], [ 0, 0, 0, 0, 0, 0, 124, -62, 22, 0, 0, 0 ], 
      [ 0, 0, 0, 0, 0, 0, -62, 32, -11, 0, 0, 0 ], [ 0, 0, 0, 0, 0, 0, 22, -11, 4, 0, 0, 0 ], [ 0, 0, 0, 0, 0, 0, 0, 0, 0, 184, 20, -381 ], [ 0, 0, 0, 0, 0, 0, 0, 0, 0, 20, 4, -45 ], 
      [ 0, 0, 0, 0, 0, 0, 0, 0, 0, -381, -45, 796 ] ], [ [ 145, -58, -525, 0, 0, 0, 0, 0, 0, 0, 0, 0 ], [ -58, 53, 208, 0, 0, 0, 0, 0, 0, 0, 0, 0 ], 
      [ -525, 208, 1901, 0, 0, 0, 0, 0, 0, 0, 0, 0 ], [ 0, 0, 0, 472, 46, -46, 0, 0, 0, 0, 0, 0 ], [ 0, 0, 0, 46, 5, -4, 0, 0, 0, 0, 0, 0 ], [ 0, 0, 0, -46, -4, 5, 0, 0, 0, 0, 0, 0 ], 
      [ 0, 0, 0, 0, 0, 0, 9445, -1574, 782, 0, 0, 0 ], [ 0, 0, 0, 0, 0, 0, -1574, 308, -64, 0, 0, 0 ], [ 0, 0, 0, 0, 0, 0, 782, -64, 161, 0, 0, 0 ], 
      [ 0, 0, 0, 0, 0, 0, 0, 0, 0, 16049, -4470, -1601 ], [ 0, 0, 0, 0, 0, 0, 0, 0, 0, -4470, 1245, 446 ], [ 0, 0, 0, 0, 0, 0, 0, 0, 0, -1601, 446, 161 ] ], 
  [ [ 772, -1143, -175, 0, 0, 0, 0, 0, 0, 0, 0, 0 ], [ -1143, 1696, 258, 0, 0, 0, 0, 0, 0, 0, 0, 0 ], [ -175, 258, 40, 0, 0, 0, 0, 0, 0, 0, 0, 0 ], 
      [ 0, 0, 0, 596, -40, -276, 0, 0, 0, 0, 0, 0 ], [ 0, 0, 0, -40, 4, 19, 0, 0, 0, 0, 0, 0 ], [ 0, 0, 0, -276, 19, 128, 0, 0, 0, 0, 0, 0 ], [ 0, 0, 0, 0, 0, 0, 1796, 706, -5692, 0, 0, 0 ], 
      [ 0, 0, 0, 0, 0, 0, 706, 278, -2237, 0, 0, 0 ], [ 0, 0, 0, 0, 0, 0, -5692, -2237, 18040, 0, 0, 0 ], [ 0, 0, 0, 0, 0, 0, 0, 0, 0, 14096, -7083, -8062 ], 
      [ 0, 0, 0, 0, 0, 0, 0, 0, 0, -7083, 3560, 4052 ], [ 0, 0, 0, 0, 0, 0, 0, 0, 0, -8062, 4052, 4612 ] ], [ [ 97, -96, -51, 0, 0, 0, 0, 0, 0, 0, 0, 0 ], [ -96, 121, 58, 0, 0, 0, 0, 0, 0, 0, 0, 0 ],
      [ -51, 58, 29, 0, 0, 0, 0, 0, 0, 0, 0, 0 ], [ 0, 0, 0, 137, -775, -116, 0, 0, 0, 0, 0, 0 ], [ 0, 0, 0, -775, 4386, 658, 0, 0, 0, 0, 0, 0 ], 
      [ 0, 0, 0, -116, 658, 100, 0, 0, 0, 0, 0, 0 ], [ 0, 0, 0, 0, 0, 0, 49, 14, -169, 0, 0, 0 ], [ 0, 0, 0, 0, 0, 0, 14, 5, -52, 0, 0, 0 ], [ 0, 0, 0, 0, 0, 0, -169, -52, 597, 0, 0, 0 ], 
      [ 0, 0, 0, 0, 0, 0, 0, 0, 0, 774561, -384085, -135030 ], [ 0, 0, 0, 0, 0, 0, 0, 0, 0, -384085, 190458, 66958 ], [ 0, 0, 0, 0, 0, 0, 0, 0, 0, -135030, 66958, 23540 ] ], 
  [ [ 53924, 741, -14840, 0, 0, 0, 0, 0, 0, 0, 0, 0 ], [ 741, 30, -204, 0, 0, 0, 0, 0, 0, 0, 0, 0 ], [ -14840, -204, 4084, 0, 0, 0, 0, 0, 0, 0, 0, 0 ], 
      [ 0, 0, 0, 874, -483, -270, 0, 0, 0, 0, 0, 0 ], [ 0, 0, 0, -483, 268, 150, 0, 0, 0, 0, 0, 0 ], [ 0, 0, 0, -270, 150, 84, 0, 0, 0, 0, 0, 0 ], [ 0, 0, 0, 0, 0, 0, 4, 8, 1, 0, 0, 0 ], 
      [ 0, 0, 0, 0, 0, 0, 8, 20, 8, 0, 0, 0 ], [ 0, 0, 0, 0, 0, 0, 1, 8, 10, 0, 0, 0 ], [ 0, 0, 0, 0, 0, 0, 0, 0, 0, 118, -40, -59 ], 
      [ 0, 0, 0, 0, 0, 0, 0, 0, 0, -40, 14, 19 ], [ 0, 0, 0, 0, 0, 0, 0, 0, 0, -59, 19, 32 ] ], [ [ 385, -171, -83, 0, 0, 0, 0, 0, 0, 0, 0, 0 ], [ -171, 109, 35, 0, 0, 0, 0, 0, 0, 0, 0, 0 ], 
      [ -83, 35, 18, 0, 0, 0, 0, 0, 0, 0, 0, 0 ], [ 0, 0, 0, 2896, 3768, -22680, 0, 0, 0, 0, 0, 0 ], [ 0, 0, 0, 3768, 4906, -29533, 0, 0, 0, 0, 0, 0 ], 
      [ 0, 0, 0, -22680, -29533, 177785, 0, 0, 0, 0, 0, 0 ], [ 0, 0, 0, 0, 0, 0, 129, -1, -79, 0, 0, 0 ], [ 0, 0, 0, 0, 0, 0, -1, 18, 6, 0, 0, 0 ], [ 0, 0, 0, 0, 0, 0, -79, 6, 50, 0, 0, 0 ], 
      [ 0, 0, 0, 0, 0, 0, 0, 0, 0, 5, 139, -49 ], [ 0, 0, 0, 0, 0, 0, 0, 0, 0, 139, 8114, -2874 ], [ 0, 0, 0, 0, 0, 0, 0, 0, 0, -49, -2874, 1018 ] ], 
  [ [ 79450, 144196, -27421, 0, 0, 0, 0, 0, 0, 0, 0, 0 ], [ 144196, 261728, -49772, 0, 0, 0, 0, 0, 0, 0, 0, 0 ], [ -27421, -49772, 9465, 0, 0, 0, 0, 0, 0, 0, 0, 0 ], 
      [ 0, 0, 0, 17, 20, -12, 0, 0, 0, 0, 0, 0 ], [ 0, 0, 0, 20, 32, -16, 0, 0, 0, 0, 0, 0 ], [ 0, 0, 0, -12, -16, 9, 0, 0, 0, 0, 0, 0 ], 
      [ 0, 0, 0, 0, 0, 0, 66, -51, 17, 0, 0, 0 ], [ 0, 0, 0, 0, 0, 0, -51, 41, -14, 0, 0, 0 ], [ 0, 0, 0, 0, 0, 0, 17, -14, 5, 0, 0, 0 ], [ 0, 0, 0, 0, 0, 0, 0, 0, 0, 184, 80, -154 ], 
      [ 0, 0, 0, 0, 0, 0, 0, 0, 0, 80, 74, -179 ], [ 0, 0, 0, 0, 0, 0, 0, 0, 0, -154, -179, 449 ] ], [ [ 340, 140, -716, 0, 0, 0, 0, 0, 0, 0, 0, 0 ], 
      [ 140, 58, -295, 0, 0, 0, 0, 0, 0, 0, 0, 0 ], [ -716, -295, 1508, 0, 0, 0, 0, 0, 0, 0, 0, 0 ], [ 0, 0, 0, 9716, -4598, 644, 0, 0, 0, 0, 0, 0 ], [ 0, 0, 0, -4598, 2176, -305, 0, 0, 0, 0, 0, 0 ],
      [ 0, 0, 0, 644, -305, 44, 0, 0, 0, 0, 0, 0 ], [ 0, 0, 0, 0, 0, 0, 16, -42, -5, 0, 0, 0 ], [ 0, 0, 0, 0, 0, 0, -42, 112, 15, 0, 0, 0 ], 
      [ 0, 0, 0, 0, 0, 0, -5, 15, 4, 0, 0, 0 ], [ 0, 0, 0, 0, 0, 0, 0, 0, 0, 84, 234, 3 ], [ 0, 0, 0, 0, 0, 0, 0, 0, 0, 234, 652, 9 ], [ 0, 0, 0, 0, 0, 0, 0, 0, 0, 3, 9, 4 ] ], 
  [ [ 5146, -13173, -1075, 0, 0, 0, 0, 0, 0, 0, 0, 0 ], [ -13173, 33721, 2752, 0, 0, 0, 0, 0, 0, 0, 0, 0 ], [ -1075, 2752, 225, 0, 0, 0, 0, 0, 0, 0, 0, 0 ], 
      [ 0, 0, 0, 993, 44, -159, 0, 0, 0, 0, 0, 0 ], [ 0, 0, 0, 44, 4, -6, 0, 0, 0, 0, 0, 0 ], [ 0, 0, 0, -159, -6, 26, 0, 0, 0, 0, 0, 0 ], [ 0, 0, 0, 0, 0, 0, 161, -249, -77, 0, 0, 0 ], 
      [ 0, 0, 0, 0, 0, 0, -249, 386, 121, 0, 0, 0 ], [ 0, 0, 0, 0, 0, 0, -77, 121, 41, 0, 0, 0 ], [ 0, 0, 0, 0, 0, 0, 0, 0, 0, 19949, -6591, -1914 ], 
      [ 0, 0, 0, 0, 0, 0, 0, 0, 0, -6591, 2178, 632 ], [ 0, 0, 0, 0, 0, 0, 0, 0, 0, -1914, 632, 184 ] ], [ [ 48, 15, -3, 0, 0, 0, 0, 0, 0, 0, 0, 0 ], [ 15, 14, 5, 0, 0, 0, 0, 0, 0, 0, 0, 0 ], 
      [ -3, 5, 4, 0, 0, 0, 0, 0, 0, 0, 0, 0 ], [ 0, 0, 0, 128, -565, -120, 0, 0, 0, 0, 0, 0 ], [ 0, 0, 0, -565, 2494, 530, 0, 0, 0, 0, 0, 0 ], 
      [ 0, 0, 0, -120, 530, 116, 0, 0, 0, 0, 0, 0 ], [ 0, 0, 0, 0, 0, 0, 752, -301, 52, 0, 0, 0 ], [ 0, 0, 0, 0, 0, 0, -301, 124, -22, 0, 0, 0 ], [ 0, 0, 0, 0, 0, 0, 52, -22, 4, 0, 0, 0 ], 
      [ 0, 0, 0, 0, 0, 0, 0, 0, 0, 20, 15, 1 ], [ 0, 0, 0, 0, 0, 0, 0, 0, 0, 15, 38, 11 ], [ 0, 0, 0, 0, 0, 0, 0, 0, 0, 1, 11, 4 ] ], 
  [ [ 23753, 1893, -77359, 0, 0, 0, 0, 0, 0, 0, 0, 0 ], [ 1893, 154, -6163, 0, 0, 0, 0, 0, 0, 0, 0, 0 ], [ -77359, -6163, 251945, 0, 0, 0, 0, 0, 0, 0, 0, 0 ], 
      [ 0, 0, 0, 406865, 5469, -164049, 0, 0, 0, 0, 0, 0 ], [ 0, 0, 0, 5469, 74, -2205, 0, 0, 0, 0, 0, 0 ], [ 0, 0, 0, -164049, -2205, 66145, 0, 0, 0, 0, 0, 0 ], 
      [ 0, 0, 0, 0, 0, 0, 548, -360, -1010, 0, 0, 0 ], [ 0, 0, 0, 0, 0, 0, -360, 237, 665, 0, 0, 0 ], [ 0, 0, 0, 0, 0, 0, -1010, 665, 1866, 0, 0, 0 ], [ 0, 0, 0, 0, 0, 0, 0, 0, 0, 34, 17, -5 ], 
      [ 0, 0, 0, 0, 0, 0, 0, 0, 0, 17, 117, 19 ], [ 0, 0, 0, 0, 0, 0, 0, 0, 0, -5, 19, 5 ] ], [ [ 536, -290, 162, 0, 0, 0, 0, 0, 0, 0, 0, 0 ], 
      [ -290, 161, -88, 0, 0, 0, 0, 0, 0, 0, 0, 0 ], [ 162, -88, 49, 0, 0, 0, 0, 0, 0, 0, 0, 0 ], [ 0, 0, 0, 242, -30, -83, 0, 0, 0, 0, 0, 0 ], [ 0, 0, 0, -30, 4, 10, 0, 0, 0, 0, 0, 0 ], 
      [ 0, 0, 0, -83, 10, 29, 0, 0, 0, 0, 0, 0 ], [ 0, 0, 0, 0, 0, 0, 160, 196, -524, 0, 0, 0 ], [ 0, 0, 0, 0, 0, 0, 196, 258, -679, 0, 0, 0 ], 
      [ 0, 0, 0, 0, 0, 0, -524, -679, 1793, 0, 0, 0 ], [ 0, 0, 0, 0, 0, 0, 0, 0, 0, 22681, 8354, 1933 ], [ 0, 0, 0, 0, 0, 0, 0, 0, 0, 8354, 3077, 712 ], [ 0, 0, 0, 0, 0, 0, 0, 0, 0, 1933, 712, 165 ] 
     ], [ [ 200, 87, -239, 0, 0, 0, 0, 0, 0, 0, 0, 0 ], [ 87, 38, -104, 0, 0, 0, 0, 0, 0, 0, 0, 0 ], [ -239, -104, 286, 0, 0, 0, 0, 0, 0, 0, 0, 0 ], 
      [ 0, 0, 0, 436, -134, -277, 0, 0, 0, 0, 0, 0 ], [ 0, 0, 0, -134, 44, 85, 0, 0, 0, 0, 0, 0 ], [ 0, 0, 0, -277, 85, 176, 0, 0, 0, 0, 0, 0 ], [ 0, 0, 0, 0, 0, 0, 2920, 411, -10273, 0, 0, 0 ], 
      [ 0, 0, 0, 0, 0, 0, 411, 58, -1446, 0, 0, 0 ], [ 0, 0, 0, 0, 0, 0, -10273, -1446, 36142, 0, 0, 0 ], [ 0, 0, 0, 0, 0, 0, 0, 0, 0, 646, 483, -766 ], 
      [ 0, 0, 0, 0, 0, 0, 0, 0, 0, 483, 388, -625 ], [ 0, 0, 0, 0, 0, 0, 0, 0, 0, -766, -625, 1010 ] ], [ [ 276, 154, -76, 0, 0, 0, 0, 0, 0, 0, 0, 0 ], [ 154, 89, -42, 0, 0, 0, 0, 0, 0, 0, 0, 0 ], 
      [ -76, -42, 21, 0, 0, 0, 0, 0, 0, 0, 0, 0 ], [ 0, 0, 0, 117, -74, -301, 0, 0, 0, 0, 0, 0 ], [ 0, 0, 0, -74, 49, 188, 0, 0, 0, 0, 0, 0 ], 
      [ 0, 0, 0, -301, 188, 777, 0, 0, 0, 0, 0, 0 ], [ 0, 0, 0, 0, 0, 0, 74786, 56699, -18117, 0, 0, 0 ], [ 0, 0, 0, 0, 0, 0, 56699, 42989, -13736, 0, 0, 0 ], 
      [ 0, 0, 0, 0, 0, 0, -18117, -13736, 4389, 0, 0, 0 ], [ 0, 0, 0, 0, 0, 0, 0, 0, 0, 35001, -13679, 1832 ], [ 0, 0, 0, 0, 0, 0, 0, 0, 0, -13679, 5346, -716 ], 
      [ 0, 0, 0, 0, 0, 0, 0, 0, 0, 1832, -716, 96 ] ], [ [ 554, -242, 135, 0, 0, 0, 0, 0, 0, 0, 0, 0 ], [ -242, 106, -59, 0, 0, 0, 0, 0, 0, 0, 0, 0 ], [ 135, -59, 33, 0, 0, 0, 0, 0, 0, 0, 0, 0 ], 
      [ 0, 0, 0, 105, 284, -264, 0, 0, 0, 0, 0, 0 ], [ 0, 0, 0, 284, 769, -715, 0, 0, 0, 0, 0, 0 ], [ 0, 0, 0, -264, -715, 665, 0, 0, 0, 0, 0, 0 ], 
      [ 0, 0, 0, 0, 0, 0, 4330, 137, -1287, 0, 0, 0 ], [ 0, 0, 0, 0, 0, 0, 137, 5, -42, 0, 0, 0 ], [ 0, 0, 0, 0, 0, 0, -1287, -42, 385, 0, 0, 0 ], [ 0, 0, 0, 0, 0, 0, 0, 0, 0, 4322, -4739, -1150 ], 
      [ 0, 0, 0, 0, 0, 0, 0, 0, 0, -4739, 5197, 1261 ], [ 0, 0, 0, 0, 0, 0, 0, 0, 0, -1150, 1261, 306 ] ], [ [ 419, 45, 106, 0, 0, 0, 0, 0, 0, 0, 0, 0 ], 
      [ 45, 7, 12, 0, 0, 0, 0, 0, 0, 0, 0, 0 ], [ 106, 12, 27, 0, 0, 0, 0, 0, 0, 0, 0, 0 ], [ 0, 0, 0, 34, -7, -77, 0, 0, 0, 0, 0, 0 ], [ 0, 0, 0, -7, 3, 15, 0, 0, 0, 0, 0, 0 ], 
      [ 0, 0, 0, -77, 15, 175, 0, 0, 0, 0, 0, 0 ], [ 0, 0, 0, 0, 0, 0, 23, 19, 38, 0, 0, 0 ], [ 0, 0, 0, 0, 0, 0, 19, 39, 62, 0, 0, 0 ], 
      [ 0, 0, 0, 0, 0, 0, 38, 62, 103, 0, 0, 0 ], [ 0, 0, 0, 0, 0, 0, 0, 0, 0, 11, -195, 41 ], [ 0, 0, 0, 0, 0, 0, 0, 0, 0, -195, 3466, -730 ], [ 0, 0, 0, 0, 0, 0, 0, 0, 0, 41, -730, 154 ] ], 
  [ [ 13, 8, -18, 0, 0, 0, 0, 0, 0, 0, 0, 0 ], [ 8, 141, -340, 0, 0, 0, 0, 0, 0, 0, 0, 0 ], [ -18, -340, 820, 0, 0, 0, 0, 0, 0, 0, 0, 0 ], 
      [ 0, 0, 0, 353, -23, 218, 0, 0, 0, 0, 0, 0 ], [ 0, 0, 0, -23, 5, -28, 0, 0, 0, 0, 0, 0 ], [ 0, 0, 0, 218, -28, 189, 0, 0, 0, 0, 0, 0 ], [ 0, 0, 0, 0, 0, 0, 42, 173, 10, 0, 0, 0 ], 
      [ 0, 0, 0, 0, 0, 0, 173, 785, 52, 0, 0, 0 ], [ 0, 0, 0, 0, 0, 0, 10, 52, 4, 0, 0, 0 ], [ 0, 0, 0, 0, 0, 0, 0, 0, 0, 113, -154, 4 ], 
      [ 0, 0, 0, 0, 0, 0, 0, 0, 0, -154, 213, -2 ], [ 0, 0, 0, 0, 0, 0, 0, 0, 0, 4, -2, 4 ] ], [ [ 23, -100, 141, 0, 0, 0, 0, 0, 0, 0, 0, 0 ], [ -100, 435, -613, 0, 0, 0, 0, 0, 0, 0, 0, 0 ], 
      [ 141, -613, 866, 0, 0, 0, 0, 0, 0, 0, 0, 0 ], [ 0, 0, 0, 3, 1, -5, 0, 0, 0, 0, 0, 0 ], [ 0, 0, 0, 1, 10, 2, 0, 0, 0, 0, 0, 0 ], 
      [ 0, 0, 0, -5, 2, 10, 0, 0, 0, 0, 0, 0 ], [ 0, 0, 0, 0, 0, 0, 763, -117, -366, 0, 0, 0 ], [ 0, 0, 0, 0, 0, 0, -117, 18, 56, 0, 0, 0 ], [ 0, 0, 0, 0, 0, 0, -366, 56, 176, 0, 0, 0 ], 
      [ 0, 0, 0, 0, 0, 0, 0, 0, 0, 17275, -6947, 1353 ], [ 0, 0, 0, 0, 0, 0, 0, 0, 0, -6947, 2794, -544 ], [ 0, 0, 0, 0, 0, 0, 0, 0, 0, 1353, -544, 106 ] ], 
  [ [ 116, 163, -48, 0, 0, 0, 0, 0, 0, 0, 0, 0 ], [ 163, 232, -68, 0, 0, 0, 0, 0, 0, 0, 0, 0 ], [ -48, -68, 20, 0, 0, 0, 0, 0, 0, 0, 0, 0 ], [ 0, 0, 0, 76, 137, -152, 0, 0, 0, 0, 0, 0 ], 
      [ 0, 0, 0, 137, 248, -276, 0, 0, 0, 0, 0, 0 ], [ 0, 0, 0, -152, -276, 308, 0, 0, 0, 0, 0, 0 ], [ 0, 0, 0, 0, 0, 0, 368, 133, 2385, 0, 0, 0 ], 
      [ 0, 0, 0, 0, 0, 0, 133, 58, 884, 0, 0, 0 ], [ 0, 0, 0, 0, 0, 0, 2385, 884, 15506, 0, 0, 0 ], [ 0, 0, 0, 0, 0, 0, 0, 0, 0, 92, 201, 176 ], [ 0, 0, 0, 0, 0, 0, 0, 0, 0, 201, 452, 407 ], 
      [ 0, 0, 0, 0, 0, 0, 0, 0, 0, 176, 407, 376 ] ], [ [ 1817, -647, -272, 0, 0, 0, 0, 0, 0, 0, 0, 0 ], [ -647, 233, 96, 0, 0, 0, 0, 0, 0, 0, 0, 0 ], 
      [ -272, 96, 41, 0, 0, 0, 0, 0, 0, 0, 0, 0 ], [ 0, 0, 0, 10289, -4022, 12252, 0, 0, 0, 0, 0, 0 ], [ 0, 0, 0, -4022, 1573, -4791, 0, 0, 0, 0, 0, 0 ], 
      [ 0, 0, 0, 12252, -4791, 14593, 0, 0, 0, 0, 0, 0 ], [ 0, 0, 0, 0, 0, 0, 9, -185, 59, 0, 0, 0 ], [ 0, 0, 0, 0, 0, 0, -185, 5250, -1584, 0, 0, 0 ], 
      [ 0, 0, 0, 0, 0, 0, 59, -1584, 482, 0, 0, 0 ], [ 0, 0, 0, 0, 0, 0, 0, 0, 0, 154, -363, -172 ], [ 0, 0, 0, 0, 0, 0, 0, 0, 0, -363, 857, 407 ], [ 0, 0, 0, 0, 0, 0, 0, 0, 0, -172, 407, 194 ] ], 
  [ [ 2616, -794, 1594, 0, 0, 0, 0, 0, 0, 0, 0, 0 ], [ -794, 241, -484, 0, 0, 0, 0, 0, 0, 0, 0, 0 ], [ 1594, -484, 977, 0, 0, 0, 0, 0, 0, 0, 0, 0 ], 
      [ 0, 0, 0, 33, -26, -194, 0, 0, 0, 0, 0, 0 ], [ 0, 0, 0, -26, 21, 154, 0, 0, 0, 0, 0, 0 ], [ 0, 0, 0, -194, 154, 1144, 0, 0, 0, 0, 0, 0 ], [ 0, 0, 0, 0, 0, 0, 21, -38, -29, 0, 0, 0 ], 
      [ 0, 0, 0, 0, 0, 0, -38, 145, 44, 0, 0, 0 ], [ 0, 0, 0, 0, 0, 0, -29, 44, 41, 0, 0, 0 ], [ 0, 0, 0, 0, 0, 0, 0, 0, 0, 692, -78, -168 ], 
      [ 0, 0, 0, 0, 0, 0, 0, 0, 0, -78, 13, 18 ], [ 0, 0, 0, 0, 0, 0, 0, 0, 0, -168, 18, 41 ] ], [ [ 4, 6, -8, 0, 0, 0, 0, 0, 0, 0, 0, 0 ], [ 6, 30, -21, 0, 0, 0, 0, 0, 0, 0, 0, 0 ], 
      [ -8, -21, 20, 0, 0, 0, 0, 0, 0, 0, 0, 0 ], [ 0, 0, 0, 68, -21, 58, 0, 0, 0, 0, 0, 0 ], [ 0, 0, 0, -21, 12, -30, 0, 0, 0, 0, 0, 0 ], 
      [ 0, 0, 0, 58, -30, 76, 0, 0, 0, 0, 0, 0 ], [ 0, 0, 0, 0, 0, 0, 318, -6, -99, 0, 0, 0 ], [ 0, 0, 0, 0, 0, 0, -6, 4, 4, 0, 0, 0 ], [ 0, 0, 0, 0, 0, 0, -99, 4, 32, 0, 0, 0 ], 
      [ 0, 0, 0, 0, 0, 0, 0, 0, 0, 514958, 22274, -227905 ], [ 0, 0, 0, 0, 0, 0, 0, 0, 0, 22274, 964, -9858 ], [ 0, 0, 0, 0, 0, 0, 0, 0, 0, -227905, -9858, 100864 ] ], 
  [ [ 113, -20, 46, 0, 0, 0, 0, 0, 0, 0, 0, 0 ], [ -20, 4, -6, 0, 0, 0, 0, 0, 0, 0, 0, 0 ], 
      [ 46, -6, 29, 0, 0, 0, 0, 0, 0, 0, 0, 0 ], [ 0, 0, 0, 706, 228, -309, 0, 0, 0, 0, 0, 0 ], [ 0, 0, 0, 228, 74, -99, 0, 0, 0, 0, 0, 0 ], [ 0, 0, 0, -309, -99, 137, 0, 0, 0, 0, 0, 0 ], 
      [ 0, 0, 0, 0, 0, 0, 22832, -64484, 9572, 0, 0, 0 ], [ 0, 0, 0, 0, 0, 0, -64484, 182121, -27034, 0, 0, 0 ], [ 0, 0, 0, 0, 0, 0, 9572, -27034, 4013, 0, 0, 0 ], 
      [ 0, 0, 0, 0, 0, 0, 0, 0, 0, 154, 214, -233 ], [ 0, 0, 0, 0, 0, 0, 0, 0, 0, 214, 308, -326 ], [ 0, 0, 0, 0, 0, 0, 0, 0, 0, -233, -326, 353 ] ], 
  [ [ 256, 87, 136, 0, 0, 0, 0, 0, 0, 0, 0, 0 ], [ 87, 30, 54, 0, 0, 0, 0, 0, 0, 0, 0, 0 ], 
      [ 136, 54, 212, 0, 0, 0, 0, 0, 0, 0, 0, 0 ], [ 0, 0, 0, 4, 31, -14, 0, 0, 0, 0, 0, 0 ], [ 0, 0, 0, 31, 248, -113, 0, 0, 0, 0, 0, 0 ], [ 0, 0, 0, -14, -113, 52, 0, 0, 0, 0, 0, 0 ], 
      [ 0, 0, 0, 0, 0, 0, 3812, -1898, 14592, 0, 0, 0 ], [ 0, 0, 0, 0, 0, 0, -1898, 946, -7273, 0, 0, 0 ], [ 0, 0, 0, 0, 0, 0, 14592, -7273, 55916, 0, 0, 0 ], 
      [ 0, 0, 0, 0, 0, 0, 0, 0, 0, 380, -186, 46 ], [ 0, 0, 0, 0, 0, 0, 0, 0, 0, -186, 92, -21 ], [ 0, 0, 0, 0, 0, 0, 0, 0, 0, 46, -21, 8 ] ], 
  [ [ 3043, -3462, 1568, 0, 0, 0, 0, 0, 0, 0, 0, 0 ], [ -3462, 3939, -1784, 0, 0, 0, 0, 0, 0, 0, 0, 0 ], 
      [ 1568, -1784, 808, 0, 0, 0, 0, 0, 0, 0, 0, 0 ], [ 0, 0, 0, 7, 11, 0, 0, 0, 0, 0, 0, 0 ], [ 0, 0, 0, 11, 39, -8, 0, 0, 0, 0, 0, 0 ], [ 0, 0, 0, 0, -8, 3, 0, 0, 0, 0, 0, 0 ], 
      [ 0, 0, 0, 0, 0, 0, 15060, 794, -37498, 0, 0, 0 ], [ 0, 0, 0, 0, 0, 0, 794, 43, -1975, 0, 0, 0 ], [ 0, 0, 0, 0, 0, 0, -37498, -1975, 93370, 0, 0, 0 ], 
      [ 0, 0, 0, 0, 0, 0, 0, 0, 0, 687, -338, -1273 ], [ 0, 0, 0, 0, 0, 0, 0, 0, 0, -338, 167, 626 ], [ 0, 0, 0, 0, 0, 0, 0, 0, 0, -1273, 626, 2359 ] ], 
  [ [ 14, -51, -2, 0, 0, 0, 0, 0, 0, 0, 0, 0 ], [ -51, 308, -14, 0, 0, 0, 0, 0, 0, 0, 0, 0 ], 
      [ -2, -14, 4, 0, 0, 0, 0, 0, 0, 0, 0, 0 ], [ 0, 0, 0, 406, -124, 213, 0, 0, 0, 0, 0, 0 ], [ 0, 0, 0, -124, 38, -65, 0, 0, 0, 0, 0, 0 ], [ 0, 0, 0, 213, -65, 112, 0, 0, 0, 0, 0, 0 ], 
      [ 0, 0, 0, 0, 0, 0, 4, -23, 16, 0, 0, 0 ], [ 0, 0, 0, 0, 0, 0, -23, 140, -112, 0, 0, 0 ], [ 0, 0, 0, 0, 0, 0, 16, -112, 116, 0, 0, 0 ], 
      [ 0, 0, 0, 0, 0, 0, 0, 0, 0, 38, -10, -53 ], [ 0, 0, 0, 0, 0, 0, 0, 0, 0, -10, 4, 8 ], [ 0, 0, 0, 0, 0, 0, 0, 0, 0, -53, 8, 100 ] ], 
  [ [ 154, 102, 127, 0, 0, 0, 0, 0, 0, 0, 0, 0 ], [ 102, 68, 84, 0, 0, 0, 0, 0, 0, 0, 0, 0 ], [ 127, 84, 105, 0, 0, 0, 0, 0, 0, 0, 0, 0 ], 
      [ 0, 0, 0, 184, 628, -102, 0, 0, 0, 0, 0, 0 ], [ 0, 0, 0, 628, 2154, -355, 0, 0, 0, 0, 0, 0 ], [ 0, 0, 0, -102, -355, 61, 0, 0, 0, 0, 0, 0 ], [ 0, 0, 0, 0, 0, 0, 41, 135, -143, 0, 0, 0 ], 
      [ 0, 0, 0, 0, 0, 0, 135, 445, -467, 0, 0, 0 ], [ 0, 0, 0, 0, 0, 0, -143, -467, 530, 0, 0, 0 ], [ 0, 0, 0, 0, 0, 0, 0, 0, 0, 353, -161, -394 ], 
      [ 0, 0, 0, 0, 0, 0, 0, 0, 0, -161, 74, 180 ], [ 0, 0, 0, 0, 0, 0, 0, 0, 0, -394, 180, 440 ] ], [ [ 5, 0, 16, 0, 0, 0, 0, 0, 0, 0, 0, 0 ], [ 0, 4, -10, 0, 0, 0, 0, 0, 0, 0, 0, 0 ], 
      [ 16, -10, 77, 0, 0, 0, 0, 0, 0, 0, 0, 0 ], [ 0, 0, 0, 5, 22, -48, 0, 0, 0, 0, 0, 0 ], [ 0, 0, 0, 22, 184, -398, 0, 0, 0, 0, 0, 0 ], 
      [ 0, 0, 0, -48, -398, 861, 0, 0, 0, 0, 0, 0 ], [ 0, 0, 0, 0, 0, 0, 34, -28, 23, 0, 0, 0 ], [ 0, 0, 0, 0, 0, 0, -28, 26, -15, 0, 0, 0 ], [ 0, 0, 0, 0, 0, 0, 23, -15, 21, 0, 0, 0 ], 
      [ 0, 0, 0, 0, 0, 0, 0, 0, 0, 433, -133, -302 ], [ 0, 0, 0, 0, 0, 0, 0, 0, 0, -133, 42, 94 ], [ 0, 0, 0, 0, 0, 0, 0, 0, 0, -302, 94, 212 ] ], 
  [ [ 3437, 25436, -5915, 0, 0, 0, 0, 0, 0, 0, 0, 0 ], [ 25436, 189005, -43984, 0, 0, 0, 0, 0, 0, 0, 0, 0 ], [ -5915, -43984, 10237, 0, 0, 0, 0, 0, 0, 0, 0, 0 ], 
      [ 0, 0, 0, 234, -1543, 3551, 0, 0, 0, 0, 0, 0 ], [ 0, 0, 0, -1543, 10605, -24409, 0, 0, 0, 0, 0, 0 ], [ 0, 0, 0, 3551, -24409, 56181, 0, 0, 0, 0, 0, 0 ], 
      [ 0, 0, 0, 0, 0, 0, 1041, -2567, -121, 0, 0, 0 ], [ 0, 0, 0, 0, 0, 0, -2567, 6330, 298, 0, 0, 0 ], [ 0, 0, 0, 0, 0, 0, -121, 298, 18, 0, 0, 0 ], [ 0, 0, 0, 0, 0, 0, 0, 0, 0, 4289, 841, -5745 ],
      [ 0, 0, 0, 0, 0, 0, 0, 0, 0, 841, 165, -1127 ], [ 0, 0, 0, 0, 0, 0, 0, 0, 0, -5745, -1127, 7698 ] ], [ [ 4, -35, -2, 0, 0, 0, 0, 0, 0, 0, 0, 0 ], 
      [ -35, 316, 4, 0, 0, 0, 0, 0, 0, 0, 0, 0 ], [ -2, 4, 20, 0, 0, 0, 0, 0, 0, 0, 0, 0 ], [ 0, 0, 0, 19594, -1083, -4382, 0, 0, 0, 0, 0, 0 ], [ 0, 0, 0, -1083, 64, 242, 0, 0, 0, 0, 0, 0 ], 
      [ 0, 0, 0, -4382, 242, 980, 0, 0, 0, 0, 0, 0 ], [ 0, 0, 0, 0, 0, 0, 1276, 4917, -4513, 0, 0, 0 ], [ 0, 0, 0, 0, 0, 0, 4917, 18948, -17391, 0, 0, 0 ], 
      [ 0, 0, 0, 0, 0, 0, -4513, -17391, 15962, 0, 0, 0 ], [ 0, 0, 0, 0, 0, 0, 0, 0, 0, 38, -108, -103 ], [ 0, 0, 0, 0, 0, 0, 0, 0, 0, -108, 308, 292 ], [ 0, 0, 0, 0, 0, 0, 0, 0, 0, -103, 292, 280 ] 
     ], [ [ 300, -135, -114, 0, 0, 0, 0, 0, 0, 0, 0, 0 ], [ -135, 148, 59, 0, 0, 0, 0, 0, 0, 0, 0, 0 ], [ -114, 59, 44, 0, 0, 0, 0, 0, 0, 0, 0, 0 ], 
      [ 0, 0, 0, 28, -10, 1, 0, 0, 0, 0, 0, 0 ], [ 0, 0, 0, -10, 4, 8, 0, 0, 0, 0, 0, 0 ], [ 0, 0, 0, 1, 8, 164, 0, 0, 0, 0, 0, 0 ], [ 0, 0, 0, 0, 0, 0, 228, 24, 741, 0, 0, 0 ], 
      [ 0, 0, 0, 0, 0, 0, 24, 4, 90, 0, 0, 0 ], [ 0, 0, 0, 0, 0, 0, 741, 90, 2506, 0, 0, 0 ], [ 0, 0, 0, 0, 0, 0, 0, 0, 0, 22100, -9602, 37786 ], [ 0, 0, 0, 0, 0, 0, 0, 0, 0, -9602, 4172, -16417 ], 
      [ 0, 0, 0, 0, 0, 0, 0, 0, 0, 37786, -16417, 64606 ] ], [ [ 5769, 1717, -3181, 0, 0, 0, 0, 0, 0, 0, 0, 0 ], [ 1717, 517, -947, 0, 0, 0, 0, 0, 0, 0, 0, 0 ], 
      [ -3181, -947, 1754, 0, 0, 0, 0, 0, 0, 0, 0, 0 ], [ 0, 0, 0, 201, -121, 202, 0, 0, 0, 0, 0, 0 ], [ 0, 0, 0, -121, 73, -118, 0, 0, 0, 0, 0, 0 ], [ 0, 0, 0, 202, -118, 285, 0, 0, 0, 0, 0, 0 ], 
      [ 0, 0, 0, 0, 0, 0, 522, -51, -53, 0, 0, 0 ], [ 0, 0, 0, 0, 0, 0, -51, 5, 5, 0, 0, 0 ], [ 0, 0, 0, 0, 0, 0, -53, 5, 9, 0, 0, 0 ], 
      [ 0, 0, 0, 0, 0, 0, 0, 0, 0, 378, 38, -443 ], [ 0, 0, 0, 0, 0, 0, 0, 0, 0, 38, 4, -44 ], [ 0, 0, 0, 0, 0, 0, 0, 0, 0, -443, -44, 521 ] ], 
  [ [ 775, -239, -241, 0, 0, 0, 0, 0, 0, 0, 0, 0 ], [ -239, 82, 75, 0, 0, 0, 0, 0, 0, 0, 0, 0 ], [ -241, 75, 75, 0, 0, 0, 0, 0, 0, 0, 0, 0 ], 
      [ 0, 0, 0, 199, 139, -16, 0, 0, 0, 0, 0, 0 ], [ 0, 0, 0, 139, 103, -8, 0, 0, 0, 0, 0, 0 ], [ 0, 0, 0, -16, -8, 3, 0, 0, 0, 0, 0, 0 ], [ 0, 0, 0, 0, 0, 0, 35, 86, -382, 0, 0, 0 ], 
      [ 0, 0, 0, 0, 0, 0, 86, 219, -973, 0, 0, 0 ], [ 0, 0, 0, 0, 0, 0, -382, -973, 4323, 0, 0, 0 ], [ 0, 0, 0, 0, 0, 0, 0, 0, 0, 82, -902, -237 ], 
      [ 0, 0, 0, 0, 0, 0, 0, 0, 0, -902, 9930, 2611 ], [ 0, 0, 0, 0, 0, 0, 0, 0, 0, -237, 2611, 687 ] ], 
  [ [ 8756, -4855, -3046, 0, 0, 0, 0, 0, 0, 0, 0, 0 ], [ -4855, 2692, 1689, 0, 0, 0, 0, 0, 0, 0, 0, 0 ], [ -3046, 1689, 1060, 0, 0, 0, 0, 0, 0, 0, 0, 0 ], 
      [ 0, 0, 0, 196, 74, -249, 0, 0, 0, 0, 0, 0 ], [ 0, 0, 0, 74, 28, -93, 0, 0, 0, 0, 0, 0 ], [ 0, 0, 0, -249, -93, 334, 0, 0, 0, 0, 0, 0 ], [ 0, 0, 0, 0, 0, 0, 62, -110, -221, 0, 0, 0 ], 
      [ 0, 0, 0, 0, 0, 0, -110, 196, 388, 0, 0, 0 ], [ 0, 0, 0, 0, 0, 0, -221, 388, 808, 0, 0, 0 ], [ 0, 0, 0, 0, 0, 0, 0, 0, 0, 130, -2971, 1055 ], 
      [ 0, 0, 0, 0, 0, 0, 0, 0, 0, -2971, 72908, -25882 ], [ 0, 0, 0, 0, 0, 0, 0, 0, 0, 1055, -25882, 9188 ] ], 
  [ [ 1202, -375, -51, 0, 0, 0, 0, 0, 0, 0, 0, 0 ], [ -375, 117, 16, 0, 0, 0, 0, 0, 0, 0, 0, 0 ], [ -51, 16, 5, 0, 0, 0, 0, 0, 0, 0, 0, 0 ], 
      [ 0, 0, 0, 10397, -3403, 14262, 0, 0, 0, 0, 0, 0 ], [ 0, 0, 0, -3403, 1114, -4669, 0, 0, 0, 0, 0, 0 ], [ 0, 0, 0, 14262, -4669, 19569, 0, 0, 0, 0, 0, 0 ], 
      [ 0, 0, 0, 0, 0, 0, 53, -122, -24, 0, 0, 0 ], [ 0, 0, 0, 0, 0, 0, -122, 281, 56, 0, 0, 0 ], [ 0, 0, 0, 0, 0, 0, -24, 56, 16, 0, 0, 0 ], 
      [ 0, 0, 0, 0, 0, 0, 0, 0, 0, 173, -859, 67 ], [ 0, 0, 0, 0, 0, 0, 0, 0, 0, -859, 4269, -333 ], [ 0, 0, 0, 0, 0, 0, 0, 0, 0, 67, -333, 26 ] ], 
  [ [ 4, -1, 2, 0, 0, 0, 0, 0, 0, 0, 0, 0 ], [ -1, 82, 145, 0, 0, 0, 0, 0, 0, 0, 0, 0 ], [ 2, 145, 260, 0, 0, 0, 0, 0, 0, 0, 0, 0 ], 
      [ 0, 0, 0, 166, -477, 60, 0, 0, 0, 0, 0, 0 ], [ 0, 0, 0, -477, 1372, -173, 0, 0, 0, 0, 0, 0 ], [ 0, 0, 0, 60, -173, 22, 0, 0, 0, 0, 0, 0 ], [ 0, 0, 0, 0, 0, 0, 1304, -1341, 217, 0, 0, 0 ], 
      [ 0, 0, 0, 0, 0, 0, -1341, 1452, -240, 0, 0, 0 ], [ 0, 0, 0, 0, 0, 0, 217, -240, 40, 0, 0, 0 ], [ 0, 0, 0, 0, 0, 0, 0, 0, 0, 62548, 3858, -235228 ], 
      [ 0, 0, 0, 0, 0, 0, 0, 0, 0, 3858, 238, -14509 ], [ 0, 0, 0, 0, 0, 0, 0, 0, 0, -235228, -14509, 884636 ] ], 
  [ [ 53, -29, -103, 0, 0, 0, 0, 0, 0, 0, 0, 0 ], [ -29, 18, 63, 0, 0, 0, 0, 0, 0, 0, 0, 0 ], [ -103, 63, 221, 0, 0, 0, 0, 0, 0, 0, 0, 0 ], 
      [ 0, 0, 0, 43481, -10556, 6994, 0, 0, 0, 0, 0, 0 ], [ 0, 0, 0, -10556, 2564, -1698, 0, 0, 0, 0, 0, 0 ], [ 0, 0, 0, 6994, -1698, 1125, 0, 0, 0, 0, 0, 0 ], 
      [ 0, 0, 0, 0, 0, 0, 89988, 4618, -25800, 0, 0, 0 ], [ 0, 0, 0, 0, 0, 0, 4618, 237, -1324, 0, 0, 0 ], [ 0, 0, 0, 0, 0, 0, -25800, -1324, 7397, 0, 0, 0 ], 
      [ 0, 0, 0, 0, 0, 0, 0, 0, 0, 1193, -489, -3858 ], [ 0, 0, 0, 0, 0, 0, 0, 0, 0, -489, 201, 1582 ], [ 0, 0, 0, 0, 0, 0, 0, 0, 0, -3858, 1582, 12477 ] ], 
  [ [ 68, 14, 120, 0, 0, 0, 0, 0, 0, 0, 0, 0 ], [ 14, 4, 25, 0, 0, 0, 0, 0, 0, 0, 0, 0 ], [ 120, 25, 212, 0, 0, 0, 0, 0, 0, 0, 0, 0 ], 
      [ 0, 0, 0, 4, 43, -20, 0, 0, 0, 0, 0, 0 ], [ 0, 0, 0, 43, 472, -221, 0, 0, 0, 0, 0, 0 ], [ 0, 0, 0, -20, -221, 104, 0, 0, 0, 0, 0, 0 ], [ 0, 0, 0, 0, 0, 0, 54854, -15739, 2342, 0, 0, 0 ], 
      [ 0, 0, 0, 0, 0, 0, -15739, 4516, -672, 0, 0, 0 ], [ 0, 0, 0, 0, 0, 0, 2342, -672, 100, 0, 0, 0 ], [ 0, 0, 0, 0, 0, 0, 0, 0, 0, 52, 23, 26 ], 
      [ 0, 0, 0, 0, 0, 0, 0, 0, 0, 23, 14, -3 ], [ 0, 0, 0, 0, 0, 0, 0, 0, 0, 26, -3, 68 ] ], [ [ 18, -59, -16, 0, 0, 0, 0, 0, 0, 0, 0, 0 ], [ -59, 201, 56, 0, 0, 0, 0, 0, 0, 0, 0, 0 ], 
      [ -16, 56, 16, 0, 0, 0, 0, 0, 0, 0, 0, 0 ], [ 0, 0, 0, 15010, -3218, -15667, 0, 0, 0, 0, 0, 0 ], [ 0, 0, 0, -3218, 690, 3359, 0, 0, 0, 0, 0, 0 ], 
      [ 0, 0, 0, -15667, 3359, 16353, 0, 0, 0, 0, 0, 0 ], [ 0, 0, 0, 0, 0, 0, 426, -45, -100, 0, 0, 0 ], [ 0, 0, 0, 0, 0, 0, -45, 5, 12, 0, 0, 0 ], [ 0, 0, 0, 0, 0, 0, -100, 12, 32, 0, 0, 0 ], 
      [ 0, 0, 0, 0, 0, 0, 0, 0, 0, 1845, -275, -33 ], [ 0, 0, 0, 0, 0, 0, 0, 0, 0, -275, 41, 5 ], [ 0, 0, 0, 0, 0, 0, 0, 0, 0, -33, 5, 2 ] ], 
  [ [ 14, 30, -63, 0, 0, 0, 0, 0, 0, 0, 0, 0 ], [ 30, 84, -138, 0, 0, 0, 0, 0, 0, 0, 0, 0 ], [ -63, -138, 284, 0, 0, 0, 0, 0, 0, 0, 0, 0 ], [ 0, 0, 0, 3990, -1836, -1551, 0, 0, 0, 0, 0, 0 ], 
      [ 0, 0, 0, -1836, 908, 722, 0, 0, 0, 0, 0, 0 ], [ 0, 0, 0, -1551, 722, 604, 0, 0, 0, 0, 0, 0 ], [ 0, 0, 0, 0, 0, 0, 50, 649, -421, 0, 0, 0 ], 
      [ 0, 0, 0, 0, 0, 0, 649, 8452, -5474, 0, 0, 0 ], [ 0, 0, 0, 0, 0, 0, -421, -5474, 3548, 0, 0, 0 ], [ 0, 0, 0, 0, 0, 0, 0, 0, 0, 532, 122, -139 ], [ 0, 0, 0, 0, 0, 0, 0, 0, 0, 122, 28, -32 ], 
      [ 0, 0, 0, 0, 0, 0, 0, 0, 0, -139, -32, 38 ] ], [ [ 74, -10, 101, 0, 0, 0, 0, 0, 0, 0, 0, 0 ], [ -10, 4, -16, 0, 0, 0, 0, 0, 0, 0, 0, 0 ], 
      [ 101, -16, 140, 0, 0, 0, 0, 0, 0, 0, 0, 0 ], [ 0, 0, 0, 152, -47, -77, 0, 0, 0, 0, 0, 0 ], [ 0, 0, 0, -47, 76, 16, 0, 0, 0, 0, 0, 0 ], [ 0, 0, 0, -77, 16, 40, 0, 0, 0, 0, 0, 0 ], 
      [ 0, 0, 0, 0, 0, 0, 76, -30, 15, 0, 0, 0 ], [ 0, 0, 0, 0, 0, 0, -30, 12, -6, 0, 0, 0 ], [ 0, 0, 0, 0, 0, 0, 15, -6, 4, 0, 0, 0 ], 
      [ 0, 0, 0, 0, 0, 0, 0, 0, 0, 250, 661, 14 ], [ 0, 0, 0, 0, 0, 0, 0, 0, 0, 661, 1748, 38 ], [ 0, 0, 0, 0, 0, 0, 0, 0, 0, 14, 38, 4 ] ], 
  [ [ 2324, -304, 452, 0, 0, 0, 0, 0, 0, 0, 0, 0 ], [ -304, 40, -59, 0, 0, 0, 0, 0, 0, 0, 0, 0 ], [ 452, -59, 88, 0, 0, 0, 0, 0, 0, 0, 0, 0 ], 
      [ 0, 0, 0, 28664, -162388, -60933, 0, 0, 0, 0, 0, 0 ], [ 0, 0, 0, -162388, 919972, 345197, 0, 0, 0, 0, 0, 0 ], [ 0, 0, 0, -60933, 345197, 129530, 0, 0, 0, 0, 0, 0 ], 
      [ 0, 0, 0, 0, 0, 0, 20, -52, 13, 0, 0, 0 ], [ 0, 0, 0, 0, 0, 0, -52, 136, -25, 0, 0, 0 ], [ 0, 0, 0, 0, 0, 0, 13, -25, 106, 0, 0, 0 ], 
      [ 0, 0, 0, 0, 0, 0, 0, 0, 0, 164, 2, -47 ], [ 0, 0, 0, 0, 0, 0, 0, 0, 0, 2, 4, -2 ], [ 0, 0, 0, 0, 0, 0, 0, 0, 0, -47, -2, 14 ] ], 
  [ [ 1551, -618, -4930, 0, 0, 0, 0, 0, 0, 0, 0, 0 ], [ -618, 247, 1965, 0, 0, 0, 0, 0, 0, 0, 0, 0 ], [ -4930, 1965, 15671, 0, 0, 0, 0, 0, 0, 0, 0, 0 ], 
      [ 0, 0, 0, 7, 29, 62, 0, 0, 0, 0, 0, 0 ], [ 0, 0, 0, 29, 130, 284, 0, 0, 0, 0, 0, 0 ], [ 0, 0, 0, 62, 284, 624, 0, 0, 0, 0, 0, 0 ], [ 0, 0, 0, 0, 0, 0, 3, 26, 12, 0, 0, 0 ], 
      [ 0, 0, 0, 0, 0, 0, 26, 912, 426, 0, 0, 0 ], [ 0, 0, 0, 0, 0, 0, 12, 426, 199, 0, 0, 0 ], [ 0, 0, 0, 0, 0, 0, 0, 0, 0, 83, 137, -221 ], [ 0, 0, 0, 0, 0, 0, 0, 0, 0, 137, 378, -771 ], 
      [ 0, 0, 0, 0, 0, 0, 0, 0, 0, -221, -771, 1675 ] ], [ [ 4, 9, -33, 0, 0, 0, 0, 0, 0, 0, 0, 0 ], [ 9, 196, -710, 0, 0, 0, 0, 0, 0, 0, 0, 0 ], 
      [ -33, -710, 2572, 0, 0, 0, 0, 0, 0, 0, 0, 0 ], [ 0, 0, 0, 56, 30, -103, 0, 0, 0, 0, 0, 0 ], [ 0, 0, 0, 30, 44, -158, 0, 0, 0, 0, 0, 0 ], [ 0, 0, 0, -103, -158, 568, 0, 0, 0, 0, 0, 0 ], 
      [ 0, 0, 0, 0, 0, 0, 68, -10, -36, 0, 0, 0 ], [ 0, 0, 0, 0, 0, 0, -10, 4, 11, 0, 0, 0 ], [ 0, 0, 0, 0, 0, 0, -36, 11, 32, 0, 0, 0 ], 
      [ 0, 0, 0, 0, 0, 0, 0, 0, 0, 2278, -3158, 737 ], [ 0, 0, 0, 0, 0, 0, 0, 0, 0, -3158, 4378, -1021 ], [ 0, 0, 0, 0, 0, 0, 0, 0, 0, 737, -1021, 248 ] ], 
  [ [ 158, 36, -135, 0, 0, 0, 0, 0, 0, 0, 0, 0 ], [ 36, 30, -27, 0, 0, 0, 0, 0, 0, 0, 0, 0 ], [ -135, -27, 116, 0, 0, 0, 0, 0, 0, 0, 0, 0 ], 
      [ 0, 0, 0, 248, -921, 222, 0, 0, 0, 0, 0, 0 ], [ 0, 0, 0, -921, 3422, -823, 0, 0, 0, 0, 0, 0 ], [ 0, 0, 0, 222, -823, 200, 0, 0, 0, 0, 0, 0 ], [ 0, 0, 0, 0, 0, 0, 50416, 1950, -14015, 0, 0, 0 ]
        , [ 0, 0, 0, 0, 0, 0, 1950, 76, -542, 0, 0, 0 ], [ 0, 0, 0, 0, 0, 0, -14015, -542, 3896, 0, 0, 0 ], [ 0, 0, 0, 0, 0, 0, 0, 0, 0, 374, -235, -10 ], 
      [ 0, 0, 0, 0, 0, 0, 0, 0, 0, -235, 176, -4 ], [ 0, 0, 0, 0, 0, 0, 0, 0, 0, -10, -4, 4 ] ], [ [ 4, -29, -139, 0, 0, 0, 0, 0, 0, 0, 0, 0 ], [ -29, 212, 1018, 0, 0, 0, 0, 0, 0, 0, 0, 0 ], 
      [ -139, 1018, 4892, 0, 0, 0, 0, 0, 0, 0, 0, 0 ], [ 0, 0, 0, 200, -352, 517, 0, 0, 0, 0, 0, 0 ], [ 0, 0, 0, -352, 652, -985, 0, 0, 0, 0, 0, 0 ], 
      [ 0, 0, 0, 517, -985, 1510, 0, 0, 0, 0, 0, 0 ], [ 0, 0, 0, 0, 0, 0, 4, 4, 9, 0, 0, 0 ], [ 0, 0, 0, 0, 0, 0, 4, 8, 3, 0, 0, 0 ], [ 0, 0, 0, 0, 0, 0, 9, 3, 30, 0, 0, 0 ], 
      [ 0, 0, 0, 0, 0, 0, 0, 0, 0, 2208, -294, -5919 ], [ 0, 0, 0, 0, 0, 0, 0, 0, 0, -294, 40, 789 ], [ 0, 0, 0, 0, 0, 0, 0, 0, 0, -5919, 789, 15868 ] ], 
  [ [ 777, -3264, 46, 0, 0, 0, 0, 0, 0, 0, 0, 0 ], [ -3264, 13712, -192, 0, 0, 0, 0, 0, 0, 0, 0, 0 ], 
      [ 46, -192, 5, 0, 0, 0, 0, 0, 0, 0, 0, 0 ], [ 0, 0, 0, 644, -298, -1722, 0, 0, 0, 0, 0, 0 ], [ 0, 0, 0, -298, 138, 797, 0, 0, 0, 0, 0, 0 ], [ 0, 0, 0, -1722, 797, 4605, 0, 0, 0, 0, 0, 0 ], 
      [ 0, 0, 0, 0, 0, 0, 5, -124, 24, 0, 0, 0 ], [ 0, 0, 0, 0, 0, 0, -124, 3360, -648, 0, 0, 0 ], [ 0, 0, 0, 0, 0, 0, 24, -648, 125, 0, 0, 0 ], 
      [ 0, 0, 0, 0, 0, 0, 0, 0, 0, 2509, 268, -6065 ], [ 0, 0, 0, 0, 0, 0, 0, 0, 0, 268, 29, -648 ], [ 0, 0, 0, 0, 0, 0, 0, 0, 0, -6065, -648, 14661 ] ], 
  [ [ 17, 120, -27, 0, 0, 0, 0, 0, 0, 0, 0, 0 ], [ 120, 1377, -319, 0, 0, 0, 0, 0, 0, 0, 0, 0 ], [ -27, -319, 74, 0, 0, 0, 0, 0, 0, 0, 0, 0 ], 
      [ 0, 0, 0, 4, -2, 6, 0, 0, 0, 0, 0, 0 ], [ 0, 0, 0, -2, 5, -27, 0, 0, 0, 0, 0, 0 ], [ 0, 0, 0, 6, -27, 154, 0, 0, 0, 0, 0, 0 ], [ 0, 0, 0, 0, 0, 0, 137, -42, -486, 0, 0, 0 ], 
      [ 0, 0, 0, 0, 0, 0, -42, 13, 149, 0, 0, 0 ], [ 0, 0, 0, 0, 0, 0, -486, 149, 1725, 0, 0, 0 ], [ 0, 0, 0, 0, 0, 0, 0, 0, 0, 6353, -1428, -382 ], 
      [ 0, 0, 0, 0, 0, 0, 0, 0, 0, -1428, 321, 86 ], [ 0, 0, 0, 0, 0, 0, 0, 0, 0, -382, 86, 24 ] ], [ [ 13516, 1115, -6920, 0, 0, 0, 0, 0, 0, 0, 0, 0 ], [ 1115, 92, -571, 0, 0, 0, 0, 0, 0, 0, 0, 0 ],
      [ -6920, -571, 3544, 0, 0, 0, 0, 0, 0, 0, 0, 0 ], [ 0, 0, 0, 88, 15, -41, 0, 0, 0, 0, 0, 0 ], [ 0, 0, 0, 15, 4, -9, 0, 0, 0, 0, 0, 0 ], 
      [ 0, 0, 0, -41, -9, 22, 0, 0, 0, 0, 0, 0 ], [ 0, 0, 0, 0, 0, 0, 772, -1566, -448, 0, 0, 0 ], [ 0, 0, 0, 0, 0, 0, -1566, 3180, 909, 0, 0, 0 ], [ 0, 0, 0, 0, 0, 0, -448, 909, 260, 0, 0, 0 ], 
      [ 0, 0, 0, 0, 0, 0, 0, 0, 0, 28, 6, -6 ], [ 0, 0, 0, 0, 0, 0, 0, 0, 0, 6, 52, -13 ], [ 0, 0, 0, 0, 0, 0, 0, 0, 0, -6, -13, 4 ] ], 
  [ [ 4, 24, -10, 0, 0, 0, 0, 0, 0, 0, 0, 0 ], [ 24, 1852, -765, 0, 0, 0, 0, 0, 0, 0, 0, 0 ], [ -10, -765, 316, 0, 0, 0, 0, 0, 0, 0, 0, 0 ], [ 0, 0, 0, 388, -697, 200, 0, 0, 0, 0, 0, 0 ], 
      [ 0, 0, 0, -697, 1436, -408, 0, 0, 0, 0, 0, 0 ], [ 0, 0, 0, 200, -408, 116, 0, 0, 0, 0, 0, 0 ], [ 0, 0, 0, 0, 0, 0, 32, 11, -164, 0, 0, 0 ], 
      [ 0, 0, 0, 0, 0, 0, 11, 4, -57, 0, 0, 0 ], [ 0, 0, 0, 0, 0, 0, -164, -57, 844, 0, 0, 0 ], [ 0, 0, 0, 0, 0, 0, 0, 0, 0, 28, 7, -17 ], [ 0, 0, 0, 0, 0, 0, 0, 0, 0, 7, 8, -12 ], 
      [ 0, 0, 0, 0, 0, 0, 0, 0, 0, -17, -12, 20 ] ], [ [ 916, 4196, -1385, 0, 0, 0, 0, 0, 0, 0, 0, 0 ], [ 4196, 19252, -6352, 0, 0, 0, 0, 0, 0, 0, 0, 0 ], 
      [ -1385, -6352, 2096, 0, 0, 0, 0, 0, 0, 0, 0, 0 ], [ 0, 0, 0, 15266, -4623, -7030, 0, 0, 0, 0, 0, 0 ], [ 0, 0, 0, -4623, 1400, 2129, 0, 0, 0, 0, 0, 0 ], 
      [ 0, 0, 0, -7030, 2129, 3238, 0, 0, 0, 0, 0, 0 ], [ 0, 0, 0, 0, 0, 0, 316, -1380, 8750, 0, 0, 0 ], [ 0, 0, 0, 0, 0, 0, -1380, 6058, -38413, 0, 0, 0 ], 
      [ 0, 0, 0, 0, 0, 0, 8750, -38413, 243572, 0, 0, 0 ], [ 0, 0, 0, 0, 0, 0, 0, 0, 0, 4, -1, -2 ], [ 0, 0, 0, 0, 0, 0, 0, 0, 0, -1, 8, 5 ], [ 0, 0, 0, 0, 0, 0, 0, 0, 0, -2, 5, 4 ] ], 
  [ [ 74, -93, 370, 0, 0, 0, 0, 0, 0, 0, 0, 0 ], [ -93, 117, -464, 0, 0, 0, 0, 0, 0, 0, 0, 0 ], [ 370, -464, 1860, 0, 0, 0, 0, 0, 0, 0, 0, 0 ], 
      [ 0, 0, 0, 73, -5, -80, 0, 0, 0, 0, 0, 0 ], [ 0, 0, 0, -5, 42, -27, 0, 0, 0, 0, 0, 0 ], [ 0, 0, 0, -80, -27, 113, 0, 0, 0, 0, 0, 0 ], [ 0, 0, 0, 0, 0, 0, 41, 461, -273, 0, 0, 0 ], 
      [ 0, 0, 0, 0, 0, 0, 461, 5186, -3070, 0, 0, 0 ], [ 0, 0, 0, 0, 0, 0, -273, -3070, 1818, 0, 0, 0 ], [ 0, 0, 0, 0, 0, 0, 0, 0, 0, 753, -2313, 134 ], 
      [ 0, 0, 0, 0, 0, 0, 0, 0, 0, -2313, 7106, -412 ], [ 0, 0, 0, 0, 0, 0, 0, 0, 0, 134, -412, 24 ] ], [ [ 1410, -179, -449, 0, 0, 0, 0, 0, 0, 0, 0, 0 ], [ -179, 23, 57, 0, 0, 0, 0, 0, 0, 0, 0, 0 ],
      [ -449, 57, 143, 0, 0, 0, 0, 0, 0, 0, 0, 0 ], [ 0, 0, 0, 9835, -3011, -318, 0, 0, 0, 0, 0, 0 ], [ 0, 0, 0, -3011, 922, 97, 0, 0, 0, 0, 0, 0 ], 
      [ 0, 0, 0, -318, 97, 11, 0, 0, 0, 0, 0, 0 ], [ 0, 0, 0, 0, 0, 0, 3, 80, 18, 0, 0, 0 ], [ 0, 0, 0, 0, 0, 0, 80, 2216, 504, 0, 0, 0 ], [ 0, 0, 0, 0, 0, 0, 18, 504, 115, 0, 0, 0 ], 
      [ 0, 0, 0, 0, 0, 0, 0, 0, 0, 215, 28, -936 ], [ 0, 0, 0, 0, 0, 0, 0, 0, 0, 28, 4, -122 ], [ 0, 0, 0, 0, 0, 0, 0, 0, 0, -936, -122, 4075 ] ], 
  [ [ 916, 253, 37, 0, 0, 0, 0, 0, 0, 0, 0, 0 ], [ 253, 70, 10, 0, 0, 0, 0, 0, 0, 0, 0, 0 ], [ 37, 10, 2, 0, 0, 0, 0, 0, 0, 0, 0, 0 ], [ 0, 0, 0, 2132, 408, 1020, 0, 0, 0, 0, 0, 0 ], 
      [ 0, 0, 0, 408, 84, 195, 0, 0, 0, 0, 0, 0 ], [ 0, 0, 0, 1020, 195, 488, 0, 0, 0, 0, 0, 0 ], [ 0, 0, 0, 0, 0, 0, 62162, -11283, 1090, 0, 0, 0 ], 
      [ 0, 0, 0, 0, 0, 0, -11283, 2048, -198, 0, 0, 0 ], [ 0, 0, 0, 0, 0, 0, 1090, -198, 20, 0, 0, 0 ], [ 0, 0, 0, 0, 0, 0, 0, 0, 0, 74, 1135, -292 ], [ 0, 0, 0, 0, 0, 0, 0, 0, 0, 1135, 17524, -4493 
         ], [ 0, 0, 0, 0, 0, 0, 0, 0, 0, -292, -4493, 1154 ] ], [ [ 12, 12, -6, 0, 0, 0, 0, 0, 0, 0, 0, 0 ], [ 12, 22, -3, 0, 0, 0, 0, 0, 0, 0, 0, 0 ], 
      [ -6, -3, 4, 0, 0, 0, 0, 0, 0, 0, 0, 0 ], [ 0, 0, 0, 254, 280, -209, 0, 0, 0, 0, 0, 0 ], [ 0, 0, 0, 280, 316, -230, 0, 0, 0, 0, 0, 0 ], [ 0, 0, 0, -209, -230, 172, 0, 0, 0, 0, 0, 0 ], 
      [ 0, 0, 0, 0, 0, 0, 724, -588, -4082, 0, 0, 0 ], [ 0, 0, 0, 0, 0, 0, -588, 484, 3321, 0, 0, 0 ], [ 0, 0, 0, 0, 0, 0, -4082, 3321, 23020, 0, 0, 0 ], 
      [ 0, 0, 0, 0, 0, 0, 0, 0, 0, 206, -103, 39 ], [ 0, 0, 0, 0, 0, 0, 0, 0, 0, -103, 52, -20 ], [ 0, 0, 0, 0, 0, 0, 0, 0, 0, 39, -20, 8 ] ], 
  [ [ 4, 32, -14, 0, 0, 0, 0, 0, 0, 0, 0, 0 ], [ 32, 380, -163, 0, 0, 0, 0, 0, 0, 0, 0, 0 ], 
      [ -14, -163, 70, 0, 0, 0, 0, 0, 0, 0, 0, 0 ], [ 0, 0, 0, 29768, 1090, -72619, 0, 0, 0, 0, 0, 0 ], [ 0, 0, 0, 1090, 40, -2659, 0, 0, 0, 0, 0, 0 ], 
      [ 0, 0, 0, -72619, -2659, 177154, 0, 0, 0, 0, 0, 0 ], [ 0, 0, 0, 0, 0, 0, 4638, -963, 735, 0, 0, 0 ], [ 0, 0, 0, 0, 0, 0, -963, 200, -152, 0, 0, 0 ], 
      [ 0, 0, 0, 0, 0, 0, 735, -152, 124, 0, 0, 0 ], [ 0, 0, 0, 0, 0, 0, 0, 0, 0, 724, -362, -194 ], [ 0, 0, 0, 0, 0, 0, 0, 0, 0, -362, 182, 97 ], [ 0, 0, 0, 0, 0, 0, 0, 0, 0, -194, 97, 52 ] ], 
  [ [ 1524, 22, -4172, 0, 0, 0, 0, 0, 0, 0, 0, 0 ], [ 22, 5, -60, 0, 0, 0, 0, 0, 0, 0, 0, 0 ], [ -4172, -60, 11421, 0, 0, 0, 0, 0, 0, 0, 0, 0 ], 
      [ 0, 0, 0, 5, 63, 26, 0, 0, 0, 0, 0, 0 ], [ 0, 0, 0, 63, 970, 395, 0, 0, 0, 0, 0, 0 ], [ 0, 0, 0, 26, 395, 161, 0, 0, 0, 0, 0, 0 ], [ 0, 0, 0, 0, 0, 0, 4541, 828, -9476, 0, 0, 0 ], 
      [ 0, 0, 0, 0, 0, 0, 828, 160, -1720, 0, 0, 0 ], [ 0, 0, 0, 0, 0, 0, -9476, -1720, 19781, 0, 0, 0 ], [ 0, 0, 0, 0, 0, 0, 0, 0, 0, 3330, -3643, -1158 ], 
      [ 0, 0, 0, 0, 0, 0, 0, 0, 0, -3643, 4161, 1282 ], [ 0, 0, 0, 0, 0, 0, 0, 0, 0, -1158, 1282, 404 ] ], 
  [ [ 62117, -20891, 6027, 0, 0, 0, 0, 0, 0, 0, 0, 0 ], [ -20891, 7026, -2027, 0, 0, 0, 0, 0, 0, 0, 0, 0 ], [ 6027, -2027, 585, 0, 0, 0, 0, 0, 0, 0, 0, 0 ], 
      [ 0, 0, 0, 740, -5946, 2022, 0, 0, 0, 0, 0, 0 ], [ 0, 0, 0, -5946, 47778, -16247, 0, 0, 0, 0, 0, 0 ], [ 0, 0, 0, 2022, -16247, 5525, 0, 0, 0, 0, 0, 0 ], 
      [ 0, 0, 0, 0, 0, 0, 13, -40, 131, 0, 0, 0 ], [ 0, 0, 0, 0, 0, 0, -40, 221, -726, 0, 0, 0 ], [ 0, 0, 0, 0, 0, 0, 131, -726, 2385, 0, 0, 0 ], 
      [ 0, 0, 0, 0, 0, 0, 0, 0, 0, 4, -30, -10 ], [ 0, 0, 0, 0, 0, 0, 0, 0, 0, -30, 298, 129 ], [ 0, 0, 0, 0, 0, 0, 0, 0, 0, -10, 129, 65 ] ], 
  [ [ 209, 21, 82, 0, 0, 0, 0, 0, 0, 0, 0, 0 ], [ 21, 9, 14, 0, 0, 0, 0, 0, 0, 0, 0, 0 ], 
      [ 82, 14, 37, 0, 0, 0, 0, 0, 0, 0, 0, 0 ], [ 0, 0, 0, 15696, -5824, -760, 0, 0, 0, 0, 0, 0 ], [ 0, 0, 0, -5824, 2161, 282, 0, 0, 0, 0, 0, 0 ], [ 0, 0, 0, -760, 282, 37, 0, 0, 0, 0, 0, 0 ], 
      [ 0, 0, 0, 0, 0, 0, 8882, 11129, -18431, 0, 0, 0 ], [ 0, 0, 0, 0, 0, 0, 11129, 13945, -23095, 0, 0, 0 ], [ 0, 0, 0, 0, 0, 0, -18431, -23095, 38249, 0, 0, 0 ], 
      [ 0, 0, 0, 0, 0, 0, 0, 0, 0, 3690, -2241, -18010 ], [ 0, 0, 0, 0, 0, 0, 0, 0, 0, -2241, 1361, 10938 ], [ 0, 0, 0, 0, 0, 0, 0, 0, 0, -18010, 10938, 87924 ] ], 
  [ [ 40, -12, -45, 0, 0, 0, 0, 0, 0, 0, 0, 0 ], [ -12, 4, 13, 0, 0, 0, 0, 0, 0, 0, 0, 0 ], [ -45, 13, 52, 0, 0, 0, 0, 0, 0, 0, 0, 0 ], 
      [ 0, 0, 0, 23746, -10217, -688, 0, 0, 0, 0, 0, 0 ], [ 0, 0, 0, -10217, 4396, 296, 0, 0, 0, 0, 0, 0 ], [ 0, 0, 0, -688, 296, 20, 0, 0, 0, 0, 0, 0 ], [ 0, 0, 0, 0, 0, 0, 14, 7, 54, 0, 0, 0 ], 
      [ 0, 0, 0, 0, 0, 0, 7, 4, 31, 0, 0, 0 ], [ 0, 0, 0, 0, 0, 0, 54, 31, 242, 0, 0, 0 ], [ 0, 0, 0, 0, 0, 0, 0, 0, 0, 1204, -1264, 602 ], 
      [ 0, 0, 0, 0, 0, 0, 0, 0, 0, -1264, 1336, -635 ], [ 0, 0, 0, 0, 0, 0, 0, 0, 0, 602, -635, 302 ] ], [ [ 28, -115, 58, 0, 0, 0, 0, 0, 0, 0, 0, 0 ], [ -115, 476, -254, 0, 0, 0, 0, 0, 0, 0, 0, 0 ],
      [ 58, -254, 188, 0, 0, 0, 0, 0, 0, 0, 0, 0 ], [ 0, 0, 0, 84, -18, -69, 0, 0, 0, 0, 0, 0 ], [ 0, 0, 0, -18, 4, 14, 0, 0, 0, 0, 0, 0 ], 
      [ 0, 0, 0, -69, 14, 62, 0, 0, 0, 0, 0, 0 ], [ 0, 0, 0, 0, 0, 0, 548, -158, 948, 0, 0, 0 ], [ 0, 0, 0, 0, 0, 0, -158, 50, -273, 0, 0, 0 ], [ 0, 0, 0, 0, 0, 0, 948, -273, 1640, 0, 0, 0 ], 
      [ 0, 0, 0, 0, 0, 0, 0, 0, 0, 442, -78, -69 ], [ 0, 0, 0, 0, 0, 0, 0, 0, 0, -78, 22, 9 ], [ 0, 0, 0, 0, 0, 0, 0, 0, 0, -69, 9, 12 ] ], 
  [ [ 68, 114, -196, 0, 0, 0, 0, 0, 0, 0, 0, 0 ], [ 114, 212, -289, 0, 0, 0, 0, 0, 0, 0, 0, 0 ], [ -196, -289, 640, 0, 0, 0, 0, 0, 0, 0, 0, 0 ], [ 0, 0, 0, 178, -185, 317, 0, 0, 0, 0, 0, 0 ], 
      [ 0, 0, 0, -185, 236, -420, 0, 0, 0, 0, 0, 0 ], [ 0, 0, 0, 317, -420, 752, 0, 0, 0, 0, 0, 0 ], [ 0, 0, 0, 0, 0, 0, 908, -330, -274, 0, 0, 0 ], 
      [ 0, 0, 0, 0, 0, 0, -330, 120, 99, 0, 0, 0 ], [ 0, 0, 0, 0, 0, 0, -274, 99, 88, 0, 0, 0 ], [ 0, 0, 0, 0, 0, 0, 0, 0, 0, 374446, 29423, -130469 ], 
      [ 0, 0, 0, 0, 0, 0, 0, 0, 0, 29423, 2312, -10252 ], [ 0, 0, 0, 0, 0, 0, 0, 0, 0, -130469, -10252, 45460 ] ], [ [ 12, -9, -18, 0, 0, 0, 0, 0, 0, 0, 0, 0 ], 
      [ -9, 20, 17, 0, 0, 0, 0, 0, 0, 0, 0, 0 ], [ -18, 17, 28, 0, 0, 0, 0, 0, 0, 0, 0, 0 ], [ 0, 0, 0, 4, 203, -84, 0, 0, 0, 0, 0, 0 ], [ 0, 0, 0, 203, 39494, -16354, 0, 0, 0, 0, 0, 0 ], 
      [ 0, 0, 0, -84, -16354, 6772, 0, 0, 0, 0, 0, 0 ], [ 0, 0, 0, 0, 0, 0, 5830, -539, 1355, 0, 0, 0 ], [ 0, 0, 0, 0, 0, 0, -539, 52, -136, 0, 0, 0 ], 
      [ 0, 0, 0, 0, 0, 0, 1355, -136, 368, 0, 0, 0 ], [ 0, 0, 0, 0, 0, 0, 0, 0, 0, 55852, -18770, 6263 ], [ 0, 0, 0, 0, 0, 0, 0, 0, 0, -18770, 6308, -2105 ], 
      [ 0, 0, 0, 0, 0, 0, 0, 0, 0, 6263, -2105, 704 ] ], [ [ 2522, -77, -805, 0, 0, 0, 0, 0, 0, 0, 0, 0 ], [ -77, 9, 24, 0, 0, 0, 0, 0, 0, 0, 0, 0 ], 
      [ -805, 24, 257, 0, 0, 0, 0, 0, 0, 0, 0, 0 ], [ 0, 0, 0, 26477, -4919, -24717, 0, 0, 0, 0, 0, 0 ], [ 0, 0, 0, -4919, 914, 4592, 0, 0, 0, 0, 0, 0 ], 
      [ 0, 0, 0, -24717, 4592, 23074, 0, 0, 0, 0, 0, 0 ], [ 0, 0, 0, 0, 0, 0, 497, 317, -3437, 0, 0, 0 ], [ 0, 0, 0, 0, 0, 0, 317, 205, -2203, 0, 0, 0 ], 
      [ 0, 0, 0, 0, 0, 0, -3437, -2203, 23810, 0, 0, 0 ], [ 0, 0, 0, 0, 0, 0, 0, 0, 0, 16, 8, -48 ], [ 0, 0, 0, 0, 0, 0, 0, 0, 0, 8, 5, -23 ], [ 0, 0, 0, 0, 0, 0, 0, 0, 0, -48, -23, 146 ] ], 
  [ [ 17980, -699, -5978, 0, 0, 0, 0, 0, 0, 0, 0, 0 ], [ -699, 28, 233, 0, 0, 0, 0, 0, 0, 0, 0, 0 ], [ -5978, 233, 1988, 0, 0, 0, 0, 0, 0, 0, 0, 0 ], 
      [ 0, 0, 0, 7762, 2595, -3448, 0, 0, 0, 0, 0, 0 ], [ 0, 0, 0, 2595, 868, -1156, 0, 0, 0, 0, 0, 0 ], [ 0, 0, 0, -3448, -1156, 1556, 0, 0, 0, 0, 0, 0 ], [ 0, 0, 0, 0, 0, 0, 4, 17, 1, 0, 0, 0 ], 
      [ 0, 0, 0, 0, 0, 0, 17, 100, 11, 0, 0, 0 ], [ 0, 0, 0, 0, 0, 0, 1, 11, 2, 0, 0, 0 ], [ 0, 0, 0, 0, 0, 0, 0, 0, 0, 38, -17, -52 ], 
      [ 0, 0, 0, 0, 0, 0, 0, 0, 0, -17, 8, 22 ], [ 0, 0, 0, 0, 0, 0, 0, 0, 0, -52, 22, 76 ] ], [ [ 428, -973, 5830, 0, 0, 0, 0, 0, 0, 0, 0, 0 ], [ -973, 2212, -13254, 0, 0, 0, 0, 0, 0, 0, 0, 0 ], 
      [ 5830, -13254, 79420, 0, 0, 0, 0, 0, 0, 0, 0, 0 ], [ 0, 0, 0, 322, -630, 355, 0, 0, 0, 0, 0, 0 ], [ 0, 0, 0, -630, 1236, -696, 0, 0, 0, 0, 0, 0 ], 
      [ 0, 0, 0, 355, -696, 392, 0, 0, 0, 0, 0, 0 ], [ 0, 0, 0, 0, 0, 0, 308, 741, -316, 0, 0, 0 ], [ 0, 0, 0, 0, 0, 0, 741, 1790, -755, 0, 0, 0 ], [ 0, 0, 0, 0, 0, 0, -316, -755, 328, 0, 0, 0 ], 
      [ 0, 0, 0, 0, 0, 0, 0, 0, 0, 20, 220, -664 ], [ 0, 0, 0, 0, 0, 0, 0, 0, 0, 220, 2458, -7407 ], [ 0, 0, 0, 0, 0, 0, 0, 0, 0, -664, -7407, 22324 ] ], 
  [ [ 5, 29, -73, 0, 0, 0, 0, 0, 0, 0, 0, 0 ], [ 29, 178, -449, 0, 0, 0, 0, 0, 0, 0, 0, 0 ], [ -73, -449, 1133, 0, 0, 0, 0, 0, 0, 0, 0, 0 ], [ 0, 0, 0, 9, -6, -7, 0, 0, 0, 0, 0, 0 ], 
      [ 0, 0, 0, -6, 5, 9, 0, 0, 0, 0, 0, 0 ], [ 0, 0, 0, -7, 9, 26, 0, 0, 0, 0, 0, 0 ], [ 0, 0, 0, 0, 0, 0, 28369, 14093, 5392, 0, 0, 0 ], 
      [ 0, 0, 0, 0, 0, 0, 14093, 7002, 2679, 0, 0, 0 ], [ 0, 0, 0, 0, 0, 0, 5392, 2679, 1025, 0, 0, 0 ], [ 0, 0, 0, 0, 0, 0, 0, 0, 0, 4661, -1719, -116 ], 
      [ 0, 0, 0, 0, 0, 0, 0, 0, 0, -1719, 634, 43 ], [ 0, 0, 0, 0, 0, 0, 0, 0, 0, -116, 43, 5 ] ], [ [ 46270, -19017, 7236, 0, 0, 0, 0, 0, 0, 0, 0, 0 ], 
      [ -19017, 7816, -2974, 0, 0, 0, 0, 0, 0, 0, 0, 0 ], [ 7236, -2974, 1132, 0, 0, 0, 0, 0, 0, 0, 0, 0 ], [ 0, 0, 0, 292, 557, -618, 0, 0, 0, 0, 0, 0 ], 
      [ 0, 0, 0, 557, 1064, -1179, 0, 0, 0, 0, 0, 0 ], [ 0, 0, 0, -618, -1179, 1308, 0, 0, 0, 0, 0, 0 ], [ 0, 0, 0, 0, 0, 0, 52, -211, 114, 0, 0, 0 ], 
      [ 0, 0, 0, 0, 0, 0, -211, 884, -485, 0, 0, 0 ], [ 0, 0, 0, 0, 0, 0, 114, -485, 268, 0, 0, 0 ], [ 0, 0, 0, 0, 0, 0, 0, 0, 0, 84, -336, -18 ], [ 0, 0, 0, 0, 0, 0, 0, 0, 0, -336, 1408, 69 ], 
      [ 0, 0, 0, 0, 0, 0, 0, 0, 0, -18, 69, 4 ] ], [ [ 5, 12, -32, 0, 0, 0, 0, 0, 0, 0, 0, 0 ], [ 12, 61, -166, 0, 0, 0, 0, 0, 0, 0, 0, 0 ], 
      [ -32, -166, 452, 0, 0, 0, 0, 0, 0, 0, 0, 0 ], [ 0, 0, 0, 5, -26, -57, 0, 0, 0, 0, 0, 0 ], [ 0, 0, 0, -26, 137, 298, 0, 0, 0, 0, 0, 0 ], [ 0, 0, 0, -57, 298, 653, 0, 0, 0, 0, 0, 0 ], 
      [ 0, 0, 0, 0, 0, 0, 226, 277, -711, 0, 0, 0 ], [ 0, 0, 0, 0, 0, 0, 277, 341, -871, 0, 0, 0 ], [ 0, 0, 0, 0, 0, 0, -711, -871, 2237, 0, 0, 0 ], 
      [ 0, 0, 0, 0, 0, 0, 0, 0, 0, 9, -31, -41 ], [ 0, 0, 0, 0, 0, 0, 0, 0, 0, -31, 109, 153 ], [ 0, 0, 0, 0, 0, 0, 0, 0, 0, -41, 153, 250 ] ], 
  [ [ 1231, -1008, 1972, 0, 0, 0, 0, 0, 0, 0, 0, 0 ], [ -1008, 827, -1616, 0, 0, 0, 0, 0, 0, 0, 0, 0 ], [ 1972, -1616, 3160, 0, 0, 0, 0, 0, 0, 0, 0, 0 ], 
      [ 0, 0, 0, 4, 2, -14, 0, 0, 0, 0, 0, 0 ], [ 0, 0, 0, 2, 3, -19, 0, 0, 0, 0, 0, 0 ], [ 0, 0, 0, -14, -19, 122, 0, 0, 0, 0, 0, 0 ], [ 0, 0, 0, 0, 0, 0, 4618, 1589, -485, 0, 0, 0 ], 
      [ 0, 0, 0, 0, 0, 0, 1589, 547, -167, 0, 0, 0 ], [ 0, 0, 0, 0, 0, 0, -485, -167, 51, 0, 0, 0 ], [ 0, 0, 0, 0, 0, 0, 0, 0, 0, 147, -123, 62 ], 
      [ 0, 0, 0, 0, 0, 0, 0, 0, 0, -123, 103, -52 ], [ 0, 0, 0, 0, 0, 0, 0, 0, 0, 62, -52, 27 ] ], [ [ 709, 369, 53, 0, 0, 0, 0, 0, 0, 0, 0, 0 ], [ 369, 194, 29, 0, 0, 0, 0, 0, 0, 0, 0, 0 ], 
      [ 53, 29, 5, 0, 0, 0, 0, 0, 0, 0, 0, 0 ], [ 0, 0, 0, 61, -86, 372, 0, 0, 0, 0, 0, 0 ], [ 0, 0, 0, -86, 137, -554, 0, 0, 0, 0, 0, 0 ], 
      [ 0, 0, 0, 372, -554, 2324, 0, 0, 0, 0, 0, 0 ], [ 0, 0, 0, 0, 0, 0, 9845, -4497, -53317, 0, 0, 0 ], [ 0, 0, 0, 0, 0, 0, -4497, 2061, 24353, 0, 0, 0 ], 
      [ 0, 0, 0, 0, 0, 0, -53317, 24353, 288746, 0, 0, 0 ], [ 0, 0, 0, 0, 0, 0, 0, 0, 0, 10, 11, 5 ], [ 0, 0, 0, 0, 0, 0, 0, 0, 0, 11, 21, 13 ], [ 0, 0, 0, 0, 0, 0, 0, 0, 0, 5, 13, 9 ] ], 
  [ [ 390, -1023, -78, 0, 0, 0, 0, 0, 0, 0, 0, 0 ], [ -1023, 2692, 227, 0, 0, 0, 0, 0, 0, 0, 0, 0 ], [ -78, 227, 74, 0, 0, 0, 0, 0, 0, 0, 0, 0 ], 
      [ 0, 0, 0, 652, -1102, 51, 0, 0, 0, 0, 0, 0 ], [ 0, 0, 0, -1102, 1868, -86, 0, 0, 0, 0, 0, 0 ], [ 0, 0, 0, 51, -86, 4, 0, 0, 0, 0, 0, 0 ], [ 0, 0, 0, 0, 0, 0, 1298, 2525, -6089, 0, 0, 0 ], 
      [ 0, 0, 0, 0, 0, 0, 2525, 4912, -11845, 0, 0, 0 ], [ 0, 0, 0, 0, 0, 0, -6089, -11845, 28564, 0, 0, 0 ], [ 0, 0, 0, 0, 0, 0, 0, 0, 0, 4, -12, 6 ], 
      [ 0, 0, 0, 0, 0, 0, 0, 0, 0, -12, 408, -153 ], [ 0, 0, 0, 0, 0, 0, 0, 0, 0, 6, -153, 58 ] ], [ [ 16, 43, -5, 0, 0, 0, 0, 0, 0, 0, 0, 0 ], [ 43, 118, -14, 0, 0, 0, 0, 0, 0, 0, 0, 0 ], 
      [ -5, -14, 2, 0, 0, 0, 0, 0, 0, 0, 0, 0 ], [ 0, 0, 0, 4, -3, 2, 0, 0, 0, 0, 0, 0 ], [ 0, 0, 0, -3, 4, 0, 0, 0, 0, 0, 0, 0 ], 
      [ 0, 0, 0, 2, 0, 4, 0, 0, 0, 0, 0, 0 ], [ 0, 0, 0, 0, 0, 0, 8, 19, -47, 0, 0, 0 ], [ 0, 0, 0, 0, 0, 0, 19, 46, -106, 0, 0, 0 ], [ 0, 0, 0, 0, 0, 0, -47, -106, 314, 0, 0, 0 ], 
      [ 0, 0, 0, 0, 0, 0, 0, 0, 0, 38, 584, -173 ], [ 0, 0, 0, 0, 0, 0, 0, 0, 0, 584, 8980, -2660 ], [ 0, 0, 0, 0, 0, 0, 0, 0, 0, -173, -2660, 788 ] ], 
  [ [ 140, -527, 126, 0, 0, 0, 0, 0, 0, 0, 0, 0 ], [ -527, 1984, -475, 0, 0, 0, 0, 0, 0, 0, 0, 0 ], [ 126, -475, 116, 0, 0, 0, 0, 0, 0, 0, 0, 0 ], [ 0, 0, 0, 460, 58, -1606, 0, 0, 0, 0, 0, 0 ], 
      [ 0, 0, 0, 58, 20, -199, 0, 0, 0, 0, 0, 0 ], [ 0, 0, 0, -1606, -199, 5608, 0, 0, 0, 0, 0, 0 ], [ 0, 0, 0, 0, 0, 0, 142, -5, -358, 0, 0, 0 ], 
      [ 0, 0, 0, 0, 0, 0, -5, 4, 2, 0, 0, 0 ], [ 0, 0, 0, 0, 0, 0, -358, 2, 932, 0, 0, 0 ], [ 0, 0, 0, 0, 0, 0, 0, 0, 0, 532, 278, -136 ], [ 0, 0, 0, 0, 0, 0, 0, 0, 0, 278, 152, -77 ], 
      [ 0, 0, 0, 0, 0, 0, 0, 0, 0, -136, -77, 40 ] ], [ [ 80, 9, -17, 0, 0, 0, 0, 0, 0, 0, 0, 0 ], [ 9, 26, -5, 0, 0, 0, 0, 0, 0, 0, 0, 0 ], 
      [ -17, -5, 4, 0, 0, 0, 0, 0, 0, 0, 0, 0 ], [ 0, 0, 0, 1544, -222, -357, 0, 0, 0, 0, 0, 0 ], [ 0, 0, 0, -222, 32, 51, 0, 0, 0, 0, 0, 0 ], [ 0, 0, 0, -357, 51, 84, 0, 0, 0, 0, 0, 0 ], 
      [ 0, 0, 0, 0, 0, 0, 3938, -15203, 2194, 0, 0, 0 ], [ 0, 0, 0, 0, 0, 0, -15203, 58696, -8460, 0, 0, 0 ], [ 0, 0, 0, 0, 0, 0, 2194, -8460, 1252, 0, 0, 0 ], 
      [ 0, 0, 0, 0, 0, 0, 0, 0, 0, 4, -35, -1 ], [ 0, 0, 0, 0, 0, 0, 0, 0, 0, -35, 352, -10 ], [ 0, 0, 0, 0, 0, 0, 0, 0, 0, -1, -10, 8 ] ], 
  [ [ 74, -91, -55, 0, 0, 0, 0, 0, 0, 0, 0, 0 ], [ -91, 117, 67, 0, 0, 0, 0, 0, 0, 0, 0, 0 ], 
      [ -55, 67, 41, 0, 0, 0, 0, 0, 0, 0, 0, 0 ], [ 0, 0, 0, 201, -127, 501, 0, 0, 0, 0, 0, 0 ], [ 0, 0, 0, -127, 82, -318, 0, 0, 0, 0, 0, 0 ], [ 0, 0, 0, 501, -318, 1250, 0, 0, 0, 0, 0, 0 ], 
      [ 0, 0, 0, 0, 0, 0, 57133, -166539, -7475, 0, 0, 0 ], [ 0, 0, 0, 0, 0, 0, -166539, 485453, 21789, 0, 0, 0 ], [ 0, 0, 0, 0, 0, 0, -7475, 21789, 978, 0, 0, 0 ], 
      [ 0, 0, 0, 0, 0, 0, 0, 0, 0, 2994, -995, -2345 ], [ 0, 0, 0, 0, 0, 0, 0, 0, 0, -995, 385, 764 ], [ 0, 0, 0, 0, 0, 0, 0, 0, 0, -2345, 764, 1841 ] ], 
  [ [ 209, 31, 572, 0, 0, 0, 0, 0, 0, 0, 0, 0 ], [ 31, 5, 86, 0, 0, 0, 0, 0, 0, 0, 0, 0 ], 
      [ 572, 86, 1569, 0, 0, 0, 0, 0, 0, 0, 0, 0 ], [ 0, 0, 0, 57, 6, -4, 0, 0, 0, 0, 0, 0 ], [ 0, 0, 0, 6, 5, -15, 0, 0, 0, 0, 0, 0 ], [ 0, 0, 0, -4, -15, 49, 0, 0, 0, 0, 0, 0 ], 
      [ 0, 0, 0, 0, 0, 0, 125, 818, -3999, 0, 0, 0 ], [ 0, 0, 0, 0, 0, 0, 818, 5369, -26230, 0, 0, 0 ], [ 0, 0, 0, 0, 0, 0, -3999, -26230, 128165, 0, 0, 0 ], 
      [ 0, 0, 0, 0, 0, 0, 0, 0, 0, 29, -7, 36 ], [ 0, 0, 0, 0, 0, 0, 0, 0, 0, -7, 5, -16 ], [ 0, 0, 0, 0, 0, 0, 0, 0, 0, 36, -16, 61 ] ], 
  [ [ 80, 24, -208, 0, 0, 0, 0, 0, 0, 0, 0, 0 ], [ 24, 18, -61, 0, 0, 0, 0, 0, 0, 0, 0, 0 ], 
      [ -208, -61, 541, 0, 0, 0, 0, 0, 0, 0, 0, 0 ], [ 0, 0, 0, 6578, -15177, 406, 0, 0, 0, 0, 0, 0 ], [ 0, 0, 0, -15177, 35017, -937, 0, 0, 0, 0, 0, 0 ], [ 0, 0, 0, 406, -937, 26, 0, 0, 0, 0, 0, 0 ]
        , [ 0, 0, 0, 0, 0, 0, 308, 432, -666, 0, 0, 0 ], [ 0, 0, 0, 0, 0, 0, 432, 609, -938, 0, 0, 0 ], [ 0, 0, 0, 0, 0, 0, -666, -938, 1445, 0, 0, 0 ], 
      [ 0, 0, 0, 0, 0, 0, 0, 0, 0, 5, -13, -29 ], [ 0, 0, 0, 0, 0, 0, 0, 0, 0, -13, 37, 77 ], [ 0, 0, 0, 0, 0, 0, 0, 0, 0, -29, 77, 170 ] ], 
  [ [ 30, 6, 51, 0, 0, 0, 0, 0, 0, 0, 0, 0 ], [ 6, 4, -2, 0, 0, 0, 0, 0, 0, 0, 0, 0 ], 
      [ 51, -2, 140, 0, 0, 0, 0, 0, 0, 0, 0, 0 ], [ 0, 0, 0, 20, 152, -40, 0, 0, 0, 0, 0, 0 ], [ 0, 0, 0, 152, 1156, -297, 0, 0, 0, 0, 0, 0 ], [ 0, 0, 0, -40, -297, 142, 0, 0, 0, 0, 0, 0 ], 
      [ 0, 0, 0, 0, 0, 0, 1766, -176, -723, 0, 0, 0 ], [ 0, 0, 0, 0, 0, 0, -176, 20, 72, 0, 0, 0 ], [ 0, 0, 0, 0, 0, 0, -723, 72, 296, 0, 0, 0 ], 
      [ 0, 0, 0, 0, 0, 0, 0, 0, 0, 4, 4, -22 ], [ 0, 0, 0, 0, 0, 0, 0, 0, 0, 4, 8, -45 ], [ 0, 0, 0, 0, 0, 0, 0, 0, 0, -22, -45, 254 ] ], 
  [ [ 3689, 3974, -768, 0, 0, 0, 0, 0, 0, 0, 0, 0 ], [ 3974, 4285, -828, 0, 0, 0, 0, 0, 0, 0, 0, 0 ], [ -768, -828, 160, 0, 0, 0, 0, 0, 0, 0, 0, 0 ], 
      [ 0, 0, 0, 56, -50, -14, 0, 0, 0, 0, 0, 0 ], [ 0, 0, 0, -50, 53, 16, 0, 0, 0, 0, 0, 0 ], [ 0, 0, 0, -14, 16, 5, 0, 0, 0, 0, 0, 0 ], [ 0, 0, 0, 0, 0, 0, 49, 198, -18, 0, 0, 0 ], 
      [ 0, 0, 0, 0, 0, 0, 198, 820, -84, 0, 0, 0 ], [ 0, 0, 0, 0, 0, 0, -18, -84, 13, 0, 0, 0 ], [ 0, 0, 0, 0, 0, 0, 0, 0, 0, 201, 339, -257 ], 
      [ 0, 0, 0, 0, 0, 0, 0, 0, 0, 339, 578, -435 ], [ 0, 0, 0, 0, 0, 0, 0, 0, 0, -257, -435, 329 ] ], [ [ 120, 63, -48, 0, 0, 0, 0, 0, 0, 0, 0, 0 ], [ 63, 34, -26, 0, 0, 0, 0, 0, 0, 0, 0, 0 ], 
      [ -48, -26, 20, 0, 0, 0, 0, 0, 0, 0, 0, 0 ], [ 0, 0, 0, 478, -2465, 1286, 0, 0, 0, 0, 0, 0 ], [ 0, 0, 0, -2465, 12740, -6634, 0, 0, 0, 0, 0, 0 ], 
      [ 0, 0, 0, 1286, -6634, 3460, 0, 0, 0, 0, 0, 0 ], [ 0, 0, 0, 0, 0, 0, 9872, -7419, -3007, 0, 0, 0 ], [ 0, 0, 0, 0, 0, 0, -7419, 5576, 2260, 0, 0, 0 ], 
      [ 0, 0, 0, 0, 0, 0, -3007, 2260, 916, 0, 0, 0 ], [ 0, 0, 0, 0, 0, 0, 0, 0, 0, 676, -930, 956 ], [ 0, 0, 0, 0, 0, 0, 0, 0, 0, -930, 1282, -1315 ], 
      [ 0, 0, 0, 0, 0, 0, 0, 0, 0, 956, -1315, 1352 ] ], [ [ 152, 117, -66, 0, 0, 0, 0, 0, 0, 0, 0, 0 ], [ 117, 266, -134, 0, 0, 0, 0, 0, 0, 0, 0, 0 ], [ -66, -134, 68, 0, 0, 0, 0, 0, 0, 0, 0, 0 ], 
      [ 0, 0, 0, 2548, -6986, -5580, 0, 0, 0, 0, 0, 0 ], [ 0, 0, 0, -6986, 19154, 15299, 0, 0, 0, 0, 0, 0 ], [ 0, 0, 0, -5580, 15299, 12220, 0, 0, 0, 0, 0, 0 ], 
      [ 0, 0, 0, 0, 0, 0, 4, -5, 17, 0, 0, 0 ], [ 0, 0, 0, 0, 0, 0, -5, 8, -11, 0, 0, 0 ], [ 0, 0, 0, 0, 0, 0, 17, -11, 134, 0, 0, 0 ], [ 0, 0, 0, 0, 0, 0, 0, 0, 0, 572, 40, -253 ], 
      [ 0, 0, 0, 0, 0, 0, 0, 0, 0, 40, 4, -18 ], [ 0, 0, 0, 0, 0, 0, 0, 0, 0, -253, -18, 112 ] ], [ [ 8, 23, 7, 0, 0, 0, 0, 0, 0, 0, 0, 0 ], 
      [ 23, 76, 16, 0, 0, 0, 0, 0, 0, 0, 0, 0 ], [ 7, 16, 8, 0, 0, 0, 0, 0, 0, 0, 0, 0 ], [ 0, 0, 0, 416, 201, -26, 0, 0, 0, 0, 0, 0 ], [ 0, 0, 0, 201, 98, -14, 0, 0, 0, 0, 0, 0 ], 
      [ 0, 0, 0, -26, -14, 4, 0, 0, 0, 0, 0, 0 ], [ 0, 0, 0, 0, 0, 0, 93880, -45841, 10254, 0, 0, 0 ], [ 0, 0, 0, 0, 0, 0, -45841, 22384, -5007, 0, 0, 0 ], 
      [ 0, 0, 0, 0, 0, 0, 10254, -5007, 1120, 0, 0, 0 ], [ 0, 0, 0, 0, 0, 0, 0, 0, 0, 1722, -615, 342 ], [ 0, 0, 0, 0, 0, 0, 0, 0, 0, -615, 220, -122 ], [ 0, 0, 0, 0, 0, 0, 0, 0, 0, 342, -122, 68 ] ]
    , [ [ 212, 874, -318, 0, 0, 0, 0, 0, 0, 0, 0, 0 ], [ 874, 3616, -1319, 0, 0, 0, 0, 0, 0, 0, 0, 0 ], [ -318, -1319, 482, 0, 0, 0, 0, 0, 0, 0, 0, 0 ], 
      [ 0, 0, 0, 668, -159, 9, 0, 0, 0, 0, 0, 0 ], [ 0, 0, 0, -159, 38, 0, 0, 0, 0, 0, 0, 0 ], [ 0, 0, 0, 9, 0, 30, 0, 0, 0, 0, 0, 0 ], [ 0, 0, 0, 0, 0, 0, 148, -163, -24, 0, 0, 0 ], 
      [ 0, 0, 0, 0, 0, 0, -163, 182, 26, 0, 0, 0 ], [ 0, 0, 0, 0, 0, 0, -24, 26, 4, 0, 0, 0 ], [ 0, 0, 0, 0, 0, 0, 0, 0, 0, 934, -1332, -2559 ], 
      [ 0, 0, 0, 0, 0, 0, 0, 0, 0, -1332, 1900, 3650 ], [ 0, 0, 0, 0, 0, 0, 0, 0, 0, -2559, 3650, 7012 ] ], 
  [ [ 84, -1148, 270, 0, 0, 0, 0, 0, 0, 0, 0, 0 ], [ -1148, 15693, -3692, 0, 0, 0, 0, 0, 0, 0, 0, 0 ], [ 270, -3692, 869, 0, 0, 0, 0, 0, 0, 0, 0, 0 ], 
      [ 0, 0, 0, 5, -34, 29, 0, 0, 0, 0, 0, 0 ], [ 0, 0, 0, -34, 233, -201, 0, 0, 0, 0, 0, 0 ], [ 0, 0, 0, 29, -201, 178, 0, 0, 0, 0, 0, 0 ], [ 0, 0, 0, 0, 0, 0, 522, -22, -1397, 0, 0, 0 ], 
      [ 0, 0, 0, 0, 0, 0, -22, 4, 28, 0, 0, 0 ], [ 0, 0, 0, 0, 0, 0, -1397, 28, 4049, 0, 0, 0 ], [ 0, 0, 0, 0, 0, 0, 0, 0, 0, 621, 805, -2043 ], 
      [ 0, 0, 0, 0, 0, 0, 0, 0, 0, 805, 1057, -2645 ], [ 0, 0, 0, 0, 0, 0, 0, 0, 0, -2043, -2645, 6722 ] ], [ [ 122, -19, 90, 0, 0, 0, 0, 0, 0, 0, 0, 0 ], [ -19, 5, -20, 0, 0, 0, 0, 0, 0, 0, 0, 0 ], 
      [ 90, -20, 84, 0, 0, 0, 0, 0, 0, 0, 0, 0 ], [ 0, 0, 0, 90, 21, 2, 0, 0, 0, 0, 0, 0 ], [ 0, 0, 0, 21, 5, 0, 0, 0, 0, 0, 0, 0 ], 
      [ 0, 0, 0, 2, 0, 4, 0, 0, 0, 0, 0, 0 ], [ 0, 0, 0, 0, 0, 0, 277, -166, 1193, 0, 0, 0 ], [ 0, 0, 0, 0, 0, 0, -166, 105, -728, 0, 0, 0 ], [ 0, 0, 0, 0, 0, 0, 1193, -728, 5169, 0, 0, 0 ], 
      [ 0, 0, 0, 0, 0, 0, 0, 0, 0, 5529, 12649, -831 ], [ 0, 0, 0, 0, 0, 0, 0, 0, 0, 12649, 28938, -1901 ], [ 0, 0, 0, 0, 0, 0, 0, 0, 0, -831, -1901, 125 ] ], 
  [ [ 256, -381, 863, 0, 0, 0, 0, 0, 0, 0, 0, 0 ], [ -381, 568, -1286, 0, 0, 0, 0, 0, 0, 0, 0, 0 ], [ 863, -1286, 2912, 0, 0, 0, 0, 0, 0, 0, 0, 0 ], [ 0, 0, 0, 42410, -13413, 42349, 0, 0, 0, 0, 0, 0 
         ], [ 0, 0, 0, -13413, 4244, -13391, 0, 0, 0, 0, 0, 0 ], [ 0, 0, 0, 42349, -13391, 42292, 0, 0, 0, 0, 0, 0 ], [ 0, 0, 0, 0, 0, 0, 508, -188, 246, 0, 0, 0 ], 
      [ 0, 0, 0, 0, 0, 0, -188, 74, -93, 0, 0, 0 ], [ 0, 0, 0, 0, 0, 0, 246, -93, 120, 0, 0, 0 ], [ 0, 0, 0, 0, 0, 0, 0, 0, 0, 8, 17, -4 ], [ 0, 0, 0, 0, 0, 0, 0, 0, 0, 17, 52, -14 ], 
      [ 0, 0, 0, 0, 0, 0, 0, 0, 0, -4, -14, 4 ] ], [ [ 209, -1579, 510, 0, 0, 0, 0, 0, 0, 0, 0, 0 ], [ -1579, 11938, -3851, 0, 0, 0, 0, 0, 0, 0, 0, 0 ], 
      [ 510, -3851, 1245, 0, 0, 0, 0, 0, 0, 0, 0, 0 ], [ 0, 0, 0, 41, -11, 11, 0, 0, 0, 0, 0, 0 ], [ 0, 0, 0, -11, 34, 5, 0, 0, 0, 0, 0, 0 ], [ 0, 0, 0, 11, 5, 5, 0, 0, 0, 0, 0, 0 ], 
      [ 0, 0, 0, 0, 0, 0, 89, -21, 13, 0, 0, 0 ], [ 0, 0, 0, 0, 0, 0, -21, 26, 5, 0, 0, 0 ], [ 0, 0, 0, 0, 0, 0, 13, 5, 5, 0, 0, 0 ], 
      [ 0, 0, 0, 0, 0, 0, 0, 0, 0, 141, -26, -16 ], [ 0, 0, 0, 0, 0, 0, 0, 0, 0, -26, 20, -4 ], [ 0, 0, 0, 0, 0, 0, 0, 0, 0, -16, -4, 5 ] ], 
  [ [ 141, 59, 58, 0, 0, 0, 0, 0, 0, 0, 0, 0 ], [ 59, 26, 24, 0, 0, 0, 0, 0, 0, 0, 0, 0 ], [ 58, 24, 24, 0, 0, 0, 0, 0, 0, 0, 0, 0 ], 
      [ 0, 0, 0, 29, -33, 19, 0, 0, 0, 0, 0, 0 ], [ 0, 0, 0, -33, 42, -23, 0, 0, 0, 0, 0, 0 ], [ 0, 0, 0, 19, -23, 13, 0, 0, 0, 0, 0, 0 ], [ 0, 0, 0, 0, 0, 0, 3289, 1058, -11274, 0, 0, 0 ], 
      [ 0, 0, 0, 0, 0, 0, 1058, 344, -3626, 0, 0, 0 ], [ 0, 0, 0, 0, 0, 0, -11274, -3626, 38645, 0, 0, 0 ], [ 0, 0, 0, 0, 0, 0, 0, 0, 0, 154, -52, 179 ], 
      [ 0, 0, 0, 0, 0, 0, 0, 0, 0, -52, 18, -61 ], [ 0, 0, 0, 0, 0, 0, 0, 0, 0, 179, -61, 209 ] ], [ [ 5, 2, -19, 0, 0, 0, 0, 0, 0, 0, 0, 0 ], [ 2, 4, -22, 0, 0, 0, 0, 0, 0, 0, 0, 0 ], 
      [ -19, -22, 138, 0, 0, 0, 0, 0, 0, 0, 0, 0 ], [ 0, 0, 0, 32, 156, -48, 0, 0, 0, 0, 0, 0 ], [ 0, 0, 0, 156, 1034, -329, 0, 0, 0, 0, 0, 0 ], 
      [ 0, 0, 0, -48, -329, 105, 0, 0, 0, 0, 0, 0 ], [ 0, 0, 0, 0, 0, 0, 89, -34, 13, 0, 0, 0 ], [ 0, 0, 0, 0, 0, 0, -34, 21, 0, 0, 0, 0 ], [ 0, 0, 0, 0, 0, 0, 13, 0, 5, 0, 0, 0 ], 
      [ 0, 0, 0, 0, 0, 0, 0, 0, 0, 13, 4, 7 ], [ 0, 0, 0, 0, 0, 0, 0, 0, 0, 4, 5, 4 ], [ 0, 0, 0, 0, 0, 0, 0, 0, 0, 7, 4, 5 ] ], 
  [ [ 20, 7, -128, 0, 0, 0, 0, 0, 0, 0, 0, 0 ], [ 7, 4, -44, 0, 0, 0, 0, 0, 0, 0, 0, 0 ], [ -128, -44, 820, 0, 0, 0, 0, 0, 0, 0, 0, 0 ], [ 0, 0, 0, 4, -49, 15, 0, 0, 0, 0, 0, 0 ], 
      [ 0, 0, 0, -49, 1136, -347, 0, 0, 0, 0, 0, 0 ], [ 0, 0, 0, 15, -347, 106, 0, 0, 0, 0, 0, 0 ], [ 0, 0, 0, 0, 0, 0, 9016, 3997, 424, 0, 0, 0 ], 
      [ 0, 0, 0, 0, 0, 0, 3997, 1772, 188, 0, 0, 0 ], [ 0, 0, 0, 0, 0, 0, 424, 188, 20, 0, 0, 0 ], [ 0, 0, 0, 0, 0, 0, 0, 0, 0, 500, 170, -214 ], [ 0, 0, 0, 0, 0, 0, 0, 0, 0, 170, 58, -73 ], 
      [ 0, 0, 0, 0, 0, 0, 0, 0, 0, -214, -73, 92 ] ], [ [ 257, -137, -28, 0, 0, 0, 0, 0, 0, 0, 0, 0 ], [ -137, 74, 14, 0, 0, 0, 0, 0, 0, 0, 0, 0 ], 
      [ -28, 14, 4, 0, 0, 0, 0, 0, 0, 0, 0, 0 ], [ 0, 0, 0, 8777, -164, -24285, 0, 0, 0, 0, 0, 0 ], [ 0, 0, 0, -164, 4, 454, 0, 0, 0, 0, 0, 0 ], [ 0, 0, 0, -24285, 454, 67194, 0, 0, 0, 0, 0, 0 ], 
      [ 0, 0, 0, 0, 0, 0, 1405, -212, -106, 0, 0, 0 ], [ 0, 0, 0, 0, 0, 0, -212, 32, 16, 0, 0, 0 ], [ 0, 0, 0, 0, 0, 0, -106, 16, 9, 0, 0, 0 ], 
      [ 0, 0, 0, 0, 0, 0, 0, 0, 0, 114, -174, -143 ], [ 0, 0, 0, 0, 0, 0, 0, 0, 0, -174, 266, 219 ], [ 0, 0, 0, 0, 0, 0, 0, 0, 0, -143, 219, 181 ] ], 
  [ [ 5441, -1082, -18294, 0, 0, 0, 0, 0, 0, 0, 0, 0 ], [ -1082, 216, 3638, 0, 0, 0, 0, 0, 0, 0, 0, 0 ], [ -18294, 3638, 61509, 0, 0, 0, 0, 0, 0, 0, 0, 0 ], 
      [ 0, 0, 0, 157, -192, 79, 0, 0, 0, 0, 0, 0 ], [ 0, 0, 0, -192, 253, -103, 0, 0, 0, 0, 0, 0 ], [ 0, 0, 0, 79, -103, 42, 0, 0, 0, 0, 0, 0 ], [ 0, 0, 0, 0, 0, 0, 41, 220, 148, 0, 0, 0 ], 
      [ 0, 0, 0, 0, 0, 0, 220, 2161, 1428, 0, 0, 0 ], [ 0, 0, 0, 0, 0, 0, 148, 1428, 944, 0, 0, 0 ], [ 0, 0, 0, 0, 0, 0, 0, 0, 0, 4, 2, 0 ], 
      [ 0, 0, 0, 0, 0, 0, 0, 0, 0, 2, 5, -4 ], [ 0, 0, 0, 0, 0, 0, 0, 0, 0, 0, -4, 5 ] ], [ [ 1064, -197, 53, 0, 0, 0, 0, 0, 0, 0, 0, 0 ], [ -197, 40, -12, 0, 0, 0, 0, 0, 0, 0, 0, 0 ], 
      [ 53, -12, 4, 0, 0, 0, 0, 0, 0, 0, 0, 0 ], [ 0, 0, 0, 28, -5, -9, 0, 0, 0, 0, 0, 0 ], [ 0, 0, 0, -5, 182, -39, 0, 0, 0, 0, 0, 0 ], 
      [ 0, 0, 0, -9, -39, 12, 0, 0, 0, 0, 0, 0 ], [ 0, 0, 0, 0, 0, 0, 64, -66, 171, 0, 0, 0 ], [ 0, 0, 0, 0, 0, 0, -66, 76, -198, 0, 0, 0 ], [ 0, 0, 0, 0, 0, 0, 171, -198, 516, 0, 0, 0 ], 
      [ 0, 0, 0, 0, 0, 0, 0, 0, 0, 532, -142, -6 ], [ 0, 0, 0, 0, 0, 0, 0, 0, 0, -142, 38, 1 ], [ 0, 0, 0, 0, 0, 0, 0, 0, 0, -6, 1, 4 ] ], 
  [ [ 315, 2479, 591, 0, 0, 0, 0, 0, 0, 0, 0, 0 ], [ 2479, 19594, 4672, 0, 0, 0, 0, 0, 0, 0, 0, 0 ], [ 591, 4672, 1114, 0, 0, 0, 0, 0, 0, 0, 0, 0 ], [ 0, 0, 0, 24, 88, -28, 0, 0, 0, 0, 0, 0 ], 
      [ 0, 0, 0, 88, 519, -161, 0, 0, 0, 0, 0, 0 ], [ 0, 0, 0, -28, -161, 50, 0, 0, 0, 0, 0, 0 ], [ 0, 0, 0, 0, 0, 0, 628, -462, 20, 0, 0, 0 ], 
      [ 0, 0, 0, 0, 0, 0, -462, 343, -12, 0, 0, 0 ], [ 0, 0, 0, 0, 0, 0, 20, -12, 3, 0, 0, 0 ], [ 0, 0, 0, 0, 0, 0, 0, 0, 0, 1304, -312, -76 ], [ 0, 0, 0, 0, 0, 0, 0, 0, 0, -312, 115, 8 ], 
      [ 0, 0, 0, 0, 0, 0, 0, 0, 0, -76, 8, 7 ] ], [ [ 4, -36, 3, 0, 0, 0, 0, 0, 0, 0, 0, 0 ], [ -36, 436, -74, 0, 0, 0, 0, 0, 0, 0, 0, 0 ], 
      [ 3, -74, 22, 0, 0, 0, 0, 0, 0, 0, 0, 0 ], [ 0, 0, 0, 32, -37, -3, 0, 0, 0, 0, 0, 0 ], [ 0, 0, 0, -37, 52, -10, 0, 0, 0, 0, 0, 0 ], [ 0, 0, 0, -3, -10, 20, 0, 0, 0, 0, 0, 0 ], 
      [ 0, 0, 0, 0, 0, 0, 11638, -7210, -26281, 0, 0, 0 ], [ 0, 0, 0, 0, 0, 0, -7210, 4468, 16282, 0, 0, 0 ], [ 0, 0, 0, 0, 0, 0, -26281, 16282, 59348, 0, 0, 0 ], 
      [ 0, 0, 0, 0, 0, 0, 0, 0, 0, 2136, -1554, 5451 ], [ 0, 0, 0, 0, 0, 0, 0, 0, 0, -1554, 1148, -4036 ], [ 0, 0, 0, 0, 0, 0, 0, 0, 0, 5451, -4036, 14194 ] ], 
  [ [ 184934, -66577, 2167, 0, 0, 0, 0, 0, 0, 0, 0, 0 ], [ -66577, 23968, -780, 0, 0, 0, 0, 0, 0, 0, 0, 0 ], [ 2167, -780, 28, 0, 0, 0, 0, 0, 0, 0, 0, 0 ], 
      [ 0, 0, 0, 5308, 439, -317, 0, 0, 0, 0, 0, 0 ], [ 0, 0, 0, 439, 46, -23, 0, 0, 0, 0, 0, 0 ], [ 0, 0, 0, -317, -23, 20, 0, 0, 0, 0, 0, 0 ], [ 0, 0, 0, 0, 0, 0, 58, 127, 159, 0, 0, 0 ], 
      [ 0, 0, 0, 0, 0, 0, 127, 280, 348, 0, 0, 0 ], [ 0, 0, 0, 0, 0, 0, 159, 348, 436, 0, 0, 0 ], [ 0, 0, 0, 0, 0, 0, 0, 0, 0, 296, -105, 161 ], 
      [ 0, 0, 0, 0, 0, 0, 0, 0, 0, -105, 56, -48 ], [ 0, 0, 0, 0, 0, 0, 0, 0, 0, 161, -48, 92 ] ], [ [ 28, 4, -30, 0, 0, 0, 0, 0, 0, 0, 0, 0 ], [ 4, 2, -11, 0, 0, 0, 0, 0, 0, 0, 0, 0 ], 
      [ -30, -11, 64, 0, 0, 0, 0, 0, 0, 0, 0, 0 ], [ 0, 0, 0, 571576, -180112, -1669925, 0, 0, 0, 0, 0, 0 ], [ 0, 0, 0, -180112, 56756, 526218, 0, 0, 0, 0, 0, 0 ], 
      [ 0, 0, 0, -1669925, 526218, 4878878, 0, 0, 0, 0, 0, 0 ], [ 0, 0, 0, 0, 0, 0, 212, 28, 240, 0, 0, 0 ], [ 0, 0, 0, 0, 0, 0, 28, 4, 29, 0, 0, 0 ], 
      [ 0, 0, 0, 0, 0, 0, 240, 29, 296, 0, 0, 0 ], [ 0, 0, 0, 0, 0, 0, 0, 0, 0, 14772, 147, -9342 ], [ 0, 0, 0, 0, 0, 0, 0, 0, 0, 147, 4, -93 ], [ 0, 0, 0, 0, 0, 0, 0, 0, 0, -9342, -93, 5908 ] ], 
  [ [ 56, -92, 22, 0, 0, 0, 0, 0, 0, 0, 0, 0 ], [ -92, 154, -37, 0, 0, 0, 0, 0, 0, 0, 0, 0 ], [ 22, -37, 9, 0, 0, 0, 0, 0, 0, 0, 0, 0 ], 
      [ 0, 0, 0, 56, -14, 134, 0, 0, 0, 0, 0, 0 ], [ 0, 0, 0, -14, 5, -34, 0, 0, 0, 0, 0, 0 ], [ 0, 0, 0, 134, -34, 321, 0, 0, 0, 0, 0, 0 ], [ 0, 0, 0, 0, 0, 0, 202, -45, 252, 0, 0, 0 ], 
      [ 0, 0, 0, 0, 0, 0, -45, 13, -69, 0, 0, 0 ], [ 0, 0, 0, 0, 0, 0, 252, -69, 370, 0, 0, 0 ], [ 0, 0, 0, 0, 0, 0, 0, 0, 0, 29, 322, -130 ], 
      [ 0, 0, 0, 0, 0, 0, 0, 0, 0, 322, 3601, -1451 ], [ 0, 0, 0, 0, 0, 0, 0, 0, 0, -130, -1451, 585 ] ], [ [ 13, 2, -3, 0, 0, 0, 0, 0, 0, 0, 0, 0 ], [ 2, 17, -5, 0, 0, 0, 0, 0, 0, 0, 0, 0 ], 
      [ -3, -5, 2, 0, 0, 0, 0, 0, 0, 0, 0, 0 ], [ 0, 0, 0, 21, -34, 5, 0, 0, 0, 0, 0, 0 ], [ 0, 0, 0, -34, 57, -9, 0, 0, 0, 0, 0, 0 ], 
      [ 0, 0, 0, 5, -9, 2, 0, 0, 0, 0, 0, 0 ], [ 0, 0, 0, 0, 0, 0, 9, 12, -4, 0, 0, 0 ], [ 0, 0, 0, 0, 0, 0, 12, 17, -6, 0, 0, 0 ], [ 0, 0, 0, 0, 0, 0, -4, -6, 4, 0, 0, 0 ], 
      [ 0, 0, 0, 0, 0, 0, 0, 0, 0, 74, 727, -955 ], [ 0, 0, 0, 0, 0, 0, 0, 0, 0, 727, 7145, -9388 ], [ 0, 0, 0, 0, 0, 0, 0, 0, 0, -955, -9388, 12337 ] ], 
  [ [ 40, 81, 28, 0, 0, 0, 0, 0, 0, 0, 0, 0 ], [ 81, 172, 55, 0, 0, 0, 0, 0, 0, 0, 0, 0 ], [ 28, 55, 20, 0, 0, 0, 0, 0, 0, 0, 0, 0 ], [ 0, 0, 0, 368, -22, 143, 0, 0, 0, 0, 0, 0 ], 
      [ 0, 0, 0, -22, 4, -6, 0, 0, 0, 0, 0, 0 ], [ 0, 0, 0, 143, -6, 58, 0, 0, 0, 0, 0, 0 ], [ 0, 0, 0, 0, 0, 0, 4, 11, -25, 0, 0, 0 ], 
      [ 0, 0, 0, 0, 0, 0, 11, 32, -72, 0, 0, 0 ], [ 0, 0, 0, 0, 0, 0, -25, -72, 164, 0, 0, 0 ], [ 0, 0, 0, 0, 0, 0, 0, 0, 0, 4, -1, -10 ], [ 0, 0, 0, 0, 0, 0, 0, 0, 0, -1, 2, -3 ], 
      [ 0, 0, 0, 0, 0, 0, 0, 0, 0, -10, -3, 44 ] ], [ [ 1516, 2447, -758, 0, 0, 0, 0, 0, 0, 0, 0, 0 ], [ 2447, 3962, -1227, 0, 0, 0, 0, 0, 0, 0, 0, 0 ], 
      [ -758, -1227, 380, 0, 0, 0, 0, 0, 0, 0, 0, 0 ], [ 0, 0, 0, 6296, 1901, -19486, 0, 0, 0, 0, 0, 0 ], [ 0, 0, 0, 1901, 574, -5883, 0, 0, 0, 0, 0, 0 ], 
      [ 0, 0, 0, -19486, -5883, 60328, 0, 0, 0, 0, 0, 0 ], [ 0, 0, 0, 0, 0, 0, 2924, 2658, -1164, 0, 0, 0 ], [ 0, 0, 0, 0, 0, 0, 2658, 2780, -1009, 0, 0, 0 ], 
      [ 0, 0, 0, 0, 0, 0, -1164, -1009, 470, 0, 0, 0 ], [ 0, 0, 0, 0, 0, 0, 0, 0, 0, 436, 746, -264 ], [ 0, 0, 0, 0, 0, 0, 0, 0, 0, 746, 1288, -453 ], [ 0, 0, 0, 0, 0, 0, 0, 0, 0, -264, -453, 160 ] ]
    , [ [ 90, -69, 53, 0, 0, 0, 0, 0, 0, 0, 0, 0 ], [ -69, 53, -40, 0, 0, 0, 0, 0, 0, 0, 0, 0 ], [ 53, -40, 37, 0, 0, 0, 0, 0, 0, 0, 0, 0 ], 
      [ 0, 0, 0, 74, 129, -250, 0, 0, 0, 0, 0, 0 ], [ 0, 0, 0, 129, 225, -437, 0, 0, 0, 0, 0, 0 ], [ 0, 0, 0, -250, -437, 858, 0, 0, 0, 0, 0, 0 ], [ 0, 0, 0, 0, 0, 0, 17, 301, -125, 0, 0, 0 ], 
      [ 0, 0, 0, 0, 0, 0, 301, 5482, -2271, 0, 0, 0 ], [ 0, 0, 0, 0, 0, 0, -125, -2271, 941, 0, 0, 0 ], [ 0, 0, 0, 0, 0, 0, 0, 0, 0, 261, -189, 398 ], 
      [ 0, 0, 0, 0, 0, 0, 0, 0, 0, -189, 149, -306 ], [ 0, 0, 0, 0, 0, 0, 0, 0, 0, 398, -306, 633 ] ], [ [ 2989, -991, -116, 0, 0, 0, 0, 0, 0, 0, 0, 0 ], [ -991, 329, 38, 0, 0, 0, 0, 0, 0, 0, 0, 0 ],
      [ -116, 38, 5, 0, 0, 0, 0, 0, 0, 0, 0, 0 ], [ 0, 0, 0, 29, 10, -49, 0, 0, 0, 0, 0, 0 ], [ 0, 0, 0, 10, 4, -10, 0, 0, 0, 0, 0, 0 ], 
      [ 0, 0, 0, -49, -10, 170, 0, 0, 0, 0, 0, 0 ], [ 0, 0, 0, 0, 0, 0, 1026, -321, -128, 0, 0, 0 ], [ 0, 0, 0, 0, 0, 0, -321, 101, 40, 0, 0, 0 ], [ 0, 0, 0, 0, 0, 0, -128, 40, 16, 0, 0, 0 ], 
      [ 0, 0, 0, 0, 0, 0, 0, 0, 0, 645, 520, -807 ], [ 0, 0, 0, 0, 0, 0, 0, 0, 0, 520, 461, -647 ], [ 0, 0, 0, 0, 0, 0, 0, 0, 0, -807, -647, 1010 ] ], 
  [ [ 14756, -801, -5732, 0, 0, 0, 0, 0, 0, 0, 0, 0 ], [ -801, 44, 312, 0, 0, 0, 0, 0, 0, 0, 0, 0 ], [ -5732, 312, 2228, 0, 0, 0, 0, 0, 0, 0, 0, 0 ], [ 0, 0, 0, 124, 226, -1145, 0, 0, 0, 0, 0, 0 ], 
      [ 0, 0, 0, 226, 412, -2087, 0, 0, 0, 0, 0, 0 ], [ 0, 0, 0, -1145, -2087, 10574, 0, 0, 0, 0, 0, 0 ], [ 0, 0, 0, 0, 0, 0, 16, 141, 42, 0, 0, 0 ], 
      [ 0, 0, 0, 0, 0, 0, 141, 1288, 379, 0, 0, 0 ], [ 0, 0, 0, 0, 0, 0, 42, 379, 112, 0, 0, 0 ], [ 0, 0, 0, 0, 0, 0, 0, 0, 0, 2714, 2227, -5172 ], [ 0, 0, 0, 0, 0, 0, 0, 0, 0, 2227, 1828, -4245 ], 
      [ 0, 0, 0, 0, 0, 0, 0, 0, 0, -5172, -4245, 9858 ] ], [ [ 27, -80, 8, 0, 0, 0, 0, 0, 0, 0, 0, 0 ], [ -80, 260, -34, 0, 0, 0, 0, 0, 0, 0, 0, 0 ], 
      [ 8, -34, 7, 0, 0, 0, 0, 0, 0, 0, 0, 0 ], [ 0, 0, 0, 1402, -267, -1943, 0, 0, 0, 0, 0, 0 ], [ 0, 0, 0, -267, 51, 371, 0, 0, 0, 0, 0, 0 ], [ 0, 0, 0, -1943, 371, 2699, 0, 0, 0, 0, 0, 0 ], 
      [ 0, 0, 0, 0, 0, 0, 315, -83, -16, 0, 0, 0 ], [ 0, 0, 0, 0, 0, 0, -83, 34, -2, 0, 0, 0 ], [ 0, 0, 0, 0, 0, 0, -16, -2, 4, 0, 0, 0 ], 
      [ 0, 0, 0, 0, 0, 0, 0, 0, 0, 168772, -29116, 8486 ], [ 0, 0, 0, 0, 0, 0, 0, 0, 0, -29116, 5023, -1464 ], [ 0, 0, 0, 0, 0, 0, 0, 0, 0, 8486, -1464, 427 ] ], 
  [ [ 84, -18, -240, 0, 0, 0, 0, 0, 0, 0, 0, 0 ], [ -18, 4, 51, 0, 0, 0, 0, 0, 0, 0, 0, 0 ], [ -240, 51, 688, 0, 0, 0, 0, 0, 0, 0, 0, 0 ], 
      [ 0, 0, 0, 74, -17, -67, 0, 0, 0, 0, 0, 0 ], [ 0, 0, 0, -17, 4, 15, 0, 0, 0, 0, 0, 0 ], [ 0, 0, 0, -67, 15, 64, 0, 0, 0, 0, 0, 0 ], [ 0, 0, 0, 0, 0, 0, 436, -451, -152, 0, 0, 0 ], 
      [ 0, 0, 0, 0, 0, 0, -451, 470, 150, 0, 0, 0 ], [ 0, 0, 0, 0, 0, 0, -152, 150, 68, 0, 0, 0 ], [ 0, 0, 0, 0, 0, 0, 0, 0, 0, 5032, 1077, -2142 ], 
      [ 0, 0, 0, 0, 0, 0, 0, 0, 0, 1077, 232, -459 ], [ 0, 0, 0, 0, 0, 0, 0, 0, 0, -2142, -459, 912 ] ], [ [ 2089, 292, -685, 0, 0, 0, 0, 0, 0, 0, 0, 0 ], [ 292, 41, -96, 0, 0, 0, 0, 0, 0, 0, 0, 0 ],
      [ -685, -96, 225, 0, 0, 0, 0, 0, 0, 0, 0, 0 ], [ 0, 0, 0, 105, 18, -94, 0, 0, 0, 0, 0, 0 ], [ 0, 0, 0, 18, 5, -23, 0, 0, 0, 0, 0, 0 ], 
      [ 0, 0, 0, -94, -23, 109, 0, 0, 0, 0, 0, 0 ], [ 0, 0, 0, 0, 0, 0, 74, -60, 25, 0, 0, 0 ], [ 0, 0, 0, 0, 0, 0, -60, 120, -14, 0, 0, 0 ], [ 0, 0, 0, 0, 0, 0, 25, -14, 9, 0, 0, 0 ], 
      [ 0, 0, 0, 0, 0, 0, 0, 0, 0, 5, 18, -8 ], [ 0, 0, 0, 0, 0, 0, 0, 0, 0, 18, 201, -8 ], [ 0, 0, 0, 0, 0, 0, 0, 0, 0, -8, -8, 16 ] ], 
  [ [ 2026, -533, -571, 0, 0, 0, 0, 0, 0, 0, 0, 0 ], [ -533, 141, 150, 0, 0, 0, 0, 0, 0, 0, 0, 0 ], [ -571, 150, 161, 0, 0, 0, 0, 0, 0, 0, 0, 0 ], [ 0, 0, 0, 1481, -3753, 288, 0, 0, 0, 0, 0, 0 ], 
      [ 0, 0, 0, -3753, 9513, -740, 0, 0, 0, 0, 0, 0 ], [ 0, 0, 0, 288, -740, 97, 0, 0, 0, 0, 0, 0 ], [ 0, 0, 0, 0, 0, 0, 29, 46, -10, 0, 0, 0 ], 
      [ 0, 0, 0, 0, 0, 0, 46, 105, -20, 0, 0, 0 ], [ 0, 0, 0, 0, 0, 0, -10, -20, 4, 0, 0, 0 ], [ 0, 0, 0, 0, 0, 0, 0, 0, 0, 34, 89, -47 ], [ 0, 0, 0, 0, 0, 0, 0, 0, 0, 89, 237, -127 ], 
      [ 0, 0, 0, 0, 0, 0, 0, 0, 0, -47, -127, 69 ] ], [ [ 308, 955, -2800, 0, 0, 0, 0, 0, 0, 0, 0, 0 ], [ 955, 2962, -8684, 0, 0, 0, 0, 0, 0, 0, 0, 0 ], 
      [ -2800, -8684, 25460, 0, 0, 0, 0, 0, 0, 0, 0, 0 ], [ 0, 0, 0, 1128, 168, -213, 0, 0, 0, 0, 0, 0 ], [ 0, 0, 0, 168, 28, -39, 0, 0, 0, 0, 0, 0 ], [ 0, 0, 0, -213, -39, 58, 0, 0, 0, 0, 0, 0 ], 
      [ 0, 0, 0, 0, 0, 0, 58, -458, -165, 0, 0, 0 ], [ 0, 0, 0, 0, 0, 0, -458, 3620, 1300, 0, 0, 0 ], [ 0, 0, 0, 0, 0, 0, -165, 1300, 472, 0, 0, 0 ], 
      [ 0, 0, 0, 0, 0, 0, 0, 0, 0, 532, -571, -2250 ], [ 0, 0, 0, 0, 0, 0, 0, 0, 0, -571, 614, 2415 ], [ 0, 0, 0, 0, 0, 0, 0, 0, 0, -2250, 2415, 9516 ] ], 
  [ [ 250, -112, 377, 0, 0, 0, 0, 0, 0, 0, 0, 0 ], [ -112, 56, -190, 0, 0, 0, 0, 0, 0, 0, 0, 0 ], [ 377, -190, 645, 0, 0, 0, 0, 0, 0, 0, 0, 0 ], 
      [ 0, 0, 0, 42, -281, 33, 0, 0, 0, 0, 0, 0 ], [ 0, 0, 0, -281, 1937, -234, 0, 0, 0, 0, 0, 0 ], [ 0, 0, 0, 33, -234, 29, 0, 0, 0, 0, 0, 0 ], [ 0, 0, 0, 0, 0, 0, 65, -42, -211, 0, 0, 0 ], 
      [ 0, 0, 0, 0, 0, 0, -42, 216, 220, 0, 0, 0 ], [ 0, 0, 0, 0, 0, 0, -211, 220, 722, 0, 0, 0 ], [ 0, 0, 0, 0, 0, 0, 0, 0, 0, 149, -200, 322 ], 
      [ 0, 0, 0, 0, 0, 0, 0, 0, 0, -200, 293, -434 ], [ 0, 0, 0, 0, 0, 0, 0, 0, 0, 322, -434, 696 ] ], 
  [ [ 248, -508, 1050, 0, 0, 0, 0, 0, 0, 0, 0, 0 ], [ -508, 1042, -2153, 0, 0, 0, 0, 0, 0, 0, 0, 0 ], [ 1050, -2153, 4449, 0, 0, 0, 0, 0, 0, 0, 0, 0 ], 
      [ 0, 0, 0, 105749, -9909, -28709, 0, 0, 0, 0, 0, 0 ], [ 0, 0, 0, -9909, 930, 2690, 0, 0, 0, 0, 0, 0 ], [ 0, 0, 0, -28709, 2690, 7794, 0, 0, 0, 0, 0, 0 ], 
      [ 0, 0, 0, 0, 0, 0, 954, -200, -47, 0, 0, 0 ], [ 0, 0, 0, 0, 0, 0, -200, 42, 5, 0, 0, 0 ], [ 0, 0, 0, 0, 0, 0, -47, 5, 333, 0, 0, 0 ], 
      [ 0, 0, 0, 0, 0, 0, 0, 0, 0, 176, -804, 340 ], [ 0, 0, 0, 0, 0, 0, 0, 0, 0, -804, 3673, -1554 ], [ 0, 0, 0, 0, 0, 0, 0, 0, 0, 340, -1554, 661 ] ], 
  [ [ 260, -52, -10, 0, 0, 0, 0, 0, 0, 0, 0, 0 ], [ -52, 16, 5, 0, 0, 0, 0, 0, 0, 0, 0, 0 ], [ -10, 5, 2, 0, 0, 0, 0, 0, 0, 0, 0, 0 ], 
      [ 0, 0, 0, 10028, 2810, -3080, 0, 0, 0, 0, 0, 0 ], [ 0, 0, 0, 2810, 788, -863, 0, 0, 0, 0, 0, 0 ], [ 0, 0, 0, -3080, -863, 946, 0, 0, 0, 0, 0, 0 ], [ 0, 0, 0, 0, 0, 0, 52, 32, -36, 0, 0, 0 ], 
      [ 0, 0, 0, 0, 0, 0, 32, 20, -23, 0, 0, 0 ], [ 0, 0, 0, 0, 0, 0, -36, -23, 28, 0, 0, 0 ], [ 0, 0, 0, 0, 0, 0, 0, 0, 0, 1924, 706, -1229 ], 
      [ 0, 0, 0, 0, 0, 0, 0, 0, 0, 706, 260, -456 ], [ 0, 0, 0, 0, 0, 0, 0, 0, 0, -1229, -456, 812 ] ], 
  [ [ 3500, -1051, 34, 0, 0, 0, 0, 0, 0, 0, 0, 0 ], [ -1051, 316, -9, 0, 0, 0, 0, 0, 0, 0, 0, 0 ], [ 34, -9, 4, 0, 0, 0, 0, 0, 0, 0, 0, 0 ], 
      [ 0, 0, 0, 4, -73, 15, 0, 0, 0, 0, 0, 0 ], [ 0, 0, 0, -73, 1904, -380, 0, 0, 0, 0, 0, 0 ], [ 0, 0, 0, 15, -380, 76, 0, 0, 0, 0, 0, 0 ], [ 0, 0, 0, 0, 0, 0, 28, -10, -3, 0, 0, 0 ], 
      [ 0, 0, 0, 0, 0, 0, -10, 4, -3, 0, 0, 0 ], [ 0, 0, 0, 0, 0, 0, -3, -3, 40, 0, 0, 0 ], [ 0, 0, 0, 0, 0, 0, 0, 0, 0, 4, -13, -18 ], 
      [ 0, 0, 0, 0, 0, 0, 0, 0, 0, -13, 44, 57 ], [ 0, 0, 0, 0, 0, 0, 0, 0, 0, -18, 57, 84 ] ], [ [ 704, -1071, -2122, 0, 0, 0, 0, 0, 0, 0, 0, 0 ], [ -1071, 1686, 3243, 0, 0, 0, 0, 0, 0, 0, 0, 0 ], 
      [ -2122, 3243, 6400, 0, 0, 0, 0, 0, 0, 0, 0, 0 ], [ 0, 0, 0, 1148, -437, -3835, 0, 0, 0, 0, 0, 0 ], [ 0, 0, 0, -437, 172, 1462, 0, 0, 0, 0, 0, 0 ], 
      [ 0, 0, 0, -3835, 1462, 12812, 0, 0, 0, 0, 0, 0 ], [ 0, 0, 0, 0, 0, 0, 1220, -288, 43, 0, 0, 0 ], [ 0, 0, 0, 0, 0, 0, -288, 68, -10, 0, 0, 0 ], [ 0, 0, 0, 0, 0, 0, 43, -10, 4, 0, 0, 0 ], 
      [ 0, 0, 0, 0, 0, 0, 0, 0, 0, 98, -61, -10 ], [ 0, 0, 0, 0, 0, 0, 0, 0, 0, -61, 44, 2 ], [ 0, 0, 0, 0, 0, 0, 0, 0, 0, -10, 2, 4 ] ], 
  [ [ 3, 2, 0, 0, 0, 0, 0, 0, 0, 0, 0, 0 ], [ 2, 16, 10, 0, 0, 0, 0, 0, 0, 0, 0, 0 ], [ 0, 10, 7, 0, 0, 0, 0, 0, 0, 0, 0, 0 ], [ 0, 0, 0, 27, 187, 155, 0, 0, 0, 0, 0, 0 ], 
      [ 0, 0, 0, 187, 1298, 1074, 0, 0, 0, 0, 0, 0 ], [ 0, 0, 0, 155, 1074, 890, 0, 0, 0, 0, 0, 0 ], [ 0, 0, 0, 0, 0, 0, 1995, -178, 70, 0, 0, 0 ], [ 0, 0, 0, 0, 0, 0, -178, 16, -6, 0, 0, 0 ], 
      [ 0, 0, 0, 0, 0, 0, 70, -6, 3, 0, 0, 0 ], [ 0, 0, 0, 0, 0, 0, 0, 0, 0, 4, -2, -2 ], [ 0, 0, 0, 0, 0, 0, 0, 0, 0, -2, 2, 5 ], [ 0, 0, 0, 0, 0, 0, 0, 0, 0, -2, 5, 19 ] ], 
  [ [ 52, -19, 100, 0, 0, 0, 0, 0, 0, 0, 0, 0 ], [ -19, 8, -43, 0, 0, 0, 0, 0, 0, 0, 0, 0 ], [ 100, -43, 232, 0, 0, 0, 0, 0, 0, 0, 0, 0 ], 
      [ 0, 0, 0, 1472, -682, -1679, 0, 0, 0, 0, 0, 0 ], [ 0, 0, 0, -682, 316, 778, 0, 0, 0, 0, 0, 0 ], [ 0, 0, 0, -1679, 778, 1916, 0, 0, 0, 0, 0, 0 ], [ 0, 0, 0, 0, 0, 0, 28, 6, -7, 0, 0, 0 ], 
      [ 0, 0, 0, 0, 0, 0, 6, 4, -1, 0, 0, 0 ], [ 0, 0, 0, 0, 0, 0, -7, -1, 2, 0, 0, 0 ], [ 0, 0, 0, 0, 0, 0, 0, 0, 0, 22, -9, 55 ], 
      [ 0, 0, 0, 0, 0, 0, 0, 0, 0, -9, 4, -23 ], [ 0, 0, 0, 0, 0, 0, 0, 0, 0, 55, -23, 140 ] ], [ [ 2476, -281, -1471, 0, 0, 0, 0, 0, 0, 0, 0, 0 ], [ -281, 32, 167, 0, 0, 0, 0, 0, 0, 0, 0, 0 ], 
      [ -1471, 167, 874, 0, 0, 0, 0, 0, 0, 0, 0, 0 ], [ 0, 0, 0, 2, 5, 9, 0, 0, 0, 0, 0, 0 ], [ 0, 0, 0, 5, 16, 11, 0, 0, 0, 0, 0, 0 ], 
      [ 0, 0, 0, 9, 11, 80, 0, 0, 0, 0, 0, 0 ], [ 0, 0, 0, 0, 0, 0, 1564, 758, -1050, 0, 0, 0 ], [ 0, 0, 0, 0, 0, 0, 758, 368, -511, 0, 0, 0 ], [ 0, 0, 0, 0, 0, 0, -1050, -511, 712, 0, 0, 0 ], 
      [ 0, 0, 0, 0, 0, 0, 0, 0, 0, 10436, -4850, -936 ], [ 0, 0, 0, 0, 0, 0, 0, 0, 0, -4850, 2254, 435 ], [ 0, 0, 0, 0, 0, 0, 0, 0, 0, -936, 435, 84 ] ], 
  [ [ 6549, -3528, 947, 0, 0, 0, 0, 0, 0, 0, 0, 0 ], [ -3528, 1901, -510, 0, 0, 0, 0, 0, 0, 0, 0, 0 ], [ 947, -510, 137, 0, 0, 0, 0, 0, 0, 0, 0, 0 ], [ 0, 0, 0, 5, -9, -25, 0, 0, 0, 0, 0, 0 ], 
      [ 0, 0, 0, -9, 18, 47, 0, 0, 0, 0, 0, 0 ], [ 0, 0, 0, -25, 47, 129, 0, 0, 0, 0, 0, 0 ], [ 0, 0, 0, 0, 0, 0, 317, -229, 801, 0, 0, 0 ], 
      [ 0, 0, 0, 0, 0, 0, -229, 241, -591, 0, 0, 0 ], [ 0, 0, 0, 0, 0, 0, 801, -591, 2026, 0, 0, 0 ], [ 0, 0, 0, 0, 0, 0, 0, 0, 0, 50, -160, -139 ], [ 0, 0, 0, 0, 0, 0, 0, 0, 0, -160, 514, 447 ], 
      [ 0, 0, 0, 0, 0, 0, 0, 0, 0, -139, 447, 389 ] ], [ [ 3478, -6644, 1137, 0, 0, 0, 0, 0, 0, 0, 0, 0 ], [ -6644, 12692, -2172, 0, 0, 0, 0, 0, 0, 0, 0, 0 ], 
      [ 1137, -2172, 372, 0, 0, 0, 0, 0, 0, 0, 0, 0 ], [ 0, 0, 0, 4, 3, -12, 0, 0, 0, 0, 0, 0 ], [ 0, 0, 0, 3, 4, -7, 0, 0, 0, 0, 0, 0 ], [ 0, 0, 0, -12, -7, 40, 0, 0, 0, 0, 0, 0 ], 
      [ 0, 0, 0, 0, 0, 0, 2620, -2855, 7557, 0, 0, 0 ], [ 0, 0, 0, 0, 0, 0, -2855, 3112, -8238, 0, 0, 0 ], [ 0, 0, 0, 0, 0, 0, 7557, -8238, 21808, 0, 0, 0 ], 
      [ 0, 0, 0, 0, 0, 0, 0, 0, 0, 4, -8, 10 ], [ 0, 0, 0, 0, 0, 0, 0, 0, 0, -8, 92, -157 ], [ 0, 0, 0, 0, 0, 0, 0, 0, 0, 10, -157, 272 ] ], 
  [ [ 184, -86, -44, 0, 0, 0, 0, 0, 0, 0, 0, 0 ], [ -86, 41, 31, 0, 0, 0, 0, 0, 0, 0, 0, 0 ], 
      [ -44, 31, 146, 0, 0, 0, 0, 0, 0, 0, 0, 0 ], [ 0, 0, 0, 13, 7, -78, 0, 0, 0, 0, 0, 0 ], [ 0, 0, 0, 7, 5, -50, 0, 0, 0, 0, 0, 0 ], [ 0, 0, 0, -78, -50, 521, 0, 0, 0, 0, 0, 0 ], 
      [ 0, 0, 0, 0, 0, 0, 105, 21, -188, 0, 0, 0 ], [ 0, 0, 0, 0, 0, 0, 21, 5, -38, 0, 0, 0 ], [ 0, 0, 0, 0, 0, 0, -188, -38, 337, 0, 0, 0 ], 
      [ 0, 0, 0, 0, 0, 0, 0, 0, 0, 865, -409, 1361 ], [ 0, 0, 0, 0, 0, 0, 0, 0, 0, -409, 194, -645 ], [ 0, 0, 0, 0, 0, 0, 0, 0, 0, 1361, -645, 2145 ] ], 
  [ [ 2, -3, 0, 0, 0, 0, 0, 0, 0, 0, 0, 0 ], [ -3, 1400, 442, 0, 0, 0, 0, 0, 0, 0, 0, 0 ], [ 0, 442, 140, 0, 0, 0, 0, 0, 0, 0, 0, 0 ], 
      [ 0, 0, 0, 22, -146, 13, 0, 0, 0, 0, 0, 0 ], [ 0, 0, 0, -146, 994, -89, 0, 0, 0, 0, 0, 0 ], [ 0, 0, 0, 13, -89, 8, 0, 0, 0, 0, 0, 0 ], [ 0, 0, 0, 0, 0, 0, 4208, -1036, -1217, 0, 0, 0 ], 
      [ 0, 0, 0, 0, 0, 0, -1036, 268, 299, 0, 0, 0 ], [ 0, 0, 0, 0, 0, 0, -1217, 299, 352, 0, 0, 0 ], [ 0, 0, 0, 0, 0, 0, 0, 0, 0, 178, 853, -379 ], 
      [ 0, 0, 0, 0, 0, 0, 0, 0, 0, 853, 6320, -2878 ], [ 0, 0, 0, 0, 0, 0, 0, 0, 0, -379, -2878, 1312 ] ], 
  [ [ 1084, -283, 535, 0, 0, 0, 0, 0, 0, 0, 0, 0 ], [ -283, 74, -139, 0, 0, 0, 0, 0, 0, 0, 0, 0 ], [ 535, -139, 268, 0, 0, 0, 0, 0, 0, 0, 0, 0 ], 
      [ 0, 0, 0, 4, 10, 1, 0, 0, 0, 0, 0, 0 ], [ 0, 0, 0, 10, 28, -2, 0, 0, 0, 0, 0, 0 ], [ 0, 0, 0, 1, -2, 8, 0, 0, 0, 0, 0, 0 ], [ 0, 0, 0, 0, 0, 0, 64, -2, -39, 0, 0, 0 ], 
      [ 0, 0, 0, 0, 0, 0, -2, 8, 7, 0, 0, 0 ], [ 0, 0, 0, 0, 0, 0, -39, 7, 28, 0, 0, 0 ], [ 0, 0, 0, 0, 0, 0, 0, 0, 0, 2440, -4479, 23592 ], [ 0, 0, 0, 0, 0, 0, 0, 0, 0, -4479, 8224, -43316 ], 
      [ 0, 0, 0, 0, 0, 0, 0, 0, 0, 23592, -43316, 228148 ] ], [ [ 80, 32, -184, 0, 0, 0, 0, 0, 0, 0, 0, 0 ], [ 32, 13, -74, 0, 0, 0, 0, 0, 0, 0, 0, 0 ], 
      [ -184, -74, 425, 0, 0, 0, 0, 0, 0, 0, 0, 0 ], [ 0, 0, 0, 2, 1, 7, 0, 0, 0, 0, 0, 0 ], [ 0, 0, 0, 1, 9, 15, 0, 0, 0, 0, 0, 0 ], [ 0, 0, 0, 7, 15, 41, 0, 0, 0, 0, 0, 0 ], 
      [ 0, 0, 0, 0, 0, 0, 537, -1042, -111, 0, 0, 0 ], [ 0, 0, 0, 0, 0, 0, -1042, 2061, 200, 0, 0, 0 ], [ 0, 0, 0, 0, 0, 0, -111, 200, 29, 0, 0, 0 ], [ 0, 0, 0, 0, 0, 0, 0, 0, 0, 11730, -2759, 4229 ]
        , [ 0, 0, 0, 0, 0, 0, 0, 0, 0, -2759, 649, -994 ], [ 0, 0, 0, 0, 0, 0, 0, 0, 0, 4229, -994, 1533 ] ], [ [ 545, 42, -356, 0, 0, 0, 0, 0, 0, 0, 0, 0 ], 
      [ 42, 4, -28, 0, 0, 0, 0, 0, 0, 0, 0, 0 ], [ -356, -28, 233, 0, 0, 0, 0, 0, 0, 0, 0, 0 ], [ 0, 0, 0, 50, 51, -37, 0, 0, 0, 0, 0, 0 ], [ 0, 0, 0, 51, 801, 170, 0, 0, 0, 0, 0, 0 ], 
      [ 0, 0, 0, -37, 170, 85, 0, 0, 0, 0, 0, 0 ], [ 0, 0, 0, 0, 0, 0, 53, -86, -18, 0, 0, 0 ], [ 0, 0, 0, 0, 0, 0, -86, 153, 23, 0, 0, 0 ], 
      [ 0, 0, 0, 0, 0, 0, -18, 23, 9, 0, 0, 0 ], [ 0, 0, 0, 0, 0, 0, 0, 0, 0, 137, -933, 12 ], [ 0, 0, 0, 0, 0, 0, 0, 0, 0, -933, 6354, -82 ], [ 0, 0, 0, 0, 0, 0, 0, 0, 0, 12, -82, 4 ] ], 
  [ [ 7, 67, 18, 0, 0, 0, 0, 0, 0, 0, 0, 0 ], [ 67, 647, 174, 0, 0, 0, 0, 0, 0, 0, 0, 0 ], [ 18, 174, 47, 0, 0, 0, 0, 0, 0, 0, 0, 0 ], 
      [ 0, 0, 0, 232, -104, -448, 0, 0, 0, 0, 0, 0 ], [ 0, 0, 0, -104, 47, 199, 0, 0, 0, 0, 0, 0 ], [ 0, 0, 0, -448, 199, 874, 0, 0, 0, 0, 0, 0 ], [ 0, 0, 0, 0, 0, 0, 31, -53, -265, 0, 0, 0 ], 
      [ 0, 0, 0, 0, 0, 0, -53, 98, 481, 0, 0, 0 ], [ 0, 0, 0, 0, 0, 0, -265, 481, 2371, 0, 0, 0 ], [ 0, 0, 0, 0, 0, 0, 0, 0, 0, 103, -323, 18 ], 
      [ 0, 0, 0, 0, 0, 0, 0, 0, 0, -323, 1015, -50 ], [ 0, 0, 0, 0, 0, 0, 0, 0, 0, 18, -50, 23 ] ], [ [ 184, 116, -86, 0, 0, 0, 0, 0, 0, 0, 0, 0 ], [ 116, 74, -55, 0, 0, 0, 0, 0, 0, 0, 0, 0 ], 
      [ -86, -55, 41, 0, 0, 0, 0, 0, 0, 0, 0, 0 ], [ 0, 0, 0, 386, 700, -163, 0, 0, 0, 0, 0, 0 ], [ 0, 0, 0, 700, 1304, -298, 0, 0, 0, 0, 0, 0 ], 
      [ 0, 0, 0, -163, -298, 69, 0, 0, 0, 0, 0, 0 ], [ 0, 0, 0, 0, 0, 0, 24, -112, -30, 0, 0, 0 ], [ 0, 0, 0, 0, 0, 0, -112, 530, 145, 0, 0, 0 ], [ 0, 0, 0, 0, 0, 0, -30, 145, 41, 0, 0, 0 ], 
      [ 0, 0, 0, 0, 0, 0, 0, 0, 0, 641, -1240, -212 ], [ 0, 0, 0, 0, 0, 0, 0, 0, 0, -1240, 2400, 412 ], [ 0, 0, 0, 0, 0, 0, 0, 0, 0, -212, 412, 73 ] ], 
  [ [ 4, 18, -81, 0, 0, 0, 0, 0, 0, 0, 0, 0 ], [ 18, 84, -381, 0, 0, 0, 0, 0, 0, 0, 0, 0 ], [ -81, -381, 1732, 0, 0, 0, 0, 0, 0, 0, 0, 0 ], [ 0, 0, 0, 248, -399, -28, 0, 0, 0, 0, 0, 0 ], 
      [ 0, 0, 0, -399, 642, 45, 0, 0, 0, 0, 0, 0 ], [ 0, 0, 0, -28, 45, 4, 0, 0, 0, 0, 0, 0 ], [ 0, 0, 0, 0, 0, 0, 17984, -4316, 2537, 0, 0, 0 ], 
      [ 0, 0, 0, 0, 0, 0, -4316, 1036, -609, 0, 0, 0 ], [ 0, 0, 0, 0, 0, 0, 2537, -609, 358, 0, 0, 0 ], [ 0, 0, 0, 0, 0, 0, 0, 0, 0, 4, -5, 14 ], [ 0, 0, 0, 0, 0, 0, 0, 0, 0, -5, 286, -754 ], 
      [ 0, 0, 0, 0, 0, 0, 0, 0, 0, 14, -754, 1988 ] ], [ [ 12, -270, 84, 0, 0, 0, 0, 0, 0, 0, 0, 0 ], [ -270, 6484, -2033, 0, 0, 0, 0, 0, 0, 0, 0, 0 ], 
      [ 84, -2033, 638, 0, 0, 0, 0, 0, 0, 0, 0, 0 ], [ 0, 0, 0, 60008, -415, -20676, 0, 0, 0, 0, 0, 0 ], [ 0, 0, 0, -415, 4, 143, 0, 0, 0, 0, 0, 0 ], [ 0, 0, 0, -20676, 143, 7124, 0, 0, 0, 0, 0, 0 ],
      [ 0, 0, 0, 0, 0, 0, 688, 4007, -883, 0, 0, 0 ], [ 0, 0, 0, 0, 0, 0, 4007, 23384, -5154, 0, 0, 0 ], [ 0, 0, 0, 0, 0, 0, -883, -5154, 1136, 0, 0, 0 ], 
      [ 0, 0, 0, 0, 0, 0, 0, 0, 0, 10, -29, 13 ], [ 0, 0, 0, 0, 0, 0, 0, 0, 0, -29, 160, -53 ], [ 0, 0, 0, 0, 0, 0, 0, 0, 0, 13, -53, 20 ] ], 
  [ [ 362, 2021, 357, 0, 0, 0, 0, 0, 0, 0, 0, 0 ], [ 2021, 11308, 2003, 0, 0, 0, 0, 0, 0, 0, 0, 0 ], 
      [ 357, 2003, 356, 0, 0, 0, 0, 0, 0, 0, 0, 0 ], [ 0, 0, 0, 4, -35, 5, 0, 0, 0, 0, 0, 0 ], [ 0, 0, 0, -35, 368, -92, 0, 0, 0, 0, 0, 0 ], [ 0, 0, 0, 5, -92, 44, 0, 0, 0, 0, 0, 0 ], 
      [ 0, 0, 0, 0, 0, 0, 4, 49, -5, 0, 0, 0 ], [ 0, 0, 0, 0, 0, 0, 49, 632, -5, 0, 0, 0 ], [ 0, 0, 0, 0, 0, 0, -5, -5, 106, 0, 0, 0 ], 
      [ 0, 0, 0, 0, 0, 0, 0, 0, 0, 176, -55, -26 ], [ 0, 0, 0, 0, 0, 0, 0, 0, 0, -55, 46, 6 ], [ 0, 0, 0, 0, 0, 0, 0, 0, 0, -26, 6, 4 ] ], 
  [ [ 14807, 868, -3236, 0, 0, 0, 0, 0, 0, 0, 0, 0 ], [ 868, 51, -190, 0, 0, 0, 0, 0, 0, 0, 0, 0 ], [ -3236, -190, 708, 0, 0, 0, 0, 0, 0, 0, 0, 0 ], 
      [ 0, 0, 0, 2015, 566, -3076, 0, 0, 0, 0, 0, 0 ], [ 0, 0, 0, 566, 159, -864, 0, 0, 0, 0, 0, 0 ], [ 0, 0, 0, -3076, -864, 4696, 0, 0, 0, 0, 0, 0 ], [ 0, 0, 0, 0, 0, 0, 307, 73, -30, 0, 0, 0 ], 
      [ 0, 0, 0, 0, 0, 0, 73, 18, -7, 0, 0, 0 ], [ 0, 0, 0, 0, 0, 0, -30, -7, 3, 0, 0, 0 ], [ 0, 0, 0, 0, 0, 0, 0, 0, 0, 4, 2, 10 ], 
      [ 0, 0, 0, 0, 0, 0, 0, 0, 0, 2, 439, 747 ], [ 0, 0, 0, 0, 0, 0, 0, 0, 0, 10, 747, 1282 ] ], [ [ 50, 2, -263, 0, 0, 0, 0, 0, 0, 0, 0, 0 ], [ 2, 4, -12, 0, 0, 0, 0, 0, 0, 0, 0, 0 ], 
      [ -263, -12, 1384, 0, 0, 0, 0, 0, 0, 0, 0, 0 ], [ 0, 0, 0, 4372, -1214, -210, 0, 0, 0, 0, 0, 0 ], [ 0, 0, 0, -1214, 338, 57, 0, 0, 0, 0, 0, 0 ], 
      [ 0, 0, 0, -210, 57, 12, 0, 0, 0, 0, 0, 0 ], [ 0, 0, 0, 0, 0, 0, 3634, 6075, -11987, 0, 0, 0 ], [ 0, 0, 0, 0, 0, 0, 6075, 10156, -20040, 0, 0, 0 ], 
      [ 0, 0, 0, 0, 0, 0, -11987, -20040, 39544, 0, 0, 0 ], [ 0, 0, 0, 0, 0, 0, 0, 0, 0, 58, 204, -15 ], [ 0, 0, 0, 0, 0, 0, 0, 0, 0, 204, 724, -52 ], [ 0, 0, 0, 0, 0, 0, 0, 0, 0, -15, -52, 4 ] ], 
  [ [ 103, -48, -408, 0, 0, 0, 0, 0, 0, 0, 0, 0 ], [ -48, 24, 188, 0, 0, 0, 0, 0, 0, 0, 0, 0 ], [ -408, 188, 1619, 0, 0, 0, 0, 0, 0, 0, 0, 0 ], 
      [ 0, 0, 0, 5927, 42, -2875, 0, 0, 0, 0, 0, 0 ], [ 0, 0, 0, 42, 31, -24, 0, 0, 0, 0, 0, 0 ], [ 0, 0, 0, -2875, -24, 1395, 0, 0, 0, 0, 0, 0 ], [ 0, 0, 0, 0, 0, 0, 7, -66, 184, 0, 0, 0 ], 
      [ 0, 0, 0, 0, 0, 0, -66, 631, -1756, 0, 0, 0 ], [ 0, 0, 0, 0, 0, 0, 184, -1756, 4888, 0, 0, 0 ], [ 0, 0, 0, 0, 0, 0, 0, 0, 0, 215, 543, -9 ], 
      [ 0, 0, 0, 0, 0, 0, 0, 0, 0, 543, 1378, -26 ], [ 0, 0, 0, 0, 0, 0, 0, 0, 0, -9, -26, 2 ] ], [ [ 10, -17, -92, 0, 0, 0, 0, 0, 0, 0, 0, 0 ], [ -17, 47, 277, 0, 0, 0, 0, 0, 0, 0, 0, 0 ], 
      [ -92, 277, 1650, 0, 0, 0, 0, 0, 0, 0, 0, 0 ], [ 0, 0, 0, 114, -611, 51, 0, 0, 0, 0, 0, 0 ], [ 0, 0, 0, -611, 3275, -270, 0, 0, 0, 0, 0, 0 ], 
      [ 0, 0, 0, 51, -270, 67, 0, 0, 0, 0, 0, 0 ], [ 0, 0, 0, 0, 0, 0, 1883, -10112, -816, 0, 0, 0 ], [ 0, 0, 0, 0, 0, 0, -10112, 54303, 4382, 0, 0, 0 ], 
      [ 0, 0, 0, 0, 0, 0, -816, 4382, 356, 0, 0, 0 ], [ 0, 0, 0, 0, 0, 0, 0, 0, 0, 58, -35, -13 ], [ 0, 0, 0, 0, 0, 0, 0, 0, 0, -35, 31, 7 ], [ 0, 0, 0, 0, 0, 0, 0, 0, 0, -13, 7, 3 ] ], 
  [ [ 3676, 923, -3796, 0, 0, 0, 0, 0, 0, 0, 0, 0 ], [ 923, 232, -953, 0, 0, 0, 0, 0, 0, 0, 0, 0 ], [ -3796, -953, 3920, 0, 0, 0, 0, 0, 0, 0, 0, 0 ], 
      [ 0, 0, 0, 652, -234, -1965, 0, 0, 0, 0, 0, 0 ], [ 0, 0, 0, -234, 84, 705, 0, 0, 0, 0, 0, 0 ], [ 0, 0, 0, -1965, 705, 5926, 0, 0, 0, 0, 0, 0 ], [ 0, 0, 0, 0, 0, 0, 192, 234, -429, 0, 0, 0 ], 
      [ 0, 0, 0, 0, 0, 0, 234, 292, -518, 0, 0, 0 ], [ 0, 0, 0, 0, 0, 0, -429, -518, 962, 0, 0, 0 ], [ 0, 0, 0, 0, 0, 0, 0, 0, 0, 2312, 983, -2220 ], 
      [ 0, 0, 0, 0, 0, 0, 0, 0, 0, 983, 418, -944 ], [ 0, 0, 0, 0, 0, 0, 0, 0, 0, -2220, -944, 2132 ] ], [ [ 28, 46, -50, 0, 0, 0, 0, 0, 0, 0, 0, 0 ], [ 46, 76, -83, 0, 0, 0, 0, 0, 0, 0, 0, 0 ], 
      [ -50, -83, 92, 0, 0, 0, 0, 0, 0, 0, 0, 0 ], [ 0, 0, 0, 148, 342, -12, 0, 0, 0, 0, 0, 0 ], [ 0, 0, 0, 342, 862, -13, 0, 0, 0, 0, 0, 0 ], 
      [ 0, 0, 0, -12, -13, 4, 0, 0, 0, 0, 0, 0 ], [ 0, 0, 0, 0, 0, 0, 316, -94, 46, 0, 0, 0 ], [ 0, 0, 0, 0, 0, 0, -94, 28, -13, 0, 0, 0 ], [ 0, 0, 0, 0, 0, 0, 46, -13, 20, 0, 0, 0 ], 
      [ 0, 0, 0, 0, 0, 0, 0, 0, 0, 676, -612, 205 ], [ 0, 0, 0, 0, 0, 0, 0, 0, 0, -612, 948, -294 ], [ 0, 0, 0, 0, 0, 0, 0, 0, 0, 205, -294, 92 ] ], 
  [ [ 560, 880, -4364, 0, 0, 0, 0, 0, 0, 0, 0, 0 ], [ 880, 1394, -6899, 0, 0, 0, 0, 0, 0, 0, 0, 0 ], [ -4364, -6899, 34161, 0, 0, 0, 0, 0, 0, 0, 0, 0 ], [ 0, 0, 0, 1082, -39, -385, 0, 0, 0, 0, 0, 0 ]
        , [ 0, 0, 0, -39, 5, 14, 0, 0, 0, 0, 0, 0 ], [ 0, 0, 0, -385, 14, 137, 0, 0, 0, 0, 0, 0 ], [ 0, 0, 0, 0, 0, 0, 5, 116, -25, 0, 0, 0 ], 
      [ 0, 0, 0, 0, 0, 0, 116, 2773, -598, 0, 0, 0 ], [ 0, 0, 0, 0, 0, 0, -25, -598, 129, 0, 0, 0 ], [ 0, 0, 0, 0, 0, 0, 0, 0, 0, 65, -17, 24 ], [ 0, 0, 0, 0, 0, 0, 0, 0, 0, -17, 10, -7 ], 
      [ 0, 0, 0, 0, 0, 0, 0, 0, 0, 24, -7, 9 ] ], [ [ 7013, -578, -2278, 0, 0, 0, 0, 0, 0, 0, 0, 0 ], [ -578, 49, 188, 0, 0, 0, 0, 0, 0, 0, 0, 0 ], 
      [ -2278, 188, 740, 0, 0, 0, 0, 0, 0, 0, 0, 0 ], [ 0, 0, 0, 56, -154, 594, 0, 0, 0, 0, 0, 0 ], [ 0, 0, 0, -154, 425, -1640, 0, 0, 0, 0, 0, 0 ], [ 0, 0, 0, 594, -1640, 6329, 0, 0, 0, 0, 0, 0 ], 
      [ 0, 0, 0, 0, 0, 0, 21, -34, 76, 0, 0, 0 ], [ 0, 0, 0, 0, 0, 0, -34, 56, -126, 0, 0, 0 ], [ 0, 0, 0, 0, 0, 0, 76, -126, 285, 0, 0, 0 ], 
      [ 0, 0, 0, 0, 0, 0, 0, 0, 0, 5, 44, 20 ], [ 0, 0, 0, 0, 0, 0, 0, 0, 0, 44, 413, 186 ], [ 0, 0, 0, 0, 0, 0, 0, 0, 0, 20, 186, 84 ] ], 
  [ [ 40, 11, 12, 0, 0, 0, 0, 0, 0, 0, 0, 0 ], [ 11, 4, 3, 0, 0, 0, 0, 0, 0, 0, 0, 0 ], 
      [ 12, 3, 4, 0, 0, 0, 0, 0, 0, 0, 0, 0 ], [ 0, 0, 0, 404, 40, -1384, 0, 0, 0, 0, 0, 0 ], [ 0, 0, 0, 40, 4, -137, 0, 0, 0, 0, 0, 0 ], [ 0, 0, 0, -1384, -137, 4742, 0, 0, 0, 0, 0, 0 ], 
      [ 0, 0, 0, 0, 0, 0, 212, 592, 980, 0, 0, 0 ], [ 0, 0, 0, 0, 0, 0, 592, 1762, 2913, 0, 0, 0 ], [ 0, 0, 0, 0, 0, 0, 980, 2913, 4816, 0, 0, 0 ], 
      [ 0, 0, 0, 0, 0, 0, 0, 0, 0, 3380, -1072, 391 ], [ 0, 0, 0, 0, 0, 0, 0, 0, 0, -1072, 340, -124 ], [ 0, 0, 0, 0, 0, 0, 0, 0, 0, 391, -124, 46 ] ], 
  [ [ 73, -201, -43, 0, 0, 0, 0, 0, 0, 0, 0, 0 ], [ -201, 554, 118, 0, 0, 0, 0, 0, 0, 0, 0, 0 ], [ -43, 118, 26, 0, 0, 0, 0, 0, 0, 0, 0, 0 ], 
      [ 0, 0, 0, 3194, 109, -1477, 0, 0, 0, 0, 0, 0 ], [ 0, 0, 0, 109, 5, -52, 0, 0, 0, 0, 0, 0 ], [ 0, 0, 0, -1477, -52, 685, 0, 0, 0, 0, 0, 0 ], [ 0, 0, 0, 0, 0, 0, 5165, -2034, 650, 0, 0, 0 ], 
      [ 0, 0, 0, 0, 0, 0, -2034, 801, -256, 0, 0, 0 ], [ 0, 0, 0, 0, 0, 0, 650, -256, 84, 0, 0, 0 ], [ 0, 0, 0, 0, 0, 0, 0, 0, 0, 141, -15, -92 ], 
      [ 0, 0, 0, 0, 0, 0, 0, 0, 0, -15, 5, 8 ], [ 0, 0, 0, 0, 0, 0, 0, 0, 0, -92, 8, 61 ] ], [ [ 39, -105, 70, 0, 0, 0, 0, 0, 0, 0, 0, 0 ], [ -105, 283, -188, 0, 0, 0, 0, 0, 0, 0, 0, 0 ], 
      [ 70, -188, 127, 0, 0, 0, 0, 0, 0, 0, 0, 0 ], [ 0, 0, 0, 2771, 1132, -922, 0, 0, 0, 0, 0, 0 ], [ 0, 0, 0, 1132, 463, -377, 0, 0, 0, 0, 0, 0 ], 
      [ 0, 0, 0, -922, -377, 307, 0, 0, 0, 0, 0, 0 ], [ 0, 0, 0, 0, 0, 0, 346, -31, -165, 0, 0, 0 ], [ 0, 0, 0, 0, 0, 0, -31, 3, 15, 0, 0, 0 ], [ 0, 0, 0, 0, 0, 0, -165, 15, 79, 0, 0, 0 ], 
      [ 0, 0, 0, 0, 0, 0, 0, 0, 0, 580, -40, -102 ], [ 0, 0, 0, 0, 0, 0, 0, 0, 0, -40, 3, 7 ], [ 0, 0, 0, 0, 0, 0, 0, 0, 0, -102, 7, 18 ] ], 
  [ [ 53, -57, 14, 0, 0, 0, 0, 0, 0, 0, 0, 0 ], [ -57, 66, -14, 0, 0, 0, 0, 0, 0, 0, 0, 0 ], [ 14, -14, 4, 0, 0, 0, 0, 0, 0, 0, 0, 0 ], [ 0, 0, 0, 378, -244, 251, 0, 0, 0, 0, 0, 0 ], 
      [ 0, 0, 0, -244, 160, -168, 0, 0, 0, 0, 0, 0 ], [ 0, 0, 0, 251, -168, 181, 0, 0, 0, 0, 0, 0 ], [ 0, 0, 0, 0, 0, 0, 137, -15, 142, 0, 0, 0 ], 
      [ 0, 0, 0, 0, 0, 0, -15, 18, 5, 0, 0, 0 ], [ 0, 0, 0, 0, 0, 0, 142, 5, 173, 0, 0, 0 ], [ 0, 0, 0, 0, 0, 0, 0, 0, 0, 69, -44, -11 ], [ 0, 0, 0, 0, 0, 0, 0, 0, 0, -44, 29, 7 ], 
      [ 0, 0, 0, 0, 0, 0, 0, 0, 0, -11, 7, 2 ] ], [ [ 57592, -54991, -19270, 0, 0, 0, 0, 0, 0, 0, 0, 0 ], [ -54991, 52538, 18403, 0, 0, 0, 0, 0, 0, 0, 0, 0 ], 
      [ -19270, 18403, 6448, 0, 0, 0, 0, 0, 0, 0, 0, 0 ], [ 0, 0, 0, 4, -10, 22, 0, 0, 0, 0, 0, 0 ], [ 0, 0, 0, -10, 38, -87, 0, 0, 0, 0, 0, 0 ], [ 0, 0, 0, 22, -87, 200, 0, 0, 0, 0, 0, 0 ], 
      [ 0, 0, 0, 0, 0, 0, 4, -10, 12, 0, 0, 0 ], [ 0, 0, 0, 0, 0, 0, -10, 56, -19, 0, 0, 0 ], [ 0, 0, 0, 0, 0, 0, 12, -19, 40, 0, 0, 0 ], 
      [ 0, 0, 0, 0, 0, 0, 0, 0, 0, 3508, -14421, 18922 ], [ 0, 0, 0, 0, 0, 0, 0, 0, 0, -14421, 59284, -77788 ], [ 0, 0, 0, 0, 0, 0, 0, 0, 0, 18922, -77788, 102068 ] ], 
  [ [ 12, -99, 6, 0, 0, 0, 0, 0, 0, 0, 0, 0 ], [ -99, 1318, -230, 0, 0, 0, 0, 0, 0, 0, 0, 0 ], [ 6, -230, 68, 0, 0, 0, 0, 0, 0, 0, 0, 0 ], 
      [ 0, 0, 0, 4, 22, -10, 0, 0, 0, 0, 0, 0 ], [ 0, 0, 0, 22, 128, -57, 0, 0, 0, 0, 0, 0 ], [ 0, 0, 0, -10, -57, 26, 0, 0, 0, 0, 0, 0 ], [ 0, 0, 0, 0, 0, 0, 11092, -3060, -24501, 0, 0, 0 ], 
      [ 0, 0, 0, 0, 0, 0, -3060, 856, 6759, 0, 0, 0 ], [ 0, 0, 0, 0, 0, 0, -24501, 6759, 54120, 0, 0, 0 ], [ 0, 0, 0, 0, 0, 0, 0, 0, 0, 845368, -20223, -248684 ], 
      [ 0, 0, 0, 0, 0, 0, 0, 0, 0, -20223, 484, 5949 ], [ 0, 0, 0, 0, 0, 0, 0, 0, 0, -248684, 5949, 73156 ] ], [ [ 450, 2, 129, 0, 0, 0, 0, 0, 0, 0, 0, 0 ], [ 2, 4, -10, 0, 0, 0, 0, 0, 0, 0, 0, 0 ], 
      [ 129, -10, 65, 0, 0, 0, 0, 0, 0, 0, 0, 0 ], [ 0, 0, 0, 2705, -678, 31, 0, 0, 0, 0, 0, 0 ], [ 0, 0, 0, -678, 173, -4, 0, 0, 0, 0, 0, 0 ], 
      [ 0, 0, 0, 31, -4, 5, 0, 0, 0, 0, 0, 0 ], [ 0, 0, 0, 0, 0, 0, 6865, -36398, 3964, 0, 0, 0 ], [ 0, 0, 0, 0, 0, 0, -36398, 192981, -21017, 0, 0, 0 ], 
      [ 0, 0, 0, 0, 0, 0, 3964, -21017, 2289, 0, 0, 0 ], [ 0, 0, 0, 0, 0, 0, 0, 0, 0, 445, -1453, 397 ], [ 0, 0, 0, 0, 0, 0, 0, 0, 0, -1453, 4865, -1327 ], 
      [ 0, 0, 0, 0, 0, 0, 0, 0, 0, 397, -1327, 362 ] ], [ [ 84, -18, 45, 0, 0, 0, 0, 0, 0, 0, 0, 0 ], [ -18, 4, -11, 0, 0, 0, 0, 0, 0, 0, 0, 0 ], [ 45, -11, 38, 0, 0, 0, 0, 0, 0, 0, 0, 0 ], 
      [ 0, 0, 0, 40, -186, -7, 0, 0, 0, 0, 0, 0 ], [ 0, 0, 0, -186, 880, 39, 0, 0, 0, 0, 0, 0 ], [ 0, 0, 0, -7, 39, 4, 0, 0, 0, 0, 0, 0 ], 
      [ 0, 0, 0, 0, 0, 0, 472, 515, 208, 0, 0, 0 ], [ 0, 0, 0, 0, 0, 0, 515, 562, 227, 0, 0, 0 ], [ 0, 0, 0, 0, 0, 0, 208, 227, 92, 0, 0, 0 ], [ 0, 0, 0, 0, 0, 0, 0, 0, 0, 1060, 39, 1404 ], 
      [ 0, 0, 0, 0, 0, 0, 0, 0, 0, 39, 4, 55 ], [ 0, 0, 0, 0, 0, 0, 0, 0, 0, 1404, 55, 1864 ] ], [ [ 4, -3, -2, 0, 0, 0, 0, 0, 0, 0, 0, 0 ], 
      [ -3, 130, 21, 0, 0, 0, 0, 0, 0, 0, 0, 0 ], [ -2, 21, 4, 0, 0, 0, 0, 0, 0, 0, 0, 0 ], [ 0, 0, 0, 4, 10, -78, 0, 0, 0, 0, 0, 0 ], [ 0, 0, 0, 10, 38, -293, 0, 0, 0, 0, 0, 0 ], 
      [ 0, 0, 0, -78, -293, 2260, 0, 0, 0, 0, 0, 0 ], [ 0, 0, 0, 0, 0, 0, 986, 797, -429, 0, 0, 0 ], [ 0, 0, 0, 0, 0, 0, 797, 652, -350, 0, 0, 0 ], 
      [ 0, 0, 0, 0, 0, 0, -429, -350, 188, 0, 0, 0 ], [ 0, 0, 0, 0, 0, 0, 0, 0, 0, 12542, 1135, -5730 ], [ 0, 0, 0, 0, 0, 0, 0, 0, 0, 1135, 104, -519 ], 
      [ 0, 0, 0, 0, 0, 0, 0, 0, 0, -5730, -519, 2618 ] ], [ [ 447, -941, 178, 0, 0, 0, 0, 0, 0, 0, 0, 0 ], [ -941, 1995, -376, 0, 0, 0, 0, 0, 0, 0, 0, 0 ], 
      [ 178, -376, 71, 0, 0, 0, 0, 0, 0, 0, 0, 0 ], [ 0, 0, 0, 79, 23, -11, 0, 0, 0, 0, 0, 0 ], [ 0, 0, 0, 23, 19, 7, 0, 0, 0, 0, 0, 0 ], [ 0, 0, 0, -11, 7, 10, 0, 0, 0, 0, 0, 0 ], 
      [ 0, 0, 0, 0, 0, 0, 3, 52, -122, 0, 0, 0 ], [ 0, 0, 0, 0, 0, 0, 52, 948, -2226, 0, 0, 0 ], [ 0, 0, 0, 0, 0, 0, -122, -2226, 5227, 0, 0, 0 ], 
      [ 0, 0, 0, 0, 0, 0, 0, 0, 0, 7, 4, 3 ], [ 0, 0, 0, 0, 0, 0, 0, 0, 0, 4, 36, -42 ], [ 0, 0, 0, 0, 0, 0, 0, 0, 0, 3, -42, 58 ] ], 
  [ [ 2746, -1114, -99, 0, 0, 0, 0, 0, 0, 0, 0, 0 ], [ -1114, 452, 40, 0, 0, 0, 0, 0, 0, 0, 0, 0 ], [ -99, 40, 4, 0, 0, 0, 0, 0, 0, 0, 0, 0 ], 
      [ 0, 0, 0, 1702, 2108, -481, 0, 0, 0, 0, 0, 0 ], [ 0, 0, 0, 2108, 2612, -596, 0, 0, 0, 0, 0, 0 ], [ 0, 0, 0, -481, -596, 136, 0, 0, 0, 0, 0, 0 ], [ 0, 0, 0, 0, 0, 0, 28, -21, -55, 0, 0, 0 ], 
      [ 0, 0, 0, 0, 0, 0, -21, 16, 42, 0, 0, 0 ], [ 0, 0, 0, 0, 0, 0, -55, 42, 112, 0, 0, 0 ], [ 0, 0, 0, 0, 0, 0, 0, 0, 0, 1150, -66, -1811 ], 
      [ 0, 0, 0, 0, 0, 0, 0, 0, 0, -66, 4, 104 ], [ 0, 0, 0, 0, 0, 0, 0, 0, 0, -1811, 104, 2852 ] ], [ [ 361, -307, -42, 0, 0, 0, 0, 0, 0, 0, 0, 0 ], [ -307, 266, 35, 0, 0, 0, 0, 0, 0, 0, 0, 0 ], 
      [ -42, 35, 5, 0, 0, 0, 0, 0, 0, 0, 0, 0 ], [ 0, 0, 0, 89, -11, -74, 0, 0, 0, 0, 0, 0 ], [ 0, 0, 0, -11, 2, 7, 0, 0, 0, 0, 0, 0 ], 
      [ 0, 0, 0, -74, 7, 69, 0, 0, 0, 0, 0, 0 ], [ 0, 0, 0, 0, 0, 0, 18, -97, 55, 0, 0, 0 ], [ 0, 0, 0, 0, 0, 0, -97, 525, -305, 0, 0, 0 ], [ 0, 0, 0, 0, 0, 0, 55, -305, 201, 0, 0, 0 ], 
      [ 0, 0, 0, 0, 0, 0, 0, 0, 0, 1592, 86, -446 ], [ 0, 0, 0, 0, 0, 0, 0, 0, 0, 86, 5, -24 ], [ 0, 0, 0, 0, 0, 0, 0, 0, 0, -446, -24, 125 ] ], 
  [ [ 68, 714, 798, 0, 0, 0, 0, 0, 0, 0, 0, 0 ], [ 714, 7502, 8385, 0, 0, 0, 0, 0, 0, 0, 0, 0 ], [ 798, 8385, 9372, 0, 0, 0, 0, 0, 0, 0, 0, 0 ], [ 0, 0, 0, 740, -281, -172, 0, 0, 0, 0, 0, 0 ], 
      [ 0, 0, 0, -281, 112, 65, 0, 0, 0, 0, 0, 0 ], [ 0, 0, 0, -172, 65, 40, 0, 0, 0, 0, 0, 0 ], [ 0, 0, 0, 0, 0, 0, 352, 296, -171, 0, 0, 0 ], 
      [ 0, 0, 0, 0, 0, 0, 296, 260, -147, 0, 0, 0 ], [ 0, 0, 0, 0, 0, 0, -171, -147, 84, 0, 0, 0 ], [ 0, 0, 0, 0, 0, 0, 0, 0, 0, 5486, -12198, 837 ], 
      [ 0, 0, 0, 0, 0, 0, 0, 0, 0, -12198, 27122, -1861 ], [ 0, 0, 0, 0, 0, 0, 0, 0, 0, 837, -1861, 128 ] ], [ [ 146, -267, -128, 0, 0, 0, 0, 0, 0, 0, 0, 0 ], 
      [ -267, 489, 233, 0, 0, 0, 0, 0, 0, 0, 0, 0 ], [ -128, 233, 114, 0, 0, 0, 0, 0, 0, 0, 0, 0 ], [ 0, 0, 0, 5, 1, -1, 0, 0, 0, 0, 0, 0 ], [ 0, 0, 0, 1, 2, -4, 0, 0, 0, 0, 0, 0 ], 
      [ 0, 0, 0, -1, -4, 10, 0, 0, 0, 0, 0, 0 ], [ 0, 0, 0, 0, 0, 0, 530, -1876, 253, 0, 0, 0 ], [ 0, 0, 0, 0, 0, 0, -1876, 6650, -897, 0, 0, 0 ], 
      [ 0, 0, 0, 0, 0, 0, 253, -897, 121, 0, 0, 0 ], [ 0, 0, 0, 0, 0, 0, 0, 0, 0, 2, 18, -9 ], [ 0, 0, 0, 0, 0, 0, 0, 0, 0, 18, 228, -98 ], [ 0, 0, 0, 0, 0, 0, 0, 0, 0, -9, -98, 45 ] ], 
  [ [ 112, 18, -47, 0, 0, 0, 0, 0, 0, 0, 0, 0 ], [ 18, 4, -8, 0, 0, 0, 0, 0, 0, 0, 0, 0 ], [ -47, -8, 20, 0, 0, 0, 0, 0, 0, 0, 0, 0 ], 
      [ 0, 0, 0, 28, 11, -41, 0, 0, 0, 0, 0, 0 ], [ 0, 0, 0, 11, 8, -4, 0, 0, 0, 0, 0, 0 ], [ 0, 0, 0, -41, -4, 100, 0, 0, 0, 0, 0, 0 ], [ 0, 0, 0, 0, 0, 0, 120212, -41934, -18946, 0, 0, 0 ], 
      [ 0, 0, 0, 0, 0, 0, -41934, 14628, 6609, 0, 0, 0 ], [ 0, 0, 0, 0, 0, 0, -18946, 6609, 2986, 0, 0, 0 ], [ 0, 0, 0, 0, 0, 0, 0, 0, 0, 68, 1300, -370 ], 
      [ 0, 0, 0, 0, 0, 0, 0, 0, 0, 1300, 26104, -7439 ], [ 0, 0, 0, 0, 0, 0, 0, 0, 0, -370, -7439, 2120 ] ], [ [ 117, -24, -218, 0, 0, 0, 0, 0, 0, 0, 0, 0 ], [ -24, 5, 45, 0, 0, 0, 0, 0, 0, 0, 0, 0 ]
        , [ -218, 45, 409, 0, 0, 0, 0, 0, 0, 0, 0, 0 ], [ 0, 0, 0, 5, -17, 64, 0, 0, 0, 0, 0, 0 ], [ 0, 0, 0, -17, 66, -247, 0, 0, 0, 0, 0, 0 ], 
      [ 0, 0, 0, 64, -247, 925, 0, 0, 0, 0, 0, 0 ], [ 0, 0, 0, 0, 0, 0, 354, 279, -106, 0, 0, 0 ], [ 0, 0, 0, 0, 0, 0, 279, 329, -117, 0, 0, 0 ], [ 0, 0, 0, 0, 0, 0, -106, -117, 42, 0, 0, 0 ], 
      [ 0, 0, 0, 0, 0, 0, 0, 0, 0, 141, -150, 58 ], [ 0, 0, 0, 0, 0, 0, 0, 0, 0, -150, 161, -62 ], [ 0, 0, 0, 0, 0, 0, 0, 0, 0, 58, -62, 24 ] ], 
  [ [ 236, 110, -980, 0, 0, 0, 0, 0, 0, 0, 0, 0 ], [ 110, 52, -461, 0, 0, 0, 0, 0, 0, 0, 0, 0 ], [ -980, -461, 4094, 0, 0, 0, 0, 0, 0, 0, 0, 0 ], [ 0, 0, 0, 8860, -20824, 9065, 0, 0, 0, 0, 0, 0 ], 
      [ 0, 0, 0, -20824, 48964, -21314, 0, 0, 0, 0, 0, 0 ], [ 0, 0, 0, 9065, -21314, 9278, 0, 0, 0, 0, 0, 0 ], [ 0, 0, 0, 0, 0, 0, 644, -203, -200, 0, 0, 0 ], 
      [ 0, 0, 0, 0, 0, 0, -203, 64, 63, 0, 0, 0 ], [ 0, 0, 0, 0, 0, 0, -200, 63, 64, 0, 0, 0 ], [ 0, 0, 0, 0, 0, 0, 0, 0, 0, 1268, -166, -1146 ], [ 0, 0, 0, 0, 0, 0, 0, 0, 0, -166, 22, 143 ], 
      [ 0, 0, 0, 0, 0, 0, 0, 0, 0, -1146, 143, 1220 ] ], [ [ 84, 438, -408, 0, 0, 0, 0, 0, 0, 0, 0, 0 ], [ 438, 2284, -2127, 0, 0, 0, 0, 0, 0, 0, 0, 0 ], 
      [ -408, -2127, 1984, 0, 0, 0, 0, 0, 0, 0, 0, 0 ], [ 0, 0, 0, 3064, 1737, -1122, 0, 0, 0, 0, 0, 0 ], [ 0, 0, 0, 1737, 988, -638, 0, 0, 0, 0, 0, 0 ], 
      [ 0, 0, 0, -1122, -638, 412, 0, 0, 0, 0, 0, 0 ], [ 0, 0, 0, 0, 0, 0, 124, -226, -18, 0, 0, 0 ], [ 0, 0, 0, 0, 0, 0, -226, 412, 33, 0, 0, 0 ], 
      [ 0, 0, 0, 0, 0, 0, -18, 33, 4, 0, 0, 0 ], [ 0, 0, 0, 0, 0, 0, 0, 0, 0, 3448, -60, -11617 ], [ 0, 0, 0, 0, 0, 0, 0, 0, 0, -60, 4, 202 ], [ 0, 0, 0, 0, 0, 0, 0, 0, 0, -11617, 202, 39140 ] ], 
  [ [ 489, -26, 34, 0, 0, 0, 0, 0, 0, 0, 0, 0 ], [ -26, 5, -13, 0, 0, 0, 0, 0, 0, 0, 0, 0 ], [ 34, -13, 37, 0, 0, 0, 0, 0, 0, 0, 0, 0 ], 
      [ 0, 0, 0, 6425, -36, -512, 0, 0, 0, 0, 0, 0 ], [ 0, 0, 0, -36, 4, 2, 0, 0, 0, 0, 0, 0 ], [ 0, 0, 0, -512, 2, 41, 0, 0, 0, 0, 0, 0 ], [ 0, 0, 0, 0, 0, 0, 17453, -5566, -9113, 0, 0, 0 ], 
      [ 0, 0, 0, 0, 0, 0, -5566, 1784, 2912, 0, 0, 0 ], [ 0, 0, 0, 0, 0, 0, -9113, 2912, 4762, 0, 0, 0 ], [ 0, 0, 0, 0, 0, 0, 0, 0, 0, 469, -1924, 24 ], 
      [ 0, 0, 0, 0, 0, 0, 0, 0, 0, -1924, 7893, -98 ], [ 0, 0, 0, 0, 0, 0, 0, 0, 0, 24, -98, 4 ] ], [ [ 686, -119, -282, 0, 0, 0, 0, 0, 0, 0, 0, 0 ], [ -119, 32, 48, 0, 0, 0, 0, 0, 0, 0, 0, 0 ], 
      [ -282, 48, 116, 0, 0, 0, 0, 0, 0, 0, 0, 0 ], [ 0, 0, 0, 6182, 46, -1895, 0, 0, 0, 0, 0, 0 ], [ 0, 0, 0, 46, 4, -36, 0, 0, 0, 0, 0, 0 ], 
      [ 0, 0, 0, -1895, -36, 712, 0, 0, 0, 0, 0, 0 ], [ 0, 0, 0, 0, 0, 0, 532, 942, 2838, 0, 0, 0 ], [ 0, 0, 0, 0, 0, 0, 942, 1668, 5025, 0, 0, 0 ], [ 0, 0, 0, 0, 0, 0, 2838, 5025, 15142, 0, 0, 0 ], 
      [ 0, 0, 0, 0, 0, 0, 0, 0, 0, 498, -906, 183 ], [ 0, 0, 0, 0, 0, 0, 0, 0, 0, -906, 1654, -335 ], [ 0, 0, 0, 0, 0, 0, 0, 0, 0, 183, -335, 68 ] ], 
  [ [ 4, 23, -11, 0, 0, 0, 0, 0, 0, 0, 0, 0 ], [ 23, 142, -67, 0, 0, 0, 0, 0, 0, 0, 0, 0 ], [ -11, -67, 32, 0, 0, 0, 0, 0, 0, 0, 0, 0 ], [ 0, 0, 0, 84, -69, 36, 0, 0, 0, 0, 0, 0 ], 
      [ 0, 0, 0, -69, 58, -32, 0, 0, 0, 0, 0, 0 ], [ 0, 0, 0, 36, -32, 20, 0, 0, 0, 0, 0, 0 ], [ 0, 0, 0, 0, 0, 0, 4, 264, -110, 0, 0, 0 ], 
      [ 0, 0, 0, 0, 0, 0, 264, 21628, -9001, 0, 0, 0 ], [ 0, 0, 0, 0, 0, 0, -110, -9001, 3746, 0, 0, 0 ], [ 0, 0, 0, 0, 0, 0, 0, 0, 0, 22, 26, 13 ], [ 0, 0, 0, 0, 0, 0, 0, 0, 0, 26, 100, 20 ], 
      [ 0, 0, 0, 0, 0, 0, 0, 0, 0, 13, 20, 8 ] ], [ [ 299, -32, 96, 0, 0, 0, 0, 0, 0, 0, 0, 0 ], [ -32, 4, -10, 0, 0, 0, 0, 0, 0, 0, 0, 0 ], 
      [ 96, -10, 31, 0, 0, 0, 0, 0, 0, 0, 0, 0 ], [ 0, 0, 0, 154, -809, 185, 0, 0, 0, 0, 0, 0 ], [ 0, 0, 0, -809, 4263, -975, 0, 0, 0, 0, 0, 0 ], [ 0, 0, 0, 185, -975, 223, 0, 0, 0, 0, 0, 0 ], 
      [ 0, 0, 0, 0, 0, 0, 119, 471, -86, 0, 0, 0 ], [ 0, 0, 0, 0, 0, 0, 471, 1871, -338, 0, 0, 0 ], [ 0, 0, 0, 0, 0, 0, -86, -338, 63, 0, 0, 0 ], 
      [ 0, 0, 0, 0, 0, 0, 0, 0, 0, 43, -41, 168 ], [ 0, 0, 0, 0, 0, 0, 0, 0, 0, -41, 82, -23 ], [ 0, 0, 0, 0, 0, 0, 0, 0, 0, 168, -23, 1095 ] ], 
  [ [ 80, 11, -116, 0, 0, 0, 0, 0, 0, 0, 0, 0 ], [ 11, 4, -19, 0, 0, 0, 0, 0, 0, 0, 0, 0 ], [ -116, -19, 172, 0, 0, 0, 0, 0, 0, 0, 0, 0 ], 
      [ 0, 0, 0, 140, -88, 250, 0, 0, 0, 0, 0, 0 ], [ 0, 0, 0, -88, 58, -161, 0, 0, 0, 0, 0, 0 ], [ 0, 0, 0, 250, -161, 452, 0, 0, 0, 0, 0, 0 ], [ 0, 0, 0, 0, 0, 0, 254, 45, -100, 0, 0, 0 ], 
      [ 0, 0, 0, 0, 0, 0, 45, 8, -18, 0, 0, 0 ], [ 0, 0, 0, 0, 0, 0, -100, -18, 44, 0, 0, 0 ], [ 0, 0, 0, 0, 0, 0, 0, 0, 0, 1492, -506, -2767 ], 
      [ 0, 0, 0, 0, 0, 0, 0, 0, 0, -506, 172, 938 ], [ 0, 0, 0, 0, 0, 0, 0, 0, 0, -2767, 938, 5132 ] ], [ [ 3, -54, -16, 0, 0, 0, 0, 0, 0, 0, 0, 0 ], [ -54, 4507, 1341, 0, 0, 0, 0, 0, 0, 0, 0, 0 ], 
      [ -16, 1341, 399, 0, 0, 0, 0, 0, 0, 0, 0, 0 ], [ 0, 0, 0, 291, -695, 769, 0, 0, 0, 0, 0, 0 ], [ 0, 0, 0, -695, 1663, -1839, 0, 0, 0, 0, 0, 0 ], 
      [ 0, 0, 0, 769, -1839, 2034, 0, 0, 0, 0, 0, 0 ], [ 0, 0, 0, 0, 0, 0, 18599, -6050, 1998, 0, 0, 0 ], [ 0, 0, 0, 0, 0, 0, -6050, 1968, -650, 0, 0, 0 ], 
      [ 0, 0, 0, 0, 0, 0, 1998, -650, 215, 0, 0, 0 ], [ 0, 0, 0, 0, 0, 0, 0, 0, 0, 19, 25, -6 ], [ 0, 0, 0, 0, 0, 0, 0, 0, 0, 25, 67, -14 ], [ 0, 0, 0, 0, 0, 0, 0, 0, 0, -6, -14, 3 ] ], 
  [ [ 803, 1937, -7587, 0, 0, 0, 0, 0, 0, 0, 0, 0 ], [ 1937, 4674, -18306, 0, 0, 0, 0, 0, 0, 0, 0, 0 ], [ -7587, -18306, 71698, 0, 0, 0, 0, 0, 0, 0, 0, 0 ], 
      [ 0, 0, 0, 139, -1514, 613, 0, 0, 0, 0, 0, 0 ], [ 0, 0, 0, -1514, 16560, -6704, 0, 0, 0, 0, 0, 0 ], [ 0, 0, 0, 613, -6704, 2714, 0, 0, 0, 0, 0, 0 ], 
      [ 0, 0, 0, 0, 0, 0, 522778, -235331, -210111, 0, 0, 0 ], [ 0, 0, 0, 0, 0, 0, -235331, 105951, 94579, 0, 0, 0 ], [ 0, 0, 0, 0, 0, 0, -210111, 94579, 84447, 0, 0, 0 ], 
      [ 0, 0, 0, 0, 0, 0, 0, 0, 0, 43, -80, 17 ], [ 0, 0, 0, 0, 0, 0, 0, 0, 0, -80, 159, -30 ], [ 0, 0, 0, 0, 0, 0, 0, 0, 0, 17, -30, 7 ] ], 
  [ [ 2249, 1309, -5337, 0, 0, 0, 0, 0, 0, 0, 0, 0 ], [ 1309, 762, -3107, 0, 0, 0, 0, 0, 0, 0, 0, 0 ], 
      [ -5337, -3107, 12669, 0, 0, 0, 0, 0, 0, 0, 0, 0 ], [ 0, 0, 0, 11897, -6018, -1828, 0, 0, 0, 0, 0, 0 ], [ 0, 0, 0, -6018, 3045, 925, 0, 0, 0, 0, 0, 0 ], 
      [ 0, 0, 0, -1828, 925, 281, 0, 0, 0, 0, 0, 0 ], [ 0, 0, 0, 0, 0, 0, 1341, -3086, 315, 0, 0, 0 ], [ 0, 0, 0, 0, 0, 0, -3086, 7105, -725, 0, 0, 0 ], 
      [ 0, 0, 0, 0, 0, 0, 315, -725, 74, 0, 0, 0 ], [ 0, 0, 0, 0, 0, 0, 0, 0, 0, 41, -46, 60 ], [ 0, 0, 0, 0, 0, 0, 0, 0, 0, -46, 61, -78 ], [ 0, 0, 0, 0, 0, 0, 0, 0, 0, 60, -78, 100 ] ], 
  [ [ 40, -21, 52, 0, 0, 0, 0, 0, 0, 0, 0, 0 ], [ -21, 12, -27, 0, 0, 0, 0, 0, 0, 0, 0, 0 ], [ 52, -27, 68, 0, 0, 0, 0, 0, 0, 0, 0, 0 ], 
      [ 0, 0, 0, 3406, 2599, 2040, 0, 0, 0, 0, 0, 0 ], [ 0, 0, 0, 2599, 1984, 1557, 0, 0, 0, 0, 0, 0 ], [ 0, 0, 0, 2040, 1557, 1222, 0, 0, 0, 0, 0, 0 ], [ 0, 0, 0, 0, 0, 0, 14, -37, 113, 0, 0, 0 ], 
      [ 0, 0, 0, 0, 0, 0, -37, 100, -308, 0, 0, 0 ], [ 0, 0, 0, 0, 0, 0, 113, -308, 952, 0, 0, 0 ], [ 0, 0, 0, 0, 0, 0, 0, 0, 0, 4, 75, -24 ], 
      [ 0, 0, 0, 0, 0, 0, 0, 0, 0, 75, 6262, -1794 ], [ 0, 0, 0, 0, 0, 0, 0, 0, 0, -24, -1794, 516 ] ], [ [ 68, 74, 16, 0, 0, 0, 0, 0, 0, 0, 0, 0 ], [ 74, 214, 23, 0, 0, 0, 0, 0, 0, 0, 0, 0 ], 
      [ 16, 23, 4, 0, 0, 0, 0, 0, 0, 0, 0, 0 ], [ 0, 0, 0, 608, -2717, 49, 0, 0, 0, 0, 0, 0 ], [ 0, 0, 0, -2717, 12142, -219, 0, 0, 0, 0, 0, 0 ], 
      [ 0, 0, 0, 49, -219, 4, 0, 0, 0, 0, 0, 0 ], [ 0, 0, 0, 0, 0, 0, 4, -16, -14, 0, 0, 0 ], [ 0, 0, 0, 0, 0, 0, -16, 68, 53, 0, 0, 0 ], [ 0, 0, 0, 0, 0, 0, -14, 53, 52, 0, 0, 0 ], 
      [ 0, 0, 0, 0, 0, 0, 0, 0, 0, 44, 67, -209 ], [ 0, 0, 0, 0, 0, 0, 0, 0, 0, 67, 104, -322 ], [ 0, 0, 0, 0, 0, 0, 0, 0, 0, -209, -322, 1000 ] ], 
  [ [ 228, 10, 174, 0, 0, 0, 0, 0, 0, 0, 0, 0 ], [ 10, 3, 15, 0, 0, 0, 0, 0, 0, 0, 0, 0 ], [ 174, 15, 154, 0, 0, 0, 0, 0, 0, 0, 0, 0 ], [ 0, 0, 0, 363, 97, 24, 0, 0, 0, 0, 0, 0 ], 
      [ 0, 0, 0, 97, 26, 6, 0, 0, 0, 0, 0, 0 ], [ 0, 0, 0, 24, 6, 4, 0, 0, 0, 0, 0, 0 ], [ 0, 0, 0, 0, 0, 0, 34, -128, 25, 0, 0, 0 ], 
      [ 0, 0, 0, 0, 0, 0, -128, 488, -96, 0, 0, 0 ], [ 0, 0, 0, 0, 0, 0, 25, -96, 19, 0, 0, 0 ], [ 0, 0, 0, 0, 0, 0, 0, 0, 0, 31, 71, 8 ], [ 0, 0, 0, 0, 0, 0, 0, 0, 0, 71, 163, 18 ], 
      [ 0, 0, 0, 0, 0, 0, 0, 0, 0, 8, 18, 3 ] ], [ [ 22012, -7747, 1370, 0, 0, 0, 0, 0, 0, 0, 0, 0 ], [ -7747, 2728, -479, 0, 0, 0, 0, 0, 0, 0, 0, 0 ], 
      [ 1370, -479, 92, 0, 0, 0, 0, 0, 0, 0, 0, 0 ], [ 0, 0, 0, 2092, 223, 394, 0, 0, 0, 0, 0, 0 ], [ 0, 0, 0, 223, 26, 40, 0, 0, 0, 0, 0, 0 ], [ 0, 0, 0, 394, 40, 76, 0, 0, 0, 0, 0, 0 ], 
      [ 0, 0, 0, 0, 0, 0, 8, -2, -11, 0, 0, 0 ], [ 0, 0, 0, 0, 0, 0, -2, 4, 4, 0, 0, 0 ], [ 0, 0, 0, 0, 0, 0, -11, 4, 16, 0, 0, 0 ], 
      [ 0, 0, 0, 0, 0, 0, 0, 0, 0, 2348, -1066, -361 ], [ 0, 0, 0, 0, 0, 0, 0, 0, 0, -1066, 484, 164 ], [ 0, 0, 0, 0, 0, 0, 0, 0, 0, -361, 164, 56 ] ], 
  [ [ 5165, -17529, 491, 0, 0, 0, 0, 0, 0, 0, 0, 0 ], [ -17529, 59490, -1666, 0, 0, 0, 0, 0, 0, 0, 0, 0 ], [ 491, -1666, 122, 0, 0, 0, 0, 0, 0, 0, 0, 0 ], 
      [ 0, 0, 0, 861, 391, -3428, 0, 0, 0, 0, 0, 0 ], [ 0, 0, 0, 391, 178, -1558, 0, 0, 0, 0, 0, 0 ], [ 0, 0, 0, -3428, -1558, 13652, 0, 0, 0, 0, 0, 0 ], [ 0, 0, 0, 0, 0, 0, 74, -7, -128, 0, 0, 0 ], 
      [ 0, 0, 0, 0, 0, 0, -7, 13, -6, 0, 0, 0 ], [ 0, 0, 0, 0, 0, 0, -128, -6, 248, 0, 0, 0 ], [ 0, 0, 0, 0, 0, 0, 0, 0, 0, 194, -45, 225 ], 
      [ 0, 0, 0, 0, 0, 0, 0, 0, 0, -45, 13, -52 ], [ 0, 0, 0, 0, 0, 0, 0, 0, 0, 225, -52, 261 ] ], [ [ 165, -302, 451, 0, 0, 0, 0, 0, 0, 0, 0, 0 ], [ -302, 553, -825, 0, 0, 0, 0, 0, 0, 0, 0, 0 ], 
      [ 451, -825, 1234, 0, 0, 0, 0, 0, 0, 0, 0, 0 ], [ 0, 0, 0, 19761, -9121, 7912, 0, 0, 0, 0, 0, 0 ], [ 0, 0, 0, -9121, 4210, -3652, 0, 0, 0, 0, 0, 0 ], 
      [ 0, 0, 0, 7912, -3652, 3168, 0, 0, 0, 0, 0, 0 ], [ 0, 0, 0, 0, 0, 0, 2618, -7301, -993, 0, 0, 0 ], [ 0, 0, 0, 0, 0, 0, -7301, 20361, 2769, 0, 0, 0 ], 
      [ 0, 0, 0, 0, 0, 0, -993, 2769, 377, 0, 0, 0 ], [ 0, 0, 0, 0, 0, 0, 0, 0, 0, 602, -96, -889 ], [ 0, 0, 0, 0, 0, 0, 0, 0, 0, -96, 16, 136 ], [ 0, 0, 0, 0, 0, 0, 0, 0, 0, -889, 136, 1361 ] ], 
  [ [ 406, -121, 120, 0, 0, 0, 0, 0, 0, 0, 0, 0 ], [ -121, 68, -79, 0, 0, 0, 0, 0, 0, 0, 0, 0 ], [ 120, -79, 94, 0, 0, 0, 0, 0, 0, 0, 0, 0 ], 
      [ 0, 0, 0, 4, 16, -6, 0, 0, 0, 0, 0, 0 ], [ 0, 0, 0, 16, 1100, -267, 0, 0, 0, 0, 0, 0 ], [ 0, 0, 0, -6, -267, 66, 0, 0, 0, 0, 0, 0 ], [ 0, 0, 0, 0, 0, 0, 51190, 3018, -31497, 0, 0, 0 ], 
      [ 0, 0, 0, 0, 0, 0, 3018, 178, -1857, 0, 0, 0 ], [ 0, 0, 0, 0, 0, 0, -31497, -1857, 19380, 0, 0, 0 ], [ 0, 0, 0, 0, 0, 0, 0, 0, 0, 164, 371, -13 ], 
      [ 0, 0, 0, 0, 0, 0, 0, 0, 0, 371, 1238, 5 ], [ 0, 0, 0, 0, 0, 0, 0, 0, 0, -13, 5, 4 ] ], [ [ 1724, 347, 85, 0, 0, 0, 0, 0, 0, 0, 0, 0 ], [ 347, 82, -7, 0, 0, 0, 0, 0, 0, 0, 0, 0 ], 
      [ 85, -7, 52, 0, 0, 0, 0, 0, 0, 0, 0, 0 ], [ 0, 0, 0, 450656, 27284, -129627, 0, 0, 0, 0, 0, 0 ], [ 0, 0, 0, 27284, 1652, -7848, 0, 0, 0, 0, 0, 0 ], 
      [ 0, 0, 0, -129627, -7848, 37286, 0, 0, 0, 0, 0, 0 ], [ 0, 0, 0, 0, 0, 0, 968, -481, -34, 0, 0, 0 ], [ 0, 0, 0, 0, 0, 0, -481, 242, 14, 0, 0, 0 ], [ 0, 0, 0, 0, 0, 0, -34, 14, 4, 0, 0, 0 ], 
      [ 0, 0, 0, 0, 0, 0, 0, 0, 0, 700, -284, 31 ], [ 0, 0, 0, 0, 0, 0, 0, 0, 0, -284, 116, -14 ], [ 0, 0, 0, 0, 0, 0, 0, 0, 0, 31, -14, 4 ] ], 
  [ [ 34, -273, 140, 0, 0, 0, 0, 0, 0, 0, 0, 0 ], [ -273, 2247, -1147, 0, 0, 0, 0, 0, 0, 0, 0, 0 ], [ 140, -1147, 586, 0, 0, 0, 0, 0, 0, 0, 0, 0 ], [ 0, 0, 0, 11, 75, 201, 0, 0, 0, 0, 0, 0 ], 
      [ 0, 0, 0, 75, 527, 1411, 0, 0, 0, 0, 0, 0 ], [ 0, 0, 0, 201, 1411, 3778, 0, 0, 0, 0, 0, 0 ], [ 0, 0, 0, 0, 0, 0, 772, 144, 182, 0, 0, 0 ], 
      [ 0, 0, 0, 0, 0, 0, 144, 27, 34, 0, 0, 0 ], [ 0, 0, 0, 0, 0, 0, 182, 34, 43, 0, 0, 0 ], [ 0, 0, 0, 0, 0, 0, 0, 0, 0, 10, -87, 46 ], [ 0, 0, 0, 0, 0, 0, 0, 0, 0, -87, 795, -404 ], 
      [ 0, 0, 0, 0, 0, 0, 0, 0, 0, 46, -404, 212 ] ], [ [ 28, -80, 66, 0, 0, 0, 0, 0, 0, 0, 0, 0 ], [ -80, 230, -191, 0, 0, 0, 0, 0, 0, 0, 0, 0 ], 
      [ 66, -191, 160, 0, 0, 0, 0, 0, 0, 0, 0, 0 ], [ 0, 0, 0, 98, 373, -849, 0, 0, 0, 0, 0, 0 ], [ 0, 0, 0, 373, 1420, -3231, 0, 0, 0, 0, 0, 0 ], [ 0, 0, 0, -849, -3231, 7356, 0, 0, 0, 0, 0, 0 ], 
      [ 0, 0, 0, 0, 0, 0, 12, -9, -15, 0, 0, 0 ], [ 0, 0, 0, 0, 0, 0, -9, 10, 16, 0, 0, 0 ], [ 0, 0, 0, 0, 0, 0, -15, 16, 26, 0, 0, 0 ], 
      [ 0, 0, 0, 0, 0, 0, 0, 0, 0, 38, -33, -2 ], [ 0, 0, 0, 0, 0, 0, 0, 0, 0, -33, 32, 20 ], [ 0, 0, 0, 0, 0, 0, 0, 0, 0, -2, 20, 100 ] ], 
  [ [ 66, -462, 1005, 0, 0, 0, 0, 0, 0, 0, 0, 0 ], [ -462, 3236, -7038, 0, 0, 0, 0, 0, 0, 0, 0, 0 ], [ 1005, -7038, 15308, 0, 0, 0, 0, 0, 0, 0, 0, 0 ], 
      [ 0, 0, 0, 52, 84, -173, 0, 0, 0, 0, 0, 0 ], [ 0, 0, 0, 84, 136, -281, 0, 0, 0, 0, 0, 0 ], [ 0, 0, 0, -173, -281, 584, 0, 0, 0, 0, 0, 0 ], [ 0, 0, 0, 0, 0, 0, 1912, -1194, -333, 0, 0, 0 ], 
      [ 0, 0, 0, 0, 0, 0, -1194, 748, 208, 0, 0, 0 ], [ 0, 0, 0, 0, 0, 0, -333, 208, 58, 0, 0, 0 ], [ 0, 0, 0, 0, 0, 0, 0, 0, 0, 1592, -59, -472 ], 
      [ 0, 0, 0, 0, 0, 0, 0, 0, 0, -59, 40, 19 ], [ 0, 0, 0, 0, 0, 0, 0, 0, 0, -472, 19, 140 ] ], [ [ 1026, -62, 4805, 0, 0, 0, 0, 0, 0, 0, 0, 0 ], [ -62, 4, -288, 0, 0, 0, 0, 0, 0, 0, 0, 0 ], 
      [ 4805, -288, 22525, 0, 0, 0, 0, 0, 0, 0, 0, 0 ], [ 0, 0, 0, 161, 271, -22, 0, 0, 0, 0, 0, 0 ], [ 0, 0, 0, 271, 506, -30, 0, 0, 0, 0, 0, 0 ], 
      [ 0, 0, 0, -22, -30, 4, 0, 0, 0, 0, 0, 0 ], [ 0, 0, 0, 0, 0, 0, 314, -905, 879, 0, 0, 0 ], [ 0, 0, 0, 0, 0, 0, -905, 2609, -2533, 0, 0, 0 ], [ 0, 0, 0, 0, 0, 0, 879, -2533, 2461, 0, 0, 0 ], 
      [ 0, 0, 0, 0, 0, 0, 0, 0, 0, 5, 1, -11 ], [ 0, 0, 0, 0, 0, 0, 0, 0, 0, 1, 2, -20 ], [ 0, 0, 0, 0, 0, 0, 0, 0, 0, -11, -20, 202 ] ], 
  [ [ 26, -72, 1, 0, 0, 0, 0, 0, 0, 0, 0, 0 ], [ -72, 202, 3, 0, 0, 0, 0, 0, 0, 0, 0, 0 ], [ 1, 3, 13, 0, 0, 0, 0, 0, 0, 0, 0, 0 ], [ 0, 0, 0, 21, -50, 192, 0, 0, 0, 0, 0, 0 ], 
      [ 0, 0, 0, -50, 120, -462, 0, 0, 0, 0, 0, 0 ], [ 0, 0, 0, 192, -462, 1781, 0, 0, 0, 0, 0, 0 ], [ 0, 0, 0, 0, 0, 0, 5, -14, -11, 0, 0, 0 ], 
      [ 0, 0, 0, 0, 0, 0, -14, 41, 36, 0, 0, 0 ], [ 0, 0, 0, 0, 0, 0, -11, 36, 41, 0, 0, 0 ], [ 0, 0, 0, 0, 0, 0, 0, 0, 0, 317, -139, -116 ], [ 0, 0, 0, 0, 0, 0, 0, 0, 0, -139, 61, 52 ], 
      [ 0, 0, 0, 0, 0, 0, 0, 0, 0, -116, 52, 69 ] ], [ [ 1306, -144, 651, 0, 0, 0, 0, 0, 0, 0, 0, 0 ], [ -144, 16, -72, 0, 0, 0, 0, 0, 0, 0, 0, 0 ], 
      [ 651, -72, 325, 0, 0, 0, 0, 0, 0, 0, 0, 0 ], [ 0, 0, 0, 68, -230, 34, 0, 0, 0, 0, 0, 0 ], [ 0, 0, 0, -230, 778, -115, 0, 0, 0, 0, 0, 0 ], [ 0, 0, 0, 34, -115, 21, 0, 0, 0, 0, 0, 0 ], 
      [ 0, 0, 0, 0, 0, 0, 125, -18, -351, 0, 0, 0 ], [ 0, 0, 0, 0, 0, 0, -18, 9, 49, 0, 0, 0 ], [ 0, 0, 0, 0, 0, 0, -351, 49, 986, 0, 0, 0 ], 
      [ 0, 0, 0, 0, 0, 0, 0, 0, 0, 1153, -326, 235 ], [ 0, 0, 0, 0, 0, 0, 0, 0, 0, -326, 120, -44 ], [ 0, 0, 0, 0, 0, 0, 0, 0, 0, 235, -44, 66 ] ], 
  [ [ 4, -861, -166, 0, 0, 0, 0, 0, 0, 0, 0, 0 ], [ -861, 205888, 39692, 0, 0, 0, 0, 0, 0, 0, 0, 0 ], [ -166, 39692, 7652, 0, 0, 0, 0, 0, 0, 0, 0, 0 ], 
      [ 0, 0, 0, 8, 4, -17, 0, 0, 0, 0, 0, 0 ], [ 0, 0, 0, 4, 4, -14, 0, 0, 0, 0, 0, 0 ], [ 0, 0, 0, -17, -14, 52, 0, 0, 0, 0, 0, 0 ], [ 0, 0, 0, 0, 0, 0, 160, 5, -47, 0, 0, 0 ], 
      [ 0, 0, 0, 0, 0, 0, 5, 2, -2, 0, 0, 0 ], [ 0, 0, 0, 0, 0, 0, -47, -2, 14, 0, 0, 0 ], [ 0, 0, 0, 0, 0, 0, 0, 0, 0, 84, 51, -270 ], [ 0, 0, 0, 0, 0, 0, 0, 0, 0, 51, 40, -165 ], 
      [ 0, 0, 0, 0, 0, 0, 0, 0, 0, -270, -165, 868 ] ], [ [ 3380, -1476, -266, 0, 0, 0, 0, 0, 0, 0, 0, 0 ], [ -1476, 645, 116, 0, 0, 0, 0, 0, 0, 0, 0, 0 ], 
      [ -266, 116, 21, 0, 0, 0, 0, 0, 0, 0, 0, 0 ], [ 0, 0, 0, 794, -410, -353, 0, 0, 0, 0, 0, 0 ], [ 0, 0, 0, -410, 260, 184, 0, 0, 0, 0, 0, 0 ], [ 0, 0, 0, -353, 184, 157, 0, 0, 0, 0, 0, 0 ], 
      [ 0, 0, 0, 0, 0, 0, 3905, 2269, -84, 0, 0, 0 ], [ 0, 0, 0, 0, 0, 0, 2269, 1322, -46, 0, 0, 0 ], [ 0, 0, 0, 0, 0, 0, -84, -46, 4, 0, 0, 0 ], 
      [ 0, 0, 0, 0, 0, 0, 0, 0, 0, 1604, 12602, -2504 ], [ 0, 0, 0, 0, 0, 0, 0, 0, 0, 12602, 99010, -19673 ], [ 0, 0, 0, 0, 0, 0, 0, 0, 0, -2504, -19673, 3909 ] ], 
  [ [ 1128, -747, -408, 0, 0, 0, 0, 0, 0, 0, 0, 0 ], [ -747, 506, 268, 0, 0, 0, 0, 0, 0, 0, 0, 0 ], [ -408, 268, 148, 0, 0, 0, 0, 0, 0, 0, 0, 0 ], 
      [ 0, 0, 0, 112, 65, -401, 0, 0, 0, 0, 0, 0 ], [ 0, 0, 0, 65, 40, -232, 0, 0, 0, 0, 0, 0 ], [ 0, 0, 0, -401, -232, 1436, 0, 0, 0, 0, 0, 0 ], [ 0, 0, 0, 0, 0, 0, 440, 575, -224, 0, 0, 0 ], 
      [ 0, 0, 0, 0, 0, 0, 575, 778, -309, 0, 0, 0 ], [ 0, 0, 0, 0, 0, 0, -224, -309, 124, 0, 0, 0 ], [ 0, 0, 0, 0, 0, 0, 0, 0, 0, 1558, 152, -505 ], 
      [ 0, 0, 0, 0, 0, 0, 0, 0, 0, 152, 20, -48 ], [ 0, 0, 0, 0, 0, 0, 0, 0, 0, -505, -48, 164 ] ], [ [ 3509, -956, -243, 0, 0, 0, 0, 0, 0, 0, 0, 0 ], [ -956, 261, 67, 0, 0, 0, 0, 0, 0, 0, 0, 0 ], 
      [ -243, 67, 18, 0, 0, 0, 0, 0, 0, 0, 0, 0 ], [ 0, 0, 0, 53, 40, -26, 0, 0, 0, 0, 0, 0 ], [ 0, 0, 0, 40, 53, -45, 0, 0, 0, 0, 0, 0 ], 
      [ 0, 0, 0, -26, -45, 41, 0, 0, 0, 0, 0, 0 ], [ 0, 0, 0, 0, 0, 0, 4274, 865, -1433, 0, 0, 0 ], [ 0, 0, 0, 0, 0, 0, 865, 177, -289, 0, 0, 0 ], [ 0, 0, 0, 0, 0, 0, -1433, -289, 481, 0, 0, 0 ], 
      [ 0, 0, 0, 0, 0, 0, 0, 0, 0, 138, 22, 53 ], [ 0, 0, 0, 0, 0, 0, 0, 0, 0, 22, 4, 8 ], [ 0, 0, 0, 0, 0, 0, 0, 0, 0, 53, 8, 21 ] ], 
  [ [ 344, -15, -98, 0, 0, 0, 0, 0, 0, 0, 0, 0 ], [ -15, 2, 4, 0, 0, 0, 0, 0, 0, 0, 0, 0 ], [ -98, 4, 28, 0, 0, 0, 0, 0, 0, 0, 0, 0 ], [ 0, 0, 0, 14420, -5190, -911, 0, 0, 0, 0, 0, 0 ], 
      [ 0, 0, 0, -5190, 1868, 328, 0, 0, 0, 0, 0, 0 ], [ 0, 0, 0, -911, 328, 58, 0, 0, 0, 0, 0, 0 ], [ 0, 0, 0, 0, 0, 0, 172, -37, -16, 0, 0, 0 ], 
      [ 0, 0, 0, 0, 0, 0, -37, 8, 3, 0, 0, 0 ], [ 0, 0, 0, 0, 0, 0, -16, 3, 8, 0, 0, 0 ], [ 0, 0, 0, 0, 0, 0, 0, 0, 0, 296, 2658, -747 ], [ 0, 0, 0, 0, 0, 0, 0, 0, 0, 2658, 23880, -6711 ], 
      [ 0, 0, 0, 0, 0, 0, 0, 0, 0, -747, -6711, 1886 ] ], [ [ 28, -94, -37, 0, 0, 0, 0, 0, 0, 0, 0, 0 ], [ -94, 316, 127, 0, 0, 0, 0, 0, 0, 0, 0, 0 ], 
      [ -37, 127, 68, 0, 0, 0, 0, 0, 0, 0, 0, 0 ], [ 0, 0, 0, 16, 7, 116, 0, 0, 0, 0, 0, 0 ], [ 0, 0, 0, 7, 10, 68, 0, 0, 0, 0, 0, 0 ], [ 0, 0, 0, 116, 68, 884, 0, 0, 0, 0, 0, 0 ], 
      [ 0, 0, 0, 0, 0, 0, 28, 7, -27, 0, 0, 0 ], [ 0, 0, 0, 0, 0, 0, 7, 16, -30, 0, 0, 0 ], [ 0, 0, 0, 0, 0, 0, -27, -30, 64, 0, 0, 0 ], 
      [ 0, 0, 0, 0, 0, 0, 0, 0, 0, 92, -66, 278 ], [ 0, 0, 0, 0, 0, 0, 0, 0, 0, -66, 48, -201 ], [ 0, 0, 0, 0, 0, 0, 0, 0, 0, 278, -201, 844 ] ], 
  [ [ 832, 52, 331, 0, 0, 0, 0, 0, 0, 0, 0, 0 ], [ 52, 4, 22, 0, 0, 0, 0, 0, 0, 0, 0, 0 ], [ 331, 22, 134, 0, 0, 0, 0, 0, 0, 0, 0, 0 ], 
      [ 0, 0, 0, 332, 34, -34, 0, 0, 0, 0, 0, 0 ], [ 0, 0, 0, 34, 4, -3, 0, 0, 0, 0, 0, 0 ], [ 0, 0, 0, -34, -3, 4, 0, 0, 0, 0, 0, 0 ], [ 0, 0, 0, 0, 0, 0, 4, 26, 10, 0, 0, 0 ], 
      [ 0, 0, 0, 0, 0, 0, 26, 172, 65, 0, 0, 0 ], [ 0, 0, 0, 0, 0, 0, 10, 65, 26, 0, 0, 0 ], [ 0, 0, 0, 0, 0, 0, 0, 0, 0, 50, -37, 87 ], [ 0, 0, 0, 0, 0, 0, 0, 0, 0, -37, 28, -66 ], 
      [ 0, 0, 0, 0, 0, 0, 0, 0, 0, 87, -66, 156 ] ], [ [ 2480, -58, 1586, 0, 0, 0, 0, 0, 0, 0, 0, 0 ], [ -58, 3, -36, 0, 0, 0, 0, 0, 0, 0, 0, 0 ], 
      [ 1586, -36, 1015, 0, 0, 0, 0, 0, 0, 0, 0, 0 ], [ 0, 0, 0, 3, -1, -2, 0, 0, 0, 0, 0, 0 ], [ 0, 0, 0, -1, 2, 1, 0, 0, 0, 0, 0, 0 ], [ 0, 0, 0, -2, 1, 3, 0, 0, 0, 0, 0, 0 ], 
      [ 0, 0, 0, 0, 0, 0, 2532, -218, -1532, 0, 0, 0 ], [ 0, 0, 0, 0, 0, 0, -218, 19, 132, 0, 0, 0 ], [ 0, 0, 0, 0, 0, 0, -1532, 132, 927, 0, 0, 0 ], [ 0, 0, 0, 0, 0, 0, 0, 0, 0, 111, -660, 283 ], 
      [ 0, 0, 0, 0, 0, 0, 0, 0, 0, -660, 3928, -1684 ], [ 0, 0, 0, 0, 0, 0, 0, 0, 0, 283, -1684, 722 ] ], [ [ 64, -91, -362, 0, 0, 0, 0, 0, 0, 0, 0, 0 ], 
      [ -91, 130, 515, 0, 0, 0, 0, 0, 0, 0, 0, 0 ], [ -362, 515, 2048, 0, 0, 0, 0, 0, 0, 0, 0, 0 ], [ 0, 0, 0, 2548, 140, -1068, 0, 0, 0, 0, 0, 0 ], [ 0, 0, 0, 140, 8, -59, 0, 0, 0, 0, 0, 0 ], 
      [ 0, 0, 0, -1068, -59, 448, 0, 0, 0, 0, 0, 0 ], [ 0, 0, 0, 0, 0, 0, 898, 1278, -305, 0, 0, 0 ], [ 0, 0, 0, 0, 0, 0, 1278, 1828, -436, 0, 0, 0 ], 
      [ 0, 0, 0, 0, 0, 0, -305, -436, 104, 0, 0, 0 ], [ 0, 0, 0, 0, 0, 0, 0, 0, 0, 120, 411, 78 ], [ 0, 0, 0, 0, 0, 0, 0, 0, 0, 411, 1468, 276 ], [ 0, 0, 0, 0, 0, 0, 0, 0, 0, 78, 276, 52 ] ], 
  [ [ 9, -23, 10, 0, 0, 0, 0, 0, 0, 0, 0, 0 ], [ -23, 61, -24, 0, 0, 0, 0, 0, 0, 0, 0, 0 ], [ 10, -24, 13, 0, 0, 0, 0, 0, 0, 0, 0, 0 ], 
      [ 0, 0, 0, 245, -17, -91, 0, 0, 0, 0, 0, 0 ], [ 0, 0, 0, -17, 2, 6, 0, 0, 0, 0, 0, 0 ], [ 0, 0, 0, -91, 6, 34, 0, 0, 0, 0, 0, 0 ], [ 0, 0, 0, 0, 0, 0, 185, -56, 88, 0, 0, 0 ], 
      [ 0, 0, 0, 0, 0, 0, -56, 17, -26, 0, 0, 0 ], [ 0, 0, 0, 0, 0, 0, 88, -26, 52, 0, 0, 0 ], [ 0, 0, 0, 0, 0, 0, 0, 0, 0, 528, -64, 48 ], 
      [ 0, 0, 0, 0, 0, 0, 0, 0, 0, -64, 13, -4 ], [ 0, 0, 0, 0, 0, 0, 0, 0, 0, 48, -4, 5 ] ], [ [ 28, 29, 32, 0, 0, 0, 0, 0, 0, 0, 0, 0 ], [ 29, 34, 22, 0, 0, 0, 0, 0, 0, 0, 0, 0 ], 
      [ 32, 22, 68, 0, 0, 0, 0, 0, 0, 0, 0, 0 ], [ 0, 0, 0, 22, -29, -31, 0, 0, 0, 0, 0, 0 ], [ 0, 0, 0, -29, 40, 41, 0, 0, 0, 0, 0, 0 ], 
      [ 0, 0, 0, -31, 41, 44, 0, 0, 0, 0, 0, 0 ], [ 0, 0, 0, 0, 0, 0, 26, 37, -25, 0, 0, 0 ], [ 0, 0, 0, 0, 0, 0, 37, 56, -32, 0, 0, 0 ], [ 0, 0, 0, 0, 0, 0, -25, -32, 28, 0, 0, 0 ], 
      [ 0, 0, 0, 0, 0, 0, 0, 0, 0, 92, 92, 251 ], [ 0, 0, 0, 0, 0, 0, 0, 0, 0, 92, 112, 279 ], [ 0, 0, 0, 0, 0, 0, 0, 0, 0, 251, 279, 724 ] ], 
  [ [ 620, -195, -38, 0, 0, 0, 0, 0, 0, 0, 0, 0 ], [ -195, 62, 13, 0, 0, 0, 0, 0, 0, 0, 0, 0 ], [ -38, 13, 4, 0, 0, 0, 0, 0, 0, 0, 0, 0 ], [ 0, 0, 0, 10012, -4723, -1556, 0, 0, 0, 0, 0, 0 ], 
      [ 0, 0, 0, -4723, 2228, 734, 0, 0, 0, 0, 0, 0 ], [ 0, 0, 0, -1556, 734, 244, 0, 0, 0, 0, 0, 0 ], [ 0, 0, 0, 0, 0, 0, 2018, -591, 982, 0, 0, 0 ], 
      [ 0, 0, 0, 0, 0, 0, -591, 176, -256, 0, 0, 0 ], [ 0, 0, 0, 0, 0, 0, 982, -256, 820, 0, 0, 0 ], [ 0, 0, 0, 0, 0, 0, 0, 0, 0, 40, -12, 21 ], [ 0, 0, 0, 0, 0, 0, 0, 0, 0, -12, 4, -2 ], 
      [ 0, 0, 0, 0, 0, 0, 0, 0, 0, 21, -2, 58 ] ], [ [ 2653, -5194, 1063, 0, 0, 0, 0, 0, 0, 0, 0, 0 ], [ -5194, 10169, -2081, 0, 0, 0, 0, 0, 0, 0, 0, 0 ], 
      [ 1063, -2081, 426, 0, 0, 0, 0, 0, 0, 0, 0, 0 ], [ 0, 0, 0, 2613, -7209, 415, 0, 0, 0, 0, 0, 0 ], [ 0, 0, 0, -7209, 19889, -1145, 0, 0, 0, 0, 0, 0 ], 
      [ 0, 0, 0, 415, -1145, 66, 0, 0, 0, 0, 0, 0 ], [ 0, 0, 0, 0, 0, 0, 436, -62, -230, 0, 0, 0 ], [ 0, 0, 0, 0, 0, 0, -62, 9, 33, 0, 0, 0 ], 
      [ 0, 0, 0, 0, 0, 0, -230, 33, 122, 0, 0, 0 ], [ 0, 0, 0, 0, 0, 0, 0, 0, 0, 116, 22, -98 ], [ 0, 0, 0, 0, 0, 0, 0, 0, 0, 22, 5, -21 ], [ 0, 0, 0, 0, 0, 0, 0, 0, 0, -98, -21, 90 ] ], 
  [ [ 5, 26, -74, 0, 0, 0, 0, 0, 0, 0, 0, 0 ], [ 26, 152, -430, 0, 0, 0, 0, 0, 0, 0, 0, 0 ], [ -74, -430, 1217, 0, 0, 0, 0, 0, 0, 0, 0, 0 ], 
      [ 0, 0, 0, 18530, -4417, -38164, 0, 0, 0, 0, 0, 0 ], [ 0, 0, 0, -4417, 1053, 9097, 0, 0, 0, 0, 0, 0 ], [ 0, 0, 0, -38164, 9097, 78602, 0, 0, 0, 0, 0, 0 ], 
      [ 0, 0, 0, 0, 0, 0, 113, -165, -68, 0, 0, 0 ], [ 0, 0, 0, 0, 0, 0, -165, 249, 100, 0, 0, 0 ], [ 0, 0, 0, 0, 0, 0, -68, 100, 41, 0, 0, 0 ], 
      [ 0, 0, 0, 0, 0, 0, 0, 0, 0, 84, 34, -356 ], [ 0, 0, 0, 0, 0, 0, 0, 0, 0, 34, 18, -145 ], [ 0, 0, 0, 0, 0, 0, 0, 0, 0, -356, -145, 1509 ] ], 
  [ [ 244, -30, -49, 0, 0, 0, 0, 0, 0, 0, 0, 0 ], [ -30, 4, 6, 0, 0, 0, 0, 0, 0, 0, 0, 0 ], [ -49, 6, 10, 0, 0, 0, 0, 0, 0, 0, 0, 0 ], 
      [ 0, 0, 0, 4, 4, -30, 0, 0, 0, 0, 0, 0 ], [ 0, 0, 0, 4, 8, -33, 0, 0, 0, 0, 0, 0 ], [ 0, 0, 0, -30, -33, 228, 0, 0, 0, 0, 0, 0 ], [ 0, 0, 0, 0, 0, 0, 8, 121, -75, 0, 0, 0 ], 
      [ 0, 0, 0, 0, 0, 0, 121, 1850, -1146, 0, 0, 0 ], [ 0, 0, 0, 0, 0, 0, -75, -1146, 710, 0, 0, 0 ], [ 0, 0, 0, 0, 0, 0, 0, 0, 0, 38, 41, -31 ], 
      [ 0, 0, 0, 0, 0, 0, 0, 0, 0, 41, 52, -38 ], [ 0, 0, 0, 0, 0, 0, 0, 0, 0, -31, -38, 28 ] ], [ [ 326, -35, -743, 0, 0, 0, 0, 0, 0, 0, 0, 0 ], [ -35, 4, 79, 0, 0, 0, 0, 0, 0, 0, 0, 0 ], 
      [ -743, 79, 1696, 0, 0, 0, 0, 0, 0, 0, 0, 0 ], [ 0, 0, 0, 94, 3, 70, 0, 0, 0, 0, 0, 0 ], [ 0, 0, 0, 3, 4, -7, 0, 0, 0, 0, 0, 0 ], 
      [ 0, 0, 0, 70, -7, 74, 0, 0, 0, 0, 0, 0 ], [ 0, 0, 0, 0, 0, 0, 2516, -1752, -1927, 0, 0, 0 ], [ 0, 0, 0, 0, 0, 0, -1752, 1220, 1342, 0, 0, 0 ], [ 0, 0, 0, 0, 0, 0, -1927, 1342, 1480, 0, 0, 0 ],
      [ 0, 0, 0, 0, 0, 0, 0, 0, 0, 74, -21, 76 ], [ 0, 0, 0, 0, 0, 0, 0, 0, 0, -21, 20, -29 ], [ 0, 0, 0, 0, 0, 0, 0, 0, 0, 76, -29, 82 ] ], 
  [ [ 4220, -2768, -15857, 0, 0, 0, 0, 0, 0, 0, 0, 0 ], [ -2768, 1816, 10401, 0, 0, 0, 0, 0, 0, 0, 0, 0 ], [ -15857, 10401, 59584, 0, 0, 0, 0, 0, 0, 0, 0, 0 ], 
      [ 0, 0, 0, 224, -419, 176, 0, 0, 0, 0, 0, 0 ], [ 0, 0, 0, -419, 842, -353, 0, 0, 0, 0, 0, 0 ], [ 0, 0, 0, 176, -353, 148, 0, 0, 0, 0, 0, 0 ], 
      [ 0, 0, 0, 0, 0, 0, 1912, -747, 242, 0, 0, 0 ], [ 0, 0, 0, 0, 0, 0, -747, 292, -95, 0, 0, 0 ], [ 0, 0, 0, 0, 0, 0, 242, -95, 32, 0, 0, 0 ], [ 0, 0, 0, 0, 0, 0, 0, 0, 0, 4, 14, -72 ], 
      [ 0, 0, 0, 0, 0, 0, 0, 0, 0, 14, 62, -297 ], [ 0, 0, 0, 0, 0, 0, 0, 0, 0, -72, -297, 1452 ] ], [ [ 290, 3012, -489, 0, 0, 0, 0, 0, 0, 0, 0, 0 ], 
      [ 3012, 31322, -5083, 0, 0, 0, 0, 0, 0, 0, 0, 0 ], [ -489, -5083, 825, 0, 0, 0, 0, 0, 0, 0, 0, 0 ], [ 0, 0, 0, 589, 52, 382, 0, 0, 0, 0, 0, 0 ], [ 0, 0, 0, 52, 5, 34, 0, 0, 0, 0, 0, 0 ], 
      [ 0, 0, 0, 382, 34, 248, 0, 0, 0, 0, 0, 0 ], [ 0, 0, 0, 0, 0, 0, 458, 137, -1219, 0, 0, 0 ], [ 0, 0, 0, 0, 0, 0, 137, 41, -365, 0, 0, 0 ], 
      [ 0, 0, 0, 0, 0, 0, -1219, -365, 3253, 0, 0, 0 ], [ 0, 0, 0, 0, 0, 0, 0, 0, 0, 89, -249, -492 ], [ 0, 0, 0, 0, 0, 0, 0, 0, 0, -249, 697, 1376 ], [ 0, 0, 0, 0, 0, 0, 0, 0, 0, -492, 1376, 2721 ] 
     ], [ [ 55, 27, -35, 0, 0, 0, 0, 0, 0, 0, 0, 0 ], [ 27, 18, -19, 0, 0, 0, 0, 0, 0, 0, 0, 0 ], [ -35, -19, 23, 0, 0, 0, 0, 0, 0, 0, 0, 0 ], 
      [ 0, 0, 0, 983, -953, 150, 0, 0, 0, 0, 0, 0 ], [ 0, 0, 0, -953, 927, -146, 0, 0, 0, 0, 0, 0 ], [ 0, 0, 0, 150, -146, 23, 0, 0, 0, 0, 0, 0 ], [ 0, 0, 0, 0, 0, 0, 2282, -925, -2179, 0, 0, 0 ], 
      [ 0, 0, 0, 0, 0, 0, -925, 375, 884, 0, 0, 0 ], [ 0, 0, 0, 0, 0, 0, -2179, 884, 2091, 0, 0, 0 ], [ 0, 0, 0, 0, 0, 0, 0, 0, 0, 27, -8, 2 ], 
      [ 0, 0, 0, 0, 0, 0, 0, 0, 0, -8, 7, 3 ], [ 0, 0, 0, 0, 0, 0, 0, 0, 0, 2, 3, 3 ] ], [ [ 2, -5, 4, 0, 0, 0, 0, 0, 0, 0, 0, 0 ], [ -5, 16, -30, 0, 0, 0, 0, 0, 0, 0, 0, 0 ], 
      [ 4, -30, 124, 0, 0, 0, 0, 0, 0, 0, 0, 0 ], [ 0, 0, 0, 52, -136, 13, 0, 0, 0, 0, 0, 0 ], [ 0, 0, 0, -136, 356, -34, 0, 0, 0, 0, 0, 0 ], [ 0, 0, 0, 13, -34, 4, 0, 0, 0, 0, 0, 0 ], 
      [ 0, 0, 0, 0, 0, 0, 2748, -3282, 90, 0, 0, 0 ], [ 0, 0, 0, 0, 0, 0, -3282, 3920, -107, 0, 0, 0 ], [ 0, 0, 0, 0, 0, 0, 90, -107, 4, 0, 0, 0 ], 
      [ 0, 0, 0, 0, 0, 0, 0, 0, 0, 74, -287, 4 ], [ 0, 0, 0, 0, 0, 0, 0, 0, 0, -287, 1120, -19 ], [ 0, 0, 0, 0, 0, 0, 0, 0, 0, 4, -19, 2 ] ], 
  [ [ 1841, 146, 791, 0, 0, 0, 0, 0, 0, 0, 0, 0 ], [ 146, 13, 64, 0, 0, 0, 0, 0, 0, 0, 0, 0 ], [ 791, 64, 341, 0, 0, 0, 0, 0, 0, 0, 0, 0 ], 
      [ 0, 0, 0, 69845, -19757, -31414, 0, 0, 0, 0, 0, 0 ], [ 0, 0, 0, -19757, 5589, 8886, 0, 0, 0, 0, 0, 0 ], [ 0, 0, 0, -31414, 8886, 14129, 0, 0, 0, 0, 0, 0 ], 
      [ 0, 0, 0, 0, 0, 0, 82, -454, 2125, 0, 0, 0 ], [ 0, 0, 0, 0, 0, 0, -454, 2514, -11767, 0, 0, 0 ], [ 0, 0, 0, 0, 0, 0, 2125, -11767, 55077, 0, 0, 0 ], 
      [ 0, 0, 0, 0, 0, 0, 0, 0, 0, 101, -258, 20 ], [ 0, 0, 0, 0, 0, 0, 0, 0, 0, -258, 660, -52 ], [ 0, 0, 0, 0, 0, 0, 0, 0, 0, 20, -52, 5 ] ], 
  [ [ 4, -56, 15, 0, 0, 0, 0, 0, 0, 0, 0, 0 ], [ -56, 1120, -303, 0, 0, 0, 0, 0, 0, 0, 0, 0 ], 
      [ 15, -303, 82, 0, 0, 0, 0, 0, 0, 0, 0, 0 ], [ 0, 0, 0, 20, 2, -30, 0, 0, 0, 0, 0, 0 ], [ 0, 0, 0, 2, 4, 5, 0, 0, 0, 0, 0, 0 ], [ 0, 0, 0, -30, 5, 62, 0, 0, 0, 0, 0, 0 ], 
      [ 0, 0, 0, 0, 0, 0, 500, 2474, -4133, 0, 0, 0 ], [ 0, 0, 0, 0, 0, 0, 2474, 12460, -20822, 0, 0, 0 ], [ 0, 0, 0, 0, 0, 0, -4133, -20822, 34796, 0, 0, 0 ], 
      [ 0, 0, 0, 0, 0, 0, 0, 0, 0, 172, 26, -456 ], [ 0, 0, 0, 0, 0, 0, 0, 0, 0, 26, 4, -69 ], [ 0, 0, 0, 0, 0, 0, 0, 0, 0, -456, -69, 1210 ] ], 
  [ [ 42, -13, 220, 0, 0, 0, 0, 0, 0, 0, 0, 0 ], [ -13, 5, -67, 0, 0, 0, 0, 0, 0, 0, 0, 0 ], 
      [ 220, -67, 1154, 0, 0, 0, 0, 0, 0, 0, 0, 0 ], [ 0, 0, 0, 18, 25, -9, 0, 0, 0, 0, 0, 0 ], [ 0, 0, 0, 25, 61, -16, 0, 0, 0, 0, 0, 0 ], [ 0, 0, 0, -9, -16, 5, 0, 0, 0, 0, 0, 0 ], 
      [ 0, 0, 0, 0, 0, 0, 5, -324, 44, 0, 0, 0 ], [ 0, 0, 0, 0, 0, 0, -324, 53808, -7052, 0, 0, 0 ], [ 0, 0, 0, 0, 0, 0, 44, -7052, 925, 0, 0, 0 ], 
      [ 0, 0, 0, 0, 0, 0, 0, 0, 0, 5569, -2030, 729 ], [ 0, 0, 0, 0, 0, 0, 0, 0, 0, -2030, 740, -266 ], [ 0, 0, 0, 0, 0, 0, 0, 0, 0, 729, -266, 98 ] ], 
  [ [ 4, -7, 25, 0, 0, 0, 0, 0, 0, 0, 0, 0 ], [ -7, 14, -51, 0, 0, 0, 0, 0, 0, 0, 0, 0 ], 
      [ 25, -51, 188, 0, 0, 0, 0, 0, 0, 0, 0, 0 ], [ 0, 0, 0, 52, 124, -248, 0, 0, 0, 0, 0, 0 ], [ 0, 0, 0, 124, 298, -599, 0, 0, 0, 0, 0, 0 ], [ 0, 0, 0, -248, -599, 1208, 0, 0, 0, 0, 0, 0 ], 
      [ 0, 0, 0, 0, 0, 0, 12, -6, -9, 0, 0, 0 ], [ 0, 0, 0, 0, 0, 0, -6, 4, 0, 0, 0, 0 ], [ 0, 0, 0, 0, 0, 0, -9, 0, 28, 0, 0, 0 ], 
      [ 0, 0, 0, 0, 0, 0, 0, 0, 0, 308, -76, 251 ], [ 0, 0, 0, 0, 0, 0, 0, 0, 0, -76, 20, -64 ], [ 0, 0, 0, 0, 0, 0, 0, 0, 0, 251, -64, 208 ] ], 
  [ [ 12, 57, -135, 0, 0, 0, 0, 0, 0, 0, 0, 0 ], [ 57, 322, -763, 0, 0, 0, 0, 0, 0, 0, 0, 0 ], [ -135, -763, 1808, 0, 0, 0, 0, 0, 0, 0, 0, 0 ], 
      [ 0, 0, 0, 188, 51, -26, 0, 0, 0, 0, 0, 0 ], [ 0, 0, 0, 51, 14, -7, 0, 0, 0, 0, 0, 0 ], [ 0, 0, 0, -26, -7, 4, 0, 0, 0, 0, 0, 0 ], [ 0, 0, 0, 0, 0, 0, 548, -632, -170, 0, 0, 0 ], 
      [ 0, 0, 0, 0, 0, 0, -632, 868, 169, 0, 0, 0 ], [ 0, 0, 0, 0, 0, 0, -170, 169, 58, 0, 0, 0 ], [ 0, 0, 0, 0, 0, 0, 0, 0, 0, 10832, -3821, 819 ], 
      [ 0, 0, 0, 0, 0, 0, 0, 0, 0, -3821, 1348, -289 ], [ 0, 0, 0, 0, 0, 0, 0, 0, 0, 819, -289, 62 ] ], [ [ 68, -42, -8, 0, 0, 0, 0, 0, 0, 0, 0, 0 ], [ -42, 26, 5, 0, 0, 0, 0, 0, 0, 0, 0, 0 ], 
      [ -8, 5, 4, 0, 0, 0, 0, 0, 0, 0, 0, 0 ], [ 0, 0, 0, 148, 12, 68, 0, 0, 0, 0, 0, 0 ], [ 0, 0, 0, 12, 4, 7, 0, 0, 0, 0, 0, 0 ], 
      [ 0, 0, 0, 68, 7, 32, 0, 0, 0, 0, 0, 0 ], [ 0, 0, 0, 0, 0, 0, 6240, 6843, -16839, 0, 0, 0 ], [ 0, 0, 0, 0, 0, 0, 6843, 7538, -18472, 0, 0, 0 ], 
      [ 0, 0, 0, 0, 0, 0, -16839, -18472, 45442, 0, 0, 0 ], [ 0, 0, 0, 0, 0, 0, 0, 0, 0, 1682, -259, 692 ], [ 0, 0, 0, 0, 0, 0, 0, 0, 0, -259, 40, -104 ], 
      [ 0, 0, 0, 0, 0, 0, 0, 0, 0, 692, -104, 340 ] ], [ [ 5, 11, -10, 0, 0, 0, 0, 0, 0, 0, 0, 0 ], [ 11, 34, -28, 0, 0, 0, 0, 0, 0, 0, 0, 0 ], [ -10, -28, 24, 0, 0, 0, 0, 0, 0, 0, 0, 0 ], 
      [ 0, 0, 0, 5, -8, 10, 0, 0, 0, 0, 0, 0 ], [ 0, 0, 0, -8, 132, -66, 0, 0, 0, 0, 0, 0 ], [ 0, 0, 0, 10, -66, 41, 0, 0, 0, 0, 0, 0 ], 
      [ 0, 0, 0, 0, 0, 0, 5, -43, 115, 0, 0, 0 ], [ 0, 0, 0, 0, 0, 0, -43, 389, -1041, 0, 0, 0 ], [ 0, 0, 0, 0, 0, 0, 115, -1041, 2786, 0, 0, 0 ], [ 0, 0, 0, 0, 0, 0, 0, 0, 0, 10, -1, 18 ], 
      [ 0, 0, 0, 0, 0, 0, 0, 0, 0, -1, 5, 27 ], [ 0, 0, 0, 0, 0, 0, 0, 0, 0, 18, 27, 202 ] ], [ [ 23, 40, -7, 0, 0, 0, 0, 0, 0, 0, 0, 0 ], 
      [ 40, 523, -97, 0, 0, 0, 0, 0, 0, 0, 0, 0 ], [ -7, -97, 18, 0, 0, 0, 0, 0, 0, 0, 0, 0 ], [ 0, 0, 0, 171, 10, -449, 0, 0, 0, 0, 0, 0 ], [ 0, 0, 0, 10, 3, -26, 0, 0, 0, 0, 0, 0 ], 
      [ 0, 0, 0, -449, -26, 1179, 0, 0, 0, 0, 0, 0 ], [ 0, 0, 0, 0, 0, 0, 82, 360, -97, 0, 0, 0 ], [ 0, 0, 0, 0, 0, 0, 360, 1698, -457, 0, 0, 0 ], 
      [ 0, 0, 0, 0, 0, 0, -97, -457, 123, 0, 0, 0 ], [ 0, 0, 0, 0, 0, 0, 0, 0, 0, 2554, 835, 732 ], [ 0, 0, 0, 0, 0, 0, 0, 0, 0, 835, 287, 241 ], [ 0, 0, 0, 0, 0, 0, 0, 0, 0, 732, 241, 210 ] ], 
  [ [ 6260, -3056, -1319, 0, 0, 0, 0, 0, 0, 0, 0, 0 ], [ -3056, 1492, 644, 0, 0, 0, 0, 0, 0, 0, 0, 0 ], [ -1319, 644, 278, 0, 0, 0, 0, 0, 0, 0, 0, 0 ], 
      [ 0, 0, 0, 2152, -739, -762, 0, 0, 0, 0, 0, 0 ], [ 0, 0, 0, -739, 254, 256, 0, 0, 0, 0, 0, 0 ], [ 0, 0, 0, -762, 256, 412, 0, 0, 0, 0, 0, 0 ], [ 0, 0, 0, 0, 0, 0, 44, 120, -37, 0, 0, 0 ], 
      [ 0, 0, 0, 0, 0, 0, 120, 356, -110, 0, 0, 0 ], [ 0, 0, 0, 0, 0, 0, -37, -110, 34, 0, 0, 0 ], [ 0, 0, 0, 0, 0, 0, 0, 0, 0, 116, 872, -148 ], 
      [ 0, 0, 0, 0, 0, 0, 0, 0, 0, 872, 6572, -1117 ], [ 0, 0, 0, 0, 0, 0, 0, 0, 0, -148, -1117, 190 ] ], 
  [ [ 22, 291, 1616, 0, 0, 0, 0, 0, 0, 0, 0, 0 ], [ 291, 3868, 21480, 0, 0, 0, 0, 0, 0, 0, 0, 0 ], [ 1616, 21480, 119284, 0, 0, 0, 0, 0, 0, 0, 0, 0 ], 
      [ 0, 0, 0, 524, 368, 3333, 0, 0, 0, 0, 0, 0 ], [ 0, 0, 0, 368, 260, 2346, 0, 0, 0, 0, 0, 0 ], [ 0, 0, 0, 3333, 2346, 21218, 0, 0, 0, 0, 0, 0 ], [ 0, 0, 0, 0, 0, 0, 436, -271, -24, 0, 0, 0 ], 
      [ 0, 0, 0, 0, 0, 0, -271, 172, 18, 0, 0, 0 ], [ 0, 0, 0, 0, 0, 0, -24, 18, 4, 0, 0, 0 ], [ 0, 0, 0, 0, 0, 0, 0, 0, 0, 4, -36, -6 ], 
      [ 0, 0, 0, 0, 0, 0, 0, 0, 0, -36, 400, 69 ], [ 0, 0, 0, 0, 0, 0, 0, 0, 0, -6, 69, 12 ] ], [ [ 374, -37, -228, 0, 0, 0, 0, 0, 0, 0, 0, 0 ], [ -37, 4, 22, 0, 0, 0, 0, 0, 0, 0, 0, 0 ], 
      [ -228, 22, 140, 0, 0, 0, 0, 0, 0, 0, 0, 0 ], [ 0, 0, 0, 1864, -6523, 429, 0, 0, 0, 0, 0, 0 ], [ 0, 0, 0, -6523, 22838, -1505, 0, 0, 0, 0, 0, 0 ], 
      [ 0, 0, 0, 429, -1505, 100, 0, 0, 0, 0, 0, 0 ], [ 0, 0, 0, 0, 0, 0, 14, -49, -37, 0, 0, 0 ], [ 0, 0, 0, 0, 0, 0, -49, 172, 128, 0, 0, 0 ], [ 0, 0, 0, 0, 0, 0, -37, 128, 104, 0, 0, 0 ], 
      [ 0, 0, 0, 0, 0, 0, 0, 0, 0, 56, 76, -11 ], [ 0, 0, 0, 0, 0, 0, 0, 0, 0, 76, 148, -24 ], [ 0, 0, 0, 0, 0, 0, 0, 0, 0, -11, -24, 4 ] ], 
  [ [ 14600, -2228, 157, 0, 0, 0, 0, 0, 0, 0, 0, 0 ], [ -2228, 340, -24, 0, 0, 0, 0, 0, 0, 0, 0, 0 ], [ 157, -24, 4, 0, 0, 0, 0, 0, 0, 0, 0, 0 ], [ 0, 0, 0, 1040, 62, -435, 0, 0, 0, 0, 0, 0 ], 
      [ 0, 0, 0, 62, 4, -26, 0, 0, 0, 0, 0, 0 ], [ 0, 0, 0, -435, -26, 182, 0, 0, 0, 0, 0, 0 ], [ 0, 0, 0, 0, 0, 0, 4, -142, 55, 0, 0, 0 ], 
      [ 0, 0, 0, 0, 0, 0, -142, 5108, -1978, 0, 0, 0 ], [ 0, 0, 0, 0, 0, 0, 55, -1978, 766, 0, 0, 0 ], [ 0, 0, 0, 0, 0, 0, 0, 0, 0, 28, -587, 844 ], [ 0, 0, 0, 0, 0, 0, 0, 0, 0, -587, 12836, -18453 ]
        , [ 0, 0, 0, 0, 0, 0, 0, 0, 0, 844, -18453, 26528 ] ], [ [ 16, -5, 64, 0, 0, 0, 0, 0, 0, 0, 0, 0 ], [ -5, 4, -23, 0, 0, 0, 0, 0, 0, 0, 0, 0 ], 
      [ 64, -23, 260, 0, 0, 0, 0, 0, 0, 0, 0, 0 ], [ 0, 0, 0, 202, -27, -102, 0, 0, 0, 0, 0, 0 ], [ 0, 0, 0, -27, 4, 14, 0, 0, 0, 0, 0, 0 ], [ 0, 0, 0, -102, 14, 52, 0, 0, 0, 0, 0, 0 ], 
      [ 0, 0, 0, 0, 0, 0, 2128, -380, -729, 0, 0, 0 ], [ 0, 0, 0, 0, 0, 0, -380, 68, 130, 0, 0, 0 ], [ 0, 0, 0, 0, 0, 0, -729, 130, 250, 0, 0, 0 ], 
      [ 0, 0, 0, 0, 0, 0, 0, 0, 0, 12, -12, -30 ], [ 0, 0, 0, 0, 0, 0, 0, 0, 0, -12, 14, 35 ], [ 0, 0, 0, 0, 0, 0, 0, 0, 0, -30, 35, 88 ] ], 
  [ [ 70942, -19634, 2617, 0, 0, 0, 0, 0, 0, 0, 0, 0 ], [ -19634, 5434, -725, 0, 0, 0, 0, 0, 0, 0, 0, 0 ], [ 2617, -725, 104, 0, 0, 0, 0, 0, 0, 0, 0, 0 ], 
      [ 0, 0, 0, 310, -478, -111, 0, 0, 0, 0, 0, 0 ], [ 0, 0, 0, -478, 740, 172, 0, 0, 0, 0, 0, 0 ], [ 0, 0, 0, -111, 172, 40, 0, 0, 0, 0, 0, 0 ], [ 0, 0, 0, 0, 0, 0, 46, -19, -64, 0, 0, 0 ], 
      [ 0, 0, 0, 0, 0, 0, -19, 8, 22, 0, 0, 0 ], [ 0, 0, 0, 0, 0, 0, -64, 22, 220, 0, 0, 0 ], [ 0, 0, 0, 0, 0, 0, 0, 0, 0, 3760, -1659, -612 ], 
      [ 0, 0, 0, 0, 0, 0, 0, 0, 0, -1659, 732, 270 ], [ 0, 0, 0, 0, 0, 0, 0, 0, 0, -612, 270, 100 ] ], [ [ 212, -74, 1, 0, 0, 0, 0, 0, 0, 0, 0, 0 ], [ -74, 28, -5, 0, 0, 0, 0, 0, 0, 0, 0, 0 ], 
      [ 1, -5, 10, 0, 0, 0, 0, 0, 0, 0, 0, 0 ], [ 0, 0, 0, 20, -7, 8, 0, 0, 0, 0, 0, 0 ], [ 0, 0, 0, -7, 32, 2, 0, 0, 0, 0, 0, 0 ], 
      [ 0, 0, 0, 8, 2, 4, 0, 0, 0, 0, 0, 0 ], [ 0, 0, 0, 0, 0, 0, 462, -15, 1998, 0, 0, 0 ], [ 0, 0, 0, 0, 0, 0, -15, 4, -67, 0, 0, 0 ], [ 0, 0, 0, 0, 0, 0, 1998, -67, 8642, 0, 0, 0 ], 
      [ 0, 0, 0, 0, 0, 0, 0, 0, 0, 404, -103, -160 ], [ 0, 0, 0, 0, 0, 0, 0, 0, 0, -103, 34, 43 ], [ 0, 0, 0, 0, 0, 0, 0, 0, 0, -160, 43, 64 ] ], 
  [ [ 14, 7, -2, 0, 0, 0, 0, 0, 0, 0, 0, 0 ], [ 7, 4, -2, 0, 0, 0, 0, 0, 0, 0, 0, 0 ], [ -2, -2, 4, 0, 0, 0, 0, 0, 0, 0, 0, 0 ], [ 0, 0, 0, 20, -21, -49, 0, 0, 0, 0, 0, 0 ], 
      [ 0, 0, 0, -21, 62, 97, 0, 0, 0, 0, 0, 0 ], [ 0, 0, 0, -49, 97, 172, 0, 0, 0, 0, 0, 0 ], [ 0, 0, 0, 0, 0, 0, 12, -27, 6, 0, 0, 0 ], [ 0, 0, 0, 0, 0, 0, -27, 68, -16, 0, 0, 0 ], 
      [ 0, 0, 0, 0, 0, 0, 6, -16, 4, 0, 0, 0 ], [ 0, 0, 0, 0, 0, 0, 0, 0, 0, 2404, -5367, 90 ], [ 0, 0, 0, 0, 0, 0, 0, 0, 0, -5367, 11982, -201 ], [ 0, 0, 0, 0, 0, 0, 0, 0, 0, 90, -201, 4 ] ], 
  [ [ 32, 58, -11, 0, 0, 0, 0, 0, 0, 0, 0, 0 ], [ 58, 224, -25, 0, 0, 0, 0, 0, 0, 0, 0, 0 ], [ -11, -25, 4, 0, 0, 0, 0, 0, 0, 0, 0, 0 ], 
      [ 0, 0, 0, 46, 148, -157, 0, 0, 0, 0, 0, 0 ], [ 0, 0, 0, 148, 478, -505, 0, 0, 0, 0, 0, 0 ], [ 0, 0, 0, -157, -505, 536, 0, 0, 0, 0, 0, 0 ], [ 0, 0, 0, 0, 0, 0, 2008, 2489, -763, 0, 0, 0 ], 
      [ 0, 0, 0, 0, 0, 0, 2489, 3086, -946, 0, 0, 0 ], [ 0, 0, 0, 0, 0, 0, -763, -946, 290, 0, 0, 0 ], [ 0, 0, 0, 0, 0, 0, 0, 0, 0, 8, 1, 19 ], 
      [ 0, 0, 0, 0, 0, 0, 0, 0, 0, 1, 4, -4 ], [ 0, 0, 0, 0, 0, 0, 0, 0, 0, 19, -4, 56 ] ], [ [ 124, -22, -63, 0, 0, 0, 0, 0, 0, 0, 0, 0 ], [ -22, 4, 12, 0, 0, 0, 0, 0, 0, 0, 0, 0 ], 
      [ -63, 12, 40, 0, 0, 0, 0, 0, 0, 0, 0, 0 ], [ 0, 0, 0, 80, 41, 57, 0, 0, 0, 0, 0, 0 ], [ 0, 0, 0, 41, 22, 31, 0, 0, 0, 0, 0, 0 ], 
      [ 0, 0, 0, 57, 31, 44, 0, 0, 0, 0, 0, 0 ], [ 0, 0, 0, 0, 0, 0, 4, -3, -25, 0, 0, 0 ], [ 0, 0, 0, 0, 0, 0, -3, 22, 31, 0, 0, 0 ], [ 0, 0, 0, 0, 0, 0, -25, 31, 164, 0, 0, 0 ], 
      [ 0, 0, 0, 0, 0, 0, 0, 0, 0, 9812, 52, -3480 ], [ 0, 0, 0, 0, 0, 0, 0, 0, 0, 52, 4, -21 ], [ 0, 0, 0, 0, 0, 0, 0, 0, 0, -3480, -21, 1236 ] ], 
  [ [ 928, -177, -2523, 0, 0, 0, 0, 0, 0, 0, 0, 0 ], [ -177, 34, 482, 0, 0, 0, 0, 0, 0, 0, 0, 0 ], [ -2523, 482, 6862, 0, 0, 0, 0, 0, 0, 0, 0, 0 ], [ 0, 0, 0, 50, 191, -64, 0, 0, 0, 0, 0, 0 ], 
      [ 0, 0, 0, 191, 736, -245, 0, 0, 0, 0, 0, 0 ], [ 0, 0, 0, -64, -245, 82, 0, 0, 0, 0, 0, 0 ], [ 0, 0, 0, 0, 0, 0, 3628, -15, -9947, 0, 0, 0 ], 
      [ 0, 0, 0, 0, 0, 0, -15, 10, 41, 0, 0, 0 ], [ 0, 0, 0, 0, 0, 0, -9947, 41, 27272, 0, 0, 0 ], [ 0, 0, 0, 0, 0, 0, 0, 0, 0, 144502, -30985, 64536 ], 
      [ 0, 0, 0, 0, 0, 0, 0, 0, 0, -30985, 6644, -13838 ], [ 0, 0, 0, 0, 0, 0, 0, 0, 0, 64536, -13838, 28828 ] ], [ [ 210, -5, 11, 0, 0, 0, 0, 0, 0, 0, 0, 0 ], 
      [ -5, 27, -17, 0, 0, 0, 0, 0, 0, 0, 0, 0 ], [ 11, -17, 11, 0, 0, 0, 0, 0, 0, 0, 0, 0 ], [ 0, 0, 0, 9168, -2806, 728, 0, 0, 0, 0, 0, 0 ], [ 0, 0, 0, -2806, 859, -223, 0, 0, 0, 0, 0, 0 ], 
      [ 0, 0, 0, 728, -223, 58, 0, 0, 0, 0, 0, 0 ], [ 0, 0, 0, 0, 0, 0, 418, -1539, 5838, 0, 0, 0 ], [ 0, 0, 0, 0, 0, 0, -1539, 5667, -21497, 0, 0, 0 ], 
      [ 0, 0, 0, 0, 0, 0, 5838, -21497, 81546, 0, 0, 0 ], [ 0, 0, 0, 0, 0, 0, 0, 0, 0, 399, -427, 144 ], [ 0, 0, 0, 0, 0, 0, 0, 0, 0, -427, 458, -154 ], [ 0, 0, 0, 0, 0, 0, 0, 0, 0, 144, -154, 52 ] ]
    , [ [ 3602, 516, -8875, 0, 0, 0, 0, 0, 0, 0, 0, 0 ], [ 516, 74, -1271, 0, 0, 0, 0, 0, 0, 0, 0, 0 ], [ -8875, -1271, 21869, 0, 0, 0, 0, 0, 0, 0, 0, 0 ], 
      [ 0, 0, 0, 260, -650, 16, 0, 0, 0, 0, 0, 0 ], [ 0, 0, 0, -650, 1629, -44, 0, 0, 0, 0, 0, 0 ], [ 0, 0, 0, 16, -44, 5, 0, 0, 0, 0, 0, 0 ], [ 0, 0, 0, 0, 0, 0, 32, 308, -100, 0, 0, 0 ], 
      [ 0, 0, 0, 0, 0, 0, 308, 2969, -965, 0, 0, 0 ], [ 0, 0, 0, 0, 0, 0, -100, -965, 314, 0, 0, 0 ], [ 0, 0, 0, 0, 0, 0, 0, 0, 0, 472, -254, -42 ], 
      [ 0, 0, 0, 0, 0, 0, 0, 0, 0, -254, 137, 22 ], [ 0, 0, 0, 0, 0, 0, 0, 0, 0, -42, 22, 5 ] ], [ [ 74, -19, -31, 0, 0, 0, 0, 0, 0, 0, 0, 0 ], [ -19, 5, 10, 0, 0, 0, 0, 0, 0, 0, 0, 0 ], 
      [ -31, 10, 49, 0, 0, 0, 0, 0, 0, 0, 0, 0 ], [ 0, 0, 0, 212, -654, 100, 0, 0, 0, 0, 0, 0 ], [ 0, 0, 0, -654, 2021, -304, 0, 0, 0, 0, 0, 0 ], 
      [ 0, 0, 0, 100, -304, 53, 0, 0, 0, 0, 0, 0 ], [ 0, 0, 0, 0, 0, 0, 114, 50, 133, 0, 0, 0 ], [ 0, 0, 0, 0, 0, 0, 50, 34, 73, 0, 0, 0 ], [ 0, 0, 0, 0, 0, 0, 133, 73, 173, 0, 0, 0 ], 
      [ 0, 0, 0, 0, 0, 0, 0, 0, 0, 14981, 27414, -4778 ], [ 0, 0, 0, 0, 0, 0, 0, 0, 0, 27414, 50169, -8744 ], [ 0, 0, 0, 0, 0, 0, 0, 0, 0, -4778, -8744, 1524 ] ], 
  [ [ 8, -55, 11, 0, 0, 0, 0, 0, 0, 0, 0, 0 ], [ -55, 394, -86, 0, 0, 0, 0, 0, 0, 0, 0, 0 ], [ 11, -86, 22, 0, 0, 0, 0, 0, 0, 0, 0, 0 ], [ 0, 0, 0, 146, 5, -66, 0, 0, 0, 0, 0, 0 ], 
      [ 0, 0, 0, 5, 4, -3, 0, 0, 0, 0, 0, 0 ], [ 0, 0, 0, -66, -3, 30, 0, 0, 0, 0, 0, 0 ], [ 0, 0, 0, 0, 0, 0, 6802, -3063, -1077, 0, 0, 0 ], 
      [ 0, 0, 0, 0, 0, 0, -3063, 1380, 486, 0, 0, 0 ], [ 0, 0, 0, 0, 0, 0, -1077, 486, 172, 0, 0, 0 ], [ 0, 0, 0, 0, 0, 0, 0, 0, 0, 52852, -17508, 5312 ], 
      [ 0, 0, 0, 0, 0, 0, 0, 0, 0, -17508, 5800, -1759 ], [ 0, 0, 0, 0, 0, 0, 0, 0, 0, 5312, -1759, 536 ] ], [ [ 4, 8, -2, 0, 0, 0, 0, 0, 0, 0, 0, 0 ], 
      [ 8, 4652, -1197, 0, 0, 0, 0, 0, 0, 0, 0, 0 ], [ -2, -1197, 308, 0, 0, 0, 0, 0, 0, 0, 0, 0 ], [ 0, 0, 0, 118, -1083, -255, 0, 0, 0, 0, 0, 0 ], [ 0, 0, 0, -1083, 9940, 2340, 0, 0, 0, 0, 0, 0 ], 
      [ 0, 0, 0, -255, 2340, 552, 0, 0, 0, 0, 0, 0 ], [ 0, 0, 0, 0, 0, 0, 28, -258, 150, 0, 0, 0 ], [ 0, 0, 0, 0, 0, 0, -258, 3072, -1851, 0, 0, 0 ], 
      [ 0, 0, 0, 0, 0, 0, 150, -1851, 1120, 0, 0, 0 ], [ 0, 0, 0, 0, 0, 0, 0, 0, 0, 12, -6, 3 ], [ 0, 0, 0, 0, 0, 0, 0, 0, 0, -6, 4, 2 ], [ 0, 0, 0, 0, 0, 0, 0, 0, 0, 3, 2, 14 ] ], 
  [ [ 6302, -157, -9912, 0, 0, 0, 0, 0, 0, 0, 0, 0 ], [ -157, 4, 247, 0, 0, 0, 0, 0, 0, 0, 0, 0 ], [ -9912, 247, 15590, 0, 0, 0, 0, 0, 0, 0, 0, 0 ], 
      [ 0, 0, 0, 58, -73, -208, 0, 0, 0, 0, 0, 0 ], [ 0, 0, 0, -73, 92, 262, 0, 0, 0, 0, 0, 0 ], [ 0, 0, 0, -208, 262, 748, 0, 0, 0, 0, 0, 0 ], [ 0, 0, 0, 0, 0, 0, 200, -14, -693, 0, 0, 0 ], 
      [ 0, 0, 0, 0, 0, 0, -14, 4, 50, 0, 0, 0 ], [ 0, 0, 0, 0, 0, 0, -693, 50, 2402, 0, 0, 0 ], [ 0, 0, 0, 0, 0, 0, 0, 0, 0, 29308, 967, -8210 ], 
      [ 0, 0, 0, 0, 0, 0, 0, 0, 0, 967, 32, -271 ], [ 0, 0, 0, 0, 0, 0, 0, 0, 0, -8210, -271, 2300 ] ], [ [ 964, -95, 143, 0, 0, 0, 0, 0, 0, 0, 0, 0 ], [ -95, 14, -16, 0, 0, 0, 0, 0, 0, 0, 0, 0 ], 
      [ 143, -16, 22, 0, 0, 0, 0, 0, 0, 0, 0, 0 ], [ 0, 0, 0, 12, -6, -3, 0, 0, 0, 0, 0, 0 ], [ 0, 0, 0, -6, 4, 0, 0, 0, 0, 0, 0, 0 ], 
      [ 0, 0, 0, -3, 0, 4, 0, 0, 0, 0, 0, 0 ], [ 0, 0, 0, 0, 0, 0, 452, -97, 96, 0, 0, 0 ], [ 0, 0, 0, 0, 0, 0, -97, 22, -29, 0, 0, 0 ], [ 0, 0, 0, 0, 0, 0, 96, -29, 80, 0, 0, 0 ], 
      [ 0, 0, 0, 0, 0, 0, 0, 0, 0, 51728, -9971, 446 ], [ 0, 0, 0, 0, 0, 0, 0, 0, 0, -9971, 1922, -86 ], [ 0, 0, 0, 0, 0, 0, 0, 0, 0, 446, -86, 4 ] ], 
  [ [ 10610, -659, -1128, 0, 0, 0, 0, 0, 0, 0, 0, 0 ], [ -659, 41, 70, 0, 0, 0, 0, 0, 0, 0, 0, 0 ], [ -1128, 70, 120, 0, 0, 0, 0, 0, 0, 0, 0, 0 ], [ 0, 0, 0, 839601, 202653, 162482, 0, 0, 0, 0, 0, 0 
         ], [ 0, 0, 0, 202653, 48914, 39218, 0, 0, 0, 0, 0, 0 ], [ 0, 0, 0, 162482, 39218, 31444, 0, 0, 0, 0, 0, 0 ], [ 0, 0, 0, 0, 0, 0, 9, -36, 11, 0, 0, 0 ], 
      [ 0, 0, 0, 0, 0, 0, -36, 257, -64, 0, 0, 0 ], [ 0, 0, 0, 0, 0, 0, 11, -64, 17, 0, 0, 0 ], [ 0, 0, 0, 0, 0, 0, 0, 0, 0, 693, -157, -160 ], [ 0, 0, 0, 0, 0, 0, 0, 0, 0, -157, 37, 36 ], 
      [ 0, 0, 0, 0, 0, 0, 0, 0, 0, -160, 36, 37 ] ], [ [ 68, -120, 14, 0, 0, 0, 0, 0, 0, 0, 0, 0 ], [ -120, 212, -25, 0, 0, 0, 0, 0, 0, 0, 0, 0 ], 
      [ 14, -25, 4, 0, 0, 0, 0, 0, 0, 0, 0, 0 ], [ 0, 0, 0, 62, -49, 7, 0, 0, 0, 0, 0, 0 ], [ 0, 0, 0, -49, 104, -20, 0, 0, 0, 0, 0, 0 ], [ 0, 0, 0, 7, -20, 4, 0, 0, 0, 0, 0, 0 ], 
      [ 0, 0, 0, 0, 0, 0, 4, -25, 61, 0, 0, 0 ], [ 0, 0, 0, 0, 0, 0, -25, 212, -516, 0, 0, 0 ], [ 0, 0, 0, 0, 0, 0, 61, -516, 1256, 0, 0, 0 ], [ 0, 0, 0, 0, 0, 0, 0, 0, 0, 148, 77, 106 ], 
      [ 0, 0, 0, 0, 0, 0, 0, 0, 0, 77, 98, 53 ], [ 0, 0, 0, 0, 0, 0, 0, 0, 0, 106, 53, 76 ] ], [ [ 682, -165, -2260, 0, 0, 0, 0, 0, 0, 0, 0, 0 ], 
      [ -165, 40, 547, 0, 0, 0, 0, 0, 0, 0, 0, 0 ], [ -2260, 547, 7490, 0, 0, 0, 0, 0, 0, 0, 0, 0 ], [ 0, 0, 0, 98, -188, -87, 0, 0, 0, 0, 0, 0 ], [ 0, 0, 0, -188, 362, 165, 0, 0, 0, 0, 0, 0 ], 
      [ 0, 0, 0, -87, 165, 80, 0, 0, 0, 0, 0, 0 ], [ 0, 0, 0, 0, 0, 0, 328, 149, -637, 0, 0, 0 ], [ 0, 0, 0, 0, 0, 0, 149, 68, -285, 0, 0, 0 ], 
      [ 0, 0, 0, 0, 0, 0, -637, -285, 1298, 0, 0, 0 ], [ 0, 0, 0, 0, 0, 0, 0, 0, 0, 17188, -41998, 332 ], [ 0, 0, 0, 0, 0, 0, 0, 0, 0, -41998, 102620, -811 ], 
      [ 0, 0, 0, 0, 0, 0, 0, 0, 0, 332, -811, 8 ] ], [ [ 68, -152, -246, 0, 0, 0, 0, 0, 0, 0, 0, 0 ], [ -152, 340, 545, 0, 0, 0, 0, 0, 0, 0, 0, 0 ], 
      [ -246, 545, 992, 0, 0, 0, 0, 0, 0, 0, 0, 0 ], [ 0, 0, 0, 12, -6, -51, 0, 0, 0, 0, 0, 0 ], [ 0, 0, 0, -6, 4, 16, 0, 0, 0, 0, 0, 0 ], [ 0, 0, 0, -51, 16, 308, 0, 0, 0, 0, 0, 0 ], 
      [ 0, 0, 0, 0, 0, 0, 876, -477, 822, 0, 0, 0 ], [ 0, 0, 0, 0, 0, 0, -477, 260, -448, 0, 0, 0 ], [ 0, 0, 0, 0, 0, 0, 822, -448, 772, 0, 0, 0 ], 
      [ 0, 0, 0, 0, 0, 0, 0, 0, 0, 4, -13, 4 ], [ 0, 0, 0, 0, 0, 0, 0, 0, 0, -13, 260, -72 ], [ 0, 0, 0, 0, 0, 0, 0, 0, 0, 4, -72, 20 ] ], 
  [ [ 104210, -7827, -20569, 0, 0, 0, 0, 0, 0, 0, 0, 0 ], [ -7827, 588, 1545, 0, 0, 0, 0, 0, 0, 0, 0, 0 ], [ -20569, 1545, 4060, 0, 0, 0, 0, 0, 0, 0, 0, 0 ], 
      [ 0, 0, 0, 4, 0, 2, 0, 0, 0, 0, 0, 0 ], [ 0, 0, 0, 0, 4, 9, 0, 0, 0, 0, 0, 0 ], [ 0, 0, 0, 2, 9, 22, 0, 0, 0, 0, 0, 0 ], [ 0, 0, 0, 0, 0, 0, 15980, 4760, -1474, 0, 0, 0 ], 
      [ 0, 0, 0, 0, 0, 0, 4760, 1418, -439, 0, 0, 0 ], [ 0, 0, 0, 0, 0, 0, -1474, -439, 136, 0, 0, 0 ], [ 0, 0, 0, 0, 0, 0, 0, 0, 0, 228, 78, -336 ], [ 0, 0, 0, 0, 0, 0, 0, 0, 0, 78, 32, -139 ], 
      [ 0, 0, 0, 0, 0, 0, 0, 0, 0, -336, -139, 604 ] ], [ [ 24, -106, 0, 0, 0, 0, 0, 0, 0, 0, 0, 0 ], [ -106, 469, 1, 0, 0, 0, 0, 0, 0, 0, 0, 0 ], 
      [ 0, 1, 2, 0, 0, 0, 0, 0, 0, 0, 0, 0 ], [ 0, 0, 0, 29585, 1631, -12155, 0, 0, 0, 0, 0, 0 ], [ 0, 0, 0, 1631, 90, -670, 0, 0, 0, 0, 0, 0 ], [ 0, 0, 0, -12155, -670, 4994, 0, 0, 0, 0, 0, 0 ], 
      [ 0, 0, 0, 0, 0, 0, 3485, -1292, 654, 0, 0, 0 ], [ 0, 0, 0, 0, 0, 0, -1292, 480, -248, 0, 0, 0 ], [ 0, 0, 0, 0, 0, 0, 654, -248, 153, 0, 0, 0 ], 
      [ 0, 0, 0, 0, 0, 0, 0, 0, 0, 49261, -18411, 31923 ], [ 0, 0, 0, 0, 0, 0, 0, 0, 0, -18411, 6881, -11931 ], [ 0, 0, 0, 0, 0, 0, 0, 0, 0, 31923, -11931, 20690 ] ], 
  [ [ 10189, -220, -23905, 0, 0, 0, 0, 0, 0, 0, 0, 0 ], [ -220, 5, 516, 0, 0, 0, 0, 0, 0, 0, 0, 0 ], [ -23905, 516, 56085, 0, 0, 0, 0, 0, 0, 0, 0, 0 ], 
      [ 0, 0, 0, 709, 44, -325, 0, 0, 0, 0, 0, 0 ], [ 0, 0, 0, 44, 5, -20, 0, 0, 0, 0, 0, 0 ], [ 0, 0, 0, -325, -20, 149, 0, 0, 0, 0, 0, 0 ], [ 0, 0, 0, 0, 0, 0, 4912, -2024, -1036, 0, 0, 0 ], 
      [ 0, 0, 0, 0, 0, 0, -2024, 834, 427, 0, 0, 0 ], [ 0, 0, 0, 0, 0, 0, -1036, 427, 221, 0, 0, 0 ], [ 0, 0, 0, 0, 0, 0, 0, 0, 0, 21, -97, 92 ], 
      [ 0, 0, 0, 0, 0, 0, 0, 0, 0, -97, 450, -426 ], [ 0, 0, 0, 0, 0, 0, 0, 0, 0, 92, -426, 404 ] ], [ [ 56, -189, -171, 0, 0, 0, 0, 0, 0, 0, 0, 0 ], [ -189, 638, 576, 0, 0, 0, 0, 0, 0, 0, 0, 0 ], 
      [ -171, 576, 534, 0, 0, 0, 0, 0, 0, 0, 0, 0 ], [ 0, 0, 0, 1004, 261, -1306, 0, 0, 0, 0, 0, 0 ], [ 0, 0, 0, 261, 68, -343, 0, 0, 0, 0, 0, 0 ], 
      [ 0, 0, 0, -1306, -343, 1780, 0, 0, 0, 0, 0, 0 ], [ 0, 0, 0, 0, 0, 0, 2504, -2019, -314, 0, 0, 0 ], [ 0, 0, 0, 0, 0, 0, -2019, 1628, 253, 0, 0, 0 ], [ 0, 0, 0, 0, 0, 0, -314, 253, 40, 0, 0, 0 ]
        , [ 0, 0, 0, 0, 0, 0, 0, 0, 0, 4, 12, -54 ], [ 0, 0, 0, 0, 0, 0, 0, 0, 0, 12, 40, -183 ], [ 0, 0, 0, 0, 0, 0, 0, 0, 0, -54, -183, 840 ] ], 
  [ [ 34, -147, 14, 0, 0, 0, 0, 0, 0, 0, 0, 0 ], [ -147, 640, -69, 0, 0, 0, 0, 0, 0, 0, 0, 0 ], [ 14, -69, 22, 0, 0, 0, 0, 0, 0, 0, 0, 0 ], [ 0, 0, 0, 128, -119, 573, 0, 0, 0, 0, 0, 0 ], 
      [ 0, 0, 0, -119, 112, -540, 0, 0, 0, 0, 0, 0 ], [ 0, 0, 0, 573, -540, 2604, 0, 0, 0, 0, 0, 0 ], [ 0, 0, 0, 0, 0, 0, 356, 39, -84, 0, 0, 0 ], 
      [ 0, 0, 0, 0, 0, 0, 39, 8, -10, 0, 0, 0 ], [ 0, 0, 0, 0, 0, 0, -84, -10, 20, 0, 0, 0 ], [ 0, 0, 0, 0, 0, 0, 0, 0, 0, 172, -217, -582 ], [ 0, 0, 0, 0, 0, 0, 0, 0, 0, -217, 274, 735 ], 
      [ 0, 0, 0, 0, 0, 0, 0, 0, 0, -582, 735, 1972 ] ], [ [ 22, -51, 71, 0, 0, 0, 0, 0, 0, 0, 0, 0 ], [ -51, 136, -188, 0, 0, 0, 0, 0, 0, 0, 0, 0 ], 
      [ 71, -188, 260, 0, 0, 0, 0, 0, 0, 0, 0, 0 ], [ 0, 0, 0, 2, -11, 0, 0, 0, 0, 0, 0, 0 ], [ 0, 0, 0, -11, 76, -36, 0, 0, 0, 0, 0, 0 ], [ 0, 0, 0, 0, -36, 84, 0, 0, 0, 0, 0, 0 ], 
      [ 0, 0, 0, 0, 0, 0, 2572, -710, -33, 0, 0, 0 ], [ 0, 0, 0, 0, 0, 0, -710, 196, 9, 0, 0, 0 ], [ 0, 0, 0, 0, 0, 0, -33, 9, 4, 0, 0, 0 ], 
      [ 0, 0, 0, 0, 0, 0, 0, 0, 0, 1708, -69, 3300 ], [ 0, 0, 0, 0, 0, 0, 0, 0, 0, -69, 4, -126 ], [ 0, 0, 0, 0, 0, 0, 0, 0, 0, 3300, -126, 6420 ] ], 
  [ [ 9, 20, -22, 0, 0, 0, 0, 0, 0, 0, 0, 0 ], [ 20, 57, -54, 0, 0, 0, 0, 0, 0, 0, 0, 0 ], [ -22, -54, 56, 0, 0, 0, 0, 0, 0, 0, 0, 0 ], 
      [ 0, 0, 0, 137, 17, -77, 0, 0, 0, 0, 0, 0 ], [ 0, 0, 0, 17, 13, 13, 0, 0, 0, 0, 0, 0 ], [ 0, 0, 0, -77, 13, 90, 0, 0, 0, 0, 0, 0 ], [ 0, 0, 0, 0, 0, 0, 802, 268, -1665, 0, 0, 0 ], 
      [ 0, 0, 0, 0, 0, 0, 268, 90, -555, 0, 0, 0 ], [ 0, 0, 0, 0, 0, 0, -1665, -555, 3461, 0, 0, 0 ], [ 0, 0, 0, 0, 0, 0, 0, 0, 0, 5, 9, -18 ], 
      [ 0, 0, 0, 0, 0, 0, 0, 0, 0, 9, 61, -86 ], [ 0, 0, 0, 0, 0, 0, 0, 0, 0, -18, -86, 129 ] ], [ [ 18, -130, 317, 0, 0, 0, 0, 0, 0, 0, 0, 0 ], [ -130, 1476, -3596, 0, 0, 0, 0, 0, 0, 0, 0, 0 ], 
      [ 317, -3596, 8761, 0, 0, 0, 0, 0, 0, 0, 0, 0 ], [ 0, 0, 0, 32, -84, 56, 0, 0, 0, 0, 0, 0 ], [ 0, 0, 0, -84, 221, -148, 0, 0, 0, 0, 0, 0 ], 
      [ 0, 0, 0, 56, -148, 101, 0, 0, 0, 0, 0, 0 ], [ 0, 0, 0, 0, 0, 0, 778, 1, -1832, 0, 0, 0 ], [ 0, 0, 0, 0, 0, 0, 1, 5, -3, 0, 0, 0 ], [ 0, 0, 0, 0, 0, 0, -1832, -3, 4314, 0, 0, 0 ], 
      [ 0, 0, 0, 0, 0, 0, 0, 0, 0, 42, -283, -20 ], [ 0, 0, 0, 0, 0, 0, 0, 0, 0, -283, 2001, 163 ], [ 0, 0, 0, 0, 0, 0, 0, 0, 0, -20, 163, 18 ] ], 
  [ [ 10, -6, -31, 0, 0, 0, 0, 0, 0, 0, 0, 0 ], [ -6, 4, 18, 0, 0, 0, 0, 0, 0, 0, 0, 0 ], [ -31, 18, 99, 0, 0, 0, 0, 0, 0, 0, 0, 0 ], [ 0, 0, 0, 67, 254, -100, 0, 0, 0, 0, 0, 0 ], 
      [ 0, 0, 0, 254, 963, -379, 0, 0, 0, 0, 0, 0 ], [ 0, 0, 0, -100, -379, 151, 0, 0, 0, 0, 0, 0 ], [ 0, 0, 0, 0, 0, 0, 3, 26, -8, 0, 0, 0 ], 
      [ 0, 0, 0, 0, 0, 0, 26, 1051, -329, 0, 0, 0 ], [ 0, 0, 0, 0, 0, 0, -8, -329, 103, 0, 0, 0 ], [ 0, 0, 0, 0, 0, 0, 0, 0, 0, 2, 1, -5 ], [ 0, 0, 0, 0, 0, 0, 0, 0, 0, 1, 7, 1 ], 
      [ 0, 0, 0, 0, 0, 0, 0, 0, 0, -5, 1, 15 ] ], [ [ 113, 64, 158, 0, 0, 0, 0, 0, 0, 0, 0, 0 ], [ 64, 41, 89, 0, 0, 0, 0, 0, 0, 0, 0, 0 ], 
      [ 158, 89, 221, 0, 0, 0, 0, 0, 0, 0, 0, 0 ], [ 0, 0, 0, 5, -40, 12, 0, 0, 0, 0, 0, 0 ], [ 0, 0, 0, -40, 416, -124, 0, 0, 0, 0, 0, 0 ], [ 0, 0, 0, 12, -124, 37, 0, 0, 0, 0, 0, 0 ], 
      [ 0, 0, 0, 0, 0, 0, 5, -129, -99, 0, 0, 0 ], [ 0, 0, 0, 0, 0, 0, -129, 3450, 2654, 0, 0, 0 ], [ 0, 0, 0, 0, 0, 0, -99, 2654, 2042, 0, 0, 0 ], 
      [ 0, 0, 0, 0, 0, 0, 0, 0, 0, 338, -41, -428 ], [ 0, 0, 0, 0, 0, 0, 0, 0, 0, -41, 5, 52 ], [ 0, 0, 0, 0, 0, 0, 0, 0, 0, -428, 52, 544 ] ], 
  [ [ 9959, -15777, -157, 0, 0, 0, 0, 0, 0, 0, 0, 0 ], [ -15777, 24994, 249, 0, 0, 0, 0, 0, 0, 0, 0, 0 ], [ -157, 249, 3, 0, 0, 0, 0, 0, 0, 0, 0, 0 ], 
      [ 0, 0, 0, 82, 15, -55, 0, 0, 0, 0, 0, 0 ], [ 0, 0, 0, 15, 3, -13, 0, 0, 0, 0, 0, 0 ], [ 0, 0, 0, -55, -13, 71, 0, 0, 0, 0, 0, 0 ], [ 0, 0, 0, 0, 0, 0, 34, 5, -5, 0, 0, 0 ], 
      [ 0, 0, 0, 0, 0, 0, 5, 379, -30, 0, 0, 0 ], [ 0, 0, 0, 0, 0, 0, -5, -30, 3, 0, 0, 0 ], [ 0, 0, 0, 0, 0, 0, 0, 0, 0, 911, -60, -78 ], [ 0, 0, 0, 0, 0, 0, 0, 0, 0, -60, 8, 4 ], 
      [ 0, 0, 0, 0, 0, 0, 0, 0, 0, -78, 4, 7 ] ], [ [ 4, 2, -8, 0, 0, 0, 0, 0, 0, 0, 0, 0 ], [ 2, 4, -7, 0, 0, 0, 0, 0, 0, 0, 0, 0 ], 
      [ -8, -7, 20, 0, 0, 0, 0, 0, 0, 0, 0, 0 ], [ 0, 0, 0, 5448, -1509, -21402, 0, 0, 0, 0, 0, 0 ], [ 0, 0, 0, -1509, 418, 5928, 0, 0, 0, 0, 0, 0 ], [ 0, 0, 0, -21402, 5928, 84076, 0, 0, 0, 0, 0, 0 
         ], [ 0, 0, 0, 0, 0, 0, 1118, 10, -313, 0, 0, 0 ], [ 0, 0, 0, 0, 0, 0, 10, 4, -4, 0, 0, 0 ], [ 0, 0, 0, 0, 0, 0, -313, -4, 88, 0, 0, 0 ], 
      [ 0, 0, 0, 0, 0, 0, 0, 0, 0, 22714, 2574, -18185 ], [ 0, 0, 0, 0, 0, 0, 0, 0, 0, 2574, 292, -2062 ], [ 0, 0, 0, 0, 0, 0, 0, 0, 0, -18185, -2062, 14564 ] ], 
  [ [ 1052, 9075, -3118, 0, 0, 0, 0, 0, 0, 0, 0, 0 ], [ 9075, 78308, -26905, 0, 0, 0, 0, 0, 0, 0, 0, 0 ], [ -3118, -26905, 9244, 0, 0, 0, 0, 0, 0, 0, 0, 0 ], 
      [ 0, 0, 0, 58, -127, 198, 0, 0, 0, 0, 0, 0 ], [ 0, 0, 0, -127, 296, -461, 0, 0, 0, 0, 0, 0 ], [ 0, 0, 0, 198, -461, 718, 0, 0, 0, 0, 0, 0 ], [ 0, 0, 0, 0, 0, 0, 788, 368, 1828, 0, 0, 0 ], 
      [ 0, 0, 0, 0, 0, 0, 368, 172, 853, 0, 0, 0 ], [ 0, 0, 0, 0, 0, 0, 1828, 853, 4244, 0, 0, 0 ], [ 0, 0, 0, 0, 0, 0, 0, 0, 0, 14, -2, -7 ], 
      [ 0, 0, 0, 0, 0, 0, 0, 0, 0, -2, 4, 2 ], [ 0, 0, 0, 0, 0, 0, 0, 0, 0, -7, 2, 4 ] ], [ [ 280, 153, -391, 0, 0, 0, 0, 0, 0, 0, 0, 0 ], [ 153, 84, -216, 0, 0, 0, 0, 0, 0, 0, 0, 0 ], 
      [ -391, -216, 560, 0, 0, 0, 0, 0, 0, 0, 0, 0 ], [ 0, 0, 0, 428, -97, 185, 0, 0, 0, 0, 0, 0 ], [ 0, 0, 0, -97, 22, -42, 0, 0, 0, 0, 0, 0 ], 
      [ 0, 0, 0, 185, -42, 82, 0, 0, 0, 0, 0, 0 ], [ 0, 0, 0, 0, 0, 0, 6410, 1513, -15101, 0, 0, 0 ], [ 0, 0, 0, 0, 0, 0, 1513, 376, -3562, 0, 0, 0 ], 
      [ 0, 0, 0, 0, 0, 0, -15101, -3562, 35576, 0, 0, 0 ], [ 0, 0, 0, 0, 0, 0, 0, 0, 0, 10, -18, -9 ], [ 0, 0, 0, 0, 0, 0, 0, 0, 0, -18, 100, 0 ], [ 0, 0, 0, 0, 0, 0, 0, 0, 0, -9, 0, 12 ] ], 
  [ [ 548, -32, 138, 0, 0, 0, 0, 0, 0, 0, 0, 0 ], [ -32, 19, -6, 0, 0, 0, 0, 0, 0, 0, 0, 0 ], [ 138, -6, 35, 0, 0, 0, 0, 0, 0, 0, 0, 0 ], 
      [ 0, 0, 0, 7, -3, 6, 0, 0, 0, 0, 0, 0 ], [ 0, 0, 0, -3, 2, -8, 0, 0, 0, 0, 0, 0 ], [ 0, 0, 0, 6, -8, 48, 0, 0, 0, 0, 0, 0 ], [ 0, 0, 0, 0, 0, 0, 4, -60, 50, 0, 0, 0 ], 
      [ 0, 0, 0, 0, 0, 0, -60, 927, -772, 0, 0, 0 ], [ 0, 0, 0, 0, 0, 0, 50, -772, 643, 0, 0, 0 ], [ 0, 0, 0, 0, 0, 0, 0, 0, 0, 68, 178, -162 ], [ 0, 0, 0, 0, 0, 0, 0, 0, 0, 178, 487, -423 ], 
      [ 0, 0, 0, 0, 0, 0, 0, 0, 0, -162, -423, 386 ] ], [ [ 501, -2385, -40, 0, 0, 0, 0, 0, 0, 0, 0, 0 ], [ -2385, 11354, 190, 0, 0, 0, 0, 0, 0, 0, 0, 0 ], 
      [ -40, 190, 4, 0, 0, 0, 0, 0, 0, 0, 0, 0 ], [ 0, 0, 0, 4, -16, -22, 0, 0, 0, 0, 0, 0 ], [ 0, 0, 0, -16, 69, 89, 0, 0, 0, 0, 0, 0 ], [ 0, 0, 0, -22, 89, 122, 0, 0, 0, 0, 0, 0 ], 
      [ 0, 0, 0, 0, 0, 0, 3001, 1109, -3660, 0, 0, 0 ], [ 0, 0, 0, 0, 0, 0, 1109, 410, -1353, 0, 0, 0 ], [ 0, 0, 0, 0, 0, 0, -3660, -1353, 4465, 0, 0, 0 ], 
      [ 0, 0, 0, 0, 0, 0, 0, 0, 0, 1333, 2017, 72 ], [ 0, 0, 0, 0, 0, 0, 0, 0, 0, 2017, 3066, 105 ], [ 0, 0, 0, 0, 0, 0, 0, 0, 0, 72, 105, 5 ] ], 
  [ [ 20, -12, 0, 0, 0, 0, 0, 0, 0, 0, 0, 0 ], [ -12, 32, -7, 0, 0, 0, 0, 0, 0, 0, 0, 0 ], 
      [ 0, -7, 2, 0, 0, 0, 0, 0, 0, 0, 0, 0 ], [ 0, 0, 0, 8, 1, -15, 0, 0, 0, 0, 0, 0 ], [ 0, 0, 0, 1, 268, 116, 0, 0, 0, 0, 0, 0 ], [ 0, 0, 0, -15, 116, 80, 0, 0, 0, 0, 0, 0 ], 
      [ 0, 0, 0, 0, 0, 0, 6172, -183456, 77250, 0, 0, 0 ], [ 0, 0, 0, 0, 0, 0, -183456, 5453158, -2296227, 0, 0, 0 ], [ 0, 0, 0, 0, 0, 0, 77250, -2296227, 966900, 0, 0, 0 ], 
      [ 0, 0, 0, 0, 0, 0, 0, 0, 0, 310, 2333, -9375 ], [ 0, 0, 0, 0, 0, 0, 0, 0, 0, 2333, 17572, -70617 ], [ 0, 0, 0, 0, 0, 0, 0, 0, 0, -9375, -70617, 283792 ] ], 
  [ [ 1594, -563, -4765, 0, 0, 0, 0, 0, 0, 0, 0, 0 ], [ -563, 200, 1680, 0, 0, 0, 0, 0, 0, 0, 0, 0 ], [ -4765, 1680, 14252, 0, 0, 0, 0, 0, 0, 0, 0, 0 ], 
      [ 0, 0, 0, 136, 10, -165, 0, 0, 0, 0, 0, 0 ], [ 0, 0, 0, 10, 4, -30, 0, 0, 0, 0, 0, 0 ], [ 0, 0, 0, -165, -30, 298, 0, 0, 0, 0, 0, 0 ], [ 0, 0, 0, 0, 0, 0, 2900, 1888, -628, 0, 0, 0 ], 
      [ 0, 0, 0, 0, 0, 0, 1888, 1234, -409, 0, 0, 0 ], [ 0, 0, 0, 0, 0, 0, -628, -409, 136, 0, 0, 0 ], [ 0, 0, 0, 0, 0, 0, 0, 0, 0, 9922, -25184, 13941 ], 
      [ 0, 0, 0, 0, 0, 0, 0, 0, 0, -25184, 63922, -35385 ], [ 0, 0, 0, 0, 0, 0, 0, 0, 0, 13941, -35385, 19588 ] ], 
  [ [ 31, -74, 1, 0, 0, 0, 0, 0, 0, 0, 0, 0 ], [ -74, 199, -9, 0, 0, 0, 0, 0, 0, 0, 0, 0 ], [ 1, -9, 2, 0, 0, 0, 0, 0, 0, 0, 0, 0 ], 
      [ 0, 0, 0, 16, -6, 76, 0, 0, 0, 0, 0, 0 ], [ 0, 0, 0, -6, 3, -31, 0, 0, 0, 0, 0, 0 ], [ 0, 0, 0, 76, -31, 370, 0, 0, 0, 0, 0, 0 ], [ 0, 0, 0, 0, 0, 0, 1471, -108, 329, 0, 0, 0 ], 
      [ 0, 0, 0, 0, 0, 0, -108, 8, -24, 0, 0, 0 ], [ 0, 0, 0, 0, 0, 0, 329, -24, 74, 0, 0, 0 ], [ 0, 0, 0, 0, 0, 0, 0, 0, 0, 15408, 5158, -1182 ], 
      [ 0, 0, 0, 0, 0, 0, 0, 0, 0, 5158, 1727, -396 ], [ 0, 0, 0, 0, 0, 0, 0, 0, 0, -1182, -396, 91 ] ], [ [ 712, 97, -705, 0, 0, 0, 0, 0, 0, 0, 0, 0 ], [ 97, 14, -100, 0, 0, 0, 0, 0, 0, 0, 0, 0 ], 
      [ -705, -100, 718, 0, 0, 0, 0, 0, 0, 0, 0, 0 ], [ 0, 0, 0, 2044, -90, -602, 0, 0, 0, 0, 0, 0 ], [ 0, 0, 0, -90, 4, 27, 0, 0, 0, 0, 0, 0 ], 
      [ 0, 0, 0, -602, 27, 184, 0, 0, 0, 0, 0, 0 ], [ 0, 0, 0, 0, 0, 0, 3172, 72, -2250, 0, 0, 0 ], [ 0, 0, 0, 0, 0, 0, 72, 4, -51, 0, 0, 0 ], [ 0, 0, 0, 0, 0, 0, -2250, -51, 1596, 0, 0, 0 ], 
      [ 0, 0, 0, 0, 0, 0, 0, 0, 0, 10, 3, -13 ], [ 0, 0, 0, 0, 0, 0, 0, 0, 0, 3, 4, -13 ], [ 0, 0, 0, 0, 0, 0, 0, 0, 0, -13, -13, 44 ] ], 
  [ [ 404, 140, 182, 0, 0, 0, 0, 0, 0, 0, 0, 0 ], [ 140, 53, 63, 0, 0, 0, 0, 0, 0, 0, 0, 0 ], [ 182, 63, 82, 0, 0, 0, 0, 0, 0, 0, 0, 0 ], [ 0, 0, 0, 1189, -3191, 1016, 0, 0, 0, 0, 0, 0 ], 
      [ 0, 0, 0, -3191, 8577, -2730, 0, 0, 0, 0, 0, 0 ], [ 0, 0, 0, 1016, -2730, 869, 0, 0, 0, 0, 0, 0 ], [ 0, 0, 0, 0, 0, 0, 349, -55, -119, 0, 0, 0 ], 
      [ 0, 0, 0, 0, 0, 0, -55, 594, 3, 0, 0, 0 ], [ 0, 0, 0, 0, 0, 0, -119, 3, 41, 0, 0, 0 ], [ 0, 0, 0, 0, 0, 0, 0, 0, 0, 26, 5, 2 ], [ 0, 0, 0, 0, 0, 0, 0, 0, 0, 5, 17, -5 ], 
      [ 0, 0, 0, 0, 0, 0, 0, 0, 0, 2, -5, 2 ] ], [ [ 130, -15, 52, 0, 0, 0, 0, 0, 0, 0, 0, 0 ], [ -15, 3, -4, 0, 0, 0, 0, 0, 0, 0, 0, 0 ], [ 52, -4, 24, 0, 0, 0, 0, 0, 0, 0, 0, 0 ], 
      [ 0, 0, 0, 19, 28, -20, 0, 0, 0, 0, 0, 0 ], [ 0, 0, 0, 28, 52, -34, 0, 0, 0, 0, 0, 0 ], [ 0, 0, 0, -20, -34, 23, 0, 0, 0, 0, 0, 0 ], 
      [ 0, 0, 0, 0, 0, 0, 68, -22, 8, 0, 0, 0 ], [ 0, 0, 0, 0, 0, 0, -22, 10, -5, 0, 0, 0 ], [ 0, 0, 0, 0, 0, 0, 8, -5, 3, 0, 0, 0 ], [ 0, 0, 0, 0, 0, 0, 0, 0, 0, 79, -319, 46 ], 
      [ 0, 0, 0, 0, 0, 0, 0, 0, 0, -319, 1290, -174 ], [ 0, 0, 0, 0, 0, 0, 0, 0, 0, 46, -174, 100 ] ], [ [ 272, -131, -89, 0, 0, 0, 0, 0, 0, 0, 0, 0 ], 
      [ -131, 64, 46, 0, 0, 0, 0, 0, 0, 0, 0, 0 ], [ -89, 46, 40, 0, 0, 0, 0, 0, 0, 0, 0, 0 ], [ 0, 0, 0, 4, -15, -32, 0, 0, 0, 0, 0, 0 ], [ 0, 0, 0, -15, 58, 136, 0, 0, 0, 0, 0, 0 ], 
      [ 0, 0, 0, -32, 136, 404, 0, 0, 0, 0, 0, 0 ], [ 0, 0, 0, 0, 0, 0, 7862, -2229, -10886, 0, 0, 0 ], [ 0, 0, 0, 0, 0, 0, -2229, 632, 3086, 0, 0, 0 ], 
      [ 0, 0, 0, 0, 0, 0, -10886, 3086, 15076, 0, 0, 0 ], [ 0, 0, 0, 0, 0, 0, 0, 0, 0, 20, 12, -12 ], [ 0, 0, 0, 0, 0, 0, 0, 0, 0, 12, 12, -9 ], [ 0, 0, 0, 0, 0, 0, 0, 0, 0, -12, -9, 8 ] ], 
  [ [ 8, -2, 3, 0, 0, 0, 0, 0, 0, 0, 0, 0 ], [ -2, 136, 41, 0, 0, 0, 0, 0, 0, 0, 0, 0 ], [ 3, 41, 14, 0, 0, 0, 0, 0, 0, 0, 0, 0 ], 
      [ 0, 0, 0, 200, -65, 22, 0, 0, 0, 0, 0, 0 ], [ 0, 0, 0, -65, 22, -6, 0, 0, 0, 0, 0, 0 ], [ 0, 0, 0, 22, -6, 4, 0, 0, 0, 0, 0, 0 ], [ 0, 0, 0, 0, 0, 0, 368, 43, -406, 0, 0, 0 ], 
      [ 0, 0, 0, 0, 0, 0, 43, 8, -47, 0, 0, 0 ], [ 0, 0, 0, 0, 0, 0, -406, -47, 448, 0, 0, 0 ], [ 0, 0, 0, 0, 0, 0, 0, 0, 0, 368, -165, 771 ], 
      [ 0, 0, 0, 0, 0, 0, 0, 0, 0, -165, 74, -346 ], [ 0, 0, 0, 0, 0, 0, 0, 0, 0, 771, -346, 1622 ] ], [ [ 5, 19, -19, 0, 0, 0, 0, 0, 0, 0, 0, 0 ], [ 19, 74, -72, 0, 0, 0, 0, 0, 0, 0, 0, 0 ], 
      [ -19, -72, 74, 0, 0, 0, 0, 0, 0, 0, 0, 0 ], [ 0, 0, 0, 5, -54, 14, 0, 0, 0, 0, 0, 0 ], [ 0, 0, 0, -54, 673, -190, 0, 0, 0, 0, 0, 0 ], 
      [ 0, 0, 0, 14, -190, 56, 0, 0, 0, 0, 0, 0 ], [ 0, 0, 0, 0, 0, 0, 32, -8, -52, 0, 0, 0 ], [ 0, 0, 0, 0, 0, 0, -8, 5, 12, 0, 0, 0 ], [ 0, 0, 0, 0, 0, 0, -52, 12, 85, 0, 0, 0 ], 
      [ 0, 0, 0, 0, 0, 0, 0, 0, 0, 321, -130, 91 ], [ 0, 0, 0, 0, 0, 0, 0, 0, 0, -130, 53, -37 ], [ 0, 0, 0, 0, 0, 0, 0, 0, 0, 91, -37, 26 ] ], 
  [ [ 482, -441, 157, 0, 0, 0, 0, 0, 0, 0, 0, 0 ], [ -441, 404, -143, 0, 0, 0, 0, 0, 0, 0, 0, 0 ], [ 157, -143, 52, 0, 0, 0, 0, 0, 0, 0, 0, 0 ], [ 0, 0, 0, 2, -5, 3, 0, 0, 0, 0, 0, 0 ], 
      [ 0, 0, 0, -5, 164, -72, 0, 0, 0, 0, 0, 0 ], [ 0, 0, 0, 3, -72, 32, 0, 0, 0, 0, 0, 0 ], [ 0, 0, 0, 0, 0, 0, 66, -90, -15, 0, 0, 0 ], 
      [ 0, 0, 0, 0, 0, 0, -90, 244, 12, 0, 0, 0 ], [ 0, 0, 0, 0, 0, 0, -15, 12, 4, 0, 0, 0 ], [ 0, 0, 0, 0, 0, 0, 0, 0, 0, 24676, -12784, -10175 ], [ 0, 0, 0, 0, 0, 0, 0, 0, 0, -12784, 6628, 5270 ], 
      [ 0, 0, 0, 0, 0, 0, 0, 0, 0, -10175, 5270, 4196 ] ], [ [ 4, 6, -16, 0, 0, 0, 0, 0, 0, 0, 0, 0 ], [ 6, 100, -225, 0, 0, 0, 0, 0, 0, 0, 0, 0 ], 
      [ -16, -225, 508, 0, 0, 0, 0, 0, 0, 0, 0, 0 ], [ 0, 0, 0, 40, -451, 186, 0, 0, 0, 0, 0, 0 ], [ 0, 0, 0, -451, 5150, -2124, 0, 0, 0, 0, 0, 0 ], [ 0, 0, 0, 186, -2124, 876, 0, 0, 0, 0, 0, 0 ], 
      [ 0, 0, 0, 0, 0, 0, 1252, 68, -325, 0, 0, 0 ], [ 0, 0, 0, 0, 0, 0, 68, 8, -15, 0, 0, 0 ], [ 0, 0, 0, 0, 0, 0, -325, -15, 86, 0, 0, 0 ], 
      [ 0, 0, 0, 0, 0, 0, 0, 0, 0, 38396, -28662, -349 ], [ 0, 0, 0, 0, 0, 0, 0, 0, 0, -28662, 21396, 261 ], [ 0, 0, 0, 0, 0, 0, 0, 0, 0, -349, 261, 4 ] ], 
  [ [ 297, 1476, -757, 0, 0, 0, 0, 0, 0, 0, 0, 0 ], [ 1476, 7337, -3763, 0, 0, 0, 0, 0, 0, 0, 0, 0 ], [ -757, -3763, 1930, 0, 0, 0, 0, 0, 0, 0, 0, 0 ], 
      [ 0, 0, 0, 1441, -1750, -112, 0, 0, 0, 0, 0, 0 ], [ 0, 0, 0, -1750, 2180, 132, 0, 0, 0, 0, 0, 0 ], [ 0, 0, 0, -112, 132, 9, 0, 0, 0, 0, 0, 0 ], [ 0, 0, 0, 0, 0, 0, 21, -3, 8, 0, 0, 0 ], 
      [ 0, 0, 0, 0, 0, 0, -3, 5, -4, 0, 0, 0 ], [ 0, 0, 0, 0, 0, 0, 8, -4, 5, 0, 0, 0 ], [ 0, 0, 0, 0, 0, 0, 0, 0, 0, 84, -22, -20 ], 
      [ 0, 0, 0, 0, 0, 0, 0, 0, 0, -22, 9, 6 ], [ 0, 0, 0, 0, 0, 0, 0, 0, 0, -20, 6, 5 ] ], [ [ 82, 25, -121, 0, 0, 0, 0, 0, 0, 0, 0, 0 ], [ 25, 8, -42, 0, 0, 0, 0, 0, 0, 0, 0, 0 ], 
      [ -121, -42, 248, 0, 0, 0, 0, 0, 0, 0, 0, 0 ], [ 0, 0, 0, 14, 2, -53, 0, 0, 0, 0, 0, 0 ], [ 0, 0, 0, 2, 4, -40, 0, 0, 0, 0, 0, 0 ], 
      [ 0, 0, 0, -53, -40, 484, 0, 0, 0, 0, 0, 0 ], [ 0, 0, 0, 0, 0, 0, 928, 107, -136, 0, 0, 0 ], [ 0, 0, 0, 0, 0, 0, 107, 14, -16, 0, 0, 0 ], [ 0, 0, 0, 0, 0, 0, -136, -16, 20, 0, 0, 0 ], 
      [ 0, 0, 0, 0, 0, 0, 0, 0, 0, 2982, -11535, -42 ], [ 0, 0, 0, 0, 0, 0, 0, 0, 0, -11535, 44620, 163 ], [ 0, 0, 0, 0, 0, 0, 0, 0, 0, -42, 163, 2 ] ], 
  [ [ 1055, -863, 55, 0, 0, 0, 0, 0, 0, 0, 0, 0 ], [ -863, 706, -45, 0, 0, 0, 0, 0, 0, 0, 0, 0 ], [ 55, -45, 3, 0, 0, 0, 0, 0, 0, 0, 0, 0 ], [ 0, 0, 0, 175, 51, -610, 0, 0, 0, 0, 0, 0 ], 
      [ 0, 0, 0, 51, 15, -178, 0, 0, 0, 0, 0, 0 ], [ 0, 0, 0, -610, -178, 2127, 0, 0, 0, 0, 0, 0 ], [ 0, 0, 0, 0, 0, 0, 55, 128, -508, 0, 0, 0 ], 
      [ 0, 0, 0, 0, 0, 0, 128, 299, -1185, 0, 0, 0 ], [ 0, 0, 0, 0, 0, 0, -508, -1185, 4699, 0, 0, 0 ], [ 0, 0, 0, 0, 0, 0, 0, 0, 0, 67, -88, 12 ], [ 0, 0, 0, 0, 0, 0, 0, 0, 0, -88, 280, -44 ], 
      [ 0, 0, 0, 0, 0, 0, 0, 0, 0, 12, -44, 7 ] ], [ [ 16, 40, -16, 0, 0, 0, 0, 0, 0, 0, 0, 0 ], [ 40, 113, -45, 0, 0, 0, 0, 0, 0, 0, 0, 0 ], 
      [ -16, -45, 18, 0, 0, 0, 0, 0, 0, 0, 0, 0 ], [ 0, 0, 0, 82, 51, 38, 0, 0, 0, 0, 0, 0 ], [ 0, 0, 0, 51, 37, 25, 0, 0, 0, 0, 0, 0 ], [ 0, 0, 0, 38, 25, 18, 0, 0, 0, 0, 0, 0 ], 
      [ 0, 0, 0, 0, 0, 0, 386, 26, -163, 0, 0, 0 ], [ 0, 0, 0, 0, 0, 0, 26, 2, -11, 0, 0, 0 ], [ 0, 0, 0, 0, 0, 0, -163, -11, 69, 0, 0, 0 ], [ 0, 0, 0, 0, 0, 0, 0, 0, 0, 5601, 1599, 5468 ], 
      [ 0, 0, 0, 0, 0, 0, 0, 0, 0, 1599, 458, 1564 ], [ 0, 0, 0, 0, 0, 0, 0, 0, 0, 5468, 1564, 5344 ] ], [ [ 4, 11, 14, 0, 0, 0, 0, 0, 0, 0, 0, 0 ], 
      [ 11, 38, 43, 0, 0, 0, 0, 0, 0, 0, 0, 0 ], [ 14, 43, 52, 0, 0, 0, 0, 0, 0, 0, 0, 0 ], [ 0, 0, 0, 2144, -1333, -6173, 0, 0, 0, 0, 0, 0 ], [ 0, 0, 0, -1333, 844, 3942, 0, 0, 0, 0, 0, 0 ], 
      [ 0, 0, 0, -6173, 3942, 18484, 0, 0, 0, 0, 0, 0 ], [ 0, 0, 0, 0, 0, 0, 20, 8, -1, 0, 0, 0 ], [ 0, 0, 0, 0, 0, 0, 8, 4, -2, 0, 0, 0 ], 
      [ 0, 0, 0, 0, 0, 0, -1, -2, 4, 0, 0, 0 ], [ 0, 0, 0, 0, 0, 0, 0, 0, 0, 68, 10, -16 ], [ 0, 0, 0, 0, 0, 0, 0, 0, 0, 10, 4, -3 ], [ 0, 0, 0, 0, 0, 0, 0, 0, 0, -16, -3, 4 ] ], 
  [ [ 1972, -716, 124, 0, 0, 0, 0, 0, 0, 0, 0, 0 ], [ -716, 260, -45, 0, 0, 0, 0, 0, 0, 0, 0, 0 ], [ 124, -45, 8, 0, 0, 0, 0, 0, 0, 0, 0, 0 ], 
      [ 0, 0, 0, 788, 1807, -2199, 0, 0, 0, 0, 0, 0 ], [ 0, 0, 0, 1807, 4168, -5062, 0, 0, 0, 0, 0, 0 ], [ 0, 0, 0, -2199, -5062, 6152, 0, 0, 0, 0, 0, 0 ], [ 0, 0, 0, 0, 0, 0, 58, -30, 15, 0, 0, 0 ],
      [ 0, 0, 0, 0, 0, 0, -30, 118, -43, 0, 0, 0 ], [ 0, 0, 0, 0, 0, 0, 15, -43, 16, 0, 0, 0 ], [ 0, 0, 0, 0, 0, 0, 0, 0, 0, 10, 23, -45 ], 
      [ 0, 0, 0, 0, 0, 0, 0, 0, 0, 23, 92, -194 ], [ 0, 0, 0, 0, 0, 0, 0, 0, 0, -45, -194, 412 ] ], [ [ 40, -12, -33, 0, 0, 0, 0, 0, 0, 0, 0, 0 ], [ -12, 4, 13, 0, 0, 0, 0, 0, 0, 0, 0, 0 ], 
      [ -33, 13, 52, 0, 0, 0, 0, 0, 0, 0, 0, 0 ], [ 0, 0, 0, 2048, 102, -549, 0, 0, 0, 0, 0, 0 ], [ 0, 0, 0, 102, 12, -36, 0, 0, 0, 0, 0, 0 ], 
      [ 0, 0, 0, -549, -36, 158, 0, 0, 0, 0, 0, 0 ], [ 0, 0, 0, 0, 0, 0, 2548, -638, 3816, 0, 0, 0 ], [ 0, 0, 0, 0, 0, 0, -638, 176, -1061, 0, 0, 0 ], [ 0, 0, 0, 0, 0, 0, 3816, -1061, 6400, 0, 0, 0 ]
        , [ 0, 0, 0, 0, 0, 0, 0, 0, 0, 388, 35, -230 ], [ 0, 0, 0, 0, 0, 0, 0, 0, 0, 35, 4, -19 ], [ 0, 0, 0, 0, 0, 0, 0, 0, 0, -230, -19, 140 ] ], 
  [ [ 44, -139, 141, 0, 0, 0, 0, 0, 0, 0, 0, 0 ], [ -139, 478, -472, 0, 0, 0, 0, 0, 0, 0, 0, 0 ], [ 141, -472, 470, 0, 0, 0, 0, 0, 0, 0, 0, 0 ], [ 0, 0, 0, 10468, -2151, -1100, 0, 0, 0, 0, 0, 0 ], 
      [ 0, 0, 0, -2151, 442, 226, 0, 0, 0, 0, 0, 0 ], [ 0, 0, 0, -1100, 226, 116, 0, 0, 0, 0, 0, 0 ], [ 0, 0, 0, 0, 0, 0, 12, 0, 18, 0, 0, 0 ], 
      [ 0, 0, 0, 0, 0, 0, 0, 26, 5, 0, 0, 0 ], [ 0, 0, 0, 0, 0, 0, 18, 5, 28, 0, 0, 0 ], [ 0, 0, 0, 0, 0, 0, 0, 0, 0, 1024, 202, -1607 ], [ 0, 0, 0, 0, 0, 0, 0, 0, 0, 202, 40, -317 ], 
      [ 0, 0, 0, 0, 0, 0, 0, 0, 0, -1607, -317, 2522 ] ], [ [ 85, -33, 88, 0, 0, 0, 0, 0, 0, 0, 0, 0 ], [ -33, 13, -32, 0, 0, 0, 0, 0, 0, 0, 0, 0 ], 
      [ 88, -32, 117, 0, 0, 0, 0, 0, 0, 0, 0, 0 ], [ 0, 0, 0, 64737, -24152, 164, 0, 0, 0, 0, 0, 0 ], [ 0, 0, 0, -24152, 9025, -54, 0, 0, 0, 0, 0, 0 ], [ 0, 0, 0, 164, -54, 4, 0, 0, 0, 0, 0, 0 ], 
      [ 0, 0, 0, 0, 0, 0, 121, 50, -300, 0, 0, 0 ], [ 0, 0, 0, 0, 0, 0, 50, 24, -122, 0, 0, 0 ], [ 0, 0, 0, 0, 0, 0, -300, -122, 745, 0, 0, 0 ], 
      [ 0, 0, 0, 0, 0, 0, 0, 0, 0, 26, -61, 24 ], [ 0, 0, 0, 0, 0, 0, 0, 0, 0, -61, 149, -61 ], [ 0, 0, 0, 0, 0, 0, 0, 0, 0, 24, -61, 26 ] ], 
  [ [ 104, -101, -29, 0, 0, 0, 0, 0, 0, 0, 0, 0 ], [ -101, 100, 22, 0, 0, 0, 0, 0, 0, 0, 0, 0 ], [ -29, 22, 28, 0, 0, 0, 0, 0, 0, 0, 0, 0 ], 
      [ 0, 0, 0, 2132, 280, -790, 0, 0, 0, 0, 0, 0 ], [ 0, 0, 0, 280, 40, -107, 0, 0, 0, 0, 0, 0 ], [ 0, 0, 0, -790, -107, 296, 0, 0, 0, 0, 0, 0 ], [ 0, 0, 0, 0, 0, 0, 1606, -3076, 2445, 0, 0, 0 ], 
      [ 0, 0, 0, 0, 0, 0, -3076, 5894, -4685, 0, 0, 0 ], [ 0, 0, 0, 0, 0, 0, 2445, -4685, 3724, 0, 0, 0 ], [ 0, 0, 0, 0, 0, 0, 0, 0, 0, 2008, -60, 383 ], 
      [ 0, 0, 0, 0, 0, 0, 0, 0, 0, -60, 4, -10 ], [ 0, 0, 0, 0, 0, 0, 0, 0, 0, 383, -10, 74 ] ], [ [ 381, -99, -251, 0, 0, 0, 0, 0, 0, 0, 0, 0 ], [ -99, 26, 67, 0, 0, 0, 0, 0, 0, 0, 0, 0 ], 
      [ -251, 67, 177, 0, 0, 0, 0, 0, 0, 0, 0, 0 ], [ 0, 0, 0, 32, -44, 160, 0, 0, 0, 0, 0, 0 ], [ 0, 0, 0, -44, 61, -222, 0, 0, 0, 0, 0, 0 ], 
      [ 0, 0, 0, 160, -222, 809, 0, 0, 0, 0, 0, 0 ], [ 0, 0, 0, 0, 0, 0, 728, -78, 600, 0, 0, 0 ], [ 0, 0, 0, 0, 0, 0, -78, 9, -67, 0, 0, 0 ], [ 0, 0, 0, 0, 0, 0, 600, -67, 506, 0, 0, 0 ], 
      [ 0, 0, 0, 0, 0, 0, 0, 0, 0, 4, -22, -2 ], [ 0, 0, 0, 0, 0, 0, 0, 0, 0, -22, 225, -31 ], [ 0, 0, 0, 0, 0, 0, 0, 0, 0, -2, -31, 18 ] ], 
  [ [ 2552, -98, 947, 0, 0, 0, 0, 0, 0, 0, 0, 0 ], [ -98, 4, -36, 0, 0, 0, 0, 0, 0, 0, 0, 0 ], [ 947, -36, 352, 0, 0, 0, 0, 0, 0, 0, 0, 0 ], [ 0, 0, 0, 16, -4, 7, 0, 0, 0, 0, 0, 0 ], 
      [ 0, 0, 0, -4, 4, 14, 0, 0, 0, 0, 0, 0 ], [ 0, 0, 0, 7, 14, 86, 0, 0, 0, 0, 0, 0 ], [ 0, 0, 0, 0, 0, 0, 80, -78, -33, 0, 0, 0 ], 
      [ 0, 0, 0, 0, 0, 0, -78, 80, 31, 0, 0, 0 ], [ 0, 0, 0, 0, 0, 0, -33, 31, 14, 0, 0, 0 ], [ 0, 0, 0, 0, 0, 0, 0, 0, 0, 448, -108, -1045 ], [ 0, 0, 0, 0, 0, 0, 0, 0, 0, -108, 28, 251 ], 
      [ 0, 0, 0, 0, 0, 0, 0, 0, 0, -1045, 251, 2438 ] ], [ [ 52, 77, -22, 0, 0, 0, 0, 0, 0, 0, 0, 0 ], [ 77, 116, -28, 0, 0, 0, 0, 0, 0, 0, 0, 0 ], 
      [ -22, -28, 20, 0, 0, 0, 0, 0, 0, 0, 0, 0 ], [ 0, 0, 0, 4, 2, -10, 0, 0, 0, 0, 0, 0 ], [ 0, 0, 0, 2, 14, -11, 0, 0, 0, 0, 0, 0 ], [ 0, 0, 0, -10, -11, 28, 0, 0, 0, 0, 0, 0 ], 
      [ 0, 0, 0, 0, 0, 0, 52, -13, 103, 0, 0, 0 ], [ 0, 0, 0, 0, 0, 0, -13, 14, -81, 0, 0, 0 ], [ 0, 0, 0, 0, 0, 0, 103, -81, 488, 0, 0, 0 ], 
      [ 0, 0, 0, 0, 0, 0, 0, 0, 0, 1046, -57, -291 ], [ 0, 0, 0, 0, 0, 0, 0, 0, 0, -57, 8, 12 ], [ 0, 0, 0, 0, 0, 0, 0, 0, 0, -291, 12, 84 ] ], 
  [ [ 80, -53, -14, 0, 0, 0, 0, 0, 0, 0, 0, 0 ], [ -53, 40, 12, 0, 0, 0, 0, 0, 0, 0, 0, 0 ], [ -14, 12, 4, 0, 0, 0, 0, 0, 0, 0, 0, 0 ], 
      [ 0, 0, 0, 33802, -366, -12377, 0, 0, 0, 0, 0, 0 ], [ 0, 0, 0, -366, 4, 134, 0, 0, 0, 0, 0, 0 ], [ 0, 0, 0, -12377, 134, 4532, 0, 0, 0, 0, 0, 0 ], [ 0, 0, 0, 0, 0, 0, 156, 264, -426, 0, 0, 0 ],
      [ 0, 0, 0, 0, 0, 0, 264, 478, -763, 0, 0, 0 ], [ 0, 0, 0, 0, 0, 0, -426, -763, 1220, 0, 0, 0 ], [ 0, 0, 0, 0, 0, 0, 0, 0, 0, 4, -9, 30 ], 
      [ 0, 0, 0, 0, 0, 0, 0, 0, 0, -9, 148, -486 ], [ 0, 0, 0, 0, 0, 0, 0, 0, 0, 30, -486, 1596 ] ], [ [ 40, -24, 15, 0, 0, 0, 0, 0, 0, 0, 0, 0 ], [ -24, 52, -38, 0, 0, 0, 0, 0, 0, 0, 0, 0 ], 
      [ 15, -38, 28, 0, 0, 0, 0, 0, 0, 0, 0, 0 ], [ 0, 0, 0, 2590, 2951, -1123, 0, 0, 0, 0, 0, 0 ], [ 0, 0, 0, 2951, 3368, -1282, 0, 0, 0, 0, 0, 0 ], 
      [ 0, 0, 0, -1123, -1282, 488, 0, 0, 0, 0, 0, 0 ], [ 0, 0, 0, 0, 0, 0, 98, -281, 90, 0, 0, 0 ], [ 0, 0, 0, 0, 0, 0, -281, 832, -264, 0, 0, 0 ], [ 0, 0, 0, 0, 0, 0, 90, -264, 84, 0, 0, 0 ], 
      [ 0, 0, 0, 0, 0, 0, 0, 0, 0, 4, -3, 6 ], [ 0, 0, 0, 0, 0, 0, 0, 0, 0, -3, 4, -3 ], [ 0, 0, 0, 0, 0, 0, 0, 0, 0, 6, -3, 12 ] ], 
  [ [ 9428, -3517, 3562, 0, 0, 0, 0, 0, 0, 0, 0, 0 ], [ -3517, 1312, -1329, 0, 0, 0, 0, 0, 0, 0, 0, 0 ], [ 3562, -1329, 1348, 0, 0, 0, 0, 0, 0, 0, 0, 0 ], [ 0, 0, 0, 10, 33, -73, 0, 0, 0, 0, 0, 0 ], 
      [ 0, 0, 0, 33, 112, -250, 0, 0, 0, 0, 0, 0 ], [ 0, 0, 0, -73, -250, 560, 0, 0, 0, 0, 0, 0 ], [ 0, 0, 0, 0, 0, 0, 256, 119, -113, 0, 0, 0 ], 
      [ 0, 0, 0, 0, 0, 0, 119, 58, -52, 0, 0, 0 ], [ 0, 0, 0, 0, 0, 0, -113, -52, 50, 0, 0, 0 ], [ 0, 0, 0, 0, 0, 0, 0, 0, 0, 4, -15, -10 ], [ 0, 0, 0, 0, 0, 0, 0, 0, 0, -15, 58, 39 ], 
      [ 0, 0, 0, 0, 0, 0, 0, 0, 0, -10, 39, 28 ] ], [ [ 2, -5, 5, 0, 0, 0, 0, 0, 0, 0, 0, 0 ], [ -5, 88, -58, 0, 0, 0, 0, 0, 0, 0, 0, 0 ], 
      [ 5, -58, 40, 0, 0, 0, 0, 0, 0, 0, 0, 0 ], [ 0, 0, 0, 598, 43, -1753, 0, 0, 0, 0, 0, 0 ], [ 0, 0, 0, 43, 4, -130, 0, 0, 0, 0, 0, 0 ], [ 0, 0, 0, -1753, -130, 5156, 0, 0, 0, 0, 0, 0 ], 
      [ 0, 0, 0, 0, 0, 0, 772, 324, -378, 0, 0, 0 ], [ 0, 0, 0, 0, 0, 0, 324, 136, -159, 0, 0, 0 ], [ 0, 0, 0, 0, 0, 0, -378, -159, 192, 0, 0, 0 ], 
      [ 0, 0, 0, 0, 0, 0, 0, 0, 0, 3520, 10584, -23785 ], [ 0, 0, 0, 0, 0, 0, 0, 0, 0, 10584, 31828, -71526 ], [ 0, 0, 0, 0, 0, 0, 0, 0, 0, -23785, -71526, 160738 ] ], 
  [ [ 44, -359, 117, 0, 0, 0, 0, 0, 0, 0, 0, 0 ], [ -359, 3040, -986, 0, 0, 0, 0, 0, 0, 0, 0, 0 ], [ 117, -986, 320, 0, 0, 0, 0, 0, 0, 0, 0, 0 ], 
      [ 0, 0, 0, 1052, 1241, -5527, 0, 0, 0, 0, 0, 0 ], [ 0, 0, 0, 1241, 1468, -6519, 0, 0, 0, 0, 0, 0 ], [ 0, 0, 0, -5527, -6519, 29038, 0, 0, 0, 0, 0, 0 ], 
      [ 0, 0, 0, 0, 0, 0, 55762, 2628, -8275, 0, 0, 0 ], [ 0, 0, 0, 0, 0, 0, 2628, 124, -390, 0, 0, 0 ], [ 0, 0, 0, 0, 0, 0, -8275, -390, 1228, 0, 0, 0 ], 
      [ 0, 0, 0, 0, 0, 0, 0, 0, 0, 164, -450, 803 ], [ 0, 0, 0, 0, 0, 0, 0, 0, 0, -450, 1236, -2205 ], [ 0, 0, 0, 0, 0, 0, 0, 0, 0, 803, -2205, 3934 ] ], 
  [ [ 156, -1458, 306, 0, 0, 0, 0, 0, 0, 0, 0, 0 ], [ -1458, 13768, -2883, 0, 0, 0, 0, 0, 0, 0, 0, 0 ], [ 306, -2883, 604, 0, 0, 0, 0, 0, 0, 0, 0, 0 ], 
      [ 0, 0, 0, 3292, -773, 2367, 0, 0, 0, 0, 0, 0 ], [ 0, 0, 0, -773, 182, -556, 0, 0, 0, 0, 0, 0 ], [ 0, 0, 0, 2367, -556, 1702, 0, 0, 0, 0, 0, 0 ], [ 0, 0, 0, 0, 0, 0, 2668, -143, 632, 0, 0, 0 ],
      [ 0, 0, 0, 0, 0, 0, -143, 8, -33, 0, 0, 0 ], [ 0, 0, 0, 0, 0, 0, 632, -33, 152, 0, 0, 0 ], [ 0, 0, 0, 0, 0, 0, 0, 0, 0, 84, -138, -42 ], 
      [ 0, 0, 0, 0, 0, 0, 0, 0, 0, -138, 250, 53 ], [ 0, 0, 0, 0, 0, 0, 0, 0, 0, -42, 53, 32 ] ], [ [ 316, -689, -401, 0, 0, 0, 0, 0, 0, 0, 0, 0 ], [ -689, 1652, 896, 0, 0, 0, 0, 0, 0, 0, 0, 0 ], 
      [ -401, 896, 512, 0, 0, 0, 0, 0, 0, 0, 0, 0 ], [ 0, 0, 0, 490, 117, 75, 0, 0, 0, 0, 0, 0 ], [ 0, 0, 0, 117, 28, 18, 0, 0, 0, 0, 0, 0 ], 
      [ 0, 0, 0, 75, 18, 12, 0, 0, 0, 0, 0, 0 ], [ 0, 0, 0, 0, 0, 0, 32, -6, 23, 0, 0, 0 ], [ 0, 0, 0, 0, 0, 0, -6, 8, -37, 0, 0, 0 ], [ 0, 0, 0, 0, 0, 0, 23, -37, 172, 0, 0, 0 ], 
      [ 0, 0, 0, 0, 0, 0, 0, 0, 0, 614, -279, -107 ], [ 0, 0, 0, 0, 0, 0, 0, 0, 0, -279, 128, 52 ], [ 0, 0, 0, 0, 0, 0, 0, 0, 0, -107, 52, 28 ] ], 
  [ [ 6302, -20857, -26, 0, 0, 0, 0, 0, 0, 0, 0, 0 ], [ -20857, 69028, 86, 0, 0, 0, 0, 0, 0, 0, 0, 0 ], [ -26, 86, 4, 0, 0, 0, 0, 0, 0, 0, 0, 0 ], [ 0, 0, 0, 202, 21, -111, 0, 0, 0, 0, 0, 0 ], 
      [ 0, 0, 0, 21, 4, -18, 0, 0, 0, 0, 0, 0 ], [ 0, 0, 0, -111, -18, 84, 0, 0, 0, 0, 0, 0 ], [ 0, 0, 0, 0, 0, 0, 30324, -25362, 1326, 0, 0, 0 ], 
      [ 0, 0, 0, 0, 0, 0, -25362, 21212, -1109, 0, 0, 0 ], [ 0, 0, 0, 0, 0, 0, 1326, -1109, 58, 0, 0, 0 ], [ 0, 0, 0, 0, 0, 0, 0, 0, 0, 118, -47, -179 ], [ 0, 0, 0, 0, 0, 0, 0, 0, 0, -47, 20, 72 ], 
      [ 0, 0, 0, 0, 0, 0, 0, 0, 0, -179, 72, 272 ] ], [ [ 4, 8, 9, 0, 0, 0, 0, 0, 0, 0, 0, 0 ], [ 8, 20, 16, 0, 0, 0, 0, 0, 0, 0, 0, 0 ], 
      [ 9, 16, 22, 0, 0, 0, 0, 0, 0, 0, 0, 0 ], [ 0, 0, 0, 448, -215, -1816, 0, 0, 0, 0, 0, 0 ], [ 0, 0, 0, -215, 104, 873, 0, 0, 0, 0, 0, 0 ], [ 0, 0, 0, -1816, 873, 7364, 0, 0, 0, 0, 0, 0 ], 
      [ 0, 0, 0, 0, 0, 0, 4, -43, 8, 0, 0, 0 ], [ 0, 0, 0, 0, 0, 0, -43, 584, -108, 0, 0, 0 ], [ 0, 0, 0, 0, 0, 0, 8, -108, 20, 0, 0, 0 ], 
      [ 0, 0, 0, 0, 0, 0, 0, 0, 0, 8, -229, -274 ], [ 0, 0, 0, 0, 0, 0, 0, 0, 0, -229, 6584, 7877 ], [ 0, 0, 0, 0, 0, 0, 0, 0, 0, -274, 7877, 9424 ] ], 
  [ [ 457861, -8175, -1443929, 0, 0, 0, 0, 0, 0, 0, 0, 0 ], [ -8175, 146, 25781, 0, 0, 0, 0, 0, 0, 0, 0, 0 ], [ -1443929, 25781, 4553633, 0, 0, 0, 0, 0, 0, 0, 0, 0 ], 
      [ 0, 0, 0, 452693, -104721, 133334, 0, 0, 0, 0, 0, 0 ], [ 0, 0, 0, -104721, 24225, -30844, 0, 0, 0, 0, 0, 0 ], [ 0, 0, 0, 133334, -30844, 39273, 0, 0, 0, 0, 0, 0 ], 
      [ 0, 0, 0, 0, 0, 0, 9, 15, -103, 0, 0, 0 ], [ 0, 0, 0, 0, 0, 0, 15, 26, -177, 0, 0, 0 ], [ 0, 0, 0, 0, 0, 0, -103, -177, 1209, 0, 0, 0 ], [ 0, 0, 0, 0, 0, 0, 0, 0, 0, 9, 24, -28 ], 
      [ 0, 0, 0, 0, 0, 0, 0, 0, 0, 24, 65, -84 ], [ 0, 0, 0, 0, 0, 0, 0, 0, 0, -28, -84, 176 ] ], [ [ 12450, 1197, -2631, 0, 0, 0, 0, 0, 0, 0, 0, 0 ], 
      [ 1197, 116, -253, 0, 0, 0, 0, 0, 0, 0, 0, 0 ], [ -2631, -253, 556, 0, 0, 0, 0, 0, 0, 0, 0, 0 ], [ 0, 0, 0, 12, -27, -30, 0, 0, 0, 0, 0, 0 ], [ 0, 0, 0, -27, 64, 66, 0, 0, 0, 0, 0, 0 ], 
      [ 0, 0, 0, -30, 66, 76, 0, 0, 0, 0, 0, 0 ], [ 0, 0, 0, 0, 0, 0, 2, -1, -1, 0, 0, 0 ], [ 0, 0, 0, 0, 0, 0, -1, 40, 12, 0, 0, 0 ], 
      [ 0, 0, 0, 0, 0, 0, -1, 12, 4, 0, 0, 0 ], [ 0, 0, 0, 0, 0, 0, 0, 0, 0, 20, -7, -8 ], [ 0, 0, 0, 0, 0, 0, 0, 0, 0, -7, 4, 2 ], [ 0, 0, 0, 0, 0, 0, 0, 0, 0, -8, 2, 4 ] ], 
  [ [ 188, -26, -1576, 0, 0, 0, 0, 0, 0, 0, 0, 0 ], [ -26, 4, 217, 0, 0, 0, 0, 0, 0, 0, 0, 0 ], [ -1576, 217, 13214, 0, 0, 0, 0, 0, 0, 0, 0, 0 ], 
      [ 0, 0, 0, 4, -17, 39, 0, 0, 0, 0, 0, 0 ], [ 0, 0, 0, -17, 100, -228, 0, 0, 0, 0, 0, 0 ], [ 0, 0, 0, 39, -228, 520, 0, 0, 0, 0, 0, 0 ], [ 0, 0, 0, 0, 0, 0, 12, -6, -9, 0, 0, 0 ], 
      [ 0, 0, 0, 0, 0, 0, -6, 4, -1, 0, 0, 0 ], [ 0, 0, 0, 0, 0, 0, -9, -1, 38, 0, 0, 0 ], [ 0, 0, 0, 0, 0, 0, 0, 0, 0, 28, -119, 92 ], 
      [ 0, 0, 0, 0, 0, 0, 0, 0, 0, -119, 772, -565 ], [ 0, 0, 0, 0, 0, 0, 0, 0, 0, 92, -565, 416 ] ], [ [ 117, 117, -226, 0, 0, 0, 0, 0, 0, 0, 0, 0 ], [ 117, 146, -303, 0, 0, 0, 0, 0, 0, 0, 0, 0 ], 
      [ -226, -303, 641, 0, 0, 0, 0, 0, 0, 0, 0, 0 ], [ 0, 0, 0, 129, -968, 459, 0, 0, 0, 0, 0, 0 ], [ 0, 0, 0, -968, 7273, -3447, 0, 0, 0, 0, 0, 0 ], 
      [ 0, 0, 0, 459, -3447, 1634, 0, 0, 0, 0, 0, 0 ], [ 0, 0, 0, 0, 0, 0, 2505, -5330, -878, 0, 0, 0 ], [ 0, 0, 0, 0, 0, 0, -5330, 11341, 1868, 0, 0, 0 ], 
      [ 0, 0, 0, 0, 0, 0, -878, 1868, 308, 0, 0, 0 ], [ 0, 0, 0, 0, 0, 0, 0, 0, 0, 29, -72, 111 ], [ 0, 0, 0, 0, 0, 0, 0, 0, 0, -72, 181, -277 ], [ 0, 0, 0, 0, 0, 0, 0, 0, 0, 111, -277, 426 ] ], 
  [ [ 34, 11, -6, 0, 0, 0, 0, 0, 0, 0, 0, 0 ], [ 11, 5, 0, 0, 0, 0, 0, 0, 0, 0, 0, 0 ], [ -6, 0, 4, 0, 0, 0, 0, 0, 0, 0, 0, 0 ], 
      [ 0, 0, 0, 49, -69, 34, 0, 0, 0, 0, 0, 0 ], [ 0, 0, 0, -69, 98, -48, 0, 0, 0, 0, 0, 0 ], [ 0, 0, 0, 34, -48, 24, 0, 0, 0, 0, 0, 0 ], [ 0, 0, 0, 0, 0, 0, 2741, -787, -1052, 0, 0, 0 ], 
      [ 0, 0, 0, 0, 0, 0, -787, 226, 302, 0, 0, 0 ], [ 0, 0, 0, 0, 0, 0, -1052, 302, 404, 0, 0, 0 ], [ 0, 0, 0, 0, 0, 0, 0, 0, 0, 857, -265, -159 ], 
      [ 0, 0, 0, 0, 0, 0, 0, 0, 0, -265, 82, 50 ], [ 0, 0, 0, 0, 0, 0, 0, 0, 0, -159, 50, 42 ] ], [ [ 804, -1758, 15, 0, 0, 0, 0, 0, 0, 0, 0, 0 ], [ -1758, 3844, -33, 0, 0, 0, 0, 0, 0, 0, 0, 0 ], 
      [ 15, -33, 4, 0, 0, 0, 0, 0, 0, 0, 0, 0 ], [ 0, 0, 0, 508, -1133, 1094, 0, 0, 0, 0, 0, 0 ], [ 0, 0, 0, -1133, 2528, -2440, 0, 0, 0, 0, 0, 0 ], 
      [ 0, 0, 0, 1094, -2440, 2356, 0, 0, 0, 0, 0, 0 ], [ 0, 0, 0, 0, 0, 0, 68, 9, -20, 0, 0, 0 ], [ 0, 0, 0, 0, 0, 0, 9, 2, -6, 0, 0, 0 ], [ 0, 0, 0, 0, 0, 0, -20, -6, 20, 0, 0, 0 ], 
      [ 0, 0, 0, 0, 0, 0, 0, 0, 0, 32, 139, 62 ], [ 0, 0, 0, 0, 0, 0, 0, 0, 0, 139, 604, 270 ], [ 0, 0, 0, 0, 0, 0, 0, 0, 0, 62, 270, 124 ] ], 
  [ [ 4, -20, -7, 0, 0, 0, 0, 0, 0, 0, 0, 0 ], [ -20, 596, 210, 0, 0, 0, 0, 0, 0, 0, 0, 0 ], [ -7, 210, 74, 0, 0, 0, 0, 0, 0, 0, 0, 0 ], [ 0, 0, 0, 52, 14, -50, 0, 0, 0, 0, 0, 0 ], 
      [ 0, 0, 0, 14, 4, -13, 0, 0, 0, 0, 0, 0 ], [ 0, 0, 0, -50, -13, 50, 0, 0, 0, 0, 0, 0 ], [ 0, 0, 0, 0, 0, 0, 260, -94, 76, 0, 0, 0 ], 
      [ 0, 0, 0, 0, 0, 0, -94, 34, -27, 0, 0, 0 ], [ 0, 0, 0, 0, 0, 0, 76, -27, 40, 0, 0, 0 ], [ 0, 0, 0, 0, 0, 0, 0, 0, 0, 20, 8, -69 ], [ 0, 0, 0, 0, 0, 0, 0, 0, 0, 8, 4, -30 ], 
      [ 0, 0, 0, 0, 0, 0, 0, 0, 0, -69, -30, 246 ] ], [ [ 40, -1309, 370, 0, 0, 0, 0, 0, 0, 0, 0, 0 ], [ -1309, 42908, -12128, 0, 0, 0, 0, 0, 0, 0, 0, 0 ], 
      [ 370, -12128, 3428, 0, 0, 0, 0, 0, 0, 0, 0, 0 ], [ 0, 0, 0, 364, -35, -416, 0, 0, 0, 0, 0, 0 ], [ 0, 0, 0, -35, 8, -6, 0, 0, 0, 0, 0, 0 ], [ 0, 0, 0, -416, -6, 932, 0, 0, 0, 0, 0, 0 ], 
      [ 0, 0, 0, 0, 0, 0, 1018, 1276, -325, 0, 0, 0 ], [ 0, 0, 0, 0, 0, 0, 1276, 1628, -410, 0, 0, 0 ], [ 0, 0, 0, 0, 0, 0, -325, -410, 104, 0, 0, 0 ], 
      [ 0, 0, 0, 0, 0, 0, 0, 0, 0, 3052, 494, -242 ], [ 0, 0, 0, 0, 0, 0, 0, 0, 0, 494, 80, -39 ], [ 0, 0, 0, 0, 0, 0, 0, 0, 0, -242, -39, 20 ] ], 
  [ [ 40, -5, -212, 0, 0, 0, 0, 0, 0, 0, 0, 0 ], [ -5, 2, 27, 0, 0, 0, 0, 0, 0, 0, 0, 0 ], 
      [ -212, 27, 1124, 0, 0, 0, 0, 0, 0, 0, 0, 0 ], [ 0, 0, 0, 1712, -449, -735, 0, 0, 0, 0, 0, 0 ], [ 0, 0, 0, -449, 118, 192, 0, 0, 0, 0, 0, 0 ], [ 0, 0, 0, -735, 192, 318, 0, 0, 0, 0, 0, 0 ], 
      [ 0, 0, 0, 0, 0, 0, 4, 42, -22, 0, 0, 0 ], [ 0, 0, 0, 0, 0, 0, 42, 1452, -825, 0, 0, 0 ], [ 0, 0, 0, 0, 0, 0, -22, -825, 470, 0, 0, 0 ], 
      [ 0, 0, 0, 0, 0, 0, 0, 0, 0, 9320, -18578, -16175 ], [ 0, 0, 0, 0, 0, 0, 0, 0, 0, -18578, 37036, 32242 ], [ 0, 0, 0, 0, 0, 0, 0, 0, 0, -16175, 32242, 28072 ] ], 
  [ [ 13178, -6130, 1521, 0, 0, 0, 0, 0, 0, 0, 0, 0 ], [ -6130, 2852, -708, 0, 0, 0, 0, 0, 0, 0, 0, 0 ], [ 1521, -708, 176, 0, 0, 0, 0, 0, 0, 0, 0, 0 ], 
      [ 0, 0, 0, 32, -24, 11, 0, 0, 0, 0, 0, 0 ], [ 0, 0, 0, -24, 20, -8, 0, 0, 0, 0, 0, 0 ], [ 0, 0, 0, 11, -8, 4, 0, 0, 0, 0, 0, 0 ], [ 0, 0, 0, 0, 0, 0, 104, -171, 47, 0, 0, 0 ], 
      [ 0, 0, 0, 0, 0, 0, -171, 282, -78, 0, 0, 0 ], [ 0, 0, 0, 0, 0, 0, 47, -78, 22, 0, 0, 0 ], [ 0, 0, 0, 0, 0, 0, 0, 0, 0, 4, 6, 2 ], 
      [ 0, 0, 0, 0, 0, 0, 0, 0, 0, 6, 100, -69 ], [ 0, 0, 0, 0, 0, 0, 0, 0, 0, 2, -69, 58 ] ], 
  [ [ 1810, 16215, -5306, 0, 0, 0, 0, 0, 0, 0, 0, 0 ], [ 16215, 145969, -47774, 0, 0, 0, 0, 0, 0, 0, 0, 0 ], [ -5306, -47774, 15636, 0, 0, 0, 0, 0, 0, 0, 0, 0 ], 
      [ 0, 0, 0, 154, -485, -606, 0, 0, 0, 0, 0, 0 ], [ 0, 0, 0, -485, 1529, 1914, 0, 0, 0, 0, 0, 0 ], [ 0, 0, 0, -606, 1914, 2404, 0, 0, 0, 0, 0, 0 ], 
      [ 0, 0, 0, 0, 0, 0, 29205, 7308, -15686, 0, 0, 0 ], [ 0, 0, 0, 0, 0, 0, 7308, 1829, -3925, 0, 0, 0 ], 
      [ 0, 0, 0, 0, 0, 0, -15686, -3925, 8425, 0, 0, 0 ], [ 0, 0, 0, 0, 0, 0, 0, 0, 0, 77, 239, -83 ], [ 0, 0, 0, 0, 0, 0, 0, 0, 0, 239, 850, -288 ], [ 0, 0, 0, 0, 0, 0, 0, 0, 0, -83, -288, 98 ] ], 
  [ [ 50, -151, -143, 0, 0, 0, 0, 0, 0, 0, 0, 0 ], [ -151, 557, 452, 0, 0, 0, 0, 0, 0, 0, 0, 0 ], [ -143, 452, 413, 0, 0, 0, 0, 0, 0, 0, 0, 0 ], 
      [ 0, 0, 0, 101, 0, 20, 0, 0, 0, 0, 0, 0 ], [ 0, 0, 0, 0, 4, -2, 0, 0, 0, 0, 0, 0 ], [ 0, 0, 0, 20, -2, 5, 0, 0, 0, 0, 0, 0 ], [ 0, 0, 0, 0, 0, 0, 8964, -14492, 19594, 0, 0, 0 ], 
      [ 0, 0, 0, 0, 0, 0, -14492, 23441, -31693, 0, 0, 0 ], [ 0, 0, 0, 0, 0, 0, 19594, -31693, 42850, 0, 0, 0 ], [ 0, 0, 0, 0, 0, 0, 0, 0, 0, 209, -293, 140 ], 
      [ 0, 0, 0, 0, 0, 0, 0, 0, 0, -293, 426, -206 ], [ 0, 0, 0, 0, 0, 0, 0, 0, 0, 140, -206, 100 ] ], [ [ 334, 151, -196, 0, 0, 0, 0, 0, 0, 0, 0, 0 ], [ 151, 80, -92, 0, 0, 0, 0, 0, 0, 0, 0, 0 ], 
      [ -196, -92, 116, 0, 0, 0, 0, 0, 0, 0, 0, 0 ], [ 0, 0, 0, 10, -6, 9, 0, 0, 0, 0, 0, 0 ], [ 0, 0, 0, -6, 4, -6, 0, 0, 0, 0, 0, 0 ], 
      [ 0, 0, 0, 9, -6, 12, 0, 0, 0, 0, 0, 0 ], [ 0, 0, 0, 0, 0, 0, 58, 6, -159, 0, 0, 0 ], [ 0, 0, 0, 0, 0, 0, 6, 4, -16, 0, 0, 0 ], [ 0, 0, 0, 0, 0, 0, -159, -16, 436, 0, 0, 0 ], 
      [ 0, 0, 0, 0, 0, 0, 0, 0, 0, 226, 409, -30 ], [ 0, 0, 0, 0, 0, 0, 0, 0, 0, 409, 748, -54 ], [ 0, 0, 0, 0, 0, 0, 0, 0, 0, -30, -54, 4 ] ], 
  [ [ 29, -4, 14, 0, 0, 0, 0, 0, 0, 0, 0, 0 ], [ -4, 5, -5, 0, 0, 0, 0, 0, 0, 0, 0, 0 ], [ 14, -5, 9, 0, 0, 0, 0, 0, 0, 0, 0, 0 ], [ 0, 0, 0, 1424, -720, -912, 0, 0, 0, 0, 0, 0 ], 
      [ 0, 0, 0, -720, 365, 466, 0, 0, 0, 0, 0, 0 ], [ 0, 0, 0, -912, 466, 609, 0, 0, 0, 0, 0, 0 ], [ 0, 0, 0, 0, 0, 0, 2267320, 157990, -568646, 0, 0, 0 ], 
      [ 0, 0, 0, 0, 0, 0, 157990, 11009, -39624, 0, 0, 0 ], [ 0, 0, 0, 0, 0, 0, -568646, -39624, 142617, 0, 0, 0 ], [ 0, 0, 0, 0, 0, 0, 0, 0, 0, 418, 203, -572 ], 
      [ 0, 0, 0, 0, 0, 0, 0, 0, 0, 203, 101, -283 ], [ 0, 0, 0, 0, 0, 0, 0, 0, 0, -572, -283, 794 ] ], 
  [ [ 344, -2, 43, 0, 0, 0, 0, 0, 0, 0, 0, 0 ], [ -2, 4, -12, 0, 0, 0, 0, 0, 0, 0, 0, 0 ], [ 43, -12, 40, 0, 0, 0, 0, 0, 0, 0, 0, 0 ], [ 0, 0, 0, 4390, 11358, -11227, 0, 0, 0, 0, 0, 0 ], 
      [ 0, 0, 0, 11358, 29386, -29047, 0, 0, 0, 0, 0, 0 ], [ 0, 0, 0, -11227, -29047, 28712, 0, 0, 0, 0, 0, 0 ], [ 0, 0, 0, 0, 0, 0, 1100, -589, -175, 0, 0, 0 ], 
      [ 0, 0, 0, 0, 0, 0, -589, 316, 94, 0, 0, 0 ], [ 0, 0, 0, 0, 0, 0, -175, 94, 28, 0, 0, 0 ], [ 0, 0, 0, 0, 0, 0, 0, 0, 0, 50, -189, -207 ], [ 0, 0, 0, 0, 0, 0, 0, 0, 0, -189, 716, 777 ], 
      [ 0, 0, 0, 0, 0, 0, 0, 0, 0, -207, 777, 876 ] ], [ [ 40, -13, 12, 0, 0, 0, 0, 0, 0, 0, 0, 0 ], [ -13, 14, -2, 0, 0, 0, 0, 0, 0, 0, 0, 0 ], 
      [ 12, -2, 4, 0, 0, 0, 0, 0, 0, 0, 0, 0 ], [ 0, 0, 0, 248, -179, -97, 0, 0, 0, 0, 0, 0 ], [ 0, 0, 0, -179, 130, 70, 0, 0, 0, 0, 0, 0 ], [ 0, 0, 0, -97, 70, 38, 0, 0, 0, 0, 0, 0 ], 
      [ 0, 0, 0, 0, 0, 0, 138, -84, -33, 0, 0, 0 ], [ 0, 0, 0, 0, 0, 0, -84, 52, 20, 0, 0, 0 ], [ 0, 0, 0, 0, 0, 0, -33, 20, 8, 0, 0, 0 ], 
      [ 0, 0, 0, 0, 0, 0, 0, 0, 0, 140, -561, 1936 ], [ 0, 0, 0, 0, 0, 0, 0, 0, 0, -561, 2298, -7935 ], [ 0, 0, 0, 0, 0, 0, 0, 0, 0, 1936, -7935, 27400 ] ], 
  [ [ 20, 1, 4, 0, 0, 0, 0, 0, 0, 0, 0, 0 ], [ 1, 52, -214, 0, 0, 0, 0, 0, 0, 0, 0, 0 ], [ 4, -214, 884, 0, 0, 0, 0, 0, 0, 0, 0, 0 ], 
      [ 0, 0, 0, 52, 61, -118, 0, 0, 0, 0, 0, 0 ], [ 0, 0, 0, 61, 74, -139, 0, 0, 0, 0, 0, 0 ], [ 0, 0, 0, -118, -139, 268, 0, 0, 0, 0, 0, 0 ], [ 0, 0, 0, 0, 0, 0, 1380, 420, -3414, 0, 0, 0 ], 
      [ 0, 0, 0, 0, 0, 0, 420, 128, -1039, 0, 0, 0 ], [ 0, 0, 0, 0, 0, 0, -3414, -1039, 8446, 0, 0, 0 ], [ 0, 0, 0, 0, 0, 0, 0, 0, 0, 4, 20, -50 ], 
      [ 0, 0, 0, 0, 0, 0, 0, 0, 0, 20, 464, -1179 ], [ 0, 0, 0, 0, 0, 0, 0, 0, 0, -50, -1179, 2996 ] ], 
  [ [ 38244, -10086, -2325, 0, 0, 0, 0, 0, 0, 0, 0, 0 ], [ -10086, 2660, 613, 0, 0, 0, 0, 0, 0, 0, 0, 0 ], [ -2325, 613, 142, 0, 0, 0, 0, 0, 0, 0, 0, 0 ], 
      [ 0, 0, 0, 4, 92, 249, 0, 0, 0, 0, 0, 0 ], [ 0, 0, 0, 92, 3368, 8973, 0, 0, 0, 0, 0, 0 ], [ 0, 0, 0, 249, 8973, 23916, 0, 0, 0, 0, 0, 0 ], [ 0, 0, 0, 0, 0, 0, 138356, 1662, -49366, 0, 0, 0 ], 
      [ 0, 0, 0, 0, 0, 0, 1662, 20, -593, 0, 0, 0 ], [ 0, 0, 0, 0, 0, 0, -49366, -593, 17614, 0, 0, 0 ], [ 0, 0, 0, 0, 0, 0, 0, 0, 0, 248, -29, -141 ], 
      [ 0, 0, 0, 0, 0, 0, 0, 0, 0, -29, 4, 18 ], [ 0, 0, 0, 0, 0, 0, 0, 0, 0, -141, 18, 84 ] ], [ [ 172, -86, 17, 0, 0, 0, 0, 0, 0, 0, 0, 0 ], [ -86, 44, -9, 0, 0, 0, 0, 0, 0, 0, 0, 0 ], 
      [ 17, -9, 2, 0, 0, 0, 0, 0, 0, 0, 0, 0 ], [ 0, 0, 0, 1288, -5048, 16077, 0, 0, 0, 0, 0, 0 ], [ 0, 0, 0, -5048, 19796, -63046, 0, 0, 0, 0, 0, 0 ], 
      [ 0, 0, 0, 16077, -63046, 200788, 0, 0, 0, 0, 0, 0 ], [ 0, 0, 0, 0, 0, 0, 4, 0, 31, 0, 0, 0 ], [ 0, 0, 0, 0, 0, 0, 0, 4, -14, 0, 0, 0 ], [ 0, 0, 0, 0, 0, 0, 31, -14, 290, 0, 0, 0 ], 
      [ 0, 0, 0, 0, 0, 0, 0, 0, 0, 1334, -2666, 1105 ], [ 0, 0, 0, 0, 0, 0, 0, 0, 0, -2666, 5332, -2210 ], [ 0, 0, 0, 0, 0, 0, 0, 0, 0, 1105, -2210, 916 ] ], 
  [ [ 1170, -951, 1517, 0, 0, 0, 0, 0, 0, 0, 0, 0 ], [ -951, 773, -1233, 0, 0, 0, 0, 0, 0, 0, 0, 0 ], [ 1517, -1233, 1969, 0, 0, 0, 0, 0, 0, 0, 0, 0 ], [ 0, 0, 0, 682, -8382, 6513, 0, 0, 0, 0, 0, 0 ]
        , [ 0, 0, 0, -8382, 103076, -80092, 0, 0, 0, 0, 0, 0 ], [ 0, 0, 0, 6513, -80092, 62233, 0, 0, 0, 0, 0, 0 ], [ 0, 0, 0, 0, 0, 0, 621, -283, 268, 0, 0, 0 ], 
      [ 0, 0, 0, 0, 0, 0, -283, 129, -122, 0, 0, 0 ], [ 0, 0, 0, 0, 0, 0, 268, -122, 117, 0, 0, 0 ], [ 0, 0, 0, 0, 0, 0, 0, 0, 0, 1045, -72, 192 ], [ 0, 0, 0, 0, 0, 0, 0, 0, 0, -72, 5, -13 ], 
      [ 0, 0, 0, 0, 0, 0, 0, 0, 0, 192, -13, 37 ] ], [ [ 202, -431, 278, 0, 0, 0, 0, 0, 0, 0, 0, 0 ], [ -431, 921, -591, 0, 0, 0, 0, 0, 0, 0, 0, 0 ], 
      [ 278, -591, 386, 0, 0, 0, 0, 0, 0, 0, 0, 0 ], [ 0, 0, 0, 41, 198, -111, 0, 0, 0, 0, 0, 0 ], [ 0, 0, 0, 198, 957, -536, 0, 0, 0, 0, 0, 0 ], [ 0, 0, 0, -111, -536, 301, 0, 0, 0, 0, 0, 0 ], 
      [ 0, 0, 0, 0, 0, 0, 194, -48, 43, 0, 0, 0 ], [ 0, 0, 0, 0, 0, 0, -48, 66, 25, 0, 0, 0 ], [ 0, 0, 0, 0, 0, 0, 43, 25, 33, 0, 0, 0 ], 
      [ 0, 0, 0, 0, 0, 0, 0, 0, 0, 84, 64, -194 ], [ 0, 0, 0, 0, 0, 0, 0, 0, 0, 64, 49, -148 ], [ 0, 0, 0, 0, 0, 0, 0, 0, 0, -194, -148, 449 ] ], 
  [ [ 626, -162, 51, 0, 0, 0, 0, 0, 0, 0, 0, 0 ], [ -162, 42, -13, 0, 0, 0, 0, 0, 0, 0, 0, 0 ], [ 51, -13, 5, 0, 0, 0, 0, 0, 0, 0, 0, 0 ], 
      [ 0, 0, 0, 226, -33, -701, 0, 0, 0, 0, 0, 0 ], [ 0, 0, 0, -33, 5, 103, 0, 0, 0, 0, 0, 0 ], [ 0, 0, 0, -701, 103, 2177, 0, 0, 0, 0, 0, 0 ], [ 0, 0, 0, 0, 0, 0, 257, -10, -64, 0, 0, 0 ], 
      [ 0, 0, 0, 0, 0, 0, -10, 4, 12, 0, 0, 0 ], [ 0, 0, 0, 0, 0, 0, -64, 12, 41, 0, 0, 0 ], [ 0, 0, 0, 0, 0, 0, 0, 0, 0, 4249, -98, -958 ], 
      [ 0, 0, 0, 0, 0, 0, 0, 0, 0, -98, 5, 22 ], [ 0, 0, 0, 0, 0, 0, 0, 0, 0, -958, 22, 216 ] ], [ [ 232, -56, -27, 0, 0, 0, 0, 0, 0, 0, 0, 0 ], [ -56, 28, 3, 0, 0, 0, 0, 0, 0, 0, 0, 0 ], 
      [ -27, 3, 4, 0, 0, 0, 0, 0, 0, 0, 0, 0 ], [ 0, 0, 0, 514, -172, 1249, 0, 0, 0, 0, 0, 0 ], [ 0, 0, 0, -172, 58, -421, 0, 0, 0, 0, 0, 0 ], 
      [ 0, 0, 0, 1249, -421, 3056, 0, 0, 0, 0, 0, 0 ], [ 0, 0, 0, 0, 0, 0, 20, -96, 56, 0, 0, 0 ], [ 0, 0, 0, 0, 0, 0, -96, 488, -373, 0, 0, 0 ], [ 0, 0, 0, 0, 0, 0, 56, -373, 556, 0, 0, 0 ], 
      [ 0, 0, 0, 0, 0, 0, 0, 0, 0, 30, 9, -24 ], [ 0, 0, 0, 0, 0, 0, 0, 0, 0, 9, 4, -8 ], [ 0, 0, 0, 0, 0, 0, 0, 0, 0, -24, -8, 20 ] ], 
  [ [ 2301, -6551, 333, 0, 0, 0, 0, 0, 0, 0, 0, 0 ], [ -6551, 18857, -1021, 0, 0, 0, 0, 0, 0, 0, 0, 0 ], [ 333, -1021, 74, 0, 0, 0, 0, 0, 0, 0, 0, 0 ], 
      [ 0, 0, 0, 130057, -21207, 4851, 0, 0, 0, 0, 0, 0 ], [ 0, 0, 0, -21207, 3458, -791, 0, 0, 0, 0, 0, 0 ], [ 0, 0, 0, 4851, -791, 181, 0, 0, 0, 0, 0, 0 ], 
      [ 0, 0, 0, 0, 0, 0, 645, -313, -190, 0, 0, 0 ], [ 0, 0, 0, 0, 0, 0, -313, 154, 92, 0, 0, 0 ], [ 0, 0, 0, 0, 0, 0, -190, 92, 56, 0, 0, 0 ], [ 0, 0, 0, 0, 0, 0, 0, 0, 0, 605, 40, 519 ], 
      [ 0, 0, 0, 0, 0, 0, 0, 0, 0, 40, 4, 46 ], [ 0, 0, 0, 0, 0, 0, 0, 0, 0, 519, 46, 546 ] ], [ [ 19, 2, -80, 0, 0, 0, 0, 0, 0, 0, 0, 0 ], 
      [ 2, 19, -20, 0, 0, 0, 0, 0, 0, 0, 0, 0 ], [ -80, -20, 344, 0, 0, 0, 0, 0, 0, 0, 0, 0 ], [ 0, 0, 0, 8410, -2181, 1043, 0, 0, 0, 0, 0, 0 ], [ 0, 0, 0, -2181, 567, -272, 0, 0, 0, 0, 0, 0 ], 
      [ 0, 0, 0, 1043, -272, 131, 0, 0, 0, 0, 0, 0 ], [ 0, 0, 0, 0, 0, 0, 2163, -174, -1193, 0, 0, 0 ], [ 0, 0, 0, 0, 0, 0, -174, 16, 96, 0, 0, 0 ], 
      [ 0, 0, 0, 0, 0, 0, -1193, 96, 658, 0, 0, 0 ], [ 0, 0, 0, 0, 0, 0, 0, 0, 0, 383, -397, -226 ], [ 0, 0, 0, 0, 0, 0, 0, 0, 0, -397, 418, 231 ], [ 0, 0, 0, 0, 0, 0, 0, 0, 0, -226, 231, 135 ] ], 
  [ [ 8, 68, -36, 0, 0, 0, 0, 0, 0, 0, 0, 0 ], [ 68, 583, -304, 0, 0, 0, 0, 0, 0, 0, 0, 0 ], [ -36, -304, 163, 0, 0, 0, 0, 0, 0, 0, 0, 0 ], 
      [ 0, 0, 0, 18, 47, -218, 0, 0, 0, 0, 0, 0 ], [ 0, 0, 0, 47, 123, -569, 0, 0, 0, 0, 0, 0 ], [ 0, 0, 0, -218, -569, 2642, 0, 0, 0, 0, 0, 0 ], [ 0, 0, 0, 0, 0, 0, 111, -33, -245, 0, 0, 0 ], 
      [ 0, 0, 0, 0, 0, 0, -33, 10, 71, 0, 0, 0 ], [ 0, 0, 0, 0, 0, 0, -245, 71, 559, 0, 0, 0 ], [ 0, 0, 0, 0, 0, 0, 0, 0, 0, 386, -907, 76 ], 
      [ 0, 0, 0, 0, 0, 0, 0, 0, 0, -907, 2227, -208 ], [ 0, 0, 0, 0, 0, 0, 0, 0, 0, 76, -208, 24 ] ], [ [ 68, -73, 16, 0, 0, 0, 0, 0, 0, 0, 0, 0 ], [ -73, 82, -18, 0, 0, 0, 0, 0, 0, 0, 0, 0 ], 
      [ 16, -18, 4, 0, 0, 0, 0, 0, 0, 0, 0, 0 ], [ 0, 0, 0, 32, -15, 29, 0, 0, 0, 0, 0, 0 ], [ 0, 0, 0, -15, 8, -23, 0, 0, 0, 0, 0, 0 ], 
      [ 0, 0, 0, 29, -23, 118, 0, 0, 0, 0, 0, 0 ], [ 0, 0, 0, 0, 0, 0, 12, -57, -45, 0, 0, 0 ], [ 0, 0, 0, 0, 0, 0, -57, 352, 238, 0, 0, 0 ], [ 0, 0, 0, 0, 0, 0, -45, 238, 176, 0, 0, 0 ], 
      [ 0, 0, 0, 0, 0, 0, 0, 0, 0, 16342, -2043, -1893 ], [ 0, 0, 0, 0, 0, 0, 0, 0, 0, -2043, 256, 236 ], [ 0, 0, 0, 0, 0, 0, 0, 0, 0, -1893, 236, 220 ] ], 
  [ [ 428, 1340, 319, 0, 0, 0, 0, 0, 0, 0, 0, 0 ], [ 1340, 4208, 997, 0, 0, 0, 0, 0, 0, 0, 0, 0 ], [ 319, 997, 238, 0, 0, 0, 0, 0, 0, 0, 0, 0 ], [ 0, 0, 0, 128, -344, -59, 0, 0, 0, 0, 0, 0 ], 
      [ 0, 0, 0, -344, 932, 161, 0, 0, 0, 0, 0, 0 ], [ 0, 0, 0, -59, 161, 28, 0, 0, 0, 0, 0, 0 ], [ 0, 0, 0, 0, 0, 0, 4, 33, -11, 0, 0, 0 ], 
      [ 0, 0, 0, 0, 0, 0, 33, 328, -114, 0, 0, 0 ], [ 0, 0, 0, 0, 0, 0, -11, -114, 40, 0, 0, 0 ], [ 0, 0, 0, 0, 0, 0, 0, 0, 0, 12, -6, -3 ], [ 0, 0, 0, 0, 0, 0, 0, 0, 0, -6, 4, 1 ], 
      [ 0, 0, 0, 0, 0, 0, 0, 0, 0, -3, 1, 2 ] ], [ [ 34, 73, 11, 0, 0, 0, 0, 0, 0, 0, 0, 0 ], [ 73, 161, 26, 0, 0, 0, 0, 0, 0, 0, 0, 0 ], 
      [ 11, 26, 5, 0, 0, 0, 0, 0, 0, 0, 0, 0 ], [ 0, 0, 0, 397, -127, -1163, 0, 0, 0, 0, 0, 0 ], [ 0, 0, 0, -127, 41, 371, 0, 0, 0, 0, 0, 0 ], [ 0, 0, 0, -1163, 371, 3410, 0, 0, 0, 0, 0, 0 ], 
      [ 0, 0, 0, 0, 0, 0, 37, -193, 1037, 0, 0, 0 ], [ 0, 0, 0, 0, 0, 0, -193, 1106, -5950, 0, 0, 0 ], [ 0, 0, 0, 0, 0, 0, 1037, -5950, 32010, 0, 0, 0 ], 
      [ 0, 0, 0, 0, 0, 0, 0, 0, 0, 5, 21, -78 ], [ 0, 0, 0, 0, 0, 0, 0, 0, 0, 21, 105, -400 ], [ 0, 0, 0, 0, 0, 0, 0, 0, 0, -78, -400, 1529 ] ], 
  [ [ 8, -5, 41, 0, 0, 0, 0, 0, 0, 0, 0, 0 ], [ -5, 22, -105, 0, 0, 0, 0, 0, 0, 0, 0, 0 ], 
      [ 41, -105, 544, 0, 0, 0, 0, 0, 0, 0, 0, 0 ], [ 0, 0, 0, 226600, -55977, 11375, 0, 0, 0, 0, 0, 0 ], [ 0, 0, 0, -55977, 13828, -2810, 0, 0, 0, 0, 0, 0 ], 
      [ 0, 0, 0, 11375, -2810, 572, 0, 0, 0, 0, 0, 0 ], [ 0, 0, 0, 0, 0, 0, 2, 1, 7, 0, 0, 0 ], [ 0, 0, 0, 0, 0, 0, 1, 4, 22, 0, 0, 0 ], 
      [ 0, 0, 0, 0, 0, 0, 7, 22, 124, 0, 0, 0 ], [ 0, 0, 0, 0, 0, 0, 0, 0, 0, 4, -9, 5 ], [ 0, 0, 0, 0, 0, 0, 0, 0, 0, -9, 88, -22 ], [ 0, 0, 0, 0, 0, 0, 0, 0, 0, 5, -22, 8 ] ], 
  [ [ 1661, 134, -4197, 0, 0, 0, 0, 0, 0, 0, 0, 0 ], [ 134, 17, -338, 0, 0, 0, 0, 0, 0, 0, 0, 0 ], [ -4197, -338, 10605, 0, 0, 0, 0, 0, 0, 0, 0, 0 ], 
      [ 0, 0, 0, 50, -59, -110, 0, 0, 0, 0, 0, 0 ], [ 0, 0, 0, -59, 89, 136, 0, 0, 0, 0, 0, 0 ], [ 0, 0, 0, -110, 136, 244, 0, 0, 0, 0, 0, 0 ], [ 0, 0, 0, 0, 0, 0, 5, 4, -4, 0, 0, 0 ], 
      [ 0, 0, 0, 0, 0, 0, 4, 53, -67, 0, 0, 0 ], [ 0, 0, 0, 0, 0, 0, -4, -67, 85, 0, 0, 0 ], [ 0, 0, 0, 0, 0, 0, 0, 0, 0, 29, -65, -84 ], 
      [ 0, 0, 0, 0, 0, 0, 0, 0, 0, -65, 146, 182 ], [ 0, 0, 0, 0, 0, 0, 0, 0, 0, -84, 182, 372 ] ], [ [ 129, 169, -917, 0, 0, 0, 0, 0, 0, 0, 0, 0 ], [ 169, 225, -1221, 0, 0, 0, 0, 0, 0, 0, 0, 0 ], 
      [ -917, -1221, 6626, 0, 0, 0, 0, 0, 0, 0, 0, 0 ], [ 0, 0, 0, 153, 104, -549, 0, 0, 0, 0, 0, 0 ], [ 0, 0, 0, 104, 73, -373, 0, 0, 0, 0, 0, 0 ], 
      [ 0, 0, 0, -549, -373, 1970, 0, 0, 0, 0, 0, 0 ], [ 0, 0, 0, 0, 0, 0, 5089, -1218, -972, 0, 0, 0 ], [ 0, 0, 0, 0, 0, 0, -1218, 292, 236, 0, 0, 0 ], [ 0, 0, 0, 0, 0, 0, -972, 236, 209, 0, 0, 0 ],
      [ 0, 0, 0, 0, 0, 0, 0, 0, 0, 225, 1052, 3060 ], [ 0, 0, 0, 0, 0, 0, 0, 0, 0, 1052, 4921, 14314 ], [ 0, 0, 0, 0, 0, 0, 0, 0, 0, 3060, 14314, 41636 ] ], 
  [ [ 74, -117, 50, 0, 0, 0, 0, 0, 0, 0, 0, 0 ], [ -117, 200, -87, 0, 0, 0, 0, 0, 0, 0, 0, 0 ], [ 50, -87, 38, 0, 0, 0, 0, 0, 0, 0, 0, 0 ], [ 0, 0, 0, 750, -378, 33, 0, 0, 0, 0, 0, 0 ], 
      [ 0, 0, 0, -378, 218, -25, 0, 0, 0, 0, 0, 0 ], [ 0, 0, 0, 33, -25, 4, 0, 0, 0, 0, 0, 0 ], [ 0, 0, 0, 0, 0, 0, 418, 209, 147, 0, 0, 0 ], 
      [ 0, 0, 0, 0, 0, 0, 209, 112, 75, 0, 0, 0 ], [ 0, 0, 0, 0, 0, 0, 147, 75, 52, 0, 0, 0 ], [ 0, 0, 0, 0, 0, 0, 0, 0, 0, 32, -60, -11 ], [ 0, 0, 0, 0, 0, 0, 0, 0, 0, -60, 140, 23 ], 
      [ 0, 0, 0, 0, 0, 0, 0, 0, 0, -11, 23, 4 ] ], [ [ 682, -1422, -1687, 0, 0, 0, 0, 0, 0, 0, 0, 0 ], [ -1422, 3044, 3328, 0, 0, 0, 0, 0, 0, 0, 0, 0 ], 
      [ -1687, 3328, 4627, 0, 0, 0, 0, 0, 0, 0, 0, 0 ], [ 0, 0, 0, 3, 6, -13, 0, 0, 0, 0, 0, 0 ], [ 0, 0, 0, 6, 16, -28, 0, 0, 0, 0, 0, 0 ], [ 0, 0, 0, -13, -28, 58, 0, 0, 0, 0, 0, 0 ], 
      [ 0, 0, 0, 0, 0, 0, 7, -18, 14, 0, 0, 0 ], [ 0, 0, 0, 0, 0, 0, -18, 48, -34, 0, 0, 0 ], [ 0, 0, 0, 0, 0, 0, 14, -34, 31, 0, 0, 0 ], 
      [ 0, 0, 0, 0, 0, 0, 0, 0, 0, 183, 103, -522 ], [ 0, 0, 0, 0, 0, 0, 0, 0, 0, 103, 58, -294 ], [ 0, 0, 0, 0, 0, 0, 0, 0, 0, -522, -294, 1492 ] ], 
  [ [ 7146, 1013, -2084, 0, 0, 0, 0, 0, 0, 0, 0, 0 ], [ 1013, 145, -296, 0, 0, 0, 0, 0, 0, 0, 0, 0 ], [ -2084, -296, 608, 0, 0, 0, 0, 0, 0, 0, 0, 0 ], 
      [ 0, 0, 0, 468, -290, 36, 0, 0, 0, 0, 0, 0 ], [ 0, 0, 0, -290, 181, -24, 0, 0, 0, 0, 0, 0 ], [ 0, 0, 0, 36, -24, 5, 0, 0, 0, 0, 0, 0 ], [ 0, 0, 0, 0, 0, 0, 84, -20, 10, 0, 0, 0 ], 
      [ 0, 0, 0, 0, 0, 0, -20, 5, -6, 0, 0, 0 ], [ 0, 0, 0, 0, 0, 0, 10, -6, 57, 0, 0, 0 ], [ 0, 0, 0, 0, 0, 0, 0, 0, 0, 68, -52, -2 ], 
      [ 0, 0, 0, 0, 0, 0, 0, 0, 0, -52, 41, 3 ], [ 0, 0, 0, 0, 0, 0, 0, 0, 0, -2, 3, 2 ] ], [ [ 1502, 564, -55, 0, 0, 0, 0, 0, 0, 0, 0, 0 ], [ 564, 212, -20, 0, 0, 0, 0, 0, 0, 0, 0, 0 ], 
      [ -55, -20, 4, 0, 0, 0, 0, 0, 0, 0, 0, 0 ], [ 0, 0, 0, 1594, 69, -370, 0, 0, 0, 0, 0, 0 ], [ 0, 0, 0, 69, 12, -15, 0, 0, 0, 0, 0, 0 ], 
      [ 0, 0, 0, -370, -15, 86, 0, 0, 0, 0, 0, 0 ], [ 0, 0, 0, 0, 0, 0, 4, 11, -7, 0, 0, 0 ], [ 0, 0, 0, 0, 0, 0, 11, 40, -35, 0, 0, 0 ], [ 0, 0, 0, 0, 0, 0, -7, -35, 38, 0, 0, 0 ], 
      [ 0, 0, 0, 0, 0, 0, 0, 0, 0, 328, -2959, 1193 ], [ 0, 0, 0, 0, 0, 0, 0, 0, 0, -2959, 26702, -10765 ], [ 0, 0, 0, 0, 0, 0, 0, 0, 0, 1193, -10765, 4340 ] ], 
  [ [ 13, -25, -56, 0, 0, 0, 0, 0, 0, 0, 0, 0 ], [ -25, 74, 154, 0, 0, 0, 0, 0, 0, 0, 0, 0 ], [ -56, 154, 324, 0, 0, 0, 0, 0, 0, 0, 0, 0 ], [ 0, 0, 0, 29, -97, -14, 0, 0, 0, 0, 0, 0 ], 
      [ 0, 0, 0, -97, 325, 46, 0, 0, 0, 0, 0, 0 ], [ 0, 0, 0, -14, 46, 9, 0, 0, 0, 0, 0, 0 ], [ 0, 0, 0, 0, 0, 0, 3289, -12537, 745, 0, 0, 0 ], 
      [ 0, 0, 0, 0, 0, 0, -12537, 47789, -2839, 0, 0, 0 ], [ 0, 0, 0, 0, 0, 0, 745, -2839, 170, 0, 0, 0 ], [ 0, 0, 0, 0, 0, 0, 0, 0, 0, 980, 366, -260 ], [ 0, 0, 0, 0, 0, 0, 0, 0, 0, 366, 138, -97 ],
      [ 0, 0, 0, 0, 0, 0, 0, 0, 0, -260, -97, 69 ] ], [ [ 92, -217, 578, 0, 0, 0, 0, 0, 0, 0, 0, 0 ], [ -217, 532, -1425, 0, 0, 0, 0, 0, 0, 0, 0, 0 ], 
      [ 578, -1425, 3820, 0, 0, 0, 0, 0, 0, 0, 0, 0 ], [ 0, 0, 0, 2068, 6186, 526, 0, 0, 0, 0, 0, 0 ], [ 0, 0, 0, 6186, 18516, 1575, 0, 0, 0, 0, 0, 0 ], [ 0, 0, 0, 526, 1575, 134, 0, 0, 0, 0, 0, 0 ],
      [ 0, 0, 0, 0, 0, 0, 7384, -2385, 836, 0, 0, 0 ], [ 0, 0, 0, 0, 0, 0, -2385, 772, -273, 0, 0, 0 ], [ 0, 0, 0, 0, 0, 0, 836, -273, 100, 0, 0, 0 ], 
      [ 0, 0, 0, 0, 0, 0, 0, 0, 0, 102, -231, -129 ], [ 0, 0, 0, 0, 0, 0, 0, 0, 0, -231, 532, 243 ], [ 0, 0, 0, 0, 0, 0, 0, 0, 0, -129, 243, 436 ] ], 
  [ [ 88, 18, -5, 0, 0, 0, 0, 0, 0, 0, 0, 0 ], [ 18, 4, 0, 0, 0, 0, 0, 0, 0, 0, 0, 0 ], 
      [ -5, 0, 4, 0, 0, 0, 0, 0, 0, 0, 0, 0 ], [ 0, 0, 0, 22, 3, 15, 0, 0, 0, 0, 0, 0 ], [ 0, 0, 0, 3, 4, 10, 0, 0, 0, 0, 0, 0 ], [ 0, 0, 0, 15, 10, 28, 0, 0, 0, 0, 0, 0 ], 
      [ 0, 0, 0, 0, 0, 0, 192, 27, -654, 0, 0, 0 ], [ 0, 0, 0, 0, 0, 0, 27, 4, -96, 0, 0, 0 ], [ 0, 0, 0, 0, 0, 0, -654, -96, 2308, 0, 0, 0 ], 
      [ 0, 0, 0, 0, 0, 0, 0, 0, 0, 8, 43, -26 ], [ 0, 0, 0, 0, 0, 0, 0, 0, 0, 43, 256, -149 ], [ 0, 0, 0, 0, 0, 0, 0, 0, 0, -26, -149, 88 ] ], 
  [ [ 4, -31, 11, 0, 0, 0, 0, 0, 0, 0, 0, 0 ], [ -31, 398, -156, 0, 0, 0, 0, 0, 0, 0, 0, 0 ], [ 11, -156, 62, 0, 0, 0, 0, 0, 0, 0, 0, 0 ], 
      [ 0, 0, 0, 80, -1, 16, 0, 0, 0, 0, 0, 0 ], [ 0, 0, 0, -1, 2, 1, 0, 0, 0, 0, 0, 0 ], [ 0, 0, 0, 16, 1, 4, 0, 0, 0, 0, 0, 0 ], [ 0, 0, 0, 0, 0, 0, 1412, -3590, -286, 0, 0, 0 ], 
      [ 0, 0, 0, 0, 0, 0, -3590, 9128, 727, 0, 0, 0 ], [ 0, 0, 0, 0, 0, 0, -286, 727, 58, 0, 0, 0 ], [ 0, 0, 0, 0, 0, 0, 0, 0, 0, 372, 1239, 3324 ], 
      [ 0, 0, 0, 0, 0, 0, 0, 0, 0, 1239, 4130, 11078 ], [ 0, 0, 0, 0, 0, 0, 0, 0, 0, 3324, 11078, 29716 ] ], 
  [ [ 1361, 1831, -1025, 0, 0, 0, 0, 0, 0, 0, 0, 0 ], [ 1831, 2498, -1385, 0, 0, 0, 0, 0, 0, 0, 0, 0 ], [ -1025, -1385, 773, 0, 0, 0, 0, 0, 0, 0, 0, 0 ], 
      [ 0, 0, 0, 3741, -7382, -670, 0, 0, 0, 0, 0, 0 ], [ 0, 0, 0, -7382, 14569, 1322, 0, 0, 0, 0, 0, 0 ], [ 0, 0, 0, -670, 1322, 120, 0, 0, 0, 0, 0, 0 ], [ 0, 0, 0, 0, 0, 0, 217, -46, -27, 0, 0, 0 ]
        , [ 0, 0, 0, 0, 0, 0, -46, 24, -4, 0, 0, 0 ], [ 0, 0, 0, 0, 0, 0, -27, -4, 10, 0, 0, 0 ], [ 0, 0, 0, 0, 0, 0, 0, 0, 0, 5265, -920, -2967 ], 
      [ 0, 0, 0, 0, 0, 0, 0, 0, 0, -920, 161, 516 ], [ 0, 0, 0, 0, 0, 0, 0, 0, 0, -2967, 516, 1697 ] ], 
  [ [ 22044, 32874, -4449, 0, 0, 0, 0, 0, 0, 0, 0, 0 ], [ 32874, 49060, -6633, 0, 0, 0, 0, 0, 0, 0, 0, 0 ], [ -4449, -6633, 898, 0, 0, 0, 0, 0, 0, 0, 0, 0 ], 
      [ 0, 0, 0, 66, -117, 102, 0, 0, 0, 0, 0, 0 ], [ 0, 0, 0, -117, 208, -181, 0, 0, 0, 0, 0, 0 ], [ 0, 0, 0, 102, -181, 158, 0, 0, 0, 0, 0, 0 ], [ 0, 0, 0, 0, 0, 0, 20, -8, 0, 0, 0, 0 ], 
      [ 0, 0, 0, 0, 0, 0, -8, 28, 7, 0, 0, 0 ], [ 0, 0, 0, 0, 0, 0, 0, 7, 2, 0, 0, 0 ], [ 0, 0, 0, 0, 0, 0, 0, 0, 0, 1652, -6078, -888 ], 
      [ 0, 0, 0, 0, 0, 0, 0, 0, 0, -6078, 22376, 3261 ], [ 0, 0, 0, 0, 0, 0, 0, 0, 0, -888, 3261, 480 ] ], [ [ 49, -64, 142, 0, 0, 0, 0, 0, 0, 0, 0, 0 ], [ -64, 84, -186, 0, 0, 0, 0, 0, 0, 0, 0, 0 ],
      [ 142, -186, 413, 0, 0, 0, 0, 0, 0, 0, 0, 0 ], [ 0, 0, 0, 152, -604, -126, 0, 0, 0, 0, 0, 0 ], [ 0, 0, 0, -604, 2410, 503, 0, 0, 0, 0, 0, 0 ], 
      [ 0, 0, 0, -126, 503, 105, 0, 0, 0, 0, 0, 0 ], [ 0, 0, 0, 0, 0, 0, 272, -8, -1208, 0, 0, 0 ], [ 0, 0, 0, 0, 0, 0, -8, 5, 36, 0, 0, 0 ], [ 0, 0, 0, 0, 0, 0, -1208, 36, 5365, 0, 0, 0 ], 
      [ 0, 0, 0, 0, 0, 0, 0, 0, 0, 3593, -2310, -7611 ], [ 0, 0, 0, 0, 0, 0, 0, 0, 0, -2310, 1492, 4906 ], [ 0, 0, 0, 0, 0, 0, 0, 0, 0, -7611, 4906, 16146 ] ], 
  [ [ 62, 115, -43, 0, 0, 0, 0, 0, 0, 0, 0, 0 ], [ 115, 388, -142, 0, 0, 0, 0, 0, 0, 0, 0, 0 ], [ -43, -142, 52, 0, 0, 0, 0, 0, 0, 0, 0, 0 ], [ 0, 0, 0, 2012, -443, 1289, 0, 0, 0, 0, 0, 0 ], 
      [ 0, 0, 0, -443, 100, -294, 0, 0, 0, 0, 0, 0 ], [ 0, 0, 0, 1289, -294, 868, 0, 0, 0, 0, 0, 0 ], [ 0, 0, 0, 0, 0, 0, 32, -45, 178, 0, 0, 0 ], 
      [ 0, 0, 0, 0, 0, 0, -45, 66, -258, 0, 0, 0 ], [ 0, 0, 0, 0, 0, 0, 178, -258, 1012, 0, 0, 0 ], [ 0, 0, 0, 0, 0, 0, 0, 0, 0, 20, -13, 28 ], [ 0, 0, 0, 0, 0, 0, 0, 0, 0, -13, 10, -19 ], 
      [ 0, 0, 0, 0, 0, 0, 0, 0, 0, 28, -19, 40 ] ], [ [ 134, -295, -1553, 0, 0, 0, 0, 0, 0, 0, 0, 0 ], [ -295, 664, 3455, 0, 0, 0, 0, 0, 0, 0, 0, 0 ], 
      [ -1553, 3455, 18088, 0, 0, 0, 0, 0, 0, 0, 0, 0 ], [ 0, 0, 0, 334, -103, 35, 0, 0, 0, 0, 0, 0 ], [ 0, 0, 0, -103, 32, -11, 0, 0, 0, 0, 0, 0 ], [ 0, 0, 0, 35, -11, 4, 0, 0, 0, 0, 0, 0 ], 
      [ 0, 0, 0, 0, 0, 0, 52, -539, 265, 0, 0, 0 ], [ 0, 0, 0, 0, 0, 0, -539, 5588, -2748, 0, 0, 0 ], [ 0, 0, 0, 0, 0, 0, 265, -2748, 1352, 0, 0, 0 ], 
      [ 0, 0, 0, 0, 0, 0, 0, 0, 0, 340, 82, -841 ], [ 0, 0, 0, 0, 0, 0, 0, 0, 0, 82, 20, -199 ], [ 0, 0, 0, 0, 0, 0, 0, 0, 0, -841, -199, 2146 ] ], 
  [ [ 20, 175, -63, 0, 0, 0, 0, 0, 0, 0, 0, 0 ], [ 175, 2522, -915, 0, 0, 0, 0, 0, 0, 0, 0, 0 ], 
      [ -63, -915, 332, 0, 0, 0, 0, 0, 0, 0, 0, 0 ], [ 0, 0, 0, 84, 72, -30, 0, 0, 0, 0, 0, 0 ], [ 0, 0, 0, 72, 88, -35, 0, 0, 0, 0, 0, 0 ], [ 0, 0, 0, -30, -35, 14, 0, 0, 0, 0, 0, 0 ], 
      [ 0, 0, 0, 0, 0, 0, 352, 3006, -993, 0, 0, 0 ], [ 0, 0, 0, 0, 0, 0, 3006, 25672, -8481, 0, 0, 0 ], [ 0, 0, 0, 0, 0, 0, -993, -8481, 2802, 0, 0, 0 ], 
      [ 0, 0, 0, 0, 0, 0, 0, 0, 0, 4, 3, 25 ], [ 0, 0, 0, 0, 0, 0, 0, 0, 0, 3, 4, 36 ], [ 0, 0, 0, 0, 0, 0, 0, 0, 0, 25, 36, 328 ] ], 
  [ [ 216, -554, -192, 0, 0, 0, 0, 0, 0, 0, 0, 0 ], [ -554, 1421, 495, 0, 0, 0, 0, 0, 0, 0, 0, 0 ], 
      [ -192, 495, 242, 0, 0, 0, 0, 0, 0, 0, 0, 0 ], [ 0, 0, 0, 18744, 8244, -994, 0, 0, 0, 0, 0, 0 ], [ 0, 0, 0, 8244, 3626, -437, 0, 0, 0, 0, 0, 0 ], [ 0, 0, 0, -994, -437, 53, 0, 0, 0, 0, 0, 0 ], 
      [ 0, 0, 0, 0, 0, 0, 2705, -759, -2260, 0, 0, 0 ], [ 0, 0, 0, 0, 0, 0, -759, 213, 634, 0, 0, 0 ], [ 0, 0, 0, 0, 0, 0, -2260, 634, 1889, 0, 0, 0 ], 
      [ 0, 0, 0, 0, 0, 0, 0, 0, 0, 6250, -10422, -173 ], [ 0, 0, 0, 0, 0, 0, 0, 0, 0, -10422, 17380, 288 ], [ 0, 0, 0, 0, 0, 0, 0, 0, 0, -173, 288, 5 ] ], 
  [ [ 2, -1, -3, 0, 0, 0, 0, 0, 0, 0, 0, 0 ], [ -1, 8, -24, 0, 0, 0, 0, 0, 0, 0, 0, 0 ], 
      [ -3, -24, 92, 0, 0, 0, 0, 0, 0, 0, 0, 0 ], [ 0, 0, 0, 22, -73, 15, 0, 0, 0, 0, 0, 0 ], [ 0, 0, 0, -73, 884, -188, 0, 0, 0, 0, 0, 0 ], [ 0, 0, 0, 15, -188, 40, 0, 0, 0, 0, 0, 0 ], 
      [ 0, 0, 0, 0, 0, 0, 116, -117, 68, 0, 0, 0 ], [ 0, 0, 0, 0, 0, 0, -117, 120, -69, 0, 0, 0 ], [ 0, 0, 0, 0, 0, 0, 68, -69, 40, 0, 0, 0 ], 
      [ 0, 0, 0, 0, 0, 0, 0, 0, 0, 11092, -114051, -33476 ], [ 0, 0, 0, 0, 0, 0, 0, 0, 0, -114051, 1172892, 344265 ], [ 0, 0, 0, 0, 0, 0, 0, 0, 0, -33476, 344265, 101048 ] ], 
  [ [ 52, -14, 216, 0, 0, 0, 0, 0, 0, 0, 0, 0 ], [ -14, 4, -57, 0, 0, 0, 0, 0, 0, 0, 0, 0 ], [ 216, -57, 904, 0, 0, 0, 0, 0, 0, 0, 0, 0 ], 
      [ 0, 0, 0, 4, -19, 40, 0, 0, 0, 0, 0, 0 ], [ 0, 0, 0, -19, 128, -276, 0, 0, 0, 0, 0, 0 ], [ 0, 0, 0, 40, -276, 596, 0, 0, 0, 0, 0, 0 ], [ 0, 0, 0, 0, 0, 0, 956, -2487, -1662, 0, 0, 0 ], 
      [ 0, 0, 0, 0, 0, 0, -2487, 6470, 4323, 0, 0, 0 ], [ 0, 0, 0, 0, 0, 0, -1662, 4323, 2892, 0, 0, 0 ], [ 0, 0, 0, 0, 0, 0, 0, 0, 0, 92, -13, -27 ], 
      [ 0, 0, 0, 0, 0, 0, 0, 0, 0, -13, 4, 4 ], [ 0, 0, 0, 0, 0, 0, 0, 0, 0, -27, 4, 8 ] ], [ [ 273, -166, -33, 0, 0, 0, 0, 0, 0, 0, 0, 0 ], [ -166, 101, 20, 0, 0, 0, 0, 0, 0, 0, 0, 0 ], 
      [ -33, 20, 5, 0, 0, 0, 0, 0, 0, 0, 0, 0 ], [ 0, 0, 0, 436, -192, -38, 0, 0, 0, 0, 0, 0 ], [ 0, 0, 0, -192, 89, 14, 0, 0, 0, 0, 0, 0 ], 
      [ 0, 0, 0, -38, 14, 5, 0, 0, 0, 0, 0, 0 ], [ 0, 0, 0, 0, 0, 0, 4, -4, -2, 0, 0, 0 ], [ 0, 0, 0, 0, 0, 0, -4, 225, -125, 0, 0, 0 ], [ 0, 0, 0, 0, 0, 0, -2, -125, 74, 0, 0, 0 ], 
      [ 0, 0, 0, 0, 0, 0, 0, 0, 0, 16, -104, 8 ], [ 0, 0, 0, 0, 0, 0, 0, 0, 0, -104, 777, -42 ], [ 0, 0, 0, 0, 0, 0, 0, 0, 0, 8, -42, 5 ] ], 
  [ [ 674, -187, -276, 0, 0, 0, 0, 0, 0, 0, 0, 0 ], [ -187, 52, 76, 0, 0, 0, 0, 0, 0, 0, 0, 0 ], [ -276, 76, 116, 0, 0, 0, 0, 0, 0, 0, 0, 0 ], [ 0, 0, 0, 1504, 172, -315, 0, 0, 0, 0, 0, 0 ], 
      [ 0, 0, 0, 172, 20, -36, 0, 0, 0, 0, 0, 0 ], [ 0, 0, 0, -315, -36, 66, 0, 0, 0, 0, 0, 0 ], [ 0, 0, 0, 0, 0, 0, 356, -173, -628, 0, 0, 0 ], 
      [ 0, 0, 0, 0, 0, 0, -173, 92, 304, 0, 0, 0 ], [ 0, 0, 0, 0, 0, 0, -628, 304, 1108, 0, 0, 0 ], [ 0, 0, 0, 0, 0, 0, 0, 0, 0, 160, 90, -459 ], [ 0, 0, 0, 0, 0, 0, 0, 0, 0, 90, 88, -265 ], 
      [ 0, 0, 0, 0, 0, 0, 0, 0, 0, -459, -265, 1318 ] ], [ [ 1612, -350, 42, 0, 0, 0, 0, 0, 0, 0, 0, 0 ], [ -350, 76, -9, 0, 0, 0, 0, 0, 0, 0, 0, 0 ], 
      [ 42, -9, 4, 0, 0, 0, 0, 0, 0, 0, 0, 0 ], [ 0, 0, 0, 76, 30, -386, 0, 0, 0, 0, 0, 0 ], [ 0, 0, 0, 30, 12, -153, 0, 0, 0, 0, 0, 0 ], [ 0, 0, 0, -386, -153, 1964, 0, 0, 0, 0, 0, 0 ], 
      [ 0, 0, 0, 0, 0, 0, 16, 5, 62, 0, 0, 0 ], [ 0, 0, 0, 0, 0, 0, 5, 4, 31, 0, 0, 0 ], [ 0, 0, 0, 0, 0, 0, 62, 31, 296, 0, 0, 0 ], 
      [ 0, 0, 0, 0, 0, 0, 0, 0, 0, 12, -9, 18 ], [ 0, 0, 0, 0, 0, 0, 0, 0, 0, -9, 8, -14 ], [ 0, 0, 0, 0, 0, 0, 0, 0, 0, 18, -14, 28 ] ], 
  [ [ 135200, -55828, 1804, 0, 0, 0, 0, 0, 0, 0, 0, 0 ], [ -55828, 23053, -745, 0, 0, 0, 0, 0, 0, 0, 0, 0 ], [ 1804, -745, 74, 0, 0, 0, 0, 0, 0, 0, 0, 0 ], 
      [ 0, 0, 0, 5, -64, 182, 0, 0, 0, 0, 0, 0 ], [ 0, 0, 0, -64, 1949, -5538, 0, 0, 0, 0, 0, 0 ], [ 0, 0, 0, 182, -5538, 15736, 0, 0, 0, 0, 0, 0 ], [ 0, 0, 0, 0, 0, 0, 9349, -4134, 36, 0, 0, 0 ], 
      [ 0, 0, 0, 0, 0, 0, -4134, 1828, -16, 0, 0, 0 ], [ 0, 0, 0, 0, 0, 0, 36, -16, 5, 0, 0, 0 ], [ 0, 0, 0, 0, 0, 0, 0, 0, 0, 19173, 670, -44292 ], 
      [ 0, 0, 0, 0, 0, 0, 0, 0, 0, 670, 33, -1548 ], [ 0, 0, 0, 0, 0, 0, 0, 0, 0, -44292, -1548, 102320 ] ], 
  [ [ 10088, -2876, 22373, 0, 0, 0, 0, 0, 0, 0, 0, 0 ], [ -2876, 820, -6379, 0, 0, 0, 0, 0, 0, 0, 0, 0 ], [ 22373, -6379, 49624, 0, 0, 0, 0, 0, 0, 0, 0, 0 ], 
      [ 0, 0, 0, 56, -21, 32, 0, 0, 0, 0, 0, 0 ], [ 0, 0, 0, -21, 8, -11, 0, 0, 0, 0, 0, 0 ], [ 0, 0, 0, 32, -11, 28, 0, 0, 0, 0, 0, 0 ], [ 0, 0, 0, 0, 0, 0, 844, -278, -837, 0, 0, 0 ], 
      [ 0, 0, 0, 0, 0, 0, -278, 92, 269, 0, 0, 0 ], [ 0, 0, 0, 0, 0, 0, -837, 269, 934, 0, 0, 0 ], [ 0, 0, 0, 0, 0, 0, 0, 0, 0, 426, 225, 21 ], 
      [ 0, 0, 0, 0, 0, 0, 0, 0, 0, 225, 124, 15 ], [ 0, 0, 0, 0, 0, 0, 0, 0, 0, 21, 15, 4 ] ], [ [ 620, -38, 2365, 0, 0, 0, 0, 0, 0, 0, 0, 0 ], [ -38, 4, -146, 0, 0, 0, 0, 0, 0, 0, 0, 0 ], 
      [ 2365, -146, 9022, 0, 0, 0, 0, 0, 0, 0, 0, 0 ], [ 0, 0, 0, 9580, -8892, -1794, 0, 0, 0, 0, 0, 0 ], [ 0, 0, 0, -8892, 8254, 1665, 0, 0, 0, 0, 0, 0 ], 
      [ 0, 0, 0, -1794, 1665, 336, 0, 0, 0, 0, 0, 0 ], [ 0, 0, 0, 0, 0, 0, 4, -20, -17, 0, 0, 0 ], [ 0, 0, 0, 0, 0, 0, -20, 116, 90, 0, 0, 0 ], [ 0, 0, 0, 0, 0, 0, -17, 90, 74, 0, 0, 0 ], 
      [ 0, 0, 0, 0, 0, 0, 0, 0, 0, 4, 19, -22 ], [ 0, 0, 0, 0, 0, 0, 0, 0, 0, 19, 118, -139 ], [ 0, 0, 0, 0, 0, 0, 0, 0, 0, -22, -139, 164 ] ], 
  [ [ 418, -129, 12, 0, 0, 0, 0, 0, 0, 0, 0, 0 ], [ -129, 40, -7, 0, 0, 0, 0, 0, 0, 0, 0, 0 ], [ 12, -7, 58, 0, 0, 0, 0, 0, 0, 0, 0, 0 ], [ 0, 0, 0, 6748, -1381, -50, 0, 0, 0, 0, 0, 0 ], 
      [ 0, 0, 0, -1381, 284, 8, 0, 0, 0, 0, 0, 0 ], [ 0, 0, 0, -50, 8, 4, 0, 0, 0, 0, 0, 0 ], [ 0, 0, 0, 0, 0, 0, 32, 211, -218, 0, 0, 0 ], 
      [ 0, 0, 0, 0, 0, 0, 211, 1612, -1722, 0, 0, 0 ], [ 0, 0, 0, 0, 0, 0, -218, -1722, 1852, 0, 0, 0 ], [ 0, 0, 0, 0, 0, 0, 0, 0, 0, 4, -90, 29 ], [ 0, 0, 0, 0, 0, 0, 0, 0, 0, -90, 5236, -1627 ], 
      [ 0, 0, 0, 0, 0, 0, 0, 0, 0, 29, -1627, 506 ] ], [ [ 100, -44, 13, 0, 0, 0, 0, 0, 0, 0, 0, 0 ], [ -44, 20, -6, 0, 0, 0, 0, 0, 0, 0, 0, 0 ], 
      [ 13, -6, 2, 0, 0, 0, 0, 0, 0, 0, 0, 0 ], [ 0, 0, 0, 10, 37, -16, 0, 0, 0, 0, 0, 0 ], [ 0, 0, 0, 37, 296, -124, 0, 0, 0, 0, 0, 0 ], [ 0, 0, 0, -16, -124, 52, 0, 0, 0, 0, 0, 0 ], 
      [ 0, 0, 0, 0, 0, 0, 20, 34, -20, 0, 0, 0 ], [ 0, 0, 0, 0, 0, 0, 34, 68, -43, 0, 0, 0 ], [ 0, 0, 0, 0, 0, 0, -20, -43, 28, 0, 0, 0 ], 
      [ 0, 0, 0, 0, 0, 0, 0, 0, 0, 4580, 3882, -3115 ], [ 0, 0, 0, 0, 0, 0, 0, 0, 0, 3882, 3308, -2648 ], [ 0, 0, 0, 0, 0, 0, 0, 0, 0, -3115, -2648, 2122 ] ], 
  [ [ 40, 5, -73, 0, 0, 0, 0, 0, 0, 0, 0, 0 ], [ 5, 2, -10, 0, 0, 0, 0, 0, 0, 0, 0, 0 ], [ -73, -10, 134, 0, 0, 0, 0, 0, 0, 0, 0, 0 ], 
      [ 0, 0, 0, 52, -5305, 2091, 0, 0, 0, 0, 0, 0 ], [ 0, 0, 0, -5305, 557014, -219549, 0, 0, 0, 0, 0, 0 ], [ 0, 0, 0, 2091, -219549, 86536, 0, 0, 0, 0, 0, 0 ], 
      [ 0, 0, 0, 0, 0, 0, 66, 75, 150, 0, 0, 0 ], [ 0, 0, 0, 0, 0, 0, 75, 88, 164, 0, 0, 0 ], [ 0, 0, 0, 0, 0, 0, 150, 164, 356, 0, 0, 0 ], 
      [ 0, 0, 0, 0, 0, 0, 0, 0, 0, 196, 187, -74 ], [ 0, 0, 0, 0, 0, 0, 0, 0, 0, 187, 182, -71 ], [ 0, 0, 0, 0, 0, 0, 0, 0, 0, -74, -71, 28 ] ], 
  [ [ 170, -98, -29, 0, 0, 0, 0, 0, 0, 0, 0, 0 ], [ -98, 68, 16, 0, 0, 0, 0, 0, 0, 0, 0, 0 ], [ -29, 16, 5, 0, 0, 0, 0, 0, 0, 0, 0, 0 ], 
      [ 0, 0, 0, 74, 28, 55, 0, 0, 0, 0, 0, 0 ], [ 0, 0, 0, 28, 24, 22, 0, 0, 0, 0, 0, 0 ], [ 0, 0, 0, 55, 22, 41, 0, 0, 0, 0, 0, 0 ], [ 0, 0, 0, 0, 0, 0, 241, 176, -34, 0, 0, 0 ], 
      [ 0, 0, 0, 0, 0, 0, 176, 884, 166, 0, 0, 0 ], [ 0, 0, 0, 0, 0, 0, -34, 166, 53, 0, 0, 0 ], [ 0, 0, 0, 0, 0, 0, 0, 0, 0, 31554, -2977, -109597 ], 
      [ 0, 0, 0, 0, 0, 0, 0, 0, 0, -2977, 281, 10340 ], [ 0, 0, 0, 0, 0, 0, 0, 0, 0, -109597, 10340, 380665 ] ], 
  [ [ 13, 280, 124, 0, 0, 0, 0, 0, 0, 0, 0, 0 ], [ 280, 6212, 2754, 0, 0, 0, 0, 0, 0, 0, 0, 0 ], [ 124, 2754, 1221, 0, 0, 0, 0, 0, 0, 0, 0, 0 ], 
      [ 0, 0, 0, 5, -2, -10, 0, 0, 0, 0, 0, 0 ], [ 0, 0, 0, -2, 9, -9, 0, 0, 0, 0, 0, 0 ], [ 0, 0, 0, -10, -9, 41, 0, 0, 0, 0, 0, 0 ], [ 0, 0, 0, 0, 0, 0, 20513, -10105, 22413, 0, 0, 0 ], 
      [ 0, 0, 0, 0, 0, 0, -10105, 4978, -11041, 0, 0, 0 ], [ 0, 0, 0, 0, 0, 0, 22413, -11041, 24489, 0, 0, 0 ], [ 0, 0, 0, 0, 0, 0, 0, 0, 0, 5, -9, 2 ], 
      [ 0, 0, 0, 0, 0, 0, 0, 0, 0, -9, 122, -33 ], [ 0, 0, 0, 0, 0, 0, 0, 0, 0, 2, -33, 9 ] ], [ [ 3628, -21, -1517, 0, 0, 0, 0, 0, 0, 0, 0, 0 ], [ -21, 4, 5, 0, 0, 0, 0, 0, 0, 0, 0, 0 ], 
      [ -1517, 5, 638, 0, 0, 0, 0, 0, 0, 0, 0, 0 ], [ 0, 0, 0, 172, 26, 86, 0, 0, 0, 0, 0, 0 ], [ 0, 0, 0, 26, 8, 11, 0, 0, 0, 0, 0, 0 ], 
      [ 0, 0, 0, 86, 11, 44, 0, 0, 0, 0, 0, 0 ], [ 0, 0, 0, 0, 0, 0, 100, -66, -28, 0, 0, 0 ], [ 0, 0, 0, 0, 0, 0, -66, 84, 21, 0, 0, 0 ], [ 0, 0, 0, 0, 0, 0, -28, 21, 8, 0, 0, 0 ], 
      [ 0, 0, 0, 0, 0, 0, 0, 0, 0, 4, -24, -9 ], [ 0, 0, 0, 0, 0, 0, 0, 0, 0, -24, 388, 142 ], [ 0, 0, 0, 0, 0, 0, 0, 0, 0, -9, 142, 52 ] ], 
  [ [ 2, -5, -3, 0, 0, 0, 0, 0, 0, 0, 0, 0 ], [ -5, 17, -7, 0, 0, 0, 0, 0, 0, 0, 0, 0 ], [ -3, -7, 53, 0, 0, 0, 0, 0, 0, 0, 0, 0 ], [ 0, 0, 0, 113, -125, -165, 0, 0, 0, 0, 0, 0 ], 
      [ 0, 0, 0, -125, 146, 194, 0, 0, 0, 0, 0, 0 ], [ 0, 0, 0, -165, 194, 258, 0, 0, 0, 0, 0, 0 ], [ 0, 0, 0, 0, 0, 0, 266, -66, -1097, 0, 0, 0 ], 
      [ 0, 0, 0, 0, 0, 0, -66, 18, 271, 0, 0, 0 ], [ 0, 0, 0, 0, 0, 0, -1097, 271, 4525, 0, 0, 0 ], [ 0, 0, 0, 0, 0, 0, 0, 0, 0, 820, -854, 2106 ], [ 0, 0, 0, 0, 0, 0, 0, 0, 0, -854, 897, -2211 ], 
      [ 0, 0, 0, 0, 0, 0, 0, 0, 0, 2106, -2211, 5450 ] ], [ [ 3028, 1023, -143, 0, 0, 0, 0, 0, 0, 0, 0, 0 ], [ 1023, 346, -49, 0, 0, 0, 0, 0, 0, 0, 0, 0 ], 
      [ -143, -49, 8, 0, 0, 0, 0, 0, 0, 0, 0, 0 ], [ 0, 0, 0, 74, 2, -165, 0, 0, 0, 0, 0, 0 ], [ 0, 0, 0, 2, 4, -4, 0, 0, 0, 0, 0, 0 ], [ 0, 0, 0, -165, -4, 368, 0, 0, 0, 0, 0, 0 ], 
      [ 0, 0, 0, 0, 0, 0, 596, -44, 154, 0, 0, 0 ], [ 0, 0, 0, 0, 0, 0, -44, 4, -11, 0, 0, 0 ], [ 0, 0, 0, 0, 0, 0, 154, -11, 40, 0, 0, 0 ], 
      [ 0, 0, 0, 0, 0, 0, 0, 0, 0, 4, 38, 2 ], [ 0, 0, 0, 0, 0, 0, 0, 0, 0, 38, 554, 43 ], [ 0, 0, 0, 0, 0, 0, 0, 0, 0, 2, 43, 4 ] ], 
  [ [ 10900, -4228, -436, 0, 0, 0, 0, 0, 0, 0, 0, 0 ], [ -4228, 1640, 169, 0, 0, 0, 0, 0, 0, 0, 0, 0 ], [ -436, 169, 28, 0, 0, 0, 0, 0, 0, 0, 0, 0 ], 
      [ 0, 0, 0, 2, -1, -11, 0, 0, 0, 0, 0, 0 ], [ 0, 0, 0, -1, 4, 8, 0, 0, 0, 0, 0, 0 ], [ 0, 0, 0, -11, 8, 64, 0, 0, 0, 0, 0, 0 ], [ 0, 0, 0, 0, 0, 0, 4, -6, 15, 0, 0, 0 ], 
      [ 0, 0, 0, 0, 0, 0, -6, 28, -93, 0, 0, 0 ], [ 0, 0, 0, 0, 0, 0, 15, -93, 318, 0, 0, 0 ], [ 0, 0, 0, 0, 0, 0, 0, 0, 0, 1072, -129, 490 ], [ 0, 0, 0, 0, 0, 0, 0, 0, 0, -129, 16, -59 ], 
      [ 0, 0, 0, 0, 0, 0, 0, 0, 0, 490, -59, 224 ] ], [ [ 130, -36, 113, 0, 0, 0, 0, 0, 0, 0, 0, 0 ], [ -36, 10, -31, 0, 0, 0, 0, 0, 0, 0, 0, 0 ], 
      [ 113, -31, 105, 0, 0, 0, 0, 0, 0, 0, 0, 0 ], [ 0, 0, 0, 245, -45, -644, 0, 0, 0, 0, 0, 0 ], [ 0, 0, 0, -45, 9, 118, 0, 0, 0, 0, 0, 0 ], [ 0, 0, 0, -644, 118, 1693, 0, 0, 0, 0, 0, 0 ], 
      [ 0, 0, 0, 0, 0, 0, 272, 1208, -1560, 0, 0, 0 ], [ 0, 0, 0, 0, 0, 0, 1208, 5365, -6928, 0, 0, 0 ], [ 0, 0, 0, 0, 0, 0, -1560, -6928, 8949, 0, 0, 0 ], 
      [ 0, 0, 0, 0, 0, 0, 0, 0, 0, 24, -18, 26 ], [ 0, 0, 0, 0, 0, 0, 0, 0, 0, -18, 17, -28 ], [ 0, 0, 0, 0, 0, 0, 0, 0, 0, 26, -28, 49 ] ], 
  [ [ 340421, -97052, -16303, 0, 0, 0, 0, 0, 0, 0, 0, 0 ], [ -97052, 27669, 4648, 0, 0, 0, 0, 0, 0, 0, 0, 0 ], 
      [ -16303, 4648, 781, 0, 0, 0, 0, 0, 0, 0, 0, 0 ], [ 0, 0, 0, 557, 1387, -1091, 0, 0, 0, 0, 0, 0 ], [ 0, 0, 0, 1387, 3498, -2750, 0, 0, 0, 0, 0, 0 ], 
      [ 0, 0, 0, -1091, -2750, 2162, 0, 0, 0, 0, 0, 0 ], [ 0, 0, 0, 0, 0, 0, 9, -52, 15, 0, 0, 0 ], [ 0, 0, 0, 0, 0, 0, -52, 324, -82, 0, 0, 0 ], 
      [ 0, 0, 0, 0, 0, 0, 15, -82, 26, 0, 0, 0 ], [ 0, 0, 0, 0, 0, 0, 0, 0, 0, 61, -23, 32 ], [ 0, 0, 0, 0, 0, 0, 0, 0, 0, -23, 9, -14 ], [ 0, 0, 0, 0, 0, 0, 0, 0, 0, 32, -14, 29 ] ], 
  [ [ 1298, 227, -1065, 0, 0, 0, 0, 0, 0, 0, 0, 0 ], [ 227, 40, -188, 0, 0, 0, 0, 0, 0, 0, 0, 0 ], [ -1065, -188, 884, 0, 0, 0, 0, 0, 0, 0, 0, 0 ], 
      [ 0, 0, 0, 28, 120, 10, 0, 0, 0, 0, 0, 0 ], [ 0, 0, 0, 120, 526, 45, 0, 0, 0, 0, 0, 0 ], [ 0, 0, 0, 10, 45, 4, 0, 0, 0, 0, 0, 0 ], [ 0, 0, 0, 0, 0, 0, 32716, 8302, -4386, 0, 0, 0 ], 
      [ 0, 0, 0, 0, 0, 0, 8302, 2108, -1113, 0, 0, 0 ], [ 0, 0, 0, 0, 0, 0, -4386, -1113, 588, 0, 0, 0 ], [ 0, 0, 0, 0, 0, 0, 0, 0, 0, 2, -5, -2 ], 
      [ 0, 0, 0, 0, 0, 0, 0, 0, 0, -5, 28, 10 ], [ 0, 0, 0, 0, 0, 0, 0, 0, 0, -2, 10, 4 ] ], 
  [ [ 176326, -775999, -330369, 0, 0, 0, 0, 0, 0, 0, 0, 0 ], [ -775999, 3415120, 1453932, 0, 0, 0, 0, 0, 0, 0, 0, 0 ], [ -330369, 1453932, 618988, 0, 0, 0, 0, 0, 0, 0, 0, 0 ], 
      [ 0, 0, 0, 352, -162, -289, 0, 0, 0, 0, 0, 0 ], [ 0, 0, 0, -162, 76, 132, 0, 0, 0, 0, 0, 0 ], [ 0, 0, 0, -289, 132, 238, 0, 0, 0, 0, 0, 0 ], 
      [ 0, 0, 0, 0, 0, 0, 15348, -5763, 549, 0, 0, 0 ], [ 0, 0, 0, 0, 0, 0, -5763, 2164, -206, 0, 0, 0 ], [ 0, 0, 0, 0, 0, 0, 549, -206, 20, 0, 0, 0 ], [ 0, 0, 0, 0, 0, 0, 0, 0, 0, 110, -112, -311 ],
      [ 0, 0, 0, 0, 0, 0, 0, 0, 0, -112, 118, 315 ], [ 0, 0, 0, 0, 0, 0, 0, 0, 0, -311, 315, 880 ] ], [ [ 12, -6, -42, 0, 0, 0, 0, 0, 0, 0, 0, 0 ], 
      [ -6, 4, 21, 0, 0, 0, 0, 0, 0, 0, 0, 0 ], [ -42, 21, 148, 0, 0, 0, 0, 0, 0, 0, 0, 0 ], [ 0, 0, 0, 482, -1453, 87, 0, 0, 0, 0, 0, 0 ], [ 0, 0, 0, -1453, 4396, -254, 0, 0, 0, 0, 0, 0 ], 
      [ 0, 0, 0, 87, -254, 20, 0, 0, 0, 0, 0, 0 ], [ 0, 0, 0, 0, 0, 0, 10630, -10453, -7252, 0, 0, 0 ], [ 0, 0, 0, 0, 0, 0, -10453, 10280, 7132, 0, 0, 0 ], 
      [ 0, 0, 0, 0, 0, 0, -7252, 7132, 4948, 0, 0, 0 ], [ 0, 0, 0, 0, 0, 0, 0, 0, 0, 140, 132, -55 ], [ 0, 0, 0, 0, 0, 0, 0, 0, 0, 132, 128, -53 ], [ 0, 0, 0, 0, 0, 0, 0, 0, 0, -55, -53, 22 ] ], 
  [ [ 20730, -10440, -12261, 0, 0, 0, 0, 0, 0, 0, 0, 0 ], [ -10440, 5258, 6175, 0, 0, 0, 0, 0, 0, 0, 0, 0 ], [ -12261, 6175, 7252, 0, 0, 0, 0, 0, 0, 0, 0, 0 ], 
      [ 0, 0, 0, 33076, 2697, -21954, 0, 0, 0, 0, 0, 0 ], [ 0, 0, 0, 2697, 220, -1790, 0, 0, 0, 0, 0, 0 ], [ 0, 0, 0, -21954, -1790, 14572, 0, 0, 0, 0, 0, 0 ], 
      [ 0, 0, 0, 0, 0, 0, 244, -27, -54, 0, 0, 0 ], [ 0, 0, 0, 0, 0, 0, -27, 4, 6, 0, 0, 0 ], 
      [ 0, 0, 0, 0, 0, 0, -54, 6, 12, 0, 0, 0 ], [ 0, 0, 0, 0, 0, 0, 0, 0, 0, 8, -2, -67 ], [ 0, 0, 0, 0, 0, 0, 0, 0, 0, -2, 4, 18 ], [ 0, 0, 0, 0, 0, 0, 0, 0, 0, -67, 18, 562 ] ], 
  [ [ 3, 85, -13, 0, 0, 0, 0, 0, 0, 0, 0, 0 ], [ 85, 2522, -382, 0, 0, 0, 0, 0, 0, 0, 0, 0 ], [ -13, -382, 58, 0, 0, 0, 0, 0, 0, 0, 0, 0 ], 
      [ 0, 0, 0, 47, -90, -84, 0, 0, 0, 0, 0, 0 ], [ 0, 0, 0, -90, 176, 154, 0, 0, 0, 0, 0, 0 ], [ 0, 0, 0, -84, 154, 163, 0, 0, 0, 0, 0, 0 ], [ 0, 0, 0, 0, 0, 0, 163, 121, 18, 0, 0, 0 ], 
      [ 0, 0, 0, 0, 0, 0, 121, 90, 13, 0, 0, 0 ], [ 0, 0, 0, 0, 0, 0, 18, 13, 3, 0, 0, 0 ], [ 0, 0, 0, 0, 0, 0, 0, 0, 0, 148, -342, -20 ], 
      [ 0, 0, 0, 0, 0, 0, 0, 0, 0, -342, 807, 44 ], [ 0, 0, 0, 0, 0, 0, 0, 0, 0, -20, 44, 3 ] ] ];
