randomPro20261001175224:=[ [ [ 0, 217 ], [ [ -2, 1, 1, 3, 3, 3, 1, 3, 3, 3, 3, 1, 1, 3, 3, 1, 3 ], [ 1, -2, 1, 3, 3, 1, 3, 3, 1, 1, 1, 1, 1, 3, 3, 1, 3 ], 
          [ 1, 1, -2, 3, 3, 1, 3, 1, 1, 3, 3, 1, 1, 1, 3, 1, 3 ], [ 3, 3, 3, -2, 1, 1, 1, 1, 1, 1, 1, 3, 3, 3, 1, 3, 1 ], 
          [ 3, 3, 3, 1, -2, 3, 3, 3, 1, 3, 1, 3, 1, 1, 1, 1, 1 ], [ 3, 1, 1, 1, 3, -2, 1, 1, 1, 1, 1, 3, 3, 3, 3, 3, 3 ], 
          [ 1, 3, 3, 1, 3, 1, -2, 1, 3, 1, 3, 3, 3, 3, 3, 3, 3 ], [ 3, 3, 1, 1, 3, 1, 1, -2, 1, 3, 3, 1, 3, 1, 1, 3, 3 ], 
          [ 3, 1, 1, 1, 1, 1, 3, 1, -2, 3, 1, 1, 1, 1, 1, 1, 3 ], [ 3, 1, 3, 1, 3, 1, 1, 3, 3, -2, 1, 3, 3, 3, 3, 3, 1 ], 
          [ 3, 1, 3, 1, 1, 1, 3, 3, 1, 1, -2, 3, 3, 3, 1, 3, 1 ], [ 1, 1, 1, 3, 3, 3, 3, 1, 1, 3, 3, -2, 1, 1, 1, 1, 3 ], 
          [ 1, 1, 1, 3, 1, 3, 3, 3, 1, 3, 3, 1, -2, 1, 3, 1, 3 ], [ 3, 3, 1, 3, 1, 3, 3, 1, 1, 3, 3, 1, 1, -2, 1, 1, 3 ], 
          [ 3, 3, 3, 1, 1, 3, 3, 1, 1, 3, 1, 1, 3, 1, -2, 3, 1 ], [ 1, 1, 1, 3, 1, 3, 3, 3, 1, 3, 3, 1, 1, 1, 3, -2, 3 ], 
          [ 3, 3, 3, 1, 1, 3, 3, 3, 3, 1, 1, 3, 3, 3, 1, 3, -2 ] ] ], 
  [ [ 0, 606 ], [ [ -2, 1, 1, 3, 3, 3, 1, 3, 3, 3, 3, 3, 1, 1, 1, 3, 3 ], [ 1, -2, 1, 3, 3, 1, 3, 3, 1, 1, 1, 3, 3, 1, 1, 1, 1 ], 
          [ 1, 1, -2, 3, 3, 1, 3, 1, 1, 3, 3, 3, 1, 3, 1, 3, 3 ], [ 3, 3, 3, -2, 1, 1, 1, 1, 1, 1, 1, 1, 3, 3, 3, 3, 1 ], 
          [ 3, 3, 3, 1, -2, 3, 3, 3, 1, 3, 1, 3, 3, 3, 3, 1, 3 ], [ 3, 1, 1, 1, 3, -2, 1, 1, 1, 1, 1, 1, 1, 3, 1, 3, 1 ], 
          [ 1, 3, 3, 1, 3, 1, -2, 1, 3, 1, 3, 1, 1, 1, 1, 3, 1 ], [ 3, 3, 1, 1, 3, 1, 1, -2, 1, 3, 3, 1, 1, 3, 1, 3, 1 ], 
          [ 3, 1, 1, 1, 1, 1, 3, 1, -2, 3, 1, 3, 3, 3, 1, 3, 1 ], [ 3, 1, 3, 1, 3, 1, 1, 3, 3, -2, 1, 1, 3, 1, 3, 1, 1 ], 
          [ 3, 1, 3, 1, 1, 1, 3, 3, 1, 1, -2, 1, 3, 3, 3, 1, 1 ], [ 3, 3, 3, 1, 3, 1, 1, 1, 3, 1, 1, -2, 1, 3, 3, 1, 1 ], 
          [ 1, 3, 1, 3, 3, 1, 1, 1, 3, 3, 3, 1, -2, 3, 1, 3, 3 ], [ 1, 1, 3, 3, 3, 3, 1, 3, 3, 1, 3, 3, 3, -2, 1, 1, 1 ], 
          [ 1, 1, 1, 3, 3, 1, 1, 1, 1, 3, 3, 3, 1, 1, -2, 3, 1 ], [ 3, 1, 3, 3, 1, 3, 3, 3, 3, 1, 1, 1, 3, 1, 3, -2, 1 ], 
          [ 3, 1, 3, 1, 3, 1, 1, 1, 1, 1, 1, 1, 3, 1, 1, 1, -2 ] ] ], [ [ 0, 1008 ], [ [ -2, 1, 1, 3, 3, 3, 1, 3, 3, 3, 3, 1, 1, 1, 3, 1, 3 ], 
          [ 1, -2, 1, 3, 3, 1, 3, 3, 1, 1, 1, 3, 3, 1, 3, 3, 1 ], [ 1, 1, -2, 3, 3, 1, 3, 1, 1, 3, 3, 1, 3, 1, 3, 3, 1 ], 
          [ 3, 3, 3, -2, 1, 1, 1, 1, 1, 1, 1, 3, 1, 3, 1, 1, 1 ], [ 3, 3, 3, 1, -2, 3, 3, 3, 1, 3, 1, 1, 1, 3, 3, 1, 3 ], 
          [ 3, 1, 1, 1, 3, -2, 1, 1, 1, 1, 1, 3, 3, 3, 1, 3, 1 ], [ 1, 3, 3, 1, 3, 1, -2, 1, 3, 1, 3, 3, 1, 3, 1, 1, 3 ], 
          [ 3, 3, 1, 1, 3, 1, 1, -2, 1, 3, 3, 3, 3, 3, 1, 1, 1 ], [ 3, 1, 1, 1, 1, 1, 3, 1, -2, 3, 1, 3, 3, 3, 3, 3, 1 ], 
          [ 3, 1, 3, 1, 3, 1, 1, 3, 3, -2, 1, 3, 1, 1, 1, 3, 1 ], [ 3, 1, 3, 1, 1, 1, 3, 3, 1, 1, -2, 3, 1, 3, 1, 3, 1 ], 
          [ 1, 3, 1, 3, 1, 3, 3, 3, 3, 3, 3, -2, 1, 1, 3, 1, 3 ], [ 1, 3, 3, 1, 1, 3, 1, 3, 3, 1, 1, 1, -2, 1, 1, 1, 3 ], 
          [ 1, 1, 1, 3, 3, 3, 3, 3, 3, 1, 3, 1, 1, -2, 3, 3, 1 ], [ 3, 3, 3, 1, 3, 1, 1, 1, 3, 1, 1, 3, 1, 3, -2, 1, 1 ], 
          [ 1, 3, 3, 1, 1, 3, 1, 1, 3, 3, 3, 1, 1, 3, 1, -2, 3 ], [ 3, 1, 1, 1, 3, 1, 3, 1, 1, 1, 1, 3, 3, 1, 1, 3, -2 ] ] ], 
  [ [ 0, 939 ], [ [ -2, 1, 1, 3, 3, 3, 1, 3, 3, 3, 1, 1, 3, 3, 1, 1, 3 ], [ 1, -2, 1, 3, 3, 1, 3, 3, 1, 1, 3, 1, 3, 1, 3, 1, 3 ], 
          [ 1, 1, -2, 3, 3, 1, 3, 1, 1, 3, 3, 3, 3, 1, 3, 1, 3 ], [ 3, 3, 3, -2, 1, 1, 1, 1, 1, 1, 3, 1, 1, 3, 3, 3, 1 ], 
          [ 3, 3, 3, 1, -2, 3, 3, 3, 1, 3, 1, 1, 1, 3, 1, 1, 1 ], [ 3, 1, 1, 1, 3, -2, 1, 1, 1, 1, 3, 3, 3, 1, 3, 3, 3 ], 
          [ 1, 3, 3, 1, 3, 1, -2, 1, 3, 1, 1, 3, 3, 3, 1, 3, 3 ], [ 3, 3, 1, 1, 3, 1, 1, -2, 1, 3, 3, 3, 3, 3, 3, 3, 1 ], 
          [ 3, 1, 1, 1, 1, 1, 3, 1, -2, 3, 3, 1, 3, 1, 3, 1, 1 ], [ 3, 1, 3, 1, 3, 1, 1, 3, 3, -2, 3, 3, 1, 1, 3, 3, 3 ], 
          [ 1, 3, 3, 3, 1, 3, 1, 3, 3, 3, -2, 1, 1, 3, 1, 1, 3 ], [ 1, 1, 3, 1, 1, 3, 3, 3, 1, 3, 1, -2, 1, 3, 3, 1, 1 ], 
          [ 3, 3, 3, 1, 1, 3, 3, 3, 3, 1, 1, 1, -2, 3, 3, 3, 1 ], [ 3, 1, 1, 3, 3, 1, 3, 3, 1, 1, 3, 3, 3, -2, 3, 1, 3 ], 
          [ 1, 3, 3, 3, 1, 3, 1, 3, 3, 3, 1, 3, 3, 3, -2, 1, 3 ], [ 1, 1, 1, 3, 1, 3, 3, 3, 1, 3, 1, 1, 3, 1, 1, -2, 3 ], 
          [ 3, 3, 3, 1, 1, 3, 3, 1, 1, 3, 3, 1, 1, 3, 3, 3, -2 ] ] ], 
  [ [ 0, 939 ], [ [ -2, 1, 1, 3, 3, 3, 1, 3, 3, 3, 1, 1, 3, 3, 1, 1, 3 ], [ 1, -2, 1, 3, 3, 1, 3, 3, 1, 1, 3, 1, 3, 1, 3, 1, 3 ], 
          [ 1, 1, -2, 3, 3, 1, 3, 1, 1, 3, 3, 3, 3, 1, 3, 1, 3 ], [ 3, 3, 3, -2, 1, 1, 1, 1, 1, 1, 3, 1, 1, 3, 3, 3, 1 ], 
          [ 3, 3, 3, 1, -2, 3, 3, 3, 1, 3, 1, 1, 1, 3, 1, 1, 1 ], [ 3, 1, 1, 1, 3, -2, 1, 1, 1, 1, 3, 3, 3, 1, 3, 3, 3 ], 
          [ 1, 3, 3, 1, 3, 1, -2, 1, 3, 1, 1, 3, 3, 3, 1, 3, 3 ], [ 3, 3, 1, 1, 3, 1, 1, -2, 1, 3, 3, 3, 3, 3, 3, 3, 1 ], 
          [ 3, 1, 1, 1, 1, 1, 3, 1, -2, 3, 3, 1, 3, 1, 3, 1, 1 ], [ 3, 1, 3, 1, 3, 1, 1, 3, 3, -2, 3, 3, 1, 1, 3, 3, 3 ], 
          [ 1, 3, 3, 3, 1, 3, 1, 3, 3, 3, -2, 1, 1, 3, 1, 1, 3 ], [ 1, 1, 3, 1, 1, 3, 3, 3, 1, 3, 1, -2, 1, 3, 3, 1, 1 ], 
          [ 3, 3, 3, 1, 1, 3, 3, 3, 3, 1, 1, 1, -2, 3, 3, 3, 1 ], [ 3, 1, 1, 3, 3, 1, 3, 3, 1, 1, 3, 3, 3, -2, 3, 1, 3 ], 
          [ 1, 3, 3, 3, 1, 3, 1, 3, 3, 3, 1, 3, 3, 3, -2, 1, 3 ], [ 1, 1, 1, 3, 1, 3, 3, 3, 1, 3, 1, 1, 3, 1, 1, -2, 3 ], 
          [ 3, 3, 3, 1, 1, 3, 3, 1, 1, 3, 3, 1, 1, 3, 3, 3, -2 ] ] ], [ [ 0, 474 ], [ [ -2, 1, 1, 3, 3, 3, 1, 3, 3, 3, 1, 1, 1, 1, 3, 3, 1 ], 
          [ 1, -2, 1, 3, 3, 1, 3, 3, 1, 1, 3, 1, 1, 1, 1, 1, 1 ], [ 1, 1, -2, 3, 3, 1, 3, 1, 1, 3, 3, 1, 1, 1, 1, 3, 1 ], 
          [ 3, 3, 3, -2, 1, 1, 1, 1, 1, 1, 3, 3, 3, 1, 1, 1, 3 ], [ 3, 3, 3, 1, -2, 3, 3, 3, 1, 3, 1, 3, 3, 3, 1, 3, 1 ], 
          [ 3, 1, 1, 1, 3, -2, 1, 1, 1, 1, 3, 1, 3, 1, 1, 1, 3 ], [ 1, 3, 3, 1, 3, 1, -2, 1, 3, 1, 1, 1, 3, 1, 3, 1, 3 ], 
          [ 3, 3, 1, 1, 3, 1, 1, -2, 1, 3, 3, 3, 3, 1, 3, 1, 3 ], [ 3, 1, 1, 1, 1, 1, 3, 1, -2, 3, 3, 3, 3, 3, 1, 1, 1 ], 
          [ 3, 1, 3, 1, 3, 1, 1, 3, 3, -2, 3, 1, 1, 1, 1, 1, 3 ], [ 1, 3, 3, 3, 1, 3, 1, 3, 3, 3, -2, 1, 3, 3, 3, 3, 1 ], 
          [ 1, 1, 1, 3, 3, 1, 1, 3, 3, 1, 1, -2, 1, 1, 1, 3, 1 ], [ 1, 1, 1, 3, 3, 3, 3, 3, 3, 1, 3, 1, -2, 1, 1, 3, 1 ], 
          [ 1, 1, 1, 1, 3, 1, 1, 1, 3, 1, 3, 1, 1, -2, 1, 1, 3 ], [ 3, 1, 1, 1, 1, 1, 3, 3, 1, 1, 3, 1, 1, 1, -2, 1, 1 ], 
          [ 3, 1, 3, 1, 3, 1, 1, 1, 1, 1, 3, 3, 3, 1, 1, -2, 3 ], [ 1, 1, 1, 3, 1, 3, 3, 3, 1, 3, 1, 1, 1, 3, 1, 3, -2 ] ] ], 
  [ [ 0, 623 ], [ [ -2, 1, 1, 3, 3, 3, 1, 3, 3, 3, 1, 1, 1, 3, 1, 3, 3 ], [ 1, -2, 1, 3, 3, 1, 3, 3, 1, 1, 1, 3, 1, 3, 3, 1, 3 ], 
          [ 1, 1, -2, 3, 3, 1, 3, 1, 1, 3, 3, 1, 1, 1, 1, 1, 3 ], [ 3, 3, 3, -2, 1, 1, 1, 1, 1, 1, 1, 1, 3, 1, 3, 1, 1 ], 
          [ 3, 3, 3, 1, -2, 3, 3, 3, 1, 3, 3, 3, 1, 1, 3, 3, 1 ], [ 3, 1, 1, 1, 3, -2, 1, 1, 1, 1, 1, 1, 3, 1, 3, 1, 3 ], 
          [ 1, 3, 3, 1, 3, 1, -2, 1, 3, 1, 1, 1, 3, 3, 1, 3, 3 ], [ 3, 3, 1, 1, 3, 1, 1, -2, 1, 3, 3, 1, 3, 1, 1, 1, 3 ], 
          [ 3, 1, 1, 1, 1, 1, 3, 1, -2, 3, 3, 3, 1, 1, 3, 1, 3 ], [ 3, 1, 3, 1, 3, 1, 1, 3, 3, -2, 1, 3, 3, 3, 3, 1, 1 ], 
          [ 1, 1, 3, 1, 3, 1, 1, 3, 3, 1, -2, 1, 3, 3, 3, 3, 1 ], [ 1, 3, 1, 1, 3, 1, 1, 1, 3, 3, 1, -2, 3, 1, 1, 1, 3 ], 
          [ 1, 1, 1, 3, 1, 3, 3, 3, 1, 3, 3, 3, -2, 3, 1, 3, 3 ], [ 3, 3, 1, 1, 1, 1, 3, 1, 1, 3, 3, 1, 3, -2, 3, 1, 1 ], 
          [ 1, 3, 1, 3, 3, 3, 1, 1, 3, 3, 3, 1, 1, 3, -2, 3, 3 ], [ 3, 1, 1, 1, 3, 1, 3, 1, 1, 1, 3, 1, 3, 1, 3, -2, 3 ], 
          [ 3, 3, 3, 1, 1, 3, 3, 3, 3, 1, 1, 3, 3, 1, 3, 3, -2 ] ] ], 
  [ [ 0, 837 ], [ [ -2, 1, 1, 3, 3, 3, 1, 3, 3, 3, 1, 3, 3, 1, 1, 1, 1 ], [ 1, -2, 1, 3, 3, 1, 3, 3, 1, 1, 1, 1, 3, 3, 3, 1, 3 ], 
          [ 1, 1, -2, 3, 3, 1, 3, 1, 1, 3, 3, 3, 3, 1, 1, 1, 3 ], [ 3, 3, 3, -2, 1, 1, 1, 1, 1, 1, 1, 1, 1, 1, 3, 3, 1 ], 
          [ 3, 3, 3, 1, -2, 3, 3, 3, 1, 3, 3, 3, 1, 1, 3, 1, 3 ], [ 3, 1, 1, 1, 3, -2, 1, 1, 1, 1, 1, 1, 1, 3, 3, 3, 3 ], 
          [ 1, 3, 3, 1, 3, 1, -2, 1, 3, 1, 1, 1, 1, 1, 1, 3, 1 ], [ 3, 3, 1, 1, 3, 1, 1, -2, 1, 3, 3, 1, 1, 1, 1, 3, 1 ], 
          [ 3, 1, 1, 1, 1, 1, 3, 1, -2, 3, 3, 1, 1, 1, 3, 1, 3 ], [ 3, 1, 3, 1, 3, 1, 1, 3, 3, -2, 1, 1, 3, 3, 3, 3, 3 ], 
          [ 1, 1, 3, 1, 3, 1, 1, 3, 3, 1, -2, 1, 1, 3, 3, 3, 1 ], [ 3, 1, 3, 1, 3, 1, 1, 1, 1, 1, 1, -2, 1, 3, 3, 3, 1 ], 
          [ 3, 3, 3, 1, 1, 1, 1, 1, 1, 3, 1, 1, -2, 1, 3, 3, 1 ], [ 1, 3, 1, 1, 1, 3, 1, 1, 1, 3, 3, 3, 1, -2, 1, 1, 1 ], 
          [ 1, 3, 1, 3, 3, 3, 1, 1, 3, 3, 3, 3, 3, 1, -2, 1, 1 ], [ 1, 1, 1, 3, 1, 3, 3, 3, 1, 3, 3, 3, 3, 1, 1, -2, 3 ], 
          [ 1, 3, 3, 1, 3, 3, 1, 1, 3, 3, 1, 1, 1, 1, 1, 3, -2 ] ] ], [ [ 0, 830 ], [ [ -2, 1, 1, 3, 3, 3, 1, 3, 3, 3, 1, 1, 1, 3, 3, 1, 3 ], 
          [ 1, -2, 1, 3, 3, 1, 3, 3, 1, 1, 1, 3, 1, 1, 3, 1, 3 ], [ 1, 1, -2, 3, 3, 1, 3, 1, 1, 3, 3, 3, 1, 3, 3, 1, 3 ], 
          [ 3, 3, 3, -2, 1, 1, 1, 1, 1, 1, 1, 3, 3, 1, 1, 3, 1 ], [ 3, 3, 3, 1, -2, 3, 3, 3, 1, 3, 3, 1, 3, 3, 3, 3, 1 ], 
          [ 3, 1, 1, 1, 3, -2, 1, 1, 1, 1, 1, 3, 1, 1, 1, 1, 1 ], [ 1, 3, 3, 1, 3, 1, -2, 1, 3, 1, 1, 1, 1, 1, 1, 3, 1 ], 
          [ 3, 3, 1, 1, 3, 1, 1, -2, 1, 3, 3, 3, 3, 1, 1, 3, 3 ], [ 3, 1, 1, 1, 1, 1, 3, 1, -2, 3, 3, 3, 3, 1, 3, 1, 3 ], 
          [ 3, 1, 3, 1, 3, 1, 1, 3, 3, -2, 1, 3, 1, 1, 1, 3, 1 ], [ 1, 1, 3, 1, 3, 1, 1, 3, 3, 1, -2, 1, 1, 1, 1, 1, 1 ], 
          [ 1, 3, 3, 3, 1, 3, 1, 3, 3, 3, 1, -2, 1, 3, 3, 1, 1 ], [ 1, 1, 1, 3, 3, 1, 1, 3, 3, 1, 1, 1, -2, 3, 3, 1, 1 ], 
          [ 3, 1, 3, 1, 3, 1, 1, 1, 1, 1, 1, 3, 3, -2, 1, 3, 1 ], [ 3, 3, 3, 1, 3, 1, 1, 1, 3, 1, 1, 3, 3, 1, -2, 3, 1 ], 
          [ 1, 1, 1, 3, 3, 1, 3, 3, 1, 3, 1, 1, 1, 3, 3, -2, 3 ], [ 3, 3, 3, 1, 1, 1, 1, 3, 3, 1, 1, 1, 1, 1, 1, 3, -2 ] ] ], 
  [ [ 0, 301 ], [ [ -2, 1, 1, 3, 3, 3, 1, 3, 3, 3, 3, 3, 1, 3, 3, 1, 1 ], [ 1, -2, 1, 3, 3, 1, 3, 3, 1, 1, 3, 1, 1, 3, 3, 3, 1 ], 
          [ 1, 1, -2, 3, 3, 1, 3, 1, 1, 3, 3, 3, 3, 3, 3, 3, 3 ], [ 3, 3, 3, -2, 1, 1, 1, 1, 1, 1, 1, 1, 3, 1, 1, 3, 3 ], 
          [ 3, 3, 3, 1, -2, 3, 3, 3, 1, 3, 1, 3, 3, 1, 1, 1, 3 ], [ 3, 1, 1, 1, 3, -2, 1, 1, 1, 1, 3, 1, 3, 3, 1, 3, 3 ], 
          [ 1, 3, 3, 1, 3, 1, -2, 1, 3, 1, 3, 1, 1, 3, 1, 1, 1 ], [ 3, 3, 1, 1, 3, 1, 1, -2, 1, 3, 3, 1, 3, 1, 1, 3, 3 ], 
          [ 3, 1, 1, 1, 1, 1, 3, 1, -2, 3, 3, 1, 3, 1, 1, 3, 3 ], [ 3, 1, 3, 1, 3, 1, 1, 3, 3, -2, 1, 1, 1, 3, 3, 3, 1 ], 
          [ 3, 3, 3, 1, 1, 3, 3, 3, 3, 1, -2, 3, 3, 1, 3, 3, 3 ], [ 3, 1, 3, 1, 3, 1, 1, 1, 1, 1, 3, -2, 1, 1, 1, 3, 1 ], 
          [ 1, 1, 3, 3, 3, 3, 1, 3, 3, 1, 3, 1, -2, 3, 1, 1, 1 ], [ 3, 3, 3, 1, 1, 3, 3, 1, 1, 3, 1, 1, 3, -2, 1, 3, 3 ], 
          [ 3, 3, 3, 1, 1, 1, 1, 1, 1, 3, 3, 1, 1, 1, -2, 1, 3 ], [ 1, 3, 3, 3, 1, 3, 1, 3, 3, 3, 3, 3, 1, 3, 1, -2, 1 ], 
          [ 1, 1, 3, 3, 3, 3, 1, 3, 3, 1, 3, 1, 1, 3, 3, 1, -2 ] ] ], 
  [ [ 0, 388 ], [ [ -2, 1, 1, 3, 3, 3, 1, 3, 3, 3, 3, 3, 3, 1, 1, 1, 3 ], [ 1, -2, 1, 3, 3, 1, 3, 3, 1, 1, 3, 3, 1, 3, 1, 1, 1 ], 
          [ 1, 1, -2, 3, 3, 1, 3, 1, 1, 3, 3, 3, 3, 3, 1, 1, 1 ], [ 3, 3, 3, -2, 1, 1, 1, 1, 1, 1, 1, 1, 1, 1, 3, 3, 1 ], 
          [ 3, 3, 3, 1, -2, 3, 3, 3, 1, 3, 1, 1, 1, 1, 3, 3, 3 ], [ 3, 1, 1, 1, 3, -2, 1, 1, 1, 1, 3, 3, 1, 3, 3, 1, 1 ], 
          [ 1, 3, 3, 1, 3, 1, -2, 1, 3, 1, 3, 3, 3, 1, 3, 1, 3 ], [ 3, 3, 1, 1, 3, 1, 1, -2, 1, 3, 3, 3, 3, 3, 1, 3, 1 ], 
          [ 3, 1, 1, 1, 1, 1, 3, 1, -2, 3, 3, 3, 1, 3, 1, 3, 1 ], [ 3, 1, 3, 1, 3, 1, 1, 3, 3, -2, 1, 1, 1, 1, 3, 1, 1 ], 
          [ 3, 3, 3, 1, 1, 3, 3, 3, 3, 1, -2, 1, 1, 1, 3, 3, 1 ], [ 3, 3, 3, 1, 1, 3, 3, 3, 3, 1, 1, -2, 1, 1, 3, 3, 1 ], 
          [ 3, 1, 3, 1, 1, 1, 3, 3, 1, 1, 1, 1, -2, 1, 3, 3, 1 ], [ 1, 3, 3, 1, 1, 3, 1, 3, 3, 1, 1, 1, 1, -2, 3, 3, 3 ], 
          [ 1, 1, 1, 3, 3, 3, 3, 1, 1, 3, 3, 3, 3, 3, -2, 3, 1 ], [ 1, 1, 1, 3, 3, 1, 1, 3, 3, 1, 3, 3, 3, 3, 3, -2, 3 ], 
          [ 3, 1, 1, 1, 3, 1, 3, 1, 1, 1, 1, 1, 1, 3, 1, 3, -2 ] ] ], [ [ 0, 319 ], [ [ -2, 1, 1, 3, 3, 3, 1, 3, 3, 3, 3, 3, 3, 3, 1, 3, 3 ], 
          [ 1, -2, 1, 3, 3, 1, 3, 3, 1, 1, 3, 3, 3, 3, 1, 1, 1 ], [ 1, 1, -2, 3, 3, 1, 3, 1, 1, 3, 1, 3, 1, 3, 3, 3, 1 ], 
          [ 3, 3, 3, -2, 1, 1, 1, 1, 1, 1, 1, 1, 1, 1, 1, 1, 1 ], [ 3, 3, 3, 1, -2, 3, 3, 3, 1, 3, 1, 1, 1, 3, 3, 1, 3 ], 
          [ 3, 1, 1, 1, 3, -2, 1, 1, 1, 1, 3, 3, 1, 1, 1, 1, 1 ], [ 1, 3, 3, 1, 3, 1, -2, 1, 3, 1, 3, 3, 3, 1, 1, 3, 3 ], 
          [ 3, 3, 1, 1, 3, 1, 1, -2, 1, 3, 1, 3, 1, 1, 3, 3, 1 ], [ 3, 1, 1, 1, 1, 1, 3, 1, -2, 3, 1, 3, 1, 3, 3, 1, 1 ], 
          [ 3, 1, 3, 1, 3, 1, 1, 3, 3, -2, 3, 1, 3, 1, 1, 1, 1 ], [ 3, 3, 1, 1, 1, 3, 3, 1, 1, 3, -2, 1, 1, 3, 3, 3, 1 ], 
          [ 3, 3, 3, 1, 1, 3, 3, 3, 3, 1, 1, -2, 1, 1, 1, 1, 1 ], [ 3, 3, 1, 1, 1, 1, 3, 1, 1, 3, 1, 1, -2, 1, 3, 1, 1 ], 
          [ 3, 3, 3, 1, 3, 1, 1, 1, 3, 1, 3, 1, 1, -2, 1, 1, 1 ], [ 1, 1, 3, 1, 3, 1, 1, 3, 3, 1, 3, 1, 3, 1, -2, 1, 1 ], 
          [ 3, 1, 3, 1, 1, 1, 3, 3, 1, 1, 3, 1, 1, 1, 1, -2, 1 ], [ 3, 1, 1, 1, 3, 1, 3, 1, 1, 1, 1, 1, 1, 1, 1, 1, -2 ] ] ], 
  [ [ 0, 543 ], [ [ -2, 1, 1, 3, 3, 3, 1, 3, 3, 3, 1, 3, 1, 1, 1, 3, 1 ], [ 1, -2, 1, 3, 3, 1, 3, 3, 1, 1, 3, 3, 1, 1, 1, 1, 1 ], 
          [ 1, 1, -2, 3, 3, 1, 3, 1, 1, 3, 3, 3, 1, 3, 1, 3, 1 ], [ 3, 3, 3, -2, 1, 1, 1, 1, 1, 1, 3, 3, 3, 3, 3, 3, 3 ], 
          [ 3, 3, 3, 1, -2, 3, 3, 3, 1, 3, 3, 3, 3, 3, 1, 1, 1 ], [ 3, 1, 1, 1, 3, -2, 1, 1, 1, 1, 3, 3, 1, 3, 3, 3, 3 ], 
          [ 1, 3, 3, 1, 3, 1, -2, 1, 3, 1, 1, 1, 1, 1, 3, 3, 3 ], [ 3, 3, 1, 1, 3, 1, 1, -2, 1, 3, 1, 1, 3, 3, 3, 3, 3 ], 
          [ 3, 1, 1, 1, 1, 1, 3, 1, -2, 3, 3, 3, 3, 3, 1, 3, 1 ], [ 3, 1, 3, 1, 3, 1, 1, 3, 3, -2, 3, 1, 1, 1, 3, 1, 3 ], 
          [ 1, 3, 3, 3, 3, 3, 1, 1, 3, 3, -2, 1, 3, 1, 3, 3, 3 ], [ 3, 3, 3, 3, 3, 3, 1, 1, 3, 1, 1, -2, 3, 1, 3, 1, 3 ], 
          [ 1, 1, 1, 3, 3, 1, 1, 3, 3, 1, 3, 3, -2, 1, 1, 1, 1 ], [ 1, 1, 3, 3, 3, 3, 1, 3, 3, 1, 1, 1, 1, -2, 3, 1, 1 ], 
          [ 1, 1, 1, 3, 1, 3, 3, 3, 1, 3, 3, 3, 1, 3, -2, 1, 1 ], [ 3, 1, 3, 3, 1, 3, 3, 3, 3, 1, 3, 1, 1, 1, 1, -2, 1 ], 
          [ 1, 1, 1, 3, 1, 3, 3, 3, 1, 3, 3, 3, 1, 1, 1, 1, -2 ] ] ], 
  [ [ 0, 401 ], [ [ -2, 1, 1, 3, 3, 3, 1, 3, 3, 3, 1, 1, 1, 1, 1, 1, 3 ], [ 1, -2, 1, 3, 3, 1, 3, 3, 1, 1, 3, 3, 3, 1, 1, 1, 1 ], 
          [ 1, 1, -2, 3, 3, 1, 3, 1, 1, 3, 3, 3, 3, 1, 1, 3, 1 ], [ 3, 3, 3, -2, 1, 1, 1, 1, 1, 1, 3, 1, 1, 3, 3, 3, 1 ], 
          [ 3, 3, 3, 1, -2, 3, 3, 3, 1, 3, 3, 1, 1, 3, 3, 3, 3 ], [ 3, 1, 1, 1, 3, -2, 1, 1, 1, 1, 3, 3, 3, 1, 1, 3, 1 ], 
          [ 1, 3, 3, 1, 3, 1, -2, 1, 3, 1, 1, 1, 1, 1, 1, 1, 3 ], [ 3, 3, 1, 1, 3, 1, 1, -2, 1, 3, 1, 3, 1, 3, 1, 3, 1 ], 
          [ 3, 1, 1, 1, 1, 1, 3, 1, -2, 3, 3, 3, 3, 3, 1, 3, 1 ], [ 3, 1, 3, 1, 3, 1, 1, 3, 3, -2, 3, 1, 3, 1, 3, 1, 1 ], 
          [ 1, 3, 3, 3, 3, 3, 1, 1, 3, 3, -2, 1, 1, 3, 1, 1, 3 ], [ 1, 3, 3, 1, 1, 3, 1, 3, 3, 1, 1, -2, 1, 3, 3, 1, 3 ], 
          [ 1, 3, 3, 1, 1, 3, 1, 1, 3, 3, 1, 1, -2, 3, 3, 3, 3 ], [ 1, 1, 1, 3, 3, 1, 1, 3, 3, 1, 3, 3, 3, -2, 1, 1, 3 ], 
          [ 1, 1, 1, 3, 3, 1, 1, 1, 1, 3, 1, 3, 3, 1, -2, 1, 3 ], [ 1, 1, 3, 3, 3, 3, 1, 3, 3, 1, 1, 1, 3, 1, 1, -2, 3 ], 
          [ 3, 1, 1, 1, 3, 1, 3, 1, 1, 1, 3, 3, 3, 3, 3, 3, -2 ] ] ], [ [ 0, 340 ], [ [ -2, 1, 1, 3, 3, 3, 1, 3, 3, 3, 3, 1, 3, 1, 1, 1, 1 ], 
          [ 1, -2, 1, 3, 3, 1, 3, 3, 1, 1, 1, 3, 3, 3, 1, 1, 1 ], [ 1, 1, -2, 3, 3, 1, 3, 1, 1, 3, 3, 3, 3, 1, 1, 1, 3 ], 
          [ 3, 3, 3, -2, 1, 1, 1, 1, 1, 1, 3, 1, 1, 3, 3, 3, 3 ], [ 3, 3, 3, 1, -2, 3, 3, 3, 1, 3, 1, 3, 1, 3, 3, 3, 3 ], 
          [ 3, 1, 1, 1, 3, -2, 1, 1, 1, 1, 3, 3, 1, 3, 1, 3, 3 ], [ 1, 3, 3, 1, 3, 1, -2, 1, 3, 1, 3, 1, 1, 1, 1, 3, 1 ], 
          [ 3, 3, 1, 1, 3, 1, 1, -2, 1, 3, 3, 3, 3, 1, 1, 3, 3 ], [ 3, 1, 1, 1, 1, 1, 3, 1, -2, 3, 3, 3, 1, 3, 1, 3, 3 ], 
          [ 3, 1, 3, 1, 3, 1, 1, 3, 3, -2, 1, 1, 1, 3, 3, 1, 1 ], [ 3, 1, 3, 3, 1, 3, 3, 3, 3, 1, -2, 3, 3, 3, 3, 1, 1 ], 
          [ 1, 3, 3, 1, 3, 3, 1, 3, 3, 1, 3, -2, 1, 1, 3, 1, 1 ], [ 3, 3, 3, 1, 1, 1, 1, 3, 1, 1, 3, 1, -2, 3, 3, 3, 3 ], 
          [ 1, 3, 1, 3, 3, 3, 1, 1, 3, 3, 3, 1, 3, -2, 1, 1, 1 ], [ 1, 1, 1, 3, 3, 1, 1, 1, 1, 3, 3, 3, 3, 1, -2, 3, 1 ], 
          [ 1, 1, 1, 3, 3, 3, 3, 3, 3, 1, 1, 1, 3, 1, 3, -2, 1 ], [ 1, 1, 3, 3, 3, 3, 1, 3, 3, 1, 1, 1, 3, 1, 1, 1, -2 ] ] ], 
  [ [ 0, 316 ], [ [ -2, 1, 1, 3, 3, 3, 1, 3, 3, 3, 3, 1, 3, 1, 3, 1, 3 ], [ 1, -2, 1, 3, 3, 1, 3, 3, 1, 1, 1, 1, 1, 1, 3, 1, 3 ], 
          [ 1, 1, -2, 3, 3, 1, 3, 1, 1, 3, 3, 1, 3, 1, 3, 3, 3 ], [ 3, 3, 3, -2, 1, 1, 1, 1, 1, 1, 1, 3, 1, 3, 1, 1, 1 ], 
          [ 3, 3, 3, 1, -2, 3, 3, 3, 1, 3, 3, 1, 1, 3, 3, 3, 1 ], [ 3, 1, 1, 1, 3, -2, 1, 1, 1, 1, 1, 3, 1, 1, 1, 1, 3 ], 
          [ 1, 3, 3, 1, 3, 1, -2, 1, 3, 1, 1, 3, 3, 1, 1, 1, 3 ], [ 3, 3, 1, 1, 3, 1, 1, -2, 1, 3, 1, 3, 3, 3, 1, 3, 3 ], 
          [ 3, 1, 1, 1, 1, 1, 3, 1, -2, 3, 1, 1, 1, 3, 3, 3, 3 ], [ 3, 1, 3, 1, 3, 1, 1, 3, 3, -2, 1, 3, 1, 1, 1, 1, 1 ], 
          [ 3, 1, 3, 1, 3, 1, 1, 1, 1, 1, -2, 3, 1, 3, 1, 1, 3 ], [ 1, 1, 1, 3, 1, 3, 3, 3, 1, 3, 3, -2, 3, 1, 3, 3, 3 ], 
          [ 3, 1, 3, 1, 1, 1, 3, 3, 1, 1, 1, 3, -2, 3, 1, 1, 1 ], [ 1, 1, 1, 3, 3, 1, 1, 3, 3, 1, 3, 1, 3, -2, 3, 1, 3 ], 
          [ 3, 3, 3, 1, 3, 1, 1, 1, 3, 1, 1, 3, 1, 3, -2, 1, 1 ], [ 1, 1, 3, 1, 3, 1, 1, 3, 3, 1, 1, 3, 1, 1, 1, -2, 1 ], 
          [ 3, 3, 3, 1, 1, 3, 3, 3, 3, 1, 3, 3, 1, 3, 1, 1, -2 ] ] ], 
  [ [ 0, 653 ], [ [ -2, 1, 1, 3, 3, 3, 1, 3, 3, 3, 3, 1, 1, 3, 3, 3, 3 ], [ 1, -2, 1, 3, 3, 1, 3, 3, 1, 1, 1, 1, 1, 3, 3, 3, 3 ], 
          [ 1, 1, -2, 3, 3, 1, 3, 1, 1, 3, 3, 1, 1, 1, 3, 3, 3 ], [ 3, 3, 3, -2, 1, 1, 1, 1, 1, 1, 1, 3, 3, 3, 1, 1, 1 ], 
          [ 3, 3, 3, 1, -2, 3, 3, 3, 1, 3, 3, 3, 1, 1, 1, 3, 1 ], [ 3, 1, 1, 1, 3, -2, 1, 1, 1, 1, 1, 3, 3, 3, 3, 1, 3 ], 
          [ 1, 3, 3, 1, 3, 1, -2, 1, 3, 1, 1, 3, 3, 3, 3, 1, 3 ], [ 3, 3, 1, 1, 3, 1, 1, -2, 1, 3, 1, 3, 3, 1, 1, 1, 1 ], 
          [ 3, 1, 1, 1, 1, 1, 3, 1, -2, 3, 1, 3, 1, 1, 1, 3, 1 ], [ 3, 1, 3, 1, 3, 1, 1, 3, 3, -2, 1, 1, 3, 3, 3, 1, 3 ], 
          [ 3, 1, 3, 1, 3, 1, 1, 1, 1, 1, -2, 3, 3, 3, 3, 1, 1 ], [ 1, 1, 1, 3, 3, 3, 3, 3, 3, 1, 3, -2, 3, 3, 3, 3, 3 ], 
          [ 1, 1, 1, 3, 1, 3, 3, 3, 1, 3, 3, 3, -2, 1, 1, 3, 3 ], [ 3, 3, 1, 3, 1, 3, 3, 1, 1, 3, 3, 3, 1, -2, 1, 3, 1 ], 
          [ 3, 3, 3, 1, 1, 3, 3, 1, 1, 3, 3, 3, 1, 1, -2, 1, 1 ], [ 3, 3, 3, 1, 3, 1, 1, 1, 3, 1, 1, 3, 3, 3, 1, -2, 1 ], 
          [ 3, 3, 3, 1, 1, 3, 3, 1, 1, 3, 1, 3, 3, 1, 1, 1, -2 ] ] ], [ [ 0, 235 ], [ [ -2, 1, 1, 3, 3, 3, 1, 3, 3, 3, 3, 3, 1, 3, 1, 3, 3 ], 
          [ 1, -2, 1, 3, 3, 1, 3, 3, 1, 1, 3, 1, 3, 3, 1, 3, 3 ], [ 1, 1, -2, 3, 3, 1, 3, 1, 1, 3, 3, 3, 1, 3, 1, 3, 3 ], 
          [ 3, 3, 3, -2, 1, 1, 1, 1, 1, 1, 1, 3, 3, 1, 3, 1, 1 ], [ 3, 3, 3, 1, -2, 3, 3, 3, 1, 3, 3, 1, 3, 1, 3, 1, 1 ], 
          [ 3, 1, 1, 1, 3, -2, 1, 1, 1, 1, 1, 3, 3, 3, 3, 3, 1 ], [ 1, 3, 3, 1, 3, 1, -2, 1, 3, 1, 1, 3, 1, 3, 3, 3, 1 ], 
          [ 3, 3, 1, 1, 3, 1, 1, -2, 1, 3, 1, 3, 1, 1, 3, 3, 3 ], [ 3, 1, 1, 1, 1, 1, 3, 1, -2, 3, 3, 1, 3, 1, 3, 3, 3 ], 
          [ 3, 1, 3, 1, 3, 1, 1, 3, 3, -2, 1, 1, 3, 3, 1, 1, 1 ], [ 3, 3, 3, 1, 3, 1, 1, 1, 3, 1, -2, 3, 3, 1, 3, 1, 1 ], 
          [ 3, 1, 3, 3, 1, 3, 3, 3, 1, 1, 3, -2, 3, 1, 1, 1, 3 ], [ 1, 3, 1, 3, 3, 3, 1, 1, 3, 3, 3, 3, -2, 3, 1, 3, 3 ], 
          [ 3, 3, 3, 1, 1, 3, 3, 1, 1, 3, 1, 1, 3, -2, 3, 1, 3 ], [ 1, 1, 1, 3, 3, 3, 3, 3, 3, 1, 3, 1, 1, 3, -2, 1, 3 ], 
          [ 3, 3, 3, 1, 1, 3, 3, 3, 3, 1, 1, 1, 3, 1, 1, -2, 1 ], [ 3, 3, 3, 1, 1, 1, 1, 3, 3, 1, 1, 3, 3, 3, 3, 1, -2 ] ] ], 
  [ [ 0, 230 ], [ [ -2, 1, 1, 3, 3, 3, 1, 3, 3, 3, 3, 3, 1, 3, 1, 3, 3 ], [ 1, -2, 1, 3, 3, 1, 3, 3, 1, 1, 3, 1, 3, 3, 1, 3, 3 ], 
          [ 1, 1, -2, 3, 3, 1, 3, 1, 1, 3, 3, 3, 1, 3, 1, 3, 1 ], [ 3, 3, 3, -2, 1, 1, 1, 1, 1, 1, 1, 3, 3, 1, 3, 1, 1 ], 
          [ 3, 3, 3, 1, -2, 3, 3, 3, 1, 3, 3, 1, 3, 1, 3, 1, 1 ], [ 3, 1, 1, 1, 3, -2, 1, 1, 1, 1, 1, 3, 3, 3, 3, 3, 1 ], 
          [ 1, 3, 3, 1, 3, 1, -2, 1, 3, 1, 1, 3, 1, 3, 3, 3, 3 ], [ 3, 3, 1, 1, 3, 1, 1, -2, 1, 3, 1, 3, 1, 1, 3, 3, 1 ], 
          [ 3, 1, 1, 1, 1, 1, 3, 1, -2, 3, 3, 1, 3, 1, 3, 3, 1 ], [ 3, 1, 3, 1, 3, 1, 1, 3, 3, -2, 1, 1, 3, 3, 1, 1, 3 ], 
          [ 3, 3, 3, 1, 3, 1, 1, 1, 3, 1, -2, 3, 3, 1, 3, 1, 1 ], [ 3, 1, 3, 3, 1, 3, 3, 3, 1, 1, 3, -2, 3, 1, 1, 1, 3 ], 
          [ 1, 3, 1, 3, 3, 3, 1, 1, 3, 3, 3, 3, -2, 3, 1, 3, 3 ], [ 3, 3, 3, 1, 1, 3, 3, 1, 1, 3, 1, 1, 3, -2, 3, 1, 1 ], 
          [ 1, 1, 1, 3, 3, 3, 3, 3, 3, 1, 3, 1, 1, 3, -2, 1, 3 ], [ 3, 3, 3, 1, 1, 3, 3, 3, 3, 1, 1, 1, 3, 1, 1, -2, 1 ], 
          [ 3, 3, 1, 1, 1, 1, 3, 1, 1, 3, 1, 3, 3, 1, 3, 1, -2 ] ] ], 
  [ [ 0, 423 ], [ [ -2, 1, 1, 3, 3, 3, 1, 3, 3, 3, 3, 3, 1, 1, 3, 1, 1 ], [ 1, -2, 1, 3, 3, 1, 3, 3, 1, 1, 3, 3, 3, 1, 3, 3, 3 ], 
          [ 1, 1, -2, 3, 3, 1, 3, 1, 1, 3, 3, 1, 3, 1, 1, 1, 3 ], [ 3, 3, 3, -2, 1, 1, 1, 1, 1, 1, 1, 1, 3, 3, 1, 3, 3 ], 
          [ 3, 3, 3, 1, -2, 3, 3, 3, 1, 3, 3, 1, 1, 3, 1, 1, 1 ], [ 3, 1, 1, 1, 3, -2, 1, 1, 1, 1, 1, 1, 3, 1, 1, 3, 3 ], 
          [ 1, 3, 3, 1, 3, 1, -2, 1, 3, 1, 1, 3, 1, 1, 3, 3, 1 ], [ 3, 3, 1, 1, 3, 1, 1, -2, 1, 3, 1, 1, 3, 1, 1, 3, 3 ], 
          [ 3, 1, 1, 1, 1, 1, 3, 1, -2, 3, 3, 1, 3, 1, 1, 3, 3 ], [ 3, 1, 3, 1, 3, 1, 1, 3, 3, -2, 1, 3, 3, 3, 3, 3, 3 ], 
          [ 3, 3, 3, 1, 3, 1, 1, 1, 3, 1, -2, 1, 3, 3, 1, 3, 3 ], [ 3, 3, 1, 1, 1, 1, 3, 1, 1, 3, 1, -2, 3, 3, 1, 1, 3 ], 
          [ 1, 3, 3, 3, 1, 3, 1, 3, 3, 3, 3, 3, -2, 1, 3, 1, 1 ], [ 1, 1, 1, 3, 3, 1, 1, 1, 1, 3, 3, 3, 1, -2, 3, 3, 1 ], 
          [ 3, 3, 1, 1, 1, 1, 3, 1, 1, 3, 1, 1, 3, 3, -2, 1, 3 ], [ 1, 3, 1, 3, 1, 3, 3, 3, 3, 3, 3, 1, 1, 3, 1, -2, 1 ], 
          [ 1, 3, 3, 3, 1, 3, 1, 3, 3, 3, 3, 3, 1, 1, 3, 1, -2 ] ] ], [ [ 0, 461 ], [ [ -2, 1, 1, 3, 3, 3, 1, 3, 3, 3, 3, 3, 1, 3, 3, 1, 1 ], 
          [ 1, -2, 1, 3, 3, 1, 3, 3, 1, 1, 3, 3, 3, 1, 3, 3, 1 ], [ 1, 1, -2, 3, 3, 1, 3, 1, 1, 3, 3, 1, 1, 3, 1, 1, 3 ], 
          [ 3, 3, 3, -2, 1, 1, 1, 1, 1, 1, 1, 1, 3, 1, 3, 3, 1 ], [ 3, 3, 3, 1, -2, 3, 3, 3, 1, 3, 3, 1, 3, 3, 3, 3, 3 ], 
          [ 3, 1, 1, 1, 3, -2, 1, 1, 1, 1, 1, 1, 1, 1, 1, 3, 1 ], [ 1, 3, 3, 1, 3, 1, -2, 1, 3, 1, 1, 3, 1, 1, 1, 1, 1 ], 
          [ 3, 3, 1, 1, 3, 1, 1, -2, 1, 3, 1, 1, 1, 1, 1, 1, 3 ], [ 3, 1, 1, 1, 1, 1, 3, 1, -2, 3, 3, 1, 3, 1, 3, 3, 3 ], 
          [ 3, 1, 3, 1, 3, 1, 1, 3, 3, -2, 1, 3, 3, 1, 1, 3, 1 ], [ 3, 3, 3, 1, 3, 1, 1, 1, 3, 1, -2, 1, 1, 1, 1, 3, 1 ], 
          [ 3, 3, 1, 1, 1, 1, 3, 1, 1, 3, 1, -2, 1, 3, 1, 3, 3 ], [ 1, 3, 1, 3, 3, 1, 1, 1, 3, 3, 1, 1, -2, 3, 1, 1, 3 ], 
          [ 3, 1, 3, 1, 3, 1, 1, 1, 1, 1, 1, 3, 3, -2, 3, 3, 1 ], [ 3, 3, 1, 3, 3, 1, 1, 1, 3, 1, 1, 1, 1, 3, -2, 1, 3 ], 
          [ 1, 3, 1, 3, 3, 3, 1, 1, 3, 3, 3, 3, 1, 3, 1, -2, 3 ], [ 1, 1, 3, 1, 3, 1, 1, 3, 3, 1, 1, 3, 3, 1, 3, 3, -2 ] ] ], 
  [ [ 0, 465 ], [ [ -2, 1, 1, 3, 3, 3, 1, 3, 3, 3, 3, 3, 1, 1, 1, 1, 1 ], [ 1, -2, 1, 3, 3, 1, 3, 3, 1, 1, 3, 1, 3, 1, 1, 1, 3 ], 
          [ 1, 1, -2, 3, 3, 1, 3, 1, 1, 3, 3, 1, 1, 1, 1, 1, 1 ], [ 3, 3, 3, -2, 1, 1, 1, 1, 1, 1, 1, 3, 1, 3, 3, 3, 1 ], 
          [ 3, 3, 3, 1, -2, 3, 3, 3, 1, 3, 3, 3, 3, 3, 3, 3, 1 ], [ 3, 1, 1, 1, 3, -2, 1, 1, 1, 1, 1, 1, 1, 1, 1, 1, 3 ], 
          [ 1, 3, 3, 1, 3, 1, -2, 1, 3, 1, 1, 3, 1, 3, 1, 1, 1 ], [ 3, 3, 1, 1, 3, 1, 1, -2, 1, 3, 1, 1, 1, 3, 3, 1, 1 ], 
          [ 3, 1, 1, 1, 1, 1, 3, 1, -2, 3, 3, 1, 1, 1, 3, 1, 1 ], [ 3, 1, 3, 1, 3, 1, 1, 3, 3, -2, 1, 3, 3, 3, 1, 3, 3 ], 
          [ 3, 3, 3, 1, 3, 1, 1, 1, 3, 1, -2, 3, 1, 3, 3, 3, 3 ], [ 3, 1, 1, 3, 3, 1, 3, 1, 1, 3, 3, -2, 3, 1, 1, 1, 3 ], 
          [ 1, 3, 1, 1, 3, 1, 1, 1, 1, 3, 1, 3, -2, 1, 3, 1, 1 ], [ 1, 1, 1, 3, 3, 1, 3, 3, 1, 3, 3, 1, 1, -2, 1, 1, 3 ], 
          [ 1, 1, 1, 3, 3, 1, 1, 3, 3, 1, 3, 1, 3, 1, -2, 1, 3 ], [ 1, 1, 1, 3, 3, 1, 1, 1, 1, 3, 3, 1, 1, 1, 1, -2, 1 ], 
          [ 1, 3, 1, 1, 1, 3, 1, 1, 1, 3, 3, 3, 1, 3, 3, 1, -2 ] ] ], 
  [ [ 0, 403 ], [ [ -2, 1, 1, 3, 3, 3, 1, 3, 3, 3, 3, 3, 1, 1, 3, 1, 1 ], [ 1, -2, 1, 3, 3, 1, 3, 3, 1, 1, 3, 3, 1, 3, 3, 3, 1 ], 
          [ 1, 1, -2, 3, 3, 1, 3, 1, 1, 3, 3, 3, 3, 1, 3, 1, 1 ], [ 3, 3, 3, -2, 1, 1, 1, 1, 1, 1, 1, 1, 3, 3, 1, 1, 3 ], 
          [ 3, 3, 3, 1, -2, 3, 3, 3, 1, 3, 3, 1, 3, 3, 1, 3, 3 ], [ 3, 1, 1, 1, 3, -2, 1, 1, 1, 1, 1, 3, 3, 3, 3, 1, 3 ], 
          [ 1, 3, 3, 1, 3, 1, -2, 1, 3, 1, 1, 3, 1, 1, 3, 1, 3 ], [ 3, 3, 1, 1, 3, 1, 1, -2, 1, 3, 1, 3, 3, 1, 1, 1, 1 ], 
          [ 3, 1, 1, 1, 1, 1, 3, 1, -2, 3, 3, 3, 3, 3, 1, 1, 1 ], [ 3, 1, 3, 1, 3, 1, 1, 3, 3, -2, 1, 1, 1, 3, 3, 3, 3 ], 
          [ 3, 3, 3, 1, 3, 1, 1, 1, 3, 1, -2, 1, 3, 3, 1, 1, 3 ], [ 3, 3, 3, 1, 1, 3, 3, 3, 3, 1, 1, -2, 3, 3, 1, 3, 3 ], 
          [ 1, 1, 3, 3, 3, 3, 1, 3, 3, 1, 3, 3, -2, 1, 3, 3, 1 ], [ 1, 3, 1, 3, 3, 3, 1, 1, 3, 3, 3, 3, 1, -2, 3, 1, 1 ], 
          [ 3, 3, 3, 1, 1, 3, 3, 1, 1, 3, 1, 1, 3, 3, -2, 1, 1 ], [ 1, 3, 1, 1, 3, 1, 1, 1, 1, 3, 1, 3, 3, 1, 1, -2, 1 ], 
          [ 1, 1, 1, 3, 3, 3, 3, 1, 1, 3, 3, 3, 1, 1, 1, 1, -2 ] ] ], [ [ 0, 596 ], [ [ -2, 1, 1, 3, 3, 3, 1, 3, 3, 3, 3, 3, 1, 1, 1, 3, 3 ], 
          [ 1, -2, 1, 3, 3, 1, 3, 3, 1, 1, 3, 3, 1, 3, 1, 3, 1 ], [ 1, 1, -2, 3, 3, 1, 3, 1, 1, 3, 3, 3, 1, 3, 1, 3, 1 ], 
          [ 3, 3, 3, -2, 1, 1, 1, 1, 1, 1, 1, 1, 1, 3, 3, 1, 3 ], [ 3, 3, 3, 1, -2, 3, 3, 3, 1, 3, 3, 1, 3, 1, 3, 1, 3 ], 
          [ 3, 1, 1, 1, 3, -2, 1, 1, 1, 1, 1, 1, 1, 3, 3, 3, 1 ], [ 1, 3, 3, 1, 3, 1, -2, 1, 3, 1, 1, 1, 1, 1, 3, 3, 3 ], 
          [ 3, 3, 1, 1, 3, 1, 1, -2, 1, 3, 1, 1, 1, 3, 3, 3, 1 ], [ 3, 1, 1, 1, 1, 1, 3, 1, -2, 3, 3, 1, 3, 3, 3, 3, 1 ], 
          [ 3, 1, 3, 1, 3, 1, 1, 3, 3, -2, 1, 3, 1, 3, 1, 1, 3 ], [ 3, 3, 3, 1, 3, 1, 1, 1, 3, 1, -2, 3, 1, 3, 3, 1, 3 ], 
          [ 3, 3, 3, 1, 1, 1, 1, 1, 1, 3, 3, -2, 3, 1, 3, 3, 1 ], [ 1, 1, 1, 1, 3, 1, 1, 1, 3, 1, 1, 3, -2, 3, 1, 1, 3 ], 
          [ 1, 3, 3, 3, 1, 3, 1, 3, 3, 3, 3, 1, 3, -2, 3, 3, 3 ], [ 1, 1, 1, 3, 3, 3, 3, 3, 3, 1, 3, 3, 1, 3, -2, 1, 3 ], 
          [ 3, 3, 3, 1, 1, 3, 3, 3, 3, 1, 1, 3, 1, 3, 1, -2, 3 ], [ 3, 1, 1, 3, 3, 1, 3, 1, 1, 3, 3, 1, 3, 3, 3, 3, -2 ] ] ], 
  [ [ 0, 398 ], [ [ -2, 1, 1, 3, 3, 3, 1, 3, 3, 3, 3, 1, 1, 3, 3, 3, 1 ], [ 1, -2, 1, 3, 3, 1, 3, 3, 1, 1, 3, 3, 1, 3, 3, 3, 3 ], 
          [ 1, 1, -2, 3, 3, 1, 3, 1, 1, 3, 3, 3, 1, 3, 3, 3, 3 ], [ 3, 3, 3, -2, 1, 1, 1, 1, 1, 1, 1, 3, 3, 1, 1, 1, 3 ], 
          [ 3, 3, 3, 1, -2, 3, 3, 3, 1, 3, 3, 3, 1, 1, 1, 1, 1 ], [ 3, 1, 1, 1, 3, -2, 1, 1, 1, 1, 1, 3, 3, 3, 1, 1, 3 ], 
          [ 1, 3, 3, 1, 3, 1, -2, 1, 3, 1, 1, 1, 3, 3, 1, 1, 1 ], [ 3, 3, 1, 1, 3, 1, 1, -2, 1, 3, 1, 1, 3, 1, 3, 3, 3 ], 
          [ 3, 1, 1, 1, 1, 1, 3, 1, -2, 3, 3, 3, 1, 1, 3, 1, 3 ], [ 3, 1, 3, 1, 3, 1, 1, 3, 3, -2, 1, 3, 3, 3, 1, 1, 3 ], 
          [ 3, 3, 3, 1, 3, 1, 1, 1, 3, 1, -2, 1, 3, 1, 1, 3, 3 ], [ 1, 3, 3, 3, 3, 3, 1, 1, 3, 3, 1, -2, 3, 1, 3, 3, 1 ], 
          [ 1, 1, 1, 3, 1, 3, 3, 3, 1, 3, 3, 3, -2, 1, 3, 3, 3 ], [ 3, 3, 3, 1, 1, 3, 3, 1, 1, 3, 1, 1, 1, -2, 3, 3, 3 ], 
          [ 3, 3, 3, 1, 1, 1, 1, 3, 3, 1, 1, 3, 3, 3, -2, 1, 1 ], [ 3, 3, 3, 1, 1, 1, 1, 3, 1, 1, 3, 3, 3, 3, 1, -2, 1 ], 
          [ 1, 3, 3, 3, 1, 3, 1, 3, 3, 3, 3, 1, 3, 3, 1, 1, -2 ] ] ], 
  [ [ 0, 484 ], [ [ -2, 1, 1, 3, 3, 3, 1, 3, 3, 3, 3, 3, 3, 3, 3, 3, 1 ], [ 1, -2, 1, 3, 3, 1, 3, 3, 1, 1, 3, 1, 1, 1, 3, 3, 1 ], 
          [ 1, 1, -2, 3, 3, 1, 3, 1, 1, 3, 3, 1, 1, 3, 3, 3, 3 ], [ 3, 3, 3, -2, 1, 1, 1, 1, 1, 1, 1, 3, 1, 3, 1, 1, 3 ], 
          [ 3, 3, 3, 1, -2, 3, 3, 3, 1, 3, 3, 1, 3, 1, 3, 3, 3 ], [ 3, 1, 1, 1, 3, -2, 1, 1, 1, 1, 1, 1, 1, 3, 1, 1, 3 ], 
          [ 1, 3, 3, 1, 3, 1, -2, 1, 3, 1, 1, 3, 3, 3, 1, 1, 1 ], [ 3, 3, 1, 1, 3, 1, 1, -2, 1, 3, 1, 1, 1, 3, 1, 1, 3 ], 
          [ 3, 1, 1, 1, 1, 1, 3, 1, -2, 3, 3, 1, 1, 1, 3, 3, 3 ], [ 3, 1, 3, 1, 3, 1, 1, 3, 3, -2, 1, 3, 1, 1, 1, 1, 1 ], 
          [ 3, 3, 3, 1, 3, 1, 1, 1, 3, 1, -2, 3, 1, 3, 1, 1, 1 ], [ 3, 1, 1, 3, 1, 1, 3, 1, 1, 3, 3, -2, 3, 1, 3, 3, 3 ], 
          [ 3, 1, 1, 1, 3, 1, 3, 1, 1, 1, 1, 3, -2, 3, 1, 1, 3 ], [ 3, 1, 3, 3, 1, 3, 3, 3, 1, 1, 3, 1, 3, -2, 3, 3, 1 ], 
          [ 3, 3, 3, 1, 3, 1, 1, 1, 3, 1, 1, 3, 1, 3, -2, 1, 3 ], [ 3, 3, 3, 1, 3, 1, 1, 1, 3, 1, 1, 3, 1, 3, 1, -2, 3 ], 
          [ 1, 1, 3, 3, 3, 3, 1, 3, 3, 1, 1, 3, 3, 1, 3, 3, -2 ] ] ], [ [ 0, 715 ], [ [ -2, 1, 1, 3, 3, 3, 1, 3, 3, 3, 3, 3, 3, 3, 3, 3, 1 ], 
          [ 1, -2, 1, 3, 3, 1, 3, 3, 1, 1, 3, 1, 1, 1, 3, 1, 1 ], [ 1, 1, -2, 3, 3, 1, 3, 1, 1, 3, 3, 1, 1, 3, 3, 1, 3 ], 
          [ 3, 3, 3, -2, 1, 1, 1, 1, 1, 1, 1, 3, 1, 3, 1, 3, 3 ], [ 3, 3, 3, 1, -2, 3, 3, 3, 1, 3, 3, 1, 3, 1, 3, 3, 3 ], 
          [ 3, 1, 1, 1, 3, -2, 1, 1, 1, 1, 1, 1, 1, 3, 1, 1, 3 ], [ 1, 3, 3, 1, 3, 1, -2, 1, 3, 1, 1, 3, 3, 3, 1, 3, 1 ], 
          [ 3, 3, 1, 1, 3, 1, 1, -2, 1, 3, 1, 1, 1, 3, 1, 1, 3 ], [ 3, 1, 1, 1, 1, 1, 3, 1, -2, 3, 3, 1, 1, 1, 3, 1, 3 ], 
          [ 3, 1, 3, 1, 3, 1, 1, 3, 3, -2, 1, 3, 1, 1, 1, 3, 1 ], [ 3, 3, 3, 1, 3, 1, 1, 1, 3, 1, -2, 3, 1, 3, 1, 1, 3 ], 
          [ 3, 1, 1, 3, 1, 1, 3, 1, 1, 3, 3, -2, 3, 1, 3, 1, 3 ], [ 3, 1, 1, 1, 3, 1, 3, 1, 1, 1, 1, 3, -2, 3, 1, 1, 3 ], 
          [ 3, 1, 3, 3, 1, 3, 3, 3, 1, 1, 3, 1, 3, -2, 3, 3, 1 ], [ 3, 3, 3, 1, 3, 1, 1, 1, 3, 1, 1, 3, 1, 3, -2, 3, 1 ], 
          [ 3, 1, 1, 3, 3, 1, 3, 1, 1, 3, 1, 1, 1, 3, 3, -2, 3 ], [ 1, 1, 3, 3, 3, 3, 1, 3, 3, 1, 3, 3, 3, 1, 1, 3, -2 ] ] ], 
  [ [ 0, 442 ], [ [ -2, 1, 1, 3, 3, 3, 1, 3, 3, 3, 3, 1, 1, 3, 3, 3, 1 ], [ 1, -2, 1, 3, 3, 1, 3, 3, 1, 1, 3, 1, 1, 3, 3, 1, 1 ], 
          [ 1, 1, -2, 3, 3, 1, 3, 1, 1, 3, 3, 1, 1, 3, 3, 3, 1 ], [ 3, 3, 3, -2, 1, 1, 1, 1, 1, 1, 1, 3, 3, 1, 1, 3, 3 ], 
          [ 3, 3, 3, 1, -2, 3, 3, 3, 1, 3, 3, 3, 3, 3, 1, 3, 3 ], [ 3, 1, 1, 1, 3, -2, 1, 1, 1, 1, 1, 1, 3, 1, 3, 1, 3 ], 
          [ 1, 3, 3, 1, 3, 1, -2, 1, 3, 1, 1, 1, 3, 1, 3, 3, 3 ], [ 3, 3, 1, 1, 3, 1, 1, -2, 1, 3, 1, 3, 3, 1, 3, 3, 1 ], 
          [ 3, 1, 1, 1, 1, 1, 3, 1, -2, 3, 3, 3, 3, 3, 3, 3, 1 ], [ 3, 1, 3, 1, 3, 1, 1, 3, 3, -2, 1, 1, 1, 1, 1, 1, 3 ], 
          [ 3, 3, 3, 1, 3, 1, 1, 1, 3, 1, -2, 1, 3, 1, 3, 1, 3 ], [ 1, 1, 1, 3, 3, 1, 1, 3, 3, 1, 1, -2, 1, 3, 3, 1, 3 ], 
          [ 1, 1, 1, 3, 3, 3, 3, 3, 3, 1, 3, 1, -2, 3, 1, 1, 1 ], [ 3, 3, 3, 1, 3, 1, 1, 1, 3, 1, 1, 3, 3, -2, 1, 1, 3 ], 
          [ 3, 3, 3, 1, 1, 3, 3, 3, 3, 1, 3, 3, 1, 1, -2, 1, 3 ], [ 3, 1, 3, 3, 3, 1, 3, 3, 3, 1, 1, 1, 1, 1, 1, -2, 3 ], 
          [ 1, 1, 1, 3, 3, 3, 3, 1, 1, 3, 3, 3, 1, 3, 3, 3, -2 ] ] ], 
  [ [ 0, 366 ], [ [ -2, 1, 1, 3, 3, 3, 1, 3, 3, 3, 3, 1, 3, 3, 1, 1, 1 ], [ 1, -2, 1, 3, 3, 1, 3, 3, 1, 1, 3, 1, 1, 3, 1, 3, 3 ], 
          [ 1, 1, -2, 3, 3, 1, 3, 1, 1, 3, 3, 1, 3, 3, 1, 1, 3 ], [ 3, 3, 3, -2, 1, 1, 1, 1, 1, 1, 1, 3, 1, 3, 3, 3, 3 ], 
          [ 3, 3, 3, 1, -2, 3, 3, 3, 1, 3, 3, 1, 1, 1, 3, 3, 1 ], [ 3, 1, 1, 1, 3, -2, 1, 1, 1, 1, 1, 3, 1, 3, 1, 1, 3 ], 
          [ 1, 3, 3, 1, 3, 1, -2, 1, 3, 1, 1, 3, 3, 3, 1, 1, 1 ], [ 3, 3, 1, 1, 3, 1, 1, -2, 1, 3, 1, 3, 3, 3, 1, 1, 3 ], 
          [ 3, 1, 1, 1, 1, 1, 3, 1, -2, 3, 3, 1, 1, 3, 1, 3, 3 ], [ 3, 1, 3, 1, 3, 1, 1, 3, 3, -2, 1, 3, 1, 3, 3, 3, 3 ], 
          [ 3, 3, 3, 1, 3, 1, 1, 1, 3, 1, -2, 3, 3, 1, 3, 1, 3 ], [ 1, 1, 1, 3, 1, 3, 3, 3, 1, 3, 3, -2, 3, 1, 1, 3, 1 ], 
          [ 3, 1, 3, 1, 1, 1, 3, 3, 1, 1, 3, 3, -2, 3, 3, 3, 3 ], [ 3, 3, 3, 3, 1, 3, 3, 3, 3, 3, 1, 1, 3, -2, 3, 3, 1 ], 
          [ 1, 1, 1, 3, 3, 1, 1, 1, 1, 3, 3, 1, 3, 3, -2, 1, 1 ], [ 1, 3, 1, 3, 3, 1, 1, 1, 3, 3, 1, 3, 3, 3, 1, -2, 1 ], 
          [ 1, 3, 3, 3, 1, 3, 1, 3, 3, 3, 3, 1, 3, 1, 1, 1, -2 ] ] ], [ [ 0, 725 ], [ [ -2, 1, 1, 3, 3, 3, 1, 3, 3, 3, 3, 3, 3, 3, 3, 3, 1 ], 
          [ 1, -2, 1, 3, 3, 1, 3, 3, 1, 1, 3, 3, 1, 3, 3, 1, 1 ], [ 1, 1, -2, 3, 3, 1, 3, 1, 1, 3, 3, 3, 1, 3, 3, 3, 1 ], 
          [ 3, 3, 3, -2, 1, 1, 1, 1, 1, 1, 1, 1, 1, 1, 1, 3, 3 ], [ 3, 3, 3, 1, -2, 3, 3, 3, 1, 3, 3, 3, 3, 1, 1, 1, 3 ], 
          [ 3, 1, 1, 1, 3, -2, 1, 1, 1, 1, 1, 1, 1, 1, 1, 3, 1 ], [ 1, 3, 3, 1, 3, 1, -2, 1, 3, 1, 1, 1, 3, 1, 1, 3, 1 ], 
          [ 3, 3, 1, 1, 3, 1, 1, -2, 1, 3, 1, 1, 1, 1, 3, 3, 1 ], [ 3, 1, 1, 1, 1, 1, 3, 1, -2, 3, 3, 3, 1, 1, 3, 1, 1 ], 
          [ 3, 1, 3, 1, 3, 1, 1, 3, 3, -2, 1, 1, 1, 3, 1, 1, 3 ], [ 3, 3, 3, 1, 3, 1, 1, 1, 3, 1, -2, 1, 1, 1, 1, 3, 3 ], 
          [ 3, 3, 3, 1, 3, 1, 1, 1, 3, 1, 1, -2, 3, 1, 1, 3, 3 ], [ 3, 1, 1, 1, 3, 1, 3, 1, 1, 1, 1, 3, -2, 3, 3, 1, 3 ], 
          [ 3, 3, 3, 1, 1, 1, 1, 1, 1, 3, 1, 1, 3, -2, 1, 3, 1 ], [ 3, 3, 3, 1, 1, 1, 1, 3, 3, 1, 1, 1, 3, 1, -2, 3, 3 ], 
          [ 3, 1, 3, 3, 1, 3, 3, 3, 1, 1, 3, 3, 1, 3, 3, -2, 3 ], [ 1, 1, 1, 3, 3, 1, 1, 1, 1, 3, 3, 3, 3, 1, 3, 3, -2 ] ] ], 
  [ [ 0, 417 ], [ [ -2, 1, 1, 3, 3, 3, 1, 3, 3, 3, 3, 3, 3, 1, 3, 1, 1 ], [ 1, -2, 1, 3, 3, 1, 3, 3, 1, 1, 3, 3, 1, 1, 3, 1, 1 ], 
          [ 1, 1, -2, 3, 3, 1, 3, 1, 1, 3, 3, 3, 3, 1, 3, 1, 1 ], [ 3, 3, 3, -2, 1, 1, 1, 1, 1, 1, 1, 1, 1, 3, 3, 3, 3 ], 
          [ 3, 3, 3, 1, -2, 3, 3, 3, 1, 3, 3, 3, 1, 3, 1, 3, 1 ], [ 3, 1, 1, 1, 3, -2, 1, 1, 1, 1, 1, 1, 3, 1, 3, 1, 3 ], 
          [ 1, 3, 3, 1, 3, 1, -2, 1, 3, 1, 1, 1, 3, 1, 3, 1, 3 ], [ 3, 3, 1, 1, 3, 1, 1, -2, 1, 3, 1, 1, 3, 1, 3, 1, 3 ], 
          [ 3, 1, 1, 1, 1, 1, 3, 1, -2, 3, 3, 3, 1, 1, 3, 1, 1 ], [ 3, 1, 3, 1, 3, 1, 1, 3, 3, -2, 1, 1, 1, 3, 3, 3, 3 ], 
          [ 3, 3, 3, 1, 3, 1, 1, 1, 3, 1, -2, 1, 3, 3, 1, 3, 3 ], [ 3, 3, 3, 1, 3, 1, 1, 1, 3, 1, 1, -2, 3, 3, 3, 1, 3 ], 
          [ 3, 1, 3, 1, 1, 3, 3, 3, 1, 1, 3, 3, -2, 3, 1, 3, 1 ], [ 1, 1, 1, 3, 3, 1, 1, 1, 1, 3, 3, 3, 3, -2, 3, 1, 3 ], 
          [ 3, 3, 3, 3, 1, 3, 3, 3, 3, 3, 1, 3, 1, 3, -2, 3, 1 ], [ 1, 1, 1, 3, 3, 1, 1, 1, 1, 3, 3, 1, 3, 1, 3, -2, 1 ], 
          [ 1, 1, 1, 3, 1, 3, 3, 3, 1, 3, 3, 3, 1, 3, 1, 1, -2 ] ] ], 
  [ [ 0, 716 ], [ [ -2, 1, 1, 3, 3, 3, 1, 3, 3, 3, 3, 3, 3, 3, 3, 3, 1 ], [ 1, -2, 1, 3, 3, 1, 3, 3, 1, 1, 3, 3, 1, 3, 3, 1, 1 ], 
          [ 1, 1, -2, 3, 3, 1, 3, 1, 1, 3, 3, 3, 3, 3, 3, 1, 1 ], [ 3, 3, 3, -2, 1, 1, 1, 1, 1, 1, 1, 1, 1, 3, 1, 3, 3 ], 
          [ 3, 3, 3, 1, -2, 3, 3, 3, 1, 3, 3, 3, 1, 1, 1, 3, 3 ], [ 3, 1, 1, 1, 3, -2, 1, 1, 1, 1, 1, 1, 3, 3, 3, 1, 1 ], 
          [ 1, 3, 3, 1, 3, 1, -2, 1, 3, 1, 1, 1, 3, 3, 3, 3, 1 ], [ 3, 3, 1, 1, 3, 1, 1, -2, 1, 3, 1, 1, 3, 3, 3, 1, 1 ], 
          [ 3, 1, 1, 1, 1, 1, 3, 1, -2, 3, 3, 3, 1, 3, 3, 1, 1 ], [ 3, 1, 3, 1, 3, 1, 1, 3, 3, -2, 1, 1, 1, 3, 1, 3, 3 ], 
          [ 3, 3, 3, 1, 3, 1, 1, 1, 3, 1, -2, 1, 3, 3, 1, 3, 1 ], [ 3, 3, 3, 1, 3, 1, 1, 1, 3, 1, 1, -2, 3, 1, 1, 3, 3 ], 
          [ 3, 1, 3, 1, 1, 3, 3, 3, 1, 1, 3, 3, -2, 1, 1, 1, 3 ], [ 3, 3, 3, 3, 1, 3, 3, 3, 3, 3, 3, 1, 1, -2, 1, 1, 3 ], 
          [ 3, 3, 3, 1, 1, 3, 3, 3, 3, 1, 1, 1, 1, 1, -2, 3, 3 ], [ 3, 1, 1, 3, 3, 1, 3, 1, 1, 3, 3, 3, 1, 1, 3, -2, 1 ], 
          [ 1, 1, 1, 3, 3, 1, 1, 1, 1, 3, 1, 3, 3, 3, 3, 1, -2 ] ] ], [ [ 0, 525 ], [ [ -2, 1, 1, 3, 3, 3, 1, 3, 3, 3, 3, 1, 3, 1, 3, 3, 3 ], 
          [ 1, -2, 1, 3, 3, 1, 3, 3, 1, 1, 3, 1, 3, 3, 3, 3, 1 ], [ 1, 1, -2, 3, 3, 1, 3, 1, 1, 3, 3, 1, 3, 3, 3, 3, 3 ], 
          [ 3, 3, 3, -2, 1, 1, 1, 1, 1, 1, 1, 1, 1, 3, 1, 1, 3 ], [ 3, 3, 3, 1, -2, 3, 3, 3, 1, 3, 3, 3, 3, 1, 1, 1, 1 ], 
          [ 3, 1, 1, 1, 3, -2, 1, 1, 1, 1, 1, 1, 1, 3, 3, 1, 3 ], [ 1, 3, 3, 1, 3, 1, -2, 1, 3, 1, 1, 1, 1, 1, 3, 1, 3 ], 
          [ 3, 3, 1, 1, 3, 1, 1, -2, 1, 3, 1, 1, 1, 3, 3, 1, 3 ], [ 3, 1, 1, 1, 1, 1, 3, 1, -2, 3, 3, 1, 3, 3, 3, 1, 3 ], 
          [ 3, 1, 3, 1, 3, 1, 1, 3, 3, -2, 1, 1, 1, 3, 1, 3, 1 ], [ 3, 3, 3, 1, 3, 1, 1, 1, 3, 1, -2, 3, 1, 3, 1, 1, 3 ], 
          [ 1, 1, 1, 1, 3, 1, 1, 1, 1, 1, 3, -2, 1, 3, 3, 3, 3 ], [ 3, 3, 3, 1, 3, 1, 1, 1, 3, 1, 1, 1, -2, 3, 3, 1, 3 ], 
          [ 1, 3, 3, 3, 1, 3, 1, 3, 3, 3, 3, 3, 3, -2, 3, 1, 1 ], [ 3, 3, 3, 1, 1, 3, 3, 3, 3, 1, 1, 3, 3, 3, -2, 3, 1 ], 
          [ 3, 3, 3, 1, 1, 1, 1, 1, 1, 3, 1, 3, 1, 1, 3, -2, 3 ], [ 3, 1, 3, 3, 1, 3, 3, 3, 3, 1, 3, 3, 3, 1, 1, 3, -2 ] ] ], 
  [ [ 0, 506 ], [ [ -2, 1, 1, 3, 3, 3, 1, 3, 3, 3, 3, 3, 1, 3, 1, 1, 3 ], [ 1, -2, 1, 3, 3, 1, 3, 3, 1, 1, 3, 1, 1, 3, 3, 1, 1 ], 
          [ 1, 1, -2, 3, 3, 1, 3, 1, 1, 3, 3, 1, 3, 3, 3, 1, 1 ], [ 3, 3, 3, -2, 1, 1, 1, 1, 1, 1, 1, 1, 3, 1, 3, 1, 1 ], 
          [ 3, 3, 3, 1, -2, 3, 3, 3, 1, 3, 3, 1, 1, 1, 1, 3, 3 ], [ 3, 1, 1, 1, 3, -2, 1, 1, 1, 1, 1, 1, 3, 1, 3, 1, 1 ], 
          [ 1, 3, 3, 1, 3, 1, -2, 1, 3, 1, 1, 3, 3, 1, 1, 1, 3 ], [ 3, 3, 1, 1, 3, 1, 1, -2, 1, 3, 1, 3, 3, 3, 3, 1, 1 ], 
          [ 3, 1, 1, 1, 1, 1, 3, 1, -2, 3, 3, 1, 3, 3, 3, 1, 1 ], [ 3, 1, 3, 1, 3, 1, 1, 3, 3, -2, 1, 1, 3, 1, 3, 1, 1 ], 
          [ 3, 3, 3, 1, 3, 1, 1, 1, 3, 1, -2, 3, 3, 1, 1, 1, 1 ], [ 3, 1, 1, 1, 1, 1, 3, 3, 1, 1, 3, -2, 3, 1, 3, 3, 1 ], 
          [ 1, 1, 3, 3, 1, 3, 3, 3, 3, 3, 3, 3, -2, 3, 1, 3, 3 ], [ 3, 3, 3, 1, 1, 1, 1, 3, 3, 1, 1, 1, 3, -2, 1, 3, 3 ], 
          [ 1, 3, 3, 3, 1, 3, 1, 3, 3, 3, 1, 3, 1, 1, -2, 3, 3 ], [ 1, 1, 1, 1, 3, 1, 1, 1, 1, 1, 1, 3, 3, 3, 3, -2, 1 ], 
          [ 3, 1, 1, 1, 3, 1, 3, 1, 1, 1, 1, 1, 3, 3, 3, 1, -2 ] ] ], 
  [ [ 0, 387 ], [ [ -2, 1, 1, 3, 3, 3, 1, 3, 3, 3, 1, 1, 3, 3, 1, 3, 3 ], [ 1, -2, 1, 3, 3, 1, 3, 3, 1, 1, 1, 3, 3, 3, 1, 1, 3 ], 
          [ 1, 1, -2, 3, 3, 1, 3, 1, 1, 3, 3, 1, 3, 3, 1, 1, 3 ], [ 3, 3, 3, -2, 1, 1, 1, 1, 1, 1, 3, 3, 1, 1, 3, 3, 1 ], 
          [ 3, 3, 3, 1, -2, 3, 3, 3, 1, 3, 3, 3, 1, 1, 3, 3, 1 ], [ 3, 1, 1, 1, 3, -2, 1, 1, 1, 1, 1, 3, 3, 3, 1, 1, 3 ], 
          [ 1, 3, 3, 1, 3, 1, -2, 1, 3, 1, 1, 1, 3, 3, 1, 3, 1 ], [ 3, 3, 1, 1, 3, 1, 1, -2, 1, 3, 3, 1, 1, 3, 1, 1, 1 ], 
          [ 3, 1, 1, 1, 1, 1, 3, 1, -2, 3, 3, 3, 1, 3, 1, 1, 3 ], [ 3, 1, 3, 1, 3, 1, 1, 3, 3, -2, 1, 3, 3, 1, 3, 3, 1 ], 
          [ 1, 1, 3, 3, 3, 1, 1, 3, 3, 1, -2, 3, 3, 3, 1, 3, 3 ], [ 1, 3, 1, 3, 3, 3, 1, 1, 3, 3, 3, -2, 3, 3, 1, 1, 1 ], 
          [ 3, 3, 3, 1, 1, 3, 3, 1, 1, 3, 3, 3, -2, 1, 3, 3, 1 ], [ 3, 3, 3, 1, 1, 3, 3, 3, 3, 1, 3, 3, 1, -2, 3, 3, 1 ], 
          [ 1, 1, 1, 3, 3, 1, 1, 1, 1, 3, 1, 1, 3, 3, -2, 1, 3 ], [ 3, 1, 1, 3, 3, 1, 3, 1, 1, 3, 3, 1, 3, 3, 1, -2, 3 ], 
          [ 3, 3, 3, 1, 1, 3, 1, 1, 3, 1, 3, 1, 1, 1, 3, 3, -2 ] ] ], [ [ 0, 540 ], [ [ -2, 1, 1, 3, 3, 3, 1, 3, 3, 3, 1, 3, 1, 1, 3, 3, 1 ], 
          [ 1, -2, 1, 3, 3, 1, 3, 3, 1, 1, 3, 1, 1, 3, 3, 3, 1 ], [ 1, 1, -2, 3, 3, 1, 3, 1, 1, 3, 3, 1, 1, 3, 1, 3, 1 ], 
          [ 3, 3, 3, -2, 1, 1, 1, 1, 1, 1, 3, 1, 3, 3, 3, 1, 3 ], [ 3, 3, 3, 1, -2, 3, 3, 3, 1, 3, 3, 3, 3, 1, 1, 1, 1 ], 
          [ 3, 1, 1, 1, 3, -2, 1, 1, 1, 1, 3, 1, 1, 3, 3, 1, 3 ], [ 1, 3, 3, 1, 3, 1, -2, 1, 3, 1, 1, 3, 1, 1, 3, 1, 3 ], 
          [ 3, 3, 1, 1, 3, 1, 1, -2, 1, 3, 1, 1, 3, 3, 1, 3, 3 ], [ 3, 1, 1, 1, 1, 1, 3, 1, -2, 3, 3, 1, 3, 3, 1, 3, 1 ], 
          [ 3, 1, 3, 1, 3, 1, 1, 3, 3, -2, 3, 1, 1, 3, 3, 1, 3 ], [ 1, 3, 3, 3, 3, 3, 1, 1, 3, 3, -2, 3, 3, 1, 1, 3, 3 ], 
          [ 3, 1, 1, 1, 3, 1, 3, 1, 1, 1, 3, -2, 3, 3, 3, 3, 3 ], [ 1, 1, 1, 3, 3, 1, 1, 3, 3, 1, 3, 3, -2, 1, 3, 1, 3 ], 
          [ 1, 3, 3, 3, 1, 3, 1, 3, 3, 3, 1, 3, 1, -2, 3, 1, 3 ], [ 3, 3, 1, 3, 1, 3, 3, 1, 1, 3, 1, 3, 3, 3, -2, 3, 1 ], 
          [ 3, 3, 3, 1, 1, 1, 1, 3, 3, 1, 3, 3, 1, 1, 3, -2, 3 ], [ 1, 1, 1, 3, 1, 3, 3, 3, 1, 3, 3, 3, 3, 3, 1, 3, -2 ] ] ], 
  [ [ 0, 873 ], [ [ -2, 1, 1, 3, 3, 3, 1, 3, 3, 3, 3, 3, 1, 1, 3, 1, 3 ], [ 1, -2, 1, 3, 3, 1, 3, 3, 1, 1, 3, 3, 3, 1, 1, 3, 3 ], 
          [ 1, 1, -2, 3, 3, 1, 3, 1, 1, 3, 3, 3, 3, 1, 1, 3, 1 ], [ 3, 3, 3, -2, 1, 1, 1, 1, 1, 1, 3, 1, 1, 3, 1, 3, 1 ], 
          [ 3, 3, 3, 1, -2, 3, 3, 3, 1, 3, 1, 3, 3, 3, 3, 1, 3 ], [ 3, 1, 1, 1, 3, -2, 1, 1, 1, 1, 3, 1, 3, 3, 1, 3, 1 ], 
          [ 1, 3, 3, 1, 3, 1, -2, 1, 3, 1, 3, 1, 1, 3, 3, 1, 1 ], [ 3, 3, 1, 1, 3, 1, 1, -2, 1, 3, 3, 1, 3, 3, 1, 3, 1 ], 
          [ 3, 1, 1, 1, 1, 1, 3, 1, -2, 3, 3, 3, 3, 3, 1, 3, 1 ], [ 3, 1, 3, 1, 3, 1, 1, 3, 3, -2, 3, 1, 1, 1, 1, 3, 1 ], 
          [ 3, 3, 3, 3, 1, 3, 3, 3, 3, 3, -2, 3, 3, 3, 3, 1, 3 ], [ 3, 3, 3, 1, 3, 1, 1, 1, 3, 1, 3, -2, 1, 1, 1, 3, 1 ], 
          [ 1, 3, 3, 1, 3, 3, 1, 3, 3, 1, 3, 1, -2, 1, 3, 3, 1 ], [ 1, 1, 1, 3, 3, 3, 3, 3, 3, 1, 3, 1, 1, -2, 1, 3, 1 ], 
          [ 3, 1, 1, 1, 3, 1, 3, 1, 1, 1, 3, 1, 3, 1, -2, 3, 1 ], [ 1, 3, 3, 3, 1, 3, 1, 3, 3, 3, 1, 3, 3, 3, 3, -2, 3 ], 
          [ 3, 3, 1, 1, 3, 1, 1, 1, 1, 1, 3, 1, 1, 1, 1, 3, -2 ] ] ], 
  [ [ 0, 579 ], [ [ -2, 1, 1, 3, 3, 3, 1, 3, 3, 3, 3, 3, 1, 3, 3, 3, 1 ], [ 1, -2, 1, 3, 3, 1, 3, 3, 1, 1, 3, 3, 1, 3, 3, 3, 1 ], 
          [ 1, 1, -2, 3, 3, 1, 3, 1, 1, 3, 3, 3, 1, 3, 3, 3, 1 ], [ 3, 3, 3, -2, 1, 1, 1, 1, 1, 1, 3, 1, 3, 1, 1, 1, 3 ], 
          [ 3, 3, 3, 1, -2, 3, 3, 3, 1, 3, 1, 1, 3, 1, 1, 1, 1 ], [ 3, 1, 1, 1, 3, -2, 1, 1, 1, 1, 3, 3, 3, 1, 1, 3, 3 ], 
          [ 1, 3, 3, 1, 3, 1, -2, 1, 3, 1, 3, 3, 3, 1, 1, 3, 3 ], [ 3, 3, 1, 1, 3, 1, 1, -2, 1, 3, 3, 3, 1, 1, 1, 1, 3 ], 
          [ 3, 1, 1, 1, 1, 1, 3, 1, -2, 3, 3, 3, 1, 1, 1, 1, 1 ], [ 3, 1, 3, 1, 3, 1, 1, 3, 3, -2, 3, 1, 3, 3, 3, 3, 3 ], 
          [ 3, 3, 3, 3, 1, 3, 3, 3, 3, 3, -2, 1, 3, 1, 1, 1, 1 ], [ 3, 3, 3, 1, 1, 3, 3, 3, 3, 1, 1, -2, 3, 3, 3, 1, 3 ], 
          [ 1, 1, 1, 3, 3, 3, 3, 1, 1, 3, 3, 3, -2, 3, 3, 1, 1 ], [ 3, 3, 3, 1, 1, 1, 1, 1, 1, 3, 1, 3, 3, -2, 1, 1, 1 ], 
          [ 3, 3, 3, 1, 1, 1, 1, 1, 1, 3, 1, 3, 3, 1, -2, 1, 3 ], [ 3, 3, 3, 1, 1, 3, 3, 1, 1, 3, 1, 1, 1, 1, 1, -2, 1 ], 
          [ 1, 1, 1, 3, 1, 3, 3, 3, 1, 3, 1, 3, 1, 1, 3, 1, -2 ] ] ], [ [ 0, 554 ], [ [ -2, 1, 1, 3, 3, 3, 1, 3, 3, 3, 3, 3, 1, 1, 3, 3, 3 ], 
          [ 1, -2, 1, 3, 3, 1, 3, 3, 1, 1, 3, 3, 1, 1, 3, 3, 1 ], [ 1, 1, -2, 3, 3, 1, 3, 1, 1, 3, 3, 3, 1, 1, 3, 1, 3 ], 
          [ 3, 3, 3, -2, 1, 1, 1, 1, 1, 1, 3, 1, 3, 3, 1, 1, 1 ], [ 3, 3, 3, 1, -2, 3, 3, 3, 1, 3, 1, 1, 3, 1, 3, 1, 1 ], 
          [ 3, 1, 1, 1, 3, -2, 1, 1, 1, 1, 3, 3, 1, 3, 1, 1, 3 ], [ 1, 3, 3, 1, 3, 1, -2, 1, 3, 1, 3, 3, 1, 3, 1, 3, 3 ], 
          [ 3, 3, 1, 1, 3, 1, 1, -2, 1, 3, 3, 3, 1, 3, 1, 1, 3 ], [ 3, 1, 1, 1, 1, 1, 3, 1, -2, 3, 3, 3, 1, 1, 3, 1, 1 ], 
          [ 3, 1, 3, 1, 3, 1, 1, 3, 3, -2, 3, 1, 3, 3, 1, 3, 1 ], [ 3, 3, 3, 3, 1, 3, 3, 3, 3, 3, -2, 1, 3, 1, 1, 3, 1 ], 
          [ 3, 3, 3, 1, 1, 3, 3, 3, 3, 1, 1, -2, 3, 3, 1, 1, 1 ], [ 1, 1, 1, 3, 3, 1, 1, 1, 1, 3, 3, 3, -2, 3, 3, 1, 3 ], 
          [ 1, 1, 1, 3, 1, 3, 3, 3, 1, 3, 1, 3, 3, -2, 3, 3, 1 ], [ 3, 3, 3, 1, 3, 1, 1, 1, 3, 1, 1, 1, 3, 3, -2, 3, 3 ], 
          [ 3, 3, 1, 1, 1, 1, 3, 1, 1, 3, 3, 1, 1, 3, 3, -2, 3 ], [ 3, 1, 3, 1, 1, 3, 3, 3, 1, 1, 1, 1, 3, 1, 3, 3, -2 ] ] ], 
  [ [ 0, 223 ], [ [ -2, 1, 1, 3, 3, 3, 1, 3, 3, 3, 3, 3, 1, 3, 3, 3, 3 ], [ 1, -2, 1, 3, 3, 1, 3, 3, 1, 1, 3, 3, 3, 3, 3, 3, 3 ], 
          [ 1, 1, -2, 3, 3, 1, 3, 1, 1, 3, 3, 3, 1, 3, 3, 3, 3 ], [ 3, 3, 3, -2, 1, 1, 1, 1, 1, 1, 1, 1, 3, 1, 1, 1, 1 ], 
          [ 3, 3, 3, 1, -2, 3, 3, 3, 1, 3, 1, 3, 1, 1, 3, 3, 1 ], [ 3, 1, 1, 1, 3, -2, 1, 1, 1, 1, 1, 1, 3, 3, 1, 1, 1 ], 
          [ 1, 3, 3, 1, 3, 1, -2, 1, 3, 1, 1, 1, 3, 3, 1, 1, 1 ], [ 3, 3, 1, 1, 3, 1, 1, -2, 1, 3, 3, 1, 3, 3, 1, 1, 1 ], 
          [ 3, 1, 1, 1, 1, 1, 3, 1, -2, 3, 3, 3, 3, 3, 3, 3, 1 ], [ 3, 1, 3, 1, 3, 1, 1, 3, 3, -2, 1, 1, 3, 1, 1, 1, 3 ], 
          [ 3, 3, 3, 1, 1, 1, 1, 3, 3, 1, -2, 1, 3, 1, 1, 1, 1 ], [ 3, 3, 3, 1, 3, 1, 1, 1, 3, 1, 1, -2, 3, 3, 1, 1, 1 ], 
          [ 1, 3, 1, 3, 1, 3, 3, 3, 3, 3, 3, 3, -2, 1, 3, 3, 3 ], [ 3, 3, 3, 1, 1, 3, 3, 3, 3, 1, 1, 3, 1, -2, 1, 1, 3 ], 
          [ 3, 3, 3, 1, 3, 1, 1, 1, 3, 1, 1, 1, 3, 1, -2, 1, 1 ], [ 3, 3, 3, 1, 3, 1, 1, 1, 3, 1, 1, 1, 3, 1, 1, -2, 3 ], 
          [ 3, 3, 3, 1, 1, 1, 1, 1, 1, 3, 1, 1, 3, 3, 1, 3, -2 ] ] ], 
  [ [ 0, 473 ], [ [ -2, 1, 1, 3, 3, 3, 1, 3, 3, 3, 1, 3, 1, 1, 3, 1, 3 ], [ 1, -2, 1, 3, 3, 1, 3, 3, 1, 1, 1, 1, 3, 1, 1, 1, 1 ], 
          [ 1, 1, -2, 3, 3, 1, 3, 1, 1, 3, 1, 3, 1, 1, 1, 1, 3 ], [ 3, 3, 3, -2, 1, 1, 1, 1, 1, 1, 3, 1, 3, 3, 1, 3, 3 ], 
          [ 3, 3, 3, 1, -2, 3, 3, 3, 1, 3, 3, 1, 3, 3, 3, 1, 1 ], [ 3, 1, 1, 1, 3, -2, 1, 1, 1, 1, 3, 3, 3, 1, 1, 3, 3 ], 
          [ 1, 3, 3, 1, 3, 1, -2, 1, 3, 1, 3, 3, 1, 1, 3, 3, 3 ], [ 3, 3, 1, 1, 3, 1, 1, -2, 1, 3, 3, 3, 1, 1, 1, 3, 3 ], 
          [ 3, 1, 1, 1, 1, 1, 3, 1, -2, 3, 3, 1, 3, 1, 1, 1, 3 ], [ 3, 1, 3, 1, 3, 1, 1, 3, 3, -2, 1, 1, 3, 3, 1, 3, 1 ], 
          [ 1, 1, 1, 3, 3, 3, 3, 3, 3, 1, -2, 1, 3, 3, 1, 1, 1 ], [ 3, 1, 3, 1, 1, 3, 3, 3, 1, 1, 1, -2, 3, 3, 1, 1, 1 ], 
          [ 1, 3, 1, 3, 3, 3, 1, 1, 3, 3, 3, 3, -2, 1, 3, 3, 3 ], [ 1, 1, 1, 3, 3, 1, 1, 1, 1, 3, 3, 3, 1, -2, 3, 1, 3 ], 
          [ 3, 1, 1, 1, 3, 1, 3, 1, 1, 1, 1, 1, 3, 3, -2, 3, 3 ], [ 1, 1, 1, 3, 1, 3, 3, 3, 1, 3, 1, 1, 3, 1, 3, -2, 1 ], 
          [ 3, 1, 3, 3, 1, 3, 3, 3, 3, 1, 1, 1, 3, 3, 3, 1, -2 ] ] ], [ [ 0, 770 ], [ [ -2, 1, 1, 3, 3, 3, 1, 3, 3, 3, 1, 1, 3, 3, 1, 3, 3 ], 
          [ 1, -2, 1, 3, 3, 1, 3, 3, 1, 1, 1, 3, 1, 3, 1, 1, 1 ], [ 1, 1, -2, 3, 3, 1, 3, 1, 1, 3, 1, 3, 1, 3, 1, 1, 3 ], 
          [ 3, 3, 3, -2, 1, 1, 1, 1, 1, 1, 3, 1, 1, 1, 3, 3, 3 ], [ 3, 3, 3, 1, -2, 3, 3, 3, 1, 3, 3, 3, 3, 3, 3, 3, 3 ], 
          [ 3, 1, 1, 1, 3, -2, 1, 1, 1, 1, 3, 3, 1, 1, 1, 1, 1 ], [ 1, 3, 3, 1, 3, 1, -2, 1, 3, 1, 3, 1, 3, 1, 1, 3, 3 ], 
          [ 3, 3, 1, 1, 3, 1, 1, -2, 1, 3, 3, 1, 1, 1, 3, 3, 3 ], [ 3, 1, 1, 1, 1, 1, 3, 1, -2, 3, 3, 3, 1, 3, 3, 1, 3 ], 
          [ 3, 1, 3, 1, 3, 1, 1, 3, 3, -2, 1, 3, 1, 1, 1, 1, 1 ], [ 1, 1, 1, 3, 3, 3, 3, 3, 3, 1, -2, 3, 1, 3, 1, 1, 1 ], 
          [ 1, 3, 3, 1, 3, 3, 1, 1, 3, 3, 3, -2, 3, 1, 3, 3, 3 ], [ 3, 1, 1, 1, 3, 1, 3, 1, 1, 1, 1, 3, -2, 3, 1, 1, 1 ], 
          [ 3, 3, 3, 1, 3, 1, 1, 1, 3, 1, 3, 1, 3, -2, 3, 3, 1 ], [ 1, 1, 1, 3, 3, 1, 1, 3, 3, 1, 1, 3, 1, 3, -2, 1, 1 ], 
          [ 3, 1, 1, 3, 3, 1, 3, 3, 1, 1, 1, 3, 1, 3, 1, -2, 1 ], [ 3, 1, 3, 3, 3, 1, 3, 3, 3, 1, 1, 3, 1, 1, 1, 1, -2 ] ] ], 
  [ [ 0, 725 ], [ [ -2, 1, 1, 3, 3, 3, 1, 3, 3, 3, 1, 1, 1, 1, 1, 3, 1 ], [ 1, -2, 1, 3, 3, 1, 3, 3, 1, 1, 1, 3, 3, 3, 3, 1, 1 ], 
          [ 1, 1, -2, 3, 3, 1, 3, 1, 1, 3, 1, 3, 3, 1, 3, 3, 1 ], [ 3, 3, 3, -2, 1, 1, 1, 1, 1, 1, 3, 3, 3, 3, 1, 3, 3 ], 
          [ 3, 3, 3, 1, -2, 3, 3, 3, 1, 3, 3, 1, 1, 1, 1, 3, 1 ], [ 3, 1, 1, 1, 3, -2, 1, 1, 1, 1, 3, 3, 3, 3, 3, 1, 3 ], 
          [ 1, 3, 3, 1, 3, 1, -2, 1, 3, 1, 3, 1, 1, 3, 1, 3, 3 ], [ 3, 3, 1, 1, 3, 1, 1, -2, 1, 3, 3, 3, 3, 3, 1, 3, 3 ], 
          [ 3, 1, 1, 1, 1, 1, 3, 1, -2, 3, 3, 3, 3, 3, 3, 3, 1 ], [ 3, 1, 3, 1, 3, 1, 1, 3, 3, -2, 1, 3, 3, 3, 3, 1, 3 ], 
          [ 1, 1, 1, 3, 3, 3, 3, 3, 3, 1, -2, 3, 3, 1, 3, 1, 1 ], [ 1, 3, 3, 3, 1, 3, 1, 3, 3, 3, 3, -2, 1, 1, 1, 3, 1 ], 
          [ 1, 3, 3, 3, 1, 3, 1, 3, 3, 3, 3, 1, -2, 1, 1, 3, 3 ], [ 1, 3, 1, 3, 1, 3, 3, 3, 3, 3, 1, 1, 1, -2, 1, 3, 1 ], 
          [ 1, 3, 3, 1, 1, 3, 1, 1, 3, 3, 3, 1, 1, 1, -2, 3, 3 ], [ 3, 1, 3, 3, 3, 1, 3, 3, 3, 1, 1, 3, 3, 3, 3, -2, 3 ], 
          [ 1, 1, 1, 3, 1, 3, 3, 3, 1, 3, 1, 1, 3, 1, 3, 3, -2 ] ] ], 
  [ [ 0, 228 ], [ [ -2, 1, 1, 3, 3, 3, 1, 3, 3, 3, 1, 1, 1, 1, 1, 3, 1 ], [ 1, -2, 1, 3, 3, 1, 3, 3, 1, 1, 1, 3, 3, 1, 1, 3, 1 ], 
          [ 1, 1, -2, 3, 3, 1, 3, 1, 1, 3, 1, 3, 3, 1, 1, 3, 1 ], [ 3, 3, 3, -2, 1, 1, 1, 1, 1, 1, 3, 3, 3, 3, 3, 1, 3 ], 
          [ 3, 3, 3, 1, -2, 3, 3, 3, 1, 3, 3, 1, 3, 1, 3, 1, 1 ], [ 3, 1, 1, 1, 3, -2, 1, 1, 1, 1, 3, 3, 3, 3, 1, 1, 3 ], 
          [ 1, 3, 3, 1, 3, 1, -2, 1, 3, 1, 3, 1, 1, 3, 1, 1, 3 ], [ 3, 3, 1, 1, 3, 1, 1, -2, 1, 3, 3, 3, 1, 3, 3, 3, 3 ], 
          [ 3, 1, 1, 1, 1, 1, 3, 1, -2, 3, 3, 3, 3, 1, 3, 3, 1 ], [ 3, 1, 3, 1, 3, 1, 1, 3, 3, -2, 1, 3, 3, 3, 1, 1, 3 ], 
          [ 1, 1, 1, 3, 3, 3, 3, 3, 3, 1, -2, 3, 3, 1, 1, 3, 1 ], [ 1, 3, 3, 3, 1, 3, 1, 3, 3, 3, 3, -2, 1, 1, 1, 1, 1 ], 
          [ 1, 3, 3, 3, 3, 3, 1, 1, 3, 3, 3, 1, -2, 3, 3, 3, 3 ], [ 1, 1, 1, 3, 1, 3, 3, 3, 1, 3, 1, 1, 3, -2, 1, 3, 1 ], 
          [ 1, 1, 1, 3, 3, 1, 1, 3, 3, 1, 1, 1, 3, 1, -2, 1, 1 ], [ 3, 3, 3, 1, 1, 1, 1, 3, 3, 1, 3, 1, 3, 3, 1, -2, 3 ], 
          [ 1, 1, 1, 3, 1, 3, 3, 3, 1, 3, 1, 1, 3, 1, 1, 3, -2 ] ] ], [ [ 0, 306 ], [ [ -2, 1, 1, 3, 3, 3, 1, 3, 3, 3, 1, 3, 1, 3, 3, 1, 3 ], 
          [ 1, -2, 1, 3, 3, 1, 3, 3, 1, 1, 1, 3, 1, 3, 1, 1, 3 ], [ 1, 1, -2, 3, 3, 1, 3, 1, 1, 3, 1, 3, 1, 3, 1, 1, 3 ], 
          [ 3, 3, 3, -2, 1, 1, 1, 1, 1, 1, 3, 1, 3, 1, 1, 3, 1 ], [ 3, 3, 3, 1, -2, 3, 3, 3, 1, 3, 3, 1, 3, 3, 3, 1, 1 ], 
          [ 3, 1, 1, 1, 3, -2, 1, 1, 1, 1, 3, 1, 3, 1, 1, 3, 3 ], [ 1, 3, 3, 1, 3, 1, -2, 1, 3, 1, 3, 1, 3, 1, 3, 3, 3 ], 
          [ 3, 3, 1, 1, 3, 1, 1, -2, 1, 3, 3, 3, 3, 1, 1, 3, 1 ], [ 3, 1, 1, 1, 1, 1, 3, 1, -2, 3, 3, 3, 3, 3, 1, 1, 1 ], 
          [ 3, 1, 3, 1, 3, 1, 1, 3, 3, -2, 1, 1, 1, 1, 1, 3, 3 ], [ 1, 1, 1, 3, 3, 3, 3, 3, 3, 1, -2, 3, 1, 3, 1, 3, 3 ], 
          [ 3, 3, 3, 1, 1, 1, 1, 3, 3, 1, 3, -2, 3, 1, 3, 3, 3 ], [ 1, 1, 1, 3, 3, 3, 3, 3, 3, 1, 1, 3, -2, 3, 1, 1, 3 ], 
          [ 3, 3, 3, 1, 3, 1, 1, 1, 3, 1, 3, 1, 3, -2, 3, 3, 1 ], [ 3, 1, 1, 1, 3, 1, 3, 1, 1, 1, 1, 3, 1, 3, -2, 3, 3 ], 
          [ 1, 1, 1, 3, 1, 3, 3, 3, 1, 3, 3, 3, 1, 3, 3, -2, 1 ], [ 3, 3, 3, 1, 1, 3, 3, 1, 1, 3, 3, 3, 3, 1, 3, 1, -2 ] ] ], 
  [ [ 0, 242 ], [ [ -2, 1, 1, 3, 3, 3, 1, 3, 3, 3, 1, 1, 1, 3, 1, 3, 1 ], [ 1, -2, 1, 3, 3, 1, 3, 3, 1, 1, 1, 3, 1, 1, 1, 1, 1 ], 
          [ 1, 1, -2, 3, 3, 1, 3, 1, 1, 3, 1, 3, 1, 3, 1, 1, 3 ], [ 3, 3, 3, -2, 1, 1, 1, 1, 1, 1, 3, 3, 3, 1, 3, 3, 3 ], 
          [ 3, 3, 3, 1, -2, 3, 3, 3, 1, 3, 3, 1, 3, 1, 1, 1, 3 ], [ 3, 1, 1, 1, 3, -2, 1, 1, 1, 1, 3, 3, 1, 3, 3, 1, 3 ], 
          [ 1, 3, 3, 1, 3, 1, -2, 1, 3, 1, 3, 1, 1, 3, 3, 3, 1 ], [ 3, 3, 1, 1, 3, 1, 1, -2, 1, 3, 3, 3, 1, 3, 3, 1, 3 ], 
          [ 3, 1, 1, 1, 1, 1, 3, 1, -2, 3, 3, 3, 1, 1, 1, 1, 3 ], [ 3, 1, 3, 1, 3, 1, 1, 3, 3, -2, 1, 3, 3, 1, 3, 3, 1 ], 
          [ 1, 1, 1, 3, 3, 3, 3, 3, 3, 1, -2, 3, 3, 1, 1, 3, 1 ], [ 1, 3, 3, 3, 1, 3, 1, 3, 3, 3, 3, -2, 1, 3, 1, 1, 1 ], 
          [ 1, 1, 1, 3, 3, 1, 1, 1, 1, 3, 3, 1, -2, 3, 1, 1, 1 ], [ 3, 1, 3, 1, 1, 3, 3, 3, 1, 1, 1, 3, 3, -2, 1, 3, 1 ], 
          [ 1, 1, 1, 3, 1, 3, 3, 3, 1, 3, 1, 1, 1, 1, -2, 1, 1 ], [ 3, 1, 1, 3, 1, 1, 3, 1, 1, 3, 3, 1, 1, 3, 1, -2, 3 ], 
          [ 1, 1, 3, 3, 3, 3, 1, 3, 3, 1, 1, 1, 1, 1, 1, 3, -2 ] ] ], 
  [ [ 0, 636 ], [ [ -2, 1, 1, 3, 3, 3, 1, 3, 3, 3, 1, 1, 3, 1, 1, 1, 3 ], [ 1, -2, 1, 3, 3, 1, 3, 3, 1, 1, 1, 3, 3, 1, 1, 1, 3 ], 
          [ 1, 1, -2, 3, 3, 1, 3, 1, 1, 3, 1, 1, 3, 3, 1, 1, 3 ], [ 3, 3, 3, -2, 1, 1, 1, 1, 1, 1, 3, 3, 1, 3, 3, 3, 1 ], 
          [ 3, 3, 3, 1, -2, 3, 3, 3, 1, 3, 3, 1, 3, 3, 1, 3, 1 ], [ 3, 1, 1, 1, 3, -2, 1, 1, 1, 1, 3, 3, 1, 3, 3, 1, 3 ], 
          [ 1, 3, 3, 1, 3, 1, -2, 1, 3, 1, 3, 3, 1, 1, 3, 1, 3 ], [ 3, 3, 1, 1, 3, 1, 1, -2, 1, 3, 3, 3, 1, 3, 3, 3, 3 ], 
          [ 3, 1, 1, 1, 1, 1, 3, 1, -2, 3, 3, 3, 3, 3, 1, 3, 3 ], [ 3, 1, 3, 1, 3, 1, 1, 3, 3, -2, 1, 3, 1, 1, 3, 1, 1 ], 
          [ 1, 1, 1, 3, 3, 3, 3, 3, 3, 1, -2, 1, 3, 1, 1, 1, 1 ], [ 1, 3, 1, 3, 1, 3, 3, 3, 3, 3, 1, -2, 3, 3, 1, 3, 1 ], 
          [ 3, 3, 3, 1, 3, 1, 1, 1, 3, 1, 3, 3, -2, 3, 3, 1, 1 ], [ 1, 1, 3, 3, 3, 3, 1, 3, 3, 1, 1, 3, 3, -2, 1, 1, 3 ], 
          [ 1, 1, 1, 3, 1, 3, 3, 3, 1, 3, 1, 1, 3, 1, -2, 1, 3 ], [ 1, 1, 1, 3, 3, 1, 1, 3, 3, 1, 1, 3, 1, 1, 1, -2, 3 ], 
          [ 3, 3, 3, 1, 1, 3, 3, 3, 3, 1, 1, 1, 1, 3, 3, 3, -2 ] ] ], [ [ 0, 294 ], [ [ -2, 1, 1, 3, 3, 3, 1, 3, 3, 3, 3, 1, 1, 3, 3, 1, 1 ], 
          [ 1, -2, 1, 3, 3, 1, 3, 3, 1, 1, 1, 1, 1, 1, 3, 1, 1 ], [ 1, 1, -2, 3, 3, 1, 3, 1, 1, 3, 3, 1, 1, 1, 1, 3, 3 ], 
          [ 3, 3, 3, -2, 1, 1, 1, 1, 1, 1, 1, 3, 3, 1, 1, 1, 1 ], [ 3, 3, 3, 1, -2, 3, 3, 3, 1, 3, 1, 3, 1, 3, 1, 1, 3 ], 
          [ 3, 1, 1, 1, 3, -2, 1, 1, 1, 1, 1, 1, 3, 1, 1, 3, 1 ], [ 1, 3, 3, 1, 3, 1, -2, 1, 3, 1, 3, 1, 3, 3, 3, 3, 1 ], 
          [ 3, 3, 1, 1, 3, 1, 1, -2, 1, 3, 3, 3, 3, 1, 1, 3, 3 ], [ 3, 1, 1, 1, 1, 1, 3, 1, -2, 3, 1, 3, 1, 1, 1, 1, 3 ], 
          [ 3, 1, 3, 1, 3, 1, 1, 3, 3, -2, 1, 1, 3, 1, 3, 3, 1 ], [ 3, 1, 3, 1, 1, 1, 3, 3, 1, 1, -2, 3, 3, 1, 1, 1, 1 ], 
          [ 1, 1, 1, 3, 3, 1, 1, 3, 3, 1, 3, -2, 1, 3, 3, 3, 1 ], [ 1, 1, 1, 3, 1, 3, 3, 3, 1, 3, 3, 1, -2, 3, 3, 1, 3 ], 
          [ 3, 1, 1, 1, 3, 1, 3, 1, 1, 1, 1, 3, 3, -2, 1, 3, 1 ], [ 3, 3, 1, 1, 1, 1, 3, 1, 1, 3, 1, 3, 3, 1, -2, 3, 3 ], 
          [ 1, 1, 3, 1, 1, 3, 3, 3, 1, 3, 1, 3, 1, 3, 3, -2, 1 ], [ 1, 1, 3, 1, 3, 1, 1, 3, 3, 1, 1, 1, 3, 1, 3, 1, -2 ] ] ], 
  [ [ 0, 315 ], [ [ -2, 1, 1, 3, 3, 3, 1, 3, 3, 3, 3, 3, 3, 1, 3, 3, 3 ], [ 1, -2, 1, 3, 3, 1, 3, 3, 1, 1, 1, 3, 3, 3, 3, 3, 3 ], 
          [ 1, 1, -2, 3, 3, 1, 3, 1, 1, 3, 3, 1, 3, 3, 3, 1, 1 ], [ 3, 3, 3, -2, 1, 1, 1, 1, 1, 1, 1, 1, 1, 3, 1, 3, 1 ], 
          [ 3, 3, 3, 1, -2, 3, 3, 3, 1, 3, 1, 1, 1, 1, 1, 1, 1 ], [ 3, 1, 1, 1, 3, -2, 1, 1, 1, 1, 1, 3, 3, 3, 3, 3, 1 ], 
          [ 1, 3, 3, 1, 3, 1, -2, 1, 3, 1, 3, 3, 3, 1, 3, 3, 3 ], [ 3, 3, 1, 1, 3, 1, 1, -2, 1, 3, 3, 1, 3, 3, 1, 1, 1 ], 
          [ 3, 1, 1, 1, 1, 1, 3, 1, -2, 3, 1, 1, 3, 3, 1, 1, 1 ], [ 3, 1, 3, 1, 3, 1, 1, 3, 3, -2, 1, 3, 1, 3, 3, 3, 3 ], 
          [ 3, 1, 3, 1, 1, 1, 3, 3, 1, 1, -2, 3, 1, 3, 1, 3, 1 ], [ 3, 3, 1, 1, 1, 3, 3, 1, 1, 3, 3, -2, 1, 3, 1, 1, 1 ], 
          [ 3, 3, 3, 1, 1, 3, 3, 3, 3, 1, 1, 1, -2, 3, 1, 3, 1 ], [ 1, 3, 3, 3, 1, 3, 1, 3, 3, 3, 3, 3, 3, -2, 3, 1, 3 ], 
          [ 3, 3, 3, 1, 1, 3, 3, 1, 1, 3, 1, 1, 1, 3, -2, 1, 1 ], [ 3, 3, 1, 3, 1, 3, 3, 1, 1, 3, 3, 1, 3, 1, 1, -2, 1 ], 
          [ 3, 3, 1, 1, 1, 1, 3, 1, 1, 3, 1, 1, 1, 3, 1, 1, -2 ] ] ], 
  [ [ 0, 389 ], [ [ -2, 1, 1, 3, 3, 3, 1, 3, 3, 3, 3, 3, 1, 3, 1, 1, 3 ], [ 1, -2, 1, 3, 3, 1, 3, 3, 1, 1, 1, 3, 1, 1, 1, 3, 3 ], 
          [ 1, 1, -2, 3, 3, 1, 3, 1, 1, 3, 3, 3, 1, 1, 1, 1, 3 ], [ 3, 3, 3, -2, 1, 1, 1, 1, 1, 1, 1, 1, 3, 1, 1, 3, 3 ], 
          [ 3, 3, 3, 1, -2, 3, 3, 3, 1, 3, 1, 3, 3, 3, 3, 3, 1 ], [ 3, 1, 1, 1, 3, -2, 1, 1, 1, 1, 1, 1, 1, 1, 1, 3, 3 ], 
          [ 1, 3, 3, 1, 3, 1, -2, 1, 3, 1, 3, 1, 1, 3, 1, 3, 3 ], [ 3, 3, 1, 1, 3, 1, 1, -2, 1, 3, 3, 1, 3, 1, 1, 3, 3 ], 
          [ 3, 1, 1, 1, 1, 1, 3, 1, -2, 3, 1, 3, 3, 1, 3, 3, 3 ], [ 3, 1, 3, 1, 3, 1, 1, 3, 3, -2, 1, 1, 1, 1, 1, 3, 3 ], 
          [ 3, 1, 3, 1, 1, 1, 3, 3, 1, 1, -2, 1, 3, 1, 3, 3, 3 ], [ 3, 3, 3, 1, 3, 1, 1, 1, 3, 1, 1, -2, 3, 1, 1, 3, 3 ], 
          [ 1, 1, 1, 3, 3, 1, 1, 3, 3, 1, 3, 3, -2, 3, 1, 1, 1 ], [ 3, 1, 1, 1, 3, 1, 3, 1, 1, 1, 1, 1, 3, -2, 1, 3, 3 ], 
          [ 1, 1, 1, 1, 3, 1, 1, 1, 3, 1, 3, 1, 1, 1, -2, 3, 3 ], [ 1, 3, 1, 3, 3, 3, 3, 3, 3, 3, 3, 3, 1, 3, 3, -2, 1 ], 
          [ 3, 3, 3, 3, 1, 3, 3, 3, 3, 3, 3, 3, 1, 3, 3, 1, -2 ] ] ], [ [ 0, 307 ], [ [ -2, 1, 1, 3, 3, 3, 1, 3, 3, 3, 3, 3, 1, 1, 1, 3, 3 ], 
          [ 1, -2, 1, 3, 3, 1, 3, 3, 1, 1, 1, 3, 1, 3, 1, 3, 3 ], [ 1, 1, -2, 3, 3, 1, 3, 1, 1, 3, 3, 3, 3, 3, 1, 1, 3 ], 
          [ 3, 3, 3, -2, 1, 1, 1, 1, 1, 1, 1, 1, 3, 1, 3, 3, 1 ], [ 3, 3, 3, 1, -2, 3, 3, 3, 1, 3, 1, 3, 3, 3, 3, 1, 1 ], 
          [ 3, 1, 1, 1, 3, -2, 1, 1, 1, 1, 1, 1, 3, 3, 1, 3, 1 ], [ 1, 3, 3, 1, 3, 1, -2, 1, 3, 1, 3, 1, 1, 1, 1, 3, 1 ], 
          [ 3, 3, 1, 1, 3, 1, 1, -2, 1, 3, 3, 1, 3, 3, 3, 1, 1 ], [ 3, 1, 1, 1, 1, 1, 3, 1, -2, 3, 1, 3, 3, 3, 3, 1, 1 ], 
          [ 3, 1, 3, 1, 3, 1, 1, 3, 3, -2, 1, 1, 1, 1, 1, 3, 3 ], [ 3, 1, 3, 1, 1, 1, 3, 3, 1, 1, -2, 1, 3, 3, 3, 3, 1 ], 
          [ 3, 3, 3, 1, 3, 1, 1, 1, 3, 1, 1, -2, 3, 1, 1, 3, 1 ], [ 1, 1, 3, 3, 3, 3, 1, 3, 3, 1, 3, 3, -2, 1, 1, 3, 3 ], 
          [ 1, 3, 3, 1, 3, 3, 1, 3, 3, 1, 3, 1, 1, -2, 1, 3, 3 ], [ 1, 1, 1, 3, 3, 1, 1, 3, 3, 1, 3, 1, 1, 1, -2, 3, 3 ], 
          [ 3, 3, 1, 3, 1, 3, 3, 1, 1, 3, 3, 3, 3, 3, 3, -2, 3 ], [ 3, 3, 3, 1, 1, 1, 1, 1, 1, 3, 1, 1, 3, 3, 3, 3, -2 ] ] ], 
  [ [ 0, 762 ], [ [ -2, 1, 1, 3, 3, 3, 1, 3, 3, 3, 3, 3, 3, 1, 1, 3, 1 ], [ 1, -2, 1, 3, 3, 1, 3, 3, 1, 1, 1, 3, 3, 3, 1, 3, 3 ], 
          [ 1, 1, -2, 3, 3, 1, 3, 1, 1, 3, 3, 3, 3, 3, 3, 3, 1 ], [ 3, 3, 3, -2, 1, 1, 1, 1, 1, 1, 1, 1, 3, 3, 3, 1, 1 ], 
          [ 3, 3, 3, 1, -2, 3, 3, 3, 1, 3, 1, 3, 1, 1, 3, 1, 3 ], [ 3, 1, 1, 1, 3, -2, 1, 1, 1, 1, 1, 1, 3, 3, 3, 1, 1 ], 
          [ 1, 3, 3, 1, 3, 1, -2, 1, 3, 1, 3, 1, 3, 1, 1, 1, 1 ], [ 3, 3, 1, 1, 3, 1, 1, -2, 1, 3, 3, 1, 3, 3, 3, 3, 1 ], 
          [ 3, 1, 1, 1, 1, 1, 3, 1, -2, 3, 1, 3, 3, 3, 3, 3, 1 ], [ 3, 1, 3, 1, 3, 1, 1, 3, 3, -2, 1, 1, 3, 3, 1, 1, 3 ], 
          [ 3, 1, 3, 1, 1, 1, 3, 3, 1, 1, -2, 1, 3, 3, 3, 1, 3 ], [ 3, 3, 3, 1, 3, 1, 1, 1, 3, 1, 1, -2, 3, 3, 3, 1, 1 ], 
          [ 3, 3, 3, 3, 1, 3, 3, 3, 3, 3, 3, 3, -2, 1, 1, 1, 3 ], [ 1, 3, 3, 3, 1, 3, 1, 3, 3, 3, 3, 3, 1, -2, 1, 1, 3 ], 
          [ 1, 1, 3, 3, 3, 3, 1, 3, 3, 1, 3, 3, 1, 1, -2, 3, 3 ], [ 3, 3, 3, 1, 1, 1, 1, 3, 3, 1, 1, 1, 1, 1, 3, -2, 3 ], 
          [ 1, 3, 1, 1, 3, 1, 1, 1, 1, 3, 3, 1, 3, 3, 3, 3, -2 ] ] ], 
  [ [ 0, 558 ], [ [ -2, 1, 1, 3, 3, 3, 1, 3, 3, 3, 3, 1, 3, 3, 1, 1, 1 ], [ 1, -2, 1, 3, 3, 1, 3, 3, 1, 1, 1, 1, 1, 3, 1, 1, 3 ], 
          [ 1, 1, -2, 3, 3, 1, 3, 1, 1, 3, 3, 1, 1, 1, 3, 1, 3 ], [ 3, 3, 3, -2, 1, 1, 1, 1, 1, 1, 1, 3, 1, 1, 1, 3, 3 ], 
          [ 3, 3, 3, 1, -2, 3, 3, 3, 1, 3, 1, 1, 1, 1, 3, 3, 1 ], [ 3, 1, 1, 1, 3, -2, 1, 1, 1, 1, 1, 3, 1, 3, 1, 1, 3 ], 
          [ 1, 3, 3, 1, 3, 1, -2, 1, 3, 1, 3, 3, 3, 3, 1, 1, 1 ], [ 3, 3, 1, 1, 3, 1, 1, -2, 1, 3, 3, 3, 3, 1, 3, 3, 3 ], 
          [ 3, 1, 1, 1, 1, 1, 3, 1, -2, 3, 1, 1, 1, 1, 3, 3, 3 ], [ 3, 1, 3, 1, 3, 1, 1, 3, 3, -2, 1, 3, 1, 3, 1, 1, 3 ], 
          [ 3, 1, 3, 1, 1, 1, 3, 3, 1, 1, -2, 3, 1, 3, 1, 3, 3 ], [ 1, 1, 1, 3, 1, 3, 3, 3, 1, 3, 3, -2, 1, 1, 3, 1, 1 ], 
          [ 3, 1, 1, 1, 1, 1, 3, 3, 1, 1, 1, 1, -2, 1, 1, 1, 3 ], [ 3, 3, 1, 1, 1, 3, 3, 1, 1, 3, 3, 1, 1, -2, 3, 3, 3 ], 
          [ 1, 1, 3, 1, 3, 1, 1, 3, 3, 1, 1, 3, 1, 3, -2, 1, 3 ], [ 1, 1, 1, 3, 3, 1, 1, 3, 3, 1, 3, 1, 1, 3, 1, -2, 1 ], 
          [ 1, 3, 3, 3, 1, 3, 1, 3, 3, 3, 3, 1, 3, 3, 3, 1, -2 ] ] ], [ [ 0, 528 ], [ [ -2, 1, 1, 3, 3, 3, 1, 3, 3, 3, 3, 3, 1, 3, 1, 3, 3 ], 
          [ 1, -2, 1, 3, 3, 1, 3, 3, 1, 1, 1, 1, 3, 3, 1, 1, 3 ], [ 1, 1, -2, 3, 3, 1, 3, 1, 1, 3, 3, 3, 3, 3, 1, 1, 1 ], 
          [ 3, 3, 3, -2, 1, 1, 1, 1, 1, 1, 1, 3, 3, 1, 3, 3, 1 ], [ 3, 3, 3, 1, -2, 3, 3, 3, 1, 3, 1, 3, 1, 3, 3, 3, 3 ], 
          [ 3, 1, 1, 1, 3, -2, 1, 1, 1, 1, 1, 1, 3, 1, 1, 1, 1 ], [ 1, 3, 3, 1, 3, 1, -2, 1, 3, 1, 3, 3, 1, 1, 1, 3, 1 ], 
          [ 3, 3, 1, 1, 3, 1, 1, -2, 1, 3, 3, 3, 3, 1, 3, 3, 1 ], [ 3, 1, 1, 1, 1, 1, 3, 1, -2, 3, 1, 3, 3, 3, 3, 1, 1 ], 
          [ 3, 1, 3, 1, 3, 1, 1, 3, 3, -2, 1, 1, 3, 1, 1, 1, 1 ], [ 3, 1, 3, 1, 1, 1, 3, 3, 1, 1, -2, 1, 3, 3, 3, 1, 3 ], 
          [ 3, 1, 3, 3, 3, 1, 3, 3, 3, 1, 1, -2, 3, 1, 1, 1, 3 ], [ 1, 3, 3, 3, 1, 3, 1, 3, 3, 3, 3, 3, -2, 3, 3, 3, 3 ], 
          [ 3, 3, 3, 1, 3, 1, 1, 1, 3, 1, 3, 1, 3, -2, 1, 3, 1 ], [ 1, 1, 1, 3, 3, 1, 1, 3, 3, 1, 3, 1, 3, 1, -2, 1, 1 ], 
          [ 3, 1, 1, 3, 3, 1, 3, 3, 1, 1, 1, 1, 3, 3, 1, -2, 1 ], [ 3, 3, 1, 1, 3, 1, 1, 1, 1, 1, 3, 3, 3, 1, 1, 1, -2 ] ] ], 
  [ [ 0, 289 ], [ [ -2, 1, 1, 3, 3, 3, 1, 3, 3, 3, 3, 3, 3, 1, 1, 1, 3 ], [ 1, -2, 1, 3, 3, 1, 3, 3, 1, 1, 3, 1, 3, 3, 1, 1, 3 ], 
          [ 1, 1, -2, 3, 3, 1, 3, 1, 1, 3, 3, 3, 3, 3, 1, 1, 3 ], [ 3, 3, 3, -2, 1, 1, 1, 1, 1, 1, 1, 1, 1, 3, 3, 3, 1 ], 
          [ 3, 3, 3, 1, -2, 3, 3, 3, 1, 3, 1, 1, 3, 1, 1, 1, 1 ], [ 3, 1, 1, 1, 3, -2, 1, 1, 1, 1, 1, 1, 1, 3, 3, 3, 3 ], 
          [ 1, 3, 3, 1, 3, 1, -2, 1, 3, 1, 1, 3, 1, 1, 3, 3, 3 ], [ 3, 3, 1, 1, 3, 1, 1, -2, 1, 3, 1, 3, 1, 3, 3, 3, 3 ], 
          [ 3, 1, 1, 1, 1, 1, 3, 1, -2, 3, 1, 1, 3, 3, 1, 1, 3 ], [ 3, 1, 3, 1, 3, 1, 1, 3, 3, -2, 3, 1, 1, 3, 3, 3, 1 ], 
          [ 3, 3, 3, 1, 1, 1, 1, 1, 1, 3, -2, 3, 1, 1, 1, 3, 3 ], [ 3, 1, 3, 1, 1, 1, 3, 3, 1, 1, 3, -2, 3, 3, 3, 3, 1 ], 
          [ 3, 3, 3, 1, 3, 1, 1, 1, 3, 1, 1, 3, -2, 3, 3, 3, 1 ], [ 1, 3, 3, 3, 1, 3, 1, 3, 3, 3, 1, 3, 3, -2, 1, 1, 3 ], 
          [ 1, 1, 1, 3, 1, 3, 3, 3, 1, 3, 1, 3, 3, 1, -2, 1, 3 ], [ 1, 1, 1, 3, 1, 3, 3, 3, 1, 3, 3, 3, 3, 1, 1, -2, 3 ], 
          [ 3, 3, 3, 1, 1, 3, 3, 3, 3, 1, 3, 1, 1, 3, 3, 3, -2 ] ] ], 
  [ [ 0, 593 ], [ [ -2, 1, 1, 3, 3, 3, 1, 3, 3, 3, 3, 3, 3, 1, 3, 1, 3 ], [ 1, -2, 1, 3, 3, 1, 3, 3, 1, 1, 3, 1, 1, 1, 3, 3, 3 ], 
          [ 1, 1, -2, 3, 3, 1, 3, 1, 1, 3, 3, 1, 3, 1, 1, 3, 3 ], [ 3, 3, 3, -2, 1, 1, 1, 1, 1, 1, 1, 3, 1, 3, 3, 1, 1 ], 
          [ 3, 3, 3, 1, -2, 3, 3, 3, 1, 3, 1, 1, 1, 3, 1, 3, 3 ], [ 3, 1, 1, 1, 3, -2, 1, 1, 1, 1, 1, 1, 1, 1, 3, 3, 1 ], 
          [ 1, 3, 3, 1, 3, 1, -2, 1, 3, 1, 1, 3, 3, 1, 3, 1, 1 ], [ 3, 3, 1, 1, 3, 1, 1, -2, 1, 3, 1, 3, 3, 3, 1, 3, 1 ], 
          [ 3, 1, 1, 1, 1, 1, 3, 1, -2, 3, 1, 1, 1, 3, 1, 3, 3 ], [ 3, 1, 3, 1, 3, 1, 1, 3, 3, -2, 3, 1, 1, 1, 3, 1, 1 ], 
          [ 3, 3, 3, 1, 1, 1, 1, 1, 1, 3, -2, 3, 1, 3, 3, 3, 1 ], [ 3, 1, 1, 3, 1, 1, 3, 3, 1, 1, 3, -2, 1, 1, 1, 3, 3 ], 
          [ 3, 1, 3, 1, 1, 1, 3, 3, 1, 1, 1, 1, -2, 3, 3, 3, 1 ], [ 1, 1, 1, 3, 3, 1, 1, 3, 3, 1, 3, 1, 3, -2, 3, 1, 1 ], 
          [ 3, 3, 1, 3, 1, 3, 3, 1, 1, 3, 3, 1, 3, 3, -2, 3, 3 ], [ 1, 3, 3, 1, 3, 3, 1, 3, 3, 1, 3, 3, 3, 1, 3, -2, 1 ], 
          [ 3, 3, 3, 1, 3, 1, 1, 1, 3, 1, 1, 3, 1, 1, 3, 1, -2 ] ] ], [ [ 0, 390 ], [ [ -2, 1, 1, 3, 3, 3, 1, 3, 3, 3, 3, 3, 1, 1, 3, 1, 3 ], 
          [ 1, -2, 1, 3, 3, 1, 3, 3, 1, 1, 3, 3, 1, 1, 1, 1, 3 ], [ 1, 1, -2, 3, 3, 1, 3, 1, 1, 3, 3, 1, 1, 1, 3, 3, 3 ], 
          [ 3, 3, 3, -2, 1, 1, 1, 1, 1, 1, 1, 1, 3, 3, 3, 1, 1 ], [ 3, 3, 3, 1, -2, 3, 3, 3, 1, 3, 1, 1, 3, 3, 1, 3, 3 ], 
          [ 3, 1, 1, 1, 3, -2, 1, 1, 1, 1, 1, 1, 3, 1, 3, 1, 1 ], [ 1, 3, 3, 1, 3, 1, -2, 1, 3, 1, 1, 3, 3, 1, 3, 1, 1 ], 
          [ 3, 3, 1, 1, 3, 1, 1, -2, 1, 3, 1, 1, 1, 3, 3, 3, 1 ], [ 3, 1, 1, 1, 1, 1, 3, 1, -2, 3, 1, 1, 1, 3, 1, 3, 3 ], 
          [ 3, 1, 3, 1, 3, 1, 1, 3, 3, -2, 3, 3, 3, 1, 1, 1, 1 ], [ 3, 3, 3, 1, 1, 1, 1, 1, 1, 3, -2, 1, 3, 3, 3, 3, 1 ], 
          [ 3, 3, 1, 1, 1, 1, 3, 1, 1, 3, 1, -2, 1, 3, 3, 3, 1 ], [ 1, 1, 1, 3, 3, 3, 3, 1, 1, 3, 3, 1, -2, 3, 1, 3, 3 ], 
          [ 1, 1, 1, 3, 3, 1, 1, 3, 3, 1, 3, 3, 3, -2, 3, 1, 3 ], [ 3, 1, 3, 3, 1, 3, 3, 3, 1, 1, 3, 3, 1, 3, -2, 3, 3 ], 
          [ 1, 1, 3, 1, 3, 1, 1, 3, 3, 1, 3, 3, 3, 1, 3, -2, 1 ], [ 3, 3, 3, 1, 3, 1, 1, 1, 3, 1, 1, 1, 3, 3, 3, 1, -2 ] ] ], 
  [ [ 0, 390 ], [ [ -2, 1, 1, 3, 3, 3, 1, 3, 3, 3, 3, 3, 1, 1, 3, 1, 3 ], [ 1, -2, 1, 3, 3, 1, 3, 3, 1, 1, 3, 3, 1, 1, 1, 1, 3 ], 
          [ 1, 1, -2, 3, 3, 1, 3, 1, 1, 3, 3, 1, 1, 1, 3, 3, 3 ], [ 3, 3, 3, -2, 1, 1, 1, 1, 1, 1, 1, 1, 3, 3, 3, 1, 1 ], 
          [ 3, 3, 3, 1, -2, 3, 3, 3, 1, 3, 1, 1, 3, 3, 1, 3, 3 ], [ 3, 1, 1, 1, 3, -2, 1, 1, 1, 1, 1, 1, 3, 1, 3, 1, 1 ], 
          [ 1, 3, 3, 1, 3, 1, -2, 1, 3, 1, 1, 3, 3, 1, 3, 1, 1 ], [ 3, 3, 1, 1, 3, 1, 1, -2, 1, 3, 1, 1, 1, 3, 3, 3, 1 ], 
          [ 3, 1, 1, 1, 1, 1, 3, 1, -2, 3, 1, 1, 1, 3, 1, 3, 3 ], [ 3, 1, 3, 1, 3, 1, 1, 3, 3, -2, 3, 3, 3, 1, 1, 1, 1 ], 
          [ 3, 3, 3, 1, 1, 1, 1, 1, 1, 3, -2, 1, 3, 3, 3, 3, 1 ], [ 3, 3, 1, 1, 1, 1, 3, 1, 1, 3, 1, -2, 1, 3, 3, 3, 1 ], 
          [ 1, 1, 1, 3, 3, 3, 3, 1, 1, 3, 3, 1, -2, 3, 1, 3, 3 ], [ 1, 1, 1, 3, 3, 1, 1, 3, 3, 1, 3, 3, 3, -2, 3, 1, 3 ], 
          [ 3, 1, 3, 3, 1, 3, 3, 3, 1, 1, 3, 3, 1, 3, -2, 3, 3 ], [ 1, 1, 3, 1, 3, 1, 1, 3, 3, 1, 3, 3, 3, 1, 3, -2, 1 ], 
          [ 3, 3, 3, 1, 3, 1, 1, 1, 3, 1, 1, 1, 3, 3, 3, 1, -2 ] ] ], 
  [ [ 0, 816 ], [ [ -2, 1, 1, 3, 3, 3, 1, 3, 3, 3, 3, 1, 3, 3, 1, 1, 1 ], [ 1, -2, 1, 3, 3, 1, 3, 3, 1, 1, 3, 1, 3, 3, 1, 1, 3 ], 
          [ 1, 1, -2, 3, 3, 1, 3, 1, 1, 3, 3, 1, 3, 1, 1, 1, 3 ], [ 3, 3, 3, -2, 1, 1, 1, 1, 1, 1, 1, 3, 1, 1, 3, 3, 3 ], 
          [ 3, 3, 3, 1, -2, 3, 3, 3, 1, 3, 1, 1, 1, 1, 3, 3, 1 ], [ 3, 1, 1, 1, 3, -2, 1, 1, 1, 1, 1, 3, 3, 1, 1, 3, 3 ], 
          [ 1, 3, 3, 1, 3, 1, -2, 1, 3, 1, 1, 3, 3, 3, 1, 3, 1 ], [ 3, 3, 1, 1, 3, 1, 1, -2, 1, 3, 1, 3, 3, 1, 1, 1, 3 ], 
          [ 3, 1, 1, 1, 1, 1, 3, 1, -2, 3, 1, 1, 3, 1, 1, 1, 3 ], [ 3, 1, 3, 1, 3, 1, 1, 3, 3, -2, 3, 3, 1, 3, 3, 3, 3 ], 
          [ 3, 3, 3, 1, 1, 1, 1, 1, 1, 3, -2, 3, 3, 1, 1, 3, 1 ], [ 1, 1, 1, 3, 1, 3, 3, 3, 1, 3, 3, -2, 1, 1, 1, 1, 3 ], 
          [ 3, 3, 3, 1, 1, 3, 3, 3, 3, 1, 3, 1, -2, 1, 3, 3, 3 ], [ 3, 3, 1, 1, 1, 1, 3, 1, 1, 3, 1, 1, 1, -2, 1, 1, 3 ], 
          [ 1, 1, 1, 3, 3, 1, 1, 1, 1, 3, 1, 1, 3, 1, -2, 1, 1 ], [ 1, 1, 1, 3, 3, 3, 3, 1, 1, 3, 3, 1, 3, 1, 1, -2, 3 ], 
          [ 1, 3, 3, 3, 1, 3, 1, 3, 3, 3, 1, 3, 3, 3, 1, 3, -2 ] ] ], [ [ 0, 382 ], [ [ -2, 1, 1, 3, 3, 3, 1, 3, 3, 3, 3, 1, 1, 1, 1, 3, 3 ], 
          [ 1, -2, 1, 3, 3, 1, 3, 3, 1, 1, 3, 3, 1, 1, 1, 3, 3 ], [ 1, 1, -2, 3, 3, 1, 3, 1, 1, 3, 3, 3, 1, 1, 1, 3, 3 ], 
          [ 3, 3, 3, -2, 1, 1, 1, 1, 1, 1, 1, 3, 3, 3, 1, 1, 1 ], [ 3, 3, 3, 1, -2, 3, 3, 3, 1, 3, 1, 1, 3, 1, 3, 1, 1 ], 
          [ 3, 1, 1, 1, 3, -2, 1, 1, 1, 1, 1, 3, 1, 3, 1, 3, 1 ], [ 1, 3, 3, 1, 3, 1, -2, 1, 3, 1, 1, 1, 1, 3, 1, 3, 1 ], 
          [ 3, 3, 1, 1, 3, 1, 1, -2, 1, 3, 1, 3, 1, 3, 1, 1, 3 ], [ 3, 1, 1, 1, 1, 1, 3, 1, -2, 3, 1, 3, 1, 1, 1, 1, 3 ], 
          [ 3, 1, 3, 1, 3, 1, 1, 3, 3, -2, 3, 3, 3, 3, 1, 3, 1 ], [ 3, 3, 3, 1, 1, 1, 1, 1, 1, 3, -2, 1, 1, 3, 3, 1, 1 ], 
          [ 1, 3, 3, 3, 1, 3, 1, 3, 3, 3, 1, -2, 1, 3, 3, 3, 1 ], [ 1, 1, 1, 3, 3, 1, 1, 1, 1, 3, 1, 1, -2, 3, 1, 3, 3 ], 
          [ 1, 1, 1, 3, 1, 3, 3, 3, 1, 3, 3, 3, 3, -2, 3, 1, 3 ], [ 1, 1, 1, 1, 3, 1, 1, 1, 1, 1, 3, 3, 1, 3, -2, 3, 3 ], 
          [ 3, 3, 3, 1, 1, 3, 3, 1, 1, 3, 1, 3, 3, 1, 3, -2, 3 ], [ 3, 3, 3, 1, 1, 1, 1, 3, 3, 1, 1, 1, 3, 3, 3, 3, -2 ] ] ], 
  [ [ 0, 399 ], [ [ -2, 1, 1, 3, 3, 3, 1, 3, 3, 3, 3, 1, 3, 3, 3, 1, 3 ], [ 1, -2, 1, 3, 3, 1, 3, 3, 1, 1, 3, 1, 1, 1, 3, 1, 3 ], 
          [ 1, 1, -2, 3, 3, 1, 3, 1, 1, 3, 3, 1, 1, 3, 3, 1, 3 ], [ 3, 3, 3, -2, 1, 1, 1, 1, 1, 1, 1, 3, 3, 3, 1, 3, 1 ], 
          [ 3, 3, 3, 1, -2, 3, 3, 3, 1, 3, 1, 3, 1, 1, 3, 3, 1 ], [ 3, 1, 1, 1, 3, -2, 1, 1, 1, 1, 1, 3, 1, 3, 1, 1, 1 ], 
          [ 1, 3, 3, 1, 3, 1, -2, 1, 3, 1, 1, 3, 3, 3, 1, 1, 1 ], [ 3, 3, 1, 1, 3, 1, 1, -2, 1, 3, 1, 1, 1, 3, 1, 1, 3 ], 
          [ 3, 1, 1, 1, 1, 1, 3, 1, -2, 3, 1, 1, 1, 3, 3, 1, 1 ], [ 3, 1, 3, 1, 3, 1, 1, 3, 3, -2, 3, 3, 3, 1, 1, 3, 1 ], 
          [ 3, 3, 3, 1, 1, 1, 1, 1, 1, 3, -2, 3, 1, 3, 1, 1, 1 ], [ 1, 1, 1, 3, 3, 3, 3, 1, 1, 3, 3, -2, 1, 3, 3, 1, 3 ], 
          [ 3, 1, 1, 3, 1, 1, 3, 1, 1, 3, 1, 1, -2, 1, 3, 1, 3 ], [ 3, 1, 3, 3, 1, 3, 3, 3, 3, 1, 3, 3, 1, -2, 3, 3, 3 ], 
          [ 3, 3, 3, 1, 3, 1, 1, 1, 3, 1, 1, 3, 3, 3, -2, 3, 1 ], [ 1, 1, 1, 3, 3, 1, 1, 1, 1, 3, 1, 1, 1, 3, 3, -2, 3 ], 
          [ 3, 3, 3, 1, 1, 1, 1, 3, 1, 1, 1, 3, 3, 3, 1, 3, -2 ] ] ], 
  [ [ 0, 454 ], [ [ -2, 1, 1, 3, 3, 3, 1, 3, 3, 3, 3, 1, 3, 3, 1, 1, 3 ], [ 1, -2, 1, 3, 3, 1, 3, 3, 1, 1, 3, 1, 1, 1, 3, 1, 1 ], 
          [ 1, 1, -2, 3, 3, 1, 3, 1, 1, 3, 3, 1, 1, 1, 3, 1, 3 ], [ 3, 3, 3, -2, 1, 1, 1, 1, 1, 1, 1, 3, 1, 1, 1, 3, 1 ], 
          [ 3, 3, 3, 1, -2, 3, 3, 3, 1, 3, 1, 3, 3, 3, 1, 3, 3 ], [ 3, 1, 1, 1, 3, -2, 1, 1, 1, 1, 1, 3, 1, 1, 3, 1, 1 ], 
          [ 1, 3, 3, 1, 3, 1, -2, 1, 3, 1, 1, 3, 3, 3, 1, 1, 1 ], [ 3, 3, 1, 1, 3, 1, 1, -2, 1, 3, 1, 1, 1, 1, 3, 1, 1 ], 
          [ 3, 1, 1, 1, 1, 1, 3, 1, -2, 3, 1, 1, 1, 1, 3, 1, 1 ], [ 3, 1, 3, 1, 3, 1, 1, 3, 3, -2, 3, 3, 1, 1, 1, 3, 1 ], 
          [ 3, 3, 3, 1, 1, 1, 1, 1, 1, 3, -2, 3, 3, 3, 3, 1, 1 ], [ 1, 1, 1, 3, 3, 3, 3, 1, 1, 3, 3, -2, 1, 1, 3, 1, 3 ], 
          [ 3, 1, 1, 1, 3, 1, 3, 1, 1, 1, 3, 1, -2, 1, 3, 3, 1 ], [ 3, 1, 1, 1, 3, 1, 3, 1, 1, 1, 3, 1, 1, -2, 3, 1, 1 ], 
          [ 1, 3, 3, 1, 1, 3, 1, 3, 3, 1, 3, 3, 3, 3, -2, 3, 3 ], [ 1, 1, 1, 3, 3, 1, 1, 1, 1, 3, 1, 1, 3, 1, 3, -2, 1 ], 
          [ 3, 1, 3, 1, 3, 1, 1, 1, 1, 1, 1, 3, 1, 1, 3, 1, -2 ] ] ], [ [ 0, 255 ], [ [ -2, 1, 1, 3, 3, 3, 1, 3, 3, 3, 3, 3, 1, 3, 3, 3, 3 ], 
          [ 1, -2, 1, 3, 3, 1, 3, 3, 1, 1, 3, 3, 3, 3, 3, 1, 3 ], [ 1, 1, -2, 3, 3, 1, 3, 1, 1, 3, 3, 3, 3, 3, 3, 3, 3 ], 
          [ 3, 3, 3, -2, 1, 1, 1, 1, 1, 1, 1, 1, 3, 1, 1, 1, 1 ], [ 3, 3, 3, 1, -2, 3, 3, 3, 1, 3, 1, 1, 1, 3, 3, 3, 1 ], 
          [ 3, 1, 1, 1, 3, -2, 1, 1, 1, 1, 1, 1, 3, 1, 1, 1, 1 ], [ 1, 3, 3, 1, 3, 1, -2, 1, 3, 1, 1, 1, 1, 1, 1, 1, 1 ], 
          [ 3, 3, 1, 1, 3, 1, 1, -2, 1, 3, 1, 1, 3, 1, 1, 1, 3 ], [ 3, 1, 1, 1, 1, 1, 3, 1, -2, 3, 1, 1, 3, 3, 3, 1, 3 ], 
          [ 3, 1, 3, 1, 3, 1, 1, 3, 3, -2, 3, 3, 3, 1, 1, 1, 1 ], [ 3, 3, 3, 1, 1, 1, 1, 1, 1, 3, -2, 1, 1, 1, 3, 1, 1 ], 
          [ 3, 3, 3, 1, 1, 1, 1, 1, 1, 3, 1, -2, 1, 1, 1, 1, 1 ], [ 1, 3, 3, 3, 1, 3, 1, 3, 3, 3, 1, 1, -2, 3, 3, 3, 1 ], 
          [ 3, 3, 3, 1, 3, 1, 1, 1, 3, 1, 1, 1, 3, -2, 1, 1, 1 ], [ 3, 3, 3, 1, 3, 1, 1, 1, 3, 1, 3, 1, 3, 1, -2, 1, 1 ], 
          [ 3, 1, 3, 1, 3, 1, 1, 1, 1, 1, 1, 1, 3, 1, 1, -2, 1 ], [ 3, 3, 3, 1, 1, 1, 1, 3, 3, 1, 1, 1, 1, 1, 1, 1, -2 ] ] ], 
  [ [ 0, 306 ], [ [ -2, 1, 1, 3, 3, 3, 1, 3, 3, 3, 3, 3, 3, 3, 3, 3, 3 ], [ 1, -2, 1, 3, 3, 1, 3, 3, 1, 1, 3, 3, 1, 3, 3, 3, 3 ], 
          [ 1, 1, -2, 3, 3, 1, 3, 1, 1, 3, 3, 3, 3, 3, 3, 3, 1 ], [ 3, 3, 3, -2, 1, 1, 1, 1, 1, 1, 1, 1, 1, 1, 1, 1, 1 ], 
          [ 3, 3, 3, 1, -2, 3, 3, 3, 1, 3, 1, 1, 3, 3, 3, 1, 1 ], [ 3, 1, 1, 1, 3, -2, 1, 1, 1, 1, 1, 1, 1, 1, 1, 3, 1 ], 
          [ 1, 3, 3, 1, 3, 1, -2, 1, 3, 1, 1, 1, 1, 1, 1, 3, 3 ], [ 3, 3, 1, 1, 3, 1, 1, -2, 1, 3, 1, 1, 1, 1, 1, 3, 1 ], 
          [ 3, 1, 1, 1, 1, 1, 3, 1, -2, 3, 1, 1, 1, 3, 3, 3, 1 ], [ 3, 1, 3, 1, 3, 1, 1, 3, 3, -2, 3, 3, 1, 1, 1, 1, 3 ], 
          [ 3, 3, 3, 1, 1, 1, 1, 1, 1, 3, -2, 1, 1, 1, 1, 3, 1 ], [ 3, 3, 3, 1, 1, 1, 1, 1, 1, 3, 1, -2, 1, 1, 3, 3, 1 ], 
          [ 3, 1, 3, 1, 3, 1, 1, 1, 1, 1, 1, 1, -2, 1, 1, 3, 3 ], [ 3, 3, 3, 1, 3, 1, 1, 1, 3, 1, 1, 1, 1, -2, 1, 3, 1 ], 
          [ 3, 3, 3, 1, 3, 1, 1, 1, 3, 1, 1, 3, 1, 1, -2, 1, 3 ], [ 3, 3, 3, 1, 1, 3, 3, 3, 3, 1, 3, 3, 3, 3, 1, -2, 3 ], 
          [ 3, 3, 1, 1, 1, 1, 3, 1, 1, 3, 1, 1, 3, 1, 3, 3, -2 ] ] ], 
  [ [ 0, 721 ], [ [ -2, 1, 1, 3, 3, 3, 1, 3, 3, 3, 3, 3, 1, 3, 1, 3, 3 ], [ 1, -2, 1, 3, 3, 1, 3, 3, 1, 1, 3, 1, 3, 3, 1, 3, 1 ], 
          [ 1, 1, -2, 3, 3, 1, 3, 1, 1, 3, 3, 3, 1, 3, 1, 3, 1 ], [ 3, 3, 3, -2, 1, 1, 1, 1, 1, 1, 1, 1, 3, 1, 1, 3, 1 ], 
          [ 3, 3, 3, 1, -2, 3, 3, 3, 1, 3, 1, 1, 3, 1, 3, 1, 3 ], [ 3, 1, 1, 1, 3, -2, 1, 1, 1, 1, 3, 1, 3, 3, 1, 3, 1 ], 
          [ 1, 3, 3, 1, 3, 1, -2, 1, 3, 1, 3, 3, 3, 3, 1, 3, 3 ], [ 3, 3, 1, 1, 3, 1, 1, -2, 1, 3, 1, 3, 3, 3, 1, 3, 1 ], 
          [ 3, 1, 1, 1, 1, 1, 3, 1, -2, 3, 1, 1, 3, 3, 1, 1, 1 ], [ 3, 1, 3, 1, 3, 1, 1, 3, 3, -2, 3, 1, 3, 1, 1, 3, 1 ], 
          [ 3, 3, 3, 1, 1, 3, 3, 1, 1, 3, -2, 1, 3, 1, 3, 1, 1 ], [ 3, 1, 3, 1, 1, 1, 3, 3, 1, 1, 1, -2, 3, 1, 1, 1, 1 ], 
          [ 1, 3, 1, 3, 3, 3, 3, 3, 3, 3, 3, 3, -2, 1, 3, 1, 3 ], [ 3, 3, 3, 1, 1, 3, 3, 3, 3, 1, 1, 1, 1, -2, 3, 1, 3 ], 
          [ 1, 1, 1, 1, 3, 1, 1, 1, 1, 1, 3, 1, 3, 3, -2, 3, 1 ], [ 3, 3, 3, 3, 1, 3, 3, 3, 1, 3, 1, 1, 1, 1, 3, -2, 3 ], 
          [ 3, 1, 1, 1, 3, 1, 3, 1, 1, 1, 1, 1, 3, 3, 1, 3, -2 ] ] ], [ [ 0, 551 ], [ [ -2, 1, 1, 3, 3, 3, 1, 3, 3, 3, 3, 1, 1, 3, 1, 1, 3 ], 
          [ 1, -2, 1, 3, 3, 1, 3, 3, 1, 1, 3, 1, 1, 3, 1, 1, 1 ], [ 1, 1, -2, 3, 3, 1, 3, 1, 1, 3, 3, 1, 3, 3, 1, 1, 3 ], 
          [ 3, 3, 3, -2, 1, 1, 1, 1, 1, 1, 1, 1, 3, 1, 3, 3, 1 ], [ 3, 3, 3, 1, -2, 3, 3, 3, 1, 3, 1, 3, 3, 1, 3, 3, 3 ], 
          [ 3, 1, 1, 1, 3, -2, 1, 1, 1, 1, 3, 1, 3, 3, 1, 3, 1 ], [ 1, 3, 3, 1, 3, 1, -2, 1, 3, 1, 3, 1, 1, 3, 1, 3, 1 ], 
          [ 3, 3, 1, 1, 3, 1, 1, -2, 1, 3, 1, 1, 3, 3, 3, 3, 1 ], [ 3, 1, 1, 1, 1, 1, 3, 1, -2, 3, 1, 3, 3, 3, 3, 3, 1 ], 
          [ 3, 1, 3, 1, 3, 1, 1, 3, 3, -2, 3, 1, 1, 1, 1, 1, 1 ], [ 3, 3, 3, 1, 1, 3, 3, 1, 1, 3, -2, 3, 3, 1, 3, 3, 3 ], 
          [ 1, 1, 1, 1, 3, 1, 1, 1, 3, 1, 3, -2, 1, 3, 1, 1, 1 ], [ 1, 1, 3, 3, 3, 3, 1, 3, 3, 1, 3, 1, -2, 3, 1, 1, 1 ], 
          [ 3, 3, 3, 1, 1, 3, 3, 3, 3, 1, 1, 3, 3, -2, 3, 1, 3 ], [ 1, 1, 1, 3, 3, 1, 1, 3, 3, 1, 3, 1, 1, 3, -2, 1, 3 ], 
          [ 1, 1, 1, 3, 3, 3, 3, 3, 3, 1, 3, 1, 1, 1, 1, -2, 3 ], [ 3, 1, 3, 1, 3, 1, 1, 1, 1, 1, 3, 1, 1, 3, 3, 3, -2 ] ] ], 
  [ [ 0, 1019 ], [ [ -2, 1, 1, 3, 3, 3, 1, 3, 3, 3, 3, 3, 3, 3, 3, 1, 1 ], [ 1, -2, 1, 3, 3, 1, 3, 3, 1, 1, 3, 1, 3, 3, 3, 1, 1 ], 
          [ 1, 1, -2, 3, 3, 1, 3, 1, 1, 3, 3, 1, 3, 3, 3, 1, 1 ], [ 3, 3, 3, -2, 1, 1, 1, 1, 1, 1, 1, 1, 1, 1, 1, 1, 3 ], 
          [ 3, 3, 3, 1, -2, 3, 3, 3, 1, 3, 1, 3, 3, 1, 1, 3, 1 ], [ 3, 1, 1, 1, 3, -2, 1, 1, 1, 1, 3, 1, 1, 3, 3, 1, 3 ], 
          [ 1, 3, 3, 1, 3, 1, -2, 1, 3, 1, 3, 3, 1, 3, 1, 1, 3 ], [ 3, 3, 1, 1, 3, 1, 1, -2, 1, 3, 1, 1, 1, 3, 1, 1, 3 ], 
          [ 3, 1, 1, 1, 1, 1, 3, 1, -2, 3, 1, 1, 3, 3, 3, 3, 1 ], [ 3, 1, 3, 1, 3, 1, 1, 3, 3, -2, 3, 1, 1, 1, 1, 1, 3 ], 
          [ 3, 3, 3, 1, 1, 3, 3, 1, 1, 3, -2, 3, 1, 1, 1, 3, 3 ], [ 3, 1, 1, 1, 3, 1, 3, 1, 1, 1, 3, -2, 1, 3, 3, 1, 1 ], 
          [ 3, 3, 3, 1, 3, 1, 1, 1, 3, 1, 1, 1, -2, 3, 1, 1, 3 ], [ 3, 3, 3, 1, 1, 3, 3, 3, 3, 1, 1, 3, 3, -2, 1, 3, 3 ], 
          [ 3, 3, 3, 1, 1, 3, 1, 1, 3, 1, 1, 3, 1, 1, -2, 1, 3 ], [ 1, 1, 1, 1, 3, 1, 1, 1, 3, 1, 3, 1, 1, 3, 1, -2, 3 ], 
          [ 1, 1, 1, 3, 1, 3, 3, 3, 1, 3, 3, 1, 3, 3, 3, 3, -2 ] ] ], 
  [ [ 0, 890 ], [ [ -2, 1, 1, 3, 3, 3, 1, 3, 3, 3, 3, 3, 1, 3, 1, 3, 3 ], [ 1, -2, 1, 3, 3, 1, 3, 3, 1, 1, 3, 3, 1, 1, 3, 3, 1 ], 
          [ 1, 1, -2, 3, 3, 1, 3, 1, 1, 3, 3, 1, 1, 1, 3, 3, 3 ], [ 3, 3, 3, -2, 1, 1, 1, 1, 1, 1, 1, 1, 3, 1, 1, 1, 1 ], 
          [ 3, 3, 3, 1, -2, 3, 3, 3, 1, 3, 1, 1, 1, 3, 3, 1, 3 ], [ 3, 1, 1, 1, 3, -2, 1, 1, 1, 1, 3, 1, 3, 1, 3, 3, 1 ], 
          [ 1, 3, 3, 1, 3, 1, -2, 1, 3, 1, 3, 3, 3, 3, 1, 3, 1 ], [ 3, 3, 1, 1, 3, 1, 1, -2, 1, 3, 1, 1, 3, 1, 1, 1, 1 ], 
          [ 3, 1, 1, 1, 1, 1, 3, 1, -2, 3, 1, 1, 1, 1, 3, 1, 1 ], [ 3, 1, 3, 1, 3, 1, 1, 3, 3, -2, 3, 3, 3, 1, 3, 3, 1 ], 
          [ 3, 3, 3, 1, 1, 3, 3, 1, 1, 3, -2, 1, 1, 3, 1, 1, 3 ], [ 3, 3, 1, 1, 1, 1, 3, 1, 1, 3, 1, -2, 1, 1, 3, 1, 3 ], 
          [ 1, 1, 1, 3, 1, 3, 3, 3, 1, 3, 1, 1, -2, 3, 3, 3, 3 ], [ 3, 1, 1, 1, 3, 1, 3, 1, 1, 1, 3, 1, 3, -2, 3, 1, 1 ], 
          [ 1, 3, 3, 1, 3, 3, 1, 1, 3, 3, 1, 3, 3, 3, -2, 1, 1 ], [ 3, 3, 3, 1, 1, 3, 3, 1, 1, 3, 1, 1, 3, 1, 1, -2, 1 ], 
          [ 3, 1, 3, 1, 3, 1, 1, 1, 1, 1, 3, 3, 3, 1, 1, 1, -2 ] ] ], [ [ 0, 540 ], [ [ -2, 1, 1, 3, 3, 3, 1, 3, 3, 3, 3, 3, 1, 3, 3, 3, 3 ], 
          [ 1, -2, 1, 3, 3, 1, 3, 3, 1, 1, 3, 3, 1, 1, 1, 1, 1 ], [ 1, 1, -2, 3, 3, 1, 3, 1, 1, 3, 3, 1, 1, 1, 1, 1, 1 ], 
          [ 3, 3, 3, -2, 1, 1, 1, 1, 1, 1, 1, 1, 3, 1, 1, 3, 1 ], [ 3, 3, 3, 1, -2, 3, 3, 3, 1, 3, 1, 1, 3, 3, 3, 3, 1 ], 
          [ 3, 1, 1, 1, 3, -2, 1, 1, 1, 1, 3, 1, 1, 1, 1, 1, 1 ], [ 1, 3, 3, 1, 3, 1, -2, 1, 3, 1, 3, 3, 1, 3, 3, 3, 3 ], 
          [ 3, 3, 1, 1, 3, 1, 1, -2, 1, 3, 1, 1, 1, 1, 1, 3, 3 ], [ 3, 1, 1, 1, 1, 1, 3, 1, -2, 3, 1, 1, 1, 1, 1, 1, 1 ], 
          [ 3, 1, 3, 1, 3, 1, 1, 3, 3, -2, 3, 3, 3, 1, 1, 1, 1 ], [ 3, 3, 3, 1, 1, 3, 3, 1, 1, 3, -2, 1, 3, 1, 3, 3, 3 ], 
          [ 3, 3, 1, 1, 1, 1, 3, 1, 1, 3, 1, -2, 3, 1, 1, 3, 1 ], [ 1, 1, 1, 3, 3, 1, 1, 1, 1, 3, 3, 3, -2, 3, 1, 1, 3 ], 
          [ 3, 1, 1, 1, 3, 1, 3, 1, 1, 1, 1, 1, 3, -2, 1, 1, 1 ], [ 3, 1, 1, 1, 3, 1, 3, 1, 1, 1, 3, 1, 1, 1, -2, 1, 1 ], 
          [ 3, 1, 1, 3, 3, 1, 3, 3, 1, 1, 3, 3, 1, 1, 1, -2, 1 ], [ 3, 1, 1, 1, 1, 1, 3, 3, 1, 1, 3, 1, 3, 1, 1, 1, -2 ] ] ], 
  [ [ 0, 297 ], [ [ -2, 1, 1, 3, 3, 3, 1, 3, 3, 3, 3, 1, 1, 3, 3, 3, 1 ], [ 1, -2, 1, 3, 3, 1, 3, 3, 1, 1, 3, 1, 1, 3, 1, 3, 1 ], 
          [ 1, 1, -2, 3, 3, 1, 3, 1, 1, 3, 3, 1, 3, 3, 3, 3, 3 ], [ 3, 3, 3, -2, 1, 1, 1, 1, 1, 1, 1, 3, 1, 1, 1, 1, 3 ], 
          [ 3, 3, 3, 1, -2, 3, 3, 3, 1, 3, 1, 3, 3, 3, 1, 3, 3 ], [ 3, 1, 1, 1, 3, -2, 1, 1, 1, 1, 3, 3, 1, 1, 1, 1, 3 ], 
          [ 1, 3, 3, 1, 3, 1, -2, 1, 3, 1, 3, 3, 1, 1, 3, 1, 1 ], [ 3, 3, 1, 1, 3, 1, 1, -2, 1, 3, 1, 3, 3, 1, 3, 1, 3 ], 
          [ 3, 1, 1, 1, 1, 1, 3, 1, -2, 3, 1, 3, 3, 3, 1, 3, 3 ], [ 3, 1, 3, 1, 3, 1, 1, 3, 3, -2, 3, 1, 1, 1, 1, 1, 1 ], 
          [ 3, 3, 3, 1, 1, 3, 3, 1, 1, 3, -2, 3, 3, 1, 1, 1, 3 ], [ 1, 1, 1, 3, 3, 3, 3, 3, 3, 1, 3, -2, 3, 3, 3, 3, 1 ], 
          [ 1, 1, 3, 1, 3, 1, 1, 3, 3, 1, 3, 3, -2, 1, 1, 1, 1 ], [ 3, 3, 3, 1, 3, 1, 1, 1, 3, 1, 1, 3, 1, -2, 1, 1, 1 ], 
          [ 3, 1, 3, 1, 1, 1, 3, 3, 1, 1, 1, 3, 1, 1, -2, 1, 3 ], [ 3, 3, 3, 1, 3, 1, 1, 1, 3, 1, 1, 3, 1, 1, 1, -2, 3 ], 
          [ 1, 1, 3, 3, 3, 3, 1, 3, 3, 1, 3, 1, 1, 1, 3, 3, -2 ] ] ], 
  [ [ 0, 596 ], [ [ -2, 1, 1, 3, 3, 3, 1, 3, 3, 3, 3, 3, 3, 1, 3, 3, 1 ], [ 1, -2, 1, 3, 3, 1, 3, 3, 1, 1, 3, 1, 3, 1, 1, 3, 1 ], 
          [ 1, 1, -2, 3, 3, 1, 3, 1, 1, 3, 3, 1, 1, 1, 1, 1, 3 ], [ 3, 3, 3, -2, 1, 1, 1, 1, 1, 1, 1, 1, 1, 3, 3, 3, 3 ], 
          [ 3, 3, 3, 1, -2, 3, 3, 3, 1, 3, 1, 3, 1, 1, 1, 1, 3 ], [ 3, 1, 1, 1, 3, -2, 1, 1, 1, 1, 3, 1, 1, 3, 1, 3, 3 ], 
          [ 1, 3, 3, 1, 3, 1, -2, 1, 3, 1, 3, 3, 3, 3, 3, 3, 1 ], [ 3, 3, 1, 1, 3, 1, 1, -2, 1, 3, 1, 1, 1, 3, 3, 1, 3 ], 
          [ 3, 1, 1, 1, 1, 1, 3, 1, -2, 3, 1, 1, 1, 1, 1, 1, 3 ], [ 3, 1, 3, 1, 3, 1, 1, 3, 3, -2, 3, 1, 3, 3, 1, 3, 1 ], 
          [ 3, 3, 3, 1, 1, 3, 3, 1, 1, 3, -2, 1, 1, 3, 3, 1, 3 ], [ 3, 1, 1, 1, 3, 1, 3, 1, 1, 1, 1, -2, 1, 3, 1, 3, 3 ], 
          [ 3, 3, 1, 1, 1, 1, 3, 1, 1, 3, 1, 1, -2, 1, 1, 1, 3 ], [ 1, 1, 1, 3, 1, 3, 3, 3, 1, 3, 3, 3, 1, -2, 1, 1, 1 ], 
          [ 3, 1, 1, 3, 1, 1, 3, 3, 1, 1, 3, 1, 1, 1, -2, 1, 3 ], [ 3, 3, 1, 3, 1, 3, 3, 1, 1, 3, 1, 3, 1, 1, 1, -2, 3 ], 
          [ 1, 1, 3, 3, 3, 3, 1, 3, 3, 1, 3, 3, 3, 1, 3, 3, -2 ] ] ], [ [ 0, 270 ], [ [ -2, 1, 1, 3, 3, 3, 1, 3, 3, 3, 3, 3, 1, 3, 3, 1, 3 ], 
          [ 1, -2, 1, 3, 3, 1, 3, 3, 1, 1, 3, 3, 1, 1, 3, 1, 3 ], [ 1, 1, -2, 3, 3, 1, 3, 1, 1, 3, 3, 3, 1, 3, 1, 3, 3 ], 
          [ 3, 3, 3, -2, 1, 1, 1, 1, 1, 1, 1, 1, 3, 1, 3, 3, 1 ], [ 3, 3, 3, 1, -2, 3, 3, 3, 1, 3, 1, 1, 1, 1, 1, 3, 1 ], 
          [ 3, 1, 1, 1, 3, -2, 1, 1, 1, 1, 3, 3, 3, 1, 3, 3, 1 ], [ 1, 3, 3, 1, 3, 1, -2, 1, 3, 1, 3, 3, 3, 3, 3, 1, 1 ], 
          [ 3, 3, 1, 1, 3, 1, 1, -2, 1, 3, 1, 3, 3, 3, 1, 3, 3 ], [ 3, 1, 1, 1, 1, 1, 3, 1, -2, 3, 1, 3, 1, 1, 1, 3, 3 ], 
          [ 3, 1, 3, 1, 3, 1, 1, 3, 3, -2, 3, 1, 3, 1, 3, 1, 1 ], [ 3, 3, 3, 1, 1, 3, 3, 1, 1, 3, -2, 1, 3, 1, 1, 3, 3 ], 
          [ 3, 3, 3, 1, 1, 3, 3, 3, 3, 1, 1, -2, 3, 1, 1, 3, 1 ], [ 1, 1, 1, 3, 1, 3, 3, 3, 1, 3, 3, 3, -2, 3, 1, 1, 3 ], 
          [ 3, 1, 3, 1, 1, 1, 3, 3, 1, 1, 1, 1, 3, -2, 3, 3, 1 ], [ 3, 3, 1, 3, 1, 3, 3, 1, 1, 3, 1, 1, 1, 3, -2, 3, 3 ], 
          [ 1, 1, 3, 3, 3, 3, 1, 3, 3, 1, 3, 3, 1, 3, 3, -2, 3 ], [ 3, 3, 3, 1, 1, 1, 1, 3, 3, 1, 3, 1, 3, 1, 3, 3, -2 ] ] ], 
  [ [ 0, 509 ], [ [ -2, 1, 1, 3, 3, 3, 1, 3, 3, 3, 3, 3, 1, 1, 1, 3, 3 ], [ 1, -2, 1, 3, 3, 1, 3, 3, 1, 1, 3, 3, 1, 1, 1, 1, 3 ], 
          [ 1, 1, -2, 3, 3, 1, 3, 1, 1, 3, 3, 3, 3, 1, 1, 1, 3 ], [ 3, 3, 3, -2, 1, 1, 1, 1, 1, 1, 1, 1, 3, 3, 3, 1, 3 ], 
          [ 3, 3, 3, 1, -2, 3, 3, 3, 1, 3, 1, 1, 3, 3, 1, 3, 1 ], [ 3, 1, 1, 1, 3, -2, 1, 1, 1, 1, 1, 3, 3, 1, 3, 1, 3 ], 
          [ 1, 3, 3, 1, 3, 1, -2, 1, 3, 1, 1, 3, 1, 1, 3, 3, 3 ], [ 3, 3, 1, 1, 3, 1, 1, -2, 1, 3, 1, 3, 3, 1, 3, 1, 3 ], 
          [ 3, 1, 1, 1, 1, 1, 3, 1, -2, 3, 1, 3, 3, 1, 1, 1, 1 ], [ 3, 1, 3, 1, 3, 1, 1, 3, 3, -2, 3, 1, 1, 3, 3, 1, 3 ], 
          [ 3, 3, 3, 1, 1, 1, 1, 1, 1, 3, -2, 3, 3, 1, 3, 3, 1 ], [ 3, 3, 3, 1, 1, 3, 3, 3, 3, 1, 3, -2, 3, 3, 3, 1, 3 ], 
          [ 1, 1, 3, 3, 3, 3, 1, 3, 3, 1, 3, 3, -2, 3, 1, 3, 1 ], [ 1, 1, 1, 3, 3, 1, 1, 1, 1, 3, 1, 3, 3, -2, 3, 1, 3 ], 
          [ 1, 1, 1, 3, 1, 3, 3, 3, 1, 3, 3, 3, 1, 3, -2, 3, 1 ], [ 3, 1, 1, 1, 3, 1, 3, 1, 1, 1, 3, 1, 3, 1, 3, -2, 3 ], 
          [ 3, 3, 3, 3, 1, 3, 3, 3, 1, 3, 1, 3, 1, 3, 1, 3, -2 ] ] ], 
  [ [ 0, 541 ], [ [ -2, 1, 1, 3, 3, 3, 1, 3, 3, 3, 3, 1, 3, 1, 3, 1, 1 ], [ 1, -2, 1, 3, 3, 1, 3, 3, 1, 1, 1, 1, 3, 1, 3, 1, 3 ], 
          [ 1, 1, -2, 3, 3, 1, 3, 1, 1, 3, 1, 1, 1, 1, 1, 3, 1 ], [ 3, 3, 3, -2, 1, 1, 1, 1, 1, 1, 1, 3, 1, 3, 3, 3, 3 ], 
          [ 3, 3, 3, 1, -2, 3, 3, 3, 1, 3, 3, 1, 3, 3, 1, 3, 1 ], [ 3, 1, 1, 1, 3, -2, 1, 1, 1, 1, 1, 3, 1, 1, 3, 3, 3 ], 
          [ 1, 3, 3, 1, 3, 1, -2, 1, 3, 1, 3, 3, 1, 1, 3, 1, 3 ], [ 3, 3, 1, 1, 3, 1, 1, -2, 1, 3, 1, 3, 1, 1, 1, 3, 3 ], 
          [ 3, 1, 1, 1, 1, 1, 3, 1, -2, 3, 1, 1, 1, 1, 1, 3, 3 ], [ 3, 1, 3, 1, 3, 1, 1, 3, 3, -2, 1, 3, 1, 3, 3, 1, 3 ], 
          [ 3, 1, 1, 1, 3, 1, 3, 1, 1, 1, -2, 3, 1, 3, 1, 3, 3 ], [ 1, 1, 1, 3, 1, 3, 3, 3, 1, 3, 3, -2, 3, 1, 1, 1, 1 ], 
          [ 3, 3, 1, 1, 3, 1, 1, 1, 1, 1, 1, 3, -2, 3, 1, 3, 3 ], [ 1, 1, 1, 3, 3, 1, 1, 1, 1, 3, 3, 1, 3, -2, 3, 1, 3 ], 
          [ 3, 3, 1, 3, 1, 3, 3, 1, 1, 3, 1, 1, 1, 3, -2, 3, 1 ], [ 1, 1, 3, 3, 3, 3, 1, 3, 3, 1, 3, 1, 3, 1, 3, -2, 3 ], 
          [ 1, 3, 1, 3, 1, 3, 3, 3, 3, 3, 3, 1, 3, 3, 1, 3, -2 ] ] ], [ [ 0, 362 ], [ [ -2, 1, 1, 3, 3, 3, 1, 3, 3, 3, 3, 1, 3, 3, 3, 1, 1 ], 
          [ 1, -2, 1, 3, 3, 1, 3, 3, 1, 1, 1, 1, 1, 3, 3, 1, 1 ], [ 1, 1, -2, 3, 3, 1, 3, 1, 1, 3, 1, 1, 1, 3, 3, 1, 3 ], 
          [ 3, 3, 3, -2, 1, 1, 1, 1, 1, 1, 1, 3, 1, 1, 1, 3, 3 ], [ 3, 3, 3, 1, -2, 3, 3, 3, 1, 3, 3, 1, 1, 1, 1, 1, 1 ], 
          [ 3, 1, 1, 1, 3, -2, 1, 1, 1, 1, 1, 3, 1, 1, 3, 3, 3 ], [ 1, 3, 3, 1, 3, 1, -2, 1, 3, 1, 3, 3, 3, 1, 3, 3, 3 ], 
          [ 3, 3, 1, 1, 3, 1, 1, -2, 1, 3, 1, 3, 3, 3, 1, 3, 3 ], [ 3, 1, 1, 1, 1, 1, 3, 1, -2, 3, 1, 1, 1, 3, 1, 1, 3 ], 
          [ 3, 1, 3, 1, 3, 1, 1, 3, 3, -2, 1, 3, 1, 1, 3, 3, 3 ], [ 3, 1, 1, 1, 3, 1, 3, 1, 1, 1, -2, 3, 1, 3, 1, 1, 3 ], 
          [ 1, 1, 1, 3, 1, 3, 3, 3, 1, 3, 3, -2, 1, 3, 3, 1, 1 ], [ 3, 1, 1, 1, 1, 1, 3, 3, 1, 1, 1, 1, -2, 1, 3, 1, 3 ], 
          [ 3, 3, 3, 1, 1, 1, 1, 3, 3, 1, 3, 3, 1, -2, 3, 3, 3 ], [ 3, 3, 3, 1, 1, 3, 3, 1, 1, 3, 1, 3, 3, 3, -2, 1, 1 ], 
          [ 1, 1, 1, 3, 1, 3, 3, 3, 1, 3, 1, 1, 1, 3, 1, -2, 1 ], [ 1, 1, 3, 3, 1, 3, 3, 3, 3, 3, 3, 1, 3, 3, 1, 1, -2 ] ] ], 
  [ [ 0, 586 ], [ [ -2, 1, 1, 3, 3, 3, 1, 3, 3, 3, 3, 1, 1, 1, 3, 1, 1 ], [ 1, -2, 1, 3, 3, 1, 3, 3, 1, 1, 1, 3, 1, 3, 3, 1, 3 ], 
          [ 1, 1, -2, 3, 3, 1, 3, 1, 1, 3, 1, 1, 3, 3, 3, 1, 3 ], [ 3, 3, 3, -2, 1, 1, 1, 1, 1, 1, 1, 3, 3, 3, 1, 1, 1 ], 
          [ 3, 3, 3, 1, -2, 3, 3, 3, 1, 3, 3, 1, 3, 1, 1, 3, 1 ], [ 3, 1, 1, 1, 3, -2, 1, 1, 1, 1, 1, 3, 3, 3, 3, 1, 3 ], 
          [ 1, 3, 3, 1, 3, 1, -2, 1, 3, 1, 3, 3, 1, 1, 3, 1, 1 ], [ 3, 3, 1, 1, 3, 1, 1, -2, 1, 3, 1, 3, 3, 3, 3, 1, 3 ], 
          [ 3, 1, 1, 1, 1, 1, 3, 1, -2, 3, 1, 3, 3, 3, 3, 3, 3 ], [ 3, 1, 3, 1, 3, 1, 1, 3, 3, -2, 1, 3, 1, 3, 1, 1, 1 ], 
          [ 3, 1, 1, 1, 3, 1, 3, 1, 1, 1, -2, 3, 3, 3, 3, 1, 3 ], [ 1, 3, 1, 3, 1, 3, 3, 3, 3, 3, 3, -2, 3, 1, 1, 3, 1 ], 
          [ 1, 1, 3, 3, 3, 3, 1, 3, 3, 1, 3, 3, -2, 1, 3, 1, 1 ], [ 1, 3, 3, 3, 1, 3, 1, 3, 3, 3, 3, 1, 1, -2, 3, 3, 1 ], 
          [ 3, 3, 3, 1, 1, 3, 3, 3, 3, 1, 3, 1, 3, 3, -2, 3, 1 ], [ 1, 1, 1, 1, 3, 1, 1, 1, 3, 1, 1, 3, 1, 3, 3, -2, 1 ], 
          [ 1, 3, 3, 1, 1, 3, 1, 3, 3, 1, 3, 1, 1, 1, 1, 1, -2 ] ] ], 
  [ [ 0, 626 ], [ [ -2, 1, 1, 3, 3, 3, 1, 3, 3, 3, 3, 3, 3, 3, 3, 3, 1 ], [ 1, -2, 1, 3, 3, 1, 3, 3, 1, 1, 1, 3, 3, 1, 1, 1, 1 ], 
          [ 1, 1, -2, 3, 3, 1, 3, 1, 1, 3, 1, 3, 3, 1, 3, 3, 1 ], [ 3, 3, 3, -2, 1, 1, 1, 1, 1, 1, 1, 1, 1, 1, 1, 1, 3 ], 
          [ 3, 3, 3, 1, -2, 3, 3, 3, 1, 3, 3, 1, 1, 3, 1, 1, 3 ], [ 3, 1, 1, 1, 3, -2, 1, 1, 1, 1, 1, 3, 3, 1, 3, 1, 1 ], 
          [ 1, 3, 3, 1, 3, 1, -2, 1, 3, 1, 3, 3, 1, 3, 3, 3, 1 ], [ 3, 3, 1, 1, 3, 1, 1, -2, 1, 3, 1, 3, 1, 1, 3, 3, 1 ], 
          [ 3, 1, 1, 1, 1, 1, 3, 1, -2, 3, 1, 3, 3, 1, 1, 1, 1 ], [ 3, 1, 3, 1, 3, 1, 1, 3, 3, -2, 1, 1, 1, 1, 1, 1, 3 ], 
          [ 3, 1, 1, 1, 3, 1, 3, 1, 1, 1, -2, 1, 1, 1, 1, 1, 3 ], [ 3, 3, 3, 1, 1, 3, 3, 3, 3, 1, 1, -2, 1, 1, 1, 1, 3 ], 
          [ 3, 3, 3, 1, 1, 3, 1, 1, 3, 1, 1, 1, -2, 3, 1, 3, 3 ], [ 3, 1, 1, 1, 3, 1, 3, 1, 1, 1, 1, 1, 3, -2, 1, 1, 1 ], 
          [ 3, 1, 3, 1, 1, 3, 3, 3, 1, 1, 1, 1, 1, 1, -2, 1, 3 ], [ 3, 1, 3, 1, 1, 1, 3, 3, 1, 1, 1, 1, 3, 1, 1, -2, 3 ], 
          [ 1, 1, 1, 3, 3, 1, 1, 1, 1, 3, 3, 3, 3, 1, 3, 3, -2 ] ] ], [ [ 0, 554 ], [ [ -2, 1, 1, 3, 3, 3, 1, 3, 3, 3, 3, 1, 3, 1, 3, 3, 3 ], 
          [ 1, -2, 1, 3, 3, 1, 3, 3, 1, 1, 1, 1, 1, 1, 1, 3, 3 ], [ 1, 1, -2, 3, 3, 1, 3, 1, 1, 3, 1, 1, 3, 1, 3, 3, 3 ], 
          [ 3, 3, 3, -2, 1, 1, 1, 1, 1, 1, 1, 3, 1, 1, 1, 1, 3 ], [ 3, 3, 3, 1, -2, 3, 3, 3, 1, 3, 3, 3, 1, 3, 1, 1, 1 ], 
          [ 3, 1, 1, 1, 3, -2, 1, 1, 1, 1, 1, 1, 1, 1, 1, 1, 3 ], [ 1, 3, 3, 1, 3, 1, -2, 1, 3, 1, 3, 1, 1, 1, 3, 1, 3 ], 
          [ 3, 3, 1, 1, 3, 1, 1, -2, 1, 3, 1, 1, 1, 1, 3, 1, 3 ], [ 3, 1, 1, 1, 1, 1, 3, 1, -2, 3, 1, 1, 1, 1, 1, 1, 1 ], 
          [ 3, 1, 3, 1, 3, 1, 1, 3, 3, -2, 1, 3, 1, 1, 1, 3, 3 ], [ 3, 1, 1, 1, 3, 1, 3, 1, 1, 1, -2, 3, 1, 1, 1, 3, 3 ], 
          [ 1, 1, 1, 3, 3, 1, 1, 1, 1, 3, 3, -2, 1, 1, 3, 1, 3 ], [ 3, 1, 3, 1, 1, 1, 1, 1, 1, 1, 1, 1, -2, 1, 1, 1, 3 ], 
          [ 1, 1, 1, 1, 3, 1, 1, 1, 1, 1, 1, 1, 1, -2, 1, 3, 3 ], [ 3, 1, 3, 1, 1, 1, 3, 3, 1, 1, 1, 3, 1, 1, -2, 1, 1 ], 
          [ 3, 3, 3, 1, 1, 1, 1, 1, 1, 3, 3, 1, 1, 3, 1, -2, 1 ], [ 3, 3, 3, 3, 1, 3, 3, 3, 1, 3, 3, 3, 3, 3, 1, 1, -2 ] ] ], 
  [ [ 0, 750 ], [ [ -2, 1, 1, 3, 3, 3, 1, 3, 3, 3, 3, 3, 3, 3, 1, 3, 1 ], [ 1, -2, 1, 3, 3, 1, 3, 3, 1, 1, 1, 1, 3, 1, 3, 3, 1 ], 
          [ 1, 1, -2, 3, 3, 1, 3, 1, 1, 3, 1, 1, 3, 1, 3, 1, 1 ], [ 3, 3, 3, -2, 1, 1, 1, 1, 1, 1, 1, 3, 1, 1, 1, 1, 3 ], 
          [ 3, 3, 3, 1, -2, 3, 3, 3, 1, 3, 3, 3, 3, 1, 1, 1, 3 ], [ 3, 1, 1, 1, 3, -2, 1, 1, 1, 1, 1, 1, 1, 1, 3, 1, 1 ], 
          [ 1, 3, 3, 1, 3, 1, -2, 1, 3, 1, 3, 3, 1, 3, 1, 3, 1 ], [ 3, 3, 1, 1, 3, 1, 1, -2, 1, 3, 1, 3, 1, 3, 3, 1, 3 ], 
          [ 3, 1, 1, 1, 1, 1, 3, 1, -2, 3, 1, 1, 3, 1, 3, 1, 3 ], [ 3, 1, 3, 1, 3, 1, 1, 3, 3, -2, 1, 1, 1, 1, 1, 3, 1 ], 
          [ 3, 1, 1, 1, 3, 1, 3, 1, 1, 1, -2, 1, 1, 1, 3, 1, 3 ], [ 3, 1, 1, 3, 3, 1, 3, 3, 1, 1, 1, -2, 1, 1, 3, 3, 1 ], 
          [ 3, 3, 3, 1, 3, 1, 1, 1, 3, 1, 1, 1, -2, 3, 1, 3, 3 ], [ 3, 1, 1, 1, 1, 1, 3, 3, 1, 1, 1, 1, 3, -2, 3, 1, 1 ], 
          [ 1, 3, 3, 1, 1, 3, 1, 3, 3, 1, 3, 3, 1, 3, -2, 3, 3 ], [ 3, 3, 1, 1, 1, 1, 3, 1, 1, 3, 1, 3, 3, 1, 3, -2, 3 ], 
          [ 1, 1, 1, 3, 3, 1, 1, 3, 3, 1, 3, 1, 3, 1, 3, 3, -2 ] ] ], 
  [ [ 0, 804 ], [ [ -2, 1, 1, 3, 3, 3, 1, 3, 3, 3, 3, 3, 3, 3, 1, 3, 1 ], [ 1, -2, 1, 3, 3, 1, 3, 3, 1, 1, 1, 3, 3, 1, 1, 3, 1 ], 
          [ 1, 1, -2, 3, 3, 1, 3, 1, 1, 3, 1, 3, 3, 3, 1, 3, 1 ], [ 3, 3, 3, -2, 1, 1, 1, 1, 1, 1, 1, 3, 3, 1, 3, 1, 3 ], 
          [ 3, 3, 3, 1, -2, 3, 3, 3, 1, 3, 3, 1, 1, 1, 3, 1, 3 ], [ 3, 1, 1, 1, 3, -2, 1, 1, 1, 1, 1, 3, 3, 1, 1, 3, 1 ], 
          [ 1, 3, 3, 1, 3, 1, -2, 1, 3, 1, 3, 3, 3, 3, 1, 3, 1 ], [ 3, 3, 1, 1, 3, 1, 1, -2, 1, 3, 1, 3, 3, 3, 1, 1, 1 ], 
          [ 3, 1, 1, 1, 1, 1, 3, 1, -2, 3, 1, 1, 3, 1, 1, 1, 1 ], [ 3, 1, 3, 1, 3, 1, 1, 3, 3, -2, 1, 3, 3, 1, 3, 3, 3 ], 
          [ 3, 1, 1, 1, 3, 1, 3, 1, 1, 1, -2, 3, 3, 1, 3, 1, 1 ], [ 3, 3, 3, 3, 1, 3, 3, 3, 1, 3, 3, -2, 1, 1, 1, 1, 3 ], 
          [ 3, 3, 3, 3, 1, 3, 3, 3, 3, 3, 3, 1, -2, 3, 3, 1, 3 ], [ 3, 1, 3, 1, 1, 1, 3, 3, 1, 1, 1, 1, 3, -2, 3, 1, 3 ], 
          [ 1, 1, 1, 3, 3, 1, 1, 1, 1, 3, 3, 1, 3, 3, -2, 3, 1 ], [ 3, 3, 3, 1, 1, 3, 3, 1, 1, 3, 1, 1, 1, 1, 3, -2, 3 ], 
          [ 1, 1, 1, 3, 3, 1, 1, 1, 1, 3, 1, 3, 3, 3, 1, 3, -2 ] ] ], [ [ 0, 759 ], [ [ -2, 1, 1, 3, 3, 3, 1, 3, 3, 3, 3, 1, 3, 3, 1, 1, 3 ], 
          [ 1, -2, 1, 3, 3, 1, 3, 3, 1, 1, 1, 1, 3, 3, 1, 1, 1 ], [ 1, 1, -2, 3, 3, 1, 3, 1, 1, 3, 1, 1, 3, 3, 1, 3, 3 ], 
          [ 3, 3, 3, -2, 1, 1, 1, 1, 1, 1, 1, 3, 1, 1, 3, 3, 3 ], [ 3, 3, 3, 1, -2, 3, 3, 3, 1, 3, 3, 1, 3, 1, 3, 3, 3 ], 
          [ 3, 1, 1, 1, 3, -2, 1, 1, 1, 1, 1, 3, 1, 1, 1, 3, 1 ], [ 1, 3, 3, 1, 3, 1, -2, 1, 3, 1, 3, 3, 1, 1, 1, 1, 3 ], 
          [ 3, 3, 1, 1, 3, 1, 1, -2, 1, 3, 1, 3, 1, 1, 3, 3, 3 ], [ 3, 1, 1, 1, 1, 1, 3, 1, -2, 3, 1, 1, 3, 1, 3, 3, 3 ], 
          [ 3, 1, 3, 1, 3, 1, 1, 3, 3, -2, 1, 3, 1, 3, 1, 1, 1 ], [ 3, 1, 1, 1, 3, 1, 3, 1, 1, 1, -2, 3, 1, 3, 1, 3, 1 ], 
          [ 1, 1, 1, 3, 1, 3, 3, 3, 1, 3, 3, -2, 3, 3, 1, 1, 3 ], [ 3, 3, 3, 1, 3, 1, 1, 1, 3, 1, 1, 3, -2, 1, 1, 3, 1 ], 
          [ 3, 3, 3, 1, 1, 1, 1, 1, 1, 3, 3, 3, 1, -2, 3, 3, 3 ], [ 1, 1, 1, 3, 3, 1, 1, 3, 3, 1, 1, 1, 1, 3, -2, 1, 1 ], 
          [ 1, 1, 3, 3, 3, 3, 1, 3, 3, 1, 3, 1, 3, 3, 1, -2, 1 ], [ 3, 1, 3, 3, 3, 1, 3, 3, 3, 1, 1, 3, 1, 3, 1, 1, -2 ] ] ], 
  [ [ 0, 354 ], [ [ -2, 1, 1, 3, 3, 3, 1, 3, 3, 3, 3, 1, 3, 3, 1, 1, 1 ], [ 1, -2, 1, 3, 3, 1, 3, 3, 1, 1, 1, 1, 3, 3, 1, 3, 1 ], 
          [ 1, 1, -2, 3, 3, 1, 3, 1, 1, 3, 1, 1, 3, 3, 1, 3, 1 ], [ 3, 3, 3, -2, 1, 1, 1, 1, 1, 1, 1, 3, 1, 1, 3, 3, 3 ], 
          [ 3, 3, 3, 1, -2, 3, 3, 3, 1, 3, 3, 1, 3, 1, 1, 1, 1 ], [ 3, 1, 1, 1, 3, -2, 1, 1, 1, 1, 1, 3, 1, 1, 3, 3, 3 ], 
          [ 1, 3, 3, 1, 3, 1, -2, 1, 3, 1, 3, 3, 1, 1, 3, 1, 3 ], [ 3, 3, 1, 1, 3, 1, 1, -2, 1, 3, 1, 3, 1, 3, 3, 3, 3 ], 
          [ 3, 1, 1, 1, 1, 1, 3, 1, -2, 3, 1, 1, 3, 3, 1, 3, 1 ], [ 3, 1, 3, 1, 3, 1, 1, 3, 3, -2, 1, 3, 1, 1, 3, 3, 3 ], 
          [ 3, 1, 1, 1, 3, 1, 3, 1, 1, 1, -2, 3, 1, 3, 1, 3, 3 ], [ 1, 1, 1, 3, 1, 3, 3, 3, 1, 3, 3, -2, 3, 3, 1, 1, 1 ], 
          [ 3, 3, 3, 1, 3, 1, 1, 1, 3, 1, 1, 3, -2, 3, 3, 3, 3 ], [ 3, 3, 3, 1, 1, 1, 1, 3, 3, 1, 3, 3, 3, -2, 3, 1, 3 ], 
          [ 1, 1, 1, 3, 1, 3, 3, 3, 1, 3, 1, 1, 3, 3, -2, 1, 1 ], [ 1, 3, 3, 3, 1, 3, 1, 3, 3, 3, 3, 1, 3, 1, 1, -2, 3 ], 
          [ 1, 1, 1, 3, 1, 3, 3, 3, 1, 3, 3, 1, 3, 3, 1, 3, -2 ] ] ], 
  [ [ 0, 806 ], [ [ -2, 1, 1, 3, 3, 3, 1, 3, 3, 3, 1, 1, 3, 1, 1, 3, 3 ], [ 1, -2, 1, 3, 3, 1, 3, 3, 1, 1, 1, 3, 3, 1, 1, 1, 3 ], 
          [ 1, 1, -2, 3, 3, 1, 3, 1, 1, 3, 1, 1, 3, 1, 1, 1, 3 ], [ 3, 3, 3, -2, 1, 1, 1, 1, 1, 1, 3, 3, 1, 3, 3, 1, 3 ], 
          [ 3, 3, 3, 1, -2, 3, 3, 3, 1, 3, 1, 3, 1, 3, 3, 3, 1 ], [ 3, 1, 1, 1, 3, -2, 1, 1, 1, 1, 3, 3, 3, 1, 1, 1, 3 ], 
          [ 1, 3, 3, 1, 3, 1, -2, 1, 3, 1, 3, 1, 3, 3, 1, 3, 3 ], [ 3, 3, 1, 1, 3, 1, 1, -2, 1, 3, 3, 1, 1, 3, 1, 1, 3 ], 
          [ 3, 1, 1, 1, 1, 1, 3, 1, -2, 3, 1, 3, 1, 1, 1, 1, 1 ], [ 3, 1, 3, 1, 3, 1, 1, 3, 3, -2, 3, 3, 3, 3, 3, 1, 3 ], 
          [ 1, 1, 1, 3, 1, 3, 3, 3, 1, 3, -2, 3, 3, 1, 1, 1, 1 ], [ 1, 3, 1, 3, 3, 3, 1, 1, 3, 3, 3, -2, 3, 3, 1, 3, 3 ], 
          [ 3, 3, 3, 1, 1, 3, 3, 1, 1, 3, 3, 3, -2, 3, 3, 3, 1 ], [ 1, 1, 1, 3, 3, 1, 3, 3, 1, 3, 1, 3, 3, -2, 1, 1, 1 ], 
          [ 1, 1, 1, 3, 3, 1, 1, 1, 1, 3, 1, 1, 3, 1, -2, 1, 3 ], [ 3, 1, 1, 1, 3, 1, 3, 1, 1, 1, 1, 3, 3, 1, 1, -2, 3 ], 
          [ 3, 3, 3, 3, 1, 3, 3, 3, 1, 3, 1, 3, 1, 1, 3, 3, -2 ] ] ], [ [ 0, 483 ], [ [ -2, 1, 1, 3, 3, 3, 1, 3, 3, 3, 1, 1, 3, 1, 3, 3, 1 ], 
          [ 1, -2, 1, 3, 3, 1, 3, 3, 1, 1, 1, 3, 3, 1, 1, 1, 1 ], [ 1, 1, -2, 3, 3, 1, 3, 1, 1, 3, 1, 3, 3, 3, 1, 1, 3 ], 
          [ 3, 3, 3, -2, 1, 1, 1, 1, 1, 1, 3, 1, 1, 3, 1, 1, 3 ], [ 3, 3, 3, 1, -2, 3, 3, 3, 1, 3, 1, 3, 3, 3, 3, 3, 1 ], 
          [ 3, 1, 1, 1, 3, -2, 1, 1, 1, 1, 3, 3, 1, 3, 1, 1, 3 ], [ 1, 3, 3, 1, 3, 1, -2, 1, 3, 1, 3, 1, 1, 1, 3, 3, 3 ], 
          [ 3, 3, 1, 1, 3, 1, 1, -2, 1, 3, 3, 3, 1, 3, 1, 1, 3 ], [ 3, 1, 1, 1, 1, 1, 3, 1, -2, 3, 1, 3, 3, 3, 1, 1, 3 ], 
          [ 3, 1, 3, 1, 3, 1, 1, 3, 3, -2, 3, 1, 1, 1, 1, 1, 3 ], [ 1, 1, 1, 3, 1, 3, 3, 3, 1, 3, -2, 3, 3, 1, 3, 1, 1 ], 
          [ 1, 3, 3, 1, 3, 3, 1, 3, 3, 1, 3, -2, 1, 1, 1, 3, 3 ], [ 3, 3, 3, 1, 3, 1, 1, 1, 3, 1, 3, 1, -2, 3, 1, 1, 3 ], 
          [ 1, 1, 3, 3, 3, 3, 1, 3, 3, 1, 1, 1, 3, -2, 3, 3, 1 ], [ 3, 1, 1, 1, 3, 1, 3, 1, 1, 1, 3, 1, 1, 3, -2, 1, 3 ], 
          [ 3, 1, 1, 1, 3, 1, 3, 1, 1, 1, 1, 3, 1, 3, 1, -2, 3 ], [ 1, 1, 3, 3, 1, 3, 3, 3, 3, 3, 1, 3, 3, 1, 3, 3, -2 ] ] ], 
  [ [ 0, 439 ], [ [ -2, 1, 1, 3, 3, 3, 1, 3, 3, 3, 1, 1, 1, 1, 1, 3, 1 ], [ 1, -2, 1, 3, 3, 1, 3, 3, 1, 1, 1, 1, 1, 1, 1, 3, 1 ], 
          [ 1, 1, -2, 3, 3, 1, 3, 1, 1, 3, 1, 1, 1, 1, 3, 1, 3 ], [ 3, 3, 3, -2, 1, 1, 1, 1, 1, 1, 3, 3, 3, 3, 1, 1, 3 ], 
          [ 3, 3, 3, 1, -2, 3, 3, 3, 1, 3, 1, 1, 3, 1, 3, 1, 3 ], [ 3, 1, 1, 1, 3, -2, 1, 1, 1, 1, 3, 3, 1, 3, 1, 1, 3 ], 
          [ 1, 3, 3, 1, 3, 1, -2, 1, 3, 1, 3, 3, 1, 3, 1, 3, 1 ], [ 3, 3, 1, 1, 3, 1, 1, -2, 1, 3, 3, 3, 3, 3, 3, 1, 3 ], 
          [ 3, 1, 1, 1, 1, 1, 3, 1, -2, 3, 1, 1, 3, 1, 3, 1, 3 ], [ 3, 1, 3, 1, 3, 1, 1, 3, 3, -2, 3, 3, 1, 3, 1, 3, 1 ], 
          [ 1, 1, 1, 3, 1, 3, 3, 3, 1, 3, -2, 1, 3, 1, 3, 3, 3 ], [ 1, 1, 1, 3, 1, 3, 3, 3, 1, 3, 1, -2, 1, 1, 3, 1, 1 ], 
          [ 1, 1, 1, 3, 3, 1, 1, 3, 3, 1, 3, 1, -2, 1, 1, 3, 1 ], [ 1, 1, 1, 3, 1, 3, 3, 3, 1, 3, 1, 1, 1, -2, 3, 3, 1 ], 
          [ 1, 1, 3, 1, 3, 1, 1, 3, 3, 1, 3, 3, 1, 3, -2, 3, 1 ], [ 3, 3, 1, 1, 1, 1, 3, 1, 1, 3, 3, 1, 3, 3, 3, -2, 3 ], 
          [ 1, 1, 3, 3, 3, 3, 1, 3, 3, 1, 3, 1, 1, 1, 1, 3, -2 ] ] ], 
  [ [ 0, 585 ], [ [ -2, 1, 1, 3, 3, 3, 1, 3, 3, 3, 1, 1, 3, 3, 3, 1, 3 ], [ 1, -2, 1, 3, 3, 1, 3, 3, 1, 1, 1, 3, 1, 3, 1, 3, 3 ], 
          [ 1, 1, -2, 3, 3, 1, 3, 1, 1, 3, 1, 3, 1, 3, 3, 1, 3 ], [ 3, 3, 3, -2, 1, 1, 1, 1, 1, 1, 3, 3, 3, 1, 3, 3, 1 ], 
          [ 3, 3, 3, 1, -2, 3, 3, 3, 1, 3, 1, 1, 3, 1, 3, 3, 3 ], [ 3, 1, 1, 1, 3, -2, 1, 1, 1, 1, 3, 3, 1, 3, 1, 3, 1 ], 
          [ 1, 3, 3, 1, 3, 1, -2, 1, 3, 1, 3, 1, 3, 3, 3, 1, 1 ], [ 3, 3, 1, 1, 3, 1, 1, -2, 1, 3, 3, 3, 3, 1, 3, 1, 1 ], 
          [ 3, 1, 1, 1, 1, 1, 3, 1, -2, 3, 1, 3, 1, 1, 3, 3, 3 ], [ 3, 1, 3, 1, 3, 1, 1, 3, 3, -2, 3, 3, 1, 3, 1, 3, 1 ], 
          [ 1, 1, 1, 3, 1, 3, 3, 3, 1, 3, -2, 1, 1, 3, 3, 1, 3 ], [ 1, 3, 3, 3, 1, 3, 1, 3, 3, 3, 1, -2, 3, 3, 3, 1, 1 ], 
          [ 3, 1, 1, 3, 3, 1, 3, 3, 1, 1, 1, 3, -2, 3, 1, 3, 3 ], [ 3, 3, 3, 1, 1, 3, 3, 1, 1, 3, 3, 3, 3, -2, 3, 3, 3 ], 
          [ 3, 1, 3, 3, 3, 1, 3, 3, 3, 1, 3, 3, 1, 3, -2, 3, 1 ], [ 1, 3, 1, 3, 3, 3, 1, 1, 3, 3, 1, 1, 3, 3, 3, -2, 1 ], 
          [ 3, 3, 3, 1, 3, 1, 1, 1, 3, 1, 3, 1, 3, 3, 1, 1, -2 ] ] ], [ [ 0, 380 ], [ [ -2, 1, 1, 3, 3, 3, 1, 3, 3, 3, 1, 3, 3, 3, 3, 1, 3 ], 
          [ 1, -2, 1, 3, 3, 1, 3, 3, 1, 1, 1, 3, 3, 3, 3, 1, 3 ], [ 1, 1, -2, 3, 3, 1, 3, 1, 1, 3, 1, 3, 3, 1, 3, 1, 3 ], 
          [ 3, 3, 3, -2, 1, 1, 1, 1, 1, 1, 3, 1, 1, 1, 1, 3, 1 ], [ 3, 3, 3, 1, -2, 3, 3, 3, 1, 3, 1, 1, 3, 1, 1, 3, 3 ], 
          [ 3, 1, 1, 1, 3, -2, 1, 1, 1, 1, 3, 3, 1, 1, 1, 1, 1 ], [ 1, 3, 3, 1, 3, 1, -2, 1, 3, 1, 3, 3, 1, 3, 1, 1, 1 ], 
          [ 3, 3, 1, 1, 3, 1, 1, -2, 1, 3, 3, 3, 1, 1, 1, 3, 1 ], [ 3, 1, 1, 1, 1, 1, 3, 1, -2, 3, 1, 3, 3, 1, 1, 3, 3 ], 
          [ 3, 1, 3, 1, 3, 1, 1, 3, 3, -2, 3, 1, 1, 3, 3, 1, 1 ], [ 1, 1, 1, 3, 1, 3, 3, 3, 1, 3, -2, 3, 3, 1, 3, 1, 3 ], 
          [ 3, 3, 3, 1, 1, 3, 3, 3, 3, 1, 3, -2, 3, 3, 3, 3, 1 ], [ 3, 3, 3, 1, 3, 1, 1, 1, 3, 1, 3, 3, -2, 1, 1, 1, 1 ], 
          [ 3, 3, 1, 1, 1, 1, 3, 1, 1, 3, 1, 3, 1, -2, 1, 3, 1 ], [ 3, 3, 3, 1, 1, 1, 1, 1, 1, 3, 3, 3, 1, 1, -2, 3, 1 ], 
          [ 1, 1, 1, 3, 3, 1, 1, 3, 3, 1, 1, 3, 1, 3, 3, -2, 3 ], [ 3, 3, 3, 1, 3, 1, 1, 1, 3, 1, 3, 1, 1, 1, 1, 3, -2 ] ] ], 
  [ [ 0, 1101 ], [ [ -2, 1, 1, 3, 3, 3, 1, 3, 3, 3, 1, 1, 1, 1, 3, 1, 1 ], [ 1, -2, 1, 3, 3, 1, 3, 3, 1, 3, 1, 1, 3, 1, 1, 1, 1 ], 
          [ 1, 1, -2, 3, 3, 1, 3, 1, 1, 3, 1, 1, 3, 3, 1, 1, 1 ], [ 3, 3, 3, -2, 1, 1, 1, 1, 1, 1, 3, 3, 3, 1, 1, 3, 3 ], 
          [ 3, 3, 3, 1, -2, 3, 3, 3, 1, 1, 1, 3, 3, 3, 3, 3, 3 ], [ 3, 1, 1, 1, 3, -2, 1, 1, 1, 1, 3, 1, 3, 1, 1, 1, 1 ], 
          [ 1, 3, 3, 1, 3, 1, -2, 1, 3, 1, 3, 1, 1, 1, 3, 1, 1 ], [ 3, 3, 1, 1, 3, 1, 1, -2, 1, 3, 1, 1, 3, 3, 1, 3, 1 ], 
          [ 3, 1, 1, 1, 1, 1, 3, 1, -2, 3, 1, 1, 3, 3, 1, 3, 1 ], [ 3, 3, 3, 1, 1, 1, 1, 3, 3, -2, 3, 3, 1, 1, 3, 1, 3 ], 
          [ 1, 1, 1, 3, 1, 3, 3, 1, 1, 3, -2, 1, 3, 3, 3, 3, 1 ], [ 1, 1, 1, 3, 3, 1, 1, 1, 1, 3, 1, -2, 1, 3, 3, 1, 1 ], 
          [ 1, 3, 3, 3, 3, 3, 1, 3, 3, 1, 3, 1, -2, 1, 3, 1, 3 ], [ 1, 1, 3, 1, 3, 1, 1, 3, 3, 1, 3, 3, 1, -2, 1, 1, 3 ], 
          [ 3, 1, 1, 1, 3, 1, 3, 1, 1, 3, 3, 3, 3, 1, -2, 1, 3 ], [ 1, 1, 1, 3, 3, 1, 1, 3, 3, 1, 3, 1, 1, 1, 1, -2, 3 ], 
          [ 1, 1, 1, 3, 3, 1, 1, 1, 1, 3, 1, 1, 3, 3, 3, 3, -2 ] ] ], 
  [ [ 0, 455 ], [ [ -2, 1, 1, 3, 3, 3, 1, 3, 3, 3, 1, 1, 1, 3, 3, 3, 3 ], [ 1, -2, 1, 3, 3, 1, 3, 3, 1, 3, 1, 3, 3, 3, 1, 1, 3 ], 
          [ 1, 1, -2, 3, 3, 1, 3, 1, 1, 3, 1, 3, 3, 3, 1, 3, 1 ], [ 3, 3, 3, -2, 1, 1, 1, 1, 1, 1, 3, 1, 3, 3, 1, 3, 3 ], 
          [ 3, 3, 3, 1, -2, 3, 3, 3, 1, 1, 1, 1, 1, 1, 1, 1, 1 ], [ 3, 1, 1, 1, 3, -2, 1, 1, 1, 1, 3, 3, 3, 3, 1, 3, 3 ], 
          [ 1, 3, 3, 1, 3, 1, -2, 1, 3, 1, 3, 1, 1, 3, 3, 3, 3 ], [ 3, 3, 1, 1, 3, 1, 1, -2, 1, 3, 1, 3, 3, 3, 1, 3, 1 ], 
          [ 3, 1, 1, 1, 1, 1, 3, 1, -2, 3, 1, 3, 3, 3, 1, 1, 1 ], [ 3, 3, 3, 1, 1, 1, 1, 3, 3, -2, 3, 1, 1, 1, 3, 1, 3 ], 
          [ 1, 1, 1, 3, 1, 3, 3, 1, 1, 3, -2, 3, 1, 3, 1, 1, 1 ], [ 1, 3, 3, 1, 1, 3, 1, 3, 3, 1, 3, -2, 1, 1, 3, 3, 3 ], 
          [ 1, 3, 3, 3, 1, 3, 1, 3, 3, 1, 1, 1, -2, 1, 3, 1, 1 ], [ 3, 3, 3, 3, 1, 3, 3, 3, 3, 1, 3, 1, 1, -2, 3, 1, 1 ], 
          [ 3, 1, 1, 1, 1, 1, 3, 1, 1, 3, 1, 3, 3, 3, -2, 3, 1 ], [ 3, 1, 3, 3, 1, 3, 3, 3, 1, 1, 1, 3, 1, 1, 3, -2, 1 ], 
          [ 3, 3, 1, 3, 1, 3, 3, 1, 1, 3, 1, 3, 1, 1, 1, 1, -2 ] ] ], [ [ 0, 563 ], [ [ -2, 1, 1, 3, 3, 3, 1, 3, 3, 3, 1, 1, 1, 3, 3, 3, 3 ], 
          [ 1, -2, 1, 3, 3, 1, 3, 3, 1, 3, 1, 3, 3, 3, 1, 1, 1 ], [ 1, 1, -2, 3, 3, 1, 3, 1, 1, 3, 1, 3, 3, 3, 1, 3, 3 ], 
          [ 3, 3, 3, -2, 1, 1, 1, 1, 1, 1, 3, 1, 3, 3, 1, 3, 3 ], [ 3, 3, 3, 1, -2, 3, 3, 3, 1, 1, 1, 1, 1, 1, 1, 1, 3 ], 
          [ 3, 1, 1, 1, 3, -2, 1, 1, 1, 1, 3, 3, 3, 3, 1, 3, 1 ], [ 1, 3, 3, 1, 3, 1, -2, 1, 3, 1, 3, 1, 1, 3, 3, 3, 3 ], 
          [ 3, 3, 1, 1, 3, 1, 1, -2, 1, 3, 1, 3, 3, 3, 1, 3, 3 ], [ 3, 1, 1, 1, 1, 1, 3, 1, -2, 3, 1, 3, 3, 3, 1, 1, 3 ], 
          [ 3, 3, 3, 1, 1, 1, 1, 3, 3, -2, 3, 1, 1, 1, 3, 1, 1 ], [ 1, 1, 1, 3, 1, 3, 3, 1, 1, 3, -2, 3, 1, 3, 1, 1, 3 ], 
          [ 1, 3, 3, 1, 1, 3, 1, 3, 3, 1, 3, -2, 1, 1, 3, 3, 3 ], [ 1, 3, 3, 3, 1, 3, 1, 3, 3, 1, 1, 1, -2, 1, 3, 1, 3 ], 
          [ 3, 3, 3, 3, 1, 3, 3, 3, 3, 1, 3, 1, 1, -2, 3, 1, 1 ], [ 3, 1, 1, 1, 1, 1, 3, 1, 1, 3, 1, 3, 3, 3, -2, 3, 3 ], 
          [ 3, 1, 3, 3, 1, 3, 3, 3, 1, 1, 1, 3, 1, 1, 3, -2, 1 ], [ 3, 1, 3, 3, 3, 1, 3, 3, 3, 1, 3, 3, 3, 1, 3, 1, -2 ] ] ], 
  [ [ 0, 854 ], [ [ -2, 1, 1, 3, 3, 3, 1, 3, 3, 3, 1, 1, 1, 1, 3, 3, 3 ], [ 1, -2, 1, 3, 3, 1, 3, 3, 1, 3, 1, 3, 1, 3, 3, 1, 3 ], 
          [ 1, 1, -2, 3, 3, 1, 3, 1, 1, 3, 1, 3, 1, 3, 3, 3, 3 ], [ 3, 3, 3, -2, 1, 1, 1, 1, 1, 1, 3, 1, 3, 3, 3, 1, 1 ], 
          [ 3, 3, 3, 1, -2, 3, 3, 3, 1, 1, 1, 1, 1, 3, 1, 1, 1 ], [ 3, 1, 1, 1, 3, -2, 1, 1, 1, 1, 3, 3, 3, 3, 3, 1, 1 ], 
          [ 1, 3, 3, 1, 3, 1, -2, 1, 3, 1, 3, 1, 3, 1, 3, 3, 1 ], [ 3, 3, 1, 1, 3, 1, 1, -2, 1, 3, 1, 3, 3, 1, 3, 3, 1 ], 
          [ 3, 1, 1, 1, 1, 1, 3, 1, -2, 3, 1, 3, 1, 3, 3, 1, 3 ], [ 3, 3, 3, 1, 1, 1, 1, 3, 3, -2, 3, 1, 3, 3, 1, 1, 1 ], 
          [ 1, 1, 1, 3, 1, 3, 3, 1, 1, 3, -2, 3, 1, 1, 3, 3, 1 ], [ 1, 3, 3, 1, 1, 3, 1, 3, 3, 1, 3, -2, 3, 3, 1, 1, 3 ], 
          [ 1, 1, 1, 3, 1, 3, 3, 3, 1, 3, 1, 3, -2, 3, 1, 3, 3 ], [ 1, 3, 3, 3, 3, 3, 1, 1, 3, 3, 1, 3, 3, -2, 3, 3, 1 ], 
          [ 3, 3, 3, 3, 1, 3, 3, 3, 3, 1, 3, 1, 1, 3, -2, 1, 3 ], [ 3, 1, 3, 1, 1, 1, 3, 3, 1, 1, 3, 1, 3, 3, 1, -2, 3 ], 
          [ 3, 3, 3, 1, 1, 1, 1, 1, 3, 1, 1, 3, 3, 1, 3, 3, -2 ] ] ], 
  [ [ 0, 787 ], [ [ -2, 1, 1, 3, 3, 3, 1, 3, 3, 3, 1, 1, 1, 1, 1, 1, 3 ], [ 1, -2, 1, 3, 3, 1, 3, 3, 1, 3, 1, 3, 3, 3, 1, 3, 3 ], 
          [ 1, 1, -2, 3, 3, 1, 3, 1, 1, 3, 1, 3, 3, 3, 1, 3, 3 ], [ 3, 3, 3, -2, 1, 1, 1, 1, 1, 1, 3, 1, 1, 3, 3, 1, 1 ], 
          [ 3, 3, 3, 1, -2, 3, 3, 3, 1, 1, 1, 1, 1, 1, 3, 1, 3 ], [ 3, 1, 1, 1, 3, -2, 1, 1, 1, 1, 3, 3, 3, 3, 3, 3, 1 ], 
          [ 1, 3, 3, 1, 3, 1, -2, 1, 3, 1, 3, 1, 1, 1, 3, 1, 1 ], [ 3, 3, 1, 1, 3, 1, 1, -2, 1, 3, 1, 3, 3, 3, 3, 1, 1 ], 
          [ 3, 1, 1, 1, 1, 1, 3, 1, -2, 3, 1, 3, 3, 3, 3, 3, 3 ], [ 3, 3, 3, 1, 1, 1, 1, 3, 3, -2, 3, 1, 1, 1, 3, 3, 1 ], 
          [ 1, 1, 1, 3, 1, 3, 3, 1, 1, 3, -2, 3, 3, 1, 3, 1, 3 ], [ 1, 3, 3, 1, 1, 3, 1, 3, 3, 1, 3, -2, 1, 1, 1, 1, 3 ], 
          [ 1, 3, 3, 1, 1, 3, 1, 3, 3, 1, 3, 1, -2, 1, 1, 1, 1 ], [ 1, 3, 3, 3, 1, 3, 1, 3, 3, 1, 1, 1, 1, -2, 3, 1, 1 ], 
          [ 1, 1, 1, 3, 3, 3, 3, 3, 3, 3, 3, 1, 1, 3, -2, 3, 3 ], [ 1, 3, 3, 1, 1, 3, 1, 1, 3, 3, 1, 1, 1, 1, 3, -2, 1 ], 
          [ 3, 3, 3, 1, 3, 1, 1, 1, 3, 1, 3, 3, 1, 1, 3, 1, -2 ] ] ], [ [ 0, 220 ], [ [ -2, 1, 1, 3, 3, 3, 1, 3, 3, 3, 1, 1, 1, 3, 1, 3, 3 ], 
          [ 1, -2, 1, 3, 3, 1, 3, 3, 1, 3, 1, 3, 1, 3, 3, 1, 3 ], [ 1, 1, -2, 3, 3, 1, 3, 1, 1, 3, 1, 3, 3, 3, 3, 3, 3 ], 
          [ 3, 3, 3, -2, 1, 1, 1, 1, 1, 1, 3, 3, 1, 1, 1, 3, 1 ], [ 3, 3, 3, 1, -2, 3, 3, 3, 1, 1, 1, 3, 3, 1, 1, 3, 3 ], 
          [ 3, 1, 1, 1, 3, -2, 1, 1, 1, 1, 3, 3, 1, 3, 3, 1, 1 ], [ 1, 3, 3, 1, 3, 1, -2, 1, 3, 1, 3, 1, 1, 3, 1, 3, 1 ], 
          [ 3, 3, 1, 1, 3, 1, 1, -2, 1, 3, 1, 3, 3, 1, 3, 3, 1 ], [ 3, 1, 1, 1, 1, 1, 3, 1, -2, 3, 1, 3, 3, 1, 3, 3, 3 ], 
          [ 3, 3, 3, 1, 1, 1, 1, 3, 3, -2, 3, 1, 1, 3, 1, 1, 1 ], [ 1, 1, 1, 3, 1, 3, 3, 1, 1, 3, -2, 3, 3, 1, 3, 3, 3 ], 
          [ 1, 3, 3, 3, 3, 3, 1, 3, 3, 1, 3, -2, 1, 3, 1, 1, 1 ], [ 1, 1, 3, 1, 3, 1, 1, 3, 3, 1, 3, 1, -2, 3, 1, 1, 1 ], 
          [ 3, 3, 3, 1, 1, 3, 3, 1, 1, 3, 1, 3, 3, -2, 3, 3, 1 ], [ 1, 3, 3, 1, 1, 3, 1, 3, 3, 1, 3, 1, 1, 3, -2, 3, 3 ], 
          [ 3, 1, 3, 3, 3, 1, 3, 3, 3, 1, 3, 1, 1, 3, 3, -2, 1 ], [ 3, 3, 3, 1, 3, 1, 1, 1, 3, 1, 3, 1, 1, 1, 3, 1, -2 ] ] ], 
  [ [ 0, 218 ], [ [ -2, 1, 1, 3, 3, 3, 1, 3, 3, 3, 1, 1, 3, 1, 3, 1, 3 ], [ 1, -2, 1, 3, 3, 1, 3, 3, 1, 3, 1, 1, 1, 1, 3, 1, 3 ], 
          [ 1, 1, -2, 3, 3, 1, 3, 1, 1, 3, 1, 1, 1, 1, 3, 3, 3 ], [ 3, 3, 3, -2, 1, 1, 1, 1, 1, 1, 3, 3, 3, 3, 1, 1, 3 ], 
          [ 3, 3, 3, 1, -2, 3, 3, 3, 1, 1, 1, 3, 3, 3, 1, 3, 1 ], [ 3, 1, 1, 1, 3, -2, 1, 1, 1, 1, 3, 3, 1, 1, 3, 1, 3 ], 
          [ 1, 3, 3, 1, 3, 1, -2, 1, 3, 1, 3, 3, 3, 1, 3, 1, 3 ], [ 3, 3, 1, 1, 3, 1, 1, -2, 1, 3, 1, 3, 1, 1, 3, 3, 3 ], 
          [ 3, 1, 1, 1, 1, 1, 3, 1, -2, 3, 1, 3, 1, 1, 1, 3, 3 ], [ 3, 3, 3, 1, 1, 1, 1, 3, 3, -2, 3, 3, 3, 3, 1, 1, 1 ], 
          [ 1, 1, 1, 3, 1, 3, 3, 1, 1, 3, -2, 3, 1, 1, 3, 3, 3 ], [ 1, 1, 1, 3, 3, 3, 3, 3, 3, 3, 3, -2, 3, 3, 3, 1, 1 ], 
          [ 3, 1, 1, 3, 3, 1, 3, 1, 1, 3, 1, 3, -2, 1, 3, 3, 3 ], [ 1, 1, 1, 3, 3, 1, 1, 1, 1, 3, 1, 3, 1, -2, 3, 3, 3 ], 
          [ 3, 3, 3, 1, 1, 3, 3, 3, 1, 1, 3, 3, 3, 3, -2, 3, 1 ], [ 1, 1, 3, 1, 3, 1, 1, 3, 3, 1, 3, 1, 3, 3, 3, -2, 3 ], 
          [ 3, 3, 3, 3, 1, 3, 3, 3, 3, 1, 3, 1, 3, 3, 1, 3, -2 ] ] ], 
  [ [ 0, 339 ], [ [ -2, 1, 1, 3, 3, 3, 1, 3, 3, 3, 1, 1, 1, 3, 1, 1, 1 ], [ 1, -2, 1, 3, 3, 1, 3, 3, 1, 3, 1, 3, 1, 1, 3, 3, 1 ], 
          [ 1, 1, -2, 3, 3, 1, 3, 1, 1, 3, 1, 3, 1, 1, 3, 3, 1 ], [ 3, 3, 3, -2, 1, 1, 1, 1, 1, 1, 3, 1, 3, 1, 1, 1, 3 ], 
          [ 3, 3, 3, 1, -2, 3, 3, 3, 1, 1, 1, 1, 1, 1, 1, 1, 3 ], [ 3, 1, 1, 1, 3, -2, 1, 1, 1, 1, 3, 3, 3, 1, 3, 3, 1 ], 
          [ 1, 3, 3, 1, 3, 1, -2, 1, 3, 1, 3, 1, 3, 3, 1, 1, 1 ], [ 3, 3, 1, 1, 3, 1, 1, -2, 1, 3, 1, 1, 3, 3, 3, 3, 1 ], 
          [ 3, 1, 1, 1, 1, 1, 3, 1, -2, 3, 1, 3, 1, 1, 3, 3, 1 ], [ 3, 3, 3, 1, 1, 1, 1, 3, 3, -2, 3, 3, 3, 1, 1, 1, 3 ], 
          [ 1, 1, 1, 3, 1, 3, 3, 1, 1, 3, -2, 1, 1, 3, 3, 3, 1 ], [ 1, 3, 3, 1, 1, 3, 1, 1, 3, 3, 1, -2, 3, 3, 1, 1, 3 ], 
          [ 1, 1, 1, 3, 1, 3, 3, 3, 1, 3, 1, 3, -2, 1, 3, 1, 1 ], [ 3, 1, 1, 1, 1, 1, 3, 3, 1, 1, 3, 3, 1, -2, 3, 1, 3 ], 
          [ 1, 3, 3, 1, 1, 3, 1, 3, 3, 1, 3, 1, 3, 3, -2, 1, 3 ], [ 1, 3, 3, 1, 1, 3, 1, 3, 3, 1, 3, 1, 1, 1, 1, -2, 3 ], 
          [ 1, 1, 1, 3, 3, 1, 1, 1, 1, 3, 1, 3, 1, 3, 3, 3, -2 ] ] ], [ [ 0, 910 ], [ [ -2, 1, 1, 3, 3, 3, 1, 3, 3, 3, 1, 3, 1, 3, 3, 3, 1 ], 
          [ 1, -2, 1, 3, 3, 1, 3, 3, 1, 3, 1, 3, 1, 3, 1, 1, 1 ], [ 1, 1, -2, 3, 3, 1, 3, 1, 1, 3, 1, 3, 1, 1, 1, 1, 1 ], 
          [ 3, 3, 3, -2, 1, 1, 1, 1, 1, 1, 3, 1, 1, 3, 1, 1, 3 ], [ 3, 3, 3, 1, -2, 3, 3, 3, 1, 1, 1, 1, 3, 3, 1, 1, 3 ], 
          [ 3, 1, 1, 1, 3, -2, 1, 1, 1, 1, 3, 3, 1, 1, 1, 1, 3 ], [ 1, 3, 3, 1, 3, 1, -2, 1, 3, 1, 3, 3, 1, 1, 3, 3, 3 ], 
          [ 3, 3, 1, 1, 3, 1, 1, -2, 1, 3, 1, 3, 1, 1, 3, 1, 3 ], [ 3, 1, 1, 1, 1, 1, 3, 1, -2, 3, 1, 1, 1, 3, 1, 1, 3 ], 
          [ 3, 3, 3, 1, 1, 1, 1, 3, 3, -2, 3, 1, 3, 1, 1, 3, 3 ], [ 1, 1, 1, 3, 1, 3, 3, 1, 1, 3, -2, 3, 1, 3, 3, 1, 3 ], 
          [ 3, 3, 3, 1, 1, 3, 3, 3, 1, 1, 3, -2, 3, 3, 1, 3, 3 ], [ 1, 1, 1, 1, 3, 1, 1, 1, 1, 3, 1, 3, -2, 3, 3, 1, 3 ], 
          [ 3, 3, 1, 3, 3, 1, 1, 1, 3, 1, 3, 3, 3, -2, 1, 3, 1 ], [ 3, 1, 1, 1, 1, 1, 3, 3, 1, 1, 3, 1, 3, 1, -2, 1, 1 ], 
          [ 3, 1, 1, 1, 1, 1, 3, 1, 1, 3, 1, 3, 1, 3, 1, -2, 3 ], [ 1, 1, 1, 3, 3, 3, 3, 3, 3, 3, 3, 3, 3, 1, 1, 3, -2 ] ] ], 
  [ [ 0, 404 ], [ [ -2, 1, 1, 3, 3, 3, 1, 3, 3, 3, 1, 1, 1, 1, 3, 1, 3 ], [ 1, -2, 1, 3, 3, 1, 3, 3, 1, 3, 1, 1, 3, 1, 1, 1, 1 ], 
          [ 1, 1, -2, 3, 3, 1, 3, 1, 1, 3, 1, 1, 3, 1, 3, 1, 1 ], [ 3, 3, 3, -2, 1, 1, 1, 1, 1, 1, 3, 3, 1, 3, 1, 3, 1 ], 
          [ 3, 3, 3, 1, -2, 3, 3, 3, 1, 1, 1, 1, 1, 3, 3, 3, 1 ], [ 3, 1, 1, 1, 3, -2, 1, 1, 1, 1, 3, 3, 3, 1, 1, 1, 1 ], 
          [ 1, 3, 3, 1, 3, 1, -2, 1, 3, 1, 3, 3, 1, 1, 1, 1, 3 ], [ 3, 3, 1, 1, 3, 1, 1, -2, 1, 3, 1, 3, 3, 1, 1, 3, 1 ], 
          [ 3, 1, 1, 1, 1, 1, 3, 1, -2, 3, 1, 3, 3, 1, 1, 3, 1 ], [ 3, 3, 3, 1, 1, 1, 1, 3, 3, -2, 3, 3, 1, 3, 3, 1, 3 ], 
          [ 1, 1, 1, 3, 1, 3, 3, 1, 1, 3, -2, 1, 3, 1, 3, 3, 1 ], [ 1, 1, 1, 3, 1, 3, 3, 3, 3, 3, 1, -2, 1, 3, 3, 1, 1 ], 
          [ 1, 3, 3, 1, 1, 3, 1, 3, 3, 1, 3, 1, -2, 3, 3, 1, 3 ], [ 1, 1, 1, 3, 3, 1, 1, 1, 1, 3, 1, 3, 3, -2, 1, 3, 1 ], 
          [ 3, 1, 3, 1, 3, 1, 1, 1, 1, 3, 3, 3, 3, 1, -2, 3, 1 ], [ 1, 1, 1, 3, 3, 1, 1, 3, 3, 1, 3, 1, 1, 3, 3, -2, 3 ], 
          [ 3, 1, 1, 1, 1, 1, 3, 1, 1, 3, 1, 1, 3, 1, 1, 3, -2 ] ] ], 
  [ [ 0, 382 ], [ [ -2, 1, 1, 3, 3, 3, 1, 3, 3, 3, 1, 3, 3, 1, 3, 1, 1 ], [ 1, -2, 1, 3, 3, 1, 3, 3, 1, 3, 1, 1, 3, 3, 3, 1, 1 ], 
          [ 1, 1, -2, 3, 3, 1, 3, 1, 1, 3, 1, 1, 3, 3, 3, 1, 1 ], [ 3, 3, 3, -2, 1, 1, 1, 1, 1, 1, 3, 1, 1, 3, 1, 3, 3 ], 
          [ 3, 3, 3, 1, -2, 3, 3, 3, 1, 1, 1, 1, 1, 3, 3, 3, 1 ], [ 3, 1, 1, 1, 3, -2, 1, 1, 1, 1, 3, 1, 3, 3, 1, 1, 3 ], 
          [ 1, 3, 3, 1, 3, 1, -2, 1, 3, 1, 3, 3, 3, 1, 1, 1, 3 ], [ 3, 3, 1, 1, 3, 1, 1, -2, 1, 3, 1, 3, 1, 3, 1, 3, 3 ], 
          [ 3, 1, 1, 1, 1, 1, 3, 1, -2, 3, 1, 1, 1, 3, 3, 3, 1 ], [ 3, 3, 3, 1, 1, 1, 1, 3, 3, -2, 3, 1, 3, 1, 1, 1, 3 ], 
          [ 1, 1, 1, 3, 1, 3, 3, 1, 1, 3, -2, 3, 1, 3, 3, 3, 1 ], [ 3, 1, 1, 1, 1, 1, 3, 3, 1, 1, 3, -2, 3, 3, 3, 1, 1 ], 
          [ 3, 3, 3, 1, 1, 3, 3, 1, 1, 3, 1, 3, -2, 3, 1, 3, 3 ], [ 1, 3, 3, 3, 3, 3, 1, 3, 3, 1, 3, 3, 3, -2, 3, 1, 3 ], 
          [ 3, 3, 3, 1, 3, 1, 1, 1, 3, 1, 3, 3, 1, 3, -2, 3, 3 ], [ 1, 1, 1, 3, 3, 1, 1, 3, 3, 1, 3, 1, 3, 1, 3, -2, 3 ], 
          [ 1, 1, 1, 3, 1, 3, 3, 3, 1, 3, 1, 1, 3, 3, 3, 3, -2 ] ] ], [ [ 0, 450 ], [ [ -2, 1, 1, 3, 3, 3, 1, 3, 3, 3, 3, 1, 3, 3, 3, 1, 3 ], 
          [ 1, -2, 1, 3, 3, 1, 3, 3, 1, 3, 3, 1, 3, 1, 1, 1, 1 ], [ 1, 1, -2, 3, 3, 1, 3, 1, 1, 3, 3, 3, 1, 1, 1, 1, 1 ], 
          [ 3, 3, 3, -2, 1, 1, 1, 1, 1, 1, 3, 3, 3, 1, 3, 3, 1 ], [ 3, 3, 3, 1, -2, 3, 3, 3, 1, 1, 1, 3, 3, 3, 3, 3, 1 ], 
          [ 3, 1, 1, 1, 3, -2, 1, 1, 1, 1, 3, 1, 3, 1, 1, 3, 1 ], [ 1, 3, 3, 1, 3, 1, -2, 1, 3, 1, 3, 1, 3, 3, 3, 3, 3 ], 
          [ 3, 3, 1, 1, 3, 1, 1, -2, 1, 3, 3, 3, 1, 1, 1, 3, 1 ], [ 3, 1, 1, 1, 1, 1, 3, 1, -2, 3, 1, 3, 1, 1, 1, 3, 1 ], 
          [ 3, 3, 3, 1, 1, 1, 1, 3, 3, -2, 3, 1, 3, 3, 3, 3, 1 ], [ 3, 3, 3, 3, 1, 3, 3, 3, 1, 3, -2, 3, 1, 3, 1, 3, 3 ], 
          [ 1, 1, 3, 3, 3, 1, 1, 3, 3, 1, 3, -2, 3, 3, 3, 1, 3 ], [ 3, 3, 1, 3, 3, 3, 3, 1, 1, 3, 1, 3, -2, 1, 1, 1, 3 ], 
          [ 3, 1, 1, 1, 3, 1, 3, 1, 1, 3, 3, 3, 1, -2, 1, 1, 1 ], [ 3, 1, 1, 3, 3, 1, 3, 1, 1, 3, 1, 3, 1, 1, -2, 3, 1 ], 
          [ 1, 1, 1, 3, 3, 3, 3, 3, 3, 3, 3, 1, 1, 1, 3, -2, 3 ], [ 3, 1, 1, 1, 1, 1, 3, 1, 1, 1, 3, 3, 3, 1, 1, 3, -2 ] ] ], 
  [ [ 0, 959 ], [ [ -2, 1, 1, 3, 3, 3, 1, 3, 3, 3, 3, 1, 3, 3, 1, 3, 1 ], [ 1, -2, 1, 3, 3, 1, 3, 3, 1, 3, 3, 3, 1, 3, 3, 3, 1 ], 
          [ 1, 1, -2, 3, 3, 1, 3, 1, 1, 3, 3, 3, 3, 3, 1, 3, 3 ], [ 3, 3, 3, -2, 1, 1, 1, 1, 1, 1, 3, 1, 1, 1, 3, 1, 3 ], 
          [ 3, 3, 3, 1, -2, 3, 3, 3, 1, 1, 1, 3, 1, 1, 3, 1, 3 ], [ 3, 1, 1, 1, 3, -2, 1, 1, 1, 1, 3, 3, 1, 1, 3, 1, 3 ], 
          [ 1, 3, 3, 1, 3, 1, -2, 1, 3, 1, 3, 1, 1, 1, 1, 1, 3 ], [ 3, 3, 1, 1, 3, 1, 1, -2, 1, 3, 3, 1, 1, 1, 1, 1, 3 ], 
          [ 3, 1, 1, 1, 1, 1, 3, 1, -2, 3, 1, 3, 1, 3, 3, 1, 3 ], [ 3, 3, 3, 1, 1, 1, 1, 3, 3, -2, 3, 3, 1, 1, 3, 1, 3 ], 
          [ 3, 3, 3, 3, 1, 3, 3, 3, 1, 3, -2, 3, 3, 3, 3, 1, 1 ], [ 1, 3, 3, 1, 3, 3, 1, 1, 3, 3, 3, -2, 3, 1, 1, 3, 1 ], 
          [ 3, 1, 3, 1, 1, 1, 1, 1, 1, 1, 3, 3, -2, 1, 3, 1, 3 ], [ 3, 3, 3, 1, 1, 1, 1, 1, 3, 1, 3, 1, 1, -2, 3, 1, 3 ], 
          [ 1, 3, 1, 3, 3, 3, 1, 1, 3, 3, 3, 1, 3, 3, -2, 3, 3 ], [ 3, 3, 3, 1, 1, 1, 1, 1, 1, 1, 1, 3, 1, 1, 3, -2, 3 ], 
          [ 1, 1, 3, 3, 3, 3, 3, 3, 3, 3, 1, 1, 3, 3, 3, 3, -2 ] ] ], 
  [ [ 0, 467 ], [ [ -2, 1, 1, 3, 3, 3, 1, 3, 3, 3, 3, 3, 1, 1, 1, 1, 3 ], [ 1, -2, 1, 3, 3, 1, 3, 3, 1, 3, 3, 3, 1, 1, 3, 3, 3 ], 
          [ 1, 1, -2, 3, 3, 1, 3, 1, 1, 3, 3, 1, 1, 1, 1, 3, 3 ], [ 3, 3, 3, -2, 1, 1, 1, 1, 1, 1, 3, 3, 3, 3, 1, 3, 1 ], 
          [ 3, 3, 3, 1, -2, 3, 3, 3, 1, 1, 1, 1, 3, 3, 3, 3, 3 ], [ 3, 1, 1, 1, 3, -2, 1, 1, 1, 1, 3, 3, 1, 3, 1, 3, 1 ], 
          [ 1, 3, 3, 1, 3, 1, -2, 1, 3, 1, 3, 3, 1, 3, 1, 1, 1 ], [ 3, 3, 1, 1, 3, 1, 1, -2, 1, 3, 3, 1, 1, 3, 1, 3, 1 ], 
          [ 3, 1, 1, 1, 1, 1, 3, 1, -2, 3, 1, 1, 1, 3, 3, 3, 3 ], [ 3, 3, 3, 1, 1, 1, 1, 3, 3, -2, 3, 3, 3, 1, 1, 1, 1 ], 
          [ 3, 3, 3, 3, 1, 3, 3, 3, 1, 3, -2, 1, 3, 3, 3, 1, 3 ], [ 3, 3, 1, 3, 1, 3, 3, 1, 1, 3, 1, -2, 1, 3, 3, 3, 3 ], 
          [ 1, 1, 1, 3, 3, 1, 1, 1, 1, 3, 3, 1, -2, 3, 3, 3, 3 ], [ 1, 1, 1, 3, 3, 3, 3, 3, 3, 1, 3, 3, 3, -2, 1, 1, 3 ], 
          [ 1, 3, 1, 1, 3, 1, 1, 1, 3, 1, 3, 3, 3, 1, -2, 1, 1 ], [ 1, 3, 3, 3, 3, 3, 1, 3, 3, 1, 1, 3, 3, 1, 1, -2, 1 ], 
          [ 3, 3, 3, 1, 3, 1, 1, 1, 3, 1, 3, 3, 3, 3, 1, 1, -2 ] ] ], [ [ 0, 573 ], [ [ -2, 1, 1, 3, 3, 3, 1, 3, 3, 3, 3, 3, 1, 1, 1, 1, 1 ], 
          [ 1, -2, 1, 3, 3, 1, 3, 3, 1, 3, 3, 3, 1, 1, 1, 1, 1 ], [ 1, 1, -2, 3, 3, 1, 3, 1, 1, 3, 3, 1, 1, 3, 1, 1, 1 ], 
          [ 3, 3, 3, -2, 1, 1, 1, 1, 1, 1, 3, 3, 3, 3, 3, 3, 3 ], [ 3, 3, 3, 1, -2, 3, 3, 3, 1, 1, 1, 1, 3, 3, 1, 3, 3 ], 
          [ 3, 1, 1, 1, 3, -2, 1, 1, 1, 1, 3, 3, 1, 1, 3, 3, 1 ], [ 1, 3, 3, 1, 3, 1, -2, 1, 3, 1, 3, 3, 3, 1, 3, 3, 3 ], 
          [ 3, 3, 1, 1, 3, 1, 1, -2, 1, 3, 3, 1, 3, 3, 3, 3, 3 ], [ 3, 1, 1, 1, 1, 1, 3, 1, -2, 3, 1, 1, 3, 3, 1, 1, 1 ], 
          [ 3, 3, 3, 1, 1, 1, 1, 3, 3, -2, 3, 3, 1, 1, 3, 3, 3 ], [ 3, 3, 3, 3, 1, 3, 3, 3, 1, 3, -2, 1, 3, 3, 1, 1, 1 ], 
          [ 3, 3, 1, 3, 1, 3, 3, 1, 1, 3, 1, -2, 3, 3, 1, 1, 3 ], [ 1, 1, 1, 3, 3, 1, 3, 3, 3, 1, 3, 3, -2, 1, 3, 1, 1 ], 
          [ 1, 1, 3, 3, 3, 1, 1, 3, 3, 1, 3, 3, 1, -2, 3, 3, 1 ], [ 1, 1, 1, 3, 1, 3, 3, 3, 1, 3, 1, 1, 3, 3, -2, 1, 1 ], 
          [ 1, 1, 1, 3, 3, 3, 3, 3, 1, 3, 1, 1, 1, 3, 1, -2, 1 ], [ 1, 1, 1, 3, 3, 1, 3, 3, 1, 3, 1, 3, 1, 1, 1, 1, -2 ] ] ], 
  [ [ 0, 487 ], [ [ -2, 1, 1, 3, 3, 3, 1, 3, 3, 3, 3, 3, 1, 1, 1, 1, 3 ], [ 1, -2, 1, 3, 3, 1, 3, 3, 1, 3, 3, 3, 3, 1, 3, 3, 3 ], 
          [ 1, 1, -2, 3, 3, 1, 3, 1, 1, 3, 3, 1, 3, 1, 3, 1, 3 ], [ 3, 3, 3, -2, 1, 1, 1, 1, 1, 1, 3, 3, 1, 3, 1, 3, 3 ], 
          [ 3, 3, 3, 1, -2, 3, 3, 3, 1, 1, 1, 1, 1, 3, 1, 3, 1 ], [ 3, 1, 1, 1, 3, -2, 1, 1, 1, 1, 3, 3, 3, 1, 3, 3, 3 ], 
          [ 1, 3, 3, 1, 3, 1, -2, 1, 3, 1, 3, 3, 1, 1, 1, 1, 3 ], [ 3, 3, 1, 1, 3, 1, 1, -2, 1, 3, 3, 1, 3, 1, 3, 1, 3 ], 
          [ 3, 1, 1, 1, 1, 1, 3, 1, -2, 3, 1, 1, 3, 3, 3, 3, 3 ], [ 3, 3, 3, 1, 1, 1, 1, 3, 3, -2, 3, 3, 1, 3, 1, 3, 1 ], 
          [ 3, 3, 3, 3, 1, 3, 3, 3, 1, 3, -2, 1, 3, 3, 3, 3, 1 ], [ 3, 3, 1, 3, 1, 3, 3, 1, 1, 3, 1, -2, 1, 3, 3, 1, 1 ], 
          [ 1, 3, 3, 1, 1, 3, 1, 3, 3, 1, 3, 1, -2, 3, 1, 1, 1 ], [ 1, 1, 1, 3, 3, 1, 1, 1, 3, 3, 3, 3, 3, -2, 3, 1, 3 ], 
          [ 1, 3, 3, 1, 1, 3, 1, 3, 3, 1, 3, 3, 1, 3, -2, 1, 3 ], [ 1, 3, 1, 3, 3, 3, 1, 1, 3, 3, 3, 1, 1, 1, 1, -2, 3 ], 
          [ 3, 3, 3, 3, 1, 3, 3, 3, 3, 1, 1, 1, 1, 3, 3, 3, -2 ] ] ], 
  [ [ 0, 560 ], [ [ -2, 1, 1, 3, 3, 3, 1, 3, 3, 3, 3, 3, 3, 3, 1, 3, 1 ], [ 1, -2, 1, 3, 3, 1, 3, 3, 1, 3, 3, 1, 3, 3, 3, 3, 1 ], 
          [ 1, 1, -2, 3, 3, 1, 3, 1, 1, 3, 3, 3, 3, 1, 3, 3, 1 ], [ 3, 3, 3, -2, 1, 1, 1, 1, 1, 1, 3, 1, 1, 1, 1, 1, 1 ], 
          [ 3, 3, 3, 1, -2, 3, 3, 3, 1, 1, 1, 1, 1, 3, 1, 1, 3 ], [ 3, 1, 1, 1, 3, -2, 1, 1, 1, 1, 3, 1, 3, 1, 3, 3, 1 ], 
          [ 1, 3, 3, 1, 3, 1, -2, 1, 3, 1, 3, 3, 3, 3, 1, 3, 1 ], [ 3, 3, 1, 1, 3, 1, 1, -2, 1, 3, 3, 3, 1, 1, 3, 1, 1 ], 
          [ 3, 1, 1, 1, 1, 1, 3, 1, -2, 3, 1, 1, 1, 1, 3, 1, 1 ], [ 3, 3, 3, 1, 1, 1, 1, 3, 3, -2, 3, 3, 3, 3, 1, 3, 3 ], 
          [ 3, 3, 3, 3, 1, 3, 3, 3, 1, 3, -2, 1, 1, 1, 3, 1, 3 ], [ 3, 1, 3, 1, 1, 1, 3, 3, 1, 3, 1, -2, 1, 1, 3, 1, 1 ], 
          [ 3, 3, 3, 1, 1, 3, 3, 1, 1, 3, 1, 1, -2, 1, 3, 1, 3 ], [ 3, 3, 1, 1, 3, 1, 3, 1, 1, 3, 1, 1, 1, -2, 3, 1, 1 ], 
          [ 1, 3, 3, 1, 1, 3, 1, 3, 3, 1, 3, 3, 3, 3, -2, 3, 3 ], [ 3, 3, 3, 1, 1, 3, 3, 1, 1, 3, 1, 1, 1, 1, 3, -2, 1 ], 
          [ 1, 1, 1, 1, 3, 1, 1, 1, 1, 3, 3, 1, 3, 1, 3, 1, -2 ] ] ], [ [ 0, 531 ], [ [ -2, 1, 1, 3, 3, 3, 1, 3, 3, 3, 3, 1, 3, 3, 3, 1, 3 ], 
          [ 1, -2, 1, 3, 3, 1, 3, 3, 1, 3, 3, 3, 3, 3, 3, 3, 3 ], [ 1, 1, -2, 3, 3, 1, 3, 1, 1, 3, 3, 3, 3, 3, 3, 3, 3 ], 
          [ 3, 3, 3, -2, 1, 1, 1, 1, 1, 1, 3, 3, 3, 1, 1, 3, 1 ], [ 3, 3, 3, 1, -2, 3, 3, 3, 1, 1, 1, 3, 1, 1, 3, 1, 1 ], 
          [ 3, 1, 1, 1, 3, -2, 1, 1, 1, 1, 3, 3, 3, 3, 1, 3, 3 ], [ 1, 3, 3, 1, 3, 1, -2, 1, 3, 1, 3, 1, 3, 3, 1, 1, 3 ], 
          [ 3, 3, 1, 1, 3, 1, 1, -2, 1, 3, 3, 1, 3, 3, 1, 3, 1 ], [ 3, 1, 1, 1, 1, 1, 3, 1, -2, 3, 1, 3, 3, 1, 3, 3, 1 ], 
          [ 3, 3, 3, 1, 1, 1, 1, 3, 3, -2, 3, 3, 1, 1, 1, 1, 3 ], [ 3, 3, 3, 3, 1, 3, 3, 3, 1, 3, -2, 1, 1, 1, 3, 1, 1 ], 
          [ 1, 3, 3, 3, 3, 3, 1, 1, 3, 3, 1, -2, 3, 3, 1, 1, 1 ], [ 3, 3, 3, 3, 1, 3, 3, 3, 3, 1, 1, 3, -2, 1, 3, 1, 3 ], 
          [ 3, 3, 3, 1, 1, 3, 3, 3, 1, 1, 1, 3, 1, -2, 1, 3, 1 ], [ 3, 3, 3, 1, 3, 1, 1, 1, 3, 1, 3, 1, 3, 1, -2, 3, 1 ], 
          [ 1, 3, 3, 3, 1, 3, 1, 3, 3, 1, 1, 1, 1, 3, 3, -2, 3 ], [ 3, 3, 3, 1, 1, 3, 3, 1, 1, 3, 1, 1, 3, 1, 1, 3, -2 ] ] ], 
  [ [ 0, 368 ], [ [ -2, 1, 1, 3, 3, 3, 1, 3, 3, 3, 3, 3, 1, 1, 1, 1, 3 ], [ 1, -2, 1, 3, 3, 1, 3, 3, 1, 3, 3, 3, 3, 3, 1, 1, 1 ], 
          [ 1, 1, -2, 3, 3, 1, 3, 1, 1, 3, 3, 3, 3, 3, 3, 3, 1 ], [ 3, 3, 3, -2, 1, 1, 1, 1, 1, 1, 3, 1, 1, 3, 3, 3, 1 ], 
          [ 3, 3, 3, 1, -2, 3, 3, 3, 1, 1, 1, 1, 1, 3, 3, 3, 3 ], [ 3, 1, 1, 1, 3, -2, 1, 1, 1, 1, 3, 3, 3, 3, 3, 3, 1 ], 
          [ 1, 3, 3, 1, 3, 1, -2, 1, 3, 1, 3, 3, 1, 1, 1, 1, 3 ], [ 3, 3, 1, 1, 3, 1, 1, -2, 1, 3, 3, 1, 3, 1, 3, 3, 1 ], 
          [ 3, 1, 1, 1, 1, 1, 3, 1, -2, 3, 1, 1, 3, 3, 3, 3, 1 ], [ 3, 3, 3, 1, 1, 1, 1, 3, 3, -2, 3, 3, 1, 3, 3, 1, 3 ], 
          [ 3, 3, 3, 3, 1, 3, 3, 3, 1, 3, -2, 1, 3, 1, 1, 3, 3 ], [ 3, 3, 3, 1, 1, 3, 3, 1, 1, 3, 1, -2, 3, 1, 3, 3, 1 ], 
          [ 1, 3, 3, 1, 1, 3, 1, 3, 3, 1, 3, 3, -2, 3, 3, 1, 3 ], [ 1, 3, 3, 3, 3, 3, 1, 1, 3, 3, 1, 1, 3, -2, 1, 1, 3 ], 
          [ 1, 1, 3, 3, 3, 3, 1, 3, 3, 3, 1, 3, 3, 1, -2, 1, 3 ], [ 1, 1, 3, 3, 3, 3, 1, 3, 3, 1, 3, 3, 1, 1, 1, -2, 3 ], 
          [ 3, 1, 1, 1, 3, 1, 3, 1, 1, 3, 3, 1, 3, 3, 3, 3, -2 ] ] ], 
  [ [ 0, 860 ], [ [ -2, 1, 1, 3, 3, 3, 1, 3, 3, 3, 3, 3, 1, 1, 1, 3, 1 ], [ 1, -2, 1, 3, 3, 1, 3, 3, 1, 3, 3, 3, 3, 1, 1, 3, 1 ], 
          [ 1, 1, -2, 3, 3, 1, 3, 1, 1, 3, 3, 3, 3, 3, 3, 1, 1 ], [ 3, 3, 3, -2, 1, 1, 1, 1, 1, 1, 3, 1, 1, 3, 3, 3, 3 ], 
          [ 3, 3, 3, 1, -2, 3, 3, 3, 1, 1, 1, 1, 1, 3, 3, 3, 3 ], [ 3, 1, 1, 1, 3, -2, 1, 1, 1, 1, 3, 3, 3, 1, 3, 3, 1 ], 
          [ 1, 3, 3, 1, 3, 1, -2, 1, 3, 1, 3, 3, 1, 1, 3, 3, 3 ], [ 3, 3, 1, 1, 3, 1, 1, -2, 1, 3, 3, 1, 3, 3, 3, 1, 3 ], 
          [ 3, 1, 1, 1, 1, 1, 3, 1, -2, 3, 1, 1, 3, 3, 3, 1, 3 ], [ 3, 3, 3, 1, 1, 1, 1, 3, 3, -2, 3, 3, 1, 1, 3, 3, 1 ], 
          [ 3, 3, 3, 3, 1, 3, 3, 3, 1, 3, -2, 1, 3, 3, 1, 1, 3 ], [ 3, 3, 3, 1, 1, 3, 3, 1, 1, 3, 1, -2, 3, 3, 1, 1, 3 ], 
          [ 1, 3, 3, 1, 1, 3, 1, 3, 3, 1, 3, 3, -2, 1, 3, 3, 3 ], [ 1, 1, 3, 3, 3, 1, 1, 3, 3, 1, 3, 3, 1, -2, 1, 3, 1 ], 
          [ 1, 1, 3, 3, 3, 3, 3, 3, 3, 3, 1, 1, 3, 1, -2, 3, 1 ], [ 3, 3, 1, 3, 3, 3, 3, 1, 1, 3, 1, 1, 3, 3, 3, -2, 3 ], 
          [ 1, 1, 1, 3, 3, 1, 3, 3, 3, 1, 3, 3, 3, 1, 1, 3, -2 ] ] ], [ [ 0, 262 ], [ [ -2, 1, 1, 3, 3, 3, 1, 3, 3, 3, 3, 3, 3, 1, 3, 3, 1 ], 
          [ 1, -2, 1, 3, 3, 1, 3, 3, 1, 3, 3, 3, 1, 1, 3, 1, 1 ], [ 1, 1, -2, 3, 3, 1, 3, 1, 1, 3, 3, 3, 1, 1, 3, 1, 1 ], 
          [ 3, 3, 3, -2, 1, 1, 1, 1, 1, 1, 3, 1, 3, 3, 3, 3, 3 ], [ 3, 3, 3, 1, -2, 3, 3, 3, 1, 1, 1, 1, 1, 3, 1, 3, 3 ], 
          [ 3, 1, 1, 1, 3, -2, 1, 1, 1, 1, 3, 3, 1, 1, 3, 1, 3 ], [ 1, 3, 3, 1, 3, 1, -2, 1, 3, 1, 3, 3, 3, 1, 3, 3, 3 ], 
          [ 3, 3, 1, 1, 3, 1, 1, -2, 1, 3, 3, 1, 3, 3, 3, 1, 3 ], [ 3, 1, 1, 1, 1, 1, 3, 1, -2, 3, 1, 1, 1, 3, 3, 1, 3 ], 
          [ 3, 3, 3, 1, 1, 1, 1, 3, 3, -2, 3, 3, 1, 1, 1, 3, 3 ], [ 3, 3, 3, 3, 1, 3, 3, 3, 1, 3, -2, 1, 1, 3, 1, 1, 3 ], 
          [ 3, 3, 3, 1, 1, 3, 3, 1, 1, 3, 1, -2, 3, 3, 1, 3, 3 ], [ 3, 1, 1, 3, 1, 1, 3, 3, 1, 1, 1, 3, -2, 1, 1, 1, 3 ], 
          [ 1, 1, 1, 3, 3, 1, 1, 3, 3, 1, 3, 3, 1, -2, 1, 3, 1 ], [ 3, 3, 3, 3, 1, 3, 3, 3, 3, 1, 1, 1, 1, 1, -2, 3, 1 ], 
          [ 3, 1, 1, 3, 3, 1, 3, 1, 1, 3, 1, 3, 1, 3, 3, -2, 3 ], [ 1, 1, 1, 3, 3, 3, 3, 3, 3, 3, 3, 3, 3, 1, 1, 3, -2 ] ] ], 
  [ [ 0, 280 ], [ [ -2, 1, 1, 3, 3, 3, 1, 3, 3, 3, 3, 3, 3, 3, 1, 3, 1 ], [ 1, -2, 1, 3, 3, 1, 3, 3, 1, 3, 3, 3, 1, 1, 1, 3, 3 ], 
          [ 1, 1, -2, 3, 3, 1, 3, 1, 1, 3, 3, 3, 1, 1, 1, 3, 3 ], [ 3, 3, 3, -2, 1, 1, 1, 1, 1, 1, 3, 1, 3, 3, 3, 1, 3 ], 
          [ 3, 3, 3, 1, -2, 3, 3, 3, 1, 1, 1, 1, 3, 1, 3, 1, 1 ], [ 3, 1, 1, 1, 3, -2, 1, 1, 1, 1, 3, 3, 1, 1, 1, 1, 3 ], 
          [ 1, 3, 3, 1, 3, 1, -2, 1, 3, 1, 3, 3, 3, 3, 1, 1, 1 ], [ 3, 3, 1, 1, 3, 1, 1, -2, 1, 3, 3, 1, 3, 3, 3, 1, 3 ], 
          [ 3, 1, 1, 1, 1, 1, 3, 1, -2, 3, 1, 1, 3, 1, 3, 1, 3 ], [ 3, 3, 3, 1, 1, 1, 1, 3, 3, -2, 3, 3, 1, 1, 1, 1, 1 ], 
          [ 3, 3, 3, 3, 1, 3, 3, 3, 1, 3, -2, 1, 3, 1, 3, 1, 1 ], [ 3, 3, 3, 1, 1, 3, 3, 1, 1, 3, 1, -2, 3, 3, 3, 1, 1 ], 
          [ 3, 1, 1, 3, 3, 1, 3, 3, 3, 1, 3, 3, -2, 1, 1, 3, 3 ], [ 3, 1, 1, 3, 1, 1, 3, 3, 1, 1, 1, 3, 1, -2, 1, 1, 1 ], 
          [ 1, 1, 1, 3, 3, 1, 1, 3, 3, 1, 3, 3, 1, 1, -2, 3, 1 ], [ 3, 3, 3, 1, 1, 1, 1, 1, 1, 1, 1, 1, 3, 1, 3, -2, 1 ], 
          [ 1, 3, 3, 3, 1, 3, 1, 3, 3, 1, 1, 1, 3, 1, 1, 1, -2 ] ] ], 
  [ [ 0, 486 ], [ [ -2, 1, 1, 3, 3, 3, 1, 3, 3, 3, 3, 3, 1, 3, 1, 3, 1 ], [ 1, -2, 1, 3, 3, 1, 3, 3, 1, 3, 3, 3, 3, 3, 3, 3, 1 ], 
          [ 1, 1, -2, 3, 3, 1, 3, 1, 1, 3, 3, 3, 3, 3, 3, 1, 1 ], [ 3, 3, 3, -2, 1, 1, 1, 1, 1, 1, 3, 1, 3, 1, 1, 1, 3 ], 
          [ 3, 3, 3, 1, -2, 3, 3, 3, 1, 1, 1, 1, 3, 1, 3, 1, 1 ], [ 3, 1, 1, 1, 3, -2, 1, 1, 1, 1, 3, 3, 3, 3, 3, 3, 3 ], 
          [ 1, 3, 3, 1, 3, 1, -2, 1, 3, 1, 3, 3, 1, 3, 1, 3, 3 ], [ 3, 3, 1, 1, 3, 1, 1, -2, 1, 3, 3, 1, 1, 1, 1, 1, 3 ], 
          [ 3, 1, 1, 1, 1, 1, 3, 1, -2, 3, 1, 1, 3, 1, 3, 1, 1 ], [ 3, 3, 3, 1, 1, 1, 1, 3, 3, -2, 3, 3, 3, 3, 3, 3, 3 ], 
          [ 3, 3, 3, 3, 1, 3, 3, 3, 1, 3, -2, 1, 1, 1, 3, 1, 1 ], [ 3, 3, 3, 1, 1, 3, 3, 1, 1, 3, 1, -2, 1, 1, 1, 1, 3 ], 
          [ 1, 3, 3, 3, 3, 3, 1, 1, 3, 3, 1, 1, -2, 1, 1, 3, 3 ], [ 3, 3, 3, 1, 1, 3, 3, 1, 1, 3, 1, 1, 1, -2, 1, 1, 3 ], 
          [ 1, 3, 3, 1, 3, 3, 1, 1, 3, 3, 3, 1, 1, 1, -2, 3, 3 ], [ 3, 3, 1, 1, 1, 3, 3, 1, 1, 3, 1, 1, 3, 1, 3, -2, 1 ], 
          [ 1, 1, 1, 3, 1, 3, 3, 3, 1, 3, 1, 3, 3, 3, 3, 1, -2 ] ] ], [ [ 0, 579 ], [ [ -2, 1, 1, 3, 3, 3, 1, 3, 3, 3, 3, 1, 1, 1, 1, 3, 1 ], 
          [ 1, -2, 1, 3, 3, 1, 3, 3, 1, 3, 3, 1, 1, 1, 1, 3, 3 ], [ 1, 1, -2, 3, 3, 1, 3, 1, 1, 3, 3, 1, 1, 1, 1, 3, 1 ], 
          [ 3, 3, 3, -2, 1, 1, 1, 1, 1, 1, 3, 3, 1, 3, 3, 3, 3 ], [ 3, 3, 3, 1, -2, 3, 3, 3, 1, 1, 1, 3, 3, 1, 1, 1, 3 ], 
          [ 3, 1, 1, 1, 3, -2, 1, 1, 1, 1, 3, 1, 1, 3, 3, 3, 3 ], [ 1, 3, 3, 1, 3, 1, -2, 1, 3, 1, 3, 1, 1, 3, 3, 3, 1 ], 
          [ 3, 3, 1, 1, 3, 1, 1, -2, 1, 3, 3, 1, 1, 3, 3, 3, 1 ], [ 3, 1, 1, 1, 1, 1, 3, 1, -2, 3, 1, 3, 1, 1, 1, 3, 3 ], 
          [ 3, 3, 3, 1, 1, 1, 1, 3, 3, -2, 3, 3, 3, 3, 3, 1, 3 ], [ 3, 3, 3, 3, 1, 3, 3, 3, 1, 3, -2, 3, 3, 1, 1, 1, 3 ], 
          [ 1, 1, 1, 3, 3, 1, 1, 1, 3, 3, 3, -2, 1, 1, 3, 3, 1 ], [ 1, 1, 1, 1, 3, 1, 1, 1, 1, 3, 3, 1, -2, 1, 3, 3, 1 ], 
          [ 1, 1, 1, 3, 1, 3, 3, 3, 1, 3, 1, 1, 1, -2, 1, 1, 1 ], [ 1, 1, 1, 3, 1, 3, 3, 3, 1, 3, 1, 3, 3, 1, -2, 3, 3 ], 
          [ 3, 3, 3, 3, 1, 3, 3, 3, 3, 1, 1, 3, 3, 1, 3, -2, 1 ], [ 1, 3, 1, 3, 3, 3, 1, 1, 3, 3, 3, 1, 1, 1, 3, 1, -2 ] ] ], 
  [ [ 0, 400 ], [ [ -2, 1, 1, 3, 3, 3, 1, 3, 3, 3, 3, 1, 1, 1, 1, 1, 1 ], [ 1, -2, 1, 3, 3, 1, 3, 3, 1, 3, 3, 1, 1, 1, 1, 1, 1 ], 
          [ 1, 1, -2, 3, 3, 1, 3, 1, 1, 3, 3, 1, 1, 1, 1, 1, 3 ], [ 3, 3, 3, -2, 1, 1, 1, 1, 1, 1, 3, 3, 1, 3, 3, 3, 1 ], 
          [ 3, 3, 3, 1, -2, 3, 3, 3, 1, 1, 1, 3, 3, 1, 3, 3, 3 ], [ 3, 1, 1, 1, 3, -2, 1, 1, 1, 1, 3, 1, 1, 3, 1, 3, 1 ], 
          [ 1, 3, 3, 1, 3, 1, -2, 1, 3, 1, 3, 1, 1, 3, 1, 3, 1 ], [ 3, 3, 1, 1, 3, 1, 1, -2, 1, 3, 3, 1, 1, 3, 3, 1, 3 ], 
          [ 3, 1, 1, 1, 1, 1, 3, 1, -2, 3, 1, 3, 1, 1, 3, 1, 3 ], [ 3, 3, 3, 1, 1, 1, 1, 3, 3, -2, 3, 3, 3, 3, 1, 3, 1 ], 
          [ 3, 3, 3, 3, 1, 3, 3, 3, 1, 3, -2, 3, 3, 1, 3, 3, 3 ], [ 1, 1, 1, 3, 3, 1, 1, 1, 3, 3, 3, -2, 1, 3, 1, 3, 1 ], 
          [ 1, 1, 1, 1, 3, 1, 1, 1, 1, 3, 3, 1, -2, 1, 3, 1, 1 ], [ 1, 1, 1, 3, 1, 3, 3, 3, 1, 3, 1, 3, 1, -2, 3, 1, 3 ], 
          [ 1, 1, 1, 3, 3, 1, 1, 3, 3, 1, 3, 1, 3, 3, -2, 3, 1 ], [ 1, 1, 1, 3, 3, 3, 3, 1, 1, 3, 3, 3, 1, 1, 3, -2, 3 ], 
          [ 1, 1, 3, 1, 3, 1, 1, 3, 3, 1, 3, 1, 1, 3, 1, 3, -2 ] ] ], 
  [ [ 0, 141 ], [ [ -2, 1, 1, 3, 3, 3, 1, 3, 3, 3, 3, 1, 1, 3, 1, 1, 1 ], [ 1, -2, 1, 3, 3, 1, 3, 3, 1, 3, 3, 1, 1, 1, 3, 1, 1 ], 
          [ 1, 1, -2, 3, 3, 1, 3, 1, 1, 3, 3, 1, 1, 1, 3, 1, 1 ], [ 3, 3, 3, -2, 1, 1, 1, 1, 1, 1, 3, 3, 1, 3, 3, 3, 1 ], 
          [ 3, 3, 3, 1, -2, 3, 3, 3, 1, 1, 1, 3, 3, 3, 3, 1, 3 ], [ 3, 1, 1, 1, 3, -2, 1, 1, 1, 1, 3, 1, 1, 1, 3, 3, 1 ], 
          [ 1, 3, 3, 1, 3, 1, -2, 1, 3, 1, 3, 1, 1, 3, 1, 3, 1 ], [ 3, 3, 1, 1, 3, 1, 1, -2, 1, 3, 3, 1, 1, 1, 3, 3, 1 ], 
          [ 3, 1, 1, 1, 1, 1, 3, 1, -2, 3, 1, 3, 1, 1, 3, 1, 1 ], [ 3, 3, 3, 1, 1, 1, 1, 3, 3, -2, 3, 3, 3, 3, 1, 3, 3 ], 
          [ 3, 3, 3, 3, 1, 3, 3, 3, 1, 3, -2, 3, 3, 1, 1, 1, 3 ], [ 1, 1, 1, 3, 3, 1, 1, 1, 3, 3, 3, -2, 1, 1, 3, 1, 1 ], 
          [ 1, 1, 1, 1, 3, 1, 1, 1, 1, 3, 3, 1, -2, 1, 3, 1, 1 ], [ 3, 1, 1, 3, 3, 1, 3, 1, 1, 3, 1, 1, 1, -2, 3, 1, 1 ], 
          [ 1, 3, 3, 3, 3, 3, 1, 3, 3, 1, 1, 3, 3, 3, -2, 3, 3 ], [ 1, 1, 1, 3, 1, 3, 3, 3, 1, 3, 1, 1, 1, 1, 3, -2, 1 ], 
          [ 1, 1, 1, 1, 3, 1, 1, 1, 1, 3, 3, 1, 1, 1, 3, 1, -2 ] ] ], [ [ 0, 463 ], [ [ -2, 1, 1, 3, 3, 3, 1, 3, 3, 3, 3, 1, 1, 1, 3, 1, 3 ], 
          [ 1, -2, 1, 3, 3, 1, 3, 3, 1, 3, 3, 1, 1, 1, 1, 1, 3 ], [ 1, 1, -2, 3, 3, 1, 3, 1, 1, 3, 3, 3, 1, 1, 1, 1, 3 ], 
          [ 3, 3, 3, -2, 1, 1, 1, 1, 1, 1, 3, 3, 3, 3, 3, 3, 1 ], [ 3, 3, 3, 1, -2, 3, 3, 3, 1, 1, 1, 1, 3, 3, 3, 1, 3 ], 
          [ 3, 1, 1, 1, 3, -2, 1, 1, 1, 1, 3, 3, 1, 3, 1, 3, 1 ], [ 1, 3, 3, 1, 3, 1, -2, 1, 3, 1, 3, 1, 1, 3, 3, 3, 1 ], 
          [ 3, 3, 1, 1, 3, 1, 1, -2, 1, 3, 3, 3, 1, 3, 1, 3, 1 ], [ 3, 1, 1, 1, 1, 1, 3, 1, -2, 3, 1, 3, 3, 1, 1, 3, 3 ], 
          [ 3, 3, 3, 1, 1, 1, 1, 3, 3, -2, 3, 1, 3, 3, 3, 3, 1 ], [ 3, 3, 3, 3, 1, 3, 3, 3, 1, 3, -2, 3, 3, 1, 1, 3, 3 ], 
          [ 1, 1, 3, 3, 1, 3, 1, 3, 3, 1, 3, -2, 1, 3, 3, 1, 3 ], [ 1, 1, 1, 3, 3, 1, 1, 1, 3, 3, 3, 1, -2, 3, 1, 1, 1 ], 
          [ 1, 1, 1, 3, 3, 3, 3, 3, 1, 3, 1, 3, 3, -2, 1, 3, 3 ], [ 3, 1, 1, 3, 3, 1, 3, 1, 1, 3, 1, 3, 1, 1, -2, 3, 1 ], 
          [ 1, 1, 1, 3, 1, 3, 3, 3, 3, 3, 3, 1, 1, 3, 3, -2, 3 ], [ 3, 3, 3, 1, 3, 1, 1, 1, 3, 1, 3, 3, 1, 3, 1, 3, -2 ] ] ], 
  [ [ 0, 766 ], [ [ -2, 1, 1, 3, 3, 3, 1, 3, 3, 3, 3, 1, 1, 1, 3, 3, 1 ], [ 1, -2, 1, 3, 3, 1, 3, 3, 1, 3, 3, 1, 1, 1, 3, 3, 1 ], 
          [ 1, 1, -2, 3, 3, 1, 3, 1, 1, 3, 3, 3, 1, 1, 3, 3, 3 ], [ 3, 3, 3, -2, 1, 1, 1, 1, 1, 1, 3, 3, 1, 3, 3, 1, 1 ], 
          [ 3, 3, 3, 1, -2, 3, 3, 3, 1, 1, 1, 1, 3, 3, 1, 1, 3 ], [ 3, 1, 1, 1, 3, -2, 1, 1, 1, 1, 3, 3, 1, 3, 3, 3, 1 ], 
          [ 1, 3, 3, 1, 3, 1, -2, 1, 3, 1, 3, 1, 1, 3, 3, 3, 1 ], [ 3, 3, 1, 1, 3, 1, 1, -2, 1, 3, 3, 3, 1, 3, 3, 1, 3 ], 
          [ 3, 1, 1, 1, 1, 1, 3, 1, -2, 3, 1, 3, 1, 3, 3, 1, 3 ], [ 3, 3, 3, 1, 1, 1, 1, 3, 3, -2, 3, 1, 3, 1, 1, 3, 1 ], 
          [ 3, 3, 3, 3, 1, 3, 3, 3, 1, 3, -2, 3, 3, 3, 1, 1, 3 ], [ 1, 1, 3, 3, 1, 3, 1, 3, 3, 1, 3, -2, 3, 1, 1, 3, 1 ], 
          [ 1, 1, 1, 1, 3, 1, 1, 1, 1, 3, 3, 3, -2, 3, 3, 1, 3 ], [ 1, 1, 1, 3, 3, 3, 3, 3, 3, 1, 3, 1, 3, -2, 1, 3, 1 ], 
          [ 3, 3, 3, 3, 1, 3, 3, 3, 3, 1, 1, 1, 3, 1, -2, 1, 3 ], [ 3, 3, 3, 1, 1, 3, 3, 1, 1, 3, 1, 3, 1, 3, 1, -2, 3 ], 
          [ 1, 1, 3, 1, 3, 1, 1, 3, 3, 1, 3, 1, 3, 1, 3, 3, -2 ] ] ], 
  [ [ 0, 339 ], [ [ -2, 1, 1, 3, 3, 3, 1, 3, 3, 3, 3, 3, 3, 3, 3, 3, 3 ], [ 1, -2, 1, 3, 3, 1, 3, 3, 1, 3, 3, 3, 3, 1, 1, 3, 3 ], 
          [ 1, 1, -2, 3, 3, 1, 3, 1, 1, 3, 3, 3, 3, 1, 1, 1, 3 ], [ 3, 3, 3, -2, 1, 1, 1, 1, 1, 1, 3, 1, 3, 1, 3, 1, 1 ], 
          [ 3, 3, 3, 1, -2, 3, 3, 3, 1, 1, 1, 1, 1, 3, 3, 1, 1 ], [ 3, 1, 1, 1, 3, -2, 1, 1, 1, 1, 3, 3, 3, 1, 1, 3, 1 ], 
          [ 1, 3, 3, 1, 3, 1, -2, 1, 3, 1, 3, 3, 3, 3, 3, 3, 1 ], [ 3, 3, 1, 1, 3, 1, 1, -2, 1, 3, 3, 3, 3, 1, 1, 1, 1 ], 
          [ 3, 1, 1, 1, 1, 1, 3, 1, -2, 3, 1, 3, 3, 1, 1, 1, 3 ], [ 3, 3, 3, 1, 1, 1, 1, 3, 3, -2, 3, 1, 1, 3, 3, 3, 1 ], 
          [ 3, 3, 3, 3, 1, 3, 3, 3, 1, 3, -2, 1, 1, 3, 1, 1, 3 ], [ 3, 3, 3, 1, 1, 3, 3, 3, 3, 1, 1, -2, 1, 3, 3, 1, 1 ], 
          [ 3, 3, 3, 3, 1, 3, 3, 3, 3, 1, 1, 1, -2, 3, 3, 3, 1 ], [ 3, 1, 1, 1, 3, 1, 3, 1, 1, 3, 3, 3, 3, -2, 1, 1, 3 ], 
          [ 3, 1, 1, 3, 3, 1, 3, 1, 1, 3, 1, 3, 3, 1, -2, 1, 3 ], [ 3, 3, 1, 1, 1, 3, 3, 1, 1, 3, 1, 1, 3, 1, 1, -2, 3 ], 
          [ 3, 3, 3, 1, 1, 1, 1, 1, 3, 1, 3, 1, 1, 3, 3, 3, -2 ] ] ], [ [ 0, 594 ], [ [ -2, 1, 1, 3, 3, 3, 1, 3, 3, 3, 3, 3, 3, 3, 3, 1, 1 ], 
          [ 1, -2, 1, 3, 3, 1, 3, 3, 1, 3, 3, 3, 3, 3, 3, 1, 1 ], [ 1, 1, -2, 3, 3, 1, 3, 1, 1, 3, 3, 3, 3, 3, 1, 1, 1 ], 
          [ 3, 3, 3, -2, 1, 1, 1, 1, 1, 1, 3, 1, 3, 1, 1, 1, 1 ], [ 3, 3, 3, 1, -2, 3, 3, 3, 1, 1, 1, 1, 1, 3, 1, 3, 1 ], 
          [ 3, 1, 1, 1, 3, -2, 1, 1, 1, 1, 3, 3, 3, 1, 1, 1, 1 ], [ 1, 3, 3, 1, 3, 1, -2, 1, 3, 1, 3, 3, 3, 1, 3, 1, 1 ], 
          [ 3, 3, 1, 1, 3, 1, 1, -2, 1, 3, 3, 3, 3, 1, 1, 1, 1 ], [ 3, 1, 1, 1, 1, 1, 3, 1, -2, 3, 1, 3, 3, 3, 1, 1, 1 ], 
          [ 3, 3, 3, 1, 1, 1, 1, 3, 3, -2, 3, 1, 1, 1, 3, 3, 3 ], [ 3, 3, 3, 3, 1, 3, 3, 3, 1, 3, -2, 1, 1, 3, 1, 3, 3 ], 
          [ 3, 3, 3, 1, 1, 3, 3, 3, 3, 1, 1, -2, 1, 3, 1, 3, 3 ], [ 3, 3, 3, 3, 1, 3, 3, 3, 3, 1, 1, 1, -2, 3, 1, 3, 3 ], 
          [ 3, 3, 3, 1, 3, 1, 1, 1, 3, 1, 3, 3, 3, -2, 3, 3, 3 ], [ 3, 3, 1, 1, 1, 1, 3, 1, 1, 3, 1, 1, 1, 3, -2, 1, 1 ], 
          [ 1, 1, 1, 1, 3, 1, 1, 1, 1, 3, 3, 3, 3, 3, 1, -2, 1 ], [ 1, 1, 1, 1, 1, 1, 1, 1, 1, 3, 3, 3, 3, 3, 1, 1, -2 ] ] ], 
  [ [ 0, 623 ], [ [ -2, 1, 1, 3, 3, 3, 1, 3, 3, 3, 3, 3, 1, 3, 3, 1, 3 ], [ 1, -2, 1, 3, 3, 1, 3, 3, 1, 3, 3, 3, 1, 1, 1, 1, 3 ], 
          [ 1, 1, -2, 3, 3, 1, 3, 1, 1, 3, 3, 3, 1, 3, 1, 1, 3 ], [ 3, 3, 3, -2, 1, 1, 1, 1, 1, 1, 3, 1, 3, 1, 3, 3, 1 ], 
          [ 3, 3, 3, 1, -2, 3, 3, 3, 1, 1, 1, 1, 1, 3, 3, 1, 3 ], [ 3, 1, 1, 1, 3, -2, 1, 1, 1, 1, 3, 3, 1, 1, 1, 3, 1 ], 
          [ 1, 3, 3, 1, 3, 1, -2, 1, 3, 1, 3, 3, 3, 1, 3, 3, 1 ], [ 3, 3, 1, 1, 3, 1, 1, -2, 1, 3, 3, 3, 3, 1, 1, 3, 1 ], 
          [ 3, 1, 1, 1, 1, 1, 3, 1, -2, 3, 1, 3, 1, 1, 1, 1, 3 ], [ 3, 3, 3, 1, 1, 1, 1, 3, 3, -2, 3, 1, 3, 1, 3, 3, 1 ], 
          [ 3, 3, 3, 3, 1, 3, 3, 3, 1, 3, -2, 1, 1, 3, 1, 1, 3 ], [ 3, 3, 3, 1, 1, 3, 3, 3, 3, 1, 1, -2, 3, 3, 3, 1, 1 ], 
          [ 1, 1, 1, 3, 1, 1, 3, 3, 1, 3, 1, 3, -2, 3, 1, 1, 3 ], [ 3, 1, 3, 1, 3, 1, 1, 1, 1, 1, 3, 3, 3, -2, 1, 3, 1 ], 
          [ 3, 1, 1, 3, 3, 1, 3, 1, 1, 3, 1, 3, 1, 1, -2, 3, 3 ], [ 1, 1, 1, 3, 1, 3, 3, 3, 1, 3, 1, 1, 1, 3, 3, -2, 3 ], 
          [ 3, 3, 3, 1, 3, 1, 1, 1, 3, 1, 3, 1, 3, 1, 3, 3, -2 ] ] ], 
  [ [ 0, 628 ], [ [ -2, 1, 1, 3, 3, 3, 1, 3, 3, 3, 3, 1, 1, 3, 3, 3, 1 ], [ 1, -2, 1, 3, 3, 1, 3, 3, 1, 3, 3, 3, 1, 3, 1, 3, 1 ], 
          [ 1, 1, -2, 3, 3, 1, 3, 1, 1, 3, 1, 3, 3, 3, 1, 3, 1 ], [ 3, 3, 3, -2, 1, 1, 1, 1, 1, 1, 3, 3, 3, 1, 1, 3, 3 ], 
          [ 3, 3, 3, 1, -2, 3, 3, 3, 1, 1, 1, 3, 3, 1, 3, 1, 3 ], [ 3, 1, 1, 1, 3, -2, 1, 1, 1, 1, 1, 3, 3, 3, 1, 3, 1 ], 
          [ 1, 3, 3, 1, 3, 1, -2, 1, 3, 1, 3, 1, 3, 3, 3, 3, 1 ], [ 3, 3, 1, 1, 3, 1, 1, -2, 1, 3, 3, 1, 3, 3, 1, 3, 3 ], 
          [ 3, 1, 1, 1, 1, 1, 3, 1, -2, 3, 3, 3, 3, 3, 1, 3, 3 ], [ 3, 3, 3, 1, 1, 1, 1, 3, 3, -2, 1, 3, 3, 1, 3, 1, 1 ], 
          [ 3, 3, 1, 3, 1, 1, 3, 3, 3, 1, -2, 3, 3, 1, 3, 1, 1 ], [ 1, 3, 3, 3, 3, 3, 1, 1, 3, 3, 3, -2, 1, 3, 3, 1, 3 ], 
          [ 1, 1, 3, 3, 3, 3, 3, 3, 3, 3, 3, 1, -2, 3, 1, 1, 3 ], [ 3, 3, 3, 1, 1, 3, 3, 3, 3, 1, 1, 3, 3, -2, 3, 1, 3 ], 
          [ 3, 1, 1, 1, 3, 1, 3, 1, 1, 3, 3, 3, 1, 3, -2, 3, 3 ], [ 3, 3, 3, 3, 1, 3, 3, 3, 3, 1, 1, 1, 1, 1, 3, -2, 3 ], 
          [ 1, 1, 1, 3, 3, 1, 1, 3, 3, 1, 1, 3, 3, 3, 3, 3, -2 ] ] ], [ [ 0, 606 ], [ [ -2, 1, 1, 3, 3, 3, 1, 3, 3, 3, 3, 3, 1, 1, 1, 1, 3 ], 
          [ 1, -2, 1, 3, 3, 1, 3, 3, 1, 3, 3, 3, 1, 1, 1, 1, 3 ], [ 1, 1, -2, 3, 3, 1, 3, 1, 1, 3, 1, 1, 1, 1, 1, 3, 1 ], 
          [ 3, 3, 3, -2, 1, 1, 1, 1, 1, 1, 3, 1, 3, 3, 3, 1, 1 ], [ 3, 3, 3, 1, -2, 3, 3, 3, 1, 1, 1, 1, 1, 3, 3, 3, 1 ], 
          [ 3, 1, 1, 1, 3, -2, 1, 1, 1, 1, 1, 1, 3, 1, 1, 1, 1 ], [ 1, 3, 3, 1, 3, 1, -2, 1, 3, 1, 3, 1, 3, 1, 1, 1, 3 ], 
          [ 3, 3, 1, 1, 3, 1, 1, -2, 1, 3, 3, 1, 1, 3, 3, 3, 1 ], [ 3, 1, 1, 1, 1, 1, 3, 1, -2, 3, 3, 1, 1, 3, 3, 3, 1 ], 
          [ 3, 3, 3, 1, 1, 1, 1, 3, 3, -2, 1, 1, 3, 1, 1, 1, 1 ], [ 3, 3, 1, 3, 1, 1, 3, 3, 3, 1, -2, 1, 3, 1, 1, 3, 1 ], 
          [ 3, 3, 1, 1, 1, 1, 1, 1, 1, 1, 1, -2, 3, 1, 1, 3, 1 ], [ 1, 1, 1, 3, 1, 3, 3, 1, 1, 3, 3, 3, -2, 3, 3, 3, 1 ], 
          [ 1, 1, 1, 3, 3, 1, 1, 3, 3, 1, 1, 1, 3, -2, 1, 1, 3 ], [ 1, 1, 1, 3, 3, 1, 1, 3, 3, 1, 1, 1, 3, 1, -2, 1, 3 ], 
          [ 1, 1, 3, 1, 3, 1, 1, 3, 3, 1, 3, 3, 3, 1, 1, -2, 3 ], [ 3, 3, 1, 1, 1, 1, 3, 1, 1, 1, 1, 1, 1, 3, 3, 3, -2 ] ] ], 
  [ [ 0, 272 ], [ [ -2, 1, 1, 3, 3, 3, 1, 3, 3, 3, 3, 3, 3, 1, 1, 1, 1 ], [ 1, -2, 1, 3, 3, 1, 3, 3, 1, 3, 3, 3, 3, 1, 1, 1, 1 ], 
          [ 1, 1, -2, 3, 3, 1, 3, 1, 1, 3, 1, 1, 3, 1, 1, 3, 1 ], [ 3, 3, 3, -2, 1, 1, 1, 1, 1, 1, 3, 1, 1, 3, 3, 3, 1 ], 
          [ 3, 3, 3, 1, -2, 3, 3, 3, 1, 1, 1, 1, 1, 3, 3, 3, 3 ], [ 3, 1, 1, 1, 3, -2, 1, 1, 1, 1, 1, 1, 3, 1, 3, 3, 1 ], 
          [ 1, 3, 3, 1, 3, 1, -2, 1, 3, 1, 3, 1, 3, 1, 3, 1, 1 ], [ 3, 3, 1, 1, 3, 1, 1, -2, 1, 3, 3, 1, 1, 1, 3, 3, 1 ], 
          [ 3, 1, 1, 1, 1, 1, 3, 1, -2, 3, 3, 1, 1, 1, 1, 3, 1 ], [ 3, 3, 3, 1, 1, 1, 1, 3, 3, -2, 1, 1, 3, 3, 3, 3, 3 ], 
          [ 3, 3, 1, 3, 1, 1, 3, 3, 3, 1, -2, 1, 3, 3, 3, 3, 3 ], [ 3, 3, 1, 1, 1, 1, 1, 1, 1, 1, 1, -2, 3, 3, 3, 3, 1 ], 
          [ 3, 3, 3, 1, 1, 3, 3, 1, 1, 3, 3, 3, -2, 3, 3, 3, 3 ], [ 1, 1, 1, 3, 3, 1, 1, 1, 1, 3, 3, 3, 3, -2, 1, 1, 1 ], 
          [ 1, 1, 1, 3, 3, 3, 3, 3, 1, 3, 3, 3, 3, 1, -2, 1, 1 ], [ 1, 1, 3, 3, 3, 3, 1, 3, 3, 3, 3, 3, 3, 1, 1, -2, 1 ], 
          [ 1, 1, 1, 1, 3, 1, 1, 1, 1, 3, 3, 1, 3, 1, 1, 1, -2 ] ] ], 
  [ [ 0, 254 ], [ [ -2, 1, 1, 3, 3, 3, 1, 3, 3, 3, 3, 3, 1, 1, 3, 1, 1 ], [ 1, -2, 1, 3, 3, 1, 3, 3, 1, 3, 1, 1, 1, 1, 1, 1, 1 ], 
          [ 1, 1, -2, 3, 3, 1, 3, 1, 1, 3, 3, 1, 1, 3, 1, 3, 1 ], [ 3, 3, 3, -2, 1, 1, 1, 1, 1, 1, 1, 3, 3, 3, 1, 1, 1 ], 
          [ 3, 3, 3, 1, -2, 3, 3, 3, 1, 1, 1, 3, 1, 3, 3, 3, 3 ], [ 3, 1, 1, 1, 3, -2, 1, 1, 1, 1, 1, 1, 3, 1, 1, 1, 1 ], 
          [ 1, 3, 3, 1, 3, 1, -2, 1, 3, 1, 3, 3, 3, 1, 3, 1, 1 ], [ 3, 3, 1, 1, 3, 1, 1, -2, 1, 3, 3, 1, 3, 3, 1, 3, 1 ], 
          [ 3, 1, 1, 1, 1, 1, 3, 1, -2, 3, 3, 1, 1, 3, 1, 3, 1 ], [ 3, 3, 3, 1, 1, 1, 1, 3, 3, -2, 1, 3, 3, 1, 3, 1, 3 ], 
          [ 3, 1, 3, 1, 1, 1, 3, 3, 3, 1, -2, 3, 3, 1, 1, 1, 3 ], [ 3, 1, 1, 3, 3, 1, 3, 1, 1, 3, 3, -2, 1, 3, 1, 3, 1 ], 
          [ 1, 1, 1, 3, 1, 3, 3, 3, 1, 3, 3, 1, -2, 3, 3, 3, 1 ], [ 1, 1, 3, 3, 3, 1, 1, 3, 3, 1, 1, 3, 3, -2, 3, 1, 3 ], 
          [ 3, 1, 1, 1, 3, 1, 3, 1, 1, 3, 1, 1, 3, 3, -2, 3, 1 ], [ 1, 1, 3, 1, 3, 1, 1, 3, 3, 1, 1, 3, 3, 1, 3, -2, 1 ], 
          [ 1, 1, 1, 1, 3, 1, 1, 1, 1, 3, 3, 1, 1, 3, 1, 1, -2 ] ] ], [ [ 0, 656 ], [ [ -2, 1, 1, 3, 3, 3, 1, 3, 3, 3, 3, 1, 1, 1, 3, 3, 1 ], 
          [ 1, -2, 1, 3, 3, 1, 3, 3, 1, 3, 1, 3, 3, 1, 1, 1, 1 ], [ 1, 1, -2, 3, 3, 1, 3, 1, 1, 3, 3, 3, 1, 1, 1, 1, 1 ], 
          [ 3, 3, 3, -2, 1, 1, 1, 1, 1, 1, 1, 3, 3, 3, 1, 1, 3 ], [ 3, 3, 3, 1, -2, 3, 3, 3, 1, 1, 1, 3, 3, 3, 1, 3, 3 ], 
          [ 3, 1, 1, 1, 3, -2, 1, 1, 1, 1, 1, 3, 1, 1, 1, 1, 1 ], [ 1, 3, 3, 1, 3, 1, -2, 1, 3, 1, 3, 1, 1, 1, 3, 3, 1 ], 
          [ 3, 3, 1, 1, 3, 1, 1, -2, 1, 3, 3, 1, 1, 1, 1, 1, 1 ], [ 3, 1, 1, 1, 1, 1, 3, 1, -2, 3, 3, 3, 3, 1, 1, 1, 3 ], 
          [ 3, 3, 3, 1, 1, 1, 1, 3, 3, -2, 1, 3, 1, 3, 3, 3, 3 ], [ 3, 1, 3, 1, 1, 1, 3, 3, 3, 1, -2, 3, 3, 3, 1, 1, 1 ], 
          [ 1, 3, 3, 3, 3, 3, 1, 1, 3, 3, 3, -2, 1, 1, 3, 3, 1 ], [ 1, 3, 1, 3, 3, 1, 1, 1, 3, 1, 3, 1, -2, 1, 3, 3, 1 ], 
          [ 1, 1, 1, 3, 3, 1, 1, 1, 1, 3, 3, 1, 1, -2, 3, 3, 1 ], [ 3, 1, 1, 1, 1, 1, 3, 1, 1, 3, 1, 3, 3, 3, -2, 1, 1 ], 
          [ 3, 1, 1, 1, 3, 1, 3, 1, 1, 3, 1, 3, 3, 3, 1, -2, 1 ], [ 1, 1, 1, 3, 3, 1, 1, 1, 3, 3, 1, 1, 1, 1, 1, 1, -2 ] ] ], 
  [ [ 0, 398 ], [ [ -2, 1, 1, 3, 3, 3, 1, 3, 3, 3, 3, 1, 3, 1, 1, 1, 3 ], [ 1, -2, 1, 3, 3, 1, 3, 3, 1, 3, 1, 3, 3, 3, 1, 1, 1 ], 
          [ 1, 1, -2, 3, 3, 1, 3, 1, 1, 3, 3, 3, 1, 3, 1, 1, 3 ], [ 3, 3, 3, -2, 1, 1, 1, 1, 1, 1, 1, 3, 1, 3, 3, 3, 1 ], 
          [ 3, 3, 3, 1, -2, 3, 3, 3, 1, 1, 1, 3, 1, 1, 3, 1, 1 ], [ 3, 1, 1, 1, 3, -2, 1, 1, 1, 1, 1, 3, 1, 3, 3, 3, 1 ], 
          [ 1, 3, 3, 1, 3, 1, -2, 1, 3, 1, 3, 1, 1, 1, 3, 3, 3 ], [ 3, 3, 1, 1, 3, 1, 1, -2, 1, 3, 3, 1, 1, 3, 3, 3, 3 ], 
          [ 3, 1, 1, 1, 1, 1, 3, 1, -2, 3, 3, 3, 1, 3, 1, 1, 1 ], [ 3, 3, 3, 1, 1, 1, 1, 3, 3, -2, 1, 3, 1, 1, 3, 3, 1 ], 
          [ 3, 1, 3, 1, 1, 1, 3, 3, 3, 1, -2, 3, 3, 3, 3, 3, 1 ], [ 1, 3, 3, 3, 3, 3, 1, 1, 3, 3, 3, -2, 3, 1, 3, 3, 3 ], 
          [ 3, 3, 1, 1, 1, 1, 1, 1, 1, 1, 3, 3, -2, 1, 3, 1, 3 ], [ 1, 3, 3, 3, 1, 3, 1, 3, 3, 1, 3, 1, 1, -2, 3, 1, 3 ], 
          [ 1, 1, 1, 3, 3, 3, 3, 3, 1, 3, 3, 3, 3, 3, -2, 1, 3 ], [ 1, 1, 1, 3, 1, 3, 3, 3, 1, 3, 3, 3, 1, 1, 1, -2, 3 ], 
          [ 3, 1, 3, 1, 1, 1, 3, 3, 1, 1, 1, 3, 3, 3, 3, 3, -2 ] ] ], 
  [ [ 0, 865 ], [ [ -2, 1, 1, 3, 3, 3, 1, 3, 3, 3, 3, 1, 3, 3, 3, 1, 1 ], [ 1, -2, 1, 3, 3, 1, 3, 3, 1, 3, 1, 3, 1, 1, 3, 1, 3 ], 
          [ 1, 1, -2, 3, 3, 1, 3, 1, 1, 3, 3, 3, 1, 3, 3, 3, 3 ], [ 3, 3, 3, -2, 1, 1, 1, 1, 1, 1, 1, 3, 3, 3, 1, 3, 3 ], 
          [ 3, 3, 3, 1, -2, 3, 3, 3, 1, 1, 1, 3, 1, 3, 3, 3, 3 ], [ 3, 1, 1, 1, 3, -2, 1, 1, 1, 1, 1, 3, 1, 1, 1, 1, 3 ], 
          [ 1, 3, 3, 1, 3, 1, -2, 1, 3, 1, 3, 1, 3, 1, 1, 1, 1 ], [ 3, 3, 1, 1, 3, 1, 1, -2, 1, 3, 3, 1, 3, 3, 1, 3, 3 ], 
          [ 3, 1, 1, 1, 1, 1, 3, 1, -2, 3, 3, 3, 1, 3, 3, 3, 3 ], [ 3, 3, 3, 1, 1, 1, 1, 3, 3, -2, 1, 3, 1, 1, 1, 1, 3 ], 
          [ 3, 1, 3, 1, 1, 1, 3, 3, 3, 1, -2, 3, 1, 1, 1, 1, 3 ], [ 1, 3, 3, 3, 3, 3, 1, 1, 3, 3, 3, -2, 3, 3, 1, 1, 1 ], 
          [ 3, 1, 1, 3, 1, 1, 3, 3, 1, 1, 1, 3, -2, 1, 3, 1, 3 ], [ 3, 1, 3, 3, 3, 1, 1, 3, 3, 1, 1, 3, 1, -2, 1, 1, 1 ], 
          [ 3, 3, 3, 1, 3, 1, 1, 1, 3, 1, 1, 1, 3, 1, -2, 1, 1 ], [ 1, 1, 3, 3, 3, 1, 1, 3, 3, 1, 1, 1, 1, 1, 1, -2, 1 ], 
          [ 1, 3, 3, 3, 3, 3, 1, 3, 3, 3, 3, 1, 3, 1, 1, 1, -2 ] ] ], [ [ 0, 648 ], [ [ -2, 1, 1, 3, 3, 3, 1, 3, 3, 3, 3, 1, 1, 3, 3, 1, 3 ], 
          [ 1, -2, 1, 3, 3, 1, 3, 3, 1, 3, 1, 3, 1, 3, 1, 1, 3 ], [ 1, 1, -2, 3, 3, 1, 3, 1, 1, 3, 3, 3, 1, 3, 1, 1, 3 ], 
          [ 3, 3, 3, -2, 1, 1, 1, 1, 1, 1, 1, 3, 1, 3, 3, 3, 1 ], [ 3, 3, 3, 1, -2, 3, 3, 3, 1, 1, 1, 3, 3, 1, 1, 3, 1 ], 
          [ 3, 1, 1, 1, 3, -2, 1, 1, 1, 1, 1, 3, 1, 3, 1, 3, 3 ], [ 1, 3, 3, 1, 3, 1, -2, 1, 3, 1, 3, 1, 1, 3, 3, 3, 3 ], 
          [ 3, 3, 1, 1, 3, 1, 1, -2, 1, 3, 3, 1, 1, 3, 3, 3, 3 ], [ 3, 1, 1, 1, 1, 1, 3, 1, -2, 3, 3, 3, 1, 3, 1, 1, 3 ], 
          [ 3, 3, 3, 1, 1, 1, 1, 3, 3, -2, 1, 3, 3, 1, 1, 3, 1 ], [ 3, 1, 3, 1, 1, 1, 3, 3, 3, 1, -2, 3, 3, 1, 1, 3, 1 ], 
          [ 1, 3, 3, 3, 3, 3, 1, 1, 3, 3, 3, -2, 1, 1, 3, 3, 3 ], [ 1, 1, 1, 1, 3, 1, 1, 1, 1, 3, 3, 1, -2, 3, 3, 3, 3 ], 
          [ 3, 3, 3, 3, 1, 3, 3, 3, 3, 1, 1, 1, 3, -2, 1, 3, 1 ], [ 3, 1, 1, 3, 1, 1, 3, 3, 1, 1, 1, 3, 3, 1, -2, 1, 3 ], 
          [ 1, 1, 1, 3, 3, 3, 3, 3, 1, 3, 3, 3, 3, 3, 1, -2, 3 ], [ 3, 3, 3, 1, 1, 3, 3, 3, 3, 1, 1, 3, 3, 1, 3, 3, -2 ] ] ], 
  [ [ 0, 642 ], [ [ -2, 1, 1, 3, 3, 3, 1, 3, 3, 3, 3, 1, 1, 3, 1, 3, 1 ], [ 1, -2, 1, 3, 3, 1, 3, 3, 1, 3, 1, 1, 3, 1, 3, 3, 3 ], 
          [ 1, 1, -2, 3, 3, 1, 3, 1, 1, 3, 3, 1, 3, 1, 3, 3, 3 ], [ 3, 3, 3, -2, 1, 1, 1, 1, 1, 1, 1, 3, 3, 3, 1, 1, 3 ], 
          [ 3, 3, 3, 1, -2, 3, 3, 3, 1, 1, 1, 1, 3, 1, 3, 3, 3 ], [ 3, 1, 1, 1, 3, -2, 1, 1, 1, 1, 1, 3, 3, 1, 3, 1, 3 ], 
          [ 1, 3, 3, 1, 3, 1, -2, 1, 3, 1, 3, 3, 1, 3, 1, 1, 1 ], [ 3, 3, 1, 1, 3, 1, 1, -2, 1, 3, 3, 3, 3, 1, 1, 1, 1 ], 
          [ 3, 1, 1, 1, 1, 1, 3, 1, -2, 3, 3, 3, 3, 1, 3, 3, 3 ], [ 3, 3, 3, 1, 1, 1, 1, 3, 3, -2, 1, 1, 3, 3, 3, 1, 3 ], 
          [ 3, 1, 3, 1, 1, 1, 3, 3, 3, 1, -2, 1, 3, 1, 3, 1, 3 ], [ 1, 1, 1, 3, 1, 3, 3, 3, 3, 1, 1, -2, 3, 1, 3, 3, 3 ], 
          [ 1, 3, 3, 3, 3, 3, 1, 3, 3, 3, 3, 3, -2, 3, 1, 1, 1 ], [ 3, 1, 1, 3, 1, 1, 3, 1, 1, 3, 1, 1, 3, -2, 3, 3, 3 ], 
          [ 1, 3, 3, 1, 3, 3, 1, 1, 3, 3, 3, 3, 1, 3, -2, 1, 1 ], [ 3, 3, 3, 1, 3, 1, 1, 1, 3, 1, 1, 3, 1, 3, 1, -2, 1 ], 
          [ 1, 3, 3, 3, 3, 3, 1, 1, 3, 3, 3, 3, 1, 3, 1, 1, -2 ] ] ], 
  [ [ 0, 644 ], [ [ -2, 1, 1, 3, 3, 3, 1, 3, 3, 3, 3, 1, 3, 3, 3, 1, 1 ], [ 1, -2, 1, 3, 3, 1, 3, 3, 1, 3, 1, 1, 1, 3, 3, 1, 3 ], 
          [ 1, 1, -2, 3, 3, 1, 3, 1, 1, 3, 3, 3, 1, 3, 3, 1, 3 ], [ 3, 3, 3, -2, 1, 1, 1, 1, 1, 1, 1, 3, 1, 1, 1, 3, 3 ], 
          [ 3, 3, 3, 1, -2, 3, 3, 3, 1, 1, 1, 3, 1, 3, 1, 3, 3 ], [ 3, 1, 1, 1, 3, -2, 1, 1, 1, 1, 1, 3, 1, 1, 1, 3, 3 ], 
          [ 1, 3, 3, 1, 3, 1, -2, 1, 3, 1, 3, 3, 3, 1, 1, 3, 1 ], [ 3, 3, 1, 1, 3, 1, 1, -2, 1, 3, 3, 3, 1, 1, 1, 1, 1 ], 
          [ 3, 1, 1, 1, 1, 1, 3, 1, -2, 3, 3, 3, 1, 3, 1, 1, 3 ], [ 3, 3, 3, 1, 1, 1, 1, 3, 3, -2, 1, 3, 1, 1, 1, 3, 3 ], 
          [ 3, 1, 3, 1, 1, 1, 3, 3, 3, 1, -2, 1, 1, 1, 3, 3, 3 ], [ 1, 1, 3, 3, 3, 3, 3, 3, 3, 3, 1, -2, 3, 1, 3, 1, 1 ], 
          [ 3, 1, 1, 1, 1, 1, 3, 1, 1, 1, 1, 3, -2, 3, 1, 1, 3 ], [ 3, 3, 3, 1, 3, 1, 1, 1, 3, 1, 1, 1, 3, -2, 1, 3, 1 ], 
          [ 3, 3, 3, 1, 1, 1, 1, 1, 1, 1, 3, 3, 1, 1, -2, 3, 1 ], [ 1, 1, 1, 3, 3, 3, 3, 1, 1, 3, 3, 1, 1, 3, 3, -2, 1 ], 
          [ 1, 3, 3, 3, 3, 3, 1, 1, 3, 3, 3, 1, 3, 1, 1, 1, -2 ] ] ], [ [ 0, 683 ], [ [ -2, 1, 1, 3, 3, 3, 1, 3, 3, 3, 3, 1, 3, 1, 3, 1, 3 ], 
          [ 1, -2, 1, 3, 3, 1, 3, 3, 1, 3, 1, 3, 1, 1, 1, 1, 3 ], [ 1, 1, -2, 3, 3, 1, 3, 1, 1, 3, 3, 3, 1, 3, 3, 1, 3 ], 
          [ 3, 3, 3, -2, 1, 1, 1, 1, 1, 1, 1, 1, 3, 1, 1, 1, 1 ], [ 3, 3, 3, 1, -2, 3, 3, 3, 1, 1, 1, 3, 3, 3, 1, 3, 3 ], 
          [ 3, 1, 1, 1, 3, -2, 1, 1, 1, 1, 1, 3, 1, 1, 1, 1, 1 ], [ 1, 3, 3, 1, 3, 1, -2, 1, 3, 1, 3, 1, 3, 1, 3, 1, 1 ], 
          [ 3, 3, 1, 1, 3, 1, 1, -2, 1, 3, 3, 3, 1, 3, 3, 1, 1 ], [ 3, 1, 1, 1, 1, 1, 3, 1, -2, 3, 3, 3, 1, 3, 1, 1, 3 ], 
          [ 3, 3, 3, 1, 1, 1, 1, 3, 3, -2, 1, 1, 3, 1, 1, 3, 1 ], [ 3, 1, 3, 1, 1, 1, 3, 3, 3, 1, -2, 3, 3, 1, 1, 3, 1 ], 
          [ 1, 3, 3, 1, 3, 3, 1, 3, 3, 1, 3, -2, 3, 1, 3, 1, 1 ], [ 3, 1, 1, 3, 3, 1, 3, 1, 1, 3, 3, 3, -2, 3, 1, 1, 3 ], 
          [ 1, 1, 3, 1, 3, 1, 1, 3, 3, 1, 1, 1, 3, -2, 1, 1, 1 ], [ 3, 1, 3, 1, 1, 1, 3, 3, 1, 1, 1, 3, 1, 1, -2, 3, 3 ], 
          [ 1, 1, 1, 1, 3, 1, 1, 1, 1, 3, 3, 1, 1, 1, 3, -2, 1 ], [ 3, 3, 3, 1, 3, 1, 1, 1, 3, 1, 1, 1, 3, 1, 3, 1, -2 ] ] ], 
  [ [ 0, 475 ], [ [ -2, 1, 1, 3, 3, 3, 1, 3, 3, 3, 3, 1, 1, 3, 1, 1, 1 ], [ 1, -2, 1, 3, 3, 1, 3, 3, 1, 3, 3, 1, 1, 3, 1, 1, 1 ], 
          [ 1, 1, -2, 3, 3, 1, 3, 1, 1, 3, 1, 1, 1, 3, 1, 3, 1 ], [ 3, 3, 3, -2, 1, 1, 1, 1, 1, 1, 1, 3, 3, 1, 3, 1, 3 ], 
          [ 3, 3, 3, 1, -2, 3, 3, 3, 1, 1, 1, 3, 3, 1, 3, 3, 3 ], [ 3, 1, 1, 1, 3, -2, 1, 1, 1, 1, 1, 1, 3, 3, 3, 1, 3 ], 
          [ 1, 3, 3, 1, 3, 1, -2, 1, 3, 1, 3, 1, 3, 3, 3, 1, 3 ], [ 3, 3, 1, 1, 3, 1, 1, -2, 1, 3, 1, 1, 3, 3, 3, 3, 3 ], 
          [ 3, 1, 1, 1, 1, 1, 3, 1, -2, 3, 1, 1, 3, 3, 3, 3, 3 ], [ 3, 3, 3, 1, 1, 1, 1, 3, 3, -2, 1, 3, 3, 1, 3, 1, 3 ], 
          [ 3, 3, 1, 1, 1, 1, 3, 1, 1, 1, -2, 3, 3, 1, 3, 3, 3 ], [ 1, 1, 1, 3, 3, 1, 1, 1, 1, 3, 3, -2, 3, 3, 3, 1, 1 ], 
          [ 1, 1, 1, 3, 3, 3, 3, 3, 3, 3, 3, 3, -2, 3, 1, 3, 1 ], [ 3, 3, 3, 1, 1, 3, 3, 3, 3, 1, 1, 3, 3, -2, 1, 1, 1 ], 
          [ 1, 1, 1, 3, 3, 3, 3, 3, 3, 3, 3, 3, 1, 1, -2, 1, 1 ], [ 1, 1, 3, 1, 3, 1, 1, 3, 3, 1, 3, 1, 3, 1, 1, -2, 1 ], 
          [ 1, 1, 1, 3, 3, 3, 3, 3, 3, 3, 3, 1, 1, 1, 1, 1, -2 ] ] ], 
  [ [ 0, 174 ], [ [ -2, 1, 1, 3, 3, 3, 1, 3, 3, 3, 3, 1, 1, 3, 1, 1, 1 ], [ 1, -2, 1, 3, 3, 1, 3, 3, 1, 3, 3, 1, 1, 3, 1, 3, 1 ], 
          [ 1, 1, -2, 3, 3, 1, 3, 1, 1, 3, 1, 1, 1, 3, 1, 3, 1 ], [ 3, 3, 3, -2, 1, 1, 1, 1, 1, 1, 1, 3, 3, 1, 3, 1, 3 ], 
          [ 3, 3, 3, 1, -2, 3, 3, 3, 1, 1, 1, 3, 3, 1, 3, 1, 1 ], [ 3, 1, 1, 1, 3, -2, 1, 1, 1, 1, 1, 1, 3, 3, 3, 3, 3 ], 
          [ 1, 3, 3, 1, 3, 1, -2, 1, 3, 1, 3, 1, 3, 3, 3, 1, 3 ], [ 3, 3, 1, 1, 3, 1, 1, -2, 1, 3, 1, 1, 3, 3, 3, 3, 3 ], 
          [ 3, 1, 1, 1, 1, 1, 3, 1, -2, 3, 1, 1, 3, 3, 3, 3, 1 ], [ 3, 3, 3, 1, 1, 1, 1, 3, 3, -2, 1, 3, 3, 1, 3, 1, 3 ], 
          [ 3, 3, 1, 1, 1, 1, 3, 1, 1, 1, -2, 3, 3, 1, 3, 3, 3 ], [ 1, 1, 1, 3, 3, 1, 1, 1, 1, 3, 3, -2, 3, 3, 3, 3, 1 ], 
          [ 1, 1, 1, 3, 3, 3, 3, 3, 3, 3, 3, 3, -2, 3, 1, 1, 1 ], [ 3, 3, 3, 1, 1, 3, 3, 3, 3, 1, 1, 3, 3, -2, 1, 3, 3 ], 
          [ 1, 1, 1, 3, 3, 3, 3, 3, 3, 3, 3, 3, 1, 1, -2, 3, 3 ], [ 1, 3, 3, 1, 1, 3, 1, 3, 3, 1, 3, 3, 1, 3, 3, -2, 1 ], 
          [ 1, 1, 1, 3, 1, 3, 3, 3, 1, 3, 3, 1, 1, 3, 3, 1, -2 ] ] ], [ [ 0, 150 ], [ [ -2, 1, 1, 3, 3, 3, 1, 3, 3, 3, 3, 1, 1, 3, 1, 1, 1 ], 
          [ 1, -2, 1, 3, 3, 1, 3, 3, 1, 3, 3, 1, 1, 3, 1, 3, 3 ], [ 1, 1, -2, 3, 3, 1, 3, 1, 1, 3, 1, 1, 1, 3, 1, 3, 3 ], 
          [ 3, 3, 3, -2, 1, 1, 1, 1, 1, 1, 1, 3, 3, 1, 3, 1, 1 ], [ 3, 3, 3, 1, -2, 3, 3, 3, 1, 1, 1, 3, 3, 1, 3, 1, 1 ], 
          [ 3, 1, 1, 1, 3, -2, 1, 1, 1, 1, 1, 1, 3, 3, 3, 3, 3 ], [ 1, 3, 3, 1, 3, 1, -2, 1, 3, 1, 3, 1, 3, 3, 3, 1, 1 ], 
          [ 3, 3, 1, 1, 3, 1, 1, -2, 1, 3, 1, 1, 3, 3, 3, 3, 3 ], [ 3, 1, 1, 1, 1, 1, 3, 1, -2, 3, 1, 1, 3, 3, 3, 3, 3 ], 
          [ 3, 3, 3, 1, 1, 1, 1, 3, 3, -2, 1, 3, 3, 1, 3, 1, 1 ], [ 3, 3, 1, 1, 1, 1, 3, 1, 1, 1, -2, 3, 3, 1, 3, 3, 3 ], 
          [ 1, 1, 1, 3, 3, 1, 1, 1, 1, 3, 3, -2, 3, 3, 3, 3, 3 ], [ 1, 1, 1, 3, 3, 3, 3, 3, 3, 3, 3, 3, -2, 3, 1, 1, 3 ], 
          [ 3, 3, 3, 1, 1, 3, 3, 3, 3, 1, 1, 3, 3, -2, 1, 3, 1 ], [ 1, 1, 1, 3, 3, 3, 3, 3, 3, 3, 3, 3, 1, 1, -2, 3, 1 ], 
          [ 1, 3, 3, 1, 1, 3, 1, 3, 3, 1, 3, 3, 1, 3, 3, -2, 1 ], [ 1, 3, 3, 1, 1, 3, 1, 3, 3, 1, 3, 3, 3, 1, 1, 1, -2 ] ] ], 
  [ [ 0, 194 ], [ [ -2, 1, 1, 3, 3, 3, 1, 3, 3, 3, 3, 1, 1, 3, 1, 1, 3 ], [ 1, -2, 1, 3, 3, 1, 3, 3, 1, 3, 3, 1, 1, 3, 1, 3, 3 ], 
          [ 1, 1, -2, 3, 3, 1, 3, 1, 1, 3, 1, 1, 1, 3, 1, 3, 3 ], [ 3, 3, 3, -2, 1, 1, 1, 1, 1, 1, 1, 3, 3, 1, 3, 1, 1 ], 
          [ 3, 3, 3, 1, -2, 3, 3, 3, 1, 1, 1, 3, 3, 1, 3, 1, 1 ], [ 3, 1, 1, 1, 3, -2, 1, 1, 1, 1, 1, 1, 3, 3, 3, 3, 3 ], 
          [ 1, 3, 3, 1, 3, 1, -2, 1, 3, 1, 3, 1, 3, 3, 3, 1, 3 ], [ 3, 3, 1, 1, 3, 1, 1, -2, 1, 3, 1, 1, 3, 3, 3, 3, 1 ], 
          [ 3, 1, 1, 1, 1, 1, 3, 1, -2, 3, 1, 1, 3, 3, 3, 3, 1 ], [ 3, 3, 3, 1, 1, 1, 1, 3, 3, -2, 1, 3, 3, 1, 3, 1, 3 ], 
          [ 3, 3, 1, 1, 1, 1, 3, 1, 1, 1, -2, 3, 3, 1, 3, 3, 1 ], [ 1, 1, 1, 3, 3, 1, 1, 1, 1, 3, 3, -2, 3, 3, 3, 3, 3 ], 
          [ 1, 1, 1, 3, 3, 3, 3, 3, 3, 3, 3, 3, -2, 3, 1, 1, 3 ], [ 3, 3, 3, 1, 1, 3, 3, 3, 3, 1, 1, 3, 3, -2, 1, 3, 1 ], 
          [ 1, 1, 1, 3, 3, 3, 3, 3, 3, 3, 3, 3, 1, 1, -2, 3, 1 ], [ 1, 3, 3, 1, 1, 3, 1, 3, 3, 1, 3, 3, 1, 3, 3, -2, 3 ], 
          [ 3, 3, 3, 1, 1, 3, 3, 1, 1, 3, 1, 3, 3, 1, 1, 3, -2 ] ] ], 
  [ [ 0, 242 ], [ [ -2, 1, 1, 3, 3, 3, 1, 3, 3, 3, 3, 1, 1, 3, 1, 1, 3 ], [ 1, -2, 1, 3, 3, 1, 3, 3, 1, 3, 3, 1, 1, 3, 1, 3, 1 ], 
          [ 1, 1, -2, 3, 3, 1, 3, 1, 1, 3, 1, 1, 1, 3, 1, 3, 1 ], [ 3, 3, 3, -2, 1, 1, 1, 1, 1, 1, 1, 3, 3, 1, 3, 1, 1 ], 
          [ 3, 3, 3, 1, -2, 3, 3, 3, 1, 1, 1, 3, 3, 1, 3, 1, 1 ], [ 3, 1, 1, 1, 3, -2, 1, 1, 1, 1, 1, 1, 3, 3, 3, 3, 1 ], 
          [ 1, 3, 3, 1, 3, 1, -2, 1, 3, 1, 3, 1, 3, 3, 3, 1, 3 ], [ 3, 3, 1, 1, 3, 1, 1, -2, 1, 3, 1, 1, 3, 3, 3, 3, 3 ], 
          [ 3, 1, 1, 1, 1, 1, 3, 1, -2, 3, 1, 1, 3, 3, 3, 3, 1 ], [ 3, 3, 3, 1, 1, 1, 1, 3, 3, -2, 1, 3, 3, 1, 3, 1, 1 ], 
          [ 3, 3, 1, 1, 1, 1, 3, 1, 1, 1, -2, 3, 3, 1, 3, 3, 1 ], [ 1, 1, 1, 3, 3, 1, 1, 1, 1, 3, 3, -2, 3, 3, 3, 3, 3 ], 
          [ 1, 1, 1, 3, 3, 3, 3, 3, 3, 3, 3, 3, -2, 3, 1, 1, 1 ], [ 3, 3, 3, 1, 1, 3, 3, 3, 3, 1, 1, 3, 3, -2, 1, 3, 1 ], 
          [ 1, 1, 1, 3, 3, 3, 3, 3, 3, 3, 3, 3, 1, 1, -2, 3, 1 ], [ 1, 3, 3, 1, 1, 3, 1, 3, 3, 1, 3, 3, 1, 3, 3, -2, 3 ], 
          [ 3, 1, 1, 1, 1, 1, 3, 3, 1, 1, 1, 3, 1, 1, 1, 3, -2 ] ] ], [ [ 0, 360 ], [ [ -2, 1, 1, 3, 3, 3, 1, 3, 3, 3, 3, 1, 1, 1, 1, 3, 3 ], 
          [ 1, -2, 1, 3, 3, 1, 3, 3, 1, 3, 3, 1, 3, 1, 1, 3, 1 ], [ 1, 1, -2, 3, 3, 1, 3, 1, 1, 3, 1, 1, 3, 1, 3, 3, 1 ], 
          [ 3, 3, 3, -2, 1, 1, 1, 1, 1, 1, 1, 3, 1, 1, 3, 1, 1 ], [ 3, 3, 3, 1, -2, 3, 3, 3, 1, 1, 1, 3, 1, 3, 3, 3, 1 ], 
          [ 3, 1, 1, 1, 3, -2, 1, 1, 1, 1, 1, 1, 3, 1, 1, 1, 1 ], [ 1, 3, 3, 1, 3, 1, -2, 1, 3, 1, 3, 1, 1, 1, 1, 1, 3 ], 
          [ 3, 3, 1, 1, 3, 1, 1, -2, 1, 3, 1, 1, 3, 1, 3, 1, 1 ], [ 3, 1, 1, 1, 1, 1, 3, 1, -2, 3, 1, 1, 3, 1, 3, 3, 1 ], 
          [ 3, 3, 3, 1, 1, 1, 1, 3, 3, -2, 1, 3, 1, 3, 1, 1, 3 ], [ 3, 3, 1, 1, 1, 1, 3, 1, 1, 1, -2, 3, 3, 3, 3, 3, 1 ], 
          [ 1, 1, 1, 3, 3, 1, 1, 1, 1, 3, 3, -2, 3, 1, 1, 1, 3 ], [ 1, 3, 3, 1, 1, 3, 1, 3, 3, 1, 3, 3, -2, 1, 1, 1, 3 ], 
          [ 1, 1, 1, 1, 3, 1, 1, 1, 1, 3, 3, 1, 1, -2, 1, 1, 1 ], [ 1, 1, 3, 3, 3, 1, 1, 3, 3, 1, 3, 1, 1, 1, -2, 1, 3 ], 
          [ 3, 3, 3, 1, 3, 1, 1, 1, 3, 1, 3, 1, 1, 1, 1, -2, 3 ], [ 3, 1, 1, 1, 1, 1, 3, 1, 1, 3, 1, 3, 3, 1, 3, 3, -2 ] ] ], 
  [ [ 0, 695 ], [ [ -2, 1, 1, 3, 3, 3, 1, 3, 3, 3, 3, 1, 1, 1, 3, 3, 3 ], [ 1, -2, 1, 3, 3, 1, 3, 3, 1, 3, 3, 1, 3, 3, 1, 1, 3 ], 
          [ 1, 1, -2, 3, 3, 1, 3, 1, 1, 3, 1, 1, 3, 3, 1, 1, 3 ], [ 3, 3, 3, -2, 1, 1, 1, 1, 1, 1, 1, 3, 1, 1, 1, 3, 1 ], 
          [ 3, 3, 3, 1, -2, 3, 3, 3, 1, 1, 1, 3, 1, 1, 3, 1, 1 ], [ 3, 1, 1, 1, 3, -2, 1, 1, 1, 1, 1, 1, 3, 3, 1, 1, 3 ], 
          [ 1, 3, 3, 1, 3, 1, -2, 1, 3, 1, 3, 1, 1, 1, 3, 3, 3 ], [ 3, 3, 1, 1, 3, 1, 1, -2, 1, 3, 1, 1, 3, 1, 1, 1, 1 ], 
          [ 3, 1, 1, 1, 1, 1, 3, 1, -2, 3, 1, 1, 3, 1, 1, 1, 1 ], [ 3, 3, 3, 1, 1, 1, 1, 3, 3, -2, 1, 3, 1, 3, 3, 3, 3 ], 
          [ 3, 3, 1, 1, 1, 1, 3, 1, 1, 1, -2, 3, 3, 3, 1, 1, 1 ], [ 1, 1, 1, 3, 3, 1, 1, 1, 1, 3, 3, -2, 3, 1, 3, 1, 3 ], 
          [ 1, 3, 3, 1, 1, 3, 1, 3, 3, 1, 3, 3, -2, 1, 3, 3, 1 ], [ 1, 3, 3, 1, 1, 3, 1, 1, 1, 3, 3, 1, 1, -2, 3, 3, 1 ], 
          [ 3, 1, 1, 1, 3, 1, 3, 1, 1, 3, 1, 3, 3, 3, -2, 1, 1 ], [ 3, 1, 1, 3, 1, 1, 3, 1, 1, 3, 1, 1, 3, 3, 1, -2, 1 ], 
          [ 3, 3, 3, 1, 1, 3, 3, 1, 1, 3, 1, 3, 1, 1, 1, 1, -2 ] ] ], 
  [ [ 0, 319 ], [ [ -2, 1, 1, 3, 3, 3, 1, 3, 3, 3, 3, 1, 1, 3, 1, 3, 1 ], [ 1, -2, 1, 3, 3, 1, 3, 3, 1, 3, 3, 1, 3, 3, 1, 3, 3 ], 
          [ 1, 1, -2, 3, 3, 1, 3, 1, 1, 3, 1, 1, 3, 3, 1, 1, 3 ], [ 3, 3, 3, -2, 1, 1, 1, 1, 1, 1, 1, 3, 1, 1, 3, 1, 3 ], 
          [ 3, 3, 3, 1, -2, 3, 3, 3, 1, 1, 1, 3, 1, 1, 3, 1, 1 ], [ 3, 1, 1, 1, 3, -2, 1, 1, 1, 1, 1, 1, 3, 3, 1, 3, 3 ], 
          [ 1, 3, 3, 1, 3, 1, -2, 1, 3, 1, 3, 1, 1, 3, 1, 3, 1 ], [ 3, 3, 1, 1, 3, 1, 1, -2, 1, 3, 1, 1, 3, 1, 1, 1, 3 ], 
          [ 3, 1, 1, 1, 1, 1, 3, 1, -2, 3, 1, 1, 3, 1, 1, 1, 3 ], [ 3, 3, 3, 1, 1, 1, 1, 3, 3, -2, 1, 3, 1, 3, 3, 1, 1 ], 
          [ 3, 3, 1, 1, 1, 1, 3, 1, 1, 1, -2, 3, 3, 1, 3, 1, 3 ], [ 1, 1, 1, 3, 3, 1, 1, 1, 1, 3, 3, -2, 3, 3, 1, 3, 1 ], 
          [ 1, 3, 3, 1, 1, 3, 1, 3, 3, 1, 3, 3, -2, 1, 3, 1, 1 ], [ 3, 3, 3, 1, 1, 3, 3, 1, 1, 3, 1, 3, 1, -2, 3, 1, 3 ], 
          [ 1, 1, 1, 3, 3, 1, 1, 1, 1, 3, 3, 1, 3, 3, -2, 3, 1 ], [ 3, 3, 1, 1, 1, 3, 3, 1, 1, 1, 1, 3, 1, 1, 3, -2, 3 ], 
          [ 1, 3, 3, 3, 1, 3, 1, 3, 3, 1, 3, 1, 1, 3, 1, 3, -2 ] ] ], [ [ 0, 269 ], [ [ -2, 1, 1, 3, 3, 3, 1, 3, 3, 3, 3, 1, 1, 3, 1, 3, 3 ], 
          [ 1, -2, 1, 3, 3, 1, 3, 3, 1, 3, 3, 1, 3, 3, 1, 3, 1 ], [ 1, 1, -2, 3, 3, 1, 3, 1, 1, 3, 1, 1, 3, 3, 1, 1, 1 ], 
          [ 3, 3, 3, -2, 1, 1, 1, 1, 1, 1, 1, 3, 1, 1, 1, 1, 3 ], [ 3, 3, 3, 1, -2, 3, 3, 3, 1, 1, 1, 3, 1, 1, 3, 1, 3 ], 
          [ 3, 1, 1, 1, 3, -2, 1, 1, 1, 1, 1, 1, 3, 3, 1, 1, 1 ], [ 1, 3, 3, 1, 3, 1, -2, 1, 3, 1, 3, 1, 1, 3, 1, 1, 3 ], 
          [ 3, 3, 1, 1, 3, 1, 1, -2, 1, 3, 1, 1, 3, 1, 1, 1, 1 ], [ 3, 1, 1, 1, 1, 1, 3, 1, -2, 3, 1, 1, 3, 1, 1, 1, 1 ], 
          [ 3, 3, 3, 1, 1, 1, 1, 3, 3, -2, 1, 3, 1, 3, 3, 1, 3 ], [ 3, 3, 1, 1, 1, 1, 3, 1, 1, 1, -2, 3, 3, 1, 1, 1, 1 ], 
          [ 1, 1, 1, 3, 3, 1, 1, 1, 1, 3, 3, -2, 3, 3, 1, 1, 1 ], [ 1, 3, 3, 1, 1, 3, 1, 3, 3, 1, 3, 3, -2, 1, 3, 3, 3 ], 
          [ 3, 3, 3, 1, 1, 3, 3, 1, 1, 3, 1, 3, 1, -2, 3, 3, 1 ], [ 1, 1, 1, 1, 3, 1, 1, 1, 1, 3, 1, 1, 3, 3, -2, 1, 1 ], 
          [ 3, 3, 1, 1, 1, 1, 1, 1, 1, 1, 1, 1, 3, 3, 1, -2, 3 ], [ 3, 1, 1, 3, 3, 1, 3, 1, 1, 3, 1, 1, 3, 1, 1, 3, -2 ] ] ], 
  [ [ 0, 140 ], [ [ -2, 1, 1, 3, 3, 3, 1, 3, 3, 3, 3, 1, 1, 3, 3, 1, 3 ], [ 1, -2, 1, 3, 3, 1, 3, 3, 1, 3, 3, 1, 3, 3, 3, 1, 3 ], 
          [ 1, 1, -2, 3, 3, 1, 3, 1, 1, 3, 1, 1, 3, 3, 1, 3, 3 ], [ 3, 3, 3, -2, 1, 1, 1, 1, 1, 1, 1, 3, 1, 1, 3, 3, 1 ], 
          [ 3, 3, 3, 1, -2, 3, 3, 3, 1, 1, 1, 3, 1, 1, 1, 3, 3 ], [ 3, 1, 1, 1, 3, -2, 1, 1, 1, 1, 1, 1, 3, 3, 3, 3, 1 ], 
          [ 1, 3, 3, 1, 3, 1, -2, 1, 3, 1, 3, 1, 1, 3, 3, 3, 1 ], [ 3, 3, 1, 1, 3, 1, 1, -2, 1, 3, 1, 1, 3, 1, 1, 3, 1 ], 
          [ 3, 1, 1, 1, 1, 1, 3, 1, -2, 3, 1, 1, 3, 1, 1, 3, 3 ], [ 3, 3, 3, 1, 1, 1, 1, 3, 3, -2, 1, 3, 1, 3, 3, 3, 1 ], 
          [ 3, 3, 1, 1, 1, 1, 3, 1, 1, 1, -2, 3, 3, 1, 1, 3, 1 ], [ 1, 1, 1, 3, 3, 1, 1, 1, 1, 3, 3, -2, 3, 3, 1, 3, 3 ], 
          [ 1, 3, 3, 1, 1, 3, 1, 3, 3, 1, 3, 3, -2, 1, 3, 1, 1 ], [ 3, 3, 3, 1, 1, 3, 3, 1, 1, 3, 1, 3, 1, -2, 1, 1, 1 ], 
          [ 3, 3, 1, 3, 1, 3, 3, 1, 1, 3, 1, 1, 3, 1, -2, 3, 3 ], [ 1, 1, 3, 3, 3, 3, 3, 3, 3, 3, 3, 3, 1, 1, 3, -2, 1 ], 
          [ 3, 3, 3, 1, 3, 1, 1, 1, 3, 1, 1, 3, 1, 1, 3, 1, -2 ] ] ], 
  [ [ 0, 190 ], [ [ -2, 1, 1, 3, 3, 3, 1, 3, 3, 3, 3, 1, 1, 3, 3, 1, 1 ], [ 1, -2, 1, 3, 3, 1, 3, 3, 1, 3, 3, 1, 3, 3, 3, 1, 1 ], 
          [ 1, 1, -2, 3, 3, 1, 3, 1, 1, 3, 1, 1, 3, 3, 1, 3, 1 ], [ 3, 3, 3, -2, 1, 1, 1, 1, 1, 1, 1, 3, 1, 1, 3, 3, 3 ], 
          [ 3, 3, 3, 1, -2, 3, 3, 3, 1, 1, 1, 3, 1, 1, 1, 3, 3 ], [ 3, 1, 1, 1, 3, -2, 1, 1, 1, 1, 1, 1, 3, 3, 3, 3, 1 ], 
          [ 1, 3, 3, 1, 3, 1, -2, 1, 3, 1, 3, 1, 1, 3, 3, 3, 1 ], [ 3, 3, 1, 1, 3, 1, 1, -2, 1, 3, 1, 1, 3, 1, 1, 3, 3 ], 
          [ 3, 1, 1, 1, 1, 1, 3, 1, -2, 3, 1, 1, 3, 1, 1, 3, 3 ], [ 3, 3, 3, 1, 1, 1, 1, 3, 3, -2, 1, 3, 1, 3, 3, 3, 1 ], 
          [ 3, 3, 1, 1, 1, 1, 3, 1, 1, 1, -2, 3, 3, 1, 1, 3, 3 ], [ 1, 1, 1, 3, 3, 1, 1, 1, 1, 3, 3, -2, 3, 3, 1, 3, 1 ], 
          [ 1, 3, 3, 1, 1, 3, 1, 3, 3, 1, 3, 3, -2, 1, 3, 1, 1 ], [ 3, 3, 3, 1, 1, 3, 3, 1, 1, 3, 1, 3, 1, -2, 1, 1, 3 ], 
          [ 3, 3, 1, 3, 1, 3, 3, 1, 1, 3, 1, 1, 3, 1, -2, 3, 3 ], [ 1, 1, 3, 3, 3, 3, 3, 3, 3, 3, 3, 3, 1, 1, 3, -2, 3 ], 
          [ 1, 1, 1, 3, 3, 1, 1, 3, 3, 1, 3, 1, 1, 3, 3, 3, -2 ] ] ], [ [ 0, 267 ], [ [ -2, 1, 1, 3, 3, 3, 1, 3, 3, 3, 3, 1, 1, 3, 3, 1, 3 ], 
          [ 1, -2, 1, 3, 3, 1, 3, 3, 1, 3, 3, 1, 3, 3, 3, 3, 3 ], [ 1, 1, -2, 3, 3, 1, 3, 1, 1, 3, 1, 1, 3, 3, 1, 3, 3 ], 
          [ 3, 3, 3, -2, 1, 1, 1, 1, 1, 1, 1, 3, 1, 1, 3, 1, 1 ], [ 3, 3, 3, 1, -2, 3, 3, 3, 1, 1, 1, 3, 1, 1, 1, 1, 3 ], 
          [ 3, 1, 1, 1, 3, -2, 1, 1, 1, 1, 1, 1, 3, 3, 3, 3, 1 ], [ 1, 3, 3, 1, 3, 1, -2, 1, 3, 1, 3, 1, 1, 3, 3, 1, 1 ], 
          [ 3, 3, 1, 1, 3, 1, 1, -2, 1, 3, 1, 1, 3, 1, 1, 3, 3 ], [ 3, 1, 1, 1, 1, 1, 3, 1, -2, 3, 1, 1, 3, 1, 1, 3, 3 ], 
          [ 3, 3, 3, 1, 1, 1, 1, 3, 3, -2, 1, 3, 1, 3, 3, 1, 1 ], [ 3, 3, 1, 1, 1, 1, 3, 1, 1, 1, -2, 3, 3, 1, 1, 3, 3 ], 
          [ 1, 1, 1, 3, 3, 1, 1, 1, 1, 3, 3, -2, 3, 3, 1, 3, 3 ], [ 1, 3, 3, 1, 1, 3, 1, 3, 3, 1, 3, 3, -2, 1, 3, 1, 1 ], 
          [ 3, 3, 3, 1, 1, 3, 3, 1, 1, 3, 1, 3, 1, -2, 1, 3, 3 ], [ 3, 3, 1, 3, 1, 3, 3, 1, 1, 3, 1, 1, 3, 1, -2, 3, 3 ], 
          [ 1, 3, 3, 1, 1, 3, 1, 3, 3, 1, 3, 3, 1, 3, 3, -2, 1 ], [ 3, 3, 3, 1, 3, 1, 1, 3, 3, 1, 3, 3, 1, 3, 3, 1, -2 ] ] ], 
  [ [ 0, 165 ], [ [ -2, 1, 1, 3, 3, 3, 1, 3, 3, 3, 3, 1, 1, 3, 3, 3, 1 ], [ 1, -2, 1, 3, 3, 1, 3, 3, 1, 3, 3, 1, 3, 3, 3, 3, 1 ], 
          [ 1, 1, -2, 3, 3, 1, 3, 1, 1, 3, 1, 1, 3, 3, 1, 3, 1 ], [ 3, 3, 3, -2, 1, 1, 1, 1, 1, 1, 1, 3, 1, 1, 3, 1, 3 ], 
          [ 3, 3, 3, 1, -2, 3, 3, 3, 1, 1, 1, 3, 1, 1, 1, 1, 1 ], [ 3, 1, 1, 1, 3, -2, 1, 1, 1, 1, 1, 1, 3, 3, 3, 1, 3 ], 
          [ 1, 3, 3, 1, 3, 1, -2, 1, 3, 1, 3, 1, 1, 3, 3, 1, 3 ], [ 3, 3, 1, 1, 3, 1, 1, -2, 1, 3, 1, 1, 3, 1, 1, 3, 3 ], 
          [ 3, 1, 1, 1, 1, 1, 3, 1, -2, 3, 1, 1, 3, 1, 1, 3, 1 ], [ 3, 3, 3, 1, 1, 1, 1, 3, 3, -2, 1, 3, 1, 3, 3, 1, 3 ], 
          [ 3, 3, 1, 1, 1, 1, 3, 1, 1, 1, -2, 3, 3, 1, 1, 3, 3 ], [ 1, 1, 1, 3, 3, 1, 1, 1, 1, 3, 3, -2, 3, 3, 1, 3, 1 ], 
          [ 1, 3, 3, 1, 1, 3, 1, 3, 3, 1, 3, 3, -2, 1, 3, 1, 1 ], [ 3, 3, 3, 1, 1, 3, 3, 1, 1, 3, 1, 3, 1, -2, 1, 3, 1 ], 
          [ 3, 3, 1, 3, 1, 3, 3, 1, 1, 3, 1, 1, 3, 1, -2, 3, 1 ], [ 3, 3, 3, 1, 1, 1, 1, 3, 3, 1, 3, 3, 1, 3, 3, -2, 3 ], 
          [ 1, 1, 1, 3, 1, 3, 3, 3, 1, 3, 3, 1, 1, 1, 1, 3, -2 ] ] ], 
  [ [ 0, 216 ], [ [ -2, 1, 1, 3, 3, 3, 1, 3, 3, 3, 3, 1, 1, 3, 1, 3, 3 ], [ 1, -2, 1, 3, 3, 1, 3, 3, 1, 3, 3, 1, 3, 3, 1, 1, 1 ], 
          [ 1, 1, -2, 3, 3, 1, 3, 1, 1, 3, 1, 1, 3, 3, 1, 3, 1 ], [ 3, 3, 3, -2, 1, 1, 1, 1, 1, 1, 1, 3, 1, 1, 3, 1, 1 ], 
          [ 3, 3, 3, 1, -2, 3, 3, 3, 1, 1, 1, 3, 1, 1, 3, 1, 3 ], [ 3, 1, 1, 1, 3, -2, 1, 1, 1, 1, 1, 1, 3, 3, 3, 1, 1 ], 
          [ 1, 3, 3, 1, 3, 1, -2, 1, 3, 1, 3, 1, 1, 3, 3, 3, 3 ], [ 3, 3, 1, 1, 3, 1, 1, -2, 1, 3, 1, 1, 3, 1, 3, 3, 1 ], 
          [ 3, 1, 1, 1, 1, 1, 3, 1, -2, 3, 1, 1, 3, 1, 3, 1, 1 ], [ 3, 3, 3, 1, 1, 1, 1, 3, 3, -2, 1, 3, 1, 3, 3, 1, 3 ], 
          [ 3, 3, 1, 1, 1, 1, 3, 1, 1, 1, -2, 3, 3, 1, 3, 1, 1 ], [ 1, 1, 1, 3, 3, 1, 1, 1, 1, 3, 3, -2, 3, 3, 3, 3, 3 ], 
          [ 1, 3, 3, 1, 1, 3, 1, 3, 3, 1, 3, 3, -2, 1, 3, 3, 3 ], [ 3, 3, 3, 1, 1, 3, 3, 1, 1, 3, 1, 3, 1, -2, 3, 1, 1 ], 
          [ 1, 1, 1, 3, 3, 3, 3, 3, 3, 3, 3, 3, 3, 3, -2, 1, 1 ], [ 3, 1, 3, 1, 1, 1, 3, 3, 1, 1, 1, 3, 3, 1, 1, -2, 1 ], 
          [ 3, 1, 1, 1, 3, 1, 3, 1, 1, 3, 1, 3, 3, 1, 1, 1, -2 ] ] ], [ [ 0, 262 ], [ [ -2, 1, 1, 3, 3, 3, 1, 3, 3, 3, 3, 1, 1, 3, 3, 1, 1 ], 
          [ 1, -2, 1, 3, 3, 1, 3, 3, 1, 3, 3, 1, 3, 3, 3, 1, 1 ], [ 1, 1, -2, 3, 3, 1, 3, 1, 1, 3, 1, 1, 3, 3, 1, 1, 1 ], 
          [ 3, 3, 3, -2, 1, 1, 1, 1, 1, 1, 1, 3, 1, 1, 3, 3, 3 ], [ 3, 3, 3, 1, -2, 3, 3, 3, 1, 1, 1, 3, 1, 1, 1, 3, 1 ], 
          [ 3, 1, 1, 1, 3, -2, 1, 1, 1, 1, 1, 1, 3, 3, 3, 3, 3 ], [ 1, 3, 3, 1, 3, 1, -2, 1, 3, 1, 3, 1, 1, 3, 3, 3, 3 ], 
          [ 3, 3, 1, 1, 3, 1, 1, -2, 1, 3, 1, 1, 3, 1, 1, 3, 3 ], [ 3, 1, 1, 1, 1, 1, 3, 1, -2, 3, 1, 1, 3, 1, 1, 3, 1 ], 
          [ 3, 3, 3, 1, 1, 1, 1, 3, 3, -2, 1, 3, 1, 3, 3, 3, 3 ], [ 3, 3, 1, 1, 1, 1, 3, 1, 1, 1, -2, 3, 3, 1, 1, 3, 3 ], 
          [ 1, 1, 1, 3, 3, 1, 1, 1, 1, 3, 3, -2, 3, 3, 1, 1, 1 ], [ 1, 3, 3, 1, 1, 3, 1, 3, 3, 1, 3, 3, -2, 1, 3, 3, 1 ], 
          [ 3, 3, 3, 1, 1, 3, 3, 1, 1, 3, 1, 3, 1, -2, 1, 3, 3 ], [ 3, 3, 1, 3, 1, 3, 3, 1, 1, 3, 1, 1, 3, 1, -2, 1, 1 ], 
          [ 1, 1, 1, 3, 3, 3, 3, 3, 3, 3, 3, 1, 3, 3, 1, -2, 1 ], [ 1, 1, 1, 3, 1, 3, 3, 3, 1, 3, 3, 1, 1, 3, 1, 1, -2 ] ] ], 
  [ [ 0, 198 ], [ [ -2, 1, 1, 3, 3, 3, 1, 3, 3, 3, 3, 1, 1, 3, 1, 1, 3 ], [ 1, -2, 1, 3, 3, 1, 3, 3, 1, 3, 3, 1, 3, 3, 1, 1, 3 ], 
          [ 1, 1, -2, 3, 3, 1, 3, 1, 1, 3, 1, 1, 3, 3, 3, 1, 3 ], [ 3, 3, 3, -2, 1, 1, 1, 1, 1, 1, 1, 3, 1, 1, 1, 3, 1 ], 
          [ 3, 3, 3, 1, -2, 3, 3, 3, 1, 1, 1, 3, 1, 1, 1, 3, 1 ], [ 3, 1, 1, 1, 3, -2, 1, 1, 1, 1, 1, 1, 3, 3, 1, 3, 1 ], 
          [ 1, 3, 3, 1, 3, 1, -2, 1, 3, 1, 3, 1, 1, 3, 1, 3, 1 ], [ 3, 3, 1, 1, 3, 1, 1, -2, 1, 3, 1, 1, 3, 1, 3, 3, 1 ], 
          [ 3, 1, 1, 1, 1, 1, 3, 1, -2, 3, 1, 1, 3, 1, 1, 3, 1 ], [ 3, 3, 3, 1, 1, 1, 1, 3, 3, -2, 1, 3, 1, 3, 1, 3, 1 ], 
          [ 3, 3, 1, 1, 1, 1, 3, 1, 1, 1, -2, 3, 3, 1, 3, 3, 1 ], [ 1, 1, 1, 3, 3, 1, 1, 1, 1, 3, 3, -2, 3, 3, 1, 3, 1 ], 
          [ 1, 3, 3, 1, 1, 3, 1, 3, 3, 1, 3, 3, -2, 1, 1, 1, 1 ], [ 3, 3, 3, 1, 1, 3, 3, 1, 1, 3, 1, 3, 1, -2, 3, 3, 1 ], 
          [ 1, 1, 3, 1, 1, 1, 1, 3, 1, 1, 3, 1, 1, 3, -2, 3, 1 ], [ 1, 1, 1, 3, 3, 3, 3, 3, 3, 3, 3, 3, 1, 3, 3, -2, 3 ], 
          [ 3, 3, 3, 1, 1, 1, 1, 1, 1, 1, 1, 1, 1, 1, 1, 3, -2 ] ] ], 
  [ [ 0, 235 ], [ [ -2, 1, 1, 3, 3, 3, 1, 3, 3, 3, 3, 1, 1, 3, 1, 1, 1 ], [ 1, -2, 1, 3, 3, 1, 3, 3, 1, 3, 3, 1, 3, 3, 1, 1, 1 ], 
          [ 1, 1, -2, 3, 3, 1, 3, 1, 1, 3, 1, 1, 3, 3, 3, 3, 1 ], [ 3, 3, 3, -2, 1, 1, 1, 1, 1, 1, 1, 3, 1, 1, 1, 1, 3 ], 
          [ 3, 3, 3, 1, -2, 3, 3, 3, 1, 1, 1, 3, 1, 1, 1, 1, 3 ], [ 3, 1, 1, 1, 3, -2, 1, 1, 1, 1, 1, 1, 3, 3, 1, 3, 3 ], 
          [ 1, 3, 3, 1, 3, 1, -2, 1, 3, 1, 3, 1, 1, 3, 1, 1, 3 ], [ 3, 3, 1, 1, 3, 1, 1, -2, 1, 3, 1, 1, 3, 1, 3, 3, 3 ], 
          [ 3, 1, 1, 1, 1, 1, 3, 1, -2, 3, 1, 1, 3, 1, 1, 3, 3 ], [ 3, 3, 3, 1, 1, 1, 1, 3, 3, -2, 1, 3, 1, 3, 1, 1, 3 ], 
          [ 3, 3, 1, 1, 1, 1, 3, 1, 1, 1, -2, 3, 3, 1, 3, 3, 3 ], [ 1, 1, 1, 3, 3, 1, 1, 1, 1, 3, 3, -2, 3, 3, 1, 3, 3 ], 
          [ 1, 3, 3, 1, 1, 3, 1, 3, 3, 1, 3, 3, -2, 1, 1, 1, 3 ], [ 3, 3, 3, 1, 1, 3, 3, 1, 1, 3, 1, 3, 1, -2, 3, 3, 3 ], 
          [ 1, 1, 3, 1, 1, 1, 1, 3, 1, 1, 3, 1, 1, 3, -2, 1, 3 ], [ 1, 1, 3, 1, 1, 3, 1, 3, 3, 1, 3, 3, 1, 3, 1, -2, 1 ], 
          [ 1, 1, 1, 3, 3, 3, 3, 3, 3, 3, 3, 3, 3, 3, 3, 1, -2 ] ] ], [ [ 0, 166 ], [ [ -2, 1, 1, 3, 3, 3, 1, 3, 3, 3, 3, 1, 1, 3, 1, 1, 1 ], 
          [ 1, -2, 1, 3, 3, 1, 3, 3, 1, 3, 3, 1, 3, 3, 1, 3, 1 ], [ 1, 1, -2, 3, 3, 1, 3, 1, 1, 3, 1, 1, 3, 3, 3, 3, 1 ], 
          [ 3, 3, 3, -2, 1, 1, 1, 1, 1, 1, 1, 3, 1, 1, 1, 1, 1 ], [ 3, 3, 3, 1, -2, 3, 3, 3, 1, 1, 1, 3, 1, 1, 1, 1, 3 ], 
          [ 3, 1, 1, 1, 3, -2, 1, 1, 1, 1, 1, 1, 3, 3, 1, 3, 1 ], [ 1, 3, 3, 1, 3, 1, -2, 1, 3, 1, 3, 1, 1, 3, 1, 1, 1 ], 
          [ 3, 3, 1, 1, 3, 1, 1, -2, 1, 3, 1, 1, 3, 1, 3, 3, 1 ], [ 3, 1, 1, 1, 1, 1, 3, 1, -2, 3, 1, 1, 3, 1, 1, 3, 1 ], 
          [ 3, 3, 3, 1, 1, 1, 1, 3, 3, -2, 1, 3, 1, 3, 1, 1, 3 ], [ 3, 3, 1, 1, 1, 1, 3, 1, 1, 1, -2, 3, 3, 1, 3, 3, 3 ], 
          [ 1, 1, 1, 3, 3, 1, 1, 1, 1, 3, 3, -2, 3, 3, 1, 3, 1 ], [ 1, 3, 3, 1, 1, 3, 1, 3, 3, 1, 3, 3, -2, 1, 1, 1, 3 ], 
          [ 3, 3, 3, 1, 1, 3, 3, 1, 1, 3, 1, 3, 1, -2, 3, 3, 3 ], [ 1, 1, 3, 1, 1, 1, 1, 3, 1, 1, 3, 1, 1, 3, -2, 1, 1 ], 
          [ 1, 3, 3, 1, 1, 3, 1, 3, 3, 1, 3, 3, 1, 3, 1, -2, 1 ], [ 1, 1, 1, 1, 3, 1, 1, 1, 1, 3, 3, 1, 3, 3, 1, 1, -2 ] ] ], 
  [ [ 0, 401 ], [ [ -2, 1, 1, 3, 3, 3, 1, 3, 3, 3, 3, 1, 1, 1, 1, 3, 1 ], [ 1, -2, 1, 3, 3, 1, 3, 3, 1, 3, 3, 1, 3, 1, 3, 1, 1 ], 
          [ 1, 1, -2, 3, 3, 1, 3, 1, 1, 3, 1, 1, 3, 3, 3, 1, 1 ], [ 3, 3, 3, -2, 1, 1, 1, 1, 1, 1, 1, 3, 1, 3, 3, 1, 1 ], 
          [ 3, 3, 3, 1, -2, 3, 3, 3, 1, 1, 1, 3, 1, 3, 1, 1, 1 ], [ 3, 1, 1, 1, 3, -2, 1, 1, 1, 1, 1, 1, 3, 3, 3, 1, 1 ], 
          [ 1, 3, 3, 1, 3, 1, -2, 1, 3, 1, 3, 1, 1, 3, 1, 3, 1 ], [ 3, 3, 1, 1, 3, 1, 1, -2, 1, 3, 1, 1, 3, 3, 3, 3, 3 ], 
          [ 3, 1, 1, 1, 1, 1, 3, 1, -2, 3, 1, 1, 3, 3, 3, 1, 1 ], [ 3, 3, 3, 1, 1, 1, 1, 3, 3, -2, 1, 3, 1, 3, 1, 1, 1 ], 
          [ 3, 3, 1, 1, 1, 1, 3, 1, 1, 1, -2, 3, 3, 3, 3, 1, 3 ], [ 1, 1, 1, 3, 3, 1, 1, 1, 1, 3, 3, -2, 3, 1, 1, 3, 1 ], 
          [ 1, 3, 3, 1, 1, 3, 1, 3, 3, 1, 3, 3, -2, 3, 1, 3, 1 ], [ 1, 1, 3, 3, 3, 3, 3, 3, 3, 3, 3, 1, 3, -2, 1, 3, 3 ], 
          [ 1, 3, 3, 3, 1, 3, 1, 3, 3, 1, 3, 1, 1, 1, -2, 3, 1 ], [ 3, 1, 1, 1, 1, 1, 3, 3, 1, 1, 1, 3, 3, 3, 3, -2, 1 ], 
          [ 1, 1, 1, 1, 1, 1, 1, 3, 1, 1, 3, 1, 1, 3, 1, 1, -2 ] ] ], 
  [ [ 0, 711 ], [ [ -2, 1, 1, 3, 3, 3, 1, 3, 3, 3, 3, 1, 3, 1, 1, 1, 1 ], [ 1, -2, 1, 3, 3, 1, 3, 3, 1, 3, 3, 1, 1, 1, 3, 1, 3 ], 
          [ 1, 1, -2, 3, 3, 1, 3, 1, 1, 3, 1, 1, 1, 3, 3, 1, 1 ], [ 3, 3, 3, -2, 1, 1, 1, 1, 1, 1, 1, 3, 1, 3, 1, 3, 3 ], 
          [ 3, 3, 3, 1, -2, 3, 3, 3, 1, 1, 1, 3, 3, 3, 1, 1, 1 ], [ 3, 1, 1, 1, 3, -2, 1, 1, 1, 1, 1, 1, 1, 1, 3, 3, 3 ], 
          [ 1, 3, 3, 1, 3, 1, -2, 1, 3, 1, 3, 1, 3, 1, 1, 3, 3 ], [ 3, 3, 1, 1, 3, 1, 1, -2, 1, 3, 1, 1, 1, 3, 3, 3, 3 ], 
          [ 3, 1, 1, 1, 1, 1, 3, 1, -2, 3, 1, 1, 1, 3, 3, 1, 3 ], [ 3, 3, 3, 1, 1, 1, 1, 3, 3, -2, 1, 3, 3, 3, 1, 3, 1 ], 
          [ 3, 3, 1, 1, 1, 1, 3, 1, 1, 1, -2, 3, 3, 3, 3, 3, 1 ], [ 1, 1, 1, 3, 3, 1, 1, 1, 1, 3, 3, -2, 1, 1, 3, 1, 3 ], 
          [ 3, 1, 1, 1, 3, 1, 3, 1, 1, 3, 3, 1, -2, 3, 3, 1, 3 ], [ 1, 1, 3, 3, 3, 1, 1, 3, 3, 3, 3, 1, 3, -2, 3, 3, 3 ], 
          [ 1, 3, 3, 1, 1, 3, 1, 3, 3, 1, 3, 3, 3, 3, -2, 1, 1 ], [ 1, 1, 1, 3, 1, 3, 3, 3, 1, 3, 3, 1, 1, 3, 1, -2, 1 ], 
          [ 1, 3, 1, 3, 1, 3, 3, 3, 3, 1, 1, 3, 3, 3, 1, 1, -2 ] ] ], [ [ 0, 320 ], [ [ -2, 1, 1, 3, 3, 3, 1, 3, 3, 3, 3, 1, 1, 3, 3, 3, 3 ], 
          [ 1, -2, 1, 3, 3, 1, 3, 3, 1, 3, 3, 1, 1, 3, 3, 3, 1 ], [ 1, 1, -2, 3, 3, 1, 3, 1, 1, 3, 1, 1, 3, 3, 3, 3, 1 ], 
          [ 3, 3, 3, -2, 1, 1, 1, 1, 1, 1, 1, 3, 3, 1, 1, 1, 3 ], [ 3, 3, 3, 1, -2, 3, 3, 3, 1, 1, 1, 3, 3, 1, 1, 1, 3 ], 
          [ 3, 1, 1, 1, 3, -2, 1, 1, 1, 1, 1, 1, 1, 1, 3, 1, 1 ], [ 1, 3, 3, 1, 3, 1, -2, 1, 3, 1, 3, 1, 1, 1, 3, 1, 3 ], 
          [ 3, 3, 1, 1, 3, 1, 1, -2, 1, 3, 1, 1, 3, 1, 1, 1, 1 ], [ 3, 1, 1, 1, 1, 1, 3, 1, -2, 3, 1, 1, 3, 1, 1, 1, 1 ], 
          [ 3, 3, 3, 1, 1, 1, 1, 3, 3, -2, 1, 3, 1, 1, 3, 1, 3 ], [ 3, 3, 1, 1, 1, 1, 3, 1, 1, 1, -2, 3, 3, 1, 1, 1, 3 ], 
          [ 1, 1, 1, 3, 3, 1, 1, 1, 1, 3, 3, -2, 1, 1, 3, 1, 1 ], [ 1, 1, 3, 3, 3, 1, 1, 3, 3, 1, 3, 1, -2, 3, 3, 1, 1 ], 
          [ 3, 3, 3, 1, 1, 1, 1, 1, 1, 1, 1, 1, 3, -2, 1, 1, 3 ], [ 3, 3, 3, 1, 1, 3, 3, 1, 1, 3, 1, 3, 3, 1, -2, 3, 3 ], 
          [ 3, 3, 3, 1, 1, 1, 1, 1, 1, 1, 1, 1, 1, 1, 3, -2, 1 ], [ 3, 1, 1, 3, 3, 1, 3, 1, 1, 3, 3, 1, 1, 3, 3, 1, -2 ] ] ], 
  [ [ 0, 347 ], [ [ -2, 1, 1, 3, 3, 3, 1, 3, 3, 3, 3, 1, 1, 3, 3, 3, 1 ], [ 1, -2, 1, 3, 3, 1, 3, 3, 1, 3, 3, 1, 1, 3, 3, 3, 1 ], 
          [ 1, 1, -2, 3, 3, 1, 3, 1, 1, 3, 1, 1, 3, 3, 3, 3, 3 ], [ 3, 3, 3, -2, 1, 1, 1, 1, 1, 1, 1, 3, 3, 1, 1, 1, 3 ], 
          [ 3, 3, 3, 1, -2, 3, 3, 3, 1, 1, 1, 3, 3, 1, 1, 1, 3 ], [ 3, 1, 1, 1, 3, -2, 1, 1, 1, 1, 1, 1, 1, 1, 3, 1, 3 ], 
          [ 1, 3, 3, 1, 3, 1, -2, 1, 3, 1, 3, 1, 1, 1, 3, 1, 3 ], [ 3, 3, 1, 1, 3, 1, 1, -2, 1, 3, 1, 1, 3, 1, 1, 1, 3 ], 
          [ 3, 1, 1, 1, 1, 1, 3, 1, -2, 3, 1, 1, 3, 1, 1, 1, 3 ], [ 3, 3, 3, 1, 1, 1, 1, 3, 3, -2, 1, 3, 1, 1, 3, 1, 3 ], 
          [ 3, 3, 1, 1, 1, 1, 3, 1, 1, 1, -2, 3, 3, 1, 1, 1, 3 ], [ 1, 1, 1, 3, 3, 1, 1, 1, 1, 3, 3, -2, 1, 1, 3, 1, 3 ], 
          [ 1, 1, 3, 3, 3, 1, 1, 3, 3, 1, 3, 1, -2, 3, 3, 1, 1 ], [ 3, 3, 3, 1, 1, 1, 1, 1, 1, 1, 1, 1, 3, -2, 1, 1, 3 ], 
          [ 3, 3, 3, 1, 1, 3, 3, 1, 1, 3, 1, 3, 3, 1, -2, 3, 1 ], [ 3, 3, 3, 1, 1, 1, 1, 1, 1, 1, 1, 1, 1, 1, 3, -2, 3 ], 
          [ 1, 1, 3, 3, 3, 3, 3, 3, 3, 3, 3, 3, 1, 3, 1, 3, -2 ] ] ], 
  [ [ 0, 274 ], [ [ -2, 1, 1, 3, 3, 3, 1, 3, 3, 3, 3, 1, 1, 1, 3, 3, 1 ], [ 1, -2, 1, 3, 3, 1, 3, 3, 1, 3, 3, 1, 1, 1, 3, 3, 3 ], 
          [ 1, 1, -2, 3, 3, 1, 3, 1, 1, 3, 1, 1, 3, 1, 3, 1, 3 ], [ 3, 3, 3, -2, 1, 1, 1, 1, 1, 1, 1, 3, 3, 3, 3, 1, 3 ], 
          [ 3, 3, 3, 1, -2, 3, 3, 3, 1, 1, 1, 3, 3, 3, 1, 1, 1 ], [ 3, 1, 1, 1, 3, -2, 1, 1, 1, 1, 1, 1, 1, 3, 3, 1, 3 ], 
          [ 1, 3, 3, 1, 3, 1, -2, 1, 3, 1, 3, 1, 1, 3, 3, 1, 1 ], [ 3, 3, 1, 1, 3, 1, 1, -2, 1, 3, 1, 1, 3, 3, 3, 1, 3 ], 
          [ 3, 1, 1, 1, 1, 1, 3, 1, -2, 3, 1, 1, 3, 3, 3, 1, 3 ], [ 3, 3, 3, 1, 1, 1, 1, 3, 3, -2, 1, 3, 1, 3, 1, 1, 1 ], 
          [ 3, 3, 1, 1, 1, 1, 3, 1, 1, 1, -2, 3, 3, 3, 1, 1, 3 ], [ 1, 1, 1, 3, 3, 1, 1, 1, 1, 3, 3, -2, 1, 3, 3, 3, 1 ], 
          [ 1, 1, 3, 3, 3, 1, 1, 3, 3, 1, 3, 1, -2, 3, 1, 3, 1 ], [ 1, 1, 1, 3, 3, 3, 3, 3, 3, 3, 3, 3, 3, -2, 3, 3, 3 ], 
          [ 3, 3, 3, 3, 1, 3, 3, 3, 3, 1, 1, 3, 1, 3, -2, 3, 1 ], [ 3, 3, 1, 1, 1, 1, 1, 1, 1, 1, 1, 3, 3, 3, 3, -2, 3 ], 
          [ 1, 3, 3, 3, 1, 3, 1, 3, 3, 1, 3, 1, 1, 3, 1, 3, -2 ] ] ], [ [ 0, 304 ], [ [ -2, 1, 1, 3, 3, 3, 1, 3, 3, 3, 3, 1, 1, 3, 1, 3, 3 ], 
          [ 1, -2, 1, 3, 3, 1, 3, 3, 1, 3, 3, 1, 1, 1, 3, 3, 3 ], [ 1, 1, -2, 3, 3, 1, 3, 1, 1, 3, 1, 1, 3, 1, 3, 3, 3 ], 
          [ 3, 3, 3, -2, 1, 1, 1, 1, 1, 1, 1, 3, 3, 3, 3, 1, 1 ], [ 3, 3, 3, 1, -2, 3, 3, 3, 1, 1, 1, 3, 3, 3, 1, 1, 3 ], 
          [ 3, 1, 1, 1, 3, -2, 1, 1, 1, 1, 1, 1, 1, 1, 3, 1, 1 ], [ 1, 3, 3, 1, 3, 1, -2, 1, 3, 1, 3, 1, 1, 3, 1, 1, 1 ], 
          [ 3, 3, 1, 1, 3, 1, 1, -2, 1, 3, 1, 1, 3, 1, 3, 1, 1 ], [ 3, 1, 1, 1, 1, 1, 3, 1, -2, 3, 1, 1, 3, 1, 3, 3, 3 ], 
          [ 3, 3, 3, 1, 1, 1, 1, 3, 3, -2, 1, 3, 1, 3, 1, 1, 1 ], [ 3, 3, 1, 1, 1, 1, 3, 1, 1, 1, -2, 3, 3, 1, 1, 1, 1 ], 
          [ 1, 1, 1, 3, 3, 1, 1, 1, 1, 3, 3, -2, 1, 1, 3, 3, 3 ], [ 1, 1, 3, 3, 3, 1, 1, 3, 3, 1, 3, 1, -2, 3, 1, 1, 1 ], 
          [ 3, 1, 1, 3, 3, 1, 3, 1, 1, 3, 1, 1, 3, -2, 3, 3, 3 ], [ 1, 3, 3, 3, 1, 3, 1, 3, 3, 1, 1, 3, 1, 3, -2, 1, 1 ], 
          [ 3, 3, 3, 1, 1, 1, 1, 1, 3, 1, 1, 3, 1, 3, 1, -2, 1 ], [ 3, 3, 3, 1, 3, 1, 1, 1, 3, 1, 1, 3, 1, 3, 1, 1, -2 ] ] ], 
  [ [ 0, 239 ], [ [ -2, 1, 1, 3, 3, 3, 1, 3, 3, 3, 3, 1, 1, 3, 1, 1, 1 ], [ 1, -2, 1, 3, 3, 1, 3, 3, 1, 3, 3, 1, 1, 1, 3, 1, 1 ], 
          [ 1, 1, -2, 3, 3, 1, 3, 1, 1, 3, 1, 1, 3, 1, 3, 1, 1 ], [ 3, 3, 3, -2, 1, 1, 1, 1, 1, 1, 1, 3, 3, 3, 3, 3, 3 ], 
          [ 3, 3, 3, 1, -2, 3, 3, 3, 1, 1, 1, 3, 3, 3, 1, 3, 1 ], [ 3, 1, 1, 1, 3, -2, 1, 1, 1, 1, 1, 1, 1, 1, 3, 3, 3 ], 
          [ 1, 3, 3, 1, 3, 1, -2, 1, 3, 1, 3, 1, 1, 3, 1, 3, 3 ], [ 3, 3, 1, 1, 3, 1, 1, -2, 1, 3, 1, 1, 3, 1, 3, 3, 3 ], 
          [ 3, 1, 1, 1, 1, 1, 3, 1, -2, 3, 1, 1, 3, 1, 3, 1, 1 ], [ 3, 3, 3, 1, 1, 1, 1, 3, 3, -2, 1, 3, 1, 3, 1, 3, 3 ], 
          [ 3, 3, 1, 1, 1, 1, 3, 1, 1, 1, -2, 3, 3, 1, 1, 3, 1 ], [ 1, 1, 1, 3, 3, 1, 1, 1, 1, 3, 3, -2, 1, 1, 3, 1, 1 ], 
          [ 1, 1, 3, 3, 3, 1, 1, 3, 3, 1, 3, 1, -2, 3, 1, 3, 3 ], [ 3, 1, 1, 3, 3, 1, 3, 1, 1, 3, 1, 1, 3, -2, 3, 1, 1 ], 
          [ 1, 3, 3, 3, 1, 3, 1, 3, 3, 1, 1, 3, 1, 3, -2, 3, 1 ], [ 1, 1, 1, 3, 3, 3, 3, 3, 1, 3, 3, 1, 3, 1, 3, -2, 1 ], 
          [ 1, 1, 1, 3, 1, 3, 3, 3, 1, 3, 1, 1, 3, 1, 1, 1, -2 ] ] ], 
  [ [ 0, 147 ], [ [ -2, 1, 1, 3, 3, 3, 1, 3, 3, 3, 3, 1, 1, 1, 3, 1, 1 ], [ 1, -2, 1, 3, 3, 1, 3, 3, 1, 3, 3, 1, 1, 3, 3, 1, 1 ], 
          [ 1, 1, -2, 3, 3, 1, 3, 1, 1, 3, 1, 1, 1, 1, 3, 1, 1 ], [ 3, 3, 3, -2, 1, 1, 1, 1, 1, 1, 1, 3, 3, 3, 1, 3, 3 ], 
          [ 3, 3, 3, 1, -2, 3, 3, 3, 1, 1, 1, 3, 3, 3, 3, 3, 1 ], [ 3, 1, 1, 1, 3, -2, 1, 1, 1, 1, 1, 1, 3, 3, 1, 1, 3 ], 
          [ 1, 3, 3, 1, 3, 1, -2, 1, 3, 1, 3, 1, 3, 1, 1, 1, 3 ], [ 3, 3, 1, 1, 3, 1, 1, -2, 1, 3, 1, 1, 3, 1, 1, 3, 3 ], 
          [ 3, 1, 1, 1, 1, 1, 3, 1, -2, 3, 1, 1, 1, 3, 3, 3, 1 ], [ 3, 3, 3, 1, 1, 1, 1, 3, 3, -2, 1, 3, 3, 3, 1, 1, 3 ], 
          [ 3, 3, 1, 1, 1, 1, 3, 1, 1, 1, -2, 3, 3, 3, 1, 3, 3 ], [ 1, 1, 1, 3, 3, 1, 1, 1, 1, 3, 3, -2, 1, 1, 3, 1, 1 ], 
          [ 1, 1, 1, 3, 3, 3, 3, 3, 1, 3, 3, 1, -2, 1, 3, 1, 1 ], [ 1, 3, 1, 3, 3, 3, 1, 1, 3, 3, 3, 1, 1, -2, 3, 1, 3 ], 
          [ 3, 3, 3, 1, 3, 1, 1, 1, 3, 1, 1, 3, 3, 3, -2, 3, 3 ], [ 1, 1, 1, 3, 3, 1, 1, 3, 3, 1, 3, 1, 1, 1, 3, -2, 3 ], 
          [ 1, 1, 1, 3, 1, 3, 3, 3, 1, 3, 3, 1, 1, 3, 3, 3, -2 ] ] ], [ [ 0, 125 ], [ [ -2, 1, 1, 3, 3, 3, 1, 3, 3, 3, 3, 1, 1, 1, 3, 1, 3 ], 
          [ 1, -2, 1, 3, 3, 1, 3, 3, 1, 3, 3, 1, 1, 3, 3, 1, 1 ], [ 1, 1, -2, 3, 3, 1, 3, 1, 1, 3, 1, 1, 1, 1, 3, 1, 1 ], 
          [ 3, 3, 3, -2, 1, 1, 1, 1, 1, 1, 1, 3, 3, 3, 1, 3, 3 ], [ 3, 3, 3, 1, -2, 3, 3, 3, 1, 1, 1, 3, 3, 3, 3, 3, 3 ], 
          [ 3, 1, 1, 1, 3, -2, 1, 1, 1, 1, 1, 1, 3, 3, 1, 1, 1 ], [ 1, 3, 3, 1, 3, 1, -2, 1, 3, 1, 3, 1, 3, 1, 1, 1, 3 ], 
          [ 3, 3, 1, 1, 3, 1, 1, -2, 1, 3, 1, 1, 3, 1, 1, 3, 1 ], [ 3, 1, 1, 1, 1, 1, 3, 1, -2, 3, 1, 1, 1, 3, 3, 3, 1 ], 
          [ 3, 3, 3, 1, 1, 1, 1, 3, 3, -2, 1, 3, 3, 3, 1, 1, 3 ], [ 3, 3, 1, 1, 1, 1, 3, 1, 1, 1, -2, 3, 3, 3, 1, 3, 1 ], 
          [ 1, 1, 1, 3, 3, 1, 1, 1, 1, 3, 3, -2, 1, 1, 3, 1, 1 ], [ 1, 1, 1, 3, 3, 3, 3, 3, 1, 3, 3, 1, -2, 1, 3, 1, 1 ], 
          [ 1, 3, 1, 3, 3, 3, 1, 1, 3, 3, 3, 1, 1, -2, 3, 1, 1 ], [ 3, 3, 3, 1, 3, 1, 1, 1, 3, 1, 1, 3, 3, 3, -2, 3, 3 ], 
          [ 1, 1, 1, 3, 3, 1, 1, 3, 3, 1, 3, 1, 1, 1, 3, -2, 1 ], [ 3, 1, 1, 3, 3, 1, 3, 1, 1, 3, 1, 1, 1, 1, 3, 1, -2 ] ] ], 
  [ [ 0, 187 ], [ [ -2, 1, 1, 3, 3, 3, 1, 3, 3, 3, 3, 1, 1, 1, 1, 3, 3 ], [ 1, -2, 1, 3, 3, 1, 3, 3, 1, 3, 3, 1, 1, 3, 1, 3, 1 ], 
          [ 1, 1, -2, 3, 3, 1, 3, 1, 1, 3, 1, 1, 1, 1, 1, 3, 1 ], [ 3, 3, 3, -2, 1, 1, 1, 1, 1, 1, 1, 3, 3, 3, 3, 3, 1 ], 
          [ 3, 3, 3, 1, -2, 3, 3, 3, 1, 1, 1, 3, 3, 3, 3, 1, 3 ], [ 3, 1, 1, 1, 3, -2, 1, 1, 1, 1, 1, 1, 3, 3, 1, 3, 1 ], 
          [ 1, 3, 3, 1, 3, 1, -2, 1, 3, 1, 3, 1, 3, 1, 1, 3, 3 ], [ 3, 3, 1, 1, 3, 1, 1, -2, 1, 3, 1, 1, 3, 1, 3, 3, 1 ], 
          [ 3, 1, 1, 1, 1, 1, 3, 1, -2, 3, 1, 1, 1, 3, 3, 3, 1 ], [ 3, 3, 3, 1, 1, 1, 1, 3, 3, -2, 1, 3, 3, 3, 1, 1, 3 ], 
          [ 3, 3, 1, 1, 1, 1, 3, 1, 1, 1, -2, 3, 3, 3, 3, 3, 1 ], [ 1, 1, 1, 3, 3, 1, 1, 1, 1, 3, 3, -2, 1, 1, 1, 3, 3 ], 
          [ 1, 1, 1, 3, 3, 3, 3, 3, 1, 3, 3, 1, -2, 1, 1, 3, 3 ], [ 1, 3, 1, 3, 3, 3, 1, 1, 3, 3, 3, 1, 1, -2, 1, 3, 3 ], 
          [ 1, 1, 1, 3, 3, 1, 1, 3, 3, 1, 3, 1, 1, 1, -2, 3, 3 ], [ 3, 3, 3, 3, 1, 3, 3, 3, 3, 1, 3, 3, 3, 3, 3, -2, 3 ], 
          [ 3, 1, 1, 1, 3, 1, 3, 1, 1, 3, 1, 3, 3, 3, 3, 3, -2 ] ] ], 
  [ [ 0, 96 ], [ [ -2, 1, 1, 3, 3, 3, 1, 3, 3, 3, 3, 1, 1, 1, 3, 1, 1 ], [ 1, -2, 1, 3, 3, 1, 3, 3, 1, 3, 3, 1, 1, 3, 3, 3, 1 ], 
          [ 1, 1, -2, 3, 3, 1, 3, 1, 1, 3, 1, 1, 1, 1, 3, 3, 1 ], [ 3, 3, 3, -2, 1, 1, 1, 1, 1, 1, 1, 3, 3, 3, 1, 1, 1 ], 
          [ 3, 3, 3, 1, -2, 3, 3, 3, 1, 1, 1, 3, 3, 3, 1, 1, 3 ], [ 3, 1, 1, 1, 3, -2, 1, 1, 1, 1, 1, 1, 3, 3, 3, 3, 1 ], 
          [ 1, 3, 3, 1, 3, 1, -2, 1, 3, 1, 3, 1, 3, 1, 3, 1, 1 ], [ 3, 3, 1, 1, 3, 1, 1, -2, 1, 3, 1, 1, 3, 1, 1, 3, 1 ], 
          [ 3, 1, 1, 1, 1, 1, 3, 1, -2, 3, 1, 1, 1, 3, 1, 3, 1 ], [ 3, 3, 3, 1, 1, 1, 1, 3, 3, -2, 1, 3, 3, 3, 3, 1, 3 ], 
          [ 3, 3, 1, 1, 1, 1, 3, 1, 1, 1, -2, 3, 3, 3, 1, 3, 3 ], [ 1, 1, 1, 3, 3, 1, 1, 1, 1, 3, 3, -2, 1, 1, 3, 3, 1 ], 
          [ 1, 1, 1, 3, 3, 3, 3, 3, 1, 3, 3, 1, -2, 1, 3, 3, 1 ], [ 1, 3, 1, 3, 3, 3, 1, 1, 3, 3, 3, 1, 1, -2, 3, 3, 1 ], 
          [ 3, 3, 3, 1, 1, 3, 3, 1, 1, 3, 1, 3, 3, 3, -2, 1, 3 ], [ 1, 3, 3, 1, 1, 3, 1, 3, 3, 1, 3, 3, 3, 3, 1, -2, 3 ], 
          [ 1, 1, 1, 1, 3, 1, 1, 1, 1, 3, 3, 1, 1, 1, 3, 3, -2 ] ] ], [ [ 0, 296 ], [ [ -2, 1, 1, 3, 3, 3, 1, 3, 3, 3, 3, 1, 1, 3, 3, 3, 3 ], 
          [ 1, -2, 1, 3, 3, 1, 3, 3, 1, 3, 3, 1, 1, 3, 3, 1, 3 ], [ 1, 1, -2, 3, 3, 1, 3, 1, 1, 3, 1, 1, 1, 3, 3, 1, 3 ], 
          [ 3, 3, 3, -2, 1, 1, 1, 1, 1, 1, 1, 3, 3, 3, 1, 3, 1 ], [ 3, 3, 3, 1, -2, 3, 3, 3, 1, 1, 1, 3, 3, 1, 3, 1, 3 ], 
          [ 3, 1, 1, 1, 3, -2, 1, 1, 1, 1, 1, 1, 1, 3, 1, 1, 1 ], [ 1, 3, 3, 1, 3, 1, -2, 1, 3, 1, 3, 1, 1, 3, 1, 3, 1 ], 
          [ 3, 3, 1, 1, 3, 1, 1, -2, 1, 3, 1, 1, 1, 3, 1, 3, 1 ], [ 3, 1, 1, 1, 1, 1, 3, 1, -2, 3, 1, 1, 1, 3, 3, 1, 1 ], 
          [ 3, 3, 3, 1, 1, 1, 1, 3, 3, -2, 1, 3, 3, 1, 1, 1, 3 ], [ 3, 3, 1, 1, 1, 1, 3, 1, 1, 1, -2, 3, 3, 1, 1, 1, 3 ], 
          [ 1, 1, 1, 3, 3, 1, 1, 1, 1, 3, 3, -2, 1, 3, 3, 1, 1 ], [ 1, 1, 1, 3, 3, 1, 1, 1, 1, 3, 3, 1, -2, 3, 3, 3, 1 ], 
          [ 3, 3, 3, 3, 1, 3, 3, 3, 3, 1, 1, 3, 3, -2, 3, 1, 3 ], [ 3, 3, 3, 1, 3, 1, 1, 1, 3, 1, 1, 3, 3, 3, -2, 3, 1 ], 
          [ 3, 1, 1, 3, 1, 1, 3, 3, 1, 1, 1, 1, 3, 1, 3, -2, 3 ], [ 3, 3, 3, 1, 3, 1, 1, 1, 1, 3, 3, 1, 1, 3, 1, 3, -2 ] ] ], 
  [ [ 0, 157 ], [ [ -2, 1, 1, 3, 3, 3, 1, 3, 3, 3, 3, 1, 1, 3, 3, 3, 3 ], [ 1, -2, 1, 3, 3, 1, 3, 3, 1, 3, 3, 1, 1, 3, 3, 3, 1 ], 
          [ 1, 1, -2, 3, 3, 1, 3, 1, 1, 3, 1, 1, 1, 3, 3, 3, 1 ], [ 3, 3, 3, -2, 1, 1, 1, 1, 1, 1, 1, 3, 3, 3, 1, 1, 3 ], 
          [ 3, 3, 3, 1, -2, 3, 3, 3, 1, 1, 1, 3, 3, 1, 3, 1, 1 ], [ 3, 1, 1, 1, 3, -2, 1, 1, 1, 1, 1, 1, 1, 3, 1, 3, 1 ], 
          [ 1, 3, 3, 1, 3, 1, -2, 1, 3, 1, 3, 1, 1, 3, 1, 3, 3 ], [ 3, 3, 1, 1, 3, 1, 1, -2, 1, 3, 1, 1, 1, 3, 1, 1, 3 ], 
          [ 3, 1, 1, 1, 1, 1, 3, 1, -2, 3, 1, 1, 1, 3, 3, 1, 1 ], [ 3, 3, 3, 1, 1, 1, 1, 3, 3, -2, 1, 3, 3, 1, 1, 3, 1 ], 
          [ 3, 3, 1, 1, 1, 1, 3, 1, 1, 1, -2, 3, 3, 1, 1, 1, 1 ], [ 1, 1, 1, 3, 3, 1, 1, 1, 1, 3, 3, -2, 1, 3, 3, 3, 1 ], 
          [ 1, 1, 1, 3, 3, 1, 1, 1, 1, 3, 3, 1, -2, 3, 3, 3, 3 ], [ 3, 3, 3, 3, 1, 3, 3, 3, 3, 1, 1, 3, 3, -2, 3, 3, 1 ], 
          [ 3, 3, 3, 1, 3, 1, 1, 1, 3, 1, 1, 3, 3, 3, -2, 1, 3 ], [ 3, 3, 3, 1, 1, 3, 3, 1, 1, 3, 1, 3, 3, 3, 1, -2, 3 ], 
          [ 3, 1, 1, 3, 1, 1, 3, 3, 1, 1, 1, 1, 3, 1, 3, 3, -2 ] ] ], 
  [ [ 0, 311 ], [ [ -2, 1, 1, 3, 3, 3, 1, 3, 3, 3, 3, 1, 1, 3, 1, 3, 3 ], [ 1, -2, 1, 3, 3, 1, 3, 3, 1, 3, 3, 1, 1, 3, 1, 1, 3 ], 
          [ 1, 1, -2, 3, 3, 1, 3, 1, 1, 3, 1, 1, 1, 3, 1, 3, 3 ], [ 3, 3, 3, -2, 1, 1, 1, 1, 1, 1, 1, 3, 3, 3, 3, 1, 3 ], 
          [ 3, 3, 3, 1, -2, 3, 3, 3, 1, 1, 1, 3, 3, 1, 1, 3, 1 ], [ 3, 1, 1, 1, 3, -2, 1, 1, 1, 1, 1, 1, 1, 3, 3, 1, 3 ], 
          [ 1, 3, 3, 1, 3, 1, -2, 1, 3, 1, 3, 1, 1, 3, 3, 1, 3 ], [ 3, 3, 1, 1, 3, 1, 1, -2, 1, 3, 1, 1, 1, 3, 3, 1, 3 ], 
          [ 3, 1, 1, 1, 1, 1, 3, 1, -2, 3, 1, 1, 1, 3, 1, 1, 3 ], [ 3, 3, 3, 1, 1, 1, 1, 3, 3, -2, 1, 3, 3, 1, 3, 1, 1 ], 
          [ 3, 3, 1, 1, 1, 1, 3, 1, 1, 1, -2, 3, 3, 1, 3, 3, 1 ], [ 1, 1, 1, 3, 3, 1, 1, 1, 1, 3, 3, -2, 1, 3, 1, 1, 3 ], 
          [ 1, 1, 1, 3, 3, 1, 1, 1, 1, 3, 3, 1, -2, 3, 1, 1, 3 ], [ 3, 3, 3, 3, 1, 3, 3, 3, 3, 1, 1, 3, 3, -2, 1, 3, 1 ], 
          [ 1, 1, 1, 3, 1, 3, 3, 3, 1, 3, 3, 1, 1, 1, -2, 3, 3 ], [ 3, 1, 3, 1, 3, 1, 1, 1, 1, 1, 3, 1, 1, 3, 3, -2, 3 ], 
          [ 3, 3, 3, 3, 1, 3, 3, 3, 3, 1, 1, 3, 3, 1, 3, 3, -2 ] ] ], [ [ 0, 213 ], [ [ -2, 1, 1, 3, 3, 3, 1, 3, 3, 3, 3, 1, 3, 3, 1, 1, 1 ], 
          [ 1, -2, 1, 3, 3, 1, 3, 3, 1, 3, 3, 1, 3, 1, 1, 3, 1 ], [ 1, 1, -2, 3, 3, 1, 3, 1, 1, 3, 1, 1, 1, 3, 3, 3, 1 ], 
          [ 3, 3, 3, -2, 1, 1, 1, 1, 1, 1, 1, 3, 3, 1, 3, 3, 3 ], [ 3, 3, 3, 1, -2, 3, 3, 3, 1, 1, 1, 3, 1, 1, 3, 3, 3 ], 
          [ 3, 1, 1, 1, 3, -2, 1, 1, 1, 1, 1, 1, 3, 1, 3, 3, 3 ], [ 1, 3, 3, 1, 3, 1, -2, 1, 3, 1, 3, 1, 3, 3, 3, 1, 3 ], 
          [ 3, 3, 1, 1, 3, 1, 1, -2, 1, 3, 1, 1, 1, 3, 3, 1, 3 ], [ 3, 1, 1, 1, 1, 1, 3, 1, -2, 3, 1, 1, 1, 1, 3, 3, 3 ], 
          [ 3, 3, 3, 1, 1, 1, 1, 3, 3, -2, 1, 3, 3, 1, 3, 3, 3 ], [ 3, 3, 1, 1, 1, 1, 3, 1, 1, 1, -2, 3, 1, 1, 3, 3, 3 ], 
          [ 1, 1, 1, 3, 3, 1, 1, 1, 1, 3, 3, -2, 3, 3, 3, 1, 3 ], [ 3, 3, 1, 3, 1, 3, 3, 1, 1, 3, 1, 3, -2, 3, 3, 3, 1 ], 
          [ 3, 1, 3, 1, 1, 1, 3, 3, 1, 1, 1, 3, 3, -2, 1, 3, 3 ], [ 1, 1, 3, 3, 3, 3, 3, 3, 3, 3, 3, 3, 3, 1, -2, 1, 1 ], 
          [ 1, 3, 3, 3, 3, 3, 1, 1, 3, 3, 3, 1, 3, 3, 1, -2, 3 ], [ 1, 1, 1, 3, 3, 3, 3, 3, 3, 3, 3, 3, 1, 3, 1, 3, -2 ] ] ], 
  [ [ 0, 170 ], [ [ -2, 1, 1, 3, 3, 3, 1, 3, 3, 3, 3, 1, 3, 3, 3, 1, 1 ], [ 1, -2, 1, 3, 3, 1, 3, 3, 1, 3, 3, 1, 3, 3, 3, 1, 1 ], 
          [ 1, 1, -2, 3, 3, 1, 3, 1, 1, 3, 1, 1, 3, 3, 3, 1, 3 ], [ 3, 3, 3, -2, 1, 1, 1, 1, 1, 1, 1, 3, 1, 1, 1, 3, 1 ], 
          [ 3, 3, 3, 1, -2, 3, 3, 3, 1, 1, 1, 3, 3, 1, 3, 3, 3 ], [ 3, 1, 1, 1, 3, -2, 1, 1, 1, 1, 1, 1, 1, 3, 1, 3, 1 ], 
          [ 1, 3, 3, 1, 3, 1, -2, 1, 3, 1, 3, 1, 1, 3, 1, 3, 1 ], [ 3, 3, 1, 1, 3, 1, 1, -2, 1, 3, 1, 1, 3, 1, 1, 3, 3 ], 
          [ 3, 1, 1, 1, 1, 1, 3, 1, -2, 3, 1, 1, 3, 1, 3, 3, 3 ], [ 3, 3, 3, 1, 1, 1, 1, 3, 3, -2, 1, 3, 1, 3, 1, 3, 1 ], 
          [ 3, 3, 1, 1, 1, 1, 3, 1, 1, 1, -2, 3, 3, 1, 1, 3, 3 ], [ 1, 1, 1, 3, 3, 1, 1, 1, 1, 3, 3, -2, 3, 3, 3, 3, 1 ], 
          [ 3, 3, 3, 1, 3, 1, 1, 3, 3, 1, 3, 3, -2, 3, 1, 1, 1 ], [ 3, 3, 3, 1, 1, 3, 3, 1, 1, 3, 1, 3, 3, -2, 1, 3, 3 ], 
          [ 3, 3, 3, 1, 3, 1, 1, 1, 3, 1, 1, 3, 1, 1, -2, 3, 1 ], [ 1, 1, 1, 3, 3, 3, 3, 3, 3, 3, 3, 3, 1, 3, 3, -2, 3 ], 
          [ 1, 1, 3, 1, 3, 1, 1, 3, 3, 1, 3, 1, 1, 3, 1, 3, -2 ] ] ], 
  [ [ 0, 171 ], [ [ -2, 1, 1, 3, 3, 3, 1, 3, 3, 3, 3, 1, 3, 1, 3, 1, 3 ], [ 1, -2, 1, 3, 3, 1, 3, 3, 1, 3, 3, 1, 3, 1, 1, 1, 1 ], 
          [ 1, 1, -2, 3, 3, 1, 3, 1, 1, 3, 1, 1, 3, 3, 3, 1, 3 ], [ 3, 3, 3, -2, 1, 1, 1, 1, 1, 1, 1, 3, 1, 3, 1, 1, 3 ], 
          [ 3, 3, 3, 1, -2, 3, 3, 3, 1, 1, 1, 3, 3, 1, 1, 3, 1 ], [ 3, 1, 1, 1, 3, -2, 1, 1, 1, 1, 1, 1, 1, 3, 1, 1, 3 ], 
          [ 1, 3, 3, 1, 3, 1, -2, 1, 3, 1, 3, 1, 1, 3, 3, 1, 3 ], [ 3, 3, 1, 1, 3, 1, 1, -2, 1, 3, 1, 1, 1, 3, 3, 1, 3 ], 
          [ 3, 1, 1, 1, 1, 1, 3, 1, -2, 3, 1, 1, 3, 1, 1, 1, 1 ], [ 3, 3, 3, 1, 1, 1, 1, 3, 3, -2, 1, 3, 1, 3, 1, 3, 3 ], 
          [ 3, 3, 1, 1, 1, 1, 3, 1, 1, 1, -2, 3, 1, 3, 1, 3, 3 ], [ 1, 1, 1, 3, 3, 1, 1, 1, 1, 3, 3, -2, 3, 1, 3, 1, 3 ], 
          [ 3, 3, 3, 1, 3, 1, 1, 1, 3, 1, 1, 3, -2, 3, 1, 3, 3 ], [ 1, 1, 3, 3, 1, 3, 3, 3, 1, 3, 3, 1, 3, -2, 1, 3, 1 ], 
          [ 3, 1, 3, 1, 1, 1, 3, 3, 1, 1, 1, 3, 1, 1, -2, 3, 1 ], [ 1, 1, 1, 1, 3, 1, 1, 1, 1, 3, 3, 1, 3, 3, 3, -2, 3 ], 
          [ 3, 1, 3, 3, 1, 3, 3, 3, 1, 3, 3, 3, 3, 1, 1, 3, -2 ] ] ], [ [ 0, 241 ], [ [ -2, 1, 1, 3, 3, 3, 1, 3, 3, 3, 3, 1, 3, 1, 3, 1, 3 ], 
          [ 1, -2, 1, 3, 3, 1, 3, 3, 1, 3, 3, 1, 3, 1, 3, 3, 1 ], [ 1, 1, -2, 3, 3, 1, 3, 1, 1, 3, 1, 1, 3, 1, 3, 3, 3 ], 
          [ 3, 3, 3, -2, 1, 1, 1, 1, 1, 1, 1, 3, 1, 3, 1, 3, 1 ], [ 3, 3, 3, 1, -2, 3, 3, 3, 1, 1, 1, 3, 3, 1, 3, 3, 1 ], 
          [ 3, 1, 1, 1, 3, -2, 1, 1, 1, 1, 1, 1, 1, 3, 1, 3, 1 ], [ 1, 3, 3, 1, 3, 1, -2, 1, 3, 1, 3, 1, 1, 3, 1, 1, 3 ], 
          [ 3, 3, 1, 1, 3, 1, 1, -2, 1, 3, 1, 1, 1, 3, 1, 1, 3 ], [ 3, 1, 1, 1, 1, 1, 3, 1, -2, 3, 1, 1, 3, 3, 3, 3, 1 ], 
          [ 3, 3, 3, 1, 1, 1, 1, 3, 3, -2, 1, 3, 1, 3, 1, 3, 1 ], [ 3, 3, 1, 1, 1, 1, 3, 1, 1, 1, -2, 3, 1, 3, 3, 3, 1 ], 
          [ 1, 1, 1, 3, 3, 1, 1, 1, 1, 3, 3, -2, 3, 3, 1, 1, 3 ], [ 3, 3, 3, 1, 3, 1, 1, 1, 3, 1, 1, 3, -2, 3, 1, 1, 1 ], 
          [ 1, 1, 1, 3, 1, 3, 3, 3, 3, 3, 3, 3, 3, -2, 3, 3, 3 ], [ 3, 3, 3, 1, 3, 1, 1, 1, 3, 1, 3, 1, 1, 3, -2, 1, 3 ], 
          [ 1, 3, 3, 3, 3, 3, 1, 1, 3, 3, 3, 1, 1, 3, 1, -2, 3 ], [ 3, 1, 3, 1, 1, 1, 3, 3, 1, 1, 1, 3, 1, 3, 3, 3, -2 ] ] ], 
  [ [ 0, 418 ], [ [ -2, 1, 1, 3, 3, 3, 1, 3, 3, 3, 3, 1, 3, 1, 3, 3, 1 ], [ 1, -2, 1, 3, 3, 1, 3, 3, 1, 3, 3, 1, 3, 1, 1, 3, 1 ], 
          [ 1, 1, -2, 3, 3, 1, 3, 1, 1, 3, 1, 1, 3, 1, 1, 1, 1 ], [ 3, 3, 3, -2, 1, 1, 1, 1, 1, 1, 1, 3, 1, 3, 3, 1, 3 ], 
          [ 3, 3, 3, 1, -2, 3, 3, 3, 1, 1, 1, 3, 3, 1, 3, 1, 3 ], [ 3, 1, 1, 1, 3, -2, 1, 1, 1, 1, 1, 1, 1, 3, 1, 1, 3 ], 
          [ 1, 3, 3, 1, 3, 1, -2, 1, 3, 1, 3, 1, 1, 3, 3, 1, 3 ], [ 3, 3, 1, 1, 3, 1, 1, -2, 1, 3, 1, 1, 1, 3, 1, 1, 3 ], 
          [ 3, 1, 1, 1, 1, 1, 3, 1, -2, 3, 1, 1, 3, 3, 1, 1, 3 ], [ 3, 3, 3, 1, 1, 1, 1, 3, 3, -2, 1, 3, 1, 3, 3, 1, 3 ], 
          [ 3, 3, 1, 1, 1, 1, 3, 1, 1, 1, -2, 3, 1, 3, 1, 1, 3 ], [ 1, 1, 1, 3, 3, 1, 1, 1, 1, 3, 3, -2, 3, 3, 1, 1, 3 ], 
          [ 3, 3, 3, 1, 3, 1, 1, 1, 3, 1, 1, 3, -2, 3, 1, 3, 3 ], [ 1, 1, 1, 3, 1, 3, 3, 3, 3, 3, 3, 3, 3, -2, 3, 3, 1 ], 
          [ 3, 1, 1, 3, 3, 1, 3, 1, 1, 3, 1, 1, 1, 3, -2, 1, 3 ], [ 3, 3, 1, 1, 1, 1, 1, 1, 1, 1, 1, 1, 3, 3, 1, -2, 3 ], 
          [ 1, 1, 1, 3, 3, 3, 3, 3, 3, 3, 3, 3, 3, 1, 3, 3, -2 ] ] ], 
  [ [ 0, 341 ], [ [ -2, 1, 1, 3, 3, 3, 1, 3, 3, 3, 3, 1, 3, 1, 3, 3, 1 ], [ 1, -2, 1, 3, 3, 1, 3, 3, 1, 3, 3, 1, 3, 1, 3, 3, 1 ], 
          [ 1, 1, -2, 3, 3, 1, 3, 1, 1, 3, 1, 1, 3, 1, 3, 1, 1 ], [ 3, 3, 3, -2, 1, 1, 1, 1, 1, 1, 1, 3, 1, 3, 1, 1, 1 ], 
          [ 3, 3, 3, 1, -2, 3, 3, 3, 1, 1, 1, 3, 3, 1, 3, 1, 3 ], [ 3, 1, 1, 1, 3, -2, 1, 1, 1, 1, 1, 1, 1, 3, 1, 3, 1 ], 
          [ 1, 3, 3, 1, 3, 1, -2, 1, 3, 1, 3, 1, 1, 3, 1, 3, 1 ], [ 3, 3, 1, 1, 3, 1, 1, -2, 1, 3, 1, 1, 1, 3, 1, 1, 1 ], 
          [ 3, 1, 1, 1, 1, 1, 3, 1, -2, 3, 1, 1, 3, 3, 3, 1, 1 ], [ 3, 3, 3, 1, 1, 1, 1, 3, 3, -2, 1, 3, 1, 3, 1, 3, 3 ], 
          [ 3, 3, 1, 1, 1, 1, 3, 1, 1, 1, -2, 3, 1, 3, 1, 1, 1 ], [ 1, 1, 1, 3, 3, 1, 1, 1, 1, 3, 3, -2, 3, 3, 3, 3, 1 ], 
          [ 3, 3, 3, 1, 3, 1, 1, 1, 3, 1, 1, 3, -2, 3, 1, 3, 3 ], [ 1, 1, 1, 3, 1, 3, 3, 3, 3, 3, 3, 3, 3, -2, 3, 1, 3 ], 
          [ 3, 3, 3, 1, 3, 1, 1, 1, 3, 1, 1, 3, 1, 3, -2, 1, 1 ], [ 3, 3, 1, 1, 1, 3, 3, 1, 1, 3, 1, 3, 3, 1, 1, -2, 1 ], 
          [ 1, 1, 1, 1, 3, 1, 1, 1, 1, 3, 1, 1, 3, 3, 1, 1, -2 ] ] ], [ [ 0, 295 ], [ [ -2, 1, 1, 3, 3, 3, 1, 3, 3, 3, 3, 1, 3, 1, 1, 1, 3 ], 
          [ 1, -2, 1, 3, 3, 1, 3, 3, 1, 3, 3, 1, 3, 3, 1, 1, 3 ], [ 1, 1, -2, 3, 3, 1, 3, 1, 1, 3, 1, 1, 3, 3, 3, 1, 3 ], 
          [ 3, 3, 3, -2, 1, 1, 1, 1, 1, 1, 1, 3, 1, 1, 3, 3, 1 ], [ 3, 3, 3, 1, -2, 3, 3, 3, 1, 1, 1, 3, 3, 1, 3, 1, 1 ], 
          [ 3, 1, 1, 1, 3, -2, 1, 1, 1, 1, 1, 1, 1, 3, 1, 1, 3 ], [ 1, 3, 3, 1, 3, 1, -2, 1, 3, 1, 3, 1, 1, 1, 1, 3, 3 ], 
          [ 3, 3, 1, 1, 3, 1, 1, -2, 1, 3, 1, 1, 1, 3, 3, 3, 3 ], [ 3, 1, 1, 1, 1, 1, 3, 1, -2, 3, 1, 1, 3, 3, 3, 1, 1 ], 
          [ 3, 3, 3, 1, 1, 1, 1, 3, 3, -2, 1, 3, 1, 1, 1, 3, 1 ], [ 3, 3, 1, 1, 1, 1, 3, 1, 1, 1, -2, 3, 1, 3, 3, 1, 1 ], 
          [ 1, 1, 1, 3, 3, 1, 1, 1, 1, 3, 3, -2, 3, 3, 1, 1, 3 ], [ 3, 3, 3, 1, 3, 1, 1, 1, 3, 1, 1, 3, -2, 3, 1, 3, 3 ], 
          [ 1, 3, 3, 1, 1, 3, 1, 3, 3, 1, 3, 3, 3, -2, 3, 3, 1 ], [ 1, 1, 3, 3, 3, 1, 1, 3, 3, 1, 3, 1, 1, 3, -2, 1, 3 ], 
          [ 1, 1, 1, 3, 1, 1, 3, 3, 1, 3, 1, 1, 3, 3, 1, -2, 3 ], [ 3, 3, 3, 1, 1, 3, 3, 3, 1, 1, 1, 3, 3, 1, 3, 3, -2 ] ] ], 
  [ [ 0, 427 ], [ [ -2, 1, 1, 3, 3, 3, 1, 3, 3, 3, 3, 1, 3, 1, 3, 1, 3 ], [ 1, -2, 1, 3, 3, 1, 3, 3, 1, 3, 3, 1, 3, 3, 1, 1, 3 ], 
          [ 1, 1, -2, 3, 3, 1, 3, 1, 1, 3, 1, 1, 3, 3, 3, 1, 1 ], [ 3, 3, 3, -2, 1, 1, 1, 1, 1, 1, 1, 3, 1, 1, 1, 3, 3 ], 
          [ 3, 3, 3, 1, -2, 3, 3, 3, 1, 1, 1, 3, 3, 1, 3, 1, 1 ], [ 3, 1, 1, 1, 3, -2, 1, 1, 1, 1, 1, 1, 1, 3, 1, 3, 3 ], 
          [ 1, 3, 3, 1, 3, 1, -2, 1, 3, 1, 3, 1, 1, 1, 1, 3, 3 ], [ 3, 3, 1, 1, 3, 1, 1, -2, 1, 3, 1, 1, 1, 3, 1, 3, 1 ], 
          [ 3, 1, 1, 1, 1, 1, 3, 1, -2, 3, 1, 1, 3, 3, 1, 1, 1 ], [ 3, 3, 3, 1, 1, 1, 1, 3, 3, -2, 1, 3, 1, 1, 1, 3, 3 ], 
          [ 3, 3, 1, 1, 1, 1, 3, 1, 1, 1, -2, 3, 1, 3, 3, 3, 1 ], [ 1, 1, 1, 3, 3, 1, 1, 1, 1, 3, 3, -2, 3, 3, 1, 3, 3 ], 
          [ 3, 3, 3, 1, 3, 1, 1, 1, 3, 1, 1, 3, -2, 3, 1, 3, 3 ], [ 1, 3, 3, 1, 1, 3, 1, 3, 3, 1, 3, 3, 3, -2, 3, 1, 3 ], 
          [ 3, 1, 3, 1, 3, 1, 1, 1, 1, 1, 3, 1, 1, 3, -2, 3, 3 ], [ 1, 1, 1, 3, 1, 3, 3, 3, 1, 3, 3, 3, 3, 1, 3, -2, 1 ], 
          [ 3, 3, 1, 3, 1, 3, 3, 1, 1, 3, 1, 3, 3, 3, 3, 1, -2 ] ] ], 
  [ [ 0, 263 ], [ [ -2, 1, 1, 3, 3, 3, 1, 3, 3, 3, 3, 1, 3, 1, 1, 3, 3 ], [ 1, -2, 1, 3, 3, 1, 3, 3, 1, 3, 3, 1, 3, 3, 1, 1, 3 ], 
          [ 1, 1, -2, 3, 3, 1, 3, 1, 1, 3, 1, 1, 3, 3, 1, 1, 1 ], [ 3, 3, 3, -2, 1, 1, 1, 1, 1, 1, 1, 3, 1, 1, 3, 3, 1 ], 
          [ 3, 3, 3, 1, -2, 3, 3, 3, 1, 1, 1, 3, 3, 1, 1, 3, 1 ], [ 3, 1, 1, 1, 3, -2, 1, 1, 1, 1, 1, 1, 1, 3, 1, 1, 3 ], 
          [ 1, 3, 3, 1, 3, 1, -2, 1, 3, 1, 3, 1, 1, 1, 3, 3, 3 ], [ 3, 3, 1, 1, 3, 1, 1, -2, 1, 3, 1, 1, 1, 3, 3, 1, 1 ], 
          [ 3, 1, 1, 1, 1, 1, 3, 1, -2, 3, 1, 1, 3, 3, 1, 1, 1 ], [ 3, 3, 3, 1, 1, 1, 1, 3, 3, -2, 1, 3, 1, 1, 3, 3, 3 ], 
          [ 3, 3, 1, 1, 1, 1, 3, 1, 1, 1, -2, 3, 1, 3, 1, 1, 1 ], [ 1, 1, 1, 3, 3, 1, 1, 1, 1, 3, 3, -2, 3, 3, 1, 1, 3 ], 
          [ 3, 3, 3, 1, 3, 1, 1, 1, 3, 1, 1, 3, -2, 3, 3, 3, 3 ], [ 1, 3, 3, 1, 1, 3, 1, 3, 3, 1, 3, 3, 3, -2, 3, 3, 1 ], 
          [ 1, 1, 1, 3, 1, 1, 3, 3, 1, 3, 1, 1, 3, 3, -2, 1, 3 ], [ 3, 1, 1, 3, 3, 1, 3, 1, 1, 3, 1, 1, 3, 3, 1, -2, 1 ], 
          [ 3, 3, 1, 1, 1, 3, 3, 1, 1, 3, 1, 3, 3, 1, 3, 1, -2 ] ] ], [ [ 0, 402 ], [ [ -2, 1, 1, 3, 3, 3, 1, 3, 3, 3, 3, 1, 3, 1, 3, 3, 1 ], 
          [ 1, -2, 1, 3, 3, 1, 3, 3, 1, 3, 3, 1, 1, 1, 3, 1, 3 ], [ 1, 1, -2, 3, 3, 1, 3, 1, 1, 3, 1, 1, 1, 1, 3, 3, 1 ], 
          [ 3, 3, 3, -2, 1, 1, 1, 1, 1, 1, 1, 3, 1, 3, 1, 1, 3 ], [ 3, 3, 3, 1, -2, 3, 3, 3, 1, 1, 1, 3, 1, 1, 3, 1, 3 ], 
          [ 3, 1, 1, 1, 3, -2, 1, 1, 1, 1, 1, 1, 1, 3, 1, 1, 1 ], [ 1, 3, 3, 1, 3, 1, -2, 1, 3, 1, 3, 1, 3, 3, 1, 3, 1 ], 
          [ 3, 3, 1, 1, 3, 1, 1, -2, 1, 3, 1, 1, 3, 3, 1, 3, 1 ], [ 3, 1, 1, 1, 1, 1, 3, 1, -2, 3, 1, 1, 1, 1, 3, 1, 3 ], 
          [ 3, 3, 3, 1, 1, 1, 1, 3, 3, -2, 1, 3, 1, 3, 1, 1, 3 ], [ 3, 3, 1, 1, 1, 1, 3, 1, 1, 1, -2, 3, 1, 3, 1, 1, 1 ], 
          [ 1, 1, 1, 3, 3, 1, 1, 1, 1, 3, 3, -2, 3, 1, 3, 3, 1 ], [ 3, 1, 1, 1, 1, 1, 3, 3, 1, 1, 1, 3, -2, 3, 3, 1, 3 ], 
          [ 1, 1, 1, 3, 1, 3, 3, 3, 1, 3, 3, 1, 3, -2, 3, 3, 3 ], [ 3, 3, 3, 1, 3, 1, 1, 1, 3, 1, 1, 3, 3, 3, -2, 3, 1 ], 
          [ 3, 1, 3, 1, 1, 1, 3, 3, 1, 1, 1, 3, 1, 3, 3, -2, 3 ], [ 1, 3, 1, 3, 3, 1, 1, 1, 3, 3, 1, 1, 3, 3, 1, 3, -2 ] ] ], 
  [ [ 0, 436 ], [ [ -2, 1, 1, 3, 3, 3, 1, 3, 3, 3, 3, 1, 3, 1, 1, 1, 3 ], [ 1, -2, 1, 3, 3, 1, 3, 3, 1, 3, 3, 1, 1, 3, 1, 1, 3 ], 
          [ 1, 1, -2, 3, 3, 1, 3, 1, 1, 3, 1, 1, 1, 1, 3, 3, 3 ], [ 3, 3, 3, -2, 1, 1, 1, 1, 1, 1, 1, 3, 1, 1, 3, 3, 1 ], 
          [ 3, 3, 3, 1, -2, 3, 3, 3, 1, 1, 1, 3, 1, 3, 1, 3, 3 ], [ 3, 1, 1, 1, 3, -2, 1, 1, 1, 1, 1, 1, 1, 1, 3, 3, 1 ], 
          [ 1, 3, 3, 1, 3, 1, -2, 1, 3, 1, 3, 1, 3, 1, 3, 3, 1 ], [ 3, 3, 1, 1, 3, 1, 1, -2, 1, 3, 1, 1, 3, 1, 3, 3, 1 ], 
          [ 3, 1, 1, 1, 1, 1, 3, 1, -2, 3, 1, 1, 1, 1, 3, 3, 3 ], [ 3, 3, 3, 1, 1, 1, 1, 3, 3, -2, 1, 3, 1, 3, 3, 3, 1 ], 
          [ 3, 3, 1, 1, 1, 1, 3, 1, 1, 1, -2, 3, 1, 1, 3, 3, 1 ], [ 1, 1, 1, 3, 3, 1, 1, 1, 1, 3, 3, -2, 3, 1, 1, 3, 3 ], 
          [ 3, 1, 1, 1, 1, 1, 3, 3, 1, 1, 1, 3, -2, 3, 3, 3, 3 ], [ 1, 3, 1, 1, 3, 1, 1, 1, 1, 3, 1, 1, 3, -2, 3, 3, 1 ], 
          [ 1, 1, 3, 3, 1, 3, 3, 3, 3, 3, 3, 1, 3, 3, -2, 1, 3 ], [ 1, 1, 3, 3, 3, 3, 3, 3, 3, 3, 3, 3, 3, 3, 1, -2, 1 ], 
          [ 3, 3, 3, 1, 3, 1, 1, 1, 3, 1, 1, 3, 3, 1, 3, 1, -2 ] ] ], 
  [ [ 0, 605 ], [ [ -2, 1, 1, 3, 3, 3, 1, 3, 3, 3, 3, 1, 1, 1, 1, 3, 1 ], [ 1, -2, 1, 3, 3, 1, 3, 3, 1, 3, 3, 1, 1, 1, 1, 1, 1 ], 
          [ 1, 1, -2, 3, 3, 1, 3, 1, 1, 3, 1, 1, 1, 1, 1, 1, 1 ], [ 3, 3, 3, -2, 1, 1, 1, 1, 1, 1, 1, 1, 3, 3, 3, 3, 3 ], 
          [ 3, 3, 3, 1, -2, 3, 3, 3, 1, 1, 1, 3, 1, 3, 3, 3, 3 ], [ 3, 1, 1, 1, 3, -2, 1, 1, 1, 1, 1, 1, 3, 3, 1, 1, 1 ], 
          [ 1, 3, 3, 1, 3, 1, -2, 1, 3, 1, 3, 1, 3, 3, 1, 3, 1 ], [ 3, 3, 1, 1, 3, 1, 1, -2, 1, 3, 1, 1, 3, 3, 1, 1, 3 ], 
          [ 3, 1, 1, 1, 1, 1, 3, 1, -2, 3, 1, 1, 1, 3, 1, 1, 3 ], [ 3, 3, 3, 1, 1, 1, 1, 3, 3, -2, 1, 3, 3, 3, 3, 3, 1 ], 
          [ 3, 3, 1, 1, 1, 1, 3, 1, 1, 1, -2, 1, 3, 3, 3, 1, 3 ], [ 1, 1, 1, 1, 3, 1, 1, 1, 1, 3, 1, -2, 1, 1, 1, 1, 1 ], 
          [ 1, 1, 1, 3, 1, 3, 3, 3, 1, 3, 3, 1, -2, 1, 1, 3, 1 ], [ 1, 1, 1, 3, 3, 3, 3, 3, 3, 3, 3, 1, 1, -2, 1, 1, 1 ], 
          [ 1, 1, 1, 3, 3, 1, 1, 1, 1, 3, 3, 1, 1, 1, -2, 1, 1 ], [ 3, 1, 1, 3, 3, 1, 3, 1, 1, 3, 1, 1, 3, 1, 1, -2, 1 ], 
          [ 1, 1, 1, 3, 3, 1, 1, 3, 3, 1, 3, 1, 1, 1, 1, 1, -2 ] ] ], [ [ 0, 608 ], [ [ -2, 1, 1, 3, 3, 3, 1, 3, 3, 3, 3, 1, 1, 1, 1, 1, 3 ], 
          [ 1, -2, 1, 3, 3, 1, 3, 3, 1, 3, 3, 1, 1, 1, 1, 3, 1 ], [ 1, 1, -2, 3, 3, 1, 3, 1, 1, 3, 1, 1, 1, 1, 1, 3, 1 ], 
          [ 3, 3, 3, -2, 1, 1, 1, 1, 1, 1, 1, 1, 3, 3, 3, 3, 1 ], [ 3, 3, 3, 1, -2, 3, 3, 3, 1, 1, 1, 3, 1, 3, 3, 3, 1 ], 
          [ 3, 1, 1, 1, 3, -2, 1, 1, 1, 1, 1, 1, 3, 3, 1, 3, 1 ], [ 1, 3, 3, 1, 3, 1, -2, 1, 3, 1, 3, 1, 3, 3, 1, 1, 3 ], 
          [ 3, 3, 1, 1, 3, 1, 1, -2, 1, 3, 1, 1, 3, 3, 1, 3, 3 ], [ 3, 1, 1, 1, 1, 1, 3, 1, -2, 3, 1, 1, 1, 3, 1, 3, 1 ], 
          [ 3, 3, 3, 1, 1, 1, 1, 3, 3, -2, 1, 3, 3, 3, 3, 3, 1 ], [ 3, 3, 1, 1, 1, 1, 3, 1, 1, 1, -2, 1, 3, 3, 3, 3, 1 ], 
          [ 1, 1, 1, 1, 3, 1, 1, 1, 1, 3, 1, -2, 1, 1, 1, 1, 1 ], [ 1, 1, 1, 3, 1, 3, 3, 3, 1, 3, 3, 1, -2, 1, 1, 1, 1 ], 
          [ 1, 1, 1, 3, 3, 3, 3, 3, 3, 3, 3, 1, 1, -2, 1, 1, 1 ], [ 1, 1, 1, 3, 3, 1, 1, 1, 1, 3, 3, 1, 1, 1, -2, 1, 3 ], 
          [ 1, 3, 3, 3, 3, 3, 1, 3, 3, 3, 3, 1, 1, 1, 1, -2, 3 ], [ 3, 1, 1, 1, 1, 1, 3, 3, 1, 1, 1, 1, 1, 1, 3, 3, -2 ] ] ] ];
