random2Pro20261002182733:=[ [ rec(
          nopss := [ 0, 687 ],
          scons := [ [ [ 1, 1, 2, 2, 1, 4, 1, 2, 3, 0, 2, 2, 2, 3, 1, 2, 1, -14 ], [ 1, 3, 2, 2, 3, 0, 3, 2, 1, 4, 2, 2, 2, 1, 3, 2, 3, -18 ] ], 
              [ [ 1, 1, 1, 2, 3, 1, 3, 3, 1, 2, 3, 1, 1, 3, 2, 1, 2, -15 ], [ 1, 3, 3, 2, 1, 3, 1, 1, 3, 2, 1, 3, 3, 1, 2, 3, 2, -17 ] ], 
              [ [ 1, 2, 1, 2, 2, 1, 2, 3, 2, 0, 2, 2, 1, 3, 2, 1, 1, -14 ], [ 1, 2, 3, 2, 2, 3, 2, 1, 2, 4, 2, 2, 3, 1, 2, 3, 3, -18 ] ], 
              [ [ 1, 1, 2, 2, 3, 1, 3, 2, 1, 2, 2, 2, 1, 3, 2, 3, 2, -17 ], [ 1, 3, 2, 2, 1, 3, 1, 2, 3, 2, 2, 2, 3, 1, 2, 1, 2, -15 ] ], 
              [ [ 1, 2, 1, 1, 2, 0, 2, 3, 2, 1, 3, 3, 1, 2, 2, 1, 0, -13 ], [ 1, 2, 3, 3, 2, 4, 2, 1, 2, 3, 1, 1, 3, 2, 2, 3, 4, -19 ] ], 
              [ [ 1, 1, 0, 3, 3, 1, 2, 3, 3, 2, 3, 2, 3, 3, 3, 2, 1, -16 ], [ 1, 3, 4, 1, 1, 3, 2, 1, 1, 2, 1, 2, 1, 1, 1, 2, 3, -16 ] ], 
              [ [ 1, 2, 2, 3, 3, 2, 1, 3, 2, 0, 2, 2, 0, 3, 1, 2, 1, -16 ], [ 1, 2, 2, 1, 1, 2, 3, 1, 2, 4, 2, 2, 4, 1, 3, 2, 3, -16 ] ], 
              [ [ 1, 2, 2, 3, 2, 2, 2, 1, 2, 2, 2, 1, 2, 3, 3, 3, 1, -17 ], [ 1, 2, 2, 1, 2, 2, 2, 3, 2, 2, 2, 3, 2, 1, 1, 1, 3, -15 ] ], 
              [ [ 1, 2, 2, 3, 3, 1, 1, 2, 2, 1, 2, 3, 2, 4, 1, 3, 2, -19 ], [ 1, 2, 2, 1, 1, 3, 3, 2, 2, 3, 2, 1, 2, 0, 3, 1, 2, -13 ] ], 
              [ [ 1, 0, 2, 3, 3, 2, 1, 3, 1, 1, 2, 1, 2, 4, 2, 3, 2, -17 ], [ 1, 4, 2, 1, 1, 2, 3, 1, 3, 3, 2, 3, 2, 0, 2, 1, 2, -15 ] ], 
              [ [ 1, 2, 2, 2, 3, 2, 1, 3, 3, 1, 2, 2, 2, 4, 1, 2, 1, -17 ], [ 1, 2, 2, 2, 1, 2, 3, 1, 1, 3, 2, 2, 2, 0, 3, 2, 3, -15 ] ], 
              [ [ 1, 2, 2, 1, 3, 2, 2, 4, 2, 0, 1, 2, 1, 3, 1, 2, 1, -15 ], [ 1, 2, 2, 3, 1, 2, 2, 0, 2, 4, 3, 2, 3, 1, 3, 2, 3, -17 ] ], 
              [ [ 1, 2, 3, 1, 2, 2, 2, 3, 2, 0, 2, 1, 1, 3, 2, 1, 1, -15 ], [ 1, 2, 1, 3, 2, 2, 2, 1, 2, 4, 2, 3, 3, 1, 2, 3, 3, -17 ] ], 
              [ [ 1, 2, 4, 2, 4, 2, 3, 2, 2, 1, 2, 1, 2, 4, 2, 3, 2, -21 ], [ 1, 2, 0, 2, 0, 2, 1, 2, 2, 3, 2, 3, 2, 0, 2, 1, 2, -11 ] ], 
              [ [ 1, 1, 1, 3, 2, 2, 2, 1, 1, 2, 2, 2, 1, 3, 2, 2, 2, -15 ], [ 1, 3, 3, 1, 2, 2, 2, 3, 3, 2, 2, 2, 3, 1, 2, 2, 2, -17 ] ], 
              [ [ 1, 2, 1, 3, 2, 2, 2, 1, 3, 2, 3, 2, 3, 3, 2, 3, 2, -18 ], [ 1, 2, 3, 1, 2, 2, 2, 3, 1, 2, 1, 2, 1, 1, 2, 1, 2, -14 ] ], 
              [ [ 1, 2, 1, 4, 3, 2, 2, 1, 2, 1, 2, 2, 2, 4, 2, 2, 2, -18 ], [ 1, 2, 3, 0, 1, 2, 2, 3, 2, 3, 2, 2, 2, 0, 2, 2, 2, -14 ] ], 
              [ [ 1, 2, 1, 2, 2, 2, 2, 3, 2, 0, 2, 3, 1, 3, 1, 1, 2, -15 ], [ 1, 2, 3, 2, 2, 2, 2, 1, 2, 4, 2, 1, 3, 1, 3, 3, 2, -17 ] ], 
              [ [ 1, 2, 2, 2, 2, 2, 2, 2, 2, 0, 3, 1, 2, 3, 2, 2, 1, -16 ], [ 1, 2, 2, 2, 2, 2, 2, 2, 2, 4, 1, 3, 2, 1, 2, 2, 3, -16 ] ], 
              [ [ 1, 2, 2, 2, 1, 2, 2, 2, 2, 0, 3, 2, 1, 3, 2, 0, 2, -15 ], [ 1, 2, 2, 2, 3, 2, 2, 2, 2, 4, 1, 2, 3, 1, 2, 4, 2, -17 ] ], 
              [ [ 1, 2, 1, 2, 1, 2, 3, 1, 2, 2, 2, 2, 3, 3, 3, 2, 2, -16 ], [ 1, 2, 3, 2, 3, 2, 1, 3, 2, 2, 2, 2, 1, 1, 1, 2, 2, -16 ] ], 
              [ [ 1, 2, 1, 2, 2, 2, 3, 2, 2, 1, 2, 2, 2, 2, 2, 3, 2, -16 ], [ 1, 2, 3, 2, 2, 2, 1, 2, 2, 3, 2, 2, 2, 2, 2, 1, 2, -16 ] ], 
              [ [ 1, 2, 1, 2, 1, 2, 3, 2, 2, 1, 2, 3, 1, 2, 2, 1, 3, -15 ], [ 1, 2, 3, 2, 3, 2, 1, 2, 2, 3, 2, 1, 3, 2, 2, 3, 1, -17 ] ], 
              [ [ 1, 0, 1, 3, 2, 3, 2, 2, 2, 2, 3, 0, 3, 3, 3, 3, 2, -16 ], [ 1, 4, 3, 1, 2, 1, 2, 2, 2, 2, 1, 4, 1, 1, 1, 1, 2, -16 ] ], 
              [ [ 1, 1, 2, 2, 2, 1, 2, 1, 0, 1, 2, 2, 2, 4, 2, 2, 2, -16 ], [ 1, 3, 2, 2, 2, 3, 2, 3, 4, 3, 2, 2, 2, 0, 2, 2, 2, -16 ] ], 
              [ [ 1, 0, 1, 3, 3, 2, 1, 3, 2, 1, 3, 2, 3, 4, 1, 3, 3, -18 ], [ 1, 4, 3, 1, 1, 2, 3, 1, 2, 3, 1, 2, 1, 0, 3, 1, 1, -14 ] ], 
              [ [ 1, 1, 2, 2, 3, 1, 3, 2, 1, 2, 4, 2, 2, 3, 1, 2, 4, -19 ], [ 1, 3, 2, 2, 1, 3, 1, 2, 3, 2, 0, 2, 2, 1, 3, 2, 0, -13 ] ], 
              [ [ 1, 2, 2, 2, 1, 2, 3, 1, 2, 1, 3, 1, 2, 2, 3, 2, 2, -16 ], [ 1, 2, 2, 2, 3, 2, 1, 3, 2, 3, 1, 3, 2, 2, 1, 2, 2, -16 ] ], 
              [ [ 1, 2, 2, 3, 3, 2, 4, 1, 2, 2, 4, 0, 3, 3, 3, 2, 3, -20 ], [ 1, 2, 2, 1, 1, 2, 0, 3, 2, 2, 0, 4, 1, 1, 1, 2, 1, -12 ] ], 
              [ [ 1, 1, 1, 4, 2, 3, 2, 2, 3, 1, 3, 1, 3, 4, 3, 1, 3, -18 ], [ 1, 3, 3, 0, 2, 1, 2, 2, 1, 3, 1, 3, 1, 0, 1, 3, 1, -14 ] ], 
              [ [ 1, 2, 3, 3, 3, 2, 3, 1, 2, 1, 3, 2, 2, 4, 2, 2, 3, -21 ], [ 1, 2, 1, 1, 1, 2, 1, 3, 2, 3, 1, 2, 2, 0, 2, 2, 1, -11 ] ], 
              [ [ 1, 1, 0, 2, 1, 2, 1, 3, 3, 1, 2, 4, 2, 2, 2, 2, 1, -13 ], [ 1, 3, 4, 2, 3, 2, 3, 1, 1, 3, 2, 0, 2, 2, 2, 2, 3, -19 ] ], 
              [ [ 1, 3, 1, 2, 2, 1, 3, 2, 3, 1, 3, 4, 2, 2, 2, 1, 2, -17 ], [ 1, 1, 3, 2, 2, 3, 1, 2, 1, 3, 1, 0, 2, 2, 2, 3, 2, -15 ] ], 
              [ [ 1, 1, 1, 3, 2, 2, 2, 2, 3, 2, 4, 2, 3, 3, 3, 1, 2, -17 ], [ 1, 3, 3, 1, 2, 2, 2, 2, 1, 2, 0, 2, 1, 1, 1, 3, 2, -15 ] ], 
              [ [ 1, 1, 1, 3, 3, 2, 2, 3, 3, 1, 4, 2, 2, 2, 2, 2, 2, -17 ], [ 1, 3, 3, 1, 1, 2, 2, 1, 1, 3, 0, 2, 2, 2, 2, 2, 2, -15 ] ], 
              [ [ 1, 2, 1, 3, 1, 2, 1, 2, 4, 0, 3, 3, 3, 3, 3, 1, 1, -16 ], [ 1, 2, 3, 1, 3, 2, 3, 2, 0, 4, 1, 1, 1, 1, 1, 3, 3, -16 ] ], 
              [ [ 1, 1, 1, 2, 2, 2, 3, 3, 2, 1, 3, 2, 2, 2, 3, 1, 2, -15 ], [ 1, 3, 3, 2, 2, 2, 1, 1, 2, 3, 1, 2, 2, 2, 1, 3, 2, -17 ] ], 
              [ [ 1, 1, 3, 3, 2, 3, 1, 1, 1, 1, 2, 1, 2, 4, 1, 4, 3, -19 ], [ 1, 3, 1, 1, 2, 1, 3, 3, 3, 3, 2, 3, 2, 0, 3, 0, 1, -13 ] ], 
              [ [ 1, 2, 1, 2, 1, 2, 1, 2, 2, 1, 2, 3, 2, 2, 1, 3, 2, -15 ], [ 1, 2, 3, 2, 3, 2, 3, 2, 2, 3, 2, 1, 2, 2, 3, 1, 2, -17 ] ], 
              [ [ 1, 1, 1, 4, 2, 3, 0, 2, 3, 1, 3, 1, 4, 4, 2, 3, 2, -18 ], [ 1, 3, 3, 0, 2, 1, 4, 2, 1, 3, 1, 3, 0, 0, 2, 1, 2, -14 ] ], 
              [ [ 1, 3, 2, 3, 1, 3, 1, 1, 3, 0, 1, 3, 2, 3, 2, 3, 1, -17 ], [ 1, 1, 2, 1, 3, 1, 3, 3, 1, 4, 3, 1, 2, 1, 2, 1, 3, -15 ] ], 
              [ [ 1, 2, 3, 2, 2, 2, 2, 2, 1, 0, 2, 3, 1, 3, 1, 2, 3, -18 ], [ 1, 2, 1, 2, 2, 2, 2, 2, 3, 4, 2, 1, 3, 1, 3, 2, 1, -14 ] ], 
              [ [ 1, 3, 2, 0, 2, 1, 3, 2, 1, 0, 1, 3, 1, 3, 1, 1, 1, -14 ], [ 1, 1, 2, 4, 2, 3, 1, 2, 3, 4, 3, 1, 3, 1, 3, 3, 3, -18 ] ], 
              [ [ 1, 1, 2, 1, 2, 2, 2, 2, 1, 1, 2, 1, 2, 4, 2, 1, 1, -14 ], [ 1, 3, 2, 3, 2, 2, 2, 2, 3, 3, 2, 3, 2, 0, 2, 3, 3, -18 ] ], 
              [ [ 1, 2, 2, 1, 2, 2, 2, 3, 3, 0, 3, 2, 2, 3, 1, 1, 2, -16 ], [ 1, 2, 2, 3, 2, 2, 2, 1, 1, 4, 1, 2, 2, 1, 3, 3, 2, -16 ] ], 
              [ [ 1, 1, 1, 1, 2, 2, 3, 2, 1, 2, 1, 2, 2, 3, 2, 2, 2, -14 ], [ 1, 3, 3, 3, 2, 2, 1, 2, 3, 2, 3, 2, 2, 1, 2, 2, 2, -18 ] ], 
              [ [ 1, 2, 2, 2, 2, 2, 3, 1, 2, 1, 2, 1, 3, 4, 3, 1, 2, -17 ], [ 1, 2, 2, 2, 2, 2, 1, 3, 2, 3, 2, 3, 1, 0, 1, 3, 2, -15 ] ], 
              [ [ 1, 1, 3, 2, 4, 2, 3, 2, 1, 1, 2, 2, 1, 4, 1, 2, 3, -19 ], [ 1, 3, 1, 2, 0, 2, 1, 2, 3, 3, 2, 2, 3, 0, 3, 2, 1, -13 ] ], 
              [ [ 1, 2, 2, 0, 1, 2, 3, 3, 2, 0, 2, 2, 2, 3, 2, 0, 2, -14 ], [ 1, 2, 2, 4, 3, 2, 1, 1, 2, 4, 2, 2, 2, 1, 2, 4, 2, -18 ] ], 
              [ [ 1, 3, 3, 1, 2, 3, 2, 2, 2, 0, 1, 2, 1, 3, 0, 3, 2, -17 ], [ 1, 1, 1, 3, 2, 1, 2, 2, 2, 4, 3, 2, 3, 1, 4, 1, 2, -15 ] ], 
              [ [ 1, 2, 3, 1, 2, 2, 2, 1, 0, 1, 0, 3, 1, 4, 0, 3, 3, -17 ], [ 1, 2, 1, 3, 2, 2, 2, 3, 4, 3, 4, 1, 3, 0, 4, 1, 1, -15 ] ], 
              [ [ 1, 3, 3, 2, 2, 3, 3, 0, 1, 1, 0, 1, 2, 4, 2, 3, 2, -18 ], [ 1, 1, 1, 2, 2, 1, 1, 4, 3, 3, 4, 3, 2, 0, 2, 1, 2, -14 ] ], 
              [ [ 1, 1, 3, 3, 3, 3, 1, 1, 1, 1, 1, 1, 3, 6, 1, 3, 3, -20 ], [ 1, 3, 1, 1, 1, 1, 3, 3, 3, 3, 3, 3, 1, -2, 3, 1, 1, -12 ] ], 
              [ [ 1, 2, 3, 3, 2, 4, 2, 1, 3, 1, 2, 0, 3, 4, 2, 3, 3, -20 ], [ 1, 2, 1, 1, 2, 0, 2, 3, 1, 3, 2, 4, 1, 0, 2, 1, 1, -12 ] ], 
              [ [ 1, 1, 3, 1, 2, 3, 2, 2, 1, 1, 1, 1, 3, 4, 1, 4, 3, -18 ], [ 1, 3, 1, 3, 2, 1, 2, 2, 3, 3, 3, 3, 1, 0, 3, 0, 1, -14 ] ], 
              [ [ 1, 2, 1, 2, 2, 2, 1, 2, 2, 1, 1, 3, 3, 4, 1, 2, 2, -16 ], [ 1, 2, 3, 2, 2, 2, 3, 2, 2, 3, 3, 1, 1, 0, 3, 2, 2, -16 ] ], 
              [ [ 1, 2, 2, 2, 1, 3, 1, 1, 2, 1, 0, 3, 2, 4, 2, 2, 1, -15 ], [ 1, 2, 2, 2, 3, 1, 3, 3, 2, 3, 4, 1, 2, 0, 2, 2, 3, -17 ] ], 
              [ [ 1, 2, 2, 2, 2, 3, 1, 2, 2, 0, 0, 3, 1, 3, 1, 3, 1, -15 ], [ 1, 2, 2, 2, 2, 1, 3, 2, 2, 4, 4, 1, 3, 1, 3, 1, 3, -17 ] ], 
              [ [ 1, 3, 2, 2, 1, 3, 1, 2, 4, 0, 1, 4, 2, 3, 1, 2, 2, -17 ], [ 1, 1, 2, 2, 3, 1, 3, 2, 0, 4, 3, 0, 2, 1, 3, 2, 2, -15 ] ], 
              [ [ 1, 2, 3, 3, 3, 3, 2, 1, 2, 1, 2, 1, 2, 4, 2, 2, 2, -19 ], [ 1, 2, 1, 1, 1, 1, 2, 3, 2, 3, 2, 3, 2, 0, 2, 2, 2, -13 ] ], 
              [ [ 1, 2, 2, 0, 1, 2, 1, 3, 2, 0, 2, 2, 3, 3, 1, 2, 1, -14 ], [ 1, 2, 2, 4, 3, 2, 3, 1, 2, 4, 2, 2, 1, 1, 3, 2, 3, -18 ] ], 
              [ [ 1, 2, 3, 1, 2, 3, 2, 3, 2, 0, 2, 2, 1, 3, 1, 1, 2, -16 ], [ 1, 2, 1, 3, 2, 1, 2, 1, 2, 4, 2, 2, 3, 1, 3, 3, 2, -16 ] ], 
              [ [ 1, 3, 3, 1, 1, 3, 1, 3, 3, -2, 1, 3, 1, 3, 1, 1, 1, -15 ], [ 1, 1, 1, 3, 3, 1, 3, 1, 1, 6, 3, 1, 3, 1, 3, 3, 3, -17 ] ], 
              [ [ 1, 1, 3, 1, 3, 2, 2, 2, 0, 1, 1, 2, 2, 4, 1, 3, 2, -17 ], [ 1, 3, 1, 3, 1, 2, 2, 2, 4, 3, 3, 2, 2, 0, 3, 1, 2, -15 ] ], 
              [ [ 1, 2, 3, 1, 2, 3, 3, 2, 2, 1, 2, 1, 2, 2, 2, 3, 2, -17 ], [ 1, 2, 1, 3, 2, 1, 1, 2, 2, 3, 2, 3, 2, 2, 2, 1, 2, -15 ] ], 
              [ [ 1, 1, 2, 2, 1, 4, 1, 3, 3, 0, 1, 2, 2, 3, 2, 2, 2, -15 ], [ 1, 3, 2, 2, 3, 0, 3, 1, 1, 4, 3, 2, 2, 1, 2, 2, 2, -17 ] ], 
              [ [ 1, 2, 3, 1, 2, 2, 2, 2, 2, 1, 2, 3, 3, 4, 1, 2, 3, -19 ], [ 1, 2, 1, 3, 2, 2, 2, 2, 2, 3, 2, 1, 1, 0, 3, 2, 1, -13 ] ], 
              [ [ 1, 3, 3, 1, 0, 3, 2, 1, 3, 0, 1, 2, 3, 3, 3, 2, 1, -16 ], [ 1, 1, 1, 3, 4, 1, 2, 3, 1, 4, 3, 2, 1, 1, 1, 2, 3, -16 ] ], 
              [ [ 1, 2, 3, 1, 3, 2, 2, 3, 2, 0, 2, 3, 2, 3, 0, 3, 3, -19 ], [ 1, 2, 1, 3, 1, 2, 2, 1, 2, 4, 2, 1, 2, 1, 4, 1, 1, -13 ] ], 
              [ [ 1, 3, 3, 2, 2, 3, 3, 2, 3, 0, 2, 2, 2, 3, 2, 1, 3, -19 ], [ 1, 1, 1, 2, 2, 1, 1, 2, 1, 4, 2, 2, 2, 1, 2, 3, 1, -13 ] ], 
              [ [ 1, 0, 3, 2, 3, 3, 1, 3, 2, 1, 3, 1, 3, 4, 1, 3, 3, -19 ], [ 1, 4, 1, 2, 1, 1, 3, 1, 2, 3, 1, 3, 1, 0, 3, 1, 1, -13 ] ], 
              [ [ 1, 2, 4, 1, 2, 3, 2, 2, 2, 0, 1, 3, 1, 3, 1, 3, 2, -18 ], [ 1, 2, 0, 3, 2, 1, 2, 2, 2, 4, 3, 1, 3, 1, 3, 1, 2, -14 ] ], 
              [ [ 1, 2, 2, 2, 2, 3, 1, 3, 4, 0, 2, 3, 3, 3, 2, 2, 1, -17 ], [ 1, 2, 2, 2, 2, 1, 3, 1, 0, 4, 2, 1, 1, 1, 2, 2, 3, -15 ] ], 
              [ [ 1, 2, 2, 2, 1, 3, 3, 1, 2, 1, 3, 2, 2, 2, 2, 2, 3, -17 ], [ 1, 2, 2, 2, 3, 1, 1, 3, 2, 3, 1, 2, 2, 2, 2, 2, 1, -15 ] ], 
              [ [ 1, 2, 2, 1, 0, 3, 2, 1, 2, 0, 1, 3, 2, 3, 2, 1, 2, -14 ], [ 1, 2, 2, 3, 4, 1, 2, 3, 2, 4, 3, 1, 2, 1, 2, 3, 2, -18 ] ], 
              [ [ 1, 2, 2, 2, 2, 3, 3, 1, 2, 1, 2, 2, 3, 4, 2, 1, 3, -18 ], [ 1, 2, 2, 2, 2, 1, 1, 3, 2, 3, 2, 2, 1, 0, 2, 3, 1, -14 ] ], 
              [ [ 1, 1, 2, 2, 1, 4, 1, 1, 1, 1, 1, 1, 3, 4, 1, 3, 3, -16 ], [ 1, 3, 2, 2, 3, 0, 3, 3, 3, 3, 3, 3, 1, 0, 3, 1, 1, -16 ] ], 
              [ [ 1, 3, 2, 2, 3, 0, 3, 2, 2, 2, 3, 1, 2, 3, 3, 2, 2, -19 ], [ 1, 1, 2, 2, 1, 4, 1, 2, 2, 2, 1, 3, 2, 1, 1, 2, 2, -13 ] ], 
              [ [ 1, 2, 1, 1, 2, 0, 2, 4, 2, 1, 2, 3, 1, 2, 3, 1, 1, -14 ], [ 1, 2, 3, 3, 2, 4, 2, 0, 2, 3, 2, 1, 3, 2, 1, 3, 3, -18 ] ], 
              [ [ 1, 4, 3, 2, 2, 1, 2, 2, 2, 0, 1, 2, 1, 3, 3, 2, 1, -18 ], [ 1, 0, 1, 2, 2, 3, 2, 2, 2, 4, 3, 2, 3, 1, 1, 2, 3, -14 ] ], 
              [ [ 1, 2, 1, 1, 2, 0, 2, 2, 0, 2, 2, 2, 2, 3, 2, 2, 2, -15 ], [ 1, 2, 3, 3, 2, 4, 2, 2, 4, 2, 2, 2, 2, 1, 2, 2, 2, -17 ] ], 
              [ [ 1, 3, 2, 1, 1, 1, 2, 2, 2, 1, 2, 3, 1, 2, 2, 2, 2, -16 ], [ 1, 1, 2, 3, 3, 3, 2, 2, 2, 3, 2, 1, 3, 2, 2, 2, 2, -16 ] ], 
              [ [ 1, 3, 2, 2, 2, 1, 2, 1, 1, 1, 1, 2, 2, 4, 3, 2, 1, -17 ], [ 1, 1, 2, 2, 2, 3, 2, 3, 3, 3, 3, 2, 2, 0, 1, 2, 3, -15 ] ], 
              [ [ 1, 3, 2, 2, 3, 1, 3, 2, 2, 2, 3, 2, 2, 3, 2, 2, 3, -20 ], [ 1, 1, 2, 2, 1, 3, 1, 2, 2, 2, 1, 2, 2, 1, 2, 2, 1, -12 ] ], 
              [ [ 1, 4, 2, 2, 1, 2, 3, 1, 3, 1, 2, 1, 2, 2, 4, 2, 1, -17 ], [ 1, 0, 2, 2, 3, 2, 1, 3, 1, 3, 2, 3, 2, 2, 0, 2, 3, -15 ] ], 
              [ [ 1, 3, 2, 2, 2, 1, 2, 2, 1, 0, 1, 3, 0, 3, 2, 1, 2, -16 ], [ 1, 1, 2, 2, 2, 3, 2, 2, 3, 4, 3, 1, 4, 1, 2, 3, 2, -16 ] ], 
              [ [ 1, 4, 2, 2, 2, 1, 2, 2, 3, 0, 2, 3, 2, 3, 2, 2, 2, -19 ], [ 1, 0, 2, 2, 2, 3, 2, 2, 1, 4, 2, 1, 2, 1, 2, 2, 2, -13 ] ], 
              [ [ 1, 2, 2, 3, 2, 2, 1, 2, 3, 1, 3, 1, 3, 4, 3, 2, 2, -19 ], [ 1, 2, 2, 1, 2, 2, 3, 2, 1, 3, 1, 3, 1, 0, 1, 2, 2, -13 ] ], 
              [ [ 1, 3, 2, 2, 1, 1, 3, 0, 1, 2, 1, 2, 2, 3, 4, 2, 2, -17 ], [ 1, 1, 2, 2, 3, 3, 1, 4, 3, 2, 3, 2, 2, 1, 0, 2, 2, -15 ] ], 
              [ [ 1, 2, 1, 3, 2, 2, 2, 2, 3, 2, 2, 2, 3, 3, 3, 3, 3, -19 ], [ 1, 2, 3, 1, 2, 2, 2, 2, 1, 2, 2, 2, 1, 1, 1, 1, 1, -13 ] ], 
              [ [ 1, 2, 2, 2, 2, 2, 2, 3, 2, 0, 2, 1, 2, 3, 3, 2, 2, -17 ], [ 1, 2, 2, 2, 2, 2, 2, 1, 2, 4, 2, 3, 2, 1, 1, 2, 2, -15 ] ], 
              [ [ 1, 3, 3, 1, 2, 1, 4, 2, 1, 1, 3, 1, 1, 2, 3, 1, 3, -18 ], [ 1, 1, 1, 3, 2, 3, 0, 2, 3, 3, 1, 3, 3, 2, 1, 3, 1, -14 ] ], 
              [ [ 1, 3, 0, 2, 1, 1, 1, 3, 4, 1, 3, 3, 3, 2, 3, 1, 1, -15 ], [ 1, 1, 4, 2, 3, 3, 3, 1, 0, 3, 1, 1, 1, 2, 1, 3, 3, -17 ] ], 
              [ [ 1, 2, 1, 3, 3, 1, 2, 2, 2, 2, 2, 3, 2, 3, 3, 2, 2, -18 ], [ 1, 2, 3, 1, 1, 3, 2, 2, 2, 2, 2, 1, 2, 1, 1, 2, 2, -14 ] ], 
              [ [ 1, 2, 2, 1, 2, 1, 2, 3, 2, 1, 3, 2, 2, 2, 3, 2, 1, -16 ], [ 1, 2, 2, 3, 2, 3, 2, 1, 2, 3, 1, 2, 2, 2, 1, 2, 3, -16 ] ], 
              [ [ 1, 3, 2, 2, 2, 1, 2, 3, 3, 0, 3, 3, 2, 3, 3, 0, 2, -18 ], [ 1, 1, 2, 2, 2, 3, 2, 1, 1, 4, 1, 1, 2, 1, 1, 4, 2, -14 ] ], 
              [ [ 1, 3, 2, 2, 2, 1, 3, 2, 3, 1, 3, 2, 3, 2, 4, 2, 2, -19 ], [ 1, 1, 2, 2, 2, 3, 1, 2, 1, 3, 1, 2, 1, 2, 0, 2, 2, -13 ] ], 
              [ [ 1, 2, 2, 2, 1, 2, 0, 3, 2, 0, 2, 2, 2, 3, 2, 2, 2, -16 ], [ 1, 2, 2, 2, 3, 2, 4, 1, 2, 4, 2, 2, 2, 1, 2, 2, 2, -16 ] ], 
              [ [ 1, 2, 3, 3, 3, 2, 1, 2, 2, 1, 2, 2, 3, 4, 2, 4, 3, -22 ], [ 1, 2, 1, 1, 1, 2, 3, 2, 2, 3, 2, 2, 1, 0, 2, 0, 1, -10 ] ], 
              [ [ 1, 3, 2, 1, 2, 1, 2, 2, 2, 1, 1, 3, 2, 4, 2, 1, 2, -17 ], [ 1, 1, 2, 3, 2, 3, 2, 2, 2, 3, 3, 1, 2, 0, 2, 3, 2, -15 ] ], 
              [ [ 1, 4, 4, 1, 2, 2, 2, 2, 3, 0, 2, 2, 2, 3, 2, 2, 2, -20 ], [ 1, 0, 0, 3, 2, 2, 2, 2, 1, 4, 2, 2, 2, 1, 2, 2, 2, -12 ] ], 
              [ [ 1, 2, 1, 3, 1, 2, 1, 1, 2, 1, 2, 2, 4, 4, 3, 2, 3, -18 ], [ 1, 2, 3, 1, 3, 2, 3, 3, 2, 3, 2, 2, 0, 0, 1, 2, 1, -14 ] ], 
              [ [ 1, 0, 0, 3, 3, 2, 1, 3, 2, 3, 2, 2, 2, 3, 1, 2, 1, -13 ], [ 1, 4, 4, 1, 1, 2, 3, 1, 2, 1, 2, 2, 2, 1, 3, 2, 3, -19 ] ], 
              [ [ 1, 2, 1, 2, 2, 1, 2, 2, 2, 2, 2, 3, 1, 2, 1, 1, 1, -13 ], [ 1, 2, 3, 2, 2, 3, 2, 2, 2, 2, 2, 1, 3, 2, 3, 3, 3, -19 ] ], 
              [ [ 1, 2, 2, 3, 4, 2, 3, 2, 2, 2, 2, 2, 0, 2, 1, 2, 1, -16 ], [ 1, 2, 2, 1, 0, 2, 1, 2, 2, 2, 2, 2, 4, 2, 3, 2, 3, -16 ] ], 
              [ [ 1, 0, 1, 2, 2, 2, 2, 3, 1, 2, 2, 1, 1, 2, 2, 1, 1, -11 ], [ 1, 4, 3, 2, 2, 2, 2, 1, 3, 2, 2, 3, 3, 2, 2, 3, 3, -21 ] ], 
              [ [ 1, 1, 1, 2, 2, 2, 2, 3, 3, 2, 3, 1, 3, 2, 2, 2, 1, -14 ], [ 1, 3, 3, 2, 2, 2, 2, 1, 1, 2, 1, 3, 1, 2, 2, 2, 3, -18 ] ], 
              [ [ 1, 1, 3, 1, 3, 1, 3, 2, 0, 2, 2, 2, 0, 2, 1, 2, 1, -14 ], [ 1, 3, 1, 3, 1, 3, 1, 2, 4, 2, 2, 2, 4, 2, 3, 2, 3, -18 ] ], 
              [ [ 1, 0, 2, 2, 4, 2, 2, 4, 2, 2, 3, 2, 1, 2, 0, 3, 2, -16 ], [ 1, 4, 2, 2, 0, 2, 2, 0, 2, 2, 1, 2, 3, 2, 4, 1, 2, -16 ] ], 
              [ [ 1, 1, 2, 3, 3, 3, 3, 3, 3, 2, 3, 1, 1, 2, 2, 1, 2, -16 ], [ 1, 3, 2, 1, 1, 1, 1, 1, 1, 2, 1, 3, 3, 2, 2, 3, 2, -16 ] ], 
              [ [ 1, 0, 2, 3, 4, 2, 3, 2, 1, 3, 2, 1, 2, 3, 2, 3, 2, -17 ], [ 1, 4, 2, 1, 0, 2, 1, 2, 3, 1, 2, 3, 2, 1, 2, 1, 2, -15 ] ], 
              [ [ 1, 1, 1, 2, 3, 1, 2, 3, 2, 2, 3, 2, 2, 2, 2, 1, 0, -13 ], [ 1, 3, 3, 2, 1, 3, 2, 1, 2, 2, 1, 2, 2, 2, 2, 3, 4, -19 ] ], 
              [ [ 1, 2, 2, 2, 2, 2, 2, 3, 4, 1, 3, 3, 1, 1, 2, 1, 0, -14 ], [ 1, 2, 2, 2, 2, 2, 2, 1, 0, 3, 1, 1, 3, 3, 2, 3, 4, -18 ] ], 
              [ [ 1, 1, 2, 3, 3, 3, 1, 3, 3, 2, 3, 1, 2, 2, 1, 3, 1, -16 ], [ 1, 3, 2, 1, 1, 1, 3, 1, 1, 2, 1, 3, 2, 2, 3, 1, 3, -16 ] ], 
              [ [ 1, 0, 2, 3, 3, 2, 1, 2, 1, 3, 2, 2, 2, 3, 1, 3, 2, -16 ], [ 1, 4, 2, 1, 1, 2, 3, 2, 3, 1, 2, 2, 2, 1, 3, 1, 2, -16 ] ], 
              [ [ 1, 2, 3, 1, 3, 2, 4, 2, 2, 2, 2, 1, 1, 2, 2, 1, 1, -15 ], [ 1, 2, 1, 3, 1, 2, 0, 2, 2, 2, 2, 3, 3, 2, 2, 3, 3, -17 ] ], 
              [ [ 1, 1, 4, 2, 4, 3, 2, 2, 1, 2, 1, 1, 1, 4, 0, 3, 2, -18 ], [ 1, 3, 0, 2, 0, 1, 2, 2, 3, 2, 3, 3, 3, 0, 4, 1, 2, -14 ] ], 
              [ [ 1, 2, 2, 1, 3, 2, 2, 3, 2, 2, 1, 3, 1, 2, 0, 2, 1, -14 ], [ 1, 2, 2, 3, 1, 2, 2, 1, 2, 2, 3, 1, 3, 2, 4, 2, 3, -18 ] ], 
              [ [ 1, 1, 2, 2, 2, 3, 0, 3, 3, 1, 1, 2, 2, 3, 1, 2, 0, -13 ], [ 1, 3, 2, 2, 2, 1, 4, 1, 1, 3, 3, 2, 2, 1, 3, 2, 4, -19 ] ], 
              [ [ 1, 0, 0, 2, 2, 2, 2, 3, 2, 2, 3, 2, 2, 2, 1, 1, 2, -12 ], [ 1, 4, 4, 2, 2, 2, 2, 1, 2, 2, 1, 2, 2, 2, 3, 3, 2, -20 ] ], 
              [ [ 1, 2, 2, 2, 2, 2, 4, 1, 2, 2, 3, 2, 1, 2, 2, 0, 2, -15 ], [ 1, 2, 2, 2, 2, 2, 0, 3, 2, 2, 1, 2, 3, 2, 2, 4, 2, -17 ] ], 
              [ [ 1, 1, 1, 2, 2, 3, 2, 2, 1, 2, 1, 2, 1, 2, 0, 3, 2, -13 ], [ 1, 3, 3, 2, 2, 1, 2, 2, 3, 2, 3, 2, 3, 2, 4, 1, 2, -19 ] ], 
              [ [ 1, 1, 2, 2, 1, 3, 2, 1, 1, 2, 2, 1, 1, 2, 1, 2, 2, -13 ], [ 1, 3, 2, 2, 3, 1, 2, 3, 3, 2, 2, 3, 3, 2, 3, 2, 2, -19 ] ], 
              [ [ 1, 1, 2, 3, 3, 3, 3, 1, 1, 3, 3, 0, 2, 3, 1, 2, 3, -17 ], [ 1, 3, 2, 1, 1, 1, 1, 3, 3, 1, 1, 4, 2, 1, 3, 2, 1, -15 ] ], 
              [ [ 1, 2, 2, 3, 2, 3, 2, 1, 2, 1, 2, 1, 2, 3, 1, 2, 2, -16 ], [ 1, 2, 2, 1, 2, 1, 2, 3, 2, 3, 2, 3, 2, 1, 3, 2, 2, -16 ] ], 
              [ [ 1, 0, 1, 4, 2, 4, 2, 1, 2, 3, 2, 0, 3, 3, 2, 3, 3, -16 ], [ 1, 4, 3, 0, 2, 0, 2, 3, 2, 1, 2, 4, 1, 1, 2, 1, 1, -16 ] ], 
              [ [ 1, 1, 3, 3, 3, 3, 3, 0, 1, 3, 2, 1, 2, 3, 1, 4, 3, -19 ], [ 1, 3, 1, 1, 1, 1, 1, 4, 3, 1, 2, 3, 2, 1, 3, 0, 1, -13 ] ], 
              [ [ 1, 1, 0, 3, 1, 3, 1, 2, 3, 2, 3, 1, 3, 2, 2, 1, 1, -12 ], [ 1, 3, 4, 1, 3, 1, 3, 2, 1, 2, 1, 3, 1, 2, 2, 3, 3, -20 ] ], 
              [ [ 1, 2, 1, 2, 2, 2, 2, 2, 2, 2, 2, 4, 1, 2, 0, 1, 2, -14 ], [ 1, 2, 3, 2, 2, 2, 2, 2, 2, 2, 2, 0, 3, 2, 4, 3, 2, -18 ] ], 
              [ [ 1, 3, 1, 2, 0, 3, 2, 1, 3, 1, 1, 3, 1, 1, 2, 1, 0, -11 ], [ 1, 1, 3, 2, 4, 1, 2, 3, 1, 3, 3, 1, 3, 3, 2, 3, 4, -21 ] ], 
              [ [ 1, 0, 1, 3, 3, 3, 1, 3, 2, 2, 3, 2, 1, 2, 0, 2, 2, -14 ], [ 1, 4, 3, 1, 1, 1, 3, 1, 2, 2, 1, 2, 3, 2, 4, 2, 2, -18 ] ], 
              [ [ 1, 2, 2, 2, 2, 2, 2, 1, 2, 2, 3, 2, 2, 2, 1, 2, 1, -15 ], [ 1, 2, 2, 2, 2, 2, 2, 3, 2, 2, 1, 2, 2, 2, 3, 2, 3, -17 ] ], 
              [ [ 1, 1, 1, 3, 1, 3, 0, 2, 3, 1, 2, 3, 2, 3, 1, 1, 1, -13 ], [ 1, 3, 3, 1, 3, 1, 4, 2, 1, 3, 2, 1, 2, 1, 3, 3, 3, -19 ] ], 
              [ [ 1, 2, 1, 2, 2, 2, 3, 1, 2, 3, 2, 3, 2, 1, 1, 3, 2, -15 ], [ 1, 2, 3, 2, 2, 2, 1, 3, 2, 1, 2, 1, 2, 3, 3, 1, 2, -17 ] ], 
              [ [ 1, 1, 0, 3, 1, 3, 1, 2, 3, 2, 1, 4, 2, 2, 1, 2, 2, -13 ], [ 1, 3, 4, 1, 3, 1, 3, 2, 1, 2, 3, 0, 2, 2, 3, 2, 2, -19 ] ], 
              [ [ 1, 0, 1, 3, 2, 3, 2, 1, 2, 4, 3, 1, 3, 2, 2, 3, 2, -15 ], [ 1, 4, 3, 1, 2, 1, 2, 3, 2, 0, 1, 3, 1, 2, 2, 1, 2, -17 ] ], 
              [ [ 1, 0, 1, 3, 3, 2, 1, 2, 2, 3, 3, 3, 3, 3, 0, 3, 3, -17 ], [ 1, 4, 3, 1, 1, 2, 3, 2, 2, 1, 1, 1, 1, 1, 4, 1, 1, -15 ] ], 
              [ [ 1, 1, 1, 3, 1, 3, 1, 1, 3, 2, 2, 2, 3, 2, 2, 3, 1, -14 ], [ 1, 3, 3, 1, 3, 1, 3, 3, 1, 2, 2, 2, 1, 2, 2, 1, 3, -18 ] ], 
              [ [ 1, 0, 1, 4, 3, 3, 2, 1, 1, 3, 2, 1, 2, 3, 2, 2, 2, -15 ], [ 1, 4, 3, 0, 1, 1, 2, 3, 3, 1, 2, 3, 2, 1, 2, 2, 2, -17 ] ], 
              [ [ 1, 1, 1, 4, 3, 3, 2, 1, 3, 3, 3, 1, 4, 3, 2, 3, 2, -18 ], [ 1, 3, 3, 0, 1, 1, 2, 3, 1, 1, 1, 3, 0, 1, 2, 1, 2, -14 ] ], 
              [ [ 1, 1, 1, 4, 2, 3, 2, 1, 3, 3, 3, 2, 3, 3, 2, 1, 3, -17 ], [ 1, 3, 3, 0, 2, 1, 2, 3, 1, 1, 1, 2, 1, 1, 2, 3, 1, -15 ] ], 
              [ [ 1, 1, 1, 4, 3, 3, 2, 2, 3, 2, 3, 2, 2, 2, 1, 2, 3, -17 ], [ 1, 3, 3, 0, 1, 1, 2, 2, 1, 2, 1, 2, 2, 2, 3, 2, 1, -15 ] ], 
              [ [ 1, 1, 2, 4, 2, 4, 2, 1, 3, 2, 2, 2, 1, 2, 2, 2, 2, -16 ], [ 1, 3, 2, 0, 2, 0, 2, 3, 1, 2, 2, 2, 3, 2, 2, 2, 2, -16 ] ], 
              [ [ 1, 0, 0, 1, 1, 2, 1, 3, 1, 2, 2, 2, 3, 2, 1, 2, 1, -10 ], [ 1, 4, 4, 3, 3, 2, 3, 1, 3, 2, 2, 2, 1, 2, 3, 2, 3, -22 ] ], 
              [ [ 1, 1, 1, 1, 0, 3, 1, 3, 3, 1, 2, 3, 2, 1, 1, 2, 1, -11 ], [ 1, 3, 3, 3, 4, 1, 3, 1, 1, 3, 2, 1, 2, 3, 3, 2, 3, -21 ] ], 
              [ [ 1, 0, 1, 2, 2, 3, 2, 3, 1, 2, 2, 2, 1, 2, 1, 1, 2, -12 ], [ 1, 4, 3, 2, 2, 1, 2, 1, 3, 2, 2, 2, 3, 2, 3, 3, 2, -20 ] ], 
              [ [ 1, 2, 2, 1, 1, 2, 3, 1, 1, 2, 2, 2, 2, 2, 2, 1, 1, -13 ], [ 1, 2, 2, 3, 3, 2, 1, 3, 3, 2, 2, 2, 2, 2, 2, 3, 3, -19 ] ], 
              [ [ 1, 1, 1, 2, 2, 3, 2, 3, 3, 2, 3, 2, 3, 2, 1, 2, 2, -15 ], [ 1, 3, 3, 2, 2, 1, 2, 1, 1, 2, 1, 2, 1, 2, 3, 2, 2, -17 ] ], 
              [ [ 1, 2, 2, 1, 2, 2, 3, 2, 1, 1, 2, 2, 1, 1, 1, 2, 1, -13 ], [ 1, 2, 2, 3, 2, 2, 1, 2, 3, 3, 2, 2, 3, 3, 3, 2, 3, -19 ] ], 
              [ [ 1, 1, 1, 2, 1, 3, 1, 3, 2, 0, 1, 3, 1, 2, 1, 1, 1, -11 ], [ 1, 3, 3, 2, 3, 1, 3, 1, 2, 4, 3, 1, 3, 2, 3, 3, 3, -21 ] ], 
              [ [ 1, 2, 2, 1, 1, 2, 3, 2, 1, 1, 2, 3, 0, 1, 1, 0, 2, -12 ], [ 1, 2, 2, 3, 3, 2, 1, 2, 3, 3, 2, 1, 4, 3, 3, 4, 2, -20 ] ], 
              [ [ 1, 1, 1, 2, 2, 3, 2, 4, 3, 1, 3, 3, 1, 1, 0, 1, 3, -14 ], [ 1, 3, 3, 2, 2, 1, 2, 0, 1, 3, 1, 1, 3, 3, 4, 3, 1, -18 ] ], 
              [ [ 1, 3, 2, 1, 1, 2, 3, 2, 3, 1, 3, 3, 2, 1, 1, 1, 2, -15 ], [ 1, 1, 2, 3, 3, 2, 1, 2, 1, 3, 1, 1, 2, 3, 3, 3, 2, -17 ] ], 
              [ [ 1, 0, 2, 2, 2, 3, 2, 2, 1, 2, 3, 0, 2, 2, 2, 2, 1, -13 ], [ 1, 4, 2, 2, 2, 1, 2, 2, 3, 2, 1, 4, 2, 2, 2, 2, 3, -19 ] ], 
              [ [ 1, 1, 2, 2, 1, 3, 2, 2, 3, 2, 4, 1, 3, 2, 2, 1, 2, -15 ], [ 1, 3, 2, 2, 3, 1, 2, 2, 1, 2, 0, 3, 1, 2, 2, 3, 2, -17 ] ], 
              [ [ 1, 0, 2, 2, 3, 2, 1, 3, 1, 1, 3, 2, 2, 3, 0, 2, 2, -15 ], [ 1, 4, 2, 2, 1, 2, 3, 1, 3, 3, 1, 2, 2, 1, 4, 2, 2, -17 ] ], 
              [ [ 1, 1, 2, 2, 2, 3, 2, 3, 3, 1, 4, 1, 2, 1, 1, 2, 2, -15 ], [ 1, 3, 2, 2, 2, 1, 2, 1, 1, 3, 0, 3, 2, 3, 3, 2, 2, -17 ] ], 
              [ [ 1, 1, 2, 3, 2, 3, 2, 2, 2, 1, 3, 1, 2, 3, 2, 0, 2, -15 ], [ 1, 3, 2, 1, 2, 1, 2, 2, 2, 3, 1, 3, 2, 1, 2, 4, 2, -17 ] ], 
              [ [ 1, 0, 1, 2, 2, 3, 3, 2, 1, 3, 2, 1, 2, 1, 2, 3, 2, -13 ], [ 1, 4, 3, 2, 2, 1, 1, 2, 3, 1, 2, 3, 2, 3, 2, 1, 2, -19 ] ], 
              [ [ 1, 0, 1, 2, 2, 2, 2, 2, 1, 3, 2, 3, 3, 3, 1, 2, 3, -15 ], [ 1, 4, 3, 2, 2, 2, 2, 2, 3, 1, 2, 1, 1, 1, 3, 2, 1, -17 ] ], 
              [ [ 1, 1, 1, 2, 0, 3, 2, 1, 2, 2, 1, 2, 3, 2, 3, 2, 1, -12 ], [ 1, 3, 3, 2, 4, 1, 2, 3, 2, 2, 3, 2, 1, 2, 1, 2, 3, -20 ] ], 
              [ [ 1, 1, 1, 2, 1, 3, 3, 2, 3, 3, 3, 2, 3, 1, 2, 2, 3, -15 ], [ 1, 3, 3, 2, 3, 1, 1, 2, 1, 1, 1, 2, 1, 3, 2, 2, 1, -17 ] ], 
              [ [ 1, 0, 1, 2, 3, 2, 2, 3, 1, 2, 2, 3, 2, 2, 0, 3, 3, -15 ], [ 1, 4, 3, 2, 1, 2, 2, 1, 3, 2, 2, 1, 2, 2, 4, 1, 1, -17 ] ], 
              [ [ 1, 1, 1, 3, 2, 3, 3, 2, 2, 2, 2, 2, 2, 2, 2, 1, 3, -15 ], [ 1, 3, 3, 1, 2, 1, 1, 2, 2, 2, 2, 2, 2, 2, 2, 3, 1, -17 ] ], 
              [ [ 1, -2, 1, 3, 3, 3, 1, 3, 1, 3, 3, 1, 3, 3, 1, 3, 3, -15 ], [ 1, 6, 3, 1, 1, 1, 3, 1, 3, 1, 1, 3, 1, 1, 3, 1, 1, -17 ] ], 
              [ [ 1, 0, 2, 2, 2, 2, 2, 1, 1, 3, 3, 1, 4, 3, 2, 3, 2, -16 ], [ 1, 4, 2, 2, 2, 2, 2, 3, 3, 1, 1, 3, 0, 1, 2, 1, 2, -16 ] ], 
              [ [ 1, 0, 2, 2, 2, 2, 2, 2, 1, 2, 3, 2, 2, 2, 1, 2, 3, -15 ], [ 1, 4, 2, 2, 2, 2, 2, 2, 3, 2, 1, 2, 2, 2, 3, 2, 1, -17 ] ], 
              [ [ 1, 0, 2, 3, 4, 2, 3, 2, 1, 3, 4, 1, 3, 3, 1, 2, 4, -19 ], [ 1, 4, 2, 1, 0, 2, 1, 2, 3, 1, 0, 3, 1, 1, 3, 2, 0, -13 ] ], 
              [ [ 1, 1, 2, 3, 2, 3, 3, 1, 2, 2, 3, 0, 3, 2, 3, 2, 2, -16 ], [ 1, 3, 2, 1, 2, 1, 1, 3, 2, 2, 1, 4, 1, 2, 1, 2, 2, -16 ] ], 
              [ [ 1, 0, 2, 2, 2, 3, 2, 2, 1, 2, 1, 3, 1, 2, 1, 3, 2, -14 ], [ 1, 4, 2, 2, 2, 1, 2, 2, 3, 2, 3, 1, 3, 2, 3, 1, 2, -18 ] ], 
              [ [ 1, 2, 3, 2, 3, 2, 4, 1, 1, 2, 2, 3, 1, 2, 1, 2, 3, -18 ], [ 1, 2, 1, 2, 1, 2, 0, 3, 3, 2, 2, 1, 3, 2, 3, 2, 1, -14 ] ], 
              [ [ 1, 0, 3, 3, 3, 3, 3, 1, 1, 3, 3, 1, 2, 3, 2, 2, 3, -18 ], [ 1, 4, 1, 1, 1, 1, 1, 3, 3, 1, 1, 3, 2, 1, 2, 2, 1, -14 ] ], 
              [ [ 1, 0, 3, 3, 4, 3, 3, 2, 1, 2, 3, 1, 1, 2, 1, 3, 3, -18 ], [ 1, 4, 1, 1, 0, 1, 1, 2, 3, 2, 1, 3, 3, 2, 3, 1, 1, -14 ] ], 
              [ [ 1, 1, 3, 3, 2, 3, 2, 1, 2, 1, 2, 2, 2, 3, 2, 2, 2, -17 ], [ 1, 3, 1, 1, 2, 1, 2, 3, 2, 3, 2, 2, 2, 1, 2, 2, 2, -15 ] ], 
              [ [ 1, 1, 3, 3, 3, 3, 3, 2, 3, 2, 4, 2, 2, 2, 1, 2, 4, -20 ], [ 1, 3, 1, 1, 1, 1, 1, 2, 1, 2, 0, 2, 2, 2, 3, 2, 0, -12 ] ], 
              [ [ 1, 1, 2, 1, 1, 3, 3, 3, 2, 1, 3, 1, 2, 1, 2, 1, 2, -13 ], [ 1, 3, 2, 3, 3, 1, 1, 1, 2, 3, 1, 3, 2, 3, 2, 3, 2, -19 ] ], 
              [ [ 1, 1, 1, 1, 1, 2, 1, 3, 2, 1, 2, 4, 1, 1, 1, 1, 0, -10 ], [ 1, 3, 3, 3, 3, 2, 3, 1, 2, 3, 2, 0, 3, 3, 3, 3, 4, -22 ] ], 
              [ [ 1, 0, 0, 3, 2, 3, 1, 3, 3, 2, 2, 3, 3, 2, 2, 2, 1, -13 ], [ 1, 4, 4, 1, 2, 1, 3, 1, 1, 2, 2, 1, 1, 2, 2, 2, 3, -19 ] ], 
              [ [ 1, 1, 1, 2, 2, 2, 3, 2, 2, 3, 3, 3, 2, 1, 2, 1, 2, -14 ], [ 1, 3, 3, 2, 2, 2, 1, 2, 2, 1, 1, 1, 2, 3, 2, 3, 2, -18 ] ], 
              [ [ 1, 2, 1, 2, 1, 2, 2, 2, 3, 1, 2, 4, 2, 1, 2, 1, 1, -13 ], [ 1, 2, 3, 2, 3, 2, 2, 2, 1, 3, 2, 0, 2, 3, 2, 3, 3, -19 ] ], 
              [ [ 1, 0, 1, 3, 1, 3, 1, 2, 3, 2, 3, 2, 3, 2, 3, 1, 1, -13 ], [ 1, 4, 3, 1, 3, 1, 3, 2, 1, 2, 1, 2, 1, 2, 1, 3, 3, -19 ] ], 
              [ [ 1, 1, 3, 2, 2, 3, 2, 1, 0, 2, 1, 2, 1, 2, 0, 4, 3, -16 ], [ 1, 3, 1, 2, 2, 1, 2, 3, 4, 2, 3, 2, 3, 2, 4, 0, 1, -16 ] ], 
              [ [ 1, 0, 3, 4, 3, 4, 1, 1, 1, 2, 2, 0, 3, 4, 1, 4, 3, -19 ], [ 1, 4, 1, 0, 1, 0, 3, 3, 3, 2, 2, 4, 1, 0, 3, 0, 1, -13 ] ], 
              [ [ 1, 1, 1, 3, 2, 3, 1, 2, 2, 2, 2, 2, 3, 2, 1, 3, 2, -15 ], [ 1, 3, 3, 1, 2, 1, 3, 2, 2, 2, 2, 2, 1, 2, 3, 1, 2, -17 ] ], 
              [ [ 1, 1, 2, 3, 1, 4, 1, 1, 2, 2, 1, 2, 2, 2, 2, 3, 1, -14 ], [ 1, 3, 2, 1, 3, 0, 3, 3, 2, 2, 3, 2, 2, 2, 2, 1, 3, -18 ] ], 
              [ [ 1, 1, 2, 3, 2, 3, 0, 2, 2, 1, 1, 4, 2, 3, 0, 3, 2, -16 ], [ 1, 3, 2, 1, 2, 1, 4, 2, 2, 3, 3, 0, 2, 1, 4, 1, 2, -16 ] ], 
              [ [ 1, 2, 2, 3, 1, 4, 1, 2, 4, 1, 2, 3, 2, 1, 1, 3, 2, -16 ], [ 1, 2, 2, 1, 3, 0, 3, 2, 0, 3, 2, 1, 2, 3, 3, 1, 2, -16 ] ], 
              [ [ 1, 1, 3, 2, 2, 3, 2, 2, 2, 2, 3, 2, 3, 2, 1, 3, 3, -18 ], [ 1, 3, 1, 2, 2, 1, 2, 2, 2, 2, 1, 2, 1, 2, 3, 1, 1, -14 ] ], 
              [ [ 1, 1, 2, 2, 2, 3, 2, 1, 1, 2, 1, 1, 2, 4, 1, 1, 2, -14 ], [ 1, 3, 2, 2, 2, 1, 2, 3, 3, 2, 3, 3, 2, 0, 3, 3, 2, -18 ] ], 
              [ [ 1, 1, 2, 0, 1, 3, 3, 2, 1, 2, 1, 1, 2, 2, 1, 2, 2, -12 ], [ 1, 3, 2, 4, 3, 1, 1, 2, 3, 2, 3, 3, 2, 2, 3, 2, 2, -20 ] ], 
              [ [ 1, 1, 4, 1, 3, 3, 3, 2, 1, 1, 2, 1, 1, 3, 0, 2, 3, -17 ], [ 1, 3, 0, 3, 1, 1, 1, 2, 3, 3, 2, 3, 3, 1, 4, 2, 1, -15 ] ], 
              [ [ 1, 1, 2, 0, 2, 2, 3, 2, 0, 2, 1, 2, 1, 2, 1, 1, 1, -11 ], [ 1, 3, 2, 4, 2, 2, 1, 2, 4, 2, 3, 2, 3, 2, 3, 3, 3, -21 ] ], 
              [ [ 1, 0, 1, 1, 3, 3, 2, 4, 2, 2, 2, 2, 2, 2, 0, 2, 2, -13 ], [ 1, 4, 3, 3, 1, 1, 2, 0, 2, 2, 2, 2, 2, 2, 4, 2, 2, -19 ] ], 
              [ [ 1, 2, 2, 0, 2, 2, 3, 2, 2, 2, 2, 2, 3, 2, 1, 2, 1, -14 ], [ 1, 2, 2, 4, 2, 2, 1, 2, 2, 2, 2, 2, 1, 2, 3, 2, 3, -18 ] ], 
              [ [ 1, 1, 1, 1, 1, 3, 1, 3, 3, 1, 1, 3, 3, 3, 1, 1, 1, -12 ], [ 1, 3, 3, 3, 3, 1, 3, 1, 1, 3, 3, 1, 1, 1, 3, 3, 3, -20 ] ], 
              [ [ 1, 2, 2, 0, 1, 2, 3, 2, 2, 2, 2, 3, 2, 2, 1, 0, 2, -13 ], [ 1, 2, 2, 4, 3, 2, 1, 2, 2, 2, 2, 1, 2, 2, 3, 4, 2, -19 ] ], 
              [ [ 1, 2, 2, 0, 2, 2, 3, 3, 2, 1, 2, 3, 1, 1, 0, 1, 2, -13 ], [ 1, 2, 2, 4, 2, 2, 1, 1, 2, 3, 2, 1, 3, 3, 4, 3, 2, -19 ] ], 
              [ [ 1, 0, 2, 1, 2, 3, 2, 3, 2, 2, 3, 1, 2, 2, 1, 1, 2, -13 ], [ 1, 4, 2, 3, 2, 1, 2, 1, 2, 2, 1, 3, 2, 2, 3, 3, 2, -19 ] ], 
              [ [ 1, 1, 2, 2, 3, 3, 2, 3, 3, 1, 3, 1, 3, 3, 1, 1, 2, -16 ], [ 1, 3, 2, 2, 1, 1, 2, 1, 1, 3, 1, 3, 1, 1, 3, 3, 2, -16 ] ], 
              [ [ 1, 2, 3, 0, 1, 3, 3, 2, 2, 1, 1, 3, 0, 1, 1, 1, 1, -12 ], [ 1, 2, 1, 4, 3, 1, 1, 2, 2, 3, 3, 1, 4, 3, 3, 3, 3, -20 ] ], 
              [ [ 1, 2, 3, 1, 3, 3, 4, 2, 2, 2, 2, 2, 1, 2, 1, 1, 2, -16 ], [ 1, 2, 1, 3, 1, 1, 0, 2, 2, 2, 2, 2, 3, 2, 3, 3, 2, -16 ] ], 
              [ [ 1, 3, 3, 1, 2, 3, 3, 2, 3, 0, 1, 3, 1, 2, 1, 1, 1, -15 ], [ 1, 1, 1, 3, 2, 1, 1, 2, 1, 4, 3, 1, 3, 2, 3, 3, 3, -17 ] ], 
              [ [ 1, 1, 3, 2, 2, 4, 2, 2, 3, 1, 2, 1, 2, 3, 2, 1, 1, -15 ], [ 1, 3, 1, 2, 2, 0, 2, 2, 1, 3, 2, 3, 2, 1, 2, 3, 3, -17 ] ], 
              [ [ 1, 1, 2, 2, 2, 4, 3, 2, 3, 2, 1, 2, 2, 2, 2, 2, 2, -15 ], [ 1, 3, 2, 2, 2, 0, 1, 2, 1, 2, 3, 2, 2, 2, 2, 2, 2, -17 ] ], 
              [ [ 1, 0, 3, 2, 4, 3, 3, 2, 2, 3, 3, 1, 3, 3, 1, 3, 3, -19 ], [ 1, 4, 1, 2, 0, 1, 1, 2, 2, 1, 1, 3, 1, 1, 3, 1, 1, -13 ] ], 
              [ [ 1, 2, 1, 1, 1, 3, 2, 3, 4, 1, 2, 3, 2, 1, 2, 0, 0, -11 ], [ 1, 2, 3, 3, 3, 1, 2, 1, 0, 3, 2, 1, 2, 3, 2, 4, 4, -21 ] ], 
              [ [ 1, 2, 2, 1, 1, 3, 1, 2, 2, 1, 1, 2, 3, 3, 0, 2, 2, -14 ], [ 1, 2, 2, 3, 3, 1, 3, 2, 2, 3, 3, 2, 1, 1, 4, 2, 2, -18 ] ], 
              [ [ 1, 1, 3, 1, 2, 4, 2, 2, 1, 2, 1, 1, 1, 2, 0, 3, 2, -14 ], [ 1, 3, 1, 3, 2, 0, 2, 2, 3, 2, 3, 3, 3, 2, 4, 1, 2, -18 ] ], 
              [ [ 1, 2, 3, 1, 0, 4, 1, 1, 2, 1, 0, 2, 2, 3, 1, 2, 1, -13 ], [ 1, 2, 1, 3, 4, 0, 3, 3, 2, 3, 4, 2, 2, 1, 3, 2, 3, -19 ] ], 
              [ [ 1, 1, 3, 1, 3, 3, 1, 3, 1, 1, 1, 3, 1, 3, -2, 3, 3, -16 ], [ 1, 3, 1, 3, 1, 1, 3, 1, 3, 3, 3, 1, 3, 1, 6, 1, 1, -16 ] ], 
              [ [ 1, 2, 3, 1, 1, 4, 1, 2, 2, 0, 0, 2, 1, 2, 0, 3, 1, -13 ], [ 1, 2, 1, 3, 3, 0, 3, 2, 2, 4, 4, 2, 3, 2, 4, 1, 3, -19 ] ], 
              [ [ 1, 2, 3, 2, 3, 4, 2, 2, 2, 1, 1, 1, 2, 3, 0, 3, 2, -17 ], [ 1, 2, 1, 2, 1, 0, 2, 2, 2, 3, 3, 3, 2, 1, 4, 1, 2, -15 ] ], 
              [ [ 1, 2, 3, 2, 2, 4, 2, 2, 2, 1, 1, 2, 1, 3, 0, 1, 3, -16 ], [ 1, 2, 1, 2, 2, 0, 2, 2, 2, 3, 3, 2, 3, 1, 4, 3, 1, -16 ] ], 
              [ [ 1, 2, 4, 2, 2, 4, 2, 1, 2, 1, 2, 0, 2, 3, 1, 2, 2, -17 ], [ 1, 2, 0, 2, 2, 0, 2, 3, 2, 3, 2, 4, 2, 1, 3, 2, 2, -15 ] ], 
              [ [ 1, 1, 3, 1, 2, 3, 2, 1, 1, 3, 1, 2, 3, 3, 0, 4, 3, -17 ], [ 1, 3, 1, 3, 2, 1, 2, 3, 3, 1, 3, 2, 1, 1, 4, 0, 1, -15 ] ], 
              [ [ 1, 1, 3, 2, 3, 3, 2, 1, 0, 2, 0, 2, 2, 4, 0, 3, 3, -17 ], [ 1, 3, 1, 2, 1, 1, 2, 3, 4, 2, 4, 2, 2, 0, 4, 1, 1, -15 ] ], 
              [ [ 1, 2, 3, 2, 2, 4, 3, 1, 2, 2, 1, 1, 2, 2, 1, 3, 3, -17 ], [ 1, 2, 1, 2, 2, 0, 1, 3, 2, 2, 3, 3, 2, 2, 3, 1, 1, -15 ] ], 
              [ [ 1, 0, 3, 3, 3, 4, 1, 2, 2, 2, 2, 1, 3, 4, 0, 3, 4, -19 ], [ 1, 4, 1, 1, 1, 0, 3, 2, 2, 2, 2, 3, 1, 0, 4, 1, 0, -13 ] ], 
              [ [ 1, 2, 4, 2, 2, 4, 2, 1, 2, 1, 0, 3, 1, 3, 0, 3, 3, -18 ], [ 1, 2, 0, 2, 2, 0, 2, 3, 2, 3, 4, 1, 3, 1, 4, 1, 1, -14 ] ], 
              [ [ 1, 1, 4, 0, 2, 3, 2, 2, 0, 1, 1, 1, 2, 3, 0, 3, 2, -15 ], [ 1, 3, 0, 4, 2, 1, 2, 2, 4, 3, 3, 3, 2, 1, 4, 1, 2, -17 ] ], 
              [ [ 1, 1, 2, 2, 2, 4, 0, 3, 3, 1, 1, 3, 2, 3, 0, 2, 1, -14 ], [ 1, 3, 2, 2, 2, 0, 4, 1, 1, 3, 3, 1, 2, 1, 4, 2, 3, -18 ] ], 
              [ [ 1, 3, 3, 1, 1, 3, 1, 2, 3, 0, 1, 4, 1, 2, 0, 1, 1, -14 ], [ 1, 1, 1, 3, 3, 1, 3, 2, 1, 4, 3, 0, 3, 2, 4, 3, 3, -18 ] ], 
              [ [ 1, 1, 2, 2, 2, 4, 1, 2, 3, 2, 1, 2, 3, 2, 1, 4, 1, -15 ], [ 1, 3, 2, 2, 2, 0, 3, 2, 1, 2, 3, 2, 1, 2, 3, 0, 3, -17 ] ], 
              [ [ 1, 1, 2, 2, 1, 4, 1, 2, 3, 2, 1, 3, 2, 2, 1, 2, 2, -14 ], [ 1, 3, 2, 2, 3, 0, 3, 2, 1, 2, 3, 1, 2, 2, 3, 2, 2, -18 ] ], 
              [ [ 1, 2, 2, 3, 2, 4, 1, 2, 4, 1, 1, 3, 3, 3, 1, 2, 2, -17 ], [ 1, 2, 2, 1, 2, 0, 3, 2, 0, 3, 3, 1, 1, 1, 3, 2, 2, -15 ] ], 
              [ [ 1, 1, 3, 1, 1, 4, 1, 3, 2, 0, 1, 2, 1, 2, 1, 1, 1, -12 ], [ 1, 3, 1, 3, 3, 0, 3, 1, 2, 4, 3, 2, 3, 2, 3, 3, 3, -20 ] ], 
              [ [ 1, 2, 3, 1, 1, 4, 1, 3, 4, 0, 2, 2, 3, 2, 1, 2, 1, -15 ], [ 1, 2, 1, 3, 3, 0, 3, 1, 0, 4, 2, 2, 1, 2, 3, 2, 3, -17 ] ], 
              [ [ 1, 0, 3, 1, 3, 3, 2, 3, 1, 2, 2, 2, 2, 2, 0, 3, 3, -16 ], [ 1, 4, 1, 3, 1, 1, 2, 1, 3, 2, 2, 2, 2, 2, 4, 1, 1, -16 ] ], 
              [ [ 1, 1, 3, 1, 1, 3, 1, 2, 2, 1, 1, 3, 3, 3, 1, 2, 2, -15 ], [ 1, 3, 1, 3, 3, 1, 3, 2, 2, 3, 3, 1, 1, 1, 3, 2, 2, -17 ] ], 
              [ [ 1, 1, 4, 2, 3, 4, 2, 2, 2, 1, 1, 2, 2, 3, 1, 3, 2, -18 ], [ 1, 3, 0, 2, 1, 0, 2, 2, 2, 3, 3, 2, 2, 1, 3, 1, 2, -14 ] ], 
              [ [ 1, 2, 2, 3, 1, 4, 3, 0, 2, 2, 2, 2, 2, 2, 1, 2, 4, -17 ], [ 1, 2, 2, 1, 3, 0, 1, 4, 2, 2, 2, 2, 2, 2, 3, 2, 0, -15 ] ], 
              [ [ 1, 1, 1, 3, 1, 4, 1, 1, 3, 2, 2, 3, 3, 2, 1, 3, 2, -15 ], [ 1, 3, 3, 1, 3, 0, 3, 3, 1, 2, 2, 1, 1, 2, 3, 1, 2, -17 ] ], 
              [ [ 1, 1, 1, 2, 0, 3, 2, 1, 2, 2, 3, 2, 4, 2, 2, 1, 3, -14 ], [ 1, 3, 3, 2, 4, 1, 2, 3, 2, 2, 1, 2, 0, 2, 2, 3, 1, -18 ] ], 
              [ [ 1, 0, 2, 2, 2, 3, 2, 2, 1, 2, 3, 3, 2, 2, 0, 2, 4, -16 ], [ 1, 4, 2, 2, 2, 1, 2, 2, 3, 2, 1, 1, 2, 2, 4, 2, 0, -16 ] ], 
              [ [ 1, 1, 2, 2, 0, 4, 2, 1, 2, 1, 2, 2, 2, 1, 2, 2, 2, -13 ], [ 1, 3, 2, 2, 4, 0, 2, 3, 2, 3, 2, 2, 2, 3, 2, 2, 2, -19 ] ], 
              [ [ 1, 1, 2, 3, 2, 4, 3, 1, 2, 2, 3, 1, 3, 2, 2, 2, 3, -17 ], [ 1, 3, 2, 1, 2, 0, 1, 3, 2, 2, 1, 3, 1, 2, 2, 2, 1, -15 ] ], 
              [ [ 1, 1, 2, 2, 2, 4, 3, 0, 1, 3, 1, 1, 3, 3, 1, 3, 3, -16 ], [ 1, 3, 2, 2, 2, 0, 1, 4, 3, 1, 3, 3, 1, 1, 3, 1, 1, -16 ] ], 
              [ [ 1, 2, 3, 1, 1, 4, 3, 1, 2, 1, 2, 1, 3, 3, 1, 1, 3, -16 ], [ 1, 2, 1, 3, 3, 0, 1, 3, 2, 3, 2, 3, 1, 1, 3, 3, 1, -16 ] ], 
              [ [ 1, 1, 2, 1, 1, 4, 1, 3, 3, 0, 2, 3, 2, 2, 0, 1, 2, -13 ], [ 1, 3, 2, 3, 3, 0, 3, 1, 1, 4, 2, 1, 2, 2, 4, 3, 2, -19 ] ], 
              [ [ 1, 1, 2, 1, 0, 4, 2, 1, 3, 2, 2, 2, 4, 2, 2, 2, 2, -14 ], [ 1, 3, 2, 3, 4, 0, 2, 3, 1, 2, 2, 2, 0, 2, 2, 2, 2, -18 ] ], 
              [ [ 1, 1, 2, 2, 1, 4, 2, 1, 2, 1, 1, 2, 3, 3, 2, 1, 2, -14 ], [ 1, 3, 2, 2, 3, 0, 2, 3, 2, 3, 3, 2, 1, 1, 2, 3, 2, -18 ] ], 
              [ [ 1, 1, 2, 2, 2, 4, 3, 2, 3, 2, 3, 2, 3, 2, 1, 1, 4, -17 ], [ 1, 3, 2, 2, 2, 0, 1, 2, 1, 2, 1, 2, 1, 2, 3, 3, 0, -15 ] ], 
              [ [ 1, 1, 3, 3, 1, 6, 1, 1, 3, 1, 1, 1, 3, 3, 1, 3, 3, -17 ], [ 1, 3, 1, 1, 3, -2, 3, 3, 1, 3, 3, 3, 1, 1, 3, 1, 1, -15 ] ], 
              [ [ 1, 1, 0, 3, 3, 0, 3, 2, 1, 4, 3, 1, 2, 2, 3, 2, 2, -15 ], [ 1, 3, 4, 1, 1, 4, 1, 2, 3, 0, 1, 3, 2, 2, 1, 2, 2, -17 ] ], 
              [ [ 1, 2, 1, 3, 3, 0, 3, 2, 2, 3, 3, 3, 0, 1, 3, 1, 1, -15 ], [ 1, 2, 3, 1, 1, 4, 1, 2, 2, 1, 1, 1, 4, 3, 1, 3, 3, -17 ] ], 
              [ [ 1, 1, 1, 3, 3, 1, 3, 3, 3, 3, 4, 1, 2, 1, 4, 2, 1, -16 ], [ 1, 3, 3, 1, 1, 3, 1, 1, 1, 1, 0, 3, 2, 3, 0, 2, 3, -16 ] ], 
              [ [ 1, 1, 1, 4, 4, 1, 2, 2, 1, 4, 3, 1, 1, 2, 2, 3, 2, -17 ], [ 1, 3, 3, 0, 0, 3, 2, 2, 3, 0, 1, 3, 3, 2, 2, 1, 2, -15 ] ], 
              [ [ 1, 2, 1, 4, 2, 1, 1, 1, 2, 3, 2, 2, 2, 3, 3, 2, 1, -16 ], [ 1, 2, 3, 0, 2, 3, 3, 3, 2, 1, 2, 2, 2, 1, 1, 2, 3, -16 ] ], 
              [ [ 1, 2, 1, 4, 3, 1, 1, 2, 2, 2, 2, 2, 1, 2, 2, 3, 1, -16 ], [ 1, 2, 3, 0, 1, 3, 3, 2, 2, 2, 2, 2, 3, 2, 2, 1, 3, -16 ] ], 
              [ [ 1, 2, 1, 2, 2, 1, 1, 4, 2, 1, 2, 3, 0, 1, 1, 2, 1, -13 ], [ 1, 2, 3, 2, 2, 3, 3, 0, 2, 3, 2, 1, 4, 3, 3, 2, 3, -19 ] ], 
              [ [ 1, 2, 2, 3, 3, 1, 2, 3, 2, 2, 4, 1, 1, 2, 2, 1, 2, -17 ], [ 1, 2, 2, 1, 1, 3, 2, 1, 2, 2, 0, 3, 3, 2, 2, 3, 2, -15 ] ], 
              [ [ 1, 2, 1, 2, 1, 1, 2, 2, 2, 3, 2, 2, 2, 1, 3, 3, 1, -14 ], [ 1, 2, 3, 2, 3, 3, 2, 2, 2, 1, 2, 2, 2, 3, 1, 1, 3, -18 ] ], 
              [ [ 1, 2, 1, 3, 2, 1, 2, 2, 1, 2, 1, 2, 1, 2, 3, 2, 1, -14 ], [ 1, 2, 3, 1, 2, 3, 2, 2, 3, 2, 3, 2, 3, 2, 1, 2, 3, -18 ] ], 
              [ [ 1, 2, 1, 3, 3, 1, 3, 3, 2, 3, 3, 2, 1, 1, 2, 2, 3, -17 ], [ 1, 2, 3, 1, 1, 3, 1, 1, 2, 1, 1, 2, 3, 3, 2, 2, 1, -15 ] ], 
              [ [ 1, 1, 2, 3, 4, 0, 2, 2, 0, 3, 3, 1, 2, 3, 2, 3, 2, -18 ], [ 1, 3, 2, 1, 0, 4, 2, 2, 4, 1, 1, 3, 2, 1, 2, 1, 2, -14 ] ], 
              [ [ 1, 2, 2, 3, 3, 1, 3, 2, 2, 3, 4, 0, 2, 1, 3, 3, 2, -18 ], [ 1, 2, 2, 1, 1, 3, 1, 2, 2, 1, 0, 4, 2, 3, 1, 1, 2, -14 ] ], 
              [ [ 1, 1, 1, 4, 2, 2, 1, 3, 3, 2, 3, 1, 2, 2, 3, 2, 2, -16 ], [ 1, 3, 3, 0, 2, 2, 3, 1, 1, 2, 1, 3, 2, 2, 1, 2, 2, -16 ] ], 
              [ [ 1, 2, 3, 3, 3, 1, 2, 2, 2, 2, 3, 2, 1, 2, 2, 3, 2, -19 ], [ 1, 2, 1, 1, 1, 3, 2, 2, 2, 2, 1, 2, 3, 2, 2, 1, 2, -13 ] ], 
              [ [ 1, 2, 1, 2, 2, 0, 2, 2, 1, 3, 2, 3, 1, 1, 3, 2, 0, -13 ], [ 1, 2, 3, 2, 2, 4, 2, 2, 3, 1, 2, 1, 3, 3, 1, 2, 4, -19 ] ], 
              [ [ 1, 1, 0, 3, 3, 1, 1, 4, 3, 3, 3, 3, 2, 1, 2, 3, 1, -15 ], [ 1, 3, 4, 1, 1, 3, 3, 0, 1, 1, 1, 1, 2, 3, 2, 1, 3, -17 ] ], 
              [ [ 1, 3, 1, 2, 2, 0, 2, 3, 3, 2, 3, 4, 1, 0, 2, 2, 1, -15 ], [ 1, 1, 3, 2, 2, 4, 2, 1, 1, 2, 1, 0, 3, 4, 2, 2, 3, -17 ] ], 
              [ [ 1, 1, 1, 3, 2, 1, 1, 3, 3, 3, 4, 2, 2, 1, 3, 2, 1, -15 ], [ 1, 3, 3, 1, 2, 3, 3, 1, 1, 1, 0, 2, 2, 3, 1, 2, 3, -17 ] ], 
              [ [ 1, 1, 1, 4, 3, 1, 1, 3, 2, 2, 3, 2, 1, 2, 3, 1, 1, -15 ], [ 1, 3, 3, 0, 1, 3, 3, 1, 2, 2, 1, 2, 3, 2, 1, 3, 3, -17 ] ], 
              [ [ 1, 2, 1, 4, 3, 1, 1, 3, 4, 2, 4, 2, 3, 2, 3, 2, 1, -18 ], [ 1, 2, 3, 0, 1, 3, 3, 1, 0, 2, 0, 2, 1, 2, 1, 2, 3, -14 ] ], 
              [ [ 1, 1, 1, 2, 2, 1, 2, 4, 2, 2, 3, 2, 1, 0, 3, 2, 1, -13 ], [ 1, 3, 3, 2, 2, 3, 2, 0, 2, 2, 1, 2, 3, 4, 1, 2, 3, -19 ] ], 
              [ [ 1, 2, 2, 1, 3, 0, 3, 3, 2, 2, 3, 2, 1, 2, 3, 0, 0, -14 ], [ 1, 2, 2, 3, 1, 4, 1, 1, 2, 2, 1, 2, 3, 2, 1, 4, 4, -18 ] ], 
              [ [ 1, 2, 1, 1, 3, 0, 4, 3, 2, 3, 2, 3, 1, 1, 3, 1, 1, -14 ], [ 1, 2, 3, 3, 1, 4, 0, 1, 2, 1, 2, 1, 3, 3, 1, 3, 3, -18 ] ], 
              [ [ 1, 2, 2, 2, 3, 1, 2, 2, 1, 3, 2, 1, 1, 3, 1, 2, 2, -16 ], [ 1, 2, 2, 2, 1, 3, 2, 2, 3, 1, 2, 3, 3, 1, 3, 2, 2, -16 ] ], 
              [ [ 1, 2, 2, 1, 3, 1, 3, 3, 0, 2, 1, 1, 0, 2, 1, 2, 2, -14 ], [ 1, 2, 2, 3, 1, 3, 1, 1, 4, 2, 3, 3, 4, 2, 3, 2, 2, -18 ] ], 
              [ [ 1, 2, 4, 2, 4, 1, 4, 1, 0, 3, 2, 0, 1, 3, 2, 3, 3, -20 ], [ 1, 2, 0, 2, 0, 3, 0, 3, 4, 1, 2, 4, 3, 1, 2, 1, 1, -12 ] ], 
              [ [ 1, 4, 1, 2, 2, 1, 2, 2, 3, 2, 1, 3, 1, 2, 2, 1, 0, -14 ], [ 1, 0, 3, 2, 2, 3, 2, 2, 1, 2, 3, 1, 3, 2, 2, 3, 4, -18 ] ], 
              [ [ 1, 2, 1, 3, 3, 2, 1, 3, 3, 2, 2, 1, 1, 2, 2, 2, 0, -14 ], [ 1, 2, 3, 1, 1, 2, 3, 1, 1, 2, 2, 3, 3, 2, 2, 2, 4, -18 ] ], 
              [ [ 1, 1, 1, 3, 3, 1, 1, 2, 1, 3, 1, 2, 1, 3, 2, 2, 1, -14 ], [ 1, 3, 3, 1, 1, 3, 3, 2, 3, 1, 3, 2, 3, 1, 2, 2, 3, -18 ] ], 
              [ [ 1, 2, 1, 3, 3, 1, 1, 2, 3, 3, 2, 2, 3, 3, 2, 3, 1, -17 ], [ 1, 2, 3, 1, 1, 3, 3, 2, 1, 1, 2, 2, 1, 1, 2, 1, 3, -15 ] ], 
              [ [ 1, 2, 2, 4, 4, 2, 2, 2, 3, 3, 2, 2, 1, 3, 2, 2, 2, -19 ], [ 1, 2, 2, 0, 0, 2, 2, 2, 1, 1, 2, 2, 3, 1, 2, 2, 2, -13 ] ], 
              [ [ 1, 1, 1, 1, 3, 1, 1, 4, 1, 2, 1, 2, 1, 2, 1, 3, 0, -12 ], [ 1, 3, 3, 3, 1, 3, 3, 0, 3, 2, 3, 2, 3, 2, 3, 1, 4, -20 ] ], 
              [ [ 1, 2, 2, 0, 3, 0, 3, 3, 0, 3, 2, 2, 0, 1, 1, 2, 1, -13 ], [ 1, 2, 2, 4, 1, 4, 1, 1, 4, 1, 2, 2, 4, 3, 3, 2, 3, -19 ] ], 
              [ [ 1, 1, 1, 1, 2, 1, 1, 4, 1, 2, 1, 3, 0, 2, 1, 1, 1, -11 ], [ 1, 3, 3, 3, 2, 3, 3, 0, 3, 2, 3, 1, 4, 2, 3, 3, 3, -21 ] ], 
              [ [ 1, 3, 2, 0, 1, 0, 2, 2, 1, 2, 1, 3, 1, 2, 2, 1, 0, -12 ], [ 1, 1, 2, 4, 3, 4, 2, 2, 3, 2, 3, 1, 3, 2, 2, 3, 4, -20 ] ], 
              [ [ 1, 2, 1, 1, 2, 1, 1, 4, 3, 2, 2, 3, 2, 2, 1, 2, 1, -14 ], [ 1, 2, 3, 3, 2, 3, 3, 0, 1, 2, 2, 1, 2, 2, 3, 2, 3, -18 ] ], 
              [ [ 1, 3, 2, 0, 2, 0, 2, 3, 1, 1, 1, 3, 0, 1, 1, 2, 0, -12 ], [ 1, 1, 2, 4, 2, 4, 2, 1, 3, 3, 3, 1, 4, 3, 3, 2, 4, -20 ] ], 
              [ [ 1, 2, 1, 2, 2, 2, 2, 3, 2, 2, 1, 1, 1, 2, 3, 1, 0, -12 ], [ 1, 2, 3, 2, 2, 2, 2, 1, 2, 2, 3, 3, 3, 2, 1, 3, 4, -20 ] ], 
              [ [ 1, 3, 2, 1, 4, 0, 3, 3, 1, 2, 2, 2, 1, 2, 1, 2, 1, -16 ], [ 1, 1, 2, 3, 0, 4, 1, 1, 3, 2, 2, 2, 3, 2, 3, 2, 3, -16 ] ], 
              [ [ 1, 2, 1, 2, 3, 1, 1, 4, 2, 1, 1, 3, 1, 3, 1, 1, 1, -14 ], [ 1, 2, 3, 2, 1, 3, 3, 0, 2, 3, 3, 1, 3, 1, 3, 3, 3, -18 ] ], 
              [ [ 1, 3, 2, 1, 3, 0, 3, 3, 1, 2, 2, 3, 0, 2, 1, 0, 2, -15 ], [ 1, 1, 2, 3, 1, 4, 1, 1, 3, 2, 2, 1, 4, 2, 3, 4, 2, -17 ] ], 
              [ [ 1, 4, 2, 1, 1, 1, 3, 2, 2, 1, 1, 2, 0, 1, 3, 0, 0, -12 ], [ 1, 0, 2, 3, 3, 3, 1, 2, 2, 3, 3, 2, 4, 3, 1, 4, 4, -20 ] ], 
              [ [ 1, 3, 1, 2, 2, 2, 2, 4, 4, 1, 2, 2, 1, 1, 2, 1, 1, -14 ], [ 1, 1, 3, 2, 2, 2, 2, 0, 0, 3, 2, 2, 3, 3, 2, 3, 3, -18 ] ], 
              [ [ 1, 1, 2, 1, 2, 1, 1, 3, 1, 2, 2, 1, 1, 2, 2, 2, 0, -12 ], [ 1, 3, 2, 3, 2, 3, 3, 1, 3, 2, 2, 3, 3, 2, 2, 2, 4, -20 ] ], 
              [ [ 1, 1, 2, 2, 4, 1, 2, 3, 1, 3, 3, 0, 2, 3, 2, 2, 1, -16 ], [ 1, 3, 2, 2, 0, 3, 2, 1, 3, 1, 1, 4, 2, 1, 2, 2, 3, -16 ] ], 
              [ [ 1, 1, 2, 2, 4, 1, 2, 4, 1, 2, 3, 1, 0, 2, 1, 1, 2, -15 ], [ 1, 3, 2, 2, 0, 3, 2, 0, 3, 2, 1, 3, 4, 2, 3, 3, 2, -17 ] ], 
              [ [ 1, 2, 2, 2, 3, 1, 1, 3, 2, 1, 2, 1, 2, 3, 2, 2, 0, -15 ], [ 1, 2, 2, 2, 1, 3, 3, 1, 2, 3, 2, 3, 2, 1, 2, 2, 4, -17 ] ], 
              [ [ 1, 3, 3, 1, 3, 0, 3, 2, 1, 2, 3, 1, 1, 2, 2, 1, 1, -16 ], [ 1, 1, 1, 3, 1, 4, 1, 2, 3, 2, 1, 3, 3, 2, 2, 3, 3, -16 ] ], 
              [ [ 1, 2, 2, 2, 4, 1, 2, 4, 3, 2, 4, 1, 2, 2, 1, 2, 2, -18 ], [ 1, 2, 2, 2, 0, 3, 2, 0, 1, 2, 0, 3, 2, 2, 3, 2, 2, -14 ] ], 
              [ [ 1, 2, 2, 2, 2, 1, 1, 3, 2, 1, 2, 2, 1, 3, 2, 0, 1, -14 ], [ 1, 2, 2, 2, 2, 3, 3, 1, 2, 3, 2, 2, 3, 1, 2, 4, 3, -18 ] ], 
              [ [ 1, 1, 1, 1, 2, 1, 2, 3, 1, 3, 1, 2, 1, 1, 2, 3, 1, -12 ], [ 1, 3, 3, 3, 2, 3, 2, 1, 3, 1, 3, 2, 3, 3, 2, 1, 3, -20 ] ], 
              [ [ 1, 1, 1, 2, 4, 1, 3, 3, 1, 4, 2, 1, 2, 2, 2, 3, 2, -16 ], [ 1, 3, 3, 2, 0, 3, 1, 1, 3, 0, 2, 3, 2, 2, 2, 1, 2, -16 ] ], 
              [ [ 1, 2, 1, 2, 2, 1, 2, 2, 2, 3, 1, 2, 3, 3, 3, 2, 1, -15 ], [ 1, 2, 3, 2, 2, 3, 2, 2, 2, 1, 3, 2, 1, 1, 1, 2, 3, -17 ] ], 
              [ [ 1, 2, 1, 2, 3, 1, 2, 3, 2, 2, 1, 2, 2, 2, 2, 3, 1, -15 ], [ 1, 2, 3, 2, 1, 3, 2, 1, 2, 2, 3, 2, 2, 2, 2, 1, 3, -17 ] ], 
              [ [ 1, 3, 2, 1, 3, 0, 4, 2, 1, 3, 2, 2, 1, 1, 2, 2, 2, -16 ], [ 1, 1, 2, 3, 1, 4, 0, 2, 3, 1, 2, 2, 3, 3, 2, 2, 2, -16 ] ], 
              [ [ 1, 2, 1, 2, 2, 1, 2, 3, 2, 2, 1, 3, 1, 2, 2, 1, 2, -14 ], [ 1, 2, 3, 2, 2, 3, 2, 1, 2, 2, 3, 1, 3, 2, 2, 3, 2, -18 ] ], 
              [ [ 1, 0, 1, 3, 3, 2, 1, 3, 2, 3, 2, 0, 3, 3, 3, 3, 1, -15 ], [ 1, 4, 3, 1, 1, 2, 3, 1, 2, 1, 2, 4, 1, 1, 1, 1, 3, -17 ] ], 
              [ [ 1, 1, 2, 2, 3, 1, 3, 2, 1, 4, 3, 0, 2, 2, 3, 2, 2, -16 ], [ 1, 3, 2, 2, 1, 3, 1, 2, 3, 0, 1, 4, 2, 2, 1, 2, 2, -16 ] ], 
              [ [ 1, 1, 2, 2, 4, 0, 2, 3, 1, 3, 3, 2, 2, 3, 1, 2, 3, -18 ], [ 1, 3, 2, 2, 0, 4, 2, 1, 3, 1, 1, 2, 2, 1, 3, 2, 1, -14 ] ], 
              [ [ 1, 2, 2, 2, 2, 1, 2, 2, 2, 2, 2, 1, 2, 2, 3, 2, 1, -15 ], [ 1, 2, 2, 2, 2, 3, 2, 2, 2, 2, 2, 3, 2, 2, 1, 2, 3, -17 ] ], 
              [ [ 1, 2, 2, 3, 4, 1, 3, 2, 2, 3, 3, 0, 3, 3, 3, 2, 2, -19 ], [ 1, 2, 2, 1, 0, 3, 1, 2, 2, 1, 1, 4, 1, 1, 1, 2, 2, -13 ] ], 
              [ [ 1, 3, 3, 1, 3, 1, 3, 2, 1, 2, 1, 2, 0, 2, 2, 2, 0, -15 ], [ 1, 1, 1, 3, 1, 3, 1, 2, 3, 2, 3, 2, 4, 2, 2, 2, 4, -17 ] ], 
              [ [ 1, 3, 3, 1, 3, 1, 3, 3, 1, 1, 1, 3, -2, 1, 1, 1, 1, -14 ], [ 1, 1, 1, 3, 1, 3, 1, 1, 3, 3, 3, 1, 6, 3, 3, 3, 3, -18 ] ], 
              [ [ 1, 4, 3, 1, 3, 1, 3, 3, 3, 1, 2, 3, 0, 1, 1, 2, 1, -17 ], [ 1, 0, 1, 3, 1, 3, 1, 1, 1, 3, 2, 1, 4, 3, 3, 2, 3, -15 ] ], 
              [ [ 1, 2, 3, 2, 3, 2, 2, 3, 3, 2, 3, 1, 1, 2, 2, 2, 1, -17 ], [ 1, 2, 1, 2, 1, 2, 2, 1, 1, 2, 1, 3, 3, 2, 2, 2, 3, -15 ] ], 
              [ [ 1, 2, 3, 3, 4, 2, 2, 3, 2, 1, 2, 1, 0, 3, 2, 1, 1, -17 ], [ 1, 2, 1, 1, 0, 2, 2, 1, 2, 3, 2, 3, 4, 1, 2, 3, 3, -15 ] ], 
              [ [ 1, 1, 2, 2, 4, 1, 2, 3, 1, 3, 1, 3, 1, 3, 1, 3, 2, -17 ], [ 1, 3, 2, 2, 0, 3, 2, 1, 3, 1, 3, 1, 3, 1, 3, 1, 2, -15 ] ], 
              [ [ 1, 2, 2, 2, 2, 2, 2, 2, 2, 2, 0, 2, 1, 2, 3, 3, 0, -14 ], [ 1, 2, 2, 2, 2, 2, 2, 2, 2, 2, 4, 2, 3, 2, 1, 1, 4, -18 ] ], 
              [ [ 1, 3, 3, 1, 2, 1, 4, 1, 1, 3, 1, 2, 0, 1, 3, 2, 1, -15 ], [ 1, 1, 1, 3, 2, 3, 0, 3, 3, 1, 3, 2, 4, 3, 1, 2, 3, -17 ] ], 
              [ [ 1, 2, 2, 2, 3, 2, 3, 3, 3, 3, 2, 2, 1, 1, 2, 3, 2, -17 ], [ 1, 2, 2, 2, 1, 2, 1, 1, 1, 1, 2, 2, 3, 3, 2, 1, 2, -15 ] ], 
              [ [ 1, 3, 3, 1, 3, 0, 3, 2, 1, 2, 1, 4, 0, 2, 1, 2, 2, -17 ], [ 1, 1, 1, 3, 1, 4, 1, 2, 3, 2, 3, 0, 4, 2, 3, 2, 2, -15 ] ], 
              [ [ 1, 2, 2, 3, 4, 2, 3, 3, 2, 2, 1, 2, 0, 2, 2, 2, 2, -17 ], [ 1, 2, 2, 1, 0, 2, 1, 1, 2, 2, 3, 2, 4, 2, 2, 2, 2, -15 ] ], 
              [ [ 1, 4, 3, 2, 3, 1, 4, 1, 2, 2, 1, 2, 1, 2, 3, 2, 1, -18 ], [ 1, 0, 1, 2, 1, 3, 0, 3, 2, 2, 3, 2, 3, 2, 1, 2, 3, -14 ] ], 
              [ [ 1, 1, 3, 2, 4, 1, 2, 2, 1, 3, 2, 1, 2, 3, 2, 4, 1, -18 ], [ 1, 3, 1, 2, 0, 3, 2, 2, 3, 1, 2, 3, 2, 1, 2, 0, 3, -14 ] ], 
              [ [ 1, 1, 3, 2, 3, 1, 2, 2, 1, 3, 2, 2, 1, 3, 2, 2, 2, -17 ], [ 1, 3, 1, 2, 1, 3, 2, 2, 3, 1, 2, 2, 3, 1, 2, 2, 2, -15 ] ], 
              [ [ 1, 1, 3, 2, 4, 1, 2, 3, 1, 2, 2, 2, 0, 2, 1, 3, 2, -17 ], [ 1, 3, 1, 2, 0, 3, 2, 1, 3, 2, 2, 2, 4, 2, 3, 1, 2, -15 ] ], 
              [ [ 1, 2, 3, 3, 3, 2, 3, 1, 2, 3, 2, 0, 2, 3, 4, 2, 1, -18 ], [ 1, 2, 1, 1, 1, 2, 1, 3, 2, 1, 2, 4, 2, 1, 0, 2, 3, -14 ] ], 
              [ [ 1, 1, 3, 3, 6, 1, 3, 3, 1, 3, 3, 1, 1, 3, 1, 3, 3, -21 ], [ 1, 3, 1, 1, -2, 3, 1, 1, 3, 1, 1, 3, 3, 1, 3, 1, 1, -11 ] ], 
              [ [ 1, 2, 3, 3, 4, 2, 3, 2, 2, 2, 2, 0, 1, 2, 3, 3, 1, -18 ], [ 1, 2, 1, 1, 0, 2, 1, 2, 2, 2, 2, 4, 3, 2, 1, 1, 3, -14 ] ], 
              [ [ 1, 2, 3, 3, 3, 2, 3, 2, 2, 2, 2, 1, 0, 2, 3, 1, 2, -17 ], [ 1, 2, 1, 1, 1, 2, 1, 2, 2, 2, 2, 3, 4, 2, 1, 3, 2, -15 ] ], 
              [ [ 1, 2, 3, 3, 4, 1, 2, 2, 2, 2, 2, 2, 2, 4, 2, 2, 2, -20 ], [ 1, 2, 1, 1, 0, 3, 2, 2, 2, 2, 2, 2, 2, 0, 2, 2, 2, -12 ] ], 
              [ [ 1, 3, 3, 3, 3, 2, 3, 2, 4, 2, 3, 1, 2, 2, 3, 2, 2, -20 ], [ 1, 1, 1, 1, 1, 2, 1, 2, 0, 2, 1, 3, 2, 2, 1, 2, 2, -12 ] ], 
              [ [ 1, 2, 2, 0, 1, 1, 2, 4, 2, 1, 2, 2, 1, 1, 2, 1, 1, -12 ], [ 1, 2, 2, 4, 3, 3, 2, 0, 2, 3, 2, 2, 3, 3, 2, 3, 3, -20 ] ], 
              [ [ 1, 2, 2, 1, 3, 1, 3, 4, 2, 2, 3, 1, 2, 2, 2, 1, 2, -16 ], [ 1, 2, 2, 3, 1, 3, 1, 0, 2, 2, 1, 3, 2, 2, 2, 3, 2, -16 ] ], 
              [ [ 1, 2, 3, 1, 3, 2, 3, 4, 2, 1, 2, 1, 0, 1, 2, 2, 1, -15 ], [ 1, 2, 1, 3, 1, 2, 1, 0, 2, 3, 2, 3, 4, 3, 2, 2, 3, -17 ] ], 
              [ [ 1, 1, 3, 1, 3, 1, 3, 3, 0, 2, 1, 2, 0, 2, 2, 2, 2, -15 ], [ 1, 3, 1, 3, 1, 3, 1, 1, 4, 2, 3, 2, 4, 2, 2, 2, 2, -17 ] ], 
              [ [ 1, 2, 3, 1, 3, 1, 3, 3, 2, 2, 2, 2, 2, 2, 2, 3, 2, -18 ], [ 1, 2, 1, 3, 1, 3, 1, 1, 2, 2, 2, 2, 2, 2, 2, 1, 2, -14 ] ], 
              [ [ 1, 2, 1, 1, 3, 0, 1, 4, 2, 2, 2, 4, 1, 2, 1, 1, 0, -13 ], [ 1, 2, 3, 3, 1, 4, 3, 0, 2, 2, 2, 0, 3, 2, 3, 3, 4, -19 ] ], 
              [ [ 1, 3, 1, 1, 1, 1, 1, 3, 3, 1, 1, 3, 1, 1, 3, 1, -2, -10 ], [ 1, 1, 3, 3, 3, 3, 3, 1, 1, 3, 3, 1, 3, 3, 1, 3, 6, -22 ] ], 
              [ [ 1, 3, 1, 1, 2, 1, 2, 4, 4, 2, 3, 3, 1, 0, 2, 1, 0, -13 ], [ 1, 1, 3, 3, 2, 3, 2, 0, 0, 2, 1, 1, 3, 4, 2, 3, 4, -19 ] ], 
              [ [ 1, 3, 1, 2, 3, 1, 2, 4, 3, 1, 2, 3, 0, 1, 2, 0, 0, -13 ], [ 1, 1, 3, 2, 1, 3, 2, 0, 1, 3, 2, 1, 4, 3, 2, 4, 4, -19 ] ], 
              [ [ 1, 2, 1, 1, 3, 0, 2, 3, 2, 3, 2, 3, 2, 1, 2, 3, 0, -14 ], [ 1, 2, 3, 3, 1, 4, 2, 1, 2, 1, 2, 1, 2, 3, 2, 1, 4, -18 ] ], 
              [ [ 1, 1, 0, 2, 2, 1, 0, 4, 3, 2, 1, 4, 2, 2, 2, 2, 0, -12 ], [ 1, 3, 4, 2, 2, 3, 4, 0, 1, 2, 3, 0, 2, 2, 2, 2, 4, -20 ] ], 
              [ [ 1, 2, 1, 1, 2, 0, 2, 3, 2, 3, 2, 4, 1, 1, 2, 1, 1, -13 ], [ 1, 2, 3, 3, 2, 4, 2, 1, 2, 1, 2, 0, 3, 3, 2, 3, 3, -19 ] ], 
              [ [ 1, 3, 1, 2, 2, 1, 3, 2, 3, 3, 2, 2, 2, 1, 4, 1, 0, -14 ], [ 1, 1, 3, 2, 2, 3, 1, 2, 1, 1, 2, 2, 2, 3, 0, 3, 4, -18 ] ], 
              [ [ 1, 3, 1, 2, 3, 0, 2, 3, 3, 2, 2, 4, 2, 2, 2, 1, 1, -16 ], [ 1, 1, 3, 2, 1, 4, 2, 1, 1, 2, 2, 0, 2, 2, 2, 3, 3, -16 ] ], 
              [ [ 1, 1, 1, 3, 3, 1, 1, 3, 3, 3, 3, 2, 3, 3, 3, 1, 1, -16 ], [ 1, 3, 3, 1, 1, 3, 3, 1, 1, 1, 1, 2, 1, 1, 1, 3, 3, -16 ] ], 
              [ [ 1, 1, 1, 3, 4, 1, 1, 4, 3, 2, 3, 2, 2, 2, 2, 2, 1, -16 ], [ 1, 3, 3, 1, 0, 3, 3, 0, 1, 2, 1, 2, 2, 2, 2, 2, 3, -16 ] ], 
              [ [ 1, 2, 2, 2, 4, 1, 3, 3, 2, 3, 2, 3, 0, 1, 2, 2, 1, -16 ], [ 1, 2, 2, 2, 0, 3, 1, 1, 2, 1, 2, 1, 4, 3, 2, 2, 3, -16 ] ], 
              [ [ 1, 3, 2, 2, 2, 1, 2, 2, 3, 2, 1, 4, 1, 2, 3, 1, 0, -15 ], [ 1, 1, 2, 2, 2, 3, 2, 2, 1, 2, 3, 0, 3, 2, 1, 3, 4, -17 ] ], 
              [ [ 1, 3, 2, 2, 3, 1, 2, 3, 3, 1, 1, 4, 0, 1, 2, 2, 0, -15 ], [ 1, 1, 2, 2, 1, 3, 2, 1, 1, 3, 3, 0, 4, 3, 2, 2, 4, -17 ] ], 
              [ [ 1, 1, 2, 3, 3, 2, 1, 3, 3, 2, 2, 2, 1, 2, 3, 2, 0, -15 ], [ 1, 3, 2, 1, 1, 2, 3, 1, 1, 2, 2, 2, 3, 2, 1, 2, 4, -17 ] ], 
              [ [ 1, 3, 3, 3, 4, 1, 3, 2, 3, 2, 3, 2, 1, 2, 3, 1, 1, -19 ], [ 1, 1, 1, 1, 0, 3, 1, 2, 1, 2, 1, 2, 3, 2, 1, 3, 3, -13 ] ], 
              [ [ 1, 2, 2, 0, 2, 0, 2, 4, 1, 1, 2, 3, 0, 1, 2, 0, 0, -11 ], [ 1, 2, 2, 4, 2, 4, 2, 0, 3, 3, 2, 1, 4, 3, 2, 4, 4, -21 ] ], 
              [ [ 1, 1, 1, 1, 3, 1, 1, 6, 3, 1, 3, 3, 1, 1, 1, 1, 1, -13 ], [ 1, 3, 3, 3, 1, 3, 3, -2, 1, 3, 1, 1, 3, 3, 3, 3, 3, -19 ] ], 
              [ [ 1, 3, 2, 0, 2, 0, 2, 4, 3, 1, 3, 3, 2, 1, 2, 1, 0, -14 ], [ 1, 1, 2, 4, 2, 4, 2, 0, 1, 3, 1, 1, 2, 3, 2, 3, 4, -18 ] ], 
              [ [ 1, 1, 1, 1, 2, 1, 2, 4, 3, 3, 3, 2, 3, 1, 3, 2, 1, -14 ], [ 1, 3, 3, 3, 2, 3, 2, 0, 1, 1, 1, 2, 1, 3, 1, 2, 3, -18 ] ], 
              [ [ 1, 1, 1, 2, 3, 1, 2, 4, 2, 2, 2, 2, 2, 2, 3, 1, 1, -14 ], [ 1, 3, 3, 2, 1, 3, 2, 0, 2, 2, 2, 2, 2, 2, 1, 3, 3, -18 ] ], 
              [ [ 1, 3, 3, 1, 3, 1, 3, 4, 3, 1, 3, 3, 0, 1, 2, 0, 1, -16 ], [ 1, 1, 1, 3, 1, 3, 1, 0, 1, 3, 1, 1, 4, 3, 2, 4, 3, -16 ] ], 
              [ [ 1, 2, 3, 1, 4, 0, 3, 3, 1, 2, 2, 3, 1, 2, 2, 2, 1, -17 ], [ 1, 2, 1, 3, 0, 4, 1, 1, 3, 2, 2, 1, 3, 2, 2, 2, 3, -15 ] ], 
              [ [ 1, 3, 3, 1, 3, 1, 4, 3, 3, 2, 3, 2, 1, 0, 3, 2, 1, -17 ], [ 1, 1, 1, 3, 1, 3, 0, 1, 1, 2, 1, 2, 3, 4, 1, 2, 3, -15 ] ], 
              [ [ 1, 2, 2, 2, 2, 2, 2, 4, 4, 1, 2, 3, 1, 1, 3, 1, 1, -15 ], [ 1, 2, 2, 2, 2, 2, 2, 0, 0, 3, 2, 1, 3, 3, 1, 3, 3, -17 ] ], 
              [ [ 1, 1, 3, 2, 4, 1, 2, 4, 3, 2, 4, 2, 2, 2, 2, 2, 2, -19 ], [ 1, 3, 1, 2, 0, 3, 2, 0, 1, 2, 0, 2, 2, 2, 2, 2, 2, -13 ] ], 
              [ [ 1, 3, 3, 2, 2, 2, 1, 2, 1, 1, 0, 2, 0, 3, 1, 2, 1, -15 ], [ 1, 1, 1, 2, 2, 2, 3, 2, 3, 3, 4, 2, 4, 1, 3, 2, 3, -17 ] ], 
              [ [ 1, 2, 3, 2, 4, 1, 2, 2, 0, 3, 1, 2, 1, 3, 0, 4, 3, -19 ], [ 1, 2, 1, 2, 0, 3, 2, 2, 4, 1, 3, 2, 3, 1, 4, 0, 1, -13 ] ], 
              [ [ 1, 3, 3, 2, 2, 2, 2, 1, 1, 2, 0, 1, 1, 2, 2, 4, 1, -16 ], [ 1, 1, 1, 2, 2, 2, 2, 3, 3, 2, 4, 3, 3, 2, 2, 0, 3, -16 ] ], 
              [ [ 1, 1, 3, 3, 3, 2, 0, 2, 1, 2, 1, 1, 2, 4, 1, 4, 2, -18 ], [ 1, 3, 1, 1, 1, 2, 4, 2, 3, 2, 3, 3, 2, 0, 3, 0, 2, -14 ] ], 
              [ [ 1, 2, 1, 2, 2, 1, 0, 3, 2, 2, 1, 3, 2, 2, 1, 3, 1, -14 ], [ 1, 2, 3, 2, 2, 3, 4, 1, 2, 2, 3, 1, 2, 2, 3, 1, 3, -18 ] ], 
              [ [ 1, 2, 2, 2, 1, 2, 0, 2, 2, 2, 0, 3, 1, 2, 2, 3, 0, -13 ], [ 1, 2, 2, 2, 3, 2, 4, 2, 2, 2, 4, 1, 3, 2, 2, 1, 4, -19 ] ], 
              [ [ 1, 2, 2, 3, 3, 2, 1, 2, 2, 3, 1, 2, 2, 3, 2, 3, 1, -17 ], [ 1, 2, 2, 1, 1, 2, 3, 2, 2, 1, 3, 2, 2, 1, 2, 1, 3, -15 ] ], 
              [ [ 1, 2, 2, 3, 4, 2, 1, 3, 2, 2, 1, 2, 1, 2, 1, 4, 1, -17 ], [ 1, 2, 2, 1, 0, 2, 3, 1, 2, 2, 3, 2, 3, 2, 3, 0, 3, -15 ] ], 
              [ [ 1, 2, 2, 3, 3, 2, 1, 3, 2, 2, 1, 3, 0, 2, 1, 2, 2, -16 ], [ 1, 2, 2, 1, 1, 2, 3, 1, 2, 2, 3, 1, 4, 2, 3, 2, 2, -16 ] ], 
              [ [ 1, 3, 2, 3, 2, 2, 0, 2, 3, 1, 0, 3, 2, 3, 2, 3, 0, -16 ], [ 1, 1, 2, 1, 2, 2, 4, 2, 1, 3, 4, 1, 2, 1, 2, 1, 4, -16 ] ], 
              [ [ 1, 4, 3, 2, 2, 1, 2, 1, 2, 2, 1, 3, 1, 2, 2, 2, 1, -17 ], [ 1, 0, 1, 2, 2, 3, 2, 3, 2, 2, 3, 1, 3, 2, 2, 2, 3, -15 ] ], 
              [ [ 1, 3, 2, 3, 3, 2, 1, 3, 4, 2, 2, 3, 2, 2, 1, 3, 2, -19 ], [ 1, 1, 2, 1, 1, 2, 3, 1, 0, 2, 2, 1, 2, 2, 3, 1, 2, -13 ] ], 
              [ [ 1, 2, 3, 3, 3, 2, 1, 2, 2, 2, 2, 1, 1, 2, 2, 3, 1, -17 ], [ 1, 2, 1, 1, 1, 2, 3, 2, 2, 2, 2, 3, 3, 2, 2, 1, 3, -15 ] ], 
              [ [ 1, 2, 3, 1, 2, 2, 1, 4, 2, 1, 2, 2, 0, 1, 1, 2, 1, -14 ], [ 1, 2, 1, 3, 2, 2, 3, 0, 2, 3, 2, 2, 4, 3, 3, 2, 3, -18 ] ], 
              [ [ 1, 3, 3, 2, 3, 2, 1, 4, 3, 0, 2, 2, 1, 2, 1, 2, 1, -17 ], [ 1, 1, 1, 2, 1, 2, 3, 0, 1, 4, 2, 2, 3, 2, 3, 2, 3, -15 ] ], 
              [ [ 1, 1, 3, 1, 3, 1, 1, 3, 0, 2, 1, 2, 1, 2, 1, 4, 1, -15 ], [ 1, 3, 1, 3, 1, 3, 3, 1, 4, 2, 3, 2, 3, 2, 3, 0, 3, -17 ] ], 
              [ [ 1, 2, 3, 1, 2, 1, 1, 3, 2, 2, 2, 3, 2, 2, 1, 3, 2, -17 ], [ 1, 2, 1, 3, 2, 3, 3, 1, 2, 2, 2, 1, 2, 2, 3, 1, 2, -15 ] ], 
              [ [ 1, 2, 3, 2, 2, 2, 2, 2, 1, 2, 1, 1, 1, 2, 3, 2, 1, -15 ], [ 1, 2, 1, 2, 2, 2, 2, 2, 3, 2, 3, 3, 3, 2, 1, 2, 3, -17 ] ], 
              [ [ 1, 1, 2, 3, 3, 3, 1, 4, 3, 2, 2, 1, 2, 2, 2, 3, 2, -17 ], [ 1, 3, 2, 1, 1, 1, 3, 0, 1, 2, 2, 3, 2, 2, 2, 1, 2, -15 ] ], 
              [ [ 1, 3, 3, 2, 2, 2, 2, 2, 3, 2, 2, 1, 3, 2, 3, 3, 1, -18 ], [ 1, 1, 1, 2, 2, 2, 2, 2, 1, 2, 2, 3, 1, 2, 1, 1, 3, -14 ] ], 
              [ [ 1, 2, 3, 2, 3, 1, 1, 3, 1, 1, 1, 3, 1, 3, 1, 2, 2, -17 ], [ 1, 2, 1, 2, 1, 3, 3, 1, 3, 3, 3, 1, 3, 1, 3, 2, 2, -15 ] ], 
              [ [ 1, 3, 3, 2, 2, 2, 2, 3, 3, 1, 2, 2, 1, 1, 2, 2, 2, -17 ], [ 1, 1, 1, 2, 2, 2, 2, 1, 1, 3, 2, 2, 3, 3, 2, 2, 2, -15 ] ], 
              [ [ 1, 2, 4, 2, 4, 2, 2, 3, 2, 2, 2, 2, 1, 2, 1, 4, 2, -20 ], [ 1, 2, 0, 2, 0, 2, 2, 1, 2, 2, 2, 2, 3, 2, 3, 0, 2, -12 ] ], 
              [ [ 1, 2, 2, 2, 2, 2, 0, 4, 4, 1, 2, 3, 2, 1, 2, 3, 0, -15 ], [ 1, 2, 2, 2, 2, 2, 4, 0, 0, 3, 2, 1, 2, 3, 2, 1, 4, -17 ] ], 
              [ [ 1, 3, 3, 0, 3, 1, 3, 3, 2, 2, 1, 3, 0, 2, 1, 1, 1, -15 ], [ 1, 1, 1, 4, 1, 3, 1, 1, 2, 2, 3, 1, 4, 2, 3, 3, 3, -17 ] ], 
              [ [ 1, 3, 3, 1, 3, 2, 1, 3, 2, 1, 0, 2, 1, 3, 0, 3, 1, -16 ], [ 1, 1, 1, 3, 1, 2, 3, 1, 2, 3, 4, 2, 3, 1, 4, 1, 3, -16 ] ], 
              [ [ 1, 2, 3, 1, 3, 2, 1, 4, 2, 1, 1, 2, 1, 3, 1, 1, 1, -15 ], [ 1, 2, 1, 3, 1, 2, 3, 0, 2, 3, 3, 2, 3, 1, 3, 3, 3, -17 ] ], 
              [ [ 1, 2, 3, 1, 3, 2, 2, 3, 2, 2, 1, 1, 2, 2, 2, 3, 1, -16 ], [ 1, 2, 1, 3, 1, 2, 2, 1, 2, 2, 3, 3, 2, 2, 2, 1, 3, -16 ] ], 
              [ [ 1, 2, 4, 1, 3, 2, 1, 3, 2, 1, 0, 3, 1, 3, 1, 3, 1, -17 ], [ 1, 2, 0, 3, 1, 2, 3, 1, 2, 3, 4, 1, 3, 1, 3, 1, 3, -15 ] ], 
              [ [ 1, 1, 0, 2, 1, 1, 2, 2, 1, 3, 2, 3, 1, 1, 2, 2, 2, -12 ], [ 1, 3, 4, 2, 3, 3, 2, 2, 3, 1, 2, 1, 3, 3, 2, 2, 2, -20 ] ], 
              [ [ 1, 1, 0, 3, 3, 1, 3, 2, 1, 4, 3, 2, 2, 2, 2, 2, 3, -16 ], [ 1, 3, 4, 1, 1, 3, 1, 2, 3, 0, 1, 2, 2, 2, 2, 2, 1, -16 ] ], 
              [ [ 1, 2, 0, 3, 1, 2, 3, 1, 2, 3, 2, 1, 2, 1, 4, 2, 1, -13 ], [ 1, 2, 4, 1, 3, 2, 1, 3, 2, 1, 2, 3, 2, 3, 0, 2, 3, -19 ] ], 
              [ [ 1, 2, 0, 3, 2, 1, 2, 2, 2, 2, 2, 3, 2, 2, 2, 2, 2, -15 ], [ 1, 2, 4, 1, 2, 3, 2, 2, 2, 2, 2, 1, 2, 2, 2, 2, 2, -17 ] ], 
              [ [ 1, 3, 1, 2, 2, 0, 4, 1, 1, 3, 3, 3, 1, 1, 2, 1, 3, -16 ], [ 1, 1, 3, 2, 2, 4, 0, 3, 3, 1, 1, 1, 3, 3, 2, 3, 1, -16 ] ], 
              [ [ 1, 1, 1, 3, 3, 1, 3, 1, 1, 4, 4, 0, 3, 2, 3, 3, 2, -17 ], [ 1, 3, 3, 1, 1, 3, 1, 3, 3, 0, 0, 4, 1, 2, 1, 1, 2, -15 ] ], 
              [ [ 1, 0, 0, 4, 2, 2, 1, 2, 2, 3, 3, 1, 3, 3, 3, 2, 2, -15 ], [ 1, 4, 4, 0, 2, 2, 3, 2, 2, 1, 1, 3, 1, 1, 1, 2, 2, -17 ] ], 
              [ [ 1, 1, 1, 3, 2, 1, 3, 1, 1, 4, 4, 1, 2, 2, 3, 1, 3, -16 ], [ 1, 3, 3, 1, 2, 3, 1, 3, 3, 0, 0, 3, 2, 2, 1, 3, 1, -16 ] ], 
              [ [ 1, 1, 1, 3, 3, 1, 3, 2, 1, 3, 4, 1, 1, 1, 2, 2, 3, -16 ], [ 1, 3, 3, 1, 1, 3, 1, 2, 3, 1, 0, 3, 3, 3, 2, 2, 1, -16 ] ], 
              [ [ 1, 2, 1, 3, 1, 1, 2, 1, 2, 2, 3, 2, 2, 2, 3, 1, 2, -15 ], [ 1, 2, 3, 1, 3, 3, 2, 3, 2, 2, 1, 2, 2, 2, 1, 3, 2, -17 ] ], 
              [ [ 1, 2, 1, 4, 3, 1, 3, 1, 2, 3, 4, 1, 3, 3, 3, 1, 3, -19 ], [ 1, 2, 3, 0, 1, 3, 1, 3, 2, 1, 0, 3, 1, 1, 1, 3, 1, -13 ] ], 
              [ [ 1, 2, 2, 4, 3, 2, 3, 1, 2, 2, 3, 1, 1, 2, 3, 2, 2, -18 ], [ 1, 2, 2, 0, 1, 2, 1, 3, 2, 2, 1, 3, 3, 2, 1, 2, 2, -14 ] ], 
              [ [ 1, 1, 1, 2, 2, 1, 4, 2, 0, 3, 3, 1, 1, 1, 3, 1, 3, -14 ], [ 1, 3, 3, 2, 2, 3, 0, 2, 4, 1, 1, 3, 3, 3, 1, 3, 1, -18 ] ], 
              [ [ 1, 2, 1, 2, 2, 1, 4, 2, 2, 3, 4, 1, 3, 1, 3, 2, 3, -17 ], [ 1, 2, 3, 2, 2, 3, 0, 2, 2, 1, 0, 3, 1, 3, 1, 2, 1, -15 ] ], 
              [ [ 1, 1, -2, 3, 1, 1, 1, 3, 3, 3, 3, 3, 3, 1, 3, 1, 1, -11 ], [ 1, 3, 6, 1, 3, 3, 3, 1, 1, 1, 1, 1, 1, 3, 1, 3, 3, -21 ] ], 
              [ [ 1, 2, 0, 2, 2, 0, 2, 2, 2, 3, 3, 4, 2, 1, 2, 2, 1, -14 ], [ 1, 2, 4, 2, 2, 4, 2, 2, 2, 1, 1, 0, 2, 3, 2, 2, 3, -18 ] ], 
              [ [ 1, 3, 0, 3, 1, 1, 3, 1, 3, 3, 3, 3, 2, 1, 4, 0, 1, -14 ], [ 1, 1, 4, 1, 3, 3, 1, 3, 1, 1, 1, 1, 2, 3, 0, 4, 3, -18 ] ], 
              [ [ 1, 3, 0, 3, 2, 1, 3, 2, 3, 2, 3, 3, 1, 0, 3, 1, 1, -14 ], [ 1, 1, 4, 1, 2, 3, 1, 2, 1, 2, 1, 1, 3, 4, 1, 3, 3, -18 ] ], 
              [ [ 1, 1, 0, 4, 2, 2, 2, 2, 3, 3, 4, 1, 2, 1, 4, 1, 1, -14 ], [ 1, 3, 4, 0, 2, 2, 2, 2, 1, 1, 0, 3, 2, 3, 0, 3, 3, -18 ] ], 
              [ [ 1, 1, 0, 4, 3, 1, 1, 3, 3, 2, 4, 3, 2, 2, 2, 1, 2, -16 ], [ 1, 3, 4, 0, 1, 3, 3, 1, 1, 2, 0, 1, 2, 2, 2, 3, 2, -16 ] ], 
              [ [ 1, 1, 0, 4, 2, 1, 2, 1, 3, 4, 4, 2, 4, 2, 4, 2, 2, -17 ], [ 1, 3, 4, 0, 2, 3, 2, 3, 1, 0, 0, 2, 0, 2, 0, 2, 2, -15 ] ], 
              [ [ 1, 0, 0, 2, 2, 1, 2, 3, 1, 3, 3, 2, 2, 1, 3, 2, 1, -12 ], [ 1, 4, 4, 2, 2, 3, 2, 1, 3, 1, 1, 2, 2, 3, 1, 2, 3, -20 ] ], 
              [ [ 1, 1, 0, 2, 1, 1, 2, 3, 3, 3, 4, 3, 3, 1, 3, 1, 2, -14 ], [ 1, 3, 4, 2, 3, 3, 2, 1, 1, 1, 0, 1, 1, 3, 1, 3, 2, -18 ] ], 
              [ [ 1, 2, 1, 1, 1, 0, 3, 2, 1, 2, 3, 3, 1, 0, 3, 1, 1, -12 ], [ 1, 2, 3, 3, 3, 4, 1, 2, 3, 2, 1, 1, 3, 4, 1, 3, 3, -20 ] ], 
              [ [ 1, 1, 0, 2, 2, 1, 2, 4, 3, 2, 4, 3, 2, 0, 2, 2, 2, -14 ], [ 1, 3, 4, 2, 2, 3, 2, 0, 1, 2, 0, 1, 2, 4, 2, 2, 2, -18 ] ], 
              [ [ 1, 2, 1, 2, 3, 0, 4, 2, 1, 3, 4, 2, 2, 1, 3, 1, 2, -16 ], [ 1, 2, 3, 2, 1, 4, 0, 2, 3, 1, 0, 2, 2, 3, 1, 3, 2, -16 ] ], 
              [ [ 1, 1, 0, 3, 2, 1, 2, 3, 2, 2, 3, 3, 2, 2, 3, 0, 2, -14 ], [ 1, 3, 4, 1, 2, 3, 2, 1, 2, 2, 1, 1, 2, 2, 1, 4, 2, -18 ] ], 
              [ [ 1, 2, 0, 3, 1, 2, 3, 3, 4, 2, 4, 2, 2, 0, 4, 0, 2, -14 ], [ 1, 2, 4, 1, 3, 2, 1, 1, 0, 2, 0, 2, 2, 4, 0, 4, 2, -18 ] ], 
              [ [ 1, 1, 1, 3, 2, 1, 2, 2, 2, 2, 4, 1, 3, 2, 4, 1, 1, -15 ], [ 1, 3, 3, 1, 2, 3, 2, 2, 2, 2, 0, 3, 1, 2, 0, 3, 3, -17 ] ], 
              [ [ 1, 1, 1, 3, 3, 1, 3, 3, 3, 3, 6, 1, 3, 1, 3, 1, 3, -18 ], [ 1, 3, 3, 1, 1, 3, 1, 1, 1, 1, -2, 3, 1, 3, 1, 3, 1, -14 ] ], 
              [ [ 1, 1, 0, 3, 2, 1, 3, 2, 2, 3, 3, 2, 3, 1, 4, 2, 2, -15 ], [ 1, 3, 4, 1, 2, 3, 1, 2, 2, 1, 1, 2, 1, 3, 0, 2, 2, -17 ] ], 
              [ [ 1, 3, 2, 2, 2, 1, 4, 2, 3, 2, 4, 3, 1, 0, 3, 1, 2, -17 ], [ 1, 1, 2, 2, 2, 3, 0, 2, 1, 2, 0, 1, 3, 4, 1, 3, 2, -15 ] ], 
              [ [ 1, 1, 1, 4, 2, 2, 1, 1, 1, 3, 3, 0, 3, 3, 2, 3, 3, -17 ], [ 1, 3, 3, 0, 2, 2, 3, 3, 3, 1, 1, 4, 1, 1, 2, 1, 1, -15 ] ], 
              [ [ 1, 3, 2, 3, 1, 2, 2, 0, 1, 2, 1, 2, 1, 2, 2, 3, 2, -16 ], [ 1, 1, 2, 1, 3, 2, 2, 4, 3, 2, 3, 2, 3, 2, 2, 1, 2, -16 ] ], 
              [ [ 1, 2, 0, 3, 0, 2, 1, 1, 2, 3, 2, 2, 2, 1, 3, 2, 1, -12 ], [ 1, 2, 4, 1, 4, 2, 3, 3, 2, 1, 2, 2, 2, 3, 1, 2, 3, -20 ] ], 
              [ [ 1, 2, 0, 3, 1, 1, 0, 2, 2, 2, 2, 4, 2, 2, 1, 2, 2, -14 ], [ 1, 2, 4, 1, 3, 3, 4, 2, 2, 2, 2, 0, 2, 2, 3, 2, 2, -18 ] ], 
              [ [ 1, 3, 0, 4, 1, 2, 1, 1, 3, 2, 2, 2, 3, 2, 3, 2, 1, -15 ], [ 1, 1, 4, 0, 3, 2, 3, 3, 1, 2, 2, 2, 1, 2, 1, 2, 3, -17 ] ], 
              [ [ 1, 2, 1, 4, 3, 2, 1, 2, 2, 2, 2, 3, 1, 2, 1, 3, 2, -17 ], [ 1, 2, 3, 0, 1, 2, 3, 2, 2, 2, 2, 1, 3, 2, 3, 1, 2, -15 ] ], 
              [ [ 1, 2, 2, 4, 2, 2, 1, 1, 2, 2, 3, 2, 1, 2, 2, 2, 2, -17 ], [ 1, 2, 2, 0, 2, 2, 3, 3, 2, 2, 1, 2, 3, 2, 2, 2, 2, -15 ] ], 
              [ [ 1, 2, 1, 4, 2, 2, 2, 0, 2, 4, 2, 2, 3, 2, 3, 4, 2, -18 ], [ 1, 2, 3, 0, 2, 2, 2, 4, 2, 0, 2, 2, 1, 2, 1, 0, 2, -14 ] ], 
              [ [ 1, 2, 1, 4, 2, 2, 2, 1, 2, 3, 2, 3, 1, 1, 2, 3, 3, -17 ], [ 1, 2, 3, 0, 2, 2, 2, 3, 2, 1, 2, 1, 3, 3, 2, 1, 1, -15 ] ], 
              [ [ 1, 1, 1, 6, 3, 3, 1, 1, 3, 3, 3, 1, 3, 3, 3, 3, 3, -20 ], [ 1, 3, 3, -2, 1, 1, 3, 3, 1, 1, 1, 3, 1, 1, 1, 1, 1, -12 ] ], 
              [ [ 1, 1, 1, 2, 2, 1, 2, 2, 0, 3, 3, 1, 2, 1, 2, 3, 2, -14 ], [ 1, 3, 3, 2, 2, 3, 2, 2, 4, 1, 1, 3, 2, 3, 2, 1, 2, -18 ] ], 
              [ [ 1, 0, 0, 3, 1, 2, 0, 3, 1, 2, 2, 2, 2, 2, 2, 2, 2, -12 ], [ 1, 4, 4, 1, 3, 2, 4, 1, 3, 2, 2, 2, 2, 2, 2, 2, 2, -20 ] ], 
              [ [ 1, 2, 1, 2, 0, 1, 1, 1, 1, 2, 2, 2, 3, 2, 3, 2, 1, -13 ], [ 1, 2, 3, 2, 4, 3, 3, 3, 3, 2, 2, 2, 1, 2, 1, 2, 3, -19 ] ], 
              [ [ 1, 1, 0, 3, 1, 2, 0, 3, 3, 2, 3, 2, 4, 2, 2, 3, 2, -15 ], [ 1, 3, 4, 1, 3, 2, 4, 1, 1, 2, 1, 2, 0, 2, 2, 1, 2, -17 ] ], 
              [ [ 1, 2, 1, 2, 1, 1, 2, 2, 2, 3, 4, 2, 3, 1, 2, 2, 3, -16 ], [ 1, 2, 3, 2, 3, 3, 2, 2, 2, 1, 0, 2, 1, 3, 2, 2, 1, -16 ] ], 
              [ [ 1, 2, 1, 3, 2, 1, 2, 2, 1, 2, 3, 2, 2, 2, 2, 1, 3, -16 ], [ 1, 2, 3, 1, 2, 3, 2, 2, 3, 2, 1, 2, 2, 2, 2, 3, 1, -16 ] ], 
              [ [ 1, 1, 2, 2, 2, 1, 1, 2, 0, 2, 2, 3, 1, 2, 1, 3, 2, -15 ], [ 1, 3, 2, 2, 2, 3, 3, 2, 4, 2, 2, 1, 3, 2, 3, 1, 2, -17 ] ], 
              [ [ 1, 2, 2, 2, 1, 2, 2, 2, 2, 2, 3, 2, 1, 0, 2, 3, 2, -15 ], [ 1, 2, 2, 2, 3, 2, 2, 2, 2, 2, 1, 2, 3, 4, 2, 1, 2, -17 ] ], 
              [ [ 1, 2, 2, 3, 2, 2, 2, 1, 1, 2, 2, 1, 2, 2, 3, 3, 1, -16 ], [ 1, 2, 2, 1, 2, 2, 2, 3, 3, 2, 2, 3, 2, 2, 1, 1, 3, -16 ] ], 
              [ [ 1, 2, 2, 3, 3, 2, 3, 2, 2, 3, 4, 1, 2, 1, 2, 3, 3, -19 ], [ 1, 2, 2, 1, 1, 2, 1, 2, 2, 1, 0, 3, 2, 3, 2, 1, 1, -13 ] ], 
              [ [ 1, 2, 2, 3, 1, 2, 2, 1, 1, 2, 2, 2, 1, 2, 3, 1, 2, -15 ], [ 1, 2, 2, 1, 3, 2, 2, 3, 3, 2, 2, 2, 3, 2, 1, 3, 2, -17 ] ], 
              [ [ 1, 1, 1, 4, 2, 3, 1, 3, 3, 2, 3, 2, 2, 2, 2, 2, 3, -17 ], [ 1, 3, 3, 0, 2, 1, 3, 1, 1, 2, 1, 2, 2, 2, 2, 2, 1, -15 ] ], 
              [ [ 1, 3, 2, 3, 1, 2, 2, 1, 3, 2, 3, 2, 3, 2, 3, 2, 2, -18 ], [ 1, 1, 2, 1, 3, 2, 2, 3, 1, 2, 1, 2, 1, 2, 1, 2, 2, -14 ] ], 
              [ [ 1, 2, 2, 3, 2, 2, 2, 2, 1, 1, 2, 2, 0, 1, 2, 2, 2, -15 ], [ 1, 2, 2, 1, 2, 2, 2, 2, 3, 3, 2, 2, 4, 3, 2, 2, 2, -17 ] ], 
              [ [ 1, 3, 2, 3, 2, 2, 2, 2, 3, 1, 3, 2, 2, 1, 2, 3, 2, -18 ], [ 1, 1, 2, 1, 2, 2, 2, 2, 1, 3, 1, 2, 2, 3, 2, 1, 2, -14 ] ], 
              [ [ 1, 3, 2, 3, 1, 2, 2, 2, 3, 1, 3, 3, 1, 1, 2, 1, 3, -17 ], [ 1, 1, 2, 1, 3, 2, 2, 2, 1, 3, 1, 1, 3, 3, 2, 3, 1, -15 ] ], 
              [ [ 1, 1, 2, 4, 2, 3, 1, 2, 3, 2, 4, 0, 3, 2, 3, 3, 2, -18 ], [ 1, 3, 2, 0, 2, 1, 3, 2, 1, 2, 0, 4, 1, 2, 1, 1, 2, -14 ] ], 
              [ [ 1, 0, 1, 4, 3, 2, 1, 2, 1, 3, 2, 2, 3, 3, 2, 4, 3, -18 ], [ 1, 4, 3, 0, 1, 2, 3, 2, 3, 1, 2, 2, 1, 1, 2, 0, 1, -14 ] ], 
              [ [ 1, 1, 2, 3, 3, 1, 3, 1, 0, 4, 3, 2, 2, 2, 2, 3, 4, -19 ], [ 1, 3, 2, 1, 1, 3, 1, 3, 4, 0, 1, 2, 2, 2, 2, 1, 0, -13 ] ], 
              [ [ 1, 2, 2, 3, 1, 2, 3, 0, 1, 3, 2, 1, 2, 1, 4, 3, 2, -16 ], [ 1, 2, 2, 1, 3, 2, 1, 4, 3, 1, 2, 3, 2, 3, 0, 1, 2, -16 ] ], 
              [ [ 1, 1, 1, 4, 2, 3, 2, 2, 3, 3, 3, 1, 3, 1, 3, 4, 3, -18 ], [ 1, 3, 3, 0, 2, 1, 2, 2, 1, 1, 1, 3, 1, 3, 1, 0, 1, -14 ] ], 
              [ [ 1, 2, 2, 3, 2, 1, 2, 1, 1, 2, 2, 3, 2, 2, 2, 3, 3, -18 ], [ 1, 2, 2, 1, 2, 3, 2, 3, 3, 2, 2, 1, 2, 2, 2, 1, 1, -14 ] ], 
              [ [ 1, 0, 2, 4, 2, 2, 1, 1, 1, 3, 3, 1, 3, 3, 3, 3, 3, -18 ], [ 1, 4, 2, 0, 2, 2, 3, 3, 3, 1, 1, 3, 1, 1, 1, 1, 1, -14 ] ], 
              [ [ 1, 1, 0, 3, 2, 1, 0, 3, 2, 2, 3, 3, 3, 2, 2, 2, 1, -14 ], [ 1, 3, 4, 1, 2, 3, 4, 1, 2, 2, 1, 1, 1, 2, 2, 2, 3, -18 ] ], 
              [ [ 1, 2, 0, 3, 1, 2, 1, 3, 4, 2, 4, 2, 3, 0, 3, 2, 1, -14 ], [ 1, 2, 4, 1, 3, 2, 3, 1, 0, 2, 0, 2, 1, 4, 1, 2, 3, -18 ] ], 
              [ [ 1, 1, 0, 3, 1, 1, 1, 2, 2, 3, 3, 3, 3, 1, 3, 2, 2, -14 ], [ 1, 3, 4, 1, 3, 3, 3, 2, 2, 1, 1, 1, 1, 3, 1, 2, 2, -18 ] ], 
              [ [ 1, 2, 1, 3, 1, 2, 0, 3, 4, 1, 3, 4, 2, 1, 2, 2, 1, -15 ], [ 1, 2, 3, 1, 3, 2, 4, 1, 0, 3, 1, 0, 2, 3, 2, 2, 3, -17 ] ], 
              [ [ 1, 1, 1, 4, 3, 2, 2, 2, 2, 3, 3, 2, 2, 1, 3, 3, 2, -17 ], [ 1, 3, 3, 0, 1, 2, 2, 2, 2, 1, 1, 2, 2, 3, 1, 1, 2, -15 ] ], 
              [ [ 1, 2, 1, 4, 1, 2, 1, 1, 3, 2, 2, 3, 3, 2, 4, 2, 1, -16 ], [ 1, 2, 3, 0, 3, 2, 3, 3, 1, 2, 2, 1, 1, 2, 0, 2, 3, -16 ] ], 
              [ [ 1, 2, 1, 4, 2, 2, 2, 2, 4, 3, 4, 3, 3, 1, 3, 2, 3, -19 ], [ 1, 2, 3, 0, 2, 2, 2, 2, 0, 1, 0, 1, 1, 3, 1, 2, 1, -13 ] ], 
              [ [ 1, 2, 2, 3, 2, 2, 2, 3, 3, 1, 4, 2, 2, 1, 3, 1, 2, -17 ], [ 1, 2, 2, 1, 2, 2, 2, 1, 1, 3, 0, 2, 2, 3, 1, 3, 2, -15 ] ], 
              [ [ 1, 3, 1, 1, 1, 1, 3, 1, 1, 2, 1, 2, 1, 2, 3, 0, 0, -11 ], [ 1, 1, 3, 3, 3, 3, 1, 3, 3, 2, 3, 2, 3, 2, 1, 4, 4, -21 ] ], 
              [ [ 1, 2, 0, 2, 2, 2, 2, 3, 3, 2, 2, 2, 2, 2, 2, 1, 1, -13 ], [ 1, 2, 4, 2, 2, 2, 2, 1, 1, 2, 2, 2, 2, 2, 2, 3, 3, -19 ] ], 
              [ [ 1, 3, 1, 1, 2, 1, 4, 2, 2, 3, 3, 2, 1, 1, 2, 0, 2, -14 ], [ 1, 1, 3, 3, 2, 3, 0, 2, 2, 1, 1, 2, 3, 3, 2, 4, 2, -18 ] ], 
              [ [ 1, 4, 1, 1, 1, 1, 3, 2, 3, 1, 2, 3, 1, 1, 2, 0, 1, -13 ], [ 1, 0, 3, 3, 3, 3, 1, 2, 1, 3, 2, 1, 3, 3, 2, 4, 3, -19 ] ], 
              [ [ 1, 2, 1, 2, 1, 2, 2, 2, 3, 2, 3, 1, 2, 2, 3, 0, 1, -13 ], [ 1, 2, 3, 2, 3, 2, 2, 2, 1, 2, 1, 3, 2, 2, 1, 4, 3, -19 ] ], 
              [ [ 1, 2, 1, 1, 3, 0, 4, 1, 0, 4, 2, 2, 2, 2, 2, 2, 2, -15 ], [ 1, 2, 3, 3, 1, 4, 0, 3, 4, 0, 2, 2, 2, 2, 2, 2, 2, -17 ] ], 
              [ [ 1, 1, 0, 2, 2, 1, 2, 2, 1, 3, 1, 3, 2, 3, 2, 1, 2, -13 ], [ 1, 3, 4, 2, 2, 3, 2, 2, 3, 1, 3, 1, 2, 1, 2, 3, 2, -19 ] ], 
              [ [ 1, 2, 0, 2, 1, 2, 3, 2, 3, 3, 2, 2, 2, 1, 3, 1, 2, -13 ], [ 1, 2, 4, 2, 3, 2, 1, 2, 1, 1, 2, 2, 2, 3, 1, 3, 2, -19 ] ], 
              [ [ 1, 1, 1, 2, 2, 1, 2, 1, 1, 3, 2, 1, 3, 3, 3, 2, 1, -14 ], [ 1, 3, 3, 2, 2, 3, 2, 3, 3, 1, 2, 3, 1, 1, 1, 2, 3, -18 ] ], 
              [ [ 1, 1, 1, 2, 3, 1, 3, 2, 2, 4, 4, 1, 3, 2, 2, 2, 3, -17 ], [ 1, 3, 3, 2, 1, 3, 1, 2, 2, 0, 0, 3, 1, 2, 2, 2, 1, -15 ] ], 
              [ [ 1, 1, 1, 3, 4, 1, 3, 2, 1, 3, 3, 1, 2, 3, 2, 1, 3, -17 ], [ 1, 3, 3, 1, 0, 3, 1, 2, 3, 1, 1, 3, 2, 1, 2, 3, 1, -15 ] ], 
              [ [ 1, 3, 2, 1, 2, 1, 4, 1, 2, 3, 2, 3, 1, 1, 2, 2, 2, -16 ], [ 1, 1, 2, 3, 2, 3, 0, 3, 2, 1, 2, 1, 3, 3, 2, 2, 2, -16 ] ], 
              [ [ 1, 3, 2, 2, 3, 1, 4, 1, 1, 2, 1, 3, 0, 2, 2, 1, 2, -16 ], [ 1, 1, 2, 2, 1, 3, 0, 3, 3, 2, 3, 1, 4, 2, 2, 3, 2, -16 ] ], 
              [ [ 1, 1, 2, 3, 3, 2, 3, 1, 1, 3, 2, 1, 1, 3, 3, 1, 2, -16 ], [ 1, 3, 2, 1, 1, 2, 1, 3, 3, 1, 2, 3, 3, 1, 1, 3, 2, -16 ] ], 
              [ [ 1, 2, 2, 3, 3, 2, 3, 1, 3, 3, 3, 1, 3, 3, 3, 2, 2, -19 ], [ 1, 2, 2, 1, 1, 2, 1, 3, 1, 1, 1, 3, 1, 1, 1, 2, 2, -13 ] ], 
              [ [ 1, 2, 2, 3, 3, 2, 3, 2, 3, 2, 3, 2, 1, 2, 2, 1, 3, -18 ], [ 1, 2, 2, 1, 1, 2, 1, 2, 1, 2, 1, 2, 3, 2, 2, 3, 1, -14 ] ], 
              [ [ 1, 1, 1, 0, 1, 1, 2, 3, 1, 2, 2, 2, 2, 2, 2, 1, 1, -11 ], [ 1, 3, 3, 4, 3, 3, 2, 1, 3, 2, 2, 2, 2, 2, 2, 3, 3, -21 ] ], 
              [ [ 1, 1, 1, 1, 3, 1, 3, 4, 1, 2, 3, 2, 1, 2, 1, 0, 3, -14 ], [ 1, 3, 3, 3, 1, 3, 1, 0, 3, 2, 1, 2, 3, 2, 3, 4, 1, -18 ] ], 
              [ [ 1, 2, 1, 1, 1, 2, 3, 3, 2, 1, 2, 1, 1, 1, 3, 0, 1, -11 ], [ 1, 2, 3, 3, 3, 2, 1, 1, 2, 3, 2, 3, 3, 3, 1, 4, 3, -21 ] ], 
              [ [ 1, 3, 2, 0, 2, 0, 4, 2, 1, 2, 3, 2, 2, 2, 2, 0, 2, -15 ], [ 1, 1, 2, 4, 2, 4, 0, 2, 3, 2, 1, 2, 2, 2, 2, 4, 2, -17 ] ], 
              [ [ 1, 1, 2, 1, 3, 1, 3, 3, 1, 2, 4, 0, 2, 2, 2, 1, 2, -15 ], [ 1, 3, 2, 3, 1, 3, 1, 1, 3, 2, 0, 4, 2, 2, 2, 3, 2, -17 ] ], 
              [ [ 1, 1, 1, 1, 2, 1, 4, 2, 1, 4, 3, 1, 3, 2, 3, 1, 3, -15 ], [ 1, 3, 3, 3, 2, 3, 0, 2, 3, 0, 1, 3, 1, 2, 1, 3, 1, -17 ] ], 
              [ [ 1, 1, 1, 1, 3, 1, 4, 3, 1, 3, 3, 1, 2, 1, 2, 2, 3, -15 ], [ 1, 3, 3, 3, 1, 3, 0, 1, 3, 1, 1, 3, 2, 3, 2, 2, 1, -17 ] ], 
              [ [ 1, 2, 1, 1, 1, 1, 3, 2, 2, 2, 2, 2, 3, 2, 3, 1, 2, -14 ], [ 1, 2, 3, 3, 3, 3, 1, 2, 2, 2, 2, 2, 1, 2, 1, 3, 2, -18 ] ], 
              [ [ 1, 3, 3, 0, 2, 1, 4, 2, 1, 1, 2, 2, 0, 1, 2, 1, 1, -14 ], [ 1, 1, 1, 4, 2, 3, 0, 2, 3, 3, 2, 2, 4, 3, 2, 3, 3, -18 ] ], 
              [ [ 1, 1, 2, 1, 2, 2, 4, 2, 1, 3, 2, 1, 1, 1, 3, 2, 2, -14 ], [ 1, 3, 2, 3, 2, 2, 0, 2, 3, 1, 2, 3, 3, 3, 1, 2, 2, -18 ] ], 
              [ [ 1, 1, 2, 1, 3, 1, 3, 3, 1, 2, 2, 3, 1, 2, 1, 2, 3, -16 ], [ 1, 3, 2, 3, 1, 3, 1, 1, 3, 2, 2, 1, 3, 2, 3, 2, 1, -16 ] ], 
              [ [ 1, 2, 2, 2, 3, 2, 4, 2, 2, 2, 2, 1, 2, 2, 3, 2, 2, -17 ], [ 1, 2, 2, 2, 1, 2, 0, 2, 2, 2, 2, 3, 2, 2, 1, 2, 2, -15 ] ], 
              [ [ 1, 3, 3, 1, 3, 1, 6, 1, 1, 3, 3, 1, 1, 1, 3, 1, 3, -18 ], [ 1, 1, 1, 3, 1, 3, -2, 3, 3, 1, 1, 3, 3, 3, 1, 3, 1, -14 ] ], 
              [ [ 1, 2, 2, 2, 2, 2, 4, 2, 2, 2, 2, 2, 1, 2, 3, 0, 3, -16 ], [ 1, 2, 2, 2, 2, 2, 0, 2, 2, 2, 2, 2, 3, 2, 1, 4, 1, -16 ] ], 
              [ [ 1, 1, 3, 2, 4, 1, 4, 2, 1, 3, 4, 1, 2, 3, 2, 1, 4, -20 ], [ 1, 3, 1, 2, 0, 3, 0, 2, 3, 1, 0, 3, 2, 1, 2, 3, 0, -12 ] ], 
              [ [ 1, 2, 3, 2, 2, 2, 4, 1, 2, 2, 3, 0, 2, 2, 4, 1, 2, -17 ], [ 1, 2, 1, 2, 2, 2, 0, 3, 2, 2, 1, 4, 2, 2, 0, 3, 2, -15 ] ], 
              [ [ 1, 2, 0, 2, 2, 1, 3, 2, 2, 3, 2, 3, 1, 1, 3, 0, 1, -12 ], [ 1, 2, 4, 2, 2, 3, 1, 2, 2, 1, 2, 1, 3, 3, 1, 4, 3, -20 ] ], 
              [ [ 1, 3, 0, 2, 2, 1, 3, 2, 4, 3, 3, 3, 3, 1, 3, 1, 1, -15 ], [ 1, 1, 4, 2, 2, 3, 1, 2, 0, 1, 1, 1, 1, 3, 1, 3, 3, -17 ] ], 
              [ [ 1, 2, 1, 0, 1, 1, 3, 3, 2, 2, 3, 2, 1, 0, 3, 0, 0, -10 ], [ 1, 2, 3, 4, 3, 3, 1, 1, 2, 2, 1, 2, 3, 4, 1, 4, 4, -22 ] ], 
              [ [ 1, 2, 1, 0, 2, 0, 2, 4, 2, 1, 3, 4, 1, 1, 1, 0, 1, -12 ], [ 1, 2, 3, 4, 2, 4, 2, 0, 2, 3, 1, 0, 3, 3, 3, 4, 3, -20 ] ], 
              [ [ 1, 3, 1, 1, 2, 1, 3, 3, 3, 1, 3, 2, 2, 1, 3, 0, 0, -13 ], [ 1, 1, 3, 3, 2, 3, 1, 1, 1, 3, 1, 2, 2, 3, 1, 4, 4, -19 ] ], 
              [ [ 1, 3, 1, 1, 1, 1, 3, 3, 3, 1, 3, 3, 1, 1, 3, -2, 1, -12 ], [ 1, 1, 3, 3, 3, 3, 1, 1, 1, 3, 1, 1, 3, 3, 1, 6, 3, -20 ] ], 
              [ [ 1, 0, 0, 1, 2, 1, 2, 4, 2, 3, 3, 3, 2, 1, 2, 1, 2, -12 ], [ 1, 4, 4, 3, 2, 3, 2, 0, 2, 1, 1, 1, 2, 3, 2, 3, 2, -20 ] ], 
              [ [ 1, 2, 1, 0, 1, 0, 3, 2, 2, 3, 3, 3, 3, 1, 3, 1, 1, -13 ], [ 1, 2, 3, 4, 3, 4, 1, 2, 2, 1, 1, 1, 1, 3, 1, 3, 3, -19 ] ], 
              [ [ 1, 1, 0, 2, 2, 2, 3, 3, 3, 3, 3, 1, 3, 1, 4, 1, 1, -13 ], [ 1, 3, 4, 2, 2, 2, 1, 1, 1, 1, 1, 3, 1, 3, 0, 3, 3, -19 ] ], 
              [ [ 1, 2, 1, 1, 2, 0, 3, 2, 1, 2, 2, 3, 2, 2, 3, 0, 1, -13 ], [ 1, 2, 3, 3, 2, 4, 1, 2, 3, 2, 2, 1, 2, 2, 1, 4, 3, -19 ] ], 
              [ [ 1, 1, 0, 2, 3, 1, 2, 4, 3, 2, 3, 3, 3, 2, 2, 1, 2, -15 ], [ 1, 3, 4, 2, 1, 3, 2, 0, 1, 2, 1, 1, 1, 2, 2, 3, 2, -17 ] ], 
              [ [ 1, 2, 1, 1, 3, 0, 4, 3, 2, 3, 4, 3, 2, 1, 2, 0, 3, -16 ], [ 1, 2, 3, 3, 1, 4, 0, 1, 2, 1, 0, 1, 2, 3, 2, 4, 1, -16 ] ], 
              [ [ 1, 3, 1, 1, 1, 1, 4, 2, 3, 2, 3, 2, 2, 0, 4, 0, 1, -13 ], [ 1, 1, 3, 3, 3, 3, 0, 2, 1, 2, 1, 2, 2, 4, 0, 4, 3, -19 ] ], 
              [ [ 1, 1, 1, 2, 2, 1, 2, 3, 3, 2, 4, 2, 3, 2, 3, 0, 2, -15 ], [ 1, 3, 3, 2, 2, 3, 2, 1, 1, 2, 0, 2, 1, 2, 1, 4, 2, -17 ] ], 
              [ [ 1, 2, 2, 1, 3, 1, 4, 2, 2, 3, 3, 2, 2, 1, 3, 2, 1, -16 ], [ 1, 2, 2, 3, 1, 3, 0, 2, 2, 1, 1, 2, 2, 3, 1, 2, 3, -16 ] ], 
              [ [ 1, 1, 1, 2, 2, 2, 2, 3, 3, 2, 2, 3, 2, 2, 3, 1, 1, -14 ], [ 1, 3, 3, 2, 2, 2, 2, 1, 1, 2, 2, 1, 2, 2, 1, 3, 3, -18 ] ], 
              [ [ 1, 2, 2, 1, 2, 1, 4, 2, 2, 3, 3, 3, 1, 1, 3, 0, 2, -15 ], [ 1, 2, 2, 3, 2, 3, 0, 2, 2, 1, 1, 1, 3, 3, 1, 4, 2, -17 ] ], 
              [ [ 1, 2, 2, 1, 3, 1, 4, 3, 2, 2, 3, 3, 0, 0, 2, 1, 2, -15 ], [ 1, 2, 2, 3, 1, 3, 0, 1, 2, 2, 1, 1, 4, 4, 2, 3, 2, -17 ] ], 
              [ [ 1, 3, 2, 1, 1, 1, 3, 2, 3, 1, 2, 4, 1, 1, 3, 0, 1, -14 ], [ 1, 1, 2, 3, 3, 3, 1, 2, 1, 3, 2, 0, 3, 3, 1, 4, 3, -18 ] ], 
              [ [ 1, 3, 2, 2, 3, 1, 4, 2, 3, 2, 3, 3, 2, 2, 3, 0, 2, -18 ], [ 1, 1, 2, 2, 1, 3, 0, 2, 1, 2, 1, 1, 2, 2, 1, 4, 2, -14 ] ], 
              [ [ 1, 1, 2, 3, 4, 2, 3, 3, 3, 2, 4, 1, 2, 2, 3, 1, 2, -18 ], [ 1, 3, 2, 1, 0, 2, 1, 1, 1, 2, 0, 3, 2, 2, 1, 3, 2, -14 ] ], 
              [ [ 1, 3, 1, 2, 2, 2, 2, 2, 2, 2, 2, 1, 2, 2, 1, 2, 2, -15 ], [ 1, 1, 3, 2, 2, 2, 2, 2, 2, 2, 2, 3, 2, 2, 3, 2, 2, -17 ] ], 
              [ [ 1, 2, 1, 2, 2, 1, 2, 1, 0, 3, 1, 2, 2, 3, 1, 2, 3, -15 ], [ 1, 2, 3, 2, 2, 3, 2, 3, 4, 1, 3, 2, 2, 1, 3, 2, 1, -17 ] ], 
              [ [ 1, 3, 2, 2, 1, 3, 2, 1, 2, 2, 1, 1, 1, 2, 2, 2, 1, -14 ], [ 1, 1, 2, 2, 3, 1, 2, 3, 2, 2, 3, 3, 3, 2, 2, 2, 3, -18 ] ], 
              [ [ 1, 3, 2, 2, 2, 2, 1, 2, 2, 1, 1, 3, 1, 3, 0, 2, 2, -16 ], [ 1, 1, 2, 2, 2, 2, 3, 2, 2, 3, 3, 1, 3, 1, 4, 2, 2, -16 ] ], 
              [ [ 1, 2, 2, 2, 2, 2, 2, 0, 0, 3, 0, 1, 2, 3, 2, 4, 1, -15 ], [ 1, 2, 2, 2, 2, 2, 2, 4, 4, 1, 4, 3, 2, 1, 2, 0, 3, -17 ] ], 
              [ [ 1, 2, 2, 2, 3, 2, 3, 1, 1, 4, 2, 1, 2, 2, 1, 4, 3, -18 ], [ 1, 2, 2, 2, 1, 2, 1, 3, 3, 0, 2, 3, 2, 2, 3, 0, 1, -14 ] ], 
              [ [ 1, 2, 2, 2, 1, 2, 2, 0, 0, 3, 0, 2, 1, 3, 2, 2, 2, -14 ], [ 1, 2, 2, 2, 3, 2, 2, 4, 4, 1, 4, 2, 3, 1, 2, 2, 2, -18 ] ], 
              [ [ 1, 1, 1, 3, 2, 3, 1, 2, 2, 3, 1, 2, 2, 3, 1, 3, 3, -16 ], [ 1, 3, 3, 1, 2, 1, 3, 2, 2, 1, 3, 2, 2, 1, 3, 1, 1, -16 ] ], 
              [ [ 1, 3, 2, 2, 1, 2, 2, 0, 2, 3, 1, 2, 3, 3, 2, 3, 2, -17 ], [ 1, 1, 2, 2, 3, 2, 2, 4, 2, 1, 3, 2, 1, 1, 2, 1, 2, -15 ] ], 
              [ [ 1, 2, 2, 2, 2, 2, 2, 1, 0, 2, 0, 2, 0, 2, 1, 3, 2, -14 ], [ 1, 2, 2, 2, 2, 2, 2, 3, 4, 2, 4, 2, 4, 2, 3, 1, 2, -18 ] ], 
              [ [ 1, 3, 2, 2, 2, 2, 2, 1, 2, 2, 1, 2, 2, 2, 1, 4, 2, -17 ], [ 1, 1, 2, 2, 2, 2, 2, 3, 2, 2, 3, 2, 2, 2, 3, 0, 2, -15 ] ], 
              [ [ 1, 3, 2, 2, 1, 2, 2, 1, 2, 2, 1, 3, 1, 2, 1, 2, 3, -16 ], [ 1, 1, 2, 2, 3, 2, 2, 3, 2, 2, 3, 1, 3, 2, 3, 2, 1, -16 ] ], 
              [ [ 1, 2, 2, 3, 4, 2, 3, 1, 0, 3, 1, 1, 1, 3, 1, 3, 3, -18 ], [ 1, 2, 2, 1, 0, 2, 1, 3, 4, 1, 3, 3, 3, 1, 3, 1, 1, -14 ] ], 
              [ [ 1, 3, 2, 3, 2, 2, 2, 0, 1, 2, 0, 2, 2, 4, 2, 2, 2, -17 ], [ 1, 1, 2, 1, 2, 2, 2, 4, 3, 2, 4, 2, 2, 0, 2, 2, 2, -15 ] ], 
              [ [ 1, 3, 2, 3, 3, 2, 3, 1, 2, 3, 2, 2, 2, 3, 1, 2, 4, -20 ], [ 1, 1, 2, 1, 1, 2, 1, 3, 2, 1, 2, 2, 2, 1, 3, 2, 0, -12 ] ], 
              [ [ 1, 4, 2, 3, 1, 3, 3, 0, 3, 2, 1, 1, 2, 2, 3, 2, 2, -17 ], [ 1, 0, 2, 1, 3, 1, 1, 4, 1, 2, 3, 3, 2, 2, 1, 2, 2, -15 ] ], 
              [ [ 1, 1, 2, 3, 2, 3, 1, 1, 2, 3, 2, 0, 3, 3, 2, 4, 2, -17 ], [ 1, 3, 2, 1, 2, 1, 3, 3, 2, 1, 2, 4, 1, 1, 2, 0, 2, -15 ] ], 
              [ [ 1, 1, 2, 4, 3, 3, 1, 1, 1, 2, 1, 0, 2, 4, 2, 3, 2, -17 ], [ 1, 3, 2, 0, 1, 1, 3, 3, 3, 2, 3, 4, 2, 0, 2, 1, 2, -15 ] ], 
              [ [ 1, 2, 3, 3, 3, 2, 3, 0, 0, 3, 2, 0, 1, 3, 2, 2, 3, -18 ], [ 1, 2, 1, 1, 1, 2, 1, 4, 4, 1, 2, 4, 3, 1, 2, 2, 1, -14 ] ], 
              [ [ 1, 1, 2, 4, 4, 3, 2, 2, 2, 3, 3, 0, 2, 3, 1, 3, 4, -20 ], [ 1, 3, 2, 0, 0, 1, 2, 2, 2, 1, 1, 4, 2, 1, 3, 1, 0, -12 ] ], 
              [ [ 1, 3, 3, 3, 3, 2, 3, 0, 2, 3, 3, 0, 3, 3, 2, 3, 3, -21 ], [ 1, 1, 1, 1, 1, 2, 1, 4, 2, 1, 1, 4, 1, 1, 2, 1, 1, -11 ] ], 
              [ [ 1, 2, 2, 4, 2, 3, 1, 1, 3, 2, 2, 1, 3, 4, 2, 2, 3, -19 ], [ 1, 2, 2, 0, 2, 1, 3, 3, 1, 2, 2, 3, 1, 0, 2, 2, 1, -13 ] ], 
              [ [ 1, 3, 3, 3, 3, 3, 3, 1, 2, 2, 1, 2, 0, 2, 1, 3, 3, -19 ], [ 1, 1, 1, 1, 1, 1, 1, 3, 2, 2, 3, 2, 4, 2, 3, 1, 1, -13 ] ], 
              [ [ 1, 2, 2, 0, 1, 1, 2, 2, 0, 2, 2, 1, 2, 2, 1, 2, 2, -13 ], [ 1, 2, 2, 4, 3, 3, 2, 2, 4, 2, 2, 3, 2, 2, 3, 2, 2, -19 ] ], 
              [ [ 1, 1, 1, 2, 2, 2, 2, 2, 1, 3, 2, 0, 4, 3, 2, 3, 3, -16 ], [ 1, 3, 3, 2, 2, 2, 2, 2, 3, 1, 2, 4, 0, 1, 2, 1, 1, -16 ] ], 
              [ [ 1, 2, 3, 1, 3, 2, 3, 2, 0, 2, 2, 0, 1, 2, 1, 3, 2, -16 ], [ 1, 2, 1, 3, 1, 2, 1, 2, 4, 2, 2, 4, 3, 2, 3, 1, 2, -16 ] ], 
              [ [ 1, 1, 2, 2, 2, 3, 1, 3, 1, 1, 1, 1, 1, 3, 1, 2, 2, -14 ], [ 1, 3, 2, 2, 2, 1, 3, 1, 3, 3, 3, 3, 3, 1, 3, 2, 2, -18 ] ], 
              [ [ 1, 2, 3, 1, 2, 2, 3, 2, 0, 2, 2, 1, 0, 2, 1, 1, 3, -15 ], [ 1, 2, 1, 3, 2, 2, 1, 2, 4, 2, 2, 3, 4, 2, 3, 3, 1, -17 ] ], 
              [ [ 1, 3, 3, 1, 1, 2, 2, 1, 1, 1, 1, 1, 2, 3, 2, 2, 1, -15 ], [ 1, 1, 1, 3, 3, 2, 2, 3, 3, 3, 3, 3, 2, 1, 2, 2, 3, -17 ] ], 
              [ [ 1, 3, 3, 1, 2, 2, 3, 2, 2, 2, 3, 1, 2, 2, 1, 2, 3, -18 ], [ 1, 1, 1, 3, 2, 2, 1, 2, 2, 2, 1, 3, 2, 2, 3, 2, 1, -14 ] ], 
              [ [ 1, 3, 3, 1, 1, 2, 2, 2, 1, 0, 1, 2, 0, 2, 1, 1, 2, -14 ], [ 1, 1, 1, 3, 3, 2, 2, 2, 3, 4, 3, 2, 4, 2, 3, 3, 2, -18 ] ], 
              [ [ 1, 3, 3, 2, 3, 2, 3, 2, 1, 1, 2, 1, 1, 3, 1, 1, 3, -18 ], [ 1, 1, 1, 2, 1, 2, 1, 2, 3, 3, 2, 3, 3, 1, 3, 3, 1, -14 ] ], 
              [ [ 1, 3, 2, 1, 1, 2, 3, 1, 1, 2, 0, 2, 2, 2, 2, 3, 2, -15 ], [ 1, 1, 2, 3, 3, 2, 1, 3, 3, 2, 4, 2, 2, 2, 2, 1, 2, -17 ] ], 
              [ [ 1, 1, 2, 2, 1, 3, 2, 1, 1, 3, 1, 0, 3, 3, 3, 3, 2, -15 ], [ 1, 3, 2, 2, 3, 1, 2, 3, 3, 1, 3, 4, 1, 1, 1, 1, 2, -17 ] ], 
              [ [ 1, 1, 3, 1, 3, 1, 3, 1, -2, 3, 1, 1, 1, 3, 1, 3, 3, -16 ], [ 1, 3, 1, 3, 1, 3, 1, 3, 6, 1, 3, 3, 3, 1, 3, 1, 1, -16 ] ], 
              [ [ 1, 0, 2, 2, 4, 2, 2, 3, 0, 3, 2, 1, 2, 3, 0, 4, 4, -18 ], [ 1, 4, 2, 2, 0, 2, 2, 1, 4, 1, 2, 3, 2, 1, 4, 0, 0, -14 ] ], 
              [ [ 1, 1, 2, 2, 2, 3, 2, 2, 1, 2, 1, 0, 2, 2, 2, 4, 2, -15 ], [ 1, 3, 2, 2, 2, 1, 2, 2, 3, 2, 3, 4, 2, 2, 2, 0, 2, -17 ] ], 
              [ [ 1, 2, 3, 1, 2, 2, 4, 1, 0, 3, 2, 0, 1, 1, 2, 3, 3, -16 ], [ 1, 2, 1, 3, 2, 2, 0, 3, 4, 1, 2, 4, 3, 3, 2, 1, 1, -16 ] ], 
              [ [ 1, 2, 3, 1, 3, 1, 3, 1, 0, 3, 2, 1, 3, 3, 1, 4, 3, -19 ], [ 1, 2, 1, 3, 1, 3, 1, 3, 4, 1, 2, 3, 1, 1, 3, 0, 1, -13 ] ], 
              [ [ 1, 1, 2, 2, 1, 3, 2, 2, 1, 2, 1, 1, 1, 2, 2, 2, 3, -14 ], [ 1, 3, 2, 2, 3, 1, 2, 2, 3, 2, 3, 3, 3, 2, 2, 2, 1, -18 ] ], 
              [ [ 1, 1, 2, 2, 2, 2, 1, 2, 1, 2, 1, 2, 3, 4, 1, 3, 3, -17 ], [ 1, 3, 2, 2, 2, 2, 3, 2, 3, 2, 3, 2, 1, 0, 3, 1, 1, -15 ] ], 
              [ [ 1, 2, 3, 1, 2, 1, 3, 1, 0, 3, 2, 2, 2, 3, 1, 2, 4, -18 ], [ 1, 2, 1, 3, 2, 3, 1, 3, 4, 1, 2, 2, 2, 1, 3, 2, 0, -14 ] ], 
              [ [ 1, 3, 3, 1, 0, 2, 3, 0, 1, 2, 1, 1, 2, 2, 3, 2, 2, -15 ], [ 1, 1, 1, 3, 4, 2, 1, 4, 3, 2, 3, 3, 2, 2, 1, 2, 2, -17 ] ], 
              [ [ 1, 2, 2, 2, 1, 3, 2, 2, 3, 2, 2, 1, 3, 2, 2, 3, 3, -17 ], [ 1, 2, 2, 2, 3, 1, 2, 2, 1, 2, 2, 3, 1, 2, 2, 1, 1, -15 ] ], 
              [ [ 1, 2, 3, 1, 3, 1, 3, 2, 0, 2, 2, 2, 1, 2, 0, 3, 4, -18 ], [ 1, 2, 1, 3, 1, 3, 1, 2, 4, 2, 2, 2, 3, 2, 4, 1, 0, -14 ] ], 
              [ [ 1, 1, 2, 3, 3, 3, 3, 2, 1, 3, 2, 0, 2, 3, 2, 2, 4, -18 ], [ 1, 3, 2, 1, 1, 1, 1, 2, 3, 1, 2, 4, 2, 1, 2, 2, 0, -14 ] ], 
              [ [ 1, 3, 3, 2, 2, 2, 4, 0, 1, 3, 2, 0, 3, 3, 3, 2, 3, -19 ], [ 1, 1, 1, 2, 2, 2, 0, 4, 3, 1, 2, 4, 1, 1, 1, 2, 1, -13 ] ], 
              [ [ 1, 3, 3, 2, 3, 2, 4, 1, 1, 2, 2, 0, 2, 2, 2, 3, 3, -19 ], [ 1, 1, 1, 2, 1, 2, 0, 3, 3, 2, 2, 4, 2, 2, 2, 1, 1, -13 ] ], 
              [ [ 1, 2, 2, 3, 2, 3, 2, 2, 2, 1, 1, 1, 2, 3, 2, 2, 3, -17 ], [ 1, 2, 2, 1, 2, 1, 2, 2, 2, 3, 3, 3, 2, 1, 2, 2, 1, -15 ] ], 
              [ [ 1, 3, 3, 2, 2, 2, 4, 1, 1, 2, 2, 1, 1, 2, 2, 1, 4, -18 ], [ 1, 1, 1, 2, 2, 2, 0, 3, 3, 2, 2, 3, 3, 2, 2, 3, 0, -14 ] ], 
              [ [ 1, 0, 3, 2, 3, 2, 2, 2, 0, 3, 3, 0, 2, 3, 1, 3, 4, -18 ], [ 1, 4, 1, 2, 1, 2, 2, 2, 4, 1, 1, 4, 2, 1, 3, 1, 0, -14 ] ], 
              [ [ 1, 1, 3, 3, 3, 3, 3, 1, 1, 3, 3, -2, 3, 3, 3, 3, 3, -19 ], [ 1, 3, 1, 1, 1, 1, 1, 3, 3, 1, 1, 6, 1, 1, 1, 1, 1, -13 ] ], 
              [ [ 1, 1, 3, 3, 4, 2, 2, 2, 1, 2, 3, 0, 3, 4, 1, 3, 4, -21 ], [ 1, 3, 1, 1, 0, 2, 2, 2, 3, 2, 1, 4, 1, 0, 3, 1, 0, -11 ] ], 
              [ [ 1, 2, 4, 1, 2, 2, 3, 1, 0, 2, 1, 2, 0, 2, 1, 3, 3, -17 ], [ 1, 2, 0, 3, 2, 2, 1, 3, 4, 2, 3, 2, 4, 2, 3, 1, 1, -15 ] ], 
              [ [ 1, 2, 4, 2, 4, 2, 4, 1, 0, 3, 2, 1, 1, 3, 1, 3, 4, -21 ], [ 1, 2, 0, 2, 0, 2, 0, 3, 4, 1, 2, 3, 3, 1, 3, 1, 0, -11 ] ], 
              [ [ 1, 3, 4, 2, 2, 3, 4, 0, 1, 2, 1, 0, 1, 2, 3, 3, 2, -18 ], [ 1, 1, 0, 2, 2, 1, 0, 4, 3, 2, 3, 4, 3, 2, 1, 1, 2, -14 ] ], 
              [ [ 1, 3, 4, 2, 3, 2, 3, 1, 1, 1, 1, 2, 1, 3, 1, 3, 3, -20 ], [ 1, 1, 0, 2, 1, 2, 1, 3, 3, 3, 3, 2, 3, 1, 3, 1, 1, -12 ] ], 
              [ [ 1, 1, 4, 3, 3, 3, 2, 1, 1, 2, 2, 0, 2, 4, 2, 3, 3, -20 ], [ 1, 3, 0, 1, 1, 1, 2, 3, 3, 2, 2, 4, 2, 0, 2, 1, 1, -12 ] ], 
              [ [ 1, 1, 3, 3, 3, 3, 3, 1, 1, 3, 1, 1, 2, 3, 2, 4, 4, -20 ], [ 1, 3, 1, 1, 1, 1, 1, 3, 3, 1, 3, 3, 2, 1, 2, 0, 0, -12 ] ], 
              [ [ 1, 2, 0, 2, 1, 2, 0, 3, 3, 2, 2, 3, 2, 2, 1, 1, 1, -12 ], [ 1, 2, 4, 2, 3, 2, 4, 1, 1, 2, 2, 1, 2, 2, 3, 3, 3, -20 ] ], 
              [ [ 1, 1, 0, 2, 2, 1, 0, 2, 1, 3, 1, 3, 3, 3, 1, 3, 1, -13 ], [ 1, 3, 4, 2, 2, 3, 4, 2, 3, 1, 3, 1, 1, 1, 3, 1, 3, -19 ] ], 
              [ [ 1, 2, 0, 2, 1, 2, 1, 2, 3, 3, 2, 2, 3, 1, 2, 3, 1, -13 ], [ 1, 2, 4, 2, 3, 2, 3, 2, 1, 1, 2, 2, 1, 3, 2, 1, 3, -19 ] ], 
              [ [ 1, 2, 0, 3, 1, 2, 1, 1, 2, 3, 1, 2, 3, 3, 3, 1, 1, -13 ], [ 1, 2, 4, 1, 3, 2, 3, 3, 2, 1, 3, 2, 1, 1, 1, 3, 3, -19 ] ], 
              [ [ 1, 2, 0, 3, 2, 2, 1, 2, 2, 2, 1, 2, 2, 2, 2, 2, 1, -13 ], [ 1, 2, 4, 1, 2, 2, 3, 2, 2, 2, 3, 2, 2, 2, 2, 2, 3, -19 ] ], 
              [ [ 1, 3, 0, 3, 1, 2, 1, 2, 4, 2, 2, 3, 3, 2, 2, 1, 2, -15 ], [ 1, 1, 4, 1, 3, 2, 3, 2, 0, 2, 2, 1, 1, 2, 2, 3, 2, -17 ] ], 
              [ [ 1, 4, 2, 2, 2, 2, 2, 2, 3, 1, 2, 3, 0, 1, 1, 1, 1, -15 ], [ 1, 0, 2, 2, 2, 2, 2, 2, 1, 3, 2, 1, 4, 3, 3, 3, 3, -17 ] ], 
              [ [ 1, 2, 1, 2, 1, 2, 0, 2, 3, 2, 1, 4, 2, 2, 1, 3, 1, -14 ], [ 1, 2, 3, 2, 3, 2, 4, 2, 1, 2, 3, 0, 2, 2, 3, 1, 3, -18 ] ], 
              [ [ 1, 1, 1, 3, 3, 2, 1, 2, 1, 3, 1, 3, 1, 3, 1, 2, 2, -15 ], [ 1, 3, 3, 1, 1, 2, 3, 2, 3, 1, 3, 1, 3, 1, 3, 2, 2, -17 ] ], 
              [ [ 1, 2, 1, 3, 1, 3, 1, 1, 2, 2, 0, 2, 1, 2, 3, 2, 0, -12 ], [ 1, 2, 3, 1, 3, 1, 3, 3, 2, 2, 4, 2, 3, 2, 1, 2, 4, -20 ] ], 
              [ [ 1, 2, 1, 3, 2, 3, 2, 2, 3, 3, 2, 2, 1, 1, 2, 2, 2, -15 ], [ 1, 2, 3, 1, 2, 1, 2, 2, 1, 1, 2, 2, 3, 3, 2, 2, 2, -17 ] ], 
              [ [ 1, 3, 2, 2, 2, 1, 2, 0, 1, 3, 1, 3, 2, 3, 2, 2, 1, -16 ], [ 1, 1, 2, 2, 2, 3, 2, 4, 3, 1, 3, 1, 2, 1, 2, 2, 3, -16 ] ], 
              [ [ 1, 2, 1, 3, 3, 2, 1, 2, 3, 3, 2, 3, 3, 3, 1, 3, 2, -18 ], [ 1, 2, 3, 1, 1, 2, 3, 2, 1, 1, 2, 1, 1, 1, 3, 1, 2, -14 ] ], 
              [ [ 1, 3, 1, 3, 1, 3, 1, 1, 4, 2, 1, 2, 3, 2, 3, 3, 0, -15 ], [ 1, 1, 3, 1, 3, 1, 3, 3, 0, 2, 3, 2, 1, 2, 1, 1, 4, -17 ] ], 
              [ [ 1, 4, 2, 2, 1, 2, 3, 0, 3, 3, 2, 2, 2, 1, 3, 2, 1, -16 ], [ 1, 0, 2, 2, 3, 2, 1, 4, 1, 1, 2, 2, 2, 3, 1, 2, 3, -16 ] ], 
              [ [ 1, 3, 1, 3, 0, 3, 1, 1, 4, 2, 1, 3, 2, 2, 3, 1, 1, -14 ], [ 1, 1, 3, 1, 4, 1, 3, 3, 0, 2, 3, 1, 2, 2, 1, 3, 3, -18 ] ], 
              [ [ 1, 3, 2, 2, 3, 1, 2, 1, 1, 2, 1, 3, 1, 2, 1, 3, 1, -16 ], [ 1, 1, 2, 2, 1, 3, 2, 3, 3, 2, 3, 1, 3, 2, 3, 1, 3, -16 ] ], 
              [ [ 1, 2, 1, 3, 2, 2, 0, 2, 2, 1, 0, 4, 1, 3, 1, 2, 1, -14 ], [ 1, 2, 3, 1, 2, 2, 4, 2, 2, 3, 4, 0, 3, 1, 3, 2, 3, -18 ] ], 
              [ [ 1, 3, 2, 2, 2, 1, 2, 1, 1, 2, 1, 4, 0, 2, 1, 1, 2, -15 ], [ 1, 1, 2, 2, 2, 3, 2, 3, 3, 2, 3, 0, 4, 2, 3, 3, 2, -17 ] ], 
              [ [ 1, 2, 1, 3, 3, 2, 1, 3, 3, 2, 2, 4, 1, 2, 0, 2, 3, -17 ], [ 1, 2, 3, 1, 1, 2, 3, 1, 1, 2, 2, 0, 3, 2, 4, 2, 1, -15 ] ], 
              [ [ 1, 3, 1, 3, 1, 3, 1, 2, 4, 1, 1, 3, 1, 1, 2, 2, 1, -14 ], [ 1, 1, 3, 1, 3, 1, 3, 2, 0, 3, 3, 1, 3, 3, 2, 2, 3, -18 ] ], 
              [ [ 1, 4, 2, 2, 2, 1, 2, 1, 3, 2, 2, 4, 2, 2, 1, 2, 2, -18 ], [ 1, 0, 2, 2, 2, 3, 2, 3, 1, 2, 2, 0, 2, 2, 3, 2, 2, -14 ] ], 
              [ [ 1, 4, 2, 3, 2, 2, 3, 0, 2, 2, 1, 2, 1, 2, 3, 1, 1, -16 ], [ 1, 0, 2, 1, 2, 2, 1, 4, 2, 2, 3, 2, 3, 2, 1, 3, 3, -16 ] ], 
              [ [ 1, 3, 1, 4, 3, 3, 2, 2, 4, 2, 2, 2, 2, 2, 2, 2, 2, -18 ], [ 1, 1, 3, 0, 1, 1, 2, 2, 0, 2, 2, 2, 2, 2, 2, 2, 2, -14 ] ], 
              [ [ 1, 1, 2, 3, 3, 2, 1, 1, 1, 3, 2, 1, 2, 3, 2, 3, 1, -16 ], [ 1, 3, 2, 1, 1, 2, 3, 3, 3, 1, 2, 3, 2, 1, 2, 1, 3, -16 ] ], 
              [ [ 1, 2, 2, 3, 2, 2, 1, 1, 3, 3, 3, 2, 3, 3, 2, 2, 2, -18 ], [ 1, 2, 2, 1, 2, 2, 3, 3, 1, 1, 1, 2, 1, 1, 2, 2, 2, -14 ] ], 
              [ [ 1, 2, 2, 3, 3, 2, 1, 2, 3, 2, 3, 2, 2, 2, 1, 3, 2, -18 ], [ 1, 2, 2, 1, 1, 2, 3, 2, 1, 2, 1, 2, 2, 2, 3, 1, 2, -14 ] ], 
              [ [ 1, 2, 2, 4, 3, 2, 1, 1, 2, 2, 2, 2, 2, 4, 2, 1, 2, -18 ], [ 1, 2, 2, 0, 1, 2, 3, 3, 2, 2, 2, 2, 2, 0, 2, 3, 2, -14 ] ], 
              [ [ 1, 3, 2, 4, 2, 3, 2, 1, 4, 2, 3, 1, 2, 2, 3, 1, 2, -18 ], [ 1, 1, 2, 0, 2, 1, 2, 3, 0, 2, 1, 3, 2, 2, 1, 3, 2, -14 ] ], 
              [ [ 1, 1, 1, 3, 3, 2, 2, 1, 1, 4, 1, 2, 2, 2, 2, 4, 2, -16 ], [ 1, 3, 3, 1, 1, 2, 2, 3, 3, 0, 3, 2, 2, 2, 2, 0, 2, -16 ] ], 
              [ [ 1, 2, 1, 3, 1, 2, 1, 0, 2, 3, 0, 3, 3, 3, 3, 3, 1, -15 ], [ 1, 2, 3, 1, 3, 2, 3, 4, 2, 1, 4, 1, 1, 1, 1, 1, 3, -17 ] ], 
              [ [ 1, 2, 1, 3, 2, 2, 2, 1, 3, 4, 2, 3, 3, 2, 2, 3, 3, -18 ], [ 1, 2, 3, 1, 2, 2, 2, 3, 1, 0, 2, 1, 1, 2, 2, 1, 1, -14 ] ], 
              [ [ 1, 2, 1, 4, 3, 2, 2, 1, 2, 3, 1, 3, 2, 3, 2, 2, 3, -18 ], [ 1, 2, 3, 0, 1, 2, 2, 3, 2, 1, 3, 1, 2, 1, 2, 2, 1, -14 ] ], 
              [ [ 1, 2, 2, 4, 3, 2, 2, 0, 2, 3, 2, 1, 3, 3, 3, 3, 2, -19 ], [ 1, 2, 2, 0, 1, 2, 2, 4, 2, 1, 2, 3, 1, 1, 1, 1, 2, -13 ] ], 
              [ [ 1, 2, 0, 1, 1, 2, 1, 4, 2, 1, 1, 3, 1, 1, 1, 1, 1, -10 ], [ 1, 2, 4, 3, 3, 2, 3, 0, 2, 3, 3, 1, 3, 3, 3, 3, 3, -22 ] ], 
              [ [ 1, 4, 1, 0, 0, 1, 2, 2, 2, 1, 1, 3, 2, 1, 2, 1, 0, -11 ], [ 1, 0, 3, 4, 4, 3, 2, 2, 2, 3, 3, 1, 2, 3, 2, 3, 4, -21 ] ], 
              [ [ 1, 2, 1, 1, 0, 2, 1, 2, 2, 2, 2, 1, 3, 2, 3, 1, 0, -11 ], [ 1, 2, 3, 3, 4, 2, 3, 2, 2, 2, 2, 3, 1, 2, 1, 3, 4, -21 ] ], 
              [ [ 1, 1, 1, 1, 3, 1, 1, 4, 1, 2, 3, 2, 2, 2, 0, 2, 2, -14 ], [ 1, 3, 3, 3, 1, 3, 3, 0, 3, 2, 1, 2, 2, 2, 4, 2, 2, -18 ] ], 
              [ [ 1, 2, 1, 1, 1, 2, 1, 3, 2, 1, 2, 1, 2, 1, 2, 2, 0, -11 ], [ 1, 2, 3, 3, 3, 2, 3, 1, 2, 3, 2, 3, 2, 3, 2, 2, 4, -21 ] ], 
              [ [ 1, 2, 1, 1, 0, 2, 1, 3, 2, 1, 2, 2, 1, 1, 2, 0, 1, -10 ], [ 1, 2, 3, 3, 4, 2, 3, 1, 2, 3, 2, 2, 3, 3, 2, 4, 3, -22 ] ], 
              [ [ 1, 2, 1, 1, 1, 1, 0, 3, 2, 1, 2, 3, 3, 3, 1, 1, 1, -13 ], [ 1, 2, 3, 3, 3, 3, 4, 1, 2, 3, 2, 1, 1, 1, 3, 3, 3, -19 ] ], 
              [ [ 1, 3, 1, 1, 0, 2, 1, 3, 4, 1, 3, 2, 3, 1, 2, 1, 1, -13 ], [ 1, 1, 3, 3, 4, 2, 3, 1, 0, 3, 1, 2, 1, 3, 2, 3, 3, -19 ] ], 
              [ [ 1, 2, 1, 2, 2, 2, 2, 3, 2, 2, 3, 1, 2, 2, 2, 0, 2, -14 ], [ 1, 2, 3, 2, 2, 2, 2, 1, 2, 2, 1, 3, 2, 2, 2, 4, 2, -18 ] ], 
              [ [ 1, 3, 1, 2, 1, 2, 1, 3, 3, 0, 2, 2, 2, 2, 2, 0, 1, -13 ], [ 1, 1, 3, 2, 3, 2, 3, 1, 1, 4, 2, 2, 2, 2, 2, 4, 3, -19 ] ], 
              [ [ 1, 2, 0, 1, 0, 2, 2, 2, 2, 3, 1, 2, 3, 1, 3, 2, 1, -11 ], [ 1, 2, 4, 3, 4, 2, 2, 2, 2, 1, 3, 2, 1, 3, 1, 2, 3, -21 ] ], 
              [ [ 1, 2, 0, 1, 1, 1, 1, 3, 2, 2, 1, 4, 3, 2, 1, 2, 2, -13 ], [ 1, 2, 4, 3, 3, 3, 3, 1, 2, 2, 3, 0, 1, 2, 3, 2, 2, -19 ] ], 
              [ [ 1, 1, 1, 1, 2, 1, 2, 2, 1, 4, 3, 1, 4, 2, 2, 3, 2, -15 ], [ 1, 3, 3, 3, 2, 3, 2, 2, 3, 0, 1, 3, 0, 2, 2, 1, 2, -17 ] ], 
              [ [ 1, 0, 0, 2, 1, 2, 0, 3, 2, 3, 2, 2, 4, 3, 2, 2, 2, -13 ], [ 1, 4, 4, 2, 3, 2, 4, 1, 2, 1, 2, 2, 0, 1, 2, 2, 2, -19 ] ], 
              [ [ 1, 1, 1, 1, 1, 1, 1, 2, 0, 2, 1, 2, 2, 2, 2, 2, 1, -11 ], [ 1, 3, 3, 3, 3, 3, 3, 2, 4, 2, 3, 2, 2, 2, 2, 2, 3, -21 ] ], 
              [ [ 1, 0, 0, 2, 2, 2, 0, 4, 2, 2, 2, 2, 3, 2, 1, 3, 2, -13 ], [ 1, 4, 4, 2, 2, 2, 4, 0, 2, 2, 2, 2, 1, 2, 3, 1, 2, -19 ] ], 
              [ [ 1, 1, 1, 1, 2, 1, 2, 3, 1, 3, 3, 2, 2, 1, 1, 2, 3, -14 ], [ 1, 3, 3, 3, 2, 3, 2, 1, 3, 1, 1, 2, 2, 3, 3, 2, 1, -18 ] ], 
              [ [ 1, 2, 1, 1, 1, 1, 1, 2, 2, 2, 2, 2, 4, 2, 2, 3, 1, -14 ], [ 1, 2, 3, 3, 3, 3, 3, 2, 2, 2, 2, 2, 0, 2, 2, 1, 3, -18 ] ], 
              [ [ 1, 2, 1, 1, 0, 1, 1, 2, 2, 2, 2, 3, 3, 2, 2, 1, 2, -13 ], [ 1, 2, 3, 3, 4, 3, 3, 2, 2, 2, 2, 1, 1, 2, 2, 3, 2, -19 ] ], 
              [ [ 1, 1, 1, 2, 3, 1, 2, 2, 0, 3, 2, 1, 3, 3, 2, 2, 2, -15 ], [ 1, 3, 3, 2, 1, 3, 2, 2, 4, 1, 2, 3, 1, 1, 2, 2, 2, -17 ] ], 
              [ [ 1, 2, 1, 2, 2, 2, 3, 2, 2, 3, 3, 0, 3, 1, 3, 2, 2, -15 ], [ 1, 2, 3, 2, 2, 2, 1, 2, 2, 1, 1, 4, 1, 3, 1, 2, 2, -17 ] ], 
              [ [ 1, 1, 0, 3, 1, 3, 1, 3, 3, 2, 2, 1, 3, 2, 3, 1, 2, -13 ], [ 1, 3, 4, 1, 3, 1, 3, 1, 1, 2, 2, 3, 1, 2, 1, 3, 2, -19 ] ], 
              [ [ 1, 2, 1, 2, 2, 1, 2, 2, 2, 3, 3, 2, 4, 3, 2, 1, 3, -17 ], [ 1, 2, 3, 2, 2, 3, 2, 2, 2, 1, 1, 2, 0, 1, 2, 3, 1, -15 ] ], 
              [ [ 1, 3, 1, 2, 0, 2, 2, 1, 3, 2, 2, 1, 4, 2, 4, 1, 1, -14 ], [ 1, 1, 3, 2, 4, 2, 2, 3, 1, 2, 2, 3, 0, 2, 0, 3, 3, -18 ] ], 
              [ [ 1, 2, 1, 2, 3, 1, 2, 3, 2, 2, 3, 2, 3, 2, 1, 2, 3, -17 ], [ 1, 2, 3, 2, 1, 3, 2, 1, 2, 2, 1, 2, 1, 2, 3, 2, 1, -15 ] ], 
              [ [ 1, 0, 1, 3, 3, 2, 1, 3, 2, 3, 4, 0, 4, 3, 2, 2, 3, -17 ], [ 1, 4, 3, 1, 1, 2, 3, 1, 2, 1, 0, 4, 0, 1, 2, 2, 1, -15 ] ], 
              [ [ 1, 3, 2, 0, 2, 1, 2, 3, 1, 1, 1, 4, 0, 1, 0, 2, 1, -13 ], [ 1, 1, 2, 4, 2, 3, 2, 1, 3, 3, 3, 0, 4, 3, 4, 2, 3, -19 ] ], 
              [ [ 1, 4, 2, 1, 1, 2, 3, 2, 2, 1, 1, 3, 0, 1, 2, 0, 1, -13 ], [ 1, 0, 2, 3, 3, 2, 1, 2, 2, 3, 3, 1, 4, 3, 2, 4, 3, -19 ] ], 
              [ [ 1, 1, 2, 1, 2, 2, 1, 3, 1, 2, 2, 2, 1, 2, 1, 2, 1, -13 ], [ 1, 3, 2, 3, 2, 2, 3, 1, 3, 2, 2, 2, 3, 2, 3, 2, 3, -19 ] ], 
              [ [ 1, 2, 2, 1, 1, 2, 0, 3, 2, 0, 1, 3, 1, 2, 1, 2, 0, -12 ], [ 1, 2, 2, 3, 3, 2, 4, 1, 2, 4, 3, 1, 3, 2, 3, 2, 4, -20 ] ], 
              [ [ 1, 3, 3, 0, 1, 1, 2, 2, 1, 1, 2, 3, 0, 1, 1, 1, 1, -13 ], [ 1, 1, 1, 4, 3, 3, 2, 2, 3, 3, 2, 1, 4, 3, 3, 3, 3, -19 ] ], 
              [ [ 1, 2, 2, 1, 2, 2, 1, 4, 3, 1, 3, 3, 1, 1, 0, 2, 2, -15 ], [ 1, 2, 2, 3, 2, 2, 3, 0, 1, 3, 1, 1, 3, 3, 4, 2, 2, -17 ] ], 
              [ [ 1, 2, 2, 2, 2, 3, 2, 3, 2, 1, 2, 1, 0, 1, 2, 1, 1, -13 ], [ 1, 2, 2, 2, 2, 1, 2, 1, 2, 3, 2, 3, 4, 3, 2, 3, 3, -19 ] ], 
              [ [ 1, 2, 2, 2, 3, 2, 1, 3, 2, 1, 2, 2, 2, 3, 1, 2, 1, -16 ], [ 1, 2, 2, 2, 1, 2, 3, 1, 2, 3, 2, 2, 2, 1, 3, 2, 3, -16 ] ], 
              [ [ 1, 3, 3, 1, 3, 1, 3, 2, 1, 2, 3, 2, 1, 2, 1, 1, 2, -17 ], [ 1, 1, 1, 3, 1, 3, 1, 2, 3, 2, 1, 2, 3, 2, 3, 3, 2, -15 ] ], 
              [ [ 1, 4, 3, 1, 1, 2, 3, 1, 2, 1, 2, 1, 1, 1, 3, 1, 0, -14 ], [ 1, 0, 1, 3, 3, 2, 1, 3, 2, 3, 2, 3, 3, 3, 1, 3, 4, -18 ] ], 
              [ [ 1, 3, 2, 2, 2, 3, 2, 3, 4, 1, 3, 1, 2, 1, 2, 2, 1, -16 ], [ 1, 1, 2, 2, 2, 1, 2, 1, 0, 3, 1, 3, 2, 3, 2, 2, 3, -16 ] ], 
              [ [ 1, 2, 2, 2, 2, 2, 1, 3, 2, 1, 2, 3, 1, 3, 1, 0, 2, -15 ], [ 1, 2, 2, 2, 2, 2, 3, 1, 2, 3, 2, 1, 3, 1, 3, 4, 2, -17 ] ], 
              [ [ 1, 3, 2, 2, 0, 3, 1, 2, 3, 0, 1, 2, 1, 2, 3, 0, 0, -12 ], [ 1, 1, 2, 2, 4, 1, 3, 2, 1, 4, 3, 2, 3, 2, 1, 4, 4, -20 ] ], 
              [ [ 1, 3, 2, 2, 1, 3, 2, 3, 4, 1, 3, 2, 1, 1, 2, 0, 2, -15 ], [ 1, 1, 2, 2, 3, 1, 2, 1, 0, 3, 1, 2, 3, 3, 2, 4, 2, -17 ] ], 
              [ [ 1, 2, 2, 2, 3, 2, 1, 4, 2, 0, 2, 3, 0, 2, 0, 1, 2, -15 ], [ 1, 2, 2, 2, 1, 2, 3, 0, 2, 4, 2, 1, 4, 2, 4, 3, 2, -17 ] ], 
              [ [ 1, 4, 3, 1, 2, 1, 2, 2, 2, 0, 2, 3, 1, 2, 1, 1, 1, -16 ], [ 1, 0, 1, 3, 2, 3, 2, 2, 2, 4, 2, 1, 3, 2, 3, 3, 3, -16 ] ], 
              [ [ 1, 2, 3, 2, 2, 2, 1, 2, 2, 1, 3, 1, 2, 3, 2, 1, 1, -16 ], [ 1, 2, 1, 2, 2, 2, 3, 2, 2, 3, 1, 3, 2, 1, 2, 3, 3, -16 ] ], 
              [ [ 1, 1, 1, 1, 2, 2, 2, 3, 1, 3, 1, 3, 1, 1, 1, 3, 2, -13 ], [ 1, 3, 3, 3, 2, 2, 2, 1, 3, 1, 3, 1, 3, 3, 3, 1, 2, -19 ] ], 
              [ [ 1, 3, 2, 0, 1, 1, 3, 1, 1, 3, 1, 3, 2, 1, 2, 3, 1, -14 ], [ 1, 1, 2, 4, 3, 3, 1, 3, 3, 1, 3, 1, 2, 3, 2, 1, 3, -18 ] ], 
              [ [ 1, 2, 1, 1, 0, 2, 1, 2, 2, 2, 0, 4, 2, 2, 2, 2, 1, -12 ], [ 1, 2, 3, 3, 4, 2, 3, 2, 2, 2, 4, 0, 2, 2, 2, 2, 3, -20 ] ], 
              [ [ 1, 2, 1, 1, 1, 2, 1, 3, 2, 1, 0, 4, 1, 1, 1, 3, 1, -12 ], [ 1, 2, 3, 3, 3, 2, 3, 1, 2, 3, 4, 0, 3, 3, 3, 1, 3, -20 ] ], 
              [ [ 1, 3, 2, 0, 1, 1, 3, 2, 1, 2, 1, 4, 0, 0, 1, 2, 2, -13 ], [ 1, 1, 2, 4, 3, 3, 1, 2, 3, 2, 3, 0, 4, 4, 3, 2, 2, -19 ] ], 
              [ [ 1, 3, 2, 1, 2, 1, 3, 1, 0, 2, 0, 3, 1, 2, 2, 2, 1, -14 ], [ 1, 1, 2, 3, 2, 3, 1, 3, 4, 2, 4, 1, 3, 2, 2, 2, 3, -18 ] ], 
              [ [ 1, 2, 1, 2, 3, 2, 2, 3, 2, 2, 1, 3, 2, 2, 1, 3, 2, -16 ], [ 1, 2, 3, 2, 1, 2, 2, 1, 2, 2, 3, 1, 2, 2, 3, 1, 2, -16 ] ], 
              [ [ 1, 3, 2, 1, 3, 1, 4, 2, 1, 3, 2, 3, 1, 1, 1, 2, 3, -17 ], [ 1, 1, 2, 3, 1, 3, 0, 2, 3, 1, 2, 1, 3, 3, 3, 2, 1, -15 ] ], 
              [ [ 1, 4, 2, 1, 1, 2, 4, 1, 2, 2, 1, 2, 1, 0, 3, 2, 1, -14 ], [ 1, 0, 2, 3, 3, 2, 0, 3, 2, 2, 3, 2, 3, 4, 1, 2, 3, -18 ] ], 
              [ [ 1, 2, 1, 2, 2, 2, 2, 3, 2, 2, 1, 4, 1, 2, 1, 1, 3, -15 ], [ 1, 2, 3, 2, 2, 2, 2, 1, 2, 2, 3, 0, 3, 2, 3, 3, 1, -17 ] ], 
              [ [ 1, 3, 1, 2, 0, 3, 2, 2, 3, 1, 0, 3, 1, 1, 3, 1, 1, -12 ], [ 1, 1, 3, 2, 4, 1, 2, 2, 1, 3, 4, 1, 3, 3, 1, 3, 3, -20 ] ], 
              [ [ 1, 4, 2, 1, 1, 1, 3, 1, 2, 2, 1, 4, 2, 2, 2, 1, 2, -16 ], [ 1, 0, 2, 3, 3, 3, 1, 3, 2, 2, 3, 0, 2, 2, 2, 3, 2, -16 ] ], 
              [ [ 1, 4, 2, 1, 2, 1, 3, 2, 2, 1, 1, 4, 1, 1, 1, 2, 2, -16 ], [ 1, 0, 2, 3, 2, 3, 1, 2, 2, 3, 3, 0, 3, 3, 3, 2, 2, -16 ] ], 
              [ [ 1, 1, 2, 1, 2, 2, 2, 2, 1, 3, 2, 1, 2, 1, 2, 4, 1, -14 ], [ 1, 3, 2, 3, 2, 2, 2, 2, 3, 1, 2, 3, 2, 3, 2, 0, 3, -18 ] ], 
              [ [ 1, 0, 1, 2, 1, 3, 0, 3, 2, 2, 1, 2, 2, 2, 2, 3, 1, -12 ], [ 1, 4, 3, 2, 3, 1, 4, 1, 2, 2, 3, 2, 2, 2, 2, 1, 3, -20 ] ], 
              [ [ 1, 1, 2, 1, 1, 2, 2, 2, 1, 3, 2, 2, 1, 1, 2, 2, 2, -13 ], [ 1, 3, 2, 3, 3, 2, 2, 2, 3, 1, 2, 2, 3, 3, 2, 2, 2, -19 ] ], 
              [ [ 1, 1, 2, 1, 2, 1, 1, 2, 1, 3, 2, 3, 3, 3, 1, 3, 2, -16 ], [ 1, 3, 2, 3, 2, 3, 3, 2, 3, 1, 2, 1, 1, 1, 3, 1, 2, -16 ] ], 
              [ [ 1, 2, 2, 1, 0, 2, 1, 1, 2, 2, 1, 2, 3, 2, 3, 3, 0, -13 ], [ 1, 2, 2, 3, 4, 2, 3, 3, 2, 2, 3, 2, 1, 2, 1, 1, 4, -19 ] ], 
              [ [ 1, 2, 2, 1, 1, 2, 2, 2, 3, 3, 3, 2, 3, 1, 2, 3, 2, -16 ], [ 1, 2, 2, 3, 3, 2, 2, 2, 1, 1, 1, 2, 1, 3, 2, 1, 2, -16 ] ], 
              [ [ 1, 1, 2, 1, 3, 1, 1, 3, 1, 2, 2, 3, 2, 2, 0, 4, 2, -16 ], [ 1, 3, 2, 3, 1, 3, 3, 1, 3, 2, 2, 1, 2, 2, 4, 0, 2, -16 ] ], 
              [ [ 1, 1, 2, 1, 2, 1, 1, 3, 1, 2, 2, 4, 1, 2, 0, 2, 3, -15 ], [ 1, 3, 2, 3, 2, 3, 3, 1, 3, 2, 2, 0, 3, 2, 4, 2, 1, -17 ] ], 
              [ [ 1, 2, 2, 1, 0, 2, 1, 2, 2, 1, 1, 3, 1, 1, 2, 2, 1, -12 ], [ 1, 2, 2, 3, 4, 2, 3, 2, 2, 3, 3, 1, 3, 3, 2, 2, 3, -20 ] ], 
              [ [ 1, 1, 2, 2, 2, 2, 2, 1, 0, 3, 1, 1, 2, 3, 3, 2, 1, -14 ], [ 1, 3, 2, 2, 2, 2, 2, 3, 4, 1, 3, 3, 2, 1, 1, 2, 3, -18 ] ], 
              [ [ 1, 0, 1, 3, 3, 3, 1, 3, 2, 3, 2, 1, 3, 3, 2, 3, 2, -16 ], [ 1, 4, 3, 1, 1, 1, 3, 1, 2, 1, 2, 3, 1, 1, 2, 1, 2, -16 ] ], 
              [ [ 1, 1, 2, 2, 3, 2, 3, 2, 1, 4, 3, 1, 2, 2, 2, 2, 3, -17 ], [ 1, 3, 2, 2, 1, 2, 1, 2, 3, 0, 1, 3, 2, 2, 2, 2, 1, -15 ] ], 
              [ [ 1, 2, 2, 2, 1, 3, 3, 1, 2, 3, 2, 0, 2, 1, 4, 2, 1, -14 ], [ 1, 2, 2, 2, 3, 1, 1, 3, 2, 1, 2, 4, 2, 3, 0, 2, 3, -18 ] ], 
              [ [ 1, 2, 2, 2, 2, 2, 2, 1, 2, 3, 2, 1, 4, 3, 3, 3, 1, -17 ], [ 1, 2, 2, 2, 2, 2, 2, 3, 2, 1, 2, 3, 0, 1, 1, 1, 3, -15 ] ], 
              [ [ 1, 2, 2, 2, 1, 2, 2, 1, 2, 3, 2, 2, 3, 3, 3, 1, 2, -16 ], [ 1, 2, 2, 2, 3, 2, 2, 3, 2, 1, 2, 2, 1, 1, 1, 3, 2, -16 ] ], 
              [ [ 1, 1, 2, 2, 3, 2, 2, 2, 0, 2, 1, 1, 1, 2, 2, 3, 1, -14 ], [ 1, 3, 2, 2, 1, 2, 2, 2, 4, 2, 3, 3, 3, 2, 2, 1, 3, -18 ] ], 
              [ [ 1, 1, 2, 2, 4, 2, 3, 3, 1, 3, 3, 1, 1, 1, 1, 3, 3, -17 ], [ 1, 3, 2, 2, 0, 2, 1, 1, 3, 1, 1, 3, 3, 3, 3, 1, 1, -15 ] ], 
              [ [ 1, 2, 2, 2, 3, 2, 2, 2, 2, 2, 2, 1, 3, 2, 2, 4, 1, -17 ], [ 1, 2, 2, 2, 1, 2, 2, 2, 2, 2, 2, 3, 1, 2, 2, 0, 3, -15 ] ], 
              [ [ 1, 3, 3, 1, 3, 1, 4, 1, 1, 3, 3, 1, 2, 1, 2, 3, 2, -18 ], [ 1, 1, 1, 3, 1, 3, 0, 3, 3, 1, 1, 3, 2, 3, 2, 1, 2, -14 ] ], 
              [ [ 1, 1, 2, 2, 2, 2, 2, 2, 0, 2, 1, 2, 0, 2, 2, 1, 2, -13 ], [ 1, 3, 2, 2, 2, 2, 2, 2, 4, 2, 3, 2, 4, 2, 2, 3, 2, -19 ] ], 
              [ [ 1, 0, 1, 3, 3, 3, 1, 4, 2, 2, 2, 2, 1, 2, 1, 2, 3, -15 ], [ 1, 4, 3, 1, 1, 1, 3, 0, 2, 2, 2, 2, 3, 2, 3, 2, 1, -17 ] ], 
              [ [ 1, 1, 2, 2, 3, 1, 1, 2, 0, 2, 1, 3, 2, 4, 1, 2, 2, -16 ], [ 1, 3, 2, 2, 1, 3, 3, 2, 4, 2, 3, 1, 2, 0, 3, 2, 2, -16 ] ], 
              [ [ 1, 1, 2, 2, 4, 1, 2, 3, 1, 3, 3, 3, 2, 3, 0, 2, 4, -19 ], [ 1, 3, 2, 2, 0, 3, 2, 1, 3, 1, 1, 1, 2, 1, 4, 2, 0, -13 ] ], 
              [ [ 1, 2, 2, 2, 1, 2, 1, 1, 1, 1, 0, 2, 2, 3, 3, 2, 0, -13 ], [ 1, 2, 2, 2, 3, 2, 3, 3, 3, 3, 4, 2, 2, 1, 1, 2, 4, -19 ] ], 
              [ [ 1, 1, 1, 3, 2, 3, 0, 3, 3, 1, 1, 2, 3, 3, 2, 3, 1, -15 ], [ 1, 3, 3, 1, 2, 1, 4, 1, 1, 3, 3, 2, 1, 1, 2, 1, 3, -17 ] ], 
              [ [ 1, 3, 3, 1, 1, 1, 3, 0, 0, 2, 1, 2, 1, 2, 3, 1, 1, -14 ], [ 1, 1, 1, 3, 3, 3, 1, 4, 4, 2, 3, 2, 3, 2, 1, 3, 3, -18 ] ] ],
          slins := [  ] ), 
      [ [ [ -702798, -4829794, -4099506, -1539734, -3797778, -1122738, -309602, -741382, -844638, -344310, -3779698, -2573170, -598402, -4363754, 
                  -3366890, -4134214, -4881198, -5209776 ], [ -4829794, -33204182, -28183463, -10585503, -26108997, -7718797, -2128555, -5097079, 
                  -5806593, -2367183, -25984913, -17690231, -4113933, -30000213, -23146839, -28422091, -33557347, -35816352 ], 
              [ -4099506, -28183463, -23921918, -8984899, -22161123, -6551655, -1806703, -4326363, -4928595, -2009247, -22055801, -15015337, -3491877, 
                  -25463959, -19646865, -24124461, -28483229, -30400656 ], [ -1539734, -10585503, -8984899, -3374666, -8323553, -2460753, -678587, 
                  -1624953, -1851143, -754659, -8283997, -5639651, -1311525, -9564077, -7379217, -9060971, -10698091, -11418264 ], 
              [ -3797778, -26108997, -22161123, -8323553, -20529942, -6069417, -1673715, -4007913, -4565823, -1861353, -20432367, -13910121, -3234853, 
                  -23589663, -18200745, -22348761, -26386701, -28162992 ], [ -1122738, -7718797, -6551655, -2460753, -6069417, -1794350, -494813, 
                  -1184891, -1349825, -550287, -6040573, -4112353, -956343, -6973987, -5380821, -6607129, -7800893, -8326032 ], 
              [ -309602, -2128555, -1806703, -678587, -1673715, -494813, -136454, -326751, -372231, -151749, -1665763, -1134033, -263725, -1923165, 
                  -1483827, -1821999, -2151193, -2296008 ], [ -741382, -5097079, -4326363, -1624953, -4007913, -1184891, -326751, -782442, -891351, 
                  -363381, -3988869, -2715577, -631519, -4605247, -3553203, -4362993, -5151289, -5498064 ], 
              [ -844638, -5806593, -4928595, -1851143, -4565823, -1349825, -372231, -891351, -1015434, -413961, -4544121, -3093585, -719425, -5246299, 
                  -4047813, -4970325, -5868357, -6263400 ], [ -344310, -2367183, -2009247, -754659, -1861353, -550287, -151749, -363381, -413961, -168762, 
                  -1852509, -1261167, -293289, -2138767, -1650177, -2026259, -2392359, -2553408 ], 
              [ -3779698, -25984913, -22055801, -8283997, -20432367, -6040573, -1665763, -3988869, -4544121, -1852509, -20335262, -13844013, -3219479, 
                  -23477553, -18114243, -22242547, -26261293, -28029144 ], [ -2573170, -17690231, -15015337, -5639651, -13910121, -4112353, -1134033, 
                  -2715577, -3093585, -1261167, -13844013, -9424846, -2191785, -15983249, -12331969, -15142471, -17878387, -19081920 ], 
              [ -598402, -4113933, -3491877, -1311525, -3234853, -956343, -263725, -631519, -719425, -293289, -3219479, -2191785, -509710, -3716967, 
                  -2867847, -3521441, -4157689, -4437576 ], [ -4363754, -30000213, -25463959, -9564077, -23589663, -6973987, -1923165, -4605247, -5246299, 
                  -2138767, -23477553, -15983249, -3716967, -27105406, -20913333, -25679561, -30319301, -32360328 ], 
              [ -3366890, -23146839, -19646865, -7379217, -18200745, -5380821, -1483827, -3553203, -4047813, -1650177, -18114243, -12331969, -2867847, 
                  -20913333, -16135806, -19813215, -23393035, -24967800 ], [ -4134214, -28422091, -24124461, -9060971, -22348761, -6607129, -1821999, 
                  -4362993, -4970325, -2026259, -22242547, -15142471, -3521441, -25679561, -19813215, -24328722, -28724395, -30658056 ], 
              [ -4881198, -33557347, -28483229, -10698091, -26386701, -7800893, -2151193, -5151289, -5868357, -2392359, -26261293, -17878387, -4157689, 
                  -30319301, -23393035, -28724395, -33914274, -36197304 ], [ -5209776, -35816352, -30400656, -11418264, -28162992, -8326032, -2296008, 
                  -5498064, -6263400, -2553408, -28029144, -19081920, -4437576, -32360328, -24967800, -30658056, -36197304, -38634024 ] ], 
          [ 1, 2, 2, 2, 2, 2, 2, 2, 2, 2, 2, 2, 2, 2, 2, 2, 2, -16 ] ] ], [ rec(
          nopss := [ 0, 437 ],
          scons := [ [ [ 1, 4, 2, 2, 2, 2, 2, 2, 1, 2, 4, 3, 3, 0, 1, 2, 2, -16 ], [ 1, 0, 2, 2, 2, 2, 2, 2, 3, 2, 0, 1, 1, 4, 3, 2, 2, -16 ] ], 
              [ [ 1, 2, 2, 2, 3, 1, 2, 2, 2, 2, 3, 3, 2, 1, 1, 3, 2, -16 ], [ 1, 2, 2, 2, 1, 3, 2, 2, 2, 2, 1, 1, 2, 3, 3, 1, 2, -16 ] ], 
              [ [ 1, 2, 2, 2, 3, 2, 1, 4, 2, 3, 4, 3, 2, 1, 1, 3, 2, -18 ], [ 1, 2, 2, 2, 1, 2, 3, 0, 2, 1, 0, 1, 2, 3, 3, 1, 2, -14 ] ], 
              [ [ 1, 0, 1, 3, 3, 3, 1, 3, 2, 1, 3, 2, 2, 1, 0, 3, 1, -15 ], [ 1, 4, 3, 1, 1, 1, 3, 1, 2, 3, 1, 2, 2, 3, 4, 1, 3, -17 ] ], 
              [ [ 1, 3, 2, 3, 2, 2, 3, 1, 3, 1, 3, 3, 3, 1, 1, 2, 2, -16 ], [ 1, 1, 2, 1, 2, 2, 1, 3, 1, 3, 1, 1, 1, 3, 3, 2, 2, -16 ] ], 
              [ [ 1, 2, 2, 2, 2, 2, 3, 2, 3, 3, 4, 4, 2, 0, 2, 2, 2, -17 ], [ 1, 2, 2, 2, 2, 2, 1, 2, 1, 1, 0, 0, 2, 4, 2, 2, 2, -15 ] ], 
              [ [ 1, 2, 2, 1, 3, 0, 3, 3, 3, 3, 4, 3, 2, 1, 1, 1, 1, -15 ], [ 1, 2, 2, 3, 1, 4, 1, 1, 1, 1, 0, 1, 2, 3, 3, 3, 3, -17 ] ], 
              [ [ 1, 2, 2, 2, 2, 1, 2, 2, 3, 1, 3, 3, 2, 1, 1, 3, 2, -15 ], [ 1, 2, 2, 2, 2, 3, 2, 2, 1, 3, 1, 1, 2, 3, 3, 1, 2, -17 ] ], 
              [ [ 1, 3, 3, 1, 1, 3, 3, 1, 1, 1, 3, 2, 3, 0, 2, 2, 3, -16 ], [ 1, 1, 1, 3, 3, 1, 1, 3, 3, 3, 1, 2, 1, 4, 2, 2, 1, -16 ] ], 
              [ [ 1, 1, 2, 3, 3, 2, 2, 3, 4, 2, 3, 3, 2, 2, 1, 3, 2, -18 ], [ 1, 3, 2, 1, 1, 2, 2, 1, 0, 2, 1, 1, 2, 2, 3, 1, 2, -14 ] ], 
              [ [ 1, 1, 3, 2, 2, 4, 2, 2, 2, 2, 3, 2, 3, 0, 2, 2, 2, -18 ], [ 1, 3, 1, 2, 2, 0, 2, 2, 2, 2, 1, 2, 1, 4, 2, 2, 2, -14 ] ], 
              [ [ 1, 3, 1, 1, 1, 1, 1, 3, 1, 3, 6, 3, 1, 1, 1, 1, 1, -13 ], [ 1, 1, 3, 3, 3, 3, 3, 1, 3, 1, -2, 1, 3, 3, 3, 3, 3, -19 ] ], 
              [ [ 1, 4, 3, 1, 2, 1, 3, 1, 2, 3, 4, 4, 2, 0, 2, 1, 3, -16 ], [ 1, 0, 1, 3, 2, 3, 1, 3, 2, 1, 0, 0, 2, 4, 2, 3, 1, -16 ] ], 
              [ [ 1, 2, 2, 2, 2, 3, 2, 2, 2, 2, 4, 3, 2, 0, 1, 1, 2, -15 ], [ 1, 2, 2, 2, 2, 1, 2, 2, 2, 2, 0, 1, 2, 4, 3, 3, 2, -17 ] ], 
              [ [ 1, 3, 2, 2, 1, 2, 1, 2, 1, 3, 4, 2, 3, 0, 2, 1, 1, -15 ], [ 1, 1, 2, 2, 3, 2, 3, 2, 3, 1, 0, 2, 1, 4, 2, 3, 3, -17 ] ], 
              [ [ 1, 3, 3, 0, 1, 1, 2, 2, 1, 2, 4, 3, 1, 0, 1, 2, 2, -13 ], [ 1, 1, 1, 4, 3, 3, 2, 2, 3, 2, 0, 1, 3, 4, 3, 2, 2, -19 ] ], 
              [ [ 1, 2, 3, 1, 2, 2, 2, 3, 2, 3, 4, 3, 1, 1, 1, 2, 2, -16 ], [ 1, 2, 1, 3, 2, 2, 2, 1, 2, 1, 0, 1, 3, 3, 3, 2, 2, -16 ] ], 
              [ [ 1, 3, 1, 1, 1, 1, 2, 3, 3, 4, 4, 3, 3, 0, 1, 1, 3, -14 ], [ 1, 1, 3, 3, 3, 3, 2, 1, 1, 0, 0, 1, 1, 4, 3, 3, 1, -18 ] ], 
              [ [ 1, 2, 3, 2, 1, 3, 1, 2, 2, 1, 3, 3, 1, 1, 1, 4, 3, -16 ], [ 1, 2, 1, 2, 3, 1, 3, 2, 2, 3, 1, 1, 3, 3, 3, 0, 1, -16 ] ], 
              [ [ 1, 1, 1, 2, 1, 3, 2, 2, 1, 3, 4, 2, 2, 0, 2, 1, 1, -14 ], [ 1, 3, 3, 2, 3, 1, 2, 2, 3, 1, 0, 2, 2, 4, 2, 3, 3, -18 ] ], 
              [ [ 1, 2, 3, 2, 2, 3, 1, 2, 0, 1, 4, 2, 1, 1, 2, 2, 1, -16 ], [ 1, 2, 1, 2, 2, 1, 3, 2, 4, 3, 0, 2, 3, 3, 2, 2, 3, -16 ] ], 
              [ [ 1, 3, 2, 2, 2, 1, 3, 2, 3, 3, 3, 4, 2, 0, 2, 2, 3, -16 ], [ 1, 1, 2, 2, 2, 3, 1, 2, 1, 1, 1, 0, 2, 4, 2, 2, 1, -16 ] ], 
              [ [ 1, 3, 3, 1, 1, 3, 3, 1, 1, 3, 3, 3, 3, -2, 3, 1, 3, -16 ], [ 1, 1, 1, 3, 3, 1, 1, 3, 3, 1, 1, 1, 1, 6, 1, 3, 1, -16 ] ], 
              [ [ 1, 2, 1, 3, 2, 2, 2, 1, 2, 2, 3, 2, 3, 1, 2, 1, 2, -15 ], [ 1, 2, 3, 1, 2, 2, 2, 3, 2, 2, 1, 2, 1, 3, 2, 3, 2, -17 ] ], 
              [ [ 1, 3, 1, 2, 1, 2, 1, 2, 1, 2, 4, 2, 3, 0, 2, 1, 2, -14 ], [ 1, 1, 3, 2, 3, 2, 3, 2, 3, 2, 0, 2, 1, 4, 2, 3, 2, -18 ] ], 
              [ [ 1, 2, 2, 1, 2, 1, 3, 1, 2, 1, 3, 3, 1, 1, 1, 2, 3, -13 ], [ 1, 2, 2, 3, 2, 3, 1, 3, 2, 3, 1, 1, 3, 3, 3, 2, 1, -19 ] ], 
              [ [ 1, 2, 2, 2, 2, 2, 1, 2, 2, 0, 3, 2, 2, 1, 0, 2, 2, -13 ], [ 1, 2, 2, 2, 2, 2, 3, 2, 2, 4, 1, 2, 2, 3, 4, 2, 2, -19 ] ], 
              [ [ 1, 0, 2, 2, 3, 2, 2, 2, 3, 2, 3, 3, 1, 1, 1, 2, 2, -15 ], [ 1, 4, 2, 2, 1, 2, 2, 2, 1, 2, 1, 1, 3, 3, 3, 2, 2, -17 ] ], 
              [ [ 1, 1, 2, 1, 2, 2, 1, 3, 2, 2, 4, 3, 1, 0, 1, 2, 2, -14 ], [ 1, 3, 2, 3, 2, 2, 3, 1, 2, 2, 0, 1, 3, 4, 3, 2, 2, -18 ] ], 
              [ [ 1, 2, 2, 1, 2, 2, 2, 3, 2, 2, 4, 3, 1, 1, 1, 2, 3, -15 ], [ 1, 2, 2, 3, 2, 2, 2, 1, 2, 2, 0, 1, 3, 3, 3, 2, 1, -17 ] ], 
              [ [ 1, 2, 3, 2, 4, 1, 3, 2, 2, 1, 3, 3, 1, 1, 1, 1, 1, -15 ], [ 1, 2, 1, 2, 0, 3, 1, 2, 2, 3, 1, 1, 3, 3, 3, 3, 3, -17 ] ], 
              [ [ 1, 1, 1, 2, 1, 2, 1, 2, 1, 1, 3, 1, 2, 1, 1, 2, 1, -12 ], [ 1, 3, 3, 2, 3, 2, 3, 2, 3, 3, 1, 3, 2, 3, 3, 2, 3, -20 ] ], 
              [ [ 1, 2, 3, 2, 2, 3, 2, 2, 2, 2, 2, 2, 3, 0, 2, 2, 3, -17 ], [ 1, 2, 1, 2, 2, 1, 2, 2, 2, 2, 2, 2, 1, 4, 2, 2, 1, -15 ] ], 
              [ [ 1, 3, 2, 1, 0, 2, 2, 1, 1, 2, 4, 2, 2, 0, 2, 0, 2, -12 ], [ 1, 1, 2, 3, 4, 2, 2, 3, 3, 2, 0, 2, 2, 4, 2, 4, 2, -20 ] ], 
              [ [ 1, 2, 2, 4, 2, 2, 1, 1, 2, 1, 3, 2, 2, 1, 0, 3, 1, -14 ], [ 1, 2, 2, 0, 2, 2, 3, 3, 2, 3, 1, 2, 2, 3, 4, 1, 3, -18 ] ], 
              [ [ 1, 2, 2, 3, 2, 2, 2, 2, 2, 3, 4, 3, 1, 1, 1, 3, 2, -16 ], [ 1, 2, 2, 1, 2, 2, 2, 2, 2, 1, 0, 1, 3, 3, 3, 1, 2, -16 ] ], 
              [ [ 1, 3, 3, 3, 2, 3, 2, 0, 1, 2, 3, 2, 3, 0, 2, 2, 3, -17 ], [ 1, 1, 1, 1, 2, 1, 2, 4, 3, 2, 1, 2, 1, 4, 2, 2, 1, -15 ] ], 
              [ [ 1, 2, 1, 3, 3, 1, 2, 2, 2, 2, 4, 2, 2, 1, 0, 1, 1, -13 ], [ 1, 2, 3, 1, 1, 3, 2, 2, 2, 2, 0, 2, 2, 3, 4, 3, 3, -19 ] ], 
              [ [ 1, 3, 2, 1, 2, 1, 4, 2, 3, 2, 2, 2, 3, 1, 1, 2, 3, -15 ], [ 1, 1, 2, 3, 2, 3, 0, 2, 1, 2, 2, 2, 1, 3, 3, 2, 1, -17 ] ], 
              [ [ 1, 1, 2, 2, 3, 2, 3, 3, 4, 3, 2, 2, 3, 1, 1, 2, 2, -17 ], [ 1, 3, 2, 2, 1, 2, 1, 1, 0, 1, 2, 2, 1, 3, 3, 2, 2, -15 ] ], 
              [ [ 1, 2, 1, 2, 1, 3, 1, 3, 2, 3, 4, 2, 2, 1, 1, 2, 2, -15 ], [ 1, 2, 3, 2, 3, 1, 3, 1, 2, 1, 0, 2, 2, 3, 3, 2, 2, -17 ] ], 
              [ [ 1, 2, 1, 1, 2, 1, 1, 4, 2, 3, 4, 1, 2, 2, 0, 1, 1, -13 ], [ 1, 2, 3, 3, 2, 3, 3, 0, 2, 1, 0, 3, 2, 2, 4, 3, 3, -19 ] ], 
              [ [ 1, 2, 3, 1, 1, 3, 2, 2, 2, 2, 2, 2, 2, 0, 1, 3, 3, -15 ], [ 1, 2, 1, 3, 3, 1, 2, 2, 2, 2, 2, 2, 2, 4, 3, 1, 1, -17 ] ], 
              [ [ 1, 2, 1, 2, 1, 2, 0, 3, 2, 1, 3, 1, 2, 2, 0, 3, 2, -13 ], [ 1, 2, 3, 2, 3, 2, 4, 1, 2, 3, 1, 3, 2, 2, 4, 1, 2, -19 ] ], 
              [ [ 1, 2, 2, 2, 3, 1, 2, 3, 2, 2, 3, 2, 1, 2, 1, 2, 1, -15 ], [ 1, 2, 2, 2, 1, 3, 2, 1, 2, 2, 1, 2, 3, 2, 3, 2, 3, -17 ] ], 
              [ [ 1, 2, 3, 1, 2, 3, 2, 2, 0, 2, 3, 1, 2, 0, 2, 1, 1, -15 ], [ 1, 2, 1, 3, 2, 1, 2, 2, 4, 2, 1, 3, 2, 4, 2, 3, 3, -17 ] ], 
              [ [ 1, 2, 2, 0, 2, 2, 3, 3, 2, 3, 3, 2, 2, 0, 1, 1, 3, -14 ], [ 1, 2, 2, 4, 2, 2, 1, 1, 2, 1, 1, 2, 2, 4, 3, 3, 1, -18 ] ], 
              [ [ 1, 2, 2, 2, 2, 2, 3, 2, 2, 2, 3, 1, 2, 2, 0, 3, 2, -15 ], [ 1, 2, 2, 2, 2, 2, 1, 2, 2, 2, 1, 3, 2, 2, 4, 1, 2, -17 ] ], 
              [ [ 1, 2, 3, 3, 2, 3, 1, 1, 2, 1, 2, 1, 2, 2, 0, 4, 3, -16 ], [ 1, 2, 1, 1, 2, 1, 3, 3, 2, 3, 2, 3, 2, 2, 4, 0, 1, -16 ] ], 
              [ [ 1, 3, 2, 3, 2, 2, 3, 1, 2, 2, 2, 1, 3, 1, 0, 2, 2, -14 ], [ 1, 1, 2, 1, 2, 2, 1, 3, 2, 2, 2, 3, 1, 3, 4, 2, 2, -18 ] ], 
              [ [ 1, 2, 2, 2, 2, 2, 3, 2, 2, 4, 3, 2, 2, 0, 1, 2, 2, -15 ], [ 1, 2, 2, 2, 2, 2, 1, 2, 2, 0, 1, 2, 2, 4, 3, 2, 2, -17 ] ], 
              [ [ 1, 2, 0, 3, 2, 1, 1, 3, 2, 3, 4, 1, 2, 2, 0, 2, 1, -13 ], [ 1, 2, 4, 1, 2, 3, 3, 1, 2, 1, 0, 3, 2, 2, 4, 2, 3, -19 ] ], 
              [ [ 1, 3, 4, 2, 3, 2, 2, 2, 1, 2, 3, 2, 1, 1, 1, 3, 2, -17 ], [ 1, 1, 0, 2, 1, 2, 2, 2, 3, 2, 1, 2, 3, 3, 3, 1, 2, -15 ] ], 
              [ [ 1, 3, 2, 3, 3, 1, 3, 1, 3, 3, 2, 2, 3, 1, 1, 2, 3, -16 ], [ 1, 1, 2, 1, 1, 3, 1, 3, 1, 1, 2, 2, 1, 3, 3, 2, 1, -16 ] ], 
              [ [ 1, 1, 1, 3, 3, 1, 1, 3, 3, 1, 3, 1, 1, 3, -2, 3, 1, -12 ], [ 1, 3, 3, 1, 1, 3, 3, 1, 1, 3, 1, 3, 3, 1, 6, 1, 3, -20 ] ], 
              [ [ 1, 2, 2, 2, 3, 2, 2, 2, 2, 2, 3, 1, 2, 2, 0, 2, 3, -15 ], [ 1, 2, 2, 2, 1, 2, 2, 2, 2, 2, 1, 3, 2, 2, 4, 2, 1, -17 ] ], 
              [ [ 1, 1, 3, 3, 3, 3, 2, 1, 1, 0, 2, 1, 1, 1, 0, 3, 1, -14 ], [ 1, 3, 1, 1, 1, 1, 2, 3, 3, 4, 2, 3, 3, 3, 4, 1, 3, -18 ] ], 
              [ [ 1, 1, 1, 4, 3, 3, 2, 2, 3, 2, 2, 1, 3, 1, 0, 2, 2, -15 ], [ 1, 3, 3, 0, 1, 1, 2, 2, 1, 2, 2, 3, 1, 3, 4, 2, 2, -17 ] ], 
              [ [ 1, 2, 2, 2, 2, 1, 2, 2, 2, 2, 2, 1, 2, 1, 0, 3, 2, -13 ], [ 1, 2, 2, 2, 2, 3, 2, 2, 2, 2, 2, 3, 2, 3, 4, 1, 2, -19 ] ], 
              [ [ 1, 1, 2, 3, 3, 2, 2, 3, 3, 3, 2, 1, 2, 2, 0, 3, 2, -16 ], [ 1, 3, 2, 1, 1, 2, 2, 1, 1, 1, 2, 3, 2, 2, 4, 1, 2, -16 ] ], 
              [ [ 1, 2, 3, 2, 2, 2, 2, 2, 3, 2, 3, 1, 2, 2, 0, 2, 2, -15 ], [ 1, 2, 1, 2, 2, 2, 2, 2, 1, 2, 1, 3, 2, 2, 4, 2, 2, -17 ] ], 
              [ [ 1, 1, 1, 3, 1, 3, 2, 1, 2, 2, 3, 0, 3, 1, 1, 1, 1, -13 ], [ 1, 3, 3, 1, 3, 1, 2, 3, 2, 2, 1, 4, 1, 3, 3, 3, 3, -19 ] ], 
              [ [ 1, 2, 1, 2, 1, 1, 2, 2, 2, 3, 4, 1, 1, 2, 0, 1, 1, -11 ], [ 1, 2, 3, 2, 3, 3, 2, 2, 2, 1, 0, 3, 3, 2, 4, 3, 3, -21 ] ], 
              [ [ 1, 4, 3, 1, 1, 1, 3, 1, 2, 3, 3, 2, 2, 0, 1, 1, 3, -13 ], [ 1, 0, 1, 3, 3, 3, 1, 3, 2, 1, 1, 2, 2, 4, 3, 3, 1, -19 ] ], 
              [ [ 1, 3, 2, 2, 1, 2, 2, 0, 1, 2, 3, 0, 3, 1, 1, 0, 2, -12 ], [ 1, 1, 2, 2, 3, 2, 2, 4, 3, 2, 1, 4, 1, 3, 3, 4, 2, -20 ] ], 
              [ [ 1, 2, 1, 3, 1, 2, 2, 1, 2, 2, 2, 0, 3, 1, 1, 1, 2, -12 ], [ 1, 2, 3, 1, 3, 2, 2, 3, 2, 2, 2, 4, 1, 3, 3, 3, 2, -20 ] ], 
              [ [ 1, 0, 2, 2, 2, 2, 2, 2, 3, 2, 2, 1, 1, 1, 0, 2, 2, -12 ], [ 1, 4, 2, 2, 2, 2, 2, 2, 1, 2, 2, 3, 3, 3, 4, 2, 2, -20 ] ], 
              [ [ 1, 3, 3, 1, 3, 1, 3, 3, 3, 3, 3, 6, 1, 1, 3, 3, 3, -20 ], [ 1, 1, 1, 3, 1, 3, 1, 1, 1, 1, 1, -2, 3, 3, 1, 1, 1, -12 ] ], 
              [ [ 1, 2, 2, 2, 3, 2, 2, 2, 2, 2, 3, 4, 2, 2, 3, 2, 2, -19 ], [ 1, 2, 2, 2, 1, 2, 2, 2, 2, 2, 1, 0, 2, 2, 1, 2, 2, -13 ] ], 
              [ [ 1, 3, 2, 1, 2, 2, 1, 3, 1, 2, 4, 4, 2, 1, 3, 2, 2, -18 ], [ 1, 1, 2, 3, 2, 2, 3, 1, 3, 2, 0, 0, 2, 3, 1, 2, 2, -14 ] ], 
              [ [ 1, 2, 2, 2, 2, 2, 1, 4, 2, 3, 3, 4, 2, 1, 3, 3, 1, -19 ], [ 1, 2, 2, 2, 2, 2, 3, 0, 2, 1, 1, 0, 2, 3, 1, 1, 3, -13 ] ], 
              [ [ 1, 1, 2, 1, 2, 2, 1, 3, 1, 1, 3, 3, 1, 2, 2, 3, 1, -16 ], [ 1, 3, 2, 3, 2, 2, 3, 1, 3, 3, 1, 1, 3, 2, 2, 1, 3, -16 ] ], 
              [ [ 1, 1, 0, 2, 2, 2, 1, 4, 3, 3, 3, 3, 3, 2, 2, 2, 2, -17 ], [ 1, 3, 4, 2, 2, 2, 3, 0, 1, 1, 1, 1, 1, 2, 2, 2, 2, -15 ] ], 
              [ [ 1, 2, 4, 1, 3, 3, 2, 3, 2, 2, 2, 4, 2, 1, 3, 3, 3, -21 ], [ 1, 2, 0, 3, 1, 1, 2, 1, 2, 2, 2, 0, 2, 3, 1, 1, 1, -11 ] ], 
              [ [ 1, 2, 1, 1, 3, 0, 3, 3, 2, 3, 3, 4, 2, 1, 3, 1, 1, -16 ], [ 1, 2, 3, 3, 1, 4, 1, 1, 2, 1, 1, 0, 2, 3, 1, 3, 3, -16 ] ], 
              [ [ 1, 1, 1, 3, 3, 2, 2, 3, 3, 2, 2, 4, 2, 2, 3, 3, 2, -19 ], [ 1, 3, 3, 1, 1, 2, 2, 1, 1, 2, 2, 0, 2, 2, 1, 1, 2, -13 ] ], 
              [ [ 1, 1, 2, 2, 2, 4, 2, 2, 1, 2, 2, 3, 3, 0, 4, 2, 2, -19 ], [ 1, 3, 2, 2, 2, 0, 2, 2, 3, 2, 2, 1, 1, 4, 0, 2, 2, -13 ] ], 
              [ [ 1, 2, 2, 1, 2, 2, 2, 3, 1, 3, 3, 4, 1, 1, 3, 2, 2, -17 ], [ 1, 2, 2, 3, 2, 2, 2, 1, 3, 1, 1, 0, 3, 3, 1, 2, 2, -15 ] ], 
              [ [ 1, 2, 2, 2, 2, 2, 2, 2, 3, 1, 3, 4, 2, 2, 3, 2, 2, -18 ], [ 1, 2, 2, 2, 2, 2, 2, 2, 1, 3, 1, 0, 2, 2, 1, 2, 2, -14 ] ], 
              [ [ 1, 3, 3, 0, 1, 2, 2, 2, 1, 2, 4, 4, 1, 1, 3, 1, 2, -16 ], [ 1, 1, 1, 4, 3, 2, 2, 2, 3, 2, 0, 0, 3, 3, 1, 3, 2, -16 ] ], 
              [ [ 1, 2, 2, 1, 1, 2, 2, 3, 2, 2, 3, 4, 1, 1, 3, 2, 2, -16 ], [ 1, 2, 2, 3, 3, 2, 2, 1, 2, 2, 1, 0, 3, 3, 1, 2, 2, -16 ] ], 
              [ [ 1, 1, 1, 2, 1, 3, 1, 2, 1, 1, 3, 2, 2, 2, 3, 1, 1, -15 ], [ 1, 3, 3, 2, 3, 1, 3, 2, 3, 3, 1, 2, 2, 2, 1, 3, 3, -17 ] ], 
              [ [ 1, 3, 3, 1, 1, 3, 2, 1, 1, 1, 2, 3, 3, 0, 4, 1, 3, -17 ], [ 1, 1, 1, 3, 3, 1, 2, 3, 3, 3, 2, 1, 1, 4, 0, 3, 1, -15 ] ], 
              [ [ 1, 2, 3, 3, 3, 3, 2, 2, 2, 2, 2, 4, 2, 1, 3, 4, 3, -21 ], [ 1, 2, 1, 1, 1, 1, 2, 2, 2, 2, 2, 0, 2, 3, 1, 0, 1, -11 ] ], 
              [ [ 1, 1, 2, 3, 2, 3, 2, 2, 4, 2, 2, 3, 3, 2, 2, 3, 3, -19 ], [ 1, 3, 2, 1, 2, 1, 2, 2, 0, 2, 2, 1, 1, 2, 2, 1, 1, -13 ] ], 
              [ [ 1, 2, 3, 2, 3, 1, 4, 1, 3, 2, 2, 4, 2, 1, 3, 2, 2, -18 ], [ 1, 2, 1, 2, 1, 3, 0, 3, 1, 2, 2, 0, 2, 3, 1, 2, 2, -14 ] ], 
              [ [ 1, 3, 2, 2, 1, 2, 2, 1, 1, 2, 4, 4, 1, 1, 3, 2, 2, -16 ], [ 1, 1, 2, 2, 3, 2, 2, 3, 3, 2, 0, 0, 3, 3, 1, 2, 2, -16 ] ], 
              [ [ 1, 2, 2, 4, 2, 3, 1, 1, 2, 1, 3, 3, 2, 2, 2, 2, 1, -17 ], [ 1, 2, 2, 0, 2, 1, 3, 3, 2, 3, 1, 1, 2, 2, 2, 2, 3, -15 ] ], 
              [ [ 1, 3, 1, 3, 1, 1, 1, 2, 3, 3, 3, 3, 3, 2, 2, 2, 2, -16 ], [ 1, 1, 3, 1, 3, 3, 3, 2, 1, 1, 1, 1, 1, 2, 2, 2, 2, -16 ] ], 
              [ [ 1, 3, 2, 1, 2, 0, 2, 2, 1, 2, 4, 3, 1, 2, 2, 1, 1, -14 ], [ 1, 1, 2, 3, 2, 4, 2, 2, 3, 2, 0, 1, 3, 2, 2, 3, 3, -18 ] ], 
              [ [ 1, 3, 3, 3, 1, 3, 2, 0, 1, 2, 2, 3, 3, 0, 4, 2, 2, -18 ], [ 1, 1, 1, 1, 3, 1, 2, 4, 3, 2, 2, 1, 1, 4, 0, 2, 2, -14 ] ], 
              [ [ 1, 1, 0, 3, 1, 2, 2, 2, 3, 3, 3, 3, 2, 2, 2, 2, 2, -15 ], [ 1, 3, 4, 1, 3, 2, 2, 2, 1, 1, 1, 1, 2, 2, 2, 2, 2, -17 ] ], 
              [ [ 1, 2, 4, 2, 2, 3, 3, 1, 2, 2, 2, 4, 1, 1, 3, 3, 3, -19 ], [ 1, 2, 0, 2, 2, 1, 1, 3, 2, 2, 2, 0, 3, 3, 1, 1, 1, -13 ] ], 
              [ [ 1, 1, 2, 3, 2, 2, 0, 2, 2, 1, 3, 3, 1, 2, 2, 3, 1, -16 ], [ 1, 3, 2, 1, 2, 2, 4, 2, 2, 3, 1, 1, 3, 2, 2, 1, 3, -16 ] ], 
              [ [ 1, 2, 2, 3, 2, 2, 1, 2, 2, 1, 3, 3, 1, 3, 2, 3, 2, -17 ], [ 1, 2, 2, 1, 2, 2, 3, 2, 2, 3, 1, 1, 3, 1, 2, 1, 2, -15 ] ], 
              [ [ 1, 2, 3, 2, 1, 4, 1, 1, 0, 1, 3, 2, 2, 1, 3, 2, 2, -17 ], [ 1, 2, 1, 2, 3, 0, 3, 3, 4, 3, 1, 2, 2, 3, 1, 2, 2, -15 ] ], 
              [ [ 1, 3, 2, 2, 1, 2, 3, 1, 3, 3, 2, 4, 3, 0, 3, 2, 4, -17 ], [ 1, 1, 2, 2, 3, 2, 1, 3, 1, 1, 2, 0, 1, 4, 1, 2, 0, -15 ] ], 
              [ [ 1, 2, 1, 3, 1, 3, 2, 0, 2, 2, 2, 2, 4, 1, 3, 1, 3, -16 ], [ 1, 2, 3, 1, 3, 1, 2, 4, 2, 2, 2, 2, 0, 3, 1, 3, 1, -16 ] ], 
              [ [ 1, 2, 1, 3, 2, 1, 2, 2, 2, 2, 3, 3, 2, 1, 2, 1, 0, -14 ], [ 1, 2, 3, 1, 2, 3, 2, 2, 2, 2, 1, 1, 2, 3, 2, 3, 4, -18 ] ], 
              [ [ 1, 3, 2, 2, 2, 2, 3, 1, 1, 3, 3, 3, 3, 0, 4, 0, 2, -17 ], [ 1, 1, 2, 2, 2, 2, 1, 3, 3, 1, 1, 1, 1, 4, 0, 4, 2, -15 ] ], 
              [ [ 1, 2, 3, 2, 3, 2, 3, 1, 2, 1, 2, 3, 2, 1, 2, 1, 2, -16 ], [ 1, 2, 1, 2, 1, 2, 1, 3, 2, 3, 2, 1, 2, 3, 2, 3, 2, -16 ] ], 
              [ [ 1, 1, 2, 2, 2, 2, 3, 1, 1, 2, 2, 2, 2, 1, 3, 1, 1, -15 ], [ 1, 3, 2, 2, 2, 2, 1, 3, 3, 2, 2, 2, 2, 3, 1, 3, 3, -17 ] ], 
              [ [ 1, 2, 2, 3, 2, 2, 1, 2, 2, 3, 3, 4, 1, 1, 3, 2, 2, -17 ], [ 1, 2, 2, 1, 2, 2, 3, 2, 2, 1, 1, 0, 3, 3, 1, 2, 2, -15 ] ], 
              [ [ 1, 1, 2, 2, 2, 2, 1, 1, 1, 1, 3, 3, 0, 2, 2, 2, 2, -14 ], [ 1, 3, 2, 2, 2, 2, 3, 3, 3, 3, 1, 1, 4, 2, 2, 2, 2, -18 ] ], 
              [ [ 1, 3, 2, 2, 3, 2, 3, 3, 3, 3, 2, 3, 4, 2, 3, 2, 2, -21 ], [ 1, 1, 2, 2, 1, 2, 1, 1, 1, 1, 2, 1, 0, 2, 1, 2, 2, -11 ] ], 
              [ [ 1, 3, 3, 0, 3, 1, 4, 3, 3, 2, 2, 4, 2, 2, 2, 3, 3, -19 ], [ 1, 1, 1, 4, 1, 3, 0, 1, 1, 2, 2, 0, 2, 2, 2, 1, 1, -13 ] ], 
              [ [ 1, 2, 2, 1, 2, 2, 2, 4, 2, 2, 2, 2, 3, 2, 2, 3, 1, -18 ], [ 1, 2, 2, 3, 2, 2, 2, 0, 2, 2, 2, 2, 1, 2, 2, 1, 3, -14 ] ], 
              [ [ 1, 1, 1, 2, 3, 2, 3, 3, 3, 1, 1, 2, 3, 3, 2, 3, 2, -18 ], [ 1, 3, 3, 2, 1, 2, 1, 1, 1, 3, 3, 2, 1, 1, 2, 1, 2, -14 ] ], 
              [ [ 1, 4, 3, 1, 1, 3, 2, 2, 1, 2, 2, 3, 3, 1, 3, 3, 3, -19 ], [ 1, 0, 1, 3, 3, 1, 2, 2, 3, 2, 2, 1, 1, 3, 1, 1, 1, -13 ] ], 
              [ [ 1, 2, 2, 1, 2, 2, 0, 4, 2, 1, 3, 3, 1, 3, 1, 4, 2, -17 ], [ 1, 2, 2, 3, 2, 2, 4, 0, 2, 3, 1, 1, 3, 1, 3, 0, 2, -15 ] ], 
              [ [ 1, 3, 1, 1, 2, 1, 2, 4, 2, 2, 3, 3, 2, 2, 1, 2, 1, -15 ], [ 1, 1, 3, 3, 2, 3, 2, 0, 2, 2, 1, 1, 2, 2, 3, 2, 3, -17 ] ], 
              [ [ 1, 2, 3, 1, 4, 1, 2, 4, 2, 2, 3, 4, 0, 3, 2, 3, 1, -19 ], [ 1, 2, 1, 3, 0, 3, 2, 0, 2, 2, 1, 0, 4, 1, 2, 1, 3, -13 ] ], 
              [ [ 1, 3, 1, 1, 3, 0, 2, 4, 3, 3, 3, 4, 2, 2, 2, 2, 2, -17 ], [ 1, 1, 3, 3, 1, 4, 2, 0, 1, 1, 1, 0, 2, 2, 2, 2, 2, -15 ] ], 
              [ [ 1, 4, 2, 0, 2, 2, 3, 3, 1, 3, 3, 3, 3, 1, 3, 1, 3, -18 ], [ 1, 0, 2, 4, 2, 2, 1, 1, 3, 1, 1, 1, 1, 3, 1, 3, 1, -14 ] ], 
              [ [ 1, 2, 2, 2, 2, 4, 1, 3, 2, 2, 2, 3, 3, 1, 3, 3, 3, -20 ], [ 1, 2, 2, 2, 2, 0, 3, 1, 2, 2, 2, 1, 1, 3, 1, 1, 1, -12 ] ], 
              [ [ 1, 2, 3, 1, 2, 3, 1, 4, 2, 3, 2, 3, 2, 2, 3, 4, 3, -21 ], [ 1, 2, 1, 3, 2, 1, 3, 0, 2, 1, 2, 1, 2, 2, 1, 0, 1, -11 ] ], 
              [ [ 1, 3, 2, 1, 2, 2, 3, 4, 2, 4, 2, 3, 3, 1, 3, 2, 2, -19 ], [ 1, 1, 2, 3, 2, 2, 1, 0, 2, 0, 2, 1, 1, 3, 1, 2, 2, -13 ] ], 
              [ [ 1, 1, 1, 1, 3, 0, 2, 4, 3, 2, 2, 3, 1, 3, 1, 3, 1, -15 ], [ 1, 3, 3, 3, 1, 4, 2, 0, 1, 2, 2, 1, 3, 1, 3, 1, 3, -17 ] ], 
              [ [ 1, 2, 2, 0, 2, 2, 3, 3, 1, 2, 2, 2, 2, 2, 2, 2, 2, -16 ], [ 1, 2, 2, 4, 2, 2, 1, 1, 3, 2, 2, 2, 2, 2, 2, 2, 2, -16 ] ], 
              [ [ 1, 1, 1, 1, 3, 1, 1, 6, 3, 3, 3, 3, 1, 3, 1, 3, 1, -17 ], [ 1, 3, 3, 3, 1, 3, 3, -2, 1, 1, 1, 1, 3, 1, 3, 1, 3, -15 ] ], 
              [ [ 1, 2, 3, 1, 4, 1, 3, 4, 4, 3, 1, 4, 2, 2, 2, 3, 3, -20 ], [ 1, 2, 1, 3, 0, 3, 1, 0, 0, 1, 3, 0, 2, 2, 2, 1, 1, -12 ] ], 
              [ [ 1, 2, 2, 0, 3, 1, 3, 3, 2, 3, 2, 3, 2, 2, 3, 2, 3, -18 ], [ 1, 2, 2, 4, 1, 3, 1, 1, 2, 1, 2, 1, 2, 2, 1, 2, 1, -14 ] ], 
              [ [ 1, 2, 2, 1, 3, 2, 1, 4, 2, 2, 2, 2, 3, 2, 2, 2, 2, -18 ], [ 1, 2, 2, 3, 1, 2, 3, 0, 2, 2, 2, 2, 1, 2, 2, 2, 2, -14 ] ], 
              [ [ 1, 0, 2, 2, 2, 4, 1, 3, 2, 1, 1, 2, 2, 2, 2, 4, 2, -18 ], [ 1, 4, 2, 2, 2, 0, 3, 1, 2, 3, 3, 2, 2, 2, 2, 0, 2, -14 ] ], 
              [ [ 1, 2, 3, 2, 3, 3, 2, 3, 1, 0, 1, 2, 2, 2, 2, 3, 1, -18 ], [ 1, 2, 1, 2, 1, 1, 2, 1, 3, 4, 3, 2, 2, 2, 2, 1, 3, -14 ] ], 
              [ [ 1, 1, 3, 1, 3, 3, 2, 4, 1, 2, 2, 3, 1, 1, 3, 3, 1, -19 ], [ 1, 3, 1, 3, 1, 1, 2, 0, 3, 2, 2, 1, 3, 3, 1, 1, 3, -13 ] ], 
              [ [ 1, 1, 1, 2, 3, 2, 3, 3, 3, 3, 1, 3, 3, 1, 3, 2, 2, -18 ], [ 1, 3, 3, 2, 1, 2, 1, 1, 1, 1, 3, 1, 1, 3, 1, 2, 2, -14 ] ], 
              [ [ 1, 2, 3, 2, 4, 2, 2, 3, 2, 1, 1, 3, 2, 2, 3, 3, 2, -20 ], [ 1, 2, 1, 2, 0, 2, 2, 1, 2, 3, 3, 1, 2, 2, 1, 1, 2, -12 ] ], 
              [ [ 1, 0, 1, 1, 3, 3, 2, 4, 2, 2, 2, 2, 2, 2, 2, 2, 2, -17 ], [ 1, 4, 3, 3, 1, 1, 2, 0, 2, 2, 2, 2, 2, 2, 2, 2, 2, -15 ] ], 
              [ [ 1, 3, 2, 1, 2, 2, 1, 4, 2, 3, 3, 4, 1, 2, 2, 3, 3, -18 ], [ 1, 1, 2, 3, 2, 2, 3, 0, 2, 1, 1, 0, 3, 2, 2, 1, 1, -14 ] ], 
              [ [ 1, 2, 0, 1, 2, 1, 1, 4, 1, 3, 3, 2, 2, 2, 2, 1, 1, -14 ], [ 1, 2, 4, 3, 2, 3, 3, 0, 3, 1, 1, 2, 2, 2, 2, 3, 3, -18 ] ], 
              [ [ 1, 3, 4, 0, 3, 2, 2, 3, 0, 2, 2, 3, 1, 1, 3, 2, 2, -18 ], [ 1, 1, 0, 4, 1, 2, 2, 1, 4, 2, 2, 1, 3, 3, 1, 2, 2, -14 ] ], 
              [ [ 1, 4, 3, 0, 1, 2, 3, 3, 2, 3, 3, 3, 3, 1, 3, 1, 2, -18 ], [ 1, 0, 1, 4, 3, 2, 1, 1, 2, 1, 1, 1, 1, 3, 1, 3, 2, -14 ] ], 
              [ [ 1, 2, 2, 1, 2, 2, 3, 2, 3, 2, 2, 3, 3, 1, 3, 1, 2, -17 ], [ 1, 2, 2, 3, 2, 2, 1, 2, 1, 2, 2, 1, 1, 3, 1, 3, 2, -15 ] ], 
              [ [ 1, 3, 2, 1, 2, 2, 4, 2, 3, 2, 2, 3, 3, 2, 3, 1, 3, -18 ], [ 1, 1, 2, 3, 2, 2, 0, 2, 1, 2, 2, 1, 1, 2, 1, 3, 1, -14 ] ], 
              [ [ 1, 2, 3, 0, 2, 1, 3, 3, 3, 3, 2, 3, 2, 2, 3, 2, 2, -18 ], [ 1, 2, 1, 4, 2, 3, 1, 1, 1, 1, 2, 1, 2, 2, 1, 2, 2, -14 ] ], 
              [ [ 1, 2, 1, 2, 1, 3, 2, 3, 2, 2, 2, 1, 4, 2, 3, 1, 1, -17 ], [ 1, 2, 3, 2, 3, 1, 2, 1, 2, 2, 2, 3, 0, 2, 1, 3, 3, -15 ] ], 
              [ [ 1, 2, 2, 0, 1, 2, 3, 3, 2, 1, 2, 2, 2, 2, 2, 2, 2, -15 ], [ 1, 2, 2, 4, 3, 2, 1, 1, 2, 3, 2, 2, 2, 2, 2, 2, 2, -17 ] ], 
              [ [ 1, 0, 2, 1, 2, 3, 2, 4, 3, 2, 2, 2, 2, 2, 2, 2, 1, -17 ], [ 1, 4, 2, 3, 2, 1, 2, 0, 1, 2, 2, 2, 2, 2, 2, 2, 3, -15 ] ], 
              [ [ 1, 2, 2, 0, 2, 1, 3, 3, 3, 2, 2, 3, 2, 2, 3, 2, 3, -17 ], [ 1, 2, 2, 4, 2, 3, 1, 1, 1, 2, 2, 1, 2, 2, 1, 2, 1, -15 ] ], 
              [ [ 1, 1, 2, 2, 3, 2, 2, 3, 4, 1, 1, 2, 3, 3, 2, 2, 2, -18 ], [ 1, 3, 2, 2, 1, 2, 2, 1, 0, 3, 3, 2, 1, 1, 2, 2, 2, -14 ] ], 
              [ [ 1, 3, 2, 0, 0, 2, 1, 3, 1, 3, 4, 3, 1, 2, 3, 2, 2, -16 ], [ 1, 1, 2, 4, 4, 2, 3, 1, 3, 1, 0, 1, 3, 2, 1, 2, 2, -16 ] ], 
              [ [ 1, 3, 2, 0, 2, 0, 3, 3, 3, 3, 3, 4, 1, 2, 2, 1, 2, -15 ], [ 1, 1, 2, 4, 2, 4, 1, 1, 1, 1, 1, 0, 3, 2, 2, 3, 2, -17 ] ], 
              [ [ 1, 3, 1, 0, 1, 1, 1, 3, 1, 2, 4, 2, 2, 2, 2, 0, 1, -13 ], [ 1, 1, 3, 4, 3, 3, 3, 1, 3, 2, 0, 2, 2, 2, 2, 4, 3, -19 ] ], 
              [ [ 1, 2, 3, 1, 1, 4, 2, 2, 2, 2, 2, 3, 2, 1, 3, 2, 3, -18 ], [ 1, 2, 1, 3, 3, 0, 2, 2, 2, 2, 2, 1, 2, 3, 1, 2, 1, -14 ] ], 
              [ [ 1, 2, 1, 2, 1, 3, 0, 3, 2, 1, 3, 2, 2, 3, 2, 2, 2, -16 ], [ 1, 2, 3, 2, 3, 1, 4, 1, 2, 3, 1, 2, 2, 1, 2, 2, 2, -16 ] ], 
              [ [ 1, 3, 2, 1, 2, 1, 2, 2, 1, 1, 3, 3, 1, 2, 3, 1, 1, -15 ], [ 1, 1, 2, 3, 2, 3, 2, 2, 3, 3, 1, 1, 3, 2, 1, 3, 3, -17 ] ], 
              [ [ 1, 3, 2, 0, 0, 2, 2, 3, 3, 4, 2, 3, 3, 1, 3, 2, 4, -17 ], [ 1, 1, 2, 4, 4, 2, 2, 1, 1, 0, 2, 1, 1, 3, 1, 2, 0, -15 ] ], 
              [ [ 1, 2, 1, 1, 1, 1, 1, 4, 2, 3, 3, 2, 2, 2, 2, 1, 0, -14 ], [ 1, 2, 3, 3, 3, 3, 3, 0, 2, 1, 1, 2, 2, 2, 2, 3, 4, -18 ] ], 
              [ [ 1, 3, 2, 0, 1, 2, 2, 3, 1, 4, 3, 2, 3, 1, 4, 0, 2, -17 ], [ 1, 1, 2, 4, 3, 2, 2, 1, 3, 0, 1, 2, 1, 3, 0, 4, 2, -15 ] ], 
              [ [ 1, 3, 3, -2, 1, 1, 3, 3, 1, 3, 3, 3, 1, 1, 3, 1, 3, -15 ], [ 1, 1, 1, 6, 3, 3, 1, 1, 3, 1, 1, 1, 3, 3, 1, 3, 1, -17 ] ], 
              [ [ 1, 2, 3, 0, 2, 2, 2, 3, 2, 2, 2, 2, 2, 2, 2, 1, 2, -16 ], [ 1, 2, 1, 4, 2, 2, 2, 1, 2, 2, 2, 2, 2, 2, 2, 3, 2, -16 ] ], 
              [ [ 1, 3, 2, 1, 0, 3, 1, 2, 1, 2, 2, 2, 3, 1, 4, 2, 3, -17 ], [ 1, 1, 2, 3, 4, 1, 3, 2, 3, 2, 2, 2, 1, 3, 0, 2, 1, -15 ] ], 
              [ [ 1, 2, 3, 1, 1, 3, 1, 2, 2, 0, 1, 2, 2, 2, 2, 3, 3, -16 ], [ 1, 2, 1, 3, 3, 1, 3, 2, 2, 4, 3, 2, 2, 2, 2, 1, 1, -16 ] ], 
              [ [ 1, 1, 3, 0, 1, 3, 1, 3, 2, 2, 2, 3, 1, 1, 3, 3, 3, -17 ], [ 1, 3, 1, 4, 3, 1, 3, 1, 2, 2, 2, 1, 3, 3, 1, 1, 1, -15 ] ], 
              [ [ 1, 2, 3, 0, 1, 3, 2, 3, 2, 2, 2, 3, 1, 2, 3, 3, 4, -18 ], [ 1, 2, 1, 4, 3, 1, 2, 1, 2, 2, 2, 1, 3, 2, 1, 1, 0, -14 ] ], 
              [ [ 1, 1, 2, 1, 2, 2, 1, 4, 1, 1, 3, 2, 0, 3, 2, 2, 0, -15 ], [ 1, 3, 2, 3, 2, 2, 3, 0, 3, 3, 1, 2, 4, 1, 2, 2, 4, -17 ] ], 
              [ [ 1, 2, 2, 0, 1, 2, 3, 3, 2, 3, 2, 3, 2, 0, 3, 1, 2, -15 ], [ 1, 2, 2, 4, 3, 2, 1, 1, 2, 1, 2, 1, 2, 4, 1, 3, 2, -17 ] ], 
              [ [ 1, 1, 0, 2, 2, 1, 2, 3, 3, 2, 2, 2, 2, 3, 2, 1, 1, -14 ], [ 1, 3, 4, 2, 2, 3, 2, 1, 1, 2, 2, 2, 2, 1, 2, 3, 3, -18 ] ], 
              [ [ 1, 1, 1, 1, 1, 3, 2, 2, 1, 2, 2, 1, 3, 1, 3, 0, 1, -14 ], [ 1, 3, 3, 3, 3, 1, 2, 2, 3, 2, 2, 3, 1, 3, 1, 4, 3, -18 ] ], 
              [ [ 1, 2, 0, 1, 1, 1, 1, 4, 2, 2, 3, 2, 2, 2, 2, 1, 1, -13 ], [ 1, 2, 4, 3, 3, 3, 3, 0, 2, 2, 1, 2, 2, 2, 2, 3, 3, -19 ] ], 
              [ [ 1, 2, 4, 1, 3, 2, 3, 2, 2, 1, 1, 3, 1, 2, 3, 2, 2, -18 ], [ 1, 2, 0, 3, 1, 2, 1, 2, 2, 3, 3, 1, 3, 2, 1, 2, 2, -14 ] ], 
              [ [ 1, 3, 4, 0, 2, 2, 2, 3, 1, 1, 2, 3, 1, 1, 3, 2, 2, -17 ], [ 1, 1, 0, 4, 2, 2, 2, 1, 3, 3, 2, 1, 3, 3, 1, 2, 2, -15 ] ], 
              [ [ 1, 2, 3, 1, 2, 3, 1, 2, 0, 0, 2, 1, 2, 2, 3, 1, 1, -16 ], [ 1, 2, 1, 3, 2, 1, 3, 2, 4, 4, 2, 3, 2, 2, 1, 3, 3, -16 ] ], 
              [ [ 1, 3, 2, 1, 2, 1, 3, 2, 3, 2, 1, 3, 3, 1, 3, 1, 3, -16 ], [ 1, 1, 2, 3, 2, 3, 1, 2, 1, 2, 3, 1, 1, 3, 1, 3, 1, -16 ] ], 
              [ [ 1, 2, 2, 0, 2, 2, 2, 3, 2, 1, 2, 2, 2, 2, 2, 1, 3, -15 ], [ 1, 2, 2, 4, 2, 2, 2, 1, 2, 3, 2, 2, 2, 2, 2, 3, 1, -17 ] ], 
              [ [ 1, 1, 2, 1, 2, 2, 2, 4, 3, 2, 1, 2, 2, 2, 2, 2, 2, -16 ], [ 1, 3, 2, 3, 2, 2, 2, 0, 1, 2, 3, 2, 2, 2, 2, 2, 2, -16 ] ], 
              [ [ 1, 1, 1, 0, 1, 2, 2, 3, 1, 2, 2, 1, 2, 2, 3, 1, 2, -14 ], [ 1, 3, 3, 4, 3, 2, 2, 1, 3, 2, 2, 3, 2, 2, 1, 3, 2, -18 ] ], 
              [ [ 1, 2, 2, 4, 4, 2, 3, 2, 4, 1, 1, 3, 3, 3, 1, 4, 2, -20 ], [ 1, 2, 2, 0, 0, 2, 1, 2, 0, 3, 3, 1, 1, 1, 3, 0, 2, -12 ] ], 
              [ [ 1, 2, 3, 2, 3, 3, 3, 2, 2, 1, 1, 2, 3, 2, 2, 4, 3, -20 ], [ 1, 2, 1, 2, 1, 1, 1, 2, 2, 3, 3, 2, 1, 2, 2, 0, 1, -12 ] ], 
              [ [ 1, 4, 2, 2, 2, 2, 3, 2, 1, 4, 3, 3, 3, 1, 3, 2, 2, -19 ], [ 1, 0, 2, 2, 2, 2, 1, 2, 3, 0, 1, 1, 1, 3, 1, 2, 2, -13 ] ], 
              [ [ 1, 3, 3, 2, 3, 2, 3, 2, 2, 2, 2, 3, 2, 2, 1, 3, 2, -18 ], [ 1, 1, 1, 2, 1, 2, 1, 2, 2, 2, 2, 1, 2, 2, 3, 1, 2, -14 ] ], 
              [ [ 1, 3, 1, 3, 3, 1, 1, 3, 2, 1, 3, 2, 2, 4, 0, 3, 1, -16 ], [ 1, 1, 3, 1, 1, 3, 3, 1, 2, 3, 1, 2, 2, 0, 4, 1, 3, -16 ] ], 
              [ [ 1, 2, 1, 2, 3, 1, 1, 4, 2, 3, 4, 3, 1, 3, 1, 3, 1, -17 ], [ 1, 2, 3, 2, 1, 3, 3, 0, 2, 1, 0, 1, 3, 1, 3, 1, 3, -15 ] ], 
              [ [ 1, 3, 3, 2, 4, 1, 3, 2, 3, 3, 2, 4, 2, 2, 2, 3, 3, -20 ], [ 1, 1, 1, 2, 0, 3, 1, 2, 1, 1, 2, 0, 2, 2, 2, 1, 1, -12 ] ], 
              [ [ 1, 3, 3, 3, 3, 3, 2, 1, 0, 0, 2, 2, 2, 2, 2, 3, 1, -18 ], [ 1, 1, 1, 1, 1, 1, 2, 3, 4, 4, 2, 2, 2, 2, 2, 1, 3, -14 ] ], 
              [ [ 1, 3, 1, 4, 3, 3, 2, 2, 2, 2, 2, 2, 4, 2, 2, 2, 2, -19 ], [ 1, 1, 3, 0, 1, 1, 2, 2, 2, 2, 2, 2, 0, 2, 2, 2, 2, -13 ] ], 
              [ [ 1, 3, 2, 2, 3, 2, 3, 2, 2, 1, 2, 3, 2, 2, 1, 3, 3, -17 ], [ 1, 1, 2, 2, 1, 2, 1, 2, 2, 3, 2, 1, 2, 2, 3, 1, 1, -15 ] ], 
              [ [ 1, 1, 2, 3, 4, 3, 2, 3, 3, 2, 2, 3, 2, 2, 1, 3, 2, -19 ], [ 1, 3, 2, 1, 0, 1, 2, 1, 1, 2, 2, 1, 2, 2, 3, 1, 2, -13 ] ], 
              [ [ 1, 4, 2, 2, 2, 1, 2, 2, 1, 2, 2, 2, 3, 2, 2, 3, 2, -17 ], [ 1, 0, 2, 2, 2, 3, 2, 2, 3, 2, 2, 2, 1, 2, 2, 1, 2, -15 ] ], 
              [ [ 1, 2, 2, 3, 3, 2, 1, 3, 2, 3, 2, 2, 3, 2, 2, 3, 1, -19 ], [ 1, 2, 2, 1, 1, 2, 3, 1, 2, 1, 2, 2, 1, 2, 2, 1, 3, -13 ] ], 
              [ [ 1, 3, 2, 3, 3, 2, 2, 3, 2, 3, 2, 2, 3, 3, 2, 3, 2, -20 ], [ 1, 1, 2, 1, 1, 2, 2, 1, 2, 1, 2, 2, 1, 1, 2, 1, 2, -12 ] ], 
              [ [ 1, 2, 3, 1, 3, 1, 2, 3, 2, 2, 2, 3, 1, 2, 1, 4, 2, -17 ], [ 1, 2, 1, 3, 1, 3, 2, 1, 2, 2, 2, 1, 3, 2, 3, 0, 2, -15 ] ], 
              [ [ 1, 3, 3, 1, 3, 1, 3, 3, 2, 2, 2, 3, 1, 3, 1, 4, 3, -18 ], [ 1, 1, 1, 3, 1, 3, 1, 1, 2, 2, 2, 1, 3, 1, 3, 0, 1, -14 ] ], 
              [ [ 1, 1, 3, 2, 4, 2, 2, 4, 3, 3, 2, 3, 1, 3, 1, 4, 2, -20 ], [ 1, 3, 1, 2, 0, 2, 2, 0, 1, 1, 2, 1, 3, 1, 3, 0, 2, -12 ] ], 
              [ [ 1, 2, 1, 2, 3, 1, 2, 4, 4, 4, 2, 3, 3, 2, 1, 3, 3, -18 ], [ 1, 2, 3, 2, 1, 3, 2, 0, 0, 0, 2, 1, 1, 2, 3, 1, 1, -14 ] ], 
              [ [ 1, 1, 3, 3, 3, 3, 1, 3, 3, 1, 1, 3, 1, 3, 1, 6, 3, -20 ], [ 1, 3, 1, 1, 1, 1, 3, 1, 1, 3, 3, 1, 3, 1, 3, -2, 1, -12 ] ], 
              [ [ 1, 2, 2, 3, 3, 2, 3, 3, 3, 2, 1, 3, 2, 2, 1, 4, 2, -18 ], [ 1, 2, 2, 1, 1, 2, 1, 1, 1, 2, 3, 1, 2, 2, 3, 0, 2, -14 ] ], 
              [ [ 1, 2, 1, 2, 2, 2, 3, 2, 1, 2, 2, 2, 2, 2, 2, 3, 2, -16 ], [ 1, 2, 3, 2, 2, 2, 1, 2, 3, 2, 2, 2, 2, 2, 2, 1, 2, -16 ] ], 
              [ [ 1, 1, 1, 4, 3, 3, 2, 2, 2, 1, 1, 1, 3, 3, 1, 3, 1, -17 ], [ 1, 3, 3, 0, 1, 1, 2, 2, 2, 3, 3, 3, 1, 1, 3, 1, 3, -15 ] ], 
              [ [ 1, 2, 1, 3, 2, 3, 1, 3, 1, 1, 2, 1, 3, 2, 1, 3, 1, -16 ], [ 1, 2, 3, 1, 2, 1, 3, 1, 3, 3, 2, 3, 1, 2, 3, 1, 3, -16 ] ], 
              [ [ 1, 3, 3, 3, 3, 3, 3, 1, 2, 1, 0, 2, 4, 1, 2, 3, 3, -19 ], [ 1, 1, 1, 1, 1, 1, 1, 3, 2, 3, 4, 2, 0, 3, 2, 1, 1, -13 ] ], 
              [ [ 1, 0, 1, 3, 3, 3, 2, 3, 2, 3, 2, 2, 2, 2, 2, 3, 1, -18 ], [ 1, 4, 3, 1, 1, 1, 2, 1, 2, 1, 2, 2, 2, 2, 2, 1, 3, -14 ] ], 
              [ [ 1, 1, 3, 3, 4, 3, 1, 3, 1, 1, 2, 2, 1, 3, 2, 4, 1, -20 ], [ 1, 3, 1, 1, 0, 1, 3, 1, 3, 3, 2, 2, 3, 1, 2, 0, 3, -12 ] ], 
              [ [ 1, 2, 2, 3, 4, 1, 3, 3, 4, 3, 1, 4, 2, 2, 2, 4, 3, -20 ], [ 1, 2, 2, 1, 0, 3, 1, 1, 0, 1, 3, 0, 2, 2, 2, 0, 1, -12 ] ], 
              [ [ 1, 2, 3, 2, 3, 3, 3, 2, 2, 3, 1, 3, 3, 0, 3, 3, 3, -20 ], [ 1, 2, 1, 2, 1, 1, 1, 2, 2, 1, 3, 1, 1, 4, 1, 1, 1, -12 ] ], 
              [ [ 1, 3, 3, 2, 3, 3, 4, 2, 2, 3, 1, 3, 3, 1, 3, 3, 4, -21 ], [ 1, 1, 1, 2, 1, 1, 0, 2, 2, 1, 3, 1, 1, 3, 1, 1, 0, -11 ] ], 
              [ [ 1, 1, 1, 4, 4, 2, 2, 2, 3, 2, 1, 2, 3, 3, 2, 3, 2, -19 ], [ 1, 3, 3, 0, 0, 2, 2, 2, 1, 2, 3, 2, 1, 1, 2, 1, 2, -13 ] ], 
              [ [ 1, 2, 1, 3, 3, 2, 1, 3, 2, 2, 2, 2, 3, 2, 2, 3, 2, -18 ], [ 1, 2, 3, 1, 1, 2, 3, 1, 2, 2, 2, 2, 1, 2, 2, 1, 2, -14 ] ], 
              [ [ 1, 2, 2, 3, 4, 2, 3, 3, 1, 2, 2, 2, 2, 2, 2, 2, 0, -18 ], [ 1, 2, 2, 1, 0, 2, 1, 1, 3, 2, 2, 2, 2, 2, 2, 2, 4, -14 ] ], 
              [ [ 1, 1, 2, 2, 4, 1, 3, 2, 3, 1, 1, 3, 1, 3, 1, 4, 3, -17 ], [ 1, 3, 2, 2, 0, 3, 1, 2, 1, 3, 3, 1, 3, 1, 3, 0, 1, -15 ] ], 
              [ [ 1, 1, 2, 3, 4, 2, 1, 3, 3, 0, 1, 2, 2, 3, 0, 4, 2, -17 ], [ 1, 3, 2, 1, 0, 2, 3, 1, 1, 4, 3, 2, 2, 1, 4, 0, 2, -15 ] ], 
              [ [ 1, 1, 2, 2, 4, 2, 2, 4, 3, 2, 2, 3, 1, 3, 1, 4, 3, -19 ], [ 1, 3, 2, 2, 0, 2, 2, 0, 1, 2, 2, 1, 3, 1, 3, 0, 1, -13 ] ], 
              [ [ 1, 1, 3, 3, 6, 1, 3, 3, 3, 1, 1, 3, 1, 3, 1, 3, 1, -19 ], [ 1, 3, 1, 1, -2, 3, 1, 1, 1, 3, 3, 1, 3, 1, 3, 1, 3, -13 ] ], 
              [ [ 1, 0, 1, 3, 3, 2, 1, 3, 2, 1, 1, 1, 2, 3, 1, 4, 1, -16 ], [ 1, 4, 3, 1, 1, 2, 3, 1, 2, 3, 3, 3, 2, 1, 3, 0, 3, -16 ] ], 
              [ [ 1, 1, 3, 3, 4, 3, 2, 3, 3, 2, 0, 2, 3, 2, 2, 4, 3, -21 ], [ 1, 3, 1, 1, 0, 1, 2, 1, 1, 2, 4, 2, 1, 2, 2, 0, 1, -11 ] ], 
              [ [ 1, 3, 1, 3, 3, 1, 1, 3, 2, 3, 3, 3, 2, 2, 1, 2, 1, -16 ], [ 1, 1, 3, 1, 1, 3, 3, 1, 2, 1, 1, 1, 2, 2, 3, 2, 3, -16 ] ], 
              [ [ 1, 2, 2, 3, 4, 2, 1, 3, 1, 1, 3, 3, 0, 3, 1, 3, 1, -17 ], [ 1, 2, 2, 1, 0, 2, 3, 1, 3, 3, 1, 1, 4, 1, 3, 1, 3, -15 ] ], 
              [ [ 1, 3, 3, 1, 3, 1, 3, 3, 2, 4, 2, 4, 1, 1, 2, 3, 3, -18 ], [ 1, 1, 1, 3, 1, 3, 1, 1, 2, 0, 2, 0, 3, 3, 2, 1, 1, -14 ] ], 
              [ [ 1, 2, 2, 2, 3, 2, 2, 2, 1, 3, 2, 2, 2, 2, 2, 2, 2, -17 ], [ 1, 2, 2, 2, 1, 2, 2, 2, 3, 1, 2, 2, 2, 2, 2, 2, 2, -15 ] ], 
              [ [ 1, 3, 1, 2, 3, 0, 1, 4, 2, 3, 3, 3, 1, 3, 1, 3, 2, -16 ], [ 1, 1, 3, 2, 1, 4, 3, 0, 2, 1, 1, 1, 3, 1, 3, 1, 2, -16 ] ], 
              [ [ 1, 3, 2, 1, 2, 2, 1, 3, 0, 3, 3, 2, 2, 1, 2, 2, 2, -16 ], [ 1, 1, 2, 3, 2, 2, 3, 1, 4, 1, 1, 2, 2, 3, 2, 2, 2, -16 ] ], 
              [ [ 1, 2, 2, 3, 2, 3, 1, 1, 1, 1, 1, 2, 2, 2, 2, 4, 3, -17 ], [ 1, 2, 2, 1, 2, 1, 3, 3, 3, 3, 3, 2, 2, 2, 2, 0, 1, -15 ] ], 
              [ [ 1, 2, 2, 3, 2, 4, 0, 3, 1, 2, 2, 2, 2, 2, 2, 4, 3, -19 ], [ 1, 2, 2, 1, 2, 0, 4, 1, 3, 2, 2, 2, 2, 2, 2, 0, 1, -13 ] ], 
              [ [ 1, 3, 3, 2, 3, 2, 2, 2, 0, 2, 2, 3, 1, 1, 3, 3, 2, -18 ], [ 1, 1, 1, 2, 1, 2, 2, 2, 4, 2, 2, 1, 3, 3, 1, 1, 2, -14 ] ], 
              [ [ 1, 2, 3, 4, 4, 3, 1, 2, 1, 1, 1, 2, 2, 2, 2, 3, 1, -19 ], [ 1, 2, 1, 0, 0, 1, 3, 2, 3, 3, 3, 2, 2, 2, 2, 1, 3, -13 ] ], 
              [ [ 1, 1, 0, 3, 3, 1, 1, 3, 2, 1, 2, 2, 1, 3, 0, 3, 1, -13 ], [ 1, 3, 4, 1, 1, 3, 3, 1, 2, 3, 2, 2, 3, 1, 4, 1, 3, -19 ] ], 
              [ [ 1, 2, 4, 2, 4, 2, 2, 2, 1, 0, 1, 3, 0, 2, 1, 4, 2, -17 ], [ 1, 2, 0, 2, 0, 2, 2, 2, 3, 4, 3, 1, 4, 2, 3, 0, 2, -15 ] ], 
              [ [ 1, 2, 2, 3, 4, 2, 2, 3, 3, 2, 1, 3, 2, 2, 1, 3, 3, -18 ], [ 1, 2, 2, 1, 0, 2, 2, 1, 1, 2, 3, 1, 2, 2, 3, 1, 1, -14 ] ], 
              [ [ 1, 2, 1, 2, 3, 2, 2, 2, 1, 2, 2, 2, 2, 2, 2, 2, 3, -16 ], [ 1, 2, 3, 2, 1, 2, 2, 2, 3, 2, 2, 2, 2, 2, 2, 2, 1, -16 ] ], 
              [ [ 1, 1, 1, 3, 3, 2, 2, 3, 2, 3, 1, 2, 2, 2, 2, 3, 2, -17 ], [ 1, 3, 3, 1, 1, 2, 2, 1, 2, 1, 3, 2, 2, 2, 2, 1, 2, -15 ] ], 
              [ [ 1, 3, 1, 2, 1, 2, 3, 2, 3, 4, 3, 2, 4, 2, 2, 1, 2, -17 ], [ 1, 1, 3, 2, 3, 2, 1, 2, 1, 0, 1, 2, 0, 2, 2, 3, 2, -15 ] ], 
              [ [ 1, 4, 3, 2, 2, 2, 2, 2, 2, 2, 3, 2, 3, 3, 2, 2, 2, -19 ], [ 1, 0, 1, 2, 2, 2, 2, 2, 2, 2, 1, 2, 1, 1, 2, 2, 2, -13 ] ], 
              [ [ 1, 3, 1, 3, 0, 3, 2, 1, 3, 2, 2, 2, 4, 2, 2, 3, 3, -17 ], [ 1, 1, 3, 1, 4, 1, 2, 3, 1, 2, 2, 2, 0, 2, 2, 1, 1, -15 ] ], 
              [ [ 1, 3, 2, 3, 2, 2, 4, 1, 3, 3, 2, 3, 3, 2, 3, 2, 2, -19 ], [ 1, 1, 2, 1, 2, 2, 0, 3, 1, 1, 2, 1, 1, 2, 1, 2, 2, -13 ] ], 
              [ [ 1, 4, 2, 2, 1, 2, 3, 2, 2, 3, 3, 3, 3, 1, 3, 2, 2, -18 ], [ 1, 0, 2, 2, 3, 2, 1, 2, 2, 1, 1, 1, 1, 3, 1, 2, 2, -14 ] ], 
              [ [ 1, 3, 2, 4, 2, 3, 2, 2, 3, 2, 2, 2, 4, 2, 2, 2, 1, -19 ], [ 1, 1, 2, 0, 2, 1, 2, 2, 1, 2, 2, 2, 0, 2, 2, 2, 3, -13 ] ], 
              [ [ 1, 3, 1, 3, 1, 3, 2, 1, 1, 2, 3, 1, 4, 2, 3, 1, 1, -17 ], [ 1, 1, 3, 1, 3, 1, 2, 3, 3, 2, 1, 3, 0, 2, 1, 3, 3, -15 ] ], 
              [ [ 1, 3, 3, 2, 2, 2, 3, 2, 3, 1, 2, 3, 2, 2, 1, 3, 2, -17 ], [ 1, 1, 1, 2, 2, 2, 1, 2, 1, 3, 2, 1, 2, 2, 3, 1, 2, -15 ] ], 
              [ [ 1, 3, 2, 1, 1, 2, 3, 1, 1, 1, 3, 2, 2, 2, 2, 2, 2, -15 ], [ 1, 1, 2, 3, 3, 2, 1, 3, 3, 3, 1, 2, 2, 2, 2, 2, 2, -17 ] ], 
              [ [ 1, 2, 2, 3, 2, 3, 2, 1, 2, 0, 2, 1, 3, 3, 1, 2, 1, -16 ], [ 1, 2, 2, 1, 2, 1, 2, 3, 2, 4, 2, 3, 1, 1, 3, 2, 3, -16 ] ], 
              [ [ 1, 1, 1, 3, 3, 1, 2, 3, 4, 2, 3, 3, 1, 4, 1, 3, 1, -17 ], [ 1, 3, 3, 1, 1, 3, 2, 1, 0, 2, 1, 1, 3, 0, 3, 1, 3, -15 ] ], 
              [ [ 1, 1, 2, 2, 2, 3, 2, 2, 2, 2, 3, 2, 2, 2, 2, 2, 1, -17 ], [ 1, 3, 2, 2, 2, 1, 2, 2, 2, 2, 1, 2, 2, 2, 2, 2, 3, -15 ] ], 
              [ [ 1, 2, 2, 2, 2, 3, 3, 2, 2, 2, 3, 2, 2, 3, 2, 2, 2, -18 ], [ 1, 2, 2, 2, 2, 1, 1, 2, 2, 2, 1, 2, 2, 1, 2, 2, 2, -14 ] ], 
              [ [ 1, 3, 0, 2, 1, 2, 3, 2, 3, 3, 3, 2, 4, 2, 2, 1, 3, -16 ], [ 1, 1, 4, 2, 3, 2, 1, 2, 1, 1, 1, 2, 0, 2, 2, 3, 1, -16 ] ], 
              [ [ 1, 3, 3, 2, 3, 1, 3, 2, 4, 2, 2, 4, 2, 2, 2, 3, 3, -19 ], [ 1, 1, 1, 2, 1, 3, 1, 2, 0, 2, 2, 0, 2, 2, 2, 1, 1, -13 ] ], 
              [ [ 1, 4, 4, 1, 2, 3, 4, 1, 2, 2, 2, 3, 3, 1, 3, 2, 4, -20 ], [ 1, 0, 0, 3, 2, 1, 0, 3, 2, 2, 2, 1, 1, 3, 1, 2, 0, -12 ] ], 
              [ [ 1, 2, 2, 3, 3, 2, 2, 1, 3, 1, 2, 2, 3, 3, 2, 2, 2, -18 ], [ 1, 2, 2, 1, 1, 2, 2, 3, 1, 3, 2, 2, 1, 1, 2, 2, 2, -14 ] ], 
              [ [ 1, 3, 3, 2, 3, 2, 3, 2, 1, 1, 3, 2, 2, 2, 2, 1, 0, -17 ], [ 1, 1, 1, 2, 1, 2, 1, 2, 3, 3, 1, 2, 2, 2, 2, 3, 4, -15 ] ], 
              [ [ 1, 3, 1, 3, 3, 1, 4, 1, 3, 2, 2, 2, 4, 2, 2, 0, 1, -16 ], [ 1, 1, 3, 1, 1, 3, 0, 3, 1, 2, 2, 2, 0, 2, 2, 4, 3, -16 ] ], 
              [ [ 1, 3, 1, 2, 1, 1, 2, 2, 3, 2, 2, 1, 4, 3, 1, 2, 2, -15 ], [ 1, 1, 3, 2, 3, 3, 2, 2, 1, 2, 2, 3, 0, 1, 3, 2, 2, -17 ] ], 
              [ [ 1, 2, 1, 1, 1, 1, 2, 3, 3, 4, 3, 2, 3, 2, 2, 2, 2, -16 ], [ 1, 2, 3, 3, 3, 3, 2, 1, 1, 0, 1, 2, 1, 2, 2, 2, 2, -16 ] ], 
              [ [ 1, 3, 1, 1, 1, 1, 3, 3, 3, 4, 3, 2, 3, 3, 2, 2, 3, -17 ], [ 1, 1, 3, 3, 3, 3, 1, 1, 1, 0, 1, 2, 1, 1, 2, 2, 1, -15 ] ], 
              [ [ 1, 3, 2, 2, 3, 0, 4, 2, 3, 3, 2, 2, 3, 3, 2, 1, 1, -17 ], [ 1, 1, 2, 2, 1, 4, 0, 2, 1, 1, 2, 2, 1, 1, 2, 3, 3, -15 ] ], 
              [ [ 1, 4, 2, 1, 2, 0, 3, 3, 2, 3, 3, 2, 3, 2, 2, 1, 1, -16 ], [ 1, 0, 2, 3, 2, 4, 1, 1, 2, 1, 1, 2, 1, 2, 2, 3, 3, -16 ] ], 
              [ [ 1, 2, 2, 2, 1, 2, 3, 2, 2, 2, 2, 2, 2, 2, 2, 3, 1, -16 ], [ 1, 2, 2, 2, 3, 2, 1, 2, 2, 2, 2, 2, 2, 2, 2, 1, 3, -16 ] ], 
              [ [ 1, 3, 2, 3, 2, 1, 3, 1, 3, 1, 1, 2, 3, 3, 2, 3, 2, -17 ], [ 1, 1, 2, 1, 2, 3, 1, 3, 1, 3, 3, 2, 1, 1, 2, 1, 2, -15 ] ], 
              [ [ 1, 3, 3, 2, 1, 3, 3, 0, 1, 1, 1, 1, 4, 1, 3, 2, 2, -17 ], [ 1, 1, 1, 2, 3, 1, 1, 4, 3, 3, 3, 3, 0, 3, 1, 2, 2, -15 ] ], 
              [ [ 1, 1, 1, 3, 1, 3, 1, 3, 4, 3, 2, 2, 3, 3, 2, 4, 3, -19 ], [ 1, 3, 3, 1, 3, 1, 3, 1, 0, 1, 2, 2, 1, 1, 2, 0, 1, -13 ] ], 
              [ [ 1, 2, 0, 3, 1, 2, 3, 3, 4, 4, 2, 2, 4, 2, 2, 2, 2, -17 ], [ 1, 2, 4, 1, 3, 2, 1, 1, 0, 0, 2, 2, 0, 2, 2, 2, 2, -15 ] ], 
              [ [ 1, 3, 4, 2, 2, 3, 4, 2, 3, 3, 1, 3, 3, 1, 3, 3, 3, -21 ], [ 1, 1, 0, 2, 2, 1, 0, 2, 1, 1, 3, 1, 1, 3, 1, 1, 1, -11 ] ], 
              [ [ 1, 2, 2, 2, 2, 1, 3, 2, 3, 3, 2, 3, 2, 2, 3, 3, 2, -18 ], [ 1, 2, 2, 2, 2, 3, 1, 2, 1, 1, 2, 1, 2, 2, 1, 1, 2, -14 ] ], 
              [ [ 1, 1, 2, 4, 3, 2, 2, 2, 4, 2, 1, 2, 3, 3, 2, 3, 1, -19 ], [ 1, 3, 2, 0, 1, 2, 2, 2, 0, 2, 3, 2, 1, 1, 2, 1, 3, -13 ] ], 
              [ [ 1, 3, 3, 1, 1, 3, 4, 1, 1, 3, 2, 2, 3, 1, 4, 2, 3, -19 ], [ 1, 1, 1, 3, 3, 1, 0, 3, 3, 1, 2, 2, 1, 3, 0, 2, 1, -13 ] ], 
              [ [ 1, 2, 3, 3, 2, 4, 3, 1, 2, 2, 1, 1, 4, 2, 3, 2, 2, -20 ], [ 1, 2, 1, 1, 2, 0, 1, 3, 2, 2, 3, 3, 0, 2, 1, 2, 2, -12 ] ], 
              [ [ 1, 2, 2, 3, 2, 2, 1, 3, 3, 2, 2, 2, 3, 2, 2, 3, 1, -18 ], [ 1, 2, 2, 1, 2, 2, 3, 1, 1, 2, 2, 2, 1, 2, 2, 1, 3, -14 ] ], 
              [ [ 1, 3, 2, 3, 2, 2, 2, 3, 3, 2, 2, 2, 3, 3, 2, 3, 2, -19 ], [ 1, 1, 2, 1, 2, 2, 2, 1, 1, 2, 2, 2, 1, 1, 2, 1, 2, -13 ] ], 
              [ [ 1, 3, 3, 2, 1, 4, 2, 2, 1, 2, 2, 1, 4, 1, 3, 2, 2, -19 ], [ 1, 1, 1, 2, 3, 0, 2, 2, 3, 2, 2, 3, 0, 3, 1, 2, 2, -13 ] ], 
              [ [ 1, 3, 1, 3, 1, 3, 3, 1, 3, 3, 1, 1, 6, 1, 3, 1, 3, -18 ], [ 1, 1, 3, 1, 3, 1, 1, 3, 1, 1, 3, 3, -2, 3, 1, 3, 1, -14 ] ], 
              [ [ 1, 1, 0, 2, 1, 2, 3, 2, 3, 2, 2, 1, 3, 3, 1, 2, 2, -14 ], [ 1, 3, 4, 2, 3, 2, 1, 2, 1, 2, 2, 3, 1, 1, 3, 2, 2, -18 ] ], 
              [ [ 1, 1, 3, 2, 3, 1, 3, 2, 4, 1, 1, 3, 1, 3, 1, 4, 2, -17 ], [ 1, 3, 1, 2, 1, 3, 1, 2, 0, 3, 3, 1, 3, 1, 3, 0, 2, -15 ] ], 
              [ [ 1, 2, 4, 1, 2, 3, 4, 1, 2, 1, 1, 2, 2, 2, 2, 3, 3, -18 ], [ 1, 2, 0, 3, 2, 1, 0, 3, 2, 3, 3, 2, 2, 2, 2, 1, 1, -14 ] ], 
              [ [ 1, 1, 2, 2, 2, 2, 1, 2, 2, 0, 2, 1, 2, 3, 1, 3, 1, -15 ], [ 1, 3, 2, 2, 2, 2, 3, 2, 2, 4, 2, 3, 2, 1, 3, 1, 3, -17 ] ], 
              [ [ 1, 2, 2, 2, 2, 2, 2, 2, 2, 0, 2, 1, 2, 4, 1, 3, 2, -16 ], [ 1, 2, 2, 2, 2, 2, 2, 2, 2, 4, 2, 3, 2, 0, 3, 1, 2, -16 ] ], 
              [ [ 1, 3, 2, 1, 1, 2, 4, 1, 3, 2, 1, 2, 4, 1, 2, 2, 4, -16 ], [ 1, 1, 2, 3, 3, 2, 0, 3, 1, 2, 3, 2, 0, 3, 2, 2, 0, -16 ] ], 
              [ [ 1, 2, 1, 2, 2, 1, 3, 2, 2, 1, 2, 1, 3, 2, 1, 1, 0, -13 ], [ 1, 2, 3, 2, 2, 3, 1, 2, 2, 3, 2, 3, 1, 2, 3, 3, 4, -19 ] ], 
              [ [ 1, 1, 3, 2, 3, 2, 2, 4, 4, 2, 2, 3, 1, 3, 1, 4, 2, -19 ], [ 1, 3, 1, 2, 1, 2, 2, 0, 0, 2, 2, 1, 3, 1, 3, 0, 2, -13 ] ], 
              [ [ 1, 1, 2, 1, 2, 2, 2, 3, 2, 2, 3, 2, 1, 3, 2, 3, 2, -17 ], [ 1, 3, 2, 3, 2, 2, 2, 1, 2, 2, 1, 2, 3, 1, 2, 1, 2, -15 ] ], 
              [ [ 1, 0, 2, 3, 3, 3, 1, 3, 3, 1, 2, 1, 2, 4, 1, 3, 1, -18 ], [ 1, 4, 2, 1, 1, 1, 3, 1, 1, 3, 2, 3, 2, 0, 3, 1, 3, -14 ] ], 
              [ [ 1, 1, 1, 3, 3, 1, 3, 3, 6, 3, 1, 3, 3, 3, 1, 3, 3, -18 ], [ 1, 3, 3, 1, 1, 3, 1, 1, -2, 1, 3, 1, 1, 1, 3, 1, 1, -14 ] ], 
              [ [ 1, 1, 2, 2, 2, 3, 3, 2, 4, 3, 1, 2, 4, 1, 2, 2, 3, -18 ], [ 1, 3, 2, 2, 2, 1, 1, 2, 0, 1, 3, 2, 0, 3, 2, 2, 1, -14 ] ], 
              [ [ 1, 2, 2, 2, 2, 3, 4, 2, 4, 3, 1, 2, 4, 2, 2, 2, 4, -19 ], [ 1, 2, 2, 2, 2, 1, 0, 2, 0, 1, 3, 2, 0, 2, 2, 2, 0, -13 ] ], 
              [ [ 1, 1, 0, 2, 2, 1, 3, 2, 4, 3, 2, 2, 3, 3, 2, 2, 3, -16 ], [ 1, 3, 4, 2, 2, 3, 1, 2, 0, 1, 2, 2, 1, 1, 2, 2, 1, -16 ] ], 
              [ [ 1, 1, 0, 3, 2, 2, 1, 3, 4, 2, 2, 1, 4, 3, 1, 2, 2, -16 ], [ 1, 3, 4, 1, 2, 2, 3, 1, 0, 2, 2, 3, 0, 1, 3, 2, 2, -16 ] ], 
              [ [ 1, 2, 4, 1, 3, 2, 4, 1, 3, 2, 1, 3, 2, 2, 3, 3, 4, -20 ], [ 1, 2, 0, 3, 1, 2, 0, 3, 1, 2, 3, 1, 2, 2, 1, 1, 0, -12 ] ], 
              [ [ 1, 2, 4, 2, 3, 3, 2, 2, 3, 1, 1, 2, 3, 2, 2, 3, 3, -20 ], [ 1, 2, 0, 2, 1, 1, 2, 2, 1, 3, 3, 2, 1, 2, 2, 1, 1, -12 ] ], 
              [ [ 1, 2, 1, 1, 2, 1, 4, 3, 2, 3, 3, 2, 2, 2, 2, 1, 1, -15 ], [ 1, 2, 3, 3, 2, 3, 0, 1, 2, 1, 1, 2, 2, 2, 2, 3, 3, -17 ] ], 
              [ [ 1, 1, 1, 3, 3, 2, 3, 3, 3, 2, 2, 1, 3, 3, 1, 1, 0, -16 ], [ 1, 3, 3, 1, 1, 2, 1, 1, 1, 2, 2, 3, 1, 1, 3, 3, 4, -16 ] ], 
              [ [ 1, 1, 3, 2, 4, 1, 3, 2, 2, 1, 2, 2, 1, 3, 2, 2, 0, -17 ], [ 1, 3, 1, 2, 0, 3, 1, 2, 2, 3, 2, 2, 3, 1, 2, 2, 4, -15 ] ], 
              [ [ 1, 3, 3, 1, 3, 1, 6, 1, 3, 3, 1, 3, 3, 1, 3, 1, 3, -18 ], [ 1, 1, 1, 3, 1, 3, -2, 3, 1, 1, 3, 1, 1, 3, 1, 3, 1, -14 ] ], 
              [ [ 1, 3, 3, 2, 3, 2, 4, 2, 3, 2, 1, 2, 4, 1, 2, 1, 2, -18 ], [ 1, 1, 1, 2, 1, 2, 0, 2, 1, 2, 3, 2, 0, 3, 2, 3, 2, -14 ] ], 
              [ [ 1, 2, 1, 2, 3, 0, 3, 2, 3, 2, 2, 2, 3, 2, 2, 1, 1, -15 ], [ 1, 2, 3, 2, 1, 4, 1, 2, 1, 2, 2, 2, 1, 2, 2, 3, 3, -17 ] ], 
              [ [ 1, 3, 1, 2, 3, 0, 4, 2, 3, 2, 2, 2, 3, 3, 2, 1, 2, -16 ], [ 1, 1, 3, 2, 1, 4, 0, 2, 1, 2, 2, 2, 1, 1, 2, 3, 2, -16 ] ], 
              [ [ 1, 3, 2, 1, 2, 2, 4, 1, 1, 2, 2, 1, 4, 1, 3, 0, 2, -16 ], [ 1, 1, 2, 3, 2, 2, 0, 3, 3, 2, 2, 3, 0, 3, 1, 4, 2, -16 ] ], 
              [ [ 1, 1, 1, 3, 4, 1, 3, 3, 4, 3, 2, 2, 3, 3, 2, 1, 1, -18 ], [ 1, 3, 3, 1, 0, 3, 1, 1, 0, 1, 2, 2, 1, 1, 2, 3, 3, -14 ] ], 
              [ [ 1, 1, 2, 1, 4, 0, 4, 3, 4, 2, 2, 3, 1, 3, 1, 2, 2, -16 ], [ 1, 3, 2, 3, 0, 4, 0, 1, 0, 2, 2, 1, 3, 1, 3, 2, 2, -16 ] ], 
              [ [ 1, 1, 1, 4, 2, 3, 2, 2, 3, 0, 1, 1, 3, 3, 1, 3, 1, -16 ], [ 1, 3, 3, 0, 2, 1, 2, 2, 1, 4, 3, 3, 1, 1, 3, 1, 3, -16 ] ], 
              [ [ 1, 0, 1, 3, 2, 3, 2, 3, 3, 2, 2, 2, 2, 2, 2, 3, 1, -17 ], [ 1, 4, 3, 1, 2, 1, 2, 1, 1, 2, 2, 2, 2, 2, 2, 1, 3, -15 ] ], 
              [ [ 1, 1, 3, 3, 3, 3, 4, 1, 4, 2, 0, 3, 3, 1, 3, 3, 3, -20 ], [ 1, 3, 1, 1, 1, 1, 0, 3, 0, 2, 4, 1, 1, 3, 1, 1, 1, -12 ] ], 
              [ [ 1, 1, 1, 4, 3, 2, 2, 2, 4, 1, 1, 2, 3, 3, 2, 3, 2, -18 ], [ 1, 3, 3, 0, 1, 2, 2, 2, 0, 3, 3, 2, 1, 1, 2, 1, 2, -14 ] ], 
              [ [ 1, 1, 2, 3, 2, 4, 2, 1, 2, 1, 1, 1, 4, 1, 3, 2, 2, -18 ], [ 1, 3, 2, 1, 2, 0, 2, 3, 2, 3, 3, 3, 0, 3, 1, 2, 2, -14 ] ], 
              [ [ 1, 2, 2, 3, 2, 4, 3, 1, 2, 1, 1, 1, 4, 2, 3, 2, 3, -19 ], [ 1, 2, 2, 1, 2, 0, 1, 3, 2, 3, 3, 3, 0, 2, 1, 2, 1, -13 ] ], 
              [ [ 1, 0, 3, 2, 3, 4, 3, 2, 3, 1, 1, 2, 2, 2, 2, 3, 3, -19 ], [ 1, 4, 1, 2, 1, 0, 1, 2, 1, 3, 3, 2, 2, 2, 2, 1, 1, -13 ] ], 
              [ [ 1, 1, 3, 2, 2, 3, 2, 2, 2, 2, 1, 1, 3, 2, 3, 3, 2, -19 ], [ 1, 3, 1, 2, 2, 1, 2, 2, 2, 2, 3, 3, 1, 2, 1, 1, 2, -13 ] ], 
              [ [ 1, 2, 2, 2, 2, 2, 4, 2, 2, 3, 1, 1, 4, 1, 3, 1, 1, -17 ], [ 1, 2, 2, 2, 2, 2, 0, 2, 2, 1, 3, 3, 0, 3, 1, 3, 3, -15 ] ], 
              [ [ 1, 1, 2, 1, 2, 2, 3, 3, 4, 3, 1, 2, 3, 2, 2, 3, 4, -18 ], [ 1, 3, 2, 3, 2, 2, 1, 1, 0, 1, 3, 2, 1, 2, 2, 1, 0, -14 ] ], 
              [ [ 1, 0, 1, 2, 3, 1, 2, 4, 3, 2, 2, 1, 2, 3, 1, 2, 0, -15 ], [ 1, 4, 3, 2, 1, 3, 2, 0, 1, 2, 2, 3, 2, 1, 3, 2, 4, -17 ] ], 
              [ [ 1, 1, 3, 2, 4, 1, 4, 2, 4, 2, 0, 2, 3, 2, 2, 2, 2, -18 ], [ 1, 3, 1, 2, 0, 3, 0, 2, 0, 2, 4, 2, 1, 2, 2, 2, 2, -14 ] ], 
              [ [ 1, 4, 2, 1, 0, 2, 2, 1, 2, 4, 3, 3, 3, 1, 3, 2, 4, -17 ], [ 1, 0, 2, 3, 4, 2, 2, 3, 2, 0, 1, 1, 1, 3, 1, 2, 0, -15 ] ], 
              [ [ 1, 3, 1, 2, 1, 1, 1, 2, 1, 3, 4, 2, 2, 2, 2, 1, 0, -14 ], [ 1, 1, 3, 2, 3, 3, 3, 2, 3, 1, 0, 2, 2, 2, 2, 3, 4, -18 ] ], 
              [ [ 1, 4, 1, 2, 1, 1, 2, 2, 1, 3, 4, 2, 2, 3, 2, 1, 1, -15 ], [ 1, 0, 3, 2, 3, 3, 2, 2, 3, 1, 0, 2, 2, 1, 2, 3, 3, -17 ] ], 
              [ [ 1, 6, 3, 1, 1, 1, 3, 1, 1, 3, 3, 3, 3, 1, 3, 1, 3, -17 ], [ 1, -2, 1, 3, 3, 3, 1, 3, 3, 1, 1, 1, 1, 3, 1, 3, 1, -15 ] ], 
              [ [ 1, 4, 3, 2, 2, 2, 2, 2, 2, 4, 3, 3, 3, 1, 3, 1, 2, -19 ], [ 1, 0, 1, 2, 2, 2, 2, 2, 2, 0, 1, 1, 1, 3, 1, 3, 2, -13 ] ], 
              [ [ 1, 2, 2, 1, 2, 1, 2, 3, 2, 3, 4, 3, 0, 3, 1, 2, 1, -15 ], [ 1, 2, 2, 3, 2, 3, 2, 1, 2, 1, 0, 1, 4, 1, 3, 2, 3, -17 ] ], 
              [ [ 1, 3, 0, 1, 1, 0, 2, 3, 3, 4, 4, 3, 2, 2, 1, 1, 2, -13 ], [ 1, 1, 4, 3, 3, 4, 2, 1, 1, 0, 0, 1, 2, 2, 3, 3, 2, -19 ] ], 
              [ [ 1, 4, 4, 0, 2, 1, 3, 2, 2, 3, 3, 4, 1, 1, 2, 2, 3, -17 ], [ 1, 0, 0, 4, 2, 3, 1, 2, 2, 1, 1, 0, 3, 3, 2, 2, 1, -15 ] ], 
              [ [ 1, 3, 2, 2, 3, 0, 2, 2, 3, 2, 3, 3, 1, 4, 1, 2, 2, -16 ], [ 1, 1, 2, 2, 1, 4, 2, 2, 1, 2, 1, 1, 3, 0, 3, 2, 2, -16 ] ], 
              [ [ 1, 3, 3, 1, 2, 2, 2, 1, 1, 2, 3, 2, 2, 2, 2, 1, 2, -16 ], [ 1, 1, 1, 3, 2, 2, 2, 3, 3, 2, 1, 2, 2, 2, 2, 3, 2, -16 ] ], 
              [ [ 1, 4, 2, 1, 2, 0, 1, 3, 2, 2, 4, 3, 1, 3, 1, 2, 2, -15 ], [ 1, 0, 2, 3, 2, 4, 3, 1, 2, 2, 0, 1, 3, 1, 3, 2, 2, -17 ] ], 
              [ [ 1, 2, 1, 4, 1, 3, 0, 2, 2, 2, 3, 2, 2, 3, 2, 3, 1, -17 ], [ 1, 2, 3, 0, 3, 1, 4, 2, 2, 2, 1, 2, 2, 1, 2, 1, 3, -15 ] ], 
              [ [ 1, 4, 3, 3, 1, 3, 1, 1, 2, 2, 2, 3, 3, 1, 3, 3, 3, -19 ], [ 1, 0, 1, 1, 3, 1, 3, 3, 2, 2, 2, 1, 1, 3, 1, 1, 1, -13 ] ], 
              [ [ 1, 2, 2, 2, 1, 2, 1, 2, 2, 1, 3, 3, 0, 3, 1, 4, 2, -15 ], [ 1, 2, 2, 2, 3, 2, 3, 2, 2, 3, 1, 1, 4, 1, 3, 0, 2, -17 ] ], 
              [ [ 1, 3, 3, 2, 1, 3, 1, 0, 1, 0, 2, 2, 2, 2, 2, 3, 3, -16 ], [ 1, 1, 1, 2, 3, 1, 3, 4, 3, 4, 2, 2, 2, 2, 2, 1, 1, -16 ] ], 
              [ [ 1, 4, 2, 2, 1, 2, 3, 0, 1, 1, 2, 2, 3, 1, 2, 1, 2, -14 ], [ 1, 0, 2, 2, 3, 2, 1, 4, 3, 3, 2, 2, 1, 3, 2, 3, 2, -18 ] ], 
              [ [ 1, 2, 0, 3, 1, 2, 1, 3, 4, 3, 3, 3, 2, 3, 1, 3, 3, -16 ], [ 1, 2, 4, 1, 3, 2, 3, 1, 0, 1, 1, 1, 2, 1, 3, 1, 1, -16 ] ], 
              [ [ 1, 2, 1, 2, 0, 4, 1, 2, 2, 3, 3, 2, 3, 1, 2, 2, 3, -16 ], [ 1, 2, 3, 2, 4, 0, 3, 2, 2, 1, 1, 2, 1, 3, 2, 2, 1, -16 ] ], 
              [ [ 1, 3, 4, 2, 2, 3, 2, 2, 3, 2, 2, 4, 1, 2, 2, 4, 4, -20 ], [ 1, 1, 0, 2, 2, 1, 2, 2, 1, 2, 2, 0, 3, 2, 2, 0, 0, -12 ] ], 
              [ [ 1, 3, 3, 1, 1, 3, 2, 1, 1, 2, 3, 3, 1, 2, 3, 3, 4, -18 ], [ 1, 1, 1, 3, 3, 1, 2, 3, 3, 2, 1, 1, 3, 2, 1, 1, 0, -14 ] ], 
              [ [ 1, 2, 3, 3, 2, 4, 1, 1, 2, 1, 2, 2, 2, 3, 2, 3, 3, -19 ], [ 1, 2, 1, 1, 2, 0, 3, 3, 2, 3, 2, 2, 2, 1, 2, 1, 1, -13 ] ], 
              [ [ 1, 3, 3, 2, 1, 4, 0, 2, 1, 1, 3, 2, 2, 2, 2, 3, 3, -18 ], [ 1, 1, 1, 2, 3, 0, 4, 2, 3, 3, 1, 2, 2, 2, 2, 1, 1, -14 ] ], 
              [ [ 1, 3, 1, 3, 1, 3, 1, 1, 3, 2, 2, 2, 4, 2, 2, 2, 4, -17 ], [ 1, 1, 3, 1, 3, 1, 3, 3, 1, 2, 2, 2, 0, 2, 2, 2, 0, -15 ] ], 
              [ [ 1, 2, 3, 3, 3, 2, 1, 3, 2, 1, 3, 3, 0, 3, 1, 3, 0, -17 ], [ 1, 2, 1, 1, 1, 2, 3, 1, 2, 3, 1, 1, 4, 1, 3, 1, 4, -15 ] ], 
              [ [ 1, 2, 2, 2, 2, 2, 1, 2, 0, 1, 4, 2, 0, 3, 2, 2, 0, -15 ], [ 1, 2, 2, 2, 2, 2, 3, 2, 4, 3, 0, 2, 4, 1, 2, 2, 4, -17 ] ], 
              [ [ 1, 3, 1, 2, 2, 0, 3, 2, 3, 3, 3, 4, 1, 2, 2, 2, 2, -15 ], [ 1, 1, 3, 2, 2, 4, 1, 2, 1, 1, 1, 0, 3, 2, 2, 2, 2, -17 ] ], 
              [ [ 1, 2, 1, 4, 3, 1, 2, 2, 4, 2, 2, 3, 2, 3, 1, 2, 1, -16 ], [ 1, 2, 3, 0, 1, 3, 2, 2, 0, 2, 2, 1, 2, 1, 3, 2, 3, -16 ] ], 
              [ [ 1, 3, 2, 1, 1, 2, 3, 1, 1, 3, 3, 3, 2, 0, 3, 1, 2, -15 ], [ 1, 1, 2, 3, 3, 2, 1, 3, 3, 1, 1, 1, 2, 4, 1, 3, 2, -17 ] ], 
              [ [ 1, 2, 2, 3, 2, 3, 2, 1, 2, 2, 2, 2, 3, 1, 2, 1, 1, -16 ], [ 1, 2, 2, 1, 2, 1, 2, 3, 2, 2, 2, 2, 1, 3, 2, 3, 3, -16 ] ], 
              [ [ 1, 4, 2, 1, 1, 2, 4, 1, 1, 3, 3, 3, 2, 1, 3, 1, 3, -16 ], [ 1, 0, 2, 3, 3, 2, 0, 3, 3, 1, 1, 1, 2, 3, 1, 3, 1, -16 ] ], 
              [ [ 1, 3, 2, 3, 2, 3, 3, 1, 2, 2, 2, 2, 3, 2, 2, 1, 2, -17 ], [ 1, 1, 2, 1, 2, 1, 1, 3, 2, 2, 2, 2, 1, 2, 2, 3, 2, -15 ] ], 
              [ [ 1, 2, 0, 3, 2, 1, 2, 1, 2, 2, 3, 2, 2, 3, 2, 1, 1, -14 ], [ 1, 2, 4, 1, 2, 3, 2, 3, 2, 2, 1, 2, 2, 1, 2, 3, 3, -18 ] ], 
              [ [ 1, 3, 1, 3, 2, 1, 1, 3, 3, 2, 3, 3, 2, 2, 1, 2, 1, -15 ], [ 1, 1, 3, 1, 2, 3, 3, 1, 1, 2, 1, 1, 2, 2, 3, 2, 3, -17 ] ], 
              [ [ 1, 4, 2, 2, 1, 3, 2, 2, 1, 2, 3, 2, 3, 1, 2, 1, 2, -16 ], [ 1, 0, 2, 2, 3, 1, 2, 2, 3, 2, 1, 2, 1, 3, 2, 3, 2, -16 ] ], 
              [ [ 1, 3, 0, 2, 1, 1, 1, 2, 1, 2, 4, 2, 2, 2, 2, 1, 1, -13 ], [ 1, 1, 4, 2, 3, 3, 3, 2, 3, 2, 0, 2, 2, 2, 2, 3, 3, -19 ] ], 
              [ [ 1, 2, 0, 4, 2, 2, 0, 2, 2, 1, 3, 1, 3, 3, 1, 1, 0, -14 ], [ 1, 2, 4, 0, 2, 2, 4, 2, 2, 3, 1, 3, 1, 1, 3, 3, 4, -18 ] ], 
              [ [ 1, 3, 4, 2, 3, 2, 3, 0, 1, 1, 2, 3, 1, 2, 3, 2, 2, -18 ], [ 1, 1, 0, 2, 1, 2, 1, 4, 3, 3, 2, 1, 3, 2, 1, 2, 2, -14 ] ], 
              [ [ 1, 4, 4, 1, 2, 2, 2, 1, 0, 1, 3, 3, 1, 1, 3, 2, 2, -17 ], [ 1, 0, 0, 3, 2, 2, 2, 3, 4, 3, 1, 1, 3, 3, 1, 2, 2, -15 ] ], 
              [ [ 1, 3, 4, 3, 3, 3, 1, 1, 1, 0, 2, 2, 2, 2, 2, 2, 1, -18 ], [ 1, 1, 0, 1, 1, 1, 3, 3, 3, 4, 2, 2, 2, 2, 2, 2, 3, -14 ] ], 
              [ [ 1, 4, 2, 2, 2, 1, 3, 0, 2, 2, 2, 3, 3, 1, 3, 1, 3, -16 ], [ 1, 0, 2, 2, 2, 3, 1, 4, 2, 2, 2, 1, 1, 3, 1, 3, 1, -16 ] ], 
              [ [ 1, 2, 2, 2, 2, 3, 3, 2, 2, 4, 3, 3, 2, 1, 3, 1, 2, -18 ], [ 1, 2, 2, 2, 2, 1, 1, 2, 2, 0, 1, 1, 2, 3, 1, 3, 2, -14 ] ], 
              [ [ 1, 2, 0, 3, 2, 2, 1, 3, 2, 3, 4, 2, 2, 3, 2, 1, 1, -16 ], [ 1, 2, 4, 1, 2, 2, 3, 1, 2, 1, 0, 2, 2, 1, 2, 3, 3, -16 ] ], 
              [ [ 1, 3, 4, 2, 3, 3, 2, 2, 1, 2, 3, 3, 1, 2, 3, 2, 2, -20 ], [ 1, 1, 0, 2, 1, 1, 2, 2, 3, 2, 1, 1, 3, 2, 1, 2, 2, -12 ] ], 
              [ [ 1, 3, 2, 3, 3, 2, 3, 1, 3, 3, 2, 3, 3, 2, 3, 1, 3, -19 ], [ 1, 1, 2, 1, 1, 2, 1, 3, 1, 1, 2, 1, 1, 2, 1, 3, 1, -13 ] ], 
              [ [ 1, 4, 2, 2, 2, 2, 2, 2, 2, 3, 3, 3, 3, 1, 3, 1, 3, -18 ], [ 1, 0, 2, 2, 2, 2, 2, 2, 2, 1, 1, 1, 1, 3, 1, 3, 1, -14 ] ], 
              [ [ 1, 2, 1, 2, 2, 1, 1, 2, 2, 0, 3, 2, 1, 3, 0, 2, 1, -12 ], [ 1, 2, 3, 2, 2, 3, 3, 2, 2, 4, 1, 2, 3, 1, 4, 2, 3, -20 ] ], 
              [ [ 1, 2, 1, 1, 2, 1, 2, 3, 2, 2, 4, 3, 0, 3, 1, 2, 2, -14 ], [ 1, 2, 3, 3, 2, 3, 2, 1, 2, 2, 0, 1, 4, 1, 3, 2, 2, -18 ] ], 
              [ [ 1, 1, 1, 3, 3, 2, 1, 3, 3, 1, 3, 2, 1, 4, 0, 2, 1, -15 ], [ 1, 3, 3, 1, 1, 2, 3, 1, 1, 3, 1, 2, 3, 0, 4, 2, 3, -17 ] ], 
              [ [ 1, 3, 3, 1, 3, 1, 4, 1, 3, 2, 2, 4, 1, 2, 2, 2, 4, -17 ], [ 1, 1, 1, 3, 1, 3, 0, 3, 1, 2, 2, 0, 3, 2, 2, 2, 0, -15 ] ], 
              [ [ 1, 3, 3, 2, 3, 2, 2, 2, 3, 1, 2, 3, 2, 2, 1, 2, 3, -17 ], [ 1, 1, 1, 2, 1, 2, 2, 2, 1, 3, 2, 1, 2, 2, 3, 2, 1, -15 ] ], 
              [ [ 1, 3, 2, 1, 2, 2, 2, 1, 1, 1, 3, 2, 2, 2, 2, 1, 3, -15 ], [ 1, 1, 2, 3, 2, 2, 2, 3, 3, 3, 1, 2, 2, 2, 2, 3, 1, -17 ] ], 
              [ [ 1, 2, 2, 2, 4, 0, 3, 2, 2, 1, 3, 3, 0, 3, 1, 1, 0, -14 ], [ 1, 2, 2, 2, 0, 4, 1, 2, 2, 3, 1, 1, 4, 1, 3, 3, 4, -18 ] ], 
              [ [ 1, 2, 2, 3, 1, 4, 2, 1, 2, 2, 2, 3, 2, 1, 3, 3, 3, -18 ], [ 1, 2, 2, 1, 3, 0, 2, 3, 2, 2, 2, 1, 2, 3, 1, 1, 1, -14 ] ], 
              [ [ 1, 1, 3, 3, 3, 4, 2, 1, 1, 0, 2, 2, 1, 2, 2, 2, 1, -17 ], [ 1, 3, 1, 1, 1, 0, 2, 3, 3, 4, 2, 2, 3, 2, 2, 2, 3, -15 ] ], 
              [ [ 1, 2, 1, 3, 2, 3, 2, 1, 2, 1, 2, 2, 3, 1, 2, 1, 2, -15 ], [ 1, 2, 3, 1, 2, 1, 2, 3, 2, 3, 2, 2, 1, 3, 2, 3, 2, -17 ] ], 
              [ [ 1, 4, 3, 1, 1, 1, 3, 1, 1, 2, 2, 2, 2, 2, 2, 2, 2, -15 ], [ 1, 0, 1, 3, 3, 3, 1, 3, 3, 2, 2, 2, 2, 2, 2, 2, 2, -17 ] ], 
              [ [ 1, 2, 2, 1, 0, 3, 1, 3, 2, 4, 3, 2, 2, 2, 2, 3, 3, -17 ], [ 1, 2, 2, 3, 4, 1, 3, 1, 2, 0, 1, 2, 2, 2, 2, 1, 1, -15 ] ], 
              [ [ 1, 3, 2, 2, 1, 2, 1, 2, 3, 3, 2, 2, 3, 3, 2, 3, 4, -18 ], [ 1, 1, 2, 2, 3, 2, 3, 2, 1, 1, 2, 2, 1, 1, 2, 1, 0, -14 ] ], 
              [ [ 1, 3, 3, 0, 1, 1, 3, 2, 1, 4, 3, 3, 1, 1, 3, 2, 2, -16 ], [ 1, 1, 1, 4, 3, 3, 1, 2, 3, 0, 1, 1, 3, 3, 1, 2, 2, -16 ] ], 
              [ [ 1, 2, 3, 2, 2, 2, 2, 2, 2, 3, 2, 2, 2, 2, 2, 2, 1, -17 ], [ 1, 2, 1, 2, 2, 2, 2, 2, 2, 1, 2, 2, 2, 2, 2, 2, 3, -15 ] ], 
              [ [ 1, 3, 2, 2, 2, 0, 1, 4, 3, 3, 3, 3, 1, 3, 1, 3, 1, -16 ], [ 1, 1, 2, 2, 2, 4, 3, 0, 1, 1, 1, 1, 3, 1, 3, 1, 3, -16 ] ], 
              [ [ 1, 3, 3, 1, 1, 2, 1, 3, 1, 3, 3, 2, 2, 1, 2, 2, 1, -16 ], [ 1, 1, 1, 3, 3, 2, 3, 1, 3, 1, 1, 2, 2, 3, 2, 2, 3, -16 ] ], 
              [ [ 1, 4, 3, 1, 1, 2, 2, 3, 1, 3, 3, 2, 2, 2, 2, 2, 2, -17 ], [ 1, 0, 1, 3, 3, 2, 2, 1, 3, 1, 1, 2, 2, 2, 2, 2, 2, -15 ] ], 
              [ [ 1, 3, 1, 1, 1, 0, 1, 3, 1, 3, 4, 2, 1, 3, 2, 2, 1, -14 ], [ 1, 1, 3, 3, 3, 4, 3, 1, 3, 1, 0, 2, 3, 1, 2, 2, 3, -18 ] ], 
              [ [ 1, 2, 1, 3, 2, 1, 0, 3, 2, 2, 3, 1, 2, 4, 1, 2, 0, -15 ], [ 1, 2, 3, 1, 2, 3, 4, 1, 2, 2, 1, 3, 2, 0, 3, 2, 4, -17 ] ], 
              [ [ 1, 3, 1, 2, 1, 1, 2, 2, 3, 4, 2, 2, 4, 1, 2, 1, 2, -15 ], [ 1, 1, 3, 2, 3, 3, 2, 2, 1, 0, 2, 2, 0, 3, 2, 3, 2, -17 ] ], 
              [ [ 1, 4, 1, 2, 1, 1, 3, 2, 3, 4, 2, 2, 4, 2, 2, 1, 3, -16 ], [ 1, 0, 3, 2, 3, 3, 1, 2, 1, 0, 2, 2, 0, 2, 2, 3, 1, -16 ] ], 
              [ [ 1, 4, 3, 1, 2, 0, 3, 1, 2, 3, 2, 3, 2, 2, 3, 2, 3, -17 ], [ 1, 0, 1, 3, 2, 4, 1, 3, 2, 1, 2, 1, 2, 2, 1, 2, 1, -15 ] ], 
              [ [ 1, 4, 3, 2, 2, 1, 1, 2, 2, 2, 2, 2, 3, 2, 2, 2, 2, -17 ], [ 1, 0, 1, 2, 2, 3, 3, 2, 2, 2, 2, 2, 1, 2, 2, 2, 2, -15 ] ], 
              [ [ 1, 3, 1, 1, 1, 1, 3, 3, 3, 6, 3, 3, 3, 1, 3, 1, 3, -17 ], [ 1, 1, 3, 3, 3, 3, 1, 1, 1, -2, 1, 1, 1, 3, 1, 3, 1, -15 ] ], 
              [ [ 1, 4, 3, 1, 2, 1, 2, 3, 2, 4, 3, 3, 2, 2, 3, 2, 3, -19 ], [ 1, 0, 1, 3, 2, 3, 2, 1, 2, 0, 1, 1, 2, 2, 1, 2, 1, -13 ] ], 
              [ [ 1, 2, 2, 1, 2, 0, 1, 3, 2, 1, 3, 2, 0, 4, 0, 3, 1, -13 ], [ 1, 2, 2, 3, 2, 4, 3, 1, 2, 3, 1, 2, 4, 0, 4, 1, 3, -19 ] ], 
              [ [ 1, 2, 2, 1, 2, 1, 3, 3, 4, 4, 2, 3, 2, 2, 1, 2, 3, -16 ], [ 1, 2, 2, 3, 2, 3, 1, 1, 0, 0, 2, 1, 2, 2, 3, 2, 1, -16 ] ], 
              [ [ 1, 2, 1, 0, 1, 1, 3, 2, 2, 4, 3, 2, 2, 2, 2, 1, 3, -14 ], [ 1, 2, 3, 4, 3, 3, 1, 2, 2, 0, 1, 2, 2, 2, 2, 3, 1, -18 ] ], 
              [ [ 1, 2, 0, 2, 2, 0, 1, 4, 4, 3, 3, 2, 2, 4, 0, 2, 2, -14 ], [ 1, 2, 4, 2, 2, 4, 3, 0, 0, 1, 1, 2, 2, 0, 4, 2, 2, -18 ] ], 
              [ [ 1, 2, 1, 1, 1, 2, 1, 3, 2, 3, 3, 1, 3, 2, 1, 1, 2, -14 ], [ 1, 2, 3, 3, 3, 2, 3, 1, 2, 1, 1, 3, 1, 2, 3, 3, 2, -18 ] ], 
              [ [ 1, 3, 4, 1, 3, 1, 2, 3, 3, 2, 2, 3, 1, 3, 1, 3, 3, -18 ], [ 1, 1, 0, 3, 1, 3, 2, 1, 1, 2, 2, 1, 3, 1, 3, 1, 1, -14 ] ], 
              [ [ 1, 3, 3, 0, 2, 1, 2, 2, 1, 2, 3, 2, 1, 3, 2, 2, 3, -16 ], [ 1, 1, 1, 4, 2, 3, 2, 2, 3, 2, 1, 2, 3, 1, 2, 2, 1, -16 ] ], 
              [ [ 1, 3, 1, 1, 3, -2, 3, 3, 3, 3, 3, 3, 1, 3, 1, 1, 1, -13 ], [ 1, 1, 3, 3, 1, 6, 1, 1, 1, 1, 1, 1, 3, 1, 3, 3, 3, -19 ] ], 
              [ [ 1, 3, 2, 0, 2, 0, 3, 2, 1, 3, 3, 2, 2, 1, 2, 0, 1, -13 ], [ 1, 1, 2, 4, 2, 4, 1, 2, 3, 1, 1, 2, 2, 3, 2, 4, 3, -19 ] ], 
              [ [ 1, 4, 2, 0, 2, 0, 4, 2, 1, 3, 3, 2, 2, 2, 2, 0, 2, -14 ], [ 1, 0, 2, 4, 2, 4, 0, 2, 3, 1, 1, 2, 2, 2, 2, 4, 2, -18 ] ], 
              [ [ 1, 2, 2, 1, 3, 1, 3, 3, 2, 4, 3, 2, 2, 2, 2, 0, 1, -16 ], [ 1, 2, 2, 3, 1, 3, 1, 1, 2, 0, 1, 2, 2, 2, 2, 4, 3, -16 ] ], 
              [ [ 1, 2, 3, 3, 1, 3, 1, 1, 2, 1, 1, 2, 2, 2, 2, 4, 2, -17 ], [ 1, 2, 1, 1, 3, 1, 3, 3, 2, 3, 3, 2, 2, 2, 2, 0, 2, -15 ] ], 
              [ [ 1, 2, 3, 2, 1, 3, 2, 2, 2, 3, 2, 3, 1, 2, 3, 4, 3, -19 ], [ 1, 2, 1, 2, 3, 1, 2, 2, 2, 1, 2, 1, 3, 2, 1, 0, 1, -13 ] ], 
              [ [ 1, 2, 3, 3, 1, 4, 0, 3, 2, 2, 2, 2, 2, 2, 2, 4, 2, -19 ], [ 1, 2, 1, 1, 3, 0, 4, 1, 2, 2, 2, 2, 2, 2, 2, 0, 2, -13 ] ], 
              [ [ 1, 2, 2, 2, 0, 4, 0, 2, 0, 2, 3, 1, 2, 2, 3, 3, 2, -17 ], [ 1, 2, 2, 2, 4, 0, 4, 2, 4, 2, 1, 3, 2, 2, 1, 1, 2, -15 ] ], 
              [ [ 1, 3, 1, 2, 0, 2, 2, 2, 3, 4, 2, 3, 3, 1, 3, 3, 4, -17 ], [ 1, 1, 3, 2, 4, 2, 2, 2, 1, 0, 2, 1, 1, 3, 1, 1, 0, -15 ] ], 
              [ [ 1, 2, 1, 4, 1, 3, 1, 2, 4, 3, 1, 2, 4, 2, 2, 3, 3, -18 ], [ 1, 2, 3, 0, 3, 1, 3, 2, 0, 1, 3, 2, 0, 2, 2, 1, 1, -14 ] ], 
              [ [ 1, 2, 0, 3, 0, 3, 1, 1, 2, 3, 2, 1, 4, 2, 3, 2, 3, -16 ], [ 1, 2, 4, 1, 4, 1, 3, 3, 2, 1, 2, 3, 0, 2, 1, 2, 1, -16 ] ], 
              [ [ 1, 3, 4, 2, 1, 4, 2, 0, 1, 2, 1, 2, 3, 1, 4, 3, 4, -20 ], [ 1, 1, 0, 2, 3, 0, 2, 4, 3, 2, 3, 2, 1, 3, 0, 1, 0, -12 ] ], 
              [ [ 1, 2, 0, 3, 1, 1, 1, 3, 2, 3, 3, 2, 2, 2, 2, 2, 0, -14 ], [ 1, 2, 4, 1, 3, 3, 3, 1, 2, 1, 1, 2, 2, 2, 2, 2, 4, -18 ] ], 
              [ [ 1, 3, 1, 2, 0, 3, 2, 2, 0, 3, 3, 1, 3, 1, 3, 1, 1, -15 ], [ 1, 1, 3, 2, 4, 1, 2, 2, 4, 1, 1, 3, 1, 3, 1, 3, 3, -17 ] ], 
              [ [ 1, 3, 4, 2, 2, 2, 2, 2, 1, 2, 2, 3, 1, 1, 3, 3, 1, -18 ], [ 1, 1, 0, 2, 2, 2, 2, 2, 3, 2, 2, 1, 3, 3, 1, 1, 3, -14 ] ], 
              [ [ 1, 2, 3, 3, 2, 3, 1, 1, 0, 1, 2, 1, 2, 2, 3, 2, 0, -17 ], [ 1, 2, 1, 1, 2, 1, 3, 3, 4, 3, 2, 3, 2, 2, 1, 2, 4, -15 ] ], 
              [ [ 1, 3, 2, 3, 2, 1, 3, 1, 3, 3, 1, 3, 3, 1, 3, 2, 2, -17 ], [ 1, 1, 2, 1, 2, 3, 1, 3, 1, 1, 3, 1, 1, 3, 1, 2, 2, -15 ] ], 
              [ [ 1, 4, 3, 2, 1, 3, 4, 0, 1, 3, 1, 2, 4, 0, 4, 1, 3, -18 ], [ 1, 0, 1, 2, 3, 1, 0, 4, 3, 1, 3, 2, 0, 4, 0, 3, 1, -14 ] ], 
              [ [ 1, 3, 1, 3, 1, 2, 1, 1, 1, 2, 2, 1, 4, 1, 3, 1, 1, -15 ], [ 1, 1, 3, 1, 3, 2, 3, 3, 3, 2, 2, 3, 0, 3, 1, 3, 3, -17 ] ], 
              [ [ 1, 4, 1, 3, 1, 2, 2, 1, 1, 2, 2, 1, 4, 2, 3, 1, 2, -16 ], [ 1, 0, 3, 1, 3, 2, 2, 3, 3, 2, 2, 3, 0, 2, 1, 3, 2, -16 ] ], 
              [ [ 1, 3, 2, 3, 2, 2, 2, 3, 3, 4, 2, 3, 3, 1, 3, 2, 2, -19 ], [ 1, 1, 2, 1, 2, 2, 2, 1, 1, 0, 2, 1, 1, 3, 1, 2, 2, -13 ] ], 
              [ [ 1, 3, 1, 2, 1, 2, 2, 2, 1, 4, 3, 2, 3, 1, 4, 1, 2, -17 ], [ 1, 1, 3, 2, 3, 2, 2, 2, 3, 0, 1, 2, 1, 3, 0, 3, 2, -15 ] ], 
              [ [ 1, 2, 1, 4, 2, 3, 1, 2, 2, 3, 2, 1, 4, 2, 3, 1, 1, -18 ], [ 1, 2, 3, 0, 2, 1, 3, 2, 2, 1, 2, 3, 0, 2, 1, 3, 3, -14 ] ], 
              [ [ 1, 1, 3, 2, 1, 4, 0, 2, 1, 0, 2, 1, 1, 3, 1, 4, 2, -16 ], [ 1, 3, 1, 2, 3, 0, 4, 2, 3, 4, 2, 3, 3, 1, 3, 0, 2, -16 ] ], 
              [ [ 1, 2, 2, 2, 1, 2, 2, 2, 4, 2, 1, 3, 2, 2, 1, 4, 4, -16 ], [ 1, 2, 2, 2, 3, 2, 2, 2, 0, 2, 3, 1, 2, 2, 3, 0, 0, -16 ] ], 
              [ [ 1, 2, 1, 1, 0, 2, 2, 1, 2, 2, 2, 2, 2, 2, 2, 3, 4, -14 ], [ 1, 2, 3, 3, 4, 2, 2, 3, 2, 2, 2, 2, 2, 2, 2, 1, 0, -18 ] ], 
              [ [ 1, 1, 1, 3, 1, 3, 1, 1, 3, 1, 1, 1, 3, 3, 1, 3, 3, -15 ], [ 1, 3, 3, 1, 3, 1, 3, 3, 1, 3, 3, 3, 1, 1, 3, 1, 1, -17 ] ], 
              [ [ 1, 2, 1, 2, 0, 3, 0, 2, 2, 1, 2, 1, 3, 2, 1, 3, 3, -14 ], [ 1, 2, 3, 2, 4, 1, 4, 2, 2, 3, 2, 3, 1, 2, 3, 1, 1, -18 ] ], 
              [ [ 1, 1, 1, 3, 2, 1, 1, 3, 3, 1, 2, 2, 1, 3, 0, 3, 0, -13 ], [ 1, 3, 3, 1, 2, 3, 3, 1, 1, 3, 2, 2, 3, 1, 4, 1, 4, -19 ] ], 
              [ [ 1, 2, 2, 2, 1, 3, 2, 2, 1, 1, 2, 1, 2, 2, 1, 2, 1, -14 ], [ 1, 2, 2, 2, 3, 1, 2, 2, 3, 3, 2, 3, 2, 2, 3, 2, 3, -18 ] ], 
              [ [ 1, 1, 0, 2, 1, 1, 1, 2, 1, 1, 3, 1, 1, 3, 1, 2, 0, -11 ], [ 1, 3, 4, 2, 3, 3, 3, 2, 3, 3, 1, 3, 3, 1, 3, 2, 4, -21 ] ], 
              [ [ 1, 2, 4, 1, 2, 2, 2, 1, 0, 0, 2, 2, 0, 2, 2, 3, 1, -15 ], [ 1, 2, 0, 3, 2, 2, 2, 3, 4, 4, 2, 2, 4, 2, 2, 1, 3, -17 ] ], 
              [ [ 1, 2, 2, 2, 2, 1, 3, 0, 2, 1, 1, 2, 2, 2, 2, 2, 2, -14 ], [ 1, 2, 2, 2, 2, 3, 1, 4, 2, 3, 3, 2, 2, 2, 2, 2, 2, -18 ] ], 
              [ [ 1, 3, 2, 1, 1, 1, 2, 1, 1, 1, 2, 2, 2, 1, 2, 2, 2, -13 ], [ 1, 1, 2, 3, 3, 3, 2, 3, 3, 3, 2, 2, 2, 3, 2, 2, 2, -19 ] ], 
              [ [ 1, 2, 2, 3, 2, 2, 1, 1, 2, 0, 1, 1, 3, 2, 1, 2, 1, -14 ], [ 1, 2, 2, 1, 2, 2, 3, 3, 2, 4, 3, 3, 1, 2, 3, 2, 3, -18 ] ], 
              [ [ 1, 4, 2, 1, 1, 1, 3, 1, 1, 1, 2, 2, 2, 2, 2, 2, 3, -14 ], [ 1, 0, 2, 3, 3, 3, 1, 3, 3, 3, 2, 2, 2, 2, 2, 2, 1, -18 ] ], 
              [ [ 1, 3, 2, 3, 2, 2, 2, 1, 2, 0, 1, 1, 3, 3, 1, 2, 2, -15 ], [ 1, 1, 2, 1, 2, 2, 2, 3, 2, 4, 3, 3, 1, 1, 3, 2, 2, -17 ] ], 
              [ [ 1, 0, 1, 2, 1, 3, 1, 2, 3, 3, 2, 2, 2, 2, 2, 3, 3, -16 ], [ 1, 4, 3, 2, 3, 1, 3, 2, 1, 1, 2, 2, 2, 2, 2, 1, 1, -16 ] ], 
              [ [ 1, 1, 1, 2, 1, 3, 2, 2, 3, 3, 2, 2, 2, 3, 2, 3, 4, -17 ], [ 1, 3, 3, 2, 3, 1, 2, 2, 1, 1, 2, 2, 2, 1, 2, 1, 0, -15 ] ], 
              [ [ 1, 2, 1, 1, 0, 3, 1, 3, 2, 3, 3, 2, 2, 2, 2, 3, 4, -16 ], [ 1, 2, 3, 3, 4, 1, 3, 1, 2, 1, 1, 2, 2, 2, 2, 1, 0, -16 ] ], 
              [ [ 1, 1, 1, 3, 1, 4, 0, 3, 3, 2, 2, 1, 3, 3, 1, 3, 3, -17 ], [ 1, 3, 3, 1, 3, 0, 4, 1, 1, 2, 2, 3, 1, 1, 3, 1, 1, -15 ] ], 
              [ [ 1, 1, 3, 2, 2, 3, 0, 2, 2, 1, 2, 2, 1, 3, 2, 4, 3, -18 ], [ 1, 3, 1, 2, 2, 1, 4, 2, 2, 3, 2, 2, 3, 1, 2, 0, 1, -14 ] ], 
              [ [ 1, 3, 3, 1, 1, 3, 3, 1, 3, 3, 1, 3, 3, 1, 3, 3, 6, -19 ], [ 1, 1, 1, 3, 3, 1, 1, 3, 1, 1, 3, 1, 1, 3, 1, 1, -2, -13 ] ], 
              [ [ 1, 1, 1, 2, 2, 1, 2, 4, 3, 3, 3, 3, 0, 3, 1, 3, 1, -15 ], [ 1, 3, 3, 2, 2, 3, 2, 0, 1, 1, 1, 1, 4, 1, 3, 1, 3, -17 ] ], 
              [ [ 1, 1, 2, 1, 1, 3, 2, 3, 1, 3, 3, 2, 1, 1, 2, 2, 1, -15 ], [ 1, 3, 2, 3, 3, 1, 2, 1, 3, 1, 1, 2, 3, 3, 2, 2, 3, -17 ] ], 
              [ [ 1, 0, 0, 3, 2, 2, 1, 3, 2, 2, 3, 1, 1, 4, 1, 2, 0, -14 ], [ 1, 4, 4, 1, 2, 2, 3, 1, 2, 2, 1, 3, 3, 0, 3, 2, 4, -18 ] ], 
              [ [ 1, 1, 0, 2, 1, 2, 3, 2, 3, 4, 2, 2, 3, 1, 2, 1, 2, -14 ], [ 1, 3, 4, 2, 3, 2, 1, 2, 1, 0, 2, 2, 1, 3, 2, 3, 2, -18 ] ], 
              [ [ 1, 1, 0, 2, 1, 2, 0, 4, 1, 2, 4, 1, 1, 3, 1, 2, 0, -13 ], [ 1, 3, 4, 2, 3, 2, 4, 0, 3, 2, 0, 3, 3, 1, 3, 2, 4, -19 ] ], 
              [ [ 1, 1, -2, 3, 1, 1, 1, 3, 3, 3, 3, 1, 3, 3, 1, 1, 1, -12 ], [ 1, 3, 6, 1, 3, 3, 3, 1, 1, 1, 1, 3, 1, 1, 3, 3, 3, -20 ] ], 
              [ [ 1, 1, 4, 2, 3, 3, 2, 2, 1, 1, 2, 2, 0, 3, 2, 3, 1, -18 ], [ 1, 3, 0, 2, 1, 1, 2, 2, 3, 3, 2, 2, 4, 1, 2, 1, 3, -14 ] ], 
              [ [ 1, 2, 3, 2, 3, 1, 4, 2, 4, 3, 1, 4, 1, 2, 2, 3, 3, -18 ], [ 1, 2, 1, 2, 1, 3, 0, 2, 0, 1, 3, 0, 3, 2, 2, 1, 1, -14 ] ], 
              [ [ 1, 2, 4, 1, 2, 3, 4, 1, 2, 3, 1, 3, 2, 0, 3, 2, 3, -18 ], [ 1, 2, 0, 3, 2, 1, 0, 3, 2, 1, 3, 1, 2, 4, 1, 2, 1, -14 ] ], 
              [ [ 1, 2, 2, 1, 2, 1, 4, 1, 2, 3, 2, 3, 1, 2, 3, 2, 3, -16 ], [ 1, 2, 2, 3, 2, 3, 0, 3, 2, 1, 2, 1, 3, 2, 1, 2, 1, -16 ] ], 
              [ [ 1, 1, 2, 3, 3, 2, 3, 1, 3, 2, 1, 2, 2, 3, 2, 2, 2, -17 ], [ 1, 3, 2, 1, 1, 2, 1, 3, 1, 2, 3, 2, 2, 1, 2, 2, 2, -15 ] ], 
              [ [ 1, 2, 4, 1, 2, 3, 1, 3, 0, 1, 3, 2, 0, 2, 2, 3, 1, -17 ], [ 1, 2, 0, 3, 2, 1, 3, 1, 4, 3, 1, 2, 4, 2, 2, 1, 3, -15 ] ], 
              [ [ 1, 3, 3, 1, 2, 1, 3, 3, 3, 3, 2, 4, 1, 1, 2, 3, 3, -17 ], [ 1, 1, 1, 3, 2, 3, 1, 1, 1, 1, 2, 0, 3, 3, 2, 1, 1, -15 ] ], 
              [ [ 1, 2, 3, 3, 3, 2, 2, 3, 4, 2, 1, 3, 2, 2, 1, 3, 2, -18 ], [ 1, 2, 1, 1, 1, 2, 2, 1, 0, 2, 3, 1, 2, 2, 3, 1, 2, -14 ] ], 
              [ [ 1, 1, 1, 3, 3, 0, 1, 3, 4, 2, 2, 3, 1, 3, 1, 3, 1, -15 ], [ 1, 3, 3, 1, 1, 4, 3, 1, 0, 2, 2, 1, 3, 1, 3, 1, 3, -17 ] ], 
              [ [ 1, 2, 1, 3, 3, 0, 2, 3, 4, 2, 2, 3, 1, 4, 1, 3, 2, -16 ], [ 1, 2, 3, 1, 1, 4, 2, 1, 0, 2, 2, 1, 3, 0, 3, 1, 2, -16 ] ], 
              [ [ 1, 1, 2, 2, 2, 2, 1, 2, 2, 2, 2, 2, 2, 1, 2, 2, 1, -15 ], [ 1, 3, 2, 2, 2, 2, 3, 2, 2, 2, 2, 2, 2, 3, 2, 2, 3, -17 ] ], 
              [ [ 1, 3, 2, 0, 1, 1, 3, 2, 1, 3, 3, 3, 1, 1, 3, 2, 3, -15 ], [ 1, 1, 2, 4, 3, 3, 1, 2, 3, 1, 1, 1, 3, 3, 1, 2, 1, -17 ] ] ],
          slins := [  ] ), 
      [ [ [ -91255342, -26437046, -76814838, -10201350, -101207686, -91327374, -14715634, -31311674, -25631158, -39685050, -51622662, -38866058, 
                  -91622206, -72870578, -115235366, -87730362, -1238310, -115268128 ], [ -26437046, -7658926, -22253579, -2955373, -29320293, -26457925, 
                  -4263181, -9071123, -7425457, -11496925, -14955303, -11259657, -26543335, -21110911, -33384171, -25415855, -358743, -33393660 ], 
              [ -76814838, -22253579, -64659482, -8587073, -85192335, -76875507, -12387001, -26356847, -21575217, -33405191, -43453773, -32715801, 
                  -77123693, -61339367, -97000247, -73847697, -1042363, -97027824 ], [ -10201350, -2955373, -8587073, -1140406, -11313923, -10209411, 
                  -1645051, -3500311, -2865283, -4436359, -5770857, -4344807, -10242375, -8146145, -12882069, -9807305, -138433, -12885732 ], 
              [ -101207686, -29320293, -85192335, -11313923, -112245486, -101287617, -16320537, -34726557, -28426515, -44013135, -57252681, -43104821, 
                  -101614605, -80817909, -127803041, -97298313, -1373365, -127839372 ], 
              [ -91327374, -26457925, -76875507, -10209411, -101287617, -91399502, -14727259, -31336407, -25651401, -39716391, -51663437, -38896751, 
                  -91694567, -72928131, -115326379, -87799649, -1239291, -115359164 ], [ -14715634, -4263181, -12387001, -1645051, -16320537, -14727259, 
                  -2373014, -5049257, -4133225, -6399527, -8324563, -6267459, -14774805, -11750957, -18582613, -14147213, -199689, -18587896 ], 
              [ -31311674, -9071123, -26356847, -3500311, -34726557, -31336407, -5049257, -10743722, -8794605, -13616803, -17712861, -13335791, -31437575, 
                  -25003483, -39539763, -30102195, -424895, -39551004 ], [ -25631158, -7425457, -21575217, -2865283, -28426515, -25651401, -4133225, 
                  -8794605, -7199106, -11146461, -14499417, -10916425, -25734207, -20467381, -32366513, -24641097, -347807, -32375712 ], 
              [ -39685050, -11496925, -33405191, -4436359, -44013135, -39716391, -6399527, -13616803, -11146461, -17258210, -22449633, -16902047, 
                  -39844609, -31689913, -50113485, -38152125, -538517, -50127732 ], [ -51622662, -14955303, -43453773, -5770857, -57252681, -51663437, 
                  -8324563, -17712861, -14499417, -22449633, -29202686, -21986333, -51830225, -41222523, -65188073, -49628627, -700509, -65206604 ], 
              [ -38866058, -11259657, -32715801, -4344807, -43104821, -38896751, -6267459, -13335791, -10916425, -16902047, -21986333, -16553238, 
                  -39022327, -31035921, -49079277, -37364767, -527405, -49093232 ], [ -91622206, -26543335, -77123693, -10242375, -101614605, -91694567, 
                  -14774805, -31437575, -25734207, -39844609, -51830225, -39022327, -91990594, -73163571, -115698691, -88083095, -1243295, -115731584 ], 
              [ -72870578, -21110911, -61339367, -8146145, -80817909, -72928131, -11750957, -25003483, -20467381, -31689913, -41222523, -31035921, 
                  -73163571, -58189734, -92019511, -70055791, -988839, -92045672 ], [ -115235366, -33384171, -97000247, -12882069, -127803041, -115326379, 
                  -18582613, -39539763, -32366513, -50113485, -65188073, -49079277, -115698691, -92019511, -145516922, -110784147, -1563719, -145558288 ], 
              [ -87730362, -25415855, -73847697, -9807305, -97298313, -87799649, -14147213, -30102195, -24641097, -38152125, -49628627, -37364767, 
                  -88083095, -70055791, -110784147, -84341582, -1190481, -110815640 ], 
              [ -1238310, -358743, -1042363, -138433, -1373365, -1239291, -199689, -424895, -347807, -538517, -700509, -527405, -1243295, -988839, 
                  -1563719, -1190481, -16806, -1564164 ], [ -115268128, -33393660, -97027824, -12885732, -127839372, -115359164, -18587896, -39551004, 
                  -32375712, -50127732, -65206604, -49093232, -115731584, -92045672, -145558288, -110815640, -1564164, -145599668 ] ], 
          [ 1, 2, 2, 2, 2, 2, 2, 2, 2, 2, 2, 2, 2, 2, 2, 2, 2, -16 ] ] ], [ rec(
          nopss := [ 0, 455 ],
          scons := [ [ [ 1, 3, 2, 2, 2, 0, 3, 1, 4, 2, 3, 3, 2, 1, 3, 2, 3, -17 ], [ 1, 1, 2, 2, 2, 4, 1, 3, 0, 2, 1, 1, 2, 3, 1, 2, 1, -13 ] ], 
              [ [ 1, 3, 1, 2, 2, 0, 2, 2, 3, 1, 3, 3, 1, 0, 2, 2, 3, -15 ], [ 1, 1, 3, 2, 2, 4, 2, 2, 1, 3, 1, 1, 3, 4, 2, 2, 1, -15 ] ], 
              [ [ 1, 3, 3, 2, 3, 1, 4, 1, 2, 1, 2, 3, 3, 3, 3, 3, 4, -18 ], [ 1, 1, 1, 2, 1, 3, 0, 3, 2, 3, 2, 1, 1, 1, 1, 1, 0, -12 ] ], 
              [ [ 1, 2, 2, 2, 3, 0, 4, 1, 3, 2, 3, 3, 2, 2, 3, 1, 2, -16 ], [ 1, 2, 2, 2, 1, 4, 0, 3, 1, 2, 1, 1, 2, 2, 1, 3, 2, -14 ] ], 
              [ [ 1, 3, 2, 2, 2, 0, 3, 1, 3, 1, 4, 1, 1, 2, 2, 2, 2, -14 ], [ 1, 1, 2, 2, 2, 4, 1, 3, 1, 3, 0, 3, 3, 2, 2, 2, 2, -16 ] ], 
              [ [ 1, 3, 1, 2, 1, 1, 2, 1, 2, 1, 4, 1, 1, 0, 1, 1, 1, -11 ], [ 1, 1, 3, 2, 3, 3, 2, 3, 2, 3, 0, 3, 3, 4, 3, 3, 3, -19 ] ], 
              [ [ 1, 3, 3, 1, 1, 1, 3, 0, 1, 2, 2, 2, 2, 1, 2, 2, 2, -12 ], [ 1, 1, 1, 3, 3, 3, 1, 4, 3, 2, 2, 2, 2, 3, 2, 2, 2, -18 ] ], 
              [ [ 1, 3, 3, 2, 3, 1, 4, 1, 2, 3, 1, 3, 3, 2, 4, 1, 3, -18 ], [ 1, 1, 1, 2, 1, 3, 0, 3, 2, 1, 3, 1, 1, 2, 0, 3, 1, -12 ] ], 
              [ [ 1, 2, 2, 1, 1, 2, 3, 0, 1, 2, 3, 2, 2, 2, 2, 1, 1, -11 ], [ 1, 2, 2, 3, 3, 2, 1, 4, 3, 2, 1, 2, 2, 2, 2, 3, 3, -19 ] ], 
              [ [ 1, 3, 3, 3, 1, 3, 3, -2, 1, 3, 1, 3, 3, 3, 1, 3, 1, -13 ], [ 1, 1, 1, 1, 3, 1, 1, 6, 3, 1, 3, 1, 1, 1, 3, 1, 3, -17 ] ], 
              [ [ 1, 2, 2, 3, 1, 2, 3, 0, 3, 3, 3, 2, 1, 2, 2, 2, 1, -14 ], [ 1, 2, 2, 1, 3, 2, 1, 4, 1, 1, 1, 2, 3, 2, 2, 2, 3, -16 ] ], 
              [ [ 1, 2, 2, 3, 3, 1, 3, 1, 2, 2, 2, 4, 2, 4, 3, 3, 2, -17 ], [ 1, 2, 2, 1, 1, 3, 1, 3, 2, 2, 2, 0, 2, 0, 1, 1, 2, -13 ] ], 
              [ [ 1, 2, 2, 3, 2, 2, 3, 0, 2, 3, 2, 4, 3, 3, 3, 2, 1, -16 ], [ 1, 2, 2, 1, 2, 2, 1, 4, 2, 1, 2, 0, 1, 1, 1, 2, 3, -14 ] ], 
              [ [ 1, 3, 2, 1, 1, 1, 2, 1, 1, 1, 3, 2, 3, 2, 3, 3, 3, -14 ], [ 1, 1, 2, 3, 3, 3, 2, 3, 3, 3, 1, 2, 1, 2, 1, 1, 1, -16 ] ], 
              [ [ 1, 4, 4, 2, 2, 2, 3, 0, 1, 1, 1, 3, 2, 3, 2, 4, 3, -15 ], [ 1, 0, 0, 2, 2, 2, 1, 4, 3, 3, 3, 1, 2, 1, 2, 0, 1, -15 ] ], 
              [ [ 1, 3, 2, 2, 2, 1, 3, 0, 1, 1, 1, 3, 3, 3, 1, 4, 3, -14 ], [ 1, 1, 2, 2, 2, 3, 1, 4, 3, 3, 3, 1, 1, 1, 3, 0, 1, -16 ] ], 
              [ [ 1, 4, 3, 1, 1, 1, 2, 0, 0, 1, 2, 2, 3, 2, 2, 3, 2, -12 ], [ 1, 0, 1, 3, 3, 3, 2, 4, 4, 3, 2, 2, 1, 2, 2, 1, 2, -18 ] ], 
              [ [ 1, 2, 1, 2, 2, 0, 3, 2, 3, 1, 3, 2, 1, 2, 2, 3, 3, -15 ], [ 1, 2, 3, 2, 2, 4, 1, 2, 1, 3, 1, 2, 3, 2, 2, 1, 1, -15 ] ], 
              [ [ 1, 3, 2, 1, 1, 0, 2, 2, 2, 1, 4, 1, 1, 1, 3, 2, 2, -13 ], [ 1, 1, 2, 3, 3, 4, 2, 2, 2, 3, 0, 3, 3, 3, 1, 2, 2, -17 ] ], 
              [ [ 1, 3, 0, 3, 1, 1, 2, 1, 2, 0, 2, 2, 1, 2, 1, 3, 2, -12 ], [ 1, 1, 4, 1, 3, 3, 2, 3, 2, 4, 2, 2, 3, 2, 3, 1, 2, -18 ] ], 
              [ [ 1, 3, 2, 2, 2, 0, 3, 1, 2, 1, 2, 2, 1, 2, 1, 3, 2, -13 ], [ 1, 1, 2, 2, 2, 4, 1, 3, 2, 3, 2, 2, 3, 2, 3, 1, 2, -17 ] ], 
              [ [ 1, 3, 2, 1, 3, 0, 4, 2, 2, 1, 2, 1, 1, 2, 2, 1, 3, -14 ], [ 1, 1, 2, 3, 1, 4, 0, 2, 2, 3, 2, 3, 3, 2, 2, 3, 1, -16 ] ], 
              [ [ 1, 4, 3, 3, 1, 1, 2, 0, 2, 2, 2, 2, 2, 2, 2, 4, 2, -15 ], [ 1, 0, 1, 1, 3, 3, 2, 4, 2, 2, 2, 2, 2, 2, 2, 0, 2, -15 ] ], 
              [ [ 1, 4, 3, 2, 2, 1, 3, 1, 2, 2, 2, 1, 2, 2, 3, 2, 3, -16 ], [ 1, 0, 1, 2, 2, 3, 1, 3, 2, 2, 2, 3, 2, 2, 1, 2, 1, -14 ] ], 
              [ [ 1, 3, 1, 2, 2, 0, 3, 1, 2, 2, 2, 1, 3, 2, 2, 2, 3, -15 ], [ 1, 1, 3, 2, 2, 4, 1, 3, 2, 2, 2, 3, 1, 2, 2, 2, 1, -15 ] ], 
              [ [ 1, 4, 3, 3, 3, 1, 4, 0, 2, 2, 0, 2, 2, 3, 1, 3, 3, -16 ], [ 1, 0, 1, 1, 1, 3, 0, 4, 2, 2, 4, 2, 2, 1, 3, 1, 1, -14 ] ], 
              [ [ 1, 2, 2, 2, 2, 1, 3, 1, 3, 2, 3, 3, 1, 2, 3, 2, 2, -15 ], [ 1, 2, 2, 2, 2, 3, 1, 3, 1, 2, 1, 1, 3, 2, 1, 2, 2, -15 ] ], 
              [ [ 1, 2, 1, 1, 1, 0, 2, 1, 2, 2, 4, 2, 2, 1, 3, 1, 1, -12 ], [ 1, 2, 3, 3, 3, 4, 2, 3, 2, 2, 0, 2, 2, 3, 1, 3, 3, -18 ] ], 
              [ [ 1, 3, 3, 2, 2, 1, 3, 0, 2, 2, 2, 3, 1, 2, 2, 2, 1, -13 ], [ 1, 1, 1, 2, 2, 3, 1, 4, 2, 2, 2, 1, 3, 2, 2, 2, 3, -17 ] ], 
              [ [ 1, 3, 3, 1, 3, 1, 4, 1, 2, 2, 2, 2, 1, 2, 3, 0, 2, -14 ], [ 1, 1, 1, 3, 1, 3, 0, 3, 2, 2, 2, 2, 3, 2, 1, 4, 2, -16 ] ], 
              [ [ 1, 2, 1, 1, 3, 0, 4, 1, 2, 2, 2, 2, 2, 2, 2, 0, 2, -13 ], [ 1, 2, 3, 3, 1, 4, 0, 3, 2, 2, 2, 2, 2, 2, 2, 4, 2, -17 ] ], 
              [ [ 1, 3, 2, 2, 2, 1, 3, 0, 2, 3, 2, 2, 3, 2, 3, 1, 2, -15 ], [ 1, 1, 2, 2, 2, 3, 1, 4, 2, 1, 2, 2, 1, 2, 1, 3, 2, -15 ] ], 
              [ [ 1, 2, 1, 3, 3, 0, 4, 1, 4, 3, 2, 2, 1, 2, 2, 1, 2, -16 ], [ 1, 2, 3, 1, 1, 4, 0, 3, 0, 1, 2, 2, 3, 2, 2, 3, 2, -14 ] ], 
              [ [ 1, 3, 2, 2, 2, 0, 3, 1, 3, 3, 3, 1, 1, 1, 3, 0, 1, -14 ], [ 1, 1, 2, 2, 2, 4, 1, 3, 1, 1, 1, 3, 3, 3, 1, 4, 3, -16 ] ], 
              [ [ 1, 2, 1, 2, 1, 1, 3, 1, 3, 2, 3, 2, 2, 1, 2, 2, 2, -14 ], [ 1, 2, 3, 2, 3, 3, 1, 3, 1, 2, 1, 2, 2, 3, 2, 2, 2, -16 ] ], 
              [ [ 1, 4, 1, 2, 0, 1, 3, 1, 2, 1, 2, 2, 3, 2, 2, 3, 2, -14 ], [ 1, 0, 3, 2, 4, 3, 1, 3, 2, 3, 2, 2, 1, 2, 2, 1, 2, -16 ] ], 
              [ [ 1, 3, 2, 3, 2, 2, 4, 0, 3, 3, 1, 2, 3, 2, 2, 2, 3, -17 ], [ 1, 1, 2, 1, 2, 2, 0, 4, 1, 1, 3, 2, 1, 2, 2, 2, 1, -13 ] ], 
              [ [ 1, 3, 3, 1, 1, 1, 4, 1, 3, 3, 3, 3, 3, 2, 4, 2, 2, -17 ], [ 1, 1, 1, 3, 3, 3, 0, 3, 1, 1, 1, 1, 1, 2, 0, 2, 2, -13 ] ], 
              [ [ 1, 3, 2, 3, 4, 0, 4, 2, 3, 2, 1, 3, 2, 3, 3, 2, 3, -19 ], [ 1, 1, 2, 1, 0, 4, 0, 2, 1, 2, 3, 1, 2, 1, 1, 2, 1, -11 ] ], 
              [ [ 1, 3, 3, 1, 3, 1, 6, 1, 3, 3, 1, 3, 3, 3, 3, 1, 3, -18 ], [ 1, 1, 1, 3, 1, 3, -2, 3, 1, 1, 3, 1, 1, 1, 1, 3, 1, -12 ] ], 
              [ [ 1, 3, 1, 1, 3, -2, 3, 3, 3, 1, 3, 1, 1, 1, 3, 1, 3, -15 ], [ 1, 1, 3, 3, 1, 6, 1, 1, 1, 3, 1, 3, 3, 3, 1, 3, 1, -15 ] ], 
              [ [ 1, 4, 2, 1, 2, 0, 3, 2, 2, 1, 2, 1, 3, 1, 3, 2, 4, -16 ], [ 1, 0, 2, 3, 2, 4, 1, 2, 2, 3, 2, 3, 1, 3, 1, 2, 0, -14 ] ], 
              [ [ 1, 3, 2, 2, 3, 0, 4, 2, 4, 2, 2, 2, 1, 1, 3, 1, 3, -17 ], [ 1, 1, 2, 2, 1, 4, 0, 2, 0, 2, 2, 2, 3, 3, 1, 3, 1, -13 ] ], 
              [ [ 1, 3, 2, 3, 1, 2, 2, 0, 2, 2, 3, 2, 2, 3, 2, 3, 1, -14 ], [ 1, 1, 2, 1, 3, 2, 2, 4, 2, 2, 1, 2, 2, 1, 2, 1, 3, -16 ] ], 
              [ [ 1, 3, 1, 3, 3, 0, 3, 1, 3, 2, 2, 2, 2, 3, 2, 2, 2, -16 ], [ 1, 1, 3, 1, 1, 4, 1, 3, 1, 2, 2, 2, 2, 1, 2, 2, 2, -14 ] ], 
              [ [ 1, 4, 2, 3, 2, 2, 3, 0, 1, 2, 0, 2, 2, 1, 0, 2, 2, -13 ], [ 1, 0, 2, 1, 2, 2, 1, 4, 3, 2, 4, 2, 2, 3, 4, 2, 2, -17 ] ], 
              [ [ 1, 4, 3, 2, 3, 1, 3, 1, 1, 2, 1, 2, 3, 2, 1, 3, 3, -16 ], [ 1, 0, 1, 2, 1, 3, 1, 3, 3, 2, 3, 2, 1, 2, 3, 1, 1, -14 ] ], 
              [ [ 1, 4, 2, 2, 0, 2, 3, 0, 2, 2, 2, 2, 2, 1, 0, 3, 1, -12 ], [ 1, 0, 2, 2, 4, 2, 1, 4, 2, 2, 2, 2, 2, 3, 4, 1, 3, -18 ] ], 
              [ [ 1, 4, 1, 3, 2, 1, 2, 2, 2, 1, 2, 1, 1, 1, 1, 2, 2, -14 ], [ 1, 0, 3, 1, 2, 3, 2, 2, 2, 3, 2, 3, 3, 3, 3, 2, 2, -16 ] ], 
              [ [ 1, 4, 2, 1, 1, 2, 4, 1, 2, 2, 2, 1, 2, 1, 1, 1, 2, -13 ], [ 1, 0, 2, 3, 3, 2, 0, 3, 2, 2, 2, 3, 2, 3, 3, 3, 2, -17 ] ], 
              [ [ 1, 4, 4, 2, 3, 2, 3, 0, 1, 3, 1, 3, 3, 2, 2, 2, 2, -16 ], [ 1, 0, 0, 2, 1, 2, 1, 4, 3, 1, 3, 1, 1, 2, 2, 2, 2, -14 ] ], 
              [ [ 1, 3, 3, 2, 3, 1, 3, 2, 3, 3, 3, 2, 1, 1, 3, 1, 2, -17 ], [ 1, 1, 1, 2, 1, 3, 1, 2, 1, 1, 1, 2, 3, 3, 1, 3, 2, -13 ] ], 
              [ [ 1, 2, 1, 2, 3, 0, 3, 2, 3, 3, 3, 2, 2, 1, 2, 1, 2, -16 ], [ 1, 2, 3, 2, 1, 4, 1, 2, 1, 1, 1, 2, 2, 3, 2, 3, 2, -14 ] ], 
              [ [ 1, 3, 3, 3, 4, 1, 4, 1, 3, 3, 1, 3, 1, 2, 1, 2, 2, -17 ], [ 1, 1, 1, 1, 0, 3, 0, 3, 1, 1, 3, 1, 3, 2, 3, 2, 2, -13 ] ], 
              [ [ 1, 4, 1, 2, 2, 0, 3, 2, 2, 2, 2, 2, 3, 2, 2, 2, 2, -16 ], [ 1, 0, 3, 2, 2, 4, 1, 2, 2, 2, 2, 2, 1, 2, 2, 2, 2, -14 ] ], 
              [ [ 1, 3, 0, 3, 2, 1, 2, 1, 2, 2, 2, 2, 2, 1, 1, 1, 1, -13 ], [ 1, 1, 4, 1, 2, 3, 2, 3, 2, 2, 2, 2, 2, 3, 3, 3, 3, -17 ] ], 
              [ [ 1, 4, 2, 3, 2, 2, 4, 1, 3, 3, 1, 3, 3, 2, 2, 2, 2, -18 ], [ 1, 0, 2, 1, 2, 2, 0, 3, 1, 1, 3, 1, 1, 2, 2, 2, 2, -12 ] ], 
              [ [ 1, 4, 3, 1, 2, 1, 3, 1, 2, 2, 2, 1, 2, 0, 1, 2, 3, -14 ], [ 1, 0, 1, 3, 2, 3, 1, 3, 2, 2, 2, 3, 2, 4, 3, 2, 1, -16 ] ], 
              [ [ 1, 6, 3, 1, 1, 1, 3, 1, 1, 1, 1, 1, 3, 1, 1, 3, 3, -14 ], [ 1, -2, 1, 3, 3, 3, 1, 3, 3, 3, 3, 3, 1, 3, 3, 1, 1, -16 ] ], 
              [ [ 1, 4, 1, 1, 1, 0, 3, 2, 3, 2, 3, 1, 2, 0, 2, 1, 2, -14 ], [ 1, 0, 3, 3, 3, 4, 1, 2, 1, 2, 1, 3, 2, 4, 2, 3, 2, -16 ] ], 
              [ [ 1, 4, 3, 2, 2, 1, 3, 1, 1, 2, 0, 2, 2, 2, 2, 3, 3, -15 ], [ 1, 0, 1, 2, 2, 3, 1, 3, 3, 2, 4, 2, 2, 2, 2, 1, 1, -15 ] ], 
              [ [ 1, 3, 2, 2, 2, 1, 3, 0, 1, 3, 0, 3, 3, 2, 2, 2, 2, -14 ], [ 1, 1, 2, 2, 2, 3, 1, 4, 3, 1, 4, 1, 1, 2, 2, 2, 2, -16 ] ], 
              [ [ 1, 2, 1, 2, 2, 0, 3, 2, 3, 3, 2, 2, 1, 1, 3, 1, 2, -15 ], [ 1, 2, 3, 2, 2, 4, 1, 2, 1, 1, 2, 2, 3, 3, 1, 3, 2, -15 ] ], 
              [ [ 1, 2, 1, 4, 2, 2, 3, 0, 3, 4, 1, 3, 2, 3, 2, 2, 1, -16 ], [ 1, 2, 3, 0, 2, 2, 1, 4, 1, 0, 3, 1, 2, 1, 2, 2, 3, -14 ] ], 
              [ [ 1, 4, 2, 2, 1, 1, 2, 0, 1, 2, 1, 1, 2, 2, 1, 3, 2, -12 ], [ 1, 0, 2, 2, 3, 3, 2, 4, 3, 2, 3, 3, 2, 2, 3, 1, 2, -18 ] ], 
              [ [ 1, 3, 1, 2, 2, 0, 2, 2, 2, 2, 2, 2, 2, 2, 3, 2, 2, -15 ], [ 1, 1, 3, 2, 2, 4, 2, 2, 2, 2, 2, 2, 2, 2, 1, 2, 2, -15 ] ], 
              [ [ 1, 3, 2, 0, 1, 1, 4, 1, 2, 3, 2, 2, 3, 2, 3, 1, 2, -14 ], [ 1, 1, 2, 4, 3, 3, 0, 3, 2, 1, 2, 2, 1, 2, 1, 3, 2, -16 ] ], 
              [ [ 1, 3, 2, 2, 2, 1, 2, 1, 2, 3, 2, 2, 1, 1, 1, 2, 1, -13 ], [ 1, 1, 2, 2, 2, 3, 2, 3, 2, 1, 2, 2, 3, 3, 3, 2, 3, -17 ] ], 
              [ [ 1, 2, 2, 3, 2, 2, 3, 0, 1, 2, 3, 2, 2, 4, 2, 2, 0, -13 ], [ 1, 2, 2, 1, 2, 2, 1, 4, 3, 2, 1, 2, 2, 0, 2, 2, 4, -17 ] ], 
              [ [ 1, 3, 2, 2, 2, 1, 3, 0, 0, 2, 1, 1, 2, 3, 1, 2, 1, -11 ], [ 1, 1, 2, 2, 2, 3, 1, 4, 4, 2, 3, 3, 2, 1, 3, 2, 3, -19 ] ], 
              [ [ 1, 2, 1, 2, 3, 0, 3, 2, 1, 2, 2, 2, 2, 3, 3, 1, 1, -14 ], [ 1, 2, 3, 2, 1, 4, 1, 2, 3, 2, 2, 2, 2, 1, 1, 3, 3, -16 ] ], 
              [ [ 1, 4, 3, 1, 2, 1, 3, 1, 0, 1, 1, 1, 2, 2, 2, 2, 2, -12 ], [ 1, 0, 1, 3, 2, 3, 1, 3, 4, 3, 3, 3, 2, 2, 2, 2, 2, -18 ] ], 
              [ [ 1, 3, 1, 2, 2, 0, 2, 2, 1, 1, 3, 0, 1, 3, 2, 2, 1, -12 ], [ 1, 1, 3, 2, 2, 4, 2, 2, 3, 3, 1, 4, 3, 1, 2, 2, 3, -18 ] ], 
              [ [ 1, 3, 4, 2, 3, 2, 4, 0, 1, 3, 1, 2, 3, 4, 2, 3, 2, -16 ], [ 1, 1, 0, 2, 1, 2, 0, 4, 3, 1, 3, 2, 1, 0, 2, 1, 2, -14 ] ], 
              [ [ 1, 3, 2, 3, 2, 2, 3, 1, 2, 2, 2, 1, 1, 3, 2, 2, 1, -14 ], [ 1, 1, 2, 1, 2, 2, 1, 3, 2, 2, 2, 3, 3, 1, 2, 2, 3, -16 ] ], 
              [ [ 1, 2, 0, 3, 2, 1, 3, 1, 2, 2, 2, 1, 2, 3, 1, 2, 1, -13 ], [ 1, 2, 4, 1, 2, 3, 1, 3, 2, 2, 2, 3, 2, 1, 3, 2, 3, -17 ] ], 
              [ [ 1, 3, 1, 2, 1, 1, 2, 1, 1, 2, 3, 0, 2, 2, 2, 1, 0, -11 ], [ 1, 1, 3, 2, 3, 3, 2, 3, 3, 2, 1, 4, 2, 2, 2, 3, 4, -19 ] ], 
              [ [ 1, 3, 2, 2, 2, 1, 4, 1, 2, 3, 2, 2, 3, 4, 3, 2, 1, -16 ], [ 1, 1, 2, 2, 2, 3, 0, 3, 2, 1, 2, 2, 1, 0, 1, 2, 3, -14 ] ], 
              [ [ 1, 2, 1, 2, 2, 1, 2, 3, 3, 0, 3, 3, 2, 1, 3, 2, 4, -17 ], [ 1, 2, 3, 2, 2, 3, 2, 1, 1, 4, 1, 1, 2, 3, 1, 2, 0, -13 ] ], 
              [ [ 1, 2, 3, 2, 2, 2, 3, 1, 4, 2, 3, 3, 2, 1, 2, 2, 3, -17 ], [ 1, 2, 1, 2, 2, 2, 1, 3, 0, 2, 1, 1, 2, 3, 2, 2, 1, -13 ] ], 
              [ [ 1, 2, 2, 2, 2, 2, 2, 2, 3, 1, 3, 3, 1, 0, 1, 2, 3, -15 ], [ 1, 2, 2, 2, 2, 2, 2, 2, 1, 3, 1, 1, 3, 4, 3, 2, 1, -15 ] ], 
              [ [ 1, 3, 2, 2, 2, 2, 1, 2, 2, 0, 3, 3, 2, 1, 1, 3, 3, -15 ], [ 1, 1, 2, 2, 2, 2, 3, 2, 2, 4, 1, 1, 2, 3, 3, 1, 1, -15 ] ], 
              [ [ 1, 1, 2, 3, 3, 2, 1, 2, 2, 1, 2, 4, 1, 2, 2, 3, 3, -16 ], [ 1, 3, 2, 1, 1, 2, 3, 2, 2, 3, 2, 0, 3, 2, 2, 1, 1, -14 ] ], 
              [ [ 1, 1, 3, 1, 2, 3, 3, 1, 2, 2, 2, 4, 2, 2, 2, 2, 3, -15 ], [ 1, 3, 1, 3, 2, 1, 1, 3, 2, 2, 2, 0, 2, 2, 2, 2, 1, -15 ] ], 
              [ [ 1, 1, 2, 2, 1, 2, 2, 1, 3, 3, 3, 3, 2, 1, 2, 2, 2, -15 ], [ 1, 3, 2, 2, 3, 2, 2, 3, 1, 1, 1, 1, 2, 3, 2, 2, 2, -15 ] ], 
              [ [ 1, 2, 1, 3, 0, 3, 1, 0, 2, 2, 2, 3, 2, 1, 1, 2, 1, -12 ], [ 1, 2, 3, 1, 4, 1, 3, 4, 2, 2, 2, 1, 2, 3, 3, 2, 3, -18 ] ], 
              [ [ 1, 1, 2, 4, 4, 2, 2, 1, 3, 3, 1, 4, 1, 2, 2, 1, 2, -17 ], [ 1, 3, 2, 0, 0, 2, 2, 3, 1, 1, 3, 0, 3, 2, 2, 3, 2, -13 ] ], 
              [ [ 1, 1, 3, 3, 3, 3, 3, 1, 3, 3, 1, 6, 3, 3, 3, 3, 3, -20 ], [ 1, 3, 1, 1, 1, 1, 1, 3, 1, 1, 3, -2, 1, 1, 1, 1, 1, -10 ] ], 
              [ [ 1, 1, 2, 3, 3, 2, 3, 2, 4, 4, 2, 4, 3, 2, 4, 1, 3, -21 ], [ 1, 3, 2, 1, 1, 2, 1, 2, 0, 0, 2, 0, 1, 2, 0, 3, 1, -9 ] ], 
              [ [ 1, 3, 4, 1, 2, 2, 2, 1, 1, 1, 1, 4, 3, 2, 2, 4, 4, -16 ], [ 1, 1, 0, 3, 2, 2, 2, 3, 3, 3, 3, 0, 1, 2, 2, 0, 0, -14 ] ], 
              [ [ 1, 2, 3, 1, 2, 1, 2, 3, 3, 1, 3, 3, 1, 1, 3, 3, 4, -17 ], [ 1, 2, 1, 3, 2, 3, 2, 1, 1, 3, 1, 1, 3, 3, 1, 1, 0, -13 ] ], 
              [ [ 1, 1, 2, 2, 2, 2, 1, 2, 3, 1, 3, 3, 0, 0, 2, 2, 3, -14 ], [ 1, 3, 2, 2, 2, 2, 3, 2, 1, 3, 1, 1, 4, 4, 2, 2, 1, -16 ] ], 
              [ [ 1, 3, 2, 2, 1, 2, 1, 2, 2, 0, 2, 3, 1, 1, 2, 3, 3, -14 ], [ 1, 1, 2, 2, 3, 2, 3, 2, 2, 4, 2, 1, 3, 3, 2, 1, 1, -16 ] ], 
              [ [ 1, 2, 0, 2, 1, 1, 1, 2, 2, 0, 2, 3, 2, 1, 1, 3, 3, -13 ], [ 1, 2, 4, 2, 3, 3, 3, 2, 2, 4, 2, 1, 2, 3, 3, 1, 1, -17 ] ], 
              [ [ 1, 3, 3, 1, 2, 1, 2, 2, 2, 2, 2, 2, 3, 1, 3, 2, 4, -17 ], [ 1, 1, 1, 3, 2, 3, 2, 2, 2, 2, 2, 2, 1, 3, 1, 2, 0, -13 ] ], 
              [ [ 1, 2, 2, 2, 2, 2, 1, 1, 2, 2, 2, 2, 2, 0, 2, 1, 3, -14 ], [ 1, 2, 2, 2, 2, 2, 3, 3, 2, 2, 2, 2, 2, 4, 2, 3, 1, -16 ] ], 
              [ [ 1, 1, 1, 3, 3, 1, 2, 2, 4, 2, 2, 2, 0, 0, 1, 1, 3, -15 ], [ 1, 3, 3, 1, 1, 3, 2, 2, 0, 2, 2, 2, 4, 4, 3, 3, 1, -15 ] ], 
              [ [ 1, 3, 1, 3, 2, 1, 2, 2, 3, 1, 1, 2, 1, 1, 1, 2, 3, -15 ], [ 1, 1, 3, 1, 2, 3, 2, 2, 1, 3, 3, 2, 3, 3, 3, 2, 1, -15 ] ], 
              [ [ 1, 1, 2, 1, 2, 1, 2, 2, 3, 2, 3, 4, 2, 1, 3, 2, 3, -16 ], [ 1, 3, 2, 3, 2, 3, 2, 2, 1, 2, 1, 0, 2, 3, 1, 2, 1, -14 ] ], 
              [ [ 1, 2, 3, 0, 3, 1, 3, 2, 2, 2, 2, 3, 2, 1, 3, 0, 3, -15 ], [ 1, 2, 1, 4, 1, 3, 1, 2, 2, 2, 2, 1, 2, 3, 1, 4, 1, -15 ] ], 
              [ [ 1, 2, 3, 2, 3, 1, 3, 2, 4, 3, 2, 3, 1, 1, 3, 1, 3, -18 ], [ 1, 2, 1, 2, 1, 3, 1, 2, 0, 1, 2, 1, 3, 3, 1, 3, 1, -12 ] ], 
              [ [ 1, 2, 3, 1, 1, 3, 2, 1, 2, 2, 2, 4, 4, 1, 3, 3, 4, -17 ], [ 1, 2, 1, 3, 3, 1, 2, 3, 2, 2, 2, 0, 0, 3, 1, 1, 0, -13 ] ], 
              [ [ 1, 1, 2, 2, 2, 2, 3, 2, 4, 2, 2, 4, 2, 1, 2, 3, 4, -18 ], [ 1, 3, 2, 2, 2, 2, 1, 2, 0, 2, 2, 0, 2, 3, 2, 1, 0, -12 ] ], 
              [ [ 1, 2, 3, 1, 1, 2, 2, 2, 3, 2, 3, 3, 2, 0, 3, 2, 3, -16 ], [ 1, 2, 1, 3, 3, 2, 2, 2, 1, 2, 1, 1, 2, 4, 1, 2, 1, -14 ] ], 
              [ [ 1, 3, 2, 2, 1, 2, 3, 2, 3, 1, 1, 4, 3, 2, 2, 4, 4, -18 ], [ 1, 1, 2, 2, 3, 2, 1, 2, 1, 3, 3, 0, 1, 2, 2, 0, 0, -12 ] ], 
              [ [ 1, 2, 1, 3, 1, 3, 2, 1, 3, 1, 1, 4, 2, 1, 1, 3, 3, -15 ], [ 1, 2, 3, 1, 3, 1, 2, 3, 1, 3, 3, 0, 2, 3, 3, 1, 1, -15 ] ], 
              [ [ 1, 2, 3, 1, 3, 2, 4, 2, 3, 2, 1, 3, 2, 1, 2, 1, 4, -17 ], [ 1, 2, 1, 3, 1, 2, 0, 2, 1, 2, 3, 1, 2, 3, 2, 3, 0, -13 ] ], 
              [ [ 1, 3, 4, 2, 2, 3, 3, 1, 3, 3, 1, 3, 3, 1, 3, 2, 4, -19 ], [ 1, 1, 0, 2, 2, 1, 1, 3, 1, 1, 3, 1, 1, 3, 1, 2, 0, -11 ] ], 
              [ [ 1, 2, 2, 2, 2, 2, 3, 1, 3, 3, 1, 3, 4, 1, 2, 2, 4, -18 ], [ 1, 2, 2, 2, 2, 2, 1, 3, 1, 1, 3, 1, 0, 3, 2, 2, 0, -12 ] ], 
              [ [ 1, 2, 0, 3, 1, 2, 2, 2, 4, 2, 2, 2, 2, 0, 2, 1, 3, -16 ], [ 1, 2, 4, 1, 3, 2, 2, 2, 0, 2, 2, 2, 2, 4, 2, 3, 1, -14 ] ], 
              [ [ 1, 2, 1, 1, 2, 1, 4, 3, 4, 2, 2, 3, 2, 1, 3, 0, 3, -17 ], [ 1, 2, 3, 3, 2, 3, 0, 1, 0, 2, 2, 1, 2, 3, 1, 4, 1, -13 ] ], 
              [ [ 1, 3, 3, 1, 3, 1, 3, 3, 3, 1, 1, 3, 3, 1, 3, 3, 6, -20 ], [ 1, 1, 1, 3, 1, 3, 1, 1, 1, 3, 3, 1, 1, 3, 1, 1, -2, -10 ] ], 
              [ [ 1, 2, 2, 1, 3, 0, 3, 3, 4, 2, 2, 3, 2, 0, 3, 1, 4, -18 ], [ 1, 2, 2, 3, 1, 4, 1, 1, 0, 2, 2, 1, 2, 4, 1, 3, 0, -12 ] ], 
              [ [ 1, 2, 3, 3, 2, 3, 2, 1, 3, 2, 2, 4, 2, 3, 2, 4, 3, -18 ], [ 1, 2, 1, 1, 2, 1, 2, 3, 1, 2, 2, 0, 2, 1, 2, 0, 1, -12 ] ], 
              [ [ 1, 2, 2, 2, 1, 2, 1, 1, 2, 2, 3, 3, 3, 2, 2, 3, 2, -15 ], [ 1, 2, 2, 2, 3, 2, 3, 3, 2, 2, 1, 1, 1, 2, 2, 1, 2, -15 ] ], 
              [ [ 1, 1, 2, 3, 2, 2, 2, 1, 4, 3, 3, 4, 1, 2, 2, 2, 1, -16 ], [ 1, 3, 2, 1, 2, 2, 2, 3, 0, 1, 1, 0, 3, 2, 2, 2, 3, -14 ] ], 
              [ [ 1, 1, 2, 2, 3, 2, 3, 2, 4, 3, 3, 3, 1, 2, 3, 0, 2, -17 ], [ 1, 3, 2, 2, 1, 2, 1, 2, 0, 1, 1, 1, 3, 2, 1, 4, 2, -13 ] ], 
              [ [ 1, 2, 3, 3, 1, 4, 2, 0, 3, 3, 2, 4, 3, 2, 2, 3, 2, -17 ], [ 1, 2, 1, 1, 3, 0, 2, 4, 1, 1, 2, 0, 1, 2, 2, 1, 2, -13 ] ], 
              [ [ 1, 2, 2, 1, 0, 2, 1, 1, 3, 2, 4, 2, 2, 0, 2, 2, 2, -13 ], [ 1, 2, 2, 3, 4, 2, 3, 3, 1, 2, 0, 2, 2, 4, 2, 2, 2, -17 ] ], 
              [ [ 1, 2, 1, 3, 3, 1, 1, 2, 3, 1, 2, 2, 1, 1, 1, 2, 3, -15 ], [ 1, 2, 3, 1, 1, 3, 3, 2, 1, 3, 2, 2, 3, 3, 3, 2, 1, -15 ] ], 
              [ [ 1, 2, 2, 1, 2, 2, 3, 1, 3, 2, 2, 2, 2, 1, 1, 1, 3, -14 ], [ 1, 2, 2, 3, 2, 2, 1, 3, 1, 2, 2, 2, 2, 3, 3, 3, 1, -16 ] ], 
              [ [ 1, 1, 3, 2, 4, 1, 2, 2, 4, 3, 3, 3, 1, 1, 3, 1, 3, -18 ], [ 1, 3, 1, 2, 0, 3, 2, 2, 0, 1, 1, 1, 3, 3, 1, 3, 1, -12 ] ], 
              [ [ 1, 3, 3, 2, 3, 1, 2, 2, 3, 2, 2, 3, 2, 2, 3, 2, 3, -18 ], [ 1, 1, 1, 2, 1, 3, 2, 2, 1, 2, 2, 1, 2, 2, 1, 2, 1, -12 ] ], 
              [ [ 1, 2, 2, 2, 2, 2, 2, 2, 3, 1, 2, 4, 3, 2, 2, 4, 4, -18 ], [ 1, 2, 2, 2, 2, 2, 2, 2, 1, 3, 2, 0, 1, 2, 2, 0, 0, -12 ] ], 
              [ [ 1, 2, 1, 2, 2, 1, 2, 3, 4, 2, 3, 2, 3, 1, 3, 2, 4, -19 ], [ 1, 2, 3, 2, 2, 3, 2, 1, 0, 2, 1, 2, 1, 3, 1, 2, 0, -11 ] ], 
              [ [ 1, 3, 3, 3, 3, 2, 3, 2, 4, 2, 1, 3, 2, 2, 2, 3, 4, -20 ], [ 1, 1, 1, 1, 1, 2, 1, 2, 0, 2, 3, 1, 2, 2, 2, 1, 0, -10 ] ], 
              [ [ 1, 1, 1, 1, 3, 1, 3, 3, 4, 2, 3, 3, 2, 1, 3, 0, 3, -17 ], [ 1, 3, 3, 3, 1, 3, 1, 1, 0, 2, 1, 1, 2, 3, 1, 4, 1, -13 ] ], 
              [ [ 1, 2, 2, 2, 2, 2, 2, 2, 4, 3, 3, 3, 3, 1, 4, 1, 3, -19 ], [ 1, 2, 2, 2, 2, 2, 2, 2, 0, 1, 1, 1, 1, 3, 0, 3, 1, -11 ] ], 
              [ [ 1, 2, 2, 3, 3, 2, 3, 1, 4, 3, 1, 4, 3, 2, 2, 2, 3, -19 ], [ 1, 2, 2, 1, 1, 2, 1, 3, 0, 1, 3, 0, 1, 2, 2, 2, 1, -11 ] ], 
              [ [ 1, 1, 1, 3, 3, 1, 3, 3, 6, 3, 3, 3, 1, 1, 3, 1, 3, -20 ], [ 1, 3, 3, 1, 1, 3, 1, 1, -2, 1, 1, 1, 3, 3, 1, 3, 1, -10 ] ], 
              [ [ 1, 3, 2, 1, 2, 0, 2, 3, 4, 1, 3, 1, 1, 0, 2, 2, 4, -16 ], [ 1, 1, 2, 3, 2, 4, 2, 1, 0, 3, 1, 3, 3, 4, 2, 2, 0, -14 ] ], 
              [ [ 1, 2, 2, 3, 1, 4, 1, 1, 2, 2, 2, 4, 2, 1, 1, 3, 2, -15 ], [ 1, 2, 2, 1, 3, 0, 3, 3, 2, 2, 2, 0, 2, 3, 3, 1, 2, -15 ] ], 
              [ [ 1, 2, 1, 4, 2, 3, 2, 1, 3, 3, 1, 3, 2, 1, 0, 2, 2, -16 ], [ 1, 2, 3, 0, 2, 1, 2, 3, 1, 1, 3, 1, 2, 3, 4, 2, 2, -14 ] ], 
              [ [ 1, 3, 2, 3, 3, 2, 2, 3, 3, 1, 1, 3, 1, 1, 1, 3, 4, -18 ], [ 1, 1, 2, 1, 1, 2, 2, 1, 1, 3, 3, 1, 3, 3, 3, 1, 0, -12 ] ], 
              [ [ 1, 3, 1, 2, 2, 1, 1, 3, 2, 1, 2, 2, 2, 0, 1, 2, 3, -15 ], [ 1, 1, 3, 2, 2, 3, 3, 1, 2, 3, 2, 2, 2, 4, 3, 2, 1, -15 ] ], 
              [ [ 1, 3, 2, 0, 1, 2, 3, 2, 2, 2, 2, 2, 3, 0, 1, 1, 3, -14 ], [ 1, 1, 2, 4, 3, 2, 1, 2, 2, 2, 2, 2, 1, 4, 3, 3, 1, -16 ] ], 
              [ [ 1, 2, 3, 1, 3, 1, 2, 3, 3, 3, 3, 3, 2, 0, 3, 1, 3, -18 ], [ 1, 2, 1, 3, 1, 3, 2, 1, 1, 1, 1, 1, 2, 4, 1, 3, 1, -12 ] ], 
              [ [ 1, 2, 1, 3, 3, 2, 2, 2, 3, 2, 1, 4, 2, 1, 1, 2, 3, -17 ], [ 1, 2, 3, 1, 1, 2, 2, 2, 1, 2, 3, 0, 2, 3, 3, 2, 1, -13 ] ], 
              [ [ 1, 3, 2, 2, 2, 2, 1, 2, 2, 2, 2, 3, 2, 0, 2, 1, 2, -15 ], [ 1, 1, 2, 2, 2, 2, 3, 2, 2, 2, 2, 1, 2, 4, 2, 3, 2, -15 ] ], 
              [ [ 1, 2, 1, 3, 3, 1, 2, 3, 4, 2, 2, 3, 0, 0, 1, 1, 2, -16 ], [ 1, 2, 3, 1, 1, 3, 2, 1, 0, 2, 2, 1, 4, 4, 3, 3, 2, -14 ] ], 
              [ [ 1, 3, 2, 3, 2, 3, 2, 2, 3, 2, 1, 3, 2, 0, 1, 2, 3, -17 ], [ 1, 1, 2, 1, 2, 1, 2, 2, 1, 2, 3, 1, 2, 4, 3, 2, 1, -13 ] ], 
              [ [ 1, 3, 2, 2, 2, 2, 3, 2, 3, 3, 1, 4, 4, 1, 2, 2, 3, -19 ], [ 1, 1, 2, 2, 2, 2, 1, 2, 1, 1, 3, 0, 0, 3, 2, 2, 1, -11 ] ], 
              [ [ 1, 3, 1, 1, 1, 1, 1, 3, 3, 1, 3, 1, 1, -2, 1, 1, 3, -13 ], [ 1, 1, 3, 3, 3, 3, 3, 1, 1, 3, 1, 3, 3, 6, 3, 3, 1, -17 ] ], 
              [ [ 1, 2, 3, 3, 3, 3, 2, 1, 3, 4, 2, 4, 3, 2, 2, 2, 2, -19 ], [ 1, 2, 1, 1, 1, 1, 2, 3, 1, 0, 2, 0, 1, 2, 2, 2, 2, -11 ] ], 
              [ [ 1, 2, 2, 2, 2, 2, 2, 2, 4, 3, 3, 2, 2, 0, 1, 2, 3, -17 ], [ 1, 2, 2, 2, 2, 2, 2, 2, 0, 1, 1, 2, 2, 4, 3, 2, 1, -13 ] ], 
              [ [ 1, 4, 2, 2, 1, 2, 2, 2, 3, 2, 2, 2, 3, 1, 1, 3, 3, -17 ], [ 1, 0, 2, 2, 3, 2, 2, 2, 1, 2, 2, 2, 1, 3, 3, 1, 1, -13 ] ], 
              [ [ 1, 3, 1, 3, 1, 3, 1, 1, 3, 2, 2, 2, 2, 0, 0, 2, 2, -14 ], [ 1, 1, 3, 1, 3, 1, 3, 3, 1, 2, 2, 2, 2, 4, 4, 2, 2, -16 ] ], 
              [ [ 1, 3, 2, 1, 2, 2, 3, 2, 3, 2, 2, 3, 2, 1, 1, 1, 2, -15 ], [ 1, 1, 2, 3, 2, 2, 1, 2, 1, 2, 2, 1, 2, 3, 3, 3, 2, -15 ] ], 
              [ [ 1, 2, 2, 3, 2, 2, 2, 2, 3, 3, 1, 3, 2, 2, 2, 3, 3, -18 ], [ 1, 2, 2, 1, 2, 2, 2, 2, 1, 1, 3, 1, 2, 2, 2, 1, 1, -12 ] ], 
              [ [ 1, 1, 1, 4, 2, 3, 1, 1, 3, 3, 1, 3, 1, 1, 1, 2, 2, -15 ], [ 1, 3, 3, 0, 2, 1, 3, 3, 1, 1, 3, 1, 3, 3, 3, 2, 2, -15 ] ], 
              [ [ 1, 1, 2, 2, 3, 2, 3, 2, 3, 3, 1, 4, 1, 2, 2, 1, 2, -16 ], [ 1, 3, 2, 2, 1, 2, 1, 2, 1, 1, 3, 0, 3, 2, 2, 3, 2, -14 ] ], 
              [ [ 1, 2, 3, 3, 2, 3, 2, 1, 3, 4, 1, 4, 2, 2, 3, 2, 2, -18 ], [ 1, 2, 1, 1, 2, 1, 2, 3, 1, 0, 3, 0, 2, 2, 1, 2, 2, -12 ] ], 
              [ [ 1, 1, 1, 3, 2, 2, 2, 1, 3, 4, 1, 4, 3, 2, 2, 2, 2, -17 ], [ 1, 3, 3, 1, 2, 2, 2, 3, 1, 0, 3, 0, 1, 2, 2, 2, 2, -13 ] ], 
              [ [ 1, 2, 2, 0, 1, 2, 2, 2, 2, 2, 2, 2, 2, 0, 2, 1, 3, -13 ], [ 1, 2, 2, 4, 3, 2, 2, 2, 2, 2, 2, 2, 2, 4, 2, 3, 1, -17 ] ], 
              [ [ 1, 3, 3, 2, 1, 3, 2, 0, 2, 3, 0, 3, 3, 1, 1, 3, 3, -15 ], [ 1, 1, 1, 2, 3, 1, 2, 4, 2, 1, 4, 1, 1, 3, 3, 1, 1, -15 ] ], 
              [ [ 1, 2, 2, 2, 1, 2, 2, 2, 4, 3, 2, 2, 1, 0, 2, 2, 3, -16 ], [ 1, 2, 2, 2, 3, 2, 2, 2, 0, 1, 2, 2, 3, 4, 2, 2, 1, -14 ] ], 
              [ [ 1, 2, 2, 2, 3, 1, 2, 3, 3, 2, 1, 4, 2, 2, 3, 3, 4, -19 ], [ 1, 2, 2, 2, 1, 3, 2, 1, 1, 2, 3, 0, 2, 2, 1, 1, 0, -11 ] ], 
              [ [ 1, 2, 2, 2, 2, 2, 2, 2, 3, 3, 1, 4, 3, 1, 3, 2, 3, -18 ], [ 1, 2, 2, 2, 2, 2, 2, 2, 1, 1, 3, 0, 1, 3, 1, 2, 1, -12 ] ], 
              [ [ 1, 3, 2, 2, 1, 2, 1, 2, 3, 2, 2, 2, 2, 1, 2, 3, 3, -16 ], [ 1, 1, 2, 2, 3, 2, 3, 2, 1, 2, 2, 2, 2, 3, 2, 1, 1, -14 ] ], 
              [ [ 1, 1, 2, 2, 2, 2, 3, 2, 3, 1, 3, 3, 2, 3, 4, 2, 3, -17 ], [ 1, 3, 2, 2, 2, 2, 1, 2, 1, 3, 1, 1, 2, 1, 0, 2, 1, -13 ] ], 
              [ [ 1, 1, 1, 1, 1, 1, 2, 2, 2, 1, 4, 2, 3, 2, 4, 1, 2, -14 ], [ 1, 3, 3, 3, 3, 3, 2, 2, 2, 3, 0, 2, 1, 2, 0, 3, 2, -16 ] ], 
              [ [ 1, 2, 3, 2, 2, 2, 3, 1, 2, 1, 2, 3, 2, 3, 3, 2, 2, -15 ], [ 1, 2, 1, 2, 2, 2, 1, 3, 2, 3, 2, 1, 2, 1, 1, 2, 2, -15 ] ], 
              [ [ 1, 2, 2, 2, 2, 2, 2, 2, 1, 0, 2, 3, 1, 2, 2, 2, 2, -13 ], [ 1, 2, 2, 2, 2, 2, 2, 2, 3, 4, 2, 1, 3, 2, 2, 2, 2, -17 ] ], 
              [ [ 1, 1, 2, 3, 2, 3, 1, 1, 1, 1, 3, 2, 1, 2, 1, 2, 1, -12 ], [ 1, 3, 2, 1, 2, 1, 3, 3, 3, 3, 1, 2, 3, 2, 3, 2, 3, -18 ] ], 
              [ [ 1, 1, 3, 3, 3, 3, 3, 1, 2, 2, 2, 4, 2, 4, 2, 3, 2, -17 ], [ 1, 3, 1, 1, 1, 1, 1, 3, 2, 2, 2, 0, 2, 0, 2, 1, 2, -13 ] ], 
              [ [ 1, 2, 4, 2, 2, 3, 2, 1, 1, 2, 3, 3, 2, 3, 3, 2, 1, -15 ], [ 1, 2, 0, 2, 2, 1, 2, 3, 3, 2, 1, 1, 2, 1, 1, 2, 3, -15 ] ], 
              [ [ 1, 1, 2, 2, 2, 2, 2, 1, 1, 2, 3, 3, 3, 3, 2, 2, 1, -14 ], [ 1, 3, 2, 2, 2, 2, 2, 3, 3, 2, 1, 1, 1, 1, 2, 2, 3, -16 ] ], 
              [ [ 1, 1, 0, 3, 1, 2, 1, 2, 2, 1, 4, 2, 1, 2, 2, 1, 0, -12 ], [ 1, 3, 4, 1, 3, 2, 3, 2, 2, 3, 0, 2, 3, 2, 2, 3, 4, -18 ] ], 
              [ [ 1, 1, 3, 3, 2, 4, 3, 0, 2, 3, 2, 4, 3, 3, 2, 2, 1, -16 ], [ 1, 3, 1, 1, 2, 0, 1, 4, 2, 1, 2, 0, 1, 1, 2, 2, 3, -14 ] ], 
              [ [ 1, 2, 2, 3, 2, 2, 0, 2, 1, 0, 3, 2, 2, 2, 2, 4, 3, -15 ], [ 1, 2, 2, 1, 2, 2, 4, 2, 3, 4, 1, 2, 2, 2, 2, 0, 1, -15 ] ], 
              [ [ 1, 2, 3, 1, 1, 3, 2, 1, 1, 1, 3, 2, 3, 2, 2, 3, 3, -14 ], [ 1, 2, 1, 3, 3, 1, 2, 3, 3, 3, 1, 2, 1, 2, 2, 1, 1, -16 ] ], 
              [ [ 1, 3, 4, 1, 1, 3, 2, 0, 0, 1, 2, 2, 3, 2, 1, 3, 2, -12 ], [ 1, 1, 0, 3, 3, 1, 2, 4, 4, 3, 2, 2, 1, 2, 3, 1, 2, -18 ] ], 
              [ [ 1, 2, 3, 1, 1, 2, 2, 2, 2, 1, 4, 1, 1, 1, 2, 2, 2, -13 ], [ 1, 2, 1, 3, 3, 2, 2, 2, 2, 3, 0, 3, 3, 3, 2, 2, 2, -17 ] ], 
              [ [ 1, 2, 1, 3, 1, 3, 2, 1, 2, 0, 2, 2, 1, 2, 0, 3, 2, -12 ], [ 1, 2, 3, 1, 3, 1, 2, 3, 2, 4, 2, 2, 3, 2, 4, 1, 2, -18 ] ], 
              [ [ 1, 3, 2, 2, 0, 3, 1, 1, 1, 0, 3, 1, 1, 1, 1, 2, 1, -10 ], [ 1, 1, 2, 2, 4, 1, 3, 3, 3, 4, 1, 3, 3, 3, 3, 2, 3, -20 ] ], 
              [ [ 1, 2, 0, 2, 0, 2, 1, 1, 1, 0, 3, 1, 2, 1, 0, 2, 1, -9 ], [ 1, 2, 4, 2, 4, 2, 3, 3, 3, 4, 1, 3, 2, 3, 4, 2, 3, -21 ] ], 
              [ [ 1, 2, 3, 1, 3, 1, 2, 3, 1, 0, 3, 3, 2, 3, 3, 3, 3, -16 ], [ 1, 2, 1, 3, 1, 3, 2, 1, 3, 4, 1, 1, 2, 1, 1, 1, 1, -14 ] ], 
              [ [ 1, 1, 2, 2, 3, 2, 1, 2, 1, 0, 3, 3, 1, 2, 2, 2, 2, -13 ], [ 1, 3, 2, 2, 1, 2, 3, 2, 3, 4, 1, 1, 3, 2, 2, 2, 2, -17 ] ], 
              [ [ 1, 1, 2, 4, 3, 2, 1, 2, 3, 1, 3, 3, 0, 2, 2, 3, 2, -16 ], [ 1, 3, 2, 0, 1, 2, 3, 2, 1, 3, 1, 1, 4, 2, 2, 1, 2, -14 ] ], 
              [ [ 1, 1, 1, 3, 2, 1, 0, 2, 2, 1, 4, 2, 1, 1, 2, 2, 1, -13 ], [ 1, 3, 3, 1, 2, 3, 4, 2, 2, 3, 0, 2, 3, 3, 2, 2, 3, -17 ] ], 
              [ [ 1, 1, 2, 1, 1, 2, 2, 1, 2, 2, 4, 2, 2, 1, 2, 1, 1, -12 ], [ 1, 3, 2, 3, 3, 2, 2, 3, 2, 2, 0, 2, 2, 3, 2, 3, 3, -18 ] ], 
              [ [ 1, 1, 1, 2, 3, 1, 1, 3, 2, 1, 4, 1, 1, 1, 3, 0, 2, -14 ], [ 1, 3, 3, 2, 1, 3, 3, 1, 2, 3, 0, 3, 3, 3, 1, 4, 2, -16 ] ], 
              [ [ 1, 2, 3, 3, 4, 2, 2, 2, 2, 1, 2, 2, 0, 2, 2, 1, 2, -15 ], [ 1, 2, 1, 1, 0, 2, 2, 2, 2, 3, 2, 2, 4, 2, 2, 3, 2, -15 ] ], 
              [ [ 1, 1, 1, 3, 4, 1, 2, 2, 2, 1, 2, 2, 1, 2, 1, 1, 2, -14 ], [ 1, 3, 3, 1, 0, 3, 2, 2, 2, 3, 2, 2, 3, 2, 3, 3, 2, -16 ] ], 
              [ [ 1, 3, 2, 1, 0, 2, 2, 1, 1, 1, 3, 2, 3, 2, 2, 2, 1, -12 ], [ 1, 1, 2, 3, 4, 2, 2, 3, 3, 3, 1, 2, 1, 2, 2, 2, 3, -18 ] ], 
              [ [ 1, 2, 2, 4, 3, 2, 1, 1, 2, 2, 2, 2, 2, 2, 2, 2, 2, -16 ], [ 1, 2, 2, 0, 1, 2, 3, 3, 2, 2, 2, 2, 2, 2, 2, 2, 2, -14 ] ], 
              [ [ 1, 2, 3, 2, 4, 1, 3, 2, 2, 2, 2, 3, 2, 3, 3, 1, 2, -17 ], [ 1, 2, 1, 2, 0, 3, 1, 2, 2, 2, 2, 1, 2, 1, 1, 3, 2, -13 ] ], 
              [ [ 1, 3, 2, 2, 0, 3, 3, 1, 2, 1, 2, 2, 3, 2, 1, 3, 2, -14 ], [ 1, 1, 2, 2, 4, 1, 1, 3, 2, 3, 2, 2, 1, 2, 3, 1, 2, -16 ] ], 
              [ [ 1, 1, 2, 1, 2, 2, 2, 3, 2, 1, 4, 3, 3, 2, 4, 2, 3, -17 ], [ 1, 3, 2, 3, 2, 2, 2, 1, 2, 3, 0, 1, 1, 2, 0, 2, 1, -13 ] ], 
              [ [ 1, 2, 4, 2, 3, 3, 3, 2, 2, 1, 2, 4, 2, 3, 3, 3, 3, -18 ], [ 1, 2, 0, 2, 1, 1, 1, 2, 2, 3, 2, 0, 2, 1, 1, 1, 1, -12 ] ], 
              [ [ 1, 1, 2, 2, 3, 2, 3, 2, 2, 1, 2, 4, 3, 3, 2, 3, 3, -17 ], [ 1, 3, 2, 2, 1, 2, 1, 2, 2, 3, 2, 0, 1, 1, 2, 1, 1, -13 ] ], 
              [ [ 1, 2, 3, 1, 2, 2, 2, 2, 1, 1, 3, 3, 3, 2, 3, 2, 2, -15 ], [ 1, 2, 1, 3, 2, 2, 2, 2, 3, 3, 1, 1, 1, 2, 1, 2, 2, -15 ] ], 
              [ [ 1, 1, 0, 3, 2, 2, 2, 3, 3, 0, 3, 3, 1, 2, 2, 2, 2, -15 ], [ 1, 3, 4, 1, 2, 2, 2, 1, 1, 4, 1, 1, 3, 2, 2, 2, 2, -15 ] ], 
              [ [ 1, 2, 3, 3, 2, 3, 2, 1, 2, 2, 2, 4, 4, 3, 3, 4, 3, -19 ], [ 1, 2, 1, 1, 2, 1, 2, 3, 2, 2, 2, 0, 0, 1, 1, 0, 1, -11 ] ], 
              [ [ 1, 3, 4, 2, 3, 3, 3, 1, 1, 2, 1, 3, 4, 3, 3, 2, 3, -18 ], [ 1, 1, 0, 2, 1, 1, 1, 3, 3, 2, 3, 1, 0, 1, 1, 2, 1, -12 ] ], 
              [ [ 1, 2, 3, 3, 2, 2, 2, 2, 3, 2, 3, 3, 2, 2, 3, 3, 2, -18 ], [ 1, 2, 1, 1, 2, 2, 2, 2, 1, 2, 1, 1, 2, 2, 1, 1, 2, -12 ] ], 
              [ [ 1, 2, 3, 2, 3, 2, 3, 3, 3, 2, 3, 2, 2, 2, 4, 1, 3, -19 ], [ 1, 2, 1, 2, 1, 2, 1, 1, 1, 2, 1, 2, 2, 2, 0, 3, 1, -11 ] ], 
              [ [ 1, 1, 1, 2, 3, 1, 3, 3, 3, 2, 3, 2, 3, 2, 3, 1, 3, -18 ], [ 1, 3, 3, 2, 1, 3, 1, 1, 1, 2, 1, 2, 1, 2, 1, 3, 1, -12 ] ], 
              [ [ 1, 2, 3, 3, 4, 2, 4, 2, 3, 2, 1, 3, 2, 3, 2, 2, 3, -19 ], [ 1, 2, 1, 1, 0, 2, 0, 2, 1, 2, 3, 1, 2, 1, 2, 2, 1, -11 ] ], 
              [ [ 1, 2, 0, 3, 2, 2, 2, 2, 2, 1, 2, 2, 3, 2, 2, 1, 2, -15 ], [ 1, 2, 4, 1, 2, 2, 2, 2, 2, 3, 2, 2, 1, 2, 2, 3, 2, -15 ] ], 
              [ [ 1, 1, 2, 2, 3, 2, 3, 2, 3, 3, 3, 3, 3, 2, 4, 0, 2, -18 ], [ 1, 3, 2, 2, 1, 2, 1, 2, 1, 1, 1, 1, 1, 2, 0, 4, 2, -12 ] ], 
              [ [ 1, 3, 1, 1, 1, 1, 1, 3, 1, -2, 3, 1, 1, 1, 1, 3, 3, -11 ], [ 1, 1, 3, 3, 3, 3, 3, 1, 3, 6, 1, 3, 3, 3, 3, 1, 1, -19 ] ], 
              [ [ 1, 2, 3, 0, 2, 1, 2, 3, 2, 0, 4, 2, 1, 1, 3, 2, 3, -14 ], [ 1, 2, 1, 4, 2, 3, 2, 1, 2, 4, 0, 2, 3, 3, 1, 2, 1, -16 ] ], 
              [ [ 1, 3, 3, 0, 2, 1, 2, 2, 1, 1, 3, 1, 3, 1, 3, 1, 3, -14 ], [ 1, 1, 1, 4, 2, 3, 2, 2, 3, 3, 1, 3, 1, 3, 1, 3, 1, -16 ] ], 
              [ [ 1, 2, 2, 1, 3, 0, 3, 3, 3, 1, 3, 1, 1, 1, 2, 1, 3, -15 ], [ 1, 2, 2, 3, 1, 4, 1, 1, 1, 3, 1, 3, 3, 3, 2, 3, 1, -15 ] ], 
              [ [ 1, 3, 1, 2, 2, 1, 2, 2, 2, 0, 2, 1, 1, 1, 1, 1, 2, -12 ], [ 1, 1, 3, 2, 2, 3, 2, 2, 2, 4, 2, 3, 3, 3, 3, 3, 2, -18 ] ], 
              [ [ 1, 3, 3, 1, 2, 2, 3, 2, 2, 1, 2, 1, 3, 1, 2, 2, 4, -16 ], [ 1, 1, 1, 3, 2, 2, 1, 2, 2, 3, 2, 3, 1, 3, 2, 2, 0, -14 ] ], 
              [ [ 1, 3, 2, 1, 1, 2, 3, 2, 2, 0, 2, 3, 3, 2, 2, 3, 3, -15 ], [ 1, 1, 2, 3, 3, 2, 1, 2, 2, 4, 2, 1, 1, 2, 2, 1, 1, -15 ] ], 
              [ [ 1, 3, 1, 1, 1, 1, 3, 3, 3, 1, 3, 1, 3, 1, 3, 1, 3, -16 ], [ 1, 1, 3, 3, 3, 3, 1, 1, 1, 3, 1, 3, 1, 3, 1, 3, 1, -14 ] ], 
              [ [ 1, 2, 3, 3, 1, 4, 2, 0, 2, 2, 3, 2, 2, 3, 1, 3, 1, -14 ], [ 1, 2, 1, 1, 3, 0, 2, 4, 2, 2, 1, 2, 2, 1, 3, 1, 3, -16 ] ], 
              [ [ 1, 1, 2, 3, 2, 3, 2, 2, 3, 2, 4, 3, 2, 3, 3, 2, 1, -17 ], [ 1, 3, 2, 1, 2, 1, 2, 2, 1, 2, 0, 1, 2, 1, 1, 2, 3, -13 ] ], 
              [ [ 1, 2, 2, 2, 2, 2, 2, 2, 2, 0, 3, 2, 2, 3, 1, 4, 3, -15 ], [ 1, 2, 2, 2, 2, 2, 2, 2, 2, 4, 1, 2, 2, 1, 3, 0, 1, -15 ] ], 
              [ [ 1, 3, 3, 1, 1, 2, 1, 2, 1, 0, 4, 1, 2, 2, 2, 3, 2, -13 ], [ 1, 1, 1, 3, 3, 2, 3, 2, 3, 4, 0, 3, 2, 2, 2, 1, 2, -17 ] ], 
              [ [ 1, 2, 3, 2, 2, 3, 2, 1, 2, 1, 3, 3, 2, 3, 2, 3, 2, -15 ], [ 1, 2, 1, 2, 2, 1, 2, 3, 2, 3, 1, 1, 2, 1, 2, 1, 2, -15 ] ], 
              [ [ 1, 2, 2, 1, 1, 2, 1, 1, 1, 1, 4, 2, 3, 2, 2, 2, 1, -12 ], [ 1, 2, 2, 3, 3, 2, 3, 3, 3, 3, 0, 2, 1, 2, 2, 2, 3, -18 ] ], 
              [ [ 1, 1, 1, 1, 1, 1, 1, 3, 3, 1, 6, 1, 1, 1, 3, 1, 1, -13 ], [ 1, 3, 3, 3, 3, 3, 3, 1, 1, 3, -2, 3, 3, 3, 1, 3, 3, -17 ] ], 
              [ [ 1, 2, 3, 2, 2, 2, 2, 2, 3, 1, 4, 2, 0, 2, 2, 2, 1, -14 ], [ 1, 2, 1, 2, 2, 2, 2, 2, 1, 3, 0, 2, 4, 2, 2, 2, 3, -16 ] ], 
              [ [ 1, 1, 1, 2, 2, 1, 2, 2, 3, 1, 4, 2, 1, 2, 1, 2, 1, -13 ], [ 1, 3, 3, 2, 2, 3, 2, 2, 1, 3, 0, 2, 3, 2, 3, 2, 3, -17 ] ], 
              [ [ 1, 1, 1, 1, 3, 1, 3, 3, 3, 1, 4, 1, 1, 2, 2, 0, 2, -14 ], [ 1, 3, 3, 3, 1, 3, 1, 1, 1, 3, 0, 3, 3, 2, 2, 4, 2, -16 ] ], 
              [ [ 1, 2, 2, 3, 1, 2, 1, 1, 3, 2, 4, 2, 2, 2, 2, 3, 1, -15 ], [ 1, 2, 2, 1, 3, 2, 3, 3, 1, 2, 0, 2, 2, 2, 2, 1, 3, -15 ] ], 
              [ [ 1, 2, 2, 2, 2, 2, 2, 2, 3, 2, 4, 1, 2, 2, 3, 1, 2, -16 ], [ 1, 2, 2, 2, 2, 2, 2, 2, 1, 2, 0, 3, 2, 2, 1, 3, 2, -14 ] ], 
              [ [ 1, 2, 2, 3, 3, 2, 3, 1, 3, 2, 2, 2, 2, 3, 1, 2, 2, -16 ], [ 1, 2, 2, 1, 1, 2, 1, 3, 1, 2, 2, 2, 2, 1, 3, 2, 2, -14 ] ], 
              [ [ 1, 3, 3, 2, 2, 2, 2, 1, 2, 2, 3, 1, 2, 2, 2, 1, 1, -14 ], [ 1, 1, 1, 2, 2, 2, 2, 3, 2, 2, 1, 3, 2, 2, 2, 3, 3, -16 ] ], 
              [ [ 1, 2, 2, 2, 1, 3, 2, 1, 2, 1, 3, 2, 3, 2, 1, 3, 2, -14 ], [ 1, 2, 2, 2, 3, 1, 2, 3, 2, 3, 1, 2, 1, 2, 3, 1, 2, -16 ] ], 
              [ [ 1, 3, 4, 1, 1, 3, 3, 1, 2, 2, 3, 3, 4, 3, 3, 3, 2, -17 ], [ 1, 1, 0, 3, 3, 1, 1, 3, 2, 2, 1, 1, 0, 1, 1, 1, 2, -13 ] ], 
              [ [ 1, 2, 0, 2, 0, 2, 2, 2, 3, 1, 4, 2, 3, 2, 2, 2, 1, -14 ], [ 1, 2, 4, 2, 4, 2, 2, 2, 1, 3, 0, 2, 1, 2, 2, 2, 3, -16 ] ], 
              [ [ 1, 1, 1, 3, 4, 1, 3, 3, 4, 2, 3, 3, 2, 3, 3, 1, 2, -19 ], [ 1, 3, 3, 1, 0, 3, 1, 1, 0, 2, 1, 1, 2, 1, 1, 3, 2, -11 ] ], 
              [ [ 1, 3, 2, 1, 3, 0, 2, 3, 2, 0, 3, 1, 2, 2, 2, 2, 3, -15 ], [ 1, 1, 2, 3, 1, 4, 2, 1, 2, 4, 1, 3, 2, 2, 2, 2, 1, -15 ] ], 
              [ [ 1, 2, 1, 1, 2, 1, 2, 3, 3, 1, 4, 1, 3, 1, 3, 1, 3, -16 ], [ 1, 2, 3, 3, 2, 3, 2, 1, 1, 3, 0, 3, 1, 3, 1, 3, 1, -14 ] ], 
              [ [ 1, 3, 3, 2, 3, 2, 3, 2, 3, 1, 2, 2, 2, 2, 2, 2, 3, -17 ], [ 1, 1, 1, 2, 1, 2, 1, 2, 1, 3, 2, 2, 2, 2, 2, 2, 1, -13 ] ], 
              [ [ 1, 3, 2, 2, 2, 2, 1, 2, 1, 1, 3, 1, 1, 1, 1, 1, 1, -12 ], [ 1, 1, 2, 2, 2, 2, 3, 2, 3, 3, 1, 3, 3, 3, 3, 3, 3, -18 ] ], 
              [ [ 1, 2, 1, 2, 1, 3, 1, 2, 1, 0, 3, 2, 2, 1, 0, 3, 2, -12 ], [ 1, 2, 3, 2, 3, 1, 3, 2, 3, 4, 1, 2, 2, 3, 4, 1, 2, -18 ] ], 
              [ [ 1, 3, 2, 3, 2, 3, 2, 2, 2, 1, 2, 1, 1, 1, 0, 2, 2, -14 ], [ 1, 1, 2, 1, 2, 1, 2, 2, 2, 3, 2, 3, 3, 3, 4, 2, 2, -16 ] ], 
              [ [ 1, 3, 3, 1, 1, 3, 2, 2, 1, 1, 3, 3, 3, 2, 2, 3, 2, -15 ], [ 1, 1, 1, 3, 3, 1, 2, 2, 3, 3, 1, 1, 1, 2, 2, 1, 2, -15 ] ], 
              [ [ 1, 3, 2, 2, 2, 2, 3, 2, 2, 2, 2, 2, 3, 2, 1, 2, 2, -16 ], [ 1, 1, 2, 2, 2, 2, 1, 2, 2, 2, 2, 2, 1, 2, 3, 2, 2, -14 ] ], 
              [ [ 1, 2, 1, 3, 2, 3, 2, 1, 2, 2, 2, 2, 2, 1, 0, 1, 1, -13 ], [ 1, 2, 3, 1, 2, 1, 2, 3, 2, 2, 2, 2, 2, 3, 4, 3, 3, -17 ] ], 
              [ [ 1, 3, 2, 2, 3, 2, 2, 3, 2, 0, 2, 2, 1, 1, 1, 2, 3, -15 ], [ 1, 1, 2, 2, 1, 2, 2, 1, 2, 4, 2, 2, 3, 3, 3, 2, 1, -15 ] ], 
              [ [ 1, 3, 1, 1, 2, 1, 1, 3, 1, 0, 3, 1, 2, 0, 1, 1, 2, -12 ], [ 1, 1, 3, 3, 2, 3, 3, 1, 3, 4, 1, 3, 2, 4, 3, 3, 2, -18 ] ], 
              [ [ 1, 3, 1, 3, 2, 1, 1, 3, 3, 1, 3, 1, 1, 0, 1, 2, 2, -15 ], [ 1, 1, 3, 1, 2, 3, 3, 1, 1, 3, 1, 3, 3, 4, 3, 2, 2, -15 ] ], 
              [ [ 1, 4, 3, 1, 2, 2, 3, 3, 2, 1, 2, 2, 3, 1, 2, 2, 3, -17 ], [ 1, 0, 1, 3, 2, 2, 1, 1, 2, 3, 2, 2, 1, 3, 2, 2, 1, -13 ] ], 
              [ [ 1, 3, 4, 2, 3, 3, 2, 2, 2, 2, 3, 2, 2, 2, 2, 2, 2, -17 ], [ 1, 1, 0, 2, 1, 1, 2, 2, 2, 2, 1, 2, 2, 2, 2, 2, 2, -13 ] ], 
              [ [ 1, 2, 2, 2, 3, 2, 2, 2, 2, 2, 3, 2, 3, 2, 1, 2, 2, -16 ], [ 1, 2, 2, 2, 1, 2, 2, 2, 2, 2, 1, 2, 1, 2, 3, 2, 2, -14 ] ], 
              [ [ 1, 2, 0, 3, 2, 2, 1, 3, 3, 1, 4, 1, 1, 1, 1, 1, 1, -14 ], [ 1, 2, 4, 1, 2, 2, 3, 1, 1, 3, 0, 3, 3, 3, 3, 3, 3, -16 ] ], 
              [ [ 1, 4, 2, 1, 1, 2, 2, 2, 2, 1, 3, 1, 3, 1, 1, 2, 2, -14 ], [ 1, 0, 2, 3, 3, 2, 2, 2, 2, 3, 1, 3, 1, 3, 3, 2, 2, -16 ] ], 
              [ [ 1, 1, 2, 2, 1, 2, 2, 1, 1, 2, 2, 3, 2, 3, 3, 2, 1, -13 ], [ 1, 3, 2, 2, 3, 2, 2, 3, 3, 2, 2, 1, 2, 1, 1, 2, 3, -17 ] ], 
              [ [ 1, 1, 3, 1, 3, 1, 2, 2, 1, 2, 2, 2, 2, 2, 4, 1, 3, -15 ], [ 1, 3, 1, 3, 1, 3, 2, 2, 3, 2, 2, 2, 2, 2, 0, 3, 1, -15 ] ], 
              [ [ 1, 1, 1, 3, 3, 1, 2, 2, 2, 1, 1, 2, 0, 2, 2, 1, 2, -13 ], [ 1, 3, 3, 1, 1, 3, 2, 2, 2, 3, 3, 2, 4, 2, 2, 3, 2, -17 ] ], 
              [ [ 1, 1, 2, 2, 2, 2, 3, 2, 2, 1, 1, 4, 2, 3, 3, 3, 3, -16 ], [ 1, 3, 2, 2, 2, 2, 1, 2, 2, 3, 3, 0, 2, 1, 1, 1, 1, -14 ] ], 
              [ [ 1, 2, 2, 2, 2, 2, 3, 1, 1, 2, 0, 3, 4, 3, 3, 2, 3, -16 ], [ 1, 2, 2, 2, 2, 2, 1, 3, 3, 2, 4, 1, 0, 1, 1, 2, 1, -14 ] ], 
              [ [ 1, 1, 1, 2, 2, 1, 3, 3, 3, 2, 2, 2, 2, 2, 4, 1, 3, -17 ], [ 1, 3, 3, 2, 2, 3, 1, 1, 1, 2, 2, 2, 2, 2, 0, 3, 1, -13 ] ], 
              [ [ 1, 1, 1, 3, 0, 3, 2, 0, 2, 2, 2, 2, 2, 3, 1, 3, 1, -12 ], [ 1, 3, 3, 1, 4, 1, 2, 4, 2, 2, 2, 2, 2, 1, 3, 1, 3, -18 ] ], 
              [ [ 1, 0, 3, 3, 3, 3, 2, 1, 2, 2, 2, 4, 1, 4, 3, 3, 2, -16 ], [ 1, 4, 1, 1, 1, 1, 2, 3, 2, 2, 2, 0, 3, 0, 1, 1, 2, -14 ] ], 
              [ [ 1, 0, 2, 2, 2, 2, 1, 1, 1, 2, 3, 3, 2, 3, 3, 2, 1, -13 ], [ 1, 4, 2, 2, 2, 2, 3, 3, 3, 2, 1, 1, 2, 1, 1, 2, 3, -17 ] ], 
              [ [ 1, 1, 3, 3, 3, 3, 2, 0, 1, 3, 1, 3, 3, 4, 3, 2, 2, -16 ], [ 1, 3, 1, 1, 1, 1, 2, 4, 3, 1, 3, 1, 1, 0, 1, 2, 2, -14 ] ], 
              [ [ 1, 0, 2, 4, 2, 2, 1, 1, 3, 3, 3, 3, 1, 3, 3, 3, 1, -16 ], [ 1, 4, 2, 0, 2, 2, 3, 3, 1, 1, 1, 1, 3, 1, 1, 1, 3, -14 ] ], 
              [ [ 1, 0, 2, 3, 3, 2, 2, 2, 3, 3, 3, 2, 1, 3, 4, 1, 2, -17 ], [ 1, 4, 2, 1, 1, 2, 2, 2, 1, 1, 1, 2, 3, 1, 0, 3, 2, -13 ] ], 
              [ [ 1, 0, 2, 4, 4, 2, 3, 1, 3, 3, 1, 3, 1, 4, 2, 2, 2, -17 ], [ 1, 4, 2, 0, 0, 2, 1, 3, 1, 1, 3, 1, 3, 0, 2, 2, 2, -13 ] ], 
              [ [ 1, 1, 3, 3, 3, 2, 2, 1, 2, 3, 2, 2, 1, 3, 3, 1, 1, -15 ], [ 1, 3, 1, 1, 1, 2, 2, 3, 2, 1, 2, 2, 3, 1, 1, 3, 3, -15 ] ], 
              [ [ 1, 1, 4, 2, 2, 3, 3, 1, 2, 3, 2, 4, 3, 4, 4, 3, 2, -18 ], [ 1, 3, 0, 2, 2, 1, 1, 3, 2, 1, 2, 0, 1, 0, 0, 1, 2, -12 ] ], 
              [ [ 1, 0, 0, 3, 1, 2, 2, 2, 3, 2, 3, 3, 2, 3, 3, 2, 1, -15 ], [ 1, 4, 4, 1, 3, 2, 2, 2, 1, 2, 1, 1, 2, 1, 1, 2, 3, -15 ] ], 
              [ [ 1, 1, 1, 4, 2, 3, 3, 1, 3, 3, 1, 3, 3, 4, 3, 2, 2, -18 ], [ 1, 3, 3, 0, 2, 1, 1, 3, 1, 1, 3, 1, 1, 0, 1, 2, 2, -12 ] ], 
              [ [ 1, 2, 2, 2, 1, 2, 2, 2, 2, 0, 2, 2, 1, 3, 2, 4, 3, -14 ], [ 1, 2, 2, 2, 3, 2, 2, 2, 2, 4, 2, 2, 3, 1, 2, 0, 1, -16 ] ], 
              [ [ 1, 2, 1, 1, 0, 1, 1, 2, 1, 0, 3, 1, 2, 2, 2, 3, 2, -11 ], [ 1, 2, 3, 3, 4, 3, 3, 2, 3, 4, 1, 3, 2, 2, 2, 1, 2, -19 ] ], 
              [ [ 1, 1, 2, 2, 2, 2, 2, 1, 2, 2, 2, 1, 2, 2, 2, 2, 3, -14 ], [ 1, 3, 2, 2, 2, 2, 2, 3, 2, 2, 2, 3, 2, 2, 2, 2, 1, -16 ] ], 
              [ [ 1, 3, 2, 2, 1, 2, 2, 1, 1, 1, 1, 1, 3, 3, 2, 3, 3, -14 ], [ 1, 1, 2, 2, 3, 2, 2, 3, 3, 3, 3, 3, 1, 1, 2, 1, 1, -16 ] ], 
              [ [ 1, 1, 3, 0, 1, 1, 2, 2, 2, 2, 4, 2, 2, 2, 4, 2, 2, -14 ], [ 1, 3, 1, 4, 3, 3, 2, 2, 2, 2, 0, 2, 2, 2, 0, 2, 2, -16 ] ], 
              [ [ 1, 1, 1, 2, 1, 2, 2, 1, 2, 1, 2, 3, 2, 3, 2, 3, 2, -13 ], [ 1, 3, 3, 2, 3, 2, 2, 3, 2, 3, 2, 1, 2, 1, 2, 1, 2, -17 ] ], 
              [ [ 1, 1, 2, 2, 4, 0, 2, 3, 2, 1, 2, 2, 1, 3, 3, 2, 3, -16 ], [ 1, 3, 2, 2, 0, 4, 2, 1, 2, 3, 2, 2, 3, 1, 1, 2, 1, -14 ] ], 
              [ [ 1, 1, 3, 0, 3, 1, 4, 2, 2, 2, 2, 2, 2, 3, 3, 1, 3, -15 ], [ 1, 3, 1, 4, 1, 3, 0, 2, 2, 2, 2, 2, 2, 1, 1, 3, 1, -15 ] ], 
              [ [ 1, 2, 2, 1, 0, 2, 1, 1, 1, 1, 3, 2, 2, 2, 3, 2, 1, -11 ], [ 1, 2, 2, 3, 4, 2, 3, 3, 3, 3, 1, 2, 2, 2, 1, 2, 3, -19 ] ], 
              [ [ 1, 2, 2, 1, 2, 2, 3, 1, 1, 1, 1, 2, 2, 3, 2, 1, 2, -12 ], [ 1, 2, 2, 3, 2, 2, 1, 3, 3, 3, 3, 2, 2, 1, 2, 3, 2, -18 ] ], 
              [ [ 1, 1, 1, 2, 1, 1, 2, 2, 3, 1, 3, 2, 0, 2, 2, 2, 1, -12 ], [ 1, 3, 3, 2, 3, 3, 2, 2, 1, 3, 1, 2, 4, 2, 2, 2, 3, -18 ] ], 
              [ [ 1, 1, 1, 1, 2, 1, 3, 3, 3, 1, 3, 1, 0, 2, 3, 0, 2, -13 ], [ 1, 3, 3, 3, 2, 3, 1, 1, 1, 3, 1, 3, 4, 2, 1, 4, 2, -17 ] ], 
              [ [ 1, 2, 3, 3, 3, 1, 1, 2, 2, 2, 2, 2, 2, 3, 4, 3, 3, -18 ], [ 1, 2, 1, 1, 1, 3, 3, 2, 2, 2, 2, 2, 2, 1, 0, 1, 1, -12 ] ], 
              [ [ 1, 2, 4, 1, 2, 2, 3, 1, 2, 3, 2, 2, 3, 3, 4, 2, 3, -17 ], [ 1, 2, 0, 3, 2, 2, 1, 3, 2, 1, 2, 2, 1, 1, 0, 2, 1, -13 ] ], 
              [ [ 1, 1, 0, 2, 1, 1, 2, 2, 3, 2, 3, 1, 2, 2, 3, 1, 2, -14 ], [ 1, 3, 4, 2, 3, 3, 2, 2, 1, 2, 1, 3, 2, 2, 1, 3, 2, -16 ] ], 
              [ [ 1, 2, 2, 3, 2, 2, 3, 1, 3, 2, 1, 2, 1, 3, 2, 2, 2, -15 ], [ 1, 2, 2, 1, 2, 2, 1, 3, 1, 2, 3, 2, 3, 1, 2, 2, 2, -15 ] ], 
              [ [ 1, 2, 1, 2, 1, 1, 2, 1, 2, 2, 2, 1, 2, 2, 2, 1, 1, -12 ], [ 1, 2, 3, 2, 3, 3, 2, 3, 2, 2, 2, 3, 2, 2, 2, 3, 3, -18 ] ], 
              [ [ 1, 1, 3, 2, 4, 1, 2, 2, 2, 2, 2, 3, 1, 3, 4, 1, 2, -16 ], [ 1, 3, 1, 2, 0, 3, 2, 2, 2, 2, 2, 1, 3, 1, 0, 3, 2, -14 ] ], 
              [ [ 1, 2, 2, 2, 0, 3, 2, 1, 2, 1, 2, 2, 2, 2, 2, 3, 2, -13 ], [ 1, 2, 2, 2, 4, 1, 2, 3, 2, 3, 2, 2, 2, 2, 2, 1, 2, -17 ] ], 
              [ [ 1, 0, 1, 2, 3, 1, 2, 3, 3, 2, 3, 2, 2, 2, 4, 1, 3, -17 ], [ 1, 4, 3, 2, 1, 3, 2, 1, 1, 2, 1, 2, 2, 2, 0, 3, 1, -13 ] ], 
              [ [ 1, 1, 3, 3, 4, 2, 3, 2, 3, 2, 1, 3, 1, 3, 3, 2, 3, -18 ], [ 1, 3, 1, 1, 0, 2, 1, 2, 1, 2, 3, 1, 3, 1, 1, 2, 1, -12 ] ], 
              [ [ 1, 2, 2, 1, 0, 2, 3, 1, 2, 2, 2, 3, 4, 3, 3, 3, 2, -15 ], [ 1, 2, 2, 3, 4, 2, 1, 3, 2, 2, 2, 1, 0, 1, 1, 1, 2, -15 ] ], 
              [ [ 1, 2, 1, 2, 2, 1, 2, 3, 2, 1, 2, 2, 3, 3, 4, 2, 3, -17 ], [ 1, 2, 3, 2, 2, 3, 2, 1, 2, 3, 2, 2, 1, 1, 0, 2, 1, -13 ] ], 
              [ [ 1, 2, 2, 0, 1, 2, 4, 2, 2, 2, 2, 2, 4, 3, 4, 1, 3, -16 ], [ 1, 2, 2, 4, 3, 2, 0, 2, 2, 2, 2, 2, 0, 1, 0, 3, 1, -14 ] ], 
              [ [ 1, 1, 2, 4, 3, 2, 2, 1, 3, 3, 1, 3, 3, 3, 3, 3, 3, -19 ], [ 1, 3, 2, 0, 1, 2, 2, 3, 1, 1, 3, 1, 1, 1, 1, 1, 1, -11 ] ], 
              [ [ 1, 1, 3, 1, 3, 1, 3, 3, 3, 3, 3, 3, 3, 3, 6, 1, 3, -20 ], [ 1, 3, 1, 3, 1, 3, 1, 1, 1, 1, 1, 1, 1, 1, -2, 3, 1, -10 ] ], 
              [ [ 1, 1, 3, 2, 4, 1, 4, 2, 3, 3, 1, 4, 3, 4, 4, 2, 3, -20 ], [ 1, 3, 1, 2, 0, 3, 0, 2, 1, 1, 3, 0, 1, 0, 0, 2, 1, -10 ] ], 
              [ [ 1, 1, 1, 3, 3, 1, 3, 3, 4, 2, 2, 3, 1, 3, 4, 1, 2, -18 ], [ 1, 3, 3, 1, 1, 3, 1, 1, 0, 2, 2, 1, 3, 1, 0, 3, 2, -12 ] ], 
              [ [ 1, 1, 2, 1, 3, 0, 2, 3, 3, 1, 3, 1, 0, 1, 3, 1, 3, -14 ], [ 1, 3, 2, 3, 1, 4, 2, 1, 1, 3, 1, 3, 4, 3, 1, 3, 1, -16 ] ], 
              [ [ 1, 3, 2, 1, 2, 0, 2, 3, 2, 0, 2, 1, 1, 2, 3, 2, 3, -14 ], [ 1, 1, 2, 3, 2, 4, 2, 1, 2, 4, 2, 3, 3, 2, 1, 2, 1, -16 ] ], 
              [ [ 1, 2, 3, 0, 2, 1, 3, 2, 2, 2, 2, 2, 4, 2, 4, 2, 4, -17 ], [ 1, 2, 1, 4, 2, 3, 1, 2, 2, 2, 2, 2, 0, 2, 0, 2, 0, -13 ] ], 
              [ [ 1, 2, 1, 1, 1, 1, 2, 3, 3, 1, 3, 1, 2, 1, 4, 1, 3, -15 ], [ 1, 2, 3, 3, 3, 3, 2, 1, 1, 3, 1, 3, 2, 3, 0, 3, 1, -15 ] ], 
              [ [ 1, 2, 1, 2, 2, 1, 3, 2, 3, 1, 1, 2, 2, 2, 2, 2, 3, -15 ], [ 1, 2, 3, 2, 2, 3, 1, 2, 1, 3, 3, 2, 2, 2, 2, 2, 1, -15 ] ], 
              [ [ 1, 1, 3, 2, 1, 3, 2, 0, 2, 3, 3, 3, 3, 4, 3, 3, 1, -15 ], [ 1, 3, 1, 2, 3, 1, 2, 4, 2, 1, 1, 1, 1, 0, 1, 1, 3, -15 ] ], 
              [ [ 1, 2, 3, 2, 3, 1, 3, 2, 3, 2, 2, 2, 2, 4, 3, 3, 3, -18 ], [ 1, 2, 1, 2, 1, 3, 1, 2, 1, 2, 2, 2, 2, 0, 1, 1, 1, -12 ] ], 
              [ [ 1, 1, 2, 3, 3, 2, 2, 1, 3, 2, 2, 2, 1, 3, 2, 2, 2, -15 ], [ 1, 3, 2, 1, 1, 2, 2, 3, 1, 2, 2, 2, 3, 1, 2, 2, 2, -15 ] ], 
              [ [ 1, 1, 2, 2, 2, 2, 3, 2, 4, 3, 3, 2, 3, 3, 4, 2, 3, -19 ], [ 1, 3, 2, 2, 2, 2, 1, 2, 0, 1, 1, 2, 1, 1, 0, 2, 1, -11 ] ], 
              [ [ 1, 2, 3, 2, 2, 2, 3, 1, 3, 3, 2, 2, 3, 3, 3, 2, 2, -17 ], [ 1, 2, 1, 2, 2, 2, 1, 3, 1, 1, 2, 2, 1, 1, 1, 2, 2, -13 ] ], 
              [ [ 1, 1, 2, 3, 3, 2, 1, 2, 1, 2, 2, 2, 0, 2, 2, 1, 1, -13 ], [ 1, 3, 2, 1, 1, 2, 3, 2, 3, 2, 2, 2, 4, 2, 2, 3, 3, -17 ] ], 
              [ [ 1, 1, 3, 2, 2, 3, 2, 2, 1, 2, 2, 4, 2, 3, 3, 3, 2, -16 ], [ 1, 3, 1, 2, 2, 1, 2, 2, 3, 2, 2, 0, 2, 1, 1, 1, 2, -14 ] ], 
              [ [ 1, 2, 3, 2, 2, 3, 2, 1, 0, 3, 1, 3, 4, 3, 3, 2, 2, -16 ], [ 1, 2, 1, 2, 2, 1, 2, 3, 4, 1, 3, 1, 0, 1, 1, 2, 2, -14 ] ], 
              [ [ 1, 1, 2, 3, 3, 2, 3, 2, 2, 3, 1, 3, 2, 3, 2, 2, 2, -17 ], [ 1, 3, 2, 1, 1, 2, 1, 2, 2, 1, 3, 1, 2, 1, 2, 2, 2, -13 ] ], 
              [ [ 1, 0, 1, 4, 3, 3, 2, 1, 2, 3, 1, 3, 1, 2, 1, 1, 1, -14 ], [ 1, 4, 3, 0, 1, 1, 2, 3, 2, 1, 3, 1, 3, 2, 3, 3, 3, -16 ] ], 
              [ [ 1, 2, 1, 4, 2, 3, 2, 1, 1, 2, 0, 3, 2, 3, 1, 2, 1, -14 ], [ 1, 2, 3, 0, 2, 1, 2, 3, 3, 2, 4, 1, 2, 1, 3, 2, 3, -16 ] ], 
              [ [ 1, 1, 3, 3, 3, 3, 3, 1, 2, 4, 1, 4, 2, 3, 3, 1, 1, -17 ], [ 1, 3, 1, 1, 1, 1, 1, 3, 2, 0, 3, 0, 2, 1, 1, 3, 3, -13 ] ], 
              [ [ 1, 2, 2, 2, 2, 2, 1, 1, 0, 1, 1, 1, 1, 1, 0, 2, 2, -10 ], [ 1, 2, 2, 2, 2, 2, 3, 3, 4, 3, 3, 3, 3, 3, 4, 2, 2, -20 ] ], 
              [ [ 1, 3, 4, 1, 2, 2, 2, 1, 0, 2, 1, 2, 2, 2, 2, 2, 2, -13 ], [ 1, 1, 0, 3, 2, 2, 2, 3, 4, 2, 3, 2, 2, 2, 2, 2, 2, -17 ] ], 
              [ [ 1, 2, 0, 2, 1, 1, 1, 2, 1, 1, 2, 1, 1, 1, 1, 1, 1, -10 ], [ 1, 2, 4, 2, 3, 3, 3, 2, 3, 3, 2, 3, 3, 3, 3, 3, 3, -20 ] ], 
              [ [ 1, 2, 3, 1, 1, 3, 2, 1, 0, 1, 1, 3, 3, 2, 1, 4, 3, -13 ], [ 1, 2, 1, 3, 3, 1, 2, 3, 4, 3, 3, 1, 1, 2, 3, 0, 1, -17 ] ], 
              [ [ 1, 2, 1, 2, 0, 3, 1, 2, 1, 0, 2, 2, 1, 1, 1, 3, 2, -11 ], [ 1, 2, 3, 2, 4, 1, 3, 2, 3, 4, 2, 2, 3, 3, 3, 1, 2, -19 ] ], 
              [ [ 1, 2, 2, 1, 1, 2, 2, 2, 1, 2, 2, 1, 3, 1, 2, 2, 3, -14 ], [ 1, 2, 2, 3, 3, 2, 2, 2, 3, 2, 2, 3, 1, 3, 2, 2, 1, -16 ] ], 
              [ [ 1, 3, 4, 2, 2, 3, 3, 1, 1, 2, 0, 2, 2, 2, 1, 3, 3, -15 ], [ 1, 1, 0, 2, 2, 1, 1, 3, 3, 2, 4, 2, 2, 2, 3, 1, 1, -15 ] ], 
              [ [ 1, 3, 1, 2, 0, 3, 1, 1, 0, 1, 1, 1, 3, 1, 1, 2, 2, -11 ], [ 1, 1, 3, 2, 4, 1, 3, 3, 4, 3, 3, 3, 1, 3, 3, 2, 2, -19 ] ], 
              [ [ 1, 2, 0, 3, 1, 2, 2, 2, 2, 1, 1, 1, 1, 1, 0, 2, 2, -12 ], [ 1, 2, 4, 1, 3, 2, 2, 2, 2, 3, 3, 3, 3, 3, 4, 2, 2, -18 ] ], 
              [ [ 1, 1, 2, 3, 4, 2, 2, 3, 2, 1, 1, 3, 0, 2, 2, 2, 3, -16 ], [ 1, 3, 2, 1, 0, 2, 2, 1, 2, 3, 3, 1, 4, 2, 2, 2, 1, -14 ] ], 
              [ [ 1, 2, 1, 1, 0, 2, 2, 2, 1, 1, 2, 3, 3, 2, 2, 3, 2, -13 ], [ 1, 2, 3, 3, 4, 2, 2, 2, 3, 3, 2, 1, 1, 2, 2, 1, 2, -17 ] ], 
              [ [ 1, 1, 1, 2, 3, 1, 1, 3, 1, 1, 2, 2, 1, 1, 2, 1, 2, -13 ], [ 1, 3, 3, 2, 1, 3, 3, 1, 3, 3, 2, 2, 3, 3, 2, 3, 2, -17 ] ], 
              [ [ 1, 1, 2, 0, 2, 2, 3, 2, 1, 2, 2, 2, 2, 1, 2, 0, 2, -12 ], [ 1, 3, 2, 4, 2, 2, 1, 2, 3, 2, 2, 2, 2, 3, 2, 4, 2, -18 ] ], 
              [ [ 1, 3, 2, 0, 1, 2, 3, 2, 0, 1, 1, 2, 3, 2, 2, 1, 2, -12 ], [ 1, 1, 2, 4, 3, 2, 1, 2, 4, 3, 3, 2, 1, 2, 2, 3, 2, -18 ] ], 
              [ [ 1, 1, 1, 4, 3, 2, 1, 2, 2, 2, 1, 3, 2, 2, 2, 3, 3, -17 ], [ 1, 3, 3, 0, 1, 2, 3, 2, 2, 2, 3, 1, 2, 2, 2, 1, 1, -13 ] ], 
              [ [ 1, 2, 2, 3, 2, 2, 0, 2, 1, 2, 2, 2, 2, 1, 3, 2, 2, -15 ], [ 1, 2, 2, 1, 2, 2, 4, 2, 3, 2, 2, 2, 2, 3, 1, 2, 2, -15 ] ], 
              [ [ 1, 2, 3, 1, 1, 3, 2, 1, 1, 3, 2, 2, 3, 1, 3, 1, 2, -14 ], [ 1, 2, 1, 3, 3, 1, 2, 3, 3, 1, 2, 2, 1, 3, 1, 3, 2, -16 ] ], 
              [ [ 1, 2, 2, 4, 3, 2, 1, 1, 1, 2, 0, 3, 2, 2, 1, 3, 2, -15 ], [ 1, 2, 2, 0, 1, 2, 3, 3, 3, 2, 4, 1, 2, 2, 3, 1, 2, -15 ] ], 
              [ [ 1, 2, 3, 2, 2, 3, 3, 0, 1, 3, 0, 3, 3, 2, 1, 2, 2, -14 ], [ 1, 2, 1, 2, 2, 1, 1, 4, 3, 1, 4, 1, 1, 2, 3, 2, 2, -16 ] ], 
              [ [ 1, 2, 2, 3, 4, 2, 2, 2, 1, 2, 0, 2, 2, 2, 2, 1, 3, -16 ], [ 1, 2, 2, 1, 0, 2, 2, 2, 3, 2, 4, 2, 2, 2, 2, 3, 1, -14 ] ], 
              [ [ 1, 1, 1, 4, 3, 1, 1, 3, 3, 2, 2, 2, 0, 1, 2, 2, 2, -16 ], [ 1, 3, 3, 0, 1, 3, 3, 1, 1, 2, 2, 2, 4, 3, 2, 2, 2, -14 ] ], 
              [ [ 1, 1, 2, 2, 2, 2, 3, 2, 3, 3, 2, 2, 1, 1, 2, 1, 2, -15 ], [ 1, 3, 2, 2, 2, 2, 1, 2, 1, 1, 2, 2, 3, 3, 2, 3, 2, -15 ] ], 
              [ [ 1, 3, 2, 2, 1, 2, 3, 2, 2, 2, 1, 2, 2, 2, 2, 2, 2, -15 ], [ 1, 1, 2, 2, 3, 2, 1, 2, 2, 2, 3, 2, 2, 2, 2, 2, 2, -15 ] ], 
              [ [ 1, 2, 1, 3, 1, 3, 2, 1, 2, 2, 1, 2, 1, 1, 1, 1, 1, -12 ], [ 1, 2, 3, 1, 3, 1, 2, 3, 2, 2, 3, 2, 3, 3, 3, 3, 3, -18 ] ], 
              [ [ 1, 1, 2, 2, 4, 1, 3, 3, 2, 2, 1, 4, 2, 3, 3, 2, 3, -18 ], [ 1, 3, 2, 2, 0, 3, 1, 1, 2, 2, 3, 0, 2, 1, 1, 2, 1, -12 ] ], 
              [ [ 1, 2, 3, 1, 3, 1, 2, 3, 1, 2, 2, 3, 2, 2, 4, 1, 2, -16 ], [ 1, 2, 1, 3, 1, 3, 2, 1, 3, 2, 2, 1, 2, 2, 0, 3, 2, -14 ] ], 
              [ [ 1, 2, 3, 2, 3, 3, 3, 2, 1, 2, 0, 4, 4, 3, 3, 3, 4, -19 ], [ 1, 2, 1, 2, 1, 1, 1, 2, 3, 2, 4, 0, 0, 1, 1, 1, 0, -11 ] ], 
              [ [ 1, 2, 3, 2, 3, 2, 3, 3, 2, 2, 1, 3, 2, 2, 3, 2, 3, -18 ], [ 1, 2, 1, 2, 1, 2, 1, 1, 2, 2, 3, 1, 2, 2, 1, 2, 1, -12 ] ], 
              [ [ 1, 2, 2, 3, 2, 2, 2, 2, 2, 3, 1, 3, 4, 2, 3, 3, 3, -19 ], [ 1, 2, 2, 1, 2, 2, 2, 2, 2, 1, 3, 1, 0, 2, 1, 1, 1, -11 ] ], 
              [ [ 1, 1, 2, 2, 3, 2, 3, 2, 2, 3, 1, 4, 3, 2, 3, 1, 2, -17 ], [ 1, 3, 2, 2, 1, 2, 1, 2, 2, 1, 3, 0, 1, 2, 1, 3, 2, -13 ] ], 
              [ [ 1, 2, 2, 0, 2, 1, 2, 3, 1, 1, 2, 2, 3, 1, 3, 2, 4, -15 ], [ 1, 2, 2, 4, 2, 3, 2, 1, 3, 3, 2, 2, 1, 3, 1, 2, 0, -15 ] ], 
              [ [ 1, 3, 4, 1, 3, 2, 3, 2, 1, 1, 0, 3, 2, 2, 2, 3, 4, -16 ], [ 1, 1, 0, 3, 1, 2, 1, 2, 3, 3, 4, 1, 2, 2, 2, 1, 0, -14 ] ], 
              [ [ 1, 3, 3, 0, 2, 1, 2, 2, 0, 1, 1, 2, 3, 1, 2, 2, 3, -13 ], [ 1, 1, 1, 4, 2, 3, 2, 2, 4, 3, 3, 2, 1, 3, 2, 2, 1, -17 ] ], 
              [ [ 1, 2, 2, 0, 2, 0, 2, 4, 2, 1, 3, 1, 1, 0, 3, 1, 3, -14 ], [ 1, 2, 2, 4, 2, 4, 2, 0, 2, 3, 1, 3, 3, 4, 1, 3, 1, -16 ] ], 
              [ [ 1, 2, 0, 2, 2, 1, 2, 3, 2, 0, 1, 2, 1, 1, 1, 2, 3, -13 ], [ 1, 2, 4, 2, 2, 3, 2, 1, 2, 4, 3, 2, 3, 3, 3, 2, 1, -17 ] ], 
              [ [ 1, 3, 1, 1, 1, 1, 1, 3, 1, 0, 2, 1, 1, 0, 2, 1, 2, -11 ], [ 1, 1, 3, 3, 3, 3, 3, 1, 3, 4, 2, 3, 3, 4, 2, 3, 2, -19 ] ], 
              [ [ 1, 3, 3, 2, 2, 1, 2, 2, 2, 2, 1, 2, 2, 1, 2, 3, 3, -16 ], [ 1, 1, 1, 2, 2, 3, 2, 2, 2, 2, 3, 2, 2, 3, 2, 1, 1, -14 ] ], 
              [ [ 1, 3, 3, 1, 3, 1, 3, 3, 2, 2, 1, 1, 2, 1, 3, 1, 4, -17 ], [ 1, 1, 1, 3, 1, 3, 1, 1, 2, 2, 3, 3, 2, 3, 1, 3, 0, -13 ] ], 
              [ [ 1, 3, 1, 1, 1, 1, 3, 3, 2, 1, 1, 2, 3, 1, 2, 2, 3, -15 ], [ 1, 1, 3, 3, 3, 3, 1, 1, 2, 3, 3, 2, 1, 3, 2, 2, 1, -15 ] ], 
              [ [ 1, 1, 1, 4, 2, 3, 1, 1, 2, 2, 2, 1, 0, 2, 0, 2, 1, -12 ], [ 1, 3, 3, 0, 2, 1, 3, 3, 2, 2, 2, 3, 4, 2, 4, 2, 3, -18 ] ], 
              [ [ 1, 1, 2, 2, 1, 3, 1, 1, 1, 2, 3, 3, 2, 3, 2, 3, 1, -13 ], [ 1, 3, 2, 2, 3, 1, 3, 3, 3, 2, 1, 1, 2, 1, 2, 1, 3, -17 ] ], 
              [ [ 1, 2, 3, 2, 1, 3, 1, 0, 0, 2, 2, 3, 2, 3, 1, 3, 0, -11 ], [ 1, 2, 1, 2, 3, 1, 3, 4, 4, 2, 2, 1, 2, 1, 3, 1, 4, -19 ] ], 
              [ [ 1, 2, 3, 1, 2, 3, 2, 1, 0, 2, 2, 2, 2, 3, 2, 1, 1, -12 ], [ 1, 2, 1, 3, 2, 1, 2, 3, 4, 2, 2, 2, 2, 1, 2, 3, 3, -18 ] ], 
              [ [ 1, 1, 2, 2, 1, 2, 1, 2, 2, 2, 4, 2, 0, 2, 2, 2, 0, -12 ], [ 1, 3, 2, 2, 3, 2, 3, 2, 2, 2, 0, 2, 4, 2, 2, 2, 4, -18 ] ], 
              [ [ 1, 1, 2, 2, 3, 2, 3, 2, 2, 2, 2, 2, 0, 3, 1, 1, 1, -13 ], [ 1, 3, 2, 2, 1, 2, 1, 2, 2, 2, 2, 2, 4, 1, 3, 3, 3, -17 ] ], 
              [ [ 1, 2, 3, 3, 2, 3, 2, 1, 2, 3, 2, 2, 1, 3, 2, 2, 1, -15 ], [ 1, 2, 1, 1, 2, 1, 2, 3, 2, 1, 2, 2, 3, 1, 2, 2, 3, -15 ] ], 
              [ [ 1, 1, 1, 3, 2, 2, 2, 1, 2, 3, 2, 2, 2, 3, 1, 2, 1, -14 ], [ 1, 3, 3, 1, 2, 2, 2, 3, 2, 1, 2, 2, 2, 1, 3, 2, 3, -16 ] ], 
              [ [ 1, 2, 2, 2, 1, 2, 1, 1, 1, 3, 3, 1, 2, 2, 2, 1, 0, -12 ], [ 1, 2, 2, 2, 3, 2, 3, 3, 3, 1, 1, 3, 2, 2, 2, 3, 4, -18 ] ], 
              [ [ 1, 1, 2, 3, 1, 4, 2, 1, 2, 2, 2, 3, 2, 3, 1, 4, 2, -15 ], [ 1, 3, 2, 1, 3, 0, 2, 3, 2, 2, 2, 1, 2, 1, 3, 0, 2, -15 ] ], 
              [ [ 1, 2, 3, 2, 0, 4, 1, 1, 1, 2, 3, 2, 2, 2, 2, 3, 1, -13 ], [ 1, 2, 1, 2, 4, 0, 3, 3, 3, 2, 1, 2, 2, 2, 2, 1, 3, -17 ] ], 
              [ [ 1, 1, 1, 2, 0, 3, 1, 1, 1, 2, 3, 2, 3, 2, 1, 3, 1, -12 ], [ 1, 3, 3, 2, 4, 1, 3, 3, 3, 2, 1, 2, 1, 2, 3, 1, 3, -18 ] ], 
              [ [ 1, 2, 3, 3, 1, 4, 2, 0, 1, 2, 1, 3, 2, 3, 0, 4, 1, -13 ], [ 1, 2, 1, 1, 3, 0, 2, 4, 3, 2, 3, 1, 2, 1, 4, 0, 3, -17 ] ], 
              [ [ 1, 2, 3, 2, 2, 4, 3, 1, 1, 2, 1, 2, 2, 3, 1, 2, 2, -14 ], [ 1, 2, 1, 2, 2, 0, 1, 3, 3, 2, 3, 2, 2, 1, 3, 2, 2, -16 ] ], 
              [ [ 1, 2, 2, 3, 1, 4, 2, 0, 1, 3, 1, 2, 4, 3, 1, 3, 2, -15 ], [ 1, 2, 2, 1, 3, 0, 2, 4, 3, 1, 3, 2, 0, 1, 3, 1, 2, -15 ] ], 
              [ [ 1, 2, 2, 3, 1, 3, 2, 1, 2, 3, 2, 1, 2, 2, 1, 2, 1, -14 ], [ 1, 2, 2, 1, 3, 1, 2, 3, 2, 1, 2, 3, 2, 2, 3, 2, 3, -16 ] ], 
              [ [ 1, 1, 4, 3, 4, 3, 2, 2, 2, 3, 2, 3, 1, 3, 3, 2, 2, -18 ], [ 1, 3, 0, 1, 0, 1, 2, 2, 2, 1, 2, 1, 3, 1, 1, 2, 2, -12 ] ], 
              [ [ 1, 0, 2, 3, 4, 2, 2, 2, 2, 3, 2, 3, 2, 3, 2, 2, 2, -17 ], [ 1, 4, 2, 1, 0, 2, 2, 2, 2, 1, 2, 1, 2, 1, 2, 2, 2, -13 ] ], 
              [ [ 1, 2, 3, 1, 0, 3, 2, 1, 1, 3, 3, 3, 4, 3, 3, 3, 1, -15 ], [ 1, 2, 1, 3, 4, 1, 2, 3, 3, 1, 1, 1, 0, 1, 1, 1, 3, -15 ] ], 
              [ [ 1, 1, 2, 2, 0, 4, 1, 0, 1, 3, 3, 3, 3, 2, 2, 2, 0, -12 ], [ 1, 3, 2, 2, 4, 0, 3, 4, 3, 1, 1, 1, 1, 2, 2, 2, 4, -18 ] ], 
              [ [ 1, 2, 2, 3, 3, 2, 2, 2, 1, 2, 1, 3, 3, 4, 2, 3, 2, -17 ], [ 1, 2, 2, 1, 1, 2, 2, 2, 3, 2, 3, 1, 1, 0, 2, 1, 2, -13 ] ], 
              [ [ 1, 2, 3, 1, 2, 3, 4, 1, 1, 3, 1, 3, 4, 4, 2, 2, 2, -16 ], [ 1, 2, 1, 3, 2, 1, 0, 3, 3, 1, 3, 1, 0, 0, 2, 2, 2, -14 ] ], 
              [ [ 1, 1, 1, 4, 3, 3, 1, 1, 1, 2, 1, 3, 2, 3, 1, 2, 1, -14 ], [ 1, 3, 3, 0, 1, 1, 3, 3, 3, 2, 3, 1, 2, 1, 3, 2, 3, -16 ] ], 
              [ [ 1, 1, 2, 2, 2, 4, 3, 0, 1, 3, 1, 3, 3, 3, 1, 1, 1, -13 ], [ 1, 3, 2, 2, 2, 0, 1, 4, 3, 1, 3, 1, 1, 1, 3, 3, 3, -17 ] ], 
              [ [ 1, 0, 1, 3, 1, 3, 2, 1, 3, 3, 3, 3, 1, 2, 1, 2, 0, -13 ], [ 1, 4, 3, 1, 3, 1, 2, 3, 1, 1, 1, 1, 3, 2, 3, 2, 4, -17 ] ], 
              [ [ 1, 0, 0, 4, 3, 2, 1, 3, 3, 2, 3, 2, 0, 2, 2, 1, 1, -15 ], [ 1, 4, 4, 0, 1, 2, 3, 1, 1, 2, 1, 2, 4, 2, 2, 3, 3, -15 ] ], 
              [ [ 1, 0, 1, 2, 2, 3, 3, 2, 3, 3, 3, 2, 1, 2, 2, 0, 1, -14 ], [ 1, 4, 3, 2, 2, 1, 1, 2, 1, 1, 1, 2, 3, 2, 2, 4, 3, -16 ] ], 
              [ [ 1, 2, 1, 3, 0, 3, 2, 1, 2, 2, 2, 3, 2, 3, 1, 3, 0, -13 ], [ 1, 2, 3, 1, 4, 1, 2, 3, 2, 2, 2, 1, 2, 1, 3, 1, 4, -17 ] ], 
              [ [ 1, 2, 1, 2, 1, 3, 3, 2, 2, 2, 2, 2, 2, 3, 2, 1, 1, -14 ], [ 1, 2, 3, 2, 3, 1, 1, 2, 2, 2, 2, 2, 2, 1, 2, 3, 3, -16 ] ], 
              [ [ 1, 1, 2, 2, 2, 3, 3, 1, 2, 3, 2, 2, 1, 2, 1, 0, 0, -12 ], [ 1, 3, 2, 2, 2, 1, 1, 3, 2, 1, 2, 2, 3, 2, 3, 4, 4, -18 ] ], 
              [ [ 1, 1, 3, 4, 3, 3, 1, 1, 2, 4, 2, 3, 3, 3, 3, 3, 2, -19 ], [ 1, 3, 1, 0, 1, 1, 3, 3, 2, 0, 2, 1, 1, 1, 1, 1, 2, -11 ] ], 
              [ [ 1, 1, 1, 6, 3, 3, 1, 1, 3, 3, 1, 3, 1, 3, 1, 3, 1, -17 ], [ 1, 3, 3, -2, 1, 1, 3, 3, 1, 1, 3, 1, 3, 1, 3, 1, 3, -13 ] ], 
              [ [ 1, 1, 2, 4, 2, 4, 3, 0, 3, 4, 1, 3, 2, 3, 1, 2, 1, -16 ], [ 1, 3, 2, 0, 2, 0, 1, 4, 1, 0, 3, 1, 2, 1, 3, 2, 3, -14 ] ], 
              [ [ 1, 2, 3, 3, 1, 4, 2, 0, 2, 4, 2, 2, 2, 2, 2, 1, 0, -14 ], [ 1, 2, 1, 1, 3, 0, 2, 4, 2, 0, 2, 2, 2, 2, 2, 3, 4, -16 ] ], 
              [ [ 1, 1, 1, 3, 1, 3, 2, 0, 2, 4, 2, 2, 3, 2, 1, 1, 0, -13 ], [ 1, 3, 3, 1, 3, 1, 2, 4, 2, 0, 2, 2, 1, 2, 3, 3, 4, -17 ] ], 
              [ [ 1, 1, 4, 2, 4, 2, 3, 2, 2, 4, 2, 4, 3, 4, 4, 2, 2, -20 ], [ 1, 3, 0, 2, 0, 2, 1, 2, 2, 0, 2, 0, 1, 0, 0, 2, 2, -10 ] ], 
              [ [ 1, 0, 3, 3, 4, 3, 2, 1, 2, 4, 2, 4, 2, 3, 3, 1, 1, -17 ], [ 1, 4, 1, 1, 0, 1, 2, 3, 2, 0, 2, 0, 2, 1, 1, 3, 3, -13 ] ], 
              [ [ 1, 2, 3, 3, 3, 3, 2, 1, 1, 3, 1, 4, 3, 4, 3, 2, 1, -17 ], [ 1, 2, 1, 1, 1, 1, 2, 3, 3, 1, 3, 0, 1, 0, 1, 2, 3, -13 ] ], 
              [ [ 1, 1, 2, 3, 3, 2, 2, 3, 3, 3, 3, 3, 1, 3, 4, 1, 1, -18 ], [ 1, 3, 2, 1, 1, 2, 2, 1, 1, 1, 1, 1, 3, 1, 0, 3, 3, -12 ] ], 
              [ [ 1, 0, 0, 3, 3, 1, 2, 3, 3, 3, 3, 3, 2, 3, 3, 1, 1, -17 ], [ 1, 4, 4, 1, 1, 3, 2, 1, 1, 1, 1, 1, 2, 1, 1, 3, 3, -13 ] ], 
              [ [ 1, 1, 2, 4, 4, 2, 3, 2, 3, 3, 1, 4, 1, 4, 2, 2, 1, -18 ], [ 1, 3, 2, 0, 0, 2, 1, 2, 1, 1, 3, 0, 3, 0, 2, 2, 3, -12 ] ], 
              [ [ 1, 1, 1, 3, 2, 3, 2, 2, 2, 3, 2, 3, 4, 3, 3, 2, 2, -18 ], [ 1, 3, 3, 1, 2, 1, 2, 2, 2, 1, 2, 1, 0, 1, 1, 2, 2, -12 ] ], 
              [ [ 1, 2, 3, 4, 3, 4, 3, 1, 2, 3, 0, 4, 3, 4, 2, 3, 2, -19 ], [ 1, 2, 1, 0, 1, 0, 1, 3, 2, 1, 4, 0, 1, 0, 2, 1, 2, -11 ] ], 
              [ [ 1, 0, 1, 4, 3, 3, 3, 2, 4, 4, 2, 4, 2, 3, 3, 1, 1, -19 ], [ 1, 4, 3, 0, 1, 1, 1, 2, 0, 0, 2, 0, 2, 1, 1, 3, 3, -11 ] ], 
              [ [ 1, 2, 2, 1, 0, 2, 1, 1, 1, 1, 3, 1, 1, 1, 0, 3, 1, -9 ], [ 1, 2, 2, 3, 4, 2, 3, 3, 3, 3, 1, 3, 3, 3, 4, 1, 3, -21 ] ], 
              [ [ 1, 2, 1, 2, 2, 1, 0, 3, 1, 0, 3, 0, 0, 1, 1, 2, 2, -11 ], [ 1, 2, 3, 2, 2, 3, 4, 1, 3, 4, 1, 4, 4, 3, 3, 2, 2, -19 ] ], 
              [ [ 1, 2, 2, 0, 1, 2, 2, 2, 1, 1, 3, 0, 1, 1, 1, 1, 2, -10 ], [ 1, 2, 2, 4, 3, 2, 2, 2, 3, 3, 1, 4, 3, 3, 3, 3, 2, -20 ] ], 
              [ [ 1, 3, 2, 4, 2, 2, 0, 1, 1, 1, 1, 1, 1, 2, 0, 4, 2, -13 ], [ 1, 1, 2, 0, 2, 2, 4, 3, 3, 3, 3, 3, 3, 2, 4, 0, 2, -17 ] ], 
              [ [ 1, 3, 3, 2, 1, 3, 2, 0, 1, 2, 1, 1, 2, 2, 0, 3, 2, -12 ], [ 1, 1, 1, 2, 3, 1, 2, 4, 3, 2, 3, 3, 2, 2, 4, 1, 2, -18 ] ], 
              [ [ 1, 2, 4, 1, 3, 2, 1, 1, 0, 2, 2, 2, 2, 2, 2, 2, 2, -13 ], [ 1, 2, 0, 3, 1, 2, 3, 3, 4, 2, 2, 2, 2, 2, 2, 2, 2, -17 ] ], 
              [ [ 1, 1, 3, 1, 3, 1, 1, 3, 2, 2, 4, 1, 0, 1, 3, 1, 2, -14 ], [ 1, 3, 1, 3, 1, 3, 3, 1, 2, 2, 0, 3, 4, 3, 1, 3, 2, -16 ] ], 
              [ [ 1, 2, 2, 2, 3, 1, 2, 3, 2, 1, 2, 2, 1, 3, 2, 3, 3, -16 ], [ 1, 2, 2, 2, 1, 3, 2, 1, 2, 3, 2, 2, 3, 1, 2, 1, 1, -14 ] ], 
              [ [ 1, 1, 1, 3, 3, 2, 1, 2, 2, 1, 2, 2, 0, 2, 1, 2, 2, -13 ], [ 1, 3, 3, 1, 1, 2, 3, 2, 2, 3, 2, 2, 4, 2, 3, 2, 2, -17 ] ], 
              [ [ 1, 1, 3, 2, 4, 1, 2, 2, 2, 2, 2, 2, 0, 2, 1, 2, 2, -14 ], [ 1, 3, 1, 2, 0, 3, 2, 2, 2, 2, 2, 2, 4, 2, 3, 2, 2, -16 ] ], 
              [ [ 1, 3, 3, 1, 2, 1, 1, 3, 1, 1, 3, 1, 1, 2, 3, 2, 2, -14 ], [ 1, 1, 1, 3, 2, 3, 3, 1, 3, 3, 1, 3, 3, 2, 1, 2, 2, -16 ] ], 
              [ [ 1, 2, 2, 2, 2, 2, 0, 2, 1, 1, 3, 1, 0, 1, 2, 1, 1, -11 ], [ 1, 2, 2, 2, 2, 2, 4, 2, 3, 3, 1, 3, 4, 3, 2, 3, 3, -19 ] ], 
              [ [ 1, 2, 1, 1, 2, 0, 1, 3, 1, 1, 3, 1, 2, 2, 2, 2, 2, -13 ], [ 1, 2, 3, 3, 2, 4, 3, 1, 3, 3, 1, 3, 2, 2, 2, 2, 2, -17 ] ], 
              [ [ 1, 1, 0, 2, 2, 1, 0, 2, 1, 1, 3, 1, 1, 1, 1, 1, 1, -10 ], [ 1, 3, 4, 2, 2, 3, 4, 2, 3, 3, 1, 3, 3, 3, 3, 3, 3, -20 ] ], 
              [ [ 1, 3, 3, 2, 3, 1, 2, 2, 1, 1, 1, 2, 1, 3, 1, 3, 2, -14 ], [ 1, 1, 1, 2, 1, 3, 2, 2, 3, 3, 3, 2, 3, 1, 3, 1, 2, -16 ] ], 
              [ [ 1, 2, 2, 3, 3, 2, 1, 1, 1, 1, 1, 2, 0, 2, 0, 2, 1, -11 ], [ 1, 2, 2, 1, 1, 2, 3, 3, 3, 3, 3, 2, 4, 2, 4, 2, 3, -19 ] ], 
              [ [ 1, 1, 1, 3, 3, 1, 1, 3, 3, 1, 3, 1, -2, 1, 1, 1, 1, -12 ], [ 1, 3, 3, 1, 1, 3, 3, 1, 1, 3, 1, 3, 6, 3, 3, 3, 3, -18 ] ], 
              [ [ 1, 2, 4, 3, 3, 2, 1, 1, 2, 3, 2, 2, 1, 2, 2, 3, 2, -16 ], [ 1, 2, 0, 1, 1, 2, 3, 3, 2, 1, 2, 2, 3, 2, 2, 1, 2, -14 ] ], 
              [ [ 1, 1, 0, 4, 2, 1, 0, 2, 3, 2, 3, 1, 0, 1, 1, 2, 1, -13 ], [ 1, 3, 4, 0, 2, 3, 4, 2, 1, 2, 1, 3, 4, 3, 3, 2, 3, -17 ] ], 
              [ [ 1, 2, 1, 3, 3, 1, 1, 2, 2, 2, 2, 0, 0, 1, 1, 0, 1, -12 ], [ 1, 2, 3, 1, 1, 3, 3, 2, 2, 2, 2, 4, 4, 3, 3, 4, 3, -18 ] ], 
              [ [ 1, 2, 2, 1, 2, 1, 1, 2, 1, 2, 3, 2, 2, 2, 3, 1, 1, -13 ], [ 1, 2, 2, 3, 2, 3, 3, 2, 3, 2, 1, 2, 2, 2, 1, 3, 3, -17 ] ], 
              [ [ 1, 1, 1, 2, 3, 0, 2, 3, 3, 2, 3, 2, 0, 2, 2, 1, 1, -14 ], [ 1, 3, 3, 2, 1, 4, 2, 1, 1, 2, 1, 2, 4, 2, 2, 3, 3, -16 ] ], 
              [ [ 1, 2, 2, 1, 1, 2, 1, 3, 1, 0, 3, 2, 2, 2, 2, 4, 3, -14 ], [ 1, 2, 2, 3, 3, 2, 3, 1, 3, 4, 1, 2, 2, 2, 2, 0, 1, -16 ] ], 
              [ [ 1, 3, 3, 3, 1, 3, 1, 1, 1, 1, 1, 3, 3, 3, 1, 6, 3, -16 ], [ 1, 1, 1, 1, 3, 1, 3, 3, 3, 3, 3, 1, 1, 1, 3, -2, 1, -14 ] ], 
              [ [ 1, 3, 3, 2, 2, 3, 2, 2, 1, 1, 1, 2, 3, 3, 2, 4, 4, -17 ], [ 1, 1, 1, 2, 2, 1, 2, 2, 3, 3, 3, 2, 1, 1, 2, 0, 0, -13 ] ], 
              [ [ 1, 2, 4, 2, 3, 3, 2, 1, 1, 2, 1, 2, 2, 2, 1, 3, 3, -15 ], [ 1, 2, 0, 2, 1, 1, 2, 3, 3, 2, 3, 2, 2, 2, 3, 1, 1, -15 ] ], 
              [ [ 1, 3, 2, 1, 1, 2, 1, 2, 0, 1, 2, 1, 4, 2, 2, 3, 3, -14 ], [ 1, 1, 2, 3, 3, 2, 3, 2, 4, 3, 2, 3, 0, 2, 2, 1, 1, -16 ] ], 
              [ [ 1, 4, 4, 2, 2, 3, 2, 1, 0, 1, 0, 2, 3, 3, 1, 4, 3, -15 ], [ 1, 0, 0, 2, 2, 1, 2, 3, 4, 3, 4, 2, 1, 1, 3, 0, 1, -15 ] ], 
              [ [ 1, 3, 3, 2, 2, 2, 2, 3, 2, 1, 2, 1, 1, 2, 2, 3, 3, -16 ], [ 1, 1, 1, 2, 2, 2, 2, 1, 2, 3, 2, 3, 3, 2, 2, 1, 1, -14 ] ], 
              [ [ 1, 2, 2, 3, 2, 3, 1, 2, 2, 1, 2, 1, 0, 1, 1, 2, 2, -13 ], [ 1, 2, 2, 1, 2, 1, 3, 2, 2, 3, 2, 3, 4, 3, 3, 2, 2, -17 ] ], 
              [ [ 1, 2, 1, 2, 2, 1, 2, 3, 2, 1, 2, 1, 2, 2, 1, 3, 3, -15 ], [ 1, 2, 3, 2, 2, 3, 2, 1, 2, 3, 2, 3, 2, 2, 3, 1, 1, -15 ] ], 
              [ [ 1, 1, 0, 3, 2, 2, 1, 2, 2, 1, 2, 1, 1, 1, 0, 2, 2, -12 ], [ 1, 3, 4, 1, 2, 2, 3, 2, 2, 3, 2, 3, 3, 3, 4, 2, 2, -18 ] ], 
              [ [ 1, 3, 1, 1, -2, 3, 1, 1, 1, 1, 3, 1, 3, 1, 1, 3, 1, -10 ], [ 1, 1, 3, 3, 6, 1, 3, 3, 3, 3, 1, 3, 1, 3, 3, 1, 3, -20 ] ], 
              [ [ 1, 3, 0, 3, 1, 2, 1, 2, 1, 0, 1, 1, 2, 2, 0, 3, 2, -12 ], [ 1, 1, 4, 1, 3, 2, 3, 2, 3, 4, 3, 3, 2, 2, 4, 1, 2, -18 ] ], 
              [ [ 1, 3, 1, 1, 0, 3, 3, 1, 1, 1, 1, 1, 3, 2, 0, 2, 2, -11 ], [ 1, 1, 3, 3, 4, 1, 1, 3, 3, 3, 3, 3, 1, 2, 4, 2, 2, -19 ] ], 
              [ [ 1, 3, 2, 3, 1, 2, 1, 2, 2, 2, 2, 1, 3, 2, 2, 4, 3, -17 ], [ 1, 1, 2, 1, 3, 2, 3, 2, 2, 2, 2, 3, 1, 2, 2, 0, 1, -13 ] ], 
              [ [ 1, 2, 1, 4, 1, 3, 0, 1, 2, 2, 2, 1, 2, 1, 1, 3, 2, -14 ], [ 1, 2, 3, 0, 3, 1, 4, 3, 2, 2, 2, 3, 2, 3, 3, 1, 2, -16 ] ], 
              [ [ 1, 2, 3, 1, 1, 3, 1, 2, 1, 1, 3, 3, 2, 2, 3, 3, 2, -14 ], [ 1, 2, 1, 3, 3, 1, 3, 2, 3, 3, 1, 1, 2, 2, 1, 1, 2, -16 ] ], 
              [ [ 1, 1, 1, 1, 1, 2, 1, 2, 1, 1, 3, 3, 3, 2, 2, 3, 2, -13 ], [ 1, 3, 3, 3, 3, 2, 3, 2, 3, 3, 1, 1, 1, 2, 2, 1, 2, -17 ] ], 
              [ [ 1, 2, 3, 2, 2, 3, 2, 1, 1, 1, 1, 4, 2, 3, 1, 4, 2, -14 ], [ 1, 2, 1, 2, 2, 1, 2, 3, 3, 3, 3, 0, 2, 1, 3, 0, 2, -16 ] ], 
              [ [ 1, 2, 3, 1, 3, 3, 3, 2, 1, 1, 1, 3, 2, 3, 2, 2, 3, -15 ], [ 1, 2, 1, 3, 1, 1, 1, 2, 3, 3, 3, 1, 2, 1, 2, 2, 1, -15 ] ], 
              [ [ 1, 2, 2, 0, 2, 2, 2, 2, 0, 1, 2, 2, 3, 2, 2, 1, 2, -12 ], [ 1, 2, 2, 4, 2, 2, 2, 2, 4, 3, 2, 2, 1, 2, 2, 3, 2, -18 ] ], 
              [ [ 1, 1, 2, 2, 2, 2, 2, 3, 3, 1, 3, 3, 0, 2, 2, 3, 2, -15 ], [ 1, 3, 2, 2, 2, 2, 2, 1, 1, 3, 1, 1, 4, 2, 2, 1, 2, -15 ] ], 
              [ [ 1, 1, 1, 1, 1, 1, 1, 3, 2, 1, 4, 2, 1, 1, 2, 2, 1, -12 ], [ 1, 3, 3, 3, 3, 3, 3, 1, 2, 3, 0, 2, 3, 3, 2, 2, 3, -18 ] ], 
              [ [ 1, 1, 1, 0, 2, 1, 2, 4, 2, 1, 4, 1, 1, 1, 3, 0, 2, -13 ], [ 1, 3, 3, 4, 2, 3, 2, 0, 2, 3, 0, 3, 3, 3, 1, 4, 2, -17 ] ], 
              [ [ 1, 2, 3, 1, 3, 2, 3, 3, 2, 1, 2, 2, 0, 2, 2, 1, 2, -14 ], [ 1, 2, 1, 3, 1, 2, 1, 1, 2, 3, 2, 2, 4, 2, 2, 3, 2, -16 ] ], 
              [ [ 1, 1, 1, 1, 3, 1, 3, 3, 2, 1, 2, 2, 1, 2, 1, 1, 2, -13 ], [ 1, 3, 3, 3, 1, 3, 1, 1, 2, 3, 2, 2, 3, 2, 3, 3, 2, -17 ] ], 
              [ [ 1, 2, 4, 0, 2, 2, 2, 2, 1, 3, 3, 2, 4, 2, 4, 2, 3, -17 ], [ 1, 2, 0, 4, 2, 2, 2, 2, 3, 1, 1, 2, 0, 2, 0, 2, 1, -13 ] ], 
              [ [ 1, 3, 6, 1, 3, 3, 3, 1, 1, 3, 1, 3, 3, 3, 3, 3, 3, -18 ], [ 1, 1, -2, 3, 1, 1, 1, 3, 3, 1, 3, 1, 1, 1, 1, 1, 1, -12 ] ], 
              [ [ 1, 2, 2, 2, 2, 3, 2, 1, 1, 2, 1, 3, 4, 3, 2, 3, 3, -16 ], [ 1, 2, 2, 2, 2, 1, 2, 3, 3, 2, 3, 1, 0, 1, 2, 1, 1, -14 ] ], 
              [ [ 1, 2, 4, 1, 3, 2, 3, 1, 1, 3, 1, 3, 4, 3, 2, 3, 3, -17 ], [ 1, 2, 0, 3, 1, 2, 1, 3, 3, 1, 3, 1, 0, 1, 2, 1, 1, -13 ] ], 
              [ [ 1, 3, 3, 1, 1, 3, 1, 1, 0, 2, 2, 2, 4, 2, 3, 2, 2, -14 ], [ 1, 1, 1, 3, 3, 1, 3, 3, 4, 2, 2, 2, 0, 2, 1, 2, 2, -16 ] ], 
              [ [ 1, 3, 3, 2, 2, 3, 2, 0, 0, 2, 0, 3, 4, 3, 1, 3, 2, -14 ], [ 1, 1, 1, 2, 2, 1, 2, 4, 4, 2, 4, 1, 0, 1, 3, 1, 2, -16 ] ], 
              [ [ 1, 1, 1, 3, 1, 2, 1, 2, 3, 2, 3, 3, 2, 2, 2, 4, 2, -16 ], [ 1, 3, 3, 1, 3, 2, 3, 2, 1, 2, 1, 1, 2, 2, 2, 0, 2, -14 ] ], 
              [ [ 1, 1, 1, 2, 2, 2, 2, 3, 3, 2, 3, 2, 2, 2, 3, 2, 3, -17 ], [ 1, 3, 3, 2, 2, 2, 2, 1, 1, 2, 1, 2, 2, 2, 1, 2, 1, -13 ] ], 
              [ [ 1, 1, 3, 1, 3, 1, 3, 3, 3, 3, 3, 2, 2, 2, 3, 2, 3, -18 ], [ 1, 3, 1, 3, 1, 3, 1, 1, 1, 1, 1, 2, 2, 2, 1, 2, 1, -12 ] ], 
              [ [ 1, 0, 2, 2, 3, 2, 2, 2, 3, 3, 3, 2, 1, 1, 2, 1, 2, -15 ], [ 1, 4, 2, 2, 1, 2, 2, 2, 1, 1, 1, 2, 3, 3, 2, 3, 2, -15 ] ], 
              [ [ 1, 2, 3, 3, 3, 3, 3, 2, 3, 2, 1, 3, 1, 3, 2, 3, 3, -18 ], [ 1, 2, 1, 1, 1, 1, 1, 2, 1, 2, 3, 1, 3, 1, 2, 1, 1, -12 ] ], 
              [ [ 1, 1, 1, 3, 3, 2, 3, 2, 3, 2, 1, 3, 2, 3, 1, 3, 3, -17 ], [ 1, 3, 3, 1, 1, 2, 1, 2, 1, 2, 3, 1, 2, 1, 3, 1, 1, -13 ] ], 
              [ [ 1, 2, 2, 2, 0, 2, 0, 2, 2, 2, 4, 2, 2, 1, 3, 3, 1, -14 ], [ 1, 2, 2, 2, 4, 2, 4, 2, 2, 2, 0, 2, 2, 3, 1, 1, 3, -16 ] ], 
              [ [ 1, 2, 2, 3, 1, 2, 1, 1, 2, 2, 2, 3, 2, 2, 1, 4, 1, -14 ], [ 1, 2, 2, 1, 3, 2, 3, 3, 2, 2, 2, 1, 2, 2, 3, 0, 3, -16 ] ], 
              [ [ 1, 2, 2, 1, 1, 2, 1, 3, 2, 2, 4, 1, 2, 1, 4, 1, 2, -15 ], [ 1, 2, 2, 3, 3, 2, 3, 1, 2, 2, 0, 3, 2, 3, 0, 3, 2, -15 ] ], 
              [ [ 1, 1, 0, 1, 1, 1, 1, 3, 2, 2, 4, 1, 3, 1, 3, 1, 2, -14 ], [ 1, 3, 4, 3, 3, 3, 3, 1, 2, 2, 0, 3, 1, 3, 1, 3, 2, -16 ] ], 
              [ [ 1, 3, 4, 2, 2, 3, 2, 2, 2, 2, 2, 2, 1, 2, 3, 2, 2, -16 ], [ 1, 1, 0, 2, 2, 1, 2, 2, 2, 2, 2, 2, 3, 2, 1, 2, 2, -14 ] ], 
              [ [ 1, 3, 3, 1, 2, 1, 3, 3, 2, 2, 2, 2, 3, 3, 3, 3, 3, -18 ], [ 1, 1, 1, 3, 2, 3, 1, 1, 2, 2, 2, 2, 1, 1, 1, 1, 1, -12 ] ], 
              [ [ 1, 2, 1, 4, 3, 1, 0, 3, 2, 1, 2, 2, 1, 2, 2, 3, 2, -16 ], [ 1, 2, 3, 0, 1, 3, 4, 1, 2, 3, 2, 2, 3, 2, 2, 1, 2, -14 ] ] ],
          slins := [  ] ), 
      [ [ [ -29785918, -18891386, -24466802, -48539930, -11713854, -2847210, -9763830, -49363882, -26151330, -30632702, -16936786, -20374502, -32276038, 
                  -14126198, -11265258, -1249662, -38968350, -49661424 ], [ -18891386, -11981678, -15517823, -30785969, -7429395, -1805817, -6192613, 
                  -31308553, -16586217, -19428491, -10741993, -12922327, -20470753, -8959403, -7144877, -792585, -24715293, -31497264 ], 
              [ -24466802, -15517823, -20097598, -39871825, -9622025, -2338763, -8020237, -40548637, -21481301, -25162413, -13912273, -16736089, 
                  -26512281, -11603589, -9253539, -1026497, -32009509, -40793040 ], [ -48539930, -30785969, -39871825, -79102118, -19089237, -4639899, 
                  -15911431, -80444853, -42616971, -49919969, -27600701, -33202897, -52597983, -23020477, -18358193, -2036481, -63503991, -80929728 ], 
              [ -11713854, -7429395, -9622025, -19089237, -4606698, -1119723, -3839811, -19413273, -10284501, -12046887, -6660711, -8012655, -12693157, 
                  -5555391, -4430277, -491457, -15325035, -19530288 ], [ -2847210, -1805817, -2338763, -4639899, -1119723, -272166, -933319, -4718661, 
                  -2499789, -2928161, -1618977, -1947585, -3085245, -1350313, -1076841, -119457, -3724959, -4747104 ], 
              [ -9763830, -6192613, -8020237, -15911431, -3839811, -933319, -3200594, -16181523, -8572425, -10041427, -5551895, -6678779, -10580111, 
                  -4630579, -3692761, -409641, -12773859, -16279056 ], [ -49363882, -31308553, -40548637, -80444853, -19413273, -4718661, -16181523, 
                  -81810382, -43340383, -50767347, -28069215, -33766507, -53490819, -23411243, -18669819, -2071051, -64581953, -82303488 ], 
              [ -26151330, -16586217, -21481301, -42616971, -10284501, -2499789, -8572425, -43340383, -22960278, -26894829, -14870123, -17888357, 
                  -28337635, -12402487, -9890643, -1097175, -34213341, -43601616 ], [ -30632702, -19428491, -25162413, -49919969, -12046887, -2928161, 
                  -10041427, -50767347, -26894829, -31503626, -17418323, -20953771, -33193671, -14527823, -11585537, -1285189, -40076265, -51073344 ], 
              [ -16936786, -10741993, -13912273, -27600701, -6660711, -1618977, -5551895, -28069215, -14870123, -17418323, -9630574, -11585319, -18352747, 
                  -8032419, -6405631, -710579, -22158127, -28238400 ], [ -20374502, -12922327, -16736089, -33202897, -8012655, -1947585, -6678779, 
                  -33766507, -17888357, -20953771, -11585319, -13936826, -22077859, -9662783, -7705801, -854807, -26655627, -33970032 ], 
              [ -32276038, -20470753, -26512281, -52597983, -12693157, -3085245, -10580111, -53490819, -28337635, -33193671, -18352747, -22077859, 
                  -34974386, -15307183, -12207057, -1354135, -42226199, -53813232 ], [ -14126198, -8959403, -11603589, -23020477, -5555391, -1350313, 
                  -4630579, -23411243, -12402487, -14527823, -8032419, -9662783, -15307183, -6699474, -5342641, -592659, -18481077, -23552352 ], 
              [ -11265258, -7144877, -9253539, -18358193, -4430277, -1076841, -3692761, -18669819, -9890643, -11585537, -6405631, -7705801, -12207057, 
                  -5342641, -4260614, -472635, -14738145, -18782352 ], [ -1249662, -792585, -1026497, -2036481, -491457, -119457, -409641, -2071051, 
                  -1097175, -1285189, -710579, -854807, -1354135, -592659, -472635, -52434, -1634907, -2083536 ], 
              [ -38968350, -24715293, -32009509, -63503991, -15325035, -3724959, -12773859, -64581953, -34213341, -40076265, -22158127, -26655627, 
                  -42226199, -18481077, -14738145, -1634907, -50981658, -64971216 ], [ -49661424, -31497264, -40793040, -80929728, -19530288, -4747104, 
                  -16279056, -82303488, -43601616, -51073344, -28238400, -33970032, -53813232, -23552352, -18782352, -2083536, -64971216, -82799568 ] ], 
          [ 1, 2, 2, 2, 2, 2, 2, 2, 2, 2, 2, 2, 2, 2, 2, 2, 2, -15 ] ] ], [ rec(
          nopss := [ 0, 635 ],
          scons := [ [ [ 1, 2, 2, 2, 2, 1, 3, 2, 3, 3, 2, 1, 1, 2, 1, 4, 3, -17 ], [ 1, 2, 2, 2, 2, 3, 1, 2, 1, 1, 2, 3, 3, 2, 3, 0, 1, -17 ] ], 
              [ [ 1, 1, 1, 2, 1, 1, 1, 1, 2, 3, 1, 0, 3, 3, 2, 1, 1, -14 ], [ 1, 3, 3, 2, 3, 3, 3, 3, 2, 1, 3, 4, 1, 1, 2, 3, 3, -20 ] ], 
              [ [ 1, 0, 2, 1, 3, 1, 3, 2, 3, 3, 2, 1, 2, 2, 1, 2, 2, -16 ], [ 1, 4, 2, 3, 1, 3, 1, 2, 1, 1, 2, 3, 2, 2, 3, 2, 2, -18 ] ], 
              [ [ 1, 0, 2, 4, 2, 2, 1, 1, 3, 3, 1, 1, 3, 3, 1, 1, 1, -16 ], [ 1, 4, 2, 0, 2, 2, 3, 3, 1, 1, 3, 3, 1, 1, 3, 3, 3, -18 ] ], 
              [ [ 1, 1, 2, 2, 1, 2, 1, 2, 2, 3, 1, 0, 3, 3, 2, 1, 2, -16 ], [ 1, 3, 2, 2, 3, 2, 3, 2, 2, 1, 3, 4, 1, 1, 2, 3, 2, -18 ] ], 
              [ [ 1, 1, 2, 2, 2, 1, 1, 3, 3, 3, 2, 1, 2, 4, 0, 1, 2, -17 ], [ 1, 3, 2, 2, 2, 3, 3, 1, 1, 1, 2, 3, 2, 0, 4, 3, 2, -17 ] ], 
              [ [ 1, 1, 1, 2, 0, 2, 1, 2, 3, 2, 2, 1, 3, 3, 2, 2, 1, -17 ], [ 1, 3, 3, 2, 4, 2, 3, 2, 1, 2, 2, 3, 1, 1, 2, 2, 3, -17 ] ], 
              [ [ 1, 1, 2, 2, 3, 0, 2, 2, 2, 3, 1, 1, 2, 3, 1, 1, 2, -15 ], [ 1, 3, 2, 2, 1, 4, 2, 2, 2, 1, 3, 3, 2, 1, 3, 3, 2, -19 ] ], 
              [ [ 1, 2, 3, 2, 1, 2, 3, 1, 3, 4, 2, 1, 2, 2, 1, 2, 2, -16 ], [ 1, 2, 1, 2, 3, 2, 1, 3, 1, 0, 2, 3, 2, 2, 3, 2, 2, -18 ] ], 
              [ [ 1, 1, 3, 0, 1, 1, 2, 2, 2, 2, 2, 2, 2, 2, 0, 2, 2, -14 ], [ 1, 3, 1, 4, 3, 3, 2, 2, 2, 2, 2, 2, 2, 2, 4, 2, 2, -20 ] ], 
              [ [ 1, 0, 2, 3, 4, 1, 2, 3, 4, 3, 3, 2, 2, 4, 1, 1, 2, -21 ], [ 1, 4, 2, 1, 0, 3, 2, 1, 0, 1, 1, 2, 2, 0, 3, 3, 2, -13 ] ], 
              [ [ 1, 1, 3, 3, 3, 2, 2, 1, 2, 4, 1, 0, 2, 3, 2, 0, 2, -16 ], [ 1, 3, 1, 1, 1, 2, 2, 3, 2, 0, 3, 4, 2, 1, 2, 4, 2, -18 ] ], 
              [ [ 1, 0, 1, 2, 2, 1, 2, 3, 3, 2, 1, 1, 2, 3, 1, 2, 2, -16 ], [ 1, 4, 3, 2, 2, 3, 2, 1, 1, 2, 3, 3, 2, 1, 3, 2, 2, -18 ] ], 
              [ [ 1, 0, 3, 2, 2, 3, 1, 3, 3, 3, 2, 1, 2, 2, 1, 2, 2, -18 ], [ 1, 4, 1, 2, 2, 1, 3, 1, 1, 1, 2, 3, 2, 2, 3, 2, 2, -16 ] ], 
              [ [ 1, 1, 1, 1, 1, 1, 1, 3, 3, 3, 1, 1, 1, 3, 1, 3, 1, -15 ], [ 1, 3, 3, 3, 3, 3, 3, 1, 1, 1, 3, 3, 3, 1, 3, 1, 3, -19 ] ], 
              [ [ 1, 2, 3, 2, 2, 2, 2, 2, 2, 2, 4, 2, 3, 3, 0, 3, 4, -20 ], [ 1, 2, 1, 2, 2, 2, 2, 2, 2, 2, 0, 2, 1, 1, 4, 1, 0, -14 ] ], 
              [ [ 1, 3, 3, 2, 3, 1, 4, 1, 2, 3, 4, 1, 1, 3, 1, 3, 3, -19 ], [ 1, 1, 1, 2, 1, 3, 0, 3, 2, 1, 0, 3, 3, 1, 3, 1, 1, -15 ] ], 
              [ [ 1, 2, 2, 3, 2, 2, 0, 2, 1, 2, 3, 0, 2, 4, 2, 2, 2, -19 ], [ 1, 2, 2, 1, 2, 2, 4, 2, 3, 2, 1, 4, 2, 0, 2, 2, 2, -15 ] ], 
              [ [ 1, 2, 2, 2, 2, 1, 2, 3, 2, 2, 3, 1, 1, 3, 0, 4, 3, -18 ], [ 1, 2, 2, 2, 2, 3, 2, 1, 2, 2, 1, 3, 3, 1, 4, 0, 1, -16 ] ], 
              [ [ 1, 2, 2, 1, 2, 1, 2, 3, 1, 1, 3, 2, 2, 2, 1, 4, 4, -18 ], [ 1, 2, 2, 3, 2, 3, 2, 1, 3, 3, 1, 2, 2, 2, 3, 0, 0, -16 ] ], 
              [ [ 1, 1, 2, 2, 1, 3, 3, 1, 2, 3, 2, 0, 4, 2, 1, 2, 3, -16 ], [ 1, 3, 2, 2, 3, 1, 1, 3, 2, 1, 2, 4, 0, 2, 3, 2, 1, -18 ] ], 
              [ [ 1, 1, 2, 2, 3, 1, 4, 1, 2, 3, 2, 1, 3, 2, 0, 2, 3, -15 ], [ 1, 3, 2, 2, 1, 3, 0, 3, 2, 1, 2, 3, 1, 2, 4, 2, 1, -19 ] ], 
              [ [ 1, 1, 1, 2, 1, 2, 2, 1, 2, 2, 3, 0, 3, 4, 2, 1, 1, -17 ], [ 1, 3, 3, 2, 3, 2, 2, 3, 2, 2, 1, 4, 1, 0, 2, 3, 3, -17 ] ], 
              [ [ 1, 0, 1, 3, 2, 2, 0, 2, 1, 2, 1, 0, 4, 3, 1, 1, 2, -15 ], [ 1, 4, 3, 1, 2, 2, 4, 2, 3, 2, 3, 4, 0, 1, 3, 3, 2, -19 ] ], 
              [ [ 1, 1, 2, 3, 1, 3, 2, 0, 1, 3, 1, 0, 4, 1, 2, 2, 2, -14 ], [ 1, 3, 2, 1, 3, 1, 2, 4, 3, 1, 3, 4, 0, 3, 2, 2, 2, -20 ] ], 
              [ [ 1, 2, 2, 1, 1, 2, 2, 2, 1, 3, 2, 0, 3, 2, 1, 2, 3, -15 ], [ 1, 2, 2, 3, 3, 2, 2, 2, 3, 1, 2, 4, 1, 2, 3, 2, 1, -19 ] ], 
              [ [ 1, 0, 0, 3, 2, 2, 1, 3, 3, 2, 3, 0, 3, 4, 2, 2, 1, -20 ], [ 1, 4, 4, 1, 2, 2, 3, 1, 1, 2, 1, 4, 1, 0, 2, 2, 3, -14 ] ], 
              [ [ 1, 1, 1, 3, 3, 1, 2, 2, 1, 3, 1, 0, 3, 3, 2, 1, 3, -16 ], [ 1, 3, 3, 1, 1, 3, 2, 2, 3, 1, 3, 4, 1, 1, 2, 3, 1, -18 ] ], 
              [ [ 1, 1, 1, 3, 1, 3, 1, 1, 1, 3, 1, -2, 3, 3, 3, 1, 1, -15 ], [ 1, 3, 3, 1, 3, 1, 3, 3, 3, 1, 3, 6, 1, 1, 1, 3, 3, -19 ] ], 
              [ [ 1, 1, 1, 3, 2, 2, 2, 1, 2, 4, 1, 0, 3, 3, 2, 2, 2, -16 ], [ 1, 3, 3, 1, 2, 2, 2, 3, 2, 0, 3, 4, 1, 1, 2, 2, 2, -18 ] ], 
              [ [ 1, 1, 1, 3, 3, 1, 2, 2, 3, 4, 2, 1, 2, 4, 0, 2, 2, -17 ], [ 1, 3, 3, 1, 1, 3, 2, 2, 1, 0, 2, 3, 2, 0, 4, 2, 2, -17 ] ], 
              [ [ 1, 1, 0, 3, 1, 2, 2, 1, 3, 3, 2, 1, 3, 3, 2, 3, 1, -17 ], [ 1, 3, 4, 1, 3, 2, 2, 3, 1, 1, 2, 3, 1, 1, 2, 1, 3, -17 ] ], 
              [ [ 1, 1, 2, 1, 1, 2, 2, 2, 1, 2, 2, 1, 3, 2, 1, 2, 3, -15 ], [ 1, 3, 2, 3, 3, 2, 2, 2, 3, 2, 2, 3, 1, 2, 3, 2, 1, -19 ] ], 
              [ [ 1, 1, 2, 3, 3, 2, 3, 2, 3, 4, 3, 0, 2, 3, 1, 2, 2, -19 ], [ 1, 3, 2, 1, 1, 2, 1, 2, 1, 0, 1, 4, 2, 1, 3, 2, 2, -15 ] ], 
              [ [ 1, 1, 2, 2, 3, 2, 3, 2, 2, 3, 3, 1, 3, 2, 2, 2, 3, -19 ], [ 1, 3, 2, 2, 1, 2, 1, 2, 2, 1, 1, 3, 1, 2, 2, 2, 1, -15 ] ], 
              [ [ 1, 0, 2, 1, 3, 1, 2, 3, 2, 2, 3, 1, 2, 3, 0, 2, 2, -17 ], [ 1, 4, 2, 3, 1, 3, 2, 1, 2, 2, 1, 3, 2, 1, 4, 2, 2, -17 ] ], 
              [ [ 1, 1, 2, 1, 1, 2, 2, 1, 1, 2, 2, 0, 2, 2, 1, 2, 1, -13 ], [ 1, 3, 2, 3, 3, 2, 2, 3, 3, 2, 2, 4, 2, 2, 3, 2, 3, -21 ] ], 
              [ [ 1, 1, 2, 1, 2, 1, 3, 1, 2, 3, 2, 2, 2, 2, 0, 3, 2, -14 ], [ 1, 3, 2, 3, 2, 3, 1, 3, 2, 1, 2, 2, 2, 2, 4, 1, 2, -20 ] ], 
              [ [ 1, 1, 1, 1, 1, 2, 3, 2, 1, 2, 1, 0, 3, 1, 2, 3, 3, -14 ], [ 1, 3, 3, 3, 3, 2, 1, 2, 3, 2, 3, 4, 1, 3, 2, 1, 1, -20 ] ], 
              [ [ 1, 1, 1, 1, 1, 2, 3, 2, 3, 3, 2, 1, 2, 2, 0, 4, 2, -15 ], [ 1, 3, 3, 3, 3, 2, 1, 2, 1, 1, 2, 3, 2, 2, 4, 0, 2, -19 ] ], 
              [ [ 1, 0, 0, 3, 3, 1, 3, 2, 3, 3, 1, 1, 2, 3, 1, 3, 2, -16 ], [ 1, 4, 4, 1, 1, 3, 1, 2, 1, 1, 3, 3, 2, 1, 3, 1, 2, -18 ] ], 
              [ [ 1, 0, 3, 2, 3, 3, 2, 2, 2, 3, 3, 0, 2, 3, 1, 1, 2, -18 ], [ 1, 4, 1, 2, 1, 1, 2, 2, 2, 1, 1, 4, 2, 1, 3, 3, 2, -16 ] ], 
              [ [ 1, 1, 1, 1, 2, 1, 2, 2, 2, 3, 2, 0, 1, 4, 1, 2, 1, -15 ], [ 1, 3, 3, 3, 2, 3, 2, 2, 2, 1, 2, 4, 3, 0, 3, 2, 3, -19 ] ], 
              [ [ 1, 0, 1, 2, 2, 2, 1, 4, 2, 2, 2, 1, 3, 2, 1, 3, 3, -18 ], [ 1, 4, 3, 2, 2, 2, 3, 0, 2, 2, 2, 3, 1, 2, 3, 1, 1, -16 ] ], 
              [ [ 1, 0, 2, 3, 3, 3, 2, 2, 3, 4, 2, 1, 2, 2, 1, 3, 2, -18 ], [ 1, 4, 2, 1, 1, 1, 2, 2, 1, 0, 2, 3, 2, 2, 3, 1, 2, -16 ] ], 
              [ [ 1, 1, 0, 2, 1, 2, 1, 3, 2, 3, 1, 0, 2, 3, 2, 3, 2, -16 ], [ 1, 3, 4, 2, 3, 2, 3, 1, 2, 1, 3, 4, 2, 1, 2, 1, 2, -18 ] ], 
              [ [ 1, 1, 2, 2, 3, 1, 3, 2, 2, 2, 3, 1, 2, 4, 1, 1, 2, -18 ], [ 1, 3, 2, 2, 1, 3, 1, 2, 2, 2, 1, 3, 2, 0, 3, 3, 2, -16 ] ], 
              [ [ 1, 2, 2, 2, 2, 1, 4, 0, 2, 3, 2, 2, 2, 3, 1, 2, 2, -15 ], [ 1, 2, 2, 2, 2, 3, 0, 4, 2, 1, 2, 2, 2, 1, 3, 2, 2, -19 ] ], 
              [ [ 1, 1, 2, 3, 1, 3, 1, 1, 1, 3, 0, 1, 4, 2, 1, 2, 3, -14 ], [ 1, 3, 2, 1, 3, 1, 3, 3, 3, 1, 4, 3, 0, 2, 3, 2, 1, -20 ] ], 
              [ [ 1, 1, 3, 3, 2, 3, 2, 2, 2, 3, 2, 1, 3, 2, 0, 2, 3, -17 ], [ 1, 3, 1, 1, 2, 1, 2, 2, 2, 1, 2, 3, 1, 2, 4, 2, 1, -17 ] ], 
              [ [ 1, 2, 1, 2, 1, 1, 2, 2, 2, 3, 1, 1, 2, 3, 0, 3, 2, -14 ], [ 1, 2, 3, 2, 3, 3, 2, 2, 2, 1, 3, 3, 2, 1, 4, 1, 2, -20 ] ], 
              [ [ 1, 2, 3, 1, 1, 2, 2, 2, 1, 2, 3, 2, 3, 2, 1, 2, 3, -17 ], [ 1, 2, 1, 3, 3, 2, 2, 2, 3, 2, 1, 2, 1, 2, 3, 2, 1, -17 ] ], 
              [ [ 1, 1, 1, 3, 1, 2, 0, 1, 1, 2, 1, 1, 3, 4, 2, 1, 1, -15 ], [ 1, 3, 3, 1, 3, 2, 4, 3, 3, 2, 3, 3, 1, 0, 2, 3, 3, -19 ] ], 
              [ [ 1, 1, 3, 3, 3, 2, 1, 2, 1, 3, 2, 0, 2, 4, 1, 0, 2, -17 ], [ 1, 3, 1, 1, 1, 2, 3, 2, 3, 1, 2, 4, 2, 0, 3, 4, 2, -17 ] ], 
              [ [ 1, 1, 3, 2, 3, 2, 1, 2, 0, 2, 2, 1, 3, 3, 2, 0, 3, -17 ], [ 1, 3, 1, 2, 1, 2, 3, 2, 4, 2, 2, 3, 1, 1, 2, 4, 1, -17 ] ], 
              [ [ 1, 1, 2, 3, 1, 3, 1, 1, 1, 2, 2, 0, 3, 3, 3, 1, 1, -17 ], [ 1, 3, 2, 1, 3, 1, 3, 3, 3, 2, 2, 4, 1, 1, 1, 3, 3, -17 ] ], 
              [ [ 1, 1, 2, 3, 2, 2, 1, 2, 2, 2, 3, 1, 2, 4, 1, 1, 1, -18 ], [ 1, 3, 2, 1, 2, 2, 3, 2, 2, 2, 1, 3, 2, 0, 3, 3, 3, -16 ] ], 
              [ [ 1, 1, 2, 3, 3, 1, 2, 2, 3, 3, 3, 3, 2, 4, 0, 2, 2, -19 ], [ 1, 3, 2, 1, 1, 3, 2, 2, 1, 1, 1, 1, 2, 0, 4, 2, 2, -15 ] ], 
              [ [ 1, 1, 3, 2, 2, 3, 1, 1, 1, 3, 2, 1, 3, 3, 2, 1, 2, -17 ], [ 1, 3, 1, 2, 2, 1, 3, 3, 3, 1, 2, 3, 1, 1, 2, 3, 2, -17 ] ], 
              [ [ 1, 1, 3, 2, 3, 2, 1, 2, 2, 3, 3, 2, 2, 4, 0, 1, 2, -18 ], [ 1, 3, 1, 2, 1, 2, 3, 2, 2, 1, 1, 2, 2, 0, 4, 3, 2, -16 ] ], 
              [ [ 1, 1, 2, 3, 1, 3, 1, 1, 3, 3, 3, 1, 2, 4, 1, 2, 0, -18 ], [ 1, 3, 2, 1, 3, 1, 3, 3, 1, 1, 1, 3, 2, 0, 3, 2, 4, -16 ] ], 
              [ [ 1, 2, 3, 3, 2, 2, 2, 0, 1, 4, 1, 1, 2, 3, 1, 1, 2, -14 ], [ 1, 2, 1, 1, 2, 2, 2, 4, 3, 0, 3, 3, 2, 1, 3, 3, 2, -20 ] ], 
              [ [ 1, 1, 1, 3, 2, 2, 2, 3, 2, 2, 2, 1, 3, 3, 2, 2, 3, -19 ], [ 1, 3, 3, 1, 2, 2, 2, 1, 2, 2, 2, 3, 1, 1, 2, 2, 1, -15 ] ], 
              [ [ 1, 1, 2, 3, 3, 2, 2, 3, 3, 4, 2, 1, 2, 4, 0, 2, 3, -19 ], [ 1, 3, 2, 1, 1, 2, 2, 1, 1, 0, 2, 3, 2, 0, 4, 2, 1, -15 ] ], 
              [ [ 1, 1, 2, 2, 3, 2, 2, 3, 2, 3, 2, 2, 3, 3, 1, 2, 4, -19 ], [ 1, 3, 2, 2, 1, 2, 2, 1, 2, 1, 2, 2, 1, 1, 3, 2, 0, -15 ] ], 
              [ [ 1, 1, 1, 3, 1, 3, 2, 2, 3, 3, 2, 1, 3, 3, 2, 3, 2, -19 ], [ 1, 3, 3, 1, 3, 1, 2, 2, 1, 1, 2, 3, 1, 1, 2, 1, 2, -15 ] ], 
              [ [ 1, 1, 1, 3, 2, 2, 2, 3, 4, 3, 3, 2, 2, 4, 0, 3, 2, -20 ], [ 1, 3, 3, 1, 2, 2, 2, 1, 0, 1, 1, 2, 2, 0, 4, 1, 2, -14 ] ], 
              [ [ 1, 1, 1, 2, 1, 1, 2, 2, 2, 2, 1, 2, 2, 3, 0, 3, 2, -14 ], [ 1, 3, 3, 2, 3, 3, 2, 2, 2, 2, 3, 2, 2, 1, 4, 1, 2, -20 ] ], 
              [ [ 1, 1, 1, 3, 3, 1, 3, 2, 3, 3, 2, 2, 2, 3, 1, 3, 2, -18 ], [ 1, 3, 3, 1, 1, 3, 1, 2, 1, 1, 2, 2, 2, 1, 3, 1, 2, -16 ] ], 
              [ [ 1, 2, 2, 3, 1, 3, 2, 1, 2, 4, 1, 0, 2, 3, 1, 2, 2, -15 ], [ 1, 2, 2, 1, 3, 1, 2, 3, 2, 0, 3, 4, 2, 1, 3, 2, 2, -19 ] ], 
              [ [ 1, 1, 2, 1, 1, 2, 1, 2, 1, 2, 1, 1, 2, 3, 0, 2, 2, -13 ], [ 1, 3, 2, 3, 3, 2, 3, 2, 3, 2, 3, 3, 2, 1, 4, 2, 2, -21 ] ], 
              [ [ 1, 2, 2, 3, 2, 2, 3, 0, 1, 4, 0, 0, 2, 2, 2, 2, 2, -13 ], [ 1, 2, 2, 1, 2, 2, 1, 4, 3, 0, 4, 4, 2, 2, 2, 2, 2, -21 ] ], 
              [ [ 1, 1, 4, 2, 3, 3, 2, 2, 2, 3, 4, 1, 2, 3, 1, 1, 2, -20 ], [ 1, 3, 0, 2, 1, 1, 2, 2, 2, 1, 0, 3, 2, 1, 3, 3, 2, -14 ] ], 
              [ [ 1, 2, 4, 2, 2, 3, 3, 0, 2, 4, 3, 2, 2, 2, 1, 2, 2, -17 ], [ 1, 2, 0, 2, 2, 1, 1, 4, 2, 0, 1, 2, 2, 2, 3, 2, 2, -17 ] ], 
              [ [ 1, 1, 3, 1, 3, 1, 3, 3, 1, 2, 2, 2, 2, 2, 0, 2, 4, -16 ], [ 1, 3, 1, 3, 1, 3, 1, 1, 3, 2, 2, 2, 2, 2, 4, 2, 0, -18 ] ], 
              [ [ 1, 1, 3, 1, 1, 3, 2, 2, 1, 2, 2, 0, 2, 2, 1, 2, 2, -15 ], [ 1, 3, 1, 3, 3, 1, 2, 2, 3, 2, 2, 4, 2, 2, 3, 2, 2, -19 ] ], 
              [ [ 1, 1, 3, 1, 2, 2, 3, 2, 2, 3, 2, 2, 2, 2, 0, 3, 3, -16 ], [ 1, 3, 1, 3, 2, 2, 1, 2, 2, 1, 2, 2, 2, 2, 4, 1, 1, -18 ] ], 
              [ [ 1, 1, 3, 1, 3, 1, 3, 3, 3, 3, 3, 3, 1, 3, -2, 3, 3, -17 ], [ 1, 3, 1, 3, 1, 3, 1, 1, 1, 1, 1, 1, 3, 1, 6, 1, 1, -17 ] ], 
              [ [ 1, 1, 2, 1, 1, 2, 3, 2, 3, 2, 3, 3, 2, 2, 0, 4, 2, -17 ], [ 1, 3, 2, 3, 3, 2, 1, 2, 1, 2, 1, 1, 2, 2, 4, 0, 2, -17 ] ], 
              [ [ 1, 2, 3, 1, 0, 3, 3, 0, 1, 3, 1, 1, 2, 1, 1, 3, 2, -12 ], [ 1, 2, 1, 3, 4, 1, 1, 4, 3, 1, 3, 3, 2, 3, 3, 1, 2, -22 ] ], 
              [ [ 1, 1, 2, 4, 3, 3, 3, 1, 3, 4, 2, 1, 2, 3, 2, 2, 2, -19 ], [ 1, 3, 2, 0, 1, 1, 1, 3, 1, 0, 2, 3, 2, 1, 2, 2, 2, -15 ] ], 
              [ [ 1, 0, 2, 3, 3, 2, 2, 2, 3, 3, 2, 1, 1, 4, 0, 2, 1, -17 ], [ 1, 4, 2, 1, 1, 2, 2, 2, 1, 1, 2, 3, 3, 0, 4, 2, 3, -17 ] ], 
              [ [ 1, 0, 2, 2, 3, 2, 2, 2, 2, 2, 2, 2, 2, 3, 1, 2, 2, -17 ], [ 1, 4, 2, 2, 1, 2, 2, 2, 2, 2, 2, 2, 2, 1, 3, 2, 2, -17 ] ], 
              [ [ 1, 1, 4, 2, 4, 2, 4, 1, 2, 4, 2, 2, 1, 2, 0, 2, 3, -16 ], [ 1, 3, 0, 2, 0, 2, 0, 3, 2, 0, 2, 2, 3, 2, 4, 2, 1, -18 ] ], 
              [ [ 1, 2, 2, 1, 1, 2, 1, 3, 1, 2, 3, 0, 2, 4, 2, 1, 2, -18 ], [ 1, 2, 2, 3, 3, 2, 3, 1, 3, 2, 1, 4, 2, 0, 2, 3, 2, -16 ] ], 
              [ [ 1, 2, 2, 1, 2, 1, 2, 3, 2, 3, 3, 2, 2, 4, 1, 2, 3, -19 ], [ 1, 2, 2, 3, 2, 3, 2, 1, 2, 1, 1, 2, 2, 0, 3, 2, 1, -15 ] ], 
              [ [ 1, 3, 2, 1, 0, 2, 2, 1, 1, 3, 2, 1, 2, 3, 2, 2, 2, -15 ], [ 1, 1, 2, 3, 4, 2, 2, 3, 3, 1, 2, 3, 2, 1, 2, 2, 2, -19 ] ], 
              [ [ 1, 2, 2, 1, 2, 1, 2, 2, 2, 3, 3, 1, 1, 4, 1, 2, 1, -17 ], [ 1, 2, 2, 3, 2, 3, 2, 2, 2, 1, 1, 3, 3, 0, 3, 2, 3, -17 ] ], 
              [ [ 1, 1, 1, 3, 3, 1, 1, 3, 3, 3, 3, 1, 1, 6, 1, 1, 1, -20 ], [ 1, 3, 3, 1, 1, 3, 3, 1, 1, 1, 1, 3, 3, -2, 3, 3, 3, -14 ] ], 
              [ [ 1, 2, 3, 2, 4, 1, 3, 2, 2, 4, 3, 2, 1, 4, 1, 1, 3, -19 ], [ 1, 2, 1, 2, 0, 3, 1, 2, 2, 0, 1, 2, 3, 0, 3, 3, 1, -15 ] ], 
              [ [ 1, 2, 2, 3, 2, 2, 3, 1, 3, 4, 3, 1, 1, 4, 2, 2, 1, -19 ], [ 1, 2, 2, 1, 2, 2, 1, 3, 1, 0, 1, 3, 3, 0, 2, 2, 3, -15 ] ], 
              [ [ 1, 1, 2, 1, 2, 1, 2, 2, 2, 2, 3, 2, 1, 4, 1, 2, 1, -17 ], [ 1, 3, 2, 3, 2, 3, 2, 2, 2, 2, 1, 2, 3, 0, 3, 2, 3, -17 ] ], 
              [ [ 1, 2, 3, 2, 2, 3, 2, 1, 2, 4, 3, 0, 1, 4, 2, 1, 1, -18 ], [ 1, 2, 1, 2, 2, 1, 2, 3, 2, 0, 1, 4, 3, 0, 2, 3, 3, -16 ] ], 
              [ [ 1, 1, 1, 1, 3, 0, 3, 4, 3, 2, 3, 3, 1, 4, 0, 3, 3, -19 ], [ 1, 3, 3, 3, 1, 4, 1, 0, 1, 2, 1, 1, 3, 0, 4, 1, 1, -15 ] ], 
              [ [ 1, 1, 1, 1, 1, 2, 2, 3, 3, 2, 3, 1, 1, 4, 1, 3, 1, -18 ], [ 1, 3, 3, 3, 3, 2, 2, 1, 1, 2, 1, 3, 3, 0, 3, 1, 3, -16 ] ], 
              [ [ 1, 2, 2, 1, 2, 1, 3, 2, 1, 3, 1, 1, 1, 3, 1, 2, 3, -14 ], [ 1, 2, 2, 3, 2, 3, 1, 2, 3, 1, 3, 3, 3, 1, 3, 2, 1, -20 ] ], 
              [ [ 1, 2, 3, 1, 2, 2, 4, 2, 3, 4, 3, 1, 0, 3, 0, 3, 2, -17 ], [ 1, 2, 1, 3, 2, 2, 0, 2, 1, 0, 1, 3, 4, 1, 4, 1, 2, -17 ] ], 
              [ [ 1, 2, 3, 0, 2, 2, 4, 2, 2, 3, 3, 2, 1, 2, 1, 3, 3, -17 ], [ 1, 2, 1, 4, 2, 2, 0, 2, 2, 1, 1, 2, 3, 2, 3, 1, 1, -17 ] ], 
              [ [ 1, 1, 2, 4, 3, 2, 1, 2, 2, 4, 1, 1, 2, 3, 1, 2, 2, -17 ], [ 1, 3, 2, 0, 1, 2, 3, 2, 2, 0, 3, 3, 2, 1, 3, 2, 2, -17 ] ], 
              [ [ 1, 1, 3, 2, 1, 3, 1, 2, 2, 3, 2, 2, 2, 2, 0, 3, 2, -16 ], [ 1, 3, 1, 2, 3, 1, 3, 2, 2, 1, 2, 2, 2, 2, 4, 1, 2, -18 ] ], 
              [ [ 1, 1, 2, 2, 1, 3, 2, 2, 2, 3, 1, 1, 2, 1, 1, 4, 2, -15 ], [ 1, 3, 2, 2, 3, 1, 2, 2, 2, 1, 3, 3, 2, 3, 3, 0, 2, -19 ] ], 
              [ [ 1, 0, 3, 3, 3, 3, 0, 2, 1, 3, 1, 1, 2, 3, 1, 1, 2, -16 ], [ 1, 4, 1, 1, 1, 1, 4, 2, 3, 1, 3, 3, 2, 1, 3, 3, 2, -18 ] ], 
              [ [ 1, 0, 1, 4, 2, 3, 1, 3, 3, 3, 1, 1, 2, 3, 1, 3, 2, -18 ], [ 1, 4, 3, 0, 2, 1, 3, 1, 1, 1, 3, 3, 2, 1, 3, 1, 2, -16 ] ], 
              [ [ 1, 2, 1, 2, 1, 2, 1, 3, 2, 3, 2, 1, 2, 3, 2, 3, 2, -18 ], [ 1, 2, 3, 2, 3, 2, 3, 1, 2, 1, 2, 3, 2, 1, 2, 1, 2, -16 ] ], 
              [ [ 1, 2, 3, 0, 2, 1, 2, 3, 1, 3, 2, 2, 1, 2, 0, 3, 3, -15 ], [ 1, 2, 1, 4, 2, 3, 2, 1, 3, 1, 2, 2, 3, 2, 4, 1, 1, -19 ] ], 
              [ [ 1, 1, 2, 2, 3, 1, 1, 4, 2, 3, 2, 2, 1, 4, 0, 2, 3, -18 ], [ 1, 3, 2, 2, 1, 3, 3, 0, 2, 1, 2, 2, 3, 0, 4, 2, 1, -16 ] ], 
              [ [ 1, 1, 1, 2, 1, 2, 1, 3, 2, 2, 2, 2, 2, 3, 2, 3, 2, -18 ], [ 1, 3, 3, 2, 3, 2, 3, 1, 2, 2, 2, 2, 2, 1, 2, 1, 2, -16 ] ], 
              [ [ 1, 1, 2, 2, 1, 3, 0, 3, 2, 3, 2, 0, 1, 4, 1, 2, 1, -17 ], [ 1, 3, 2, 2, 3, 1, 4, 1, 2, 1, 2, 4, 3, 0, 3, 2, 3, -17 ] ], 
              [ [ 1, 1, 2, 1, 1, 3, 0, 3, 1, 2, 2, 1, 2, 3, 2, 2, 2, -17 ], [ 1, 3, 2, 3, 3, 1, 4, 1, 3, 2, 2, 3, 2, 1, 2, 2, 2, -17 ] ], 
              [ [ 1, 1, 2, 2, 2, 2, 1, 2, 1, 3, 1, 0, 1, 3, 2, 2, 1, -15 ], [ 1, 3, 2, 2, 2, 2, 3, 2, 3, 1, 3, 4, 3, 1, 2, 2, 3, -19 ] ], 
              [ [ 1, 1, 2, 2, 3, 1, 1, 3, 2, 3, 2, 1, 0, 4, 0, 2, 1, -16 ], [ 1, 3, 2, 2, 1, 3, 3, 1, 2, 1, 2, 3, 4, 0, 4, 2, 3, -18 ] ], 
              [ [ 1, 1, 1, 2, 1, 2, 1, 2, 2, 2, 2, 1, 1, 3, 2, 3, 0, -16 ], [ 1, 3, 3, 2, 3, 2, 3, 2, 2, 2, 2, 3, 3, 1, 2, 1, 4, -18 ] ], 
              [ [ 1, 1, 1, 2, 3, 1, 2, 4, 2, 3, 1, 1, 1, 3, 1, 3, 3, -17 ], [ 1, 3, 3, 2, 1, 3, 2, 0, 2, 1, 3, 3, 3, 1, 3, 1, 1, -17 ] ], 
              [ [ 1, 1, 3, 1, 3, 2, 2, 4, 3, 3, 4, 3, 1, 3, 0, 3, 3, -21 ], [ 1, 3, 1, 3, 1, 2, 2, 0, 1, 1, 0, 1, 3, 1, 4, 1, 1, -13 ] ], 
              [ [ 1, 2, 4, 1, 2, 3, 2, 2, 1, 4, 2, 1, 1, 2, 1, 2, 3, -16 ], [ 1, 2, 0, 3, 2, 1, 2, 2, 3, 0, 2, 3, 3, 2, 3, 2, 1, -18 ] ], 
              [ [ 1, 2, 3, 2, 2, 2, 3, 1, 2, 4, 2, 1, 0, 2, 1, 3, 1, -15 ], [ 1, 2, 1, 2, 2, 2, 1, 3, 2, 0, 2, 3, 4, 2, 3, 1, 3, -19 ] ], 
              [ [ 1, 1, 2, 0, 1, 2, 2, 4, 2, 2, 2, 2, 1, 2, 0, 4, 3, -16 ], [ 1, 3, 2, 4, 3, 2, 2, 0, 2, 2, 2, 2, 3, 2, 4, 0, 1, -18 ] ], 
              [ [ 1, 0, 2, 3, 3, 3, 1, 3, 3, 3, 3, 1, 1, 4, 2, 2, 1, -21 ], [ 1, 4, 2, 1, 1, 1, 3, 1, 1, 1, 1, 3, 3, 0, 2, 2, 3, -13 ] ], 
              [ [ 1, 2, 3, 3, 1, 3, 2, 1, 2, 3, 2, 2, 2, 3, 1, 2, 2, -17 ], [ 1, 2, 1, 1, 3, 1, 2, 3, 2, 1, 2, 2, 2, 1, 3, 2, 2, -17 ] ], 
              [ [ 1, 3, 3, 1, 2, 1, 3, 2, 1, 3, 2, 2, 1, 3, 1, 2, 3, -16 ], [ 1, 1, 1, 3, 2, 3, 1, 2, 3, 1, 2, 2, 3, 1, 3, 2, 1, -18 ] ], 
              [ [ 1, 2, 3, 2, 2, 2, 2, 2, 2, 4, 1, 2, 0, 3, 0, 3, 2, -15 ], [ 1, 2, 1, 2, 2, 2, 2, 2, 2, 0, 3, 2, 4, 1, 4, 1, 2, -19 ] ], 
              [ [ 1, 0, 1, 3, 2, 2, 3, 1, 3, 4, 1, 1, 3, 3, 1, 1, 1, -15 ], [ 1, 4, 3, 1, 2, 2, 1, 3, 1, 0, 3, 3, 1, 1, 3, 3, 3, -19 ] ], 
              [ [ 1, 0, 2, 2, 2, 3, 2, 1, 2, 4, 1, 0, 3, 3, 1, 0, 1, -14 ], [ 1, 4, 2, 2, 2, 1, 2, 3, 2, 0, 3, 4, 1, 1, 3, 4, 3, -20 ] ], 
              [ [ 1, -2, 1, 3, 3, 3, 1, 3, 3, 3, 1, 1, 3, 3, 1, 1, 1, -17 ], [ 1, 6, 3, 1, 1, 1, 3, 1, 1, 1, 3, 3, 1, 1, 3, 3, 3, -17 ] ], 
              [ [ 1, 0, 2, 1, 2, 3, 3, 3, 3, 4, 2, 1, 2, 2, 1, 2, 2, -17 ], [ 1, 4, 2, 3, 2, 1, 1, 1, 1, 0, 2, 3, 2, 2, 3, 2, 2, -17 ] ], 
              [ [ 1, 0, 3, 2, 2, 3, 2, 1, 2, 3, 2, 2, 3, 3, 1, 0, 1, -16 ], [ 1, 4, 1, 2, 2, 1, 2, 3, 2, 1, 2, 2, 1, 1, 3, 4, 3, -18 ] ], 
              [ [ 1, 0, 3, 3, 2, 4, 1, 1, 1, 4, 0, 0, 3, 2, 2, 0, 1, -14 ], [ 1, 4, 1, 1, 2, 0, 3, 3, 3, 0, 4, 4, 1, 2, 2, 4, 3, -20 ] ], 
              [ [ 1, 1, 2, 2, 2, 2, 2, 3, 2, 4, 1, 1, 2, 3, 1, 1, 2, -16 ], [ 1, 3, 2, 2, 2, 2, 2, 1, 2, 0, 3, 3, 2, 1, 3, 3, 2, -18 ] ], 
              [ [ 1, 0, 1, 3, 2, 3, 1, 2, 3, 4, 1, 1, 2, 4, 2, 1, 0, -17 ], [ 1, 4, 3, 1, 2, 1, 3, 2, 1, 0, 3, 3, 2, 0, 2, 3, 4, -17 ] ], 
              [ [ 1, 0, 3, 1, 2, 3, 1, 3, 1, 3, 1, 1, 2, 3, 1, 0, 2, -15 ], [ 1, 4, 1, 3, 2, 1, 3, 1, 3, 1, 3, 3, 2, 1, 3, 4, 2, -19 ] ], 
              [ [ 1, 0, 2, 2, 2, 2, 2, 2, 2, 3, 1, 1, 1, 3, 1, 1, 0, -14 ], [ 1, 4, 2, 2, 2, 2, 2, 2, 2, 1, 3, 3, 3, 1, 3, 3, 4, -20 ] ], 
              [ [ 1, 1, 3, 3, 3, 3, 3, 1, 3, 6, 1, 1, 1, 3, 1, 1, 1, -16 ], [ 1, 3, 1, 1, 1, 1, 1, 3, 1, -2, 3, 3, 3, 1, 3, 3, 3, -18 ] ], 
              [ [ 1, 0, 3, 1, 3, 2, 2, 2, 2, 4, 1, 2, 1, 3, 0, 1, 1, -14 ], [ 1, 4, 1, 3, 1, 2, 2, 2, 2, 0, 3, 2, 3, 1, 4, 3, 3, -20 ] ], 
              [ [ 1, 0, 1, 2, 2, 2, 3, 3, 4, 4, 1, 2, 1, 3, 0, 3, 1, -16 ], [ 1, 4, 3, 2, 2, 2, 1, 1, 0, 0, 3, 2, 3, 1, 4, 1, 3, -18 ] ], 
              [ [ 1, 0, 2, 2, 2, 3, 1, 3, 2, 4, 0, 2, 2, 2, 1, 2, 2, -15 ], [ 1, 4, 2, 2, 2, 1, 3, 1, 2, 0, 4, 2, 2, 2, 3, 2, 2, -19 ] ], 
              [ [ 1, 1, 2, 2, 2, 3, 3, 1, 1, 3, 2, 0, 2, 2, 1, 3, 2, -15 ], [ 1, 3, 2, 2, 2, 1, 1, 3, 3, 1, 2, 4, 2, 2, 3, 1, 2, -19 ] ], 
              [ [ 1, 2, 1, 2, 2, 2, 2, 2, 1, 3, 3, 0, 2, 4, 2, 2, 2, -18 ], [ 1, 2, 3, 2, 2, 2, 2, 2, 3, 1, 1, 4, 2, 0, 2, 2, 2, -16 ] ], 
              [ [ 1, 2, 2, 2, 1, 3, 1, 2, 0, 2, 2, 1, 3, 3, 1, 2, 3, -16 ], [ 1, 2, 2, 2, 3, 1, 3, 2, 4, 2, 2, 3, 1, 1, 3, 2, 1, -18 ] ], 
              [ [ 1, 1, 2, 4, 3, 3, 2, 2, 2, 3, 3, 1, 2, 4, 1, 2, 2, -20 ], [ 1, 3, 2, 0, 1, 1, 2, 2, 2, 1, 1, 3, 2, 0, 3, 2, 2, -14 ] ], 
              [ [ 1, 2, 3, 0, 2, 2, 3, 3, 1, 2, 4, 2, 1, 3, 0, 3, 3, -18 ], [ 1, 2, 1, 4, 2, 2, 1, 1, 3, 2, 0, 2, 3, 1, 4, 1, 1, -16 ] ], 
              [ [ 1, 0, 2, 2, 3, 3, 2, 2, 1, 4, 1, 1, 2, 3, 1, 1, 2, -15 ], [ 1, 4, 2, 2, 1, 1, 2, 2, 3, 0, 3, 3, 2, 1, 3, 3, 2, -19 ] ], 
              [ [ 1, 1, 3, 2, 3, 3, 2, 2, 1, 4, 2, 2, 2, 3, 1, 1, 2, -17 ], [ 1, 3, 1, 2, 1, 1, 2, 2, 3, 0, 2, 2, 2, 1, 3, 3, 2, -17 ] ], 
              [ [ 1, 1, 2, 1, 1, 3, 2, 2, 0, 3, 0, 1, 2, 2, 1, 2, 2, -12 ], [ 1, 3, 2, 3, 3, 1, 2, 2, 4, 1, 4, 3, 2, 2, 3, 2, 2, -22 ] ], 
              [ [ 1, 0, 2, 2, 2, 4, 2, 3, 2, 3, 2, 2, 2, 3, 1, 2, 2, -18 ], [ 1, 4, 2, 2, 2, 0, 2, 1, 2, 1, 2, 2, 2, 1, 3, 2, 2, -16 ] ], 
              [ [ 1, 2, 1, 2, 2, 1, 3, 2, 3, 1, 3, 1, 3, 1, 3, 3, 3, -19 ], [ 1, 2, 3, 2, 2, 3, 1, 2, 1, 3, 1, 3, 1, 3, 1, 1, 1, -15 ] ], 
              [ [ 1, 2, 2, 4, 2, 2, 1, 1, 3, 2, 2, 2, 4, 2, 2, 2, 3, -19 ], [ 1, 2, 2, 0, 2, 2, 3, 3, 1, 2, 2, 2, 0, 2, 2, 2, 1, -15 ] ], 
              [ [ 1, 3, 1, 3, 2, 0, 2, 2, 2, 1, 2, 1, 3, 2, 3, 2, 3, -18 ], [ 1, 1, 3, 1, 2, 4, 2, 2, 2, 3, 2, 3, 1, 2, 1, 2, 1, -16 ] ], 
              [ [ 1, 3, 2, 2, 3, 0, 2, 2, 2, 2, 2, 2, 3, 2, 2, 2, 4, -18 ], [ 1, 1, 2, 2, 1, 4, 2, 2, 2, 2, 2, 2, 1, 2, 2, 2, 0, -16 ] ], 
              [ [ 1, 3, 1, 3, 1, 1, 2, 1, 3, 2, 2, 1, 3, 2, 3, 3, 2, -18 ], [ 1, 1, 3, 1, 3, 3, 2, 3, 1, 2, 2, 3, 1, 2, 1, 1, 2, -16 ] ], 
              [ [ 1, 3, 1, 3, 2, 0, 2, 2, 4, 2, 3, 2, 2, 3, 1, 3, 2, -19 ], [ 1, 1, 3, 1, 2, 4, 2, 2, 0, 2, 1, 2, 2, 1, 3, 1, 2, -15 ] ], 
              [ [ 1, 3, 2, 1, 0, 1, 2, 2, 2, 0, 3, 2, 3, 1, 2, 3, 3, -17 ], [ 1, 1, 2, 3, 4, 3, 2, 2, 2, 4, 1, 2, 1, 3, 2, 1, 1, -17 ] ], 
              [ [ 1, 3, 3, 0, 1, 1, 2, 2, 2, 1, 3, 3, 3, 1, 1, 3, 4, -17 ], [ 1, 1, 1, 4, 3, 3, 2, 2, 2, 3, 1, 1, 1, 3, 3, 1, 0, -17 ] ], 
              [ [ 1, 3, 2, 1, 1, 0, 3, 1, 3, 1, 3, 3, 2, 1, 1, 4, 2, -16 ], [ 1, 1, 2, 3, 3, 4, 1, 3, 1, 3, 1, 1, 2, 3, 3, 0, 2, -18 ] ], 
              [ [ 1, 2, 2, 2, 2, 1, 1, 2, 1, 0, 2, 1, 3, 2, 3, 1, 3, -17 ], [ 1, 2, 2, 2, 2, 3, 3, 2, 3, 4, 2, 3, 1, 2, 1, 3, 1, -17 ] ], 
              [ [ 1, 2, 2, 2, 3, 0, 2, 2, 2, 1, 2, 3, 3, 2, 2, 2, 4, -18 ], [ 1, 2, 2, 2, 1, 4, 2, 2, 2, 3, 2, 1, 1, 2, 2, 2, 0, -16 ] ], 
              [ [ 1, 2, 1, 3, 2, 0, 2, 2, 4, 1, 3, 3, 2, 3, 1, 3, 2, -19 ], [ 1, 2, 3, 1, 2, 4, 2, 2, 0, 3, 1, 1, 2, 1, 3, 1, 2, -15 ] ], 
              [ [ 1, 2, 2, 2, 1, 2, 1, 1, 2, 1, 2, 1, 3, 2, 3, 2, 2, -17 ], [ 1, 2, 2, 2, 3, 2, 3, 3, 2, 3, 2, 3, 1, 2, 1, 2, 2, -17 ] ], 
              [ [ 1, 2, 2, 2, 2, 1, 1, 2, 3, 1, 3, 2, 2, 3, 1, 2, 2, -18 ], [ 1, 2, 2, 2, 2, 3, 3, 2, 1, 3, 1, 2, 2, 1, 3, 2, 2, -16 ] ], 
              [ [ 1, 3, 2, 4, 3, 1, 3, 0, 3, 3, 2, 1, 2, 2, 3, 2, 2, -18 ], [ 1, 1, 2, 0, 1, 3, 1, 4, 1, 1, 2, 3, 2, 2, 1, 2, 2, -16 ] ], 
              [ [ 1, 2, 2, 2, 3, 0, 2, 1, 2, 1, 2, 2, 2, 2, 2, 2, 2, -16 ], [ 1, 2, 2, 2, 1, 4, 2, 3, 2, 3, 2, 2, 2, 2, 2, 2, 2, -18 ] ], 
              [ [ 1, 2, 1, 2, 2, 1, 2, 3, 3, 1, 2, 2, 3, 2, 2, 3, 4, -19 ], [ 1, 2, 3, 2, 2, 3, 2, 1, 1, 3, 2, 2, 1, 2, 2, 1, 0, -15 ] ], 
              [ [ 1, 2, 0, 3, 2, 0, 3, 2, 4, 1, 2, 2, 2, 2, 2, 4, 2, -18 ], [ 1, 2, 4, 1, 2, 4, 1, 2, 0, 3, 2, 2, 2, 2, 2, 0, 2, -16 ] ], 
              [ [ 1, 2, 3, 2, 4, 0, 3, 3, 3, 1, 4, 3, 2, 2, 1, 2, 4, -21 ], [ 1, 2, 1, 2, 0, 4, 1, 1, 1, 3, 0, 1, 2, 2, 3, 2, 0, -13 ] ], 
              [ [ 1, 2, 3, 2, 2, 2, 2, 2, 3, 1, 4, 1, 2, 2, 2, 2, 2, -20 ], [ 1, 2, 1, 2, 2, 2, 2, 2, 1, 3, 0, 3, 2, 2, 2, 2, 2, -14 ] ], 
              [ [ 1, 2, 3, 2, 3, 1, 3, 2, 4, 2, 4, 3, 2, 2, 1, 3, 3, -21 ], [ 1, 2, 1, 2, 1, 3, 1, 2, 0, 2, 0, 1, 2, 2, 3, 1, 1, -13 ] ], 
              [ [ 1, 3, 3, 2, 1, 2, 3, 0, 3, 2, 3, 2, 2, 1, 2, 3, 2, -17 ], [ 1, 1, 1, 2, 3, 2, 1, 4, 1, 2, 1, 2, 2, 3, 2, 1, 2, -17 ] ], 
              [ [ 1, 3, 1, 1, 1, 0, 2, 3, 3, 1, 3, 2, 2, 3, 2, 3, 3, -19 ], [ 1, 1, 3, 3, 3, 4, 2, 1, 1, 3, 1, 2, 2, 1, 2, 1, 1, -15 ] ], 
              [ [ 1, 3, 1, 1, 3, -2, 3, 3, 3, 1, 3, 3, 1, 3, 1, 3, 3, -18 ], [ 1, 1, 3, 3, 1, 6, 1, 1, 1, 3, 1, 1, 3, 1, 3, 1, 1, -16 ] ], 
              [ [ 1, 3, 1, 1, 1, 0, 2, 2, 3, 1, 3, 1, 1, 3, 2, 3, 1, -17 ], [ 1, 1, 3, 3, 3, 4, 2, 2, 1, 3, 1, 3, 3, 1, 2, 1, 3, -17 ] ], 
              [ [ 1, 4, 3, 0, 2, 0, 4, 1, 2, 2, 3, 2, 1, 1, 2, 3, 3, -16 ], [ 1, 0, 1, 4, 2, 4, 0, 3, 2, 2, 1, 2, 3, 3, 2, 1, 1, -18 ] ], 
              [ [ 1, 3, 2, 2, 3, 0, 3, 2, 3, 2, 3, 2, 1, 3, 2, 2, 3, -19 ], [ 1, 1, 2, 2, 1, 4, 1, 2, 1, 2, 1, 2, 3, 1, 2, 2, 1, -15 ] ], 
              [ [ 1, 2, 1, 4, 2, 1, 1, 2, 3, 2, 1, 1, 2, 2, 2, 3, 2, -17 ], [ 1, 2, 3, 0, 2, 3, 3, 2, 1, 2, 3, 3, 2, 2, 2, 1, 2, -17 ] ], 
              [ [ 1, 2, 1, 3, 2, 1, 1, 2, 2, 1, 1, 2, 3, 1, 3, 3, 3, -17 ], [ 1, 2, 3, 1, 2, 3, 3, 2, 2, 3, 3, 2, 1, 3, 1, 1, 1, -17 ] ], 
              [ [ 1, 2, 2, 3, 2, 2, 2, 2, 4, 2, 3, 2, 2, 1, 2, 4, 2, -20 ], [ 1, 2, 2, 1, 2, 2, 2, 2, 0, 2, 1, 2, 2, 3, 2, 0, 2, -14 ] ], 
              [ [ 1, 3, 1, 2, 1, 0, 1, 2, 2, 1, 2, 2, 2, 2, 3, 3, 2, -17 ], [ 1, 1, 3, 2, 3, 4, 3, 2, 2, 3, 2, 2, 2, 2, 1, 1, 2, -17 ] ], 
              [ [ 1, 3, 2, 1, 1, 1, 0, 2, 1, 1, 2, 1, 2, 2, 3, 2, 2, -16 ], [ 1, 1, 2, 3, 3, 3, 4, 2, 3, 3, 2, 3, 2, 2, 1, 2, 2, -18 ] ], 
              [ [ 1, 3, 0, 2, 0, 1, 1, 3, 3, 1, 2, 1, 2, 2, 3, 4, 2, -18 ], [ 1, 1, 4, 2, 4, 3, 3, 1, 1, 3, 2, 3, 2, 2, 1, 0, 2, -16 ] ], 
              [ [ 1, 3, 3, 1, 3, 0, 2, 3, 3, 2, 4, 3, 1, 2, 1, 3, 3, -20 ], [ 1, 1, 1, 3, 1, 4, 2, 1, 1, 2, 0, 1, 3, 2, 3, 1, 1, -14 ] ], 
              [ [ 1, 3, 2, 0, 1, 0, 2, 3, 2, 1, 2, 2, 1, 1, 1, 4, 3, -15 ], [ 1, 1, 2, 4, 3, 4, 2, 1, 2, 3, 2, 2, 3, 3, 3, 0, 1, -19 ] ], 
              [ [ 1, 2, 2, 3, 3, 1, 1, 2, 3, 2, 3, 1, 1, 3, 3, 2, 1, -20 ], [ 1, 2, 2, 1, 1, 3, 3, 2, 1, 2, 1, 3, 3, 1, 1, 2, 3, -14 ] ], 
              [ [ 1, 2, 1, 3, 4, 0, 2, 4, 4, 2, 3, 2, 1, 3, 2, 3, 3, -22 ], [ 1, 2, 3, 1, 0, 4, 2, 0, 0, 2, 1, 2, 3, 1, 2, 1, 1, -12 ] ], 
              [ [ 1, 2, 2, 1, 2, 1, 2, 4, 4, 1, 4, 3, 1, 2, 1, 4, 3, -21 ], [ 1, 2, 2, 3, 2, 3, 2, 0, 0, 3, 0, 1, 3, 2, 3, 0, 1, -13 ] ], 
              [ [ 1, 2, 2, 1, 3, 0, 3, 3, 3, 1, 3, 3, 1, 1, 2, 4, 3, -19 ], [ 1, 2, 2, 3, 1, 4, 1, 1, 1, 3, 1, 1, 3, 3, 2, 0, 1, -15 ] ], 
              [ [ 1, 4, 3, 3, 1, 1, 2, 0, 2, 2, 2, 2, 2, 2, 2, 2, 2, -16 ], [ 1, 0, 1, 1, 3, 3, 2, 4, 2, 2, 2, 2, 2, 2, 2, 2, 2, -18 ] ], 
              [ [ 1, 3, 4, 2, 3, 1, 4, 1, 3, 2, 3, 3, 1, 1, 1, 3, 3, -18 ], [ 1, 1, 0, 2, 1, 3, 0, 3, 1, 2, 1, 1, 3, 3, 3, 1, 1, -16 ] ], 
              [ [ 1, 4, 3, 2, 3, 0, 3, 2, 3, 2, 4, 3, 1, 3, 2, 2, 3, -21 ], [ 1, 0, 1, 2, 1, 4, 1, 2, 1, 2, 0, 1, 3, 1, 2, 2, 1, -13 ] ], 
              [ [ 1, 4, 2, 1, 1, 0, 3, 2, 2, 1, 2, 2, 1, 2, 2, 3, 3, -16 ], [ 1, 0, 2, 3, 3, 4, 1, 2, 2, 3, 2, 2, 3, 2, 2, 1, 1, -18 ] ], 
              [ [ 1, 2, 3, 3, 2, 2, 0, 2, 2, 1, 2, 2, 2, 2, 2, 2, 2, -18 ], [ 1, 2, 1, 1, 2, 2, 4, 2, 2, 3, 2, 2, 2, 2, 2, 2, 2, -16 ] ], 
              [ [ 1, 3, 2, 2, 2, 0, 1, 4, 3, 1, 3, 3, 1, 3, 1, 3, 3, -20 ], [ 1, 1, 2, 2, 2, 4, 3, 0, 1, 3, 1, 1, 3, 1, 3, 1, 1, -14 ] ], 
              [ [ 1, 4, 4, 1, 1, 2, 2, 2, 2, 2, 3, 2, 1, 1, 2, 3, 3, -18 ], [ 1, 0, 0, 3, 3, 2, 2, 2, 2, 2, 1, 2, 3, 3, 2, 1, 1, -16 ] ], 
              [ [ 1, 3, 3, 3, 3, 1, 2, 2, 2, 2, 2, 2, 1, 2, 3, 2, 3, -19 ], [ 1, 1, 1, 1, 1, 3, 2, 2, 2, 2, 2, 2, 3, 2, 1, 2, 1, -15 ] ], 
              [ [ 1, 3, 3, 3, 3, 1, 2, 2, 4, 3, 3, 3, 0, 3, 1, 3, 2, -20 ], [ 1, 1, 1, 1, 1, 3, 2, 2, 0, 1, 1, 1, 4, 1, 3, 1, 2, -14 ] ], 
              [ [ 1, 0, 1, 3, 3, 1, 1, 2, 3, 2, 1, 1, 3, 2, 2, 1, 1, -16 ], [ 1, 4, 3, 1, 1, 3, 3, 2, 1, 2, 3, 3, 1, 2, 2, 3, 3, -18 ] ], 
              [ [ 1, 1, 0, 1, 1, 1, 1, 3, 3, 1, 2, 1, 3, 2, 3, 2, 1, -17 ], [ 1, 3, 4, 3, 3, 3, 3, 1, 1, 3, 2, 3, 1, 2, 1, 2, 3, -17 ] ], 
              [ [ 1, 2, 2, 1, 2, 1, 3, 2, 3, 3, 2, 1, 2, 1, 2, 2, 2, -16 ], [ 1, 2, 2, 3, 2, 3, 1, 2, 1, 1, 2, 3, 2, 3, 2, 2, 2, -18 ] ], 
              [ [ 1, 2, 3, 2, 2, 1, 2, 0, 2, 2, 2, 2, 3, 2, 2, 0, 1, -15 ], [ 1, 2, 1, 2, 2, 3, 2, 4, 2, 2, 2, 2, 1, 2, 2, 4, 3, -19 ] ], 
              [ [ 1, 2, 2, 2, 1, 2, 2, 2, 3, 2, 2, 2, 4, 2, 2, 1, 3, -18 ], [ 1, 2, 2, 2, 3, 2, 2, 2, 1, 2, 2, 2, 0, 2, 2, 3, 1, -16 ] ], 
              [ [ 1, 2, 2, 2, 2, 1, 3, 1, 2, 2, 1, 2, 4, 1, 3, 1, 3, -16 ], [ 1, 2, 2, 2, 2, 3, 1, 3, 2, 2, 3, 2, 0, 3, 1, 3, 1, -18 ] ], 
              [ [ 1, 2, 2, 2, 3, 0, 3, 2, 3, 2, 2, 3, 3, 2, 1, 1, 3, -17 ], [ 1, 2, 2, 2, 1, 4, 1, 2, 1, 2, 2, 1, 1, 2, 3, 3, 1, -17 ] ], 
              [ [ 1, 2, 1, 3, 1, 1, 3, 1, 4, 2, 2, 2, 3, 2, 2, 2, 1, -17 ], [ 1, 2, 3, 1, 3, 3, 1, 3, 0, 2, 2, 2, 1, 2, 2, 2, 3, -17 ] ], 
              [ [ 1, 2, 2, 2, 1, 2, 2, 1, 3, 2, 2, 1, 3, 2, 2, 1, 1, -16 ], [ 1, 2, 2, 2, 3, 2, 2, 3, 1, 2, 2, 3, 1, 2, 2, 3, 3, -18 ] ], 
              [ [ 1, 2, 2, 2, 2, 1, 3, 1, 4, 3, 2, 3, 3, 2, 1, 2, 2, -17 ], [ 1, 2, 2, 2, 2, 3, 1, 3, 0, 1, 2, 1, 1, 2, 3, 2, 2, -17 ] ], 
              [ [ 1, 1, 1, 4, 3, 1, 2, 1, 3, 2, 1, 1, 3, 3, 3, 0, 1, -17 ], [ 1, 3, 3, 0, 1, 3, 2, 3, 1, 2, 3, 3, 1, 1, 1, 4, 3, -17 ] ], 
              [ [ 1, 1, 2, 2, 1, 2, 2, 1, 3, 1, 2, 2, 3, 2, 2, 1, 1, -16 ], [ 1, 3, 2, 2, 3, 2, 2, 3, 1, 3, 2, 2, 1, 2, 2, 3, 3, -18 ] ], 
              [ [ 1, 3, 2, 2, 2, 1, 4, 1, 3, 3, 2, 1, 2, 2, 3, 1, 2, -17 ], [ 1, 1, 2, 2, 2, 3, 0, 3, 1, 1, 2, 3, 2, 2, 1, 3, 2, -17 ] ], 
              [ [ 1, 2, 2, 0, 2, 0, 3, 2, 2, 1, 2, 2, 2, 2, 2, 1, 2, -15 ], [ 1, 2, 2, 4, 2, 4, 1, 2, 2, 3, 2, 2, 2, 2, 2, 3, 2, -19 ] ], 
              [ [ 1, 2, 2, 3, 1, 2, 1, 1, 2, 2, 1, 2, 4, 1, 3, 1, 2, -16 ], [ 1, 2, 2, 1, 3, 2, 3, 3, 2, 2, 3, 2, 0, 3, 1, 3, 2, -18 ] ], 
              [ [ 1, 2, 3, 1, 1, 2, 2, 2, 2, 2, 1, 2, 3, 0, 1, 2, 3, -14 ], [ 1, 2, 1, 3, 3, 2, 2, 2, 2, 2, 3, 2, 1, 4, 3, 2, 1, -20 ] ], 
              [ [ 1, 1, 3, 4, 3, 3, 1, 1, 3, 3, 2, 1, 3, 2, 3, 0, 1, -19 ], [ 1, 3, 1, 0, 1, 1, 3, 3, 1, 1, 2, 3, 1, 2, 1, 4, 3, -15 ] ], 
              [ [ 1, 0, 1, 3, 2, 2, 1, 3, 4, 1, 2, 2, 3, 2, 2, 2, 1, -19 ], [ 1, 4, 3, 1, 2, 2, 3, 1, 0, 3, 2, 2, 1, 2, 2, 2, 3, -15 ] ], 
              [ [ 1, 1, 2, 3, 3, 1, 2, 2, 2, 2, 0, 2, 3, 1, 2, 1, 3, -15 ], [ 1, 3, 2, 1, 1, 3, 2, 2, 2, 2, 4, 2, 1, 3, 2, 3, 1, -19 ] ], 
              [ [ 1, 1, 2, 3, 1, 3, 1, 1, 2, 2, 0, 0, 3, 1, 3, 1, 1, -14 ], [ 1, 3, 2, 1, 3, 1, 3, 3, 2, 2, 4, 4, 1, 3, 1, 3, 3, -20 ] ], 
              [ [ 1, 1, 2, 3, 2, 2, 2, 1, 3, 3, 0, 2, 3, 1, 2, 2, 2, -15 ], [ 1, 3, 2, 1, 2, 2, 2, 3, 1, 1, 4, 2, 1, 3, 2, 2, 2, -19 ] ], 
              [ [ 1, 1, 2, 3, 3, 1, 2, 2, 4, 3, 1, 3, 2, 2, 0, 2, 2, -16 ], [ 1, 3, 2, 1, 1, 3, 2, 2, 0, 1, 3, 1, 2, 2, 4, 2, 2, -18 ] ], 
              [ [ 1, 1, 1, 3, 1, 2, 2, 1, 4, 2, 1, 3, 3, 1, 2, 3, 1, -16 ], [ 1, 3, 3, 1, 3, 2, 2, 3, 0, 2, 3, 1, 1, 3, 2, 1, 3, -18 ] ], 
              [ [ 1, 1, 3, 3, 3, 2, 3, 2, 4, 3, 2, 2, 2, 1, 1, 2, 2, -18 ], [ 1, 3, 1, 1, 1, 2, 1, 2, 0, 1, 2, 2, 2, 3, 3, 2, 2, -16 ] ], 
              [ [ 1, 1, 3, 2, 3, 2, 3, 2, 3, 2, 2, 3, 3, 0, 2, 2, 3, -18 ], [ 1, 3, 1, 2, 1, 2, 1, 2, 1, 2, 2, 1, 1, 4, 2, 2, 1, -16 ] ], 
              [ [ 1, 2, 1, 3, 1, 2, 0, 2, 2, 2, 1, 0, 3, 3, 4, 0, 1, -17 ], [ 1, 2, 3, 1, 3, 2, 4, 2, 2, 2, 3, 4, 1, 1, 0, 4, 3, -17 ] ], 
              [ [ 1, 2, 1, 3, 2, 1, 1, 2, 3, 3, 1, 2, 3, 3, 3, 1, 2, -18 ], [ 1, 2, 3, 1, 2, 3, 3, 2, 1, 1, 3, 2, 1, 1, 1, 3, 2, -16 ] ], 
              [ [ 1, 2, 1, 3, 2, 1, 1, 1, 3, 3, 1, 1, 2, 3, 3, 1, 0, -16 ], [ 1, 2, 3, 1, 2, 3, 3, 3, 1, 1, 3, 3, 2, 1, 1, 3, 4, -18 ] ], 
              [ [ 1, 2, 2, 3, 3, 1, 2, 3, 4, 3, 3, 2, 2, 3, 2, 1, 2, -21 ], [ 1, 2, 2, 1, 1, 3, 2, 1, 0, 1, 1, 2, 2, 1, 2, 3, 2, -13 ] ], 
              [ [ 1, 1, 2, 1, 3, 0, 1, 4, 3, 1, 3, 3, 2, 3, 1, 1, 2, -19 ], [ 1, 3, 2, 3, 1, 4, 3, 0, 1, 3, 1, 1, 2, 1, 3, 3, 2, -15 ] ], 
              [ [ 1, 2, 3, 1, 2, 1, 1, 2, 1, 2, 1, 1, 2, 2, 2, 0, 2, -14 ], [ 1, 2, 1, 3, 2, 3, 3, 2, 3, 2, 3, 3, 2, 2, 2, 4, 2, -20 ] ], 
              [ [ 1, 2, 2, 1, 0, 2, 1, 1, 1, 1, 1, 1, 3, 1, 4, 1, 1, -14 ], [ 1, 2, 2, 3, 4, 2, 3, 3, 3, 3, 3, 3, 1, 3, 0, 3, 3, -20 ] ], 
              [ [ 1, 2, 2, 1, 1, 1, 1, 2, 2, 1, 2, 2, 2, 2, 2, 1, 1, -15 ], [ 1, 2, 2, 3, 3, 3, 3, 2, 2, 3, 2, 2, 2, 2, 2, 3, 3, -19 ] ], 
              [ [ 1, 2, 2, 1, 2, 0, 2, 2, 3, 2, 2, 4, 2, 2, 1, 2, 2, -16 ], [ 1, 2, 2, 3, 2, 4, 2, 2, 1, 2, 2, 0, 2, 2, 3, 2, 2, -18 ] ], 
              [ [ 1, 2, 2, 1, 0, 2, 1, 1, 3, 2, 2, 2, 2, 2, 2, 2, 0, -15 ], [ 1, 2, 2, 3, 4, 2, 3, 3, 1, 2, 2, 2, 2, 2, 2, 2, 4, -19 ] ], 
              [ [ 1, 2, 1, 2, 1, 1, 2, 3, 3, 2, 1, 1, 2, 2, 2, 2, 2, -16 ], [ 1, 2, 3, 2, 3, 3, 2, 1, 1, 2, 3, 3, 2, 2, 2, 2, 2, -18 ] ], 
              [ [ 1, 2, 1, 1, 1, 1, 2, 3, 2, 1, 1, 2, 3, 1, 3, 2, 3, -16 ], [ 1, 2, 3, 3, 3, 3, 2, 1, 2, 3, 3, 2, 1, 3, 1, 2, 1, -18 ] ], 
              [ [ 1, 2, 2, 1, 2, 1, 2, 3, 3, 3, 1, 2, 2, 2, 1, 2, 3, -16 ], [ 1, 2, 2, 3, 2, 3, 2, 1, 1, 1, 3, 2, 2, 2, 3, 2, 1, -18 ] ], 
              [ [ 1, 2, 1, 1, 0, 2, 2, 2, 3, 2, 1, 2, 3, 1, 3, 3, 2, -16 ], [ 1, 2, 3, 3, 4, 2, 2, 2, 1, 2, 3, 2, 1, 3, 1, 1, 2, -18 ] ], 
              [ [ 1, 2, 1, 1, 1, 1, 2, 3, 4, 2, 2, 3, 2, 2, 1, 3, 2, -17 ], [ 1, 2, 3, 3, 3, 3, 2, 1, 0, 2, 2, 1, 2, 2, 3, 1, 2, -17 ] ], 
              [ [ 1, 2, 1, 2, 2, 0, 3, 2, 4, 3, 1, 2, 1, 2, 1, 3, 1, -15 ], [ 1, 2, 3, 2, 2, 4, 1, 2, 0, 1, 3, 2, 3, 2, 3, 1, 3, -19 ] ], 
              [ [ 1, 2, 1, 1, 2, 0, 3, 2, 3, 2, 1, 3, 2, 1, 2, 3, 2, -15 ], [ 1, 2, 3, 3, 2, 4, 1, 2, 1, 2, 3, 1, 2, 3, 2, 1, 2, -19 ] ], 
              [ [ 1, 2, 3, 1, 2, 1, 3, 2, 3, 2, 3, 3, 2, 1, 2, 2, 2, -18 ], [ 1, 2, 1, 3, 2, 3, 1, 2, 1, 2, 1, 1, 2, 3, 2, 2, 2, -16 ] ], 
              [ [ 1, 2, 4, 0, 2, 2, 2, 2, 2, 2, 3, 2, 2, 1, 2, 1, 2, -17 ], [ 1, 2, 0, 4, 2, 2, 2, 2, 2, 2, 1, 2, 2, 3, 2, 3, 2, -17 ] ], 
              [ [ 1, 2, 2, 1, 1, 2, 3, 3, 4, 2, 3, 2, 2, 1, 2, 3, 2, -19 ], [ 1, 2, 2, 3, 3, 2, 1, 1, 0, 2, 1, 2, 2, 3, 2, 1, 2, -15 ] ], 
              [ [ 1, 1, 1, 3, 2, 1, 1, 1, 3, 2, 1, 2, 2, 3, 3, 1, 0, -16 ], [ 1, 3, 3, 1, 2, 3, 3, 3, 1, 2, 3, 2, 2, 1, 1, 3, 4, -18 ] ], 
              [ [ 1, 1, 0, 3, 3, 0, 2, 3, 4, 2, 1, 3, 2, 3, 2, 2, 2, -18 ], [ 1, 3, 4, 1, 1, 4, 2, 1, 0, 2, 3, 1, 2, 1, 2, 2, 2, -16 ] ], 
              [ [ 1, 1, 0, 3, 1, 2, 1, 2, 4, 2, 1, 1, 2, 3, 3, 2, 0, -17 ], [ 1, 3, 4, 1, 3, 2, 3, 2, 0, 2, 3, 3, 2, 1, 1, 2, 4, -17 ] ], 
              [ [ 1, 1, 3, 2, 3, 2, 1, 3, 3, 2, 3, 2, 2, 3, 2, 0, 2, -20 ], [ 1, 3, 1, 2, 1, 2, 3, 1, 1, 2, 1, 2, 2, 1, 2, 4, 2, -14 ] ], 
              [ [ 1, 1, 3, 2, 4, 1, 2, 2, 2, 2, 2, 2, 2, 2, 3, 0, 2, -18 ], [ 1, 3, 1, 2, 0, 3, 2, 2, 2, 2, 2, 2, 2, 2, 1, 4, 2, -16 ] ], 
              [ [ 1, 1, 2, 3, 3, 1, 2, 2, 4, 2, 3, 2, 1, 3, 2, 1, 0, -19 ], [ 1, 3, 2, 1, 1, 3, 2, 2, 0, 2, 1, 2, 3, 1, 2, 3, 4, -15 ] ], 
              [ [ 1, 1, 3, 2, 4, 1, 2, 2, 4, 3, 3, 3, 1, 3, 1, 1, 1, -19 ], [ 1, 3, 1, 2, 0, 3, 2, 2, 0, 1, 1, 1, 3, 1, 3, 3, 3, -15 ] ], 
              [ [ 1, 1, 1, 3, 3, 1, 3, 3, 4, 2, 2, 2, 2, 2, 3, 2, 2, -20 ], [ 1, 3, 3, 1, 1, 3, 1, 1, 0, 2, 2, 2, 2, 2, 1, 2, 2, -14 ] ], 
              [ [ 1, 1, 2, 2, 3, 2, 2, 3, 3, 2, 2, 1, 2, 2, 3, 1, 2, -19 ], [ 1, 3, 2, 2, 1, 2, 2, 1, 1, 2, 2, 3, 2, 2, 1, 3, 2, -15 ] ], 
              [ [ 1, 1, 2, 2, 4, 1, 3, 3, 4, 3, 2, 3, 2, 2, 2, 2, 3, -20 ], [ 1, 3, 2, 2, 0, 3, 1, 1, 0, 1, 2, 1, 2, 2, 2, 2, 1, -14 ] ], 
              [ [ 1, 1, 1, 3, 3, 1, 3, 3, 6, 3, 3, 3, 1, 3, 1, 3, 1, -21 ], [ 1, 3, 3, 1, 1, 3, 1, 1, -2, 1, 1, 1, 3, 1, 3, 1, 3, -13 ] ], 
              [ [ 1, 2, 2, 3, 2, 2, 3, 1, 4, 4, 1, 1, 1, 2, 2, 2, 1, -16 ], [ 1, 2, 2, 1, 2, 2, 1, 3, 0, 0, 3, 3, 3, 2, 2, 2, 3, -18 ] ], 
              [ [ 1, 2, 2, 2, 2, 2, 3, 1, 3, 3, 1, 2, 2, 1, 3, 2, 2, -16 ], [ 1, 2, 2, 2, 2, 2, 1, 3, 1, 1, 3, 2, 2, 3, 1, 2, 2, -18 ] ], 
              [ [ 1, 1, 2, 1, 2, 1, 2, 2, 3, 2, 1, 2, 1, 2, 1, 2, 1, -14 ], [ 1, 3, 2, 3, 2, 3, 2, 2, 1, 2, 3, 2, 3, 2, 3, 2, 3, -20 ] ], 
              [ [ 1, 2, 1, 1, 2, 0, 1, 3, 3, 2, 2, 2, 1, 4, 2, 1, 1, -17 ], [ 1, 2, 3, 3, 2, 4, 3, 1, 1, 2, 2, 2, 3, 0, 2, 3, 3, -17 ] ], 
              [ [ 1, 2, 2, 1, 2, 1, 2, 3, 3, 2, 3, 1, 1, 3, 3, 1, 1, -19 ], [ 1, 2, 2, 3, 2, 3, 2, 1, 1, 2, 1, 3, 3, 1, 1, 3, 3, -15 ] ], 
              [ [ 1, 3, 2, 1, 1, 1, 3, 1, 3, 3, 2, 2, 1, 2, 3, 2, 1, -16 ], [ 1, 1, 2, 3, 3, 3, 1, 3, 1, 1, 2, 2, 3, 2, 1, 2, 3, -18 ] ], 
              [ [ 1, 2, 2, 2, 2, 1, 1, 2, 2, 3, 0, 2, 2, 1, 2, 2, 2, -14 ], [ 1, 2, 2, 2, 2, 3, 3, 2, 2, 1, 4, 2, 2, 3, 2, 2, 2, -20 ] ], 
              [ [ 1, 1, 2, 3, 3, 2, 1, 3, 4, 3, 2, 3, 2, 2, 2, 2, 2, -20 ], [ 1, 3, 2, 1, 1, 2, 3, 1, 0, 1, 2, 1, 2, 2, 2, 2, 2, -14 ] ], 
              [ [ 1, 1, 1, 2, 1, 2, 1, 3, 3, 2, 0, 2, 2, 1, 2, 3, 2, -15 ], [ 1, 3, 3, 2, 3, 2, 3, 1, 1, 2, 4, 2, 2, 3, 2, 1, 2, -19 ] ], 
              [ [ 1, 2, 1, 2, 2, 1, 2, 3, 4, 3, 2, 2, 1, 2, 3, 3, 1, -19 ], [ 1, 2, 3, 2, 2, 3, 2, 1, 0, 1, 2, 2, 3, 2, 1, 1, 3, -15 ] ], 
              [ [ 1, 1, 2, 1, 2, 2, 1, 3, 3, 2, 2, 2, 1, 2, 3, 2, 1, -18 ], [ 1, 3, 2, 3, 2, 2, 3, 1, 1, 2, 2, 2, 3, 2, 1, 2, 3, -16 ] ], 
              [ [ 1, 3, 2, 3, 2, 1, 2, 1, 2, 3, 0, 2, 2, 2, 3, 1, 2, -15 ], [ 1, 1, 2, 1, 2, 3, 2, 3, 2, 1, 4, 2, 2, 2, 1, 3, 2, -19 ] ], 
              [ [ 1, 2, 3, 1, 1, 2, 1, 3, 2, 1, 2, 2, 2, 2, 2, 1, 2, -17 ], [ 1, 2, 1, 3, 3, 2, 3, 1, 2, 3, 2, 2, 2, 2, 2, 3, 2, -17 ] ], 
              [ [ 1, 2, 3, 1, 2, 1, 2, 3, 3, 2, 2, 4, 2, 2, 1, 2, 3, -18 ], [ 1, 2, 1, 3, 2, 3, 2, 1, 1, 2, 2, 0, 2, 2, 3, 2, 1, -16 ] ], 
              [ [ 1, 3, 3, 1, 0, 2, 2, 1, 2, 2, 1, 3, 2, 1, 2, 2, 2, -14 ], [ 1, 1, 1, 3, 4, 2, 2, 3, 2, 2, 3, 1, 2, 3, 2, 2, 2, -20 ] ], 
              [ [ 1, 3, 3, 3, 2, 2, 3, 1, 4, 4, 2, 2, 1, 2, 2, 2, 1, -18 ], [ 1, 1, 1, 1, 2, 2, 1, 3, 0, 0, 2, 2, 3, 2, 2, 2, 3, -16 ] ], 
              [ [ 1, 2, 3, 1, 2, 1, 2, 2, 3, 2, 2, 3, 1, 2, 1, 2, 1, -16 ], [ 1, 2, 1, 3, 2, 3, 2, 2, 1, 2, 2, 1, 3, 2, 3, 2, 3, -18 ] ], 
              [ [ 1, 1, 2, 3, 3, 1, 1, 3, 4, 2, 2, 3, 1, 4, 1, 1, 1, -19 ], [ 1, 3, 2, 1, 1, 3, 3, 1, 0, 2, 2, 1, 3, 0, 3, 3, 3, -15 ] ], 
              [ [ 1, 2, 4, 2, 4, 1, 3, 2, 3, 3, 2, 4, 1, 2, 1, 1, 3, -18 ], [ 1, 2, 0, 2, 0, 3, 1, 2, 1, 1, 2, 0, 3, 2, 3, 3, 1, -16 ] ], 
              [ [ 1, 2, 3, 3, 2, 2, 3, 1, 4, 3, 2, 3, 1, 2, 2, 2, 1, -18 ], [ 1, 2, 1, 1, 2, 2, 1, 3, 0, 1, 2, 1, 3, 2, 2, 2, 3, -16 ] ], 
              [ [ 1, 2, 4, 2, 2, 3, 2, 1, 3, 3, 2, 2, 1, 2, 2, 1, 1, -17 ], [ 1, 2, 0, 2, 2, 1, 2, 3, 1, 1, 2, 2, 3, 2, 2, 3, 3, -17 ] ], 
              [ [ 1, 3, 3, 1, 2, 1, 3, 3, 4, 3, 3, 3, 0, 3, 1, 2, 2, -19 ], [ 1, 1, 1, 3, 2, 3, 1, 1, 0, 1, 1, 1, 4, 1, 3, 2, 2, -15 ] ], 
              [ [ 1, 3, 3, 1, 3, 0, 4, 2, 3, 3, 2, 3, 0, 2, 2, 2, 2, -17 ], [ 1, 1, 1, 3, 1, 4, 0, 2, 1, 1, 2, 1, 4, 2, 2, 2, 2, -17 ] ], 
              [ [ 1, 2, 2, 2, 1, 2, 1, 3, 3, 2, 1, 3, 2, 1, 2, 3, 2, -17 ], [ 1, 2, 2, 2, 3, 2, 3, 1, 1, 2, 3, 1, 2, 3, 2, 1, 2, -17 ] ], 
              [ [ 1, 2, 2, 2, 2, 1, 0, 3, 2, 2, 1, 2, 1, 3, 3, 1, 1, -17 ], [ 1, 2, 2, 2, 2, 3, 4, 1, 2, 2, 3, 2, 3, 1, 1, 3, 3, -17 ] ], 
              [ [ 1, 3, 3, 2, 2, 1, 2, 2, 3, 3, 2, 3, 0, 2, 2, 2, 1, -17 ], [ 1, 1, 1, 2, 2, 3, 2, 2, 1, 1, 2, 1, 4, 2, 2, 2, 3, -17 ] ], 
              [ [ 1, 2, 0, 2, 1, 1, 1, 2, 1, 0, 2, 1, 4, 2, 3, 3, 3, -17 ], [ 1, 2, 4, 2, 3, 3, 3, 2, 3, 4, 2, 3, 0, 2, 1, 1, 1, -17 ] ], 
              [ [ 1, 2, 0, 2, 2, 0, 1, 3, 2, 0, 3, 2, 3, 3, 1, 3, 3, -18 ], [ 1, 2, 4, 2, 2, 4, 3, 1, 2, 4, 1, 2, 1, 1, 3, 1, 1, -16 ] ], 
              [ [ 1, 2, 1, 2, 2, 1, 2, 3, 2, 0, 4, 1, 3, 2, 2, 3, 3, -20 ], [ 1, 2, 3, 2, 2, 3, 2, 1, 2, 4, 0, 3, 1, 2, 2, 1, 1, -14 ] ], 
              [ [ 1, 2, 2, 1, 3, 1, 2, 3, 2, 1, 4, 2, 3, 2, 1, 3, 4, -20 ], [ 1, 2, 2, 3, 1, 3, 2, 1, 2, 3, 0, 2, 1, 2, 3, 1, 0, -14 ] ], 
              [ [ 1, 3, 1, 2, 1, 1, 3, 1, 2, 1, 3, 2, 3, 1, 2, 4, 3, -17 ], [ 1, 1, 3, 2, 3, 3, 1, 3, 2, 3, 1, 2, 1, 3, 2, 0, 1, -17 ] ], 
              [ [ 1, 3, 2, 1, 1, 2, 2, 1, 1, 1, 3, 1, 3, 1, 2, 3, 3, -16 ], [ 1, 1, 2, 3, 3, 2, 2, 3, 3, 3, 1, 3, 1, 3, 2, 1, 1, -18 ] ], 
              [ [ 1, 2, 1, 3, 3, 1, 2, 1, 1, 1, 2, 1, 3, 2, 3, 2, 3, -17 ], [ 1, 2, 3, 1, 1, 3, 2, 3, 3, 3, 2, 3, 1, 2, 1, 2, 1, -17 ] ], 
              [ [ 1, 2, 2, 3, 3, 2, 3, 1, 3, 2, 4, 1, 2, 2, 2, 3, 2, -20 ], [ 1, 2, 2, 1, 1, 2, 1, 3, 1, 2, 0, 3, 2, 2, 2, 1, 2, -14 ] ], 
              [ [ 1, 3, 0, 2, 1, 1, 2, 2, 2, 1, 3, 0, 2, 3, 3, 3, 2, -18 ], [ 1, 1, 4, 2, 3, 3, 2, 2, 2, 3, 1, 4, 2, 1, 1, 1, 2, -16 ] ], 
              [ [ 1, 1, 1, 2, 2, 2, 1, 3, 2, 0, 3, 2, 3, 1, 2, 4, 3, -19 ], [ 1, 3, 3, 2, 2, 2, 3, 1, 2, 4, 1, 2, 1, 3, 2, 0, 1, -15 ] ], 
              [ [ 1, 3, 2, 3, 1, 2, 2, 0, 1, 1, 2, 1, 4, 2, 2, 2, 3, -16 ], [ 1, 1, 2, 1, 3, 2, 2, 4, 3, 3, 2, 3, 0, 2, 2, 2, 1, -18 ] ], 
              [ [ 1, 3, 2, 2, 3, 1, 3, 2, 2, 1, 4, 2, 3, 3, 2, 2, 4, -21 ], [ 1, 1, 2, 2, 1, 3, 1, 2, 2, 3, 0, 2, 1, 1, 2, 2, 0, -13 ] ], 
              [ [ 1, 2, 3, 3, 2, 3, 2, 1, 2, 1, 3, 2, 3, 1, 1, 3, 3, -18 ], [ 1, 2, 1, 1, 2, 1, 2, 3, 2, 3, 1, 2, 1, 3, 3, 1, 1, -16 ] ], 
              [ [ 1, 4, 2, 2, 1, 1, 1, 1, 0, 1, 2, 1, 3, 2, 2, 2, 3, -15 ], [ 1, 0, 2, 2, 3, 3, 3, 3, 4, 3, 2, 3, 1, 2, 2, 2, 1, -19 ] ], 
              [ [ 1, 3, 3, 3, 3, 2, 1, 2, 1, 2, 3, 1, 3, 3, 2, 1, 4, -20 ], [ 1, 1, 1, 1, 1, 2, 3, 2, 3, 2, 1, 3, 1, 1, 2, 3, 0, -14 ] ], 
              [ [ 1, 3, 2, 3, 1, 3, 1, 1, 1, 1, 3, 1, 4, 2, 4, 2, 3, -20 ], [ 1, 1, 2, 1, 3, 1, 3, 3, 3, 3, 1, 3, 0, 2, 0, 2, 1, -14 ] ], 
              [ [ 1, 3, 2, 3, 2, 2, 1, 2, 2, 1, 4, 2, 3, 3, 2, 2, 3, -21 ], [ 1, 1, 2, 1, 2, 2, 3, 2, 2, 3, 0, 2, 1, 1, 2, 2, 1, -13 ] ], 
              [ [ 1, 3, 2, 2, 1, 1, 1, 1, 0, 0, 2, 2, 3, 2, 2, 2, 3, -15 ], [ 1, 1, 2, 2, 3, 3, 3, 3, 4, 4, 2, 2, 1, 2, 2, 2, 1, -19 ] ], 
              [ [ 1, 3, 2, 4, 3, 1, 2, 1, 2, 2, 3, 1, 2, 3, 2, 2, 2, -19 ], [ 1, 1, 2, 0, 1, 3, 2, 3, 2, 2, 1, 3, 2, 1, 2, 2, 2, -15 ] ], 
              [ [ 1, 3, 2, 3, 3, 1, 2, 1, 1, 1, 3, 2, 3, 2, 3, 2, 3, -19 ], [ 1, 1, 2, 1, 1, 3, 2, 3, 3, 3, 1, 2, 1, 2, 1, 2, 1, -15 ] ], 
              [ [ 1, 2, 1, 2, 2, 1, 1, 4, 2, 0, 3, 2, 3, 3, 1, 3, 4, -20 ], [ 1, 2, 3, 2, 2, 3, 3, 0, 2, 4, 1, 2, 1, 1, 3, 1, 0, -14 ] ], 
              [ [ 1, 3, 1, 2, 0, 2, 1, 2, 1, 0, 2, 1, 3, 2, 2, 3, 3, -16 ], [ 1, 1, 3, 2, 4, 2, 3, 2, 3, 4, 2, 3, 1, 2, 2, 1, 1, -18 ] ], 
              [ [ 1, 3, 1, 2, 1, 1, 2, 2, 2, 1, 2, 3, 3, 2, 1, 4, 4, -17 ], [ 1, 1, 3, 2, 3, 3, 2, 2, 2, 3, 2, 1, 1, 2, 3, 0, 0, -17 ] ], 
              [ [ 1, 3, 1, 2, 1, 1, 2, 1, 0, 0, 1, 1, 3, 1, 3, 3, 3, -14 ], [ 1, 1, 3, 2, 3, 3, 2, 3, 4, 4, 3, 3, 1, 3, 1, 1, 1, -20 ] ], 
              [ [ 1, 3, 1, 2, 1, 1, 2, 1, 2, 1, 2, 2, 2, 2, 1, 4, 2, -15 ], [ 1, 1, 3, 2, 3, 3, 2, 3, 2, 3, 2, 2, 2, 2, 3, 0, 2, -19 ] ], 
              [ [ 1, 3, 4, 1, 2, 2, 2, 1, 0, 1, 3, 2, 3, 1, 2, 2, 4, -17 ], [ 1, 1, 0, 3, 2, 2, 2, 3, 4, 3, 1, 2, 1, 3, 2, 2, 0, -17 ] ], 
              [ [ 1, 3, 4, 1, 3, 1, 2, 2, 1, 1, 4, 3, 2, 2, 0, 2, 4, -18 ], [ 1, 1, 0, 3, 1, 3, 2, 2, 3, 3, 0, 1, 2, 2, 4, 2, 0, -16 ] ], 
              [ [ 1, 3, 3, 2, 1, 2, 2, 1, 2, 1, 4, 2, 2, 2, 1, 3, 2, -18 ], [ 1, 1, 1, 2, 3, 2, 2, 3, 2, 3, 0, 2, 2, 2, 3, 1, 2, -16 ] ], 
              [ [ 1, 3, 3, 1, 1, 2, 2, 1, 1, 0, 4, 3, 3, 1, 2, 3, 3, -18 ], [ 1, 1, 1, 3, 3, 2, 2, 3, 3, 4, 0, 1, 1, 3, 2, 1, 1, -16 ] ], 
              [ [ 1, 3, 3, 1, 3, 1, 3, 3, 1, 1, 3, 3, 3, 1, 1, 3, 6, -19 ], [ 1, 1, 1, 3, 1, 3, 1, 1, 3, 3, 1, 1, 1, 3, 3, 1, -2, -15 ] ], 
              [ [ 1, 3, 2, 2, 1, 2, 3, 2, 2, 1, 3, 2, 3, 1, 2, 4, 4, -19 ], [ 1, 1, 2, 2, 3, 2, 1, 2, 2, 3, 1, 2, 1, 3, 2, 0, 0, -15 ] ], 
              [ [ 1, 3, 2, 2, 2, 1, 3, 3, 3, 1, 4, 3, 2, 2, 0, 4, 4, -20 ], [ 1, 1, 2, 2, 2, 3, 1, 1, 1, 3, 0, 1, 2, 2, 4, 0, 0, -14 ] ], 
              [ [ 1, 3, 3, 1, 1, 3, 2, 2, 1, 1, 3, 1, 3, 1, 2, 3, 4, -18 ], [ 1, 1, 1, 3, 3, 1, 2, 2, 3, 3, 1, 3, 1, 3, 2, 1, 0, -16 ] ], 
              [ [ 1, 3, 2, 2, 3, 0, 4, 2, 2, 1, 3, 3, 2, 1, 1, 4, 4, -18 ], [ 1, 1, 2, 2, 1, 4, 0, 2, 2, 3, 1, 1, 2, 3, 3, 0, 0, -16 ] ], 
              [ [ 1, 3, 3, 1, 3, 1, 3, 2, 1, 1, 3, 2, 2, 1, 1, 3, 4, -17 ], [ 1, 1, 1, 3, 1, 3, 1, 2, 3, 3, 1, 2, 2, 3, 3, 1, 0, -17 ] ], 
              [ [ 1, 3, 2, 2, 1, 2, 3, 1, 2, 1, 3, 1, 2, 1, 2, 4, 2, -17 ], [ 1, 1, 2, 2, 3, 2, 1, 3, 2, 3, 1, 3, 2, 3, 2, 0, 2, -17 ] ], 
              [ [ 1, 2, 3, 3, 3, 2, 1, 1, 1, 1, 3, 1, 2, 3, 2, 1, 2, -18 ], [ 1, 2, 1, 1, 1, 2, 3, 3, 3, 3, 1, 3, 2, 1, 2, 3, 2, -16 ] ], 
              [ [ 1, 2, 2, 3, 3, 2, 2, 2, 1, 1, 2, 1, 3, 2, 3, 2, 4, -19 ], [ 1, 2, 2, 1, 1, 2, 2, 2, 3, 3, 2, 3, 1, 2, 1, 2, 0, -15 ] ], 
              [ [ 1, 2, 2, 3, 4, 1, 2, 3, 2, 1, 3, 2, 2, 3, 1, 2, 4, -20 ], [ 1, 2, 2, 1, 0, 3, 2, 1, 2, 3, 1, 2, 2, 1, 3, 2, 0, -14 ] ], 
              [ [ 1, 2, 1, 4, 2, 2, 2, 2, 3, 1, 3, 1, 2, 3, 2, 3, 2, -20 ], [ 1, 2, 3, 0, 2, 2, 2, 2, 1, 3, 1, 3, 2, 1, 2, 1, 2, -14 ] ], 
              [ [ 1, 2, 1, 3, 2, 2, 2, 2, 2, 0, 3, 2, 3, 2, 3, 3, 3, -20 ], [ 1, 2, 3, 1, 2, 2, 2, 2, 2, 4, 1, 2, 1, 2, 1, 1, 1, -14 ] ], 
              [ [ 1, 2, 2, 3, 3, 2, 2, 2, 3, 2, 3, 2, 2, 3, 1, 3, 3, -20 ], [ 1, 2, 2, 1, 1, 2, 2, 2, 1, 2, 1, 2, 2, 1, 3, 1, 1, -14 ] ], 
              [ [ 1, 3, 3, 3, 3, 2, 4, 1, 2, 2, 3, 2, 2, 1, 2, 3, 4, -19 ], [ 1, 1, 1, 1, 1, 2, 0, 3, 2, 2, 1, 2, 2, 3, 2, 1, 0, -15 ] ], 
              [ [ 1, 2, 3, 1, 3, 1, 3, 2, 1, 0, 3, 3, 2, 1, 1, 3, 4, -17 ], [ 1, 2, 1, 3, 1, 3, 1, 2, 3, 4, 1, 1, 2, 3, 3, 1, 0, -17 ] ], 
              [ [ 1, 4, 1, 2, 1, 1, 2, 2, 2, 1, 4, 1, 2, 3, 3, 3, 2, -20 ], [ 1, 0, 3, 2, 3, 3, 2, 2, 2, 3, 0, 3, 2, 1, 1, 1, 2, -14 ] ], 
              [ [ 1, 4, 3, 0, 2, 0, 3, 2, 1, 1, 4, 2, 1, 2, 1, 3, 3, -17 ], [ 1, 0, 1, 4, 2, 4, 1, 2, 3, 3, 0, 2, 3, 2, 3, 1, 1, -17 ] ], 
              [ [ 1, 3, 2, 2, 3, 0, 2, 3, 2, 1, 4, 2, 1, 4, 1, 2, 3, -20 ], [ 1, 1, 2, 2, 1, 4, 2, 1, 2, 3, 0, 2, 3, 0, 3, 2, 1, -14 ] ], 
              [ [ 1, 3, 2, 1, 3, 0, 2, 3, 1, 0, 4, 3, 2, 3, 2, 2, 4, -20 ], [ 1, 1, 2, 3, 1, 4, 2, 1, 3, 4, 0, 1, 2, 1, 2, 2, 0, -14 ] ], 
              [ [ 1, 3, 1, 2, 1, 1, 2, 2, 2, 0, 4, 2, 2, 3, 3, 3, 2, -20 ], [ 1, 1, 3, 2, 3, 3, 2, 2, 2, 4, 0, 2, 2, 1, 1, 1, 2, -14 ] ], 
              [ [ 1, 3, 2, 1, 1, 2, 1, 2, 1, 0, 4, 1, 2, 3, 3, 2, 2, -19 ], [ 1, 1, 2, 3, 3, 2, 3, 2, 3, 4, 0, 3, 2, 1, 1, 2, 2, -15 ] ], 
              [ [ 1, 3, 2, 1, 2, 1, 2, 2, 2, 1, 4, 3, 2, 3, 2, 3, 3, -20 ], [ 1, 1, 2, 3, 2, 3, 2, 2, 2, 3, 0, 1, 2, 1, 2, 1, 1, -14 ] ], 
              [ [ 1, 3, 1, 2, 3, 0, 3, 3, 2, 1, 3, 1, 1, 3, 2, 3, 3, -19 ], [ 1, 1, 3, 2, 1, 4, 1, 1, 2, 3, 1, 3, 3, 1, 2, 1, 1, -15 ] ], 
              [ [ 1, 4, 1, 2, 2, 0, 4, 1, 2, 2, 2, 2, 1, 2, 2, 4, 3, -16 ], [ 1, 0, 3, 2, 2, 4, 0, 3, 2, 2, 2, 2, 3, 2, 2, 0, 1, -18 ] ], 
              [ [ 1, 3, 3, 1, 3, 1, 3, 3, 3, 1, 6, 3, 1, 3, 1, 3, 3, -23 ], [ 1, 1, 1, 3, 1, 3, 1, 1, 1, 3, -2, 1, 3, 1, 3, 1, 1, -11 ] ], 
              [ [ 1, 4, 4, 1, 2, 2, 3, 1, 1, 2, 4, 1, 1, 2, 2, 2, 3, -18 ], [ 1, 0, 0, 3, 2, 2, 1, 3, 3, 2, 0, 3, 3, 2, 2, 2, 1, -16 ] ], 
              [ [ 1, 3, 2, 0, 1, 1, 3, 3, 2, 0, 4, 2, 1, 2, 1, 4, 3, -18 ], [ 1, 1, 2, 4, 3, 3, 1, 1, 2, 4, 0, 2, 3, 2, 3, 0, 1, -16 ] ], 
              [ [ 1, 2, 1, 3, 2, 1, 0, 3, 1, 0, 2, 2, 3, 2, 2, 3, 3, -18 ], [ 1, 2, 3, 1, 2, 3, 4, 1, 3, 4, 2, 2, 1, 2, 2, 1, 1, -16 ] ], 
              [ [ 1, 3, 3, 2, 1, 3, 1, 1, 0, 1, 2, 1, 3, 0, 3, 3, 3, -16 ], [ 1, 1, 1, 2, 3, 1, 3, 3, 4, 3, 2, 3, 1, 4, 1, 1, 1, -18 ] ], 
              [ [ 1, 2, 2, 4, 2, 3, 0, 2, 1, 1, 2, 1, 3, 2, 3, 2, 3, -19 ], [ 1, 2, 2, 0, 2, 1, 4, 2, 3, 3, 2, 3, 1, 2, 1, 2, 1, -15 ] ], 
              [ [ 1, 2, 2, 4, 3, 2, 1, 1, 2, 2, 2, 2, 2, 2, 2, 3, 2, -18 ], [ 1, 2, 2, 0, 1, 2, 3, 3, 2, 2, 2, 2, 2, 2, 2, 1, 2, -16 ] ], 
              [ [ 1, 4, 2, 1, 1, 1, 2, 3, 1, 1, 3, 2, 2, 1, 2, 4, 4, -18 ], [ 1, 0, 2, 3, 3, 3, 2, 1, 3, 3, 1, 2, 2, 3, 2, 0, 0, -16 ] ], 
              [ [ 1, 3, 0, 3, 1, 1, 0, 2, 1, 1, 1, 1, 2, 3, 3, 3, 2, -16 ], [ 1, 1, 4, 1, 3, 3, 4, 2, 3, 3, 3, 3, 2, 1, 1, 1, 2, -18 ] ], 
              [ [ 1, 3, 2, 2, 3, 1, 1, 3, 0, 1, 2, 1, 2, 2, 3, 2, 4, -18 ], [ 1, 1, 2, 2, 1, 3, 3, 1, 4, 3, 2, 3, 2, 2, 1, 2, 0, -16 ] ], 
              [ [ 1, 3, 1, 3, 1, 2, 1, 2, 1, 1, 2, 0, 2, 2, 4, 3, 2, -18 ], [ 1, 1, 3, 1, 3, 2, 3, 2, 3, 3, 2, 4, 2, 2, 0, 1, 2, -16 ] ], 
              [ [ 1, 3, 1, 3, 2, 1, 1, 3, 2, 1, 3, 1, 1, 3, 2, 3, 2, -19 ], [ 1, 1, 3, 1, 2, 3, 3, 1, 2, 3, 1, 3, 3, 1, 2, 1, 2, -15 ] ], 
              [ [ 1, 3, 1, 3, 3, 0, 2, 3, 3, 2, 3, 3, 1, 3, 1, 4, 3, -20 ], [ 1, 1, 3, 1, 1, 4, 2, 1, 1, 2, 1, 1, 3, 1, 3, 0, 1, -14 ] ], 
              [ [ 1, 3, 2, 2, 2, 2, 1, 2, 1, 2, 2, 1, 2, 2, 3, 3, 3, -18 ], [ 1, 1, 2, 2, 2, 2, 3, 2, 3, 2, 2, 3, 2, 2, 1, 1, 1, -16 ] ], 
              [ [ 1, 3, 2, 2, 3, 1, 1, 3, 2, 2, 3, 2, 1, 3, 1, 3, 3, -19 ], [ 1, 1, 2, 2, 1, 3, 3, 1, 2, 2, 1, 2, 3, 1, 3, 1, 1, -15 ] ], 
              [ [ 1, 3, 1, 3, 1, 2, 1, 2, 3, 2, 3, 1, 1, 3, 2, 4, 1, -19 ], [ 1, 1, 3, 1, 3, 2, 3, 2, 1, 2, 1, 3, 3, 1, 2, 0, 3, -15 ] ], 
              [ [ 1, 3, 1, 2, 1, 2, 1, 2, 2, 1, 3, 2, 2, 2, 3, 4, 2, -19 ], [ 1, 1, 3, 2, 3, 2, 3, 2, 2, 3, 1, 2, 2, 2, 1, 0, 2, -15 ] ], 
              [ [ 1, 3, 3, 0, 1, 2, 1, 3, 0, 0, 3, 2, 2, 1, 2, 3, 4, -17 ], [ 1, 1, 1, 4, 3, 2, 3, 1, 4, 4, 1, 2, 2, 3, 2, 1, 0, -17 ] ], 
              [ [ 1, 3, 3, 2, 3, 2, 2, 3, 2, 2, 4, 1, 1, 2, 2, 3, 3, -21 ], [ 1, 1, 1, 2, 1, 2, 2, 1, 2, 2, 0, 3, 3, 2, 2, 1, 1, -13 ] ], 
              [ [ 1, 3, 2, 1, 1, 1, 2, 2, 1, 0, 3, 2, 1, 1, 2, 4, 2, -16 ], [ 1, 1, 2, 3, 3, 3, 2, 2, 3, 4, 1, 2, 3, 3, 2, 0, 2, -18 ] ], 
              [ [ 1, 4, 3, 2, 2, 2, 3, 1, 2, 3, 3, 2, 1, 1, 2, 4, 3, -18 ], [ 1, 0, 1, 2, 2, 2, 1, 3, 2, 1, 1, 2, 3, 3, 2, 0, 1, -16 ] ], 
              [ [ 1, 3, 3, 0, 2, 1, 2, 2, 1, 1, 3, 3, 1, 1, 1, 4, 3, -16 ], [ 1, 1, 1, 4, 2, 3, 2, 2, 3, 3, 1, 1, 3, 3, 3, 0, 1, -18 ] ], 
              [ [ 1, 3, 1, 1, 1, 1, 3, 3, 3, 1, 3, 3, 1, 1, 1, 6, 3, -18 ], [ 1, 1, 3, 3, 3, 3, 1, 1, 1, 3, 1, 1, 3, 3, 3, -2, 1, -16 ] ], 
              [ [ 1, 2, 2, 2, 3, 1, 1, 3, 2, 1, 3, 3, 1, 3, 1, 3, 3, -19 ], [ 1, 2, 2, 2, 1, 3, 3, 1, 2, 3, 1, 1, 3, 1, 3, 1, 1, -15 ] ], 
              [ [ 1, 2, 1, 2, 3, 1, 2, 3, 2, 1, 2, 2, 1, 2, 2, 4, 3, -18 ], [ 1, 2, 3, 2, 1, 3, 2, 1, 2, 3, 2, 2, 3, 2, 2, 0, 1, -16 ] ], 
              [ [ 1, 2, 3, 2, 3, 2, 2, 3, 2, 1, 4, 2, 1, 2, 2, 3, 3, -21 ], [ 1, 2, 1, 2, 1, 2, 2, 1, 2, 3, 0, 2, 3, 2, 2, 1, 1, -13 ] ], 
              [ [ 1, 3, 1, 1, 2, 0, 2, 3, 2, 1, 3, 2, 0, 3, 2, 4, 2, -18 ], [ 1, 1, 3, 3, 2, 4, 2, 1, 2, 3, 1, 2, 4, 1, 2, 0, 2, -16 ] ], 
              [ [ 1, 4, 3, 2, 2, 1, 3, 1, 2, 2, 3, 2, 0, 3, 1, 3, 2, -17 ], [ 1, 0, 1, 2, 2, 3, 1, 3, 2, 2, 1, 2, 4, 1, 3, 1, 2, -17 ] ], 
              [ [ 1, 4, 3, 1, 2, 1, 3, 1, 1, 1, 3, 3, 1, 2, 2, 3, 3, -17 ], [ 1, 0, 1, 3, 2, 3, 1, 3, 3, 3, 1, 1, 3, 2, 2, 1, 1, -17 ] ], 
              [ [ 1, 3, 3, 2, 3, 1, 1, 3, 2, 1, 4, 4, 1, 3, 1, 3, 3, -21 ], [ 1, 1, 1, 2, 1, 3, 3, 1, 2, 3, 0, 0, 3, 1, 3, 1, 1, -13 ] ], 
              [ [ 1, 4, 4, 2, 2, 2, 1, 1, 0, 2, 2, 2, 1, 2, 2, 2, 3, -16 ], [ 1, 0, 0, 2, 2, 2, 3, 3, 4, 2, 2, 2, 3, 2, 2, 2, 1, -18 ] ], 
              [ [ 1, 4, 2, 3, 1, 2, 2, 2, 2, 2, 2, 2, 1, 2, 2, 4, 3, -18 ], [ 1, 0, 2, 1, 3, 2, 2, 2, 2, 2, 2, 2, 3, 2, 2, 0, 1, -16 ] ], 
              [ [ 1, 3, 2, 1, 1, 1, 1, 3, 1, 0, 2, 3, 1, 2, 1, 4, 3, -16 ], [ 1, 1, 2, 3, 3, 3, 3, 1, 3, 4, 2, 1, 3, 2, 3, 0, 1, -18 ] ], 
              [ [ 1, 4, 3, 2, 2, 2, 2, 2, 2, 2, 4, 2, 0, 3, 3, 3, 2, -21 ], [ 1, 0, 1, 2, 2, 2, 2, 2, 2, 2, 0, 2, 4, 1, 1, 1, 2, -13 ] ], 
              [ [ 1, 1, 1, 3, 1, 3, 1, 1, 1, 1, 1, 1, 6, 1, 3, 1, 3, -16 ], [ 1, 3, 3, 1, 3, 1, 3, 3, 3, 3, 3, 3, -2, 3, 1, 3, 1, -18 ] ], 
              [ [ 1, 2, 0, 2, 1, 1, 2, 2, 2, 1, 2, 1, 4, 2, 2, 2, 2, -16 ], [ 1, 2, 4, 2, 3, 3, 2, 2, 2, 3, 2, 3, 0, 2, 2, 2, 2, -18 ] ], 
              [ [ 1, 2, 2, 3, 2, 2, 2, 0, 1, 2, 2, 1, 4, 2, 3, 0, 2, -16 ], [ 1, 2, 2, 1, 2, 2, 2, 4, 3, 2, 2, 3, 0, 2, 1, 4, 2, -18 ] ], 
              [ [ 1, 1, 1, 3, 3, 2, 2, 3, 3, 2, 3, 1, 4, 3, 2, 1, 3, -21 ], [ 1, 3, 3, 1, 1, 2, 2, 1, 1, 2, 1, 3, 0, 1, 2, 3, 1, -13 ] ], 
              [ [ 1, 1, 0, 2, 1, 1, 2, 2, 2, 0, 2, 2, 4, 2, 2, 2, 2, -16 ], [ 1, 3, 4, 2, 3, 3, 2, 2, 2, 4, 2, 2, 0, 2, 2, 2, 2, -18 ] ], 
              [ [ 1, 2, 1, 3, 1, 3, 2, 1, 2, 2, 2, 0, 4, 2, 3, 1, 2, -17 ], [ 1, 2, 3, 1, 3, 1, 2, 3, 2, 2, 2, 4, 0, 2, 1, 3, 2, -17 ] ], 
              [ [ 1, 2, 1, 3, 2, 2, 3, 1, 3, 3, 2, 2, 4, 2, 2, 2, 3, -18 ], [ 1, 2, 3, 1, 2, 2, 1, 3, 1, 1, 2, 2, 0, 2, 2, 2, 1, -16 ] ], 
              [ [ 1, 1, 1, 1, 1, 2, 1, 2, 1, 0, 2, 1, 4, 2, 2, 1, 2, -15 ], [ 1, 3, 3, 3, 3, 2, 3, 2, 3, 4, 2, 3, 0, 2, 2, 3, 2, -19 ] ], 
              [ [ 1, 1, 1, 1, 2, 1, 2, 2, 2, 1, 2, 3, 4, 2, 1, 2, 3, -16 ], [ 1, 3, 3, 3, 2, 3, 2, 2, 2, 3, 2, 1, 0, 2, 3, 2, 1, -18 ] ], 
              [ [ 1, 2, 1, 3, 2, 2, 3, 0, 1, 2, 1, 0, 4, 1, 4, 1, 2, -15 ], [ 1, 2, 3, 1, 2, 2, 1, 4, 3, 2, 3, 4, 0, 3, 0, 3, 2, -19 ] ], 
              [ [ 1, 2, 1, 3, 2, 2, 3, 0, 3, 3, 2, 1, 3, 2, 2, 2, 1, -16 ], [ 1, 2, 3, 1, 2, 2, 1, 4, 1, 1, 2, 3, 1, 2, 2, 2, 3, -18 ] ], 
              [ [ 1, 1, 2, 1, 2, 2, 3, 2, 2, 1, 3, 2, 4, 1, 2, 2, 3, -18 ], [ 1, 3, 2, 3, 2, 2, 1, 2, 2, 3, 1, 2, 0, 3, 2, 2, 1, -16 ] ], 
              [ [ 1, 1, 2, 1, 3, 1, 3, 3, 3, 1, 4, 3, 3, 2, 0, 2, 3, -19 ], [ 1, 3, 2, 3, 1, 3, 1, 1, 1, 3, 0, 1, 1, 2, 4, 2, 1, -15 ] ], 
              [ [ 1, 2, 3, 1, 2, 2, 3, 1, 1, 2, 2, 1, 3, 1, 1, 1, 3, -14 ], [ 1, 2, 1, 3, 2, 2, 1, 3, 3, 2, 2, 3, 1, 3, 3, 3, 1, -20 ] ], 
              [ [ 1, 2, 2, 1, 0, 3, 3, 0, 1, 1, 2, 1, 4, 0, 3, 2, 2, -14 ], [ 1, 2, 2, 3, 4, 1, 1, 4, 3, 3, 2, 3, 0, 4, 1, 2, 2, -20 ] ], 
              [ [ 1, 0, 1, 3, 3, 2, 2, 2, 3, 1, 3, 1, 3, 3, 2, 1, 1, -19 ], [ 1, 4, 3, 1, 1, 2, 2, 2, 1, 3, 1, 3, 1, 1, 2, 3, 3, -15 ] ], 
              [ [ 1, 1, 1, 3, 2, 2, 3, 0, 3, 2, 2, 2, 3, 2, 2, 2, 1, -16 ], [ 1, 3, 3, 1, 2, 2, 1, 4, 1, 2, 2, 2, 1, 2, 2, 2, 3, -18 ] ], 
              [ [ 1, 1, 3, 2, 4, 2, 4, 1, 2, 2, 3, 2, 3, 1, 2, 1, 3, -18 ], [ 1, 3, 1, 2, 0, 2, 0, 3, 2, 2, 1, 2, 1, 3, 2, 3, 1, -16 ] ], 
              [ [ 1, 2, 1, 1, 2, 1, 3, 2, 1, 1, 2, 1, 3, 2, 3, 1, 3, -16 ], [ 1, 2, 3, 3, 2, 3, 1, 2, 3, 3, 2, 3, 1, 2, 1, 3, 1, -18 ] ], 
              [ [ 1, 2, 1, 1, 1, 2, 3, 1, 2, 2, 2, 1, 3, 2, 3, 2, 2, -16 ], [ 1, 2, 3, 3, 3, 2, 1, 3, 2, 2, 2, 3, 1, 2, 1, 2, 2, -18 ] ], 
              [ [ 1, 2, 1, 1, 2, 1, 3, 2, 3, 2, 3, 2, 2, 3, 1, 2, 2, -17 ], [ 1, 2, 3, 3, 2, 3, 1, 2, 1, 2, 1, 2, 2, 1, 3, 2, 2, -17 ] ], 
              [ [ 1, 2, 1, 1, 3, 0, 4, 1, 2, 2, 2, 2, 2, 2, 2, 2, 2, -15 ], [ 1, 2, 3, 3, 1, 4, 0, 3, 2, 2, 2, 2, 2, 2, 2, 2, 2, -19 ] ], 
              [ [ 1, 2, 2, 1, 2, 2, 4, 2, 3, 2, 4, 1, 2, 2, 2, 2, 2, -19 ], [ 1, 2, 2, 3, 2, 2, 0, 2, 1, 2, 0, 3, 2, 2, 2, 2, 2, -15 ] ], 
              [ [ 1, 1, 1, 4, 3, 2, 1, 2, 2, 2, 2, 1, 4, 2, 3, 1, 2, -19 ], [ 1, 3, 3, 0, 1, 2, 3, 2, 2, 2, 2, 3, 0, 2, 1, 3, 2, -15 ] ], 
              [ [ 1, 1, 0, 3, 1, 2, 1, 2, 1, 1, 0, 0, 4, 1, 3, 2, 2, -14 ], [ 1, 3, 4, 1, 3, 2, 3, 2, 3, 3, 4, 4, 0, 3, 1, 2, 2, -20 ] ], 
              [ [ 1, 1, 1, 2, 2, 2, 1, 2, 1, 2, 0, 1, 4, 1, 2, 2, 3, -14 ], [ 1, 3, 3, 2, 2, 2, 3, 2, 3, 2, 4, 3, 0, 3, 2, 2, 1, -20 ] ], 
              [ [ 1, 1, 0, 3, 1, 2, 1, 2, 3, 2, 1, 1, 3, 2, 1, 3, 1, -15 ], [ 1, 3, 4, 1, 3, 2, 3, 2, 1, 2, 3, 3, 1, 2, 3, 1, 3, -19 ] ], 
              [ [ 1, 1, 0, 2, 1, 2, 1, 2, 2, 1, 1, 2, 4, 1, 2, 3, 2, -15 ], [ 1, 3, 4, 2, 3, 2, 3, 2, 2, 3, 3, 2, 0, 3, 2, 1, 2, -19 ] ], 
              [ [ 1, 1, 2, 2, 1, 3, 1, 2, 2, 1, 3, 2, 4, 1, 2, 2, 2, -18 ], [ 1, 3, 2, 2, 3, 1, 3, 2, 2, 3, 1, 2, 0, 3, 2, 2, 2, -16 ] ], 
              [ [ 1, 1, 2, 2, 3, 2, 2, 3, 2, 2, 2, 1, 3, 1, 1, 2, 3, -17 ], [ 1, 3, 2, 2, 1, 2, 2, 1, 2, 2, 2, 3, 1, 3, 3, 2, 1, -17 ] ], 
              [ [ 1, 1, 1, 2, 1, 3, 2, 2, 2, 1, 2, 1, 4, 0, 3, 3, 2, -17 ], [ 1, 3, 3, 2, 3, 1, 2, 2, 2, 3, 2, 3, 0, 4, 1, 1, 2, -17 ] ], 
              [ [ 1, 2, 2, 2, 2, 2, 3, 1, 2, 3, 1, 2, 3, 0, 1, 3, 3, -14 ], [ 1, 2, 2, 2, 2, 2, 1, 3, 2, 1, 3, 2, 1, 4, 3, 1, 1, -20 ] ], 
              [ [ 1, 0, 2, 3, 3, 3, 0, 2, 1, 1, 2, 1, 4, 2, 3, 0, 2, -18 ], [ 1, 4, 2, 1, 1, 1, 4, 2, 3, 3, 2, 3, 0, 2, 1, 4, 2, -16 ] ], 
              [ [ 1, 0, 0, 4, 2, 3, 1, 3, 3, 1, 2, 1, 4, 2, 3, 2, 2, -20 ], [ 1, 4, 4, 0, 2, 1, 3, 1, 1, 3, 2, 3, 0, 2, 1, 2, 2, -14 ] ], 
              [ [ 1, 0, 1, 3, 3, 3, 1, 3, 3, 2, 2, 2, 4, 2, 2, 2, 3, -20 ], [ 1, 4, 3, 1, 1, 1, 3, 1, 1, 2, 2, 2, 0, 2, 2, 2, 1, -14 ] ], 
              [ [ 1, 0, 0, 4, 3, 2, 2, 2, 4, 2, 2, 2, 3, 2, 2, 3, 1, -19 ], [ 1, 4, 4, 0, 1, 2, 2, 2, 0, 2, 2, 2, 1, 2, 2, 1, 3, -15 ] ], 
              [ [ 1, 1, 1, 4, 2, 3, 2, 0, 2, 3, 0, 0, 3, 1, 3, 2, 1, -14 ], [ 1, 3, 3, 0, 2, 1, 2, 4, 2, 1, 4, 4, 1, 3, 1, 2, 3, -20 ] ], 
              [ [ 1, 0, 2, 2, 3, 2, 2, 3, 2, 1, 2, 2, 3, 1, 1, 2, 3, -17 ], [ 1, 4, 2, 2, 1, 2, 2, 1, 2, 3, 2, 2, 1, 3, 3, 2, 1, -17 ] ], 
              [ [ 1, 2, 0, 1, 0, 1, 1, 2, 2, 1, 2, 2, 3, 2, 2, 3, 1, -15 ], [ 1, 2, 4, 3, 4, 3, 3, 2, 2, 3, 2, 2, 1, 2, 2, 1, 3, -19 ] ], 
              [ [ 1, 2, 2, 0, 2, 1, 2, 3, 1, 1, 3, 2, 3, 1, 2, 2, 3, -17 ], [ 1, 2, 2, 4, 2, 3, 2, 1, 3, 3, 1, 2, 1, 3, 2, 2, 1, -17 ] ], 
              [ [ 1, 2, 0, 4, 2, 2, 1, 1, 2, 3, 1, 0, 3, 3, 4, 1, 1, -17 ], [ 1, 2, 4, 0, 2, 2, 3, 3, 2, 1, 3, 4, 1, 1, 0, 3, 3, -17 ] ], 
              [ [ 1, 1, 0, 2, 2, 1, 0, 2, 1, 1, 1, 1, 3, 3, 3, 1, 1, -15 ], [ 1, 3, 4, 2, 2, 3, 4, 2, 3, 3, 3, 3, 1, 1, 1, 3, 3, -19 ] ], 
              [ [ 1, 1, -2, 3, 1, 1, 1, 3, 3, 1, 1, 1, 3, 3, 3, 3, 1, -17 ], [ 1, 3, 6, 1, 3, 3, 3, 1, 1, 3, 3, 3, 1, 1, 1, 1, 3, -17 ] ], 
              [ [ 1, 1, 1, 2, 3, 1, 1, 4, 2, 1, 3, 2, 3, 3, 2, 1, 3, -20 ], [ 1, 3, 3, 2, 1, 3, 3, 0, 2, 3, 1, 2, 1, 1, 2, 3, 1, -14 ] ], 
              [ [ 1, 1, 1, 2, 1, 3, 0, 3, 2, 1, 3, 0, 3, 3, 3, 1, 1, -19 ], [ 1, 3, 3, 2, 3, 1, 4, 1, 2, 3, 1, 4, 1, 1, 1, 3, 3, -15 ] ], 
              [ [ 1, 1, 1, 2, 2, 2, 1, 3, 3, 2, 3, 2, 3, 3, 2, 2, 2, -20 ], [ 1, 3, 3, 2, 2, 2, 3, 1, 1, 2, 1, 2, 1, 1, 2, 2, 2, -14 ] ], 
              [ [ 1, 1, 1, 2, 2, 2, 1, 2, 1, 1, 2, 0, 3, 2, 4, 1, 1, -17 ], [ 1, 3, 3, 2, 2, 2, 3, 2, 3, 3, 2, 4, 1, 2, 0, 3, 3, -17 ] ], 
              [ [ 1, 1, 1, 2, 3, 1, 1, 3, 2, 1, 3, 1, 2, 3, 2, 1, 1, -18 ], [ 1, 3, 3, 2, 1, 3, 3, 1, 2, 3, 1, 3, 2, 1, 2, 3, 3, -16 ] ], 
              [ [ 1, 1, 1, 2, 4, 0, 2, 3, 3, 2, 3, 3, 2, 3, 1, 2, 2, -19 ], [ 1, 3, 3, 2, 0, 4, 2, 1, 1, 2, 1, 1, 2, 1, 3, 2, 2, -15 ] ], 
              [ [ 1, 2, 1, 2, 0, 3, 1, 1, 2, 2, 2, 1, 3, 2, 3, 2, 1, -16 ], [ 1, 2, 3, 2, 4, 1, 3, 3, 2, 2, 2, 3, 1, 2, 1, 2, 3, -18 ] ], 
              [ [ 1, 1, 1, 2, 2, 2, 1, 2, 3, 2, 3, 1, 2, 3, 2, 2, 0, -18 ], [ 1, 3, 3, 2, 2, 2, 3, 2, 1, 2, 1, 3, 2, 1, 2, 2, 4, -16 ] ], 
              [ [ 1, 2, 2, 2, 3, 1, 2, 1, 1, 3, 1, 1, 2, 2, 2, 1, 2, -14 ], [ 1, 2, 2, 2, 1, 3, 2, 3, 3, 1, 3, 3, 2, 2, 2, 3, 2, -20 ] ], 
              [ [ 1, 2, 1, 2, 1, 2, 2, 0, 1, 2, 1, 1, 3, 1, 4, 2, 1, -14 ], [ 1, 2, 3, 2, 3, 2, 2, 4, 3, 2, 3, 3, 1, 3, 0, 2, 3, -20 ] ], 
              [ [ 1, 2, 1, 2, 2, 1, 2, 1, 2, 2, 2, 2, 2, 2, 2, 2, 1, -15 ], [ 1, 2, 3, 2, 2, 3, 2, 3, 2, 2, 2, 2, 2, 2, 2, 2, 3, -19 ] ], 
              [ [ 1, 1, 0, 2, 3, 1, 2, 4, 2, 1, 2, 1, 3, 2, 3, 2, 3, -19 ], [ 1, 3, 4, 2, 1, 3, 2, 0, 2, 3, 2, 3, 1, 2, 1, 2, 1, -15 ] ], 
              [ [ 1, 1, 0, 2, 2, 2, 2, 3, 3, 2, 2, 1, 3, 2, 3, 3, 2, -19 ], [ 1, 3, 4, 2, 2, 2, 2, 1, 1, 2, 2, 3, 1, 2, 1, 1, 2, -15 ] ], 
              [ [ 1, 1, 0, 2, 3, 1, 2, 4, 4, 2, 3, 2, 2, 3, 1, 3, 2, -20 ], [ 1, 3, 4, 2, 1, 3, 2, 0, 0, 2, 1, 2, 2, 1, 3, 1, 2, -14 ] ], 
              [ [ 1, 2, 0, 3, 2, 1, 3, 2, 3, 3, 1, 1, 2, 2, 2, 3, 2, -16 ], [ 1, 2, 4, 1, 2, 3, 1, 2, 1, 1, 3, 3, 2, 2, 2, 1, 2, -18 ] ], 
              [ [ 1, 2, 0, 2, 2, 1, 3, 2, 2, 2, 1, 2, 3, 1, 3, 3, 3, -16 ], [ 1, 2, 4, 2, 2, 3, 1, 2, 2, 2, 3, 2, 1, 3, 1, 1, 1, -18 ] ], 
              [ [ 1, 1, 0, 1, 2, 0, 2, 3, 2, 1, 1, 2, 2, 2, 1, 3, 2, -14 ], [ 1, 3, 4, 3, 2, 4, 2, 1, 2, 3, 3, 2, 2, 2, 3, 1, 2, -20 ] ], 
              [ [ 1, 2, 1, 2, 2, 2, 2, 2, 2, 3, 1, 0, 2, 2, 2, 2, 2, -15 ], [ 1, 2, 3, 2, 2, 2, 2, 2, 2, 1, 3, 4, 2, 2, 2, 2, 2, -19 ] ], 
              [ [ 1, 2, 0, 2, 0, 3, 2, 1, 2, 2, 1, 0, 3, 1, 4, 3, 1, -15 ], [ 1, 2, 4, 2, 4, 1, 2, 3, 2, 2, 3, 4, 1, 3, 0, 1, 3, -19 ] ], 
              [ [ 1, 2, 3, 1, 2, 3, 2, 2, 1, 2, 3, 1, 3, 1, 3, 1, 3, -18 ], [ 1, 2, 1, 3, 2, 1, 2, 2, 3, 2, 1, 3, 1, 3, 1, 3, 1, -16 ] ], 
              [ [ 1, 2, 2, 2, 2, 2, 3, 1, 2, 2, 3, 1, 2, 1, 3, 2, 1, -17 ], [ 1, 2, 2, 2, 2, 2, 1, 3, 2, 2, 1, 3, 2, 3, 1, 2, 3, -17 ] ], 
              [ [ 1, 2, 3, 1, 3, 2, 3, 1, 2, 3, 3, 2, 2, 1, 2, 2, 2, -17 ], [ 1, 2, 1, 3, 1, 2, 1, 3, 2, 1, 1, 2, 2, 3, 2, 2, 2, -17 ] ], 
              [ [ 1, 1, 1, 0, 1, 2, 2, 4, 2, 0, 3, 2, 3, 1, 2, 3, 3, -18 ], [ 1, 3, 3, 4, 3, 2, 2, 0, 2, 4, 1, 2, 1, 3, 2, 1, 1, -16 ] ], 
              [ [ 1, 2, 1, 2, 2, 2, 4, 2, 4, 3, 3, 2, 2, 1, 2, 4, 2, -19 ], [ 1, 2, 3, 2, 2, 2, 0, 2, 0, 1, 1, 2, 2, 3, 2, 0, 2, -15 ] ], 
              [ [ 1, 1, 1, 0, 2, 1, 3, 3, 3, 1, 3, 3, 2, 1, 1, 4, 2, -17 ], [ 1, 3, 3, 4, 2, 3, 1, 1, 1, 3, 1, 1, 2, 3, 3, 0, 2, -17 ] ], 
              [ [ 1, 2, 2, 0, 1, 2, 3, 1, 1, 2, 1, 1, 2, 0, 2, 3, 2, -12 ], [ 1, 2, 2, 4, 3, 2, 1, 3, 3, 2, 3, 3, 2, 4, 2, 1, 2, -22 ] ], 
              [ [ 1, 1, 2, 3, 4, 2, 2, 2, 3, 3, 3, 2, 2, 3, 2, 1, 2, -20 ], [ 1, 3, 2, 1, 0, 2, 2, 2, 1, 1, 1, 2, 2, 1, 2, 3, 2, -14 ] ], 
              [ [ 1, 0, 0, 2, 3, 1, 2, 4, 4, 1, 3, 3, 2, 3, 1, 3, 2, -20 ], [ 1, 4, 4, 2, 1, 3, 2, 0, 0, 3, 1, 1, 2, 1, 3, 1, 2, -14 ] ], 
              [ [ 1, 1, 1, 2, 2, 2, 2, 2, 2, 2, 1, 1, 2, 2, 2, 2, 2, -15 ], [ 1, 3, 3, 2, 2, 2, 2, 2, 2, 2, 3, 3, 2, 2, 2, 2, 2, -19 ] ], 
              [ [ 1, 1, 1, 3, 4, 2, 3, 2, 3, 3, 2, 1, 2, 2, 3, 2, 2, -19 ], [ 1, 3, 3, 1, 0, 2, 1, 2, 1, 1, 2, 3, 2, 2, 1, 2, 2, -15 ] ], 
              [ [ 1, 1, 2, 1, 2, 3, 3, 2, 3, 2, 3, 2, 2, 1, 2, 3, 2, -18 ], [ 1, 3, 2, 3, 2, 1, 1, 2, 1, 2, 1, 2, 2, 3, 2, 1, 2, -16 ] ], 
              [ [ 1, 3, 1, 0, 1, 1, 2, 2, 1, 2, 2, 1, 2, 2, 3, 2, 2, -15 ], [ 1, 1, 3, 4, 3, 3, 2, 2, 3, 2, 2, 3, 2, 2, 1, 2, 2, -19 ] ], 
              [ [ 1, 2, 1, 2, 3, 1, 3, 2, 3, 3, 3, 1, 1, 3, 3, 2, 1, -19 ], [ 1, 2, 3, 2, 1, 3, 1, 2, 1, 1, 1, 3, 3, 1, 1, 2, 3, -15 ] ], 
              [ [ 1, 1, 0, 3, 1, 3, 0, 3, 3, 2, 2, 1, 3, 2, 3, 3, 1, -19 ], [ 1, 3, 4, 1, 3, 1, 4, 1, 1, 2, 2, 3, 1, 2, 1, 1, 3, -15 ] ], 
              [ [ 1, 1, 2, 1, 2, 2, 1, 3, 2, 2, 2, 2, 2, 1, 1, 3, 2, -16 ], [ 1, 3, 2, 3, 2, 2, 3, 1, 2, 2, 2, 2, 2, 3, 3, 1, 2, -18 ] ], 
              [ [ 1, 0, 0, 3, 3, 2, 1, 4, 3, 2, 1, 1, 2, 2, 2, 3, 2, -18 ], [ 1, 4, 4, 1, 1, 2, 3, 0, 1, 2, 3, 3, 2, 2, 2, 1, 2, -16 ] ], 
              [ [ 1, 1, 0, 1, 2, 1, 1, 4, 2, 1, 2, 2, 2, 2, 3, 3, 2, -18 ], [ 1, 3, 4, 3, 2, 3, 3, 0, 2, 3, 2, 2, 2, 2, 1, 1, 2, -16 ] ], 
              [ [ 1, 3, 2, 2, 0, 2, 2, 0, 0, 1, 1, 1, 4, 1, 3, 1, 2, -13 ], [ 1, 1, 2, 2, 4, 2, 2, 4, 4, 3, 3, 3, 0, 3, 1, 3, 2, -21 ] ], 
              [ [ 1, 3, 3, 1, 1, 2, 2, 0, 0, 2, 1, 2, 4, 1, 2, 1, 3, -13 ], [ 1, 1, 1, 3, 3, 2, 2, 4, 4, 2, 3, 2, 0, 3, 2, 3, 1, -21 ] ], 
              [ [ 1, 3, 2, 2, 0, 2, 2, 0, 2, 2, 2, 2, 3, 2, 1, 2, 1, -14 ], [ 1, 1, 2, 2, 4, 2, 2, 4, 2, 2, 2, 2, 1, 2, 3, 2, 3, -20 ] ], 
              [ [ 1, 3, 1, 2, 0, 2, 3, 1, 2, 2, 1, 2, 4, 1, 2, 3, 3, -15 ], [ 1, 1, 3, 2, 4, 2, 1, 3, 2, 2, 3, 2, 0, 3, 2, 1, 1, -19 ] ], 
              [ [ 1, 3, 4, 1, 2, 2, 3, 1, 1, 2, 3, 2, 3, 1, 1, 1, 3, -16 ], [ 1, 1, 0, 3, 2, 2, 1, 3, 3, 2, 1, 2, 1, 3, 3, 3, 1, -18 ] ], 
              [ [ 1, 2, 2, 3, 2, 2, 1, 1, 1, 2, 1, 2, 4, 3, 2, 0, 3, -16 ], [ 1, 2, 2, 1, 2, 2, 3, 3, 3, 2, 3, 2, 0, 1, 2, 4, 1, -18 ] ], 
              [ [ 1, 2, 1, 4, 2, 1, 2, 0, 2, 2, 1, 2, 3, 3, 2, 1, 1, -15 ], [ 1, 2, 3, 0, 2, 3, 2, 4, 2, 2, 3, 2, 1, 1, 2, 3, 3, -19 ] ], 
              [ [ 1, 2, 2, 3, 2, 2, 1, 0, 1, 2, 1, 1, 3, 3, 2, 0, 1, -14 ], [ 1, 2, 2, 1, 2, 2, 3, 4, 3, 2, 3, 3, 1, 1, 2, 4, 3, -20 ] ], 
              [ [ 1, 2, 1, 3, 2, 2, 2, 1, 1, 2, 0, 1, 4, 2, 3, 1, 3, -15 ], [ 1, 2, 3, 1, 2, 2, 2, 3, 3, 2, 4, 3, 0, 2, 1, 3, 1, -19 ] ], 
              [ [ 1, 2, 0, 4, 1, 2, 2, 1, 3, 2, 1, 1, 3, 3, 2, 2, 1, -16 ], [ 1, 2, 4, 0, 3, 2, 2, 3, 1, 2, 3, 3, 1, 1, 2, 2, 3, -18 ] ], 
              [ [ 1, 2, 3, 3, 2, 3, 2, 1, 1, 2, 2, 1, 4, 2, 3, 0, 3, -18 ], [ 1, 2, 1, 1, 2, 1, 2, 3, 3, 2, 2, 3, 0, 2, 1, 4, 1, -16 ] ], 
              [ [ 1, 2, 3, 3, 3, 2, 2, 2, 2, 2, 3, 2, 3, 3, 1, 0, 3, -19 ], [ 1, 2, 1, 1, 1, 2, 2, 2, 2, 2, 1, 2, 1, 1, 3, 4, 1, -15 ] ], 
              [ [ 1, 2, 2, 3, 1, 3, 2, 1, 2, 1, 3, 2, 4, 2, 3, 1, 2, -19 ], [ 1, 2, 2, 1, 3, 1, 2, 3, 2, 3, 1, 2, 0, 2, 1, 3, 2, -15 ] ], 
              [ [ 1, 2, 3, 3, 2, 3, 2, 1, 3, 3, 3, 2, 3, 3, 1, 1, 2, -19 ], [ 1, 2, 1, 1, 2, 1, 2, 3, 1, 1, 1, 2, 1, 1, 3, 3, 2, -15 ] ], 
              [ [ 1, 2, 3, 2, 2, 3, 2, 1, 2, 2, 3, 3, 4, 2, 2, 1, 3, -19 ], [ 1, 2, 1, 2, 2, 1, 2, 3, 2, 2, 1, 1, 0, 2, 2, 3, 1, -15 ] ], 
              [ [ 1, 2, 3, 3, 4, 1, 3, 1, 1, 2, 2, 2, 3, 2, 2, 0, 3, -17 ], [ 1, 2, 1, 1, 0, 3, 1, 3, 3, 2, 2, 2, 1, 2, 2, 4, 1, -17 ] ], 
              [ [ 1, 2, 3, 3, 2, 3, 2, 0, 1, 2, 2, 0, 3, 2, 3, 0, 1, -16 ], [ 1, 2, 1, 1, 2, 1, 2, 4, 3, 2, 2, 4, 1, 2, 1, 4, 3, -18 ] ], 
              [ [ 1, 2, 3, 3, 3, 2, 3, 0, 2, 3, 2, 2, 3, 2, 2, 1, 2, -17 ], [ 1, 2, 1, 1, 1, 2, 1, 4, 2, 1, 2, 2, 1, 2, 2, 3, 2, -17 ] ], 
              [ [ 1, 2, 3, 3, 4, 1, 3, 1, 3, 3, 3, 3, 2, 3, 0, 1, 2, -18 ], [ 1, 2, 1, 1, 0, 3, 1, 3, 1, 1, 1, 1, 2, 1, 4, 3, 2, -16 ] ], 
              [ [ 1, 2, 2, 3, 2, 2, 3, 0, 3, 2, 3, 3, 3, 2, 2, 2, 1, -18 ], [ 1, 2, 2, 1, 2, 2, 1, 4, 1, 2, 1, 1, 1, 2, 2, 2, 3, -16 ] ], 
              [ [ 1, 3, 3, 3, 1, 3, 3, -2, 1, 3, 1, 1, 3, 1, 3, 1, 1, -13 ], [ 1, 1, 1, 1, 3, 1, 1, 6, 3, 1, 3, 3, 1, 3, 1, 3, 3, -21 ] ], 
              [ [ 1, 2, 2, 3, 3, 2, 3, 2, 2, 2, 2, 1, 3, 2, 2, 1, 3, -18 ], [ 1, 2, 2, 1, 1, 2, 1, 2, 2, 2, 2, 3, 1, 2, 2, 3, 1, -16 ] ], 
              [ [ 1, 2, 2, 3, 4, 1, 4, 2, 3, 3, 2, 3, 3, 2, 1, 2, 4, -19 ], [ 1, 2, 2, 1, 0, 3, 0, 2, 1, 1, 2, 1, 1, 2, 3, 2, 0, -15 ] ], 
              [ [ 1, 2, 2, 1, 0, 3, 2, 1, 1, 1, 1, 2, 4, 1, 2, 2, 3, -14 ], [ 1, 2, 2, 3, 4, 1, 2, 3, 3, 3, 3, 2, 0, 3, 2, 2, 1, -20 ] ], 
              [ [ 1, 2, 2, 3, 2, 3, 3, 1, 3, 3, 2, 1, 3, 2, 2, 2, 2, -18 ], [ 1, 2, 2, 1, 2, 1, 1, 3, 1, 1, 2, 3, 1, 2, 2, 2, 2, -16 ] ], 
              [ [ 1, 3, 2, 3, 2, 2, 4, 0, 2, 3, 1, 2, 3, 1, 2, 2, 3, -15 ], [ 1, 1, 2, 1, 2, 2, 0, 4, 2, 1, 3, 2, 1, 3, 2, 2, 1, -19 ] ], 
              [ [ 1, 2, 2, 2, 2, 1, 3, 1, 2, 2, 1, 2, 2, 2, 0, 2, 2, -13 ], [ 1, 2, 2, 2, 2, 3, 1, 3, 2, 2, 3, 2, 2, 2, 4, 2, 2, -21 ] ], 
              [ [ 1, 2, 2, 1, 2, 1, 3, 1, 1, 1, 1, 3, 3, 1, 1, 2, 3, -13 ], [ 1, 2, 2, 3, 2, 3, 1, 3, 3, 3, 3, 1, 1, 3, 3, 2, 1, -21 ] ], 
              [ [ 1, 2, 1, 2, 0, 2, 3, 0, 2, 1, 1, 2, 3, 1, 2, 3, 1, -13 ], [ 1, 2, 3, 2, 4, 2, 1, 4, 2, 3, 3, 2, 1, 3, 2, 1, 3, -21 ] ], 
              [ [ 1, 2, 4, 1, 2, 2, 3, 1, 1, 1, 3, 3, 3, 1, 1, 1, 3, -16 ], [ 1, 2, 0, 3, 2, 2, 1, 3, 3, 3, 1, 1, 1, 3, 3, 3, 1, -18 ] ], 
              [ [ 1, 2, 3, 1, 1, 3, 3, 2, 2, 1, 3, 2, 3, 1, 1, 2, 3, -17 ], [ 1, 2, 1, 3, 3, 1, 1, 2, 2, 3, 1, 2, 1, 3, 3, 2, 1, -17 ] ], 
              [ [ 1, 2, 3, 1, 2, 2, 4, 2, 3, 2, 3, 4, 3, 1, 0, 3, 4, -18 ], [ 1, 2, 1, 3, 2, 2, 0, 2, 1, 2, 1, 0, 1, 3, 4, 1, 0, -16 ] ], 
              [ [ 1, 2, 3, 1, 2, 2, 4, 1, 1, 1, 2, 2, 3, 0, 2, 2, 3, -15 ], [ 1, 2, 1, 3, 2, 2, 0, 3, 3, 3, 2, 2, 1, 4, 2, 2, 1, -19 ] ], 
              [ [ 1, 2, 3, 1, 2, 2, 4, 1, 3, 2, 3, 3, 2, 1, 0, 3, 2, -16 ], [ 1, 2, 1, 3, 2, 2, 0, 3, 1, 2, 1, 1, 2, 3, 4, 1, 2, -18 ] ], 
              [ [ 1, 1, 2, 3, 3, 2, 3, 2, 2, 1, 2, 2, 3, 2, 2, 1, 3, -18 ], [ 1, 3, 2, 1, 1, 2, 1, 2, 2, 3, 2, 2, 1, 2, 2, 3, 1, -16 ] ], 
              [ [ 1, 1, 3, 2, 4, 2, 3, 2, 2, 2, 2, 3, 3, 2, 1, 1, 4, -18 ], [ 1, 3, 1, 2, 0, 2, 1, 2, 2, 2, 2, 1, 1, 2, 3, 3, 0, -16 ] ], 
              [ [ 1, 1, 2, 3, 2, 3, 3, 1, 3, 2, 2, 2, 3, 2, 2, 2, 2, -18 ], [ 1, 3, 2, 1, 2, 1, 1, 3, 1, 2, 2, 2, 1, 2, 2, 2, 2, -16 ] ], 
              [ [ 1, 1, 2, 3, 3, 2, 3, 2, 4, 2, 3, 3, 2, 3, 0, 2, 2, -19 ], [ 1, 3, 2, 1, 1, 2, 1, 2, 0, 2, 1, 1, 2, 1, 4, 2, 2, -15 ] ], 
              [ [ 1, 1, 2, 3, 4, 1, 4, 1, 3, 2, 2, 3, 2, 2, 1, 2, 2, -17 ], [ 1, 3, 2, 1, 0, 3, 0, 3, 1, 2, 2, 1, 2, 2, 3, 2, 2, -17 ] ], 
              [ [ 1, 3, 1, 2, 1, 1, 2, 1, 1, 2, 1, 1, 3, 3, 3, 1, 2, -15 ], [ 1, 1, 3, 2, 3, 3, 2, 3, 3, 2, 3, 3, 1, 1, 1, 3, 2, -19 ] ], 
              [ [ 1, 3, 1, 2, 2, 0, 2, 2, 2, 2, 2, 2, 2, 4, 1, 1, 2, -16 ], [ 1, 1, 3, 2, 2, 4, 2, 2, 2, 2, 2, 2, 2, 0, 3, 3, 2, -18 ] ], 
              [ [ 1, 3, 0, 2, 0, 1, 2, 1, 2, 1, 2, 2, 3, 3, 3, 2, 1, -16 ], [ 1, 1, 4, 2, 4, 3, 2, 3, 2, 3, 2, 2, 1, 1, 1, 2, 3, -18 ] ], 
              [ [ 1, 3, 2, 2, 2, 1, 3, 2, 2, 2, 3, 1, 2, 3, 2, 1, 2, -18 ], [ 1, 1, 2, 2, 2, 3, 1, 2, 2, 2, 1, 3, 2, 1, 2, 3, 2, -16 ] ], 
              [ [ 1, 3, 2, 1, 2, 1, 3, 2, 1, 1, 3, 2, 3, 2, 3, 1, 3, -18 ], [ 1, 1, 2, 3, 2, 3, 1, 2, 3, 3, 1, 2, 1, 2, 1, 3, 1, -16 ] ], 
              [ [ 1, 3, 3, 1, 3, 1, 3, 2, 2, 3, 3, 2, 2, 3, 1, 1, 3, -18 ], [ 1, 1, 1, 3, 1, 3, 1, 2, 2, 1, 1, 2, 2, 1, 3, 3, 1, -16 ] ], 
              [ [ 1, 3, 2, 1, 1, 2, 3, 1, 2, 2, 3, 2, 3, 2, 3, 2, 2, -18 ], [ 1, 1, 2, 3, 3, 2, 1, 3, 2, 2, 1, 2, 1, 2, 1, 2, 2, -16 ] ], 
              [ [ 1, 3, 2, 1, 2, 1, 3, 2, 3, 2, 4, 3, 2, 3, 1, 2, 2, -19 ], [ 1, 1, 2, 3, 2, 3, 1, 2, 1, 2, 0, 1, 2, 1, 3, 2, 2, -15 ] ], 
              [ [ 1, 4, 2, 2, 1, 1, 4, 0, 2, 3, 2, 2, 2, 2, 2, 2, 2, -15 ], [ 1, 0, 2, 2, 3, 3, 0, 4, 2, 1, 2, 2, 2, 2, 2, 2, 2, -19 ] ], 
              [ [ 1, 3, 2, 0, 1, 0, 3, 1, 1, 1, 2, 3, 2, 2, 1, 2, 2, -13 ], [ 1, 1, 2, 4, 3, 4, 1, 3, 3, 3, 2, 1, 2, 2, 3, 2, 2, -21 ] ], 
              [ [ 1, 4, 3, 1, 1, 2, 3, 0, 1, 3, 2, 1, 2, 2, 2, 1, 2, -14 ], [ 1, 0, 1, 3, 3, 2, 1, 4, 3, 1, 2, 3, 2, 2, 2, 3, 2, -20 ] ], 
              [ [ 1, 3, 1, 0, 0, 1, 3, 2, 2, 1, 2, 2, 2, 2, 1, 3, 2, -14 ], [ 1, 1, 3, 4, 4, 3, 1, 2, 2, 3, 2, 2, 2, 2, 3, 1, 2, -20 ] ], 
              [ [ 1, 2, 1, 3, 2, 2, 2, 2, 3, 2, 3, 2, 3, 4, 3, 1, 2, -21 ], [ 1, 2, 3, 1, 2, 2, 2, 2, 1, 2, 1, 2, 1, 0, 1, 3, 2, -13 ] ], 
              [ [ 1, 2, 1, 3, 4, 0, 3, 2, 3, 2, 3, 3, 2, 4, 2, 1, 2, -20 ], [ 1, 2, 3, 1, 0, 4, 1, 2, 1, 2, 1, 1, 2, 0, 2, 3, 2, -14 ] ], 
              [ [ 1, 2, 1, 3, 2, 2, 2, 1, 3, 2, 3, 1, 2, 4, 3, 1, 0, -19 ], [ 1, 2, 3, 1, 2, 2, 2, 3, 1, 2, 1, 3, 2, 0, 1, 3, 4, -15 ] ], 
              [ [ 1, 3, 2, 3, 3, 1, 3, 0, 1, 3, 1, 1, 2, 3, 3, 0, 2, -15 ], [ 1, 1, 2, 1, 1, 3, 1, 4, 3, 1, 3, 3, 2, 1, 1, 4, 2, -19 ] ], 
              [ [ 1, 2, 0, 2, 2, 0, 3, 2, 2, 1, 1, 2, 2, 3, 2, 2, 2, -15 ], [ 1, 2, 4, 2, 2, 4, 1, 2, 2, 3, 3, 2, 2, 1, 2, 2, 2, -19 ] ], 
              [ [ 1, 2, 3, 1, 2, 2, 2, 2, 1, 1, 3, 1, 2, 3, 2, 0, 2, -17 ], [ 1, 2, 1, 3, 2, 2, 2, 2, 3, 3, 1, 3, 2, 1, 2, 4, 2, -17 ] ], 
              [ [ 1, 2, 3, 1, 3, 1, 3, 2, 2, 2, 3, 3, 2, 3, 1, 1, 3, -18 ], [ 1, 2, 1, 3, 1, 3, 1, 2, 2, 2, 1, 1, 2, 1, 3, 3, 1, -16 ] ], 
              [ [ 1, 2, 2, 1, 2, 1, 3, 2, 3, 1, 4, 4, 2, 3, 1, 2, 2, -19 ], [ 1, 2, 2, 3, 2, 3, 1, 2, 1, 3, 0, 0, 2, 1, 3, 2, 2, -15 ] ], 
              [ [ 1, 3, 3, 1, 1, 2, 3, 0, 1, 2, 2, 2, 2, 2, 2, 1, 2, -14 ], [ 1, 1, 1, 3, 3, 2, 1, 4, 3, 2, 2, 2, 2, 2, 2, 3, 2, -20 ] ], 
              [ [ 1, 3, 3, 3, 3, 2, 4, 0, 3, 4, 3, 1, 1, 3, 2, 1, 1, -18 ], [ 1, 1, 1, 1, 1, 2, 0, 4, 1, 0, 1, 3, 3, 1, 2, 3, 3, -16 ] ], 
              [ [ 1, 3, 3, 2, 3, 2, 4, 0, 2, 3, 3, 2, 2, 2, 3, 1, 2, -18 ], [ 1, 1, 1, 2, 1, 2, 0, 4, 2, 1, 1, 2, 2, 2, 1, 3, 2, -16 ] ], 
              [ [ 1, 2, 3, 1, 3, 1, 3, 1, 2, 2, 3, 2, 1, 3, 1, 1, 1, -16 ], [ 1, 2, 1, 3, 1, 3, 1, 3, 2, 2, 1, 2, 3, 1, 3, 3, 3, -18 ] ], 
              [ [ 1, 2, 2, 1, 2, 2, 3, 3, 3, 2, 3, 2, 2, 3, 1, 2, 3, -19 ], [ 1, 2, 2, 3, 2, 2, 1, 1, 1, 2, 1, 2, 2, 1, 3, 2, 1, -15 ] ], 
              [ [ 1, 2, 2, 1, 3, 1, 4, 2, 2, 2, 2, 2, 2, 2, 2, 2, 3, -17 ], [ 1, 2, 2, 3, 1, 3, 0, 2, 2, 2, 2, 2, 2, 2, 2, 2, 1, -17 ] ], 
              [ [ 1, 2, 2, 1, 4, 0, 4, 3, 3, 2, 3, 3, 1, 3, 0, 2, 3, -18 ], [ 1, 2, 2, 3, 0, 4, 0, 1, 1, 2, 1, 1, 3, 1, 4, 2, 1, -16 ] ], 
              [ [ 1, 2, 1, 2, 2, 1, 4, 2, 4, 2, 3, 2, 1, 3, 1, 3, 1, -18 ], [ 1, 2, 3, 2, 2, 3, 0, 2, 0, 2, 1, 2, 3, 1, 3, 1, 3, -16 ] ], 
              [ [ 1, 2, 1, 1, 2, 1, 4, 2, 3, 1, 3, 3, 2, 2, 2, 3, 2, -18 ], [ 1, 2, 3, 3, 2, 3, 0, 2, 1, 3, 1, 1, 2, 2, 2, 1, 2, -16 ] ], 
              [ [ 1, 3, 2, 1, 1, 2, 4, 0, 1, 2, 1, 1, 2, 1, 3, 2, 2, -13 ], [ 1, 1, 2, 3, 3, 2, 0, 4, 3, 2, 3, 3, 2, 3, 1, 2, 2, -21 ] ], 
              [ [ 1, 3, 3, 1, 3, 1, 6, 1, 3, 3, 3, 3, 1, 1, 1, 3, 3, -17 ], [ 1, 1, 1, 3, 1, 3, -2, 3, 1, 1, 1, 1, 3, 3, 3, 1, 1, -17 ] ], 
              [ [ 1, 1, 1, 4, 3, 2, 0, 3, 2, 2, 1, 2, 4, 3, 2, 1, 3, -19 ], [ 1, 3, 3, 0, 1, 2, 4, 1, 2, 2, 3, 2, 0, 1, 2, 3, 1, -15 ] ], 
              [ [ 1, 2, 1, 4, 1, 3, 0, 1, 1, 2, 0, 1, 4, 2, 3, 1, 2, -15 ], [ 1, 2, 3, 0, 3, 1, 4, 3, 3, 2, 4, 3, 0, 2, 1, 3, 2, -19 ] ], 
              [ [ 1, 2, 3, 4, 2, 3, 1, 0, 2, 3, 2, 2, 3, 2, 2, 1, 1, -17 ], [ 1, 2, 1, 0, 2, 1, 3, 4, 2, 1, 2, 2, 1, 2, 2, 3, 3, -17 ] ], 
              [ [ 1, 1, 2, 2, 1, 3, 0, 3, 2, 1, 2, 3, 4, 2, 1, 2, 3, -18 ], [ 1, 3, 2, 2, 3, 1, 4, 1, 2, 3, 2, 1, 0, 2, 3, 2, 1, -16 ] ], 
              [ [ 1, 2, 2, 4, 1, 4, 1, 1, 1, 2, 1, 0, 4, 1, 4, 1, 2, -17 ], [ 1, 2, 2, 0, 3, 0, 3, 3, 3, 2, 3, 4, 0, 3, 0, 3, 2, -17 ] ], 
              [ [ 1, 2, 2, 4, 2, 3, 2, 1, 2, 3, 1, 2, 4, 1, 3, 2, 3, -18 ], [ 1, 2, 2, 0, 2, 1, 2, 3, 2, 1, 3, 2, 0, 3, 1, 2, 1, -16 ] ], 
              [ [ 1, 2, 2, 4, 3, 2, 2, 2, 3, 3, 2, 3, 3, 2, 1, 2, 3, -19 ], [ 1, 2, 2, 0, 1, 2, 2, 2, 1, 1, 2, 1, 1, 2, 3, 2, 1, -15 ] ], 
              [ [ 1, 1, 2, 2, 1, 3, 0, 2, 0, 0, 1, 1, 4, 1, 3, 1, 2, -15 ], [ 1, 3, 2, 2, 3, 1, 4, 2, 4, 4, 3, 3, 0, 3, 1, 3, 2, -19 ] ], 
              [ [ 1, 1, 2, 2, 2, 2, 1, 2, 1, 1, 1, 3, 4, 1, 2, 2, 3, -16 ], [ 1, 3, 2, 2, 2, 2, 3, 2, 3, 3, 3, 1, 0, 3, 2, 2, 1, -18 ] ], 
              [ [ 1, 1, 2, 2, 3, 1, 1, 3, 2, 1, 2, 4, 3, 2, 0, 2, 3, -17 ], [ 1, 3, 2, 2, 1, 3, 3, 1, 2, 3, 2, 0, 1, 2, 4, 2, 1, -17 ] ], 
              [ [ 1, 2, 3, 3, 2, 4, 1, 1, 1, 3, 1, 1, 4, 1, 3, 1, 3, -17 ], [ 1, 2, 1, 1, 2, 0, 3, 3, 3, 1, 3, 3, 0, 3, 1, 3, 1, -17 ] ], 
              [ [ 1, 1, 1, 3, 1, 2, 1, 2, 3, 1, 2, 3, 3, 2, 1, 3, 1, -17 ], [ 1, 3, 3, 1, 3, 2, 3, 2, 1, 3, 2, 1, 1, 2, 3, 1, 3, -17 ] ], 
              [ [ 1, 2, 2, 4, 1, 4, 1, 1, 3, 3, 2, 1, 3, 2, 2, 2, 1, -18 ], [ 1, 2, 2, 0, 3, 0, 3, 3, 1, 1, 2, 3, 1, 2, 2, 2, 3, -16 ] ], 
              [ [ 1, 1, 2, 2, 1, 3, 0, 2, 2, 1, 2, 2, 3, 2, 1, 2, 1, -16 ], [ 1, 3, 2, 2, 3, 1, 4, 2, 2, 3, 2, 2, 1, 2, 3, 2, 3, -18 ] ], 
              [ [ 1, 2, 3, 2, 2, 2, 1, 1, 0, 2, 0, 2, 3, 1, 1, 1, 3, -12 ], [ 1, 2, 1, 2, 2, 2, 3, 3, 4, 2, 4, 2, 1, 3, 3, 3, 1, -22 ] ], 
              [ [ 1, 2, 2, 3, 0, 3, 1, 0, 1, 2, 0, 1, 3, 1, 2, 2, 1, -12 ], [ 1, 2, 2, 1, 4, 1, 3, 4, 3, 2, 4, 3, 1, 3, 2, 2, 3, -22 ] ], 
              [ [ 1, 2, 2, 2, 0, 3, 1, 0, 0, 1, 0, 2, 4, 0, 3, 2, 2, -12 ], [ 1, 2, 2, 2, 4, 1, 3, 4, 4, 3, 4, 2, 0, 4, 1, 2, 2, -22 ] ], 
              [ [ 1, 2, 2, 4, 2, 3, 2, 0, 2, 3, 1, 1, 3, 1, 3, 2, 1, -16 ], [ 1, 2, 2, 0, 2, 1, 2, 4, 2, 1, 3, 3, 1, 3, 1, 2, 3, -18 ] ], 
              [ [ 1, 1, 1, 2, 1, 3, 1, 3, 2, 1, 1, 2, 4, 1, 2, 3, 3, -17 ], [ 1, 3, 3, 2, 3, 1, 3, 1, 2, 3, 3, 2, 0, 3, 2, 1, 1, -17 ] ], 
              [ [ 1, 2, 1, 3, 1, 2, 2, 2, 2, 2, 0, 2, 3, 1, 1, 3, 3, -14 ], [ 1, 2, 3, 1, 3, 2, 2, 2, 2, 2, 4, 2, 1, 3, 3, 1, 1, -20 ] ], 
              [ [ 1, 1, 3, 2, 3, 2, 2, 3, 2, 1, 3, 3, 3, 1, 1, 2, 3, -19 ], [ 1, 3, 1, 2, 1, 2, 2, 1, 2, 3, 1, 1, 1, 3, 3, 2, 1, -15 ] ], 
              [ [ 1, 2, 4, 2, 2, 3, 2, 1, 0, 2, 1, 1, 3, 0, 2, 1, 3, -14 ], [ 1, 2, 0, 2, 2, 1, 2, 3, 4, 2, 3, 3, 1, 4, 2, 3, 1, -20 ] ], 
              [ [ 1, 2, 3, 2, 1, 3, 2, 1, 1, 1, 2, 2, 3, 0, 2, 2, 2, -15 ], [ 1, 2, 1, 2, 3, 1, 2, 3, 3, 3, 2, 2, 1, 4, 2, 2, 2, -19 ] ], 
              [ [ 1, 2, 3, 2, 2, 2, 3, 1, 2, 2, 2, 4, 3, 0, 1, 3, 3, -16 ], [ 1, 2, 1, 2, 2, 2, 1, 3, 2, 2, 2, 0, 1, 4, 3, 1, 1, -18 ] ], 
              [ [ 1, 2, 4, 2, 2, 3, 2, 1, 2, 3, 2, 2, 2, 1, 0, 2, 2, -15 ], [ 1, 2, 0, 2, 2, 1, 2, 3, 2, 1, 2, 2, 2, 3, 4, 2, 2, -19 ] ], 
              [ [ 1, 2, 4, 1, 2, 3, 2, 1, 1, 2, 2, 3, 3, 0, 1, 2, 3, -15 ], [ 1, 2, 0, 3, 2, 1, 2, 3, 3, 2, 2, 1, 1, 4, 3, 2, 1, -19 ] ], 
              [ [ 1, 2, 3, 2, 0, 4, 2, 0, 2, 2, 2, 2, 3, 0, 2, 3, 1, -15 ], [ 1, 2, 1, 2, 4, 0, 2, 4, 2, 2, 2, 2, 1, 4, 2, 1, 3, -19 ] ], 
              [ [ 1, 2, 3, 2, 2, 3, 3, 2, 2, 3, 1, 2, 3, 0, 1, 3, 4, -16 ], [ 1, 2, 1, 2, 2, 1, 1, 2, 2, 1, 3, 2, 1, 4, 3, 1, 0, -18 ] ], 
              [ [ 1, 2, 2, 2, 1, 3, 3, 2, 3, 2, 2, 3, 3, 0, 1, 4, 3, -17 ], [ 1, 2, 2, 2, 3, 1, 1, 2, 1, 2, 2, 1, 1, 4, 3, 0, 1, -17 ] ], 
              [ [ 1, 1, 1, 6, 3, 3, 1, 1, 3, 3, 1, 1, 3, 3, 3, 1, 1, -19 ], [ 1, 3, 3, -2, 1, 1, 3, 3, 1, 1, 3, 3, 1, 1, 1, 3, 3, -15 ] ], 
              [ [ 1, 0, 1, 4, 3, 2, 0, 2, 2, 1, 1, 2, 3, 3, 2, 1, 1, -17 ], [ 1, 4, 3, 0, 1, 2, 4, 2, 2, 3, 3, 2, 1, 1, 2, 3, 3, -17 ] ], 
              [ [ 1, 1, 3, 3, 2, 4, 1, 1, 1, 2, 1, 2, 4, 1, 3, 1, 3, -17 ], [ 1, 3, 1, 1, 2, 0, 3, 3, 3, 2, 3, 2, 0, 3, 1, 3, 1, -17 ] ], 
              [ [ 1, 1, 3, 3, 3, 3, 1, 2, 2, 2, 2, 3, 3, 2, 1, 1, 3, -18 ], [ 1, 3, 1, 1, 1, 1, 3, 2, 2, 2, 2, 1, 1, 2, 3, 3, 1, -16 ] ], 
              [ [ 1, 1, 2, 4, 1, 4, 1, 1, 3, 2, 2, 2, 3, 2, 2, 2, 1, -18 ], [ 1, 3, 2, 0, 3, 0, 3, 3, 1, 2, 2, 2, 1, 2, 2, 2, 3, -16 ] ], 
              [ [ 1, 1, 3, 4, 4, 2, 2, 1, 2, 3, 1, 2, 2, 2, 1, 1, 2, -16 ], [ 1, 3, 1, 0, 0, 2, 2, 3, 2, 1, 3, 2, 2, 2, 3, 3, 2, -18 ] ], 
              [ [ 1, 1, 3, 3, 4, 2, 2, 1, 1, 2, 1, 3, 3, 1, 2, 1, 3, -16 ], [ 1, 3, 1, 1, 0, 2, 2, 3, 3, 2, 3, 1, 1, 3, 2, 3, 1, -18 ] ], 
              [ [ 1, 1, 2, 4, 2, 3, 2, 0, 2, 2, 1, 2, 3, 1, 3, 2, 1, -16 ], [ 1, 3, 2, 0, 2, 1, 2, 4, 2, 2, 3, 2, 1, 3, 1, 2, 3, -18 ] ], 
              [ [ 1, 1, 2, 4, 3, 2, 2, 1, 3, 2, 2, 3, 2, 2, 1, 2, 1, -17 ], [ 1, 3, 2, 0, 1, 2, 2, 3, 1, 2, 2, 1, 2, 2, 3, 2, 3, -17 ] ], 
              [ [ 1, 1, 3, 3, 2, 4, 1, 0, 1, 2, 1, 1, 3, 1, 3, 1, 1, -15 ], [ 1, 3, 1, 1, 2, 0, 3, 4, 3, 2, 3, 3, 1, 3, 1, 3, 3, -19 ] ], 
              [ [ 1, 1, 1, 4, 3, 2, 3, 2, 3, 2, 1, 3, 3, 1, 2, 3, 3, -18 ], [ 1, 3, 3, 0, 1, 2, 1, 2, 1, 2, 3, 1, 1, 3, 2, 1, 1, -16 ] ], 
              [ [ 1, 1, 2, 4, 3, 3, 2, 2, 3, 3, 1, 1, 2, 2, 1, 2, 2, -17 ], [ 1, 3, 2, 0, 1, 1, 2, 2, 1, 1, 3, 3, 2, 2, 3, 2, 2, -17 ] ], 
              [ [ 1, 1, 2, 3, 3, 3, 2, 2, 2, 2, 1, 2, 3, 1, 2, 2, 3, -17 ], [ 1, 3, 2, 1, 1, 1, 2, 2, 2, 2, 3, 2, 1, 3, 2, 2, 1, -17 ] ], 
              [ [ 1, 1, 1, 4, 1, 4, 2, 1, 3, 2, 1, 1, 3, 1, 3, 3, 1, -17 ], [ 1, 3, 3, 0, 3, 0, 2, 3, 1, 2, 3, 3, 1, 3, 1, 1, 3, -17 ] ], 
              [ [ 1, 1, 4, 3, 3, 4, 2, 2, 2, 2, 3, 2, 3, 1, 2, 1, 3, -20 ], [ 1, 3, 0, 1, 1, 0, 2, 2, 2, 2, 1, 2, 1, 3, 2, 3, 1, -14 ] ], 
              [ [ 1, 1, 4, 3, 4, 3, 3, 1, 3, 3, 3, 3, 2, 1, 1, 2, 2, -19 ], [ 1, 3, 0, 1, 0, 1, 1, 3, 1, 1, 1, 1, 2, 3, 3, 2, 2, -15 ] ], 
              [ [ 1, 1, 3, 2, 2, 3, 3, 1, 2, 2, 1, 2, 2, 0, 1, 3, 2, -14 ], [ 1, 3, 1, 2, 2, 1, 1, 3, 2, 2, 3, 2, 2, 4, 3, 1, 2, -20 ] ], 
              [ [ 1, 3, 1, 3, 0, 2, 0, 1, 1, 2, 1, 1, 3, 3, 3, 1, 1, -15 ], [ 1, 1, 3, 1, 4, 2, 4, 3, 3, 2, 3, 3, 1, 1, 1, 3, 3, -19 ] ], 
              [ [ 1, 3, 0, 3, 0, 2, 1, 1, 1, 2, 0, 0, 3, 2, 4, 2, 1, -14 ], [ 1, 1, 4, 1, 4, 2, 3, 3, 3, 2, 4, 4, 1, 2, 0, 2, 3, -20 ] ], 
              [ [ 1, 3, 3, 2, 2, 2, 1, 2, 0, 2, 2, 1, 3, 2, 3, 0, 3, -17 ], [ 1, 1, 1, 2, 2, 2, 3, 2, 4, 2, 2, 3, 1, 2, 1, 4, 1, -17 ] ], 
              [ [ 1, 3, 3, 2, 1, 3, 1, 1, 1, 3, 2, 1, 3, 2, 3, 1, 2, -17 ], [ 1, 1, 1, 2, 3, 1, 3, 3, 3, 1, 2, 3, 1, 2, 1, 3, 2, -17 ] ], 
              [ [ 1, 3, 3, 2, 2, 2, 1, 2, 2, 3, 3, 2, 2, 3, 1, 1, 2, -18 ], [ 1, 1, 1, 2, 2, 2, 3, 2, 2, 1, 1, 2, 2, 1, 3, 3, 2, -16 ] ], 
              [ [ 1, 3, 2, 2, 0, 3, 1, 1, 2, 2, 3, 2, 3, 2, 3, 2, 1, -18 ], [ 1, 1, 2, 2, 4, 1, 3, 3, 2, 2, 1, 2, 1, 2, 1, 2, 3, -16 ] ], 
              [ [ 1, 3, 3, 2, 3, 1, 2, 1, 1, 3, 2, 2, 2, 2, 2, 1, 2, -16 ], [ 1, 1, 1, 2, 1, 3, 2, 3, 3, 1, 2, 2, 2, 2, 2, 3, 2, -18 ] ], 
              [ [ 1, 2, 1, 1, 1, 1, 1, 4, 1, 0, 2, 2, 3, 2, 2, 2, 3, -17 ], [ 1, 2, 3, 3, 3, 3, 3, 0, 3, 4, 2, 2, 1, 2, 2, 2, 1, -17 ] ], 
              [ [ 1, 3, 2, 2, 2, 2, 2, 3, 2, 3, 2, 2, 3, 2, 2, 2, 4, -19 ], [ 1, 1, 2, 2, 2, 2, 2, 1, 2, 1, 2, 2, 1, 2, 2, 2, 0, -15 ] ], 
              [ [ 1, 2, 2, 0, 2, 1, 1, 4, 1, 1, 2, 3, 3, 2, 1, 2, 4, -17 ], [ 1, 2, 2, 4, 2, 3, 3, 0, 3, 3, 2, 1, 1, 2, 3, 2, 0, -17 ] ], 
              [ [ 1, 2, 1, 1, 0, 2, 1, 3, 2, 1, 2, 2, 3, 2, 2, 3, 2, -17 ], [ 1, 2, 3, 3, 4, 2, 3, 1, 2, 3, 2, 2, 1, 2, 2, 1, 2, -17 ] ], 
              [ [ 1, 2, 1, 1, 1, 1, 1, 4, 3, 1, 3, 3, 2, 3, 0, 3, 2, -18 ], [ 1, 2, 3, 3, 3, 3, 3, 0, 1, 3, 1, 1, 2, 1, 4, 1, 2, -16 ] ], 
              [ [ 1, 3, 1, 1, 0, 1, 2, 2, 1, 1, 1, 3, 3, 1, 2, 3, 3, -14 ], [ 1, 1, 3, 3, 4, 3, 2, 2, 3, 3, 3, 1, 1, 3, 2, 1, 1, -20 ] ], 
              [ [ 1, 3, 1, 3, 2, 1, 3, 2, 3, 3, 2, 2, 2, 2, 2, 3, 2, -18 ], [ 1, 1, 3, 1, 2, 3, 1, 2, 1, 1, 2, 2, 2, 2, 2, 1, 2, -16 ] ], 
              [ [ 1, 2, 1, 1, 2, 0, 2, 3, 2, 1, 2, 3, 2, 2, 1, 3, 2, -16 ], [ 1, 2, 3, 3, 2, 4, 2, 1, 2, 3, 2, 1, 2, 2, 3, 1, 2, -18 ] ], 
              [ [ 1, 3, 2, 1, 0, 2, 1, 2, 1, 2, 1, 1, 2, 2, 1, 2, 2, -13 ], [ 1, 1, 2, 3, 4, 2, 3, 2, 3, 2, 3, 3, 2, 2, 3, 2, 2, -21 ] ], 
              [ [ 1, 3, 2, 0, 0, 2, 1, 2, 0, 1, 1, 2, 3, 1, 2, 2, 3, -13 ], [ 1, 1, 2, 4, 4, 2, 3, 2, 4, 3, 3, 2, 1, 3, 2, 2, 1, -21 ] ], 
              [ [ 1, 3, 2, 2, 2, 2, 2, 2, 2, 3, 2, 1, 2, 2, 2, 2, 2, -17 ], [ 1, 1, 2, 2, 2, 2, 2, 2, 2, 1, 2, 3, 2, 2, 2, 2, 2, -17 ] ], 
              [ [ 1, 3, 1, 1, -2, 3, 1, 1, 1, 1, 1, 1, 3, 1, 3, 3, 1, -13 ], [ 1, 1, 3, 3, 6, 1, 3, 3, 3, 3, 3, 3, 1, 3, 1, 1, 3, -21 ] ], 
              [ [ 1, 3, 2, 1, 1, 1, 2, 1, 0, 2, 0, 1, 2, 1, 2, 2, 2, -11 ], [ 1, 1, 2, 3, 3, 3, 2, 3, 4, 2, 4, 3, 2, 3, 2, 2, 2, -23 ] ], 
              [ [ 1, 3, 1, 1, 0, 1, 2, 1, 1, 1, 1, 2, 2, 1, 2, 3, 1, -12 ], [ 1, 1, 3, 3, 4, 3, 2, 3, 3, 3, 3, 2, 2, 3, 2, 1, 3, -22 ] ], 
              [ [ 1, 3, 4, 0, 1, 2, 2, 1, 1, 2, 3, 3, 2, 1, 1, 2, 2, -15 ], [ 1, 1, 0, 4, 3, 2, 2, 3, 3, 2, 1, 1, 2, 3, 3, 2, 2, -19 ] ], 
              [ [ 1, 3, 3, 0, 0, 3, 2, 2, 0, 1, 2, 1, 3, 0, 3, 2, 3, -15 ], [ 1, 1, 1, 4, 4, 1, 2, 2, 4, 3, 2, 3, 1, 4, 1, 2, 1, -19 ] ], 
              [ [ 1, 3, 3, 0, 1, 2, 3, 2, 1, 2, 2, 3, 3, 0, 2, 3, 4, -16 ], [ 1, 1, 1, 4, 3, 2, 1, 2, 3, 2, 2, 1, 1, 4, 2, 1, 0, -18 ] ], 
              [ [ 1, 3, 3, 0, 2, 1, 3, 3, 2, 2, 3, 4, 2, 1, 0, 3, 4, -17 ], [ 1, 1, 1, 4, 2, 3, 1, 1, 2, 2, 1, 0, 2, 3, 4, 1, 0, -17 ] ], 
              [ [ 1, 3, 2, 1, 0, 2, 3, 2, 3, 2, 3, 3, 2, 1, 1, 4, 2, -17 ], [ 1, 1, 2, 3, 4, 2, 1, 2, 1, 2, 1, 1, 2, 3, 3, 0, 2, -17 ] ], 
              [ [ 1, 3, 3, 0, 0, 3, 2, 2, 2, 2, 3, 2, 2, 1, 1, 3, 2, -16 ], [ 1, 1, 1, 4, 4, 1, 2, 2, 2, 2, 1, 2, 2, 3, 3, 1, 2, -18 ] ], 
              [ [ 1, 3, 3, 0, 1, 2, 3, 1, 1, 2, 2, 2, 2, 0, 2, 3, 2, -14 ], [ 1, 1, 1, 4, 3, 2, 1, 3, 3, 2, 2, 2, 2, 4, 2, 1, 2, -20 ] ], 
              [ [ 1, 2, 2, 4, 4, 1, 1, 2, 2, 3, 2, 2, 2, 4, 2, 0, 2, -19 ], [ 1, 2, 2, 0, 0, 3, 3, 2, 2, 1, 2, 2, 2, 0, 2, 4, 2, -15 ] ], 
              [ [ 1, 2, 1, 4, 2, 2, 1, 1, 2, 2, 2, 2, 3, 3, 4, 1, 1, -19 ], [ 1, 2, 3, 0, 2, 2, 3, 3, 2, 2, 2, 2, 1, 1, 0, 3, 3, -15 ] ], 
              [ [ 1, 2, 2, 4, 2, 3, 0, 1, 2, 3, 2, 0, 2, 4, 3, 0, 0, -18 ], [ 1, 2, 2, 0, 2, 1, 4, 3, 2, 1, 2, 4, 2, 0, 1, 4, 4, -16 ] ], 
              [ [ 1, 2, 2, 3, 2, 3, 0, 1, 1, 2, 2, 1, 3, 3, 4, 0, 1, -18 ], [ 1, 2, 2, 1, 2, 1, 4, 3, 3, 2, 2, 3, 1, 1, 0, 4, 3, -16 ] ], 
              [ [ 1, 1, 0, 3, 3, 0, 1, 4, 3, 1, 2, 3, 2, 4, 1, 2, 2, -19 ], [ 1, 3, 4, 1, 1, 4, 3, 0, 1, 3, 2, 1, 2, 0, 3, 2, 2, -15 ] ], 
              [ [ 1, 2, 1, 4, 2, 3, 1, 2, 2, 3, 1, 0, 3, 3, 4, 1, 2, -19 ], [ 1, 2, 3, 0, 2, 1, 3, 2, 2, 1, 3, 4, 1, 1, 0, 3, 2, -15 ] ], 
              [ [ 1, 2, 1, 4, 3, 2, 1, 3, 3, 3, 2, 1, 2, 4, 2, 1, 2, -20 ], [ 1, 2, 3, 0, 1, 2, 3, 1, 1, 1, 2, 3, 2, 0, 2, 3, 2, -14 ] ], 
              [ [ 1, 1, 1, 2, 2, 2, 0, 3, 1, 1, 1, 1, 3, 3, 3, 1, 2, -17 ], [ 1, 3, 3, 2, 2, 2, 4, 1, 3, 3, 3, 3, 1, 1, 1, 3, 2, -17 ] ], 
              [ [ 1, 1, 1, 2, 3, 1, 0, 4, 2, 1, 2, 2, 2, 4, 1, 1, 2, -18 ], [ 1, 3, 3, 2, 1, 3, 4, 0, 2, 3, 2, 2, 2, 0, 3, 3, 2, -16 ] ], 
              [ [ 1, 2, 0, 4, 1, 3, 1, 2, 3, 2, 2, 1, 3, 3, 4, 2, 1, -20 ], [ 1, 2, 4, 0, 3, 1, 3, 2, 1, 2, 2, 3, 1, 1, 0, 2, 3, -14 ] ], 
              [ [ 1, 1, 0, 3, 1, 2, 0, 3, 3, 1, 2, 1, 2, 4, 2, 2, 0, -18 ], [ 1, 3, 4, 1, 3, 2, 4, 1, 1, 3, 2, 3, 2, 0, 2, 2, 4, -16 ] ], 
              [ [ 1, 1, 0, 2, 1, 2, 0, 3, 2, 0, 2, 2, 3, 3, 3, 2, 1, -18 ], [ 1, 3, 4, 2, 3, 2, 4, 1, 2, 4, 2, 2, 1, 1, 1, 2, 3, -16 ] ], 
              [ [ 1, 2, 1, 3, 2, 1, 1, 2, 1, 2, 0, 1, 2, 3, 2, 1, 2, -14 ], [ 1, 2, 3, 1, 2, 3, 3, 2, 3, 2, 4, 3, 2, 1, 2, 3, 2, -20 ] ], 
              [ [ 1, 2, 1, 2, 2, 1, 1, 2, 0, 1, 0, 2, 3, 2, 3, 1, 3, -14 ], [ 1, 2, 3, 2, 2, 3, 3, 2, 4, 3, 4, 2, 1, 2, 1, 3, 1, -20 ] ], 
              [ [ 1, 2, 1, 4, 4, 1, 2, 2, 2, 3, 1, 1, 2, 3, 3, 1, 2, -18 ], [ 1, 2, 3, 0, 0, 3, 2, 2, 2, 1, 3, 3, 2, 1, 1, 3, 2, -16 ] ], 
              [ [ 1, 2, 0, 3, 0, 2, 1, 1, 1, 1, 0, 1, 3, 2, 4, 2, 1, -14 ], [ 1, 2, 4, 1, 4, 2, 3, 3, 3, 3, 4, 3, 1, 2, 0, 2, 3, -20 ] ], 
              [ [ 1, 2, 0, 3, 1, 1, 1, 2, 2, 1, 1, 2, 2, 3, 2, 2, 1, -15 ], [ 1, 2, 4, 1, 3, 3, 3, 2, 2, 3, 3, 2, 2, 1, 2, 2, 3, -19 ] ], 
              [ [ 1, 2, 1, 2, 0, 3, 0, 1, 0, 1, 0, 0, 3, 2, 4, 1, 1, -13 ], [ 1, 2, 3, 2, 4, 1, 4, 3, 4, 3, 4, 4, 1, 2, 0, 3, 3, -21 ] ], 
              [ [ 1, 2, 1, 2, 1, 2, 1, 1, 1, 2, 0, 2, 3, 2, 3, 2, 2, -14 ], [ 1, 2, 3, 2, 3, 2, 3, 3, 3, 2, 4, 2, 1, 2, 1, 2, 2, -20 ] ], 
              [ [ 1, 2, 1, 2, 2, 1, 1, 2, 2, 2, 1, 3, 2, 3, 1, 2, 2, -15 ], [ 1, 2, 3, 2, 2, 3, 3, 2, 2, 2, 3, 1, 2, 1, 3, 2, 2, -19 ] ], 
              [ [ 1, 2, 0, 3, 0, 2, 1, 1, 3, 2, 1, 2, 2, 3, 2, 3, 0, -15 ], [ 1, 2, 4, 1, 4, 2, 3, 3, 1, 2, 3, 2, 2, 1, 2, 1, 4, -19 ] ], 
              [ [ 1, 2, 3, 2, 2, 2, 1, 2, 2, 2, 3, 3, 2, 3, 1, 1, 2, -18 ], [ 1, 2, 1, 2, 2, 2, 3, 2, 2, 2, 1, 1, 2, 1, 3, 3, 2, -16 ] ], 
              [ [ 1, 2, 3, 3, 4, 2, 2, 2, 3, 3, 4, 3, 2, 3, 2, 1, 2, -22 ], [ 1, 2, 1, 1, 0, 2, 2, 2, 1, 1, 0, 1, 2, 1, 2, 3, 2, -12 ] ], 
              [ [ 1, 2, 3, 2, 2, 2, 1, 1, 0, 1, 2, 1, 2, 2, 3, 0, 1, -15 ], [ 1, 2, 1, 2, 2, 2, 3, 3, 4, 3, 2, 3, 2, 2, 1, 4, 3, -19 ] ], 
              [ [ 1, 2, 3, 2, 3, 1, 2, 1, 1, 2, 2, 3, 2, 2, 2, 1, 2, -16 ], [ 1, 2, 1, 2, 1, 3, 2, 3, 3, 2, 2, 1, 2, 2, 2, 3, 2, -18 ] ], 
              [ [ 1, 3, 4, 3, 3, 3, 2, 0, 1, 4, 2, 1, 2, 2, 3, 0, 2, -17 ], [ 1, 1, 0, 1, 1, 1, 2, 4, 3, 0, 2, 3, 2, 2, 1, 4, 2, -17 ] ], 
              [ [ 1, 2, 4, 1, 3, 2, 1, 1, 0, 2, 2, 2, 2, 2, 2, 0, 2, -15 ], [ 1, 2, 0, 3, 1, 2, 3, 3, 4, 2, 2, 2, 2, 2, 2, 4, 2, -19 ] ], 
              [ [ 1, 2, 3, 2, 1, 3, 1, 0, 1, 2, 2, 1, 2, 2, 3, 1, 0, -15 ], [ 1, 2, 1, 2, 3, 1, 3, 4, 3, 2, 2, 3, 2, 2, 1, 3, 4, -19 ] ], 
              [ [ 1, 2, 3, 2, 2, 2, 1, 1, 2, 2, 3, 2, 1, 3, 1, 1, 0, -16 ], [ 1, 2, 1, 2, 2, 2, 3, 3, 2, 2, 1, 2, 3, 1, 3, 3, 4, -18 ] ], 
              [ [ 1, 2, 2, 2, 1, 3, 1, 3, 1, 1, 2, 1, 3, 2, 3, 1, 3, -18 ], [ 1, 2, 2, 2, 3, 1, 3, 1, 3, 3, 2, 3, 1, 2, 1, 3, 1, -16 ] ], 
              [ [ 1, 2, 2, 2, 2, 2, 2, 3, 2, 2, 2, 3, 3, 2, 2, 2, 4, -19 ], [ 1, 2, 2, 2, 2, 2, 2, 1, 2, 2, 2, 1, 1, 2, 2, 2, 0, -15 ] ], 
              [ [ 1, 1, 2, 2, 3, 2, 1, 4, 2, 1, 3, 1, 2, 3, 2, 1, 2, -20 ], [ 1, 3, 2, 2, 1, 2, 3, 0, 2, 3, 1, 3, 2, 1, 2, 3, 2, -14 ] ], 
              [ [ 1, 1, 2, 2, 4, 1, 2, 4, 3, 2, 3, 3, 2, 3, 1, 2, 3, -21 ], [ 1, 3, 2, 2, 0, 3, 2, 0, 1, 2, 1, 1, 2, 1, 3, 2, 1, -13 ] ], 
              [ [ 1, 2, 3, 1, 2, 3, 1, 3, 1, 2, 2, 2, 3, 2, 2, 1, 4, -18 ], [ 1, 2, 1, 3, 2, 1, 3, 1, 3, 2, 2, 2, 1, 2, 2, 3, 0, -16 ] ], 
              [ [ 1, 1, 1, 2, 3, 1, 2, 4, 4, 1, 4, 4, 2, 3, 1, 3, 2, -22 ], [ 1, 3, 3, 2, 1, 3, 2, 0, 0, 3, 0, 0, 2, 1, 3, 1, 2, -12 ] ], 
              [ [ 1, 2, 2, 2, 0, 4, 1, 2, 2, 2, 2, 1, 3, 2, 3, 2, 2, -18 ], [ 1, 2, 2, 2, 4, 0, 3, 2, 2, 2, 2, 3, 1, 2, 1, 2, 2, -16 ] ], 
              [ [ 1, 2, 2, 2, 1, 3, 1, 3, 3, 2, 3, 2, 2, 3, 1, 2, 2, -19 ], [ 1, 2, 2, 2, 3, 1, 3, 1, 1, 2, 1, 2, 2, 1, 3, 2, 2, -15 ] ], 
              [ [ 1, 2, 2, 2, 2, 2, 2, 2, 0, 1, 1, 1, 3, 1, 4, 1, 3, -16 ], [ 1, 2, 2, 2, 2, 2, 2, 2, 4, 3, 3, 3, 1, 3, 0, 3, 1, -18 ] ], 
              [ [ 1, 2, 2, 2, 3, 1, 2, 3, 1, 1, 2, 2, 2, 2, 2, 1, 3, -17 ], [ 1, 2, 2, 2, 1, 3, 2, 1, 3, 3, 2, 2, 2, 2, 2, 3, 1, -17 ] ], 
              [ [ 1, 2, 2, 2, 4, 0, 3, 3, 2, 2, 2, 4, 2, 2, 1, 2, 4, -18 ], [ 1, 2, 2, 2, 0, 4, 1, 1, 2, 2, 2, 0, 2, 2, 3, 2, 0, -16 ] ], 
              [ [ 1, 2, 3, 2, 3, 2, 2, 2, 1, 3, 1, 1, 2, 2, 2, 1, 3, -16 ], [ 1, 2, 1, 2, 1, 2, 2, 2, 3, 1, 3, 3, 2, 2, 2, 3, 1, -18 ] ], 
              [ [ 1, 2, 3, 1, 3, 2, 2, 2, 0, 2, 1, 2, 3, 1, 3, 1, 4, -16 ], [ 1, 2, 1, 3, 1, 2, 2, 2, 4, 2, 3, 2, 1, 3, 1, 3, 0, -18 ] ], 
              [ [ 1, 2, 3, 2, 4, 1, 2, 3, 2, 3, 2, 2, 1, 3, 0, 1, 3, -17 ], [ 1, 2, 1, 2, 0, 3, 2, 1, 2, 1, 2, 2, 3, 1, 4, 3, 1, -17 ] ], 
              [ [ 1, 2, 3, 1, 4, 1, 2, 3, 1, 2, 2, 3, 2, 2, 1, 1, 4, -17 ], [ 1, 2, 1, 3, 0, 3, 2, 1, 3, 2, 2, 1, 2, 2, 3, 3, 0, -17 ] ], 
              [ [ 1, 2, 1, 3, 1, 2, 2, 2, 2, 1, 2, 1, 2, 2, 3, 2, 1, -17 ], [ 1, 2, 3, 1, 3, 2, 2, 2, 2, 3, 2, 3, 2, 2, 1, 2, 3, -17 ] ], 
              [ [ 1, 2, 1, 3, 2, 1, 3, 2, 3, 2, 2, 3, 2, 2, 2, 3, 2, -18 ], [ 1, 2, 3, 1, 2, 3, 1, 2, 1, 2, 2, 1, 2, 2, 2, 1, 2, -16 ] ], 
              [ [ 1, 3, 2, 4, 2, 3, 3, 1, 3, 4, 2, 1, 2, 2, 3, 2, 2, -19 ], [ 1, 1, 2, 0, 2, 1, 1, 3, 1, 0, 2, 3, 2, 2, 1, 2, 2, -15 ] ], 
              [ [ 1, 2, 2, 2, 1, 3, 1, 2, 1, 1, 2, 0, 2, 2, 3, 1, 1, -16 ], [ 1, 2, 2, 2, 3, 1, 3, 2, 3, 3, 2, 4, 2, 2, 1, 3, 3, -18 ] ], 
              [ [ 1, 2, 2, 2, 1, 3, 2, 1, 1, 2, 1, 1, 3, 1, 4, 2, 2, -16 ], [ 1, 2, 2, 2, 3, 1, 2, 3, 3, 2, 3, 3, 1, 3, 0, 2, 2, -18 ] ], 
              [ [ 1, 2, 2, 3, 2, 2, 2, 2, 3, 3, 2, 1, 1, 3, 1, 2, 1, -17 ], [ 1, 2, 2, 1, 2, 2, 2, 2, 1, 1, 2, 3, 3, 1, 3, 2, 3, -17 ] ] ],
          slins := [  ] ), 
      [ [ [ -75958274, -9462670, -56963714, -38245174, -31643106, -16436194, -7310494, -71309014, -43866870, -4028634, -73193162, -13498974, -51483702, 
                  -63584918, -76310346, -47049154, -8421086, -76563100 ], [ -9462670, -1178842, -7096417, -4764497, -3942031, -2047585, -910727, -8883521, 
                  -5464837, -501877, -9118237, -1681671, -6413731, -7921271, -9506573, -5861283, -1049075, -9538060 ], 
              [ -56963714, -7096417, -42719222, -28681467, -23730347, -12326109, -5482421, -53477283, -32897387, -3021217, -54890243, -10123377, 
                  -38609561, -47684701, -57227957, -35283923, -6315261, -57417500 ], [ -38245174, -4764497, -28681467, -19256594, -15932433, -8275687, 
                  -3680869, -35904377, -22087139, -2028431, -36853035, -6796785, -25922261, -32015265, -38422561, -23689445, -4240037, -38549820 ], 
              [ -31643106, -3942031, -23730347, -15932433, -13182110, -6847103, -3045461, -29706405, -18274361, -1678273, -30491299, -5623493, -21447449, 
                  -26488651, -31789889, -19600071, -3508101, -31895180 ], [ -16436194, -2047585, -12326109, -8275687, -6847103, -3556550, -1581885, 
                  -15430217, -9492141, -871735, -15837911, -2920977, -11140317, -13758839, -16512429, -10180745, -1822193, -16567120 ], 
              [ -7310494, -910727, -5482421, -3680869, -3045461, -1581885, -703594, -6863069, -4221923, -387731, -7044401, -1299195, -4955003, -6119671, 
                  -7344415, -4528203, -810475, -7368740 ], [ -71309014, -8883521, -53477283, -35904377, -29706405, -15430217, -6863069, -66944570, 
                  -41181999, -3782057, -68713361, -12672767, -48332679, -59693229, -71639783, -44169539, -7905647, -71877060 ], 
              [ -43866870, -5464837, -32897387, -22087139, -18274361, -9492141, -4221923, -41181999, -25333754, -2326591, -42270101, -7795851, -29732603, 
                  -36721225, -44070335, -27171583, -4863285, -44216300 ], [ -4028634, -501877, -3021217, -2028431, -1678273, -871735, -387731, -3782057, 
                  -2326591, -213670, -3881987, -715953, -2730571, -3372389, -4047315, -2495373, -446633, -4060720 ], 
              [ -73193162, -9118237, -54890243, -36853035, -30491299, -15837911, -7044401, -68713361, -42270101, -3881987, -70528894, -13007605, 
                  -49609709, -61270427, -73532633, -45336573, -8114533, -73776180 ], [ -13498974, -1681671, -10123377, -6796785, -5623493, -2920977, 
                  -1299195, -12672767, -7795851, -715953, -13007605, -2398986, -9149491, -11300071, -13561583, -8361399, -1496559, -13606500 ], 
              [ -51483702, -6413731, -38609561, -25922261, -21447449, -11140317, -4955003, -48332679, -29732603, -2730571, -49609709, -9149491, -34895258, 
                  -43097353, -51722531, -31889551, -5707721, -51893840 ], [ -63584918, -7921271, -47684701, -32015265, -26488651, -13758839, -6119671, 
                  -59693229, -36721225, -3372389, -61270427, -11300071, -43097353, -53227346, -63879865, -39385159, -7049319, -64091440 ], 
              [ -76310346, -9506573, -57227957, -38422561, -31789889, -16512429, -7344415, -71639783, -44070335, -4047315, -73532633, -13561583, 
                  -51722531, -63879865, -76664302, -47267407, -8460119, -76918220 ], [ -47049154, -5861283, -35283923, -23689445, -19600071, -10180745, 
                  -4528203, -44169539, -27171583, -2495373, -45336573, -8361399, -31889551, -39385159, -47267407, -29142742, -5216087, -47423960 ], 
              [ -8421086, -1049075, -6315261, -4240037, -3508101, -1822193, -810475, -7905647, -4863285, -446633, -8114533, -1496559, -5707721, -7049319, 
                  -8460119, -5216087, -933602, -8488140 ], [ -76563100, -9538060, -57417500, -38549820, -31895180, -16567120, -7368740, -71877060, 
                  -44216300, -4060720, -73776180, -13606500, -51893840, -64091440, -76918220, -47423960, -8488140, -77172980 ] ], 
          [ 1, 2, 2, 2, 2, 2, 2, 2, 2, 2, 2, 2, 2, 2, 2, 2, 2, -17 ] ] ], [ rec(
          nopss := [ 0, 105 ],
          scons := [ [ [ 1, 2, 2, 2, 2, 2, 2, 2, 2, 2, 1, 2, 2, 3, 1, 2, 2, -15 ], [ 1, 2, 2, 2, 2, 2, 2, 2, 2, 2, 3, 2, 2, 1, 3, 2, 2, -15 ] ], 
              [ [ 1, 3, 2, 1, 1, 1, 2, 2, 1, 2, 1, 2, 2, 3, 2, 2, 1, -14 ], [ 1, 1, 2, 3, 3, 3, 2, 2, 3, 2, 3, 2, 2, 1, 2, 2, 3, -16 ] ], 
              [ [ 1, 1, 2, 3, 3, 2, 3, 2, 3, 2, 1, 3, 2, 2, 2, 2, 2, -16 ], [ 1, 3, 2, 1, 1, 2, 1, 2, 1, 2, 3, 1, 2, 2, 2, 2, 2, -14 ] ], 
              [ [ 1, 2, 2, 2, 2, 2, 2, 1, 2, 2, 1, 2, 3, 2, 2, 2, 2, -15 ], [ 1, 2, 2, 2, 2, 2, 2, 3, 2, 2, 3, 2, 1, 2, 2, 2, 2, -15 ] ], 
              [ [ 1, 3, 3, 2, 2, 2, 2, 1, 1, 1, 1, 3, 2, 2, 2, 2, 1, -14 ], [ 1, 1, 1, 2, 2, 2, 2, 3, 3, 3, 3, 1, 2, 2, 2, 2, 3, -16 ] ], 
              [ [ 1, 2, 3, 1, 3, 1, 3, 3, 3, 2, 0, 3, 1, 1, 3, 2, 0, -13 ], [ 1, 2, 1, 3, 1, 3, 1, 1, 1, 2, 4, 1, 3, 3, 1, 2, 4, -17 ] ], 
              [ [ 1, 2, 2, 2, 2, 3, 2, 2, 2, 2, 1, 2, 2, 2, 2, 3, 2, -16 ], [ 1, 2, 2, 2, 2, 1, 2, 2, 2, 2, 3, 2, 2, 2, 2, 1, 2, -14 ] ], 
              [ [ 1, 1, 2, 2, 2, 2, 2, 2, 2, 1, 1, 2, 2, 2, 2, 3, 4, -16 ], [ 1, 3, 2, 2, 2, 2, 2, 2, 2, 3, 3, 2, 2, 2, 2, 1, 0, -14 ] ], 
              [ [ 1, 3, 3, 1, 3, 1, 3, 3, 3, 3, -2, 3, 1, 1, 3, 1, 1, -13 ], [ 1, 1, 1, 3, 1, 3, 1, 1, 1, 1, 6, 1, 3, 3, 1, 3, 3, -17 ] ], 
              [ [ 1, 3, 2, 1, 1, 2, 2, 2, 1, 2, 1, 2, 2, 2, 3, 3, 1, -15 ], [ 1, 1, 2, 3, 3, 2, 2, 2, 3, 2, 3, 2, 2, 2, 1, 1, 3, -15 ] ], 
              [ [ 1, 2, 2, 2, 2, 1, 2, 2, 2, 2, 2, 2, 2, 3, 1, 1, 2, -14 ], [ 1, 2, 2, 2, 2, 3, 2, 2, 2, 2, 2, 2, 2, 1, 3, 3, 2, -16 ] ], 
              [ [ 1, 2, 2, 2, 2, 2, 2, 3, 2, 2, 2, 2, 1, 3, 1, 2, 2, -15 ], [ 1, 2, 2, 2, 2, 2, 2, 1, 2, 2, 2, 2, 3, 1, 3, 2, 2, -15 ] ], 
              [ [ 1, 3, 2, 1, 1, 2, 1, 2, 1, 2, 2, 1, 2, 3, 1, 2, 2, -14 ], [ 1, 1, 2, 3, 3, 2, 3, 2, 3, 2, 2, 3, 2, 1, 3, 2, 2, -16 ] ], 
              [ [ 1, 2, 3, 3, 3, 2, 2, 1, 2, 1, 2, 3, 2, 2, 1, 1, 2, -14 ], [ 1, 2, 1, 1, 1, 2, 2, 3, 2, 3, 2, 1, 2, 2, 3, 3, 2, -16 ] ], 
              [ [ 1, 1, 3, 2, 4, 1, 3, 3, 4, 2, 1, 3, 1, 1, 2, 1, 1, -13 ], [ 1, 3, 1, 2, 0, 3, 1, 1, 0, 2, 3, 1, 3, 3, 2, 3, 3, -17 ] ], 
              [ [ 1, 2, 4, 1, 3, 2, 2, 2, 0, 1, 2, 2, 2, 2, 1, 2, 2, -14 ], [ 1, 2, 0, 3, 1, 2, 2, 2, 4, 3, 2, 2, 2, 2, 3, 2, 2, -16 ] ], 
              [ [ 1, 1, 2, 3, 3, 3, 2, 2, 3, 2, 2, 2, 2, 2, 1, 2, 3, -16 ], [ 1, 3, 2, 1, 1, 1, 2, 2, 1, 2, 2, 2, 2, 2, 3, 2, 1, -14 ] ], 
              [ [ 1, 2, 3, 3, 3, 3, 2, 2, 2, 1, 2, 3, 1, 2, 1, 2, 2, -15 ], [ 1, 2, 1, 1, 1, 1, 2, 2, 2, 3, 2, 1, 3, 2, 3, 2, 2, -15 ] ], 
              [ [ 1, 3, 3, 2, 2, 3, 1, 1, 1, 1, 2, 2, 2, 2, 1, 2, 2, -14 ], [ 1, 1, 1, 2, 2, 1, 3, 3, 3, 3, 2, 2, 2, 2, 3, 2, 2, -16 ] ], 
              [ [ 1, 2, 2, 2, 2, 2, 3, 3, 2, 1, 2, 2, 2, 2, 1, 2, 2, -15 ], [ 1, 2, 2, 2, 2, 2, 1, 1, 2, 3, 2, 2, 2, 2, 3, 2, 2, -15 ] ], 
              [ [ 1, 3, 2, 1, 1, 2, 2, 2, 1, 1, 2, 1, 3, 2, 1, 2, 2, -14 ], [ 1, 1, 2, 3, 3, 2, 2, 2, 3, 3, 2, 3, 1, 2, 3, 2, 2, -16 ] ], 
              [ [ 1, 2, 2, 1, 0, 2, 2, 2, 3, 1, 2, 2, 2, 2, 1, 2, 2, -13 ], [ 1, 2, 2, 3, 4, 2, 2, 2, 1, 3, 2, 2, 2, 2, 3, 2, 2, -17 ] ], 
              [ [ 1, 3, 1, 3, 1, 3, 2, 2, 3, 1, 2, 2, 2, 2, 1, 2, 2, -15 ], [ 1, 1, 3, 1, 3, 1, 2, 2, 1, 3, 2, 2, 2, 2, 3, 2, 2, -15 ] ], 
              [ [ 1, 1, 0, 2, 2, 1, 1, 3, 1, 2, 3, 1, 3, 1, 0, 3, 3, -14 ], [ 1, 3, 4, 2, 2, 3, 3, 1, 3, 2, 1, 3, 1, 3, 4, 1, 1, -16 ] ], 
              [ [ 1, 2, 2, 2, 1, 3, 2, 1, 2, 1, 2, 1, 1, 2, 1, 1, 2, -12 ], [ 1, 2, 2, 2, 3, 1, 2, 3, 2, 3, 2, 3, 3, 2, 3, 3, 2, -18 ] ], 
              [ [ 1, 1, 1, 3, 1, 3, 1, 1, 1, 3, 3, 1, 3, 1, -2, 3, 3, -14 ], [ 1, 3, 3, 1, 3, 1, 3, 3, 3, 1, 1, 3, 1, 3, 6, 1, 1, -16 ] ], 
              [ [ 1, 3, 3, 3, 2, 3, 2, 1, 2, 0, 3, 2, 1, 4, 3, 2, 2, -17 ], [ 1, 1, 1, 1, 2, 1, 2, 3, 2, 4, 1, 2, 3, 0, 1, 2, 2, -13 ] ], 
              [ [ 1, 3, 3, 1, 1, 3, 3, 1, 1, 1, 3, 3, 3, 6, 3, 3, 3, -21 ], [ 1, 1, 1, 3, 3, 1, 1, 3, 3, 3, 1, 1, 1, -2, 1, 1, 1, -9 ] ], 
              [ [ 1, 2, 2, 2, 2, 2, 1, 2, 2, 3, 2, 2, 1, 3, 2, 2, 2, -15 ], [ 1, 2, 2, 2, 2, 2, 3, 2, 2, 1, 2, 2, 3, 1, 2, 2, 2, -15 ] ], 
              [ [ 1, 2, 2, 2, 3, 2, 3, 2, 3, 4, 2, 3, 2, 3, 2, 3, 1, -18 ], [ 1, 2, 2, 2, 1, 2, 1, 2, 1, 0, 2, 1, 2, 1, 2, 1, 3, -12 ] ], 
              [ [ 1, 2, 1, 1, 1, 1, 2, 3, 2, 3, 2, 1, 2, 3, 2, 2, 2, -15 ], [ 1, 2, 3, 3, 3, 3, 2, 1, 2, 1, 2, 3, 2, 1, 2, 2, 2, -15 ] ], 
              [ [ 1, 1, 1, 3, 3, 1, 1, 3, 3, 1, 3, 1, 1, 1, 3, 1, 1, -12 ], [ 1, 3, 3, 1, 1, 3, 3, 1, 1, 3, 1, 3, 3, 3, 1, 3, 3, -18 ] ], 
              [ [ 1, 1, 2, 2, 2, 2, 2, 2, 2, 1, 4, 2, 2, 2, 2, 3, 1, -15 ], [ 1, 3, 2, 2, 2, 2, 2, 2, 2, 3, 0, 2, 2, 2, 2, 1, 3, -15 ] ], 
              [ [ 1, 1, 2, 4, 2, 3, 1, 1, 3, 2, 3, 1, 1, 1, 1, 1, 1, -12 ], [ 1, 3, 2, 0, 2, 1, 3, 3, 1, 2, 1, 3, 3, 3, 3, 3, 3, -18 ] ], 
              [ [ 1, 2, 2, 3, 3, 2, 3, 2, 3, 3, 2, 3, 2, 2, 2, 1, 0, -15 ], [ 1, 2, 2, 1, 1, 2, 1, 2, 1, 1, 2, 1, 2, 2, 2, 3, 4, -15 ] ], 
              [ [ 1, 2, 3, 1, 3, 2, 3, 3, 1, 3, 2, 2, 2, 2, 2, 2, 0, -15 ], [ 1, 2, 1, 3, 1, 2, 1, 1, 3, 1, 2, 2, 2, 2, 2, 2, 4, -15 ] ], 
              [ [ 1, 2, 3, 0, 1, 2, 2, 2, 2, 3, 2, 2, 2, 2, 2, 2, 0, -13 ], [ 1, 2, 1, 4, 3, 2, 2, 2, 2, 1, 2, 2, 2, 2, 2, 2, 4, -17 ] ], 
              [ [ 1, 3, 3, 1, 3, 1, 3, 3, 3, 3, 1, 3, 1, 1, 3, 1, -2, -12 ], [ 1, 1, 1, 3, 1, 3, 1, 1, 1, 1, 3, 1, 3, 3, 1, 3, 6, -18 ] ], 
              [ [ 1, 3, 2, 2, 2, 3, 2, 2, 2, 3, 2, 2, 2, 2, 2, 2, 0, -15 ], [ 1, 1, 2, 2, 2, 1, 2, 2, 2, 1, 2, 2, 2, 2, 2, 2, 4, -15 ] ], 
              [ [ 1, 1, 2, 2, 2, 4, 1, 3, 1, 0, 3, 1, 3, 3, 3, 1, 3, -16 ], [ 1, 3, 2, 2, 2, 0, 3, 1, 3, 4, 1, 3, 1, 1, 1, 3, 1, -14 ] ], 
              [ [ 1, 3, 3, 3, 1, 3, 1, 1, 1, -2, 3, 1, 1, 3, 3, 1, 3, -14 ], [ 1, 1, 1, 1, 3, 1, 3, 3, 3, 6, 1, 3, 3, 1, 1, 3, 1, -16 ] ], 
              [ [ 1, 2, 1, 1, 3, 0, 2, 4, 2, 1, 2, 2, 2, 2, 4, 2, 2, -15 ], [ 1, 2, 3, 3, 1, 4, 2, 0, 2, 3, 2, 2, 2, 2, 0, 2, 2, -15 ] ], 
              [ [ 1, 3, 2, 2, 2, 1, 3, 0, 1, 0, 3, 1, 1, 3, 3, 3, 3, -16 ], [ 1, 1, 2, 2, 2, 3, 1, 4, 3, 4, 1, 3, 3, 1, 1, 1, 1, -14 ] ], 
              [ [ 1, 2, 3, 3, 1, 4, 0, 3, 2, 0, 2, 2, 2, 2, 2, 0, 2, -13 ], [ 1, 2, 1, 1, 3, 0, 4, 1, 2, 4, 2, 2, 2, 2, 2, 4, 2, -17 ] ], 
              [ [ 1, 1, 1, 3, 1, 3, -2, 3, 1, 1, 3, 1, 3, 1, 1, 1, 3, -12 ], [ 1, 3, 3, 1, 3, 1, 6, 1, 3, 3, 1, 3, 1, 3, 3, 3, 1, -18 ] ], 
              [ [ 1, 1, 1, 3, 2, 3, 0, 3, 2, 2, 3, 2, 4, 1, 1, 2, 2, -15 ], [ 1, 3, 3, 1, 2, 1, 4, 1, 2, 2, 1, 2, 0, 3, 3, 2, 2, -15 ] ], 
              [ [ 1, 2, 1, 2, 2, 2, 0, 4, 1, 2, 2, 3, 4, 2, 2, 1, 2, -15 ], [ 1, 2, 3, 2, 2, 2, 4, 0, 3, 2, 2, 1, 0, 2, 2, 3, 2, -15 ] ], 
              [ [ 1, 1, 1, 1, 3, 1, 1, 6, 3, 3, 1, 3, 3, 1, 3, 1, 1, -14 ], [ 1, 3, 3, 3, 1, 3, 3, -2, 1, 1, 3, 1, 1, 3, 1, 3, 3, -16 ] ], 
              [ [ 1, 1, 1, 1, 1, 3, 1, 3, 1, 3, 3, 3, 6, 3, 1, 3, 3, -19 ], [ 1, 3, 3, 3, 3, 1, 3, 1, 3, 1, 1, 1, -2, 1, 3, 1, 1, -11 ] ], 
              [ [ 1, 1, 3, 3, 3, 3, 1, 3, 3, 1, 1, 1, 1, 1, 3, -2, 1, -10 ], [ 1, 3, 1, 1, 1, 1, 3, 1, 1, 3, 3, 3, 3, 3, 1, 6, 3, -20 ] ], 
              [ [ 1, 0, 3, 2, 2, 4, 2, 2, 3, 2, 2, 1, 3, 2, 2, 0, 2, -14 ], [ 1, 4, 1, 2, 2, 0, 2, 2, 1, 2, 2, 3, 1, 2, 2, 4, 2, -16 ] ], 
              [ [ 1, 1, 4, 2, 2, 4, 2, 2, 2, 1, 2, 2, 2, 2, 2, 0, 1, -13 ], [ 1, 3, 0, 2, 2, 0, 2, 2, 2, 3, 2, 2, 2, 2, 2, 4, 3, -17 ] ], 
              [ [ 1, 1, 3, 3, 1, 6, 1, 1, 1, 1, 3, 1, 3, 3, 1, 1, 3, -16 ], [ 1, 3, 1, 1, 3, -2, 3, 3, 3, 3, 1, 3, 1, 1, 3, 3, 1, -14 ] ], 
              [ [ 1, -2, 1, 3, 3, 3, 1, 3, 3, 3, 3, 1, 3, 1, 1, 1, 3, -14 ], [ 1, 6, 3, 1, 1, 1, 3, 1, 1, 1, 1, 3, 1, 3, 3, 3, 1, -16 ] ], 
              [ [ 1, 0, 2, 2, 2, 3, 0, 2, 1, 2, 3, 1, 3, 1, 1, 1, 2, -12 ], [ 1, 4, 2, 2, 2, 1, 4, 2, 3, 2, 1, 3, 1, 3, 3, 3, 2, -18 ] ], 
              [ [ 1, 0, 1, 1, 3, 3, 2, 4, 2, 4, 2, 2, 4, 2, 2, 2, 2, -17 ], [ 1, 4, 3, 3, 1, 1, 2, 0, 2, 0, 2, 2, 0, 2, 2, 2, 2, -13 ] ], 
              [ [ 1, 0, 0, 3, 1, 3, 1, 3, 3, 2, 3, 1, 3, 1, 1, 1, 2, -13 ], [ 1, 4, 4, 1, 3, 1, 3, 1, 1, 2, 1, 3, 1, 3, 3, 3, 2, -17 ] ], 
              [ [ 1, 2, 3, 3, 4, 1, 2, 2, 2, 2, 2, 4, 3, 2, 2, 2, 2, -17 ], [ 1, 2, 1, 1, 0, 3, 2, 2, 2, 2, 2, 0, 1, 2, 2, 2, 2, -13 ] ], 
              [ [ 1, 2, 3, 3, 4, 2, 2, 3, 2, 2, 2, 4, 2, 2, 2, 3, 2, -18 ], [ 1, 2, 1, 1, 0, 2, 2, 1, 2, 2, 2, 0, 2, 2, 2, 1, 2, -12 ] ], 
              [ [ 1, 3, 3, 2, 3, 2, 1, 2, 1, 2, 2, 3, 3, 2, 2, 3, 2, -17 ], [ 1, 1, 1, 2, 1, 2, 3, 2, 3, 2, 2, 1, 1, 2, 2, 1, 2, -13 ] ], 
              [ [ 1, 2, 3, 2, 2, 2, 1, 2, 3, 2, 2, 4, 2, 2, 2, 3, 2, -16 ], [ 1, 2, 1, 2, 2, 2, 3, 2, 1, 2, 2, 0, 2, 2, 2, 1, 2, -14 ] ], 
              [ [ 1, 3, 3, 1, 3, 1, 3, 3, 3, 3, 1, 6, 3, 3, 3, 3, 1, -19 ], [ 1, 1, 1, 3, 1, 3, 1, 1, 1, 1, 3, -2, 1, 1, 1, 1, 3, -11 ] ], 
              [ [ 1, 3, 2, 2, 2, 0, 1, 4, 3, 1, 1, 3, 1, 1, 3, 1, 1, -12 ], [ 1, 1, 2, 2, 2, 4, 3, 0, 1, 3, 3, 1, 3, 3, 1, 3, 3, -18 ] ], 
              [ [ 1, 3, 1, 3, 1, 2, 0, 3, 2, 1, 2, 2, 2, 2, 2, 2, 3, -15 ], [ 1, 1, 3, 1, 3, 2, 4, 1, 2, 3, 2, 2, 2, 2, 2, 2, 1, -15 ] ], 
              [ [ 1, 3, 2, 2, 0, 2, 1, 1, 1, 1, 3, 3, 4, 3, 1, 3, 3, -17 ], [ 1, 1, 2, 2, 4, 2, 3, 3, 3, 3, 1, 1, 0, 1, 3, 1, 1, -13 ] ], 
              [ [ 1, 2, 2, 1, 1, 1, 2, 3, 3, 2, 2, 3, 3, 2, 2, 3, 2, -16 ], [ 1, 2, 2, 3, 3, 3, 2, 1, 1, 2, 2, 1, 1, 2, 2, 1, 2, -14 ] ], 
              [ [ 1, 3, 1, 3, 2, 2, 2, 3, 3, 2, 2, 3, 3, 2, 2, 3, 2, -18 ], [ 1, 1, 3, 1, 2, 2, 2, 1, 1, 2, 2, 1, 1, 2, 2, 1, 2, -12 ] ], 
              [ [ 1, 3, 2, 2, 0, 3, 1, 2, 1, 1, 3, 3, 3, 3, 1, 4, 3, -18 ], [ 1, 1, 2, 2, 4, 1, 3, 2, 3, 3, 1, 1, 1, 1, 3, 0, 1, -12 ] ], 
              [ [ 1, 3, 6, 1, 3, 3, 3, 1, 1, 1, 1, 3, 1, 3, 3, 1, 1, -15 ], [ 1, 1, -2, 3, 1, 1, 1, 3, 3, 3, 3, 1, 3, 1, 1, 3, 3, -15 ] ], 
              [ [ 1, 3, 4, 2, 2, 3, 4, 2, 3, 1, 1, 3, 1, 3, 3, 1, 1, -16 ], [ 1, 1, 0, 2, 2, 1, 0, 2, 1, 3, 3, 1, 3, 1, 1, 3, 3, -14 ] ], 
              [ [ 1, 4, 4, 1, 1, 3, 3, 1, 2, 1, 1, 2, 2, 3, 3, 1, 1, -15 ], [ 1, 0, 0, 3, 3, 1, 1, 3, 2, 3, 3, 2, 2, 1, 1, 3, 3, -15 ] ], 
              [ [ 1, 0, 3, 2, 4, 2, 2, 2, 2, 3, 2, 2, 2, 2, 2, 2, 3, -16 ], [ 1, 4, 1, 2, 0, 2, 2, 2, 2, 1, 2, 2, 2, 2, 2, 2, 1, -14 ] ], 
              [ [ 1, 1, 3, 3, 6, 1, 3, 3, 3, 3, 1, 3, 1, 1, 3, 1, 1, -15 ], [ 1, 3, 1, 1, -2, 3, 1, 1, 1, 1, 3, 1, 3, 3, 1, 3, 3, -15 ] ], 
              [ [ 1, 1, 4, 2, 4, 2, 2, 2, 1, 2, 2, 3, 1, 2, 2, 2, 2, -15 ], [ 1, 3, 0, 2, 0, 2, 2, 2, 3, 2, 2, 1, 3, 2, 2, 2, 2, -15 ] ], 
              [ [ 1, 1, 3, 2, 4, 1, 2, 2, 4, 3, 1, 3, 1, 1, 3, 1, 1, -13 ], [ 1, 3, 1, 2, 0, 3, 2, 2, 0, 1, 3, 1, 3, 3, 1, 3, 3, -17 ] ], 
              [ [ 1, 2, 4, 1, 3, 2, 1, 1, 0, 2, 2, 2, 2, 2, 2, 2, 2, -14 ], [ 1, 2, 0, 3, 1, 2, 3, 3, 4, 2, 2, 2, 2, 2, 2, 2, 2, -16 ] ], 
              [ [ 1, 2, 3, 3, 3, 3, 1, 1, 2, 2, 2, 3, 1, 2, 2, 2, 2, -15 ], [ 1, 2, 1, 1, 1, 1, 3, 3, 2, 2, 2, 1, 3, 2, 2, 2, 2, -15 ] ], 
              [ [ 1, 1, 2, 4, 3, 2, 1, 1, 1, 1, 3, 0, 2, 1, 1, 1, 3, -13 ], [ 1, 3, 2, 0, 1, 2, 3, 3, 3, 3, 1, 4, 2, 3, 3, 3, 1, -17 ] ], 
              [ [ 1, 0, 2, 4, 2, 2, 1, 1, 3, 1, 3, 1, 1, 1, 1, 1, 3, -12 ], [ 1, 4, 2, 0, 2, 2, 3, 3, 1, 3, 1, 3, 3, 3, 3, 3, 1, -18 ] ], 
              [ [ 1, 1, 1, 6, 3, 3, 1, 1, 3, 1, 3, 1, 1, 1, 1, 1, 3, -14 ], [ 1, 3, 3, -2, 1, 1, 3, 3, 1, 3, 1, 3, 3, 3, 3, 3, 1, -16 ] ], 
              [ [ 1, 1, 2, 4, 3, 3, 1, 2, 1, 1, 3, 0, 1, 1, 1, 2, 3, -14 ], [ 1, 3, 2, 0, 1, 1, 3, 2, 3, 3, 1, 4, 3, 3, 3, 2, 1, -16 ] ], 
              [ [ 1, 1, 2, 3, 1, 3, 0, 1, 2, 1, 3, 0, 1, 1, 1, 2, 3, -12 ], [ 1, 3, 2, 1, 3, 1, 4, 3, 2, 3, 1, 4, 3, 3, 3, 2, 1, -18 ] ], 
              [ [ 1, 2, 2, 4, 3, 2, 1, 2, 3, 1, 2, 1, 0, 0, 2, 1, 1, -11 ], [ 1, 2, 2, 0, 1, 2, 3, 2, 1, 3, 2, 3, 4, 4, 2, 3, 3, -19 ] ], 
              [ [ 1, 2, 1, 3, 3, 1, 1, 3, 3, 2, 1, 1, 1, 1, 3, 0, 2, -12 ], [ 1, 2, 3, 1, 1, 3, 3, 1, 1, 2, 3, 3, 3, 3, 1, 4, 2, -18 ] ], 
              [ [ 1, 2, 2, 2, 1, 2, 0, 2, 1, 1, 2, 1, 1, 2, 2, 1, 3, -12 ], [ 1, 2, 2, 2, 3, 2, 4, 2, 3, 3, 2, 3, 3, 2, 2, 3, 1, -18 ] ], 
              [ [ 1, 3, 2, 3, 3, 1, 1, 3, 2, 1, 1, 2, 0, 1, 3, 0, 1, -11 ], [ 1, 1, 2, 1, 1, 3, 3, 1, 2, 3, 3, 2, 4, 3, 1, 4, 3, -19 ] ], 
              [ [ 1, 1, 2, 3, 3, 1, 3, 2, 3, 2, 2, 3, 2, 2, 2, 1, 2, -15 ], [ 1, 3, 2, 1, 1, 3, 1, 2, 1, 2, 2, 1, 2, 2, 2, 3, 2, -15 ] ], 
              [ [ 1, 2, 2, 2, 2, 1, 2, 1, 2, 2, 2, 2, 3, 2, 2, 1, 2, -14 ], [ 1, 2, 2, 2, 2, 3, 2, 3, 2, 2, 2, 2, 1, 2, 2, 3, 2, -16 ] ], 
              [ [ 1, 1, 3, 1, 3, 1, 3, 3, 1, 2, 2, 2, 2, 2, 2, 2, 2, -15 ], [ 1, 3, 1, 3, 1, 3, 1, 1, 3, 2, 2, 2, 2, 2, 2, 2, 2, -15 ] ], 
              [ [ 1, 1, 2, 1, 3, 0, 3, 3, 4, 3, 1, 2, 2, 1, 3, 1, 1, -13 ], [ 1, 3, 2, 3, 1, 4, 1, 1, 0, 1, 3, 2, 2, 3, 1, 3, 3, -17 ] ], 
              [ [ 1, 2, 3, 0, 2, 1, 2, 2, 0, 2, 2, 1, 3, 2, 2, 2, 2, -14 ], [ 1, 2, 1, 4, 2, 3, 2, 2, 4, 2, 2, 3, 1, 2, 2, 2, 2, -16 ] ], 
              [ [ 1, 1, 3, 0, 1, 1, 2, 2, 2, 2, 2, 2, 2, 2, 2, 2, 2, -13 ], [ 1, 3, 1, 4, 3, 3, 2, 2, 2, 2, 2, 2, 2, 2, 2, 2, 2, -17 ] ], 
              [ [ 1, 2, 3, 1, 3, 0, 3, 3, 3, 2, 1, 3, 1, 1, 3, 1, 0, -12 ], [ 1, 2, 1, 3, 1, 4, 1, 1, 1, 2, 3, 1, 3, 3, 1, 3, 4, -18 ] ], 
              [ [ 1, 1, 1, 4, 2, 3, 2, 1, 2, 2, 3, 2, 3, 3, 1, 2, 4, -18 ], [ 1, 3, 3, 0, 2, 1, 2, 3, 2, 2, 1, 2, 1, 1, 3, 2, 0, -12 ] ], 
              [ [ 1, 2, 1, 4, 2, 2, 2, 1, 4, 2, 2, 3, 2, 2, 2, 1, 2, -15 ], [ 1, 2, 3, 0, 2, 2, 2, 3, 0, 2, 2, 1, 2, 2, 2, 3, 2, -15 ] ], 
              [ [ 1, 3, 2, 3, 1, 3, 1, 0, 0, 1, 3, 2, 3, 3, 1, 2, 3, -16 ], [ 1, 1, 2, 1, 3, 1, 3, 4, 4, 3, 1, 2, 1, 1, 3, 2, 1, -14 ] ], 
              [ [ 1, 0, 1, 3, 3, 2, 3, 3, 4, 3, 2, 2, 2, 2, 2, 2, 3, -17 ], [ 1, 4, 3, 1, 1, 2, 1, 1, 0, 1, 2, 2, 2, 2, 2, 2, 1, -13 ] ], 
              [ [ 1, 1, 2, 2, 2, 3, 2, 2, 0, 2, 3, 1, 3, 3, 1, 3, 4, -18 ], [ 1, 3, 2, 2, 2, 1, 2, 2, 4, 2, 1, 3, 1, 1, 3, 1, 0, -12 ] ], 
              [ [ 1, 1, 1, 2, 2, 2, 2, 2, 3, 3, 2, 1, 3, 2, 2, 2, 3, -16 ], [ 1, 3, 3, 2, 2, 2, 2, 2, 1, 1, 2, 3, 1, 2, 2, 2, 1, -14 ] ], 
              [ [ 1, 1, 2, 1, 0, 3, 1, 1, 1, 2, 3, 1, 3, 3, 1, 3, 4, -16 ], [ 1, 3, 2, 3, 4, 1, 3, 3, 3, 2, 1, 3, 1, 1, 3, 1, 0, -14 ] ], 
              [ [ 1, 2, 2, 3, 4, 2, 3, 3, 1, 2, 2, 2, 2, 2, 2, 2, 2, -17 ], [ 1, 2, 2, 1, 0, 2, 1, 1, 3, 2, 2, 2, 2, 2, 2, 2, 2, -13 ] ], 
              [ [ 1, 2, 1, 3, 4, 1, 3, 3, 4, 3, 1, 2, 2, 1, 3, 1, 1, -15 ], [ 1, 2, 3, 1, 0, 3, 1, 1, 0, 1, 3, 2, 2, 3, 1, 3, 3, -15 ] ], 
              [ [ 1, 3, 2, 2, 3, 2, 2, 2, 0, 2, 2, 1, 3, 2, 2, 2, 2, -16 ], [ 1, 1, 2, 2, 1, 2, 2, 2, 4, 2, 2, 3, 1, 2, 2, 2, 2, -14 ] ], 
              [ [ 1, 1, 2, 3, 3, 2, 3, 3, 3, 2, 2, 3, 1, 2, 2, 2, 2, -16 ], [ 1, 3, 2, 1, 1, 2, 1, 1, 1, 2, 2, 1, 3, 2, 2, 2, 2, -14 ] ], 
              [ [ 1, 1, 1, 3, 3, 1, 3, 3, 6, 3, 1, 3, 1, 1, 3, 1, 1, -14 ], [ 1, 3, 3, 1, 1, 3, 1, 1, -2, 1, 3, 1, 3, 3, 1, 3, 3, -16 ] ] ],
          slins := [  ] ), 
      [ [ [ -3589972326, -3348982262, -2355067818, -5670541650, -1937396990, -3101561374, -4805414698, -3634988630, -611782850, -3953149562, -2306215454, 
                  -1316983178, -5941147678, -6793412814, -4487253766, -7891575726, -5201874806, -8686978056 ], 
              [ -3348982262, -3124169618, -2196975309, -5289885863, -1807342149, -2893357753, -4482833709, -3390976765, -570714699, -3687779983, 
                  -2151402333, -1228575873, -5542326473, -6337380199, -4186030491, -7361824923, -4852679989, -8103832968 ], 
              [ -2355067818, -2196975309, -1544954694, -3719948037, -1270957265, -2034664029, -3152413659, -2384599155, -401337397, -2593316805, 
                  -1512906911, -863957847, -3897469059, -4456565913, -2943696009, -5176974867, -3412496575, -5698768992 ], 
              [ -5670541650, -5289885863, -3719948037, -8956905638, -3060215945, -4899072121, -7590394113, -5741647303, -966341775, -6244198489, 
                  -3642783261, -2080241133, -9384341459, -10730537083, -7087842927, -12465140619, -8216622789, -13721518584 ], 
              [ -1937396990, -1807342149, -1270957265, -3060215945, -1045553234, -1673816745, -2593333685, -1961690939, -330160285, -2133392553, 
                  -1244593153, -710735085, -3206253649, -3666194781, -2421632071, -4258839341, -2807290945, -4688093376 ], 
              [ -3101561374, -2893357753, -2034664029, -4899072121, -1673816745, -2679598138, -4151644519, -3140453341, -528550623, -3415328907, 
                  -1992457959, -1137809391, -5132862563, -5869178175, -3876768953, -6817937509, -4494166767, -7505126424 ], 
              [ -4805414698, -4482833709, -3152413659, -7590394113, -2593333685, -4151644519, -6432364606, -4865672103, -818911711, -5291551499, 
                  -3087021539, -1762868863, -7952618131, -9093431237, -6006485209, -10563394749, -6963052619, -11628093240 ], 
              [ -3634988630, -3390976765, -2384599155, -5741647303, -1961690939, -3140453341, -4865672103, -3680569506, -619454293, -4002720009, 
                  -2335134201, -1333497457, -6015646587, -6878598681, -4543521599, -7990531989, -5267103617, -8795908248 ], 
              [ -611782850, -570714699, -401337397, -966341775, -330160285, -528550623, -818911711, -619454293, -104256590, -673673487, -393012251, 
                  -224432855, -1012456931, -1157695155, -764692517, -1344837895, -886474211, -1480385880 ], 
              [ -3953149562, -3687779983, -2593316805, -6244198489, -2133392553, -3415328907, -5291551499, -4002720009, -673673487, -4353067494, 
                  -2539522315, -1450214959, -6542180205, -7480664211, -4941204015, -8689922097, -5728119251, -9565790808 ], 
              [ -2306215454, -2151402333, -1512906911, -3642783261, -1244593153, -1992457959, -3087021539, -2335134201, -393012251, -2539522315, 
                  -1481523914, -846036331, -3816621875, -4364121099, -2882633425, -5069586243, -3341709423, -5580556528 ], 
              [ -1316983178, -1228575873, -863957847, -2080241133, -710735085, -1137809391, -1762868863, -1333497457, -224432855, -1450214959, -846036331, 
                  -483135958, -2179513093, -2492166997, -1646151361, -2895028629, -1908310459, -3186822384 ], 
              [ -5941147678, -5542326473, -3897469059, -9384341459, -3206253649, -5132862563, -7952618131, -6015646587, -1012456931, -6542180205, 
                  -3816621875, -2179513093, -9832175106, -11242613031, -7426084513, -13059994227, -8608731299, -14376328272 ], 
              [ -6793412814, -6337380199, -4456565913, -10730537083, -3666194781, -5869178175, -9093431237, -6878598681, -1157695155, -7480664211, 
                  -4364121099, -2492166997, -11242613031, -12855380058, -8491365707, -14933466879, -9843664667, -16438630704 ], 
              [ -4487253766, -4186030491, -2943696009, -7087842927, -2421632071, -3876768953, -6006485209, -4543521599, -764692517, -4941204015, 
                  -2882633425, -1646151361, -7426084513, -8491365707, -5608802794, -9864004641, -6502036985, -10858210680 ], 
              [ -7891575726, -7361824923, -5176974867, -12465140619, -4258839341, -6817937509, -10563394749, -7990531989, -1344837895, -8689922097, 
                  -5069586243, -2895028629, -13059994227, -14933466879, -9864004641, -17347478802, -11434904267, -19095954072 ], 
              [ -5201874806, -4852679989, -3412496575, -8216622789, -2807290945, -4494166767, -6963052619, -5267103617, -886474211, -5728119251, 
                  -3341709423, -1908310459, -8608731299, -9843664667, -6502036985, -11434904267, -7537523874, -12587443352 ], 
              [ -8686978056, -8103832968, -5698768992, -13721518584, -4688093376, -7505126424, -11628093240, -8795908248, -1480385880, -9565790808, 
                  -5580556528, -3186822384, -14376328272, -16438630704, -10858210680, -19095954072, -12587443352, -21020660472 ] ], 
          [ 1, 2, 2, 2, 2, 2, 2, 2, 2, 2, 2, 2, 2, 2, 2, 2, 2, -15 ] ] ], [ rec(
          nopss := [ 0, 210 ],
          scons := [ [ [ 1, 1, 4, 2, 2, 4, 2, 2, 2, 1, 2, 2, 2, 2, 2, 0, 1, -15 ], [ 1, 3, 0, 2, 2, 0, 2, 2, 2, 3, 2, 2, 2, 2, 2, 4, 3, -17 ] ], 
              [ [ 1, 1, 2, 2, 2, 3, 1, 4, 3, 4, 1, 3, 3, 1, 1, 1, 1, -18 ], [ 1, 3, 2, 2, 2, 1, 3, 0, 1, 0, 3, 1, 1, 3, 3, 3, 3, -14 ] ], 
              [ [ 1, 2, 3, 2, 2, 4, 1, 3, 1, 1, 3, 3, 4, 3, 3, 1, 2, -19 ], [ 1, 2, 1, 2, 2, 0, 3, 1, 3, 3, 1, 1, 0, 1, 1, 3, 2, -13 ] ], 
              [ [ 1, 1, 3, 3, 1, 6, 1, 1, 1, 1, 3, 1, 3, 3, 1, 1, 3, -17 ], [ 1, 3, 1, 1, 3, -2, 3, 3, 3, 3, 1, 3, 1, 1, 3, 3, 1, -15 ] ], 
              [ [ 1, 0, 3, 2, 2, 4, 2, 2, 3, 2, 2, 1, 3, 2, 2, 0, 2, -15 ], [ 1, 4, 1, 2, 2, 0, 2, 2, 1, 2, 2, 3, 1, 2, 2, 4, 2, -17 ] ], 
              [ [ 1, 2, 3, 3, 1, 4, 0, 3, 2, 0, 2, 2, 2, 2, 2, 0, 2, -15 ], [ 1, 2, 1, 1, 3, 0, 4, 1, 2, 4, 2, 2, 2, 2, 2, 4, 2, -17 ] ], 
              [ [ 1, 1, 3, 3, 3, 3, 1, 3, 3, 1, 1, 1, 1, 1, 3, -2, 1, -12 ], [ 1, 3, 1, 1, 1, 1, 3, 1, 1, 3, 3, 3, 3, 3, 1, 6, 3, -20 ] ], 
              [ [ 1, 0, 2, 2, 2, 3, 0, 2, 1, 2, 3, 1, 3, 1, 1, 1, 2, -14 ], [ 1, 4, 2, 2, 2, 1, 4, 2, 3, 2, 1, 3, 1, 3, 3, 3, 2, -18 ] ], 
              [ [ 1, 1, 1, 1, 1, 3, 1, 3, 1, 3, 3, 3, 6, 3, 1, 3, 3, -20 ], [ 1, 3, 3, 3, 3, 1, 3, 1, 3, 1, 1, 1, -2, 1, 3, 1, 1, -12 ] ], 
              [ [ 1, 1, 2, 1, 1, 4, 2, 2, 2, 2, 2, 2, 4, 4, 3, 2, 3, -18 ], [ 1, 3, 2, 3, 3, 0, 2, 2, 2, 2, 2, 2, 0, 0, 1, 2, 1, -14 ] ], 
              [ [ 1, 0, 1, 1, 3, 3, 2, 4, 2, 4, 2, 2, 4, 2, 2, 2, 2, -19 ], [ 1, 4, 3, 3, 1, 1, 2, 0, 2, 0, 2, 2, 0, 2, 2, 2, 2, -13 ] ], 
              [ [ 1, -2, 1, 3, 3, 3, 1, 3, 3, 3, 3, 1, 3, 1, 1, 1, 3, -15 ], [ 1, 6, 3, 1, 1, 1, 3, 1, 1, 1, 1, 3, 1, 3, 3, 3, 1, -17 ] ], 
              [ [ 1, 2, 1, 2, 2, 2, 0, 4, 1, 2, 2, 3, 4, 2, 2, 1, 2, -17 ], [ 1, 2, 3, 2, 2, 2, 4, 0, 3, 2, 2, 1, 0, 2, 2, 3, 2, -15 ] ], 
              [ [ 1, 1, 1, 3, 1, 4, 0, 2, 1, 2, 2, 1, 3, 2, 0, 1, 3, -15 ], [ 1, 3, 3, 1, 3, 0, 4, 2, 3, 2, 2, 3, 1, 2, 4, 3, 1, -17 ] ], 
              [ [ 1, 1, 1, 2, 0, 3, 0, 3, 2, 2, 2, 2, 4, 2, 0, 2, 3, -16 ], [ 1, 3, 3, 2, 4, 1, 4, 1, 2, 2, 2, 2, 0, 2, 4, 2, 1, -16 ] ], 
              [ [ 1, 1, 1, 3, 1, 3, -2, 3, 1, 1, 3, 1, 3, 1, 1, 1, 3, -14 ], [ 1, 3, 3, 1, 3, 1, 6, 1, 3, 3, 1, 3, 1, 3, 3, 3, 1, -18 ] ], 
              [ [ 1, 0, 1, 2, 2, 2, 1, 3, 3, 3, 1, 1, 3, 1, 1, 0, 2, -13 ], [ 1, 4, 3, 2, 2, 2, 3, 1, 1, 1, 3, 3, 1, 3, 3, 4, 2, -19 ] ], 
              [ [ 1, 2, 2, 2, 2, 3, 1, 3, 2, 1, 1, 2, 2, 3, 4, 0, 2, -15 ], [ 1, 2, 2, 2, 2, 1, 3, 1, 2, 3, 3, 2, 2, 1, 0, 4, 2, -17 ] ], 
              [ [ 1, 0, 2, 3, 4, 2, 1, 4, 3, 3, 1, 3, 3, 1, 1, 1, 2, -17 ], [ 1, 4, 2, 1, 0, 2, 3, 0, 1, 1, 3, 1, 1, 3, 3, 3, 2, -15 ] ], 
              [ [ 1, 2, 2, 1, 1, 2, 1, 4, 3, 1, 1, 3, 3, 3, 4, 1, 2, -16 ], [ 1, 2, 2, 3, 3, 2, 3, 0, 1, 3, 3, 1, 1, 1, 0, 3, 2, -16 ] ], 
              [ [ 1, 1, 1, 1, 3, 1, 1, 6, 3, 3, 1, 3, 3, 1, 3, 1, 1, -17 ], [ 1, 3, 3, 3, 1, 3, 3, -2, 1, 1, 3, 1, 1, 3, 1, 3, 3, -15 ] ], 
              [ [ 1, 0, 1, 2, 2, 3, 1, 4, 3, 3, 1, 1, 2, 1, 1, 1, 2, -15 ], [ 1, 4, 3, 2, 2, 1, 3, 0, 1, 1, 3, 3, 2, 3, 3, 3, 2, -17 ] ], 
              [ [ 1, 1, 1, 3, 2, 3, 0, 3, 2, 2, 3, 2, 4, 1, 1, 2, 2, -17 ], [ 1, 3, 3, 1, 2, 1, 4, 1, 2, 2, 1, 2, 0, 3, 3, 2, 2, -15 ] ], 
              [ [ 1, 0, 1, 2, 2, 3, 1, 3, 3, 3, 1, 1, 3, 0, 2, 1, 2, -14 ], [ 1, 4, 3, 2, 2, 1, 3, 1, 1, 1, 3, 3, 1, 4, 2, 3, 2, -18 ] ], 
              [ [ 1, 1, 1, 3, 2, 3, 0, 3, 1, 3, 2, 2, 4, 2, 1, 2, 3, -18 ], [ 1, 3, 3, 1, 2, 1, 4, 1, 3, 1, 2, 2, 0, 2, 3, 2, 1, -14 ] ], 
              [ [ 1, 0, 0, 3, 1, 3, 1, 3, 3, 2, 3, 1, 3, 1, 1, 1, 2, -14 ], [ 1, 4, 4, 1, 3, 1, 3, 1, 1, 2, 1, 3, 1, 3, 3, 3, 2, -18 ] ], 
              [ [ 1, 1, 2, 2, 2, 4, 1, 3, 1, 0, 3, 1, 3, 3, 3, 1, 3, -16 ], [ 1, 3, 2, 2, 2, 0, 3, 1, 3, 4, 1, 3, 1, 1, 1, 3, 1, -16 ] ], 
              [ [ 1, 2, 3, 0, 1, 2, 2, 2, 2, 3, 2, 2, 2, 2, 2, 2, 0, -16 ], [ 1, 2, 1, 4, 3, 2, 2, 2, 2, 1, 2, 2, 2, 2, 2, 2, 4, -16 ] ], 
              [ [ 1, 3, 3, 1, 3, 1, 3, 3, 3, 3, 1, 3, 1, 1, 3, 1, -2, -16 ], [ 1, 1, 1, 3, 1, 3, 1, 1, 1, 1, 3, 1, 3, 3, 1, 3, 6, -16 ] ], 
              [ [ 1, 3, 4, 0, 1, 3, 2, 2, 0, 2, 2, 2, 2, 2, 1, 2, 1, -17 ], [ 1, 1, 0, 4, 3, 1, 2, 2, 4, 2, 2, 2, 2, 2, 3, 2, 3, -15 ] ], 
              [ [ 1, 3, 6, 1, 3, 3, 3, 1, 1, 1, 1, 3, 1, 3, 3, 1, 1, -17 ], [ 1, 1, -2, 3, 1, 1, 1, 3, 3, 3, 3, 1, 3, 1, 1, 3, 3, -15 ] ], 
              [ [ 1, 3, 4, 1, 1, 3, 3, 1, 1, 1, 2, 2, 2, 4, 3, 2, 1, -17 ], [ 1, 1, 0, 3, 3, 1, 1, 3, 3, 3, 2, 2, 2, 0, 1, 2, 3, -15 ] ], 
              [ [ 1, 2, 3, 1, 3, 2, 3, 3, 1, 3, 2, 2, 2, 2, 2, 2, 0, -18 ], [ 1, 2, 1, 3, 1, 2, 1, 1, 3, 1, 2, 2, 2, 2, 2, 2, 4, -14 ] ], 
              [ [ 1, 2, 3, 2, 2, 2, 2, 2, 2, 2, 1, 1, 1, 0, 2, 1, 0, -13 ], [ 1, 2, 1, 2, 2, 2, 2, 2, 2, 2, 3, 3, 3, 4, 2, 3, 4, -19 ] ], 
              [ [ 1, 3, 3, 2, 1, 3, 2, 1, 2, 2, 2, 3, 2, 2, 1, 1, 1, -16 ], [ 1, 1, 1, 2, 3, 1, 2, 3, 2, 2, 2, 1, 2, 2, 3, 3, 3, -16 ] ], 
              [ [ 1, 2, 3, 1, 2, 2, 3, 3, 4, 3, 1, 3, 1, 1, 2, 1, 0, -16 ], [ 1, 2, 1, 3, 2, 2, 1, 1, 0, 1, 3, 1, 3, 3, 2, 3, 4, -16 ] ], 
              [ [ 1, 3, 3, 2, 2, 2, 2, 2, 2, 3, 2, 4, 3, 2, 2, 2, 1, -19 ], [ 1, 1, 1, 2, 2, 2, 2, 2, 2, 1, 2, 0, 1, 2, 2, 2, 3, -13 ] ], 
              [ [ 1, 3, 2, 2, 2, 2, 2, 2, 2, 3, 3, 2, 2, 2, 2, 1, 0, -17 ], [ 1, 1, 2, 2, 2, 2, 2, 2, 2, 1, 1, 2, 2, 2, 2, 3, 4, -15 ] ], 
              [ [ 1, 2, 3, 3, 1, 4, 2, 0, 2, 3, 2, 2, 2, 2, 0, 2, 2, -17 ], [ 1, 2, 1, 1, 3, 0, 2, 4, 2, 1, 2, 2, 2, 2, 4, 2, 2, -15 ] ], 
              [ [ 1, 3, 2, 1, 0, 3, 2, 2, 2, 3, 2, 2, 2, 2, 2, 2, 1, -17 ], [ 1, 1, 2, 3, 4, 1, 2, 2, 2, 1, 2, 2, 2, 2, 2, 2, 3, -15 ] ], 
              [ [ 1, 3, 4, 2, 2, 3, 3, 1, 3, 2, 1, 3, 1, 3, 4, 1, 1, -17 ], [ 1, 1, 0, 2, 2, 1, 1, 3, 1, 2, 3, 1, 3, 1, 0, 3, 3, -15 ] ], 
              [ [ 1, 3, 2, 2, 2, 3, 2, 2, 2, 3, 2, 2, 2, 2, 2, 2, 0, -18 ], [ 1, 1, 2, 2, 2, 1, 2, 2, 2, 1, 2, 2, 2, 2, 2, 2, 4, -14 ] ], 
              [ [ 1, 2, 3, 2, 4, 2, 3, 3, 3, 4, 1, 3, 1, 1, 3, 1, 0, -18 ], [ 1, 2, 1, 2, 0, 2, 1, 1, 1, 0, 3, 1, 3, 3, 1, 3, 4, -14 ] ], 
              [ [ 1, 2, 2, 3, 3, 2, 3, 2, 3, 3, 2, 3, 2, 2, 2, 1, 0, -17 ], [ 1, 2, 2, 1, 1, 2, 1, 2, 1, 1, 2, 1, 2, 2, 2, 3, 4, -15 ] ], 
              [ [ 1, 1, 2, 4, 2, 3, 1, 1, 3, 2, 3, 1, 1, 1, 1, 1, 1, -14 ], [ 1, 3, 2, 0, 2, 1, 3, 3, 1, 2, 1, 3, 3, 3, 3, 3, 3, -18 ] ], 
              [ [ 1, 2, 4, 2, 2, 3, 3, 1, 2, 1, 3, 2, 2, 4, 2, 1, 2, -17 ], [ 1, 2, 0, 2, 2, 1, 1, 3, 2, 3, 1, 2, 2, 0, 2, 3, 2, -15 ] ], 
              [ [ 1, 2, 4, 2, 2, 4, 3, 1, 2, 1, 3, 2, 2, 3, 3, 2, 2, -18 ], [ 1, 2, 0, 2, 2, 0, 1, 3, 2, 3, 1, 2, 2, 1, 1, 2, 2, -14 ] ], 
              [ [ 1, 4, 4, 1, 1, 3, 3, 1, 2, 1, 1, 2, 2, 3, 3, 1, 1, -16 ], [ 1, 0, 0, 3, 3, 1, 1, 3, 2, 3, 3, 2, 2, 1, 1, 3, 3, -16 ] ], 
              [ [ 1, 3, 3, 1, 3, 2, 3, 3, 2, 3, 1, 2, 2, 1, 2, 1, 0, -17 ], [ 1, 1, 1, 3, 1, 2, 1, 1, 2, 1, 3, 2, 2, 3, 2, 3, 4, -15 ] ], 
              [ [ 1, 2, 3, 4, 2, 4, 1, 1, 1, 1, 3, 1, 1, 1, 0, 1, 2, -15 ], [ 1, 2, 1, 0, 2, 0, 3, 3, 3, 3, 1, 3, 3, 3, 4, 3, 2, -17 ] ], 
              [ [ 1, 3, 4, 2, 2, 3, 4, 2, 3, 1, 1, 3, 1, 3, 3, 1, 1, -17 ], [ 1, 1, 0, 2, 2, 1, 0, 2, 1, 3, 3, 1, 3, 1, 1, 3, 3, -15 ] ], 
              [ [ 1, 1, 3, 3, 3, 2, 2, 2, 3, 2, 2, 1, 1, 0, 1, 0, 1, -13 ], [ 1, 3, 1, 1, 1, 2, 2, 2, 1, 2, 2, 3, 3, 4, 3, 4, 3, -19 ] ], 
              [ [ 1, 3, 4, 3, 3, 3, 2, 2, 2, 0, 2, 2, 0, 2, 4, 0, 1, -15 ], [ 1, 1, 0, 1, 1, 1, 2, 2, 2, 4, 2, 2, 4, 2, 0, 4, 3, -17 ] ], 
              [ [ 1, 2, 2, 3, 1, 3, 1, 1, 1, 2, 3, 0, 2, 1, 1, 1, 2, -14 ], [ 1, 2, 2, 1, 3, 1, 3, 3, 3, 2, 1, 4, 2, 3, 3, 3, 2, -18 ] ], 
              [ [ 1, 2, 2, 2, 2, 1, 2, 2, 3, 2, 2, 3, 1, 2, 3, 2, 0, -15 ], [ 1, 2, 2, 2, 2, 3, 2, 2, 1, 2, 2, 1, 3, 2, 1, 2, 4, -17 ] ], 
              [ [ 1, 2, 4, 0, 2, 2, 3, 1, 1, 3, 1, 3, 3, 3, 1, 3, 2, -18 ], [ 1, 2, 0, 4, 2, 2, 1, 3, 3, 1, 3, 1, 1, 1, 3, 1, 2, -14 ] ], 
              [ [ 1, 2, 4, 1, 3, 2, 1, 1, 0, 2, 2, 2, 2, 2, 2, 2, 2, -16 ], [ 1, 2, 0, 3, 1, 2, 3, 3, 4, 2, 2, 2, 2, 2, 2, 2, 2, -16 ] ], 
              [ [ 1, 3, 3, -2, 1, 1, 3, 3, 1, 3, 1, 3, 3, 3, 3, 3, 1, -18 ], [ 1, 1, 1, 6, 3, 3, 1, 1, 3, 1, 3, 1, 1, 1, 1, 1, 3, -14 ] ], 
              [ [ 1, 2, 3, 2, 2, 2, 1, 1, 0, 1, 4, 2, 2, 3, 1, 2, 2, -16 ], [ 1, 2, 1, 2, 2, 2, 3, 3, 4, 3, 0, 2, 2, 1, 3, 2, 2, -16 ] ], 
              [ [ 1, 2, 3, 1, 0, 3, 1, 1, 0, 1, 3, 2, 2, 3, 1, 3, 3, -16 ], [ 1, 2, 1, 3, 4, 1, 3, 3, 4, 3, 1, 2, 2, 1, 3, 1, 1, -16 ] ], 
              [ [ 1, 2, 3, 2, 2, 3, 1, 1, 0, 1, 3, 2, 2, 3, 1, 3, 2, -17 ], [ 1, 2, 1, 2, 2, 1, 3, 3, 4, 3, 1, 2, 2, 1, 3, 1, 2, -15 ] ], 
              [ [ 1, 1, 3, 1, 2, 2, 2, 1, 1, 2, 2, 1, 1, 2, 2, 1, 2, -13 ], [ 1, 3, 1, 3, 2, 2, 2, 3, 3, 2, 2, 3, 3, 2, 2, 3, 2, -19 ] ], 
              [ [ 1, 1, 4, 2, 4, 2, 2, 2, 1, 2, 2, 3, 1, 2, 2, 2, 2, -17 ], [ 1, 3, 0, 2, 0, 2, 2, 2, 3, 2, 2, 1, 3, 2, 2, 2, 2, -15 ] ], 
              [ [ 1, 1, 3, 0, 1, 1, 2, 2, 2, 2, 2, 2, 2, 2, 2, 2, 2, -14 ], [ 1, 3, 1, 4, 3, 3, 2, 2, 2, 2, 2, 2, 2, 2, 2, 2, 2, -18 ] ], 
              [ [ 1, 1, 3, 1, 3, 1, 2, 2, 2, 2, 2, 2, 2, 2, 2, 2, 1, -15 ], [ 1, 3, 1, 3, 1, 3, 2, 2, 2, 2, 2, 2, 2, 2, 2, 2, 3, -17 ] ], 
              [ [ 1, 1, 3, 1, 3, 1, 2, 3, 2, 2, 3, 2, 1, 2, 2, 2, 1, -16 ], [ 1, 3, 1, 3, 1, 3, 2, 1, 2, 2, 1, 2, 3, 2, 2, 2, 3, -16 ] ], 
              [ [ 1, 2, 3, 1, 1, 3, 3, 1, 1, 2, 3, 3, 3, 3, 1, 4, 2, -19 ], [ 1, 2, 1, 3, 3, 1, 1, 3, 3, 2, 1, 1, 1, 1, 3, 0, 2, -13 ] ], 
              [ [ 1, 2, 3, 2, 2, 3, 1, 1, 0, 1, 4, 2, 2, 2, 2, 3, 2, -17 ], [ 1, 2, 1, 2, 2, 1, 3, 3, 4, 3, 0, 2, 2, 2, 2, 1, 2, -15 ] ], 
              [ [ 1, 1, 3, 1, 3, 2, 4, 1, 2, 3, 2, 2, 2, 2, 2, 2, 1, -16 ], [ 1, 3, 1, 3, 1, 2, 0, 3, 2, 1, 2, 2, 2, 2, 2, 2, 3, -16 ] ], 
              [ [ 1, 1, 3, 1, 3, 1, 2, 2, 2, 2, 3, 2, 2, 1, 3, 2, 1, -15 ], [ 1, 3, 1, 3, 1, 3, 2, 2, 2, 2, 1, 2, 2, 3, 1, 2, 3, -17 ] ], 
              [ [ 1, 2, 2, 1, 1, 2, 1, 1, 0, 2, 3, 1, 3, 3, 2, 3, 2, -16 ], [ 1, 2, 2, 3, 3, 2, 3, 3, 4, 2, 1, 3, 1, 1, 2, 1, 2, -16 ] ], 
              [ [ 1, 2, 2, 1, 1, 2, 1, 2, 0, 2, 4, 1, 2, 3, 2, 3, 2, -17 ], [ 1, 2, 2, 3, 3, 2, 3, 2, 4, 2, 0, 3, 2, 1, 2, 1, 2, -15 ] ], 
              [ [ 1, 1, 3, 1, 3, 1, 2, 2, 1, 3, 2, 2, 2, 2, 3, 2, 2, -16 ], [ 1, 3, 1, 3, 1, 3, 2, 2, 3, 1, 2, 2, 2, 2, 1, 2, 2, -16 ] ], 
              [ [ 1, 1, 2, 2, 2, 2, 2, 2, 2, 1, 4, 2, 2, 2, 2, 3, 1, -16 ], [ 1, 3, 2, 2, 2, 2, 2, 2, 2, 3, 0, 2, 2, 2, 2, 1, 3, -16 ] ], 
              [ [ 1, 1, 2, 2, 2, 2, 2, 2, 1, 2, 3, 2, 2, 3, 2, 3, 2, -17 ], [ 1, 3, 2, 2, 2, 2, 2, 2, 3, 2, 1, 2, 2, 1, 2, 1, 2, -15 ] ], 
              [ [ 1, 3, 4, 1, 3, 1, 2, 2, 1, 2, 0, 3, 1, 2, 2, 1, 1, -15 ], [ 1, 1, 0, 3, 1, 3, 2, 2, 3, 2, 4, 1, 3, 2, 2, 3, 3, -17 ] ], 
              [ [ 1, 4, 3, 1, 1, 2, 1, 1, 0, 1, 2, 2, 2, 2, 2, 2, 1, -15 ], [ 1, 0, 1, 3, 3, 2, 3, 3, 4, 3, 2, 2, 2, 2, 2, 2, 3, -17 ] ], 
              [ [ 1, 3, 4, 1, 3, 2, 2, 2, 1, 2, 0, 3, 1, 1, 3, 2, 1, -16 ], [ 1, 1, 0, 3, 1, 2, 2, 2, 3, 2, 4, 1, 3, 3, 1, 2, 3, -16 ] ], 
              [ [ 1, 3, 3, 0, 2, 1, 2, 3, 2, 2, 1, 2, 1, 1, 3, 2, 0, -15 ], [ 1, 1, 1, 4, 2, 3, 2, 1, 2, 2, 3, 2, 3, 3, 1, 2, 4, -17 ] ], 
              [ [ 1, 3, 3, 0, 2, 1, 2, 3, 1, 3, 0, 2, 1, 2, 3, 2, 1, -16 ], [ 1, 1, 1, 4, 2, 3, 2, 1, 3, 1, 4, 2, 3, 2, 1, 2, 3, -16 ] ], 
              [ [ 1, 3, 3, 2, 2, 2, 2, 1, 1, 1, 1, 3, 2, 2, 2, 2, 1, -15 ], [ 1, 1, 1, 2, 2, 2, 2, 3, 3, 3, 3, 1, 2, 2, 2, 2, 3, -17 ] ], 
              [ [ 1, 3, 3, 2, 2, 2, 2, 2, 1, 1, 2, 3, 1, 2, 2, 2, 1, -16 ], [ 1, 1, 1, 2, 2, 2, 2, 2, 3, 3, 2, 1, 3, 2, 2, 2, 3, -16 ] ], 
              [ [ 1, 3, 2, 1, 1, 1, 2, 2, 2, 1, 2, 2, 2, 2, 2, 2, 0, -14 ], [ 1, 1, 2, 3, 3, 3, 2, 2, 2, 3, 2, 2, 2, 2, 2, 2, 4, -18 ] ], 
              [ [ 1, 2, 3, 1, 3, 0, 3, 3, 3, 2, 1, 3, 1, 1, 3, 1, 0, -14 ], [ 1, 2, 1, 3, 1, 4, 1, 1, 1, 2, 3, 1, 3, 3, 1, 3, 4, -18 ] ], 
              [ [ 1, 2, 3, 1, 3, 1, 3, 3, 3, 2, 0, 3, 1, 1, 3, 2, 0, -15 ], [ 1, 2, 1, 3, 1, 3, 1, 1, 1, 2, 4, 1, 3, 3, 1, 2, 4, -17 ] ], 
              [ [ 1, 3, 2, 1, 1, 1, 2, 2, 1, 2, 1, 2, 2, 3, 2, 2, 1, -15 ], [ 1, 1, 2, 3, 3, 3, 2, 2, 3, 2, 3, 2, 2, 1, 2, 2, 3, -17 ] ], 
              [ [ 1, 3, 2, 1, 1, 1, 2, 2, 1, 2, 2, 2, 2, 2, 3, 2, 1, -15 ], [ 1, 1, 2, 3, 3, 3, 2, 2, 3, 2, 2, 2, 2, 2, 1, 2, 3, -17 ] ], 
              [ [ 1, 3, 2, 2, 3, 1, 2, 2, 1, 2, 2, 2, 2, 2, 3, 2, 0, -16 ], [ 1, 1, 2, 2, 1, 3, 2, 2, 3, 2, 2, 2, 2, 2, 1, 2, 4, -16 ] ], 
              [ [ 1, 3, 2, 1, 1, 2, 2, 2, 1, 2, 1, 2, 2, 2, 3, 3, 1, -16 ], [ 1, 1, 2, 3, 3, 2, 2, 2, 3, 2, 3, 2, 2, 2, 1, 1, 3, -16 ] ], 
              [ [ 1, 2, 4, 1, 3, 2, 2, 2, 0, 1, 2, 2, 2, 2, 1, 2, 2, -16 ], [ 1, 2, 0, 3, 1, 2, 2, 2, 4, 3, 2, 2, 2, 2, 3, 2, 2, -16 ] ], 
              [ [ 1, 3, 3, 1, 1, 3, 1, 1, -2, 1, 3, 1, 3, 3, 1, 3, 3, -17 ], [ 1, 1, 1, 3, 3, 1, 3, 3, 6, 3, 1, 3, 1, 1, 3, 1, 1, -15 ] ], 
              [ [ 1, 2, 3, 0, 2, 1, 2, 2, 0, 2, 2, 1, 3, 2, 2, 2, 2, -15 ], [ 1, 2, 1, 4, 2, 3, 2, 2, 4, 2, 2, 3, 1, 2, 2, 2, 2, -17 ] ], 
              [ [ 1, 2, 3, 0, 2, 2, 2, 3, 0, 2, 2, 1, 2, 2, 2, 3, 2, -17 ], [ 1, 2, 1, 4, 2, 2, 2, 1, 4, 2, 2, 3, 2, 2, 2, 1, 2, -15 ] ], 
              [ [ 1, 2, 2, 1, 1, 2, 2, 2, 0, 1, 3, 1, 3, 3, 1, 3, 2, -16 ], [ 1, 2, 2, 3, 3, 2, 2, 2, 4, 3, 1, 3, 1, 1, 3, 1, 2, -16 ] ], 
              [ [ 1, 1, 3, 1, 3, 1, 3, 3, 1, 2, 2, 2, 2, 2, 2, 2, 2, -16 ], [ 1, 3, 1, 3, 1, 3, 1, 1, 3, 2, 2, 2, 2, 2, 2, 2, 2, -16 ] ], 
              [ [ 1, 2, 2, 1, 1, 2, 2, 2, 0, 1, 4, 1, 3, 2, 2, 3, 2, -16 ], [ 1, 2, 2, 3, 3, 2, 2, 2, 4, 3, 0, 3, 1, 2, 2, 1, 2, -16 ] ], 
              [ [ 1, 3, 3, 0, 2, 1, 3, 3, 1, 2, 0, 2, 2, 1, 3, 2, 1, -15 ], [ 1, 1, 1, 4, 2, 3, 1, 1, 3, 2, 4, 2, 2, 3, 1, 2, 3, -17 ] ], 
              [ [ 1, 2, 2, 0, 1, 2, 2, 2, 2, 3, 3, 3, 3, 4, 2, 3, 2, -19 ], [ 1, 2, 2, 4, 3, 2, 2, 2, 2, 1, 1, 1, 1, 0, 2, 1, 2, -13 ] ], 
              [ [ 1, 1, 2, 1, 2, 2, 3, 2, 3, 3, 3, 4, 3, 3, 3, 3, 2, -19 ], [ 1, 3, 2, 3, 2, 2, 1, 2, 1, 1, 1, 0, 1, 1, 1, 1, 2, -13 ] ], 
              [ [ 1, 3, 2, 0, 1, 1, 3, 2, 3, 3, 1, 4, 3, 3, 3, 2, 1, -17 ], [ 1, 1, 2, 4, 3, 3, 1, 2, 1, 1, 3, 0, 1, 1, 1, 2, 3, -15 ] ], 
              [ [ 1, 3, 3, 1, 3, 1, 3, 3, 3, 3, 1, 6, 3, 3, 3, 3, 1, -21 ], [ 1, 1, 1, 3, 1, 3, 1, 1, 1, 1, 3, -2, 1, 1, 1, 1, 3, -11 ] ], 
              [ [ 1, 3, 2, 1, 3, 1, 3, 3, 3, 3, 2, 4, 2, 3, 3, 2, 0, -19 ], [ 1, 1, 2, 3, 1, 3, 1, 1, 1, 1, 2, 0, 2, 1, 1, 2, 4, -13 ] ], 
              [ [ 1, 2, 3, 2, 2, 3, 3, 1, 3, 3, 1, 4, 2, 3, 1, 3, 2, -19 ], [ 1, 2, 1, 2, 2, 1, 1, 3, 1, 1, 3, 0, 2, 1, 3, 1, 2, -13 ] ], 
              [ [ 1, 2, 3, 3, 3, 3, 1, 1, 2, 2, 2, 3, 1, 2, 2, 2, 2, -17 ], [ 1, 2, 1, 1, 1, 1, 3, 3, 2, 2, 2, 1, 3, 2, 2, 2, 2, -15 ] ], 
              [ [ 1, 2, 2, 1, 0, 2, 1, 1, 3, 2, 2, 2, 2, 2, 2, 2, 2, -14 ], [ 1, 2, 2, 3, 4, 2, 3, 3, 1, 2, 2, 2, 2, 2, 2, 2, 2, -18 ] ], 
              [ [ 1, 3, 2, 0, 1, 2, 3, 3, 3, 3, 1, 4, 2, 3, 3, 3, 1, -19 ], [ 1, 1, 2, 4, 3, 2, 1, 1, 1, 1, 3, 0, 2, 1, 1, 1, 3, -13 ] ], 
              [ [ 1, 2, 3, 2, 2, 2, 1, 2, 3, 2, 2, 4, 2, 2, 2, 3, 2, -18 ], [ 1, 2, 1, 2, 2, 2, 3, 2, 1, 2, 2, 0, 2, 2, 2, 1, 2, -14 ] ], 
              [ [ 1, 1, 1, 1, 2, 1, 1, 3, 3, 4, 2, 2, 2, 0, 1, 2, 1, -15 ], [ 1, 3, 3, 3, 2, 3, 3, 1, 1, 0, 2, 2, 2, 4, 3, 2, 3, -17 ] ], 
              [ [ 1, 2, 2, 2, 2, 2, 1, 2, 3, 2, 3, 2, 1, 2, 2, 2, 1, -16 ], [ 1, 2, 2, 2, 2, 2, 3, 2, 1, 2, 1, 2, 3, 2, 2, 2, 3, -16 ] ], 
              [ [ 1, 1, 3, 2, 4, 1, 2, 2, 4, 3, 1, 3, 1, 1, 3, 1, 1, -15 ], [ 1, 3, 1, 2, 0, 3, 2, 2, 0, 1, 3, 1, 3, 3, 1, 3, 3, -17 ] ], 
              [ [ 1, 2, 2, 2, 2, 2, 1, 2, 2, 3, 2, 2, 1, 3, 2, 2, 2, -17 ], [ 1, 2, 2, 2, 2, 2, 3, 2, 2, 1, 2, 2, 3, 1, 2, 2, 2, -15 ] ], 
              [ [ 1, 2, 2, 1, 1, 2, 3, 1, 3, 4, 1, 3, 3, 3, 2, 3, 2, -18 ], [ 1, 2, 2, 3, 3, 2, 1, 3, 1, 0, 3, 1, 1, 1, 2, 1, 2, -14 ] ], 
              [ [ 1, 2, 2, 2, 2, 2, 1, 1, 2, 3, 2, 2, 2, 2, 3, 2, 2, -16 ], [ 1, 2, 2, 2, 2, 2, 3, 3, 2, 1, 2, 2, 2, 2, 1, 2, 2, -16 ] ], 
              [ [ 1, 1, 1, 1, 3, 1, 3, 3, 3, 6, 1, 3, 3, 1, 1, 3, 1, -19 ], [ 1, 3, 3, 3, 1, 3, 1, 1, 1, -2, 3, 1, 1, 3, 3, 1, 3, -13 ] ], 
              [ [ 1, 2, 2, 2, 3, 2, 3, 2, 3, 4, 2, 3, 2, 3, 2, 3, 1, -20 ], [ 1, 2, 2, 2, 1, 2, 1, 2, 1, 0, 2, 1, 2, 1, 2, 1, 3, -12 ] ], 
              [ [ 1, 1, 2, 3, 3, 1, 2, 2, 4, 2, 3, 3, 1, 2, 2, 1, 1, -15 ], [ 1, 3, 2, 1, 1, 3, 2, 2, 0, 2, 1, 1, 3, 2, 2, 3, 3, -17 ] ], 
              [ [ 1, 1, 2, 2, 1, 2, 2, 2, 4, 2, 2, 3, 1, 2, 2, 2, 2, -15 ], [ 1, 3, 2, 2, 3, 2, 2, 2, 0, 2, 2, 1, 3, 2, 2, 2, 2, -17 ] ], 
              [ [ 1, 1, 2, 3, 3, 2, 2, 2, 4, 2, 2, 3, 1, 2, 2, 2, 1, -16 ], [ 1, 3, 2, 1, 1, 2, 2, 2, 0, 2, 2, 1, 3, 2, 2, 2, 3, -16 ] ], 
              [ [ 1, 1, 2, 3, 3, 2, 2, 2, 4, 2, 3, 3, 1, 1, 3, 2, 1, -16 ], [ 1, 3, 2, 1, 1, 2, 2, 2, 0, 2, 1, 1, 3, 3, 1, 2, 3, -16 ] ], 
              [ [ 1, 2, 1, 3, 1, 2, 1, 1, 2, 2, 4, 2, 2, 3, 2, 2, 2, -16 ], [ 1, 2, 3, 1, 3, 2, 3, 3, 2, 2, 0, 2, 2, 1, 2, 2, 2, -16 ] ], 
              [ [ 1, 2, 1, 3, 1, 3, 1, 1, 2, 2, 3, 2, 2, 3, 2, 3, 2, -17 ], [ 1, 2, 3, 1, 3, 1, 3, 3, 2, 2, 1, 2, 2, 1, 2, 1, 2, -15 ] ], 
              [ [ 1, 1, 2, 3, 3, 2, 2, 2, 3, 3, 2, 3, 1, 2, 3, 2, 2, -17 ], [ 1, 3, 2, 1, 1, 2, 2, 2, 1, 1, 2, 1, 3, 2, 1, 2, 2, -15 ] ], 
              [ [ 1, 1, 1, 2, 2, 1, 2, 2, 4, 3, 2, 2, 2, 2, 3, 2, 1, -15 ], [ 1, 3, 3, 2, 2, 3, 2, 2, 0, 1, 2, 2, 2, 2, 1, 2, 3, -17 ] ], 
              [ [ 1, 1, 1, 2, 2, 1, 2, 3, 4, 3, 3, 2, 1, 2, 3, 2, 1, -16 ], [ 1, 3, 3, 2, 2, 3, 2, 1, 0, 1, 1, 2, 3, 2, 1, 2, 3, -16 ] ], 
              [ [ 1, 3, 2, 2, 2, 1, 2, 2, 4, 2, 1, 3, 1, 1, 3, 1, 0, -14 ], [ 1, 1, 2, 2, 2, 3, 2, 2, 0, 2, 3, 1, 3, 3, 1, 3, 4, -18 ] ], 
              [ [ 1, 3, 2, 2, 2, 1, 2, 2, 3, 3, 0, 3, 1, 2, 3, 1, 1, -15 ], [ 1, 1, 2, 2, 2, 3, 2, 2, 1, 1, 4, 1, 3, 2, 1, 3, 3, -17 ] ], 
              [ [ 1, 2, 2, 0, 1, 2, 3, 2, 2, 2, 3, 3, 4, 3, 2, 3, 2, -18 ], [ 1, 2, 2, 4, 3, 2, 1, 2, 2, 2, 1, 1, 0, 1, 2, 1, 2, -14 ] ], 
              [ [ 1, 2, 2, 0, 1, 2, 3, 2, 1, 3, 2, 3, 4, 4, 2, 3, 3, -19 ], [ 1, 2, 2, 4, 3, 2, 1, 2, 3, 1, 2, 1, 0, 0, 2, 1, 1, -13 ] ], 
              [ [ 1, 3, 3, 1, 1, 3, 3, 1, 1, 1, 3, 3, 3, 6, 3, 3, 3, -20 ], [ 1, 1, 1, 3, 3, 1, 1, 3, 3, 3, 1, 1, 1, -2, 1, 1, 1, -12 ] ], 
              [ [ 1, 1, 2, 2, 2, 2, 1, 1, 1, 2, 4, 1, 3, 3, 1, 2, 3, -16 ], [ 1, 3, 2, 2, 2, 2, 3, 3, 3, 2, 0, 3, 1, 1, 3, 2, 1, -16 ] ], 
              [ [ 1, 2, 2, 1, 3, 2, 3, 3, 1, 3, 3, 3, 3, 4, 2, 3, 2, -21 ], [ 1, 2, 2, 3, 1, 2, 1, 1, 3, 1, 1, 1, 1, 0, 2, 1, 2, -11 ] ], 
              [ [ 1, 1, 2, 1, 0, 3, 1, 1, 1, 2, 3, 1, 3, 3, 1, 3, 4, -16 ], [ 1, 3, 2, 3, 4, 1, 3, 3, 3, 2, 1, 3, 1, 1, 3, 1, 0, -16 ] ], 
              [ [ 1, 1, 2, 2, 2, 3, 1, 2, 1, 2, 4, 1, 2, 3, 1, 3, 3, -18 ], [ 1, 3, 2, 2, 2, 1, 3, 2, 3, 2, 0, 3, 2, 1, 3, 1, 1, -14 ] ], 
              [ [ 1, 0, 3, 2, 4, 2, 2, 2, 2, 3, 2, 2, 2, 2, 2, 2, 3, -17 ], [ 1, 4, 1, 2, 0, 2, 2, 2, 2, 1, 2, 2, 2, 2, 2, 2, 1, -15 ] ], 
              [ [ 1, 2, 2, 1, 3, 2, 3, 2, 1, 3, 3, 3, 4, 3, 3, 3, 2, -20 ], [ 1, 2, 2, 3, 1, 2, 1, 2, 3, 1, 1, 1, 0, 1, 1, 1, 2, -12 ] ], 
              [ [ 1, 1, 2, 2, 2, 4, 3, 0, 1, 3, 3, 1, 3, 3, 1, 3, 3, -18 ], [ 1, 3, 2, 2, 2, 0, 1, 4, 3, 1, 1, 3, 1, 1, 3, 1, 1, -14 ] ], 
              [ [ 1, 1, 2, 1, 1, 3, 3, 1, 2, 3, 3, 2, 4, 3, 1, 4, 3, -19 ], [ 1, 3, 2, 3, 3, 1, 1, 3, 2, 1, 1, 2, 0, 1, 3, 0, 1, -13 ] ], 
              [ [ 1, 1, 2, 2, 2, 3, 1, 1, 1, 2, 4, 1, 3, 2, 2, 3, 3, -17 ], [ 1, 3, 2, 2, 2, 1, 3, 3, 3, 2, 0, 3, 1, 2, 2, 1, 1, -15 ] ], 
              [ [ 1, 0, 2, 3, 3, 2, 2, 2, 2, 2, 4, 2, 2, 3, 1, 2, 3, -17 ], [ 1, 4, 2, 1, 1, 2, 2, 2, 2, 2, 0, 2, 2, 1, 3, 2, 1, -15 ] ], 
              [ [ 1, 1, 1, 3, 1, 3, 1, 1, 1, 1, 6, 1, 3, 3, 1, 3, 3, -17 ], [ 1, 3, 3, 1, 3, 1, 3, 3, 3, 3, -2, 3, 1, 1, 3, 1, 1, -15 ] ], 
              [ [ 1, 0, 2, 3, 3, 2, 2, 1, 2, 2, 4, 2, 3, 2, 2, 2, 3, -16 ], [ 1, 4, 2, 1, 1, 2, 2, 3, 2, 2, 0, 2, 1, 2, 2, 2, 1, -16 ] ], 
              [ [ 1, 0, 1, 2, 1, 3, 2, 1, 2, 2, 4, 0, 2, 2, 2, 2, 3, -14 ], [ 1, 4, 3, 2, 3, 1, 2, 3, 2, 2, 0, 4, 2, 2, 2, 2, 1, -18 ] ], 
              [ [ 1, 0, 2, 3, 3, 3, 2, 2, 2, 2, 4, 2, 2, 2, 2, 3, 3, -18 ], [ 1, 4, 2, 1, 1, 1, 2, 2, 2, 2, 0, 2, 2, 2, 2, 1, 1, -14 ] ], 
              [ [ 1, 3, 3, 1, 0, 3, 1, 1, 1, 1, 2, 2, 2, 2, 1, 2, 3, -15 ], [ 1, 1, 1, 3, 4, 1, 3, 3, 3, 3, 2, 2, 2, 2, 3, 2, 1, -17 ] ], 
              [ [ 1, 3, 3, 2, 2, 3, 1, 1, 1, 1, 2, 2, 2, 2, 1, 2, 2, -16 ], [ 1, 1, 1, 2, 2, 1, 3, 3, 3, 3, 2, 2, 2, 2, 3, 2, 2, -16 ] ], 
              [ [ 1, 2, 4, 2, 4, 2, 2, 2, 2, 2, 1, 3, 1, 1, 2, 1, 2, -16 ], [ 1, 2, 0, 2, 0, 2, 2, 2, 2, 2, 3, 1, 3, 3, 2, 3, 2, -16 ] ], 
              [ [ 1, 3, 3, 2, 2, 3, 1, 1, 0, 2, 1, 2, 2, 3, 1, 2, 3, -17 ], [ 1, 1, 1, 2, 2, 1, 3, 3, 4, 2, 3, 2, 2, 1, 3, 2, 1, -15 ] ], 
              [ [ 1, 3, 3, 1, 1, 2, 1, 2, 1, 2, 1, 3, 3, 3, 1, 3, 3, -18 ], [ 1, 1, 1, 3, 3, 2, 3, 2, 3, 2, 3, 1, 1, 1, 3, 1, 1, -14 ] ], 
              [ [ 1, 3, 2, 1, 1, 2, 1, 2, 1, 2, 2, 1, 2, 3, 1, 2, 2, -16 ], [ 1, 1, 2, 3, 3, 2, 3, 2, 3, 2, 2, 3, 2, 1, 3, 2, 2, -16 ] ], 
              [ [ 1, 2, 3, 1, 3, 1, 2, 2, 2, 3, 0, 2, 2, 2, 2, 1, 2, -15 ], [ 1, 2, 1, 3, 1, 3, 2, 2, 2, 1, 4, 2, 2, 2, 2, 3, 2, -17 ] ], 
              [ [ 1, 2, 3, 1, 3, 1, 2, 3, 2, 3, 1, 2, 1, 2, 2, 1, 2, -16 ], [ 1, 2, 1, 3, 1, 3, 2, 1, 2, 1, 3, 2, 3, 2, 2, 3, 2, -16 ] ], 
              [ [ 1, 2, 3, 1, 3, 2, 2, 3, 2, 3, 0, 2, 1, 2, 2, 2, 2, -17 ], [ 1, 2, 1, 3, 1, 2, 2, 1, 2, 1, 4, 2, 3, 2, 2, 2, 2, -15 ] ], 
              [ [ 1, 3, 3, 1, 1, 3, 3, 1, 1, 3, 1, 3, 3, 3, 1, 3, 3, -19 ], [ 1, 1, 1, 3, 3, 1, 1, 3, 3, 1, 3, 1, 1, 1, 3, 1, 1, -13 ] ], 
              [ [ 1, 3, 3, 2, 2, 3, 1, 1, 0, 2, 2, 2, 2, 2, 2, 2, 3, -17 ], [ 1, 1, 1, 2, 2, 1, 3, 3, 4, 2, 2, 2, 2, 2, 2, 2, 1, -15 ] ], 
              [ [ 1, 3, 3, 2, 3, 3, 3, 1, 1, 3, 1, 3, 3, 3, 1, 3, 2, -20 ], [ 1, 1, 1, 2, 1, 1, 1, 3, 3, 1, 3, 1, 1, 1, 3, 1, 2, -12 ] ], 
              [ [ 1, 3, 2, 1, 1, 2, 1, 1, 1, 2, 2, 1, 3, 2, 2, 2, 2, -15 ], [ 1, 1, 2, 3, 3, 2, 3, 3, 3, 2, 2, 3, 1, 2, 2, 2, 2, -17 ] ], 
              [ [ 1, 3, 3, 1, 1, 2, 1, 2, 1, 2, 2, 3, 3, 2, 2, 3, 3, -18 ], [ 1, 1, 1, 3, 3, 2, 3, 2, 3, 2, 2, 1, 1, 2, 2, 1, 1, -14 ] ], 
              [ [ 1, 4, 2, 0, 2, 2, 3, 3, 1, 3, 1, 3, 3, 3, 3, 3, 1, -20 ], [ 1, 0, 2, 4, 2, 2, 1, 1, 3, 1, 3, 1, 1, 1, 1, 1, 3, -12 ] ], 
              [ [ 1, 3, 2, 1, 1, 2, 1, 2, 1, 2, 3, 1, 2, 2, 2, 2, 2, -16 ], [ 1, 1, 2, 3, 3, 2, 3, 2, 3, 2, 1, 3, 2, 2, 2, 2, 2, -16 ] ], 
              [ [ 1, 3, 3, 2, 3, 2, 1, 2, 1, 2, 2, 3, 3, 2, 2, 3, 2, -19 ], [ 1, 1, 1, 2, 1, 2, 3, 2, 3, 2, 2, 1, 1, 2, 2, 1, 2, -13 ] ], 
              [ [ 1, 2, 3, 1, 3, 1, 2, 2, 2, 3, 1, 2, 2, 1, 3, 1, 2, -15 ], [ 1, 2, 1, 3, 1, 3, 2, 2, 2, 1, 3, 2, 2, 3, 1, 3, 2, -17 ] ], 
              [ [ 1, 3, 2, 1, 1, 3, 1, 2, 1, 2, 2, 1, 2, 2, 2, 3, 2, -17 ], [ 1, 1, 2, 3, 3, 1, 3, 2, 3, 2, 2, 3, 2, 2, 2, 1, 2, -15 ] ], 
              [ [ 1, 2, 3, 1, 3, 2, 2, 2, 2, 3, 0, 2, 2, 1, 3, 2, 2, -16 ], [ 1, 2, 1, 3, 1, 2, 2, 2, 2, 1, 4, 2, 2, 3, 1, 2, 2, -16 ] ], 
              [ [ 1, 2, 3, 1, 3, 2, 2, 3, 2, 3, 1, 2, 1, 1, 3, 2, 2, -17 ], [ 1, 2, 1, 3, 1, 2, 2, 1, 2, 1, 3, 2, 3, 3, 1, 2, 2, -15 ] ], 
              [ [ 1, 2, 3, 3, 3, 2, 2, 1, 2, 1, 2, 3, 2, 2, 1, 1, 2, -15 ], [ 1, 2, 1, 1, 1, 2, 2, 3, 2, 3, 2, 1, 2, 2, 3, 3, 2, -17 ] ], 
              [ [ 1, 3, 2, 1, 2, 1, 2, 3, 2, 1, 2, 3, 2, 2, 3, 1, 1, -15 ], [ 1, 1, 2, 3, 2, 3, 2, 1, 2, 3, 2, 1, 2, 2, 1, 3, 3, -17 ] ], 
              [ [ 1, 2, 3, 2, 1, 3, 2, 1, 2, 1, 1, 3, 2, 2, 1, 2, 3, -15 ], [ 1, 2, 1, 2, 3, 1, 2, 3, 2, 3, 3, 1, 2, 2, 3, 2, 1, -17 ] ], 
              [ [ 1, 2, 2, 2, 1, 3, 2, 1, 2, 1, 2, 1, 1, 2, 1, 1, 2, -13 ], [ 1, 2, 2, 2, 3, 1, 2, 3, 2, 3, 2, 3, 3, 2, 3, 3, 2, -19 ] ], 
              [ [ 1, 2, 3, 3, 3, 3, 2, 2, 2, 1, 2, 3, 1, 2, 1, 2, 2, -17 ], [ 1, 2, 1, 1, 1, 1, 2, 2, 2, 3, 2, 1, 3, 2, 3, 2, 2, -15 ] ], 
              [ [ 1, 2, 2, 1, 0, 2, 2, 2, 3, 1, 2, 2, 2, 2, 1, 2, 2, -14 ], [ 1, 2, 2, 3, 4, 2, 2, 2, 1, 3, 2, 2, 2, 2, 3, 2, 2, -18 ] ], 
              [ [ 1, 2, 2, 2, 1, 2, 0, 2, 2, 0, 3, 1, 1, 1, 2, 1, 2, -12 ], [ 1, 2, 2, 2, 3, 2, 4, 2, 2, 4, 1, 3, 3, 3, 2, 3, 2, -20 ] ], 
              [ [ 1, 1, 3, 2, 4, 1, 3, 3, 4, 2, 1, 3, 1, 1, 2, 1, 1, -15 ], [ 1, 3, 1, 2, 0, 3, 1, 1, 0, 2, 3, 1, 3, 3, 2, 3, 3, -17 ] ], 
              [ [ 1, 2, 3, 3, 3, 3, 2, 1, 2, 1, 2, 3, 2, 1, 2, 2, 2, -16 ], [ 1, 2, 1, 1, 1, 1, 2, 3, 2, 3, 2, 1, 2, 3, 2, 2, 2, -16 ] ], 
              [ [ 1, 2, 2, 2, 2, 2, 2, 2, 3, 1, 3, 2, 2, 1, 2, 2, 1, -15 ], [ 1, 2, 2, 2, 2, 2, 2, 2, 1, 3, 1, 2, 2, 3, 2, 2, 3, -17 ] ], 
              [ [ 1, 2, 2, 2, 2, 1, 2, 2, 2, 2, 2, 2, 2, 3, 1, 1, 2, -15 ], [ 1, 2, 2, 2, 2, 3, 2, 2, 2, 2, 2, 2, 2, 1, 3, 3, 2, -17 ] ], 
              [ [ 1, 2, 2, 1, 0, 2, 2, 2, 2, 2, 1, 2, 2, 3, 1, 2, 3, -15 ], [ 1, 2, 2, 3, 4, 2, 2, 2, 2, 2, 3, 2, 2, 1, 3, 2, 1, -17 ] ], 
              [ [ 1, 2, 2, 2, 1, 2, 0, 2, 1, 1, 2, 1, 1, 2, 2, 1, 3, -13 ], [ 1, 2, 2, 2, 3, 2, 4, 2, 3, 3, 2, 3, 3, 2, 2, 3, 1, -19 ] ], 
              [ [ 1, 2, 2, 2, 2, 2, 2, 2, 2, 2, 1, 2, 2, 3, 1, 2, 2, -16 ], [ 1, 2, 2, 2, 2, 2, 2, 2, 2, 2, 3, 2, 2, 1, 3, 2, 2, -16 ] ], 
              [ [ 1, 2, 2, 2, 2, 2, 2, 3, 2, 2, 2, 2, 1, 3, 1, 2, 2, -17 ], [ 1, 2, 2, 2, 2, 2, 2, 1, 2, 2, 2, 2, 3, 1, 3, 2, 2, -15 ] ], 
              [ [ 1, 1, 3, 2, 4, 1, 3, 3, 3, 3, 0, 3, 1, 2, 2, 1, 2, -16 ], [ 1, 3, 1, 2, 0, 3, 1, 1, 1, 1, 4, 1, 3, 2, 2, 3, 2, -16 ] ], 
              [ [ 1, 3, 2, 3, 1, 3, 1, 0, 0, 1, 3, 2, 3, 3, 1, 2, 3, -16 ], [ 1, 1, 2, 1, 3, 1, 3, 4, 4, 3, 1, 2, 1, 1, 3, 2, 1, -16 ] ], 
              [ [ 1, 3, 2, 2, 0, 2, 1, 1, 1, 1, 3, 3, 4, 3, 1, 3, 3, -17 ], [ 1, 1, 2, 2, 4, 2, 3, 3, 3, 3, 1, 1, 0, 1, 3, 1, 1, -15 ] ], 
              [ [ 1, 3, 1, 2, 0, 2, 1, 1, 1, 1, 4, 1, 3, 3, 1, 2, 2, -15 ], [ 1, 1, 3, 2, 4, 2, 3, 3, 3, 3, 0, 3, 1, 1, 3, 2, 2, -17 ] ], 
              [ [ 1, 2, 2, 2, 2, 1, 2, 1, 2, 2, 2, 2, 3, 2, 2, 1, 2, -14 ], [ 1, 2, 2, 2, 2, 3, 2, 3, 2, 2, 2, 2, 1, 2, 2, 3, 2, -18 ] ], 
              [ [ 1, 2, 1, 2, 2, 1, 1, 3, 1, 3, 3, 3, 4, 1, 0, 3, 2, -18 ], [ 1, 2, 3, 2, 2, 3, 3, 1, 3, 1, 1, 1, 0, 3, 4, 1, 2, -14 ] ], 
              [ [ 1, 3, 2, 3, 2, 2, 1, 2, 1, 1, 4, 3, 3, 3, 1, 3, 2, -19 ], [ 1, 1, 2, 1, 2, 2, 3, 2, 3, 3, 0, 1, 1, 1, 3, 1, 2, -13 ] ], 
              [ [ 1, 3, 2, 1, 3, 1, 4, 3, 2, 3, 1, 4, 3, 3, 3, 2, 1, -19 ], [ 1, 1, 2, 3, 1, 3, 0, 1, 2, 1, 3, 0, 1, 1, 1, 2, 3, -13 ] ], 
              [ [ 1, 2, 2, 2, 2, 1, 2, 2, 2, 2, 3, 2, 2, 2, 2, 1, 2, -15 ], [ 1, 2, 2, 2, 2, 3, 2, 2, 2, 2, 1, 2, 2, 2, 2, 3, 2, -17 ] ], 
              [ [ 1, 2, 3, 3, 4, 1, 2, 2, 2, 2, 2, 4, 3, 2, 2, 2, 2, -18 ], [ 1, 2, 1, 1, 0, 3, 2, 2, 2, 2, 2, 0, 1, 2, 2, 2, 2, -14 ] ], 
              [ [ 1, 2, 2, 3, 4, 1, 2, 2, 2, 2, 3, 2, 2, 2, 2, 1, 1, -16 ], [ 1, 2, 2, 1, 0, 3, 2, 2, 2, 2, 1, 2, 2, 2, 2, 3, 3, -16 ] ], 
              [ [ 1, 3, 2, 1, 3, 0, 2, 4, 2, 2, 2, 4, 3, 2, 4, 2, 1, -18 ], [ 1, 1, 2, 3, 1, 4, 2, 0, 2, 2, 2, 0, 1, 2, 0, 2, 3, -14 ] ], 
              [ [ 1, 1, 1, 3, 1, 3, 1, 1, 1, 3, 3, 1, 3, 1, -2, 3, 3, -16 ], [ 1, 3, 3, 1, 3, 1, 3, 3, 3, 1, 1, 3, 1, 3, 6, 1, 1, -16 ] ], 
              [ [ 1, 3, 2, 3, 1, 4, 1, 1, 0, 1, 3, 2, 2, 3, 1, 3, 3, -18 ], [ 1, 1, 2, 1, 3, 0, 3, 3, 4, 3, 1, 2, 2, 1, 3, 1, 1, -14 ] ], 
              [ [ 1, 2, 2, 2, 2, 3, 4, 1, 2, 3, 1, 2, 2, 3, 1, 2, 2, -17 ], [ 1, 2, 2, 2, 2, 1, 0, 3, 2, 1, 3, 2, 2, 1, 3, 2, 2, -15 ] ], 
              [ [ 1, 2, 3, 3, 3, 3, 2, 1, 1, 2, 1, 3, 2, 2, 2, 2, 3, -17 ], [ 1, 2, 1, 1, 1, 1, 2, 3, 3, 2, 3, 1, 2, 2, 2, 2, 1, -15 ] ], 
              [ [ 1, 1, 3, 4, 3, 3, 2, 0, 2, 2, 2, 2, 2, 2, 0, 2, 3, -16 ], [ 1, 3, 1, 0, 1, 1, 2, 4, 2, 2, 2, 2, 2, 2, 4, 2, 1, -16 ] ], 
              [ [ 1, 2, 2, 3, 3, 3, 2, 1, 1, 2, 2, 1, 1, 2, 2, 1, 2, -15 ], [ 1, 2, 2, 1, 1, 1, 2, 3, 3, 2, 2, 3, 3, 2, 2, 3, 2, -17 ] ], 
              [ [ 1, 3, 1, 1, -2, 3, 1, 1, 1, 1, 3, 1, 3, 3, 1, 3, 3, -15 ], [ 1, 1, 3, 3, 6, 1, 3, 3, 3, 3, 1, 3, 1, 1, 3, 1, 1, -17 ] ], 
              [ [ 1, 2, 2, 1, 0, 2, 2, 1, 2, 2, 1, 2, 3, 2, 2, 2, 3, -14 ], [ 1, 2, 2, 3, 4, 2, 2, 3, 2, 2, 3, 2, 1, 2, 2, 2, 1, -18 ] ], 
              [ [ 1, 3, 3, 2, 0, 3, 2, 0, 2, 0, 2, 2, 2, 4, 3, 2, 3, -15 ], [ 1, 1, 1, 2, 4, 1, 2, 4, 2, 4, 2, 2, 2, 0, 1, 2, 1, -17 ] ], 
              [ [ 1, 3, 1, 2, 0, 3, 1, 1, 1, 1, 3, 1, 3, 3, 1, 3, 2, -16 ], [ 1, 1, 3, 2, 4, 1, 3, 3, 3, 3, 1, 3, 1, 1, 3, 1, 2, -16 ] ], 
              [ [ 1, 2, 1, 1, 0, 2, 2, 1, 2, 2, 2, 0, 2, 2, 2, 1, 2, -12 ], [ 1, 2, 3, 3, 4, 2, 2, 3, 2, 2, 2, 4, 2, 2, 2, 3, 2, -20 ] ], 
              [ [ 1, 2, 2, 2, 2, 2, 2, 1, 2, 2, 1, 2, 3, 2, 2, 2, 2, -15 ], [ 1, 2, 2, 2, 2, 2, 2, 3, 2, 2, 3, 2, 1, 2, 2, 2, 2, -17 ] ], 
              [ [ 1, 3, 2, 2, 0, 3, 1, 2, 1, 1, 3, 3, 3, 3, 1, 4, 3, -19 ], [ 1, 1, 2, 2, 4, 1, 3, 2, 3, 3, 1, 1, 1, 1, 3, 0, 1, -13 ] ], 
              [ [ 1, 2, 2, 1, 0, 2, 2, 2, 2, 2, 2, 2, 2, 2, 2, 2, 3, -15 ], [ 1, 2, 2, 3, 4, 2, 2, 2, 2, 2, 2, 2, 2, 2, 2, 2, 1, -17 ] ], 
              [ [ 1, 2, 2, 1, 1, 2, 4, 2, 3, 3, 1, 3, 3, 3, 1, 3, 2, -18 ], [ 1, 2, 2, 3, 3, 2, 0, 2, 1, 1, 3, 1, 1, 1, 3, 1, 2, -14 ] ], 
              [ [ 1, 2, 3, 2, 2, 2, 2, 2, 2, 2, 1, 4, 3, 2, 2, 3, 3, -18 ], [ 1, 2, 1, 2, 2, 2, 2, 2, 2, 2, 3, 0, 1, 2, 2, 1, 1, -14 ] ], 
              [ [ 1, 2, 0, 1, 0, 2, 1, 3, 1, 3, 3, 1, 3, 1, 0, 3, 2, -16 ], [ 1, 2, 4, 3, 4, 2, 3, 1, 3, 1, 1, 3, 1, 3, 4, 1, 2, -16 ] ], 
              [ [ 1, 3, 1, 2, 0, 3, 1, 2, 1, 1, 4, 1, 2, 3, 1, 3, 2, -17 ], [ 1, 1, 3, 2, 4, 1, 3, 2, 3, 3, 0, 3, 2, 1, 3, 1, 2, -15 ] ], 
              [ [ 1, 1, 1, 1, 2, 1, 2, 3, 2, 4, 1, 2, 3, 0, 1, 2, 2, -15 ], [ 1, 3, 3, 3, 2, 3, 2, 1, 2, 0, 3, 2, 1, 4, 3, 2, 2, -17 ] ] ],
          slins := [  ] ), 
      [ [ [ -3589972326, -3348982262, -2355067818, -1327052622, -1937396990, -3101561374, -461925670, -3634988630, -611782850, -3953149562, -2306215454, 
                  -1316983178, -1597658650, -2449923786, -143764738, -3548086698, -858385778, -4343489028 ], 
              [ -3348982262, -3124169618, -2196975309, -1237969379, -1807342149, -2893357753, -430917225, -3390976765, -570714699, -3687779983, 
                  -2151402333, -1228575873, -1490409989, -2285463715, -134114007, -3309908439, -800763505, -4051916484 ], 
              [ -2355067818, -2196975309, -1544954694, -870563541, -1270957265, -2034664029, -303029163, -2384599155, -401337397, -2593316805, 
                  -1512906911, -863957847, -1048084563, -1607181417, -94311513, -2327590371, -563112079, -2849384496 ], 
              [ -1327052622, -1237969379, -870563541, -490552172, -716169257, -1146508909, -170753319, -1343693179, -226148835, -1461303085, -852504997, 
                  -486829941, -590583149, -905627557, -53143413, -1311569409, -317306939, -1605594174 ], 
              [ -1937396990, -1807342149, -1270957265, -716169257, -1045553234, -1673816745, -249286997, -1961690939, -330160285, -2133392553, 
                  -1244593153, -710735085, -862206961, -1322148093, -77585383, -1914792653, -463244257, -2344046688 ], 
              [ -3101561374, -2893357753, -2034664029, -1146508909, -1673816745, -2679598138, -399081307, -3140453341, -528550623, -3415328907, 
                  -1992457959, -1137809391, -1380299351, -2116614963, -124205741, -3065374297, -741603555, -3752563212 ], 
              [ -461925670, -430917225, -303029163, -170753319, -249286997, -399081307, -59436484, -467717979, -78718771, -508656095, -296743275, 
                  -169457671, -205572493, -315234383, -18498367, -456536211, -110449441, -558881502 ], 
              [ -3634988630, -3390976765, -2384599155, -1343693179, -1961690939, -3140453341, -467717979, -3680569506, -619454293, -4002720009, 
                  -2335134201, -1333497457, -1617692463, -2480644557, -145567475, -3592577865, -869149493, -4397954124 ], 
              [ -611782850, -570714699, -401337397, -226148835, -330160285, -528550623, -78718771, -619454293, -104256590, -673673487, -393012251, 
                  -224432855, -272263991, -417502215, -24499577, -604644955, -146281271, -740192940 ], 
              [ -3953149562, -3687779983, -2593316805, -1461303085, -2133392553, -3415328907, -508656095, -4002720009, -673673487, -4353067494, 
                  -2539522315, -1450214959, -1759284801, -2697768807, -158308611, -3907026693, -945223847, -4782895404 ], 
              [ -2306215454, -2151402333, -1512906911, -852504997, -1244593153, -1992457959, -296743275, -2335134201, -393012251, -2539522315, 
                  -1481523914, -846036331, -1026343611, -1573842835, -92355161, -2279307979, -551431159, -2790278264 ], 
              [ -1316983178, -1228575873, -863957847, -486829941, -710735085, -1137809391, -169457671, -1333497457, -224432855, -1450214959, -846036331, 
                  -483135958, -586101901, -898755805, -52740169, -1301617437, -314899267, -1593411192 ], 
              [ -1597658650, -1490409989, -1048084563, -590583149, -862206961, -1380299351, -205572493, -1617692463, -272263991, -1759284801, -1026343611, 
                  -586101901, -711011952, -1090298661, -63980155, -1579018173, -382010605, -1932999018 ], 
              [ -2449923786, -2285463715, -1607181417, -905627557, -1322148093, -2116614963, -315234383, -2480644557, -417502215, -2697768807, 
                  -1573842835, -898755805, -1090298661, -1671914472, -98110133, -2421339609, -585792757, -2964150234 ], 
              [ -143764738, -134114007, -94311513, -53143413, -77585383, -124205741, -18498367, -145567475, -24499577, -158308611, -92355161, -52740169, 
                  -63980155, -98110133, -5757232, -142087383, -34375087, -173940222 ], [ -3548086698, -3309908439, -2327590371, -1311569409, -1914792653, 
                  -3065374297, -456536211, -3592577865, -604644955, -3907026693, -2279307979, -1301617437, -1579018173, -2421339609, -142087383, 
                  -3506689848, -848370673, -4292811918 ], [ -858385778, -800763505, -563112079, -317306939, -463244257, -741603555, -110449441, 
                  -869149493, -146281271, -945223847, -551431159, -314899267, -382010605, -585792757, -34375087, -848370673, -205245640, -1038556558 ], 
              [ -4343489028, -4051916484, -2849384496, -1605594174, -2344046688, -3752563212, -558881502, -4397954124, -740192940, -4782895404, 
                  -2790278264, -1593411192, -1932999018, -2964150234, -173940222, -4292811918, -1038556558, -5255165118 ] ], 
          [ 1, 2, 2, 2, 2, 2, 2, 2, 2, 2, 2, 2, 2, 2, 2, 2, 2, -16 ] ] ], [ rec(
          nopss := [ 0, 146 ],
          scons := [ [ [ 1, 2, 2, 2, 2, 2, 2, 2, 2, 2, 4, 2, 2, 3, 1, 2, -1, -15 ], [ 1, 2, 2, 2, 2, 2, 2, 2, 2, 2, 0, 2, 2, 1, 3, 2, 1, -15 ] ], 
              [ [ 1, 2, 2, 2, 2, 3, 2, 2, 2, 2, 4, 2, 2, 2, 2, 3, -1, -16 ], [ 1, 2, 2, 2, 2, 1, 2, 2, 2, 2, 0, 2, 2, 2, 2, 1, 1, -14 ] ], 
              [ [ 1, 3, 2, 2, 2, 2, 2, 2, 2, 3, 3, 2, 2, 2, 2, 1, -1, -15 ], [ 1, 1, 2, 2, 2, 2, 2, 2, 2, 1, 1, 2, 2, 2, 2, 3, 1, -15 ] ], 
              [ [ 1, 1, 2, 3, 3, 2, 2, 2, 3, 2, 4, 2, 2, 1, 2, 1, -1, -13 ], [ 1, 3, 2, 1, 1, 2, 2, 2, 1, 2, 0, 2, 2, 3, 2, 3, 1, -17 ] ], 
              [ [ 1, 1, 2, 3, 3, 2, 3, 2, 3, 2, 4, 3, 2, 2, 2, 2, -1, -15 ], [ 1, 3, 2, 1, 1, 2, 1, 2, 1, 2, 0, 1, 2, 2, 2, 2, 1, -15 ] ], 
              [ [ 1, 2, 2, 2, 2, 2, 2, 1, 2, 2, 4, 2, 3, 2, 2, 2, -1, -15 ], [ 1, 2, 2, 2, 2, 2, 2, 3, 2, 2, 0, 2, 1, 2, 2, 2, 1, -15 ] ], 
              [ [ 1, 1, 1, 3, 1, 3, 1, 1, 1, 1, 6, 1, 3, 3, 1, 3, -1, -14 ], [ 1, 3, 3, 1, 3, 1, 3, 3, 3, 3, -2, 3, 1, 1, 3, 1, 1, -16 ] ], 
              [ [ 1, 3, 3, 1, 3, 1, 3, 3, 3, 3, 1, 3, 1, 1, 3, 1, -1, -15 ], [ 1, 1, 1, 3, 1, 3, 1, 1, 1, 1, 3, 1, 3, 3, 1, 3, 1, -15 ] ], 
              [ [ 1, 2, 2, 2, 2, 2, 2, 3, 2, 2, 3, 2, 1, 2, 2, 2, -1, -14 ], [ 1, 2, 2, 2, 2, 2, 2, 1, 2, 2, 1, 2, 3, 2, 2, 2, 1, -16 ] ], 
              [ [ 1, 3, 2, 1, 1, 2, 1, 2, 1, 2, 3, 1, 2, 2, 2, 2, -1, -14 ], [ 1, 1, 2, 3, 3, 2, 3, 2, 3, 2, 1, 3, 2, 2, 2, 2, 1, -16 ] ], 
              [ [ 1, 3, 2, 1, 1, 2, 2, 2, 1, 2, 3, 2, 2, 3, 2, 3, -1, -16 ], [ 1, 1, 2, 3, 3, 2, 2, 2, 3, 2, 1, 2, 2, 1, 2, 1, 1, -14 ] ], 
              [ [ 1, 1, 2, 2, 2, 2, 2, 2, 2, 1, 4, 2, 2, 2, 2, 3, -1, -14 ], [ 1, 3, 2, 2, 2, 2, 2, 2, 2, 3, 0, 2, 2, 2, 2, 1, 1, -16 ] ], 
              [ [ 1, 2, 2, 2, 2, 1, 2, 2, 2, 2, 3, 2, 2, 2, 2, 1, -1, -13 ], [ 1, 2, 2, 2, 2, 3, 2, 2, 2, 2, 1, 2, 2, 2, 2, 3, 1, -17 ] ], 
              [ [ 1, 2, 2, 2, 2, 2, 2, 2, 2, 2, 3, 2, 2, 1, 3, 2, -1, -14 ], [ 1, 2, 2, 2, 2, 2, 2, 2, 2, 2, 1, 2, 2, 3, 1, 2, 1, -16 ] ], 
              [ [ 1, 1, 2, 3, 3, 2, 2, 2, 3, 2, 3, 2, 2, 2, 1, 1, 0, -14 ], [ 1, 3, 2, 1, 1, 2, 2, 2, 1, 2, 1, 2, 2, 2, 3, 3, 0, -16 ] ], 
              [ [ 1, 2, 2, 2, 1, 3, 2, 1, 2, 1, 2, 1, 1, 2, 1, 1, 0, -12 ], [ 1, 2, 2, 2, 3, 1, 2, 3, 2, 3, 2, 3, 3, 2, 3, 3, 0, -18 ] ], 
              [ [ 1, 2, 2, 1, 0, 2, 2, 2, 3, 1, 2, 2, 2, 2, 1, 2, 0, -14 ], [ 1, 2, 2, 3, 4, 2, 2, 2, 1, 3, 2, 2, 2, 2, 3, 2, 0, -16 ] ], 
              [ [ 1, 1, 1, 3, 1, 3, 1, 1, 1, 3, 3, 1, 3, 1, -2, 3, 0, -14 ], [ 1, 3, 3, 1, 3, 1, 3, 3, 3, 1, 1, 3, 1, 3, 6, 1, 0, -16 ] ], 
              [ [ 1, 1, 0, 2, 2, 1, 1, 3, 1, 2, 3, 1, 3, 1, 0, 3, 0, -13 ], [ 1, 3, 4, 2, 2, 3, 3, 1, 3, 2, 1, 3, 1, 3, 4, 1, 0, -17 ] ], 
              [ [ 1, 2, 3, 2, 2, 3, 3, 1, 2, 3, 2, 3, 3, 3, 0, 2, 0, -18 ], [ 1, 2, 1, 2, 2, 1, 1, 3, 2, 1, 2, 1, 1, 1, 4, 2, 0, -12 ] ], 
              [ [ 1, 3, 1, 3, 1, 3, 2, 2, 3, 1, 2, 2, 2, 2, 1, 2, 0, -15 ], [ 1, 1, 3, 1, 3, 1, 2, 2, 1, 3, 2, 2, 2, 2, 3, 2, 0, -15 ] ], 
              [ [ 1, 2, 3, 3, 3, 3, 2, 2, 2, 1, 2, 3, 1, 2, 1, 2, 0, -15 ], [ 1, 2, 1, 1, 1, 1, 2, 2, 2, 3, 2, 1, 3, 2, 3, 2, 0, -15 ] ], 
              [ [ 1, 3, 3, 2, 2, 3, 1, 1, 1, 1, 2, 2, 2, 2, 1, 2, 0, -15 ], [ 1, 1, 1, 2, 2, 1, 3, 3, 3, 3, 2, 2, 2, 2, 3, 2, 0, -15 ] ], 
              [ [ 1, 3, 3, 1, 3, 1, 3, 3, 3, 3, 0, 3, 1, 2, 2, 1, 0, -16 ], [ 1, 1, 1, 3, 1, 3, 1, 1, 1, 1, 4, 1, 3, 2, 2, 3, 0, -14 ] ], 
              [ [ 1, 2, 2, 2, 2, 2, 2, 3, 2, 2, 2, 2, 1, 3, 1, 2, 0, -15 ], [ 1, 2, 2, 2, 2, 2, 2, 1, 2, 2, 2, 2, 3, 1, 3, 2, 0, -15 ] ], 
              [ [ 1, 3, 2, 1, 1, 2, 1, 2, 1, 2, 2, 1, 2, 3, 1, 2, 0, -15 ], [ 1, 1, 2, 3, 3, 2, 3, 2, 3, 2, 2, 3, 2, 1, 3, 2, 0, -15 ] ], 
              [ [ 1, 1, 3, 2, 4, 1, 3, 3, 4, 2, 1, 3, 1, 1, 2, 1, 0, -14 ], [ 1, 3, 1, 2, 0, 3, 1, 1, 0, 2, 3, 1, 3, 3, 2, 3, 0, -16 ] ], 
              [ [ 1, 2, 2, 2, 2, 2, 3, 3, 2, 1, 2, 2, 2, 2, 1, 2, 0, -15 ], [ 1, 2, 2, 2, 2, 2, 1, 1, 2, 3, 2, 2, 2, 2, 3, 2, 0, -15 ] ], 
              [ [ 1, 2, 2, 1, 3, 1, 3, 3, 2, 2, 2, 3, 3, 3, 2, 2, 0, -17 ], [ 1, 2, 2, 3, 1, 3, 1, 1, 2, 2, 2, 1, 1, 1, 2, 2, 0, -13 ] ], 
              [ [ 1, 3, 2, 1, 1, 2, 2, 2, 1, 1, 2, 1, 3, 2, 1, 2, 0, -15 ], [ 1, 1, 2, 3, 3, 2, 2, 2, 3, 3, 2, 3, 1, 2, 3, 2, 0, -15 ] ], 
              [ [ 1, 2, 4, 1, 3, 2, 2, 2, 0, 1, 2, 2, 2, 2, 1, 2, 0, -15 ], [ 1, 2, 0, 3, 1, 2, 2, 2, 4, 3, 2, 2, 2, 2, 3, 2, 0, -15 ] ], 
              [ [ 1, 2, 3, 3, 3, 2, 2, 1, 2, 1, 2, 3, 2, 2, 1, 1, 0, -14 ], [ 1, 2, 1, 1, 1, 2, 2, 3, 2, 3, 2, 1, 2, 2, 3, 3, 0, -16 ] ], 
              [ [ 1, 1, 2, 2, 2, 2, 1, 2, 2, 1, 3, 1, 2, 2, 1, 2, 0, -13 ], [ 1, 3, 2, 2, 2, 2, 3, 2, 2, 3, 1, 3, 2, 2, 3, 2, 0, -17 ] ], 
              [ [ 1, 1, 2, 2, 2, 2, 2, 2, 2, 1, 3, 2, 2, 3, 1, 3, 0, -15 ], [ 1, 3, 2, 2, 2, 2, 2, 2, 2, 3, 1, 2, 2, 1, 3, 1, 0, -15 ] ], 
              [ [ 1, 2, 2, 2, 2, 1, 2, 2, 2, 2, 2, 2, 2, 3, 1, 1, 0, -14 ], [ 1, 2, 2, 2, 2, 3, 2, 2, 2, 2, 2, 2, 2, 1, 3, 3, 0, -16 ] ], 
              [ [ 1, 2, 3, 0, 1, 2, 2, 2, 2, 3, 2, 2, 2, 2, 2, 2, 0, -16 ], [ 1, 2, 1, 4, 3, 2, 2, 2, 2, 1, 2, 2, 2, 2, 2, 2, 0, -14 ] ], 
              [ [ 1, 3, 2, 2, 2, 3, 2, 2, 2, 3, 2, 2, 2, 2, 2, 2, 0, -17 ], [ 1, 1, 2, 2, 2, 1, 2, 2, 2, 1, 2, 2, 2, 2, 2, 2, 0, -13 ] ], 
              [ [ 1, 1, 2, 3, 3, 3, 2, 2, 3, 2, 3, 2, 2, 1, 2, 2, 0, -15 ], [ 1, 3, 2, 1, 1, 1, 2, 2, 1, 2, 1, 2, 2, 3, 2, 2, 0, -15 ] ], 
              [ [ 1, 2, 3, 1, 3, 2, 3, 3, 1, 3, 2, 2, 2, 2, 2, 2, 0, -17 ], [ 1, 2, 1, 3, 1, 2, 1, 1, 3, 1, 2, 2, 2, 2, 2, 2, 0, -13 ] ], 
              [ [ 1, 2, 2, 3, 3, 2, 3, 2, 3, 3, 2, 3, 2, 2, 2, 1, 0, -16 ], [ 1, 2, 2, 1, 1, 2, 1, 2, 1, 1, 2, 1, 2, 2, 2, 3, 0, -14 ] ], 
              [ [ 1, 1, 1, 2, 2, 2, 2, 3, 3, 3, 3, 1, 2, 2, 2, 2, 0, -15 ], [ 1, 3, 3, 2, 2, 2, 2, 1, 1, 1, 1, 3, 2, 2, 2, 2, 0, -15 ] ], 
              [ [ 1, 1, 2, 4, 2, 3, 1, 1, 3, 2, 3, 1, 1, 1, 1, 1, 0, -12 ], [ 1, 3, 2, 0, 2, 1, 3, 3, 1, 2, 1, 3, 3, 3, 3, 3, 0, -18 ] ], 
              [ [ 1, 2, 1, 3, 1, 3, 1, 1, 1, 2, 4, 1, 3, 3, 1, 2, 0, -15 ], [ 1, 2, 3, 1, 3, 1, 3, 3, 3, 2, 0, 3, 1, 1, 3, 2, 0, -15 ] ], 
              [ [ 1, 1, 1, 3, 3, 1, 1, 3, 3, 1, 3, 1, 1, 1, 3, 1, 0, -11 ], [ 1, 3, 3, 1, 1, 3, 3, 1, 1, 3, 1, 3, 3, 3, 1, 3, 0, -19 ] ], 
              [ [ 1, 1, 0, 2, 1, 1, 1, 3, 3, 3, 2, 2, 2, 0, 1, 2, 0, -12 ], [ 1, 3, 4, 2, 3, 3, 3, 1, 1, 1, 2, 2, 2, 4, 3, 2, 0, -18 ] ], 
              [ [ 1, 2, 0, 1, 0, 1, 1, 2, 2, 3, 2, 2, 3, 1, 1, 3, 0, -14 ], [ 1, 2, 4, 3, 4, 3, 3, 2, 2, 1, 2, 2, 1, 3, 3, 1, 0, -16 ] ], 
              [ [ 1, 3, 2, 0, 1, 2, 3, 3, 3, 3, 1, 4, 2, 3, 3, 3, 0, -19 ], [ 1, 1, 2, 4, 3, 2, 1, 1, 1, 1, 3, 0, 2, 1, 1, 1, 0, -11 ] ], 
              [ [ 1, 2, 1, 1, 0, 3, 2, 2, 2, 2, 2, 0, 1, 2, 2, 2, 0, -13 ], [ 1, 2, 3, 3, 4, 1, 2, 2, 2, 2, 2, 4, 3, 2, 2, 2, 0, -17 ] ], 
              [ [ 1, 1, 1, 2, 1, 2, 3, 2, 3, 2, 2, 1, 1, 2, 2, 1, 0, -12 ], [ 1, 3, 3, 2, 3, 2, 1, 2, 1, 2, 2, 3, 3, 2, 2, 3, 0, -18 ] ], 
              [ [ 1, 3, 3, -2, 1, 1, 3, 3, 1, 3, 1, 3, 3, 3, 3, 3, 0, -19 ], [ 1, 1, 1, 6, 3, 3, 1, 1, 3, 1, 3, 1, 1, 1, 1, 1, 0, -11 ] ], 
              [ [ 1, 3, 2, 1, 0, 2, 2, 2, 3, 2, 1, 2, 2, 1, 2, 1, 0, -14 ], [ 1, 1, 2, 3, 4, 2, 2, 2, 1, 2, 3, 2, 2, 3, 2, 3, 0, -16 ] ], 
              [ [ 1, 3, 2, 1, 0, 2, 3, 2, 3, 2, 1, 3, 2, 2, 2, 2, 0, -16 ], [ 1, 1, 2, 3, 4, 2, 1, 2, 1, 2, 3, 1, 2, 2, 2, 2, 0, -14 ] ], 
              [ [ 1, 3, 2, 0, 1, 1, 3, 2, 3, 3, 1, 4, 3, 3, 3, 2, 0, -18 ], [ 1, 1, 2, 4, 3, 3, 1, 2, 1, 1, 3, 0, 1, 1, 1, 2, 0, -12 ] ], 
              [ [ 1, 2, 1, 1, 0, 2, 2, 1, 2, 2, 2, 0, 2, 2, 2, 1, 0, -12 ], [ 1, 2, 3, 3, 4, 2, 2, 3, 2, 2, 2, 4, 2, 2, 2, 3, 0, -18 ] ], 
              [ [ 1, 2, 4, 1, 2, 2, 2, 2, 2, 2, 1, 3, 1, 1, 2, 1, 0, -14 ], [ 1, 2, 0, 3, 2, 2, 2, 2, 2, 2, 3, 1, 3, 3, 2, 3, 0, -16 ] ], 
              [ [ 1, 1, 3, 1, 2, 2, 2, 1, 1, 2, 2, 1, 1, 2, 2, 1, 0, -12 ], [ 1, 3, 1, 3, 2, 2, 2, 3, 3, 2, 2, 3, 3, 2, 2, 3, 0, -18 ] ], 
              [ [ 1, 1, 2, 2, 1, 2, 2, 2, 4, 2, 2, 3, 1, 2, 2, 2, 0, -14 ], [ 1, 3, 2, 2, 3, 2, 2, 2, 0, 2, 2, 1, 3, 2, 2, 2, 0, -16 ] ], 
              [ [ 1, 3, 4, 0, 1, 2, 2, 1, 1, 2, 1, 3, 2, 2, 2, 2, 0, -16 ], [ 1, 1, 0, 4, 3, 2, 2, 3, 3, 2, 3, 1, 2, 2, 2, 2, 0, -14 ] ], 
              [ [ 1, 2, 2, 1, 0, 2, 1, 1, 3, 2, 2, 2, 2, 2, 2, 2, 0, -14 ], [ 1, 2, 2, 3, 4, 2, 3, 3, 1, 2, 2, 2, 2, 2, 2, 2, 0, -16 ] ], 
              [ [ 1, 2, 1, 1, 0, 2, 2, 2, 2, 2, 3, 3, 3, 4, 2, 3, 0, -17 ], [ 1, 2, 3, 3, 4, 2, 2, 2, 2, 2, 1, 1, 1, 0, 2, 1, 0, -13 ] ], 
              [ [ 1, 3, 1, 1, -2, 3, 1, 1, 1, 1, 3, 1, 3, 3, 1, 3, 0, -15 ], [ 1, 1, 3, 3, 6, 1, 3, 3, 3, 3, 1, 3, 1, 1, 3, 1, 0, -15 ] ], 
              [ [ 1, 2, 3, 1, 0, 3, 1, 1, 0, 1, 3, 2, 2, 3, 1, 3, 0, -15 ], [ 1, 2, 1, 3, 4, 1, 3, 3, 4, 3, 1, 2, 2, 1, 3, 1, 0, -15 ] ], 
              [ [ 1, 1, 3, 0, 1, 1, 2, 2, 2, 2, 2, 2, 2, 2, 2, 2, 0, -14 ], [ 1, 3, 1, 4, 3, 3, 2, 2, 2, 2, 2, 2, 2, 2, 2, 2, 0, -16 ] ], 
              [ [ 1, 1, 1, 1, 3, 1, 3, 3, 3, 6, 1, 3, 3, 1, 1, 3, 0, -18 ], [ 1, 3, 3, 3, 1, 3, 1, 1, 1, -2, 3, 1, 1, 3, 3, 1, 0, -12 ] ], 
              [ [ 1, 3, 2, 1, 3, 0, 4, 2, 3, 4, 1, 4, 2, 1, 2, 4, 0, -19 ], [ 1, 1, 2, 3, 1, 4, 0, 2, 1, 0, 3, 0, 2, 3, 2, 0, 0, -11 ] ], 
              [ [ 1, 2, 1, 2, 2, 1, 3, 1, 2, 3, 2, 0, 1, 0, 1, 3, 0, -13 ], [ 1, 2, 3, 2, 2, 3, 1, 3, 2, 1, 2, 4, 3, 4, 3, 1, 0, -17 ] ], 
              [ [ 1, 2, 1, 2, 2, 1, 4, 1, 2, 3, 2, 1, 1, 1, 1, 4, 0, -15 ], [ 1, 2, 3, 2, 2, 3, 0, 3, 2, 1, 2, 3, 3, 3, 3, 0, 0, -15 ] ], 
              [ [ 1, 2, 1, 1, 3, 0, 4, 1, 2, 4, 2, 2, 2, 2, 2, 4, 0, -17 ], [ 1, 2, 3, 3, 1, 4, 0, 3, 2, 0, 2, 2, 2, 2, 2, 0, 0, -13 ] ], 
              [ [ 1, 3, 1, 1, 1, 1, 3, 1, 1, 3, 3, 3, 3, 3, 1, 6, 0, -20 ], [ 1, 1, 3, 3, 3, 3, 1, 3, 3, 1, 1, 1, 1, 1, 3, -2, 0, -10 ] ], 
              [ [ 1, 3, 2, 2, 2, 0, 3, 1, 3, 4, 1, 3, 1, 1, 1, 3, 0, -16 ], [ 1, 1, 2, 2, 2, 4, 1, 3, 1, 0, 3, 1, 3, 3, 3, 1, 0, -14 ] ], 
              [ [ 1, 1, 1, 3, 3, 1, 1, 3, 3, 3, 1, 1, 1, -2, 1, 1, 0, -10 ], [ 1, 3, 3, 1, 1, 3, 3, 1, 1, 1, 3, 3, 3, 6, 3, 3, 0, -20 ] ], 
              [ [ 1, 1, 1, 2, 4, 0, 2, 3, 3, 4, 1, 3, 2, 0, 2, 2, 0, -14 ], [ 1, 3, 3, 2, 0, 4, 2, 1, 1, 0, 3, 1, 2, 4, 2, 2, 0, -16 ] ], 
              [ [ 1, 2, 0, 2, 2, 1, 1, 3, 1, 3, 2, 1, 3, 0, 1, 2, 0, -13 ], [ 1, 2, 4, 2, 2, 3, 3, 1, 3, 1, 2, 3, 1, 4, 3, 2, 0, -17 ] ], 
              [ [ 1, 2, 0, 2, 2, 1, 2, 3, 1, 3, 2, 2, 3, 1, 1, 3, 0, -15 ], [ 1, 2, 4, 2, 2, 3, 2, 1, 3, 1, 2, 2, 1, 3, 3, 1, 0, -15 ] ], 
              [ [ 1, 1, -2, 3, 1, 1, 1, 3, 3, 3, 3, 1, 3, 1, 1, 3, 0, -13 ], [ 1, 3, 6, 1, 3, 3, 3, 1, 1, 1, 1, 3, 1, 3, 3, 1, 0, -17 ] ], 
              [ [ 1, 4, 1, 2, 2, 0, 2, 2, 1, 2, 2, 3, 1, 2, 2, 4, 0, -16 ], [ 1, 0, 3, 2, 2, 4, 2, 2, 3, 2, 2, 1, 3, 2, 2, 0, 0, -14 ] ], 
              [ [ 1, 0, 0, 3, 3, 1, 1, 3, 2, 3, 3, 2, 2, 1, 1, 3, 0, -13 ], [ 1, 4, 4, 1, 1, 3, 3, 1, 2, 1, 1, 2, 2, 3, 3, 1, 0, -17 ] ], 
              [ [ 1, 2, 1, 2, 2, 1, 0, 3, 2, 3, 2, 3, 3, 0, 1, 3, 0, -15 ], [ 1, 2, 3, 2, 2, 3, 4, 1, 2, 1, 2, 1, 1, 4, 3, 1, 0, -15 ] ], 
              [ [ 1, 2, 1, 2, 2, 1, 1, 3, 2, 3, 2, 4, 3, 1, 1, 4, 0, -17 ], [ 1, 2, 3, 2, 2, 3, 3, 1, 2, 1, 2, 0, 1, 3, 3, 0, 0, -13 ] ], 
              [ [ 1, 1, 0, 3, 1, 2, 0, 2, 1, 2, 3, 0, 2, 0, 0, 3, 0, -11 ], [ 1, 3, 4, 1, 3, 2, 4, 2, 3, 2, 1, 4, 2, 4, 4, 1, 0, -19 ] ], 
              [ [ 1, 1, 0, 2, 2, 1, 0, 2, 1, 3, 3, 1, 3, 1, 1, 3, 0, -13 ], [ 1, 3, 4, 2, 2, 3, 4, 2, 3, 1, 1, 3, 1, 3, 3, 1, 0, -17 ] ], 
              [ [ 1, 3, 1, 1, 3, -2, 3, 3, 3, 3, 1, 3, 1, 1, 3, 3, 0, -15 ], [ 1, 1, 3, 3, 1, 6, 1, 1, 1, 1, 3, 1, 3, 3, 1, 1, 0, -15 ] ], 
              [ [ 1, 2, 3, 2, 2, 4, 3, 1, 2, 3, 2, 3, 3, 2, 1, 3, 0, -19 ], [ 1, 2, 1, 2, 2, 0, 1, 3, 2, 1, 2, 1, 1, 2, 3, 1, 0, -11 ] ], 
              [ [ 1, 1, 2, 2, 2, 4, 3, 0, 1, 3, 3, 1, 3, 3, 1, 3, 0, -17 ], [ 1, 3, 2, 2, 2, 0, 1, 4, 3, 1, 1, 3, 1, 1, 3, 1, 0, -13 ] ], 
              [ [ 1, 2, 2, 1, 1, 3, 3, 2, 2, 4, 2, 2, 3, 3, 1, 3, 0, -19 ], [ 1, 2, 2, 3, 3, 1, 1, 2, 2, 0, 2, 2, 1, 1, 3, 1, 0, -11 ] ], 
              [ [ 1, 2, 3, 3, 1, 4, 2, 0, 2, 3, 2, 2, 2, 2, 0, 2, 0, -16 ], [ 1, 2, 1, 1, 3, 0, 2, 4, 2, 1, 2, 2, 2, 2, 4, 2, 0, -14 ] ], 
              [ [ 1, 3, 3, 1, 3, 1, 6, 1, 3, 3, 1, 3, 1, 3, 3, 3, 0, -19 ], [ 1, 1, 1, 3, 1, 3, -2, 3, 1, 1, 3, 1, 3, 1, 1, 1, 0, -11 ] ], 
              [ [ 1, 2, 3, 2, 2, 2, 4, 0, 3, 2, 2, 1, 0, 2, 2, 3, 0, -15 ], [ 1, 2, 1, 2, 2, 2, 0, 4, 1, 2, 2, 3, 4, 2, 2, 1, 0, -15 ] ], 
              [ [ 1, 3, 2, 1, 1, 2, 4, 0, 1, 2, 3, 1, 2, 4, 2, 4, 0, -18 ], [ 1, 1, 2, 3, 3, 2, 0, 4, 3, 2, 1, 3, 2, 0, 2, 0, 0, -12 ] ], 
              [ [ 1, 1, 2, 1, 1, 3, 3, 1, 2, 3, 3, 2, 4, 3, 1, 4, 0, -19 ], [ 1, 3, 2, 3, 3, 1, 1, 3, 2, 1, 1, 2, 0, 1, 3, 0, 0, -11 ] ], 
              [ [ 1, 3, 3, 3, 1, 3, 3, -2, 1, 1, 3, 1, 1, 3, 1, 3, 0, -15 ], [ 1, 1, 1, 1, 3, 1, 1, 6, 3, 3, 1, 3, 3, 1, 3, 1, 0, -15 ] ], 
              [ [ 1, 1, 2, 2, 4, 2, 3, 3, 3, 3, 1, 1, 0, 1, 3, 1, 0, -13 ], [ 1, 3, 2, 2, 0, 2, 1, 1, 1, 1, 3, 3, 4, 3, 1, 3, 0, -17 ] ], 
              [ [ 1, 3, 3, 1, 3, 2, 3, 3, 3, 3, 0, 3, 1, 1, 3, 2, 0, -17 ], [ 1, 1, 1, 3, 1, 2, 1, 1, 1, 1, 4, 1, 3, 3, 1, 2, 0, -13 ] ], 
              [ [ 1, 4, 2, 0, 2, 2, 3, 3, 1, 3, 1, 3, 3, 3, 3, 3, 0, -20 ], [ 1, 0, 2, 4, 2, 2, 1, 1, 3, 1, 3, 1, 1, 1, 1, 1, 0, -10 ] ], 
              [ [ 1, 0, 1, 1, 3, 3, 2, 4, 2, 4, 2, 2, 4, 2, 2, 2, 0, -17 ], [ 1, 4, 3, 3, 1, 1, 2, 0, 2, 0, 2, 2, 0, 2, 2, 2, 0, -13 ] ], 
              [ [ 1, 3, 3, 3, 3, 3, 2, 2, 2, 2, 1, 3, 1, 1, 2, 1, 0, -15 ], [ 1, 1, 1, 1, 1, 1, 2, 2, 2, 2, 3, 1, 3, 3, 2, 3, 0, -15 ] ], 
              [ [ 1, 2, 2, 3, 3, 3, 2, 1, 1, 2, 2, 1, 1, 2, 2, 1, 0, -13 ], [ 1, 2, 2, 1, 1, 1, 2, 3, 3, 2, 2, 3, 3, 2, 2, 3, 0, -17 ] ], 
              [ [ 1, 2, 2, 2, 2, 3, 2, 3, 2, 2, 2, 2, 1, 2, 2, 3, 0, -16 ], [ 1, 2, 2, 2, 2, 1, 2, 1, 2, 2, 2, 2, 3, 2, 2, 1, 0, -14 ] ], 
              [ [ 1, 2, 2, 1, 3, 2, 2, 3, 2, 3, 2, 3, 2, 3, 3, 3, 0, -18 ], [ 1, 2, 2, 3, 1, 2, 2, 1, 2, 1, 2, 1, 2, 1, 1, 1, 0, -12 ] ], 
              [ [ 1, 2, 1, 4, 2, 3, 2, 2, 4, 2, 2, 3, 1, 2, 2, 2, 0, -15 ], [ 1, 2, 3, 0, 2, 1, 2, 2, 0, 2, 2, 1, 3, 2, 2, 2, 0, -15 ] ], 
              [ [ 1, 4, 3, 2, 2, 3, 2, 1, 1, 2, 1, 3, 2, 2, 2, 2, 0, -17 ], [ 1, 0, 1, 2, 2, 1, 2, 3, 3, 2, 3, 1, 2, 2, 2, 2, 0, -13 ] ], 
              [ [ 1, 3, 2, 1, 1, 3, 1, 2, 1, 2, 2, 1, 2, 2, 2, 3, 0, -16 ], [ 1, 1, 2, 3, 3, 1, 3, 2, 3, 2, 2, 3, 2, 2, 2, 1, 0, -14 ] ], 
              [ [ 1, 3, 1, 3, 1, 3, 1, 1, 3, 2, 2, 2, 2, 2, 2, 2, 0, -15 ], [ 1, 1, 3, 1, 3, 1, 3, 3, 1, 2, 2, 2, 2, 2, 2, 2, 0, -15 ] ], 
              [ [ 1, 0, 2, 3, 3, 4, 1, 2, 2, 3, 2, 2, 3, 1, 1, 1, 0, -14 ], [ 1, 4, 2, 1, 1, 0, 3, 2, 2, 1, 2, 2, 1, 3, 3, 3, 0, -16 ] ], 
              [ [ 1, 2, 3, 3, 3, 3, 1, 1, 2, 2, 2, 3, 1, 2, 2, 2, 0, -15 ], [ 1, 2, 1, 1, 1, 1, 3, 3, 2, 2, 2, 1, 3, 2, 2, 2, 0, -15 ] ], 
              [ [ 1, 3, 2, 3, 1, 4, 1, 1, 0, 1, 3, 2, 2, 3, 1, 3, 0, -16 ], [ 1, 1, 2, 1, 3, 0, 3, 3, 4, 3, 1, 2, 2, 1, 3, 1, 0, -14 ] ], 
              [ [ 1, 2, 2, 1, 3, 2, 3, 3, 2, 2, 2, 3, 3, 2, 3, 3, 0, -18 ], [ 1, 2, 2, 3, 1, 2, 1, 1, 2, 2, 2, 1, 1, 2, 1, 1, 0, -12 ] ], 
              [ [ 1, 2, 3, 3, 3, 3, 2, 1, 2, 1, 2, 3, 2, 1, 2, 2, 0, -15 ], [ 1, 2, 1, 1, 1, 1, 2, 3, 2, 3, 2, 1, 2, 3, 2, 2, 0, -15 ] ], 
              [ [ 1, 3, 2, 2, 2, 2, 2, 3, 2, 3, 1, 2, 1, 2, 2, 1, 0, -15 ], [ 1, 1, 2, 2, 2, 2, 2, 1, 2, 1, 3, 2, 3, 2, 2, 3, 0, -15 ] ], 
              [ [ 1, 4, 2, 1, 1, 2, 2, 2, 1, 3, 1, 2, 2, 3, 2, 2, 0, -17 ], [ 1, 0, 2, 3, 3, 2, 2, 2, 3, 1, 3, 2, 2, 1, 2, 2, 0, -13 ] ], 
              [ [ 1, 1, 2, 2, 2, 3, 1, 4, 3, 4, 1, 3, 3, 1, 1, 1, 0, -16 ], [ 1, 3, 2, 2, 2, 1, 3, 0, 1, 0, 3, 1, 1, 3, 3, 3, 0, -14 ] ], 
              [ [ 1, 0, 1, 2, 2, 3, 1, 3, 2, 4, 2, 1, 3, 2, 1, 1, 0, -14 ], [ 1, 4, 3, 2, 2, 1, 3, 1, 2, 0, 2, 3, 1, 2, 3, 3, 0, -16 ] ], 
              [ [ 1, 2, 2, 2, 2, 2, 1, 2, 2, 3, 2, 2, 1, 3, 2, 2, 0, -15 ], [ 1, 2, 2, 2, 2, 2, 3, 2, 2, 1, 2, 2, 3, 1, 2, 2, 0, -15 ] ], 
              [ [ 1, 2, 3, 2, 4, 1, 3, 3, 4, 3, 0, 3, 1, 0, 3, 0, 0, -14 ], [ 1, 2, 1, 2, 0, 3, 1, 1, 0, 1, 4, 1, 3, 4, 1, 4, 0, -16 ] ], 
              [ [ 1, 2, 3, 2, 4, 1, 4, 3, 4, 3, 0, 4, 1, 1, 3, 1, 0, -16 ], [ 1, 2, 1, 2, 0, 3, 0, 1, 0, 1, 4, 0, 3, 3, 1, 3, 0, -14 ] ], 
              [ [ 1, 1, 2, 3, 3, 2, 3, 2, 3, 2, 1, 0, 0, 0, 2, 0, 0, -10 ], [ 1, 3, 2, 1, 1, 2, 1, 2, 1, 2, 3, 4, 4, 4, 2, 4, 0, -20 ] ], 
              [ [ 1, 1, 2, 2, 4, 1, 3, 2, 3, 3, 1, 1, 1, 1, 3, 0, 0, -12 ], [ 1, 3, 2, 2, 0, 3, 1, 2, 1, 1, 3, 3, 3, 3, 1, 4, 0, -18 ] ], 
              [ [ 1, 1, 2, 1, 3, 1, 3, 4, 4, 3, 1, 2, 1, 1, 3, 2, 0, -15 ], [ 1, 3, 2, 3, 1, 3, 1, 0, 0, 1, 3, 2, 3, 3, 1, 2, 0, -15 ] ], 
              [ [ 1, 1, 1, 3, 3, 1, 3, 3, 6, 3, 1, 3, 1, 1, 3, 1, 0, -14 ], [ 1, 3, 3, 1, 1, 3, 1, 1, -2, 1, 3, 1, 3, 3, 1, 3, 0, -16 ] ], 
              [ [ 1, 3, 3, 1, 3, 1, 3, 2, 3, 3, 0, 3, 2, 1, 3, 1, 0, -16 ], [ 1, 1, 1, 3, 1, 3, 1, 2, 1, 1, 4, 1, 2, 3, 1, 3, 0, -14 ] ], 
              [ [ 1, 3, 3, 3, 3, 1, 3, 1, 3, 1, 1, 1, -2, 1, 3, 1, 0, -11 ], [ 1, 1, 1, 1, 1, 3, 1, 3, 1, 3, 3, 3, 6, 3, 1, 3, 0, -19 ] ], 
              [ [ 1, 1, 3, 3, 3, 2, 2, 2, 4, 2, 1, 2, 0, 0, 2, 1, 0, -12 ], [ 1, 3, 1, 1, 1, 2, 2, 2, 0, 2, 3, 2, 4, 4, 2, 3, 0, -18 ] ], 
              [ [ 1, 1, 3, 2, 4, 1, 2, 2, 4, 3, 1, 3, 1, 1, 3, 1, 0, -14 ], [ 1, 3, 1, 2, 0, 3, 2, 2, 0, 1, 3, 1, 3, 3, 1, 3, 0, -16 ] ], 
              [ [ 1, 3, 2, 2, 2, 2, 3, 3, 2, 2, 1, 2, 2, 1, 2, 1, 0, -15 ], [ 1, 1, 2, 2, 2, 2, 1, 1, 2, 2, 3, 2, 2, 3, 2, 3, 0, -15 ] ], 
              [ [ 1, 3, 2, 1, 3, 1, 4, 3, 2, 3, 1, 4, 3, 3, 3, 2, 0, -19 ], [ 1, 1, 2, 3, 1, 3, 0, 1, 2, 1, 3, 0, 1, 1, 1, 2, 0, -11 ] ], 
              [ [ 1, 2, 1, 2, 2, 2, 3, 2, 1, 2, 2, 0, 2, 2, 2, 1, 0, -13 ], [ 1, 2, 3, 2, 2, 2, 1, 2, 3, 2, 2, 4, 2, 2, 2, 3, 0, -17 ] ], 
              [ [ 1, 2, 1, 0, 2, 1, 3, 4, 2, 3, 2, 2, 3, 3, 3, 3, 0, -18 ], [ 1, 2, 3, 4, 2, 3, 1, 0, 2, 1, 2, 2, 1, 1, 1, 1, 0, -12 ] ], 
              [ [ 1, 2, 0, 3, 1, 2, 3, 3, 4, 2, 2, 2, 2, 2, 2, 2, 0, -15 ], [ 1, 2, 4, 1, 3, 2, 1, 1, 0, 2, 2, 2, 2, 2, 2, 2, 0, -15 ] ], 
              [ [ 1, 2, 0, 2, 2, 1, 3, 3, 4, 3, 2, 3, 3, 3, 3, 2, 0, -17 ], [ 1, 2, 4, 2, 2, 3, 1, 1, 0, 1, 2, 1, 1, 1, 1, 2, 0, -13 ] ], 
              [ [ 1, 4, 2, 1, 1, 2, 3, 2, 1, 2, 1, 2, 3, 2, 2, 2, 0, -17 ], [ 1, 0, 2, 3, 3, 2, 1, 2, 3, 2, 3, 2, 1, 2, 2, 2, 0, -13 ] ], 
              [ [ 1, 3, 0, 2, 0, 2, 2, 2, 3, 2, 2, 1, 3, 2, 2, 2, 0, -15 ], [ 1, 1, 4, 2, 4, 2, 2, 2, 1, 2, 2, 3, 1, 2, 2, 2, 0, -15 ] ], 
              [ [ 1, 0, 1, 2, 2, 3, 2, 3, 2, 3, 2, 1, 4, 1, 1, 1, 0, -14 ], [ 1, 4, 3, 2, 2, 1, 2, 1, 2, 1, 2, 3, 0, 3, 3, 3, 0, -16 ] ], 
              [ [ 1, 4, 2, 2, 2, 1, 3, 1, 1, 1, 2, 1, 0, 3, 3, 2, 0, -14 ], [ 1, 0, 2, 2, 2, 3, 1, 3, 3, 3, 2, 3, 4, 1, 1, 2, 0, -16 ] ], 
              [ [ 1, 6, 3, 1, 1, 1, 3, 1, 1, 1, 1, 3, 1, 3, 3, 3, 0, -18 ], [ 1, -2, 1, 3, 3, 3, 1, 3, 3, 3, 3, 1, 3, 1, 1, 1, 0, -12 ] ], 
              [ [ 1, 1, 2, 3, 3, 2, 2, 3, 3, 2, 2, 2, 1, 1, 2, 1, 0, -13 ], [ 1, 3, 2, 1, 1, 2, 2, 1, 1, 2, 2, 2, 3, 3, 2, 3, 0, -17 ] ], 
              [ [ 1, 1, 2, 3, 3, 2, 3, 3, 3, 2, 2, 3, 1, 2, 2, 2, 0, -15 ], [ 1, 3, 2, 1, 1, 2, 1, 1, 1, 2, 2, 1, 3, 2, 2, 2, 0, -15 ] ], 
              [ [ 1, 1, 2, 2, 4, 1, 3, 3, 3, 3, 2, 4, 2, 3, 3, 2, 0, -17 ], [ 1, 3, 2, 2, 0, 3, 1, 1, 1, 1, 2, 0, 2, 1, 1, 2, 0, -13 ] ], 
              [ [ 1, 0, 1, 3, 3, 2, 2, 2, 2, 2, 3, 0, 1, 2, 2, 1, 0, -11 ], [ 1, 4, 3, 1, 1, 2, 2, 2, 2, 2, 1, 4, 3, 2, 2, 3, 0, -19 ] ], 
              [ [ 1, 3, 4, 1, 3, 2, 2, 2, 0, 2, 1, 2, 2, 1, 2, 1, 0, -15 ], [ 1, 1, 0, 3, 1, 2, 2, 2, 4, 2, 3, 2, 2, 3, 2, 3, 0, -15 ] ], 
              [ [ 1, 3, 4, 1, 3, 2, 3, 2, 0, 2, 1, 3, 2, 2, 2, 2, 0, -17 ], [ 1, 1, 0, 3, 1, 2, 1, 2, 4, 2, 3, 1, 2, 2, 2, 2, 0, -13 ] ], 
              [ [ 1, 2, 3, 0, 2, 2, 2, 3, 0, 2, 2, 1, 2, 2, 2, 3, 0, -16 ], [ 1, 2, 1, 4, 2, 2, 2, 1, 4, 2, 2, 3, 2, 2, 2, 1, 0, -14 ] ], 
              [ [ 1, 3, 3, 2, 2, 2, 2, 3, 3, 2, 1, 4, 2, 1, 2, 2, 0, -17 ], [ 1, 1, 1, 2, 2, 2, 2, 1, 1, 2, 3, 0, 2, 3, 2, 2, 0, -13 ] ], 
              [ [ 1, 2, 2, 3, 1, 3, 1, 2, 2, 1, 2, 0, 1, 0, 1, 1, 0, -11 ], [ 1, 2, 2, 1, 3, 1, 3, 2, 2, 3, 2, 4, 3, 4, 3, 3, 0, -19 ] ], 
              [ [ 1, 2, 2, 3, 1, 3, 2, 2, 2, 1, 2, 1, 1, 1, 1, 2, 0, -13 ], [ 1, 2, 2, 1, 3, 1, 2, 2, 2, 3, 2, 3, 3, 3, 3, 2, 0, -17 ] ], 
              [ [ 1, 3, 3, 1, 3, 1, 3, 3, 3, 3, 1, 6, 3, 3, 3, 3, 0, -21 ], [ 1, 1, 1, 3, 1, 3, 1, 1, 1, 1, 3, -2, 1, 1, 1, 1, 0, -9 ] ], 
              [ [ 1, 2, 2, 2, 2, 2, 1, 2, 2, 2, 2, 1, 2, 1, 2, 1, 0, -13 ], [ 1, 2, 2, 2, 2, 2, 3, 2, 2, 2, 2, 3, 2, 3, 2, 3, 0, -17 ] ] ],
          slins := [  ] ), 
      [ [ [ -893292210, -1000436942, -844844814, -138052398, -218797922, -500824066, -438605158, -535320338, -398254826, -801354386, -328477240, 
                  -218125046, -946718746, -583969518, -172571110, -1061893254, -1068375318, -1151318916 ], 
              [ -1000436942, -1120433114, -946178685, -154610927, -245041365, -560894785, -491213109, -599528677, -446023011, -897471847, -367876042, 
                  -244287777, -1060271753, -654013015, -193269939, -1189260723, -1196520279, -1289412432 ], 
              [ -844844814, -946178685, -799025034, -130565193, -206931509, -473662089, -414817599, -506287479, -376655653, -757893285, -310662426, 
                  -206295123, -895373871, -552298185, -163211793, -1004301939, -1010432457, -1088877636 ], 
              [ -138052398, -154610927, -130565193, -21335090, -33813773, -77399053, -67783533, -82730227, -61547655, -123844033, -50763990, -33709785, 
                  -146309135, -90248635, -26669727, -164108595, -165110355, -177928740 ], 
              [ -218797922, -245041365, -206931509, -33813773, -53591126, -122669013, -107429465, -131118335, -97546285, -196279209, -80455358, -53426313, 
                  -231883933, -143034189, -42268591, -260094125, -261681807, -281997540 ], 
              [ -500824066, -560894785, -473662089, -77399053, -122669013, -280786918, -245903899, -300127249, -223281495, -449279187, -184160706, 
                  -122291763, -530777687, -327402399, -96751961, -595350253, -598984425, -645486732 ], 
              [ -438605158, -491213109, -414817599, -67783533, -107429465, -245903899, -215354506, -262841523, -195542551, -393463859, -161281858, 
                  -107099083, -464837551, -286728197, -84732169, -521388069, -524570757, -565295940 ], 
              [ -535320338, -599528677, -506287479, -82730227, -131118335, -300127249, -262841523, -320799726, -238660909, -480225105, -196845518, 
                  -130715101, -567337143, -349953561, -103416143, -636357405, -640241895, -689947236 ], 
              [ -398254826, -446023011, -376655653, -61547655, -97546285, -223281495, -195542551, -238660909, -177553238, -357266391, -146444422, 
                  -97246295, -422073923, -260350083, -76937069, -473421967, -476311857, -513290448 ], 
              [ -801354386, -897471847, -757893285, -123844033, -196279209, -449279187, -393463859, -480225105, -357266391, -718878894, -294670326, 
                  -195675583, -849282333, -523867299, -154810071, -952603065, -958418001, -1032825024 ], 
              [ -328477240, -367876042, -310662426, -50763990, -80455358, -184160706, -161281858, -196845518, -146444422, -294670326, -120786134, 
                  -80207930, -348123034, -214734566, -63457050, -390474470, -392858031, -423357660 ], 
              [ -218125046, -244287777, -206295123, -33709785, -53426313, -122291763, -107099083, -130715101, -97246295, -195675583, -80207930, -53262010, 
                  -231170809, -142594309, -42138601, -259294245, -260877045, -281130300 ], 
              [ -946718746, -1060271753, -895373871, -146309135, -231883933, -530777687, -464837551, -567337143, -422073923, -849282333, -348123034, 
                  -231170809, -1003340742, -618895959, -182892361, -1125403683, -1132273437, -1220177772 ], 
              [ -583969518, -654013015, -552298185, -90248635, -143034189, -327402399, -286728197, -349953561, -260350083, -523867299, -214734566, 
                  -142594309, -618895959, -381756858, -112814459, -694188687, -698426193, -752648688 ], 
              [ -172571110, -193269939, -163211793, -26669727, -42268591, -96751961, -84732169, -103416143, -76937069, -154810071, -63457050, -42138601, 
                  -182892361, -112814459, -33338242, -205142409, -206394651, -222418152 ], 
              [ -1061893254, -1189260723, -1004301939, -164108595, -260094125, -595350253, -521388069, -636357405, -473421967, -952603065, -390474470, 
                  -259294245, -1125403683, -694188687, -205142409, -1262316378, -1270021881, -1368620352 ], 
              [ -1068375318, -1196520279, -1010432457, -165110355, -261681807, -598984425, -524570757, -640241895, -476311857, -958418001, -392858031, 
                  -260877045, -1132273437, -698426193, -206394651, -1270021881, -1277774430, -1376974764 ], 
              [ -1151318916, -1289412432, -1088877636, -177928740, -281997540, -645486732, -565295940, -689947236, -513290448, -1032825024, -423357660, 
                  -281130300, -1220177772, -752648688, -222418152, -1368620352, -1376974764, -1483876548 ] ], 
          [ 1, 2, 2, 2, 2, 2, 2, 2, 2, 2, 2, 2, 2, 2, 2, 2, 0, -15 ] ] ], [ rec(
          nopss := [ 0, 302 ],
          scons := [ [ [ 1, 1, 3, 0, 1, 1, 2, 2, 2, 2, 2, 2, 2, 2, 2, 2, 2, -18 ], [ 1, 3, 1, 4, 3, 3, 2, 2, 2, 2, 2, 2, 2, 2, 2, 2, 2, -20 ] ], 
              [ [ 1, 2, 4, 1, 3, 2, 3, 2, 2, 3, 2, 2, 1, 1, 2, 1, 3, -21 ], [ 1, 2, 0, 3, 1, 2, 1, 2, 2, 1, 2, 2, 3, 3, 2, 3, 1, -17 ] ], 
              [ [ 1, 3, 3, -2, 1, 1, 3, 3, 3, 1, 3, 1, 1, 1, 3, 3, 3, -19 ], [ 1, 1, 1, 6, 3, 3, 1, 1, 1, 3, 1, 3, 3, 3, 1, 1, 1, -19 ] ], 
              [ [ 1, 3, 3, 0, 1, 2, 2, 1, 2, 1, 2, 1, 2, 3, 1, 2, 2, -17 ], [ 1, 1, 1, 4, 3, 2, 2, 3, 2, 3, 2, 3, 2, 1, 3, 2, 2, -21 ] ], 
              [ [ 1, 2, 3, 0, 1, 3, 1, 3, 3, 2, 2, 3, 2, 2, 2, 2, 3, -21 ], [ 1, 2, 1, 4, 3, 1, 3, 1, 1, 2, 2, 1, 2, 2, 2, 2, 1, -17 ] ], 
              [ [ 1, 3, 6, 1, 3, 3, 3, 1, 1, 1, 1, 1, 3, 1, 3, 3, 3, -21 ], [ 1, 1, -2, 3, 1, 1, 1, 3, 3, 3, 3, 3, 1, 3, 1, 1, 1, -17 ] ], 
              [ [ 1, 3, 4, 1, 1, 2, 2, 0, 1, 1, 2, 1, 3, 3, 1, 3, 1, -17 ], [ 1, 1, 0, 3, 3, 2, 2, 4, 3, 3, 2, 3, 1, 1, 3, 1, 3, -21 ] ], 
              [ [ 1, 2, 4, 1, 1, 3, 1, 2, 2, 2, 2, 3, 3, 2, 2, 3, 2, -21 ], [ 1, 2, 0, 3, 3, 1, 3, 2, 2, 2, 2, 1, 1, 2, 2, 1, 2, -17 ] ], 
              [ [ 1, 2, 3, 0, 1, 2, 2, 2, 2, 3, 2, 2, 2, 2, 2, 2, 2, -19 ], [ 1, 2, 1, 4, 3, 2, 2, 2, 2, 1, 2, 2, 2, 2, 2, 2, 2, -19 ] ], 
              [ [ 1, 2, 3, 0, 1, 2, 3, 1, 2, 2, 3, 2, 1, 3, 2, 2, 1, -19 ], [ 1, 2, 1, 4, 3, 2, 1, 3, 2, 2, 1, 2, 3, 1, 2, 2, 3, -19 ] ], 
              [ [ 1, 2, 4, 1, 2, 3, 2, 2, 1, 2, 2, 2, 2, 2, 2, 1, 2, -19 ], [ 1, 2, 0, 3, 2, 1, 2, 2, 3, 2, 2, 2, 2, 2, 2, 3, 2, -19 ] ], 
              [ [ 1, 2, 3, 0, 2, 1, 3, 1, 2, 2, 2, 1, 1, 2, 2, 3, 2, -18 ], [ 1, 2, 1, 4, 2, 3, 1, 3, 2, 2, 2, 3, 3, 2, 2, 1, 2, -20 ] ], 
              [ [ 1, 1, 3, 0, 2, 3, 2, 2, 3, 1, 4, 1, 1, 3, 3, 3, 1, -20 ], [ 1, 3, 1, 4, 2, 1, 2, 2, 1, 3, 0, 3, 3, 1, 1, 1, 3, -18 ] ], 
              [ [ 1, 2, 3, 0, 2, 1, 2, 2, 3, 2, 2, 2, 2, 2, 2, 2, 1, -18 ], [ 1, 2, 1, 4, 2, 3, 2, 2, 1, 2, 2, 2, 2, 2, 2, 2, 3, -20 ] ], 
              [ [ 1, 2, 3, 0, 2, 1, 1, 4, 2, 2, 3, 2, 2, 2, 2, 2, 2, -19 ], [ 1, 2, 1, 4, 2, 3, 3, 0, 2, 2, 1, 2, 2, 2, 2, 2, 2, -19 ] ], 
              [ [ 1, 2, 3, 0, 2, 1, 3, 3, 2, 2, 3, 3, 2, 1, 2, 2, 2, -20 ], [ 1, 2, 1, 4, 2, 3, 1, 1, 2, 2, 1, 1, 2, 3, 2, 2, 2, -18 ] ], 
              [ [ 1, 2, 4, 1, 3, 2, 1, 1, 2, 2, 0, 0, 2, 2, 2, 2, 2, -16 ], [ 1, 2, 0, 3, 1, 2, 3, 3, 2, 2, 4, 4, 2, 2, 2, 2, 2, -22 ] ], 
              [ [ 1, 2, 4, 1, 3, 2, 1, 3, 2, 3, 1, 2, 3, 2, 2, 2, 3, -21 ], [ 1, 2, 0, 3, 1, 2, 3, 1, 2, 1, 3, 2, 1, 2, 2, 2, 1, -17 ] ], 
              [ [ 1, 2, 4, 1, 3, 1, 2, 2, 1, 2, 1, 1, 2, 2, 3, 2, 3, -19 ], [ 1, 2, 0, 3, 1, 3, 2, 2, 3, 2, 3, 3, 2, 2, 1, 2, 1, -19 ] ], 
              [ [ 1, 2, 4, 1, 3, 2, 2, 2, 2, 2, 2, 2, 2, 3, 2, 2, 2, -21 ], [ 1, 2, 0, 3, 1, 2, 2, 2, 2, 2, 2, 2, 2, 1, 2, 2, 2, -17 ] ], 
              [ [ 1, 2, 4, 1, 3, 2, 4, 1, 2, 2, 2, 3, 2, 2, 2, 2, 2, -22 ], [ 1, 2, 0, 3, 1, 2, 0, 3, 2, 2, 2, 1, 2, 2, 2, 2, 2, -16 ] ], 
              [ [ 1, 2, 4, 1, 3, 2, 2, 2, 1, 2, 1, 1, 2, 1, 2, 2, 3, -18 ], [ 1, 2, 0, 3, 1, 2, 2, 2, 3, 2, 3, 3, 2, 3, 2, 2, 1, -20 ] ], 
              [ [ 1, 2, 4, 1, 3, 3, 2, 2, 2, 2, 2, 2, 2, 2, 1, 2, 2, -20 ], [ 1, 2, 0, 3, 1, 1, 2, 2, 2, 2, 2, 2, 2, 2, 3, 2, 2, -18 ] ], 
              [ [ 1, 2, 4, 1, 3, 2, 3, 1, 1, 1, 2, 1, 1, 2, 2, 2, 2, -18 ], [ 1, 2, 0, 3, 1, 2, 1, 3, 3, 3, 2, 3, 3, 2, 2, 2, 2, -20 ] ], 
              [ [ 1, 2, 4, 1, 3, 2, 3, 3, 1, 2, 3, 3, 2, 2, 2, 2, 3, -23 ], [ 1, 2, 0, 3, 1, 2, 1, 1, 3, 2, 1, 1, 2, 2, 2, 2, 1, -15 ] ], 
              [ [ 1, 1, 4, 1, 3, 3, 3, 2, 2, 1, 3, 2, 2, 2, 4, 2, 2, -22 ], [ 1, 3, 0, 3, 1, 1, 1, 2, 2, 3, 1, 2, 2, 2, 0, 2, 2, -16 ] ], 
              [ [ 1, 2, 4, 1, 3, 2, 1, 3, 2, 2, 1, 2, 3, 1, 2, 1, 2, -18 ], [ 1, 2, 0, 3, 1, 2, 3, 1, 2, 2, 3, 2, 1, 3, 2, 3, 2, -20 ] ], 
              [ [ 1, 2, 3, 2, 2, 2, 2, 1, 1, 2, 2, 3, 3, 3, 0, 1, 1, -18 ], [ 1, 2, 1, 2, 2, 2, 2, 3, 3, 2, 2, 1, 1, 1, 4, 3, 3, -20 ] ], 
              [ [ 1, 1, 3, 2, 2, 3, 0, 2, 3, 3, 1, 4, 3, 3, 1, 1, 1, -20 ], [ 1, 3, 1, 2, 2, 1, 4, 2, 1, 1, 3, 0, 1, 1, 3, 3, 3, -18 ] ], 
              [ [ 1, 1, 2, 1, 3, 1, 1, 3, 2, 3, 2, 2, 1, 3, 1, 1, 2, -18 ], [ 1, 3, 2, 3, 1, 3, 3, 1, 2, 1, 2, 2, 3, 1, 3, 3, 2, -20 ] ], 
              [ [ 1, 0, 2, 2, 2, 3, 2, 2, 4, 1, 3, 2, 1, 3, 2, 1, 3, -22 ], [ 1, 4, 2, 2, 2, 1, 2, 2, 0, 3, 1, 2, 3, 1, 2, 3, 1, -16 ] ], 
              [ [ 1, 1, 1, 1, 0, 2, 2, 2, 3, 2, 3, 3, 2, 2, 1, 2, 1, -18 ], [ 1, 3, 3, 3, 4, 2, 2, 2, 1, 2, 1, 1, 2, 2, 3, 2, 3, -20 ] ], 
              [ [ 1, 1, 2, 2, 1, 2, 1, 1, 2, 2, 1, 1, 2, 3, 2, 2, 2, -17 ], [ 1, 3, 2, 2, 3, 2, 3, 3, 2, 2, 3, 3, 2, 1, 2, 2, 2, -21 ] ], 
              [ [ 1, 1, 2, 2, 1, 2, 3, 0, 2, 2, 1, 2, 2, 2, 2, 2, 2, -18 ], [ 1, 3, 2, 2, 3, 2, 1, 4, 2, 2, 3, 2, 2, 2, 2, 2, 2, -20 ] ], 
              [ [ 1, 1, 2, 2, 1, 3, 1, 1, 2, 2, 1, 1, 2, 2, 1, 2, 2, -16 ], [ 1, 3, 2, 2, 3, 1, 3, 3, 2, 2, 3, 3, 2, 2, 3, 2, 2, -22 ] ], 
              [ [ 1, 1, 2, 2, 1, 2, 2, 2, 1, 2, 2, 2, 2, 2, 2, 2, 3, -19 ], [ 1, 3, 2, 2, 3, 2, 2, 2, 3, 2, 2, 2, 2, 2, 2, 2, 1, -19 ] ], 
              [ [ 1, 1, 2, 2, 1, 3, 2, 2, 2, 2, 3, 3, 2, 3, 1, 2, 2, -21 ], [ 1, 3, 2, 2, 3, 1, 2, 2, 2, 2, 1, 1, 2, 1, 3, 2, 2, -17 ] ], 
              [ [ 1, 0, 2, 2, 1, 4, 2, 1, 3, 1, 3, 2, 2, 3, 3, 2, 1, -20 ], [ 1, 4, 2, 2, 3, 0, 2, 3, 1, 3, 1, 2, 2, 1, 1, 2, 3, -18 ] ], 
              [ [ 1, 1, 2, 2, 1, 2, 1, 3, 2, 2, 2, 3, 3, 2, 2, 1, 2, -19 ], [ 1, 3, 2, 2, 3, 2, 3, 1, 2, 2, 2, 1, 1, 2, 2, 3, 2, -19 ] ], 
              [ [ 1, 1, 2, 2, 2, 2, 2, 2, 2, 2, 2, 2, 2, 2, 1, 3, 3, -20 ], [ 1, 3, 2, 2, 2, 2, 2, 2, 2, 2, 2, 2, 2, 2, 3, 1, 1, -18 ] ], 
              [ [ 1, 0, 2, 2, 2, 3, 2, 1, 3, 1, 2, 1, 2, 2, 3, 3, 2, -19 ], [ 1, 4, 2, 2, 2, 1, 2, 3, 1, 3, 2, 3, 2, 2, 1, 1, 2, -19 ] ], 
              [ [ 1, 0, 2, 2, 2, 3, 3, 2, 3, 1, 4, 3, 2, 3, 3, 3, 2, -24 ], [ 1, 4, 2, 2, 2, 1, 1, 2, 1, 3, 0, 1, 2, 1, 1, 1, 2, -14 ] ], 
              [ [ 1, 1, 2, 2, 2, 1, 1, 3, 2, 2, 1, 2, 3, 1, 2, 2, 3, -18 ], [ 1, 3, 2, 2, 2, 3, 3, 1, 2, 2, 3, 2, 1, 3, 2, 2, 1, -20 ] ], 
              [ [ 1, 1, 2, 2, 2, 2, 1, 3, 3, 2, 2, 3, 3, 2, 1, 2, 2, -20 ], [ 1, 3, 2, 2, 2, 2, 3, 1, 1, 2, 2, 1, 1, 2, 3, 2, 2, -18 ] ], 
              [ [ 1, 1, 2, 2, 2, 1, 2, 2, 2, 1, 2, 2, 2, 2, 2, 2, 2, -18 ], [ 1, 3, 2, 2, 2, 3, 2, 2, 2, 3, 2, 2, 2, 2, 2, 2, 2, -20 ] ], 
              [ [ 1, 1, 2, 2, 2, 2, 2, 2, 2, 1, 2, 2, 2, 1, 1, 2, 2, -17 ], [ 1, 3, 2, 2, 2, 2, 2, 2, 2, 3, 2, 2, 2, 3, 3, 2, 2, -21 ] ], 
              [ [ 1, 1, 3, 3, 3, 2, 2, 1, 2, 2, 0, 2, 3, 2, 2, 2, 3, -20 ], [ 1, 3, 1, 1, 1, 2, 2, 3, 2, 2, 4, 2, 1, 2, 2, 2, 1, -18 ] ], 
              [ [ 1, 1, 1, 1, 2, 0, 3, 2, 2, 2, 2, 1, 1, 2, 2, 1, 2, -16 ], [ 1, 3, 3, 3, 2, 4, 1, 2, 2, 2, 2, 3, 3, 2, 2, 3, 2, -22 ] ], 
              [ [ 1, 0, 1, 1, 2, 1, 2, 4, 3, 3, 2, 3, 1, 1, 3, 1, 3, -20 ], [ 1, 4, 3, 3, 2, 3, 2, 0, 1, 1, 2, 1, 3, 3, 1, 3, 1, -18 ] ], 
              [ [ 1, 0, 1, 3, 2, 2, 1, 2, 2, 3, 1, 3, 2, 3, 1, 0, 2, -18 ], [ 1, 4, 3, 1, 2, 2, 3, 2, 2, 1, 3, 1, 2, 1, 3, 4, 2, -20 ] ], 
              [ [ 1, 1, 3, 3, 3, 2, 3, 1, 0, 2, 2, 1, 2, 2, 1, 2, 2, -18 ], [ 1, 3, 1, 1, 1, 2, 1, 3, 4, 2, 2, 3, 2, 2, 3, 2, 2, -20 ] ], 
              [ [ 1, 0, 3, 3, 3, 3, 1, 2, 2, 3, 1, 2, 2, 2, 2, 2, 2, -20 ], [ 1, 4, 1, 1, 1, 1, 3, 2, 2, 1, 3, 2, 2, 2, 2, 2, 2, -18 ] ], 
              [ [ 1, 0, 2, 2, 4, 1, 3, 3, 2, 3, 2, 2, 1, 1, 2, 1, 2, -19 ], [ 1, 4, 2, 2, 0, 3, 1, 1, 2, 1, 2, 2, 3, 3, 2, 3, 2, -19 ] ], 
              [ [ 1, 0, 2, 4, 2, 2, 1, 1, 1, 3, 1, 3, 3, 3, 1, 1, 1, -18 ], [ 1, 4, 2, 0, 2, 2, 3, 3, 3, 1, 3, 1, 1, 1, 3, 3, 3, -20 ] ], 
              [ [ 1, -2, 1, 3, 3, 3, 1, 3, 3, 3, 3, 3, 1, 3, 3, 1, 1, -21 ], [ 1, 6, 3, 1, 1, 1, 3, 1, 1, 1, 1, 1, 3, 1, 1, 3, 3, -17 ] ], 
              [ [ 1, 1, 2, 2, 1, 3, 2, 1, 1, 2, 2, 2, 3, 2, 2, 4, 1, -18 ], [ 1, 3, 2, 2, 3, 1, 2, 3, 3, 2, 2, 2, 1, 2, 2, 0, 3, -20 ] ], 
              [ [ 1, 4, 3, 1, 1, 2, 3, 1, 3, 0, 2, 1, 2, 2, 1, 2, 4, -20 ], [ 1, 0, 1, 3, 3, 2, 1, 3, 1, 4, 2, 3, 2, 2, 3, 2, 0, -18 ] ], 
              [ [ 1, 3, 3, 1, 1, 3, 2, 2, 3, 1, 2, 1, 1, 0, 3, 3, 4, -20 ], [ 1, 1, 1, 3, 3, 1, 2, 2, 1, 3, 2, 3, 3, 4, 1, 1, 0, -18 ] ], 
              [ [ 1, 3, 3, 1, 3, 1, 3, 3, 3, 1, 1, 1, 1, 1, 3, 1, 6, -22 ], [ 1, 1, 1, 3, 1, 3, 1, 1, 1, 3, 3, 3, 3, 3, 1, 3, -2, -16 ] ], 
              [ [ 1, 2, 2, 2, 0, 4, 1, 1, 4, 0, 3, 2, 2, 4, 2, 2, 3, -22 ], [ 1, 2, 2, 2, 4, 0, 3, 3, 0, 4, 1, 2, 2, 0, 2, 2, 1, -16 ] ], 
              [ [ 1, 3, 2, 2, 0, 2, 1, 1, 4, 1, 1, 3, 3, 3, 1, 1, 3, -20 ], [ 1, 1, 2, 2, 4, 2, 3, 3, 0, 3, 3, 1, 1, 1, 3, 3, 1, -18 ] ], 
              [ [ 1, 3, 2, 2, 0, 3, 2, 1, 3, 1, 3, 3, 2, 2, 1, 2, 2, -20 ], [ 1, 1, 2, 2, 4, 1, 2, 3, 1, 3, 1, 1, 2, 2, 3, 2, 2, -18 ] ], 
              [ [ 1, 3, 1, 1, 1, 0, 2, 2, 3, 1, 2, 1, 1, 3, 1, 1, 4, -18 ], [ 1, 1, 3, 3, 3, 4, 2, 2, 1, 3, 2, 3, 3, 1, 3, 3, 0, -20 ] ], 
              [ [ 1, 2, 1, 1, 1, 2, 3, 2, 4, 0, 4, 2, 1, 3, 2, 1, 3, -21 ], [ 1, 2, 3, 3, 3, 2, 1, 2, 0, 4, 0, 2, 3, 1, 2, 3, 1, -17 ] ], 
              [ [ 1, 3, 2, 2, 2, 1, 2, 1, 3, 1, 0, 1, 2, 2, 1, 0, 4, -17 ], [ 1, 1, 2, 2, 2, 3, 2, 3, 1, 3, 4, 3, 2, 2, 3, 4, 0, -21 ] ], 
              [ [ 1, 3, 2, 2, 2, 1, 3, 2, 3, 1, 2, 3, 2, 3, 1, 0, 4, -22 ], [ 1, 1, 2, 2, 2, 3, 1, 2, 1, 3, 2, 1, 2, 1, 3, 4, 0, -16 ] ], 
              [ [ 1, 2, 1, 1, 1, 2, 1, 3, 4, 2, 3, 2, 0, 2, 2, 2, 3, -20 ], [ 1, 2, 3, 3, 3, 2, 3, 1, 0, 2, 1, 2, 4, 2, 2, 2, 1, -18 ] ], 
              [ [ 1, 1, 1, 1, 1, 3, 1, 3, 6, 1, 3, 3, 1, 3, 3, 1, 3, -23 ], [ 1, 3, 3, 3, 3, 1, 3, 1, -2, 3, 1, 1, 3, 1, 1, 3, 1, -15 ] ], 
              [ [ 1, 2, 1, 1, 1, 2, 3, 2, 4, 2, 3, 3, 0, 1, 2, 2, 3, -21 ], [ 1, 2, 3, 3, 3, 2, 1, 2, 0, 2, 1, 1, 4, 3, 2, 2, 1, -17 ] ], 
              [ [ 1, 2, 2, 2, 2, 2, 2, 2, 4, 1, 1, 3, 1, 2, 2, 0, 4, -21 ], [ 1, 2, 2, 2, 2, 2, 2, 2, 0, 3, 3, 1, 3, 2, 2, 4, 0, -17 ] ], 
              [ [ 1, 2, 2, 2, 2, 3, 1, 2, 4, 2, 1, 2, 1, 1, 2, 1, 3, -19 ], [ 1, 2, 2, 2, 2, 1, 3, 2, 0, 2, 3, 2, 3, 3, 2, 3, 1, -19 ] ], 
              [ [ 1, 2, 2, 2, 2, 2, 2, 3, 3, 2, 2, 3, 1, 1, 3, 1, 4, -22 ], [ 1, 2, 2, 2, 2, 2, 2, 1, 1, 2, 2, 1, 3, 3, 1, 3, 0, -16 ] ], 
              [ [ 1, 2, 3, 1, 3, 2, 3, 3, 3, 3, 2, 1, 0, 0, 4, 2, 4, -22 ], [ 1, 2, 1, 3, 1, 2, 1, 1, 1, 1, 2, 3, 4, 4, 0, 2, 0, -16 ] ], 
              [ [ 1, 2, 3, 3, 1, 4, 2, 0, 2, 2, 2, 2, 1, 2, 2, 2, 2, -20 ], [ 1, 2, 1, 1, 3, 0, 2, 4, 2, 2, 2, 2, 3, 2, 2, 2, 2, -18 ] ], 
              [ [ 1, 2, 3, 3, 2, 3, 1, 1, 3, 2, 1, 2, 2, 1, 2, 2, 2, -19 ], [ 1, 2, 1, 1, 2, 1, 3, 3, 1, 2, 3, 2, 2, 3, 2, 2, 2, -19 ] ], 
              [ [ 1, 2, 1, 1, 1, 1, 2, 2, 3, 3, 3, 1, 0, 2, 2, 2, 2, -18 ], [ 1, 2, 3, 3, 3, 3, 2, 2, 1, 1, 1, 3, 4, 2, 2, 2, 2, -20 ] ], 
              [ [ 1, 1, 2, 2, 2, 3, 2, 2, 4, 2, 3, 2, 1, 4, 3, 1, 3, -24 ], [ 1, 3, 2, 2, 2, 1, 2, 2, 0, 2, 1, 2, 3, 0, 1, 3, 1, -14 ] ], 
              [ [ 1, 2, 2, 2, 2, 1, 1, 2, 3, 2, 1, 1, 1, 3, 2, 0, 3, -18 ], [ 1, 2, 2, 2, 2, 3, 3, 2, 1, 2, 3, 3, 3, 1, 2, 4, 1, -20 ] ], 
              [ [ 1, 2, 2, 2, 2, 2, 4, 1, 2, 3, 3, 2, 0, 2, 2, 2, 3, -22 ], [ 1, 2, 2, 2, 2, 2, 0, 3, 2, 1, 1, 2, 4, 2, 2, 2, 1, -16 ] ], 
              [ [ 1, 3, 2, 2, 2, 1, 2, 2, 2, 4, 1, 2, 1, 1, 0, 1, 3, -18 ], [ 1, 1, 2, 2, 2, 3, 2, 2, 2, 0, 3, 2, 3, 3, 4, 3, 1, -20 ] ], 
              [ [ 1, 3, 2, 2, 2, 0, 3, 1, 1, 3, 1, 1, 0, 1, 1, 1, 3, -16 ], [ 1, 1, 2, 2, 2, 4, 1, 3, 3, 1, 3, 3, 4, 3, 3, 3, 1, -22 ] ], 
              [ [ 1, 1, 2, 2, 2, 3, 3, 1, 3, 1, 3, 1, 0, 3, 3, 1, 3, -21 ], [ 1, 3, 2, 2, 2, 1, 1, 3, 1, 3, 1, 3, 4, 1, 1, 3, 1, -17 ] ], 
              [ [ 1, 2, 2, 2, 2, 1, 3, 1, 3, 2, 1, 2, 1, 2, 2, 0, 3, -19 ], [ 1, 2, 2, 2, 2, 3, 1, 3, 1, 2, 3, 2, 3, 2, 2, 4, 1, -19 ] ], 
              [ [ 1, 2, 2, 2, 2, 2, 1, 2, 3, 2, 1, 1, 1, 2, 1, 0, 3, -17 ], [ 1, 2, 2, 2, 2, 2, 3, 2, 1, 2, 3, 3, 3, 2, 3, 4, 1, -21 ] ], 
              [ [ 1, 2, 2, 2, 2, 1, 2, 3, 2, 2, 2, 2, 1, 2, 2, 0, 4, -20 ], [ 1, 2, 2, 2, 2, 3, 2, 1, 2, 2, 2, 2, 3, 2, 2, 4, 0, -18 ] ], 
              [ [ 1, 2, 2, 2, 2, 2, 2, 1, 3, 3, 1, 1, 1, 1, 2, 1, 2, -17 ], [ 1, 2, 2, 2, 2, 2, 2, 3, 1, 1, 3, 3, 3, 3, 2, 3, 2, -21 ] ], 
              [ [ 1, 2, 2, 2, 2, 1, 3, 2, 2, 3, 2, 2, 1, 1, 3, 1, 3, -20 ], [ 1, 2, 2, 2, 2, 3, 1, 2, 2, 1, 2, 2, 3, 3, 1, 3, 1, -18 ] ], 
              [ [ 1, 2, 2, 2, 2, 2, 2, 3, 3, 2, 3, 3, 1, 3, 1, 0, 3, -22 ], [ 1, 2, 2, 2, 2, 2, 2, 1, 1, 2, 1, 1, 3, 1, 3, 4, 1, -16 ] ], 
              [ [ 1, 2, 2, 2, 2, 2, 3, 2, 3, 3, 3, 3, 1, 2, 2, 1, 2, -22 ], [ 1, 2, 2, 2, 2, 2, 1, 2, 1, 1, 1, 1, 3, 2, 2, 3, 2, -16 ] ], 
              [ [ 1, 2, 2, 2, 2, 2, 1, 3, 2, 3, 2, 1, 1, 1, 2, 1, 3, -18 ], [ 1, 2, 2, 2, 2, 2, 3, 1, 2, 1, 2, 3, 3, 3, 2, 3, 1, -20 ] ], 
              [ [ 1, 2, 2, 2, 2, 2, 2, 2, 2, 2, 3, 1, 0, 2, 2, 1, 2, -18 ], [ 1, 2, 2, 2, 2, 2, 2, 2, 2, 2, 1, 3, 4, 2, 2, 3, 2, -20 ] ], 
              [ [ 1, 1, 2, 2, 2, 3, 2, 2, 4, 1, 3, 2, 1, 3, 3, 0, 2, -21 ], [ 1, 3, 2, 2, 2, 1, 2, 2, 0, 3, 1, 2, 3, 1, 1, 4, 2, -17 ] ], 
              [ [ 1, 2, 2, 2, 2, 2, 4, 1, 2, 2, 3, 2, 0, 1, 2, 1, 2, -19 ], [ 1, 2, 2, 2, 2, 2, 0, 3, 2, 2, 1, 2, 4, 3, 2, 3, 2, -19 ] ], 
              [ [ 1, 2, 3, 3, 3, 2, 3, 1, 2, 2, 1, 2, 1, 3, 2, 0, 4, -22 ], [ 1, 2, 1, 1, 1, 2, 1, 3, 2, 2, 3, 2, 3, 1, 2, 4, 0, -16 ] ], 
              [ [ 1, 2, 3, 3, 3, 3, 2, 1, 2, 3, 1, 1, 1, 2, 2, 1, 3, -20 ], [ 1, 2, 1, 1, 1, 1, 2, 3, 2, 1, 3, 3, 3, 2, 2, 3, 1, -18 ] ], 
              [ [ 1, 2, 2, 2, 3, 1, 2, 3, 3, 2, 2, 2, 1, 2, 1, 1, 4, -21 ], [ 1, 2, 2, 2, 1, 3, 2, 1, 1, 2, 2, 2, 3, 2, 3, 3, 0, -17 ] ], 
              [ [ 1, 2, 2, 2, 3, 1, 3, 2, 3, 3, 2, 2, 1, 1, 2, 2, 3, -21 ], [ 1, 2, 2, 2, 1, 3, 1, 2, 1, 1, 2, 2, 3, 3, 2, 2, 1, -17 ] ], 
              [ [ 1, 2, 2, 2, 3, 1, 2, 2, 2, 2, 2, 0, 0, 1, 2, 2, 3, -17 ], [ 1, 2, 2, 2, 1, 3, 2, 2, 2, 2, 2, 4, 4, 3, 2, 2, 1, -21 ] ], 
              [ [ 1, 1, 2, 2, 3, 2, 2, 2, 4, 1, 2, 1, 1, 2, 3, 1, 3, -20 ], [ 1, 3, 2, 2, 1, 2, 2, 2, 0, 3, 2, 3, 3, 2, 1, 3, 1, -18 ] ], 
              [ [ 1, 1, 2, 2, 3, 2, 3, 3, 4, 1, 4, 3, 1, 3, 3, 1, 3, -25 ], [ 1, 3, 2, 2, 1, 2, 1, 1, 0, 3, 0, 1, 3, 1, 1, 3, 1, -13 ] ], 
              [ [ 1, 1, 3, 3, 4, 3, 2, 2, 3, 1, 2, 1, 1, 3, 3, 1, 4, -23 ], [ 1, 3, 1, 1, 0, 1, 2, 2, 1, 3, 2, 3, 3, 1, 1, 3, 0, -15 ] ], 
              [ [ 1, 2, 3, 3, 4, 1, 2, 2, 3, 2, 0, 2, 2, 2, 2, 0, 4, -21 ], [ 1, 2, 1, 1, 0, 3, 2, 2, 1, 2, 4, 2, 2, 2, 2, 4, 0, -17 ] ], 
              [ [ 1, 2, 3, 3, 4, 2, 3, 2, 2, 2, 2, 2, 1, 1, 2, 1, 3, -21 ], [ 1, 2, 1, 1, 0, 2, 1, 2, 2, 2, 2, 2, 3, 3, 2, 3, 1, -17 ] ], 
              [ [ 1, 1, 2, 2, 2, 3, 2, 2, 4, 3, 2, 3, 0, 1, 3, 1, 2, -21 ], [ 1, 3, 2, 2, 2, 1, 2, 2, 0, 1, 2, 1, 4, 3, 1, 3, 2, -17 ] ], 
              [ [ 1, 1, 2, 2, 2, 3, 1, 4, 3, 3, 3, 3, 0, 1, 3, 1, 3, -22 ], [ 1, 3, 2, 2, 2, 1, 3, 0, 1, 1, 1, 1, 4, 3, 1, 3, 1, -16 ] ], 
              [ [ 1, 1, 1, 1, 3, 1, 3, 3, 3, 3, 3, 1, -2, 1, 3, 1, 3, -19 ], [ 1, 3, 3, 3, 1, 3, 1, 1, 1, 1, 1, 3, 6, 3, 1, 3, 1, -19 ] ], 
              [ [ 1, 1, 1, 3, 1, 3, 0, 2, 3, 4, 2, 3, 1, 3, 1, 1, 2, -20 ], [ 1, 3, 3, 1, 3, 1, 4, 2, 1, 0, 2, 1, 3, 1, 3, 3, 2, -18 ] ], 
              [ [ 1, 1, 1, 3, 1, 3, 0, 2, 3, 3, 2, 3, 1, 2, 1, 0, 1, -17 ], [ 1, 3, 3, 1, 3, 1, 4, 2, 1, 1, 2, 1, 3, 2, 3, 4, 3, -21 ] ], 
              [ [ 1, 1, 1, 3, 2, 2, 1, 3, 3, 3, 3, 4, 1, 2, 1, 1, 2, -21 ], [ 1, 3, 3, 1, 2, 2, 3, 1, 1, 1, 1, 0, 3, 2, 3, 3, 2, -17 ] ], 
              [ [ 1, 1, 0, 2, 2, 1, 2, 3, 3, 4, 3, 3, 0, 2, 1, 0, 2, -19 ], [ 1, 3, 4, 2, 2, 3, 2, 1, 1, 0, 1, 1, 4, 2, 3, 4, 2, -19 ] ], 
              [ [ 1, 1, 1, 3, 3, 1, 1, 3, 3, 3, 1, 3, 1, 3, 1, -2, 3, -19 ], [ 1, 3, 3, 1, 1, 3, 3, 1, 1, 1, 3, 1, 3, 1, 3, 6, 1, -19 ] ], 
              [ [ 1, 4, 3, 1, 0, 3, 3, 0, 2, 0, 2, 1, 3, 2, 2, 3, 2, -18 ], [ 1, 0, 1, 3, 4, 1, 1, 4, 2, 4, 2, 3, 1, 2, 2, 1, 2, -20 ] ], 
              [ [ 1, 4, 3, 1, 1, 2, 3, 0, 2, 0, 1, 0, 3, 1, 2, 4, 3, -17 ], [ 1, 0, 1, 3, 3, 2, 1, 4, 2, 4, 3, 4, 1, 3, 2, 0, 1, -21 ] ], 
              [ [ 1, 4, 3, 1, 1, 2, 4, 1, 2, 0, 3, 2, 3, 2, 2, 4, 3, -22 ], [ 1, 0, 1, 3, 3, 2, 0, 3, 2, 4, 1, 2, 1, 2, 2, 0, 1, -16 ] ], 
              [ [ 1, 3, 3, 1, 1, 3, 3, 1, 3, -2, 3, 1, 3, 3, 3, 3, 3, -21 ], [ 1, 1, 1, 3, 3, 1, 1, 3, 1, 6, 1, 3, 1, 1, 1, 1, 1, -17 ] ], 
              [ [ 1, 3, 3, 1, 0, 4, 2, 2, 3, 1, 2, 3, 3, 1, 3, 3, 3, -22 ], [ 1, 1, 1, 3, 4, 0, 2, 2, 1, 3, 2, 1, 1, 3, 1, 1, 1, -16 ] ], 
              [ [ 1, 3, 3, 1, 1, 3, 3, 1, 3, 0, 2, 2, 2, 1, 3, 4, 3, -21 ], [ 1, 1, 1, 3, 3, 1, 1, 3, 1, 4, 2, 2, 2, 3, 1, 0, 1, -17 ] ], 
              [ [ 1, 3, 2, 0, 1, 2, 2, 2, 3, 1, 2, 0, 1, 2, 3, 3, 3, -18 ], [ 1, 1, 2, 4, 3, 2, 2, 2, 1, 3, 2, 4, 3, 2, 1, 1, 1, -20 ] ], 
              [ [ 1, 3, 2, 0, 1, 2, 4, 1, 3, 1, 2, 1, 1, 1, 3, 3, 3, -19 ], [ 1, 1, 2, 4, 3, 2, 0, 3, 1, 3, 2, 3, 3, 3, 1, 1, 1, -19 ] ], 
              [ [ 1, 3, 2, 0, 1, 2, 3, 3, 2, 1, 3, 1, 1, 1, 3, 3, 4, -20 ], [ 1, 1, 2, 4, 3, 2, 1, 1, 2, 3, 1, 3, 3, 3, 1, 1, 0, -18 ] ], 
              [ [ 1, 4, 2, 0, 1, 0, 3, 3, 2, 2, 1, 2, 2, 0, 2, 2, 4, -18 ], [ 1, 0, 2, 4, 3, 4, 1, 1, 2, 2, 3, 2, 2, 4, 2, 2, 0, -20 ] ], 
              [ [ 1, 3, 2, 0, 1, 2, 2, 4, 3, 1, 3, 2, 2, 1, 3, 2, 3, -20 ], [ 1, 1, 2, 4, 3, 2, 2, 0, 1, 3, 1, 2, 2, 3, 1, 2, 1, -18 ] ], 
              [ [ 1, 3, 3, 1, 2, 2, 3, 2, 2, 1, 1, 1, 2, 1, 4, 2, 4, -20 ], [ 1, 1, 1, 3, 2, 2, 1, 2, 2, 3, 3, 3, 2, 3, 0, 2, 0, -18 ] ], 
              [ [ 1, 3, 2, 0, 2, 1, 2, 4, 3, 1, 2, 1, 2, 0, 3, 3, 4, -19 ], [ 1, 1, 2, 4, 2, 3, 2, 0, 1, 3, 2, 3, 2, 4, 1, 1, 0, -19 ] ], 
              [ [ 1, 3, 2, 0, 2, 1, 3, 3, 3, 0, 3, 1, 1, 1, 3, 3, 3, -19 ], [ 1, 1, 2, 4, 2, 3, 1, 1, 1, 4, 1, 3, 3, 3, 1, 1, 1, -19 ] ], 
              [ [ 1, 3, 3, 1, 3, 2, 3, 2, 3, 1, 1, 1, 2, 1, 3, 3, 4, -21 ], [ 1, 1, 1, 3, 1, 2, 1, 2, 1, 3, 3, 3, 2, 3, 1, 1, 0, -17 ] ], 
              [ [ 1, 3, 1, 1, -2, 3, 1, 1, 3, 1, 3, 3, 3, 3, 1, 3, 1, -18 ], [ 1, 1, 3, 3, 6, 1, 3, 3, 1, 3, 1, 1, 1, 1, 3, 1, 3, -20 ] ], 
              [ [ 1, 3, 2, 2, 0, 3, 0, 2, 3, 1, 2, 3, 4, 3, 1, 3, 2, -20 ], [ 1, 1, 2, 2, 4, 1, 4, 2, 1, 3, 2, 1, 0, 1, 3, 1, 2, -18 ] ], 
              [ [ 1, 3, 2, 2, 0, 3, 2, 1, 3, 1, 2, 4, 4, 2, 1, 3, 2, -21 ], [ 1, 1, 2, 2, 4, 1, 2, 3, 1, 3, 2, 0, 0, 2, 3, 1, 2, -17 ] ], 
              [ [ 1, 3, 2, 2, 0, 3, 1, 1, 2, 0, 2, 2, 3, 2, 1, 3, 2, -17 ], [ 1, 1, 2, 2, 4, 1, 3, 3, 2, 4, 2, 2, 1, 2, 3, 1, 2, -21 ] ], 
              [ [ 1, 3, 1, 1, 0, 1, 2, 2, 3, 1, 2, 3, 3, 4, 1, 1, 3, -20 ], [ 1, 1, 3, 3, 4, 3, 2, 2, 1, 3, 2, 1, 1, 0, 3, 3, 1, -18 ] ], 
              [ [ 1, 3, 1, 1, 0, 2, 1, 2, 3, 2, 2, 2, 3, 3, 1, 2, 2, -18 ], [ 1, 1, 3, 3, 4, 2, 3, 2, 1, 2, 2, 2, 1, 1, 3, 2, 2, -20 ] ], 
              [ [ 1, 3, 1, 1, 0, 1, 2, 1, 2, 1, 2, 1, 2, 3, 2, 2, 2, -16 ], [ 1, 1, 3, 3, 4, 3, 2, 3, 2, 3, 2, 3, 2, 1, 2, 2, 2, -22 ] ], 
              [ [ 1, 3, 1, 1, 0, 2, 2, 1, 2, 1, 2, 1, 2, 2, 1, 2, 2, -15 ], [ 1, 1, 3, 3, 4, 2, 2, 3, 2, 3, 2, 3, 2, 2, 3, 2, 2, -23 ] ], 
              [ [ 1, 3, 1, 1, 0, 2, 3, 2, 2, 1, 4, 3, 2, 3, 1, 2, 2, -20 ], [ 1, 1, 3, 3, 4, 2, 1, 2, 2, 3, 0, 1, 2, 1, 3, 2, 2, -18 ] ], 
              [ [ 1, 4, 2, 2, 1, 1, 2, 1, 1, 2, 0, 2, 3, 2, 0, 1, 3, -16 ], [ 1, 0, 2, 2, 3, 3, 2, 3, 3, 2, 4, 2, 1, 2, 4, 3, 1, -22 ] ], 
              [ [ 1, 3, 1, 1, 1, 1, 2, 1, 3, 1, 2, 1, 2, 3, 1, 3, 2, -17 ], [ 1, 1, 3, 3, 3, 3, 2, 3, 1, 3, 2, 3, 2, 1, 3, 1, 2, -21 ] ], 
              [ [ 1, 2, 1, 1, 1, 2, 1, 3, 4, 0, 3, 2, 3, 4, 2, 2, 3, -21 ], [ 1, 2, 3, 3, 3, 2, 3, 1, 0, 4, 1, 2, 1, 0, 2, 2, 1, -17 ] ], 
              [ [ 1, 3, 1, 1, 1, 1, 3, 2, 2, 1, 3, 2, 2, 2, 1, 3, 3, -19 ], [ 1, 1, 3, 3, 3, 3, 1, 2, 2, 3, 1, 2, 2, 2, 3, 1, 1, -19 ] ], 
              [ [ 1, 3, 1, 1, 1, 1, 2, 3, 3, 1, 3, 3, 3, 2, 1, 2, 2, -19 ], [ 1, 1, 3, 3, 3, 3, 2, 1, 1, 3, 1, 1, 1, 2, 3, 2, 2, -19 ] ], 
              [ [ 1, 3, 2, 2, 2, 1, 2, 2, 2, 0, 1, 2, 3, 3, 1, 1, 4, -19 ], [ 1, 1, 2, 2, 2, 3, 2, 2, 2, 4, 3, 2, 1, 1, 3, 3, 0, -19 ] ], 
              [ [ 1, 3, 2, 2, 2, 1, 3, 1, 2, 1, 1, 2, 3, 2, 2, 2, 3, -19 ], [ 1, 1, 2, 2, 2, 3, 1, 3, 2, 3, 3, 2, 1, 2, 2, 2, 1, -19 ] ], 
              [ [ 1, 3, 2, 2, 2, 2, 1, 2, 2, 1, 1, 1, 3, 2, 1, 2, 3, -17 ], [ 1, 1, 2, 2, 2, 2, 3, 2, 2, 3, 3, 3, 1, 2, 3, 2, 1, -21 ] ], 
              [ [ 1, 2, 1, 1, 0, 3, 0, 2, 4, 2, 1, 2, 2, 2, 2, 2, 2, -17 ], [ 1, 2, 3, 3, 4, 1, 4, 2, 0, 2, 3, 2, 2, 2, 2, 2, 2, -21 ] ], 
              [ [ 1, 2, 1, 1, 0, 2, 1, 3, 3, 2, 2, 3, 2, 2, 3, 2, 3, -20 ], [ 1, 2, 3, 3, 4, 2, 3, 1, 1, 2, 2, 1, 2, 2, 1, 2, 1, -18 ] ], 
              [ [ 1, 2, 1, 1, 0, 3, 1, 3, 4, 2, 3, 4, 2, 3, 2, 2, 2, -22 ], [ 1, 2, 3, 3, 4, 1, 3, 1, 0, 2, 1, 0, 2, 1, 2, 2, 2, -16 ] ], 
              [ [ 1, 2, 1, 1, 0, 3, 2, 2, 3, 1, 3, 3, 1, 2, 2, 2, 2, -19 ], [ 1, 2, 3, 3, 4, 1, 2, 2, 1, 3, 1, 1, 3, 2, 2, 2, 2, -19 ] ], 
              [ [ 1, 2, 1, 1, 1, 2, 1, 3, 4, 2, 2, 3, 2, 2, 2, 3, 3, -21 ], [ 1, 2, 3, 3, 3, 2, 3, 1, 0, 2, 2, 1, 2, 2, 2, 1, 1, -17 ] ], 
              [ [ 1, 2, 1, 1, 1, 2, 1, 3, 4, 1, 2, 3, 2, 1, 2, 2, 2, -18 ], [ 1, 2, 3, 3, 3, 2, 3, 1, 0, 3, 2, 1, 2, 3, 2, 2, 2, -20 ] ], 
              [ [ 1, 2, 2, 2, 2, 3, 1, 3, 3, 1, 2, 3, 2, 2, 2, 2, 3, -21 ], [ 1, 2, 2, 2, 2, 1, 3, 1, 1, 3, 2, 1, 2, 2, 2, 2, 1, -17 ] ], 
              [ [ 1, 2, 1, 1, 2, 2, 2, 3, 3, 2, 2, 2, 1, 2, 2, 1, 3, -19 ], [ 1, 2, 3, 3, 2, 2, 2, 1, 1, 2, 2, 2, 3, 2, 2, 3, 1, -19 ] ], 
              [ [ 1, 3, 3, 1, 1, 2, 2, 1, 2, 1, 2, 0, 2, 2, 3, 4, 2, -18 ], [ 1, 1, 1, 3, 3, 2, 2, 3, 2, 3, 2, 4, 2, 2, 1, 0, 2, -20 ] ], 
              [ [ 1, 3, 3, 1, 1, 2, 4, 0, 2, 1, 2, 1, 2, 1, 3, 4, 2, -19 ], [ 1, 1, 1, 3, 3, 2, 0, 4, 2, 3, 2, 3, 2, 3, 1, 0, 2, -19 ] ], 
              [ [ 1, 3, 3, 1, 1, 3, 2, 1, 2, 1, 2, 0, 2, 1, 2, 4, 2, -17 ], [ 1, 1, 1, 3, 3, 1, 2, 3, 2, 3, 2, 4, 2, 3, 2, 0, 2, -21 ] ], 
              [ [ 1, 3, 3, 1, 1, 2, 3, 2, 1, 1, 3, 1, 2, 1, 3, 4, 3, -20 ], [ 1, 1, 1, 3, 3, 2, 1, 2, 3, 3, 1, 3, 2, 3, 1, 0, 1, -18 ] ], 
              [ [ 1, 3, 3, 1, 1, 3, 3, 2, 2, 1, 4, 2, 2, 2, 2, 4, 2, -22 ], [ 1, 1, 1, 3, 3, 1, 1, 2, 2, 3, 0, 2, 2, 2, 2, 0, 2, -16 ] ], 
              [ [ 1, 2, 3, 1, 1, 4, 3, 1, 3, 0, 4, 1, 2, 2, 4, 4, 1, -21 ], [ 1, 2, 1, 3, 3, 0, 1, 3, 1, 4, 0, 3, 2, 2, 0, 0, 3, -17 ] ], 
              [ [ 1, 3, 3, 1, 1, 2, 2, 3, 2, 1, 3, 2, 3, 1, 3, 3, 2, -20 ], [ 1, 1, 1, 3, 3, 2, 2, 1, 2, 3, 1, 2, 1, 3, 1, 1, 2, -18 ] ], 
              [ [ 1, 3, 4, 2, 2, 3, 4, 0, 1, 1, 2, 1, 2, 2, 3, 4, 3, -22 ], [ 1, 1, 0, 2, 2, 1, 0, 4, 3, 3, 2, 3, 2, 2, 1, 0, 1, -16 ] ], 
              [ [ 1, 4, 4, 2, 2, 2, 2, 1, 1, 2, 0, 1, 3, 1, 1, 3, 3, -18 ], [ 1, 0, 0, 2, 2, 2, 2, 3, 3, 2, 4, 3, 1, 3, 3, 1, 1, -20 ] ], 
              [ [ 1, 3, 4, 2, 2, 3, 2, 0, 2, 1, 0, 0, 3, 1, 3, 3, 2, -17 ], [ 1, 1, 0, 2, 2, 1, 2, 4, 2, 3, 4, 4, 1, 3, 1, 1, 2, -21 ] ], 
              [ [ 1, 3, 4, 2, 2, 3, 2, 2, 2, 2, 1, 2, 4, 1, 3, 3, 3, -22 ], [ 1, 1, 0, 2, 2, 1, 2, 2, 2, 2, 3, 2, 0, 3, 1, 1, 1, -16 ] ], 
              [ [ 1, 3, 4, 2, 2, 2, 3, 1, 1, 1, 1, 1, 3, 1, 4, 3, 3, -20 ], [ 1, 1, 0, 2, 2, 2, 1, 3, 3, 3, 3, 3, 1, 3, 0, 1, 1, -18 ] ], 
              [ [ 1, 3, 4, 2, 2, 3, 3, 1, 2, 1, 2, 2, 3, 2, 3, 3, 2, -22 ], [ 1, 1, 0, 2, 2, 1, 1, 3, 2, 3, 2, 2, 1, 2, 1, 1, 2, -16 ] ], 
              [ [ 1, 3, 4, 2, 2, 3, 1, 2, 1, 1, 1, 0, 3, 1, 3, 3, 3, -18 ], [ 1, 1, 0, 2, 2, 1, 3, 2, 3, 3, 3, 4, 1, 3, 1, 1, 1, -20 ] ], 
              [ [ 1, 3, 4, 2, 2, 3, 3, 1, 1, 1, 1, 1, 3, 0, 3, 3, 3, -19 ], [ 1, 1, 0, 2, 2, 1, 1, 3, 3, 3, 3, 3, 1, 4, 1, 1, 1, -19 ] ], 
              [ [ 1, 3, 4, 2, 2, 4, 3, 1, 2, 1, 2, 2, 3, 1, 2, 3, 2, -21 ], [ 1, 1, 0, 2, 2, 0, 1, 3, 2, 3, 2, 2, 1, 3, 2, 1, 2, -17 ] ], 
              [ [ 1, 3, 4, 2, 2, 3, 4, 0, 1, 0, 2, 1, 2, 1, 3, 3, 2, -19 ], [ 1, 1, 0, 2, 2, 1, 0, 4, 3, 4, 2, 3, 2, 3, 1, 1, 2, -19 ] ], 
              [ [ 1, 3, 4, 2, 2, 3, 4, 2, 1, 1, 3, 3, 3, 1, 3, 3, 3, -24 ], [ 1, 1, 0, 2, 2, 1, 0, 2, 3, 3, 1, 1, 1, 3, 1, 1, 1, -14 ] ], 
              [ [ 1, 3, 4, 2, 3, 2, 3, 1, 2, 1, 1, 1, 3, 1, 3, 4, 3, -21 ], [ 1, 1, 0, 2, 1, 2, 1, 3, 2, 3, 3, 3, 1, 3, 1, 0, 1, -17 ] ], 
              [ [ 1, 3, 2, 0, 2, 0, 4, 2, 2, 1, 3, 0, 1, 1, 3, 3, 2, -17 ], [ 1, 1, 2, 4, 2, 4, 0, 2, 2, 3, 1, 4, 3, 3, 1, 1, 2, -21 ] ], 
              [ [ 1, 3, 3, 1, 3, 1, 3, 2, 2, 1, 1, 0, 2, 2, 2, 2, 4, -19 ], [ 1, 1, 1, 3, 1, 3, 1, 2, 2, 3, 3, 4, 2, 2, 2, 2, 0, -19 ] ], 
              [ [ 1, 3, 3, 1, 3, 1, 4, 1, 2, 2, 1, 0, 2, 1, 3, 3, 3, -19 ], [ 1, 1, 1, 3, 1, 3, 0, 3, 2, 2, 3, 4, 2, 3, 1, 1, 1, -19 ] ], 
              [ [ 1, 3, 3, 1, 3, 1, 3, 1, 1, 1, 1, -2, 1, 1, 3, 3, 3, -15 ], [ 1, 1, 1, 3, 1, 3, 1, 3, 3, 3, 3, 6, 3, 3, 1, 1, 1, -23 ] ], 
              [ [ 1, 3, 3, 1, 3, 1, 3, 3, 1, 2, 2, 0, 2, 1, 3, 3, 4, -20 ], [ 1, 1, 1, 3, 1, 3, 1, 1, 3, 2, 2, 4, 2, 3, 1, 1, 0, -18 ] ], 
              [ [ 1, 3, 3, 1, 3, 1, 4, 2, 1, 1, 3, 0, 1, 2, 3, 3, 3, -20 ], [ 1, 1, 1, 3, 1, 3, 0, 2, 3, 3, 1, 4, 3, 2, 1, 1, 1, -18 ] ], 
              [ [ 1, 2, 3, 1, 3, 2, 4, 2, 3, 0, 3, 1, 2, 3, 4, 2, 3, -23 ], [ 1, 2, 1, 3, 1, 2, 0, 2, 1, 4, 1, 3, 2, 1, 0, 2, 1, -15 ] ], 
              [ [ 1, 3, 3, 1, 3, 1, 6, 1, 1, 1, 3, 1, 1, 1, 3, 3, 3, -21 ], [ 1, 1, 1, 3, 1, 3, -2, 3, 3, 3, 1, 3, 3, 3, 1, 1, 1, -17 ] ], 
              [ [ 1, 3, 3, 1, 3, 2, 4, 2, 1, 1, 3, 0, 1, 1, 2, 3, 3, -19 ], [ 1, 1, 1, 3, 1, 2, 0, 2, 3, 3, 1, 4, 3, 3, 2, 1, 1, -19 ] ], 
              [ [ 1, 4, 3, 1, 3, 0, 4, 2, 1, 2, 1, 1, 2, 0, 1, 2, 3, -17 ], [ 1, 0, 1, 3, 1, 4, 0, 2, 3, 2, 3, 3, 2, 4, 3, 2, 1, -21 ] ], 
              [ [ 1, 3, 3, 1, 3, 1, 3, 3, 1, 1, 2, 0, 2, 0, 3, 2, 3, -17 ], [ 1, 1, 1, 3, 1, 3, 1, 1, 3, 3, 2, 4, 2, 4, 1, 2, 1, -21 ] ], 
              [ [ 1, 3, 4, 2, 4, 2, 4, 1, 1, 1, 1, 0, 2, 1, 3, 2, 3, -19 ], [ 1, 1, 0, 2, 0, 2, 0, 3, 3, 3, 3, 4, 2, 3, 1, 2, 1, -19 ] ], 
              [ [ 1, 2, 3, 1, 2, 3, 2, 3, 2, 2, 2, 1, 1, 1, 4, 2, 3, -20 ], [ 1, 2, 1, 3, 2, 1, 2, 1, 2, 2, 2, 3, 3, 3, 0, 2, 1, -18 ] ], 
              [ [ 1, 2, 2, 0, 2, 1, 3, 4, 3, 2, 3, 2, 1, 0, 4, 3, 3, -21 ], [ 1, 2, 2, 4, 2, 3, 1, 0, 1, 2, 1, 2, 3, 4, 0, 1, 1, -17 ] ], 
              [ [ 1, 2, 3, 1, 3, 2, 4, 2, 3, 2, 2, 2, 1, 1, 4, 3, 3, -23 ], [ 1, 2, 1, 3, 1, 2, 0, 2, 1, 2, 2, 2, 3, 3, 0, 1, 1, -15 ] ], 
              [ [ 1, 2, 3, 1, 3, 2, 2, 3, 2, 2, 1, 0, 1, 0, 4, 3, 4, -19 ], [ 1, 2, 1, 3, 1, 2, 2, 1, 2, 2, 3, 4, 3, 4, 0, 1, 0, -19 ] ], 
              [ [ 1, 2, 3, 1, 3, 3, 2, 3, 3, 2, 2, 1, 1, 1, 3, 3, 3, -21 ], [ 1, 2, 1, 3, 1, 1, 2, 1, 1, 2, 2, 3, 3, 3, 1, 1, 1, -17 ] ], 
              [ [ 1, 2, 3, 1, 3, 2, 3, 2, 2, 1, 2, 0, 0, 1, 4, 3, 3, -19 ], [ 1, 2, 1, 3, 1, 2, 1, 2, 2, 3, 2, 4, 4, 3, 0, 1, 1, -19 ] ], 
              [ [ 1, 2, 3, 1, 3, 2, 3, 4, 2, 2, 3, 2, 1, 1, 4, 3, 4, -24 ], [ 1, 2, 1, 3, 1, 2, 1, 0, 2, 2, 1, 2, 3, 3, 0, 1, 0, -14 ] ], 
              [ [ 1, 1, 3, 1, 3, 3, 3, 3, 3, 1, 3, 1, 1, 1, 6, 3, 3, -23 ], [ 1, 3, 1, 3, 1, 1, 1, 1, 1, 3, 1, 3, 3, 3, -2, 1, 1, -15 ] ], 
              [ [ 1, 2, 3, 1, 3, 2, 1, 4, 3, 2, 1, 1, 2, 0, 4, 2, 3, -19 ], [ 1, 2, 1, 3, 1, 2, 3, 0, 1, 2, 3, 3, 2, 4, 0, 2, 1, -19 ] ], 
              [ [ 1, 3, 3, 1, 3, 1, 3, 3, 1, 3, 1, 1, 1, -2, 3, 3, 3, -17 ], [ 1, 1, 1, 3, 1, 3, 1, 1, 3, 1, 3, 3, 3, 6, 1, 1, 1, -21 ] ], 
              [ [ 1, 2, 3, 1, 3, 2, 3, 4, 2, 1, 3, 2, 1, 0, 4, 2, 3, -21 ], [ 1, 2, 1, 3, 1, 2, 1, 0, 2, 3, 1, 2, 3, 4, 0, 2, 1, -17 ] ], 
              [ [ 1, 2, 4, 2, 4, 3, 3, 3, 2, 2, 1, 2, 2, 0, 4, 2, 4, -23 ], [ 1, 2, 0, 2, 0, 1, 1, 1, 2, 2, 3, 2, 2, 4, 0, 2, 0, -15 ] ], 
              [ [ 1, 3, 2, 2, 0, 2, 1, 1, 2, 2, 2, 2, 4, 3, 1, 3, 1, -18 ], [ 1, 1, 2, 2, 4, 2, 3, 3, 2, 2, 2, 2, 0, 1, 3, 1, 3, -20 ] ], 
              [ [ 1, 3, 2, 2, 0, 2, 2, 0, 1, 1, 2, 1, 3, 2, 1, 3, 1, -15 ], [ 1, 1, 2, 2, 4, 2, 2, 4, 3, 3, 2, 3, 1, 2, 3, 1, 3, -23 ] ], 
              [ [ 1, 3, 2, 2, 0, 3, 2, 0, 2, 1, 3, 2, 3, 3, 0, 3, 0, -17 ], [ 1, 1, 2, 2, 4, 1, 2, 4, 2, 3, 1, 2, 1, 1, 4, 1, 4, -21 ] ], 
              [ [ 1, 3, 2, 2, 0, 2, 3, 1, 1, 1, 4, 3, 3, 3, 1, 3, 1, -20 ], [ 1, 1, 2, 2, 4, 2, 1, 3, 3, 3, 0, 1, 1, 1, 3, 1, 3, -18 ] ], 
              [ [ 1, 3, 3, 3, 1, 3, 3, -2, 1, 1, 1, 1, 3, 3, 1, 3, 1, -17 ], [ 1, 1, 1, 1, 3, 1, 1, 6, 3, 3, 3, 3, 1, 1, 3, 1, 3, -21 ] ], 
              [ [ 1, 3, 3, 3, 1, 3, 3, 0, 1, 2, 2, 3, 4, 3, 1, 3, 2, -22 ], [ 1, 1, 1, 1, 3, 1, 1, 4, 3, 2, 2, 1, 0, 1, 3, 1, 2, -16 ] ], 
              [ [ 1, 3, 3, 3, 1, 3, 2, 0, 0, 1, 2, 1, 3, 3, 1, 3, 2, -18 ], [ 1, 1, 1, 1, 3, 1, 2, 4, 4, 3, 2, 3, 1, 1, 3, 1, 2, -20 ] ], 
              [ [ 1, 4, 3, 3, 1, 1, 2, 0, 0, 2, 0, 2, 4, 2, 0, 2, 2, -16 ], [ 1, 0, 1, 1, 3, 3, 2, 4, 4, 2, 4, 2, 0, 2, 4, 2, 2, -22 ] ], 
              [ [ 1, 2, 3, 3, 1, 4, 2, 0, 2, 0, 2, 2, 4, 4, 2, 2, 2, -21 ], [ 1, 2, 1, 1, 3, 0, 2, 4, 2, 4, 2, 2, 0, 0, 2, 2, 2, -17 ] ], 
              [ [ 1, 3, 3, 3, 1, 3, 1, 1, 1, 1, 2, 2, 4, 3, 1, 2, 1, -18 ], [ 1, 1, 1, 1, 3, 1, 3, 3, 3, 3, 2, 2, 0, 1, 3, 2, 3, -20 ] ], 
              [ [ 1, 3, 3, 3, 1, 3, 3, 0, 1, 1, 2, 3, 4, 2, 1, 2, 1, -19 ], [ 1, 1, 1, 1, 3, 1, 1, 4, 3, 3, 2, 1, 0, 2, 3, 2, 3, -19 ] ], 
              [ [ 1, 3, 3, 3, 2, 2, 1, 1, 1, 1, 1, 1, 4, 2, 1, 3, 2, -17 ], [ 1, 1, 1, 1, 2, 2, 3, 3, 3, 3, 3, 3, 0, 2, 3, 1, 2, -21 ] ], 
              [ [ 1, 3, 2, 2, 2, 0, 3, 1, 1, 1, 1, 1, 3, 3, 1, 1, 3, -17 ], [ 1, 1, 2, 2, 2, 4, 1, 3, 3, 3, 3, 3, 1, 1, 3, 3, 1, -21 ] ], 
              [ [ 1, 3, 2, 2, 2, 1, 3, 1, 2, 1, 2, 2, 3, 4, 0, 1, 2, -19 ], [ 1, 1, 2, 2, 2, 3, 1, 3, 2, 3, 2, 2, 1, 0, 4, 3, 2, -19 ] ], 
              [ [ 1, 3, 2, 2, 2, 1, 2, 1, 1, 2, 1, 0, 3, 2, 1, 2, 2, -15 ], [ 1, 1, 2, 2, 2, 3, 2, 3, 3, 2, 3, 4, 1, 2, 3, 2, 2, -23 ] ], 
              [ [ 1, 3, 2, 2, 2, 1, 3, 0, 1, 1, 2, 0, 2, 3, 1, 2, 1, -15 ], [ 1, 1, 2, 2, 2, 3, 1, 4, 3, 3, 2, 4, 2, 1, 3, 2, 3, -23 ] ], 
              [ [ 1, 3, 2, 2, 2, 1, 3, 2, 1, 2, 3, 2, 3, 3, 1, 2, 2, -20 ], [ 1, 1, 2, 2, 2, 3, 1, 2, 3, 2, 1, 2, 1, 1, 3, 2, 2, -18 ] ], 
              [ [ 1, 2, 2, 2, 2, 2, 2, 2, 2, 0, 3, 1, 3, 4, 2, 1, 2, -19 ], [ 1, 2, 2, 2, 2, 2, 2, 2, 2, 4, 1, 3, 1, 0, 2, 3, 2, -19 ] ], 
              [ [ 1, 3, 2, 2, 2, 1, 4, 1, 0, 1, 3, 1, 2, 2, 1, 2, 2, -17 ], [ 1, 1, 2, 2, 2, 3, 0, 3, 4, 3, 1, 3, 2, 2, 3, 2, 2, -21 ] ], 
              [ [ 1, 2, 2, 2, 0, 3, 0, 1, 3, 2, 1, 2, 3, 2, 2, 3, 1, -17 ], [ 1, 2, 2, 2, 4, 1, 4, 3, 1, 2, 3, 2, 1, 2, 2, 1, 3, -21 ] ], 
              [ [ 1, 2, 2, 2, 0, 3, 1, 2, 3, 2, 3, 4, 3, 3, 2, 3, 1, -22 ], [ 1, 2, 2, 2, 4, 1, 3, 2, 1, 2, 1, 0, 1, 1, 2, 1, 3, -16 ] ], 
              [ [ 1, 2, 2, 2, 0, 4, 1, 2, 3, 2, 3, 4, 3, 2, 1, 3, 1, -21 ], [ 1, 2, 2, 2, 4, 0, 3, 2, 1, 2, 1, 0, 1, 2, 3, 1, 3, -17 ] ], 
              [ [ 1, 2, 2, 2, 0, 3, 2, 1, 2, 1, 3, 3, 2, 2, 2, 3, 1, -19 ], [ 1, 2, 2, 2, 4, 1, 2, 3, 2, 3, 1, 1, 2, 2, 2, 1, 3, -19 ] ], 
              [ [ 1, 2, 2, 2, 0, 4, 1, 1, 2, 2, 3, 2, 2, 1, 2, 4, 0, -17 ], [ 1, 2, 2, 2, 4, 0, 3, 3, 2, 2, 1, 2, 2, 3, 2, 0, 4, -21 ] ], 
              [ [ 1, 2, 3, 3, 1, 4, 0, 1, 2, 2, 1, 2, 3, 3, 2, 3, 2, -20 ], [ 1, 2, 1, 1, 3, 0, 4, 3, 2, 2, 3, 2, 1, 1, 2, 1, 2, -18 ] ], 
              [ [ 1, 2, 3, 3, 1, 4, 2, 0, 2, 2, 1, 3, 3, 2, 2, 3, 2, -21 ], [ 1, 2, 1, 1, 3, 0, 2, 4, 2, 2, 3, 1, 1, 2, 2, 1, 2, -17 ] ], 
              [ [ 1, 3, 3, 3, 1, 3, 1, 1, 1, 3, 1, 3, 3, 1, 1, 3, 1, -18 ], [ 1, 1, 1, 1, 3, 1, 3, 3, 3, 1, 3, 1, 1, 3, 3, 1, 3, -20 ] ], 
              [ [ 1, 1, 3, 3, 1, 6, 1, 1, 3, 1, 3, 3, 3, 3, 3, 3, 1, -23 ], [ 1, 3, 1, 1, 3, -2, 3, 3, 1, 3, 1, 1, 1, 1, 1, 1, 3, -15 ] ], 
              [ [ 1, 2, 3, 3, 1, 4, 1, 1, 3, 2, 1, 4, 4, 2, 2, 2, 1, -21 ], [ 1, 2, 1, 1, 3, 0, 3, 3, 1, 2, 3, 0, 0, 2, 2, 2, 3, -17 ] ], 
              [ [ 1, 2, 3, 3, 1, 4, 0, 1, 2, 1, 1, 2, 3, 2, 2, 2, 1, -17 ], [ 1, 2, 1, 1, 3, 0, 4, 3, 2, 3, 3, 2, 1, 2, 2, 2, 3, -21 ] ], 
              [ [ 1, 2, 3, 3, 1, 4, 0, 3, 2, 2, 2, 4, 4, 2, 2, 2, 2, -22 ], [ 1, 2, 1, 1, 3, 0, 4, 1, 2, 2, 2, 0, 0, 2, 2, 2, 2, -16 ] ], 
              [ [ 1, 2, 3, 3, 2, 3, 1, 2, 2, 1, 2, 3, 3, 2, 2, 3, 2, -21 ], [ 1, 2, 1, 1, 2, 1, 3, 2, 2, 3, 2, 1, 1, 2, 2, 1, 2, -17 ] ], 
              [ [ 1, 2, 1, 1, 0, 2, 2, 2, 3, 3, 3, 3, 2, 3, 2, 2, 1, -20 ], [ 1, 2, 3, 3, 4, 2, 2, 2, 1, 1, 1, 1, 2, 1, 2, 2, 3, -18 ] ], 
              [ [ 1, 2, 1, 1, 0, 2, 1, 2, 2, 2, 3, 1, 1, 3, 2, 2, 1, -16 ], [ 1, 2, 3, 3, 4, 2, 3, 2, 2, 2, 1, 3, 3, 1, 2, 2, 3, -22 ] ], 
              [ [ 1, 2, 1, 1, 0, 2, 3, 1, 2, 2, 3, 2, 1, 2, 2, 2, 1, -17 ], [ 1, 2, 3, 3, 4, 2, 1, 3, 2, 2, 1, 2, 3, 2, 2, 2, 3, -21 ] ], 
              [ [ 1, 2, 2, 2, 1, 3, 1, 1, 2, 3, 1, 1, 2, 3, 2, 2, 2, -18 ], [ 1, 2, 2, 2, 3, 1, 3, 3, 2, 1, 3, 3, 2, 1, 2, 2, 2, -20 ] ], 
              [ [ 1, 2, 2, 2, 1, 3, 3, 1, 1, 2, 3, 2, 1, 3, 2, 2, 2, -20 ], [ 1, 2, 2, 2, 3, 1, 1, 3, 3, 2, 1, 2, 3, 1, 2, 2, 2, -18 ] ], 
              [ [ 1, 3, 2, 2, 1, 1, 3, 1, 1, 3, 1, 3, 2, 2, 1, 1, 2, -18 ], [ 1, 1, 2, 2, 3, 3, 1, 3, 3, 1, 3, 1, 2, 2, 3, 3, 2, -20 ] ], 
              [ [ 1, 3, 2, 2, 1, 2, 1, 2, 1, 3, 1, 2, 2, 2, 0, 1, 2, -16 ], [ 1, 1, 2, 2, 3, 2, 3, 2, 3, 1, 3, 2, 2, 2, 4, 3, 2, -22 ] ], 
              [ [ 1, 3, 2, 2, 1, 2, 2, 1, 1, 4, 1, 2, 2, 1, 1, 2, 1, -16 ], [ 1, 1, 2, 2, 3, 2, 2, 3, 3, 0, 3, 2, 2, 3, 3, 2, 3, -22 ] ], 
              [ [ 1, 2, 2, 2, 1, 3, 1, 1, 2, 2, 1, 1, 2, 2, 2, 1, 1, -15 ], [ 1, 2, 2, 2, 3, 1, 3, 3, 2, 2, 3, 3, 2, 2, 2, 3, 3, -23 ] ], 
              [ [ 1, 2, 2, 2, 1, 3, 1, 3, 2, 3, 2, 3, 3, 2, 2, 1, 2, -20 ], [ 1, 2, 2, 2, 3, 1, 3, 1, 2, 1, 2, 1, 1, 2, 2, 3, 2, -18 ] ], 
              [ [ 1, 2, 2, 2, 1, 2, 2, 2, 1, 2, 2, 2, 2, 2, 3, 1, 2, -18 ], [ 1, 2, 2, 2, 3, 2, 2, 2, 3, 2, 2, 2, 2, 2, 1, 3, 2, -20 ] ], 
              [ [ 1, 2, 2, 2, 1, 3, 2, 2, 2, 2, 3, 3, 2, 3, 2, 1, 1, -20 ], [ 1, 2, 2, 2, 3, 1, 2, 2, 2, 2, 1, 1, 2, 1, 2, 3, 3, -18 ] ], 
              [ [ 1, 2, 1, 1, 1, 1, 2, 2, 3, 3, 2, 2, 2, 2, 2, 3, 2, -19 ], [ 1, 2, 3, 3, 3, 3, 2, 2, 1, 1, 2, 2, 2, 2, 2, 1, 2, -19 ] ], 
              [ [ 1, 2, 1, 1, 1, 1, 3, 1, 3, 2, 3, 2, 1, 3, 2, 3, 1, -19 ], [ 1, 2, 3, 3, 3, 3, 1, 3, 1, 2, 1, 2, 3, 1, 2, 1, 3, -19 ] ], 
              [ [ 1, 2, 1, 1, 1, 1, 1, 2, 2, 2, 2, 0, 1, 2, 2, 3, 2, -15 ], [ 1, 2, 3, 3, 3, 3, 3, 2, 2, 2, 2, 4, 3, 2, 2, 1, 2, -23 ] ], 
              [ [ 1, 2, 1, 1, 1, 2, 1, 2, 3, 2, 3, 1, 1, 3, 1, 3, 1, -17 ], [ 1, 2, 3, 3, 3, 2, 3, 2, 1, 2, 1, 3, 3, 1, 3, 1, 3, -21 ] ], 
              [ [ 1, 2, 1, 1, 1, 1, 2, 3, 2, 2, 4, 2, 1, 3, 2, 3, 2, -20 ], [ 1, 2, 3, 3, 3, 3, 2, 1, 2, 2, 0, 2, 3, 1, 2, 1, 2, -18 ] ], 
              [ [ 1, 1, 1, 1, 1, 2, 2, 3, 4, 1, 4, 3, 2, 4, 3, 2, 2, -23 ], [ 1, 3, 3, 3, 3, 2, 2, 1, 0, 3, 0, 1, 2, 0, 1, 2, 2, -15 ] ], 
              [ [ 1, 1, 1, 1, 1, 3, 1, 3, 4, 2, 4, 2, 2, 3, 3, 3, 1, -21 ], [ 1, 3, 3, 3, 3, 1, 3, 1, 0, 2, 0, 2, 2, 1, 1, 1, 3, -17 ] ], 
              [ [ 1, 1, 1, 1, 1, 2, 2, 2, 3, 1, 4, 1, 1, 3, 4, 3, 1, -19 ], [ 1, 3, 3, 3, 3, 2, 2, 2, 1, 3, 0, 3, 3, 1, 0, 1, 3, -19 ] ], 
              [ [ 1, 2, 1, 1, 1, 1, 0, 3, 3, 2, 2, 1, 2, 2, 2, 2, 1, -15 ], [ 1, 2, 3, 3, 3, 3, 4, 1, 1, 2, 2, 3, 2, 2, 2, 2, 3, -23 ] ], 
              [ [ 1, 2, 1, 1, 1, 2, 3, 1, 3, 2, 3, 2, 1, 2, 1, 3, 1, -18 ], [ 1, 2, 3, 3, 3, 2, 1, 3, 1, 2, 1, 2, 3, 2, 3, 1, 3, -20 ] ], 
              [ [ 1, 2, 1, 1, 1, 1, 4, 2, 2, 2, 4, 3, 1, 2, 2, 3, 2, -21 ], [ 1, 2, 3, 3, 3, 3, 0, 2, 2, 2, 0, 1, 3, 2, 2, 1, 2, -17 ] ], 
              [ [ 1, 2, 1, 1, 1, 2, 2, 3, 2, 2, 4, 2, 1, 2, 1, 3, 2, -19 ], [ 1, 2, 3, 3, 3, 2, 2, 1, 2, 2, 0, 2, 3, 2, 3, 1, 2, -19 ] ], 
              [ [ 1, 2, 1, 1, 1, 2, 3, 2, 2, 3, 4, 2, 1, 1, 2, 4, 1, -19 ], [ 1, 2, 3, 3, 3, 2, 1, 2, 2, 1, 0, 2, 3, 3, 2, 0, 3, -19 ] ], 
              [ [ 1, 3, 1, 1, 1, 0, 2, 3, 2, 3, 2, 3, 2, 1, 0, 2, 2, -17 ], [ 1, 1, 3, 3, 3, 4, 2, 1, 2, 1, 2, 1, 2, 3, 4, 2, 2, -21 ] ], 
              [ [ 1, 3, 1, 1, 1, 0, 2, 2, 1, 3, 2, 1, 1, 0, 1, 3, 1, -13 ], [ 1, 1, 3, 3, 3, 4, 2, 2, 3, 1, 2, 3, 3, 4, 3, 1, 3, -25 ] ], 
              [ [ 1, 1, 1, 1, 1, 3, 2, 2, 3, 1, 4, 1, 1, 2, 3, 3, 1, -18 ], [ 1, 3, 3, 3, 3, 1, 2, 2, 1, 3, 0, 3, 3, 2, 1, 1, 3, -20 ] ], 
              [ [ 1, 1, 1, 1, 1, 3, 3, 3, 3, 1, 6, 3, 1, 3, 3, 3, 1, -23 ], [ 1, 3, 3, 3, 3, 1, 1, 1, 1, 3, -2, 1, 3, 1, 1, 1, 3, -15 ] ], 
              [ [ 1, 2, 1, 1, 1, 1, 2, 2, 3, 2, 2, 2, 2, 1, 2, 2, 1, -16 ], [ 1, 2, 3, 3, 3, 3, 2, 2, 1, 2, 2, 2, 2, 3, 2, 2, 3, -22 ] ], 
              [ [ 1, 2, 1, 1, 1, 1, 3, 3, 3, 2, 4, 4, 2, 2, 2, 2, 1, -21 ], [ 1, 2, 3, 3, 3, 3, 1, 1, 1, 2, 0, 0, 2, 2, 2, 2, 3, -17 ] ], 
              [ [ 1, 2, 1, 1, 1, 1, 1, 4, 2, 2, 3, 2, 2, 1, 2, 2, 2, -17 ], [ 1, 2, 3, 3, 3, 3, 3, 0, 2, 2, 1, 2, 2, 3, 2, 2, 2, -21 ] ], 
              [ [ 1, 2, 1, 1, 1, 2, 1, 4, 3, 2, 4, 3, 2, 2, 1, 2, 1, -19 ], [ 1, 2, 3, 3, 3, 2, 3, 0, 1, 2, 0, 1, 2, 2, 3, 2, 3, -19 ] ], 
              [ [ 1, 2, 1, 1, 1, 1, 2, 3, 2, 1, 4, 2, 1, 2, 2, 2, 1, -17 ], [ 1, 2, 3, 3, 3, 3, 2, 1, 2, 3, 0, 2, 3, 2, 2, 2, 3, -21 ] ], 
              [ [ 1, 2, 2, 2, 2, 2, 2, 0, 2, 2, 1, 0, 1, 3, 2, 3, 2, -17 ], [ 1, 2, 2, 2, 2, 2, 2, 4, 2, 2, 3, 4, 3, 1, 2, 1, 2, -21 ] ], 
              [ [ 1, 2, 2, 2, 2, 2, 2, 2, 2, 3, 2, 2, 2, 3, 2, 3, 3, -22 ], [ 1, 2, 2, 2, 2, 2, 2, 2, 2, 1, 2, 2, 2, 1, 2, 1, 1, -16 ] ], 
              [ [ 1, 3, 2, 2, 2, 0, 1, 2, 1, 3, 0, 1, 2, 2, 1, 2, 3, -16 ], [ 1, 1, 2, 2, 2, 4, 3, 2, 3, 1, 4, 3, 2, 2, 3, 2, 1, -22 ] ], 
              [ [ 1, 1, 2, 2, 2, 3, 1, 2, 3, 1, 2, 1, 2, 4, 3, 2, 3, -21 ], [ 1, 3, 2, 2, 2, 1, 3, 2, 1, 3, 2, 3, 2, 0, 1, 2, 1, -17 ] ], 
              [ [ 1, 1, 2, 2, 2, 3, 2, 1, 3, 2, 2, 1, 2, 3, 4, 3, 2, -21 ], [ 1, 3, 2, 2, 2, 1, 2, 3, 1, 2, 2, 3, 2, 1, 0, 1, 2, -17 ] ], 
              [ [ 1, 2, 2, 2, 2, 1, 1, 2, 3, 2, 0, 2, 3, 3, 2, 1, 3, -19 ], [ 1, 2, 2, 2, 2, 3, 3, 2, 1, 2, 4, 2, 1, 1, 2, 3, 1, -19 ] ], 
              [ [ 1, 2, 2, 2, 2, 2, 0, 2, 3, 3, 0, 1, 3, 2, 2, 2, 2, -17 ], [ 1, 2, 2, 2, 2, 2, 4, 2, 1, 1, 4, 3, 1, 2, 2, 2, 2, -21 ] ], 
              [ [ 1, 2, 2, 2, 2, 1, 1, 1, 2, 2, 0, 0, 2, 2, 3, 2, 2, -15 ], [ 1, 2, 2, 2, 2, 3, 3, 3, 2, 2, 4, 4, 2, 2, 1, 2, 2, -23 ] ], 
              [ [ 1, 2, 2, 2, 2, 1, 1, 3, 2, 3, 1, 2, 3, 2, 3, 2, 3, -20 ], [ 1, 2, 2, 2, 2, 3, 3, 1, 2, 1, 3, 2, 1, 2, 1, 2, 1, -18 ] ], 
              [ [ 1, 2, 2, 2, 2, 2, 1, 1, 3, 2, 1, 1, 2, 3, 2, 2, 1, -17 ], [ 1, 2, 2, 2, 2, 2, 3, 3, 1, 2, 3, 3, 2, 1, 2, 2, 3, -21 ] ], 
              [ [ 1, 2, 2, 2, 2, 2, 1, 3, 3, 3, 2, 3, 3, 3, 2, 2, 2, -22 ], [ 1, 2, 2, 2, 2, 2, 3, 1, 1, 1, 2, 1, 1, 1, 2, 2, 2, -16 ] ], 
              [ [ 1, 2, 2, 2, 2, 1, 2, 2, 2, 2, 2, 2, 2, 3, 3, 2, 2, -20 ], [ 1, 2, 2, 2, 2, 3, 2, 2, 2, 2, 2, 2, 2, 1, 1, 2, 2, -18 ] ], 
              [ [ 1, 2, 2, 2, 2, 2, 0, 3, 2, 2, 2, 1, 2, 3, 2, 2, 2, -18 ], [ 1, 2, 2, 2, 2, 2, 4, 1, 2, 2, 2, 3, 2, 1, 2, 2, 2, -20 ] ], 
              [ [ 1, 1, 2, 2, 2, 3, 0, 3, 4, 1, 2, 2, 3, 4, 3, 1, 2, -21 ], [ 1, 3, 2, 2, 2, 1, 4, 1, 0, 3, 2, 2, 1, 0, 1, 3, 2, -17 ] ], 
              [ [ 1, 2, 2, 2, 2, 2, 3, 1, 1, 2, 2, 1, 1, 2, 2, 3, 3, -19 ], [ 1, 2, 2, 2, 2, 2, 1, 3, 3, 2, 2, 3, 3, 2, 2, 1, 1, -19 ] ], 
              [ [ 1, 2, 2, 2, 2, 3, 3, 1, 2, 2, 3, 2, 1, 3, 1, 3, 2, -21 ], [ 1, 2, 2, 2, 2, 1, 1, 3, 2, 2, 1, 2, 3, 1, 3, 1, 2, -17 ] ], 
              [ [ 1, 3, 2, 2, 2, 0, 3, 1, 1, 3, 0, 2, 2, 1, 1, 2, 3, -17 ], [ 1, 1, 2, 2, 2, 4, 1, 3, 3, 1, 4, 2, 2, 3, 3, 2, 1, -21 ] ], 
              [ [ 1, 3, 2, 2, 2, 1, 3, 1, 2, 3, 1, 3, 2, 2, 0, 2, 2, -19 ], [ 1, 1, 2, 2, 2, 3, 1, 3, 2, 1, 3, 1, 2, 2, 4, 2, 2, -19 ] ], 
              [ [ 1, 3, 2, 2, 2, 1, 1, 2, 1, 3, 0, 1, 2, 1, 0, 2, 3, -15 ], [ 1, 1, 2, 2, 2, 3, 3, 2, 3, 1, 4, 3, 2, 3, 4, 2, 1, -23 ] ], 
              [ [ 1, 3, 2, 2, 2, 1, 2, 1, 1, 4, 0, 1, 2, 0, 1, 3, 2, -15 ], [ 1, 1, 2, 2, 2, 3, 2, 3, 3, 0, 4, 3, 2, 4, 3, 1, 2, -23 ] ], 
              [ [ 1, 3, 2, 2, 2, 1, 2, 1, 1, 2, 1, 1, 1, 2, 0, 2, 2, -15 ], [ 1, 1, 2, 2, 2, 3, 2, 3, 3, 2, 3, 3, 3, 2, 4, 2, 2, -23 ] ], 
              [ [ 1, 3, 2, 2, 2, 1, 2, 3, 1, 3, 2, 3, 2, 2, 0, 2, 3, -20 ], [ 1, 1, 2, 2, 2, 3, 2, 1, 3, 1, 2, 1, 2, 2, 4, 2, 1, -18 ] ], 
              [ [ 1, 3, 2, 2, 2, 1, 3, 0, 1, 3, 1, 1, 1, 1, 1, 3, 1, -15 ], [ 1, 1, 2, 2, 2, 3, 1, 4, 3, 1, 3, 3, 3, 3, 3, 1, 3, -23 ] ], 
              [ [ 1, 3, 2, 2, 2, 1, 3, 2, 1, 4, 2, 3, 2, 1, 1, 3, 2, -20 ], [ 1, 1, 2, 2, 2, 3, 1, 2, 3, 0, 2, 1, 2, 3, 3, 1, 2, -18 ] ], 
              [ [ 1, 3, 2, 2, 2, 1, 2, 2, 0, 3, 2, 1, 1, 1, 1, 3, 2, -16 ], [ 1, 1, 2, 2, 2, 3, 2, 2, 4, 1, 2, 3, 3, 3, 3, 1, 2, -22 ] ], 
              [ [ 1, 1, 2, 2, 2, 4, 3, 0, 3, 1, 3, 1, 1, 3, 3, 3, 1, -20 ], [ 1, 3, 2, 2, 2, 0, 1, 4, 1, 3, 1, 3, 3, 1, 1, 1, 3, -18 ] ], 
              [ [ 1, 1, 2, 2, 2, 4, 3, 2, 3, 2, 4, 3, 2, 3, 3, 3, 2, -25 ], [ 1, 3, 2, 2, 2, 0, 1, 2, 1, 2, 0, 1, 2, 1, 1, 1, 2, -13 ] ], 
              [ [ 1, 1, 2, 2, 2, 3, 4, 1, 2, 1, 4, 2, 1, 3, 4, 3, 2, -23 ], [ 1, 3, 2, 2, 2, 1, 0, 3, 2, 3, 0, 2, 3, 1, 0, 1, 2, -15 ] ], 
              [ [ 1, 1, 2, 2, 2, 4, 2, 2, 2, 1, 4, 1, 1, 3, 3, 3, 2, -21 ], [ 1, 3, 2, 2, 2, 0, 2, 2, 2, 3, 0, 3, 3, 1, 1, 1, 2, -17 ] ], 
              [ [ 1, 2, 2, 2, 2, 2, 2, 1, 3, 1, 1, 2, 2, 3, 1, 1, 2, -18 ], [ 1, 2, 2, 2, 2, 2, 2, 3, 1, 3, 3, 2, 2, 1, 3, 3, 2, -20 ] ], 
              [ [ 1, 2, 2, 2, 2, 2, 2, 3, 3, 2, 2, 4, 3, 3, 1, 1, 3, -23 ], [ 1, 2, 2, 2, 2, 2, 2, 1, 1, 2, 2, 0, 1, 1, 3, 3, 1, -15 ] ], 
              [ [ 1, 2, 2, 2, 2, 1, 3, 2, 2, 1, 2, 3, 2, 3, 2, 1, 3, -21 ], [ 1, 2, 2, 2, 2, 3, 1, 2, 2, 3, 2, 1, 2, 1, 2, 3, 1, -17 ] ], 
              [ [ 1, 2, 2, 2, 2, 2, 3, 0, 3, 2, 1, 2, 2, 2, 2, 2, 1, -18 ], [ 1, 2, 2, 2, 2, 2, 1, 4, 1, 2, 3, 2, 2, 2, 2, 2, 3, -20 ] ], 
              [ [ 1, 2, 2, 2, 2, 2, 3, 2, 3, 3, 2, 4, 3, 2, 2, 2, 2, -23 ], [ 1, 2, 2, 2, 2, 2, 1, 2, 1, 1, 2, 0, 1, 2, 2, 2, 2, -15 ] ], 
              [ [ 1, 2, 2, 2, 2, 1, 4, 1, 2, 2, 2, 3, 2, 2, 3, 2, 2, -21 ], [ 1, 2, 2, 2, 2, 3, 0, 3, 2, 2, 2, 1, 2, 2, 1, 2, 2, -17 ] ], 
              [ [ 1, 2, 2, 2, 2, 2, 1, 1, 2, 2, 0, 0, 2, 1, 2, 2, 2, -14 ], [ 1, 2, 2, 2, 2, 2, 3, 3, 2, 2, 4, 4, 2, 3, 2, 2, 2, -24 ] ], 
              [ [ 1, 2, 2, 2, 2, 2, 1, 3, 2, 3, 1, 2, 3, 1, 2, 2, 3, -19 ], [ 1, 2, 2, 2, 2, 2, 3, 1, 2, 1, 3, 2, 1, 3, 2, 2, 1, -19 ] ], 
              [ [ 1, 2, 2, 2, 2, 1, 2, 2, 1, 2, 1, 1, 2, 1, 3, 2, 3, -17 ], [ 1, 2, 2, 2, 2, 3, 2, 2, 3, 2, 3, 3, 2, 3, 1, 2, 1, -21 ] ], 
              [ [ 1, 2, 2, 2, 2, 2, 1, 3, 2, 1, 2, 2, 2, 3, 1, 1, 3, -19 ], [ 1, 2, 2, 2, 2, 2, 3, 1, 2, 3, 2, 2, 2, 1, 3, 3, 1, -19 ] ], 
              [ [ 1, 2, 2, 2, 2, 3, 1, 1, 3, 2, 1, 1, 2, 2, 1, 2, 1, -16 ], [ 1, 2, 2, 2, 2, 1, 3, 3, 1, 2, 3, 3, 2, 2, 3, 2, 3, -22 ] ], 
              [ [ 1, 2, 2, 2, 2, 3, 1, 3, 3, 3, 2, 3, 3, 2, 1, 2, 2, -21 ], [ 1, 2, 2, 2, 2, 1, 3, 1, 1, 1, 2, 1, 1, 2, 3, 2, 2, -17 ] ], 
              [ [ 1, 2, 2, 2, 2, 2, 2, 0, 2, 1, 1, 0, 1, 2, 2, 2, 1, -14 ], [ 1, 2, 2, 2, 2, 2, 2, 4, 2, 3, 3, 4, 3, 2, 2, 2, 3, -24 ] ] ],
          slins := [  ] ), 
      [ [ [ -113409210, -22304010, -224628030, -182575294, -11854718, -69832362, -194767666, -123876682, -209478826, -152368150, -157369222, -189346822, 
                  -42746314, -210500942, -103854194, -127034298, -243637558, -244513652 ], 
              [ -22304010, -4386498, -44177269, -35906819, -2331449, -13733829, -38304675, -24362649, -41197897, -29966023, -30949575, -37238563, 
                  -8406855, -41398915, -20424853, -24983651, -47915843, -48088144 ], 
              [ -224628030, -44177269, -444917886, -361624573, -23480469, -138316065, -385773849, -245360991, -414912047, -301793653, -311699193, 
                  -375036817, -84667073, -416936537, -205702669, -251615217, -482569785, -484305064 ], 
              [ -182575294, -35906819, -361624573, -293924646, -19084677, -112421841, -313552923, -199426831, -337236143, -245294703, -253345821, 
                  -304825975, -68816505, -338881627, -167192963, -204510199, -392227639, -393638056 ], 
              [ -11854718, -2331449, -23480469, -19084677, -1239182, -7299609, -20359151, -12948883, -21896917, -15927113, -16449879, -19792511, -4468293, 
                  -22003759, -10855927, -13278953, -25467547, -25559124 ], [ -69832362, -13733829, -138316065, -112421841, -7299609, -42999698, 
                  -119929369, -76277821, -128987851, -93821607, -96901041, -116591441, -26321299, -129617225, -63948843, -78222135, -150021289, -150560752 
                 ], [ -194767666, -38304675, -385773849, -313552923, -20359151, -119929369, -334491978, -212744549, -359756761, -261675475, -270264245, 
                  -325182243, -73412069, -361512131, -178358103, -218167383, -418420587, -419925192 ], 
              [ -123876682, -24362649, -245360991, -199426831, -12948883, -76277821, -212744549, -135310402, -228813527, -166431585, -171894237, 
                  -206823341, -46691753, -229929983, -113439831, -138759445, -266125059, -267082024 ], 
              [ -209478826, -41197897, -414912047, -337236143, -21896917, -128987851, -359756761, -228813527, -386929842, -281440299, -290677797, 
                  -349743849, -78957017, -388817797, -191829815, -234645961, -450024655, -451642904 ], 
              [ -152368150, -29966023, -301793653, -245294703, -15927113, -93821607, -261675475, -166431585, -281440299, -204710606, -211429665, 
                  -254392407, -57430791, -282813537, -139530827, -170673911, -327333435, -328510496 ], 
              [ -157369222, -30949575, -311699193, -253345821, -16449879, -96901041, -270264245, -171894237, -290677797, -211429665, -218369262, 
                  -262742135, -59315799, -292096107, -144110541, -176275809, -338077251, -339292944 ], 
              [ -189346822, -37238563, -375036817, -304825975, -19792511, -116591441, -325182243, -206823341, -349743849, -254392407, -262742135, 
                  -316131630, -71368833, -351450363, -173393963, -212095251, -406774923, -408237648 ], 
              [ -42746314, -8406855, -84667073, -68816505, -4468293, -26321299, -73412069, -46691753, -78957017, -57430791, -59315799, -71368833, 
                  -16111994, -79342273, -39144849, -47881923, -91832165, -92162384 ], 
              [ -210500942, -41398915, -416936537, -338881627, -22003759, -129617225, -361512131, -229929983, -388817797, -282813537, -292096107, 
                  -351450363, -79342273, -390714966, -192765815, -235790875, -452220471, -453846616 ], 
              [ -103854194, -20424853, -205702669, -167192963, -10855927, -63948843, -178358103, -113439831, -191829815, -139530827, -144110541, 
                  -173393963, -39144849, -192765815, -95104266, -116331403, -223110595, -223912880 ], 
              [ -127034298, -24983651, -251615217, -204510199, -13278953, -78222135, -218167383, -138759445, -234645961, -170673911, -176275809, 
                  -212095251, -47881923, -235790875, -116331403, -142296410, -272908565, -273889920 ], 
              [ -243637558, -47915843, -482569785, -392227639, -25467547, -150021289, -418420587, -266125059, -450024655, -327333435, -338077251, 
                  -406774923, -91832165, -452220471, -223110595, -272908565, -523408046, -525290172 ], 
              [ -244513652, -48088144, -484305064, -393638056, -25559124, -150560752, -419925192, -267082024, -451642904, -328510496, -339292944, 
                  -408237648, -92162384, -453846616, -223912880, -273889920, -525290172, -527179068 ] ], 
          [ 1, 2, 2, 2, 2, 2, 2, 2, 2, 2, 2, 2, 2, 2, 2, 2, 2, -19 ] ] ], [ rec(
          nopss := [ 0, 166 ],
          scons := [ [ [ 1, 2, 2, 2, 2, 2, 2, 2, 2, 3, 2, 2, 1, 3, 2, 3, 2, -17 ], [ 1, 2, 2, 2, 2, 2, 2, 2, 2, 1, 2, 2, 3, 1, 2, 1, 2, -15 ] ], 
              [ [ 1, 2, 2, 2, 2, 2, 2, 2, 2, 3, 2, 3, 2, 2, 1, 3, 2, -18 ], [ 1, 2, 2, 2, 2, 2, 2, 2, 2, 1, 2, 1, 2, 2, 3, 1, 2, -14 ] ], 
              [ [ 1, 2, 2, 2, 2, 3, 3, 2, 2, 3, 2, 2, 2, 2, 2, 3, 2, -18 ], [ 1, 2, 2, 2, 2, 1, 1, 2, 2, 1, 2, 2, 2, 2, 2, 1, 2, -14 ] ], 
              [ [ 1, 2, 2, 1, 2, 1, 1, 3, 2, 4, 2, 1, 2, 0, 3, 3, 1, -15 ], [ 1, 2, 2, 3, 2, 3, 3, 1, 2, 0, 2, 3, 2, 4, 1, 1, 3, -17 ] ], 
              [ [ 1, 3, 2, 2, 2, 2, 2, 2, 3, 3, 2, 2, 1, 2, 2, 2, 2, -17 ], [ 1, 1, 2, 2, 2, 2, 2, 2, 1, 1, 2, 2, 3, 2, 2, 2, 2, -15 ] ], 
              [ [ 1, 2, 1, 3, 3, 1, 1, 3, 2, 4, 1, 1, 2, 1, 3, 3, 1, -16 ], [ 1, 2, 3, 1, 1, 3, 3, 1, 2, 0, 3, 3, 2, 3, 1, 1, 3, -16 ] ], 
              [ [ 1, 1, 0, 2, 1, 1, 1, 3, 3, 4, 2, 1, 3, 1, 2, 3, 1, -16 ], [ 1, 3, 4, 2, 3, 3, 3, 1, 1, 0, 2, 3, 1, 3, 2, 1, 3, -16 ] ], 
              [ [ 1, 2, 4, 1, 2, 2, 2, 2, 2, 3, 1, 2, 2, 2, 1, 2, 2, -16 ], [ 1, 2, 0, 3, 2, 2, 2, 2, 2, 1, 3, 2, 2, 2, 3, 2, 2, -16 ] ], 
              [ [ 1, 2, 2, 2, 2, 2, 3, 2, 3, 3, 1, 2, 2, 2, 2, 2, 2, -17 ], [ 1, 2, 2, 2, 2, 2, 1, 2, 1, 1, 3, 2, 2, 2, 2, 2, 2, -15 ] ], 
              [ [ 1, 2, 2, 2, 1, 3, 2, 2, 3, 3, 2, 1, 2, 3, 1, 2, 2, -17 ], [ 1, 2, 2, 2, 3, 1, 2, 2, 1, 1, 2, 3, 2, 1, 3, 2, 2, -15 ] ], 
              [ [ 1, 1, 1, 3, 2, 3, 2, 2, 2, 3, 2, 2, 1, 2, 1, 2, 2, -17 ], [ 1, 3, 3, 1, 2, 1, 2, 2, 2, 1, 2, 2, 3, 2, 3, 2, 2, -15 ] ], 
              [ [ 1, 2, 2, 2, 2, 2, 2, 1, 2, 3, 2, 2, 2, 2, 2, 3, 3, -17 ], [ 1, 2, 2, 2, 2, 2, 2, 3, 2, 1, 2, 2, 2, 2, 2, 1, 1, -15 ] ], 
              [ [ 1, 3, 3, 3, 3, 3, 2, 2, 2, 3, 1, 2, 2, 2, 1, 2, 2, -18 ], [ 1, 1, 1, 1, 1, 1, 2, 2, 2, 1, 3, 2, 2, 2, 3, 2, 2, -14 ] ], 
              [ [ 1, 3, 3, 0, 1, 2, 2, 2, 3, 3, 3, 2, 3, 4, 2, 2, 2, -18 ], [ 1, 1, 1, 4, 3, 2, 2, 2, 1, 1, 1, 2, 1, 0, 2, 2, 2, -14 ] ], 
              [ [ 1, 1, 1, 3, 3, 1, 1, 3, 1, 6, 3, 1, 3, 1, 3, 1, 1, -18 ], [ 1, 3, 3, 1, 1, 3, 3, 1, 3, -2, 1, 3, 1, 3, 1, 3, 3, -14 ] ], 
              [ [ 1, 2, 2, 4, 2, 3, 1, 1, 2, 4, 2, 1, 2, 3, 1, 1, 1, -17 ], [ 1, 2, 2, 0, 2, 1, 3, 3, 2, 0, 2, 3, 2, 1, 3, 3, 3, -15 ] ], 
              [ [ 1, 2, 2, 0, 2, 1, 3, 3, 2, 1, 2, 3, 1, 2, 3, 4, 3, -16 ], [ 1, 2, 2, 4, 2, 3, 1, 1, 2, 3, 2, 1, 3, 2, 1, 0, 1, -16 ] ], 
              [ [ 1, 1, 2, 2, 2, 4, 1, 3, 3, 1, 0, 3, 1, 1, 3, 3, 3, -17 ], [ 1, 3, 2, 2, 2, 0, 3, 1, 1, 3, 4, 1, 3, 3, 1, 1, 1, -15 ] ], 
              [ [ 1, 3, 1, 1, 1, 1, 1, 3, 3, 1, 1, 1, 3, 1, 3, 6, 1, -14 ], [ 1, 1, 3, 3, 3, 3, 3, 1, 1, 3, 3, 3, 1, 3, 1, -2, 3, -18 ] ], 
              [ [ 1, 3, 3, 0, 1, 2, 2, 2, 3, 0, 1, 2, 1, 1, 2, 4, 2, -13 ], [ 1, 1, 1, 4, 3, 2, 2, 2, 1, 4, 3, 2, 3, 3, 2, 0, 2, -19 ] ], 
              [ [ 1, 3, 2, 0, 2, 1, 3, 3, 3, 1, 2, 3, 1, 1, 3, 3, 3, -16 ], [ 1, 1, 2, 4, 2, 3, 1, 1, 1, 3, 2, 1, 3, 3, 1, 1, 1, -16 ] ], 
              [ [ 1, 2, 1, 1, 3, 0, 2, 4, 2, 2, 1, 2, 2, 0, 4, 4, 2, -15 ], [ 1, 2, 3, 3, 1, 4, 2, 0, 2, 2, 3, 2, 2, 4, 0, 0, 2, -17 ] ], 
              [ [ 1, 2, 1, 1, 2, 1, 1, 4, 2, 2, 2, 1, 2, 1, 3, 4, 2, -15 ], [ 1, 2, 3, 3, 2, 3, 3, 0, 2, 2, 2, 3, 2, 3, 1, 0, 2, -17 ] ], 
              [ [ 1, 3, 3, 1, 3, 1, 2, 3, 2, 1, 1, 3, 1, 2, 2, 3, 3, -16 ], [ 1, 1, 1, 3, 1, 3, 2, 1, 2, 3, 3, 1, 3, 2, 2, 1, 1, -16 ] ], 
              [ [ 1, 3, 2, 2, 2, 2, 2, 2, 3, 0, 0, 2, 1, 2, 2, 4, 2, -14 ], [ 1, 1, 2, 2, 2, 2, 2, 2, 1, 4, 4, 2, 3, 2, 2, 0, 2, -18 ] ], 
              [ [ 1, 3, 3, 1, 3, 2, 3, 3, 2, 1, 1, 2, 1, 2, 3, 3, 3, -16 ], [ 1, 1, 1, 3, 1, 2, 1, 1, 2, 3, 3, 2, 3, 2, 1, 1, 1, -16 ] ], 
              [ [ 1, 2, 1, 1, 0, 2, 2, 2, 4, 0, 1, 2, 2, 2, 1, 4, 2, -14 ], [ 1, 2, 3, 3, 4, 2, 2, 2, 0, 4, 3, 2, 2, 2, 3, 0, 2, -18 ] ], 
              [ [ 1, 2, 2, 0, 1, 2, 3, 3, 3, 1, 2, 2, 2, 2, 2, 3, 3, -16 ], [ 1, 2, 2, 4, 3, 2, 1, 1, 1, 3, 2, 2, 2, 2, 2, 1, 1, -16 ] ], 
              [ [ 1, 1, 1, 1, 2, 2, 3, 3, 2, 1, 2, 3, 1, 1, 2, 3, 3, -16 ], [ 1, 3, 3, 3, 2, 2, 1, 1, 2, 3, 2, 1, 3, 3, 2, 1, 1, -16 ] ], 
              [ [ 1, 3, 3, 1, 3, 2, 3, 3, 2, 1, 1, 3, 2, 1, 2, 3, 3, -17 ], [ 1, 1, 1, 3, 1, 2, 1, 1, 2, 3, 3, 1, 2, 3, 2, 1, 1, -15 ] ], 
              [ [ 1, 3, 3, -2, 1, 1, 3, 3, 3, 1, 3, 3, 3, 3, 3, 3, 3, -17 ], [ 1, 1, 1, 6, 3, 3, 1, 1, 1, 3, 1, 1, 1, 1, 1, 1, 1, -15 ] ], 
              [ [ 1, 3, 2, 0, 2, 1, 3, 3, 3, 1, 2, 3, 3, 4, 3, 3, 3, -18 ], [ 1, 1, 2, 4, 2, 3, 1, 1, 1, 3, 2, 1, 1, 0, 1, 1, 1, -14 ] ], 
              [ [ 1, 4, 2, 0, 2, 2, 3, 3, 3, 1, 3, 3, 3, 3, 3, 3, 3, -19 ], [ 1, 0, 2, 4, 2, 2, 1, 1, 1, 3, 1, 1, 1, 1, 1, 1, 1, -13 ] ], 
              [ [ 1, 1, 2, 2, 4, 1, 3, 3, 3, 1, 2, 1, 1, 1, 0, 3, 3, -15 ], [ 1, 3, 2, 2, 0, 3, 1, 1, 1, 3, 2, 3, 3, 3, 4, 1, 1, -17 ] ], 
              [ [ 1, 1, 1, 1, 3, 1, 1, 6, 3, 3, 3, 1, 3, 1, 3, 3, 3, -19 ], [ 1, 3, 3, 3, 1, 3, 3, -2, 1, 1, 1, 3, 1, 3, 1, 1, 1, -13 ] ], 
              [ [ 1, 2, 2, 2, 2, 3, 1, 4, 4, 1, 2, 1, 2, 3, 1, 3, 3, -18 ], [ 1, 2, 2, 2, 2, 1, 3, 0, 0, 3, 2, 3, 2, 1, 3, 1, 1, -14 ] ], 
              [ [ 1, 1, 1, 1, 1, 3, 1, 3, 6, 1, 3, 1, 3, 3, 1, 3, 3, -18 ], [ 1, 3, 3, 3, 3, 1, 3, 1, -2, 3, 1, 3, 1, 1, 3, 1, 1, -14 ] ], 
              [ [ 1, 0, 1, 1, 3, 3, 2, 4, 4, 2, 4, 2, 2, 2, 2, 2, 4, -20 ], [ 1, 4, 3, 3, 1, 1, 2, 0, 0, 2, 0, 2, 2, 2, 2, 2, 0, -12 ] ], 
              [ [ 1, 2, 1, 1, 3, 1, 3, 3, 4, 1, 4, 1, 2, 3, 1, 3, 3, -17 ], [ 1, 2, 3, 3, 1, 3, 1, 1, 0, 3, 0, 3, 2, 1, 3, 1, 1, -15 ] ], 
              [ [ 1, 1, 3, 1, 3, 3, 3, 3, 3, 1, 3, 3, 1, 3, 1, 1, 6, -20 ], [ 1, 3, 1, 3, 1, 1, 1, 1, 1, 3, 1, 1, 3, 1, 3, 3, -2, -12 ] ], 
              [ [ 1, 2, 2, 2, 2, 3, 1, 3, 4, 1, 2, 1, 3, 2, 1, 3, 4, -18 ], [ 1, 2, 2, 2, 2, 1, 3, 1, 0, 3, 2, 3, 1, 2, 3, 1, 0, -14 ] ], 
              [ [ 1, 3, 3, 3, 1, 3, 1, 1, 1, 1, -2, 3, 1, 1, 3, 3, 1, -13 ], [ 1, 1, 1, 1, 3, 1, 3, 3, 3, 3, 6, 1, 3, 3, 1, 1, 3, -19 ] ], 
              [ [ 1, 3, 2, 2, 1, 1, 3, 1, 0, 1, 0, 3, 1, 1, 2, 3, 1, -12 ], [ 1, 1, 2, 2, 3, 3, 1, 3, 4, 3, 4, 1, 3, 3, 2, 1, 3, -20 ] ], 
              [ [ 1, 3, 2, 2, 2, 1, 3, 0, 1, 1, 0, 3, 1, 1, 3, 3, 1, -12 ], [ 1, 1, 2, 2, 2, 3, 1, 4, 3, 3, 4, 1, 3, 3, 1, 1, 3, -20 ] ], 
              [ [ 1, 3, 2, 2, 1, 2, 2, 0, 1, 1, 1, 2, 1, 2, 2, 3, 1, -12 ], [ 1, 1, 2, 2, 3, 2, 2, 4, 3, 3, 3, 2, 3, 2, 2, 1, 3, -20 ] ], 
              [ [ 1, 3, 1, 1, 1, 1, 1, 3, 1, 3, 1, 3, 3, 1, 6, 3, 1, -16 ], [ 1, 1, 3, 3, 3, 3, 3, 1, 3, 1, 3, 1, 1, 3, -2, 1, 3, -16 ] ], 
              [ [ 1, 4, 3, 1, 1, 2, 1, 2, 1, 2, 1, 4, 2, 3, 4, 2, 2, -17 ], [ 1, 0, 1, 3, 3, 2, 3, 2, 3, 2, 3, 0, 2, 1, 0, 2, 2, -15 ] ], 
              [ [ 1, 4, 2, 2, 0, 3, 1, 1, 2, 1, 0, 3, 2, 3, 4, 3, 1, -15 ], [ 1, 0, 2, 2, 4, 1, 3, 3, 2, 3, 4, 1, 2, 1, 0, 1, 3, -17 ] ], 
              [ [ 1, 3, 1, 1, -2, 3, 1, 1, 3, 1, 1, 3, 3, 3, 3, 3, 1, -15 ], [ 1, 1, 3, 3, 6, 1, 3, 3, 1, 3, 3, 1, 1, 1, 1, 1, 3, -17 ] ], 
              [ [ 1, 3, 3, 1, 1, 2, 2, 2, 1, 2, 0, 4, 3, 3, 4, 2, 2, -17 ], [ 1, 1, 1, 3, 3, 2, 2, 2, 3, 2, 4, 0, 1, 1, 0, 2, 2, -15 ] ], 
              [ [ 1, 2, 1, 1, 0, 3, 2, 2, 1, 2, 2, 4, 2, 2, 4, 2, 2, -17 ], [ 1, 2, 3, 3, 4, 1, 2, 2, 3, 2, 2, 0, 2, 2, 0, 2, 2, -15 ] ], 
              [ [ 1, 3, 3, 1, 1, 3, 3, 1, 1, 1, 1, 6, 1, 3, 3, 1, 3, -18 ], [ 1, 1, 1, 3, 3, 1, 1, 3, 3, 3, 3, -2, 3, 1, 1, 3, 1, -14 ] ], 
              [ [ 1, 2, 1, 1, 0, 2, 2, 2, 2, 2, 1, 4, 2, 2, 4, 1, 2, -16 ], [ 1, 2, 3, 3, 4, 2, 2, 2, 2, 2, 3, 0, 2, 2, 0, 3, 2, -16 ] ], 
              [ [ 1, 4, 1, 1, 0, 1, 3, 1, 1, 1, 2, 3, 2, 3, 3, 3, 1, -14 ], [ 1, 0, 3, 3, 4, 3, 1, 3, 3, 3, 2, 1, 2, 1, 1, 1, 3, -18 ] ], 
              [ [ 1, 4, 2, 2, 0, 3, 1, 1, 2, 1, 0, 4, 3, 2, 3, 3, 1, -16 ], [ 1, 0, 2, 2, 4, 1, 3, 3, 2, 3, 4, 0, 1, 2, 1, 1, 3, -16 ] ], 
              [ [ 1, 4, 3, 1, 1, 3, 2, 2, 1, 2, 1, 4, 3, 2, 4, 2, 2, -18 ], [ 1, 0, 1, 3, 3, 1, 2, 2, 3, 2, 3, 0, 1, 2, 0, 2, 2, -14 ] ], 
              [ [ 1, 3, 2, 2, 1, 3, 1, 2, 1, 2, 1, 4, 2, 2, 3, 1, 2, -17 ], [ 1, 1, 2, 2, 3, 1, 3, 2, 3, 2, 3, 0, 2, 2, 1, 3, 2, -15 ] ], 
              [ [ 1, 6, 3, 1, 1, 1, 3, 1, 1, 1, 1, 3, 3, 3, 3, 3, 1, -15 ], [ 1, -2, 1, 3, 3, 3, 1, 3, 3, 3, 3, 1, 1, 1, 1, 1, 3, -17 ] ], 
              [ [ 1, 1, 2, 2, 2, 2, 2, 2, 1, 2, 2, 2, 0, 0, 2, 3, 2, -14 ], [ 1, 3, 2, 2, 2, 2, 2, 2, 3, 2, 2, 2, 4, 4, 2, 1, 2, -18 ] ], 
              [ [ 1, 1, 1, 4, 3, 2, 2, 2, 1, 2, 1, 2, 0, 1, 2, 3, 2, -15 ], [ 1, 3, 3, 0, 1, 2, 2, 2, 3, 2, 3, 2, 4, 3, 2, 1, 2, -17 ] ], 
              [ [ 1, 1, 2, 2, 2, 1, 2, 2, 2, 2, 1, 2, 0, 0, 2, 2, 2, -13 ], [ 1, 3, 2, 2, 2, 3, 2, 2, 2, 2, 3, 2, 4, 4, 2, 2, 2, -19 ] ], 
              [ [ 1, 1, 3, 3, 3, 2, 2, 2, 1, 2, 0, 1, 0, 1, 2, 2, 2, -13 ], [ 1, 3, 1, 1, 1, 2, 2, 2, 3, 2, 4, 3, 4, 3, 2, 2, 2, -19 ] ], 
              [ [ 1, 1, 3, 3, 3, 3, 3, 1, 1, 1, 1, 3, -2, 1, 1, 1, 3, -14 ], [ 1, 3, 1, 1, 1, 1, 1, 3, 3, 3, 3, 1, 6, 3, 3, 3, 1, -18 ] ], 
              [ [ 1, 1, 1, 3, 3, 1, 1, 3, 1, 3, 1, 1, 1, -2, 3, 3, 1, -13 ], [ 1, 3, 3, 1, 1, 3, 3, 1, 3, 1, 3, 3, 3, 6, 1, 1, 3, -19 ] ], 
              [ [ 1, 2, 3, 3, 3, 2, 1, 2, 1, 2, 1, 2, 0, 0, 1, 2, 2, -14 ], [ 1, 2, 1, 1, 1, 2, 3, 2, 3, 2, 3, 2, 4, 4, 3, 2, 2, -18 ] ], 
              [ [ 1, 2, 2, 4, 2, 3, 1, 1, 2, 1, 0, 1, 0, 0, 1, 3, 1, -12 ], [ 1, 2, 2, 0, 2, 1, 3, 3, 2, 3, 4, 3, 4, 4, 3, 1, 3, -20 ] ], 
              [ [ 1, 2, 1, 4, 3, 2, 2, 2, 2, 2, 1, 2, 0, 0, 2, 2, 2, -15 ], [ 1, 2, 3, 0, 1, 2, 2, 2, 2, 2, 3, 2, 4, 4, 2, 2, 2, -17 ] ], 
              [ [ 1, 2, 3, 3, 3, 3, 2, 2, 1, 2, 1, 1, 0, 0, 2, 2, 2, -14 ], [ 1, 2, 1, 1, 1, 1, 2, 2, 3, 2, 3, 3, 4, 4, 2, 2, 2, -18 ] ], 
              [ [ 1, 1, 3, 3, 3, 2, 2, 2, 1, 2, 0, 2, 1, 0, 1, 2, 2, -14 ], [ 1, 3, 1, 1, 1, 2, 2, 2, 3, 2, 4, 2, 3, 4, 3, 2, 2, -18 ] ], 
              [ [ 1, 1, 1, 4, 2, 3, 2, 2, 2, 2, 1, 1, 1, 1, 1, 2, 2, -15 ], [ 1, 3, 3, 0, 2, 1, 2, 2, 2, 2, 3, 3, 3, 3, 3, 2, 2, -17 ] ], 
              [ [ 1, 1, 3, 3, 3, 3, 1, 1, 2, 2, 1, 1, 1, 1, 1, 2, 2, -14 ], [ 1, 3, 1, 1, 1, 1, 3, 3, 2, 2, 3, 3, 3, 3, 3, 2, 2, -18 ] ], 
              [ [ 1, 2, 2, 2, 2, 2, 2, 3, 2, 2, 2, 2, 1, 3, 2, 2, 1, -16 ], [ 1, 2, 2, 2, 2, 2, 2, 1, 2, 2, 2, 2, 3, 1, 2, 2, 3, -16 ] ], 
              [ [ 1, 1, 1, 1, 1, 2, 2, 2, 4, 2, 3, 2, 2, 3, 2, 2, 1, -16 ], [ 1, 3, 3, 3, 3, 2, 2, 2, 0, 2, 1, 2, 2, 1, 2, 2, 3, -16 ] ], 
              [ [ 1, 1, 2, 2, 1, 3, 0, 2, 3, 2, 1, 3, 2, 2, 3, 3, 2, -17 ], [ 1, 3, 2, 2, 3, 1, 4, 2, 1, 2, 3, 1, 2, 2, 1, 1, 2, -15 ] ], 
              [ [ 1, 0, 2, 2, 2, 3, 0, 3, 2, 3, 2, 3, 1, 2, 3, 1, 3, -18 ], [ 1, 4, 2, 2, 2, 1, 4, 1, 2, 1, 2, 1, 3, 2, 1, 3, 1, -14 ] ], 
              [ [ 1, 0, 1, 3, 1, 4, 0, 2, 3, 2, 1, 2, 1, 2, 3, 2, 2, -16 ], [ 1, 4, 3, 1, 3, 0, 4, 2, 1, 2, 3, 2, 3, 2, 1, 2, 2, -16 ] ], 
              [ [ 1, 3, 3, 1, 2, 1, 2, 2, 2, 2, 2, 2, 2, 3, 3, 3, 2, -16 ], [ 1, 1, 1, 3, 2, 3, 2, 2, 2, 2, 2, 2, 2, 1, 1, 1, 2, -16 ] ], 
              [ [ 1, 2, 2, 2, 3, 1, 2, 2, 1, 2, 2, 3, 1, 2, 3, 3, 2, -16 ], [ 1, 2, 2, 2, 1, 3, 2, 2, 3, 2, 2, 1, 3, 2, 1, 1, 2, -16 ] ], 
              [ [ 1, 1, 1, 1, 1, 1, 2, 2, 2, 2, 3, 3, 2, 2, 2, 3, 2, -16 ], [ 1, 3, 3, 3, 3, 3, 2, 2, 2, 2, 1, 1, 2, 2, 2, 1, 2, -16 ] ], 
              [ [ 1, 1, 1, 1, 1, 2, 3, 2, 2, 2, 3, 2, 2, 2, 3, 3, 2, -16 ], [ 1, 3, 3, 3, 3, 2, 1, 2, 2, 2, 1, 2, 2, 2, 1, 1, 2, -16 ] ], 
              [ [ 1, 2, 3, 1, 2, 2, 4, 1, 2, 1, 2, 4, 1, 3, 2, 2, 3, -17 ], [ 1, 2, 1, 3, 2, 2, 0, 3, 2, 3, 2, 0, 3, 1, 2, 2, 1, -15 ] ], 
              [ [ 1, 2, 3, 1, 1, 3, 3, 1, 2, 1, 3, 3, 1, 4, 1, 2, 3, -17 ], [ 1, 2, 1, 3, 3, 1, 1, 3, 2, 3, 1, 1, 3, 0, 3, 2, 1, -15 ] ], 
              [ [ 1, 1, 2, 2, 2, 2, 2, 2, 1, 2, 2, 2, 2, 3, 2, 3, 2, -16 ], [ 1, 3, 2, 2, 2, 2, 2, 2, 3, 2, 2, 2, 2, 1, 2, 1, 2, -16 ] ], 
              [ [ 1, 2, 1, 1, 1, 1, 2, 2, 3, 2, 3, 2, 1, 2, 3, 2, 2, -15 ], [ 1, 2, 3, 3, 3, 3, 2, 2, 1, 2, 1, 2, 3, 2, 1, 2, 2, -17 ] ], 
              [ [ 1, 1, 0, 2, 2, 0, 1, 3, 2, 3, 2, 1, 2, 1, 4, 3, 1, -14 ], [ 1, 3, 4, 2, 2, 4, 3, 1, 2, 1, 2, 3, 2, 3, 0, 1, 3, -18 ] ], 
              [ [ 1, 2, 2, 2, 2, 1, 3, 3, 1, 2, 1, 2, 1, 2, 3, 2, 2, -15 ], [ 1, 2, 2, 2, 2, 3, 1, 1, 3, 2, 3, 2, 3, 2, 1, 2, 2, -17 ] ], 
              [ [ 1, 2, 4, 1, 3, 1, 2, 2, 1, 2, 1, 2, 1, 2, 3, 2, 2, -14 ], [ 1, 2, 0, 3, 1, 3, 2, 2, 3, 2, 3, 2, 3, 2, 1, 2, 2, -18 ] ], 
              [ [ 1, 2, 2, 2, 2, 1, 1, 2, 2, 2, 2, 2, 1, 3, 2, 2, 2, -15 ], [ 1, 2, 2, 2, 2, 3, 3, 2, 2, 2, 2, 2, 3, 1, 2, 2, 2, -17 ] ], 
              [ [ 1, 2, 2, 2, 2, 2, 2, 2, 2, 2, 2, 1, 1, 3, 3, 2, 2, -15 ], [ 1, 2, 2, 2, 2, 2, 2, 2, 2, 2, 2, 3, 3, 1, 1, 2, 2, -17 ] ], 
              [ [ 1, 1, 3, 0, 1, 1, 2, 2, 2, 2, 2, 2, 2, 2, 2, 2, 2, -14 ], [ 1, 3, 1, 4, 3, 3, 2, 2, 2, 2, 2, 2, 2, 2, 2, 2, 2, -18 ] ], 
              [ [ 1, 1, 1, 1, 1, 1, 3, 2, 3, 2, 2, 2, 2, 2, 3, 2, 2, -15 ], [ 1, 3, 3, 3, 3, 3, 1, 2, 1, 2, 2, 2, 2, 2, 1, 2, 2, -17 ] ], 
              [ [ 1, 1, 1, 1, 0, 2, 2, 2, 3, 2, 3, 1, 2, 3, 2, 2, 2, -15 ], [ 1, 3, 3, 3, 4, 2, 2, 2, 1, 2, 1, 3, 2, 1, 2, 2, 2, -17 ] ], 
              [ [ 1, 2, 3, 1, 1, 2, 3, 1, 3, 1, 2, 3, 1, 4, 1, 1, 3, -16 ], [ 1, 2, 1, 3, 3, 2, 1, 3, 1, 3, 2, 1, 3, 0, 3, 3, 1, -16 ] ], 
              [ [ 1, 1, 2, 2, 2, 1, 2, 2, 2, 2, 1, 2, 2, 3, 2, 2, 2, -15 ], [ 1, 3, 2, 2, 2, 3, 2, 2, 2, 2, 3, 2, 2, 1, 2, 2, 2, -17 ] ], 
              [ [ 1, 0, 0, 2, 1, 2, 2, 2, 2, 2, 3, 2, 1, 2, 2, 2, 2, -15 ], [ 1, 4, 4, 2, 3, 2, 2, 2, 2, 2, 1, 2, 3, 2, 2, 2, 2, -17 ] ], 
              [ [ 1, 1, 2, 2, 2, 2, 3, 1, 2, 1, 2, 4, 0, 3, 1, 1, 3, -16 ], [ 1, 3, 2, 2, 2, 2, 1, 3, 2, 3, 2, 0, 4, 1, 3, 3, 1, -16 ] ], 
              [ [ 1, 1, 4, 1, 2, 3, 3, 1, 1, 1, 2, 3, 0, 3, 1, 1, 3, -15 ], [ 1, 3, 0, 3, 2, 1, 1, 3, 3, 3, 2, 1, 4, 1, 3, 3, 1, -17 ] ], 
              [ [ 1, 1, 3, 1, 3, 2, 4, 2, 1, 2, 3, 4, 0, 3, 2, 0, 4, -18 ], [ 1, 3, 1, 3, 1, 2, 0, 2, 3, 2, 1, 0, 4, 1, 2, 4, 0, -14 ] ], 
              [ [ 1, 1, 2, 2, 2, 3, 4, 1, 2, 1, 2, 3, 0, 3, 2, 1, 3, -16 ], [ 1, 3, 2, 2, 2, 1, 0, 3, 2, 3, 2, 1, 4, 1, 2, 3, 1, -16 ] ], 
              [ [ 1, 2, 2, 2, 2, 2, 2, 3, 2, 2, 2, 3, 2, 2, 1, 2, 1, -17 ], [ 1, 2, 2, 2, 2, 2, 2, 1, 2, 2, 2, 1, 2, 2, 3, 2, 3, -15 ] ], 
              [ [ 1, 1, 0, 2, 2, 2, 1, 3, 3, 3, 3, 1, 3, 1, 3, 3, 0, -16 ], [ 1, 3, 4, 2, 2, 2, 3, 1, 1, 1, 1, 3, 1, 3, 1, 1, 4, -16 ] ], 
              [ [ 1, 2, 2, 2, 3, 2, 2, 2, 3, 2, 2, 3, 2, 2, 2, 2, 1, -17 ], [ 1, 2, 2, 2, 1, 2, 2, 2, 1, 2, 2, 1, 2, 2, 2, 2, 3, -15 ] ], 
              [ [ 1, 2, 2, 2, 2, 3, 3, 3, 2, 2, 2, 2, 2, 2, 2, 2, 1, -17 ], [ 1, 2, 2, 2, 2, 1, 1, 1, 2, 2, 2, 2, 2, 2, 2, 2, 3, -15 ] ], 
              [ [ 1, 2, 4, 1, 3, 3, 2, 2, 2, 2, 2, 2, 2, 2, 2, 2, 1, -16 ], [ 1, 2, 0, 3, 1, 1, 2, 2, 2, 2, 2, 2, 2, 2, 2, 2, 3, -16 ] ], 
              [ [ 1, 2, 2, 2, 2, 3, 1, 2, 3, 2, 3, 2, 2, 3, 1, 2, 1, -17 ], [ 1, 2, 2, 2, 2, 1, 3, 2, 1, 2, 1, 2, 2, 1, 3, 2, 3, -15 ] ], 
              [ [ 1, 1, 2, 2, 2, 3, 2, 2, 3, 2, 2, 2, 3, 3, 1, 2, 1, -17 ], [ 1, 3, 2, 2, 2, 1, 2, 2, 1, 2, 2, 2, 1, 1, 3, 2, 3, -15 ] ], 
              [ [ 1, 1, 1, 3, 1, 3, -2, 3, 3, 3, 1, 1, 3, 1, 3, 3, 1, -16 ], [ 1, 3, 3, 1, 3, 1, 6, 1, 1, 1, 3, 3, 1, 3, 1, 1, 3, -16 ] ], 
              [ [ 1, 2, 3, 3, 1, 4, 0, 3, 2, 2, 0, 2, 2, 2, 2, 2, 2, -17 ], [ 1, 2, 1, 1, 3, 0, 4, 1, 2, 2, 4, 2, 2, 2, 2, 2, 2, -15 ] ], 
              [ [ 1, 2, 3, 3, 2, 4, 0, 2, 3, 2, 0, 2, 2, 2, 3, 2, 2, -17 ], [ 1, 2, 1, 1, 2, 0, 4, 2, 1, 2, 4, 2, 2, 2, 1, 2, 2, -15 ] ], 
              [ [ 1, 1, 2, 2, 0, 4, 0, 2, 4, 2, 1, 2, 3, 2, 2, 2, 2, -17 ], [ 1, 3, 2, 2, 4, 0, 4, 2, 0, 2, 3, 2, 1, 2, 2, 2, 2, -15 ] ], 
              [ [ 1, 0, 1, 3, 1, 4, 0, 2, 3, 2, 1, 3, 2, 1, 2, 2, 2, -17 ], [ 1, 4, 3, 1, 3, 0, 4, 2, 1, 2, 3, 1, 2, 3, 2, 2, 2, -15 ] ], 
              [ [ 1, 0, 2, 2, 2, 4, 1, 3, 2, 3, 2, 3, 2, 1, 3, 1, 3, -19 ], [ 1, 4, 2, 2, 2, 0, 3, 1, 2, 1, 2, 1, 2, 3, 1, 3, 1, -13 ] ], 
              [ [ 1, 1, 3, 3, 1, 6, 1, 1, 3, 1, 1, 3, 1, 3, 1, 1, 3, -18 ], [ 1, 3, 1, 1, 3, -2, 3, 3, 1, 3, 3, 1, 3, 1, 3, 3, 1, -14 ] ], 
              [ [ 1, 3, 2, 2, 3, 1, 1, 3, 1, 3, 2, 1, 3, 1, 4, 4, 1, -16 ], [ 1, 1, 2, 2, 1, 3, 3, 1, 3, 1, 2, 3, 1, 3, 0, 0, 3, -16 ] ], 
              [ [ 1, 2, 1, 1, 1, 1, 1, 3, 2, 3, 3, 1, 4, 1, 3, 4, 1, -16 ], [ 1, 2, 3, 3, 3, 3, 3, 1, 2, 1, 1, 3, 0, 3, 1, 0, 3, -16 ] ], 
              [ [ 1, 3, 3, 1, 2, 1, 2, 2, 2, 2, 2, 3, 3, 2, 2, 3, 2, -17 ], [ 1, 1, 1, 3, 2, 3, 2, 2, 2, 2, 2, 1, 1, 2, 2, 1, 2, -15 ] ], 
              [ [ 1, 3, 2, 2, 1, 2, 2, 1, 3, 1, 1, 2, 3, 2, 2, 4, 1, -15 ], [ 1, 1, 2, 2, 3, 2, 2, 3, 1, 3, 3, 2, 1, 2, 2, 0, 3, -17 ] ], 
              [ [ 1, 3, 2, 2, 0, 3, 1, 1, 3, 1, 2, 1, 3, 3, 1, 4, 1, -15 ], [ 1, 1, 2, 2, 4, 1, 3, 3, 1, 3, 2, 3, 1, 1, 3, 0, 3, -17 ] ], 
              [ [ 1, 3, 3, 1, 2, 2, 3, 2, 2, 2, 2, 2, 3, 2, 3, 3, 2, -17 ], [ 1, 1, 1, 3, 2, 2, 1, 2, 2, 2, 2, 2, 1, 2, 1, 1, 2, -15 ] ], 
              [ [ 1, 3, 1, 2, 1, 2, 2, 2, 3, 2, 3, 2, 3, 3, 2, 3, 2, -18 ], [ 1, 1, 3, 2, 3, 2, 2, 2, 1, 2, 1, 2, 1, 1, 2, 1, 2, -14 ] ], 
              [ [ 1, 2, 0, 3, 2, 1, 1, 3, 2, 3, 2, 1, 4, 2, 3, 4, 1, -17 ], [ 1, 2, 4, 1, 2, 3, 3, 1, 2, 1, 2, 3, 0, 2, 1, 0, 3, -15 ] ], 
              [ [ 1, 3, 4, 2, 3, 2, 2, 2, 1, 2, 1, 2, 3, 3, 2, 3, 2, -17 ], [ 1, 1, 0, 2, 1, 2, 2, 2, 3, 2, 3, 2, 1, 1, 2, 1, 2, -15 ] ], 
              [ [ 1, 3, 2, 2, 2, 0, 1, 4, 1, 3, 1, 1, 3, 1, 3, 3, 1, -15 ], [ 1, 1, 2, 2, 2, 4, 3, 0, 3, 1, 3, 3, 1, 3, 1, 1, 3, -17 ] ], 
              [ [ 1, 3, 2, 2, 3, 0, 1, 3, 2, 3, 1, 1, 3, 1, 4, 3, 1, -15 ], [ 1, 1, 2, 2, 1, 4, 3, 1, 2, 1, 3, 3, 1, 3, 0, 1, 3, -17 ] ], 
              [ [ 1, 3, 2, 2, 2, 1, 0, 3, 2, 3, 2, 0, 3, 2, 3, 3, 1, -15 ], [ 1, 1, 2, 2, 2, 3, 4, 1, 2, 1, 2, 4, 1, 2, 1, 1, 3, -17 ] ], 
              [ [ 1, 2, 1, 1, 1, 0, 1, 3, 3, 3, 2, 1, 4, 1, 3, 3, 1, -15 ], [ 1, 2, 3, 3, 3, 4, 3, 1, 1, 1, 2, 3, 0, 3, 1, 1, 3, -17 ] ], 
              [ [ 1, 3, 2, 2, 0, 2, 1, 1, 4, 1, 1, 1, 3, 3, 1, 3, 1, -14 ], [ 1, 1, 2, 2, 4, 2, 3, 3, 0, 3, 3, 3, 1, 1, 3, 1, 3, -18 ] ], 
              [ [ 1, 3, 3, 1, 1, 2, 2, 2, 3, 2, 2, 1, 3, 3, 2, 2, 2, -16 ], [ 1, 1, 1, 3, 3, 2, 2, 2, 1, 2, 2, 3, 1, 1, 2, 2, 2, -16 ] ], 
              [ [ 1, 2, 2, 2, 2, 1, 1, 3, 2, 3, 1, 0, 4, 2, 3, 3, 1, -15 ], [ 1, 2, 2, 2, 2, 3, 3, 1, 2, 1, 3, 4, 0, 2, 1, 1, 3, -17 ] ], 
              [ [ 1, 2, 2, 2, 3, 2, 3, 2, 1, 2, 2, 3, 2, 1, 3, 3, 2, -17 ], [ 1, 2, 2, 2, 1, 2, 1, 2, 3, 2, 2, 1, 2, 3, 1, 1, 2, -15 ] ], 
              [ [ 1, 2, 0, 3, 2, 2, 2, 2, 2, 2, 3, 3, 2, 2, 2, 3, 2, -18 ], [ 1, 2, 4, 1, 2, 2, 2, 2, 2, 2, 1, 1, 2, 2, 2, 1, 2, -14 ] ], 
              [ [ 1, 2, 2, 2, 2, 3, 2, 2, 1, 2, 3, 2, 2, 2, 2, 3, 2, -17 ], [ 1, 2, 2, 2, 2, 1, 2, 2, 3, 2, 1, 2, 2, 2, 2, 1, 2, -15 ] ], 
              [ [ 1, 3, 4, 2, 3, 3, 3, 1, 1, 1, 2, 4, 1, 3, 1, 2, 3, -18 ], [ 1, 1, 0, 2, 1, 1, 1, 3, 3, 3, 2, 0, 3, 1, 3, 2, 1, -14 ] ], 
              [ [ 1, 3, 2, 2, 2, 1, 2, 3, 1, 2, 2, 3, 1, 1, 2, 2, 2, -16 ], [ 1, 1, 2, 2, 2, 3, 2, 1, 3, 2, 2, 1, 3, 3, 2, 2, 2, -16 ] ], 
              [ [ 1, 2, 0, 2, 2, 1, 1, 3, 2, 3, 3, 1, 2, 0, 4, 3, 1, -15 ], [ 1, 2, 4, 2, 2, 3, 3, 1, 2, 1, 1, 3, 2, 4, 0, 1, 3, -17 ] ], 
              [ [ 1, 3, 2, 2, 3, 1, 2, 2, 2, 2, 2, 3, 1, 1, 3, 2, 2, -16 ], [ 1, 1, 2, 2, 1, 3, 2, 2, 2, 2, 2, 1, 3, 3, 1, 2, 2, -16 ] ], 
              [ [ 1, 3, 2, 2, 2, 2, 3, 3, 1, 2, 2, 2, 1, 1, 3, 2, 2, -16 ], [ 1, 1, 2, 2, 2, 2, 1, 1, 3, 2, 2, 2, 3, 3, 1, 2, 2, -16 ] ], 
              [ [ 1, 3, 4, 1, 3, 2, 2, 2, 1, 2, 2, 2, 1, 1, 3, 2, 2, -15 ], [ 1, 1, 0, 3, 1, 2, 2, 2, 3, 2, 2, 2, 3, 3, 1, 2, 2, -17 ] ], 
              [ [ 1, 3, 2, 2, 2, 2, 1, 2, 2, 2, 3, 2, 1, 2, 2, 2, 2, -16 ], [ 1, 1, 2, 2, 2, 2, 3, 2, 2, 2, 1, 2, 3, 2, 2, 2, 2, -16 ] ], 
              [ [ 1, 2, 1, 1, 1, 1, 2, 2, 3, 2, 3, 3, 2, 1, 2, 2, 2, -16 ], [ 1, 2, 3, 3, 3, 3, 2, 2, 1, 2, 1, 1, 2, 3, 2, 2, 2, -16 ] ], 
              [ [ 1, 2, 3, 0, 1, 2, 2, 2, 2, 2, 3, 2, 2, 1, 2, 2, 2, -15 ], [ 1, 2, 1, 4, 3, 2, 2, 2, 2, 2, 1, 2, 2, 3, 2, 2, 2, -17 ] ], 
              [ [ 1, 2, 1, 1, 1, 2, 3, 2, 3, 2, 3, 2, 2, 1, 3, 2, 2, -16 ], [ 1, 2, 3, 3, 3, 2, 1, 2, 1, 2, 1, 2, 2, 3, 1, 2, 2, -16 ] ], 
              [ [ 1, 3, 3, 1, 1, 3, 3, 1, 3, 1, 3, 3, 1, 3, 1, 1, 3, -17 ], [ 1, 1, 1, 3, 3, 1, 1, 3, 1, 3, 1, 1, 3, 1, 3, 3, 1, -15 ] ], 
              [ [ 1, 2, 1, 3, 3, 1, 0, 3, 1, 3, 2, 1, 2, 1, 3, 3, 1, -15 ], [ 1, 2, 3, 1, 1, 3, 4, 1, 3, 1, 2, 3, 2, 3, 1, 1, 3, -17 ] ], 
              [ [ 1, 3, 3, 3, 3, 2, 2, 3, 0, 2, 1, 2, 1, 2, 2, 2, 2, -16 ], [ 1, 1, 1, 1, 1, 2, 2, 1, 4, 2, 3, 2, 3, 2, 2, 2, 2, -16 ] ], 
              [ [ 1, 3, 3, 3, 4, 2, 2, 2, 1, 2, 1, 2, 1, 2, 3, 2, 2, -16 ], [ 1, 1, 1, 1, 0, 2, 2, 2, 3, 2, 3, 2, 3, 2, 1, 2, 2, -16 ] ], 
              [ [ 1, 1, 0, 2, 2, 0, 1, 3, 2, 3, 2, 2, 3, 0, 3, 3, 1, -15 ], [ 1, 3, 4, 2, 2, 4, 3, 1, 2, 1, 2, 2, 1, 4, 1, 1, 3, -17 ] ], 
              [ [ 1, 1, 2, 1, 2, 1, 1, 3, 1, 3, 2, 1, 3, 0, 3, 3, 1, -14 ], [ 1, 3, 2, 3, 2, 3, 3, 1, 3, 1, 2, 3, 1, 4, 1, 1, 3, -18 ] ], 
              [ [ 1, 1, 0, 2, 1, 1, 0, 3, 2, 3, 3, 1, 3, 1, 2, 3, 1, -15 ], [ 1, 3, 4, 2, 3, 3, 4, 1, 2, 1, 1, 3, 1, 3, 2, 1, 3, -17 ] ], 
              [ [ 1, 1, 1, 1, 3, 0, 2, 4, 1, 4, 3, 2, 3, 0, 4, 2, 2, -17 ], [ 1, 3, 3, 3, 1, 4, 2, 0, 3, 0, 1, 2, 1, 4, 0, 2, 2, -15 ] ], 
              [ [ 1, 2, 2, 2, 2, 1, 3, 3, 1, 2, 1, 3, 2, 1, 2, 2, 2, -16 ], [ 1, 2, 2, 2, 2, 3, 1, 1, 3, 2, 3, 1, 2, 3, 2, 2, 2, -16 ] ], 
              [ [ 1, 2, 4, 1, 3, 1, 2, 2, 1, 2, 1, 3, 2, 1, 2, 2, 2, -15 ], [ 1, 2, 0, 3, 1, 3, 2, 2, 3, 2, 3, 1, 2, 3, 2, 2, 2, -17 ] ], 
              [ [ 1, 2, 2, 2, 2, 1, 1, 2, 2, 2, 2, 3, 2, 2, 1, 2, 2, -16 ], [ 1, 2, 2, 2, 2, 3, 3, 2, 2, 2, 2, 1, 2, 2, 3, 2, 2, -16 ] ], 
              [ [ 1, 2, 2, 2, 1, 2, 2, 3, 1, 2, 2, 2, 2, 2, 1, 2, 2, -16 ], [ 1, 2, 2, 2, 3, 2, 2, 1, 3, 2, 2, 2, 2, 2, 3, 2, 2, -16 ] ], 
              [ [ 1, 2, 4, 1, 2, 2, 1, 2, 1, 2, 2, 2, 2, 2, 1, 2, 2, -15 ], [ 1, 2, 0, 3, 2, 2, 3, 2, 3, 2, 2, 2, 2, 2, 3, 2, 2, -17 ] ], 
              [ [ 1, 2, 3, 1, 3, 1, 2, 3, 1, 3, 3, 3, 2, 2, 2, 1, 3, -18 ], [ 1, 2, 1, 3, 1, 3, 2, 1, 3, 1, 1, 1, 2, 2, 2, 3, 1, -14 ] ], 
              [ [ 1, 1, 0, 2, 2, 1, 2, 3, 2, 3, 2, 1, 3, 0, 4, 3, 1, -15 ], [ 1, 3, 4, 2, 2, 3, 2, 1, 2, 1, 2, 3, 1, 4, 0, 1, 3, -17 ] ], 
              [ [ 1, 1, -2, 3, 1, 1, 1, 3, 3, 3, 3, 1, 3, 1, 3, 3, 1, -16 ], [ 1, 3, 6, 1, 3, 3, 3, 1, 1, 1, 1, 3, 1, 3, 1, 1, 3, -16 ] ], 
              [ [ 1, 1, 0, 2, 2, 1, 0, 2, 3, 3, 3, 1, 3, 1, 3, 3, 1, -15 ], [ 1, 3, 4, 2, 2, 3, 4, 2, 1, 1, 1, 3, 1, 3, 1, 1, 3, -17 ] ], 
              [ [ 1, 1, 0, 2, 1, 2, 1, 3, 2, 3, 3, 0, 3, 1, 3, 3, 1, -15 ], [ 1, 3, 4, 2, 3, 2, 3, 1, 2, 1, 1, 4, 1, 3, 1, 1, 3, -17 ] ], 
              [ [ 1, 2, 1, 3, 1, 2, 1, 1, 3, 1, 1, 2, 2, 2, 1, 3, 1, -14 ], [ 1, 2, 3, 1, 3, 2, 3, 3, 1, 3, 3, 2, 2, 2, 3, 1, 3, -18 ] ], 
              [ [ 1, 2, 2, 2, 3, 1, 3, 2, 2, 2, 1, 3, 2, 1, 3, 2, 2, -16 ], [ 1, 2, 2, 2, 1, 3, 1, 2, 2, 2, 3, 1, 2, 3, 1, 2, 2, -16 ] ], 
              [ [ 1, 2, 0, 3, 2, 1, 2, 2, 3, 2, 2, 3, 2, 2, 2, 2, 2, -17 ], [ 1, 2, 4, 1, 2, 3, 2, 2, 1, 2, 2, 1, 2, 2, 2, 2, 2, -15 ] ], 
              [ [ 1, 2, 0, 3, 1, 2, 3, 3, 2, 2, 2, 2, 2, 2, 2, 2, 2, -17 ], [ 1, 2, 4, 1, 3, 2, 1, 1, 2, 2, 2, 2, 2, 2, 2, 2, 2, -15 ] ], 
              [ [ 1, 2, 3, 2, 1, 3, 1, 1, 2, 1, 1, 1, 2, 2, 1, 3, 1, -13 ], [ 1, 2, 1, 2, 3, 1, 3, 3, 2, 3, 3, 3, 2, 2, 3, 1, 3, -19 ] ], 
              [ [ 1, 2, 4, 1, 3, 2, 3, 2, 1, 2, 1, 2, 2, 1, 3, 2, 2, -15 ], [ 1, 2, 0, 3, 1, 2, 1, 2, 3, 2, 3, 2, 2, 3, 1, 2, 2, -17 ] ] ],
          slins := [  ] ), 
      [ [ [ -7589741806, -1953724402, -3409401434, -7864733042, -1161171482, -5992445862, -3127393146, -7701551358, -5216692546, -8785075798, -6415458294, 
                  -10443526338, -5241789550, -3647925362, -1323687326, -3522491586, -6107687170, -10713703200 ], 
              [ -1953724402, -502920810, -877636035, -2024511705, -298904645, -1542554171, -805042459, -1982506051, -1342862505, -2261423071, -1651444535, 
                  -2688335531, -1349322885, -939036015, -340738901, -906747299, -1572219181, -2757883500 ], 
              [ -3409401434, -877636035, -1531543334, -3532930825, -521611915, -2691877333, -1404861879, -3459627679, -2343399805, -3946359631, 
                  -2881899515, -4691355171, -2354673671, -1638691083, -594615959, -1582344757, -2743645091, -4812721800 ], 
              [ -7864733042, -2024511705, -3532930825, -8149687930, -1203243015, -6209564045, -3240704805, -7980593831, -5405703665, -9103376505, 
                  -6647903075, -10821916001, -5431709975, -3780096925, -1371647151, -3650118445, -6328980781, -11101881900 ], 
              [ -1161171482, -298904645, -521611915, -1203243015, -177650210, -916797631, -478466839, -1178277485, -798113405, -1344048301, -981515245, 
                  -1597778341, -801953051, -558104221, -202513871, -538913829, -934428655, -1639113300 ], 
              [ -5992445862, -1542554171, -2691877333, -6209564045, -916797631, -4731308242, -2469218971, -6080724681, -4118815765, -6936216449, 
                  -5065295785, -8245638497, -4138630985, -2880202797, -1045111285, -2781167139, -4822296493, -8458955400 ], 
              [ -3127393146, -805042459, -1404861879, -3240704805, -478466839, -2469218971, -1288658870, -3173464923, -2149565725, -3619936891, 
                  -2643523485, -4303310199, -2159907075, -1503146915, -545432359, -1451461269, -2516704763, -4414638000 ], 
              [ -7701551358, -1982506051, -3459627679, -7980593831, -1178277485, -6080724681, -3173464923, -7815008190, -5293543225, -8914494767, 
                  -6509968815, -10597377083, -5319009943, -3701665447, -1343187479, -3574383829, -6197663693, -10871534100 ], 
              [ -5216692546, -1342862505, -2343399805, -5405703665, -798113405, -4118815765, -2149565725, -5293543225, -3585613630, -6038287131, 
                  -4409566885, -7178197681, -3602863665, -2507345555, -909816191, -2421130579, -4198025115, -7363899600 ], 
              [ -8785075798, -2261423071, -3946359631, -9103376505, -1344048301, -6936216449, -3619936891, -8914494767, -6038287131, -10168667138, 
                  -7425850559, -12088312675, -6067336739, -4222449479, -1532159335, -4077260723, -7069607507, -12401040600 ], 
              [ -6415458294, -1651444535, -2881899515, -6647903075, -981515245, -5065295785, -2643523485, -6509968815, -4409566885, -7425850559, 
                  -5422859830, -8827705955, -4430780879, -3083519049, -1118886685, -2977492371, -5162706985, -9056081100 ], 
              [ -10443526338, -2688335531, -4691355171, -10821916001, -1597778341, -8245638497, -4303310199, -10597377083, -7178197681, -12088312675, 
                  -8827705955, -14370349758, -7212731287, -5019565383, -1821401061, -4846967829, -8404211179, -14742114600 ], 
              [ -5241789550, -1349322885, -2354673671, -5431709975, -801953051, -4138630985, -2159907075, -5319009943, -3602863665, -6067336739, 
                  -4430780879, -7212731287, -3620196690, -2519408149, -914193227, -2432778401, -4218221403, -7399326600 ], 
              [ -3647925362, -939036015, -1638691083, -3780096925, -558104221, -2880202797, -1503146915, -3701665447, -2507345555, -4222449479, 
                  -3083519049, -5019565383, -2519408149, -1753334962, -636215671, -1693046609, -2935592259, -5149422900 ], 
              [ -1323687326, -340738901, -594615959, -1371647151, -202513871, -1045111285, -545432359, -1343187479, -909816191, -1532159335, -1118886685, 
                  -1821401061, -914193227, -636215671, -230857418, -614339421, -1065209923, -1868521200 ], 
              [ -3522491586, -906747299, -1582344757, -3650118445, -538913829, -2781167139, -1451461269, -3574383829, -2421130579, -4077260723, 
                  -2977492371, -4846967829, -2432778401, -1693046609, -614339421, -1634831270, -2834652037, -4972360200 ], 
              [ -6107687170, -1572219181, -2743645091, -6328980781, -934428655, -4822296493, -2516704763, -6197663693, -4198025115, -7069607507, 
                  -5162706985, -8404211179, -4218221403, -2935592259, -1065209923, -2834652037, -4915034550, -8621630400 ], 
              [ -10713703200, -2757883500, -4812721800, -11101881900, -1639113300, -8458955400, -4414638000, -10871534100, -7363899600, -12401040600, 
                  -9056081100, -14742114600, -7399326600, -5149422900, -1868521200, -4972360200, -8621630400, -15123497100 ] ], 
          [ 1, 2, 2, 2, 2, 2, 2, 2, 2, 2, 2, 2, 2, 2, 2, 2, 2, -16 ] ] ], [ rec(
          nopss := [ 0, 213 ],
          scons := [ [ [ 1, 2, 1, 2, 1, 2, 1, 2, 2, 2, 2, 3, 1, 2, 3, 2, 1, -12 ], [ 1, 2, 3, 2, 3, 2, 3, 2, 2, 2, 2, 1, 3, 2, 1, 2, 3, -14 ] ], 
              [ [ 1, 2, 1, 1, 0, 3, 2, 2, 1, 2, 2, 2, 2, 2, 2, 4, 0, -13 ], [ 1, 2, 3, 3, 4, 1, 2, 2, 3, 2, 2, 2, 2, 2, 2, 0, 4, -13 ] ], 
              [ [ 1, 2, 0, 3, 1, 2, 3, 3, 2, 2, 2, 0, 2, 2, 2, 2, 0, -11 ], [ 1, 2, 4, 1, 3, 2, 1, 1, 2, 2, 2, 4, 2, 2, 2, 2, 4, -15 ] ], 
              [ [ 1, 1, -2, 3, 1, 1, 1, 3, 3, 1, 1, 1, 3, 1, 1, 1, 1, -7 ], [ 1, 3, 6, 1, 3, 3, 3, 1, 1, 3, 3, 3, 1, 3, 3, 3, 3, -19 ] ], 
              [ [ 1, 1, 1, 2, 1, 2, 3, 2, 2, 2, 3, 2, 2, 1, 2, 1, 1, -11 ], [ 1, 3, 3, 2, 3, 2, 1, 2, 2, 2, 1, 2, 2, 3, 2, 3, 3, -15 ] ], 
              [ [ 1, 2, 1, 2, 1, 3, 2, 2, 2, 1, 2, 3, 3, 2, 2, 2, 1, -13 ], [ 1, 2, 3, 2, 3, 1, 2, 2, 2, 3, 2, 1, 1, 2, 2, 2, 3, -13 ] ], 
              [ [ 1, 2, 1, 2, 1, 2, 3, 1, 1, 2, 2, 3, 2, 3, 2, 2, 1, -12 ], [ 1, 2, 3, 2, 3, 2, 1, 3, 3, 2, 2, 1, 2, 1, 2, 2, 3, -14 ] ], 
              [ [ 1, 1, 0, 2, 0, 2, 2, 1, 2, 1, 2, 2, 2, 2, 2, 2, 1, -10 ], [ 1, 3, 4, 2, 4, 2, 2, 3, 2, 3, 2, 2, 2, 2, 2, 2, 3, -16 ] ], 
              [ [ 1, 1, 0, 2, 1, 2, 1, 3, 2, 1, 3, 3, 3, 1, 1, 0, 1, -10 ], [ 1, 3, 4, 2, 3, 2, 3, 1, 2, 3, 1, 1, 1, 3, 3, 4, 3, -16 ] ], 
              [ [ 1, 3, 1, 2, 0, 3, 2, 2, 2, 2, 3, 2, 2, 2, 2, 2, 0, -13 ], [ 1, 1, 3, 2, 4, 1, 2, 2, 2, 2, 1, 2, 2, 2, 2, 2, 4, -13 ] ], 
              [ [ 1, 2, 1, 2, 1, 2, 3, 1, 2, 2, 3, 2, 2, 2, 3, 2, 1, -12 ], [ 1, 2, 3, 2, 3, 2, 1, 3, 2, 2, 1, 2, 2, 2, 1, 2, 3, -14 ] ], 
              [ [ 1, 1, 1, 4, 2, 3, 2, 2, 1, 3, 3, 4, 3, 1, 1, 1, 1, -13 ], [ 1, 3, 3, 0, 2, 1, 2, 2, 3, 1, 1, 0, 1, 3, 3, 3, 3, -13 ] ], 
              [ [ 1, 1, 1, 3, 1, 3, 2, 2, 2, 2, 2, 2, 3, 2, 3, 2, 1, -13 ], [ 1, 3, 3, 1, 3, 1, 2, 2, 2, 2, 2, 2, 1, 2, 1, 2, 3, -13 ] ], 
              [ [ 1, 2, 1, 2, 0, 2, 2, 0, 2, 2, 2, 3, 1, 2, 2, 2, 2, -11 ], [ 1, 2, 3, 2, 4, 2, 2, 4, 2, 2, 2, 1, 3, 2, 2, 2, 2, -15 ] ], 
              [ [ 1, 3, 1, 1, -2, 3, 1, 1, 3, 1, 1, 1, 1, 3, 3, 3, 1, -12 ], [ 1, 1, 3, 3, 6, 1, 3, 3, 1, 3, 3, 3, 3, 1, 1, 1, 3, -14 ] ], 
              [ [ 1, 2, 1, 1, 0, 2, 1, 2, 3, 1, 2, 2, 2, 2, 3, 1, 2, -11 ], [ 1, 2, 3, 3, 4, 2, 3, 2, 1, 3, 2, 2, 2, 2, 1, 3, 2, -15 ] ], 
              [ [ 1, 1, 0, 1, 1, 1, 1, 4, 3, 1, 3, 2, 2, 1, 1, 1, 1, -10 ], [ 1, 3, 4, 3, 3, 3, 3, 0, 1, 3, 1, 2, 2, 3, 3, 3, 3, -16 ] ], 
              [ [ 1, 1, 1, 3, 0, 3, 1, 1, 2, 2, 1, 3, 2, 2, 2, 2, 2, -12 ], [ 1, 3, 3, 1, 4, 1, 3, 3, 2, 2, 3, 1, 2, 2, 2, 2, 2, -14 ] ], 
              [ [ 1, 2, 2, 3, 1, 3, 2, 1, 2, 3, 2, 3, 2, 2, 3, 2, 2, -14 ], [ 1, 2, 2, 1, 3, 1, 2, 3, 2, 1, 2, 1, 2, 2, 1, 2, 2, -12 ] ], 
              [ [ 1, 2, 0, 2, 1, 2, 3, 2, 2, 2, 2, 2, 3, 2, 2, 2, 0, -11 ], [ 1, 2, 4, 2, 3, 2, 1, 2, 2, 2, 2, 2, 1, 2, 2, 2, 4, -15 ] ], 
              [ [ 1, 3, 1, 1, 0, 3, 2, 2, 3, 1, 0, 2, 3, 3, 3, 3, 1, -13 ], [ 1, 1, 3, 3, 4, 1, 2, 2, 1, 3, 4, 2, 1, 1, 1, 1, 3, -13 ] ], 
              [ [ 1, 3, 1, 2, 1, 2, 3, 1, 2, 3, 2, 3, 2, 2, 2, 2, 1, -12 ], [ 1, 1, 3, 2, 3, 2, 1, 3, 2, 1, 2, 1, 2, 2, 2, 2, 3, -14 ] ], 
              [ [ 1, 2, 0, 2, 0, 2, 2, 1, 3, 2, 2, 2, 2, 1, 2, 2, 1, -10 ], [ 1, 2, 4, 2, 4, 2, 2, 3, 1, 2, 2, 2, 2, 3, 2, 2, 3, -16 ] ], 
              [ [ 1, 3, 1, 1, 0, 2, 3, 1, 3, 2, 1, 1, 2, 3, 4, 3, 1, -12 ], [ 1, 1, 3, 3, 4, 2, 1, 3, 1, 2, 3, 3, 2, 1, 0, 1, 3, -14 ] ], 
              [ [ 1, 2, 0, 1, 1, 1, 3, 3, 3, 2, 2, 1, 2, 2, 2, 3, 0, -11 ], [ 1, 2, 4, 3, 3, 3, 1, 1, 1, 2, 2, 3, 2, 2, 2, 1, 4, -15 ] ], 
              [ [ 1, 3, 1, 1, 1, 1, 3, 3, 1, 3, 3, 1, 1, 3, 1, 3, -2, -12 ], [ 1, 1, 3, 3, 3, 3, 1, 1, 3, 1, 1, 3, 3, 1, 3, 1, 6, -14 ] ], 
              [ [ 1, 2, 2, 0, 1, 2, 3, 3, 2, 2, 4, 3, 2, 2, 2, 2, 0, -14 ], [ 1, 2, 2, 4, 3, 2, 1, 1, 2, 2, 0, 1, 2, 2, 2, 2, 4, -12 ] ], 
              [ [ 1, 2, 0, 2, 1, 1, 2, 2, 2, 3, 2, 2, 3, 2, 0, 2, 0, -10 ], [ 1, 2, 4, 2, 3, 3, 2, 2, 2, 1, 2, 2, 1, 2, 4, 2, 4, -16 ] ], 
              [ [ 1, 1, 0, 3, 2, 2, 1, 3, 3, 0, 1, 1, 2, 1, 3, 1, 3, -10 ], [ 1, 3, 4, 1, 2, 2, 3, 1, 1, 4, 3, 3, 2, 3, 1, 3, 1, -16 ] ], 
              [ [ 1, 2, 1, 3, 3, 1, 2, 2, 1, 2, 1, 2, 1, 2, 2, 1, 2, -10 ], [ 1, 2, 3, 1, 1, 3, 2, 2, 3, 2, 3, 2, 3, 2, 2, 3, 2, -16 ] ], 
              [ [ 1, 4, 2, 3, 2, 2, 3, 1, 1, 3, 1, 1, 0, 3, 3, 3, 1, -13 ], [ 1, 0, 2, 1, 2, 2, 1, 3, 3, 1, 3, 3, 4, 1, 1, 1, 3, -13 ] ], 
              [ [ 1, 2, 2, 2, 2, 3, 3, 2, 2, 1, 2, 2, 2, 2, 4, 2, 2, -14 ], [ 1, 2, 2, 2, 2, 1, 1, 2, 2, 3, 2, 2, 2, 2, 0, 2, 2, -12 ] ], 
              [ [ 1, 3, 3, 2, 2, 3, 3, 1, 2, 2, 2, 3, 1, 2, 4, 2, 3, -15 ], [ 1, 1, 1, 2, 2, 1, 1, 3, 2, 2, 2, 1, 3, 2, 0, 2, 1, -11 ] ], 
              [ [ 1, 2, 2, 2, 1, 3, 2, 1, 3, 1, 2, 2, 1, 1, 4, 2, 3, -13 ], [ 1, 2, 2, 2, 3, 1, 2, 3, 1, 3, 2, 2, 3, 3, 0, 2, 1, -13 ] ], 
              [ [ 1, 3, 3, 1, 1, 3, 3, 1, 3, 1, 1, 1, 1, 3, 6, 3, 3, -15 ], [ 1, 1, 1, 3, 3, 1, 1, 3, 1, 3, 3, 3, 3, 1, -2, 1, 1, -11 ] ], 
              [ [ 1, 2, 2, 2, 1, 2, 3, 0, 2, 2, 2, 2, 0, 2, 4, 2, 3, -12 ], [ 1, 2, 2, 2, 3, 2, 1, 4, 2, 2, 2, 2, 4, 2, 0, 2, 1, -14 ] ], 
              [ [ 1, 2, 2, 1, 2, 2, 3, 3, 3, 1, 2, 1, 1, 2, 4, 3, 2, -14 ], [ 1, 2, 2, 3, 2, 2, 1, 1, 1, 3, 2, 3, 3, 2, 0, 1, 2, -12 ] ], 
              [ [ 1, 1, 1, 1, 2, 1, 2, 4, 3, 1, 3, 1, 1, 1, 3, 1, 2, -11 ], [ 1, 3, 3, 3, 2, 3, 2, 0, 1, 3, 1, 3, 3, 3, 1, 3, 2, -15 ] ], 
              [ [ 1, 3, 3, 1, 2, 2, 3, 3, 1, 2, 3, 1, 0, 3, 3, 3, 0, -15 ], [ 1, 1, 1, 3, 2, 2, 1, 1, 3, 2, 1, 3, 4, 1, 1, 1, 4, -11 ] ], 
              [ [ 1, 3, 3, 1, 1, 1, 3, 1, 1, 3, 3, 1, -2, 3, 3, 3, 1, -13 ], [ 1, 1, 1, 3, 3, 3, 1, 3, 3, 1, 1, 3, 6, 1, 1, 1, 3, -13 ] ], 
              [ [ 1, 3, 3, 2, 2, 2, 3, 0, 1, 3, 2, 3, 0, 2, 3, 2, 2, -13 ], [ 1, 1, 1, 2, 2, 2, 1, 4, 3, 1, 2, 1, 4, 2, 1, 2, 2, -13 ] ], 
              [ [ 1, 3, 3, 1, 3, 1, 4, 2, 1, 3, 2, 2, 0, 3, 3, 3, 1, -14 ], [ 1, 1, 1, 3, 1, 3, 0, 2, 3, 1, 2, 2, 4, 1, 1, 1, 3, -12 ] ], 
              [ [ 1, 2, 2, 1, 2, 1, 3, 2, 2, 2, 2, 1, 0, 2, 3, 3, 1, -12 ], [ 1, 2, 2, 3, 2, 3, 1, 2, 2, 2, 2, 3, 4, 2, 1, 1, 3, -14 ] ], 
              [ [ 1, 2, 2, 1, 3, 1, 2, 4, 2, 2, 3, 2, 1, 1, 2, 1, 1, -12 ], [ 1, 2, 2, 3, 1, 3, 2, 0, 2, 2, 1, 2, 3, 3, 2, 3, 3, -14 ] ], 
              [ [ 1, 2, 1, 1, 2, 1, 1, 3, 2, 1, 2, 2, 1, 2, 2, 2, 1, -11 ], [ 1, 2, 3, 3, 2, 3, 3, 1, 2, 3, 2, 2, 3, 2, 2, 2, 3, -15 ] ], 
              [ [ 1, 3, 3, 3, 2, 3, 2, 0, 1, 3, 1, 3, 1, 3, 4, 3, 2, -15 ], [ 1, 1, 1, 1, 2, 1, 2, 4, 3, 1, 3, 1, 3, 1, 0, 1, 2, -11 ] ], 
              [ [ 1, 2, 2, 3, 3, 2, 2, 2, 1, 3, 2, 3, 1, 2, 2, 3, 1, -14 ], [ 1, 2, 2, 1, 1, 2, 2, 2, 3, 1, 2, 1, 3, 2, 2, 1, 3, -12 ] ], 
              [ [ 1, 2, 2, 2, 3, 2, 1, 4, 2, 2, 2, 2, 2, 2, 3, 2, 1, -14 ], [ 1, 2, 2, 2, 1, 2, 3, 0, 2, 2, 2, 2, 2, 2, 1, 2, 3, -12 ] ], 
              [ [ 1, 1, 1, 3, 3, 1, 1, 3, 1, 3, 3, 3, 1, 1, 1, 1, 1, -11 ], [ 1, 3, 3, 1, 1, 3, 3, 1, 3, 1, 1, 1, 3, 3, 3, 3, 3, -15 ] ], 
              [ [ 1, 2, 2, 2, 2, 2, 0, 3, 2, 2, 1, 3, 1, 2, 2, 2, 2, -13 ], [ 1, 2, 2, 2, 2, 2, 4, 1, 2, 2, 3, 1, 3, 2, 2, 2, 2, -13 ] ], 
              [ [ 1, 2, 2, 2, 2, 1, 1, 2, 2, 3, 2, 2, 0, 2, 3, 2, 2, -12 ], [ 1, 2, 2, 2, 2, 3, 3, 2, 2, 1, 2, 2, 4, 2, 1, 2, 2, -14 ] ], 
              [ [ 1, 0, 1, 4, 3, 3, 2, 2, 2, 4, 2, 2, 1, 2, 2, 2, 2, -14 ], [ 1, 4, 3, 0, 1, 1, 2, 2, 2, 0, 2, 2, 3, 2, 2, 2, 2, -12 ] ], 
              [ [ 1, 1, 2, 0, 2, 2, 3, 3, 3, 3, 3, 1, 0, 3, 3, 3, 1, -15 ], [ 1, 3, 2, 4, 2, 2, 1, 1, 1, 1, 1, 3, 4, 1, 1, 1, 3, -11 ] ], 
              [ [ 1, 3, 3, 1, 2, 1, 4, 2, 0, 1, 3, 1, 1, 1, 3, 3, 2, -12 ], [ 1, 1, 1, 3, 2, 3, 0, 2, 4, 3, 1, 3, 3, 3, 1, 1, 2, -14 ] ], 
              [ [ 1, 2, 2, 3, 2, 2, 2, 2, 0, 1, 3, 2, 2, 0, 2, 3, 2, -12 ], [ 1, 2, 2, 1, 2, 2, 2, 2, 4, 3, 1, 2, 2, 4, 2, 1, 2, -14 ] ], 
              [ [ 1, 2, 2, 2, 1, 2, 0, 3, 1, 0, 2, 2, 2, 0, 2, 2, 3, -11 ], [ 1, 2, 2, 2, 3, 2, 4, 1, 3, 4, 2, 2, 2, 4, 2, 2, 1, -15 ] ], 
              [ [ 1, 2, 1, 1, 2, 0, 2, 2, 1, 0, 2, 2, 2, 0, 2, 2, 3, -8 ], [ 1, 2, 3, 3, 2, 4, 2, 2, 3, 4, 2, 2, 2, 4, 2, 2, 1, -18 ] ], 
              [ [ 1, 4, 2, 1, 1, 1, 3, 1, 1, 1, 2, 1, 1, 1, 3, 4, 2, -11 ], [ 1, 0, 2, 3, 3, 3, 1, 3, 3, 3, 2, 3, 3, 3, 1, 0, 2, -15 ] ], 
              [ [ 1, 2, 2, 3, 3, 1, 3, 1, 0, 2, 2, 3, 2, 0, 2, 3, 3, -11 ], [ 1, 2, 2, 1, 1, 3, 1, 3, 4, 2, 2, 1, 2, 4, 2, 1, 1, -15 ] ], 
              [ [ 1, 3, 2, 2, 1, 2, 2, 2, 1, 1, 1, 1, 2, 1, 3, 4, 2, -12 ], [ 1, 1, 2, 2, 3, 2, 2, 2, 3, 3, 3, 3, 2, 3, 1, 0, 2, -14 ] ], 
              [ [ 1, 1, 1, 3, 3, 1, 1, 3, 1, 1, 3, 3, 3, -2, 1, 1, 3, -9 ], [ 1, 3, 3, 1, 1, 3, 3, 1, 3, 3, 1, 1, 1, 6, 3, 3, 1, -17 ] ], 
              [ [ 1, 2, 2, 2, 3, 1, 2, 3, 1, 1, 2, 2, 3, 0, 3, 2, 3, -11 ], [ 1, 2, 2, 2, 1, 3, 2, 1, 3, 3, 2, 2, 1, 4, 1, 2, 1, -15 ] ], 
              [ [ 1, 3, 3, 3, 3, 1, 3, 1, -2, 3, 3, 3, 1, 1, 1, 3, 1, -12 ], [ 1, 1, 1, 1, 1, 3, 1, 3, 6, 1, 1, 1, 3, 3, 3, 1, 3, -14 ] ], 
              [ [ 1, 4, 3, 2, 2, 2, 2, 2, 0, 2, 1, 2, 2, 1, 2, 4, 1, -13 ], [ 1, 0, 1, 2, 2, 2, 2, 2, 4, 2, 3, 2, 2, 3, 2, 0, 3, -13 ] ], 
              [ [ 1, 2, 2, 3, 2, 3, 2, 2, 1, 3, 1, 1, 2, 1, 2, 3, 2, -13 ], [ 1, 2, 2, 1, 2, 1, 2, 2, 3, 1, 3, 3, 2, 3, 2, 1, 2, -13 ] ], 
              [ [ 1, 2, 1, 3, 1, 3, 1, 1, 1, 2, 0, 1, 2, 2, 2, 4, 2, -12 ], [ 1, 2, 3, 1, 3, 1, 3, 3, 3, 2, 4, 3, 2, 2, 2, 0, 2, -14 ] ], 
              [ [ 1, 1, 2, 2, 1, 4, 1, 1, 2, 1, 1, 3, 3, 1, 3, 3, 4, -14 ], [ 1, 3, 2, 2, 3, 0, 3, 3, 2, 3, 3, 1, 1, 3, 1, 1, 0, -12 ] ], 
              [ [ 1, 0, 1, 2, 2, 2, 2, 2, 2, 2, 3, 2, 2, 0, 2, 3, 3, -12 ], [ 1, 4, 3, 2, 2, 2, 2, 2, 2, 2, 1, 2, 2, 4, 2, 1, 1, -14 ] ], 
              [ [ 1, 1, 2, 2, 2, 2, 2, 2, 0, 3, 4, 2, 1, 1, 1, 3, 1, -13 ], [ 1, 3, 2, 2, 2, 2, 2, 2, 4, 1, 0, 2, 3, 3, 3, 1, 3, -13 ] ], 
              [ [ 1, 2, 3, 1, 1, 3, 1, 2, 1, 2, 2, 2, 1, 2, 2, 4, 2, -15 ], [ 1, 2, 1, 3, 3, 1, 3, 2, 3, 2, 2, 2, 3, 2, 2, 0, 2, -11 ] ], 
              [ [ 1, 1, 3, 3, 2, 3, 1, 2, 0, 4, 3, 3, 1, 1, 1, 3, 2, -15 ], [ 1, 3, 1, 1, 2, 1, 3, 2, 4, 0, 1, 1, 3, 3, 3, 1, 2, -11 ] ], 
              [ [ 1, 1, 2, 2, 4, 2, 3, 3, 0, 3, 3, 3, 3, 1, 1, 3, 1, -14 ], [ 1, 3, 2, 2, 0, 2, 1, 1, 4, 1, 1, 1, 1, 3, 3, 1, 3, -12 ] ], 
              [ [ 1, 1, 2, 1, 2, 2, 2, 2, 1, 2, 1, 2, 2, 2, 2, 4, 2, -13 ], [ 1, 3, 2, 3, 2, 2, 2, 2, 3, 2, 3, 2, 2, 2, 2, 0, 2, -13 ] ], 
              [ [ 1, 3, 3, 1, 1, 3, 3, 1, 1, 3, 1, 1, 1, 3, 3, 6, 1, -16 ], [ 1, 1, 1, 3, 3, 1, 1, 3, 3, 1, 3, 3, 3, 1, 1, -2, 3, -10 ] ], 
              [ [ 1, 3, 3, 1, 2, 3, 2, 3, 1, 3, 2, 2, 2, 2, 2, 4, 1, -16 ], [ 1, 1, 1, 3, 2, 1, 2, 1, 3, 1, 2, 2, 2, 2, 2, 0, 3, -10 ] ], 
              [ [ 1, 1, 2, 2, 3, 2, 2, 2, 1, 3, 3, 3, 2, 0, 1, 3, 2, -13 ], [ 1, 3, 2, 2, 1, 2, 2, 2, 3, 1, 1, 1, 2, 4, 3, 1, 2, -13 ] ], 
              [ [ 1, 2, 3, 1, 3, 2, 3, 2, 1, 3, 2, 2, 2, 2, 3, 4, 2, -15 ], [ 1, 2, 1, 3, 1, 2, 1, 2, 3, 1, 2, 2, 2, 2, 1, 0, 2, -11 ] ], 
              [ [ 1, 2, 2, 1, 1, 3, 1, 3, 2, 2, 2, 1, 2, 1, 2, 4, 1, -14 ], [ 1, 2, 2, 3, 3, 1, 3, 1, 2, 2, 2, 3, 2, 3, 2, 0, 3, -12 ] ], 
              [ [ 1, 1, 2, 2, 3, 1, 3, 1, 0, 4, 3, 3, 1, 1, 1, 3, 2, -12 ], [ 1, 3, 2, 2, 1, 3, 1, 3, 4, 0, 1, 1, 3, 3, 3, 1, 2, -14 ] ], 
              [ [ 1, 2, 2, 1, 1, 2, 2, 2, 1, 3, 2, 1, 1, 2, 2, 4, 1, -13 ], [ 1, 2, 2, 3, 3, 2, 2, 2, 3, 1, 2, 3, 3, 2, 2, 0, 3, -13 ] ], 
              [ [ 1, 0, 2, 3, 3, 3, 1, 3, 1, 3, 2, 3, 3, 0, 1, 3, 2, -14 ], [ 1, 4, 2, 1, 1, 1, 3, 1, 3, 1, 2, 1, 1, 4, 3, 1, 2, -12 ] ], 
              [ [ 1, 2, 2, 1, 2, 2, 2, 2, 2, 3, 1, 2, 2, 1, 2, 4, 2, -13 ], [ 1, 2, 2, 3, 2, 2, 2, 2, 2, 1, 3, 2, 2, 3, 2, 0, 2, -13 ] ], 
              [ [ 1, 3, 1, 1, 1, 1, 1, 3, 3, -2, 1, 1, 3, 1, 3, 1, 3, -9 ], [ 1, 1, 3, 3, 3, 3, 3, 1, 1, 6, 3, 3, 1, 3, 1, 3, 1, -17 ] ], 
              [ [ 1, 3, 1, 2, 2, 0, 2, 2, 2, 0, 3, 2, 2, 0, 2, 0, 3, -8 ], [ 1, 1, 3, 2, 2, 4, 2, 2, 2, 4, 1, 2, 2, 4, 2, 4, 1, -18 ] ], 
              [ [ 1, 3, 2, 3, 2, 2, 2, 2, 2, 0, 1, 2, 3, 1, 3, 2, 3, -12 ], [ 1, 1, 2, 1, 2, 2, 2, 2, 2, 4, 3, 2, 1, 3, 1, 2, 1, -14 ] ], 
              [ [ 1, 2, 1, 3, 2, 1, 1, 3, 2, 0, 2, 2, 3, 0, 2, 0, 3, -9 ], [ 1, 2, 3, 1, 2, 3, 3, 1, 2, 4, 2, 2, 1, 4, 2, 4, 1, -17 ] ], 
              [ [ 1, 4, 3, 3, 2, 2, 2, 2, 0, 1, 2, 2, 2, 2, 2, 2, 1, -13 ], [ 1, 0, 1, 1, 2, 2, 2, 2, 4, 3, 2, 2, 2, 2, 2, 2, 3, -13 ] ], 
              [ [ 1, 4, 3, 3, 1, 1, 2, 0, 0, 2, 2, 2, 0, 2, 2, 2, 2, -11 ], [ 1, 0, 1, 1, 3, 3, 2, 4, 4, 2, 2, 2, 4, 2, 2, 2, 2, -15 ] ], 
              [ [ 1, 3, 2, 2, 2, 0, 1, 4, 1, 1, 3, 1, 1, 1, 1, 1, 1, -10 ], [ 1, 1, 2, 2, 2, 4, 3, 0, 3, 3, 1, 3, 3, 3, 3, 3, 3, -16 ] ], 
              [ [ 1, 4, 2, 2, 3, 0, 4, 1, 0, 1, 2, 2, 2, 2, 2, 2, 1, -10 ], [ 1, 0, 2, 2, 1, 4, 0, 3, 4, 3, 2, 2, 2, 2, 2, 2, 3, -16 ] ], 
              [ [ 1, 4, 2, 1, 2, 0, 2, 2, 1, 0, 1, 2, 2, 2, 2, 1, 2, -9 ], [ 1, 0, 2, 3, 2, 4, 2, 2, 3, 4, 3, 2, 2, 2, 2, 3, 2, -17 ] ], 
              [ [ 1, 6, 3, 1, 1, 1, 3, 1, 1, 1, 1, 1, 1, 3, 3, 3, 1, -12 ], [ 1, -2, 1, 3, 3, 3, 1, 3, 3, 3, 3, 3, 3, 1, 1, 1, 3, -14 ] ], 
              [ [ 1, 3, 1, 1, 3, -2, 3, 3, 1, 1, 3, 1, 1, 1, 1, 1, 1, -7 ], [ 1, 1, 3, 3, 1, 6, 1, 1, 3, 3, 1, 3, 3, 3, 3, 3, 3, -19 ] ], 
              [ [ 1, 4, 3, 3, 3, 1, 3, 1, 0, 2, 1, 3, 2, 2, 2, 2, 2, -12 ], [ 1, 0, 1, 1, 1, 3, 1, 3, 4, 2, 3, 1, 2, 2, 2, 2, 2, -14 ] ], 
              [ [ 1, 3, 2, 3, 2, 1, 2, 1, 1, 1, 1, 2, 2, 1, 2, 2, 2, -10 ], [ 1, 1, 2, 1, 2, 3, 2, 3, 3, 3, 3, 2, 2, 3, 2, 2, 2, -16 ] ], 
              [ [ 1, 3, 2, 3, 3, 1, 1, 3, 1, 1, 2, 3, 3, 0, 1, 0, 2, -10 ], [ 1, 1, 2, 1, 1, 3, 3, 1, 3, 3, 2, 1, 1, 4, 3, 4, 2, -16 ] ], 
              [ [ 1, 3, 1, 3, 2, 1, 0, 2, 1, 0, 1, 3, 3, 1, 1, 1, 2, -9 ], [ 1, 1, 3, 1, 2, 3, 4, 2, 3, 4, 3, 1, 1, 3, 3, 3, 2, -17 ] ], 
              [ [ 1, 4, 3, 1, 2, 1, 2, 2, 1, 1, 2, 3, 2, 2, 2, 3, 1, -13 ], [ 1, 0, 1, 3, 2, 3, 2, 2, 3, 3, 2, 1, 2, 2, 2, 1, 3, -13 ] ], 
              [ [ 1, 3, 2, 1, 2, 0, 1, 3, 1, 1, 3, 3, 2, 1, 1, 1, 1, -10 ], [ 1, 1, 2, 3, 2, 4, 3, 1, 3, 3, 1, 1, 2, 3, 3, 3, 3, -16 ] ], 
              [ [ 1, 1, 1, 4, 2, 3, 2, 2, 3, 1, 1, 1, 3, 1, 3, 1, 4, -12 ], [ 1, 3, 3, 0, 2, 1, 2, 2, 1, 3, 3, 3, 1, 3, 1, 3, 0, -14 ] ], 
              [ [ 1, 2, 2, 4, 2, 3, 2, 2, 1, 2, 2, 1, 2, 2, 2, 1, 2, -13 ], [ 1, 2, 2, 0, 2, 1, 2, 2, 3, 2, 2, 3, 2, 2, 2, 3, 2, -13 ] ], 
              [ [ 1, 2, 2, 3, 2, 2, 2, 3, 2, 2, 2, 0, 1, 2, 2, 2, 2, -13 ], [ 1, 2, 2, 1, 2, 2, 2, 1, 2, 2, 2, 4, 3, 2, 2, 2, 2, -13 ] ], 
              [ [ 1, 2, 1, 3, 3, 1, 4, 1, 1, 2, 2, 1, 2, 2, 2, 1, 2, -10 ], [ 1, 2, 3, 1, 1, 3, 0, 3, 3, 2, 2, 3, 2, 2, 2, 3, 2, -16 ] ], 
              [ [ 1, 3, 2, 2, 2, 2, 3, 1, 2, 1, 0, 1, 2, 3, 3, 2, 3, -12 ], [ 1, 1, 2, 2, 2, 2, 1, 3, 2, 3, 4, 3, 2, 1, 1, 2, 1, -14 ] ], 
              [ [ 1, 4, 2, 2, 1, 2, 3, 1, 2, 2, 1, 0, 1, 3, 3, 2, 2, -12 ], [ 1, 0, 2, 2, 3, 2, 1, 3, 2, 2, 3, 4, 3, 1, 1, 2, 2, -14 ] ], 
              [ [ 1, 3, 1, 2, 2, 1, 3, 3, 2, 2, 2, 0, 1, 2, 1, 2, 1, -11 ], [ 1, 1, 3, 2, 2, 3, 1, 1, 2, 2, 2, 4, 3, 2, 3, 2, 3, -15 ] ], 
              [ [ 1, 2, 1, 2, 3, 0, 4, 2, 2, 2, 2, 0, 1, 2, 2, 2, 2, -10 ], [ 1, 2, 3, 2, 1, 4, 0, 2, 2, 2, 2, 4, 3, 2, 2, 2, 2, -16 ] ], 
              [ [ 1, 3, 1, 1, 1, 1, 3, 3, 3, 1, 1, -2, 1, 3, 3, 3, 1, -11 ], [ 1, 1, 3, 3, 3, 3, 1, 1, 1, 3, 3, 6, 3, 1, 1, 1, 3, -15 ] ], 
              [ [ 1, 2, 2, 4, 3, 3, 2, 2, 2, 2, 1, 2, 3, 1, 2, 1, 3, -13 ], [ 1, 2, 2, 0, 1, 1, 2, 2, 2, 2, 3, 2, 1, 3, 2, 3, 1, -13 ] ], 
              [ [ 1, 2, 2, 4, 3, 2, 3, 1, 1, 3, 1, 2, 2, 2, 2, 1, 3, -12 ], [ 1, 2, 2, 0, 1, 2, 1, 3, 3, 1, 3, 2, 2, 2, 2, 3, 1, -14 ] ], 
              [ [ 1, 1, 1, 4, 2, 2, 2, 1, 2, 2, 1, 1, 2, 1, 2, 1, 3, -10 ], [ 1, 3, 3, 0, 2, 2, 2, 3, 2, 2, 3, 3, 2, 3, 2, 3, 1, -16 ] ], 
              [ [ 1, 1, 1, 3, 3, 1, 3, 3, 2, 2, 1, 0, 2, 2, 2, 2, 2, -11 ], [ 1, 3, 3, 1, 1, 3, 1, 1, 2, 2, 3, 4, 2, 2, 2, 2, 2, -15 ] ], 
              [ [ 1, 3, 1, 2, 2, 2, 3, 2, 3, 1, 0, 0, 3, 2, 3, 2, 2, -11 ], [ 1, 1, 3, 2, 2, 2, 1, 2, 1, 3, 4, 4, 1, 2, 1, 2, 2, -15 ] ], 
              [ [ 1, 2, 1, 4, 2, 3, 1, 1, 2, 1, 0, 2, 3, 2, 2, 2, 3, -12 ], [ 1, 2, 3, 0, 2, 1, 3, 3, 2, 3, 4, 2, 1, 2, 2, 2, 1, -14 ] ], 
              [ [ 1, 2, 1, 4, 2, 2, 2, 0, 1, 2, 0, 2, 2, 3, 2, 2, 3, -11 ], [ 1, 2, 3, 0, 2, 2, 2, 4, 3, 2, 4, 2, 2, 1, 2, 2, 1, -15 ] ], 
              [ [ 1, 1, 0, 4, 2, 2, 0, 2, 2, 1, 1, 2, 3, 1, 1, 0, 3, -9 ], [ 1, 3, 4, 0, 2, 2, 4, 2, 2, 3, 3, 2, 1, 3, 3, 4, 1, -17 ] ], 
              [ [ 1, 1, 0, 3, 3, 1, 1, 4, 2, 1, 1, 1, 3, 2, 1, 1, 2, -10 ], [ 1, 3, 4, 1, 1, 3, 3, 0, 2, 3, 3, 3, 1, 2, 3, 3, 2, -16 ] ], 
              [ [ 1, 3, 1, 4, 1, 3, 1, 1, 2, 2, 1, 1, 2, 2, 2, 2, 2, -12 ], [ 1, 1, 3, 0, 3, 1, 3, 3, 2, 2, 3, 3, 2, 2, 2, 2, 2, -14 ] ], 
              [ [ 1, 3, 1, 3, 2, 2, 2, 3, 2, 2, 1, 0, 2, 3, 2, 3, 1, -13 ], [ 1, 1, 3, 1, 2, 2, 2, 1, 2, 2, 3, 4, 2, 1, 2, 1, 3, -13 ] ], 
              [ [ 1, 1, 1, 6, 3, 3, 1, 1, 1, 3, 1, 3, 3, 1, 1, 1, 3, -12 ], [ 1, 3, 3, -2, 1, 1, 3, 3, 3, 1, 3, 1, 1, 3, 3, 3, 1, -14 ] ], 
              [ [ 1, 1, 0, 3, 2, 1, 0, 3, 3, 1, 1, 1, 2, 1, 1, 1, 3, -9 ], [ 1, 3, 4, 1, 2, 3, 4, 1, 1, 3, 3, 3, 2, 3, 3, 3, 1, -17 ] ], 
              [ [ 1, 3, 1, 4, 3, 3, 2, 2, 2, 2, 0, 2, 4, 2, 2, 2, 2, -13 ], [ 1, 1, 3, 0, 1, 1, 2, 2, 2, 2, 4, 2, 0, 2, 2, 2, 2, -13 ] ], 
              [ [ 1, 2, 0, 4, 2, 2, 2, 1, 2, 2, 0, 1, 3, 2, 2, 2, 2, -10 ], [ 1, 2, 4, 0, 2, 2, 2, 3, 2, 2, 4, 3, 1, 2, 2, 2, 2, -16 ] ], 
              [ [ 1, 3, 1, 3, 1, 3, 1, 1, 3, 1, -2, 1, 3, 3, 3, 3, 3, -12 ], [ 1, 1, 3, 1, 3, 1, 3, 3, 1, 3, 6, 3, 1, 1, 1, 1, 1, -14 ] ], 
              [ [ 1, 3, 1, 4, 2, 2, 2, 0, 2, 3, 0, 2, 2, 2, 2, 2, 3, -11 ], [ 1, 1, 3, 0, 2, 2, 2, 4, 2, 1, 4, 2, 2, 2, 2, 2, 1, -15 ] ], 
              [ [ 1, 2, 0, 3, 2, 1, 2, 2, 3, 2, 0, 0, 2, 2, 2, 3, 2, -10 ], [ 1, 2, 4, 1, 2, 3, 2, 2, 1, 2, 4, 4, 2, 2, 2, 1, 2, -16 ] ], 
              [ [ 1, 2, 0, 3, 3, 1, 1, 4, 3, 2, 1, 1, 3, 1, 1, 1, 2, -10 ], [ 1, 2, 4, 1, 1, 3, 3, 0, 1, 2, 3, 3, 1, 3, 3, 3, 2, -16 ] ], 
              [ [ 1, 3, 1, 3, 2, 1, 2, 2, 1, 3, 1, 0, 1, 3, 1, 3, 0, -11 ], [ 1, 1, 3, 1, 2, 3, 2, 2, 3, 1, 3, 4, 3, 1, 3, 1, 4, -15 ] ], 
              [ [ 1, 2, 2, 0, 1, 2, 3, 3, 4, 0, 2, 0, 2, 2, 4, 2, 3, -13 ], [ 1, 2, 2, 4, 3, 2, 1, 1, 0, 4, 2, 4, 2, 2, 0, 2, 1, -13 ] ], 
              [ [ 1, 3, 3, 1, 1, 2, 4, 1, 1, 2, 3, 1, 0, 3, 2, 3, 1, -14 ], [ 1, 1, 1, 3, 3, 2, 0, 3, 3, 2, 1, 3, 4, 1, 2, 1, 3, -12 ] ], 
              [ [ 1, 2, 3, 1, 3, 1, 4, 2, 1, 2, 4, 2, 1, 2, 2, 1, 2, -13 ], [ 1, 2, 1, 3, 1, 3, 0, 2, 3, 2, 0, 2, 3, 2, 2, 3, 2, -13 ] ], 
              [ [ 1, 3, 3, 0, 1, 2, 3, 3, 2, 1, 3, 0, 1, 3, 3, 2, 1, -14 ], [ 1, 1, 1, 4, 3, 2, 1, 1, 2, 3, 1, 4, 3, 1, 1, 2, 3, -12 ] ], 
              [ [ 1, 1, 3, 2, 3, 2, 3, 3, 1, 2, 3, 2, 2, 2, 2, 1, 2, -14 ], [ 1, 3, 1, 2, 1, 2, 1, 1, 3, 2, 1, 2, 2, 2, 2, 3, 2, -12 ] ], 
              [ [ 1, 3, 4, 2, 2, 3, 4, 2, 1, 3, 3, 1, 1, 3, 3, 3, 1, -17 ], [ 1, 1, 0, 2, 2, 1, 0, 2, 3, 1, 1, 3, 3, 1, 1, 1, 3, -9 ] ], 
              [ [ 1, 1, 3, 2, 2, 2, 2, 2, 2, 2, 3, 2, 1, 1, 2, 1, 3, -13 ], [ 1, 3, 1, 2, 2, 2, 2, 2, 2, 2, 1, 2, 3, 3, 2, 3, 1, -13 ] ], 
              [ [ 1, 3, 3, 1, 3, 1, 6, 1, 1, 3, 3, 1, 1, 3, 3, 3, 1, -14 ], [ 1, 1, 1, 3, 1, 3, -2, 3, 3, 1, 1, 3, 3, 1, 1, 1, 3, -12 ] ], 
              [ [ 1, 2, 2, 1, 3, 1, 4, 3, 2, 2, 4, 1, 2, 1, 2, 1, 1, -12 ], [ 1, 2, 2, 3, 1, 3, 0, 1, 2, 2, 0, 3, 2, 3, 2, 3, 3, -14 ] ], 
              [ [ 1, 3, 3, 0, 2, 2, 3, 3, 3, 1, 2, 1, 2, 2, 3, 2, 2, -14 ], [ 1, 1, 1, 4, 2, 2, 1, 1, 1, 3, 2, 3, 2, 2, 1, 2, 2, -12 ] ], 
              [ [ 1, 2, 2, 1, 2, 1, 3, 2, 2, 2, 3, 2, 1, 1, 1, 1, 2, -11 ], [ 1, 2, 2, 3, 2, 3, 1, 2, 2, 2, 1, 2, 3, 3, 3, 3, 2, -15 ] ], 
              [ [ 1, 3, 3, 0, 2, 1, 4, 2, 2, 2, 2, 1, 1, 3, 3, 2, 2, -13 ], [ 1, 1, 1, 4, 2, 3, 0, 2, 2, 2, 2, 3, 3, 1, 1, 2, 2, -13 ] ], 
              [ [ 1, 2, 2, 0, 1, 1, 3, 2, 3, 1, 2, 0, 1, 2, 3, 2, 2, -11 ], [ 1, 2, 2, 4, 3, 3, 1, 2, 1, 3, 2, 4, 3, 2, 1, 2, 2, -15 ] ], 
              [ [ 1, 2, 3, 2, 2, 2, 4, 1, 2, 3, 2, 1, 1, 2, 3, 3, 2, -14 ], [ 1, 2, 1, 2, 2, 2, 0, 3, 2, 1, 2, 3, 3, 2, 1, 1, 2, -12 ] ], 
              [ [ 1, 2, 3, 2, 3, 2, 3, 3, 2, 3, 3, 2, 2, 1, 2, 1, 2, -14 ], [ 1, 2, 1, 2, 1, 2, 1, 1, 2, 1, 1, 2, 2, 3, 2, 3, 2, -12 ] ], 
              [ [ 1, 2, 2, 3, 1, 4, 1, 1, 3, 1, 2, 3, 3, 1, 3, 1, 4, -14 ], [ 1, 2, 2, 1, 3, 0, 3, 3, 1, 3, 2, 1, 1, 3, 1, 3, 0, -12 ] ], 
              [ [ 1, 2, 2, 2, 2, 3, 2, 3, 3, 1, 2, 2, 3, 2, 3, 2, 3, -15 ], [ 1, 2, 2, 2, 2, 1, 2, 1, 1, 3, 2, 2, 1, 2, 1, 2, 1, -11 ] ], 
              [ [ 1, 1, 1, 2, 1, 3, 1, 3, 4, 0, 2, 1, 3, 1, 3, 2, 3, -13 ], [ 1, 3, 3, 2, 3, 1, 3, 1, 0, 4, 2, 3, 1, 3, 1, 2, 1, -13 ] ], 
              [ [ 1, 1, 1, 2, 1, 2, 2, 2, 3, 1, 2, 1, 2, 2, 3, 2, 3, -12 ], [ 1, 3, 3, 2, 3, 2, 2, 2, 1, 3, 2, 3, 2, 2, 1, 2, 1, -14 ] ], 
              [ [ 1, 1, 1, 3, 2, 3, 2, 1, 3, 1, 1, 3, 4, 1, 3, 1, 4, -12 ], [ 1, 3, 3, 1, 2, 1, 2, 3, 1, 3, 3, 1, 0, 3, 1, 3, 0, -14 ] ], 
              [ [ 1, 1, 1, 2, 2, 2, 2, 2, 4, 1, 1, 2, 3, 1, 3, 2, 4, -12 ], [ 1, 3, 3, 2, 2, 2, 2, 2, 0, 3, 3, 2, 1, 3, 1, 2, 0, -14 ] ], 
              [ [ 1, 1, 2, 2, 2, 2, 2, 2, 1, 1, 2, 2, 2, 3, 2, 2, 2, -13 ], [ 1, 3, 2, 2, 2, 2, 2, 2, 3, 3, 2, 2, 2, 1, 2, 2, 2, -13 ] ], 
              [ [ 1, 3, 3, 2, 1, 3, 3, 1, 1, 2, 2, 1, 1, 4, 3, 4, 1, -16 ], [ 1, 1, 1, 2, 3, 1, 1, 3, 3, 2, 2, 3, 3, 0, 1, 0, 3, -10 ] ], 
              [ [ 1, 3, 3, 2, 2, 3, 2, 3, 1, 2, 3, 2, 2, 3, 2, 2, 1, -16 ], [ 1, 1, 1, 2, 2, 1, 2, 1, 3, 2, 1, 2, 2, 1, 2, 2, 3, -10 ] ], 
              [ [ 1, 1, 2, 3, 3, 2, 2, 2, 1, 2, 4, 3, 2, 1, 1, 1, 2, -13 ], [ 1, 3, 2, 1, 1, 2, 2, 2, 3, 2, 0, 1, 2, 3, 3, 3, 2, -13 ] ], 
              [ [ 1, 2, 3, 2, 3, 2, 3, 2, 1, 2, 3, 2, 2, 3, 3, 2, 2, -15 ], [ 1, 2, 1, 2, 1, 2, 1, 2, 3, 2, 1, 2, 2, 1, 1, 2, 2, -11 ] ], 
              [ [ 1, 2, 2, 2, 1, 3, 1, 3, 2, 1, 3, 1, 2, 2, 2, 2, 1, -14 ], [ 1, 2, 2, 2, 3, 1, 3, 1, 2, 3, 1, 3, 2, 2, 2, 2, 3, -12 ] ], 
              [ [ 1, 1, 2, 3, 3, 1, 3, 1, 0, 3, 4, 3, 1, 2, 1, 1, 2, -12 ], [ 1, 3, 2, 1, 1, 3, 1, 3, 4, 1, 0, 1, 3, 2, 3, 3, 2, -14 ] ], 
              [ [ 1, 2, 2, 2, 1, 2, 2, 2, 1, 2, 3, 1, 1, 3, 2, 2, 1, -13 ], [ 1, 2, 2, 2, 3, 2, 2, 2, 3, 2, 1, 3, 3, 1, 2, 2, 3, -13 ] ], 
              [ [ 1, 0, 2, 4, 3, 3, 1, 3, 1, 2, 3, 3, 3, 1, 1, 1, 2, -14 ], [ 1, 4, 2, 0, 1, 1, 3, 1, 3, 2, 1, 1, 1, 3, 3, 3, 2, -12 ] ], 
              [ [ 1, 2, 3, 2, 2, 2, 2, 1, 1, 2, 2, 3, 1, 3, 2, 2, 3, -14 ], [ 1, 2, 1, 2, 2, 2, 2, 3, 3, 2, 2, 1, 3, 1, 2, 2, 1, -12 ] ], 
              [ [ 1, 2, 2, 2, 0, 3, 0, 2, 2, 1, 2, 2, 1, 2, 1, 2, 2, -13 ], [ 1, 2, 2, 2, 4, 1, 4, 2, 2, 3, 2, 2, 3, 2, 3, 2, 2, -13 ] ], 
              [ [ 1, 3, 3, 1, 0, 3, 1, 2, 2, 1, 1, 1, 1, 4, 3, 3, 2, -15 ], [ 1, 1, 1, 3, 4, 1, 3, 2, 2, 3, 3, 3, 3, 0, 1, 1, 2, -11 ] ], 
              [ [ 1, 1, 2, 2, 1, 2, 1, 1, 2, 1, 2, 2, 1, 2, 2, 2, 3, -12 ], [ 1, 3, 2, 2, 3, 2, 3, 3, 2, 3, 2, 2, 3, 2, 2, 2, 1, -14 ] ], 
              [ [ 1, 1, 2, 2, 2, 2, 0, 3, 2, 1, 3, 3, 2, 1, 1, 0, 3, -12 ], [ 1, 3, 2, 2, 2, 2, 4, 1, 2, 3, 1, 1, 2, 3, 3, 4, 1, -14 ] ], 
              [ [ 1, 3, 3, 2, 1, 3, 1, 2, 2, 2, 3, 2, 1, 2, 2, 2, 2, -15 ], [ 1, 1, 1, 2, 3, 1, 3, 2, 2, 2, 1, 2, 3, 2, 2, 2, 2, -11 ] ], 
              [ [ 1, 3, 3, 2, 1, 2, 2, 1, 1, 3, 3, 2, 0, 3, 2, 2, 2, -14 ], [ 1, 1, 1, 2, 3, 2, 2, 3, 3, 1, 1, 2, 4, 1, 2, 2, 2, -12 ] ], 
              [ [ 1, 2, 2, 2, 0, 2, 1, 1, 2, 2, 3, 1, 0, 2, 2, 2, 2, -12 ], [ 1, 2, 2, 2, 4, 2, 3, 3, 2, 2, 1, 3, 4, 2, 2, 2, 2, -14 ] ], 
              [ [ 1, 2, 2, 1, 1, 1, 2, 3, 2, 2, 3, 0, 0, 3, 2, 3, 1, -13 ], [ 1, 2, 2, 3, 3, 3, 2, 1, 2, 2, 1, 4, 4, 1, 2, 1, 3, -13 ] ], 
              [ [ 1, 1, 3, 4, 3, 3, 1, 2, 1, 3, 3, 4, 2, 1, 1, 1, 3, -15 ], [ 1, 3, 1, 0, 1, 1, 3, 2, 3, 1, 1, 0, 2, 3, 3, 3, 1, -11 ] ], 
              [ [ 1, 2, 3, 3, 1, 4, 0, 3, 2, 2, 2, 2, 2, 2, 2, 2, 2, -16 ], [ 1, 2, 1, 1, 3, 0, 4, 1, 2, 2, 2, 2, 2, 2, 2, 2, 2, -10 ] ], 
              [ [ 1, 1, 3, 3, 2, 3, 1, 2, 2, 2, 2, 2, 2, 2, 3, 2, 3, -15 ], [ 1, 3, 1, 1, 2, 1, 3, 2, 2, 2, 2, 2, 2, 2, 1, 2, 1, -11 ] ], 
              [ [ 1, 0, 2, 4, 2, 2, 1, 1, 1, 3, 3, 3, 1, 1, 1, 1, 3, -12 ], [ 1, 4, 2, 0, 2, 2, 3, 3, 3, 1, 1, 1, 3, 3, 3, 3, 1, -14 ] ], 
              [ [ 1, 3, 2, 1, 3, 1, 4, 2, 1, 2, 3, 2, 2, 3, 2, 2, 1, -13 ], [ 1, 1, 2, 3, 1, 3, 0, 2, 3, 2, 1, 2, 2, 1, 2, 2, 3, -13 ] ], 
              [ [ 1, 2, 1, 1, 2, 1, 3, 2, 2, 1, 3, 1, 2, 2, 2, 2, 1, -11 ], [ 1, 2, 3, 3, 2, 3, 1, 2, 2, 3, 1, 3, 2, 2, 2, 2, 3, -15 ] ], 
              [ [ 1, 3, 3, 3, 2, 4, 3, 0, 1, 2, 1, 3, 3, 3, 3, 3, 2, -16 ], [ 1, 1, 1, 1, 2, 0, 1, 4, 3, 2, 3, 1, 1, 1, 1, 1, 2, -10 ] ], 
              [ [ 1, 2, 2, 3, 2, 3, 2, 1, 1, 2, 2, 3, 3, 2, 2, 1, 2, -13 ], [ 1, 2, 2, 1, 2, 1, 2, 3, 3, 2, 2, 1, 1, 2, 2, 3, 2, -13 ] ], 
              [ [ 1, 2, 2, 2, 3, 3, 2, 4, 2, 1, 2, 2, 4, 2, 2, 2, 1, -15 ], [ 1, 2, 2, 2, 1, 1, 2, 0, 2, 3, 2, 2, 0, 2, 2, 2, 3, -11 ] ], 
              [ [ 1, 1, 1, 3, 3, 2, 2, 3, 1, 2, 3, 3, 3, 1, 0, 1, 1, -12 ], [ 1, 3, 3, 1, 1, 2, 2, 1, 3, 2, 1, 1, 1, 3, 4, 3, 3, -14 ] ], 
              [ [ 1, 2, 2, 2, 3, 2, 3, 3, 1, 2, 2, 2, 3, 3, 2, 2, 1, -14 ], [ 1, 2, 2, 2, 1, 2, 1, 1, 3, 2, 2, 2, 1, 1, 2, 2, 3, -12 ] ], 
              [ [ 1, 0, 1, 3, 4, 1, 3, 2, 1, 2, 3, 3, 3, 1, 1, 1, 2, -11 ], [ 1, 4, 3, 1, 0, 3, 1, 2, 3, 2, 1, 1, 1, 3, 3, 3, 2, -15 ] ], 
              [ [ 1, 1, 1, 2, 2, 2, 2, 3, 2, 1, 2, 1, 3, 2, 2, 2, 1, -12 ], [ 1, 3, 3, 2, 2, 2, 2, 1, 2, 3, 2, 3, 1, 2, 2, 2, 3, -14 ] ], 
              [ [ 1, 2, 2, 3, 3, 2, 4, 1, 1, 3, 3, 2, 2, 2, 2, 3, 1, -14 ], [ 1, 2, 2, 1, 1, 2, 0, 3, 3, 1, 1, 2, 2, 2, 2, 1, 3, -12 ] ], 
              [ [ 1, 2, 2, 3, 4, 2, 3, 3, 1, 3, 4, 3, 3, 1, 1, 1, 1, -14 ], [ 1, 2, 2, 1, 0, 2, 1, 1, 3, 1, 0, 1, 1, 3, 3, 3, 3, -12 ] ], 
              [ [ 1, 2, 2, 2, 3, 2, 3, 3, 2, 2, 3, 1, 3, 2, 3, 2, 1, -14 ], [ 1, 2, 2, 2, 1, 2, 1, 1, 2, 2, 1, 3, 1, 2, 1, 2, 3, -12 ] ], 
              [ [ 1, 1, 1, 3, 3, 1, 3, 2, 1, 3, 4, 2, 2, 1, 1, 1, 1, -11 ], [ 1, 3, 3, 1, 1, 3, 1, 2, 3, 1, 0, 2, 2, 3, 3, 3, 3, -15 ] ], 
              [ [ 1, 3, 2, 0, 1, 2, 2, 2, 3, 0, 1, 1, 2, 3, 3, 3, 2, -13 ], [ 1, 1, 2, 4, 3, 2, 2, 2, 1, 4, 3, 3, 2, 1, 1, 1, 2, -13 ] ], 
              [ [ 1, 2, 1, 1, 1, 1, 2, 1, 2, 1, 2, 2, 1, 2, 1, 2, 2, -10 ], [ 1, 2, 3, 3, 3, 3, 2, 3, 2, 3, 2, 2, 3, 2, 3, 2, 2, -16 ] ], 
              [ [ 1, 3, 2, 0, 1, 1, 3, 1, 2, 1, 1, 1, 1, 4, 3, 3, 2, -12 ], [ 1, 1, 2, 4, 3, 3, 1, 3, 2, 3, 3, 3, 3, 0, 1, 1, 2, -14 ] ], 
              [ [ 1, 2, 1, 0, 1, 1, 1, 3, 3, 0, 2, 1, 2, 2, 2, 1, 2, -10 ], [ 1, 2, 3, 4, 3, 3, 3, 1, 1, 4, 2, 3, 2, 2, 2, 3, 2, -16 ] ], 
              [ [ 1, 3, 3, 2, 1, 4, 1, 1, 2, 1, 0, 3, 3, 3, 3, 2, 3, -15 ], [ 1, 1, 1, 2, 3, 0, 3, 3, 2, 3, 4, 1, 1, 1, 1, 2, 1, -11 ] ], 
              [ [ 1, 2, 2, 2, 2, 3, 1, 3, 2, 1, 1, 3, 3, 2, 1, 2, 2, -14 ], [ 1, 2, 2, 2, 2, 1, 3, 1, 2, 3, 3, 1, 1, 2, 3, 2, 2, -12 ] ], 
              [ [ 1, 1, 2, 2, 3, 2, 2, 2, 2, 1, 1, 3, 3, 2, 2, 2, 3, -13 ], [ 1, 3, 2, 2, 1, 2, 2, 2, 2, 3, 3, 1, 1, 2, 2, 2, 1, -13 ] ], 
              [ [ 1, 2, 2, 1, 1, 3, 1, 3, 3, 0, 0, 1, 3, 3, 3, 3, 2, -14 ], [ 1, 2, 2, 3, 3, 1, 3, 1, 1, 4, 4, 3, 1, 1, 1, 1, 2, -12 ] ], 
              [ [ 1, 1, 1, 2, 1, 2, 1, 2, 2, 1, 1, 2, 2, 2, 1, 2, 2, -11 ], [ 1, 3, 3, 2, 3, 2, 3, 2, 2, 3, 3, 2, 2, 2, 3, 2, 2, -15 ] ], 
              [ [ 1, 0, 1, 2, 3, 1, 1, 3, 2, 1, 2, 3, 3, 1, 1, 0, 3, -10 ], [ 1, 4, 3, 2, 1, 3, 3, 1, 2, 3, 2, 1, 1, 3, 3, 4, 1, -16 ] ], 
              [ [ 1, 3, 2, 1, 2, 1, 3, 1, 2, 2, 3, 2, 1, 2, 2, 2, 2, -12 ], [ 1, 1, 2, 3, 2, 3, 1, 3, 2, 2, 1, 2, 3, 2, 2, 2, 2, -14 ] ], 
              [ [ 1, 4, 2, 0, 0, 2, 2, 2, 3, 1, 2, 0, 1, 3, 3, 3, 1, -13 ], [ 1, 0, 2, 4, 4, 2, 2, 2, 1, 3, 2, 4, 3, 1, 1, 1, 3, -13 ] ], 
              [ [ 1, 3, 3, 3, 1, 3, 3, -2, 1, 3, 1, 3, 1, 3, 3, 3, 3, -14 ], [ 1, 1, 1, 1, 3, 1, 1, 6, 3, 1, 3, 1, 3, 1, 1, 1, 1, -12 ] ], 
              [ [ 1, 3, 3, 3, 2, 3, 2, 0, 1, 3, 2, 4, 2, 2, 2, 1, 3, -14 ], [ 1, 1, 1, 1, 2, 1, 2, 4, 3, 1, 2, 0, 2, 2, 2, 3, 1, -12 ] ], 
              [ [ 1, 2, 2, 3, 1, 3, 1, 0, 2, 2, 2, 3, 2, 1, 2, 1, 3, -12 ], [ 1, 2, 2, 1, 3, 1, 3, 4, 2, 2, 2, 1, 2, 3, 2, 3, 1, -14 ] ], 
              [ [ 1, 3, 3, 2, 1, 3, 2, 0, 2, 2, 1, 2, 2, 3, 4, 2, 3, -14 ], [ 1, 1, 1, 2, 3, 1, 2, 4, 2, 2, 3, 2, 2, 1, 0, 2, 1, -12 ] ], 
              [ [ 1, 3, 3, 2, 2, 3, 3, 1, 2, 2, 1, 2, 2, 3, 3, 4, 2, -16 ], [ 1, 1, 1, 2, 2, 1, 1, 3, 2, 2, 3, 2, 2, 1, 1, 0, 2, -10 ] ], 
              [ [ 1, 2, 2, 3, 2, 2, 3, 0, 1, 3, 2, 3, 1, 2, 1, 3, 2, -13 ], [ 1, 2, 2, 1, 2, 2, 1, 4, 3, 1, 2, 1, 3, 2, 3, 1, 2, -13 ] ], 
              [ [ 1, 3, 3, 2, 2, 2, 4, 0, 1, 3, 1, 2, 1, 4, 3, 4, 2, -15 ], [ 1, 1, 1, 2, 2, 2, 0, 4, 3, 1, 3, 2, 3, 0, 1, 0, 2, -11 ] ], 
              [ [ 1, 3, 2, 2, 0, 3, 2, 1, 2, 2, 1, 1, 1, 3, 2, 4, 1, -14 ], [ 1, 1, 2, 2, 4, 1, 2, 3, 2, 2, 3, 3, 3, 1, 2, 0, 3, -12 ] ], 
              [ [ 1, 2, 2, 2, 1, 2, 3, 0, 2, 2, 1, 1, 1, 3, 3, 4, 2, -13 ], [ 1, 2, 2, 2, 3, 2, 1, 4, 2, 2, 3, 3, 3, 1, 1, 0, 2, -13 ] ], 
              [ [ 1, 3, 3, 2, 3, 3, 2, 3, 2, 2, 2, 3, 3, 2, 2, 2, 2, -16 ], [ 1, 1, 1, 2, 1, 1, 2, 1, 2, 2, 2, 1, 1, 2, 2, 2, 2, -10 ] ], 
              [ [ 1, 2, 2, 3, 3, 2, 2, 2, 1, 3, 3, 4, 2, 1, 0, 1, 2, -13 ], [ 1, 2, 2, 1, 1, 2, 2, 2, 3, 1, 1, 0, 2, 3, 4, 3, 2, -13 ] ], 
              [ [ 1, 3, 3, 2, 3, 2, 3, 2, 1, 3, 2, 3, 2, 3, 2, 2, 2, -15 ], [ 1, 1, 1, 2, 1, 2, 1, 2, 3, 1, 2, 1, 2, 1, 2, 2, 2, -11 ] ], 
              [ [ 1, 3, 2, 2, 1, 3, 1, 3, 2, 2, 2, 2, 2, 2, 1, 2, 1, -14 ], [ 1, 1, 2, 2, 3, 1, 3, 1, 2, 2, 2, 2, 2, 2, 3, 2, 3, -12 ] ], 
              [ [ 1, 2, 2, 2, 2, 3, 1, 3, 3, 1, 2, 2, 3, 1, 2, 2, 2, -14 ], [ 1, 2, 2, 2, 2, 1, 3, 1, 1, 3, 2, 2, 1, 3, 2, 2, 2, -12 ] ], 
              [ [ 1, 3, 3, 1, 2, 3, 2, 3, 3, 1, 1, 1, 3, 3, 4, 3, 2, -16 ], [ 1, 1, 1, 3, 2, 1, 2, 1, 1, 3, 3, 3, 1, 1, 0, 1, 2, -10 ] ], 
              [ [ 1, 1, 2, 3, 4, 1, 3, 1, 1, 3, 3, 4, 2, 1, 1, 1, 3, -12 ], [ 1, 3, 2, 1, 0, 3, 1, 3, 3, 1, 1, 0, 2, 3, 3, 3, 1, -14 ] ], 
              [ [ 1, 1, 1, 3, 2, 2, 1, 2, 2, 2, 3, 3, 2, 0, 0, 1, 2, -11 ], [ 1, 3, 3, 1, 2, 2, 3, 2, 2, 2, 1, 1, 2, 4, 4, 3, 2, -15 ] ] ],
          slins := [  ] ), 
      [ [ [ -1028835194, -107049642, -940866046, -280695566, -304174642, -1157381394, -132077454, -577374246, -532398534, -186438606, -653634734, 
                  -399484746, -59069350, -825886786, -39369242, -786889242, -184425222, -1181789700 ], 
              [ -107049642, -11138450, -97896523, -29206199, -31649181, -120424811, -13742577, -60075431, -55395735, -19398821, -68010287, -41566139, 
                  -6146129, -85933005, -4096345, -81875335, -19189331, -122964480 ], 
              [ -940866046, -97896523, -860418670, -256695111, -278166627, -1058421185, -120784369, -528006715, -486876579, -170497447, -597746657, 
                  -365327393, -54018713, -755270549, -36003033, -719607435, -168656221, -1080742500 ], 
              [ -280695566, -29206199, -256695111, -76581766, -82987521, -315766675, -36034501, -157524177, -145253517, -50865773, -178330213, -108990843, 
                  -16115805, -225325489, -10741053, -214685847, -50316467, -322425960 ], 
              [ -304174642, -31649181, -278166627, -82987521, -89929098, -342179295, -39048641, -170700441, -157403391, -55120491, -193246821, -118107489, 
                  -17463827, -244173063, -11639499, -232643457, -54525237, -349395600 ], [ -1157381394, -120424811, -1058421185, -315766675, -342179295, 
                  -1301988730, -148579685, -649513445, -598918299, -209732909, -735302185, -449397795, -66449685, -929076019, -44288175, -885205985, 
                  -207467975, -1329446700 ], [ -132077454, -13742577, -120784369, -36034501, -39048641, -148579685, -16955542, -74120845, -68347053, 
                  -23934193, -83910839, -51284149, -7583071, -106023823, -5054055, -101017485, -23675725, -151713120 ], 
              [ -577374246, -60075431, -528006715, -157524177, -170700441, -649513445, -74120845, -324017950, -298777923, -104627899, -366814739, 
                  -224187741, -33149261, -463481253, -22093713, -441596135, -103498009, -663211200 ], 
              [ -532398534, -55395735, -486876579, -145253517, -157403391, -598918299, -68347053, -298777923, -275504022, -96477699, -338240973, 
                  -206724189, -30567033, -427377455, -20372679, -407197123, -95435823, -611549040 ], 
              [ -186438606, -19398821, -170497447, -50865773, -55120491, -209732909, -23934193, -104627899, -96477699, -33785158, -118447313, -72391953, 
                  -10704153, -149661677, -7134231, -142594803, -33420307, -214156020 ], 
              [ -653634734, -68010287, -597746657, -178330213, -193246821, -735302185, -83910839, -366814739, -338240973, -118447313, -415264198, 
                  -253798803, -37527667, -524698573, -25011885, -499922835, -117168185, -750809160 ], 
              [ -399484746, -41566139, -365327393, -108990843, -118107489, -449397795, -51284149, -224187741, -206724189, -72391953, -253798803, 
                  -155115306, -22935945, -320682281, -15286621, -305539987, -71610183, -458875260 ], 
              [ -59069350, -6146129, -54018713, -16115805, -17463827, -66449685, -7583071, -33149261, -30567033, -10704153, -37527667, -22935945, 
                  -3391398, -47417315, -2260339, -45178317, -10588557, -67851060 ], 
              [ -825886786, -85933005, -755270549, -225325489, -244173063, -929076019, -106023823, -463481253, -427377455, -149661677, -524698573, 
                  -320682281, -47417315, -662972138, -31603255, -631667261, -148045461, -948669540 ], 
              [ -39369242, -4096345, -36003033, -10741053, -11639499, -44288175, -5054055, -22093713, -20372679, -7134231, -25011885, -15286621, -2260339, 
                  -31603255, -1506498, -30110981, -7057187, -45222180 ], [ -786889242, -81875335, -719607435, -214685847, -232643457, -885205985, 
                  -101017485, -441596135, -407197123, -142594803, -499922835, -305539987, -45178317, -631667261, -30110981, -601840570, -141054903, 
                  -903874320 ], [ -184425222, -19189331, -168656221, -50316467, -54525237, -207467975, -23675725, -103498009, -95435823, -33420307, 
                  -117168185, -71610183, -10588557, -148045461, -7057187, -141054903, -33059398, -211843320 ], 
              [ -1181789700, -122964480, -1080742500, -322425960, -349395600, -1329446700, -151713120, -663211200, -611549040, -214156020, -750809160, 
                  -458875260, -67851060, -948669540, -45222180, -903874320, -211843320, -1357483740 ] ], 
          [ 1, 2, 2, 2, 2, 2, 2, 2, 2, 2, 2, 2, 2, 2, 2, 2, 2, -13 ] ] ], [ rec(
          nopss := [ 0, 358 ],
          scons := [ [ [ 1, 2, 1, 2, 1, 1, 1, 2, 1, 1, 2, 1, 3, 2, 2, 2, 2, -14 ], [ 1, 2, 3, 2, 3, 3, 3, 2, 3, 3, 2, 3, 1, 2, 2, 2, 2, -18 ] ], 
              [ [ 1, 2, 0, 2, 0, 2, 0, 2, 2, 3, 2, 2, 3, 2, 2, 1, 2, -15 ], [ 1, 2, 4, 2, 4, 2, 4, 2, 2, 1, 2, 2, 1, 2, 2, 3, 2, -17 ] ], 
              [ [ 1, 3, 2, 1, 0, 2, 2, 2, 1, 3, 2, 2, 3, 2, 1, 3, 1, -16 ], [ 1, 1, 2, 3, 4, 2, 2, 2, 3, 1, 2, 2, 1, 2, 3, 1, 3, -16 ] ], 
              [ [ 1, 2, 1, 1, 0, 3, 2, 2, 1, 2, 2, 2, 4, 2, 2, 2, 2, -16 ], [ 1, 2, 3, 3, 4, 1, 2, 2, 3, 2, 2, 2, 0, 2, 2, 2, 2, -16 ] ], 
              [ [ 1, 3, 2, 1, 1, 2, 3, 2, 1, 2, 3, 4, 4, 2, 1, 2, 2, -19 ], [ 1, 1, 2, 3, 3, 2, 1, 2, 3, 2, 1, 0, 0, 2, 3, 2, 2, -13 ] ], 
              [ [ 1, 3, 2, 2, 0, 3, 2, 2, 1, 4, 3, 3, 2, 1, 1, 2, 1, -17 ], [ 1, 1, 2, 2, 4, 1, 2, 2, 3, 0, 1, 1, 2, 3, 3, 2, 3, -15 ] ], 
              [ [ 1, 3, 2, 2, 0, 3, 1, 2, 1, 3, 3, 3, 4, 3, 1, 3, 3, -21 ], [ 1, 1, 2, 2, 4, 1, 3, 2, 3, 1, 1, 1, 0, 1, 3, 1, 1, -11 ] ], 
              [ [ 1, 3, 2, 2, 1, 3, 2, 2, 1, 2, 4, 2, 3, 1, 1, 2, 1, -17 ], [ 1, 1, 2, 2, 3, 1, 2, 2, 3, 2, 0, 2, 1, 3, 3, 2, 3, -15 ] ], 
              [ [ 1, 2, 1, 2, 0, 3, 2, 1, 2, 1, 2, 0, 3, 1, 2, 1, 3, -14 ], [ 1, 2, 3, 2, 4, 1, 2, 3, 2, 3, 2, 4, 1, 3, 2, 3, 1, -18 ] ], 
              [ [ 1, 3, 1, 3, 1, 2, 3, 1, 1, 2, 1, 2, 3, 2, 1, 3, 2, -16 ], [ 1, 1, 3, 1, 3, 2, 1, 3, 3, 2, 3, 2, 1, 2, 3, 1, 2, -16 ] ], 
              [ [ 1, 2, 1, 3, 1, 2, 3, 1, 0, 0, 2, 2, 3, 2, 2, 1, 2, -14 ], [ 1, 2, 3, 1, 3, 2, 1, 3, 4, 4, 2, 2, 1, 2, 2, 3, 2, -18 ] ], 
              [ [ 1, 3, 1, 3, 1, 2, 2, 1, 1, 1, 3, 2, 3, 2, 1, 1, 1, -15 ], [ 1, 1, 3, 1, 3, 2, 2, 3, 3, 3, 1, 2, 1, 2, 3, 3, 3, -17 ] ], 
              [ [ 1, 3, 1, 1, -2, 3, 1, 1, 3, 3, 3, 1, 3, 1, 3, 1, 3, -16 ], [ 1, 1, 3, 3, 6, 1, 3, 3, 1, 1, 1, 3, 1, 3, 1, 3, 1, -16 ] ], 
              [ [ 1, 4, 1, 2, 0, 2, 2, 1, 2, 2, 3, 2, 4, 2, 2, 3, 2, -18 ], [ 1, 0, 3, 2, 4, 2, 2, 3, 2, 2, 1, 2, 0, 2, 2, 1, 2, -14 ] ], 
              [ [ 1, 2, 1, 1, 0, 2, 2, 1, 2, 2, 2, 2, 4, 2, 1, 2, 2, -15 ], [ 1, 2, 3, 3, 4, 2, 2, 3, 2, 2, 2, 2, 0, 2, 3, 2, 2, -17 ] ], 
              [ [ 1, 2, 0, 2, 0, 2, 1, 2, 2, 1, 3, 1, 3, 3, 2, 1, 2, -14 ], [ 1, 2, 4, 2, 4, 2, 3, 2, 2, 3, 1, 3, 1, 1, 2, 3, 2, -18 ] ], 
              [ [ 1, 2, 1, 3, 2, 2, 3, 1, 0, 1, 0, 1, 4, 2, 2, 3, 2, -15 ], [ 1, 2, 3, 1, 2, 2, 1, 3, 4, 3, 4, 3, 0, 2, 2, 1, 2, -17 ] ], 
              [ [ 1, 2, 1, 3, 1, 2, 2, 1, 0, 2, 1, 2, 3, 2, 2, 1, 1, -14 ], [ 1, 2, 3, 1, 3, 2, 2, 3, 4, 2, 3, 2, 1, 2, 2, 3, 3, -18 ] ], 
              [ [ 1, 3, 1, 1, 1, 1, 4, 1, 1, 2, 1, 3, 4, 1, 3, 2, 1, -15 ], [ 1, 1, 3, 3, 3, 3, 0, 3, 3, 2, 3, 1, 0, 3, 1, 2, 3, -17 ] ], 
              [ [ 1, 3, 1, 1, 1, 1, 3, 1, 1, 1, 1, 3, 6, 3, 3, 3, 3, -19 ], [ 1, 1, 3, 3, 3, 3, 1, 3, 3, 3, 3, 1, -2, 1, 1, 1, 1, -13 ] ], 
              [ [ 1, 3, 1, 2, 0, 2, 2, 1, 1, 3, 1, 2, 4, 2, 3, 3, 2, -17 ], [ 1, 1, 3, 2, 4, 2, 2, 3, 3, 1, 3, 2, 0, 2, 1, 1, 2, -15 ] ], 
              [ [ 1, 2, 2, 1, 1, 2, 2, 1, 1, 2, 1, 2, 4, 2, 2, 3, 1, -15 ], [ 1, 2, 2, 3, 3, 2, 2, 3, 3, 2, 3, 2, 0, 2, 2, 1, 3, -17 ] ], 
              [ [ 1, 3, 2, 1, 0, 2, 2, 1, 2, 2, 3, 2, 4, 1, 3, 1, 3, -18 ], [ 1, 1, 2, 3, 4, 2, 2, 3, 2, 2, 1, 2, 0, 3, 1, 3, 1, -14 ] ], 
              [ [ 1, 4, 2, 2, 1, 1, 3, 1, 1, 3, 2, 4, 4, 2, 2, 3, 2, -20 ], [ 1, 0, 2, 2, 3, 3, 1, 3, 3, 1, 2, 0, 0, 2, 2, 1, 2, -12 ] ], 
              [ [ 1, 2, 2, 2, 1, 2, 2, 1, 1, 3, 2, 2, 3, 1, 1, 2, 1, -15 ], [ 1, 2, 2, 2, 3, 2, 2, 3, 3, 1, 2, 2, 1, 3, 3, 2, 3, -17 ] ], 
              [ [ 1, 2, 1, 2, 1, 1, 2, 2, 1, 2, 2, 3, 3, 3, 2, 1, 2, -16 ], [ 1, 2, 3, 2, 3, 3, 2, 2, 3, 2, 2, 1, 1, 1, 2, 3, 2, -16 ] ], 
              [ [ 1, 3, 1, 3, 0, 2, 2, 0, 2, 2, 1, 0, 3, 1, 3, 2, 3, -15 ], [ 1, 1, 3, 1, 4, 2, 2, 4, 2, 2, 3, 4, 1, 3, 1, 2, 1, -17 ] ], 
              [ [ 1, 2, 0, 3, 2, 2, 2, 3, 2, 2, 2, 2, 3, 1, 2, 2, 2, -16 ], [ 1, 2, 4, 1, 2, 2, 2, 1, 2, 2, 2, 2, 1, 3, 2, 2, 2, -16 ] ], 
              [ [ 1, 2, 0, 2, 1, 1, 1, 4, 3, 3, 2, 1, 2, 2, 2, 3, 2, -15 ], [ 1, 2, 4, 2, 3, 3, 3, 0, 1, 1, 2, 3, 2, 2, 2, 1, 2, -17 ] ], 
              [ [ 1, 1, 1, 1, 1, 1, 2, 3, 2, 2, 2, 2, 3, 1, 2, 2, 2, -14 ], [ 1, 3, 3, 3, 3, 3, 2, 1, 2, 2, 2, 2, 1, 3, 2, 2, 2, -18 ] ], 
              [ [ 1, 2, 1, 1, 1, 2, 1, 3, 3, 3, 3, 3, 3, 1, 2, 2, 1, -16 ], [ 1, 2, 3, 3, 3, 2, 3, 1, 1, 1, 1, 1, 1, 3, 2, 2, 3, -16 ] ], 
              [ [ 1, 1, -2, 3, 1, 1, 1, 3, 3, 1, 1, 1, 3, 3, 3, 1, 3, -13 ], [ 1, 3, 6, 1, 3, 3, 3, 1, 1, 3, 3, 3, 1, 1, 1, 3, 1, -19 ] ], 
              [ [ 1, 2, 0, 3, 1, 2, 3, 3, 2, 2, 2, 2, 2, 2, 2, 2, 2, -15 ], [ 1, 2, 4, 1, 3, 2, 1, 1, 2, 2, 2, 2, 2, 2, 2, 2, 2, -17 ] ], 
              [ [ 1, 1, 1, 2, 2, 2, 3, 3, 2, 1, 2, 2, 2, 2, 1, 2, 1, -13 ], [ 1, 3, 3, 2, 2, 2, 1, 1, 2, 3, 2, 2, 2, 2, 3, 2, 3, -19 ] ], 
              [ [ 1, 1, 1, 3, 1, 3, 1, 3, 2, 2, 2, 1, 2, 3, 1, 3, 2, -15 ], [ 1, 3, 3, 1, 3, 1, 3, 1, 2, 2, 2, 3, 2, 1, 3, 1, 2, -17 ] ], 
              [ [ 1, 1, 1, 3, 2, 3, 2, 3, 2, 1, 3, 3, 3, 3, 1, 2, 3, -18 ], [ 1, 3, 3, 1, 2, 1, 2, 1, 2, 3, 1, 1, 1, 1, 3, 2, 1, -14 ] ], 
              [ [ 1, 2, 1, 1, 1, 2, 3, 3, 3, 2, 2, 2, 3, 2, 2, 4, 2, -16 ], [ 1, 2, 3, 3, 3, 2, 1, 1, 1, 2, 2, 2, 1, 2, 2, 0, 2, -16 ] ], 
              [ [ 1, 2, 1, 1, 0, 2, 2, 3, 3, 3, 3, 3, 2, 2, 2, 2, 1, -15 ], [ 1, 2, 3, 3, 4, 2, 2, 1, 1, 1, 1, 1, 2, 2, 2, 2, 3, -17 ] ], 
              [ [ 1, 1, 0, 1, 0, 2, 2, 3, 3, 2, 3, 2, 3, 2, 2, 1, 2, -14 ], [ 1, 3, 4, 3, 4, 2, 2, 1, 1, 2, 1, 2, 1, 2, 2, 3, 2, -18 ] ], 
              [ [ 1, 2, 1, 1, 1, 2, 2, 3, 3, 1, 4, 2, 3, 2, 2, 2, 1, -15 ], [ 1, 2, 3, 3, 3, 2, 2, 1, 1, 3, 0, 2, 1, 2, 2, 2, 3, -17 ] ], 
              [ [ 1, 1, 0, 2, 0, 3, 2, 2, 4, 1, 3, 1, 2, 1, 3, 0, 3, -13 ], [ 1, 3, 4, 2, 4, 1, 2, 2, 0, 3, 1, 3, 2, 3, 1, 4, 1, -19 ] ], 
              [ [ 1, 0, 0, 3, 1, 3, 1, 2, 3, 1, 2, 1, 3, 3, 1, 2, 3, -14 ], [ 1, 4, 4, 1, 3, 1, 3, 2, 1, 3, 2, 3, 1, 1, 3, 2, 1, -18 ] ], 
              [ [ 1, 1, 1, 3, 2, 3, 1, 3, 2, 3, 2, 3, 3, 3, 1, 2, 2, -18 ], [ 1, 3, 3, 1, 2, 1, 3, 1, 2, 1, 2, 1, 1, 1, 3, 2, 2, -14 ] ], 
              [ [ 1, 2, 1, 1, 1, 2, 2, 3, 3, 4, 1, 2, 3, 2, 2, 4, 1, -16 ], [ 1, 2, 3, 3, 3, 2, 2, 1, 1, 0, 3, 2, 1, 2, 2, 0, 3, -16 ] ], 
              [ [ 1, 2, 1, 1, 2, 2, 3, 3, 3, 3, 2, 4, 4, 2, 2, 3, 2, -19 ], [ 1, 2, 3, 3, 2, 2, 1, 1, 1, 1, 2, 0, 0, 2, 2, 1, 2, -13 ] ], 
              [ [ 1, 1, 1, 1, 1, 2, 2, 3, 2, 2, 2, 2, 3, 2, 3, 2, 1, -14 ], [ 1, 3, 3, 3, 3, 2, 2, 1, 2, 2, 2, 2, 1, 2, 1, 2, 3, -18 ] ], 
              [ [ 1, 1, 0, 2, 1, 3, 2, 2, 4, 2, 1, 0, 3, 1, 3, 2, 3, -14 ], [ 1, 3, 4, 2, 3, 1, 2, 2, 0, 2, 3, 4, 1, 3, 1, 2, 1, -18 ] ], 
              [ [ 1, 1, 0, 2, 2, 1, 3, 2, 2, 0, 0, 1, 4, 3, 3, 3, 2, -13 ], [ 1, 3, 4, 2, 2, 3, 1, 2, 2, 4, 4, 3, 0, 1, 1, 1, 2, -19 ] ], 
              [ [ 1, 2, 2, 1, 2, 1, 3, 3, 2, 2, 3, 4, 3, 2, 2, 2, 1, -17 ], [ 1, 2, 2, 3, 2, 3, 1, 1, 2, 2, 1, 0, 1, 2, 2, 2, 3, -15 ] ], 
              [ [ 1, 1, 1, 2, 1, 2, 2, 2, 3, 1, 2, 0, 2, 1, 3, 1, 2, -12 ], [ 1, 3, 3, 2, 3, 2, 2, 2, 1, 3, 2, 4, 2, 3, 1, 3, 2, -20 ] ], 
              [ [ 1, 2, 1, 3, 2, 1, 3, 2, 2, 2, 1, 2, 2, 2, 2, 3, 1, -14 ], [ 1, 2, 3, 1, 2, 3, 1, 2, 2, 2, 3, 2, 2, 2, 2, 1, 3, -18 ] ], 
              [ [ 1, 1, 0, 3, 2, 1, 3, 2, 2, 1, 1, 1, 3, 2, 2, 2, 2, -13 ], [ 1, 3, 4, 1, 2, 3, 1, 2, 2, 3, 3, 3, 1, 2, 2, 2, 2, -19 ] ], 
              [ [ 1, 1, 0, 3, 2, 2, 3, 2, 2, 1, 1, 2, 3, 2, 3, 2, 2, -14 ], [ 1, 3, 4, 1, 2, 2, 1, 2, 2, 3, 3, 2, 1, 2, 1, 2, 2, -18 ] ], 
              [ [ 1, 0, 1, 3, 2, 2, 2, 2, 2, 2, 1, 3, 3, 3, 1, 2, 3, -16 ], [ 1, 4, 3, 1, 2, 2, 2, 2, 2, 2, 3, 1, 1, 1, 3, 2, 1, -16 ] ], 
              [ [ 1, 1, 0, 2, 0, 3, 1, 2, 4, 3, 2, 1, 2, 1, 3, 0, 2, -13 ], [ 1, 3, 4, 2, 4, 1, 3, 2, 0, 1, 2, 3, 2, 3, 1, 4, 2, -19 ] ], 
              [ [ 1, 2, 0, 3, 2, 2, 2, 2, 3, 2, 2, 2, 3, 2, 2, 2, 1, -15 ], [ 1, 2, 4, 1, 2, 2, 2, 2, 1, 2, 2, 2, 1, 2, 2, 2, 3, -17 ] ], 
              [ [ 1, 1, 1, 1, 1, 1, 2, 2, 3, 2, 2, 2, 3, 2, 2, 2, 1, -13 ], [ 1, 3, 3, 3, 3, 3, 2, 2, 1, 2, 2, 2, 1, 2, 2, 2, 3, -19 ] ], 
              [ [ 1, 3, 2, 2, 2, 1, 1, 2, 0, 2, 2, 3, 3, 3, 1, 3, 2, -18 ], [ 1, 1, 2, 2, 2, 3, 3, 2, 4, 2, 2, 1, 1, 1, 3, 1, 2, -14 ] ], 
              [ [ 1, 3, 2, 2, 1, 3, 2, 1, 1, 2, 2, 2, 3, 2, 1, 2, 3, -18 ], [ 1, 1, 2, 2, 3, 1, 2, 3, 3, 2, 2, 2, 1, 2, 3, 2, 1, -14 ] ], 
              [ [ 1, 3, 3, 2, 1, 2, 2, 1, 0, 1, 3, 2, 2, 2, 1, 1, 2, -16 ], [ 1, 1, 1, 2, 3, 2, 2, 3, 4, 3, 1, 2, 2, 2, 3, 3, 2, -16 ] ], 
              [ [ 1, 4, 3, 1, 0, 2, 2, 1, 1, 2, 3, 2, 3, 2, 2, 3, 3, -19 ], [ 1, 0, 1, 3, 4, 2, 2, 3, 3, 2, 1, 2, 1, 2, 2, 1, 1, -13 ] ], 
              [ [ 1, 3, 3, 2, 2, 2, 2, 1, 0, 2, 1, 1, 3, 2, 1, 3, 2, -17 ], [ 1, 1, 1, 2, 2, 2, 2, 3, 4, 2, 3, 3, 1, 2, 3, 1, 2, -15 ] ], 
              [ [ 1, 3, 3, 2, 2, 3, 2, 1, 0, 2, 1, 2, 3, 2, 2, 3, 2, -18 ], [ 1, 1, 1, 2, 2, 1, 2, 3, 4, 2, 3, 2, 1, 2, 2, 1, 2, -14 ] ], 
              [ [ 1, 3, 3, 3, 2, 3, 2, 1, 0, 3, 2, 2, 2, 1, 1, 2, 2, -18 ], [ 1, 1, 1, 1, 2, 1, 2, 3, 4, 1, 2, 2, 2, 3, 3, 2, 2, -14 ] ], 
              [ [ 1, 3, 3, 3, 3, 1, 3, 1, -2, 1, 1, 3, 3, 3, 1, 3, 1, -17 ], [ 1, 1, 1, 1, 1, 3, 1, 3, 6, 3, 3, 1, 1, 1, 3, 1, 3, -15 ] ], 
              [ [ 1, 3, 2, 4, 2, 2, 2, 0, 0, 2, 1, 2, 2, 2, 1, 1, 2, -16 ], [ 1, 1, 2, 0, 2, 2, 2, 4, 4, 2, 3, 2, 2, 2, 3, 3, 2, -16 ] ], 
              [ [ 1, 6, 3, 1, 1, 1, 3, 1, 1, 3, 3, 3, 3, 1, 3, 3, 1, -20 ], [ 1, -2, 1, 3, 3, 3, 1, 3, 3, 1, 1, 1, 1, 3, 1, 1, 3, -12 ] ], 
              [ [ 1, 4, 3, 0, 1, 1, 3, 1, 1, 3, 2, 3, 3, 1, 2, 2, 1, -17 ], [ 1, 0, 1, 4, 3, 3, 1, 3, 3, 1, 2, 1, 1, 3, 2, 2, 3, -15 ] ], 
              [ [ 1, 4, 3, 1, 0, 2, 1, 1, 1, 4, 2, 2, 3, 2, 2, 3, 2, -19 ], [ 1, 0, 1, 3, 4, 2, 3, 3, 3, 0, 2, 2, 1, 2, 2, 1, 2, -13 ] ], 
              [ [ 1, 4, 3, 1, 1, 2, 2, 1, 1, 3, 3, 1, 2, 0, 2, 2, 0, -15 ], [ 1, 0, 1, 3, 3, 2, 2, 3, 3, 1, 1, 3, 2, 4, 2, 2, 4, -17 ] ], 
              [ [ 1, 4, 2, 1, 1, 1, 2, 2, 1, 2, 3, 2, 2, 2, 3, 1, 1, -16 ], [ 1, 0, 2, 3, 3, 3, 2, 2, 3, 2, 1, 2, 2, 2, 1, 3, 3, -16 ] ], 
              [ [ 1, 3, 2, 2, 2, 1, 1, 2, 0, 2, 2, 2, 3, 4, 1, 3, 1, -17 ], [ 1, 1, 2, 2, 2, 3, 3, 2, 4, 2, 2, 2, 1, 0, 3, 1, 3, -15 ] ], 
              [ [ 1, 4, 3, 1, 1, 2, 2, 1, 1, 3, 3, 4, 4, 2, 2, 2, 3, -22 ], [ 1, 0, 1, 3, 3, 2, 2, 3, 3, 1, 1, 0, 0, 2, 2, 2, 1, -10 ] ], 
              [ [ 1, 3, 4, 1, 1, 3, 1, 1, 1, 4, 3, 3, 2, 1, 1, 2, 1, -18 ], [ 1, 1, 0, 3, 3, 1, 3, 3, 3, 0, 1, 1, 2, 3, 3, 2, 3, -14 ] ], 
              [ [ 1, 4, 3, 2, 0, 3, 1, 0, 2, 3, 2, 1, 2, 1, 3, 2, 3, -18 ], [ 1, 0, 1, 2, 4, 1, 3, 4, 2, 1, 2, 3, 2, 3, 1, 2, 1, -14 ] ], 
              [ [ 1, 3, 2, 2, 0, 3, 1, 0, 2, 2, 2, 0, 3, 1, 3, 1, 4, -17 ], [ 1, 1, 2, 2, 4, 1, 3, 4, 2, 2, 2, 4, 1, 3, 1, 3, 0, -15 ] ], 
              [ [ 1, 4, 2, 3, 1, 2, 2, 0, 1, 3, 1, 2, 3, 2, 2, 3, 3, -19 ], [ 1, 0, 2, 1, 3, 2, 2, 4, 3, 1, 3, 2, 1, 2, 2, 1, 1, -13 ] ], 
              [ [ 1, 3, 2, 2, 1, 1, 3, 0, 0, 1, 1, 1, 2, 1, 3, 1, 1, -12 ], [ 1, 1, 2, 2, 3, 3, 1, 4, 4, 3, 3, 3, 2, 3, 1, 3, 3, -20 ] ], 
              [ [ 1, 3, 2, 2, 1, 1, 2, 0, 0, 0, 1, 1, 4, 3, 3, 2, 3, -16 ], [ 1, 1, 2, 2, 3, 3, 2, 4, 4, 4, 3, 3, 0, 1, 1, 2, 1, -16 ] ], 
              [ [ 1, 3, 3, 2, 2, 2, 2, 0, 1, 2, 1, 2, 3, 2, 1, 3, 2, -17 ], [ 1, 1, 1, 2, 2, 2, 2, 4, 3, 2, 3, 2, 1, 2, 3, 1, 2, -15 ] ], 
              [ [ 1, 2, 1, 3, 1, 2, 1, 1, 1, 2, 1, 1, 2, 3, 2, 1, 3, -15 ], [ 1, 2, 3, 1, 3, 2, 3, 3, 3, 2, 3, 3, 2, 1, 2, 3, 1, -17 ] ], 
              [ [ 1, 3, 2, 3, 2, 2, 1, 1, 1, 1, 2, 1, 2, 3, 2, 2, 2, -16 ], [ 1, 1, 2, 1, 2, 2, 3, 3, 3, 3, 2, 3, 2, 1, 2, 2, 2, -16 ] ], 
              [ [ 1, 4, 3, 3, 1, 1, 2, 0, 0, 2, 2, 2, 2, 2, 2, 2, 2, -17 ], [ 1, 0, 1, 1, 3, 3, 2, 4, 4, 2, 2, 2, 2, 2, 2, 2, 2, -15 ] ], 
              [ [ 1, 3, 2, 3, 1, 2, 2, 0, 0, 1, 2, 2, 3, 2, 3, 1, 3, -17 ], [ 1, 1, 2, 1, 3, 2, 2, 4, 4, 3, 2, 2, 1, 2, 1, 3, 1, -15 ] ], 
              [ [ 1, 2, 3, 2, 2, 2, 2, 0, 0, 0, 2, 2, 3, 2, 2, 1, 2, -15 ], [ 1, 2, 1, 2, 2, 2, 2, 4, 4, 4, 2, 2, 1, 2, 2, 3, 2, -17 ] ], 
              [ [ 1, 4, 2, 3, 1, 2, 1, 0, 1, 2, 3, 2, 3, 2, 2, 1, 2, -18 ], [ 1, 0, 2, 1, 3, 2, 3, 4, 3, 2, 1, 2, 1, 2, 2, 3, 2, -14 ] ], 
              [ [ 1, 3, 4, 1, 1, 3, 2, 1, 1, 2, 4, 2, 2, 2, 1, 2, 1, -17 ], [ 1, 1, 0, 3, 3, 1, 2, 3, 3, 2, 0, 2, 2, 2, 3, 2, 3, -15 ] ], 
              [ [ 1, 2, 3, 2, 2, 2, 3, 0, 0, 1, 0, 1, 3, 3, 2, 3, 2, -15 ], [ 1, 2, 1, 2, 2, 2, 1, 4, 4, 3, 4, 3, 1, 1, 2, 1, 2, -17 ] ], 
              [ [ 1, 4, 3, 2, 1, 3, 2, 0, 2, 2, 3, 2, 3, 2, 3, 1, 3, -20 ], [ 1, 0, 1, 2, 3, 1, 2, 4, 2, 2, 1, 2, 1, 2, 1, 3, 1, -12 ] ], 
              [ [ 1, 3, 3, 3, 2, 3, 2, 0, 1, 3, 2, 2, 2, 2, 1, 2, 1, -17 ], [ 1, 1, 1, 1, 2, 1, 2, 4, 3, 1, 2, 2, 2, 2, 3, 2, 3, -15 ] ], 
              [ [ 1, 3, 3, 3, 1, 3, 3, -2, 1, 1, 1, 1, 3, 1, 3, 1, 3, -16 ], [ 1, 1, 1, 1, 3, 1, 1, 6, 3, 3, 3, 3, 1, 3, 1, 3, 1, -16 ] ], 
              [ [ 1, 2, 2, 2, 2, 2, 2, 3, 1, 2, 2, 2, 2, 1, 2, 2, 3, -17 ], [ 1, 2, 2, 2, 2, 2, 2, 1, 3, 2, 2, 2, 2, 3, 2, 2, 1, -15 ] ], 
              [ [ 1, 3, 2, 2, 2, 2, 1, 3, 2, 3, 3, 2, 2, 1, 1, 2, 2, -18 ], [ 1, 1, 2, 2, 2, 2, 3, 1, 2, 1, 1, 2, 2, 3, 3, 2, 2, -14 ] ], 
              [ [ 1, 2, 1, 3, 3, 1, 1, 4, 1, 3, 2, 3, 1, 3, 0, 2, 1, -16 ], [ 1, 2, 3, 1, 1, 3, 3, 0, 3, 1, 2, 1, 3, 1, 4, 2, 3, -16 ] ], 
              [ [ 1, 3, 2, 2, 2, 3, 1, 3, 2, 3, 3, 3, 2, 1, 2, 2, 2, -19 ], [ 1, 1, 2, 2, 2, 1, 3, 1, 2, 1, 1, 1, 2, 3, 2, 2, 2, -13 ] ], 
              [ [ 1, 3, 2, 3, 3, 1, 2, 3, 0, 2, 3, 4, 2, 2, 1, 2, 1, -18 ], [ 1, 1, 2, 1, 1, 3, 2, 1, 4, 2, 1, 0, 2, 2, 3, 2, 3, -14 ] ], 
              [ [ 1, 2, 1, 3, 2, 1, 2, 2, 1, 1, 1, 2, 2, 2, 2, 1, 3, -15 ], [ 1, 2, 3, 1, 2, 3, 2, 2, 3, 3, 3, 2, 2, 2, 2, 3, 1, -17 ] ], 
              [ [ 1, 2, 1, 4, 2, 2, 1, 2, 1, 1, 2, 0, 1, 1, 2, 1, 2, -13 ], [ 1, 2, 3, 0, 2, 2, 3, 2, 3, 3, 2, 4, 3, 3, 2, 3, 2, -19 ] ], 
              [ [ 1, 1, 2, 4, 2, 3, 0, 2, 1, 2, 2, 2, 1, 2, 1, 1, 3, -16 ], [ 1, 3, 2, 0, 2, 1, 4, 2, 3, 2, 2, 2, 3, 2, 3, 3, 1, -16 ] ], 
              [ [ 1, 3, 2, 0, 1, 1, 2, 3, 2, 2, 3, 1, 2, 0, 3, 2, 1, -14 ], [ 1, 1, 2, 4, 3, 3, 2, 1, 2, 2, 1, 3, 2, 4, 1, 2, 3, -18 ] ], 
              [ [ 1, 3, 2, 1, 1, 2, 0, 4, 3, 4, 3, 2, 1, 2, 2, 3, 2, -18 ], [ 1, 1, 2, 3, 3, 2, 4, 0, 1, 0, 1, 2, 3, 2, 2, 1, 2, -14 ] ], 
              [ [ 1, 2, 1, 1, 1, 2, 0, 4, 3, 3, 3, 1, 2, 2, 2, 2, 3, -17 ], [ 1, 2, 3, 3, 3, 2, 4, 0, 1, 1, 1, 3, 2, 2, 2, 2, 1, -15 ] ], 
              [ [ 1, 4, 2, 1, 2, 0, 3, 3, 1, 3, 2, 3, 2, 1, 2, 4, 0, -16 ], [ 1, 0, 2, 3, 2, 4, 1, 1, 3, 1, 2, 1, 2, 3, 2, 0, 4, -16 ] ], 
              [ [ 1, 3, 1, 2, 2, 1, 1, 4, 2, 4, 2, 3, 2, 3, 1, 4, 2, -19 ], [ 1, 1, 3, 2, 2, 3, 3, 0, 2, 0, 2, 1, 2, 1, 3, 0, 2, -13 ] ], 
              [ [ 1, 2, 1, 1, 2, 0, 2, 4, 1, 2, 2, 2, 1, 2, 2, 2, 0, -12 ], [ 1, 2, 3, 3, 2, 4, 2, 0, 3, 2, 2, 2, 3, 2, 2, 2, 4, -20 ] ], 
              [ [ 1, 2, 1, 1, 2, 0, 1, 4, 1, 1, 2, 2, 3, 4, 2, 3, 2, -16 ], [ 1, 2, 3, 3, 2, 4, 3, 0, 3, 3, 2, 2, 1, 0, 2, 1, 2, -16 ] ], 
              [ [ 1, 2, 2, 1, 3, 1, 1, 4, 2, 3, 2, 3, 2, 3, 0, 4, 1, -17 ], [ 1, 2, 2, 3, 1, 3, 3, 0, 2, 1, 2, 1, 2, 1, 4, 0, 3, -15 ] ], 
              [ [ 1, 3, 2, 2, 2, 0, 1, 4, 1, 3, 3, 3, 1, 3, 1, 3, 1, -17 ], [ 1, 1, 2, 2, 2, 4, 3, 0, 3, 1, 1, 1, 3, 1, 3, 1, 3, -15 ] ], 
              [ [ 1, 2, 3, 0, 1, 2, 1, 3, 2, 3, 3, 3, 2, 1, 2, 2, 2, -17 ], [ 1, 2, 1, 4, 3, 2, 3, 1, 2, 1, 1, 1, 2, 3, 2, 2, 2, -15 ] ], 
              [ [ 1, 2, 2, 1, 2, 1, 2, 3, 1, 3, 2, 4, 3, 2, 1, 3, 2, -18 ], [ 1, 2, 2, 3, 2, 3, 2, 1, 3, 1, 2, 0, 1, 2, 3, 1, 2, -14 ] ], 
              [ [ 1, 3, 3, 1, 3, 1, 2, 3, 1, 2, 3, 4, 3, 2, 1, 4, 1, -19 ], [ 1, 1, 1, 3, 1, 3, 2, 1, 3, 2, 1, 0, 1, 2, 3, 0, 3, -13 ] ], 
              [ [ 1, 2, 1, 2, 2, 1, 1, 4, 1, 2, 3, 3, 2, 3, 2, 2, 2, -17 ], [ 1, 2, 3, 2, 2, 3, 3, 0, 3, 2, 1, 1, 2, 1, 2, 2, 2, -15 ] ], 
              [ [ 1, 1, 2, 1, 3, 1, 1, 4, 1, 1, 3, 3, 2, 3, 1, 2, 1, -15 ], [ 1, 3, 2, 3, 1, 3, 3, 0, 3, 3, 1, 1, 2, 1, 3, 2, 3, -17 ] ], 
              [ [ 1, 3, 1, 2, 1, 1, 2, 2, 2, 2, 1, 2, 3, 2, 3, 3, 4, -18 ], [ 1, 1, 3, 2, 3, 3, 2, 2, 2, 2, 3, 2, 1, 2, 1, 1, 0, -14 ] ], 
              [ [ 1, 3, 1, 2, 2, 1, 3, 2, 2, 1, 2, 1, 2, 0, 3, 2, 2, -14 ], [ 1, 1, 3, 2, 2, 3, 1, 2, 2, 3, 2, 3, 2, 4, 1, 2, 2, -18 ] ], 
              [ [ 1, 2, 2, 1, 2, 1, 2, 2, 2, 1, 1, 2, 3, 2, 2, 3, 3, -16 ], [ 1, 2, 2, 3, 2, 3, 2, 2, 2, 3, 3, 2, 1, 2, 2, 1, 1, -16 ] ], 
              [ [ 1, 2, 2, 2, 1, 2, 1, 2, 2, 3, 1, 1, 1, 1, 2, 3, 2, -14 ], [ 1, 2, 2, 2, 3, 2, 3, 2, 2, 1, 3, 3, 3, 3, 2, 1, 2, -18 ] ], 
              [ [ 1, 1, 1, 2, 1, 2, 1, 2, 2, 2, 1, 0, 2, 1, 2, 2, 3, -13 ], [ 1, 3, 3, 2, 3, 2, 3, 2, 2, 2, 3, 4, 2, 3, 2, 2, 1, -19 ] ], 
              [ [ 1, 1, 0, 2, 1, 1, 1, 3, 2, 1, 1, 1, 2, 3, 3, 1, 4, -14 ], [ 1, 3, 4, 2, 3, 3, 3, 1, 2, 3, 3, 3, 2, 1, 1, 3, 0, -18 ] ], 
              [ [ 1, 2, 2, 2, 2, 2, 1, 2, 2, 1, 2, 0, 2, 1, 2, 3, 2, -14 ], [ 1, 2, 2, 2, 2, 2, 3, 2, 2, 3, 2, 4, 2, 3, 2, 1, 2, -18 ] ], 
              [ [ 1, 2, 1, 2, 2, 1, 1, 3, 2, 0, 2, 1, 2, 3, 3, 2, 3, -15 ], [ 1, 2, 3, 2, 2, 3, 3, 1, 2, 4, 2, 3, 2, 1, 1, 2, 1, -17 ] ], 
              [ [ 1, 2, 0, 3, 3, 0, 2, 3, 1, 0, 1, 2, 3, 4, 2, 3, 3, -16 ], [ 1, 2, 4, 1, 1, 4, 2, 1, 3, 4, 3, 2, 1, 0, 2, 1, 1, -16 ] ], 
              [ [ 1, 1, 1, 3, 3, 1, 1, 3, 1, 1, 1, 1, 1, 3, 1, 3, 1, -12 ], [ 1, 3, 3, 1, 1, 3, 3, 1, 3, 3, 3, 3, 3, 1, 3, 1, 3, -20 ] ], 
              [ [ 1, 2, 2, 2, 2, 1, 2, 2, 2, 2, 2, 2, 2, 1, 1, 2, 3, -16 ], [ 1, 2, 2, 2, 2, 3, 2, 2, 2, 2, 2, 2, 2, 3, 3, 2, 1, -16 ] ], 
              [ [ 1, 2, 1, 3, 2, 1, 1, 3, 2, 1, 3, 1, 1, 2, 2, 1, 3, -15 ], [ 1, 2, 3, 1, 2, 3, 3, 1, 2, 3, 1, 3, 3, 2, 2, 3, 1, -17 ] ], 
              [ [ 1, 2, 2, 2, 2, 2, 2, 2, 2, 2, 2, 3, 2, 1, 2, 2, 3, -17 ], [ 1, 2, 2, 2, 2, 2, 2, 2, 2, 2, 2, 1, 2, 3, 2, 2, 1, -15 ] ], 
              [ [ 1, 3, 1, 2, 2, 1, 0, 4, 2, 3, 4, 3, 2, 3, 1, 2, 1, -18 ], [ 1, 1, 3, 2, 2, 3, 4, 0, 2, 1, 0, 1, 2, 1, 3, 2, 3, -14 ] ], 
              [ [ 1, 2, 0, 2, 1, 1, 0, 3, 3, 2, 2, 1, 2, 3, 2, 1, 3, -15 ], [ 1, 2, 4, 2, 3, 3, 4, 1, 1, 2, 2, 3, 2, 1, 2, 3, 1, -17 ] ], 
              [ [ 1, 2, 1, 2, 1, 3, 0, 2, 3, 3, 2, 1, 2, 1, 2, 2, 2, -15 ], [ 1, 2, 3, 2, 3, 1, 4, 2, 1, 1, 2, 3, 2, 3, 2, 2, 2, -17 ] ], 
              [ [ 1, 2, 0, 2, 1, 2, 0, 3, 3, 2, 2, 2, 2, 3, 3, 1, 3, -16 ], [ 1, 2, 4, 2, 3, 2, 4, 1, 1, 2, 2, 2, 2, 1, 1, 3, 1, -16 ] ], 
              [ [ 1, 3, 1, 2, 1, 1, 2, 2, 2, 2, 3, 2, 1, 0, 3, 0, 1, -13 ], [ 1, 1, 3, 2, 3, 3, 2, 2, 2, 2, 1, 2, 3, 4, 1, 4, 3, -19 ] ], 
              [ [ 1, 3, 1, 2, 1, 1, 1, 2, 2, 1, 3, 2, 3, 2, 3, 1, 3, -17 ], [ 1, 1, 3, 2, 3, 3, 3, 2, 2, 3, 1, 2, 1, 2, 1, 3, 1, -15 ] ], 
              [ [ 1, 3, 2, 2, 2, 2, 1, 2, 3, 3, 3, 3, 2, 1, 1, 2, 2, -18 ], [ 1, 1, 2, 2, 2, 2, 3, 2, 1, 1, 1, 1, 2, 3, 3, 2, 2, -14 ] ], 
              [ [ 1, 2, 0, 3, 1, 2, 0, 3, 3, 3, 3, 2, 1, 2, 2, 0, 3, -16 ], [ 1, 2, 4, 1, 3, 2, 4, 1, 1, 1, 1, 2, 3, 2, 2, 4, 1, -16 ] ], 
              [ [ 1, 3, 1, 3, 2, 2, 0, 3, 3, 2, 4, 2, 1, 2, 2, 1, 2, -17 ], [ 1, 1, 3, 1, 2, 2, 4, 1, 1, 2, 0, 2, 3, 2, 2, 3, 2, -15 ] ], 
              [ [ 1, 2, 2, 2, 1, 2, 0, 2, 2, 2, 3, 1, 1, 1, 2, 1, 1, -13 ], [ 1, 2, 2, 2, 3, 2, 4, 2, 2, 2, 1, 3, 3, 3, 2, 3, 3, -19 ] ], 
              [ [ 1, 1, 1, 2, 2, 2, 0, 3, 3, 2, 3, 2, 1, 2, 1, 0, 2, -14 ], [ 1, 3, 3, 2, 2, 2, 4, 1, 1, 2, 1, 2, 3, 2, 3, 4, 2, -18 ] ], 
              [ [ 1, 1, 1, 3, 1, 3, -2, 3, 3, 3, 3, 1, 1, 3, 1, 1, 3, -16 ], [ 1, 3, 3, 1, 3, 1, 6, 1, 1, 1, 1, 3, 3, 1, 3, 3, 1, -16 ] ], 
              [ [ 1, 2, 1, 3, 2, 1, 1, 2, 1, 2, 2, 2, 2, 2, 1, 2, 1, -14 ], [ 1, 2, 3, 1, 2, 3, 3, 2, 3, 2, 2, 2, 2, 2, 3, 2, 3, -18 ] ], 
              [ [ 1, 2, 0, 3, 2, 0, 1, 3, 1, 1, 2, 3, 2, 4, 2, 1, 2, -15 ], [ 1, 2, 4, 1, 2, 4, 3, 1, 3, 3, 2, 1, 2, 0, 2, 3, 2, -17 ] ], 
              [ [ 1, 2, 2, 2, 2, 2, 1, 2, 2, 1, 4, 3, 2, 1, 2, 0, 2, -16 ], [ 1, 2, 2, 2, 2, 2, 3, 2, 2, 3, 0, 1, 2, 3, 2, 4, 2, -16 ] ], 
              [ [ 1, 2, 1, 4, 2, 2, 1, 1, 2, 1, 2, 1, 1, 1, 2, 1, 2, -13 ], [ 1, 2, 3, 0, 2, 2, 3, 3, 2, 3, 2, 3, 3, 3, 2, 3, 2, -19 ] ], 
              [ [ 1, 3, 2, 0, 1, 1, 2, 2, 3, 2, 3, 2, 2, 0, 3, 2, 1, -14 ], [ 1, 1, 2, 4, 3, 3, 2, 2, 1, 2, 1, 2, 2, 4, 1, 2, 3, -18 ] ], 
              [ [ 1, 2, 1, 1, 1, 2, 0, 3, 4, 3, 3, 2, 2, 2, 2, 2, 3, -17 ], [ 1, 2, 3, 3, 3, 2, 4, 1, 0, 1, 1, 2, 2, 2, 2, 2, 1, -15 ] ], 
              [ [ 1, 2, 1, 1, 2, 0, 1, 3, 2, 1, 2, 3, 3, 4, 2, 3, 2, -16 ], [ 1, 2, 3, 3, 2, 4, 3, 1, 2, 3, 2, 1, 1, 0, 2, 1, 2, -16 ] ], 
              [ [ 1, 2, 2, 1, 1, 1, 0, 3, 3, 2, 4, 2, 1, 2, 2, 1, 2, -15 ], [ 1, 2, 2, 3, 3, 3, 4, 1, 1, 2, 0, 2, 3, 2, 2, 3, 2, -17 ] ], 
              [ [ 1, 2, 1, 2, 2, 0, 1, 3, 2, 2, 3, 3, 2, 3, 1, 2, 2, -16 ], [ 1, 2, 3, 2, 2, 4, 3, 1, 2, 2, 1, 1, 2, 1, 3, 2, 2, -16 ] ], 
              [ [ 1, 2, 3, 2, 3, 1, 2, 2, 1, 2, 1, 2, 2, 1, 2, 3, 2, -16 ], [ 1, 2, 1, 2, 1, 3, 2, 2, 3, 2, 3, 2, 2, 3, 2, 1, 2, -16 ] ], 
              [ [ 1, 3, 1, 2, 2, 1, 2, 2, 2, 3, 1, 1, 2, 0, 3, 2, 1, -14 ], [ 1, 1, 3, 2, 2, 3, 2, 2, 2, 1, 3, 3, 2, 4, 1, 2, 3, -18 ] ], 
              [ [ 1, 3, 0, 2, 2, 0, 2, 3, 2, 2, 1, 2, 2, 2, 4, 1, 2, -15 ], [ 1, 1, 4, 2, 2, 4, 2, 1, 2, 2, 3, 2, 2, 2, 0, 3, 2, -17 ] ], 
              [ [ 1, 2, 1, 2, 2, 1, 0, 3, 2, 2, 1, 1, 2, 3, 3, 2, 2, -15 ], [ 1, 2, 3, 2, 2, 3, 4, 1, 2, 2, 3, 3, 2, 1, 1, 2, 2, -17 ] ], 
              [ [ 1, 2, 0, 3, 3, 0, 1, 3, 1, 2, 0, 2, 3, 4, 2, 3, 2, -16 ], [ 1, 2, 4, 1, 1, 4, 3, 1, 3, 2, 4, 2, 1, 0, 2, 1, 2, -16 ] ], 
              [ [ 1, 2, 1, 3, 2, 1, 0, 3, 2, 3, 2, 1, 1, 2, 2, 1, 2, -15 ], [ 1, 2, 3, 1, 2, 3, 4, 1, 2, 1, 2, 3, 3, 2, 2, 3, 2, -17 ] ], 
              [ [ 1, 2, 2, 2, 2, 2, 1, 2, 2, 4, 1, 3, 2, 1, 2, 2, 2, -17 ], [ 1, 2, 2, 2, 2, 2, 3, 2, 2, 0, 3, 1, 2, 3, 2, 2, 2, -15 ] ], 
              [ [ 1, 2, 2, 2, 3, 2, 1, 2, 2, 2, 2, 2, 3, 1, 2, 2, 2, -17 ], [ 1, 2, 2, 2, 1, 2, 3, 2, 2, 2, 2, 2, 1, 3, 2, 2, 2, -15 ] ], 
              [ [ 1, 2, 1, 2, 3, 1, 1, 3, 2, 1, 2, 3, 3, 3, 3, 1, 3, -18 ], [ 1, 2, 3, 2, 1, 3, 3, 1, 2, 3, 2, 1, 1, 1, 1, 3, 1, -14 ] ], 
              [ [ 1, 2, 1, 3, 2, 2, 0, 3, 2, 3, 2, 2, 1, 2, 3, 1, 2, -16 ], [ 1, 2, 3, 1, 2, 2, 4, 1, 2, 1, 2, 2, 3, 2, 1, 3, 2, -16 ] ], 
              [ [ 1, 1, 1, 3, 4, 1, 1, 3, 1, 2, 1, 3, 2, 3, 1, 2, 1, -15 ], [ 1, 3, 3, 1, 0, 3, 3, 1, 3, 2, 3, 1, 2, 1, 3, 2, 3, -17 ] ], 
              [ [ 1, 2, 0, 4, 3, 1, 1, 2, 2, 1, 0, 1, 2, 3, 3, 2, 3, -15 ], [ 1, 2, 4, 0, 1, 3, 3, 2, 2, 3, 4, 3, 2, 1, 1, 2, 1, -17 ] ], 
              [ [ 1, 1, 1, 3, 3, 1, 2, 1, 1, 0, 0, 2, 3, 2, 3, 1, 3, -14 ], [ 1, 3, 3, 1, 1, 3, 2, 3, 3, 4, 4, 2, 1, 2, 1, 3, 1, -18 ] ], 
              [ [ 1, 3, 1, 0, 2, 0, 2, 3, 3, 2, 1, 2, 3, 2, 4, 3, 2, -16 ], [ 1, 1, 3, 4, 2, 4, 2, 1, 1, 2, 3, 2, 1, 2, 0, 1, 2, -16 ] ], 
              [ [ 1, 3, 1, 1, 2, 0, 2, 3, 3, 3, 2, 2, 2, 1, 3, 2, 2, -16 ], [ 1, 1, 3, 3, 2, 4, 2, 1, 1, 1, 2, 2, 2, 3, 1, 2, 2, -16 ] ], 
              [ [ 1, 2, 2, 1, 2, 1, 0, 3, 3, 3, 2, 1, 2, 2, 2, 3, 2, -16 ], [ 1, 2, 2, 3, 2, 3, 4, 1, 1, 1, 2, 3, 2, 2, 2, 1, 2, -16 ] ], 
              [ [ 1, 3, 1, 1, 3, -2, 3, 3, 1, 1, 1, 3, 3, 3, 3, 3, 1, -15 ], [ 1, 1, 3, 3, 1, 6, 1, 1, 3, 3, 3, 1, 1, 1, 1, 1, 3, -17 ] ], 
              [ [ 1, 2, 2, 2, 3, 0, 1, 3, 1, 2, 2, 3, 2, 3, 2, 3, 1, -16 ], [ 1, 2, 2, 2, 1, 4, 3, 1, 3, 2, 2, 1, 2, 1, 2, 1, 3, -16 ] ], 
              [ [ 1, 1, 1, 2, 2, 0, 1, 2, 2, 1, 0, 1, 2, 3, 3, 2, 3, -13 ], [ 1, 3, 3, 2, 2, 4, 3, 2, 2, 3, 4, 3, 2, 1, 1, 2, 1, -19 ] ], 
              [ [ 1, 1, 0, 2, 2, 1, 0, 2, 3, 1, 1, 1, 3, 3, 3, 1, 3, -14 ], [ 1, 3, 4, 2, 2, 3, 4, 2, 1, 3, 3, 3, 1, 1, 1, 3, 1, -18 ] ], 
              [ [ 1, 2, 1, 3, 2, 1, 0, 2, 3, 3, 2, 2, 1, 2, 2, 1, 2, -15 ], [ 1, 2, 3, 1, 2, 3, 4, 2, 1, 1, 2, 2, 3, 2, 2, 3, 2, -17 ] ], 
              [ [ 1, 3, 2, 2, 1, 2, 2, 3, 2, 3, 3, 2, 1, 2, 1, 2, 2, -17 ], [ 1, 1, 2, 2, 3, 2, 2, 1, 2, 1, 1, 2, 3, 2, 3, 2, 2, -15 ] ], 
              [ [ 1, 3, 3, 1, 2, 3, 3, 2, 2, 2, 3, 3, 3, 1, 1, 3, 2, -19 ], [ 1, 1, 1, 3, 2, 1, 1, 2, 2, 2, 1, 1, 1, 3, 3, 1, 2, -13 ] ], 
              [ [ 1, 3, 3, 2, 1, 4, 2, 2, 2, 4, 3, 2, 1, 0, 1, 3, 1, -17 ], [ 1, 1, 1, 2, 3, 0, 2, 2, 2, 0, 1, 2, 3, 4, 3, 1, 3, -15 ] ], 
              [ [ 1, 3, 2, 2, 1, 3, 2, 3, 2, 3, 3, 3, 1, 2, 2, 2, 2, -18 ], [ 1, 1, 2, 2, 3, 1, 2, 1, 2, 1, 1, 1, 3, 2, 2, 2, 2, -14 ] ], 
              [ [ 1, 2, 1, 2, 1, 3, 2, 3, 2, 2, 3, 2, 2, 2, 2, 1, 3, -17 ], [ 1, 2, 3, 2, 3, 1, 2, 1, 2, 2, 1, 2, 2, 2, 2, 3, 1, -15 ] ], 
              [ [ 1, 3, 2, 2, 2, 3, 2, 3, 2, 1, 4, 2, 2, 2, 2, 2, 2, -18 ], [ 1, 1, 2, 2, 2, 1, 2, 1, 2, 3, 0, 2, 2, 2, 2, 2, 2, -14 ] ], 
              [ [ 1, 1, 2, 1, 2, 3, 2, 3, 2, 1, 3, 2, 2, 2, 1, 1, 2, -15 ], [ 1, 3, 2, 3, 2, 1, 2, 1, 2, 3, 1, 2, 2, 2, 3, 3, 2, -17 ] ], 
              [ [ 1, 1, 2, 2, 1, 4, 1, 3, 2, 3, 3, 1, 0, 1, 1, 1, 1, -13 ], [ 1, 3, 2, 2, 3, 0, 3, 1, 2, 1, 1, 3, 4, 3, 3, 3, 3, -19 ] ], 
              [ [ 1, 1, 2, 2, 1, 4, 0, 3, 2, 2, 3, 1, 2, 3, 1, 2, 3, -17 ], [ 1, 3, 2, 2, 3, 0, 4, 1, 2, 2, 1, 3, 2, 1, 3, 2, 1, -15 ] ], 
              [ [ 1, 2, 2, 2, 3, 2, 3, 3, 1, 2, 2, 4, 2, 3, 0, 3, 1, -17 ], [ 1, 2, 2, 2, 1, 2, 1, 1, 3, 2, 2, 0, 2, 1, 4, 1, 3, -15 ] ], 
              [ [ 1, 2, 2, 3, 2, 3, 1, 3, 1, 3, 2, 3, 2, 4, 0, 4, 2, -19 ], [ 1, 2, 2, 1, 2, 1, 3, 1, 3, 1, 2, 1, 2, 0, 4, 0, 2, -13 ] ], 
              [ [ 1, 2, 2, 3, 3, 3, 2, 3, 1, 2, 3, 2, 1, 2, 0, 3, 0, -15 ], [ 1, 2, 2, 1, 1, 1, 2, 1, 3, 2, 1, 2, 3, 2, 4, 1, 4, -17 ] ], 
              [ [ 1, 1, 1, 3, 2, 3, 2, 2, 2, 1, 1, 0, 1, 2, 1, 2, 2, -12 ], [ 1, 3, 3, 1, 2, 1, 2, 2, 2, 3, 3, 4, 3, 2, 3, 2, 2, -20 ] ], 
              [ [ 1, 2, 3, 2, 2, 3, 2, 3, 2, 3, 4, 3, 0, 1, 0, 1, 1, -16 ], [ 1, 2, 1, 2, 2, 1, 2, 1, 2, 1, 0, 1, 4, 3, 4, 3, 3, -16 ] ], 
              [ [ 1, 2, 3, 2, 2, 3, 1, 3, 2, 2, 4, 3, 2, 3, 0, 2, 3, -20 ], [ 1, 2, 1, 2, 2, 1, 3, 1, 2, 2, 0, 1, 2, 1, 4, 2, 1, -12 ] ], 
              [ [ 1, 2, 3, 3, 1, 4, 0, 3, 2, 4, 4, 2, 0, 2, 0, 2, 2, -18 ], [ 1, 2, 1, 1, 3, 0, 4, 1, 2, 0, 0, 2, 4, 2, 4, 2, 2, -14 ] ], 
              [ [ 1, 1, 3, 3, 3, 3, 1, 3, 1, 3, 3, 3, 1, 3, -2, 3, 1, -17 ], [ 1, 3, 1, 1, 1, 1, 3, 1, 3, 1, 1, 1, 3, 1, 6, 1, 3, -15 ] ], 
              [ [ 1, 2, 2, 4, 2, 3, 1, 2, 2, 2, 2, 1, 1, 3, 0, 3, 3, -17 ], [ 1, 2, 2, 0, 2, 1, 3, 2, 2, 2, 2, 3, 3, 1, 4, 1, 1, -15 ] ], 
              [ [ 1, 2, 2, 3, 2, 3, 3, 1, 1, 0, 2, 1, 2, 1, 2, 2, 2, -14 ], [ 1, 2, 2, 1, 2, 1, 1, 3, 3, 4, 2, 3, 2, 3, 2, 2, 2, -18 ] ], 
              [ [ 1, 1, 1, 4, 2, 4, 1, 2, 2, 1, 2, 1, 2, 3, 1, 2, 4, -17 ], [ 1, 3, 3, 0, 2, 0, 3, 2, 2, 3, 2, 3, 2, 1, 3, 2, 0, -15 ] ], 
              [ [ 1, 1, 3, 3, 2, 3, 2, 1, 1, 1, 2, 2, 2, 2, 0, 2, 3, -16 ], [ 1, 3, 1, 1, 2, 1, 2, 3, 3, 3, 2, 2, 2, 2, 4, 2, 1, -16 ] ], 
              [ [ 1, 1, 2, 4, 2, 3, 1, 2, 1, 0, 3, 1, 1, 3, 1, 1, 3, -15 ], [ 1, 3, 2, 0, 2, 1, 3, 2, 3, 4, 1, 3, 3, 1, 3, 3, 1, -17 ] ], 
              [ [ 1, 3, 3, 0, 1, 2, 2, 3, 3, 3, 3, 2, 2, 2, 1, 4, 2, -18 ], [ 1, 1, 1, 4, 3, 2, 2, 1, 1, 1, 1, 2, 2, 2, 3, 0, 2, -14 ] ], 
              [ [ 1, 2, 2, 0, 1, 3, 2, 3, 3, 2, 3, 2, 3, 2, 2, 3, 3, -18 ], [ 1, 2, 2, 4, 3, 1, 2, 1, 1, 2, 1, 2, 1, 2, 2, 1, 1, -14 ] ], 
              [ [ 1, 3, 3, 1, 1, 3, 2, 3, 3, 4, 4, 3, 1, 1, 1, 3, 2, -19 ], [ 1, 1, 1, 3, 3, 1, 2, 1, 1, 0, 0, 1, 3, 3, 3, 1, 2, -13 ] ], 
              [ [ 1, 2, 3, 0, 1, 2, 2, 3, 2, 1, 4, 2, 2, 2, 2, 2, 2, -16 ], [ 1, 2, 1, 4, 3, 2, 2, 1, 2, 3, 0, 2, 2, 2, 2, 2, 2, -16 ] ], 
              [ [ 1, 3, 3, 1, 2, 1, 3, 3, 1, 2, 3, 4, 2, 3, 1, 4, 1, -18 ], [ 1, 1, 1, 3, 2, 3, 1, 1, 3, 2, 1, 0, 2, 1, 3, 0, 3, -14 ] ], 
              [ [ 1, 2, 2, 1, 2, 1, 3, 3, 1, 1, 3, 3, 3, 3, 1, 3, 2, -17 ], [ 1, 2, 2, 3, 2, 3, 1, 1, 3, 3, 1, 1, 1, 1, 3, 1, 2, -15 ] ], 
              [ [ 1, 1, 3, 1, 2, 2, 2, 3, 1, 2, 3, 2, 1, 2, 0, 3, 0, -13 ], [ 1, 3, 1, 3, 2, 2, 2, 1, 3, 2, 1, 2, 3, 2, 4, 1, 4, -19 ] ], 
              [ [ 1, 2, 2, 2, 1, 2, 2, 2, 2, 1, 2, 0, 1, 2, 2, 3, 2, -13 ], [ 1, 2, 2, 2, 3, 2, 2, 2, 2, 3, 2, 4, 3, 2, 2, 1, 2, -19 ] ], 
              [ [ 1, 2, 2, 2, 2, 2, 3, 2, 2, 0, 3, 2, 2, 2, 2, 2, 3, -16 ], [ 1, 2, 2, 2, 2, 2, 1, 2, 2, 4, 1, 2, 2, 2, 2, 2, 1, -16 ] ], 
              [ [ 1, 0, 2, 2, 1, 3, 1, 2, 2, 1, 2, 1, 2, 3, 1, 2, 4, -15 ], [ 1, 4, 2, 2, 3, 1, 3, 2, 2, 3, 2, 3, 2, 1, 3, 2, 0, -17 ] ], 
              [ [ 1, 1, 1, 4, 1, 4, 0, 2, 2, 2, 3, 2, 1, 3, 1, 0, 3, -16 ], [ 1, 3, 3, 0, 3, 0, 4, 2, 2, 2, 1, 2, 3, 1, 3, 4, 1, -16 ] ], 
              [ [ 1, 2, 2, 0, 0, 3, 1, 3, 3, 3, 4, 3, 2, 2, 2, 1, 2, -17 ], [ 1, 2, 2, 4, 4, 1, 3, 1, 1, 1, 0, 1, 2, 2, 2, 3, 2, -15 ] ], 
              [ [ 1, 3, 2, 1, 2, 2, 2, 3, 2, 2, 4, 4, 3, 3, 1, 3, 1, -19 ], [ 1, 1, 2, 3, 2, 2, 2, 1, 2, 2, 0, 0, 1, 1, 3, 1, 3, -13 ] ], 
              [ [ 1, 2, 1, 1, 1, 2, 2, 2, 3, 1, 2, 2, 3, 3, 2, 2, 3, -16 ], [ 1, 2, 3, 3, 3, 2, 2, 2, 1, 3, 2, 2, 1, 1, 2, 2, 1, -16 ] ], 
              [ [ 1, 2, 1, 2, 0, 3, 1, 2, 3, 3, 2, 1, 1, 2, 2, 2, 2, -14 ], [ 1, 2, 3, 2, 4, 1, 3, 2, 1, 1, 2, 3, 3, 2, 2, 2, 2, -18 ] ], 
              [ [ 1, 2, 1, 2, 1, 3, 1, 2, 3, 1, 3, 0, 2, 2, 2, 2, 2, -14 ], [ 1, 2, 3, 2, 3, 1, 3, 2, 1, 3, 1, 4, 2, 2, 2, 2, 2, -18 ] ], 
              [ [ 1, 3, 3, 1, 1, 3, 1, 3, 3, 3, 6, 3, 1, 1, 1, 1, 1, -18 ], [ 1, 1, 1, 3, 3, 1, 3, 1, 1, 1, -2, 1, 3, 3, 3, 3, 3, -14 ] ], 
              [ [ 1, 2, 2, 1, 0, 3, 1, 2, 4, 2, 4, 1, 1, 1, 2, 0, 3, -15 ], [ 1, 2, 2, 3, 4, 1, 3, 2, 0, 2, 0, 3, 3, 3, 2, 4, 1, -17 ] ], 
              [ [ 1, 3, 2, 2, 1, 2, 2, 2, 3, 3, 3, 3, 1, 2, 1, 2, 2, -17 ], [ 1, 1, 2, 2, 3, 2, 2, 2, 1, 1, 1, 1, 3, 2, 3, 2, 2, -15 ] ], 
              [ [ 1, 2, 1, 2, 1, 2, 2, 2, 3, 2, 3, 2, 2, 2, 1, 1, 3, -16 ], [ 1, 2, 3, 2, 3, 2, 2, 2, 1, 2, 1, 2, 2, 2, 3, 3, 1, -16 ] ], 
              [ [ 1, 3, 2, 2, 2, 2, 2, 2, 3, 1, 4, 2, 2, 2, 1, 2, 2, -17 ], [ 1, 1, 2, 2, 2, 2, 2, 2, 1, 3, 0, 2, 2, 2, 3, 2, 2, -15 ] ], 
              [ [ 1, 3, 2, 3, 1, 3, 1, 2, 3, 3, 4, 1, 0, 1, 1, 2, 1, -15 ], [ 1, 1, 2, 1, 3, 1, 3, 2, 1, 1, 0, 3, 4, 3, 3, 2, 3, -17 ] ], 
              [ [ 1, 1, 2, 2, 1, 3, 1, 2, 3, 3, 3, 1, 0, 1, 0, 1, 1, -12 ], [ 1, 3, 2, 2, 3, 1, 3, 2, 1, 1, 1, 3, 4, 3, 4, 3, 3, -20 ] ], 
              [ [ 1, 1, 2, 2, 1, 3, 0, 2, 3, 2, 3, 1, 2, 3, 0, 2, 3, -16 ], [ 1, 3, 2, 2, 3, 1, 4, 2, 1, 2, 1, 3, 2, 1, 4, 2, 1, -16 ] ], 
              [ [ 1, 2, 1, 2, 1, 3, 2, 2, 3, 2, 3, 3, 2, 2, 2, 1, 3, -17 ], [ 1, 2, 3, 2, 3, 1, 2, 2, 1, 2, 1, 1, 2, 2, 2, 3, 1, -15 ] ], 
              [ [ 1, 1, 2, 2, 1, 4, 0, 2, 3, 2, 3, 2, 2, 3, 1, 2, 3, -17 ], [ 1, 3, 2, 2, 3, 0, 4, 2, 1, 2, 1, 2, 2, 1, 3, 2, 1, -15 ] ], 
              [ [ 1, 2, 3, 2, 1, 3, 2, 1, 2, 2, 4, 2, 1, 0, 1, 1, 1, -14 ], [ 1, 2, 1, 2, 3, 1, 2, 3, 2, 2, 0, 2, 3, 4, 3, 3, 3, -18 ] ], 
              [ [ 1, 2, 2, 2, 1, 2, 2, 2, 2, 1, 4, 3, 1, 2, 2, 0, 2, -15 ], [ 1, 2, 2, 2, 3, 2, 2, 2, 2, 3, 0, 1, 3, 2, 2, 4, 2, -17 ] ], 
              [ [ 1, 1, 2, 3, 1, 4, 0, 2, 3, 3, 4, 2, 1, 2, 0, 1, 3, -17 ], [ 1, 3, 2, 1, 3, 0, 4, 2, 1, 1, 0, 2, 3, 2, 4, 3, 1, -15 ] ], 
              [ [ 1, 1, 2, 3, 2, 2, 1, 2, 1, 1, 3, 3, 2, 4, 0, 2, 2, -16 ], [ 1, 3, 2, 1, 2, 2, 3, 2, 3, 3, 1, 1, 2, 0, 4, 2, 2, -16 ] ], 
              [ [ 1, 3, 2, 2, 2, 3, 2, 3, 2, 4, 1, 2, 2, 2, 2, 4, 2, -19 ], [ 1, 1, 2, 2, 2, 1, 2, 1, 2, 0, 3, 2, 2, 2, 2, 0, 2, -13 ] ], 
              [ [ 1, 3, 3, 2, 2, 2, 2, 3, 1, 3, 2, 2, 1, 2, 2, 3, 1, -17 ], [ 1, 1, 1, 2, 2, 2, 2, 1, 3, 1, 2, 2, 3, 2, 2, 1, 3, -15 ] ], 
              [ [ 1, 2, 2, 2, 2, 2, 2, 3, 1, 2, 2, 1, 2, 2, 2, 2, 2, -16 ], [ 1, 2, 2, 2, 2, 2, 2, 1, 3, 2, 2, 3, 2, 2, 2, 2, 2, -16 ] ], 
              [ [ 1, 2, 3, 2, 3, 3, 2, 3, 2, 4, 2, 2, 1, 1, 0, 3, 1, -17 ], [ 1, 2, 1, 2, 1, 1, 2, 1, 2, 0, 2, 2, 3, 3, 4, 1, 3, -15 ] ], 
              [ [ 1, 3, 2, 3, 3, 1, 3, 3, 0, 3, 1, 3, 2, 3, 1, 4, 1, -18 ], [ 1, 1, 2, 1, 1, 3, 1, 1, 4, 1, 3, 1, 2, 1, 3, 0, 3, -14 ] ], 
              [ [ 1, 2, 3, 2, 4, 1, 3, 3, 0, 2, 1, 3, 2, 3, 0, 4, 0, -16 ], [ 1, 2, 1, 2, 0, 3, 1, 1, 4, 2, 3, 1, 2, 1, 4, 0, 4, -16 ] ], 
              [ [ 1, 2, 3, 1, 2, 3, 3, 2, 1, 3, 1, 3, 3, 1, 2, 3, 2, -18 ], [ 1, 2, 1, 3, 2, 1, 1, 2, 3, 1, 3, 1, 1, 3, 2, 1, 2, -14 ] ], 
              [ [ 1, 2, 2, 2, 2, 3, 2, 3, 1, 2, 2, 2, 2, 2, 3, 2, 2, -17 ], [ 1, 2, 2, 2, 2, 1, 2, 1, 3, 2, 2, 2, 2, 2, 1, 2, 2, -15 ] ], 
              [ [ 1, 1, 2, 2, 4, 2, 3, 3, 0, 1, 1, 3, 3, 3, 1, 3, 1, -16 ], [ 1, 3, 2, 2, 0, 2, 1, 1, 4, 3, 3, 1, 1, 1, 3, 1, 3, -16 ] ], 
              [ [ 1, 2, 1, 3, 3, 2, 3, 2, 1, 0, 0, 1, 3, 3, 3, 3, 3, -16 ], [ 1, 2, 3, 1, 1, 2, 1, 2, 3, 4, 4, 3, 1, 1, 1, 1, 1, -16 ] ], 
              [ [ 1, 3, 4, 2, 3, 3, 3, 2, 1, 3, 3, 3, 2, 0, 1, 3, 1, -19 ], [ 1, 1, 0, 2, 1, 1, 1, 2, 3, 1, 1, 1, 2, 4, 3, 1, 3, -13 ] ], 
              [ [ 1, 3, 3, 2, 3, 2, 3, 3, 1, 2, 3, 4, 2, 2, 2, 2, 2, -20 ], [ 1, 1, 1, 2, 1, 2, 1, 1, 3, 2, 1, 0, 2, 2, 2, 2, 2, -12 ] ], 
              [ [ 1, 1, 3, 2, 2, 3, 1, 3, 1, 3, 2, 3, 2, 3, 1, 2, 3, -19 ], [ 1, 3, 1, 2, 2, 1, 3, 1, 3, 1, 2, 1, 2, 1, 3, 2, 1, -13 ] ], 
              [ [ 1, 1, 3, 2, 3, 3, 2, 3, 1, 2, 3, 2, 1, 1, 1, 1, 1, -15 ], [ 1, 3, 1, 2, 1, 1, 2, 1, 3, 2, 1, 2, 3, 3, 3, 3, 3, -17 ] ], 
              [ [ 1, 2, 3, 2, 2, 3, 3, 1, 2, 2, 1, 1, 2, 0, 2, 2, 3, -16 ], [ 1, 2, 1, 2, 2, 1, 1, 3, 2, 2, 3, 3, 2, 4, 2, 2, 1, -16 ] ], 
              [ [ 1, 2, 2, 3, 2, 3, 2, 2, 2, 1, 2, 0, 1, 1, 3, 1, 3, -15 ], [ 1, 2, 2, 1, 2, 1, 2, 2, 2, 3, 2, 4, 3, 3, 1, 3, 1, -17 ] ], 
              [ [ 1, 2, 3, 3, 4, 2, 3, 3, 0, 3, 2, 4, 1, 2, 0, 3, 0, -17 ], [ 1, 2, 1, 1, 0, 2, 1, 1, 4, 1, 2, 0, 3, 2, 4, 1, 4, -15 ] ], 
              [ [ 1, 2, 3, 3, 4, 2, 2, 3, 0, 2, 2, 4, 3, 4, 0, 4, 2, -21 ], [ 1, 2, 1, 1, 0, 2, 2, 1, 4, 2, 2, 0, 1, 0, 4, 0, 2, -11 ] ], 
              [ [ 1, 3, 2, 4, 3, 2, 3, 2, 1, 2, 1, 2, 1, 2, 2, 3, 2, -17 ], [ 1, 1, 2, 0, 1, 2, 1, 2, 3, 2, 3, 2, 3, 2, 2, 1, 2, -15 ] ], 
              [ [ 1, 2, 1, 4, 3, 2, 3, 2, 1, 1, 1, 1, 2, 2, 2, 2, 3, -16 ], [ 1, 2, 3, 0, 1, 2, 1, 2, 3, 3, 3, 3, 2, 2, 2, 2, 1, -16 ] ], 
              [ [ 1, 1, 2, 3, 3, 2, 3, 2, 1, 2, 0, 2, 1, 2, 1, 2, 2, -14 ], [ 1, 3, 2, 1, 1, 2, 1, 2, 3, 2, 4, 2, 3, 2, 3, 2, 2, -18 ] ], 
              [ [ 1, 1, 2, 3, 3, 2, 2, 2, 1, 1, 0, 2, 3, 4, 1, 3, 4, -18 ], [ 1, 3, 2, 1, 1, 2, 2, 2, 3, 3, 4, 2, 1, 0, 3, 1, 0, -14 ] ], 
              [ [ 1, 1, 2, 4, 2, 3, 1, 2, 1, 3, 0, 1, 1, 3, 1, 3, 3, -16 ], [ 1, 3, 2, 0, 2, 1, 3, 2, 3, 1, 4, 3, 3, 1, 3, 1, 1, -16 ] ], 
              [ [ 1, 1, 2, 3, 4, 2, 3, 2, 1, 0, 1, 1, 2, 2, 1, 2, 2, -14 ], [ 1, 3, 2, 1, 0, 2, 1, 2, 3, 4, 3, 3, 2, 2, 3, 2, 2, -18 ] ], 
              [ [ 1, 1, 2, 4, 3, 3, 2, 2, 1, 2, 1, 0, 0, 1, 1, 2, 1, -12 ], [ 1, 3, 2, 0, 1, 1, 2, 2, 3, 2, 3, 4, 4, 3, 3, 2, 3, -20 ] ], 
              [ [ 1, 1, 2, 4, 3, 3, 1, 2, 1, 1, 1, 0, 2, 3, 1, 3, 3, -16 ], [ 1, 3, 2, 0, 1, 1, 3, 2, 3, 3, 3, 4, 2, 1, 3, 1, 1, -16 ] ], 
              [ [ 1, 2, 3, 3, 3, 2, 4, 1, 0, 1, 1, 3, 2, 1, 2, 2, 2, -16 ], [ 1, 2, 1, 1, 1, 2, 0, 3, 4, 3, 3, 1, 2, 3, 2, 2, 2, -16 ] ], 
              [ [ 1, 1, 2, 4, 3, 3, 2, 2, 1, 2, 1, 3, 2, 3, 1, 2, 4, -19 ], [ 1, 3, 2, 0, 1, 1, 2, 2, 3, 2, 3, 1, 2, 1, 3, 2, 0, -13 ] ], 
              [ [ 1, 4, 3, 0, 2, 1, 4, 3, 2, 3, 2, 3, 2, 1, 3, 4, 1, -18 ], [ 1, 0, 1, 4, 2, 3, 0, 1, 2, 1, 2, 1, 2, 3, 1, 0, 3, -14 ] ], 
              [ [ 1, 3, 2, 0, 2, 1, 4, 3, 2, 2, 2, 2, 3, 1, 3, 3, 2, -17 ], [ 1, 1, 2, 4, 2, 3, 0, 1, 2, 2, 2, 2, 1, 3, 1, 1, 2, -15 ] ], 
              [ [ 1, 2, 3, 0, 1, 2, 2, 3, 2, 4, 1, 2, 2, 2, 2, 4, 2, -17 ], [ 1, 2, 1, 4, 3, 2, 2, 1, 2, 0, 3, 2, 2, 2, 2, 0, 2, -15 ] ], 
              [ [ 1, 2, 3, 0, 2, 2, 3, 3, 2, 3, 2, 1, 1, 0, 2, 3, 0, -13 ], [ 1, 2, 1, 4, 2, 2, 1, 1, 2, 1, 2, 3, 3, 4, 2, 1, 4, -19 ] ], 
              [ [ 1, 2, 3, 0, 2, 2, 2, 3, 2, 2, 2, 1, 3, 2, 2, 4, 2, -17 ], [ 1, 2, 1, 4, 2, 2, 2, 1, 2, 2, 2, 3, 1, 2, 2, 0, 2, -15 ] ], 
              [ [ 1, 3, 3, 1, 3, 1, 3, 3, 1, 3, 1, 3, 3, 3, 1, 6, 1, -19 ], [ 1, 1, 1, 3, 1, 3, 1, 1, 3, 1, 3, 1, 1, 1, 3, -2, 3, -13 ] ], 
              [ [ 1, 1, 2, 1, 3, 1, 2, 4, 1, 2, 1, 2, 2, 4, 1, 4, 1, -15 ], [ 1, 3, 2, 3, 1, 3, 2, 0, 3, 2, 3, 2, 2, 0, 3, 0, 3, -17 ] ], 
              [ [ 1, 3, 4, 1, 2, 2, 2, 3, 2, 4, 3, 2, 1, 1, 1, 4, 1, -18 ], [ 1, 1, 0, 3, 2, 2, 2, 1, 2, 0, 1, 2, 3, 3, 3, 0, 3, -14 ] ], 
              [ [ 1, 2, 3, 0, 2, 2, 3, 3, 2, 3, 2, 4, 3, 2, 2, 3, 3, -20 ], [ 1, 2, 1, 4, 2, 2, 1, 1, 2, 1, 2, 0, 1, 2, 2, 1, 1, -12 ] ], 
              [ [ 1, 2, 3, 1, 2, 3, 2, 3, 2, 3, 3, 2, 2, 1, 2, 3, 2, -18 ], [ 1, 2, 1, 3, 2, 1, 2, 1, 2, 1, 1, 2, 2, 3, 2, 1, 2, -14 ] ], 
              [ [ 1, 1, 2, 1, 1, 3, 2, 2, 3, 2, 1, 0, 2, 1, 3, 2, 4, -15 ], [ 1, 3, 2, 3, 3, 1, 2, 2, 1, 2, 3, 4, 2, 3, 1, 2, 0, -17 ] ], 
              [ [ 1, 2, 3, 1, 3, 1, 3, 3, 0, 1, 2, 3, 3, 3, 2, 4, 1, -17 ], [ 1, 2, 1, 3, 1, 3, 1, 1, 4, 3, 2, 1, 1, 1, 2, 0, 3, -15 ] ], 
              [ [ 1, 2, 2, 2, 2, 2, 3, 2, 2, 3, 0, 2, 2, 2, 2, 4, 3, -17 ], [ 1, 2, 2, 2, 2, 2, 1, 2, 2, 1, 4, 2, 2, 2, 2, 0, 1, -15 ] ], 
              [ [ 1, 2, 2, 2, 3, 2, 3, 2, 2, 1, 1, 1, 3, 2, 2, 4, 3, -17 ], [ 1, 2, 2, 2, 1, 2, 1, 2, 2, 3, 3, 3, 1, 2, 2, 0, 1, -15 ] ], 
              [ [ 1, 1, 2, 1, 2, 1, 3, 2, 1, 0, 0, 1, 3, 3, 3, 3, 3, -14 ], [ 1, 3, 2, 3, 2, 3, 1, 2, 3, 4, 4, 3, 1, 1, 1, 1, 1, -18 ] ], 
              [ [ 1, 2, 3, 2, 2, 1, 3, 2, 1, 2, 1, 2, 1, 2, 2, 3, 2, -15 ], [ 1, 2, 1, 2, 2, 3, 1, 2, 3, 2, 3, 2, 3, 2, 2, 1, 2, -17 ] ], 
              [ [ 1, 1, 2, 2, 2, 1, 3, 2, 1, 1, 1, 1, 2, 2, 2, 2, 3, -14 ], [ 1, 3, 2, 2, 2, 3, 1, 2, 3, 3, 3, 3, 2, 2, 2, 2, 1, -18 ] ], 
              [ [ 1, 2, 3, 2, 3, 1, 3, 2, 1, 0, 2, 1, 2, 2, 2, 3, 2, -15 ], [ 1, 2, 1, 2, 1, 3, 1, 2, 3, 4, 2, 3, 2, 2, 2, 1, 2, -17 ] ], 
              [ [ 1, 1, 2, 2, 2, 2, 3, 2, 1, 1, 1, 2, 2, 2, 3, 2, 3, -15 ], [ 1, 3, 2, 2, 2, 2, 1, 2, 3, 3, 3, 2, 2, 2, 1, 2, 1, -17 ] ], 
              [ [ 1, 3, 2, 2, 2, 3, 1, 3, 2, 3, 3, 2, 2, 2, 2, 2, 1, -18 ], [ 1, 1, 2, 2, 2, 1, 3, 1, 2, 1, 1, 2, 2, 2, 2, 2, 3, -14 ] ], 
              [ [ 1, 2, 1, 3, 1, 4, 1, 2, 3, 3, 2, 1, 1, 1, 3, 0, 3, -16 ], [ 1, 2, 3, 1, 3, 0, 3, 2, 1, 1, 2, 3, 3, 3, 1, 4, 1, -16 ] ], 
              [ [ 1, 3, 1, 4, 3, 3, 2, 2, 2, 2, 2, 2, 2, 2, 2, 2, 2, -18 ], [ 1, 1, 3, 0, 1, 1, 2, 2, 2, 2, 2, 2, 2, 2, 2, 2, 2, -14 ] ], 
              [ [ 1, 2, 2, 3, 2, 3, 2, 1, 1, 2, 1, 1, 2, 1, 2, 2, 1, -14 ], [ 1, 2, 2, 1, 2, 1, 2, 3, 3, 2, 3, 3, 2, 3, 2, 2, 3, -18 ] ], 
              [ [ 1, 2, 1, 3, 2, 2, 2, 2, 1, 1, 1, 2, 2, 3, 3, 1, 2, -15 ], [ 1, 2, 3, 1, 2, 2, 2, 2, 3, 3, 3, 2, 2, 1, 1, 3, 2, -17 ] ], 
              [ [ 1, 1, 1, 3, 3, 3, 2, 2, 2, 2, 1, 2, 2, 2, 1, 1, 2, -15 ], [ 1, 3, 3, 1, 1, 1, 2, 2, 2, 2, 3, 2, 2, 2, 3, 3, 2, -17 ] ], 
              [ [ 1, 1, 1, 4, 2, 4, 0, 2, 2, 3, 1, 1, 2, 3, 1, 2, 3, -17 ], [ 1, 3, 3, 0, 2, 0, 4, 2, 2, 1, 3, 3, 2, 1, 3, 2, 1, -15 ] ], 
              [ [ 1, 3, 3, 3, 3, 2, 3, 1, 1, 2, 2, 3, 2, 1, 1, 2, 1, -17 ], [ 1, 1, 1, 1, 1, 2, 1, 3, 3, 2, 2, 1, 2, 3, 3, 2, 3, -15 ] ], 
              [ [ 1, 2, 1, 4, 2, 2, 2, 2, 1, 2, 2, 2, 1, 2, 2, 0, 2, -15 ], [ 1, 2, 3, 0, 2, 2, 2, 2, 3, 2, 2, 2, 3, 2, 2, 4, 2, -17 ] ], 
              [ [ 1, 3, 2, 4, 3, 2, 2, 2, 1, 1, 3, 2, 1, 2, 2, 1, 1, -16 ], [ 1, 1, 2, 0, 1, 2, 2, 2, 3, 3, 1, 2, 3, 2, 2, 3, 3, -16 ] ], 
              [ [ 1, 2, 2, 4, 3, 3, 1, 2, 2, 3, 2, 3, 2, 3, 0, 2, 3, -20 ], [ 1, 2, 2, 0, 1, 1, 3, 2, 2, 1, 2, 1, 2, 1, 4, 2, 1, -12 ] ], 
              [ [ 1, 1, 2, 3, 3, 2, 2, 2, 1, 1, 2, 2, 1, 2, 1, 0, 1, -13 ], [ 1, 3, 2, 1, 1, 2, 2, 2, 3, 3, 2, 2, 3, 2, 3, 4, 3, -19 ] ], 
              [ [ 1, 1, 2, 4, 2, 3, 0, 2, 1, 2, 2, 1, 1, 3, 1, 1, 2, -15 ], [ 1, 3, 2, 0, 2, 1, 4, 2, 3, 2, 2, 3, 3, 1, 3, 3, 2, -17 ] ], 
              [ [ 1, 2, 2, 3, 3, 3, 3, 1, 1, 1, 2, 3, 3, 1, 2, 1, 2, -17 ], [ 1, 2, 2, 1, 1, 1, 1, 3, 3, 3, 2, 1, 1, 3, 2, 3, 2, -15 ] ], 
              [ [ 1, 1, 2, 4, 3, 3, 1, 2, 1, 1, 3, 3, 2, 3, 1, 0, 3, -18 ], [ 1, 3, 2, 0, 1, 1, 3, 2, 3, 3, 1, 1, 2, 1, 3, 4, 1, -14 ] ], 
              [ [ 1, 1, 1, 6, 3, 3, 1, 1, 1, 1, 1, 1, 1, 3, 1, 1, 3, -15 ], [ 1, 3, 3, -2, 1, 1, 3, 3, 3, 3, 3, 3, 3, 1, 3, 3, 1, -17 ] ], 
              [ [ 1, 4, 2, 0, 2, 2, 3, 3, 3, 3, 3, 3, 3, 1, 3, 3, 1, -19 ], [ 1, 0, 2, 4, 2, 2, 1, 1, 1, 1, 1, 1, 1, 3, 1, 1, 3, -13 ] ], 
              [ [ 1, 2, 2, 0, 1, 3, 1, 3, 3, 4, 2, 2, 3, 2, 2, 3, 2, -18 ], [ 1, 2, 2, 4, 3, 1, 3, 1, 1, 0, 2, 2, 1, 2, 2, 1, 2, -14 ] ], 
              [ [ 1, 3, 2, 0, 1, 1, 3, 3, 2, 3, 3, 3, 2, 1, 3, 1, 1, -16 ], [ 1, 1, 2, 4, 3, 3, 1, 1, 2, 1, 1, 1, 2, 3, 1, 3, 3, -16 ] ], 
              [ [ 1, 4, 3, 0, 2, 1, 3, 3, 2, 2, 4, 3, 2, 1, 3, 2, 0, -17 ], [ 1, 0, 1, 4, 2, 3, 1, 1, 2, 2, 0, 1, 2, 3, 1, 2, 4, -15 ] ], 
              [ [ 1, 3, 3, 0, 2, 2, 2, 3, 3, 4, 3, 4, 3, 2, 1, 3, 2, -21 ], [ 1, 1, 1, 4, 2, 2, 2, 1, 1, 0, 1, 0, 1, 2, 3, 1, 2, -11 ] ], 
              [ [ 1, 3, 3, 1, 1, 3, 1, 3, 3, 6, 3, 3, 1, 1, 1, 3, 1, -19 ], [ 1, 1, 1, 3, 3, 1, 3, 1, 1, -2, 1, 1, 3, 3, 3, 1, 3, -13 ] ], 
              [ [ 1, 3, 3, 1, 2, 3, 1, 3, 3, 4, 4, 2, 2, 1, 1, 3, 1, -19 ], [ 1, 1, 1, 3, 2, 1, 3, 1, 1, 0, 0, 2, 2, 3, 3, 1, 3, -13 ] ], 
              [ [ 1, 3, 2, 1, 2, 2, 1, 4, 3, 3, 4, 3, 2, 3, 2, 2, 2, -20 ], [ 1, 1, 2, 3, 2, 2, 3, 0, 1, 1, 0, 1, 2, 1, 2, 2, 2, -12 ] ], 
              [ [ 1, 2, 3, 0, 1, 2, 1, 3, 2, 3, 3, 2, 2, 2, 2, 2, 1, -16 ], [ 1, 2, 1, 4, 3, 2, 3, 1, 2, 1, 1, 2, 2, 2, 2, 2, 3, -16 ] ], 
              [ [ 1, 2, 2, 1, 1, 3, 1, 2, 4, 3, 2, 0, 2, 1, 2, 2, 3, -16 ], [ 1, 2, 2, 3, 3, 1, 3, 2, 0, 1, 2, 4, 2, 3, 2, 2, 1, -16 ] ], 
              [ [ 1, 4, 2, 1, 3, 0, 4, 3, 1, 2, 3, 4, 3, 2, 2, 3, 0, -18 ], [ 1, 0, 2, 3, 1, 4, 0, 1, 3, 2, 1, 0, 1, 2, 2, 1, 4, -14 ] ], 
              [ [ 1, 3, 3, 1, 2, 1, 2, 3, 1, 4, 2, 4, 2, 3, 1, 4, 0, -18 ], [ 1, 1, 1, 3, 2, 3, 2, 1, 3, 0, 2, 0, 2, 1, 3, 0, 4, -14 ] ], 
              [ [ 1, 2, 2, 1, 2, 1, 2, 3, 1, 3, 2, 3, 3, 3, 1, 3, 1, -17 ], [ 1, 2, 2, 3, 2, 3, 2, 1, 3, 1, 2, 1, 1, 1, 3, 1, 3, -15 ] ], 
              [ [ 1, 3, 3, 1, 3, 1, 3, 3, 1, 3, 3, 3, 1, 1, 1, 3, -2, -14 ], [ 1, 1, 1, 3, 1, 3, 1, 1, 3, 1, 1, 1, 3, 3, 3, 1, 6, -18 ] ], 
              [ [ 1, 3, 3, 1, 3, 1, 2, 3, 1, 2, 3, 3, 3, 3, 1, 4, 0, -18 ], [ 1, 1, 1, 3, 1, 3, 2, 1, 3, 2, 1, 1, 1, 1, 3, 0, 4, -14 ] ], 
              [ [ 1, 2, 2, 2, 3, 2, 1, 4, 2, 4, 3, 3, 1, 3, 0, 3, 0, -17 ], [ 1, 2, 2, 2, 1, 2, 3, 0, 2, 0, 1, 1, 3, 1, 4, 1, 4, -15 ] ], 
              [ [ 1, 3, 1, 1, 2, 0, 4, 2, 2, 1, 1, 2, 3, 2, 3, 2, 2, -15 ], [ 1, 1, 3, 3, 2, 4, 0, 2, 2, 3, 3, 2, 1, 2, 1, 2, 2, -17 ] ], 
              [ [ 1, 3, 1, 2, 1, 1, 3, 2, 2, 3, 1, 1, 1, 1, 3, 2, 1, -13 ], [ 1, 1, 3, 2, 3, 3, 1, 2, 2, 1, 3, 3, 3, 3, 1, 2, 3, -19 ] ], 
              [ [ 1, 3, 1, 2, 1, 1, 2, 2, 2, 2, 1, 1, 3, 3, 3, 3, 3, -17 ], [ 1, 1, 3, 2, 3, 3, 2, 2, 2, 2, 3, 3, 1, 1, 1, 1, 1, -15 ] ], 
              [ [ 1, 4, 2, 2, 2, 1, 3, 2, 2, 2, 2, 1, 1, 1, 3, 3, 0, -14 ], [ 1, 0, 2, 2, 2, 3, 1, 2, 2, 2, 2, 3, 3, 3, 1, 1, 4, -18 ] ], 
              [ [ 1, 3, 2, 2, 2, 2, 2, 2, 3, 4, 1, 2, 2, 2, 1, 4, 2, -18 ], [ 1, 1, 2, 2, 2, 2, 2, 2, 1, 0, 3, 2, 2, 2, 3, 0, 2, -14 ] ], 
              [ [ 1, 3, 1, 2, 2, 1, 3, 2, 2, 1, 2, 0, 2, 1, 3, 2, 1, -13 ], [ 1, 1, 3, 2, 2, 3, 1, 2, 2, 3, 2, 4, 2, 3, 1, 2, 3, -19 ] ], 
              [ [ 1, 3, 1, 3, 2, 2, 1, 3, 3, 3, 2, 1, 1, 3, 2, 3, 2, -17 ], [ 1, 1, 3, 1, 2, 2, 3, 1, 1, 1, 2, 3, 3, 1, 2, 1, 2, -15 ] ], 
              [ [ 1, 2, 2, 1, 2, 1, 3, 2, 2, 2, 1, 1, 1, 1, 2, 2, 0, -11 ], [ 1, 2, 2, 3, 2, 3, 1, 2, 2, 2, 3, 3, 3, 3, 2, 2, 4, -21 ] ], 
              [ [ 1, 2, 2, 1, 2, 1, 2, 2, 2, 1, 1, 1, 3, 3, 2, 3, 2, -15 ], [ 1, 2, 2, 3, 2, 3, 2, 2, 2, 3, 3, 3, 1, 1, 2, 1, 2, -17 ] ], 
              [ [ 1, 2, 2, 2, 1, 2, 1, 2, 2, 3, 1, 0, 1, 2, 2, 3, 1, -13 ], [ 1, 2, 2, 2, 3, 2, 3, 2, 2, 1, 3, 4, 3, 2, 2, 1, 3, -19 ] ], 
              [ [ 1, 1, 1, 2, 2, 2, 1, 3, 3, 3, 1, 1, 1, 3, 1, 2, 2, -14 ], [ 1, 3, 3, 2, 2, 2, 3, 1, 1, 1, 3, 3, 3, 1, 3, 2, 2, -18 ] ], 
              [ [ 1, 3, 3, 2, 2, 1, 2, 2, 2, 3, 2, 2, 1, 2, 1, 3, 1, -16 ], [ 1, 1, 1, 2, 2, 3, 2, 2, 2, 1, 2, 2, 3, 2, 3, 1, 3, -16 ] ], 
              [ [ 1, 2, 2, 2, 2, 1, 2, 2, 2, 2, 2, 1, 2, 2, 1, 2, 2, -15 ], [ 1, 2, 2, 2, 2, 3, 2, 2, 2, 2, 2, 3, 2, 2, 3, 2, 2, -17 ] ], 
              [ [ 1, 2, 2, 1, 1, 4, 1, 2, 4, 3, 2, 1, 2, 1, 3, 2, 3, -17 ], [ 1, 2, 2, 3, 3, 0, 3, 2, 0, 1, 2, 3, 2, 3, 1, 2, 1, -15 ] ], 
              [ [ 1, 2, 2, 1, 2, 2, 2, 3, 1, 3, 2, 4, 3, 3, 2, 3, 1, -18 ], [ 1, 2, 2, 3, 2, 2, 2, 1, 3, 1, 2, 0, 1, 1, 2, 1, 3, -14 ] ], 
              [ [ 1, 3, 2, 1, 2, 2, 4, 1, 2, 2, 1, 2, 3, 0, 3, 3, 1, -15 ], [ 1, 1, 2, 3, 2, 2, 0, 3, 2, 2, 3, 2, 1, 4, 1, 1, 3, -17 ] ], 
              [ [ 1, 3, 1, 1, 2, 1, 4, 2, 2, 1, 1, 3, 3, 2, 4, 2, 2, -16 ], [ 1, 1, 3, 3, 2, 3, 0, 2, 2, 3, 3, 1, 1, 2, 0, 2, 2, -16 ] ], 
              [ [ 1, 3, 1, 2, 1, 2, 2, 2, 2, 2, 1, 2, 3, 3, 4, 3, 3, -18 ], [ 1, 1, 3, 2, 3, 2, 2, 2, 2, 2, 3, 2, 1, 1, 0, 1, 1, -14 ] ], 
              [ [ 1, 3, 1, 2, 2, 2, 3, 2, 2, 1, 2, 1, 2, 1, 4, 2, 1, -14 ], [ 1, 1, 3, 2, 2, 2, 1, 2, 2, 3, 2, 3, 2, 3, 0, 2, 3, -18 ] ], 
              [ [ 1, 2, 1, 2, 2, 3, 2, 2, 3, 3, 1, 2, 3, 2, 2, 3, 3, -18 ], [ 1, 2, 3, 2, 2, 1, 2, 2, 1, 1, 3, 2, 1, 2, 2, 1, 1, -14 ] ], 
              [ [ 1, 1, 1, 1, 1, 2, 2, 2, 2, 2, 0, 2, 3, 3, 3, 2, 3, -15 ], [ 1, 3, 3, 3, 3, 2, 2, 2, 2, 2, 4, 2, 1, 1, 1, 2, 1, -17 ] ], 
              [ [ 1, 2, 2, 1, 2, 2, 2, 2, 2, 1, 1, 2, 3, 3, 3, 3, 2, -16 ], [ 1, 2, 2, 3, 2, 2, 2, 2, 2, 3, 3, 2, 1, 1, 1, 1, 2, -16 ] ], 
              [ [ 1, 1, 1, 1, 2, 2, 3, 2, 2, 1, 1, 1, 2, 1, 3, 1, 1, -11 ], [ 1, 3, 3, 3, 2, 2, 1, 2, 2, 3, 3, 3, 2, 3, 1, 3, 3, -21 ] ], 
              [ [ 1, 1, 1, 1, 2, 2, 2, 2, 2, 0, 1, 1, 4, 3, 3, 2, 3, -15 ], [ 1, 3, 3, 3, 2, 2, 2, 2, 2, 4, 3, 3, 0, 1, 1, 2, 1, -17 ] ], 
              [ [ 1, 1, 1, 2, 1, 3, 1, 2, 2, 2, 1, 0, 2, 2, 3, 2, 2, -13 ], [ 1, 3, 3, 2, 3, 1, 3, 2, 2, 2, 3, 4, 2, 2, 1, 2, 2, -19 ] ], 
              [ [ 1, 2, 1, 2, 3, 1, 3, 2, 1, 1, 0, 3, 4, 4, 2, 4, 2, -17 ], [ 1, 2, 3, 2, 1, 3, 1, 2, 3, 3, 4, 1, 0, 0, 2, 0, 2, -15 ] ], 
              [ [ 1, 2, 3, 0, 2, 2, 2, 3, 2, 2, 4, 4, 3, 2, 2, 1, 2, -19 ], [ 1, 2, 1, 4, 2, 2, 2, 1, 2, 2, 0, 0, 1, 2, 2, 3, 2, -13 ] ], 
              [ [ 1, 2, 3, 1, 1, 3, 1, 3, 2, 4, 4, 3, 1, 1, 2, 1, 1, -17 ], [ 1, 2, 1, 3, 3, 1, 3, 1, 2, 0, 0, 1, 3, 3, 2, 3, 3, -15 ] ], 
              [ [ 1, 3, 3, 1, 0, 3, 2, 1, 3, 4, 2, 2, 2, 0, 3, 2, 3, -18 ], [ 1, 1, 1, 3, 4, 1, 2, 3, 1, 0, 2, 2, 2, 4, 1, 2, 1, -14 ] ], 
              [ [ 1, 3, 3, 1, 1, 3, 3, 1, 3, 3, 3, 1, 1, -2, 3, 1, 1, -14 ], [ 1, 1, 1, 3, 3, 1, 1, 3, 1, 1, 1, 3, 3, 6, 1, 3, 3, -18 ] ], 
              [ [ 1, 3, 2, 1, 1, 2, 3, 2, 3, 2, 3, 2, 1, 0, 4, 0, 2, -15 ], [ 1, 1, 2, 3, 3, 2, 1, 2, 1, 2, 1, 2, 3, 4, 0, 4, 2, -17 ] ], 
              [ [ 1, 3, 3, 1, 1, 3, 2, 1, 3, 2, 3, 1, 3, 0, 3, 2, 3, -18 ], [ 1, 1, 1, 3, 3, 1, 2, 3, 1, 2, 1, 3, 1, 4, 1, 2, 1, -14 ] ], 
              [ [ 1, 3, 2, 1, 1, 2, 2, 2, 3, 1, 3, 2, 3, 2, 4, 1, 4, -19 ], [ 1, 1, 2, 3, 3, 2, 2, 2, 1, 3, 1, 2, 1, 2, 0, 3, 0, -13 ] ], 
              [ [ 1, 3, 2, 2, 0, 3, 1, 2, 3, 3, 3, 1, 1, 1, 4, 1, 3, -17 ], [ 1, 1, 2, 2, 4, 1, 3, 2, 1, 1, 1, 3, 3, 3, 0, 3, 1, -15 ] ], 
              [ [ 1, 2, 2, 2, 1, 4, 1, 2, 4, 4, 3, 1, 1, 0, 2, 1, 3, -17 ], [ 1, 2, 2, 2, 3, 0, 3, 2, 0, 0, 1, 3, 3, 4, 2, 3, 1, -15 ] ], 
              [ [ 1, 1, 2, 1, 0, 3, 1, 2, 3, 3, 2, 1, 1, 1, 3, 0, 3, -14 ], [ 1, 3, 2, 3, 4, 1, 3, 2, 1, 1, 2, 3, 3, 3, 1, 4, 1, -18 ] ], 
              [ [ 1, 2, 3, 1, 1, 3, 1, 2, 3, 2, 3, 1, 1, 1, 3, 1, 2, -15 ], [ 1, 2, 1, 3, 3, 1, 3, 2, 1, 2, 1, 3, 3, 3, 1, 3, 2, -17 ] ], 
              [ [ 1, 1, 2, 1, 1, 3, 1, 2, 3, 1, 3, 0, 2, 1, 3, 0, 3, -14 ], [ 1, 3, 2, 3, 3, 1, 3, 2, 1, 3, 1, 4, 2, 3, 1, 4, 1, -18 ] ], 
              [ [ 1, 3, 3, 1, 3, 1, 3, 3, 1, 3, 3, 6, 3, 3, 1, 3, 1, -21 ], [ 1, 1, 1, 3, 1, 3, 1, 1, 3, 1, 1, -2, 1, 1, 3, 1, 3, -11 ] ], 
              [ [ 1, 3, 3, 2, 3, 2, 2, 3, 1, 3, 4, 4, 2, 2, 1, 3, 0, -19 ], [ 1, 1, 1, 2, 1, 2, 2, 1, 3, 1, 0, 0, 2, 2, 3, 1, 4, -13 ] ], 
              [ [ 1, 1, 3, 1, 3, 2, 2, 3, 1, 3, 3, 4, 2, 2, 0, 2, 0, -16 ], [ 1, 3, 1, 3, 1, 2, 2, 1, 3, 1, 1, 0, 2, 2, 4, 2, 4, -16 ] ], 
              [ [ 1, 4, 3, 2, 2, 2, 3, 1, 2, 3, 2, 3, 3, 1, 2, 4, 2, -20 ], [ 1, 0, 1, 2, 2, 2, 1, 3, 2, 1, 2, 1, 1, 3, 2, 0, 2, -12 ] ], 
              [ [ 1, 4, 2, 2, 2, 1, 3, 2, 2, 2, 2, 4, 3, 3, 3, 3, 3, -21 ], [ 1, 0, 2, 2, 2, 3, 1, 2, 2, 2, 2, 0, 1, 1, 1, 1, 1, -11 ] ], 
              [ [ 1, 3, 1, 2, 2, 1, 4, 2, 2, 2, 2, 3, 2, 1, 3, 1, 2, -16 ], [ 1, 1, 3, 2, 2, 3, 0, 2, 2, 2, 2, 1, 2, 3, 1, 3, 2, -16 ] ], 
              [ [ 1, 3, 1, 2, 2, 1, 3, 2, 2, 1, 2, 3, 4, 3, 3, 2, 4, -20 ], [ 1, 1, 3, 2, 2, 3, 1, 2, 2, 3, 2, 1, 0, 1, 1, 2, 0, -12 ] ], 
              [ [ 1, 3, 1, 3, 1, 2, 2, 2, 2, 3, 2, 2, 2, 2, 3, 2, 3, -18 ], [ 1, 1, 3, 1, 3, 2, 2, 2, 2, 1, 2, 2, 2, 2, 1, 2, 1, -14 ] ], 
              [ [ 1, 4, 2, 2, 3, 1, 4, 2, 2, 1, 3, 3, 2, 1, 3, 2, 1, -17 ], [ 1, 0, 2, 2, 1, 3, 0, 2, 2, 3, 1, 1, 2, 3, 1, 2, 3, -15 ] ], 
              [ [ 1, 4, 2, 3, 2, 2, 2, 2, 2, 2, 3, 2, 2, 2, 3, 3, 2, -19 ], [ 1, 0, 2, 1, 2, 2, 2, 2, 2, 2, 1, 2, 2, 2, 1, 1, 2, -13 ] ], 
              [ [ 1, 3, 3, 1, 2, 1, 4, 1, 1, 1, 2, 2, 2, 0, 3, 2, 0, -13 ], [ 1, 1, 1, 3, 2, 3, 0, 3, 3, 3, 2, 2, 2, 4, 1, 2, 4, -19 ] ], 
              [ [ 1, 2, 3, 1, 2, 2, 3, 1, 2, 3, 1, 3, 3, 1, 1, 3, 2, -17 ], [ 1, 2, 1, 3, 2, 2, 1, 3, 2, 1, 3, 1, 1, 3, 3, 1, 2, -15 ] ], 
              [ [ 1, 2, 2, 1, 2, 1, 3, 2, 2, 2, 1, 4, 3, 3, 2, 2, 3, -18 ], [ 1, 2, 2, 3, 2, 3, 1, 2, 2, 2, 3, 0, 1, 1, 2, 2, 1, -14 ] ], 
              [ [ 1, 2, 2, 2, 1, 2, 2, 2, 2, 4, 1, 3, 1, 2, 2, 2, 2, -16 ], [ 1, 2, 2, 2, 3, 2, 2, 2, 2, 0, 3, 1, 3, 2, 2, 2, 2, -16 ] ], 
              [ [ 1, 2, 2, 2, 1, 2, 1, 2, 2, 3, 1, 3, 3, 4, 2, 3, 4, -20 ], [ 1, 2, 2, 2, 3, 2, 3, 2, 2, 1, 3, 1, 1, 0, 2, 1, 0, -12 ] ], 
              [ [ 1, 3, 3, 2, 2, 2, 2, 2, 2, 3, 2, 3, 1, 2, 2, 3, 1, -17 ], [ 1, 1, 1, 2, 2, 2, 2, 2, 2, 1, 2, 1, 3, 2, 2, 1, 3, -15 ] ], 
              [ [ 1, 1, 1, 2, 1, 2, 2, 2, 2, 3, 1, 2, 2, 2, 2, 1, 3, -15 ], [ 1, 3, 3, 2, 3, 2, 2, 2, 2, 1, 3, 2, 2, 2, 2, 3, 1, -17 ] ], 
              [ [ 1, 2, 2, 1, 3, 1, 4, 2, 2, 1, 2, 3, 2, 1, 2, 1, 1, -14 ], [ 1, 2, 2, 3, 1, 3, 0, 2, 2, 3, 2, 1, 2, 3, 2, 3, 3, -18 ] ], 
              [ [ 1, 2, 2, 2, 2, 2, 3, 2, 2, 3, 2, 2, 0, 0, 2, 1, 0, -12 ], [ 1, 2, 2, 2, 2, 2, 1, 2, 2, 1, 2, 2, 4, 4, 2, 3, 4, -20 ] ], 
              [ [ 1, 2, 2, 1, 3, 1, 3, 2, 2, 0, 2, 3, 4, 3, 2, 2, 3, -18 ], [ 1, 2, 2, 3, 1, 3, 1, 2, 2, 4, 2, 1, 0, 1, 2, 2, 1, -14 ] ], 
              [ [ 1, 2, 3, 2, 2, 3, 2, 1, 2, 3, 2, 1, 2, 0, 1, 3, 1, -15 ], [ 1, 2, 1, 2, 2, 1, 2, 3, 2, 1, 2, 3, 2, 4, 3, 1, 3, -17 ] ] ],
          slins := [  ] ), 
      [ [ [ -9426814, -58420734, -48734102, -29405734, -29078562, -24238054, -2623106, -33610562, -6768102, -42949438, -24247402, -26840598, -59413506, 
                  -24961602, -9826842, -2400626, -59026502, -60907360 ], [ -58420734, -362053294, -302021991, -182237469, -180209775, -150211505, 
                  -16256305, -208296223, -41944281, -266172375, -150269437, -166340355, -368205893, -154695603, -60900313, -14877473, -365807421, 
                  -377463760 ], [ -48734102, -302021991, -251944358, -152021057, -150329565, -125305247, -13560881, -173759063, -34989589, -222038887, 
                  -125353573, -138759807, -307154443, -129045847, -50802559, -12410669, -305153653, -314877280 ], 
              [ -29405734, -182237469, -152021057, -91728198, -90707565, -75608107, -8182519, -104844723, -21112417, -133976353, -75637267, -83726473, 
                  -185334347, -77865153, -30653827, -7488491, -184127087, -189994240 ], 
              [ -29078562, -180209775, -150329565, -90707565, -89698298, -74766843, -8091475, -103678147, -20877503, -132485647, -74795681, -82794877, 
                  -183272193, -76998775, -30312753, -7405171, -182078371, -187880240 ], 
              [ -24238054, -150211505, -125305247, -75608107, -74766843, -62320926, -6744543, -86419567, -17402171, -110431679, -62344961, -69012589, 
                  -152764143, -64181323, -25266799, -6172483, -151769047, -156605120 ], [ -2623106, -16256305, -13560881, -8182519, -8091475, -6744543, 
                  -729914, -9352565, -1883311, -11951223, -6747145, -7468733, -16532559, -6945881, -2734443, -668003, -16424867, -16948240 ], 
              [ -33610562, -208296223, -173759063, -104844723, -103678147, -86419567, -9352565, -119836826, -24131353, -153134085, -86452895, -95698805, 
                  -211835933, -88999355, -35037121, -8559295, -210456043, -217162160 ], [ -6768102, -41944281, -34989589, -21112417, -20877503, -17402171, 
                  -1883311, -24131353, -4859294, -30836367, -17408881, -19270717, -42657067, -17921659, -7055369, -1723571, -42379199, -43729600 ], 
              [ -42949438, -266172375, -222038887, -133976353, -132485647, -110431679, -11951223, -153134085, -30836367, -195683166, -110474273, 
                  -122289199, -270695611, -113728275, -44772363, -10937541, -268932317, -277501760 ], 
              [ -24247402, -150269437, -125353573, -75637267, -74795681, -62344961, -6747145, -86452895, -17408881, -110474273, -62369010, -69039205, 
                  -152823061, -64206077, -25276545, -6174865, -151827583, -156665520 ], 
              [ -26840598, -166340355, -138759807, -83726473, -82794877, -69012589, -7468733, -95698805, -19270717, -122289199, -69039205, -76422766, 
                  -169167081, -71072745, -27979803, -6835249, -168065137, -173420480 ], 
              [ -59413506, -368205893, -307154443, -185334347, -183272193, -152764143, -16532559, -211835933, -42657067, -270695611, -152823061, 
                  -169167081, -374463050, -157324443, -61935231, -15130295, -372023817, -383878240 ], 
              [ -24961602, -154695603, -129045847, -77865153, -76998775, -64181323, -6945881, -88999355, -17921659, -113728275, -64206077, -71072745, 
                  -157324443, -66097258, -26021061, -6356743, -156299641, -161280080 ], [ -9826842, -60900313, -50802559, -30653827, -30312753, -25266799, 
                  -2734443, -35037121, -7055369, -44772363, -25276545, -27979803, -61935231, -26021061, -10243930, -2502513, -61531789, -63492480 ], 
              [ -2400626, -14877473, -12410669, -7488491, -7405171, -6172483, -668003, -8559295, -1723571, -10937541, -6174865, -6835249, -15130295, 
                  -6356743, -2502513, -611346, -15031739, -15510720 ], [ -59026502, -365807421, -305153653, -184127087, -182078371, -151769047, -16424867, 
                  -210456043, -42379199, -268932317, -151827583, -168065137, -372023817, -156299641, -61531789, -15031739, -369600478, -381377680 ], 
              [ -60907360, -377463760, -314877280, -189994240, -187880240, -156605120, -16948240, -217162160, -43729600, -277501760, -156665520, 
                  -173420480, -383878240, -161280080, -63492480, -15510720, -381377680, -393530160 ] ], 
          [ 1, 2, 2, 2, 2, 2, 2, 2, 2, 2, 2, 2, 2, 2, 2, 2, 2, -16 ] ] ] ];
