random2Pro20261002182808:=[ [ rec(
          nopss := [ 0, 544 ],
          scons := [ [ [ 1, 3, 1, 2, 1, 2, 1, 3, 3, 2, 1, 3, 3, 3, 3, 2, 3, -21 ], [ 1, 1, 3, 2, 3, 2, 3, 1, 1, 2, 3, 1, 1, 1, 1, 2, 1, -15 ] ], 
              [ [ 1, 2, 3, 1, 1, 3, 2, 1, 2, 2, 2, 3, 2, 2, 2, 3, 2, -20 ], [ 1, 2, 1, 3, 3, 1, 2, 3, 2, 2, 2, 1, 2, 2, 2, 1, 2, -16 ] ], 
              [ [ 1, 3, 2, 2, 1, 1, 2, 1, 3, 2, 3, 2, 2, 2, 2, 3, 3, -19 ], [ 1, 1, 2, 2, 3, 3, 2, 3, 1, 2, 1, 2, 2, 2, 2, 1, 1, -17 ] ], 
              [ [ 1, 3, 3, 2, 1, 3, 3, 3, 1, 2, 2, 3, 3, 1, 2, 2, 3, -21 ], [ 1, 1, 1, 2, 3, 1, 1, 1, 3, 2, 2, 1, 1, 3, 2, 2, 1, -15 ] ], 
              [ [ 1, 2, 3, 2, 1, 3, 3, 2, 2, 3, 1, 3, 3, 2, 1, 3, 3, -22 ], [ 1, 2, 1, 2, 3, 1, 1, 2, 2, 1, 3, 1, 1, 2, 3, 1, 1, -14 ] ], 
              [ [ 1, 3, 2, 3, 0, 1, 1, 3, 2, 1, 1, 3, 3, 1, 1, 2, 4, -17 ], [ 1, 1, 2, 1, 4, 3, 3, 1, 2, 3, 3, 1, 1, 3, 3, 2, 0, -19 ] ], 
              [ [ 1, 2, 2, 1, 1, 2, 2, 2, 2, 1, 3, 3, 3, 2, 2, 1, 3, -18 ], [ 1, 2, 2, 3, 3, 2, 2, 2, 2, 3, 1, 1, 1, 2, 2, 3, 1, -18 ] ], 
              [ [ 1, 1, 2, 3, 2, 2, 2, 2, 1, 2, 2, 3, 3, 1, 2, 1, 4, -19 ], [ 1, 3, 2, 1, 2, 2, 2, 2, 3, 2, 2, 1, 1, 3, 2, 3, 0, -17 ] ], 
              [ [ 1, 2, 2, 3, 3, 1, 1, 2, 0, 3, 3, 4, 3, 3, 3, 1, 1, -19 ], [ 1, 2, 2, 1, 1, 3, 3, 2, 4, 1, 1, 0, 1, 1, 1, 3, 3, -17 ] ], 
              [ [ 1, 1, 1, 2, 3, 2, 2, 1, 2, 4, 2, 3, 3, 3, 2, 2, 2, -21 ], [ 1, 3, 3, 2, 1, 2, 2, 3, 2, 0, 2, 1, 1, 1, 2, 2, 2, -15 ] ], 
              [ [ 1, 2, 3, 2, 1, 2, 2, 2, 1, 2, 2, 4, 2, 2, 2, 3, 0, -18 ], [ 1, 2, 1, 2, 3, 2, 2, 2, 3, 2, 2, 0, 2, 2, 2, 1, 4, -18 ] ], 
              [ [ 1, 3, 2, 2, 3, 1, 2, 1, 2, 2, 2, 2, 1, 3, 2, 3, 1, -18 ], [ 1, 1, 2, 2, 1, 3, 2, 3, 2, 2, 2, 2, 3, 1, 2, 1, 3, -18 ] ], 
              [ [ 1, 4, 4, 1, 2, 2, 2, 2, 1, 2, 2, 3, 1, 1, 2, 3, 1, -19 ], [ 1, 0, 0, 3, 2, 2, 2, 2, 3, 2, 2, 1, 3, 3, 2, 1, 3, -17 ] ], 
              [ [ 1, 2, 2, 1, 1, 4, 1, 2, 3, 3, 1, 4, 3, 3, 3, 3, 1, -23 ], [ 1, 2, 2, 3, 3, 0, 3, 2, 1, 1, 3, 0, 1, 1, 1, 1, 3, -13 ] ], 
              [ [ 1, 2, 2, 1, 1, 3, 3, 2, 2, 2, 2, 3, 2, 1, 2, 3, 1, -19 ], [ 1, 2, 2, 3, 3, 1, 1, 2, 2, 2, 2, 1, 2, 3, 2, 1, 3, -17 ] ], 
              [ [ 1, 2, 1, 1, 2, 2, 1, 2, 2, 1, 1, 3, 3, 3, 3, 1, 1, -17 ], [ 1, 2, 3, 3, 2, 2, 3, 2, 2, 3, 3, 1, 1, 1, 1, 3, 3, -19 ] ], 
              [ [ 1, 2, 3, 1, 2, 3, 1, 2, 1, 2, 3, 4, 2, 2, 4, 1, 1, -20 ], [ 1, 2, 1, 3, 2, 1, 3, 2, 3, 2, 1, 0, 2, 2, 0, 3, 3, -16 ] ], 
              [ [ 1, 2, 2, 1, 2, 4, 3, 3, 1, 2, 2, 3, 3, 2, 3, 2, 1, -21 ], [ 1, 2, 2, 3, 2, 0, 1, 1, 3, 2, 2, 1, 1, 2, 1, 2, 3, -15 ] ], 
              [ [ 1, 2, 1, 1, 2, 2, 2, 2, 3, 2, 2, 3, 1, 3, 2, 3, 1, -19 ], [ 1, 2, 3, 3, 2, 2, 2, 2, 1, 2, 2, 1, 3, 1, 2, 1, 3, -17 ] ], 
              [ [ 1, 1, 1, 3, 2, 2, 1, 3, 1, 2, 3, 4, 2, 2, 4, 2, 1, -19 ], [ 1, 3, 3, 1, 2, 2, 3, 1, 3, 2, 1, 0, 2, 2, 0, 2, 3, -17 ] ], 
              [ [ 1, 1, 1, 3, 3, 2, 2, 3, 1, 3, 2, 4, 3, 3, 4, 1, 1, -21 ], [ 1, 3, 3, 1, 1, 2, 2, 1, 3, 1, 2, 0, 1, 1, 0, 3, 3, -15 ] ], 
              [ [ 1, 3, 2, 2, 2, 1, 1, 3, 2, 2, 3, 4, 1, 2, 3, 1, 2, -19 ], [ 1, 1, 2, 2, 2, 3, 3, 1, 2, 2, 1, 0, 3, 2, 1, 3, 2, -17 ] ], 
              [ [ 1, 3, 1, 2, 2, 2, 3, 4, 2, 2, 2, 3, 2, 2, 2, 2, 2, -20 ], [ 1, 1, 3, 2, 2, 2, 1, 0, 2, 2, 2, 1, 2, 2, 2, 2, 2, -16 ] ], 
              [ [ 1, 3, 0, 2, 3, 1, 1, 3, 2, 1, 1, 2, 2, 2, 3, 2, 2, -17 ], [ 1, 1, 4, 2, 1, 3, 3, 1, 2, 3, 3, 2, 2, 2, 1, 2, 2, -19 ] ], 
              [ [ 1, 1, 2, 1, 1, 3, 3, 1, 3, 3, 1, 3, 2, 2, 1, 4, 1, -20 ], [ 1, 3, 2, 3, 3, 1, 1, 3, 1, 1, 3, 1, 2, 2, 3, 0, 3, -16 ] ], 
              [ [ 1, 3, 3, 0, 2, 3, 3, 1, 3, 3, 1, 2, 1, 1, 1, 4, 2, -21 ], [ 1, 1, 1, 4, 2, 1, 1, 3, 1, 1, 3, 2, 3, 3, 3, 0, 2, -15 ] ], 
              [ [ 1, 3, 1, 2, 2, 0, 0, 1, 4, 2, 2, 3, 2, 4, 2, 2, 2, -18 ], [ 1, 1, 3, 2, 2, 4, 4, 3, 0, 2, 2, 1, 2, 0, 2, 2, 2, -18 ] ], 
              [ [ 1, 1, 3, 3, 1, 3, 1, 3, 1, 3, 3, 6, 3, 3, 3, 1, 1, -22 ], [ 1, 3, 1, 1, 3, 1, 3, 1, 3, 1, 1, -2, 1, 1, 1, 3, 3, -14 ] ], 
              [ [ 1, 1, 2, 3, 3, 2, 1, 1, 2, 4, 3, 4, 3, 4, 4, 2, 1, -23 ], [ 1, 3, 2, 1, 1, 2, 3, 3, 2, 0, 1, 0, 1, 0, 0, 2, 3, -13 ] ], 
              [ [ 1, 2, 3, 2, 1, 2, 2, 2, 2, 3, 2, 4, 2, 1, 2, 2, 2, -20 ], [ 1, 2, 1, 2, 3, 2, 2, 2, 2, 1, 2, 0, 2, 3, 2, 2, 2, -16 ] ], 
              [ [ 1, 1, 2, 3, 1, 3, 2, 3, 1, 2, 2, 4, 2, 1, 2, 2, 2, -19 ], [ 1, 3, 2, 1, 3, 1, 2, 1, 3, 2, 2, 0, 2, 3, 2, 2, 2, -17 ] ], 
              [ [ 1, 1, 1, 3, 3, 2, 2, 1, 2, 3, 2, 2, 2, 2, 3, 3, 2, -20 ], [ 1, 3, 3, 1, 1, 2, 2, 3, 2, 1, 2, 2, 2, 2, 1, 1, 2, -16 ] ], 
              [ [ 1, 2, 1, 2, 1, 2, 1, 3, 2, 1, 1, 3, 3, 2, 2, 2, 2, -17 ], [ 1, 2, 3, 2, 3, 2, 3, 1, 2, 3, 3, 1, 1, 2, 2, 2, 2, -19 ] ], 
              [ [ 1, 1, 1, 3, 2, 3, 1, 3, 1, 2, 1, 4, 4, 3, 3, 2, 1, -20 ], [ 1, 3, 3, 1, 2, 1, 3, 1, 3, 2, 3, 0, 0, 1, 1, 2, 3, -16 ] ], 
              [ [ 1, 2, 1, 2, 2, 2, 2, 2, 2, 2, 0, 2, 3, 1, 2, 3, 2, -18 ], [ 1, 2, 3, 2, 2, 2, 2, 2, 2, 2, 4, 2, 1, 3, 2, 1, 2, -18 ] ], 
              [ [ 1, 2, 2, 1, 3, 1, 4, 0, 3, 3, 3, 2, 1, 3, 1, 3, 1, -19 ], [ 1, 2, 2, 3, 1, 3, 0, 4, 1, 1, 1, 2, 3, 1, 3, 1, 3, -17 ] ], 
              [ [ 1, 2, 2, 1, 2, 1, 2, 1, 2, 1, 2, 3, 1, 2, 1, 2, 1, -15 ], [ 1, 2, 2, 3, 2, 3, 2, 3, 2, 3, 2, 1, 3, 2, 3, 2, 3, -21 ] ], 
              [ [ 1, 2, 2, 3, 3, 2, 1, 2, 2, 3, 3, 4, 2, 4, 3, 1, 2, -22 ], [ 1, 2, 2, 1, 1, 2, 3, 2, 2, 1, 1, 0, 2, 0, 1, 3, 2, -14 ] ], 
              [ [ 1, 3, 2, 2, 2, 2, 2, 2, 3, 3, 3, 3, 2, 3, 2, 3, 2, -22 ], [ 1, 1, 2, 2, 2, 2, 2, 2, 1, 1, 1, 1, 2, 1, 2, 1, 2, -14 ] ], 
              [ [ 1, 3, 2, 2, 1, 2, 0, 3, 2, 1, 2, 4, 2, 2, 2, 2, 2, -18 ], [ 1, 1, 2, 2, 3, 2, 4, 1, 2, 3, 2, 0, 2, 2, 2, 2, 2, -18 ] ], 
              [ [ 1, 3, 2, 2, 3, 1, 2, 1, 3, 3, 2, 2, 1, 2, 2, 2, 3, -20 ], [ 1, 1, 2, 2, 1, 3, 2, 3, 1, 1, 2, 2, 3, 2, 2, 2, 1, -16 ] ], 
              [ [ 1, 4, 2, 1, 1, 1, 1, 3, 3, 1, 1, 3, 2, 2, 1, 1, 3, -17 ], [ 1, 0, 2, 3, 3, 3, 3, 1, 1, 3, 3, 1, 2, 2, 3, 3, 1, -19 ] ], 
              [ [ 1, 4, 2, 1, 1, 1, 1, 2, 3, 1, 1, 2, 1, 0, 1, 3, 3, -16 ], [ 1, 0, 2, 3, 3, 3, 3, 2, 1, 3, 3, 2, 3, 4, 3, 1, 1, -20 ] ], 
              [ [ 1, 3, 2, 2, 2, 2, 1, 3, 2, 2, 1, 4, 3, 3, 2, 1, 2, -20 ], [ 1, 1, 2, 2, 2, 2, 3, 1, 2, 2, 3, 0, 1, 1, 2, 3, 2, -16 ] ], 
              [ [ 1, 3, 1, 2, 2, 2, 2, 3, 2, 1, 0, 2, 2, 1, 1, 2, 3, -17 ], [ 1, 1, 3, 2, 2, 2, 2, 1, 2, 3, 4, 2, 2, 3, 3, 2, 1, -19 ] ], 
              [ [ 1, 1, 3, 1, 2, 2, 3, 1, 1, 2, 3, 3, 1, 1, 2, 2, 1, -17 ], [ 1, 3, 1, 3, 2, 2, 1, 3, 3, 2, 1, 1, 3, 3, 2, 2, 3, -19 ] ], 
              [ [ 1, 0, 3, 2, 3, 3, 3, 1, 0, 3, 3, 4, 2, 2, 3, 2, 0, -20 ], [ 1, 4, 1, 2, 1, 1, 1, 3, 4, 1, 1, 0, 2, 2, 1, 2, 4, -16 ] ], 
              [ [ 1, 2, 3, 2, 2, 3, 2, 3, 1, 3, 2, 4, 3, 2, 3, 1, 2, -22 ], [ 1, 2, 1, 2, 2, 1, 2, 1, 3, 1, 2, 0, 1, 2, 1, 3, 2, -14 ] ], 
              [ [ 1, 2, 3, 2, 2, 3, 2, 2, 1, 3, 2, 3, 2, 0, 3, 3, 2, -21 ], [ 1, 2, 1, 2, 2, 1, 2, 2, 3, 1, 2, 1, 2, 4, 1, 1, 2, -15 ] ], 
              [ [ 1, 1, 2, 3, 3, 4, 3, 3, 0, 3, 1, 3, 3, 1, 3, 2, 2, -22 ], [ 1, 3, 2, 1, 1, 0, 1, 1, 4, 1, 3, 1, 1, 3, 1, 2, 2, -14 ] ], 
              [ [ 1, 2, 3, 1, 2, 3, 4, 2, 1, 2, 3, 3, 1, 1, 1, 3, 1, -19 ], [ 1, 2, 1, 3, 2, 1, 0, 2, 3, 2, 1, 1, 3, 3, 3, 1, 3, -17 ] ], 
              [ [ 1, 2, 2, 1, 3, 2, 2, 2, 1, 1, 2, 3, 2, 3, 2, 1, 1, -17 ], [ 1, 2, 2, 3, 1, 2, 2, 2, 3, 3, 2, 1, 2, 1, 2, 3, 3, -19 ] ], 
              [ [ 1, 3, 2, 0, 3, 1, 3, 1, 2, 1, 1, 1, 1, 1, 1, 2, 2, -15 ], [ 1, 1, 2, 4, 1, 3, 1, 3, 2, 3, 3, 3, 3, 3, 3, 2, 2, -21 ] ], 
              [ [ 1, 3, 3, 2, 2, 3, 2, 3, 1, 2, 2, 3, 1, 0, 2, 2, 3, -20 ], [ 1, 1, 1, 2, 2, 1, 2, 1, 3, 2, 2, 1, 3, 4, 2, 2, 1, -16 ] ], 
              [ [ 1, 4, 2, 1, 2, 2, 1, 3, 2, 1, 1, 2, 2, 1, 2, 2, 3, -18 ], [ 1, 0, 2, 3, 2, 2, 3, 1, 2, 3, 3, 2, 2, 3, 2, 2, 1, -18 ] ], 
              [ [ 1, 1, 2, 3, 3, 1, 3, 1, 1, 3, 4, 3, 2, 2, 3, 2, 1, -19 ], [ 1, 3, 2, 1, 1, 3, 1, 3, 3, 1, 0, 1, 2, 2, 1, 2, 3, -17 ] ], 
              [ [ 1, 2, 2, 3, 3, 1, 3, 2, 1, 2, 4, 3, 1, 2, 2, 1, 2, -18 ], [ 1, 2, 2, 1, 1, 3, 1, 2, 3, 2, 0, 1, 3, 2, 2, 3, 2, -18 ] ], 
              [ [ 1, 3, 1, 2, 3, 0, 2, 2, 2, 1, 3, 2, 2, 3, 2, 1, 2, -16 ], [ 1, 1, 3, 2, 1, 4, 2, 2, 2, 3, 1, 2, 2, 1, 2, 3, 2, -20 ] ], 
              [ [ 1, 1, 3, 3, 2, 3, 2, 1, 2, 4, 2, 4, 3, 3, 2, 2, 2, -23 ], [ 1, 3, 1, 1, 2, 1, 2, 3, 2, 0, 2, 0, 1, 1, 2, 2, 2, -13 ] ], 
              [ [ 1, 2, 3, 2, 0, 3, 1, 2, 2, 2, 1, 4, 3, 1, 1, 3, 2, -19 ], [ 1, 2, 1, 2, 4, 1, 3, 2, 2, 2, 3, 0, 1, 3, 3, 1, 2, -17 ] ], 
              [ [ 1, 3, 2, 2, 2, 2, 1, 1, 3, 2, 1, 2, 2, 2, 1, 3, 3, -19 ], [ 1, 1, 2, 2, 2, 2, 3, 3, 1, 2, 3, 2, 2, 2, 3, 1, 1, -17 ] ], 
              [ [ 1, 1, 3, 1, 2, 3, 3, 1, 1, 2, 1, 3, 3, 2, 1, 2, 1, -18 ], [ 1, 3, 1, 3, 2, 1, 1, 3, 3, 2, 3, 1, 1, 2, 3, 2, 3, -18 ] ], 
              [ [ 1, 3, 4, 0, 1, 2, 2, 1, 2, 1, 2, 3, 1, 1, 0, 2, 2, -16 ], [ 1, 1, 0, 4, 3, 2, 2, 3, 2, 3, 2, 1, 3, 3, 4, 2, 2, -20 ] ], 
              [ [ 1, 3, 3, 2, 2, 1, 2, 1, 2, 2, 3, 3, 2, 2, 1, 2, 2, -18 ], [ 1, 1, 1, 2, 2, 3, 2, 3, 2, 2, 1, 1, 2, 2, 3, 2, 2, -18 ] ], 
              [ [ 1, 1, 2, 3, 3, 1, 3, 1, 2, 3, 3, 3, 1, 3, 1, 2, 2, -19 ], [ 1, 3, 2, 1, 1, 3, 1, 3, 2, 1, 1, 1, 3, 1, 3, 2, 2, -17 ] ], 
              [ [ 1, 2, 2, 2, 1, 1, 2, 2, 2, 1, 2, 3, 1, 1, 0, 3, 2, -15 ], [ 1, 2, 2, 2, 3, 3, 2, 2, 2, 3, 2, 1, 3, 3, 4, 1, 2, -21 ] ], 
              [ [ 1, 2, 2, 2, 2, 1, 3, 2, 2, 2, 1, 3, 2, 2, 0, 2, 2, -17 ], [ 1, 2, 2, 2, 2, 3, 1, 2, 2, 2, 3, 1, 2, 2, 4, 2, 2, -19 ] ], 
              [ [ 1, 2, 2, 4, 3, 2, 2, 2, 2, 4, 2, 3, 2, 2, 2, 3, 3, -23 ], [ 1, 2, 2, 0, 1, 2, 2, 2, 2, 0, 2, 1, 2, 2, 2, 1, 1, -13 ] ], 
              [ [ 1, 3, 2, 3, 1, 2, 1, 4, 2, 2, 1, 4, 3, 2, 1, 2, 3, -20 ], [ 1, 1, 2, 1, 3, 2, 3, 0, 2, 2, 3, 0, 1, 2, 3, 2, 1, -16 ] ], 
              [ [ 1, 2, 4, 2, 2, 2, 3, 2, 1, 3, 3, 4, 1, 1, 1, 2, 2, -20 ], [ 1, 2, 0, 2, 2, 2, 1, 2, 3, 1, 1, 0, 3, 3, 3, 2, 2, -16 ] ], 
              [ [ 1, 2, 2, 2, 3, 2, 3, 2, 1, 2, 1, 2, 2, 1, 1, 3, 2, -18 ], [ 1, 2, 2, 2, 1, 2, 1, 2, 3, 2, 3, 2, 2, 3, 3, 1, 2, -18 ] ], 
              [ [ 1, 2, 1, 4, 4, 0, 2, 2, 1, 2, 2, 2, 2, 2, 2, 1, 3, -17 ], [ 1, 2, 3, 0, 0, 4, 2, 2, 3, 2, 2, 2, 2, 2, 2, 3, 1, -19 ] ], 
              [ [ 1, 2, 3, 2, 2, 1, 2, 0, 3, 3, 2, 3, 2, 3, 0, 3, 2, -19 ], [ 1, 2, 1, 2, 2, 3, 2, 4, 1, 1, 2, 1, 2, 1, 4, 1, 2, -17 ] ], 
              [ [ 1, 2, 3, 4, 2, 1, 1, 2, 1, 2, 3, 4, 2, 2, 1, 1, 3, -18 ], [ 1, 2, 1, 0, 2, 3, 3, 2, 3, 2, 1, 0, 2, 2, 3, 3, 1, -18 ] ], 
              [ [ 1, 0, 1, 2, 2, 2, 2, 2, 2, 2, 2, 4, 3, 3, 2, 0, 2, -18 ], [ 1, 4, 3, 2, 2, 2, 2, 2, 2, 2, 2, 0, 1, 1, 2, 4, 2, -18 ] ], 
              [ [ 1, 0, 1, 2, 2, 2, 2, 1, 2, 2, 2, 3, 2, 1, 2, 2, 2, -17 ], [ 1, 4, 3, 2, 2, 2, 2, 3, 2, 2, 2, 1, 2, 3, 2, 2, 2, -19 ] ], 
              [ [ 1, 1, 1, 3, 2, 3, 1, 3, 2, 3, 1, 4, 4, 2, 3, 1, 3, -22 ], [ 1, 3, 3, 1, 2, 1, 3, 1, 2, 1, 3, 0, 0, 2, 1, 3, 1, -14 ] ], 
              [ [ 1, 2, 0, 1, 2, 1, 1, 2, 3, 0, 1, 2, 2, 2, 1, 1, 3, -14 ], [ 1, 2, 4, 3, 2, 3, 3, 2, 1, 4, 3, 2, 2, 2, 3, 3, 1, -22 ] ], 
              [ [ 1, 0, 1, 2, 3, 3, 2, 2, 1, 2, 2, 3, 3, 2, 3, 1, 2, -19 ], [ 1, 4, 3, 2, 1, 1, 2, 2, 3, 2, 2, 1, 1, 2, 1, 3, 2, -17 ] ], 
              [ [ 1, 2, 2, 1, 3, 2, 2, 2, 2, 2, 2, 3, 2, 2, 2, 0, 3, -19 ], [ 1, 2, 2, 3, 1, 2, 2, 2, 2, 2, 2, 1, 2, 2, 2, 4, 1, -17 ] ], 
              [ [ 1, 1, 0, 3, 3, 1, 2, 3, 2, 2, 2, 3, 2, 2, 2, 1, 3, -18 ], [ 1, 3, 4, 1, 1, 3, 2, 1, 2, 2, 2, 1, 2, 2, 2, 3, 1, -18 ] ], 
              [ [ 1, 2, 3, 2, 1, 3, 2, 2, 3, 2, 2, 4, 1, 3, 2, 3, 1, -21 ], [ 1, 2, 1, 2, 3, 1, 2, 2, 1, 2, 2, 0, 3, 1, 2, 1, 3, -15 ] ], 
              [ [ 1, 3, 2, 3, 2, 2, 1, 3, 2, 1, 1, 3, 2, 2, 3, 2, 2, -19 ], [ 1, 1, 2, 1, 2, 2, 3, 1, 2, 3, 3, 1, 2, 2, 1, 2, 2, -17 ] ], 
              [ [ 1, 2, 1, 2, 1, 3, 1, 4, 3, 1, 1, 4, 2, 2, 3, 2, 2, -20 ], [ 1, 2, 3, 2, 3, 1, 3, 0, 1, 3, 3, 0, 2, 2, 1, 2, 2, -16 ] ], 
              [ [ 1, 1, 2, 1, 2, 2, 2, 0, 4, 2, 2, 3, 1, 3, 2, 3, 1, -19 ], [ 1, 3, 2, 3, 2, 2, 2, 4, 0, 2, 2, 1, 3, 1, 2, 1, 3, -17 ] ], 
              [ [ 1, 2, 1, 2, 2, 3, 2, 2, 4, 2, 0, 2, 2, 2, 2, 3, 3, -21 ], [ 1, 2, 3, 2, 2, 1, 2, 2, 0, 2, 4, 2, 2, 2, 2, 1, 1, -15 ] ], 
              [ [ 1, 2, 3, 0, 1, 3, 3, 2, 3, 1, 1, 3, 1, 1, 1, 2, 2, -18 ], [ 1, 2, 1, 4, 3, 1, 1, 2, 1, 3, 3, 1, 3, 3, 3, 2, 2, -18 ] ], 
              [ [ 1, 1, 2, 3, 3, 2, 3, 1, 3, 3, 4, 3, 1, 3, 3, 2, 2, -22 ], [ 1, 3, 2, 1, 1, 2, 1, 3, 1, 1, 0, 1, 3, 1, 1, 2, 2, -14 ] ], 
              [ [ 1, 1, 2, 3, 2, 2, 1, 2, 2, 1, 3, 4, 1, 2, 3, 1, 2, -18 ], [ 1, 3, 2, 1, 2, 2, 3, 2, 2, 3, 1, 0, 3, 2, 1, 3, 2, -18 ] ], 
              [ [ 1, 2, 2, 2, 1, 2, 2, 3, 3, 1, 3, 4, 2, 3, 2, 1, 2, -19 ], [ 1, 2, 2, 2, 3, 2, 2, 1, 1, 3, 1, 0, 2, 1, 2, 3, 2, -17 ] ], 
              [ [ 1, 2, 2, 2, 1, 2, 2, 2, 3, 1, 3, 3, 1, 1, 2, 3, 2, -18 ], [ 1, 2, 2, 2, 3, 2, 2, 2, 1, 3, 1, 1, 3, 3, 2, 1, 2, -18 ] ], 
              [ [ 1, 2, 1, 2, 2, 1, 0, 2, 3, 0, 2, 3, 2, 3, 3, 1, 2, -16 ], [ 1, 2, 3, 2, 2, 3, 4, 2, 1, 4, 2, 1, 2, 1, 1, 3, 2, -20 ] ], 
              [ [ 1, 2, 2, 2, 2, 2, 3, 2, 3, 2, 2, 3, 2, 2, 2, 2, 2, -20 ], [ 1, 2, 2, 2, 2, 2, 1, 2, 1, 2, 2, 1, 2, 2, 2, 2, 2, -16 ] ], 
              [ [ 1, 1, 1, 3, 2, 3, 3, 3, 2, 1, 2, 3, 2, 2, 2, 2, 2, -19 ], [ 1, 3, 3, 1, 2, 1, 1, 1, 2, 3, 2, 1, 2, 2, 2, 2, 2, -17 ] ], 
              [ [ 1, 1, 2, 1, 3, 2, 4, 1, 2, 1, 3, 2, 1, 2, 2, 2, 1, -17 ], [ 1, 3, 2, 3, 1, 2, 0, 3, 2, 3, 1, 2, 3, 2, 2, 2, 3, -19 ] ], 
              [ [ 1, 2, 2, 2, 3, 2, 2, 2, 2, 1, 2, 2, 1, 1, 3, 1, 3, -18 ], [ 1, 2, 2, 2, 1, 2, 2, 2, 2, 3, 2, 2, 3, 3, 1, 3, 1, -18 ] ], 
              [ [ 1, 2, 2, 2, 1, 2, 1, 2, 3, 0, 1, 3, 2, 2, 1, 1, 3, -16 ], [ 1, 2, 2, 2, 3, 2, 3, 2, 1, 4, 3, 1, 2, 2, 3, 3, 1, -20 ] ], 
              [ [ 1, 1, 2, 4, 2, 2, 2, 3, 2, 2, 2, 4, 2, 2, 2, 1, 3, -20 ], [ 1, 3, 2, 0, 2, 2, 2, 1, 2, 2, 2, 0, 2, 2, 2, 3, 1, -16 ] ], 
              [ [ 1, 3, 1, 3, 2, 1, 1, 3, 3, 0, 1, 2, 1, 1, 1, 2, 4, -16 ], [ 1, 1, 3, 1, 2, 3, 3, 1, 1, 4, 3, 2, 3, 3, 3, 2, 0, -20 ] ], 
              [ [ 1, 1, 2, 3, 4, 2, 2, 1, 1, 3, 2, 3, 2, 2, 2, 2, 1, -19 ], [ 1, 3, 2, 1, 0, 2, 2, 3, 3, 1, 2, 1, 2, 2, 2, 2, 3, -17 ] ], 
              [ [ 1, 2, 2, 2, 3, 2, 2, 2, 2, 1, 2, 3, 0, 2, 2, 3, 0, -17 ], [ 1, 2, 2, 2, 1, 2, 2, 2, 2, 3, 2, 1, 4, 2, 2, 1, 4, -19 ] ], 
              [ [ 1, 2, 2, 2, 3, 2, 2, 2, 3, 2, 2, 3, 0, 1, 2, 2, 2, -19 ], [ 1, 2, 2, 2, 1, 2, 2, 2, 1, 2, 2, 1, 4, 3, 2, 2, 2, -17 ] ], 
              [ [ 1, 3, 2, 2, 1, 1, 1, 3, 1, 2, 3, 3, 3, 3, 3, 1, 2, -18 ], [ 1, 1, 2, 2, 3, 3, 3, 1, 3, 2, 1, 1, 1, 1, 1, 3, 2, -18 ] ], 
              [ [ 1, 3, 3, 0, 1, 3, 3, 1, 2, 3, 1, 1, 3, 2, 1, 4, 2, -20 ], [ 1, 1, 1, 4, 3, 1, 1, 3, 2, 1, 3, 3, 1, 2, 3, 0, 2, -16 ] ], 
              [ [ 1, 2, 3, 2, 0, 2, 2, 2, 1, 3, 2, 3, 4, 2, 2, 2, 2, -19 ], [ 1, 2, 1, 2, 4, 2, 2, 2, 3, 1, 2, 1, 0, 2, 2, 2, 2, -17 ] ], 
              [ [ 1, 3, 2, 2, 2, 1, 2, 1, 2, 3, 2, 1, 3, 3, 2, 2, 3, -19 ], [ 1, 1, 2, 2, 2, 3, 2, 3, 2, 1, 2, 3, 1, 1, 2, 2, 1, -17 ] ], 
              [ [ 1, 4, 2, 1, 0, 1, 1, 2, 2, 1, 1, 1, 3, 1, 1, 3, 3, -15 ], [ 1, 0, 2, 3, 4, 3, 3, 2, 2, 3, 3, 3, 1, 3, 3, 1, 1, -21 ] ], 
              [ [ 1, 2, 3, 2, 1, 3, 2, 2, 0, 3, 2, 2, 4, 1, 3, 3, 2, -20 ], [ 1, 2, 1, 2, 3, 1, 2, 2, 4, 1, 2, 2, 0, 3, 1, 1, 2, -16 ] ], 
              [ [ 1, 4, 4, 1, 1, 2, 2, 2, 1, 3, 2, 2, 3, 1, 2, 2, 3, -20 ], [ 1, 0, 0, 3, 3, 2, 2, 2, 3, 1, 2, 2, 1, 3, 2, 2, 1, -16 ] ], 
              [ [ 1, 3, 3, 2, 1, 3, 2, 3, 0, 2, 2, 2, 3, 1, 2, 2, 3, -19 ], [ 1, 1, 1, 2, 3, 1, 2, 1, 4, 2, 2, 2, 1, 3, 2, 2, 1, -17 ] ], 
              [ [ 1, 3, 2, 3, 1, 1, 2, 3, 1, 3, 2, 2, 3, 1, 2, 3, 3, -19 ], [ 1, 1, 2, 1, 3, 3, 2, 1, 3, 1, 2, 2, 1, 3, 2, 1, 1, -17 ] ], 
              [ [ 1, 2, 2, 4, 2, 2, 2, 2, 1, 4, 2, 2, 4, 3, 2, 3, 3, -22 ], [ 1, 2, 2, 0, 2, 2, 2, 2, 3, 0, 2, 2, 0, 1, 2, 1, 1, -14 ] ], 
              [ [ 1, 2, 4, 2, 1, 2, 3, 2, 0, 3, 3, 3, 3, 2, 1, 2, 2, -19 ], [ 1, 2, 0, 2, 3, 2, 1, 2, 4, 1, 1, 1, 1, 2, 3, 2, 2, -17 ] ], 
              [ [ 1, 2, 1, 1, 1, 2, 2, 2, 3, 3, 2, 2, 3, 3, 2, 2, 3, -20 ], [ 1, 2, 3, 3, 3, 2, 2, 2, 1, 1, 2, 2, 1, 1, 2, 2, 1, -16 ] ], 
              [ [ 1, 1, 1, 3, 1, 2, 1, 3, 1, 3, 3, 3, 4, 2, 4, 1, 3, -20 ], [ 1, 3, 3, 1, 3, 2, 3, 1, 3, 1, 1, 1, 0, 2, 0, 3, 1, -16 ] ], 
              [ [ 1, 3, 0, 2, 2, 1, 1, 3, 2, 2, 1, 1, 4, 2, 3, 1, 4, -18 ], [ 1, 1, 4, 2, 2, 3, 3, 1, 2, 2, 3, 3, 0, 2, 1, 3, 0, -18 ] ], 
              [ [ 1, 0, 1, 2, 1, 2, 2, 1, 1, 2, 2, 2, 4, 2, 2, 2, 2, -16 ], [ 1, 4, 3, 2, 3, 2, 2, 3, 3, 2, 2, 2, 0, 2, 2, 2, 2, -20 ] ], 
              [ [ 1, 1, 1, 3, 1, 3, 1, 3, 1, 3, 1, 3, 6, 3, 3, 1, 3, -21 ], [ 1, 3, 3, 1, 3, 1, 3, 1, 3, 1, 3, 1, -2, 1, 1, 3, 1, -15 ] ], 
              [ [ 1, 2, 2, 1, 1, 1, 2, 1, 2, 2, 2, 2, 3, 2, 1, 1, 3, -16 ], [ 1, 2, 2, 3, 3, 3, 2, 3, 2, 2, 2, 2, 1, 2, 3, 3, 1, -20 ] ], 
              [ [ 1, 3, 2, 2, 0, 2, 0, 3, 2, 2, 2, 3, 4, 2, 2, 1, 4, -19 ], [ 1, 1, 2, 2, 4, 2, 4, 1, 2, 2, 2, 1, 0, 2, 2, 3, 0, -17 ] ], 
              [ [ 1, 0, 3, 2, 2, 3, 3, 1, 0, 4, 3, 3, 4, 2, 3, 1, 2, -21 ], [ 1, 4, 1, 2, 2, 1, 1, 3, 4, 0, 1, 1, 0, 2, 1, 3, 2, -15 ] ], 
              [ [ 1, 2, 3, 1, 1, 3, 4, 2, 1, 3, 3, 2, 3, 1, 1, 2, 3, -20 ], [ 1, 2, 1, 3, 3, 1, 0, 2, 3, 1, 1, 2, 1, 3, 3, 2, 1, -16 ] ], 
              [ [ 1, 2, 2, 1, 2, 2, 2, 2, 1, 2, 2, 2, 4, 3, 2, 0, 3, -18 ], [ 1, 2, 2, 3, 2, 2, 2, 2, 3, 2, 2, 2, 0, 1, 2, 4, 1, -18 ] ], 
              [ [ 1, 2, 2, 1, 2, 2, 2, 1, 1, 2, 2, 1, 3, 1, 2, 2, 3, -17 ], [ 1, 2, 2, 3, 2, 2, 2, 3, 3, 2, 2, 3, 1, 3, 2, 2, 1, -19 ] ], 
              [ [ 1, 1, 0, 3, 2, 1, 2, 3, 1, 2, 2, 2, 4, 3, 2, 1, 3, -17 ], [ 1, 3, 4, 1, 2, 3, 2, 1, 3, 2, 2, 2, 0, 1, 2, 3, 1, -19 ] ], 
              [ [ 1, 2, 2, 2, 0, 1, 2, 2, 2, 2, 2, 2, 3, 1, 0, 2, 4, -16 ], [ 1, 2, 2, 2, 4, 3, 2, 2, 2, 2, 2, 2, 1, 3, 4, 2, 0, -20 ] ], 
              [ [ 1, 1, 2, 3, 1, 2, 2, 2, 1, 3, 2, 3, 4, 2, 1, 2, 3, -19 ], [ 1, 3, 2, 1, 3, 2, 2, 2, 3, 1, 2, 1, 0, 2, 3, 2, 1, -17 ] ], 
              [ [ 1, 2, 2, 2, 2, 2, 3, 2, 1, 3, 1, 1, 4, 1, 1, 2, 4, -19 ], [ 1, 2, 2, 2, 2, 2, 1, 2, 3, 1, 3, 3, 0, 3, 3, 2, 0, -17 ] ], 
              [ [ 1, 2, 2, 2, 1, 2, 1, 2, 3, 3, 3, 3, 3, 4, 4, 2, 2, -22 ], [ 1, 2, 2, 2, 3, 2, 3, 2, 1, 1, 1, 1, 1, 0, 0, 2, 2, -14 ] ], 
              [ [ 1, 2, 1, 2, 1, 2, 2, 2, 3, 2, 2, 1, 2, 2, 3, 3, 3, -19 ], [ 1, 2, 3, 2, 3, 2, 2, 2, 1, 2, 2, 3, 2, 2, 1, 1, 1, -17 ] ], 
              [ [ 1, 1, 1, 3, 2, 3, 2, 2, 2, 3, 2, 2, 3, 3, 4, 3, 2, -22 ], [ 1, 3, 3, 1, 2, 1, 2, 2, 2, 1, 2, 2, 1, 1, 0, 1, 2, -14 ] ], 
              [ [ 1, 2, 1, 2, 0, 3, 1, 4, 2, 1, 1, 3, 4, 3, 3, 2, 2, -19 ], [ 1, 2, 3, 2, 4, 1, 3, 0, 2, 3, 3, 1, 0, 1, 1, 2, 2, -17 ] ], 
              [ [ 1, 3, 1, 1, 0, 2, 2, 3, 3, 1, 0, 1, 3, 1, 2, 3, 3, -17 ], [ 1, 1, 3, 3, 4, 2, 2, 1, 1, 3, 4, 3, 1, 3, 2, 1, 1, -19 ] ], 
              [ [ 1, 1, 3, 1, 1, 3, 3, 2, 1, 2, 3, 3, 2, 2, 3, 2, 1, -19 ], [ 1, 3, 1, 3, 3, 1, 1, 2, 3, 2, 1, 1, 2, 2, 1, 2, 3, -17 ] ], 
              [ [ 1, 3, 3, 1, 0, 3, 2, 3, 2, 2, 2, 2, 2, 0, 3, 3, 3, -20 ], [ 1, 1, 1, 3, 4, 1, 2, 1, 2, 2, 2, 2, 2, 4, 1, 1, 1, -16 ] ], 
              [ [ 1, 2, 2, 2, 1, 4, 3, 4, 1, 2, 1, 2, 3, 1, 3, 2, 3, -21 ], [ 1, 2, 2, 2, 3, 0, 1, 0, 3, 2, 3, 2, 1, 3, 1, 2, 1, -15 ] ], 
              [ [ 1, 2, 2, 2, 1, 1, 3, 2, 2, 2, 4, 2, 2, 2, 3, 2, 2, -18 ], [ 1, 2, 2, 2, 3, 3, 1, 2, 2, 2, 0, 2, 2, 2, 1, 2, 2, -18 ] ], 
              [ [ 1, 1, 2, 1, 1, 2, 2, 0, 3, 2, 2, 2, 3, 4, 2, 3, 1, -18 ], [ 1, 3, 2, 3, 3, 2, 2, 4, 1, 2, 2, 2, 1, 0, 2, 1, 3, -18 ] ], 
              [ [ 1, 2, 3, 2, 0, 3, 2, 2, 3, 3, 2, 3, 3, 3, 2, 2, 3, -22 ], [ 1, 2, 1, 2, 4, 1, 2, 2, 1, 1, 2, 1, 1, 1, 2, 2, 1, -14 ] ], 
              [ [ 1, 2, 3, 2, 0, 3, 2, 1, 3, 3, 2, 2, 2, 1, 2, 4, 3, -21 ], [ 1, 2, 1, 2, 4, 1, 2, 3, 1, 1, 2, 2, 2, 3, 2, 0, 1, -15 ] ], 
              [ [ 1, 3, 3, 1, -2, 3, 1, 3, 3, 1, 1, 3, 3, 1, 1, 3, 3, -18 ], [ 1, 1, 1, 3, 6, 1, 3, 1, 1, 3, 3, 1, 1, 3, 3, 1, 1, -18 ] ], 
              [ [ 1, 2, 2, 2, 1, 2, 0, 1, 3, 2, 1, 2, 3, 3, 3, 2, 3, -19 ], [ 1, 2, 2, 2, 3, 2, 4, 3, 1, 2, 3, 2, 1, 1, 1, 2, 1, -17 ] ], 
              [ [ 1, 3, 2, 1, 0, 2, 1, 1, 4, 2, 1, 1, 3, 2, 2, 4, 3, -19 ], [ 1, 1, 2, 3, 4, 2, 3, 3, 0, 2, 3, 3, 1, 2, 2, 0, 1, -17 ] ], 
              [ [ 1, 2, 1, 2, 1, 3, 2, 2, 3, 2, 0, 1, 4, 3, 2, 3, 3, -20 ], [ 1, 2, 3, 2, 3, 1, 2, 2, 1, 2, 4, 3, 0, 1, 2, 1, 1, -16 ] ], 
              [ [ 1, 4, 2, 1, 0, 2, 1, 2, 4, 1, 1, 1, 2, 2, 1, 3, 4, -18 ], [ 1, 0, 2, 3, 4, 2, 3, 2, 0, 3, 3, 3, 2, 2, 3, 1, 0, -18 ] ], 
              [ [ 1, 1, 3, 1, 2, 3, 4, 0, 2, 3, 2, 1, 2, 2, 2, 3, 2, -20 ], [ 1, 3, 1, 3, 2, 1, 0, 4, 2, 1, 2, 3, 2, 2, 2, 1, 2, -16 ] ], 
              [ [ 1, 2, 3, 0, 0, 3, 3, 2, 2, 1, 1, 2, 3, 2, 1, 2, 2, -17 ], [ 1, 2, 1, 4, 4, 1, 1, 2, 2, 3, 3, 2, 1, 2, 3, 2, 2, -19 ] ], 
              [ [ 1, 2, 3, 0, 0, 3, 3, 1, 2, 1, 1, 1, 2, 0, 1, 4, 2, -16 ], [ 1, 2, 1, 4, 4, 1, 1, 3, 2, 3, 3, 3, 2, 4, 3, 0, 2, -20 ] ], 
              [ [ 1, 2, 3, 2, 1, 4, 2, 2, 2, 3, 2, 2, 3, 2, 3, 3, 3, -23 ], [ 1, 2, 1, 2, 3, 0, 2, 2, 2, 1, 2, 2, 1, 2, 1, 1, 1, -13 ] ], 
              [ [ 1, 3, 3, 1, 0, 4, 2, 3, 2, 2, 0, 2, 4, 1, 2, 3, 3, -21 ], [ 1, 1, 1, 3, 4, 0, 2, 1, 2, 2, 4, 2, 0, 3, 2, 1, 1, -15 ] ], 
              [ [ 1, 2, 3, 2, 1, 1, 1, 1, 2, 2, 3, 3, 3, 3, 3, 1, 2, -18 ], [ 1, 2, 1, 2, 3, 3, 3, 3, 2, 2, 1, 1, 1, 1, 1, 3, 2, -18 ] ], 
              [ [ 1, 1, 2, 3, 2, 2, 3, 1, 2, 3, 4, 2, 3, 4, 3, 2, 2, -21 ], [ 1, 3, 2, 1, 2, 2, 1, 3, 2, 1, 0, 2, 1, 0, 1, 2, 2, -15 ] ], 
              [ [ 1, 1, 2, 3, 1, 2, 1, 2, 1, 1, 3, 3, 3, 3, 3, 1, 2, -17 ], [ 1, 3, 2, 1, 3, 2, 3, 2, 3, 3, 1, 1, 1, 1, 1, 3, 2, -19 ] ], 
              [ [ 1, 2, 2, 2, 0, 2, 2, 2, 2, 1, 3, 2, 3, 2, 2, 3, 2, -17 ], [ 1, 2, 2, 2, 4, 2, 2, 2, 2, 3, 1, 2, 1, 2, 2, 1, 2, -19 ] ], 
              [ [ 1, 2, 2, 2, 1, 1, 2, 1, 2, 1, 2, 1, 2, 1, 2, 2, 3, -15 ], [ 1, 2, 2, 2, 3, 3, 2, 3, 2, 3, 2, 3, 2, 3, 2, 2, 1, -21 ] ], 
              [ [ 1, 2, 2, 2, 1, 2, 3, 2, 2, 2, 2, 2, 4, 3, 2, 2, 2, -19 ], [ 1, 2, 2, 2, 3, 2, 1, 2, 2, 2, 2, 2, 0, 1, 2, 2, 2, -17 ] ], 
              [ [ 1, 3, 2, 3, 0, 2, 0, 3, 2, 1, 2, 2, 3, 1, 3, 2, 4, -18 ], [ 1, 1, 2, 1, 4, 2, 4, 1, 2, 3, 2, 2, 1, 3, 1, 2, 0, -18 ] ], 
              [ [ 1, 3, 2, 3, 1, 2, 1, 3, 2, 2, 1, 2, 4, 2, 3, 1, 4, -20 ], [ 1, 1, 2, 1, 3, 2, 3, 1, 2, 2, 3, 2, 0, 2, 1, 3, 0, -16 ] ], 
              [ [ 1, 4, 3, 1, 0, 1, 2, 2, 3, 1, 3, 2, 2, 2, 1, 2, 3, -17 ], [ 1, 0, 1, 3, 4, 3, 2, 2, 1, 3, 1, 2, 2, 2, 3, 2, 1, -19 ] ], 
              [ [ 1, 2, 4, 2, 1, 3, 3, 2, 1, 3, 4, 3, 3, 2, 3, 2, 2, -22 ], [ 1, 2, 0, 2, 3, 1, 1, 2, 3, 1, 0, 1, 1, 2, 1, 2, 2, -14 ] ], 
              [ [ 1, 2, 3, 2, 1, 3, 4, 2, 1, 2, 3, 1, 2, 0, 2, 3, 3, -19 ], [ 1, 2, 1, 2, 3, 1, 0, 2, 3, 2, 1, 3, 2, 4, 2, 1, 1, -17 ] ], 
              [ [ 1, 2, 2, 2, 2, 2, 2, 2, 1, 1, 2, 1, 3, 2, 3, 1, 3, -17 ], [ 1, 2, 2, 2, 2, 2, 2, 2, 3, 3, 2, 3, 1, 2, 1, 3, 1, -19 ] ], 
              [ [ 1, 2, 4, 2, 1, 3, 2, 1, 1, 2, 2, 2, 3, 1, 2, 2, 3, -19 ], [ 1, 2, 0, 2, 3, 1, 2, 3, 3, 2, 2, 2, 1, 3, 2, 2, 1, -17 ] ], 
              [ [ 1, 3, 2, 3, 1, 2, 2, 3, 3, 3, 2, 2, 2, 2, 2, 3, 4, -22 ], [ 1, 1, 2, 1, 3, 2, 2, 1, 1, 1, 2, 2, 2, 2, 2, 1, 0, -14 ] ], 
              [ [ 1, 3, 2, 1, 1, 2, 3, 3, 2, 1, 1, 1, 2, 1, 1, 3, 3, -17 ], [ 1, 1, 2, 3, 3, 2, 1, 1, 2, 3, 3, 3, 2, 3, 3, 1, 1, -19 ] ], 
              [ [ 1, 3, 1, 3, 2, 0, 2, 3, 2, 1, 2, 1, 2, 2, 2, 1, 4, -16 ], [ 1, 1, 3, 1, 2, 4, 2, 1, 2, 3, 2, 3, 2, 2, 2, 3, 0, -20 ] ], 
              [ [ 1, 3, 3, 1, 0, 1, 2, 1, 4, 2, 2, 2, 2, 3, 0, 3, 3, -18 ], [ 1, 1, 1, 3, 4, 3, 2, 3, 0, 2, 2, 2, 2, 1, 4, 1, 1, -18 ] ], 
              [ [ 1, 2, 2, 2, 1, 2, 3, 1, 3, 2, 1, 1, 2, 2, 0, 4, 3, -18 ], [ 1, 2, 2, 2, 3, 2, 1, 3, 1, 2, 3, 3, 2, 2, 4, 0, 1, -18 ] ], 
              [ [ 1, 2, 3, 3, 0, 1, 1, 2, 2, 2, 3, 3, 3, 2, 2, 2, 3, -18 ], [ 1, 2, 1, 1, 4, 3, 3, 2, 2, 2, 1, 1, 1, 2, 2, 2, 1, -18 ] ], 
              [ [ 1, 1, 2, 4, 1, 2, 2, 3, 1, 2, 2, 3, 4, 3, 2, 1, 3, -19 ], [ 1, 3, 2, 0, 3, 2, 2, 1, 3, 2, 2, 1, 0, 1, 2, 3, 1, -17 ] ], 
              [ [ 1, 1, 2, 4, 1, 2, 2, 2, 1, 2, 2, 2, 3, 1, 2, 3, 3, -18 ], [ 1, 3, 2, 0, 3, 2, 2, 2, 3, 2, 2, 2, 1, 3, 2, 1, 1, -18 ] ], 
              [ [ 1, 3, 3, 3, 0, 1, 1, 3, 2, 1, 3, 3, 2, 2, 1, 1, 4, -17 ], [ 1, 1, 1, 1, 4, 3, 3, 1, 2, 3, 1, 1, 2, 2, 3, 3, 0, -19 ] ], 
              [ [ 1, 3, 2, 3, 2, 0, 1, 1, 3, 2, 3, 1, 2, 3, 2, 2, 4, -18 ], [ 1, 1, 2, 1, 2, 4, 3, 3, 1, 2, 1, 3, 2, 1, 2, 2, 0, -18 ] ], 
              [ [ 1, 3, 3, 3, 1, 1, 2, 2, 2, 2, 2, 2, 2, 1, 1, 2, 4, -18 ], [ 1, 1, 1, 1, 3, 3, 2, 2, 2, 2, 2, 2, 2, 3, 3, 2, 0, -18 ] ], 
              [ [ 1, 4, 2, 2, 1, 0, 1, 2, 3, 1, 1, 1, 3, 2, 1, 2, 4, -16 ], [ 1, 0, 2, 2, 3, 4, 3, 2, 1, 3, 3, 3, 1, 2, 3, 2, 0, -20 ] ], 
              [ [ 1, 3, 1, 3, 1, 1, 1, 3, 2, 0, 1, 1, 3, 2, 1, 2, 4, -15 ], [ 1, 1, 3, 1, 3, 3, 3, 1, 2, 4, 3, 3, 1, 2, 3, 2, 0, -21 ] ], 
              [ [ 1, 2, 3, 2, 2, 1, 3, 1, 1, 1, 3, 1, 1, 1, 1, 2, 3, -15 ], [ 1, 2, 1, 2, 2, 3, 1, 3, 3, 3, 1, 3, 3, 3, 3, 2, 1, -21 ] ], 
              [ [ 1, 3, 3, 3, 2, 2, 2, 3, 1, 2, 2, 2, 3, 2, 2, 1, 4, -20 ], [ 1, 1, 1, 1, 2, 2, 2, 1, 3, 2, 2, 2, 1, 2, 2, 3, 0, -16 ] ], 
              [ [ 1, 1, 1, 1, 0, 2, 2, 2, 3, 1, 2, 2, 2, 1, 2, 2, 3, -16 ], [ 1, 3, 3, 3, 4, 2, 2, 2, 1, 3, 2, 2, 2, 3, 2, 2, 1, -20 ] ], 
              [ [ 1, 2, 1, 2, 0, 3, 1, 4, 3, 2, 1, 3, 4, 2, 3, 1, 4, -21 ], [ 1, 2, 3, 2, 4, 1, 3, 0, 1, 2, 3, 1, 0, 2, 1, 3, 0, -15 ] ], 
              [ [ 1, 1, 1, 1, 1, 3, 2, 3, 2, 1, 2, 2, 3, 2, 3, 1, 3, -18 ], [ 1, 3, 3, 3, 3, 1, 2, 1, 2, 3, 2, 2, 1, 2, 1, 3, 1, -18 ] ], 
              [ [ 1, 1, 1, 1, 2, 3, 3, 2, 2, 2, 1, 1, 3, 1, 3, 2, 3, -19 ], [ 1, 3, 3, 3, 2, 1, 1, 2, 2, 2, 3, 3, 1, 3, 1, 2, 1, -17 ] ], 
              [ [ 1, 1, 0, 3, 2, 2, 2, 3, 2, 2, 3, 2, 4, 3, 4, 1, 3, -20 ], [ 1, 3, 4, 1, 2, 2, 2, 1, 2, 2, 1, 2, 0, 1, 0, 3, 1, -16 ] ], 
              [ [ 1, 1, 2, 1, 1, 2, 2, 0, 4, 3, 2, 2, 3, 3, 2, 2, 3, -20 ], [ 1, 3, 2, 3, 3, 2, 2, 4, 0, 1, 2, 2, 1, 1, 2, 2, 1, -16 ] ], 
              [ [ 1, 0, 1, 2, 1, 3, 2, 1, 3, 2, 2, 2, 3, 3, 2, 2, 3, -19 ], [ 1, 4, 3, 2, 3, 1, 2, 3, 1, 2, 2, 2, 1, 1, 2, 2, 1, -17 ] ], 
              [ [ 1, 1, 1, 1, 0, 3, 2, 2, 3, 1, 0, 2, 4, 2, 1, 2, 3, -17 ], [ 1, 3, 3, 3, 4, 1, 2, 2, 1, 3, 4, 2, 0, 2, 3, 2, 1, -19 ] ], 
              [ [ 1, 1, 3, 1, 0, 4, 2, 2, 2, 2, 2, 3, 3, 1, 2, 2, 3, -20 ], [ 1, 3, 1, 3, 4, 0, 2, 2, 2, 2, 2, 1, 1, 3, 2, 2, 1, -16 ] ], 
              [ [ 1, 0, 2, 2, 1, 2, 3, 1, 2, 2, 4, 3, 3, 3, 2, 1, 2, -18 ], [ 1, 4, 2, 2, 3, 2, 1, 3, 2, 2, 0, 1, 1, 1, 2, 3, 2, -18 ] ], 
              [ [ 1, 1, 2, 3, 1, 2, 1, 2, 2, 2, 3, 3, 3, 2, 3, 0, 4, -19 ], [ 1, 3, 2, 1, 3, 2, 3, 2, 2, 2, 1, 1, 1, 2, 1, 4, 0, -17 ] ], 
              [ [ 1, 2, 2, 2, 0, 2, 2, 2, 3, 2, 3, 2, 3, 1, 2, 2, 4, -19 ], [ 1, 2, 2, 2, 4, 2, 2, 2, 1, 2, 1, 2, 1, 3, 2, 2, 0, -17 ] ], 
              [ [ 1, 2, 1, 2, 1, 1, 0, 2, 3, 1, 2, 2, 4, 3, 3, 0, 4, -17 ], [ 1, 2, 3, 2, 3, 3, 4, 2, 1, 3, 2, 2, 0, 1, 1, 4, 0, -19 ] ], 
              [ [ 1, 1, 1, 3, 1, 3, 3, 3, 2, 2, 2, 2, 4, 2, 2, 1, 4, -20 ], [ 1, 3, 3, 1, 3, 1, 1, 1, 2, 2, 2, 2, 0, 2, 2, 3, 0, -16 ] ], 
              [ [ 1, 1, 0, 3, 2, 2, 1, 2, 2, 1, 1, 1, 4, 2, 3, 1, 4, -17 ], [ 1, 3, 4, 1, 2, 2, 3, 2, 2, 3, 3, 3, 0, 2, 1, 3, 0, -19 ] ], 
              [ [ 1, 1, 2, 1, 2, 2, 4, 1, 2, 2, 3, 1, 3, 2, 2, 1, 3, -18 ], [ 1, 3, 2, 3, 2, 2, 0, 3, 2, 2, 1, 3, 1, 2, 2, 3, 1, -18 ] ], 
              [ [ 1, 1, 2, 1, 1, 2, 2, 2, 1, 0, 2, 2, 3, 1, 2, 0, 3, -14 ], [ 1, 3, 2, 3, 3, 2, 2, 2, 3, 4, 2, 2, 1, 3, 2, 4, 1, -22 ] ], 
              [ [ 1, 0, 1, 3, 2, 1, 2, 1, 2, 2, 2, 2, 4, 3, 2, 1, 3, -17 ], [ 1, 4, 3, 1, 2, 3, 2, 3, 2, 2, 2, 2, 0, 1, 2, 3, 1, -19 ] ], 
              [ [ 1, 2, 2, 2, 1, 0, 1, 1, 3, 1, 3, 2, 2, 2, 1, 1, 4, -15 ], [ 1, 2, 2, 2, 3, 4, 3, 3, 1, 3, 1, 2, 2, 2, 3, 3, 0, -21 ] ], 
              [ [ 1, 1, 1, 3, 2, 1, 2, 2, 2, 1, 2, 2, 3, 3, 1, 0, 4, -16 ], [ 1, 3, 3, 1, 2, 3, 2, 2, 2, 3, 2, 2, 1, 1, 3, 4, 0, -20 ] ], 
              [ [ 1, 2, 1, 2, 1, 1, 3, 2, 3, 1, 2, 1, 3, 2, 0, 2, 4, -16 ], [ 1, 2, 3, 2, 3, 3, 1, 2, 1, 3, 2, 3, 1, 2, 4, 2, 0, -20 ] ], 
              [ [ 1, 3, 1, 3, 1, 1, 1, 3, 3, 1, 1, 1, 3, 1, 1, 1, 6, -17 ], [ 1, 1, 3, 1, 3, 3, 3, 1, 1, 3, 3, 3, 1, 3, 3, 3, -2, -19 ] ], 
              [ [ 1, 2, 1, 1, 3, 2, 2, 2, 1, 3, 2, 2, 3, 3, 4, 2, 0, -19 ], [ 1, 2, 3, 3, 1, 2, 2, 2, 3, 1, 2, 2, 1, 1, 0, 2, 4, -17 ] ], 
              [ [ 1, 2, 3, 1, 1, 3, 1, 2, 1, 3, 3, 4, 3, 3, 3, 2, 0, -20 ], [ 1, 2, 1, 3, 3, 1, 3, 2, 3, 1, 1, 0, 1, 1, 1, 2, 4, -16 ] ], 
              [ [ 1, 3, 3, 0, 1, 2, 2, 1, 2, 3, 2, 2, 2, 1, 2, 3, 1, -18 ], [ 1, 1, 1, 4, 3, 2, 2, 3, 2, 1, 2, 2, 2, 3, 2, 1, 3, -18 ] ], 
              [ [ 1, 2, 2, 1, 1, 3, 2, 2, 1, 2, 2, 2, 2, 1, 2, 3, 1, -17 ], [ 1, 2, 2, 3, 3, 1, 2, 2, 3, 2, 2, 2, 2, 3, 2, 1, 3, -19 ] ], 
              [ [ 1, 2, 2, 1, 2, 3, 3, 2, 1, 3, 1, 2, 3, 2, 2, 2, 1, -19 ], [ 1, 2, 2, 3, 2, 1, 1, 2, 3, 1, 3, 2, 1, 2, 2, 2, 3, -17 ] ], 
              [ [ 1, 3, 2, 2, 1, 4, 1, 4, 1, 3, 1, 3, 4, 2, 3, 2, 2, -22 ], [ 1, 1, 2, 2, 3, 0, 3, 0, 3, 1, 3, 1, 0, 2, 1, 2, 2, -14 ] ], 
              [ [ 1, 2, 4, 1, 2, 4, 3, 2, 0, 4, 3, 3, 2, 1, 3, 2, 1, -22 ], [ 1, 2, 0, 3, 2, 0, 1, 2, 4, 0, 1, 1, 2, 3, 1, 2, 3, -14 ] ], 
              [ [ 1, 3, 3, 0, 2, 3, 2, 2, 1, 3, 2, 2, 3, 2, 3, 2, 1, -20 ], [ 1, 1, 1, 4, 2, 1, 2, 2, 3, 1, 2, 2, 1, 2, 1, 2, 3, -16 ] ], 
              [ [ 1, 2, 2, 1, 3, 4, 3, 2, 0, 3, 1, 1, 3, 1, 3, 3, 1, -20 ], [ 1, 2, 2, 3, 1, 0, 1, 2, 4, 1, 3, 3, 1, 3, 1, 1, 3, -16 ] ], 
              [ [ 1, 2, 3, 1, 2, 3, 2, 0, 2, 4, 2, 2, 3, 3, 2, 3, 1, -21 ], [ 1, 2, 1, 3, 2, 1, 2, 4, 2, 0, 2, 2, 1, 1, 2, 1, 3, -15 ] ], 
              [ [ 1, 1, 2, 3, 2, 3, 3, 3, 0, 4, 3, 3, 2, 1, 3, 3, 1, -21 ], [ 1, 3, 2, 1, 2, 1, 1, 1, 4, 0, 1, 1, 2, 3, 1, 1, 3, -15 ] ], 
              [ [ 1, 1, 1, 3, 3, 2, 1, 3, 0, 3, 2, 3, 3, 3, 4, 1, 1, -19 ], [ 1, 3, 3, 1, 1, 2, 3, 1, 4, 1, 2, 1, 1, 1, 0, 3, 3, -17 ] ], 
              [ [ 1, 2, 1, 2, 2, 2, 2, 3, 1, 3, 2, 2, 3, 2, 3, 3, 1, -19 ], [ 1, 2, 3, 2, 2, 2, 2, 1, 3, 1, 2, 2, 1, 2, 1, 1, 3, -17 ] ], 
              [ [ 1, 4, 2, 1, 2, 1, 2, 3, 2, 3, 2, 2, 2, 2, 2, 2, 2, -19 ], [ 1, 0, 2, 3, 2, 3, 2, 1, 2, 1, 2, 2, 2, 2, 2, 2, 2, -17 ] ], 
              [ [ 1, 3, 1, 2, 2, 2, 2, 4, 1, 2, 2, 2, 2, 2, 2, 2, 2, -18 ], [ 1, 1, 3, 2, 2, 2, 2, 0, 3, 2, 2, 2, 2, 2, 2, 2, 2, -18 ] ], 
              [ [ 1, 3, 1, 2, 3, 2, 3, 3, 1, 3, 1, 1, 2, 1, 2, 3, 2, -19 ], [ 1, 1, 3, 2, 1, 2, 1, 1, 3, 1, 3, 3, 2, 3, 2, 1, 2, -17 ] ], 
              [ [ 1, 1, 1, 3, 2, 2, 2, 1, 2, 4, 2, 2, 3, 3, 2, 4, 1, -20 ], [ 1, 3, 3, 1, 2, 2, 2, 3, 2, 0, 2, 2, 1, 1, 2, 0, 3, -16 ] ], 
              [ [ 1, 3, 2, 2, 2, 1, 2, 1, 3, 4, 2, 2, 2, 3, 1, 3, 2, -20 ], [ 1, 1, 2, 2, 2, 3, 2, 3, 1, 0, 2, 2, 2, 1, 3, 1, 2, -16 ] ], 
              [ [ 1, 1, 3, 1, 1, 2, 3, 1, 1, 3, 3, 3, 2, 2, 1, 3, 0, -17 ], [ 1, 3, 1, 3, 3, 2, 1, 3, 3, 1, 1, 1, 2, 2, 3, 1, 4, -19 ] ], 
              [ [ 1, 2, 3, 2, 1, 2, 1, 2, 1, 3, 2, 3, 2, 1, 2, 2, 2, -18 ], [ 1, 2, 1, 2, 3, 2, 3, 2, 3, 1, 2, 1, 2, 3, 2, 2, 2, -18 ] ], 
              [ [ 1, 1, 3, 3, 3, 3, 3, 1, 1, 6, 3, 3, 3, 3, 3, 3, 1, -25 ], [ 1, 3, 1, 1, 1, 1, 1, 3, 3, -2, 1, 1, 1, 1, 1, 1, 3, -11 ] ], 
              [ [ 1, 1, 3, 3, 2, 3, 1, 2, 0, 4, 2, 4, 3, 2, 3, 2, 1, -21 ], [ 1, 3, 1, 1, 2, 1, 3, 2, 4, 0, 2, 0, 1, 2, 1, 2, 3, -15 ] ], 
              [ [ 1, 2, 3, 2, 1, 3, 2, 3, 1, 4, 2, 4, 4, 3, 2, 2, 1, -22 ], [ 1, 2, 1, 2, 3, 1, 2, 1, 3, 0, 2, 0, 0, 1, 2, 2, 3, -14 ] ], 
              [ [ 1, 2, 3, 2, 1, 3, 2, 2, 1, 4, 2, 3, 3, 1, 2, 4, 1, -21 ], [ 1, 2, 1, 2, 3, 1, 2, 2, 3, 0, 2, 1, 1, 3, 2, 0, 3, -15 ] ], 
              [ [ 1, 2, 2, 2, 2, 2, 0, 2, 1, 3, 1, 3, 4, 3, 3, 2, 1, -19 ], [ 1, 2, 2, 2, 2, 2, 4, 2, 3, 1, 3, 1, 0, 1, 1, 2, 3, -17 ] ], 
              [ [ 1, 2, 2, 2, 1, 3, 3, 3, 1, 3, 1, 2, 3, 1, 1, 3, 2, -19 ], [ 1, 2, 2, 2, 3, 1, 1, 1, 3, 1, 3, 2, 1, 3, 3, 1, 2, -17 ] ], 
              [ [ 1, 2, 1, 2, 2, 2, 1, 2, 1, 2, 0, 1, 3, 1, 2, 3, 2, -16 ], [ 1, 2, 3, 2, 2, 2, 3, 2, 3, 2, 4, 3, 1, 3, 2, 1, 2, -20 ] ], 
              [ [ 1, 1, 2, 3, 2, 4, 3, 3, 0, 4, 1, 3, 4, 2, 2, 3, 1, -22 ], [ 1, 3, 2, 1, 2, 0, 1, 1, 4, 0, 3, 1, 0, 2, 2, 1, 3, -14 ] ], 
              [ [ 1, 2, 2, 1, 3, 1, 3, 0, 2, 3, 3, 1, 1, 3, 1, 3, 1, -17 ], [ 1, 2, 2, 3, 1, 3, 1, 4, 2, 1, 1, 3, 3, 1, 3, 1, 3, -19 ] ], 
              [ [ 1, 3, 2, 0, 2, 1, 3, 1, 2, 2, 1, 1, 2, 2, 0, 3, 1, -15 ], [ 1, 1, 2, 4, 2, 3, 1, 3, 2, 2, 3, 3, 2, 2, 4, 1, 3, -21 ] ], 
              [ [ 1, 3, 3, 2, 1, 3, 2, 3, 1, 3, 2, 3, 2, 1, 1, 3, 2, -20 ], [ 1, 1, 1, 2, 3, 1, 2, 1, 3, 1, 2, 1, 2, 3, 3, 1, 2, -16 ] ], 
              [ [ 1, 3, 2, 2, 3, 2, 2, 2, 2, 4, 2, 2, 3, 4, 2, 2, 2, -22 ], [ 1, 1, 2, 2, 1, 2, 2, 2, 2, 0, 2, 2, 1, 0, 2, 2, 2, -14 ] ], 
              [ [ 1, 3, 2, 2, 2, 2, 0, 3, 1, 2, 1, 3, 3, 3, 2, 1, 2, -18 ], [ 1, 1, 2, 2, 2, 2, 4, 1, 3, 2, 3, 1, 1, 1, 2, 3, 2, -18 ] ], 
              [ [ 1, 3, 2, 2, 3, 2, 2, 1, 2, 4, 2, 1, 2, 2, 2, 4, 2, -21 ], [ 1, 1, 2, 2, 1, 2, 2, 3, 2, 0, 2, 3, 2, 2, 2, 0, 2, -15 ] ], 
              [ [ 1, 4, 2, 1, 1, 2, 1, 3, 2, 2, 1, 2, 3, 2, 1, 3, 2, -18 ], [ 1, 0, 2, 3, 3, 2, 3, 1, 2, 2, 3, 2, 1, 2, 3, 1, 2, -18 ] ], 
              [ [ 1, 4, 2, 1, 2, 1, 1, 2, 2, 2, 0, 1, 2, 1, 1, 2, 3, -16 ], [ 1, 0, 2, 3, 2, 3, 3, 2, 2, 2, 4, 3, 2, 3, 3, 2, 1, -20 ] ], 
              [ [ 1, 1, 3, 1, 3, 3, 4, 1, 0, 4, 2, 2, 3, 2, 2, 3, 0, -20 ], [ 1, 3, 1, 3, 1, 1, 0, 3, 4, 0, 2, 2, 1, 2, 2, 1, 4, -16 ] ], 
              [ [ 1, 2, 3, 2, 3, 3, 2, 2, 0, 4, 1, 2, 3, 1, 3, 2, 2, -21 ], [ 1, 2, 1, 2, 1, 1, 2, 2, 4, 0, 3, 2, 1, 3, 1, 2, 2, -15 ] ], 
              [ [ 1, 3, 4, 0, 2, 2, 3, 1, 1, 3, 3, 2, 1, 1, 1, 3, 1, -18 ], [ 1, 1, 0, 4, 2, 2, 1, 3, 3, 1, 1, 2, 3, 3, 3, 1, 3, -18 ] ], 
              [ [ 1, 2, 3, 1, 3, 3, 4, 2, 0, 3, 2, 2, 2, 2, 1, 2, 1, -19 ], [ 1, 2, 1, 3, 1, 1, 0, 2, 4, 1, 2, 2, 2, 2, 3, 2, 3, -17 ] ], 
              [ [ 1, 4, 3, 1, 2, 3, 3, 3, 1, 3, 1, 1, 2, 0, 1, 3, 3, -20 ], [ 1, 0, 1, 3, 2, 1, 1, 1, 3, 1, 3, 3, 2, 4, 3, 1, 1, -16 ] ], 
              [ [ 1, 2, 2, 4, 2, 1, 1, 2, 1, 4, 3, 3, 3, 2, 3, 2, 2, -20 ], [ 1, 2, 2, 0, 2, 3, 3, 2, 3, 0, 1, 1, 1, 2, 1, 2, 2, -16 ] ], 
              [ [ 1, 4, 1, 3, 2, 0, 0, 3, 2, 2, 2, 2, 3, 3, 2, 1, 3, -17 ], [ 1, 0, 3, 1, 2, 4, 4, 1, 2, 2, 2, 2, 1, 1, 2, 3, 1, -19 ] ], 
              [ [ 1, 1, 2, 3, 3, 1, 2, 1, 0, 3, 4, 2, 2, 2, 3, 2, 1, -17 ], [ 1, 3, 2, 1, 1, 3, 2, 3, 4, 1, 0, 2, 2, 2, 1, 2, 3, -19 ] ], 
              [ [ 1, 1, 2, 3, 4, 1, 3, 1, 0, 4, 3, 2, 3, 3, 3, 1, 1, -19 ], [ 1, 3, 2, 1, 0, 3, 1, 3, 4, 0, 1, 2, 1, 1, 1, 3, 3, -17 ] ], 
              [ [ 1, 2, 2, 2, 2, 1, 2, 2, 0, 2, 2, 2, 3, 1, 2, 2, 1, -15 ], [ 1, 2, 2, 2, 2, 3, 2, 2, 4, 2, 2, 2, 1, 3, 2, 2, 3, -21 ] ], 
              [ [ 1, 2, 2, 4, 3, 2, 1, 3, 0, 4, 3, 3, 4, 3, 4, 1, 2, -22 ], [ 1, 2, 2, 0, 1, 2, 3, 1, 4, 0, 1, 1, 0, 1, 0, 3, 2, -14 ] ], 
              [ [ 1, 3, 3, 2, 3, 0, 2, 1, 1, 3, 4, 2, 1, 2, 2, 1, 2, -17 ], [ 1, 1, 1, 2, 1, 4, 2, 3, 3, 1, 0, 2, 3, 2, 2, 3, 2, -19 ] ], 
              [ [ 1, 3, 2, 2, 3, 1, 4, 2, 1, 3, 3, 1, 2, 2, 1, 2, 2, -18 ], [ 1, 1, 2, 2, 1, 3, 0, 2, 3, 1, 1, 3, 2, 2, 3, 2, 2, -18 ] ], 
              [ [ 1, 3, 2, 2, 2, 1, 2, 3, 0, 1, 2, 2, 2, 1, 1, 1, 2, -14 ], [ 1, 1, 2, 2, 2, 3, 2, 1, 4, 3, 2, 2, 2, 3, 3, 3, 2, -22 ] ], 
              [ [ 1, 3, 1, 2, 4, 0, 2, 1, 1, 2, 2, 0, 2, 2, 2, 2, 2, -15 ], [ 1, 1, 3, 2, 0, 4, 2, 3, 3, 2, 2, 4, 2, 2, 2, 2, 2, -21 ] ], 
              [ [ 1, 1, 3, 3, 3, 3, 3, 3, -2, 3, 3, 3, 3, 1, 3, 1, 1, -19 ], [ 1, 3, 1, 1, 1, 1, 1, 1, 6, 1, 1, 1, 1, 3, 1, 3, 3, -17 ] ], 
              [ [ 1, 2, 3, 2, 1, 3, 1, 2, 1, 3, 0, 3, 4, 2, 1, 2, 2, -19 ], [ 1, 2, 1, 2, 3, 1, 3, 2, 3, 1, 4, 1, 0, 2, 3, 2, 2, -17 ] ], 
              [ [ 1, 1, 4, 3, 2, 2, 2, 1, 0, 4, 4, 4, 3, 3, 2, 1, 1, -20 ], [ 1, 3, 0, 1, 2, 2, 2, 3, 4, 0, 0, 0, 1, 1, 2, 3, 3, -16 ] ], 
              [ [ 1, 1, 2, 3, 3, 2, 2, 1, 0, 3, 2, 2, 4, 3, 2, 2, 1, -18 ], [ 1, 3, 2, 1, 1, 2, 2, 3, 4, 1, 2, 2, 0, 1, 2, 2, 3, -18 ] ], 
              [ [ 1, 3, 3, 2, 2, 1, 1, 1, 1, 2, 3, 2, 2, 2, 1, 2, 2, -16 ], [ 1, 1, 1, 2, 2, 3, 3, 3, 3, 2, 1, 2, 2, 2, 3, 2, 2, -20 ] ], 
              [ [ 1, 3, 3, 2, 3, 1, 2, 1, 1, 3, 2, 2, 3, 3, 1, 1, 2, -18 ], [ 1, 1, 1, 2, 1, 3, 2, 3, 3, 1, 2, 2, 1, 1, 3, 3, 2, -18 ] ], 
              [ [ 1, 2, 2, 2, 2, 1, 2, 2, 1, 2, 1, 2, 2, 2, 0, 2, 2, -15 ], [ 1, 2, 2, 2, 2, 3, 2, 2, 3, 2, 3, 2, 2, 2, 4, 2, 2, -21 ] ], 
              [ [ 1, 3, 2, 3, 2, 2, 1, 3, 1, 3, 0, 2, 3, 1, 1, 3, 3, -19 ], [ 1, 1, 2, 1, 2, 2, 3, 1, 3, 1, 4, 2, 1, 3, 3, 1, 1, -17 ] ], 
              [ [ 1, 2, 1, 4, 3, 0, 2, 2, 1, 3, 2, 2, 3, 3, 1, 2, 2, -17 ], [ 1, 2, 3, 0, 1, 4, 2, 2, 3, 1, 2, 2, 1, 1, 3, 2, 2, -19 ] ], 
              [ [ 1, 2, 3, 4, 3, 1, 2, 2, 0, 4, 4, 3, 2, 2, 2, 2, 2, -20 ], [ 1, 2, 1, 0, 1, 3, 2, 2, 4, 0, 0, 1, 2, 2, 2, 2, 2, -16 ] ], 
              [ [ 1, 3, 3, 3, 2, 1, 2, 2, 1, 3, 2, 2, 3, 2, 0, 2, 3, -18 ], [ 1, 1, 1, 1, 2, 3, 2, 2, 3, 1, 2, 2, 1, 2, 4, 2, 1, -18 ] ], 
              [ [ 1, 1, 0, 2, 3, 3, 2, 3, 1, 3, 2, 2, 3, 2, 4, 1, 2, -20 ], [ 1, 3, 4, 2, 1, 1, 2, 1, 3, 1, 2, 2, 1, 2, 0, 3, 2, -16 ] ], 
              [ [ 1, 1, 1, 0, 2, 2, 2, 1, 2, 2, 2, 2, 3, 3, 2, 1, 1, -16 ], [ 1, 3, 3, 4, 2, 2, 2, 3, 2, 2, 2, 2, 1, 1, 2, 3, 3, -20 ] ], 
              [ [ 1, 2, 1, 1, 2, 3, 1, 2, 2, 3, 1, 2, 4, 2, 3, 2, 2, -20 ], [ 1, 2, 3, 3, 2, 1, 3, 2, 2, 1, 3, 2, 0, 2, 1, 2, 2, -16 ] ], 
              [ [ 1, 0, 1, 2, 3, 2, 3, 2, 1, 4, 3, 3, 3, 3, 3, 1, 1, -20 ], [ 1, 4, 3, 2, 1, 2, 1, 2, 3, 0, 1, 1, 1, 1, 1, 3, 3, -16 ] ], 
              [ [ 1, 2, 0, 1, 3, 1, 2, 2, 2, 2, 2, 1, 2, 2, 2, 2, 2, -16 ], [ 1, 2, 4, 3, 1, 3, 2, 2, 2, 2, 2, 3, 2, 2, 2, 2, 2, -20 ] ], 
              [ [ 1, 0, 1, 2, 2, 3, 2, 2, 1, 3, 2, 3, 4, 3, 2, 2, 1, -19 ], [ 1, 4, 3, 2, 2, 1, 2, 2, 3, 1, 2, 1, 0, 1, 2, 2, 3, -17 ] ], 
              [ [ 1, 0, 1, 2, 3, 2, 2, 1, 1, 3, 1, 2, 3, 2, 2, 1, 2, -17 ], [ 1, 4, 3, 2, 1, 2, 2, 3, 3, 1, 3, 2, 1, 2, 2, 3, 2, -19 ] ], 
              [ [ 1, 1, 1, 1, 2, 2, 3, 1, 2, 3, 1, 1, 3, 1, 1, 3, 2, -17 ], [ 1, 3, 3, 3, 2, 2, 1, 3, 2, 1, 3, 3, 1, 3, 3, 1, 2, -19 ] ], 
              [ [ 1, 1, 1, 3, 2, 3, 0, 3, 1, 3, 1, 3, 4, 2, 3, 1, 3, -20 ], [ 1, 3, 3, 1, 2, 1, 4, 1, 3, 1, 3, 1, 0, 2, 1, 3, 1, -16 ] ], 
              [ [ 1, 2, 2, 1, 2, 2, 2, 2, 2, 3, 2, 3, 3, 3, 1, 1, 2, -19 ], [ 1, 2, 2, 3, 2, 2, 2, 2, 2, 1, 2, 1, 1, 1, 3, 3, 2, -17 ] ], 
              [ [ 1, 2, 1, 1, 2, 2, 3, 2, 2, 2, 1, 1, 2, 1, 0, 2, 3, -16 ], [ 1, 2, 3, 3, 2, 2, 1, 2, 2, 2, 3, 3, 2, 3, 4, 2, 1, -20 ] ], 
              [ [ 1, 0, 2, 2, 3, 4, 4, 2, 0, 4, 2, 2, 3, 1, 2, 2, 2, -21 ], [ 1, 4, 2, 2, 1, 0, 0, 2, 4, 0, 2, 2, 1, 3, 2, 2, 2, -15 ] ], 
              [ [ 1, 0, 0, 4, 3, 1, 1, 2, 1, 3, 3, 3, 4, 4, 3, 0, 2, -18 ], [ 1, 4, 4, 0, 1, 3, 3, 2, 3, 1, 1, 1, 0, 0, 1, 4, 2, -18 ] ], 
              [ [ 1, 1, 2, 3, 2, 2, 1, 3, 0, 3, 3, 4, 4, 2, 3, 0, 2, -19 ], [ 1, 3, 2, 1, 2, 2, 3, 1, 4, 1, 1, 0, 0, 2, 1, 4, 2, -17 ] ], 
              [ [ 1, 1, 1, 3, 2, 2, 2, 3, 0, 2, 2, 2, 3, 0, 2, 1, 3, -16 ], [ 1, 3, 3, 1, 2, 2, 2, 1, 4, 2, 2, 2, 1, 4, 2, 3, 1, -20 ] ], 
              [ [ 1, 2, 1, 3, 4, 1, 1, 2, 1, 3, 3, 2, 3, 3, 3, 0, 3, -19 ], [ 1, 2, 3, 1, 0, 3, 3, 2, 3, 1, 1, 2, 1, 1, 1, 4, 1, -17 ] ], 
              [ [ 1, 1, 2, 3, 3, 2, 2, 1, 1, 4, 2, 2, 4, 2, 2, 1, 3, -20 ], [ 1, 3, 2, 1, 1, 2, 2, 3, 3, 0, 2, 2, 0, 2, 2, 3, 1, -16 ] ], 
              [ [ 1, 1, 1, 3, 4, 0, 3, 1, 1, 3, 3, 1, 2, 2, 1, 1, 3, -16 ], [ 1, 3, 3, 1, 0, 4, 1, 3, 3, 1, 1, 3, 2, 2, 3, 3, 1, -20 ] ], 
              [ [ 1, 3, 3, 0, 1, 3, 2, 1, 3, 2, 2, 2, 1, 3, 2, 4, 0, -19 ], [ 1, 1, 1, 4, 3, 1, 2, 3, 1, 2, 2, 2, 3, 1, 2, 0, 4, -17 ] ], 
              [ [ 1, 2, 3, 2, 1, 3, 1, 2, 1, 2, 3, 3, 2, 2, 4, 3, 0, -19 ], [ 1, 2, 1, 2, 3, 1, 3, 2, 3, 2, 1, 1, 2, 2, 0, 1, 4, -17 ] ], 
              [ [ 1, 2, 3, 2, 2, 3, 2, 2, 1, 3, 2, 3, 3, 3, 4, 2, 0, -21 ], [ 1, 2, 1, 2, 2, 1, 2, 2, 3, 1, 2, 1, 1, 1, 0, 2, 4, -15 ] ], 
              [ [ 1, 4, 4, 1, 1, 2, 1, 2, 2, 2, 3, 3, 1, 2, 3, 2, 1, -19 ], [ 1, 0, 0, 3, 3, 2, 3, 2, 2, 2, 1, 1, 3, 2, 1, 2, 3, -17 ] ], 
              [ [ 1, 4, 3, 1, 1, 3, 3, 3, 2, 2, 2, 2, 2, 2, 2, 3, 1, -20 ], [ 1, 0, 1, 3, 3, 1, 1, 1, 2, 2, 2, 2, 2, 2, 2, 1, 3, -16 ] ], 
              [ [ 1, 4, 2, 1, 2, 2, 1, 2, 2, 1, 1, 1, 2, 2, 3, 3, 1, -17 ], [ 1, 0, 2, 3, 2, 2, 3, 2, 2, 3, 3, 3, 2, 2, 1, 1, 3, -19 ] ], 
              [ [ 1, 2, 3, 2, 2, 3, 3, 2, 2, 4, 3, 3, 1, 3, 3, 4, 0, -23 ], [ 1, 2, 1, 2, 2, 1, 1, 2, 2, 0, 1, 1, 3, 1, 1, 0, 4, -13 ] ], 
              [ [ 1, 3, 3, 1, 2, 3, 2, 3, 1, 2, 1, 2, 1, 1, 3, 3, 1, -19 ], [ 1, 1, 1, 3, 2, 1, 2, 1, 3, 2, 3, 2, 3, 3, 1, 1, 3, -17 ] ], 
              [ [ 1, 3, 2, 3, 1, 1, 1, 3, 2, 2, 3, 3, 1, 2, 3, 3, 1, -18 ], [ 1, 1, 2, 1, 3, 3, 3, 1, 2, 2, 1, 1, 3, 2, 1, 1, 3, -18 ] ], 
              [ [ 1, 2, 2, 2, 3, 1, 3, 2, 1, 2, 3, 2, 1, 3, 3, 2, 0, -17 ], [ 1, 2, 2, 2, 1, 3, 1, 2, 3, 2, 1, 2, 3, 1, 1, 2, 4, -19 ] ], 
              [ [ 1, 3, 2, 3, 2, 2, 1, 4, 1, 2, 3, 3, 2, 3, 4, 2, 1, -20 ], [ 1, 1, 2, 1, 2, 2, 3, 0, 3, 2, 1, 1, 2, 1, 0, 2, 3, -16 ] ], 
              [ [ 1, 4, 2, 2, 2, 1, 2, 3, 2, 2, 2, 1, 1, 1, 3, 3, 2, -18 ], [ 1, 0, 2, 2, 2, 3, 2, 1, 2, 2, 2, 3, 3, 3, 1, 1, 2, -18 ] ], 
              [ [ 1, 3, 2, 3, 3, 2, 2, 3, 1, 3, 2, 2, 2, 2, 4, 3, 1, -21 ], [ 1, 1, 2, 1, 1, 2, 2, 1, 3, 1, 2, 2, 2, 2, 0, 1, 3, -15 ] ], 
              [ [ 1, 3, 4, 1, 1, 2, 1, 1, 3, 3, 2, 3, 1, 3, 2, 3, 1, -20 ], [ 1, 1, 0, 3, 3, 2, 3, 3, 1, 1, 2, 1, 3, 1, 2, 1, 3, -16 ] ], 
              [ [ 1, 2, 3, 2, 2, 3, 2, 1, 2, 3, 1, 2, 1, 2, 2, 4, 1, -20 ], [ 1, 2, 1, 2, 2, 1, 2, 3, 2, 1, 3, 2, 3, 2, 2, 0, 3, -16 ] ], 
              [ [ 1, 3, 3, 1, 1, 3, 3, 2, 3, 3, 1, 2, 2, 3, 1, 4, 1, -21 ], [ 1, 1, 1, 3, 3, 1, 1, 2, 1, 1, 3, 2, 2, 1, 3, 0, 3, -15 ] ], 
              [ [ 1, 3, 3, 1, 0, 3, 1, 3, 2, 1, 0, 3, 2, 2, 1, 3, 1, -17 ], [ 1, 1, 1, 3, 4, 1, 3, 1, 2, 3, 4, 1, 2, 2, 3, 1, 3, -19 ] ], 
              [ [ 1, 3, 3, 1, 1, 3, 3, 1, 3, 3, 1, 1, 1, 1, 1, 6, 1, -20 ], [ 1, 1, 1, 3, 3, 1, 1, 3, 1, 1, 3, 3, 3, 3, 3, -2, 3, -16 ] ], 
              [ [ 1, 3, 2, 1, 2, 2, 1, 1, 3, 2, 0, 1, 2, 3, 2, 4, 1, -18 ], [ 1, 1, 2, 3, 2, 2, 3, 3, 1, 2, 4, 3, 2, 1, 2, 0, 3, -18 ] ], 
              [ [ 1, 3, 3, 3, 2, 1, 1, 1, 3, 4, 3, 3, 2, 4, 3, 3, 1, -22 ], [ 1, 1, 1, 1, 2, 3, 3, 3, 1, 0, 1, 1, 2, 0, 1, 1, 3, -14 ] ], 
              [ [ 1, 2, 2, 4, 2, 2, 1, 2, 2, 3, 3, 3, 2, 4, 3, 3, 1, -21 ], [ 1, 2, 2, 0, 2, 2, 3, 2, 2, 1, 1, 1, 2, 0, 1, 1, 3, -15 ] ], 
              [ [ 1, 3, 2, 3, 2, 1, 2, 1, 3, 3, 2, 1, 1, 2, 2, 4, 2, -19 ], [ 1, 1, 2, 1, 2, 3, 2, 3, 1, 1, 2, 3, 3, 2, 2, 0, 2, -17 ] ], 
              [ [ 1, 4, 2, 2, 0, 1, 1, 3, 3, 1, 1, 2, 2, 2, 1, 3, 2, -16 ], [ 1, 0, 2, 2, 4, 3, 3, 1, 1, 3, 3, 2, 2, 2, 3, 1, 2, -20 ] ], 
              [ [ 1, 3, 2, 3, 1, 2, 1, 3, 2, 2, 1, 3, 3, 3, 2, 3, 1, -19 ], [ 1, 1, 2, 1, 3, 2, 3, 1, 2, 2, 3, 1, 1, 1, 2, 1, 3, -17 ] ], 
              [ [ 1, 2, 3, 3, 1, 3, 2, 3, 1, 3, 2, 3, 3, 2, 3, 3, 1, -21 ], [ 1, 2, 1, 1, 3, 1, 2, 1, 3, 1, 2, 1, 1, 2, 1, 1, 3, -15 ] ], 
              [ [ 1, 2, 4, 2, 1, 2, 2, 2, 1, 2, 4, 4, 1, 3, 2, 2, 0, -18 ], [ 1, 2, 0, 2, 3, 2, 2, 2, 3, 2, 0, 0, 3, 1, 2, 2, 4, -18 ] ], 
              [ [ 1, 2, 3, 2, 3, 1, 2, 0, 2, 3, 4, 2, 1, 4, 3, 3, 0, -19 ], [ 1, 2, 1, 2, 1, 3, 2, 4, 2, 1, 0, 2, 3, 0, 1, 1, 4, -17 ] ], 
              [ [ 1, 3, 4, 1, 1, 1, 3, 1, 2, 2, 3, 2, 0, 1, 1, 3, 1, -16 ], [ 1, 1, 0, 3, 3, 3, 1, 3, 2, 2, 1, 2, 4, 3, 3, 1, 3, -20 ] ], 
              [ [ 1, 2, 4, 2, 2, 2, 3, 1, 1, 3, 3, 3, 1, 2, 2, 3, 0, -19 ], [ 1, 2, 0, 2, 2, 2, 1, 3, 3, 1, 1, 1, 3, 2, 2, 1, 4, -17 ] ], 
              [ [ 1, 3, 3, 1, 2, 1, 2, 1, 2, 2, 2, 2, 2, 3, 2, 3, 0, -17 ], [ 1, 1, 1, 3, 2, 3, 2, 3, 2, 2, 2, 2, 2, 1, 2, 1, 4, -19 ] ], 
              [ [ 1, 2, 2, 2, 2, 2, 2, 2, 1, 1, 2, 2, 2, 3, 2, 3, 0, -16 ], [ 1, 2, 2, 2, 2, 2, 2, 2, 3, 3, 2, 2, 2, 1, 2, 1, 4, -20 ] ], 
              [ [ 1, 3, 2, 1, 2, 1, 3, 1, 2, 1, 1, 0, 1, 1, 1, 4, 1, -14 ], [ 1, 1, 2, 3, 2, 3, 1, 3, 2, 3, 3, 4, 3, 3, 3, 0, 3, -22 ] ], 
              [ [ 1, 4, 4, 2, 0, 2, 1, 3, 2, 2, 3, 3, 1, 1, 2, 3, 2, -19 ], [ 1, 0, 0, 2, 4, 2, 3, 1, 2, 2, 1, 1, 3, 3, 2, 1, 2, -17 ] ], 
              [ [ 1, 3, 4, 3, 1, 3, 1, 3, 1, 3, 3, 4, 2, 2, 3, 3, 1, -22 ], [ 1, 1, 0, 1, 3, 1, 3, 1, 3, 1, 1, 0, 2, 2, 1, 1, 3, -14 ] ], 
              [ [ 1, 4, 4, 2, 1, 2, 2, 3, 2, 3, 2, 3, 2, 2, 2, 2, 2, -21 ], [ 1, 0, 0, 2, 3, 2, 2, 1, 2, 1, 2, 1, 2, 2, 2, 2, 2, -15 ] ], 
              [ [ 1, 4, 4, 2, 1, 2, 2, 2, 2, 3, 2, 2, 1, 0, 2, 4, 2, -20 ], [ 1, 0, 0, 2, 3, 2, 2, 2, 2, 1, 2, 2, 3, 4, 2, 0, 2, -16 ] ], 
              [ [ 1, 4, 3, 2, 2, 1, 0, 2, 2, 2, 1, 2, 2, 2, 3, 2, 2, -18 ], [ 1, 0, 1, 2, 2, 3, 4, 2, 2, 2, 3, 2, 2, 2, 1, 2, 2, -18 ] ], 
              [ [ 1, 3, 3, 3, 1, 3, 2, 4, 1, 2, 2, 3, 2, 2, 2, 2, 2, -20 ], [ 1, 1, 1, 1, 3, 1, 2, 0, 3, 2, 2, 1, 2, 2, 2, 2, 2, -16 ] ], 
              [ [ 1, 3, 3, 3, 1, 3, 2, 3, 1, 2, 2, 2, 1, 0, 2, 4, 2, -19 ], [ 1, 1, 1, 1, 3, 1, 2, 1, 3, 2, 2, 2, 3, 4, 2, 0, 2, -17 ] ], 
              [ [ 1, 3, 2, 3, 3, 2, 2, 2, 2, 3, 2, 1, 2, 3, 3, 3, 2, -21 ], [ 1, 1, 2, 1, 1, 2, 2, 2, 2, 1, 2, 3, 2, 1, 1, 1, 2, -15 ] ], 
              [ [ 1, 3, 2, 3, 2, 2, 0, 3, 1, 1, 1, 2, 2, 2, 3, 2, 2, -17 ], [ 1, 1, 2, 1, 2, 2, 4, 1, 3, 3, 3, 2, 2, 2, 1, 2, 2, -19 ] ], 
              [ [ 1, 4, 2, 2, 1, 2, 1, 3, 2, 1, 1, 1, 2, 1, 2, 4, 2, -17 ], [ 1, 0, 2, 2, 3, 2, 3, 1, 2, 3, 3, 3, 2, 3, 2, 0, 2, -19 ] ], 
              [ [ 1, 3, 3, 3, 2, 3, 3, 3, 1, 3, 1, 2, 2, 1, 2, 3, 2, -21 ], [ 1, 1, 1, 1, 2, 1, 1, 1, 3, 1, 3, 2, 2, 3, 2, 1, 2, -15 ] ], 
              [ [ 1, 4, 2, 2, 2, 2, 2, 3, 2, 2, 0, 1, 3, 2, 2, 3, 2, -19 ], [ 1, 0, 2, 2, 2, 2, 2, 1, 2, 2, 4, 3, 1, 2, 2, 1, 2, -17 ] ], 
              [ [ 1, 4, 3, 1, 2, 1, 2, 2, 2, 1, 2, 2, 1, 3, 1, 2, 1, -16 ], [ 1, 0, 1, 3, 2, 3, 2, 2, 2, 3, 2, 2, 3, 1, 3, 2, 3, -20 ] ], 
              [ [ 1, 6, 3, 1, 1, 1, 1, 3, 3, 1, 1, 1, 1, 1, 1, 3, 3, -17 ], [ 1, -2, 1, 3, 3, 3, 3, 1, 1, 3, 3, 3, 3, 3, 3, 1, 1, -19 ] ], 
              [ [ 1, 3, 4, 1, 2, 2, 3, 2, 1, 2, 3, 2, 1, 2, 2, 2, 1, -18 ], [ 1, 1, 0, 3, 2, 2, 1, 2, 3, 2, 1, 2, 3, 2, 2, 2, 3, -18 ] ], 
              [ [ 1, 3, 4, 1, 2, 2, 3, 1, 1, 2, 3, 1, 0, 0, 2, 4, 1, -17 ], [ 1, 1, 0, 3, 2, 2, 1, 3, 3, 2, 1, 3, 4, 4, 2, 0, 3, -19 ] ], 
              [ [ 1, 2, 4, 2, 3, 3, 3, 2, 0, 3, 3, 3, 2, 3, 3, 2, 0, -21 ], [ 1, 2, 0, 2, 1, 1, 1, 2, 4, 1, 1, 1, 2, 1, 1, 2, 4, -15 ] ], 
              [ [ 1, 3, 4, 1, 3, 2, 4, 1, 1, 3, 2, 1, 1, 1, 2, 3, 1, -19 ], [ 1, 1, 0, 3, 1, 2, 0, 3, 3, 1, 2, 3, 3, 3, 2, 1, 3, -17 ] ], 
              [ [ 1, 2, 3, 2, 3, 3, 4, 2, 0, 2, 2, 1, 1, 1, 2, 3, 1, -18 ], [ 1, 2, 1, 2, 1, 1, 0, 2, 4, 2, 2, 3, 3, 3, 2, 1, 3, -18 ] ], 
              [ [ 1, 4, 4, 2, 2, 3, 2, 3, 1, 3, 2, 2, 2, 1, 3, 3, 2, -22 ], [ 1, 0, 0, 2, 2, 1, 2, 1, 3, 1, 2, 2, 2, 3, 1, 1, 2, -14 ] ], 
              [ [ 1, 3, 3, 3, 3, 1, 3, 2, 1, 3, 4, 2, 2, 3, 3, 2, 1, -20 ], [ 1, 1, 1, 1, 1, 3, 1, 2, 3, 1, 0, 2, 2, 1, 1, 2, 3, -16 ] ], 
              [ [ 1, 3, 3, 3, 2, 1, 1, 3, 0, 1, 3, 3, 2, 2, 3, 1, 1, -16 ], [ 1, 1, 1, 1, 2, 3, 3, 1, 4, 3, 1, 1, 2, 2, 1, 3, 3, -20 ] ], 
              [ [ 1, 2, 4, 2, 2, 2, 3, 0, 2, 3, 3, 2, 1, 3, 1, 3, 1, -19 ], [ 1, 2, 0, 2, 2, 2, 1, 4, 2, 1, 1, 2, 3, 1, 3, 1, 3, -17 ] ], 
              [ [ 1, 3, 4, 1, 0, 2, 2, 1, 2, 1, 2, 2, 1, 1, 0, 4, 1, -15 ], [ 1, 1, 0, 3, 4, 2, 2, 3, 2, 3, 2, 2, 3, 3, 4, 0, 3, -21 ] ], 
              [ [ 1, 3, 4, 1, 1, 2, 3, 1, 2, 2, 1, 2, 2, 2, 0, 3, 1, -17 ], [ 1, 1, 0, 3, 3, 2, 1, 3, 2, 2, 3, 2, 2, 2, 4, 1, 3, -19 ] ], 
              [ [ 1, 3, 4, 3, 2, 3, 2, 1, 2, 4, 2, 2, 2, 2, 2, 4, 2, -23 ], [ 1, 1, 0, 1, 2, 1, 2, 3, 2, 0, 2, 2, 2, 2, 2, 0, 2, -13 ] ], 
              [ [ 1, 4, 4, 2, 0, 3, 1, 3, 2, 2, 1, 3, 3, 2, 1, 3, 2, -20 ], [ 1, 0, 0, 2, 4, 1, 3, 1, 2, 2, 3, 1, 1, 2, 3, 1, 2, -16 ] ], 
              [ [ 1, 3, 6, 1, 1, 3, 3, 1, 1, 3, 3, 3, 1, 1, 1, 3, 1, -20 ], [ 1, 1, -2, 3, 3, 1, 1, 3, 3, 1, 1, 1, 3, 3, 3, 1, 3, -16 ] ], 
              [ [ 1, 3, 4, 1, 2, 3, 3, 1, 1, 2, 1, 1, 2, 1, 1, 4, 1, -18 ], [ 1, 1, 0, 3, 2, 1, 1, 3, 3, 2, 3, 3, 2, 3, 3, 0, 3, -18 ] ], 
              [ [ 1, 3, 3, 3, 3, 1, 2, 1, 1, 2, 2, 1, 2, 2, 2, 2, 2, -17 ], [ 1, 1, 1, 1, 1, 3, 2, 3, 3, 2, 2, 3, 2, 2, 2, 2, 2, -19 ] ], 
              [ [ 1, 2, 4, 3, 1, 2, 3, 2, 1, 3, 3, 3, 1, 1, 1, 4, 1, -19 ], [ 1, 2, 0, 1, 3, 2, 1, 2, 3, 1, 1, 1, 3, 3, 3, 0, 3, -17 ] ], 
              [ [ 1, 2, 3, 3, 2, 1, 1, 2, 1, 2, 2, 3, 2, 3, 2, 2, 1, -17 ], [ 1, 2, 1, 1, 2, 3, 3, 2, 3, 2, 2, 1, 2, 1, 2, 2, 3, -19 ] ], 
              [ [ 1, 3, 3, 3, 3, 1, 3, 1, 2, 3, 3, 1, 0, 2, 1, 4, 2, -19 ], [ 1, 1, 1, 1, 1, 3, 1, 3, 2, 1, 1, 3, 4, 2, 3, 0, 2, -17 ] ], 
              [ [ 1, 4, 3, 2, 1, 1, 2, 3, 2, 1, 2, 2, 1, 2, 0, 3, 2, -16 ], [ 1, 0, 1, 2, 3, 3, 2, 1, 2, 3, 2, 2, 3, 2, 4, 1, 2, -20 ] ], 
              [ [ 1, 4, 3, 2, 2, 1, 3, 2, 2, 2, 1, 1, 1, 1, 0, 4, 2, -17 ], [ 1, 0, 1, 2, 2, 3, 1, 2, 2, 2, 3, 3, 3, 3, 4, 0, 2, -19 ] ], 
              [ [ 1, 1, 2, 1, 1, 4, 2, 3, 2, 3, 2, 4, 3, 3, 4, 2, 0, -22 ], [ 1, 3, 2, 3, 3, 0, 2, 1, 2, 1, 2, 0, 1, 1, 0, 2, 4, -14 ] ], 
              [ [ 1, 1, 1, 1, 1, 4, 3, 3, 2, 2, 1, 2, 2, 1, 3, 3, 1, -19 ], [ 1, 3, 3, 3, 3, 0, 1, 1, 2, 2, 3, 2, 2, 3, 1, 1, 3, -17 ] ], 
              [ [ 1, 2, 1, 1, 3, 3, 2, 2, 3, 3, 2, 2, 2, 4, 4, 2, 1, -22 ], [ 1, 2, 3, 3, 1, 1, 2, 2, 1, 1, 2, 2, 2, 0, 0, 2, 3, -14 ] ], 
              [ [ 1, 3, 1, 0, 1, 3, 1, 3, 3, 1, 1, 2, 2, 2, 3, 3, 1, -18 ], [ 1, 1, 3, 4, 3, 1, 3, 1, 1, 3, 3, 2, 2, 2, 1, 1, 3, -18 ] ], 
              [ [ 1, 3, 2, 0, 2, 4, 3, 3, 2, 2, 1, 1, 1, 0, 3, 3, 2, -20 ], [ 1, 1, 2, 4, 2, 0, 1, 1, 2, 2, 3, 3, 3, 4, 1, 1, 2, -16 ] ], 
              [ [ 1, 3, 0, 2, 2, 1, 0, 3, 3, 1, 2, 2, 2, 3, 4, 1, 2, -17 ], [ 1, 1, 4, 2, 2, 3, 4, 1, 1, 3, 2, 2, 2, 1, 0, 3, 2, -19 ] ], 
              [ [ 1, 1, 1, 3, 3, 3, 1, 3, 1, 3, 3, 3, 3, 3, 6, 1, 1, -22 ], [ 1, 3, 3, 1, 1, 1, 3, 1, 3, 1, 1, 1, 1, 1, -2, 3, 3, -14 ] ], 
              [ [ 1, 2, 1, 1, 3, 2, 4, 2, 2, 2, 3, 1, 1, 2, 3, 2, 1, -18 ], [ 1, 2, 3, 3, 1, 2, 0, 2, 2, 2, 1, 3, 3, 2, 1, 2, 3, -18 ] ], 
              [ [ 1, 3, 1, 2, 2, 3, 2, 4, 2, 2, 3, 2, 2, 2, 4, 2, 2, -21 ], [ 1, 1, 3, 2, 2, 1, 2, 0, 2, 2, 1, 2, 2, 2, 0, 2, 2, -15 ] ], 
              [ [ 1, 1, 2, 1, 1, 4, 2, 1, 3, 3, 2, 2, 2, 2, 3, 4, 1, -21 ], [ 1, 3, 2, 3, 3, 0, 2, 3, 1, 1, 2, 2, 2, 2, 1, 0, 3, -15 ] ], 
              [ [ 1, 1, 2, 1, 2, 4, 3, 1, 3, 4, 1, 2, 3, 3, 3, 3, 1, -23 ], [ 1, 3, 2, 3, 2, 0, 1, 3, 1, 0, 3, 2, 1, 1, 1, 1, 3, -13 ] ], 
              [ [ 1, 1, 2, 1, 1, 4, 1, 2, 2, 2, 0, 3, 3, 2, 3, 2, 1, -19 ], [ 1, 3, 2, 3, 3, 0, 3, 2, 2, 2, 4, 1, 1, 2, 1, 2, 3, -17 ] ], 
              [ [ 1, 2, 2, 0, 0, 4, 2, 2, 3, 2, 0, 2, 3, 1, 2, 4, 1, -19 ], [ 1, 2, 2, 4, 4, 0, 2, 2, 1, 2, 4, 2, 1, 3, 2, 0, 3, -17 ] ], 
              [ [ 1, 3, 3, 0, 1, 3, 2, 1, 4, 3, 2, 2, 1, 2, 2, 3, 2, -21 ], [ 1, 1, 1, 4, 3, 1, 2, 3, 0, 1, 2, 2, 3, 2, 2, 1, 2, -15 ] ], 
              [ [ 1, 3, 2, 0, 0, 4, 2, 3, 3, 1, 0, 2, 2, 1, 1, 3, 2, -18 ], [ 1, 1, 2, 4, 4, 0, 2, 1, 1, 3, 4, 2, 2, 3, 3, 1, 2, -18 ] ], 
              [ [ 1, 3, 1, 0, 2, 3, 2, 1, 4, 2, 0, 0, 2, 2, 2, 4, 2, -19 ], [ 1, 1, 3, 4, 2, 1, 2, 3, 0, 2, 4, 4, 2, 2, 2, 0, 2, -17 ] ], 
              [ [ 1, 1, 3, 1, 1, 6, 3, 3, 1, 3, 1, 3, 3, 1, 3, 3, 1, -23 ], [ 1, 3, 1, 3, 3, -2, 1, 1, 3, 1, 3, 1, 1, 3, 1, 1, 3, -13 ] ], 
              [ [ 1, 3, 3, -2, 1, 3, 3, 1, 3, 1, 1, 1, 1, 1, 1, 3, 1, -16 ], [ 1, 1, 1, 6, 3, 1, 1, 3, 1, 3, 3, 3, 3, 3, 3, 1, 3, -20 ] ], 
              [ [ 1, 1, 1, 3, 1, 3, 0, 3, 2, 2, 2, 4, 4, 4, 4, 1, 1, -20 ], [ 1, 3, 3, 1, 3, 1, 4, 1, 2, 2, 2, 0, 0, 0, 0, 3, 3, -16 ] ], 
              [ [ 1, 2, 1, 2, 1, 2, 1, 2, 3, 2, 1, 2, 3, 2, 3, 2, 2, -18 ], [ 1, 2, 3, 2, 3, 2, 3, 2, 1, 2, 3, 2, 1, 2, 1, 2, 2, -18 ] ], 
              [ [ 1, 0, 3, 2, 2, 3, 2, 1, 1, 3, 4, 4, 2, 3, 4, 1, 0, -20 ], [ 1, 4, 1, 2, 2, 1, 2, 3, 3, 1, 0, 0, 2, 1, 0, 3, 4, -16 ] ], 
              [ [ 1, 1, 3, 1, 1, 3, 3, 1, 2, 3, 4, 3, 2, 2, 3, 3, 0, -20 ], [ 1, 3, 1, 3, 3, 1, 1, 3, 2, 1, 0, 1, 2, 2, 1, 1, 4, -16 ] ], 
              [ [ 1, 1, 2, 1, 2, 2, 1, 1, 2, 2, 3, 3, 3, 4, 4, 1, 0, -18 ], [ 1, 3, 2, 3, 2, 2, 3, 3, 2, 2, 1, 1, 1, 0, 0, 3, 4, -18 ] ], 
              [ [ 1, 1, 1, 1, 2, 2, 2, 1, 2, 1, 2, 1, 2, 2, 3, 2, 1, -15 ], [ 1, 3, 3, 3, 2, 2, 2, 3, 2, 3, 2, 3, 2, 2, 1, 2, 3, -21 ] ], 
              [ [ 1, 0, 2, 2, 2, 4, 4, 2, 1, 3, 3, 3, 3, 3, 3, 2, 0, -21 ], [ 1, 4, 2, 2, 2, 0, 0, 2, 3, 1, 1, 1, 1, 1, 1, 2, 4, -15 ] ], 
              [ [ 1, 0, 1, 2, 3, 3, 2, 1, 1, 2, 2, 2, 3, 3, 4, 2, 0, -18 ], [ 1, 4, 3, 2, 1, 1, 2, 3, 3, 2, 2, 2, 1, 1, 0, 2, 4, -18 ] ], 
              [ [ 1, 2, 3, 2, 1, 3, 1, 2, 2, 3, 3, 3, 2, 1, 4, 2, 2, -21 ], [ 1, 2, 1, 2, 3, 1, 3, 2, 2, 1, 1, 1, 2, 3, 0, 2, 2, -15 ] ], 
              [ [ 1, 1, 2, 3, 2, 4, 2, 3, 1, 3, 2, 3, 3, 2, 4, 1, 2, -22 ], [ 1, 3, 2, 1, 2, 0, 2, 1, 3, 1, 2, 1, 1, 2, 0, 3, 2, -14 ] ], 
              [ [ 1, 2, 2, 2, 1, 4, 3, 3, 2, 3, 2, 2, 3, 1, 3, 3, 2, -22 ], [ 1, 2, 2, 2, 3, 0, 1, 1, 2, 1, 2, 2, 1, 3, 1, 1, 2, -14 ] ], 
              [ [ 1, 2, 2, 2, 0, 4, 1, 4, 1, 1, 1, 3, 3, 0, 3, 2, 2, -18 ], [ 1, 2, 2, 2, 4, 0, 3, 0, 3, 3, 3, 1, 1, 4, 1, 2, 2, -18 ] ], 
              [ [ 1, 2, 1, 2, 2, 3, 1, 3, 2, 2, 1, 2, 4, 3, 4, 1, 2, -20 ], [ 1, 2, 3, 2, 2, 1, 3, 1, 2, 2, 3, 2, 0, 1, 0, 3, 2, -16 ] ], 
              [ [ 1, 2, 1, 2, 2, 3, 1, 2, 2, 2, 1, 1, 3, 1, 4, 3, 2, -19 ], [ 1, 2, 3, 2, 2, 1, 3, 2, 2, 2, 3, 3, 1, 3, 0, 1, 2, -17 ] ], 
              [ [ 1, 2, 3, 1, 1, 3, 3, 2, 2, 2, 4, 3, 1, 2, 2, 2, 1, -19 ], [ 1, 2, 1, 3, 3, 1, 1, 2, 2, 2, 0, 1, 3, 2, 2, 2, 3, -17 ] ], 
              [ [ 1, 2, 2, 1, 2, 2, 1, 2, 2, 1, 3, 3, 2, 4, 3, 0, 1, -17 ], [ 1, 2, 2, 3, 2, 2, 3, 2, 2, 3, 1, 1, 2, 0, 1, 4, 3, -19 ] ], 
              [ [ 1, 2, 2, 1, 3, 2, 3, 0, 3, 3, 4, 1, 1, 3, 3, 3, 1, -20 ], [ 1, 2, 2, 3, 1, 2, 1, 4, 1, 1, 0, 3, 3, 1, 1, 1, 3, -16 ] ], 
              [ [ 1, 2, 2, 1, 2, 2, 1, 1, 2, 1, 3, 2, 1, 2, 3, 2, 1, -16 ], [ 1, 2, 2, 3, 2, 2, 3, 3, 2, 3, 1, 2, 3, 2, 1, 2, 3, -20 ] ], 
              [ [ 1, 3, 2, 0, 1, 2, 2, 2, 3, 1, 3, 2, 2, 3, 2, 2, 1, -17 ], [ 1, 1, 2, 4, 3, 2, 2, 2, 1, 3, 1, 2, 2, 1, 2, 2, 3, -19 ] ], 
              [ [ 1, 3, 2, 0, 2, 1, 2, 1, 3, 1, 2, 1, 1, 2, 2, 1, 2, -15 ], [ 1, 1, 2, 4, 2, 3, 2, 3, 1, 3, 2, 3, 3, 2, 2, 3, 2, -21 ] ], 
              [ [ 1, 2, 2, 1, 3, 2, 2, 1, 2, 2, 2, 2, 2, 3, 3, 1, 1, -18 ], [ 1, 2, 2, 3, 1, 2, 2, 3, 2, 2, 2, 2, 2, 1, 1, 3, 3, -18 ] ], 
              [ [ 1, 3, 2, 0, 2, 2, 3, 1, 3, 2, 2, 1, 2, 2, 2, 3, 1, -18 ], [ 1, 1, 2, 4, 2, 2, 1, 3, 1, 2, 2, 3, 2, 2, 2, 1, 3, -18 ] ], 
              [ [ 1, 2, 1, 1, 2, 3, 3, 2, 2, 1, 2, 1, 2, 2, 2, 3, 1, -17 ], [ 1, 2, 3, 3, 2, 1, 1, 2, 2, 3, 2, 3, 2, 2, 2, 1, 3, -19 ] ], 
              [ [ 1, 4, 2, 1, 1, 2, 0, 3, 3, 1, 2, 2, 2, 2, 3, 1, 3, -18 ], [ 1, 0, 2, 3, 3, 2, 4, 1, 1, 3, 2, 2, 2, 2, 1, 3, 1, -18 ] ], 
              [ [ 1, 3, 2, 2, 2, 3, 0, 3, 2, 2, 2, 3, 3, 3, 4, 1, 2, -21 ], [ 1, 1, 2, 2, 2, 1, 4, 1, 2, 2, 2, 1, 1, 1, 0, 3, 2, -15 ] ], 
              [ [ 1, 4, 2, 1, 2, 2, 1, 2, 3, 2, 1, 1, 2, 1, 3, 2, 3, -19 ], [ 1, 0, 2, 3, 2, 2, 3, 2, 1, 2, 3, 3, 2, 3, 1, 2, 1, -17 ] ], 
              [ [ 1, 3, 1, 2, 2, 3, 1, 3, 2, 1, 1, 1, 2, 1, 3, 2, 3, -18 ], [ 1, 1, 3, 2, 2, 1, 3, 1, 2, 3, 3, 3, 2, 3, 1, 2, 1, -18 ] ], 
              [ [ 1, 1, 3, 1, 3, 3, 3, 1, 1, 3, 3, 2, 2, 2, 4, 1, 1, -20 ], [ 1, 3, 1, 3, 1, 1, 1, 3, 3, 1, 1, 2, 2, 2, 0, 3, 3, -16 ] ], 
              [ [ 1, 2, 3, 0, 1, 3, 2, 2, 1, 1, 2, 2, 2, 0, 3, 2, 1, -16 ], [ 1, 2, 1, 4, 3, 1, 2, 2, 3, 3, 2, 2, 2, 4, 1, 2, 3, -20 ] ], 
              [ [ 1, 1, 2, 1, 2, 4, 3, 3, 0, 1, 1, 2, 3, 1, 3, 1, 1, -17 ], [ 1, 3, 2, 3, 2, 0, 1, 1, 4, 3, 3, 2, 1, 3, 1, 3, 3, -19 ] ], 
              [ [ 1, 3, 3, 0, 2, 3, 4, 2, 2, 2, 3, 1, 1, 1, 2, 2, 2, -19 ], [ 1, 1, 1, 4, 2, 1, 0, 2, 2, 2, 1, 3, 3, 3, 2, 2, 2, -17 ] ], 
              [ [ 1, 3, 3, 0, 1, 3, 2, 3, 1, 0, 2, 2, 1, 0, 2, 1, 2, -15 ], [ 1, 1, 1, 4, 3, 1, 2, 1, 3, 4, 2, 2, 3, 4, 2, 3, 2, -21 ] ], 
              [ [ 1, 3, 2, 0, 3, 2, 2, 1, 2, 1, 2, 0, 1, 1, 3, 2, 2, -16 ], [ 1, 1, 2, 4, 1, 2, 2, 3, 2, 3, 2, 4, 3, 3, 1, 2, 2, -20 ] ], 
              [ [ 1, 2, 3, 1, 3, 4, 4, 2, 1, 3, 3, 2, 2, 2, 3, 2, 1, -22 ], [ 1, 2, 1, 3, 1, 0, 0, 2, 3, 1, 1, 2, 2, 2, 1, 2, 3, -14 ] ], 
              [ [ 1, 3, 2, 2, 2, 2, 2, 3, 1, 1, 3, 2, 2, 1, 3, 1, 2, -17 ], [ 1, 1, 2, 2, 2, 2, 2, 1, 3, 3, 1, 2, 2, 3, 1, 3, 2, -19 ] ], 
              [ [ 1, 1, 3, 1, 1, 3, 2, 1, 2, 2, 2, 3, 3, 3, 2, 1, 1, -18 ], [ 1, 3, 1, 3, 3, 1, 2, 3, 2, 2, 2, 1, 1, 1, 2, 3, 3, -18 ] ], 
              [ [ 1, 1, 3, 1, 1, 3, 2, 0, 2, 2, 2, 2, 2, 1, 2, 3, 1, -17 ], [ 1, 3, 1, 3, 3, 1, 2, 4, 2, 2, 2, 2, 2, 3, 2, 1, 3, -19 ] ], 
              [ [ 1, 2, 3, 2, 1, 4, 1, 2, 2, 3, 1, 3, 4, 2, 3, 2, 2, -22 ], [ 1, 2, 1, 2, 3, 0, 3, 2, 2, 1, 3, 1, 0, 2, 1, 2, 2, -14 ] ], 
              [ [ 1, 3, 2, 0, 1, 2, 1, 1, 3, 0, 1, 1, 2, 2, 1, 2, 2, -14 ], [ 1, 1, 2, 4, 3, 2, 3, 3, 1, 4, 3, 3, 2, 2, 3, 2, 2, -22 ] ], 
              [ [ 1, 1, 3, 1, 2, 4, 2, 1, 1, 2, 2, 2, 3, 2, 3, 2, 1, -19 ], [ 1, 3, 1, 3, 2, 0, 2, 3, 3, 2, 2, 2, 1, 2, 1, 2, 3, -17 ] ], 
              [ [ 1, 3, 4, 0, 2, 3, 2, 1, 2, 2, 2, 2, 2, 2, 2, 1, 2, -19 ], [ 1, 1, 0, 4, 2, 1, 2, 3, 2, 2, 2, 2, 2, 2, 2, 3, 2, -17 ] ], 
              [ [ 1, 2, 1, 2, 1, 2, 2, 2, 4, 3, 2, 2, 1, 2, 2, 4, 2, -20 ], [ 1, 2, 3, 2, 3, 2, 2, 2, 0, 1, 2, 2, 3, 2, 2, 0, 2, -16 ] ], 
              [ [ 1, 2, 0, 2, 2, 1, 0, 2, 4, 2, 1, 2, 2, 4, 3, 2, 2, -18 ], [ 1, 2, 4, 2, 2, 3, 4, 2, 0, 2, 3, 2, 2, 0, 1, 2, 2, -18 ] ], 
              [ [ 1, 1, 1, 1, 3, 2, 4, 1, 3, 3, 2, 1, 1, 3, 2, 3, 1, -19 ], [ 1, 3, 3, 3, 1, 2, 0, 3, 1, 1, 2, 3, 3, 1, 2, 1, 3, -17 ] ], 
              [ [ 1, 1, 1, 1, 2, 2, 2, 2, 2, 1, 1, 2, 1, 2, 2, 2, 1, -15 ], [ 1, 3, 3, 3, 2, 2, 2, 2, 2, 3, 3, 2, 3, 2, 2, 2, 3, -21 ] ], 
              [ [ 1, 2, 1, 0, 1, 2, 3, 2, 3, 1, 1, 1, 1, 1, 1, 4, 1, -15 ], [ 1, 2, 3, 4, 3, 2, 1, 2, 1, 3, 3, 3, 3, 3, 3, 0, 3, -21 ] ], 
              [ [ 1, 3, 2, 1, 1, 2, 0, 3, 3, 2, 1, 3, 2, 2, 3, 2, 2, -19 ], [ 1, 1, 2, 3, 3, 2, 4, 1, 1, 2, 3, 1, 2, 2, 1, 2, 2, -17 ] ], 
              [ [ 1, 2, 1, 2, 2, 3, 2, 3, 3, 3, 2, 2, 2, 3, 3, 3, 2, -22 ], [ 1, 2, 3, 2, 2, 1, 2, 1, 1, 1, 2, 2, 2, 1, 1, 1, 2, -14 ] ], 
              [ [ 1, 2, 1, 2, 1, 3, 0, 4, 2, 1, 1, 3, 2, 2, 3, 2, 2, -18 ], [ 1, 2, 3, 2, 3, 1, 4, 0, 2, 3, 3, 1, 2, 2, 1, 2, 2, -18 ] ], 
              [ [ 1, 3, 1, 1, 1, 2, 1, 3, 3, 1, 0, 1, 1, 0, 2, 3, 3, -16 ], [ 1, 1, 3, 3, 3, 2, 3, 1, 1, 3, 4, 3, 3, 4, 2, 1, 1, -20 ] ], 
              [ [ 1, 2, 2, 2, 1, 4, 3, 4, 2, 3, 1, 3, 2, 1, 2, 3, 2, -22 ], [ 1, 2, 2, 2, 3, 0, 1, 0, 2, 1, 3, 1, 2, 3, 2, 1, 2, -14 ] ], 
              [ [ 1, 2, 1, 2, 2, 3, 1, 4, 2, 2, 0, 3, 3, 3, 3, 1, 2, -20 ], [ 1, 2, 3, 2, 2, 1, 3, 0, 2, 2, 4, 1, 1, 1, 1, 3, 2, -16 ] ], 
              [ [ 1, 2, 1, 2, 3, 3, 3, 2, 3, 4, 1, 1, 2, 2, 3, 4, 2, -23 ], [ 1, 2, 3, 2, 1, 1, 1, 2, 1, 0, 3, 3, 2, 2, 1, 0, 2, -13 ] ], 
              [ [ 1, 2, 1, 2, 2, 3, 1, 3, 2, 2, 0, 2, 2, 1, 3, 3, 2, -19 ], [ 1, 2, 3, 2, 2, 1, 3, 1, 2, 2, 4, 2, 2, 3, 1, 1, 2, -17 ] ], 
              [ [ 1, 3, 1, 1, 1, 3, 2, 4, 3, 2, 0, 2, 3, 2, 2, 3, 2, -20 ], [ 1, 1, 3, 3, 3, 1, 2, 0, 1, 2, 4, 2, 1, 2, 2, 1, 2, -16 ] ], 
              [ [ 1, 2, 3, 0, 2, 3, 4, 2, 2, 3, 2, 2, 1, 1, 2, 3, 1, -20 ], [ 1, 2, 1, 4, 2, 1, 0, 2, 2, 1, 2, 2, 3, 3, 2, 1, 3, -16 ] ], 
              [ [ 1, 1, 2, 1, 2, 4, 4, 3, 1, 2, 2, 2, 1, 1, 2, 3, 1, -19 ], [ 1, 3, 2, 3, 2, 0, 0, 1, 3, 2, 2, 2, 3, 3, 2, 1, 3, -17 ] ], 
              [ [ 1, 2, 1, 2, 2, 0, 1, 2, 3, 2, 3, 3, 2, 4, 3, 1, 1, -17 ], [ 1, 2, 3, 2, 2, 4, 3, 2, 1, 2, 1, 1, 2, 0, 1, 3, 3, -19 ] ], 
              [ [ 1, 1, 0, 3, 2, 1, 1, 3, 2, 1, 3, 3, 2, 4, 3, 1, 1, -16 ], [ 1, 3, 4, 1, 2, 3, 3, 1, 2, 3, 1, 1, 2, 0, 1, 3, 3, -20 ] ], 
              [ [ 1, 2, 0, 2, 2, 0, 2, 2, 3, 1, 2, 1, 1, 2, 2, 2, 2, -14 ], [ 1, 2, 4, 2, 2, 4, 2, 2, 1, 3, 2, 3, 3, 2, 2, 2, 2, -22 ] ], 
              [ [ 1, 1, 0, 3, 3, 1, 2, 2, 2, 2, 2, 2, 2, 3, 3, 2, 1, -17 ], [ 1, 3, 4, 1, 1, 3, 2, 2, 2, 2, 2, 2, 2, 1, 1, 2, 3, -19 ] ], 
              [ [ 1, 3, 0, 3, 1, 1, 0, 4, 3, 1, 2, 2, 2, 2, 3, 2, 3, -17 ], [ 1, 1, 4, 1, 3, 3, 4, 0, 1, 3, 2, 2, 2, 2, 1, 2, 1, -19 ] ], 
              [ [ 1, 2, 0, 4, 2, 2, 0, 4, 2, 2, 2, 3, 3, 3, 4, 2, 2, -20 ], [ 1, 2, 4, 0, 2, 2, 4, 0, 2, 2, 2, 1, 1, 1, 0, 2, 2, -16 ] ], 
              [ [ 1, 3, 0, 3, 2, 1, 1, 4, 3, 2, 1, 2, 3, 3, 3, 1, 3, -19 ], [ 1, 1, 4, 1, 2, 3, 3, 0, 1, 2, 3, 2, 1, 1, 1, 3, 1, -17 ] ], 
              [ [ 1, 3, 0, 3, 2, 1, 1, 3, 3, 2, 1, 1, 2, 1, 3, 3, 3, -18 ], [ 1, 1, 4, 1, 2, 3, 3, 1, 1, 2, 3, 3, 2, 3, 1, 1, 1, -18 ] ], 
              [ [ 1, 0, 1, 3, 3, 2, 3, 2, 1, 3, 3, 2, 2, 2, 4, 2, 1, -19 ], [ 1, 4, 3, 1, 1, 2, 1, 2, 3, 1, 1, 2, 2, 2, 0, 2, 3, -17 ] ], 
              [ [ 1, 2, 2, 2, 2, 1, 2, 2, 2, 2, 4, 2, 0, 1, 3, 2, 2, -17 ], [ 1, 2, 2, 2, 2, 3, 2, 2, 2, 2, 0, 2, 4, 3, 1, 2, 2, -19 ] ], 
              [ [ 1, 1, 2, 3, 3, 2, 2, 3, 1, 3, 4, 4, 2, 4, 4, 0, 1, -21 ], [ 1, 3, 2, 1, 1, 2, 2, 1, 3, 1, 0, 0, 2, 0, 0, 4, 3, -15 ] ], 
              [ [ 1, 1, 2, 3, 3, 2, 2, 2, 1, 3, 4, 3, 1, 2, 4, 2, 1, -20 ], [ 1, 3, 2, 1, 1, 2, 2, 2, 3, 1, 0, 1, 3, 2, 0, 2, 3, -16 ] ], 
              [ [ 1, 2, 2, 2, 2, 2, 3, 3, 2, 3, 4, 3, 2, 3, 3, 2, 1, -21 ], [ 1, 2, 2, 2, 2, 2, 1, 1, 2, 1, 0, 1, 2, 1, 1, 2, 3, -15 ] ], 
              [ [ 1, 2, 2, 2, 1, 2, 1, 4, 1, 1, 3, 4, 2, 2, 3, 1, 1, -17 ], [ 1, 2, 2, 2, 3, 2, 3, 0, 3, 3, 1, 0, 2, 2, 1, 3, 3, -19 ] ], 
              [ [ 1, 2, 1, 2, 3, 1, 1, 2, 2, 2, 3, 2, 2, 3, 4, 2, 1, -18 ], [ 1, 2, 3, 2, 1, 3, 3, 2, 2, 2, 1, 2, 2, 1, 0, 2, 3, -18 ] ], 
              [ [ 1, 2, 2, 2, 3, 1, 3, 2, 2, 3, 3, 2, 1, 2, 3, 1, 2, -19 ], [ 1, 2, 2, 2, 1, 3, 1, 2, 2, 1, 1, 2, 3, 2, 1, 3, 2, -17 ] ], 
              [ [ 1, 3, 2, 1, 1, 1, 2, 3, 2, 1, 2, 2, 1, 0, 2, 2, 2, -15 ], [ 1, 1, 2, 3, 3, 3, 2, 1, 2, 3, 2, 2, 3, 4, 2, 2, 2, -21 ] ], 
              [ [ 1, 1, 1, 3, 3, 2, 3, 3, 1, 2, 3, 2, 1, 2, 3, 1, 2, -18 ], [ 1, 3, 3, 1, 1, 2, 1, 1, 3, 2, 1, 2, 3, 2, 1, 3, 2, -18 ] ], 
              [ [ 1, 2, 1, 2, 2, 2, 4, 3, 2, 2, 3, 1, 1, 1, 2, 3, 2, -18 ], [ 1, 2, 3, 2, 2, 2, 0, 1, 2, 2, 1, 3, 3, 3, 2, 1, 2, -18 ] ], 
              [ [ 1, 2, 1, 2, 1, 2, 2, 4, 1, 0, 2, 2, 1, 0, 2, 2, 2, -14 ], [ 1, 2, 3, 2, 3, 2, 2, 0, 3, 4, 2, 2, 3, 4, 2, 2, 2, -22 ] ], 
              [ [ 1, 2, 0, 2, 3, 1, 2, 3, 2, 1, 2, 1, 2, 3, 3, 1, 2, -16 ], [ 1, 2, 4, 2, 1, 3, 2, 1, 2, 3, 2, 3, 2, 1, 1, 3, 2, -20 ] ], 
              [ [ 1, 2, 0, 2, 3, 1, 2, 2, 2, 1, 2, 0, 1, 1, 3, 3, 2, -15 ], [ 1, 2, 4, 2, 1, 3, 2, 2, 2, 3, 2, 4, 3, 3, 1, 1, 2, -21 ] ], 
              [ [ 1, 1, 1, 3, 3, 3, 4, 3, 1, 3, 3, 2, 2, 2, 3, 3, 1, -21 ], [ 1, 3, 3, 1, 1, 1, 0, 1, 3, 1, 1, 2, 2, 2, 1, 1, 3, -15 ] ], 
              [ [ 1, 1, 0, 3, 4, 2, 2, 3, 1, 2, 2, 2, 3, 4, 4, 1, 1, -19 ], [ 1, 3, 4, 1, 0, 2, 2, 1, 3, 2, 2, 2, 1, 0, 0, 3, 3, -17 ] ], 
              [ [ 1, 2, 1, 2, 2, 2, 3, 4, 1, 1, 1, 2, 2, 1, 2, 1, 2, -16 ], [ 1, 2, 3, 2, 2, 2, 1, 0, 3, 3, 3, 2, 2, 3, 2, 3, 2, -20 ] ], 
              [ [ 1, 2, 0, 2, 4, 1, 3, 2, 2, 2, 1, 0, 2, 2, 3, 2, 2, -17 ], [ 1, 2, 4, 2, 0, 3, 1, 2, 2, 2, 3, 4, 2, 2, 1, 2, 2, -19 ] ], 
              [ [ 1, 3, 2, 3, 2, 2, 1, 4, 2, 3, 3, 3, 2, 2, 4, 1, 3, -22 ], [ 1, 1, 2, 1, 2, 2, 3, 0, 2, 1, 1, 1, 2, 2, 0, 3, 1, -14 ] ], 
              [ [ 1, 2, 1, 4, 3, 3, 2, 4, 1, 3, 2, 2, 2, 1, 4, 2, 3, -22 ], [ 1, 2, 3, 0, 1, 1, 2, 0, 3, 1, 2, 2, 2, 3, 0, 2, 1, -14 ] ], 
              [ [ 1, 3, 1, 3, 1, 3, 1, 6, 1, 1, 1, 3, 3, 1, 3, 1, 3, -19 ], [ 1, 1, 3, 1, 3, 1, 3, -2, 3, 3, 3, 1, 1, 3, 1, 3, 1, -17 ] ], 
              [ [ 1, 3, 0, 3, 3, 2, 1, 4, 2, 2, 1, 1, 3, 2, 4, 2, 3, -20 ], [ 1, 1, 4, 1, 1, 2, 3, 0, 2, 2, 3, 3, 1, 2, 0, 2, 1, -16 ] ], 
              [ [ 1, 3, 1, 2, 3, 1, 1, 3, 2, 1, 3, 2, 1, 3, 3, 1, 2, -17 ], [ 1, 1, 3, 2, 1, 3, 3, 1, 2, 3, 1, 2, 3, 1, 1, 3, 2, -19 ] ], 
              [ [ 1, 4, 1, 1, 3, 0, 2, 2, 3, 1, 2, 0, 0, 1, 2, 2, 3, -15 ], [ 1, 0, 3, 3, 1, 4, 2, 2, 1, 3, 2, 4, 4, 3, 2, 2, 1, -21 ] ], 
              [ [ 1, 2, 3, 2, 2, 3, 3, 4, 0, 2, 3, 3, 1, 0, 3, 1, 2, -19 ], [ 1, 2, 1, 2, 2, 1, 1, 0, 4, 2, 1, 1, 3, 4, 1, 3, 2, -17 ] ], 
              [ [ 1, 2, 2, 2, 4, 2, 3, 2, 1, 3, 3, 1, 1, 1, 4, 2, 2, -20 ], [ 1, 2, 2, 2, 0, 2, 1, 2, 3, 1, 1, 3, 3, 3, 0, 2, 2, -16 ] ], 
              [ [ 1, 3, 2, 1, 2, 2, 2, 4, 1, 1, 2, 2, 2, 1, 3, 1, 2, -17 ], [ 1, 1, 2, 3, 2, 2, 2, 0, 3, 3, 2, 2, 2, 3, 1, 3, 2, -19 ] ], 
              [ [ 1, 2, 1, 2, 3, 3, 3, 4, 0, 1, 1, 1, 2, 0, 3, 2, 2, -17 ], [ 1, 2, 3, 2, 1, 1, 1, 0, 4, 3, 3, 3, 2, 4, 1, 2, 2, -19 ] ], 
              [ [ 1, 2, 2, 2, 1, 2, 0, 1, 4, 3, 1, 3, 2, 3, 2, 3, 2, -20 ], [ 1, 2, 2, 2, 3, 2, 4, 3, 0, 1, 3, 1, 2, 1, 2, 1, 2, -16 ] ], 
              [ [ 1, 2, 1, 2, 1, 3, 2, 2, 4, 3, 0, 2, 3, 3, 1, 4, 2, -21 ], [ 1, 2, 3, 2, 3, 1, 2, 2, 0, 1, 4, 2, 1, 1, 3, 0, 2, -15 ] ], 
              [ [ 1, 1, 2, 2, 0, 4, 1, 3, 2, 2, 0, 3, 3, 1, 2, 3, 2, -19 ], [ 1, 3, 2, 2, 4, 0, 3, 1, 2, 2, 4, 1, 1, 3, 2, 1, 2, -17 ] ], 
              [ [ 1, 1, 3, 1, 1, 3, 3, 1, 3, 3, 3, 3, 1, 3, 1, 3, 1, -20 ], [ 1, 3, 1, 3, 3, 1, 1, 3, 1, 1, 1, 1, 3, 1, 3, 1, 3, -16 ] ], 
              [ [ 1, 1, 2, 1, 2, 2, 1, 0, 3, 2, 2, 2, 1, 3, 2, 3, 1, -17 ], [ 1, 3, 2, 3, 2, 2, 3, 4, 1, 2, 2, 2, 3, 1, 2, 1, 3, -19 ] ], 
              [ [ 1, 1, 3, 1, 2, 3, 4, 0, 3, 4, 2, 2, 1, 2, 1, 4, 1, -21 ], [ 1, 3, 1, 3, 2, 1, 0, 4, 1, 0, 2, 2, 3, 2, 3, 0, 3, -15 ] ], 
              [ [ 1, 2, 3, 0, 0, 3, 3, 2, 3, 2, 1, 3, 2, 2, 0, 3, 1, -18 ], [ 1, 2, 1, 4, 4, 1, 1, 2, 1, 2, 3, 1, 2, 2, 4, 1, 3, -18 ] ], 
              [ [ 1, 1, 2, 1, 3, 2, 2, 0, 3, 3, 1, 2, 2, 4, 2, 2, 1, -19 ], [ 1, 3, 2, 3, 1, 2, 2, 4, 1, 1, 3, 2, 2, 0, 2, 2, 3, -17 ] ], 
              [ [ 1, 2, 2, 0, 2, 2, 3, 0, 4, 3, 1, 1, 2, 3, 1, 4, 1, -19 ], [ 1, 2, 2, 4, 2, 2, 1, 4, 0, 1, 3, 3, 2, 1, 3, 0, 3, -17 ] ], 
              [ [ 1, 2, 2, 0, 1, 2, 1, 1, 3, 1, 0, 2, 2, 2, 1, 3, 1, -15 ], [ 1, 2, 2, 4, 3, 2, 3, 3, 1, 3, 4, 2, 2, 2, 3, 1, 3, -21 ] ], 
              [ [ 1, 1, 1, 1, 2, 3, 3, 1, 3, 2, 1, 1, 2, 3, 1, 4, 1, -18 ], [ 1, 3, 3, 3, 2, 1, 1, 3, 1, 2, 3, 3, 2, 1, 3, 0, 3, -18 ] ], 
              [ [ 1, 2, 3, 2, 1, 4, 2, 2, 3, 4, 2, 3, 2, 2, 2, 4, 2, -24 ], [ 1, 2, 1, 2, 3, 0, 2, 2, 1, 0, 2, 1, 2, 2, 2, 0, 2, -12 ] ], 
              [ [ 1, 2, 2, 2, 2, 3, 0, 2, 3, 3, 1, 3, 3, 4, 3, 2, 2, -22 ], [ 1, 2, 2, 2, 2, 1, 4, 2, 1, 1, 3, 1, 1, 0, 1, 2, 2, -14 ] ], 
              [ [ 1, 3, 3, 1, 0, 3, 1, 3, 3, 2, 0, 3, 2, 1, 1, 2, 3, -19 ], [ 1, 1, 1, 3, 4, 1, 3, 1, 1, 2, 4, 1, 2, 3, 3, 2, 1, -17 ] ], 
              [ [ 1, 3, 2, 1, 2, 2, 1, 1, 4, 3, 0, 1, 2, 2, 2, 3, 3, -20 ], [ 1, 1, 2, 3, 2, 2, 3, 3, 0, 1, 4, 3, 2, 2, 2, 1, 1, -16 ] ], 
              [ [ 1, 2, 1, 2, 2, 3, 1, 2, 3, 2, 0, 1, 2, 2, 2, 3, 3, -19 ], [ 1, 2, 3, 2, 2, 1, 3, 2, 1, 2, 4, 3, 2, 2, 2, 1, 1, -17 ] ], 
              [ [ 1, 3, 1, 1, 1, 3, 1, 3, 3, 1, -2, 1, 3, 1, 1, 3, 3, -17 ], [ 1, 1, 3, 3, 3, 1, 3, 1, 1, 3, 6, 3, 1, 3, 3, 1, 1, -19 ] ], 
              [ [ 1, 3, 2, 0, 2, 2, 3, 1, 4, 2, 1, 1, 1, 3, 0, 3, 2, -18 ], [ 1, 1, 2, 4, 2, 2, 1, 3, 0, 2, 3, 3, 3, 1, 4, 1, 2, -18 ] ], 
              [ [ 1, 2, 3, 0, 1, 3, 2, 2, 2, 1, 1, 2, 1, 1, 1, 2, 2, -16 ], [ 1, 2, 1, 4, 3, 1, 2, 2, 2, 3, 3, 2, 3, 3, 3, 2, 2, -20 ] ], 
              [ [ 1, 1, 3, 1, 3, 4, 4, 1, 2, 4, 2, 2, 2, 3, 2, 3, 1, -23 ], [ 1, 3, 1, 3, 1, 0, 0, 3, 2, 0, 2, 2, 2, 1, 2, 1, 3, -13 ] ], 
              [ [ 1, 1, 3, 1, 2, 4, 2, 2, 1, 2, 1, 3, 2, 2, 2, 2, 1, -19 ], [ 1, 3, 1, 3, 2, 0, 2, 2, 3, 2, 3, 1, 2, 2, 2, 2, 3, -17 ] ], 
              [ [ 1, 2, 3, 0, 1, 4, 3, 2, 2, 2, 1, 2, 2, 1, 1, 4, 1, -19 ], [ 1, 2, 1, 4, 3, 0, 1, 2, 2, 2, 3, 2, 2, 3, 3, 0, 3, -17 ] ], 
              [ [ 1, 2, 3, 0, 2, 3, 3, 1, 2, 2, 0, 1, 1, 0, 1, 3, 2, -17 ], [ 1, 2, 1, 4, 2, 1, 1, 3, 2, 2, 4, 3, 3, 4, 3, 1, 2, -19 ] ], 
              [ [ 1, 3, 3, 1, 1, 4, 1, 3, 2, 2, 0, 2, 2, 0, 2, 3, 3, -20 ], [ 1, 1, 1, 3, 3, 0, 3, 1, 2, 2, 4, 2, 2, 4, 2, 1, 1, -16 ] ], 
              [ [ 1, 0, 1, 3, 1, 2, 2, 2, 2, 2, 2, 3, 3, 3, 2, 2, 1, -17 ], [ 1, 4, 3, 1, 3, 2, 2, 2, 2, 2, 2, 1, 1, 1, 2, 2, 3, -19 ] ], 
              [ [ 1, 1, 1, 4, 1, 3, 1, 3, 2, 3, 1, 3, 4, 2, 3, 3, 2, -21 ], [ 1, 3, 3, 0, 3, 1, 3, 1, 2, 1, 3, 1, 0, 2, 1, 1, 2, -15 ] ], 
              [ [ 1, 2, 2, 2, 0, 1, 1, 2, 3, 1, 3, 3, 1, 2, 1, 2, 2, -15 ], [ 1, 2, 2, 2, 4, 3, 3, 2, 1, 3, 1, 1, 3, 2, 3, 2, 2, -21 ] ], 
              [ [ 1, 2, 1, 2, 2, 0, 1, 0, 4, 2, 3, 1, 1, 3, 2, 3, 2, -16 ], [ 1, 2, 3, 2, 2, 4, 3, 4, 0, 2, 1, 3, 3, 1, 2, 1, 2, -20 ] ], 
              [ [ 1, 1, 2, 3, 2, 2, 3, 1, 3, 4, 4, 3, 2, 4, 2, 3, 1, -22 ], [ 1, 3, 2, 1, 2, 2, 1, 3, 1, 0, 0, 1, 2, 0, 2, 1, 3, -14 ] ], 
              [ [ 1, 1, 2, 3, 1, 2, 1, 2, 2, 2, 3, 4, 2, 3, 2, 2, 1, -18 ], [ 1, 3, 2, 1, 3, 2, 3, 2, 2, 2, 1, 0, 2, 1, 2, 2, 3, -18 ] ], 
              [ [ 1, 1, 1, 3, 3, 1, 1, 1, 3, 3, 3, 3, 3, 6, 3, 1, 1, -20 ], [ 1, 3, 3, 1, 1, 3, 3, 3, 1, 1, 1, 1, 1, -2, 1, 3, 3, -16 ] ], 
              [ [ 1, 1, 1, 3, 3, 1, 1, 0, 3, 3, 3, 2, 2, 4, 3, 3, 1, -19 ], [ 1, 3, 3, 1, 1, 3, 3, 4, 1, 1, 1, 2, 2, 0, 1, 1, 3, -17 ] ], 
              [ [ 1, 2, 1, 2, 1, 1, 0, 2, 3, 1, 2, 3, 3, 4, 2, 2, 1, -16 ], [ 1, 2, 3, 2, 3, 3, 4, 2, 1, 3, 2, 1, 1, 0, 2, 2, 3, -20 ] ], 
              [ [ 1, 2, 2, 2, 1, 1, 2, 2, 3, 2, 2, 3, 2, 3, 1, 1, 2, -17 ], [ 1, 2, 2, 2, 3, 3, 2, 2, 1, 2, 2, 1, 2, 1, 3, 3, 2, -19 ] ], 
              [ [ 1, 2, 2, 2, 1, 1, 2, 1, 3, 2, 2, 2, 1, 1, 1, 3, 2, -16 ], [ 1, 2, 2, 2, 3, 3, 2, 3, 1, 2, 2, 2, 3, 3, 3, 1, 2, -20 ] ], 
              [ [ 1, 2, 1, 2, 3, 0, 2, 0, 4, 3, 2, 1, 2, 4, 2, 2, 2, -18 ], [ 1, 2, 3, 2, 1, 4, 2, 4, 0, 1, 2, 3, 2, 0, 2, 2, 2, -18 ] ], 
              [ [ 1, 2, 1, 2, 2, 0, 0, 1, 3, 1, 1, 2, 2, 3, 2, 1, 2, -14 ], [ 1, 2, 3, 2, 2, 4, 4, 3, 1, 3, 3, 2, 2, 1, 2, 3, 2, -22 ] ], 
              [ [ 1, 3, 1, 1, 1, 0, 1, 1, 4, 1, 1, 1, 2, 2, 1, 3, 2, -14 ], [ 1, 1, 3, 3, 3, 4, 3, 3, 0, 3, 3, 3, 2, 2, 3, 1, 2, -22 ] ], 
              [ [ 1, 1, 0, 3, 3, 1, 2, 1, 3, 2, 2, 1, 2, 4, 2, 2, 2, -17 ], [ 1, 3, 4, 1, 1, 3, 2, 3, 1, 2, 2, 3, 2, 0, 2, 2, 2, -19 ] ], 
              [ [ 1, 2, 0, 2, 1, 1, 1, 2, 3, 0, 1, 1, 2, 2, 1, 3, 2, -13 ], [ 1, 2, 4, 2, 3, 3, 3, 2, 1, 4, 3, 3, 2, 2, 3, 1, 2, -23 ] ], 
              [ [ 1, 2, 0, 2, 2, 1, 2, 2, 3, 1, 0, 1, 3, 3, 1, 2, 2, -15 ], [ 1, 2, 4, 2, 2, 3, 2, 2, 1, 3, 4, 3, 1, 1, 3, 2, 2, -21 ] ], 
              [ [ 1, 2, 2, 4, 2, 2, 1, 2, 3, 4, 3, 3, 2, 3, 3, 2, 3, -23 ], [ 1, 2, 2, 0, 2, 2, 3, 2, 1, 0, 1, 1, 2, 1, 1, 2, 1, -13 ] ], 
              [ [ 1, 3, 2, 3, 0, 2, 0, 4, 3, 2, 2, 4, 3, 3, 2, 1, 3, -20 ], [ 1, 1, 2, 1, 4, 2, 4, 0, 1, 2, 2, 0, 1, 1, 2, 3, 1, -16 ] ], 
              [ [ 1, 3, 2, 3, 0, 2, 0, 3, 3, 2, 2, 3, 2, 1, 2, 3, 3, -19 ], [ 1, 1, 2, 1, 4, 2, 4, 1, 1, 2, 2, 1, 2, 3, 2, 1, 1, -17 ] ], 
              [ [ 1, 3, 1, 3, 2, 1, 0, 2, 4, 3, 2, 2, 3, 4, 3, 2, 3, -21 ], [ 1, 1, 3, 1, 2, 3, 4, 2, 0, 1, 2, 2, 1, 0, 1, 2, 1, -15 ] ], 
              [ [ 1, 3, 1, 3, 1, 1, -2, 3, 3, 1, 1, 3, 3, 3, 3, 1, 3, -17 ], [ 1, 1, 3, 1, 3, 3, 6, 1, 1, 3, 3, 1, 1, 1, 1, 3, 1, -19 ] ], 
              [ [ 1, 3, 2, 3, 1, 2, 1, 3, 3, 3, 1, 3, 3, 2, 2, 2, 3, -21 ], [ 1, 1, 2, 1, 3, 2, 3, 1, 1, 1, 3, 1, 1, 2, 2, 2, 1, -15 ] ], 
              [ [ 1, 2, 1, 4, 1, 3, 1, 4, 2, 2, 1, 3, 3, 2, 2, 2, 3, -20 ], [ 1, 2, 3, 0, 3, 1, 3, 0, 2, 2, 3, 1, 1, 2, 2, 2, 1, -16 ] ], 
              [ [ 1, 2, 0, 4, 3, 2, 1, 2, 3, 3, 1, 1, 3, 3, 3, 3, 3, -21 ], [ 1, 2, 4, 0, 1, 2, 3, 2, 1, 1, 3, 3, 1, 1, 1, 1, 1, -15 ] ], 
              [ [ 1, 3, 0, 3, 1, 2, 0, 4, 3, 1, 0, 2, 4, 3, 2, 2, 3, -18 ], [ 1, 1, 4, 1, 3, 2, 4, 0, 1, 3, 4, 2, 0, 1, 2, 2, 1, -18 ] ], 
              [ [ 1, 4, 1, 1, 1, 0, 1, 2, 4, 0, 1, 1, 1, 2, 0, 2, 3, -13 ], [ 1, 0, 3, 3, 3, 4, 3, 2, 0, 4, 3, 3, 3, 2, 4, 2, 1, -23 ] ], 
              [ [ 1, 0, 3, 3, 1, 3, 2, 2, 1, 3, 4, 4, 2, 2, 3, 2, 1, -20 ], [ 1, 4, 1, 1, 3, 1, 2, 2, 3, 1, 0, 0, 2, 2, 1, 2, 3, -16 ] ], 
              [ [ 1, 0, 3, 3, 2, 3, 3, 2, 1, 4, 3, 4, 3, 3, 3, 1, 1, -22 ], [ 1, 4, 1, 1, 2, 1, 1, 2, 3, 0, 1, 0, 1, 1, 1, 3, 3, -14 ] ], 
              [ [ 1, 0, 3, 3, 2, 3, 3, 1, 1, 4, 3, 3, 2, 1, 3, 3, 1, -21 ], [ 1, 4, 1, 1, 2, 1, 1, 3, 3, 0, 1, 1, 2, 3, 1, 1, 3, -15 ] ], 
              [ [ 1, 1, 3, 2, 0, 3, 2, 3, 1, 2, 2, 4, 3, 1, 2, 2, 1, -18 ], [ 1, 3, 1, 2, 4, 1, 2, 1, 3, 2, 2, 0, 1, 3, 2, 2, 3, -18 ] ], 
              [ [ 1, 0, 2, 3, 3, 2, 1, 1, 1, 3, 2, 3, 3, 3, 4, 1, 1, -19 ], [ 1, 4, 2, 1, 1, 2, 3, 3, 3, 1, 2, 1, 1, 1, 0, 3, 3, -17 ] ], 
              [ [ 1, 1, 2, 2, 2, 2, 2, 1, 2, 3, 2, 2, 3, 2, 3, 3, 1, -19 ], [ 1, 3, 2, 2, 2, 2, 2, 3, 2, 1, 2, 2, 1, 2, 1, 1, 3, -17 ] ], 
              [ [ 1, 0, 1, 3, 2, 3, 2, 2, 1, 2, 2, 2, 3, 2, 3, 3, 1, -18 ], [ 1, 4, 3, 1, 2, 1, 2, 2, 3, 2, 2, 2, 1, 2, 1, 1, 3, -18 ] ], 
              [ [ 1, 0, 1, 3, 3, 3, 3, 2, 1, 3, 1, 2, 4, 3, 3, 2, 1, -20 ], [ 1, 4, 3, 1, 1, 1, 1, 2, 3, 1, 3, 2, 0, 1, 1, 2, 3, -16 ] ], 
              [ [ 1, 1, 3, 1, 2, 1, 2, 0, 2, 2, 4, 3, 1, 3, 2, 2, 0, -16 ], [ 1, 3, 1, 3, 2, 3, 2, 4, 2, 2, 0, 1, 3, 1, 2, 2, 4, -20 ] ], 
              [ [ 1, 1, 2, 1, 2, 1, 3, 1, 2, 1, 3, 2, 1, 3, 1, 1, 1, -14 ], [ 1, 3, 2, 3, 2, 3, 1, 3, 2, 3, 1, 2, 3, 1, 3, 3, 3, -22 ] ], 
              [ [ 1, 1, 2, 1, 2, 1, 3, 0, 2, 1, 3, 1, 0, 1, 1, 3, 1, -13 ], [ 1, 3, 2, 3, 2, 3, 1, 4, 2, 3, 1, 3, 4, 3, 3, 1, 3, -23 ] ], 
              [ [ 1, 0, 2, 2, 3, 2, 3, 1, 1, 2, 3, 3, 2, 4, 2, 1, 0, -17 ], [ 1, 4, 2, 2, 1, 2, 1, 3, 3, 2, 1, 1, 2, 0, 2, 3, 4, -19 ] ], 
              [ [ 1, 1, 2, 1, 2, 2, 4, 1, 2, 2, 3, 2, 2, 3, 1, 3, 0, -17 ], [ 1, 3, 2, 3, 2, 2, 0, 3, 2, 2, 1, 2, 2, 1, 3, 1, 4, -19 ] ], 
              [ [ 1, 1, 2, 1, 3, 1, 4, 0, 2, 2, 2, 1, 1, 2, 1, 2, 1, -15 ], [ 1, 3, 2, 3, 1, 3, 0, 4, 2, 2, 2, 3, 3, 2, 3, 2, 3, -21 ] ], 
              [ [ 1, 2, 4, 2, 1, 2, 2, 2, 2, 3, 4, 4, 1, 2, 2, 1, 2, -20 ], [ 1, 2, 0, 2, 3, 2, 2, 2, 2, 1, 0, 0, 3, 2, 2, 3, 2, -16 ] ], 
              [ [ 1, 2, 3, 2, 3, 1, 2, 0, 3, 4, 4, 2, 1, 3, 3, 2, 2, -21 ], [ 1, 2, 1, 2, 1, 3, 2, 4, 1, 0, 0, 2, 3, 1, 1, 2, 2, -15 ] ], 
              [ [ 1, 2, 3, 2, 2, 1, 0, 1, 2, 2, 3, 3, 1, 2, 3, 1, 2, -17 ], [ 1, 2, 1, 2, 2, 3, 4, 3, 2, 2, 1, 1, 3, 2, 1, 3, 2, -19 ] ], 
              [ [ 1, 3, 3, 1, 1, 1, 1, 2, 3, 2, 3, 3, 2, 3, 2, 1, 2, -18 ], [ 1, 1, 1, 3, 3, 3, 3, 2, 1, 2, 1, 1, 2, 1, 2, 3, 2, -18 ] ], 
              [ [ 1, 3, 3, 1, 1, 1, 1, 1, 3, 2, 3, 2, 1, 1, 2, 3, 2, -17 ], [ 1, 1, 1, 3, 3, 3, 3, 3, 1, 2, 1, 2, 3, 3, 2, 1, 2, -19 ] ], 
              [ [ 1, 2, 3, 2, 2, 2, 1, 2, 2, 3, 3, 4, 3, 4, 3, 1, 1, -21 ], [ 1, 2, 1, 2, 2, 2, 3, 2, 2, 1, 1, 0, 1, 0, 1, 3, 3, -15 ] ], 
              [ [ 1, 3, 3, 1, 2, 1, 2, 1, 3, 3, 2, 2, 2, 2, 2, 2, 2, -19 ], [ 1, 1, 1, 3, 2, 3, 2, 3, 1, 1, 2, 2, 2, 2, 2, 2, 2, -17 ] ], 
              [ [ 1, 1, 2, 3, 3, 2, 2, 1, 2, 3, 4, 2, 1, 3, 3, 2, 2, -20 ], [ 1, 3, 2, 1, 1, 2, 2, 3, 2, 1, 0, 2, 3, 1, 1, 2, 2, -16 ] ], 
              [ [ 1, 2, 2, 2, 1, 2, 1, 3, 2, 1, 3, 3, 2, 3, 2, 1, 2, -17 ], [ 1, 2, 2, 2, 3, 2, 3, 1, 2, 3, 1, 1, 2, 1, 2, 3, 2, -19 ] ], 
              [ [ 1, 2, 2, 2, 1, 2, 1, 2, 2, 1, 3, 2, 1, 1, 2, 3, 2, -16 ], [ 1, 2, 2, 2, 3, 2, 3, 2, 2, 3, 1, 2, 3, 3, 2, 1, 2, -20 ] ], 
              [ [ 1, 3, 2, 1, 1, 1, 2, 2, 3, 1, 2, 1, 1, 1, 1, 2, 3, -15 ], [ 1, 1, 2, 3, 3, 3, 2, 2, 1, 3, 2, 3, 3, 3, 3, 2, 1, -21 ] ], 
              [ [ 1, 1, 2, 3, 2, 3, 1, 3, 1, 2, 3, 4, 3, 4, 3, 1, 1, -20 ], [ 1, 3, 2, 1, 2, 1, 3, 1, 3, 2, 1, 0, 1, 0, 1, 3, 3, -16 ] ], 
              [ [ 1, 1, 3, 3, 2, 3, 3, 2, 1, 3, 3, 3, 1, 1, 2, 2, 2, -20 ], [ 1, 3, 1, 1, 2, 1, 1, 2, 3, 1, 1, 1, 3, 3, 2, 2, 2, -16 ] ], 
              [ [ 1, 2, 3, 2, 1, 3, 4, 3, 2, 3, 3, 3, 2, 2, 1, 2, 2, -21 ], [ 1, 2, 1, 2, 3, 1, 0, 1, 2, 1, 1, 1, 2, 2, 3, 2, 2, -15 ] ], 
              [ [ 1, 2, 3, 2, 0, 3, 2, 4, 1, 1, 2, 4, 2, 1, 1, 1, 2, -17 ], [ 1, 2, 1, 2, 4, 1, 2, 0, 3, 3, 2, 0, 2, 3, 3, 3, 2, -19 ] ], 
              [ [ 1, 2, 3, 2, 1, 3, 4, 2, 2, 3, 3, 2, 1, 0, 1, 4, 2, -20 ], [ 1, 2, 1, 2, 3, 1, 0, 2, 2, 1, 1, 2, 3, 4, 3, 0, 2, -16 ] ], 
              [ [ 1, 1, 2, 3, 4, 2, 3, 1, 2, 4, 3, 2, 2, 4, 3, 1, 2, -22 ], [ 1, 3, 2, 1, 0, 2, 1, 3, 2, 0, 1, 2, 2, 0, 1, 3, 2, -14 ] ], 
              [ [ 1, 1, 2, 3, 3, 2, 1, 2, 1, 2, 2, 3, 2, 3, 3, 0, 2, -18 ], [ 1, 3, 2, 1, 1, 2, 3, 2, 3, 2, 2, 1, 2, 1, 1, 4, 2, -18 ] ], 
              [ [ 1, 1, 2, 3, 4, 2, 3, 0, 2, 4, 3, 1, 1, 2, 3, 3, 2, -21 ], [ 1, 3, 2, 1, 0, 2, 1, 4, 2, 0, 1, 3, 3, 2, 1, 1, 2, -15 ] ], 
              [ [ 1, 2, 2, 2, 2, 2, 2, 3, 2, 2, 2, 3, 3, 4, 2, 0, 2, -19 ], [ 1, 2, 2, 2, 2, 2, 2, 1, 2, 2, 2, 1, 1, 0, 2, 4, 2, -17 ] ], 
              [ [ 1, 2, 2, 2, 3, 2, 4, 1, 3, 4, 3, 1, 2, 3, 2, 3, 2, -22 ], [ 1, 2, 2, 2, 1, 2, 0, 3, 1, 0, 1, 3, 2, 1, 2, 1, 2, -14 ] ] ],
          slins := [  ] ), 
      [ [ [ -141693662, -80932962, -53484666, -15720178, -96193014, -147178718, -92877582, -26676922, -80806646, -139708818, -10970286, -157025810, 
                  -44160822, -80351062, -128553578, -111610966, -151076050, -165352768 ], 
              [ -80932962, -46227530, -30549535, -8979097, -54943819, -84065979, -53050095, -15237407, -46155385, -79799297, -6266043, -89690473, 
                  -25223915, -45895159, -73427617, -63750289, -86292071, -94446688 ], [ -53484666, -30549535, -20188714, -5933849, -36309715, -55555137, 
                  -35058241, -10069669, -30501863, -52735495, -4140925, -59272095, -16669267, -30329891, -48524761, -42129485, -57026257, -62415248 ], 
              [ -15720178, -8979097, -5933849, -1744074, -10672121, -16328723, -10304291, -2959667, -8965083, -15499975, -1217097, -17421207, -4899417, 
                  -8914537, -14262359, -12382663, -16761111, -18345040 ], [ -96193014, -54943819, -36309715, -10672121, -65303590, -99916785, -63052795, 
                  -18110455, -54858077, -94845613, -7447519, -106601791, -29979937, -54548783, -87272541, -75770537, -102562615, -112254800 ], 
              [ -147178718, -84065979, -55555137, -16328723, -99916785, -152876198, -96472995, -27709629, -83934785, -145117125, -11394965, -163104489, 
                  -45870355, -83461557, -133530057, -115931583, -156924407, -171753792 ], 
              [ -92877582, -53050095, -35058241, -10304291, -63052795, -96472995, -60879582, -17486247, -52967305, -91576609, -7190827, -102927591, 
                  -28946629, -52668673, -84264555, -73158983, -99027631, -108385760 ], [ -26676922, -15237407, -10069669, -2959667, -18110455, -27709629, 
                  -17486247, -5022522, -15213631, -26303257, -2065399, -29563563, -8314249, -15127855, -24203039, -21013223, -28443391, -31131296 ], 
              [ -80806646, -46155385, -30501863, -8965083, -54858077, -83934785, -52967305, -15213631, -46083358, -79674763, -6256265, -89550503, 
                  -25184553, -45823535, -73313027, -63650803, -86157405, -94299296 ], 
              [ -139708818, -79799297, -52735495, -15499975, -94845613, -145117125, -91576609, -26303257, -79674763, -137751858, -10816625, -154826291, 
                  -43542253, -79225553, -126752879, -110047597, -148959873, -163036608 ], [ -10970286, -6266043, -4140925, -1217097, -7447519, -11394965, 
                  -7190827, -2065399, -6256265, -10816625, -849350, -12157353, -3419049, -6220991, -9952957, -8641217, -11696707, -12802048 ], 
              [ -157025810, -89690473, -59272095, -17421207, -106601791, -163104489, -102927591, -29563563, -89550503, -154826291, -12157353, -174017114, 
                  -48939345, -89045613, -142463983, -123688071, -167423549, -183245104 ], 
              [ -44160822, -25223915, -16669267, -4899417, -29979937, -45870355, -28946629, -8314249, -25184553, -43542253, -3419049, -48939345, 
                  -13763358, -25042559, -40065565, -34785161, -47085017, -51534560 ], [ -80351062, -45895159, -30329891, -8914537, -54548783, -83461557, 
                  -52668673, -15127855, -45823535, -79225553, -6220991, -89045613, -25042559, -45565182, -72899685, -63291937, -85671647, -93767632 ], 
              [ -128553578, -73427617, -48524761, -14262359, -87272541, -133530057, -84264555, -24203039, -73313027, -126752879, -9952957, -142463983, 
                  -40065565, -72899685, -116632130, -101260703, -137065977, -150018736 ], 
              [ -111610966, -63750289, -42129485, -12382663, -75770537, -115931583, -73158983, -21013223, -63650803, -110047597, -8641217, -123688071, 
                  -34785161, -63291937, -101260703, -87915142, -119001491, -130247152 ], 
              [ -151076050, -86292071, -57026257, -16761111, -102562615, -156924407, -99027631, -28443391, -86157405, -148959873, -11696707, -167423549, 
                  -47085017, -85671647, -137065977, -119001491, -161079818, -176301888 ], 
              [ -165352768, -94446688, -62415248, -18345040, -112254800, -171753792, -108385760, -31131296, -94299296, -163036608, -12802048, -183245104, 
                  -51534560, -93767632, -150018736, -130247152, -176301888, -192962448 ] ], [ 1, 2, 2, 2, 2, 2, 2, 2, 2, 2, 2, 2, 2, 2, 2, 2, 2, -18 ] ] ],
  [ rec(
          nopss := [ 0, 301 ],
          scons := [ [ [ 1, 0, 2, 3, 4, 3, 3, 2, 2, 3, 3, 1, 3, 3, 1, 1, 1, -21 ], [ 1, 4, 2, 1, 0, 1, 1, 2, 2, 1, 1, 3, 1, 1, 3, 3, 3, -15 ] ], 
              [ [ 1, 0, 2, 2, 3, 3, 4, 1, 2, 4, 3, 3, 3, 3, 2, 0, 3, -22 ], [ 1, 4, 2, 2, 1, 1, 0, 3, 2, 0, 1, 1, 1, 1, 2, 4, 1, -14 ] ], 
              [ [ 1, 1, 1, 6, 3, 1, 1, 3, 1, 3, 3, 1, 3, 3, 1, 1, 3, -23 ], [ 1, 3, 3, -2, 1, 3, 3, 1, 3, 1, 1, 3, 1, 1, 3, 3, 1, -13 ] ], 
              [ [ 1, 1, 3, 4, 2, 1, 2, 3, 0, 2, 2, 2, 4, 2, 2, 2, 2, -21 ], [ 1, 3, 1, 0, 2, 3, 2, 1, 4, 2, 2, 2, 0, 2, 2, 2, 2, -15 ] ], 
              [ [ 1, 1, 1, 4, 4, 0, 3, 2, 1, 2, 3, 1, 3, 3, 2, 2, 2, -22 ], [ 1, 3, 3, 0, 0, 4, 1, 2, 3, 2, 1, 3, 1, 1, 2, 2, 2, -14 ] ], 
              [ [ 1, 1, 3, 4, 3, 2, 3, 2, 1, 2, 3, 1, 3, 3, 1, 1, 1, -21 ], [ 1, 3, 1, 0, 1, 2, 1, 2, 3, 2, 1, 3, 1, 1, 3, 3, 3, -15 ] ], 
              [ [ 1, 1, 3, 3, 3, 1, 3, 1, 1, 1, 3, 1, 3, 3, 3, 1, 1, -20 ], [ 1, 3, 1, 1, 1, 3, 1, 3, 3, 3, 1, 3, 1, 1, 1, 3, 3, -16 ] ], 
              [ [ 1, 1, 1, 4, 3, 1, 2, 3, 1, 4, 2, 2, 4, 1, 2, 2, 3, -22 ], [ 1, 3, 3, 0, 1, 3, 2, 1, 3, 0, 2, 2, 0, 3, 2, 2, 1, -14 ] ], 
              [ [ 1, 1, 3, 4, 2, 3, 2, 3, 1, 4, 2, 2, 4, 1, 1, 1, 2, -21 ], [ 1, 3, 1, 0, 2, 1, 2, 1, 3, 0, 2, 2, 0, 3, 3, 3, 2, -15 ] ], 
              [ [ 1, 2, 2, 4, 3, 2, 2, 4, 0, 3, 3, 3, 3, 2, 1, 1, 3, -24 ], [ 1, 2, 2, 0, 1, 2, 2, 0, 4, 1, 1, 1, 1, 2, 3, 3, 1, -12 ] ], 
              [ [ 1, 1, 3, 4, 2, 2, 3, 2, 1, 2, 2, 2, 4, 1, 3, 1, 2, -21 ], [ 1, 3, 1, 0, 2, 2, 1, 2, 3, 2, 2, 2, 0, 3, 1, 3, 2, -15 ] ], 
              [ [ 1, 1, 1, 4, 4, 2, 3, 2, 2, 4, 3, 1, 3, 2, 1, 1, 2, -22 ], [ 1, 3, 3, 0, 0, 2, 1, 2, 2, 0, 1, 3, 1, 2, 3, 3, 2, -14 ] ], 
              [ [ 1, 1, 3, 3, 3, 3, 4, 2, 1, 3, 2, 2, 3, 1, 3, 0, 1, -21 ], [ 1, 3, 1, 1, 1, 1, 0, 2, 3, 1, 2, 2, 1, 3, 1, 4, 3, -15 ] ], 
              [ [ 1, 1, 1, 4, 4, 2, 3, 3, 1, 3, 3, 1, 3, 1, 2, 2, 1, -22 ], [ 1, 3, 3, 0, 0, 2, 1, 1, 3, 1, 1, 3, 1, 3, 2, 2, 3, -14 ] ], 
              [ [ 1, 1, 3, 3, 1, 3, 3, 3, 1, 3, 3, 3, 6, 1, 3, 1, 3, -24 ], [ 1, 3, 1, 1, 3, 1, 1, 1, 3, 1, 1, 1, -2, 3, 1, 3, 1, -12 ] ], 
              [ [ 1, 1, 3, 3, 3, 3, 3, 3, 0, 3, 3, 3, 4, 2, 1, 1, 2, -23 ], [ 1, 3, 1, 1, 1, 1, 1, 1, 4, 1, 1, 1, 0, 2, 3, 3, 2, -13 ] ], 
              [ [ 1, 0, 2, 3, 3, 4, 4, 3, 0, 3, 4, 2, 4, 2, 1, 1, 3, -23 ], [ 1, 4, 2, 1, 1, 0, 0, 1, 4, 1, 0, 2, 0, 2, 3, 3, 1, -13 ] ], 
              [ [ 1, 0, 1, 3, 3, 2, 4, 2, 2, 2, 3, 1, 3, 2, 2, 2, 1, -20 ], [ 1, 4, 3, 1, 1, 2, 0, 2, 2, 2, 1, 3, 1, 2, 2, 2, 3, -16 ] ], 
              [ [ 1, 1, 3, 2, 3, 2, 4, 2, 1, 3, 2, 2, 4, 1, 2, 2, 1, -20 ], [ 1, 3, 1, 2, 1, 2, 0, 2, 3, 1, 2, 2, 0, 3, 2, 2, 3, -16 ] ], 
              [ [ 1, 1, 3, 3, 3, 3, 3, 1, 1, 3, 3, 3, 3, 3, 3, -2, 3, -23 ], [ 1, 3, 1, 1, 1, 1, 1, 3, 3, 1, 1, 1, 1, 1, 1, 6, 1, -13 ] ], 
              [ [ 1, 1, 1, 4, 4, 2, 2, 2, 1, 3, 4, 2, 3, 3, 2, 0, 3, -24 ], [ 1, 3, 3, 0, 0, 2, 2, 2, 3, 1, 0, 2, 1, 1, 2, 4, 1, -12 ] ], 
              [ [ 1, 2, 3, 4, 3, 2, 3, 2, 0, 4, 3, 3, 3, 2, 2, 0, 3, -24 ], [ 1, 2, 1, 0, 1, 2, 1, 2, 4, 0, 1, 1, 1, 2, 2, 4, 1, -12 ] ], 
              [ [ 1, 2, 2, 3, 4, 0, 2, 1, 2, 3, 2, 2, 3, 2, 3, 1, 1, -21 ], [ 1, 2, 2, 1, 0, 4, 2, 3, 2, 1, 2, 2, 1, 2, 1, 3, 3, -15 ] ], 
              [ [ 1, 1, 3, 3, 2, 2, 2, 2, 1, 3, 2, 2, 4, 1, 3, 1, 2, -20 ], [ 1, 3, 1, 1, 2, 2, 2, 2, 3, 1, 2, 2, 0, 3, 1, 3, 2, -16 ] ], 
              [ [ 1, 1, 3, 3, 4, 2, 2, 2, 0, 3, 2, 2, 2, 2, 1, 1, 1, -19 ], [ 1, 3, 1, 1, 0, 2, 2, 2, 4, 1, 2, 2, 2, 2, 3, 3, 3, -17 ] ], 
              [ [ 1, 1, 3, 3, 4, 1, 3, 0, 1, 2, 2, 2, 2, 3, 2, 0, 2, -19 ], [ 1, 3, 1, 1, 0, 3, 1, 4, 3, 2, 2, 2, 2, 1, 2, 4, 2, -17 ] ], 
              [ [ 1, 2, 2, 4, 3, 0, 3, 1, 2, 3, 2, 2, 2, 2, 3, 1, 1, -21 ], [ 1, 2, 2, 0, 1, 4, 1, 3, 2, 1, 2, 2, 2, 2, 1, 3, 3, -15 ] ], 
              [ [ 1, 2, 2, 3, 3, 2, 3, 2, 2, 3, 4, 1, 2, 2, 3, 0, 1, -22 ], [ 1, 2, 2, 1, 1, 2, 1, 2, 2, 1, 0, 3, 2, 2, 1, 4, 3, -14 ] ], 
              [ [ 1, 1, 1, 3, 4, 1, 3, 1, 2, 3, 3, 1, 3, 2, 3, 1, 2, -21 ], [ 1, 3, 3, 1, 0, 3, 1, 3, 2, 1, 1, 3, 1, 2, 1, 3, 2, -15 ] ], 
              [ [ 1, 1, 3, 3, 3, 3, 3, 1, 2, 3, 3, 1, 3, 2, 2, 0, 1, -20 ], [ 1, 3, 1, 1, 1, 1, 1, 3, 2, 1, 1, 3, 1, 2, 2, 4, 3, -16 ] ], 
              [ [ 1, 1, 1, 3, 6, 1, 3, 1, 1, 3, 3, 1, 1, 3, 1, 1, 1, -20 ], [ 1, 3, 3, 1, -2, 3, 1, 3, 3, 1, 1, 3, 3, 1, 3, 3, 3, -16 ] ], 
              [ [ 1, 0, 2, 3, 4, 3, 3, 2, 0, 3, 3, 1, 2, 2, 1, 1, 2, -19 ], [ 1, 4, 2, 1, 0, 1, 1, 2, 4, 1, 1, 3, 2, 2, 3, 3, 2, -17 ] ], 
              [ [ 1, 2, 3, 3, 4, 2, 3, 2, 0, 3, 4, 1, 2, 2, 1, 1, 2, -21 ], [ 1, 2, 1, 1, 0, 2, 1, 2, 4, 1, 0, 3, 2, 2, 3, 3, 2, -15 ] ], 
              [ [ 1, 0, 1, 2, 3, 2, 3, 2, 1, 3, 3, 3, 3, 3, 3, 0, 3, -22 ], [ 1, 4, 3, 2, 1, 2, 1, 2, 3, 1, 1, 1, 1, 1, 1, 4, 1, -14 ] ], 
              [ [ 1, 0, 1, 3, 3, 3, 2, 3, 1, 3, 4, 2, 3, 3, 1, 1, 2, -22 ], [ 1, 4, 3, 1, 1, 1, 2, 1, 3, 1, 0, 2, 1, 1, 3, 3, 2, -14 ] ], 
              [ [ 1, 2, 2, 3, 4, 2, 3, 2, 1, 2, 4, 2, 2, 3, 2, 0, 2, -23 ], [ 1, 2, 2, 1, 0, 2, 1, 2, 3, 2, 0, 2, 2, 1, 2, 4, 2, -13 ] ], 
              [ [ 1, -2, 1, 3, 3, 3, 3, 1, 1, 3, 3, 1, 3, 3, 1, 1, 3, -18 ], [ 1, 6, 3, 1, 1, 1, 1, 3, 3, 1, 1, 3, 1, 1, 3, 3, 1, -18 ] ], 
              [ [ 1, 0, 2, 3, 3, 2, 3, 1, 1, 3, 4, 1, 3, 3, 1, 1, 3, -20 ], [ 1, 4, 2, 1, 1, 2, 1, 3, 3, 1, 0, 3, 1, 1, 3, 3, 1, -16 ] ], 
              [ [ 1, 0, 1, 3, 3, 2, 3, 1, 2, 2, 4, 2, 3, 4, 2, 0, 3, -22 ], [ 1, 4, 3, 1, 1, 2, 1, 3, 2, 2, 0, 2, 1, 0, 2, 4, 1, -14 ] ], 
              [ [ 1, 1, 3, 2, 3, 2, 3, 1, 1, 3, 3, 3, 4, 3, 2, 0, 3, -22 ], [ 1, 3, 1, 2, 1, 2, 1, 3, 3, 1, 1, 1, 0, 1, 2, 4, 1, -14 ] ], 
              [ [ 1, 1, 3, 2, 3, 2, 3, 2, 0, 2, 3, 3, 4, 2, 3, 1, 2, -22 ], [ 1, 3, 1, 2, 1, 2, 1, 2, 4, 2, 1, 1, 0, 2, 1, 3, 2, -14 ] ], 
              [ [ 1, 2, 2, 3, 2, 1, 3, 2, 2, 4, 3, 3, 4, 2, 3, 1, 2, -24 ], [ 1, 2, 2, 1, 2, 3, 1, 2, 2, 0, 1, 1, 0, 2, 1, 3, 2, -12 ] ], 
              [ [ 1, 1, 1, 3, 3, 1, 3, 3, 0, 4, 3, 3, 3, 2, 2, 2, 3, -23 ], [ 1, 3, 3, 1, 1, 3, 1, 1, 4, 0, 1, 1, 1, 2, 2, 2, 1, -13 ] ], 
              [ [ 1, 1, 3, 3, 2, 3, 3, 3, 0, 4, 3, 3, 3, 2, 1, 1, 2, -22 ], [ 1, 3, 1, 1, 2, 1, 1, 1, 4, 0, 1, 1, 1, 2, 3, 3, 2, -14 ] ], 
              [ [ 1, 1, 3, 3, 2, 2, 4, 1, 1, 3, 3, 3, 3, 3, 2, 0, 3, -22 ], [ 1, 3, 1, 1, 2, 2, 0, 3, 3, 1, 1, 1, 1, 1, 2, 4, 1, -14 ] ], 
              [ [ 1, 1, 1, 4, 3, 1, 3, 2, 1, 3, 4, 2, 3, 3, 1, 2, 3, -23 ], [ 1, 3, 3, 0, 1, 3, 1, 2, 3, 1, 0, 2, 1, 1, 3, 2, 1, -13 ] ], 
              [ [ 1, 1, 3, 3, 2, 2, 4, 2, 0, 2, 3, 3, 3, 2, 3, 1, 2, -22 ], [ 1, 3, 1, 1, 2, 2, 0, 2, 4, 2, 1, 1, 1, 2, 1, 3, 2, -14 ] ], 
              [ [ 1, 1, 1, 3, 3, 3, 3, 3, 1, 3, 6, 1, 3, 3, 1, 1, 3, -24 ], [ 1, 3, 3, 1, 1, 1, 1, 1, 3, 1, -2, 3, 1, 1, 3, 3, 1, -12 ] ], 
              [ [ 1, 1, 3, 2, 4, 3, 4, 1, 1, 2, 4, 2, 3, 3, 2, 0, 1, -22 ], [ 1, 3, 1, 2, 0, 1, 0, 3, 3, 2, 0, 2, 1, 1, 2, 4, 3, -14 ] ], 
              [ [ 1, 1, 1, 3, 4, 2, 4, 2, 1, 4, 4, 2, 2, 3, 1, 1, 2, -23 ], [ 1, 3, 3, 1, 0, 2, 0, 2, 3, 0, 0, 2, 2, 1, 3, 3, 2, -13 ] ], 
              [ [ 1, 0, 1, 2, 3, 2, 3, 2, 2, 3, 3, 1, 3, 2, 2, 2, 1, -19 ], [ 1, 4, 3, 2, 1, 2, 1, 2, 2, 1, 1, 3, 1, 2, 2, 2, 3, -17 ] ], 
              [ [ 1, 2, 2, 2, 3, 1, 3, 2, 2, 3, 4, 1, 3, 2, 2, 2, 1, -21 ], [ 1, 2, 2, 2, 1, 3, 1, 2, 2, 1, 0, 3, 1, 2, 2, 2, 3, -15 ] ], 
              [ [ 1, 1, 3, 2, 3, 4, 3, 2, 1, 4, 3, 3, 4, 1, 2, 0, 2, -22 ], [ 1, 3, 1, 2, 1, 0, 1, 2, 3, 0, 1, 1, 0, 3, 2, 4, 2, -14 ] ], 
              [ [ 1, 1, 1, 3, 3, 3, 3, 3, 1, 6, 3, 3, 3, 1, 1, 1, 3, -23 ], [ 1, 3, 3, 1, 1, 1, 1, 1, 3, -2, 1, 1, 1, 3, 3, 3, 1, -13 ] ], 
              [ [ 1, 1, 1, 3, 3, 2, 4, 2, 1, 4, 3, 3, 3, 1, 3, 1, 3, -23 ], [ 1, 3, 3, 1, 1, 2, 0, 2, 3, 0, 1, 1, 1, 3, 1, 3, 1, -13 ] ], 
              [ [ 1, 1, 3, 3, 2, 4, 4, 2, 1, 4, 3, 3, 3, 1, 2, 0, 2, -22 ], [ 1, 3, 1, 1, 2, 0, 0, 2, 3, 0, 1, 1, 1, 3, 2, 4, 2, -14 ] ], 
              [ [ 1, 0, 1, 2, 2, 3, 4, 3, 1, 4, 3, 3, 3, 1, 2, 2, 2, -21 ], [ 1, 4, 3, 2, 2, 1, 0, 1, 3, 0, 1, 1, 1, 3, 2, 2, 2, -15 ] ], 
              [ [ 1, 1, 3, 2, 2, 3, 4, 2, 1, 4, 3, 3, 4, 1, 1, 2, 2, -21 ], [ 1, 3, 1, 2, 2, 1, 0, 2, 3, 0, 1, 1, 0, 3, 3, 2, 2, -15 ] ], 
              [ [ 1, 1, 3, 1, 3, 3, 6, 1, 1, 3, 3, 3, 3, 1, 3, 1, 1, -21 ], [ 1, 3, 1, 3, 1, 1, -2, 3, 3, 1, 1, 1, 1, 3, 1, 3, 3, -15 ] ], 
              [ [ 1, 2, 2, 4, 4, 1, 2, 2, 0, 4, 2, 2, 2, 1, 1, 1, 2, -20 ], [ 1, 2, 2, 0, 0, 3, 2, 2, 4, 0, 2, 2, 2, 3, 3, 3, 2, -16 ] ], 
              [ [ 1, 1, 0, 4, 3, 2, 2, 3, 1, 4, 4, 2, 3, 2, 1, 1, 3, -23 ], [ 1, 3, 4, 0, 1, 2, 2, 1, 3, 0, 0, 2, 1, 2, 3, 3, 1, -13 ] ], 
              [ [ 1, 1, 2, 3, 2, 3, 3, 3, 0, 3, 3, 3, 3, 1, 3, 0, 2, -22 ], [ 1, 3, 2, 1, 2, 1, 1, 1, 4, 1, 1, 1, 1, 3, 1, 4, 2, -14 ] ], 
              [ [ 1, 2, 2, 3, 3, 1, 3, 2, 0, 3, 3, 3, 4, 1, 3, 1, 3, -23 ], [ 1, 2, 2, 1, 1, 3, 1, 2, 4, 1, 1, 1, 0, 3, 1, 3, 1, -13 ] ], 
              [ [ 1, 2, 4, 3, 2, 3, 3, 2, 0, 3, 3, 3, 4, 1, 2, 0, 2, -22 ], [ 1, 2, 0, 1, 2, 1, 1, 2, 4, 1, 1, 1, 0, 3, 2, 4, 2, -14 ] ], 
              [ [ 1, 1, 3, 3, 3, 3, 3, 3, -2, 3, 3, 3, 3, 1, 1, 1, 3, -21 ], [ 1, 3, 1, 1, 1, 1, 1, 1, 6, 1, 1, 1, 1, 3, 3, 3, 1, -15 ] ], 
              [ [ 1, 1, 2, 3, 3, 1, 3, 2, 0, 2, 2, 2, 2, 1, 2, 2, 1, -18 ], [ 1, 3, 2, 1, 1, 3, 1, 2, 4, 2, 2, 2, 2, 3, 2, 2, 3, -18 ] ], 
              [ [ 1, 1, 2, 2, 2, 2, 3, 3, 0, 3, 3, 3, 4, 1, 2, 2, 2, -21 ], [ 1, 3, 2, 2, 2, 2, 1, 1, 4, 1, 1, 1, 0, 3, 2, 2, 2, -15 ] ], 
              [ [ 1, 1, 2, 2, 2, 3, 4, 2, 1, 3, 3, 3, 4, 0, 3, 1, 2, -21 ], [ 1, 3, 2, 2, 2, 1, 0, 2, 3, 1, 1, 1, 0, 4, 1, 3, 2, -15 ] ], 
              [ [ 1, 2, 3, 4, 2, 1, 1, 2, 2, 1, 1, 1, 2, 3, 2, 2, 2, -18 ], [ 1, 2, 1, 0, 2, 3, 3, 2, 2, 3, 3, 3, 2, 1, 2, 2, 2, -18 ] ], 
              [ [ 1, 1, 1, 4, 1, 2, 1, 3, 3, 1, 3, 1, 3, 4, 2, 2, 3, -21 ], [ 1, 3, 3, 0, 3, 2, 3, 1, 1, 3, 1, 3, 1, 0, 2, 2, 1, -15 ] ], 
              [ [ 1, 2, 3, 3, 1, 2, 1, 3, 2, 2, 2, 2, 4, 3, 2, 2, 3, -21 ], [ 1, 2, 1, 1, 3, 2, 3, 1, 2, 2, 2, 2, 0, 1, 2, 2, 1, -15 ] ], 
              [ [ 1, 2, 2, 3, 1, 0, 1, 2, 4, 1, 1, 1, 3, 3, 3, 3, 1, -18 ], [ 1, 2, 2, 1, 3, 4, 3, 2, 0, 3, 3, 3, 1, 1, 1, 1, 3, -18 ] ], 
              [ [ 1, 1, 1, 3, 3, 1, 2, 2, 3, 1, 2, 0, 1, 4, 1, 3, 1, -17 ], [ 1, 3, 3, 1, 1, 3, 2, 2, 1, 3, 2, 4, 3, 0, 3, 1, 3, -19 ] ], 
              [ [ 1, 1, 1, 3, 3, 1, 1, 1, 3, 1, 3, 1, 1, 6, 1, 1, 3, -19 ], [ 1, 3, 3, 1, 1, 3, 3, 3, 1, 3, 1, 3, 3, -2, 3, 3, 1, -17 ] ], 
              [ [ 1, 3, 2, 3, 2, 3, 1, 4, 2, 3, 3, 3, 3, 3, 1, 1, 4, -24 ], [ 1, 1, 2, 1, 2, 1, 3, 0, 2, 1, 1, 1, 1, 1, 3, 3, 0, -12 ] ], 
              [ [ 1, 2, 3, 3, 1, 3, 2, 2, 3, 2, 2, 2, 4, 2, 3, 1, 3, -21 ], [ 1, 2, 1, 1, 3, 1, 2, 2, 1, 2, 2, 2, 0, 2, 1, 3, 1, -15 ] ], 
              [ [ 1, 2, 3, 3, 3, 3, 2, 2, 2, 2, 2, 2, 2, 3, 1, 1, 2, -20 ], [ 1, 2, 1, 1, 1, 1, 2, 2, 2, 2, 2, 2, 2, 1, 3, 3, 2, -16 ] ], 
              [ [ 1, 1, 1, 3, 2, 2, 1, 3, 3, 3, 1, 1, 2, 2, 1, 3, 2, -17 ], [ 1, 3, 3, 1, 2, 2, 3, 1, 1, 1, 3, 3, 2, 2, 3, 1, 2, -19 ] ], 
              [ [ 1, 3, 1, 3, 2, 1, 1, 3, 4, 2, 2, 2, 2, 3, 2, 2, 2, -21 ], [ 1, 1, 3, 1, 2, 3, 3, 1, 0, 2, 2, 2, 2, 1, 2, 2, 2, -15 ] ], 
              [ [ 1, 4, 3, 2, 3, 2, 2, 3, 3, 2, 2, 2, 2, 2, 2, 2, 0, -21 ], [ 1, 0, 1, 2, 1, 2, 2, 1, 1, 2, 2, 2, 2, 2, 2, 2, 4, -15 ] ], 
              [ [ 1, 2, 3, 2, 3, 2, 3, 1, 3, 2, 1, 1, 2, 2, 2, 2, 1, -17 ], [ 1, 2, 1, 2, 1, 2, 1, 3, 1, 2, 3, 3, 2, 2, 2, 2, 3, -19 ] ], 
              [ [ 1, 2, 2, 2, 2, 2, 2, 2, 4, 2, 2, 2, 3, 3, 2, 2, 1, -20 ], [ 1, 2, 2, 2, 2, 2, 2, 2, 0, 2, 2, 2, 1, 1, 2, 2, 3, -16 ] ], 
              [ [ 1, 1, 1, 2, 1, 2, 2, 3, 3, 2, 2, 2, 4, 2, 3, 3, 3, -20 ], [ 1, 3, 3, 2, 3, 2, 2, 1, 1, 2, 2, 2, 0, 2, 1, 1, 1, -16 ] ], 
              [ [ 1, 1, 3, 2, 0, 4, 2, 3, 3, 2, 2, 2, 4, 2, 2, 2, 2, -19 ], [ 1, 3, 1, 2, 4, 0, 2, 1, 1, 2, 2, 2, 0, 2, 2, 2, 2, -17 ] ], 
              [ [ 1, 1, 1, 2, 3, 2, 2, 3, 2, 2, 2, 2, 2, 3, 1, 3, 2, -19 ], [ 1, 3, 3, 2, 1, 2, 2, 1, 2, 2, 2, 2, 2, 1, 3, 1, 2, -17 ] ], 
              [ [ 1, 2, 2, 2, 1, 3, 2, 4, 2, 1, 3, 3, 3, 3, 2, 2, 3, -22 ], [ 1, 2, 2, 2, 3, 1, 2, 0, 2, 3, 1, 1, 1, 1, 2, 2, 1, -14 ] ], 
              [ [ 1, 2, 2, 2, 2, 2, 3, 3, 2, 2, 1, 4, 2, 3, 2, 2, 2, -21 ], [ 1, 2, 2, 2, 2, 2, 1, 1, 2, 2, 3, 0, 2, 1, 2, 2, 2, -15 ] ], 
              [ [ 1, 1, 1, 2, 2, 3, 3, 2, 4, 2, 3, 1, 3, 3, 2, 2, 2, -20 ], [ 1, 3, 3, 2, 2, 1, 1, 2, 0, 2, 1, 3, 1, 1, 2, 2, 2, -16 ] ], 
              [ [ 1, 1, 1, 3, 2, 2, 0, 2, 3, 3, 2, 2, 2, 4, 1, 1, 4, -19 ], [ 1, 3, 3, 1, 2, 2, 4, 2, 1, 1, 2, 2, 2, 0, 3, 3, 0, -17 ] ], 
              [ [ 1, 1, 1, 2, 3, 2, 2, 1, 3, 2, 2, 2, 1, 4, 3, 0, 3, -19 ], [ 1, 3, 3, 2, 1, 2, 2, 3, 1, 2, 2, 2, 3, 0, 1, 4, 1, -17 ] ], 
              [ [ 1, 1, 1, 3, 3, 3, 1, 2, 3, 2, 3, 1, 1, 4, 1, 1, 2, -19 ], [ 1, 3, 3, 1, 1, 1, 3, 2, 1, 2, 1, 3, 3, 0, 3, 3, 2, -17 ] ], 
              [ [ 1, 2, 3, 2, 3, 3, 1, 2, 2, 3, 2, 2, 2, 3, 1, 1, 2, -19 ], [ 1, 2, 1, 2, 1, 1, 3, 2, 2, 1, 2, 2, 2, 1, 3, 3, 2, -17 ] ], 
              [ [ 1, 2, 3, 2, 3, 2, 2, 0, 3, 2, 2, 2, 2, 4, 2, 0, 3, -19 ], [ 1, 2, 1, 2, 1, 2, 2, 4, 1, 2, 2, 2, 2, 0, 2, 4, 1, -17 ] ], 
              [ [ 1, 2, 3, 2, 3, 2, 2, 1, 2, 1, 2, 2, 2, 3, 3, 1, 2, -19 ], [ 1, 2, 1, 2, 1, 2, 2, 3, 2, 3, 2, 2, 2, 1, 1, 3, 2, -17 ] ], 
              [ [ 1, 3, 2, 3, 2, 1, 2, 1, 4, 3, 2, 2, 2, 3, 3, 1, 2, -21 ], [ 1, 1, 2, 1, 2, 3, 2, 3, 0, 1, 2, 2, 2, 1, 1, 3, 2, -15 ] ], 
              [ [ 1, 2, 1, 3, 3, 1, 2, 2, 2, 3, 2, 2, 1, 3, 2, 2, 3, -20 ], [ 1, 2, 3, 1, 1, 3, 2, 2, 2, 1, 2, 2, 3, 1, 2, 2, 1, -16 ] ], 
              [ [ 1, 2, 3, 3, 2, 3, 2, 2, 2, 3, 2, 2, 1, 3, 1, 1, 2, -19 ], [ 1, 2, 1, 1, 2, 1, 2, 2, 2, 1, 2, 2, 3, 1, 3, 3, 2, -17 ] ], 
              [ [ 1, 2, 3, 2, 1, 3, 3, 2, 2, 2, 3, 3, 3, 3, 3, 1, 3, -22 ], [ 1, 2, 1, 2, 3, 1, 1, 2, 2, 2, 1, 1, 1, 1, 1, 3, 1, -14 ] ], 
              [ [ 1, 2, 2, 2, 3, 1, 1, 1, 4, 2, 1, 1, 1, 3, 2, 2, 0, -16 ], [ 1, 2, 2, 2, 1, 3, 3, 3, 0, 2, 3, 3, 3, 1, 2, 2, 4, -20 ] ], 
              [ [ 1, 1, 1, 2, 3, 2, 2, 1, 4, 2, 2, 0, 1, 3, 2, 2, 1, -16 ], [ 1, 3, 3, 2, 1, 2, 2, 3, 0, 2, 2, 4, 3, 1, 2, 2, 3, -20 ] ], 
              [ [ 1, 3, 2, 2, 3, 1, 2, 1, 4, 2, 3, 0, 1, 3, 2, 2, 1, -18 ], [ 1, 1, 2, 2, 1, 3, 2, 3, 0, 2, 1, 4, 3, 1, 2, 2, 3, -18 ] ], 
              [ [ 1, 1, 1, 1, 3, 1, 2, 1, 3, 2, 2, 2, 2, 4, 2, 2, 3, -18 ], [ 1, 3, 3, 3, 1, 3, 2, 3, 1, 2, 2, 2, 2, 0, 2, 2, 1, -18 ] ], 
              [ [ 1, 2, 2, 1, 2, 1, 2, 1, 4, 1, 2, 2, 3, 3, 4, 2, 1, -19 ], [ 1, 2, 2, 3, 2, 3, 2, 3, 0, 3, 2, 2, 1, 1, 0, 2, 3, -17 ] ], 
              [ [ 1, 1, 3, 1, 2, 3, 2, 1, 3, 2, 2, 2, 2, 4, 1, 1, 2, -17 ], [ 1, 3, 1, 3, 2, 1, 2, 3, 1, 2, 2, 2, 2, 0, 3, 3, 2, -19 ] ], 
              [ [ 1, 1, 1, 2, 3, 2, 1, 2, 3, 2, 3, 1, 2, 4, 0, 3, 2, -18 ], [ 1, 3, 3, 2, 1, 2, 3, 2, 1, 2, 1, 3, 2, 0, 4, 1, 2, -18 ] ], 
              [ [ 1, 1, 3, 1, 2, 3, 2, 2, 2, 1, 2, 2, 2, 3, 2, 2, 1, -17 ], [ 1, 3, 1, 3, 2, 1, 2, 2, 2, 3, 2, 2, 2, 1, 2, 2, 3, -19 ] ], 
              [ [ 1, 1, 3, 1, 2, 2, 3, 0, 3, 0, 2, 2, 2, 4, 3, 1, 2, -17 ], [ 1, 3, 1, 3, 2, 2, 1, 4, 1, 4, 2, 2, 2, 0, 1, 3, 2, -19 ] ], 
              [ [ 1, 2, 0, 2, 2, 0, 2, 2, 4, 3, 2, 2, 2, 3, 3, 3, 2, -20 ], [ 1, 2, 4, 2, 2, 4, 2, 2, 0, 1, 2, 2, 2, 1, 1, 1, 2, -16 ] ], 
              [ [ 1, 2, 2, 2, 1, 2, 2, 2, 4, 3, 2, 2, 2, 3, 2, 2, 1, -19 ], [ 1, 2, 2, 2, 3, 2, 2, 2, 0, 1, 2, 2, 2, 1, 2, 2, 3, -17 ] ], 
              [ [ 1, 1, 1, 2, 2, 2, 2, 3, 2, 3, 2, 2, 1, 3, 1, 3, 2, -18 ], [ 1, 3, 3, 2, 2, 2, 2, 1, 2, 1, 2, 2, 3, 1, 3, 1, 2, -18 ] ], 
              [ [ 1, 3, 1, 2, 2, 1, 2, 3, 3, 2, 3, 3, 1, 4, 2, 2, 2, -22 ], [ 1, 1, 3, 2, 2, 3, 2, 1, 1, 2, 1, 1, 3, 0, 2, 2, 2, -14 ] ], 
              [ [ 1, 1, 1, 2, 2, 1, 3, 1, 3, 2, 2, 2, 1, 4, 2, 2, 3, -18 ], [ 1, 3, 3, 2, 2, 3, 1, 3, 1, 2, 2, 2, 3, 0, 2, 2, 1, -18 ] ], 
              [ [ 1, 2, 2, 2, 1, 1, 3, 1, 4, 1, 2, 2, 2, 3, 4, 2, 1, -19 ], [ 1, 2, 2, 2, 3, 3, 1, 3, 0, 3, 2, 2, 2, 1, 0, 2, 3, -17 ] ], 
              [ [ 1, 1, 1, 3, 2, 2, 2, 2, 3, 2, 3, 1, 1, 4, 0, 3, 2, -18 ], [ 1, 3, 3, 1, 2, 2, 2, 2, 1, 2, 1, 3, 3, 0, 4, 1, 2, -18 ] ], 
              [ [ 1, 3, 4, 1, 1, 1, 3, 1, 3, 2, 1, 3, 3, 2, 4, 2, 1, -19 ], [ 1, 1, 0, 3, 3, 3, 1, 3, 1, 2, 3, 1, 1, 2, 0, 2, 3, -17 ] ], 
              [ [ 1, 2, 3, 2, 2, 2, 2, 2, 2, 3, 2, 2, 2, 3, 0, 3, 2, -18 ], [ 1, 2, 1, 2, 2, 2, 2, 2, 2, 1, 2, 2, 2, 1, 4, 1, 2, -18 ] ], 
              [ [ 1, 2, 2, 2, 2, 2, 2, 2, 3, 2, 2, 3, 2, 4, 1, 2, 2, -20 ], [ 1, 2, 2, 2, 2, 2, 2, 2, 1, 2, 2, 1, 2, 0, 3, 2, 2, -16 ] ], 
              [ [ 1, 2, 3, 2, 2, 1, 3, 1, 2, 1, 2, 2, 2, 3, 2, 3, 2, -18 ], [ 1, 2, 1, 2, 2, 3, 1, 3, 2, 3, 2, 2, 2, 1, 2, 1, 2, -18 ] ], 
              [ [ 1, 1, 1, 1, 4, 2, 3, 1, 3, 1, 3, 1, 1, 4, 2, 2, 1, -18 ], [ 1, 3, 3, 3, 0, 2, 1, 3, 1, 3, 1, 3, 3, 0, 2, 2, 3, -18 ] ], 
              [ [ 1, 2, 3, 1, 2, 3, 3, 2, 2, 1, 4, 1, 2, 3, 2, 2, 2, -19 ], [ 1, 2, 1, 3, 2, 1, 1, 2, 2, 3, 0, 3, 2, 1, 2, 2, 2, -17 ] ], 
              [ [ 1, 2, 3, 1, 3, 2, 4, 1, 2, 2, 2, 2, 1, 3, 2, 2, 1, -18 ], [ 1, 2, 1, 3, 1, 2, 0, 3, 2, 2, 2, 2, 3, 1, 2, 2, 3, -18 ] ], 
              [ [ 1, 1, 1, 1, 3, 3, 2, 2, 3, 3, 2, 2, 2, 2, 2, 2, 2, -18 ], [ 1, 3, 3, 3, 1, 1, 2, 2, 1, 1, 2, 2, 2, 2, 2, 2, 2, -18 ] ], 
              [ [ 1, 1, 1, 2, 2, 3, 3, 2, 3, 3, 2, 2, 1, 2, 2, 2, 2, -18 ], [ 1, 3, 3, 2, 2, 1, 1, 2, 1, 1, 2, 2, 3, 2, 2, 2, 2, -18 ] ], 
              [ [ 1, 2, 3, 1, 2, 3, 3, 2, 2, 4, 1, 3, 2, 1, 2, 2, 2, -18 ], [ 1, 2, 1, 3, 2, 1, 1, 2, 2, 0, 3, 1, 2, 3, 2, 2, 2, -18 ] ], 
              [ [ 1, 2, 2, 1, 2, 3, 3, 2, 3, 3, 1, 4, 2, 2, 3, 1, 2, -20 ], [ 1, 2, 2, 3, 2, 1, 1, 2, 1, 1, 3, 0, 2, 2, 1, 3, 2, -16 ] ], 
              [ [ 1, 4, 3, 1, 2, 2, 3, 2, 3, 3, 2, 4, 2, 2, 3, 1, 2, -22 ], [ 1, 0, 1, 3, 2, 2, 1, 2, 1, 1, 2, 0, 2, 2, 1, 3, 2, -14 ] ], 
              [ [ 1, 2, 3, 2, 2, 3, 3, 1, 3, 3, 2, 2, 2, 2, 1, 2, 2, -18 ], [ 1, 2, 1, 2, 2, 1, 1, 3, 1, 1, 2, 2, 2, 2, 3, 2, 2, -18 ] ], 
              [ [ 1, 1, 1, 1, 1, 4, 3, 3, 3, 4, 3, 3, 3, 2, 2, 2, 3, -21 ], [ 1, 3, 3, 3, 3, 0, 1, 1, 1, 0, 1, 1, 1, 2, 2, 2, 1, -15 ] ], 
              [ [ 1, 1, 1, 1, 2, 2, 3, 2, 3, 3, 2, 2, 2, 2, 1, 4, 2, -17 ], [ 1, 3, 3, 3, 2, 2, 1, 2, 1, 1, 2, 2, 2, 2, 3, 0, 2, -19 ] ], 
              [ [ 1, 2, 2, 4, 2, 2, 0, 3, 2, 2, 1, 1, 2, 2, 2, 1, 2, -18 ], [ 1, 2, 2, 0, 2, 2, 4, 1, 2, 2, 3, 3, 2, 2, 2, 3, 2, -18 ] ], 
              [ [ 1, 2, 2, 3, 1, 2, 1, 3, 2, 1, 2, 2, 4, 2, 4, 1, 3, -21 ], [ 1, 2, 2, 1, 3, 2, 3, 1, 2, 3, 2, 2, 0, 2, 0, 3, 1, -15 ] ], 
              [ [ 1, 2, 2, 3, 3, 2, 1, 3, 1, 1, 2, 2, 2, 3, 2, 1, 2, -20 ], [ 1, 2, 2, 1, 1, 2, 3, 1, 3, 3, 2, 2, 2, 1, 2, 3, 2, -16 ] ], 
              [ [ 1, 1, 1, 4, 2, 3, 0, 4, 1, 2, 3, 1, 3, 3, 0, 2, 4, -20 ], [ 1, 3, 3, 0, 2, 1, 4, 0, 3, 2, 1, 3, 1, 1, 4, 2, 0, -16 ] ], 
              [ [ 1, 1, 0, 4, 2, 1, 0, 3, 3, 1, 2, 0, 2, 3, 1, 3, 2, -17 ], [ 1, 3, 4, 0, 2, 3, 4, 1, 1, 3, 2, 4, 2, 1, 3, 1, 2, -19 ] ], 
              [ [ 1, 2, 2, 3, 2, 1, 0, 3, 2, 2, 1, 1, 3, 2, 1, 3, 2, -17 ], [ 1, 2, 2, 1, 2, 3, 4, 1, 2, 2, 3, 3, 1, 2, 3, 1, 2, -19 ] ], 
              [ [ 1, 2, 2, 3, 2, 0, 1, 2, 2, 0, 1, 1, 3, 2, 3, 3, 2, -17 ], [ 1, 2, 2, 1, 2, 4, 3, 2, 2, 4, 3, 3, 1, 2, 1, 1, 2, -19 ] ], 
              [ [ 1, 2, 4, 3, 1, 2, 1, 2, 2, 0, 1, 1, 3, 2, 2, 2, 1, -16 ], [ 1, 2, 0, 1, 3, 2, 3, 2, 2, 4, 3, 3, 1, 2, 2, 2, 3, -20 ] ], 
              [ [ 1, 2, 2, 4, 1, 1, 1, 3, 2, 2, 1, 1, 2, 2, 1, 3, 2, -17 ], [ 1, 2, 2, 0, 3, 3, 3, 1, 2, 2, 3, 3, 2, 2, 3, 1, 2, -19 ] ], 
              [ [ 1, 2, 2, 2, 3, 1, 2, 2, 2, 1, 1, 1, 2, 2, 3, 2, 1, -17 ], [ 1, 2, 2, 2, 1, 3, 2, 2, 2, 3, 3, 3, 2, 2, 1, 2, 3, -19 ] ], 
              [ [ 1, 2, 2, 3, 3, 2, 1, 3, 2, 1, 2, 0, 2, 2, 1, 3, 0, -17 ], [ 1, 2, 2, 1, 1, 2, 3, 1, 2, 3, 2, 4, 2, 2, 3, 1, 4, -19 ] ], 
              [ [ 1, 2, 2, 3, 3, 1, 2, 1, 3, 0, 2, 0, 2, 3, 2, 2, 1, -17 ], [ 1, 2, 2, 1, 1, 3, 2, 3, 1, 4, 2, 4, 2, 1, 2, 2, 3, -19 ] ], 
              [ [ 1, 2, 2, 3, 0, 1, 2, 3, 2, 1, 2, 2, 4, 2, 3, 3, 3, -20 ], [ 1, 2, 2, 1, 4, 3, 2, 1, 2, 3, 2, 2, 0, 2, 1, 1, 1, -16 ] ], 
              [ [ 1, 2, 2, 3, 2, 1, 2, 3, 1, 1, 2, 2, 2, 3, 1, 3, 2, -19 ], [ 1, 2, 2, 1, 2, 3, 2, 1, 3, 3, 2, 2, 2, 1, 3, 1, 2, -17 ] ], 
              [ [ 1, 2, 2, 4, 1, 1, 0, 2, 2, 2, 2, 2, 2, 4, 1, 1, 4, -19 ], [ 1, 2, 2, 0, 3, 3, 4, 2, 2, 2, 2, 2, 2, 0, 3, 3, 0, -17 ] ], 
              [ [ 1, 2, 2, 4, 1, 1, 0, 3, 1, 1, 2, 2, 2, 3, 2, 2, 3, -19 ], [ 1, 2, 2, 0, 3, 3, 4, 1, 3, 3, 2, 2, 2, 1, 2, 2, 1, -17 ] ], 
              [ [ 1, 1, 1, 3, 3, 1, 1, 1, 2, 1, 3, 0, 1, 4, 2, 1, 3, -17 ], [ 1, 3, 3, 1, 1, 3, 3, 3, 2, 3, 1, 4, 3, 0, 2, 3, 1, -19 ] ], 
              [ [ 1, 2, 2, 2, 3, 1, 1, 1, 2, 1, 2, 2, 2, 4, 3, 0, 3, -19 ], [ 1, 2, 2, 2, 1, 3, 3, 3, 2, 3, 2, 2, 2, 0, 1, 4, 1, -17 ] ], 
              [ [ 1, 2, 2, 3, 3, 2, 0, 2, 2, 1, 3, 1, 2, 4, 1, 1, 2, -19 ], [ 1, 2, 2, 1, 1, 2, 4, 2, 2, 3, 1, 3, 2, 0, 3, 3, 2, -17 ] ], 
              [ [ 1, 0, 2, 3, 3, 2, 1, 0, 2, 1, 2, 0, 2, 4, 1, 1, 3, -15 ], [ 1, 4, 2, 1, 1, 2, 3, 4, 2, 3, 2, 4, 2, 0, 3, 3, 1, -21 ] ], 
              [ [ 1, 3, 1, 3, 2, 0, 1, 2, 3, 2, 2, 2, 2, 3, 4, 1, 2, -21 ], [ 1, 1, 3, 1, 2, 4, 3, 2, 1, 2, 2, 2, 2, 1, 0, 3, 2, -15 ] ], 
              [ [ 1, 2, 0, 4, 3, 1, 0, 3, 2, 3, 3, 1, 1, 4, 0, 2, 3, -20 ], [ 1, 2, 4, 0, 1, 3, 4, 1, 2, 1, 1, 3, 3, 0, 4, 2, 1, -16 ] ], 
              [ [ 1, 2, 2, 3, 2, 2, 1, 3, 1, 2, 2, 2, 1, 3, 2, 1, 2, -19 ], [ 1, 2, 2, 1, 2, 2, 3, 1, 3, 2, 2, 2, 3, 1, 2, 3, 2, -17 ] ], 
              [ [ 1, 1, 1, 4, 2, 1, 1, 1, 3, 2, 2, 0, 2, 3, 2, 2, 2, -17 ], [ 1, 3, 3, 0, 2, 3, 3, 3, 1, 2, 2, 4, 2, 1, 2, 2, 2, -19 ] ], 
              [ [ 1, 2, 2, 3, 2, 1, 2, 1, 2, 1, 2, 2, 1, 4, 3, 0, 3, -19 ], [ 1, 2, 2, 1, 2, 3, 2, 3, 2, 3, 2, 2, 3, 0, 1, 4, 1, -17 ] ], 
              [ [ 1, 2, 0, 4, 3, 0, 1, 2, 2, 1, 3, 1, 1, 4, 2, 2, 3, -20 ], [ 1, 2, 4, 0, 1, 4, 3, 2, 2, 3, 1, 3, 3, 0, 2, 2, 1, -16 ] ], 
              [ [ 1, 2, 2, 4, 2, 2, 1, 2, 2, 1, 3, 1, 1, 4, 1, 1, 2, -19 ], [ 1, 2, 2, 0, 2, 2, 3, 2, 2, 3, 1, 3, 3, 0, 3, 3, 2, -17 ] ], 
              [ [ 1, 3, 2, 3, 3, 0, 1, 2, 1, 2, 2, 2, 2, 3, 2, 2, 3, -20 ], [ 1, 1, 2, 1, 1, 4, 3, 2, 3, 2, 2, 2, 2, 1, 2, 2, 1, -16 ] ], 
              [ [ 1, 3, 4, 3, 2, 2, 1, 2, 1, 2, 2, 2, 2, 3, 1, 1, 2, -19 ], [ 1, 1, 0, 1, 2, 2, 3, 2, 3, 2, 2, 2, 2, 1, 3, 3, 2, -17 ] ], 
              [ [ 1, 3, 4, 3, 2, 1, 2, 1, 1, 0, 2, 2, 2, 3, 3, 1, 2, -19 ], [ 1, 1, 0, 1, 2, 3, 2, 3, 3, 4, 2, 2, 2, 1, 1, 3, 2, -17 ] ], 
              [ [ 1, 3, 1, 3, 3, -2, 1, 1, 3, 1, 1, 1, 1, 3, 3, 3, 1, -17 ], [ 1, 1, 3, 1, 1, 6, 3, 3, 1, 3, 3, 3, 3, 1, 1, 1, 3, -19 ] ], 
              [ [ 1, 3, 3, 3, 2, 0, 1, 1, 3, 1, 1, 1, 1, 3, 2, 2, 0, -16 ], [ 1, 1, 1, 1, 2, 4, 3, 3, 1, 3, 3, 3, 3, 1, 2, 2, 4, -20 ] ], 
              [ [ 1, 2, 2, 3, 1, 0, 1, 2, 2, 1, 1, 1, 2, 2, 3, 3, 2, -16 ], [ 1, 2, 2, 1, 3, 4, 3, 2, 2, 3, 3, 3, 2, 2, 1, 1, 2, -20 ] ], 
              [ [ 1, 2, 2, 3, 3, 0, 1, 2, 1, 1, 1, 1, 0, 3, 1, 3, 1, -15 ], [ 1, 2, 2, 1, 1, 4, 3, 2, 3, 3, 3, 3, 4, 1, 3, 1, 3, -21 ] ], 
              [ [ 1, 3, 1, 2, 3, 0, 1, 2, 3, 1, 3, 0, 1, 3, 3, 2, 1, -18 ], [ 1, 1, 3, 2, 1, 4, 3, 2, 1, 3, 1, 4, 3, 1, 1, 2, 3, -18 ] ], 
              [ [ 1, 1, 1, 3, 3, 1, 1, 1, 3, 1, 3, -2, 1, 3, 1, 3, 1, -14 ], [ 1, 3, 3, 1, 1, 3, 3, 3, 1, 3, 1, 6, 3, 1, 3, 1, 3, -22 ] ], 
              [ [ 1, 2, 2, 2, 3, 1, 1, 1, 3, 1, 2, 0, 2, 3, 2, 2, 1, -16 ], [ 1, 2, 2, 2, 1, 3, 3, 3, 1, 3, 2, 4, 2, 1, 2, 2, 3, -20 ] ], 
              [ [ 1, 2, 2, 3, 2, 1, 2, 1, 3, 1, 2, 0, 1, 3, 2, 2, 1, -16 ], [ 1, 2, 2, 1, 2, 3, 2, 3, 1, 3, 2, 4, 3, 1, 2, 2, 3, -20 ] ], 
              [ [ 1, 1, 0, 3, 2, 1, 1, 3, 2, 1, 3, 1, 1, 4, 1, 3, 2, -18 ], [ 1, 3, 4, 1, 2, 3, 3, 1, 2, 3, 1, 3, 3, 0, 3, 1, 2, -18 ] ], 
              [ [ 1, 2, 2, 2, 2, 1, 1, 3, 1, 2, 2, 2, 2, 3, 1, 3, 2, -18 ], [ 1, 2, 2, 2, 2, 3, 3, 1, 3, 2, 2, 2, 2, 1, 3, 1, 2, -18 ] ], 
              [ [ 1, 1, 3, 2, 1, 1, 2, 1, 2, 1, 1, 1, 3, 2, 3, 3, 1, -15 ], [ 1, 3, 1, 2, 3, 3, 2, 3, 2, 3, 3, 3, 1, 2, 1, 1, 3, -21 ] ], 
              [ [ 1, 2, 2, 2, 2, 0, 2, 1, 2, 1, 2, 2, 2, 4, 2, 2, 3, -18 ], [ 1, 2, 2, 2, 2, 4, 2, 3, 2, 3, 2, 2, 2, 0, 2, 2, 1, -18 ] ], 
              [ [ 1, 3, 3, 2, 1, 0, 2, 1, 3, 0, 2, 2, 3, 3, 4, 2, 1, -19 ], [ 1, 1, 1, 2, 3, 4, 2, 3, 1, 4, 2, 2, 1, 1, 0, 2, 3, -17 ] ], 
              [ [ 1, 2, 2, 3, 2, 1, 1, 2, 2, 1, 3, 1, 2, 4, 0, 3, 2, -18 ], [ 1, 2, 2, 1, 2, 3, 3, 2, 2, 3, 1, 3, 2, 0, 4, 1, 2, -18 ] ], 
              [ [ 1, 2, 2, 2, 2, 0, 2, 2, 1, 0, 2, 2, 2, 3, 3, 3, 2, -18 ], [ 1, 2, 2, 2, 2, 4, 2, 2, 3, 4, 2, 2, 2, 1, 1, 1, 2, -18 ] ], 
              [ [ 1, 2, 4, 2, 1, 2, 2, 2, 1, 0, 2, 2, 2, 3, 2, 2, 1, -17 ], [ 1, 2, 0, 2, 3, 2, 2, 2, 3, 4, 2, 2, 2, 1, 2, 2, 3, -19 ] ], 
              [ [ 1, 2, 2, 2, 3, 1, 3, 1, 2, 0, 3, 1, 1, 4, 2, 2, 1, -18 ], [ 1, 2, 2, 2, 1, 3, 1, 3, 2, 4, 1, 3, 3, 0, 2, 2, 3, -18 ] ], 
              [ [ 1, 2, 2, 3, 2, 2, 1, 2, 3, 2, 1, 1, 3, 1, 2, 2, 2, -17 ], [ 1, 2, 2, 1, 2, 2, 3, 2, 1, 2, 3, 3, 1, 3, 2, 2, 2, -19 ] ], 
              [ [ 1, 2, 2, 3, 1, 2, 1, 4, 1, 3, 1, 3, 3, 1, 1, 3, 3, -19 ], [ 1, 2, 2, 1, 3, 2, 3, 0, 3, 1, 3, 1, 1, 3, 3, 1, 1, -17 ] ], 
              [ [ 1, 2, 1, 3, 1, 2, 1, 4, 2, 2, 1, 4, 3, 2, 2, 2, 3, -21 ], [ 1, 2, 3, 1, 3, 2, 3, 0, 2, 2, 3, 0, 1, 2, 2, 2, 1, -15 ] ], 
              [ [ 1, 2, 2, 2, 3, 2, 2, 2, 2, 1, 2, 2, 3, 2, 2, 2, 2, -19 ], [ 1, 2, 2, 2, 1, 2, 2, 2, 2, 3, 2, 2, 1, 2, 2, 2, 2, -17 ] ], 
              [ [ 1, 1, 3, 2, 1, 4, 2, 3, 1, 1, 2, 2, 4, 1, 2, 2, 3, -18 ], [ 1, 3, 1, 2, 3, 0, 2, 1, 3, 3, 2, 2, 0, 3, 2, 2, 1, -18 ] ], 
              [ [ 1, 3, 1, 3, 1, 3, 1, 6, 1, 3, 3, 3, 3, 1, 1, 3, 3, -23 ], [ 1, 1, 3, 1, 3, 1, 3, -2, 3, 1, 1, 1, 1, 3, 3, 1, 1, -13 ] ], 
              [ [ 1, 3, 3, 2, 1, 2, 3, 2, 3, 2, 1, 3, 3, 1, 4, 1, 1, -20 ], [ 1, 1, 1, 2, 3, 2, 1, 2, 1, 2, 3, 1, 1, 3, 0, 3, 3, -16 ] ], 
              [ [ 1, 2, 2, 3, 0, 3, 2, 3, 3, 3, 2, 2, 4, 1, 2, 2, 3, -20 ], [ 1, 2, 2, 1, 4, 1, 2, 1, 1, 1, 2, 2, 0, 3, 2, 2, 1, -16 ] ], 
              [ [ 1, 2, 0, 3, 3, 1, 2, 3, 2, 3, 2, 2, 2, 2, 1, 3, 3, -20 ], [ 1, 2, 4, 1, 1, 3, 2, 1, 2, 1, 2, 2, 2, 2, 3, 1, 1, -16 ] ], 
              [ [ 1, 3, 1, 3, 2, 1, 2, 3, 3, 2, 2, 2, 3, 1, 3, 3, 1, -21 ], [ 1, 1, 3, 1, 2, 3, 2, 1, 1, 2, 2, 2, 1, 3, 1, 1, 3, -15 ] ], 
              [ [ 1, 2, 2, 3, 2, 3, 2, 3, 2, 3, 2, 2, 2, 2, 0, 2, 2, -19 ], [ 1, 2, 2, 1, 2, 1, 2, 1, 2, 1, 2, 2, 2, 2, 4, 2, 2, -17 ] ], 
              [ [ 1, 2, 2, 2, 2, 2, 3, 3, 1, 2, 1, 3, 2, 1, 3, 2, 2, -19 ], [ 1, 2, 2, 2, 2, 2, 1, 1, 3, 2, 3, 1, 2, 3, 1, 2, 2, -17 ] ], 
              [ [ 1, 1, 1, 3, 1, 3, 2, 4, 1, 3, 2, 2, 3, 1, 1, 3, 4, -19 ], [ 1, 3, 3, 1, 3, 1, 2, 0, 3, 1, 2, 2, 1, 3, 3, 1, 0, -17 ] ], 
              [ [ 1, 2, 2, 3, 0, 3, 2, 4, 2, 2, 2, 2, 4, 0, 3, 3, 2, -20 ], [ 1, 2, 2, 1, 4, 1, 2, 0, 2, 2, 2, 2, 0, 4, 1, 1, 2, -16 ] ], 
              [ [ 1, 2, 2, 3, 2, 3, 2, 4, 1, 2, 2, 2, 2, 1, 1, 3, 1, -19 ], [ 1, 2, 2, 1, 2, 1, 2, 0, 3, 2, 2, 2, 2, 3, 3, 1, 3, -17 ] ], 
              [ [ 1, 3, 1, 3, 1, 2, 2, 4, 2, 2, 3, 3, 3, 2, 2, 2, 4, -23 ], [ 1, 1, 3, 1, 3, 2, 2, 0, 2, 2, 1, 1, 1, 2, 2, 2, 0, -13 ] ], 
              [ [ 1, 2, 2, 3, 2, 2, 3, 2, 2, 1, 2, 2, 2, 2, 2, 2, 2, -19 ], [ 1, 2, 2, 1, 2, 2, 1, 2, 2, 3, 2, 2, 2, 2, 2, 2, 2, -17 ] ], 
              [ [ 1, 3, 3, 2, 2, 3, 2, 4, 1, 2, 1, 4, 3, 1, 2, 2, 1, -21 ], [ 1, 1, 1, 2, 2, 1, 2, 0, 3, 2, 3, 0, 1, 3, 2, 2, 3, -15 ] ], 
              [ [ 1, 1, 3, 2, 2, 3, 3, 2, 1, 2, 0, 3, 3, 1, 2, 2, 2, -17 ], [ 1, 3, 1, 2, 2, 1, 1, 2, 3, 2, 4, 1, 1, 3, 2, 2, 2, -19 ] ], 
              [ [ 1, 3, 4, 2, 2, 2, 3, 2, 1, 2, 1, 3, 3, 1, 2, 2, 2, -19 ], [ 1, 1, 0, 2, 2, 2, 1, 2, 3, 2, 3, 1, 1, 3, 2, 2, 2, -17 ] ], 
              [ [ 1, 3, 3, 2, 2, 2, 3, 2, 2, 1, 1, 4, 3, 2, 3, 1, 2, -21 ], [ 1, 1, 1, 2, 2, 2, 1, 2, 2, 3, 3, 0, 1, 2, 1, 3, 2, -15 ] ], 
              [ [ 1, 4, 3, 2, 2, 3, 3, 4, 1, 2, 3, 3, 3, 1, 2, 2, 2, -23 ], [ 1, 0, 1, 2, 2, 1, 1, 0, 3, 2, 1, 1, 1, 3, 2, 2, 2, -13 ] ], 
              [ [ 1, 2, 2, 2, 1, 3, 3, 3, 2, 2, 3, 3, 4, 2, 2, 2, 3, -22 ], [ 1, 2, 2, 2, 3, 1, 1, 1, 2, 2, 1, 1, 0, 2, 2, 2, 1, -14 ] ], 
              [ [ 1, 2, 2, 2, 2, 2, 3, 3, 2, 2, 1, 1, 2, 0, 2, 4, 0, -16 ], [ 1, 2, 2, 2, 2, 2, 1, 1, 2, 2, 3, 3, 2, 4, 2, 0, 4, -20 ] ], 
              [ [ 1, 4, 2, 2, 2, 1, 3, 3, 3, 1, 2, 2, 2, 1, 3, 3, 0, -20 ], [ 1, 0, 2, 2, 2, 3, 1, 1, 1, 3, 2, 2, 2, 3, 1, 1, 4, -16 ] ], 
              [ [ 1, 2, 2, 3, 1, 2, 1, 2, 2, 3, 1, 3, 2, 2, 3, 0, 4, -19 ], [ 1, 2, 2, 1, 3, 2, 3, 2, 2, 1, 3, 1, 2, 2, 1, 4, 0, -17 ] ], 
              [ [ 1, 2, 0, 4, 2, 1, 0, 3, 2, 3, 2, 2, 2, 2, 2, 2, 4, -20 ], [ 1, 2, 4, 0, 2, 3, 4, 1, 2, 1, 2, 2, 2, 2, 2, 2, 0, -16 ] ], 
              [ [ 1, 2, 2, 4, 1, 3, 0, 3, 2, 3, 2, 2, 2, 2, 1, 1, 3, -19 ], [ 1, 2, 2, 0, 3, 1, 4, 1, 2, 1, 2, 2, 2, 2, 3, 3, 1, -17 ] ], 
              [ [ 1, 2, 2, 3, 3, 1, 1, 1, 2, 2, 0, 3, 2, 2, 3, 1, 2, -18 ], [ 1, 2, 2, 1, 1, 3, 3, 3, 2, 2, 4, 1, 2, 2, 1, 3, 2, -18 ] ], 
              [ [ 1, 3, 4, 3, 1, 2, 1, 2, 1, 2, 1, 3, 3, 1, 3, 1, 3, -19 ], [ 1, 1, 0, 1, 3, 2, 3, 2, 3, 2, 3, 1, 1, 3, 1, 3, 1, -17 ] ], 
              [ [ 1, 2, 2, 2, 3, 3, 1, 2, 2, 2, 2, 2, 2, 2, 3, 0, 2, -19 ], [ 1, 2, 2, 2, 1, 1, 3, 2, 2, 2, 2, 2, 2, 2, 1, 4, 2, -17 ] ], 
              [ [ 1, 2, 0, 3, 3, 2, 1, 3, 2, 4, 2, 2, 1, 2, 2, 1, 3, -20 ], [ 1, 2, 4, 1, 1, 2, 3, 1, 2, 0, 2, 2, 3, 2, 2, 3, 1, -16 ] ], 
              [ [ 1, 2, 0, 4, 3, 2, 1, 2, 3, 3, 3, 1, 1, 3, 1, 1, 3, -20 ], [ 1, 2, 4, 0, 1, 2, 3, 2, 1, 1, 1, 3, 3, 1, 3, 3, 1, -16 ] ], 
              [ [ 1, 2, 2, 3, 2, 3, 2, 2, 2, 2, 2, 2, 1, 2, 3, 0, 2, -19 ], [ 1, 2, 2, 1, 2, 1, 2, 2, 2, 2, 2, 2, 3, 2, 1, 4, 2, -17 ] ], 
              [ [ 1, 3, 2, 3, 3, 2, 1, 2, 2, 4, 2, 2, 2, 2, 1, 1, 3, -20 ], [ 1, 1, 2, 1, 1, 2, 3, 2, 2, 0, 2, 2, 2, 2, 3, 3, 1, -16 ] ], 
              [ [ 1, 3, 4, 2, 2, 3, 2, 2, 1, 3, 1, 3, 2, 1, 3, 0, 2, -19 ], [ 1, 1, 0, 2, 2, 1, 2, 2, 3, 1, 3, 1, 2, 3, 1, 4, 2, -17 ] ], 
              [ [ 1, 3, 2, 3, 3, 2, 1, 3, 1, 3, 2, 2, 2, 1, 2, 2, 2, -20 ], [ 1, 1, 2, 1, 1, 2, 3, 1, 3, 1, 2, 2, 2, 3, 2, 2, 2, -16 ] ], 
              [ [ 1, 1, 3, 2, 1, 3, 2, 1, 2, 3, 1, 3, 3, 2, 3, 0, 3, -18 ], [ 1, 3, 1, 2, 3, 1, 2, 3, 2, 1, 3, 1, 1, 2, 1, 4, 1, -18 ] ], 
              [ [ 1, 1, 1, 3, 2, 2, 1, 2, 2, 3, 2, 2, 3, 2, 2, 2, 3, -19 ], [ 1, 3, 3, 1, 2, 2, 3, 2, 2, 1, 2, 2, 1, 2, 2, 2, 1, -17 ] ], 
              [ [ 1, 3, 2, 3, 3, 1, 2, 1, 2, 2, 2, 2, 2, 2, 3, 1, 3, -20 ], [ 1, 1, 2, 1, 1, 3, 2, 3, 2, 2, 2, 2, 2, 2, 1, 3, 1, -16 ] ], 
              [ [ 1, 3, 4, 3, 2, 3, 2, 1, 2, 2, 2, 2, 2, 2, 2, 0, 2, -19 ], [ 1, 1, 0, 1, 2, 1, 2, 3, 2, 2, 2, 2, 2, 2, 2, 4, 2, -17 ] ], 
              [ [ 1, 2, 3, 3, 3, 3, 2, 2, 0, 2, 2, 2, 1, 2, 1, 1, 3, -18 ], [ 1, 2, 1, 1, 1, 1, 2, 2, 4, 2, 2, 2, 3, 2, 3, 3, 1, -18 ] ], 
              [ [ 1, 2, 2, 2, 2, 2, 2, 2, 1, 2, 2, 4, 2, 3, 3, 0, 4, -21 ], [ 1, 2, 2, 2, 2, 2, 2, 2, 3, 2, 2, 0, 2, 1, 1, 4, 0, -15 ] ], 
              [ [ 1, 1, 1, 3, 1, 3, 1, 3, 1, 3, 3, 3, 3, 3, 1, 1, 6, -21 ], [ 1, 3, 3, 1, 3, 1, 3, 1, 3, 1, 1, 1, 1, 1, 3, 3, -2, -15 ] ], 
              [ [ 1, 2, 2, 3, 0, 3, 1, 3, 2, 2, 3, 3, 4, 2, 3, 1, 4, -22 ], [ 1, 2, 2, 1, 4, 1, 3, 1, 2, 2, 1, 1, 0, 2, 1, 3, 0, -14 ] ], 
              [ [ 1, 2, 2, 3, 2, 3, 1, 3, 1, 2, 3, 3, 2, 3, 1, 1, 3, -21 ], [ 1, 2, 2, 1, 2, 1, 3, 1, 3, 2, 1, 1, 2, 1, 3, 3, 1, -15 ] ], 
              [ [ 1, 0, 2, 3, 2, 3, 2, 1, 1, 2, 2, 2, 2, 3, 1, 1, 4, -17 ], [ 1, 4, 2, 1, 2, 1, 2, 3, 3, 2, 2, 2, 2, 1, 3, 3, 0, -19 ] ], 
              [ [ 1, 1, 3, 2, 2, 3, 2, 1, 1, 2, 1, 4, 3, 3, 2, 0, 4, -19 ], [ 1, 3, 1, 2, 2, 1, 2, 3, 3, 2, 3, 0, 1, 1, 2, 4, 0, -17 ] ], 
              [ [ 1, 2, 2, 3, 1, 2, 2, 2, 2, 3, 1, 4, 3, 2, 3, 1, 3, -21 ], [ 1, 2, 2, 1, 3, 2, 2, 2, 2, 1, 3, 0, 1, 2, 1, 3, 1, -15 ] ], 
              [ [ 1, 2, 2, 2, 1, 4, 2, 3, 2, 3, 3, 3, 3, 2, 3, 0, 3, -22 ], [ 1, 2, 2, 2, 3, 0, 2, 1, 2, 1, 1, 1, 1, 2, 1, 4, 1, -14 ] ], 
              [ [ 1, 1, 1, 3, 2, 4, 2, 3, 1, 2, 4, 2, 2, 3, 1, 1, 4, -21 ], [ 1, 3, 3, 1, 2, 0, 2, 1, 3, 2, 0, 2, 2, 1, 3, 3, 0, -15 ] ], 
              [ [ 1, 2, 3, 2, 2, 4, 2, 3, 0, 3, 3, 3, 3, 2, 1, 1, 4, -21 ], [ 1, 2, 1, 2, 2, 0, 2, 1, 4, 1, 1, 1, 1, 2, 3, 3, 0, -15 ] ], 
              [ [ 1, 2, 2, 2, 4, 1, 1, 1, 2, 1, 1, 1, 1, 2, 2, 2, 1, -15 ], [ 1, 2, 2, 2, 0, 3, 3, 3, 2, 3, 3, 3, 3, 2, 2, 2, 3, -21 ] ], 
              [ [ 1, 3, 1, 3, 3, 0, 1, 1, 4, 3, 1, 1, 1, 2, 2, 2, 1, -17 ], [ 1, 1, 3, 1, 1, 4, 3, 3, 0, 1, 3, 3, 3, 2, 2, 2, 3, -19 ] ], 
              [ [ 1, 3, 3, 2, 2, 1, 2, 1, 3, 2, 0, 2, 1, 1, 4, 1, 0, -16 ], [ 1, 1, 1, 2, 2, 3, 2, 3, 1, 2, 4, 2, 3, 3, 0, 3, 4, -20 ] ], 
              [ [ 1, 2, 2, 3, 1, 2, 1, 2, 3, 3, 1, 1, 2, 1, 2, 2, 2, -16 ], [ 1, 2, 2, 1, 3, 2, 3, 2, 1, 1, 3, 3, 2, 3, 2, 2, 2, -20 ] ], 
              [ [ 1, 2, 0, 3, 4, 0, 1, 2, 2, 3, 1, 1, 0, 2, 1, 3, 2, -16 ], [ 1, 2, 4, 1, 0, 4, 3, 2, 2, 1, 3, 3, 4, 2, 3, 1, 2, -20 ] ], 
              [ [ 1, 3, 1, 3, 3, 0, 1, 2, 3, 2, 1, 1, 1, 1, 3, 3, 0, -17 ], [ 1, 1, 3, 1, 1, 4, 3, 2, 1, 2, 3, 3, 3, 3, 1, 1, 4, -19 ] ], 
              [ [ 1, 2, 2, 3, 3, 2, 1, 2, 2, 3, 1, 1, 0, 2, 0, 2, 1, -15 ], [ 1, 2, 2, 1, 1, 2, 3, 2, 2, 1, 3, 3, 4, 2, 4, 2, 3, -21 ] ], 
              [ [ 1, 1, 0, 3, 1, 2, 0, 4, 2, 3, 2, 2, 2, 2, 1, 3, 3, -18 ], [ 1, 3, 4, 1, 3, 2, 4, 0, 2, 1, 2, 2, 2, 2, 3, 1, 1, -18 ] ], 
              [ [ 1, 3, 1, 3, 2, 1, 1, 3, 2, 2, 2, 2, 1, 2, 2, 2, 3, -19 ], [ 1, 1, 3, 1, 2, 3, 3, 1, 2, 2, 2, 2, 3, 2, 2, 2, 1, -17 ] ], 
              [ [ 1, 2, 2, 3, 3, 1, 2, 1, 2, 1, 1, 1, 0, 2, 2, 2, 1, -15 ], [ 1, 2, 2, 1, 1, 3, 2, 3, 2, 3, 3, 3, 4, 2, 2, 2, 3, -21 ] ], 
              [ [ 1, 1, 0, 3, 1, 1, 1, 2, 3, 2, 2, 2, 2, 3, 2, 2, 4, -18 ], [ 1, 3, 4, 1, 3, 3, 3, 2, 1, 2, 2, 2, 2, 1, 2, 2, 0, -18 ] ], 
              [ [ 1, 3, 4, 2, 3, 1, 2, 1, 1, 2, 0, 2, 1, 1, 2, 2, 1, -15 ], [ 1, 1, 0, 2, 1, 3, 2, 3, 3, 2, 4, 2, 3, 3, 2, 2, 3, -21 ] ], 
              [ [ 1, 1, 2, 2, 2, 2, 1, 2, 2, 2, 0, 3, 2, 2, 2, 2, 1, -16 ], [ 1, 3, 2, 2, 2, 2, 3, 2, 2, 2, 4, 1, 2, 2, 2, 2, 3, -20 ] ], 
              [ [ 1, 3, 3, 2, 3, 1, 2, 1, 2, 1, 0, 3, 1, 2, 3, 1, 1, -17 ], [ 1, 1, 1, 2, 1, 3, 2, 3, 2, 3, 4, 1, 3, 2, 1, 3, 3, -19 ] ], 
              [ [ 1, 2, 2, 2, 1, 1, 1, 2, 2, 3, 1, 3, 3, 2, 2, 2, 4, -18 ], [ 1, 2, 2, 2, 3, 3, 3, 2, 2, 1, 3, 1, 1, 2, 2, 2, 0, -18 ] ], 
              [ [ 1, 3, 3, 2, 0, 1, 1, 2, 3, 2, 1, 3, 4, 1, 4, 2, 2, -19 ], [ 1, 1, 1, 2, 4, 3, 3, 2, 1, 2, 3, 1, 0, 3, 0, 2, 2, -17 ] ], 
              [ [ 1, 3, 3, 2, 2, 1, 1, 2, 2, 2, 1, 3, 2, 2, 2, 2, 1, -18 ], [ 1, 1, 1, 2, 2, 3, 3, 2, 2, 2, 3, 1, 2, 2, 2, 2, 3, -18 ] ], 
              [ [ 1, 2, 2, 3, 1, 2, 0, 3, 2, 3, 2, 2, 3, 2, 0, 3, 3, -18 ], [ 1, 2, 2, 1, 3, 2, 4, 1, 2, 1, 2, 2, 1, 2, 4, 1, 1, -18 ] ], 
              [ [ 1, 2, 2, 2, 1, 1, 1, 3, 1, 2, 1, 3, 3, 1, 3, 3, 3, -18 ], [ 1, 2, 2, 2, 3, 3, 3, 1, 3, 2, 3, 1, 1, 3, 1, 1, 1, -18 ] ], 
              [ [ 1, 2, 4, 2, 0, 3, 1, 3, 1, 2, 1, 3, 3, 1, 2, 2, 2, -17 ], [ 1, 2, 0, 2, 4, 1, 3, 1, 3, 2, 3, 1, 1, 3, 2, 2, 2, -19 ] ], 
              [ [ 1, 1, 3, 2, 2, 1, 2, 0, 2, 2, 0, 2, 2, 2, 2, 2, 2, -14 ], [ 1, 3, 1, 2, 2, 3, 2, 4, 2, 2, 4, 2, 2, 2, 2, 2, 2, -22 ] ], 
              [ [ 1, 1, 2, 2, 2, 1, 2, 0, 3, 1, 0, 3, 2, 3, 3, 1, 2, -16 ], [ 1, 3, 2, 2, 2, 3, 2, 4, 1, 3, 4, 1, 2, 1, 1, 3, 2, -20 ] ], 
              [ [ 1, 2, 4, 2, 0, 2, 2, 1, 2, 1, 1, 3, 3, 2, 3, 1, 3, -17 ], [ 1, 2, 0, 2, 4, 2, 2, 3, 2, 3, 3, 1, 1, 2, 1, 3, 1, -19 ] ], 
              [ [ 1, 2, 2, 3, 1, 1, 1, 2, 2, 1, 2, 2, 3, 2, 2, 3, 3, -18 ], [ 1, 2, 2, 1, 3, 3, 3, 2, 2, 3, 2, 2, 1, 2, 2, 1, 1, -18 ] ], 
              [ [ 1, 2, 2, 3, 2, 0, 2, 1, 2, 2, 0, 3, 2, 2, 2, 3, 2, -17 ], [ 1, 2, 2, 1, 2, 4, 2, 3, 2, 2, 4, 1, 2, 2, 2, 1, 2, -19 ] ], 
              [ [ 1, 1, 3, 1, 2, 3, 2, 1, 2, 2, 2, 1, 2, 2, 2, 1, 2, -15 ], [ 1, 3, 1, 3, 2, 1, 2, 3, 2, 2, 2, 3, 2, 2, 2, 3, 2, -21 ] ], 
              [ [ 1, 1, 1, 2, 3, 2, 1, 2, 2, 2, 3, 0, 2, 2, 1, 3, 2, -16 ], [ 1, 3, 3, 2, 1, 2, 3, 2, 2, 2, 1, 4, 2, 2, 3, 1, 2, -20 ] ], 
              [ [ 1, 1, 2, 1, 2, 3, 2, 1, 3, 1, 2, 2, 2, 3, 3, 0, 2, -17 ], [ 1, 3, 2, 3, 2, 1, 2, 3, 1, 3, 2, 2, 2, 1, 1, 4, 2, -19 ] ], 
              [ [ 1, 1, 0, 2, 3, 2, 1, 2, 3, 1, 3, 1, 2, 3, 2, 2, 2, -18 ], [ 1, 3, 4, 2, 1, 2, 3, 2, 1, 3, 1, 3, 2, 1, 2, 2, 2, -18 ] ], 
              [ [ 1, 2, 2, 2, 1, 3, 1, 3, 2, 1, 4, 1, 3, 2, 2, 2, 3, -19 ], [ 1, 2, 2, 2, 3, 1, 3, 1, 2, 3, 0, 3, 1, 2, 2, 2, 1, -17 ] ], 
              [ [ 1, 2, 2, 1, 3, 2, 1, 2, 2, 2, 2, 2, 3, 2, 2, 2, 2, -18 ], [ 1, 2, 2, 3, 1, 2, 3, 2, 2, 2, 2, 2, 1, 2, 2, 2, 2, -18 ] ], 
              [ [ 1, 1, 3, 1, 3, 3, 2, 1, 1, 1, 2, 2, 2, 3, 1, 1, 3, -16 ], [ 1, 3, 1, 3, 1, 1, 2, 3, 3, 3, 2, 2, 2, 1, 3, 3, 1, -20 ] ], 
              [ [ 1, 2, 4, 1, 2, 3, 2, 1, 2, 0, 2, 2, 3, 2, 3, 1, 1, -17 ], [ 1, 2, 0, 3, 2, 1, 2, 3, 2, 4, 2, 2, 1, 2, 1, 3, 3, -19 ] ], 
              [ [ 1, 2, 2, 2, 1, 2, 2, 2, 3, 3, 2, 1, 2, 1, 3, 2, 1, -17 ], [ 1, 2, 2, 2, 3, 2, 2, 2, 1, 1, 2, 3, 2, 3, 1, 2, 3, -19 ] ], 
              [ [ 1, 1, 0, 2, 2, 2, 2, 2, 3, 3, 2, 2, 1, 3, 2, 1, 3, -18 ], [ 1, 3, 4, 2, 2, 2, 2, 2, 1, 1, 2, 2, 3, 1, 2, 3, 1, -18 ] ], 
              [ [ 1, 2, 1, 2, 1, 2, 2, 2, 4, 2, 2, 2, 2, 2, 4, 1, 1, -19 ], [ 1, 2, 3, 2, 3, 2, 2, 2, 0, 2, 2, 2, 2, 2, 0, 3, 3, -17 ] ], 
              [ [ 1, 1, -2, 3, 3, 1, 1, 3, 3, 3, 3, 1, 1, 3, 1, 3, 3, -19 ], [ 1, 3, 6, 1, 1, 3, 3, 1, 1, 1, 1, 3, 3, 1, 3, 1, 1, -17 ] ], 
              [ [ 1, 1, 0, 3, 2, 3, 1, 3, 3, 3, 3, 1, 1, 3, 0, 2, 2, -18 ], [ 1, 3, 4, 1, 2, 1, 3, 1, 1, 1, 1, 3, 3, 1, 4, 2, 2, -18 ] ], 
              [ [ 1, 1, 0, 2, 2, 2, 2, 3, 2, 2, 2, 2, 1, 2, 3, 2, 2, -18 ], [ 1, 3, 4, 2, 2, 2, 2, 1, 2, 2, 2, 2, 3, 2, 1, 2, 2, -18 ] ], 
              [ [ 1, 3, 1, 2, 2, 1, 2, 3, 2, 2, 3, 2, 1, 2, 3, 2, 2, -20 ], [ 1, 1, 3, 2, 2, 3, 2, 1, 2, 2, 1, 2, 3, 2, 1, 2, 2, -16 ] ], 
              [ [ 1, 2, 0, 3, 1, 2, 1, 4, 2, 3, 4, 1, 2, 2, 1, 3, 4, -20 ], [ 1, 2, 4, 1, 3, 2, 3, 0, 2, 1, 0, 3, 2, 2, 3, 1, 0, -16 ] ], 
              [ [ 1, 1, 1, 3, 2, 2, 2, 2, 2, 2, 3, 0, 1, 2, 1, 3, 2, -16 ], [ 1, 3, 3, 1, 2, 2, 2, 2, 2, 2, 1, 4, 3, 2, 3, 1, 2, -20 ] ], 
              [ [ 1, 1, 0, 3, 2, 2, 2, 2, 3, 1, 3, 1, 1, 3, 2, 2, 2, -18 ], [ 1, 3, 4, 1, 2, 2, 2, 2, 1, 3, 1, 3, 3, 1, 2, 2, 2, -18 ] ], 
              [ [ 1, 3, 3, 1, 1, 2, 2, 2, 3, 3, 1, 3, 3, 1, 4, 1, 1, -19 ], [ 1, 1, 1, 3, 3, 2, 2, 2, 1, 1, 3, 1, 1, 3, 0, 3, 3, -17 ] ], 
              [ [ 1, 2, 0, 2, 3, 1, 1, 3, 2, 4, 2, 2, 2, 2, 1, 3, 3, -19 ], [ 1, 2, 4, 2, 1, 3, 3, 1, 2, 0, 2, 2, 2, 2, 3, 1, 1, -17 ] ], 
              [ [ 1, 3, 1, 2, 2, 1, 1, 3, 3, 3, 2, 2, 3, 1, 3, 3, 1, -20 ], [ 1, 1, 3, 2, 2, 3, 3, 1, 1, 1, 2, 2, 1, 3, 1, 1, 3, -16 ] ], 
              [ [ 1, 2, 2, 2, 2, 3, 1, 3, 2, 4, 2, 2, 2, 2, 0, 2, 2, -18 ], [ 1, 2, 2, 2, 2, 1, 3, 1, 2, 0, 2, 2, 2, 2, 4, 2, 2, -18 ] ], 
              [ [ 1, 2, 2, 1, 2, 2, 2, 3, 1, 3, 1, 3, 2, 1, 3, 2, 2, -18 ], [ 1, 2, 2, 3, 2, 2, 2, 1, 3, 1, 3, 1, 2, 3, 1, 2, 2, -18 ] ], 
              [ [ 1, 2, 2, 2, 2, 3, 1, 4, 1, 3, 2, 2, 2, 1, 1, 3, 1, -18 ], [ 1, 2, 2, 2, 2, 1, 3, 0, 3, 1, 2, 2, 2, 3, 3, 1, 3, -18 ] ], 
              [ [ 1, 4, 3, 2, 3, 2, 2, 3, 1, 2, 2, 2, 1, 1, 2, 2, 1, -19 ], [ 1, 0, 1, 2, 1, 2, 2, 1, 3, 2, 2, 2, 3, 3, 2, 2, 3, -17 ] ], 
              [ [ 1, 4, 2, 1, 2, 1, 2, 3, 2, 2, 2, 4, 2, 2, 4, 1, 2, -22 ], [ 1, 0, 2, 3, 2, 3, 2, 1, 2, 2, 2, 0, 2, 2, 0, 3, 2, -14 ] ], 
              [ [ 1, 3, 1, 2, 1, 2, 1, 4, 2, 3, 3, 3, 3, 2, 2, 2, 4, -22 ], [ 1, 1, 3, 2, 3, 2, 3, 0, 2, 1, 1, 1, 1, 2, 2, 2, 0, -14 ] ], 
              [ [ 1, 3, 1, 2, 3, 2, 1, 4, 1, 3, 3, 3, 1, 3, 0, 2, 3, -21 ], [ 1, 1, 3, 2, 1, 2, 3, 0, 3, 1, 1, 1, 3, 1, 4, 2, 1, -15 ] ], 
              [ [ 1, 4, 2, 2, 2, 2, 1, 4, 2, 2, 3, 3, 2, 2, 2, 2, 1, -22 ], [ 1, 0, 2, 2, 2, 2, 3, 0, 2, 2, 1, 1, 2, 2, 2, 2, 3, -14 ] ], 
              [ [ 1, 1, 1, 2, 2, 1, 2, 1, 3, 3, 1, 1, 3, 1, 3, 3, 2, -16 ], [ 1, 3, 3, 2, 2, 3, 2, 3, 1, 1, 3, 3, 1, 3, 1, 1, 2, -20 ] ], 
              [ [ 1, 1, 3, 2, 1, 3, 2, 1, 3, 3, 1, 1, 3, 1, 2, 2, 1, -15 ], [ 1, 3, 1, 2, 3, 1, 2, 3, 1, 1, 3, 3, 1, 3, 2, 2, 3, -21 ] ], 
              [ [ 1, 1, 1, 2, 4, 1, 2, 1, 2, 3, 1, 1, 1, 2, 1, 3, 1, -15 ], [ 1, 3, 3, 2, 0, 3, 2, 3, 2, 1, 3, 3, 3, 2, 3, 1, 3, -21 ] ], 
              [ [ 1, 0, 2, 2, 2, 3, 2, 2, 1, 3, 1, 1, 2, 1, 1, 3, 2, -14 ], [ 1, 4, 2, 2, 2, 1, 2, 2, 3, 1, 3, 3, 2, 3, 3, 1, 2, -22 ] ], 
              [ [ 1, 2, 3, 2, 2, 2, 2, 2, 1, 3, 2, 1, 2, 1, 1, 3, 2, -16 ], [ 1, 2, 1, 2, 2, 2, 2, 2, 3, 1, 2, 3, 2, 3, 3, 1, 2, -20 ] ], 
              [ [ 1, 1, 0, 2, 4, 1, 2, 1, 3, 2, 1, 2, 1, 3, 2, 2, 1, -17 ], [ 1, 3, 4, 2, 0, 3, 2, 3, 1, 2, 3, 2, 3, 1, 2, 2, 3, -19 ] ], 
              [ [ 1, 0, 1, 2, 2, 3, 2, 2, 2, 2, 1, 2, 2, 2, 2, 2, 2, -16 ], [ 1, 4, 3, 2, 2, 1, 2, 2, 2, 2, 3, 2, 2, 2, 2, 2, 2, -20 ] ], 
              [ [ 1, 3, 1, 2, 2, 0, 2, 1, 4, 2, 2, 2, 3, 2, 4, 2, 2, -20 ], [ 1, 1, 3, 2, 2, 4, 2, 3, 0, 2, 2, 2, 1, 2, 0, 2, 2, -16 ] ], 
              [ [ 1, 2, 2, 2, 2, 2, 2, 1, 3, 3, 2, 2, 2, 3, 1, 1, 3, -18 ], [ 1, 2, 2, 2, 2, 2, 2, 3, 1, 1, 2, 2, 2, 1, 3, 3, 1, -18 ] ], 
              [ [ 1, 2, 2, 1, 2, 1, 3, 1, 2, 2, 1, 3, 2, 2, 4, 1, 3, -18 ], [ 1, 2, 2, 3, 2, 3, 1, 3, 2, 2, 3, 1, 2, 2, 0, 3, 1, -18 ] ], 
              [ [ 1, 3, 3, 2, 1, 2, 2, 1, 4, 2, 2, 2, 3, 2, 3, 1, 1, -19 ], [ 1, 1, 1, 2, 3, 2, 2, 3, 0, 2, 2, 2, 1, 2, 1, 3, 3, -17 ] ], 
              [ [ 1, 3, 3, 1, 1, 1, 3, 1, 3, 1, 1, 3, 3, 1, 6, 1, 1, -19 ], [ 1, 1, 1, 3, 3, 3, 1, 3, 1, 3, 3, 1, 1, 3, -2, 3, 3, -17 ] ], 
              [ [ 1, 2, 2, 2, 0, 2, 2, 2, 3, 2, 2, 2, 4, 1, 4, 2, 3, -19 ], [ 1, 2, 2, 2, 4, 2, 2, 2, 1, 2, 2, 2, 0, 3, 0, 2, 1, -17 ] ], 
              [ [ 1, 2, 4, 1, 1, 3, 3, 1, 2, 2, 1, 3, 2, 2, 3, 0, 2, -17 ], [ 1, 2, 0, 3, 3, 1, 1, 3, 2, 2, 3, 1, 2, 2, 1, 4, 2, -19 ] ], 
              [ [ 1, 3, 1, 2, 4, 0, 2, 1, 3, 2, 2, 2, 1, 3, 2, 2, 1, -19 ], [ 1, 1, 3, 2, 0, 4, 2, 3, 1, 2, 2, 2, 3, 1, 2, 2, 3, -17 ] ], 
              [ [ 1, 2, 0, 3, 3, 1, 1, 2, 3, 3, 3, 1, 2, 3, 0, 3, 3, -19 ], [ 1, 2, 4, 1, 1, 3, 3, 2, 1, 1, 1, 3, 2, 1, 4, 1, 1, -17 ] ], 
              [ [ 1, 2, 0, 2, 3, 0, 2, 2, 2, 2, 2, 2, 2, 2, 3, 3, 3, -19 ], [ 1, 2, 4, 2, 1, 4, 2, 2, 2, 2, 2, 2, 2, 2, 1, 1, 1, -17 ] ], 
              [ [ 1, 1, 1, 2, 3, 2, 2, 2, 1, 3, 2, 2, 1, 3, 0, 2, 4, -17 ], [ 1, 3, 3, 2, 1, 2, 2, 2, 3, 1, 2, 2, 3, 1, 4, 2, 0, -19 ] ], 
              [ [ 1, 3, 3, 1, 3, 1, 3, 1, 2, 1, 1, 3, 1, 2, 4, 1, 0, -18 ], [ 1, 1, 1, 3, 1, 3, 1, 3, 2, 3, 3, 1, 3, 2, 0, 3, 4, -18 ] ] ],
          slins := [  ] ), 
      [ [ [ -61682110, -69483622, -24208310, -125638330, -99115738, -16525910, -63606502, -115760962, -45760406, -57928194, -115991586, -117343562, 
                  -90129094, -95910770, -92268374, -6489466, -14919446, -131324592 ], 
              [ -69483622, -78272098, -27270255, -141529419, -111652179, -18616165, -71651621, -130402721, -51548311, -65255115, -130662523, -132185501, 
                  -101528861, -108041831, -103938747, -7310293, -16806505, -147934884 ], [ -24208310, -27270255, -9501054, -49309323, -38899995, -6485931, 
                  -24963663, -45432747, -17959609, -22735099, -45523263, -46053873, -35372991, -37642131, -36212607, -2546931, -5855445, -51541008 ], 
              [ -125638330, -141529419, -49309323, -255909554, -201886363, -33661227, -129558463, -235790571, -93208227, -117992479, -236260339, 
                  -239014145, -183581653, -195358223, -187939147, -13218269, -30389057, -267491736 ], 
              [ -99115738, -111652179, -38899995, -201886363, -159267614, -26555251, -102208325, -186014553, -73531723, -93083951, -186385151, -188557621, 
                  -144827075, -154117579, -148264691, -10427857, -23973847, -211023516 ], 
              [ -16525910, -18616165, -6485931, -33661227, -26555251, -4427654, -17041555, -31014861, -12260201, -15520217, -31076653, -31438877, 
                  -24147531, -25696571, -24720697, -1738675, -3997243, -35184696 ], [ -63606502, -71651621, -24963663, -129558463, -102208325, -17041555, 
                  -65591126, -119372895, -47188213, -59735653, -119610721, -121004881, -92941263, -98903347, -95147315, -6691967, -15384965, -135422136 ], 
              [ -115760962, -130402721, -45432747, -235790571, -186014553, -31014861, -119372895, -217253298, -85880427, -108716199, -217686131, 
                  -220223439, -169148913, -179999637, -173163831, -12179079, -27999945, -246462192 ], 
              [ -45760406, -51548311, -17959609, -93208227, -73531723, -12260201, -47188213, -85880427, -33948614, -42975611, -86051527, -87054527, 
                  -66864717, -71154017, -68451819, -4814401, -11068405, -97426728 ], [ -57928194, -65255115, -22735099, -117992479, -93083951, -15520217, 
                  -59735653, -108716199, -42975611, -54402914, -108932795, -110202495, -84644181, -90074017, -86653295, -6094561, -14011513, -123332688 ], 
              [ -115991586, -130662523, -45523263, -236260339, -186385151, -31076653, -119610721, -217686131, -86051527, -108932795, -218119830, 
                  -220662193, -169485909, -180358251, -173508827, -12203345, -28055729, -246953220 ], 
              [ -117343562, -132185501, -46053873, -239014145, -188557621, -31438877, -121004881, -220223439, -87054527, -110202495, -220662193, 
                  -223234190, -171461405, -182460473, -175531213, -12345585, -28382741, -249831660 ], 
              [ -90129094, -101528861, -35372991, -183581653, -144827075, -24147531, -92941263, -169148913, -66864717, -84644181, -169485909, -171461405, 
                  -131695842, -140143991, -134821771, -9482379, -21800175, -191890356 ], 
              [ -95910770, -108041831, -37642131, -195358223, -154117579, -25696571, -98903347, -179999637, -71154017, -90074017, -180358251, -182460473, 
                  -140143991, -149134082, -143470447, -10090665, -23198633, -204199920 ], 
              [ -92268374, -103938747, -36212607, -187939147, -148264691, -24720697, -95147315, -173163831, -68451819, -86653295, -173508827, -175531213, 
                  -134821771, -143470447, -138021902, -9707455, -22317625, -196445064 ], [ -6489466, -7310293, -2546931, -13218269, -10427857, -1738675, 
                  -6691967, -12179079, -4814401, -6094561, -12203345, -12345585, -9482379, -10090665, -9707455, -682754, -1569659, -13816512 ], 
              [ -14919446, -16806505, -5855445, -30389057, -23973847, -3997243, -15384965, -27999945, -11068405, -14011513, -28055729, -28382741, 
                  -21800175, -23198633, -22317625, -1569659, -3608678, -31764432 ], 
              [ -131324592, -147934884, -51541008, -267491736, -211023516, -35184696, -135422136, -246462192, -97426728, -123332688, -246953220, 
                  -249831660, -191890356, -204199920, -196445064, -13816512, -31764432, -279598116 ] ], 
          [ 1, 2, 2, 2, 2, 2, 2, 2, 2, 2, 2, 2, 2, 2, 2, 2, 2, -18 ] ] ], [ rec(
          nopss := [ 0, 705 ],
          scons := [ [ [ 1, 2, 2, 2, 1, 2, 1, 1, 2, 3, 1, 2, 2, 2, 2, 1, 3, -17 ], [ 1, 2, 2, 2, 3, 2, 3, 3, 2, 1, 3, 2, 2, 2, 2, 3, 1, -21 ] ], 
              [ [ 1, 1, 3, 3, 1, 3, 2, 2, 1, 1, 1, 3, 2, 1, 1, 1, 2, -17 ], [ 1, 3, 1, 1, 3, 1, 2, 2, 3, 3, 3, 1, 2, 3, 3, 3, 2, -21 ] ], 
              [ [ 1, 3, 3, 4, 1, 1, 0, 2, 2, 2, 1, 1, 2, 2, 2, 2, 3, -17 ], [ 1, 1, 1, 0, 3, 3, 4, 2, 2, 2, 3, 3, 2, 2, 2, 2, 1, -21 ] ], 
              [ [ 1, 3, 2, 3, 2, 1, 1, 2, 2, 2, 1, 2, 2, 1, 2, 1, 3, -17 ], [ 1, 1, 2, 1, 2, 3, 3, 2, 2, 2, 3, 2, 2, 3, 2, 3, 1, -21 ] ], 
              [ [ 1, 3, 3, 2, 0, 2, 1, 2, 3, 1, 1, 1, 1, 2, 1, 1, 3, -15 ], [ 1, 1, 1, 2, 4, 2, 3, 2, 1, 3, 3, 3, 3, 2, 3, 3, 1, -23 ] ], 
              [ [ 1, 3, 3, 2, 0, 3, 1, 3, 2, 2, 2, 2, 1, 2, 2, 1, 4, -19 ], [ 1, 1, 1, 2, 4, 1, 3, 1, 2, 2, 2, 2, 3, 2, 2, 3, 0, -19 ] ], 
              [ [ 1, 3, 2, 2, 1, 1, 1, 2, 2, 2, 1, 1, 2, 2, 1, 0, 4, -15 ], [ 1, 1, 2, 2, 3, 3, 3, 2, 2, 2, 3, 3, 2, 2, 3, 4, 0, -23 ] ], 
              [ [ 1, 3, 2, 2, 1, 2, 1, 2, 3, 1, 2, 1, 2, 1, 2, 0, 3, -15 ], [ 1, 1, 2, 2, 3, 2, 3, 2, 1, 3, 2, 3, 2, 3, 2, 4, 1, -23 ] ], 
              [ [ 1, 2, 3, 1, 1, 3, 1, 2, 2, 2, 1, 3, 3, 2, 1, 1, 3, -18 ], [ 1, 2, 1, 3, 3, 1, 3, 2, 2, 2, 3, 1, 1, 2, 3, 3, 1, -20 ] ], 
              [ [ 1, 4, 3, 2, 2, 2, 1, 2, 3, 3, 1, 2, 2, 2, 2, 1, 3, -20 ], [ 1, 0, 1, 2, 2, 2, 3, 2, 1, 1, 3, 2, 2, 2, 2, 3, 1, -18 ] ], 
              [ [ 1, 4, 4, 0, 0, 2, 1, 1, 3, 3, 0, 2, 1, 3, 1, 1, 4, -18 ], [ 1, 0, 0, 4, 4, 2, 3, 3, 1, 1, 4, 2, 3, 1, 3, 3, 0, -20 ] ], 
              [ [ 1, 3, 3, 1, 1, 3, 2, 2, 2, 2, 2, 3, 2, 3, 0, 1, 2, -19 ], [ 1, 1, 1, 3, 3, 1, 2, 2, 2, 2, 2, 1, 2, 1, 4, 3, 2, -19 ] ], 
              [ [ 1, 4, 3, 1, 2, 1, 1, 2, 2, 2, 1, 2, 2, 2, 0, 1, 3, -17 ], [ 1, 0, 1, 3, 2, 3, 3, 2, 2, 2, 3, 2, 2, 2, 4, 3, 1, -21 ] ], 
              [ [ 1, 1, 2, 3, 2, 1, 2, 0, 2, 2, 1, 2, 1, 1, 3, 2, 3, -18 ], [ 1, 3, 2, 1, 2, 3, 2, 4, 2, 2, 3, 2, 3, 3, 1, 2, 1, -20 ] ], 
              [ [ 1, 1, 1, 3, 2, 1, 1, 1, 3, 1, 2, 1, 2, 1, 3, 2, 3, -16 ], [ 1, 3, 3, 1, 2, 3, 3, 3, 1, 3, 2, 3, 2, 3, 1, 2, 1, -22 ] ], 
              [ [ 1, 2, 2, 3, 1, 2, 2, 1, 3, 1, 3, 0, 2, 1, 3, 2, 2, -17 ], [ 1, 2, 2, 1, 3, 2, 2, 3, 1, 3, 1, 4, 2, 3, 1, 2, 2, -21 ] ], 
              [ [ 1, 1, 2, 3, 2, 2, 2, 2, 1, 1, 3, 2, 1, 1, 2, 2, 3, -19 ], [ 1, 3, 2, 1, 2, 2, 2, 2, 3, 3, 1, 2, 3, 3, 2, 2, 1, -19 ] ], 
              [ [ 1, 1, 3, 3, 1, 3, 2, 2, 1, 1, 3, 1, 2, 0, 3, 2, 3, -19 ], [ 1, 3, 1, 1, 3, 1, 2, 2, 3, 3, 1, 3, 2, 4, 1, 2, 1, -19 ] ], 
              [ [ 1, 1, 2, 3, 2, 2, 1, 1, 2, 0, 2, 2, 2, 1, 2, 1, 3, -16 ], [ 1, 3, 2, 1, 2, 2, 3, 3, 2, 4, 2, 2, 2, 3, 2, 3, 1, -22 ] ], 
              [ [ 1, 2, 2, 4, 3, 2, 1, 2, 1, 1, 3, 1, 3, 0, 2, 2, 2, -18 ], [ 1, 2, 2, 0, 1, 2, 3, 2, 3, 3, 1, 3, 1, 4, 2, 2, 2, -20 ] ], 
              [ [ 1, 2, 2, 3, 1, 2, 1, 2, 2, 0, 3, 0, 3, 2, 1, 1, 3, -15 ], [ 1, 2, 2, 1, 3, 2, 3, 2, 2, 4, 1, 4, 1, 2, 3, 3, 1, -23 ] ], 
              [ [ 1, 0, 2, 3, 3, 3, 2, 1, 2, 2, 2, 3, 3, 1, 3, 2, 2, -21 ], [ 1, 4, 2, 1, 1, 1, 2, 3, 2, 2, 2, 1, 1, 3, 1, 2, 2, -17 ] ], 
              [ [ 1, 0, 3, 1, 1, 3, 2, 0, 2, 2, 1, 3, 2, 2, 2, 2, 3, -19 ], [ 1, 4, 1, 3, 3, 1, 2, 4, 2, 2, 3, 1, 2, 2, 2, 2, 1, -19 ] ], 
              [ [ 1, 2, 3, 2, 1, 2, 2, 0, 4, 2, 1, 2, 1, 3, 3, 2, 3, -20 ], [ 1, 2, 1, 2, 3, 2, 2, 4, 0, 2, 3, 2, 3, 1, 1, 2, 1, -18 ] ], 
              [ [ 1, 2, 3, 2, 2, 2, 2, 0, 3, 3, 1, 2, 1, 2, 3, 2, 3, -21 ], [ 1, 2, 1, 2, 2, 2, 2, 4, 1, 1, 3, 2, 3, 2, 1, 2, 1, -17 ] ], 
              [ [ 1, 1, 3, 2, 1, 3, 2, 1, 2, 2, 2, 2, 3, 2, 2, 3, 2, -20 ], [ 1, 3, 1, 2, 3, 1, 2, 3, 2, 2, 2, 2, 1, 2, 2, 1, 2, -18 ] ], 
              [ [ 1, 1, 2, 3, 2, 2, 1, 1, 2, 2, 3, 2, 3, 3, 2, 3, 2, -20 ], [ 1, 3, 2, 1, 2, 2, 3, 3, 2, 2, 1, 2, 1, 1, 2, 1, 2, -18 ] ], 
              [ [ 1, 1, 2, 2, 3, 2, 1, 0, 2, 2, 1, 3, 3, 2, 1, 2, 2, -18 ], [ 1, 3, 2, 2, 1, 2, 3, 4, 2, 2, 3, 1, 1, 2, 3, 2, 2, -20 ] ], 
              [ [ 1, 1, 3, 2, 2, 3, 3, 0, 2, 2, 2, 4, 1, 2, 2, 3, 1, -22 ], [ 1, 3, 1, 2, 2, 1, 1, 4, 2, 2, 2, 0, 3, 2, 2, 1, 3, -16 ] ], 
              [ [ 1, 2, 2, 2, 2, 1, 2, 0, 4, 1, 1, 2, 2, 2, 2, 2, 2, -17 ], [ 1, 2, 2, 2, 2, 3, 2, 4, 0, 3, 3, 2, 2, 2, 2, 2, 2, -21 ] ], 
              [ [ 1, 2, 2, 1, 2, 1, 1, 0, 3, 3, 1, 2, 2, 2, 3, 2, 4, -19 ], [ 1, 2, 2, 3, 2, 3, 3, 4, 1, 1, 3, 2, 2, 2, 1, 2, 0, -19 ] ], 
              [ [ 1, 2, 2, 2, 2, 1, 2, 0, 3, 3, 1, 2, 2, 3, 3, 1, 4, -20 ], [ 1, 2, 2, 2, 2, 3, 2, 4, 1, 1, 3, 2, 2, 1, 1, 3, 0, -18 ] ], 
              [ [ 1, 2, 1, 2, 3, 1, 1, 1, 3, 3, 2, 1, 3, 2, 3, 1, 4, -19 ], [ 1, 2, 3, 2, 1, 3, 3, 3, 1, 1, 2, 3, 1, 2, 1, 3, 0, -19 ] ], 
              [ [ 1, 2, 2, 2, 2, 2, 3, 1, 3, 3, 3, 2, 1, 2, 4, 2, 3, -23 ], [ 1, 2, 2, 2, 2, 2, 1, 3, 1, 1, 1, 2, 3, 2, 0, 2, 1, -15 ] ], 
              [ [ 1, 2, 2, 1, 3, 2, 3, 0, 3, 3, 1, 3, 1, 1, 3, 1, 3, -21 ], [ 1, 2, 2, 3, 1, 2, 1, 4, 1, 1, 3, 1, 3, 3, 1, 3, 1, -17 ] ], 
              [ [ 1, 1, 1, 2, 3, 2, 2, 1, 2, 2, 3, 3, 3, 2, 2, 2, 2, -20 ], [ 1, 3, 3, 2, 1, 2, 2, 3, 2, 2, 1, 1, 1, 2, 2, 2, 2, -18 ] ], 
              [ [ 1, 2, 3, 1, 0, 3, 2, 1, 4, 1, 2, 2, 1, 3, 2, 2, 3, -19 ], [ 1, 2, 1, 3, 4, 1, 2, 3, 0, 3, 2, 2, 3, 1, 2, 2, 1, -19 ] ], 
              [ [ 1, 3, 2, 1, 2, 1, 2, 0, 3, 3, 2, 2, 1, 3, 2, 2, 3, -20 ], [ 1, 1, 2, 3, 2, 3, 2, 4, 1, 1, 2, 2, 3, 1, 2, 2, 1, -18 ] ], 
              [ [ 1, 1, 3, 3, 3, 1, 3, 1, 1, 3, 1, 3, 1, 1, 3, 3, 3, -23 ], [ 1, 3, 1, 1, 1, 3, 1, 3, 3, 1, 3, 1, 3, 3, 1, 1, 1, -15 ] ], 
              [ [ 1, 1, 4, 2, 1, 3, 2, 1, 2, 2, 1, 3, 1, 2, 3, 2, 4, -22 ], [ 1, 3, 0, 2, 3, 1, 2, 3, 2, 2, 3, 1, 3, 2, 1, 2, 0, -16 ] ], 
              [ [ 1, 1, 3, 2, 2, 2, 2, 1, 2, 1, 1, 3, 2, 1, 2, 2, 3, -19 ], [ 1, 3, 1, 2, 2, 2, 2, 3, 2, 3, 3, 1, 2, 3, 2, 2, 1, -19 ] ], 
              [ [ 1, 1, 3, 2, 2, 1, 2, 0, 2, 2, 0, 2, 2, 2, 2, 1, 4, -18 ], [ 1, 3, 1, 2, 2, 3, 2, 4, 2, 2, 4, 2, 2, 2, 2, 3, 0, -20 ] ], 
              [ [ 1, 1, 3, 2, 2, 2, 3, 1, 2, 2, 2, 2, 1, 1, 3, 2, 3, -21 ], [ 1, 3, 1, 2, 2, 2, 1, 3, 2, 2, 2, 2, 3, 3, 1, 2, 1, -17 ] ], 
              [ [ 1, 1, 2, 3, 3, 2, 2, 2, 2, 1, 2, 2, 3, 1, 2, 1, 3, -19 ], [ 1, 3, 2, 1, 1, 2, 2, 2, 2, 3, 2, 2, 1, 3, 2, 3, 1, -19 ] ], 
              [ [ 1, 0, 2, 2, 3, 2, 2, 1, 1, 1, 2, 3, 3, 1, 1, 2, 2, -18 ], [ 1, 4, 2, 2, 1, 2, 2, 3, 3, 3, 2, 1, 1, 3, 3, 2, 2, -20 ] ], 
              [ [ 1, 2, 3, 3, 2, 0, 2, 1, 1, 3, 2, 2, 1, 3, 2, 4, 3, -22 ], [ 1, 2, 1, 1, 2, 4, 2, 3, 3, 1, 2, 2, 3, 1, 2, 0, 1, -16 ] ], 
              [ [ 1, 2, 3, 4, 2, 2, 1, 2, 2, 2, 3, 2, 2, 3, 3, 3, 3, -23 ], [ 1, 2, 1, 0, 2, 2, 3, 2, 2, 2, 1, 2, 2, 1, 1, 1, 1, -15 ] ], 
              [ [ 1, 2, 4, 3, 2, 3, 2, 2, 1, 3, 2, 2, 2, 1, 3, 3, 3, -24 ], [ 1, 2, 0, 1, 2, 1, 2, 2, 3, 1, 2, 2, 2, 3, 1, 1, 1, -14 ] ], 
              [ [ 1, 2, 3, 3, 3, 2, 1, 1, 2, 2, 1, 3, 2, 2, 2, 2, 3, -21 ], [ 1, 2, 1, 1, 1, 2, 3, 3, 2, 2, 3, 1, 2, 2, 2, 2, 1, -17 ] ], 
              [ [ 1, 3, 3, 3, 3, 1, 2, 1, 3, 2, 1, 2, 1, 1, 3, 2, 3, -21 ], [ 1, 1, 1, 1, 1, 3, 2, 3, 1, 2, 3, 2, 3, 3, 1, 2, 1, -17 ] ], 
              [ [ 1, 2, 3, 3, 2, 0, 1, 0, 2, 2, 1, 2, 2, 3, 2, 3, 3, -19 ], [ 1, 2, 1, 1, 2, 4, 3, 4, 2, 2, 3, 2, 2, 1, 2, 1, 1, -19 ] ], 
              [ [ 1, 2, 2, 3, 3, 0, 0, 1, 2, 2, 2, 1, 3, 2, 2, 3, 3, -18 ], [ 1, 2, 2, 1, 1, 4, 4, 3, 2, 2, 2, 3, 1, 2, 2, 1, 1, -20 ] ], 
              [ [ 1, 2, 3, 3, 2, 1, 2, 1, 2, 2, 3, 2, 1, 2, 3, 4, 2, -22 ], [ 1, 2, 1, 1, 2, 3, 2, 3, 2, 2, 1, 2, 3, 2, 1, 0, 2, -16 ] ], 
              [ [ 1, 2, 3, 2, 3, 1, 2, 0, 2, 2, 1, 3, 1, 1, 2, 3, 2, -20 ], [ 1, 2, 1, 2, 1, 3, 2, 4, 2, 2, 3, 1, 3, 3, 2, 1, 2, -18 ] ], 
              [ [ 1, 2, 2, 4, 3, 1, 1, 2, 2, 1, 3, 2, 3, 2, 2, 3, 2, -20 ], [ 1, 2, 2, 0, 1, 3, 3, 2, 2, 3, 1, 2, 1, 2, 2, 1, 2, -18 ] ], 
              [ [ 1, 1, 4, 3, 2, 3, 3, 1, 0, 3, 2, 3, 2, 2, 2, 3, 2, -24 ], [ 1, 3, 0, 1, 2, 1, 1, 3, 4, 1, 2, 1, 2, 2, 2, 1, 2, -14 ] ], 
              [ [ 1, 2, 3, 3, 2, 1, 2, 1, 2, 2, 1, 1, 3, 2, 2, 2, 3, -19 ], [ 1, 2, 1, 1, 2, 3, 2, 3, 2, 2, 3, 3, 1, 2, 2, 2, 1, -19 ] ], 
              [ [ 1, 2, 2, 4, 3, 0, 1, 1, 2, 2, 2, 1, 3, 3, 2, 2, 3, -19 ], [ 1, 2, 2, 0, 1, 4, 3, 3, 2, 2, 2, 3, 1, 1, 2, 2, 1, -19 ] ], 
              [ [ 1, 2, 3, 3, 3, 1, 2, 1, 1, 3, 1, 1, 3, 1, 2, 2, 3, -20 ], [ 1, 2, 1, 1, 1, 3, 2, 3, 3, 1, 3, 3, 1, 3, 2, 2, 1, -18 ] ], 
              [ [ 1, 2, 4, 3, 2, 2, 4, 1, 1, 3, 2, 2, 1, 1, 3, 3, 2, -24 ], [ 1, 2, 0, 1, 2, 2, 0, 3, 3, 1, 2, 2, 3, 3, 1, 1, 2, -14 ] ], 
              [ [ 1, 2, 3, 3, 2, 2, 3, 2, 2, 2, 3, 1, 2, 1, 3, 3, 2, -22 ], [ 1, 2, 1, 1, 2, 2, 1, 2, 2, 2, 1, 3, 2, 3, 1, 1, 2, -16 ] ], 
              [ [ 1, 2, 3, 3, 3, 1, 3, 0, 2, 2, 1, 3, 1, 2, 2, 2, 2, -21 ], [ 1, 2, 1, 1, 1, 3, 1, 4, 2, 2, 3, 1, 3, 2, 2, 2, 2, -17 ] ], 
              [ [ 1, 2, 2, 3, 4, 1, 2, 1, 2, 2, 2, 2, 2, 1, 2, 2, 2, -20 ], [ 1, 2, 2, 1, 0, 3, 2, 3, 2, 2, 2, 2, 2, 3, 2, 2, 2, -18 ] ], 
              [ [ 1, 2, 3, 2, 3, 1, 2, 0, 1, 4, 1, 3, 1, 2, 3, 2, 4, -23 ], [ 1, 2, 1, 2, 1, 3, 2, 4, 3, 0, 3, 1, 3, 2, 1, 2, 0, -15 ] ], 
              [ [ 1, 3, 2, 2, 3, 0, 2, 1, 3, 3, 2, 1, 1, 1, 4, 2, 4, -21 ], [ 1, 1, 2, 2, 1, 4, 2, 3, 1, 1, 2, 3, 3, 3, 0, 2, 0, -17 ] ], 
              [ [ 1, 2, 2, 3, 4, 2, 2, 2, 1, 3, 3, 3, 2, 1, 3, 2, 3, -24 ], [ 1, 2, 2, 1, 0, 2, 2, 2, 3, 1, 1, 1, 2, 3, 1, 2, 1, -14 ] ], 
              [ [ 1, 1, 3, 3, 3, 2, 3, 1, 0, 2, 2, 3, 3, 1, 1, 3, 1, -21 ], [ 1, 3, 1, 1, 1, 2, 1, 3, 4, 2, 2, 1, 1, 3, 3, 1, 3, -17 ] ], 
              [ [ 1, 2, 2, 3, 3, 1, 3, 2, 1, 3, 3, 1, 3, 1, 3, 2, 3, -22 ], [ 1, 2, 2, 1, 1, 3, 1, 2, 3, 1, 1, 3, 1, 3, 1, 2, 1, -16 ] ], 
              [ [ 1, 2, 4, 2, 0, 2, 1, 1, 2, 2, 2, 2, 1, 4, 2, 3, 4, -21 ], [ 1, 2, 0, 2, 4, 2, 3, 3, 2, 2, 2, 2, 3, 0, 2, 1, 0, -17 ] ], 
              [ [ 1, 2, 4, 1, 1, 2, 1, 0, 2, 2, 0, 3, 1, 3, 1, 2, 4, -19 ], [ 1, 2, 0, 3, 3, 2, 3, 4, 2, 2, 4, 1, 3, 1, 3, 2, 0, -19 ] ], 
              [ [ 1, 2, 4, 1, 1, 3, 2, 1, 2, 2, 2, 3, 0, 2, 2, 3, 3, -22 ], [ 1, 2, 0, 3, 3, 1, 2, 3, 2, 2, 2, 1, 4, 2, 2, 1, 1, -16 ] ], 
              [ [ 1, 3, 3, 1, 1, 1, 1, 1, 4, 1, 1, 1, 1, 2, 2, 2, 4, -17 ], [ 1, 1, 1, 3, 3, 3, 3, 3, 0, 3, 3, 3, 3, 2, 2, 2, 0, -21 ] ], 
              [ [ 1, 2, 3, 2, 2, 3, 1, 2, 2, 1, 2, 3, 2, 2, 1, 2, 3, -20 ], [ 1, 2, 1, 2, 2, 1, 3, 2, 2, 3, 2, 1, 2, 2, 3, 2, 1, -18 ] ], 
              [ [ 1, 2, 4, 2, 0, 3, 2, 2, 2, 2, 2, 1, 2, 3, 2, 2, 4, -21 ], [ 1, 2, 0, 2, 4, 1, 2, 2, 2, 2, 2, 3, 2, 1, 2, 2, 0, -17 ] ], 
              [ [ 1, 2, 3, 2, 2, 2, 1, 1, 2, 2, 1, 2, 2, 3, 1, 1, 4, -19 ], [ 1, 2, 1, 2, 2, 2, 3, 3, 2, 2, 3, 2, 2, 1, 3, 3, 0, -19 ] ], 
              [ [ 1, 2, 4, 2, 1, 3, 3, 1, 2, 2, 2, 3, 0, 3, 2, 2, 3, -23 ], [ 1, 2, 0, 2, 3, 1, 1, 3, 2, 2, 2, 1, 4, 1, 2, 2, 1, -15 ] ], 
              [ [ 1, 3, 3, 2, 1, 1, 2, 1, 4, 1, 1, 1, 1, 3, 2, 1, 4, -18 ], [ 1, 1, 1, 2, 3, 3, 2, 3, 0, 3, 3, 3, 3, 1, 2, 3, 0, -20 ] ], 
              [ [ 1, 3, 3, 1, 1, 1, 1, 1, 3, 3, 1, 1, 1, 3, 3, 1, 6, -20 ], [ 1, 1, 1, 3, 3, 3, 3, 3, 1, 1, 3, 3, 3, 1, 1, 3, -2, -18 ] ], 
              [ [ 1, 2, 4, 1, 0, 2, 3, 1, 2, 2, 2, 1, 1, 2, 2, 3, 3, -20 ], [ 1, 2, 0, 3, 4, 2, 1, 3, 2, 2, 2, 3, 3, 2, 2, 1, 1, -18 ] ], 
              [ [ 1, 2, 3, 1, 1, 1, 2, 0, 3, 1, 1, 2, 1, 3, 1, 2, 3, -17 ], [ 1, 2, 1, 3, 3, 3, 2, 4, 1, 3, 3, 2, 3, 1, 3, 2, 1, -21 ] ], 
              [ [ 1, 2, 3, 1, 2, 1, 2, 0, 2, 2, 1, 2, 1, 2, 1, 2, 3, -18 ], [ 1, 2, 1, 3, 2, 3, 2, 4, 2, 2, 3, 2, 3, 2, 3, 2, 1, -20 ] ], 
              [ [ 1, 1, 4, 2, 1, 4, 3, 2, 0, 2, 3, 3, 2, 2, 1, 3, 2, -23 ], [ 1, 3, 0, 2, 3, 0, 1, 2, 4, 2, 1, 1, 2, 2, 3, 1, 2, -15 ] ], 
              [ [ 1, 2, 3, 2, 1, 2, 2, 2, 2, 1, 2, 1, 3, 2, 1, 2, 3, -18 ], [ 1, 2, 1, 2, 3, 2, 2, 2, 2, 3, 2, 3, 1, 2, 3, 2, 1, -20 ] ], 
              [ [ 1, 1, 3, 2, 2, 3, 2, 1, 1, 1, 2, 4, 2, 3, 0, 2, 2, -20 ], [ 1, 3, 1, 2, 2, 1, 2, 3, 3, 3, 2, 0, 2, 1, 4, 2, 2, -18 ] ], 
              [ [ 1, 2, 3, 2, 2, 2, 3, 1, 2, 1, 2, 3, 1, 2, 1, 2, 2, -20 ], [ 1, 2, 1, 2, 2, 2, 1, 3, 2, 3, 2, 1, 3, 2, 3, 2, 2, -18 ] ], 
              [ [ 1, 2, 2, 2, 2, 2, 2, 2, 3, 0, 3, 2, 2, 2, 1, 2, 2, -18 ], [ 1, 2, 2, 2, 2, 2, 2, 2, 1, 4, 1, 2, 2, 2, 3, 2, 2, -20 ] ], 
              [ [ 1, 2, 3, 1, 1, 2, 2, 1, 2, 2, 2, 3, 1, 3, 2, 2, 4, -21 ], [ 1, 2, 1, 3, 3, 2, 2, 3, 2, 2, 2, 1, 3, 1, 2, 2, 0, -17 ] ], 
              [ [ 1, 2, 3, 1, 2, 2, 2, 1, 1, 3, 2, 3, 1, 2, 2, 2, 4, -22 ], [ 1, 2, 1, 3, 2, 2, 2, 3, 3, 1, 2, 1, 3, 2, 2, 2, 0, -16 ] ], 
              [ [ 1, 2, 2, 1, 2, 2, 1, 2, 2, 2, 3, 2, 2, 2, 2, 2, 4, -20 ], [ 1, 2, 2, 3, 2, 2, 3, 2, 2, 2, 1, 2, 2, 2, 2, 2, 0, -18 ] ], 
              [ [ 1, 2, 2, 2, 2, 2, 2, 2, 2, 2, 3, 2, 2, 3, 2, 1, 4, -21 ], [ 1, 2, 2, 2, 2, 2, 2, 2, 2, 2, 1, 2, 2, 1, 2, 3, 0, -17 ] ], 
              [ [ 1, 2, 3, 1, 2, 3, 3, 2, 1, 3, 2, 2, 2, 1, 2, 1, 4, -22 ], [ 1, 2, 1, 3, 2, 1, 1, 2, 3, 1, 2, 2, 2, 3, 2, 3, 0, -16 ] ], 
              [ [ 1, 2, 2, 1, 2, 1, 3, 1, 2, 2, 3, 2, 1, 2, 2, 2, 3, -20 ], [ 1, 2, 2, 3, 2, 3, 1, 3, 2, 2, 1, 2, 3, 2, 2, 2, 1, -18 ] ], 
              [ [ 1, 2, 3, 3, 3, 2, 2, 1, 2, 2, 2, 1, 3, 0, 3, 2, 2, -20 ], [ 1, 2, 1, 1, 1, 2, 2, 3, 2, 2, 2, 3, 1, 4, 1, 2, 2, -18 ] ], 
              [ [ 1, 2, 4, 2, 1, 3, 1, 1, 2, 2, 1, 1, 3, 2, 2, 1, 4, -19 ], [ 1, 2, 0, 2, 3, 1, 3, 3, 2, 2, 3, 3, 1, 2, 2, 3, 0, -19 ] ], 
              [ [ 1, 2, 3, 2, 2, 3, 1, 1, 3, 1, 2, 2, 2, 2, 2, 1, 3, -19 ], [ 1, 2, 1, 2, 2, 1, 3, 3, 1, 3, 2, 2, 2, 2, 2, 3, 1, -19 ] ], 
              [ [ 1, 1, 4, 2, 1, 4, 2, 1, 1, 1, 2, 3, 3, 2, 1, 2, 2, -20 ], [ 1, 3, 0, 2, 3, 0, 2, 3, 3, 3, 2, 1, 1, 2, 3, 2, 2, -18 ] ], 
              [ [ 1, 1, 3, 2, 2, 4, 1, 2, 1, 1, 3, 2, 4, 1, 1, 2, 2, -19 ], [ 1, 3, 1, 2, 2, 0, 3, 2, 3, 3, 1, 2, 0, 3, 3, 2, 2, -19 ] ], 
              [ [ 1, 2, 3, 2, 1, 3, 2, 2, 3, 0, 3, 1, 3, 1, 2, 2, 2, -18 ], [ 1, 2, 1, 2, 3, 1, 2, 2, 1, 4, 1, 3, 1, 3, 2, 2, 2, -20 ] ], 
              [ [ 1, 2, 2, 2, 3, 2, 1, 1, 3, 0, 2, 2, 3, 1, 1, 1, 2, -16 ], [ 1, 2, 2, 2, 1, 2, 3, 3, 1, 4, 2, 2, 1, 3, 3, 3, 2, -22 ] ], 
              [ [ 1, 2, 3, 2, 1, 2, 2, 1, 3, 1, 2, 0, 3, 2, 2, 1, 3, -17 ], [ 1, 2, 1, 2, 3, 2, 2, 3, 1, 3, 2, 4, 1, 2, 2, 3, 1, -21 ] ], 
              [ [ 1, 1, 3, 3, 2, 4, 2, 2, 1, 1, 3, 2, 4, 2, 1, 1, 2, -20 ], [ 1, 3, 1, 1, 2, 0, 2, 2, 3, 3, 1, 2, 0, 2, 3, 3, 2, -18 ] ], 
              [ [ 1, 2, 3, 2, 1, 3, 2, 2, 2, 2, 3, 1, 3, 2, 3, 1, 4, -21 ], [ 1, 2, 1, 2, 3, 1, 2, 2, 2, 2, 1, 3, 1, 2, 1, 3, 0, -17 ] ], 
              [ [ 1, 2, 3, 1, 2, 3, 2, 1, 2, 2, 1, 2, 3, 1, 2, 0, 4, -19 ], [ 1, 2, 1, 3, 2, 1, 2, 3, 2, 2, 3, 2, 1, 3, 2, 4, 0, -19 ] ], 
              [ [ 1, 2, 2, 2, 3, 2, 1, 1, 2, 2, 2, 2, 3, 2, 2, 0, 4, -19 ], [ 1, 2, 2, 2, 1, 2, 3, 3, 2, 2, 2, 2, 1, 2, 2, 4, 0, -19 ] ], 
              [ [ 1, 2, 3, 1, 2, 4, 3, 2, 2, 2, 3, 2, 2, 0, 3, 1, 3, -22 ], [ 1, 2, 1, 3, 2, 0, 1, 2, 2, 2, 1, 2, 2, 4, 1, 3, 1, -16 ] ], 
              [ [ 1, 1, 3, 2, 2, 3, 3, 1, 1, 1, 3, 2, 3, 1, 1, 2, 1, -19 ], [ 1, 3, 1, 2, 2, 1, 1, 3, 3, 3, 1, 2, 1, 3, 3, 2, 3, -19 ] ], 
              [ [ 1, 2, 2, 1, 3, 2, 3, 1, 2, 2, 2, 1, 3, 0, 2, 0, 3, -18 ], [ 1, 2, 2, 3, 1, 2, 1, 3, 2, 2, 2, 3, 1, 4, 2, 4, 1, -20 ] ], 
              [ [ 1, 3, 3, 3, 2, 1, 0, 1, 2, 2, 2, 2, 2, 4, 1, 3, 3, -20 ], [ 1, 1, 1, 1, 2, 3, 4, 3, 2, 2, 2, 2, 2, 0, 3, 1, 1, -18 ] ], 
              [ [ 1, 4, 3, 2, 2, 1, 2, 1, 3, 3, 2, 2, 0, 3, 3, 2, 4, -23 ], [ 1, 0, 1, 2, 2, 3, 2, 3, 1, 1, 2, 2, 4, 1, 1, 2, 0, -15 ] ], 
              [ [ 1, 3, 3, 2, 2, 1, 2, 1, 2, 2, 2, 1, 2, 2, 1, 3, 2, -19 ], [ 1, 1, 1, 2, 2, 3, 2, 3, 2, 2, 2, 3, 2, 2, 3, 1, 2, -19 ] ], 
              [ [ 1, 3, 3, 2, 2, 2, 2, 2, 1, 3, 3, 2, 2, 2, 2, 3, 3, -23 ], [ 1, 1, 1, 2, 2, 2, 2, 2, 3, 1, 1, 2, 2, 2, 2, 1, 1, -15 ] ], 
              [ [ 1, 3, 3, 2, 2, 1, 2, 1, 1, 4, 2, 1, 2, 3, 2, 2, 4, -22 ], [ 1, 1, 1, 2, 2, 3, 2, 3, 3, 0, 2, 3, 2, 1, 2, 2, 0, -16 ] ], 
              [ [ 1, 3, 4, 3, 2, 3, 2, 1, 2, 2, 2, 2, 2, 2, 2, 2, 2, -22 ], [ 1, 1, 0, 1, 2, 1, 2, 3, 2, 2, 2, 2, 2, 2, 2, 2, 2, -16 ] ], 
              [ [ 1, 3, 3, 2, 2, 2, 2, 1, 2, 3, 3, 1, 2, 2, 3, 2, 3, -22 ], [ 1, 1, 1, 2, 2, 2, 2, 3, 2, 1, 1, 3, 2, 2, 1, 2, 1, -16 ] ], 
              [ [ 1, 3, 2, 3, 3, 2, 1, 2, 2, 2, 3, 1, 4, 2, 2, 1, 3, -20 ], [ 1, 1, 2, 1, 1, 2, 3, 2, 2, 2, 1, 3, 0, 2, 2, 3, 1, -18 ] ], 
              [ [ 1, 3, 2, 2, 3, 1, 2, 1, 2, 2, 3, 1, 3, 1, 2, 2, 2, -19 ], [ 1, 1, 2, 2, 1, 3, 2, 3, 2, 2, 1, 3, 1, 3, 2, 2, 2, -19 ] ], 
              [ [ 1, 3, 4, 1, 0, 3, 1, 1, 3, 1, 2, 1, 2, 3, 1, 2, 3, -18 ], [ 1, 1, 0, 3, 4, 1, 3, 3, 1, 3, 2, 3, 2, 1, 3, 2, 1, -20 ] ], 
              [ [ 1, 3, 3, 1, 1, 2, 1, 1, 2, 2, 2, 1, 3, 3, 1, 1, 4, -18 ], [ 1, 1, 1, 3, 3, 2, 3, 3, 2, 2, 2, 3, 1, 1, 3, 3, 0, -20 ] ], 
              [ [ 1, 3, 3, 1, 1, 3, 2, 2, 2, 2, 4, 1, 2, 2, 2, 2, 3, -21 ], [ 1, 1, 1, 3, 3, 1, 2, 2, 2, 2, 0, 3, 2, 2, 2, 2, 1, -17 ] ], 
              [ [ 1, 3, 2, 1, 2, 2, 1, 1, 3, 1, 3, 2, 2, 3, 1, 1, 3, -18 ], [ 1, 1, 2, 3, 2, 2, 3, 3, 1, 3, 1, 2, 2, 1, 3, 3, 1, -20 ] ], 
              [ [ 1, 3, 3, 0, 2, 3, 2, 1, 2, 2, 2, 2, 2, 1, 1, 1, 3, -19 ], [ 1, 1, 1, 4, 2, 1, 2, 3, 2, 2, 2, 2, 2, 3, 3, 3, 1, -19 ] ], 
              [ [ 1, 3, 3, 1, 2, 3, 3, 1, 2, 2, 2, 2, 2, 2, 1, 0, 3, -20 ], [ 1, 1, 1, 3, 2, 1, 1, 3, 2, 2, 2, 2, 2, 2, 3, 4, 1, -18 ] ], 
              [ [ 1, 3, 4, 2, 2, 1, 2, 1, 2, 2, 1, 2, 0, 2, 2, 2, 4, -21 ], [ 1, 1, 0, 2, 2, 3, 2, 3, 2, 2, 3, 2, 4, 2, 2, 2, 0, -17 ] ], 
              [ [ 1, 2, 3, 3, 2, 1, 1, 2, 1, 1, 3, 2, 2, 3, 1, 3, 3, -20 ], [ 1, 2, 1, 1, 2, 3, 3, 2, 3, 3, 1, 2, 2, 1, 3, 1, 1, -18 ] ], 
              [ [ 1, 2, 4, 2, 2, 2, 2, 2, 0, 2, 2, 2, 2, 1, 1, 3, 3, -21 ], [ 1, 2, 0, 2, 2, 2, 2, 2, 4, 2, 2, 2, 2, 3, 3, 1, 1, -17 ] ], 
              [ [ 1, 2, 4, 3, 2, 2, 3, 2, 0, 2, 2, 2, 2, 2, 1, 2, 3, -22 ], [ 1, 2, 0, 1, 2, 2, 1, 2, 4, 2, 2, 2, 2, 2, 3, 2, 1, -16 ] ], 
              [ [ 1, 2, 3, 3, 3, 2, 1, 2, 1, 1, 2, 1, 4, 1, 1, 1, 3, -18 ], [ 1, 2, 1, 1, 1, 2, 3, 2, 3, 3, 2, 3, 0, 3, 3, 3, 1, -20 ] ], 
              [ [ 1, 2, 4, 3, 2, 3, 3, 2, 1, 1, 3, 2, 2, 1, 2, 2, 2, -22 ], [ 1, 2, 0, 1, 2, 1, 1, 2, 3, 3, 1, 2, 2, 3, 2, 2, 2, -16 ] ], 
              [ [ 1, 3, 4, 2, 2, 2, 2, 1, 1, 1, 2, 2, 2, 2, 0, 2, 2, -19 ], [ 1, 1, 0, 2, 2, 2, 2, 3, 3, 3, 2, 2, 2, 2, 4, 2, 2, -19 ] ], 
              [ [ 1, 4, 3, 2, 2, 1, 2, 2, 2, 2, 3, 0, 2, 2, 2, 1, 4, -20 ], [ 1, 0, 1, 2, 2, 3, 2, 2, 2, 2, 1, 4, 2, 2, 2, 3, 0, -18 ] ], 
              [ [ 1, 2, 4, 1, 2, 3, 2, 1, 3, 2, 1, 3, 2, 2, 2, 2, 3, -22 ], [ 1, 2, 0, 3, 2, 1, 2, 3, 1, 2, 3, 1, 2, 2, 2, 2, 1, -16 ] ], 
              [ [ 1, 1, 4, 1, 2, 3, 3, 0, 2, 2, 1, 4, 2, 3, 1, 2, 2, -22 ], [ 1, 3, 0, 3, 2, 1, 1, 4, 2, 2, 3, 0, 2, 1, 3, 2, 2, -16 ] ], 
              [ [ 1, 3, 3, 1, 3, 1, 3, 1, 2, 4, 2, 3, 1, 3, 2, 3, 3, -25 ], [ 1, 1, 1, 3, 1, 3, 1, 3, 2, 0, 2, 1, 3, 1, 2, 1, 1, -13 ] ], 
              [ [ 1, 3, 4, 2, 2, 1, 1, 0, 3, 3, 1, 2, 2, 4, 2, 3, 3, -22 ], [ 1, 1, 0, 2, 2, 3, 3, 4, 1, 1, 3, 2, 2, 0, 2, 1, 1, -16 ] ], 
              [ [ 1, 2, 4, 2, 3, 3, 3, 1, 1, 3, 2, 3, 3, 2, 1, 3, 1, -24 ], [ 1, 2, 0, 2, 1, 1, 1, 3, 3, 1, 2, 1, 1, 2, 3, 1, 3, -14 ] ], 
              [ [ 1, 3, 4, 1, 2, 2, 3, 1, 2, 4, 2, 2, 2, 2, 3, 3, 3, -25 ], [ 1, 1, 0, 3, 2, 2, 1, 3, 2, 0, 2, 2, 2, 2, 1, 1, 1, -13 ] ], 
              [ [ 1, 3, 3, 1, 3, 1, 2, 0, 3, 3, 1, 3, 2, 3, 2, 2, 3, -22 ], [ 1, 1, 1, 3, 1, 3, 2, 4, 1, 1, 3, 1, 2, 1, 2, 2, 1, -16 ] ], 
              [ [ 1, 3, 3, 1, 4, 1, 2, 0, 2, 4, 1, 3, 2, 2, 2, 2, 3, -23 ], [ 1, 1, 1, 3, 0, 3, 2, 4, 2, 0, 3, 1, 2, 2, 2, 2, 1, -15 ] ], 
              [ [ 1, 3, 4, 0, 1, 3, 2, 1, 3, 3, 2, 3, 1, 4, 2, 2, 4, -24 ], [ 1, 1, 0, 4, 3, 1, 2, 3, 1, 1, 2, 1, 3, 0, 2, 2, 0, -14 ] ], 
              [ [ 1, 3, 3, 0, 2, 2, 2, 1, 3, 2, 2, 3, 2, 3, 1, 2, 3, -21 ], [ 1, 1, 1, 4, 2, 2, 2, 3, 1, 2, 2, 1, 2, 1, 3, 2, 1, -17 ] ], 
              [ [ 1, 3, 3, 0, 2, 1, 2, 0, 3, 3, 1, 2, 2, 4, 1, 1, 4, -20 ], [ 1, 1, 1, 4, 2, 3, 2, 4, 1, 1, 3, 2, 2, 0, 3, 3, 0, -18 ] ], 
              [ [ 1, 3, 6, 1, 1, 3, 3, 1, 1, 3, 1, 3, 1, 3, 1, 3, 3, -25 ], [ 1, 1, -2, 3, 3, 1, 1, 3, 3, 1, 3, 1, 3, 1, 3, 1, 1, -13 ] ], 
              [ [ 1, 3, 4, 1, 2, 2, 2, 2, 1, 3, 2, 2, 3, 3, 1, 2, 4, -23 ], [ 1, 1, 0, 3, 2, 2, 2, 2, 3, 1, 2, 2, 1, 1, 3, 2, 0, -15 ] ], 
              [ [ 1, 3, 4, 1, 3, 2, 3, 1, 1, 3, 2, 4, 1, 3, 1, 2, 3, -25 ], [ 1, 1, 0, 3, 1, 2, 1, 3, 3, 1, 2, 0, 3, 1, 3, 2, 1, -13 ] ], 
              [ [ 1, 0, 2, 3, 3, 2, 3, 0, 2, 2, 3, 3, 1, 2, 4, 3, 3, -24 ], [ 1, 4, 2, 1, 1, 2, 1, 4, 2, 2, 1, 1, 3, 2, 0, 1, 1, -14 ] ], 
              [ [ 1, 1, 2, 3, 3, 2, 2, 0, 2, 2, 3, 1, 3, 2, 3, 2, 3, -21 ], [ 1, 3, 2, 1, 1, 2, 2, 4, 2, 2, 1, 3, 1, 2, 1, 2, 1, -17 ] ], 
              [ [ 1, 0, 2, 3, 3, 2, 3, 1, 1, 1, 4, 1, 3, 1, 3, 2, 3, -21 ], [ 1, 4, 2, 1, 1, 2, 1, 3, 3, 3, 0, 3, 1, 3, 1, 2, 1, -17 ] ], 
              [ [ 1, 2, 3, 3, 3, 1, 3, 0, 2, 2, 3, 1, 1, 1, 4, 3, 3, -23 ], [ 1, 2, 1, 1, 1, 3, 1, 4, 2, 2, 1, 3, 3, 3, 0, 1, 1, -15 ] ], 
              [ [ 1, 1, 3, 2, 2, 3, 2, 1, 1, 1, 4, 2, 2, 2, 2, 3, 3, -22 ], [ 1, 3, 1, 2, 2, 1, 2, 3, 3, 3, 0, 2, 2, 2, 2, 1, 1, -16 ] ], 
              [ [ 1, 1, 3, 1, 3, 1, 3, -2, 3, 3, 1, 3, 1, 3, 3, 3, 3, -23 ], [ 1, 3, 1, 3, 1, 3, 1, 6, 1, 1, 3, 1, 3, 1, 1, 1, 1, -15 ] ], 
              [ [ 1, 1, 2, 2, 4, 2, 3, 0, 3, 2, 3, 3, 2, 2, 3, 3, 2, -24 ], [ 1, 3, 2, 2, 0, 2, 1, 4, 1, 2, 1, 1, 2, 2, 1, 1, 2, -14 ] ], 
              [ [ 1, 1, 4, 2, 3, 2, 3, 0, 1, 3, 2, 3, 2, 2, 3, 4, 3, -26 ], [ 1, 3, 0, 2, 1, 2, 1, 4, 3, 1, 2, 1, 2, 2, 1, 0, 1, -12 ] ], 
              [ [ 1, 1, 3, 3, 4, 1, 2, 0, 1, 3, 3, 3, 2, 3, 3, 4, 3, -26 ], [ 1, 3, 1, 1, 0, 3, 2, 4, 3, 1, 1, 1, 2, 1, 1, 0, 1, -12 ] ], 
              [ [ 1, 1, 3, 3, 4, 2, 3, 1, 1, 3, 3, 2, 3, 2, 3, 3, 3, -26 ], [ 1, 3, 1, 1, 0, 2, 1, 3, 3, 1, 1, 2, 1, 2, 1, 1, 1, -12 ] ], 
              [ [ 1, 1, 3, 2, 4, 1, 4, 0, 1, 3, 3, 2, 2, 1, 3, 4, 2, -25 ], [ 1, 3, 1, 2, 0, 3, 0, 4, 3, 1, 1, 2, 2, 3, 1, 0, 2, -13 ] ], 
              [ [ 1, 2, 4, 1, 2, 2, 3, 0, 3, 2, 2, 3, 0, 3, 3, 3, 4, -25 ], [ 1, 2, 0, 3, 2, 2, 1, 4, 1, 2, 2, 1, 4, 1, 1, 1, 0, -13 ] ], 
              [ [ 1, 1, 4, 1, 2, 2, 3, 0, 1, 3, 2, 2, 2, 3, 2, 3, 4, -24 ], [ 1, 3, 0, 3, 2, 2, 1, 4, 3, 1, 2, 2, 2, 1, 2, 1, 0, -14 ] ], 
              [ [ 1, 1, 3, 1, 3, 2, 3, 0, 2, 2, 3, 3, 1, 3, 2, 3, 3, -24 ], [ 1, 3, 1, 3, 1, 2, 1, 4, 2, 2, 1, 1, 3, 1, 2, 1, 1, -14 ] ], 
              [ [ 1, 1, 4, 1, 2, 3, 3, 0, 2, 2, 3, 2, 2, 2, 3, 3, 3, -24 ], [ 1, 3, 0, 3, 2, 1, 1, 4, 2, 2, 1, 2, 2, 2, 1, 1, 1, -14 ] ], 
              [ [ 1, 1, 3, 2, 3, 3, 2, 1, 2, 1, 3, 2, 4, 2, 2, 2, 3, -22 ], [ 1, 3, 1, 2, 1, 1, 2, 3, 2, 3, 1, 2, 0, 2, 2, 2, 1, -16 ] ], 
              [ [ 1, 2, 4, 2, 3, 2, 4, 0, 1, 3, 3, 3, 1, 3, 2, 4, 2, -27 ], [ 1, 2, 0, 2, 1, 2, 0, 4, 3, 1, 1, 1, 3, 1, 2, 0, 2, -11 ] ], 
              [ [ 1, 2, 3, 2, 4, 2, 2, 0, 2, 2, 3, 2, 3, 2, 2, 3, 2, -23 ], [ 1, 2, 1, 2, 0, 2, 2, 4, 2, 2, 1, 2, 1, 2, 2, 1, 2, -15 ] ], 
              [ [ 1, 2, 1, 4, 1, 2, 1, 4, 1, 1, 2, 1, 2, 0, 2, 1, 2, -14 ], [ 1, 2, 3, 0, 3, 2, 3, 0, 3, 3, 2, 3, 2, 4, 2, 3, 2, -24 ] ], 
              [ [ 1, 1, 1, 2, 1, 2, 1, 2, 2, 2, 0, 3, 2, 2, 1, 1, 2, -14 ], [ 1, 3, 3, 2, 3, 2, 3, 2, 2, 2, 4, 1, 2, 2, 3, 3, 2, -24 ] ], 
              [ [ 1, 1, 1, 2, 1, 3, 1, 2, 3, 1, 1, 3, 2, 1, 2, 1, 1, -14 ], [ 1, 3, 3, 2, 3, 1, 3, 2, 1, 3, 3, 1, 2, 3, 2, 3, 3, -24 ] ], 
              [ [ 1, 2, 1, 2, 0, 3, 1, 3, 3, 1, 2, 1, 3, 2, 1, 1, 1, -13 ], [ 1, 2, 3, 2, 4, 1, 3, 1, 1, 3, 2, 3, 1, 2, 3, 3, 3, -25 ] ], 
              [ [ 1, 3, 0, 1, 1, 1, 0, 2, 4, 2, 1, 1, 2, 2, 2, 0, 3, -12 ], [ 1, 1, 4, 3, 3, 3, 4, 2, 0, 2, 3, 3, 2, 2, 2, 4, 1, -26 ] ], 
              [ [ 1, 2, 2, 3, 1, 2, 1, 3, 2, 2, 0, 3, 1, 2, 2, 1, 3, -17 ], [ 1, 2, 2, 1, 3, 2, 3, 1, 2, 2, 4, 1, 3, 2, 2, 3, 1, -21 ] ], 
              [ [ 1, 2, 1, 3, 1, 0, 0, 3, 2, 2, 1, 1, 2, 2, 2, 2, 3, -14 ], [ 1, 2, 3, 1, 3, 4, 4, 1, 2, 2, 3, 3, 2, 2, 2, 2, 1, -24 ] ], 
              [ [ 1, 2, 2, 2, 1, 1, 2, 2, 2, 2, 0, 3, 0, 1, 2, 2, 2, -16 ], [ 1, 2, 2, 2, 3, 3, 2, 2, 2, 2, 4, 1, 4, 3, 2, 2, 2, -22 ] ], 
              [ [ 1, 2, 1, 3, 2, 1, 2, 3, 2, 2, 1, 2, 1, 1, 2, 1, 2, -16 ], [ 1, 2, 3, 1, 2, 3, 2, 1, 2, 2, 3, 2, 3, 3, 2, 3, 2, -22 ] ], 
              [ [ 1, 1, 2, 3, 1, 3, 1, 3, 1, 2, 1, 2, 3, 1, 2, 1, 2, -16 ], [ 1, 3, 2, 1, 3, 1, 3, 1, 3, 2, 3, 2, 1, 3, 2, 3, 2, -22 ] ], 
              [ [ 1, 2, 2, 3, 1, 2, 2, 3, 2, 2, 1, 1, 2, 0, 3, 1, 2, -16 ], [ 1, 2, 2, 1, 3, 2, 2, 1, 2, 2, 3, 3, 2, 4, 1, 3, 2, -22 ] ], 
              [ [ 1, 2, 1, 3, 2, 1, 1, 2, 3, 1, 0, 2, 2, 1, 2, 0, 2, -13 ], [ 1, 2, 3, 1, 2, 3, 3, 2, 1, 3, 4, 2, 2, 3, 2, 4, 2, -25 ] ], 
              [ [ 1, 1, 1, 3, 2, 2, 1, 3, 1, 1, 1, 2, 4, 0, 1, 1, 1, -13 ], [ 1, 3, 3, 1, 2, 2, 3, 1, 3, 3, 3, 2, 0, 4, 3, 3, 3, -25 ] ], 
              [ [ 1, 2, 2, 2, 0, 3, 1, 3, 3, 1, 1, 2, 1, 2, 2, 0, 3, -15 ], [ 1, 2, 2, 2, 4, 1, 3, 1, 1, 3, 3, 2, 3, 2, 2, 4, 1, -23 ] ], 
              [ [ 1, 1, 2, 2, 0, 4, 1, 4, 1, 1, 2, 2, 3, 1, 1, 1, 2, -15 ], [ 1, 3, 2, 2, 4, 0, 3, 0, 3, 3, 2, 2, 1, 3, 3, 3, 2, -23 ] ], 
              [ [ 1, 1, 1, 2, 1, 3, 0, 3, 2, 0, 1, 3, 3, 2, 0, 0, 2, -12 ], [ 1, 3, 3, 2, 3, 1, 4, 1, 2, 4, 3, 1, 1, 2, 4, 4, 2, -26 ] ], 
              [ [ 1, 2, 1, 2, 1, 2, 1, 3, 3, 0, 1, 2, 2, 1, 1, 0, 2, -12 ], [ 1, 2, 3, 2, 3, 2, 3, 1, 1, 4, 3, 2, 2, 3, 3, 4, 2, -26 ] ], 
              [ [ 1, 3, 1, 4, 2, 0, 1, 3, 2, 2, 2, 2, 1, 2, 2, 3, 1, -17 ], [ 1, 1, 3, 0, 2, 4, 3, 1, 2, 2, 2, 2, 3, 2, 2, 1, 3, -21 ] ], 
              [ [ 1, 3, 2, 3, 0, 1, 0, 3, 2, 2, 1, 2, 1, 4, 1, 2, 3, -16 ], [ 1, 1, 2, 1, 4, 3, 4, 1, 2, 2, 3, 2, 3, 0, 3, 2, 1, -22 ] ], 
              [ [ 1, 3, 2, 2, 1, 2, 1, 3, 2, 2, 1, 3, 0, 2, 1, 2, 2, -17 ], [ 1, 1, 2, 2, 3, 2, 3, 1, 2, 2, 3, 1, 4, 2, 3, 2, 2, -21 ] ], 
              [ [ 1, 3, 2, 2, 0, 1, 2, 3, 2, 2, 1, 1, 1, 2, 1, 2, 2, -15 ], [ 1, 1, 2, 2, 4, 3, 2, 1, 2, 2, 3, 3, 3, 2, 3, 2, 2, -23 ] ], 
              [ [ 1, 3, 1, 4, 3, 1, 1, 3, 2, 2, 1, 1, 3, 0, 2, 1, 1, -15 ], [ 1, 1, 3, 0, 1, 3, 3, 1, 2, 2, 3, 3, 1, 4, 2, 3, 3, -23 ] ], 
              [ [ 1, 3, 1, 3, 1, 1, -2, 3, 3, 1, 1, 1, 3, 3, 1, 1, 3, -12 ], [ 1, 1, 3, 1, 3, 3, 6, 1, 1, 3, 3, 3, 1, 1, 3, 3, 1, -26 ] ], 
              [ [ 1, 3, 2, 3, 0, 2, 0, 3, 3, 1, 2, 2, 1, 3, 2, 2, 2, -16 ], [ 1, 1, 2, 1, 4, 2, 4, 1, 1, 3, 2, 2, 3, 1, 2, 2, 2, -22 ] ], 
              [ [ 1, 3, 3, 2, 0, 3, 1, 3, 2, 2, 1, 2, 1, 1, 2, 2, 2, -17 ], [ 1, 1, 1, 2, 4, 1, 3, 1, 2, 2, 3, 2, 3, 3, 2, 2, 2, -21 ] ], 
              [ [ 1, 3, 2, 2, 1, 2, 0, 2, 3, 1, 0, 3, 1, 2, 1, 1, 2, -14 ], [ 1, 1, 2, 2, 3, 2, 4, 2, 1, 3, 4, 1, 3, 2, 3, 3, 2, -24 ] ], 
              [ [ 1, 3, 3, 2, 0, 2, 1, 2, 2, 3, 0, 1, 1, 2, 2, 1, 3, -16 ], [ 1, 1, 1, 2, 4, 2, 3, 2, 2, 1, 4, 3, 3, 2, 2, 3, 1, -22 ] ], 
              [ [ 1, 3, 2, 3, 1, 2, 0, 3, 2, 2, 0, 1, 3, 2, 1, 0, 3, -14 ], [ 1, 1, 2, 1, 3, 2, 4, 1, 2, 2, 4, 3, 1, 2, 3, 4, 1, -24 ] ], 
              [ [ 1, 3, 3, 3, 0, 3, 2, 3, 2, 2, 1, 2, 1, 2, 2, 1, 2, -18 ], [ 1, 1, 1, 1, 4, 1, 2, 1, 2, 2, 3, 2, 3, 2, 2, 3, 2, -20 ] ], 
              [ [ 1, 3, 2, 3, 0, 3, 1, 4, 3, 1, 2, 1, 2, 2, 2, 1, 2, -16 ], [ 1, 1, 2, 1, 4, 1, 3, 0, 1, 3, 2, 3, 2, 2, 2, 3, 2, -22 ] ], 
              [ [ 1, 3, 2, 3, 1, 3, 1, 4, 2, 2, 2, 1, 2, 1, 2, 1, 2, -17 ], [ 1, 1, 2, 1, 3, 1, 3, 0, 2, 2, 2, 3, 2, 3, 2, 3, 2, -21 ] ], 
              [ [ 1, 3, 1, 3, 2, 2, 0, 3, 3, 1, 1, 2, 2, 2, 1, 0, 2, -14 ], [ 1, 1, 3, 1, 2, 2, 4, 1, 1, 3, 3, 2, 2, 2, 3, 4, 2, -24 ] ], 
              [ [ 1, 4, 1, 2, 1, 1, 0, 3, 4, 2, 1, 1, 1, 2, 3, 0, 4, -15 ], [ 1, 0, 3, 2, 3, 3, 4, 1, 0, 2, 3, 3, 3, 2, 1, 4, 0, -23 ] ], 
              [ [ 1, 2, 2, 3, 0, 2, 0, 3, 1, 2, 2, 1, 3, 3, 1, 2, 2, -15 ], [ 1, 2, 2, 1, 4, 2, 4, 1, 3, 2, 2, 3, 1, 1, 3, 2, 2, -23 ] ], 
              [ [ 1, 2, 2, 2, 1, 2, 0, 2, 1, 2, 0, 2, 3, 2, 0, 1, 2, -13 ], [ 1, 2, 2, 2, 3, 2, 4, 2, 3, 2, 4, 2, 1, 2, 4, 3, 2, -25 ] ], 
              [ [ 1, 2, 3, 2, 0, 3, 2, 2, 1, 2, 1, 3, 1, 2, 1, 2, 1, -17 ], [ 1, 2, 1, 2, 4, 1, 2, 2, 3, 2, 3, 1, 3, 2, 3, 2, 3, -21 ] ], 
              [ [ 1, 2, 2, 2, 1, 3, 1, 3, 1, 2, 2, 2, 2, 1, 1, 2, 1, -16 ], [ 1, 2, 2, 2, 3, 1, 3, 1, 3, 2, 2, 2, 2, 3, 3, 2, 3, -22 ] ], 
              [ [ 1, 3, 2, 2, 0, 1, 1, 2, 3, 1, 0, 1, 2, 2, 1, 1, 2, -12 ], [ 1, 1, 2, 2, 4, 3, 3, 2, 1, 3, 4, 3, 2, 2, 3, 3, 2, -26 ] ], 
              [ [ 1, 3, 1, 3, 1, 0, 0, 2, 3, 1, 1, 1, 2, 3, 1, 1, 2, -12 ], [ 1, 1, 3, 1, 3, 4, 4, 2, 1, 3, 3, 3, 2, 1, 3, 3, 2, -26 ] ], 
              [ [ 1, 3, 2, 2, 1, 1, 1, 2, 2, 2, 0, 1, 2, 1, 1, 1, 2, -13 ], [ 1, 1, 2, 2, 3, 3, 3, 2, 2, 2, 4, 3, 2, 3, 3, 3, 2, -25 ] ], 
              [ [ 1, 3, 1, 2, 1, 1, 0, 3, 3, 1, 1, 0, 3, 1, 1, 1, 2, -11 ], [ 1, 1, 3, 2, 3, 3, 4, 1, 1, 3, 3, 4, 1, 3, 3, 3, 2, -27 ] ], 
              [ [ 1, 3, 2, 2, 0, 2, 2, 3, 3, 1, 2, 1, 1, 1, 2, 2, 1, -15 ], [ 1, 1, 2, 2, 4, 2, 2, 1, 1, 3, 2, 3, 3, 3, 2, 2, 3, -23 ] ], 
              [ [ 1, 3, 1, 2, 2, 1, 1, 2, 3, 1, 1, 2, 1, 1, 1, 1, 1, -13 ], [ 1, 1, 3, 2, 2, 3, 3, 2, 1, 3, 3, 2, 3, 3, 3, 3, 3, -25 ] ], 
              [ [ 1, 2, 2, 3, 1, 3, 1, 3, 1, 1, 1, 3, 3, 2, 0, 1, 1, -15 ], [ 1, 2, 2, 1, 3, 1, 3, 1, 3, 3, 3, 1, 1, 2, 4, 3, 3, -23 ] ], 
              [ [ 1, 2, 1, 3, 2, 3, 0, 4, 1, 1, 2, 2, 4, 1, 0, 1, 1, -14 ], [ 1, 2, 3, 1, 2, 1, 4, 0, 3, 3, 2, 2, 0, 3, 4, 3, 3, -24 ] ], 
              [ [ 1, 2, 2, 3, 1, 4, 2, 4, 1, 1, 3, 3, 2, 1, 1, 2, 0, -18 ], [ 1, 2, 2, 1, 3, 0, 2, 0, 3, 3, 1, 1, 2, 3, 3, 2, 4, -20 ] ], 
              [ [ 1, 3, 1, 3, 1, 2, 1, 4, 3, 0, 2, 1, 3, 1, 1, 1, 1, -13 ], [ 1, 1, 3, 1, 3, 2, 3, 0, 1, 4, 2, 3, 1, 3, 3, 3, 3, -25 ] ], 
              [ [ 1, 3, 1, 2, 1, 2, 0, 4, 2, 2, 2, 1, 3, 1, 2, 1, 3, -15 ], [ 1, 1, 3, 2, 3, 2, 4, 0, 2, 2, 2, 3, 1, 3, 2, 3, 1, -23 ] ], 
              [ [ 1, 3, 1, 2, 2, 2, 1, 3, 2, 2, 2, 3, 1, 1, 2, 1, 2, -17 ], [ 1, 1, 3, 2, 2, 2, 3, 1, 2, 2, 2, 1, 3, 3, 2, 3, 2, -21 ] ], 
              [ [ 1, 2, 2, 3, 1, 3, 2, 3, 1, 2, 2, 2, 2, 2, 1, 1, 1, -17 ], [ 1, 2, 2, 1, 3, 1, 2, 1, 3, 2, 2, 2, 2, 2, 3, 3, 3, -21 ] ], 
              [ [ 1, 3, 1, 3, 1, 1, 1, 3, 3, 1, 1, 0, 3, 2, 1, 0, 2, -12 ], [ 1, 1, 3, 1, 3, 3, 3, 1, 1, 3, 3, 4, 1, 2, 3, 4, 2, -26 ] ], 
              [ [ 1, 3, 1, 2, 1, 1, 0, 3, 2, 3, 1, 0, 3, 2, 2, 0, 4, -14 ], [ 1, 1, 3, 2, 3, 3, 4, 1, 2, 1, 3, 4, 1, 2, 2, 4, 0, -24 ] ], 
              [ [ 1, 3, 2, 2, 0, 2, 2, 3, 2, 3, 2, 1, 1, 2, 3, 1, 3, -18 ], [ 1, 1, 2, 2, 4, 2, 2, 1, 2, 1, 2, 3, 3, 2, 1, 3, 1, -20 ] ], 
              [ [ 1, 3, 2, 1, 1, 2, 2, 2, 2, 3, 0, 2, 1, 1, 2, 0, 3, -16 ], [ 1, 1, 2, 3, 3, 2, 2, 2, 2, 1, 4, 2, 3, 3, 2, 4, 1, -22 ] ], 
              [ [ 1, 3, 1, 2, 2, 1, 1, 2, 2, 3, 1, 2, 1, 2, 2, 0, 3, -16 ], [ 1, 1, 3, 2, 2, 3, 3, 2, 2, 1, 3, 2, 3, 2, 2, 4, 1, -22 ] ], 
              [ [ 1, 3, 1, 3, 1, 2, 1, 4, 2, 2, 2, 1, 3, 2, 2, 0, 3, -16 ], [ 1, 1, 3, 1, 3, 2, 3, 0, 2, 2, 2, 3, 1, 2, 2, 4, 1, -22 ] ], 
              [ [ 1, 3, 1, 2, 2, 3, 2, 4, 2, 2, 2, 2, 2, 0, 2, 0, 2, -17 ], [ 1, 1, 3, 2, 2, 1, 2, 0, 2, 2, 2, 2, 2, 4, 2, 4, 2, -21 ] ], 
              [ [ 1, 2, 1, 3, 2, 2, 2, 3, 1, 1, 2, 2, 3, 1, 0, 1, 0, -14 ], [ 1, 2, 3, 1, 2, 2, 2, 1, 3, 3, 2, 2, 1, 3, 4, 3, 4, -24 ] ], 
              [ [ 1, 2, 1, 2, 1, 2, 1, 3, 1, 2, 2, 2, 3, 2, 1, 1, 2, -15 ], [ 1, 2, 3, 2, 3, 2, 3, 1, 3, 2, 2, 2, 1, 2, 3, 3, 2, -23 ] ], 
              [ [ 1, 2, 1, 2, 2, 2, 1, 3, 0, 3, 2, 2, 3, 1, 1, 1, 2, -16 ], [ 1, 2, 3, 2, 2, 2, 3, 1, 4, 1, 2, 2, 1, 3, 3, 3, 2, -22 ] ], 
              [ [ 1, 3, 1, 2, 1, 1, 2, 3, 2, 2, 2, 1, 2, 1, 2, 1, 2, -15 ], [ 1, 1, 3, 2, 3, 3, 2, 1, 2, 2, 2, 3, 2, 3, 2, 3, 2, -23 ] ], 
              [ [ 1, 3, 3, 1, -2, 3, 1, 3, 3, 1, 1, 1, 1, 3, 1, 1, 3, -14 ], [ 1, 1, 1, 3, 6, 1, 3, 1, 1, 3, 3, 3, 3, 1, 3, 3, 1, -24 ] ], 
              [ [ 1, 3, 2, 1, 0, 2, 0, 2, 3, 1, 0, 2, 1, 3, 0, 0, 3, -12 ], [ 1, 1, 2, 3, 4, 2, 4, 2, 1, 3, 4, 2, 3, 1, 4, 4, 1, -26 ] ], 
              [ [ 1, 3, 1, 1, 0, 2, 1, 3, 3, 1, 2, 2, 1, 3, 1, 0, 3, -14 ], [ 1, 1, 3, 3, 4, 2, 3, 1, 1, 3, 2, 2, 3, 1, 3, 4, 1, -24 ] ], 
              [ [ 1, 3, 2, 0, 0, 3, 2, 3, 2, 2, 1, 2, 1, 1, 1, 0, 3, -15 ], [ 1, 1, 2, 4, 4, 1, 2, 1, 2, 2, 3, 2, 3, 3, 3, 4, 1, -23 ] ], 
              [ [ 1, 3, 2, 3, 1, 3, 0, 3, 3, 1, 1, 1, 3, 1, 2, 0, 2, -14 ], [ 1, 1, 2, 1, 3, 1, 4, 1, 1, 3, 3, 3, 1, 3, 2, 4, 2, -24 ] ], 
              [ [ 1, 2, 2, 2, 0, 4, 1, 3, 2, 0, 2, 2, 3, 2, 0, 0, 1, -13 ], [ 1, 2, 2, 2, 4, 0, 3, 1, 2, 4, 2, 2, 1, 2, 4, 4, 3, -25 ] ], 
              [ [ 1, 3, 1, 1, 1, 3, 1, 3, 3, 1, 1, 1, 3, 1, 1, -2, 3, -12 ], [ 1, 1, 3, 3, 3, 1, 3, 1, 1, 3, 3, 3, 1, 3, 3, 6, 1, -26 ] ], 
              [ [ 1, 4, 1, 3, 2, 1, 1, 3, 2, 3, 2, 1, 2, 2, 2, 1, 2, -17 ], [ 1, 0, 3, 1, 2, 3, 3, 1, 2, 1, 2, 3, 2, 2, 2, 3, 2, -21 ] ], 
              [ [ 1, 4, 2, 2, 0, 2, 0, 3, 3, 1, 1, 1, 2, 3, 0, 1, 2, -13 ], [ 1, 0, 2, 2, 4, 2, 4, 1, 1, 3, 3, 3, 2, 1, 4, 3, 2, -25 ] ], 
              [ [ 1, 4, 2, 1, 0, 1, 1, 2, 2, 3, 1, 1, 1, 3, 1, 1, 3, -15 ], [ 1, 0, 2, 3, 4, 3, 3, 2, 2, 1, 3, 3, 3, 1, 3, 3, 1, -23 ] ], 
              [ [ 1, 4, 1, 2, 1, 2, 1, 4, 2, 2, 3, 1, 2, 2, 1, 1, 2, -16 ], [ 1, 0, 3, 2, 3, 2, 3, 0, 2, 2, 1, 3, 2, 2, 3, 3, 2, -22 ] ], 
              [ [ 1, 4, 1, 2, 1, 2, 0, 3, 3, 1, 2, 1, 3, 2, 1, 0, 2, -13 ], [ 1, 0, 3, 2, 3, 2, 4, 1, 1, 3, 2, 3, 1, 2, 3, 4, 2, -25 ] ], 
              [ [ 1, 2, 2, 3, 1, 2, 1, 4, 1, 1, 1, 1, 3, 1, 1, 0, 3, -14 ], [ 1, 2, 2, 1, 3, 2, 3, 0, 3, 3, 3, 3, 1, 3, 3, 4, 1, -24 ] ], 
              [ [ 1, 4, 3, 3, 1, 1, 1, 3, 2, 2, 0, 1, 1, 1, 2, 1, 3, -16 ], [ 1, 0, 1, 1, 3, 3, 3, 1, 2, 2, 4, 3, 3, 3, 2, 3, 1, -22 ] ], 
              [ [ 1, 3, 2, 4, 1, 1, 0, 4, 1, 1, 2, 1, 3, 2, 1, 2, 2, -15 ], [ 1, 1, 2, 0, 3, 3, 4, 0, 3, 3, 2, 3, 1, 2, 3, 2, 2, -23 ] ], 
              [ [ 1, 3, 2, 3, 2, 2, 1, 4, 1, 1, 2, 2, 2, 0, 1, 2, 1, -16 ], [ 1, 1, 2, 1, 2, 2, 3, 0, 3, 3, 2, 2, 2, 4, 3, 2, 3, -22 ] ], 
              [ [ 1, 3, 2, 3, 2, 1, 1, 3, 1, 2, 1, 1, 2, 1, 1, 1, 2, -15 ], [ 1, 1, 2, 1, 2, 3, 3, 1, 3, 2, 3, 3, 2, 3, 3, 3, 2, -23 ] ], 
              [ [ 1, 3, 2, 4, 2, 2, 2, 4, 1, 1, 2, 2, 2, 1, 1, 1, 1, -17 ], [ 1, 1, 2, 0, 2, 2, 2, 0, 3, 3, 2, 2, 2, 3, 3, 3, 3, -21 ] ], 
              [ [ 1, 3, 2, 3, 2, 2, 1, 4, 0, 3, 2, 2, 2, 1, 2, 1, 3, -19 ], [ 1, 1, 2, 1, 2, 2, 3, 0, 4, 1, 2, 2, 2, 3, 2, 3, 1, -19 ] ], 
              [ [ 1, 3, 3, 2, 0, 3, 0, 4, 1, 1, 1, 2, 2, 2, 0, 1, 3, -15 ], [ 1, 1, 1, 2, 4, 1, 4, 0, 3, 3, 3, 2, 2, 2, 4, 3, 1, -23 ] ], 
              [ [ 1, 3, 3, 2, 0, 2, 2, 3, 1, 1, 1, 2, 1, 2, 0, 1, 2, -15 ], [ 1, 1, 1, 2, 4, 2, 2, 1, 3, 3, 3, 2, 3, 2, 4, 3, 2, -23 ] ], 
              [ [ 1, 3, 2, 2, 0, 2, 1, 4, 2, 0, 2, 1, 2, 2, 0, 1, 2, -13 ], [ 1, 1, 2, 2, 4, 2, 3, 0, 2, 4, 2, 3, 2, 2, 4, 3, 2, -25 ] ], 
              [ [ 1, 3, 2, 2, 1, 2, 1, 4, 1, 1, 2, 1, 2, 1, 0, 1, 2, -14 ], [ 1, 1, 2, 2, 3, 2, 3, 0, 3, 3, 2, 3, 2, 3, 4, 3, 2, -24 ] ], 
              [ [ 1, 3, 2, 2, 1, 2, 0, 3, 2, 0, 1, 1, 3, 1, 0, 0, 2, -11 ], [ 1, 1, 2, 2, 3, 2, 4, 1, 2, 4, 3, 3, 1, 3, 4, 4, 2, -27 ] ], 
              [ [ 1, 3, 3, 2, 0, 1, 1, 2, 3, 3, 0, 2, 1, 4, 2, 2, 3, -18 ], [ 1, 1, 1, 2, 4, 3, 3, 2, 1, 1, 4, 2, 3, 0, 2, 2, 1, -20 ] ], 
              [ [ 1, 3, 3, 1, 1, 1, 1, 1, 3, 3, -2, 3, 1, 3, 1, 1, 3, -16 ], [ 1, 1, 1, 3, 3, 3, 3, 3, 1, 1, 6, 1, 3, 1, 3, 3, 1, -22 ] ], 
              [ [ 1, 3, 3, 1, 1, 2, 2, 2, 3, 3, 0, 3, 0, 2, 2, 2, 2, -19 ], [ 1, 1, 1, 3, 3, 2, 2, 2, 1, 1, 4, 1, 4, 2, 2, 2, 2, -19 ] ], 
              [ [ 1, 3, 2, 2, 2, 2, 1, 3, 3, 2, 0, 3, 2, 2, 1, 1, 2, -17 ], [ 1, 1, 2, 2, 2, 2, 3, 1, 1, 2, 4, 1, 2, 2, 3, 3, 2, -21 ] ], 
              [ [ 1, 2, 2, 2, 1, 1, 0, 2, 2, 2, 0, 3, 3, 4, 0, 2, 2, -15 ], [ 1, 2, 2, 2, 3, 3, 4, 2, 2, 2, 4, 1, 1, 0, 4, 2, 2, -23 ] ], 
              [ [ 1, 2, 2, 2, 1, 2, 1, 3, 2, 2, 2, 3, 2, 3, 1, 3, 1, -18 ], [ 1, 2, 2, 2, 3, 2, 3, 1, 2, 2, 2, 1, 2, 1, 3, 1, 3, -20 ] ], 
              [ [ 1, 2, 2, 1, 2, 2, 1, 2, 2, 2, 0, 4, 2, 2, 0, 2, 1, -16 ], [ 1, 2, 2, 3, 2, 2, 3, 2, 2, 2, 4, 0, 2, 2, 4, 2, 3, -22 ] ], 
              [ [ 1, 2, 3, 2, 1, 3, 3, 3, 1, 3, 1, 3, 2, 2, 1, 2, 1, -20 ], [ 1, 2, 1, 2, 3, 1, 1, 1, 3, 1, 3, 1, 2, 2, 3, 2, 3, -18 ] ], 
              [ [ 1, 2, 2, 2, 2, 2, 2, 2, 2, 2, 0, 4, 2, 3, 0, 1, 1, -17 ], [ 1, 2, 2, 2, 2, 2, 2, 2, 2, 2, 4, 0, 2, 1, 4, 3, 3, -21 ] ], 
              [ [ 1, 2, 2, 1, 2, 2, 1, 2, 1, 4, 0, 4, 2, 3, 1, 1, 3, -19 ], [ 1, 2, 2, 3, 2, 2, 3, 2, 3, 0, 4, 0, 2, 1, 3, 3, 1, -19 ] ], 
              [ [ 1, 3, 2, 1, 1, 1, 2, 2, 3, 3, 0, 3, 1, 3, 2, 1, 3, -18 ], [ 1, 1, 2, 3, 3, 3, 2, 2, 1, 1, 4, 1, 3, 1, 2, 3, 1, -20 ] ], 
              [ [ 1, 3, 2, 1, 2, 1, 2, 2, 2, 4, 0, 3, 1, 2, 2, 1, 3, -19 ], [ 1, 1, 2, 3, 2, 3, 2, 2, 2, 0, 4, 1, 3, 2, 2, 3, 1, -19 ] ], 
              [ [ 1, 3, 1, 1, 2, 1, 1, 3, 3, 3, 1, 2, 2, 2, 2, 1, 3, -17 ], [ 1, 1, 3, 3, 2, 3, 3, 1, 1, 1, 3, 2, 2, 2, 2, 3, 1, -21 ] ], 
              [ [ 1, 2, 3, 2, 1, 3, 2, 2, 2, 2, 0, 3, 3, 2, 1, 1, 1, -17 ], [ 1, 2, 1, 2, 3, 1, 2, 2, 2, 2, 4, 1, 1, 2, 3, 3, 3, -21 ] ], 
              [ [ 1, 2, 2, 2, 2, 3, 1, 3, 2, 2, 1, 2, 4, 1, 1, 1, 1, -16 ], [ 1, 2, 2, 2, 2, 1, 3, 1, 2, 2, 3, 2, 0, 3, 3, 3, 3, -22 ] ], 
              [ [ 1, 4, 2, 3, 2, 0, 0, 2, 3, 3, 0, 2, 2, 4, 1, 2, 2, -17 ], [ 1, 0, 2, 1, 2, 4, 4, 2, 1, 1, 4, 2, 2, 0, 3, 2, 2, -21 ] ], 
              [ [ 1, 4, 2, 2, 2, 1, 2, 3, 2, 4, 1, 2, 2, 2, 2, 2, 2, -20 ], [ 1, 0, 2, 2, 2, 3, 2, 1, 2, 0, 3, 2, 2, 2, 2, 2, 2, -18 ] ], 
              [ [ 1, 4, 2, 1, 1, 2, 1, 3, 3, 3, 1, 3, 1, 4, 1, 1, 3, -19 ], [ 1, 0, 2, 3, 3, 2, 3, 1, 1, 1, 3, 1, 3, 0, 3, 3, 1, -19 ] ], 
              [ [ 1, 4, 2, 0, 1, 1, 2, 2, 3, 3, 1, 3, 0, 3, 1, 2, 2, -18 ], [ 1, 0, 2, 4, 3, 3, 2, 2, 1, 1, 3, 1, 4, 1, 3, 2, 2, -20 ] ], 
              [ [ 1, 4, 3, 1, 0, 2, 1, 2, 4, 2, 0, 1, 2, 3, 1, 1, 2, -15 ], [ 1, 0, 1, 3, 4, 2, 3, 2, 0, 2, 4, 3, 2, 1, 3, 3, 2, -23 ] ], 
              [ [ 1, 3, 3, 2, 1, 4, 1, 3, 2, 2, 1, 3, 3, 3, 0, 1, 1, -18 ], [ 1, 1, 1, 2, 3, 0, 3, 1, 2, 2, 3, 1, 1, 1, 4, 3, 3, -20 ] ], 
              [ [ 1, 4, 3, 1, 0, 3, 1, 3, 3, 3, 1, 2, 2, 3, 2, 1, 3, -19 ], [ 1, 0, 1, 3, 4, 1, 3, 1, 1, 1, 3, 2, 2, 1, 2, 3, 1, -19 ] ], 
              [ [ 1, 4, 2, 1, 2, 2, 0, 2, 3, 3, 0, 3, 2, 3, 1, 0, 3, -17 ], [ 1, 0, 2, 3, 2, 2, 4, 2, 1, 1, 4, 1, 2, 1, 3, 4, 1, -21 ] ], 
              [ [ 1, 3, 3, 1, 1, 3, 2, 2, 2, 2, 1, 3, 2, 2, 0, 2, 0, -17 ], [ 1, 1, 1, 3, 3, 1, 2, 2, 2, 2, 3, 1, 2, 2, 4, 2, 4, -21 ] ], 
              [ [ 1, 3, 3, 1, 1, 3, 2, 2, 1, 4, 1, 3, 2, 3, 1, 1, 2, -20 ], [ 1, 1, 1, 3, 3, 1, 2, 2, 3, 0, 3, 1, 2, 1, 3, 3, 2, -18 ] ], 
              [ [ 1, 3, 2, 1, 1, 3, 1, 3, 2, 3, 2, 2, 3, 3, 1, 1, 2, -18 ], [ 1, 1, 2, 3, 3, 1, 3, 1, 2, 1, 2, 2, 1, 1, 3, 3, 2, -20 ] ], 
              [ [ 1, 4, 2, 1, 1, 1, 1, 2, 3, 3, 0, 1, 3, 3, 1, 0, 3, -15 ], [ 1, 0, 2, 3, 3, 3, 3, 2, 1, 1, 4, 3, 1, 1, 3, 4, 1, -23 ] ], 
              [ [ 1, 4, 2, 1, 1, 2, 2, 3, 3, 3, 2, 1, 2, 2, 2, 1, 2, -18 ], [ 1, 0, 2, 3, 3, 2, 2, 1, 1, 1, 2, 3, 2, 2, 2, 3, 2, -20 ] ], 
              [ [ 1, 4, 1, 1, 2, 1, 1, 2, 4, 2, 1, 2, 2, 3, 1, 0, 2, -15 ], [ 1, 0, 3, 3, 2, 3, 3, 2, 0, 2, 3, 2, 2, 1, 3, 4, 2, -23 ] ], 
              [ [ 1, 4, 2, 0, 2, 2, 2, 2, 3, 3, 0, 2, 2, 1, 1, 0, 2, -16 ], [ 1, 0, 2, 4, 2, 2, 2, 2, 1, 1, 4, 2, 2, 3, 3, 4, 2, -22 ] ], 
              [ [ 1, 3, 1, 1, 2, 2, 1, 3, 2, 2, 2, 2, 4, 2, 0, 1, 1, -15 ], [ 1, 1, 3, 3, 2, 2, 3, 1, 2, 2, 2, 2, 0, 2, 4, 3, 3, -23 ] ], 
              [ [ 1, 3, 3, 3, 2, 1, 0, 3, 1, 3, 0, 3, 2, 3, 1, 2, 3, -19 ], [ 1, 1, 1, 1, 2, 3, 4, 1, 3, 1, 4, 1, 2, 1, 3, 2, 1, -19 ] ], 
              [ [ 1, 3, 2, 3, 2, 0, 1, 3, 2, 2, 1, 2, 2, 3, 1, 2, 2, -17 ], [ 1, 1, 2, 1, 2, 4, 3, 1, 2, 2, 3, 2, 2, 1, 3, 2, 2, -21 ] ], 
              [ [ 1, 3, 3, 2, 2, 1, 2, 3, 1, 3, 0, 2, 2, 1, 1, 2, 2, -18 ], [ 1, 1, 1, 2, 2, 3, 2, 1, 3, 1, 4, 2, 2, 3, 3, 2, 2, -20 ] ], 
              [ [ 1, 3, 3, 1, 1, 2, 1, 3, 2, 2, 0, 3, 1, 3, 0, 1, 3, -17 ], [ 1, 1, 1, 3, 3, 2, 3, 1, 2, 2, 4, 1, 3, 1, 4, 3, 1, -21 ] ], 
              [ [ 1, 3, 4, 1, 0, 3, 1, 3, 2, 2, 0, 2, 2, 2, 1, 1, 3, -17 ], [ 1, 1, 0, 3, 4, 1, 3, 1, 2, 2, 4, 2, 2, 2, 3, 3, 1, -21 ] ], 
              [ [ 1, 2, 3, 2, 1, 4, 2, 4, 1, 1, 2, 3, 3, 2, 0, 1, 1, -18 ], [ 1, 2, 1, 2, 3, 0, 2, 0, 3, 3, 2, 1, 1, 2, 4, 3, 3, -20 ] ], 
              [ [ 1, 3, 2, 1, 2, 2, 1, 3, 2, 2, 1, 3, 2, 2, 1, 0, 3, -17 ], [ 1, 1, 2, 3, 2, 2, 3, 1, 2, 2, 3, 1, 2, 2, 3, 4, 1, -21 ] ], 
              [ [ 1, 4, 3, 2, 1, 1, 0, 3, 2, 2, 1, 3, 1, 4, 0, 3, 2, -18 ], [ 1, 0, 1, 2, 3, 3, 4, 1, 2, 2, 3, 1, 3, 0, 4, 1, 2, -20 ] ], 
              [ [ 1, 4, 4, 2, 1, 2, 2, 3, 1, 3, 0, 3, 1, 3, 0, 2, 2, -20 ], [ 1, 0, 0, 2, 3, 2, 2, 1, 3, 1, 4, 1, 3, 1, 4, 2, 2, -18 ] ], 
              [ [ 1, 4, 3, 1, 1, 1, 2, 3, 1, 4, 1, 2, 1, 3, 1, 2, 3, -20 ], [ 1, 0, 1, 3, 3, 3, 2, 1, 3, 0, 3, 2, 3, 1, 3, 2, 1, -18 ] ], 
              [ [ 1, 4, 3, 3, 1, 2, 0, 4, 2, 2, 2, 1, 3, 3, 1, 2, 2, -18 ], [ 1, 0, 1, 1, 3, 2, 4, 0, 2, 2, 2, 3, 1, 1, 3, 2, 2, -20 ] ], 
              [ [ 1, 4, 3, 2, 2, 2, 0, 3, 2, 2, 0, 2, 3, 2, 0, 1, 2, -16 ], [ 1, 0, 1, 2, 2, 2, 4, 1, 2, 2, 4, 2, 1, 2, 4, 3, 2, -22 ] ], 
              [ [ 1, 4, 4, 2, 1, 3, 2, 3, 2, 2, 1, 3, 1, 2, 1, 2, 1, -20 ], [ 1, 0, 0, 2, 3, 1, 2, 1, 2, 2, 3, 1, 3, 2, 3, 2, 3, -18 ] ], 
              [ [ 1, 3, 4, 2, 1, 3, 2, 3, 0, 3, 1, 2, 3, 2, 0, 2, 1, -19 ], [ 1, 1, 0, 2, 3, 1, 2, 1, 4, 1, 3, 2, 1, 2, 4, 2, 3, -19 ] ], 
              [ [ 1, 4, 3, 2, 2, 1, 2, 2, 2, 2, 0, 2, 2, 2, 0, 1, 1, -16 ], [ 1, 0, 1, 2, 2, 3, 2, 2, 2, 2, 4, 2, 2, 2, 4, 3, 3, -22 ] ], 
              [ [ 1, 4, 3, 1, 2, 1, 1, 2, 1, 4, 0, 2, 2, 2, 1, 1, 3, -18 ], [ 1, 0, 1, 3, 2, 3, 3, 2, 3, 0, 4, 2, 2, 2, 3, 3, 1, -20 ] ], 
              [ [ 1, 4, 3, 2, 2, 2, 2, 3, 1, 3, 1, 3, 2, 2, 1, 1, 2, -20 ], [ 1, 0, 1, 2, 2, 2, 2, 1, 3, 1, 3, 1, 2, 2, 3, 3, 2, -18 ] ], 
              [ [ 1, 4, 2, 2, 2, 2, 1, 4, 2, 2, 2, 2, 3, 2, 1, 1, 2, -18 ], [ 1, 0, 2, 2, 2, 2, 3, 0, 2, 2, 2, 2, 1, 2, 3, 3, 2, -20 ] ], 
              [ [ 1, 4, 2, 2, 3, 2, 1, 4, 1, 3, 2, 2, 3, 1, 1, 1, 2, -19 ], [ 1, 0, 2, 2, 1, 2, 3, 0, 3, 1, 2, 2, 1, 3, 3, 3, 2, -19 ] ], 
              [ [ 1, 3, 2, 2, 3, 2, 2, 3, 0, 3, 2, 3, 3, 2, 0, 1, 1, -19 ], [ 1, 1, 2, 2, 1, 2, 2, 1, 4, 1, 2, 1, 1, 2, 4, 3, 3, -19 ] ], 
              [ [ 1, 4, 4, 1, 0, 3, 2, 3, 2, 2, 1, 2, 1, 3, 0, 1, 2, -18 ], [ 1, 0, 0, 3, 4, 1, 2, 1, 2, 2, 3, 2, 3, 1, 4, 3, 2, -20 ] ], 
              [ [ 1, 3, 3, 1, 1, 3, 1, 3, 1, 1, 1, 3, 3, 3, -2, 1, 1, -15 ], [ 1, 1, 1, 3, 3, 1, 3, 1, 3, 3, 3, 1, 1, 1, 6, 3, 3, -23 ] ], 
              [ [ 1, 4, 3, 0, 0, 2, 1, 3, 2, 2, 1, 2, 2, 3, 0, 1, 3, -16 ], [ 1, 0, 1, 4, 4, 2, 3, 1, 2, 2, 3, 2, 2, 1, 4, 3, 1, -22 ] ], 
              [ [ 1, 4, 2, 1, 1, 2, 1, 4, 2, 2, 2, 1, 3, 3, 0, 0, 3, -16 ], [ 1, 0, 2, 3, 3, 2, 3, 0, 2, 2, 2, 3, 1, 1, 4, 4, 1, -22 ] ], 
              [ [ 1, 4, 3, 0, 1, 3, 3, 3, 2, 2, 1, 3, 1, 2, 0, 0, 2, -18 ], [ 1, 0, 1, 4, 3, 1, 1, 1, 2, 2, 3, 1, 3, 2, 4, 4, 2, -20 ] ], 
              [ [ 1, 6, 3, 1, 1, 1, 1, 3, 3, 3, 1, 1, 1, 3, 1, 1, 3, -18 ], [ 1, -2, 1, 3, 3, 3, 3, 1, 1, 1, 3, 3, 3, 1, 3, 3, 1, -20 ] ], 
              [ [ 1, 0, 0, 3, 2, 2, 1, 2, 3, 1, 2, 2, 2, 1, 4, 1, 3, -16 ], [ 1, 4, 4, 1, 2, 2, 3, 2, 1, 3, 2, 2, 2, 3, 0, 3, 1, -22 ] ], 
              [ [ 1, 1, 1, 4, 2, 1, 2, 1, 3, 1, 1, 1, 2, 1, 3, 2, 1, -15 ], [ 1, 3, 3, 0, 2, 3, 2, 3, 1, 3, 3, 3, 2, 3, 1, 2, 3, -23 ] ], 
              [ [ 1, 1, 1, 3, 2, 1, 1, 1, 2, 3, 1, 1, 2, 1, 4, 2, 3, -17 ], [ 1, 3, 3, 1, 2, 3, 3, 3, 2, 1, 3, 3, 2, 3, 0, 2, 1, -21 ] ], 
              [ [ 1, 1, 1, 4, 2, 2, 2, 2, 2, 2, 2, 2, 2, 1, 4, 2, 2, -19 ], [ 1, 3, 3, 0, 2, 2, 2, 2, 2, 2, 2, 2, 2, 3, 0, 2, 2, -19 ] ], 
              [ [ 1, 1, 0, 4, 3, 2, 1, 3, 2, 2, 3, 1, 3, 0, 4, 2, 2, -18 ], [ 1, 3, 4, 0, 1, 2, 3, 1, 2, 2, 1, 3, 1, 4, 0, 2, 2, -20 ] ], 
              [ [ 1, 0, 0, 4, 3, 2, 2, 2, 1, 2, 3, 2, 3, 1, 3, 2, 1, -18 ], [ 1, 4, 4, 0, 1, 2, 2, 2, 3, 2, 1, 2, 1, 3, 1, 2, 3, -20 ] ], 
              [ [ 1, 1, 0, 4, 3, 1, 3, 2, 2, 2, 3, 1, 2, 0, 4, 2, 1, -18 ], [ 1, 3, 4, 0, 1, 3, 1, 2, 2, 2, 1, 3, 2, 4, 0, 2, 3, -20 ] ], 
              [ [ 1, 1, 2, 3, 0, 3, 2, 2, 3, 1, 2, 1, 1, 2, 3, 2, 2, -17 ], [ 1, 3, 2, 1, 4, 1, 2, 2, 1, 3, 2, 3, 3, 2, 1, 2, 2, -21 ] ], 
              [ [ 1, 2, 1, 2, 1, 1, 1, 1, 4, 2, 1, 1, 0, 2, 4, 1, 4, -16 ], [ 1, 2, 3, 2, 3, 3, 3, 3, 0, 2, 3, 3, 4, 2, 0, 3, 0, -22 ] ], 
              [ [ 1, 0, 1, 3, 1, 3, 1, 2, 2, 0, 2, 2, 3, 2, 1, 2, 1, -14 ], [ 1, 4, 3, 1, 3, 1, 3, 2, 2, 4, 2, 2, 1, 2, 3, 2, 3, -24 ] ], 
              [ [ 1, 1, 1, 3, 1, 2, 2, 2, 3, 0, 2, 1, 2, 1, 2, 2, 1, -14 ], [ 1, 3, 3, 1, 3, 2, 2, 2, 1, 4, 2, 3, 2, 3, 2, 2, 3, -24 ] ], 
              [ [ 1, 1, 1, 2, 0, 2, 1, 2, 3, 1, 2, 1, 2, 2, 3, 2, 3, -15 ], [ 1, 3, 3, 2, 4, 2, 3, 2, 1, 3, 2, 3, 2, 2, 1, 2, 1, -23 ] ], 
              [ [ 1, 1, 0, 3, 1, 1, 0, 2, 3, 1, 3, 1, 2, 3, 3, 2, 3, -15 ], [ 1, 3, 4, 1, 3, 3, 4, 2, 1, 3, 1, 3, 2, 1, 1, 2, 1, -23 ] ], 
              [ [ 1, 1, 1, 2, 1, 2, 1, 2, 2, 2, 2, 1, 2, 1, 3, 2, 3, -16 ], [ 1, 3, 3, 2, 3, 2, 3, 2, 2, 2, 2, 3, 2, 3, 1, 2, 1, -22 ] ], 
              [ [ 1, 1, 0, 2, 2, 1, 0, 1, 3, 1, 1, 2, 2, 2, 2, 1, 3, -13 ], [ 1, 3, 4, 2, 2, 3, 4, 3, 1, 3, 3, 2, 2, 2, 2, 3, 1, -25 ] ], 
              [ [ 1, 1, 1, 2, 1, 2, 2, 1, 3, 1, 2, 3, 0, 2, 3, 2, 2, -17 ], [ 1, 3, 3, 2, 3, 2, 2, 3, 1, 3, 2, 1, 4, 2, 1, 2, 2, -21 ] ], 
              [ [ 1, 1, 0, 2, 2, 2, 1, 2, 3, 1, 3, 2, 1, 1, 3, 2, 2, -16 ], [ 1, 3, 4, 2, 2, 2, 3, 2, 1, 3, 1, 2, 3, 3, 1, 2, 2, -22 ] ], 
              [ [ 1, 1, 1, 3, 1, 2, 2, 2, 2, 2, 2, 1, 2, 2, 3, 1, 3, -17 ], [ 1, 3, 3, 1, 3, 2, 2, 2, 2, 2, 2, 3, 2, 2, 1, 3, 1, -21 ] ], 
              [ [ 1, 1, 0, 3, 1, 2, 1, 3, 3, 1, 3, 0, 3, 2, 3, 1, 3, -15 ], [ 1, 3, 4, 1, 3, 2, 3, 1, 1, 3, 1, 4, 1, 2, 1, 3, 1, -23 ] ], 
              [ [ 1, 1, 1, 2, 1, 3, 3, 2, 3, 1, 2, 2, 1, 1, 3, 1, 2, -17 ], [ 1, 3, 3, 2, 3, 1, 1, 2, 1, 3, 2, 2, 3, 3, 1, 3, 2, -21 ] ], 
              [ [ 1, 1, 0, 3, 2, 2, 2, 2, 3, 1, 3, 2, 1, 2, 3, 1, 2, -17 ], [ 1, 3, 4, 1, 2, 2, 2, 2, 1, 3, 1, 2, 3, 2, 1, 3, 2, -21 ] ], 
              [ [ 1, 1, 1, 2, 2, 3, 3, 2, 2, 2, 2, 2, 1, 0, 3, 1, 2, -18 ], [ 1, 3, 3, 2, 2, 1, 1, 2, 2, 2, 2, 2, 3, 4, 1, 3, 2, -20 ] ], 
              [ [ 1, 0, 1, 2, 1, 2, 2, 1, 1, 2, 2, 2, 2, 2, 2, 2, 2, -16 ], [ 1, 4, 3, 2, 3, 2, 2, 3, 3, 2, 2, 2, 2, 2, 2, 2, 2, -22 ] ], 
              [ [ 1, 1, 0, 2, 1, 1, 2, 2, 3, 1, 3, 0, 2, 1, 3, 2, 2, -14 ], [ 1, 3, 4, 2, 3, 3, 2, 2, 1, 3, 1, 4, 2, 3, 1, 2, 2, -24 ] ], 
              [ [ 1, 0, 0, 3, 2, 3, 2, 3, 1, 1, 4, 2, 3, 1, 2, 2, 1, -17 ], [ 1, 4, 4, 1, 2, 1, 2, 1, 3, 3, 0, 2, 1, 3, 2, 2, 3, -21 ] ], 
              [ [ 1, 1, 0, 3, 2, 2, 0, 2, 3, 1, 2, 0, 4, 1, 3, 0, 3, -13 ], [ 1, 3, 4, 1, 2, 2, 4, 2, 1, 3, 2, 4, 0, 3, 1, 4, 1, -25 ] ], 
              [ [ 1, 1, 1, 3, 1, 3, 2, 2, 3, 1, 3, 1, 2, 1, 4, 1, 2, -17 ], [ 1, 3, 3, 1, 3, 1, 2, 2, 1, 3, 1, 3, 2, 3, 0, 3, 2, -21 ] ], 
              [ [ 1, 1, 1, 2, 2, 3, 2, 1, 3, 1, 1, 2, 2, 0, 3, 0, 2, -15 ], [ 1, 3, 3, 2, 2, 1, 2, 3, 1, 3, 3, 2, 2, 4, 1, 4, 2, -23 ] ], 
              [ [ 1, 0, 0, 3, 2, 3, 1, 2, 2, 0, 3, 2, 4, 1, 2, 1, 1, -14 ], [ 1, 4, 4, 1, 2, 1, 3, 2, 2, 4, 1, 2, 0, 3, 2, 3, 3, -24 ] ], 
              [ [ 1, 3, 1, 3, 1, 1, 1, 2, 4, 2, 2, 0, 1, 2, 4, 2, 3, -17 ], [ 1, 1, 3, 1, 3, 3, 3, 2, 0, 2, 2, 4, 3, 2, 0, 2, 1, -21 ] ], 
              [ [ 1, 2, 1, 3, 2, 2, 2, 2, 2, 2, 3, 2, 1, 1, 3, 3, 1, -19 ], [ 1, 2, 3, 1, 2, 2, 2, 2, 2, 2, 1, 2, 3, 3, 1, 1, 3, -19 ] ], 
              [ [ 1, 2, 1, 3, 2, 1, 2, 1, 2, 3, 2, 1, 1, 2, 3, 2, 2, -18 ], [ 1, 2, 3, 1, 2, 3, 2, 3, 2, 1, 2, 3, 3, 2, 1, 2, 2, -20 ] ], 
              [ [ 1, 2, 1, 2, 0, 2, 2, 2, 3, 1, 3, 1, 1, 3, 2, 2, 2, -16 ], [ 1, 2, 3, 2, 4, 2, 2, 2, 1, 3, 1, 3, 3, 1, 2, 2, 2, -22 ] ], 
              [ [ 1, 2, 0, 4, 3, 2, 1, 2, 3, 1, 3, 1, 3, 1, 3, 1, 1, -16 ], [ 1, 2, 4, 0, 1, 2, 3, 2, 1, 3, 1, 3, 1, 3, 1, 3, 3, -22 ] ], 
              [ [ 1, 2, 1, 2, 1, 2, 1, 1, 3, 1, 2, 1, 2, 2, 2, 1, 2, -14 ], [ 1, 2, 3, 2, 3, 2, 3, 3, 1, 3, 2, 3, 2, 2, 2, 3, 2, -24 ] ], 
              [ [ 1, 2, 0, 2, 1, 2, 0, 2, 4, 0, 3, 0, 3, 2, 2, 1, 2, -12 ], [ 1, 2, 4, 2, 3, 2, 4, 2, 0, 4, 1, 4, 1, 2, 2, 3, 2, -26 ] ], 
              [ [ 1, 2, 1, 2, 1, 3, 2, 2, 3, 1, 2, 0, 3, 1, 2, 0, 2, -14 ], [ 1, 2, 3, 2, 3, 1, 2, 2, 1, 3, 2, 4, 1, 3, 2, 4, 2, -24 ] ], 
              [ [ 1, 0, 2, 4, 2, 2, 2, 2, 1, 1, 1, 2, 2, 0, 3, 2, 2, -17 ], [ 1, 4, 2, 0, 2, 2, 2, 2, 3, 3, 3, 2, 2, 4, 1, 2, 2, -21 ] ], 
              [ [ 1, 1, 1, 6, 3, 1, 1, 3, 1, 1, 3, 1, 3, 1, 3, 3, 1, -18 ], [ 1, 3, 3, -2, 1, 3, 3, 1, 3, 3, 1, 3, 1, 3, 1, 1, 3, -20 ] ], 
              [ [ 1, 2, 2, 3, 1, 1, 1, 2, 3, 1, 1, 0, 1, 1, 3, 2, 3, -15 ], [ 1, 2, 2, 1, 3, 3, 3, 2, 1, 3, 3, 4, 3, 3, 1, 2, 1, -23 ] ], 
              [ [ 1, 1, 2, 4, 2, 3, 1, 3, 1, 1, 2, 2, 2, 1, 2, 2, 2, -18 ], [ 1, 3, 2, 0, 2, 1, 3, 1, 3, 3, 2, 2, 2, 3, 2, 2, 2, -20 ] ], 
              [ [ 1, 2, 2, 4, 1, 2, 2, 3, 3, 0, 2, 1, 1, 1, 3, 2, 2, -17 ], [ 1, 2, 2, 0, 3, 2, 2, 1, 1, 4, 2, 3, 3, 3, 1, 2, 2, -21 ] ], 
              [ [ 1, 2, 2, 3, 1, 2, 1, 3, 2, 2, 2, 1, 1, 1, 4, 2, 4, -19 ], [ 1, 2, 2, 1, 3, 2, 3, 1, 2, 2, 2, 3, 3, 3, 0, 2, 0, -19 ] ], 
              [ [ 1, 1, 2, 4, 1, 1, 1, 2, 1, 1, 2, 1, 2, 2, 2, 3, 2, -16 ], [ 1, 3, 2, 0, 3, 3, 3, 2, 3, 3, 2, 3, 2, 2, 2, 1, 2, -22 ] ], 
              [ [ 1, 1, 1, 4, 1, 1, 0, 3, 2, 0, 3, 0, 3, 2, 2, 3, 2, -14 ], [ 1, 3, 3, 0, 3, 3, 4, 1, 2, 4, 1, 4, 1, 2, 2, 1, 2, -24 ] ], 
              [ [ 1, 1, 2, 3, 1, 2, 2, 2, 2, 0, 2, 2, 1, 1, 2, 3, 1, -16 ], [ 1, 3, 2, 1, 3, 2, 2, 2, 2, 4, 2, 2, 3, 3, 2, 1, 3, -22 ] ], 
              [ [ 1, 1, 1, 4, 2, 1, 1, 2, 2, 0, 3, 2, 1, 2, 2, 3, 1, -16 ], [ 1, 3, 3, 0, 2, 3, 3, 2, 2, 4, 1, 2, 3, 2, 2, 1, 3, -22 ] ], 
              [ [ 1, 1, 2, 3, 2, 2, 2, 2, 1, 1, 2, 2, 1, 0, 2, 3, 1, -17 ], [ 1, 3, 2, 1, 2, 2, 2, 2, 3, 3, 2, 2, 3, 4, 2, 1, 3, -21 ] ], 
              [ [ 1, 1, 2, 4, 1, 2, 2, 3, 1, 1, 2, 0, 3, 1, 2, 2, 2, -16 ], [ 1, 3, 2, 0, 3, 2, 2, 1, 3, 3, 2, 4, 1, 3, 2, 2, 2, -22 ] ], 
              [ [ 1, 1, 2, 4, 2, 2, 3, 2, 1, 1, 2, 2, 1, 1, 2, 2, 1, -18 ], [ 1, 3, 2, 0, 2, 2, 1, 2, 3, 3, 2, 2, 3, 3, 2, 2, 3, -20 ] ], 
              [ [ 1, 1, 1, 4, 2, 2, 2, 3, 2, 0, 3, 1, 2, 1, 2, 2, 1, -16 ], [ 1, 3, 3, 0, 2, 2, 2, 1, 2, 4, 1, 3, 2, 3, 2, 2, 3, -22 ] ], 
              [ [ 1, 1, 2, 3, 1, 2, 2, 2, 1, 2, 2, 2, 1, 2, 3, 2, 3, -19 ], [ 1, 3, 2, 1, 3, 2, 2, 2, 3, 2, 2, 2, 3, 2, 1, 2, 1, -19 ] ], 
              [ [ 1, 1, 2, 3, 2, 2, 2, 2, 0, 3, 2, 2, 1, 1, 3, 2, 3, -20 ], [ 1, 3, 2, 1, 2, 2, 2, 2, 4, 1, 2, 2, 3, 3, 1, 2, 1, -18 ] ], 
              [ [ 1, 1, 1, 3, 2, 2, 1, 3, 1, 2, 3, 1, 2, 1, 3, 2, 3, -18 ], [ 1, 3, 3, 1, 2, 2, 3, 1, 3, 2, 1, 3, 2, 3, 1, 2, 1, -20 ] ], 
              [ [ 1, 2, 1, 3, 2, 0, 1, 2, 2, 2, 1, 0, 2, 1, 3, 1, 4, -15 ], [ 1, 2, 3, 1, 2, 4, 3, 2, 2, 2, 3, 4, 2, 3, 1, 3, 0, -23 ] ], 
              [ [ 1, 2, 2, 3, 1, 1, 3, 2, 2, 2, 2, 1, 0, 1, 4, 2, 3, -19 ], [ 1, 2, 2, 1, 3, 3, 1, 2, 2, 2, 2, 3, 4, 3, 0, 2, 1, -19 ] ], 
              [ [ 1, 2, 1, 3, 1, 1, 2, 3, 3, 1, 3, 0, 1, 1, 4, 2, 3, -17 ], [ 1, 2, 3, 1, 3, 3, 2, 1, 1, 3, 1, 4, 3, 3, 0, 2, 1, -21 ] ], 
              [ [ 1, 2, 1, 3, 2, 1, 2, 3, 2, 2, 3, 0, 1, 0, 4, 2, 3, -18 ], [ 1, 2, 3, 1, 2, 3, 2, 1, 2, 2, 1, 4, 3, 4, 0, 2, 1, -20 ] ], 
              [ [ 1, 2, 0, 3, 3, 0, 1, 2, 3, 1, 2, 1, 1, 1, 3, 1, 3, -15 ], [ 1, 2, 4, 1, 1, 4, 3, 2, 1, 3, 2, 3, 3, 3, 1, 3, 1, -23 ] ], 
              [ [ 1, 1, 1, 4, 2, 3, 2, 4, 1, 1, 4, 2, 2, 1, 3, 2, 2, -20 ], [ 1, 3, 3, 0, 2, 1, 2, 0, 3, 3, 0, 2, 2, 3, 1, 2, 2, -18 ] ], 
              [ [ 1, 1, 1, 3, 2, 1, 2, 2, 1, 1, 2, 2, 2, 1, 2, 2, 2, -16 ], [ 1, 3, 3, 1, 2, 3, 2, 2, 3, 3, 2, 2, 2, 3, 2, 2, 2, -22 ] ], 
              [ [ 1, 1, 0, 3, 3, 1, 1, 3, 1, 1, 3, 1, 3, 0, 2, 2, 2, -15 ], [ 1, 3, 4, 1, 1, 3, 3, 1, 3, 3, 1, 3, 1, 4, 2, 2, 2, -23 ] ], 
              [ [ 1, 1, 1, 3, 2, 2, 3, 3, 1, 1, 4, 2, 1, 0, 3, 3, 1, -19 ], [ 1, 3, 3, 1, 2, 2, 1, 1, 3, 3, 0, 2, 3, 4, 1, 1, 3, -19 ] ], 
              [ [ 1, 1, 1, 3, 2, 1, 3, 2, 1, 2, 3, 1, 1, 1, 3, 2, 2, -18 ], [ 1, 3, 3, 1, 2, 3, 1, 2, 3, 2, 1, 3, 3, 3, 1, 2, 2, -20 ] ], 
              [ [ 1, 1, 0, 4, 3, 1, 2, 3, 1, 1, 3, 1, 3, 1, 2, 1, 2, -16 ], [ 1, 3, 4, 0, 1, 3, 2, 1, 3, 3, 1, 3, 1, 3, 2, 3, 2, -22 ] ], 
              [ [ 1, 1, 2, 2, 0, 2, 2, 2, 2, 0, 2, 1, 1, 2, 1, 2, 2, -14 ], [ 1, 3, 2, 2, 4, 2, 2, 2, 2, 4, 2, 3, 3, 2, 3, 2, 2, -24 ] ], 
              [ [ 1, 1, 2, 2, 0, 3, 2, 3, 1, 1, 3, 2, 1, 2, 2, 2, 3, -18 ], [ 1, 3, 2, 2, 4, 1, 2, 1, 3, 3, 1, 2, 3, 2, 2, 2, 1, -20 ] ], 
              [ [ 1, 1, 2, 4, 1, 3, 2, 3, 2, 0, 3, 0, 3, 0, 3, 2, 1, -16 ], [ 1, 3, 2, 0, 3, 1, 2, 1, 2, 4, 1, 4, 1, 4, 1, 2, 3, -22 ] ], 
              [ [ 1, 1, 1, 4, 3, 2, 1, 2, 2, 0, 2, 1, 3, 0, 2, 1, 1, -14 ], [ 1, 3, 3, 0, 1, 2, 3, 2, 2, 4, 2, 3, 1, 4, 2, 3, 3, -24 ] ], 
              [ [ 1, 2, 1, 3, 2, 1, 1, 2, 3, 1, 2, 0, 2, 0, 4, 1, 3, -15 ], [ 1, 2, 3, 1, 2, 3, 3, 2, 1, 3, 2, 4, 2, 4, 0, 3, 1, -23 ] ], 
              [ [ 1, 1, 1, 4, 3, 3, 1, 3, 1, 1, 3, 2, 3, 0, 3, 1, 2, -18 ], [ 1, 3, 3, 0, 1, 1, 3, 1, 3, 3, 1, 2, 1, 4, 1, 3, 2, -20 ] ], 
              [ [ 1, 1, 1, 4, 2, 2, 2, 3, 1, 1, 3, 0, 4, 0, 3, 1, 2, -16 ], [ 1, 3, 3, 0, 2, 2, 2, 1, 3, 3, 1, 4, 0, 4, 1, 3, 2, -22 ] ], 
              [ [ 1, 1, 0, 4, 3, 2, 2, 3, 2, 0, 4, 1, 3, 0, 3, 1, 1, -16 ], [ 1, 3, 4, 0, 1, 2, 2, 1, 2, 4, 0, 3, 1, 4, 1, 3, 3, -22 ] ], 
              [ [ 1, 1, 1, 3, 3, 3, 3, 3, 1, 1, 3, 1, 3, -2, 3, 1, 1, -17 ], [ 1, 3, 3, 1, 1, 1, 1, 1, 3, 3, 1, 3, 1, 6, 1, 3, 3, -21 ] ], 
              [ [ 1, 1, 1, 3, 1, 3, 1, 3, 3, -2, 3, 1, 3, 1, 1, 1, 1, -12 ], [ 1, 3, 3, 1, 3, 1, 3, 1, 1, 6, 1, 3, 1, 3, 3, 3, 3, -26 ] ], 
              [ [ 1, 1, 1, 2, 1, 3, 0, 3, 2, 0, 3, 1, 3, 1, 2, 1, 3, -14 ], [ 1, 3, 3, 2, 3, 1, 4, 1, 2, 4, 1, 3, 1, 3, 2, 3, 1, -24 ] ], 
              [ [ 1, 1, 1, 3, 1, 3, 1, 3, 2, 0, 3, 1, 3, 2, 2, 0, 3, -15 ], [ 1, 3, 3, 1, 3, 1, 3, 1, 2, 4, 1, 3, 1, 2, 2, 4, 1, -23 ] ], 
              [ [ 1, 1, 2, 2, 1, 4, 2, 3, 1, 1, 2, 1, 3, 0, 2, 0, 3, -16 ], [ 1, 3, 2, 2, 3, 0, 2, 1, 3, 3, 2, 3, 1, 4, 2, 4, 1, -22 ] ], 
              [ [ 1, 1, 1, 2, 2, 4, 2, 3, 2, 0, 3, 2, 2, 0, 2, 0, 2, -16 ], [ 1, 3, 3, 2, 2, 0, 2, 1, 2, 4, 1, 2, 2, 4, 2, 4, 2, -22 ] ], 
              [ [ 1, 1, 1, 2, 1, 2, 2, 2, 2, 0, 3, 1, 2, 1, 2, 1, 2, -14 ], [ 1, 3, 3, 2, 3, 2, 2, 2, 2, 4, 1, 3, 2, 3, 2, 3, 2, -24 ] ], 
              [ [ 1, 1, 1, 2, 1, 3, 3, 3, 2, 0, 3, 0, 3, 0, 2, 0, 2, -14 ], [ 1, 3, 3, 2, 3, 1, 1, 1, 2, 4, 1, 4, 1, 4, 2, 4, 2, -24 ] ], 
              [ [ 1, 2, 2, 4, 2, 2, 2, 3, 0, 3, 3, 1, 2, 1, 3, 3, 2, -21 ], [ 1, 2, 2, 0, 2, 2, 2, 1, 4, 1, 1, 3, 2, 3, 1, 1, 2, -17 ] ], 
              [ [ 1, 3, 1, 4, 3, 0, 2, 2, 2, 2, 2, 1, 1, 1, 3, 2, 2, -18 ], [ 1, 1, 3, 0, 1, 4, 2, 2, 2, 2, 2, 3, 3, 3, 1, 2, 2, -20 ] ], 
              [ [ 1, 3, 2, 3, 1, 2, 2, 3, 2, 2, 3, 1, 0, 2, 3, 2, 3, -20 ], [ 1, 1, 2, 1, 3, 2, 2, 1, 2, 2, 1, 3, 4, 2, 1, 2, 1, -18 ] ], 
              [ [ 1, 2, 2, 2, 1, 2, 2, 2, 1, 2, 3, 2, 0, 2, 2, 3, 2, -19 ], [ 1, 2, 2, 2, 3, 2, 2, 2, 3, 2, 1, 2, 4, 2, 2, 1, 2, -19 ] ], 
              [ [ 1, 3, 1, 2, 1, 0, 1, 2, 3, 1, 2, 0, 1, 2, 2, 2, 3, -14 ], [ 1, 1, 3, 2, 3, 4, 3, 2, 1, 3, 2, 4, 3, 2, 2, 2, 1, -24 ] ], 
              [ [ 1, 2, 1, 3, 2, 2, 1, 3, 1, 1, 3, 2, 2, 2, 1, 2, 2, -17 ], [ 1, 2, 3, 1, 2, 2, 3, 1, 3, 3, 1, 2, 2, 2, 3, 2, 2, -21 ] ], 
              [ [ 1, 2, 1, 4, 3, 1, 2, 2, 1, 2, 3, 0, 3, 0, 3, 2, 1, -17 ], [ 1, 2, 3, 0, 1, 3, 2, 2, 3, 2, 1, 4, 1, 4, 1, 2, 3, -21 ] ], 
              [ [ 1, 3, 2, 3, 1, 2, 1, 2, 3, 1, 2, 1, 1, 2, 3, 1, 3, -17 ], [ 1, 1, 2, 1, 3, 2, 3, 2, 1, 3, 2, 3, 3, 2, 1, 3, 1, -21 ] ], 
              [ [ 1, 3, 1, 3, 2, 2, 0, 3, 3, 1, 3, 0, 2, 1, 3, 1, 3, -16 ], [ 1, 1, 3, 1, 2, 2, 4, 1, 1, 3, 1, 4, 2, 3, 1, 3, 1, -22 ] ], 
              [ [ 1, 2, 2, 3, 1, 2, 1, 2, 2, 0, 2, 0, 3, 1, 1, 2, 1, -13 ], [ 1, 2, 2, 1, 3, 2, 3, 2, 2, 4, 2, 4, 1, 3, 3, 2, 3, -25 ] ], 
              [ [ 1, 2, 2, 3, 1, 3, 1, 3, 1, 1, 3, 1, 3, 1, 2, 2, 2, -17 ], [ 1, 2, 2, 1, 3, 1, 3, 1, 3, 3, 1, 3, 1, 3, 2, 2, 2, -21 ] ], 
              [ [ 1, 2, 1, 3, 2, 3, 1, 3, 2, 0, 4, 2, 2, 1, 2, 2, 1, -17 ], [ 1, 2, 3, 1, 2, 1, 3, 1, 2, 4, 0, 2, 2, 3, 2, 2, 3, -21 ] ], 
              [ [ 1, 2, 2, 3, 1, 2, 1, 2, 1, 2, 2, 0, 3, 2, 2, 1, 3, -16 ], [ 1, 2, 2, 1, 3, 2, 3, 2, 3, 2, 2, 4, 1, 2, 2, 3, 1, -22 ] ], 
              [ [ 1, 2, 2, 3, 1, 3, 2, 3, 1, 2, 4, 0, 2, 1, 3, 2, 2, -19 ], [ 1, 2, 2, 1, 3, 1, 2, 1, 3, 2, 0, 4, 2, 3, 1, 2, 2, -19 ] ], 
              [ [ 1, 3, 1, 3, 1, 1, 1, 3, 3, 1, 3, -2, 3, 1, 3, 1, 3, -14 ], [ 1, 1, 3, 1, 3, 3, 3, 1, 1, 3, 1, 6, 1, 3, 1, 3, 1, -24 ] ], 
              [ [ 1, 2, 1, 3, 2, 2, 1, 2, 2, 1, 3, 1, 2, 2, 2, 1, 2, -16 ], [ 1, 2, 3, 1, 2, 2, 3, 2, 2, 3, 1, 3, 2, 2, 2, 3, 2, -22 ] ], 
              [ [ 1, 2, 2, 2, 2, 3, 2, 2, 1, 2, 2, 1, 2, 0, 2, 1, 2, -17 ], [ 1, 2, 2, 2, 2, 1, 2, 2, 3, 2, 2, 3, 2, 4, 2, 3, 2, -21 ] ], 
              [ [ 1, 3, 2, 2, 1, 2, 3, 2, 3, 1, 2, 0, 1, 0, 3, 1, 2, -16 ], [ 1, 1, 2, 2, 3, 2, 1, 2, 1, 3, 2, 4, 3, 4, 1, 3, 2, -22 ] ], 
              [ [ 1, 3, 1, 3, 2, 1, 2, 2, 3, 1, 3, 0, 1, 1, 3, 1, 2, -16 ], [ 1, 1, 3, 1, 2, 3, 2, 2, 1, 3, 1, 4, 3, 3, 1, 3, 2, -22 ] ], 
              [ [ 1, 2, 1, 4, 2, 3, 1, 4, 1, 1, 4, 0, 4, 1, 2, 1, 2, -17 ], [ 1, 2, 3, 0, 2, 1, 3, 0, 3, 3, 0, 4, 0, 3, 2, 3, 2, -21 ] ], 
              [ [ 1, 2, 2, 3, 2, 4, 3, 3, 1, 1, 3, 2, 2, 0, 2, 1, 1, -19 ], [ 1, 2, 2, 1, 2, 0, 1, 1, 3, 3, 1, 2, 2, 4, 2, 3, 3, -19 ] ], 
              [ [ 1, 1, 1, 3, 2, 3, 1, 3, 0, 1, 4, 1, 4, 1, 1, 2, 1, -16 ], [ 1, 3, 3, 1, 2, 1, 3, 1, 4, 3, 0, 3, 0, 3, 3, 2, 3, -22 ] ], 
              [ [ 1, 2, 1, 3, 1, 2, 2, 3, 2, 0, 4, 0, 3, 1, 2, 2, 1, -15 ], [ 1, 2, 3, 1, 3, 2, 2, 1, 2, 4, 0, 4, 1, 3, 2, 2, 3, -23 ] ], 
              [ [ 1, 2, 1, 3, 2, 2, 2, 3, 1, 1, 4, 0, 3, 0, 2, 2, 1, -16 ], [ 1, 2, 3, 1, 2, 2, 2, 1, 3, 3, 0, 4, 1, 4, 2, 2, 3, -22 ] ], 
              [ [ 1, 2, 0, 3, 3, 1, 1, 2, 2, 0, 3, 1, 3, 1, 1, 1, 1, -13 ], [ 1, 2, 4, 1, 1, 3, 3, 2, 2, 4, 1, 3, 1, 3, 3, 3, 3, -25 ] ], 
              [ [ 1, 2, 1, 2, 2, 3, 3, 3, 1, 2, 4, 1, 2, 0, 3, 1, 2, -19 ], [ 1, 2, 3, 2, 2, 1, 1, 1, 3, 2, 0, 3, 2, 4, 1, 3, 2, -19 ] ], 
              [ [ 1, 2, 2, 1, 0, 4, 2, 3, 2, 0, 3, 1, 2, 1, 1, 1, 2, -15 ], [ 1, 2, 2, 3, 4, 0, 2, 1, 2, 4, 1, 3, 2, 3, 3, 3, 2, -23 ] ], 
              [ [ 1, 2, 1, 2, 1, 3, 1, 3, 2, 0, 4, 1, 2, 2, 1, 1, 2, -15 ], [ 1, 2, 3, 2, 3, 1, 3, 1, 2, 4, 0, 3, 2, 2, 3, 3, 2, -23 ] ], 
              [ [ 1, 3, 2, 4, 2, 2, 2, 4, 1, 1, 4, 0, 2, 0, 3, 2, 2, -19 ], [ 1, 1, 2, 0, 2, 2, 2, 0, 3, 3, 0, 4, 2, 4, 1, 2, 2, -19 ] ], 
              [ [ 1, 0, 1, 4, 3, 1, 1, 1, 2, 2, 1, 3, 3, 3, 2, 3, 1, -18 ], [ 1, 4, 3, 0, 1, 3, 3, 3, 2, 2, 3, 1, 1, 1, 2, 1, 3, -20 ] ], 
              [ [ 1, 1, 1, 3, 2, 0, 1, 1, 3, 3, 1, 2, 2, 3, 4, 3, 3, -19 ], [ 1, 3, 3, 1, 2, 4, 3, 3, 1, 1, 3, 2, 2, 1, 0, 1, 1, -19 ] ], 
              [ [ 1, 1, 1, 2, 3, 1, 2, 1, 3, 3, 1, 3, 1, 1, 4, 3, 2, -20 ], [ 1, 3, 3, 2, 1, 3, 2, 3, 1, 1, 3, 1, 3, 3, 0, 1, 2, -18 ] ], 
              [ [ 1, 1, 1, 3, 3, 1, 3, 1, 3, 3, 1, 3, 1, 2, 4, 2, 2, -21 ], [ 1, 3, 3, 1, 1, 3, 1, 3, 1, 1, 3, 1, 3, 2, 0, 2, 2, -17 ] ], 
              [ [ 1, 0, 1, 3, 3, 2, 3, 2, 1, 3, 2, 3, 3, 1, 3, 3, 1, -21 ], [ 1, 4, 3, 1, 1, 2, 1, 2, 3, 1, 2, 1, 1, 3, 1, 1, 3, -17 ] ], 
              [ [ 1, 1, 2, 2, 1, 2, 2, 1, 4, 1, 0, 3, 1, 3, 2, 2, 2, -17 ], [ 1, 3, 2, 2, 3, 2, 2, 3, 0, 3, 4, 1, 3, 1, 2, 2, 2, -21 ] ], 
              [ [ 1, 1, 2, 1, 1, 2, 1, 1, 3, 3, 0, 3, 1, 3, 3, 2, 4, -19 ], [ 1, 3, 2, 3, 3, 2, 3, 3, 1, 1, 4, 1, 3, 1, 1, 2, 0, -19 ] ], 
              [ [ 1, 1, 2, 1, 1, 1, 3, 0, 3, 3, 0, 3, 0, 3, 3, 2, 3, -19 ], [ 1, 3, 2, 3, 3, 3, 1, 4, 1, 1, 4, 1, 4, 1, 1, 2, 1, -19 ] ], 
              [ [ 1, 1, 1, 1, 1, 1, 2, 1, 4, 2, 1, 2, 1, 3, 3, 2, 3, -17 ], [ 1, 3, 3, 3, 3, 3, 2, 3, 0, 2, 3, 2, 3, 1, 1, 2, 1, -21 ] ], 
              [ [ 1, 1, 1, 1, 2, 1, 2, 1, 3, 3, 1, 2, 1, 2, 3, 2, 3, -18 ], [ 1, 3, 3, 3, 2, 3, 2, 3, 1, 1, 3, 2, 3, 2, 1, 2, 1, -20 ] ], 
              [ [ 1, 0, 1, 2, 2, 3, 2, 2, 2, 2, 2, 4, 2, 3, 2, 2, 2, -20 ], [ 1, 4, 3, 2, 2, 1, 2, 2, 2, 2, 2, 0, 2, 1, 2, 2, 2, -18 ] ], 
              [ [ 1, 1, 1, 2, 2, 2, 3, 2, 3, 2, 2, 3, 1, 2, 3, 2, 2, -20 ], [ 1, 3, 3, 2, 2, 2, 1, 2, 1, 2, 2, 1, 3, 2, 1, 2, 2, -18 ] ], 
              [ [ 1, 0, 1, 1, 2, 2, 3, 1, 2, 2, 2, 4, 1, 2, 2, 3, 1, -19 ], [ 1, 4, 3, 3, 2, 2, 1, 3, 2, 2, 2, 0, 3, 2, 2, 1, 3, -19 ] ], 
              [ [ 1, 0, 2, 2, 1, 3, 2, 1, 3, 1, 1, 2, 3, 2, 2, 2, 1, -16 ], [ 1, 4, 2, 2, 3, 1, 2, 3, 1, 3, 3, 2, 1, 2, 2, 2, 3, -22 ] ], 
              [ [ 1, 1, 1, 1, 2, 1, 1, 0, 4, 2, 0, 2, 2, 2, 3, 1, 3, -15 ], [ 1, 3, 3, 3, 2, 3, 3, 4, 0, 2, 4, 2, 2, 2, 1, 3, 1, -23 ] ], 
              [ [ 1, 0, 2, 2, 1, 4, 2, 2, 2, 2, 2, 3, 3, 2, 3, 2, 2, -20 ], [ 1, 4, 2, 2, 3, 0, 2, 2, 2, 2, 2, 1, 1, 2, 1, 2, 2, -18 ] ], 
              [ [ 1, 0, 1, 2, 3, 3, 1, 1, 2, 2, 1, 4, 3, 2, 2, 1, 2, -18 ], [ 1, 4, 3, 2, 1, 1, 3, 3, 2, 2, 3, 0, 1, 2, 2, 3, 2, -20 ] ], 
              [ [ 1, 1, 1, 2, 2, 2, 2, 1, 4, 1, 1, 3, 2, 2, 3, 1, 2, -17 ], [ 1, 3, 3, 2, 2, 2, 2, 3, 0, 3, 3, 1, 2, 2, 1, 3, 2, -21 ] ], 
              [ [ 1, 1, 0, 2, 3, 2, 1, 2, 4, 1, 2, 2, 3, 1, 3, 1, 2, -16 ], [ 1, 3, 4, 2, 1, 2, 3, 2, 0, 3, 2, 2, 1, 3, 1, 3, 2, -22 ] ], 
              [ [ 1, 0, 1, 2, 2, 2, 2, 1, 2, 2, 1, 2, 4, 2, 2, 1, 2, -16 ], [ 1, 4, 3, 2, 2, 2, 2, 3, 2, 2, 3, 2, 0, 2, 2, 3, 2, -22 ] ], 
              [ [ 1, 0, 1, 2, 2, 3, 3, 2, 2, 2, 3, 2, 3, 1, 3, 2, 1, -19 ], [ 1, 4, 3, 2, 2, 1, 1, 2, 2, 2, 1, 2, 1, 3, 1, 2, 3, -19 ] ], 
              [ [ 1, 0, 0, 2, 3, 2, 2, 1, 3, 1, 2, 3, 3, 2, 2, 1, 1, -16 ], [ 1, 4, 4, 2, 1, 2, 2, 3, 1, 3, 2, 1, 1, 2, 2, 3, 3, -22 ] ], 
              [ [ 1, 0, 1, 1, 3, 3, 3, 1, 2, 2, 1, 3, 3, 0, 2, 1, 1, -17 ], [ 1, 4, 3, 3, 1, 1, 1, 3, 2, 2, 3, 1, 1, 4, 2, 3, 3, -21 ] ], 
              [ [ 1, 2, 1, 3, 2, 1, 0, 2, 3, 3, 2, 2, 2, 4, 3, 3, 3, -20 ], [ 1, 2, 3, 1, 2, 3, 4, 2, 1, 1, 2, 2, 2, 0, 1, 1, 1, -18 ] ], 
              [ [ 1, 2, 2, 2, 2, 2, 2, 1, 3, 3, 1, 4, 0, 3, 3, 3, 2, -22 ], [ 1, 2, 2, 2, 2, 2, 2, 3, 1, 1, 3, 0, 4, 1, 1, 1, 2, -16 ] ], 
              [ [ 1, 2, 1, 2, 2, 0, 1, 1, 3, 3, 2, 2, 1, 3, 3, 4, 2, -19 ], [ 1, 2, 3, 2, 2, 4, 3, 3, 1, 1, 2, 2, 3, 1, 1, 0, 2, -19 ] ], 
              [ [ 1, 1, 2, 2, 2, 2, 2, 1, 1, 4, 1, 3, 2, 3, 2, 3, 2, -21 ], [ 1, 3, 2, 2, 2, 2, 2, 3, 3, 0, 3, 1, 2, 1, 2, 1, 2, -17 ] ], 
              [ [ 1, 2, 2, 2, 1, 1, 3, 1, 3, 3, 1, 2, 1, 3, 3, 3, 2, -20 ], [ 1, 2, 2, 2, 3, 3, 1, 3, 1, 1, 3, 2, 3, 1, 1, 1, 2, -18 ] ], 
              [ [ 1, 2, 1, 3, 2, 0, 2, 1, 3, 3, 2, 2, 1, 4, 3, 3, 2, -20 ], [ 1, 2, 3, 1, 2, 4, 2, 3, 1, 1, 2, 2, 3, 0, 1, 1, 2, -18 ] ], 
              [ [ 1, 2, 2, 2, 2, 1, 3, 1, 2, 4, 1, 2, 1, 2, 3, 3, 2, -21 ], [ 1, 2, 2, 2, 2, 3, 1, 3, 2, 0, 3, 2, 3, 2, 1, 1, 2, -17 ] ], 
              [ [ 1, 2, 1, 2, 2, 1, 2, 2, 3, 3, 2, 1, 2, 2, 3, 3, 2, -19 ], [ 1, 2, 3, 2, 2, 3, 2, 2, 1, 1, 2, 3, 2, 2, 1, 1, 2, -19 ] ], 
              [ [ 1, 2, 1, 2, 3, 0, 2, 0, 3, 3, 0, 3, 1, 3, 2, 2, 2, -18 ], [ 1, 2, 3, 2, 1, 4, 2, 4, 1, 1, 4, 1, 3, 1, 2, 2, 2, -20 ] ], 
              [ [ 1, 2, 1, 2, 3, 1, 3, 1, 3, 3, 2, 3, 0, 2, 3, 3, 1, -21 ], [ 1, 2, 3, 2, 1, 3, 1, 3, 1, 1, 2, 1, 4, 2, 1, 1, 3, -17 ] ], 
              [ [ 1, 2, 2, 1, 1, 2, 2, 1, 3, 3, 1, 3, 0, 4, 2, 2, 3, -20 ], [ 1, 2, 2, 3, 3, 2, 2, 3, 1, 1, 3, 1, 4, 0, 2, 2, 1, -18 ] ], 
              [ [ 1, 2, 2, 3, 2, 3, 2, 2, 3, 3, 2, 2, 2, 2, 4, 2, 2, -22 ], [ 1, 2, 2, 1, 2, 1, 2, 2, 1, 1, 2, 2, 2, 2, 0, 2, 2, -16 ] ], 
              [ [ 1, 1, 2, 2, 2, 3, 2, 1, 2, 3, 2, 3, 2, 2, 3, 3, 1, -21 ], [ 1, 3, 2, 2, 2, 1, 2, 3, 2, 1, 2, 1, 2, 2, 1, 1, 3, -17 ] ], 
              [ [ 1, 2, 2, 2, 2, 1, 2, 0, 3, 3, 0, 2, 2, 2, 3, 2, 2, -18 ], [ 1, 2, 2, 2, 2, 3, 2, 4, 1, 1, 4, 2, 2, 2, 1, 2, 2, -20 ] ], 
              [ [ 1, 2, 1, 2, 2, 1, 1, 1, 4, 2, 1, 1, 3, 2, 3, 2, 2, -16 ], [ 1, 2, 3, 2, 2, 3, 3, 3, 0, 2, 3, 3, 1, 2, 1, 2, 2, -22 ] ], 
              [ [ 1, 2, 0, 3, 3, 0, 0, 1, 4, 2, 2, 1, 3, 3, 3, 2, 2, -16 ], [ 1, 2, 4, 1, 1, 4, 4, 3, 0, 2, 2, 3, 1, 1, 1, 2, 2, -22 ] ], 
              [ [ 1, 2, 1, 2, 3, 1, 1, 1, 3, 3, 1, 1, 3, 1, 3, 2, 2, -17 ], [ 1, 2, 3, 2, 1, 3, 3, 3, 1, 1, 3, 3, 1, 3, 1, 2, 2, -21 ] ], 
              [ [ 1, 2, 2, 2, 2, 2, 3, 1, 3, 3, 2, 2, 1, 1, 4, 3, 1, -21 ], [ 1, 2, 2, 2, 2, 2, 1, 3, 1, 1, 2, 2, 3, 3, 0, 1, 3, -17 ] ], 
              [ [ 1, 2, 1, 2, 3, 1, 2, 0, 4, 2, 1, 3, 1, 2, 3, 2, 1, -18 ], [ 1, 2, 3, 2, 1, 3, 2, 4, 0, 2, 3, 1, 3, 2, 1, 2, 3, -20 ] ], 
              [ [ 1, 1, 1, 3, 3, 3, 1, 2, 2, 2, 2, 3, 4, 2, 2, 2, 1, -19 ], [ 1, 3, 3, 1, 1, 1, 3, 2, 2, 2, 2, 1, 0, 2, 2, 2, 3, -19 ] ], 
              [ [ 1, 2, 1, 3, 3, 2, 2, 2, 3, 2, 2, 2, 3, 1, 3, 2, 1, -19 ], [ 1, 2, 3, 1, 1, 2, 2, 2, 1, 2, 2, 2, 1, 3, 1, 2, 3, -19 ] ], 
              [ [ 1, 2, 1, 3, 3, 1, 2, 1, 3, 3, 1, 1, 3, 2, 3, 1, 2, -18 ], [ 1, 2, 3, 1, 1, 3, 2, 3, 1, 1, 3, 3, 1, 2, 1, 3, 2, -20 ] ], 
              [ [ 1, 1, 1, 2, 3, 2, 2, 1, 2, 2, 2, 3, 3, 1, 2, 3, 0, -18 ], [ 1, 3, 3, 2, 1, 2, 2, 3, 2, 2, 2, 1, 1, 3, 2, 1, 4, -20 ] ], 
              [ [ 1, 1, 1, 2, 3, 1, 2, 0, 2, 3, 1, 2, 3, 2, 2, 2, 1, -17 ], [ 1, 3, 3, 2, 1, 3, 2, 4, 2, 1, 3, 2, 1, 2, 2, 2, 3, -21 ] ], 
              [ [ 1, 1, 1, 3, 3, 2, 3, 1, 2, 2, 2, 3, 3, 2, 2, 2, 0, -19 ], [ 1, 3, 3, 1, 1, 2, 1, 3, 2, 2, 2, 1, 1, 2, 2, 2, 4, -19 ] ], 
              [ [ 1, 1, 0, 3, 4, 2, 2, 2, 2, 2, 3, 2, 4, 1, 2, 2, 0, -18 ], [ 1, 3, 4, 1, 0, 2, 2, 2, 2, 2, 1, 2, 0, 3, 2, 2, 4, -20 ] ], 
              [ [ 1, 1, 1, 2, 3, 2, 2, 1, 1, 4, 2, 3, 3, 2, 3, 2, 2, -21 ], [ 1, 3, 3, 2, 1, 2, 2, 3, 3, 0, 2, 1, 1, 2, 1, 2, 2, -17 ] ], 
              [ [ 1, 2, 0, 2, 3, 1, 2, 2, 3, 3, 3, 1, 3, 1, 4, 2, 2, -19 ], [ 1, 2, 4, 2, 1, 3, 2, 2, 1, 1, 1, 3, 1, 3, 0, 2, 2, -19 ] ], 
              [ [ 1, 2, 3, 1, 0, 3, 2, 1, 3, 3, 1, 2, 1, 3, 3, 2, 3, -20 ], [ 1, 2, 1, 3, 4, 1, 2, 3, 1, 1, 3, 2, 3, 1, 1, 2, 1, -18 ] ], 
              [ [ 1, 2, 2, 1, 0, 3, 1, 2, 4, 2, 2, 1, 2, 3, 3, 2, 3, -18 ], [ 1, 2, 2, 3, 4, 1, 3, 2, 0, 2, 2, 3, 2, 1, 1, 2, 1, -20 ] ], 
              [ [ 1, 2, 2, 1, 1, 2, 1, 0, 4, 2, 0, 3, 1, 4, 2, 1, 3, -17 ], [ 1, 2, 2, 3, 3, 2, 3, 4, 0, 2, 4, 1, 3, 0, 2, 3, 1, -21 ] ], 
              [ [ 1, 2, 1, 1, 2, 2, 0, 1, 4, 2, 1, 2, 2, 3, 2, 1, 3, -16 ], [ 1, 2, 3, 3, 2, 2, 4, 3, 0, 2, 3, 2, 2, 1, 2, 3, 1, -22 ] ], 
              [ [ 1, 2, 2, 1, 1, 3, 2, 1, 4, 2, 2, 3, 0, 3, 3, 2, 2, -20 ], [ 1, 2, 2, 3, 3, 1, 2, 3, 0, 2, 2, 1, 4, 1, 1, 2, 2, -18 ] ], 
              [ [ 1, 3, 1, 1, 1, 1, 1, 1, 6, 1, 1, 1, 1, 3, 3, 1, 3, -15 ], [ 1, 1, 3, 3, 3, 3, 3, 3, -2, 3, 3, 3, 3, 1, 1, 3, 1, -23 ] ], 
              [ [ 1, 2, 1, 2, 2, 3, 1, 2, 4, 1, 2, 3, 2, 3, 2, 1, 2, -18 ], [ 1, 2, 3, 2, 2, 1, 3, 2, 0, 3, 2, 1, 2, 1, 2, 3, 2, -20 ] ], 
              [ [ 1, 1, 2, 1, 1, 3, 1, 1, 2, 2, 1, 3, 3, 3, 1, 2, 2, -17 ], [ 1, 3, 2, 3, 3, 1, 3, 3, 2, 2, 3, 1, 1, 1, 3, 2, 2, -21 ] ], 
              [ [ 1, 1, 2, 1, 1, 4, 2, 2, 2, 2, 3, 3, 2, 2, 2, 3, 1, -20 ], [ 1, 3, 2, 3, 3, 0, 2, 2, 2, 2, 1, 1, 2, 2, 2, 1, 3, -18 ] ], 
              [ [ 1, 2, 1, 1, 1, 2, 1, 2, 4, 1, 2, 1, 3, 2, 2, 2, 2, -15 ], [ 1, 2, 3, 3, 3, 2, 3, 2, 0, 3, 2, 3, 1, 2, 2, 2, 2, -23 ] ], 
              [ [ 1, 1, 1, 1, 2, 3, 1, 1, 3, 1, 2, 4, 2, 3, 1, 2, 1, -17 ], [ 1, 3, 3, 3, 2, 1, 3, 3, 1, 3, 2, 0, 2, 1, 3, 2, 3, -21 ] ], 
              [ [ 1, 2, 1, 1, 2, 2, 2, 1, 4, 1, 2, 3, 1, 2, 2, 2, 1, -17 ], [ 1, 2, 3, 3, 2, 2, 2, 3, 0, 3, 2, 1, 3, 2, 2, 2, 3, -21 ] ], 
              [ [ 1, 1, 2, 1, 1, 3, 2, 1, 2, 3, 2, 2, 2, 3, 2, 2, 2, -19 ], [ 1, 3, 2, 3, 3, 1, 2, 3, 2, 1, 2, 2, 2, 1, 2, 2, 2, -19 ] ], 
              [ [ 1, 2, 1, 1, 1, 1, 1, 1, 4, 2, 1, 0, 3, 3, 2, 1, 3, -14 ], [ 1, 2, 3, 3, 3, 3, 3, 3, 0, 2, 3, 4, 1, 1, 2, 3, 1, -24 ] ], 
              [ [ 1, 2, 2, 1, 0, 2, 3, 1, 4, 2, 2, 1, 1, 3, 3, 2, 2, -18 ], [ 1, 2, 2, 3, 4, 2, 1, 3, 0, 2, 2, 3, 3, 1, 1, 2, 2, -20 ] ], 
              [ [ 1, 2, 2, 0, 1, 2, 3, 0, 4, 2, 0, 2, 1, 2, 2, 1, 2, -16 ], [ 1, 2, 2, 4, 3, 2, 1, 4, 0, 2, 4, 2, 3, 2, 2, 3, 2, -22 ] ], 
              [ [ 1, 2, 1, 1, 2, 1, 2, 0, 4, 2, 1, 2, 1, 3, 2, 1, 2, -16 ], [ 1, 2, 3, 3, 2, 3, 2, 4, 0, 2, 3, 2, 3, 1, 2, 3, 2, -22 ] ], 
              [ [ 1, 1, 1, 2, 2, 3, 1, 2, 2, 2, 2, 2, 4, 3, 1, 1, 2, -17 ], [ 1, 3, 3, 2, 2, 1, 3, 2, 2, 2, 2, 2, 0, 1, 3, 3, 2, -21 ] ], 
              [ [ 1, 1, 2, 2, 1, 4, 3, 2, 2, 2, 3, 3, 2, 3, 2, 2, 1, -21 ], [ 1, 3, 2, 2, 3, 0, 1, 2, 2, 2, 1, 1, 2, 1, 2, 2, 3, -17 ] ], 
              [ [ 1, 2, 1, 2, 1, 2, 2, 2, 4, 1, 2, 1, 3, 3, 2, 1, 2, -16 ], [ 1, 2, 3, 2, 3, 2, 2, 2, 0, 3, 2, 3, 1, 1, 2, 3, 2, -22 ] ], 
              [ [ 1, 1, 2, 1, 2, 4, 3, 1, 2, 2, 1, 4, 2, 2, 1, 1, 1, -19 ], [ 1, 3, 2, 3, 2, 0, 1, 3, 2, 2, 3, 0, 2, 2, 3, 3, 3, -19 ] ], 
              [ [ 1, 2, 1, 1, 2, 3, 3, 2, 4, 1, 2, 2, 2, 1, 2, 1, 1, -17 ], [ 1, 2, 3, 3, 2, 1, 1, 2, 0, 3, 2, 2, 2, 3, 2, 3, 3, -21 ] ], 
              [ [ 1, 2, 1, 1, 1, 2, 1, 2, 3, 3, 2, 1, 3, 3, 3, 1, 4, -18 ], [ 1, 2, 3, 3, 3, 2, 3, 2, 1, 1, 2, 3, 1, 1, 1, 3, 0, -20 ] ], 
              [ [ 1, 2, 2, 0, 1, 3, 3, 1, 3, 3, 1, 3, 1, 2, 3, 1, 3, -20 ], [ 1, 2, 2, 4, 3, 1, 1, 3, 1, 1, 3, 1, 3, 2, 1, 3, 1, -18 ] ], 
              [ [ 1, 2, 1, 1, 2, 2, 2, 1, 3, 3, 2, 3, 1, 3, 3, 1, 3, -20 ], [ 1, 2, 3, 3, 2, 2, 2, 3, 1, 1, 2, 1, 3, 1, 1, 3, 1, -18 ] ], 
              [ [ 1, 2, 0, 1, 2, 2, 1, 2, 4, 2, 3, 2, 2, 3, 3, 1, 3, -18 ], [ 1, 2, 4, 3, 2, 2, 3, 2, 0, 2, 1, 2, 2, 1, 1, 3, 1, -20 ] ], 
              [ [ 1, 2, 1, 0, 2, 3, 2, 2, 3, 3, 2, 2, 2, 1, 3, 1, 3, -19 ], [ 1, 2, 3, 4, 2, 1, 2, 2, 1, 1, 2, 2, 2, 3, 1, 3, 1, -19 ] ], 
              [ [ 1, 2, 1, 1, 2, 3, 3, 2, 3, 3, 2, 2, 2, 2, 3, 0, 3, -20 ], [ 1, 2, 3, 3, 2, 1, 1, 2, 1, 1, 2, 2, 2, 2, 1, 4, 1, -18 ] ], 
              [ [ 1, 1, 1, 1, 1, 2, 2, 1, 3, 1, 2, 2, 3, 3, 1, 2, 1, -15 ], [ 1, 3, 3, 3, 3, 2, 2, 3, 1, 3, 2, 2, 1, 1, 3, 2, 3, -23 ] ], 
              [ [ 1, 1, 1, 1, 2, 2, 2, 1, 2, 2, 2, 2, 3, 2, 1, 2, 1, -16 ], [ 1, 3, 3, 3, 2, 2, 2, 3, 2, 2, 2, 2, 1, 2, 3, 2, 3, -22 ] ], 
              [ [ 1, 1, 1, 0, 2, 3, 3, 1, 2, 3, 2, 3, 2, 2, 2, 1, 2, -19 ], [ 1, 3, 3, 4, 2, 1, 1, 3, 2, 1, 2, 1, 2, 2, 2, 3, 2, -19 ] ], 
              [ [ 1, 2, 1, 0, 2, 2, 4, 1, 3, 3, 2, 2, 1, 1, 3, 1, 2, -19 ], [ 1, 2, 3, 4, 2, 2, 0, 3, 1, 1, 2, 2, 3, 3, 1, 3, 2, -19 ] ], 
              [ [ 1, 1, 1, 2, 2, 4, 1, 2, 3, 1, 3, 2, 4, 2, 2, 1, 1, -17 ], [ 1, 3, 3, 2, 2, 0, 3, 2, 1, 3, 1, 2, 0, 2, 2, 3, 3, -21 ] ], 
              [ [ 1, 3, 2, 2, 2, 2, 1, 1, 3, 3, 1, 2, 2, 3, 2, 2, 2, -19 ], [ 1, 1, 2, 2, 2, 2, 3, 3, 1, 1, 3, 2, 2, 1, 2, 2, 2, -19 ] ], 
              [ [ 1, 3, 1, 2, 2, 1, 2, 1, 4, 2, 2, 1, 2, 3, 2, 2, 1, -17 ], [ 1, 1, 3, 2, 2, 3, 2, 3, 0, 2, 2, 3, 2, 1, 2, 2, 3, -21 ] ], 
              [ [ 1, 3, 1, 1, 2, 1, 1, 1, 3, 4, 2, 1, 2, 3, 3, 2, 3, -19 ], [ 1, 1, 3, 3, 2, 3, 3, 3, 1, 0, 2, 3, 2, 1, 1, 2, 1, -19 ] ], 
              [ [ 1, 3, 1, 2, 2, 2, 2, 2, 3, 3, 3, 2, 2, 3, 3, 2, 2, -21 ], [ 1, 1, 3, 2, 2, 2, 2, 2, 1, 1, 1, 2, 2, 1, 1, 2, 2, -17 ] ], 
              [ [ 1, 3, 1, 0, 2, 3, 2, 1, 4, 2, 2, 2, 2, 2, 2, 0, 2, -17 ], [ 1, 1, 3, 4, 2, 1, 2, 3, 0, 2, 2, 2, 2, 2, 2, 4, 2, -21 ] ], 
              [ [ 1, 1, 2, 4, 3, 0, 2, 1, 2, 2, 1, 3, 1, 2, 3, 4, 1, -20 ], [ 1, 3, 2, 0, 1, 4, 2, 3, 2, 2, 3, 1, 3, 2, 1, 0, 3, -18 ] ], 
              [ [ 1, 1, 3, 3, 1, 1, 1, 1, 2, 2, 0, 3, 1, 4, 2, 3, 3, -19 ], [ 1, 3, 1, 1, 3, 3, 3, 3, 2, 2, 4, 1, 3, 0, 2, 1, 1, -19 ] ], 
              [ [ 1, 1, 2, 3, 2, 1, 0, 2, 2, 2, 1, 2, 2, 3, 2, 3, 3, -18 ], [ 1, 3, 2, 1, 2, 3, 4, 2, 2, 2, 3, 2, 2, 1, 2, 1, 1, -20 ] ], 
              [ [ 1, 1, 3, 3, 1, 2, 2, 2, 2, 2, 2, 3, 0, 3, 3, 4, 2, -22 ], [ 1, 3, 1, 1, 3, 2, 2, 2, 2, 2, 2, 1, 4, 1, 1, 0, 2, -16 ] ], 
              [ [ 1, 2, 2, 3, 1, 0, 1, 2, 4, 1, 1, 1, 1, 3, 3, 3, 3, -17 ], [ 1, 2, 2, 1, 3, 4, 3, 2, 0, 3, 3, 3, 3, 1, 1, 1, 1, -21 ] ], 
              [ [ 1, 1, 3, 2, 2, 2, 2, 1, 2, 2, 0, 4, 0, 2, 2, 3, 2, -20 ], [ 1, 3, 1, 2, 2, 2, 2, 3, 2, 2, 4, 0, 4, 2, 2, 1, 2, -18 ] ], 
              [ [ 1, 1, 2, 4, 2, 2, 1, 3, 2, 1, 2, 3, 2, 3, 2, 3, 2, -20 ], [ 1, 3, 2, 0, 2, 2, 3, 1, 2, 3, 2, 1, 2, 1, 2, 1, 2, -18 ] ], 
              [ [ 1, 2, 2, 2, 2, 1, 2, 2, 3, 3, 1, 2, 0, 2, 4, 2, 4, -21 ], [ 1, 2, 2, 2, 2, 3, 2, 2, 1, 1, 3, 2, 4, 2, 0, 2, 0, -17 ] ], 
              [ [ 1, 0, 2, 3, 2, 2, 1, 2, 1, 1, 2, 4, 2, 3, 1, 4, 1, -19 ], [ 1, 4, 2, 1, 2, 2, 3, 2, 3, 3, 2, 0, 2, 1, 3, 0, 3, -19 ] ], 
              [ [ 1, 1, 2, 3, 2, 1, 2, 2, 2, 1, 2, 3, 1, 2, 2, 4, 1, -19 ], [ 1, 3, 2, 1, 2, 3, 2, 2, 2, 3, 2, 1, 3, 2, 2, 0, 3, -19 ] ], 
              [ [ 1, 1, 3, 2, 1, 1, 3, 1, 2, 2, 0, 2, 1, 2, 2, 3, 2, -18 ], [ 1, 3, 1, 2, 3, 3, 1, 3, 2, 2, 4, 2, 3, 2, 2, 1, 2, -20 ] ], 
              [ [ 1, 1, 2, 3, 2, 0, 2, 1, 2, 2, 1, 2, 1, 3, 2, 3, 2, -18 ], [ 1, 3, 2, 1, 2, 4, 2, 3, 2, 2, 3, 2, 3, 1, 2, 1, 2, -20 ] ], 
              [ [ 1, 0, 3, 3, 2, 3, 3, 2, 0, 2, 1, 4, 2, 2, 1, 3, 1, -21 ], [ 1, 4, 1, 1, 2, 1, 1, 2, 4, 2, 3, 0, 2, 2, 3, 1, 3, -17 ] ], 
              [ [ 1, 1, 2, 3, 2, 2, 3, 3, 2, 1, 2, 2, 2, 1, 2, 3, 1, -19 ], [ 1, 3, 2, 1, 2, 2, 1, 1, 2, 3, 2, 2, 2, 3, 2, 1, 3, -19 ] ], 
              [ [ 1, 1, 3, 2, 1, 2, 3, 2, 1, 3, 1, 3, 1, 2, 3, 3, 3, -22 ], [ 1, 3, 1, 2, 3, 2, 1, 2, 3, 1, 3, 1, 3, 2, 1, 1, 1, -16 ] ], 
              [ [ 1, 1, 2, 3, 2, 1, 2, 2, 1, 3, 2, 3, 1, 3, 3, 3, 3, -22 ], [ 1, 3, 2, 1, 2, 3, 2, 2, 3, 1, 2, 1, 3, 1, 1, 1, 1, -16 ] ], 
              [ [ 1, 1, 1, 3, 2, 1, 1, 3, 2, 2, 3, 2, 2, 3, 3, 3, 3, -20 ], [ 1, 3, 3, 1, 2, 3, 3, 1, 2, 2, 1, 2, 2, 1, 1, 1, 1, -18 ] ], 
              [ [ 1, 1, 2, 2, 2, 2, 2, 3, 1, 3, 2, 2, 2, 1, 3, 3, 3, -21 ], [ 1, 3, 2, 2, 2, 2, 2, 1, 3, 1, 2, 2, 2, 3, 1, 1, 1, -17 ] ], 
              [ [ 1, 1, 2, 2, 3, 1, 2, 1, 1, 3, 0, 4, 1, 2, 2, 2, 3, -20 ], [ 1, 3, 2, 2, 1, 3, 2, 3, 3, 1, 4, 0, 3, 2, 2, 2, 1, -18 ] ], 
              [ [ 1, 1, 1, 2, 3, 1, 1, 2, 2, 2, 1, 3, 2, 2, 2, 2, 3, -18 ], [ 1, 3, 3, 2, 1, 3, 3, 2, 2, 2, 3, 1, 2, 2, 2, 2, 1, -20 ] ], 
              [ [ 1, 1, 2, 2, 2, 2, 3, 2, 2, 2, 2, 4, 0, 2, 3, 3, 2, -22 ], [ 1, 3, 2, 2, 2, 2, 1, 2, 2, 2, 2, 0, 4, 2, 1, 1, 2, -16 ] ], 
              [ [ 1, 1, 2, 2, 3, 2, 3, 2, 1, 3, 2, 4, 0, 1, 3, 3, 2, -23 ], [ 1, 3, 2, 2, 1, 2, 1, 2, 3, 1, 2, 0, 4, 3, 1, 1, 2, -15 ] ], 
              [ [ 1, 2, 1, 2, 3, 0, 2, 2, 3, 2, 1, 2, 1, 1, 3, 2, 3, -18 ], [ 1, 2, 3, 2, 1, 4, 2, 2, 1, 2, 3, 2, 3, 3, 1, 2, 1, -20 ] ], 
              [ [ 1, 1, 2, 3, 2, 2, 3, 3, 1, 3, 2, 2, 2, 2, 3, 2, 3, -22 ], [ 1, 3, 2, 1, 2, 2, 1, 1, 3, 1, 2, 2, 2, 2, 1, 2, 1, -16 ] ], 
              [ [ 1, 0, 2, 2, 2, 2, 3, 2, 0, 3, 2, 3, 2, 2, 2, 3, 2, -21 ], [ 1, 4, 2, 2, 2, 2, 1, 2, 4, 1, 2, 1, 2, 2, 2, 1, 2, -17 ] ], 
              [ [ 1, 1, 2, 2, 2, 1, 4, 2, 1, 3, 2, 2, 1, 1, 3, 3, 2, -21 ], [ 1, 3, 2, 2, 2, 3, 0, 2, 3, 1, 2, 2, 3, 3, 1, 1, 2, -17 ] ], 
              [ [ 1, 1, 1, 2, 3, 0, 3, 1, 2, 2, 1, 3, 1, 2, 2, 2, 2, -18 ], [ 1, 3, 3, 2, 1, 4, 1, 3, 2, 2, 3, 1, 3, 2, 2, 2, 2, -20 ] ], 
              [ [ 1, 1, 2, 1, 1, 2, 3, 2, 2, 2, 2, 3, 0, 3, 2, 2, 3, -20 ], [ 1, 3, 2, 3, 3, 2, 1, 2, 2, 2, 2, 1, 4, 1, 2, 2, 1, -18 ] ], 
              [ [ 1, 1, 3, 3, 2, 3, 2, 2, 2, 2, 1, 2, 2, 1, 3, 2, 2, -20 ], [ 1, 3, 1, 1, 2, 1, 2, 2, 2, 2, 3, 2, 2, 3, 1, 2, 2, -18 ] ], 
              [ [ 1, 0, 2, 4, 2, 3, 1, 3, 1, 1, 3, 2, 4, 2, 2, 3, 1, -19 ], [ 1, 4, 2, 0, 2, 1, 3, 1, 3, 3, 1, 2, 0, 2, 2, 1, 3, -19 ] ], 
              [ [ 1, 0, 2, 3, 3, 3, 1, 2, 1, 1, 1, 3, 4, 1, 1, 2, 1, -17 ], [ 1, 4, 2, 1, 1, 1, 3, 2, 3, 3, 3, 1, 0, 3, 3, 2, 3, -21 ] ], 
              [ [ 1, 0, 3, 3, 2, 4, 3, 2, 1, 1, 2, 4, 2, 1, 2, 3, 0, -21 ], [ 1, 4, 1, 1, 2, 0, 1, 2, 3, 3, 2, 0, 2, 3, 2, 1, 4, -17 ] ], 
              [ [ 1, 1, 2, 3, 2, 2, 2, 2, 3, 0, 1, 2, 3, 1, 2, 2, 1, -16 ], [ 1, 3, 2, 1, 2, 2, 2, 2, 1, 4, 3, 2, 1, 3, 2, 2, 3, -22 ] ], 
              [ [ 1, 1, 1, 4, 3, 1, 1, 2, 3, 0, 2, 2, 3, 2, 2, 2, 1, -16 ], [ 1, 3, 3, 0, 1, 3, 3, 2, 1, 4, 2, 2, 1, 2, 2, 2, 3, -22 ] ], 
              [ [ 1, 1, 2, 3, 3, 2, 2, 2, 2, 1, 1, 2, 3, 0, 2, 2, 1, -17 ], [ 1, 3, 2, 1, 1, 2, 2, 2, 2, 3, 3, 2, 1, 4, 2, 2, 3, -21 ] ], 
              [ [ 1, 1, 2, 2, 2, 2, 1, 2, 2, 2, 1, 2, 3, 1, 3, 2, 3, -18 ], [ 1, 3, 2, 2, 2, 2, 3, 2, 2, 2, 3, 2, 1, 3, 1, 2, 1, -20 ] ], 
              [ [ 1, 1, 1, 3, 3, 1, 0, 2, 2, 2, 2, 2, 3, 2, 3, 2, 3, -18 ], [ 1, 3, 3, 1, 1, 3, 4, 2, 2, 2, 2, 2, 1, 2, 1, 2, 1, -20 ] ], 
              [ [ 1, 1, 2, 2, 3, 2, 2, 1, 2, 2, 1, 4, 1, 1, 3, 2, 2, -20 ], [ 1, 3, 2, 2, 1, 2, 2, 3, 2, 2, 3, 0, 3, 3, 1, 2, 2, -18 ] ], 
              [ [ 1, 1, 2, 3, 2, 2, 2, 2, 2, 2, 1, 2, 3, 2, 3, 1, 3, -19 ], [ 1, 3, 2, 1, 2, 2, 2, 2, 2, 2, 3, 2, 1, 2, 1, 3, 1, -19 ] ], 
              [ [ 1, 1, 2, 3, 3, 2, 2, 2, 1, 3, 1, 2, 3, 1, 3, 1, 3, -20 ], [ 1, 3, 2, 1, 1, 2, 2, 2, 3, 1, 3, 2, 1, 3, 1, 3, 1, -18 ] ], 
              [ [ 1, 1, 1, 3, 3, 2, 1, 3, 2, 2, 2, 1, 4, 1, 3, 1, 3, -18 ], [ 1, 3, 3, 1, 1, 2, 3, 1, 2, 2, 2, 3, 0, 3, 1, 3, 1, -20 ] ], 
              [ [ 1, 1, 2, 3, 2, 3, 3, 3, 2, 2, 3, 2, 2, 1, 4, 2, 2, -22 ], [ 1, 3, 2, 1, 2, 1, 1, 1, 2, 2, 1, 2, 2, 3, 0, 2, 2, -16 ] ], 
              [ [ 1, 1, 2, 2, 3, 3, 3, 2, 2, 2, 1, 3, 2, 0, 3, 1, 2, -20 ], [ 1, 3, 2, 2, 1, 1, 1, 2, 2, 2, 3, 1, 2, 4, 1, 3, 2, -18 ] ], 
              [ [ 1, 1, 1, 3, 4, 2, 2, 2, 2, 2, 2, 3, 2, 1, 3, 1, 2, -20 ], [ 1, 3, 3, 1, 0, 2, 2, 2, 2, 2, 2, 1, 2, 3, 1, 3, 2, -18 ] ], 
              [ [ 1, 0, 2, 3, 3, 2, 3, 1, 1, 1, 1, 3, 3, 1, 1, 2, 0, -17 ], [ 1, 4, 2, 1, 1, 2, 1, 3, 3, 3, 3, 1, 1, 3, 3, 2, 4, -21 ] ], 
              [ [ 1, 0, 2, 2, 3, 2, 2, 1, 0, 3, 1, 3, 3, 1, 2, 2, 2, -19 ], [ 1, 4, 2, 2, 1, 2, 2, 3, 4, 1, 3, 1, 1, 3, 2, 2, 2, -19 ] ], 
              [ [ 1, 1, 2, 2, 2, 1, 3, 1, 2, 2, 1, 2, 2, 1, 3, 2, 2, -18 ], [ 1, 3, 2, 2, 2, 3, 1, 3, 2, 2, 3, 2, 2, 3, 1, 2, 2, -20 ] ], 
              [ [ 1, 1, 1, 2, 3, 1, 2, 2, 2, 2, 2, 1, 3, 0, 3, 2, 2, -17 ], [ 1, 3, 3, 2, 1, 3, 2, 2, 2, 2, 2, 3, 1, 4, 1, 2, 2, -21 ] ], 
              [ [ 1, 0, 2, 3, 3, 3, 3, 2, 0, 2, 2, 4, 3, 1, 2, 2, 1, -21 ], [ 1, 4, 2, 1, 1, 1, 1, 2, 4, 2, 2, 0, 1, 3, 2, 2, 3, -17 ] ], 
              [ [ 1, 0, 1, 3, 3, 3, 2, 3, 1, 1, 3, 3, 4, 1, 2, 2, 1, -19 ], [ 1, 4, 3, 1, 1, 1, 2, 1, 3, 3, 1, 1, 0, 3, 2, 2, 3, -19 ] ], 
              [ [ 1, 0, 1, 3, 4, 3, 2, 3, 0, 2, 3, 3, 4, 0, 2, 2, 1, -20 ], [ 1, 4, 3, 1, 0, 1, 2, 1, 4, 2, 1, 1, 0, 4, 2, 2, 3, -18 ] ], 
              [ [ 1, 1, 1, 3, 3, 2, 3, 3, 2, 1, 3, 2, 3, 0, 3, 2, 1, -19 ], [ 1, 3, 3, 1, 1, 2, 1, 1, 2, 3, 1, 2, 1, 4, 1, 2, 3, -19 ] ], 
              [ [ 1, 1, 1, 3, 3, 1, 3, 2, 2, 2, 2, 1, 3, 1, 3, 1, 2, -18 ], [ 1, 3, 3, 1, 1, 3, 1, 2, 2, 2, 2, 3, 1, 3, 1, 3, 2, -20 ] ], 
              [ [ 1, 1, 3, 2, 0, 4, 2, 3, 3, 0, 2, 2, 2, 2, 2, 2, 2, -18 ], [ 1, 3, 1, 2, 4, 0, 2, 1, 1, 4, 2, 2, 2, 2, 2, 2, 2, -20 ] ], 
              [ [ 1, 1, 2, 2, 2, 3, 1, 2, 3, 0, 1, 3, 2, 2, 1, 1, 2, -16 ], [ 1, 3, 2, 2, 2, 1, 3, 2, 1, 4, 3, 1, 2, 2, 3, 3, 2, -22 ] ], 
              [ [ 1, 2, 2, 1, 1, 2, 1, 2, 4, 1, 1, 2, 1, 2, 3, 1, 4, -17 ], [ 1, 2, 2, 3, 3, 2, 3, 2, 0, 3, 3, 2, 3, 2, 1, 3, 0, -21 ] ], 
              [ [ 1, 0, 3, 2, 1, 4, 3, 2, 1, 1, 2, 3, 2, 2, 1, 2, 1, -19 ], [ 1, 4, 1, 2, 3, 0, 1, 2, 3, 3, 2, 1, 2, 2, 3, 2, 3, -19 ] ], 
              [ [ 1, 1, 2, 2, 1, 2, 2, 2, 3, 0, 1, 1, 3, 2, 1, 1, 2, -14 ], [ 1, 3, 2, 2, 3, 2, 2, 2, 1, 4, 3, 3, 1, 2, 3, 3, 2, -24 ] ], 
              [ [ 1, 1, 2, 1, 1, 2, 1, 2, 2, 2, 1, 1, 3, 2, 2, 1, 4, -16 ], [ 1, 3, 2, 3, 3, 2, 3, 2, 2, 2, 3, 3, 1, 2, 2, 3, 0, -22 ] ], 
              [ [ 1, 1, 3, 1, 0, 3, 3, 2, 2, 2, 2, 2, 1, 2, 3, 2, 3, -20 ], [ 1, 3, 1, 3, 4, 1, 1, 2, 2, 2, 2, 2, 3, 2, 1, 2, 1, -18 ] ], 
              [ [ 1, 1, 2, 1, 1, 2, 2, 1, 3, 1, 1, 3, 1, 3, 2, 1, 3, -17 ], [ 1, 3, 2, 3, 3, 2, 2, 3, 1, 3, 3, 1, 3, 1, 2, 3, 1, -21 ] ], 
              [ [ 1, 1, 3, 0, 1, 3, 3, 1, 2, 2, 0, 3, 1, 1, 2, 1, 3, -18 ], [ 1, 3, 1, 4, 3, 1, 1, 3, 2, 2, 4, 1, 3, 3, 2, 3, 1, -20 ] ], 
              [ [ 1, 1, 2, 1, 2, 2, 2, 1, 2, 2, 1, 3, 1, 2, 2, 1, 3, -18 ], [ 1, 3, 2, 3, 2, 2, 2, 3, 2, 2, 3, 1, 3, 2, 2, 3, 1, -20 ] ], 
              [ [ 1, 1, 1, 1, 2, 2, 1, 2, 3, 1, 2, 2, 2, 2, 2, 1, 3, -16 ], [ 1, 3, 3, 3, 2, 2, 3, 2, 1, 3, 2, 2, 2, 2, 2, 3, 1, -22 ] ], 
              [ [ 1, 1, 2, 2, 1, 3, 2, 3, 2, 1, 2, 2, 3, 2, 2, 1, 3, -18 ], [ 1, 3, 2, 2, 3, 1, 2, 1, 2, 3, 2, 2, 1, 2, 2, 3, 1, -20 ] ], 
              [ [ 1, 1, 1, 2, 2, 3, 2, 3, 3, 0, 3, 3, 2, 2, 2, 1, 2, -18 ], [ 1, 3, 3, 2, 2, 1, 2, 1, 1, 4, 1, 1, 2, 2, 2, 3, 2, -20 ] ], 
              [ [ 1, 1, 2, 1, 2, 4, 3, 3, 2, 1, 2, 3, 2, 0, 2, 1, 2, -19 ], [ 1, 3, 2, 3, 2, 0, 1, 1, 2, 3, 2, 1, 2, 4, 2, 3, 2, -19 ] ], 
              [ [ 1, 1, 2, 1, 2, 3, 3, 2, 2, 2, 1, 2, 2, 1, 2, 0, 3, -18 ], [ 1, 3, 2, 3, 2, 1, 1, 2, 2, 2, 3, 2, 2, 3, 2, 4, 1, -20 ] ], 
              [ [ 1, 0, 2, 1, 1, 3, 2, 2, 1, 1, 2, 3, 3, 2, 1, 2, 2, -17 ], [ 1, 4, 2, 3, 3, 1, 2, 2, 3, 3, 2, 1, 1, 2, 3, 2, 2, -21 ] ], 
              [ [ 1, 0, 1, 2, 2, 3, 2, 3, 1, 1, 3, 2, 4, 2, 1, 1, 2, -17 ], [ 1, 4, 3, 2, 2, 1, 2, 1, 3, 3, 1, 2, 0, 2, 3, 3, 2, -21 ] ], 
              [ [ 1, 0, 2, 1, 2, 4, 4, 2, 1, 1, 2, 4, 2, 1, 1, 1, 1, -19 ], [ 1, 4, 2, 3, 2, 0, 0, 2, 3, 3, 2, 0, 2, 3, 3, 3, 3, -19 ] ], 
              [ [ 1, 2, 3, 4, 2, 1, 1, 2, 1, 3, 1, 2, 2, 3, 2, 4, 2, -21 ], [ 1, 2, 1, 0, 2, 3, 3, 2, 3, 1, 3, 2, 2, 1, 2, 0, 2, -17 ] ], 
              [ [ 1, 2, 2, 4, 3, 1, 1, 2, 2, 2, 2, 3, 1, 3, 2, 4, 1, -21 ], [ 1, 2, 2, 0, 1, 3, 3, 2, 2, 2, 2, 1, 3, 1, 2, 0, 3, -17 ] ], 
              [ [ 1, 3, 2, 3, 2, 0, 1, 2, 3, 3, 2, 2, 0, 3, 4, 4, 3, -22 ], [ 1, 1, 2, 1, 2, 4, 3, 2, 1, 1, 2, 2, 4, 1, 0, 0, 1, -16 ] ], 
              [ [ 1, 3, 3, 3, 2, 1, 3, 2, 2, 4, 1, 2, 0, 2, 4, 3, 3, -24 ], [ 1, 1, 1, 1, 2, 3, 1, 2, 2, 0, 3, 2, 4, 2, 0, 1, 1, -14 ] ], 
              [ [ 1, 2, 2, 4, 2, 0, 2, 2, 2, 2, 2, 1, 2, 3, 2, 4, 1, -19 ], [ 1, 2, 2, 0, 2, 4, 2, 2, 2, 2, 2, 3, 2, 1, 2, 0, 3, -19 ] ], 
              [ [ 1, 2, 2, 3, 2, 0, 1, 2, 1, 4, 2, 1, 2, 3, 3, 4, 3, -21 ], [ 1, 2, 2, 1, 2, 4, 3, 2, 3, 0, 2, 3, 2, 1, 1, 0, 1, -17 ] ], 
              [ [ 1, 2, 3, 2, 2, 1, 3, 1, 1, 4, 1, 3, 0, 2, 3, 4, 2, -23 ], [ 1, 2, 1, 2, 2, 3, 1, 3, 3, 0, 3, 1, 4, 2, 1, 0, 2, -15 ] ], 
              [ [ 1, 2, 2, 3, 3, 0, 2, 1, 1, 4, 2, 3, 0, 3, 3, 4, 2, -23 ], [ 1, 2, 2, 1, 1, 4, 2, 3, 3, 0, 2, 1, 4, 1, 1, 0, 2, -15 ] ], 
              [ [ 1, 3, 1, 3, 3, -2, 1, 1, 3, 3, 1, 1, 1, 3, 3, 3, 3, -18 ], [ 1, 1, 3, 1, 1, 6, 3, 3, 1, 1, 3, 3, 3, 1, 1, 1, 1, -20 ] ], 
              [ [ 1, 2, 2, 4, 2, 1, 2, 3, 1, 3, 3, 2, 2, 3, 3, 4, 2, -23 ], [ 1, 2, 2, 0, 2, 3, 2, 1, 3, 1, 1, 2, 2, 1, 1, 0, 2, -15 ] ], 
              [ [ 1, 2, 2, 3, 3, 1, 2, 2, 1, 3, 1, 3, 2, 2, 2, 3, 2, -21 ], [ 1, 2, 2, 1, 1, 3, 2, 2, 3, 1, 3, 1, 2, 2, 2, 1, 2, -17 ] ], 
              [ [ 1, 2, 1, 4, 4, 0, 1, 2, 1, 3, 2, 3, 2, 3, 2, 3, 2, -21 ], [ 1, 2, 3, 0, 0, 4, 3, 2, 3, 1, 2, 1, 2, 1, 2, 1, 2, -17 ] ], 
              [ [ 1, 2, 2, 3, 3, 2, 3, 3, 1, 3, 3, 3, 1, 1, 3, 4, 1, -24 ], [ 1, 2, 2, 1, 1, 2, 1, 1, 3, 1, 1, 1, 3, 3, 1, 0, 3, -14 ] ], 
              [ [ 1, 2, 2, 3, 3, 1, 3, 2, 1, 4, 2, 2, 1, 2, 3, 3, 2, -23 ], [ 1, 2, 2, 1, 1, 3, 1, 2, 3, 0, 2, 2, 3, 2, 1, 1, 2, -15 ] ], 
              [ [ 1, 2, 1, 3, 4, 0, 3, 2, 1, 3, 2, 2, 2, 1, 2, 3, 1, -20 ], [ 1, 2, 3, 1, 0, 4, 1, 2, 3, 1, 2, 2, 2, 3, 2, 1, 3, -18 ] ], 
              [ [ 1, 2, 3, 2, 1, 1, 1, 1, 2, 2, 1, 3, 0, 4, 1, 4, 2, -19 ], [ 1, 2, 1, 2, 3, 3, 3, 3, 2, 2, 3, 1, 4, 0, 3, 0, 2, -19 ] ], 
              [ [ 1, 2, 3, 2, 1, 2, 2, 2, 2, 2, 1, 2, 1, 3, 1, 3, 2, -19 ], [ 1, 2, 1, 2, 3, 2, 2, 2, 2, 2, 3, 2, 3, 1, 3, 1, 2, -19 ] ], 
              [ [ 1, 3, 3, 1, 0, 1, 2, 2, 3, 3, 1, 1, 0, 3, 3, 3, 4, -20 ], [ 1, 1, 1, 3, 4, 3, 2, 2, 1, 1, 3, 3, 4, 1, 1, 1, 0, -18 ] ], 
              [ [ 1, 3, 2, 2, 1, 0, 1, 2, 3, 3, 2, 1, 0, 4, 3, 3, 4, -20 ], [ 1, 1, 2, 2, 3, 4, 3, 2, 1, 1, 2, 3, 4, 0, 1, 1, 0, -18 ] ], 
              [ [ 1, 3, 2, 1, 2, 0, 1, 1, 3, 3, 0, 2, 0, 3, 2, 2, 4, -18 ], [ 1, 1, 2, 3, 2, 4, 3, 3, 1, 1, 4, 2, 4, 1, 2, 2, 0, -20 ] ], 
              [ [ 1, 3, 3, 1, 1, 1, 3, 1, 3, 3, 1, 3, -2, 3, 3, 3, 3, -22 ], [ 1, 1, 1, 3, 3, 3, 1, 3, 1, 1, 3, 1, 6, 1, 1, 1, 1, -16 ] ], 
              [ [ 1, 2, 3, 2, 1, 3, 2, 3, 1, 3, 2, 3, 1, 3, 2, 3, 3, -23 ], [ 1, 2, 1, 2, 3, 1, 2, 1, 3, 1, 2, 1, 3, 1, 2, 1, 1, -15 ] ], 
              [ [ 1, 3, 2, 2, 2, 1, 2, 2, 3, 2, 1, 3, 0, 3, 2, 2, 3, -20 ], [ 1, 1, 2, 2, 2, 3, 2, 2, 1, 2, 3, 1, 4, 1, 2, 2, 1, -18 ] ], 
              [ [ 1, 2, 1, 2, 2, 0, 0, 2, 2, 2, 2, 2, 2, 4, 1, 3, 3, -17 ], [ 1, 2, 3, 2, 2, 4, 4, 2, 2, 2, 2, 2, 2, 0, 3, 1, 1, -21 ] ], 
              [ [ 1, 2, 2, 2, 1, 1, 2, 2, 2, 2, 3, 3, 0, 4, 2, 4, 2, -21 ], [ 1, 2, 2, 2, 3, 3, 2, 2, 2, 2, 1, 1, 4, 0, 2, 0, 2, -17 ] ], 
              [ [ 1, 2, 3, 1, 1, 2, 3, 2, 1, 3, 2, 3, 0, 2, 2, 4, 2, -22 ], [ 1, 2, 1, 3, 3, 2, 1, 2, 3, 1, 2, 1, 4, 2, 2, 0, 2, -16 ] ], 
              [ [ 1, 2, 2, 1, 2, 1, 2, 1, 2, 2, 1, 4, 0, 3, 1, 3, 2, -19 ], [ 1, 2, 2, 3, 2, 3, 2, 3, 2, 2, 3, 0, 4, 1, 3, 1, 2, -19 ] ], 
              [ [ 1, 2, 3, 1, 1, 1, 3, 1, 1, 4, 1, 2, 0, 3, 2, 3, 3, -21 ], [ 1, 2, 1, 3, 3, 3, 1, 3, 3, 0, 3, 2, 4, 1, 2, 1, 1, -17 ] ], 
              [ [ 1, 2, 2, 2, 2, 1, 2, 2, 1, 3, 1, 2, 2, 3, 1, 2, 3, -19 ], [ 1, 2, 2, 2, 2, 3, 2, 2, 3, 1, 3, 2, 2, 1, 3, 2, 1, -19 ] ], 
              [ [ 1, 2, 3, 2, 1, 2, 4, 2, 1, 3, 2, 3, 0, 3, 2, 3, 2, -23 ], [ 1, 2, 1, 2, 3, 2, 0, 2, 3, 1, 2, 1, 4, 1, 2, 1, 2, -15 ] ], 
              [ [ 1, 2, 2, 2, 1, 2, 3, 3, 2, 2, 3, 2, 1, 3, 2, 3, 2, -21 ], [ 1, 2, 2, 2, 3, 2, 1, 1, 2, 2, 1, 2, 3, 1, 2, 1, 2, -17 ] ], 
              [ [ 1, 2, 2, 2, 2, 2, 3, 3, 1, 3, 3, 2, 1, 2, 2, 3, 2, -22 ], [ 1, 2, 2, 2, 2, 2, 1, 1, 3, 1, 1, 2, 3, 2, 2, 1, 2, -16 ] ], 
              [ [ 1, 2, 1, 2, 3, 1, 2, 2, 2, 2, 2, 3, 1, 3, 1, 2, 2, -19 ], [ 1, 2, 3, 2, 1, 3, 2, 2, 2, 2, 2, 1, 3, 1, 3, 2, 2, -19 ] ], 
              [ [ 1, 3, 1, 1, 2, 0, 2, 2, 3, 3, 2, 2, 0, 3, 3, 2, 4, -20 ], [ 1, 1, 3, 3, 2, 4, 2, 2, 1, 1, 2, 2, 4, 1, 1, 2, 0, -18 ] ], 
              [ [ 1, 2, 3, 4, 2, 2, 1, 2, 2, 2, 2, 2, 2, 2, 3, 4, 1, -21 ], [ 1, 2, 1, 0, 2, 2, 3, 2, 2, 2, 2, 2, 2, 2, 1, 0, 3, -17 ] ], 
              [ [ 1, 3, 2, 3, 3, 1, 1, 2, 3, 3, 1, 1, 2, 1, 4, 2, 3, -20 ], [ 1, 1, 2, 1, 1, 3, 3, 2, 1, 1, 3, 3, 2, 3, 0, 2, 1, -18 ] ], 
              [ [ 1, 2, 2, 4, 3, 0, 1, 1, 2, 2, 1, 1, 3, 2, 2, 3, 1, -17 ], [ 1, 2, 2, 0, 1, 4, 3, 3, 2, 2, 3, 3, 1, 2, 2, 1, 3, -21 ] ], 
              [ [ 1, 2, 2, 4, 3, 1, 1, 2, 1, 3, 2, 2, 3, 2, 3, 3, 2, -21 ], [ 1, 2, 2, 0, 1, 3, 3, 2, 3, 1, 2, 2, 1, 2, 1, 1, 2, -17 ] ], 
              [ [ 1, 2, 1, 4, 3, 1, 0, 3, 2, 2, 3, 1, 4, 2, 3, 3, 2, -19 ], [ 1, 2, 3, 0, 1, 3, 4, 1, 2, 2, 1, 3, 0, 2, 1, 1, 2, -19 ] ], 
              [ [ 1, 2, 2, 3, 3, 2, 2, 2, 2, 2, 2, 3, 2, 1, 3, 3, 1, -21 ], [ 1, 2, 2, 1, 1, 2, 2, 2, 2, 2, 2, 1, 2, 3, 1, 1, 3, -17 ] ], 
              [ [ 1, 2, 1, 4, 4, 1, 1, 2, 2, 2, 3, 3, 2, 2, 3, 3, 1, -21 ], [ 1, 2, 3, 0, 0, 3, 3, 2, 2, 2, 1, 1, 2, 2, 1, 1, 3, -17 ] ], 
              [ [ 1, 2, 2, 3, 4, 2, 2, 2, 1, 3, 2, 3, 2, 0, 3, 3, 1, -22 ], [ 1, 2, 2, 1, 0, 2, 2, 2, 3, 1, 2, 1, 2, 4, 1, 1, 3, -16 ] ], 
              [ [ 1, 2, 3, 3, 2, 2, 3, 2, 1, 4, 2, 1, 2, 1, 4, 3, 2, -23 ], [ 1, 2, 1, 1, 2, 2, 1, 2, 3, 0, 2, 3, 2, 3, 0, 1, 2, -15 ] ], 
              [ [ 1, 2, 2, 3, 3, 1, 2, 1, 2, 3, 1, 2, 2, 2, 3, 2, 2, -20 ], [ 1, 2, 2, 1, 1, 3, 2, 3, 2, 1, 3, 2, 2, 2, 1, 2, 2, -18 ] ], 
              [ [ 1, 2, 2, 3, 4, 1, 2, 1, 1, 4, 1, 2, 2, 1, 3, 2, 2, -21 ], [ 1, 2, 2, 1, 0, 3, 2, 3, 3, 0, 3, 2, 2, 3, 1, 2, 2, -17 ] ], 
              [ [ 1, 3, 2, 3, 3, 0, 3, 1, 3, 3, 1, 1, 1, 1, 4, 2, 2, -20 ], [ 1, 1, 2, 1, 1, 4, 1, 3, 1, 1, 3, 3, 3, 3, 0, 2, 2, -18 ] ], 
              [ [ 1, 2, 2, 4, 3, 2, 2, 3, 1, 3, 2, 1, 4, 1, 3, 2, 2, -21 ], [ 1, 2, 2, 0, 1, 2, 2, 1, 3, 1, 2, 3, 0, 3, 1, 2, 2, -17 ] ], 
              [ [ 1, 2, 2, 4, 4, 2, 3, 2, 1, 3, 2, 3, 2, 1, 3, 2, 1, -23 ], [ 1, 2, 2, 0, 0, 2, 1, 2, 3, 1, 2, 1, 2, 3, 1, 2, 3, -15 ] ], 
              [ [ 1, 2, 1, 4, 4, 2, 2, 3, 2, 2, 3, 2, 3, 1, 3, 2, 1, -21 ], [ 1, 2, 3, 0, 0, 2, 2, 1, 2, 2, 1, 2, 1, 3, 1, 2, 3, -17 ] ], 
              [ [ 1, 1, 2, 3, 3, 2, 2, 2, 0, 3, 2, 2, 4, 1, 2, 3, 1, -20 ], [ 1, 3, 2, 1, 1, 2, 2, 2, 4, 1, 2, 2, 0, 3, 2, 1, 3, -18 ] ], 
              [ [ 1, 1, 1, 4, 4, 1, 1, 2, 0, 3, 3, 2, 4, 2, 2, 3, 1, -20 ], [ 1, 3, 3, 0, 0, 3, 3, 2, 4, 1, 1, 2, 0, 2, 2, 1, 3, -18 ] ], 
              [ [ 1, 2, 1, 4, 3, 0, 2, 2, 2, 2, 3, 1, 3, 2, 3, 3, 1, -19 ], [ 1, 2, 3, 0, 1, 4, 2, 2, 2, 2, 1, 3, 1, 2, 1, 1, 3, -19 ] ], 
              [ [ 1, 2, 2, 3, 3, 1, 3, 2, 1, 3, 2, 1, 3, 0, 3, 3, 1, -20 ], [ 1, 2, 2, 1, 1, 3, 1, 2, 3, 1, 2, 3, 1, 4, 1, 1, 3, -18 ] ], 
              [ [ 1, 1, 2, 3, 4, 2, 3, 1, 0, 3, 2, 4, 2, 1, 2, 3, 0, -22 ], [ 1, 3, 2, 1, 0, 2, 1, 3, 4, 1, 2, 0, 2, 3, 2, 1, 4, -16 ] ], 
              [ [ 1, 2, 1, 3, 4, 0, 2, 1, 2, 2, 1, 2, 3, 1, 2, 2, 1, -17 ], [ 1, 2, 3, 1, 0, 4, 2, 3, 2, 2, 3, 2, 1, 3, 2, 2, 3, -21 ] ], 
              [ [ 1, 2, 1, 3, 4, 1, 3, 2, 2, 2, 3, 2, 2, 0, 3, 3, 0, -20 ], [ 1, 2, 3, 1, 0, 3, 1, 2, 2, 2, 1, 2, 2, 4, 1, 1, 4, -18 ] ], 
              [ [ 1, 2, 1, 3, 4, 1, 3, 2, 1, 4, 3, 2, 2, 1, 4, 2, 2, -23 ], [ 1, 2, 3, 1, 0, 3, 1, 2, 3, 0, 1, 2, 2, 3, 0, 2, 2, -15 ] ], 
              [ [ 1, 2, 2, 3, 2, 2, 0, 2, 3, 0, 2, 3, 2, 3, 1, 3, 1, -17 ], [ 1, 2, 2, 1, 2, 2, 4, 2, 1, 4, 2, 1, 2, 1, 3, 1, 3, -21 ] ], 
              [ [ 1, 2, 3, 3, 0, 2, 1, 2, 3, 1, 2, 1, 2, 4, 2, 3, 2, -18 ], [ 1, 2, 1, 1, 4, 2, 3, 2, 1, 3, 2, 3, 2, 0, 2, 1, 2, -20 ] ], 
              [ [ 1, 2, 4, 2, 0, 3, 2, 2, 2, 2, 1, 1, 2, 2, 2, 3, 2, -19 ], [ 1, 2, 0, 2, 4, 1, 2, 2, 2, 2, 3, 3, 2, 2, 2, 1, 2, -19 ] ], 
              [ [ 1, 2, 3, 3, 1, 2, 1, 2, 2, 2, 2, 1, 2, 3, 2, 3, 2, -19 ], [ 1, 2, 1, 1, 3, 2, 3, 2, 2, 2, 2, 3, 2, 1, 2, 1, 2, -19 ] ], 
              [ [ 1, 2, 3, 2, 1, 2, 1, 1, 3, 1, 0, 2, 2, 3, 1, 2, 2, -16 ], [ 1, 2, 1, 2, 3, 2, 3, 3, 1, 3, 4, 2, 2, 1, 3, 2, 2, -22 ] ], 
              [ [ 1, 2, 2, 3, 2, 1, 0, 1, 3, 1, 1, 2, 2, 4, 1, 2, 2, -16 ], [ 1, 2, 2, 1, 2, 3, 4, 3, 1, 3, 3, 2, 2, 0, 3, 2, 2, -22 ] ], 
              [ [ 1, 2, 3, 2, 2, 2, 1, 1, 2, 2, 0, 2, 2, 2, 1, 2, 2, -17 ], [ 1, 2, 1, 2, 2, 2, 3, 3, 2, 2, 4, 2, 2, 2, 3, 2, 2, -21 ] ], 
              [ [ 1, 2, 4, 2, 1, 3, 3, 1, 2, 2, 1, 3, 0, 2, 2, 3, 1, -21 ], [ 1, 2, 0, 2, 3, 1, 1, 3, 2, 2, 3, 1, 4, 2, 2, 1, 3, -17 ] ], 
              [ [ 1, 2, 3, 2, 1, 3, 2, 2, 3, 1, 2, 2, 1, 2, 2, 3, 1, -19 ], [ 1, 2, 1, 2, 3, 1, 2, 2, 1, 3, 2, 2, 3, 2, 2, 1, 3, -19 ] ], 
              [ [ 1, 3, 3, 2, 1, 1, 2, 1, 4, 1, 0, 1, 1, 2, 2, 2, 2, -16 ], [ 1, 1, 1, 2, 3, 3, 2, 3, 0, 3, 4, 3, 3, 2, 2, 2, 2, -22 ] ], 
              [ [ 1, 2, 3, 3, 2, 3, 2, 2, 2, 1, 1, 3, 2, 2, 1, 2, 1, -19 ], [ 1, 2, 1, 1, 2, 1, 2, 2, 2, 3, 3, 1, 2, 2, 3, 2, 3, -19 ] ], 
              [ [ 1, 2, 2, 3, 2, 3, 1, 3, 3, 0, 2, 2, 3, 2, 1, 2, 1, -17 ], [ 1, 2, 2, 1, 2, 1, 3, 1, 1, 4, 2, 2, 1, 2, 3, 2, 3, -21 ] ], 
              [ [ 1, 3, 2, 2, 1, 0, 0, 1, 4, 2, 1, 1, 1, 4, 3, 2, 4, -17 ], [ 1, 1, 2, 2, 3, 4, 4, 3, 0, 2, 3, 3, 3, 0, 1, 2, 0, -21 ] ], 
              [ [ 1, 3, 3, 1, 1, 1, 1, 1, 3, 3, 0, 1, 1, 2, 3, 2, 4, -18 ], [ 1, 1, 1, 3, 3, 3, 3, 3, 1, 1, 4, 3, 3, 2, 1, 2, 0, -20 ] ], 
              [ [ 1, 3, 2, 1, 2, 1, 1, 1, 4, 2, 1, 2, 0, 2, 3, 2, 3, -18 ], [ 1, 1, 2, 3, 2, 3, 3, 3, 0, 2, 3, 2, 4, 2, 1, 2, 1, -20 ] ], 
              [ [ 1, 2, 3, 2, 1, 3, 1, 2, 2, 2, 1, 3, 2, 3, 2, 2, 3, -20 ], [ 1, 2, 1, 2, 3, 1, 3, 2, 2, 2, 3, 1, 2, 1, 2, 2, 1, -18 ] ], 
              [ [ 1, 2, 2, 3, 2, 2, 0, 2, 2, 2, 2, 3, 2, 4, 2, 2, 3, -20 ], [ 1, 2, 2, 1, 2, 2, 4, 2, 2, 2, 2, 1, 2, 0, 2, 2, 1, -18 ] ], 
              [ [ 1, 2, 3, 2, 2, 3, 1, 2, 1, 3, 1, 3, 2, 2, 2, 2, 3, -21 ], [ 1, 2, 1, 2, 2, 1, 3, 2, 3, 1, 3, 1, 2, 2, 2, 2, 1, -17 ] ], 
              [ [ 1, 2, 2, 2, 2, 3, 0, 3, 2, 2, 2, 2, 3, 2, 2, 2, 3, -19 ], [ 1, 2, 2, 2, 2, 1, 4, 1, 2, 2, 2, 2, 1, 2, 2, 2, 1, -19 ] ], 
              [ [ 1, 2, 3, 2, 1, 4, 2, 3, 2, 2, 3, 3, 1, 2, 3, 3, 2, -23 ], [ 1, 2, 1, 2, 3, 0, 2, 1, 2, 2, 1, 1, 3, 2, 1, 1, 2, -15 ] ], 
              [ [ 1, 3, 3, 2, 1, 2, 2, 2, 3, 2, 1, 2, 1, 2, 3, 2, 3, -20 ], [ 1, 1, 1, 2, 3, 2, 2, 2, 1, 2, 3, 2, 3, 2, 1, 2, 1, -18 ] ], 
              [ [ 1, 3, 2, 2, 1, 2, 1, 3, 4, 1, 2, 1, 2, 2, 3, 2, 3, -18 ], [ 1, 1, 2, 2, 3, 2, 3, 1, 0, 3, 2, 3, 2, 2, 1, 2, 1, -20 ] ], 
              [ [ 1, 3, 1, 3, 2, 1, 0, 3, 4, 1, 3, 1, 2, 3, 3, 2, 3, -18 ], [ 1, 1, 3, 1, 2, 3, 4, 1, 0, 3, 1, 3, 2, 1, 1, 2, 1, -20 ] ], 
              [ [ 1, 3, 2, 2, 2, 2, 1, 3, 3, 2, 2, 1, 2, 1, 3, 2, 3, -19 ], [ 1, 1, 2, 2, 2, 2, 3, 1, 1, 2, 2, 3, 2, 3, 1, 2, 1, -19 ] ], 
              [ [ 1, 2, 2, 2, 3, 3, 1, 2, 2, 2, 2, 4, 1, 2, 2, 2, 2, -21 ], [ 1, 2, 2, 2, 1, 1, 3, 2, 2, 2, 2, 0, 3, 2, 2, 2, 2, -17 ] ], 
              [ [ 1, 3, 1, 2, 3, 1, 0, 2, 4, 1, 1, 2, 2, 2, 2, 1, 3, -16 ], [ 1, 1, 3, 2, 1, 3, 4, 2, 0, 3, 3, 2, 2, 2, 2, 3, 1, -22 ] ], 
              [ [ 1, 3, 2, 2, 2, 2, 2, 2, 4, 1, 2, 3, 0, 2, 3, 2, 2, -20 ], [ 1, 1, 2, 2, 2, 2, 2, 2, 0, 3, 2, 1, 4, 2, 1, 2, 2, -18 ] ], 
              [ [ 1, 2, 3, 2, 1, 3, 2, 2, 2, 3, 2, 2, 1, 3, 3, 2, 3, -22 ], [ 1, 2, 1, 2, 3, 1, 2, 2, 2, 1, 2, 2, 3, 1, 1, 2, 1, -16 ] ], 
              [ [ 1, 3, 3, 2, 1, 1, 2, 1, 3, 3, 0, 1, 1, 3, 3, 1, 4, -19 ], [ 1, 1, 1, 2, 3, 3, 2, 3, 1, 1, 4, 3, 3, 1, 1, 3, 0, -19 ] ], 
              [ [ 1, 3, 2, 2, 1, 1, 1, 2, 4, 2, 1, 0, 2, 3, 3, 1, 4, -17 ], [ 1, 1, 2, 2, 3, 3, 3, 2, 0, 2, 3, 4, 2, 1, 1, 3, 0, -21 ] ], 
              [ [ 1, 3, 2, 2, 2, 1, 1, 2, 3, 3, 1, 0, 2, 2, 3, 1, 4, -18 ], [ 1, 1, 2, 2, 2, 3, 3, 2, 1, 1, 3, 4, 2, 2, 1, 3, 0, -20 ] ], 
              [ [ 1, 3, 3, 2, 1, 2, 3, 2, 3, 3, 2, 1, 0, 2, 4, 2, 3, -22 ], [ 1, 1, 1, 2, 3, 2, 1, 2, 1, 1, 2, 3, 4, 2, 0, 2, 1, -16 ] ], 
              [ [ 1, 3, 2, 2, 2, 1, 2, 1, 4, 2, 1, 2, 0, 3, 3, 1, 3, -19 ], [ 1, 1, 2, 2, 2, 3, 2, 3, 0, 2, 3, 2, 4, 1, 1, 3, 1, -19 ] ], 
              [ [ 1, 3, 3, 1, 2, 2, 3, 1, 3, 3, 0, 2, 0, 1, 3, 1, 3, -20 ], [ 1, 1, 1, 3, 2, 2, 1, 3, 1, 1, 4, 2, 4, 3, 1, 3, 1, -18 ] ], 
              [ [ 1, 2, 2, 3, 2, 3, 1, 3, 2, 2, 2, 2, 3, 3, 2, 1, 3, -20 ], [ 1, 2, 2, 1, 2, 1, 3, 1, 2, 2, 2, 2, 1, 1, 2, 3, 1, -18 ] ], 
              [ [ 1, 3, 2, 3, 2, 2, 2, 3, 3, 2, 2, 1, 2, 2, 3, 1, 3, -20 ], [ 1, 1, 2, 1, 2, 2, 2, 1, 1, 2, 2, 3, 2, 2, 1, 3, 1, -18 ] ], 
              [ [ 1, 1, 2, 3, 2, 2, 0, 2, 1, 1, 2, 2, 4, 3, 0, 3, 1, -16 ], [ 1, 3, 2, 1, 2, 2, 4, 2, 3, 3, 2, 2, 0, 1, 4, 1, 3, -22 ] ], 
              [ [ 1, 1, 3, 3, 1, 3, 2, 2, 1, 1, 3, 3, 2, 3, 1, 4, 0, -20 ], [ 1, 3, 1, 1, 3, 1, 2, 2, 3, 3, 1, 1, 2, 1, 3, 0, 4, -18 ] ], 
              [ [ 1, 2, 2, 3, 1, 1, 1, 2, 3, 0, 2, 1, 3, 3, 1, 3, 1, -15 ], [ 1, 2, 2, 1, 3, 3, 3, 2, 1, 4, 2, 3, 1, 1, 3, 1, 3, -23 ] ], 
              [ [ 1, 1, 3, 2, 2, 3, 2, 1, 1, 1, 1, 4, 2, 2, 0, 3, 0, -18 ], [ 1, 3, 1, 2, 2, 1, 2, 3, 3, 3, 3, 0, 2, 2, 4, 1, 4, -20 ] ], 
              [ [ 1, 2, 2, 2, 2, 2, 2, 2, 3, 0, 2, 2, 2, 1, 1, 3, 0, -16 ], [ 1, 2, 2, 2, 2, 2, 2, 2, 1, 4, 2, 2, 2, 3, 3, 1, 4, -22 ] ], 
              [ [ 1, 2, 2, 2, 1, 1, 0, 2, 2, 2, 2, 1, 3, 3, 2, 3, 3, -17 ], [ 1, 2, 2, 2, 3, 3, 4, 2, 2, 2, 2, 3, 1, 1, 2, 1, 1, -21 ] ], 
              [ [ 1, 2, 3, 1, 1, 2, 2, 1, 2, 2, 1, 3, 1, 2, 2, 3, 2, -19 ], [ 1, 2, 1, 3, 3, 2, 2, 3, 2, 2, 3, 1, 3, 2, 2, 1, 2, -19 ] ], 
              [ [ 1, 2, 2, 2, 2, 1, 1, 1, 2, 2, 2, 3, 1, 3, 2, 3, 2, -19 ], [ 1, 2, 2, 2, 2, 3, 3, 3, 2, 2, 2, 1, 3, 1, 2, 1, 2, -19 ] ], 
              [ [ 1, 2, 1, 2, 2, 1, 0, 2, 3, 1, 3, 2, 2, 3, 2, 3, 2, -17 ], [ 1, 2, 3, 2, 2, 3, 4, 2, 1, 3, 1, 2, 2, 1, 2, 1, 2, -21 ] ], 
              [ [ 1, 2, 2, 1, 2, 2, 1, 2, 2, 2, 2, 2, 2, 1, 2, 3, 2, -18 ], [ 1, 2, 2, 3, 2, 2, 3, 2, 2, 2, 2, 2, 2, 3, 2, 1, 2, -20 ] ], 
              [ [ 1, 2, 2, 2, 2, 3, 2, 3, 2, 1, 3, 3, 2, 1, 2, 3, 1, -20 ], [ 1, 2, 2, 2, 2, 1, 2, 1, 2, 3, 1, 1, 2, 3, 2, 1, 3, -18 ] ], 
              [ [ 1, 2, 2, 2, 2, 1, 2, 1, 3, 1, 1, 1, 2, 2, 1, 2, 1, -15 ], [ 1, 2, 2, 2, 2, 3, 2, 3, 1, 3, 3, 3, 2, 2, 3, 2, 3, -23 ] ], 
              [ [ 1, 1, 3, 3, 1, 4, 3, 3, 1, 1, 3, 2, 3, 2, 1, 3, 0, -20 ], [ 1, 3, 1, 1, 3, 0, 1, 1, 3, 3, 1, 2, 1, 2, 3, 1, 4, -18 ] ], 
              [ [ 1, 1, 2, 3, 3, 3, 2, 2, 1, 1, 2, 3, 3, 2, 0, 2, 0, -18 ], [ 1, 3, 2, 1, 1, 1, 2, 2, 3, 3, 2, 1, 1, 2, 4, 2, 4, -20 ] ], 
              [ [ 1, 2, 2, 3, 2, 2, 3, 2, 3, 0, 2, 2, 2, 2, 1, 2, 0, -17 ], [ 1, 2, 2, 1, 2, 2, 1, 2, 1, 4, 2, 2, 2, 2, 3, 2, 4, -21 ] ], 
              [ [ 1, 2, 3, 1, 1, 1, 2, 0, 2, 3, 0, 2, 1, 3, 2, 2, 3, -18 ], [ 1, 2, 1, 3, 3, 3, 2, 4, 2, 1, 4, 2, 3, 1, 2, 2, 1, -20 ] ], 
              [ [ 1, 2, 2, 1, 2, 1, 1, 1, 2, 3, 1, 1, 2, 2, 2, 2, 3, -17 ], [ 1, 2, 2, 3, 2, 3, 3, 3, 2, 1, 3, 3, 2, 2, 2, 2, 1, -21 ] ], 
              [ [ 1, 2, 3, 1, 1, 2, 3, 1, 2, 3, 2, 2, 0, 2, 3, 3, 2, -21 ], [ 1, 2, 1, 3, 3, 2, 1, 3, 2, 1, 2, 2, 4, 2, 1, 1, 2, -17 ] ], 
              [ [ 1, 3, 2, 1, 1, 0, 2, 1, 4, 2, 1, 0, 1, 2, 3, 2, 3, -16 ], [ 1, 1, 2, 3, 3, 4, 2, 3, 0, 2, 3, 4, 3, 2, 1, 2, 1, -22 ] ], 
              [ [ 1, 1, 3, 2, 1, 4, 2, 3, 0, 3, 3, 2, 3, 2, 2, 3, 2, -22 ], [ 1, 3, 1, 2, 3, 0, 2, 1, 4, 1, 1, 2, 1, 2, 2, 1, 2, -16 ] ], 
              [ [ 1, 2, 2, 3, 1, 1, 1, 2, 2, 2, 2, 1, 3, 4, 2, 2, 3, -18 ], [ 1, 2, 2, 1, 3, 3, 3, 2, 2, 2, 2, 3, 1, 0, 2, 2, 1, -20 ] ], 
              [ [ 1, 2, 3, 2, 1, 2, 2, 2, 1, 3, 1, 1, 3, 2, 2, 2, 3, -19 ], [ 1, 2, 1, 2, 3, 2, 2, 2, 3, 1, 3, 3, 1, 2, 2, 2, 1, -19 ] ], 
              [ [ 1, 2, 2, 2, 1, 2, 1, 3, 2, 2, 2, 0, 4, 2, 2, 2, 3, -17 ], [ 1, 2, 2, 2, 3, 2, 3, 1, 2, 2, 2, 4, 0, 2, 2, 2, 1, -21 ] ], 
              [ [ 1, 2, 1, 3, 2, 1, 0, 3, 2, 2, 3, 0, 4, 3, 2, 2, 3, -17 ], [ 1, 2, 3, 1, 2, 3, 4, 1, 2, 2, 1, 4, 0, 1, 2, 2, 1, -21 ] ], 
              [ [ 1, 2, 3, 2, 0, 3, 3, 3, 2, 2, 3, 1, 2, 2, 3, 3, 2, -21 ], [ 1, 2, 1, 2, 4, 1, 1, 1, 2, 2, 1, 3, 2, 2, 1, 1, 2, -17 ] ], 
              [ [ 1, 2, 2, 3, 1, 2, 2, 3, 2, 2, 4, 1, 2, 3, 3, 3, 2, -21 ], [ 1, 2, 2, 1, 3, 2, 2, 1, 2, 2, 0, 3, 2, 1, 1, 1, 2, -17 ] ], 
              [ [ 1, 2, 3, 2, 1, 3, 3, 3, 1, 3, 3, 1, 2, 1, 3, 3, 2, -22 ], [ 1, 2, 1, 2, 3, 1, 1, 1, 3, 1, 1, 3, 2, 3, 1, 1, 2, -16 ] ], 
              [ [ 1, 1, 3, 2, 2, 3, 2, 1, 0, 3, 1, 4, 2, 3, 1, 2, 2, -21 ], [ 1, 3, 1, 2, 2, 1, 2, 3, 4, 1, 3, 0, 2, 1, 3, 2, 2, -17 ] ], 
              [ [ 1, 1, 2, 2, 2, 3, 1, 2, 1, 2, 2, 3, 3, 3, 1, 2, 2, -19 ], [ 1, 3, 2, 2, 2, 1, 3, 2, 3, 2, 2, 1, 1, 1, 3, 2, 2, -19 ] ], 
              [ [ 1, 1, 2, 2, 3, 3, 1, 2, 0, 3, 2, 3, 3, 2, 1, 2, 2, -20 ], [ 1, 3, 2, 2, 1, 1, 3, 2, 4, 1, 2, 1, 1, 2, 3, 2, 2, -18 ] ], 
              [ [ 1, 1, 3, 2, 2, 4, 3, 2, 0, 3, 3, 4, 1, 2, 2, 3, 1, -24 ], [ 1, 3, 1, 2, 2, 0, 1, 2, 4, 1, 1, 0, 3, 2, 2, 1, 3, -14 ] ], 
              [ [ 1, 2, 2, 2, 2, 1, 1, 1, 2, 2, 0, 2, 3, 3, 1, 1, 3, -16 ], [ 1, 2, 2, 2, 2, 3, 3, 3, 2, 2, 4, 2, 1, 1, 3, 3, 1, -22 ] ], 
              [ [ 1, 2, 3, 2, 1, 2, 3, 1, 2, 2, 1, 3, 1, 3, 2, 2, 2, -20 ], [ 1, 2, 1, 2, 3, 2, 1, 3, 2, 2, 3, 1, 3, 1, 2, 2, 2, -18 ] ], 
              [ [ 1, 2, 2, 2, 1, 2, 2, 2, 3, 1, 2, 2, 2, 3, 2, 2, 2, -18 ], [ 1, 2, 2, 2, 3, 2, 2, 2, 1, 3, 2, 2, 2, 1, 2, 2, 2, -20 ] ], 
              [ [ 1, 2, 1, 3, 2, 1, 1, 2, 3, 1, 3, 2, 2, 4, 2, 2, 2, -18 ], [ 1, 2, 3, 1, 2, 3, 3, 2, 1, 3, 1, 2, 2, 0, 2, 2, 2, -20 ] ], 
              [ [ 1, 2, 1, 2, 3, 1, 0, 2, 2, 2, 1, 1, 4, 2, 1, 1, 3, -15 ], [ 1, 2, 3, 2, 1, 3, 4, 2, 2, 2, 3, 3, 0, 2, 3, 3, 1, -23 ] ], 
              [ [ 1, 2, 3, 1, 1, 3, 3, 2, 2, 2, 1, 2, 2, 1, 2, 2, 2, -19 ], [ 1, 2, 1, 3, 3, 1, 1, 2, 2, 2, 3, 2, 2, 3, 2, 2, 2, -19 ] ], 
              [ [ 1, 2, 3, 2, 2, 2, 3, 1, 1, 3, 1, 3, 1, 2, 2, 2, 2, -21 ], [ 1, 2, 1, 2, 2, 2, 1, 3, 3, 1, 3, 1, 3, 2, 2, 2, 2, -17 ] ] ],
          slins := [  ] ), 
      [ [ [ -129690, -738214, -2198226, -1008166, -2384246, -1684782, -2254798, -538350, -692010, -1860602, -1621454, -1648098, -250914, -1123598, 
                  -1021850, -1956810, -2035718, -2429756 ], [ -738214, -4204602, -12520159, -5742145, -13579689, -9595869, -12842457, -3066221, -3941439, 
                  -10597241, -9235133, -9386919, -1429131, -6399545, -5820009, -11145243, -11594679, -13838904 ], 
              [ -2198226, -12520159, -37281678, -17098561, -40436661, -28573907, -38241375, -9130387, -11736553, -31555741, -27499749, -27951717, 
                  -4255563, -19056121, -17330417, -33187525, -34525827, -41208532 ], [ -1008166, -5742145, -17098561, -7841946, -18545539, -13104905, 
                  -17538713, -4187485, -5382757, -14472467, -12612259, -12819547, -1951737, -8739743, -7948279, -15220857, -15834645, -18899544 ], 
              [ -2384246, -13579689, -40436661, -18545539, -43858642, -30991997, -41477579, -9903051, -12729765, -34226165, -29826931, -30317149, 
                  -4615693, -20668759, -18797015, -35996045, -37447601, -44695832 ], [ -1684782, -9595869, -28573907, -13104905, -30991997, -21899994, 
                  -29309459, -6997829, -8995281, -24185363, -21076715, -21423121, -3261605, -14605243, -13282605, -25436023, -26461741, -31583584 ], 
              [ -2254798, -12842457, -38241375, -17538713, -41477579, -29309459, -39225786, -9365419, -12038673, -32368045, -28207643, -28671249, 
                  -4365111, -19546663, -17776535, -34041841, -35414593, -42269320 ], 
              [ -538350, -3066221, -9130387, -4187485, -9903051, -6997829, -9365419, -2236058, -2874315, -7728089, -6734765, -6845453, -1042199, -4666897, 
                  -4244267, -8127717, -8455471, -10092084 ], [ -692010, -3941439, -11736553, -5382757, -12729765, -8995281, -12038673, -2874315, -3694758, 
                  -9933987, -8657129, -8799411, -1339683, -5999009, -5455743, -10447683, -10868991, -12972756 ], 
              [ -1860602, -10597241, -31555741, -14472467, -34226165, -24185363, -32368045, -7728089, -9933987, -26709230, -23276179, -23658731, -3601969, 
                  -16129371, -14668709, -28090395, -29223153, -34879488 ], [ -1621454, -9235133, -27499749, -12612259, -29826931, -21076715, -28207643, 
                  -6734765, -8657129, -23276179, -20284394, -20617775, -3138993, -14056195, -12783279, -24479817, -25466977, -30396280 ], 
              [ -1648098, -9386919, -27951717, -12819547, -30317149, -21423121, -28671249, -6845453, -8799411, -23658731, -20617775, -20956638, -3190585, 
                  -14287215, -12993379, -24882155, -25885539, -30895856 ], [ -250914, -1429131, -4255563, -1951737, -4615693, -3261605, -4365111, 
                  -1042199, -1339683, -3601969, -3138993, -3190585, -485758, -2175185, -1978203, -3788233, -3940995, -4703800 ], 
              [ -1123598, -6399545, -19056121, -8739743, -20668759, -14605243, -19546663, -4666897, -5999009, -16129371, -14056195, -14287215, -2175185, 
                  -9740330, -8858255, -16963443, -17647501, -21063292 ], [ -1021850, -5820009, -17330417, -7948279, -18797015, -13282605, -17776535, 
                  -4244267, -5455743, -14668709, -12783279, -12993379, -1978203, -8858255, -8056062, -15427249, -16049359, -19155820 ], 
              [ -1956810, -11145243, -33187525, -15220857, -35996045, -25436023, -34041841, -8127717, -10447683, -28090395, -24479817, -24882155, 
                  -3788233, -16963443, -15427249, -29542990, -30734323, -36683152 ], [ -2035718, -11594679, -34525827, -15834645, -37447601, -26461741, 
                  -35414593, -8455471, -10868991, -29223153, -25466977, -25885539, -3940995, -17647501, -16049359, -30734323, -31973698, -38162416 ], 
              [ -2429756, -13838904, -41208532, -18899544, -44695832, -31583584, -42269320, -10092084, -12972756, -34879488, -30396280, -30895856, 
                  -4703800, -21063292, -19155820, -36683152, -38162416, -45549004 ] ], [ 1, 2, 2, 2, 2, 2, 2, 2, 2, 2, 2, 2, 2, 2, 2, 2, 2, -19 ] ] ], 
  [ rec(
          nopss := [ 0, 374 ],
          scons := [ [ [ 1, 4, 3, 1, 1, 2, 1, 2, 2, 1, 2, 1, 1, 0, 2, -9, 2, -6 ], [ 1, 0, 1, 3, 3, 2, 3, 2, 2, 3, 2, 3, 3, 4, 2, -13, 2, -12 ] ], 
              [ [ 1, 6, 3, 1, 1, 1, 1, 3, 3, 1, 3, 3, 1, 1, 1, -11, 3, -9 ], [ 1, -2, 1, 3, 3, 3, 3, 1, 1, 3, 1, 1, 3, 3, 3, -11, 1, -9 ] ], 
              [ [ 1, 4, 4, 1, 1, 2, 1, 2, 2, 1, 4, 2, 2, 2, 1, -10, 3, -12 ], [ 1, 0, 0, 3, 3, 2, 3, 2, 2, 3, 0, 2, 2, 2, 3, -12, 1, -6 ] ], 
              [ [ 1, 4, 3, 1, 1, 2, 1, 2, 2, 2, 2, 1, 0, 1, 2, -9, 3, -7 ], [ 1, 0, 1, 3, 3, 2, 3, 2, 2, 2, 2, 3, 4, 3, 2, -13, 1, -11 ] ], 
              [ [ 1, 4, 3, 0, 1, 3, 3, 2, 2, 3, 3, 2, 2, 0, 2, -11, 3, -9 ], [ 1, 0, 1, 4, 3, 1, 1, 2, 2, 1, 1, 2, 2, 4, 2, -11, 1, -9 ] ], 
              [ [ 1, 3, 4, 0, 2, 3, 2, 1, 1, 2, 3, 1, 1, 1, 3, -9, 3, -10 ], [ 1, 1, 0, 4, 2, 1, 2, 3, 3, 2, 1, 3, 3, 3, 1, -13, 1, -8 ] ], 
              [ [ 1, 4, 3, 1, 1, 1, 1, 2, 2, 2, 3, 3, 1, 1, 1, -9, 2, -9 ], [ 1, 0, 1, 3, 3, 3, 3, 2, 2, 2, 1, 1, 3, 3, 3, -13, 2, -9 ] ], 
              [ [ 1, 4, 3, 1, 1, 2, 1, 2, 2, 1, 3, 1, 0, 1, 2, -9, 2, -7 ], [ 1, 0, 1, 3, 3, 2, 3, 2, 2, 3, 1, 3, 4, 3, 2, -13, 2, -11 ] ], 
              [ [ 1, 4, 2, 1, 0, 1, 1, 2, 2, 3, 3, 3, 1, 1, 1, -9, 1, -7 ], [ 1, 0, 2, 3, 4, 3, 3, 2, 2, 1, 1, 1, 3, 3, 3, -13, 3, -11 ] ], 
              [ [ 1, 3, 3, -2, 1, 3, 3, 1, 3, 1, 3, 1, 1, 1, 1, -7, 3, -9 ], [ 1, 1, 1, 6, 3, 1, 1, 3, 1, 3, 1, 3, 3, 3, 3, -15, 1, -9 ] ], 
              [ [ 1, 3, 3, 1, 1, 1, 1, 1, 3, 1, 3, 3, 1, 3, 1, -8, 1, -10 ], [ 1, 1, 1, 3, 3, 3, 3, 3, 1, 3, 1, 1, 3, 1, 3, -14, 3, -8 ] ], 
              [ [ 1, 3, 2, 0, 2, 1, 3, 1, 3, 2, 2, 1, 1, 0, 2, -8, 2, -6 ], [ 1, 1, 2, 4, 2, 3, 1, 3, 1, 2, 2, 3, 3, 4, 2, -14, 2, -12 ] ], 
              [ [ 1, 3, 4, 1, 2, 1, 3, 1, 1, 1, 3, 1, 1, 0, 2, -7, 2, -9 ], [ 1, 1, 0, 3, 2, 3, 1, 3, 3, 3, 1, 3, 3, 4, 2, -15, 2, -9 ] ], 
              [ [ 1, 3, 4, 0, 1, 3, 3, 1, 3, 2, 2, 1, 1, 1, 3, -10, 3, -8 ], [ 1, 1, 0, 4, 3, 1, 1, 3, 1, 2, 2, 3, 3, 3, 1, -12, 1, -10 ] ], 
              [ [ 1, 4, 3, 1, 0, 1, 2, 2, 4, 2, 2, 3, 1, 1, 1, -10, 2, -7 ], [ 1, 0, 1, 3, 4, 3, 2, 2, 0, 2, 2, 1, 3, 3, 3, -12, 2, -11 ] ], 
              [ [ 1, 4, 4, 1, 1, 2, 2, 3, 2, 1, 3, 2, 2, 2, 1, -10, 3, -12 ], [ 1, 0, 0, 3, 3, 2, 2, 1, 2, 3, 1, 2, 2, 2, 3, -12, 1, -6 ] ], 
              [ [ 1, 4, 4, 2, 2, 1, 2, 2, 2, 1, 3, 3, 1, 1, 2, -10, 3, -11 ], [ 1, 0, 0, 2, 2, 3, 2, 2, 2, 3, 1, 1, 3, 3, 2, -12, 1, -7 ] ], 
              [ [ 1, 3, 4, 1, 1, 1, 1, 1, 3, 1, 2, 2, 0, 2, 2, -8, 2, -8 ], [ 1, 1, 0, 3, 3, 3, 3, 3, 1, 3, 2, 2, 4, 2, 2, -14, 2, -10 ] ], 
              [ [ 1, 3, 6, 1, 1, 3, 3, 1, 1, 1, 3, 1, 1, 1, 3, -9, 3, -11 ], [ 1, 1, -2, 3, 3, 1, 1, 3, 3, 3, 1, 3, 3, 3, 1, -13, 1, -7 ] ], 
              [ [ 1, 3, 4, 1, 2, 1, 3, 1, 1, 2, 3, 1, 0, 1, 2, -7, 3, -10 ], [ 1, 1, 0, 3, 2, 3, 1, 3, 3, 2, 1, 3, 4, 3, 2, -15, 1, -8 ] ], 
              [ [ 1, 4, 3, 0, 1, 3, 2, 3, 3, 1, 3, 1, 1, 0, 2, -10, 3, -8 ], [ 1, 0, 1, 4, 3, 1, 2, 1, 1, 3, 1, 3, 3, 4, 2, -12, 1, -10 ] ], 
              [ [ 1, 4, 2, 1, 2, 1, 2, 2, 4, 1, 3, 3, 1, 1, 2, -11, 2, -8 ], [ 1, 0, 2, 3, 2, 3, 2, 2, 0, 3, 1, 1, 3, 3, 2, -11, 2, -10 ] ], 
              [ [ 1, 3, 4, 0, 1, 3, 3, 1, 3, 1, 3, 1, 1, 1, 3, -10, 2, -8 ], [ 1, 1, 0, 4, 3, 1, 1, 3, 1, 3, 1, 3, 3, 3, 1, -12, 2, -10 ] ], 
              [ [ 1, 3, 2, 0, 2, 2, 3, 2, 2, 2, 4, 2, 2, 0, 1, -9, 4, -11 ], [ 1, 1, 2, 4, 2, 2, 1, 2, 2, 2, 0, 2, 2, 4, 3, -13, 0, -7 ] ], 
              [ [ 1, 3, 2, 0, 2, 1, 3, 1, 3, 2, 3, 1, 0, 1, 2, -8, 2, -7 ], [ 1, 1, 2, 4, 2, 3, 1, 3, 1, 2, 1, 3, 4, 3, 2, -14, 2, -11 ] ], 
              [ [ 1, 4, 3, 0, 1, 1, 2, 2, 2, 1, 3, 2, 0, 0, 1, -7, 3, -8 ], [ 1, 0, 1, 4, 3, 3, 2, 2, 2, 3, 1, 2, 4, 4, 3, -15, 1, -10 ] ], 
              [ [ 1, 4, 3, 2, 1, 1, 2, 2, 2, 2, 3, 3, 1, 1, 2, -10, 2, -9 ], [ 1, 0, 1, 2, 3, 3, 2, 2, 2, 2, 1, 1, 3, 3, 2, -12, 2, -9 ] ], 
              [ [ 1, 3, 3, 1, 0, 1, 1, 1, 3, 2, 2, 2, 0, 2, 2, -8, 1, -6 ], [ 1, 1, 1, 3, 4, 3, 3, 3, 1, 2, 2, 2, 4, 2, 2, -14, 3, -12 ] ], 
              [ [ 1, 3, 3, 0, 0, 3, 1, 3, 2, 1, 2, 1, 1, 1, 1, -8, 3, -8 ], [ 1, 1, 1, 4, 4, 1, 3, 1, 2, 3, 2, 3, 3, 3, 3, -14, 1, -10 ] ], 
              [ [ 1, 3, 2, 1, 0, 2, 1, 3, 3, 2, 2, 1, 0, 0, 1, -8, 2, -5 ], [ 1, 1, 2, 3, 4, 2, 3, 1, 1, 2, 2, 3, 4, 4, 3, -14, 2, -13 ] ], 
              [ [ 1, 3, 2, 1, 1, 1, 1, 2, 3, 1, 2, 3, 1, 2, 1, -9, 2, -8 ], [ 1, 1, 2, 3, 3, 3, 3, 2, 1, 3, 2, 1, 3, 2, 3, -13, 2, -10 ] ], 
              [ [ 1, 2, 2, 1, 2, 2, 2, 1, 3, 2, 2, 1, 0, 1, 3, -9, 2, -6 ], [ 1, 2, 2, 3, 2, 2, 2, 3, 1, 2, 2, 3, 4, 3, 1, -13, 2, -12 ] ], 
              [ [ 1, 3, 3, 1, 1, 2, 1, 2, 2, 1, 2, 2, 0, 0, 2, -8, 3, -7 ], [ 1, 1, 1, 3, 3, 2, 3, 2, 2, 3, 2, 2, 4, 4, 2, -14, 1, -11 ] ], 
              [ [ 1, 4, 3, 1, 1, 2, 2, 3, 2, 1, 2, 1, 0, 1, 2, -9, 2, -7 ], [ 1, 0, 1, 3, 3, 2, 2, 1, 2, 3, 2, 3, 4, 3, 2, -13, 2, -11 ] ], 
              [ [ 1, 3, 2, 2, 2, 1, 1, 3, 2, 1, 3, 2, 1, 2, 1, -9, 2, -10 ], [ 1, 1, 2, 2, 2, 3, 3, 1, 2, 3, 1, 2, 3, 2, 3, -13, 2, -8 ] ], 
              [ [ 1, 3, 3, 0, 0, 2, 3, 1, 3, 3, 3, 3, 2, 1, 2, -10, 1, -8 ], [ 1, 1, 1, 4, 4, 2, 1, 3, 1, 1, 1, 1, 2, 3, 2, -12, 3, -10 ] ], 
              [ [ 1, 3, 3, 1, 1, 2, 3, 2, 2, 3, 4, 2, 2, 1, 2, -10, 1, -10 ], [ 1, 1, 1, 3, 3, 2, 1, 2, 2, 1, 0, 2, 2, 3, 2, -12, 3, -8 ] ], 
              [ [ 1, 2, 4, 2, 1, 2, 2, 1, 1, 2, 4, 2, 2, 2, 2, -9, 2, -12 ], [ 1, 2, 0, 2, 3, 2, 2, 3, 3, 2, 0, 2, 2, 2, 2, -13, 2, -6 ] ], 
              [ [ 1, 3, 4, 1, 2, 2, 3, 1, 1, 2, 4, 3, 2, 1, 3, -10, 2, -12 ], [ 1, 1, 0, 3, 2, 2, 1, 3, 3, 2, 0, 1, 2, 3, 1, -12, 2, -6 ] ], 
              [ [ 1, 3, 3, 1, 1, 1, 1, 1, 3, 1, 1, 1, -2, 1, 3, -7, 1, -3 ], [ 1, 1, 1, 3, 3, 3, 3, 3, 1, 3, 3, 3, 6, 3, 1, -15, 3, -15 ] ], 
              [ [ 1, 2, 3, 0, 1, 3, 2, 2, 2, 2, 3, 1, 1, 0, 2, -8, 2, -8 ], [ 1, 2, 1, 4, 3, 1, 2, 2, 2, 2, 1, 3, 3, 4, 2, -14, 2, -10 ] ], 
              [ [ 1, 2, 3, 1, 0, 2, 2, 1, 3, 2, 2, 1, 0, 1, 2, -8, 1, -5 ], [ 1, 2, 1, 3, 4, 2, 2, 3, 1, 2, 2, 3, 4, 3, 2, -14, 3, -13 ] ], 
              [ [ 1, 3, 3, 0, 1, 2, 3, 1, 3, 2, 2, 2, 0, 0, 3, -9, 1, -5 ], [ 1, 1, 1, 4, 3, 2, 1, 3, 1, 2, 2, 2, 4, 4, 1, -13, 3, -13 ] ], 
              [ [ 1, 2, 4, 1, 1, 3, 2, 2, 1, 1, 3, 0, 1, 2, 2, -8, 2, -10 ], [ 1, 2, 0, 3, 3, 1, 2, 2, 3, 3, 1, 4, 3, 2, 2, -14, 2, -8 ] ], 
              [ [ 1, 3, 4, 0, 2, 3, 3, 2, 1, 1, 3, 1, 1, 1, 3, -9, 2, -10 ], [ 1, 1, 0, 4, 2, 1, 1, 2, 3, 3, 1, 3, 3, 3, 1, -13, 2, -8 ] ], 
              [ [ 1, 2, 4, 2, 2, 2, 2, 1, 1, 1, 3, 1, 0, 1, 3, -8, 2, -9 ], [ 1, 2, 0, 2, 2, 2, 2, 3, 3, 3, 1, 3, 4, 3, 1, -14, 2, -9 ] ], 
              [ [ 1, 2, 3, 1, 0, 2, 2, 2, 1, 3, 3, 2, 2, 2, 1, -8, 1, -10 ], [ 1, 2, 1, 3, 4, 2, 2, 2, 3, 1, 1, 2, 2, 2, 3, -14, 3, -8 ] ], 
              [ [ 1, 2, 3, 2, 1, 1, 2, 1, 1, 3, 3, 3, 1, 1, 2, -8, 1, -9 ], [ 1, 2, 1, 2, 3, 3, 2, 3, 3, 1, 1, 1, 3, 3, 2, -14, 3, -9 ] ], 
              [ [ 1, 2, 3, 1, 1, 2, 2, 2, 1, 2, 2, 1, 0, 1, 2, -7, 1, -7 ], [ 1, 2, 1, 3, 3, 2, 2, 2, 3, 2, 2, 3, 4, 3, 2, -15, 3, -11 ] ], 
              [ [ 1, 2, 2, 0, 0, 3, 2, 2, 2, 3, 3, 1, 1, 0, 2, -8, 1, -6 ], [ 1, 2, 2, 4, 4, 1, 2, 2, 2, 1, 1, 3, 3, 4, 2, -14, 3, -12 ] ], 
              [ [ 1, 2, 1, 1, 1, 1, 2, 1, 3, 3, 3, 3, 1, 1, 2, -9, 0, -6 ], [ 1, 2, 3, 3, 3, 3, 2, 3, 1, 1, 1, 1, 3, 3, 2, -13, 4, -12 ] ], 
              [ [ 1, 2, 2, 1, 2, 2, 2, 2, 1, 2, 4, 2, 2, 2, 2, -9, 1, -11 ], [ 1, 2, 2, 3, 2, 2, 2, 2, 3, 2, 0, 2, 2, 2, 2, -13, 3, -7 ] ], 
              [ [ 1, 4, 2, 0, 0, 2, 2, 3, 3, 3, 4, 3, 1, 1, 1, -10, 2, -9 ], [ 1, 0, 2, 4, 4, 2, 2, 1, 1, 1, 0, 1, 3, 3, 3, -12, 2, -9 ] ], 
              [ [ 1, 3, 3, 1, 1, 3, 3, 3, 1, 3, 6, 3, 3, 1, 1, -11, 3, -15 ], [ 1, 1, 1, 3, 3, 1, 1, 1, 3, 1, -2, 1, 1, 3, 3, -11, 1, -3 ] ], 
              [ [ 1, 3, 2, 1, 0, 3, 1, 3, 3, 3, 3, 3, 1, 1, 2, -11, 2, -8 ], [ 1, 1, 2, 3, 4, 1, 3, 1, 1, 1, 1, 1, 3, 3, 2, -11, 2, -10 ] ], 
              [ [ 1, 3, 3, 1, -2, 3, 1, 3, 3, 3, 3, 3, 1, 1, 1, -10, 1, -7 ], [ 1, 1, 1, 3, 6, 1, 3, 1, 1, 1, 1, 1, 3, 3, 3, -12, 3, -11 ] ], 
              [ [ 1, 2, 3, 1, 0, 3, 2, 1, 3, 3, 3, 3, 1, 2, 3, -11, 1, -8 ], [ 1, 2, 1, 3, 4, 1, 2, 3, 1, 1, 1, 1, 3, 2, 1, -11, 3, -10 ] ], 
              [ [ 1, 3, 3, 2, 0, 2, 1, 3, 2, 2, 4, 4, 2, 3, 1, -11, 1, -12 ], [ 1, 1, 1, 2, 4, 2, 3, 1, 2, 2, 0, 0, 2, 1, 3, -11, 3, -6 ] ], 
              [ [ 1, 2, 3, 2, 1, 3, 2, 2, 2, 3, 4, 2, 1, 2, 3, -11, 1, -10 ], [ 1, 2, 1, 2, 3, 1, 2, 2, 2, 1, 0, 2, 3, 2, 1, -11, 3, -8 ] ], 
              [ [ 1, 3, 4, 2, 0, 3, 1, 3, 1, 2, 4, 3, 1, 1, 2, -10, 2, -11 ], [ 1, 1, 0, 2, 4, 1, 3, 1, 3, 2, 0, 1, 3, 3, 2, -12, 2, -7 ] ], 
              [ [ 1, 2, 3, 1, 1, 3, 2, 2, 1, 3, 3, 3, 1, 2, 3, -10, 1, -10 ], [ 1, 2, 1, 3, 3, 1, 2, 2, 3, 1, 1, 1, 3, 2, 1, -12, 3, -8 ] ], 
              [ [ 1, 3, 2, 1, 0, 3, 1, 3, 3, 2, 4, 3, 1, 1, 2, -11, 1, -8 ], [ 1, 1, 2, 3, 4, 1, 3, 1, 1, 2, 0, 1, 3, 3, 2, -11, 3, -10 ] ], 
              [ [ 1, 4, 4, 2, 1, 1, 2, 2, 2, 2, 2, 2, 0, 0, 3, -10, 3, -7 ], [ 1, 0, 0, 2, 3, 3, 2, 2, 2, 2, 2, 2, 4, 4, 1, -12, 1, -11 ] ], 
              [ [ 1, 3, 4, 2, 1, 2, 3, 3, 0, 3, 3, 2, 2, 0, 2, -10, 3, -11 ], [ 1, 1, 0, 2, 3, 2, 1, 1, 4, 1, 1, 2, 2, 4, 2, -12, 1, -7 ] ], 
              [ [ 1, 3, 2, 2, 1, 1, 1, 3, 2, 2, 2, 1, 0, 1, 2, -9, 2, -6 ], [ 1, 1, 2, 2, 3, 3, 3, 1, 2, 2, 2, 3, 4, 3, 2, -13, 2, -12 ] ], 
              [ [ 1, 4, 2, 1, 2, 1, 2, 3, 2, 2, 2, 2, 0, 0, 3, -10, 2, -6 ], [ 1, 0, 2, 3, 2, 3, 2, 1, 2, 2, 2, 2, 4, 4, 1, -12, 2, -12 ] ], 
              [ [ 1, 3, 2, 1, 1, 2, 3, 3, 2, 3, 3, 2, 2, 0, 2, -11, 2, -8 ], [ 1, 1, 2, 3, 3, 2, 1, 1, 2, 1, 1, 2, 2, 4, 2, -11, 2, -10 ] ], 
              [ [ 1, 3, 3, 1, 1, 3, 3, 3, 1, 3, 3, 1, 1, -2, 3, -10, 3, -7 ], [ 1, 1, 1, 3, 3, 1, 1, 1, 3, 1, 1, 3, 3, 6, 1, -12, 1, -11 ] ], 
              [ [ 1, 3, 3, 2, 3, 2, 3, 3, 0, 2, 4, 2, 2, 0, 3, -11, 3, -12 ], [ 1, 1, 1, 2, 1, 2, 1, 1, 4, 2, 0, 2, 2, 4, 1, -11, 1, -6 ] ], 
              [ [ 1, 2, 3, 1, 2, 2, 2, 2, 1, 2, 3, 1, 1, 1, 3, -9, 2, -9 ], [ 1, 2, 1, 3, 2, 2, 2, 2, 3, 2, 1, 3, 3, 3, 1, -13, 2, -9 ] ], 
              [ [ 1, 3, 3, 2, 0, 2, 1, 3, 2, 2, 1, 2, 0, 0, 3, -10, 1, -4 ], [ 1, 1, 1, 2, 4, 2, 3, 1, 2, 2, 3, 2, 4, 4, 1, -12, 3, -14 ] ], 
              [ [ 1, 2, 4, 0, 1, 2, 3, 2, 1, 1, 3, 1, 1, 1, 1, -6, 3, -11 ], [ 1, 2, 0, 4, 3, 2, 1, 2, 3, 3, 1, 3, 3, 3, 3, -16, 1, -7 ] ], 
              [ [ 1, 2, 3, 1, 1, 2, 3, 2, 2, 3, 4, 3, 1, 1, 2, -9, 2, -11 ], [ 1, 2, 1, 3, 3, 2, 1, 2, 2, 1, 0, 1, 3, 3, 2, -13, 2, -7 ] ], 
              [ [ 1, 3, 2, 1, 3, 2, 2, 1, 2, 1, 3, 1, 3, 2, 1, -10, 3, -11 ], [ 1, 1, 2, 3, 1, 2, 2, 3, 2, 3, 1, 3, 1, 2, 3, -12, 1, -7 ] ], 
              [ [ 1, 3, 2, 2, 2, 1, 0, 1, 3, 0, 1, 2, 2, 4, 1, -10, 1, -8 ], [ 1, 1, 2, 2, 2, 3, 4, 3, 1, 4, 3, 2, 2, 0, 3, -12, 3, -10 ] ], 
              [ [ 1, 4, 3, 2, 1, 2, 1, 2, 3, 1, 3, 3, 3, 3, 0, -12, 3, -12 ], [ 1, 0, 1, 2, 3, 2, 3, 2, 1, 3, 1, 1, 1, 1, 4, -10, 1, -6 ] ], 
              [ [ 1, 3, 2, 1, 2, 2, 2, 1, 3, 2, 2, 3, 3, 4, 1, -12, 2, -11 ], [ 1, 1, 2, 3, 2, 2, 2, 3, 1, 2, 2, 1, 1, 0, 3, -10, 2, -7 ] ], 
              [ [ 1, 3, 3, 1, 2, 3, 2, 1, 2, 2, 2, 2, 2, 2, 2, -11, 3, -10 ], [ 1, 1, 1, 3, 2, 1, 2, 3, 2, 2, 2, 2, 2, 2, 2, -11, 1, -8 ] ], 
              [ [ 1, 3, 1, 0, 2, 3, 2, 1, 4, 2, 2, 2, 2, 2, 2, -12, 2, -7 ], [ 1, 1, 3, 4, 2, 1, 2, 3, 0, 2, 2, 2, 2, 2, 2, -10, 2, -11 ] ], 
              [ [ 1, 4, 1, 1, 2, 2, 1, 3, 3, 1, 3, 3, 3, 3, 0, -12, 2, -11 ], [ 1, 0, 3, 3, 2, 2, 3, 1, 1, 3, 1, 1, 1, 1, 4, -10, 2, -7 ] ], 
              [ [ 1, 3, 1, 1, 2, 1, 0, 1, 4, 1, 2, 3, 1, 3, 1, -10, 1, -7 ], [ 1, 1, 3, 3, 2, 3, 4, 3, 0, 3, 2, 1, 3, 1, 3, -12, 3, -11 ] ], 
              [ [ 1, 3, 3, 1, 2, 3, 2, 1, 2, 1, 3, 2, 2, 2, 2, -11, 2, -10 ], [ 1, 1, 1, 3, 2, 1, 2, 3, 2, 3, 1, 2, 2, 2, 2, -11, 2, -8 ] ], 
              [ [ 1, 2, 1, 1, 2, 3, 1, 2, 2, 2, 2, 1, 2, 3, 1, -10, 2, -9 ], [ 1, 2, 3, 3, 2, 1, 3, 2, 2, 2, 2, 3, 2, 1, 3, -12, 2, -9 ] ], 
              [ [ 1, 3, 3, 1, 3, 2, 2, 1, 2, 1, 2, 0, 2, 1, 2, -10, 4, -9 ], [ 1, 1, 1, 3, 1, 2, 2, 3, 2, 3, 2, 4, 2, 3, 2, -12, 0, -9 ] ], 
              [ [ 1, 4, 3, 3, 3, 1, 1, 2, 2, 0, 1, 2, 2, 2, 2, -12, 3, -9 ], [ 1, 0, 1, 1, 1, 3, 3, 2, 2, 4, 3, 2, 2, 2, 2, -10, 1, -9 ] ], 
              [ [ 1, 3, 3, 2, 2, 1, 0, 1, 3, 0, 0, 1, 1, 3, 2, -10, 2, -6 ], [ 1, 1, 1, 2, 2, 3, 4, 3, 1, 4, 4, 3, 3, 1, 2, -12, 2, -12 ] ], 
              [ [ 1, 3, 3, 2, 3, 1, 2, 1, 1, 1, 1, 0, 1, 2, 2, -9, 3, -8 ], [ 1, 1, 1, 2, 1, 3, 2, 3, 3, 3, 3, 4, 3, 2, 2, -13, 1, -10 ] ], 
              [ [ 1, 3, 1, 2, 3, 0, 0, 1, 3, 1, 1, 3, 2, 3, 2, -11, 1, -7 ], [ 1, 1, 3, 2, 1, 4, 4, 3, 1, 3, 3, 1, 2, 1, 2, -11, 3, -11 ] ], 
              [ [ 1, 2, 2, 2, 2, 2, 1, 1, 2, 2, 2, 2, 3, 1, 2, -11, 2, -8 ], [ 1, 2, 2, 2, 2, 2, 3, 3, 2, 2, 2, 2, 1, 3, 2, -11, 2, -10 ] ], 
              [ [ 1, 3, 2, 2, 2, 2, 2, 2, 2, 2, 2, 1, 3, 2, 2, -12, 1, -8 ], [ 1, 1, 2, 2, 2, 2, 2, 2, 2, 2, 2, 3, 1, 2, 2, -10, 3, -10 ] ], 
              [ [ 1, 3, 3, 2, 3, 2, 2, 1, 1, 1, 2, 2, 3, 2, 3, -12, 2, -10 ], [ 1, 1, 1, 2, 1, 2, 2, 3, 3, 3, 2, 2, 1, 2, 1, -10, 2, -8 ] ], 
              [ [ 1, 3, 2, 3, 3, 1, 2, 1, 2, 2, 2, 2, 2, 1, 3, -12, 1, -7 ], [ 1, 1, 2, 1, 1, 3, 2, 3, 2, 2, 2, 2, 2, 3, 1, -10, 3, -11 ] ], 
              [ [ 1, 2, 2, 2, 2, 1, 1, 0, 3, 2, 1, 1, 1, 2, 3, -10, 0, -4 ], [ 1, 2, 2, 2, 2, 3, 3, 4, 1, 2, 3, 3, 3, 2, 1, -12, 4, -14 ] ], 
              [ [ 1, 2, 2, 1, 2, 3, 1, 2, 2, 1, 1, 0, 2, 1, 2, -10, 2, -6 ], [ 1, 2, 2, 3, 2, 1, 3, 2, 2, 3, 3, 4, 2, 3, 2, -12, 2, -12 ] ], 
              [ [ 1, 3, 1, 2, 4, 0, 2, 1, 1, 2, 2, 2, 2, 2, 2, -10, 2, -9 ], [ 1, 1, 3, 2, 0, 4, 2, 3, 3, 2, 2, 2, 2, 2, 2, -12, 2, -9 ] ], 
              [ [ 1, 2, 2, 3, 2, 1, 1, 1, 1, 2, 1, 2, 2, 2, 2, -10, 1, -7 ], [ 1, 2, 2, 1, 2, 3, 3, 3, 3, 2, 3, 2, 2, 2, 2, -12, 3, -11 ] ], 
              [ [ 1, 4, 2, 2, 2, 1, 1, 2, 3, 2, 3, 4, 3, 2, 1, -13, 3, -11 ], [ 1, 0, 2, 2, 2, 3, 3, 2, 1, 2, 1, 0, 1, 2, 3, -9, 1, -7 ] ], 
              [ [ 1, 4, 2, 1, 2, 2, 1, 3, 3, 1, 2, 2, 2, 2, 1, -12, 3, -9 ], [ 1, 0, 2, 3, 2, 2, 3, 1, 1, 3, 2, 2, 2, 2, 3, -10, 1, -9 ] ], 
              [ [ 1, 4, 2, 3, 2, 2, 1, 3, 3, 2, 2, 3, 3, 3, 2, -15, 2, -10 ], [ 1, 0, 2, 1, 2, 2, 3, 1, 1, 2, 2, 1, 1, 1, 2, -7, 2, -8 ] ], 
              [ [ 1, 3, 2, 3, 2, 1, 0, 1, 4, 2, 1, 3, 1, 3, 3, -13, 1, -6 ], [ 1, 1, 2, 1, 2, 3, 4, 3, 0, 2, 3, 1, 3, 1, 1, -9, 3, -12 ] ], 
              [ [ 1, 3, 2, 2, 2, 3, 0, 3, 3, 1, 1, 2, 2, 2, 2, -13, 3, -8 ], [ 1, 1, 2, 2, 2, 1, 4, 1, 1, 3, 3, 2, 2, 2, 2, -9, 1, -10 ] ], 
              [ [ 1, 3, 4, 3, 2, 3, 2, 1, 2, 2, 2, 2, 2, 2, 4, -14, 2, -9 ], [ 1, 1, 0, 1, 2, 1, 2, 3, 2, 2, 2, 2, 2, 2, 0, -8, 2, -9 ] ], 
              [ [ 1, 3, 2, 2, 2, 3, 2, 3, 1, 3, 3, 2, 4, 2, 1, -13, 4, -13 ], [ 1, 1, 2, 2, 2, 1, 2, 1, 3, 1, 1, 2, 0, 2, 3, -9, 0, -5 ] ], 
              [ [ 1, 2, 2, 2, 2, 2, 1, 1, 2, 3, 2, 2, 2, 2, 2, -11, 3, -9 ], [ 1, 2, 2, 2, 2, 2, 3, 3, 2, 1, 2, 2, 2, 2, 2, -11, 1, -9 ] ], 
              [ [ 1, 3, 2, 2, 2, 2, 2, 2, 2, 3, 2, 1, 2, 3, 2, -12, 2, -9 ], [ 1, 1, 2, 2, 2, 2, 2, 2, 2, 1, 2, 3, 2, 1, 2, -10, 2, -9 ] ], 
              [ [ 1, 4, 3, 2, 1, 2, 1, 3, 1, 2, 2, 2, 2, 2, 1, -11, 3, -10 ], [ 1, 0, 1, 2, 3, 2, 3, 1, 3, 2, 2, 2, 2, 2, 3, -11, 1, -8 ] ], 
              [ [ 1, 3, 2, 3, 2, 1, 0, 3, 1, 2, 3, 3, 3, 3, 0, -11, 3, -13 ], [ 1, 1, 2, 1, 2, 3, 4, 1, 3, 2, 1, 1, 1, 1, 4, -11, 1, -5 ] ], 
              [ [ 1, 3, 3, 2, 3, 2, 2, 1, 1, 2, 2, 2, 2, 3, 3, -12, 3, -11 ], [ 1, 1, 1, 2, 1, 2, 2, 3, 3, 2, 2, 2, 2, 1, 1, -10, 1, -7 ] ], 
              [ [ 1, 4, 2, 3, 2, 0, 1, 2, 2, 2, 2, 4, 2, 3, 1, -12, 2, -10 ], [ 1, 0, 2, 1, 2, 4, 3, 2, 2, 2, 2, 0, 2, 1, 3, -10, 2, -8 ] ], 
              [ [ 1, 3, 2, 3, 3, 1, 2, 1, 2, 3, 2, 2, 1, 2, 3, -12, 2, -8 ], [ 1, 1, 2, 1, 1, 3, 2, 3, 2, 1, 2, 2, 3, 2, 1, -10, 2, -10 ] ], 
              [ [ 1, 3, 2, 2, 3, 3, 2, 3, 1, 2, 2, 1, 2, 1, 2, -12, 4, -10 ], [ 1, 1, 2, 2, 1, 1, 2, 1, 3, 2, 2, 3, 2, 3, 2, -10, 0, -8 ] ], 
              [ [ 1, 2, 2, 1, 2, 3, 1, 2, 2, 2, 1, 0, 1, 2, 2, -10, 3, -7 ], [ 1, 2, 2, 3, 2, 1, 3, 2, 2, 2, 3, 4, 3, 2, 2, -12, 1, -11 ] ], 
              [ [ 1, 3, 3, 2, 1, 3, 2, 2, 2, 3, 1, 2, 2, 2, 3, -13, 1, -7 ], [ 1, 1, 1, 2, 3, 1, 2, 2, 2, 1, 3, 2, 2, 2, 1, -9, 3, -11 ] ], 
              [ [ 1, 2, 2, 3, 2, 2, 1, 2, 2, 3, 2, 3, 3, 3, 2, -13, 1, -10 ], [ 1, 2, 2, 1, 2, 2, 3, 2, 2, 1, 2, 1, 1, 1, 2, -9, 3, -8 ] ], 
              [ [ 1, 4, 1, 1, 1, 2, 1, 3, 3, 2, 2, 2, 2, 2, 1, -12, 2, -7 ], [ 1, 0, 3, 3, 3, 2, 3, 1, 1, 2, 2, 2, 2, 2, 3, -10, 2, -11 ] ], 
              [ [ 1, 3, 0, 2, 2, 1, 0, 3, 3, 2, 3, 3, 3, 3, 0, -12, 2, -10 ], [ 1, 1, 4, 2, 2, 3, 4, 1, 1, 2, 1, 1, 1, 1, 4, -10, 2, -8 ] ], 
              [ [ 1, 3, 1, 2, 2, 2, 0, 3, 2, 2, 3, 2, 2, 1, 1, -11, 3, -9 ], [ 1, 1, 3, 2, 2, 2, 4, 1, 2, 2, 1, 2, 2, 3, 3, -11, 1, -9 ] ], 
              [ [ 1, 4, 1, 2, 2, 1, 1, 2, 3, 2, 2, 3, 1, 1, 2, -12, 2, -6 ], [ 1, 0, 3, 2, 2, 3, 3, 2, 1, 2, 2, 1, 3, 3, 2, -10, 2, -12 ] ], 
              [ [ 1, 4, 2, 2, 3, 2, 1, 3, 1, 1, 3, 2, 2, 2, 2, -12, 3, -11 ], [ 1, 0, 2, 2, 1, 2, 3, 1, 3, 3, 1, 2, 2, 2, 2, -10, 1, -7 ] ], 
              [ [ 1, 3, 2, 2, 2, 3, 2, 3, 1, 2, 4, 2, 4, 2, 1, -13, 3, -13 ], [ 1, 1, 2, 2, 2, 1, 2, 1, 3, 2, 0, 2, 0, 2, 3, -9, 1, -5 ] ], 
              [ [ 1, 2, 2, 2, 2, 2, 1, 1, 2, 2, 3, 2, 2, 2, 2, -11, 2, -9 ], [ 1, 2, 2, 2, 2, 2, 3, 3, 2, 2, 1, 2, 2, 2, 2, -11, 2, -9 ] ], 
              [ [ 1, 3, 1, 2, 1, 3, 0, 3, 3, 2, 1, 2, 2, 2, 2, -13, 2, -6 ], [ 1, 1, 3, 2, 3, 1, 4, 1, 1, 2, 3, 2, 2, 2, 2, -9, 2, -12 ] ], 
              [ [ 1, 3, 1, 3, 1, 1, -2, 3, 3, 1, 1, 3, 1, 3, 1, -11, 1, -6 ], [ 1, 1, 3, 1, 3, 3, 6, 1, 1, 3, 3, 1, 3, 1, 3, -11, 3, -12 ] ], 
              [ [ 1, 2, 2, 1, 2, 4, 1, 2, 2, 2, 2, 2, 3, 2, 3, -13, 2, -9 ], [ 1, 2, 2, 3, 2, 0, 3, 2, 2, 2, 2, 2, 1, 2, 1, -9, 2, -9 ] ], 
              [ [ 1, 3, 1, 2, 1, 2, 0, 3, 3, 2, 2, 4, 3, 2, 1, -13, 1, -8 ], [ 1, 1, 3, 2, 3, 2, 4, 1, 1, 2, 2, 0, 1, 2, 3, -9, 3, -10 ] ], 
              [ [ 1, 2, 1, 2, 2, 3, 1, 2, 3, 3, 2, 2, 2, 1, 3, -13, 1, -6 ], [ 1, 2, 3, 2, 2, 1, 3, 2, 1, 1, 2, 2, 2, 3, 1, -9, 3, -12 ] ], 
              [ [ 1, 2, 2, 3, 2, 3, 1, 2, 2, 2, 2, 1, 2, 3, 3, -13, 1, -8 ], [ 1, 2, 2, 1, 2, 1, 3, 2, 2, 2, 2, 3, 2, 1, 1, -9, 3, -10 ] ], 
              [ [ 1, 3, 3, 3, 1, 3, 0, 3, 1, 1, 2, 2, 2, 2, 2, -12, 2, -9 ], [ 1, 1, 1, 1, 3, 1, 4, 1, 3, 3, 2, 2, 2, 2, 2, -10, 2, -9 ] ], 
              [ [ 1, 3, 2, 2, 3, 3, 2, 2, 2, 2, 2, 2, 2, 2, 4, -14, 1, -8 ], [ 1, 1, 2, 2, 1, 1, 2, 2, 2, 2, 2, 2, 2, 2, 0, -8, 3, -10 ] ], 
              [ [ 1, 2, 0, 1, 3, 2, 1, 2, 2, 3, 2, 2, 2, 2, 2, -11, 2, -8 ], [ 1, 2, 4, 3, 1, 2, 3, 2, 2, 1, 2, 2, 2, 2, 2, -11, 2, -10 ] ], 
              [ [ 1, 3, 1, 3, 2, 1, 0, 3, 1, 2, 2, 2, 1, 2, 1, -10, 2, -8 ], [ 1, 1, 3, 1, 2, 3, 4, 1, 3, 2, 2, 2, 3, 2, 3, -12, 2, -10 ] ], 
              [ [ 1, 2, 2, 1, 3, 4, 3, 2, 0, 3, 3, 1, 3, 1, 3, -12, 3, -11 ], [ 1, 2, 2, 3, 1, 0, 1, 2, 4, 1, 1, 3, 1, 3, 1, -10, 1, -7 ] ], 
              [ [ 1, 3, 1, 2, 2, 2, 2, 3, 1, 3, 3, 3, 3, 1, 1, -12, 2, -10 ], [ 1, 1, 3, 2, 2, 2, 2, 1, 3, 1, 1, 1, 1, 3, 3, -10, 2, -8 ] ], 
              [ [ 1, 2, 1, 1, 1, 2, 1, 2, 2, 3, 2, 2, 2, 2, 1, -10, 1, -7 ], [ 1, 2, 3, 3, 3, 2, 3, 2, 2, 1, 2, 2, 2, 2, 3, -12, 3, -11 ] ], 
              [ [ 1, 2, 2, 2, 3, 2, 1, 2, 0, 2, 3, 2, 2, 2, 2, -10, 2, -11 ], [ 1, 2, 2, 2, 1, 2, 3, 2, 4, 2, 1, 2, 2, 2, 2, -12, 2, -7 ] ], 
              [ [ 1, 2, 1, 3, 1, 2, 1, 2, 2, 4, 2, 3, 3, 3, 2, -13, 0, -8 ], [ 1, 2, 3, 1, 3, 2, 3, 2, 2, 0, 2, 1, 1, 1, 2, -9, 4, -10 ] ], 
              [ [ 1, 1, 1, 2, 1, 3, 0, 2, 2, 3, 1, 2, 2, 2, 2, -11, 1, -6 ], [ 1, 3, 3, 2, 3, 1, 4, 2, 2, 1, 3, 2, 2, 2, 2, -11, 3, -12 ] ], 
              [ [ 1, 2, 2, 2, 2, 3, 1, 2, 1, 2, 1, 2, 2, 3, 3, -12, 1, -8 ], [ 1, 2, 2, 2, 2, 1, 3, 2, 3, 2, 3, 2, 2, 1, 1, -10, 3, -10 ] ], 
              [ [ 1, 2, 1, 3, 2, 2, 1, 2, 2, 3, 1, 2, 1, 2, 3, -12, 0, -5 ], [ 1, 2, 3, 1, 2, 2, 3, 2, 2, 1, 3, 2, 3, 2, 1, -10, 4, -13 ] ], 
              [ [ 1, 3, 1, 2, 1, 2, 0, 3, 3, 3, 2, 4, 2, 3, 1, -13, 2, -9 ], [ 1, 1, 3, 2, 3, 2, 4, 1, 1, 1, 2, 0, 2, 1, 3, -9, 2, -9 ] ], 
              [ [ 1, 3, 3, 2, 1, 4, 2, 3, 1, 3, 3, 3, 3, 2, 2, -14, 3, -12 ], [ 1, 1, 1, 2, 3, 0, 2, 1, 3, 1, 1, 1, 1, 2, 2, -8, 1, -6 ] ], 
              [ [ 1, 3, 2, 4, 2, 2, 2, 3, 1, 4, 2, 3, 3, 1, 3, -15, 2, -9 ], [ 1, 1, 2, 0, 2, 2, 2, 1, 3, 0, 2, 1, 1, 3, 1, -7, 2, -9 ] ], 
              [ [ 1, 2, 2, 3, 1, 2, 1, 2, 2, 4, 1, 2, 2, 2, 3, -13, 1, -6 ], [ 1, 2, 2, 1, 3, 2, 3, 2, 2, 0, 3, 2, 2, 2, 1, -9, 3, -12 ] ], 
              [ [ 1, 2, 3, 4, 3, 2, 1, 2, 0, 3, 2, 2, 2, 2, 4, -13, 2, -10 ], [ 1, 2, 1, 0, 1, 2, 3, 2, 4, 1, 2, 2, 2, 2, 0, -9, 2, -8 ] ], 
              [ [ 1, 3, 1, 3, 1, 2, 0, 4, 2, 3, 2, 2, 2, 1, 2, -13, 1, -6 ], [ 1, 1, 3, 1, 3, 2, 4, 0, 2, 1, 2, 2, 2, 3, 2, -9, 3, -12 ] ], 
              [ [ 1, 2, 1, 3, 3, 2, 1, 2, 2, 3, 2, 2, 2, 2, 4, -14, 1, -7 ], [ 1, 2, 3, 1, 1, 2, 3, 2, 2, 1, 2, 2, 2, 2, 0, -8, 3, -11 ] ], 
              [ [ 1, 3, 2, 3, 2, 2, 0, 3, 1, 2, 2, 3, 2, 1, 3, -13, 2, -8 ], [ 1, 1, 2, 1, 2, 2, 4, 1, 3, 2, 2, 1, 2, 3, 1, -9, 2, -10 ] ], 
              [ [ 1, 3, 2, 2, 2, 0, 1, 1, 4, 0, 2, 2, 2, 3, 0, -9, 2, -9 ], [ 1, 1, 2, 2, 2, 4, 3, 3, 0, 4, 2, 2, 2, 1, 4, -13, 2, -9 ] ], 
              [ [ 1, 3, 3, 1, 3, 1, 1, 1, 3, -2, 1, 1, 1, 3, 1, -8, 3, -9 ], [ 1, 1, 1, 3, 1, 3, 3, 3, 1, 6, 3, 3, 3, 1, 3, -14, 1, -9 ] ], 
              [ [ 1, 2, 1, 1, 3, 0, 2, 0, 4, 1, 1, 2, 2, 4, 1, -9, 1, -8 ], [ 1, 2, 3, 3, 1, 4, 2, 4, 0, 3, 3, 2, 2, 0, 3, -13, 3, -10 ] ], 
              [ [ 1, 3, 2, 1, 2, 0, 1, 1, 3, 0, 1, 3, 2, 3, 0, -8, 2, -9 ], [ 1, 1, 2, 3, 2, 4, 3, 3, 1, 4, 3, 1, 2, 1, 4, -14, 2, -9 ] ], 
              [ [ 1, 2, 2, 1, 3, 1, 2, 0, 3, 1, 1, 1, 1, 2, 2, -8, 2, -7 ], [ 1, 2, 2, 3, 1, 3, 2, 4, 1, 3, 3, 3, 3, 2, 2, -14, 2, -11 ] ], 
              [ [ 1, 1, 2, 1, 2, 2, 3, 0, 3, 2, 2, 1, 3, 2, 1, -9, 2, -9 ], [ 1, 3, 2, 3, 2, 2, 1, 4, 1, 2, 2, 3, 1, 2, 3, -13, 2, -9 ] ], 
              [ [ 1, 2, 3, 1, 3, 2, 4, 0, 2, 1, 2, 1, 3, 3, 2, -10, 2, -11 ], [ 1, 2, 1, 3, 1, 2, 0, 4, 2, 3, 2, 3, 1, 1, 2, -12, 2, -7 ] ], 
              [ [ 1, 2, 3, 1, 1, 1, 2, 0, 3, 1, 1, 1, 1, 2, 1, -7, 1, -6 ], [ 1, 2, 1, 3, 3, 3, 2, 4, 1, 3, 3, 3, 3, 2, 3, -15, 3, -12 ] ], 
              [ [ 1, 1, 3, 1, 3, 1, 3, -2, 3, 1, 1, 1, 1, 3, 3, -8, 1, -7 ], [ 1, 3, 1, 3, 1, 3, 1, 6, 1, 3, 3, 3, 3, 1, 1, -14, 3, -11 ] ], 
              [ [ 1, 2, 3, 2, 3, 0, 2, 0, 2, 0, 2, 2, 2, 4, 1, -8, 1, -11 ], [ 1, 2, 1, 2, 1, 4, 2, 4, 2, 4, 2, 2, 2, 0, 3, -14, 3, -7 ] ], 
              [ [ 1, 1, 3, 0, 3, 3, 3, 0, 2, 0, 1, 0, 2, 2, 2, -8, 3, -9 ], [ 1, 3, 1, 4, 1, 1, 1, 4, 2, 4, 3, 4, 2, 2, 2, -14, 1, -9 ] ], 
              [ [ 1, 2, 2, 1, 3, 1, 2, 0, 3, 0, 2, 1, 1, 2, 2, -8, 1, -7 ], [ 1, 2, 2, 3, 1, 3, 2, 4, 1, 4, 2, 3, 3, 2, 2, -14, 3, -11 ] ], 
              [ [ 1, 1, 2, 1, 2, 1, 1, 0, 2, 0, 1, 1, 1, 3, 1, -6, 1, -7 ], [ 1, 3, 2, 3, 2, 3, 3, 4, 2, 4, 3, 3, 3, 1, 3, -16, 3, -11 ] ], 
              [ [ 1, 3, 2, 1, 2, 1, 3, 1, 4, 2, 3, 3, 3, 3, 0, -11, 3, -12 ], [ 1, 1, 2, 3, 2, 3, 1, 3, 0, 2, 1, 1, 1, 1, 4, -11, 1, -6 ] ], 
              [ [ 1, 3, 3, 0, 3, 2, 3, 1, 3, 0, 2, 2, 2, 3, 1, -10, 4, -12 ], [ 1, 1, 1, 4, 1, 2, 1, 3, 1, 4, 2, 2, 2, 1, 3, -12, 0, -6 ] ], 
              [ [ 1, 3, 3, 2, 1, 1, 1, 1, 4, 1, 1, 3, 1, 3, 1, -10, 2, -8 ], [ 1, 1, 1, 2, 3, 3, 3, 3, 0, 3, 3, 1, 3, 1, 3, -12, 2, -10 ] ], 
              [ [ 1, 3, 1, 1, 1, 1, 1, 1, 6, 1, 1, 3, 1, 3, 1, -11, 1, -5 ], [ 1, 1, 3, 3, 3, 3, 3, 3, -2, 3, 3, 1, 3, 1, 3, -11, 3, -13 ] ], 
              [ [ 1, 3, 2, 1, 2, 2, 1, 2, 4, 0, 2, 2, 2, 4, 1, -11, 2, -10 ], [ 1, 1, 2, 3, 2, 2, 3, 2, 0, 4, 2, 2, 2, 0, 3, -11, 2, -8 ] ], 
              [ [ 1, 3, 2, 2, 3, 1, 1, 1, 4, 0, 2, 3, 1, 3, 2, -11, 2, -9 ], [ 1, 1, 2, 2, 1, 3, 3, 3, 0, 4, 2, 1, 3, 1, 2, -11, 2, -9 ] ], 
              [ [ 1, 2, 3, 1, 1, 4, 2, 2, 3, 1, 3, 1, 3, 2, 1, -11, 3, -11 ], [ 1, 2, 1, 3, 3, 0, 2, 2, 1, 3, 1, 3, 1, 2, 3, -11, 1, -7 ] ], 
              [ [ 1, 3, 3, 1, 1, 3, 3, 1, 4, 1, 2, 2, 2, 2, 2, -12, 2, -8 ], [ 1, 1, 1, 3, 3, 1, 1, 3, 0, 3, 2, 2, 2, 2, 2, -10, 2, -10 ] ], 
              [ [ 1, 2, 2, 2, 2, 2, 2, 1, 4, 1, 3, 3, 3, 3, 1, -12, 2, -11 ], [ 1, 2, 2, 2, 2, 2, 2, 3, 0, 3, 1, 1, 1, 1, 3, -10, 2, -7 ] ], 
              [ [ 1, 2, 4, 1, 2, 3, 2, 0, 3, 0, 2, 1, 1, 3, 3, -10, 2, -9 ], [ 1, 2, 0, 3, 2, 1, 2, 4, 1, 4, 2, 3, 3, 1, 1, -12, 2, -9 ] ], 
              [ [ 1, 3, 3, 2, 1, 1, 1, 1, 4, 0, 2, 3, 1, 3, 1, -10, 1, -8 ], [ 1, 1, 1, 2, 3, 3, 3, 3, 0, 4, 2, 1, 3, 1, 3, -12, 3, -10 ] ], 
              [ [ 1, 2, 1, 0, 1, 2, 2, 1, 4, 2, 2, 2, 2, 2, 0, -9, 3, -8 ], [ 1, 2, 3, 4, 3, 2, 2, 3, 0, 2, 2, 2, 2, 2, 4, -13, 1, -10 ] ], 
              [ [ 1, 2, 2, 0, 2, 3, 2, 2, 2, 1, 3, 1, 3, 3, 0, -9, 4, -13 ], [ 1, 2, 2, 4, 2, 1, 2, 2, 2, 3, 1, 3, 1, 1, 4, -13, 0, -5 ] ], 
              [ [ 1, 3, 1, 1, 1, 1, 1, 3, 3, 1, 3, 3, 3, 3, -2, -9, 3, -12 ], [ 1, 1, 3, 3, 3, 3, 3, 1, 1, 3, 1, 1, 1, 1, 6, -13, 1, -6 ] ], 
              [ [ 1, 2, 1, 1, 2, 2, 2, 2, 3, 2, 3, 1, 2, 2, 0, -9, 3, -10 ], [ 1, 2, 3, 3, 2, 2, 2, 2, 1, 2, 1, 3, 2, 2, 4, -13, 1, -8 ] ], 
              [ [ 1, 3, 2, 0, 2, 2, 3, 1, 3, 1, 2, 2, 2, 3, 1, -10, 3, -10 ], [ 1, 1, 2, 4, 2, 2, 1, 3, 1, 3, 2, 2, 2, 1, 3, -12, 1, -8 ] ], 
              [ [ 1, 3, 1, 1, 2, 1, 3, 1, 4, 2, 2, 2, 1, 2, 1, -10, 2, -7 ], [ 1, 1, 3, 3, 2, 3, 1, 3, 0, 2, 2, 2, 3, 2, 3, -12, 2, -11 ] ], 
              [ [ 1, 2, 1, 1, 3, 1, 2, 1, 3, 1, 3, 3, 3, 4, 0, -10, 3, -13 ], [ 1, 2, 3, 3, 1, 3, 2, 3, 1, 3, 1, 1, 1, 0, 4, -12, 1, -5 ] ], 
              [ [ 1, 2, 2, 1, 3, 2, 2, 1, 2, 1, 3, 2, 2, 2, 1, -9, 4, -12 ], [ 1, 2, 2, 3, 1, 2, 2, 3, 2, 3, 1, 2, 2, 2, 3, -13, 0, -6 ] ], 
              [ [ 1, 3, 2, 1, 3, 2, 3, 2, 2, 1, 3, 1, 2, 3, 1, -10, 3, -12 ], [ 1, 1, 2, 3, 1, 2, 1, 2, 2, 3, 1, 3, 2, 1, 3, -12, 1, -6 ] ], 
              [ [ 1, 3, 2, 1, 2, 0, 1, 1, 3, 0, 2, 3, 1, 4, 0, -8, 2, -10 ], [ 1, 1, 2, 3, 2, 4, 3, 3, 1, 4, 2, 1, 3, 0, 4, -14, 2, -8 ] ], 
              [ [ 1, 2, 2, 1, 3, 1, 2, 0, 3, 1, 2, 1, 0, 3, 2, -8, 2, -8 ], [ 1, 2, 2, 3, 1, 3, 2, 4, 1, 3, 2, 3, 4, 1, 2, -14, 2, -10 ] ], 
              [ [ 1, 2, 2, 0, 3, 3, 2, 2, 2, 0, 2, 0, 1, 2, 1, -8, 4, -10 ], [ 1, 2, 2, 4, 1, 1, 2, 2, 2, 4, 2, 4, 3, 2, 3, -14, 0, -8 ] ], 
              [ [ 1, 1, 2, 1, 2, 2, 3, 0, 3, 2, 3, 1, 2, 3, 1, -9, 2, -10 ], [ 1, 3, 2, 3, 2, 2, 1, 4, 1, 2, 1, 3, 2, 1, 3, -13, 2, -8 ] ], 
              [ [ 1, 2, 3, 1, 1, 2, 2, 1, 2, 1, 3, 2, 2, 2, 0, -8, 3, -11 ], [ 1, 2, 1, 3, 3, 2, 2, 3, 2, 3, 1, 2, 2, 2, 4, -14, 1, -7 ] ], 
              [ [ 1, 2, 2, 0, 3, 2, 4, 0, 3, 2, 3, 2, 2, 2, 2, -10, 2, -10 ], [ 1, 2, 2, 4, 1, 2, 0, 4, 1, 2, 1, 2, 2, 2, 2, -12, 2, -8 ] ], 
              [ [ 1, 2, 1, 2, 1, 1, 0, 2, 4, 1, 1, 2, 1, 4, 0, -9, 1, -7 ], [ 1, 2, 3, 2, 3, 3, 4, 2, 0, 3, 3, 2, 3, 0, 4, -13, 3, -11 ] ], 
              [ [ 1, 3, 1, 1, 2, 1, 1, 2, 4, 1, 1, 3, 1, 3, 1, -10, 1, -7 ], [ 1, 1, 3, 3, 2, 3, 3, 2, 0, 3, 3, 1, 3, 1, 3, -12, 3, -11 ] ], 
              [ [ 1, 2, 2, 2, 2, 1, 0, 1, 3, 0, 1, 3, 1, 4, 1, -9, 2, -9 ], [ 1, 2, 2, 2, 2, 3, 4, 3, 1, 4, 3, 1, 3, 0, 3, -13, 2, -9 ] ], 
              [ [ 1, 2, 3, 1, 1, 2, 2, 0, 3, 2, 2, 3, 2, 3, 2, -10, 1, -9 ], [ 1, 2, 1, 3, 3, 2, 2, 4, 1, 2, 2, 1, 2, 1, 2, -12, 3, -9 ] ], 
              [ [ 1, 1, 2, 0, 2, 4, 3, 1, 3, 2, 2, 1, 3, 3, 2, -11, 2, -10 ], [ 1, 3, 2, 4, 2, 0, 1, 3, 1, 2, 2, 3, 1, 1, 2, -11, 2, -8 ] ], 
              [ [ 1, 2, 3, 0, 1, 4, 2, 2, 2, 1, 2, 2, 3, 2, 1, -10, 3, -11 ], [ 1, 2, 1, 4, 3, 0, 2, 2, 2, 3, 2, 2, 1, 2, 3, -12, 1, -7 ] ], 
              [ [ 1, 2, 1, 1, 1, 2, 2, 2, 4, 2, 2, 3, 3, 3, 0, -11, 1, -9 ], [ 1, 2, 3, 3, 3, 2, 2, 2, 0, 2, 2, 1, 1, 1, 4, -11, 3, -9 ] ], 
              [ [ 1, 2, 2, 1, 1, 3, 2, 2, 3, 2, 2, 2, 2, 1, 1, -10, 2, -8 ], [ 1, 2, 2, 3, 3, 1, 2, 2, 1, 2, 2, 2, 2, 3, 3, -12, 2, -10 ] ], 
              [ [ 1, 2, 2, 1, 2, 2, 2, 1, 3, 1, 2, 4, 3, 3, 1, -11, 2, -11 ], [ 1, 2, 2, 3, 2, 2, 2, 3, 1, 3, 2, 0, 1, 1, 3, -11, 2, -7 ] ], 
              [ [ 1, 1, 2, 1, 3, 3, 3, 0, 3, 2, 2, 2, 2, 2, 3, -11, 2, -9 ], [ 1, 3, 2, 3, 1, 1, 1, 4, 1, 2, 2, 2, 2, 2, 1, -11, 2, -9 ] ], 
              [ [ 1, 2, 3, 2, 1, 3, 2, 2, 2, 1, 2, 1, 2, 3, 1, -10, 2, -10 ], [ 1, 2, 1, 2, 3, 1, 2, 2, 2, 3, 2, 3, 2, 1, 3, -12, 2, -8 ] ], 
              [ [ 1, 3, 3, 1, 2, 3, 3, 2, 2, 1, 2, 2, 2, 2, 2, -11, 2, -10 ], [ 1, 1, 1, 3, 2, 1, 1, 2, 2, 3, 2, 2, 2, 2, 2, -11, 2, -8 ] ], 
              [ [ 1, 2, 2, 2, 3, 2, 2, 2, 2, 1, 3, 3, 3, 3, 1, -11, 2, -13 ], [ 1, 2, 2, 2, 1, 2, 2, 2, 2, 3, 1, 1, 1, 1, 3, -11, 2, -5 ] ], 
              [ [ 1, 2, 3, 0, 1, 3, 2, 1, 3, 1, 1, 1, 1, 3, 2, -9, 1, -7 ], [ 1, 2, 1, 4, 3, 1, 2, 3, 1, 3, 3, 3, 3, 1, 2, -13, 3, -11 ] ], 
              [ [ 1, 1, 2, 1, 2, 2, 1, 1, 3, 1, 2, 2, 2, 4, 1, -9, 1, -10 ], [ 1, 3, 2, 3, 2, 2, 3, 3, 1, 3, 2, 2, 2, 0, 3, -13, 3, -8 ] ], 
              [ [ 1, 1, 3, 2, 1, 2, 1, 0, 3, 1, 1, 1, 0, 3, 2, -8, 1, -6 ], [ 1, 3, 1, 2, 3, 2, 3, 4, 1, 3, 3, 3, 4, 1, 2, -14, 3, -12 ] ], 
              [ [ 1, 2, 2, 1, 2, 1, 2, 0, 4, 1, 1, 3, 1, 4, 2, -10, 0, -7 ], [ 1, 2, 2, 3, 2, 3, 2, 4, 0, 3, 3, 1, 3, 0, 2, -12, 4, -11 ] ], 
              [ [ 1, 2, 3, 1, 2, 2, 2, 0, 3, 1, 1, 2, 0, 2, 3, -9, 1, -6 ], [ 1, 2, 1, 3, 2, 2, 2, 4, 1, 3, 3, 2, 4, 2, 1, -13, 3, -12 ] ], 
              [ [ 1, 1, 3, 1, 1, 3, 3, 0, 3, 2, 2, 2, 2, 2, 2, -10, 1, -8 ], [ 1, 3, 1, 3, 3, 1, 1, 4, 1, 2, 2, 2, 2, 2, 2, -12, 3, -10 ] ], 
              [ [ 1, 1, 4, 1, 2, 4, 3, 1, 1, 1, 3, 1, 3, 3, 2, -10, 2, -13 ], [ 1, 3, 0, 3, 2, 0, 1, 3, 3, 3, 1, 3, 1, 1, 2, -12, 2, -5 ] ], 
              [ [ 1, 2, 1, 0, 2, 2, 2, 2, 2, 2, 2, 2, 2, 2, 0, -8, 3, -10 ], [ 1, 2, 3, 4, 2, 2, 2, 2, 2, 2, 2, 2, 2, 2, 4, -14, 1, -8 ] ], 
              [ [ 1, 1, 2, 0, 2, 2, 3, 0, 2, 2, 2, 2, 2, 3, 1, -8, 2, -10 ], [ 1, 3, 2, 4, 2, 2, 1, 4, 2, 2, 2, 2, 2, 1, 3, -14, 2, -8 ] ], 
              [ [ 1, 1, 2, 1, 3, 2, 3, 1, 1, 2, 3, 1, 2, 3, 1, -8, 2, -12 ], [ 1, 3, 2, 3, 1, 2, 1, 3, 3, 2, 1, 3, 2, 1, 3, -14, 2, -6 ] ], 
              [ [ 1, 2, 1, 0, 2, 2, 2, 2, 2, 1, 3, 2, 2, 2, 0, -8, 2, -10 ], [ 1, 2, 3, 4, 2, 2, 2, 2, 2, 3, 1, 2, 2, 2, 4, -14, 2, -8 ] ], 
              [ [ 1, 2, 1, 2, 2, 2, 2, 2, 2, 2, 3, 3, 3, 3, 1, -11, 1, -11 ], [ 1, 2, 3, 2, 2, 2, 2, 2, 2, 2, 1, 1, 1, 1, 3, -11, 3, -7 ] ], 
              [ [ 1, 1, 1, 1, 1, 2, 1, 1, 3, 2, 2, 2, 2, 4, 1, -9, 0, -8 ], [ 1, 3, 3, 3, 3, 2, 3, 3, 1, 2, 2, 2, 2, 0, 3, -13, 4, -10 ] ], 
              [ [ 1, 1, 1, 2, 2, 1, 1, 0, 3, 2, 2, 3, 1, 3, 2, -9, 0, -7 ], [ 1, 3, 3, 2, 2, 3, 3, 4, 1, 2, 2, 1, 3, 1, 2, -13, 4, -11 ] ], 
              [ [ 1, 1, 1, 1, 2, 3, 1, 2, 2, 1, 2, 2, 2, 2, 1, -9, 2, -9 ], [ 1, 3, 3, 3, 2, 1, 3, 2, 2, 3, 2, 2, 2, 2, 3, -13, 2, -9 ] ], 
              [ [ 1, 1, 1, 1, 2, 2, 1, 1, 3, 1, 1, 1, 0, 3, 2, -8, 0, -5 ], [ 1, 3, 3, 3, 2, 2, 3, 3, 1, 3, 3, 3, 4, 1, 2, -14, 4, -13 ] ], 
              [ [ 1, 3, 1, 1, 2, 2, 1, 3, 3, 1, 3, 4, 2, 3, 0, -11, 3, -12 ], [ 1, 1, 3, 3, 2, 2, 3, 1, 1, 3, 1, 0, 2, 1, 4, -11, 1, -6 ] ], 
              [ [ 1, 2, 2, 1, 0, 3, 2, 2, 3, 3, 4, 3, 3, 3, 0, -11, 2, -12 ], [ 1, 2, 2, 3, 4, 1, 2, 2, 1, 1, 0, 1, 1, 1, 4, -11, 2, -6 ] ], 
              [ [ 1, 2, 3, 0, 1, 4, 2, 2, 2, 1, 3, 2, 2, 3, 1, -10, 3, -12 ], [ 1, 2, 1, 4, 3, 0, 2, 2, 2, 3, 1, 2, 2, 1, 3, -12, 1, -6 ] ], 
              [ [ 1, 2, 2, 1, 1, 3, 2, 2, 3, 2, 3, 2, 1, 2, 1, -10, 2, -9 ], [ 1, 2, 2, 3, 3, 1, 2, 2, 1, 2, 1, 2, 3, 2, 3, -12, 2, -9 ] ], 
              [ [ 1, 3, 3, 1, 3, 2, 3, 2, 2, 1, 1, 0, 2, 1, 2, -10, 4, -9 ], [ 1, 1, 1, 3, 1, 2, 1, 2, 2, 3, 3, 4, 2, 3, 2, -12, 0, -9 ] ], 
              [ [ 1, 3, 2, 2, 4, 0, 3, 1, 3, 1, 1, 2, 2, 2, 2, -11, 3, -9 ], [ 1, 1, 2, 2, 0, 4, 1, 3, 1, 3, 3, 2, 2, 2, 2, -11, 1, -9 ] ], 
              [ [ 1, 2, 4, 1, 3, 2, 4, 0, 2, 1, 1, 0, 2, 2, 3, -10, 3, -9 ], [ 1, 2, 0, 3, 1, 2, 0, 4, 2, 3, 3, 4, 2, 2, 1, -12, 1, -9 ] ], 
              [ [ 1, 3, 3, 2, 3, 1, 3, 1, 2, 1, 3, 2, 3, 1, 2, -11, 3, -11 ], [ 1, 1, 1, 2, 1, 3, 1, 3, 2, 3, 1, 2, 1, 3, 2, -11, 1, -7 ] ], 
              [ [ 1, 3, 3, 1, 3, 2, 3, 2, 2, 0, 2, 0, 2, 1, 2, -10, 3, -9 ], [ 1, 1, 1, 3, 1, 2, 1, 2, 2, 4, 2, 4, 2, 3, 2, -12, 1, -9 ] ], 
              [ [ 1, 3, 3, 3, 2, 0, 1, 1, 3, 0, 1, 3, 2, 3, 2, -11, 1, -8 ], [ 1, 1, 1, 1, 2, 4, 3, 3, 1, 4, 3, 1, 2, 1, 2, -11, 3, -10 ] ], 
              [ [ 1, 2, 3, 3, 3, 1, 2, 0, 3, 1, 1, 1, 1, 2, 4, -11, 1, -6 ], [ 1, 2, 1, 1, 1, 3, 2, 4, 1, 3, 3, 3, 3, 2, 0, -11, 3, -12 ] ], 
              [ [ 1, 2, 3, 2, 3, 3, 2, 2, 2, 0, 1, 0, 2, 1, 3, -11, 3, -8 ], [ 1, 2, 1, 2, 1, 1, 2, 2, 2, 4, 3, 4, 2, 3, 1, -11, 1, -10 ] ], 
              [ [ 1, 2, 1, 2, 3, 1, 2, 2, 2, 2, 2, 1, 3, 2, 1, -10, 3, -10 ], [ 1, 2, 3, 2, 1, 3, 2, 2, 2, 2, 2, 3, 1, 2, 3, -12, 1, -8 ] ], 
              [ [ 1, 3, 1, 2, 3, 0, 3, 1, 3, 2, 1, 2, 2, 2, 2, -11, 2, -7 ], [ 1, 1, 3, 2, 1, 4, 1, 3, 1, 2, 3, 2, 2, 2, 2, -11, 2, -11 ] ], 
              [ [ 1, 3, 2, 2, 2, 0, 1, 2, 2, 1, 1, 1, 1, 2, 1, -8, 2, -7 ], [ 1, 1, 2, 2, 2, 4, 3, 2, 2, 3, 3, 3, 3, 2, 3, -14, 2, -11 ] ], 
              [ [ 1, 2, 2, 2, 4, 0, 2, 0, 2, 1, 1, 1, 1, 3, 3, -9, 2, -8 ], [ 1, 2, 2, 2, 0, 4, 2, 4, 2, 3, 3, 3, 3, 1, 1, -13, 2, -10 ] ], 
              [ [ 1, 3, 1, 3, 3, -2, 1, 1, 3, 1, 1, 3, 1, 3, 1, -9, 1, -7 ], [ 1, 1, 3, 1, 1, 6, 3, 3, 1, 3, 3, 1, 3, 1, 3, -13, 3, -11 ] ], 
              [ [ 1, 2, 1, 1, 3, 1, 2, 1, 3, 1, 0, 1, 1, 1, 2, -9, 3, -5 ], [ 1, 2, 3, 3, 1, 3, 2, 3, 1, 3, 4, 3, 3, 3, 2, -13, 1, -13 ] ], 
              [ [ 1, 2, 2, 1, 4, 2, 2, 2, 1, 0, 1, 0, 2, 2, 2, -9, 4, -10 ], [ 1, 2, 2, 3, 0, 2, 2, 2, 3, 4, 3, 4, 2, 2, 2, -13, 0, -8 ] ], 
              [ [ 1, 3, 1, 2, 3, 0, 1, 3, 2, 0, 1, 2, 2, 2, 0, -9, 3, -9 ], [ 1, 1, 3, 2, 1, 4, 3, 1, 2, 4, 3, 2, 2, 2, 4, -13, 1, -9 ] ], 
              [ [ 1, 2, 1, 2, 4, 1, 2, 2, 2, 1, 1, 0, 1, 1, 2, -9, 3, -7 ], [ 1, 2, 3, 2, 0, 3, 2, 2, 2, 3, 3, 4, 3, 3, 2, -13, 1, -11 ] ], 
              [ [ 1, 2, 2, 2, 1, 1, 2, 2, 2, 2, 2, 1, 3, 2, 0, -9, 2, -9 ], [ 1, 2, 2, 2, 3, 3, 2, 2, 2, 2, 2, 3, 1, 2, 4, -13, 2, -9 ] ], 
              [ [ 1, 3, 2, 1, 2, 1, 3, 2, 2, 2, 2, 2, 3, 1, 1, -10, 2, -9 ], [ 1, 1, 2, 3, 2, 3, 1, 2, 2, 2, 2, 2, 1, 3, 3, -12, 2, -9 ] ], 
              [ [ 1, 1, 2, 2, 3, 1, 3, 0, 2, 2, 2, 1, 3, 3, 2, -10, 2, -10 ], [ 1, 3, 2, 2, 1, 3, 1, 4, 2, 2, 2, 3, 1, 1, 2, -12, 2, -8 ] ], 
              [ [ 1, 2, 3, 2, 2, 1, 2, 1, 1, 1, 2, 2, 3, 2, 1, -9, 3, -11 ], [ 1, 2, 1, 2, 2, 3, 2, 3, 3, 3, 2, 2, 1, 2, 3, -13, 1, -7 ] ], 
              [ [ 1, 1, 3, 2, 3, 2, 3, 0, 1, 2, 2, 0, 2, 1, 3, -9, 3, -9 ], [ 1, 3, 1, 2, 1, 2, 1, 4, 3, 2, 2, 4, 2, 3, 1, -13, 1, -9 ] ], 
              [ [ 1, 2, 2, 1, 4, 1, 4, 0, 2, 2, 2, 2, 3, 2, 3, -11, 2, -10 ], [ 1, 2, 2, 3, 0, 3, 0, 4, 2, 2, 2, 2, 1, 2, 1, -11, 2, -8 ] ], 
              [ [ 1, 2, 2, 3, 2, 0, 2, 1, 2, 2, 2, 2, 2, 1, 1, -9, 2, -8 ], [ 1, 2, 2, 1, 2, 4, 2, 3, 2, 2, 2, 2, 2, 3, 3, -13, 2, -10 ] ], 
              [ [ 1, 2, 3, 3, 3, 1, 2, 2, 0, 1, 3, 1, 3, 2, 1, -9, 3, -13 ], [ 1, 2, 1, 1, 1, 3, 2, 2, 4, 3, 1, 3, 1, 2, 3, -13, 1, -5 ] ], 
              [ [ 1, 3, 3, 3, 3, 0, 3, 1, 1, 1, 2, 2, 2, 2, 2, -10, 2, -10 ], [ 1, 1, 1, 1, 1, 4, 1, 3, 3, 3, 2, 2, 2, 2, 2, -12, 2, -8 ] ], 
              [ [ 1, 2, 3, 2, 2, 0, 2, 0, 2, 1, 1, 1, 1, 3, 2, -8, 1, -7 ], [ 1, 2, 1, 2, 2, 4, 2, 4, 2, 3, 3, 3, 3, 1, 2, -14, 3, -11 ] ], 
              [ [ 1, 2, 3, 1, 2, 2, 2, 2, 1, 0, 1, 0, 2, 2, 1, -8, 3, -9 ], [ 1, 2, 1, 3, 2, 2, 2, 2, 3, 4, 3, 4, 2, 2, 3, -14, 1, -9 ] ], 
              [ [ 1, 1, 3, 1, 3, 3, 3, 1, 1, 1, 1, -2, 1, 1, 3, -8, 3, -7 ], [ 1, 3, 1, 3, 1, 1, 1, 3, 3, 3, 3, 6, 3, 3, 1, -14, 1, -11 ] ], 
              [ [ 1, 2, 2, 2, 2, 1, 2, 2, 2, 1, 1, 0, 1, 1, 1, -8, 2, -6 ], [ 1, 2, 2, 2, 2, 3, 2, 2, 2, 3, 3, 4, 3, 3, 3, -14, 2, -12 ] ], 
              [ [ 1, 1, 2, 2, 4, 1, 3, 0, 2, 1, 1, 0, 1, 2, 3, -9, 2, -7 ], [ 1, 3, 2, 2, 0, 3, 1, 4, 2, 3, 3, 4, 3, 2, 1, -13, 2, -11 ] ], 
              [ [ 1, 2, 3, 2, 3, 1, 2, 1, 1, 0, 1, 1, 1, 1, 2, -8, 3, -8 ], [ 1, 2, 1, 2, 1, 3, 2, 3, 3, 4, 3, 3, 3, 3, 2, -14, 1, -10 ] ], 
              [ [ 1, 2, 2, 2, 2, 2, 2, 2, 2, 2, 1, 2, 3, 1, 2, -11, 2, -8 ], [ 1, 2, 2, 2, 2, 2, 2, 2, 2, 2, 3, 2, 1, 3, 2, -11, 2, -10 ] ], 
              [ [ 1, 2, 2, 2, 2, 1, 2, 1, 3, 2, 0, 1, 1, 2, 3, -10, 0, -4 ], [ 1, 2, 2, 2, 2, 3, 2, 3, 1, 2, 4, 3, 3, 2, 1, -12, 4, -14 ] ], 
              [ [ 1, 1, 3, 3, 2, 1, 1, 0, 2, 1, 0, 1, 1, 3, 3, -9, 1, -6 ], [ 1, 3, 1, 1, 2, 3, 3, 4, 2, 3, 4, 3, 3, 1, 1, -13, 3, -12 ] ], 
              [ [ 1, 2, 3, 2, 3, 1, 2, 0, 2, 1, 0, 2, 1, 2, 4, -10, 1, -6 ], [ 1, 2, 1, 2, 1, 3, 2, 4, 2, 3, 4, 2, 3, 2, 0, -12, 3, -12 ] ], 
              [ [ 1, 1, 3, 2, 2, 2, 3, 0, 2, 2, 1, 2, 3, 2, 3, -11, 1, -8 ], [ 1, 3, 1, 2, 2, 2, 1, 4, 2, 2, 3, 2, 1, 2, 1, -11, 3, -10 ] ], 
              [ [ 1, 1, 3, 3, 3, 2, 3, 1, 1, 2, 2, 1, 3, 2, 3, -11, 1, -10 ], [ 1, 3, 1, 1, 1, 2, 1, 3, 3, 2, 2, 3, 1, 2, 1, -11, 3, -8 ] ], 
              [ [ 1, 1, 2, 1, 2, 2, 3, 1, 1, 3, 1, 0, 2, 1, 2, -8, 2, -7 ], [ 1, 3, 2, 3, 2, 2, 1, 3, 3, 1, 3, 4, 2, 3, 2, -14, 2, -11 ] ], 
              [ [ 1, 1, 1, 2, 3, 0, 3, 0, 2, 3, 1, 2, 2, 2, 2, -9, 1, -7 ], [ 1, 3, 3, 2, 1, 4, 1, 4, 2, 1, 3, 2, 2, 2, 2, -13, 3, -11 ] ], 
              [ [ 1, 1, 2, 2, 4, 1, 3, 1, 0, 2, 2, 1, 3, 3, 2, -9, 2, -12 ], [ 1, 3, 2, 2, 0, 3, 1, 3, 4, 2, 2, 3, 1, 1, 2, -13, 2, -6 ] ], 
              [ [ 1, 2, 1, 2, 3, 1, 2, 2, 2, 1, 3, 1, 3, 2, 1, -10, 2, -10 ], [ 1, 2, 3, 2, 1, 3, 2, 2, 2, 3, 1, 3, 1, 2, 3, -12, 2, -8 ] ], 
              [ [ 1, 2, 2, 3, 2, 1, 0, 2, 2, 0, 1, 1, 1, 2, 2, -9, 1, -6 ], [ 1, 2, 2, 1, 2, 3, 4, 2, 2, 4, 3, 3, 3, 2, 2, -13, 3, -12 ] ], 
              [ [ 1, 2, 2, 2, 2, 2, 2, 2, 2, 1, 2, 2, 3, 1, 2, -11, 1, -8 ], [ 1, 2, 2, 2, 2, 2, 2, 2, 2, 3, 2, 2, 1, 3, 2, -11, 3, -10 ] ], 
              [ [ 1, 2, 1, 1, 3, 1, 2, 2, 1, 1, 2, 2, 3, 2, 1, -9, 2, -10 ], [ 1, 2, 3, 3, 1, 3, 2, 2, 3, 3, 2, 2, 1, 2, 3, -13, 2, -8 ] ], 
              [ [ 1, 1, 1, 1, 4, 2, 3, 1, 1, 2, 2, 0, 2, 1, 3, -9, 2, -8 ], [ 1, 3, 3, 3, 0, 2, 1, 3, 3, 2, 2, 4, 2, 3, 1, -13, 2, -10 ] ], 
              [ [ 1, 2, 0, 2, 3, 0, 2, 2, 2, 2, 2, 2, 2, 1, 1, -9, 1, -7 ], [ 1, 2, 4, 2, 1, 4, 2, 2, 2, 2, 2, 2, 2, 3, 3, -13, 3, -11 ] ], 
              [ [ 1, 1, 2, 1, 2, 2, 3, 1, 1, 2, 2, 0, 2, 1, 2, -8, 1, -7 ], [ 1, 3, 2, 3, 2, 2, 1, 3, 3, 2, 2, 4, 2, 3, 2, -14, 3, -11 ] ], 
              [ [ 1, 1, 1, 2, 3, 1, 1, 1, 2, 1, 0, 1, 1, 3, 3, -9, 0, -5 ], [ 1, 3, 3, 2, 1, 3, 3, 3, 2, 3, 4, 3, 3, 1, 1, -13, 4, -13 ] ], 
              [ [ 1, 0, 2, 2, 2, 3, 2, 1, 1, 2, 1, 0, 2, 1, 3, -9, 1, -6 ], [ 1, 4, 2, 2, 2, 1, 2, 3, 3, 2, 3, 4, 2, 3, 1, -13, 3, -12 ] ], 
              [ [ 1, 4, 3, 2, 3, 2, 2, 3, 3, 0, 2, 2, 2, 2, 2, -13, 4, -11 ], [ 1, 0, 1, 2, 1, 2, 2, 1, 1, 4, 2, 2, 2, 2, 2, -9, 0, -7 ] ], 
              [ [ 1, 3, 3, 2, 3, 1, 3, 1, 2, 2, 3, 2, 2, 2, 2, -11, 4, -12 ], [ 1, 1, 1, 2, 1, 3, 1, 3, 2, 2, 1, 2, 2, 2, 2, -11, 0, -6 ] ], 
              [ [ 1, 3, 3, 1, 3, 3, 3, 3, 1, 1, 3, 1, 3, 1, 1, -11, 6, -14 ], [ 1, 1, 1, 3, 1, 1, 1, 1, 3, 3, 1, 3, 1, 3, 3, -11, -2, -4 ] ], 
              [ [ 1, 3, 3, 1, 3, 2, 3, 2, 2, 1, 2, 0, 1, 2, 2, -10, 4, -10 ], [ 1, 1, 1, 3, 1, 2, 1, 2, 2, 3, 2, 4, 3, 2, 2, -12, 0, -8 ] ], 
              [ [ 1, 3, 2, 3, 1, 1, 1, 3, 3, 2, 2, 3, 3, 3, 0, -12, 3, -11 ], [ 1, 1, 2, 1, 3, 3, 3, 1, 1, 2, 2, 1, 1, 1, 4, -10, 1, -7 ] ], 
              [ [ 1, 4, 2, 2, 2, 1, 2, 3, 3, 2, 2, 4, 3, 2, 1, -13, 3, -11 ], [ 1, 0, 2, 2, 2, 3, 2, 1, 1, 2, 2, 0, 1, 2, 3, -9, 1, -7 ] ], 
              [ [ 1, 3, 3, 3, 2, 0, 1, 1, 3, 1, 1, 3, 1, 4, 2, -11, 2, -9 ], [ 1, 1, 1, 1, 2, 4, 3, 3, 1, 3, 3, 1, 3, 0, 2, -11, 2, -9 ] ], 
              [ [ 1, 3, 3, 2, 2, 2, 1, 3, 2, 0, 1, 2, 2, 3, 1, -11, 4, -11 ], [ 1, 1, 1, 2, 2, 2, 3, 1, 2, 4, 3, 2, 2, 1, 3, -11, 0, -7 ] ], 
              [ [ 1, 2, 3, 2, 3, 3, 2, 2, 2, 1, 1, 0, 1, 2, 3, -11, 4, -9 ], [ 1, 2, 1, 2, 1, 1, 2, 2, 2, 3, 3, 4, 3, 2, 1, -11, 0, -9 ] ], 
              [ [ 1, 3, 2, 3, 2, 1, 1, 3, 3, 1, 1, 2, 1, 2, 1, -11, 3, -8 ], [ 1, 1, 2, 1, 2, 3, 3, 1, 1, 3, 3, 2, 3, 2, 3, -11, 1, -10 ] ], 
              [ [ 1, 3, 4, 1, 1, 3, 3, 2, 2, 2, 2, 2, 3, 2, 2, -12, 3, -11 ], [ 1, 1, 0, 3, 3, 1, 1, 2, 2, 2, 2, 2, 1, 2, 2, -10, 1, -7 ] ], 
              [ [ 1, 3, 3, 2, 1, 2, 3, 2, 3, 3, 2, 2, 2, 1, 2, -12, 2, -8 ], [ 1, 1, 1, 2, 3, 2, 1, 2, 1, 1, 2, 2, 2, 3, 2, -10, 2, -10 ] ], 
              [ [ 1, 2, 3, 2, 2, 2, 2, 2, 2, 2, 3, 3, 4, 3, 1, -12, 3, -14 ], [ 1, 2, 1, 2, 2, 2, 2, 2, 2, 2, 1, 1, 0, 1, 3, -10, 1, -4 ] ], 
              [ [ 1, 2, 4, 3, 1, 2, 2, 1, 2, 2, 2, 2, 2, 2, 2, -11, 3, -10 ], [ 1, 2, 0, 1, 3, 2, 2, 3, 2, 2, 2, 2, 2, 2, 2, -11, 1, -8 ] ], 
              [ [ 1, 3, 3, 2, 2, 1, 3, 1, 3, 2, 2, 4, 3, 3, 2, -13, 2, -11 ], [ 1, 1, 1, 2, 2, 3, 1, 3, 1, 2, 2, 0, 1, 1, 2, -9, 2, -7 ] ], 
              [ [ 1, 2, 3, 2, 3, 2, 4, 0, 3, 3, 2, 2, 2, 2, 4, -13, 2, -9 ], [ 1, 2, 1, 2, 1, 2, 0, 4, 1, 1, 2, 2, 2, 2, 0, -9, 2, -9 ] ], 
              [ [ 1, 3, 4, 2, 2, 2, 3, 1, 2, 2, 2, 3, 2, 1, 3, -12, 3, -10 ], [ 1, 1, 0, 2, 2, 2, 1, 3, 2, 2, 2, 1, 2, 3, 1, -10, 1, -8 ] ], 
              [ [ 1, 3, 3, 3, 3, 1, 3, 2, 2, 2, 3, 3, 3, 3, 2, -13, 2, -13 ], [ 1, 1, 1, 1, 1, 3, 1, 2, 2, 2, 1, 1, 1, 1, 2, -9, 2, -5 ] ], 
              [ [ 1, 2, 3, 1, 3, 4, 4, 2, 2, 2, 2, 1, 3, 1, 3, -13, 4, -11 ], [ 1, 2, 1, 3, 1, 0, 0, 2, 2, 2, 2, 3, 1, 3, 1, -9, 0, -7 ] ], 
              [ [ 1, 2, 4, 2, 1, 3, 2, 2, 2, 1, 1, 0, 1, 2, 2, -10, 3, -8 ], [ 1, 2, 0, 2, 3, 1, 2, 2, 2, 3, 3, 4, 3, 2, 2, -12, 1, -10 ] ], 
              [ [ 1, 3, 4, 1, 2, 3, 3, 2, 2, 1, 1, 1, 1, 1, 3, -11, 3, -8 ], [ 1, 1, 0, 3, 2, 1, 1, 2, 2, 3, 3, 3, 3, 3, 1, -11, 1, -10 ] ], 
              [ [ 1, 2, 3, 2, 3, 2, 2, 2, 2, 1, 2, 2, 2, 2, 2, -11, 3, -11 ], [ 1, 2, 1, 2, 1, 2, 2, 2, 2, 3, 2, 2, 2, 2, 2, -11, 1, -7 ] ], 
              [ [ 1, 3, 2, 1, 2, 1, 3, 2, 2, 3, 2, 2, 2, 2, 1, -10, 3, -10 ], [ 1, 1, 2, 3, 2, 3, 1, 2, 2, 1, 2, 2, 2, 2, 3, -12, 1, -8 ] ], 
              [ [ 1, 2, 3, 2, 3, 2, 4, 2, 0, 3, 4, 2, 4, 2, 1, -11, 4, -16 ], [ 1, 2, 1, 2, 1, 2, 0, 2, 4, 1, 0, 2, 0, 2, 3, -11, 0, -2 ] ], 
              [ [ 1, 2, 2, 2, 2, 2, 2, 2, 2, 3, 1, 2, 2, 2, 2, -11, 3, -9 ], [ 1, 2, 2, 2, 2, 2, 2, 2, 2, 1, 3, 2, 2, 2, 2, -11, 1, -9 ] ], 
              [ [ 1, 2, 3, 2, 0, 2, 2, 2, 2, 3, 1, 2, 2, 2, 1, -10, 2, -8 ], [ 1, 2, 1, 2, 4, 2, 2, 2, 2, 1, 3, 2, 2, 2, 3, -12, 2, -10 ] ], 
              [ [ 1, 1, 3, 2, 2, 2, 3, 0, 2, 3, 1, 2, 2, 3, 3, -11, 2, -9 ], [ 1, 3, 1, 2, 2, 2, 1, 4, 2, 1, 3, 2, 2, 1, 1, -11, 2, -9 ] ], 
              [ [ 1, 2, 3, 3, 2, 1, 2, 2, 1, 2, 2, 3, 3, 4, 1, -11, 2, -13 ], [ 1, 2, 1, 1, 2, 3, 2, 2, 3, 2, 2, 1, 1, 0, 3, -11, 2, -5 ] ], 
              [ [ 1, 1, 3, 3, 3, 2, 3, 1, 1, 3, 2, 1, 2, 3, 3, -11, 2, -11 ], [ 1, 3, 1, 1, 1, 2, 1, 3, 3, 1, 2, 3, 2, 1, 1, -11, 2, -7 ] ], 
              [ [ 1, 2, 4, 3, 2, 2, 2, 2, 0, 2, 2, 2, 2, 2, 2, -10, 3, -12 ], [ 1, 2, 0, 1, 2, 2, 2, 2, 4, 2, 2, 2, 2, 2, 2, -12, 1, -6 ] ], 
              [ [ 1, 3, 1, 2, 1, 2, 1, 3, 4, 2, 2, 2, 2, 1, 1, -12, 3, -7 ], [ 1, 1, 3, 2, 3, 2, 3, 1, 0, 2, 2, 2, 2, 3, 3, -10, 1, -11 ] ], 
              [ [ 1, 4, 2, 2, 2, 2, 2, 3, 3, 1, 2, 2, 2, 2, 2, -13, 3, -9 ], [ 1, 0, 2, 2, 2, 2, 2, 1, 1, 3, 2, 2, 2, 2, 2, -9, 1, -9 ] ], 
              [ [ 1, 3, 1, 3, 3, 1, 1, 3, 3, 1, 3, 3, 3, 3, 1, -13, 3, -12 ], [ 1, 1, 3, 1, 1, 3, 3, 1, 1, 3, 1, 1, 1, 1, 3, -9, 1, -6 ] ], 
              [ [ 1, 3, 2, 2, 2, 1, 1, 1, 4, 1, 1, 2, 0, 2, 3, -11, 2, -5 ], [ 1, 1, 2, 2, 2, 3, 3, 3, 0, 3, 3, 2, 4, 2, 1, -11, 2, -13 ] ], 
              [ [ 1, 4, 2, 3, 2, 0, 0, 3, 3, 0, 2, 3, 1, 3, 1, -11, 2, -9 ], [ 1, 0, 2, 1, 2, 4, 4, 1, 1, 4, 2, 1, 3, 1, 3, -11, 2, -9 ] ], 
              [ [ 1, 3, 2, 1, 2, 3, 1, 3, 3, 0, 1, 1, 1, 1, 2, -11, 4, -7 ], [ 1, 1, 2, 3, 2, 1, 3, 1, 1, 4, 3, 3, 3, 3, 2, -11, 0, -11 ] ], 
              [ [ 1, 2, 2, 1, 2, 3, 2, 2, 3, 2, 3, 2, 3, 1, 2, -12, 3, -10 ], [ 1, 2, 2, 3, 2, 1, 2, 2, 1, 2, 1, 2, 1, 3, 2, -10, 1, -8 ] ], 
              [ [ 1, 2, 2, 2, 1, 2, 2, 1, 4, 2, 2, 2, 2, 2, 2, -12, 2, -7 ], [ 1, 2, 2, 2, 3, 2, 2, 3, 0, 2, 2, 2, 2, 2, 2, -10, 2, -11 ] ], 
              [ [ 1, 3, 2, 1, 2, 2, 3, 1, 4, 2, 2, 3, 2, 1, 3, -13, 2, -7 ], [ 1, 1, 2, 3, 2, 2, 1, 3, 0, 2, 2, 1, 2, 3, 1, -9, 2, -11 ] ], 
              [ [ 1, 2, 3, 2, 2, 3, 2, 2, 2, 1, 3, 1, 3, 3, 2, -12, 3, -12 ], [ 1, 2, 1, 2, 2, 1, 2, 2, 2, 3, 1, 3, 1, 1, 2, -10, 1, -6 ] ], 
              [ [ 1, 3, 3, 1, 3, 3, 3, 2, 2, 1, 3, 2, 3, 2, 3, -13, 3, -12 ], [ 1, 1, 1, 3, 1, 1, 1, 2, 2, 3, 1, 2, 1, 2, 1, -9, 1, -6 ] ], 
              [ [ 1, 3, 2, 3, 1, 1, 1, 3, 3, 1, 3, 3, 3, 3, 0, -12, 2, -11 ], [ 1, 1, 2, 1, 3, 3, 3, 1, 1, 3, 1, 1, 1, 1, 4, -10, 2, -7 ] ], 
              [ [ 1, 2, 2, 3, 2, 2, 2, 2, 3, 2, 3, 1, 2, 2, 2, -12, 2, -9 ], [ 1, 2, 2, 1, 2, 2, 2, 2, 1, 2, 1, 3, 2, 2, 2, -10, 2, -9 ] ], 
              [ [ 1, 3, 3, 3, 1, 2, 1, 3, 2, 1, 3, 2, 2, 1, 1, -11, 3, -10 ], [ 1, 1, 1, 1, 3, 2, 3, 1, 2, 3, 1, 2, 2, 3, 3, -11, 1, -8 ] ], 
              [ [ 1, 4, 2, 2, 2, 1, 2, 3, 3, 1, 3, 4, 3, 2, 1, -13, 2, -11 ], [ 1, 0, 2, 2, 2, 3, 2, 1, 1, 3, 1, 0, 1, 2, 3, -9, 2, -7 ] ], 
              [ [ 1, 3, 2, 2, 3, 2, 3, 2, 3, 2, 3, 2, 2, 1, 3, -13, 2, -9 ], [ 1, 1, 2, 2, 1, 2, 1, 2, 1, 2, 1, 2, 2, 3, 1, -9, 2, -9 ] ], 
              [ [ 1, 2, 3, 3, 3, 2, 2, 1, 2, 1, 3, 2, 2, 2, 3, -12, 3, -11 ], [ 1, 2, 1, 1, 1, 2, 2, 3, 2, 3, 1, 2, 2, 2, 1, -10, 1, -7 ] ], 
              [ [ 1, 2, 3, 2, 3, 3, 2, 2, 2, 0, 2, 0, 1, 2, 3, -11, 3, -9 ], [ 1, 2, 1, 2, 1, 1, 2, 2, 2, 4, 2, 4, 3, 2, 1, -11, 1, -9 ] ], 
              [ [ 1, 3, 2, 3, 2, 2, 1, 3, 3, 1, 2, 4, 3, 2, 2, -14, 2, -10 ], [ 1, 1, 2, 1, 2, 2, 3, 1, 1, 3, 2, 0, 1, 2, 2, -8, 2, -8 ] ], 
              [ [ 1, 2, 2, 2, 1, 2, 0, 2, 4, 1, 1, 3, 2, 3, 2, -12, 1, -7 ], [ 1, 2, 2, 2, 3, 2, 4, 2, 0, 3, 3, 1, 2, 1, 2, -10, 3, -11 ] ], 
              [ [ 1, 3, 2, 3, 2, 1, 1, 2, 4, 1, 1, 3, 1, 3, 3, -13, 0, -6 ], [ 1, 1, 2, 1, 2, 3, 3, 2, 0, 3, 3, 1, 3, 1, 1, -9, 4, -12 ] ], 
              [ [ 1, 2, 4, 2, 1, 4, 2, 2, 2, 1, 2, 2, 3, 2, 3, -13, 2, -10 ], [ 1, 2, 0, 2, 3, 0, 2, 2, 2, 3, 2, 2, 1, 2, 1, -9, 2, -8 ] ], 
              [ [ 1, 2, 3, 3, 1, 3, 2, 2, 3, 2, 2, 2, 2, 1, 3, -13, 1, -7 ], [ 1, 2, 1, 1, 3, 1, 2, 2, 1, 2, 2, 2, 2, 3, 1, -9, 3, -11 ] ], 
              [ [ 1, 2, 1, 2, 3, 1, 2, 2, 2, 2, 3, 1, 2, 3, 1, -10, 3, -11 ], [ 1, 2, 3, 2, 1, 3, 2, 2, 2, 2, 1, 3, 2, 1, 3, -12, 1, -7 ] ], 
              [ [ 1, 3, 2, 2, 2, 1, 1, 3, 1, 1, 3, 2, 2, 2, 0, -9, 4, -12 ], [ 1, 1, 2, 2, 2, 3, 3, 1, 3, 3, 1, 2, 2, 2, 4, -13, 0, -6 ] ], 
              [ [ 1, 3, 1, 1, 4, 1, 3, 2, 2, 2, 3, 2, 2, 2, 2, -11, 3, -11 ], [ 1, 1, 3, 3, 0, 3, 1, 2, 2, 2, 1, 2, 2, 2, 2, -11, 1, -7 ] ], 
              [ [ 1, 2, 1, 1, 3, 2, 4, 2, 2, 3, 4, 2, 4, 2, 1, -12, 3, -13 ], [ 1, 2, 3, 3, 1, 2, 0, 2, 2, 1, 0, 2, 0, 2, 3, -10, 1, -5 ] ], 
              [ [ 1, 3, 2, 1, 2, 2, 3, 3, 1, 2, 4, 3, 4, 1, 0, -11, 4, -14 ], [ 1, 1, 2, 3, 2, 2, 1, 1, 3, 2, 0, 1, 0, 3, 4, -11, 0, -4 ] ], 
              [ [ 1, 2, 2, 1, 3, 3, 4, 2, 1, 3, 4, 1, 3, 0, 2, -11, 4, -12 ], [ 1, 2, 2, 3, 1, 1, 0, 2, 3, 1, 0, 3, 1, 4, 2, -11, 0, -6 ] ], 
              [ [ 1, 3, 2, 1, 2, 1, 3, 2, 2, 2, 3, 2, 2, 2, 1, -10, 2, -10 ], [ 1, 1, 2, 3, 2, 3, 1, 2, 2, 2, 1, 2, 2, 2, 3, -12, 2, -8 ] ], 
              [ [ 1, 2, 0, 1, 2, 2, 2, 2, 4, 3, 1, 2, 2, 2, 2, -12, 2, -6 ], [ 1, 2, 4, 3, 2, 2, 2, 2, 0, 1, 3, 2, 2, 2, 2, -10, 2, -12 ] ], 
              [ [ 1, 3, 1, 1, 1, 2, 1, 3, 3, 2, 1, 3, 2, 1, 1, -11, 3, -7 ], [ 1, 1, 3, 3, 3, 2, 3, 1, 1, 2, 3, 1, 2, 3, 3, -11, 1, -11 ] ], 
              [ [ 1, 3, 0, 2, 2, 1, 1, 4, 3, 2, 2, 3, 3, 3, 0, -12, 2, -10 ], [ 1, 1, 4, 2, 2, 3, 3, 0, 1, 2, 2, 1, 1, 1, 4, -10, 2, -8 ] ], 
              [ [ 1, 3, 1, 2, 2, 2, 1, 4, 2, 2, 2, 2, 2, 1, 1, -11, 3, -9 ], [ 1, 1, 3, 2, 2, 2, 3, 0, 2, 2, 2, 2, 2, 3, 3, -11, 1, -9 ] ], 
              [ [ 1, 3, 1, 3, 1, 1, 1, 3, 3, 2, 1, 2, 1, 2, 1, -11, 2, -6 ], [ 1, 1, 3, 1, 3, 3, 3, 1, 1, 2, 3, 2, 3, 2, 3, -11, 2, -12 ] ], 
              [ [ 1, 4, 1, 2, 2, 1, 2, 3, 3, 2, 1, 3, 1, 1, 2, -12, 2, -6 ], [ 1, 0, 3, 2, 2, 3, 2, 1, 1, 2, 3, 1, 3, 3, 2, -10, 2, -12 ] ], 
              [ [ 1, 3, 1, 2, 3, 1, 1, 3, 2, 1, 2, 4, 3, 3, 1, -12, 3, -12 ], [ 1, 1, 3, 2, 1, 3, 3, 1, 2, 3, 2, 0, 1, 1, 3, -10, 1, -6 ] ], 
              [ [ 1, 2, 1, 2, 4, 2, 2, 2, 2, 2, 2, 2, 2, 2, 3, -12, 3, -10 ], [ 1, 2, 3, 2, 0, 2, 2, 2, 2, 2, 2, 2, 2, 2, 1, -10, 1, -8 ] ], 
              [ [ 1, 3, 0, 3, 3, 0, 1, 3, 3, 2, 2, 4, 2, 2, 1, -12, 2, -9 ], [ 1, 1, 4, 1, 1, 4, 3, 1, 1, 2, 2, 0, 2, 2, 3, -10, 2, -9 ] ], 
              [ [ 1, 2, 2, 2, 1, 2, 2, 2, 2, 3, 3, 3, 4, 3, 1, -12, 2, -12 ], [ 1, 2, 2, 2, 3, 2, 2, 2, 2, 1, 1, 1, 0, 1, 3, -10, 2, -6 ] ], 
              [ [ 1, 2, 1, 3, 1, 1, 2, 2, 3, 4, 3, 3, 3, 2, 1, -12, 1, -9 ], [ 1, 2, 3, 1, 3, 3, 2, 2, 1, 0, 1, 1, 1, 2, 3, -10, 3, -9 ] ], 
              [ [ 1, 2, 2, 3, 2, 1, 2, 1, 2, 3, 3, 4, 3, 2, 2, -12, 2, -11 ], [ 1, 2, 2, 1, 2, 3, 2, 3, 2, 1, 1, 0, 1, 2, 2, -10, 2, -7 ] ], 
              [ [ 1, 3, 2, 3, 2, 1, 3, 2, 2, 3, 3, 3, 3, 3, 2, -13, 1, -11 ], [ 1, 1, 2, 1, 2, 3, 1, 2, 2, 1, 1, 1, 1, 1, 2, -9, 3, -7 ] ], 
              [ [ 1, 2, 1, 2, 1, 3, 2, 4, 2, 3, 3, 2, 4, 1, 0, -12, 3, -11 ], [ 1, 2, 3, 2, 3, 1, 2, 0, 2, 1, 1, 2, 0, 3, 4, -10, 1, -7 ] ], 
              [ [ 1, 2, 2, 1, 2, 4, 4, 2, 2, 3, 2, 1, 3, 1, 3, -13, 3, -9 ], [ 1, 2, 2, 3, 2, 0, 0, 2, 2, 1, 2, 3, 1, 3, 1, -9, 1, -9 ] ], 
              [ [ 1, 3, 1, 2, 1, 2, 3, 3, 3, 3, 2, 3, 3, 1, 1, -13, 2, -8 ], [ 1, 1, 3, 2, 3, 2, 1, 1, 1, 1, 2, 1, 1, 3, 3, -9, 2, -10 ] ], 
              [ [ 1, 1, 1, 2, 3, 3, 3, 2, 2, 3, 3, 2, 4, 2, 2, -13, 3, -12 ], [ 1, 3, 3, 2, 1, 1, 1, 2, 2, 1, 1, 2, 0, 2, 2, -9, 1, -6 ] ], 
              [ [ 1, 2, 2, 2, 2, 3, 2, 3, 1, 2, 3, 3, 4, 1, 1, -12, 4, -13 ], [ 1, 2, 2, 2, 2, 1, 2, 1, 3, 2, 1, 1, 0, 3, 3, -10, 0, -5 ] ], 
              [ [ 1, 3, 2, 2, 2, 3, 3, 4, 1, 2, 3, 2, 4, 2, 1, -13, 3, -13 ], [ 1, 1, 2, 2, 2, 1, 1, 0, 3, 2, 1, 2, 0, 2, 3, -9, 1, -5 ] ], 
              [ [ 1, 3, 2, 3, 3, 2, 3, 3, 1, 2, 3, 3, 3, 1, 2, -13, 3, -12 ], [ 1, 1, 2, 1, 1, 2, 1, 1, 3, 2, 1, 1, 1, 3, 2, -9, 1, -6 ] ], 
              [ [ 1, 3, 1, 1, 1, 1, 1, 2, 4, 2, 0, 2, 0, 2, 2, -10, 1, -3 ], [ 1, 1, 3, 3, 3, 3, 3, 2, 0, 2, 4, 2, 4, 2, 2, -12, 3, -15 ] ], 
              [ [ 1, 2, 0, 2, 2, 0, 0, 2, 4, 2, 1, 3, 1, 3, 1, -10, 1, -6 ], [ 1, 2, 4, 2, 2, 4, 4, 2, 0, 2, 3, 1, 3, 1, 3, -12, 3, -12 ] ], 
              [ [ 1, 2, 2, 3, 2, 1, 0, 2, 2, 1, 1, 1, 0, 3, 2, -9, 2, -7 ], [ 1, 2, 2, 1, 2, 3, 4, 2, 2, 3, 3, 3, 4, 1, 2, -13, 2, -11 ] ], 
              [ [ 1, 3, 1, 2, 3, 0, 1, 2, 3, 1, 1, 3, 1, 4, 2, -11, 1, -8 ], [ 1, 1, 3, 2, 1, 4, 3, 2, 1, 3, 3, 1, 3, 0, 2, -11, 3, -10 ] ], 
              [ [ 1, 3, 2, 2, 3, 1, 1, 2, 2, 1, 1, 2, 0, 2, 3, -10, 2, -7 ], [ 1, 1, 2, 2, 1, 3, 3, 2, 2, 3, 3, 2, 4, 2, 1, -12, 2, -11 ] ], 
              [ [ 1, 2, 2, 3, 2, 0, 2, 0, 3, 3, 2, 3, 1, 3, 3, -11, 0, -7 ], [ 1, 2, 2, 1, 2, 4, 2, 4, 1, 1, 2, 1, 3, 1, 1, -11, 4, -11 ] ], 
              [ [ 1, 2, 1, 1, 0, 2, 2, 2, 4, 3, 1, 2, 2, 2, 1, -11, 1, -5 ], [ 1, 2, 3, 3, 4, 2, 2, 2, 0, 1, 3, 2, 2, 2, 3, -11, 3, -13 ] ], 
              [ [ 1, 2, 2, 1, 0, 3, 2, 2, 3, 3, 1, 1, 1, 0, 2, -10, 2, -4 ], [ 1, 2, 2, 3, 4, 1, 2, 2, 1, 1, 3, 3, 3, 4, 2, -12, 2, -14 ] ], 
              [ [ 1, 1, 2, 1, 1, 3, 1, 2, 2, 2, 2, 2, 3, 2, 1, -10, 3, -10 ], [ 1, 3, 2, 3, 3, 1, 3, 2, 2, 2, 2, 2, 1, 2, 3, -12, 1, -8 ] ], 
              [ [ 1, 1, 1, 2, 1, 2, 1, 2, 3, 3, 2, 2, 2, 1, 1, -10, 2, -7 ], [ 1, 3, 3, 2, 3, 2, 3, 2, 1, 1, 2, 2, 2, 3, 3, -12, 2, -11 ] ], 
              [ [ 1, 2, 2, 1, 1, 2, 2, 1, 3, 2, 1, 3, 2, 2, 2, -11, 2, -7 ], [ 1, 2, 2, 3, 3, 2, 2, 3, 1, 2, 3, 1, 2, 2, 2, -11, 2, -11 ] ], 
              [ [ 1, 1, 2, 1, 2, 3, 3, 0, 3, 3, 1, 1, 1, 1, 4, -11, 2, -5 ], [ 1, 3, 2, 3, 2, 1, 1, 4, 1, 1, 3, 3, 3, 3, 0, -11, 2, -13 ] ], 
              [ [ 1, 2, 1, 2, 1, 1, 2, 1, 4, 3, 1, 3, 1, 1, 2, -11, 1, -4 ], [ 1, 2, 3, 2, 3, 3, 2, 3, 0, 1, 3, 1, 3, 3, 2, -11, 3, -14 ] ], 
              [ [ 1, 2, 2, 1, 1, 3, 2, 3, 2, 2, 2, 1, 3, 3, 1, -11, 2, -10 ], [ 1, 2, 2, 3, 3, 1, 2, 1, 2, 2, 2, 3, 1, 1, 3, -11, 2, -8 ] ], 
              [ [ 1, 2, 3, 1, 1, 4, 2, 3, 1, 2, 2, 0, 2, 1, 2, -10, 3, -9 ], [ 1, 2, 1, 3, 3, 0, 2, 1, 3, 2, 2, 4, 2, 3, 2, -12, 1, -9 ] ], 
              [ [ 1, 2, 1, 2, 1, 2, 2, 3, 3, 3, 2, 1, 2, 2, 1, -11, 1, -7 ], [ 1, 2, 3, 2, 3, 2, 2, 1, 1, 1, 2, 3, 2, 2, 3, -11, 3, -11 ] ], 
              [ [ 1, 3, 2, 2, 0, 2, 1, 4, 2, 2, 2, 2, 2, 1, 0, -10, 2, -8 ], [ 1, 1, 2, 2, 4, 2, 3, 0, 2, 2, 2, 2, 2, 3, 4, -12, 2, -10 ] ], 
              [ [ 1, 3, 3, 1, 1, 3, 3, 2, 2, 2, 1, 1, 1, 1, 3, -11, 2, -6 ], [ 1, 1, 1, 3, 3, 1, 1, 2, 2, 2, 3, 3, 3, 3, 1, -11, 2, -12 ] ], 
              [ [ 1, 1, 2, 2, 2, 3, 1, 3, 1, 2, 3, 1, 3, 2, 1, -10, 3, -12 ], [ 1, 3, 2, 2, 2, 1, 3, 1, 3, 2, 1, 3, 1, 2, 3, -12, 1, -6 ] ], 
              [ [ 1, 2, 3, 1, 2, 3, 2, 2, 1, 1, 2, 2, 3, 3, 2, -11, 3, -12 ], [ 1, 2, 1, 3, 2, 1, 2, 2, 3, 3, 2, 2, 1, 1, 2, -11, 1, -6 ] ], 
              [ [ 1, 1, 3, 1, 3, 4, 3, 1, 1, 2, 2, 0, 2, 2, 4, -11, 3, -10 ], [ 1, 3, 1, 3, 1, 0, 1, 3, 3, 2, 2, 4, 2, 2, 0, -11, 1, -8 ] ], 
              [ [ 1, 1, 2, 3, 1, 2, 1, 2, 2, 2, 2, 1, 2, 3, 1, -10, 2, -9 ], [ 1, 3, 2, 1, 3, 2, 3, 2, 2, 2, 2, 3, 2, 1, 3, -12, 2, -9 ] ], 
              [ [ 1, 2, 1, 2, 2, 1, 2, 2, 3, 2, 2, 3, 3, 4, 1, -12, 1, -10 ], [ 1, 2, 3, 2, 2, 3, 2, 2, 1, 2, 2, 1, 1, 0, 3, -10, 3, -8 ] ], 
              [ [ 1, 3, 2, 2, 1, 1, 1, 3, 2, 1, 2, 4, 3, 3, 0, -11, 2, -11 ], [ 1, 1, 2, 2, 3, 3, 3, 1, 2, 3, 2, 0, 1, 1, 4, -11, 2, -7 ] ], 
              [ [ 1, 1, 1, 2, 3, 2, 3, 1, 3, 3, 2, 1, 2, 3, 3, -12, 1, -8 ], [ 1, 3, 3, 2, 1, 2, 1, 3, 1, 1, 2, 3, 2, 1, 1, -10, 3, -10 ] ] ],
          slins := [  ] ), 
      [ [ [ -2287788, -1484247, -11086083, -5221645, -12719311, -7325255, -3677695, -9221851, -1146101, -3936595, -12899549, -10085619, -12330403, 
                  -13846453, -281787, -9181680, -8962951, -14415600 ], [ -1484247, -962954, -7192437, -3387705, -8252046, -4752487, -2386017, -5982960, 
                  -743573, -2553990, -8368975, -6543354, -7999727, -8983310, -182819, -5956899, -5814987, -9352560 ], 
              [ -11086083, -7192437, -53721574, -25303323, -61635960, -35497119, -17821565, -44687760, -5553861, -19076188, -62509325, -48873434, 
                  -59751321, -67097884, -1365479, -44493075, -43433137, -69855888 ], [ -5221645, -3387705, -25303323, -11918090, -29031070, -16719455, 
                  -8394113, -21048322, -2615919, -8985050, -29442433, -23019812, -28143393, -31603686, -643157, -20956629, -20457385, -32902728 ], 
              [ -12719311, -8252046, -61635960, -29031070, -70716314, -40726640, -20447080, -51271265, -6372070, -21886537, -71718344, -56073583, 
                  -68554026, -76982901, -1566646, -51047901, -49831808, -80147220 ], [ -7325255, -4752487, -35497119, -16719455, -40726640, -23455118, 
                  -11775797, -29527930, -3669777, -12604802, -41303725, -32293662, -39481347, -44335668, -902259, -29399295, -28698925, -46158048 ], 
              [ -3677695, -2386017, -17821565, -8394113, -20447080, -11775797, -5912118, -14824694, -1842435, -6328324, -20736811, -16213248, -19821873, 
                  -22259018, -452985, -14760111, -14408487, -23173956 ], [ -9221851, -5982960, -44687760, -21048322, -51271265, -29527930, -14824694, 
                  -37173074, -4619926, -15868339, -51997766, -40654885, -49703550, -55814715, -1135864, -37011129, -36129428, -58108932 ], 
              [ -1146101, -743573, -5553861, -2615919, -6372070, -3669777, -1842435, -4619926, -574174, -1972142, -6462359, -5052650, -6177233, -6936736, 
                  -141169, -4599801, -4490219, -7221864 ], [ -3936595, -2553990, -19076188, -8985050, -21886537, -12604802, -6328324, -15868339, -1972142, 
                  -6773834, -22196662, -17354645, -21217314, -23826031, -484874, -15799209, -15422830, -24805380 ], 
              [ -12899549, -8368975, -62509325, -29442433, -71718344, -41303725, -20736811, -51997766, -6462359, -22196662, -72734578, -56868132, 
                  -69525421, -78073732, -1588847, -51771237, -50537915, -81282888 ], [ -10085619, -6543354, -48873434, -23019812, -56073583, -32293662, 
                  -16213248, -40654885, -5052650, -17354645, -56868132, -44462822, -54359028, -61042595, -1242254, -40477773, -39513488, -63551700 ], 
              [ -12330403, -7999727, -59751321, -28143393, -68554026, -39481347, -19821873, -49703550, -6177233, -21217314, -69525421, -54359028, 
                  -66457862, -74629006, -1518749, -49487019, -48308109, -77696568 ], [ -13846453, -8983310, -67097884, -31603686, -76982901, -44335668, 
                  -22259018, -55814715, -6936736, -23826031, -78073732, -61042595, -74629006, -83804814, -1705480, -55571559, -54247702, -87249540 ], 
              [ -281787, -182819, -1365479, -643157, -1566646, -902259, -452985, -1135864, -141169, -484874, -1588847, -1242254, -1518749, -1705480, 
                  -34714, -1130919, -1103975, -1775580 ], [ -9181680, -5956899, -44493075, -20956629, -51047901, -29399295, -14760111, -37011129, 
                  -4599801, -15799209, -51771237, -40477773, -49487019, -55571559, -1130919, -36849894, -35972031, -57855780 ], 
              [ -8962951, -5814987, -43433137, -20457385, -49831808, -28698925, -14408487, -36129428, -4490219, -15422830, -50537915, -39513488, 
                  -48308109, -54247702, -1103975, -35972031, -35115086, -56477508 ], [ -14415600, -9352560, -69855888, -32902728, -80147220, -46158048, 
                  -23173956, -58108932, -7221864, -24805380, -81282888, -63551700, -77696568, -87249540, -1775580, -57855780, -56477508, -90835860 ] ], 
          [ 1, 2, 2, 2, 2, 2, 2, 2, 2, 2, 2, 2, 2, 2, 2, -11, 2, -9 ] ] ], [ rec(
          nopss := [ 0, 260 ],
          scons := [ [ [ 1, 3, 2, 3, 4, 0, 2, 1, 2, -1, 2, 3, 0, 2, 2, 2, 2, -12 ], [ 1, 1, 2, 1, 0, 4, 2, 3, 2, -3, 2, 1, 4, 2, 2, 2, 2, -12 ] ], 
              [ [ 1, 3, 2, 2, 1, 2, 2, 3, 1, -2, 2, 3, 2, 1, 3, 2, 2, -12 ], [ 1, 1, 2, 2, 3, 2, 2, 1, 3, -2, 2, 1, 2, 3, 1, 2, 2, -12 ] ], 
              [ [ 1, 3, 2, 1, 1, 2, 2, 3, 2, -2, 3, 4, 1, 2, 1, 2, 1, -11 ], [ 1, 1, 2, 3, 3, 2, 2, 1, 2, -2, 1, 0, 3, 2, 3, 2, 3, -13 ] ], 
              [ [ 1, 4, 3, 2, 0, 1, 1, 2, 3, -1, 1, 2, 1, 1, 1, 3, 1, -9 ], [ 1, 0, 1, 2, 4, 3, 3, 2, 1, -3, 3, 2, 3, 3, 3, 1, 3, -15 ] ], 
              [ [ 1, 2, 3, 2, 3, 4, 3, 2, 1, -4, 3, 4, 1, 1, 3, 1, 1, -13 ], [ 1, 2, 1, 2, 1, 0, 1, 2, 3, 0, 1, 0, 3, 3, 1, 3, 3, -11 ] ], 
              [ [ 1, 1, 3, 2, 2, 3, 3, 2, 1, -3, 3, 4, 1, 1, 3, 1, 1, -12 ], [ 1, 3, 1, 2, 2, 1, 1, 2, 3, -1, 1, 0, 3, 3, 1, 3, 3, -12 ] ], 
              [ [ 1, 1, 3, 2, 3, 3, 4, 2, 0, -3, 2, 4, 1, 2, 2, 1, 2, -13 ], [ 1, 3, 1, 2, 1, 1, 0, 2, 4, -1, 2, 0, 3, 2, 2, 3, 2, -11 ] ], 
              [ [ 1, 1, 1, 1, 3, 3, 3, 3, 1, -3, 3, 6, 1, 1, 3, 1, 1, -13 ], [ 1, 3, 3, 3, 1, 1, 1, 1, 3, -1, 1, -2, 3, 3, 1, 3, 3, -11 ] ], 
              [ [ 1, 1, 2, 3, 3, 3, 3, 3, 1, -3, 3, 4, 1, 2, 4, 1, 3, -15 ], [ 1, 3, 2, 1, 1, 1, 1, 1, 3, -1, 1, 0, 3, 2, 0, 3, 1, -9 ] ], 
              [ [ 1, 1, 1, 2, 3, 3, 4, 2, 2, -3, 2, 4, 1, 2, 3, 0, 3, -14 ], [ 1, 3, 3, 2, 1, 1, 0, 2, 2, -1, 2, 0, 3, 2, 1, 4, 1, -10 ] ], 
              [ [ 1, 1, 1, 3, 3, 1, 1, 1, 2, -1, 3, 3, 0, 3, 2, 3, 2, -12 ], [ 1, 3, 3, 1, 1, 3, 3, 3, 2, -3, 1, 1, 4, 1, 2, 1, 2, -12 ] ], 
              [ [ 1, 1, 1, 3, 3, 1, 1, 1, 3, -1, 2, 3, 0, 4, 2, 3, 2, -12 ], [ 1, 3, 3, 1, 1, 3, 3, 3, 1, -3, 2, 1, 4, 0, 2, 1, 2, -12 ] ], 
              [ [ 1, 2, 2, 1, 2, 2, 3, 1, 3, -2, 1, 3, 2, 3, 2, 4, 2, -13 ], [ 1, 2, 2, 3, 2, 2, 1, 3, 1, -2, 3, 1, 2, 1, 2, 0, 2, -11 ] ], 
              [ [ 1, 2, 2, 2, 2, 2, 2, 2, 2, -2, 1, 4, 1, 0, 3, 2, 1, -11 ], [ 1, 2, 2, 2, 2, 2, 2, 2, 2, -2, 3, 0, 3, 4, 1, 2, 3, -13 ] ], 
              [ [ 1, 2, 2, 1, 2, 2, 2, 2, 1, -2, 1, 4, 1, 1, 1, 2, 1, -10 ], [ 1, 2, 2, 3, 2, 2, 2, 2, 3, -2, 3, 0, 3, 3, 3, 2, 3, -14 ] ], 
              [ [ 1, 3, 4, 2, 1, 3, 1, 2, 2, -3, 2, 2, 1, 2, 1, 2, 1, -10 ], [ 1, 1, 0, 2, 3, 1, 3, 2, 2, -1, 2, 2, 3, 2, 3, 2, 3, -14 ] ], 
              [ [ 1, 2, 3, 3, 2, 2, 2, 2, 3, -2, 2, 3, 0, 2, 2, 2, 2, -12 ], [ 1, 2, 1, 1, 2, 2, 2, 2, 1, -2, 2, 1, 4, 2, 2, 2, 2, -12 ] ], 
              [ [ 1, 3, 3, 2, 1, 3, 2, 3, 2, -3, 2, 3, 2, 1, 3, 3, 1, -12 ], [ 1, 1, 1, 2, 3, 1, 2, 1, 2, -1, 2, 1, 2, 3, 1, 1, 3, -12 ] ], 
              [ [ 1, 1, 1, 3, 3, 1, 1, 1, 3, -1, 3, 3, -2, 3, 1, 1, 3, -11 ], [ 1, 3, 3, 1, 1, 3, 3, 3, 1, -3, 1, 1, 6, 1, 3, 3, 1, -13 ] ], 
              [ [ 1, 2, 3, 2, 2, 2, 1, 2, 2, -2, 2, 3, 0, 2, 2, 2, 3, -12 ], [ 1, 2, 1, 2, 2, 2, 3, 2, 2, -2, 2, 1, 4, 2, 2, 2, 1, -12 ] ], 
              [ [ 1, 2, 2, 1, 2, 2, 2, 1, 3, -2, 1, 3, 0, 2, 1, 1, 3, -11 ], [ 1, 2, 2, 3, 2, 2, 2, 3, 1, -2, 3, 1, 4, 2, 3, 3, 1, -13 ] ], 
              [ [ 1, 2, 1, 2, 2, 2, 1, 2, 2, -2, 3, 3, 0, 2, 2, 2, 2, -11 ], [ 1, 2, 3, 2, 2, 2, 3, 2, 2, -2, 1, 1, 4, 2, 2, 2, 2, -13 ] ], 
              [ [ 1, 2, 2, 2, 2, 2, 2, 3, 1, -2, 2, 4, 1, 1, 2, 2, 2, -12 ], [ 1, 2, 2, 2, 2, 2, 2, 1, 3, -2, 2, 0, 3, 3, 2, 2, 2, -12 ] ], 
              [ [ 1, 2, 2, 1, 2, 2, 3, 1, 3, -2, 2, 3, 0, 2, 1, 2, 3, -12 ], [ 1, 2, 2, 3, 2, 2, 1, 3, 1, -2, 2, 1, 4, 2, 3, 2, 1, -12 ] ], 
              [ [ 1, 2, 2, 3, 2, 2, 0, 3, 1, -2, 3, 3, 0, 3, 1, 2, 1, -10 ], [ 1, 2, 2, 1, 2, 2, 4, 1, 3, -2, 1, 1, 4, 1, 3, 2, 3, -14 ] ], 
              [ [ 1, 2, 3, 2, 2, 2, 2, 2, 2, -2, 2, 3, 0, 3, 0, 2, 2, -11 ], [ 1, 2, 1, 2, 2, 2, 2, 2, 2, -2, 2, 1, 4, 1, 4, 2, 2, -13 ] ], 
              [ [ 1, 3, 3, 1, 1, 3, 2, 3, 1, -3, 2, 3, 2, 2, 1, 3, 1, -11 ], [ 1, 1, 1, 3, 3, 1, 2, 1, 3, -1, 2, 1, 2, 2, 3, 1, 3, -13 ] ], 
              [ [ 1, 3, 2, 1, 2, 3, 1, 3, 2, -3, 2, 4, 1, 2, 1, 2, 1, -11 ], [ 1, 1, 2, 3, 2, 1, 3, 1, 2, -1, 2, 0, 3, 2, 3, 2, 3, -13 ] ], 
              [ [ 1, 2, 2, 1, 1, 2, 1, 3, 2, -2, 2, 4, 1, 2, 1, 2, 1, -10 ], [ 1, 2, 2, 3, 3, 2, 3, 1, 2, -2, 2, 0, 3, 2, 3, 2, 3, -14 ] ], 
              [ [ 1, 2, 0, 3, 2, 2, 0, 3, 3, -2, 3, 3, 0, 3, 2, 1, 2, -11 ], [ 1, 2, 4, 1, 2, 2, 4, 1, 1, -2, 1, 1, 4, 1, 2, 3, 2, -13 ] ], 
              [ [ 1, 2, 2, 2, 2, 2, 2, 3, 2, -2, 1, 4, 1, 2, 2, 2, 2, -12 ], [ 1, 2, 2, 2, 2, 2, 2, 1, 2, -2, 3, 0, 3, 2, 2, 2, 2, -12 ] ], 
              [ [ 1, 2, 2, 1, 2, 2, 3, 1, 4, -2, 1, 3, 0, 3, 1, 2, 3, -12 ], [ 1, 2, 2, 3, 2, 2, 1, 3, 0, -2, 3, 1, 4, 1, 3, 2, 1, -12 ] ], 
              [ [ 1, 2, 2, 2, 2, 2, 3, 3, 2, -2, 2, 4, 1, 2, 2, 3, 2, -13 ], [ 1, 2, 2, 2, 2, 2, 1, 1, 2, -2, 2, 0, 3, 2, 2, 1, 2, -11 ] ], 
              [ [ 1, 0, 2, 3, 1, 2, 2, 1, 2, -1, 2, 3, 0, 2, 2, 2, 2, -11 ], [ 1, 4, 2, 1, 3, 2, 2, 3, 2, -3, 2, 1, 4, 2, 2, 2, 2, -13 ] ], 
              [ [ 1, 4, 3, 2, 3, 1, 3, 2, 1, -2, 1, 2, 4, 1, 3, 3, 1, -13 ], [ 1, 0, 1, 2, 1, 3, 1, 2, 3, -2, 3, 2, 0, 3, 1, 1, 3, -11 ] ], 
              [ [ 1, 3, 1, 2, 4, 0, 2, 1, 1, -1, 2, 2, 2, 2, 2, 2, 2, -12 ], [ 1, 1, 3, 2, 0, 4, 2, 3, 3, -3, 2, 2, 2, 2, 2, 2, 2, -12 ] ], 
              [ [ 1, 3, 2, 3, 4, 0, 2, 1, 2, -1, 3, 1, 1, 4, 1, 2, 3, -13 ], [ 1, 1, 2, 1, 0, 4, 2, 3, 2, -3, 1, 3, 3, 0, 3, 2, 1, -11 ] ], 
              [ [ 1, 3, 1, 2, 3, 0, 1, 2, 2, -1, 3, 2, 2, 3, 2, 2, 2, -12 ], [ 1, 1, 3, 2, 1, 4, 3, 2, 2, -3, 1, 2, 2, 1, 2, 2, 2, -12 ] ], 
              [ [ 1, 3, 1, 2, 3, 0, 2, 2, 3, -1, 3, 2, 2, 4, 2, 3, 2, -13 ], [ 1, 1, 3, 2, 1, 4, 2, 2, 1, -3, 1, 2, 2, 0, 2, 1, 2, -11 ] ], 
              [ [ 1, 4, 3, 2, 3, 1, 3, 2, 1, -2, 2, 2, 2, 0, 2, 1, 2, -12 ], [ 1, 0, 1, 2, 1, 3, 1, 2, 3, -2, 2, 2, 2, 4, 2, 3, 2, -12 ] ], 
              [ [ 1, 4, 3, 1, 2, 1, 2, 2, 2, -2, 2, 2, 2, 1, 1, 1, 1, -10 ], [ 1, 0, 1, 3, 2, 3, 2, 2, 2, -2, 2, 2, 2, 3, 3, 3, 3, -14 ] ], 
              [ [ 1, 4, 3, 2, 3, 1, 3, 2, 2, -2, 1, 2, 2, 1, 2, 1, 2, -12 ], [ 1, 0, 1, 2, 1, 3, 1, 2, 2, -2, 3, 2, 2, 3, 2, 3, 2, -12 ] ], 
              [ [ 1, 4, 2, 1, 2, 1, 3, 3, 2, -2, 2, 3, 3, 0, 3, 2, 1, -12 ], [ 1, 0, 2, 3, 2, 3, 1, 1, 2, -2, 2, 1, 1, 4, 1, 2, 3, -12 ] ], 
              [ [ 1, 3, 1, 3, 3, -2, 1, 1, 3, 1, 1, 1, 1, 3, 1, 3, 3, -11 ], [ 1, 1, 3, 1, 1, 6, 3, 3, 1, -5, 3, 3, 3, 1, 3, 1, 1, -13 ] ], 
              [ [ 1, 6, 3, 1, 1, 1, 1, 3, 3, -2, 1, 1, 3, 1, 1, 3, 1, -10 ], [ 1, -2, 1, 3, 3, 3, 3, 1, 1, -2, 3, 3, 1, 3, 3, 1, 3, -14 ] ], 
              [ [ 1, 1, 1, 3, 6, 1, 3, 1, 1, -2, 3, 3, 1, 3, 3, 1, 3, -15 ], [ 1, 3, 3, 1, -2, 3, 1, 3, 3, -2, 1, 1, 3, 1, 1, 3, 1, -9 ] ], 
              [ [ 1, 3, 3, 1, 3, 3, 3, 3, 1, -4, 3, 3, 3, 1, 3, 1, 1, -13 ], [ 1, 1, 1, 3, 1, 1, 1, 1, 3, 0, 1, 1, 1, 3, 1, 3, 3, -11 ] ], 
              [ [ 1, 2, 2, 3, 4, 0, 1, 1, 2, -1, 2, 1, 1, 4, 1, 2, 3, -12 ], [ 1, 2, 2, 1, 0, 4, 3, 3, 2, -3, 2, 3, 3, 0, 3, 2, 1, -12 ] ], 
              [ [ 1, 3, 1, 2, 4, 1, 1, 2, 2, -2, 3, 2, 2, 3, 2, 3, 2, -13 ], [ 1, 1, 3, 2, 0, 3, 3, 2, 2, -2, 1, 2, 2, 1, 2, 1, 2, -11 ] ], 
              [ [ 1, 2, 1, 3, 4, 0, 2, 2, 2, -1, 2, 2, 2, 3, 3, 3, 3, -14 ], [ 1, 2, 3, 1, 0, 4, 2, 2, 2, -3, 2, 2, 2, 1, 1, 1, 1, -10 ] ], 
              [ [ 1, 3, 1, 2, 4, 1, 1, 2, 3, -2, 2, 2, 2, 4, 2, 3, 2, -13 ], [ 1, 1, 3, 2, 0, 3, 3, 2, 1, -2, 2, 2, 2, 0, 2, 1, 2, -11 ] ], 
              [ [ 1, 3, 3, 2, 3, 1, 2, 2, 1, -2, 1, 2, 2, 0, 2, 1, 2, -11 ], [ 1, 1, 1, 2, 1, 3, 2, 2, 3, -2, 3, 2, 2, 4, 2, 3, 2, -13 ] ], 
              [ [ 1, 3, 3, 2, 3, 1, 3, 2, 2, -2, 1, 2, 2, 1, 2, 2, 2, -12 ], [ 1, 1, 1, 2, 1, 3, 1, 2, 2, -2, 3, 2, 2, 3, 2, 2, 2, -12 ] ], 
              [ [ 1, 4, 2, 1, 3, 2, 2, 3, 2, -3, 1, 3, 3, 0, 3, 2, 1, -12 ], [ 1, 0, 2, 3, 1, 2, 2, 1, 2, -1, 3, 1, 1, 4, 1, 2, 3, -12 ] ], 
              [ [ 1, 4, 3, 2, 3, 2, 2, 3, 3, -3, 2, 2, 2, 2, 2, 2, 2, -13 ], [ 1, 0, 1, 2, 1, 2, 2, 1, 1, -1, 2, 2, 2, 2, 2, 2, 2, -11 ] ], 
              [ [ 1, 3, 1, 2, 4, 1, 1, 2, 3, -2, 3, 2, 0, 3, 1, 1, 3, -12 ], [ 1, 1, 3, 2, 0, 3, 3, 2, 1, -2, 1, 2, 4, 1, 3, 3, 1, -12 ] ], 
              [ [ 1, 2, 3, 1, 2, 1, 2, 0, 2, -1, 2, 2, 2, 3, 1, 3, 1, -11 ], [ 1, 2, 1, 3, 2, 3, 2, 4, 2, -3, 2, 2, 2, 1, 3, 1, 3, -13 ] ], 
              [ [ 1, 2, 3, 3, 2, 1, 3, 1, 1, -1, 2, 1, 3, 3, 2, 3, 2, -13 ], [ 1, 2, 1, 1, 2, 3, 1, 3, 3, -3, 2, 3, 1, 1, 2, 1, 2, -11 ] ], 
              [ [ 1, 2, 2, 2, 2, 1, 3, 1, 1, -1, 1, 2, 2, 1, 2, 1, 2, -11 ], [ 1, 2, 2, 2, 2, 3, 1, 3, 3, -3, 3, 2, 2, 3, 2, 3, 2, -13 ] ], 
              [ [ 1, 2, 1, 3, 2, 1, 2, 2, 2, -1, 2, 2, 2, 1, 4, 1, 3, -13 ], [ 1, 2, 3, 1, 2, 3, 2, 2, 2, -3, 2, 2, 2, 3, 0, 3, 1, -11 ] ], 
              [ [ 1, 3, 2, 1, 1, 2, 1, 2, 2, -2, 3, 2, 2, 2, 1, 1, 1, -10 ], [ 1, 1, 2, 3, 3, 2, 3, 2, 2, -2, 1, 2, 2, 2, 3, 3, 3, -14 ] ], 
              [ [ 1, 2, 3, 3, 2, 1, 3, 1, 2, -1, 2, 1, 1, 3, 1, 1, 3, -12 ], [ 1, 2, 1, 1, 2, 3, 1, 3, 2, -3, 2, 3, 3, 1, 3, 3, 1, -12 ] ], 
              [ [ 1, 3, 3, 2, 1, 2, 3, 2, 1, -2, 2, 1, 3, 2, 2, 2, 2, -12 ], [ 1, 1, 1, 2, 3, 2, 1, 2, 3, -2, 2, 3, 1, 2, 2, 2, 2, -12 ] ], 
              [ [ 1, 3, 2, 2, 2, 2, 2, 2, 2, -2, 2, 2, 2, 2, 2, 1, 2, -12 ], [ 1, 1, 2, 2, 2, 2, 2, 2, 2, -2, 2, 2, 2, 2, 2, 3, 2, -12 ] ], 
              [ [ 1, 3, 2, 2, 2, 2, 3, 2, 2, -2, 3, 2, 2, 2, 2, 2, 2, -13 ], [ 1, 1, 2, 2, 2, 2, 1, 2, 2, -2, 1, 2, 2, 2, 2, 2, 2, -11 ] ], 
              [ [ 1, 2, 2, 2, 1, 1, 2, 2, 2, -1, 2, 2, 2, 2, 2, 1, 2, -11 ], [ 1, 2, 2, 2, 3, 3, 2, 2, 2, -3, 2, 2, 2, 2, 2, 3, 2, -13 ] ], 
              [ [ 1, 2, 2, 2, 1, 1, 3, 2, 2, -1, 3, 2, 2, 2, 2, 2, 2, -12 ], [ 1, 2, 2, 2, 3, 3, 1, 2, 2, -3, 1, 2, 2, 2, 2, 2, 2, -12 ] ], 
              [ [ 1, 2, 1, 2, 2, 1, 2, 2, 3, -1, 3, 3, 1, 2, 2, 1, 2, -12 ], [ 1, 2, 3, 2, 2, 3, 2, 2, 1, -3, 1, 1, 3, 2, 2, 3, 2, -12 ] ], 
              [ [ 1, 3, 2, 1, 1, 2, 1, 2, 3, -2, 3, 2, 2, 2, 3, 2, 2, -12 ], [ 1, 1, 2, 3, 3, 2, 3, 2, 1, -2, 1, 2, 2, 2, 1, 2, 2, -12 ] ], 
              [ [ 1, 3, 1, 1, 1, 2, 2, 3, 2, -2, 3, 3, 3, 1, 3, 2, 1, -12 ], [ 1, 1, 3, 3, 3, 2, 2, 1, 2, -2, 1, 1, 1, 3, 1, 2, 3, -12 ] ], 
              [ [ 1, 3, 2, 3, 1, 2, 2, 3, 2, -2, 3, 1, 3, 2, 4, 2, 3, -14 ], [ 1, 1, 2, 1, 3, 2, 2, 1, 2, -2, 1, 3, 1, 2, 0, 2, 1, -10 ] ], 
              [ [ 1, 3, 2, 2, 1, 2, 1, 4, 1, -2, 3, 3, 3, 2, 2, 2, 0, -11 ], [ 1, 1, 2, 2, 3, 2, 3, 0, 3, -2, 1, 1, 1, 2, 2, 2, 4, -13 ] ], 
              [ [ 1, 3, 2, 1, 1, 2, 2, 2, 3, -2, 3, 2, 2, 3, 1, 2, 1, -11 ], [ 1, 1, 2, 3, 3, 2, 2, 2, 1, -2, 1, 2, 2, 1, 3, 2, 3, -13 ] ], 
              [ [ 1, 3, 2, 3, 1, 2, 2, 3, 2, -2, 2, 1, 3, 3, 2, 1, 2, -12 ], [ 1, 1, 2, 1, 3, 2, 2, 1, 2, -2, 2, 3, 1, 1, 2, 3, 2, -12 ] ], 
              [ [ 1, 2, 1, 3, 2, 1, 2, 3, 2, -1, 2, 2, 2, 3, 3, 1, 4, -14 ], [ 1, 2, 3, 1, 2, 3, 2, 1, 2, -3, 2, 2, 2, 1, 1, 3, 0, -10 ] ], 
              [ [ 1, 3, 2, 2, 1, 0, 1, 1, 3, 0, 1, 1, 1, 2, 0, 2, 2, -9 ], [ 1, 1, 2, 2, 3, 4, 3, 3, 1, -4, 3, 3, 3, 2, 4, 2, 2, -15 ] ], 
              [ [ 1, 4, 2, 1, 0, 1, 1, 2, 2, -1, 1, 1, 3, 1, 1, 3, 1, -9 ], [ 1, 0, 2, 3, 4, 3, 3, 2, 2, -3, 3, 3, 1, 3, 3, 1, 3, -15 ] ], 
              [ [ 1, 3, 1, 2, 1, 0, 2, 2, 3, 0, 1, 2, 2, 1, 2, 3, 2, -11 ], [ 1, 1, 3, 2, 3, 4, 2, 2, 1, -4, 3, 2, 2, 3, 2, 1, 2, -13 ] ], 
              [ [ 1, 4, 3, 2, 0, 1, 1, 2, 3, -1, 2, 0, 2, 3, 0, 3, 2, -10 ], [ 1, 0, 1, 2, 4, 3, 3, 2, 1, -3, 2, 4, 2, 1, 4, 1, 2, -14 ] ], 
              [ [ 1, 0, 2, 3, 4, 2, 4, 1, 0, -2, 2, 3, 3, 2, 4, 2, 2, -15 ], [ 1, 4, 2, 1, 0, 2, 0, 3, 4, -2, 2, 1, 1, 2, 0, 2, 2, -9 ] ], 
              [ [ 1, 1, 3, 1, 3, 3, 3, 1, 1, -3, 3, 3, 3, 3, 3, 3, 1, -14 ], [ 1, 3, 1, 3, 1, 1, 1, 3, 3, -1, 1, 1, 1, 1, 1, 1, 3, -10 ] ], 
              [ [ 1, 1, 3, 3, 3, 3, 4, 1, 1, -3, 3, 2, 2, 1, 4, 1, 2, -14 ], [ 1, 3, 1, 1, 1, 1, 0, 3, 3, -1, 1, 2, 2, 3, 0, 3, 2, -10 ] ], 
              [ [ 1, 0, 2, 3, 4, 2, 4, 1, 0, -2, 3, 3, 1, 1, 3, 0, 3, -14 ], [ 1, 4, 2, 1, 0, 2, 0, 3, 4, -2, 1, 1, 3, 3, 1, 4, 1, -10 ] ], 
              [ [ 1, 1, 3, 2, 3, 3, 3, 1, 0, -3, 3, 2, 2, 1, 4, 1, 3, -14 ], [ 1, 3, 1, 2, 1, 1, 1, 3, 4, -1, 1, 2, 2, 3, 0, 3, 1, -10 ] ], 
              [ [ 1, 1, 3, 2, 3, 3, 3, 1, 0, -3, 2, 2, 2, 2, 2, 0, 2, -12 ], [ 1, 3, 1, 2, 1, 1, 1, 3, 4, -1, 2, 2, 2, 2, 2, 4, 2, -12 ] ], 
              [ [ 1, 1, 3, 3, 3, 3, 3, 3, -2, -3, 3, 3, 3, 1, 3, 1, 1, -13 ], [ 1, 3, 1, 1, 1, 1, 1, 1, 6, -1, 1, 1, 1, 3, 1, 3, 3, -11 ] ], 
              [ [ 1, 1, 3, 2, 3, 3, 4, 1, 0, -3, 3, 2, 2, 2, 2, 1, 2, -13 ], [ 1, 3, 1, 2, 1, 1, 0, 3, 4, -1, 1, 2, 2, 2, 2, 3, 2, -11 ] ], 
              [ [ 1, 1, 2, 2, 4, 3, 3, 1, 1, -3, 3, 3, 1, 2, 2, 0, 2, -13 ], [ 1, 3, 2, 2, 0, 1, 1, 3, 3, -1, 1, 1, 3, 2, 2, 4, 2, -11 ] ], 
              [ [ 1, 2, 2, 1, 3, 4, 3, 2, 0, -4, 3, 3, 3, 1, 3, 1, 1, -13 ], [ 1, 2, 2, 3, 1, 0, 1, 2, 4, 0, 1, 1, 1, 3, 1, 3, 3, -11 ] ], 
              [ [ 1, 0, 2, 2, 3, 2, 3, 1, 1, -2, 3, 3, 1, 2, 2, 0, 2, -12 ], [ 1, 4, 2, 2, 1, 2, 1, 3, 3, -2, 1, 1, 3, 2, 2, 4, 2, -12 ] ], 
              [ [ 1, 1, 2, 1, 2, 3, 3, 2, 0, -3, 3, 3, 3, 1, 3, 1, 1, -12 ], [ 1, 3, 2, 3, 2, 1, 1, 2, 4, -1, 1, 1, 1, 3, 1, 3, 3, -12 ] ], 
              [ [ 1, 1, 1, 1, 3, 3, 2, 2, 1, -3, 3, 4, 2, 1, 3, 0, 1, -12 ], [ 1, 3, 3, 3, 1, 1, 2, 2, 3, -1, 1, 0, 2, 3, 1, 4, 3, -12 ] ], 
              [ [ 1, 1, 2, 3, 3, 3, 2, 2, 1, -3, 3, 2, 2, 2, 4, 0, 3, -14 ], [ 1, 3, 2, 1, 1, 1, 2, 2, 3, -1, 1, 2, 2, 2, 0, 4, 1, -10 ] ], 
              [ [ 1, 1, 1, 1, 3, 3, 3, 2, 1, -3, 4, 4, 2, 1, 3, 1, 1, -13 ], [ 1, 3, 3, 3, 1, 1, 1, 2, 3, -1, 0, 0, 2, 3, 1, 3, 3, -11 ] ], 
              [ [ 1, 1, 1, 3, 3, 3, 3, 3, 0, -3, 3, 3, 3, 1, 4, 0, 2, -14 ], [ 1, 3, 3, 1, 1, 1, 1, 1, 4, -1, 1, 1, 1, 3, 0, 4, 2, -10 ] ], 
              [ [ 1, 0, 2, 3, 4, 2, 4, 1, 1, -2, 2, 3, 1, 2, 3, 0, 3, -14 ], [ 1, 4, 2, 1, 0, 2, 0, 3, 3, -2, 2, 1, 3, 2, 1, 4, 1, -10 ] ], 
              [ [ 1, 1, 2, 2, 3, 3, 4, 2, 0, -3, 2, 3, 3, 1, 4, 1, 2, -14 ], [ 1, 3, 2, 2, 1, 1, 0, 2, 4, -1, 2, 1, 1, 3, 0, 3, 2, -10 ] ], 
              [ [ 1, 1, 3, 1, 3, 3, 6, 1, 1, -3, 1, 3, 3, 1, 3, 1, 3, -15 ], [ 1, 3, 1, 3, 1, 1, -2, 3, 3, -1, 3, 1, 1, 3, 1, 3, 1, -9 ] ], 
              [ [ 1, 1, 1, 2, 4, 3, 4, 2, 1, -3, 3, 4, 2, 1, 4, 1, 2, -15 ], [ 1, 3, 3, 2, 0, 1, 0, 2, 3, -1, 1, 0, 2, 3, 0, 3, 2, -9 ] ], 
              [ [ 1, 0, 1, 2, 3, 2, 4, 2, 1, -2, 3, 4, 2, 1, 4, 1, 2, -14 ], [ 1, 4, 3, 2, 1, 2, 0, 2, 3, -2, 1, 0, 2, 3, 0, 3, 2, -10 ] ], 
              [ [ 1, 1, 1, 3, 3, 3, 3, 3, 1, -3, 3, 3, 3, 1, 6, 1, 3, -16 ], [ 1, 3, 3, 1, 1, 1, 1, 1, 3, -1, 1, 1, 1, 3, -2, 3, 1, -8 ] ], 
              [ [ 1, 1, 1, 1, 3, 3, 3, 2, 2, -3, 3, 4, 2, 2, 3, 1, 1, -13 ], [ 1, 3, 3, 3, 1, 1, 1, 2, 2, -1, 1, 0, 2, 2, 1, 3, 3, -11 ] ], 
              [ [ 1, 1, 1, 3, 3, 3, 3, 3, 1, -3, 2, 3, 3, 2, 4, 0, 2, -14 ], [ 1, 3, 3, 1, 1, 1, 1, 1, 3, -1, 2, 1, 1, 2, 0, 4, 2, -10 ] ], 
              [ [ 1, 1, 1, 3, 3, 3, 4, 3, 1, -3, 3, 3, 3, 2, 4, 1, 2, -15 ], [ 1, 3, 3, 1, 1, 1, 0, 1, 3, -1, 1, 1, 1, 2, 0, 3, 2, -9 ] ], 
              [ [ 1, 1, 1, 2, 3, 3, 3, 3, 0, -3, 3, 3, 3, 2, 4, 1, 3, -15 ], [ 1, 3, 3, 2, 1, 1, 1, 1, 4, -1, 1, 1, 1, 2, 0, 3, 1, -9 ] ], 
              [ [ 1, 1, 3, 1, 3, 3, 3, 1, 1, -3, 4, 3, 1, 2, 2, 1, 2, -13 ], [ 1, 3, 1, 3, 1, 1, 1, 3, 3, -1, 0, 1, 3, 2, 2, 3, 2, -11 ] ], 
              [ [ 1, 2, 3, 2, 3, 4, 3, 2, 1, -4, 4, 2, 2, 3, 2, 1, 2, -14 ], [ 1, 2, 1, 2, 1, 0, 1, 2, 3, 0, 0, 2, 2, 1, 2, 3, 2, -10 ] ], 
              [ [ 1, 1, 3, 2, 2, 3, 3, 2, 1, -3, 4, 2, 2, 3, 2, 1, 2, -13 ], [ 1, 3, 1, 2, 2, 1, 1, 2, 3, -1, 0, 2, 2, 1, 2, 3, 2, -11 ] ], 
              [ [ 1, 1, 2, 2, 3, 3, 2, 2, 2, -3, 4, 3, 1, 3, 2, 0, 2, -13 ], [ 1, 3, 2, 2, 1, 1, 2, 2, 2, -1, 0, 1, 3, 1, 2, 4, 2, -11 ] ], 
              [ [ 1, 1, 1, 3, 3, 3, 1, 3, 1, -3, 6, 3, 1, 3, 3, 1, 1, -13 ], [ 1, 3, 3, 1, 1, 1, 3, 1, 3, -1, -2, 1, 3, 1, 1, 3, 3, -11 ] ], 
              [ [ 1, 2, 2, 1, 2, 4, 2, 3, 1, -4, 4, 3, 3, 2, 3, 1, 1, -13 ], [ 1, 2, 2, 3, 2, 0, 2, 1, 3, 0, 0, 1, 1, 2, 1, 3, 3, -11 ] ], 
              [ [ 1, 1, 3, 3, 3, 3, 4, 2, 1, -3, 3, 2, 2, 3, 3, 1, 3, -15 ], [ 1, 3, 1, 1, 1, 1, 0, 2, 3, -1, 1, 2, 2, 1, 1, 3, 1, -9 ] ], 
              [ [ 1, 1, 1, 2, 3, 3, 3, 3, 2, -3, 4, 4, 2, 2, 4, 1, 2, -15 ], [ 1, 3, 3, 2, 1, 1, 1, 1, 2, -1, 0, 0, 2, 2, 0, 3, 2, -9 ] ], 
              [ [ 1, 2, 2, 1, 2, 4, 3, 3, 2, -4, 4, 3, 3, 3, 3, 2, 1, -14 ], [ 1, 2, 2, 3, 2, 0, 1, 1, 2, 0, 0, 1, 1, 1, 1, 2, 3, -10 ] ], 
              [ [ 1, 1, 1, 1, 3, 3, 3, 3, 1, -3, 4, 4, 2, 3, 2, 1, 2, -14 ], [ 1, 3, 3, 3, 1, 1, 1, 1, 3, -1, 0, 0, 2, 1, 2, 3, 2, -10 ] ], 
              [ [ 1, 1, 1, 3, 3, 3, 3, 3, 1, -3, 3, 3, 1, 1, 3, -2, 3, -13 ], [ 1, 3, 3, 1, 1, 1, 1, 1, 3, -1, 1, 1, 3, 3, 1, 6, 1, -11 ] ], 
              [ [ 1, 1, 3, 2, 3, 1, 2, 0, 1, -1, 1, 2, 2, 2, 2, 3, 2, -12 ], [ 1, 3, 1, 2, 1, 3, 2, 4, 3, -3, 3, 2, 2, 2, 2, 1, 2, -12 ] ], 
              [ [ 1, 1, 3, 1, 3, 1, 3, -2, 3, -1, 1, 1, 1, 3, 1, 3, 3, -12 ], [ 1, 3, 1, 3, 1, 3, 1, 6, 1, -3, 3, 3, 3, 1, 3, 1, 1, -12 ] ], 
              [ [ 1, 1, 3, 2, 3, 1, 3, 0, 1, -1, 2, 2, 2, 2, 2, 4, 2, -13 ], [ 1, 3, 1, 2, 1, 3, 1, 4, 3, -3, 2, 2, 2, 2, 2, 0, 2, -11 ] ], 
              [ [ 1, 1, 3, 2, 3, 1, 3, 0, 1, -1, 1, 2, 2, 3, 0, 3, 1, -11 ], [ 1, 3, 1, 2, 1, 3, 1, 4, 3, -3, 3, 2, 2, 1, 4, 1, 3, -13 ] ], 
              [ [ 1, 2, 4, 1, 2, 2, 2, 0, 1, -2, 1, 1, 3, 3, 1, 4, 1, -11 ], [ 1, 2, 0, 3, 2, 2, 2, 4, 3, -2, 3, 3, 1, 1, 3, 0, 3, -13 ] ], 
              [ [ 1, 2, 3, 1, 3, 2, 2, 0, 2, -2, 2, 2, 2, 3, 1, 4, 1, -12 ], [ 1, 2, 1, 3, 1, 2, 2, 4, 2, -2, 2, 2, 2, 1, 3, 0, 3, -12 ] ], 
              [ [ 1, 2, 3, 3, 3, 2, 2, 1, 1, -2, 1, 1, 3, 3, 2, 3, 2, -13 ], [ 1, 2, 1, 1, 1, 2, 2, 3, 3, -2, 3, 3, 1, 1, 2, 1, 2, -11 ] ], 
              [ [ 1, 1, 3, 1, 2, 1, 2, 0, 2, -1, 2, 2, 2, 3, 1, 4, 1, -11 ], [ 1, 3, 1, 3, 2, 3, 2, 4, 2, -3, 2, 2, 2, 1, 3, 0, 3, -13 ] ], 
              [ [ 1, 1, 3, 3, 2, 1, 2, 1, 1, -1, 1, 1, 3, 3, 2, 3, 2, -12 ], [ 1, 3, 1, 1, 2, 3, 2, 3, 3, -3, 3, 3, 1, 1, 2, 1, 2, -12 ] ], 
              [ [ 1, 1, 1, 4, 3, 1, 0, 2, 1, -1, 3, 2, 2, 3, 3, 3, 1, -12 ], [ 1, 3, 3, 0, 1, 3, 4, 2, 3, -3, 1, 2, 2, 1, 1, 1, 3, -12 ] ], 
              [ [ 1, 1, 1, 3, 3, 1, 1, 0, 3, -1, 3, 1, 1, 4, 2, 3, 2, -12 ], [ 1, 3, 3, 1, 1, 3, 3, 4, 1, -3, 1, 3, 3, 0, 2, 1, 2, -12 ] ], 
              [ [ 1, 2, 2, 0, 2, 2, 1, 1, 2, -2, 2, 3, 3, 2, 2, 4, 0, -11 ], [ 1, 2, 2, 4, 2, 2, 3, 3, 2, -2, 2, 1, 1, 2, 2, 0, 4, -13 ] ], 
              [ [ 1, 1, 2, 3, 3, 1, 2, 1, 2, -1, 2, 2, 2, 3, 2, 3, 2, -13 ], [ 1, 3, 2, 1, 1, 3, 2, 3, 2, -3, 2, 2, 2, 1, 2, 1, 2, -11 ] ], 
              [ [ 1, 2, 3, 2, 2, 2, 1, 1, 2, -2, 2, 1, 3, 3, 3, 4, 2, -13 ], [ 1, 2, 1, 2, 2, 2, 3, 3, 2, -2, 2, 3, 1, 1, 1, 0, 2, -11 ] ], 
              [ [ 1, 2, 2, 1, 2, 2, 2, 0, 3, -2, 1, 1, 3, 3, 2, 3, 2, -12 ], [ 1, 2, 2, 3, 2, 2, 2, 4, 1, -2, 3, 3, 1, 1, 2, 1, 2, -12 ] ], 
              [ [ 1, 2, 2, 2, 2, 2, 2, 2, 1, -2, 2, 2, 4, 2, 3, 4, 1, -13 ], [ 1, 2, 2, 2, 2, 2, 2, 2, 3, -2, 2, 2, 0, 2, 1, 0, 3, -11 ] ], 
              [ [ 1, 1, 3, 2, 3, 1, 3, 0, 2, -1, 1, 2, 2, 3, 2, 4, 2, -13 ], [ 1, 3, 1, 2, 1, 3, 1, 4, 2, -3, 3, 2, 2, 1, 2, 0, 2, -11 ] ], 
              [ [ 1, 1, 1, 2, 3, 1, 3, 0, 4, -1, 1, 2, 2, 3, 3, 3, 3, -14 ], [ 1, 3, 3, 2, 1, 3, 1, 4, 0, -3, 3, 2, 2, 1, 1, 1, 1, -10 ] ], 
              [ [ 1, 2, 2, 2, 2, 2, 2, 2, 2, -2, 1, 2, 4, 3, 3, 4, 1, -13 ], [ 1, 2, 2, 2, 2, 2, 2, 2, 2, -2, 3, 2, 0, 1, 1, 0, 3, -11 ] ], 
              [ [ 1, 1, 1, 1, 3, 1, 2, 0, 3, -1, 1, 2, 2, 3, 3, 3, 4, -14 ], [ 1, 3, 3, 3, 1, 3, 2, 4, 1, -3, 3, 2, 2, 1, 1, 1, 0, -10 ] ], 
              [ [ 1, 1, 0, 2, 3, 1, 1, 1, 2, -1, 2, 2, 2, 4, 2, 3, 2, -12 ], [ 1, 3, 4, 2, 1, 3, 3, 3, 2, -3, 2, 2, 2, 0, 2, 1, 2, -12 ] ], 
              [ [ 1, 1, 1, 2, 3, 1, 2, 2, 1, -1, 1, 3, 3, 3, 2, 3, 2, -13 ], [ 1, 3, 3, 2, 1, 3, 2, 2, 3, -3, 3, 1, 1, 1, 2, 1, 2, -11 ] ], 
              [ [ 1, 1, 1, 1, 3, 1, 3, 0, 3, -1, 1, 2, 2, 4, 1, 3, 3, -13 ], [ 1, 3, 3, 3, 1, 3, 1, 4, 1, -3, 3, 2, 2, 0, 3, 1, 1, -11 ] ], 
              [ [ 1, 2, 3, 1, 2, 2, 1, 1, 3, -2, 3, 2, 2, 4, 1, 4, 1, -12 ], [ 1, 2, 1, 3, 2, 2, 3, 3, 1, -2, 1, 2, 2, 0, 3, 0, 3, -12 ] ], 
              [ [ 1, 1, 1, 3, 3, 1, 1, 1, 3, -1, 3, 1, 1, 6, 1, 3, 3, -13 ], [ 1, 3, 3, 1, 1, 3, 3, 3, 1, -3, 1, 3, 3, -2, 3, 1, 1, -11 ] ], 
              [ [ 1, 2, 2, 2, 2, 2, 2, 1, 2, -2, 2, 2, 2, 0, 3, 2, 1, -11 ], [ 1, 2, 2, 2, 2, 2, 2, 3, 2, -2, 2, 2, 2, 4, 1, 2, 3, -13 ] ], 
              [ [ 1, 2, 2, 2, 3, 2, 3, 1, 1, -2, 1, 2, 2, 1, 2, 2, 2, -12 ], [ 1, 2, 2, 2, 1, 2, 1, 3, 3, -2, 3, 2, 2, 3, 2, 2, 2, -12 ] ], 
              [ [ 1, 1, 2, 2, 2, 1, 3, 1, 1, -1, 1, 2, 2, 1, 2, 2, 2, -11 ], [ 1, 3, 2, 2, 2, 3, 1, 3, 3, -3, 3, 2, 2, 3, 2, 2, 2, -13 ] ], 
              [ [ 1, 1, 1, 2, 3, 1, 2, 1, 2, -1, 1, 3, 1, 1, 2, 1, 2, -11 ], [ 1, 3, 3, 2, 1, 3, 2, 3, 2, -3, 3, 1, 3, 3, 2, 3, 2, -13 ] ], 
              [ [ 1, 2, 1, 1, 2, 2, 2, 2, 1, -2, 1, 3, 3, 0, 3, 2, 1, -11 ], [ 1, 2, 3, 3, 2, 2, 2, 2, 3, -2, 3, 1, 1, 4, 1, 2, 3, -13 ] ], 
              [ [ 1, 1, 1, 4, 3, 1, 3, 2, 1, -1, 1, 2, 2, 1, 3, 1, 3, -13 ], [ 1, 3, 3, 0, 1, 3, 1, 2, 3, -3, 3, 2, 2, 3, 1, 3, 1, -11 ] ], 
              [ [ 1, 2, 2, 0, 2, 2, 4, 1, 2, -2, 0, 3, 3, 0, 2, 2, 2, -12 ], [ 1, 2, 2, 4, 2, 2, 0, 3, 2, -2, 4, 1, 1, 4, 2, 2, 2, -12 ] ], 
              [ [ 1, 2, 2, 3, 2, 2, 2, 2, 1, -2, 1, 1, 3, 1, 4, 2, 3, -13 ], [ 1, 2, 2, 1, 2, 2, 2, 2, 3, -2, 3, 3, 1, 3, 0, 2, 1, -11 ] ], 
              [ [ 1, 2, 4, 2, 2, 2, 2, 0, 2, -2, 2, 1, 1, 1, 2, 2, 2, -11 ], [ 1, 2, 0, 2, 2, 2, 2, 4, 2, -2, 2, 3, 3, 3, 2, 2, 2, -13 ] ], 
              [ [ 1, 2, 4, 3, 2, 2, 2, 2, 0, -2, 2, 2, 2, 1, 1, 2, 0, -10 ], [ 1, 2, 0, 1, 2, 2, 2, 2, 4, -2, 2, 2, 2, 3, 3, 2, 4, -14 ] ], 
              [ [ 1, 2, 4, 2, 2, 2, 3, 0, 2, -2, 2, 1, 1, 2, 0, 2, 1, -10 ], [ 1, 2, 0, 2, 2, 2, 1, 4, 2, -2, 2, 3, 3, 2, 4, 2, 3, -14 ] ], 
              [ [ 1, 3, 6, 1, 1, 3, 3, 1, 1, -3, 1, 1, 3, 1, 1, 3, 1, -11 ], [ 1, 1, -2, 3, 3, 1, 1, 3, 3, -1, 3, 3, 1, 3, 3, 1, 3, -13 ] ], 
              [ [ 1, 3, 4, 2, 2, 3, 1, 2, 1, -3, 3, 2, 2, 1, 2, 3, 0, -11 ], [ 1, 1, 0, 2, 2, 1, 3, 2, 3, -1, 1, 2, 2, 3, 2, 1, 4, -13 ] ], 
              [ [ 1, 3, 3, 1, 2, 3, 2, 1, 2, -3, 2, 2, 2, 1, 1, 2, 0, -10 ], [ 1, 1, 1, 3, 2, 1, 2, 3, 2, -1, 2, 2, 2, 3, 3, 2, 4, -14 ] ], 
              [ [ 1, 3, 4, 3, 2, 3, 2, 1, 2, -3, 2, 0, 2, 2, 2, 2, 2, -12 ], [ 1, 1, 0, 1, 2, 1, 2, 3, 2, -1, 2, 4, 2, 2, 2, 2, 2, -12 ] ], 
              [ [ 1, 2, 4, 2, 1, 2, 1, 2, 1, -2, 3, 2, 2, 1, 2, 3, 0, -10 ], [ 1, 2, 0, 2, 3, 2, 3, 2, 3, -2, 1, 2, 2, 3, 2, 1, 4, -14 ] ], 
              [ [ 1, 2, 3, 1, 1, 2, 2, 1, 2, -2, 2, 2, 2, 1, 1, 2, 0, -9 ], [ 1, 2, 1, 3, 3, 2, 2, 3, 2, -2, 2, 2, 2, 3, 3, 2, 4, -15 ] ], 
              [ [ 1, 2, 4, 3, 1, 2, 2, 1, 2, -2, 2, 0, 2, 2, 2, 2, 2, -11 ], [ 1, 2, 0, 1, 3, 2, 2, 3, 2, -2, 2, 4, 2, 2, 2, 2, 2, -13 ] ], 
              [ [ 1, 2, 3, 3, 2, 2, 1, 1, 3, -2, 2, 1, 1, 2, 2, 1, 2, -11 ], [ 1, 2, 1, 1, 2, 2, 3, 3, 1, -2, 2, 3, 3, 2, 2, 3, 2, -13 ] ], 
              [ [ 1, 2, 2, 1, 2, 2, 2, 1, 3, -2, 3, 3, 1, 1, 1, 2, 0, -10 ], [ 1, 2, 2, 3, 2, 2, 2, 3, 1, -2, 1, 1, 3, 3, 3, 2, 4, -14 ] ], 
              [ [ 1, 2, 2, 4, 2, 2, 0, 2, 2, -2, 4, 1, 1, 2, 3, 2, 1, -11 ], [ 1, 2, 2, 0, 2, 2, 4, 2, 2, -2, 0, 3, 3, 2, 1, 2, 3, -13 ] ], 
              [ [ 1, 3, 3, 0, 1, 3, 1, 1, 3, -3, 3, 2, 2, 1, 2, 3, 0, -10 ], [ 1, 1, 1, 4, 3, 1, 3, 3, 1, -1, 1, 2, 2, 3, 2, 1, 4, -14 ] ], 
              [ [ 1, 2, 3, 4, 2, 2, 1, 3, 1, -2, 3, 2, 2, 1, 3, 2, 1, -12 ], [ 1, 2, 1, 0, 2, 2, 3, 1, 3, -2, 1, 2, 2, 3, 1, 2, 3, -12 ] ], 
              [ [ 1, 2, 2, 3, 2, 2, 2, 2, 2, -2, 2, 2, 2, 1, 2, 1, 1, -11 ], [ 1, 2, 2, 1, 2, 2, 2, 2, 2, -2, 2, 2, 2, 3, 2, 3, 3, -13 ] ], 
              [ [ 1, 2, 3, 3, 2, 2, 2, 1, 3, -2, 3, 1, 1, 2, 2, 2, 2, -12 ], [ 1, 2, 1, 1, 2, 2, 2, 3, 1, -2, 1, 3, 3, 2, 2, 2, 2, -12 ] ], 
              [ [ 1, 3, 4, 0, 1, 3, 2, 2, 2, -3, 2, 3, 3, 0, 2, 3, 0, -11 ], [ 1, 1, 0, 4, 3, 1, 2, 2, 2, -1, 2, 1, 1, 4, 2, 1, 4, -13 ] ], 
              [ [ 1, 3, 3, 2, 1, 3, 1, 2, 2, -3, 2, 1, 3, 1, 3, 2, 1, -11 ], [ 1, 1, 1, 2, 3, 1, 3, 2, 2, -1, 2, 3, 1, 3, 1, 2, 3, -13 ] ], 
              [ [ 1, 3, 4, 1, 1, 3, 3, 1, 3, -3, 1, 1, 3, 1, 2, 2, 2, -12 ], [ 1, 1, 0, 3, 3, 1, 1, 3, 1, -1, 3, 3, 1, 3, 2, 2, 2, -12 ] ], 
              [ [ 1, 3, 3, 2, 1, 3, 2, 2, 2, -3, 3, 1, 3, 1, 3, 3, 1, -12 ], [ 1, 1, 1, 2, 3, 1, 2, 2, 2, -1, 1, 3, 1, 3, 1, 1, 3, -12 ] ], 
              [ [ 1, 3, 3, 1, 1, 3, 1, 3, 1, -3, 3, 3, 3, 1, 1, 3, -2, -9 ], [ 1, 1, 1, 3, 3, 1, 3, 1, 3, -1, 1, 1, 1, 3, 3, 1, 6, -15 ] ], 
              [ [ 1, 3, 4, 3, 1, 3, 1, 3, 1, -3, 3, 1, 3, 2, 2, 3, 0, -11 ], [ 1, 1, 0, 1, 3, 1, 3, 1, 3, -1, 1, 3, 1, 2, 2, 1, 4, -13 ] ], 
              [ [ 1, 3, 3, 2, 1, 3, 2, 2, 2, -3, 2, 1, 3, 2, 1, 2, 0, -10 ], [ 1, 1, 1, 2, 3, 1, 2, 2, 2, -1, 2, 3, 1, 2, 3, 2, 4, -14 ] ], 
              [ [ 1, 3, 2, 2, 2, 3, 1, 2, 3, -3, 3, 2, 2, 1, 3, 2, 1, -12 ], [ 1, 1, 2, 2, 2, 1, 3, 2, 1, -1, 1, 2, 2, 3, 1, 2, 3, -12 ] ], 
              [ [ 1, 2, 2, 2, 1, 2, 1, 2, 3, -2, 3, 2, 2, 1, 3, 2, 1, -11 ], [ 1, 2, 2, 2, 3, 2, 3, 2, 1, -2, 1, 2, 2, 3, 1, 2, 3, -13 ] ], 
              [ [ 1, 2, 2, 3, 2, 2, 2, 2, 3, -2, 2, 2, 2, 1, 4, 2, 2, -13 ], [ 1, 2, 2, 1, 2, 2, 2, 2, 1, -2, 2, 2, 2, 3, 0, 2, 2, -11 ] ], 
              [ [ 1, 2, 2, 3, 2, 2, 3, 2, 3, -2, 2, 2, 2, 2, 2, 2, 1, -12 ], [ 1, 2, 2, 1, 2, 2, 1, 2, 1, -2, 2, 2, 2, 2, 2, 2, 3, -12 ] ], 
              [ [ 1, 3, 3, 2, 1, 3, 2, 2, 3, -3, 2, 1, 3, 2, 3, 3, 1, -12 ], [ 1, 1, 1, 2, 3, 1, 2, 2, 1, -1, 2, 3, 1, 2, 1, 1, 3, -12 ] ], 
              [ [ 1, 3, 4, 2, 1, 3, 3, 3, 2, -3, 1, 2, 4, 1, 3, 3, 1, -13 ], [ 1, 1, 0, 2, 3, 1, 1, 1, 2, -1, 3, 2, 0, 3, 1, 1, 3, -11 ] ], 
              [ [ 1, 2, 4, 1, 2, 2, 2, 0, 1, -2, 2, 1, 1, 2, 0, 2, 2, -10 ], [ 1, 2, 0, 3, 2, 2, 2, 4, 3, -2, 2, 3, 3, 2, 4, 2, 2, -14 ] ], 
              [ [ 1, 2, 3, 3, 3, 2, 2, 1, 1, -2, 2, 1, 1, 2, 1, 1, 3, -12 ], [ 1, 2, 1, 1, 1, 2, 2, 3, 3, -2, 2, 3, 3, 2, 3, 3, 1, -12 ] ], 
              [ [ 1, 1, 3, 3, 2, 1, 2, 1, 1, -1, 2, 1, 1, 2, 1, 1, 3, -11 ], [ 1, 3, 1, 1, 2, 3, 2, 3, 3, -3, 2, 3, 3, 2, 3, 3, 1, -13 ] ], 
              [ [ 1, 1, 1, 4, 3, 1, 0, 2, 1, -1, 4, 2, 0, 2, 2, 1, 2, -11 ], [ 1, 3, 3, 0, 1, 3, 4, 2, 3, -3, 0, 2, 4, 2, 2, 3, 2, -13 ] ], 
              [ [ 1, 2, 2, 0, 2, 2, 1, 1, 2, -2, 3, 3, 1, 1, 1, 2, 1, -10 ], [ 1, 2, 2, 4, 2, 2, 3, 3, 2, -2, 1, 1, 3, 3, 3, 2, 3, -14 ] ], 
              [ [ 1, 2, 2, 2, 2, 2, 1, 2, 1, -2, 2, 2, 2, 1, 2, 1, 2, -11 ], [ 1, 2, 2, 2, 2, 2, 3, 2, 3, -2, 2, 2, 2, 3, 2, 3, 2, -13 ] ], 
              [ [ 1, 2, 3, 2, 2, 2, 1, 1, 2, -2, 3, 1, 1, 2, 2, 2, 3, -12 ], [ 1, 2, 1, 2, 2, 2, 3, 3, 2, -2, 1, 3, 3, 2, 2, 2, 1, -12 ] ], 
              [ [ 1, 2, 2, 1, 2, 2, 2, 0, 3, -2, 2, 1, 1, 2, 1, 1, 3, -11 ], [ 1, 2, 2, 3, 2, 2, 2, 4, 1, -2, 2, 3, 3, 2, 3, 3, 1, -13 ] ], 
              [ [ 1, 2, 2, 2, 2, 2, 2, 2, 1, -2, 3, 2, 2, 1, 2, 2, 2, -12 ], [ 1, 2, 2, 2, 2, 2, 2, 2, 3, -2, 1, 2, 2, 3, 2, 2, 2, -12 ] ], 
              [ [ 1, 2, 3, 2, 2, 2, 1, 1, 2, -2, 2, 1, 1, 3, 0, 1, 2, -10 ], [ 1, 2, 1, 2, 2, 2, 3, 3, 2, -2, 2, 3, 3, 1, 4, 3, 2, -14 ] ], 
              [ [ 1, 2, 2, 3, 2, 2, 0, 2, 1, -2, 4, 1, 1, 3, 1, 2, 1, -10 ], [ 1, 2, 2, 1, 2, 2, 4, 2, 3, -2, 0, 3, 3, 1, 3, 2, 3, -14 ] ], 
              [ [ 1, 2, 3, 3, 2, 2, 1, 3, 0, -2, 3, 2, 2, 2, 1, 2, 1, -11 ], [ 1, 2, 1, 1, 2, 2, 3, 1, 4, -2, 1, 2, 2, 2, 3, 2, 3, -13 ] ], 
              [ [ 1, 2, 2, 2, 2, 2, 2, 2, 1, -2, 2, 2, 2, 2, 0, 1, 1, -10 ], [ 1, 2, 2, 2, 2, 2, 2, 2, 3, -2, 2, 2, 2, 2, 4, 3, 3, -14 ] ], 
              [ [ 1, 3, 3, 1, 1, 3, 1, 2, 1, -3, 2, 1, 3, 2, 1, 2, 1, -10 ], [ 1, 1, 1, 3, 3, 1, 3, 2, 3, -1, 2, 3, 1, 2, 3, 2, 3, -14 ] ], 
              [ [ 1, 3, 2, 1, 2, 3, 1, 2, 2, -3, 3, 2, 2, 2, 1, 2, 1, -11 ], [ 1, 1, 2, 3, 2, 1, 3, 2, 2, -1, 1, 2, 2, 2, 3, 2, 3, -13 ] ], 
              [ [ 1, 2, 2, 1, 1, 2, 1, 2, 2, -2, 3, 2, 2, 2, 1, 2, 1, -10 ], [ 1, 2, 2, 3, 3, 2, 3, 2, 2, -2, 1, 2, 2, 2, 3, 2, 3, -14 ] ], 
              [ [ 1, 1, 3, 2, 3, 1, 3, 0, 2, -1, 2, 2, 0, 2, 1, 2, 3, -12 ], [ 1, 3, 1, 2, 1, 3, 1, 4, 2, -3, 2, 2, 4, 2, 3, 2, 1, -12 ] ], 
              [ [ 1, 1, 3, 4, 3, 1, 3, 1, 1, -1, 1, 1, 1, 2, 2, 1, 4, -13 ], [ 1, 3, 1, 0, 1, 3, 1, 3, 3, -3, 3, 3, 3, 2, 2, 3, 0, -11 ] ], 
              [ [ 1, 2, 4, 0, 2, 2, 4, 0, 2, -2, 0, 2, 2, 1, 1, 2, 3, -12 ], [ 1, 2, 0, 4, 2, 2, 0, 4, 2, -2, 4, 2, 2, 3, 3, 2, 1, -12 ] ], 
              [ [ 1, 2, 3, 1, 2, 2, 3, 1, 1, -2, 2, 2, 2, 1, 2, 3, 2, -12 ], [ 1, 2, 1, 3, 2, 2, 1, 3, 3, -2, 2, 2, 2, 3, 2, 1, 2, -12 ] ], 
              [ [ 1, 2, 4, 2, 2, 2, 2, 2, 0, -2, 2, 2, 2, 2, 1, 3, 1, -11 ], [ 1, 2, 0, 2, 2, 2, 2, 2, 4, -2, 2, 2, 2, 2, 3, 1, 3, -13 ] ], 
              [ [ 1, 2, 3, 1, 2, 2, 3, 1, 1, -2, 1, 2, 2, 2, 0, 2, 1, -10 ], [ 1, 2, 1, 3, 2, 2, 1, 3, 3, -2, 3, 2, 2, 2, 4, 2, 3, -14 ] ], 
              [ [ 1, 2, 4, 3, 2, 2, 3, 1, 1, -2, 1, 0, 2, 3, 1, 2, 3, -12 ], [ 1, 2, 0, 1, 2, 2, 1, 3, 3, -2, 3, 4, 2, 1, 3, 2, 1, -12 ] ], 
              [ [ 1, 2, 2, 1, 3, 2, 2, 1, 2, -2, 2, 3, 1, 1, 2, 2, 2, -12 ], [ 1, 2, 2, 3, 1, 2, 2, 3, 2, -2, 2, 1, 3, 3, 2, 2, 2, -12 ] ], 
              [ [ 1, 2, 3, 3, 3, 2, 2, 1, 2, -2, 2, 1, 1, 2, 3, 2, 4, -14 ], [ 1, 2, 1, 1, 1, 2, 2, 3, 2, -2, 2, 3, 3, 2, 1, 2, 0, -10 ] ], 
              [ [ 1, 2, 2, 2, 3, 2, 3, 0, 3, -2, 1, 1, 1, 2, 2, 1, 4, -13 ], [ 1, 2, 2, 2, 1, 2, 1, 4, 1, -2, 3, 3, 3, 2, 2, 3, 0, -11 ] ], 
              [ [ 1, 2, 2, 3, 3, 2, 3, 2, 1, -2, 2, 2, 2, 1, 3, 2, 3, -14 ], [ 1, 2, 2, 1, 1, 2, 1, 2, 3, -2, 2, 2, 2, 3, 1, 2, 1, -10 ] ], 
              [ [ 1, 2, 3, 3, 3, 2, 2, 1, 2, -2, 1, 1, 1, 3, 1, 1, 3, -12 ], [ 1, 2, 1, 1, 1, 2, 2, 3, 2, -2, 3, 3, 3, 1, 3, 3, 1, -12 ] ], 
              [ [ 1, 2, 2, 1, 3, 2, 3, 1, 2, -2, 2, 3, 1, 2, 0, 2, 1, -11 ], [ 1, 2, 2, 3, 1, 2, 1, 3, 2, -2, 2, 1, 3, 2, 4, 2, 3, -13 ] ], 
              [ [ 1, 2, 2, 4, 3, 2, 1, 2, 1, -2, 3, 1, 1, 3, 2, 2, 2, -12 ], [ 1, 2, 2, 0, 1, 2, 3, 2, 3, -2, 1, 3, 3, 1, 2, 2, 2, -12 ] ], 
              [ [ 1, 3, 3, 0, 2, 3, 2, 1, 2, -3, 2, 2, 2, 2, 1, 3, 1, -11 ], [ 1, 1, 1, 4, 2, 1, 2, 3, 2, -1, 2, 2, 2, 2, 3, 1, 3, -13 ] ], 
              [ [ 1, 2, 3, 4, 3, 2, 2, 3, 0, -2, 2, 2, 2, 2, 2, 2, 2, -13 ], [ 1, 2, 1, 0, 1, 2, 2, 1, 4, -2, 2, 2, 2, 2, 2, 2, 2, -11 ] ], 
              [ [ 1, 2, 2, 3, 3, 2, 3, 2, 1, -2, 1, 2, 2, 2, 1, 1, 2, -12 ], [ 1, 2, 2, 1, 1, 2, 1, 2, 3, -2, 3, 2, 2, 2, 3, 3, 2, -12 ] ], 
              [ [ 1, 2, 3, 3, 3, 2, 3, 1, 2, -2, 2, 1, 1, 3, 1, 2, 3, -13 ], [ 1, 2, 1, 1, 1, 2, 1, 3, 2, -2, 2, 3, 3, 1, 3, 2, 1, -11 ] ], 
              [ [ 1, 3, 4, 0, 2, 3, 3, 2, 1, -3, 1, 3, 3, 1, 1, 3, 1, -12 ], [ 1, 1, 0, 4, 2, 1, 1, 2, 3, -1, 3, 1, 1, 3, 3, 1, 3, -12 ] ], 
              [ [ 1, 3, 3, 2, 2, 3, 2, 2, 1, -3, 1, 1, 3, 2, 2, 2, 2, -12 ], [ 1, 1, 1, 2, 2, 1, 2, 2, 3, -1, 3, 3, 1, 2, 2, 2, 2, -12 ] ], 
              [ [ 1, 3, 4, 1, 2, 3, 4, 1, 2, -3, 0, 1, 3, 2, 1, 2, 3, -13 ], [ 1, 1, 0, 3, 2, 1, 0, 3, 2, -1, 4, 3, 1, 2, 3, 2, 1, -11 ] ], 
              [ [ 1, 3, 3, 2, 2, 3, 3, 2, 1, -3, 2, 1, 3, 2, 2, 3, 2, -13 ], [ 1, 1, 1, 2, 2, 1, 1, 2, 3, -1, 2, 3, 1, 2, 2, 1, 2, -11 ] ], 
              [ [ 1, 3, 2, 2, 3, 3, 2, 2, 2, -3, 2, 2, 2, 2, 2, 2, 2, -13 ], [ 1, 1, 2, 2, 1, 1, 2, 2, 2, -1, 2, 2, 2, 2, 2, 2, 2, -11 ] ], 
              [ [ 1, 1, 2, 1, 2, 1, 2, 1, 2, -1, 2, 3, 1, 1, 2, 2, 2, -11 ], [ 1, 3, 2, 3, 2, 3, 2, 3, 2, -3, 2, 1, 3, 3, 2, 2, 2, -13 ] ], 
              [ [ 1, 1, 3, 3, 2, 1, 2, 1, 2, -1, 2, 1, 1, 2, 3, 2, 4, -13 ], [ 1, 3, 1, 1, 2, 3, 2, 3, 2, -3, 2, 3, 3, 2, 1, 2, 0, -11 ] ], 
              [ [ 1, 1, 2, 2, 2, 1, 3, 0, 3, -1, 1, 1, 1, 2, 2, 1, 4, -12 ], [ 1, 3, 2, 2, 2, 3, 1, 4, 1, -3, 3, 3, 3, 2, 2, 3, 0, -12 ] ], 
              [ [ 1, 1, 2, 3, 2, 1, 3, 2, 1, -1, 2, 2, 2, 1, 3, 2, 3, -13 ], [ 1, 3, 2, 1, 2, 3, 1, 2, 3, -3, 2, 2, 2, 3, 1, 2, 1, -11 ] ], 
              [ [ 1, 1, 3, 3, 2, 1, 2, 1, 2, -1, 1, 1, 1, 3, 1, 1, 3, -11 ], [ 1, 3, 1, 1, 2, 3, 2, 3, 2, -3, 3, 3, 3, 1, 3, 3, 1, -13 ] ], 
              [ [ 1, 1, 2, 1, 2, 1, 3, 1, 2, -1, 2, 3, 1, 2, 0, 2, 1, -10 ], [ 1, 3, 2, 3, 2, 3, 1, 3, 2, -3, 2, 1, 3, 2, 4, 2, 3, -14 ] ], 
              [ [ 1, 1, 2, 4, 2, 1, 1, 2, 1, -1, 3, 1, 1, 3, 2, 2, 2, -11 ], [ 1, 3, 2, 0, 2, 3, 3, 2, 3, -3, 1, 3, 3, 1, 2, 2, 2, -13 ] ], 
              [ [ 1, 2, 3, 0, 1, 2, 2, 1, 2, -2, 2, 2, 2, 2, 1, 3, 1, -10 ], [ 1, 2, 1, 4, 3, 2, 2, 3, 2, -2, 2, 2, 2, 2, 3, 1, 3, -14 ] ], 
              [ [ 1, 1, 3, 4, 2, 1, 2, 3, 0, -1, 2, 2, 2, 2, 2, 2, 2, -12 ], [ 1, 3, 1, 0, 2, 3, 2, 1, 4, -3, 2, 2, 2, 2, 2, 2, 2, -12 ] ], 
              [ [ 1, 1, 2, 3, 2, 1, 3, 2, 1, -1, 1, 2, 2, 2, 1, 1, 2, -11 ], [ 1, 3, 2, 1, 2, 3, 1, 2, 3, -3, 3, 2, 2, 2, 3, 3, 2, -13 ] ], 
              [ [ 1, 1, 3, 3, 2, 1, 3, 1, 2, -1, 2, 1, 1, 3, 1, 2, 3, -12 ], [ 1, 3, 1, 1, 2, 3, 1, 3, 2, -3, 2, 3, 3, 1, 3, 2, 1, -12 ] ], 
              [ [ 1, 2, 4, 0, 1, 2, 3, 2, 1, -2, 1, 3, 3, 1, 1, 3, 1, -11 ], [ 1, 2, 0, 4, 3, 2, 1, 2, 3, -2, 3, 1, 1, 3, 3, 1, 3, -13 ] ], 
              [ [ 1, 2, 3, 2, 1, 2, 2, 2, 1, -2, 1, 1, 3, 2, 2, 2, 2, -11 ], [ 1, 2, 1, 2, 3, 2, 2, 2, 3, -2, 3, 3, 1, 2, 2, 2, 2, -13 ] ], 
              [ [ 1, 2, 4, 1, 1, 2, 4, 1, 2, -2, 0, 1, 3, 2, 1, 2, 3, -12 ], [ 1, 2, 0, 3, 3, 2, 0, 3, 2, -2, 4, 3, 1, 2, 3, 2, 1, -12 ] ], 
              [ [ 1, 2, 3, 2, 1, 2, 3, 2, 1, -2, 2, 1, 3, 2, 2, 3, 2, -12 ], [ 1, 2, 1, 2, 3, 2, 1, 2, 3, -2, 2, 3, 1, 2, 2, 1, 2, -12 ] ], 
              [ [ 1, 1, 0, 3, 3, 1, 1, 1, 3, -1, 3, 2, 0, 2, 3, 1, 3, -12 ], [ 1, 3, 4, 1, 1, 3, 3, 3, 1, -3, 1, 2, 4, 2, 1, 3, 1, -12 ] ], 
              [ [ 1, 1, 1, 3, 3, 1, 2, 2, 2, -1, 2, 3, 1, 1, 3, 1, 3, -13 ], [ 1, 3, 3, 1, 1, 3, 2, 2, 2, -3, 2, 1, 3, 3, 1, 3, 1, -11 ] ], 
              [ [ 1, 1, 1, 2, 3, 1, 3, 0, 4, -1, 2, 2, 0, 2, 2, 1, 4, -13 ], [ 1, 3, 3, 2, 1, 3, 1, 4, 0, -3, 2, 2, 4, 2, 2, 3, 0, -11 ] ], 
              [ [ 1, 2, 2, 2, 2, 2, 1, 2, 2, -2, 2, 2, 2, 1, 4, 2, 3, -13 ], [ 1, 2, 2, 2, 2, 2, 3, 2, 2, -2, 2, 2, 2, 3, 0, 2, 1, -11 ] ], 
              [ [ 1, 2, 2, 1, 2, 2, 2, 0, 4, -2, 2, 1, 1, 2, 3, 2, 4, -13 ], [ 1, 2, 2, 3, 2, 2, 2, 4, 0, -2, 2, 3, 3, 2, 1, 2, 0, -11 ] ], 
              [ [ 1, 2, 3, 1, 2, 2, 3, 1, 3, -2, 1, 2, 2, 1, 3, 2, 4, -14 ], [ 1, 2, 1, 3, 2, 2, 1, 3, 1, -2, 3, 2, 2, 3, 1, 2, 0, -10 ] ], 
              [ [ 1, 2, 2, 2, 2, 2, 2, 2, 2, -2, 3, 2, 2, 1, 4, 3, 3, -14 ], [ 1, 2, 2, 2, 2, 2, 2, 2, 2, -2, 1, 2, 2, 3, 0, 1, 1, -10 ] ], 
              [ [ 1, 2, 1, 1, 2, 2, 3, 1, 3, -2, 2, 2, 2, 1, 3, 2, 3, -13 ], [ 1, 2, 3, 3, 2, 2, 1, 3, 1, -2, 2, 2, 2, 3, 1, 2, 1, -11 ] ], 
              [ [ 1, 1, 1, 4, 3, 1, 0, 2, 2, -1, 3, 2, 0, 3, 2, 1, 2, -11 ], [ 1, 3, 3, 0, 1, 3, 4, 2, 2, -3, 1, 2, 4, 1, 2, 3, 2, -13 ] ], 
              [ [ 1, 2, 2, 0, 2, 2, 1, 1, 3, -2, 2, 3, 1, 2, 1, 2, 1, -10 ], [ 1, 2, 2, 4, 2, 2, 3, 3, 1, -2, 2, 1, 3, 2, 3, 2, 3, -14 ] ], 
              [ [ 1, 1, 2, 3, 3, 1, 2, 1, 3, -1, 2, 2, 0, 3, 1, 1, 3, -12 ], [ 1, 3, 2, 1, 1, 3, 2, 3, 1, -3, 2, 2, 4, 1, 3, 3, 1, -12 ] ], 
              [ [ 1, 2, 2, 2, 2, 2, 1, 2, 2, -2, 1, 2, 2, 2, 2, 1, 2, -11 ], [ 1, 2, 2, 2, 2, 2, 3, 2, 2, -2, 3, 2, 2, 2, 2, 3, 2, -13 ] ], 
              [ [ 1, 2, 3, 2, 2, 2, 1, 1, 3, -2, 2, 1, 1, 3, 2, 2, 3, -12 ], [ 1, 2, 1, 2, 2, 2, 3, 3, 1, -2, 2, 3, 3, 1, 2, 2, 1, -12 ] ], 
              [ [ 1, 2, 2, 1, 2, 2, 2, 0, 4, -2, 1, 1, 1, 3, 1, 1, 3, -11 ], [ 1, 2, 2, 3, 2, 2, 2, 4, 0, -2, 3, 3, 3, 1, 3, 3, 1, -13 ] ], 
              [ [ 1, 2, 3, 1, 2, 2, 3, 1, 3, -2, 0, 2, 2, 2, 1, 1, 3, -12 ], [ 1, 2, 1, 3, 2, 2, 1, 3, 1, -2, 4, 2, 2, 2, 3, 3, 1, -12 ] ], 
              [ [ 1, 1, 0, 4, 3, 1, 1, 3, 1, -1, 3, 3, 1, 2, 2, 1, 1, -11 ], [ 1, 3, 4, 0, 1, 3, 3, 1, 3, -3, 1, 1, 3, 2, 2, 3, 3, -13 ] ], 
              [ [ 1, 1, 1, 4, 3, 1, 1, 2, 2, -1, 4, 2, 0, 3, 2, 2, 2, -12 ], [ 1, 3, 3, 0, 1, 3, 3, 2, 2, -3, 0, 2, 4, 1, 2, 2, 2, -12 ] ], 
              [ [ 1, 2, 2, 1, 2, 2, 1, 3, 1, -2, 3, 4, 2, 1, 2, 3, 0, -11 ], [ 1, 2, 2, 3, 2, 2, 3, 1, 3, -2, 1, 0, 2, 3, 2, 1, 4, -13 ] ], 
              [ [ 1, 1, 0, 3, 3, 1, 2, 1, 3, -1, 3, 2, 0, 3, 1, 1, 2, -11 ], [ 1, 3, 4, 1, 1, 3, 2, 3, 1, -3, 1, 2, 4, 1, 3, 3, 2, -13 ] ], 
              [ [ 1, 2, 1, 0, 2, 2, 2, 2, 2, -2, 2, 4, 2, 1, 1, 2, 0, -10 ], [ 1, 2, 3, 4, 2, 2, 2, 2, 2, -2, 2, 0, 2, 3, 3, 2, 4, -14 ] ], 
              [ [ 1, 2, 2, 0, 2, 2, 2, 1, 3, -2, 3, 3, 1, 2, 1, 3, 1, -11 ], [ 1, 2, 2, 4, 2, 2, 2, 3, 1, -2, 1, 1, 3, 2, 3, 1, 3, -13 ] ], 
              [ [ 1, 1, 1, 3, 3, 1, 3, 2, 2, -1, 2, 3, 1, 2, 1, 1, 2, -12 ], [ 1, 3, 3, 1, 1, 3, 1, 2, 2, -3, 2, 1, 3, 2, 3, 3, 2, -12 ] ], 
              [ [ 1, 2, 1, 3, 2, 2, 0, 3, 1, -2, 3, 2, 2, 2, 3, 2, 1, -11 ], [ 1, 2, 3, 1, 2, 2, 4, 1, 3, -2, 1, 2, 2, 2, 1, 2, 3, -13 ] ], 
              [ [ 1, 2, 1, 2, 2, 2, 1, 1, 3, -2, 3, 1, 1, 3, 2, 2, 2, -11 ], [ 1, 2, 3, 2, 2, 2, 3, 3, 1, -2, 1, 3, 3, 1, 2, 2, 2, -13 ] ], 
              [ [ 1, 1, 1, 6, 3, 1, 1, 3, 1, -1, 3, 1, 1, 3, 3, 1, 3, -13 ], [ 1, 3, 3, -2, 1, 3, 3, 1, 3, -3, 1, 3, 3, 1, 1, 3, 1, -11 ] ], 
              [ [ 1, 2, 2, 3, 2, 2, 1, 4, 0, -2, 2, 3, 3, 1, 3, 2, 1, -12 ], [ 1, 2, 2, 1, 2, 2, 3, 0, 4, -2, 2, 1, 1, 3, 1, 2, 3, -12 ] ], 
              [ [ 1, 2, 3, 3, 2, 2, 1, 3, 1, -2, 3, 2, 2, 2, 3, 3, 2, -13 ], [ 1, 2, 1, 1, 2, 2, 3, 1, 3, -2, 1, 2, 2, 2, 1, 1, 2, -11 ] ] ],
          slins := [  ] ), 
      [ [ [ -21103438, -5995340, -7073642, -7889210, -17025372, -21754202, -7701026, -1015578, -7669642, -19221186, -11857362, -14774638, -18703570, 
                  -4187730, -7093266, -5991422, -23259882, -25553736 ], [ -5995340, -1703250, -2009588, -2241292, -4836825, -6180266, -2187822, -288516, 
                  -2178910, -5460647, -3368622, -4197410, -5313600, -1189712, -2015158, -1702134, -6608024, -7259692 ], 
              [ -7073642, -2009588, -2371026, -2644401, -5706758, -7291823, -2581315, -340409, -2570801, -6442777, -3974489, -4952339, -6269283, -1403689, 
                  -2377597, -2008273, -7796517, -8565392 ], [ -7889210, -2241292, -2644401, -2949306, -6364738, -8132557, -2878937, -379651, -2867213, 
                  -7185611, -4432747, -5523347, -6992133, -1565531, -2651727, -2239827, -8695455, -9552976 ], 
              [ -17025372, -4836825, -5706758, -6364738, -13735446, -17550498, -6212900, -819322, -6187592, -15506951, -9566092, -11919652, -15089370, 
                  -3378502, -5722576, -4833660, -18765230, -20615816 ], [ -21754202, -6180266, -7291823, -8132557, -17550498, -22425194, -7938547, 
                  -1046891, -7906209, -19814049, -12223095, -15230361, -19280475, -4316889, -7312035, -6176219, -23977313, -26341904 ], 
              [ -7701026, -2187822, -2581315, -2878937, -6212900, -7938547, -2810258, -370601, -2798809, -7014197, -4326993, -5391569, -6825315, -1528185, 
                  -2588471, -2186391, -8488003, -9325072 ], [ -1015578, -288516, -340409, -379651, -819322, -1046891, -370601, -48878, -369089, -924997, 
                  -570615, -711001, -900075, -201529, -341355, -288327, -1119341, -1229732 ], 
              [ -7669642, -2178910, -2570801, -2867213, -6187592, -7906209, -2798809, -369089, -2787410, -6985623, -4309369, -5369611, -6797517, -1521959, 
                  -2577925, -2177485, -8453431, -9287088 ], [ -19221186, -5460647, -6442777, -7185611, -15506951, -19814049, -7014197, -924997, -6985623, 
                  -17506946, -10799857, -13456959, -17035485, -3814239, -6460637, -5457069, -21185431, -23274696 ], 
              [ -11857362, -3368622, -3974489, -4432747, -9566092, -12223095, -4326993, -570615, -4309369, -10799857, -6662338, -8301485, -10509045, 
                  -2352967, -3985503, -3366419, -13069109, -14357952 ], [ -14774638, -4197410, -4952339, -5523347, -11919652, -15230361, -5391569, 
                  -711001, -5369611, -13456959, -8301485, -10343918, -13094607, -2931871, -4966061, -4194665, -16284527, -17890464 ], 
              [ -18703570, -5313600, -6269283, -6992133, -15089370, -19280475, -6825315, -900075, -6797517, -17035485, -10509045, -13094607, -16576770, 
                  -3711525, -6286655, -5310125, -20614965, -22647960 ], [ -4187730, -1189712, -1403689, -1565531, -3378502, -4316889, -1528185, -201529, 
                  -1521959, -3814239, -2352967, -2931871, -3711525, -831010, -1407581, -1188933, -4615675, -5070864 ], 
              [ -7093266, -2015158, -2377597, -2651727, -5722576, -7312035, -2588471, -341355, -2577925, -6460637, -3985503, -4966061, -6286655, -1407581, 
                  -2384190, -2013839, -7818123, -8589132 ], [ -5991422, -1702134, -2008273, -2239827, -4833660, -6176219, -2186391, -288327, -2177485, 
                  -5457069, -3366419, -4194665, -5310125, -1188933, -2013839, -1701022, -6603703, -7254944 ], 
              [ -23259882, -6608024, -7796517, -8695455, -18765230, -23977313, -8488003, -1119341, -8453431, -21185431, -13069109, -16284527, -20614965, 
                  -4615675, -7818123, -6603703, -25636890, -28165136 ], [ -25553736, -7259692, -8565392, -9552976, -20615816, -26341904, -9325072, 
                  -1229732, -9287088, -23274696, -14357952, -17890464, -22647960, -5070864, -8589132, -7254944, -28165136, -30942716 ] ], 
          [ 1, 2, 2, 2, 2, 2, 2, 2, 2, -2, 2, 2, 2, 2, 2, 2, 2, -12 ] ] ], [ rec(
          nopss := [ 0, 674 ],
          scons := [ [ [ 1, 1, 4, 1, 1, 4, 3, 1, 1, 4, 2, 3, 2, 2, 0, 3, 2, -17 ], [ 1, 3, 0, 3, 3, 0, 1, 3, 3, 0, 2, 1, 2, 2, 4, 1, 2, -13 ] ], 
              [ [ 1, 1, 3, 1, 1, 6, 3, 3, 1, 3, 1, 3, 3, 1, 1, 1, 1, -17 ], [ 1, 3, 1, 3, 3, -2, 1, 1, 3, 1, 3, 1, 1, 3, 3, 3, 3, -13 ] ], 
              [ [ 1, 0, 3, 2, 2, 4, 2, 1, 1, 4, 2, 2, 1, 1, 1, 2, 1, -16 ], [ 1, 4, 1, 2, 2, 0, 2, 3, 3, 0, 2, 2, 3, 3, 3, 2, 3, -14 ] ], 
              [ [ 1, 1, 3, 2, 0, 4, 1, 2, 1, 3, 2, 3, 2, 0, 1, 2, 1, -15 ], [ 1, 3, 1, 2, 4, 0, 3, 2, 3, 1, 2, 1, 2, 4, 3, 2, 3, -15 ] ], 
              [ [ 1, 0, 2, 3, 2, 4, 2, 2, 1, 3, 2, 4, 1, 1, 1, 2, 3, -17 ], [ 1, 4, 2, 1, 2, 0, 2, 2, 3, 1, 2, 0, 3, 3, 3, 2, 1, -13 ] ], 
              [ [ 1, 0, 3, 2, 1, 4, 3, 2, 1, 3, 2, 3, 2, 1, 0, 2, 3, -16 ], [ 1, 4, 1, 2, 3, 0, 1, 2, 3, 1, 2, 1, 2, 3, 4, 2, 1, -14 ] ], 
              [ [ 1, 1, 3, 2, 3, 3, 1, 1, 2, 4, 1, 0, 0, 2, 0, 1, 2, -14 ], [ 1, 3, 1, 2, 1, 1, 3, 3, 2, 0, 3, 4, 4, 2, 4, 3, 2, -16 ] ], 
              [ [ 1, 2, 3, 1, 2, 3, 2, 1, 2, 3, 2, 1, 0, 2, 0, 3, 2, -15 ], [ 1, 2, 1, 3, 2, 1, 2, 3, 2, 1, 2, 3, 4, 2, 4, 1, 2, -15 ] ], 
              [ [ 1, 1, 4, 2, 2, 3, 2, 1, 1, 3, 1, 1, 2, 1, 0, 2, 2, -14 ], [ 1, 3, 0, 2, 2, 1, 2, 3, 3, 1, 3, 3, 2, 3, 4, 2, 2, -16 ] ], 
              [ [ 1, 1, 3, 1, 3, 3, 3, 1, 1, 3, 1, 1, 1, 3, -2, 3, 3, -14 ], [ 1, 3, 1, 3, 1, 1, 1, 3, 3, 1, 3, 3, 3, 1, 6, 1, 1, -16 ] ], 
              [ [ 1, 2, 2, 1, 2, 4, 2, 2, 2, 2, 2, 2, 1, 1, 0, 2, 2, -15 ], [ 1, 2, 2, 3, 2, 0, 2, 2, 2, 2, 2, 2, 3, 3, 4, 2, 2, -15 ] ], 
              [ [ 1, 2, 3, 1, 2, 4, 2, 2, 1, 2, 1, 2, 2, 0, 1, 1, 1, -14 ], [ 1, 2, 1, 3, 2, 0, 2, 2, 3, 2, 3, 2, 2, 4, 3, 3, 3, -16 ] ], 
              [ [ 1, 3, 4, 2, 1, 4, 1, 3, 2, 3, 2, 1, 2, 0, 1, 0, 1, -16 ], [ 1, 1, 0, 2, 3, 0, 3, 1, 2, 1, 2, 3, 2, 4, 3, 4, 3, -14 ] ], 
              [ [ 1, 2, 3, 3, 3, 3, 1, 2, 1, 3, 2, 1, 0, 1, 1, 2, 1, -16 ], [ 1, 2, 1, 1, 1, 1, 3, 2, 3, 1, 2, 3, 4, 3, 3, 2, 3, -14 ] ], 
              [ [ 1, 1, 3, 2, 3, 4, 3, 2, 1, 2, 2, 1, 1, 2, 0, 2, 2, -16 ], [ 1, 3, 1, 2, 1, 0, 1, 2, 3, 2, 2, 3, 3, 2, 4, 2, 2, -14 ] ], 
              [ [ 1, 2, 3, 2, 2, 3, 2, 2, 2, 2, 3, 2, 0, 1, 1, 1, 3, -16 ], [ 1, 2, 1, 2, 2, 1, 2, 2, 2, 2, 1, 2, 4, 3, 3, 3, 1, -14 ] ], 
              [ [ 1, 1, 3, 1, 3, 4, 4, 1, 1, 2, 2, 2, 2, 1, 0, 3, 2, -16 ], [ 1, 3, 1, 3, 1, 0, 0, 3, 3, 2, 2, 2, 2, 3, 4, 1, 2, -14 ] ], 
              [ [ 1, 0, 2, 3, 4, 3, 2, 1, 0, 2, 1, 2, 1, 1, 0, 3, 2, -14 ], [ 1, 4, 2, 1, 0, 1, 2, 3, 4, 2, 3, 2, 3, 3, 4, 1, 2, -16 ] ], 
              [ [ 1, 2, 3, 3, 2, 3, 2, 2, 1, 2, 3, 2, 1, 1, 0, 4, 2, -17 ], [ 1, 2, 1, 1, 2, 1, 2, 2, 3, 2, 1, 2, 3, 3, 4, 0, 2, -13 ] ], 
              [ [ 1, 1, 3, 3, 2, 3, 2, 3, 0, 2, 2, 2, 1, 1, 0, 2, 2, -15 ], [ 1, 3, 1, 1, 2, 1, 2, 1, 4, 2, 2, 2, 3, 3, 4, 2, 2, -15 ] ], 
              [ [ 1, 2, 3, 3, 2, 3, 2, 3, 1, 2, 2, 2, 1, 1, 0, 2, 3, -16 ], [ 1, 2, 1, 1, 2, 1, 2, 1, 3, 2, 2, 2, 3, 3, 4, 2, 1, -14 ] ], 
              [ [ 1, 2, 3, 0, 2, 4, 2, 2, 2, 3, 2, 1, 2, 2, 0, 1, 2, -15 ], [ 1, 2, 1, 4, 2, 0, 2, 2, 2, 1, 2, 3, 2, 2, 4, 3, 2, -15 ] ], 
              [ [ 1, 2, 2, 2, 2, 3, 0, 2, 2, 3, 3, 1, 1, 0, 1, 2, 1, -15 ], [ 1, 2, 2, 2, 2, 1, 4, 2, 2, 1, 1, 3, 3, 4, 3, 2, 3, -15 ] ], 
              [ [ 1, 1, 2, 4, 3, 3, 1, 3, 1, 2, 3, 2, 1, 1, 1, 2, 3, -17 ], [ 1, 3, 2, 0, 1, 1, 3, 1, 3, 2, 1, 2, 3, 3, 3, 2, 1, -13 ] ], 
              [ [ 1, 2, 4, 1, 3, 3, 3, 0, 2, 3, 0, 1, 2, 2, 0, 1, 3, -14 ], [ 1, 2, 0, 3, 1, 1, 1, 4, 2, 1, 4, 3, 2, 2, 4, 3, 1, -16 ] ], 
              [ [ 1, 2, 4, 0, 2, 3, 4, 0, 1, 2, 1, 2, 2, 2, 0, 3, 2, -14 ], [ 1, 2, 0, 4, 2, 1, 0, 4, 3, 2, 3, 2, 2, 2, 4, 1, 2, -16 ] ], 
              [ [ 1, 2, 4, 2, 2, 3, 2, 1, 1, 3, 0, 1, 2, 1, 1, 2, 1, -14 ], [ 1, 2, 0, 2, 2, 1, 2, 3, 3, 1, 4, 3, 2, 3, 3, 2, 3, -16 ] ], 
              [ [ 1, 3, 6, 1, 1, 3, 3, 1, 1, 3, 1, 1, 3, 1, 1, 1, 1, -15 ], [ 1, 1, -2, 3, 3, 1, 1, 3, 3, 1, 3, 3, 1, 3, 3, 3, 3, -15 ] ], 
              [ [ 1, 3, 4, 3, 2, 3, 2, 1, 2, 2, 2, 2, 2, 0, 2, 2, 2, -17 ], [ 1, 1, 0, 1, 2, 1, 2, 3, 2, 2, 2, 2, 2, 4, 2, 2, 2, -13 ] ], 
              [ [ 1, 2, 4, 2, 3, 3, 3, 1, 0, 2, 1, 2, 2, 1, 1, 2, 1, -15 ], [ 1, 2, 0, 2, 1, 1, 1, 3, 4, 2, 3, 2, 2, 3, 3, 2, 3, -15 ] ], 
              [ [ 1, 2, 4, 3, 2, 3, 2, 2, 1, 2, 1, 2, 2, 0, 2, 0, 2, -15 ], [ 1, 2, 0, 1, 2, 1, 2, 2, 3, 2, 3, 2, 2, 4, 2, 4, 2, -15 ] ], 
              [ [ 1, 2, 4, 2, 2, 4, 4, 2, 0, 1, 1, 2, 3, 1, 1, 3, 1, -16 ], [ 1, 2, 0, 2, 2, 0, 0, 2, 4, 3, 3, 2, 1, 3, 3, 1, 3, -14 ] ], 
              [ [ 1, 3, 4, 2, 1, 3, 3, 2, 1, 1, 2, 3, 2, 0, 2, 2, 2, -16 ], [ 1, 1, 0, 2, 3, 1, 1, 2, 3, 3, 2, 1, 2, 4, 2, 2, 2, -14 ] ], 
              [ [ 1, 1, 3, 4, 3, 2, 3, 1, 0, 1, 2, 3, 1, 1, 1, 4, 3, -16 ], [ 1, 3, 1, 0, 1, 2, 1, 3, 4, 3, 2, 1, 3, 3, 3, 0, 1, -14 ] ], 
              [ [ 1, 2, 4, 2, 2, 3, 4, 2, 0, 1, 1, 3, 3, 1, 0, 2, 3, -15 ], [ 1, 2, 0, 2, 2, 1, 0, 2, 4, 3, 3, 1, 1, 3, 4, 2, 1, -15 ] ], 
              [ [ 1, 2, 4, 1, 0, 4, 1, 2, 1, 4, 1, 2, 3, 1, 2, 1, 0, -15 ], [ 1, 2, 0, 3, 4, 0, 3, 2, 3, 0, 3, 2, 1, 3, 2, 3, 4, -15 ] ], 
              [ [ 1, 1, 3, 2, 1, 3, 2, 1, 2, 3, 2, 3, 2, 2, 1, 2, 4, -16 ], [ 1, 3, 1, 2, 3, 1, 2, 3, 2, 1, 2, 1, 2, 2, 3, 2, 0, -14 ] ], 
              [ [ 1, 1, 3, 3, 1, 3, 2, 2, 0, 2, 3, 4, 2, 1, 2, 3, 2, -17 ], [ 1, 3, 1, 1, 3, 1, 2, 2, 4, 2, 1, 0, 2, 3, 2, 1, 2, -13 ] ], 
              [ [ 1, 1, 2, 2, 1, 4, 2, 3, 0, 2, 1, 4, 3, 1, 1, 2, 2, -15 ], [ 1, 3, 2, 2, 3, 0, 2, 1, 4, 2, 3, 0, 1, 3, 3, 2, 2, -15 ] ], 
              [ [ 1, 2, 3, 1, 3, 3, 3, 0, 2, 2, 2, 2, 2, 2, 1, 3, 3, -16 ], [ 1, 2, 1, 3, 1, 1, 1, 4, 2, 2, 2, 2, 2, 2, 3, 1, 1, -14 ] ], 
              [ [ 1, 3, 3, 0, 2, 4, 2, 2, 2, 3, 1, 1, 2, 2, 1, 1, 1, -15 ], [ 1, 1, 1, 4, 2, 0, 2, 2, 2, 1, 3, 3, 2, 2, 3, 3, 3, -15 ] ], 
              [ [ 1, 3, 3, 1, 1, 2, 0, 1, 2, 3, 2, 1, 1, 1, 1, 2, 1, -13 ], [ 1, 1, 1, 3, 3, 2, 4, 3, 2, 1, 2, 3, 3, 3, 3, 2, 3, -17 ] ], 
              [ [ 1, 3, 4, 0, 2, 3, 2, 1, 1, 3, 1, 2, 3, 1, 1, 1, 1, -14 ], [ 1, 1, 0, 4, 2, 1, 2, 3, 3, 1, 3, 2, 1, 3, 3, 3, 3, -16 ] ], 
              [ [ 1, 3, 3, 0, 1, 3, 2, 1, 3, 2, 2, 1, 2, 2, 0, 2, 3, -14 ], [ 1, 1, 1, 4, 3, 1, 2, 3, 1, 2, 2, 3, 2, 2, 4, 2, 1, -16 ] ], 
              [ [ 1, 2, 4, 1, 2, 4, 2, 2, 1, 3, 0, 1, 4, 1, 1, 0, 1, -14 ], [ 1, 2, 0, 3, 2, 0, 2, 2, 3, 1, 4, 3, 0, 3, 3, 4, 3, -16 ] ], 
              [ [ 1, 2, 4, 0, 1, 3, 2, 1, 1, 2, 1, 1, 3, 1, 1, 1, 1, -12 ], [ 1, 2, 0, 4, 3, 1, 2, 3, 3, 2, 3, 3, 1, 3, 3, 3, 3, -18 ] ], 
              [ [ 1, 3, 4, 1, 1, 4, 2, 3, 1, 2, 1, 1, 3, 2, 1, 1, 1, -15 ], [ 1, 1, 0, 3, 3, 0, 2, 1, 3, 2, 3, 3, 1, 2, 3, 3, 3, -15 ] ], 
              [ [ 1, 3, 4, 0, 1, 4, 3, 2, 1, 2, 1, 2, 4, 1, 1, 2, 1, -15 ], [ 1, 1, 0, 4, 3, 0, 1, 2, 3, 2, 3, 2, 0, 3, 3, 2, 3, -15 ] ], 
              [ [ 1, 1, 3, 2, 4, 3, 2, 1, 0, 3, 0, 1, 2, 2, 1, 2, 1, -14 ], [ 1, 3, 1, 2, 0, 1, 2, 3, 4, 1, 4, 3, 2, 2, 3, 2, 3, -16 ] ], 
              [ [ 1, 1, 3, 1, 3, 3, 3, 1, 1, 2, 1, 2, 2, 2, 1, 1, 3, -14 ], [ 1, 3, 1, 3, 1, 1, 1, 3, 3, 2, 3, 2, 2, 2, 3, 3, 1, -16 ] ], 
              [ [ 1, 2, 4, 2, 2, 2, 1, 1, 1, 3, 2, 0, 1, 2, 1, 2, 1, -14 ], [ 1, 2, 0, 2, 2, 2, 3, 3, 3, 1, 2, 4, 3, 2, 3, 2, 3, -16 ] ], 
              [ [ 1, 2, 4, 1, 2, 2, 2, 0, 1, 3, 2, 1, 2, 1, 1, 3, 1, -14 ], [ 1, 2, 0, 3, 2, 2, 2, 4, 3, 1, 2, 3, 2, 3, 3, 1, 3, -16 ] ], 
              [ [ 1, 3, 4, 2, 2, 3, 2, 2, 1, 3, 2, 1, 2, 2, 1, 3, 1, -17 ], [ 1, 1, 0, 2, 2, 1, 2, 2, 3, 1, 2, 3, 2, 2, 3, 1, 3, -13 ] ], 
              [ [ 1, 3, 4, 1, 1, 3, 3, 2, 2, 2, 3, 2, 2, 2, 1, 2, 3, -17 ], [ 1, 1, 0, 3, 3, 1, 1, 2, 2, 2, 1, 2, 2, 2, 3, 2, 1, -13 ] ], 
              [ [ 1, 2, 3, 2, 2, 3, 1, 2, 0, 2, 0, 2, 3, 1, 1, 2, 1, -13 ], [ 1, 2, 1, 2, 2, 1, 3, 2, 4, 2, 4, 2, 1, 3, 3, 2, 3, -17 ] ], 
              [ [ 1, 1, 3, 2, 3, 2, 2, 0, 1, 2, 1, 1, 2, 2, 0, 3, 3, -13 ], [ 1, 3, 1, 2, 1, 2, 2, 4, 3, 2, 3, 3, 2, 2, 4, 1, 1, -17 ] ], 
              [ [ 1, 2, 3, 3, 2, 2, 1, 2, 1, 2, 2, 2, 1, 2, 1, 2, 3, -15 ], [ 1, 2, 1, 1, 2, 2, 3, 2, 3, 2, 2, 2, 3, 2, 3, 2, 1, -15 ] ], 
              [ [ 1, 1, 3, 2, 3, 3, 3, 1, 0, 2, 1, 2, 3, 2, 0, 4, 2, -15 ], [ 1, 3, 1, 2, 1, 1, 1, 3, 4, 2, 3, 2, 1, 2, 4, 0, 2, -15 ] ], 
              [ [ 1, 2, 3, 2, 2, 2, 2, 1, 1, 2, 2, 3, 2, 1, 1, 3, 3, -15 ], [ 1, 2, 1, 2, 2, 2, 2, 3, 3, 2, 2, 1, 2, 3, 3, 1, 1, -15 ] ], 
              [ [ 1, 1, 4, 3, 3, 2, 3, 1, 0, 2, 2, 2, 2, 2, 1, 3, 3, -16 ], [ 1, 3, 0, 1, 1, 2, 1, 3, 4, 2, 2, 2, 2, 2, 3, 1, 1, -14 ] ], 
              [ [ 1, 2, 3, 1, 2, 3, 1, 2, 1, 3, 0, 0, 2, 2, 0, 1, 1, -12 ], [ 1, 2, 1, 3, 2, 1, 3, 2, 3, 1, 4, 4, 2, 2, 4, 3, 3, -18 ] ], 
              [ [ 1, 2, 3, 1, 2, 2, 2, 1, 2, 3, 2, 1, 1, 2, 0, 2, 3, -14 ], [ 1, 2, 1, 3, 2, 2, 2, 3, 2, 1, 2, 3, 3, 2, 4, 2, 1, -16 ] ], 
              [ [ 1, 2, 4, 2, 2, 3, 2, 3, 0, 3, 1, 1, 2, 2, 1, 1, 1, -15 ], [ 1, 2, 0, 2, 2, 1, 2, 1, 4, 1, 3, 3, 2, 2, 3, 3, 3, -15 ] ], 
              [ [ 1, 3, 4, 2, 2, 2, 2, 2, 1, 3, 2, 2, 2, 2, 0, 2, 3, -16 ], [ 1, 1, 0, 2, 2, 2, 2, 2, 3, 1, 2, 2, 2, 2, 4, 2, 1, -14 ] ], 
              [ [ 1, 1, 3, 2, 3, 3, 3, 2, 0, 2, 0, 2, 3, 2, 0, 2, 3, -14 ], [ 1, 3, 1, 2, 1, 1, 1, 2, 4, 2, 4, 2, 1, 2, 4, 2, 1, -16 ] ], 
              [ [ 1, 2, 4, 2, 1, 2, 2, 2, 1, 2, 2, 1, 2, 2, 0, 2, 3, -14 ], [ 1, 2, 0, 2, 3, 2, 2, 2, 3, 2, 2, 3, 2, 2, 4, 2, 1, -16 ] ], 
              [ [ 1, 2, 2, 2, 2, 3, 1, 1, 2, 1, 2, 2, 2, 0, 2, 2, 2, -14 ], [ 1, 2, 2, 2, 2, 1, 3, 3, 2, 3, 2, 2, 2, 4, 2, 2, 2, -16 ] ], 
              [ [ 1, 2, 3, 3, 2, 3, 2, 2, 1, 1, 3, 3, 2, 0, 3, 2, 2, -17 ], [ 1, 2, 1, 1, 2, 1, 2, 2, 3, 3, 1, 1, 2, 4, 1, 2, 2, -13 ] ], 
              [ [ 1, 4, 4, 1, 1, 3, 1, 2, 2, 3, 3, 1, 2, 0, 2, 1, 0, -16 ], [ 1, 0, 0, 3, 3, 1, 3, 2, 2, 1, 1, 3, 2, 4, 2, 3, 4, -14 ] ], 
              [ [ 1, 2, 3, 1, 2, 4, 2, 2, 1, 2, 1, 1, 3, 0, 2, 1, 0, -14 ], [ 1, 2, 1, 3, 2, 0, 2, 2, 3, 2, 3, 3, 1, 4, 2, 3, 4, -16 ] ], 
              [ [ 1, 2, 3, 2, 2, 3, 2, 2, 2, 2, 3, 1, 1, 1, 2, 1, 2, -16 ], [ 1, 2, 1, 2, 2, 1, 2, 2, 2, 2, 1, 3, 3, 3, 2, 3, 2, -14 ] ], 
              [ [ 1, 3, 3, 2, 2, 3, 1, 2, 2, 2, 2, 1, 2, 1, 1, 1, 2, -15 ], [ 1, 1, 1, 2, 2, 1, 3, 2, 2, 2, 2, 3, 2, 3, 3, 3, 2, -15 ] ], 
              [ [ 1, 2, 2, 1, 3, 4, 3, 2, 0, 1, 1, 3, 3, 1, 1, 3, 1, -15 ], [ 1, 2, 2, 3, 1, 0, 1, 2, 4, 3, 3, 1, 1, 3, 3, 1, 3, -15 ] ], 
              [ [ 1, 2, 3, 1, 2, 3, 2, 1, 1, 2, 2, 2, 3, 0, 1, 2, 1, -14 ], [ 1, 2, 1, 3, 2, 1, 2, 3, 3, 2, 2, 2, 1, 4, 3, 2, 3, -16 ] ], 
              [ [ 1, 3, 3, 1, 2, 3, 2, 1, 2, 2, 2, 2, 3, 0, 1, 2, 2, -15 ], [ 1, 1, 1, 3, 2, 1, 2, 3, 2, 2, 2, 2, 1, 4, 3, 2, 2, -15 ] ], 
              [ [ 1, 3, 3, 2, 2, 4, 2, 3, 1, 2, 2, 2, 3, 1, 1, 2, 1, -17 ], [ 1, 1, 1, 2, 2, 0, 2, 1, 3, 2, 2, 2, 1, 3, 3, 2, 3, -13 ] ], 
              [ [ 1, 4, 3, 2, 1, 3, 1, 3, 2, 2, 3, 3, 2, 0, 2, 1, 2, -17 ], [ 1, 0, 1, 2, 3, 1, 3, 1, 2, 2, 1, 1, 2, 4, 2, 3, 2, -13 ] ], 
              [ [ 1, 3, 3, 1, 1, 3, 2, 2, 1, 1, 3, 2, 2, 1, 1, 3, 1, -15 ], [ 1, 1, 1, 3, 3, 1, 2, 2, 3, 3, 1, 2, 2, 3, 3, 1, 3, -15 ] ], 
              [ [ 1, 2, 2, 2, 2, 4, 2, 3, 1, 1, 1, 3, 3, 0, 2, 1, 2, -15 ], [ 1, 2, 2, 2, 2, 0, 2, 1, 3, 3, 3, 1, 1, 4, 2, 3, 2, -15 ] ], 
              [ [ 1, 3, 3, 3, 1, 3, 0, 3, 1, 2, 2, 1, 2, 0, 2, 2, 0, -15 ], [ 1, 1, 1, 1, 3, 1, 4, 1, 3, 2, 2, 3, 2, 4, 2, 2, 4, -15 ] ], 
              [ [ 1, 3, 4, 2, 2, 4, 2, 3, 0, 2, 1, 2, 4, 0, 2, 1, 0, -16 ], [ 1, 1, 0, 2, 2, 0, 2, 1, 4, 2, 3, 2, 0, 4, 2, 3, 4, -14 ] ], 
              [ [ 1, 3, 3, 2, 0, 3, 1, 3, 2, 1, 3, 2, 2, 0, 2, 1, 2, -15 ], [ 1, 1, 1, 2, 4, 1, 3, 1, 2, 3, 1, 2, 2, 4, 2, 3, 2, -15 ] ], 
              [ [ 1, 3, 4, 1, 1, 4, 3, 3, 1, 1, 2, 3, 4, 0, 2, 0, 2, -16 ], [ 1, 1, 0, 3, 3, 0, 1, 1, 3, 3, 2, 1, 0, 4, 2, 4, 2, -14 ] ], 
              [ [ 1, 2, 2, 2, 3, 3, 3, 2, 1, 1, 3, 3, 1, 2, 1, 3, 3, -17 ], [ 1, 2, 2, 2, 1, 1, 1, 2, 3, 3, 1, 1, 3, 2, 3, 1, 1, -13 ] ], 
              [ [ 1, 3, 3, 2, 2, 2, 2, 1, 3, 2, 4, 2, 1, 1, 1, 2, 4, -17 ], [ 1, 1, 1, 2, 2, 2, 2, 3, 1, 2, 0, 2, 3, 3, 3, 2, 0, -13 ] ], 
              [ [ 1, 1, 2, 3, 3, 2, 1, 1, 1, 2, 2, 2, 1, 0, 2, 2, 2, -14 ], [ 1, 3, 2, 1, 1, 2, 3, 3, 3, 2, 2, 2, 3, 4, 2, 2, 2, -16 ] ], 
              [ [ 1, 2, 2, 4, 3, 3, 1, 3, 1, 2, 2, 2, 1, 1, 2, 2, 2, -17 ], [ 1, 2, 2, 0, 1, 1, 3, 1, 3, 2, 2, 2, 3, 3, 2, 2, 2, -13 ] ], 
              [ [ 1, 1, 2, 2, 3, 3, 3, 1, 2, 1, 2, 2, 2, 1, 1, 2, 4, -15 ], [ 1, 3, 2, 2, 1, 1, 1, 3, 2, 3, 2, 2, 2, 3, 3, 2, 0, -15 ] ], 
              [ [ 1, 2, 2, 3, 2, 2, 1, 2, 1, 1, 3, 2, 0, 1, 2, 3, 2, -15 ], [ 1, 2, 2, 1, 2, 2, 3, 2, 3, 3, 1, 2, 4, 3, 2, 1, 2, -15 ] ], 
              [ [ 1, 2, 3, 2, 3, 3, 3, 2, 0, 1, 2, 3, 2, 1, 2, 2, 2, -16 ], [ 1, 2, 1, 2, 1, 1, 1, 2, 4, 3, 2, 1, 2, 3, 2, 2, 2, -14 ] ], 
              [ [ 1, 2, 4, 2, 2, 2, 2, 1, 1, 2, 3, 2, 2, 0, 2, 1, 2, -15 ], [ 1, 2, 0, 2, 2, 2, 2, 3, 3, 2, 1, 2, 2, 4, 2, 3, 2, -15 ] ], 
              [ [ 1, 3, 4, 3, 2, 3, 2, 3, 1, 2, 3, 2, 2, 1, 2, 1, 2, -18 ], [ 1, 1, 0, 1, 2, 1, 2, 1, 3, 2, 1, 2, 2, 3, 2, 3, 2, -12 ] ], 
              [ [ 1, 1, 3, 3, 3, 4, 3, 3, 0, 1, 1, 2, 3, 1, 2, 1, 2, -16 ], [ 1, 3, 1, 1, 1, 0, 1, 1, 4, 3, 3, 2, 1, 3, 2, 3, 2, -14 ] ], 
              [ [ 1, 3, 3, 3, 1, 2, 1, 2, 2, 2, 4, 2, 1, 0, 2, 3, 2, -17 ], [ 1, 1, 1, 1, 3, 2, 3, 2, 2, 2, 0, 2, 3, 4, 2, 1, 2, -13 ] ], 
              [ [ 1, 3, 4, 2, 2, 3, 3, 2, 1, 2, 3, 3, 3, 0, 2, 2, 2, -18 ], [ 1, 1, 0, 2, 2, 1, 1, 2, 3, 2, 1, 1, 1, 4, 2, 2, 2, -12 ] ], 
              [ [ 1, 2, 4, 2, 1, 3, 3, 2, 1, 1, 3, 2, 3, 0, 2, 2, 2, -16 ], [ 1, 2, 0, 2, 3, 1, 1, 2, 3, 3, 1, 2, 1, 4, 2, 2, 2, -14 ] ], 
              [ [ 1, 2, 3, 4, 3, 2, 1, 2, 0, 2, 2, 3, 2, 0, 2, 2, 2, -16 ], [ 1, 2, 1, 0, 1, 2, 3, 2, 4, 2, 2, 1, 2, 4, 2, 2, 2, -14 ] ], 
              [ [ 1, 2, 2, 4, 2, 2, 1, 2, 2, 1, 3, 2, 1, 1, 1, 3, 4, -16 ], [ 1, 2, 2, 0, 2, 2, 3, 2, 2, 3, 1, 2, 3, 3, 3, 1, 0, -14 ] ], 
              [ [ 1, 1, 3, 3, 3, 3, 3, 2, 0, 1, 2, 3, 3, 1, 1, 2, 3, -16 ], [ 1, 3, 1, 1, 1, 1, 1, 2, 4, 3, 2, 1, 1, 3, 3, 2, 1, -14 ] ], 
              [ [ 1, 2, 3, 3, 3, 3, 3, 2, 1, 1, 2, 3, 3, 1, 1, 2, 4, -17 ], [ 1, 2, 1, 1, 1, 1, 1, 2, 3, 3, 2, 1, 1, 3, 3, 2, 0, -13 ] ], 
              [ [ 1, 1, 3, 4, 2, 2, 1, 2, 0, 1, 2, 2, 2, 0, 2, 2, 2, -14 ], [ 1, 3, 1, 0, 2, 2, 3, 2, 4, 3, 2, 2, 2, 4, 2, 2, 2, -16 ] ], 
              [ [ 1, 2, 3, 2, 2, 3, 4, 2, 0, 0, 3, 4, 3, 1, 1, 4, 3, -17 ], [ 1, 2, 1, 2, 2, 1, 0, 2, 4, 4, 1, 0, 1, 3, 3, 0, 1, -13 ] ], 
              [ [ 1, 2, 3, 4, 2, 3, 2, 3, 0, 1, 2, 3, 3, 0, 2, 3, 2, -17 ], [ 1, 2, 1, 0, 2, 1, 2, 1, 4, 3, 2, 1, 1, 4, 2, 1, 2, -13 ] ], 
              [ [ 1, 2, 3, 1, 2, 3, 2, 2, 1, 2, 1, 2, 3, 0, 1, 0, 2, -13 ], [ 1, 2, 1, 3, 2, 1, 2, 2, 3, 2, 3, 2, 1, 4, 3, 4, 2, -17 ] ], 
              [ [ 1, 3, 3, 2, 2, 4, 2, 4, 1, 2, 1, 2, 3, 1, 1, 0, 2, -16 ], [ 1, 1, 1, 2, 2, 0, 2, 0, 3, 2, 3, 2, 1, 3, 3, 4, 2, -14 ] ], 
              [ [ 1, 3, 3, 1, 1, 3, 2, 3, 1, 1, 2, 2, 2, 1, 1, 1, 2, -14 ], [ 1, 1, 1, 3, 3, 1, 2, 1, 3, 3, 2, 2, 2, 3, 3, 3, 2, -16 ] ], 
              [ [ 1, 3, 3, 1, 1, 4, 3, 4, 0, 1, 2, 3, 3, 1, 1, 2, 1, -16 ], [ 1, 1, 1, 3, 3, 0, 1, 0, 4, 3, 2, 1, 1, 3, 3, 2, 3, -14 ] ], 
              [ [ 1, 4, 4, 1, 0, 3, 2, 3, 2, 2, 3, 2, 3, 0, 1, 1, 2, -16 ], [ 1, 0, 0, 3, 4, 1, 2, 1, 2, 2, 1, 2, 1, 4, 3, 3, 2, -14 ] ], 
              [ [ 1, 2, 3, 3, 3, 2, 1, 2, 1, 3, 2, 1, 1, 1, 1, 1, 2, -15 ], [ 1, 2, 1, 1, 1, 2, 3, 2, 3, 1, 2, 3, 3, 3, 3, 3, 2, -15 ] ], 
              [ [ 1, 2, 3, 2, 2, 2, 2, 2, 0, 2, 3, 2, 1, 1, 1, 3, 1, -15 ], [ 1, 2, 1, 2, 2, 2, 2, 2, 4, 2, 1, 2, 3, 3, 3, 1, 3, -15 ] ], 
              [ [ 1, 3, 3, 2, 2, 2, 2, 2, 1, 2, 3, 2, 1, 1, 1, 3, 2, -16 ], [ 1, 1, 1, 2, 2, 2, 2, 2, 3, 2, 1, 2, 3, 3, 3, 1, 2, -14 ] ], 
              [ [ 1, 2, 3, 1, 2, 3, 4, 2, 1, 1, 3, 2, 2, 2, 0, 3, 3, -16 ], [ 1, 2, 1, 3, 2, 1, 0, 2, 3, 3, 1, 2, 2, 2, 4, 1, 1, -14 ] ], 
              [ [ 1, 2, 3, 3, 2, 3, 2, 3, 1, 2, 2, 1, 2, 1, 1, 2, 2, -16 ], [ 1, 2, 1, 1, 2, 1, 2, 1, 3, 2, 2, 3, 2, 3, 3, 2, 2, -14 ] ], 
              [ [ 1, 3, 3, 3, 1, 2, 0, 3, 1, 2, 2, 2, 2, 0, 1, 1, 2, -14 ], [ 1, 1, 1, 1, 3, 2, 4, 1, 3, 2, 2, 2, 2, 4, 3, 3, 2, -16 ] ], 
              [ [ 1, 1, 2, 3, 3, 2, 2, 2, 0, 1, 2, 2, 1, 2, 0, 3, 3, -14 ], [ 1, 3, 2, 1, 1, 2, 2, 2, 4, 3, 2, 2, 3, 2, 4, 1, 1, -16 ] ], 
              [ [ 1, 1, 2, 2, 3, 2, 3, 1, 0, 1, 2, 3, 2, 1, 0, 4, 3, -14 ], [ 1, 3, 2, 2, 1, 2, 1, 3, 4, 3, 2, 1, 2, 3, 4, 0, 1, -16 ] ], 
              [ [ 1, 2, 2, 3, 3, 3, 3, 3, 0, 1, 2, 3, 2, 2, 0, 4, 3, -17 ], [ 1, 2, 2, 1, 1, 1, 1, 1, 4, 3, 2, 1, 2, 2, 4, 0, 1, -13 ] ], 
              [ [ 1, 2, 3, 3, 2, 2, 2, 2, 1, 2, 3, 2, 2, 1, 0, 3, 3, -16 ], [ 1, 2, 1, 1, 2, 2, 2, 2, 3, 2, 1, 2, 2, 3, 4, 1, 1, -14 ] ], 
              [ [ 1, 1, 3, 3, 3, 3, 3, 3, -2, 1, 1, 3, 3, 1, 1, 3, 1, -15 ], [ 1, 3, 1, 1, 1, 1, 1, 1, 6, 3, 3, 1, 1, 3, 3, 1, 3, -15 ] ], 
              [ [ 1, 2, 4, 3, 2, 2, 2, 2, 0, 2, 2, 2, 3, 0, 1, 2, 2, -15 ], [ 1, 2, 0, 1, 2, 2, 2, 2, 4, 2, 2, 2, 1, 4, 3, 2, 2, -15 ] ], 
              [ [ 1, 3, 3, 3, 1, 3, 1, 3, 1, 1, 3, 3, 3, -2, 3, 1, 1, -16 ], [ 1, 1, 1, 1, 3, 1, 3, 1, 3, 3, 1, 1, 1, 6, 1, 3, 3, -14 ] ], 
              [ [ 1, 1, 2, 3, 3, 3, 3, 2, 0, 0, 3, 3, 2, 0, 2, 3, 2, -16 ], [ 1, 3, 2, 1, 1, 1, 1, 2, 4, 4, 1, 1, 2, 4, 2, 1, 2, -14 ] ], 
              [ [ 1, 3, 2, 2, 2, 3, 2, 3, 1, 1, 3, 3, 2, 0, 1, 2, 2, -16 ], [ 1, 1, 2, 2, 2, 1, 2, 1, 3, 3, 1, 1, 2, 4, 3, 2, 2, -14 ] ], 
              [ [ 1, 3, 4, 1, 3, 2, 3, 1, 1, 1, 2, 0, 2, 2, 0, 3, 2, -14 ], [ 1, 1, 0, 3, 1, 2, 1, 3, 3, 3, 2, 4, 2, 2, 4, 1, 2, -16 ] ], 
              [ [ 1, 4, 3, 2, 3, 2, 1, 2, 1, 1, 2, 1, 2, 0, 1, 2, 1, -14 ], [ 1, 0, 1, 2, 1, 2, 3, 2, 3, 3, 2, 3, 2, 4, 3, 2, 3, -16 ] ], 
              [ [ 1, 2, 2, 3, 4, 2, 2, 2, 1, 0, 2, 1, 1, 1, 1, 2, 3, -14 ], [ 1, 2, 2, 1, 0, 2, 2, 2, 3, 4, 2, 3, 3, 3, 3, 2, 1, -16 ] ], 
              [ [ 1, 3, 3, 2, 4, 2, 3, 2, 1, 1, 2, 1, 2, 1, 0, 2, 3, -15 ], [ 1, 1, 1, 2, 0, 2, 1, 2, 3, 3, 2, 3, 2, 3, 4, 2, 1, -15 ] ], 
              [ [ 1, 2, 2, 1, 2, 3, 1, 2, 1, 2, 2, 1, 2, 2, 1, 3, 1, -14 ], [ 1, 2, 2, 3, 2, 1, 3, 2, 3, 2, 2, 3, 2, 2, 3, 1, 3, -16 ] ], 
              [ [ 1, 2, 2, 1, 2, 2, 1, 2, 1, 2, 2, 2, 2, 2, 0, 2, 3, -13 ], [ 1, 2, 2, 3, 2, 2, 3, 2, 3, 2, 2, 2, 2, 2, 4, 2, 1, -17 ] ], 
              [ [ 1, 2, 2, 2, 2, 3, 1, 3, 1, 1, 3, 2, 2, 1, 2, 1, 2, -15 ], [ 1, 2, 2, 2, 2, 1, 3, 1, 3, 3, 1, 2, 2, 3, 2, 3, 2, -15 ] ], 
              [ [ 1, 2, 2, 1, 2, 3, 2, 2, 1, 1, 3, 3, 3, 0, 2, 2, 2, -15 ], [ 1, 2, 2, 3, 2, 1, 2, 2, 3, 3, 1, 1, 1, 4, 2, 2, 2, -15 ] ], 
              [ [ 1, 3, 2, 2, 2, 4, 2, 4, 1, 1, 3, 3, 3, 1, 2, 2, 2, -18 ], [ 1, 1, 2, 2, 2, 0, 2, 0, 3, 3, 1, 1, 1, 3, 2, 2, 2, -12 ] ], 
              [ [ 1, 3, 3, 2, 1, 3, 1, 3, 2, 2, 4, 2, 3, 0, 2, 1, 2, -17 ], [ 1, 1, 1, 2, 3, 1, 3, 1, 2, 2, 0, 2, 1, 4, 2, 3, 2, -13 ] ], 
              [ [ 1, 2, 2, 3, 3, 2, 1, 2, 1, 2, 4, 2, 1, 1, 2, 3, 2, -17 ], [ 1, 2, 2, 1, 1, 2, 3, 2, 3, 2, 0, 2, 3, 3, 2, 1, 2, -13 ] ], 
              [ [ 1, 3, 2, 3, 1, 2, 0, 3, 1, 1, 4, 3, 2, 0, 2, 3, 2, -16 ], [ 1, 1, 2, 1, 3, 2, 4, 1, 3, 3, 0, 1, 2, 4, 2, 1, 2, -14 ] ], 
              [ [ 1, 2, 1, 2, 3, 3, 1, 3, 1, 2, 2, 2, 2, 1, 1, 2, 2, -15 ], [ 1, 2, 3, 2, 1, 1, 3, 1, 3, 2, 2, 2, 2, 3, 3, 2, 2, -15 ] ], 
              [ [ 1, 3, 2, 2, 1, 2, 0, 3, 2, 2, 4, 1, 1, 1, 1, 2, 2, -15 ], [ 1, 1, 2, 2, 3, 2, 4, 1, 2, 2, 0, 3, 3, 3, 3, 2, 2, -15 ] ], 
              [ [ 1, 3, 3, 1, 2, 3, 2, 3, 1, 2, 3, 2, 3, 1, 1, 1, 2, -16 ], [ 1, 1, 1, 3, 2, 1, 2, 1, 3, 2, 1, 2, 1, 3, 3, 3, 2, -14 ] ], 
              [ [ 1, 3, 3, 2, 1, 3, 1, 4, 0, 2, 3, 2, 3, 0, 2, 2, 0, -16 ], [ 1, 1, 1, 2, 3, 1, 3, 0, 4, 2, 1, 2, 1, 4, 2, 2, 4, -14 ] ], 
              [ [ 1, 2, 2, 3, 2, 3, 1, 4, 0, 1, 2, 2, 3, 1, 1, 2, 2, -15 ], [ 1, 2, 2, 1, 2, 1, 3, 0, 4, 3, 2, 2, 1, 3, 3, 2, 2, -15 ] ], 
              [ [ 1, 2, 2, 3, 2, 2, 2, 3, 1, 1, 4, 3, 2, 1, 1, 3, 4, -17 ], [ 1, 2, 2, 1, 2, 2, 2, 1, 3, 3, 0, 1, 2, 3, 3, 1, 0, -13 ] ], 
              [ [ 1, 3, 3, 2, 1, 3, 2, 3, 0, 0, 2, 3, 4, 0, 3, 2, 1, -15 ], [ 1, 1, 1, 2, 3, 1, 2, 1, 4, 4, 2, 1, 0, 4, 1, 2, 3, -15 ] ], 
              [ [ 1, 0, 3, 1, 1, 4, 3, 1, 2, 4, 0, 2, 2, 2, 1, 1, 1, -14 ], [ 1, 4, 1, 3, 3, 0, 1, 3, 2, 0, 4, 2, 2, 2, 3, 3, 3, -16 ] ], 
              [ [ 1, 2, 3, 2, 2, 3, 2, 2, 2, 3, 0, 1, 1, 2, 1, 1, 1, -14 ], [ 1, 2, 1, 2, 2, 1, 2, 2, 2, 1, 4, 3, 3, 2, 3, 3, 3, -16 ] ], 
              [ [ 1, 1, 3, 2, 3, 3, 4, 1, 2, 3, 1, 1, 1, 3, 0, 3, 2, -16 ], [ 1, 3, 1, 2, 1, 1, 0, 3, 2, 1, 3, 3, 3, 1, 4, 1, 2, -14 ] ], 
              [ [ 1, 2, 3, 2, 2, 2, 3, 1, 3, 3, 2, 2, 0, 2, 1, 2, 3, -16 ], [ 1, 2, 1, 2, 2, 2, 1, 3, 1, 1, 2, 2, 4, 2, 3, 2, 1, -14 ] ], 
              [ [ 1, 1, 3, 1, 1, 3, 1, 1, 3, 6, 1, 1, 1, 3, 1, 1, 1, -15 ], [ 1, 3, 1, 3, 3, 1, 3, 3, 1, -2, 3, 3, 3, 1, 3, 3, 3, -15 ] ], 
              [ [ 1, 0, 2, 1, 1, 3, 2, 1, 2, 4, 1, 2, 1, 4, 0, 3, 2, -14 ], [ 1, 4, 2, 3, 3, 1, 2, 3, 2, 0, 3, 2, 3, 0, 4, 1, 2, -16 ] ], 
              [ [ 1, 0, 2, 2, 2, 4, 2, 1, 3, 4, 1, 2, 2, 2, 2, 1, 2, -16 ], [ 1, 4, 2, 2, 2, 0, 2, 3, 1, 0, 3, 2, 2, 2, 2, 3, 2, -14 ] ], 
              [ [ 1, 0, 2, 1, 1, 4, 3, 1, 2, 3, 2, 3, 2, 2, 2, 3, 1, -16 ], [ 1, 4, 2, 3, 3, 0, 1, 3, 2, 1, 2, 1, 2, 2, 2, 1, 3, -14 ] ], 
              [ [ 1, 2, 2, 0, 0, 4, 2, 2, 3, 4, 2, 3, 2, 2, 1, 2, 1, -16 ], [ 1, 2, 2, 4, 4, 0, 2, 2, 1, 0, 2, 1, 2, 2, 3, 2, 3, -14 ] ], 
              [ [ 1, 0, 1, 2, 2, 4, 2, 2, 2, 4, 1, 2, 1, 3, 1, 3, 1, -16 ], [ 1, 4, 3, 2, 2, 0, 2, 2, 2, 0, 3, 2, 3, 1, 3, 1, 3, -14 ] ], 
              [ [ 1, 1, 1, 2, 1, 3, 1, 2, 3, 4, 2, 3, 0, 2, 2, 2, 2, -16 ], [ 1, 3, 3, 2, 3, 1, 3, 2, 1, 0, 2, 1, 4, 2, 2, 2, 2, -14 ] ], 
              [ [ 1, 0, 1, 1, 1, 4, 3, 2, 3, 3, 2, 3, 1, 3, 1, 2, 3, -16 ], [ 1, 4, 3, 3, 3, 0, 1, 2, 1, 1, 2, 1, 3, 1, 3, 2, 1, -14 ] ], 
              [ [ 1, 1, 3, 1, 1, 4, 3, 2, 2, 4, 2, 2, 2, 3, 1, 2, 1, -17 ], [ 1, 3, 1, 3, 3, 0, 1, 2, 2, 0, 2, 2, 2, 1, 3, 2, 3, -13 ] ], 
              [ [ 1, 2, 3, 1, 0, 3, 2, 2, 3, 4, 3, 3, 1, 2, 2, 1, 2, -17 ], [ 1, 2, 1, 3, 4, 1, 2, 2, 1, 0, 1, 1, 3, 2, 2, 3, 2, -13 ] ], 
              [ [ 1, 0, 2, 1, 1, 4, 3, 2, 2, 3, 1, 3, 2, 2, 2, 1, 2, -15 ], [ 1, 4, 2, 3, 3, 0, 1, 2, 2, 1, 3, 1, 2, 2, 2, 3, 2, -15 ] ], 
              [ [ 1, 1, 3, 2, 0, 4, 2, 3, 3, 4, 2, 2, 2, 2, 2, 0, 2, -17 ], [ 1, 3, 1, 2, 4, 0, 2, 1, 1, 0, 2, 2, 2, 2, 2, 4, 2, -13 ] ], 
              [ [ 1, 0, 2, 3, 2, 3, 2, 2, 2, 4, 2, 2, 0, 3, 2, 2, 2, -17 ], [ 1, 4, 2, 1, 2, 1, 2, 2, 2, 0, 2, 2, 4, 1, 2, 2, 2, -13 ] ], 
              [ [ 1, 0, 2, 2, 2, 3, 2, 1, 1, 4, 1, 3, 2, 2, 1, 3, 1, -15 ], [ 1, 4, 2, 2, 2, 1, 2, 3, 3, 0, 3, 1, 2, 2, 3, 1, 3, -15 ] ], 
              [ [ 1, 0, 2, 1, 1, 3, 3, 1, 2, 3, 2, 4, 2, 2, 1, 2, 3, -15 ], [ 1, 4, 2, 3, 3, 1, 1, 3, 2, 1, 2, 0, 2, 2, 3, 2, 1, -15 ] ], 
              [ [ 1, 1, 2, 2, 1, 4, 3, 3, 2, 3, 2, 4, 2, 3, 1, 2, 3, -18 ], [ 1, 3, 2, 2, 3, 0, 1, 1, 2, 1, 2, 0, 2, 1, 3, 2, 1, -12 ] ], 
              [ [ 1, 0, 2, 3, 1, 3, 1, 2, 2, 4, 1, 3, 2, 1, 2, 1, 2, -15 ], [ 1, 4, 2, 1, 3, 1, 3, 2, 2, 0, 3, 1, 2, 3, 2, 3, 2, -15 ] ], 
              [ [ 1, 1, 2, 3, 0, 3, 1, 3, 2, 3, 2, 3, 1, 2, 2, 2, 2, -16 ], [ 1, 3, 2, 1, 4, 1, 3, 1, 2, 1, 2, 1, 3, 2, 2, 2, 2, -14 ] ], 
              [ [ 1, 0, 2, 3, 2, 2, 2, 1, 2, 4, 3, 3, 0, 3, 1, 3, 3, -17 ], [ 1, 4, 2, 1, 2, 2, 2, 3, 2, 0, 1, 1, 4, 1, 3, 1, 1, -13 ] ], 
              [ [ 1, -2, 1, 3, 3, 3, 3, 1, 1, 3, 1, 3, 1, 3, 1, 3, 3, -15 ], [ 1, 6, 3, 1, 1, 1, 1, 3, 3, 1, 3, 1, 3, 1, 3, 1, 1, -15 ] ], 
              [ [ 1, 0, 2, 3, 1, 3, 3, 2, 2, 3, 3, 3, 1, 3, 1, 4, 3, -18 ], [ 1, 4, 2, 1, 3, 1, 1, 2, 2, 1, 1, 1, 3, 1, 3, 0, 1, -12 ] ], 
              [ [ 1, 0, 1, 2, 2, 3, 2, 2, 2, 4, 1, 3, 1, 3, 0, 2, 3, -15 ], [ 1, 4, 3, 2, 2, 1, 2, 2, 2, 0, 3, 1, 3, 1, 4, 2, 1, -15 ] ], 
              [ [ 1, 1, 3, 2, 0, 3, 2, 3, 1, 4, 2, 3, 2, 2, 1, 2, 1, -16 ], [ 1, 3, 1, 2, 4, 1, 2, 1, 3, 0, 2, 1, 2, 2, 3, 2, 3, -14 ] ], 
              [ [ 1, 0, 1, 3, 2, 4, 2, 3, 2, 3, 2, 3, 1, 2, 2, 1, 2, -17 ], [ 1, 4, 3, 1, 2, 0, 2, 1, 2, 1, 2, 1, 3, 2, 2, 3, 2, -13 ] ], 
              [ [ 1, 0, 1, 2, 2, 4, 3, 2, 2, 3, 2, 4, 2, 1, 2, 2, 2, -17 ], [ 1, 4, 3, 2, 2, 0, 1, 2, 2, 1, 2, 0, 2, 3, 2, 2, 2, -13 ] ], 
              [ [ 1, 1, 1, 2, 1, 4, 3, 3, 2, 2, 3, 4, 1, 2, 2, 3, 2, -18 ], [ 1, 3, 3, 2, 3, 0, 1, 1, 2, 2, 1, 0, 3, 2, 2, 1, 2, -12 ] ], 
              [ [ 1, 1, 2, 2, 0, 3, 2, 2, 3, 3, 4, 3, 1, 1, 2, 2, 2, -17 ], [ 1, 3, 2, 2, 4, 1, 2, 2, 1, 1, 0, 1, 3, 3, 2, 2, 2, -13 ] ], 
              [ [ 1, 1, 1, 4, 1, 3, 1, 3, 2, 3, 3, 4, 1, 1, 2, 3, 2, -18 ], [ 1, 3, 3, 0, 3, 1, 3, 1, 2, 1, 1, 0, 3, 3, 2, 1, 2, -12 ] ], 
              [ [ 1, 0, 2, 3, 1, 4, 3, 3, 1, 2, 2, 4, 3, 1, 2, 2, 2, -17 ], [ 1, 4, 2, 1, 3, 0, 1, 1, 3, 2, 2, 0, 1, 3, 2, 2, 2, -13 ] ], 
              [ [ 1, 1, 2, 1, 2, 3, 2, 1, 3, 3, 1, 1, 1, 3, 1, 2, 2, -14 ], [ 1, 3, 2, 3, 2, 1, 2, 3, 1, 1, 3, 3, 3, 1, 3, 2, 2, -16 ] ], 
              [ [ 1, 1, 2, 0, 3, 3, 3, 1, 2, 3, 0, 1, 1, 4, 0, 2, 2, -13 ], [ 1, 3, 2, 4, 1, 1, 1, 3, 2, 1, 4, 3, 3, 0, 4, 2, 2, -17 ] ], 
              [ [ 1, 1, 3, 0, 2, 2, 2, 0, 3, 4, 1, 0, 1, 3, 0, 1, 2, -12 ], [ 1, 3, 1, 4, 2, 2, 2, 4, 1, 0, 3, 4, 3, 1, 4, 3, 2, -18 ] ], 
              [ [ 1, 2, 3, 1, 2, 3, 2, 2, 3, 4, 1, 0, 1, 4, 0, 1, 2, -15 ], [ 1, 2, 1, 3, 2, 1, 2, 2, 1, 0, 3, 4, 3, 0, 4, 3, 2, -15 ] ], 
              [ [ 1, 2, 3, 0, 2, 3, 3, 1, 3, 4, 1, 1, 2, 3, 0, 2, 2, -15 ], [ 1, 2, 1, 4, 2, 1, 1, 3, 1, 0, 3, 3, 2, 1, 4, 2, 2, -15 ] ], 
              [ [ 1, 1, 2, 2, 3, 2, 1, 1, 2, 4, 0, 1, 1, 3, 0, 2, 2, -13 ], [ 1, 3, 2, 2, 1, 2, 3, 3, 2, 0, 4, 3, 3, 1, 4, 2, 2, -17 ] ], 
              [ [ 1, 2, 3, 1, 2, 4, 3, 2, 3, 3, 2, 1, 2, 2, 2, 1, 1, -17 ], [ 1, 2, 1, 3, 2, 0, 1, 2, 1, 1, 2, 3, 2, 2, 2, 3, 3, -13 ] ], 
              [ [ 1, 1, 1, 2, 3, 2, 1, 0, 4, 3, 2, 1, 0, 2, 1, 2, 3, -14 ], [ 1, 3, 3, 2, 1, 2, 3, 4, 0, 1, 2, 3, 4, 2, 3, 2, 1, -16 ] ], 
              [ [ 1, 1, 2, 3, 3, 3, 1, 2, 2, 3, 1, 1, 1, 2, 2, 1, 1, -15 ], [ 1, 3, 2, 1, 1, 1, 3, 2, 2, 1, 3, 3, 3, 2, 2, 3, 3, -15 ] ], 
              [ [ 1, 1, 2, 2, 3, 3, 2, 1, 2, 3, 1, 2, 2, 1, 2, 2, 1, -15 ], [ 1, 3, 2, 2, 1, 1, 2, 3, 2, 1, 3, 2, 2, 3, 2, 2, 3, -15 ] ], 
              [ [ 1, 2, 2, 2, 2, 3, 2, 2, 2, 2, 2, 2, 1, 2, 2, 3, 1, -16 ], [ 1, 2, 2, 2, 2, 1, 2, 2, 2, 2, 2, 2, 3, 2, 2, 1, 3, -14 ] ], 
              [ [ 1, 2, 3, 2, 1, 2, 1, 1, 3, 3, 3, 1, 1, 1, 2, 2, 1, -15 ], [ 1, 2, 1, 2, 3, 2, 3, 3, 1, 1, 1, 3, 3, 3, 2, 2, 3, -15 ] ], 
              [ [ 1, 1, 2, 3, 3, 2, 2, 1, 3, 3, 3, 2, 0, 2, 2, 2, 3, -17 ], [ 1, 3, 2, 1, 1, 2, 2, 3, 1, 1, 1, 2, 4, 2, 2, 2, 1, -13 ] ], 
              [ [ 1, 1, 2, 1, 3, 3, 2, 1, 3, 4, 1, 0, 1, 2, 1, 1, 1, -14 ], [ 1, 3, 2, 3, 1, 1, 2, 3, 1, 0, 3, 4, 3, 2, 3, 3, 3, -16 ] ], 
              [ [ 1, 2, 2, 1, 2, 3, 2, 2, 3, 3, 2, 0, 0, 3, 1, 2, 1, -15 ], [ 1, 2, 2, 3, 2, 1, 2, 2, 1, 1, 2, 4, 4, 1, 3, 2, 3, -15 ] ], 
              [ [ 1, 2, 2, 1, 1, 3, 1, 2, 3, 3, 1, 1, 2, 1, 1, 1, 1, -13 ], [ 1, 2, 2, 3, 3, 1, 3, 2, 1, 1, 3, 3, 2, 3, 3, 3, 3, -17 ] ], 
              [ [ 1, 1, 1, 1, 4, 3, 3, 1, 2, 3, 1, 2, 1, 3, 0, 3, 2, -15 ], [ 1, 3, 3, 3, 0, 1, 1, 3, 2, 1, 3, 2, 3, 1, 4, 1, 2, -15 ] ], 
              [ [ 1, 2, 2, 1, 2, 2, 2, 1, 3, 3, 3, 1, 0, 3, 0, 3, 2, -15 ], [ 1, 2, 2, 3, 2, 2, 2, 3, 1, 1, 1, 3, 4, 1, 4, 1, 2, -15 ] ], 
              [ [ 1, 1, 1, 2, 3, 3, 2, 2, 3, 3, 1, 2, 1, 2, 1, 1, 3, -15 ], [ 1, 3, 3, 2, 1, 1, 2, 2, 1, 1, 3, 2, 3, 2, 3, 3, 1, -15 ] ], 
              [ [ 1, 1, 1, 2, 3, 2, 1, 1, 2, 3, 1, 1, 0, 2, 1, 3, 1, -13 ], [ 1, 3, 3, 2, 1, 2, 3, 3, 2, 1, 3, 3, 4, 2, 3, 1, 3, -17 ] ], 
              [ [ 1, 2, 2, 3, 2, 2, 0, 2, 3, 4, 2, 0, 0, 2, 1, 2, 1, -15 ], [ 1, 2, 2, 1, 2, 2, 4, 2, 1, 0, 2, 4, 4, 2, 3, 2, 3, -15 ] ], 
              [ [ 1, 2, 3, 2, 3, 3, 2, 2, 2, 4, 1, 1, 2, 2, 1, 1, 1, -16 ], [ 1, 2, 1, 2, 1, 1, 2, 2, 2, 0, 3, 3, 2, 2, 3, 3, 3, -14 ] ], 
              [ [ 1, 0, 1, 1, 3, 3, 3, 1, 2, 2, 1, 1, 1, 3, 0, 3, 2, -13 ], [ 1, 4, 3, 3, 1, 1, 1, 3, 2, 2, 3, 3, 3, 1, 4, 1, 2, -17 ] ], 
              [ [ 1, 1, 1, 1, 2, 2, 2, 1, 3, 2, 2, 2, 0, 2, 1, 2, 3, -13 ], [ 1, 3, 3, 3, 2, 2, 2, 3, 1, 2, 2, 2, 4, 2, 3, 2, 1, -17 ] ], 
              [ [ 1, 2, 1, 2, 2, 3, 2, 3, 3, 2, 2, 2, 0, 3, 1, 2, 3, -16 ], [ 1, 2, 3, 2, 2, 1, 2, 1, 1, 2, 2, 2, 4, 1, 3, 2, 1, -14 ] ], 
              [ [ 1, 2, 2, 2, 1, 2, 1, 2, 4, 3, 3, 1, 0, 2, 1, 1, 3, -15 ], [ 1, 2, 2, 2, 3, 2, 3, 2, 0, 1, 1, 3, 4, 2, 3, 3, 1, -15 ] ], 
              [ [ 1, 2, 3, 1, 2, 3, 3, 2, 3, 3, 2, 2, 2, 2, 1, 0, 3, -16 ], [ 1, 2, 1, 3, 2, 1, 1, 2, 1, 1, 2, 2, 2, 2, 3, 4, 1, -14 ] ], 
              [ [ 1, 2, 3, 1, 2, 2, 2, 1, 2, 3, 2, 1, 1, 2, 1, 2, 1, -14 ], [ 1, 2, 1, 3, 2, 2, 2, 3, 2, 1, 2, 3, 3, 2, 3, 2, 3, -16 ] ], 
              [ [ 1, 1, 2, 2, 2, 3, 2, 3, 1, 2, 1, 2, 1, 2, 2, 1, 1, -14 ], [ 1, 3, 2, 2, 2, 1, 2, 1, 3, 2, 3, 2, 3, 2, 2, 3, 3, -16 ] ], 
              [ [ 1, 1, 3, 2, 2, 3, 2, 2, 2, 3, 1, 0, 2, 2, 1, 1, 1, -14 ], [ 1, 3, 1, 2, 2, 1, 2, 2, 2, 1, 3, 4, 2, 2, 3, 3, 3, -16 ] ], 
              [ [ 1, 2, 3, 2, 1, 2, 1, 2, 3, 3, 2, 1, 1, 1, 2, 0, 2, -14 ], [ 1, 2, 1, 2, 3, 2, 3, 2, 1, 1, 2, 3, 3, 3, 2, 4, 2, -16 ] ], 
              [ [ 1, 2, 3, 1, 2, 3, 3, 2, 1, 3, 2, 2, 2, 2, 1, 3, 0, -16 ], [ 1, 2, 1, 3, 2, 1, 1, 2, 3, 1, 2, 2, 2, 2, 3, 1, 4, -14 ] ], 
              [ [ 1, 2, 3, 2, 1, 3, 2, 3, 2, 3, 2, 2, 2, 1, 2, 1, 1, -16 ], [ 1, 2, 1, 2, 3, 1, 2, 1, 2, 1, 2, 2, 2, 3, 2, 3, 3, -14 ] ], 
              [ [ 1, 1, 1, 3, 3, 1, 1, 1, 3, 3, 3, 1, -2, 3, 1, 3, 3, -15 ], [ 1, 3, 3, 1, 1, 3, 3, 3, 1, 1, 1, 3, 6, 1, 3, 1, 1, -15 ] ], 
              [ [ 1, 1, 2, 2, 4, 2, 3, 1, 2, 3, 2, 2, 0, 3, 1, 2, 3, -16 ], [ 1, 3, 2, 2, 0, 2, 1, 3, 2, 1, 2, 2, 4, 1, 3, 2, 1, -14 ] ], 
              [ [ 1, 0, 2, 3, 4, 3, 3, 2, 2, 3, 1, 1, 1, 3, 1, 1, 3, -16 ], [ 1, 4, 2, 1, 0, 1, 1, 2, 2, 1, 3, 3, 3, 1, 3, 3, 1, -14 ] ], 
              [ [ 1, 0, 2, 2, 3, 2, 3, 1, 2, 2, 2, 1, 0, 3, 1, 2, 3, -14 ], [ 1, 4, 2, 2, 1, 2, 1, 3, 2, 2, 2, 3, 4, 1, 3, 2, 1, -16 ] ], 
              [ [ 1, 1, 2, 3, 3, 2, 2, 2, 1, 3, 2, 2, 0, 2, 2, 3, 1, -16 ], [ 1, 3, 2, 1, 1, 2, 2, 2, 3, 1, 2, 2, 4, 2, 2, 1, 3, -14 ] ], 
              [ [ 1, 0, 2, 2, 3, 3, 4, 2, 1, 2, 2, 2, 1, 3, 1, 3, 2, -16 ], [ 1, 4, 2, 2, 1, 1, 0, 2, 3, 2, 2, 2, 3, 1, 3, 1, 2, -14 ] ], 
              [ [ 1, 1, 2, 2, 3, 3, 4, 2, 2, 2, 2, 2, 1, 3, 1, 3, 3, -17 ], [ 1, 3, 2, 2, 1, 1, 0, 2, 2, 2, 2, 2, 3, 1, 3, 1, 1, -13 ] ], 
              [ [ 1, 1, 3, 2, 2, 2, 3, 1, 3, 3, 3, 1, 1, 2, 1, 2, 3, -16 ], [ 1, 3, 1, 2, 2, 2, 1, 3, 1, 1, 1, 3, 3, 2, 3, 2, 1, -14 ] ], 
              [ [ 1, 1, 2, 2, 3, 3, 3, 2, 1, 2, 1, 2, 2, 3, 0, 3, 2, -15 ], [ 1, 3, 2, 2, 1, 1, 1, 2, 3, 2, 3, 2, 2, 1, 4, 1, 2, -15 ] ], 
              [ [ 1, 2, 2, 2, 2, 2, 2, 2, 2, 2, 2, 3, 1, 2, 1, 2, 3, -15 ], [ 1, 2, 2, 2, 2, 2, 2, 2, 2, 2, 2, 1, 3, 2, 3, 2, 1, -15 ] ], 
              [ [ 1, 1, 2, 3, 2, 3, 2, 3, 2, 2, 1, 2, 2, 2, 1, 1, 3, -15 ], [ 1, 3, 2, 1, 2, 1, 2, 1, 2, 2, 3, 2, 2, 2, 3, 3, 1, -15 ] ], 
              [ [ 1, 0, 1, 4, 4, 2, 2, 2, 1, 2, 1, 2, 0, 3, 1, 3, 3, -15 ], [ 1, 4, 3, 0, 0, 2, 2, 2, 3, 2, 3, 2, 4, 1, 3, 1, 1, -15 ] ], 
              [ [ 1, 0, 2, 4, 3, 1, 1, 1, 2, 3, 2, 1, 0, 2, 1, 2, 3, -14 ], [ 1, 4, 2, 0, 1, 3, 3, 3, 2, 1, 2, 3, 4, 2, 3, 2, 1, -16 ] ], 
              [ [ 1, 1, 2, 2, 3, 2, 4, 1, 2, 2, 3, 3, 1, 3, 0, 4, 4, -17 ], [ 1, 3, 2, 2, 1, 2, 0, 3, 2, 2, 1, 1, 3, 1, 4, 0, 0, -13 ] ], 
              [ [ 1, 1, 2, 4, 3, 2, 2, 2, 2, 3, 2, 2, 1, 2, 1, 3, 3, -17 ], [ 1, 3, 2, 0, 1, 2, 2, 2, 2, 1, 2, 2, 3, 2, 3, 1, 1, -13 ] ], 
              [ [ 1, 1, 2, 3, 2, 1, 2, 1, 2, 2, 3, 2, 0, 2, 1, 4, 3, -15 ], [ 1, 3, 2, 1, 2, 3, 2, 3, 2, 2, 1, 2, 4, 2, 3, 0, 1, -15 ] ], 
              [ [ 1, 2, 2, 1, 2, 2, 2, 2, 3, 3, 2, 1, 0, 3, 0, 1, 3, -14 ], [ 1, 2, 2, 3, 2, 2, 2, 2, 1, 1, 2, 3, 4, 1, 4, 3, 1, -16 ] ], 
              [ [ 1, 2, 2, 1, 2, 3, 3, 3, 2, 3, 2, 2, 1, 3, 0, 2, 2, -16 ], [ 1, 2, 2, 3, 2, 1, 1, 1, 2, 1, 2, 2, 3, 1, 4, 2, 2, -14 ] ], 
              [ [ 1, 2, 2, 2, 1, 2, 1, 3, 2, 3, 2, 1, 0, 2, 1, 2, 1, -14 ], [ 1, 2, 2, 2, 3, 2, 3, 1, 2, 1, 2, 3, 4, 2, 3, 2, 3, -16 ] ], 
              [ [ 1, 2, 3, 1, 2, 3, 3, 3, 1, 3, 1, 2, 2, 2, 1, 1, 1, -15 ], [ 1, 2, 1, 3, 2, 1, 1, 1, 3, 1, 3, 2, 2, 2, 3, 3, 3, -15 ] ], 
              [ [ 1, 0, 2, 3, 4, 2, 3, 2, 0, 3, 1, 2, 1, 3, 0, 3, 2, -15 ], [ 1, 4, 2, 1, 0, 2, 1, 2, 4, 1, 3, 2, 3, 1, 4, 1, 2, -15 ] ], 
              [ [ 1, 2, 2, 1, 2, 3, 3, 2, 3, 2, 3, 2, 1, 1, 2, 1, 2, -16 ], [ 1, 2, 2, 3, 2, 1, 1, 2, 1, 2, 1, 2, 3, 3, 2, 3, 2, -14 ] ], 
              [ [ 1, 1, 1, 3, 3, 2, 1, 2, 2, 2, 2, 2, 0, 1, 2, 1, 2, -14 ], [ 1, 3, 3, 1, 1, 2, 3, 2, 2, 2, 2, 2, 4, 3, 2, 3, 2, -16 ] ], 
              [ [ 1, 1, 1, 3, 3, 3, 2, 3, 1, 2, 2, 3, 1, 1, 2, 2, 1, -16 ], [ 1, 3, 3, 1, 1, 1, 2, 1, 3, 2, 2, 1, 3, 3, 2, 2, 3, -14 ] ], 
              [ [ 1, 2, 1, 3, 3, 3, 2, 3, 2, 2, 2, 3, 1, 1, 2, 2, 2, -17 ], [ 1, 2, 3, 1, 1, 1, 2, 1, 2, 2, 2, 1, 3, 3, 2, 2, 2, -13 ] ], 
              [ [ 1, 2, 2, 3, 2, 2, 1, 2, 3, 3, 3, 2, 1, 0, 2, 1, 2, -16 ], [ 1, 2, 2, 1, 2, 2, 3, 2, 1, 1, 1, 2, 3, 4, 2, 3, 2, -14 ] ], 
              [ [ 1, 1, 1, 2, 3, 4, 4, 3, 2, 1, 2, 3, 2, 2, 1, 2, 3, -17 ], [ 1, 3, 3, 2, 1, 0, 0, 1, 2, 3, 2, 1, 2, 2, 3, 2, 1, -13 ] ], 
              [ [ 1, 3, 2, 3, 1, 2, 1, 3, 3, 2, 4, 2, 0, 1, 2, 2, 2, -17 ], [ 1, 1, 2, 1, 3, 2, 3, 1, 1, 2, 0, 2, 4, 3, 2, 2, 2, -13 ] ], 
              [ [ 1, 1, 1, 3, 2, 3, 2, 3, 2, 1, 2, 2, 1, 1, 2, 2, 2, -15 ], [ 1, 3, 3, 1, 2, 1, 2, 1, 2, 3, 2, 2, 3, 3, 2, 2, 2, -15 ] ], 
              [ [ 1, 0, 1, 3, 4, 2, 3, 1, 2, 2, 3, 2, 0, 2, 1, 3, 3, -16 ], [ 1, 4, 3, 1, 0, 2, 1, 3, 2, 2, 1, 2, 4, 2, 3, 1, 1, -14 ] ], 
              [ [ 1, 1, 1, 3, 2, 2, 2, 2, 2, 1, 3, 3, 1, 1, 1, 3, 3, -15 ], [ 1, 3, 3, 1, 2, 2, 2, 2, 2, 3, 1, 1, 3, 3, 3, 1, 1, -15 ] ], 
              [ [ 1, 1, 2, 2, 2, 3, 3, 3, 1, 2, 2, 2, 2, 1, 1, 2, 1, -15 ], [ 1, 3, 2, 2, 2, 1, 1, 1, 3, 2, 2, 2, 2, 3, 3, 2, 3, -15 ] ], 
              [ [ 1, 1, 1, 1, 1, 4, 1, 3, 3, 4, 2, 3, 2, 2, 2, 0, 2, -16 ], [ 1, 3, 3, 3, 3, 0, 3, 1, 1, 0, 2, 1, 2, 2, 2, 4, 2, -14 ] ], 
              [ [ 1, 0, 1, 2, 1, 3, 1, 2, 3, 4, 3, 2, 1, 2, 2, 2, 2, -16 ], [ 1, 4, 3, 2, 3, 1, 3, 2, 1, 0, 1, 2, 3, 2, 2, 2, 2, -14 ] ], 
              [ [ 1, 0, 0, 2, 2, 3, 2, 2, 2, 3, 3, 4, 1, 3, 1, 4, 3, -17 ], [ 1, 4, 4, 2, 2, 1, 2, 2, 2, 1, 1, 0, 3, 1, 3, 0, 1, -13 ] ], 
              [ [ 1, 1, 2, 3, 1, 3, 1, 3, 2, 4, 3, 3, 2, 2, 2, 2, 2, -18 ], [ 1, 3, 2, 1, 3, 1, 3, 1, 2, 0, 1, 1, 2, 2, 2, 2, 2, -12 ] ], 
              [ [ 1, 1, 1, 1, 3, 2, 1, 1, 3, 4, 2, 0, 0, 4, 0, 3, 2, -14 ], [ 1, 3, 3, 3, 1, 2, 3, 3, 1, 0, 2, 4, 4, 0, 4, 1, 2, -16 ] ], 
              [ [ 1, 1, 1, 1, 3, 3, 1, 2, 2, 3, 1, 1, 2, 2, 1, 1, 1, -13 ], [ 1, 3, 3, 3, 1, 1, 3, 2, 2, 1, 3, 3, 2, 2, 3, 3, 3, -17 ] ], 
              [ [ 1, 3, 2, 1, 1, 3, 1, 3, 3, 3, 3, 1, 2, 2, 1, 2, 1, -16 ], [ 1, 1, 2, 3, 3, 1, 3, 1, 1, 1, 1, 3, 2, 2, 3, 2, 3, -14 ] ], 
              [ [ 1, 1, 1, 2, 3, 2, 1, 2, 3, 3, 3, 1, 0, 3, 1, 1, 3, -15 ], [ 1, 3, 3, 2, 1, 2, 3, 2, 1, 1, 1, 3, 4, 1, 3, 3, 1, -15 ] ], 
              [ [ 1, 1, 1, 1, 3, 2, 2, 1, 3, 3, 3, 2, 1, 2, 1, 2, 3, -15 ], [ 1, 3, 3, 3, 1, 2, 2, 3, 1, 1, 1, 2, 3, 2, 3, 2, 1, -15 ] ], 
              [ [ 1, 2, 1, 2, 3, 3, 2, 3, 3, 3, 3, 2, 1, 3, 1, 2, 3, -18 ], [ 1, 2, 3, 2, 1, 1, 2, 1, 1, 1, 1, 2, 3, 1, 3, 2, 1, -12 ] ], 
              [ [ 1, 2, 1, 1, 2, 2, 2, 2, 3, 2, 4, 2, 0, 3, 1, 3, 3, -16 ], [ 1, 2, 3, 3, 2, 2, 2, 2, 1, 2, 0, 2, 4, 1, 3, 1, 1, -14 ] ], 
              [ [ 1, 1, 1, 3, 2, 2, 0, 3, 2, 3, 3, 1, 0, 2, 2, 2, 1, -15 ], [ 1, 3, 3, 1, 2, 2, 4, 1, 2, 1, 1, 3, 4, 2, 2, 2, 3, -15 ] ], 
              [ [ 1, 2, 1, 3, 2, 2, 0, 3, 3, 3, 3, 1, 0, 2, 2, 2, 2, -16 ], [ 1, 2, 3, 1, 2, 2, 4, 1, 1, 1, 1, 3, 4, 2, 2, 2, 2, -14 ] ], 
              [ [ 1, 1, 2, 2, 3, 3, 2, 3, 1, 3, 2, 2, 2, 2, 2, 1, 1, -16 ], [ 1, 3, 2, 2, 1, 1, 2, 1, 3, 1, 2, 2, 2, 2, 2, 3, 3, -14 ] ], 
              [ [ 1, 1, 1, 2, 2, 3, 2, 3, 3, 2, 3, 1, 1, 3, 1, 2, 3, -16 ], [ 1, 3, 3, 2, 2, 1, 2, 1, 1, 2, 1, 3, 3, 1, 3, 2, 1, -14 ] ], 
              [ [ 1, 2, 1, 3, 2, 1, 0, 2, 3, 3, 4, 2, 0, 2, 1, 3, 3, -16 ], [ 1, 2, 3, 1, 2, 3, 4, 2, 1, 1, 0, 2, 4, 2, 3, 1, 1, -14 ] ], 
              [ [ 1, 0, 0, 3, 3, 2, 1, 2, 2, 2, 2, 2, 1, 2, 1, 3, 3, -14 ], [ 1, 4, 4, 1, 1, 2, 3, 2, 2, 2, 2, 2, 3, 2, 3, 1, 1, -16 ] ], 
              [ [ 1, 1, 2, 2, 2, 2, 2, 2, 2, 2, 3, 2, 2, 2, 1, 2, 3, -15 ], [ 1, 3, 2, 2, 2, 2, 2, 2, 2, 2, 1, 2, 2, 2, 3, 2, 1, -15 ] ], 
              [ [ 1, 2, 2, 1, 1, 3, 1, 4, 2, 3, 2, 1, 2, 2, 1, 0, 1, -14 ], [ 1, 2, 2, 3, 3, 1, 3, 0, 2, 1, 2, 3, 2, 2, 3, 4, 3, -16 ] ], 
              [ [ 1, 1, 1, 2, 3, 2, 1, 3, 1, 3, 2, 1, 0, 3, 1, 2, 1, -14 ], [ 1, 3, 3, 2, 1, 2, 3, 1, 3, 1, 2, 3, 4, 1, 3, 2, 3, -16 ] ], 
              [ [ 1, 2, 2, 2, 2, 2, 1, 3, 2, 4, 3, 1, 1, 2, 1, 2, 1, -16 ], [ 1, 2, 2, 2, 2, 2, 3, 1, 2, 0, 1, 3, 3, 2, 3, 2, 3, -14 ] ], 
              [ [ 1, 1, 1, 3, 3, 2, 1, 3, 2, 3, 2, 1, 1, 3, 0, 2, 3, -15 ], [ 1, 3, 3, 1, 1, 2, 3, 1, 2, 1, 2, 3, 3, 1, 4, 2, 1, -15 ] ], 
              [ [ 1, 1, 1, 2, 2, 2, 2, 3, 1, 2, 3, 2, 1, 3, 0, 4, 2, -15 ], [ 1, 3, 3, 2, 2, 2, 2, 1, 3, 2, 1, 2, 3, 1, 4, 0, 2, -15 ] ], 
              [ [ 1, 2, 0, 3, 2, 3, 0, 4, 3, 2, 3, 2, 1, 1, 2, 1, 2, -16 ], [ 1, 2, 4, 1, 2, 1, 4, 0, 1, 2, 1, 2, 3, 3, 2, 3, 2, -14 ] ], 
              [ [ 1, 1, 1, 3, 3, 3, 2, 3, 2, 2, 3, 2, 2, 1, 2, 2, 2, -17 ], [ 1, 3, 3, 1, 1, 1, 2, 1, 2, 2, 1, 2, 2, 3, 2, 2, 2, -13 ] ], 
              [ [ 1, 1, 3, 1, 1, 3, 2, 0, 3, 4, 0, 2, 2, 3, 2, 1, 2, -14 ], [ 1, 3, 1, 3, 3, 1, 2, 4, 1, 0, 4, 2, 2, 1, 2, 3, 2, -16 ] ], 
              [ [ 1, 1, 3, 3, 1, 3, 3, 1, 3, 3, 2, 3, 2, 2, 3, 2, 3, -18 ], [ 1, 3, 1, 1, 3, 1, 1, 3, 1, 1, 2, 1, 2, 2, 1, 2, 1, -12 ] ], 
              [ [ 1, 1, 2, 1, 1, 3, 3, 1, 2, 3, 1, 4, 2, 2, 2, 2, 2, -15 ], [ 1, 3, 2, 3, 3, 1, 1, 3, 2, 1, 3, 0, 2, 2, 2, 2, 2, -15 ] ], 
              [ [ 1, 2, 4, 2, 0, 3, 2, 2, 2, 4, 1, 3, 3, 1, 3, 0, 1, -16 ], [ 1, 2, 0, 2, 4, 1, 2, 2, 2, 0, 3, 1, 1, 3, 1, 4, 3, -14 ] ], 
              [ [ 1, 0, 3, 2, 2, 3, 4, 1, 1, 3, 1, 3, 2, 3, 2, 2, 2, -16 ], [ 1, 4, 1, 2, 2, 1, 0, 3, 3, 1, 3, 1, 2, 1, 2, 2, 2, -14 ] ], 
              [ [ 1, 1, 3, 2, 0, 3, 3, 2, 1, 2, 1, 4, 3, 2, 2, 2, 2, -15 ], [ 1, 3, 1, 2, 4, 1, 1, 2, 3, 2, 3, 0, 1, 2, 2, 2, 2, -15 ] ], 
              [ [ 1, 1, 3, 3, 1, 2, 3, 1, 1, 3, 2, 4, 2, 2, 2, 4, 2, -17 ], [ 1, 3, 1, 1, 3, 2, 1, 3, 3, 1, 2, 0, 2, 2, 2, 0, 2, -13 ] ], 
              [ [ 1, 1, 2, 3, 1, 4, 3, 3, 1, 2, 1, 4, 3, 1, 3, 2, 1, -17 ], [ 1, 3, 2, 1, 3, 0, 1, 1, 3, 2, 3, 0, 1, 3, 1, 2, 3, -13 ] ], 
              [ [ 1, 3, 4, 0, 1, 3, 3, 1, 3, 3, 1, 1, 2, 3, 2, 1, 1, -15 ], [ 1, 1, 0, 4, 3, 1, 1, 3, 1, 1, 3, 3, 2, 1, 2, 3, 3, -15 ] ], 
              [ [ 1, 2, 3, 1, 2, 2, 2, 0, 2, 3, 0, 2, 2, 2, 2, 2, 1, -13 ], [ 1, 2, 1, 3, 2, 2, 2, 4, 2, 1, 4, 2, 2, 2, 2, 2, 3, -17 ] ], 
              [ [ 1, 2, 3, 0, 2, 3, 4, 0, 3, 2, 0, 2, 3, 3, 1, 2, 3, -14 ], [ 1, 2, 1, 4, 2, 1, 0, 4, 1, 2, 4, 2, 1, 1, 3, 2, 1, -16 ] ], 
              [ [ 1, 1, 3, 1, 3, 1, 3, -2, 3, 3, 1, 1, 1, 3, 1, 3, 3, -13 ], [ 1, 3, 1, 3, 1, 3, 1, 6, 1, 1, 3, 3, 3, 1, 3, 1, 1, -17 ] ], 
              [ [ 1, 2, 3, 2, 3, 2, 3, 0, 3, 3, 1, 1, 1, 4, 1, 3, 3, -16 ], [ 1, 2, 1, 2, 1, 2, 1, 4, 1, 1, 3, 3, 3, 0, 3, 1, 1, -14 ] ], 
              [ [ 1, 1, 4, 2, 3, 2, 3, 0, 1, 3, 0, 1, 2, 3, 2, 2, 1, -14 ], [ 1, 3, 0, 2, 1, 2, 1, 4, 3, 1, 4, 3, 2, 1, 2, 2, 3, -16 ] ], 
              [ [ 1, 2, 3, 0, 2, 2, 2, 0, 3, 4, 0, 0, 1, 3, 1, 1, 1, -12 ], [ 1, 2, 1, 4, 2, 2, 2, 4, 1, 0, 4, 4, 3, 1, 3, 3, 3, -18 ] ], 
              [ [ 1, 3, 4, 1, 2, 2, 2, 1, 2, 4, 0, 1, 2, 3, 1, 1, 1, -14 ], [ 1, 1, 0, 3, 2, 2, 2, 3, 2, 0, 4, 3, 2, 1, 3, 3, 3, -16 ] ], 
              [ [ 1, 1, 3, 1, 3, 3, 3, 1, 1, 3, -2, 1, 3, 3, 1, 1, 1, -12 ], [ 1, 3, 1, 3, 1, 1, 1, 3, 3, 1, 6, 3, 1, 1, 3, 3, 3, -18 ] ], 
              [ [ 1, 2, 4, 1, 1, 2, 2, 1, 2, 3, 0, 0, 2, 3, 1, 1, 1, -12 ], [ 1, 2, 0, 3, 3, 2, 2, 3, 2, 1, 4, 4, 2, 1, 3, 3, 3, -18 ] ], 
              [ [ 1, 2, 4, 0, 1, 2, 3, 0, 2, 3, 0, 1, 3, 2, 1, 2, 1, -12 ], [ 1, 2, 0, 4, 3, 2, 1, 4, 2, 1, 4, 3, 1, 2, 3, 2, 3, -18 ] ], 
              [ [ 1, 3, 4, 1, 1, 3, 3, 2, 2, 3, 0, 1, 3, 3, 1, 2, 1, -15 ], [ 1, 1, 0, 3, 3, 1, 1, 2, 2, 1, 4, 3, 1, 1, 3, 2, 3, -15 ] ], 
              [ [ 1, 1, 3, 2, 3, 2, 3, 1, 2, 3, 0, 1, 1, 4, 1, 1, 3, -14 ], [ 1, 3, 1, 2, 1, 2, 1, 3, 2, 1, 4, 3, 3, 0, 3, 3, 1, -16 ] ], 
              [ [ 1, 1, 3, 1, 3, 2, 4, 0, 2, 3, 0, 2, 2, 3, 1, 2, 3, -14 ], [ 1, 3, 1, 3, 1, 2, 0, 4, 2, 1, 4, 2, 2, 1, 3, 2, 1, -16 ] ], 
              [ [ 1, 2, 4, 2, 2, 1, 2, 0, 2, 4, 1, 0, 1, 3, 1, 3, 1, -14 ], [ 1, 2, 0, 2, 2, 3, 2, 4, 2, 0, 3, 4, 3, 1, 3, 1, 3, -16 ] ], 
              [ [ 1, 2, 3, 1, 2, 2, 4, 1, 2, 2, 1, 2, 1, 4, 1, 3, 3, -15 ], [ 1, 2, 1, 3, 2, 2, 0, 3, 2, 2, 3, 2, 3, 0, 3, 1, 1, -15 ] ], 
              [ [ 1, 2, 4, 1, 1, 1, 3, 0, 3, 3, 2, 1, 1, 3, 1, 2, 3, -14 ], [ 1, 2, 0, 3, 3, 3, 1, 4, 1, 1, 2, 3, 3, 1, 3, 2, 1, -16 ] ], 
              [ [ 1, 2, 3, 3, 2, 1, 2, 1, 2, 3, 1, 2, 1, 3, 1, 3, 3, -15 ], [ 1, 2, 1, 1, 2, 3, 2, 3, 2, 1, 3, 2, 3, 1, 3, 1, 1, -15 ] ], 
              [ [ 1, 1, 4, 2, 2, 2, 4, 1, 1, 2, 0, 2, 3, 3, 1, 2, 3, -14 ], [ 1, 3, 0, 2, 2, 2, 0, 3, 3, 2, 4, 2, 1, 1, 3, 2, 1, -16 ] ], 
              [ [ 1, 3, 3, 1, 2, 2, 2, 0, 4, 3, 2, 1, 1, 2, 2, 1, 2, -15 ], [ 1, 1, 1, 3, 2, 2, 2, 4, 0, 1, 2, 3, 3, 2, 2, 3, 2, -15 ] ], 
              [ [ 1, 1, 2, 1, 3, 3, 3, 0, 3, 2, 0, 1, 2, 2, 2, 1, 2, -13 ], [ 1, 3, 2, 3, 1, 1, 1, 4, 1, 2, 4, 3, 2, 2, 2, 3, 2, -17 ] ], 
              [ [ 1, 3, 3, 2, 1, 2, 1, 1, 3, 3, 2, 1, 1, 1, 3, 2, 0, -15 ], [ 1, 1, 1, 2, 3, 2, 3, 3, 1, 1, 2, 3, 3, 3, 1, 2, 4, -15 ] ], 
              [ [ 1, 3, 4, 1, 2, 3, 3, 1, 2, 3, 1, 2, 3, 1, 3, 1, 0, -16 ], [ 1, 1, 0, 3, 2, 1, 1, 3, 2, 1, 3, 2, 1, 3, 1, 3, 4, -14 ] ], 
              [ [ 1, 3, 3, 1, 1, 3, 3, 1, 4, 2, 2, 1, 2, 2, 2, 2, 2, -16 ], [ 1, 1, 1, 3, 3, 1, 1, 3, 0, 2, 2, 3, 2, 2, 2, 2, 2, -14 ] ], 
              [ [ 1, 2, 4, 1, 1, 3, 3, 1, 2, 2, 1, 1, 3, 1, 3, 1, 0, -14 ], [ 1, 2, 0, 3, 3, 1, 1, 3, 2, 2, 3, 3, 1, 3, 1, 3, 4, -16 ] ], 
              [ [ 1, 1, 3, 2, 3, 3, 4, 1, 2, 2, 1, 2, 2, 2, 3, 1, 2, -16 ], [ 1, 3, 1, 2, 1, 1, 0, 3, 2, 2, 3, 2, 2, 2, 1, 3, 2, -14 ] ], 
              [ [ 1, 2, 2, 3, 2, 2, 1, 1, 3, 2, 1, 1, 1, 2, 2, 2, 2, -14 ], [ 1, 2, 2, 1, 2, 2, 3, 3, 1, 2, 3, 3, 3, 2, 2, 2, 2, -16 ] ], 
              [ [ 1, 2, 3, 2, 3, 3, 3, 1, 2, 2, 0, 2, 3, 2, 2, 1, 2, -15 ], [ 1, 2, 1, 2, 1, 1, 1, 3, 2, 2, 4, 2, 1, 2, 2, 3, 2, -15 ] ], 
              [ [ 1, 2, 2, 2, 2, 2, 2, 0, 3, 2, 1, 2, 2, 1, 2, 3, 2, -14 ], [ 1, 2, 2, 2, 2, 2, 2, 4, 1, 2, 3, 2, 2, 3, 2, 1, 2, -16 ] ], 
              [ [ 1, 2, 3, 1, 2, 3, 4, 1, 1, 1, 1, 3, 3, 2, 2, 3, 1, -15 ], [ 1, 2, 1, 3, 2, 1, 0, 3, 3, 3, 3, 1, 1, 2, 2, 1, 3, -15 ] ], 
              [ [ 1, 3, 4, 1, 1, 2, 3, 0, 3, 2, 2, 2, 3, 1, 2, 2, 2, -15 ], [ 1, 1, 0, 3, 3, 2, 1, 4, 1, 2, 2, 2, 1, 3, 2, 2, 2, -15 ] ], 
              [ [ 1, 2, 3, 3, 2, 3, 2, 2, 1, 2, 0, 2, 3, 1, 3, 2, 0, -15 ], [ 1, 2, 1, 1, 2, 1, 2, 2, 3, 2, 4, 2, 1, 3, 1, 2, 4, -15 ] ], 
              [ [ 1, 2, 3, 2, 1, 3, 3, 2, 2, 1, 1, 3, 3, 1, 3, 1, 2, -15 ], [ 1, 2, 1, 2, 3, 1, 1, 2, 2, 3, 3, 1, 1, 3, 1, 3, 2, -15 ] ], 
              [ [ 1, 2, 2, 3, 2, 1, 2, 0, 4, 2, 3, 2, 0, 2, 2, 3, 4, -16 ], [ 1, 2, 2, 1, 2, 3, 2, 4, 0, 2, 1, 2, 4, 2, 2, 1, 0, -14 ] ], 
              [ [ 1, 2, 3, 2, 3, 2, 4, 0, 3, 2, 2, 3, 2, 2, 2, 2, 4, -17 ], [ 1, 2, 1, 2, 1, 2, 0, 4, 1, 2, 2, 1, 2, 2, 2, 2, 0, -13 ] ], 
              [ [ 1, 1, 2, 3, 3, 2, 3, 1, 1, 1, 1, 3, 1, 2, 3, 3, 2, -15 ], [ 1, 3, 2, 1, 1, 2, 1, 3, 3, 3, 3, 1, 3, 2, 1, 1, 2, -15 ] ], 
              [ [ 1, 1, 3, 3, 2, 1, 2, 0, 2, 2, 2, 2, 1, 1, 3, 2, 2, -14 ], [ 1, 3, 1, 1, 2, 3, 2, 4, 2, 2, 2, 2, 3, 3, 1, 2, 2, -16 ] ], 
              [ [ 1, 1, 3, 3, 3, 2, 3, 0, 2, 2, 1, 1, 2, 2, 2, 3, 2, -15 ], [ 1, 3, 1, 1, 1, 2, 1, 4, 2, 2, 3, 3, 2, 2, 2, 1, 2, -15 ] ], 
              [ [ 1, 2, 3, 3, 2, 1, 2, 0, 3, 2, 2, 2, 1, 1, 3, 2, 3, -15 ], [ 1, 2, 1, 1, 2, 3, 2, 4, 1, 2, 2, 2, 3, 3, 1, 2, 1, -15 ] ], 
              [ [ 1, 2, 3, 4, 2, 2, 2, 2, 2, 2, 2, 2, 1, 2, 3, 2, 2, -17 ], [ 1, 2, 1, 0, 2, 2, 2, 2, 2, 2, 2, 2, 3, 2, 1, 2, 2, -13 ] ], 
              [ [ 1, 1, 3, 2, 2, 2, 4, 0, 3, 1, 2, 2, 2, 2, 2, 2, 4, -15 ], [ 1, 3, 1, 2, 2, 2, 0, 4, 1, 3, 2, 2, 2, 2, 2, 2, 0, -15 ] ], 
              [ [ 1, 2, 3, 3, 2, 2, 3, 1, 2, 2, 2, 3, 2, 1, 3, 3, 2, -17 ], [ 1, 2, 1, 1, 2, 2, 1, 3, 2, 2, 2, 1, 2, 3, 1, 1, 2, -13 ] ], 
              [ [ 1, 1, 2, 4, 3, 2, 3, 1, 2, 1, 1, 3, 2, 2, 2, 3, 4, -16 ], [ 1, 3, 2, 0, 1, 2, 1, 3, 2, 3, 3, 1, 2, 2, 2, 1, 0, -14 ] ], 
              [ [ 1, 4, 4, 0, 0, 3, 2, 2, 3, 3, 1, 1, 3, 1, 2, 0, 0, -14 ], [ 1, 0, 0, 4, 4, 1, 2, 2, 1, 1, 3, 3, 1, 3, 2, 4, 4, -16 ] ], 
              [ [ 1, 3, 3, 1, 2, 3, 3, 2, 3, 3, 1, 2, 2, 2, 2, 0, 2, -16 ], [ 1, 1, 1, 3, 2, 1, 1, 2, 1, 1, 3, 2, 2, 2, 2, 4, 2, -14 ] ], 
              [ [ 1, 3, 3, 1, 2, 2, 2, 1, 2, 3, 1, 1, 1, 2, 2, 2, 0, -14 ], [ 1, 1, 1, 3, 2, 2, 2, 3, 2, 1, 3, 3, 3, 2, 2, 2, 4, -16 ] ], 
              [ [ 1, 2, 3, 0, 2, 3, 4, 1, 2, 2, 1, 1, 2, 3, 1, 2, 1, -14 ], [ 1, 2, 1, 4, 2, 1, 0, 3, 2, 2, 3, 3, 2, 1, 3, 2, 3, -16 ] ], 
              [ [ 1, 3, 3, 0, 1, 2, 3, 1, 3, 2, 2, 2, 1, 2, 2, 1, 2, -14 ], [ 1, 1, 1, 4, 3, 2, 1, 3, 1, 2, 2, 2, 3, 2, 2, 3, 2, -16 ] ], 
              [ [ 1, 2, 3, 2, 2, 3, 2, 2, 2, 3, 0, 0, 2, 2, 2, 1, 0, -14 ], [ 1, 2, 1, 2, 2, 1, 2, 2, 2, 1, 4, 4, 2, 2, 2, 3, 4, -16 ] ], 
              [ [ 1, 3, 3, 2, 1, 2, 1, 2, 3, 3, 1, 1, 1, 1, 3, 0, 1, -14 ], [ 1, 1, 1, 2, 3, 2, 3, 2, 1, 1, 3, 3, 3, 3, 1, 4, 3, -16 ] ], 
              [ [ 1, 2, 3, 1, 1, 3, 3, 2, 3, 2, 1, 1, 2, 2, 2, 0, 2, -14 ], [ 1, 2, 1, 3, 3, 1, 1, 2, 1, 2, 3, 3, 2, 2, 2, 4, 2, -16 ] ], 
              [ [ 1, 1, 2, 2, 3, 2, 3, 1, 2, 2, 1, 1, 0, 3, 2, 2, 2, -14 ], [ 1, 3, 2, 2, 1, 2, 1, 3, 2, 2, 3, 3, 4, 1, 2, 2, 2, -16 ] ], 
              [ [ 1, 2, 3, 2, 2, 2, 3, 1, 3, 3, 2, 1, 1, 2, 2, 2, 2, -16 ], [ 1, 2, 1, 2, 2, 2, 1, 3, 1, 1, 2, 3, 3, 2, 2, 2, 2, -14 ] ], 
              [ [ 1, 1, 2, 1, 3, 2, 3, 0, 1, 2, 0, 2, 2, 2, 1, 3, 1, -12 ], [ 1, 3, 2, 3, 1, 2, 1, 4, 3, 2, 4, 2, 2, 2, 3, 1, 3, -18 ] ], 
              [ [ 1, 2, 2, 2, 3, 3, 3, 2, 1, 2, 0, 2, 2, 3, 1, 3, 1, -15 ], [ 1, 2, 2, 2, 1, 1, 1, 2, 3, 2, 4, 2, 2, 1, 3, 1, 3, -15 ] ], 
              [ [ 1, 3, 2, 2, 2, 2, 2, 2, 2, 2, 1, 3, 1, 2, 2, 2, 2, -15 ], [ 1, 1, 2, 2, 2, 2, 2, 2, 2, 2, 3, 1, 3, 2, 2, 2, 2, -15 ] ], 
              [ [ 1, 2, 3, 2, 2, 2, 2, 1, 2, 3, 1, 1, 2, 2, 1, 2, 1, -14 ], [ 1, 2, 1, 2, 2, 2, 2, 3, 2, 1, 3, 3, 2, 2, 3, 2, 3, -16 ] ], 
              [ [ 1, 3, 3, 2, 1, 1, 1, 1, 3, 3, 2, 2, 1, 1, 2, 1, 2, -14 ], [ 1, 1, 1, 2, 3, 3, 3, 3, 1, 1, 2, 2, 3, 3, 2, 3, 2, -16 ] ], 
              [ [ 1, 3, 3, 2, 2, 2, 2, 1, 3, 3, 1, 1, 2, 2, 1, 2, 2, -15 ], [ 1, 1, 1, 2, 2, 2, 2, 3, 1, 1, 3, 3, 2, 2, 3, 2, 2, -15 ] ], 
              [ [ 1, 2, 2, 1, 2, 3, 4, 2, 2, 1, 1, 3, 2, 3, 1, 2, 3, -15 ], [ 1, 2, 2, 3, 2, 1, 0, 2, 2, 3, 3, 1, 2, 1, 3, 2, 1, -15 ] ], 
              [ [ 1, 3, 3, 1, 1, 2, 3, 1, 4, 2, 2, 2, 2, 2, 1, 1, 4, -15 ], [ 1, 1, 1, 3, 3, 2, 1, 3, 0, 2, 2, 2, 2, 2, 3, 3, 0, -15 ] ], 
              [ [ 1, 1, 2, 2, 2, 2, 2, 1, 2, 2, 0, 2, 2, 1, 2, 1, 2, -12 ], [ 1, 3, 2, 2, 2, 2, 2, 3, 2, 2, 4, 2, 2, 3, 2, 3, 2, -18 ] ], 
              [ [ 1, 2, 2, 3, 2, 3, 2, 3, 2, 2, 0, 2, 2, 2, 2, 1, 2, -15 ], [ 1, 2, 2, 1, 2, 1, 2, 1, 2, 2, 4, 2, 2, 2, 2, 3, 2, -15 ] ], 
              [ [ 1, 2, 4, 2, 2, 2, 2, 1, 1, 3, 0, 1, 3, 1, 2, 1, 0, -13 ], [ 1, 2, 0, 2, 2, 2, 2, 3, 3, 1, 4, 3, 1, 3, 2, 3, 4, -17 ] ], 
              [ [ 1, 2, 2, 2, 1, 2, 2, 2, 2, 1, 1, 2, 1, 2, 2, 2, 2, -13 ], [ 1, 2, 2, 2, 3, 2, 2, 2, 2, 3, 3, 2, 3, 2, 2, 2, 2, -17 ] ], 
              [ [ 1, 2, 3, 1, 2, 3, 4, 2, 1, 1, 0, 3, 3, 2, 2, 1, 2, -14 ], [ 1, 2, 1, 3, 2, 1, 0, 2, 3, 3, 4, 1, 1, 2, 2, 3, 2, -16 ] ], 
              [ [ 1, 2, 4, 1, 1, 2, 3, 1, 2, 2, 1, 2, 3, 1, 2, 0, 2, -13 ], [ 1, 2, 0, 3, 3, 2, 1, 3, 2, 2, 3, 2, 1, 3, 2, 4, 2, -17 ] ], 
              [ [ 1, 3, 4, 2, 1, 3, 3, 3, 2, 2, 1, 2, 3, 2, 2, 0, 2, -16 ], [ 1, 1, 0, 2, 3, 1, 1, 1, 2, 2, 3, 2, 1, 2, 2, 4, 2, -14 ] ], 
              [ [ 1, 3, 3, 1, 1, 2, 3, 1, 2, 2, 2, 2, 2, 2, 1, 4, 1, -15 ], [ 1, 1, 1, 3, 3, 2, 1, 3, 2, 2, 2, 2, 2, 2, 3, 0, 3, -15 ] ], 
              [ [ 1, 3, 3, 2, 0, 2, 2, 2, 3, 2, 2, 2, 2, 1, 2, 2, 2, -15 ], [ 1, 1, 1, 2, 4, 2, 2, 2, 1, 2, 2, 2, 2, 3, 2, 2, 2, -15 ] ], 
              [ [ 1, 3, 4, 1, 1, 3, 4, 2, 2, 2, 1, 3, 4, 1, 2, 1, 2, -16 ], [ 1, 1, 0, 3, 3, 1, 0, 2, 2, 2, 3, 1, 0, 3, 2, 3, 2, -14 ] ], 
              [ [ 1, 1, 2, 2, 3, 1, 3, 0, 2, 2, 2, 2, 0, 3, 1, 3, 3, -14 ], [ 1, 3, 2, 2, 1, 3, 1, 4, 2, 2, 2, 2, 4, 1, 3, 1, 1, -16 ] ], 
              [ [ 1, 2, 2, 2, 3, 1, 3, 0, 3, 2, 2, 2, 0, 3, 1, 3, 4, -15 ], [ 1, 2, 2, 2, 1, 3, 1, 4, 1, 2, 2, 2, 4, 1, 3, 1, 0, -15 ] ], 
              [ [ 1, 1, 2, 4, 3, 1, 1, 1, 2, 3, 1, 1, 0, 2, 2, 2, 2, -14 ], [ 1, 3, 2, 0, 1, 3, 3, 3, 2, 1, 3, 3, 4, 2, 2, 2, 2, -16 ] ], 
              [ [ 1, 1, 3, 3, 4, 2, 3, 1, 1, 3, 0, 2, 2, 2, 2, 1, 2, -15 ], [ 1, 3, 1, 1, 0, 2, 1, 3, 3, 1, 4, 2, 2, 2, 2, 3, 2, -15 ] ], 
              [ [ 1, 1, 2, 3, 3, 2, 3, 1, 3, 2, 1, 1, 1, 3, 1, 2, 4, -15 ], [ 1, 3, 2, 1, 1, 2, 1, 3, 1, 2, 3, 3, 3, 1, 3, 2, 0, -15 ] ], 
              [ [ 1, 1, 3, 2, 3, 1, 3, 0, 1, 2, 1, 2, 1, 2, 2, 2, 2, -13 ], [ 1, 3, 1, 2, 1, 3, 1, 4, 3, 2, 3, 2, 3, 2, 2, 2, 2, -17 ] ], 
              [ [ 1, 2, 3, 3, 3, 2, 3, 2, 1, 2, 1, 2, 1, 3, 2, 2, 2, -16 ], [ 1, 2, 1, 1, 1, 2, 1, 2, 3, 2, 3, 2, 3, 1, 2, 2, 2, -14 ] ], 
              [ [ 1, 2, 4, 3, 2, 1, 2, 1, 2, 3, 2, 1, 1, 2, 2, 1, 2, -15 ], [ 1, 2, 0, 1, 2, 3, 2, 3, 2, 1, 2, 3, 3, 2, 2, 3, 2, -15 ] ], 
              [ [ 1, 0, 3, 3, 3, 2, 3, 1, 1, 2, 0, 1, 2, 2, 2, 1, 2, -13 ], [ 1, 4, 1, 1, 1, 2, 1, 3, 3, 2, 4, 3, 2, 2, 2, 3, 2, -17 ] ], 
              [ [ 1, 2, 2, 2, 3, 2, 4, 1, 2, 2, 2, 3, 1, 3, 1, 4, 3, -17 ], [ 1, 2, 2, 2, 1, 2, 0, 3, 2, 2, 2, 1, 3, 1, 3, 0, 1, -13 ] ], 
              [ [ 1, 2, 2, 3, 2, 1, 2, 1, 2, 2, 2, 2, 0, 2, 2, 4, 2, -15 ], [ 1, 2, 2, 1, 2, 3, 2, 3, 2, 2, 2, 2, 4, 2, 2, 0, 2, -15 ] ], 
              [ [ 1, 1, 3, 2, 3, 2, 4, 1, 0, 2, 1, 3, 2, 2, 2, 3, 1, -15 ], [ 1, 3, 1, 2, 1, 2, 0, 3, 4, 2, 3, 1, 2, 2, 2, 1, 3, -15 ] ], 
              [ [ 1, 2, 3, 2, 3, 2, 4, 1, 1, 2, 1, 3, 2, 2, 2, 3, 2, -16 ], [ 1, 2, 1, 2, 1, 2, 0, 3, 3, 2, 3, 1, 2, 2, 2, 1, 2, -14 ] ], 
              [ [ 1, 2, 4, 2, 2, 1, 3, 0, 2, 3, 2, 2, 2, 1, 2, 2, 2, -15 ], [ 1, 2, 0, 2, 2, 3, 1, 4, 2, 1, 2, 2, 2, 3, 2, 2, 2, -15 ] ], 
              [ [ 1, 3, 4, 3, 2, 2, 3, 2, 2, 3, 2, 2, 2, 2, 2, 2, 2, -18 ], [ 1, 1, 0, 1, 2, 2, 1, 2, 2, 1, 2, 2, 2, 2, 2, 2, 2, -12 ] ], 
              [ [ 1, 1, 2, 2, 2, 2, 4, 1, 2, 1, 2, 2, 1, 3, 1, 4, 3, -15 ], [ 1, 3, 2, 2, 2, 2, 0, 3, 2, 3, 2, 2, 3, 1, 3, 0, 1, -15 ] ], 
              [ [ 1, 1, 3, 1, 3, 3, 6, 1, 1, 1, 1, 3, 3, 3, 1, 3, 3, -16 ], [ 1, 3, 1, 3, 1, 1, -2, 3, 3, 3, 3, 1, 1, 1, 3, 1, 1, -14 ] ], 
              [ [ 1, 3, 4, 2, 1, 1, 3, 1, 2, 2, 3, 2, 1, 2, 2, 3, 2, -16 ], [ 1, 1, 0, 2, 3, 3, 1, 3, 2, 2, 1, 2, 3, 2, 2, 1, 2, -14 ] ], 
              [ [ 1, 1, 3, 3, 3, 3, 4, 2, 1, 2, 0, 2, 3, 2, 2, 2, 2, -16 ], [ 1, 3, 1, 1, 1, 1, 0, 2, 3, 2, 4, 2, 1, 2, 2, 2, 2, -14 ] ], 
              [ [ 1, 1, 3, 2, 2, 2, 4, 1, 1, 1, 1, 2, 2, 2, 2, 3, 2, -14 ], [ 1, 3, 1, 2, 2, 2, 0, 3, 3, 3, 3, 2, 2, 2, 2, 1, 2, -16 ] ], 
              [ [ 1, 2, 4, 3, 1, 2, 3, 2, 2, 2, 2, 1, 2, 2, 2, 2, 2, -16 ], [ 1, 2, 0, 1, 3, 2, 1, 2, 2, 2, 2, 3, 2, 2, 2, 2, 2, -14 ] ], 
              [ [ 1, 2, 3, 3, 2, 2, 2, 2, 1, 2, 0, 3, 3, 1, 2, 1, 2, -14 ], [ 1, 2, 1, 1, 2, 2, 2, 2, 3, 2, 4, 1, 1, 3, 2, 3, 2, -16 ] ], 
              [ [ 1, 0, 2, 3, 4, 2, 4, 1, 0, 1, 0, 3, 2, 3, 1, 3, 3, -14 ], [ 1, 4, 2, 1, 0, 2, 0, 3, 4, 3, 4, 1, 2, 1, 3, 1, 1, -16 ] ], 
              [ [ 1, 1, 3, 3, 3, 1, 3, 0, 2, 2, 1, 2, 2, 2, 1, 2, 4, -14 ], [ 1, 3, 1, 1, 1, 3, 1, 4, 2, 2, 3, 2, 2, 2, 3, 2, 0, -16 ] ], 
              [ [ 1, 1, 3, 3, 3, 2, 4, 1, 1, 2, 1, 3, 3, 2, 1, 3, 3, -16 ], [ 1, 3, 1, 1, 1, 2, 0, 3, 3, 2, 3, 1, 1, 2, 3, 1, 1, -14 ] ], 
              [ [ 1, 1, 3, 2, 2, 1, 4, 0, 1, 1, 2, 3, 2, 2, 1, 4, 3, -14 ], [ 1, 3, 1, 2, 2, 3, 0, 4, 3, 3, 2, 1, 2, 2, 3, 0, 1, -16 ] ], 
              [ [ 1, 2, 3, 3, 2, 2, 4, 2, 1, 1, 2, 3, 2, 3, 1, 4, 3, -17 ], [ 1, 2, 1, 1, 2, 2, 0, 2, 3, 3, 2, 1, 2, 1, 3, 0, 1, -13 ] ], 
              [ [ 1, 1, 3, 4, 2, 1, 2, 1, 1, 2, 1, 2, 2, 1, 2, 3, 2, -14 ], [ 1, 3, 1, 0, 2, 3, 2, 3, 3, 2, 3, 2, 2, 3, 2, 1, 2, -16 ] ], 
              [ [ 1, 2, 3, 2, 2, 2, 2, 2, 2, 3, 0, 1, 2, 2, 1, 0, 2, -13 ], [ 1, 2, 1, 2, 2, 2, 2, 2, 2, 1, 4, 3, 2, 2, 3, 4, 2, -17 ] ], 
              [ [ 1, 2, 3, 1, 1, 2, 3, 2, 1, 2, 1, 2, 2, 2, 1, 2, 1, -13 ], [ 1, 2, 1, 3, 3, 2, 1, 2, 3, 2, 3, 2, 2, 2, 3, 2, 3, -17 ] ], 
              [ [ 1, 3, 3, 1, 1, 2, 3, 2, 2, 2, 1, 2, 2, 2, 1, 2, 2, -14 ], [ 1, 1, 1, 3, 3, 2, 1, 2, 2, 2, 3, 2, 2, 2, 3, 2, 2, -16 ] ], 
              [ [ 1, 1, 2, 3, 3, 1, 3, 1, 1, 2, 1, 2, 1, 3, 0, 4, 3, -14 ], [ 1, 3, 2, 1, 1, 3, 1, 3, 3, 2, 3, 2, 3, 1, 4, 0, 1, -16 ] ], 
              [ [ 1, 2, 2, 3, 2, 2, 2, 1, 3, 1, 2, 3, 2, 0, 3, 1, 3, -15 ], [ 1, 2, 2, 1, 2, 2, 2, 3, 1, 3, 2, 1, 2, 4, 1, 3, 1, -15 ] ], 
              [ [ 1, 2, 3, 2, 2, 3, 3, 2, 2, 2, 1, 2, 3, 0, 3, 0, 1, -15 ], [ 1, 2, 1, 2, 2, 1, 1, 2, 2, 2, 3, 2, 1, 4, 1, 4, 3, -15 ] ], 
              [ [ 1, 3, 3, 2, 1, 3, 3, 3, 2, 1, 2, 2, 2, 1, 3, 1, 1, -16 ], [ 1, 1, 1, 2, 3, 1, 1, 1, 2, 3, 2, 2, 2, 3, 1, 3, 3, -14 ] ], 
              [ [ 1, 2, 1, 3, 2, 2, 2, 2, 2, 1, 2, 3, 1, 1, 2, 3, 2, -15 ], [ 1, 2, 3, 1, 2, 2, 2, 2, 2, 3, 2, 1, 3, 3, 2, 1, 2, -15 ] ], 
              [ [ 1, 2, 2, 2, 3, 3, 4, 2, 1, 1, 1, 4, 3, 1, 2, 2, 2, -16 ], [ 1, 2, 2, 2, 1, 1, 0, 2, 3, 3, 3, 0, 1, 3, 2, 2, 2, -14 ] ], 
              [ [ 1, 3, 3, 2, 1, 2, 3, 2, 2, 1, 3, 3, 2, 1, 2, 2, 2, -16 ], [ 1, 1, 1, 2, 3, 2, 1, 2, 2, 3, 1, 1, 2, 3, 2, 2, 2, -14 ] ], 
              [ [ 1, 2, 2, 3, 2, 2, 2, 2, 1, 1, 1, 3, 2, 0, 3, 2, 1, -14 ], [ 1, 2, 2, 1, 2, 2, 2, 2, 3, 3, 3, 1, 2, 4, 1, 2, 3, -16 ] ], 
              [ [ 1, 3, 3, 4, 1, 2, 1, 3, 2, 2, 2, 2, 2, 0, 3, 1, 1, -16 ], [ 1, 1, 1, 0, 3, 2, 3, 1, 2, 2, 2, 2, 2, 4, 1, 3, 3, -14 ] ], 
              [ [ 1, 1, 2, 2, 2, 3, 4, 2, 1, 0, 1, 3, 3, 1, 2, 2, 2, -14 ], [ 1, 3, 2, 2, 2, 1, 0, 2, 3, 4, 3, 1, 1, 3, 2, 2, 2, -16 ] ], 
              [ [ 1, 1, 2, 4, 3, 2, 3, 2, 1, 1, 2, 2, 1, 2, 2, 3, 2, -16 ], [ 1, 3, 2, 0, 1, 2, 1, 2, 3, 3, 2, 2, 3, 2, 2, 1, 2, -14 ] ], 
              [ [ 1, 2, 2, 4, 2, 1, 2, 2, 2, 1, 3, 3, 0, 1, 3, 2, 3, -16 ], [ 1, 2, 2, 0, 2, 3, 2, 2, 2, 3, 1, 1, 4, 3, 1, 2, 1, -14 ] ], 
              [ [ 1, 1, 2, 3, 3, 2, 4, 1, 1, 1, 2, 3, 2, 1, 2, 4, 2, -16 ], [ 1, 3, 2, 1, 1, 2, 0, 3, 3, 3, 2, 1, 2, 3, 2, 0, 2, -14 ] ], 
              [ [ 1, 3, 3, 1, 4, 2, 3, 1, 2, 2, 0, 0, 2, 2, 1, 1, 1, -13 ], [ 1, 1, 1, 3, 0, 2, 1, 3, 2, 2, 4, 4, 2, 2, 3, 3, 3, -17 ] ], 
              [ [ 1, 2, 2, 3, 4, 1, 3, 1, 2, 1, 1, 1, 1, 2, 1, 3, 3, -14 ], [ 1, 2, 2, 1, 0, 3, 1, 3, 2, 3, 3, 3, 3, 2, 3, 1, 1, -16 ] ], 
              [ [ 1, 3, 4, 2, 3, 1, 4, 1, 2, 1, 2, 1, 2, 2, 1, 2, 3, -15 ], [ 1, 1, 0, 2, 1, 3, 0, 3, 2, 3, 2, 3, 2, 2, 3, 2, 1, -15 ] ], 
              [ [ 1, 1, 2, 1, 0, 2, 1, 1, 3, 4, 2, 2, 1, 3, 2, 2, 2, -14 ], [ 1, 3, 2, 3, 4, 2, 3, 3, 1, 0, 2, 2, 3, 1, 2, 2, 2, -16 ] ], 
              [ [ 1, 1, 3, 0, 1, 3, 3, 1, 2, 4, 1, 3, 3, 3, 2, 1, 2, -15 ], [ 1, 3, 1, 4, 3, 1, 1, 3, 2, 0, 3, 1, 1, 1, 2, 3, 2, -15 ] ], 
              [ [ 1, 2, 3, 2, 0, 2, 1, 2, 2, 4, 2, 3, 2, 3, 2, 2, 2, -16 ], [ 1, 2, 1, 2, 4, 2, 3, 2, 2, 0, 2, 1, 2, 1, 2, 2, 2, -14 ] ], 
              [ [ 1, 0, 2, 2, 1, 3, 2, 2, 1, 3, 0, 3, 3, 3, 2, 2, 2, -14 ], [ 1, 4, 2, 2, 3, 1, 2, 2, 3, 1, 4, 1, 1, 1, 2, 2, 2, -16 ] ], 
              [ [ 1, 2, 2, 1, 0, 3, 1, 1, 3, 3, 2, 3, 3, 1, 3, 2, 1, -15 ], [ 1, 2, 2, 3, 4, 1, 3, 3, 1, 1, 2, 1, 1, 3, 1, 2, 3, -15 ] ], 
              [ [ 1, 1, 1, 2, 2, 3, 2, 1, 3, 3, 2, 4, 2, 2, 3, 2, 3, -17 ], [ 1, 3, 3, 2, 2, 1, 2, 3, 1, 1, 2, 0, 2, 2, 1, 2, 1, -13 ] ], 
              [ [ 1, 2, 2, 2, 0, 2, 1, 1, 4, 3, 4, 3, 1, 2, 3, 2, 3, -17 ], [ 1, 2, 2, 2, 4, 2, 3, 3, 0, 1, 0, 1, 3, 2, 1, 2, 1, -13 ] ], 
              [ [ 1, 0, 1, 2, 1, 3, 2, 1, 3, 2, 2, 3, 2, 2, 3, 2, 3, -15 ], [ 1, 4, 3, 2, 3, 1, 2, 3, 1, 2, 2, 1, 2, 2, 1, 2, 1, -15 ] ], 
              [ [ 1, 2, 3, 2, 0, 3, 2, 2, 2, 3, 3, 4, 3, 1, 4, 2, 1, -18 ], [ 1, 2, 1, 2, 4, 1, 2, 2, 2, 1, 1, 0, 1, 3, 0, 2, 3, -12 ] ], 
              [ [ 1, 1, 2, 3, 1, 3, 2, 2, 2, 2, 2, 4, 3, 2, 3, 2, 3, -17 ], [ 1, 3, 2, 1, 3, 1, 2, 2, 2, 2, 2, 0, 1, 2, 1, 2, 1, -13 ] ], 
              [ [ 1, 2, 3, 1, 0, 3, 2, 2, 3, 4, 3, 2, 2, 2, 3, 1, 1, -17 ], [ 1, 2, 1, 3, 4, 1, 2, 2, 1, 0, 1, 2, 2, 2, 1, 3, 3, -13 ] ], 
              [ [ 1, 2, 1, 1, 0, 3, 1, 2, 4, 3, 2, 3, 2, 2, 2, 1, 3, -15 ], [ 1, 2, 3, 3, 4, 1, 3, 2, 0, 1, 2, 1, 2, 2, 2, 3, 1, -15 ] ], 
              [ [ 1, 1, 2, 1, 0, 3, 1, 2, 2, 3, 1, 3, 3, 1, 3, 0, 1, -13 ], [ 1, 3, 2, 3, 4, 1, 3, 2, 2, 1, 3, 1, 1, 3, 1, 4, 3, -17 ] ], 
              [ [ 1, 2, 2, 2, 0, 4, 1, 4, 2, 3, 1, 3, 3, 2, 3, 0, 1, -16 ], [ 1, 2, 2, 2, 4, 0, 3, 0, 2, 1, 3, 1, 1, 2, 1, 4, 3, -14 ] ], 
              [ [ 1, 2, 2, 1, 0, 4, 2, 3, 2, 3, 1, 4, 4, 1, 3, 1, 1, -16 ], [ 1, 2, 2, 3, 4, 0, 2, 1, 2, 1, 3, 0, 0, 3, 1, 3, 3, -14 ] ], 
              [ [ 1, 3, 3, 1, -2, 3, 1, 3, 3, 3, 3, 3, 3, 1, 3, 1, 1, -16 ], [ 1, 1, 1, 3, 6, 1, 3, 1, 1, 1, 1, 1, 1, 3, 1, 3, 3, -14 ] ], 
              [ [ 1, 1, 2, 3, 1, 2, 0, 2, 2, 4, 2, 2, 1, 2, 3, 1, 1, -15 ], [ 1, 3, 2, 1, 3, 2, 4, 2, 2, 0, 2, 2, 3, 2, 1, 3, 3, -15 ] ], 
              [ [ 1, 1, 2, 2, 1, 3, 2, 2, 3, 3, 2, 2, 2, 3, 2, 1, 3, -16 ], [ 1, 3, 2, 2, 3, 1, 2, 2, 1, 1, 2, 2, 2, 1, 2, 3, 1, -14 ] ], 
              [ [ 1, 2, 2, 1, 1, 3, 3, 2, 2, 3, 3, 4, 2, 3, 2, 3, 2, -18 ], [ 1, 2, 2, 3, 3, 1, 1, 2, 2, 1, 1, 0, 2, 1, 2, 1, 2, -12 ] ], 
              [ [ 1, 1, 2, 2, 1, 2, 1, 1, 2, 4, 2, 3, 2, 1, 3, 2, 1, -15 ], [ 1, 3, 2, 2, 3, 2, 3, 3, 2, 0, 2, 1, 2, 3, 1, 2, 3, -15 ] ], 
              [ [ 1, 2, 2, 3, 1, 3, 1, 3, 2, 4, 2, 3, 2, 2, 3, 2, 1, -18 ], [ 1, 2, 2, 1, 3, 1, 3, 1, 2, 0, 2, 1, 2, 2, 1, 2, 3, -12 ] ], 
              [ [ 1, 0, 1, 1, 2, 4, 4, 2, 1, 2, 1, 4, 3, 3, 2, 3, 2, -16 ], [ 1, 4, 3, 3, 2, 0, 0, 2, 3, 2, 3, 0, 1, 1, 2, 1, 2, -14 ] ], 
              [ [ 1, 0, 2, 1, 1, 3, 3, 1, 2, 3, 2, 3, 3, 2, 2, 2, 2, -15 ], [ 1, 4, 2, 3, 3, 1, 1, 3, 2, 1, 2, 1, 1, 2, 2, 2, 2, -15 ] ], 
              [ [ 1, 1, 2, 1, 1, 3, 3, 1, 3, 3, 2, 3, 3, 2, 2, 2, 3, -16 ], [ 1, 3, 2, 3, 3, 1, 1, 3, 1, 1, 2, 1, 1, 2, 2, 2, 1, -14 ] ], 
              [ [ 1, 1, 2, 2, 1, 4, 3, 3, 2, 3, 2, 3, 3, 3, 2, 2, 2, -18 ], [ 1, 3, 2, 2, 3, 0, 1, 1, 2, 1, 2, 1, 1, 1, 2, 2, 2, -12 ] ], 
              [ [ 1, 2, 2, 2, 0, 3, 2, 3, 3, 3, 3, 4, 2, 2, 3, 1, 3, -18 ], [ 1, 2, 2, 2, 4, 1, 2, 1, 1, 1, 1, 0, 2, 2, 1, 3, 1, -12 ] ], 
              [ [ 1, 2, 2, 2, 0, 2, 1, 2, 2, 3, 3, 3, 1, 2, 3, 3, 1, -16 ], [ 1, 2, 2, 2, 4, 2, 3, 2, 2, 1, 1, 1, 3, 2, 1, 1, 3, -14 ] ], 
              [ [ 1, 1, 2, 1, 0, 3, 3, 2, 2, 2, 3, 3, 2, 3, 2, 3, 2, -16 ], [ 1, 3, 2, 3, 4, 1, 1, 2, 2, 2, 1, 1, 2, 1, 2, 1, 2, -14 ] ], 
              [ [ 1, 1, 2, 3, 0, 3, 1, 3, 2, 3, 2, 2, 2, 2, 3, 2, 1, -16 ], [ 1, 3, 2, 1, 4, 1, 3, 1, 2, 1, 2, 2, 2, 2, 1, 2, 3, -14 ] ], 
              [ [ 1, 1, 3, 2, 1, 4, 3, 3, 1, 3, 1, 3, 4, 2, 3, 1, 1, -17 ], [ 1, 3, 1, 2, 3, 0, 1, 1, 3, 1, 3, 1, 0, 2, 1, 3, 3, -13 ] ], 
              [ [ 1, 0, 1, 3, 2, 2, 1, 1, 2, 3, 1, 3, 2, 2, 2, 2, 3, -14 ], [ 1, 4, 3, 1, 2, 2, 3, 3, 2, 1, 3, 1, 2, 2, 2, 2, 1, -16 ] ], 
              [ [ 1, 0, 1, 3, 2, 3, 2, 2, 1, 3, 1, 4, 3, 2, 2, 3, 2, -16 ], [ 1, 4, 3, 1, 2, 1, 2, 2, 3, 1, 3, 0, 1, 2, 2, 1, 2, -14 ] ], 
              [ [ 1, 0, 1, 2, 1, 2, 2, 1, 1, 2, 2, 4, 2, 2, 2, 4, 2, -14 ], [ 1, 4, 3, 2, 3, 2, 2, 3, 3, 2, 2, 0, 2, 2, 2, 0, 2, -16 ] ], 
              [ [ 1, 1, 1, 3, 1, 3, 2, 3, 1, 2, 2, 4, 2, 3, 2, 4, 2, -17 ], [ 1, 3, 3, 1, 3, 1, 2, 1, 3, 2, 2, 0, 2, 1, 2, 0, 2, -13 ] ], 
              [ [ 1, 1, 2, 3, 0, 2, 1, 2, 2, 3, 3, 3, 2, 2, 2, 3, 2, -16 ], [ 1, 3, 2, 1, 4, 2, 3, 2, 2, 1, 1, 1, 2, 2, 2, 1, 2, -14 ] ], 
              [ [ 1, 2, 2, 3, 0, 2, 1, 2, 3, 3, 3, 3, 2, 2, 2, 3, 3, -17 ], [ 1, 2, 2, 1, 4, 2, 3, 2, 1, 1, 1, 1, 2, 2, 2, 1, 1, -13 ] ], 
              [ [ 1, 1, 3, 2, 1, 3, 3, 2, 1, 3, 2, 4, 4, 2, 2, 2, 2, -17 ], [ 1, 3, 1, 2, 3, 1, 1, 2, 3, 1, 2, 0, 0, 2, 2, 2, 2, -13 ] ], 
              [ [ 1, 1, 3, 3, 0, 2, 1, 2, 1, 3, 2, 3, 3, 1, 3, 2, 1, -15 ], [ 1, 3, 1, 1, 4, 2, 3, 2, 3, 1, 2, 1, 1, 3, 1, 2, 3, -15 ] ], 
              [ [ 1, 0, 2, 4, 2, 2, 2, 2, 1, 3, 2, 4, 2, 2, 3, 2, 3, -17 ], [ 1, 4, 2, 0, 2, 2, 2, 2, 3, 1, 2, 0, 2, 2, 1, 2, 1, -13 ] ], 
              [ [ 1, 1, 2, 2, 1, 2, 2, 2, 1, 3, 2, 3, 2, 3, 1, 3, 2, -15 ], [ 1, 3, 2, 2, 3, 2, 2, 2, 3, 1, 2, 1, 2, 1, 3, 1, 2, -15 ] ], 
              [ [ 1, 1, 2, 3, 0, 2, 1, 3, 2, 3, 2, 3, 2, 2, 2, 1, 3, -15 ], [ 1, 3, 2, 1, 4, 2, 3, 1, 2, 1, 2, 1, 2, 2, 2, 3, 1, -15 ] ], 
              [ [ 1, 2, 1, 2, 0, 3, 1, 3, 2, 2, 3, 4, 2, 1, 3, 2, 1, -16 ], [ 1, 2, 3, 2, 4, 1, 3, 1, 2, 2, 1, 0, 2, 3, 1, 2, 3, -14 ] ], 
              [ [ 1, 1, 2, 2, 1, 3, 3, 2, 1, 2, 3, 4, 3, 1, 3, 3, 1, -17 ], [ 1, 3, 2, 2, 3, 1, 1, 2, 3, 2, 1, 0, 1, 3, 1, 1, 3, -13 ] ], 
              [ [ 1, 1, 2, 3, 0, 3, 2, 3, 2, 2, 3, 4, 3, 0, 4, 1, 2, -17 ], [ 1, 3, 2, 1, 4, 1, 2, 1, 2, 2, 1, 0, 1, 4, 0, 3, 2, -13 ] ], 
              [ [ 1, 1, 1, 3, 1, 3, 3, 3, 1, 1, 3, 6, 3, 1, 3, 3, 3, -18 ], [ 1, 3, 3, 1, 3, 1, 1, 1, 3, 3, 1, -2, 1, 3, 1, 1, 1, -12 ] ], 
              [ [ 1, 1, 1, 2, 1, 3, 3, 3, 2, 2, 3, 4, 2, 2, 2, 2, 3, -17 ], [ 1, 3, 3, 2, 3, 1, 1, 1, 2, 2, 1, 0, 2, 2, 2, 2, 1, -13 ] ], 
              [ [ 1, 2, 2, 1, 3, 2, 1, 0, 4, 4, 1, 0, 1, 3, 2, 1, 2, -14 ], [ 1, 2, 2, 3, 1, 2, 3, 4, 0, 0, 3, 4, 3, 1, 2, 3, 2, -16 ] ], 
              [ [ 1, 2, 2, 0, 2, 2, 2, 0, 3, 3, 2, 1, 1, 3, 2, 3, 1, -14 ], [ 1, 2, 2, 4, 2, 2, 2, 4, 1, 1, 2, 3, 3, 1, 2, 1, 3, -16 ] ], 
              [ [ 1, 3, 4, 1, 1, 2, 1, 1, 3, 4, 2, 0, 2, 2, 3, 1, 0, -15 ], [ 1, 1, 0, 3, 3, 2, 3, 3, 1, 0, 2, 4, 2, 2, 1, 3, 4, -15 ] ], 
              [ [ 1, 3, 2, 1, 1, 2, 0, 1, 4, 3, 1, 1, 2, 2, 2, 1, 2, -13 ], [ 1, 1, 2, 3, 3, 2, 4, 3, 0, 1, 3, 3, 2, 2, 2, 3, 2, -17 ] ], 
              [ [ 1, 1, 1, 1, 3, 2, 2, 0, 3, 2, 1, 1, 1, 4, 1, 3, 3, -13 ], [ 1, 3, 3, 3, 1, 2, 2, 4, 1, 2, 3, 3, 3, 0, 3, 1, 1, -17 ] ], 
              [ [ 1, 2, 3, 2, 2, 2, 1, 1, 3, 3, 1, 0, 2, 3, 2, 1, 2, -14 ], [ 1, 2, 1, 2, 2, 2, 3, 3, 1, 1, 3, 4, 2, 1, 2, 3, 2, -16 ] ], 
              [ [ 1, 2, 2, 1, 2, 2, 2, 0, 4, 3, 2, 1, 2, 3, 1, 3, 3, -15 ], [ 1, 2, 2, 3, 2, 2, 2, 4, 0, 1, 2, 3, 2, 1, 3, 1, 1, -15 ] ], 
              [ [ 1, 3, 3, 1, 2, 2, 2, 1, 2, 3, 2, 2, 2, 3, 2, 3, 1, -16 ], [ 1, 1, 1, 3, 2, 2, 2, 3, 2, 1, 2, 2, 2, 1, 2, 1, 3, -14 ] ], 
              [ [ 1, 1, 2, 1, 3, 3, 3, 1, 1, 2, 0, 2, 3, 3, 2, 3, 1, -14 ], [ 1, 3, 2, 3, 1, 1, 1, 3, 3, 2, 4, 2, 1, 1, 2, 1, 3, -16 ] ], 
              [ [ 1, 1, 3, 1, 2, 2, 2, 0, 2, 3, 1, 1, 3, 2, 2, 2, 1, -13 ], [ 1, 3, 1, 3, 2, 2, 2, 4, 2, 1, 3, 3, 1, 2, 2, 2, 3, -17 ] ], 
              [ [ 1, 2, 3, 1, 2, 2, 2, 0, 3, 3, 1, 1, 3, 2, 2, 2, 2, -14 ], [ 1, 2, 1, 3, 2, 2, 2, 4, 1, 1, 3, 3, 1, 2, 2, 2, 2, -16 ] ], 
              [ [ 1, 2, 3, 2, 2, 3, 2, 2, 2, 3, 1, 1, 3, 3, 2, 2, 1, -16 ], [ 1, 2, 1, 2, 2, 1, 2, 2, 2, 1, 3, 3, 1, 1, 2, 2, 3, -14 ] ], 
              [ [ 1, 3, 3, 2, 1, 2, 1, 2, 3, 3, 2, 2, 2, 2, 3, 1, 2, -16 ], [ 1, 1, 1, 2, 3, 2, 3, 2, 1, 1, 2, 2, 2, 2, 1, 3, 2, -14 ] ], 
              [ [ 1, 2, 3, 1, 1, 2, 2, 1, 2, 2, 2, 1, 2, 3, 2, 3, 1, -14 ], [ 1, 2, 1, 3, 3, 2, 2, 3, 2, 2, 2, 3, 2, 1, 2, 1, 3, -16 ] ], 
              [ [ 1, 1, 2, 2, 3, 2, 3, 1, 2, 2, 2, 2, 1, 4, 2, 3, 3, -16 ], [ 1, 3, 2, 2, 1, 2, 1, 3, 2, 2, 2, 2, 3, 0, 2, 1, 1, -14 ] ], 
              [ [ 1, 2, 3, 2, 2, 1, 2, 0, 4, 3, 3, 1, 1, 3, 2, 2, 4, -16 ], [ 1, 2, 1, 2, 2, 3, 2, 4, 0, 1, 1, 3, 3, 1, 2, 2, 0, -14 ] ], 
              [ [ 1, 3, 3, -2, 1, 3, 3, 1, 3, 3, 1, 1, 3, 3, 1, 1, 1, -13 ], [ 1, 1, 1, 6, 3, 1, 1, 3, 1, 1, 3, 3, 1, 1, 3, 3, 3, -17 ] ], 
              [ [ 1, 3, 3, 0, 1, 3, 1, 2, 3, 4, 0, 0, 3, 2, 2, 0, 0, -13 ], [ 1, 1, 1, 4, 3, 1, 3, 2, 1, 0, 4, 4, 1, 2, 2, 4, 4, -17 ] ], 
              [ [ 1, 3, 3, 0, 2, 2, 2, 1, 3, 4, 2, 0, 1, 4, 1, 2, 1, -15 ], [ 1, 1, 1, 4, 2, 2, 2, 3, 1, 0, 2, 4, 3, 0, 3, 2, 3, -15 ] ], 
              [ [ 1, 1, 2, 0, 3, 3, 3, 1, 2, 3, 0, 0, 2, 4, 1, 2, 1, -13 ], [ 1, 3, 2, 4, 1, 1, 1, 3, 2, 1, 4, 4, 2, 0, 3, 2, 3, -17 ] ], 
              [ [ 1, 2, 2, 0, 2, 2, 2, 1, 3, 3, 1, 1, 1, 3, 2, 1, 2, -13 ], [ 1, 2, 2, 4, 2, 2, 2, 3, 1, 1, 3, 3, 3, 1, 2, 3, 2, -17 ] ], 
              [ [ 1, 3, 3, 1, 1, 2, 1, 2, 4, 4, 2, 0, 1, 3, 2, 0, 2, -15 ], [ 1, 1, 1, 3, 3, 2, 3, 2, 0, 0, 2, 4, 3, 1, 2, 4, 2, -15 ] ], 
              [ [ 1, 2, 2, 0, 2, 2, 1, 1, 2, 3, 0, 1, 2, 3, 1, 1, 1, -11 ], [ 1, 2, 2, 4, 2, 2, 3, 3, 2, 1, 4, 3, 2, 1, 3, 3, 3, -19 ] ], 
              [ [ 1, 3, 2, 0, 2, 3, 2, 2, 2, 3, 0, 2, 3, 3, 1, 2, 1, -14 ], [ 1, 1, 2, 4, 2, 1, 2, 2, 2, 1, 4, 2, 1, 1, 3, 2, 3, -16 ] ], 
              [ [ 1, 3, 3, 0, 1, 2, 1, 1, 3, 4, 1, 1, 3, 2, 1, 1, 1, -13 ], [ 1, 1, 1, 4, 3, 2, 3, 3, 1, 0, 3, 3, 1, 2, 3, 3, 3, -17 ] ], 
              [ [ 1, 4, 3, 0, 0, 2, 1, 2, 3, 3, 2, 1, 2, 3, 1, 2, 1, -14 ], [ 1, 0, 1, 4, 4, 2, 3, 2, 1, 1, 2, 3, 2, 1, 3, 2, 3, -16 ] ], 
              [ [ 1, 2, 2, 0, 1, 3, 2, 2, 2, 2, 0, 1, 3, 3, 1, 2, 1, -12 ], [ 1, 2, 2, 4, 3, 1, 2, 2, 2, 2, 4, 3, 1, 1, 3, 2, 3, -18 ] ], 
              [ [ 1, 2, 2, 1, 3, 1, 1, 0, 2, 4, 1, 1, 1, 3, 1, 3, 1, -13 ], [ 1, 2, 2, 3, 1, 3, 3, 4, 2, 0, 3, 3, 3, 1, 3, 1, 3, -17 ] ], 
              [ [ 1, 1, 2, 0, 3, 2, 3, 0, 2, 3, 1, 1, 2, 4, 0, 3, 2, -13 ], [ 1, 3, 2, 4, 1, 2, 1, 4, 2, 1, 3, 3, 2, 0, 4, 1, 2, -17 ] ], 
              [ [ 1, 2, 2, 0, 2, 1, 2, 0, 3, 3, 2, 2, 1, 3, 1, 2, 3, -13 ], [ 1, 2, 2, 4, 2, 3, 2, 4, 1, 1, 2, 2, 3, 1, 3, 2, 1, -17 ] ], 
              [ [ 1, 2, 2, 0, 3, 2, 3, 0, 3, 3, 1, 1, 2, 4, 0, 3, 3, -14 ], [ 1, 2, 2, 4, 1, 2, 1, 4, 1, 1, 3, 3, 2, 0, 4, 1, 1, -16 ] ], 
              [ [ 1, 3, 2, 1, 2, 2, 2, 2, 3, 3, 2, 2, 1, 4, 1, 2, 3, -16 ], [ 1, 1, 2, 3, 2, 2, 2, 2, 1, 1, 2, 2, 3, 0, 3, 2, 1, -14 ] ], 
              [ [ 1, 1, 2, 2, 3, 2, 1, 1, 2, 4, 0, 0, 2, 3, 1, 2, 1, -13 ], [ 1, 3, 2, 2, 1, 2, 3, 3, 2, 0, 4, 4, 2, 1, 3, 2, 3, -17 ] ], 
              [ [ 1, 2, 2, 2, 2, 1, 0, 1, 3, 4, 1, 1, 1, 2, 2, 1, 2, -13 ], [ 1, 2, 2, 2, 2, 3, 4, 3, 1, 0, 3, 3, 3, 2, 2, 3, 2, -17 ] ], 
              [ [ 1, 1, 1, 1, 3, 3, 3, 2, 2, 2, 0, 2, 2, 4, 1, 2, 3, -14 ], [ 1, 3, 3, 3, 1, 1, 1, 2, 2, 2, 4, 2, 2, 0, 3, 2, 1, -16 ] ], 
              [ [ 1, 1, 2, 1, 2, 2, 2, 1, 3, 3, 1, 1, 2, 3, 1, 1, 3, -13 ], [ 1, 3, 2, 3, 2, 2, 2, 3, 1, 1, 3, 3, 2, 1, 3, 3, 1, -17 ] ], 
              [ [ 1, 2, 2, 1, 2, 2, 2, 1, 4, 3, 1, 1, 2, 3, 1, 1, 4, -14 ], [ 1, 2, 2, 3, 2, 2, 2, 3, 0, 1, 3, 3, 2, 1, 3, 3, 0, -16 ] ], 
              [ [ 1, 1, 2, 1, 2, 1, 1, 0, 2, 3, 1, 0, 1, 3, 1, 3, 1, -11 ], [ 1, 3, 2, 3, 2, 3, 3, 4, 2, 1, 3, 4, 3, 1, 3, 1, 3, -19 ] ], 
              [ [ 1, 2, 2, 2, 2, 2, 1, 2, 2, 3, 1, 0, 1, 4, 1, 3, 1, -14 ], [ 1, 2, 2, 2, 2, 2, 3, 2, 2, 1, 3, 4, 3, 0, 3, 1, 3, -16 ] ], 
              [ [ 1, 1, 3, 0, 3, 2, 3, 0, 1, 3, 0, 1, 3, 3, 1, 2, 1, -12 ], [ 1, 3, 1, 4, 1, 2, 1, 4, 3, 1, 4, 3, 1, 1, 3, 2, 3, -18 ] ], 
              [ [ 1, 3, 2, 2, 1, 1, 0, 2, 3, 3, 2, 1, 0, 3, 2, 2, 2, -14 ], [ 1, 1, 2, 2, 3, 3, 4, 2, 1, 1, 2, 3, 4, 1, 2, 2, 2, -16 ] ], 
              [ [ 1, 2, 3, 1, 2, 2, 2, 2, 1, 3, 1, 2, 2, 3, 2, 1, 1, -14 ], [ 1, 2, 1, 3, 2, 2, 2, 2, 3, 1, 3, 2, 2, 1, 2, 3, 3, -16 ] ], 
              [ [ 1, 2, 3, 1, 3, 3, 3, 2, 1, 3, 0, 1, 3, 4, 1, 2, 1, -15 ], [ 1, 2, 1, 3, 1, 1, 1, 2, 3, 1, 4, 3, 1, 0, 3, 2, 3, -15 ] ], 
              [ [ 1, 3, 3, 1, 2, 2, 2, 2, 2, 3, 1, 2, 2, 3, 2, 1, 2, -15 ], [ 1, 1, 1, 3, 2, 2, 2, 2, 2, 1, 3, 2, 2, 1, 2, 3, 2, -15 ] ], 
              [ [ 1, 2, 4, 1, 2, 2, 2, 1, 2, 4, 1, 0, 3, 3, 1, 1, 1, -14 ], [ 1, 2, 0, 3, 2, 2, 2, 3, 2, 0, 3, 4, 1, 1, 3, 3, 3, -16 ] ], 
              [ [ 1, 3, 4, 1, 1, 1, 1, 1, 3, 4, 2, 1, 2, 2, 2, 0, 2, -14 ], [ 1, 1, 0, 3, 3, 3, 3, 3, 1, 0, 2, 3, 2, 2, 2, 4, 2, -16 ] ], 
              [ [ 1, 2, 2, 1, 1, 2, 2, 2, 3, 2, 2, 1, 1, 4, 1, 2, 3, -14 ], [ 1, 2, 2, 3, 3, 2, 2, 2, 1, 2, 2, 3, 3, 0, 3, 2, 1, -16 ] ], 
              [ [ 1, 2, 3, 0, 2, 3, 4, 2, 2, 2, 1, 2, 3, 4, 1, 1, 3, -15 ], [ 1, 2, 1, 4, 2, 1, 0, 2, 2, 2, 3, 2, 1, 0, 3, 3, 1, -15 ] ], 
              [ [ 1, 1, 3, 1, 2, 2, 2, 1, 2, 3, 0, 1, 3, 2, 2, 0, 2, -12 ], [ 1, 3, 1, 3, 2, 2, 2, 3, 2, 1, 4, 3, 1, 2, 2, 4, 2, -18 ] ], 
              [ [ 1, 2, 3, 2, 2, 3, 2, 3, 2, 3, 0, 1, 3, 3, 2, 0, 2, -15 ], [ 1, 2, 1, 2, 2, 1, 2, 1, 2, 1, 4, 3, 1, 1, 2, 4, 2, -15 ] ], 
              [ [ 1, 2, 3, 1, 1, 2, 2, 2, 2, 2, 1, 1, 2, 3, 2, 1, 2, -13 ], [ 1, 2, 1, 3, 3, 2, 2, 2, 2, 2, 3, 3, 2, 1, 2, 3, 2, -17 ] ], 
              [ [ 1, 2, 2, 1, 2, 2, 2, 1, 2, 3, 1, 1, 2, 3, 1, 4, 1, -14 ], [ 1, 2, 2, 3, 2, 2, 2, 3, 2, 1, 3, 3, 2, 1, 3, 0, 3, -16 ] ], 
              [ [ 1, 2, 2, 0, 1, 2, 3, 1, 3, 2, 2, 2, 2, 3, 1, 3, 3, -14 ], [ 1, 2, 2, 4, 3, 2, 1, 3, 1, 2, 2, 2, 2, 1, 3, 1, 1, -16 ] ], 
              [ [ 1, 3, 4, 0, 1, 2, 3, 1, 2, 3, 2, 1, 3, 3, 1, 3, 1, -15 ], [ 1, 1, 0, 4, 3, 2, 1, 3, 2, 1, 2, 3, 1, 1, 3, 1, 3, -15 ] ], 
              [ [ 1, 2, 3, 1, 1, 3, 3, 3, 1, 2, 1, 2, 3, 3, 2, 2, 1, -15 ], [ 1, 2, 1, 3, 3, 1, 1, 1, 3, 2, 3, 2, 1, 1, 2, 2, 3, -15 ] ], 
              [ [ 1, 3, 4, 1, 0, 2, 2, 2, 3, 3, 2, 1, 3, 2, 2, 1, 2, -15 ], [ 1, 1, 0, 3, 4, 2, 2, 2, 1, 1, 2, 3, 1, 2, 2, 3, 2, -15 ] ], 
              [ [ 1, 0, 1, 2, 4, 1, 2, 0, 2, 3, 1, 1, 0, 4, 1, 3, 3, -13 ], [ 1, 4, 3, 2, 0, 3, 2, 4, 2, 1, 3, 3, 4, 0, 3, 1, 1, -17 ] ], 
              [ [ 1, 1, 3, 1, 3, 1, 3, 0, 2, 3, 2, 1, 1, 4, 1, 2, 3, -14 ], [ 1, 3, 1, 3, 1, 3, 1, 4, 2, 1, 2, 3, 3, 0, 3, 2, 1, -16 ] ], 
              [ [ 1, 1, 3, 3, 3, 1, 1, 1, 2, 4, 1, 0, 1, 3, 2, 1, 2, -14 ], [ 1, 3, 1, 1, 1, 3, 3, 3, 2, 0, 3, 4, 3, 1, 2, 3, 2, -16 ] ], 
              [ [ 1, 2, 2, 2, 2, 1, 2, 1, 3, 3, 3, 1, 0, 4, 1, 4, 3, -16 ], [ 1, 2, 2, 2, 2, 3, 2, 3, 1, 1, 1, 3, 4, 0, 3, 0, 1, -14 ] ], 
              [ [ 1, 2, 3, 1, 3, 2, 4, 1, 2, 3, 2, 2, 2, 4, 1, 3, 3, -17 ], [ 1, 2, 1, 3, 1, 2, 0, 3, 2, 1, 2, 2, 2, 0, 3, 1, 1, -13 ] ], 
              [ [ 1, 1, 3, 2, 2, 1, 2, 1, 1, 3, 2, 1, 1, 3, 2, 3, 1, -14 ], [ 1, 3, 1, 2, 2, 3, 2, 3, 3, 1, 2, 3, 3, 1, 2, 1, 3, -16 ] ], 
              [ [ 1, 2, 3, 2, 2, 1, 2, 1, 2, 3, 2, 1, 1, 3, 2, 3, 2, -15 ], [ 1, 2, 1, 2, 2, 3, 2, 3, 2, 1, 2, 3, 3, 1, 2, 1, 2, -15 ] ], 
              [ [ 1, 1, 3, 1, 2, 2, 4, 1, 2, 2, 2, 1, 2, 4, 1, 3, 3, -15 ], [ 1, 3, 1, 3, 2, 2, 0, 3, 2, 2, 2, 3, 2, 0, 3, 1, 1, -15 ] ], 
              [ [ 1, 1, 1, 2, 2, 1, 1, 1, 2, 2, 1, 2, 1, 3, 1, 3, 3, -12 ], [ 1, 3, 3, 2, 2, 3, 3, 3, 2, 2, 3, 2, 3, 1, 3, 1, 1, -18 ] ], 
              [ [ 1, 1, 2, 1, 3, 2, 3, 1, 1, 2, 0, 3, 3, 3, 1, 2, 3, -13 ], [ 1, 3, 2, 3, 1, 2, 1, 3, 3, 2, 4, 1, 1, 1, 3, 2, 1, -17 ] ], 
              [ [ 1, 2, 3, 2, 2, 2, 2, 2, 2, 3, 1, 2, 3, 3, 1, 1, 3, -15 ], [ 1, 2, 1, 2, 2, 2, 2, 2, 2, 1, 3, 2, 1, 1, 3, 3, 1, -15 ] ], 
              [ [ 1, 2, 3, 2, 2, 1, 1, 1, 1, 3, 1, 1, 2, 3, 1, 3, 1, -13 ], [ 1, 2, 1, 2, 2, 3, 3, 3, 3, 1, 3, 3, 2, 1, 3, 1, 3, -17 ] ], 
              [ [ 1, 2, 3, 1, 1, 1, 2, 1, 2, 2, 2, 2, 2, 3, 1, 2, 3, -13 ], [ 1, 2, 1, 3, 3, 3, 2, 3, 2, 2, 2, 2, 2, 1, 3, 2, 1, -17 ] ], 
              [ [ 1, 2, 3, 3, 1, 1, 0, 2, 2, 3, 1, 1, 2, 2, 2, 1, 2, -13 ], [ 1, 2, 1, 1, 3, 3, 4, 2, 2, 1, 3, 3, 2, 2, 2, 3, 2, -17 ] ], 
              [ [ 1, 3, 3, 1, 1, 2, 3, 2, 2, 2, 2, 3, 3, 3, 1, 3, 3, -16 ], [ 1, 1, 1, 3, 3, 2, 1, 2, 2, 2, 2, 1, 1, 1, 3, 1, 1, -14 ] ], 
              [ [ 1, 1, 2, 3, 4, 1, 2, 1, 1, 3, 1, 2, 1, 4, 1, 3, 3, -15 ], [ 1, 3, 2, 1, 0, 3, 2, 3, 3, 1, 3, 2, 3, 0, 3, 1, 1, -15 ] ], 
              [ [ 1, 0, 2, 3, 3, 1, 2, 1, 1, 2, 1, 1, 1, 4, 1, 3, 3, -13 ], [ 1, 4, 2, 1, 1, 3, 2, 3, 3, 2, 3, 3, 3, 0, 3, 1, 1, -17 ] ], 
              [ [ 1, 2, 3, 2, 2, 0, 2, 0, 2, 3, 3, 2, 1, 3, 1, 4, 3, -15 ], [ 1, 2, 1, 2, 2, 4, 2, 4, 2, 1, 1, 2, 3, 1, 3, 0, 1, -15 ] ], 
              [ [ 1, 0, 2, 2, 3, 1, 3, 0, 1, 2, 1, 2, 2, 3, 1, 4, 3, -13 ], [ 1, 4, 2, 2, 1, 3, 1, 4, 3, 2, 3, 2, 2, 1, 3, 0, 1, -17 ] ], 
              [ [ 1, 1, 2, 3, 3, 2, 3, 2, 1, 2, 1, 2, 2, 4, 1, 4, 3, -16 ], [ 1, 3, 2, 1, 1, 2, 1, 2, 3, 2, 3, 2, 2, 0, 3, 0, 1, -14 ] ], 
              [ [ 1, 1, 3, 3, 2, 1, 2, 1, 2, 3, 2, 1, 2, 3, 1, 3, 3, -15 ], [ 1, 3, 1, 1, 2, 3, 2, 3, 2, 1, 2, 3, 2, 1, 3, 1, 1, -15 ] ], 
              [ [ 1, 1, 2, 0, 3, 2, 3, 1, 2, 3, 0, 1, 2, 4, 0, 1, 3, -12 ], [ 1, 3, 2, 4, 1, 2, 1, 3, 2, 1, 4, 3, 2, 0, 4, 3, 1, -18 ] ], 
              [ [ 1, 3, 3, 1, 1, 1, 1, 2, 2, 4, 2, 1, 1, 3, 1, 2, 1, -14 ], [ 1, 1, 1, 3, 3, 3, 3, 2, 2, 0, 2, 3, 3, 1, 3, 2, 3, -16 ] ], 
              [ [ 1, 3, 3, 0, 1, 2, 3, 2, 3, 3, 2, 1, 2, 4, 0, 2, 3, -15 ], [ 1, 1, 1, 4, 3, 2, 1, 2, 1, 1, 2, 3, 2, 0, 4, 2, 1, -15 ] ], 
              [ [ 1, 1, 2, 1, 2, 2, 2, 2, 1, 3, 0, 1, 2, 3, 1, 2, 1, -12 ], [ 1, 3, 2, 3, 2, 2, 2, 2, 3, 1, 4, 3, 2, 1, 3, 2, 3, -18 ] ], 
              [ [ 1, 2, 4, 0, 1, 2, 3, 2, 1, 3, 1, 1, 3, 3, 1, 1, 1, -13 ], [ 1, 2, 0, 4, 3, 2, 1, 2, 3, 1, 3, 3, 1, 1, 3, 3, 3, -17 ] ], 
              [ [ 1, 2, 2, 2, 2, 1, 1, 2, 2, 3, 1, 1, 1, 4, 0, 2, 3, -13 ], [ 1, 2, 2, 2, 2, 3, 3, 2, 2, 1, 3, 3, 3, 0, 4, 2, 1, -17 ] ], 
              [ [ 1, 2, 2, 1, 2, 1, 2, 1, 2, 3, 1, 2, 2, 3, 0, 3, 3, -13 ], [ 1, 2, 2, 3, 2, 3, 2, 3, 2, 1, 3, 2, 2, 1, 4, 1, 1, -17 ] ], 
              [ [ 1, 2, 3, 2, 2, 2, 2, 3, 0, 3, 0, 2, 3, 3, 1, 2, 1, -14 ], [ 1, 2, 1, 2, 2, 2, 2, 1, 4, 1, 4, 2, 1, 1, 3, 2, 3, -16 ] ], 
              [ [ 1, 1, 3, 2, 3, 1, 3, 1, 1, 3, 1, 1, 2, 4, 0, 3, 3, -14 ], [ 1, 3, 1, 2, 1, 3, 1, 3, 3, 1, 3, 3, 2, 0, 4, 1, 1, -16 ] ], 
              [ [ 1, 3, 1, 0, 2, 3, 2, 1, 4, 2, 2, 2, 2, 2, 2, 2, 2, -15 ], [ 1, 1, 3, 4, 2, 1, 2, 3, 0, 2, 2, 2, 2, 2, 2, 2, 2, -15 ] ], 
              [ [ 1, 2, 2, 0, 2, 3, 2, 1, 2, 2, 1, 2, 3, 1, 3, 1, 0, -13 ], [ 1, 2, 2, 4, 2, 1, 2, 3, 2, 2, 3, 2, 1, 3, 1, 3, 4, -17 ] ], 
              [ [ 1, 3, 2, 1, 2, 4, 2, 3, 2, 2, 1, 2, 3, 2, 3, 1, 0, -16 ], [ 1, 1, 2, 3, 2, 0, 2, 1, 2, 2, 3, 2, 1, 2, 1, 3, 4, -14 ] ], 
              [ [ 1, 3, 3, 1, 1, 3, 1, 2, 3, 3, 2, 1, 3, 1, 3, 0, 0, -15 ], [ 1, 1, 1, 3, 3, 1, 3, 2, 1, 1, 2, 3, 1, 3, 1, 4, 4, -15 ] ], 
              [ [ 1, 4, 3, 1, 1, 3, 1, 2, 4, 3, 2, 1, 3, 1, 3, 0, 1, -16 ], [ 1, 0, 1, 3, 3, 1, 3, 2, 0, 1, 2, 3, 1, 3, 1, 4, 3, -14 ] ], 
              [ [ 1, 4, 3, 0, 0, 3, 2, 2, 3, 2, 3, 2, 3, 1, 3, 2, 0, -16 ], [ 1, 0, 1, 4, 4, 1, 2, 2, 1, 2, 1, 2, 1, 3, 1, 2, 4, -14 ] ], 
              [ [ 1, 2, 2, 2, 3, 2, 1, 1, 2, 3, 2, 1, 1, 2, 3, 2, 0, -15 ], [ 1, 2, 2, 2, 1, 2, 3, 3, 2, 1, 2, 3, 3, 2, 1, 2, 4, -15 ] ], 
              [ [ 1, 2, 2, 1, 2, 2, 2, 1, 3, 2, 3, 2, 1, 2, 3, 1, 2, -15 ], [ 1, 2, 2, 3, 2, 2, 2, 3, 1, 2, 1, 2, 3, 2, 1, 3, 2, -15 ] ], 
              [ [ 1, 2, 2, 1, 3, 3, 3, 1, 3, 2, 2, 1, 2, 3, 2, 2, 2, -16 ], [ 1, 2, 2, 3, 1, 1, 1, 3, 1, 2, 2, 3, 2, 1, 2, 2, 2, -14 ] ], 
              [ [ 1, 3, 2, 1, 2, 2, 2, 1, 4, 2, 3, 2, 1, 2, 3, 1, 3, -16 ], [ 1, 1, 2, 3, 2, 2, 2, 3, 0, 2, 1, 2, 3, 2, 1, 3, 1, -14 ] ], 
              [ [ 1, 2, 2, 3, 2, 2, 0, 2, 3, 3, 2, 1, 1, 1, 4, 0, 1, -15 ], [ 1, 2, 2, 1, 2, 2, 4, 2, 1, 1, 2, 3, 3, 3, 0, 4, 3, -15 ] ], 
              [ [ 1, 2, 2, 2, 2, 3, 2, 2, 4, 2, 2, 1, 2, 2, 3, 0, 3, -16 ], [ 1, 2, 2, 2, 2, 1, 2, 2, 0, 2, 2, 3, 2, 2, 1, 4, 1, -14 ] ], 
              [ [ 1, 3, 2, 1, 2, 3, 3, 2, 3, 2, 3, 3, 2, 2, 3, 2, 2, -18 ], [ 1, 1, 2, 3, 2, 1, 1, 2, 1, 2, 1, 1, 2, 2, 1, 2, 2, -12 ] ], 
              [ [ 1, 2, 2, 2, 2, 3, 2, 2, 2, 2, 2, 1, 2, 2, 3, 3, 0, -16 ], [ 1, 2, 2, 2, 2, 1, 2, 2, 2, 2, 2, 3, 2, 2, 1, 1, 4, -14 ] ], 
              [ [ 1, 3, 2, 2, 1, 2, 1, 2, 3, 2, 3, 2, 1, 1, 4, 2, 1, -16 ], [ 1, 1, 2, 2, 3, 2, 3, 2, 1, 2, 1, 2, 3, 3, 0, 2, 3, -14 ] ], 
              [ [ 1, 2, 2, 1, 1, 3, 3, 2, 3, 1, 3, 2, 2, 2, 3, 2, 2, -16 ], [ 1, 2, 2, 3, 3, 1, 1, 2, 1, 3, 1, 2, 2, 2, 1, 2, 2, -14 ] ], 
              [ [ 1, 2, 2, 1, 2, 3, 2, 1, 3, 2, 1, 2, 4, 1, 2, 1, 2, -14 ], [ 1, 2, 2, 3, 2, 1, 2, 3, 1, 2, 3, 2, 0, 3, 2, 3, 2, -16 ] ], 
              [ [ 1, 3, 2, 2, 1, 2, 0, 2, 2, 2, 2, 2, 2, 1, 3, 2, 0, -14 ], [ 1, 1, 2, 2, 3, 2, 4, 2, 2, 2, 2, 2, 2, 3, 1, 2, 4, -16 ] ], 
              [ [ 1, 3, 2, 1, 1, 3, 2, 2, 3, 1, 2, 2, 3, 2, 2, 2, 2, -15 ], [ 1, 1, 2, 3, 3, 1, 2, 2, 1, 3, 2, 2, 1, 2, 2, 2, 2, -15 ] ], 
              [ [ 1, 1, 1, 2, 4, 2, 2, 0, 2, 2, 1, 2, 2, 2, 2, 3, 2, -14 ], [ 1, 3, 3, 2, 0, 2, 2, 4, 2, 2, 3, 2, 2, 2, 2, 1, 2, -16 ] ], 
              [ [ 1, 2, 1, 3, 3, 2, 1, 2, 2, 2, 2, 3, 1, 2, 3, 2, 2, -16 ], [ 1, 2, 3, 1, 1, 2, 3, 2, 2, 2, 2, 1, 3, 2, 1, 2, 2, -14 ] ], 
              [ [ 1, 2, 2, 3, 3, 2, 1, 1, 3, 3, 2, 1, 2, 2, 2, 2, 2, -16 ], [ 1, 2, 2, 1, 1, 2, 3, 3, 1, 1, 2, 3, 2, 2, 2, 2, 2, -14 ] ], 
              [ [ 1, 3, 2, 3, 2, 1, 0, 1, 4, 3, 3, 2, 1, 1, 3, 1, 3, -16 ], [ 1, 1, 2, 1, 2, 3, 4, 3, 0, 1, 1, 2, 3, 3, 1, 3, 1, -14 ] ], 
              [ [ 1, 1, 1, 1, 3, 2, 3, 0, 3, 1, 2, 3, 2, 2, 2, 2, 4, -14 ], [ 1, 3, 3, 3, 1, 2, 1, 4, 1, 3, 2, 1, 2, 2, 2, 2, 0, -16 ] ], 
              [ [ 1, 2, 1, 2, 3, 3, 3, 2, 3, 1, 2, 3, 2, 3, 2, 2, 4, -17 ], [ 1, 2, 3, 2, 1, 1, 1, 2, 1, 3, 2, 1, 2, 1, 2, 2, 0, -13 ] ], 
              [ [ 1, 2, 2, 2, 2, 2, 2, 1, 4, 2, 3, 2, 2, 2, 2, 1, 4, -16 ], [ 1, 2, 2, 2, 2, 2, 2, 3, 0, 2, 1, 2, 2, 2, 2, 3, 0, -14 ] ], 
              [ [ 1, 2, 2, 2, 2, 1, 1, 0, 3, 2, 3, 1, 1, 2, 2, 3, 2, -14 ], [ 1, 2, 2, 2, 2, 3, 3, 4, 1, 2, 1, 3, 3, 2, 2, 1, 2, -16 ] ], 
              [ [ 1, 1, 1, 3, 3, 2, 1, 1, 3, 2, 1, 2, 2, 1, 3, 1, 3, -14 ], [ 1, 3, 3, 1, 1, 2, 3, 3, 1, 2, 3, 2, 2, 3, 1, 3, 1, -16 ] ], 
              [ [ 1, 1, 1, 3, 2, 2, 1, 2, 2, 1, 2, 2, 1, 2, 3, 2, 2, -14 ], [ 1, 3, 3, 1, 2, 2, 3, 2, 2, 3, 2, 2, 3, 2, 1, 2, 2, -16 ] ], 
              [ [ 1, 2, 1, 3, 2, 2, 1, 2, 3, 1, 2, 2, 1, 2, 3, 2, 3, -15 ], [ 1, 2, 3, 1, 2, 2, 3, 2, 1, 3, 2, 2, 3, 2, 1, 2, 1, -15 ] ], 
              [ [ 1, 1, 2, 2, 3, 3, 3, 2, 1, 1, 1, 3, 3, 2, 3, 1, 2, -15 ], [ 1, 3, 2, 2, 1, 1, 1, 2, 3, 3, 3, 1, 1, 2, 1, 3, 2, -15 ] ], 
              [ [ 1, 2, 2, 3, 1, 1, 0, 1, 4, 2, 3, 1, 1, 1, 3, 1, 3, -14 ], [ 1, 2, 2, 1, 3, 3, 4, 3, 0, 2, 1, 3, 3, 3, 1, 3, 1, -16 ] ], 
              [ [ 1, 2, 3, 2, 2, 2, 2, 1, 3, 2, 2, 2, 3, 1, 3, 0, 3, -15 ], [ 1, 2, 1, 2, 2, 2, 2, 3, 1, 2, 2, 2, 1, 3, 1, 4, 1, -15 ] ], 
              [ [ 1, 2, 2, 2, 2, 2, 2, 1, 2, 2, 3, 2, 2, 2, 2, 4, 1, -16 ], [ 1, 2, 2, 2, 2, 2, 2, 3, 2, 2, 1, 2, 2, 2, 2, 0, 3, -14 ] ], 
              [ [ 1, 3, 2, 2, 1, 1, 1, 1, 3, 2, 4, 3, 1, 1, 3, 3, 2, -16 ], [ 1, 1, 2, 2, 3, 3, 3, 3, 1, 2, 0, 1, 3, 3, 1, 1, 2, -14 ] ], 
              [ [ 1, 3, 2, 2, 2, 2, 2, 1, 3, 2, 3, 2, 2, 2, 2, 4, 2, -17 ], [ 1, 1, 2, 2, 2, 2, 2, 3, 1, 2, 1, 2, 2, 2, 2, 0, 2, -13 ] ], 
              [ [ 1, 3, 2, 1, 1, 2, 3, 1, 4, 1, 4, 3, 2, 2, 2, 3, 4, -17 ], [ 1, 1, 2, 3, 3, 2, 1, 3, 0, 3, 0, 1, 2, 2, 2, 1, 0, -13 ] ], 
              [ [ 1, 1, 1, 2, 2, 2, 2, 1, 2, 1, 2, 3, 2, 1, 3, 3, 2, -14 ], [ 1, 3, 3, 2, 2, 2, 2, 3, 2, 3, 2, 1, 2, 3, 1, 1, 2, -16 ] ], 
              [ [ 1, 2, 1, 3, 2, 3, 2, 3, 2, 1, 2, 3, 2, 2, 3, 3, 2, -17 ], [ 1, 2, 3, 1, 2, 1, 2, 1, 2, 3, 2, 1, 2, 2, 1, 1, 2, -13 ] ], 
              [ [ 1, 2, 2, 3, 1, 2, 1, 2, 3, 2, 3, 2, 2, 1, 3, 2, 2, -16 ], [ 1, 2, 2, 1, 3, 2, 3, 2, 1, 2, 1, 2, 2, 3, 1, 2, 2, -14 ] ], 
              [ [ 1, 3, 2, 3, 1, 2, 1, 2, 4, 2, 3, 2, 2, 1, 3, 2, 3, -17 ], [ 1, 1, 2, 1, 3, 2, 3, 2, 0, 2, 1, 2, 2, 3, 1, 2, 1, -13 ] ], 
              [ [ 1, 2, 3, 2, 2, 3, 3, 2, 2, 2, 2, 3, 4, 1, 3, 1, 2, -17 ], [ 1, 2, 1, 2, 2, 1, 1, 2, 2, 2, 2, 1, 0, 3, 1, 3, 2, -13 ] ], 
              [ [ 1, 2, 3, 2, 2, 2, 2, 1, 1, 2, 2, 2, 3, 1, 3, 3, 0, -15 ], [ 1, 2, 1, 2, 2, 2, 2, 3, 3, 2, 2, 2, 1, 3, 1, 1, 4, -15 ] ], 
              [ [ 1, 2, 3, 1, 1, 2, 3, 1, 2, 1, 3, 3, 3, 1, 3, 2, 2, -15 ], [ 1, 2, 1, 3, 3, 2, 1, 3, 2, 3, 1, 1, 1, 3, 1, 2, 2, -15 ] ], 
              [ [ 1, 3, 3, 2, 1, 3, 3, 3, 2, 1, 3, 3, 3, 2, 3, 2, 2, -18 ], [ 1, 1, 1, 2, 3, 1, 1, 1, 2, 3, 1, 1, 1, 2, 1, 2, 2, -12 ] ], 
              [ [ 1, 2, 3, 3, 1, 2, 1, 2, 2, 2, 2, 2, 3, 0, 4, 1, 1, -15 ], [ 1, 2, 1, 1, 3, 2, 3, 2, 2, 2, 2, 2, 1, 4, 0, 3, 3, -15 ] ], 
              [ [ 1, 1, 1, 3, 4, 1, 2, 0, 3, 2, 3, 2, 0, 3, 2, 3, 4, -16 ], [ 1, 3, 3, 1, 0, 3, 2, 4, 1, 2, 1, 2, 4, 1, 2, 1, 0, -14 ] ], 
              [ [ 1, 1, 1, 4, 3, 1, 1, 1, 2, 2, 3, 2, 0, 2, 3, 4, 2, -16 ], [ 1, 3, 3, 0, 1, 3, 3, 3, 2, 2, 1, 2, 4, 2, 1, 0, 2, -14 ] ], 
              [ [ 1, 1, 2, 3, 4, 2, 3, 1, 1, 2, 2, 3, 2, 2, 3, 3, 2, -17 ], [ 1, 3, 2, 1, 0, 2, 1, 3, 3, 2, 2, 1, 2, 2, 1, 1, 2, -13 ] ], 
              [ [ 1, 1, 1, 3, 3, 2, 3, 1, 3, 1, 3, 2, 1, 3, 2, 4, 4, -17 ], [ 1, 3, 3, 1, 1, 2, 1, 3, 1, 3, 1, 2, 3, 1, 2, 0, 0, -13 ] ], 
              [ [ 1, 2, 3, 3, 2, 1, 2, 1, 2, 2, 4, 2, 1, 2, 3, 3, 2, -17 ], [ 1, 2, 1, 1, 2, 3, 2, 3, 2, 2, 0, 2, 3, 2, 1, 1, 2, -13 ] ], 
              [ [ 1, 0, 2, 3, 3, 2, 3, 1, 1, 1, 2, 2, 2, 2, 3, 3, 2, -15 ], [ 1, 4, 2, 1, 1, 2, 1, 3, 3, 3, 2, 2, 2, 2, 1, 1, 2, -15 ] ], 
              [ [ 1, 2, 1, 3, 2, 1, 1, 1, 3, 1, 3, 3, 1, 2, 2, 3, 4, -15 ], [ 1, 2, 3, 1, 2, 3, 3, 3, 1, 3, 1, 1, 3, 2, 2, 1, 0, -15 ] ], 
              [ [ 1, 2, 2, 3, 2, 2, 2, 2, 1, 1, 2, 4, 3, 1, 3, 3, 2, -16 ], [ 1, 2, 2, 1, 2, 2, 2, 2, 3, 3, 2, 0, 1, 3, 1, 1, 2, -14 ] ], 
              [ [ 1, 1, 2, 3, 3, 1, 3, 0, 2, 1, 3, 3, 2, 2, 2, 4, 4, -16 ], [ 1, 3, 2, 1, 1, 3, 1, 4, 2, 3, 1, 1, 2, 2, 2, 0, 0, -14 ] ], 
              [ [ 1, 2, 1, 1, 3, 3, 1, 2, 2, 3, 0, 1, 2, 2, 2, 1, 0, -13 ], [ 1, 2, 3, 3, 1, 1, 3, 2, 2, 1, 4, 3, 2, 2, 2, 3, 4, -17 ] ], 
              [ [ 1, 2, 1, 0, 2, 3, 2, 2, 3, 2, 1, 2, 2, 2, 2, 0, 2, -13 ], [ 1, 2, 3, 4, 2, 1, 2, 2, 1, 2, 3, 2, 2, 2, 2, 4, 2, -17 ] ], 
              [ [ 1, 3, 2, 1, 1, 2, 0, 2, 3, 3, 2, 0, 1, 2, 2, 1, 0, -13 ], [ 1, 1, 2, 3, 3, 2, 4, 2, 1, 1, 2, 4, 3, 2, 2, 3, 4, -17 ] ], 
              [ [ 1, 3, 3, 0, 2, 3, 2, 2, 2, 3, 1, 1, 3, 2, 2, 0, 0, -14 ], [ 1, 1, 1, 4, 2, 1, 2, 2, 2, 1, 3, 3, 1, 2, 2, 4, 4, -16 ] ], 
              [ [ 1, 3, 3, 1, 1, 3, 1, 3, 3, 3, 1, 1, 3, 1, 3, -2, 1, -14 ], [ 1, 1, 1, 3, 3, 1, 3, 1, 1, 1, 3, 3, 1, 3, 1, 6, 3, -16 ] ], 
              [ [ 1, 3, 2, 0, 1, 2, 1, 1, 3, 3, 2, 1, 2, 1, 2, 2, 0, -13 ], [ 1, 1, 2, 4, 3, 2, 3, 3, 1, 1, 2, 3, 2, 3, 2, 2, 4, -17 ] ], 
              [ [ 1, 4, 2, 1, 1, 3, 1, 3, 3, 3, 2, 1, 2, 2, 2, 2, 0, -16 ], [ 1, 0, 2, 3, 3, 1, 3, 1, 1, 1, 2, 3, 2, 2, 2, 2, 4, -14 ] ], 
              [ [ 1, 4, 2, 0, 0, 3, 2, 3, 4, 2, 3, 2, 2, 2, 2, 1, 2, -16 ], [ 1, 0, 2, 4, 4, 1, 2, 1, 0, 2, 1, 2, 2, 2, 2, 3, 2, -14 ] ], 
              [ [ 1, 3, 3, 1, 1, 3, 1, 3, 1, 3, 1, 1, 3, 1, 3, 1, -2, -14 ], [ 1, 1, 1, 3, 3, 1, 3, 1, 3, 1, 3, 3, 1, 3, 1, 3, 6, -16 ] ], 
              [ [ 1, 3, 3, 0, 0, 3, 2, 3, 2, 2, 2, 2, 3, 1, 3, 0, 0, -14 ], [ 1, 1, 1, 4, 4, 1, 2, 1, 2, 2, 2, 2, 1, 3, 1, 4, 4, -16 ] ], 
              [ [ 1, 3, 3, 0, 1, 4, 3, 3, 2, 2, 1, 1, 4, 2, 2, 1, 0, -15 ], [ 1, 1, 1, 4, 3, 0, 1, 1, 2, 2, 3, 3, 0, 2, 2, 3, 4, -15 ] ], 
              [ [ 1, 4, 3, 0, 0, 3, 2, 3, 3, 2, 2, 2, 3, 1, 3, 0, 1, -15 ], [ 1, 0, 1, 4, 4, 1, 2, 1, 1, 2, 2, 2, 1, 3, 1, 4, 3, -15 ] ], 
              [ [ 1, 2, 1, 2, 3, 2, 1, 2, 3, 3, 2, 1, 0, 3, 2, 1, 2, -15 ], [ 1, 2, 3, 2, 1, 2, 3, 2, 1, 1, 2, 3, 4, 1, 2, 3, 2, -15 ] ], 
              [ [ 1, 2, 2, 2, 3, 2, 1, 2, 2, 3, 1, 1, 1, 2, 3, 0, 1, -14 ], [ 1, 2, 2, 2, 1, 2, 3, 2, 2, 1, 3, 3, 3, 2, 1, 4, 3, -16 ] ], 
              [ [ 1, 1, 2, 1, 3, 3, 3, 2, 2, 2, 1, 1, 2, 3, 2, 0, 2, -14 ], [ 1, 3, 2, 3, 1, 1, 1, 2, 2, 2, 3, 3, 2, 1, 2, 4, 2, -16 ] ], 
              [ [ 1, 2, 1, 1, 3, 2, 2, 1, 3, 3, 2, 2, 1, 2, 2, 2, 2, -15 ], [ 1, 2, 3, 3, 1, 2, 2, 3, 1, 1, 2, 2, 3, 2, 2, 2, 2, -15 ] ], 
              [ [ 1, 3, 1, 1, 2, 2, 2, 2, 3, 2, 3, 2, 0, 3, 2, 3, 2, -16 ], [ 1, 1, 3, 3, 2, 2, 2, 2, 1, 2, 1, 2, 4, 1, 2, 1, 2, -14 ] ], 
              [ [ 1, 3, 2, 1, 1, 1, 1, 1, 4, 3, 4, 1, 0, 2, 2, 2, 2, -15 ], [ 1, 1, 2, 3, 3, 3, 3, 3, 0, 1, 0, 3, 4, 2, 2, 2, 2, -15 ] ], 
              [ [ 1, 3, 3, 0, 2, 2, 3, 1, 3, 3, 3, 2, 2, 2, 2, 1, 2, -16 ], [ 1, 1, 1, 4, 2, 2, 1, 3, 1, 1, 1, 2, 2, 2, 2, 3, 2, -14 ] ], 
              [ [ 1, 2, 2, 2, 3, 3, 2, 3, 1, 3, 1, 2, 2, 2, 3, 1, 0, -16 ], [ 1, 2, 2, 2, 1, 1, 2, 1, 3, 1, 3, 2, 2, 2, 1, 3, 4, -14 ] ], 
              [ [ 1, 3, 3, 2, 2, 2, 1, 2, 3, 4, 2, 1, 2, 1, 3, 0, 1, -16 ], [ 1, 1, 1, 2, 2, 2, 3, 2, 1, 0, 2, 3, 2, 3, 1, 4, 3, -14 ] ], 
              [ [ 1, 1, 1, 1, 2, 2, 2, 1, 3, 2, 2, 1, 1, 2, 2, 2, 2, -13 ], [ 1, 3, 3, 3, 2, 2, 2, 3, 1, 2, 2, 3, 3, 2, 2, 2, 2, -17 ] ], 
              [ [ 1, 2, 1, 2, 2, 3, 2, 3, 3, 2, 2, 1, 1, 3, 2, 2, 2, -16 ], [ 1, 2, 3, 2, 2, 1, 2, 1, 1, 2, 2, 3, 3, 1, 2, 2, 2, -14 ] ], 
              [ [ 1, 1, 2, 0, 3, 3, 4, 1, 2, 2, 1, 2, 3, 2, 2, 1, 2, -14 ], [ 1, 3, 2, 4, 1, 1, 0, 3, 2, 2, 3, 2, 1, 2, 2, 3, 2, -16 ] ], 
              [ [ 1, 2, 2, 1, 3, 4, 4, 3, 2, 2, 1, 2, 3, 3, 2, 1, 2, -17 ], [ 1, 2, 2, 3, 1, 0, 0, 1, 2, 2, 3, 2, 1, 1, 2, 3, 2, -13 ] ], 
              [ [ 1, 2, 2, 1, 2, 2, 2, 2, 1, 2, 2, 2, 1, 2, 3, 2, 0, -14 ], [ 1, 2, 2, 3, 2, 2, 2, 2, 3, 2, 2, 2, 3, 2, 1, 2, 4, -16 ] ], 
              [ [ 1, 2, 3, 1, 2, 3, 3, 2, 3, 3, 2, 1, 3, 2, 2, 0, 2, -16 ], [ 1, 2, 1, 3, 2, 1, 1, 2, 1, 1, 2, 3, 1, 2, 2, 4, 2, -14 ] ], 
              [ [ 1, 2, 3, 1, 2, 2, 2, 1, 2, 3, 2, 0, 2, 2, 2, 2, 0, -14 ], [ 1, 2, 1, 3, 2, 2, 2, 3, 2, 1, 2, 4, 2, 2, 2, 2, 4, -16 ] ], 
              [ [ 1, 3, 3, 1, 1, 1, 1, 1, 3, 3, 3, 1, 1, 1, 3, 1, 1, -14 ], [ 1, 1, 1, 3, 3, 3, 3, 3, 1, 1, 1, 3, 3, 3, 1, 3, 3, -16 ] ], 
              [ [ 1, 3, 3, 2, 1, 2, 1, 3, 2, 3, 3, 1, 1, 2, 3, 1, 0, -16 ], [ 1, 1, 1, 2, 3, 2, 3, 1, 2, 1, 1, 3, 3, 2, 1, 3, 4, -14 ] ], 
              [ [ 1, 4, 3, 2, 1, 2, 1, 3, 3, 3, 3, 1, 1, 2, 3, 1, 1, -17 ], [ 1, 0, 1, 2, 3, 2, 3, 1, 1, 1, 1, 3, 3, 2, 1, 3, 3, -13 ] ], 
              [ [ 1, 2, 2, 0, 2, 3, 4, 2, 2, 1, 2, 2, 2, 3, 2, 2, 2, -15 ], [ 1, 2, 2, 4, 2, 1, 0, 2, 2, 3, 2, 2, 2, 1, 2, 2, 2, -15 ] ], 
              [ [ 1, 2, 3, 0, 1, 2, 3, 1, 3, 2, 3, 1, 2, 2, 2, 1, 2, -14 ], [ 1, 2, 1, 4, 3, 2, 1, 3, 1, 2, 1, 3, 2, 2, 2, 3, 2, -16 ] ], 
              [ [ 1, 3, 3, 1, 1, 3, 3, 3, 3, 2, 3, 1, 2, 3, 2, 1, 2, -17 ], [ 1, 1, 1, 3, 3, 1, 1, 1, 1, 2, 1, 3, 2, 1, 2, 3, 2, -13 ] ], 
              [ [ 1, 1, 2, 2, 2, 3, 2, 3, 1, 2, 1, 1, 2, 2, 3, 1, 0, -14 ], [ 1, 3, 2, 2, 2, 1, 2, 1, 3, 2, 3, 3, 2, 2, 1, 3, 4, -16 ] ], 
              [ [ 1, 2, 2, 2, 2, 3, 2, 3, 2, 2, 1, 1, 2, 2, 3, 1, 1, -15 ], [ 1, 2, 2, 2, 2, 1, 2, 1, 2, 2, 3, 3, 2, 2, 1, 3, 3, -15 ] ], 
              [ [ 1, 2, 3, 2, 1, 2, 1, 2, 3, 3, 2, 0, 2, 1, 3, 0, 1, -14 ], [ 1, 2, 1, 2, 3, 2, 3, 2, 1, 1, 2, 4, 2, 3, 1, 4, 3, -16 ] ], 
              [ [ 1, 3, 3, 1, 1, 2, 2, 2, 2, 3, 3, 2, 2, 1, 3, 2, 0, -16 ], [ 1, 1, 1, 3, 3, 2, 2, 2, 2, 1, 1, 2, 2, 3, 1, 2, 4, -14 ] ], 
              [ [ 1, 3, 3, 0, 1, 3, 4, 2, 3, 2, 3, 2, 3, 2, 2, 2, 2, -17 ], [ 1, 1, 1, 4, 3, 1, 0, 2, 1, 2, 1, 2, 1, 2, 2, 2, 2, -13 ] ], 
              [ [ 1, 1, 2, 2, 4, 2, 3, 1, 2, 3, 2, 1, 1, 3, 2, 2, 2, -16 ], [ 1, 3, 2, 2, 0, 2, 1, 3, 2, 1, 2, 3, 3, 1, 2, 2, 2, -14 ] ], 
              [ [ 1, 2, 1, 1, 2, 2, 1, 1, 3, 2, 1, 1, 2, 2, 1, 2, 2, -12 ], [ 1, 2, 3, 3, 2, 2, 3, 3, 1, 2, 3, 3, 2, 2, 3, 2, 2, -18 ] ], 
              [ [ 1, 3, 1, 2, 1, 2, 0, 3, 3, 2, 2, 2, 1, 2, 2, 1, 2, -14 ], [ 1, 1, 3, 2, 3, 2, 4, 1, 1, 2, 2, 2, 3, 2, 2, 3, 2, -16 ] ], 
              [ [ 1, 3, 2, 1, 2, 3, 2, 3, 2, 2, 1, 3, 3, 2, 2, 0, 2, -15 ], [ 1, 1, 2, 3, 2, 1, 2, 1, 2, 2, 3, 1, 1, 2, 2, 4, 2, -15 ] ], 
              [ [ 1, 2, 2, 2, 2, 3, 1, 3, 1, 2, 0, 1, 3, 2, 2, 1, 0, -13 ], [ 1, 2, 2, 2, 2, 1, 3, 1, 3, 2, 4, 3, 1, 2, 2, 3, 4, -17 ] ], 
              [ [ 1, 3, 2, 2, 1, 2, 0, 3, 2, 2, 1, 2, 2, 1, 3, 0, 1, -13 ], [ 1, 1, 2, 2, 3, 2, 4, 1, 2, 2, 3, 2, 2, 3, 1, 4, 3, -17 ] ], 
              [ [ 1, 2, 2, 1, 1, 3, 2, 3, 2, 1, 1, 2, 3, 2, 2, 0, 2, -13 ], [ 1, 2, 2, 3, 3, 1, 2, 1, 2, 3, 3, 2, 1, 2, 2, 4, 2, -17 ] ], 
              [ [ 1, 2, 1, 1, 2, 3, 2, 2, 2, 2, 1, 2, 3, 2, 1, 3, 1, -14 ], [ 1, 2, 3, 3, 2, 1, 2, 2, 2, 2, 3, 2, 1, 2, 3, 1, 3, -16 ] ], 
              [ [ 1, 3, 1, 1, 1, 2, 1, 2, 3, 2, 2, 3, 2, 1, 2, 2, 2, -14 ], [ 1, 1, 3, 3, 3, 2, 3, 2, 1, 2, 2, 1, 2, 3, 2, 2, 2, -16 ] ], 
              [ [ 1, 4, 3, 1, 1, 2, 1, 2, 2, 3, 2, 2, 3, 1, 2, 2, 0, -15 ], [ 1, 0, 1, 3, 3, 2, 3, 2, 2, 1, 2, 2, 1, 3, 2, 2, 4, -15 ] ], 
              [ [ 1, 3, 3, 0, 1, 3, 3, 2, 2, 2, 2, 2, 4, 2, 1, 2, 1, -15 ], [ 1, 1, 1, 4, 3, 1, 1, 2, 2, 2, 2, 2, 0, 2, 3, 2, 3, -15 ] ], 
              [ [ 1, 4, 3, 0, 0, 2, 2, 2, 3, 2, 3, 3, 3, 1, 2, 1, 2, -15 ], [ 1, 0, 1, 4, 4, 2, 2, 2, 1, 2, 1, 1, 1, 3, 2, 3, 2, -15 ] ], 
              [ [ 1, 2, 2, 1, 2, 3, 2, 2, 1, 2, 0, 2, 4, 1, 2, 2, 0, -13 ], [ 1, 2, 2, 3, 2, 1, 2, 2, 3, 2, 4, 2, 0, 3, 2, 2, 4, -17 ] ], 
              [ [ 1, 3, 2, 2, 1, 3, 1, 4, 1, 2, 1, 3, 3, 1, 3, 1, 0, -15 ], [ 1, 1, 2, 2, 3, 1, 3, 0, 3, 2, 3, 1, 1, 3, 1, 3, 4, -15 ] ], 
              [ [ 1, 3, 3, 2, 1, 3, 1, 3, 2, 3, 1, 1, 4, 1, 2, 1, 0, -15 ], [ 1, 1, 1, 2, 3, 1, 3, 1, 2, 1, 3, 3, 0, 3, 2, 3, 4, -15 ] ], 
              [ [ 1, 4, 3, 2, 0, 2, 0, 3, 3, 3, 2, 2, 3, 0, 3, 0, 1, -15 ], [ 1, 0, 1, 2, 4, 2, 4, 1, 1, 1, 2, 2, 1, 4, 1, 4, 3, -15 ] ], 
              [ [ 1, 2, 2, 0, 1, 3, 3, 2, 2, 1, 1, 3, 4, 1, 2, 1, 2, -13 ], [ 1, 2, 2, 4, 3, 1, 1, 2, 2, 3, 3, 1, 0, 3, 2, 3, 2, -17 ] ], 
              [ [ 1, 3, 2, 1, 1, 4, 3, 4, 2, 1, 1, 3, 4, 2, 2, 1, 2, -16 ], [ 1, 1, 2, 3, 3, 0, 1, 0, 2, 3, 3, 1, 0, 2, 2, 3, 2, -14 ] ], 
              [ [ 1, 3, 3, 1, 0, 3, 2, 3, 3, 2, 2, 2, 4, 1, 2, 0, 2, -15 ], [ 1, 1, 1, 3, 4, 1, 2, 1, 1, 2, 2, 2, 0, 3, 2, 4, 2, -15 ] ], 
              [ [ 1, 3, 3, 1, 0, 2, 1, 2, 2, 2, 2, 1, 3, 1, 2, 2, 0, -13 ], [ 1, 1, 1, 3, 4, 2, 3, 2, 2, 2, 2, 3, 1, 3, 2, 2, 4, -17 ] ], 
              [ [ 1, 1, 0, 2, 4, 2, 2, 1, 3, 2, 1, 2, 1, 3, 1, 2, 4, -14 ], [ 1, 3, 4, 2, 0, 2, 2, 3, 1, 2, 3, 2, 3, 1, 3, 2, 0, -16 ] ], 
              [ [ 1, 2, 2, 2, 3, 1, 1, 1, 2, 3, 2, 2, 1, 2, 2, 1, 2, -14 ], [ 1, 2, 2, 2, 1, 3, 3, 3, 2, 1, 2, 2, 3, 2, 2, 3, 2, -16 ] ], 
              [ [ 1, 2, 1, 2, 2, 1, 1, 1, 4, 2, 3, 1, 0, 3, 1, 2, 4, -14 ], [ 1, 2, 3, 2, 2, 3, 3, 3, 0, 2, 1, 3, 4, 1, 3, 2, 0, -16 ] ], 
              [ [ 1, 2, 2, 1, 3, 2, 3, 1, 3, 2, 2, 2, 2, 3, 1, 1, 4, -15 ], [ 1, 2, 2, 3, 1, 2, 1, 3, 1, 2, 2, 2, 2, 1, 3, 3, 0, -15 ] ], 
              [ [ 1, 0, 1, 2, 4, 2, 2, 1, 1, 2, 0, 2, 2, 2, 2, 1, 2, -12 ], [ 1, 4, 3, 2, 0, 2, 2, 3, 3, 2, 4, 2, 2, 2, 2, 3, 2, -18 ] ], 
              [ [ 1, 1, 1, 3, 4, 3, 2, 3, 1, 2, 0, 2, 2, 3, 2, 1, 2, -15 ], [ 1, 3, 3, 1, 0, 1, 2, 1, 3, 2, 4, 2, 2, 1, 2, 3, 2, -15 ] ], 
              [ [ 1, 1, 2, 3, 3, 2, 1, 2, 2, 3, 1, 1, 2, 2, 2, 0, 2, -14 ], [ 1, 3, 2, 1, 1, 2, 3, 2, 2, 1, 3, 3, 2, 2, 2, 4, 2, -16 ] ], 
              [ [ 1, 2, 2, 3, 3, 2, 1, 2, 3, 3, 1, 1, 2, 2, 2, 0, 3, -15 ], [ 1, 2, 2, 1, 1, 2, 3, 2, 1, 1, 3, 3, 2, 2, 2, 4, 1, -15 ] ], 
              [ [ 1, 1, 1, 2, 3, 2, 2, 2, 1, 1, 1, 2, 1, 3, 2, 2, 2, -13 ], [ 1, 3, 3, 2, 1, 2, 2, 2, 3, 3, 3, 2, 3, 1, 2, 2, 2, -17 ] ], 
              [ [ 1, 1, 2, 2, 2, 1, 1, 1, 2, 2, 2, 1, 1, 2, 2, 1, 2, -12 ], [ 1, 3, 2, 2, 2, 3, 3, 3, 2, 2, 2, 3, 3, 2, 2, 3, 2, -18 ] ], 
              [ [ 1, 2, 2, 2, 2, 1, 1, 1, 3, 2, 2, 1, 1, 2, 2, 1, 3, -13 ], [ 1, 2, 2, 2, 2, 3, 3, 3, 1, 2, 2, 3, 3, 2, 2, 3, 1, -17 ] ], 
              [ [ 1, 2, 2, 3, 2, 2, 1, 3, 2, 2, 2, 1, 1, 3, 2, 1, 2, -15 ], [ 1, 2, 2, 1, 2, 2, 3, 1, 2, 2, 2, 3, 3, 1, 2, 3, 2, -15 ] ], 
              [ [ 1, 3, 1, 3, 2, 1, 0, 2, 3, 3, 3, 2, 0, 2, 2, 3, 2, -16 ], [ 1, 1, 3, 1, 2, 3, 4, 2, 1, 1, 1, 2, 4, 2, 2, 1, 2, -14 ] ], 
              [ [ 1, 3, 2, 2, 3, 2, 2, 2, 2, 3, 2, 3, 2, 2, 2, 2, 2, -17 ], [ 1, 1, 2, 2, 1, 2, 2, 2, 2, 1, 2, 1, 2, 2, 2, 2, 2, -13 ] ], 
              [ [ 1, 1, 0, 1, 3, 2, 3, 1, 2, 1, 2, 3, 1, 3, 1, 4, 3, -14 ], [ 1, 3, 4, 3, 1, 2, 1, 3, 2, 3, 2, 1, 3, 1, 3, 0, 1, -16 ] ], 
              [ [ 1, 2, 1, 1, 2, 1, 2, 0, 4, 2, 3, 2, 1, 2, 1, 3, 4, -14 ], [ 1, 2, 3, 3, 2, 3, 2, 4, 0, 2, 1, 2, 3, 2, 3, 1, 0, -16 ] ], 
              [ [ 1, 2, 1, 2, 2, 2, 2, 2, 3, 2, 3, 2, 1, 3, 1, 3, 3, -16 ], [ 1, 2, 3, 2, 2, 2, 2, 2, 1, 2, 1, 2, 3, 1, 3, 1, 1, -14 ] ], 
              [ [ 1, 3, 1, 2, 2, 2, 2, 2, 4, 2, 3, 2, 1, 3, 1, 3, 4, -17 ], [ 1, 1, 3, 2, 2, 2, 2, 2, 0, 2, 1, 2, 3, 1, 3, 1, 0, -13 ] ], 
              [ [ 1, 2, 2, 1, 3, 3, 4, 2, 2, 2, 2, 3, 3, 3, 1, 2, 3, -17 ], [ 1, 2, 2, 3, 1, 1, 0, 2, 2, 2, 2, 1, 1, 1, 3, 2, 1, -13 ] ], 
              [ [ 1, 2, 2, 1, 3, 2, 3, 1, 1, 2, 2, 2, 2, 3, 1, 4, 1, -15 ], [ 1, 2, 2, 3, 1, 2, 1, 3, 3, 2, 2, 2, 2, 1, 3, 0, 3, -15 ] ], 
              [ [ 1, 3, 2, 1, 2, 1, 2, 1, 2, 2, 3, 3, 1, 2, 2, 3, 2, -15 ], [ 1, 1, 2, 3, 2, 3, 2, 3, 2, 2, 1, 1, 3, 2, 2, 1, 2, -15 ] ], 
              [ [ 1, 4, 3, 2, 1, 1, 1, 2, 3, 3, 4, 2, 1, 2, 2, 2, 2, -17 ], [ 1, 0, 1, 2, 3, 3, 3, 2, 1, 1, 0, 2, 3, 2, 2, 2, 2, -13 ] ], 
              [ [ 1, 2, 2, 0, 2, 2, 4, 1, 2, 1, 3, 3, 2, 3, 1, 3, 3, -15 ], [ 1, 2, 2, 4, 2, 2, 0, 3, 2, 3, 1, 1, 2, 1, 3, 1, 1, -15 ] ], 
              [ [ 1, 1, 0, 3, 3, 2, 1, 2, 2, 2, 1, 2, 1, 2, 2, 3, 2, -14 ], [ 1, 3, 4, 1, 1, 2, 3, 2, 2, 2, 3, 2, 3, 2, 2, 1, 2, -16 ] ], 
              [ [ 1, 1, 1, 2, 4, 3, 3, 2, 1, 2, 0, 3, 3, 2, 2, 2, 2, -15 ], [ 1, 3, 3, 2, 0, 1, 1, 2, 3, 2, 4, 1, 1, 2, 2, 2, 2, -15 ] ], 
              [ [ 1, 1, 2, 2, 3, 2, 2, 1, 2, 3, 1, 2, 3, 1, 2, 1, 2, -14 ], [ 1, 3, 2, 2, 1, 2, 2, 3, 2, 1, 3, 2, 1, 3, 2, 3, 2, -16 ] ], 
              [ [ 1, 2, 2, 3, 3, 3, 2, 3, 2, 3, 1, 2, 3, 2, 2, 1, 2, -17 ], [ 1, 2, 2, 1, 1, 1, 2, 1, 2, 1, 3, 2, 1, 2, 2, 3, 2, -13 ] ], 
              [ [ 1, 2, 2, 3, 2, 1, 0, 2, 1, 3, 2, 2, 1, 1, 3, 2, 0, -14 ], [ 1, 2, 2, 1, 2, 3, 4, 2, 3, 1, 2, 2, 3, 3, 1, 2, 4, -16 ] ], 
              [ [ 1, 2, 2, 3, 3, 2, 1, 2, 1, 3, 1, 1, 2, 2, 2, 3, 0, -15 ], [ 1, 2, 2, 1, 1, 2, 3, 2, 3, 1, 3, 3, 2, 2, 2, 1, 4, -15 ] ], 
              [ [ 1, 3, 2, 3, 2, 1, 0, 2, 2, 3, 2, 2, 1, 1, 3, 2, 1, -15 ], [ 1, 1, 2, 1, 2, 3, 4, 2, 2, 1, 2, 2, 3, 3, 1, 2, 3, -15 ] ], 
              [ [ 1, 1, 1, 1, 3, 2, 3, 1, 1, 1, 1, 3, 2, 2, 2, 3, 2, -13 ], [ 1, 3, 3, 3, 1, 2, 1, 3, 3, 3, 3, 1, 2, 2, 2, 1, 2, -17 ] ], 
              [ [ 1, 1, 1, 2, 3, 3, 3, 3, 0, 1, 1, 3, 2, 3, 2, 3, 1, -15 ], [ 1, 3, 3, 2, 1, 1, 1, 1, 4, 3, 3, 1, 2, 1, 2, 1, 3, -15 ] ], 
              [ [ 1, 2, 1, 2, 3, 3, 3, 3, 1, 1, 1, 3, 2, 3, 2, 3, 2, -16 ], [ 1, 2, 3, 2, 1, 1, 1, 1, 3, 3, 3, 1, 2, 1, 2, 1, 2, -14 ] ], 
              [ [ 1, 2, 1, 3, 1, 1, 0, 2, 3, 2, 3, 1, 0, 2, 2, 3, 2, -14 ], [ 1, 2, 3, 1, 3, 3, 4, 2, 1, 2, 1, 3, 4, 2, 2, 1, 2, -16 ] ], 
              [ [ 1, 1, 2, 1, 2, 1, 2, 0, 2, 2, 2, 2, 2, 1, 2, 2, 2, -12 ], [ 1, 3, 2, 3, 2, 3, 2, 4, 2, 2, 2, 2, 2, 3, 2, 2, 2, -18 ] ], 
              [ [ 1, 1, 2, 2, 2, 2, 2, 2, 1, 2, 2, 2, 2, 2, 2, 2, 1, -14 ], [ 1, 3, 2, 2, 2, 2, 2, 2, 3, 2, 2, 2, 2, 2, 2, 2, 3, -16 ] ], 
              [ [ 1, 1, 2, 2, 3, 3, 3, 2, 1, 2, 1, 1, 3, 3, 1, 3, 1, -15 ], [ 1, 3, 2, 2, 1, 1, 1, 2, 3, 2, 3, 3, 1, 1, 3, 1, 3, -15 ] ] ],
          slins := [  ] ), 
      [ [ [ -24174566, -13698982, -7489946, -16757970, -10405450, -23211942, -10979486, -7202954, -5648958, -17681958, -19029454, -7612466, -2281994, 
                  -6023486, -10678466, -9110458, -5344486, -24699432 ], [ -13698982, -7762818, -4244349, -9496259, -5896479, -13153545, -6221757, 
                  -4081717, -3201111, -10019861, -10783447, -4313771, -1293141, -3413337, -6051185, -5162643, -3028569, -13996464 ], 
              [ -7489946, -4244349, -2320638, -5192121, -3223941, -7191765, -3401769, -2231713, -1750239, -5478405, -5895903, -2358585, -707031, -1866259, 
                  -3308517, -2822709, -1655883, -7652640 ], [ -16757970, -9496259, -5192121, -11616782, -7213171, -16090743, -7611079, -4993171, -3915927, 
                  -12257303, -13191401, -5277043, -1581901, -4175539, -7402419, -6315467, -3704849, -17121888 ], 
              [ -10405450, -5896479, -3223941, -7213171, -4478862, -9991179, -4725921, -3100405, -2431515, -7610891, -8190899, -3276665, -982245, 
                  -2592705, -4596365, -3921451, -2300441, -10631448 ], [ -23211942, -13153545, -7191765, -16090743, -9991179, -22287762, -10542327, 
                  -6916193, -5424069, -16977951, -18271797, -7309389, -2191137, -5783661, -10253311, -8747743, -5131697, -23716032 ], 
              [ -10979486, -6221757, -3401769, -7611079, -4725921, -10542327, -4986626, -3271423, -2565633, -8030737, -8642737, -3457409, -1036429, 
                  -2735727, -4849915, -4137765, -2427343, -11217912 ], [ -7202954, -4081717, -2231713, -4993171, -3100405, -6916193, -3271423, -2146198, 
                  -1683171, -5268487, -5669985, -2268207, -679939, -1794747, -3181743, -2714549, -1592435, -7359408 ], 
              [ -5648958, -3201111, -1750239, -3915927, -2431515, -5424069, -2565633, -1683171, -1320042, -4131843, -4446723, -1778859, -533247, -1407543, 
                  -2495301, -2128903, -1248875, -5771664 ], [ -17681958, -10019861, -5478405, -12257303, -7610891, -16977951, -8030737, -5268487, 
                  -4131843, -12933146, -13918745, -5568007, -1669123, -4405767, -7810575, -6663691, -3909129, -18065952 ], 
              [ -19029454, -10783447, -5895903, -13191401, -8190899, -18271797, -8642737, -5669985, -4446723, -13918745, -14979458, -5992333, -1796323, 
                  -4741521, -8405797, -7171513, -4207031, -19442712 ], [ -7612466, -4313771, -2358585, -5277043, -3276665, -7309389, -3457409, -2268207, 
                  -1778859, -5568007, -5992333, -2397158, -718595, -1896783, -3362627, -2868871, -1682965, -7777800 ], 
              [ -2281994, -1293141, -707031, -1581901, -982245, -2191137, -1036429, -679939, -533247, -1669123, -1796323, -718595, -215414, -568599, 
                  -1008015, -860001, -504503, -2331552 ], [ -6023486, -3413337, -1866259, -4175539, -2592705, -5783661, -2735727, -1794747, -1407543, 
                  -4405767, -4741521, -1896783, -568599, -1500858, -2660727, -2270033, -1331671, -6154296 ], 
              [ -10678466, -6051185, -3308517, -7402419, -4596365, -10253311, -4849915, -3181743, -2495301, -7810575, -8405797, -3362627, -1008015, 
                  -2660727, -4716958, -4024333, -2360799, -10910376 ], [ -9110458, -5162643, -2822709, -6315467, -3921451, -8747743, -4137765, -2714549, 
                  -2128903, -6663691, -7171513, -2868871, -860001, -2270033, -4024333, -3433414, -2014145, -9308328 ], 
              [ -5344486, -3028569, -1655883, -3704849, -2300441, -5131697, -2427343, -1592435, -1248875, -3909129, -4207031, -1682965, -504503, -1331671, 
                  -2360799, -2014145, -1181562, -5460552 ], [ -24699432, -13996464, -7652640, -17121888, -10631448, -23716032, -11217912, -7359408, 
                  -5771664, -18065952, -19442712, -7777800, -2331552, -6154296, -10910376, -9308328, -5460552, -25235832 ] ], 
          [ 1, 2, 2, 2, 2, 2, 2, 2, 2, 2, 2, 2, 2, 2, 2, 2, 2, -15 ] ] ], [ rec(
          nopss := [ 0, 282 ],
          scons := [ [ [ 1, 2, 2, 1, 1, 3, 2, 1, 4, 3, 0, 1, 2, 3, 1, -8, 2, -13 ], [ 1, 2, 2, 3, 3, 1, 2, 3, 0, 1, 4, 3, 2, 1, 3, -10, 2, -19 ] ], 
              [ [ 1, 2, 2, 2, 3, 2, 1, 0, 3, 3, 2, 2, 4, 3, 2, -9, 3, -18 ], [ 1, 2, 2, 2, 1, 2, 3, 4, 1, 1, 2, 2, 0, 1, 2, -9, 1, -14 ] ], 
              [ [ 1, 3, 1, 2, 2, 2, 1, 2, 3, 1, 2, 4, 4, 2, 2, -9, 1, -17 ], [ 1, 1, 3, 2, 2, 2, 3, 2, 1, 3, 2, 0, 0, 2, 2, -9, 3, -15 ] ], 
              [ [ 1, 1, 1, 2, 2, 3, 2, 1, 3, 3, 1, 3, 4, 2, 2, -8, 2, -17 ], [ 1, 3, 3, 2, 2, 1, 2, 3, 1, 1, 3, 1, 0, 2, 2, -10, 2, -15 ] ], 
              [ [ 1, 3, 3, 1, 1, 3, 2, 1, 3, 2, 3, 3, 2, 1, 1, -10, 2, -15 ], [ 1, 1, 1, 3, 3, 1, 2, 3, 1, 2, 1, 1, 2, 3, 3, -8, 2, -17 ] ], 
              [ [ 1, 2, 2, 0, 1, 3, 2, 1, 3, 3, 2, 2, 2, 1, 1, -8, 3, -14 ], [ 1, 2, 2, 4, 3, 1, 2, 3, 1, 1, 2, 2, 2, 3, 3, -10, 1, -18 ] ], 
              [ [ 1, 1, 3, 2, 2, 3, 3, 1, 2, 3, 2, 2, 3, 2, 2, -9, 3, -18 ], [ 1, 3, 1, 2, 2, 1, 1, 3, 2, 1, 2, 2, 1, 2, 2, -9, 1, -14 ] ], 
              [ [ 1, 2, 2, 3, 1, 2, 2, 2, 2, 1, 1, 3, 3, 2, 1, -8, 2, -16 ], [ 1, 2, 2, 1, 3, 2, 2, 2, 2, 3, 3, 1, 1, 2, 3, -10, 2, -16 ] ], 
              [ [ 1, 2, 2, 3, 2, 3, 2, 2, 3, 1, 1, 3, 3, 2, 1, -9, 2, -17 ], [ 1, 2, 2, 1, 2, 1, 2, 2, 1, 3, 3, 1, 1, 2, 3, -9, 2, -15 ] ], 
              [ [ 1, 1, 1, 2, 2, 3, 2, 2, 3, 2, 0, 2, 3, 2, 1, -7, 3, -16 ], [ 1, 3, 3, 2, 2, 1, 2, 2, 1, 2, 4, 2, 1, 2, 3, -11, 1, -16 ] ], 
              [ [ 1, 3, 3, 3, 2, 2, 1, 2, 1, 1, 3, 3, 2, 2, 1, -10, 1, -16 ], [ 1, 1, 1, 1, 2, 2, 3, 2, 3, 3, 1, 1, 2, 2, 3, -8, 3, -16 ] ], 
              [ [ 1, 1, 3, 3, 2, 3, 2, 1, 1, 3, 2, 2, 2, 2, 1, -9, 2, -16 ], [ 1, 3, 1, 1, 2, 1, 2, 3, 3, 1, 2, 2, 2, 2, 3, -9, 2, -16 ] ], 
              [ [ 1, 2, 2, 3, 2, 2, 2, 2, 2, 2, 3, 4, 2, 2, 1, -9, 2, -18 ], [ 1, 2, 2, 1, 2, 2, 2, 2, 2, 2, 1, 0, 2, 2, 3, -9, 2, -14 ] ], 
              [ [ 1, 2, 2, 2, 2, 2, 1, 2, 1, 2, 2, 2, 2, 2, 1, -8, 2, -15 ], [ 1, 2, 2, 2, 2, 2, 3, 2, 3, 2, 2, 2, 2, 2, 3, -10, 2, -17 ] ], 
              [ [ 1, 1, 1, 4, 2, 2, 1, 2, 2, 2, 1, 3, 3, 2, 2, -8, 4, -19 ], [ 1, 3, 3, 0, 2, 2, 3, 2, 2, 2, 3, 1, 1, 2, 2, -10, 0, -13 ] ], 
              [ [ 1, 2, 2, 2, 3, 3, 1, 2, 2, 2, 2, 2, 2, 2, 1, -9, 2, -16 ], [ 1, 2, 2, 2, 1, 1, 3, 2, 2, 2, 2, 2, 2, 2, 3, -9, 2, -16 ] ], 
              [ [ 1, 2, 2, 2, 2, 3, 2, 2, 2, 2, 2, 2, 2, 3, 1, -9, 2, -16 ], [ 1, 2, 2, 2, 2, 1, 2, 2, 2, 2, 2, 2, 2, 1, 3, -9, 2, -16 ] ], 
              [ [ 1, 4, 2, 1, 2, 2, 2, 2, 3, 2, 3, 3, 2, 2, 1, -10, 1, -16 ], [ 1, 0, 2, 3, 2, 2, 2, 2, 1, 2, 1, 1, 2, 2, 3, -8, 3, -16 ] ], 
              [ [ 1, 2, 2, 2, 2, 3, 1, 1, 2, 1, 2, 2, 2, 2, 2, -8, 2, -14 ], [ 1, 2, 2, 2, 2, 1, 3, 3, 2, 3, 2, 2, 2, 2, 2, -10, 2, -18 ] ], 
              [ [ 1, 3, 4, 3, 2, 3, 2, 1, 2, 2, 2, 2, 2, 2, 2, -11, 2, -17 ], [ 1, 1, 0, 1, 2, 1, 2, 3, 2, 2, 2, 2, 2, 2, 2, -7, 2, -15 ] ], 
              [ [ 1, 4, 3, 2, 2, 2, 1, 2, 2, 1, 2, 2, 2, 2, 2, -10, 2, -16 ], [ 1, 0, 1, 2, 2, 2, 3, 2, 2, 3, 2, 2, 2, 2, 2, -8, 2, -16 ] ], 
              [ [ 1, 3, 1, 2, 2, 2, 1, 2, 3, 2, 1, 2, 3, 2, 2, -9, 3, -17 ], [ 1, 1, 3, 2, 2, 2, 3, 2, 1, 2, 3, 2, 1, 2, 2, -9, 1, -15 ] ], 
              [ [ 1, 1, 1, 2, 2, 3, 2, 1, 3, 2, 2, 3, 2, 2, 2, -7, 3, -16 ], [ 1, 3, 3, 2, 2, 1, 2, 3, 1, 2, 2, 1, 2, 2, 2, -11, 1, -16 ] ], 
              [ [ 1, 2, 3, 2, 2, 3, 2, 1, 2, 3, 1, 1, 2, 2, 2, -9, 3, -16 ], [ 1, 2, 1, 2, 2, 1, 2, 3, 2, 1, 3, 3, 2, 2, 2, -9, 1, -16 ] ], 
              [ [ 1, 3, 2, 1, 2, 3, 2, 2, 3, 2, 1, 1, 2, 3, 2, -9, 3, -16 ], [ 1, 1, 2, 3, 2, 1, 2, 2, 1, 2, 3, 3, 2, 1, 2, -9, 1, -16 ] ], 
              [ [ 1, 3, 1, 0, 2, 3, 2, 1, 4, 2, 2, 2, 2, 2, 2, -8, 2, -14 ], [ 1, 1, 3, 4, 2, 1, 2, 3, 0, 2, 2, 2, 2, 2, 2, -10, 2, -18 ] ], 
              [ [ 1, 0, 1, 2, 3, 3, 3, 1, 2, 3, 2, 2, 3, 3, 2, -7, 2, -17 ], [ 1, 4, 3, 2, 1, 1, 1, 3, 2, 1, 2, 2, 1, 1, 2, -11, 2, -15 ] ], 
              [ [ 1, 0, 2, 3, 3, 3, 2, 1, 1, 2, 1, 1, 3, 3, 3, -7, 3, -17 ], [ 1, 4, 2, 1, 1, 1, 2, 3, 3, 2, 3, 3, 1, 1, 1, -11, 1, -15 ] ], 
              [ [ 1, 2, 2, 2, 3, 3, 3, 1, 3, 2, 2, 2, 3, 3, 3, -9, 2, -18 ], [ 1, 2, 2, 2, 1, 1, 1, 3, 1, 2, 2, 2, 1, 1, 1, -9, 2, -14 ] ], 
              [ [ 1, 2, 2, 1, 3, 3, 2, 1, 2, 2, 1, 0, 3, 3, 3, -8, 2, -15 ], [ 1, 2, 2, 3, 1, 1, 2, 3, 2, 2, 3, 4, 1, 1, 1, -10, 2, -17 ] ], 
              [ [ 1, 1, 1, 1, 3, 3, 3, 1, 3, 3, 1, 1, 3, 3, 3, -7, 3, -17 ], [ 1, 3, 3, 3, 1, 1, 1, 3, 1, 1, 3, 3, 1, 1, 1, -11, 1, -15 ] ], 
              [ [ 1, 2, 2, 1, 4, 3, 2, 1, 2, 3, 3, 1, 2, 3, 3, -9, 2, -17 ], [ 1, 2, 2, 3, 0, 1, 2, 3, 2, 1, 1, 3, 2, 1, 1, -9, 2, -15 ] ], 
              [ [ 1, 3, 1, 2, 3, 2, 1, 2, 2, 1, 2, 2, 2, 3, 2, -8, 1, -15 ], [ 1, 1, 3, 2, 1, 2, 3, 2, 2, 3, 2, 2, 2, 1, 2, -10, 3, -17 ] ], 
              [ [ 1, 2, 0, 4, 3, 2, 1, 2, 3, 1, 1, 3, 3, 3, 3, -8, 3, -19 ], [ 1, 2, 4, 0, 1, 2, 3, 2, 1, 3, 3, 1, 1, 1, 1, -10, 1, -13 ] ], 
              [ [ 1, 2, 2, 1, 1, 3, 3, 1, 3, 2, 1, 1, 1, 2, 1, -7, 3, -13 ], [ 1, 2, 2, 3, 3, 1, 1, 3, 1, 2, 3, 3, 3, 2, 3, -11, 1, -19 ] ], 
              [ [ 1, 3, 3, 1, 2, 3, 2, 1, 2, 2, 3, 1, 0, 2, 1, -9, 2, -13 ], [ 1, 1, 1, 3, 2, 1, 2, 3, 2, 2, 1, 3, 4, 2, 3, -9, 2, -19 ] ], 
              [ [ 1, 3, 1, 2, 2, 2, 1, 2, 3, 1, 2, 2, 1, 2, 2, -8, 4, -16 ], [ 1, 1, 3, 2, 2, 2, 3, 2, 1, 3, 2, 2, 3, 2, 2, -10, 0, -16 ] ], 
              [ [ 1, 1, 3, 2, 3, 3, 3, 1, 1, 3, 2, 0, 1, 3, 2, -8, 3, -16 ], [ 1, 3, 1, 2, 1, 1, 1, 3, 3, 1, 2, 4, 3, 1, 2, -10, 1, -16 ] ], 
              [ [ 1, 2, 2, 3, 1, 3, 2, 3, 1, 1, 2, 4, 2, 1, 1, -9, 0, -15 ], [ 1, 2, 2, 1, 3, 1, 2, 1, 3, 3, 2, 0, 2, 3, 3, -9, 4, -17 ] ], 
              [ [ 1, 4, 2, 1, 1, 3, 2, 3, 2, 0, 3, 3, 0, 1, 1, -9, 0, -12 ], [ 1, 0, 2, 3, 3, 1, 2, 1, 2, 4, 1, 1, 4, 3, 3, -9, 4, -20 ] ], 
              [ [ 1, 2, 2, 1, 1, 4, 3, 2, 2, 2, 2, 2, 0, 1, 1, -8, 1, -12 ], [ 1, 2, 2, 3, 3, 0, 1, 2, 2, 2, 2, 2, 4, 3, 3, -10, 3, -20 ] ], 
              [ [ 1, 0, 1, 2, 2, 4, 3, 2, 1, 1, 2, 2, 1, 2, 2, -6, 1, -13 ], [ 1, 4, 3, 2, 2, 0, 1, 2, 3, 3, 2, 2, 3, 2, 2, -12, 3, -19 ] ], 
              [ [ 1, 1, 3, 3, 2, 4, 4, 2, 1, 2, 2, 2, 1, 2, 2, -9, 1, -16 ], [ 1, 3, 1, 1, 2, 0, 0, 2, 3, 2, 2, 2, 3, 2, 2, -9, 3, -16 ] ], 
              [ [ 1, 1, 3, 2, 2, 4, 3, 2, 0, 2, 1, 0, 1, 2, 2, -8, 1, -13 ], [ 1, 3, 1, 2, 2, 0, 1, 2, 4, 2, 3, 4, 3, 2, 2, -10, 3, -19 ] ], 
              [ [ 1, 2, 2, 2, 2, 3, 3, 3, 1, 1, 2, 2, 1, 2, 2, -8, 1, -15 ], [ 1, 2, 2, 2, 2, 1, 1, 1, 3, 3, 2, 2, 3, 2, 2, -10, 3, -17 ] ], 
              [ [ 1, 2, 2, 2, 3, 4, 3, 3, 2, 1, 2, 2, 1, 2, 2, -9, 1, -16 ], [ 1, 2, 2, 2, 1, 0, 1, 1, 2, 3, 2, 2, 3, 2, 2, -9, 3, -16 ] ], 
              [ [ 1, 2, 2, 2, 3, 4, 4, 3, 1, 1, 2, 2, 2, 1, 2, -9, 1, -17 ], [ 1, 2, 2, 2, 1, 0, 0, 1, 3, 3, 2, 2, 2, 3, 2, -9, 3, -15 ] ], 
              [ [ 1, 2, 2, 1, 3, 4, 3, 2, 0, 1, 3, 1, 1, 1, 3, -8, 1, -14 ], [ 1, 2, 2, 3, 1, 0, 1, 2, 4, 3, 1, 3, 3, 3, 1, -10, 3, -18 ] ], 
              [ [ 1, 3, 3, 0, 0, 4, 1, 2, 3, 4, 4, 2, 1, 2, 2, -12, 1, -14 ], [ 1, 1, 1, 4, 4, 0, 3, 2, 1, 0, 0, 2, 3, 2, 2, -6, 3, -18 ] ], 
              [ [ 1, 2, 2, 2, 1, 4, 1, 3, 3, 3, 2, 2, 2, 3, 2, -11, 1, -16 ], [ 1, 2, 2, 2, 3, 0, 3, 1, 1, 1, 2, 2, 2, 1, 2, -7, 3, -16 ] ], 
              [ [ 1, 2, 2, 4, 1, 3, 0, 3, 2, 3, 3, 3, 2, 3, 3, -12, 2, -19 ], [ 1, 2, 2, 0, 3, 1, 4, 1, 2, 1, 1, 1, 2, 1, 1, -6, 2, -13 ] ], 
              [ [ 1, 2, 2, 1, 1, 4, 1, 3, 2, 3, 4, 3, 2, 1, 2, -11, 2, -17 ], [ 1, 2, 2, 3, 3, 0, 3, 1, 2, 1, 0, 1, 2, 3, 2, -7, 2, -15 ] ], 
              [ [ 1, 3, 1, 3, 2, 3, 0, 4, 2, 2, 3, 3, 3, 2, 3, -12, 2, -20 ], [ 1, 1, 3, 1, 2, 1, 4, 0, 2, 2, 1, 1, 1, 2, 1, -6, 2, -12 ] ], 
              [ [ 1, 1, 3, 1, 1, 6, 3, 3, 1, 3, 3, 1, 1, 1, 3, -11, 1, -15 ], [ 1, 3, 1, 3, 3, -2, 1, 1, 3, 1, 1, 3, 3, 3, 1, -7, 3, -17 ] ], 
              [ [ 1, 1, 3, 1, 3, 1, 3, -2, 3, 3, 1, 1, 3, 3, 1, -6, 3, -14 ], [ 1, 3, 1, 3, 1, 3, 1, 6, 1, 1, 3, 3, 1, 1, 3, -12, 1, -18 ] ], 
              [ [ 1, 2, 2, 1, 3, 1, 3, 1, 3, 2, 1, 3, 3, 2, 0, -7, 1, -15 ], [ 1, 2, 2, 3, 1, 3, 1, 3, 1, 2, 3, 1, 1, 2, 4, -11, 3, -17 ] ], 
              [ [ 1, 2, 2, 1, 2, 1, 3, 0, 3, 1, 1, 3, 3, 2, 1, -6, 1, -13 ], [ 1, 2, 2, 3, 2, 3, 1, 4, 1, 3, 3, 1, 1, 2, 3, -12, 3, -19 ] ], 
              [ [ 1, 1, 1, 2, 3, 1, 3, 1, 2, 1, 0, 2, 3, 4, 1, -5, 1, -14 ], [ 1, 3, 3, 2, 1, 3, 1, 3, 2, 3, 4, 2, 1, 0, 3, -13, 3, -18 ] ], 
              [ [ 1, 3, 3, 1, 1, 1, 3, 1, 3, 1, 1, 3, 1, 1, -2, -7, 1, -11 ], [ 1, 1, 1, 3, 3, 3, 1, 3, 1, 3, 3, 1, 3, 3, 6, -11, 3, -21 ] ], 
              [ [ 1, 1, 3, 2, 2, 2, 4, 0, 3, 1, 0, 2, 2, 2, 0, -6, 2, -13 ], [ 1, 3, 1, 2, 2, 2, 0, 4, 1, 3, 4, 2, 2, 2, 4, -12, 2, -19 ] ], 
              [ [ 1, 2, 4, 2, 2, 1, 3, 0, 1, 1, 2, 2, 1, 2, 0, -7, 1, -12 ], [ 1, 2, 0, 2, 2, 3, 1, 4, 3, 3, 2, 2, 3, 2, 4, -11, 3, -20 ] ], 
              [ [ 1, 1, 3, 1, 3, 2, 3, 0, 2, 2, 1, 1, 1, 2, 0, -6, 2, -12 ], [ 1, 3, 1, 3, 1, 2, 1, 4, 2, 2, 3, 3, 3, 2, 4, -12, 2, -20 ] ], 
              [ [ 1, 1, 3, 1, 2, 2, 4, 0, 2, 2, 1, 1, 1, 3, 0, -6, 2, -12 ], [ 1, 3, 1, 3, 2, 2, 0, 4, 2, 2, 3, 3, 3, 1, 4, -12, 2, -20 ] ], 
              [ [ 1, 3, 3, 0, 2, 1, 4, 0, 3, 2, 2, 2, 1, 2, 0, -7, 1, -12 ], [ 1, 1, 1, 4, 2, 3, 0, 4, 1, 2, 2, 2, 3, 2, 4, -11, 3, -20 ] ], 
              [ [ 1, 2, 2, 1, 2, 1, 3, 0, 3, 2, 0, 1, 2, 2, 1, -6, 3, -13 ], [ 1, 2, 2, 3, 2, 3, 1, 4, 1, 2, 4, 3, 2, 2, 3, -12, 1, -19 ] ], 
              [ [ 1, 2, 2, 2, 3, 1, 4, 1, 3, 1, 0, 2, 2, 3, 0, -6, 1, -14 ], [ 1, 2, 2, 2, 1, 3, 0, 3, 1, 3, 4, 2, 2, 1, 4, -12, 3, -18 ] ], 
              [ [ 1, 1, 1, 3, 3, 1, 3, 1, 3, 1, -2, 1, 3, 3, 1, -5, 3, -15 ], [ 1, 3, 3, 1, 1, 3, 1, 3, 1, 3, 6, 3, 1, 1, 3, -13, 1, -17 ] ], 
              [ [ 1, 3, 1, 2, 2, 0, 2, 1, 3, 1, 1, 3, 1, 2, 0, -6, 2, -13 ], [ 1, 1, 3, 2, 2, 4, 2, 3, 1, 3, 3, 1, 3, 2, 4, -12, 2, -19 ] ], 
              [ [ 1, 1, 0, 3, 3, 0, 2, 1, 2, 0, 1, 3, 2, 3, 1, -4, 2, -14 ], [ 1, 3, 4, 1, 1, 4, 2, 3, 2, 4, 3, 1, 2, 1, 3, -14, 2, -18 ] ], 
              [ [ 1, 2, 2, 4, 3, 0, 3, 1, 2, 1, 1, 3, 2, 3, 1, -7, 2, -17 ], [ 1, 2, 2, 0, 1, 4, 1, 3, 2, 3, 3, 1, 2, 1, 3, -11, 2, -15 ] ], 
              [ [ 1, 2, 2, 3, 3, 0, 2, 1, 1, 1, 0, 1, 2, 3, 1, -6, 2, -14 ], [ 1, 2, 2, 1, 1, 4, 2, 3, 3, 3, 4, 3, 2, 1, 3, -12, 2, -18 ] ], 
              [ [ 1, 2, 2, 3, 4, 1, 2, 1, 2, 1, 0, 1, 2, 3, 1, -7, 2, -15 ], [ 1, 2, 2, 1, 0, 3, 2, 3, 2, 3, 4, 3, 2, 1, 3, -11, 2, -17 ] ], 
              [ [ 1, 3, 1, 3, 4, 0, 2, 2, 3, 0, 1, 3, 2, 3, 1, -7, 2, -17 ], [ 1, 1, 3, 1, 0, 4, 2, 2, 1, 4, 3, 1, 2, 1, 3, -11, 2, -15 ] ], 
              [ [ 1, 1, 1, 3, 4, 1, 3, 1, 3, 2, 0, 2, 2, 3, 1, -6, 3, -17 ], [ 1, 3, 3, 1, 0, 3, 1, 3, 1, 2, 4, 2, 2, 1, 3, -12, 1, -15 ] ], 
              [ [ 1, 2, 2, 1, 3, 1, 3, 0, 2, 1, 1, 1, 1, 3, 1, -5, 1, -11 ], [ 1, 2, 2, 3, 1, 3, 1, 4, 2, 3, 3, 3, 3, 1, 3, -13, 3, -21 ] ], 
              [ [ 1, 1, 1, 3, 3, 1, 3, 0, 3, 1, 0, 2, 2, 3, 2, -5, 3, -15 ], [ 1, 3, 3, 1, 1, 3, 1, 4, 1, 3, 4, 2, 2, 1, 2, -13, 1, -17 ] ], 
              [ [ 1, 3, 3, 1, 3, 1, 3, 1, 1, 0, 2, 2, 2, 1, 0, -7, 1, -13 ], [ 1, 1, 1, 3, 1, 3, 1, 3, 3, 4, 2, 2, 2, 3, 4, -11, 3, -19 ] ], 
              [ [ 1, 2, 2, 3, 3, 1, 3, 1, 2, 0, 1, 3, 3, 1, 1, -7, 3, -17 ], [ 1, 2, 2, 1, 1, 3, 1, 3, 2, 4, 3, 1, 1, 3, 3, -11, 1, -15 ] ], 
              [ [ 1, 1, 3, 1, 3, 2, 4, 0, 1, 2, 1, 1, 2, 1, 0, -6, 2, -13 ], [ 1, 3, 1, 3, 1, 2, 0, 4, 3, 2, 3, 3, 2, 3, 4, -12, 2, -19 ] ], 
              [ [ 1, 2, 2, 1, 3, 1, 4, 1, 2, 1, 2, 3, 2, 1, 0, -6, 2, -15 ], [ 1, 2, 2, 3, 1, 3, 0, 3, 2, 3, 2, 1, 2, 3, 4, -12, 2, -17 ] ], 
              [ [ 1, 1, 1, 2, 3, 1, 3, 1, 2, 1, 0, 2, 3, 1, 1, -5, 4, -16 ], [ 1, 3, 3, 2, 1, 3, 1, 3, 2, 3, 4, 2, 1, 3, 3, -13, 0, -16 ] ], 
              [ [ 1, 3, 4, 1, 3, 2, 4, 0, 2, 1, 1, 1, 2, 1, 1, -8, 2, -14 ], [ 1, 1, 0, 3, 1, 2, 0, 4, 2, 3, 3, 3, 2, 3, 3, -10, 2, -18 ] ], 
              [ [ 1, 2, 2, 2, 4, 1, 2, 1, 1, 1, 2, 2, 2, 1, 1, -7, 3, -16 ], [ 1, 2, 2, 2, 0, 3, 2, 3, 3, 3, 2, 2, 2, 3, 3, -11, 1, -16 ] ], 
              [ [ 1, 3, 1, 3, 4, 0, 3, 2, 2, 0, 1, 3, 3, 2, 1, -7, 2, -18 ], [ 1, 1, 3, 1, 0, 4, 1, 2, 2, 4, 3, 1, 1, 2, 3, -11, 2, -14 ] ], 
              [ [ 1, 2, 0, 2, 4, 1, 3, 1, 3, 0, 0, 2, 3, 2, 2, -5, 3, -16 ], [ 1, 2, 4, 2, 0, 3, 1, 3, 1, 4, 4, 2, 1, 2, 2, -13, 1, -16 ] ], 
              [ [ 1, 3, 1, 2, 4, 0, 2, 1, 1, 0, 2, 2, 2, 2, 2, -6, 2, -15 ], [ 1, 1, 3, 2, 0, 4, 2, 3, 3, 4, 2, 2, 2, 2, 2, -12, 2, -17 ] ], 
              [ [ 1, 1, 1, 3, 6, 1, 3, 1, 1, 1, 1, 1, 3, 3, 3, -6, 3, -19 ], [ 1, 3, 3, 1, -2, 3, 1, 3, 3, 3, 3, 3, 1, 1, 1, -12, 1, -13 ] ], 
              [ [ 1, 2, 2, 3, 4, 1, 3, 1, 1, 0, 1, 1, 1, 2, 1, -6, 3, -15 ], [ 1, 2, 2, 1, 0, 3, 1, 3, 3, 4, 3, 3, 3, 2, 3, -12, 1, -17 ] ], 
              [ [ 1, 2, 2, 1, 2, 2, 4, 2, 1, 0, 1, 3, 2, 0, 0, -6, 0, -12 ], [ 1, 2, 2, 3, 2, 2, 0, 2, 3, 4, 3, 1, 2, 4, 4, -12, 4, -20 ] ], 
              [ [ 1, 1, 3, 1, 3, 3, 6, 1, 1, 1, 1, 1, 1, 1, 1, -6, 1, -13 ], [ 1, 3, 1, 3, 1, 1, -2, 3, 3, 3, 3, 3, 3, 3, 3, -12, 3, -19 ] ], 
              [ [ 1, 2, 2, 2, 4, 2, 4, 2, 1, 0, 2, 2, 1, 1, 2, -7, 2, -16 ], [ 1, 2, 2, 2, 0, 2, 0, 2, 3, 4, 2, 2, 3, 3, 2, -11, 2, -16 ] ], 
              [ [ 1, 3, 1, 3, 3, 1, 3, 3, 1, -2, 1, 3, 1, 1, 1, -6, 1, -14 ], [ 1, 1, 3, 1, 1, 3, 1, 1, 3, 6, 3, 1, 3, 3, 3, -12, 3, -18 ] ], 
              [ [ 1, 1, 1, 3, 3, 2, 4, 2, 1, 0, 0, 2, 1, 1, 1, -5, 2, -14 ], [ 1, 3, 3, 1, 1, 2, 0, 2, 3, 4, 4, 2, 3, 3, 3, -13, 2, -18 ] ], 
              [ [ 1, 2, 2, 3, 1, 1, 0, 1, 4, 2, 1, 3, 3, 3, 1, -9, 3, -16 ], [ 1, 2, 2, 1, 3, 3, 4, 3, 0, 2, 3, 1, 1, 1, 3, -9, 1, -16 ] ], 
              [ [ 1, 3, 1, 1, 1, 1, 1, 1, 6, 3, 1, 3, 3, 3, 1, -9, 3, -16 ], [ 1, 1, 3, 3, 3, 3, 3, 3, -2, 1, 3, 1, 1, 1, 3, -9, 1, -16 ] ], 
              [ [ 1, 2, 2, 2, 2, 1, 1, 1, 4, 3, 0, 1, 4, 4, 2, -9, 3, -17 ], [ 1, 2, 2, 2, 2, 3, 3, 3, 0, 1, 4, 3, 0, 0, 2, -9, 1, -15 ] ], 
              [ [ 1, 2, 2, 2, 1, 1, 0, 1, 3, 3, 2, 2, 2, 4, 1, -9, 3, -15 ], [ 1, 2, 2, 2, 3, 3, 4, 3, 1, 1, 2, 2, 2, 0, 3, -9, 1, -17 ] ], 
              [ [ 1, 4, 2, 1, 1, 0, 0, 1, 4, 3, 3, 3, 2, 3, 1, -10, 2, -15 ], [ 1, 0, 2, 3, 3, 4, 4, 3, 0, 1, 1, 1, 2, 1, 3, -8, 2, -17 ] ], 
              [ [ 1, 0, 1, 2, 2, 1, 1, 0, 3, 4, 2, 2, 3, 4, 2, -7, 3, -16 ], [ 1, 4, 3, 2, 2, 3, 3, 4, 1, 0, 2, 2, 1, 0, 2, -11, 1, -16 ] ], 
              [ [ 1, 2, 2, 2, 3, 1, 1, 1, 4, 4, 2, 2, 3, 4, 2, -10, 3, -19 ], [ 1, 2, 2, 2, 1, 3, 3, 3, 0, 0, 2, 2, 1, 0, 2, -8, 1, -13 ] ], 
              [ [ 1, 2, 2, 2, 2, 1, 1, 0, 4, 3, 2, 2, 3, 4, 3, -9, 3, -17 ], [ 1, 2, 2, 2, 2, 3, 3, 4, 0, 1, 2, 2, 1, 0, 1, -9, 1, -15 ] ], 
              [ [ 1, 3, 1, 3, 2, 0, 0, 2, 4, 2, 1, 3, 3, 4, 1, -9, 2, -17 ], [ 1, 1, 3, 1, 2, 4, 4, 2, 0, 2, 3, 1, 1, 0, 3, -9, 2, -15 ] ], 
              [ [ 1, 1, 1, 3, 3, 1, 1, 1, 3, 3, 1, 1, 3, 6, 3, -8, 3, -18 ], [ 1, 3, 3, 1, 1, 3, 3, 3, 1, 1, 3, 3, 1, -2, 1, -10, 1, -14 ] ], 
              [ [ 1, 3, 3, 2, 1, 1, 1, 1, 4, 3, 2, 2, 1, 3, 0, -10, 3, -15 ], [ 1, 1, 1, 2, 3, 3, 3, 3, 0, 1, 2, 2, 3, 1, 4, -8, 1, -17 ] ], 
              [ [ 1, 2, 2, 2, 2, 2, 1, 2, 3, 3, 1, 2, 3, 3, 2, -10, 1, -16 ], [ 1, 2, 2, 2, 2, 2, 3, 2, 1, 1, 3, 2, 1, 1, 2, -8, 3, -16 ] ], 
              [ [ 1, 3, 3, 2, 0, 2, 1, 2, 3, 2, 1, 2, 1, 2, 0, -10, 1, -12 ], [ 1, 1, 1, 2, 4, 2, 3, 2, 1, 2, 3, 2, 3, 2, 4, -8, 3, -20 ] ], 
              [ [ 1, 4, 2, 2, 0, 1, 1, 3, 4, 1, 2, 4, 1, 2, 0, -10, 1, -14 ], [ 1, 0, 2, 2, 4, 3, 3, 1, 0, 3, 2, 0, 3, 2, 4, -8, 3, -18 ] ], 
              [ [ 1, 2, 2, 2, 0, 2, 2, 2, 4, 3, 1, 3, 1, 2, 0, -9, 2, -14 ], [ 1, 2, 2, 2, 4, 2, 2, 2, 0, 1, 3, 1, 3, 2, 4, -9, 2, -18 ] ], 
              [ [ 1, 0, 1, 3, 1, 2, 2, 2, 3, 2, 1, 3, 2, 3, 1, -7, 2, -15 ], [ 1, 4, 3, 1, 3, 2, 2, 2, 1, 2, 3, 1, 2, 1, 3, -11, 2, -17 ] ], 
              [ [ 1, 1, 3, 3, 1, 2, 2, 2, 2, 3, 0, 1, 2, 3, 1, -9, 2, -15 ], [ 1, 3, 1, 1, 3, 2, 2, 2, 2, 1, 4, 3, 2, 1, 3, -9, 2, -17 ] ], 
              [ [ 1, 1, 2, 2, 1, 2, 2, 1, 3, 3, 1, 2, 2, 2, 1, -8, 1, -13 ], [ 1, 3, 2, 2, 3, 2, 2, 3, 1, 1, 3, 2, 2, 2, 3, -10, 3, -19 ] ], 
              [ [ 1, 2, 1, 1, 1, 2, 2, 2, 4, 2, 1, 2, 2, 3, 1, -8, 1, -13 ], [ 1, 2, 3, 3, 3, 2, 2, 2, 0, 2, 3, 2, 2, 1, 3, -10, 3, -19 ] ], 
              [ [ 1, 1, 3, 1, 1, 3, 3, 1, 3, 3, 1, 1, 1, 3, 1, -8, 1, -12 ], [ 1, 3, 1, 3, 3, 1, 1, 3, 1, 1, 3, 3, 3, 1, 3, -10, 3, -20 ] ], 
              [ [ 1, 1, 3, 3, 1, 2, 2, 1, 2, 3, 2, 2, 1, 3, 2, -9, 2, -15 ], [ 1, 3, 1, 1, 3, 2, 2, 3, 2, 1, 2, 2, 3, 1, 2, -9, 2, -17 ] ], 
              [ [ 1, 2, 2, 2, 2, 2, 1, 2, 3, 2, 2, 2, 1, 3, 2, -9, 2, -15 ], [ 1, 2, 2, 2, 2, 2, 3, 2, 1, 2, 2, 2, 3, 1, 2, -9, 2, -17 ] ], 
              [ [ 1, 2, 2, 2, 1, 2, 2, 2, 3, 2, 2, 2, 1, 4, 2, -9, 2, -15 ], [ 1, 2, 2, 2, 3, 2, 2, 2, 1, 2, 2, 2, 3, 0, 2, -9, 2, -17 ] ], 
              [ [ 1, 3, 3, 1, 1, 2, 2, 1, 3, 3, 2, 1, 1, 3, 2, -10, 1, -13 ], [ 1, 1, 1, 3, 3, 2, 2, 3, 1, 1, 2, 3, 3, 1, 2, -8, 3, -19 ] ], 
              [ [ 1, 2, 2, 3, 2, 2, 2, 2, 3, 2, 0, 1, 2, 4, 2, -9, 1, -15 ], [ 1, 2, 2, 1, 2, 2, 2, 2, 1, 2, 4, 3, 2, 0, 2, -9, 3, -17 ] ], 
              [ [ 1, 3, 3, 1, 1, 2, 2, 2, 3, 2, 1, 0, 0, 3, 1, -9, 2, -12 ], [ 1, 1, 1, 3, 3, 2, 2, 2, 1, 2, 3, 4, 4, 1, 3, -9, 2, -20 ] ], 
              [ [ 1, 1, 1, 3, 3, 1, 1, 1, 3, 3, 1, 3, 6, 3, 3, -9, 3, -21 ], [ 1, 3, 3, 1, 1, 3, 3, 3, 1, 1, 3, 1, -2, 1, 1, -9, 1, -11 ] ], 
              [ [ 1, 2, 4, 0, 2, 2, 2, 0, 2, 4, 3, 1, 3, 2, 1, -10, 2, -15 ], [ 1, 2, 0, 4, 2, 2, 2, 4, 2, 0, 1, 3, 1, 2, 3, -8, 2, -17 ] ], 
              [ [ 1, 1, 3, 2, 2, 2, 2, 0, 3, 4, 2, 2, 4, 2, 2, -10, 4, -19 ], [ 1, 3, 1, 2, 2, 2, 2, 4, 1, 0, 2, 2, 0, 2, 2, -8, 0, -13 ] ], 
              [ [ 1, 2, 2, 1, 2, 1, 1, 1, 3, 3, 2, 2, 4, 2, 2, -9, 4, -18 ], [ 1, 2, 2, 3, 2, 3, 3, 3, 1, 1, 2, 2, 0, 2, 2, -9, 0, -14 ] ], 
              [ [ 1, 2, 2, 3, 1, 1, 1, 1, 3, 2, 1, 3, 4, 2, 1, -9, 3, -17 ], [ 1, 2, 2, 1, 3, 3, 3, 3, 1, 2, 3, 1, 0, 2, 3, -9, 1, -15 ] ], 
              [ [ 1, 2, 2, 3, 2, 1, 1, 1, 3, 3, 3, 4, 3, 2, 1, -10, 3, -19 ], [ 1, 2, 2, 1, 2, 3, 3, 3, 1, 1, 1, 0, 1, 2, 3, -8, 1, -13 ] ], 
              [ [ 1, 2, 2, 2, 2, 1, 0, 1, 2, 3, 2, 2, 3, 2, 1, -9, 3, -16 ], [ 1, 2, 2, 2, 2, 3, 4, 3, 2, 1, 2, 2, 1, 2, 3, -9, 1, -16 ] ], 
              [ [ 1, 3, 1, 2, 2, 0, 0, 2, 3, 2, 3, 4, 3, 2, 1, -9, 3, -18 ], [ 1, 1, 3, 2, 2, 4, 4, 2, 1, 2, 1, 0, 1, 2, 3, -9, 1, -14 ] ], 
              [ [ 1, 4, 3, 2, 2, 1, 0, 1, 3, 2, 2, 2, 3, 2, 2, -11, 3, -17 ], [ 1, 0, 1, 2, 2, 3, 4, 3, 1, 2, 2, 2, 1, 2, 2, -7, 1, -15 ] ], 
              [ [ 1, 3, 2, 2, 2, 1, 1, 1, 4, 3, 2, 3, 3, 2, 2, -10, 4, -19 ], [ 1, 1, 2, 2, 2, 3, 3, 3, 0, 1, 2, 1, 1, 2, 2, -8, 0, -13 ] ], 
              [ [ 1, 1, 3, 4, 3, 1, 1, 1, 1, 3, 2, 2, 4, 3, 2, -10, 3, -20 ], [ 1, 3, 1, 0, 1, 3, 3, 3, 3, 1, 2, 2, 0, 1, 2, -8, 1, -12 ] ], 
              [ [ 1, 1, 3, 2, 3, 2, 2, 0, 2, 3, 3, 2, 3, 3, 2, -9, 2, -17 ], [ 1, 3, 1, 2, 1, 2, 2, 4, 2, 1, 1, 2, 1, 1, 2, -9, 2, -15 ] ], 
              [ [ 1, 1, 0, 1, 3, 1, 1, 1, 3, 3, 2, 2, 4, 3, 2, -7, 3, -17 ], [ 1, 3, 4, 3, 1, 3, 3, 3, 1, 1, 2, 2, 0, 1, 2, -11, 1, -15 ] ], 
              [ [ 1, 2, 2, 2, 3, 1, 2, 1, 3, 4, 2, 2, 4, 3, 2, -10, 3, -20 ], [ 1, 2, 2, 2, 1, 3, 2, 3, 1, 0, 2, 2, 0, 1, 2, -8, 1, -12 ] ], 
              [ [ 1, 0, 2, 3, 3, 2, 1, 0, 2, 3, 1, 1, 4, 3, 3, -8, 4, -18 ], [ 1, 4, 2, 1, 1, 2, 3, 4, 2, 1, 3, 3, 0, 1, 1, -10, 0, -14 ] ], 
              [ [ 1, 1, 1, 3, 3, 1, 1, 1, 3, 2, 2, 3, 4, 3, 3, -8, 4, -20 ], [ 1, 3, 3, 1, 1, 3, 3, 3, 1, 2, 2, 1, 0, 1, 1, -10, 0, -12 ] ], 
              [ [ 1, 2, 3, 3, 3, 1, 1, 1, 2, 3, 1, 1, 4, 3, 3, -10, 4, -20 ], [ 1, 2, 1, 1, 1, 3, 3, 3, 2, 1, 3, 3, 0, 1, 1, -8, 0, -12 ] ], 
              [ [ 1, 2, 2, 2, 3, 1, 1, 0, 3, 3, 2, 2, 4, 2, 3, -9, 3, -18 ], [ 1, 2, 2, 2, 1, 3, 3, 4, 1, 1, 2, 2, 0, 2, 1, -9, 1, -14 ] ], 
              [ [ 1, 2, 2, 2, 2, 1, 2, 0, 3, 3, 2, 2, 4, 3, 3, -9, 3, -18 ], [ 1, 2, 2, 2, 2, 3, 2, 4, 1, 1, 2, 2, 0, 1, 1, -9, 1, -14 ] ], 
              [ [ 1, 3, 1, 1, 3, 1, 1, 1, 4, 2, 2, 2, 4, 3, 3, -9, 3, -18 ], [ 1, 1, 3, 3, 1, 3, 3, 3, 0, 2, 2, 2, 0, 1, 1, -9, 1, -14 ] ], 
              [ [ 1, 1, 1, 1, 3, 2, 2, 0, 4, 4, 1, 1, 4, 3, 3, -8, 4, -18 ], [ 1, 3, 3, 3, 1, 2, 2, 4, 0, 0, 3, 3, 0, 1, 1, -10, 0, -14 ] ], 
              [ [ 1, 1, 1, 2, 3, 1, 1, 1, 2, 3, 3, 2, 3, 4, 3, -8, 4, -19 ], [ 1, 3, 3, 2, 1, 3, 3, 3, 2, 1, 1, 2, 1, 0, 1, -10, 0, -13 ] ], 
              [ [ 1, 2, 2, 1, 3, 1, 1, 0, 2, 4, 3, 1, 3, 3, 3, -9, 3, -17 ], [ 1, 2, 2, 3, 1, 3, 3, 4, 2, 0, 1, 3, 1, 1, 1, -9, 1, -15 ] ], 
              [ [ 1, 1, 1, 3, 4, 1, 1, 1, 2, 3, 1, 1, 4, 4, 3, -8, 3, -19 ], [ 1, 3, 3, 1, 0, 3, 3, 3, 2, 1, 3, 3, 0, 0, 1, -10, 1, -13 ] ], 
              [ [ 1, 2, 2, 2, 2, 1, 2, 1, 3, 2, 1, 1, 3, 3, 2, -8, 4, -17 ], [ 1, 2, 2, 2, 2, 3, 2, 3, 1, 2, 3, 3, 1, 1, 2, -10, 0, -15 ] ], 
              [ [ 1, 3, 3, 2, 3, 1, 1, 1, 2, 2, 3, 1, 2, 3, 2, -10, 3, -17 ], [ 1, 1, 1, 2, 1, 3, 3, 3, 2, 2, 1, 3, 2, 1, 2, -8, 1, -15 ] ], 
              [ [ 1, 1, 3, 2, 3, 2, 2, 0, 2, 4, 2, 0, 2, 3, 2, -9, 4, -17 ], [ 1, 3, 1, 2, 1, 2, 2, 4, 2, 0, 2, 4, 2, 1, 2, -9, 0, -15 ] ], 
              [ [ 1, 2, 2, 2, 3, 1, 2, 1, 3, 3, 3, 2, 2, 3, 2, -9, 4, -19 ], [ 1, 2, 2, 2, 1, 3, 2, 3, 1, 1, 1, 2, 2, 1, 2, -9, 0, -13 ] ], 
              [ [ 1, 2, 2, 1, 3, 1, 1, 1, 2, 3, 2, 0, 2, 3, 2, -8, 4, -16 ], [ 1, 2, 2, 3, 1, 3, 3, 3, 2, 1, 2, 4, 2, 1, 2, -10, 0, -16 ] ], 
              [ [ 1, 1, 1, 3, 3, 1, 1, 1, 3, 3, 1, 1, 3, 3, 3, -8, 6, -20 ], [ 1, 3, 3, 1, 1, 3, 3, 3, 1, 1, 3, 3, 1, 1, 1, -10, -2, -12 ] ], 
              [ [ 1, 2, 4, 1, 1, 3, 3, 1, 2, 3, 3, 3, 3, 1, 1, -11, 0, -15 ], [ 1, 2, 0, 3, 3, 1, 1, 3, 2, 1, 1, 1, 1, 3, 3, -7, 4, -17 ] ], 
              [ [ 1, 3, 3, 0, 1, 2, 2, 2, 2, 2, 3, 3, 3, 1, 1, -10, 0, -14 ], [ 1, 1, 1, 4, 3, 2, 2, 2, 2, 2, 1, 1, 1, 3, 3, -8, 4, -18 ] ], 
              [ [ 1, 2, 2, 2, 1, 2, 2, 2, 3, 2, 2, 4, 4, 1, 2, -10, 2, -18 ], [ 1, 2, 2, 2, 3, 2, 2, 2, 1, 2, 2, 0, 0, 3, 2, -8, 2, -14 ] ], 
              [ [ 1, 1, 3, 0, 1, 3, 3, 1, 2, 4, 2, 2, 3, 1, 1, -9, 1, -14 ], [ 1, 3, 1, 4, 3, 1, 1, 3, 2, 0, 2, 2, 1, 3, 3, -9, 3, -18 ] ], 
              [ [ 1, 3, 4, 0, 1, 3, 3, 1, 3, 3, 2, 2, 3, 1, 2, -11, 1, -15 ], [ 1, 1, 0, 4, 3, 1, 1, 3, 1, 1, 2, 2, 1, 3, 2, -7, 3, -17 ] ], 
              [ [ 1, 2, 2, 1, 2, 2, 1, 2, 2, 3, 3, 3, 3, 1, 2, -10, 2, -17 ], [ 1, 2, 2, 3, 2, 2, 3, 2, 2, 1, 1, 1, 1, 3, 2, -8, 2, -15 ] ], 
              [ [ 1, 2, 2, 3, 1, 2, 1, 2, 2, 2, 2, 4, 3, 1, 1, -10, 1, -16 ], [ 1, 2, 2, 1, 3, 2, 3, 2, 2, 2, 2, 0, 1, 3, 3, -8, 3, -16 ] ], 
              [ [ 1, 3, 1, 3, 1, 1, 1, 3, 3, 1, 3, 6, 3, 1, 1, -10, 1, -18 ], [ 1, 1, 3, 1, 3, 3, 3, 1, 1, 3, 1, -2, 1, 3, 3, -8, 3, -14 ] ], 
              [ [ 1, 3, 1, 2, 1, 1, 0, 3, 2, 1, 2, 4, 3, 1, 1, -9, 1, -15 ], [ 1, 1, 3, 2, 3, 3, 4, 1, 2, 3, 2, 0, 1, 3, 3, -9, 3, -17 ] ], 
              [ [ 1, 4, 3, 3, 1, 1, 1, 3, 2, 2, 2, 4, 3, 1, 1, -12, 1, -18 ], [ 1, 0, 1, 1, 3, 3, 3, 1, 2, 2, 2, 0, 1, 3, 3, -6, 3, -14 ] ], 
              [ [ 1, 2, 3, 2, 1, 3, 2, 2, 2, 2, 2, 3, 2, 2, 1, -10, 1, -15 ], [ 1, 2, 1, 2, 3, 1, 2, 2, 2, 2, 2, 1, 2, 2, 3, -8, 3, -17 ] ], 
              [ [ 1, 4, 3, 1, 1, 2, 2, 2, 3, 2, 3, 4, 2, 1, 1, -11, 0, -15 ], [ 1, 0, 1, 3, 3, 2, 2, 2, 1, 2, 1, 0, 2, 3, 3, -7, 4, -17 ] ], 
              [ [ 1, 3, 2, 2, 1, 2, 1, 2, 3, 2, 1, 3, 3, 1, 2, -10, 2, -16 ], [ 1, 1, 2, 2, 3, 2, 3, 2, 1, 2, 3, 1, 1, 3, 2, -8, 2, -16 ] ], 
              [ [ 1, 2, 2, 4, 2, 1, 1, 3, 1, 1, 2, 4, 4, 2, 2, -10, 1, -19 ], [ 1, 2, 2, 0, 2, 3, 3, 1, 3, 3, 2, 0, 0, 2, 2, -8, 3, -13 ] ], 
              [ [ 1, 0, 2, 4, 2, 2, 2, 2, 1, 3, 1, 3, 4, 2, 2, -9, 2, -19 ], [ 1, 4, 2, 0, 2, 2, 2, 2, 3, 1, 3, 1, 0, 2, 2, -9, 2, -13 ] ], 
              [ [ 1, 1, 1, 3, 3, 2, 1, 3, 2, 2, 1, 3, 4, 2, 2, -9, 2, -19 ], [ 1, 3, 3, 1, 1, 2, 3, 1, 2, 2, 3, 1, 0, 2, 2, -9, 2, -13 ] ], 
              [ [ 1, 1, 1, 3, 2, 2, 2, 3, 2, 2, 1, 3, 4, 3, 2, -9, 2, -19 ], [ 1, 3, 3, 1, 2, 2, 2, 1, 2, 2, 3, 1, 0, 1, 2, -9, 2, -13 ] ], 
              [ [ 1, 1, 3, 2, 2, 3, 2, 1, 1, 2, 2, 2, 3, 2, 2, -9, 0, -14 ], [ 1, 3, 1, 2, 2, 1, 2, 3, 3, 2, 2, 2, 1, 2, 2, -9, 4, -18 ] ], 
              [ [ 1, 2, 2, 2, 2, 2, 2, 2, 2, 1, 3, 4, 3, 2, 2, -9, 0, -16 ], [ 1, 2, 2, 2, 2, 2, 2, 2, 2, 3, 1, 0, 1, 2, 2, -9, 4, -16 ] ], 
              [ [ 1, 3, 4, 2, 2, 2, 2, 2, 1, 2, 2, 2, 3, 2, 2, -11, 0, -16 ], [ 1, 1, 0, 2, 2, 2, 2, 2, 3, 2, 2, 2, 1, 2, 2, -7, 4, -16 ] ], 
              [ [ 1, 1, 0, 2, 2, 2, 2, 2, 3, 2, 2, 4, 4, 2, 2, -8, 1, -17 ], [ 1, 3, 4, 2, 2, 2, 2, 2, 1, 2, 2, 0, 0, 2, 2, -10, 3, -15 ] ], 
              [ [ 1, 2, 2, 2, 2, 2, 2, 2, 2, 3, 1, 2, 4, 2, 2, -10, 1, -17 ], [ 1, 2, 2, 2, 2, 2, 2, 2, 2, 1, 3, 2, 0, 2, 2, -8, 3, -15 ] ], 
              [ [ 1, 3, 1, 2, 2, 1, 2, 3, 3, 2, 2, 4, 4, 2, 2, -10, 1, -19 ], [ 1, 1, 3, 2, 2, 3, 2, 1, 1, 2, 2, 0, 0, 2, 2, -8, 3, -13 ] ], 
              [ [ 1, 1, 1, 3, 2, 2, 1, 2, 2, 1, 1, 3, 4, 2, 3, -8, 2, -17 ], [ 1, 3, 3, 1, 2, 2, 3, 2, 2, 3, 3, 1, 0, 2, 1, -10, 2, -15 ] ], 
              [ [ 1, 2, 3, 4, 2, 2, 2, 2, 2, 2, 1, 3, 4, 2, 3, -11, 2, -20 ], [ 1, 2, 1, 0, 2, 2, 2, 2, 2, 2, 3, 1, 0, 2, 1, -7, 2, -12 ] ], 
              [ [ 1, 0, 2, 2, 2, 3, 3, 1, 2, 3, 2, 3, 3, 2, 2, -8, 1, -16 ], [ 1, 4, 2, 2, 2, 1, 1, 3, 2, 1, 2, 1, 1, 2, 2, -10, 3, -16 ] ], 
              [ [ 1, 1, 1, 1, 2, 3, 3, 2, 3, 2, 2, 3, 3, 3, 2, -8, 1, -16 ], [ 1, 3, 3, 3, 2, 1, 1, 2, 1, 2, 2, 1, 1, 1, 2, -10, 3, -16 ] ], 
              [ [ 1, 2, 3, 1, 2, 3, 3, 2, 2, 3, 1, 1, 3, 3, 2, -10, 1, -16 ], [ 1, 2, 1, 3, 2, 1, 1, 2, 2, 1, 3, 3, 1, 1, 2, -8, 3, -16 ] ], 
              [ [ 1, 2, 2, 0, 2, 3, 3, 1, 3, 3, 2, 2, 3, 2, 2, -9, 0, -14 ], [ 1, 2, 2, 4, 2, 1, 1, 3, 1, 1, 2, 2, 1, 2, 2, -9, 4, -18 ] ], 
              [ [ 1, 2, 0, 1, 2, 2, 2, 2, 4, 2, 1, 3, 4, 2, 3, -8, 2, -17 ], [ 1, 2, 4, 3, 2, 2, 2, 2, 0, 2, 3, 1, 0, 2, 1, -10, 2, -15 ] ], 
              [ [ 1, 2, 2, 1, 2, 2, 2, 2, 1, 2, 4, 3, 2, 3, 2, -9, 0, -15 ], [ 1, 2, 2, 3, 2, 2, 2, 2, 3, 2, 0, 1, 2, 1, 2, -9, 4, -17 ] ], 
              [ [ 1, 1, 1, 3, 3, 2, 1, 2, 2, 2, 3, 4, 3, 2, 3, -9, 2, -19 ], [ 1, 3, 3, 1, 1, 2, 3, 2, 2, 2, 1, 0, 1, 2, 1, -9, 2, -13 ] ], 
              [ [ 1, 1, 1, 3, 2, 2, 2, 2, 2, 2, 3, 4, 3, 3, 3, -9, 2, -19 ], [ 1, 3, 3, 1, 2, 2, 2, 2, 2, 2, 1, 0, 1, 1, 1, -9, 2, -13 ] ], 
              [ [ 1, 1, 1, 2, 2, 2, 1, 2, 1, 2, 2, 2, 3, 3, 3, -8, 2, -16 ], [ 1, 3, 3, 2, 2, 2, 3, 2, 3, 2, 2, 2, 1, 1, 1, -10, 2, -16 ] ], 
              [ [ 1, 2, 3, 3, 3, 2, 1, 2, 1, 3, 2, 2, 3, 2, 3, -11, 2, -19 ], [ 1, 2, 1, 1, 1, 2, 3, 2, 3, 1, 2, 2, 1, 2, 1, -7, 2, -13 ] ], 
              [ [ 1, 2, 3, 3, 2, 2, 2, 2, 1, 3, 2, 2, 3, 3, 3, -11, 2, -19 ], [ 1, 2, 1, 1, 2, 2, 2, 2, 3, 1, 2, 2, 1, 1, 1, -7, 2, -13 ] ], 
              [ [ 1, 2, 2, 2, 2, 2, 2, 1, 2, 3, 3, 3, 3, 2, 3, -10, 1, -17 ], [ 1, 2, 2, 2, 2, 2, 2, 3, 2, 1, 1, 1, 1, 2, 1, -8, 3, -15 ] ], 
              [ [ 1, 3, 1, 1, 2, 1, 1, 2, 2, 2, 3, 3, 3, 2, 3, -9, 1, -16 ], [ 1, 1, 3, 3, 2, 3, 3, 2, 2, 2, 1, 1, 1, 2, 1, -9, 3, -16 ] ], 
              [ [ 1, 3, 2, 2, 3, 2, 1, 3, 2, 2, 2, 2, 3, 3, 3, -11, 2, -19 ], [ 1, 1, 2, 2, 1, 2, 3, 1, 2, 2, 2, 2, 1, 1, 1, -7, 2, -13 ] ], 
              [ [ 1, 3, 1, 1, 3, 2, 1, 2, 3, 2, 3, 3, 3, 2, 3, -10, 1, -17 ], [ 1, 1, 3, 3, 1, 2, 3, 2, 1, 2, 1, 1, 1, 2, 1, -8, 3, -15 ] ], 
              [ [ 1, 2, 3, 1, 2, 3, 3, 1, 2, 3, 3, 2, 2, 3, 3, -10, 1, -16 ], [ 1, 2, 1, 3, 2, 1, 1, 3, 2, 1, 1, 2, 2, 1, 1, -8, 3, -16 ] ], 
              [ [ 1, 1, 1, 2, 4, 2, 2, 2, 2, 3, 2, 2, 4, 3, 4, -9, 2, -20 ], [ 1, 3, 3, 2, 0, 2, 2, 2, 2, 1, 2, 2, 0, 1, 0, -9, 2, -12 ] ], 
              [ [ 1, 1, 1, 4, 3, 2, 2, 2, 2, 2, 1, 3, 4, 3, 3, -9, 1, -19 ], [ 1, 3, 3, 0, 1, 2, 2, 2, 2, 2, 3, 1, 0, 1, 1, -9, 3, -13 ] ], 
              [ [ 1, 2, 0, 3, 3, 1, 1, 3, 2, 1, 1, 3, 4, 3, 3, -8, 1, -18 ], [ 1, 2, 4, 1, 1, 3, 3, 1, 2, 3, 3, 1, 0, 1, 1, -10, 3, -14 ] ], 
              [ [ 1, 2, 4, 1, 1, 3, 3, 2, 2, 2, 2, 2, 2, 1, 0, -10, 1, -14 ], [ 1, 2, 0, 3, 3, 1, 1, 2, 2, 2, 2, 2, 2, 3, 4, -8, 3, -18 ] ], 
              [ [ 1, 3, 3, 1, 1, 2, 2, 2, 3, 2, 1, 2, 3, 0, 1, -10, 2, -15 ], [ 1, 1, 1, 3, 3, 2, 2, 2, 1, 2, 3, 2, 1, 4, 3, -8, 2, -17 ] ], 
              [ [ 1, 3, 3, 1, 0, 2, 1, 2, 2, 2, 3, 3, 1, 0, 0, -10, 2, -13 ], [ 1, 1, 1, 3, 4, 2, 3, 2, 2, 2, 1, 1, 3, 4, 4, -8, 2, -19 ] ], 
              [ [ 1, 2, 4, 3, 1, 2, 2, 2, 1, 2, 3, 3, 2, 1, 1, -11, 2, -17 ], [ 1, 2, 0, 1, 3, 2, 2, 2, 3, 2, 1, 1, 2, 3, 3, -7, 2, -15 ] ], 
              [ [ 1, 1, 3, 2, 1, 2, 2, 2, 1, 3, 2, 2, 2, 1, 1, -9, 3, -16 ], [ 1, 3, 1, 2, 3, 2, 2, 2, 3, 1, 2, 2, 2, 3, 3, -9, 1, -16 ] ], 
              [ [ 1, 1, 2, 1, 1, 2, 2, 1, 2, 3, 3, 3, 2, 0, 1, -8, 2, -14 ], [ 1, 3, 2, 3, 3, 2, 2, 3, 2, 1, 1, 1, 2, 4, 3, -10, 2, -18 ] ], 
              [ [ 1, 1, 3, 2, 2, 3, 2, 2, 2, 3, 2, 2, 2, 1, 1, -10, 3, -17 ], [ 1, 3, 1, 2, 2, 1, 2, 2, 2, 1, 2, 2, 2, 3, 3, -8, 1, -15 ] ], 
              [ [ 1, 2, 4, 1, 1, 3, 3, 1, 2, 2, 4, 3, 1, 1, 1, -10, 1, -14 ], [ 1, 2, 0, 3, 3, 1, 1, 3, 2, 2, 0, 1, 3, 3, 3, -8, 3, -18 ] ], 
              [ [ 1, 2, 4, 0, 1, 3, 2, 1, 1, 2, 3, 1, 1, 1, 1, -9, 1, -11 ], [ 1, 2, 0, 4, 3, 1, 2, 3, 3, 2, 1, 3, 3, 3, 3, -9, 3, -21 ] ], 
              [ [ 1, 3, 6, 1, 1, 3, 3, 1, 1, 3, 3, 1, 1, 1, 1, -12, 1, -14 ], [ 1, 1, -2, 3, 3, 1, 1, 3, 3, 1, 1, 3, 3, 3, 3, -6, 3, -18 ] ], 
              [ [ 1, 2, 1, 0, 1, 2, 2, 2, 3, 2, 3, 3, 2, 1, 1, -8, 2, -14 ], [ 1, 2, 3, 4, 3, 2, 2, 2, 1, 2, 1, 1, 2, 3, 3, -10, 2, -18 ] ], 
              [ [ 1, 3, 3, 1, 2, 2, 2, 2, 3, 3, 3, 3, 2, 0, 1, -11, 2, -17 ], [ 1, 1, 1, 3, 2, 2, 2, 2, 1, 1, 1, 1, 2, 4, 3, -7, 2, -15 ] ], 
              [ [ 1, 3, 3, 1, 1, 2, 3, 2, 3, 3, 3, 3, 2, 1, 1, -11, 2, -17 ], [ 1, 1, 1, 3, 3, 2, 1, 2, 1, 1, 1, 1, 2, 3, 3, -7, 2, -15 ] ], 
              [ [ 1, 3, 3, 0, 1, 2, 2, 2, 2, 3, 2, 1, 2, 1, 1, -10, 2, -14 ], [ 1, 1, 1, 4, 3, 2, 2, 2, 2, 1, 2, 3, 2, 3, 3, -8, 2, -18 ] ], 
              [ [ 1, 1, 3, 2, 1, 3, 2, 1, 2, 2, 2, 2, 2, 1, 2, -9, 3, -15 ], [ 1, 3, 1, 2, 3, 1, 2, 3, 2, 2, 2, 2, 2, 3, 2, -9, 1, -17 ] ], 
              [ [ 1, 3, 4, 2, 1, 2, 2, 2, 2, 2, 2, 2, 2, 1, 2, -11, 3, -17 ], [ 1, 1, 0, 2, 3, 2, 2, 2, 2, 2, 2, 2, 2, 3, 2, -7, 1, -15 ] ], 
              [ [ 1, 3, 3, 1, 1, 2, 2, 1, 3, 2, 3, 3, 2, 0, 2, -10, 2, -15 ], [ 1, 1, 1, 3, 3, 2, 2, 3, 1, 2, 1, 1, 2, 4, 2, -8, 2, -17 ] ], 
              [ [ 1, 1, 3, 0, 1, 3, 3, 1, 2, 3, 3, 2, 1, 1, 1, -8, 2, -13 ], [ 1, 3, 1, 4, 3, 1, 1, 3, 2, 1, 1, 2, 3, 3, 3, -10, 2, -19 ] ], 
              [ [ 1, 3, 3, -2, 1, 3, 3, 1, 3, 3, 3, 1, 1, 1, 1, -9, 1, -11 ], [ 1, 1, 1, 6, 3, 1, 1, 3, 1, 1, 1, 3, 3, 3, 3, -9, 3, -21 ] ], 
              [ [ 1, 2, 2, 0, 1, 3, 3, 1, 4, 3, 2, 2, 2, 1, 2, -9, 3, -15 ], [ 1, 2, 2, 4, 3, 1, 1, 3, 0, 1, 2, 2, 2, 3, 2, -9, 1, -17 ] ], 
              [ [ 1, 2, 4, 0, 2, 3, 4, 1, 2, 3, 3, 1, 2, 2, 2, -10, 1, -15 ], [ 1, 2, 0, 4, 2, 1, 0, 3, 2, 1, 1, 3, 2, 2, 2, -8, 3, -17 ] ], 
              [ [ 1, 1, 3, 1, 2, 3, 3, 1, 2, 3, 1, 0, 3, 2, 3, -9, 3, -16 ], [ 1, 3, 1, 3, 2, 1, 1, 3, 2, 1, 3, 4, 1, 2, 1, -9, 1, -16 ] ], 
              [ [ 1, 3, 3, 0, 1, 2, 2, 1, 2, 3, 4, 2, 1, 1, 2, -10, 2, -14 ], [ 1, 1, 1, 4, 3, 2, 2, 3, 2, 1, 0, 2, 3, 3, 2, -8, 2, -18 ] ], 
              [ [ 1, 1, 3, 1, 3, 3, 3, 1, 2, 4, 3, 1, 2, 2, 3, -10, 3, -18 ], [ 1, 3, 1, 3, 1, 1, 1, 3, 2, 0, 1, 3, 2, 2, 1, -8, 1, -14 ] ], 
              [ [ 1, 2, 2, 3, 1, 2, 1, 3, 2, 1, 1, 3, 2, 1, 0, -9, 2, -15 ], [ 1, 2, 2, 1, 3, 2, 3, 1, 2, 3, 3, 1, 2, 3, 4, -9, 2, -17 ] ], 
              [ [ 1, 4, 2, 2, 1, 1, 1, 3, 3, 1, 2, 4, 2, 0, 0, -10, 1, -15 ], [ 1, 0, 2, 2, 3, 3, 3, 1, 1, 3, 2, 0, 2, 4, 4, -8, 3, -17 ] ], 
              [ [ 1, 4, 2, 2, 0, 1, 2, 3, 3, 1, 2, 4, 2, 1, 0, -10, 1, -15 ], [ 1, 0, 2, 2, 4, 3, 2, 1, 1, 3, 2, 0, 2, 3, 4, -8, 3, -17 ] ], 
              [ [ 1, 3, 1, 1, 1, 2, 2, 3, 4, 2, 1, 3, 2, 1, 0, -9, 2, -15 ], [ 1, 1, 3, 3, 3, 2, 2, 1, 0, 2, 3, 1, 2, 3, 4, -9, 2, -17 ] ], 
              [ [ 1, 3, 1, 1, 0, 2, 2, 2, 4, 1, 1, 3, 2, 1, 1, -8, 2, -13 ], [ 1, 1, 3, 3, 4, 2, 2, 2, 0, 3, 3, 1, 2, 3, 3, -10, 2, -19 ] ], 
              [ [ 1, 0, 1, 3, 2, 2, 2, 2, 2, 2, 1, 3, 3, 1, 1, -7, 2, -16 ], [ 1, 4, 3, 1, 2, 2, 2, 2, 2, 2, 3, 1, 1, 3, 3, -11, 2, -16 ] ], 
              [ [ 1, 0, 1, 3, 1, 2, 3, 2, 2, 2, 1, 3, 3, 2, 1, -7, 2, -16 ], [ 1, 4, 3, 1, 3, 2, 1, 2, 2, 2, 3, 1, 1, 2, 3, -11, 2, -16 ] ], 
              [ [ 1, 1, 0, 2, 2, 2, 2, 3, 3, 1, 1, 3, 3, 2, 1, -7, 2, -16 ], [ 1, 3, 4, 2, 2, 2, 2, 1, 1, 3, 3, 1, 1, 2, 3, -11, 2, -16 ] ], 
              [ [ 1, 2, 2, 3, 2, 2, 3, 3, 3, 2, 1, 3, 3, 2, 1, -10, 2, -19 ], [ 1, 2, 2, 1, 2, 2, 1, 1, 1, 2, 3, 1, 1, 2, 3, -8, 2, -13 ] ], 
              [ [ 1, 2, 2, 2, 2, 2, 2, 3, 2, 2, 0, 1, 3, 2, 1, -9, 2, -16 ], [ 1, 2, 2, 2, 2, 2, 2, 1, 2, 2, 4, 3, 1, 2, 3, -9, 2, -16 ] ], 
              [ [ 1, 3, 3, 1, 1, 2, 3, 2, 2, 1, 2, 2, 2, 2, 1, -9, 0, -13 ], [ 1, 1, 1, 3, 3, 2, 1, 2, 2, 3, 2, 2, 2, 2, 3, -9, 4, -19 ] ], 
              [ [ 1, 2, 1, 1, 2, 2, 2, 2, 3, 2, 1, 2, 3, 1, 1, -8, 1, -14 ], [ 1, 2, 3, 3, 2, 2, 2, 2, 1, 2, 3, 2, 1, 3, 3, -10, 3, -18 ] ], 
              [ [ 1, 2, 2, 3, 2, 2, 2, 2, 3, 1, 1, 3, 3, 1, 2, -9, 2, -17 ], [ 1, 2, 2, 1, 2, 2, 2, 2, 1, 3, 3, 1, 1, 3, 2, -9, 2, -15 ] ], 
              [ [ 1, 2, 2, 3, 1, 2, 3, 2, 3, 1, 1, 3, 3, 2, 2, -9, 2, -17 ], [ 1, 2, 2, 1, 3, 2, 1, 2, 1, 3, 3, 1, 1, 2, 2, -9, 2, -15 ] ], 
              [ [ 1, 2, 2, 2, 1, 2, 2, 2, 2, 1, 0, 1, 3, 2, 2, -8, 2, -14 ], [ 1, 2, 2, 2, 3, 2, 2, 2, 2, 3, 4, 3, 1, 2, 2, -10, 2, -18 ] ], 
              [ [ 1, 1, 3, 1, 1, 3, 4, 1, 2, 3, 1, 1, 2, 2, 1, -8, 1, -13 ], [ 1, 3, 1, 3, 3, 1, 0, 3, 2, 1, 3, 3, 2, 2, 3, -10, 3, -19 ] ], 
              [ [ 1, 1, 1, 2, 1, 2, 3, 2, 3, 2, 0, 2, 3, 2, 2, -7, 3, -16 ], [ 1, 3, 3, 2, 3, 2, 1, 2, 1, 2, 4, 2, 1, 2, 2, -11, 1, -16 ] ], 
              [ [ 1, 2, 2, 0, 2, 3, 3, 2, 3, 2, 1, 1, 2, 2, 1, -8, 1, -13 ], [ 1, 2, 2, 4, 2, 1, 1, 2, 1, 2, 3, 3, 2, 2, 3, -10, 3, -19 ] ], 
              [ [ 1, 1, 1, 2, 2, 3, 3, 2, 4, 2, 0, 2, 3, 2, 2, -8, 3, -17 ], [ 1, 3, 3, 2, 2, 1, 1, 2, 0, 2, 4, 2, 1, 2, 2, -10, 1, -15 ] ], 
              [ [ 1, 4, 2, 1, 1, 1, 1, 3, 2, 2, 3, 3, 1, 1, 0, -10, 1, -14 ], [ 1, 0, 2, 3, 3, 3, 3, 1, 2, 2, 1, 1, 3, 3, 4, -8, 3, -18 ] ], 
              [ [ 1, 2, 2, 3, 1, 2, 1, 2, 2, 1, 3, 4, 1, 1, 1, -9, 2, -15 ], [ 1, 2, 2, 1, 3, 2, 3, 2, 2, 3, 1, 0, 3, 3, 3, -9, 2, -17 ] ], 
              [ [ 1, 3, 4, 3, 1, 2, 1, 2, 1, 2, 2, 2, 1, 1, 1, -11, 2, -15 ], [ 1, 1, 0, 1, 3, 2, 3, 2, 3, 2, 2, 2, 3, 3, 3, -7, 2, -17 ] ], 
              [ [ 1, 4, 3, 3, 1, 1, 1, 3, 2, 1, 3, 4, 1, 1, 1, -11, 2, -17 ], [ 1, 0, 1, 1, 3, 3, 3, 1, 2, 3, 1, 0, 3, 3, 3, -7, 2, -15 ] ], 
              [ [ 1, 3, 1, 3, 1, 1, 1, 3, 3, 2, 2, 4, 2, 1, 1, -10, 3, -18 ], [ 1, 1, 3, 1, 3, 3, 3, 1, 1, 2, 2, 0, 2, 3, 3, -8, 1, -14 ] ], 
              [ [ 1, 4, 2, 1, 0, 1, 1, 2, 2, 1, 3, 3, 1, 1, 1, -9, 1, -12 ], [ 1, 0, 2, 3, 4, 3, 3, 2, 2, 3, 1, 1, 3, 3, 3, -9, 3, -20 ] ], 
              [ [ 1, 4, 3, 2, 1, 2, 1, 3, 2, 1, 2, 2, 1, 2, 1, -11, 2, -15 ], [ 1, 0, 1, 2, 3, 2, 3, 1, 2, 3, 2, 2, 3, 2, 3, -7, 2, -17 ] ], 
              [ [ 1, 4, 2, 1, 1, 2, 1, 2, 3, 1, 3, 3, 1, 1, 1, -10, 1, -13 ], [ 1, 0, 2, 3, 3, 2, 3, 2, 1, 3, 1, 1, 3, 3, 3, -8, 3, -19 ] ], 
              [ [ 1, 6, 3, 1, 1, 1, 1, 3, 3, 1, 3, 3, 1, 1, 1, -12, 1, -15 ], [ 1, -2, 1, 3, 3, 3, 3, 1, 1, 3, 1, 1, 3, 3, 3, -6, 3, -17 ] ], 
              [ [ 1, 3, 2, 2, 1, 2, 2, 3, 3, 2, 2, 3, 1, 2, 1, -10, 3, -17 ], [ 1, 1, 2, 2, 3, 2, 2, 1, 1, 2, 2, 1, 3, 2, 3, -8, 1, -15 ] ], 
              [ [ 1, 3, 1, 1, 1, 2, 2, 2, 4, 2, 3, 4, 1, 1, 1, -9, 2, -15 ], [ 1, 1, 3, 3, 3, 2, 2, 2, 0, 2, 1, 0, 3, 3, 3, -9, 2, -17 ] ], 
              [ [ 1, 3, 1, 0, 1, 2, 1, 2, 3, 2, 2, 2, 1, 1, 1, -8, 2, -12 ], [ 1, 1, 3, 4, 3, 2, 3, 2, 1, 2, 2, 2, 3, 3, 3, -10, 2, -20 ] ], 
              [ [ 1, 4, 3, 1, 1, 2, 2, 2, 3, 3, 2, 2, 1, 1, 1, -11, 2, -15 ], [ 1, 0, 1, 3, 3, 2, 2, 2, 1, 1, 2, 2, 3, 3, 3, -7, 2, -17 ] ], 
              [ [ 1, 1, 2, 3, 2, 2, 2, 2, 1, 2, 3, 3, 2, 2, 1, -9, 1, -16 ], [ 1, 3, 2, 1, 2, 2, 2, 2, 3, 2, 1, 1, 2, 2, 3, -9, 3, -16 ] ], 
              [ [ 1, 2, 1, 2, 2, 1, 1, 3, 1, 1, 3, 3, 2, 2, 1, -8, 1, -15 ], [ 1, 2, 3, 2, 2, 3, 3, 1, 3, 3, 1, 1, 2, 2, 3, -10, 3, -17 ] ], 
              [ [ 1, 3, 3, 3, 2, 1, 2, 3, 1, 2, 3, 3, 2, 2, 1, -11, 1, -18 ], [ 1, 1, 1, 1, 2, 3, 2, 1, 3, 2, 1, 1, 2, 2, 3, -7, 3, -14 ] ], 
              [ [ 1, 1, 3, 4, 2, 2, 1, 2, 0, 1, 2, 2, 2, 2, 2, -9, 2, -16 ], [ 1, 3, 1, 0, 2, 2, 3, 2, 4, 3, 2, 2, 2, 2, 2, -9, 2, -16 ] ], 
              [ [ 1, 1, 0, 4, 2, 1, 1, 3, 2, 1, 2, 4, 3, 2, 2, -8, 3, -19 ], [ 1, 3, 4, 0, 2, 3, 3, 1, 2, 3, 2, 0, 1, 2, 2, -10, 1, -13 ] ], 
              [ [ 1, 2, 2, 4, 2, 1, 1, 3, 1, 2, 1, 2, 3, 2, 2, -10, 3, -19 ], [ 1, 2, 2, 0, 2, 3, 3, 1, 3, 2, 3, 2, 1, 2, 2, -8, 1, -13 ] ], 
              [ [ 1, 3, 3, 3, 2, 1, 1, 2, 1, 1, 3, 3, 2, 1, 2, -10, 1, -16 ], [ 1, 1, 1, 1, 2, 3, 3, 2, 3, 3, 1, 1, 2, 3, 2, -8, 3, -16 ] ], 
              [ [ 1, 3, 3, 3, 1, 1, 2, 2, 1, 1, 3, 3, 2, 2, 2, -10, 1, -16 ], [ 1, 1, 1, 1, 3, 3, 2, 2, 3, 3, 1, 1, 2, 2, 2, -8, 3, -16 ] ], 
              [ [ 1, 2, 1, 3, 2, 1, 1, 2, 2, 2, 2, 3, 3, 1, 2, -9, 2, -17 ], [ 1, 2, 3, 1, 2, 3, 3, 2, 2, 2, 2, 1, 1, 3, 2, -9, 2, -15 ] ], 
              [ [ 1, 3, 3, 3, 2, 2, 2, 2, 2, 1, 3, 3, 2, 2, 2, -11, 1, -17 ], [ 1, 1, 1, 1, 2, 2, 2, 2, 2, 3, 1, 1, 2, 2, 2, -7, 3, -15 ] ], 
              [ [ 1, 3, 3, 2, 2, 2, 1, 2, 1, 1, 2, 1, 2, 2, 2, -10, 1, -14 ], [ 1, 1, 1, 2, 2, 2, 3, 2, 3, 3, 2, 3, 2, 2, 2, -8, 3, -18 ] ], 
              [ [ 1, 4, 2, 2, 2, 1, 1, 3, 2, 0, 3, 3, 2, 2, 2, -10, 1, -16 ], [ 1, 0, 2, 2, 2, 3, 3, 1, 2, 4, 1, 1, 2, 2, 2, -8, 3, -16 ] ], 
              [ [ 1, 0, 1, 2, 2, 2, 2, 2, 1, 3, 2, 2, 2, 2, 1, -7, 2, -15 ], [ 1, 4, 3, 2, 2, 2, 2, 2, 3, 1, 2, 2, 2, 2, 3, -11, 2, -17 ] ], 
              [ [ 1, 0, 2, 4, 2, 2, 2, 2, 1, 2, 2, 3, 2, 2, 2, -8, 3, -18 ], [ 1, 4, 2, 0, 2, 2, 2, 2, 3, 2, 2, 1, 2, 2, 2, -10, 1, -14 ] ], 
              [ [ 1, 0, 1, 2, 1, 2, 2, 1, 1, 2, 2, 2, 2, 2, 2, -6, 2, -13 ], [ 1, 4, 3, 2, 3, 2, 2, 3, 3, 2, 2, 2, 2, 2, 2, -12, 2, -19 ] ], 
              [ [ 1, 1, 3, 3, 2, 2, 2, 1, 1, 3, 2, 2, 2, 1, 2, -9, 2, -16 ], [ 1, 3, 1, 1, 2, 2, 2, 3, 3, 1, 2, 2, 2, 3, 2, -9, 2, -16 ] ], 
              [ [ 1, 1, 3, 3, 1, 2, 3, 1, 1, 3, 2, 2, 2, 2, 2, -9, 2, -16 ], [ 1, 3, 1, 1, 3, 2, 1, 3, 3, 1, 2, 2, 2, 2, 2, -9, 2, -16 ] ], 
              [ [ 1, 2, 2, 2, 1, 1, 2, 2, 1, 2, 2, 2, 2, 2, 2, -8, 2, -15 ], [ 1, 2, 2, 2, 3, 3, 2, 2, 3, 2, 2, 2, 2, 2, 2, -10, 2, -17 ] ], 
              [ [ 1, 1, 3, 2, 2, 3, 3, 2, 1, 2, 3, 2, 1, 3, 1, -9, 1, -15 ], [ 1, 3, 1, 2, 2, 1, 1, 2, 3, 2, 1, 2, 3, 1, 3, -9, 3, -17 ] ], 
              [ [ 1, 2, 2, 2, 3, 2, 2, 3, 2, 3, 2, 2, 2, 2, 1, -10, 2, -18 ], [ 1, 2, 2, 2, 1, 2, 2, 1, 2, 1, 2, 2, 2, 2, 3, -8, 2, -14 ] ], 
              [ [ 1, 2, 4, 1, 2, 3, 3, 1, 1, 3, 3, 1, 1, 2, 1, -10, 0, -13 ], [ 1, 2, 0, 3, 2, 1, 1, 3, 3, 1, 1, 3, 3, 2, 3, -8, 4, -19 ] ], 
              [ [ 1, 3, 3, 1, 2, 2, 3, 2, 2, 2, 4, 3, 1, 2, 1, -10, 0, -15 ], [ 1, 1, 1, 3, 2, 2, 1, 2, 2, 2, 0, 1, 3, 2, 3, -8, 4, -17 ] ], 
              [ [ 1, 3, 3, 0, 2, 2, 2, 2, 1, 2, 3, 1, 1, 2, 1, -9, 0, -12 ], [ 1, 1, 1, 4, 2, 2, 2, 2, 3, 2, 1, 3, 3, 2, 3, -9, 4, -20 ] ], 
              [ [ 1, 0, 2, 3, 2, 3, 2, 2, 1, 2, 1, 1, 2, 3, 2, -8, 3, -16 ], [ 1, 4, 2, 1, 2, 1, 2, 2, 3, 2, 3, 3, 2, 1, 2, -10, 1, -16 ] ], 
              [ [ 1, 1, 1, 3, 2, 2, 2, 3, 2, 1, 2, 3, 2, 3, 2, -8, 3, -18 ], [ 1, 3, 3, 1, 2, 2, 2, 1, 2, 3, 2, 1, 2, 1, 2, -10, 1, -14 ] ], 
              [ [ 1, 2, 3, 3, 2, 2, 2, 3, 1, 2, 1, 1, 2, 3, 2, -10, 3, -18 ], [ 1, 2, 1, 1, 2, 2, 2, 1, 3, 2, 3, 3, 2, 1, 2, -8, 1, -14 ] ], 
              [ [ 1, 0, 1, 2, 2, 3, 2, 1, 2, 2, 2, 2, 2, 2, 2, -7, 2, -14 ], [ 1, 4, 3, 2, 2, 1, 2, 3, 2, 2, 2, 2, 2, 2, 2, -11, 2, -18 ] ], 
              [ [ 1, 1, 0, 2, 2, 2, 2, 2, 3, 1, 3, 4, 2, 2, 2, -7, 2, -16 ], [ 1, 3, 4, 2, 2, 2, 2, 2, 1, 3, 1, 0, 2, 2, 2, -11, 2, -16 ] ], 
              [ [ 1, 1, 3, 3, 2, 3, 3, 1, 2, 3, 2, 2, 2, 2, 2, -10, 2, -17 ], [ 1, 3, 1, 1, 2, 1, 1, 3, 2, 1, 2, 2, 2, 2, 2, -8, 2, -15 ] ], 
              [ [ 1, 2, 2, 3, 2, 2, 3, 2, 3, 2, 3, 4, 2, 2, 2, -10, 2, -19 ], [ 1, 2, 2, 1, 2, 2, 1, 2, 1, 2, 1, 0, 2, 2, 2, -8, 2, -13 ] ], 
              [ [ 1, 1, 0, 1, 2, 2, 1, 2, 2, 1, 2, 2, 2, 2, 2, -6, 2, -13 ], [ 1, 3, 4, 3, 2, 2, 3, 2, 2, 3, 2, 2, 2, 2, 2, -12, 2, -19 ] ], 
              [ [ 1, 1, 3, 2, 2, 3, 2, 1, 1, 3, 1, 0, 2, 2, 2, -9, 2, -14 ], [ 1, 3, 1, 2, 2, 1, 2, 3, 3, 1, 3, 4, 2, 2, 2, -9, 2, -18 ] ], 
              [ [ 1, 2, 2, 2, 3, 2, 1, 2, 2, 2, 2, 2, 2, 1, 2, -9, 2, -16 ], [ 1, 2, 2, 2, 1, 2, 3, 2, 2, 2, 2, 2, 2, 3, 2, -9, 2, -16 ] ] ],
          slins := [  ] ), 
      [ [ [ -2262984, -8048531, -6710111, -15260267, -14670909, -1889537, -10190003, -18695177, -3245957, -12500193, -9537667, -10475685, -17226285, 
                  -4481651, -6370443, -116976, -17607939, -19689432 ], [ -8048531, -28625890, -23865575, -54275580, -52179439, -6720444, -36242389, 
                  -66492385, -11544762, -44458933, -33922238, -37258455, -61268040, -15939717, -22657494, -416031, -62625461, -70028616 ], 
              [ -6710111, -23865575, -19896878, -45249876, -43502311, -5602874, -30215495, -55435103, -9624940, -37065679, -28281174, -31062597, 
                  -51079532, -13289037, -18889690, -346851, -52211221, -58383276 ], [ -15260267, -54275580, -45249876, -102908198, -98933850, -12742171, 
                  -68716704, -126071642, -21889231, -84295526, -64317625, -70643196, -116166121, -30222202, -42959317, -788805, -118739834, -132776448 ], 
              [ -14670909, -52179439, -43502311, -98933850, -95112998, -12250064, -66062845, -121202717, -21043860, -81040007, -61833656, -67914939, 
                  -111679750, -29055013, -41300216, -758337, -114154069, -127648584 ], [ -1889537, -6720444, -5602874, -12742171, -12250064, -1577746, 
                  -8508554, -15610286, -2710341, -10437536, -7963857, -8747094, -14383777, -3742136, -5319255, -97671, -14702456, -16440480 ], 
              [ -10190003, -36242389, -30215495, -68716704, -66062845, -8508554, -45885418, -84184039, -14616480, -56288137, -42947940, -47171829, 
                  -77569652, -20180805, -28685982, -526719, -79288245, -88661160 ], [ -18695177, -66492385, -55435103, -126071642, -121202717, -15610286, 
                  -84184039, -154448914, -26816244, -103269475, -78794778, -86544165, -142313772, -37024871, -52628964, -966357, -145466799, -162662892 ], 
              [ -3245957, -11544762, -9624940, -21889231, -21043860, -2710341, -14616480, -26816244, -4655982, -17930196, -13680771, -15026256, -24709275, 
                  -6428454, -9137721, -167787, -25256718, -28242396 ], [ -12500193, -44458933, -37065679, -84295526, -81040007, -10437536, -56288137, 
                  -103269475, -17930196, -69049270, -52684704, -57866193, -95155532, -24756011, -35189406, -646137, -97263747, -108761604 ], 
              [ -9537667, -33922238, -28281174, -64317625, -61833656, -7963857, -42947940, -78794778, -13680771, -52684704, -40198518, -44151996, 
                  -72603827, -18888876, -26849573, -493005, -74212396, -82985280 ], [ -10475685, -37258455, -31062597, -70643196, -67914939, -8747094, 
                  -47171829, -86544165, -15026256, -57866193, -44151996, -48494310, -79744340, -20746581, -29490204, -541485, -81511117, -91146804 ], 
              [ -17226285, -61268040, -51079532, -116166121, -111679750, -14383777, -77569652, -142313772, -24709275, -95155532, -72603827, -79744340, 
                  -131132098, -34115806, -48493875, -890427, -134037390, -149882376 ], [ -4481651, -15939717, -13289037, -30222202, -29055013, -3742136, 
                  -20180805, -37024871, -6428454, -24756011, -18888876, -20746581, -34115806, -8875694, -12616344, -231655, -34871659, -38993948 ], 
              [ -6370443, -22657494, -18889690, -42959317, -41300216, -5319255, -28685982, -52628964, -9137721, -35189406, -26849573, -29490204, 
                  -48493875, -12616344, -17933490, -329289, -49568280, -55427904 ], [ -116976, -416031, -346851, -788805, -758337, -97671, -526719, 
                  -966357, -167787, -646137, -493005, -541485, -890427, -231655, -329289, -6054, -910151, -1017744 ], 
              [ -17607939, -62625461, -52211221, -118739834, -114154069, -14702456, -79288245, -145466799, -25256718, -97263747, -74212396, -81511117, 
                  -134037390, -34871659, -49568280, -910151, -137007054, -153203092 ], 
              [ -19689432, -70028616, -58383276, -132776448, -127648584, -16440480, -88661160, -162662892, -28242396, -108761604, -82985280, -91146804, 
                  -149882376, -38993948, -55427904, -1017744, -153203092, -171313716 ] ], [ 1, 2, 2, 2, 2, 2, 2, 2, 2, 2, 2, 2, 2, 2, 2, -9, 2, -16 ] ] ], 
  [ rec(
          nopss := [ 0, 253 ],
          scons := [ [ [ 1, 2, 2, 1, 3, 3, 2, 2, 3, 3, 4, 1, 2, 0, 2, -7, 1, -15 ], [ 1, 2, 2, 3, 1, 1, 2, 2, 1, 1, 0, 3, 2, 4, 2, -9, 3, -13 ] ], 
              [ [ 1, 3, 1, 1, 2, 2, 1, 3, 4, 3, 2, 3, 1, 1, 1, -7, 0, -12 ], [ 1, 1, 3, 3, 2, 2, 3, 1, 0, 1, 2, 1, 3, 3, 3, -9, 4, -16 ] ], 
              [ [ 1, 3, 1, 1, 1, 1, 1, 1, 6, 1, 3, 3, 3, 3, 1, -10, 1, -10 ], [ 1, 1, 3, 3, 3, 3, 3, 3, -2, 3, 1, 1, 1, 1, 3, -6, 3, -18 ] ], 
              [ [ 1, 2, 1, 1, 2, 1, 1, 2, 4, 2, 3, 2, 1, 2, 1, -7, 0, -9 ], [ 1, 2, 3, 3, 2, 3, 3, 2, 0, 2, 1, 2, 3, 2, 3, -9, 4, -19 ] ], 
              [ [ 1, 3, 3, 2, 3, 1, 2, 1, 3, 2, 2, 2, 3, 2, 2, -10, 2, -15 ], [ 1, 1, 1, 2, 1, 3, 2, 3, 1, 2, 2, 2, 1, 2, 2, -6, 2, -13 ] ], 
              [ [ 1, 2, 2, 3, 3, 1, 2, 1, 3, 2, 1, 2, 2, 2, 3, -9, 3, -15 ], [ 1, 2, 2, 1, 1, 3, 2, 3, 1, 2, 3, 2, 2, 2, 1, -7, 1, -13 ] ], 
              [ [ 1, 3, 3, 2, 2, 2, 1, 3, 2, 2, 0, 2, 1, 1, 3, -7, 2, -15 ], [ 1, 1, 1, 2, 2, 2, 3, 1, 2, 2, 4, 2, 3, 3, 1, -9, 2, -13 ] ], 
              [ [ 1, 2, 2, 3, 2, 2, 3, 2, 3, 2, 2, 4, 2, 2, 2, -10, 2, -16 ], [ 1, 2, 2, 1, 2, 2, 1, 2, 1, 2, 2, 0, 2, 2, 2, -6, 2, -12 ] ], 
              [ [ 1, 2, 3, 3, 2, 2, 2, 2, 3, 2, 2, 2, 2, 1, 2, -9, 2, -15 ], [ 1, 2, 1, 1, 2, 2, 2, 2, 1, 2, 2, 2, 2, 3, 2, -7, 2, -13 ] ], 
              [ [ 1, 3, 3, 2, 1, 1, 1, 1, 4, 0, 1, 2, 3, 3, 3, -10, 3, -13 ], [ 1, 1, 1, 2, 3, 3, 3, 3, 0, 4, 3, 2, 1, 1, 1, -6, 1, -15 ] ], 
              [ [ 1, 2, 2, 3, 2, 2, 0, 2, 3, 4, 2, 1, 2, 2, 2, -8, 2, -14 ], [ 1, 2, 2, 1, 2, 2, 4, 2, 1, 0, 2, 3, 2, 2, 2, -8, 2, -14 ] ], 
              [ [ 1, 1, 3, 2, 2, 3, 2, 1, 3, 2, 3, 2, 2, 2, 2, -9, 3, -16 ], [ 1, 3, 1, 2, 2, 1, 2, 3, 1, 2, 1, 2, 2, 2, 2, -7, 1, -12 ] ], 
              [ [ 1, 1, 3, 2, 3, 3, 4, 1, 2, 3, 3, 0, 3, 1, 3, -9, 3, -18 ], [ 1, 3, 1, 2, 1, 1, 0, 3, 2, 1, 1, 4, 1, 3, 1, -7, 1, -10 ] ], 
              [ [ 1, 2, 2, 2, 1, 2, 1, 2, 4, 2, 1, 4, 1, 3, 1, -9, 2, -13 ], [ 1, 2, 2, 2, 3, 2, 3, 2, 0, 2, 3, 0, 3, 1, 3, -7, 2, -15 ] ], 
              [ [ 1, 2, 2, 3, 1, 0, 1, 2, 4, 1, 1, 3, 1, 3, 1, -9, 1, -9 ], [ 1, 2, 2, 1, 3, 4, 3, 2, 0, 3, 3, 1, 3, 1, 3, -7, 3, -19 ] ], 
              [ [ 1, 2, 1, 3, 3, 1, 3, 2, 3, 1, 1, 3, 2, 3, 2, -10, 3, -14 ], [ 1, 2, 3, 1, 1, 3, 1, 2, 1, 3, 3, 1, 2, 1, 2, -6, 1, -14 ] ], 
              [ [ 1, 2, 2, 2, 3, 3, 2, 2, 3, 2, 1, 2, 2, 2, 2, -9, 4, -17 ], [ 1, 2, 2, 2, 1, 1, 2, 2, 1, 2, 3, 2, 2, 2, 2, -7, 0, -11 ] ], 
              [ [ 1, 3, 3, 2, 1, 2, 2, 3, 3, 2, 1, 2, 3, 2, 2, -10, 1, -14 ], [ 1, 1, 1, 2, 3, 2, 2, 1, 1, 2, 3, 2, 1, 2, 2, -6, 3, -14 ] ], 
              [ [ 1, 2, 2, 2, 2, 2, 3, 2, 3, 3, 1, 2, 2, 2, 2, -9, 2, -15 ], [ 1, 2, 2, 2, 2, 2, 1, 2, 1, 1, 3, 2, 2, 2, 2, -7, 2, -13 ] ], 
              [ [ 1, 2, 2, 2, 4, 1, 3, 1, 3, 2, 2, 1, 2, 2, 1, -9, 3, -14 ], [ 1, 2, 2, 2, 0, 3, 1, 3, 1, 2, 2, 3, 2, 2, 3, -7, 1, -14 ] ], 
              [ [ 1, 2, 2, 3, 3, 1, 2, 2, 3, 1, 1, 1, 2, 2, 2, -9, 3, -13 ], [ 1, 2, 2, 1, 1, 3, 2, 2, 1, 3, 3, 3, 2, 2, 2, -7, 1, -15 ] ], 
              [ [ 1, 2, 2, 3, 2, 2, 3, 3, 3, 1, 2, 3, 2, 2, 1, -10, 2, -14 ], [ 1, 2, 2, 1, 2, 2, 1, 1, 1, 3, 2, 1, 2, 2, 3, -6, 2, -14 ] ], 
              [ [ 1, 0, 2, 3, 4, 3, 3, 2, 2, 3, 3, 1, 1, 1, 1, -8, 3, -16 ], [ 1, 4, 2, 1, 0, 1, 1, 2, 2, 1, 1, 3, 3, 3, 3, -8, 1, -12 ] ], 
              [ [ 1, 2, 3, 1, 1, 3, 2, 2, 3, 2, 2, 2, 3, 3, 2, -10, 2, -15 ], [ 1, 2, 1, 3, 3, 1, 2, 2, 1, 2, 2, 2, 1, 1, 2, -6, 2, -13 ] ], 
              [ [ 1, 3, 3, 1, 0, 2, 2, 2, 4, 1, 1, 2, 3, 3, 2, -10, 2, -13 ], [ 1, 1, 1, 3, 4, 2, 2, 2, 0, 3, 3, 2, 1, 1, 2, -6, 2, -15 ] ], 
              [ [ 1, 1, 2, 2, 1, 3, 2, 2, 3, 2, 1, 2, 2, 3, 3, -9, 3, -15 ], [ 1, 3, 2, 2, 3, 1, 2, 2, 1, 2, 3, 2, 2, 1, 1, -7, 1, -13 ] ], 
              [ [ 1, 2, 1, 3, 2, 2, 1, 3, 3, 3, 2, 2, 2, 3, 1, -9, 2, -13 ], [ 1, 2, 3, 1, 2, 2, 3, 1, 1, 1, 2, 2, 2, 1, 3, -7, 2, -15 ] ], 
              [ [ 1, 1, 2, 2, 3, 2, 2, 1, 3, 1, 2, 1, 2, 3, 2, -9, 4, -14 ], [ 1, 3, 2, 2, 1, 2, 2, 3, 1, 3, 2, 3, 2, 1, 2, -7, 0, -14 ] ], 
              [ [ 1, 1, 2, 2, 2, 1, 3, 1, 3, 2, 2, 1, 2, 3, 2, -9, 2, -12 ], [ 1, 3, 2, 2, 2, 3, 1, 3, 1, 2, 2, 3, 2, 1, 2, -7, 2, -16 ] ], 
              [ [ 1, 1, 3, 1, 2, 3, 2, 1, 3, 3, 2, 0, 2, 2, 2, -8, 3, -15 ], [ 1, 3, 1, 3, 2, 1, 2, 3, 1, 1, 2, 4, 2, 2, 2, -8, 1, -13 ] ], 
              [ [ 1, 1, 3, 2, 0, 4, 2, 3, 3, 2, 2, 2, 2, 2, 2, -9, 2, -15 ], [ 1, 3, 1, 2, 4, 0, 2, 1, 1, 2, 2, 2, 2, 2, 2, -7, 2, -13 ] ], 
              [ [ 1, 4, 3, 2, 3, 2, 2, 3, 3, 2, 2, 2, 2, 2, 2, -10, 2, -16 ], [ 1, 0, 1, 2, 1, 2, 2, 1, 1, 2, 2, 2, 2, 2, 2, -6, 2, -12 ] ], 
              [ [ 1, 3, 3, 2, 2, 2, 1, 1, 4, 2, 3, 2, 3, 4, 1, -11, 2, -14 ], [ 1, 1, 1, 2, 2, 2, 3, 3, 0, 2, 1, 2, 1, 0, 3, -5, 2, -14 ] ], 
              [ [ 1, 3, 3, 2, 1, 2, 2, 3, 3, 2, 2, 2, 2, 3, 3, -10, 1, -14 ], [ 1, 1, 1, 2, 3, 2, 2, 1, 1, 2, 2, 2, 2, 1, 1, -6, 3, -14 ] ], 
              [ [ 1, 2, 3, 2, 2, 2, 2, 2, 3, 2, 2, 2, 1, 2, 2, -9, 2, -14 ], [ 1, 2, 1, 2, 2, 2, 2, 2, 1, 2, 2, 2, 3, 2, 2, -7, 2, -14 ] ], 
              [ [ 1, 1, 1, 1, 3, 3, 3, 3, 1, 3, 3, 1, 1, -2, 3, -4, 1, -15 ], [ 1, 3, 3, 3, 1, 1, 1, 1, 3, 1, 1, 3, 3, 6, 1, -12, 3, -13 ] ], 
              [ [ 1, 2, 1, 0, 2, 2, 2, 2, 2, 1, 2, 1, 2, 0, 4, -5, 2, -13 ], [ 1, 2, 3, 4, 2, 2, 2, 2, 2, 3, 2, 3, 2, 4, 0, -11, 2, -15 ] ], 
              [ [ 1, 0, 1, 1, 2, 3, 2, 1, 2, 3, 4, 1, 2, 0, 2, -5, 1, -13 ], [ 1, 4, 3, 3, 2, 1, 2, 3, 2, 1, 0, 3, 2, 4, 2, -11, 3, -15 ] ], 
              [ [ 1, 1, 1, 1, 2, 2, 3, 1, 3, 1, 4, 1, 3, 0, 3, -7, 2, -13 ], [ 1, 3, 3, 3, 2, 2, 1, 3, 1, 3, 0, 3, 1, 4, 1, -9, 2, -15 ] ], 
              [ [ 1, 4, 2, 0, 1, 2, 1, 2, 3, 2, 3, 2, 3, 1, 3, -7, 0, -13 ], [ 1, 0, 2, 4, 3, 2, 3, 2, 1, 2, 1, 2, 1, 3, 1, -9, 4, -15 ] ], 
              [ [ 1, 1, 0, 1, 1, 2, 1, 2, 3, 3, 2, 3, 1, 1, 1, -5, 0, -10 ], [ 1, 3, 4, 3, 3, 2, 3, 2, 1, 1, 2, 1, 3, 3, 3, -11, 4, -18 ] ], 
              [ [ 1, 1, 0, 1, 2, 2, 2, 2, 3, 2, 3, 3, 2, 1, 2, -7, 1, -12 ], [ 1, 3, 4, 3, 2, 2, 2, 2, 1, 2, 1, 1, 2, 3, 2, -9, 3, -16 ] ], 
              [ [ 1, 2, 0, 1, 1, 1, 2, 2, 4, 1, 2, 3, 2, 1, 2, -7, 1, -10 ], [ 1, 2, 4, 3, 3, 3, 2, 2, 0, 3, 2, 1, 2, 3, 2, -9, 3, -18 ] ], 
              [ [ 1, 1, -2, 3, 3, 1, 1, 3, 3, 3, 3, 3, 1, 1, 1, -6, 1, -10 ], [ 1, 3, 6, 1, 1, 3, 3, 1, 1, 1, 1, 1, 3, 3, 3, -10, 3, -18 ] ], 
              [ [ 1, 1, 0, 1, 3, 1, 1, 1, 3, 2, 3, 2, 1, 1, 0, -5, 1, -9 ], [ 1, 3, 4, 3, 1, 3, 3, 3, 1, 2, 1, 2, 3, 3, 4, -11, 3, -19 ] ], 
              [ [ 1, 1, 0, 1, 2, 1, 2, 3, 2, 2, 2, 2, 0, 0, 2, -4, 0, -9 ], [ 1, 3, 4, 3, 2, 3, 2, 1, 2, 2, 2, 2, 4, 4, 2, -12, 4, -19 ] ], 
              [ [ 1, 2, 0, 2, 3, 1, 1, 1, 4, 2, 4, 3, 2, 2, 1, -8, 1, -11 ], [ 1, 2, 4, 2, 1, 3, 3, 3, 0, 2, 0, 1, 2, 2, 3, -8, 3, -17 ] ], 
              [ [ 1, 3, 1, 1, 2, 2, 0, 3, 3, 2, 3, 3, 1, 1, 1, -6, 0, -11 ], [ 1, 1, 3, 3, 2, 2, 4, 1, 1, 2, 1, 1, 3, 3, 3, -10, 4, -17 ] ], 
              [ [ 1, 2, 0, 1, 3, 2, 1, 2, 3, 3, 3, 3, 0, 1, 1, -5, 1, -12 ], [ 1, 2, 4, 3, 1, 2, 3, 2, 1, 1, 1, 1, 4, 3, 3, -11, 3, -16 ] ], 
              [ [ 1, 3, 1, 1, 1, 1, 1, 3, 3, 3, 3, 3, 1, 1, 1, -6, -2, -9 ], [ 1, 1, 3, 3, 3, 3, 3, 1, 1, 1, 1, 1, 3, 3, 3, -10, 6, -19 ] ], 
              [ [ 1, 2, 2, 0, 2, 1, 2, 1, 3, 1, 3, 2, 1, 1, 2, -6, 0, -10 ], [ 1, 2, 2, 4, 2, 3, 2, 3, 1, 3, 1, 2, 3, 3, 2, -10, 4, -18 ] ], 
              [ [ 1, 2, 0, 2, 3, 0, 1, 2, 3, 2, 3, 2, 0, 1, 1, -5, 0, -8 ], [ 1, 2, 4, 2, 1, 4, 3, 2, 1, 2, 1, 2, 4, 3, 3, -11, 4, -20 ] ], 
              [ [ 1, 2, 1, 0, 1, 2, 3, 2, 3, 1, 3, 1, 4, 1, 3, -8, 1, -12 ], [ 1, 2, 3, 4, 3, 2, 1, 2, 1, 3, 1, 3, 0, 3, 1, -8, 3, -16 ] ], 
              [ [ 1, 3, 1, 1, 3, 2, 2, 3, 2, 3, 3, 1, 2, 0, 2, -6, 0, -13 ], [ 1, 1, 3, 3, 1, 2, 2, 1, 2, 1, 1, 3, 2, 4, 2, -10, 4, -15 ] ], 
              [ [ 1, 2, 2, 0, 3, 3, 4, 2, 2, 1, 4, 2, 2, 0, 2, -7, 1, -15 ], [ 1, 2, 2, 4, 1, 1, 0, 2, 2, 3, 0, 2, 2, 4, 2, -9, 3, -13 ] ], 
              [ [ 1, 3, 1, 0, 2, 3, 2, 1, 4, 2, 4, 2, 4, 2, 2, -9, 2, -15 ], [ 1, 1, 3, 4, 2, 1, 2, 3, 0, 2, 0, 2, 0, 2, 2, -7, 2, -13 ] ], 
              [ [ 1, 3, 1, 0, 1, 3, 3, 3, 3, 2, 3, 2, 3, 1, 4, -8, 1, -15 ], [ 1, 1, 3, 4, 3, 1, 1, 1, 1, 2, 1, 2, 1, 3, 0, -8, 3, -13 ] ], 
              [ [ 1, 3, 3, -2, 1, 3, 3, 1, 3, 1, 3, 1, 3, 1, 3, -7, 1, -14 ], [ 1, 1, 1, 6, 3, 1, 1, 3, 1, 3, 1, 3, 1, 3, 1, -9, 3, -14 ] ], 
              [ [ 1, 3, 1, 1, 2, 1, 2, 1, 4, 1, 4, 1, 4, 2, 2, -9, 1, -11 ], [ 1, 1, 3, 3, 2, 3, 2, 3, 0, 3, 0, 3, 0, 2, 2, -7, 3, -17 ] ], 
              [ [ 1, 2, 1, 0, 3, 3, 2, 2, 2, 3, 4, 1, 2, 1, 2, -6, 1, -14 ], [ 1, 2, 3, 4, 1, 1, 2, 2, 2, 1, 0, 3, 2, 3, 2, -10, 3, -14 ] ], 
              [ [ 1, 3, 1, 0, 2, 2, 2, 2, 3, 2, 3, 1, 2, 1, 2, -6, 1, -12 ], [ 1, 1, 3, 4, 2, 2, 2, 2, 1, 2, 1, 3, 2, 3, 2, -10, 3, -16 ] ], 
              [ [ 1, 3, 1, 0, 3, 2, 3, 2, 3, 1, 4, 1, 3, 1, 3, -8, 2, -14 ], [ 1, 1, 3, 4, 1, 2, 1, 2, 1, 3, 0, 3, 1, 3, 1, -8, 2, -14 ] ], 
              [ [ 1, 1, 1, 1, 2, 2, 2, 2, 2, 3, 3, 1, 1, 0, 2, -5, 0, -11 ], [ 1, 3, 3, 3, 2, 2, 2, 2, 2, 1, 1, 3, 3, 4, 2, -11, 4, -17 ] ], 
              [ [ 1, 1, 1, 1, 3, 3, 3, 1, 3, 3, 6, 1, 3, 1, 1, -8, 1, -14 ], [ 1, 3, 3, 3, 1, 1, 1, 3, 1, 1, -2, 3, 1, 3, 3, -8, 3, -14 ] ], 
              [ [ 1, 1, 1, 1, 2, 4, 2, 3, 2, 3, 4, 1, 1, 0, 2, -5, 1, -14 ], [ 1, 3, 3, 3, 2, 0, 2, 1, 2, 1, 0, 3, 3, 4, 2, -11, 3, -14 ] ], 
              [ [ 1, 2, 0, 1, 2, 2, 2, 2, 4, 3, 4, 3, 2, 2, 0, -8, 0, -11 ], [ 1, 2, 4, 3, 2, 2, 2, 2, 0, 1, 0, 1, 2, 2, 4, -8, 4, -17 ] ], 
              [ [ 1, 2, 2, 2, 2, 1, 1, 2, 2, 2, 1, 2, 1, 1, 3, -6, 2, -13 ], [ 1, 2, 2, 2, 2, 3, 3, 2, 2, 2, 3, 2, 3, 3, 1, -10, 2, -15 ] ], 
              [ [ 1, 2, 2, 2, 3, 1, 3, 2, 1, 2, 1, 2, 2, 0, 3, -7, 2, -15 ], [ 1, 2, 2, 2, 1, 3, 1, 2, 3, 2, 3, 2, 2, 4, 1, -9, 2, -13 ] ], 
              [ [ 1, 2, 2, 3, 2, 2, 2, 2, 2, 2, 2, 2, 3, 1, 2, -8, 2, -15 ], [ 1, 2, 2, 1, 2, 2, 2, 2, 2, 2, 2, 2, 1, 3, 2, -8, 2, -13 ] ], 
              [ [ 1, 2, 2, 2, 3, 3, 3, 3, 1, 2, 2, 2, 2, 0, 3, -7, 3, -18 ], [ 1, 2, 2, 2, 1, 1, 1, 1, 3, 2, 2, 2, 2, 4, 1, -9, 1, -10 ] ], 
              [ [ 1, 1, 2, 2, 2, 1, 2, 0, 2, 2, 2, 2, 3, 2, 2, -8, 2, -13 ], [ 1, 3, 2, 2, 2, 3, 2, 4, 2, 2, 2, 2, 1, 2, 2, -8, 2, -15 ] ], 
              [ [ 1, 2, 1, 3, 1, 2, 1, 4, 1, 3, 1, 3, 2, 1, 3, -7, 1, -14 ], [ 1, 2, 3, 1, 3, 2, 3, 0, 3, 1, 3, 1, 2, 3, 1, -9, 3, -14 ] ], 
              [ [ 1, 1, 2, 2, 1, 2, 1, 2, 1, 2, 0, 2, 1, 1, 3, -5, 2, -13 ], [ 1, 3, 2, 2, 3, 2, 3, 2, 3, 2, 4, 2, 3, 3, 1, -11, 2, -15 ] ], 
              [ [ 1, 1, 2, 2, 2, 2, 2, 2, 1, 1, 1, 2, 2, 1, 4, -7, 3, -15 ], [ 1, 3, 2, 2, 2, 2, 2, 2, 3, 3, 3, 2, 2, 3, 0, -9, 1, -13 ] ], 
              [ [ 1, 2, 2, 2, 1, 1, 2, 2, 2, 0, 0, 2, 2, 1, 4, -7, 3, -13 ], [ 1, 2, 2, 2, 3, 3, 2, 2, 2, 4, 4, 2, 2, 3, 0, -9, 1, -15 ] ], 
              [ [ 1, 1, 2, 2, 2, 3, 2, 1, 2, 2, 3, 2, 3, 2, 2, -8, 3, -16 ], [ 1, 3, 2, 2, 2, 1, 2, 3, 2, 2, 1, 2, 1, 2, 2, -8, 1, -12 ] ], 
              [ [ 1, 1, 0, 4, 3, 1, 1, 3, 1, 2, 1, 2, 1, 1, 3, -6, 3, -13 ], [ 1, 3, 4, 0, 1, 3, 3, 1, 3, 2, 3, 2, 3, 3, 1, -10, 1, -15 ] ], 
              [ [ 1, 1, 2, 2, 1, 3, 3, 3, 1, 2, 2, 2, 2, 1, 4, -7, 2, -16 ], [ 1, 3, 2, 2, 3, 1, 1, 1, 3, 2, 2, 2, 2, 3, 0, -9, 2, -12 ] ], 
              [ [ 1, 1, 1, 3, 2, 2, 1, 3, 1, 4, 1, 1, 1, 0, 3, -5, 2, -14 ], [ 1, 3, 3, 1, 2, 2, 3, 1, 3, 0, 3, 3, 3, 4, 1, -11, 2, -14 ] ], 
              [ [ 1, 0, 2, 3, 1, 2, 2, 1, 2, 2, 2, 2, 2, 1, 2, -7, 2, -13 ], [ 1, 4, 2, 1, 3, 2, 2, 3, 2, 2, 2, 2, 2, 3, 2, -9, 2, -15 ] ], 
              [ [ 1, 0, 2, 2, 2, 3, 3, 2, 1, 2, 2, 2, 1, 0, 3, -6, 3, -16 ], [ 1, 4, 2, 2, 2, 1, 1, 2, 3, 2, 2, 2, 3, 4, 1, -10, 1, -12 ] ], 
              [ [ 1, 3, 2, 3, 4, 0, 2, 1, 2, 2, 2, 2, 2, 1, 2, -8, 2, -14 ], [ 1, 1, 2, 1, 0, 4, 2, 3, 2, 2, 2, 2, 2, 3, 2, -8, 2, -14 ] ], 
              [ [ 1, 3, 3, 2, 1, 2, 1, 2, 2, 2, 2, 3, 3, 2, 3, -9, 1, -15 ], [ 1, 1, 1, 2, 3, 2, 3, 2, 2, 2, 2, 1, 1, 2, 1, -7, 3, -13 ] ], 
              [ [ 1, 4, 3, 2, 0, 1, 1, 2, 3, 1, 1, 3, 3, 2, 3, -9, 1, -13 ], [ 1, 0, 1, 2, 4, 3, 3, 2, 1, 3, 3, 1, 1, 2, 1, -7, 3, -15 ] ], 
              [ [ 1, 2, 2, 2, 2, 2, 2, 1, 2, 3, 2, 3, 2, 2, 3, -8, 2, -16 ], [ 1, 2, 2, 2, 2, 2, 2, 3, 2, 1, 2, 1, 2, 2, 1, -8, 2, -12 ] ], 
              [ [ 1, 3, 3, 1, 1, 3, 1, 3, 1, 3, 1, 3, 1, 1, 3, -6, 1, -16 ], [ 1, 1, 1, 3, 3, 1, 3, 1, 3, 1, 3, 1, 3, 3, 1, -10, 3, -12 ] ], 
              [ [ 1, 4, 3, 1, 1, 2, 2, 3, 2, 1, 1, 3, 2, 1, 4, -8, 2, -16 ], [ 1, 0, 1, 3, 3, 2, 2, 1, 2, 3, 3, 1, 2, 3, 0, -8, 2, -12 ] ], 
              [ [ 1, 3, 1, 4, 2, 1, 0, 3, 2, 3, 2, 3, 2, 2, 2, -8, 1, -13 ], [ 1, 1, 3, 0, 2, 3, 4, 1, 2, 1, 2, 1, 2, 2, 2, -8, 3, -15 ] ], 
              [ [ 1, 2, 2, 2, 4, 1, 2, 0, 2, 2, 3, 2, 2, 2, 2, -8, 3, -15 ], [ 1, 2, 2, 2, 0, 3, 2, 4, 2, 2, 1, 2, 2, 2, 2, -8, 1, -13 ] ], 
              [ [ 1, 3, 1, 3, 3, 2, 1, 4, 1, 3, 2, 3, 1, 1, 3, -7, 2, -16 ], [ 1, 1, 3, 1, 1, 2, 3, 0, 3, 1, 2, 1, 3, 3, 1, -9, 2, -12 ] ], 
              [ [ 1, 2, 2, 3, 3, 1, 1, 1, 2, 1, 2, 2, 2, 2, 3, -8, 3, -14 ], [ 1, 2, 2, 1, 1, 3, 3, 3, 2, 3, 2, 2, 2, 2, 1, -8, 1, -14 ] ], 
              [ [ 1, 2, 2, 2, 3, 2, 1, 2, 1, 2, 1, 2, 0, 1, 3, -5, 3, -15 ], [ 1, 2, 2, 2, 1, 2, 3, 2, 3, 2, 3, 2, 4, 3, 1, -11, 1, -13 ] ], 
              [ [ 1, 2, 2, 3, 2, 0, 2, 1, 2, 2, 2, 2, 2, 2, 3, -8, 1, -12 ], [ 1, 2, 2, 1, 2, 4, 2, 3, 2, 2, 2, 2, 2, 2, 1, -8, 3, -16 ] ], 
              [ [ 1, 3, 3, 2, 1, 1, 1, 3, 1, 2, 1, 2, 1, 1, 3, -6, 0, -12 ], [ 1, 1, 1, 2, 3, 3, 3, 1, 3, 2, 3, 2, 3, 3, 1, -10, 4, -16 ] ], 
              [ [ 1, 2, 2, 2, 2, 1, 2, 2, 1, 3, 1, 2, 0, 1, 3, -5, 1, -13 ], [ 1, 2, 2, 2, 2, 3, 2, 2, 3, 1, 3, 2, 4, 3, 1, -11, 3, -15 ] ], 
              [ [ 1, 2, 2, 2, 3, 1, 3, 2, 1, 2, 2, 2, 1, 1, 4, -7, 2, -15 ], [ 1, 2, 2, 2, 1, 3, 1, 2, 3, 2, 2, 2, 3, 3, 0, -9, 2, -13 ] ], 
              [ [ 1, 2, 2, 3, 2, 2, 2, 2, 2, 2, 3, 2, 2, 2, 3, -8, 2, -15 ], [ 1, 2, 2, 1, 2, 2, 2, 2, 2, 2, 1, 2, 2, 2, 1, -8, 2, -13 ] ], 
              [ [ 1, 2, 2, 3, 2, 2, 2, 2, 2, 1, 3, 4, 2, 2, 2, -9, 2, -15 ], [ 1, 2, 2, 1, 2, 2, 2, 2, 2, 3, 1, 0, 2, 2, 2, -7, 2, -13 ] ], 
              [ [ 1, 2, 3, 2, 2, 2, 1, 1, 2, 3, 2, 1, 2, 1, 3, -7, 2, -15 ], [ 1, 2, 1, 2, 2, 2, 3, 3, 2, 1, 2, 3, 2, 3, 1, -9, 2, -13 ] ], 
              [ [ 1, 2, 3, 2, 1, 3, 2, 2, 2, 3, 3, 3, 2, 1, 2, -8, 1, -16 ], [ 1, 2, 1, 2, 3, 1, 2, 2, 2, 1, 1, 1, 2, 3, 2, -8, 3, -12 ] ], 
              [ [ 1, 1, 2, 3, 3, 2, 2, 1, 2, 2, 3, 2, 1, 1, 2, -7, 3, -15 ], [ 1, 3, 2, 1, 1, 2, 2, 3, 2, 2, 1, 2, 3, 3, 2, -9, 1, -13 ] ], 
              [ [ 1, 3, 3, 1, 0, 2, 1, 1, 3, 1, 2, 3, 3, 3, 3, -9, 2, -14 ], [ 1, 1, 1, 3, 4, 2, 3, 3, 1, 3, 2, 1, 1, 1, 1, -7, 2, -14 ] ], 
              [ [ 1, 2, 2, 3, 3, 2, 4, 2, 1, 2, 3, 2, 3, 1, 3, -9, 2, -17 ], [ 1, 2, 2, 1, 1, 2, 0, 2, 3, 2, 1, 2, 1, 3, 1, -7, 2, -11 ] ], 
              [ [ 1, 2, 3, 2, 3, 4, 3, 2, 1, 3, 3, 1, 3, 0, 3, -8, 3, -20 ], [ 1, 2, 1, 2, 1, 0, 1, 2, 3, 1, 1, 3, 1, 4, 1, -8, 1, -8 ] ], 
              [ [ 1, 3, 3, 1, 2, 3, 2, 1, 2, 1, 2, 1, 4, 2, 4, -9, 4, -18 ], [ 1, 1, 1, 3, 2, 1, 2, 3, 2, 3, 2, 3, 0, 2, 0, -7, 0, -10 ] ], 
              [ [ 1, 3, 3, 1, 1, 2, 3, 1, 2, 2, 2, 1, 4, 2, 4, -9, 2, -16 ], [ 1, 1, 1, 3, 3, 2, 1, 3, 2, 2, 2, 3, 0, 2, 0, -7, 2, -12 ] ], 
              [ [ 1, 3, 3, 1, 1, 3, 3, 3, 1, 1, 1, 1, 3, 1, 6, -8, 3, -18 ], [ 1, 1, 1, 3, 3, 1, 1, 1, 3, 3, 3, 3, 1, 3, -2, -8, 1, -10 ] ], 
              [ [ 1, 1, 3, 2, 1, 4, 3, 2, 1, 3, 3, 1, 3, 1, 4, -8, 2, -18 ], [ 1, 3, 1, 2, 3, 0, 1, 2, 3, 1, 1, 3, 1, 3, 0, -8, 2, -10 ] ], 
              [ [ 1, 1, 3, 2, 3, 3, 3, 1, 1, 2, 4, 0, 3, 1, 3, -8, 3, -17 ], [ 1, 3, 1, 2, 1, 1, 1, 3, 3, 2, 0, 4, 1, 3, 1, -8, 1, -11 ] ], 
              [ [ 1, 2, 1, 2, 1, 2, 1, 2, 3, 2, 1, 4, 2, 3, 1, -8, 2, -13 ], [ 1, 2, 3, 2, 3, 2, 3, 2, 1, 2, 3, 0, 2, 1, 3, -8, 2, -15 ] ], 
              [ [ 1, 2, 1, 3, 1, 0, 1, 2, 3, 1, 1, 3, 2, 3, 1, -8, 1, -9 ], [ 1, 2, 3, 1, 3, 4, 3, 2, 1, 3, 3, 1, 2, 1, 3, -8, 3, -19 ] ], 
              [ [ 1, 2, 1, 2, 2, 1, 2, 3, 2, 1, 1, 3, 1, 2, 2, -7, 2, -12 ], [ 1, 2, 3, 2, 2, 3, 2, 1, 2, 3, 3, 1, 3, 2, 2, -9, 2, -16 ] ], 
              [ [ 1, 2, 2, 2, 1, 2, 0, 2, 3, 2, 1, 2, 2, 2, 1, -7, 2, -12 ], [ 1, 2, 2, 2, 3, 2, 4, 2, 1, 2, 3, 2, 2, 2, 3, -9, 2, -16 ] ], 
              [ [ 1, 0, 1, 3, 3, 1, 1, 1, 2, 3, 2, 1, 1, 2, 1, -6, 2, -11 ], [ 1, 4, 3, 1, 1, 3, 3, 3, 2, 1, 2, 3, 3, 2, 3, -10, 2, -17 ] ], 
              [ [ 1, 0, 1, 3, 3, 1, 1, 1, 2, 2, 2, 3, 1, 2, 0, -7, 2, -11 ], [ 1, 4, 3, 1, 1, 3, 3, 3, 2, 2, 2, 1, 3, 2, 4, -9, 2, -17 ] ], 
              [ [ 1, 1, 1, 3, 2, 0, 1, 1, 3, 1, 1, 3, 1, 2, 0, -7, 2, -9 ], [ 1, 3, 3, 1, 2, 4, 3, 3, 1, 3, 3, 1, 3, 2, 4, -9, 2, -19 ] ], 
              [ [ 1, 0, 1, 3, 2, 2, 2, 2, 2, 3, 3, 3, 1, 2, 0, -7, 1, -12 ], [ 1, 4, 3, 1, 2, 2, 2, 2, 2, 1, 1, 1, 3, 2, 4, -9, 3, -16 ] ], 
              [ [ 1, 4, 2, 2, 2, 0, 0, 2, 3, 2, 1, 2, 2, 3, 2, -8, 1, -11 ], [ 1, 0, 2, 2, 2, 4, 4, 2, 1, 2, 3, 2, 2, 1, 2, -8, 3, -17 ] ], 
              [ [ 1, 4, 2, 2, 2, 0, 0, 2, 3, 1, 1, 4, 2, 3, 1, -9, 1, -11 ], [ 1, 0, 2, 2, 2, 4, 4, 2, 1, 3, 3, 0, 2, 1, 3, -7, 3, -17 ] ], 
              [ [ 1, 3, 1, 2, 3, 0, 1, 1, 3, 2, 1, 4, 1, 3, 1, -8, 2, -12 ], [ 1, 1, 3, 2, 1, 4, 3, 3, 1, 2, 3, 0, 3, 1, 3, -8, 2, -16 ] ], 
              [ [ 1, 3, 1, 3, 2, 0, 0, 2, 3, 1, 0, 4, 1, 3, 2, -8, 2, -11 ], [ 1, 1, 3, 1, 2, 4, 4, 2, 1, 3, 4, 0, 3, 1, 2, -8, 2, -17 ] ], 
              [ [ 1, 4, 2, 2, 1, 1, 1, 3, 3, 2, 2, 4, 2, 3, 1, -9, 0, -12 ], [ 1, 0, 2, 2, 3, 3, 3, 1, 1, 2, 2, 0, 2, 1, 3, -7, 4, -16 ] ], 
              [ [ 1, 3, 1, 3, 1, 1, 1, 3, 3, 2, 1, 4, 1, 3, 2, -8, 1, -12 ], [ 1, 1, 3, 1, 3, 3, 3, 1, 1, 2, 3, 0, 3, 1, 2, -8, 3, -16 ] ], 
              [ [ 1, 3, 3, 1, 1, 1, 1, 1, 3, 1, 1, 3, 1, 3, 1, -7, 1, -11 ], [ 1, 1, 1, 3, 3, 3, 3, 3, 1, 3, 3, 1, 3, 1, 3, -9, 3, -17 ] ], 
              [ [ 1, 3, 3, 1, 2, 1, 2, 1, 3, 0, 2, 3, 2, 3, 2, -9, 2, -13 ], [ 1, 1, 1, 3, 2, 3, 2, 3, 1, 4, 2, 1, 2, 1, 2, -7, 2, -15 ] ], 
              [ [ 1, 3, 1, 3, 3, -2, 1, 1, 3, 1, 1, 3, 1, 3, 1, -8, 1, -8 ], [ 1, 1, 3, 1, 1, 6, 3, 3, 1, 3, 3, 1, 3, 1, 3, -8, 3, -20 ] ], 
              [ [ 1, 3, 1, 3, 3, 0, 1, 2, 3, 1, 2, 3, 1, 3, 1, -8, 2, -11 ], [ 1, 1, 3, 1, 1, 4, 3, 2, 1, 3, 2, 1, 3, 1, 3, -8, 2, -17 ] ], 
              [ [ 1, 3, 1, 3, 1, 1, 1, 3, 3, 1, 1, 6, 1, 3, 1, -9, 1, -12 ], [ 1, 1, 3, 1, 3, 3, 3, 1, 1, 3, 3, -2, 3, 1, 3, -7, 3, -16 ] ], 
              [ [ 1, 3, 2, 2, 3, 0, 0, 1, 3, 2, 1, 2, 1, 2, 1, -7, 2, -11 ], [ 1, 1, 2, 2, 1, 4, 4, 3, 1, 2, 3, 2, 3, 2, 3, -9, 2, -17 ] ], 
              [ [ 1, 2, 2, 2, 3, 2, 1, 2, 2, 4, 3, 2, 1, 2, 1, -7, 1, -14 ], [ 1, 2, 2, 2, 1, 2, 3, 2, 2, 0, 1, 2, 3, 2, 3, -9, 3, -14 ] ], 
              [ [ 1, 3, 2, 2, 2, 1, 1, 2, 3, 3, 2, 2, 1, 2, 1, -7, 1, -12 ], [ 1, 1, 2, 2, 2, 3, 3, 2, 1, 1, 2, 2, 3, 2, 3, -9, 3, -16 ] ], 
              [ [ 1, 3, 2, 2, 2, 1, 1, 2, 3, 2, 2, 4, 1, 2, 0, -8, 1, -12 ], [ 1, 1, 2, 2, 2, 3, 3, 2, 1, 2, 2, 0, 3, 2, 4, -8, 3, -16 ] ], 
              [ [ 1, 3, 2, 3, 1, 1, 0, 3, 3, 1, 1, 4, 1, 2, 1, -8, 1, -11 ], [ 1, 1, 2, 1, 3, 3, 4, 1, 1, 3, 3, 0, 3, 2, 3, -8, 3, -17 ] ], 
              [ [ 1, 1, 1, 3, 3, 2, 1, 2, 2, 3, 2, 4, 0, 2, 1, -7, 2, -14 ], [ 1, 3, 3, 1, 1, 2, 3, 2, 2, 1, 2, 0, 4, 2, 3, -9, 2, -14 ] ], 
              [ [ 1, 2, 1, 3, 2, 1, 1, 2, 3, 2, 1, 4, 0, 2, 1, -7, 2, -12 ], [ 1, 2, 3, 1, 2, 3, 3, 2, 1, 2, 3, 0, 4, 2, 3, -9, 2, -16 ] ], 
              [ [ 1, 1, 1, 3, 4, 0, 2, 1, 2, 3, 3, 3, 0, 2, 0, -7, 1, -11 ], [ 1, 3, 3, 1, 0, 4, 2, 3, 2, 1, 1, 1, 4, 2, 4, -9, 3, -17 ] ], 
              [ [ 1, 1, 1, 4, 3, 0, 1, 2, 2, 2, 2, 3, 0, 2, 1, -7, 1, -10 ], [ 1, 3, 3, 0, 1, 4, 3, 2, 2, 2, 2, 1, 4, 2, 3, -9, 3, -18 ] ], 
              [ [ 1, 1, 1, 3, 3, 1, 1, 3, 1, 3, 1, 3, -2, 1, 1, -4, 1, -11 ], [ 1, 3, 3, 1, 1, 3, 3, 1, 3, 1, 3, 1, 6, 3, 3, -12, 3, -17 ] ], 
              [ [ 1, 3, 1, 3, 1, 1, -2, 3, 3, 3, 1, 3, 1, 3, 1, -7, 1, -10 ], [ 1, 1, 3, 1, 3, 3, 6, 1, 1, 1, 3, 1, 3, 1, 3, -9, 3, -18 ] ], 
              [ [ 1, 2, 2, 2, 1, 0, 0, 1, 3, 2, 1, 2, 1, 3, 2, -7, 1, -9 ], [ 1, 2, 2, 2, 3, 4, 4, 3, 1, 2, 3, 2, 3, 1, 2, -9, 3, -19 ] ], 
              [ [ 1, 2, 2, 2, 1, 2, 0, 2, 3, 2, 2, 2, 1, 3, 2, -7, 2, -12 ], [ 1, 2, 2, 2, 3, 2, 4, 2, 1, 2, 2, 2, 3, 1, 2, -9, 2, -16 ] ], 
              [ [ 1, 2, 2, 2, 1, 2, 0, 2, 3, 1, 2, 4, 1, 3, 1, -8, 2, -12 ], [ 1, 2, 2, 2, 3, 2, 4, 2, 1, 3, 2, 0, 3, 1, 3, -8, 2, -16 ] ], 
              [ [ 1, 2, 2, 2, 0, 1, 1, 2, 3, 2, 2, 4, 1, 3, 1, -8, 0, -10 ], [ 1, 2, 2, 2, 4, 3, 3, 2, 1, 2, 2, 0, 3, 1, 3, -8, 4, -18 ] ], 
              [ [ 1, 1, 1, 3, 2, 0, 1, 1, 3, 1, 2, 3, 0, 3, 1, -7, 2, -9 ], [ 1, 3, 3, 1, 2, 4, 3, 3, 1, 3, 2, 1, 4, 1, 3, -9, 2, -19 ] ], 
              [ [ 1, 2, 2, 2, 2, 2, 2, 2, 2, 2, 1, 2, 3, 1, 1, -8, 2, -14 ], [ 1, 2, 2, 2, 2, 2, 2, 2, 2, 2, 3, 2, 1, 3, 3, -8, 2, -14 ] ], 
              [ [ 1, 1, 3, 1, 2, 3, 4, 1, 2, 1, 2, 1, 3, 1, 2, -8, 3, -16 ], [ 1, 3, 1, 3, 2, 1, 0, 3, 2, 3, 2, 3, 1, 3, 2, -8, 1, -12 ] ], 
              [ [ 1, 0, 1, 3, 4, 1, 3, 1, 1, 3, 2, 1, 2, 1, 1, -7, 2, -13 ], [ 1, 4, 3, 1, 0, 3, 1, 3, 3, 1, 2, 3, 2, 3, 3, -9, 2, -15 ] ], 
              [ [ 1, 0, 1, 3, 4, 3, 3, 2, 1, 3, 3, 1, 2, 1, 1, -7, 3, -16 ], [ 1, 4, 3, 1, 0, 1, 1, 2, 3, 1, 1, 3, 2, 3, 3, -9, 1, -12 ] ], 
              [ [ 1, 1, 2, 1, 2, 3, 2, 1, 2, 3, 2, 0, 3, 2, 2, -7, 3, -15 ], [ 1, 3, 2, 3, 2, 1, 2, 3, 2, 1, 2, 4, 1, 2, 2, -9, 1, -13 ] ], 
              [ [ 1, 1, 0, 3, 2, 3, 2, 3, 2, 3, 2, 3, 3, 2, 2, -9, 3, -16 ], [ 1, 3, 4, 1, 2, 1, 2, 1, 2, 1, 2, 1, 1, 2, 2, -7, 1, -12 ] ], 
              [ [ 1, 1, 2, 1, 2, 3, 2, 1, 2, 2, 2, 2, 3, 2, 1, -8, 3, -15 ], [ 1, 3, 2, 3, 2, 1, 2, 3, 2, 2, 2, 2, 1, 2, 3, -8, 1, -13 ] ], 
              [ [ 1, 1, 2, 2, 1, 3, 1, 2, 2, 1, 1, 2, 3, 2, 2, -8, 3, -14 ], [ 1, 3, 2, 2, 3, 1, 3, 2, 2, 3, 3, 2, 1, 2, 2, -8, 1, -14 ] ], 
              [ [ 1, 0, 1, 2, 2, 3, 2, 1, 2, 2, 1, 2, 2, 2, 2, -7, 4, -15 ], [ 1, 4, 3, 2, 2, 1, 2, 3, 2, 2, 3, 2, 2, 2, 2, -9, 0, -13 ] ], 
              [ [ 1, 1, 2, 2, 0, 2, 2, 2, 2, 2, 1, 2, 3, 2, 2, -8, 1, -12 ], [ 1, 3, 2, 2, 4, 2, 2, 2, 2, 2, 3, 2, 1, 2, 2, -8, 3, -16 ] ], 
              [ [ 1, 1, 2, 1, 1, 3, 3, 3, 1, 2, 1, 2, 2, 1, 3, -7, 2, -15 ], [ 1, 3, 2, 3, 3, 1, 1, 1, 3, 2, 3, 2, 2, 3, 1, -9, 2, -13 ] ], 
              [ [ 1, 1, 2, 2, 0, 4, 2, 3, 2, 2, 2, 2, 3, 2, 2, -8, 2, -15 ], [ 1, 3, 2, 2, 4, 0, 2, 1, 2, 2, 2, 2, 1, 2, 2, -8, 2, -13 ] ], 
              [ [ 1, 1, 0, 4, 2, 1, 2, 3, 2, 2, 2, 2, 3, 2, 2, -9, 2, -12 ], [ 1, 3, 4, 0, 2, 3, 2, 1, 2, 2, 2, 2, 1, 2, 2, -7, 2, -16 ] ], 
              [ [ 1, 1, 2, 2, 2, 1, 2, 1, 2, 1, 2, 1, 3, 2, 1, -8, 2, -11 ], [ 1, 3, 2, 2, 2, 3, 2, 3, 2, 3, 2, 3, 1, 2, 3, -8, 2, -17 ] ], 
              [ [ 1, 0, 1, 2, 3, 1, 3, 0, 2, 2, 2, 1, 2, 2, 1, -7, 3, -12 ], [ 1, 4, 3, 2, 1, 3, 1, 4, 2, 2, 2, 3, 2, 2, 3, -9, 1, -16 ] ], 
              [ [ 1, 1, 0, 3, 2, 2, 2, 4, 1, 3, 1, 2, 1, 1, 2, -6, 2, -13 ], [ 1, 3, 4, 1, 2, 2, 2, 0, 3, 1, 3, 2, 3, 3, 2, -10, 2, -15 ] ], 
              [ [ 1, 0, 1, 3, 2, 1, 2, 1, 2, 1, 1, 1, 2, 2, 2, -7, 3, -11 ], [ 1, 4, 3, 1, 2, 3, 2, 3, 2, 3, 3, 3, 2, 2, 2, -9, 1, -17 ] ], 
              [ [ 1, 0, 1, 2, 3, 2, 3, 2, 1, 1, 1, 1, 1, 1, 3, -6, 4, -14 ], [ 1, 4, 3, 2, 1, 2, 1, 2, 3, 3, 3, 3, 3, 3, 1, -10, 0, -14 ] ], 
              [ [ 1, 0, 1, 3, 1, 2, 3, 2, 2, 1, 2, 3, 2, 2, 1, -8, 2, -12 ], [ 1, 4, 3, 1, 3, 2, 1, 2, 2, 3, 2, 1, 2, 2, 3, -8, 2, -16 ] ], 
              [ [ 1, 1, 1, 3, 2, 3, 1, 3, 2, 3, 2, 1, 3, 1, 2, -8, 3, -15 ], [ 1, 3, 3, 1, 2, 1, 3, 1, 2, 1, 2, 3, 1, 3, 2, -8, 1, -13 ] ], 
              [ [ 1, 0, 2, 2, 1, 4, 2, 2, 2, 2, 2, 2, 2, 1, 1, -7, 3, -15 ], [ 1, 4, 2, 2, 3, 0, 2, 2, 2, 2, 2, 2, 2, 3, 3, -9, 1, -13 ] ], 
              [ [ 1, -2, 1, 3, 3, 3, 3, 1, 1, 3, 3, 1, 1, 1, 1, -6, 3, -14 ], [ 1, 6, 3, 1, 1, 1, 1, 3, 3, 1, 1, 3, 3, 3, 3, -10, 1, -14 ] ], 
              [ [ 1, 4, 2, 2, 3, 0, 2, 2, 2, 2, 1, 2, 3, 2, 2, -9, 1, -13 ], [ 1, 0, 2, 2, 1, 4, 2, 2, 2, 2, 3, 2, 1, 2, 2, -7, 3, -15 ] ], 
              [ [ 1, 4, 2, 2, 3, 2, 2, 3, 2, 2, 2, 2, 3, 2, 2, -9, 2, -16 ], [ 1, 0, 2, 2, 1, 2, 2, 1, 2, 2, 2, 2, 1, 2, 2, -7, 2, -12 ] ], 
              [ [ 1, 3, 3, 1, 3, 1, 4, 1, 2, 1, 2, 1, 3, 2, 3, -9, 2, -15 ], [ 1, 1, 1, 3, 1, 3, 0, 3, 2, 3, 2, 3, 1, 2, 1, -7, 2, -13 ] ], 
              [ [ 1, 3, 1, 3, 3, 2, 2, 3, 2, 1, 1, 4, 2, 2, 2, -9, 3, -16 ], [ 1, 1, 3, 1, 1, 2, 2, 1, 2, 3, 3, 0, 2, 2, 2, -7, 1, -12 ] ], 
              [ [ 1, 3, 1, 3, 2, 1, 3, 3, 2, 2, 1, 4, 2, 2, 2, -9, 1, -14 ], [ 1, 1, 3, 1, 2, 3, 1, 1, 2, 2, 3, 0, 2, 2, 2, -7, 3, -14 ] ], 
              [ [ 1, 3, 3, 1, 2, 1, 3, 1, 2, 1, 1, 3, 2, 2, 1, -8, 1, -13 ], [ 1, 1, 1, 3, 2, 3, 1, 3, 2, 3, 3, 1, 2, 2, 3, -8, 3, -15 ] ], 
              [ [ 1, 3, 3, 1, 3, 1, 4, 1, 2, 0, 2, 3, 3, 2, 2, -10, 2, -15 ], [ 1, 1, 1, 3, 1, 3, 0, 3, 2, 4, 2, 1, 1, 2, 2, -6, 2, -13 ] ], 
              [ [ 1, 2, 2, 2, 3, 1, 4, 1, 2, 0, 1, 3, 2, 2, 3, -9, 3, -15 ], [ 1, 2, 2, 2, 1, 3, 0, 3, 2, 4, 3, 1, 2, 2, 1, -7, 1, -13 ] ], 
              [ [ 1, 3, 3, 1, 2, 2, 3, 3, 1, 0, 0, 3, 1, 1, 3, -7, 2, -15 ], [ 1, 1, 1, 3, 2, 2, 1, 1, 3, 4, 4, 1, 3, 3, 1, -9, 2, -13 ] ], 
              [ [ 1, 3, 1, 3, 4, 0, 3, 2, 2, 1, 2, 3, 2, 2, 1, -9, 2, -13 ], [ 1, 1, 3, 1, 0, 4, 1, 2, 2, 3, 2, 1, 2, 2, 3, -7, 2, -15 ] ], 
              [ [ 1, 3, 2, 2, 2, 3, 2, 3, 2, 3, 1, 3, 2, 1, 2, -8, 2, -17 ], [ 1, 1, 2, 2, 2, 1, 2, 1, 2, 1, 3, 1, 2, 3, 2, -8, 2, -11 ] ], 
              [ [ 1, 3, 2, 2, 4, 2, 2, 2, 2, 2, 2, 2, 2, 1, 1, -8, 3, -16 ], [ 1, 1, 2, 2, 0, 2, 2, 2, 2, 2, 2, 2, 2, 3, 3, -8, 1, -12 ] ], 
              [ [ 1, 2, 2, 2, 4, 2, 3, 2, 1, 4, 3, 2, 2, 1, 1, -8, 1, -16 ], [ 1, 2, 2, 2, 0, 2, 1, 2, 3, 0, 1, 2, 2, 3, 3, -8, 3, -12 ] ], 
              [ [ 1, 3, 2, 2, 3, 1, 3, 2, 2, 3, 2, 2, 2, 1, 1, -8, 1, -14 ], [ 1, 1, 2, 2, 1, 3, 1, 2, 2, 1, 2, 2, 2, 3, 3, -8, 3, -14 ] ], 
              [ [ 1, 2, 2, 3, 3, 2, 2, 3, 1, 3, 2, 2, 2, 1, 2, -8, 1, -15 ], [ 1, 2, 2, 1, 1, 2, 2, 1, 3, 1, 2, 2, 2, 3, 2, -8, 3, -13 ] ], 
              [ [ 1, 3, 2, 3, 2, 1, 2, 3, 2, 2, 1, 2, 2, 1, 2, -8, 1, -13 ], [ 1, 1, 2, 1, 2, 3, 2, 1, 2, 2, 3, 2, 2, 3, 2, -8, 3, -15 ] ], 
              [ [ 1, 1, 1, 3, 4, 2, 3, 2, 1, 4, 2, 2, 1, 1, 2, -7, 2, -16 ], [ 1, 3, 3, 1, 0, 2, 1, 2, 3, 0, 2, 2, 3, 3, 2, -9, 2, -12 ] ], 
              [ [ 1, 1, 3, 1, 4, 2, 3, 0, 1, 3, 2, 1, 1, 1, 1, -6, 2, -15 ], [ 1, 3, 1, 3, 0, 2, 1, 4, 3, 1, 2, 3, 3, 3, 3, -10, 2, -13 ] ], 
              [ [ 1, 2, 2, 2, 3, 3, 2, 4, 0, 4, 1, 2, 0, 0, 2, -5, 1, -16 ], [ 1, 2, 2, 2, 1, 1, 2, 0, 4, 0, 3, 2, 4, 4, 2, -11, 3, -12 ] ], 
              [ [ 1, 2, 3, 1, 4, 1, 4, 0, 2, 1, 2, 1, 2, 1, 2, -8, 3, -15 ], [ 1, 2, 1, 3, 0, 3, 0, 4, 2, 3, 2, 3, 2, 3, 2, -8, 1, -13 ] ], 
              [ [ 1, 3, 2, 2, 3, 2, 3, 4, 1, 2, 1, 2, 1, 0, 3, -7, 2, -16 ], [ 1, 1, 2, 2, 1, 2, 1, 0, 3, 2, 3, 2, 3, 4, 1, -9, 2, -12 ] ], 
              [ [ 1, 1, 1, 3, 6, 1, 3, 1, 1, 3, 3, 1, 1, 1, 1, -7, 3, -15 ], [ 1, 3, 3, 1, -2, 3, 1, 3, 3, 1, 1, 3, 3, 3, 3, -9, 1, -13 ] ], 
              [ [ 1, 1, 3, 2, 2, 3, 3, 2, 1, 2, 2, 3, 1, 1, 1, -7, 1, -15 ], [ 1, 3, 1, 2, 2, 1, 1, 2, 3, 2, 2, 1, 3, 3, 3, -9, 3, -13 ] ], 
              [ [ 1, 2, 3, 2, 2, 2, 4, 2, 2, 0, 2, 3, 2, 1, 2, -9, 2, -15 ], [ 1, 2, 1, 2, 2, 2, 0, 2, 2, 4, 2, 1, 2, 3, 2, -7, 2, -13 ] ], 
              [ [ 1, 1, 1, 4, 4, 2, 3, 3, 1, 2, 3, 3, 1, 1, 1, -8, 2, -15 ], [ 1, 3, 3, 0, 0, 2, 1, 1, 3, 2, 1, 1, 3, 3, 3, -8, 2, -13 ] ], 
              [ [ 1, 1, 2, 3, 3, 3, 3, 3, 1, 4, 3, 2, 1, 0, 1, -7, 1, -16 ], [ 1, 3, 2, 1, 1, 1, 1, 1, 3, 0, 1, 2, 3, 4, 3, -9, 3, -12 ] ], 
              [ [ 1, 4, 2, 1, 1, 2, 1, 2, 3, 1, 0, 3, 3, 3, 3, -9, 3, -15 ], [ 1, 0, 2, 3, 3, 2, 3, 2, 1, 3, 4, 1, 1, 1, 1, -7, 1, -13 ] ], 
              [ [ 1, 3, 2, 1, 3, 1, 2, 1, 2, 2, 2, 2, 3, 3, 2, -9, 2, -14 ], [ 1, 1, 2, 3, 1, 3, 2, 3, 2, 2, 2, 2, 1, 1, 2, -7, 2, -14 ] ], 
              [ [ 1, 4, 2, 1, 2, 0, 2, 1, 3, 1, 1, 2, 3, 3, 2, -9, 2, -12 ], [ 1, 0, 2, 3, 2, 4, 2, 3, 1, 3, 3, 2, 1, 1, 2, -7, 2, -16 ] ], 
              [ [ 1, 3, 2, 2, 2, 1, 1, 2, 2, 1, 1, 2, 3, 3, 3, -9, 2, -13 ], [ 1, 1, 2, 2, 2, 3, 3, 2, 2, 3, 3, 2, 1, 1, 1, -7, 2, -15 ] ], 
              [ [ 1, 4, 2, 2, 1, 0, 1, 2, 3, 0, 0, 2, 3, 3, 3, -9, 2, -11 ], [ 1, 0, 2, 2, 3, 4, 3, 2, 1, 4, 4, 2, 1, 1, 1, -7, 2, -17 ] ], 
              [ [ 1, 2, 1, 2, 3, 1, 2, 1, 2, 2, 1, 2, 2, 3, 3, -8, 3, -14 ], [ 1, 2, 3, 2, 1, 3, 2, 3, 2, 2, 3, 2, 2, 1, 1, -8, 1, -14 ] ], 
              [ [ 1, 3, 2, 1, 2, 2, 1, 3, 1, 2, 0, 2, 1, 2, 3, -6, 2, -14 ], [ 1, 1, 2, 3, 2, 2, 3, 1, 3, 2, 4, 2, 3, 2, 1, -10, 2, -14 ] ], 
              [ [ 1, 4, 2, 1, 2, 1, 2, 3, 2, 0, 0, 2, 2, 2, 4, -8, 3, -14 ], [ 1, 0, 2, 3, 2, 3, 2, 1, 2, 4, 4, 2, 2, 2, 0, -8, 1, -14 ] ], 
              [ [ 1, 3, 2, 2, 1, 2, 2, 3, 2, 2, 2, 2, 3, 3, 3, -9, 1, -14 ], [ 1, 1, 2, 2, 3, 2, 2, 1, 2, 2, 2, 2, 1, 1, 1, -7, 3, -14 ] ], 
              [ [ 1, 3, 2, 2, 1, 2, 2, 3, 2, 1, 2, 4, 3, 3, 2, -10, 1, -14 ], [ 1, 1, 2, 2, 3, 2, 2, 1, 2, 3, 2, 0, 1, 1, 2, -6, 3, -14 ] ], 
              [ [ 1, 4, 2, 2, 0, 1, 2, 3, 3, 0, 1, 4, 3, 3, 2, -10, 1, -12 ], [ 1, 0, 2, 2, 4, 3, 2, 1, 1, 4, 3, 0, 1, 1, 2, -6, 3, -16 ] ], 
              [ [ 1, 2, 1, 2, 2, 2, 3, 2, 2, 2, 2, 4, 2, 3, 2, -9, 2, -15 ], [ 1, 2, 3, 2, 2, 2, 1, 2, 2, 2, 2, 0, 2, 1, 2, -7, 2, -13 ] ], 
              [ [ 1, 2, 1, 3, 1, 2, 2, 3, 2, 1, 1, 4, 2, 3, 3, -9, 2, -14 ], [ 1, 2, 3, 1, 3, 2, 2, 1, 2, 3, 3, 0, 2, 1, 1, -7, 2, -14 ] ], 
              [ [ 1, 2, 3, 1, 1, 2, 2, 1, 2, 0, 1, 3, 2, 3, 2, -8, 2, -13 ], [ 1, 2, 1, 3, 3, 2, 2, 3, 2, 4, 3, 1, 2, 1, 2, -8, 2, -15 ] ], 
              [ [ 1, 3, 3, 1, 1, 1, 3, 1, 3, -2, 1, 3, 3, 3, 3, -10, 3, -13 ], [ 1, 1, 1, 3, 3, 3, 1, 3, 1, 6, 3, 1, 1, 1, 1, -6, 1, -15 ] ], 
              [ [ 1, 2, 1, 3, 3, 1, 2, 2, 2, 0, 2, 3, 2, 3, 2, -9, 3, -13 ], [ 1, 2, 3, 1, 1, 3, 2, 2, 2, 4, 2, 1, 2, 1, 2, -7, 1, -15 ] ], 
              [ [ 1, 2, 1, 3, 2, 0, 3, 2, 2, 1, 2, 3, 2, 3, 2, -9, 1, -11 ], [ 1, 2, 3, 1, 2, 4, 1, 2, 2, 3, 2, 1, 2, 1, 2, -7, 3, -17 ] ], 
              [ [ 1, 3, 3, 1, 1, 2, 1, 2, 2, 3, 1, 1, 3, 2, 3, -8, 1, -14 ], [ 1, 1, 1, 3, 3, 2, 3, 2, 2, 1, 3, 3, 1, 2, 1, -8, 3, -14 ] ], 
              [ [ 1, 3, 3, 1, 1, 4, 1, 3, 2, 3, 2, 1, 3, 2, 3, -8, 2, -17 ], [ 1, 1, 1, 3, 3, 0, 3, 1, 2, 1, 2, 3, 1, 2, 1, -8, 2, -11 ] ], 
              [ [ 1, 3, 1, 3, 2, 1, 0, 3, 2, 4, 1, 1, 2, 2, 2, -7, 1, -12 ], [ 1, 1, 3, 1, 2, 3, 4, 1, 2, 0, 3, 3, 2, 2, 2, -9, 3, -16 ] ], 
              [ [ 1, 3, 1, 3, 3, 1, 1, 3, 2, 3, 2, 1, 3, 2, 3, -9, 2, -14 ], [ 1, 1, 3, 1, 1, 3, 3, 1, 2, 1, 2, 3, 1, 2, 1, -7, 2, -14 ] ], 
              [ [ 1, 3, 3, 1, 3, 1, 1, 1, 2, 2, 2, 0, 3, 2, 2, -8, 2, -13 ], [ 1, 1, 1, 3, 1, 3, 3, 3, 2, 2, 2, 4, 1, 2, 2, -8, 2, -15 ] ], 
              [ [ 1, 2, 2, 1, 4, 1, 2, 0, 2, 3, 2, 0, 2, 2, 2, -7, 3, -14 ], [ 1, 2, 2, 3, 0, 3, 2, 4, 2, 1, 2, 4, 2, 2, 2, -9, 1, -14 ] ], 
              [ [ 1, 3, 1, 2, 3, 2, 1, 4, 1, 4, 1, 1, 1, 1, 3, -6, 2, -15 ], [ 1, 1, 3, 2, 1, 2, 3, 0, 3, 0, 3, 3, 3, 3, 1, -10, 2, -13 ] ], 
              [ [ 1, 2, 2, 2, 3, 1, 1, 1, 2, 2, 1, 0, 2, 2, 3, -7, 3, -13 ], [ 1, 2, 2, 2, 1, 3, 3, 3, 2, 2, 3, 4, 2, 2, 1, -9, 1, -15 ] ], 
              [ [ 1, 3, 3, 1, 2, 2, 2, 2, 2, 3, 3, 0, 3, 2, 2, -8, 1, -14 ], [ 1, 1, 1, 3, 2, 2, 2, 2, 2, 1, 1, 4, 1, 2, 2, -8, 3, -14 ] ], 
              [ [ 1, 2, 2, 2, 2, 2, 2, 2, 2, 3, 2, 0, 2, 2, 3, -7, 2, -14 ], [ 1, 2, 2, 2, 2, 2, 2, 2, 2, 1, 2, 4, 2, 2, 1, -9, 2, -14 ] ], 
              [ [ 1, 2, 2, 2, 1, 3, 1, 1, 3, 3, 2, 3, 3, 3, 1, -9, 2, -15 ], [ 1, 2, 2, 2, 3, 1, 3, 3, 1, 1, 2, 1, 1, 1, 3, -7, 2, -13 ] ], 
              [ [ 1, 2, 2, 2, 2, 3, 2, 1, 3, 2, 3, 3, 4, 3, 2, -11, 3, -17 ], [ 1, 2, 2, 2, 2, 1, 2, 3, 1, 2, 1, 1, 0, 1, 2, -5, 1, -11 ] ], 
              [ [ 1, 3, 3, 1, 1, 4, 1, 3, 2, 2, 2, 3, 3, 2, 2, -9, 2, -17 ], [ 1, 1, 1, 3, 3, 0, 3, 1, 2, 2, 2, 1, 1, 2, 2, -7, 2, -11 ] ], 
              [ [ 1, 3, 2, 2, 1, 2, 2, 1, 4, 1, 2, 3, 4, 3, 2, -11, 3, -15 ], [ 1, 1, 2, 2, 3, 2, 2, 3, 0, 3, 2, 1, 0, 1, 2, -5, 1, -13 ] ], 
              [ [ 1, 4, 3, 1, 0, 3, 1, 3, 3, 1, 1, 3, 3, 2, 2, -9, 2, -15 ], [ 1, 0, 1, 3, 4, 1, 3, 1, 1, 3, 3, 1, 1, 2, 2, -7, 2, -13 ] ], 
              [ [ 1, 2, 2, 1, 2, 4, 2, 2, 2, 3, 2, 3, 2, 2, 2, -8, 3, -18 ], [ 1, 2, 2, 3, 2, 0, 2, 2, 2, 1, 2, 1, 2, 2, 2, -8, 1, -10 ] ], 
              [ [ 1, 3, 1, 3, 2, 1, 0, 3, 2, 3, 1, 3, 2, 2, 1, -8, 1, -12 ], [ 1, 1, 3, 1, 2, 3, 4, 1, 2, 1, 3, 1, 2, 2, 3, -8, 3, -16 ] ], 
              [ [ 1, 2, 2, 2, 1, 4, 1, 3, 2, 2, 1, 3, 2, 2, 3, -8, 3, -17 ], [ 1, 2, 2, 2, 3, 0, 3, 1, 2, 2, 3, 1, 2, 2, 1, -8, 1, -11 ] ], 
              [ [ 1, 2, 2, 2, 3, 1, 1, 1, 2, 1, 1, 2, 2, 2, 2, -8, 3, -13 ], [ 1, 2, 2, 2, 1, 3, 3, 3, 2, 3, 3, 2, 2, 2, 2, -8, 1, -15 ] ], 
              [ [ 1, 2, 0, 4, 3, 2, 1, 2, 3, 3, 3, 3, 3, 3, 1, -10, 3, -15 ], [ 1, 2, 4, 0, 1, 2, 3, 2, 1, 1, 1, 1, 1, 1, 3, -6, 1, -13 ] ], 
              [ [ 1, 2, 2, 2, 3, 2, 1, 0, 3, 2, 3, 2, 3, 3, 0, -9, 3, -14 ], [ 1, 2, 2, 2, 1, 2, 3, 4, 1, 2, 1, 2, 1, 1, 4, -7, 1, -14 ] ], 
              [ [ 1, 3, 1, 3, 2, 3, 0, 4, 2, 3, 2, 3, 2, 2, 1, -8, 2, -15 ], [ 1, 1, 3, 1, 2, 1, 4, 0, 2, 1, 2, 1, 2, 2, 3, -8, 2, -13 ] ], 
              [ [ 1, 2, 2, 2, 3, 3, 1, 2, 2, 1, 2, 2, 2, 2, 2, -8, 4, -16 ], [ 1, 2, 2, 2, 1, 1, 3, 2, 2, 3, 2, 2, 2, 2, 2, -8, 0, -12 ] ], 
              [ [ 1, 3, 3, 1, 0, 3, 2, 3, 2, 3, 2, 3, 3, 2, 2, -9, 0, -15 ], [ 1, 1, 1, 3, 4, 1, 2, 1, 2, 1, 2, 1, 1, 2, 2, -7, 4, -13 ] ], 
              [ [ 1, 2, 2, 2, 0, 3, 2, 3, 2, 3, 1, 3, 2, 2, 3, -8, 1, -15 ], [ 1, 2, 2, 2, 4, 1, 2, 1, 2, 1, 3, 1, 2, 2, 1, -8, 3, -13 ] ], 
              [ [ 1, 2, 4, 0, 0, 3, 2, 1, 2, 2, 1, 2, 2, 2, 2, -7, 1, -14 ], [ 1, 2, 0, 4, 4, 1, 2, 3, 2, 2, 3, 2, 2, 2, 2, -9, 3, -14 ] ], 
              [ [ 1, 2, 4, 0, 1, 3, 3, 1, 2, 1, 2, 2, 3, 2, 3, -9, 2, -16 ], [ 1, 2, 0, 4, 3, 1, 1, 3, 2, 3, 2, 2, 1, 2, 1, -7, 2, -12 ] ], 
              [ [ 1, 3, 4, 0, 0, 2, 3, 1, 3, 0, 1, 2, 3, 2, 3, -9, 2, -14 ], [ 1, 1, 0, 4, 4, 2, 1, 3, 1, 4, 3, 2, 1, 2, 1, -7, 2, -14 ] ], 
              [ [ 1, 2, 2, 2, 2, 0, 2, 1, 2, 2, 1, 2, 2, 2, 2, -8, 1, -11 ], [ 1, 2, 2, 2, 2, 4, 2, 3, 2, 2, 3, 2, 2, 2, 2, -8, 3, -17 ] ], 
              [ [ 1, 2, 2, 2, 2, 1, 2, 0, 3, 3, 3, 2, 3, 3, 0, -9, 1, -12 ], [ 1, 2, 2, 2, 2, 3, 2, 4, 1, 1, 1, 2, 1, 1, 4, -7, 3, -16 ] ], 
              [ [ 1, 2, 2, 2, 3, 1, 3, 0, 3, 2, 4, 2, 4, 3, 1, -11, 2, -14 ], [ 1, 2, 2, 2, 1, 3, 1, 4, 1, 2, 0, 2, 0, 1, 3, -5, 2, -14 ] ], 
              [ [ 1, 3, 1, 3, 1, 2, 1, 4, 2, 4, 2, 3, 2, 2, 1, -8, 0, -13 ], [ 1, 1, 3, 1, 3, 2, 3, 0, 2, 0, 2, 1, 2, 2, 3, -8, 4, -15 ] ], 
              [ [ 1, 3, 1, 3, 2, 2, 2, 4, 2, 3, 3, 3, 3, 2, 2, -10, 1, -15 ], [ 1, 1, 3, 1, 2, 2, 2, 0, 2, 1, 1, 1, 1, 2, 2, -6, 3, -13 ] ], 
              [ [ 1, 3, 3, 1, 2, 2, 2, 2, 2, 2, 3, 2, 3, 2, 1, -9, 1, -14 ], [ 1, 1, 1, 3, 2, 2, 2, 2, 2, 2, 1, 2, 1, 2, 3, -7, 3, -14 ] ], 
              [ [ 1, 2, 2, 1, 3, 2, 3, 1, 2, 3, 3, 2, 2, 2, 1, -8, 2, -15 ], [ 1, 2, 2, 3, 1, 2, 1, 3, 2, 1, 1, 2, 2, 2, 3, -8, 2, -13 ] ], 
              [ [ 1, 2, 2, 3, 1, 1, 1, 1, 3, 2, 2, 2, 3, 3, 1, -9, 1, -11 ], [ 1, 2, 2, 1, 3, 3, 3, 3, 1, 2, 2, 2, 1, 1, 3, -7, 3, -17 ] ], 
              [ [ 1, 2, 2, 3, 2, 1, 2, 1, 3, 1, 3, 2, 4, 3, 2, -11, 2, -13 ], [ 1, 2, 2, 1, 2, 3, 2, 3, 1, 3, 1, 2, 0, 1, 2, -5, 2, -15 ] ], 
              [ [ 1, 3, 3, 2, 1, 2, 1, 3, 2, 1, 2, 2, 3, 2, 2, -9, 1, -13 ], [ 1, 1, 1, 2, 3, 2, 3, 1, 2, 3, 2, 2, 1, 2, 2, -7, 3, -15 ] ], 
              [ [ 1, 1, 2, 2, 2, 3, 1, 2, 1, 4, 2, 2, 1, 2, 1, -6, 1, -14 ], [ 1, 3, 2, 2, 2, 1, 3, 2, 3, 0, 2, 2, 3, 2, 3, -10, 3, -14 ] ], 
              [ [ 1, 1, 2, 2, 3, 3, 2, 2, 1, 3, 3, 2, 2, 2, 2, -8, 2, -16 ], [ 1, 3, 2, 2, 1, 1, 2, 2, 3, 1, 1, 2, 2, 2, 2, -8, 2, -12 ] ], 
              [ [ 1, 1, 1, 3, 3, 1, 3, 0, 3, 2, 3, 2, 3, 3, 2, -10, 3, -14 ], [ 1, 3, 3, 1, 1, 3, 1, 4, 1, 2, 1, 2, 1, 1, 2, -6, 1, -14 ] ], 
              [ [ 1, 1, 3, 1, 3, 1, 3, -2, 3, 1, 3, 1, 3, 3, 1, -9, 3, -13 ], [ 1, 3, 1, 3, 1, 3, 1, 6, 1, 3, 1, 3, 1, 1, 3, -7, 1, -15 ] ], 
              [ [ 1, 2, 2, 2, 1, 2, 1, 2, 2, 3, 1, 2, 1, 2, 1, -6, 1, -12 ], [ 1, 2, 2, 2, 3, 2, 3, 2, 2, 1, 3, 2, 3, 2, 3, -10, 3, -16 ] ], 
              [ [ 1, 2, 0, 4, 2, 2, 2, 4, 2, 3, 2, 3, 2, 2, 3, -9, 2, -15 ], [ 1, 2, 4, 0, 2, 2, 2, 0, 2, 1, 2, 1, 2, 2, 1, -7, 2, -13 ] ] ],
          slins := [  ] ), 
      [ [ [ -87711806, -39651646, -105980762, -35707400, -80064212, -103279430, -62074180, -23906376, -15922786, -84122594, -9530846, -95733360, 
                  -80026158, -5022234, -65473074, -41877390, -92137894, -110711328 ], [ -39651646, -17925226, -47910481, -16142162, -36194444, -46689289, 
                  -28061732, -10807304, -7198181, -38029107, -4308589, -43277960, -36177243, -2270393, -29598261, -18931419, -41652565, -50049012 ], 
              [ -105980762, -47910481, -128055006, -43144720, -96740410, -124790985, -75003316, -28885744, -19239285, -101644089, -11515987, -115673212, 
                  -96694441, -6068307, -79110147, -50599851, -111328857, -133770852 ], [ -35707400, -16142162, -43144720, -14536466, -32594103, -42045000, 
                  -25270369, -9732279, -6482164, -34246266, -3880004, -38973005, -32578614, -2044554, -26654056, -17048271, -37509290, -45070524 ], 
              [ -80064212, -36194444, -96740410, -32594103, -73083494, -94274578, -56661991, -21822017, -14534506, -76788024, -8699864, -87386463, 
                  -73048764, -4584362, -59764538, -38226153, -84104476, -101058504 ], 
              [ -103279430, -46689289, -124790985, -42045000, -94274578, -121610178, -73091544, -28149462, -18748887, -99053265, -11222451, -112724796, 
                  -94229775, -5913627, -77093697, -49310097, -108491175, -130361148 ], [ -62074180, -28061732, -75003316, -25270369, -56661991, -73091544, 
                  -43930322, -16918717, -11268674, -59534134, -6745048, -67751155, -56635066, -3554278, -46335740, -29636925, -65206616, -78351156 ], 
              [ -23906376, -10807304, -28885744, -9732279, -21822017, -28149462, -16918717, -6515846, -4339864, -22928154, -2597696, -26092745, -21811650, 
                  -1368848, -17845106, -11413959, -25112776, -30175080 ], [ -15922786, -7198181, -19239285, -6482164, -14534506, -18748887, -11268674, 
                  -4339864, -2890558, -15271245, -1730189, -17379014, -14527601, -911719, -11885693, -7602243, -16726307, -20098044 ], 
              [ -84122594, -38029107, -101644089, -34246266, -76788024, -99053265, -59534134, -22928154, -15271245, -80680338, -9140853, -91816000, 
                  -76751535, -4816737, -62793945, -40163799, -88367655, -106181064 ], [ -9530846, -4308589, -11515987, -3880004, -8699864, -11222451, 
                  -6745048, -2597696, -1730189, -9140853, -1035634, -10402492, -8695731, -545723, -7114375, -4550445, -10011805, -12030012 ], 
              [ -95733360, -43277960, -115673212, -38973005, -87386463, -112724796, -67751155, -26092745, -17379014, -91816000, -10402492, -104488630, 
                  -87344938, -5481554, -71460892, -45707289, -100564336, -120836388 ], [ -80026158, -36177243, -96694441, -32578614, -73048764, -94229775, 
                  -56635066, -21811650, -14527601, -76751535, -8695731, -87344938, -73014054, -4582185, -59736137, -38207991, -84064511, -101010480 ], 
              [ -5022234, -2270393, -6068307, -2044554, -4584362, -5913627, -3554278, -1368848, -911719, -4816737, -545723, -5481554, -4582185, -287570, 
                  -3748893, -2397843, -5275681, -6339168 ], [ -65473074, -29598261, -79110147, -26654056, -59764538, -77093697, -46335740, -17845106, 
                  -11885693, -62793945, -7114375, -71460892, -59736137, -3748893, -48872870, -31259703, -68777025, -82641300 ], 
              [ -41877390, -18931419, -50599851, -17048271, -38226153, -49310097, -29636925, -11413959, -7602243, -40163799, -4550445, -45707289, 
                  -38207991, -2397843, -31259703, -19994106, -43990653, -52858416 ], [ -92137894, -41652565, -111328857, -37509290, -84104476, -108491175, 
                  -65206616, -25112776, -16726307, -88367655, -10011805, -100564336, -84064511, -5275681, -68777025, -43990653, -96787430, -116298120 ], 
              [ -110711328, -50049012, -133770852, -45070524, -101058504, -130361148, -78351156, -30175080, -20098044, -106181064, -12030012, -120836388, 
                  -101010480, -6339168, -82641300, -52858416, -116298120, -139741836 ] ], [ 1, 2, 2, 2, 2, 2, 2, 2, 2, 2, 2, 2, 2, 2, 2, -8, 2, -14 ] ] ], 
  [ rec(
          nopss := [ 0, 301 ],
          scons := [ [ [ 1, 2, 1, 1, 2, 2, 1, 1, 3, 1, 2, 4, 0, 2, 3, 1, 2, -14 ], [ 1, 2, 3, 3, 2, 2, 3, 3, 1, 3, 2, 0, 4, 2, 1, 3, 2, -24 ] ], 
              [ [ 1, 2, 0, 3, 3, 1, 1, 2, 2, 3, 3, 3, 1, 3, 4, 1, 3, -20 ], [ 1, 2, 4, 1, 1, 3, 3, 2, 2, 1, 1, 1, 3, 1, 0, 3, 1, -18 ] ], 
              [ [ 1, 1, 1, 2, 3, 3, 2, 2, 2, 3, 2, 3, 1, 2, 4, 2, 4, -21 ], [ 1, 3, 3, 2, 1, 1, 2, 2, 2, 1, 2, 1, 3, 2, 0, 2, 0, -17 ] ], 
              [ [ 1, 2, 1, 3, 2, 2, 1, 4, 1, 3, 2, 1, 2, 2, 3, 3, 2, -21 ], [ 1, 2, 3, 1, 2, 2, 3, 0, 3, 1, 2, 3, 2, 2, 1, 1, 2, -17 ] ], 
              [ [ 1, 3, 2, 2, 2, 2, 2, 4, 1, 2, 1, 2, 2, 2, 3, 2, 2, -20 ], [ 1, 1, 2, 2, 2, 2, 2, 0, 3, 2, 3, 2, 2, 2, 1, 2, 2, -18 ] ], 
              [ [ 1, 2, 2, 2, 3, 2, 2, 2, 2, 2, 2, 2, 2, 2, 3, 2, 1, -19 ], [ 1, 2, 2, 2, 1, 2, 2, 2, 2, 2, 2, 2, 2, 2, 1, 2, 3, -19 ] ], 
              [ [ 1, 2, 2, 4, 2, 2, 1, 3, 1, 2, 3, 2, 2, 3, 3, 3, 2, -22 ], [ 1, 2, 2, 0, 2, 2, 3, 1, 3, 2, 1, 2, 2, 1, 1, 1, 2, -16 ] ], 
              [ [ 1, 1, 2, 3, 2, 1, 1, 2, 1, 1, 2, 2, 2, 2, 3, 1, 2, -16 ], [ 1, 3, 2, 1, 2, 3, 3, 2, 3, 3, 2, 2, 2, 2, 1, 3, 2, -22 ] ], 
              [ [ 1, 1, 2, 1, 2, 3, 2, 2, 1, 2, 2, 3, 2, 2, 3, 1, 1, -17 ], [ 1, 3, 2, 3, 2, 1, 2, 2, 3, 2, 2, 1, 2, 2, 1, 3, 3, -21 ] ], 
              [ [ 1, 3, 3, 0, 1, 3, 2, 2, 2, 1, 2, 3, 1, 2, 2, 2, 1, -16 ], [ 1, 1, 1, 4, 3, 1, 2, 2, 2, 3, 2, 1, 3, 2, 2, 2, 3, -22 ] ], 
              [ [ 1, 3, 3, 2, 3, 2, 3, 3, 0, 3, 3, 1, 3, 1, 2, 4, 3, -24 ], [ 1, 1, 1, 2, 1, 2, 1, 1, 4, 1, 1, 3, 1, 3, 2, 0, 1, -14 ] ], 
              [ [ 1, 4, 2, 2, 2, 1, 1, 3, 2, 2, 3, 2, 1, 3, 3, 2, 1, -19 ], [ 1, 0, 2, 2, 2, 3, 3, 1, 2, 2, 1, 2, 3, 1, 1, 2, 3, -19 ] ], 
              [ [ 1, 3, 2, 2, 2, 2, 2, 3, 1, 3, 3, 2, 2, 3, 3, 2, 2, -22 ], [ 1, 1, 2, 2, 2, 2, 2, 1, 3, 1, 1, 2, 2, 1, 1, 2, 2, -16 ] ], 
              [ [ 1, 2, 2, 2, 3, 1, 2, 1, 1, 3, 2, 1, 2, 2, 2, 2, 1, -18 ], [ 1, 2, 2, 2, 1, 3, 2, 3, 3, 1, 2, 3, 2, 2, 2, 2, 3, -20 ] ], 
              [ [ 1, 2, 2, 1, 2, 1, 2, 2, 1, 2, 2, 2, 2, 2, 3, 0, 2, -16 ], [ 1, 2, 2, 3, 2, 3, 2, 2, 3, 2, 2, 2, 2, 2, 1, 4, 2, -22 ] ], 
              [ [ 1, 2, 2, 2, 2, 2, 2, 2, 2, 2, 3, 2, 2, 4, 4, 1, 1, -20 ], [ 1, 2, 2, 2, 2, 2, 2, 2, 2, 2, 1, 2, 2, 0, 0, 3, 3, -18 ] ], 
              [ [ 1, 3, 3, 1, 2, 3, 2, 3, 2, 2, 2, 2, 1, 2, 3, 3, 2, -20 ], [ 1, 1, 1, 3, 2, 1, 2, 1, 2, 2, 2, 2, 3, 2, 1, 1, 2, -18 ] ], 
              [ [ 1, 0, 1, 3, 3, 2, 2, 2, 1, 3, 2, 1, 2, 2, 4, 1, 2, -19 ], [ 1, 4, 3, 1, 1, 2, 2, 2, 3, 1, 2, 3, 2, 2, 0, 3, 2, -19 ] ], 
              [ [ 1, 2, 2, 2, 2, 2, 2, 2, 2, 2, 2, 1, 1, 2, 3, 2, 2, -18 ], [ 1, 2, 2, 2, 2, 2, 2, 2, 2, 2, 2, 3, 3, 2, 1, 2, 2, -20 ] ], 
              [ [ 1, 1, 3, 1, 3, 3, 3, 1, 1, 3, 2, 1, 3, 0, 3, 2, 2, -19 ], [ 1, 3, 1, 3, 1, 1, 1, 3, 3, 1, 2, 3, 1, 4, 1, 2, 2, -19 ] ], 
              [ [ 1, 1, 2, 2, 3, 1, 2, 0, 2, 2, 1, 0, 1, 1, 2, 2, 1, -14 ], [ 1, 3, 2, 2, 1, 3, 2, 4, 2, 2, 3, 4, 3, 3, 2, 2, 3, -24 ] ], 
              [ [ 1, 1, 3, 3, 2, 3, 2, 2, 0, 3, 3, 1, 3, 1, 3, 3, 3, -22 ], [ 1, 3, 1, 1, 2, 1, 2, 2, 4, 1, 1, 3, 1, 3, 1, 1, 1, -16 ] ], 
              [ [ 1, 1, 2, 1, 1, 3, 2, 2, 1, 2, 2, 2, 1, 2, 3, 1, 2, -16 ], [ 1, 3, 2, 3, 3, 1, 2, 2, 3, 2, 2, 2, 3, 2, 1, 3, 2, -22 ] ], 
              [ [ 1, 1, 3, 2, 2, 3, 4, 1, 1, 1, 2, 1, 2, 2, 3, 2, 2, -19 ], [ 1, 3, 1, 2, 2, 1, 0, 3, 3, 3, 2, 3, 2, 2, 1, 2, 2, -19 ] ], 
              [ [ 1, 2, 3, 1, 3, 1, 3, 0, 2, 1, 0, 1, 1, 1, 2, 1, 1, -13 ], [ 1, 2, 1, 3, 1, 3, 1, 4, 2, 3, 4, 3, 3, 3, 2, 3, 3, -25 ] ], 
              [ [ 1, 2, 3, 2, 2, 2, 1, 2, 2, 2, 2, 2, 2, 2, 4, 1, 2, -18 ], [ 1, 2, 1, 2, 2, 2, 3, 2, 2, 2, 2, 2, 2, 2, 0, 3, 2, -20 ] ], 
              [ [ 1, 2, 2, 3, 1, 2, 0, 2, 2, 2, 3, 2, 1, 3, 4, 1, 1, -17 ], [ 1, 2, 2, 1, 3, 2, 4, 2, 2, 2, 1, 2, 3, 1, 0, 3, 3, -21 ] ], 
              [ [ 1, 2, 2, 1, 2, 2, 1, 1, 3, 2, 1, 2, 0, 3, 3, 1, 0, -14 ], [ 1, 2, 2, 3, 2, 2, 3, 3, 1, 2, 3, 2, 4, 1, 1, 3, 4, -24 ] ], 
              [ [ 1, 3, 4, 2, 2, 2, 2, 1, 1, 2, 4, 2, 2, 2, 3, 2, 2, -20 ], [ 1, 1, 0, 2, 2, 2, 2, 3, 3, 2, 0, 2, 2, 2, 1, 2, 2, -18 ] ], 
              [ [ 1, 3, 1, 2, 1, 2, 2, 3, 3, 2, 1, 2, 2, 2, 3, 3, 2, -20 ], [ 1, 1, 3, 2, 3, 2, 2, 1, 1, 2, 3, 2, 2, 2, 1, 1, 2, -18 ] ], 
              [ [ 1, 1, 2, 2, 1, 3, 2, 2, 2, 2, 3, 3, 4, 1, 4, 2, 3, -21 ], [ 1, 3, 2, 2, 3, 1, 2, 2, 2, 2, 1, 1, 0, 3, 0, 2, 1, -17 ] ], 
              [ [ 1, 2, 2, 2, 1, 1, 2, 1, 3, 0, 1, 3, 2, 2, 3, 1, 2, -15 ], [ 1, 2, 2, 2, 3, 3, 2, 3, 1, 4, 3, 1, 2, 2, 1, 3, 2, -23 ] ], 
              [ [ 1, 4, 2, 1, 2, 1, 2, 2, 4, 2, 2, 2, 2, 2, 3, 3, 2, -20 ], [ 1, 0, 2, 3, 2, 3, 2, 2, 0, 2, 2, 2, 2, 2, 1, 1, 2, -18 ] ], 
              [ [ 1, 2, 1, 1, 1, 1, 2, 1, 3, 2, 2, 2, 2, 2, 3, 1, 2, -16 ], [ 1, 2, 3, 3, 3, 3, 2, 3, 1, 2, 2, 2, 2, 2, 1, 3, 2, -22 ] ], 
              [ [ 1, 0, 1, 2, 3, 2, 3, 1, 3, 3, 1, 1, 3, 1, 4, 2, 3, -20 ], [ 1, 4, 3, 2, 1, 2, 1, 3, 1, 1, 3, 3, 1, 3, 0, 2, 1, -18 ] ], 
              [ [ 1, 1, 1, 3, 2, 2, 1, 2, 2, 4, 2, 2, 3, 1, 4, 2, 3, -21 ], [ 1, 3, 3, 1, 2, 2, 3, 2, 2, 0, 2, 2, 1, 3, 0, 2, 1, -17 ] ], 
              [ [ 1, 1, 1, 2, 2, 2, 3, 1, 3, 2, 1, 2, 2, 2, 4, 1, 2, -18 ], [ 1, 3, 3, 2, 2, 2, 1, 3, 1, 2, 3, 2, 2, 2, 0, 3, 2, -20 ] ], 
              [ [ 1, 1, 1, 3, 1, 3, 1, 3, 3, 3, 3, 3, 3, 3, 6, 1, 3, -23 ], [ 1, 3, 3, 1, 3, 1, 3, 1, 1, 1, 1, 1, 1, 1, -2, 3, 1, -15 ] ], 
              [ [ 1, 2, 2, 2, 1, 2, 1, 1, 4, 2, 2, 2, 2, 2, 4, 2, 2, -18 ], [ 1, 2, 2, 2, 3, 2, 3, 3, 0, 2, 2, 2, 2, 2, 0, 2, 2, -20 ] ], 
              [ [ 1, 2, 2, 3, 2, 1, 2, 1, 3, 2, 3, 2, 2, 3, 4, 2, 3, -21 ], [ 1, 2, 2, 1, 2, 3, 2, 3, 1, 2, 1, 2, 2, 1, 0, 2, 1, -17 ] ], 
              [ [ 1, 3, 3, 2, 1, 2, 1, 3, 2, 3, 2, 1, 3, 1, 3, 3, 1, -20 ], [ 1, 1, 1, 2, 3, 2, 3, 1, 2, 1, 2, 3, 1, 3, 1, 1, 3, -18 ] ], 
              [ [ 1, 1, 3, 2, 1, 3, 2, 2, 2, 3, 2, 1, 4, 2, 4, 2, 1, -21 ], [ 1, 3, 1, 2, 3, 1, 2, 2, 2, 1, 2, 3, 0, 2, 0, 2, 3, -17 ] ], 
              [ [ 1, 1, 0, 3, 3, 2, 2, 3, 1, 2, 2, 2, 1, 3, 2, 2, 3, -20 ], [ 1, 3, 4, 1, 1, 2, 2, 1, 3, 2, 2, 2, 3, 1, 2, 2, 1, -18 ] ], 
              [ [ 1, 2, 0, 2, 4, 0, 1, 2, 2, 2, 0, 2, 0, 2, 1, 1, 2, -14 ], [ 1, 2, 4, 2, 0, 4, 3, 2, 2, 2, 4, 2, 4, 2, 3, 3, 2, -24 ] ], 
              [ [ 1, 2, 0, 2, 3, 2, 1, 3, 1, 3, 2, 3, 1, 2, 2, 1, 2, -18 ], [ 1, 2, 4, 2, 1, 2, 3, 1, 3, 1, 2, 1, 3, 2, 2, 3, 2, -20 ] ], 
              [ [ 1, 2, 1, 2, 3, 2, 3, 3, 1, 1, 1, 3, 1, 3, 2, 1, 3, -19 ], [ 1, 2, 3, 2, 1, 2, 1, 1, 3, 3, 3, 1, 3, 1, 2, 3, 1, -19 ] ], 
              [ [ 1, 1, 1, 1, 3, 4, 2, 3, 1, 3, 1, 3, 1, 1, 2, 2, 3, -19 ], [ 1, 3, 3, 3, 1, 0, 2, 1, 3, 1, 3, 1, 3, 3, 2, 2, 1, -19 ] ], 
              [ [ 1, 2, 2, 3, 4, 2, 2, 2, 0, 2, 3, 3, 2, 1, 1, 3, 3, -21 ], [ 1, 2, 2, 1, 0, 2, 2, 2, 4, 2, 1, 1, 2, 3, 3, 1, 1, -17 ] ], 
              [ [ 1, 2, 1, 1, 3, 2, 2, 2, 1, 1, 2, 4, 0, 2, 1, 1, 2, -15 ], [ 1, 2, 3, 3, 1, 2, 2, 2, 3, 3, 2, 0, 4, 2, 3, 3, 2, -23 ] ], 
              [ [ 1, 2, 2, 2, 3, 3, 1, 2, 2, 1, 2, 4, 0, 2, 2, 2, 2, -17 ], [ 1, 2, 2, 2, 1, 1, 3, 2, 2, 3, 2, 0, 4, 2, 2, 2, 2, -21 ] ], 
              [ [ 1, 2, 2, 2, 4, 2, 4, 2, 0, 2, 3, 2, 2, 2, 1, 3, 4, -23 ], [ 1, 2, 2, 2, 0, 2, 0, 2, 4, 2, 1, 2, 2, 2, 3, 1, 0, -15 ] ], 
              [ [ 1, 3, 1, 2, 4, 0, 2, 1, 1, 2, 2, 2, 0, 2, 0, 2, 2, -16 ], [ 1, 1, 3, 2, 0, 4, 2, 3, 3, 2, 2, 2, 4, 2, 4, 2, 2, -22 ] ], 
              [ [ 1, 3, 1, 3, 3, 1, 0, 3, 1, 3, 4, 3, 1, 3, 2, 2, 3, -21 ], [ 1, 1, 3, 1, 1, 3, 4, 1, 3, 1, 0, 1, 3, 1, 2, 2, 1, -17 ] ], 
              [ [ 1, 3, 1, 2, 3, 1, 2, 2, 2, 1, 3, 3, 0, 4, 2, 1, 2, -18 ], [ 1, 1, 3, 2, 1, 3, 2, 2, 2, 3, 1, 1, 4, 0, 2, 3, 2, -20 ] ], 
              [ [ 1, 1, 1, 3, 6, 1, 3, 1, 1, 3, 1, 1, 1, 1, 1, 3, 3, -20 ], [ 1, 3, 3, 1, -2, 3, 1, 3, 3, 1, 3, 3, 3, 3, 3, 1, 1, -18 ] ], 
              [ [ 1, 2, 2, 1, 4, 2, 3, 1, 1, 2, 2, 2, 1, 0, 1, 2, 3, -17 ], [ 1, 2, 2, 3, 0, 2, 1, 3, 3, 2, 2, 2, 3, 4, 3, 2, 1, -21 ] ], 
              [ [ 1, 1, 1, 2, 4, 3, 3, 3, 0, 3, 2, 3, 1, 2, 2, 2, 4, -22 ], [ 1, 3, 3, 2, 0, 1, 1, 1, 4, 1, 2, 1, 3, 2, 2, 2, 0, -16 ] ], 
              [ [ 1, 2, 2, 3, 3, 2, 2, 2, 0, 2, 3, 2, 1, 1, 1, 3, 4, -20 ], [ 1, 2, 2, 1, 1, 2, 2, 2, 4, 2, 1, 2, 3, 3, 3, 1, 0, -18 ] ], 
              [ [ 1, 2, 2, 1, 4, 2, 3, 1, 1, 2, 1, 2, 0, 1, 0, 3, 3, -17 ], [ 1, 2, 2, 3, 0, 2, 1, 3, 3, 2, 3, 2, 4, 3, 4, 1, 1, -21 ] ], 
              [ [ 1, 2, 2, 1, 3, 4, 3, 2, 0, 3, 3, 3, 1, 1, 1, 3, 3, -21 ], [ 1, 2, 2, 3, 1, 0, 1, 2, 4, 1, 1, 1, 3, 3, 3, 1, 1, -17 ] ], 
              [ [ 1, 2, 1, 1, 3, 3, 1, 2, 2, 3, 3, 3, 0, 2, 2, 2, 2, -18 ], [ 1, 2, 3, 3, 1, 1, 3, 2, 2, 1, 1, 1, 4, 2, 2, 2, 2, -20 ] ], 
              [ [ 1, 2, 1, 4, 4, 2, 1, 3, 1, 3, 3, 3, 1, 3, 3, 2, 3, -23 ], [ 1, 2, 3, 0, 0, 2, 3, 1, 3, 1, 1, 1, 3, 1, 1, 2, 1, -15 ] ], 
              [ [ 1, 3, 2, 3, 4, 1, 1, 1, 2, 2, 2, 2, 0, 2, 1, 3, 2, -18 ], [ 1, 1, 2, 1, 0, 3, 3, 3, 2, 2, 2, 2, 4, 2, 3, 1, 2, -20 ] ], 
              [ [ 1, 2, 2, 1, 3, 3, 3, 2, 2, 1, 2, 3, 0, 3, 2, 2, 3, -19 ], [ 1, 2, 2, 3, 1, 1, 1, 2, 2, 3, 2, 1, 4, 1, 2, 2, 1, -19 ] ], 
              [ [ 1, 3, 2, 2, 3, 1, 1, 2, 2, 1, 2, 3, 0, 2, 2, 1, 3, -16 ], [ 1, 1, 2, 2, 1, 3, 3, 2, 2, 3, 2, 1, 4, 2, 2, 3, 1, -22 ] ], 
              [ [ 1, 3, 2, 0, 3, 3, 2, 2, 2, 2, 2, 4, 0, 2, 2, 1, 2, -17 ], [ 1, 1, 2, 4, 1, 1, 2, 2, 2, 2, 2, 0, 4, 2, 2, 3, 2, -21 ] ], 
              [ [ 1, 3, 1, 1, 3, 1, 1, 1, 3, 1, 1, 3, -2, 3, 1, 1, 1, -12 ], [ 1, 1, 3, 3, 1, 3, 3, 3, 1, 3, 3, 1, 6, 1, 3, 3, 3, -26 ] ], 
              [ [ 1, 3, 2, 2, 2, 3, 1, 3, 1, 2, 3, 4, 0, 3, 2, 2, 3, -20 ], [ 1, 1, 2, 2, 2, 1, 3, 1, 3, 2, 1, 0, 4, 1, 2, 2, 1, -18 ] ], 
              [ [ 1, 1, -2, 3, 3, 1, 1, 3, 3, 3, 1, 3, 1, 3, 3, 1, 3, -19 ], [ 1, 3, 6, 1, 1, 3, 3, 1, 1, 1, 3, 1, 3, 1, 1, 3, 1, -19 ] ], 
              [ [ 1, 2, 0, 1, 3, 2, 2, 2, 3, 3, 1, 3, 2, 1, 2, 2, 3, -19 ], [ 1, 2, 4, 3, 1, 2, 2, 2, 1, 1, 3, 1, 2, 3, 2, 2, 1, -19 ] ], 
              [ [ 1, 2, 0, 2, 2, 2, 3, 2, 3, 1, 1, 3, 1, 3, 2, 2, 3, -19 ], [ 1, 2, 4, 2, 2, 2, 1, 2, 1, 3, 3, 1, 3, 1, 2, 2, 1, -19 ] ], 
              [ [ 1, 1, 0, 4, 4, 1, 2, 2, 2, 2, 2, 3, 2, 2, 2, 3, 4, -22 ], [ 1, 3, 4, 0, 0, 3, 2, 2, 2, 2, 2, 1, 2, 2, 2, 1, 0, -16 ] ], 
              [ [ 1, 2, 1, 2, 2, 2, 2, 2, 2, 1, 3, 4, 2, 1, 2, 2, 4, -19 ], [ 1, 2, 3, 2, 2, 2, 2, 2, 2, 3, 1, 0, 2, 3, 2, 2, 0, -19 ] ], 
              [ [ 1, 2, 1, 0, 3, 2, 3, 1, 3, 1, 1, 4, 1, 1, 1, 2, 3, -16 ], [ 1, 2, 3, 4, 1, 2, 1, 3, 1, 3, 3, 0, 3, 3, 3, 2, 1, -22 ] ], 
              [ [ 1, 3, 1, 2, 3, 1, 1, 1, 4, 1, 2, 4, 1, 2, 2, 2, 2, -17 ], [ 1, 1, 3, 2, 1, 3, 3, 3, 0, 3, 2, 0, 3, 2, 2, 2, 2, -21 ] ], 
              [ [ 1, 3, 1, 1, 1, 3, 1, 3, 3, 1, 3, 6, 1, 3, 3, 1, 3, -19 ], [ 1, 1, 3, 3, 3, 1, 3, 1, 1, 3, 1, -2, 3, 1, 1, 3, 1, -19 ] ], 
              [ [ 1, 2, 0, 2, 4, 1, 3, 2, 2, 3, 2, 3, 2, 2, 2, 2, 4, -22 ], [ 1, 2, 4, 2, 0, 3, 1, 2, 2, 1, 2, 1, 2, 2, 2, 2, 0, -16 ] ], 
              [ [ 1, 3, 1, 1, 3, 1, 3, 1, 4, 1, 2, 3, 1, 3, 2, 2, 3, -19 ], [ 1, 1, 3, 3, 1, 3, 1, 3, 0, 3, 2, 1, 3, 1, 2, 2, 1, -19 ] ], 
              [ [ 1, 4, 1, 2, 2, 1, 1, 2, 3, 2, 3, 4, 1, 3, 2, 2, 3, -20 ], [ 1, 0, 3, 2, 2, 3, 3, 2, 1, 2, 1, 0, 3, 1, 2, 2, 1, -18 ] ], 
              [ [ 1, 1, 0, 2, 4, 1, 3, 1, 3, 2, 1, 2, 1, 1, 2, 2, 4, -18 ], [ 1, 3, 4, 2, 0, 3, 1, 3, 1, 2, 3, 2, 3, 3, 2, 2, 0, -20 ] ], 
              [ [ 1, 1, 1, 3, 3, 3, 3, 3, 1, 3, 3, 3, 3, 1, 3, 3, 6, -26 ], [ 1, 3, 3, 1, 1, 1, 1, 1, 3, 1, 1, 1, 1, 3, 1, 1, -2, -12 ] ], 
              [ [ 1, 1, 0, 2, 3, 3, 3, 2, 2, 3, 2, 3, 1, 2, 2, 3, 4, -22 ], [ 1, 3, 4, 2, 1, 1, 1, 2, 2, 1, 2, 1, 3, 2, 2, 1, 0, -16 ] ], 
              [ [ 1, 2, 0, 3, 3, 1, 1, 2, 2, 3, 2, 3, 1, 1, 2, 2, 4, -19 ], [ 1, 2, 4, 1, 1, 3, 3, 2, 2, 1, 2, 1, 3, 3, 2, 2, 0, -19 ] ], 
              [ [ 1, 2, 1, 3, 4, 2, 2, 2, 3, 3, 2, 3, 2, 2, 3, 3, 4, -24 ], [ 1, 2, 3, 1, 0, 2, 2, 2, 1, 1, 2, 1, 2, 2, 1, 1, 0, -14 ] ], 
              [ [ 1, 2, 0, 4, 3, 2, 1, 2, 3, 3, 3, 3, 1, 3, 3, 3, 3, -23 ], [ 1, 2, 4, 0, 1, 2, 3, 2, 1, 1, 1, 1, 3, 1, 1, 1, 1, -15 ] ], 
              [ [ 1, 2, 0, 3, 2, 2, 1, 3, 3, 2, 3, 4, 1, 3, 4, 1, 4, -21 ], [ 1, 2, 4, 1, 2, 2, 3, 1, 1, 2, 1, 0, 3, 1, 0, 3, 0, -17 ] ], 
              [ [ 1, 2, 0, 1, 3, 2, 2, 2, 4, 2, 1, 4, 0, 3, 3, 1, 3, -18 ], [ 1, 2, 4, 3, 1, 2, 2, 2, 0, 2, 3, 0, 4, 1, 1, 3, 1, -20 ] ], 
              [ [ 1, 1, 0, 3, 3, 1, 1, 1, 3, 2, 2, 3, 1, 2, 3, 1, 3, -17 ], [ 1, 3, 4, 1, 1, 3, 3, 3, 1, 2, 2, 1, 3, 2, 1, 3, 1, -21 ] ], 
              [ [ 1, 3, 2, 1, 2, 3, 2, 2, 3, 2, 3, 4, 2, 1, 3, 2, 4, -21 ], [ 1, 1, 2, 3, 2, 1, 2, 2, 1, 2, 1, 0, 2, 3, 1, 2, 0, -17 ] ], 
              [ [ 1, 3, 1, 2, 2, 1, 1, 1, 4, 1, 2, 3, 0, 2, 2, 2, 3, -16 ], [ 1, 1, 3, 2, 2, 3, 3, 3, 0, 3, 2, 1, 4, 2, 2, 2, 1, -22 ] ], 
              [ [ 1, 3, 1, 0, 2, 3, 2, 1, 4, 2, 2, 4, 0, 2, 2, 2, 2, -17 ], [ 1, 1, 3, 4, 2, 1, 2, 3, 0, 2, 2, 0, 4, 2, 2, 2, 2, -21 ] ], 
              [ [ 1, 0, 0, 3, 3, 2, 2, 1, 2, 3, 2, 3, 2, 2, 3, 1, 4, -20 ], [ 1, 4, 4, 1, 1, 2, 2, 3, 2, 1, 2, 1, 2, 2, 1, 3, 0, -18 ] ], 
              [ [ 1, 3, 3, 1, 3, 1, 3, 1, 1, 1, 2, 1, 1, 3, 0, 2, 0, -16 ], [ 1, 1, 1, 3, 1, 3, 1, 3, 3, 3, 2, 3, 3, 1, 4, 2, 4, -22 ] ], 
              [ [ 1, 1, 2, 2, 4, 1, 3, 1, 0, 2, 1, 0, 1, 1, 0, 2, 1, -15 ], [ 1, 3, 2, 2, 0, 3, 1, 3, 4, 2, 3, 4, 3, 3, 4, 2, 3, -23 ] ], 
              [ [ 1, 1, 3, 3, 3, 3, 3, 3, -2, 3, 3, 1, 3, 1, 1, 3, 3, -23 ], [ 1, 3, 1, 1, 1, 1, 1, 1, 6, 1, 1, 3, 1, 3, 3, 1, 1, -15 ] ], 
              [ [ 1, 1, 2, 3, 3, 2, 1, 3, 0, 3, 3, 1, 2, 2, 2, 2, 2, -20 ], [ 1, 3, 2, 1, 1, 2, 3, 1, 4, 1, 1, 3, 2, 2, 2, 2, 2, -18 ] ], 
              [ [ 1, 2, 3, 3, 4, 2, 2, 2, 0, 3, 2, 1, 2, 2, 1, 3, 1, -21 ], [ 1, 2, 1, 1, 0, 2, 2, 2, 4, 1, 2, 3, 2, 2, 3, 1, 3, -17 ] ], 
              [ [ 1, 2, 3, 2, 3, 2, 2, 3, 0, 2, 2, 2, 2, 2, 2, 1, 2, -19 ], [ 1, 2, 1, 2, 1, 2, 2, 1, 4, 2, 2, 2, 2, 2, 2, 3, 2, -19 ] ], 
              [ [ 1, 2, 2, 3, 3, 0, 1, 2, 1, 1, 1, 1, 0, 3, 1, 1, 1, -14 ], [ 1, 2, 2, 1, 1, 4, 3, 2, 3, 3, 3, 3, 4, 1, 3, 3, 3, -24 ] ], 
              [ [ 1, 2, 2, 3, 2, 2, 1, 3, 0, 2, 3, 2, 1, 3, 2, 1, 1, -18 ], [ 1, 2, 2, 1, 2, 2, 3, 1, 4, 2, 1, 2, 3, 1, 2, 3, 3, -20 ] ], 
              [ [ 1, 2, 2, 1, 3, 2, 2, 2, 1, 2, 1, 2, 0, 3, 1, 1, 0, -15 ], [ 1, 2, 2, 3, 1, 2, 2, 2, 3, 2, 3, 2, 4, 1, 3, 3, 4, -23 ] ], 
              [ [ 1, 2, 4, 2, 2, 3, 3, 2, 0, 1, 3, 1, 2, 2, 1, 3, 2, -20 ], [ 1, 2, 0, 2, 2, 1, 1, 2, 4, 3, 1, 3, 2, 2, 3, 1, 2, -18 ] ], 
              [ [ 1, 3, 4, 1, 3, 1, 2, 1, 1, 1, 1, 1, 1, 1, 0, 2, 1, -14 ], [ 1, 1, 0, 3, 1, 3, 2, 3, 3, 3, 3, 3, 3, 3, 4, 2, 3, -24 ] ], 
              [ [ 1, 3, 4, 1, 2, 3, 2, 2, 0, 2, 3, 2, 2, 1, 1, 2, 1, -18 ], [ 1, 1, 0, 3, 2, 1, 2, 2, 4, 2, 1, 2, 2, 3, 3, 2, 3, -20 ] ], 
              [ [ 1, 3, 3, 2, 2, 1, 1, 1, 1, 1, 2, 1, 0, 2, 0, 2, 0, -13 ], [ 1, 1, 1, 2, 2, 3, 3, 3, 3, 3, 2, 3, 4, 2, 4, 2, 4, -25 ] ], 
              [ [ 1, 1, 3, 3, 4, 2, 2, 1, 1, 2, 1, 0, 1, 1, 1, 3, 1, -17 ], [ 1, 3, 1, 1, 0, 2, 2, 3, 3, 2, 3, 4, 3, 3, 3, 1, 3, -21 ] ], 
              [ [ 1, 1, 3, 2, 2, 4, 2, 3, 0, 2, 2, 2, 1, 2, 2, 2, 2, -19 ], [ 1, 3, 1, 2, 2, 0, 2, 1, 4, 2, 2, 2, 3, 2, 2, 2, 2, -19 ] ], 
              [ [ 1, 2, 3, 1, 4, 2, 3, 1, 1, 3, 1, 0, 1, 1, 1, 2, 1, -17 ], [ 1, 2, 1, 3, 0, 2, 1, 3, 3, 1, 3, 4, 3, 3, 3, 2, 3, -21 ] ], 
              [ [ 1, 2, 3, 3, 3, 2, 2, 2, 0, 3, 2, 0, 1, 2, 1, 3, 2, -20 ], [ 1, 2, 1, 1, 1, 2, 2, 2, 4, 1, 2, 4, 3, 2, 3, 1, 2, -18 ] ], 
              [ [ 1, 2, 2, 1, 1, 2, 2, 2, 2, 0, 0, 3, 2, 1, 1, 1, 1, -13 ], [ 1, 2, 2, 3, 3, 2, 2, 2, 2, 4, 4, 1, 2, 3, 3, 3, 3, -25 ] ], 
              [ [ 1, 2, 1, 2, 3, 2, 3, 4, 1, 3, 1, 1, 3, 1, 1, 4, 3, -23 ], [ 1, 2, 3, 2, 1, 2, 1, 0, 3, 1, 3, 3, 1, 3, 3, 0, 1, -15 ] ], 
              [ [ 1, 3, 1, 2, 2, 2, 3, 4, 1, 2, 1, 2, 2, 2, 1, 3, 2, -21 ], [ 1, 1, 3, 2, 2, 2, 1, 0, 3, 2, 3, 2, 2, 2, 3, 1, 2, -17 ] ], 
              [ [ 1, 3, 1, 4, 3, 1, 1, 4, 2, 3, 2, 1, 3, 2, 2, 4, 2, -24 ], [ 1, 1, 3, 0, 1, 3, 3, 0, 2, 1, 2, 3, 1, 2, 2, 0, 2, -14 ] ], 
              [ [ 1, 3, 0, 2, 2, 1, 1, 4, 3, 2, 1, 2, 1, 3, 2, 2, 1, -18 ], [ 1, 1, 4, 2, 2, 3, 3, 0, 1, 2, 3, 2, 3, 1, 2, 2, 3, -20 ] ], 
              [ [ 1, 4, 2, 0, 2, 2, 2, 3, 3, 2, 1, 2, 2, 1, 1, 3, 1, -18 ], [ 1, 0, 2, 4, 2, 2, 2, 1, 1, 2, 3, 2, 2, 3, 3, 1, 3, -20 ] ], 
              [ [ 1, 3, 1, 3, 1, 3, 1, 6, 1, 3, 3, 3, 3, 3, 3, 3, 3, -26 ], [ 1, 1, 3, 1, 3, 1, 3, -2, 3, 1, 1, 1, 1, 1, 1, 1, 1, -12 ] ], 
              [ [ 1, 2, 0, 2, 2, 2, 2, 4, 2, 3, 1, 2, 2, 3, 2, 2, 2, -21 ], [ 1, 2, 4, 2, 2, 2, 2, 0, 2, 1, 3, 2, 2, 1, 2, 2, 2, -17 ] ], 
              [ [ 1, 2, 1, 3, 2, 2, 1, 4, 1, 3, 2, 2, 3, 2, 2, 3, 2, -22 ], [ 1, 2, 3, 1, 2, 2, 3, 0, 3, 1, 2, 2, 1, 2, 2, 1, 2, -16 ] ], 
              [ [ 1, 1, 1, 3, 3, 1, 2, 3, 1, 3, 1, 1, 4, 1, 2, 2, 3, -21 ], [ 1, 3, 3, 1, 1, 3, 2, 1, 3, 1, 3, 3, 0, 3, 2, 2, 1, -17 ] ], 
              [ [ 1, 4, 2, 2, 1, 2, 1, 4, 2, 2, 2, 2, 2, 2, 1, 4, 2, -21 ], [ 1, 0, 2, 2, 3, 2, 3, 0, 2, 2, 2, 2, 2, 2, 3, 0, 2, -17 ] ], 
              [ [ 1, 1, 0, 4, 2, 1, 1, 3, 1, 3, 2, 1, 3, 2, 2, 2, 2, -20 ], [ 1, 3, 4, 0, 2, 3, 3, 1, 3, 1, 2, 3, 1, 2, 2, 2, 2, -18 ] ], 
              [ [ 1, 1, 0, 2, 3, 1, 2, 2, 2, 3, 0, 1, 2, 2, 1, 2, 1, -17 ], [ 1, 3, 4, 2, 1, 3, 2, 2, 2, 1, 4, 3, 2, 2, 3, 2, 3, -21 ] ], 
              [ [ 1, 2, 1, 2, 2, 2, 3, 3, 2, 1, 1, 2, 2, 3, 2, 2, 1, -19 ], [ 1, 2, 3, 2, 2, 2, 1, 1, 2, 3, 3, 2, 2, 1, 2, 2, 3, -19 ] ], 
              [ [ 1, 1, 0, 1, 2, 1, 2, 3, 2, 2, 0, 2, 2, 2, 2, 0, 2, -15 ], [ 1, 3, 4, 3, 2, 3, 2, 1, 2, 2, 4, 2, 2, 2, 2, 4, 2, -23 ] ], 
              [ [ 1, 1, 1, 2, 3, 1, 4, 2, 2, 1, 0, 1, 3, 2, 2, 1, 2, -18 ], [ 1, 3, 3, 2, 1, 3, 0, 2, 2, 3, 4, 3, 1, 2, 2, 3, 2, -20 ] ], 
              [ [ 1, 4, 2, 1, 1, 2, 3, 3, 3, 0, 1, 2, 1, 3, 1, 3, 1, -18 ], [ 1, 0, 2, 3, 3, 2, 1, 1, 1, 4, 3, 2, 3, 1, 3, 1, 3, -20 ] ], 
              [ [ 1, 2, 1, 0, 1, 2, 2, 2, 2, 2, 1, 2, 2, 1, 1, 1, 1, -14 ], [ 1, 2, 3, 4, 3, 2, 2, 2, 2, 2, 3, 2, 2, 3, 3, 3, 3, -24 ] ], 
              [ [ 1, 1, 1, 4, 2, 1, 3, 3, 1, 1, 1, 1, 3, 3, 2, 2, 3, -21 ], [ 1, 3, 3, 0, 2, 3, 1, 1, 3, 3, 3, 3, 1, 1, 2, 2, 1, -17 ] ], 
              [ [ 1, 1, 1, 2, 2, 3, 4, 3, 1, 2, 1, 2, 3, 3, 2, 2, 2, -22 ], [ 1, 3, 3, 2, 2, 1, 0, 1, 3, 2, 3, 2, 1, 1, 2, 2, 2, -16 ] ], 
              [ [ 1, 2, 1, 3, 2, 1, 2, 3, 1, 2, 1, 2, 3, 2, 2, 1, 2, -19 ], [ 1, 2, 3, 1, 2, 3, 2, 1, 3, 2, 3, 2, 1, 2, 2, 3, 2, -19 ] ], 
              [ [ 1, 2, 2, 0, 1, 2, 4, 2, 2, 0, 0, 2, 2, 2, 1, 1, 2, -15 ], [ 1, 2, 2, 4, 3, 2, 0, 2, 2, 4, 4, 2, 2, 2, 3, 3, 2, -23 ] ], 
              [ [ 1, 1, 0, 2, 2, 2, 2, 3, 3, 2, 1, 2, 2, 4, 3, 1, 1, -19 ], [ 1, 3, 4, 2, 2, 2, 2, 1, 1, 2, 3, 2, 2, 0, 1, 3, 3, -19 ] ], 
              [ [ 1, 2, 0, 3, 2, 0, 0, 3, 3, 2, 1, 2, 2, 3, 3, 0, 1, -16 ], [ 1, 2, 4, 1, 2, 4, 4, 1, 1, 2, 3, 2, 2, 1, 1, 4, 3, -22 ] ], 
              [ [ 1, 2, 0, 3, 1, 2, 0, 4, 2, 3, 2, 3, 2, 4, 3, 1, 1, -20 ], [ 1, 2, 4, 1, 3, 2, 4, 0, 2, 1, 2, 1, 2, 0, 1, 3, 3, -18 ] ], 
              [ [ 1, 3, 1, 1, 0, 1, 0, 3, 3, 1, 1, 3, 1, 3, 2, 0, 1, -13 ], [ 1, 1, 3, 3, 4, 3, 4, 1, 1, 3, 3, 1, 3, 1, 2, 4, 3, -25 ] ], 
              [ [ 1, 3, 2, 2, 1, 1, 2, 2, 3, 0, 1, 2, 2, 3, 2, 1, 1, -16 ], [ 1, 1, 2, 2, 3, 3, 2, 2, 1, 4, 3, 2, 2, 1, 2, 3, 3, -22 ] ], 
              [ [ 1, 0, 1, 1, 3, 3, 3, 2, 2, 3, 0, 1, 3, 0, 2, 2, 2, -18 ], [ 1, 4, 3, 3, 1, 1, 1, 2, 2, 1, 4, 3, 1, 4, 2, 2, 2, -20 ] ], 
              [ [ 1, 3, 2, 3, 2, 3, 2, 4, 2, 2, 1, 2, 2, 2, 2, 4, 2, -23 ], [ 1, 1, 2, 1, 2, 1, 2, 0, 2, 2, 3, 2, 2, 2, 2, 0, 2, -15 ] ], 
              [ [ 1, 0, 1, 3, 2, 3, 2, 3, 1, 3, 1, 1, 3, 1, 2, 3, 3, -21 ], [ 1, 4, 3, 1, 2, 1, 2, 1, 3, 1, 3, 3, 1, 3, 2, 1, 1, -17 ] ], 
              [ [ 1, 1, 1, 2, 2, 3, 1, 3, 1, 4, 1, 2, 3, 0, 2, 2, 2, -19 ], [ 1, 3, 3, 2, 2, 1, 3, 1, 3, 0, 3, 2, 1, 4, 2, 2, 2, -19 ] ], 
              [ [ 1, 2, 2, 2, 2, 2, 2, 3, 2, 1, 0, 2, 2, 1, 2, 2, 2, -17 ], [ 1, 2, 2, 2, 2, 2, 2, 1, 2, 3, 4, 2, 2, 3, 2, 2, 2, -21 ] ], 
              [ [ 1, 0, 1, 2, 2, 3, 4, 2, 2, 1, 0, 1, 2, 2, 2, 2, 2, -18 ], [ 1, 4, 3, 2, 2, 1, 0, 2, 2, 3, 4, 3, 2, 2, 2, 2, 2, -20 ] ], 
              [ [ 1, 1, 1, 3, 2, 1, 2, 2, 2, 1, 0, 1, 2, 1, 2, 1, 2, -15 ], [ 1, 3, 3, 1, 2, 3, 2, 2, 2, 3, 4, 3, 2, 3, 2, 3, 2, -23 ] ], 
              [ [ 1, 1, 1, 1, 3, 1, 3, 1, 3, 1, -2, 1, 1, 1, 1, 1, 1, -12 ], [ 1, 3, 3, 3, 1, 3, 1, 3, 1, 3, 6, 3, 3, 3, 3, 3, 3, -26 ] ], 
              [ [ 1, 1, 1, 1, 2, 3, 3, 2, 2, 2, 0, 2, 2, 1, 2, 1, 1, -16 ], [ 1, 3, 3, 3, 2, 1, 1, 2, 2, 2, 4, 2, 2, 3, 2, 3, 3, -22 ] ], 
              [ [ 1, 1, 2, 2, 2, 3, 3, 3, 1, 2, 0, 2, 3, 1, 2, 2, 3, -20 ], [ 1, 3, 2, 2, 2, 1, 1, 1, 3, 2, 4, 2, 1, 3, 2, 2, 1, -18 ] ], 
              [ [ 1, 1, 1, 3, 1, 3, 2, 3, 1, 2, 1, 2, 2, 2, 2, 2, 2, -19 ], [ 1, 3, 3, 1, 3, 1, 2, 1, 3, 2, 3, 2, 2, 2, 2, 2, 2, -19 ] ], 
              [ [ 1, 1, 1, 2, 2, 2, 1, 3, 3, 2, 0, 2, 2, 2, 3, 1, 2, -17 ], [ 1, 3, 3, 2, 2, 2, 3, 1, 1, 2, 4, 2, 2, 2, 1, 3, 2, -21 ] ], 
              [ [ 1, 1, 1, 2, 1, 4, 1, 4, 2, 3, 2, 3, 3, 2, 4, 1, 2, -21 ], [ 1, 3, 3, 2, 3, 0, 3, 0, 2, 1, 2, 1, 1, 2, 0, 3, 2, -17 ] ], 
              [ [ 1, 1, 0, 3, 1, 2, 0, 3, 3, 2, 1, 2, 1, 3, 3, 1, 1, -16 ], [ 1, 3, 4, 1, 3, 2, 4, 1, 1, 2, 3, 2, 3, 1, 1, 3, 3, -22 ] ], 
              [ [ 1, 2, 2, 1, 1, 3, 1, 2, 3, 2, 1, 2, 2, 1, 2, 2, 1, -16 ], [ 1, 2, 2, 3, 3, 1, 3, 2, 1, 2, 3, 2, 2, 3, 2, 2, 3, -22 ] ], 
              [ [ 1, 2, 1, 2, 1, 2, 1, 3, 3, 1, 0, 3, 1, 3, 3, 0, 1, -15 ], [ 1, 2, 3, 2, 3, 2, 3, 1, 1, 3, 4, 1, 3, 1, 1, 4, 3, -23 ] ], 
              [ [ 1, 3, 1, 2, 2, 3, 2, 4, 2, 4, 2, 1, 2, 2, 2, 4, 2, -24 ], [ 1, 1, 3, 2, 2, 1, 2, 0, 2, 0, 2, 3, 2, 2, 2, 0, 2, -14 ] ], 
              [ [ 1, 2, 1, 1, 2, 2, 2, 3, 2, 3, 1, 1, 2, 1, 2, 2, 2, -18 ], [ 1, 2, 3, 3, 2, 2, 2, 1, 2, 1, 3, 3, 2, 3, 2, 2, 2, -20 ] ], 
              [ [ 1, 1, 1, 1, 2, 3, 3, 3, 1, 4, 1, 1, 3, 1, 2, 2, 3, -21 ], [ 1, 3, 3, 3, 2, 1, 1, 1, 3, 0, 3, 3, 1, 3, 2, 2, 1, -17 ] ], 
              [ [ 1, 2, 1, 3, 2, 2, 1, 3, 2, 4, 2, 1, 3, 2, 3, 2, 2, -22 ], [ 1, 2, 3, 1, 2, 2, 3, 1, 2, 0, 2, 3, 1, 2, 1, 2, 2, -16 ] ], 
              [ [ 1, 2, 0, 1, 1, 2, 1, 3, 3, 3, 1, 2, 1, 3, 3, 0, 1, -16 ], [ 1, 2, 4, 3, 3, 2, 3, 1, 1, 1, 3, 2, 3, 1, 1, 4, 3, -22 ] ], 
              [ [ 1, 3, 2, 2, 1, 1, 2, 2, 2, 0, 3, 3, 2, 4, 1, 2, 1, -18 ], [ 1, 1, 2, 2, 3, 3, 2, 2, 2, 4, 1, 1, 2, 0, 3, 2, 3, -20 ] ], 
              [ [ 1, 3, 2, 3, 3, 1, 2, 3, 2, 1, 2, 2, 2, 2, 1, 4, 2, -21 ], [ 1, 1, 2, 1, 1, 3, 2, 1, 2, 3, 2, 2, 2, 2, 3, 0, 2, -17 ] ], 
              [ [ 1, 2, 2, 3, 3, 2, 3, 3, 1, 2, 2, 2, 3, 2, 1, 4, 3, -24 ], [ 1, 2, 2, 1, 1, 2, 1, 1, 3, 2, 2, 2, 1, 2, 3, 0, 1, -14 ] ], 
              [ [ 1, 1, 2, 2, 3, 1, 3, 2, 1, 1, 1, 2, 3, 1, 1, 2, 3, -18 ], [ 1, 3, 2, 2, 1, 3, 1, 2, 3, 3, 3, 2, 1, 3, 3, 2, 1, -20 ] ], 
              [ [ 1, 1, 2, 2, 2, 3, 3, 3, 0, 2, 3, 3, 4, 1, 2, 2, 3, -22 ], [ 1, 3, 2, 2, 2, 1, 1, 1, 4, 2, 1, 1, 0, 3, 2, 2, 1, -16 ] ], 
              [ [ 1, 1, 1, 3, 2, 1, 2, 2, 1, 1, 2, 2, 2, 2, 1, 2, 2, -17 ], [ 1, 3, 3, 1, 2, 3, 2, 2, 3, 3, 2, 2, 2, 2, 3, 2, 2, -21 ] ], 
              [ [ 1, 3, 3, 1, 1, 3, 3, 3, 1, 1, 3, 3, 3, 1, 1, 3, 3, -21 ], [ 1, 1, 1, 3, 3, 1, 1, 1, 3, 3, 1, 1, 1, 3, 3, 1, 1, -17 ] ], 
              [ [ 1, 2, 3, 1, 2, 2, 3, 1, 1, 1, 2, 2, 3, 0, 0, 3, 2, -17 ], [ 1, 2, 1, 3, 2, 2, 1, 3, 3, 3, 2, 2, 1, 4, 4, 1, 2, -21 ] ], 
              [ [ 1, 2, 2, 2, 2, 1, 3, 2, 1, 0, 1, 3, 2, 2, 1, 1, 2, -16 ], [ 1, 2, 2, 2, 2, 3, 1, 2, 3, 4, 3, 1, 2, 2, 3, 3, 2, -22 ] ], 
              [ [ 1, 3, 1, 3, 2, 1, 1, 3, 3, 1, 2, 3, 1, 4, 2, 2, 1, -19 ], [ 1, 1, 3, 1, 2, 3, 3, 1, 1, 3, 2, 1, 3, 0, 2, 2, 3, -19 ] ], 
              [ [ 1, 1, 2, 3, 3, 2, 3, 2, 2, 1, 2, 2, 3, 3, 2, 3, 2, -22 ], [ 1, 3, 2, 1, 1, 2, 1, 2, 2, 3, 2, 2, 1, 1, 2, 1, 2, -16 ] ], 
              [ [ 1, 2, 2, 4, 3, 0, 1, 2, 2, 1, 2, 2, 3, 2, 2, 2, 2, -19 ], [ 1, 2, 2, 0, 1, 4, 3, 2, 2, 3, 2, 2, 1, 2, 2, 2, 2, -19 ] ], 
              [ [ 1, 2, 2, 2, 3, 2, 2, 2, 2, 2, 2, 3, 3, 2, 2, 2, 1, -20 ], [ 1, 2, 2, 2, 1, 2, 2, 2, 2, 2, 2, 1, 1, 2, 2, 2, 3, -18 ] ], 
              [ [ 1, 2, 1, 3, 3, 0, 1, 1, 3, 1, 1, 2, 1, 3, 1, 2, 0, -15 ], [ 1, 2, 3, 1, 1, 4, 3, 3, 1, 3, 3, 2, 3, 1, 3, 2, 4, -23 ] ], 
              [ [ 1, 4, 3, 1, 2, 2, 2, 2, 3, 1, 2, 3, 2, 2, 1, 3, 1, -19 ], [ 1, 0, 1, 3, 2, 2, 2, 2, 1, 3, 2, 1, 2, 2, 3, 1, 3, -19 ] ], 
              [ [ 1, 2, 1, 2, 2, 0, 1, 2, 3, 0, 1, 3, 1, 3, 2, 0, 1, -13 ], [ 1, 2, 3, 2, 2, 4, 3, 2, 1, 4, 3, 1, 3, 1, 2, 4, 3, -25 ] ], 
              [ [ 1, 2, 3, 1, 1, 3, 3, 2, 2, 0, 3, 3, 3, 2, 2, 2, 2, -19 ], [ 1, 2, 1, 3, 3, 1, 1, 2, 2, 4, 1, 1, 1, 2, 2, 2, 2, -19 ] ], 
              [ [ 1, 3, 3, 0, 2, 1, 2, 1, 3, 0, 1, 3, 2, 1, 1, 1, 1, -13 ], [ 1, 1, 1, 4, 2, 3, 2, 3, 1, 4, 3, 1, 2, 3, 3, 3, 3, -25 ] ], 
              [ [ 1, 3, 2, 1, 1, 1, 1, 1, 3, 0, 2, 3, 1, 2, 1, 1, 0, -12 ], [ 1, 1, 2, 3, 3, 3, 3, 3, 1, 4, 2, 1, 3, 2, 3, 3, 4, -26 ] ], 
              [ [ 1, 2, 2, 4, 2, 2, 1, 3, 1, 2, 3, 3, 3, 3, 2, 3, 2, -23 ], [ 1, 2, 2, 0, 2, 2, 3, 1, 3, 2, 1, 1, 1, 1, 2, 1, 2, -15 ] ], 
              [ [ 1, 2, 2, 3, 1, 2, 1, 4, 1, 1, 3, 4, 3, 3, 3, 1, 3, -21 ], [ 1, 2, 2, 1, 3, 2, 3, 0, 3, 3, 1, 0, 1, 1, 1, 3, 1, -17 ] ], 
              [ [ 1, 2, 1, 2, 1, 2, 1, 3, 2, 1, 2, 4, 1, 4, 2, 1, 1, -17 ], [ 1, 2, 3, 2, 3, 2, 3, 1, 2, 3, 2, 0, 3, 0, 2, 3, 3, -21 ] ], 
              [ [ 1, 2, 2, 3, 2, 2, 3, 2, 2, 0, 2, 3, 2, 4, 2, 2, 1, -20 ], [ 1, 2, 2, 1, 2, 2, 1, 2, 2, 4, 2, 1, 2, 0, 2, 2, 3, -18 ] ], 
              [ [ 1, 1, 1, 2, 2, 1, 2, 2, 2, 1, 1, 3, 2, 3, 2, 0, 2, -16 ], [ 1, 3, 3, 2, 2, 3, 2, 2, 2, 3, 3, 1, 2, 1, 2, 4, 2, -22 ] ], 
              [ [ 1, 3, 3, 2, 1, 1, 1, 2, 2, 0, 2, 3, 2, 2, 1, 2, 2, -16 ], [ 1, 1, 1, 2, 3, 3, 3, 2, 2, 4, 2, 1, 2, 2, 3, 2, 2, -22 ] ], 
              [ [ 1, 3, 3, 2, 0, 3, 1, 3, 1, 1, 4, 4, 3, 2, 2, 2, 2, -20 ], [ 1, 1, 1, 2, 4, 1, 3, 1, 3, 3, 0, 0, 1, 2, 2, 2, 2, -18 ] ], 
              [ [ 1, 3, 3, 0, 1, 3, 2, 2, 2, 1, 2, 4, 2, 2, 1, 2, 1, -17 ], [ 1, 1, 1, 4, 3, 1, 2, 2, 2, 3, 2, 0, 2, 2, 3, 2, 3, -21 ] ], 
              [ [ 1, 2, 2, 1, 1, 2, 2, 1, 2, 1, 2, 3, 2, 2, 1, 1, 1, -15 ], [ 1, 2, 2, 3, 3, 2, 2, 3, 2, 3, 2, 1, 2, 2, 3, 3, 3, -23 ] ], 
              [ [ 1, 3, 3, 1, 1, 1, 3, 1, 3, -2, 1, 3, 1, 3, 1, 1, 1, -13 ], [ 1, 1, 1, 3, 3, 3, 1, 3, 1, 6, 3, 1, 3, 1, 3, 3, 3, -25 ] ], 
              [ [ 1, 2, 2, 2, 3, 2, 2, 2, 2, 2, 1, 2, 2, 0, 1, 3, 2, -18 ], [ 1, 2, 2, 2, 1, 2, 2, 2, 2, 2, 3, 2, 2, 4, 3, 1, 2, -20 ] ], 
              [ [ 1, 1, 2, 1, 2, 3, 2, 2, 1, 2, 1, 3, 2, 0, 1, 2, 2, -16 ], [ 1, 3, 2, 3, 2, 1, 2, 2, 3, 2, 3, 1, 2, 4, 3, 2, 2, -22 ] ], 
              [ [ 1, 1, 3, 2, 3, 3, 4, 1, 1, 1, 1, 2, 3, 0, 1, 3, 2, -19 ], [ 1, 3, 1, 2, 1, 1, 0, 3, 3, 3, 3, 2, 1, 4, 3, 1, 2, -19 ] ], 
              [ [ 1, 1, 2, 2, 3, 2, 2, 1, 3, 1, 1, 2, 2, 1, 2, 2, 1, -16 ], [ 1, 3, 2, 2, 1, 2, 2, 3, 1, 3, 3, 2, 2, 3, 2, 2, 3, -22 ] ], 
              [ [ 1, 1, 3, 3, 2, 4, 2, 3, 1, 2, 3, 3, 4, 1, 3, 3, 3, -24 ], [ 1, 3, 1, 1, 2, 0, 2, 1, 3, 2, 1, 1, 0, 3, 1, 1, 1, -14 ] ], 
              [ [ 1, 1, 2, 4, 2, 2, 1, 2, 2, 1, 2, 2, 2, 2, 2, 3, 2, -19 ], [ 1, 3, 2, 0, 2, 2, 3, 2, 2, 3, 2, 2, 2, 2, 2, 1, 2, -19 ] ], 
              [ [ 1, 1, 2, 2, 2, 4, 2, 2, 2, 2, 2, 3, 2, 2, 2, 3, 1, -20 ], [ 1, 3, 2, 2, 2, 0, 2, 2, 2, 2, 2, 1, 2, 2, 2, 1, 3, -18 ] ], 
              [ [ 1, 2, 2, 3, 2, 2, 0, 2, 2, 2, 2, 3, 2, 1, 2, 2, 1, -17 ], [ 1, 2, 2, 1, 2, 2, 4, 2, 2, 2, 2, 1, 2, 3, 2, 2, 3, -21 ] ], 
              [ [ 1, 0, 2, 2, 3, 3, 3, 1, 2, 2, 1, 2, 3, 1, 2, 2, 2, -19 ], [ 1, 4, 2, 2, 1, 1, 1, 3, 2, 2, 3, 2, 1, 3, 2, 2, 2, -19 ] ], 
              [ [ 1, 1, 2, 1, 1, 4, 2, 3, 2, 1, 2, 4, 2, 2, 3, 1, 2, -18 ], [ 1, 3, 2, 3, 3, 0, 2, 1, 2, 3, 2, 0, 2, 2, 1, 3, 2, -20 ] ], 
              [ [ 1, 2, 3, 0, 1, 3, 2, 1, 3, 0, 1, 3, 1, 1, 1, 2, 1, -13 ], [ 1, 2, 1, 4, 3, 1, 2, 3, 1, 4, 3, 1, 3, 3, 3, 2, 3, -25 ] ], 
              [ [ 1, 2, 3, 3, 2, 2, 2, 2, 2, 0, 1, 3, 2, 2, 2, 2, 2, -18 ], [ 1, 2, 1, 1, 2, 2, 2, 2, 2, 4, 3, 1, 2, 2, 2, 2, 2, -20 ] ], 
              [ [ 1, 4, 2, 1, 3, 1, 3, 3, 2, 2, 2, 2, 2, 2, 1, 3, 2, -21 ], [ 1, 0, 2, 3, 1, 3, 1, 1, 2, 2, 2, 2, 2, 2, 3, 1, 2, -17 ] ], 
              [ [ 1, 4, 2, 3, 2, 1, 2, 4, 1, 2, 3, 2, 2, 3, 1, 4, 3, -24 ], [ 1, 0, 2, 1, 2, 3, 2, 0, 3, 2, 1, 2, 2, 1, 3, 0, 1, -14 ] ], 
              [ [ 1, 2, 2, 3, 3, 1, 3, 2, 0, 3, 3, 1, 4, 1, 1, 3, 3, -23 ], [ 1, 2, 2, 1, 1, 3, 1, 2, 4, 1, 1, 3, 0, 3, 3, 1, 1, -15 ] ], 
              [ [ 1, 2, 1, 1, 2, 1, 3, 2, 1, 2, 2, 2, 2, 2, 1, 1, 2, -17 ], [ 1, 2, 3, 3, 2, 3, 1, 2, 3, 2, 2, 2, 2, 2, 3, 3, 2, -21 ] ], 
              [ [ 1, 2, 1, 3, 3, 0, 1, 2, 2, 3, 3, 1, 3, 2, 2, 2, 2, -20 ], [ 1, 2, 3, 1, 1, 4, 3, 2, 2, 1, 1, 3, 1, 2, 2, 2, 2, -18 ] ], 
              [ [ 1, 2, 1, 3, 2, 2, 1, 3, 1, 4, 4, 2, 3, 3, 2, 3, 2, -24 ], [ 1, 2, 3, 1, 2, 2, 3, 1, 3, 0, 0, 2, 1, 1, 2, 1, 2, -14 ] ], 
              [ [ 1, 3, 2, 3, 2, 1, 2, 3, 2, 1, 3, 2, 2, 4, 2, 3, 2, -22 ], [ 1, 1, 2, 1, 2, 3, 2, 1, 2, 3, 1, 2, 2, 0, 2, 1, 2, -16 ] ], 
              [ [ 1, 4, 2, 2, 2, 1, 1, 3, 2, 2, 3, 3, 2, 3, 2, 2, 1, -20 ], [ 1, 0, 2, 2, 2, 3, 3, 1, 2, 2, 1, 1, 2, 1, 2, 2, 3, -18 ] ], 
              [ [ 1, 2, 1, 2, 1, 2, 1, 4, 1, 3, 4, 3, 3, 3, 3, 1, 3, -22 ], [ 1, 2, 3, 2, 3, 2, 3, 0, 3, 1, 0, 1, 1, 1, 1, 3, 1, -16 ] ], 
              [ [ 1, 2, 2, 3, 3, 0, 3, 2, 2, 1, 2, 1, 3, 3, 2, 2, 3, -21 ], [ 1, 2, 2, 1, 1, 4, 1, 2, 2, 3, 2, 3, 1, 1, 2, 2, 1, -17 ] ], 
              [ [ 1, 2, 2, 3, 2, 2, 3, 3, 1, 2, 4, 2, 4, 3, 3, 2, 3, -25 ], [ 1, 2, 2, 1, 2, 2, 1, 1, 3, 2, 0, 2, 0, 1, 1, 2, 1, -13 ] ], 
              [ [ 1, 2, 2, 1, 3, 2, 4, 2, 2, 2, 2, 2, 3, 3, 2, 2, 2, -22 ], [ 1, 2, 2, 3, 1, 2, 0, 2, 2, 2, 2, 2, 1, 1, 2, 2, 2, -16 ] ], 
              [ [ 1, 3, 2, 2, 3, 0, 2, 2, 2, 2, 2, 2, 3, 2, 2, 1, 2, -19 ], [ 1, 1, 2, 2, 1, 4, 2, 2, 2, 2, 2, 2, 1, 2, 2, 3, 2, -19 ] ], 
              [ [ 1, 6, 3, 1, 1, 1, 1, 3, 3, 1, 3, 3, 1, 3, 1, 3, 1, -19 ], [ 1, -2, 1, 3, 3, 3, 3, 1, 1, 3, 1, 1, 3, 1, 3, 1, 3, -19 ] ], 
              [ [ 1, 2, 1, 4, 2, 0, 2, 2, 2, 1, 3, 1, 2, 4, 2, 2, 2, -20 ], [ 1, 2, 3, 0, 2, 4, 2, 2, 2, 3, 1, 3, 2, 0, 2, 2, 2, -18 ] ], 
              [ [ 1, 2, 1, 2, 3, 0, 3, 1, 3, 1, 1, 1, 1, 4, 1, 2, 1, -17 ], [ 1, 2, 3, 2, 1, 4, 1, 3, 1, 3, 3, 3, 3, 0, 3, 2, 3, -21 ] ], 
              [ [ 1, 2, 1, 2, 2, 2, 3, 2, 2, 2, 3, 2, 2, 4, 2, 2, 1, -21 ], [ 1, 2, 3, 2, 2, 2, 1, 2, 2, 2, 1, 2, 2, 0, 2, 2, 3, -17 ] ], 
              [ [ 1, 3, 1, 3, 3, -2, 1, 1, 3, 1, 1, 1, 1, 3, 1, 1, 1, -14 ], [ 1, 1, 3, 1, 1, 6, 3, 3, 1, 3, 3, 3, 3, 1, 3, 3, 3, -24 ] ], 
              [ [ 1, 3, 1, 3, 2, 0, 1, 2, 2, 2, 3, 2, 2, 3, 2, 1, 1, -18 ], [ 1, 1, 3, 1, 2, 4, 3, 2, 2, 2, 1, 2, 2, 1, 2, 3, 3, -20 ] ], 
              [ [ 1, 3, 1, 1, 3, 0, 2, 1, 3, 2, 1, 2, 1, 3, 1, 1, 0, -15 ], [ 1, 1, 3, 3, 1, 4, 2, 3, 1, 2, 3, 2, 3, 1, 3, 3, 4, -23 ] ], 
              [ [ 1, 3, 2, 1, 1, 1, 1, 2, 2, 2, 3, 2, 2, 2, 1, 2, 2, -17 ], [ 1, 1, 2, 3, 3, 3, 3, 2, 2, 2, 1, 2, 2, 2, 3, 2, 2, -21 ] ], 
              [ [ 1, 3, 3, 2, 2, 1, 3, 1, 2, 1, 3, 1, 3, 2, 1, 3, 2, -20 ], [ 1, 1, 1, 2, 2, 3, 1, 3, 2, 3, 1, 3, 1, 2, 3, 1, 2, -18 ] ], 
              [ [ 1, 3, 2, 0, 1, 1, 3, 1, 3, 0, 2, 2, 1, 3, 1, 1, 1, -14 ], [ 1, 1, 2, 4, 3, 3, 1, 3, 1, 4, 2, 2, 3, 1, 3, 3, 3, -24 ] ], 
              [ [ 1, 2, 2, 3, 2, 2, 3, 3, 1, 2, 3, 2, 3, 4, 2, 3, 3, -25 ], [ 1, 2, 2, 1, 2, 2, 1, 1, 3, 2, 1, 2, 1, 0, 2, 1, 1, -13 ] ], 
              [ [ 1, 3, 2, 4, 2, 0, 1, 3, 1, 2, 3, 2, 3, 3, 2, 2, 3, -22 ], [ 1, 1, 2, 0, 2, 4, 3, 1, 3, 2, 1, 2, 1, 1, 2, 2, 1, -16 ] ], 
              [ [ 1, 3, 2, 2, 2, 2, 2, 3, 1, 3, 3, 3, 3, 3, 2, 2, 2, -23 ], [ 1, 1, 2, 2, 2, 2, 2, 1, 3, 1, 1, 1, 1, 1, 2, 2, 2, -15 ] ], 
              [ [ 1, 3, 1, 3, 2, 0, 1, 2, 2, 2, 2, 2, 1, 4, 1, 2, 1, -18 ], [ 1, 1, 3, 1, 2, 4, 3, 2, 2, 2, 2, 2, 3, 0, 3, 2, 3, -20 ] ], 
              [ [ 1, 3, 1, 2, 1, 0, 1, 3, 2, 1, 2, 3, 1, 4, 2, 0, 2, -16 ], [ 1, 1, 3, 2, 3, 4, 3, 1, 2, 3, 2, 1, 3, 0, 2, 4, 2, -22 ] ], 
              [ [ 1, 3, 2, 3, 2, 0, 3, 2, 2, 0, 2, 2, 2, 4, 2, 1, 2, -19 ], [ 1, 1, 2, 1, 2, 4, 1, 2, 2, 4, 2, 2, 2, 0, 2, 3, 2, -19 ] ], 
              [ [ 1, 3, 3, 1, 0, 3, 3, 3, 1, 1, 4, 3, 3, 3, 2, 2, 3, -22 ], [ 1, 1, 1, 3, 4, 1, 1, 1, 3, 3, 0, 1, 1, 1, 2, 2, 1, -16 ] ], 
              [ [ 1, 4, 3, 0, 1, 1, 2, 2, 2, 1, 2, 3, 2, 2, 1, 1, 2, -16 ], [ 1, 0, 1, 4, 3, 3, 2, 2, 2, 3, 2, 1, 2, 2, 3, 3, 2, -22 ] ], 
              [ [ 1, 4, 2, 1, 0, 1, 1, 2, 2, 1, 3, 3, 1, 3, 1, 1, 1, -15 ], [ 1, 0, 2, 3, 4, 3, 3, 2, 2, 3, 1, 1, 3, 1, 3, 3, 3, -23 ] ], 
              [ [ 1, 3, 1, 2, 2, 1, 0, 3, 3, 3, 3, 3, 2, 4, 3, 1, 1, -20 ], [ 1, 1, 3, 2, 2, 3, 4, 1, 1, 1, 1, 1, 2, 0, 1, 3, 3, -18 ] ], 
              [ [ 1, 3, 1, 3, 1, 1, 1, 3, 3, 1, 3, 3, 1, 6, 3, 1, 1, -20 ], [ 1, 1, 3, 1, 3, 3, 3, 1, 1, 3, 1, 1, 3, -2, 1, 3, 3, -18 ] ], 
              [ [ 1, 4, 3, 1, 1, 2, 2, 2, 3, 1, 3, 3, 2, 4, 2, 2, 1, -20 ], [ 1, 0, 1, 3, 3, 2, 2, 2, 1, 3, 1, 1, 2, 0, 2, 2, 3, -18 ] ], 
              [ [ 1, 3, 3, 3, 3, 3, 3, 3, 1, 3, 3, 1, 3, 1, 1, 6, 3, -27 ], [ 1, 1, 1, 1, 1, 1, 1, 1, 3, 1, 1, 3, 1, 3, 3, -2, 1, -11 ] ], 
              [ [ 1, 3, 3, 2, 2, 3, 3, 4, 1, 2, 3, 2, 3, 1, 2, 4, 4, -25 ], [ 1, 1, 1, 2, 2, 1, 1, 0, 3, 2, 1, 2, 1, 3, 2, 0, 0, -13 ] ], 
              [ [ 1, 0, 1, 2, 4, 2, 4, 2, 1, 3, 1, 1, 3, 1, 2, 2, 3, -21 ], [ 1, 4, 3, 2, 0, 2, 0, 2, 3, 1, 3, 3, 1, 3, 2, 2, 1, -17 ] ], 
              [ [ 1, 3, 2, 1, 2, 3, 3, 3, 2, 2, 2, 2, 1, 2, 1, 4, 2, -21 ], [ 1, 1, 2, 3, 2, 1, 1, 1, 2, 2, 2, 2, 3, 2, 3, 0, 2, -17 ] ], 
              [ [ 1, 4, 2, 2, 2, 1, 1, 3, 2, 2, 2, 2, 1, 1, 1, 3, 2, -18 ], [ 1, 0, 2, 2, 2, 3, 3, 1, 2, 2, 2, 2, 3, 3, 3, 1, 2, -20 ] ], 
              [ [ 1, 2, 2, 1, 3, 2, 4, 2, 2, 2, 1, 1, 2, 1, 1, 3, 3, -20 ], [ 1, 2, 2, 3, 1, 2, 0, 2, 2, 2, 3, 3, 2, 3, 3, 1, 1, -18 ] ], 
              [ [ 1, 2, 3, 2, 3, 2, 3, 2, 1, 2, 2, 1, 3, 0, 1, 4, 3, -21 ], [ 1, 2, 1, 2, 1, 2, 1, 2, 3, 2, 2, 3, 1, 4, 3, 0, 1, -17 ] ], 
              [ [ 1, 1, 2, 3, 3, 1, 3, 1, 1, 2, 2, 0, 3, 0, 1, 3, 3, -19 ], [ 1, 3, 2, 1, 1, 3, 1, 3, 3, 2, 2, 4, 1, 4, 3, 1, 1, -19 ] ], 
              [ [ 1, 1, 2, 1, 4, 1, 4, 0, 2, 2, 0, 0, 2, 0, 0, 3, 2, -16 ], [ 1, 3, 2, 3, 0, 3, 0, 4, 2, 2, 4, 4, 2, 4, 4, 1, 2, -22 ] ], 
              [ [ 1, 1, 2, 1, 3, 3, 4, 1, 1, 3, 2, 1, 3, 0, 1, 3, 2, -20 ], [ 1, 3, 2, 3, 1, 1, 0, 3, 3, 1, 2, 3, 1, 4, 3, 1, 2, -18 ] ], 
              [ [ 1, 0, 1, 4, 3, 2, 3, 3, 0, 3, 2, 1, 3, 2, 2, 3, 4, -24 ], [ 1, 4, 3, 0, 1, 2, 1, 1, 4, 1, 2, 3, 1, 2, 2, 1, 0, -14 ] ], 
              [ [ 1, 1, 1, 3, 3, 2, 2, 3, 0, 4, 2, 2, 3, 1, 2, 2, 3, -22 ], [ 1, 3, 3, 1, 1, 2, 2, 1, 4, 0, 2, 2, 1, 3, 2, 2, 1, -16 ] ], 
              [ [ 1, 3, 2, 2, 2, 2, 2, 3, 1, 3, 2, 2, 2, 1, 1, 3, 3, -21 ], [ 1, 1, 2, 2, 2, 2, 2, 1, 3, 1, 2, 2, 2, 3, 3, 1, 1, -17 ] ], 
              [ [ 1, 1, 3, 2, 3, 3, 4, 2, 0, 3, 2, 1, 4, 0, 1, 4, 4, -24 ], [ 1, 3, 1, 2, 1, 1, 0, 2, 4, 1, 2, 3, 0, 4, 3, 0, 0, -14 ] ], 
              [ [ 1, 1, 2, 3, 2, 3, 3, 2, 0, 3, 3, 1, 3, 1, 1, 4, 3, -23 ], [ 1, 3, 2, 1, 2, 1, 1, 2, 4, 1, 1, 3, 1, 3, 3, 0, 1, -15 ] ], 
              [ [ 1, 2, 2, 2, 3, 1, 2, 1, 1, 3, 1, 1, 2, 0, 0, 3, 2, -17 ], [ 1, 2, 2, 2, 1, 3, 2, 3, 3, 1, 3, 3, 2, 4, 4, 1, 2, -21 ] ], 
              [ [ 1, 3, 3, 2, 2, 2, 3, 2, 1, 1, 2, 2, 2, 1, 1, 3, 2, -19 ], [ 1, 1, 1, 2, 2, 2, 1, 2, 3, 3, 2, 2, 2, 3, 3, 1, 2, -19 ] ], 
              [ [ 1, 1, 2, 2, 1, 3, 3, 3, 0, 2, 3, 2, 3, 1, 2, 2, 4, -21 ], [ 1, 3, 2, 2, 3, 1, 1, 1, 4, 2, 1, 2, 1, 3, 2, 2, 0, -17 ] ], 
              [ [ 1, 1, 2, 0, 2, 3, 4, 2, 1, 2, 1, 2, 2, 1, 1, 2, 3, -18 ], [ 1, 3, 2, 4, 2, 1, 0, 2, 3, 2, 3, 2, 2, 3, 3, 2, 1, -20 ] ], 
              [ [ 1, 2, 2, 1, 2, 1, 2, 2, 1, 2, 1, 2, 2, 0, 1, 1, 3, -15 ], [ 1, 2, 2, 3, 2, 3, 2, 2, 3, 2, 3, 2, 2, 4, 3, 3, 1, -23 ] ], 
              [ [ 1, 1, 3, 1, 3, 3, 6, 1, 1, 1, 1, 1, 3, 1, 1, 3, 3, -21 ], [ 1, 3, 1, 3, 1, 1, -2, 3, 3, 3, 3, 3, 1, 3, 3, 1, 1, -17 ] ], 
              [ [ 1, 2, 3, 2, 3, 1, 4, 1, 1, 1, 1, 1, 3, 0, 1, 2, 3, -18 ], [ 1, 2, 1, 2, 1, 3, 0, 3, 3, 3, 3, 3, 1, 4, 3, 2, 1, -20 ] ], 
              [ [ 1, 2, 2, 1, 3, 1, 4, 0, 2, 1, 0, 1, 1, 1, 0, 2, 1, -14 ], [ 1, 2, 2, 3, 1, 3, 0, 4, 2, 3, 4, 3, 3, 3, 4, 2, 3, -24 ] ], 
              [ [ 1, 2, 3, 2, 2, 3, 4, 2, 0, 2, 2, 2, 3, 1, 1, 3, 3, -22 ], [ 1, 2, 1, 2, 2, 1, 0, 2, 4, 2, 2, 2, 1, 3, 3, 1, 1, -16 ] ], 
              [ [ 1, 4, 3, 2, 3, 2, 2, 3, 3, 2, 2, 2, 2, 2, 2, 4, 2, -23 ], [ 1, 0, 1, 2, 1, 2, 2, 1, 1, 2, 2, 2, 2, 2, 2, 0, 2, -15 ] ], 
              [ [ 1, 1, 0, 3, 3, 1, 0, 3, 2, 4, 2, 2, 2, 2, 3, 1, 2, -19 ], [ 1, 3, 4, 1, 1, 3, 4, 1, 2, 0, 2, 2, 2, 2, 1, 3, 2, -19 ] ], 
              [ [ 1, 1, 1, 4, 4, 1, 2, 2, 2, 3, 2, 1, 3, 2, 3, 2, 2, -22 ], [ 1, 3, 3, 0, 0, 3, 2, 2, 2, 1, 2, 3, 1, 2, 1, 2, 2, -16 ] ], 
              [ [ 1, 4, 2, 3, 2, 2, 1, 3, 3, 2, 3, 2, 1, 3, 2, 4, 1, -22 ], [ 1, 0, 2, 1, 2, 2, 3, 1, 1, 2, 1, 2, 3, 1, 2, 0, 3, -16 ] ], 
              [ [ 1, 3, 1, 2, 2, 1, 0, 3, 3, 3, 2, 2, 1, 2, 2, 2, 2, -18 ], [ 1, 1, 3, 2, 2, 3, 4, 1, 1, 1, 2, 2, 3, 2, 2, 2, 2, -20 ] ], 
              [ [ 1, 3, 2, 3, 3, 1, 2, 2, 3, 2, 2, 1, 2, 2, 2, 3, 2, -21 ], [ 1, 1, 2, 1, 1, 3, 2, 2, 1, 2, 2, 3, 2, 2, 2, 1, 2, -17 ] ], 
              [ [ 1, 1, 2, 2, 3, 2, 2, 2, 2, 3, 2, 1, 3, 1, 2, 3, 3, -21 ], [ 1, 3, 2, 2, 1, 2, 2, 2, 2, 1, 2, 3, 1, 3, 2, 1, 1, -17 ] ], 
              [ [ 1, 1, 2, 2, 2, 4, 2, 3, 1, 4, 4, 2, 4, 1, 3, 3, 3, -25 ], [ 1, 3, 2, 2, 2, 0, 2, 1, 3, 0, 0, 2, 0, 3, 1, 1, 1, -13 ] ], 
              [ [ 1, 2, 2, 1, 3, 2, 1, 2, 2, 4, 2, 2, 3, 0, 2, 2, 2, -19 ], [ 1, 2, 2, 3, 1, 2, 3, 2, 2, 0, 2, 2, 1, 4, 2, 2, 2, -19 ] ], 
              [ [ 1, 1, 1, 3, 2, 2, 1, 2, 2, 3, 3, 1, 2, 2, 2, 3, 2, -20 ], [ 1, 3, 3, 1, 2, 2, 3, 2, 2, 1, 1, 3, 2, 2, 2, 1, 2, -18 ] ], 
              [ [ 1, 2, 1, 2, 3, 0, 0, 1, 3, 3, 1, 1, 1, 1, 1, 2, 1, -14 ], [ 1, 2, 3, 2, 1, 4, 4, 3, 1, 1, 3, 3, 3, 3, 3, 2, 3, -24 ] ], 
              [ [ 1, 2, 1, 2, 2, 2, 0, 2, 2, 4, 3, 2, 2, 1, 2, 2, 1, -18 ], [ 1, 2, 3, 2, 2, 2, 4, 2, 2, 0, 1, 2, 2, 3, 2, 2, 3, -20 ] ], 
              [ [ 1, 2, 2, 3, 4, 0, 2, 0, 3, 2, 1, 0, 2, 1, 1, 3, 1, -17 ], [ 1, 2, 2, 1, 0, 4, 2, 4, 1, 2, 3, 4, 2, 3, 3, 1, 3, -21 ] ], 
              [ [ 1, 3, 2, 2, 2, 1, 1, 2, 3, 1, 2, 2, 1, 2, 2, 2, 1, -16 ], [ 1, 1, 2, 2, 2, 3, 3, 2, 1, 3, 2, 2, 3, 2, 2, 2, 3, -22 ] ], 
              [ [ 1, 1, 2, 1, 3, 2, 4, 1, 3, 1, 1, 1, 2, 2, 2, 2, 2, -18 ], [ 1, 3, 2, 3, 1, 2, 0, 3, 1, 3, 3, 3, 2, 2, 2, 2, 2, -20 ] ], 
              [ [ 1, 2, 2, 2, 3, 0, 2, 1, 3, 1, 1, 1, 2, 1, 2, 1, 2, -15 ], [ 1, 2, 2, 2, 1, 4, 2, 3, 1, 3, 3, 3, 2, 3, 2, 3, 2, -23 ] ], 
              [ [ 1, 2, 2, 0, 3, 2, 3, 1, 3, 2, 1, 2, 2, 1, 2, 1, 1, -16 ], [ 1, 2, 2, 4, 1, 2, 1, 3, 1, 2, 3, 2, 2, 3, 2, 3, 3, -22 ] ], 
              [ [ 1, 2, 1, 1, 3, 0, 2, 0, 4, 1, 0, 1, 0, 2, 1, 1, 0, -11 ], [ 1, 2, 3, 3, 1, 4, 2, 4, 0, 3, 4, 3, 4, 2, 3, 3, 4, -27 ] ], 
              [ [ 1, 1, 1, 6, 3, 1, 1, 3, 1, 3, 3, 1, 3, 3, 3, 3, 3, -25 ], [ 1, 3, 3, -2, 1, 3, 3, 1, 3, 1, 1, 3, 1, 1, 1, 1, 1, -13 ] ], 
              [ [ 1, 1, 1, 4, 4, 1, 2, 2, 2, 3, 1, 1, 2, 3, 2, 3, 2, -22 ], [ 1, 3, 3, 0, 0, 3, 2, 2, 2, 1, 3, 3, 2, 1, 2, 1, 2, -16 ] ], 
              [ [ 1, 1, 1, 4, 3, 3, 2, 3, 1, 4, 3, 2, 3, 3, 3, 3, 2, -26 ], [ 1, 3, 3, 0, 1, 1, 2, 1, 3, 0, 1, 2, 1, 1, 1, 1, 2, -12 ] ], 
              [ [ 1, 1, 1, 3, 3, 1, 2, 3, 2, 2, 1, 2, 2, 3, 3, 1, 3, -20 ], [ 1, 3, 3, 1, 1, 3, 2, 1, 2, 2, 3, 2, 2, 1, 1, 3, 1, -18 ] ], 
              [ [ 1, 1, 1, 3, 2, 3, 2, 4, 1, 3, 3, 3, 3, 3, 4, 1, 3, -24 ], [ 1, 3, 3, 1, 2, 1, 2, 0, 3, 1, 1, 1, 1, 1, 0, 3, 1, -14 ] ], 
              [ [ 1, 3, 2, 3, 2, 3, 2, 3, 2, 3, 3, 2, 2, 3, 2, 4, 2, -25 ], [ 1, 1, 2, 1, 2, 1, 2, 1, 2, 1, 1, 2, 2, 1, 2, 0, 2, -13 ] ], 
              [ [ 1, 1, 0, 4, 2, 1, 1, 3, 2, 2, 2, 2, 1, 4, 3, 1, 2, -19 ], [ 1, 3, 4, 0, 2, 3, 3, 1, 2, 2, 2, 2, 3, 0, 1, 3, 2, -19 ] ], 
              [ [ 1, 3, 2, 2, 1, 3, 2, 4, 2, 2, 3, 3, 2, 3, 3, 2, 3, -23 ], [ 1, 1, 2, 2, 3, 1, 2, 0, 2, 2, 1, 1, 2, 1, 1, 2, 1, -15 ] ], 
              [ [ 1, 2, 2, 3, 2, 2, 0, 3, 1, 4, 3, 2, 3, 1, 2, 3, 3, -22 ], [ 1, 2, 2, 1, 2, 2, 4, 1, 3, 0, 1, 2, 1, 3, 2, 1, 1, -16 ] ], 
              [ [ 1, 2, 3, 4, 3, 2, 2, 2, 1, 3, 3, 1, 4, 1, 2, 4, 3, -25 ], [ 1, 2, 1, 0, 1, 2, 2, 2, 3, 1, 1, 3, 0, 3, 2, 0, 1, -13 ] ], 
              [ [ 1, 3, 3, 3, 1, 3, 1, 4, 1, 2, 4, 3, 3, 2, 3, 3, 3, -24 ], [ 1, 1, 1, 1, 3, 1, 3, 0, 3, 2, 0, 1, 1, 2, 1, 1, 1, -14 ] ], 
              [ [ 1, 3, 3, 1, 2, 3, 2, 3, 2, 2, 2, 3, 2, 2, 2, 3, 2, -21 ], [ 1, 1, 1, 3, 2, 1, 2, 1, 2, 2, 2, 1, 2, 2, 2, 1, 2, -17 ] ], 
              [ [ 1, 0, 1, 3, 3, 2, 2, 2, 1, 3, 2, 2, 3, 2, 3, 1, 2, -20 ], [ 1, 4, 3, 1, 1, 2, 2, 2, 3, 1, 2, 2, 1, 2, 1, 3, 2, -18 ] ], 
              [ [ 1, 1, 3, 2, 2, 4, 4, 3, 1, 2, 3, 2, 4, 2, 3, 3, 4, -26 ], [ 1, 3, 1, 2, 2, 0, 0, 1, 3, 2, 1, 2, 0, 2, 1, 1, 0, -12 ] ], 
              [ [ 1, 2, 3, 3, 2, 2, 2, 3, 1, 2, 3, 2, 4, 1, 3, 2, 4, -23 ], [ 1, 2, 1, 1, 2, 2, 2, 1, 3, 2, 1, 2, 0, 3, 1, 2, 0, -15 ] ], 
              [ [ 1, 2, 3, 1, 3, 2, 3, 2, 2, 2, 1, 2, 3, 1, 2, 2, 3, -20 ], [ 1, 2, 1, 3, 1, 2, 1, 2, 2, 2, 3, 2, 1, 3, 2, 2, 1, -18 ] ], 
              [ [ 1, 2, 3, 1, 2, 4, 3, 3, 1, 3, 3, 3, 4, 1, 3, 2, 3, -24 ], [ 1, 2, 1, 3, 2, 0, 1, 1, 3, 1, 1, 1, 0, 3, 1, 2, 1, -14 ] ], 
              [ [ 1, 2, 2, 3, 3, 2, 2, 1, 2, 3, 2, 1, 2, 2, 1, 4, 1, -21 ], [ 1, 2, 2, 1, 1, 2, 2, 3, 2, 1, 2, 3, 2, 2, 3, 0, 3, -17 ] ], 
              [ [ 1, 3, 2, 2, 1, 3, 1, 3, 2, 2, 3, 3, 1, 3, 2, 3, 1, -20 ], [ 1, 1, 2, 2, 3, 1, 3, 1, 2, 2, 1, 1, 3, 1, 2, 1, 3, -18 ] ], 
              [ [ 1, 1, 2, 3, 2, 2, 3, 2, 2, 1, 2, 1, 2, 3, 2, 3, 3, -21 ], [ 1, 3, 2, 1, 2, 2, 1, 2, 2, 3, 2, 3, 2, 1, 2, 1, 1, -17 ] ], 
              [ [ 1, 2, 1, 1, 1, 2, 0, 3, 2, 3, 2, 3, 1, 2, 2, 1, 2, -16 ], [ 1, 2, 3, 3, 3, 2, 4, 1, 2, 1, 2, 1, 3, 2, 2, 3, 2, -22 ] ], 
              [ [ 1, 1, 2, 3, 1, 4, 3, 3, 1, 2, 4, 2, 3, 3, 3, 3, 3, -25 ], [ 1, 3, 2, 1, 3, 0, 1, 1, 3, 2, 0, 2, 1, 1, 1, 1, 1, -13 ] ], 
              [ [ 1, 1, 2, 1, 2, 4, 4, 2, 2, 2, 2, 2, 2, 3, 2, 3, 2, -22 ], [ 1, 3, 2, 3, 2, 0, 0, 2, 2, 2, 2, 2, 2, 1, 2, 1, 2, -16 ] ], 
              [ [ 1, 2, 2, 4, 2, 0, 1, 2, 2, 1, 2, 1, 2, 2, 2, 2, 3, -18 ], [ 1, 2, 2, 0, 2, 4, 3, 2, 2, 3, 2, 3, 2, 2, 2, 2, 1, -20 ] ], 
              [ [ 1, 2, 2, 2, 3, 0, 2, 1, 3, 1, 0, 1, 1, 2, 1, 2, 2, -15 ], [ 1, 2, 2, 2, 1, 4, 2, 3, 1, 3, 4, 3, 3, 2, 3, 2, 2, -23 ] ], 
              [ [ 1, 2, 2, 4, 1, 2, 1, 3, 1, 2, 4, 2, 3, 2, 3, 2, 3, -22 ], [ 1, 2, 2, 0, 3, 2, 3, 1, 3, 2, 0, 2, 1, 2, 1, 2, 1, -16 ] ] ],
          slins := [  ] ), 
      [ [ [ -87595602, -73685022, -45756618, -132590094, -74125090, -93058870, -133899570, -97845970, -62586642, -150149990, -67341558, -36096530, 
                  -130862022, -119398714, -13749530, -92554398, -87885354, -153198292 ], 
              [ -73685022, -61983542, -38490285, -111534253, -62353725, -78280743, -112635779, -82307635, -52647633, -126305565, -56647445, -30364257, 
                  -110080599, -100437711, -11566047, -77856379, -73928801, -128869780 ], 
              [ -45756618, -38490285, -23901546, -69260091, -38720163, -48610455, -69944115, -51111067, -32692917, -78432723, -35176703, -18855477, 
                  -68357403, -62369403, -7182237, -48346941, -45908007, -80025036 ], 
              [ -132590094, -111534253, -69260091, -200696670, -112200371, -140859719, -202678779, -148105791, -94735067, -227276427, -101932397, 
                  -54637975, -198080933, -180729355, -20812145, -140096119, -133028763, -231890516 ], 
              [ -74125090, -62353725, -38720163, -112200371, -62726122, -78748259, -113308477, -82799205, -52962063, -127059903, -56985763, -30545603, 
                  -110738035, -101037557, -11635123, -78321363, -74370327, -129639432 ], 
              [ -93058870, -78280743, -48610455, -140859719, -78748259, -98862934, -142250867, -103948609, -66490165, -159514821, -71541639, -38347867, 
                  -139023859, -126845587, -14607083, -98326993, -93366745, -162753240 ], 
              [ -133899570, -112635779, -69944115, -202678779, -113308477, -142250867, -204680466, -149568507, -95670685, -229521043, -102939097, 
                  -55177589, -200037207, -182514263, -21017689, -141479729, -134342573, -234180700 ], 
              [ -97845970, -82307635, -51111067, -148105791, -82799205, -103948609, -149568507, -109295914, -69910539, -167720547, -75221869, -40320553, 
                  -146175485, -133370743, -15358497, -103385107, -98169691, -171125552 ], 
              [ -62586642, -52647633, -32692917, -94735067, -52962063, -66490165, -95670685, -69910539, -44717898, -107281539, -48115261, -25790823, 
                  -93500357, -85309873, -9823979, -66129723, -62793711, -109459532 ], 
              [ -150149990, -126305565, -78432723, -227276427, -127059903, -159514821, -229521043, -167720547, -107281539, -257376342, -115432065, 
                  -61874091, -224314269, -204664693, -23568453, -158650095, -150646755, -262601508 ], 
              [ -67341558, -56647445, -35176703, -101932397, -56985763, -71541639, -102939097, -75221869, -48115261, -115432065, -51770734, -27750235, 
                  -100603883, -91791141, -10570339, -71153813, -67564353, -117775528 ], 
              [ -36096530, -30364257, -18855477, -54637975, -30545603, -38347867, -55177589, -40320553, -25790823, -61874091, -27750235, -14874730, 
                  -53925861, -49202041, -5665931, -38139987, -36215957, -63130236 ], 
              [ -130862022, -110080599, -68357403, -198080933, -110738035, -139023859, -200037207, -146175485, -93500357, -224314269, -100603883, 
                  -53925861, -195499294, -178373863, -20540895, -138270209, -131294965, -228868224 ], 
              [ -119398714, -100437711, -62369403, -180729355, -101037557, -126845587, -182514263, -133370743, -85309873, -204664693, -91791141, 
                  -49202041, -178373863, -162748594, -18741545, -126157957, -119793733, -208819728 ], 
              [ -13749530, -11566047, -7182237, -20812145, -11635123, -14607083, -21017689, -15358497, -9823979, -23568453, -10570339, -5665931, 
                  -20540895, -18741545, -2158210, -14527899, -13795017, -24046932 ], [ -92554398, -77856379, -48346941, -140096119, -78321363, -98326993, 
                  -141479729, -103385107, -66129723, -158650095, -71153813, -38139987, -138270209, -126157957, -14527899, -97793966, -92860603, -161870956 
                 ], [ -87885354, -73928801, -45908007, -133028763, -74370327, -93366745, -134342573, -98169691, -62793711, -150646755, -67564353, 
                  -36215957, -131294965, -119793733, -13795017, -92860603, -88176114, -153705136 ], 
              [ -153198292, -128869780, -80025036, -231890516, -129639432, -162753240, -234180700, -171125552, -109459532, -262601508, -117775528, 
                  -63130236, -228868224, -208819728, -24046932, -161870956, -153705136, -267932756 ] ], 
          [ 1, 2, 2, 2, 2, 2, 2, 2, 2, 2, 2, 2, 2, 2, 2, 2, 2, -19 ] ] ], [ rec(
          nopss := [ 0, 266 ],
          scons := [ [ [ 1, 3, 3, 3, 0, 3, 2, 3, 2, 1, 1, 4, 4, 0, 2, -1, 1, -13 ], [ 1, 1, 1, 1, 4, 1, 2, 1, 2, 3, 3, 0, 0, 4, 2, -3, 3, -15 ] ], 
              [ [ 1, 1, 2, 4, 3, 2, 3, 1, 2, 3, 2, 2, 1, 1, 2, -2, 2, -15 ], [ 1, 3, 2, 0, 1, 2, 1, 3, 2, 1, 2, 2, 3, 3, 2, -2, 2, -13 ] ], 
              [ [ 1, 1, 1, 6, 3, 1, 1, 3, 1, 3, 1, 3, 1, 3, 3, -4, 3, -17 ], [ 1, 3, 3, -2, 1, 3, 3, 1, 3, 1, 3, 1, 3, 1, 1, 0, 1, -11 ] ], 
              [ [ 1, 2, 2, 4, 2, 2, 1, 2, 1, 2, 2, 4, 2, 1, 2, -2, 2, -14 ], [ 1, 2, 2, 0, 2, 2, 3, 2, 3, 2, 2, 0, 2, 3, 2, -2, 2, -14 ] ], 
              [ [ 1, 2, 2, 4, 1, 2, 1, 2, 3, 2, 2, 3, 0, 1, 3, -2, 2, -13 ], [ 1, 2, 2, 0, 3, 2, 3, 2, 1, 2, 2, 1, 4, 3, 1, -2, 2, -15 ] ], 
              [ [ 1, 2, 2, 4, 4, 2, 3, 2, 1, 2, 2, 3, 3, 1, 1, -2, 2, -17 ], [ 1, 2, 2, 0, 0, 2, 1, 2, 3, 2, 2, 1, 1, 3, 3, -2, 2, -11 ] ], 
              [ [ 1, 2, 2, 3, 2, 3, 2, 2, 3, 2, 2, 2, 2, 0, 1, -1, 2, -13 ], [ 1, 2, 2, 1, 2, 1, 2, 2, 1, 2, 2, 2, 2, 4, 3, -3, 2, -15 ] ], 
              [ [ 1, 2, 0, 4, 3, 2, 1, 2, 3, 3, 3, 3, 1, 1, 3, -2, 3, -15 ], [ 1, 2, 4, 0, 1, 2, 3, 2, 1, 1, 1, 1, 3, 3, 1, -2, 1, -13 ] ], 
              [ [ 1, 3, 4, 3, 2, 3, 2, 1, 2, 2, 2, 4, 2, 0, 2, -1, 2, -15 ], [ 1, 1, 0, 1, 2, 1, 2, 3, 2, 2, 2, 0, 2, 4, 2, -3, 2, -13 ] ], 
              [ [ 1, 1, 2, 2, 2, 2, 2, 0, 3, 2, 2, 3, 2, 0, 1, -1, 2, -12 ], [ 1, 3, 2, 2, 2, 2, 2, 4, 1, 2, 2, 1, 2, 4, 3, -3, 2, -16 ] ], 
              [ [ 1, 1, 1, 4, 2, 2, 2, 3, 1, 4, 1, 4, 2, 2, 3, -3, 1, -15 ], [ 1, 3, 3, 0, 2, 2, 2, 1, 3, 0, 3, 0, 2, 2, 1, -1, 3, -13 ] ], 
              [ [ 1, 2, 1, 3, 1, 3, 1, 4, 2, 3, 1, 4, 3, 1, 2, -2, 1, -13 ], [ 1, 2, 3, 1, 3, 1, 3, 0, 2, 1, 3, 0, 1, 3, 2, -2, 3, -15 ] ], 
              [ [ 1, 3, 3, 2, 1, 1, 3, 1, 3, 1, 3, 3, 2, 0, 1, -1, 1, -13 ], [ 1, 1, 1, 2, 3, 3, 1, 3, 1, 3, 1, 1, 2, 4, 3, -3, 3, -15 ] ], 
              [ [ 1, 3, 3, 3, 1, 3, 1, 3, 1, 3, 1, 6, 3, 1, 3, -2, 1, -15 ], [ 1, 1, 1, 1, 3, 1, 3, 1, 3, 1, 3, -2, 1, 3, 1, -2, 3, -13 ] ], 
              [ [ 1, 2, 2, 3, 3, 3, 1, 2, 2, 4, 2, 4, 1, 1, 2, -2, 2, -15 ], [ 1, 2, 2, 1, 1, 1, 3, 2, 2, 0, 2, 0, 3, 3, 2, -2, 2, -13 ] ], 
              [ [ 1, 1, 0, 4, 2, 1, 2, 3, 2, 2, 2, 2, 2, 1, 2, -2, 2, -13 ], [ 1, 3, 4, 0, 2, 3, 2, 1, 2, 2, 2, 2, 2, 3, 2, -2, 2, -15 ] ], 
              [ [ 1, 2, 4, 3, 1, 2, 3, 2, 1, 1, 1, 3, 3, 0, 1, -1, 1, -13 ], [ 1, 2, 0, 1, 3, 2, 1, 2, 3, 3, 3, 1, 1, 4, 3, -3, 3, -15 ] ], 
              [ [ 1, 2, 2, 3, 1, 1, 3, 2, 2, 0, 2, 3, 3, 1, 2, -2, 2, -14 ], [ 1, 2, 2, 1, 3, 3, 1, 2, 2, 4, 2, 1, 1, 3, 2, -2, 2, -14 ] ], 
              [ [ 1, 2, 2, 4, 2, 1, 2, 2, 1, 2, 2, 4, 2, 1, 3, -2, 2, -15 ], [ 1, 2, 2, 0, 2, 3, 2, 2, 3, 2, 2, 0, 2, 3, 1, -2, 2, -13 ] ], 
              [ [ 1, 2, 2, 3, 0, 2, 1, 2, 3, 2, 2, 3, 1, 0, 3, -1, 2, -11 ], [ 1, 2, 2, 1, 4, 2, 3, 2, 1, 2, 2, 1, 3, 4, 1, -3, 2, -17 ] ], 
              [ [ 1, 2, 2, 3, 3, 2, 3, 2, 1, 2, 2, 3, 4, 0, 1, -1, 2, -15 ], [ 1, 2, 2, 1, 1, 2, 1, 2, 3, 2, 2, 1, 0, 4, 3, -3, 2, -13 ] ], 
              [ [ 1, 2, 2, 3, 2, 2, 3, 2, 3, 2, 2, 2, 2, 0, 2, -1, 2, -14 ], [ 1, 2, 2, 1, 2, 2, 1, 2, 1, 2, 2, 2, 2, 4, 2, -3, 2, -14 ] ], 
              [ [ 1, 3, 3, 1, 1, 3, 3, 1, 3, 1, 3, 3, 3, -2, 1, 1, 1, -11 ], [ 1, 1, 1, 3, 3, 1, 1, 3, 1, 3, 1, 1, 1, 6, 3, -5, 3, -17 ] ], 
              [ [ 1, 3, 2, 3, 1, 2, 1, 3, 2, 1, 2, 4, 3, 0, 2, -1, 2, -13 ], [ 1, 1, 2, 1, 3, 2, 3, 1, 2, 3, 2, 0, 1, 4, 2, -3, 2, -15 ] ], 
              [ [ 1, 1, 1, 3, 3, 1, 3, 1, 3, 1, 3, 1, 1, 1, 1, -2, 3, -14 ], [ 1, 3, 3, 1, 1, 3, 1, 3, 1, 3, 1, 3, 3, 3, 3, -2, 1, -14 ] ], 
              [ [ 1, 1, 1, 4, 3, 3, 1, 3, 1, 3, 1, 4, 2, 2, 3, -3, 3, -16 ], [ 1, 3, 3, 0, 1, 1, 3, 1, 3, 1, 3, 0, 2, 2, 1, -1, 1, -12 ] ], 
              [ [ 1, 1, 1, 4, 4, 1, 2, 1, 2, 3, 3, 2, 0, 1, 2, -2, 3, -15 ], [ 1, 3, 3, 0, 0, 3, 2, 3, 2, 1, 1, 2, 4, 3, 2, -2, 1, -13 ] ], 
              [ [ 1, 2, 3, 3, 3, 1, 3, 0, 2, 1, 3, 3, 1, 1, 2, -2, 3, -16 ], [ 1, 2, 1, 1, 1, 3, 1, 4, 2, 3, 1, 1, 3, 3, 2, -2, 1, -12 ] ], 
              [ [ 1, 3, 3, 2, 2, 2, 2, 1, 3, 0, 3, 3, 2, 0, 1, -1, 3, -14 ], [ 1, 1, 1, 2, 2, 2, 2, 3, 1, 4, 1, 1, 2, 4, 3, -3, 1, -14 ] ], 
              [ [ 1, 3, 2, 4, 2, 2, 2, 4, 1, 2, 2, 4, 2, 2, 3, -3, 2, -17 ], [ 1, 1, 2, 0, 2, 2, 2, 0, 3, 2, 2, 0, 2, 2, 1, -1, 2, -11 ] ], 
              [ [ 1, 2, 2, 2, 1, 2, 2, 2, 2, 3, 2, 2, 2, 2, 1, -2, 0, -12 ], [ 1, 2, 2, 2, 3, 2, 2, 2, 2, 1, 2, 2, 2, 2, 3, -2, 4, -16 ] ], 
              [ [ 1, 3, 3, 3, 1, 2, 1, 3, 2, 3, 1, 3, 2, 3, 2, -3, 1, -15 ], [ 1, 1, 1, 1, 3, 2, 3, 1, 2, 1, 3, 1, 2, 1, 2, -1, 3, -13 ] ], 
              [ [ 1, 0, 1, 4, 3, 1, 1, 1, 2, 3, 1, 1, 1, 3, 2, -3, 3, -14 ], [ 1, 4, 3, 0, 1, 3, 3, 3, 2, 1, 3, 3, 3, 1, 2, -1, 1, -14 ] ], 
              [ [ 1, 1, 1, 3, 2, 3, 2, 3, 2, 4, 1, 1, 2, 2, 2, -2, 1, -13 ], [ 1, 3, 3, 1, 2, 1, 2, 1, 2, 0, 3, 3, 2, 2, 2, -2, 3, -15 ] ], 
              [ [ 1, 1, 3, 3, 2, 1, 2, 0, 2, 1, 1, 2, 2, 3, 2, -3, 3, -15 ], [ 1, 3, 1, 1, 2, 3, 2, 4, 2, 3, 3, 2, 2, 1, 2, -1, 1, -13 ] ], 
              [ [ 1, 2, 3, 2, 1, 3, 3, 2, 2, 2, 1, 2, 3, 2, 2, -2, 1, -14 ], [ 1, 2, 1, 2, 3, 1, 1, 2, 2, 2, 3, 2, 1, 2, 2, -2, 3, -14 ] ], 
              [ [ 1, 2, 2, 4, 1, 2, 1, 4, 1, 2, 0, 3, 3, 4, 3, -4, 2, -16 ], [ 1, 2, 2, 0, 3, 2, 3, 0, 3, 2, 4, 1, 1, 0, 1, 0, 2, -12 ] ], 
              [ [ 1, 2, 2, 4, 2, 0, 2, 2, 2, 2, 2, 1, 1, 3, 2, -3, 2, -15 ], [ 1, 2, 2, 0, 2, 4, 2, 2, 2, 2, 2, 3, 3, 1, 2, -1, 2, -13 ] ], 
              [ [ 1, 1, 3, 3, 3, 2, 3, 1, 2, 2, 2, 1, 1, 2, 2, -2, 2, -15 ], [ 1, 3, 1, 1, 1, 2, 1, 3, 2, 2, 2, 3, 3, 2, 2, -2, 2, -13 ] ], 
              [ [ 1, 3, 3, 2, 1, 1, 2, 1, 2, 1, 3, 2, 2, 1, 1, -1, 1, -12 ], [ 1, 1, 1, 2, 3, 3, 2, 3, 2, 3, 1, 2, 2, 3, 3, -3, 3, -16 ] ], 
              [ [ 1, 3, 3, 2, 3, 1, 4, 1, 2, 1, 3, 1, 3, 1, 0, -1, 1, -15 ], [ 1, 1, 1, 2, 1, 3, 0, 3, 2, 3, 1, 3, 1, 3, 4, -3, 3, -13 ] ], 
              [ [ 1, 4, 2, 3, 2, 0, 0, 2, 3, 2, 2, 2, 2, 2, 1, -2, 2, -14 ], [ 1, 0, 2, 1, 2, 4, 4, 2, 1, 2, 2, 2, 2, 2, 3, -2, 2, -14 ] ], 
              [ [ 1, 3, 3, 3, 2, 2, 2, 3, 1, 2, 3, 2, 2, 2, 1, -2, 0, -14 ], [ 1, 1, 1, 1, 2, 2, 2, 1, 3, 2, 1, 2, 2, 2, 3, -2, 4, -14 ] ], 
              [ [ 1, 2, 2, 3, 2, 2, 3, 2, 3, 2, 2, 2, 2, 2, 4, -2, 2, -16 ], [ 1, 2, 2, 1, 2, 2, 1, 2, 1, 2, 2, 2, 2, 2, 0, -2, 2, -12 ] ], 
              [ [ 1, 2, 3, 3, 2, 3, 2, 2, 1, 4, 1, 3, 2, 2, 3, -2, 1, -15 ], [ 1, 2, 1, 1, 2, 1, 2, 2, 3, 0, 3, 1, 2, 2, 1, -2, 3, -13 ] ], 
              [ [ 1, 2, 2, 2, 1, 3, 2, 2, 3, 2, 2, 2, 3, 1, 3, -1, 2, -13 ], [ 1, 2, 2, 2, 3, 1, 2, 2, 1, 2, 2, 2, 1, 3, 1, -3, 2, -15 ] ], 
              [ [ 1, 2, 2, 3, 1, 2, 1, 2, 3, 3, 0, 2, 2, 2, 3, -2, 3, -14 ], [ 1, 2, 2, 1, 3, 2, 3, 2, 1, 1, 4, 2, 2, 2, 1, -2, 1, -14 ] ], 
              [ [ 1, 1, 3, 3, 1, 4, 3, 3, 1, 3, 1, 2, 2, 2, 3, -2, 1, -14 ], [ 1, 3, 1, 1, 3, 0, 1, 1, 3, 1, 3, 2, 2, 2, 1, -2, 3, -14 ] ], 
              [ [ 1, 3, 3, 2, 1, 4, 1, 3, 2, 3, 1, 3, 3, 1, 2, -1, 1, -13 ], [ 1, 1, 1, 2, 3, 0, 3, 1, 2, 1, 3, 1, 1, 3, 2, -3, 3, -15 ] ], 
              [ [ 1, 1, 1, 3, 3, 1, 3, 1, 3, 1, 3, 1, 1, 3, 3, -3, 3, -16 ], [ 1, 3, 3, 1, 1, 3, 1, 3, 1, 3, 1, 3, 3, 1, 1, -1, 1, -12 ] ], 
              [ [ 1, 1, 2, 3, 3, 2, 2, 1, 1, 3, 2, 2, 1, 3, 2, -3, 2, -15 ], [ 1, 3, 2, 1, 1, 2, 2, 3, 3, 1, 2, 2, 3, 1, 2, -1, 2, -13 ] ], 
              [ [ 1, 1, 1, 3, 2, 1, 1, 1, 3, 2, 1, 1, 1, 3, 2, -3, 4, -14 ], [ 1, 3, 3, 1, 2, 3, 3, 3, 1, 2, 3, 3, 3, 1, 2, -1, 0, -14 ] ], 
              [ [ 1, 0, 2, 3, 2, 3, 3, 2, 1, 2, 2, 1, 1, 3, 2, -3, 2, -14 ], [ 1, 4, 2, 1, 2, 1, 1, 2, 3, 2, 2, 3, 3, 1, 2, -1, 2, -14 ] ], 
              [ [ 1, 1, 1, 4, 3, 2, 1, 3, 2, 3, 1, 1, 1, 4, 2, -4, 3, -16 ], [ 1, 3, 3, 0, 1, 2, 3, 1, 2, 1, 3, 3, 3, 0, 2, 0, 1, -12 ] ], 
              [ [ 1, 3, 1, 3, 2, 1, 2, 3, 2, 1, 4, 2, 2, 3, 2, -3, 1, -15 ], [ 1, 1, 3, 1, 2, 3, 2, 1, 2, 3, 0, 2, 2, 1, 2, -1, 3, -13 ] ], 
              [ [ 1, 2, 2, 2, 2, 2, 4, 2, 1, 1, 3, 1, 3, 2, 0, -2, 1, -14 ], [ 1, 2, 2, 2, 2, 2, 0, 2, 3, 3, 1, 3, 1, 2, 4, -2, 3, -14 ] ], 
              [ [ 1, 3, 1, 3, 1, 1, 0, 3, 2, 2, 2, 2, 2, 3, 1, -3, 2, -13 ], [ 1, 1, 3, 1, 3, 3, 4, 1, 2, 2, 2, 2, 2, 1, 3, -1, 2, -15 ] ], 
              [ [ 1, 2, 2, 3, 3, 2, 2, 2, 2, 2, 2, 2, 1, 3, 2, -3, 2, -16 ], [ 1, 2, 2, 1, 1, 2, 2, 2, 2, 2, 2, 2, 3, 1, 2, -1, 2, -12 ] ], 
              [ [ 1, 2, 2, 2, 2, 3, 1, 2, 2, 2, 2, 2, 2, 2, 1, -2, 2, -13 ], [ 1, 2, 2, 2, 2, 1, 3, 2, 2, 2, 2, 2, 2, 2, 3, -2, 2, -15 ] ], 
              [ [ 1, 1, 1, 3, 1, 3, 3, 3, 2, 2, 2, 2, 2, 3, 4, -3, 2, -15 ], [ 1, 3, 3, 1, 3, 1, 1, 1, 2, 2, 2, 2, 2, 1, 0, -1, 2, -13 ] ], 
              [ [ 1, 3, 1, 2, 1, 3, 1, 3, 3, 2, 2, 3, 3, 2, 3, -2, 2, -14 ], [ 1, 1, 3, 2, 3, 1, 3, 1, 1, 2, 2, 1, 1, 2, 1, -2, 2, -14 ] ], 
              [ [ 1, 3, 1, 2, 2, 1, 2, 1, 4, 2, 4, 1, 1, 1, 2, -1, 2, -13 ], [ 1, 1, 3, 2, 2, 3, 2, 3, 0, 2, 0, 3, 3, 3, 2, -3, 2, -15 ] ], 
              [ [ 1, 2, 2, 3, 3, 2, 3, 2, 0, 3, 3, 2, 2, 2, 1, -2, 1, -15 ], [ 1, 2, 2, 1, 1, 2, 1, 2, 4, 1, 1, 2, 2, 2, 3, -2, 3, -13 ] ], 
              [ [ 1, 2, 3, 4, 3, 2, 1, 2, 1, 3, 1, 3, 1, 4, 3, -4, 3, -18 ], [ 1, 2, 1, 0, 1, 2, 3, 2, 3, 1, 3, 1, 3, 0, 1, 0, 1, -10 ] ], 
              [ [ 1, 4, 3, 2, 1, 2, 2, 3, 2, 1, 3, 2, 2, 2, 1, -2, 1, -14 ], [ 1, 0, 1, 2, 3, 2, 2, 1, 2, 3, 1, 2, 2, 2, 3, -2, 3, -14 ] ], 
              [ [ 1, 2, 2, 2, 1, 2, 3, 2, 3, 0, 2, 0, 3, 1, 1, -1, 2, -12 ], [ 1, 2, 2, 2, 3, 2, 1, 2, 1, 4, 2, 4, 1, 3, 3, -3, 2, -16 ] ], 
              [ [ 1, 2, 2, 3, 2, 2, 2, 2, 2, 2, 2, 1, 2, 1, 2, -1, 2, -13 ], [ 1, 2, 2, 1, 2, 2, 2, 2, 2, 2, 2, 3, 2, 3, 2, -3, 2, -15 ] ], 
              [ [ 1, 1, 1, 3, 3, 1, 2, 1, 2, 1, 3, 0, 1, 2, 1, -2, 3, -13 ], [ 1, 3, 3, 1, 1, 3, 2, 3, 2, 3, 1, 4, 3, 2, 3, -2, 1, -15 ] ], 
              [ [ 1, 2, 0, 3, 2, 1, 2, 2, 3, 1, 3, 1, 2, 2, 3, -2, 3, -14 ], [ 1, 2, 4, 1, 2, 3, 2, 2, 1, 3, 1, 3, 2, 2, 1, -2, 1, -14 ] ], 
              [ [ 1, 1, 1, 3, 1, 3, 2, 3, 1, 2, 2, 1, 2, 2, 2, -2, 2, -12 ], [ 1, 3, 3, 1, 3, 1, 2, 1, 3, 2, 2, 3, 2, 2, 2, -2, 2, -16 ] ], 
              [ [ 1, 2, 3, 3, 1, 2, 2, 2, 2, 1, 1, 1, 3, 2, 2, -2, 3, -14 ], [ 1, 2, 1, 1, 3, 2, 2, 2, 2, 3, 3, 3, 1, 2, 2, -2, 1, -14 ] ], 
              [ [ 1, 3, 4, 2, 1, 2, 3, 1, 2, 0, 2, 2, 3, 1, 2, -1, 2, -14 ], [ 1, 1, 0, 2, 3, 2, 1, 3, 2, 4, 2, 2, 1, 3, 2, -3, 2, -14 ] ], 
              [ [ 1, 2, 3, 2, 3, 2, 3, 0, 3, 1, 3, 0, 1, 1, 1, -1, 3, -14 ], [ 1, 2, 1, 2, 1, 2, 1, 4, 1, 3, 1, 4, 3, 3, 3, -3, 1, -14 ] ], 
              [ [ 1, 2, 2, 4, 3, 1, 1, 2, 2, 1, 2, 1, 1, 3, 2, -3, 4, -16 ], [ 1, 2, 2, 0, 1, 3, 3, 2, 2, 3, 2, 3, 3, 1, 2, -1, 0, -12 ] ], 
              [ [ 1, 3, 2, 2, 1, 2, 2, 2, 3, 1, 2, 1, 2, 1, 2, -1, 3, -13 ], [ 1, 1, 2, 2, 3, 2, 2, 2, 1, 3, 2, 3, 2, 3, 2, -3, 1, -15 ] ], 
              [ [ 1, 3, 2, 3, 2, 3, 2, 4, 2, 2, 2, 1, 2, 2, 2, -2, 2, -15 ], [ 1, 1, 2, 1, 2, 1, 2, 0, 2, 2, 2, 3, 2, 2, 2, -2, 2, -13 ] ], 
              [ [ 1, 0, 1, 2, 2, 2, 2, 1, 2, 4, 1, 2, 2, 2, 2, -2, 1, -12 ], [ 1, 4, 3, 2, 2, 2, 2, 3, 2, 0, 3, 2, 2, 2, 2, -2, 3, -16 ] ], 
              [ [ 1, 2, 3, 2, 2, 1, 2, 1, 1, 2, 3, 3, 2, 2, 1, -2, 0, -13 ], [ 1, 2, 1, 2, 2, 3, 2, 3, 3, 2, 1, 1, 2, 2, 3, -2, 4, -15 ] ], 
              [ [ 1, 3, 1, 2, 2, 1, 2, 3, 3, 3, 3, 2, 3, 2, 2, -2, 0, -14 ], [ 1, 1, 3, 2, 2, 3, 2, 1, 1, 1, 1, 2, 1, 2, 2, -2, 4, -14 ] ], 
              [ [ 1, 2, 2, 2, 1, 1, 3, 2, 2, 3, 2, 2, 2, 2, 2, -2, 0, -13 ], [ 1, 2, 2, 2, 3, 3, 1, 2, 2, 1, 2, 2, 2, 2, 2, -2, 4, -15 ] ], 
              [ [ 1, 1, 3, 1, 2, 3, 4, 1, 2, 3, 2, 2, 2, 1, 2, -1, 0, -13 ], [ 1, 3, 1, 3, 2, 1, 0, 3, 2, 1, 2, 2, 2, 3, 2, -3, 4, -15 ] ], 
              [ [ 1, 2, 2, 2, 1, 2, 0, 2, 3, 4, 1, 3, 1, 2, 3, -2, 1, -12 ], [ 1, 2, 2, 2, 3, 2, 4, 2, 1, 0, 3, 1, 3, 2, 1, -2, 3, -16 ] ], 
              [ [ 1, 2, 2, 2, 3, 2, 2, 2, 3, 4, 1, 2, 2, 2, 2, -2, 1, -15 ], [ 1, 2, 2, 2, 1, 2, 2, 2, 1, 0, 3, 2, 2, 2, 2, -2, 3, -13 ] ], 
              [ [ 1, 1, 2, 2, 2, 3, 2, 2, 2, 3, 2, 3, 3, 2, 3, -2, 1, -14 ], [ 1, 3, 2, 2, 2, 1, 2, 2, 2, 1, 2, 1, 1, 2, 1, -2, 3, -14 ] ], 
              [ [ 1, 0, 3, 2, 1, 3, 3, 1, 1, 3, 1, 3, 2, 2, 3, -2, 1, -13 ], [ 1, 4, 1, 2, 3, 1, 1, 3, 3, 1, 3, 1, 2, 2, 1, -2, 3, -15 ] ], 
              [ [ 1, 1, 2, 3, 2, 2, 2, 3, 1, 3, 1, 3, 2, 3, 3, -3, 1, -15 ], [ 1, 3, 2, 1, 2, 2, 2, 1, 3, 1, 3, 1, 2, 1, 1, -1, 3, -13 ] ], 
              [ [ 1, 1, 2, 3, 2, 2, 1, 2, 2, 4, 0, 3, 2, 3, 3, -3, 2, -15 ], [ 1, 3, 2, 1, 2, 2, 3, 2, 2, 0, 4, 1, 2, 1, 1, -1, 2, -13 ] ], 
              [ [ 1, 4, 2, 1, 1, 1, 1, 2, 3, 3, 2, 3, 3, 1, 1, -1, 0, -12 ], [ 1, 0, 2, 3, 3, 3, 3, 2, 1, 1, 2, 1, 1, 3, 3, -3, 4, -16 ] ], 
              [ [ 1, 3, 2, 2, 2, 1, 3, 3, 1, 2, 2, 3, 4, 2, 1, -2, 0, -15 ], [ 1, 1, 2, 2, 2, 3, 1, 1, 3, 2, 2, 1, 0, 2, 3, -2, 4, -13 ] ], 
              [ [ 1, 3, 3, 1, 1, 3, 3, 3, 1, 3, 3, 3, 3, 1, 1, -1, -2, -12 ], [ 1, 1, 1, 3, 3, 1, 1, 1, 3, 1, 1, 1, 1, 3, 3, -3, 6, -16 ] ], 
              [ [ 1, 3, 2, 1, 0, 2, 2, 3, 3, 2, 2, 2, 3, 1, 1, -1, 0, -11 ], [ 1, 1, 2, 3, 4, 2, 2, 1, 1, 2, 2, 2, 1, 3, 3, -3, 4, -17 ] ], 
              [ [ 1, 2, 3, 1, 1, 3, 1, 1, 2, 3, 1, 4, 3, 1, 2, -1, 1, -12 ], [ 1, 2, 1, 3, 3, 1, 3, 3, 2, 1, 3, 0, 1, 3, 2, -3, 3, -16 ] ], 
              [ [ 1, 0, 1, 3, 3, 1, 1, 1, 2, 3, 1, 2, 1, 4, 2, -4, 3, -15 ], [ 1, 4, 3, 1, 1, 3, 3, 3, 2, 1, 3, 2, 3, 0, 2, 0, 1, -13 ] ], 
              [ [ 1, 1, 1, 2, 2, 3, 2, 3, 2, 4, 1, 2, 2, 3, 2, -3, 1, -14 ], [ 1, 3, 3, 2, 2, 1, 2, 1, 2, 0, 3, 2, 2, 1, 2, -1, 3, -14 ] ], 
              [ [ 1, 2, 1, 2, 3, 1, 2, 1, 3, 3, 4, 2, 1, 2, 2, -2, 1, -14 ], [ 1, 2, 3, 2, 1, 3, 2, 3, 1, 1, 0, 2, 3, 2, 2, -2, 3, -14 ] ], 
              [ [ 1, 2, 1, 3, 3, 0, 2, 2, 2, 3, 3, 2, 0, 3, 2, -3, 1, -15 ], [ 1, 2, 3, 1, 1, 4, 2, 2, 2, 1, 1, 2, 4, 1, 2, -1, 3, -13 ] ], 
              [ [ 1, 2, 1, 2, 2, 1, 1, 2, 2, 3, 3, 2, 1, 2, 1, -2, 1, -12 ], [ 1, 2, 3, 2, 2, 3, 3, 2, 2, 1, 1, 2, 3, 2, 3, -2, 3, -16 ] ], 
              [ [ 1, 2, 1, 2, 4, 1, 3, 2, 2, 3, 3, 1, 2, 2, 0, -2, 1, -15 ], [ 1, 2, 3, 2, 0, 3, 1, 2, 2, 1, 1, 3, 2, 2, 4, -2, 3, -13 ] ], 
              [ [ 1, 1, 0, 3, 3, 2, 2, 3, 3, 4, 2, 2, 1, 3, 4, -3, 2, -16 ], [ 1, 3, 4, 1, 1, 2, 2, 1, 1, 0, 2, 2, 3, 1, 0, -1, 2, -12 ] ], 
              [ [ 1, 1, 1, 3, 3, 3, 1, 3, 1, 6, 1, 3, 1, 3, 3, -3, 1, -15 ], [ 1, 3, 3, 1, 1, 1, 3, 1, 3, -2, 3, 1, 3, 1, 1, -1, 3, -13 ] ], 
              [ [ 1, 3, 0, 2, 1, 1, 1, 3, 3, 3, 3, 3, 2, 2, 3, -2, 1, -13 ], [ 1, 1, 4, 2, 3, 3, 3, 1, 1, 1, 1, 1, 2, 2, 1, -2, 3, -15 ] ], 
              [ [ 1, 2, 1, 1, 2, 3, 2, 2, 3, 3, 3, 3, 2, 1, 3, -1, 1, -13 ], [ 1, 2, 3, 3, 2, 1, 2, 2, 1, 1, 1, 1, 2, 3, 1, -3, 3, -15 ] ], 
              [ [ 1, 2, 1, 2, 2, 2, 1, 2, 3, 4, 1, 3, 1, 2, 3, -2, 2, -14 ], [ 1, 2, 3, 2, 2, 2, 3, 2, 1, 0, 3, 1, 3, 2, 1, -2, 2, -14 ] ], 
              [ [ 1, 1, 2, 2, 2, 4, 3, 3, 1, 4, 2, 3, 1, 2, 3, -2, 0, -14 ], [ 1, 3, 2, 2, 2, 0, 1, 1, 3, 0, 2, 1, 3, 2, 1, -2, 4, -14 ] ], 
              [ [ 1, 2, 4, 2, 2, 3, 3, 2, 2, 3, 1, 3, 2, 2, 3, -2, 1, -16 ], [ 1, 2, 0, 2, 2, 1, 1, 2, 2, 1, 3, 1, 2, 2, 1, -2, 3, -12 ] ], 
              [ [ 1, 4, 4, 1, 0, 2, 2, 2, 2, 2, 2, 4, 3, 1, 2, -1, 0, -13 ], [ 1, 0, 0, 3, 4, 2, 2, 2, 2, 2, 2, 0, 1, 3, 2, -3, 4, -15 ] ], 
              [ [ 1, 2, 2, 3, 2, 0, 2, 2, 2, 2, 2, 2, 1, 4, 2, -4, 2, -16 ], [ 1, 2, 2, 1, 2, 4, 2, 2, 2, 2, 2, 2, 3, 0, 2, 0, 2, -12 ] ], 
              [ [ 1, 1, 3, 2, 3, 2, 3, 1, 2, 2, 2, 2, 1, 3, 2, -3, 2, -16 ], [ 1, 3, 1, 2, 1, 2, 1, 3, 2, 2, 2, 2, 3, 1, 2, -1, 2, -12 ] ], 
              [ [ 1, 3, 3, 1, 1, 1, 2, 1, 2, 1, 3, 3, 2, 2, 1, -2, 1, -13 ], [ 1, 1, 1, 3, 3, 3, 2, 3, 2, 3, 1, 1, 2, 2, 3, -2, 3, -15 ] ], 
              [ [ 1, 3, 3, 1, 3, 1, 4, 1, 2, 1, 3, 2, 3, 2, 0, -2, 1, -16 ], [ 1, 1, 1, 3, 1, 3, 0, 3, 2, 3, 1, 2, 1, 2, 4, -2, 3, -12 ] ], 
              [ [ 1, 4, 2, 2, 2, 0, 0, 2, 3, 2, 2, 3, 2, 3, 1, -3, 2, -15 ], [ 1, 0, 2, 2, 2, 4, 4, 2, 1, 2, 2, 1, 2, 1, 3, -1, 2, -13 ] ], 
              [ [ 1, 3, 3, 2, 2, 2, 2, 3, 1, 2, 3, 3, 2, 3, 1, -3, 0, -15 ], [ 1, 1, 1, 2, 2, 2, 2, 1, 3, 2, 1, 1, 2, 1, 3, -1, 4, -13 ] ], 
              [ [ 1, 2, 2, 2, 2, 2, 3, 2, 3, 2, 2, 3, 2, 3, 4, -3, 2, -17 ], [ 1, 2, 2, 2, 2, 2, 1, 2, 1, 2, 2, 1, 2, 1, 0, -1, 2, -11 ] ], 
              [ [ 1, 2, 3, 2, 2, 3, 2, 2, 1, 4, 1, 4, 2, 3, 3, -3, 1, -16 ], [ 1, 2, 1, 2, 2, 1, 2, 2, 3, 0, 3, 0, 2, 1, 1, -1, 3, -12 ] ], 
              [ [ 1, 2, 2, 1, 1, 3, 2, 2, 3, 2, 2, 3, 3, 2, 3, -2, 2, -14 ], [ 1, 2, 2, 3, 3, 1, 2, 2, 1, 2, 2, 1, 1, 2, 1, -2, 2, -14 ] ], 
              [ [ 1, 2, 2, 2, 1, 2, 1, 2, 3, 3, 0, 3, 2, 3, 3, -3, 3, -15 ], [ 1, 2, 2, 2, 3, 2, 3, 2, 1, 1, 4, 1, 2, 1, 1, -1, 1, -13 ] ], 
              [ [ 1, 1, 3, 2, 1, 4, 3, 3, 1, 3, 1, 3, 2, 3, 3, -3, 1, -15 ], [ 1, 3, 1, 2, 3, 0, 1, 1, 3, 1, 3, 1, 2, 1, 1, -1, 3, -13 ] ], 
              [ [ 1, 3, 3, 1, 1, 4, 1, 3, 2, 3, 1, 4, 3, 2, 2, -2, 1, -14 ], [ 1, 1, 1, 3, 3, 0, 3, 1, 2, 1, 3, 0, 1, 2, 2, -2, 3, -14 ] ], 
              [ [ 1, 3, 3, 2, 4, 1, 3, 1, 1, 3, 3, 3, 2, 2, 1, -2, 1, -17 ], [ 1, 1, 1, 2, 0, 3, 1, 3, 3, 1, 1, 1, 2, 2, 3, -2, 3, -11 ] ], 
              [ [ 1, 3, 3, 1, 2, 2, 2, 1, 3, 3, 3, 2, 1, 1, 1, -1, 1, -13 ], [ 1, 1, 1, 3, 2, 2, 2, 3, 1, 1, 1, 2, 3, 3, 3, -3, 3, -15 ] ], 
              [ [ 1, 3, 1, 1, 2, 1, 2, 1, 4, 2, 4, 2, 1, 2, 2, -2, 2, -14 ], [ 1, 1, 3, 3, 2, 3, 2, 3, 0, 2, 0, 2, 3, 2, 2, -2, 2, -14 ] ], 
              [ [ 1, 2, 2, 2, 3, 2, 3, 2, 0, 3, 3, 3, 2, 3, 1, -3, 1, -16 ], [ 1, 2, 2, 2, 1, 2, 1, 2, 4, 1, 1, 1, 2, 1, 3, -1, 3, -12 ] ], 
              [ [ 1, 0, 2, 2, 2, 2, 3, 1, 1, 2, 2, 1, 3, 2, 1, -2, 1, -12 ], [ 1, 4, 2, 2, 2, 2, 1, 3, 3, 2, 2, 3, 1, 2, 3, -2, 3, -16 ] ], 
              [ [ 1, 1, 2, 1, 1, 1, 3, 0, 3, 0, 2, 1, 3, 1, 1, -1, 2, -11 ], [ 1, 3, 2, 3, 3, 3, 1, 4, 1, 4, 2, 3, 1, 3, 3, -3, 2, -17 ] ], 
              [ [ 1, 1, 2, 2, 0, 2, 1, 2, 2, 1, 2, 2, 2, 2, 2, -2, 1, -10 ], [ 1, 3, 2, 2, 4, 2, 3, 2, 2, 3, 2, 2, 2, 2, 2, -2, 3, -18 ] ], 
              [ [ 1, 1, 2, 2, 2, 2, 3, 2, 2, 1, 2, 1, 3, 2, 1, -2, 1, -13 ], [ 1, 3, 2, 2, 2, 2, 1, 2, 2, 3, 2, 3, 1, 2, 3, -2, 3, -15 ] ], 
              [ [ 1, 2, 1, 2, 0, 2, 2, 4, 2, 1, 1, 2, 4, 2, 2, -2, 1, -12 ], [ 1, 2, 3, 2, 4, 2, 2, 0, 2, 3, 3, 2, 0, 2, 2, -2, 3, -16 ] ], 
              [ [ 1, 1, 2, 2, 2, 1, 2, 0, 2, 2, 2, 2, 2, 1, 2, -1, 2, -12 ], [ 1, 3, 2, 2, 2, 3, 2, 4, 2, 2, 2, 2, 2, 3, 2, -3, 2, -16 ] ], 
              [ [ 1, 1, 2, 3, 3, 2, 2, 2, 1, 3, 2, 2, 2, 2, 2, -2, 1, -14 ], [ 1, 3, 2, 1, 1, 2, 2, 2, 3, 1, 2, 2, 2, 2, 2, -2, 3, -14 ] ], 
              [ [ 1, 2, 2, 1, 1, 3, 3, 2, 2, 3, 2, 2, 3, 0, 2, 0, 0, -11 ], [ 1, 2, 2, 3, 3, 1, 1, 2, 2, 1, 2, 2, 1, 4, 2, -4, 4, -17 ] ], 
              [ [ 1, 2, 1, 3, 1, 2, 1, 4, 1, 3, 1, 3, 3, 2, 3, -2, 1, -13 ], [ 1, 2, 3, 1, 3, 2, 3, 0, 3, 1, 3, 1, 1, 2, 1, -2, 3, -15 ] ], 
              [ [ 1, 0, 1, 3, 4, 1, 2, 1, 1, 2, 3, 1, 1, 3, 1, -3, 2, -14 ], [ 1, 4, 3, 1, 0, 3, 2, 3, 3, 2, 1, 3, 3, 1, 3, -1, 2, -14 ] ], 
              [ [ 1, 0, 0, 3, 3, 1, 3, 2, 2, 3, 2, 0, 1, 3, 2, -3, 2, -14 ], [ 1, 4, 4, 1, 1, 3, 1, 2, 2, 1, 2, 4, 3, 1, 2, -1, 2, -14 ] ], 
              [ [ 1, -2, 1, 3, 3, 3, 3, 1, 1, 3, 1, 1, 1, 3, 3, -3, 3, -14 ], [ 1, 6, 3, 1, 1, 1, 1, 3, 3, 1, 3, 3, 3, 1, 1, -1, 1, -14 ] ], 
              [ [ 1, 1, 0, 3, 3, 1, 2, 2, 2, 2, 3, 2, 2, 3, 3, -3, 2, -15 ], [ 1, 3, 4, 1, 1, 3, 2, 2, 2, 2, 1, 2, 2, 1, 1, -1, 2, -13 ] ], 
              [ [ 1, 1, 1, 1, 2, 2, 3, 1, 2, 2, 3, 1, 2, 1, 1, -1, 1, -11 ], [ 1, 3, 3, 3, 2, 2, 1, 3, 2, 2, 1, 3, 2, 3, 3, -3, 3, -17 ] ], 
              [ [ 1, 2, 0, 2, 3, 1, 1, 2, 3, 3, 2, 1, 2, 2, 1, -2, 2, -13 ], [ 1, 2, 4, 2, 1, 3, 3, 2, 1, 1, 2, 3, 2, 2, 3, -2, 2, -15 ] ], 
              [ [ 1, 1, 0, 2, 2, 2, 1, 2, 2, 2, 3, 2, 3, 2, 2, -2, 2, -12 ], [ 1, 3, 4, 2, 2, 2, 3, 2, 2, 2, 1, 2, 1, 2, 2, -2, 2, -16 ] ], 
              [ [ 1, 1, 0, 2, 1, 2, 1, 2, 4, 2, 3, 1, 1, 2, 3, -2, 2, -11 ], [ 1, 3, 4, 2, 3, 2, 3, 2, 0, 2, 1, 3, 3, 2, 1, -2, 2, -17 ] ], 
              [ [ 1, 0, 1, 2, 1, 2, 2, 1, 1, 2, 2, 2, 2, 2, 2, -2, 2, -11 ], [ 1, 4, 3, 2, 3, 2, 2, 3, 3, 2, 2, 2, 2, 2, 2, -2, 2, -17 ] ], 
              [ [ 1, 1, 0, 3, 2, 1, 1, 3, 1, 2, 2, 2, 2, 3, 2, -3, 2, -13 ], [ 1, 3, 4, 1, 2, 3, 3, 1, 3, 2, 2, 2, 2, 1, 2, -1, 2, -15 ] ], 
              [ [ 1, 1, 0, 3, 1, 1, 1, 3, 3, 2, 2, 1, 0, 3, 3, -3, 2, -12 ], [ 1, 3, 4, 1, 3, 3, 3, 1, 1, 2, 2, 3, 4, 1, 1, -1, 2, -16 ] ], 
              [ [ 1, 0, 1, 2, 3, 2, 4, 1, 1, 2, 2, 1, 3, 2, 1, -2, 2, -14 ], [ 1, 4, 3, 2, 1, 2, 0, 3, 3, 2, 2, 3, 1, 2, 3, -2, 2, -14 ] ], 
              [ [ 1, 1, 0, 3, 4, 1, 3, 3, 1, 2, 2, 1, 3, 3, 1, -3, 2, -16 ], [ 1, 3, 4, 1, 0, 3, 1, 1, 3, 2, 2, 3, 1, 1, 3, -1, 2, -12 ] ], 
              [ [ 1, 1, 1, 2, 3, 3, 3, 3, 1, 3, 3, 1, 2, 2, 1, -2, 0, -13 ], [ 1, 3, 3, 2, 1, 1, 1, 1, 3, 1, 1, 3, 2, 2, 3, -2, 4, -15 ] ], 
              [ [ 1, 1, 0, 3, 2, 1, 0, 2, 2, 3, 1, 2, 2, 3, 2, -3, 3, -13 ], [ 1, 3, 4, 1, 2, 3, 4, 2, 2, 1, 3, 2, 2, 1, 2, -1, 1, -15 ] ], 
              [ [ 1, 0, 1, 3, 2, 3, 2, 3, 0, 3, 2, 2, 2, 3, 2, -3, 1, -13 ], [ 1, 4, 3, 1, 2, 1, 2, 1, 4, 1, 2, 2, 2, 1, 2, -1, 3, -15 ] ], 
              [ [ 1, 1, 0, 2, 2, 2, 2, 3, 3, 2, 2, 0, 2, 2, 1, -2, 2, -12 ], [ 1, 3, 4, 2, 2, 2, 2, 1, 1, 2, 2, 4, 2, 2, 3, -2, 2, -16 ] ], 
              [ [ 1, 0, 1, 2, 3, 3, 1, 1, 2, 3, 1, 2, 2, 2, 2, -2, 3, -13 ], [ 1, 4, 3, 2, 1, 1, 3, 3, 2, 1, 3, 2, 2, 2, 2, -2, 1, -15 ] ], 
              [ [ 1, 2, 1, 1, 2, 2, 3, 2, 3, 1, 3, 1, 2, 1, 1, -1, 1, -12 ], [ 1, 2, 3, 3, 2, 2, 1, 2, 1, 3, 1, 3, 2, 3, 3, -3, 3, -16 ] ], 
              [ [ 1, 1, 1, 2, 1, 2, 2, 2, 2, 1, 2, 2, 2, 2, 2, -2, 2, -12 ], [ 1, 3, 3, 2, 3, 2, 2, 2, 2, 3, 2, 2, 2, 2, 2, -2, 2, -16 ] ], 
              [ [ 1, 1, 0, 3, 3, 2, 1, 3, 2, 4, 2, 1, 1, 2, 2, -2, 2, -13 ], [ 1, 3, 4, 1, 1, 2, 3, 1, 2, 0, 2, 3, 3, 2, 2, -2, 2, -15 ] ], 
              [ [ 1, 2, 1, 2, 3, 2, 2, 2, 2, 3, 3, 2, 1, 1, 2, -1, 1, -13 ], [ 1, 2, 3, 2, 1, 2, 2, 2, 2, 1, 1, 2, 3, 3, 2, -3, 3, -15 ] ], 
              [ [ 1, 1, -2, 3, 3, 1, 1, 3, 3, 3, 3, 1, 1, 3, 3, -3, 3, -14 ], [ 1, 3, 6, 1, 1, 3, 3, 1, 1, 1, 1, 3, 3, 1, 1, -1, 1, -14 ] ], 
              [ [ 1, 1, 0, 2, 2, 3, 2, 3, 1, 3, 3, 2, 1, 2, 2, -2, 1, -12 ], [ 1, 3, 4, 2, 2, 1, 2, 1, 3, 1, 1, 2, 3, 2, 2, -2, 3, -16 ] ], 
              [ [ 1, 2, 3, 3, 2, 1, 2, 2, 2, 2, 2, 2, 1, 3, 3, -3, 1, -15 ], [ 1, 2, 1, 1, 2, 3, 2, 2, 2, 2, 2, 2, 3, 1, 1, -1, 3, -13 ] ], 
              [ [ 1, 2, 3, 1, 2, 1, 3, 0, 3, 1, 2, 1, 3, 1, 1, -1, 2, -13 ], [ 1, 2, 1, 3, 2, 3, 1, 4, 1, 3, 2, 3, 1, 3, 3, -3, 2, -15 ] ], 
              [ [ 1, 1, 3, 2, 1, 1, 2, 0, 2, 1, 1, 2, 3, 2, 2, -2, 3, -13 ], [ 1, 3, 1, 2, 3, 3, 2, 4, 2, 3, 3, 2, 1, 2, 2, -2, 1, -15 ] ], 
              [ [ 1, 2, 2, 3, 2, 0, 1, 2, 2, 1, 1, 2, 3, 3, 2, -3, 3, -15 ], [ 1, 2, 2, 1, 2, 4, 3, 2, 2, 3, 3, 2, 1, 1, 2, -1, 1, -13 ] ], 
              [ [ 1, 2, 2, 3, 1, 0, 1, 2, 4, 1, 1, 1, 1, 3, 3, -3, 3, -14 ], [ 1, 2, 2, 1, 3, 4, 3, 2, 0, 3, 3, 3, 3, 1, 1, -1, 1, -14 ] ], 
              [ [ 1, 2, 3, 2, 1, 2, 1, 2, 2, 2, 2, 2, 2, 2, 2, -2, 1, -12 ], [ 1, 2, 1, 2, 3, 2, 3, 2, 2, 2, 2, 2, 2, 2, 2, -2, 3, -16 ] ], 
              [ [ 1, 2, 3, 2, 3, 2, 3, 2, 2, 2, 2, 1, 3, 2, 1, -2, 1, -15 ], [ 1, 2, 1, 2, 1, 2, 1, 2, 2, 2, 2, 3, 1, 2, 3, -2, 3, -13 ] ], 
              [ [ 1, 1, 4, 2, 2, 2, 4, 1, 1, 2, 1, 1, 2, 2, 1, -2, 1, -14 ], [ 1, 3, 0, 2, 2, 2, 0, 3, 3, 2, 3, 3, 2, 2, 3, -2, 3, -14 ] ], 
              [ [ 1, 2, 3, 3, 1, 1, 0, 2, 2, 3, 0, 2, 1, 3, 2, -3, 2, -13 ], [ 1, 2, 1, 1, 3, 3, 4, 2, 2, 1, 4, 2, 3, 1, 2, -1, 2, -15 ] ], 
              [ [ 1, 1, 3, 3, 2, 2, 2, 2, 1, 2, 1, 2, 3, 3, 2, -3, 2, -15 ], [ 1, 3, 1, 1, 2, 2, 2, 2, 3, 2, 3, 2, 1, 1, 2, -1, 2, -13 ] ], 
              [ [ 1, 1, 3, 4, 2, 1, 2, 3, 0, 2, 0, 2, 2, 4, 2, -4, 2, -16 ], [ 1, 3, 1, 0, 2, 3, 2, 1, 4, 2, 4, 2, 2, 0, 2, 0, 2, -12 ] ], 
              [ [ 1, 4, 3, 1, 1, 1, 2, 2, 2, 1, 3, 2, 4, 1, 0, -1, 0, -12 ], [ 1, 0, 1, 3, 3, 3, 2, 2, 2, 3, 1, 2, 0, 3, 4, -3, 4, -16 ] ], 
              [ [ 1, 2, 4, 2, 2, 2, 3, 1, 1, 1, 2, 3, 3, 2, 2, -2, 1, -15 ], [ 1, 2, 0, 2, 2, 2, 1, 3, 3, 3, 2, 1, 1, 2, 2, -2, 3, -13 ] ], 
              [ [ 1, 3, 3, 1, 0, 1, 1, 1, 4, 0, 2, 2, 2, 1, 2, -1, 2, -11 ], [ 1, 1, 1, 3, 4, 3, 3, 3, 0, 4, 2, 2, 2, 3, 2, -3, 2, -17 ] ], 
              [ [ 1, 3, 3, 1, 2, 1, 3, 1, 4, 0, 2, 1, 3, 1, 1, -1, 2, -14 ], [ 1, 1, 1, 3, 2, 3, 1, 3, 0, 4, 2, 3, 1, 3, 3, -3, 2, -14 ] ], 
              [ [ 1, 3, 4, 1, 2, 2, 2, 1, 2, 2, 1, 2, 3, 1, 0, -1, 1, -13 ], [ 1, 1, 0, 3, 2, 2, 2, 3, 2, 2, 3, 2, 1, 3, 4, -3, 3, -15 ] ], 
              [ [ 1, 2, 3, 2, 1, 1, 2, 1, 3, 0, 1, 2, 3, 2, 2, -2, 3, -14 ], [ 1, 2, 1, 2, 3, 3, 2, 3, 1, 4, 3, 2, 1, 2, 2, -2, 1, -14 ] ], 
              [ [ 1, 2, 4, 1, 1, 3, 2, 1, 1, 1, 2, 3, 4, 1, 1, -1, 1, -12 ], [ 1, 2, 0, 3, 3, 1, 2, 3, 3, 3, 2, 1, 0, 3, 3, -3, 3, -16 ] ], 
              [ [ 1, 2, 4, 1, 0, 3, 2, 1, 3, 1, 2, 2, 2, 1, 2, -1, 1, -11 ], [ 1, 2, 0, 3, 4, 1, 2, 3, 1, 3, 2, 2, 2, 3, 2, -3, 3, -17 ] ], 
              [ [ 1, 3, 3, 2, 1, 2, 1, 3, 3, 1, 2, 2, 2, 2, 2, -2, 1, -13 ], [ 1, 1, 1, 2, 3, 2, 3, 1, 1, 3, 2, 2, 2, 2, 2, -2, 3, -15 ] ], 
              [ [ 1, 2, 4, 2, 1, 2, 2, 2, 0, 1, 1, 3, 3, 2, 1, -2, 1, -13 ], [ 1, 2, 0, 2, 3, 2, 2, 2, 4, 3, 3, 1, 1, 2, 3, -2, 3, -15 ] ], 
              [ [ 1, 2, 4, 2, 0, 2, 2, 2, 2, 1, 1, 2, 1, 2, 2, -2, 1, -12 ], [ 1, 2, 0, 2, 4, 2, 2, 2, 2, 3, 3, 2, 3, 2, 2, -2, 3, -16 ] ], 
              [ [ 1, 2, 4, 2, 3, 2, 4, 2, 0, 1, 1, 2, 4, 2, 0, -2, 1, -16 ], [ 1, 2, 0, 2, 1, 2, 0, 2, 4, 3, 3, 2, 0, 2, 4, -2, 3, -12 ] ], 
              [ [ 1, 2, 4, 2, 1, 2, 1, 1, 1, 2, 0, 3, 3, 2, 1, -2, 2, -13 ], [ 1, 2, 0, 2, 3, 2, 3, 3, 3, 2, 4, 1, 1, 2, 3, -2, 2, -15 ] ], 
              [ [ 1, 3, 3, 3, 2, 1, 0, 3, 1, 2, 0, 3, 3, 3, 1, -3, 2, -15 ], [ 1, 1, 1, 1, 2, 3, 4, 1, 3, 2, 4, 1, 1, 1, 3, -1, 2, -13 ] ], 
              [ [ 1, 2, 4, 1, 1, 3, 3, 2, 2, 1, 1, 1, 3, 1, 0, -1, 1, -12 ], [ 1, 2, 0, 3, 3, 1, 1, 2, 2, 3, 3, 3, 1, 3, 4, -3, 3, -16 ] ], 
              [ [ 1, 3, 2, 2, 0, 2, 1, 3, 3, 2, 2, 3, 3, 2, 4, -2, 1, -13 ], [ 1, 1, 2, 2, 4, 2, 3, 1, 1, 2, 2, 1, 1, 2, 0, -2, 3, -15 ] ], 
              [ [ 1, 2, 3, 1, 0, 3, 3, 2, 2, 2, 1, 2, 4, 1, 2, -1, 1, -12 ], [ 1, 2, 1, 3, 4, 1, 1, 2, 2, 2, 3, 2, 0, 3, 2, -3, 3, -16 ] ], 
              [ [ 1, 3, 2, 2, 1, 2, 2, 4, 2, 2, 1, 2, 4, 2, 2, -2, 1, -14 ], [ 1, 1, 2, 2, 3, 2, 2, 0, 2, 2, 3, 2, 0, 2, 2, -2, 3, -14 ] ], 
              [ [ 1, 2, 2, 3, 0, 2, 1, 4, 1, 2, 0, 3, 4, 3, 3, -3, 2, -14 ], [ 1, 2, 2, 1, 4, 2, 3, 0, 3, 2, 4, 1, 0, 1, 1, -1, 2, -14 ] ], 
              [ [ 1, 2, 3, 2, 1, 3, 1, 2, 3, 3, 0, 3, 2, 2, 4, -2, 2, -14 ], [ 1, 2, 1, 2, 3, 1, 3, 2, 1, 1, 4, 1, 2, 2, 0, -2, 2, -14 ] ], 
              [ [ 1, 1, 3, 3, 2, 3, 3, 3, 1, 2, 0, 3, 3, 3, 4, -3, 2, -17 ], [ 1, 3, 1, 1, 2, 1, 1, 1, 3, 2, 4, 1, 1, 1, 0, -1, 2, -11 ] ], 
              [ [ 1, 1, 3, 2, 1, 4, 2, 3, 1, 2, 0, 3, 4, 2, 3, -2, 2, -14 ], [ 1, 3, 1, 2, 3, 0, 2, 1, 3, 2, 4, 1, 0, 2, 1, -2, 2, -14 ] ], 
              [ [ 1, 1, 3, 2, 0, 4, 2, 3, 3, 2, 0, 2, 2, 2, 4, -2, 2, -13 ], [ 1, 3, 1, 2, 4, 0, 2, 1, 1, 2, 4, 2, 2, 2, 0, -2, 2, -15 ] ], 
              [ [ 1, 1, 3, 3, 1, 3, 1, 3, 1, 3, -2, 3, 3, 3, 3, -3, 3, -15 ], [ 1, 3, 1, 1, 3, 1, 3, 1, 3, 1, 6, 1, 1, 1, 1, -1, 1, -13 ] ], 
              [ [ 1, 3, 3, 2, 0, 2, 2, 3, 1, 1, 1, 4, 4, 2, 3, -2, 1, -14 ], [ 1, 1, 1, 2, 4, 2, 2, 1, 3, 3, 3, 0, 0, 2, 1, -2, 3, -14 ] ], 
              [ [ 1, 3, 3, 1, -2, 3, 1, 3, 3, 1, 1, 3, 3, 1, 3, -1, 1, -10 ], [ 1, 1, 1, 3, 6, 1, 3, 1, 1, 3, 3, 1, 1, 3, 1, -3, 3, -18 ] ], 
              [ [ 1, 3, 3, 1, 1, 3, 3, 3, 1, 1, 1, 3, 6, 1, 1, -1, 1, -14 ], [ 1, 1, 1, 3, 3, 1, 1, 1, 3, 3, 3, 1, -2, 3, 3, -3, 3, -14 ] ], 
              [ [ 1, 3, 3, 1, 0, 3, 3, 3, 3, 1, 1, 2, 4, 1, 2, -1, 1, -13 ], [ 1, 1, 1, 3, 4, 1, 1, 1, 1, 3, 3, 2, 0, 3, 2, -3, 3, -15 ] ], 
              [ [ 1, 2, 2, 1, 1, 2, 3, 2, 3, 0, 2, 1, 3, 2, 1, -2, 2, -13 ], [ 1, 2, 2, 3, 3, 2, 1, 2, 1, 4, 2, 3, 1, 2, 3, -2, 2, -15 ] ], 
              [ [ 1, 3, 3, 2, 3, 1, 2, 1, 3, 2, 2, 2, 2, 1, 2, -1, 2, -15 ], [ 1, 1, 1, 2, 1, 3, 2, 3, 1, 2, 2, 2, 2, 3, 2, -3, 2, -13 ] ], 
              [ [ 1, 2, 4, 2, 2, 3, 2, 2, 1, 3, 1, 2, 2, 1, 1, -1, 1, -13 ], [ 1, 2, 0, 2, 2, 1, 2, 2, 3, 1, 3, 2, 2, 3, 3, -3, 3, -15 ] ], 
              [ [ 1, 3, 3, 2, 1, 3, 2, 3, 2, 3, 1, 3, 3, 1, 3, -1, 1, -14 ], [ 1, 1, 1, 2, 3, 1, 2, 1, 2, 1, 3, 1, 1, 3, 1, -3, 3, -14 ] ], 
              [ [ 1, 3, 1, 3, 3, -2, 1, 1, 3, 1, 3, 1, 1, 3, 1, -3, 3, -15 ], [ 1, 1, 3, 1, 1, 6, 3, 3, 1, 3, 1, 3, 3, 1, 3, -1, 1, -13 ] ], 
              [ [ 1, 3, 2, 2, 2, 0, 1, 1, 3, 2, 4, 1, 0, 2, 1, -2, 1, -12 ], [ 1, 1, 2, 2, 2, 4, 3, 3, 1, 2, 0, 3, 4, 2, 3, -2, 3, -16 ] ], 
              [ [ 1, 2, 2, 3, 3, 0, 3, 2, 1, 1, 4, 1, 1, 3, 1, -3, 1, -15 ], [ 1, 2, 2, 1, 1, 4, 1, 2, 3, 3, 0, 3, 3, 1, 3, -1, 3, -13 ] ], 
              [ [ 1, 2, 2, 3, 2, 0, 1, 2, 1, 2, 2, 1, 1, 3, 0, -3, 2, -13 ], [ 1, 2, 2, 1, 2, 4, 3, 2, 3, 2, 2, 3, 3, 1, 4, -1, 2, -15 ] ], 
              [ [ 1, 1, 3, 1, 3, 1, 3, -2, 3, 1, 3, 1, 1, 1, 1, -1, 3, -13 ], [ 1, 3, 1, 3, 1, 3, 1, 6, 1, 3, 1, 3, 3, 3, 3, -3, 1, -15 ] ], 
              [ [ 1, 2, 2, 2, 4, 0, 2, 0, 3, 1, 3, 1, 1, 2, 1, -2, 3, -15 ], [ 1, 2, 2, 2, 0, 4, 2, 4, 1, 3, 1, 3, 3, 2, 3, -2, 1, -13 ] ], 
              [ [ 1, 1, 2, 3, 3, 0, 1, 0, 2, 1, 2, 2, 1, 3, 2, -3, 4, -15 ], [ 1, 3, 2, 1, 1, 4, 3, 4, 2, 3, 2, 2, 3, 1, 2, -1, 0, -13 ] ], 
              [ [ 1, 1, 3, 2, 2, 2, 1, 0, 2, 2, 3, 2, 0, 2, 2, -2, 2, -12 ], [ 1, 3, 1, 2, 2, 2, 3, 4, 2, 2, 1, 2, 4, 2, 2, -2, 2, -16 ] ], 
              [ [ 1, 1, 3, 2, 4, 2, 3, 0, 2, 2, 3, 1, 1, 2, 1, -2, 2, -15 ], [ 1, 3, 1, 2, 0, 2, 1, 4, 2, 2, 1, 3, 3, 2, 3, -2, 2, -13 ] ], 
              [ [ 1, 1, 3, 3, 4, 1, 3, 1, 1, 2, 2, 1, 0, 3, 1, -3, 2, -16 ], [ 1, 3, 1, 1, 0, 3, 1, 3, 3, 2, 2, 3, 4, 1, 3, -1, 2, -12 ] ], 
              [ [ 1, 1, 3, 2, 3, 2, 2, 1, 1, 2, 2, 1, 1, 2, 0, -2, 2, -13 ], [ 1, 3, 1, 2, 1, 2, 2, 3, 3, 2, 2, 3, 3, 2, 4, -2, 2, -15 ] ], 
              [ [ 1, 3, 3, 1, 2, 1, 2, 0, 2, 1, 4, 2, 2, 1, 0, -1, 1, -12 ], [ 1, 1, 1, 3, 2, 3, 2, 4, 2, 3, 0, 2, 2, 3, 4, -3, 3, -16 ] ], 
              [ [ 1, 4, 2, 2, 3, 0, 1, 2, 2, 1, 4, 2, 2, 2, 0, -2, 1, -14 ], [ 1, 0, 2, 2, 1, 4, 3, 2, 2, 3, 0, 2, 2, 2, 4, -2, 3, -14 ] ], 
              [ [ 1, 3, 3, 2, 2, 0, 2, 1, 1, 1, 3, 2, 1, 2, 0, -2, 1, -13 ], [ 1, 1, 1, 2, 2, 4, 2, 3, 3, 3, 1, 2, 3, 2, 4, -2, 3, -15 ] ], 
              [ [ 1, 3, 3, 1, 3, 1, 3, 1, 1, 1, 3, 1, 3, 1, -2, -1, 1, -13 ], [ 1, 1, 1, 3, 1, 3, 1, 3, 3, 3, 1, 3, 1, 3, 6, -3, 3, -15 ] ], 
              [ [ 1, 2, 1, 3, 4, 1, 2, 2, 2, 3, 3, 2, 2, 3, 3, -3, 2, -17 ], [ 1, 2, 3, 1, 0, 3, 2, 2, 2, 1, 1, 2, 2, 1, 1, -1, 2, -11 ] ], 
              [ [ 1, 1, 2, 3, 3, 1, 3, 1, 1, 3, 2, 2, 1, 3, 3, -3, 2, -16 ], [ 1, 3, 2, 1, 1, 3, 1, 3, 3, 1, 2, 2, 3, 1, 1, -1, 2, -12 ] ], 
              [ [ 1, 1, 1, 2, 2, 1, 3, 1, 3, 1, 3, 1, 2, 2, 3, -2, 3, -14 ], [ 1, 3, 3, 2, 2, 3, 1, 3, 1, 3, 1, 3, 2, 2, 1, -2, 1, -14 ] ], 
              [ [ 1, 2, 0, 3, 3, 0, 1, 2, 4, 2, 2, 1, 2, 3, 3, -3, 4, -16 ], [ 1, 2, 4, 1, 1, 4, 3, 2, 0, 2, 2, 3, 2, 1, 1, -1, 0, -12 ] ], 
              [ [ 1, 1, 1, 3, 2, 0, 2, 1, 3, 2, 1, 1, 1, 3, 3, -3, 4, -15 ], [ 1, 3, 3, 1, 2, 4, 2, 3, 1, 2, 3, 3, 3, 1, 1, -1, 0, -13 ] ], 
              [ [ 1, 2, 1, 2, 2, 2, 1, 2, 4, 3, 3, 1, 1, 2, 3, -2, 2, -13 ], [ 1, 2, 3, 2, 2, 2, 3, 2, 0, 1, 1, 3, 3, 2, 1, -2, 2, -15 ] ], 
              [ [ 1, 1, 2, 2, 2, 2, 2, 1, 1, 3, 2, 2, 2, 2, 2, -2, 2, -13 ], [ 1, 3, 2, 2, 2, 2, 2, 3, 3, 1, 2, 2, 2, 2, 2, -2, 2, -15 ] ], 
              [ [ 1, 1, 2, 2, 1, 2, 2, 1, 3, 3, 2, 1, 0, 2, 3, -2, 2, -12 ], [ 1, 3, 2, 2, 3, 2, 2, 3, 1, 1, 2, 3, 4, 2, 1, -2, 2, -16 ] ], 
              [ [ 1, 2, 1, 3, 2, 1, 1, 3, 3, 3, 2, 1, 0, 3, 3, -3, 2, -14 ], [ 1, 2, 3, 1, 2, 3, 3, 1, 1, 1, 2, 3, 4, 1, 1, -1, 2, -14 ] ], 
              [ [ 1, 1, 2, 2, 4, 2, 4, 1, 1, 3, 2, 1, 3, 2, 1, -2, 2, -16 ], [ 1, 3, 2, 2, 0, 2, 0, 3, 3, 1, 2, 3, 1, 2, 3, -2, 2, -12 ] ], 
              [ [ 1, 1, 1, 3, 3, 2, 3, 3, 2, 2, 3, 1, 2, 3, 3, -3, 2, -16 ], [ 1, 3, 3, 1, 1, 2, 1, 1, 2, 2, 1, 3, 2, 1, 1, -1, 2, -12 ] ], 
              [ [ 1, 0, 2, 3, 2, 2, 4, 2, 1, 2, 2, 1, 1, 3, 3, -3, 2, -15 ], [ 1, 4, 2, 1, 2, 2, 0, 2, 3, 2, 2, 3, 3, 1, 1, -1, 2, -13 ] ], 
              [ [ 1, 2, 1, 3, 3, 1, 0, 2, 2, 4, 1, 2, 2, 3, 2, -3, 3, -15 ], [ 1, 2, 3, 1, 1, 3, 4, 2, 2, 0, 3, 2, 2, 1, 2, -1, 1, -13 ] ], 
              [ [ 1, 1, 1, 4, 1, 1, 0, 3, 2, 3, 1, 2, 0, 4, 4, -4, 3, -14 ], [ 1, 3, 3, 0, 3, 3, 4, 1, 2, 1, 3, 2, 4, 0, 0, 0, 1, -14 ] ], 
              [ [ 1, 1, 1, 4, 4, 1, 2, 3, 0, 3, 1, 2, 3, 4, 2, -4, 3, -18 ], [ 1, 3, 3, 0, 0, 3, 2, 1, 4, 1, 3, 2, 1, 0, 2, 0, 1, -10 ] ], 
              [ [ 1, 1, 1, 4, 3, 1, 2, 3, 2, 3, 1, 1, 1, 4, 3, -4, 3, -17 ], [ 1, 3, 3, 0, 1, 3, 2, 1, 2, 1, 3, 3, 3, 0, 1, 0, 1, -11 ] ], 
              [ [ 1, 1, 2, 3, 3, 3, 2, 3, 0, 4, 2, 2, 2, 3, 2, -3, 1, -15 ], [ 1, 3, 2, 1, 1, 1, 2, 1, 4, 0, 2, 2, 2, 1, 2, -1, 3, -13 ] ], 
              [ [ 1, 1, 1, 3, 2, 2, 1, 3, 2, 3, 1, 1, 2, 3, 2, -3, 3, -14 ], [ 1, 3, 3, 1, 2, 2, 3, 1, 2, 1, 3, 3, 2, 1, 2, -1, 1, -14 ] ], 
              [ [ 1, 4, 1, 2, 2, 0, 2, 3, 3, 2, 3, 1, 2, 2, 1, -2, 1, -14 ], [ 1, 0, 3, 2, 2, 4, 2, 1, 1, 2, 1, 3, 2, 2, 3, -2, 3, -14 ] ], 
              [ [ 1, 3, 1, 2, 1, 1, 2, 3, 2, 1, 4, 2, 3, 2, 2, -2, 1, -13 ], [ 1, 1, 3, 2, 3, 3, 2, 1, 2, 3, 0, 2, 1, 2, 2, -2, 3, -15 ] ], 
              [ [ 1, 3, 1, 3, 1, 0, 1, 3, 2, 2, 2, 2, 2, 3, 2, -3, 2, -14 ], [ 1, 1, 3, 1, 3, 4, 3, 1, 2, 2, 2, 2, 2, 1, 2, -1, 2, -14 ] ], 
              [ [ 1, 0, 2, 2, 3, 2, 3, 0, 3, 2, 1, 1, 1, 2, 3, -2, 4, -15 ], [ 1, 4, 2, 2, 1, 2, 1, 4, 1, 2, 3, 3, 3, 2, 1, -2, 0, -13 ] ], 
              [ [ 1, 0, 2, 3, 2, 3, 1, 2, 2, 3, 1, 2, 0, 3, 4, -3, 3, -14 ], [ 1, 4, 2, 1, 2, 1, 3, 2, 2, 1, 3, 2, 4, 1, 0, -1, 1, -14 ] ], 
              [ [ 1, 0, 2, 3, 4, 3, 3, 2, 2, 3, 1, 1, 1, 3, 3, -3, 3, -17 ], [ 1, 4, 2, 1, 0, 1, 1, 2, 2, 1, 3, 3, 3, 1, 1, -1, 1, -11 ] ], 
              [ [ 1, 3, 1, 2, 3, 0, 2, 1, 4, 1, 3, 2, 2, 2, 3, -2, 3, -16 ], [ 1, 1, 3, 2, 1, 4, 2, 3, 0, 3, 1, 2, 2, 2, 1, -2, 1, -12 ] ], 
              [ [ 1, 3, 2, 1, 2, 2, 2, 1, 4, 2, 4, 2, 1, 1, 3, -1, 1, -13 ], [ 1, 1, 2, 3, 2, 2, 2, 3, 0, 2, 0, 2, 3, 3, 1, -3, 3, -15 ] ], 
              [ [ 1, 2, 2, 2, 3, 2, 4, 2, 2, 1, 4, 2, 2, 2, 3, -2, 1, -16 ], [ 1, 2, 2, 2, 1, 2, 0, 2, 2, 3, 0, 2, 2, 2, 1, -2, 3, -12 ] ], 
              [ [ 1, 3, 2, 2, 3, 1, 1, 1, 2, 3, 2, 3, 2, 2, 2, -2, 2, -15 ], [ 1, 1, 2, 2, 1, 3, 3, 3, 2, 1, 2, 1, 2, 2, 2, -2, 2, -13 ] ], 
              [ [ 1, 2, 2, 2, 1, 2, 1, 1, 3, 2, 3, 3, 1, 2, 4, -2, 2, -13 ], [ 1, 2, 2, 2, 3, 2, 3, 3, 1, 2, 1, 1, 3, 2, 0, -2, 2, -15 ] ], 
              [ [ 1, 3, 1, 3, 2, 1, 0, 3, 3, 2, 3, 3, 1, 3, 4, -3, 2, -15 ], [ 1, 1, 3, 1, 2, 3, 4, 1, 1, 2, 1, 1, 3, 1, 0, -1, 2, -13 ] ], 
              [ [ 1, 2, 2, 3, 1, 1, 1, 2, 2, 2, 2, 3, 0, 3, 4, -3, 2, -14 ], [ 1, 2, 2, 1, 3, 3, 3, 2, 2, 2, 2, 1, 4, 1, 0, -1, 2, -14 ] ], 
              [ [ 1, 2, 2, 3, 4, 1, 3, 2, 0, 2, 2, 3, 3, 3, 2, -3, 2, -18 ], [ 1, 2, 2, 1, 0, 3, 1, 2, 4, 2, 2, 1, 1, 1, 2, -1, 2, -10 ] ], 
              [ [ 1, 2, 2, 3, 3, 1, 3, 2, 2, 2, 2, 2, 1, 3, 3, -3, 2, -17 ], [ 1, 2, 2, 1, 1, 3, 1, 2, 2, 2, 2, 2, 3, 1, 1, -1, 2, -11 ] ], 
              [ [ 1, 2, 3, 2, 3, 3, 3, 2, 0, 3, 3, 3, 2, 2, 2, -2, 0, -15 ], [ 1, 2, 1, 2, 1, 1, 1, 2, 4, 1, 1, 1, 2, 2, 2, -2, 4, -13 ] ], 
              [ [ 1, 3, 1, 1, 2, 1, 1, 1, 4, 1, 3, 2, 3, 1, 2, -1, 3, -13 ], [ 1, 1, 3, 3, 2, 3, 3, 3, 0, 3, 1, 2, 1, 3, 2, -3, 1, -15 ] ], 
              [ [ 1, 3, 1, 1, 1, 1, 1, 1, 6, 1, 3, 1, 1, 1, 3, -1, 3, -12 ], [ 1, 1, 3, 3, 3, 3, 3, 3, -2, 3, 1, 3, 3, 3, 1, -3, 1, -16 ] ], 
              [ [ 1, 2, 2, 1, 1, 1, 2, 0, 3, 1, 2, 2, 2, 1, 2, -1, 3, -12 ], [ 1, 2, 2, 3, 3, 3, 2, 4, 1, 3, 2, 2, 2, 3, 2, -3, 1, -16 ] ], 
              [ [ 1, 2, 2, 1, 3, 1, 4, 0, 3, 1, 2, 1, 3, 1, 1, -1, 3, -15 ], [ 1, 2, 2, 3, 1, 3, 0, 4, 1, 3, 2, 3, 1, 3, 3, -3, 1, -13 ] ], 
              [ [ 1, 2, 3, 0, 2, 3, 4, 0, 3, 2, 3, 1, 2, 0, 1, 0, 1, -12 ], [ 1, 2, 1, 4, 2, 1, 0, 4, 1, 2, 1, 3, 2, 4, 3, -4, 3, -16 ] ], 
              [ [ 1, 3, 2, 1, 3, 2, 3, 2, 3, 2, 3, 1, 2, 1, 1, -1, 1, -14 ], [ 1, 1, 2, 3, 1, 2, 1, 2, 1, 2, 1, 3, 2, 3, 3, -3, 3, -14 ] ], 
              [ [ 1, 2, 1, 2, 2, 1, 3, 2, 4, 0, 3, 1, 2, 2, 3, -2, 3, -15 ], [ 1, 2, 3, 2, 2, 3, 1, 2, 0, 4, 1, 3, 2, 2, 1, -2, 1, -13 ] ], 
              [ [ 1, 2, 2, 1, 2, 3, 3, 2, 2, 1, 4, 2, 3, 1, 2, -1, 1, -13 ], [ 1, 2, 2, 3, 2, 1, 1, 2, 2, 3, 0, 2, 1, 3, 2, -3, 3, -15 ] ], 
              [ [ 1, 2, 2, 1, 1, 3, 3, 2, 4, 1, 4, 1, 1, 1, 3, -1, 1, -12 ], [ 1, 2, 2, 3, 3, 1, 1, 2, 0, 3, 0, 3, 3, 3, 1, -3, 3, -16 ] ], 
              [ [ 1, 1, 3, 1, 1, 3, 4, 1, 1, 1, 3, 2, 2, 1, 2, -1, 1, -12 ], [ 1, 3, 1, 3, 3, 1, 0, 3, 3, 3, 1, 2, 2, 3, 2, -3, 3, -16 ] ], 
              [ [ 1, 1, 3, 1, 3, 3, 6, 1, 1, 1, 3, 1, 3, 1, 1, -1, 1, -15 ], [ 1, 3, 1, 3, 1, 1, -2, 3, 3, 3, 1, 3, 1, 3, 3, -3, 3, -13 ] ], 
              [ [ 1, 3, 1, 2, 2, 0, 0, 1, 4, 2, 1, 2, 2, 2, 2, -2, 4, -14 ], [ 1, 1, 3, 2, 2, 4, 4, 3, 0, 2, 3, 2, 2, 2, 2, -2, 0, -14 ] ], 
              [ [ 1, 3, 2, 1, 1, 2, 0, 1, 4, 3, 2, 2, 1, 1, 2, -1, 2, -11 ], [ 1, 1, 2, 3, 3, 2, 4, 3, 0, 1, 2, 2, 3, 3, 2, -3, 2, -17 ] ], 
              [ [ 1, 2, 1, 3, 3, 0, 2, 2, 2, 1, 1, 2, 3, 3, 2, -3, 4, -17 ], [ 1, 2, 3, 1, 1, 4, 2, 2, 2, 3, 3, 2, 1, 1, 2, -1, 0, -11 ] ], 
              [ [ 1, 2, 2, 2, 0, 2, 0, 2, 2, 2, 2, 3, 1, 2, 3, -2, 2, -11 ], [ 1, 2, 2, 2, 4, 2, 4, 2, 2, 2, 2, 1, 3, 2, 1, -2, 2, -17 ] ], 
              [ [ 1, 2, 2, 1, 2, 3, 2, 1, 3, 2, 3, 2, 3, 1, 2, -1, 2, -13 ], [ 1, 2, 2, 3, 2, 1, 2, 3, 1, 2, 1, 2, 1, 3, 2, -3, 2, -15 ] ], 
              [ [ 1, 3, 1, 2, 3, 2, 1, 3, 3, 2, 3, 2, 3, 2, 2, -2, 2, -15 ], [ 1, 1, 3, 2, 1, 2, 3, 1, 1, 2, 1, 2, 1, 2, 2, -2, 2, -13 ] ], 
              [ [ 1, 1, 3, 1, 1, 3, 3, 0, 2, 2, 2, 2, 2, 1, 2, -1, 2, -12 ], [ 1, 3, 1, 3, 3, 1, 1, 4, 2, 2, 2, 2, 2, 3, 2, -3, 2, -16 ] ], 
              [ [ 1, 2, 2, 2, 3, 2, 2, 2, 0, 2, 2, 3, 4, 2, 1, -2, 2, -15 ], [ 1, 2, 2, 2, 1, 2, 2, 2, 4, 2, 2, 1, 0, 2, 3, -2, 2, -13 ] ] ],
          slins := [  ] ), 
      [ [ [ -10950190, -7541466, -5866942, -7196500, -12163526, -131710, -13232794, -4364922, -5766598, -3254878, -721198, -9184548, -2956994, -13765834, 
                  -1317026, -1338906, -9303706, -14414976 ], [ -7541466, -5193926, -4040673, -4956360, -8377223, -90707, -9113657, -3006207, -3971565, 
                  -2241699, -496713, -6325566, -2036535, -9480789, -907049, -922155, -6407633, -9927840 ], 
              [ -5866942, -4040673, -3143498, -3855864, -6517165, -70563, -7090085, -2338723, -3089733, -1743961, -386429, -4921058, -1584349, -7375707, 
                  -705647, -717413, -4984903, -7723488 ], [ -7196500, -4956360, -3855864, -4729670, -7994064, -86556, -8696818, -2868714, -3789918, 
                  -2139170, -473998, -6036253, -1943388, -9047170, -865558, -879995, -6114564, -9473760 ], 
              [ -12163526, -8377223, -6517165, -7994064, -13511538, -146297, -14699325, -4848687, -6405701, -3615615, -801147, -10202446, -3284707, 
                  -15291477, -1462967, -1487347, -10334809, -16012512 ], [ -131710, -90707, -70563, -86556, -146297, -1586, -159157, -52497, -69357, 
                  -39147, -8673, -110466, -35565, -165567, -15841, -16101, -111899, -173376 ], 
              [ -13232794, -9113657, -7090085, -8696818, -14699325, -159157, -15991534, -5274933, -6968823, -3933463, -871577, -11099338, -3573463, 
                  -16635745, -1591573, -1618105, -11243337, -17420160 ], [ -4364922, -3006207, -2338723, -2868714, -4848687, -52497, -5274933, -1739982, 
                  -2298723, -1297485, -287499, -3661206, -1178735, -5487435, -524991, -533751, -3708705, -5746176 ], 
              [ -5766598, -3971565, -3089733, -3789918, -6405701, -69357, -6968823, -2298723, -3036890, -1714133, -379819, -4836894, -1557251, -7249563, 
                  -693577, -705147, -4899645, -7591392 ], [ -3254878, -2241699, -1743961, -2139170, -3615615, -39147, -3933463, -1297485, -1714133, 
                  -967522, -214385, -2730122, -878971, -4091921, -391481, -398009, -2765543, -4284864 ], 
              [ -721198, -496713, -386429, -473998, -801147, -8673, -871577, -287499, -379819, -214385, -47506, -604942, -194763, -906691, -86743, -88195, 
                  -612791, -949440 ], [ -9184548, -6325566, -4921058, -6036253, -10202446, -110466, -11099338, -3661206, -4836894, -2730122, -604942, 
                  -7703786, -2480254, -11546476, -1104670, -1123097, -7803730, -12090912 ], 
              [ -2956994, -2036535, -1584349, -1943388, -3284707, -35565, -3573463, -1178735, -1557251, -878971, -194763, -2480254, -798526, -3717417, 
                  -355653, -361579, -2512433, -3892704 ], [ -13765834, -9480789, -7375707, -9047170, -15291477, -165567, -16635745, -5487435, -7249563, 
                  -4091921, -906691, -11546476, -3717417, -17305926, -1655683, -1683315, -11696271, -18121920 ], 
              [ -1317026, -907049, -705647, -865558, -1462967, -15841, -1591573, -524991, -693577, -391481, -86743, -1104670, -355653, -1655683, -158406, 
                  -161035, -1119003, -1733760 ], [ -1338906, -922155, -717413, -879995, -1487347, -16101, -1618105, -533751, -705147, -398009, -88195, 
                  -1123097, -361579, -1683315, -161035, -163766, -1137661, -1762656 ], 
              [ -9303706, -6407633, -4984903, -6114564, -10334809, -111899, -11243337, -3708705, -4899645, -2765543, -612791, -7803730, -2512433, 
                  -11696271, -1119003, -1137661, -7904974, -12247776 ], [ -14414976, -9927840, -7723488, -9473760, -16012512, -173376, -17420160, 
                  -5746176, -7591392, -4284864, -949440, -12090912, -3892704, -18121920, -1733760, -1762656, -12247776, -18976416 ] ], 
          [ 1, 2, 2, 2, 2, 2, 2, 2, 2, 2, 2, 2, 2, 2, 2, -2, 2, -14 ] ] ] ];
