randomPro20260924122132:=[ [ 531, [ [ -2, 1, 1, 3, 1, 3, 1, 1, 3, 3, 3, 1, 1, 1, 3, 3 ], [ 1, -2, 1, 1, 1, 1, 1, 1, 1, 1, 1, 3, 1, 3, 3, 1 ], 
          [ 1, 1, -2, 1, 3, 3, 1, 1, 3, 1, 1, 3, 1, 3, 1, 3 ], [ 3, 1, 1, -2, 1, 3, 1, 1, 3, 1, 3, 3, 3, 3, 1, 1 ], 
          [ 1, 1, 3, 1, -2, 1, 3, 1, 3, 3, 3, 1, 1, 1, 3, 1 ], [ 3, 1, 3, 3, 1, -2, 3, 1, 1, 1, 1, 1, 1, 3, 3, 1 ], 
          [ 1, 1, 1, 1, 3, 3, -2, 1, 3, 1, 3, 3, 3, 3, 1, 3 ], [ 1, 1, 1, 1, 1, 1, 1, -2, 3, 1, 3, 1, 1, 3, 3, 1 ], 
          [ 3, 1, 3, 3, 3, 1, 3, 3, -2, 1, 1, 3, 1, 3, 3, 1 ], [ 3, 1, 1, 1, 3, 1, 1, 1, 1, -2, 1, 3, 3, 3, 1, 1 ], 
          [ 3, 1, 1, 3, 3, 1, 3, 3, 1, 1, -2, 3, 1, 3, 1, 1 ], [ 1, 3, 3, 3, 1, 1, 3, 1, 3, 3, 3, -2, 1, 1, 3, 1 ], 
          [ 1, 1, 1, 3, 1, 1, 3, 1, 1, 3, 1, 1, -2, 3, 3, 1 ], [ 1, 3, 3, 3, 1, 3, 3, 3, 3, 3, 3, 1, 3, -2, 3, 3 ], 
          [ 3, 3, 1, 1, 3, 3, 1, 3, 3, 1, 1, 3, 3, 3, -2, 3 ], [ 3, 1, 3, 1, 1, 1, 3, 1, 1, 1, 1, 1, 1, 3, 3, -2 ] ] ], 
  [ 531, [ [ -2, 1, 1, 3, 1, 3, 1, 1, 3, 3, 3, 1, 1, 1, 3, 3 ], [ 1, -2, 1, 1, 1, 1, 1, 1, 1, 1, 1, 3, 1, 3, 3, 1 ], 
          [ 1, 1, -2, 1, 3, 3, 1, 1, 3, 1, 1, 3, 1, 3, 1, 3 ], [ 3, 1, 1, -2, 1, 3, 1, 1, 3, 1, 3, 3, 3, 3, 1, 1 ], 
          [ 1, 1, 3, 1, -2, 1, 3, 1, 3, 3, 3, 1, 1, 1, 3, 1 ], [ 3, 1, 3, 3, 1, -2, 3, 1, 1, 1, 1, 1, 1, 3, 3, 1 ], 
          [ 1, 1, 1, 1, 3, 3, -2, 1, 3, 1, 3, 3, 3, 3, 1, 3 ], [ 1, 1, 1, 1, 1, 1, 1, -2, 3, 1, 3, 1, 1, 3, 3, 1 ], 
          [ 3, 1, 3, 3, 3, 1, 3, 3, -2, 1, 1, 3, 1, 3, 3, 1 ], [ 3, 1, 1, 1, 3, 1, 1, 1, 1, -2, 1, 3, 3, 3, 1, 1 ], 
          [ 3, 1, 1, 3, 3, 1, 3, 3, 1, 1, -2, 3, 1, 3, 1, 1 ], [ 1, 3, 3, 3, 1, 1, 3, 1, 3, 3, 3, -2, 1, 1, 3, 1 ], 
          [ 1, 1, 1, 3, 1, 1, 3, 1, 1, 3, 1, 1, -2, 3, 3, 1 ], [ 1, 3, 3, 3, 1, 3, 3, 3, 3, 3, 3, 1, 3, -2, 3, 3 ], 
          [ 3, 3, 1, 1, 3, 3, 1, 3, 3, 1, 1, 3, 3, 3, -2, 3 ], [ 3, 1, 3, 1, 1, 1, 3, 1, 1, 1, 1, 1, 1, 3, 3, -2 ] ] ], 
  [ 699, [ [ -2, 1, 1, 3, 1, 3, 1, 1, 3, 3, 1, 3, 3, 1, 1, 1, 3 ], [ 1, -2, 1, 1, 1, 1, 1, 1, 1, 1, 1, 1, 3, 3, 1, 3, 3 ], 
          [ 1, 1, -2, 1, 3, 3, 1, 1, 3, 1, 1, 1, 1, 1, 1, 3, 3 ], [ 3, 1, 1, -2, 1, 3, 1, 1, 3, 1, 1, 1, 1, 3, 3, 3, 3 ], 
          [ 1, 1, 3, 1, -2, 1, 3, 1, 3, 3, 1, 3, 3, 3, 3, 1, 3 ], [ 3, 1, 3, 3, 1, -2, 3, 1, 1, 1, 3, 1, 3, 3, 3, 1, 1 ], 
          [ 1, 1, 1, 1, 3, 3, -2, 1, 3, 1, 1, 1, 1, 3, 1, 3, 3 ], [ 1, 1, 1, 1, 1, 1, 1, -2, 3, 1, 3, 1, 3, 3, 3, 1, 3 ], 
          [ 3, 1, 3, 3, 3, 1, 3, 3, -2, 1, 3, 1, 3, 3, 1, 3, 1 ], [ 3, 1, 1, 1, 3, 1, 1, 1, 1, -2, 3, 1, 1, 3, 3, 3, 1 ], 
          [ 1, 1, 1, 1, 1, 3, 1, 3, 3, 3, -2, 3, 1, 1, 1, 3, 3 ], [ 3, 1, 1, 1, 3, 1, 1, 1, 1, 1, 3, -2, 1, 3, 1, 3, 3 ], 
          [ 3, 3, 1, 1, 3, 3, 1, 3, 3, 1, 1, 1, -2, 1, 1, 3, 3 ], [ 1, 3, 1, 3, 3, 3, 3, 3, 3, 3, 1, 3, 1, -2, 1, 1, 1 ], 
          [ 1, 1, 1, 3, 3, 3, 1, 3, 1, 3, 1, 1, 1, 1, -2, 3, 3 ], [ 1, 3, 3, 3, 1, 1, 3, 1, 3, 3, 3, 3, 3, 1, 3, -2, 1 ], 
          [ 3, 3, 3, 3, 3, 1, 3, 3, 1, 1, 3, 3, 3, 1, 3, 1, -2 ] ] ], [ 413, [ [ -2, 1, 1, 3, 1, 3, 1, 1, 3, 3, 3, 3, 1, 1, 3, 3 ], 
          [ 1, -2, 1, 1, 1, 1, 1, 1, 1, 1, 1, 3, 1, 3, 1, 1 ], [ 1, 1, -2, 1, 3, 3, 1, 1, 3, 1, 1, 3, 1, 3, 1, 1 ], 
          [ 3, 1, 1, -2, 1, 3, 1, 1, 3, 1, 1, 3, 1, 3, 1, 3 ], [ 1, 1, 3, 1, -2, 1, 3, 1, 3, 3, 1, 3, 1, 1, 3, 3 ], 
          [ 3, 1, 3, 3, 1, -2, 3, 1, 1, 1, 1, 1, 1, 3, 3, 1 ], [ 1, 1, 1, 1, 3, 3, -2, 1, 3, 1, 3, 3, 1, 3, 3, 3 ], 
          [ 1, 1, 1, 1, 1, 1, 1, -2, 3, 1, 1, 3, 1, 3, 3, 3 ], [ 3, 1, 3, 3, 3, 1, 3, 3, -2, 1, 3, 1, 3, 1, 1, 1 ], 
          [ 3, 1, 1, 1, 3, 1, 1, 1, 1, -2, 1, 1, 1, 3, 1, 1 ], [ 3, 1, 1, 1, 1, 1, 3, 1, 3, 1, -2, 3, 1, 3, 1, 1 ], 
          [ 3, 3, 3, 3, 3, 1, 3, 3, 1, 1, 3, -2, 3, 3, 1, 1 ], [ 1, 1, 1, 1, 1, 1, 1, 1, 3, 1, 1, 3, -2, 3, 3, 3 ], 
          [ 1, 3, 3, 3, 1, 3, 3, 3, 1, 3, 3, 3, 3, -2, 3, 3 ], [ 3, 1, 1, 1, 3, 3, 3, 3, 1, 1, 1, 1, 3, 3, -2, 1 ], 
          [ 3, 1, 1, 3, 3, 1, 3, 3, 1, 1, 1, 1, 3, 3, 1, -2 ] ] ], [ 637, [ [ -2, 1, 1, 3, 1, 3, 1, 1, 3, 3, 3, 3, 1, 1, 3, 3, 1 ], 
          [ 1, -2, 1, 1, 1, 1, 1, 1, 1, 1, 1, 3, 1, 3, 1, 1, 1 ], [ 1, 1, -2, 1, 3, 3, 1, 1, 3, 1, 1, 3, 1, 3, 1, 1, 1 ], 
          [ 3, 1, 1, -2, 1, 3, 1, 1, 3, 1, 1, 3, 1, 3, 1, 3, 3 ], [ 1, 1, 3, 1, -2, 1, 3, 1, 3, 3, 1, 3, 1, 1, 3, 3, 3 ], 
          [ 3, 1, 3, 3, 1, -2, 3, 1, 1, 1, 1, 1, 1, 3, 3, 1, 1 ], [ 1, 1, 1, 1, 3, 3, -2, 1, 3, 1, 3, 3, 1, 3, 3, 3, 1 ], 
          [ 1, 1, 1, 1, 1, 1, 1, -2, 3, 1, 1, 3, 1, 3, 3, 3, 1 ], [ 3, 1, 3, 3, 3, 1, 3, 3, -2, 1, 3, 1, 3, 1, 1, 1, 1 ], 
          [ 3, 1, 1, 1, 3, 1, 1, 1, 1, -2, 1, 1, 1, 3, 1, 1, 1 ], [ 3, 1, 1, 1, 1, 1, 3, 1, 3, 1, -2, 3, 1, 3, 1, 1, 3 ], 
          [ 3, 3, 3, 3, 3, 1, 3, 3, 1, 1, 3, -2, 3, 3, 1, 1, 1 ], [ 1, 1, 1, 1, 1, 1, 1, 1, 3, 1, 1, 3, -2, 3, 3, 3, 1 ], 
          [ 1, 3, 3, 3, 1, 3, 3, 3, 1, 3, 3, 3, 3, -2, 3, 3, 3 ], [ 3, 1, 1, 1, 3, 3, 3, 3, 1, 1, 1, 1, 3, 3, -2, 1, 3 ], 
          [ 3, 1, 1, 3, 3, 1, 3, 3, 1, 1, 1, 1, 3, 3, 1, -2, 1 ], [ 1, 1, 1, 3, 3, 1, 1, 1, 1, 1, 3, 1, 1, 3, 3, 1, -2 ] ] ], 
  [ 537, [ [ -2, 1, 1, 3, 1, 3, 1, 1, 3, 3, 1, 3, 1, 1, 3, 1, 3 ], [ 1, -2, 1, 1, 1, 1, 1, 1, 1, 1, 1, 1, 1, 1, 1, 3, 1 ], 
          [ 1, 1, -2, 1, 3, 3, 1, 1, 3, 3, 3, 3, 1, 1, 1, 1, 3 ], [ 3, 1, 1, -2, 1, 3, 1, 1, 3, 1, 3, 1, 1, 3, 1, 3, 1 ], 
          [ 1, 1, 3, 1, -2, 1, 3, 1, 3, 1, 1, 3, 1, 1, 3, 3, 1 ], [ 3, 1, 3, 3, 1, -2, 3, 1, 1, 1, 1, 3, 1, 1, 1, 3, 1 ], 
          [ 1, 1, 1, 1, 3, 3, -2, 1, 3, 1, 3, 1, 1, 3, 1, 1, 3 ], [ 1, 1, 1, 1, 1, 1, 1, -2, 3, 1, 3, 3, 1, 3, 1, 1, 1 ], 
          [ 3, 1, 3, 3, 3, 1, 3, 3, -2, 1, 1, 1, 3, 3, 1, 3, 1 ], [ 3, 1, 3, 1, 1, 1, 1, 1, 1, -2, 3, 1, 3, 3, 1, 3, 1 ], 
          [ 1, 1, 3, 3, 1, 1, 3, 3, 1, 3, -2, 3, 1, 1, 3, 3, 3 ], [ 3, 1, 3, 1, 3, 3, 1, 3, 1, 1, 3, -2, 3, 3, 1, 3, 1 ], 
          [ 1, 1, 1, 1, 1, 1, 1, 1, 3, 3, 1, 3, -2, 1, 1, 3, 3 ], [ 1, 1, 1, 3, 1, 1, 3, 3, 3, 3, 1, 3, 1, -2, 3, 3, 3 ], 
          [ 3, 1, 1, 1, 3, 1, 1, 1, 1, 1, 3, 1, 1, 3, -2, 3, 1 ], [ 1, 3, 1, 3, 3, 3, 1, 1, 3, 3, 3, 3, 3, 3, 3, -2, 3 ], 
          [ 3, 1, 3, 1, 1, 1, 3, 1, 1, 1, 3, 1, 3, 3, 1, 3, -2 ] ] ], 
  [ 439, [ [ -2, 1, 1, 3, 1, 3, 1, 1, 1, 1, 1, 1, 3, 3, 1, 3, 1 ], [ 1, -2, 1, 1, 1, 1, 1, 1, 1, 3, 3, 3, 1, 1, 1, 3, 1 ], 
          [ 1, 1, -2, 1, 3, 3, 1, 1, 1, 1, 1, 3, 3, 1, 1, 3, 1 ], [ 3, 1, 1, -2, 1, 3, 1, 1, 1, 3, 3, 3, 1, 1, 1, 3, 1 ], 
          [ 1, 1, 3, 1, -2, 1, 3, 1, 1, 3, 3, 1, 1, 3, 1, 3, 1 ], [ 3, 1, 3, 3, 1, -2, 3, 1, 3, 3, 3, 1, 1, 1, 3, 1, 3 ], 
          [ 1, 1, 1, 1, 3, 3, -2, 1, 3, 1, 1, 3, 1, 1, 1, 3, 1 ], [ 1, 1, 1, 1, 1, 1, 1, -2, 1, 3, 1, 1, 1, 1, 1, 3, 1 ], 
          [ 1, 1, 1, 1, 1, 3, 3, 1, -2, 3, 1, 1, 3, 3, 1, 3, 1 ], [ 1, 3, 1, 3, 3, 3, 1, 3, 3, -2, 1, 3, 3, 1, 3, 3, 3 ], 
          [ 1, 3, 1, 3, 3, 3, 1, 1, 1, 1, -2, 1, 3, 3, 1, 3, 1 ], [ 1, 3, 3, 3, 1, 1, 3, 1, 1, 3, 1, -2, 3, 3, 1, 1, 3 ], 
          [ 3, 1, 3, 1, 1, 1, 1, 1, 3, 3, 3, 3, -2, 1, 1, 3, 1 ], [ 3, 1, 1, 1, 3, 1, 1, 1, 3, 1, 3, 3, 1, -2, 3, 3, 3 ], 
          [ 1, 1, 1, 1, 1, 3, 1, 1, 1, 3, 1, 1, 1, 3, -2, 3, 1 ], [ 3, 3, 3, 3, 3, 1, 3, 3, 3, 3, 3, 1, 3, 3, 3, -2, 3 ], 
          [ 1, 1, 1, 1, 1, 3, 1, 1, 1, 3, 1, 3, 1, 3, 1, 3, -2 ] ] ], [ 468, [ [ -2, 1, 1, 3, 1, 3, 1, 1, 1, 1, 3, 1, 1, 1, 3, 1 ], 
          [ 1, -2, 1, 1, 1, 1, 1, 1, 1, 3, 1, 1, 1, 3, 1, 1 ], [ 1, 1, -2, 1, 3, 3, 1, 1, 1, 3, 1, 1, 1, 1, 1, 3 ], 
          [ 3, 1, 1, -2, 1, 3, 1, 1, 1, 3, 1, 3, 3, 3, 1, 3 ], [ 1, 1, 3, 1, -2, 1, 3, 1, 1, 1, 1, 3, 1, 3, 1, 1 ], 
          [ 3, 1, 3, 3, 1, -2, 3, 1, 3, 3, 1, 1, 1, 3, 1, 1 ], [ 1, 1, 1, 1, 3, 3, -2, 1, 3, 3, 3, 1, 3, 1, 3, 3 ], 
          [ 1, 1, 1, 1, 1, 1, 1, -2, 1, 3, 1, 1, 1, 3, 1, 1 ], [ 1, 1, 1, 1, 1, 3, 3, 1, -2, 3, 1, 3, 1, 3, 1, 1 ], 
          [ 1, 3, 3, 3, 1, 3, 3, 3, 3, -2, 3, 3, 3, 1, 3, 1 ], [ 3, 1, 1, 1, 1, 1, 3, 1, 1, 3, -2, 1, 1, 3, 1, 1 ], 
          [ 1, 1, 1, 3, 3, 1, 1, 1, 3, 3, 1, -2, 1, 1, 3, 1 ], [ 1, 1, 1, 3, 1, 1, 3, 1, 1, 3, 1, 1, -2, 3, 1, 1 ], 
          [ 1, 3, 1, 3, 3, 3, 1, 3, 3, 1, 3, 1, 3, -2, 3, 3 ], [ 3, 1, 1, 1, 1, 1, 3, 1, 1, 3, 1, 3, 1, 3, -2, 3 ], 
          [ 1, 1, 3, 3, 1, 1, 3, 1, 1, 1, 1, 1, 1, 3, 3, -2 ] ] ], [ 439, [ [ -2, 1, 1, 3, 1, 3, 1, 1, 1, 3, 3, 3, 3, 1, 3, 1 ], 
          [ 1, -2, 1, 1, 1, 1, 1, 1, 1, 3, 1, 1, 3, 3, 1, 1 ], [ 1, 1, -2, 1, 3, 3, 1, 1, 1, 3, 3, 1, 1, 1, 3, 1 ], 
          [ 3, 1, 1, -2, 1, 3, 1, 1, 1, 3, 1, 1, 1, 3, 1, 3 ], [ 1, 1, 3, 1, -2, 1, 3, 1, 1, 3, 1, 3, 3, 1, 1, 3 ], 
          [ 3, 1, 3, 3, 1, -2, 3, 1, 3, 1, 1, 3, 3, 1, 1, 3 ], [ 1, 1, 1, 1, 3, 3, -2, 1, 3, 3, 1, 1, 3, 3, 3, 1 ], 
          [ 1, 1, 1, 1, 1, 1, 1, -2, 1, 3, 1, 3, 3, 1, 1, 3 ], [ 1, 1, 1, 1, 1, 3, 3, 1, -2, 3, 3, 1, 1, 1, 1, 3 ], 
          [ 3, 3, 3, 3, 3, 1, 3, 3, 3, -2, 3, 3, 3, 3, 1, 3 ], [ 3, 1, 3, 1, 1, 1, 1, 1, 3, 3, -2, 1, 3, 3, 1, 1 ], 
          [ 3, 1, 1, 1, 3, 3, 1, 3, 1, 3, 1, -2, 1, 3, 3, 1 ], [ 3, 3, 1, 1, 3, 3, 3, 3, 1, 3, 3, 1, -2, 1, 3, 3 ], 
          [ 1, 3, 1, 3, 1, 1, 3, 1, 1, 3, 3, 3, 1, -2, 3, 3 ], [ 3, 1, 3, 1, 1, 1, 3, 1, 1, 1, 1, 3, 3, 3, -2, 3 ], 
          [ 1, 1, 1, 3, 3, 3, 1, 3, 3, 3, 1, 1, 3, 3, 3, -2 ] ] ], [ 416, [ [ -2, 1, 1, 3, 1, 3, 1, 1, 1, 3, 3, 3, 3, 1, 3, 3 ], 
          [ 1, -2, 1, 1, 1, 1, 1, 1, 1, 3, 1, 1, 3, 3, 1, 3 ], [ 1, 1, -2, 1, 3, 3, 1, 1, 1, 3, 3, 1, 1, 1, 3, 3 ], 
          [ 3, 1, 1, -2, 1, 3, 1, 1, 1, 3, 1, 1, 1, 3, 1, 1 ], [ 1, 1, 3, 1, -2, 1, 3, 1, 1, 3, 1, 3, 3, 1, 1, 3 ], 
          [ 3, 1, 3, 3, 1, -2, 3, 1, 3, 1, 1, 3, 3, 1, 1, 3 ], [ 1, 1, 1, 1, 3, 3, -2, 1, 3, 3, 1, 1, 3, 3, 3, 1 ], 
          [ 1, 1, 1, 1, 1, 1, 1, -2, 1, 3, 1, 3, 3, 1, 1, 3 ], [ 1, 1, 1, 1, 1, 3, 3, 1, -2, 3, 3, 1, 1, 1, 1, 3 ], 
          [ 3, 3, 3, 3, 3, 1, 3, 3, 3, -2, 3, 3, 3, 3, 1, 3 ], [ 3, 1, 3, 1, 1, 1, 1, 1, 3, 3, -2, 1, 3, 3, 1, 1 ], 
          [ 3, 1, 1, 1, 3, 3, 1, 3, 1, 3, 1, -2, 1, 3, 3, 1 ], [ 3, 3, 1, 1, 3, 3, 3, 3, 1, 3, 3, 1, -2, 1, 3, 1 ], 
          [ 1, 3, 1, 3, 1, 1, 3, 1, 1, 3, 3, 3, 1, -2, 3, 3 ], [ 3, 1, 3, 1, 1, 1, 3, 1, 1, 1, 1, 3, 3, 3, -2, 3 ], 
          [ 3, 3, 3, 1, 3, 3, 1, 3, 3, 3, 1, 1, 1, 3, 3, -2 ] ] ], [ 589, [ [ -2, 1, 1, 3, 1, 3, 1, 1, 1, 1, 1, 3, 3, 3, 3, 1, 1 ], 
          [ 1, -2, 1, 1, 1, 1, 1, 1, 1, 1, 1, 3, 3, 3, 1, 1, 3 ], [ 1, 1, -2, 1, 3, 3, 1, 1, 1, 3, 1, 3, 3, 3, 3, 3, 1 ], 
          [ 3, 1, 1, -2, 1, 3, 1, 1, 1, 3, 1, 1, 3, 1, 1, 1, 3 ], [ 1, 1, 3, 1, -2, 1, 3, 1, 1, 1, 3, 1, 3, 1, 1, 1, 3 ], 
          [ 3, 1, 3, 3, 1, -2, 3, 1, 3, 1, 3, 1, 1, 3, 1, 3, 3 ], [ 1, 1, 1, 1, 3, 3, -2, 1, 3, 3, 1, 3, 3, 3, 3, 1, 3 ], 
          [ 1, 1, 1, 1, 1, 1, 1, -2, 1, 1, 1, 1, 3, 3, 1, 1, 3 ], [ 1, 1, 1, 1, 1, 3, 3, 1, -2, 1, 1, 3, 3, 1, 1, 1, 1 ], 
          [ 1, 1, 3, 3, 1, 1, 3, 1, 1, -2, 3, 1, 1, 1, 1, 1, 3 ], [ 1, 1, 1, 1, 3, 3, 1, 1, 1, 3, -2, 3, 3, 3, 1, 1, 1 ], 
          [ 3, 3, 3, 1, 1, 1, 3, 1, 3, 1, 3, -2, 1, 1, 1, 1, 3 ], [ 3, 3, 3, 3, 3, 1, 3, 3, 3, 1, 3, 1, -2, 1, 3, 3, 3 ], 
          [ 3, 3, 3, 1, 1, 3, 3, 3, 1, 1, 3, 1, 1, -2, 1, 1, 3 ], [ 3, 1, 3, 1, 1, 1, 3, 1, 1, 1, 1, 1, 3, 1, -2, 1, 3 ], 
          [ 1, 1, 3, 1, 1, 3, 1, 1, 1, 1, 1, 1, 3, 1, 1, -2, 3 ], [ 1, 3, 1, 3, 3, 3, 3, 3, 1, 3, 1, 3, 3, 3, 3, 3, -2 ] ] ], 
  [ 407, [ [ -2, 1, 1, 3, 1, 3, 1, 1, 1, 1, 3, 1, 3, 3, 1 ], [ 1, -2, 1, 1, 1, 1, 1, 1, 1, 3, 1, 3, 3, 1, 3 ], 
          [ 1, 1, -2, 1, 3, 3, 1, 1, 1, 3, 1, 3, 3, 3, 3 ], [ 3, 1, 1, -2, 1, 3, 1, 1, 1, 3, 1, 3, 3, 1, 3 ], 
          [ 1, 1, 3, 1, -2, 1, 3, 1, 1, 3, 1, 1, 3, 1, 3 ], [ 3, 1, 3, 3, 1, -2, 3, 1, 3, 3, 1, 3, 1, 1, 3 ], 
          [ 1, 1, 1, 1, 3, 3, -2, 1, 3, 1, 3, 3, 3, 1, 1 ], [ 1, 1, 1, 1, 1, 1, 1, -2, 1, 3, 1, 3, 3, 1, 1 ], 
          [ 1, 1, 1, 1, 1, 3, 3, 1, -2, 3, 1, 3, 3, 3, 3 ], [ 1, 3, 3, 3, 3, 3, 1, 3, 3, -2, 3, 1, 3, 3, 1 ], 
          [ 3, 1, 1, 1, 1, 1, 3, 1, 1, 3, -2, 3, 3, 1, 3 ], [ 1, 3, 3, 3, 1, 3, 3, 3, 3, 1, 3, -2, 3, 3, 1 ], 
          [ 3, 3, 3, 3, 3, 1, 3, 3, 3, 3, 3, 3, -2, 1, 1 ], [ 3, 1, 3, 1, 1, 1, 1, 1, 3, 3, 1, 3, 1, -2, 1 ], 
          [ 1, 3, 3, 3, 3, 3, 1, 1, 3, 1, 3, 1, 1, 1, -2 ] ] ], [ 423, [ [ -2, 1, 1, 3, 1, 3, 1, 1, 3, 3, 1, 3, 1, 1, 3 ], 
          [ 1, -2, 1, 1, 1, 1, 1, 1, 3, 3, 1, 3, 1, 3, 3 ], [ 1, 1, -2, 1, 3, 3, 1, 1, 1, 1, 3, 3, 1, 1, 3 ], 
          [ 3, 1, 1, -2, 1, 3, 1, 1, 1, 1, 3, 3, 3, 3, 3 ], [ 1, 1, 3, 1, -2, 1, 3, 1, 3, 3, 3, 3, 3, 3, 1 ], 
          [ 3, 1, 3, 3, 1, -2, 3, 1, 3, 3, 3, 1, 1, 3, 1 ], [ 1, 1, 1, 1, 3, 3, -2, 1, 1, 1, 1, 3, 1, 1, 3 ], 
          [ 1, 1, 1, 1, 1, 1, 1, -2, 1, 1, 3, 3, 1, 3, 3 ], [ 3, 3, 1, 1, 3, 3, 1, 1, -2, 1, 3, 3, 3, 1, 1 ], 
          [ 3, 3, 1, 1, 3, 3, 1, 1, 1, -2, 3, 1, 3, 3, 3 ], [ 1, 1, 3, 3, 3, 3, 1, 3, 3, 3, -2, 3, 1, 1, 3 ], 
          [ 3, 3, 3, 3, 3, 1, 3, 3, 3, 1, 3, -2, 3, 3, 3 ], [ 1, 1, 1, 3, 3, 1, 1, 1, 3, 3, 1, 3, -2, 1, 3 ], 
          [ 1, 3, 1, 3, 3, 3, 1, 3, 1, 3, 1, 3, 1, -2, 1 ], [ 3, 3, 3, 3, 1, 1, 3, 3, 1, 3, 3, 3, 3, 1, -2 ] ] ], 
  [ 648, [ [ -2, 1, 1, 3, 1, 3, 1, 1, 3, 1, 3, 1, 3, 3, 1, 3 ], [ 1, -2, 1, 1, 1, 1, 1, 1, 3, 1, 3, 1, 3, 1, 3, 1 ], 
          [ 1, 1, -2, 1, 3, 3, 1, 1, 1, 1, 3, 1, 3, 1, 1, 3 ], [ 3, 1, 1, -2, 1, 3, 1, 1, 1, 1, 3, 3, 3, 1, 3, 1 ], 
          [ 1, 1, 3, 1, -2, 1, 3, 1, 3, 1, 3, 3, 3, 3, 3, 1 ], [ 3, 1, 3, 3, 1, -2, 3, 1, 3, 3, 3, 3, 3, 3, 3, 1 ], 
          [ 1, 1, 1, 1, 3, 3, -2, 1, 1, 1, 3, 3, 3, 1, 3, 3 ], [ 1, 1, 1, 1, 1, 1, 1, -2, 1, 1, 3, 3, 3, 3, 3, 1 ], 
          [ 3, 3, 1, 1, 3, 3, 1, 1, -2, 1, 1, 3, 1, 1, 3, 3 ], [ 1, 1, 1, 1, 1, 3, 1, 1, 1, -2, 1, 3, 3, 1, 3, 1 ], 
          [ 3, 3, 3, 3, 3, 3, 3, 3, 1, 1, -2, 1, 1, 1, 3, 1 ], [ 1, 1, 1, 3, 3, 3, 3, 3, 3, 3, 1, -2, 1, 1, 1, 3 ], 
          [ 3, 3, 3, 3, 3, 3, 3, 3, 1, 3, 1, 1, -2, 1, 1, 3 ], [ 3, 1, 1, 1, 3, 3, 1, 3, 1, 1, 1, 1, 1, -2, 3, 3 ], 
          [ 1, 3, 1, 3, 3, 3, 3, 3, 3, 3, 3, 1, 1, 3, -2, 3 ], [ 3, 1, 3, 1, 1, 1, 3, 1, 3, 1, 1, 3, 3, 3, 3, -2 ] ] ], 
  [ 649, [ [ -2, 1, 1, 3, 1, 3, 1, 1, 3, 1, 1, 1, 1, 3, 3, 3 ], [ 1, -2, 1, 1, 1, 1, 1, 1, 3, 1, 1, 1, 1, 1, 3, 3 ], 
          [ 1, 1, -2, 1, 3, 3, 1, 1, 1, 1, 3, 1, 3, 1, 3, 3 ], [ 3, 1, 1, -2, 1, 3, 1, 1, 1, 1, 3, 3, 3, 1, 3, 3 ], 
          [ 1, 1, 3, 1, -2, 1, 3, 1, 3, 1, 1, 3, 1, 1, 3, 1 ], [ 3, 1, 3, 3, 1, -2, 3, 1, 3, 3, 1, 1, 1, 1, 3, 1 ], 
          [ 1, 1, 1, 1, 3, 3, -2, 1, 1, 1, 3, 1, 1, 3, 3, 3 ], [ 1, 1, 1, 1, 1, 1, 1, -2, 1, 1, 1, 1, 3, 1, 3, 3 ], 
          [ 3, 3, 1, 1, 3, 3, 1, 1, -2, 1, 3, 3, 3, 1, 1, 3 ], [ 1, 1, 1, 1, 1, 3, 1, 1, 1, -2, 1, 1, 1, 3, 3, 3 ], 
          [ 1, 1, 3, 3, 1, 1, 3, 1, 3, 1, -2, 1, 1, 3, 3, 3 ], [ 1, 1, 1, 3, 3, 1, 1, 1, 3, 1, 1, -2, 1, 3, 3, 3 ], 
          [ 1, 1, 3, 3, 1, 1, 1, 3, 3, 1, 1, 1, -2, 3, 3, 1 ], [ 3, 1, 1, 1, 1, 1, 3, 1, 1, 3, 3, 3, 3, -2, 1, 1 ], 
          [ 3, 3, 3, 3, 3, 3, 3, 3, 1, 3, 3, 3, 3, 1, -2, 1 ], [ 3, 3, 3, 3, 1, 1, 3, 3, 3, 3, 3, 3, 1, 1, 1, -2 ] ] ], 
  [ 599, [ [ -2, 1, 1, 3, 1, 3, 1, 1, 3, 1, 1, 1, 1, 1, 1, 1 ], [ 1, -2, 1, 1, 1, 1, 1, 1, 3, 1, 1, 1, 1, 3, 3, 1 ], 
          [ 1, 1, -2, 1, 3, 3, 1, 1, 1, 1, 3, 1, 3, 3, 1, 1 ], [ 3, 1, 1, -2, 1, 3, 1, 1, 1, 1, 3, 3, 3, 3, 1, 3 ], 
          [ 1, 1, 3, 1, -2, 1, 3, 1, 3, 1, 1, 3, 1, 1, 1, 3 ], [ 3, 1, 3, 3, 1, -2, 3, 1, 3, 3, 1, 1, 1, 3, 3, 3 ], 
          [ 1, 1, 1, 1, 3, 3, -2, 1, 1, 1, 3, 1, 1, 3, 1, 1 ], [ 1, 1, 1, 1, 1, 1, 1, -2, 1, 1, 1, 1, 3, 3, 1, 3 ], 
          [ 3, 3, 1, 1, 3, 3, 1, 1, -2, 1, 3, 3, 3, 3, 1, 1 ], [ 1, 1, 1, 1, 1, 3, 1, 1, 1, -2, 1, 1, 1, 1, 1, 1 ], 
          [ 1, 1, 3, 3, 1, 1, 3, 1, 3, 1, -2, 1, 1, 1, 3, 3 ], [ 1, 1, 1, 3, 3, 1, 1, 1, 3, 1, 1, -2, 1, 3, 3, 1 ], 
          [ 1, 1, 3, 3, 1, 1, 1, 3, 3, 1, 1, 1, -2, 1, 3, 1 ], [ 1, 3, 3, 3, 1, 3, 3, 3, 3, 1, 1, 3, 1, -2, 1, 3 ], 
          [ 1, 3, 1, 1, 1, 3, 1, 1, 1, 1, 3, 3, 3, 1, -2, 3 ], [ 1, 1, 1, 3, 3, 3, 1, 3, 1, 1, 3, 1, 1, 3, 3, -2 ] ] ], 
  [ 409, [ [ -2, 1, 1, 3, 1, 3, 1, 1, 3, 1, 1, 3, 1, 1, 1, 3 ], [ 1, -2, 1, 1, 1, 1, 1, 1, 3, 1, 1, 3, 3, 1, 1, 3 ], 
          [ 1, 1, -2, 1, 3, 3, 1, 1, 1, 1, 1, 3, 3, 3, 1, 3 ], [ 3, 1, 1, -2, 1, 3, 1, 1, 1, 1, 3, 3, 3, 3, 3, 1 ], 
          [ 1, 1, 3, 1, -2, 1, 3, 1, 3, 1, 1, 3, 3, 1, 3, 1 ], [ 3, 1, 3, 3, 1, -2, 3, 1, 3, 3, 1, 1, 3, 1, 1, 1 ], 
          [ 1, 1, 1, 1, 3, 3, -2, 1, 1, 1, 3, 3, 1, 1, 1, 3 ], [ 1, 1, 1, 1, 1, 1, 1, -2, 1, 1, 1, 3, 3, 3, 1, 1 ], 
          [ 3, 3, 1, 1, 3, 3, 1, 1, -2, 1, 3, 3, 3, 3, 3, 1 ], [ 1, 1, 1, 1, 1, 3, 1, 1, 1, -2, 3, 3, 3, 3, 3, 3 ], 
          [ 1, 1, 1, 3, 1, 1, 3, 1, 3, 3, -2, 3, 3, 1, 1, 3 ], [ 3, 3, 3, 3, 3, 1, 3, 3, 3, 3, 3, -2, 3, 3, 3, 1 ], 
          [ 1, 3, 3, 3, 3, 3, 1, 3, 3, 3, 3, 3, -2, 1, 1, 3 ], [ 1, 1, 3, 3, 1, 1, 1, 3, 3, 3, 1, 3, 1, -2, 1, 3 ], 
          [ 1, 1, 1, 3, 3, 1, 1, 1, 3, 3, 1, 3, 1, 1, -2, 3 ], [ 3, 3, 3, 1, 1, 1, 3, 1, 1, 3, 3, 1, 3, 3, 3, -2 ] ] ], 
  [ 459, [ [ -2, 1, 1, 3, 1, 3, 1, 1, 3, 1, 1, 1, 1, 1, 3 ], [ 1, -2, 1, 1, 1, 1, 1, 1, 3, 1, 1, 3, 3, 1, 3 ], 
          [ 1, 1, -2, 1, 3, 3, 1, 1, 1, 1, 1, 3, 1, 1, 1 ], [ 3, 1, 1, -2, 1, 3, 1, 1, 1, 1, 3, 3, 3, 1, 1 ], 
          [ 1, 1, 3, 1, -2, 1, 3, 1, 3, 1, 1, 3, 3, 1, 3 ], [ 3, 1, 3, 3, 1, -2, 3, 1, 3, 3, 1, 3, 3, 3, 3 ], 
          [ 1, 1, 1, 1, 3, 3, -2, 1, 1, 1, 3, 1, 1, 1, 1 ], [ 1, 1, 1, 1, 1, 1, 1, -2, 1, 1, 1, 1, 1, 3, 3 ], 
          [ 3, 3, 1, 1, 3, 3, 1, 1, -2, 1, 3, 1, 1, 3, 1 ], [ 1, 1, 1, 1, 1, 3, 1, 1, 1, -2, 3, 1, 1, 1, 3 ], 
          [ 1, 1, 1, 3, 1, 1, 3, 1, 3, 3, -2, 3, 1, 3, 3 ], [ 1, 3, 3, 3, 3, 3, 1, 1, 1, 1, 3, -2, 1, 3, 3 ], 
          [ 1, 3, 1, 3, 3, 3, 1, 1, 1, 1, 1, 1, -2, 3, 3 ], [ 1, 1, 1, 1, 1, 3, 1, 3, 3, 1, 3, 3, 3, -2, 1 ], 
          [ 3, 3, 1, 1, 3, 3, 1, 3, 1, 3, 3, 3, 3, 1, -2 ] ] ], 
  [ 449, [ [ -2, 1, 1, 3, 1, 3, 1, 1, 3, 3, 3, 3, 3, 3, 1, 3 ], [ 1, -2, 1, 1, 1, 1, 1, 1, 3, 1, 1, 3, 3, 3, 1, 3 ], 
          [ 1, 1, -2, 1, 3, 3, 1, 1, 1, 3, 1, 3, 1, 1, 1, 3 ], [ 3, 1, 1, -2, 1, 3, 1, 1, 1, 3, 1, 3, 3, 1, 1, 3 ], 
          [ 1, 1, 3, 1, -2, 1, 3, 1, 3, 3, 1, 3, 3, 3, 1, 3 ], [ 3, 1, 3, 3, 1, -2, 3, 1, 3, 1, 1, 1, 1, 3, 1, 1 ], 
          [ 1, 1, 1, 1, 3, 3, -2, 1, 1, 3, 3, 3, 3, 1, 1, 3 ], [ 1, 1, 1, 1, 1, 1, 1, -2, 1, 3, 1, 3, 1, 3, 1, 3 ], 
          [ 3, 3, 1, 1, 3, 3, 1, 1, -2, 3, 1, 1, 1, 1, 3, 3 ], [ 3, 1, 3, 3, 3, 1, 3, 3, 3, -2, 3, 1, 3, 3, 3, 1 ], 
          [ 3, 1, 1, 1, 1, 1, 3, 1, 1, 3, -2, 3, 1, 3, 1, 3 ], [ 3, 3, 3, 3, 3, 1, 3, 3, 1, 1, 3, -2, 1, 1, 3, 1 ], 
          [ 3, 3, 1, 3, 3, 1, 3, 1, 1, 3, 1, 1, -2, 1, 3, 1 ], [ 3, 3, 1, 1, 3, 3, 1, 3, 1, 3, 3, 1, 1, -2, 3, 1 ], 
          [ 1, 1, 1, 1, 1, 1, 1, 1, 3, 3, 1, 3, 3, 3, -2, 3 ], [ 3, 3, 3, 3, 3, 1, 3, 3, 3, 1, 3, 1, 1, 1, 3, -2 ] ] ], 
  [ 517, [ [ -2, 1, 1, 3, 1, 3, 1, 1, 3, 3, 3, 1, 1, 3, 1, 1 ], [ 1, -2, 1, 1, 1, 1, 1, 1, 3, 1, 3, 1, 1, 3, 3, 3 ], 
          [ 1, 1, -2, 1, 3, 3, 1, 1, 1, 1, 3, 1, 3, 3, 1, 3 ], [ 3, 1, 1, -2, 1, 3, 1, 1, 1, 1, 1, 1, 3, 1, 3, 3 ], 
          [ 1, 1, 3, 1, -2, 1, 3, 1, 3, 3, 1, 1, 1, 1, 3, 1 ], [ 3, 1, 3, 3, 1, -2, 3, 1, 3, 1, 3, 3, 1, 3, 3, 1 ], 
          [ 1, 1, 1, 1, 3, 3, -2, 1, 1, 1, 3, 1, 1, 3, 1, 3 ], [ 1, 1, 1, 1, 1, 1, 1, -2, 1, 1, 3, 3, 1, 3, 3, 1 ], 
          [ 3, 3, 1, 1, 3, 3, 1, 1, -2, 1, 1, 3, 3, 1, 1, 3 ], [ 3, 1, 1, 1, 3, 1, 1, 1, 1, -2, 3, 3, 3, 3, 1, 3 ], 
          [ 3, 3, 3, 1, 1, 3, 3, 3, 1, 3, -2, 1, 3, 1, 1, 3 ], [ 1, 1, 1, 1, 1, 3, 1, 3, 3, 3, 1, -2, 1, 3, 1, 3 ], 
          [ 1, 1, 3, 3, 1, 1, 1, 1, 3, 3, 3, 1, -2, 3, 3, 1 ], [ 3, 3, 3, 1, 1, 3, 3, 3, 1, 3, 1, 3, 3, -2, 3, 3 ], 
          [ 1, 3, 1, 3, 3, 3, 1, 3, 1, 1, 1, 1, 3, 3, -2, 3 ], [ 1, 3, 3, 3, 1, 1, 3, 1, 3, 3, 3, 3, 1, 3, 3, -2 ] ] ], 
  [ 404, [ [ -2, 1, 1, 3, 1, 3, 1, 1, 3, 1, 1, 3, 3, 1, 1, 1 ], [ 1, -2, 1, 1, 1, 1, 1, 1, 3, 1, 1, 3, 1, 1, 1, 1 ], 
          [ 1, 1, -2, 1, 3, 3, 1, 1, 1, 1, 3, 3, 1, 1, 1, 1 ], [ 3, 1, 1, -2, 1, 3, 1, 1, 1, 3, 3, 3, 1, 3, 1, 3 ], 
          [ 1, 1, 3, 1, -2, 1, 3, 1, 3, 3, 1, 3, 3, 3, 1, 3 ], [ 3, 1, 3, 3, 1, -2, 3, 1, 3, 1, 1, 1, 1, 3, 1, 1 ], 
          [ 1, 1, 1, 1, 3, 3, -2, 1, 1, 1, 3, 3, 1, 3, 1, 1 ], [ 1, 1, 1, 1, 1, 1, 1, -2, 1, 1, 1, 3, 1, 3, 1, 1 ], 
          [ 3, 3, 1, 1, 3, 3, 1, 1, -2, 3, 3, 3, 1, 3, 3, 3 ], [ 1, 1, 1, 3, 3, 1, 1, 1, 3, -2, 3, 1, 1, 1, 1, 1 ], 
          [ 1, 1, 3, 3, 1, 1, 3, 1, 3, 3, -2, 3, 3, 1, 3, 1 ], [ 3, 3, 3, 3, 3, 1, 3, 3, 3, 1, 3, -2, 1, 3, 1, 3 ], 
          [ 3, 1, 1, 1, 3, 1, 1, 1, 1, 1, 3, 1, -2, 3, 1, 1 ], [ 1, 1, 1, 3, 3, 3, 3, 3, 3, 1, 1, 3, 3, -2, 3, 1 ], 
          [ 1, 1, 1, 1, 1, 1, 1, 1, 3, 1, 3, 1, 1, 3, -2, 1 ], [ 1, 1, 1, 3, 3, 1, 1, 1, 3, 1, 1, 3, 1, 1, 1, -2 ] ] ], 
  [ 638, [ [ -2, 1, 1, 3, 1, 3, 1, 1, 3, 1, 1, 3, 3, 1, 3, 3, 1 ], [ 1, -2, 1, 1, 1, 1, 1, 1, 3, 1, 1, 3, 3, 1, 1, 3, 1 ], 
          [ 1, 1, -2, 1, 3, 3, 1, 1, 1, 1, 3, 3, 3, 1, 1, 3, 1 ], [ 3, 1, 1, -2, 1, 3, 1, 1, 1, 3, 3, 3, 1, 1, 1, 1, 1 ], 
          [ 1, 1, 3, 1, -2, 1, 3, 1, 3, 3, 1, 3, 1, 1, 3, 3, 1 ], [ 3, 1, 3, 3, 1, -2, 3, 1, 3, 1, 1, 1, 1, 3, 1, 3, 3 ], 
          [ 1, 1, 1, 1, 3, 3, -2, 1, 1, 1, 3, 3, 3, 1, 1, 1, 1 ], [ 1, 1, 1, 1, 1, 1, 1, -2, 1, 1, 1, 3, 1, 1, 1, 3, 1 ], 
          [ 3, 3, 1, 1, 3, 3, 1, 1, -2, 3, 3, 3, 1, 1, 1, 1, 1 ], [ 1, 1, 1, 3, 3, 1, 1, 1, 3, -2, 3, 1, 3, 3, 1, 3, 1 ], 
          [ 1, 1, 3, 3, 1, 1, 3, 1, 3, 3, -2, 3, 1, 1, 3, 3, 3 ], [ 3, 3, 3, 3, 3, 1, 3, 3, 3, 1, 3, -2, 3, 3, 1, 1, 3 ], 
          [ 3, 3, 3, 1, 1, 1, 3, 1, 1, 3, 1, 3, -2, 3, 3, 1, 3 ], [ 1, 1, 1, 1, 1, 3, 1, 1, 1, 3, 1, 3, 3, -2, 1, 3, 1 ], 
          [ 3, 1, 1, 1, 3, 1, 1, 1, 1, 1, 3, 1, 3, 1, -2, 3, 1 ], [ 3, 3, 3, 1, 3, 3, 1, 3, 1, 3, 3, 1, 1, 3, 3, -2, 3 ], 
          [ 1, 1, 1, 1, 1, 3, 1, 1, 1, 1, 3, 3, 3, 1, 1, 3, -2 ] ] ], [ 436, [ [ -2, 1, 1, 3, 1, 3, 1, 1, 3, 3, 3, 3, 3, 1, 1, 3 ], 
          [ 1, -2, 1, 1, 1, 1, 1, 1, 1, 1, 3, 3, 1, 3, 1, 3 ], [ 1, 1, -2, 1, 3, 3, 1, 1, 1, 3, 1, 3, 3, 3, 1, 1 ], 
          [ 3, 1, 1, -2, 1, 3, 1, 1, 1, 1, 1, 3, 1, 3, 1, 3 ], [ 1, 1, 3, 1, -2, 1, 3, 1, 3, 3, 3, 3, 1, 3, 3, 3 ], 
          [ 3, 1, 3, 3, 1, -2, 3, 1, 3, 3, 3, 1, 1, 3, 3, 1 ], [ 1, 1, 1, 1, 3, 3, -2, 1, 3, 1, 1, 3, 3, 1, 1, 3 ], 
          [ 1, 1, 1, 1, 1, 1, 1, -2, 3, 3, 3, 3, 1, 3, 1, 3 ], [ 3, 1, 1, 1, 3, 3, 3, 3, -2, 1, 1, 3, 1, 3, 1, 1 ], 
          [ 3, 1, 3, 1, 3, 3, 1, 3, 1, -2, 3, 1, 1, 1, 1, 3 ], [ 3, 3, 1, 1, 3, 3, 1, 3, 1, 3, -2, 3, 3, 3, 3, 1 ], 
          [ 3, 3, 3, 3, 3, 1, 3, 3, 3, 1, 3, -2, 3, 1, 3, 1 ], [ 3, 1, 3, 1, 1, 1, 3, 1, 1, 1, 3, 3, -2, 3, 1, 3 ], 
          [ 1, 3, 3, 3, 3, 3, 1, 3, 3, 1, 3, 1, 3, -2, 1, 3 ], [ 1, 1, 1, 1, 3, 3, 1, 1, 1, 1, 3, 3, 1, 1, -2, 3 ], 
          [ 3, 3, 1, 3, 3, 1, 3, 3, 1, 3, 1, 1, 3, 3, 3, -2 ] ] ], [ 542, [ [ -2, 1, 1, 3, 1, 3, 1, 1, 1, 3, 1, 3, 3, 3, 1, 1 ], 
          [ 1, -2, 1, 1, 1, 1, 1, 1, 3, 3, 3, 1, 1, 3, 3, 1 ], [ 1, 1, -2, 1, 3, 3, 1, 1, 3, 1, 1, 1, 3, 3, 3, 1 ], 
          [ 3, 1, 1, -2, 1, 3, 1, 1, 3, 1, 3, 1, 1, 1, 3, 3 ], [ 1, 1, 3, 1, -2, 1, 3, 1, 1, 3, 3, 1, 1, 3, 3, 3 ], 
          [ 3, 1, 3, 3, 1, -2, 3, 1, 1, 3, 3, 1, 1, 3, 3, 1 ], [ 1, 1, 1, 1, 3, 3, -2, 1, 1, 1, 1, 3, 3, 1, 1, 1 ], 
          [ 1, 1, 1, 1, 1, 1, 1, -2, 1, 1, 3, 1, 3, 3, 3, 1 ], [ 1, 3, 3, 3, 1, 1, 1, 1, -2, 3, 1, 3, 3, 3, 1, 1 ], 
          [ 3, 3, 1, 1, 3, 3, 1, 1, 3, -2, 3, 1, 3, 1, 3, 3 ], [ 1, 3, 1, 3, 3, 3, 1, 3, 1, 3, -2, 3, 3, 1, 1, 1 ], 
          [ 3, 1, 1, 1, 1, 1, 3, 1, 3, 1, 3, -2, 3, 3, 3, 3 ], [ 3, 1, 3, 1, 1, 1, 3, 3, 3, 3, 3, 3, -2, 1, 3, 3 ], 
          [ 3, 3, 3, 1, 3, 3, 1, 3, 3, 1, 1, 3, 1, -2, 1, 3 ], [ 1, 3, 3, 3, 3, 3, 1, 3, 1, 3, 1, 3, 3, 1, -2, 3 ], 
          [ 1, 1, 1, 3, 3, 1, 1, 1, 1, 3, 1, 3, 3, 3, 3, -2 ] ] ], [ 443, [ [ -2, 1, 1, 3, 1, 3, 1, 1, 1, 3, 1, 3, 3, 1, 1 ], 
          [ 1, -2, 1, 1, 1, 1, 1, 1, 3, 3, 3, 1, 3, 1, 1 ], [ 1, 1, -2, 1, 3, 3, 1, 1, 3, 1, 1, 1, 3, 1, 1 ], 
          [ 3, 1, 1, -2, 1, 3, 1, 1, 3, 1, 3, 1, 3, 3, 1 ], [ 1, 1, 3, 1, -2, 1, 3, 1, 1, 3, 3, 1, 3, 3, 1 ], 
          [ 3, 1, 3, 3, 1, -2, 3, 1, 1, 3, 3, 1, 1, 3, 1 ], [ 1, 1, 1, 1, 3, 3, -2, 1, 1, 1, 1, 3, 3, 1, 1 ], 
          [ 1, 1, 1, 1, 1, 1, 1, -2, 1, 1, 3, 1, 3, 3, 1 ], [ 1, 3, 3, 3, 1, 1, 1, 1, -2, 3, 1, 3, 1, 3, 1 ], 
          [ 3, 3, 1, 1, 3, 3, 1, 1, 3, -2, 3, 1, 3, 3, 3 ], [ 1, 3, 1, 3, 3, 3, 1, 3, 1, 3, -2, 3, 1, 1, 1 ], 
          [ 3, 1, 1, 1, 1, 1, 3, 1, 3, 1, 3, -2, 3, 3, 1 ], [ 3, 3, 3, 3, 3, 1, 3, 3, 1, 3, 1, 3, -2, 3, 3 ], 
          [ 1, 1, 1, 3, 3, 3, 1, 3, 3, 3, 1, 3, 3, -2, 3 ], [ 1, 1, 1, 1, 1, 1, 1, 1, 1, 3, 1, 1, 3, 3, -2 ] ] ], 
  [ 419, [ [ -2, 1, 1, 3, 1, 3, 1, 1, 1, 1, 3, 1, 3, 3, 1, 1 ], [ 1, -2, 1, 1, 1, 1, 1, 1, 3, 3, 1, 1, 3, 1, 3, 1 ], 
          [ 1, 1, -2, 1, 3, 3, 1, 1, 3, 3, 1, 1, 1, 1, 1, 1 ], [ 3, 1, 1, -2, 1, 3, 1, 1, 3, 3, 3, 1, 1, 1, 3, 3 ], 
          [ 1, 1, 3, 1, -2, 1, 3, 1, 1, 1, 3, 1, 3, 1, 3, 3 ], [ 3, 1, 3, 3, 1, -2, 3, 1, 1, 1, 1, 1, 3, 1, 3, 1 ], 
          [ 1, 1, 1, 1, 3, 3, -2, 1, 1, 3, 3, 1, 3, 3, 1, 1 ], [ 1, 1, 1, 1, 1, 1, 1, -2, 1, 1, 3, 1, 3, 3, 3, 1 ], 
          [ 1, 3, 3, 3, 1, 1, 1, 1, -2, 1, 3, 1, 3, 3, 1, 1 ], [ 1, 3, 3, 3, 1, 1, 3, 1, 1, -2, 3, 1, 3, 3, 3, 3 ], 
          [ 3, 1, 1, 3, 3, 1, 3, 3, 3, 3, -2, 3, 1, 1, 1, 1 ], [ 1, 1, 1, 1, 1, 1, 1, 1, 1, 1, 3, -2, 3, 1, 3, 1 ], 
          [ 3, 3, 1, 1, 3, 3, 3, 3, 3, 3, 1, 3, -2, 1, 1, 3 ], [ 3, 1, 1, 1, 1, 1, 3, 3, 3, 3, 1, 1, 1, -2, 3, 3 ], 
          [ 1, 3, 1, 3, 3, 3, 1, 3, 1, 3, 1, 3, 1, 3, -2, 1 ], [ 1, 1, 1, 3, 3, 1, 1, 1, 1, 3, 1, 1, 3, 3, 1, -2 ] ] ], 
  [ 495, [ [ -2, 1, 1, 3, 1, 3, 1, 1, 1, 3, 3, 3, 3, 1, 3, 1 ], [ 1, -2, 1, 1, 1, 1, 1, 1, 3, 3, 3, 1, 1, 3, 1, 1 ], 
          [ 1, 1, -2, 1, 3, 3, 1, 1, 3, 3, 1, 1, 3, 1, 1, 1 ], [ 3, 1, 1, -2, 1, 3, 1, 1, 3, 3, 1, 1, 1, 1, 1, 1 ], 
          [ 1, 1, 3, 1, -2, 1, 3, 1, 1, 3, 3, 1, 1, 1, 3, 1 ], [ 3, 1, 3, 3, 1, -2, 3, 1, 1, 1, 3, 1, 1, 3, 3, 3 ], 
          [ 1, 1, 1, 1, 3, 3, -2, 1, 1, 3, 3, 3, 3, 1, 1, 3 ], [ 1, 1, 1, 1, 1, 1, 1, -2, 1, 3, 3, 3, 1, 1, 3, 1 ], 
          [ 1, 3, 3, 3, 1, 1, 1, 1, -2, 1, 3, 3, 3, 1, 3, 3 ], [ 3, 3, 3, 3, 3, 1, 3, 3, 1, -2, 1, 3, 3, 3, 3, 3 ], 
          [ 3, 3, 1, 1, 3, 3, 3, 3, 3, 1, -2, 1, 3, 3, 1, 1 ], [ 3, 1, 1, 1, 1, 1, 3, 3, 3, 3, 1, -2, 1, 3, 1, 1 ], 
          [ 3, 1, 3, 1, 1, 1, 3, 1, 3, 3, 3, 1, -2, 3, 3, 1 ], [ 1, 3, 1, 1, 1, 3, 1, 1, 1, 3, 3, 3, 3, -2, 3, 3 ], 
          [ 3, 1, 1, 1, 3, 3, 1, 3, 3, 3, 1, 1, 3, 3, -2, 1 ], [ 1, 1, 1, 1, 1, 3, 3, 1, 3, 3, 1, 1, 1, 3, 1, -2 ] ] ], 
  [ 406, [ [ -2, 1, 1, 3, 1, 3, 1, 1, 1, 1, 1, 3, 3, 3, 3, 1 ], [ 1, -2, 1, 1, 1, 1, 1, 1, 3, 1, 1, 3, 3, 3, 1, 3 ], 
          [ 1, 1, -2, 1, 3, 3, 1, 1, 3, 3, 1, 3, 1, 1, 3, 1 ], [ 3, 1, 1, -2, 1, 3, 1, 1, 3, 3, 1, 1, 1, 1, 1, 3 ], 
          [ 1, 1, 3, 1, -2, 1, 3, 1, 1, 1, 1, 1, 3, 3, 1, 3 ], [ 3, 1, 3, 3, 1, -2, 3, 1, 1, 1, 3, 1, 3, 3, 1, 3 ], 
          [ 1, 1, 1, 1, 3, 3, -2, 1, 1, 1, 1, 3, 3, 1, 3, 1 ], [ 1, 1, 1, 1, 1, 1, 1, -2, 1, 1, 1, 1, 1, 3, 1, 3 ], 
          [ 1, 3, 3, 3, 1, 1, 1, 1, -2, 1, 1, 1, 3, 3, 3, 1 ], [ 1, 1, 3, 3, 1, 1, 1, 1, 1, -2, 1, 3, 3, 3, 1, 3 ], 
          [ 1, 1, 1, 1, 1, 3, 1, 1, 1, 1, -2, 3, 1, 3, 3, 3 ], [ 3, 3, 3, 1, 1, 1, 3, 1, 1, 3, 3, -2, 1, 3, 1, 3 ], 
          [ 3, 3, 1, 1, 3, 3, 3, 1, 3, 3, 1, 1, -2, 3, 1, 3 ], [ 3, 3, 1, 1, 3, 3, 1, 3, 3, 3, 3, 3, 3, -2, 3, 1 ], 
          [ 3, 1, 3, 1, 1, 1, 3, 1, 3, 1, 3, 1, 1, 3, -2, 3 ], [ 1, 3, 1, 3, 3, 3, 1, 3, 1, 3, 3, 3, 3, 1, 3, -2 ] ] ], 
  [ 421, [ [ -2, 1, 1, 3, 1, 3, 1, 1, 3, 3, 1, 1, 1, 3, 3, 3 ], [ 1, -2, 1, 1, 1, 1, 1, 1, 3, 1, 3, 1, 1, 3, 1, 3 ], 
          [ 1, 1, -2, 1, 3, 3, 1, 1, 3, 3, 1, 3, 1, 1, 1, 3 ], [ 3, 1, 1, -2, 1, 3, 1, 1, 1, 1, 1, 3, 1, 1, 1, 1 ], 
          [ 1, 1, 3, 1, -2, 1, 3, 1, 1, 1, 1, 1, 3, 3, 3, 1 ], [ 3, 1, 3, 3, 1, -2, 3, 1, 1, 1, 3, 1, 3, 3, 3, 1 ], 
          [ 1, 1, 1, 1, 3, 3, -2, 1, 1, 3, 1, 3, 1, 3, 1, 3 ], [ 1, 1, 1, 1, 1, 1, 1, -2, 1, 1, 1, 1, 1, 3, 3, 1 ], 
          [ 3, 3, 3, 1, 1, 1, 1, 1, -2, 1, 1, 3, 3, 3, 3, 1 ], [ 3, 1, 3, 1, 1, 1, 3, 1, 1, -2, 3, 1, 3, 3, 3, 1 ], 
          [ 1, 3, 1, 1, 1, 3, 1, 1, 1, 3, -2, 3, 3, 1, 3, 1 ], [ 1, 1, 3, 3, 1, 1, 3, 1, 3, 1, 3, -2, 1, 3, 3, 3 ], 
          [ 1, 1, 1, 1, 3, 3, 1, 1, 3, 3, 3, 1, -2, 1, 1, 3 ], [ 3, 3, 1, 1, 3, 3, 3, 3, 3, 3, 1, 3, 1, -2, 1, 1 ], 
          [ 3, 1, 1, 1, 3, 3, 1, 3, 3, 3, 3, 3, 1, 1, -2, 3 ], [ 3, 3, 3, 1, 1, 1, 3, 1, 1, 1, 1, 3, 3, 1, 3, -2 ] ] ], 
  [ 516, [ [ -2, 1, 1, 3, 1, 3, 1, 1, 3, 3, 1, 1, 1, 3, 3, 1 ], [ 1, -2, 1, 1, 1, 1, 1, 1, 3, 1, 1, 3, 1, 3, 3, 3 ], 
          [ 1, 1, -2, 1, 3, 3, 1, 1, 3, 1, 1, 1, 1, 1, 1, 1 ], [ 3, 1, 1, -2, 1, 3, 1, 1, 1, 3, 3, 1, 3, 1, 1, 3 ], 
          [ 1, 1, 3, 1, -2, 1, 3, 1, 1, 3, 3, 1, 1, 3, 3, 3 ], [ 3, 1, 3, 3, 1, -2, 3, 1, 1, 1, 3, 3, 1, 3, 3, 3 ], 
          [ 1, 1, 1, 1, 3, 3, -2, 1, 1, 3, 1, 1, 3, 1, 3, 1 ], [ 1, 1, 1, 1, 1, 1, 1, -2, 1, 3, 3, 1, 1, 1, 3, 1 ], 
          [ 3, 3, 3, 1, 1, 1, 1, 1, -2, 3, 3, 1, 3, 1, 3, 3 ], [ 3, 1, 1, 3, 3, 1, 3, 3, 3, -2, 1, 3, 1, 3, 1, 3 ], 
          [ 1, 1, 1, 3, 3, 3, 1, 3, 3, 1, -2, 3, 1, 3, 3, 1 ], [ 1, 3, 1, 1, 1, 3, 1, 1, 1, 3, 3, -2, 3, 1, 1, 1 ], 
          [ 1, 1, 1, 3, 1, 1, 3, 1, 3, 1, 1, 3, -2, 3, 3, 1 ], [ 3, 3, 1, 1, 3, 3, 1, 1, 1, 3, 3, 1, 3, -2, 1, 1 ], 
          [ 3, 3, 1, 1, 3, 3, 3, 3, 3, 1, 3, 1, 3, 1, -2, 3 ], [ 1, 3, 1, 3, 3, 3, 1, 1, 3, 3, 1, 1, 1, 1, 3, -2 ] ] ], 
  [ 528, [ [ -2, 1, 1, 3, 1, 3, 1, 1, 3, 1, 1, 3, 3, 3, 3, 3 ], [ 1, -2, 1, 1, 1, 1, 1, 1, 3, 1, 1, 3, 3, 3, 1, 1 ], 
          [ 1, 1, -2, 1, 3, 3, 1, 1, 3, 1, 1, 3, 1, 3, 3, 1 ], [ 3, 1, 1, -2, 1, 3, 1, 1, 1, 3, 1, 3, 1, 1, 1, 1 ], 
          [ 1, 1, 3, 1, -2, 1, 3, 1, 1, 1, 1, 1, 3, 1, 1, 3 ], [ 3, 1, 3, 3, 1, -2, 3, 1, 1, 1, 3, 1, 3, 1, 1, 3 ], 
          [ 1, 1, 1, 1, 3, 3, -2, 1, 1, 3, 1, 3, 1, 3, 3, 1 ], [ 1, 1, 1, 1, 1, 1, 1, -2, 1, 1, 1, 3, 1, 1, 1, 3 ], 
          [ 3, 3, 3, 1, 1, 1, 1, 1, -2, 3, 1, 1, 1, 1, 1, 3 ], [ 1, 1, 1, 3, 1, 1, 3, 1, 3, -2, 1, 1, 3, 3, 3, 3 ], 
          [ 1, 1, 1, 1, 1, 3, 1, 1, 1, 1, -2, 3, 1, 3, 1, 1 ], [ 3, 3, 3, 3, 1, 1, 3, 3, 1, 1, 3, -2, 3, 3, 3, 3 ], 
          [ 3, 3, 1, 1, 3, 3, 1, 1, 1, 3, 1, 3, -2, 1, 1, 1 ], [ 3, 3, 3, 1, 1, 1, 3, 1, 1, 3, 3, 3, 1, -2, 1, 3 ], 
          [ 3, 1, 3, 1, 1, 1, 3, 1, 1, 3, 1, 3, 1, 1, -2, 1 ], [ 3, 1, 1, 1, 3, 3, 1, 3, 3, 3, 1, 3, 1, 3, 1, -2 ] ] ], 
  [ 410, [ [ -2, 1, 1, 3, 1, 3, 1, 1, 1, 1, 3, 1, 1, 1, 1, 1 ], [ 1, -2, 1, 1, 1, 1, 1, 1, 3, 3, 3, 3, 1, 1, 1, 3 ], 
          [ 1, 1, -2, 1, 3, 3, 1, 1, 3, 1, 3, 3, 3, 1, 3, 1 ], [ 3, 1, 1, -2, 1, 3, 1, 1, 3, 3, 3, 3, 3, 1, 3, 3 ], 
          [ 1, 1, 3, 1, -2, 1, 3, 1, 1, 3, 3, 1, 1, 1, 1, 3 ], [ 3, 1, 3, 3, 1, -2, 3, 1, 1, 3, 1, 3, 1, 3, 1, 3 ], 
          [ 1, 1, 1, 1, 3, 3, -2, 1, 3, 1, 3, 3, 1, 1, 1, 3 ], [ 1, 1, 1, 1, 1, 1, 1, -2, 1, 3, 3, 3, 3, 1, 1, 3 ], 
          [ 1, 3, 3, 3, 1, 1, 3, 1, -2, 3, 1, 1, 3, 1, 1, 1 ], [ 1, 3, 1, 3, 3, 3, 1, 3, 3, -2, 1, 3, 1, 3, 3, 1 ], 
          [ 3, 3, 3, 3, 3, 1, 3, 3, 1, 1, -2, 3, 3, 3, 3, 1 ], [ 1, 3, 3, 3, 1, 3, 3, 3, 1, 3, 3, -2, 1, 1, 1, 1 ], 
          [ 1, 1, 3, 3, 1, 1, 1, 3, 3, 1, 3, 1, -2, 3, 1, 3 ], [ 1, 1, 1, 1, 1, 3, 1, 1, 1, 3, 3, 1, 3, -2, 1, 1 ], 
          [ 1, 1, 3, 3, 1, 1, 1, 1, 1, 3, 3, 1, 1, 1, -2, 3 ], [ 1, 3, 1, 3, 3, 3, 3, 3, 1, 1, 1, 1, 3, 1, 3, -2 ] ] ], 
  [ 820, [ [ -2, 1, 1, 3, 1, 3, 1, 1, 1, 1, 3, 3, 3, 1, 1, 1, 3, 3 ], [ 1, -2, 1, 1, 1, 1, 1, 1, 3, 3, 3, 1, 1, 3, 1, 3, 3, 1 ], 
          [ 1, 1, -2, 1, 3, 3, 1, 1, 3, 1, 3, 1, 1, 3, 1, 3, 3, 1 ], [ 3, 1, 1, -2, 1, 3, 1, 1, 3, 3, 3, 1, 1, 1, 3, 3, 3, 1 ], 
          [ 1, 1, 3, 1, -2, 1, 3, 1, 1, 3, 3, 3, 3, 1, 1, 3, 3, 1 ], [ 3, 1, 3, 3, 1, -2, 3, 1, 1, 3, 1, 1, 1, 3, 1, 3, 1, 1 ], 
          [ 1, 1, 1, 1, 3, 3, -2, 1, 3, 1, 3, 1, 1, 1, 3, 1, 3, 3 ], [ 1, 1, 1, 1, 1, 1, 1, -2, 1, 3, 3, 1, 1, 1, 1, 3, 3, 1 ], 
          [ 1, 3, 3, 3, 1, 1, 3, 1, -2, 3, 1, 3, 3, 1, 1, 1, 3, 3 ], [ 1, 3, 1, 3, 3, 3, 1, 3, 3, -2, 1, 1, 3, 3, 3, 1, 1, 3 ], 
          [ 3, 3, 3, 3, 3, 1, 3, 3, 1, 1, -2, 1, 3, 3, 3, 1, 1, 3 ], [ 3, 1, 1, 1, 3, 1, 1, 1, 3, 1, 1, -2, 1, 3, 3, 3, 1, 1 ], 
          [ 3, 1, 1, 1, 3, 1, 1, 1, 3, 3, 3, 1, -2, 3, 1, 3, 1, 1 ], [ 1, 3, 3, 1, 1, 3, 1, 1, 1, 3, 3, 3, 3, -2, 3, 1, 3, 3 ], 
          [ 1, 1, 1, 3, 1, 1, 3, 1, 1, 3, 3, 3, 1, 3, -2, 3, 3, 1 ], [ 1, 3, 3, 3, 3, 3, 1, 3, 1, 1, 1, 3, 3, 1, 3, -2, 3, 3 ], 
          [ 3, 3, 3, 3, 3, 1, 3, 3, 3, 1, 1, 1, 1, 3, 3, 3, -2, 3 ], [ 3, 1, 1, 1, 1, 1, 3, 1, 3, 3, 3, 1, 1, 3, 1, 3, 3, -2 ] ] ], 
  [ 418, [ [ -2, 1, 1, 3, 1, 3, 1, 1, 1, 1, 1, 3, 3, 1, 3, 1 ], [ 1, -2, 1, 1, 1, 1, 1, 1, 3, 3, 1, 1, 3, 3, 1, 1 ], 
          [ 1, 1, -2, 1, 3, 3, 1, 1, 3, 1, 1, 3, 3, 1, 1, 3 ], [ 3, 1, 1, -2, 1, 3, 1, 1, 3, 3, 1, 1, 3, 3, 1, 1 ], 
          [ 1, 1, 3, 1, -2, 1, 3, 1, 1, 3, 1, 1, 3, 3, 3, 1 ], [ 3, 1, 3, 3, 1, -2, 3, 1, 1, 3, 3, 1, 1, 3, 1, 3 ], 
          [ 1, 1, 1, 1, 3, 3, -2, 1, 3, 1, 1, 1, 3, 1, 1, 1 ], [ 1, 1, 1, 1, 1, 1, 1, -2, 1, 3, 1, 1, 3, 3, 1, 1 ], 
          [ 1, 3, 3, 3, 1, 1, 3, 1, -2, 3, 3, 3, 1, 1, 3, 3 ], [ 1, 3, 1, 3, 3, 3, 1, 3, 3, -2, 1, 3, 1, 1, 3, 3 ], 
          [ 1, 1, 1, 1, 1, 3, 1, 1, 3, 1, -2, 3, 3, 3, 3, 1 ], [ 3, 1, 3, 1, 1, 1, 1, 1, 3, 3, 3, -2, 3, 3, 1, 1 ], 
          [ 3, 3, 3, 3, 3, 1, 3, 3, 1, 1, 3, 3, -2, 1, 3, 3 ], [ 1, 3, 1, 3, 3, 3, 1, 3, 1, 1, 3, 3, 1, -2, 3, 3 ], 
          [ 3, 1, 1, 1, 3, 1, 1, 1, 3, 3, 3, 1, 3, 3, -2, 3 ], [ 1, 1, 3, 1, 1, 3, 1, 1, 3, 3, 1, 1, 3, 3, 3, -2 ] ] ], 
  [ 540, [ [ -2, 1, 1, 3, 1, 3, 1, 1, 1, 3, 1, 3, 1, 3, 3 ], [ 1, -2, 1, 1, 1, 1, 1, 1, 3, 3, 3, 3, 1, 3, 1 ], 
          [ 1, 1, -2, 1, 3, 3, 1, 1, 3, 3, 1, 3, 1, 3, 3 ], [ 3, 1, 1, -2, 1, 3, 1, 1, 3, 3, 3, 3, 3, 1, 1 ], 
          [ 1, 1, 3, 1, -2, 1, 3, 1, 1, 1, 3, 3, 1, 1, 3 ], [ 3, 1, 3, 3, 1, -2, 3, 1, 1, 1, 3, 3, 1, 1, 3 ], 
          [ 1, 1, 1, 1, 3, 3, -2, 1, 3, 3, 1, 3, 3, 3, 1 ], [ 1, 1, 1, 1, 1, 1, 1, -2, 1, 3, 3, 3, 3, 1, 3 ], 
          [ 1, 3, 3, 3, 1, 1, 3, 1, -2, 1, 3, 3, 1, 1, 3 ], [ 3, 3, 3, 3, 1, 1, 3, 3, 1, -2, 3, 1, 1, 3, 3 ], 
          [ 1, 3, 1, 3, 3, 3, 1, 3, 3, 3, -2, 3, 1, 3, 3 ], [ 3, 3, 3, 3, 3, 3, 3, 3, 3, 1, 3, -2, 3, 3, 1 ], 
          [ 1, 1, 1, 3, 1, 1, 3, 3, 1, 1, 1, 3, -2, 3, 3 ], [ 3, 3, 3, 1, 1, 1, 3, 1, 1, 3, 3, 3, 3, -2, 3 ], 
          [ 3, 1, 3, 1, 3, 3, 1, 3, 3, 3, 3, 1, 3, 3, -2 ] ] ], [ 541, [ [ -2, 1, 1, 3, 1, 3, 1, 1, 1, 3, 3, 3, 1, 1, 3, 1 ], 
          [ 1, -2, 1, 1, 1, 1, 1, 1, 3, 3, 1, 3, 1, 3, 3, 3 ], [ 1, 1, -2, 1, 3, 3, 1, 1, 3, 3, 3, 1, 1, 1, 3, 3 ], 
          [ 3, 1, 1, -2, 1, 3, 1, 1, 3, 3, 1, 1, 1, 3, 3, 3 ], [ 1, 1, 3, 1, -2, 1, 3, 1, 1, 3, 1, 3, 1, 1, 3, 3 ], 
          [ 3, 1, 3, 3, 1, -2, 3, 1, 1, 1, 1, 3, 3, 1, 3, 3 ], [ 1, 1, 1, 1, 3, 3, -2, 1, 3, 3, 3, 1, 1, 3, 3, 1 ], 
          [ 1, 1, 1, 1, 1, 1, 1, -2, 1, 1, 1, 3, 1, 1, 3, 1 ], [ 1, 3, 3, 3, 1, 1, 3, 1, -2, 1, 1, 3, 3, 1, 3, 1 ], 
          [ 3, 3, 3, 3, 3, 1, 3, 1, 1, -2, 1, 3, 3, 1, 1, 1 ], [ 3, 1, 3, 1, 1, 1, 3, 1, 1, 1, -2, 3, 3, 3, 1, 1 ], 
          [ 3, 3, 1, 1, 3, 3, 1, 3, 3, 3, 3, -2, 3, 3, 1, 3 ], [ 1, 1, 1, 1, 1, 3, 1, 1, 3, 3, 3, 3, -2, 1, 3, 3 ], 
          [ 1, 3, 1, 3, 1, 1, 3, 1, 1, 1, 3, 3, 1, -2, 3, 3 ], [ 3, 3, 3, 3, 3, 3, 3, 3, 3, 1, 1, 1, 3, 3, -2, 1 ], 
          [ 1, 3, 3, 3, 3, 3, 1, 1, 1, 1, 1, 3, 3, 3, 1, -2 ] ] ], [ 427, [ [ -2, 1, 1, 3, 1, 3, 1, 1, 1, 1, 1, 3, 3, 3, 3, 1 ], 
          [ 1, -2, 1, 1, 1, 1, 1, 1, 3, 3, 3, 3, 1, 3, 3, 1 ], [ 1, 1, -2, 1, 3, 3, 1, 1, 3, 1, 1, 3, 1, 3, 3, 1 ], 
          [ 3, 1, 1, -2, 1, 3, 1, 1, 3, 1, 3, 1, 1, 3, 3, 3 ], [ 1, 1, 3, 1, -2, 1, 3, 1, 1, 1, 3, 1, 3, 3, 3, 3 ], 
          [ 3, 1, 3, 3, 1, -2, 3, 1, 1, 3, 3, 3, 3, 1, 1, 1 ], [ 1, 1, 1, 1, 3, 3, -2, 1, 3, 1, 3, 3, 1, 3, 3, 1 ], 
          [ 1, 1, 1, 1, 1, 1, 1, -2, 1, 1, 3, 3, 3, 3, 1, 1 ], [ 1, 3, 3, 3, 1, 1, 3, 1, -2, 1, 1, 1, 3, 1, 1, 1 ], 
          [ 1, 3, 1, 1, 1, 3, 1, 1, 1, -2, 1, 1, 3, 3, 3, 1 ], [ 1, 3, 1, 3, 3, 3, 3, 3, 1, 1, -2, 1, 3, 1, 3, 1 ], 
          [ 3, 3, 3, 1, 1, 3, 3, 3, 1, 1, 1, -2, 1, 1, 3, 3 ], [ 3, 1, 1, 1, 3, 3, 1, 3, 3, 3, 3, 1, -2, 3, 3, 3 ], 
          [ 3, 3, 3, 3, 3, 1, 3, 3, 1, 3, 1, 1, 3, -2, 1, 1 ], [ 3, 3, 3, 3, 3, 1, 3, 1, 1, 3, 3, 3, 3, 1, -2, 1 ], 
          [ 1, 1, 1, 3, 3, 1, 1, 1, 1, 1, 1, 3, 3, 1, 1, -2 ] ] ], [ 408, [ [ -2, 1, 1, 3, 1, 3, 1, 1, 1, 1, 3, 3, 1, 3, 1, 1 ], 
          [ 1, -2, 1, 1, 1, 1, 1, 1, 3, 3, 3, 1, 1, 1, 3, 1 ], [ 1, 1, -2, 1, 3, 3, 1, 1, 3, 1, 3, 1, 3, 1, 1, 1 ], 
          [ 3, 1, 1, -2, 1, 3, 1, 1, 3, 1, 1, 1, 3, 1, 3, 3 ], [ 1, 1, 3, 1, -2, 1, 3, 1, 1, 1, 1, 3, 1, 3, 3, 3 ], 
          [ 3, 1, 3, 3, 1, -2, 3, 1, 1, 3, 3, 3, 1, 1, 3, 1 ], [ 1, 1, 1, 1, 3, 3, -2, 1, 3, 1, 3, 1, 3, 1, 1, 1 ], 
          [ 1, 1, 1, 1, 1, 1, 1, -2, 1, 1, 3, 3, 1, 1, 1, 1 ], [ 1, 3, 3, 3, 1, 1, 3, 1, -2, 1, 3, 3, 1, 3, 1, 1 ], 
          [ 1, 3, 1, 1, 1, 3, 1, 1, 1, -2, 1, 3, 3, 3, 1, 1 ], [ 3, 3, 3, 1, 1, 3, 3, 3, 3, 1, -2, 3, 3, 3, 3, 3 ], 
          [ 3, 1, 1, 1, 3, 3, 1, 3, 3, 3, 3, -2, 3, 1, 1, 3 ], [ 1, 1, 3, 3, 1, 1, 3, 1, 1, 3, 3, 3, -2, 1, 1, 1 ], 
          [ 3, 1, 1, 1, 3, 1, 1, 1, 3, 3, 3, 1, 1, -2, 1, 1 ], [ 1, 3, 1, 3, 3, 3, 1, 1, 1, 1, 3, 1, 1, 1, -2, 1 ], 
          [ 1, 1, 1, 3, 3, 1, 1, 1, 1, 1, 3, 3, 1, 1, 1, -2 ] ] ], [ 497, [ [ -2, 1, 1, 3, 1, 3, 1, 1, 1, 1, 1, 1, 1, 3, 1, 1 ], 
          [ 1, -2, 1, 1, 1, 1, 1, 1, 3, 3, 1, 1, 3, 1, 1, 1 ], [ 1, 1, -2, 1, 3, 3, 1, 1, 3, 3, 1, 1, 1, 3, 1, 1 ], 
          [ 3, 1, 1, -2, 1, 3, 1, 1, 3, 3, 3, 3, 3, 1, 3, 1 ], [ 1, 1, 3, 1, -2, 1, 3, 1, 1, 1, 3, 3, 3, 1, 3, 1 ], 
          [ 3, 1, 3, 3, 1, -2, 3, 1, 1, 3, 1, 3, 3, 1, 3, 3 ], [ 1, 1, 1, 1, 3, 3, -2, 1, 3, 3, 1, 1, 3, 1, 1, 1 ], 
          [ 1, 1, 1, 1, 1, 1, 1, -2, 1, 3, 1, 3, 3, 3, 3, 3 ], [ 1, 3, 3, 3, 1, 1, 3, 1, -2, 1, 1, 3, 1, 3, 3, 3 ], 
          [ 1, 3, 3, 3, 1, 3, 3, 3, 1, -2, 3, 3, 1, 3, 1, 1 ], [ 1, 1, 1, 3, 3, 1, 1, 1, 1, 3, -2, 1, 1, 3, 1, 1 ], 
          [ 1, 1, 1, 3, 3, 3, 1, 3, 3, 3, 1, -2, 1, 1, 1, 1 ], [ 1, 3, 1, 3, 3, 3, 3, 3, 1, 1, 1, 1, -2, 3, 1, 1 ], 
          [ 3, 1, 3, 1, 1, 1, 1, 3, 3, 3, 3, 1, 3, -2, 3, 1 ], [ 1, 1, 1, 3, 3, 3, 1, 3, 3, 1, 1, 1, 1, 3, -2, 1 ], 
          [ 1, 1, 1, 1, 1, 3, 1, 3, 3, 1, 1, 1, 1, 1, 1, -2 ] ] ], [ 549, [ [ -2, 1, 1, 3, 1, 3, 1, 1, 1, 1, 1, 3, 3, 3, 3, 3 ], 
          [ 1, -2, 1, 1, 1, 1, 1, 1, 3, 3, 1, 1, 1, 1, 3, 3 ], [ 1, 1, -2, 1, 3, 3, 1, 1, 3, 3, 1, 3, 3, 1, 3, 1 ], 
          [ 3, 1, 1, -2, 1, 3, 1, 1, 3, 3, 1, 1, 1, 1, 1, 1 ], [ 1, 1, 3, 1, -2, 1, 3, 1, 1, 1, 1, 1, 1, 3, 1, 3 ], 
          [ 3, 1, 3, 3, 1, -2, 3, 1, 1, 3, 3, 1, 1, 1, 3, 3 ], [ 1, 1, 1, 1, 3, 3, -2, 1, 3, 3, 3, 3, 3, 1, 3, 1 ], 
          [ 1, 1, 1, 1, 1, 1, 1, -2, 1, 3, 1, 1, 3, 1, 3, 1 ], [ 1, 3, 3, 3, 1, 1, 3, 1, -2, 1, 3, 1, 3, 3, 3, 3 ], 
          [ 1, 3, 3, 3, 1, 3, 3, 3, 1, -2, 1, 1, 3, 3, 1, 1 ], [ 1, 1, 1, 1, 1, 3, 3, 1, 3, 1, -2, 1, 1, 1, 1, 1 ], 
          [ 3, 1, 3, 1, 1, 1, 3, 1, 1, 1, 1, -2, 1, 1, 1, 1 ], [ 3, 1, 3, 1, 1, 1, 3, 3, 3, 3, 1, 1, -2, 1, 1, 3 ], 
          [ 3, 1, 1, 1, 3, 1, 1, 1, 3, 3, 1, 1, 1, -2, 3, 1 ], [ 3, 3, 3, 1, 1, 3, 3, 3, 3, 1, 1, 1, 1, 3, -2, 1 ], 
          [ 3, 3, 1, 1, 3, 3, 1, 1, 3, 1, 1, 1, 3, 1, 1, -2 ] ] ], [ 416, [ [ -2, 1, 1, 3, 1, 3, 1, 1, 1, 3, 1, 3, 1, 3, 1 ], 
          [ 1, -2, 1, 1, 1, 1, 1, 1, 1, 3, 1, 3, 1, 3, 3 ], [ 1, 1, -2, 1, 3, 3, 1, 1, 1, 3, 1, 1, 3, 1, 1 ], 
          [ 3, 1, 1, -2, 1, 3, 1, 1, 1, 1, 1, 1, 3, 1, 3 ], [ 1, 1, 3, 1, -2, 1, 3, 1, 1, 1, 1, 3, 1, 3, 3 ], 
          [ 3, 1, 3, 3, 1, -2, 3, 1, 3, 3, 3, 3, 1, 3, 3 ], [ 1, 1, 1, 1, 3, 3, -2, 1, 3, 3, 3, 3, 3, 1, 1 ], 
          [ 1, 1, 1, 1, 1, 1, 1, -2, 1, 3, 3, 3, 1, 1, 1 ], [ 1, 1, 1, 1, 1, 3, 3, 1, -2, 3, 1, 1, 1, 3, 3 ], 
          [ 3, 3, 3, 1, 1, 3, 3, 3, 3, -2, 1, 1, 3, 1, 1 ], [ 1, 1, 1, 1, 1, 3, 3, 3, 1, 1, -2, 1, 3, 3, 3 ], 
          [ 3, 3, 1, 1, 3, 3, 3, 3, 1, 1, 1, -2, 3, 1, 3 ], [ 1, 1, 3, 3, 1, 1, 3, 1, 1, 3, 3, 3, -2, 3, 3 ], 
          [ 3, 3, 1, 1, 3, 3, 1, 1, 3, 1, 3, 1, 3, -2, 1 ], [ 1, 3, 1, 3, 3, 3, 1, 1, 3, 1, 3, 3, 3, 1, -2 ] ] ], 
  [ 665, [ [ -2, 1, 1, 3, 1, 3, 1, 1, 1, 3, 3, 3, 1, 1, 3, 3, 1 ], [ 1, -2, 1, 1, 1, 1, 1, 1, 1, 3, 3, 3, 1, 3, 3, 1, 1 ], 
          [ 1, 1, -2, 1, 3, 3, 1, 1, 1, 1, 3, 1, 3, 1, 3, 3, 1 ], [ 3, 1, 1, -2, 1, 3, 1, 1, 1, 1, 3, 1, 3, 3, 3, 1, 3 ], 
          [ 1, 1, 3, 1, -2, 1, 3, 1, 1, 3, 3, 3, 1, 3, 3, 1, 3 ], [ 3, 1, 3, 3, 1, -2, 3, 1, 3, 3, 1, 3, 1, 3, 1, 1, 3 ], 
          [ 1, 1, 1, 1, 3, 3, -2, 1, 3, 1, 3, 3, 3, 3, 3, 3, 1 ], [ 1, 1, 1, 1, 1, 1, 1, -2, 1, 3, 3, 1, 3, 3, 3, 1, 3 ], 
          [ 1, 1, 1, 1, 1, 3, 3, 1, -2, 3, 3, 1, 1, 1, 3, 1, 3 ], [ 3, 3, 1, 1, 3, 3, 1, 3, 3, -2, 1, 3, 3, 3, 3, 3, 1 ], 
          [ 3, 3, 3, 3, 3, 1, 3, 3, 3, 1, -2, 3, 1, 1, 1, 1, 3 ], [ 3, 3, 1, 1, 3, 3, 3, 1, 1, 3, 3, -2, 3, 1, 1, 1, 3 ], 
          [ 1, 1, 3, 3, 1, 1, 3, 3, 1, 3, 1, 3, -2, 1, 1, 1, 3 ], [ 1, 3, 1, 3, 3, 3, 3, 3, 1, 3, 1, 1, 1, -2, 1, 3, 3 ], 
          [ 3, 3, 3, 3, 3, 1, 3, 3, 3, 3, 1, 1, 1, 1, -2, 1, 3 ], [ 3, 1, 3, 1, 1, 1, 3, 1, 1, 3, 1, 1, 1, 3, 1, -2, 3 ], 
          [ 1, 1, 1, 3, 3, 3, 1, 3, 3, 1, 3, 3, 3, 3, 3, 3, -2 ] ] ], [ 460, [ [ -2, 1, 1, 3, 1, 3, 1, 1, 1, 3, 3, 1, 3, 3, 3, 3 ], 
          [ 1, -2, 1, 1, 1, 1, 1, 1, 1, 3, 3, 3, 1, 1, 3, 1 ], [ 1, 1, -2, 1, 3, 3, 1, 1, 1, 1, 3, 1, 3, 1, 3, 3 ], 
          [ 3, 1, 1, -2, 1, 3, 1, 1, 1, 1, 3, 3, 1, 1, 1, 1 ], [ 1, 1, 3, 1, -2, 1, 3, 1, 1, 3, 3, 3, 1, 3, 1, 1 ], 
          [ 3, 1, 3, 3, 1, -2, 3, 1, 3, 3, 1, 3, 1, 1, 3, 1 ], [ 1, 1, 1, 1, 3, 3, -2, 1, 3, 1, 3, 1, 3, 1, 3, 1 ], 
          [ 1, 1, 1, 1, 1, 1, 1, -2, 1, 3, 3, 3, 3, 1, 3, 3 ], [ 1, 1, 1, 1, 1, 3, 3, 1, -2, 3, 3, 3, 3, 3, 1, 3 ], 
          [ 3, 3, 1, 1, 3, 3, 1, 3, 3, -2, 1, 1, 1, 1, 3, 1 ], [ 3, 3, 3, 3, 3, 1, 3, 3, 3, 1, -2, 1, 1, 3, 3, 3 ], 
          [ 1, 3, 1, 3, 3, 3, 1, 3, 3, 1, 1, -2, 3, 3, 3, 3 ], [ 3, 1, 3, 1, 1, 1, 3, 3, 3, 1, 1, 3, -2, 1, 3, 1 ], 
          [ 3, 1, 1, 1, 3, 1, 1, 1, 3, 1, 3, 3, 1, -2, 3, 1 ], [ 3, 3, 3, 1, 1, 3, 3, 3, 1, 3, 3, 3, 3, 3, -2, 1 ], 
          [ 3, 1, 3, 1, 1, 1, 1, 3, 3, 1, 3, 3, 1, 1, 1, -2 ] ] ], [ 436, [ [ -2, 1, 1, 3, 1, 3, 1, 1, 1, 3, 3, 3, 3, 3, 3, 1 ], 
          [ 1, -2, 1, 1, 1, 1, 1, 1, 1, 3, 1, 3, 1, 1, 1, 1 ], [ 1, 1, -2, 1, 3, 3, 1, 1, 1, 1, 3, 3, 3, 1, 3, 3 ], 
          [ 3, 1, 1, -2, 1, 3, 1, 1, 1, 1, 3, 3, 1, 1, 1, 3 ], [ 1, 1, 3, 1, -2, 1, 3, 1, 1, 3, 3, 3, 1, 1, 1, 1 ], 
          [ 3, 1, 3, 3, 1, -2, 3, 1, 3, 3, 1, 1, 1, 1, 1, 1 ], [ 1, 1, 1, 1, 3, 3, -2, 1, 3, 1, 3, 3, 3, 3, 3, 3 ], 
          [ 1, 1, 1, 1, 1, 1, 1, -2, 1, 3, 3, 3, 1, 1, 3, 1 ], [ 1, 1, 1, 1, 1, 3, 3, 1, -2, 3, 3, 3, 1, 1, 3, 1 ], 
          [ 3, 3, 1, 1, 3, 3, 1, 3, 3, -2, 3, 3, 3, 3, 3, 3 ], [ 3, 1, 3, 3, 3, 1, 3, 3, 3, 3, -2, 1, 1, 3, 1, 1 ], 
          [ 3, 3, 3, 3, 3, 1, 3, 3, 3, 3, 1, -2, 1, 1, 1, 3 ], [ 3, 1, 3, 1, 1, 1, 3, 1, 1, 3, 1, 1, -2, 1, 1, 1 ], 
          [ 3, 1, 1, 1, 1, 1, 3, 1, 1, 3, 3, 1, 1, -2, 1, 3 ], [ 3, 1, 3, 1, 1, 1, 3, 3, 3, 3, 1, 1, 1, 1, -2, 3 ], 
          [ 1, 1, 3, 3, 1, 1, 3, 1, 1, 3, 1, 3, 1, 3, 3, -2 ] ] ], [ 878, [ [ -2, 1, 1, 3, 1, 3, 1, 1, 1, 1, 3, 3, 1, 1, 3, 1, 3 ], 
          [ 1, -2, 1, 1, 1, 1, 1, 1, 3, 3, 1, 3, 3, 1, 1, 3, 3 ], [ 1, 1, -2, 1, 3, 3, 1, 1, 3, 3, 3, 3, 3, 3, 3, 1, 3 ], 
          [ 3, 1, 1, -2, 1, 3, 1, 1, 3, 3, 1, 3, 3, 3, 3, 3, 1 ], [ 1, 1, 3, 1, -2, 1, 3, 1, 1, 3, 1, 3, 1, 1, 3, 3, 1 ], 
          [ 3, 1, 3, 3, 1, -2, 3, 1, 1, 3, 1, 3, 3, 1, 1, 3, 3 ], [ 1, 1, 1, 1, 3, 3, -2, 1, 3, 1, 3, 3, 3, 3, 3, 3, 3 ], 
          [ 1, 1, 1, 1, 1, 1, 1, -2, 1, 3, 1, 3, 3, 3, 3, 3, 3 ], [ 1, 3, 3, 3, 1, 1, 3, 1, -2, 1, 3, 3, 1, 1, 3, 1, 3 ], 
          [ 1, 3, 3, 3, 3, 3, 1, 3, 1, -2, 3, 3, 1, 1, 3, 1, 3 ], [ 3, 1, 3, 1, 1, 1, 3, 1, 3, 3, -2, 1, 3, 3, 1, 3, 1 ], 
          [ 3, 3, 3, 3, 3, 3, 3, 3, 3, 3, 1, -2, 1, 3, 1, 1, 1 ], [ 1, 3, 3, 3, 1, 3, 3, 3, 1, 1, 3, 1, -2, 1, 3, 1, 1 ], 
          [ 1, 1, 3, 3, 1, 1, 3, 3, 1, 1, 3, 3, 1, -2, 1, 1, 3 ], [ 3, 1, 3, 3, 3, 1, 3, 3, 3, 3, 1, 1, 3, 1, -2, 3, 1 ], 
          [ 1, 3, 1, 3, 3, 3, 3, 3, 1, 1, 3, 1, 1, 1, 3, -2, 3 ], [ 3, 3, 3, 1, 1, 3, 3, 3, 3, 3, 1, 1, 1, 3, 1, 3, -2 ] ] ], 
  [ 715, [ [ -2, 1, 1, 3, 1, 3, 1, 1, 1, 3, 1, 3, 3, 1, 3, 1, 3 ], [ 1, -2, 1, 1, 1, 1, 1, 1, 3, 3, 3, 3, 3, 3, 3, 1, 3 ], 
          [ 1, 1, -2, 1, 3, 3, 1, 1, 3, 1, 3, 3, 1, 1, 3, 3, 3 ], [ 3, 1, 1, -2, 1, 3, 1, 1, 3, 1, 1, 3, 1, 1, 1, 3, 3 ], 
          [ 1, 1, 3, 1, -2, 1, 3, 1, 1, 3, 1, 1, 3, 1, 3, 1, 3 ], [ 3, 1, 3, 3, 1, -2, 3, 1, 1, 3, 3, 1, 3, 3, 3, 1, 1 ], 
          [ 1, 1, 1, 1, 3, 3, -2, 1, 3, 1, 1, 3, 1, 1, 1, 3, 3 ], [ 1, 1, 1, 1, 1, 1, 1, -2, 1, 3, 1, 3, 1, 1, 3, 1, 3 ], 
          [ 1, 3, 3, 3, 1, 1, 3, 1, -2, 3, 1, 1, 3, 1, 3, 1, 1 ], [ 3, 3, 1, 1, 3, 3, 1, 3, 3, -2, 1, 1, 1, 1, 1, 3, 3 ], 
          [ 1, 3, 3, 1, 1, 3, 1, 1, 1, 1, -2, 3, 1, 1, 1, 1, 3 ], [ 3, 3, 3, 3, 1, 1, 3, 3, 1, 1, 3, -2, 3, 1, 3, 3, 1 ], 
          [ 3, 3, 1, 1, 3, 3, 1, 1, 3, 1, 1, 3, -2, 1, 1, 3, 3 ], [ 1, 3, 1, 1, 1, 3, 1, 1, 1, 1, 1, 1, 1, -2, 3, 3, 3 ], 
          [ 3, 3, 3, 1, 3, 3, 1, 3, 3, 1, 1, 3, 1, 3, -2, 3, 1 ], [ 1, 1, 3, 3, 1, 1, 3, 1, 1, 3, 1, 3, 3, 3, 3, -2, 3 ], 
          [ 3, 3, 3, 3, 3, 1, 3, 3, 1, 3, 3, 1, 3, 3, 1, 3, -2 ] ] ], 
  [ 534, [ [ -2, 1, 1, 3, 1, 3, 1, 1, 1, 3, 1, 3, 3, 1, 1, 3 ], [ 1, -2, 1, 1, 1, 1, 1, 1, 3, 3, 1, 3, 1, 3, 1, 3 ], 
          [ 1, 1, -2, 1, 3, 3, 1, 1, 3, 1, 3, 3, 3, 3, 1, 3 ], [ 3, 1, 1, -2, 1, 3, 1, 1, 3, 1, 3, 1, 1, 3, 3, 3 ], 
          [ 1, 1, 3, 1, -2, 1, 3, 1, 1, 3, 1, 1, 1, 1, 1, 3 ], [ 3, 1, 3, 3, 1, -2, 3, 1, 1, 3, 1, 3, 1, 3, 1, 3 ], 
          [ 1, 1, 1, 1, 3, 3, -2, 1, 3, 1, 3, 3, 3, 3, 3, 3 ], [ 1, 1, 1, 1, 1, 1, 1, -2, 1, 3, 3, 3, 3, 3, 3, 3 ], 
          [ 1, 3, 3, 3, 1, 1, 3, 1, -2, 3, 1, 1, 3, 1, 3, 3 ], [ 3, 3, 1, 1, 3, 3, 1, 3, 3, -2, 3, 1, 3, 3, 3, 1 ], 
          [ 1, 1, 3, 3, 1, 1, 3, 3, 1, 3, -2, 3, 1, 1, 1, 3 ], [ 3, 3, 3, 1, 1, 3, 3, 3, 1, 1, 3, -2, 3, 1, 3, 1 ], 
          [ 3, 1, 3, 1, 1, 1, 3, 3, 3, 3, 1, 3, -2, 3, 1, 3 ], [ 1, 3, 3, 3, 1, 3, 3, 3, 1, 3, 1, 1, 3, -2, 1, 1 ], 
          [ 1, 1, 1, 3, 1, 1, 3, 3, 3, 3, 1, 3, 1, 1, -2, 3 ], [ 3, 3, 3, 3, 3, 3, 3, 3, 3, 1, 3, 1, 3, 1, 3, -2 ] ] ], 
  [ 548, [ [ -2, 1, 1, 3, 1, 3, 1, 1, 1, 3, 1, 1, 3, 1, 3, 3 ], [ 1, -2, 1, 1, 1, 1, 1, 1, 3, 3, 1, 1, 1, 3, 1, 3 ], 
          [ 1, 1, -2, 1, 3, 3, 1, 1, 3, 3, 1, 1, 3, 1, 1, 3 ], [ 3, 1, 1, -2, 1, 3, 1, 1, 3, 3, 1, 3, 1, 3, 1, 3 ], 
          [ 1, 1, 3, 1, -2, 1, 3, 1, 1, 3, 1, 3, 1, 3, 3, 1 ], [ 3, 1, 3, 3, 1, -2, 3, 1, 1, 1, 1, 3, 1, 3, 3, 1 ], 
          [ 1, 1, 1, 1, 3, 3, -2, 1, 3, 1, 1, 1, 3, 1, 3, 3 ], [ 1, 1, 1, 1, 1, 1, 1, -2, 1, 3, 1, 3, 1, 3, 3, 3 ], 
          [ 1, 3, 3, 3, 1, 1, 3, 1, -2, 1, 1, 3, 3, 3, 3, 3 ], [ 3, 3, 3, 3, 3, 1, 1, 3, 1, -2, 1, 3, 3, 1, 3, 1 ], 
          [ 1, 1, 1, 1, 1, 1, 1, 1, 1, 1, -2, 3, 3, 1, 3, 3 ], [ 1, 1, 1, 3, 3, 3, 1, 3, 3, 3, 3, -2, 3, 1, 1, 3 ], 
          [ 3, 1, 3, 1, 1, 1, 3, 1, 3, 3, 3, 3, -2, 3, 1, 1 ], [ 1, 3, 1, 3, 3, 3, 1, 3, 3, 1, 1, 1, 3, -2, 3, 1 ], 
          [ 3, 1, 1, 1, 3, 3, 3, 3, 3, 3, 3, 1, 1, 3, -2, 3 ], [ 3, 3, 3, 3, 1, 1, 3, 3, 3, 1, 3, 3, 1, 1, 3, -2 ] ] ], 
  [ 408, [ [ -2, 1, 1, 3, 1, 3, 1, 1, 1, 3, 1, 3, 3, 1, 3 ], [ 1, -2, 1, 1, 1, 1, 1, 1, 3, 3, 1, 1, 3, 3, 3 ], 
          [ 1, 1, -2, 1, 3, 3, 1, 1, 3, 3, 1, 1, 3, 1, 3 ], [ 3, 1, 1, -2, 1, 3, 1, 1, 3, 3, 1, 1, 3, 3, 3 ], 
          [ 1, 1, 3, 1, -2, 1, 3, 1, 1, 3, 1, 3, 3, 3, 1 ], [ 3, 1, 3, 3, 1, -2, 3, 1, 1, 1, 3, 3, 3, 3, 1 ], 
          [ 1, 1, 1, 1, 3, 3, -2, 1, 3, 1, 1, 3, 3, 1, 3 ], [ 1, 1, 1, 1, 1, 1, 1, -2, 1, 3, 1, 3, 3, 3, 3 ], 
          [ 1, 3, 3, 3, 1, 1, 3, 1, -2, 1, 3, 3, 3, 1, 1 ], [ 3, 3, 3, 3, 3, 1, 1, 3, 1, -2, 3, 3, 3, 1, 1 ], 
          [ 1, 1, 1, 1, 1, 3, 1, 1, 3, 3, -2, 1, 3, 3, 3 ], [ 3, 1, 1, 1, 3, 3, 3, 3, 3, 3, 1, -2, 1, 3, 3 ], 
          [ 3, 3, 3, 3, 3, 3, 3, 3, 3, 3, 3, 1, -2, 3, 1 ], [ 1, 3, 1, 3, 3, 3, 1, 3, 1, 1, 3, 3, 3, -2, 1 ], 
          [ 3, 3, 3, 3, 1, 1, 3, 3, 1, 1, 3, 3, 1, 1, -2 ] ] ], 
  [ 436, [ [ -2, 1, 1, 3, 1, 3, 1, 1, 1, 3, 1, 1, 3, 3, 1, 3 ], [ 1, -2, 1, 1, 1, 1, 1, 1, 3, 1, 1, 1, 1, 3, 1, 1 ], 
          [ 1, 1, -2, 1, 3, 3, 1, 1, 3, 1, 3, 1, 1, 3, 3, 1 ], [ 3, 1, 1, -2, 1, 3, 1, 1, 3, 1, 3, 3, 1, 3, 3, 1 ], 
          [ 1, 1, 3, 1, -2, 1, 3, 1, 1, 3, 1, 3, 1, 3, 1, 3 ], [ 3, 1, 3, 3, 1, -2, 3, 1, 1, 3, 1, 1, 1, 1, 1, 1 ], 
          [ 1, 1, 1, 1, 3, 3, -2, 1, 3, 1, 3, 1, 3, 3, 1, 1 ], [ 1, 1, 1, 1, 1, 1, 1, -2, 1, 3, 1, 1, 1, 3, 1, 1 ], 
          [ 1, 3, 3, 3, 1, 1, 3, 1, -2, 3, 1, 1, 3, 1, 1, 3 ], [ 3, 1, 1, 1, 3, 3, 1, 3, 3, -2, 3, 3, 1, 3, 3, 1 ], 
          [ 1, 1, 3, 3, 1, 1, 3, 1, 1, 3, -2, 1, 3, 3, 1, 3 ], [ 1, 1, 1, 3, 3, 1, 1, 1, 1, 3, 1, -2, 3, 1, 1, 1 ], 
          [ 3, 1, 1, 1, 1, 1, 3, 1, 3, 1, 3, 3, -2, 3, 3, 1 ], [ 3, 3, 3, 3, 3, 1, 3, 3, 1, 3, 3, 1, 3, -2, 3, 1 ], 
          [ 1, 1, 3, 3, 1, 1, 1, 1, 1, 3, 1, 1, 3, 3, -2, 3 ], [ 3, 1, 1, 1, 3, 1, 1, 1, 3, 1, 3, 1, 1, 1, 3, -2 ] ] ], 
  [ 415, [ [ -2, 1, 1, 3, 1, 3, 1, 1, 1, 1, 3, 3, 1, 3, 3, 3 ], [ 1, -2, 1, 1, 1, 1, 1, 1, 3, 1, 3, 3, 3, 3, 3, 3 ], 
          [ 1, 1, -2, 1, 3, 3, 1, 1, 3, 3, 1, 3, 3, 1, 1, 1 ], [ 3, 1, 1, -2, 1, 3, 1, 1, 3, 3, 1, 1, 3, 1, 1, 1 ], 
          [ 1, 1, 3, 1, -2, 1, 3, 1, 1, 3, 3, 1, 3, 3, 3, 3 ], [ 3, 1, 3, 3, 1, -2, 3, 1, 1, 3, 3, 1, 3, 3, 3, 3 ], 
          [ 1, 1, 1, 1, 3, 3, -2, 1, 3, 1, 1, 3, 1, 1, 3, 3 ], [ 1, 1, 1, 1, 1, 1, 1, -2, 1, 3, 3, 1, 3, 3, 3, 3 ], 
          [ 1, 3, 3, 3, 1, 1, 3, 1, -2, 3, 3, 1, 1, 3, 3, 1 ], [ 1, 1, 3, 3, 3, 3, 1, 3, 3, -2, 3, 3, 1, 3, 3, 3 ], 
          [ 3, 3, 1, 1, 3, 3, 1, 3, 3, 3, -2, 1, 3, 1, 1, 1 ], [ 3, 3, 3, 1, 1, 1, 3, 1, 1, 3, 1, -2, 3, 3, 1, 1 ], 
          [ 1, 3, 3, 3, 3, 3, 1, 3, 1, 1, 3, 3, -2, 1, 3, 1 ], [ 3, 3, 1, 1, 3, 3, 1, 3, 3, 3, 1, 3, 1, -2, 1, 1 ], 
          [ 3, 3, 1, 1, 3, 3, 3, 3, 3, 3, 1, 1, 3, 1, -2, 1 ], [ 3, 3, 1, 1, 3, 3, 3, 3, 1, 3, 1, 1, 1, 1, 1, -2 ] ] ], 
  [ 425, [ [ -2, 1, 1, 3, 1, 3, 1, 1, 1, 3, 3, 3, 1, 3, 1, 1 ], [ 1, -2, 1, 1, 1, 1, 1, 1, 3, 3, 3, 1, 3, 1, 1, 3 ], 
          [ 1, 1, -2, 1, 3, 3, 1, 1, 3, 3, 3, 1, 1, 3, 1, 3 ], [ 3, 1, 1, -2, 1, 3, 1, 1, 3, 3, 3, 1, 3, 3, 1, 3 ], 
          [ 1, 1, 3, 1, -2, 1, 3, 1, 1, 3, 3, 1, 3, 3, 1, 1 ], [ 3, 1, 3, 3, 1, -2, 3, 1, 1, 1, 1, 1, 3, 1, 3, 1 ], 
          [ 1, 1, 1, 1, 3, 3, -2, 1, 3, 1, 3, 3, 3, 3, 1, 1 ], [ 1, 1, 1, 1, 1, 1, 1, -2, 1, 3, 3, 1, 3, 3, 1, 1 ], 
          [ 1, 3, 3, 3, 1, 1, 3, 1, -2, 3, 1, 3, 1, 3, 3, 1 ], [ 3, 3, 3, 3, 3, 1, 1, 3, 3, -2, 1, 3, 3, 1, 3, 1 ], 
          [ 3, 3, 3, 3, 3, 1, 3, 3, 1, 1, -2, 3, 1, 1, 3, 1 ], [ 3, 1, 1, 1, 1, 1, 3, 1, 3, 3, 3, -2, 3, 1, 1, 3 ], 
          [ 1, 3, 1, 3, 3, 3, 3, 3, 1, 3, 1, 3, -2, 3, 3, 3 ], [ 3, 1, 3, 3, 3, 1, 3, 3, 3, 1, 1, 1, 3, -2, 3, 3 ], 
          [ 1, 1, 1, 1, 1, 3, 1, 1, 3, 3, 3, 1, 3, 3, -2, 1 ], [ 1, 3, 3, 3, 1, 1, 1, 1, 1, 1, 1, 3, 3, 3, 1, -2 ] ] ], 
  [ 425, [ [ -2, 1, 1, 3, 1, 3, 1, 1, 1, 3, 3, 3, 1, 3, 1, 1 ], [ 1, -2, 1, 1, 1, 1, 1, 1, 3, 3, 3, 1, 3, 1, 1, 3 ], 
          [ 1, 1, -2, 1, 3, 3, 1, 1, 3, 3, 3, 1, 1, 3, 1, 3 ], [ 3, 1, 1, -2, 1, 3, 1, 1, 3, 3, 3, 1, 3, 3, 1, 3 ], 
          [ 1, 1, 3, 1, -2, 1, 3, 1, 1, 3, 3, 1, 3, 3, 1, 1 ], [ 3, 1, 3, 3, 1, -2, 3, 1, 1, 1, 1, 1, 3, 1, 3, 1 ], 
          [ 1, 1, 1, 1, 3, 3, -2, 1, 3, 1, 3, 3, 3, 3, 1, 1 ], [ 1, 1, 1, 1, 1, 1, 1, -2, 1, 3, 3, 1, 3, 3, 1, 1 ], 
          [ 1, 3, 3, 3, 1, 1, 3, 1, -2, 3, 1, 3, 1, 3, 3, 1 ], [ 3, 3, 3, 3, 3, 1, 1, 3, 3, -2, 1, 3, 3, 1, 3, 1 ], 
          [ 3, 3, 3, 3, 3, 1, 3, 3, 1, 1, -2, 3, 1, 1, 3, 3 ], [ 3, 1, 1, 1, 1, 1, 3, 1, 3, 3, 3, -2, 3, 1, 1, 3 ], 
          [ 1, 3, 1, 3, 3, 3, 3, 3, 1, 3, 1, 3, -2, 3, 3, 3 ], [ 3, 1, 3, 3, 3, 1, 3, 3, 3, 1, 1, 1, 3, -2, 3, 3 ], 
          [ 1, 1, 1, 1, 1, 3, 1, 1, 3, 3, 3, 1, 3, 3, -2, 3 ], [ 1, 3, 3, 3, 1, 1, 1, 1, 1, 1, 3, 3, 3, 3, 3, -2 ] ] ], 
  [ 560, [ [ -2, 1, 1, 3, 1, 3, 1, 1, 1, 3, 3, 3, 1, 3, 1, 1, 1 ], [ 1, -2, 1, 1, 1, 1, 1, 1, 3, 3, 3, 1, 3, 1, 1, 3, 3 ], 
          [ 1, 1, -2, 1, 3, 3, 1, 1, 3, 3, 3, 1, 1, 3, 1, 3, 3 ], [ 3, 1, 1, -2, 1, 3, 1, 1, 3, 3, 3, 1, 3, 3, 1, 3, 3 ], 
          [ 1, 1, 3, 1, -2, 1, 3, 1, 1, 3, 3, 1, 3, 3, 1, 1, 1 ], [ 3, 1, 3, 3, 1, -2, 3, 1, 1, 1, 1, 1, 3, 1, 3, 1, 3 ], 
          [ 1, 1, 1, 1, 3, 3, -2, 1, 3, 1, 3, 3, 3, 3, 1, 1, 3 ], [ 1, 1, 1, 1, 1, 1, 1, -2, 1, 3, 3, 1, 3, 3, 1, 1, 3 ], 
          [ 1, 3, 3, 3, 1, 1, 3, 1, -2, 3, 1, 3, 1, 3, 3, 1, 1 ], [ 3, 3, 3, 3, 3, 1, 1, 3, 3, -2, 1, 3, 3, 1, 3, 1, 3 ], 
          [ 3, 3, 3, 3, 3, 1, 3, 3, 1, 1, -2, 3, 1, 1, 3, 3, 3 ], [ 3, 1, 1, 1, 1, 1, 3, 1, 3, 3, 3, -2, 3, 1, 1, 3, 3 ], 
          [ 1, 3, 1, 3, 3, 3, 3, 3, 1, 3, 1, 3, -2, 3, 3, 3, 1 ], [ 3, 1, 3, 3, 3, 1, 3, 3, 3, 1, 1, 1, 3, -2, 3, 3, 3 ], 
          [ 1, 1, 1, 1, 1, 3, 1, 1, 3, 3, 3, 1, 3, 3, -2, 3, 3 ], [ 1, 3, 3, 3, 1, 1, 1, 1, 1, 1, 3, 3, 3, 3, 3, -2, 1 ], 
          [ 1, 3, 3, 3, 1, 3, 3, 3, 1, 3, 3, 3, 1, 3, 3, 1, -2 ] ] ], [ 633, [ [ -2, 1, 1, 3, 1, 3, 1, 1, 1, 3, 1, 1, 1, 1, 1, 1 ], 
          [ 1, -2, 1, 1, 1, 1, 1, 1, 3, 3, 1, 3, 1, 3, 1, 1 ], [ 1, 1, -2, 1, 3, 3, 1, 1, 3, 3, 3, 3, 3, 3, 1, 1 ], 
          [ 3, 1, 1, -2, 1, 3, 1, 1, 3, 1, 3, 3, 3, 3, 1, 1 ], [ 1, 1, 3, 1, -2, 1, 3, 1, 1, 1, 1, 1, 1, 1, 1, 1 ], 
          [ 3, 1, 3, 3, 1, -2, 3, 1, 1, 1, 1, 3, 1, 1, 1, 3 ], [ 1, 1, 1, 1, 3, 3, -2, 1, 3, 1, 1, 3, 3, 3, 1, 1 ], 
          [ 1, 1, 1, 1, 1, 1, 1, -2, 1, 1, 1, 3, 1, 1, 1, 1 ], [ 1, 3, 3, 3, 1, 1, 3, 1, -2, 1, 1, 3, 1, 1, 1, 1 ], 
          [ 3, 3, 3, 1, 1, 1, 1, 1, 1, -2, 1, 3, 3, 1, 1, 1 ], [ 1, 1, 3, 3, 1, 1, 1, 1, 1, 1, -2, 3, 1, 1, 1, 1 ], 
          [ 1, 3, 3, 3, 1, 3, 3, 3, 3, 3, 3, -2, 1, 1, 3, 3 ], [ 1, 1, 3, 3, 1, 1, 3, 1, 1, 3, 1, 1, -2, 1, 1, 1 ], 
          [ 1, 3, 3, 3, 1, 1, 3, 1, 1, 1, 1, 1, 1, -2, 1, 3 ], [ 1, 1, 1, 1, 1, 1, 1, 1, 1, 1, 1, 3, 1, 1, -2, 1 ], 
          [ 1, 1, 1, 1, 1, 3, 1, 1, 1, 1, 1, 3, 1, 3, 1, -2 ] ] ], [ 487, [ [ -2, 1, 1, 3, 1, 3, 1, 1, 1, 3, 1, 3, 3, 1, 1, 3 ], 
          [ 1, -2, 1, 1, 1, 1, 1, 1, 3, 3, 1, 1, 3, 1, 1, 3 ], [ 1, 1, -2, 1, 3, 3, 1, 1, 3, 3, 1, 3, 3, 1, 1, 3 ], 
          [ 3, 1, 1, -2, 1, 3, 1, 1, 3, 1, 3, 1, 1, 3, 1, 1 ], [ 1, 1, 3, 1, -2, 1, 3, 1, 1, 1, 1, 3, 1, 3, 1, 3 ], 
          [ 3, 1, 3, 3, 1, -2, 3, 1, 1, 1, 1, 3, 3, 3, 1, 3 ], [ 1, 1, 1, 1, 3, 3, -2, 1, 3, 1, 3, 1, 3, 1, 1, 1 ], 
          [ 1, 1, 1, 1, 1, 1, 1, -2, 1, 1, 3, 3, 3, 3, 1, 3 ], [ 1, 3, 3, 3, 1, 1, 3, 1, -2, 1, 3, 3, 1, 3, 1, 3 ], 
          [ 3, 3, 3, 1, 1, 1, 1, 1, 1, -2, 3, 3, 1, 3, 1, 1 ], [ 1, 1, 1, 3, 1, 1, 3, 3, 3, 3, -2, 3, 3, 1, 1, 3 ], 
          [ 3, 1, 3, 1, 3, 3, 1, 3, 3, 3, 3, -2, 1, 1, 3, 1 ], [ 3, 3, 3, 1, 1, 3, 3, 3, 1, 1, 3, 1, -2, 3, 3, 1 ], 
          [ 1, 1, 1, 3, 3, 3, 1, 3, 3, 3, 1, 1, 3, -2, 3, 3 ], [ 1, 1, 1, 1, 1, 1, 1, 1, 1, 1, 1, 3, 3, 3, -2, 3 ], 
          [ 3, 3, 3, 1, 3, 3, 1, 3, 3, 1, 3, 1, 1, 3, 3, -2 ] ] ], [ 618, [ [ -2, 1, 1, 3, 1, 3, 1, 1, 1, 1, 3, 3, 1, 3, 3, 3 ], 
          [ 1, -2, 1, 1, 1, 1, 1, 1, 3, 1, 1, 3, 1, 3, 3, 3 ], [ 1, 1, -2, 1, 3, 3, 1, 1, 3, 1, 1, 3, 1, 1, 3, 1 ], 
          [ 3, 1, 1, -2, 1, 3, 1, 1, 3, 3, 1, 3, 3, 1, 1, 1 ], [ 1, 1, 3, 1, -2, 1, 3, 1, 1, 3, 3, 3, 3, 3, 1, 3 ], 
          [ 3, 1, 3, 3, 1, -2, 3, 1, 1, 3, 3, 1, 1, 3, 3, 3 ], [ 1, 1, 1, 1, 3, 3, -2, 1, 3, 1, 1, 3, 1, 1, 3, 3 ], 
          [ 1, 1, 1, 1, 1, 1, 1, -2, 1, 3, 3, 3, 1, 3, 3, 3 ], [ 1, 3, 3, 3, 1, 1, 3, 1, -2, 3, 3, 1, 1, 3, 1, 1 ], 
          [ 1, 1, 1, 3, 3, 3, 1, 3, 3, -2, 1, 3, 1, 1, 3, 3 ], [ 3, 1, 1, 1, 3, 3, 1, 3, 3, 1, -2, 3, 3, 1, 1, 1 ], 
          [ 3, 3, 3, 3, 3, 1, 3, 3, 1, 3, 3, -2, 1, 3, 3, 1 ], [ 1, 1, 1, 3, 3, 1, 1, 1, 1, 1, 3, 1, -2, 3, 3, 3 ], 
          [ 3, 3, 1, 1, 3, 3, 1, 3, 3, 1, 1, 3, 3, -2, 1, 1 ], [ 3, 3, 3, 1, 1, 3, 3, 3, 1, 3, 1, 3, 3, 1, -2, 1 ], 
          [ 3, 3, 1, 1, 3, 3, 3, 3, 1, 3, 1, 1, 3, 1, 1, -2 ] ] ], [ 715, [ [ -2, 1, 1, 3, 1, 3, 1, 1, 1, 1, 1, 3, 1, 1, 1, 3, 3 ], 
          [ 1, -2, 1, 1, 1, 1, 1, 1, 3, 3, 3, 3, 1, 1, 1, 3, 3 ], [ 1, 1, -2, 1, 3, 3, 1, 1, 3, 3, 3, 3, 3, 3, 1, 3, 1 ], 
          [ 3, 1, 1, -2, 1, 3, 1, 1, 3, 1, 3, 1, 1, 3, 1, 3, 1 ], [ 1, 1, 3, 1, -2, 1, 3, 1, 1, 1, 1, 3, 1, 1, 1, 3, 3 ], 
          [ 3, 1, 3, 3, 1, -2, 3, 1, 1, 3, 1, 3, 3, 1, 3, 3, 3 ], [ 1, 1, 1, 1, 3, 3, -2, 1, 3, 1, 3, 1, 1, 3, 1, 3, 3 ], 
          [ 1, 1, 1, 1, 1, 1, 1, -2, 1, 1, 1, 3, 3, 3, 1, 3, 3 ], [ 1, 3, 3, 3, 1, 1, 3, 1, -2, 1, 1, 3, 1, 1, 1, 3, 3 ], 
          [ 1, 3, 3, 1, 1, 3, 1, 1, 1, -2, 1, 1, 1, 3, 1, 3, 3 ], [ 1, 3, 3, 3, 1, 1, 3, 1, 1, 1, -2, 3, 3, 1, 3, 3, 3 ], 
          [ 3, 3, 3, 1, 3, 3, 1, 3, 3, 1, 3, -2, 1, 3, 3, 1, 1 ], [ 1, 1, 3, 1, 1, 3, 1, 3, 1, 1, 3, 1, -2, 1, 1, 3, 3 ], 
          [ 1, 1, 3, 3, 1, 1, 3, 3, 1, 3, 1, 3, 1, -2, 3, 3, 3 ], [ 1, 1, 1, 1, 1, 3, 1, 1, 1, 1, 3, 3, 1, 3, -2, 3, 3 ], 
          [ 3, 3, 3, 3, 3, 3, 3, 3, 3, 3, 3, 1, 3, 3, 3, -2, 1 ], [ 3, 3, 1, 1, 3, 3, 3, 3, 3, 3, 3, 1, 3, 3, 3, 1, -2 ] ] ], 
  [ 435, [ [ -2, 1, 1, 3, 1, 3, 1, 1, 1, 1, 3, 1, 3, 1, 3, 1 ], [ 1, -2, 1, 1, 1, 1, 1, 1, 3, 3, 3, 3, 3, 1, 3, 3 ], 
          [ 1, 1, -2, 1, 3, 3, 1, 1, 3, 3, 3, 3, 3, 1, 1, 1 ], [ 3, 1, 1, -2, 1, 3, 1, 1, 3, 1, 3, 3, 1, 1, 1, 3 ], 
          [ 1, 1, 3, 1, -2, 1, 3, 1, 1, 1, 3, 3, 1, 1, 3, 3 ], [ 3, 1, 3, 3, 1, -2, 3, 1, 1, 3, 1, 3, 1, 3, 3, 3 ], 
          [ 1, 1, 1, 1, 3, 3, -2, 1, 3, 1, 3, 1, 3, 1, 1, 1 ], [ 1, 1, 1, 1, 1, 1, 1, -2, 1, 1, 3, 3, 1, 3, 3, 1 ], 
          [ 1, 3, 3, 3, 1, 1, 3, 1, -2, 1, 1, 1, 1, 3, 3, 1 ], [ 1, 3, 3, 1, 1, 3, 1, 1, 1, -2, 3, 1, 1, 1, 1, 1 ], 
          [ 3, 3, 3, 3, 3, 1, 3, 3, 1, 3, -2, 1, 1, 3, 3, 3 ], [ 1, 3, 3, 3, 3, 3, 1, 3, 1, 1, 1, -2, 3, 3, 1, 1 ], 
          [ 3, 3, 3, 1, 1, 1, 3, 1, 1, 1, 1, 3, -2, 3, 3, 3 ], [ 1, 1, 1, 1, 1, 3, 1, 3, 3, 1, 3, 3, 3, -2, 1, 3 ], 
          [ 3, 3, 1, 1, 3, 3, 1, 3, 3, 1, 3, 1, 3, 1, -2, 1 ], [ 1, 3, 1, 3, 3, 3, 1, 1, 1, 1, 3, 1, 3, 3, 1, -2 ] ] ], 
  [ 402, [ [ -2, 1, 1, 3, 1, 3, 1, 1, 1, 1, 3, 3, 3, 3, 1, 3 ], [ 1, -2, 1, 1, 1, 1, 1, 1, 3, 1, 1, 1, 3, 3, 1, 1 ], 
          [ 1, 1, -2, 1, 3, 3, 1, 1, 3, 1, 1, 1, 3, 1, 1, 1 ], [ 3, 1, 1, -2, 1, 3, 1, 1, 3, 1, 3, 1, 1, 1, 1, 1 ], 
          [ 1, 1, 3, 1, -2, 1, 3, 1, 1, 1, 3, 3, 1, 3, 1, 3 ], [ 3, 1, 3, 3, 1, -2, 3, 1, 1, 3, 1, 1, 1, 3, 3, 1 ], 
          [ 1, 1, 1, 1, 3, 3, -2, 1, 3, 1, 3, 1, 3, 1, 1, 1 ], [ 1, 1, 1, 1, 1, 1, 1, -2, 1, 1, 3, 1, 1, 3, 1, 1 ], 
          [ 1, 3, 3, 3, 1, 1, 3, 1, -2, 3, 3, 3, 1, 3, 3, 3 ], [ 1, 1, 1, 1, 1, 3, 1, 1, 3, -2, 3, 3, 1, 3, 1, 1 ], 
          [ 3, 1, 1, 3, 3, 1, 3, 3, 3, 3, -2, 1, 3, 3, 3, 1 ], [ 3, 1, 1, 1, 3, 1, 1, 1, 3, 3, 1, -2, 3, 1, 1, 1 ], 
          [ 3, 3, 3, 1, 1, 1, 3, 1, 1, 1, 3, 3, -2, 3, 3, 1 ], [ 3, 3, 1, 1, 3, 3, 1, 3, 3, 3, 3, 1, 3, -2, 1, 3 ], 
          [ 1, 1, 1, 1, 1, 3, 1, 1, 3, 1, 3, 1, 3, 1, -2, 3 ], [ 3, 1, 1, 1, 3, 1, 1, 1, 3, 1, 1, 1, 1, 3, 3, -2 ] ] ], 
  [ 477, [ [ -2, 1, 1, 3, 1, 3, 1, 1, 1, 1, 1, 1, 1, 1, 1, 3, 1, 1 ], [ 1, -2, 1, 1, 1, 1, 1, 1, 3, 1, 1, 3, 1, 3, 1, 1, 1, 3 ], 
          [ 1, 1, -2, 1, 3, 3, 1, 1, 3, 1, 1, 3, 3, 3, 3, 3, 3, 3 ], [ 3, 1, 1, -2, 1, 3, 1, 1, 3, 1, 1, 3, 3, 3, 3, 3, 3, 3 ], 
          [ 1, 1, 3, 1, -2, 1, 3, 1, 1, 1, 3, 1, 1, 3, 1, 3, 1, 1 ], [ 3, 1, 3, 3, 1, -2, 3, 1, 1, 3, 3, 3, 1, 3, 1, 1, 1, 3 ], 
          [ 1, 1, 1, 1, 3, 3, -2, 1, 3, 1, 1, 3, 3, 1, 1, 1, 3, 3 ], [ 1, 1, 1, 1, 1, 1, 1, -2, 1, 1, 1, 3, 1, 1, 1, 3, 3, 3 ], 
          [ 1, 3, 3, 3, 1, 1, 3, 1, -2, 3, 3, 1, 1, 1, 1, 3, 1, 1 ], [ 1, 1, 1, 1, 1, 3, 1, 1, 3, -2, 1, 1, 1, 1, 1, 3, 3, 1 ], 
          [ 1, 1, 1, 1, 3, 3, 1, 1, 3, 1, -2, 3, 1, 1, 3, 3, 3, 3 ], [ 1, 3, 3, 3, 1, 3, 3, 3, 1, 1, 3, -2, 1, 1, 1, 3, 1, 1 ], 
          [ 1, 1, 3, 3, 1, 1, 3, 1, 1, 1, 1, 1, -2, 1, 1, 3, 1, 1 ], [ 1, 3, 3, 3, 3, 3, 1, 1, 1, 1, 1, 1, 1, -2, 1, 3, 3, 1 ], 
          [ 1, 1, 3, 3, 1, 1, 1, 1, 1, 1, 3, 1, 1, 1, -2, 1, 1, 1 ], [ 3, 1, 3, 3, 3, 1, 1, 3, 3, 3, 3, 3, 3, 3, 1, -2, 1, 3 ], 
          [ 1, 1, 3, 3, 1, 1, 3, 3, 1, 3, 3, 1, 1, 3, 1, 1, -2, 1 ], [ 1, 3, 3, 3, 1, 3, 3, 3, 1, 1, 3, 1, 1, 1, 1, 3, 1, -2 ] ] ], 
  [ 455, [ [ -2, 1, 1, 3, 1, 3, 1, 1, 1, 1, 3, 1, 3, 3, 3, 1, 3 ], [ 1, -2, 1, 1, 1, 1, 1, 1, 3, 1, 3, 3, 3, 1, 1, 3, 1 ], 
          [ 1, 1, -2, 1, 3, 3, 1, 1, 3, 1, 1, 3, 1, 3, 3, 3, 3 ], [ 3, 1, 1, -2, 1, 3, 1, 1, 3, 1, 1, 3, 1, 1, 1, 3, 1 ], 
          [ 1, 1, 3, 1, -2, 1, 3, 1, 1, 1, 3, 1, 3, 1, 1, 3, 1 ], [ 3, 1, 3, 3, 1, -2, 3, 1, 1, 3, 3, 3, 3, 1, 1, 3, 1 ], 
          [ 1, 1, 1, 1, 3, 3, -2, 1, 3, 1, 3, 3, 3, 3, 3, 1, 1 ], [ 1, 1, 1, 1, 1, 1, 1, -2, 1, 1, 3, 3, 3, 1, 1, 3, 1 ], 
          [ 1, 3, 3, 3, 1, 1, 3, 1, -2, 3, 3, 1, 1, 3, 1, 1, 3 ], [ 1, 1, 1, 1, 1, 3, 1, 1, 3, -2, 1, 3, 3, 1, 3, 3, 1 ], 
          [ 3, 3, 1, 1, 3, 3, 3, 3, 3, 1, -2, 3, 1, 1, 3, 3, 3 ], [ 1, 3, 3, 3, 1, 3, 3, 3, 1, 3, 3, -2, 1, 3, 1, 1, 3 ], 
          [ 3, 3, 1, 1, 3, 3, 3, 3, 1, 3, 1, 1, -2, 3, 1, 1, 3 ], [ 3, 1, 3, 1, 1, 1, 3, 1, 3, 1, 1, 3, 3, -2, 1, 3, 1 ], 
          [ 3, 1, 3, 1, 1, 1, 3, 1, 1, 3, 3, 1, 1, 1, -2, 3, 1 ], [ 1, 3, 3, 3, 3, 3, 1, 3, 1, 3, 3, 1, 1, 3, 3, -2, 3 ], 
          [ 3, 1, 3, 1, 1, 1, 1, 1, 3, 1, 3, 3, 3, 1, 1, 3, -2 ] ] ], [ 434, [ [ -2, 1, 1, 3, 1, 3, 1, 1, 1, 1, 3, 3, 3, 1, 3, 1 ], 
          [ 1, -2, 1, 1, 1, 1, 1, 1, 3, 1, 1, 1, 3, 1, 1, 1 ], [ 1, 1, -2, 1, 3, 3, 1, 1, 3, 1, 1, 1, 3, 1, 3, 3 ], 
          [ 3, 1, 1, -2, 1, 3, 1, 1, 3, 1, 1, 1, 3, 1, 1, 3 ], [ 1, 1, 3, 1, -2, 1, 3, 1, 1, 1, 1, 1, 3, 1, 1, 1 ], 
          [ 3, 1, 3, 3, 1, -2, 3, 1, 1, 3, 1, 1, 3, 3, 1, 1 ], [ 1, 1, 1, 1, 3, 3, -2, 1, 3, 1, 3, 3, 3, 1, 3, 3 ], 
          [ 1, 1, 1, 1, 1, 1, 1, -2, 1, 1, 1, 1, 3, 1, 1, 1 ], [ 1, 3, 3, 3, 1, 1, 3, 1, -2, 3, 3, 3, 3, 1, 3, 1 ], 
          [ 1, 1, 1, 1, 1, 3, 1, 1, 3, -2, 1, 1, 1, 1, 1, 3 ], [ 3, 1, 1, 1, 1, 1, 3, 1, 3, 1, -2, 1, 1, 3, 1, 3 ], 
          [ 3, 1, 1, 1, 1, 1, 3, 1, 3, 1, 1, -2, 3, 1, 1, 1 ], [ 3, 3, 3, 3, 3, 3, 3, 3, 3, 1, 1, 3, -2, 3, 1, 3 ], 
          [ 1, 1, 1, 1, 1, 3, 1, 1, 1, 1, 3, 1, 3, -2, 3, 1 ], [ 3, 1, 3, 1, 1, 1, 3, 1, 3, 1, 1, 1, 1, 3, -2, 1 ], 
          [ 1, 1, 3, 3, 1, 1, 3, 1, 1, 3, 3, 1, 3, 1, 1, -2 ] ] ], [ 734, [ [ -2, 1, 1, 3, 1, 3, 1, 1, 1, 1, 3, 3, 3, 1, 3, 1, 3 ], 
          [ 1, -2, 1, 1, 1, 1, 1, 1, 3, 1, 1, 1, 3, 1, 1, 1, 3 ], [ 1, 1, -2, 1, 3, 3, 1, 1, 3, 1, 1, 1, 3, 1, 3, 3, 3 ], 
          [ 3, 1, 1, -2, 1, 3, 1, 1, 3, 1, 1, 1, 3, 1, 1, 3, 1 ], [ 1, 1, 3, 1, -2, 1, 3, 1, 1, 1, 1, 1, 3, 1, 1, 1, 3 ], 
          [ 3, 1, 3, 3, 1, -2, 3, 1, 1, 3, 1, 1, 3, 3, 1, 1, 3 ], [ 1, 1, 1, 1, 3, 3, -2, 1, 3, 1, 3, 3, 3, 1, 3, 3, 1 ], 
          [ 1, 1, 1, 1, 1, 1, 1, -2, 1, 1, 1, 1, 3, 1, 1, 1, 3 ], [ 1, 3, 3, 3, 1, 1, 3, 1, -2, 3, 3, 3, 3, 1, 3, 1, 3 ], 
          [ 1, 1, 1, 1, 1, 3, 1, 1, 3, -2, 1, 1, 1, 1, 1, 3, 1 ], [ 3, 1, 1, 1, 1, 1, 3, 1, 3, 1, -2, 1, 1, 3, 1, 3, 3 ], 
          [ 3, 1, 1, 1, 1, 1, 3, 1, 3, 1, 1, -2, 3, 1, 1, 1, 3 ], [ 3, 3, 3, 3, 3, 3, 3, 3, 3, 1, 1, 3, -2, 3, 1, 3, 1 ], 
          [ 1, 1, 1, 1, 1, 3, 1, 1, 1, 1, 3, 1, 3, -2, 3, 1, 3 ], [ 3, 1, 3, 1, 1, 1, 3, 1, 3, 1, 1, 1, 1, 3, -2, 1, 1 ], 
          [ 1, 1, 3, 3, 1, 1, 3, 1, 1, 3, 3, 1, 3, 1, 1, -2, 3 ], [ 3, 3, 3, 1, 3, 3, 1, 3, 3, 1, 3, 3, 1, 3, 1, 3, -2 ] ] ], 
  [ 565, [ [ -2, 1, 1, 3, 1, 3, 1, 1, 1, 1, 3, 3, 1, 1, 3, 1 ], [ 1, -2, 1, 1, 1, 1, 1, 1, 3, 1, 1, 1, 1, 3, 1, 3 ], 
          [ 1, 1, -2, 1, 3, 3, 1, 1, 3, 1, 1, 1, 1, 1, 3, 1 ], [ 3, 1, 1, -2, 1, 3, 1, 1, 3, 1, 1, 1, 3, 3, 1, 3 ], 
          [ 1, 1, 3, 1, -2, 1, 3, 1, 1, 1, 1, 1, 3, 3, 1, 3 ], [ 3, 1, 3, 3, 1, -2, 3, 1, 1, 3, 1, 1, 1, 3, 1, 3 ], 
          [ 1, 1, 1, 1, 3, 3, -2, 1, 3, 1, 3, 3, 1, 1, 3, 1 ], [ 1, 1, 1, 1, 1, 1, 1, -2, 1, 1, 1, 1, 1, 3, 3, 3 ], 
          [ 1, 3, 3, 3, 1, 1, 3, 1, -2, 3, 3, 3, 3, 3, 3, 1 ], [ 1, 1, 1, 1, 1, 3, 1, 1, 3, -2, 1, 1, 3, 3, 1, 1 ], 
          [ 3, 1, 1, 1, 1, 1, 3, 1, 3, 1, -2, 1, 3, 3, 1, 3 ], [ 3, 1, 1, 1, 1, 1, 3, 1, 3, 1, 1, -2, 1, 3, 1, 3 ], 
          [ 1, 1, 1, 3, 3, 1, 1, 1, 3, 3, 3, 1, -2, 1, 3, 3 ], [ 1, 3, 1, 3, 3, 3, 1, 3, 3, 3, 3, 3, 1, -2, 3, 1 ], 
          [ 3, 1, 3, 1, 1, 1, 3, 3, 3, 1, 1, 1, 3, 3, -2, 3 ], [ 1, 3, 1, 3, 3, 3, 1, 3, 1, 1, 3, 3, 3, 1, 3, -2 ] ] ], 
  [ 438, [ [ -2, 1, 1, 3, 1, 3, 1, 1, 1, 1, 3, 3, 1, 3, 3, 3 ], [ 1, -2, 1, 1, 1, 1, 1, 1, 1, 1, 1, 1, 3, 1, 3, 1 ], 
          [ 1, 1, -2, 1, 3, 3, 1, 1, 1, 3, 1, 3, 3, 3, 1, 1 ], [ 3, 1, 1, -2, 1, 3, 1, 1, 1, 1, 1, 1, 3, 1, 1, 1 ], 
          [ 1, 1, 3, 1, -2, 1, 3, 1, 1, 1, 3, 1, 1, 1, 3, 3 ], [ 3, 1, 3, 3, 1, -2, 3, 1, 3, 3, 1, 1, 1, 1, 3, 1 ], 
          [ 1, 1, 1, 1, 3, 3, -2, 1, 1, 1, 1, 3, 3, 3, 1, 1 ], [ 1, 1, 1, 1, 1, 1, 1, -2, 3, 3, 1, 1, 1, 3, 1, 1 ], 
          [ 1, 1, 1, 1, 1, 3, 1, 3, -2, 1, 3, 3, 3, 1, 3, 3 ], [ 1, 1, 3, 1, 1, 3, 1, 3, 1, -2, 3, 1, 3, 1, 3, 3 ], 
          [ 3, 1, 1, 1, 3, 1, 1, 1, 3, 3, -2, 3, 1, 3, 1, 1 ], [ 3, 1, 3, 1, 1, 1, 3, 1, 3, 1, 3, -2, 3, 1, 3, 1 ], 
          [ 1, 3, 3, 3, 1, 1, 3, 1, 3, 3, 1, 3, -2, 3, 3, 3 ], [ 3, 1, 3, 1, 1, 1, 3, 3, 1, 1, 3, 1, 3, -2, 3, 1 ], 
          [ 3, 3, 1, 1, 3, 3, 1, 1, 3, 3, 1, 3, 3, 3, -2, 1 ], [ 3, 1, 1, 1, 3, 1, 1, 1, 3, 3, 1, 1, 3, 1, 1, -2 ] ] ], 
  [ 860, [ [ -2, 1, 1, 3, 1, 3, 1, 1, 1, 3, 1, 1, 3, 1, 1, 1, 3 ], [ 1, -2, 1, 1, 1, 1, 1, 1, 1, 3, 3, 3, 3, 1, 1, 1, 3 ], 
          [ 1, 1, -2, 1, 3, 3, 1, 1, 1, 3, 1, 3, 3, 3, 1, 3, 3 ], [ 3, 1, 1, -2, 1, 3, 1, 1, 1, 3, 3, 3, 1, 3, 1, 3, 3 ], 
          [ 1, 1, 3, 1, -2, 1, 3, 1, 1, 3, 3, 1, 1, 1, 1, 1, 1 ], [ 3, 1, 3, 3, 1, -2, 3, 1, 3, 1, 3, 3, 1, 1, 3, 1, 1 ], 
          [ 1, 1, 1, 1, 3, 3, -2, 1, 1, 3, 3, 3, 3, 3, 1, 1, 3 ], [ 1, 1, 1, 1, 1, 1, 1, -2, 3, 3, 3, 3, 1, 3, 1, 1, 3 ], 
          [ 1, 1, 1, 1, 1, 3, 1, 3, -2, 3, 3, 1, 3, 1, 1, 1, 1 ], [ 3, 3, 3, 3, 3, 1, 3, 3, 3, -2, 1, 1, 3, 1, 3, 3, 1 ], 
          [ 1, 3, 1, 3, 3, 3, 3, 3, 3, 1, -2, 1, 3, 1, 3, 3, 3 ], [ 1, 3, 3, 3, 1, 3, 3, 3, 1, 1, 1, -2, 3, 1, 1, 1, 1 ], 
          [ 3, 3, 3, 1, 1, 1, 3, 1, 3, 3, 3, 3, -2, 3, 3, 3, 3 ], [ 1, 1, 3, 3, 1, 1, 3, 3, 1, 1, 1, 1, 3, -2, 3, 1, 1 ], 
          [ 1, 1, 1, 1, 1, 3, 1, 1, 1, 3, 3, 1, 3, 3, -2, 1, 1 ], [ 1, 1, 3, 3, 1, 1, 1, 1, 1, 3, 3, 1, 3, 1, 1, -2, 1 ], 
          [ 3, 3, 3, 3, 1, 1, 3, 3, 1, 1, 3, 1, 3, 1, 1, 1, -2 ] ] ], 
  [ 551, [ [ -2, 1, 1, 3, 1, 3, 1, 1, 1, 3, 1, 1, 3, 1, 1, 3 ], [ 1, -2, 1, 1, 1, 1, 1, 1, 1, 3, 1, 1, 3, 3, 1, 3 ], 
          [ 1, 1, -2, 1, 3, 3, 1, 1, 1, 3, 3, 1, 1, 1, 1, 3 ], [ 3, 1, 1, -2, 1, 3, 1, 1, 1, 3, 3, 3, 1, 3, 1, 3 ], 
          [ 1, 1, 3, 1, -2, 1, 3, 1, 1, 3, 1, 3, 3, 3, 1, 1 ], [ 3, 1, 3, 3, 1, -2, 3, 1, 3, 1, 1, 1, 3, 3, 3, 1 ], 
          [ 1, 1, 1, 1, 3, 3, -2, 1, 1, 3, 3, 1, 1, 3, 1, 3 ], [ 1, 1, 1, 1, 1, 1, 1, -2, 3, 3, 1, 1, 3, 1, 1, 3 ], 
          [ 1, 1, 1, 1, 1, 3, 1, 3, -2, 3, 3, 3, 1, 3, 1, 1 ], [ 3, 3, 3, 3, 3, 1, 3, 3, 3, -2, 1, 1, 3, 1, 3, 1 ], 
          [ 1, 1, 3, 3, 1, 1, 3, 1, 3, 1, -2, 1, 3, 1, 3, 1 ], [ 1, 1, 1, 3, 3, 1, 1, 1, 3, 1, 1, -2, 3, 1, 1, 3 ], 
          [ 3, 3, 1, 1, 3, 3, 1, 3, 1, 3, 3, 3, -2, 3, 3, 1 ], [ 1, 3, 1, 3, 3, 3, 3, 1, 3, 1, 1, 1, 3, -2, 1, 3 ], 
          [ 1, 1, 1, 1, 1, 3, 1, 1, 1, 3, 3, 1, 3, 1, -2, 3 ], [ 3, 3, 3, 3, 1, 1, 3, 3, 1, 1, 1, 3, 1, 3, 3, -2 ] ] ], 
  [ 426, [ [ -2, 1, 1, 3, 1, 3, 1, 1, 1, 3, 1, 1, 1, 1, 3, 1 ], [ 1, -2, 1, 1, 1, 1, 1, 1, 3, 1, 1, 1, 1, 3, 3, 1 ], 
          [ 1, 1, -2, 1, 3, 3, 1, 1, 1, 1, 1, 3, 1, 1, 3, 1 ], [ 3, 1, 1, -2, 1, 3, 1, 1, 3, 1, 3, 1, 3, 3, 3, 1 ], 
          [ 1, 1, 3, 1, -2, 1, 3, 1, 3, 3, 3, 1, 3, 3, 3, 1 ], [ 3, 1, 3, 3, 1, -2, 3, 1, 3, 1, 1, 3, 1, 3, 1, 3 ], 
          [ 1, 1, 1, 1, 3, 3, -2, 1, 1, 1, 1, 1, 1, 1, 3, 1 ], [ 1, 1, 1, 1, 1, 1, 1, -2, 1, 1, 1, 1, 1, 3, 3, 1 ], 
          [ 1, 3, 1, 3, 3, 3, 1, 1, -2, 3, 1, 1, 3, 1, 3, 1 ], [ 3, 1, 1, 1, 3, 1, 1, 1, 3, -2, 1, 3, 1, 3, 3, 3 ], 
          [ 1, 1, 1, 3, 3, 1, 1, 1, 1, 1, -2, 1, 1, 3, 3, 3 ], [ 1, 1, 3, 1, 1, 3, 1, 1, 1, 3, 1, -2, 3, 3, 3, 1 ], 
          [ 1, 1, 1, 3, 3, 1, 1, 1, 3, 1, 1, 3, -2, 1, 1, 3 ], [ 1, 3, 1, 3, 3, 3, 1, 3, 1, 3, 3, 3, 1, -2, 1, 1 ], 
          [ 3, 3, 3, 3, 3, 1, 3, 3, 3, 3, 3, 3, 1, 1, -2, 3 ], [ 1, 1, 1, 1, 1, 3, 1, 1, 1, 3, 3, 1, 3, 1, 3, -2 ] ] ], 
  [ 610, [ [ -2, 1, 1, 3, 1, 3, 1, 1, 1, 3, 1, 1, 1, 1, 3, 3 ], [ 1, -2, 1, 1, 1, 1, 1, 1, 3, 1, 1, 1, 1, 1, 1, 1 ], 
          [ 1, 1, -2, 1, 3, 3, 1, 1, 1, 1, 1, 3, 1, 3, 3, 1 ], [ 3, 1, 1, -2, 1, 3, 1, 1, 3, 1, 3, 3, 1, 3, 1, 1 ], 
          [ 1, 1, 3, 1, -2, 1, 3, 1, 3, 3, 3, 1, 1, 1, 1, 1 ], [ 3, 1, 3, 3, 1, -2, 3, 1, 3, 1, 1, 1, 3, 1, 1, 1 ], 
          [ 1, 1, 1, 1, 3, 3, -2, 1, 1, 1, 1, 3, 1, 3, 3, 3 ], [ 1, 1, 1, 1, 1, 1, 1, -2, 1, 1, 1, 1, 3, 3, 1, 1 ], 
          [ 1, 3, 1, 3, 3, 3, 1, 1, -2, 3, 1, 3, 3, 3, 3, 3 ], [ 3, 1, 1, 1, 3, 1, 1, 1, 3, -2, 1, 3, 3, 3, 1, 1 ], 
          [ 1, 1, 1, 3, 3, 1, 1, 1, 1, 1, -2, 1, 3, 3, 1, 3 ], [ 1, 1, 3, 3, 1, 1, 3, 1, 3, 3, 1, -2, 3, 1, 1, 3 ], 
          [ 1, 1, 1, 1, 1, 3, 1, 3, 3, 3, 3, 3, -2, 1, 3, 1 ], [ 1, 1, 3, 3, 1, 1, 3, 3, 3, 3, 3, 1, 1, -2, 3, 3 ], 
          [ 3, 1, 3, 1, 1, 1, 3, 1, 3, 1, 1, 1, 3, 3, -2, 1 ], [ 3, 1, 1, 1, 1, 1, 3, 1, 3, 1, 3, 3, 1, 3, 1, -2 ] ] ], 
  [ 586, [ [ -2, 1, 1, 3, 1, 3, 1, 1, 1, 3, 1, 3, 3, 3, 3, 3, 3, 1 ], [ 1, -2, 1, 1, 1, 1, 1, 1, 3, 1, 1, 1, 1, 1, 1, 3, 3, 1 ], 
          [ 1, 1, -2, 1, 3, 3, 1, 1, 1, 1, 1, 3, 1, 1, 3, 3, 3, 3 ], [ 3, 1, 1, -2, 1, 3, 1, 1, 3, 1, 3, 1, 1, 1, 1, 3, 3, 3 ], 
          [ 1, 1, 3, 1, -2, 1, 3, 1, 3, 3, 3, 1, 3, 1, 1, 3, 3, 1 ], [ 3, 1, 3, 3, 1, -2, 3, 1, 3, 1, 1, 1, 1, 1, 1, 1, 3, 1 ], 
          [ 1, 1, 1, 1, 3, 3, -2, 1, 1, 1, 1, 1, 1, 3, 3, 1, 3, 3 ], [ 1, 1, 1, 1, 1, 1, 1, -2, 1, 1, 1, 1, 1, 1, 1, 3, 3, 1 ], 
          [ 1, 3, 1, 3, 3, 3, 1, 1, -2, 3, 1, 3, 3, 3, 3, 3, 1, 1 ], [ 3, 1, 1, 1, 3, 1, 1, 1, 3, -2, 1, 1, 1, 1, 1, 1, 3, 3 ], 
          [ 1, 1, 1, 3, 3, 1, 1, 1, 1, 1, -2, 3, 1, 3, 3, 1, 3, 1 ], [ 3, 1, 3, 1, 1, 1, 1, 1, 3, 1, 3, -2, 1, 1, 1, 1, 3, 3 ], 
          [ 3, 1, 1, 1, 3, 1, 1, 1, 3, 1, 1, 1, -2, 1, 3, 1, 3, 3 ], [ 3, 1, 1, 1, 1, 1, 3, 1, 3, 1, 3, 1, 1, -2, 1, 3, 3, 3 ], 
          [ 3, 1, 3, 1, 1, 1, 3, 1, 3, 1, 3, 1, 3, 1, -2, 3, 1, 1 ], [ 3, 3, 3, 3, 3, 1, 1, 3, 3, 1, 1, 1, 1, 3, 3, -2, 3, 3 ], 
          [ 3, 3, 3, 3, 3, 3, 3, 3, 1, 3, 3, 3, 3, 3, 1, 3, -2, 1 ], [ 1, 1, 3, 3, 1, 1, 3, 1, 1, 3, 1, 3, 3, 3, 1, 3, 1, -2 ] ] ], 
  [ 490, [ [ -2, 1, 1, 3, 1, 3, 1, 1, 1, 3, 1, 3, 3, 3, 3, 3, 1 ], [ 1, -2, 1, 1, 1, 1, 1, 1, 3, 1, 1, 1, 1, 1, 1, 3, 3 ], 
          [ 1, 1, -2, 1, 3, 3, 1, 1, 1, 1, 1, 3, 1, 1, 3, 1, 1 ], [ 3, 1, 1, -2, 1, 3, 1, 1, 3, 1, 3, 1, 1, 1, 1, 1, 3 ], 
          [ 1, 1, 3, 1, -2, 1, 3, 1, 3, 3, 3, 1, 3, 1, 1, 3, 3 ], [ 3, 1, 3, 3, 1, -2, 3, 1, 3, 1, 1, 1, 1, 1, 1, 3, 3 ], 
          [ 1, 1, 1, 1, 3, 3, -2, 1, 1, 1, 1, 1, 1, 3, 3, 3, 3 ], [ 1, 1, 1, 1, 1, 1, 1, -2, 1, 1, 1, 1, 1, 1, 1, 3, 3 ], 
          [ 1, 3, 1, 3, 3, 3, 1, 1, -2, 3, 1, 3, 3, 3, 3, 3, 1 ], [ 3, 1, 1, 1, 3, 1, 1, 1, 3, -2, 1, 1, 1, 1, 1, 3, 3 ], 
          [ 1, 1, 1, 3, 3, 1, 1, 1, 1, 1, -2, 3, 1, 3, 3, 3, 3 ], [ 3, 1, 3, 1, 1, 1, 1, 1, 3, 1, 3, -2, 1, 1, 1, 3, 3 ], 
          [ 3, 1, 1, 1, 3, 1, 1, 1, 3, 1, 1, 1, -2, 1, 3, 1, 3 ], [ 3, 1, 1, 1, 1, 1, 3, 1, 3, 1, 3, 1, 1, -2, 1, 1, 3 ], 
          [ 3, 1, 3, 1, 1, 1, 3, 1, 3, 1, 3, 1, 3, 1, -2, 3, 3 ], [ 3, 3, 1, 1, 3, 3, 3, 3, 3, 3, 3, 3, 1, 1, 3, -2, 1 ], 
          [ 1, 3, 1, 3, 3, 3, 3, 3, 1, 3, 3, 3, 3, 3, 3, 1, -2 ] ] ], 
  [ 457, [ [ -2, 1, 1, 3, 1, 3, 1, 1, 1, 3, 1, 3, 3, 3, 3, 3, 1, 1 ], [ 1, -2, 1, 1, 1, 1, 1, 1, 3, 1, 1, 1, 1, 1, 1, 3, 3, 1 ], 
          [ 1, 1, -2, 1, 3, 3, 1, 1, 1, 1, 1, 3, 1, 1, 3, 1, 1, 3 ], [ 3, 1, 1, -2, 1, 3, 1, 1, 3, 1, 3, 1, 1, 1, 1, 1, 3, 1 ], 
          [ 1, 1, 3, 1, -2, 1, 3, 1, 3, 3, 3, 1, 3, 1, 1, 3, 3, 1 ], [ 3, 1, 3, 3, 1, -2, 3, 1, 3, 1, 1, 1, 1, 1, 1, 3, 3, 3 ], 
          [ 1, 1, 1, 1, 3, 3, -2, 1, 1, 1, 1, 1, 1, 3, 3, 3, 1, 1 ], [ 1, 1, 1, 1, 1, 1, 1, -2, 1, 1, 1, 1, 1, 1, 1, 3, 3, 1 ], 
          [ 1, 3, 1, 3, 3, 3, 1, 1, -2, 3, 1, 3, 3, 3, 3, 3, 1, 1 ], [ 3, 1, 1, 1, 3, 1, 1, 1, 3, -2, 1, 1, 1, 1, 1, 3, 1, 3 ], 
          [ 1, 1, 1, 3, 3, 1, 1, 1, 1, 1, -2, 3, 1, 3, 3, 3, 1, 3 ], [ 3, 1, 3, 1, 1, 1, 1, 1, 3, 1, 3, -2, 1, 1, 1, 3, 3, 1 ], 
          [ 3, 1, 1, 1, 3, 1, 1, 1, 3, 1, 1, 1, -2, 1, 3, 1, 3, 3 ], [ 3, 1, 1, 1, 1, 1, 3, 1, 3, 1, 3, 1, 1, -2, 1, 1, 3, 3 ], 
          [ 3, 1, 3, 1, 1, 1, 3, 1, 3, 1, 3, 1, 3, 1, -2, 3, 3, 1 ], [ 3, 3, 1, 1, 3, 3, 3, 3, 3, 3, 3, 3, 1, 1, 3, -2, 3, 3 ], 
          [ 1, 3, 1, 3, 3, 3, 1, 3, 1, 1, 1, 3, 3, 3, 3, 3, -2, 3 ], [ 1, 1, 3, 1, 1, 3, 1, 1, 1, 3, 3, 1, 3, 3, 1, 3, 3, -2 ] ] ], 
  [ 565, [ [ -2, 1, 1, 3, 1, 3, 1, 1, 1, 1, 1, 3, 3, 3, 3, 1, 1 ], [ 1, -2, 1, 1, 1, 1, 1, 1, 3, 1, 1, 3, 3, 1, 1, 3, 1 ], 
          [ 1, 1, -2, 1, 3, 3, 1, 1, 1, 1, 3, 3, 3, 3, 3, 1, 3 ], [ 3, 1, 1, -2, 1, 3, 1, 1, 3, 3, 3, 3, 3, 1, 1, 1, 3 ], 
          [ 1, 1, 3, 1, -2, 1, 3, 1, 3, 3, 1, 3, 3, 3, 1, 1, 1 ], [ 3, 1, 3, 3, 1, -2, 3, 1, 3, 3, 1, 3, 1, 3, 1, 3, 1 ], 
          [ 1, 1, 1, 1, 3, 3, -2, 1, 1, 1, 3, 3, 3, 1, 1, 1, 3 ], [ 1, 1, 1, 1, 1, 1, 1, -2, 1, 3, 1, 3, 1, 3, 3, 1, 3 ], 
          [ 1, 3, 1, 3, 3, 3, 1, 1, -2, 1, 3, 1, 1, 3, 3, 1, 3 ], [ 1, 1, 1, 3, 3, 3, 1, 3, 1, -2, 3, 1, 3, 1, 1, 3, 1 ], 
          [ 1, 1, 3, 3, 1, 1, 3, 1, 3, 3, -2, 3, 1, 3, 3, 3, 1 ], [ 3, 3, 3, 3, 3, 3, 3, 3, 1, 1, 3, -2, 1, 1, 3, 3, 3 ], 
          [ 3, 3, 3, 3, 3, 1, 3, 1, 1, 3, 1, 1, -2, 3, 3, 3, 3 ], [ 3, 1, 3, 1, 3, 3, 1, 3, 3, 1, 3, 1, 3, -2, 1, 3, 1 ], 
          [ 3, 1, 3, 1, 1, 1, 1, 3, 3, 1, 3, 3, 3, 1, -2, 3, 1 ], [ 1, 3, 1, 1, 1, 3, 1, 1, 1, 3, 3, 3, 3, 3, 3, -2, 3 ], 
          [ 1, 1, 3, 3, 1, 1, 3, 3, 3, 1, 1, 3, 3, 1, 1, 3, -2 ] ] ], 
  [ 480, [ [ -2, 1, 1, 3, 1, 3, 1, 1, 1, 1, 3, 3, 1, 3, 3, 1, 1 ], [ 1, -2, 1, 1, 1, 1, 1, 1, 3, 1, 3, 3, 3, 3, 1, 1, 1 ], 
          [ 1, 1, -2, 1, 3, 3, 1, 1, 1, 1, 1, 3, 3, 3, 3, 3, 3 ], [ 3, 1, 1, -2, 1, 3, 1, 1, 3, 3, 1, 3, 3, 3, 1, 1, 3 ], 
          [ 1, 1, 3, 1, -2, 1, 3, 1, 3, 3, 3, 3, 1, 3, 1, 1, 1 ], [ 3, 1, 3, 3, 1, -2, 3, 1, 3, 3, 3, 3, 3, 1, 1, 3, 1 ], 
          [ 1, 1, 1, 1, 3, 3, -2, 1, 1, 1, 3, 3, 3, 3, 3, 1, 1 ], [ 1, 1, 1, 1, 1, 1, 1, -2, 1, 3, 3, 3, 3, 3, 1, 3, 3 ], 
          [ 1, 3, 1, 3, 3, 3, 1, 1, -2, 1, 3, 1, 1, 3, 3, 3, 3 ], [ 1, 1, 1, 3, 3, 3, 1, 3, 1, -2, 3, 1, 1, 3, 3, 1, 1 ], 
          [ 3, 3, 1, 1, 3, 3, 3, 3, 3, 3, -2, 1, 3, 1, 3, 3, 3 ], [ 3, 3, 3, 3, 3, 3, 3, 3, 1, 1, 1, -2, 1, 1, 3, 3, 3 ], 
          [ 1, 3, 3, 3, 1, 3, 3, 3, 1, 1, 3, 1, -2, 3, 3, 1, 1 ], [ 3, 3, 3, 3, 3, 1, 3, 3, 3, 3, 1, 1, 3, -2, 3, 3, 3 ], 
          [ 3, 1, 3, 1, 1, 1, 3, 1, 3, 3, 3, 3, 3, 3, -2, 1, 3 ], [ 1, 1, 3, 1, 1, 3, 1, 3, 3, 1, 3, 3, 1, 3, 1, -2, 1 ], 
          [ 1, 1, 3, 3, 1, 1, 1, 3, 3, 1, 3, 3, 1, 3, 3, 1, -2 ] ] ], [ 633, [ [ -2, 1, 1, 3, 1, 3, 1, 1, 1, 1, 3, 3, 1, 3, 3, 1, 1 ], 
          [ 1, -2, 1, 1, 1, 1, 1, 1, 3, 1, 3, 3, 3, 3, 1, 1, 1 ], [ 1, 1, -2, 1, 3, 3, 1, 1, 1, 1, 1, 3, 3, 3, 3, 3, 1 ], 
          [ 3, 1, 1, -2, 1, 3, 1, 1, 3, 3, 1, 3, 3, 3, 1, 1, 1 ], [ 1, 1, 3, 1, -2, 1, 3, 1, 3, 3, 3, 3, 1, 3, 1, 1, 1 ], 
          [ 3, 1, 3, 3, 1, -2, 3, 1, 3, 3, 3, 3, 3, 1, 1, 3, 3 ], [ 1, 1, 1, 1, 3, 3, -2, 1, 1, 1, 3, 3, 3, 3, 3, 1, 1 ], 
          [ 1, 1, 1, 1, 1, 1, 1, -2, 1, 3, 3, 3, 3, 3, 1, 3, 1 ], [ 1, 3, 1, 3, 3, 3, 1, 1, -2, 1, 3, 1, 1, 3, 3, 3, 3 ], 
          [ 1, 1, 1, 3, 3, 3, 1, 3, 1, -2, 3, 1, 1, 3, 3, 1, 1 ], [ 3, 3, 1, 1, 3, 3, 3, 3, 3, 3, -2, 1, 3, 1, 3, 3, 3 ], 
          [ 3, 3, 3, 3, 3, 3, 3, 3, 1, 1, 1, -2, 1, 1, 3, 3, 3 ], [ 1, 3, 3, 3, 1, 3, 3, 3, 1, 1, 3, 1, -2, 3, 3, 1, 3 ], 
          [ 3, 3, 3, 3, 3, 1, 3, 3, 3, 3, 1, 1, 3, -2, 3, 3, 3 ], [ 3, 1, 3, 1, 1, 1, 3, 1, 3, 3, 3, 3, 3, 3, -2, 1, 1 ], 
          [ 1, 1, 3, 1, 1, 3, 1, 3, 3, 1, 3, 3, 1, 3, 1, -2, 1 ], [ 1, 1, 1, 1, 1, 3, 1, 1, 3, 1, 3, 3, 3, 3, 1, 1, -2 ] ] ], 
  [ 655, [ [ -2, 1, 1, 3, 1, 3, 1, 1, 1, 1, 1, 3, 1, 3, 1, 1, 1 ], [ 1, -2, 1, 1, 1, 1, 1, 1, 3, 1, 3, 1, 1, 3, 1, 3, 1 ], 
          [ 1, 1, -2, 1, 3, 3, 1, 1, 1, 1, 3, 1, 1, 1, 1, 3, 1 ], [ 3, 1, 1, -2, 1, 3, 1, 1, 3, 3, 3, 1, 1, 1, 3, 3, 1 ], 
          [ 1, 1, 3, 1, -2, 1, 3, 1, 3, 3, 3, 1, 1, 3, 3, 1, 1 ], [ 3, 1, 3, 3, 1, -2, 3, 1, 3, 3, 3, 1, 3, 3, 1, 1, 3 ], 
          [ 1, 1, 1, 1, 3, 3, -2, 1, 1, 1, 1, 3, 1, 1, 1, 1, 1 ], [ 1, 1, 1, 1, 1, 1, 1, -2, 1, 3, 3, 3, 1, 3, 1, 1, 3 ], 
          [ 1, 3, 1, 3, 3, 3, 1, 1, -2, 1, 1, 3, 1, 1, 1, 1, 3 ], [ 1, 1, 1, 3, 3, 3, 1, 3, 1, -2, 1, 3, 1, 1, 1, 3, 1 ], 
          [ 1, 3, 3, 3, 3, 3, 1, 3, 1, 1, -2, 3, 3, 1, 1, 1, 3 ], [ 3, 1, 1, 1, 1, 1, 3, 3, 3, 3, 3, -2, 3, 1, 3, 3, 1 ], 
          [ 1, 1, 1, 1, 1, 3, 1, 1, 1, 1, 3, 3, -2, 3, 1, 1, 1 ], [ 3, 3, 1, 1, 3, 3, 1, 3, 1, 1, 1, 1, 3, -2, 3, 3, 1 ], 
          [ 1, 1, 1, 3, 3, 1, 1, 1, 1, 1, 1, 3, 1, 3, -2, 1, 3 ], [ 1, 3, 3, 3, 1, 1, 1, 1, 1, 3, 1, 3, 1, 3, 1, -2, 3 ], 
          [ 1, 1, 1, 1, 1, 3, 1, 3, 3, 1, 3, 1, 1, 1, 3, 3, -2 ] ] ], 
  [ 414, [ [ -2, 1, 1, 3, 1, 3, 1, 1, 1, 3, 1, 3, 3, 3, 3 ], [ 1, -2, 1, 1, 1, 1, 1, 1, 3, 1, 3, 3, 3, 1, 3 ], 
          [ 1, 1, -2, 1, 3, 3, 1, 1, 1, 3, 3, 3, 3, 3, 3 ], [ 3, 1, 1, -2, 1, 3, 1, 1, 3, 1, 3, 1, 3, 3, 1 ], 
          [ 1, 1, 3, 1, -2, 1, 3, 1, 3, 1, 1, 1, 3, 3, 1 ], [ 3, 1, 3, 3, 1, -2, 3, 1, 3, 1, 1, 3, 1, 1, 1 ], 
          [ 1, 1, 1, 1, 3, 3, -2, 1, 1, 1, 3, 3, 3, 3, 3 ], [ 1, 1, 1, 1, 1, 1, 1, -2, 1, 3, 1, 3, 3, 3, 1 ], 
          [ 1, 3, 1, 3, 3, 3, 1, 1, -2, 3, 1, 3, 3, 3, 3 ], [ 3, 1, 3, 1, 1, 1, 1, 3, 3, -2, 3, 1, 1, 1, 3 ], 
          [ 1, 3, 3, 3, 1, 1, 3, 1, 1, 3, -2, 3, 1, 3, 1 ], [ 3, 3, 3, 1, 1, 3, 3, 3, 3, 1, 3, -2, 3, 1, 1 ], 
          [ 3, 3, 3, 3, 3, 1, 3, 3, 3, 1, 1, 3, -2, 1, 3 ], [ 3, 1, 3, 3, 3, 1, 3, 3, 3, 1, 3, 1, 1, -2, 3 ], 
          [ 3, 3, 3, 1, 1, 1, 3, 1, 3, 3, 1, 1, 3, 3, -2 ] ] ], 
  [ 672, [ [ -2, 1, 1, 3, 1, 3, 1, 1, 1, 3, 1, 3, 3, 3, 3, 3 ], [ 1, -2, 1, 1, 1, 1, 1, 1, 3, 1, 3, 3, 3, 1, 3, 3 ], 
          [ 1, 1, -2, 1, 3, 3, 1, 1, 1, 3, 3, 3, 3, 3, 3, 3 ], [ 3, 1, 1, -2, 1, 3, 1, 1, 3, 1, 3, 1, 3, 3, 1, 3 ], 
          [ 1, 1, 3, 1, -2, 1, 3, 1, 3, 1, 1, 1, 3, 3, 1, 3 ], [ 3, 1, 3, 3, 1, -2, 3, 1, 3, 1, 1, 3, 1, 1, 1, 1 ], 
          [ 1, 1, 1, 1, 3, 3, -2, 1, 1, 1, 3, 3, 3, 3, 3, 3 ], [ 1, 1, 1, 1, 1, 1, 1, -2, 1, 3, 1, 3, 3, 3, 1, 1 ], 
          [ 1, 3, 1, 3, 3, 3, 1, 1, -2, 3, 1, 3, 3, 3, 3, 1 ], [ 3, 1, 3, 1, 1, 1, 1, 3, 3, -2, 3, 1, 1, 1, 3, 3 ], 
          [ 1, 3, 3, 3, 1, 1, 3, 1, 1, 3, -2, 3, 1, 3, 1, 1 ], [ 3, 3, 3, 1, 1, 3, 3, 3, 3, 1, 3, -2, 3, 1, 1, 3 ], 
          [ 3, 3, 3, 3, 3, 1, 3, 3, 3, 1, 1, 3, -2, 1, 3, 1 ], [ 3, 1, 3, 3, 3, 1, 3, 3, 3, 1, 3, 1, 1, -2, 3, 1 ], 
          [ 3, 3, 3, 1, 1, 1, 3, 1, 3, 3, 1, 1, 3, 3, -2, 1 ], [ 3, 3, 3, 3, 3, 1, 3, 1, 1, 3, 1, 3, 1, 1, 1, -2 ] ] ], 
  [ 474, [ [ -2, 1, 1, 3, 1, 3, 1, 1, 1, 1, 3, 1, 1, 1, 3, 1, 1 ], [ 1, -2, 1, 1, 1, 1, 1, 1, 3, 1, 1, 3, 1, 3, 3, 3, 1 ], 
          [ 1, 1, -2, 1, 3, 3, 1, 1, 1, 1, 1, 3, 3, 3, 3, 3, 3 ], [ 3, 1, 1, -2, 1, 3, 1, 1, 3, 1, 1, 3, 3, 3, 1, 3, 3 ], 
          [ 1, 1, 3, 1, -2, 1, 3, 1, 3, 1, 3, 3, 1, 1, 1, 3, 1 ], [ 3, 1, 3, 3, 1, -2, 3, 1, 3, 3, 3, 3, 1, 3, 3, 3, 1 ], 
          [ 1, 1, 1, 1, 3, 3, -2, 1, 1, 1, 1, 1, 3, 3, 3, 1, 3 ], [ 1, 1, 1, 1, 1, 1, 1, -2, 1, 3, 3, 3, 1, 3, 3, 1, 3 ], 
          [ 1, 3, 1, 3, 3, 3, 1, 1, -2, 3, 3, 1, 3, 1, 3, 1, 3 ], [ 1, 1, 1, 1, 1, 3, 1, 3, 3, -2, 1, 3, 3, 1, 1, 3, 1 ], 
          [ 3, 1, 1, 1, 3, 3, 1, 3, 3, 1, -2, 3, 3, 3, 1, 3, 3 ], [ 1, 3, 3, 3, 3, 3, 1, 3, 1, 3, 3, -2, 3, 1, 3, 1, 1 ], 
          [ 1, 1, 3, 3, 1, 1, 3, 1, 3, 3, 3, 3, -2, 3, 3, 1, 1 ], [ 1, 3, 3, 3, 1, 3, 3, 3, 1, 1, 3, 1, 3, -2, 1, 1, 1 ], 
          [ 3, 3, 3, 1, 1, 3, 3, 3, 3, 1, 1, 3, 3, 1, -2, 3, 3 ], [ 1, 3, 3, 3, 3, 3, 1, 1, 1, 3, 3, 1, 1, 1, 3, -2, 3 ], 
          [ 1, 1, 3, 3, 1, 1, 3, 3, 3, 1, 3, 1, 1, 1, 3, 3, -2 ] ] ], [ 505, [ [ -2, 1, 1, 3, 1, 3, 1, 1, 1, 1, 1, 3, 1, 1, 1, 3, 3 ], 
          [ 1, -2, 1, 1, 1, 1, 1, 1, 3, 3, 3, 1, 3, 3, 1, 1, 3 ], [ 1, 1, -2, 1, 3, 3, 1, 1, 1, 1, 1, 3, 1, 1, 1, 3, 3 ], 
          [ 3, 1, 1, -2, 1, 3, 1, 1, 3, 3, 3, 1, 3, 1, 1, 1, 1 ], [ 1, 1, 3, 1, -2, 1, 3, 1, 3, 1, 3, 1, 3, 1, 1, 1, 1 ], 
          [ 3, 1, 3, 3, 1, -2, 3, 1, 3, 1, 3, 1, 3, 3, 3, 1, 1 ], [ 1, 1, 1, 1, 3, 3, -2, 1, 1, 3, 1, 1, 1, 1, 1, 3, 3 ], 
          [ 1, 1, 1, 1, 1, 1, 1, -2, 1, 1, 3, 1, 3, 1, 1, 1, 1 ], [ 1, 3, 1, 3, 3, 3, 1, 1, -2, 1, 1, 3, 1, 1, 1, 3, 3 ], 
          [ 1, 3, 1, 3, 1, 1, 3, 1, 1, -2, 1, 3, 1, 1, 3, 3, 1 ], [ 1, 3, 1, 3, 3, 3, 1, 3, 1, 1, -2, 3, 1, 1, 3, 3, 3 ], 
          [ 3, 1, 3, 1, 1, 1, 1, 1, 3, 3, 3, -2, 3, 3, 1, 1, 3 ], [ 1, 3, 1, 3, 3, 3, 1, 3, 1, 1, 1, 3, -2, 1, 1, 3, 3 ], 
          [ 1, 3, 1, 1, 1, 3, 1, 1, 1, 1, 1, 3, 1, -2, 1, 3, 1 ], [ 1, 1, 1, 1, 1, 3, 1, 1, 1, 3, 3, 1, 1, 1, -2, 1, 3 ], 
          [ 3, 1, 3, 1, 1, 1, 3, 1, 3, 3, 3, 1, 3, 3, 1, -2, 1 ], [ 3, 3, 3, 1, 1, 1, 3, 1, 3, 1, 3, 3, 3, 1, 3, 1, -2 ] ] ], 
  [ 434, [ [ -2, 1, 1, 3, 1, 3, 1, 1, 1, 1, 3, 3, 3, 3, 3, 1 ], [ 1, -2, 1, 1, 1, 1, 1, 1, 3, 1, 3, 1, 3, 3, 1, 1 ], 
          [ 1, 1, -2, 1, 3, 3, 1, 1, 1, 3, 3, 1, 3, 1, 3, 3 ], [ 3, 1, 1, -2, 1, 3, 1, 1, 3, 1, 3, 1, 3, 3, 1, 3 ], 
          [ 1, 1, 3, 1, -2, 1, 3, 1, 3, 1, 3, 1, 3, 3, 1, 1 ], [ 3, 1, 3, 3, 1, -2, 3, 1, 3, 3, 1, 1, 1, 1, 1, 1 ], 
          [ 1, 1, 1, 1, 3, 3, -2, 1, 1, 1, 3, 3, 3, 3, 1, 3 ], [ 1, 1, 1, 1, 1, 1, 1, -2, 1, 1, 3, 1, 3, 1, 1, 1 ], 
          [ 1, 3, 1, 3, 3, 3, 1, 1, -2, 3, 3, 3, 3, 1, 3, 3 ], [ 1, 1, 3, 1, 1, 3, 1, 1, 3, -2, 3, 3, 3, 3, 1, 1 ], 
          [ 3, 3, 3, 3, 3, 1, 3, 3, 3, 3, -2, 3, 1, 1, 3, 1 ], [ 3, 1, 1, 1, 1, 1, 3, 1, 3, 3, 3, -2, 1, 1, 1, 1 ], 
          [ 3, 3, 3, 3, 3, 1, 3, 3, 3, 3, 1, 1, -2, 1, 3, 1 ], [ 3, 3, 1, 3, 3, 1, 3, 1, 1, 3, 1, 1, 1, -2, 3, 1 ], 
          [ 3, 1, 3, 1, 1, 1, 1, 1, 3, 1, 3, 1, 3, 3, -2, 3 ], [ 1, 1, 3, 3, 1, 1, 3, 1, 3, 1, 1, 1, 1, 1, 3, -2 ] ] ], 
  [ 422, [ [ -2, 1, 1, 3, 1, 3, 1, 1, 1, 1, 3, 3, 3, 1, 3 ], [ 1, -2, 1, 1, 1, 1, 1, 1, 3, 1, 3, 3, 1, 3, 3 ], 
          [ 1, 1, -2, 1, 3, 3, 1, 1, 1, 3, 3, 3, 1, 3, 1 ], [ 3, 1, 1, -2, 1, 3, 1, 1, 3, 1, 3, 3, 1, 3, 3 ], 
          [ 1, 1, 3, 1, -2, 1, 3, 1, 3, 1, 3, 3, 3, 1, 3 ], [ 3, 1, 3, 3, 1, -2, 3, 1, 3, 3, 1, 1, 1, 3, 1 ], 
          [ 1, 1, 1, 1, 3, 3, -2, 1, 1, 1, 3, 1, 1, 3, 3 ], [ 1, 1, 1, 1, 1, 1, 1, -2, 1, 1, 3, 3, 1, 3, 1 ], 
          [ 1, 3, 1, 3, 3, 3, 1, 1, -2, 3, 3, 3, 3, 3, 1 ], [ 1, 1, 3, 1, 1, 3, 1, 1, 3, -2, 3, 3, 3, 1, 3 ], 
          [ 3, 3, 3, 3, 3, 1, 3, 3, 3, 3, -2, 1, 1, 1, 1 ], [ 3, 3, 3, 3, 3, 1, 1, 3, 3, 3, 1, -2, 1, 1, 3 ], 
          [ 3, 1, 1, 1, 3, 1, 1, 1, 3, 3, 1, 1, -2, 3, 1 ], [ 1, 3, 3, 3, 1, 3, 3, 3, 3, 1, 1, 1, 3, -2, 3 ], 
          [ 3, 3, 1, 3, 3, 1, 3, 1, 1, 3, 1, 3, 1, 3, -2 ] ] ], [ 455, [ [ -2, 1, 1, 3, 1, 3, 1, 1, 1, 1, 3, 1, 1, 3, 3, 3, 3 ], 
          [ 1, -2, 1, 1, 1, 1, 1, 1, 3, 1, 3, 1, 1, 1, 3, 3, 3 ], [ 1, 1, -2, 1, 3, 3, 1, 1, 1, 3, 1, 1, 1, 3, 1, 1, 3 ], 
          [ 3, 1, 1, -2, 1, 3, 1, 1, 3, 1, 1, 1, 3, 1, 1, 1, 3 ], [ 1, 1, 3, 1, -2, 1, 3, 1, 3, 1, 3, 1, 3, 1, 3, 3, 3 ], 
          [ 3, 1, 3, 3, 1, -2, 3, 1, 3, 3, 3, 3, 1, 1, 3, 3, 1 ], [ 1, 1, 1, 1, 3, 3, -2, 1, 1, 1, 1, 1, 1, 1, 1, 3, 3 ], 
          [ 1, 1, 1, 1, 1, 1, 1, -2, 1, 1, 1, 1, 1, 1, 3, 3, 3 ], [ 1, 3, 1, 3, 3, 3, 1, 1, -2, 3, 1, 1, 1, 3, 1, 3, 1 ], 
          [ 1, 1, 3, 1, 1, 3, 1, 1, 3, -2, 1, 1, 3, 1, 3, 3, 3 ], [ 3, 3, 1, 1, 3, 3, 1, 1, 1, 1, -2, 1, 3, 1, 1, 1, 3 ], 
          [ 1, 1, 1, 1, 1, 3, 1, 1, 1, 1, 1, -2, 3, 1, 3, 3, 3 ], [ 1, 1, 1, 3, 3, 1, 1, 1, 1, 3, 3, 3, -2, 3, 1, 3, 1 ], 
          [ 3, 1, 3, 1, 1, 1, 1, 1, 3, 1, 1, 1, 3, -2, 3, 3, 3 ], [ 3, 3, 1, 1, 3, 3, 1, 3, 1, 3, 1, 3, 1, 3, -2, 1, 1 ], 
          [ 3, 3, 1, 1, 3, 3, 3, 3, 3, 3, 1, 3, 3, 3, 1, -2, 3 ], [ 3, 3, 3, 3, 3, 1, 3, 3, 1, 3, 3, 3, 1, 3, 1, 3, -2 ] ] ], 
  [ 401, [ [ -2, 1, 1, 3, 1, 3, 1, 1, 1, 1, 1, 3, 1, 1, 1, 1 ], [ 1, -2, 1, 1, 1, 1, 1, 1, 3, 1, 3, 1, 1, 1, 1, 1 ], 
          [ 1, 1, -2, 1, 3, 3, 1, 1, 1, 1, 1, 1, 3, 1, 1, 1 ], [ 3, 1, 1, -2, 1, 3, 1, 1, 3, 3, 3, 1, 3, 1, 1, 1 ], 
          [ 1, 1, 3, 1, -2, 1, 3, 1, 3, 3, 3, 3, 1, 1, 1, 1 ], [ 3, 1, 3, 3, 1, -2, 3, 1, 3, 1, 3, 1, 1, 3, 1, 3 ], 
          [ 1, 1, 1, 1, 3, 3, -2, 1, 1, 1, 1, 1, 3, 3, 1, 1 ], [ 1, 1, 1, 1, 1, 1, 1, -2, 1, 1, 3, 1, 1, 1, 1, 1 ], 
          [ 1, 3, 1, 3, 3, 3, 1, 1, -2, 3, 1, 3, 1, 1, 3, 1 ], [ 1, 1, 1, 3, 3, 1, 1, 1, 3, -2, 1, 1, 3, 3, 1, 3 ], 
          [ 1, 3, 1, 3, 3, 3, 1, 3, 1, 1, -2, 3, 3, 3, 3, 1 ], [ 3, 1, 1, 1, 3, 1, 1, 1, 3, 1, 3, -2, 3, 3, 1, 3 ], 
          [ 1, 1, 3, 3, 1, 1, 3, 1, 1, 3, 3, 3, -2, 1, 3, 1 ], [ 1, 1, 1, 1, 1, 3, 3, 1, 1, 3, 3, 3, 1, -2, 3, 1 ], 
          [ 1, 1, 1, 1, 1, 1, 1, 1, 3, 1, 3, 1, 3, 3, -2, 3 ], [ 1, 1, 1, 1, 1, 3, 1, 1, 1, 3, 1, 3, 1, 1, 3, -2 ] ] ], 
  [ 643, [ [ -2, 1, 1, 3, 1, 3, 1, 1, 1, 1, 1, 3, 1, 1, 1, 1, 3 ], [ 1, -2, 1, 1, 1, 1, 1, 1, 3, 1, 3, 1, 1, 1, 1, 1, 3 ], 
          [ 1, 1, -2, 1, 3, 3, 1, 1, 1, 1, 1, 1, 3, 1, 1, 1, 3 ], [ 3, 1, 1, -2, 1, 3, 1, 1, 3, 3, 3, 1, 3, 1, 1, 1, 3 ], 
          [ 1, 1, 3, 1, -2, 1, 3, 1, 3, 3, 3, 3, 1, 1, 1, 1, 3 ], [ 3, 1, 3, 3, 1, -2, 3, 1, 3, 1, 3, 1, 1, 3, 1, 3, 1 ], 
          [ 1, 1, 1, 1, 3, 3, -2, 1, 1, 1, 1, 1, 3, 3, 1, 1, 3 ], [ 1, 1, 1, 1, 1, 1, 1, -2, 1, 1, 3, 1, 1, 1, 1, 1, 3 ], 
          [ 1, 3, 1, 3, 3, 3, 1, 1, -2, 3, 1, 3, 1, 1, 3, 1, 3 ], [ 1, 1, 1, 3, 3, 1, 1, 1, 3, -2, 1, 1, 3, 3, 1, 3, 1 ], 
          [ 1, 3, 1, 3, 3, 3, 1, 3, 1, 1, -2, 3, 3, 3, 3, 1, 1 ], [ 3, 1, 1, 1, 3, 1, 1, 1, 3, 1, 3, -2, 3, 3, 1, 3, 1 ], 
          [ 1, 1, 3, 3, 1, 1, 3, 1, 1, 3, 3, 3, -2, 1, 3, 1, 3 ], [ 1, 1, 1, 1, 1, 3, 3, 1, 1, 3, 3, 3, 1, -2, 3, 1, 3 ], 
          [ 1, 1, 1, 1, 1, 1, 1, 1, 3, 1, 3, 1, 3, 3, -2, 3, 3 ], [ 1, 1, 1, 1, 1, 3, 1, 1, 1, 3, 1, 3, 1, 1, 3, -2, 3 ], 
          [ 3, 3, 3, 3, 3, 1, 3, 3, 3, 1, 1, 1, 3, 3, 3, 3, -2 ] ] ], 
  [ 424, [ [ -2, 1, 1, 3, 1, 3, 1, 1, 1, 1, 3, 1, 1, 3, 1 ], [ 1, -2, 1, 1, 1, 1, 1, 1, 3, 1, 3, 1, 1, 1, 3 ], 
          [ 1, 1, -2, 1, 3, 3, 1, 1, 1, 1, 1, 1, 1, 1, 3 ], [ 3, 1, 1, -2, 1, 3, 1, 1, 3, 1, 1, 1, 1, 1, 3 ], 
          [ 1, 1, 3, 1, -2, 1, 3, 1, 3, 1, 3, 1, 3, 3, 3 ], [ 3, 1, 3, 3, 1, -2, 3, 1, 3, 3, 3, 3, 3, 3, 3 ], 
          [ 1, 1, 1, 1, 3, 3, -2, 1, 1, 1, 1, 3, 1, 1, 1 ], [ 1, 1, 1, 1, 1, 1, 1, -2, 1, 3, 1, 1, 1, 3, 3 ], 
          [ 1, 3, 1, 3, 3, 3, 1, 1, -2, 3, 1, 1, 1, 3, 1 ], [ 1, 1, 1, 1, 1, 3, 1, 3, 3, -2, 3, 1, 3, 1, 3 ], 
          [ 3, 3, 1, 1, 3, 3, 1, 1, 1, 3, -2, 3, 1, 1, 3 ], [ 1, 1, 1, 1, 1, 3, 3, 1, 1, 1, 3, -2, 1, 3, 3 ], 
          [ 1, 1, 1, 1, 3, 3, 1, 1, 1, 3, 1, 1, -2, 3, 1 ], [ 3, 1, 1, 1, 3, 3, 1, 3, 3, 1, 1, 3, 3, -2, 3 ], 
          [ 1, 3, 3, 3, 3, 3, 1, 3, 1, 3, 3, 3, 1, 3, -2 ] ] ], 
  [ 446, [ [ -2, 1, 1, 3, 1, 3, 1, 1, 1, 1, 3, 3, 1, 3, 3 ], [ 1, -2, 1, 1, 1, 1, 1, 1, 3, 1, 3, 3, 3, 1, 3 ], 
          [ 1, 1, -2, 1, 3, 3, 1, 1, 1, 1, 3, 1, 3, 1, 3 ], [ 3, 1, 1, -2, 1, 3, 1, 1, 3, 1, 3, 1, 1, 1, 3 ], 
          [ 1, 1, 3, 1, -2, 1, 3, 1, 3, 1, 3, 3, 1, 1, 1 ], [ 3, 1, 3, 3, 1, -2, 3, 1, 3, 3, 1, 3, 3, 1, 1 ], 
          [ 1, 1, 1, 1, 3, 3, -2, 1, 1, 1, 3, 1, 1, 3, 3 ], [ 1, 1, 1, 1, 1, 1, 1, -2, 1, 3, 3, 3, 1, 3, 3 ], 
          [ 1, 3, 1, 3, 3, 3, 1, 1, -2, 3, 3, 3, 1, 3, 3 ], [ 1, 1, 1, 1, 1, 3, 1, 3, 3, -2, 3, 1, 3, 1, 1 ], 
          [ 3, 3, 3, 3, 3, 1, 3, 3, 3, 3, -2, 1, 3, 3, 1 ], [ 3, 3, 1, 1, 3, 3, 1, 3, 3, 1, 1, -2, 3, 1, 1 ], 
          [ 1, 3, 3, 1, 1, 3, 1, 1, 1, 3, 3, 3, -2, 3, 3 ], [ 3, 1, 1, 1, 1, 1, 3, 3, 3, 1, 3, 1, 3, -2, 1 ], 
          [ 3, 3, 3, 3, 1, 1, 3, 3, 3, 1, 1, 1, 3, 1, -2 ] ] ], 
  [ 441, [ [ -2, 1, 1, 3, 1, 3, 1, 1, 1, 1, 3, 3, 1, 3, 1 ], [ 1, -2, 1, 1, 1, 1, 1, 1, 3, 1, 3, 1, 1, 1, 3 ], 
          [ 1, 1, -2, 1, 3, 3, 1, 1, 1, 3, 3, 1, 1, 3, 3 ], [ 3, 1, 1, -2, 1, 3, 1, 1, 3, 3, 3, 1, 3, 3, 1 ], 
          [ 1, 1, 3, 1, -2, 1, 3, 1, 3, 1, 3, 3, 1, 3, 1 ], [ 3, 1, 3, 3, 1, -2, 3, 1, 3, 1, 1, 1, 1, 1, 3 ], 
          [ 1, 1, 1, 1, 3, 3, -2, 1, 1, 1, 1, 1, 3, 3, 1 ], [ 1, 1, 1, 1, 1, 1, 1, -2, 1, 1, 1, 1, 3, 3, 1 ], 
          [ 1, 3, 1, 3, 3, 3, 1, 1, -2, 1, 1, 3, 3, 3, 1 ], [ 1, 1, 3, 3, 1, 1, 1, 1, 1, -2, 1, 3, 1, 1, 1 ], 
          [ 3, 3, 3, 3, 3, 1, 1, 1, 1, 1, -2, 1, 3, 1, 1 ], [ 3, 1, 1, 1, 3, 1, 1, 1, 3, 3, 1, -2, 3, 1, 3 ], 
          [ 1, 1, 1, 3, 1, 1, 3, 3, 3, 1, 3, 3, -2, 1, 3 ], [ 3, 1, 3, 3, 3, 1, 3, 3, 3, 1, 1, 1, 1, -2, 3 ], 
          [ 1, 3, 3, 1, 1, 3, 1, 1, 1, 1, 1, 3, 3, 3, -2 ] ] ], 
  [ 526, [ [ -2, 1, 1, 3, 1, 3, 1, 1, 1, 1, 3, 1, 3, 1, 3, 3 ], [ 1, -2, 1, 1, 1, 1, 1, 1, 3, 1, 3, 1, 1, 1, 1, 3 ], 
          [ 1, 1, -2, 1, 3, 3, 1, 1, 1, 3, 1, 1, 3, 1, 1, 1 ], [ 3, 1, 1, -2, 1, 3, 1, 1, 3, 3, 3, 1, 1, 3, 1, 1 ], 
          [ 1, 1, 3, 1, -2, 1, 3, 1, 3, 1, 3, 1, 1, 3, 3, 3 ], [ 3, 1, 3, 3, 1, -2, 3, 1, 3, 1, 1, 3, 1, 1, 3, 3 ], 
          [ 1, 1, 1, 1, 3, 3, -2, 1, 1, 1, 3, 1, 3, 1, 1, 1 ], [ 1, 1, 1, 1, 1, 1, 1, -2, 1, 1, 3, 1, 1, 1, 3, 3 ], 
          [ 1, 3, 1, 3, 3, 3, 1, 1, -2, 1, 3, 1, 3, 1, 3, 1 ], [ 1, 1, 3, 3, 1, 1, 1, 1, 1, -2, 3, 1, 3, 1, 3, 3 ], 
          [ 3, 3, 1, 3, 3, 1, 3, 3, 3, 3, -2, 3, 3, 1, 1, 1 ], [ 1, 1, 1, 1, 1, 3, 1, 1, 1, 1, 3, -2, 1, 3, 1, 1 ], 
          [ 3, 1, 3, 1, 1, 1, 3, 1, 3, 3, 3, 1, -2, 3, 1, 3 ], [ 1, 1, 1, 3, 3, 1, 1, 1, 1, 1, 1, 3, 3, -2, 3, 3 ], 
          [ 3, 1, 1, 1, 3, 3, 1, 3, 3, 3, 1, 1, 1, 3, -2, 1 ], [ 3, 3, 1, 1, 3, 3, 1, 3, 1, 3, 1, 1, 3, 3, 1, -2 ] ] ], 
  [ 540, [ [ -2, 1, 1, 3, 1, 3, 1, 1, 3, 3, 3, 3, 1, 3, 1 ], [ 1, -2, 1, 1, 1, 1, 1, 1, 3, 3, 3, 1, 1, 3, 3 ], 
          [ 1, 1, -2, 1, 3, 3, 1, 1, 3, 3, 3, 3, 3, 1, 1 ], [ 3, 1, 1, -2, 1, 3, 1, 1, 3, 3, 1, 1, 3, 1, 3 ], 
          [ 1, 1, 3, 1, -2, 1, 3, 1, 1, 3, 1, 1, 1, 3, 3 ], [ 3, 1, 3, 3, 1, -2, 3, 1, 1, 1, 1, 1, 1, 3, 3 ], 
          [ 1, 1, 1, 1, 3, 3, -2, 1, 3, 3, 1, 1, 3, 1, 3 ], [ 1, 1, 1, 1, 1, 1, 1, -2, 3, 3, 1, 1, 3, 3, 1 ], 
          [ 3, 3, 3, 3, 1, 1, 3, 3, -2, 1, 1, 1, 3, 3, 3 ], [ 3, 3, 3, 3, 3, 1, 3, 3, 1, -2, 3, 3, 1, 3, 3 ], 
          [ 3, 3, 3, 1, 1, 1, 1, 1, 1, 3, -2, 1, 3, 1, 3 ], [ 3, 1, 3, 1, 1, 1, 1, 1, 1, 3, 1, -2, 3, 3, 3 ], 
          [ 1, 1, 3, 3, 1, 1, 3, 3, 3, 1, 3, 3, -2, 3, 3 ], [ 3, 3, 1, 1, 3, 3, 1, 3, 3, 3, 1, 3, 3, -2, 3 ], 
          [ 1, 3, 1, 3, 3, 3, 3, 1, 3, 3, 3, 3, 3, 3, -2 ] ] ], 
  [ 499, [ [ -2, 1, 1, 3, 1, 3, 1, 1, 3, 3, 3, 1, 1, 3, 1, 1 ], [ 1, -2, 1, 1, 1, 1, 1, 1, 3, 3, 1, 3, 3, 3, 3, 3 ], 
          [ 1, 1, -2, 1, 3, 3, 1, 1, 3, 3, 1, 3, 1, 3, 1, 3 ], [ 3, 1, 1, -2, 1, 3, 1, 1, 3, 3, 1, 1, 3, 1, 3, 3 ], 
          [ 1, 1, 3, 1, -2, 1, 3, 1, 1, 3, 1, 1, 3, 3, 3, 1 ], [ 3, 1, 3, 3, 1, -2, 3, 1, 1, 1, 1, 3, 3, 3, 3, 1 ], 
          [ 1, 1, 1, 1, 3, 3, -2, 1, 3, 3, 3, 1, 1, 1, 1, 1 ], [ 1, 1, 1, 1, 1, 1, 1, -2, 3, 3, 1, 1, 1, 1, 3, 1 ], 
          [ 3, 3, 3, 3, 1, 1, 3, 3, -2, 1, 1, 3, 3, 3, 1, 1 ], [ 3, 3, 3, 3, 3, 1, 3, 3, 1, -2, 3, 3, 3, 3, 1, 3 ], 
          [ 3, 1, 1, 1, 1, 1, 3, 1, 1, 3, -2, 3, 3, 3, 3, 3 ], [ 1, 3, 3, 1, 1, 3, 1, 1, 3, 3, 3, -2, 1, 1, 3, 1 ], 
          [ 1, 3, 1, 3, 3, 3, 1, 1, 3, 3, 3, 1, -2, 1, 1, 1 ], [ 3, 3, 3, 1, 3, 3, 1, 1, 3, 3, 3, 1, 1, -2, 3, 1 ], 
          [ 1, 3, 1, 3, 3, 3, 1, 3, 1, 1, 3, 3, 1, 3, -2, 1 ], [ 1, 3, 3, 3, 1, 1, 1, 1, 1, 3, 3, 1, 1, 1, 1, -2 ] ] ], 
  [ 474, [ [ -2, 1, 1, 3, 1, 3, 1, 1, 3, 3, 3, 3, 3, 1, 1, 1 ], [ 1, -2, 1, 1, 1, 1, 1, 1, 3, 3, 1, 3, 3, 3, 3, 1 ], 
          [ 1, 1, -2, 1, 3, 3, 1, 1, 3, 3, 3, 3, 1, 3, 1, 1 ], [ 3, 1, 1, -2, 1, 3, 1, 1, 3, 3, 1, 1, 1, 1, 1, 3 ], 
          [ 1, 1, 3, 1, -2, 1, 3, 1, 1, 3, 1, 3, 3, 1, 1, 3 ], [ 3, 1, 3, 3, 1, -2, 3, 1, 1, 1, 1, 3, 3, 3, 3, 1 ], 
          [ 1, 1, 1, 1, 3, 3, -2, 1, 3, 3, 1, 1, 3, 1, 3, 1 ], [ 1, 1, 1, 1, 1, 1, 1, -2, 3, 3, 1, 3, 3, 1, 1, 1 ], 
          [ 3, 3, 3, 3, 1, 1, 3, 3, -2, 1, 1, 3, 3, 3, 3, 3 ], [ 3, 3, 3, 3, 3, 1, 3, 3, 1, -2, 3, 1, 3, 3, 3, 1 ], 
          [ 3, 1, 3, 1, 1, 1, 1, 1, 1, 3, -2, 3, 3, 1, 3, 3 ], [ 3, 3, 3, 1, 3, 3, 1, 3, 3, 1, 3, -2, 1, 1, 3, 1 ], 
          [ 3, 3, 1, 1, 3, 3, 3, 3, 3, 3, 3, 1, -2, 1, 1, 3 ], [ 1, 3, 3, 1, 1, 3, 1, 1, 3, 3, 1, 1, 1, -2, 1, 3 ], 
          [ 1, 3, 1, 1, 1, 3, 3, 1, 3, 3, 3, 3, 1, 1, -2, 3 ], [ 1, 1, 1, 3, 3, 1, 1, 1, 3, 1, 3, 1, 3, 3, 3, -2 ] ] ], 
  [ 517, [ [ -2, 1, 1, 3, 1, 3, 1, 1, 3, 3, 3, 3, 1, 3, 3 ], [ 1, -2, 1, 1, 1, 1, 1, 1, 3, 3, 3, 1, 1, 1, 1 ], 
          [ 1, 1, -2, 1, 3, 3, 1, 1, 3, 1, 3, 1, 1, 1, 3 ], [ 3, 1, 1, -2, 1, 3, 1, 1, 3, 3, 3, 1, 1, 1, 1 ], 
          [ 1, 1, 3, 1, -2, 1, 3, 1, 1, 3, 3, 1, 1, 3, 1 ], [ 3, 1, 3, 3, 1, -2, 3, 1, 1, 1, 1, 1, 3, 3, 1 ], 
          [ 1, 1, 1, 1, 3, 3, -2, 1, 3, 3, 3, 3, 1, 1, 3 ], [ 1, 1, 1, 1, 1, 1, 1, -2, 3, 3, 3, 3, 3, 3, 1 ], 
          [ 3, 3, 3, 3, 1, 1, 3, 3, -2, 1, 1, 1, 1, 1, 3 ], [ 3, 3, 1, 3, 3, 1, 3, 3, 1, -2, 1, 1, 3, 1, 3 ], 
          [ 3, 3, 3, 3, 3, 1, 3, 3, 1, 1, -2, 3, 3, 3, 3 ], [ 3, 1, 1, 1, 1, 1, 3, 3, 1, 1, 3, -2, 1, 1, 1 ], 
          [ 1, 1, 1, 1, 1, 3, 1, 3, 1, 3, 3, 1, -2, 1, 3 ], [ 3, 1, 1, 1, 3, 3, 1, 3, 1, 1, 3, 1, 1, -2, 3 ], 
          [ 3, 1, 3, 1, 1, 1, 3, 1, 3, 3, 3, 1, 3, 3, -2 ] ] ], 
  [ 470, [ [ -2, 1, 1, 3, 1, 3, 1, 1, 3, 1, 1, 3, 1, 3, 3 ], [ 1, -2, 1, 1, 1, 1, 1, 1, 3, 1, 3, 3, 3, 3, 1 ], 
          [ 1, 1, -2, 1, 3, 3, 1, 1, 3, 1, 1, 1, 3, 3, 3 ], [ 3, 1, 1, -2, 1, 3, 1, 1, 3, 1, 3, 1, 3, 3, 1 ], 
          [ 1, 1, 3, 1, -2, 1, 3, 1, 1, 1, 3, 3, 1, 3, 1 ], [ 3, 1, 3, 3, 1, -2, 3, 1, 1, 3, 3, 3, 3, 1, 1 ], 
          [ 1, 1, 1, 1, 3, 3, -2, 1, 3, 1, 3, 1, 3, 1, 3 ], [ 1, 1, 1, 1, 1, 1, 1, -2, 3, 3, 3, 3, 3, 1, 1 ], 
          [ 3, 3, 3, 3, 1, 1, 3, 3, -2, 1, 3, 1, 1, 1, 1 ], [ 1, 1, 1, 1, 1, 3, 1, 3, 1, -2, 3, 1, 1, 3, 3 ], 
          [ 1, 3, 1, 3, 3, 3, 3, 3, 3, 3, -2, 3, 3, 3, 3 ], [ 3, 3, 1, 1, 3, 3, 1, 3, 1, 1, 3, -2, 1, 3, 3 ], 
          [ 1, 3, 3, 3, 1, 3, 3, 3, 1, 1, 3, 1, -2, 3, 3 ], [ 3, 3, 3, 3, 3, 1, 1, 1, 1, 3, 3, 3, 3, -2, 1 ], 
          [ 3, 1, 3, 1, 1, 1, 3, 1, 1, 3, 3, 3, 3, 1, -2 ] ] ], 
  [ 475, [ [ -2, 1, 1, 3, 1, 3, 1, 1, 1, 3, 1, 1, 1, 3, 3 ], [ 1, -2, 1, 1, 1, 1, 1, 1, 3, 1, 1, 3, 3, 3, 1 ], 
          [ 1, 1, -2, 1, 3, 3, 1, 1, 1, 1, 3, 1, 3, 3, 3 ], [ 3, 1, 1, -2, 1, 3, 1, 1, 3, 1, 3, 3, 3, 1, 3 ], 
          [ 1, 1, 3, 1, -2, 1, 3, 1, 3, 3, 1, 3, 1, 1, 3 ], [ 3, 1, 3, 3, 1, -2, 3, 1, 3, 1, 1, 3, 3, 1, 1 ], 
          [ 1, 1, 1, 1, 3, 3, -2, 1, 3, 1, 1, 3, 3, 3, 1 ], [ 1, 1, 1, 1, 1, 1, 1, -2, 3, 1, 1, 3, 3, 1, 3 ], 
          [ 1, 3, 1, 3, 3, 3, 3, 3, -2, 1, 3, 1, 1, 1, 3 ], [ 3, 1, 1, 1, 3, 1, 1, 1, 1, -2, 3, 3, 3, 1, 1 ], 
          [ 1, 1, 3, 3, 1, 1, 1, 1, 3, 3, -2, 3, 1, 3, 1 ], [ 1, 3, 1, 3, 3, 3, 3, 3, 1, 3, 3, -2, 1, 3, 3 ], 
          [ 1, 3, 3, 3, 1, 3, 3, 3, 1, 3, 1, 1, -2, 3, 3 ], [ 3, 3, 3, 1, 1, 1, 3, 1, 1, 1, 3, 3, 3, -2, 3 ], 
          [ 3, 1, 3, 3, 3, 1, 1, 3, 3, 1, 1, 3, 3, 3, -2 ] ] ], 
  [ 484, [ [ -2, 1, 1, 3, 1, 3, 1, 1, 1, 1, 3, 1, 3, 3, 3 ], [ 1, -2, 1, 1, 1, 1, 1, 1, 3, 1, 1, 1, 3, 1, 3 ], 
          [ 1, 1, -2, 1, 3, 3, 1, 1, 1, 1, 1, 3, 3, 3, 3 ], [ 3, 1, 1, -2, 1, 3, 1, 1, 3, 1, 1, 1, 1, 3, 3 ], 
          [ 1, 1, 3, 1, -2, 1, 3, 1, 3, 1, 3, 1, 1, 3, 3 ], [ 3, 1, 3, 3, 1, -2, 3, 1, 3, 3, 1, 3, 1, 1, 1 ], 
          [ 1, 1, 1, 1, 3, 3, -2, 1, 3, 1, 1, 1, 3, 3, 3 ], [ 1, 1, 1, 1, 1, 1, 1, -2, 3, 1, 1, 1, 1, 3, 3 ], 
          [ 1, 3, 1, 3, 3, 3, 3, 3, -2, 1, 3, 3, 3, 3, 1 ], [ 1, 1, 1, 1, 1, 3, 1, 1, 1, -2, 3, 1, 3, 3, 3 ], 
          [ 3, 1, 1, 1, 3, 1, 1, 1, 3, 3, -2, 1, 3, 1, 1 ], [ 1, 1, 3, 1, 1, 3, 1, 1, 3, 1, 1, -2, 3, 1, 3 ], 
          [ 3, 3, 3, 1, 1, 1, 3, 1, 3, 3, 3, 3, -2, 3, 3 ], [ 3, 1, 3, 3, 3, 1, 3, 3, 3, 3, 1, 1, 3, -2, 1 ], 
          [ 3, 3, 3, 3, 3, 1, 3, 3, 1, 3, 1, 3, 3, 1, -2 ] ] ], 
  [ 486, [ [ -2, 1, 1, 3, 1, 3, 1, 1, 1, 1, 3, 3, 1, 1, 3, 1, 3 ], [ 1, -2, 1, 1, 1, 1, 1, 1, 3, 1, 1, 3, 3, 1, 3, 3, 3 ], 
          [ 1, 1, -2, 1, 3, 3, 1, 1, 1, 1, 1, 1, 1, 1, 3, 3, 3 ], [ 3, 1, 1, -2, 1, 3, 1, 1, 3, 1, 1, 1, 3, 1, 1, 3, 3 ], 
          [ 1, 1, 3, 1, -2, 1, 3, 1, 3, 1, 3, 3, 3, 1, 3, 3, 3 ], [ 3, 1, 3, 3, 1, -2, 3, 1, 3, 3, 1, 3, 3, 3, 3, 3, 1 ], 
          [ 1, 1, 1, 1, 3, 3, -2, 1, 3, 1, 1, 1, 1, 1, 1, 1, 1 ], [ 1, 1, 1, 1, 1, 1, 1, -2, 3, 1, 1, 1, 1, 1, 3, 3, 1 ], 
          [ 1, 3, 1, 3, 3, 3, 3, 3, -2, 1, 3, 3, 1, 3, 3, 1, 3 ], [ 1, 1, 1, 1, 1, 3, 1, 1, 1, -2, 3, 1, 1, 1, 3, 3, 3 ], 
          [ 3, 1, 1, 1, 3, 1, 1, 1, 3, 3, -2, 1, 3, 1, 1, 3, 1 ], [ 3, 3, 1, 1, 3, 3, 1, 1, 3, 1, 1, -2, 1, 1, 1, 3, 1 ], 
          [ 1, 3, 1, 3, 3, 3, 1, 1, 1, 1, 3, 1, -2, 3, 3, 1, 1 ], [ 1, 1, 1, 1, 1, 3, 1, 1, 3, 1, 1, 1, 3, -2, 3, 3, 3 ], 
          [ 3, 3, 3, 1, 3, 3, 1, 3, 3, 3, 1, 1, 3, 3, -2, 1, 1 ], [ 1, 3, 3, 3, 3, 3, 1, 3, 1, 3, 3, 3, 1, 3, 1, -2, 1 ], 
          [ 3, 3, 3, 3, 3, 1, 1, 1, 3, 3, 1, 1, 1, 3, 1, 1, -2 ] ] ], [ 558, [ [ -2, 1, 1, 3, 1, 3, 1, 1, 1, 3, 1, 1, 3, 1, 1, 3 ], 
          [ 1, -2, 1, 1, 1, 1, 1, 1, 3, 1, 3, 1, 3, 3, 1, 3 ], [ 1, 1, -2, 1, 3, 3, 1, 1, 1, 3, 1, 1, 1, 3, 1, 3 ], 
          [ 3, 1, 1, -2, 1, 3, 1, 1, 3, 1, 3, 1, 3, 3, 3, 3 ], [ 1, 1, 3, 1, -2, 1, 3, 1, 3, 1, 3, 1, 3, 3, 3, 3 ], 
          [ 3, 1, 3, 3, 1, -2, 3, 1, 3, 1, 3, 1, 1, 3, 1, 1 ], [ 1, 1, 1, 1, 3, 3, -2, 1, 3, 1, 1, 1, 3, 1, 1, 3 ], 
          [ 1, 1, 1, 1, 1, 1, 1, -2, 3, 1, 1, 1, 3, 3, 1, 3 ], [ 1, 3, 1, 3, 3, 3, 3, 3, -2, 3, 1, 3, 1, 1, 1, 3 ], 
          [ 3, 1, 3, 1, 1, 1, 1, 1, 3, -2, 3, 3, 3, 3, 3, 3 ], [ 1, 3, 1, 3, 3, 3, 1, 1, 1, 3, -2, 3, 3, 1, 1, 3 ], 
          [ 1, 1, 1, 1, 1, 1, 1, 1, 3, 3, 3, -2, 1, 3, 1, 1 ], [ 3, 3, 1, 3, 3, 1, 3, 3, 1, 3, 3, 1, -2, 3, 1, 1 ], 
          [ 1, 3, 3, 3, 3, 3, 1, 3, 1, 3, 1, 3, 3, -2, 1, 3 ], [ 1, 1, 1, 3, 3, 1, 1, 1, 1, 3, 1, 1, 1, 1, -2, 3 ], 
          [ 3, 3, 3, 3, 3, 1, 3, 3, 3, 3, 3, 1, 1, 3, 3, -2 ] ] ], [ 725, [ [ -2, 1, 1, 3, 1, 3, 1, 1, 1, 3, 1, 1, 3, 1, 1, 3, 3 ], 
          [ 1, -2, 1, 1, 1, 1, 1, 1, 3, 1, 3, 1, 3, 3, 1, 3, 1 ], [ 1, 1, -2, 1, 3, 3, 1, 1, 1, 3, 1, 1, 1, 3, 1, 3, 1 ], 
          [ 3, 1, 1, -2, 1, 3, 1, 1, 3, 1, 3, 1, 3, 3, 3, 3, 1 ], [ 1, 1, 3, 1, -2, 1, 3, 1, 3, 1, 3, 1, 3, 3, 3, 3, 3 ], 
          [ 3, 1, 3, 3, 1, -2, 3, 1, 3, 1, 3, 1, 1, 3, 1, 1, 1 ], [ 1, 1, 1, 1, 3, 3, -2, 1, 3, 1, 1, 1, 3, 1, 1, 3, 1 ], 
          [ 1, 1, 1, 1, 1, 1, 1, -2, 3, 1, 1, 1, 3, 3, 1, 3, 1 ], [ 1, 3, 1, 3, 3, 3, 3, 3, -2, 3, 1, 3, 1, 1, 1, 3, 3 ], 
          [ 3, 1, 3, 1, 1, 1, 1, 1, 3, -2, 3, 3, 3, 3, 3, 3, 1 ], [ 1, 3, 1, 3, 3, 3, 1, 1, 1, 3, -2, 3, 3, 1, 1, 3, 3 ], 
          [ 1, 1, 1, 1, 1, 1, 1, 1, 3, 3, 3, -2, 1, 3, 1, 1, 1 ], [ 3, 3, 1, 3, 3, 1, 3, 3, 1, 3, 3, 1, -2, 3, 1, 1, 1 ], 
          [ 1, 3, 3, 3, 3, 3, 1, 3, 1, 3, 1, 3, 3, -2, 1, 3, 3 ], [ 1, 1, 1, 3, 3, 1, 1, 1, 1, 3, 1, 1, 1, 1, -2, 3, 1 ], 
          [ 3, 3, 3, 3, 3, 1, 3, 3, 3, 3, 3, 1, 1, 3, 3, -2, 1 ], [ 3, 1, 1, 1, 3, 1, 1, 1, 3, 1, 3, 1, 1, 3, 1, 1, -2 ] ] ], 
  [ 710, [ [ -2, 1, 1, 3, 1, 3, 1, 1, 1, 3, 3, 3, 3, 1, 1, 1 ], [ 1, -2, 1, 1, 1, 1, 1, 1, 3, 1, 1, 1, 1, 1, 1, 1 ], 
          [ 1, 1, -2, 1, 3, 3, 1, 1, 1, 3, 3, 3, 3, 1, 1, 3 ], [ 3, 1, 1, -2, 1, 3, 1, 1, 3, 1, 3, 1, 1, 3, 1, 3 ], 
          [ 1, 1, 3, 1, -2, 1, 3, 1, 3, 1, 3, 3, 1, 3, 1, 1 ], [ 3, 1, 3, 3, 1, -2, 3, 1, 3, 1, 1, 3, 1, 3, 3, 1 ], 
          [ 1, 1, 1, 1, 3, 3, -2, 1, 3, 1, 3, 1, 3, 1, 1, 3 ], [ 1, 1, 1, 1, 1, 1, 1, -2, 3, 1, 3, 3, 1, 3, 1, 1 ], 
          [ 1, 3, 1, 3, 3, 3, 3, 3, -2, 3, 1, 3, 3, 1, 3, 1 ], [ 3, 1, 3, 1, 1, 1, 1, 1, 3, -2, 1, 1, 1, 3, 1, 1 ], 
          [ 3, 1, 3, 3, 3, 1, 3, 3, 1, 1, -2, 1, 1, 1, 3, 1 ], [ 3, 1, 3, 1, 3, 3, 1, 3, 3, 1, 1, -2, 1, 1, 3, 3 ], 
          [ 3, 1, 3, 1, 1, 1, 3, 1, 3, 1, 1, 1, -2, 3, 1, 1 ], [ 1, 1, 1, 3, 3, 3, 1, 3, 1, 3, 1, 1, 3, -2, 3, 3 ], 
          [ 1, 1, 1, 1, 1, 3, 1, 1, 3, 1, 3, 3, 1, 3, -2, 1 ], [ 1, 1, 3, 3, 1, 1, 3, 1, 1, 1, 1, 3, 1, 3, 1, -2 ] ] ], 
  [ 921, [ [ -2, 1, 1, 3, 1, 3, 1, 1, 1, 3, 3, 3, 3, 1, 1, 1, 1 ], [ 1, -2, 1, 1, 1, 1, 1, 1, 3, 1, 1, 1, 1, 1, 1, 1, 3 ], 
          [ 1, 1, -2, 1, 3, 3, 1, 1, 1, 3, 3, 3, 3, 1, 1, 3, 1 ], [ 3, 1, 1, -2, 1, 3, 1, 1, 3, 1, 3, 1, 1, 3, 1, 3, 3 ], 
          [ 1, 1, 3, 1, -2, 1, 3, 1, 3, 1, 3, 3, 1, 3, 1, 1, 3 ], [ 3, 1, 3, 3, 1, -2, 3, 1, 3, 1, 1, 3, 1, 3, 3, 1, 3 ], 
          [ 1, 1, 1, 1, 3, 3, -2, 1, 3, 1, 3, 1, 3, 1, 1, 3, 1 ], [ 1, 1, 1, 1, 1, 1, 1, -2, 3, 1, 3, 3, 1, 3, 1, 1, 3 ], 
          [ 1, 3, 1, 3, 3, 3, 3, 3, -2, 3, 1, 3, 3, 1, 3, 1, 1 ], [ 3, 1, 3, 1, 1, 1, 1, 1, 3, -2, 1, 1, 1, 3, 1, 1, 3 ], 
          [ 3, 1, 3, 3, 3, 1, 3, 3, 1, 1, -2, 1, 1, 1, 3, 1, 3 ], [ 3, 1, 3, 1, 3, 3, 1, 3, 3, 1, 1, -2, 1, 1, 3, 3, 3 ], 
          [ 3, 1, 3, 1, 1, 1, 3, 1, 3, 1, 1, 1, -2, 3, 1, 1, 3 ], [ 1, 1, 1, 3, 3, 3, 1, 3, 1, 3, 1, 1, 3, -2, 3, 3, 1 ], 
          [ 1, 1, 1, 1, 1, 3, 1, 1, 3, 1, 3, 3, 1, 3, -2, 1, 1 ], [ 1, 1, 3, 3, 1, 1, 3, 1, 1, 1, 1, 3, 1, 3, 1, -2, 3 ], 
          [ 1, 3, 1, 3, 3, 3, 1, 3, 1, 3, 3, 3, 3, 1, 1, 3, -2 ] ] ], 
  [ 465, [ [ -2, 1, 1, 3, 1, 3, 1, 1, 3, 3, 1, 3, 3, 3, 1 ], [ 1, -2, 1, 1, 1, 1, 1, 1, 1, 3, 3, 3, 3, 3, 3 ], 
          [ 1, 1, -2, 1, 3, 3, 1, 1, 1, 1, 1, 1, 3, 3, 1 ], [ 3, 1, 1, -2, 1, 3, 1, 1, 1, 1, 3, 1, 1, 3, 3 ], 
          [ 1, 1, 3, 1, -2, 1, 3, 1, 1, 3, 3, 3, 3, 3, 3 ], [ 3, 1, 3, 3, 1, -2, 3, 1, 1, 3, 3, 3, 3, 1, 3 ], 
          [ 1, 1, 1, 1, 3, 3, -2, 1, 3, 3, 3, 3, 1, 3, 1 ], [ 1, 1, 1, 1, 1, 1, 1, -2, 1, 3, 3, 1, 3, 3, 3 ], 
          [ 3, 1, 1, 1, 1, 1, 3, 1, -2, 1, 3, 1, 3, 3, 3 ], [ 3, 3, 1, 1, 3, 3, 3, 3, 1, -2, 1, 1, 1, 3, 3 ], 
          [ 1, 3, 1, 3, 3, 3, 3, 3, 3, 1, -2, 1, 3, 1, 1 ], [ 3, 3, 1, 1, 3, 3, 3, 1, 1, 1, 1, -2, 1, 1, 3 ], 
          [ 3, 3, 3, 1, 3, 3, 1, 3, 3, 1, 3, 1, -2, 1, 3 ], [ 3, 3, 3, 3, 3, 1, 3, 3, 3, 3, 1, 1, 1, -2, 1 ], 
          [ 1, 3, 1, 3, 3, 3, 1, 3, 3, 3, 1, 3, 3, 1, -2 ] ] ], 
  [ 516, [ [ -2, 1, 1, 3, 1, 3, 1, 1, 3, 3, 3, 1, 3, 1, 1, 1, 3 ], [ 1, -2, 1, 1, 1, 1, 1, 1, 1, 3, 3, 3, 3, 3, 1, 3, 1 ], 
          [ 1, 1, -2, 1, 3, 3, 1, 1, 1, 1, 3, 1, 1, 3, 3, 1, 3 ], [ 3, 1, 1, -2, 1, 3, 1, 1, 1, 1, 3, 3, 1, 3, 3, 3, 1 ], 
          [ 1, 1, 3, 1, -2, 1, 3, 1, 1, 3, 3, 3, 3, 1, 1, 3, 1 ], [ 3, 1, 3, 3, 1, -2, 3, 1, 1, 3, 1, 3, 3, 3, 1, 3, 1 ], 
          [ 1, 1, 1, 1, 3, 3, -2, 1, 3, 3, 3, 3, 1, 3, 3, 1, 3 ], [ 1, 1, 1, 1, 1, 1, 1, -2, 1, 3, 3, 3, 1, 3, 1, 1, 1 ], 
          [ 3, 1, 1, 1, 1, 1, 3, 1, -2, 1, 3, 3, 1, 3, 1, 3, 1 ], [ 3, 3, 1, 1, 3, 3, 3, 3, 1, -2, 1, 1, 1, 3, 3, 3, 1 ], 
          [ 3, 3, 3, 3, 3, 1, 3, 3, 3, 1, -2, 3, 3, 3, 1, 3, 1 ], [ 1, 3, 1, 3, 3, 3, 3, 3, 3, 1, 3, -2, 3, 1, 3, 1, 3 ], 
          [ 3, 3, 1, 1, 3, 3, 1, 1, 1, 1, 3, 3, -2, 3, 3, 1, 3 ], [ 1, 3, 3, 3, 1, 3, 3, 3, 3, 3, 3, 1, 3, -2, 3, 1, 3 ], 
          [ 1, 1, 3, 3, 1, 1, 3, 1, 1, 3, 1, 3, 3, 3, -2, 3, 1 ], [ 1, 3, 1, 3, 3, 3, 1, 1, 3, 3, 3, 1, 1, 1, 3, -2, 3 ], 
          [ 3, 1, 3, 1, 1, 1, 3, 1, 1, 1, 1, 3, 3, 3, 1, 3, -2 ] ] ], [ 425, [ [ -2, 1, 1, 3, 1, 3, 1, 1, 3, 3, 3, 1, 3, 1, 3, 3, 1 ], 
          [ 1, -2, 1, 1, 1, 1, 1, 1, 1, 3, 3, 1, 1, 3, 1, 3, 3 ], [ 1, 1, -2, 1, 3, 3, 1, 1, 1, 1, 3, 1, 3, 3, 3, 3, 1 ], 
          [ 3, 1, 1, -2, 1, 3, 1, 1, 1, 1, 3, 1, 3, 3, 1, 3, 3 ], [ 1, 1, 3, 1, -2, 1, 3, 1, 1, 3, 3, 1, 3, 1, 1, 3, 3 ], 
          [ 3, 1, 3, 3, 1, -2, 3, 1, 1, 3, 1, 3, 1, 1, 1, 1, 3 ], [ 1, 1, 1, 1, 3, 3, -2, 1, 3, 3, 3, 1, 3, 3, 3, 3, 1 ], 
          [ 1, 1, 1, 1, 1, 1, 1, -2, 1, 3, 3, 1, 3, 1, 3, 3, 3 ], [ 3, 1, 1, 1, 1, 1, 3, 1, -2, 1, 3, 1, 1, 3, 1, 3, 3 ], 
          [ 3, 3, 1, 1, 3, 3, 3, 3, 1, -2, 1, 3, 1, 3, 1, 1, 3 ], [ 3, 3, 3, 3, 3, 1, 3, 3, 3, 1, -2, 3, 1, 1, 1, 1, 3 ], 
          [ 1, 1, 1, 1, 1, 3, 1, 1, 1, 3, 3, -2, 3, 1, 3, 3, 3 ], [ 3, 1, 3, 3, 3, 1, 3, 3, 1, 1, 1, 3, -2, 3, 1, 1, 3 ], 
          [ 1, 3, 3, 3, 1, 1, 3, 1, 3, 3, 1, 1, 3, -2, 3, 1, 3 ], [ 3, 1, 3, 1, 1, 1, 3, 3, 1, 1, 1, 3, 1, 3, -2, 1, 3 ], 
          [ 3, 3, 3, 3, 3, 1, 3, 3, 3, 1, 1, 3, 1, 1, 1, -2, 3 ], [ 1, 3, 1, 3, 3, 3, 1, 3, 3, 3, 3, 3, 3, 3, 3, 3, -2 ] ] ], 
  [ 516, [ [ -2, 1, 1, 3, 1, 3, 1, 1, 3, 3, 3, 1, 3, 1, 1, 1, 3 ], [ 1, -2, 1, 1, 1, 1, 1, 1, 1, 3, 1, 1, 3, 1, 1, 1, 3 ], 
          [ 1, 1, -2, 1, 3, 3, 1, 1, 1, 1, 1, 1, 1, 3, 1, 3, 3 ], [ 3, 1, 1, -2, 1, 3, 1, 1, 1, 1, 1, 3, 1, 1, 3, 3, 1 ], 
          [ 1, 1, 3, 1, -2, 1, 3, 1, 1, 3, 3, 1, 3, 1, 3, 1, 1 ], [ 3, 1, 3, 3, 1, -2, 3, 1, 1, 3, 1, 1, 3, 3, 1, 1, 3 ], 
          [ 1, 1, 1, 1, 3, 3, -2, 1, 3, 3, 1, 3, 1, 1, 1, 3, 3 ], [ 1, 1, 1, 1, 1, 1, 1, -2, 1, 3, 1, 1, 3, 1, 1, 3, 3 ], 
          [ 3, 1, 1, 1, 1, 1, 3, 1, -2, 1, 1, 1, 1, 3, 3, 3, 1 ], [ 3, 3, 1, 1, 3, 3, 3, 3, 1, -2, 1, 3, 1, 3, 3, 3, 1 ], 
          [ 3, 1, 1, 1, 3, 1, 1, 1, 1, 1, -2, 1, 1, 3, 1, 3, 3 ], [ 1, 1, 1, 3, 1, 1, 3, 1, 1, 3, 1, -2, 3, 3, 1, 1, 3 ], 
          [ 3, 3, 1, 1, 3, 3, 1, 3, 1, 1, 1, 3, -2, 3, 3, 3, 1 ], [ 1, 1, 3, 1, 1, 3, 1, 1, 3, 3, 3, 3, 3, -2, 1, 1, 1 ], 
          [ 1, 1, 1, 3, 3, 1, 1, 1, 3, 3, 1, 1, 3, 1, -2, 1, 3 ], [ 1, 1, 3, 3, 1, 1, 3, 3, 3, 3, 3, 1, 3, 1, 1, -2, 3 ], 
          [ 3, 3, 3, 1, 1, 3, 3, 3, 1, 1, 3, 3, 1, 1, 3, 3, -2 ] ] ], 
  [ 454, [ [ -2, 1, 1, 3, 1, 3, 1, 1, 3, 3, 1, 3, 3, 3, 1, 3 ], [ 1, -2, 1, 1, 1, 1, 1, 1, 1, 1, 3, 1, 1, 3, 1, 3 ], 
          [ 1, 1, -2, 1, 3, 3, 1, 1, 1, 3, 1, 3, 3, 1, 1, 3 ], [ 3, 1, 1, -2, 1, 3, 1, 1, 1, 1, 3, 1, 1, 1, 1, 3 ], 
          [ 1, 1, 3, 1, -2, 1, 3, 1, 1, 1, 3, 1, 1, 3, 1, 3 ], [ 3, 1, 3, 3, 1, -2, 3, 1, 1, 1, 3, 1, 1, 3, 3, 1 ], 
          [ 1, 1, 1, 1, 3, 3, -2, 1, 3, 3, 1, 3, 3, 1, 3, 3 ], [ 1, 1, 1, 1, 1, 1, 1, -2, 1, 1, 3, 3, 3, 3, 3, 3 ], 
          [ 3, 1, 1, 1, 1, 1, 3, 1, -2, 1, 3, 1, 1, 3, 1, 1 ], [ 3, 1, 3, 1, 1, 1, 3, 1, 1, -2, 3, 1, 1, 3, 1, 1 ], 
          [ 1, 3, 1, 3, 3, 3, 1, 3, 3, 3, -2, 3, 3, 1, 1, 1 ], [ 3, 1, 3, 1, 1, 1, 3, 3, 1, 1, 3, -2, 1, 1, 1, 1 ], 
          [ 3, 1, 3, 1, 1, 1, 3, 3, 1, 1, 3, 1, -2, 3, 1, 1 ], [ 3, 3, 1, 1, 3, 3, 1, 3, 3, 3, 1, 1, 3, -2, 3, 3 ], 
          [ 1, 1, 1, 1, 1, 3, 3, 3, 1, 1, 1, 1, 1, 3, -2, 1 ], [ 3, 3, 3, 3, 3, 1, 3, 3, 1, 1, 1, 1, 1, 3, 1, -2 ] ] ], 
  [ 412, [ [ -2, 1, 1, 3, 1, 3, 1, 1, 3, 3, 1, 3, 1, 3, 1 ], [ 1, -2, 1, 1, 1, 1, 1, 1, 1, 1, 3, 1, 1, 1, 3 ], 
          [ 1, 1, -2, 1, 3, 3, 1, 1, 1, 3, 1, 3, 3, 1, 3 ], [ 3, 1, 1, -2, 1, 3, 1, 1, 1, 1, 3, 1, 3, 3, 3 ], 
          [ 1, 1, 3, 1, -2, 1, 3, 1, 1, 1, 3, 1, 1, 3, 1 ], [ 3, 1, 3, 3, 1, -2, 3, 1, 1, 1, 3, 1, 1, 1, 1 ], 
          [ 1, 1, 1, 1, 3, 3, -2, 1, 3, 3, 1, 3, 3, 3, 3 ], [ 1, 1, 1, 1, 1, 1, 1, -2, 1, 1, 3, 3, 1, 3, 1 ], 
          [ 3, 1, 1, 1, 1, 1, 3, 1, -2, 1, 3, 1, 3, 1, 3 ], [ 3, 1, 3, 1, 1, 1, 3, 1, 1, -2, 3, 1, 1, 1, 1 ], 
          [ 1, 3, 1, 3, 3, 3, 1, 3, 3, 3, -2, 3, 3, 1, 3 ], [ 3, 1, 3, 1, 1, 1, 3, 3, 1, 1, 3, -2, 3, 1, 3 ], 
          [ 1, 1, 3, 3, 1, 1, 3, 1, 3, 1, 3, 3, -2, 3, 1 ], [ 3, 1, 1, 3, 3, 1, 3, 3, 1, 1, 1, 1, 3, -2, 3 ], 
          [ 1, 3, 3, 3, 1, 1, 3, 1, 3, 1, 3, 3, 1, 3, -2 ] ] ], 
  [ 530, [ [ -2, 1, 1, 3, 1, 3, 1, 1, 3, 3, 1, 3, 1, 3, 1, 1 ], [ 1, -2, 1, 1, 1, 1, 1, 1, 1, 1, 3, 1, 1, 1, 3, 1 ], 
          [ 1, 1, -2, 1, 3, 3, 1, 1, 1, 3, 1, 3, 3, 1, 3, 1 ], [ 3, 1, 1, -2, 1, 3, 1, 1, 1, 1, 3, 1, 3, 3, 3, 3 ], 
          [ 1, 1, 3, 1, -2, 1, 3, 1, 1, 1, 3, 1, 1, 3, 1, 3 ], [ 3, 1, 3, 3, 1, -2, 3, 1, 1, 1, 3, 1, 1, 1, 1, 1 ], 
          [ 1, 1, 1, 1, 3, 3, -2, 1, 3, 3, 1, 3, 3, 3, 3, 1 ], [ 1, 1, 1, 1, 1, 1, 1, -2, 1, 1, 3, 3, 1, 3, 1, 1 ], 
          [ 3, 1, 1, 1, 1, 1, 3, 1, -2, 1, 3, 1, 3, 1, 3, 3 ], [ 3, 1, 3, 1, 1, 1, 3, 1, 1, -2, 3, 1, 1, 1, 1, 1 ], 
          [ 1, 3, 1, 3, 3, 3, 1, 3, 3, 3, -2, 3, 3, 1, 3, 1 ], [ 3, 1, 3, 1, 1, 1, 3, 3, 1, 1, 3, -2, 3, 1, 3, 3 ], 
          [ 1, 1, 3, 3, 1, 1, 3, 1, 3, 1, 3, 3, -2, 3, 1, 1 ], [ 3, 1, 1, 3, 3, 1, 3, 3, 1, 1, 1, 1, 3, -2, 3, 1 ], 
          [ 1, 3, 3, 3, 1, 1, 3, 1, 3, 1, 3, 3, 1, 3, -2, 1 ], [ 1, 1, 1, 3, 3, 1, 1, 1, 3, 1, 1, 3, 1, 1, 1, -2 ] ] ], 
  [ 595, [ [ -2, 1, 1, 3, 1, 3, 1, 1, 3, 3, 1, 3, 1, 1, 3, 1, 3 ], [ 1, -2, 1, 1, 1, 1, 1, 1, 1, 1, 3, 3, 3, 1, 3, 3, 1 ], 
          [ 1, 1, -2, 1, 3, 3, 1, 1, 1, 3, 1, 1, 3, 1, 1, 1, 3 ], [ 3, 1, 1, -2, 1, 3, 1, 1, 1, 1, 3, 1, 3, 3, 1, 3, 3 ], 
          [ 1, 1, 3, 1, -2, 1, 3, 1, 1, 1, 3, 3, 1, 3, 3, 3, 3 ], [ 3, 1, 3, 3, 1, -2, 3, 1, 1, 1, 3, 3, 3, 1, 3, 3, 1 ], 
          [ 1, 1, 1, 1, 3, 3, -2, 1, 3, 3, 1, 1, 3, 1, 3, 1, 3 ], [ 1, 1, 1, 1, 1, 1, 1, -2, 1, 1, 3, 3, 3, 1, 3, 1, 3 ], 
          [ 3, 1, 1, 1, 1, 1, 3, 1, -2, 1, 3, 1, 3, 3, 1, 3, 3 ], [ 3, 1, 3, 1, 1, 1, 3, 1, 1, -2, 3, 3, 3, 3, 3, 3, 1 ], 
          [ 1, 3, 1, 3, 3, 3, 1, 3, 3, 3, -2, 1, 1, 1, 3, 1, 3 ], [ 3, 3, 1, 1, 3, 3, 1, 3, 1, 3, 1, -2, 3, 3, 1, 3, 3 ], 
          [ 1, 3, 3, 3, 1, 3, 3, 3, 3, 3, 1, 3, -2, 3, 3, 1, 3 ], [ 1, 1, 1, 3, 3, 1, 1, 1, 3, 3, 1, 3, 3, -2, 3, 1, 1 ], 
          [ 3, 3, 1, 1, 3, 3, 3, 3, 1, 3, 3, 1, 3, 3, -2, 3, 3 ], [ 1, 3, 1, 3, 3, 3, 1, 1, 3, 3, 1, 3, 1, 1, 3, -2, 3 ], 
          [ 3, 1, 3, 3, 3, 1, 3, 3, 3, 1, 3, 3, 3, 1, 3, 3, -2 ] ] ], [ 412, [ [ -2, 1, 1, 3, 1, 3, 1, 1, 3, 3, 1, 3, 3, 1, 1, 3 ], 
          [ 1, -2, 1, 1, 1, 1, 1, 1, 1, 1, 3, 3, 1, 1, 1, 3 ], [ 1, 1, -2, 1, 3, 3, 1, 1, 1, 3, 1, 1, 1, 3, 1, 1 ], 
          [ 3, 1, 1, -2, 1, 3, 1, 1, 1, 1, 3, 1, 1, 1, 3, 1 ], [ 1, 1, 3, 1, -2, 1, 3, 1, 1, 1, 3, 3, 3, 1, 3, 3 ], 
          [ 3, 1, 3, 3, 1, -2, 3, 1, 1, 1, 3, 3, 1, 3, 3, 3 ], [ 1, 1, 1, 1, 3, 3, -2, 1, 3, 3, 1, 1, 1, 1, 1, 3 ], 
          [ 1, 1, 1, 1, 1, 1, 1, -2, 1, 1, 3, 3, 1, 1, 3, 3 ], [ 3, 1, 1, 1, 1, 1, 3, 1, -2, 1, 3, 1, 1, 3, 3, 1 ], 
          [ 3, 1, 3, 1, 1, 1, 3, 1, 1, -2, 3, 3, 3, 1, 3, 3 ], [ 1, 3, 1, 3, 3, 3, 1, 3, 3, 3, -2, 1, 3, 3, 1, 3 ], 
          [ 3, 3, 1, 1, 3, 3, 1, 3, 1, 3, 1, -2, 1, 3, 3, 1 ], [ 3, 1, 1, 1, 3, 1, 1, 1, 1, 3, 3, 1, -2, 3, 3, 1 ], 
          [ 1, 1, 3, 1, 1, 3, 1, 1, 3, 1, 3, 3, 3, -2, 3, 3 ], [ 1, 1, 1, 3, 3, 3, 1, 3, 3, 3, 1, 3, 3, 3, -2, 3 ], 
          [ 3, 3, 1, 1, 3, 3, 3, 3, 1, 3, 3, 1, 1, 3, 3, -2 ] ] ], [ 405, [ [ -2, 1, 1, 3, 1, 3, 1, 1, 3, 3, 1, 3, 3, 3, 1 ], 
          [ 1, -2, 1, 1, 1, 1, 1, 1, 1, 1, 3, 3, 3, 1, 1 ], [ 1, 1, -2, 1, 3, 3, 1, 1, 1, 3, 1, 1, 3, 3, 1 ], 
          [ 3, 1, 1, -2, 1, 3, 1, 1, 1, 1, 3, 1, 3, 1, 3 ], [ 1, 1, 3, 1, -2, 1, 3, 1, 1, 1, 3, 3, 3, 1, 1 ], 
          [ 3, 1, 3, 3, 1, -2, 3, 1, 1, 1, 3, 3, 1, 1, 1 ], [ 1, 1, 1, 1, 3, 3, -2, 1, 3, 3, 1, 1, 3, 1, 3 ], 
          [ 1, 1, 1, 1, 1, 1, 1, -2, 1, 1, 1, 1, 3, 1, 1 ], [ 3, 1, 1, 1, 1, 1, 3, 1, -2, 1, 3, 1, 3, 1, 1 ], 
          [ 3, 1, 3, 1, 1, 1, 3, 1, 1, -2, 3, 1, 3, 1, 3 ], [ 1, 3, 1, 3, 3, 3, 1, 1, 3, 3, -2, 1, 1, 1, 1 ], 
          [ 3, 3, 1, 1, 3, 3, 1, 1, 1, 1, 1, -2, 3, 1, 3 ], [ 3, 3, 3, 3, 3, 1, 3, 3, 3, 3, 1, 3, -2, 1, 1 ], 
          [ 3, 1, 3, 1, 1, 1, 1, 1, 1, 1, 1, 1, 1, -2, 1 ], [ 1, 1, 1, 3, 1, 1, 3, 1, 1, 3, 1, 3, 1, 1, -2 ] ] ], 
  [ 572, [ [ -2, 1, 1, 3, 1, 3, 1, 1, 3, 3, 1, 1, 3, 3, 3, 3 ], [ 1, -2, 1, 1, 1, 1, 1, 1, 1, 3, 1, 1, 3, 1, 3, 3 ], 
          [ 1, 1, -2, 1, 3, 3, 1, 1, 1, 1, 1, 3, 1, 3, 3, 3 ], [ 3, 1, 1, -2, 1, 3, 1, 1, 1, 1, 1, 3, 3, 1, 3, 1 ], 
          [ 1, 1, 3, 1, -2, 1, 3, 1, 1, 3, 1, 1, 3, 1, 3, 1 ], [ 3, 1, 3, 3, 1, -2, 3, 1, 1, 3, 3, 1, 1, 1, 1, 3 ], 
          [ 1, 1, 1, 1, 3, 3, -2, 1, 3, 1, 1, 3, 3, 3, 3, 3 ], [ 1, 1, 1, 1, 1, 1, 1, -2, 1, 3, 1, 1, 3, 3, 3, 3 ], 
          [ 3, 1, 1, 1, 1, 1, 3, 1, -2, 1, 3, 1, 1, 1, 3, 1 ], [ 3, 3, 1, 1, 3, 3, 1, 3, 1, -2, 3, 3, 1, 1, 3, 1 ], 
          [ 1, 1, 1, 1, 1, 3, 1, 1, 3, 3, -2, 3, 3, 3, 3, 3 ], [ 1, 1, 3, 3, 1, 1, 3, 1, 1, 3, 3, -2, 3, 1, 1, 1 ], 
          [ 3, 3, 1, 3, 3, 1, 3, 3, 1, 1, 3, 3, -2, 1, 1, 3 ], [ 3, 1, 3, 1, 1, 1, 3, 3, 1, 1, 3, 1, 1, -2, 1, 1 ], 
          [ 3, 3, 3, 3, 3, 1, 3, 3, 3, 3, 3, 1, 1, 1, -2, 1 ], [ 3, 3, 3, 1, 1, 3, 3, 3, 1, 1, 3, 1, 3, 1, 1, -2 ] ] ], 
  [ 969, [ [ -2, 1, 1, 3, 1, 3, 1, 1, 3, 3, 1, 1, 3, 3, 3, 3, 1 ], [ 1, -2, 1, 1, 1, 1, 1, 1, 1, 3, 1, 1, 3, 1, 3, 3, 1 ], 
          [ 1, 1, -2, 1, 3, 3, 1, 1, 1, 1, 1, 3, 1, 3, 3, 3, 1 ], [ 3, 1, 1, -2, 1, 3, 1, 1, 1, 1, 1, 3, 3, 1, 3, 1, 1 ], 
          [ 1, 1, 3, 1, -2, 1, 3, 1, 1, 3, 1, 1, 3, 1, 3, 1, 1 ], [ 3, 1, 3, 3, 1, -2, 3, 1, 1, 3, 3, 1, 1, 1, 1, 3, 3 ], 
          [ 1, 1, 1, 1, 3, 3, -2, 1, 3, 1, 1, 3, 3, 3, 3, 3, 1 ], [ 1, 1, 1, 1, 1, 1, 1, -2, 1, 3, 1, 1, 3, 3, 3, 3, 1 ], 
          [ 3, 1, 1, 1, 1, 1, 3, 1, -2, 1, 3, 1, 1, 1, 3, 1, 1 ], [ 3, 3, 1, 1, 3, 3, 1, 3, 1, -2, 3, 3, 1, 1, 3, 1, 1 ], 
          [ 1, 1, 1, 1, 1, 3, 1, 1, 3, 3, -2, 3, 3, 3, 3, 3, 1 ], [ 1, 1, 3, 3, 1, 1, 3, 1, 1, 3, 3, -2, 3, 1, 1, 1, 1 ], 
          [ 3, 3, 1, 3, 3, 1, 3, 3, 1, 1, 3, 3, -2, 1, 1, 3, 3 ], [ 3, 1, 3, 1, 1, 1, 3, 3, 1, 1, 3, 1, 1, -2, 1, 1, 1 ], 
          [ 3, 3, 3, 3, 3, 1, 3, 3, 3, 3, 3, 1, 1, 1, -2, 1, 3 ], [ 3, 3, 3, 1, 1, 3, 3, 3, 1, 1, 3, 1, 3, 1, 1, -2, 1 ], 
          [ 1, 1, 1, 1, 1, 3, 1, 1, 1, 1, 1, 1, 3, 1, 3, 1, -2 ] ] ], [ 650, [ [ -2, 1, 1, 3, 1, 3, 1, 1, 3, 3, 3, 3, 3, 1, 1, 3 ], 
          [ 1, -2, 1, 1, 1, 1, 1, 1, 1, 1, 3, 1, 3, 1, 1, 3 ], [ 1, 1, -2, 1, 3, 3, 1, 1, 1, 3, 3, 1, 1, 1, 3, 1 ], 
          [ 3, 1, 1, -2, 1, 3, 1, 1, 1, 1, 1, 1, 1, 3, 3, 1 ], [ 1, 1, 3, 1, -2, 1, 3, 1, 1, 1, 3, 3, 3, 3, 1, 3 ], 
          [ 3, 1, 3, 3, 1, -2, 3, 1, 1, 1, 3, 1, 3, 1, 1, 3 ], [ 1, 1, 1, 1, 3, 3, -2, 1, 3, 3, 1, 1, 3, 1, 1, 1 ], 
          [ 1, 1, 1, 1, 1, 1, 1, -2, 1, 3, 3, 1, 3, 1, 3, 3 ], [ 3, 1, 1, 1, 1, 1, 3, 1, -2, 1, 3, 1, 1, 3, 3, 1 ], 
          [ 3, 1, 3, 1, 1, 1, 3, 3, 1, -2, 1, 3, 1, 3, 1, 3 ], [ 3, 3, 3, 1, 3, 3, 1, 3, 3, 1, -2, 3, 1, 3, 1, 1 ], 
          [ 3, 1, 1, 1, 3, 1, 1, 1, 1, 3, 3, -2, 1, 1, 3, 1 ], [ 3, 3, 1, 1, 3, 3, 3, 3, 1, 1, 1, 1, -2, 3, 3, 1 ], 
          [ 1, 1, 1, 3, 3, 1, 1, 1, 3, 3, 3, 1, 3, -2, 1, 3 ], [ 1, 1, 3, 3, 1, 1, 1, 3, 3, 1, 1, 3, 3, 1, -2, 3 ], 
          [ 3, 3, 1, 1, 3, 3, 1, 3, 1, 3, 1, 1, 1, 3, 3, -2 ] ] ], [ 810, [ [ -2, 1, 1, 3, 1, 3, 1, 1, 3, 3, 3, 3, 3, 1, 1, 3, 3 ], 
          [ 1, -2, 1, 1, 1, 1, 1, 1, 1, 1, 3, 1, 3, 1, 1, 3, 3 ], [ 1, 1, -2, 1, 3, 3, 1, 1, 1, 3, 3, 1, 1, 1, 3, 1, 1 ], 
          [ 3, 1, 1, -2, 1, 3, 1, 1, 1, 1, 1, 1, 1, 3, 3, 1, 1 ], [ 1, 1, 3, 1, -2, 1, 3, 1, 1, 1, 3, 3, 3, 3, 1, 3, 3 ], 
          [ 3, 1, 3, 3, 1, -2, 3, 1, 1, 1, 3, 1, 3, 1, 1, 3, 3 ], [ 1, 1, 1, 1, 3, 3, -2, 1, 3, 3, 1, 1, 3, 1, 1, 1, 1 ], 
          [ 1, 1, 1, 1, 1, 1, 1, -2, 1, 3, 3, 1, 3, 1, 3, 3, 1 ], [ 3, 1, 1, 1, 1, 1, 3, 1, -2, 1, 3, 1, 1, 3, 3, 1, 1 ], 
          [ 3, 1, 3, 1, 1, 1, 3, 3, 1, -2, 1, 3, 1, 3, 1, 3, 3 ], [ 3, 3, 3, 1, 3, 3, 1, 3, 3, 1, -2, 3, 1, 3, 1, 1, 1 ], 
          [ 3, 1, 1, 1, 3, 1, 1, 1, 1, 3, 3, -2, 1, 1, 3, 1, 1 ], [ 3, 3, 1, 1, 3, 3, 3, 3, 1, 1, 1, 1, -2, 3, 3, 1, 1 ], 
          [ 1, 1, 1, 3, 3, 1, 1, 1, 3, 3, 3, 1, 3, -2, 1, 3, 3 ], [ 1, 1, 3, 3, 1, 1, 1, 3, 3, 1, 1, 3, 3, 1, -2, 3, 3 ], 
          [ 3, 3, 1, 1, 3, 3, 1, 3, 1, 3, 1, 1, 1, 3, 3, -2, 1 ], [ 3, 3, 1, 1, 3, 3, 1, 1, 1, 3, 1, 1, 1, 3, 3, 1, -2 ] ] ], 
  [ 455, [ [ -2, 1, 1, 3, 1, 3, 1, 1, 3, 3, 1, 1, 1, 1, 3, 1 ], [ 1, -2, 1, 1, 1, 1, 1, 1, 1, 3, 1, 1, 1, 1, 1, 3 ], 
          [ 1, 1, -2, 1, 3, 3, 1, 1, 1, 3, 1, 1, 3, 1, 3, 3 ], [ 3, 1, 1, -2, 1, 3, 1, 1, 1, 3, 1, 3, 1, 3, 1, 3 ], 
          [ 1, 1, 3, 1, -2, 1, 3, 1, 1, 3, 1, 3, 1, 1, 1, 1 ], [ 3, 1, 3, 3, 1, -2, 3, 1, 1, 1, 3, 1, 3, 1, 1, 3 ], 
          [ 1, 1, 1, 1, 3, 3, -2, 1, 3, 1, 1, 1, 1, 3, 3, 3 ], [ 1, 1, 1, 1, 1, 1, 1, -2, 1, 3, 1, 1, 1, 1, 3, 3 ], 
          [ 3, 1, 1, 1, 1, 1, 3, 1, -2, 3, 3, 3, 3, 1, 1, 3 ], [ 3, 3, 3, 3, 3, 1, 1, 3, 3, -2, 3, 1, 3, 3, 3, 3 ], 
          [ 1, 1, 1, 1, 1, 3, 1, 1, 3, 3, -2, 1, 1, 1, 3, 1 ], [ 1, 1, 1, 3, 3, 1, 1, 1, 3, 1, 1, -2, 3, 1, 3, 3 ], 
          [ 1, 1, 3, 1, 1, 3, 1, 1, 3, 3, 1, 3, -2, 3, 1, 1 ], [ 1, 1, 1, 3, 1, 1, 3, 1, 1, 3, 1, 1, 3, -2, 3, 3 ], 
          [ 3, 1, 3, 1, 1, 1, 3, 3, 1, 3, 3, 3, 1, 3, -2, 1 ], [ 1, 3, 3, 3, 1, 3, 3, 3, 3, 3, 1, 3, 1, 3, 1, -2 ] ] ], 
  [ 449, [ [ -2, 1, 1, 3, 1, 3, 1, 1, 3, 3, 1, 1, 3, 3, 1, 3 ], [ 1, -2, 1, 1, 1, 1, 1, 1, 1, 3, 3, 1, 3, 1, 1, 1 ], 
          [ 1, 1, -2, 1, 3, 3, 1, 1, 1, 3, 1, 3, 3, 3, 1, 1 ], [ 3, 1, 1, -2, 1, 3, 1, 1, 1, 3, 3, 3, 3, 1, 1, 1 ], 
          [ 1, 1, 3, 1, -2, 1, 3, 1, 1, 3, 3, 1, 3, 1, 3, 3 ], [ 3, 1, 3, 3, 1, -2, 3, 1, 1, 1, 3, 1, 1, 1, 3, 1 ], 
          [ 1, 1, 1, 1, 3, 3, -2, 1, 3, 1, 3, 3, 1, 3, 1, 1 ], [ 1, 1, 1, 1, 1, 1, 1, -2, 1, 3, 3, 1, 1, 1, 1, 1 ], 
          [ 3, 1, 1, 1, 1, 1, 3, 1, -2, 3, 3, 1, 3, 1, 3, 1 ], [ 3, 3, 3, 3, 3, 1, 1, 3, 3, -2, 3, 3, 1, 3, 3, 3 ], 
          [ 1, 3, 1, 3, 3, 3, 3, 3, 3, 3, -2, 1, 3, 3, 1, 3 ], [ 1, 1, 3, 3, 1, 1, 3, 1, 1, 3, 1, -2, 3, 1, 1, 3 ], 
          [ 3, 3, 3, 3, 3, 1, 1, 1, 3, 1, 3, 3, -2, 3, 3, 1 ], [ 3, 1, 3, 1, 1, 1, 3, 1, 1, 3, 3, 1, 3, -2, 1, 1 ], 
          [ 1, 1, 1, 1, 3, 3, 1, 1, 3, 3, 1, 1, 3, 1, -2, 1 ], [ 3, 1, 1, 1, 3, 1, 1, 1, 1, 3, 3, 3, 1, 1, 1, -2 ] ] ], 
  [ 404, [ [ -2, 1, 1, 3, 1, 3, 1, 1, 3, 1, 3, 3, 3, 1, 1 ], [ 1, -2, 1, 1, 1, 1, 1, 1, 1, 1, 1, 3, 1, 1, 3 ], 
          [ 1, 1, -2, 1, 3, 3, 1, 1, 1, 1, 1, 3, 1, 1, 1 ], [ 3, 1, 1, -2, 1, 3, 1, 1, 1, 3, 1, 3, 1, 3, 3 ], 
          [ 1, 1, 3, 1, -2, 1, 3, 1, 1, 3, 1, 3, 3, 3, 3 ], [ 3, 1, 3, 3, 1, -2, 3, 1, 1, 3, 1, 1, 3, 3, 3 ], 
          [ 1, 1, 1, 1, 3, 3, -2, 1, 3, 3, 3, 1, 1, 1, 3 ], [ 1, 1, 1, 1, 1, 1, 1, -2, 1, 3, 3, 1, 3, 3, 3 ], 
          [ 3, 1, 1, 1, 1, 1, 3, 1, -2, 3, 1, 3, 1, 3, 3 ], [ 1, 1, 1, 3, 3, 3, 3, 3, 3, -2, 1, 3, 1, 1, 1 ], 
          [ 3, 1, 1, 1, 1, 1, 3, 3, 1, 1, -2, 3, 1, 3, 3 ], [ 3, 3, 3, 3, 3, 1, 1, 1, 3, 3, 3, -2, 3, 3, 3 ], 
          [ 3, 1, 1, 1, 3, 3, 1, 3, 1, 1, 1, 3, -2, 1, 3 ], [ 1, 1, 1, 3, 3, 3, 1, 3, 3, 1, 3, 3, 1, -2, 1 ], 
          [ 1, 3, 1, 3, 3, 3, 3, 3, 3, 1, 3, 3, 3, 1, -2 ] ] ], [ 444, [ [ -2, 1, 1, 3, 1, 3, 1, 1, 3, 3, 1, 1, 1, 1, 3 ], 
          [ 1, -2, 1, 1, 1, 1, 1, 1, 1, 3, 1, 1, 1, 1, 3 ], [ 1, 1, -2, 1, 3, 3, 1, 1, 1, 1, 3, 1, 3, 1, 3 ], 
          [ 3, 1, 1, -2, 1, 3, 1, 1, 1, 3, 1, 3, 3, 3, 1 ], [ 1, 1, 3, 1, -2, 1, 3, 1, 1, 3, 1, 3, 1, 1, 1 ], 
          [ 3, 1, 3, 3, 1, -2, 3, 1, 1, 1, 3, 3, 1, 1, 3 ], [ 1, 1, 1, 1, 3, 3, -2, 1, 3, 3, 1, 1, 1, 3, 3 ], 
          [ 1, 1, 1, 1, 1, 1, 1, -2, 1, 1, 1, 3, 1, 1, 3 ], [ 3, 1, 1, 1, 1, 1, 3, 1, -2, 1, 3, 3, 3, 1, 3 ], 
          [ 3, 3, 1, 3, 3, 1, 3, 1, 1, -2, 3, 3, 3, 1, 3 ], [ 1, 1, 3, 1, 1, 3, 1, 1, 3, 3, -2, 3, 1, 3, 1 ], 
          [ 1, 1, 1, 3, 3, 3, 1, 3, 3, 3, 3, -2, 1, 1, 3 ], [ 1, 1, 3, 3, 1, 1, 1, 1, 3, 3, 1, 1, -2, 1, 1 ], 
          [ 1, 1, 1, 3, 1, 1, 3, 1, 1, 1, 3, 1, 1, -2, 3 ], [ 3, 3, 3, 1, 1, 3, 3, 3, 3, 3, 1, 3, 1, 3, -2 ] ] ], 
  [ 415, [ [ -2, 1, 1, 3, 1, 3, 1, 1, 3, 3, 3, 3, 3, 1, 1, 1 ], [ 1, -2, 1, 1, 1, 1, 1, 1, 1, 1, 3, 3, 3, 3, 3, 1 ], 
          [ 1, 1, -2, 1, 3, 3, 1, 1, 1, 3, 1, 1, 3, 3, 3, 3 ], [ 3, 1, 1, -2, 1, 3, 1, 1, 1, 1, 1, 1, 3, 3, 1, 3 ], 
          [ 1, 1, 3, 1, -2, 1, 3, 1, 1, 1, 3, 3, 3, 1, 1, 1 ], [ 3, 1, 3, 3, 1, -2, 3, 1, 1, 1, 3, 3, 3, 3, 3, 1 ], 
          [ 1, 1, 1, 1, 3, 3, -2, 1, 3, 1, 3, 1, 3, 3, 1, 3 ], [ 1, 1, 1, 1, 1, 1, 1, -2, 1, 1, 1, 1, 3, 3, 1, 1 ], 
          [ 3, 1, 1, 1, 1, 1, 3, 1, -2, 1, 1, 1, 1, 3, 3, 3 ], [ 3, 1, 3, 1, 1, 1, 1, 1, 1, -2, 3, 1, 3, 3, 1, 1 ], 
          [ 3, 3, 1, 1, 3, 3, 3, 1, 1, 3, -2, 1, 1, 3, 3, 3 ], [ 3, 3, 1, 1, 3, 3, 1, 1, 1, 1, 1, -2, 1, 3, 1, 3 ], 
          [ 3, 3, 3, 3, 3, 3, 3, 3, 1, 3, 1, 1, -2, 1, 3, 3 ], [ 1, 3, 3, 3, 1, 3, 3, 3, 3, 3, 3, 3, 1, -2, 1, 1 ], 
          [ 1, 3, 3, 1, 1, 3, 1, 1, 3, 1, 3, 1, 3, 1, -2, 1 ], [ 1, 1, 3, 3, 1, 1, 3, 1, 3, 1, 3, 3, 3, 1, 1, -2 ] ] ], 
  [ 533, [ [ -2, 1, 1, 3, 1, 3, 1, 1, 3, 3, 3, 3, 1, 3, 1, 1, 1 ], [ 1, -2, 1, 1, 1, 1, 1, 1, 1, 1, 1, 3, 3, 1, 1, 1, 1 ], 
          [ 1, 1, -2, 1, 3, 3, 1, 1, 1, 3, 1, 3, 3, 1, 1, 3, 1 ], [ 3, 1, 1, -2, 1, 3, 1, 1, 1, 1, 3, 1, 3, 1, 3, 3, 1 ], 
          [ 1, 1, 3, 1, -2, 1, 3, 1, 1, 1, 3, 3, 1, 1, 3, 1, 1 ], [ 3, 1, 3, 3, 1, -2, 3, 1, 1, 1, 1, 3, 1, 1, 1, 1, 3 ], 
          [ 1, 1, 1, 1, 3, 3, -2, 1, 3, 1, 3, 1, 3, 3, 1, 3, 1 ], [ 1, 1, 1, 1, 1, 1, 1, -2, 1, 1, 3, 3, 1, 3, 1, 1, 1 ], 
          [ 3, 1, 1, 1, 1, 1, 3, 1, -2, 1, 1, 3, 3, 1, 3, 3, 1 ], [ 3, 1, 3, 1, 1, 1, 1, 1, 1, -2, 3, 1, 3, 1, 3, 3, 1 ], 
          [ 3, 1, 1, 3, 3, 1, 3, 3, 1, 3, -2, 3, 3, 1, 1, 1, 3 ], [ 3, 3, 3, 1, 3, 3, 1, 3, 3, 1, 3, -2, 3, 3, 3, 3, 3 ], 
          [ 1, 3, 3, 3, 1, 1, 3, 1, 3, 3, 3, 3, -2, 3, 1, 1, 3 ], [ 3, 1, 1, 1, 1, 1, 3, 3, 1, 1, 1, 3, 3, -2, 3, 3, 1 ], 
          [ 1, 1, 1, 3, 3, 1, 1, 1, 3, 3, 1, 3, 1, 3, -2, 1, 3 ], [ 1, 1, 3, 3, 1, 1, 3, 1, 3, 3, 1, 3, 1, 3, 1, -2, 3 ], 
          [ 1, 1, 1, 1, 1, 3, 1, 1, 1, 1, 3, 3, 3, 1, 3, 3, -2 ] ] ], [ 474, [ [ -2, 1, 1, 3, 1, 3, 1, 1, 3, 3, 3, 3, 1, 3, 1, 1, 1 ], 
          [ 1, -2, 1, 1, 1, 1, 1, 1, 1, 1, 1, 3, 3, 1, 1, 1, 1 ], [ 1, 1, -2, 1, 3, 3, 1, 1, 1, 3, 1, 3, 3, 1, 1, 3, 3 ], 
          [ 3, 1, 1, -2, 1, 3, 1, 1, 1, 1, 3, 1, 3, 1, 3, 3, 3 ], [ 1, 1, 3, 1, -2, 1, 3, 1, 1, 1, 3, 3, 1, 1, 3, 1, 1 ], 
          [ 3, 1, 3, 3, 1, -2, 3, 1, 1, 1, 1, 3, 1, 1, 1, 1, 1 ], [ 1, 1, 1, 1, 3, 3, -2, 1, 3, 1, 3, 1, 3, 3, 1, 3, 1 ], 
          [ 1, 1, 1, 1, 1, 1, 1, -2, 1, 1, 3, 3, 1, 3, 1, 1, 1 ], [ 3, 1, 1, 1, 1, 1, 3, 1, -2, 1, 1, 3, 3, 1, 3, 3, 3 ], 
          [ 3, 1, 3, 1, 1, 1, 1, 1, 1, -2, 3, 1, 3, 1, 3, 3, 1 ], [ 3, 1, 1, 3, 3, 1, 3, 3, 1, 3, -2, 3, 3, 1, 1, 1, 3 ], 
          [ 3, 3, 3, 1, 3, 3, 1, 3, 3, 1, 3, -2, 3, 3, 3, 3, 3 ], [ 1, 3, 3, 3, 1, 1, 3, 1, 3, 3, 3, 3, -2, 3, 1, 1, 1 ], 
          [ 3, 1, 1, 1, 1, 1, 3, 3, 1, 1, 1, 3, 3, -2, 3, 3, 3 ], [ 1, 1, 1, 3, 3, 1, 1, 1, 3, 3, 1, 3, 1, 3, -2, 1, 1 ], 
          [ 1, 1, 3, 3, 1, 1, 3, 1, 3, 3, 1, 3, 1, 3, 1, -2, 1 ], [ 1, 1, 3, 3, 1, 1, 1, 1, 3, 1, 3, 3, 1, 3, 1, 1, -2 ] ] ], 
  [ 461, [ [ -2, 1, 1, 3, 1, 3, 1, 1, 3, 3, 1, 3, 3, 1, 1 ], [ 1, -2, 1, 1, 1, 1, 1, 1, 1, 1, 1, 1, 3, 1, 3 ], 
          [ 1, 1, -2, 1, 3, 3, 1, 1, 1, 3, 1, 3, 3, 1, 1 ], [ 3, 1, 1, -2, 1, 3, 1, 1, 1, 1, 3, 1, 1, 3, 3 ], 
          [ 1, 1, 3, 1, -2, 1, 3, 1, 1, 1, 1, 1, 1, 1, 3 ], [ 3, 1, 3, 3, 1, -2, 3, 1, 1, 1, 1, 1, 3, 1, 3 ], 
          [ 1, 1, 1, 1, 3, 3, -2, 1, 3, 1, 3, 1, 3, 3, 1 ], [ 1, 1, 1, 1, 1, 1, 1, -2, 1, 1, 1, 3, 3, 1, 3 ], 
          [ 3, 1, 1, 1, 1, 1, 3, 1, -2, 1, 1, 3, 1, 1, 3 ], [ 3, 1, 3, 1, 1, 1, 1, 1, 1, -2, 1, 1, 1, 3, 3 ], 
          [ 1, 1, 1, 3, 1, 1, 3, 1, 1, 1, -2, 3, 3, 1, 3 ], [ 3, 1, 3, 1, 1, 1, 1, 3, 3, 1, 3, -2, 1, 3, 3 ], 
          [ 3, 3, 3, 1, 1, 3, 3, 3, 1, 1, 3, 1, -2, 3, 3 ], [ 1, 1, 1, 3, 1, 1, 3, 1, 1, 3, 1, 3, 3, -2, 1 ], 
          [ 1, 3, 1, 3, 3, 3, 1, 3, 3, 3, 3, 3, 3, 1, -2 ] ] ], [ 408, [ [ -2, 1, 1, 3, 1, 3, 1, 1, 3, 3, 1, 1, 1, 3, 1, 3 ], 
          [ 1, -2, 1, 1, 1, 1, 1, 1, 1, 1, 1, 1, 3, 3, 1, 1 ], [ 1, 1, -2, 1, 3, 3, 1, 1, 1, 3, 1, 1, 3, 3, 1, 1 ], 
          [ 3, 1, 1, -2, 1, 3, 1, 1, 1, 1, 3, 1, 3, 3, 1, 1 ], [ 1, 1, 3, 1, -2, 1, 3, 1, 1, 1, 1, 1, 1, 1, 1, 3 ], 
          [ 3, 1, 3, 3, 1, -2, 3, 1, 1, 1, 1, 3, 3, 1, 3, 3 ], [ 1, 1, 1, 1, 3, 3, -2, 1, 3, 1, 3, 3, 3, 3, 1, 1 ], 
          [ 1, 1, 1, 1, 1, 1, 1, -2, 1, 1, 1, 1, 3, 3, 1, 3 ], [ 3, 1, 1, 1, 1, 1, 3, 1, -2, 1, 1, 1, 3, 1, 1, 1 ], 
          [ 3, 1, 3, 1, 1, 1, 1, 1, 1, -2, 1, 3, 3, 1, 1, 1 ], [ 1, 1, 1, 3, 1, 1, 3, 1, 1, 1, -2, 1, 3, 1, 1, 3 ], 
          [ 1, 1, 1, 1, 1, 3, 3, 1, 1, 3, 1, -2, 1, 3, 1, 3 ], [ 1, 3, 3, 3, 1, 3, 3, 3, 3, 3, 3, 1, -2, 1, 3, 3 ], 
          [ 3, 3, 3, 3, 1, 1, 3, 3, 1, 1, 1, 3, 1, -2, 3, 3 ], [ 1, 1, 1, 1, 1, 3, 1, 1, 1, 1, 1, 1, 3, 3, -2, 1 ], 
          [ 3, 1, 1, 1, 3, 3, 1, 3, 1, 1, 3, 3, 3, 3, 1, -2 ] ] ], [ 426, [ [ -2, 1, 1, 3, 1, 3, 1, 1, 3, 3, 3, 1, 1, 3, 1 ], 
          [ 1, -2, 1, 1, 1, 1, 1, 1, 1, 3, 3, 1, 3, 1, 3 ], [ 1, 1, -2, 1, 3, 3, 1, 1, 1, 1, 3, 1, 3, 3, 3 ], 
          [ 3, 1, 1, -2, 1, 3, 1, 1, 1, 1, 1, 1, 3, 1, 1 ], [ 1, 1, 3, 1, -2, 1, 3, 1, 1, 3, 1, 1, 3, 1, 1 ], 
          [ 3, 1, 3, 3, 1, -2, 3, 1, 1, 3, 1, 3, 3, 1, 3 ], [ 1, 1, 1, 1, 3, 3, -2, 1, 3, 1, 3, 1, 1, 3, 1 ], 
          [ 1, 1, 1, 1, 1, 1, 1, -2, 1, 3, 1, 1, 1, 1, 1 ], [ 3, 1, 1, 1, 1, 1, 3, 1, -2, 3, 3, 3, 3, 1, 3 ], 
          [ 3, 3, 1, 1, 3, 3, 1, 3, 3, -2, 1, 1, 3, 3, 1 ], [ 3, 3, 3, 1, 1, 1, 3, 1, 3, 1, -2, 1, 3, 1, 1 ], 
          [ 1, 1, 1, 1, 1, 3, 1, 1, 3, 1, 1, -2, 3, 1, 1 ], [ 1, 3, 3, 3, 3, 3, 1, 1, 3, 3, 3, 3, -2, 3, 1 ], 
          [ 3, 1, 3, 1, 1, 1, 3, 1, 1, 3, 1, 1, 3, -2, 1 ], [ 1, 3, 3, 1, 1, 3, 1, 1, 3, 1, 1, 1, 1, 1, -2 ] ] ], 
  [ 401, [ [ -2, 1, 1, 3, 1, 3, 1, 1, 3, 3, 3, 1, 3, 1, 1 ], [ 1, -2, 1, 1, 1, 1, 1, 1, 3, 1, 3, 1, 3, 1, 1 ], 
          [ 1, 1, -2, 1, 3, 3, 1, 1, 3, 3, 1, 1, 3, 3, 3 ], [ 3, 1, 1, -2, 1, 3, 1, 1, 3, 1, 1, 3, 1, 3, 1 ], 
          [ 1, 1, 3, 1, -2, 1, 3, 1, 1, 1, 3, 3, 3, 1, 1 ], [ 3, 1, 3, 3, 1, -2, 3, 1, 1, 1, 3, 3, 3, 1, 3 ], 
          [ 1, 1, 1, 1, 3, 3, -2, 1, 3, 3, 3, 1, 1, 1, 1 ], [ 1, 1, 1, 1, 1, 1, 1, -2, 3, 1, 1, 3, 3, 1, 1 ], 
          [ 3, 3, 3, 3, 1, 1, 3, 3, -2, 1, 3, 3, 3, 1, 3 ], [ 3, 1, 3, 1, 1, 1, 3, 1, 1, -2, 1, 3, 3, 1, 1 ], 
          [ 3, 3, 1, 1, 3, 3, 3, 1, 3, 1, -2, 3, 1, 3, 1 ], [ 1, 1, 1, 3, 3, 3, 1, 3, 3, 3, 3, -2, 3, 1, 3 ], 
          [ 3, 3, 3, 1, 3, 3, 1, 3, 3, 3, 1, 3, -2, 3, 1 ], [ 1, 1, 3, 3, 1, 1, 1, 1, 1, 1, 3, 1, 3, -2, 1 ], 
          [ 1, 1, 3, 1, 1, 3, 1, 1, 3, 1, 1, 3, 1, 1, -2 ] ] ], 
  [ 467, [ [ -2, 1, 1, 3, 1, 3, 1, 1, 3, 1, 3, 1, 3, 3, 3, 1 ], [ 1, -2, 1, 1, 1, 1, 1, 1, 3, 3, 3, 1, 1, 3, 3, 1 ], 
          [ 1, 1, -2, 1, 3, 3, 1, 1, 3, 1, 3, 3, 1, 3, 3, 1 ], [ 3, 1, 1, -2, 1, 3, 1, 1, 3, 3, 1, 3, 1, 1, 3, 3 ], 
          [ 1, 1, 3, 1, -2, 1, 3, 1, 1, 3, 3, 1, 3, 3, 3, 3 ], [ 3, 1, 3, 3, 1, -2, 3, 1, 1, 3, 3, 1, 1, 3, 3, 3 ], 
          [ 1, 1, 1, 1, 3, 3, -2, 1, 3, 1, 1, 3, 1, 1, 3, 3 ], [ 1, 1, 1, 1, 1, 1, 1, -2, 3, 3, 1, 3, 1, 3, 3, 3 ], 
          [ 3, 3, 3, 3, 1, 1, 3, 3, -2, 3, 3, 1, 3, 3, 1, 3 ], [ 1, 3, 1, 3, 3, 3, 1, 3, 3, -2, 3, 3, 3, 1, 3, 1 ], 
          [ 3, 3, 3, 1, 3, 3, 1, 1, 3, 3, -2, 3, 1, 1, 1, 3 ], [ 1, 1, 3, 3, 1, 1, 3, 3, 1, 3, 3, -2, 3, 3, 3, 1 ], 
          [ 3, 1, 1, 1, 3, 1, 1, 1, 3, 3, 1, 3, -2, 1, 3, 3 ], [ 3, 3, 3, 1, 3, 3, 1, 3, 3, 1, 1, 3, 1, -2, 3, 3 ], 
          [ 3, 3, 3, 3, 3, 3, 3, 3, 1, 3, 1, 3, 3, 3, -2, 1 ], [ 1, 1, 1, 3, 3, 3, 3, 3, 3, 1, 3, 1, 3, 3, 1, -2 ] ] ], 
  [ 467, [ [ -2, 1, 1, 3, 1, 3, 1, 1, 3, 1, 3, 1, 3, 3, 3, 1 ], [ 1, -2, 1, 1, 1, 1, 1, 1, 3, 3, 3, 1, 1, 3, 3, 1 ], 
          [ 1, 1, -2, 1, 3, 3, 1, 1, 3, 1, 3, 3, 1, 3, 3, 1 ], [ 3, 1, 1, -2, 1, 3, 1, 1, 3, 3, 1, 3, 1, 1, 3, 3 ], 
          [ 1, 1, 3, 1, -2, 1, 3, 1, 1, 3, 3, 1, 3, 3, 3, 3 ], [ 3, 1, 3, 3, 1, -2, 3, 1, 1, 3, 3, 1, 1, 3, 3, 3 ], 
          [ 1, 1, 1, 1, 3, 3, -2, 1, 3, 1, 1, 3, 1, 1, 3, 3 ], [ 1, 1, 1, 1, 1, 1, 1, -2, 3, 3, 1, 3, 1, 3, 3, 3 ], 
          [ 3, 3, 3, 3, 1, 1, 3, 3, -2, 3, 3, 1, 3, 3, 1, 3 ], [ 1, 3, 1, 3, 3, 3, 1, 3, 3, -2, 3, 3, 3, 1, 3, 1 ], 
          [ 3, 3, 3, 1, 3, 3, 1, 1, 3, 3, -2, 3, 1, 1, 1, 3 ], [ 1, 1, 3, 3, 1, 1, 3, 3, 1, 3, 3, -2, 3, 3, 3, 1 ], 
          [ 3, 1, 1, 1, 3, 1, 1, 1, 3, 3, 1, 3, -2, 1, 3, 3 ], [ 3, 3, 3, 1, 3, 3, 1, 3, 3, 1, 1, 3, 1, -2, 3, 3 ], 
          [ 3, 3, 3, 3, 3, 3, 3, 3, 1, 3, 1, 3, 3, 3, -2, 1 ], [ 1, 1, 1, 3, 3, 3, 3, 3, 3, 1, 3, 1, 3, 3, 1, -2 ] ] ], 
  [ 464, [ [ -2, 1, 1, 3, 1, 3, 1, 1, 3, 1, 3, 3, 1, 3, 1 ], [ 1, -2, 1, 1, 1, 1, 1, 1, 3, 3, 1, 1, 1, 3, 1 ], 
          [ 1, 1, -2, 1, 3, 3, 1, 1, 3, 1, 3, 1, 1, 3, 1 ], [ 3, 1, 1, -2, 1, 3, 1, 1, 3, 3, 3, 1, 3, 3, 1 ], 
          [ 1, 1, 3, 1, -2, 1, 3, 1, 1, 3, 3, 3, 1, 3, 1 ], [ 3, 1, 3, 3, 1, -2, 3, 1, 1, 3, 1, 3, 1, 1, 3 ], 
          [ 1, 1, 1, 1, 3, 3, -2, 1, 3, 1, 1, 1, 3, 3, 1 ], [ 1, 1, 1, 1, 1, 1, 1, -2, 3, 3, 3, 3, 1, 3, 1 ], 
          [ 3, 3, 3, 3, 1, 1, 3, 3, -2, 3, 1, 1, 1, 1, 3 ], [ 1, 3, 1, 3, 3, 3, 1, 3, 3, -2, 3, 3, 3, 3, 1 ], 
          [ 3, 1, 3, 3, 3, 1, 1, 3, 1, 3, -2, 1, 1, 1, 3 ], [ 3, 1, 1, 1, 3, 3, 1, 3, 1, 3, 1, -2, 3, 1, 1 ], 
          [ 1, 1, 1, 3, 1, 1, 3, 1, 1, 3, 1, 3, -2, 3, 3 ], [ 3, 3, 3, 3, 3, 1, 3, 3, 1, 3, 1, 1, 3, -2, 3 ], 
          [ 1, 1, 1, 1, 1, 3, 1, 1, 3, 1, 3, 1, 3, 3, -2 ] ] ], 
  [ 486, [ [ -2, 1, 1, 3, 1, 3, 1, 1, 3, 1, 3, 3, 3, 1, 1 ], [ 1, -2, 1, 1, 1, 1, 1, 1, 3, 3, 1, 1, 3, 1, 3 ], 
          [ 1, 1, -2, 1, 3, 3, 1, 1, 3, 1, 1, 3, 1, 3, 3 ], [ 3, 1, 1, -2, 1, 3, 1, 1, 3, 1, 1, 1, 3, 3, 3 ], 
          [ 1, 1, 3, 1, -2, 1, 3, 1, 1, 1, 1, 1, 3, 1, 1 ], [ 3, 1, 3, 3, 1, -2, 3, 1, 1, 3, 1, 1, 1, 1, 3 ], 
          [ 1, 1, 1, 1, 3, 3, -2, 1, 3, 3, 3, 3, 3, 1, 3 ], [ 1, 1, 1, 1, 1, 1, 1, -2, 3, 1, 1, 3, 3, 1, 3 ], 
          [ 3, 3, 3, 3, 1, 1, 3, 3, -2, 3, 1, 3, 1, 1, 1 ], [ 1, 3, 1, 1, 1, 3, 3, 1, 3, -2, 1, 3, 1, 3, 1 ], 
          [ 3, 1, 1, 1, 1, 1, 3, 1, 1, 1, -2, 3, 1, 1, 3 ], [ 3, 1, 3, 1, 1, 1, 3, 3, 3, 3, 3, -2, 3, 3, 3 ], 
          [ 3, 3, 1, 3, 3, 1, 3, 3, 1, 1, 1, 3, -2, 3, 1 ], [ 1, 1, 3, 3, 1, 1, 1, 1, 1, 3, 1, 3, 3, -2, 3 ], 
          [ 1, 3, 3, 3, 1, 3, 3, 3, 1, 1, 3, 3, 1, 3, -2 ] ] ], 
  [ 480, [ [ -2, 1, 1, 3, 1, 3, 1, 1, 3, 1, 1, 3, 3, 3, 1, 3 ], [ 1, -2, 1, 1, 1, 1, 1, 1, 3, 1, 1, 3, 1, 3, 1, 3 ], 
          [ 1, 1, -2, 1, 3, 3, 1, 1, 3, 3, 3, 3, 1, 3, 3, 3 ], [ 3, 1, 1, -2, 1, 3, 1, 1, 3, 3, 3, 1, 1, 3, 3, 1 ], 
          [ 1, 1, 3, 1, -2, 1, 3, 1, 1, 3, 1, 1, 1, 3, 1, 1 ], [ 3, 1, 3, 3, 1, -2, 3, 1, 1, 3, 1, 1, 1, 3, 1, 3 ], 
          [ 1, 1, 1, 1, 3, 3, -2, 1, 3, 1, 3, 3, 3, 3, 3, 3 ], [ 1, 1, 1, 1, 1, 1, 1, -2, 3, 3, 3, 1, 1, 3, 3, 3 ], 
          [ 3, 3, 3, 3, 1, 1, 3, 3, -2, 3, 1, 1, 1, 1, 3, 1 ], [ 1, 1, 3, 3, 3, 3, 1, 3, 3, -2, 1, 3, 3, 1, 1, 3 ], 
          [ 1, 1, 3, 3, 1, 1, 3, 3, 1, 1, -2, 1, 3, 3, 1, 3 ], [ 3, 3, 3, 1, 1, 1, 3, 1, 1, 3, 1, -2, 1, 3, 3, 1 ], 
          [ 3, 1, 1, 1, 1, 1, 3, 1, 1, 3, 3, 1, -2, 1, 3, 1 ], [ 3, 3, 3, 3, 3, 3, 3, 3, 1, 1, 3, 3, 1, -2, 3, 1 ], 
          [ 1, 1, 3, 3, 1, 1, 3, 3, 3, 1, 1, 3, 3, 3, -2, 3 ], [ 3, 3, 3, 1, 1, 3, 3, 3, 1, 3, 3, 1, 1, 1, 3, -2 ] ] ], 
  [ 520, [ [ -2, 1, 1, 3, 1, 3, 1, 1, 3, 3, 1, 3, 1, 1, 1, 3, 1 ], [ 1, -2, 1, 1, 1, 1, 1, 1, 3, 1, 3, 1, 1, 1, 3, 3, 1 ], 
          [ 1, 1, -2, 1, 3, 3, 1, 1, 3, 3, 3, 1, 3, 1, 3, 3, 1 ], [ 3, 1, 1, -2, 1, 3, 1, 1, 3, 1, 3, 3, 1, 3, 3, 3, 1 ], 
          [ 1, 1, 3, 1, -2, 1, 3, 1, 1, 1, 3, 3, 1, 3, 1, 3, 1 ], [ 3, 1, 3, 3, 1, -2, 3, 1, 1, 1, 3, 1, 3, 3, 3, 1, 3 ], 
          [ 1, 1, 1, 1, 3, 3, -2, 1, 3, 1, 1, 3, 1, 1, 3, 3, 1 ], [ 1, 1, 1, 1, 1, 1, 1, -2, 3, 1, 3, 3, 1, 3, 3, 3, 1 ], 
          [ 3, 3, 3, 3, 1, 1, 3, 3, -2, 1, 3, 1, 3, 3, 1, 1, 3 ], [ 3, 1, 3, 1, 1, 1, 1, 1, 1, -2, 3, 3, 1, 3, 3, 3, 1 ], 
          [ 1, 3, 3, 3, 3, 3, 1, 3, 3, 3, -2, 3, 1, 1, 1, 1, 1 ], [ 3, 1, 1, 3, 3, 1, 3, 3, 1, 3, 3, -2, 3, 1, 3, 1, 3 ], 
          [ 1, 1, 3, 1, 1, 3, 1, 1, 3, 1, 1, 3, -2, 3, 3, 3, 1 ], [ 1, 1, 1, 3, 3, 3, 1, 3, 3, 3, 1, 1, 3, -2, 1, 3, 1 ], 
          [ 1, 3, 3, 3, 1, 3, 3, 3, 1, 3, 1, 3, 3, 1, -2, 1, 1 ], [ 3, 3, 3, 3, 3, 1, 3, 3, 1, 3, 1, 1, 3, 3, 1, -2, 3 ], 
          [ 1, 1, 1, 1, 1, 3, 1, 1, 3, 1, 1, 3, 1, 1, 1, 3, -2 ] ] ], [ 443, [ [ -2, 1, 1, 3, 1, 3, 1, 1, 3, 3, 3, 1, 1, 3, 1, 1 ], 
          [ 1, -2, 1, 1, 1, 1, 1, 1, 3, 3, 3, 3, 1, 3, 3, 1 ], [ 1, 1, -2, 1, 3, 3, 1, 1, 3, 1, 1, 1, 1, 1, 3, 3 ], 
          [ 3, 1, 1, -2, 1, 3, 1, 1, 3, 1, 1, 3, 3, 1, 3, 1 ], [ 1, 1, 3, 1, -2, 1, 3, 1, 1, 3, 1, 3, 1, 3, 1, 1 ], 
          [ 3, 1, 3, 3, 1, -2, 3, 1, 1, 3, 1, 3, 1, 3, 3, 3 ], [ 1, 1, 1, 1, 3, 3, -2, 1, 3, 3, 3, 3, 3, 3, 3, 1 ], 
          [ 1, 1, 1, 1, 1, 1, 1, -2, 3, 3, 1, 3, 1, 3, 3, 1 ], [ 3, 3, 3, 3, 1, 1, 3, 3, -2, 3, 1, 3, 1, 3, 1, 3 ], 
          [ 3, 3, 1, 1, 3, 3, 3, 3, 3, -2, 1, 1, 3, 1, 3, 3 ], [ 3, 3, 1, 1, 1, 1, 3, 1, 1, 1, -2, 3, 1, 1, 3, 3 ], 
          [ 1, 3, 1, 3, 3, 3, 3, 3, 3, 1, 3, -2, 3, 1, 1, 3 ], [ 1, 1, 1, 3, 1, 1, 3, 1, 1, 3, 1, 3, -2, 3, 3, 3 ], 
          [ 3, 3, 1, 1, 3, 3, 3, 3, 3, 1, 1, 1, 3, -2, 1, 3 ], [ 1, 3, 3, 3, 1, 3, 3, 3, 1, 3, 3, 1, 3, 1, -2, 1 ], 
          [ 1, 1, 3, 1, 1, 3, 1, 1, 3, 3, 3, 3, 3, 3, 1, -2 ] ] ], [ 442, [ [ -2, 1, 1, 3, 1, 3, 1, 1, 3, 3, 3, 1, 1, 3, 1 ], 
          [ 1, -2, 1, 1, 1, 1, 1, 1, 3, 1, 3, 1, 1, 3, 1 ], [ 1, 1, -2, 1, 3, 3, 1, 1, 3, 3, 3, 1, 1, 3, 3 ], 
          [ 3, 1, 1, -2, 1, 3, 1, 1, 3, 1, 1, 1, 3, 3, 3 ], [ 1, 1, 3, 1, -2, 1, 3, 1, 1, 3, 3, 3, 3, 3, 1 ], 
          [ 3, 1, 3, 3, 1, -2, 3, 1, 1, 3, 3, 3, 3, 1, 1 ], [ 1, 1, 1, 1, 3, 3, -2, 1, 3, 1, 1, 1, 3, 1, 3 ], 
          [ 1, 1, 1, 1, 1, 1, 1, -2, 3, 3, 3, 1, 3, 3, 1 ], [ 3, 3, 3, 3, 1, 1, 3, 3, -2, 3, 3, 3, 3, 1, 3 ], 
          [ 3, 1, 3, 1, 3, 3, 1, 3, 3, -2, 1, 1, 1, 1, 3 ], [ 3, 3, 3, 1, 3, 3, 1, 3, 3, 1, -2, 1, 3, 1, 3 ], 
          [ 1, 1, 1, 1, 3, 3, 1, 1, 3, 1, 1, -2, 1, 3, 3 ], [ 1, 1, 1, 3, 3, 3, 3, 3, 3, 1, 3, 1, -2, 3, 1 ], 
          [ 3, 3, 3, 3, 3, 1, 1, 3, 1, 1, 1, 3, 3, -2, 3 ], [ 1, 1, 3, 3, 1, 1, 3, 1, 3, 3, 3, 3, 1, 3, -2 ] ] ], 
  [ 443, [ [ -2, 1, 1, 3, 1, 3, 1, 1, 1, 1, 1, 3, 3, 3, 1 ], [ 1, -2, 1, 1, 1, 1, 1, 1, 3, 3, 3, 3, 1, 1, 1 ], 
          [ 1, 1, -2, 1, 3, 3, 1, 1, 3, 1, 3, 3, 3, 3, 1 ], [ 3, 1, 1, -2, 1, 3, 1, 1, 3, 3, 3, 3, 1, 3, 1 ], 
          [ 1, 1, 3, 1, -2, 1, 3, 1, 3, 3, 3, 1, 1, 3, 1 ], [ 3, 1, 3, 3, 1, -2, 3, 1, 3, 3, 3, 1, 1, 1, 1 ], 
          [ 1, 1, 1, 1, 3, 3, -2, 1, 1, 1, 1, 3, 3, 1, 1 ], [ 1, 1, 1, 1, 1, 1, 1, -2, 1, 3, 3, 3, 1, 3, 1 ], 
          [ 1, 3, 3, 3, 3, 3, 1, 1, -2, 3, 1, 3, 3, 3, 3 ], [ 1, 3, 1, 3, 3, 3, 1, 3, 3, -2, 1, 1, 3, 1, 1 ], 
          [ 1, 3, 3, 3, 3, 3, 1, 3, 1, 1, -2, 3, 3, 1, 3 ], [ 3, 3, 3, 3, 1, 1, 3, 3, 3, 1, 3, -2, 1, 1, 3 ], 
          [ 3, 1, 3, 1, 1, 1, 3, 1, 3, 3, 3, 1, -2, 1, 3 ], [ 3, 1, 3, 3, 3, 1, 1, 3, 3, 1, 1, 1, 1, -2, 3 ], 
          [ 1, 1, 1, 1, 1, 1, 1, 1, 3, 1, 3, 3, 3, 3, -2 ] ] ], 
  [ 591, [ [ -2, 1, 1, 3, 1, 3, 1, 1, 1, 3, 1, 1, 1, 1, 1, 3, 1 ], [ 1, -2, 1, 1, 1, 1, 1, 1, 3, 1, 1, 1, 3, 1, 1, 3, 1 ], 
          [ 1, 1, -2, 1, 3, 3, 1, 1, 3, 1, 1, 3, 1, 1, 3, 3, 1 ], [ 3, 1, 1, -2, 1, 3, 1, 1, 3, 1, 1, 3, 3, 1, 3, 1, 1 ], 
          [ 1, 1, 3, 1, -2, 1, 3, 1, 3, 3, 1, 1, 3, 1, 1, 1, 1 ], [ 3, 1, 3, 3, 1, -2, 3, 1, 3, 3, 3, 1, 3, 3, 1, 3, 1 ], 
          [ 1, 1, 1, 1, 3, 3, -2, 1, 1, 1, 1, 1, 1, 1, 3, 3, 1 ], [ 1, 1, 1, 1, 1, 1, 1, -2, 1, 3, 3, 1, 3, 1, 1, 3, 1 ], 
          [ 1, 3, 3, 3, 3, 3, 1, 1, -2, 3, 3, 1, 1, 1, 1, 3, 3 ], [ 3, 1, 1, 1, 3, 3, 1, 3, 3, -2, 1, 3, 3, 3, 3, 1, 3 ], 
          [ 1, 1, 1, 1, 1, 3, 1, 3, 3, 1, -2, 1, 1, 1, 3, 1, 1 ], [ 1, 1, 3, 3, 1, 1, 1, 1, 1, 3, 1, -2, 1, 1, 1, 3, 1 ], 
          [ 1, 3, 1, 3, 3, 3, 1, 3, 1, 3, 1, 1, -2, 1, 3, 3, 1 ], [ 1, 1, 1, 1, 1, 3, 1, 1, 1, 3, 1, 1, 1, -2, 1, 3, 1 ], 
          [ 1, 1, 3, 3, 1, 1, 3, 1, 1, 3, 3, 1, 3, 1, -2, 3, 1 ], [ 3, 3, 3, 1, 1, 3, 3, 3, 3, 1, 1, 3, 3, 3, 3, -2, 3 ], 
          [ 1, 1, 1, 1, 1, 1, 1, 1, 3, 3, 1, 1, 1, 1, 1, 3, -2 ] ] ], [ 525, [ [ -2, 1, 1, 3, 1, 3, 1, 1, 1, 1, 1, 3, 3, 1, 1, 1 ], 
          [ 1, -2, 1, 1, 1, 1, 1, 1, 3, 1, 1, 1, 3, 1, 3, 1 ], [ 1, 1, -2, 1, 3, 3, 1, 1, 3, 3, 1, 1, 1, 3, 1, 3 ], 
          [ 3, 1, 1, -2, 1, 3, 1, 1, 3, 3, 1, 1, 3, 3, 3, 3 ], [ 1, 1, 3, 1, -2, 1, 3, 1, 3, 3, 1, 3, 3, 1, 3, 1 ], 
          [ 3, 1, 3, 3, 1, -2, 3, 1, 3, 3, 3, 3, 1, 1, 3, 1 ], [ 1, 1, 1, 1, 3, 3, -2, 1, 1, 1, 1, 1, 3, 3, 1, 1 ], 
          [ 1, 1, 1, 1, 1, 1, 1, -2, 1, 3, 1, 3, 3, 3, 1, 1 ], [ 1, 3, 3, 3, 3, 3, 1, 1, -2, 1, 1, 3, 3, 3, 1, 1 ], 
          [ 1, 1, 3, 3, 3, 3, 1, 3, 1, -2, 3, 1, 3, 1, 3, 1 ], [ 1, 1, 1, 1, 1, 3, 1, 1, 1, 3, -2, 3, 3, 3, 1, 1 ], 
          [ 3, 1, 1, 1, 3, 3, 1, 3, 3, 1, 3, -2, 1, 3, 3, 3 ], [ 3, 3, 1, 3, 3, 1, 3, 3, 3, 3, 3, 1, -2, 3, 3, 3 ], 
          [ 1, 1, 3, 3, 1, 1, 3, 3, 3, 1, 3, 3, 3, -2, 3, 1 ], [ 1, 3, 1, 3, 3, 3, 1, 1, 1, 3, 1, 3, 3, 3, -2, 1 ], 
          [ 1, 1, 3, 3, 1, 1, 1, 1, 1, 1, 1, 3, 3, 1, 1, -2 ] ] ], [ 599, [ [ -2, 1, 1, 3, 1, 3, 1, 1, 1, 3, 1, 3, 3, 3, 1, 3 ], 
          [ 1, -2, 1, 1, 1, 1, 1, 1, 3, 1, 1, 3, 1, 3, 1, 3 ], [ 1, 1, -2, 1, 3, 3, 1, 1, 3, 3, 1, 3, 1, 1, 1, 1 ], 
          [ 3, 1, 1, -2, 1, 3, 1, 1, 3, 1, 1, 3, 1, 1, 3, 1 ], [ 1, 1, 3, 1, -2, 1, 3, 1, 3, 1, 1, 3, 3, 3, 1, 3 ], 
          [ 3, 1, 3, 3, 1, -2, 3, 1, 3, 1, 3, 1, 1, 3, 1, 3 ], [ 1, 1, 1, 1, 3, 3, -2, 1, 1, 3, 1, 1, 1, 1, 3, 1 ], 
          [ 1, 1, 1, 1, 1, 1, 1, -2, 1, 3, 1, 1, 1, 3, 1, 1 ], [ 1, 3, 3, 3, 3, 3, 1, 1, -2, 3, 3, 1, 3, 3, 3, 1 ], 
          [ 3, 1, 3, 1, 1, 1, 3, 3, 3, -2, 3, 3, 3, 3, 3, 3 ], [ 1, 1, 1, 1, 1, 3, 1, 1, 3, 3, -2, 3, 1, 3, 1, 1 ], 
          [ 3, 3, 3, 3, 3, 1, 1, 1, 1, 3, 3, -2, 1, 1, 3, 1 ], [ 3, 1, 1, 1, 3, 1, 1, 1, 3, 3, 1, 1, -2, 1, 3, 1 ], 
          [ 3, 3, 1, 1, 3, 3, 1, 3, 3, 3, 3, 1, 1, -2, 3, 1 ], [ 1, 1, 1, 3, 1, 1, 3, 1, 3, 3, 1, 3, 3, 3, -2, 3 ], 
          [ 3, 3, 1, 1, 3, 3, 1, 1, 1, 3, 1, 1, 1, 1, 3, -2 ] ] ], [ 412, [ [ -2, 1, 1, 3, 1, 3, 1, 1, 1, 1, 3, 1, 3, 1, 1 ], 
          [ 1, -2, 1, 1, 1, 1, 1, 1, 3, 3, 3, 3, 3, 3, 3 ], [ 1, 1, -2, 1, 3, 3, 1, 1, 3, 3, 1, 1, 3, 3, 3 ], 
          [ 3, 1, 1, -2, 1, 3, 1, 1, 3, 3, 1, 1, 3, 3, 3 ], [ 1, 1, 3, 1, -2, 1, 3, 1, 3, 1, 3, 1, 3, 3, 1 ], 
          [ 3, 1, 3, 3, 1, -2, 3, 1, 3, 1, 3, 3, 3, 3, 1 ], [ 1, 1, 1, 1, 3, 3, -2, 1, 1, 3, 3, 1, 3, 1, 1 ], 
          [ 1, 1, 1, 1, 1, 1, 1, -2, 1, 1, 3, 1, 3, 3, 1 ], [ 1, 3, 3, 3, 3, 3, 1, 1, -2, 1, 3, 3, 1, 1, 1 ], 
          [ 1, 3, 3, 3, 1, 1, 3, 1, 1, -2, 1, 1, 3, 1, 1 ], [ 3, 3, 1, 1, 3, 3, 3, 3, 3, 1, -2, 1, 3, 1, 3 ], 
          [ 1, 3, 1, 1, 1, 3, 1, 1, 3, 1, 1, -2, 3, 1, 1 ], [ 3, 3, 3, 3, 3, 3, 3, 3, 1, 3, 3, 3, -2, 3, 3 ], 
          [ 1, 3, 3, 3, 3, 3, 1, 3, 1, 1, 1, 1, 3, -2, 1 ], [ 1, 3, 3, 3, 1, 1, 1, 1, 1, 1, 3, 1, 3, 1, -2 ] ] ], 
  [ 436, [ [ -2, 1, 1, 3, 1, 3, 1, 1, 1, 1, 3, 3, 3, 3, 3 ], [ 1, -2, 1, 1, 1, 1, 1, 1, 1, 3, 1, 3, 3, 3, 3 ], 
          [ 1, 1, -2, 1, 3, 3, 1, 1, 1, 3, 3, 3, 3, 3, 1 ], [ 3, 1, 1, -2, 1, 3, 1, 1, 1, 3, 3, 1, 3, 3, 1 ], 
          [ 1, 1, 3, 1, -2, 1, 3, 1, 3, 3, 3, 3, 3, 3, 3 ], [ 3, 1, 3, 3, 1, -2, 3, 1, 3, 3, 1, 3, 1, 3, 3 ], 
          [ 1, 1, 1, 1, 3, 3, -2, 1, 1, 1, 3, 1, 3, 3, 1 ], [ 1, 1, 1, 1, 1, 1, 1, -2, 1, 3, 3, 1, 3, 3, 1 ], 
          [ 1, 1, 1, 1, 3, 3, 1, 1, -2, 1, 1, 1, 3, 3, 3 ], [ 1, 3, 3, 3, 3, 3, 1, 3, 1, -2, 1, 1, 1, 1, 3 ], 
          [ 3, 1, 3, 3, 3, 1, 3, 3, 1, 1, -2, 1, 1, 1, 3 ], [ 3, 3, 3, 1, 3, 3, 1, 1, 1, 1, 1, -2, 1, 1, 1 ], 
          [ 3, 3, 3, 3, 3, 1, 3, 3, 3, 1, 1, 1, -2, 1, 3 ], [ 3, 3, 3, 3, 3, 3, 3, 3, 3, 1, 1, 1, 1, -2, 1 ], 
          [ 3, 3, 1, 1, 3, 3, 1, 1, 3, 3, 3, 1, 3, 1, -2 ] ] ], 
  [ 608, [ [ -2, 1, 1, 3, 1, 3, 1, 1, 1, 1, 1, 3, 3, 3, 1, 3, 1 ], [ 1, -2, 1, 1, 1, 1, 1, 1, 1, 3, 1, 1, 3, 1, 3, 1, 1 ], 
          [ 1, 1, -2, 1, 3, 3, 1, 1, 1, 3, 1, 1, 3, 1, 1, 1, 1 ], [ 3, 1, 1, -2, 1, 3, 1, 1, 1, 3, 1, 3, 3, 1, 3, 1, 1 ], 
          [ 1, 1, 3, 1, -2, 1, 3, 1, 3, 3, 1, 3, 3, 3, 3, 3, 1 ], [ 3, 1, 3, 3, 1, -2, 3, 1, 3, 3, 3, 1, 1, 3, 3, 1, 1 ], 
          [ 1, 1, 1, 1, 3, 3, -2, 1, 1, 1, 1, 3, 3, 1, 1, 1, 1 ], [ 1, 1, 1, 1, 1, 1, 1, -2, 1, 3, 1, 3, 3, 3, 3, 1, 1 ], 
          [ 1, 1, 1, 1, 3, 3, 1, 1, -2, 1, 1, 3, 3, 1, 1, 1, 1 ], [ 1, 3, 3, 3, 3, 3, 1, 3, 1, -2, 1, 3, 1, 3, 1, 3, 1 ], 
          [ 1, 1, 1, 1, 1, 3, 1, 1, 1, 1, -2, 3, 3, 1, 1, 3, 1 ], [ 3, 1, 1, 3, 3, 1, 3, 3, 3, 3, 3, -2, 1, 1, 3, 1, 3 ], 
          [ 3, 3, 3, 3, 3, 1, 3, 3, 3, 1, 3, 1, -2, 3, 3, 3, 3 ], [ 3, 1, 1, 1, 3, 3, 1, 3, 1, 3, 1, 1, 3, -2, 1, 1, 3 ], 
          [ 1, 3, 1, 3, 3, 3, 1, 3, 1, 1, 1, 3, 3, 1, -2, 3, 1 ], [ 3, 1, 1, 1, 3, 1, 1, 1, 1, 3, 3, 1, 3, 1, 3, -2, 1 ], 
          [ 1, 1, 1, 1, 1, 1, 1, 1, 1, 1, 1, 3, 3, 3, 1, 1, -2 ] ] ], [ 459, [ [ -2, 1, 1, 3, 1, 3, 1, 1, 1, 1, 3, 3, 3, 1, 3 ], 
          [ 1, -2, 1, 1, 1, 1, 1, 1, 1, 3, 1, 3, 3, 1, 1 ], [ 1, 1, -2, 1, 3, 3, 1, 1, 1, 3, 3, 3, 3, 3, 1 ], 
          [ 3, 1, 1, -2, 1, 3, 1, 1, 1, 3, 1, 1, 1, 1, 1 ], [ 1, 1, 3, 1, -2, 1, 3, 1, 3, 3, 1, 3, 1, 1, 3 ], 
          [ 3, 1, 3, 3, 1, -2, 3, 1, 3, 3, 1, 3, 1, 3, 1 ], [ 1, 1, 1, 1, 3, 3, -2, 1, 1, 1, 3, 1, 3, 1, 1 ], 
          [ 1, 1, 1, 1, 1, 1, 1, -2, 1, 3, 1, 3, 1, 1, 1 ], [ 1, 1, 1, 1, 3, 3, 1, 1, -2, 1, 1, 1, 1, 1, 1 ], 
          [ 1, 3, 3, 3, 3, 3, 1, 3, 1, -2, 3, 1, 3, 1, 3 ], [ 3, 1, 3, 1, 1, 1, 3, 1, 1, 3, -2, 1, 1, 1, 3 ], 
          [ 3, 3, 3, 1, 3, 3, 1, 3, 1, 1, 1, -2, 1, 1, 3 ], [ 3, 3, 3, 1, 1, 1, 3, 1, 1, 3, 1, 1, -2, 3, 1 ], 
          [ 1, 1, 3, 1, 1, 3, 1, 1, 1, 1, 1, 1, 3, -2, 3 ], [ 3, 1, 1, 1, 3, 1, 1, 1, 1, 3, 3, 3, 1, 3, -2 ] ] ], 
  [ 419, [ [ -2, 1, 1, 3, 1, 3, 1, 1, 1, 1, 3, 1, 3, 1, 3 ], [ 1, -2, 1, 1, 1, 1, 1, 1, 1, 3, 1, 1, 3, 1, 1 ], 
          [ 1, 1, -2, 1, 3, 3, 1, 1, 1, 3, 3, 3, 3, 3, 1 ], [ 3, 1, 1, -2, 1, 3, 1, 1, 1, 3, 1, 3, 3, 3, 1 ], 
          [ 1, 1, 3, 1, -2, 1, 3, 1, 3, 3, 1, 1, 3, 1, 3 ], [ 3, 1, 3, 3, 1, -2, 3, 1, 3, 3, 1, 1, 1, 1, 1 ], 
          [ 1, 1, 1, 1, 3, 3, -2, 1, 1, 1, 3, 1, 3, 3, 1 ], [ 1, 1, 1, 1, 1, 1, 1, -2, 1, 3, 1, 1, 3, 3, 1 ], 
          [ 1, 1, 1, 1, 3, 3, 1, 1, -2, 1, 1, 3, 3, 1, 1 ], [ 1, 3, 3, 3, 3, 3, 1, 3, 1, -2, 3, 1, 3, 1, 3 ], 
          [ 3, 1, 3, 1, 1, 1, 3, 1, 1, 3, -2, 3, 3, 1, 1 ], [ 1, 1, 3, 3, 1, 1, 1, 1, 3, 1, 3, -2, 3, 1, 3 ], 
          [ 3, 3, 3, 3, 3, 1, 3, 3, 3, 3, 3, 3, -2, 3, 1 ], [ 1, 1, 3, 3, 1, 1, 3, 3, 1, 1, 1, 1, 3, -2, 3 ], 
          [ 3, 1, 1, 1, 3, 1, 1, 1, 1, 3, 1, 3, 1, 3, -2 ] ] ] ];
