randomPro20260924122218:=[ [ 549, [ [ -2, 1, 3, 1, 1, 3, 1, 3, 1, 3, 3, 3, 1, 3, 3, 3 ], [ 1, -2, 1, 1, 1, 1, 1, 3, 3, 3, 3, 3, 1, 3, 3, 3 ], 
          [ 3, 1, -2, 1, 3, 1, 1, 1, 3, 1, 3, 1, 3, 3, 3, 1 ], [ 1, 1, 1, -2, 1, 3, 3, 1, 3, 3, 3, 3, 1, 3, 1, 1 ], 
          [ 1, 1, 3, 1, -2, 1, 1, 1, 1, 1, 3, 3, 1, 3, 1, 3 ], [ 3, 1, 1, 3, 1, -2, 1, 1, 1, 1, 3, 1, 3, 3, 3, 1 ], 
          [ 1, 1, 1, 3, 1, 1, -2, 1, 1, 1, 3, 3, 3, 3, 3, 3 ], [ 3, 3, 1, 1, 1, 1, 1, -2, 1, 1, 3, 3, 3, 3, 1, 1 ], 
          [ 1, 3, 3, 3, 1, 1, 1, 1, -2, 1, 3, 3, 1, 3, 1, 3 ], [ 3, 3, 1, 3, 1, 1, 1, 1, 1, -2, 1, 1, 3, 3, 1, 3 ], 
          [ 3, 3, 3, 3, 3, 3, 3, 3, 3, 1, -2, 1, 3, 1, 1, 3 ], [ 3, 3, 1, 3, 3, 1, 3, 3, 3, 1, 1, -2, 3, 1, 3, 1 ], 
          [ 1, 1, 3, 1, 1, 3, 3, 3, 1, 3, 3, 3, -2, 1, 1, 3 ], [ 3, 3, 3, 3, 3, 3, 3, 3, 3, 3, 1, 1, 1, -2, 3, 1 ], 
          [ 3, 3, 3, 1, 1, 3, 3, 1, 1, 1, 1, 3, 1, 3, -2, 3 ], [ 3, 3, 1, 1, 3, 1, 3, 1, 3, 3, 3, 1, 3, 1, 3, -2 ] ] ], 
  [ 444, [ [ -2, 1, 3, 1, 1, 3, 1, 3, 1, 3, 3, 1, 1, 3, 3, 3 ], [ 1, -2, 1, 1, 1, 1, 1, 3, 3, 3, 3, 1, 1, 3, 1, 1 ], 
          [ 3, 1, -2, 1, 3, 1, 1, 1, 3, 3, 3, 1, 1, 1, 3, 1 ], [ 1, 1, 1, -2, 1, 3, 3, 1, 3, 3, 1, 1, 1, 1, 3, 1 ], 
          [ 1, 1, 3, 1, -2, 1, 1, 1, 1, 3, 1, 3, 1, 3, 1, 1 ], [ 3, 1, 1, 3, 1, -2, 1, 1, 1, 3, 3, 3, 1, 3, 1, 1 ], 
          [ 1, 1, 1, 3, 1, 1, -2, 1, 1, 3, 3, 1, 1, 3, 1, 1 ], [ 3, 3, 1, 1, 1, 1, 1, -2, 1, 3, 1, 3, 1, 1, 1, 1 ], 
          [ 1, 3, 3, 3, 1, 1, 1, 1, -2, 1, 3, 3, 1, 3, 1, 3 ], [ 3, 3, 3, 3, 3, 3, 3, 3, 1, -2, 1, 3, 3, 3, 1, 3 ], 
          [ 3, 3, 3, 1, 1, 3, 3, 1, 3, 1, -2, 3, 3, 1, 1, 1 ], [ 1, 1, 1, 1, 3, 3, 1, 3, 3, 3, 3, -2, 1, 1, 3, 1 ], 
          [ 1, 1, 1, 1, 1, 1, 1, 1, 1, 3, 3, 1, -2, 3, 1, 1 ], [ 3, 3, 1, 1, 3, 3, 3, 1, 3, 3, 1, 1, 3, -2, 3, 1 ], 
          [ 3, 1, 3, 3, 1, 1, 1, 1, 1, 1, 1, 3, 1, 3, -2, 1 ], [ 3, 1, 1, 1, 1, 1, 1, 1, 3, 3, 1, 1, 1, 1, 1, -2 ] ] ], 
  [ 444, [ [ -2, 1, 3, 1, 1, 3, 1, 3, 1, 3, 1, 1, 1, 1, 3 ], [ 1, -2, 1, 1, 1, 1, 1, 3, 3, 3, 1, 1, 1, 3, 1 ], 
          [ 3, 1, -2, 1, 3, 1, 1, 1, 3, 1, 1, 3, 1, 3, 1 ], [ 1, 1, 1, -2, 1, 3, 3, 1, 3, 1, 1, 1, 1, 3, 3 ], 
          [ 1, 1, 3, 1, -2, 1, 1, 1, 1, 1, 1, 1, 1, 3, 3 ], [ 3, 1, 1, 3, 1, -2, 1, 1, 1, 1, 1, 3, 1, 3, 1 ], 
          [ 1, 1, 1, 3, 1, 1, -2, 1, 1, 3, 1, 3, 1, 1, 3 ], [ 3, 3, 1, 1, 1, 1, 1, -2, 1, 1, 1, 3, 1, 3, 3 ], 
          [ 1, 3, 3, 3, 1, 1, 1, 1, -2, 3, 3, 3, 1, 1, 3 ], [ 3, 3, 1, 1, 1, 1, 3, 1, 3, -2, 1, 1, 1, 3, 1 ], 
          [ 1, 1, 1, 1, 1, 1, 1, 1, 3, 1, -2, 1, 1, 3, 1 ], [ 1, 1, 3, 1, 1, 3, 3, 3, 3, 1, 1, -2, 1, 3, 1 ], 
          [ 1, 1, 1, 1, 1, 1, 1, 1, 1, 1, 1, 1, -2, 3, 1 ], [ 1, 3, 3, 3, 3, 3, 1, 3, 1, 3, 3, 3, 3, -2, 3 ], 
          [ 3, 1, 1, 3, 3, 1, 3, 3, 3, 1, 1, 1, 1, 3, -2 ] ] ], 
  [ 454, [ [ -2, 1, 3, 1, 1, 3, 1, 3, 1, 1, 3, 1, 3, 1, 1, 3, 1 ], [ 1, -2, 1, 1, 1, 1, 1, 3, 3, 1, 1, 1, 3, 1, 1, 3, 3 ], 
          [ 3, 1, -2, 1, 3, 1, 1, 1, 3, 3, 1, 3, 3, 1, 1, 3, 3 ], [ 1, 1, 1, -2, 1, 3, 3, 1, 3, 1, 3, 1, 3, 1, 1, 3, 1 ], 
          [ 1, 1, 3, 1, -2, 1, 1, 1, 1, 1, 3, 1, 3, 1, 3, 1, 1 ], [ 3, 1, 1, 3, 1, -2, 1, 1, 1, 3, 1, 3, 3, 1, 3, 1, 3 ], 
          [ 1, 1, 1, 3, 1, 1, -2, 1, 1, 3, 1, 3, 3, 1, 3, 1, 1 ], [ 3, 3, 1, 1, 1, 1, 1, -2, 1, 3, 3, 3, 3, 1, 3, 1, 1 ], 
          [ 1, 3, 3, 3, 1, 1, 1, 1, -2, 3, 3, 3, 3, 1, 3, 1, 1 ], [ 1, 1, 3, 1, 1, 3, 3, 3, 3, -2, 3, 1, 1, 3, 1, 3, 3 ], 
          [ 3, 1, 1, 3, 3, 1, 1, 3, 3, 3, -2, 3, 1, 3, 3, 1, 3 ], [ 1, 1, 3, 1, 1, 3, 3, 3, 3, 1, 3, -2, 3, 1, 1, 3, 1 ], 
          [ 3, 3, 3, 3, 3, 3, 3, 3, 3, 1, 1, 3, -2, 3, 1, 1, 3 ], [ 1, 1, 1, 1, 1, 1, 1, 1, 1, 3, 3, 1, 3, -2, 1, 3, 1 ], 
          [ 1, 1, 1, 1, 3, 3, 3, 3, 3, 1, 3, 1, 1, 1, -2, 3, 3 ], [ 3, 3, 3, 3, 1, 1, 1, 1, 1, 3, 1, 3, 1, 3, 3, -2, 1 ], 
          [ 1, 3, 3, 1, 1, 3, 1, 1, 1, 3, 3, 1, 3, 1, 3, 1, -2 ] ] ], [ 601, [ [ -2, 1, 3, 1, 1, 3, 1, 3, 1, 1, 3, 1, 3, 1, 1, 3, 1, 3 ], 
          [ 1, -2, 1, 1, 1, 1, 1, 3, 3, 1, 1, 1, 3, 1, 1, 3, 3, 1 ], [ 3, 1, -2, 1, 3, 1, 1, 1, 3, 3, 1, 3, 3, 1, 1, 3, 3, 1 ], 
          [ 1, 1, 1, -2, 1, 3, 3, 1, 3, 1, 3, 1, 3, 1, 1, 3, 1, 1 ], [ 1, 1, 3, 1, -2, 1, 1, 1, 1, 1, 3, 1, 3, 1, 3, 1, 1, 1 ], 
          [ 3, 1, 1, 3, 1, -2, 1, 1, 1, 3, 1, 3, 3, 1, 3, 1, 3, 1 ], [ 1, 1, 1, 3, 1, 1, -2, 1, 1, 3, 1, 3, 3, 1, 3, 1, 1, 1 ], 
          [ 3, 3, 1, 1, 1, 1, 1, -2, 1, 3, 3, 3, 3, 1, 3, 1, 1, 1 ], [ 1, 3, 3, 3, 1, 1, 1, 1, -2, 3, 3, 3, 3, 1, 3, 1, 1, 3 ], 
          [ 1, 1, 3, 1, 1, 3, 3, 3, 3, -2, 3, 1, 1, 3, 1, 3, 3, 3 ], [ 3, 1, 1, 3, 3, 1, 1, 3, 3, 3, -2, 3, 1, 3, 3, 1, 3, 1 ], 
          [ 1, 1, 3, 1, 1, 3, 3, 3, 3, 1, 3, -2, 3, 1, 1, 3, 1, 1 ], [ 3, 3, 3, 3, 3, 3, 3, 3, 3, 1, 1, 3, -2, 3, 1, 1, 3, 3 ], 
          [ 1, 1, 1, 1, 1, 1, 1, 1, 1, 3, 3, 1, 3, -2, 1, 3, 1, 1 ], [ 1, 1, 1, 1, 3, 3, 3, 3, 3, 1, 3, 1, 1, 1, -2, 3, 3, 3 ], 
          [ 3, 3, 3, 3, 1, 1, 1, 1, 1, 3, 1, 3, 1, 3, 3, -2, 1, 1 ], [ 1, 3, 3, 1, 1, 3, 1, 1, 1, 3, 3, 1, 3, 1, 3, 1, -2, 1 ], 
          [ 3, 1, 1, 1, 1, 1, 1, 1, 3, 3, 1, 1, 3, 1, 3, 1, 1, -2 ] ] ], 
  [ 459, [ [ -2, 1, 3, 1, 1, 3, 1, 3, 1, 1, 1, 1, 3, 1, 1 ], [ 1, -2, 1, 1, 1, 1, 1, 3, 3, 1, 1, 1, 1, 1, 3 ], 
          [ 3, 1, -2, 1, 3, 1, 1, 1, 3, 1, 1, 1, 1, 3, 1 ], [ 1, 1, 1, -2, 1, 3, 3, 1, 3, 1, 1, 3, 1, 3, 1 ], 
          [ 1, 1, 3, 1, -2, 1, 1, 1, 1, 3, 3, 3, 1, 1, 3 ], [ 3, 1, 1, 3, 1, -2, 1, 1, 1, 3, 3, 1, 1, 3, 3 ], 
          [ 1, 1, 1, 3, 1, 1, -2, 1, 1, 1, 1, 1, 3, 1, 1 ], [ 3, 3, 1, 1, 1, 1, 1, -2, 1, 3, 1, 3, 1, 3, 1 ], 
          [ 1, 3, 3, 3, 1, 1, 1, 1, -2, 3, 3, 3, 1, 3, 1 ], [ 1, 1, 1, 1, 3, 3, 1, 3, 3, -2, 1, 1, 3, 3, 1 ], 
          [ 1, 1, 1, 1, 3, 3, 1, 1, 3, 1, -2, 1, 3, 1, 1 ], [ 1, 1, 1, 3, 3, 1, 1, 3, 3, 1, 1, -2, 3, 1, 3 ], 
          [ 3, 1, 1, 1, 1, 1, 3, 1, 1, 3, 3, 3, -2, 3, 3 ], [ 1, 1, 3, 3, 1, 3, 1, 3, 3, 3, 1, 1, 3, -2, 3 ], 
          [ 1, 3, 1, 1, 3, 3, 1, 1, 1, 1, 1, 3, 3, 3, -2 ] ] ], 
  [ 610, [ [ -2, 1, 3, 1, 1, 3, 1, 3, 1, 3, 1, 1, 3, 1, 1, 1 ], [ 1, -2, 1, 1, 1, 1, 1, 3, 3, 1, 3, 3, 3, 1, 3, 1 ], 
          [ 3, 1, -2, 1, 3, 1, 1, 1, 3, 1, 3, 3, 1, 3, 3, 1 ], [ 1, 1, 1, -2, 1, 3, 3, 1, 3, 3, 3, 3, 1, 3, 1, 1 ], 
          [ 1, 1, 3, 1, -2, 1, 1, 1, 1, 1, 1, 1, 3, 1, 1, 1 ], [ 3, 1, 1, 3, 1, -2, 1, 1, 1, 1, 3, 1, 3, 1, 3, 1 ], 
          [ 1, 1, 1, 3, 1, 1, -2, 1, 1, 1, 1, 1, 3, 1, 3, 1 ], [ 3, 3, 1, 1, 1, 1, 1, -2, 1, 3, 3, 1, 1, 3, 1, 1 ], 
          [ 1, 3, 3, 3, 1, 1, 1, 1, -2, 3, 1, 1, 1, 1, 1, 1 ], [ 3, 1, 1, 3, 1, 1, 1, 3, 3, -2, 1, 3, 3, 1, 3, 3 ], 
          [ 1, 3, 3, 3, 1, 3, 1, 3, 1, 1, -2, 1, 3, 1, 1, 3 ], [ 1, 3, 3, 3, 1, 1, 1, 1, 1, 3, 1, -2, 3, 1, 1, 1 ], 
          [ 3, 3, 1, 1, 3, 3, 3, 1, 1, 3, 3, 3, -2, 3, 1, 1 ], [ 1, 1, 3, 3, 1, 1, 1, 3, 1, 1, 1, 1, 3, -2, 1, 3 ], 
          [ 1, 3, 3, 1, 1, 3, 3, 1, 1, 3, 1, 1, 1, 1, -2, 3 ], [ 1, 1, 1, 1, 1, 1, 1, 1, 1, 3, 3, 1, 1, 3, 3, -2 ] ] ], 
  [ 426, [ [ -2, 1, 3, 1, 1, 3, 1, 3, 1, 1, 3, 3, 1, 1, 1 ], [ 1, -2, 1, 1, 1, 1, 1, 3, 3, 1, 1, 3, 3, 1, 1 ], 
          [ 3, 1, -2, 1, 3, 1, 1, 1, 3, 3, 1, 3, 3, 1, 3 ], [ 1, 1, 1, -2, 1, 3, 3, 1, 3, 1, 1, 1, 1, 1, 1 ], 
          [ 1, 1, 3, 1, -2, 1, 1, 1, 1, 3, 1, 1, 1, 1, 1 ], [ 3, 1, 1, 3, 1, -2, 1, 1, 1, 3, 3, 3, 3, 1, 3 ], 
          [ 1, 1, 1, 3, 1, 1, -2, 1, 1, 3, 1, 3, 3, 1, 1 ], [ 3, 3, 1, 1, 1, 1, 1, -2, 1, 3, 1, 1, 1, 1, 1 ], 
          [ 1, 3, 3, 3, 1, 1, 1, 1, -2, 3, 3, 1, 1, 1, 1 ], [ 1, 1, 3, 1, 3, 3, 3, 3, 3, -2, 3, 3, 1, 3, 1 ], 
          [ 3, 1, 1, 1, 1, 3, 1, 1, 3, 3, -2, 1, 3, 1, 1 ], [ 3, 3, 3, 1, 1, 3, 3, 1, 1, 3, 1, -2, 1, 3, 1 ], 
          [ 1, 3, 3, 1, 1, 3, 3, 1, 1, 1, 3, 1, -2, 3, 1 ], [ 1, 1, 1, 1, 1, 1, 1, 1, 1, 3, 1, 3, 3, -2, 1 ], 
          [ 1, 1, 3, 1, 1, 3, 1, 1, 1, 1, 1, 1, 1, 1, -2 ] ] ], 
  [ 436, [ [ -2, 1, 3, 1, 1, 3, 1, 3, 3, 3, 3, 1, 3, 3, 1, 1 ], [ 1, -2, 1, 1, 1, 1, 1, 3, 3, 1, 3, 1, 1, 1, 3, 1 ], 
          [ 3, 1, -2, 1, 3, 1, 1, 1, 1, 3, 3, 3, 1, 1, 3, 1 ], [ 1, 1, 1, -2, 1, 3, 3, 1, 1, 1, 3, 1, 1, 1, 3, 1 ], 
          [ 1, 1, 3, 1, -2, 1, 1, 1, 3, 1, 1, 3, 1, 1, 1, 1 ], [ 3, 1, 1, 3, 1, -2, 1, 1, 3, 1, 1, 3, 1, 1, 1, 1 ], 
          [ 1, 1, 1, 3, 1, 1, -2, 1, 3, 3, 1, 3, 3, 1, 1, 1 ], [ 3, 3, 1, 1, 1, 1, 1, -2, 1, 1, 1, 3, 1, 1, 1, 1 ], 
          [ 3, 3, 1, 1, 3, 3, 3, 1, -2, 3, 3, 1, 1, 3, 3, 3 ], [ 3, 1, 3, 1, 1, 1, 3, 1, 3, -2, 1, 1, 1, 1, 3, 1 ], 
          [ 3, 3, 3, 3, 1, 1, 1, 1, 3, 1, -2, 3, 3, 1, 1, 3 ], [ 1, 1, 3, 1, 3, 3, 3, 3, 1, 1, 3, -2, 3, 3, 3, 3 ], 
          [ 3, 1, 1, 1, 1, 1, 3, 1, 1, 1, 3, 3, -2, 1, 3, 1 ], [ 3, 1, 1, 1, 1, 1, 1, 1, 3, 1, 1, 3, 1, -2, 3, 1 ], 
          [ 1, 3, 3, 3, 1, 1, 1, 1, 3, 3, 1, 3, 3, 3, -2, 3 ], [ 1, 1, 1, 1, 1, 1, 1, 1, 3, 1, 3, 3, 1, 1, 3, -2 ] ] ], 
  [ 464, [ [ -2, 1, 3, 1, 1, 3, 1, 3, 3, 3, 1, 1, 1, 3, 3, 1 ], [ 1, -2, 1, 1, 1, 1, 1, 3, 3, 3, 1, 1, 1, 3, 3, 1 ], 
          [ 3, 1, -2, 1, 3, 1, 1, 1, 1, 1, 1, 3, 1, 1, 1, 1 ], [ 1, 1, 1, -2, 1, 3, 3, 1, 1, 1, 1, 3, 1, 3, 3, 1 ], 
          [ 1, 1, 3, 1, -2, 1, 1, 1, 3, 3, 1, 1, 1, 1, 3, 1 ], [ 3, 1, 1, 3, 1, -2, 1, 1, 3, 3, 1, 3, 1, 1, 1, 3 ], 
          [ 1, 1, 1, 3, 1, 1, -2, 1, 3, 3, 1, 1, 1, 1, 1, 1 ], [ 3, 3, 1, 1, 1, 1, 1, -2, 1, 1, 1, 3, 1, 1, 1, 3 ], 
          [ 3, 3, 1, 1, 3, 3, 3, 1, -2, 1, 3, 3, 1, 1, 1, 1 ], [ 3, 3, 1, 1, 3, 3, 3, 1, 1, -2, 1, 3, 3, 3, 1, 3 ], 
          [ 1, 1, 1, 1, 1, 1, 1, 1, 3, 1, -2, 3, 1, 3, 1, 3 ], [ 1, 1, 3, 3, 1, 3, 1, 3, 3, 3, 3, -2, 1, 1, 3, 1 ], 
          [ 1, 1, 1, 1, 1, 1, 1, 1, 1, 3, 1, 1, -2, 1, 1, 1 ], [ 3, 3, 1, 3, 1, 1, 1, 1, 1, 3, 3, 1, 1, -2, 1, 1 ], 
          [ 3, 3, 1, 3, 3, 1, 1, 1, 1, 1, 1, 3, 1, 1, -2, 3 ], [ 1, 1, 1, 1, 1, 3, 1, 3, 1, 3, 3, 1, 1, 1, 3, -2 ] ] ], 
  [ 467, [ [ -2, 1, 3, 1, 1, 3, 1, 3, 3, 3, 1, 3, 1, 3, 1, 1 ], [ 1, -2, 1, 1, 1, 1, 1, 3, 3, 3, 3, 3, 3, 3, 1, 1 ], 
          [ 3, 1, -2, 1, 3, 1, 1, 1, 1, 1, 3, 1, 3, 1, 3, 3 ], [ 1, 1, 1, -2, 1, 3, 3, 1, 1, 1, 1, 3, 3, 3, 3, 1 ], 
          [ 1, 1, 3, 1, -2, 1, 1, 1, 3, 3, 3, 3, 3, 3, 1, 1 ], [ 3, 1, 1, 3, 1, -2, 1, 1, 3, 3, 3, 1, 3, 1, 3, 3 ], 
          [ 1, 1, 1, 3, 1, 1, -2, 1, 3, 3, 3, 1, 3, 1, 1, 3 ], [ 3, 3, 1, 1, 1, 1, 1, -2, 1, 1, 1, 1, 3, 1, 3, 3 ], 
          [ 3, 3, 1, 1, 3, 3, 3, 1, -2, 1, 1, 3, 1, 1, 3, 1 ], [ 3, 3, 1, 1, 3, 3, 3, 1, 1, -2, 1, 1, 1, 1, 3, 3 ], 
          [ 1, 3, 3, 1, 3, 3, 3, 1, 1, 1, -2, 3, 1, 1, 3, 3 ], [ 3, 3, 1, 3, 3, 1, 1, 1, 3, 1, 3, -2, 3, 1, 3, 3 ], 
          [ 1, 3, 3, 3, 3, 3, 3, 3, 1, 1, 1, 3, -2, 1, 1, 1 ], [ 3, 3, 1, 3, 3, 1, 1, 1, 1, 1, 1, 1, 1, -2, 3, 3 ], 
          [ 1, 1, 3, 3, 1, 3, 1, 3, 3, 3, 3, 3, 1, 3, -2, 1 ], [ 1, 1, 3, 1, 1, 3, 3, 3, 1, 3, 3, 3, 1, 3, 1, -2 ] ] ], 
  [ 591, [ [ -2, 1, 3, 1, 1, 3, 1, 3, 3, 3, 3, 3, 1, 3, 1, 3 ], [ 1, -2, 1, 1, 1, 1, 1, 3, 3, 3, 3, 1, 1, 3, 1, 1 ], 
          [ 3, 1, -2, 1, 3, 1, 1, 1, 1, 3, 1, 1, 3, 3, 1, 1 ], [ 1, 1, 1, -2, 1, 3, 3, 1, 1, 3, 1, 1, 1, 1, 1, 1 ], 
          [ 1, 1, 3, 1, -2, 1, 1, 1, 3, 1, 3, 3, 1, 1, 1, 1 ], [ 3, 1, 1, 3, 1, -2, 1, 1, 3, 1, 3, 1, 3, 3, 1, 1 ], 
          [ 1, 1, 1, 3, 1, 1, -2, 1, 3, 1, 3, 3, 3, 3, 1, 1 ], [ 3, 3, 1, 1, 1, 1, 1, -2, 1, 1, 1, 1, 3, 1, 1, 1 ], 
          [ 3, 3, 1, 1, 3, 3, 3, 1, -2, 3, 1, 1, 3, 3, 1, 3 ], [ 3, 3, 3, 3, 1, 1, 1, 1, 3, -2, 1, 3, 3, 1, 3, 1 ], 
          [ 3, 3, 1, 1, 3, 3, 3, 1, 1, 1, -2, 1, 3, 1, 3, 1 ], [ 3, 1, 1, 1, 3, 1, 3, 1, 1, 3, 1, -2, 3, 3, 1, 1 ], 
          [ 1, 1, 3, 1, 1, 3, 3, 3, 3, 3, 3, 3, -2, 1, 3, 3 ], [ 3, 3, 3, 1, 1, 3, 3, 1, 3, 1, 1, 3, 1, -2, 3, 1 ], 
          [ 1, 1, 1, 1, 1, 1, 1, 1, 1, 3, 3, 1, 3, 3, -2, 3 ], [ 3, 1, 1, 1, 1, 1, 1, 1, 3, 1, 1, 1, 3, 1, 3, -2 ] ] ], 
  [ 589, [ [ -2, 1, 3, 1, 1, 3, 1, 3, 3, 3, 3, 3, 1, 1, 3, 3, 1 ], [ 1, -2, 1, 1, 1, 1, 1, 3, 3, 3, 3, 3, 1, 3, 3, 3, 1 ], 
          [ 3, 1, -2, 1, 3, 1, 1, 1, 1, 3, 1, 3, 3, 3, 3, 3, 3 ], [ 1, 1, 1, -2, 1, 3, 3, 1, 1, 3, 1, 3, 1, 3, 3, 3, 3 ], 
          [ 1, 1, 3, 1, -2, 1, 1, 1, 3, 1, 1, 3, 1, 3, 3, 3, 1 ], [ 3, 1, 1, 3, 1, -2, 1, 1, 3, 1, 1, 3, 3, 3, 3, 3, 1 ], 
          [ 1, 1, 1, 3, 1, 1, -2, 1, 3, 1, 3, 3, 3, 1, 3, 3, 1 ], [ 3, 3, 1, 1, 1, 1, 1, -2, 1, 1, 1, 3, 3, 3, 3, 3, 3 ], 
          [ 3, 3, 1, 1, 3, 3, 3, 1, -2, 3, 1, 1, 1, 3, 3, 3, 3 ], [ 3, 3, 3, 3, 1, 1, 1, 1, 3, -2, 1, 3, 3, 1, 1, 3, 1 ], 
          [ 3, 3, 1, 1, 1, 1, 3, 1, 1, 1, -2, 3, 1, 3, 3, 3, 3 ], [ 3, 3, 3, 3, 3, 3, 3, 3, 1, 3, 3, -2, 1, 3, 1, 1, 3 ], 
          [ 1, 1, 3, 1, 1, 3, 3, 3, 1, 3, 1, 1, -2, 3, 3, 3, 3 ], [ 1, 3, 3, 3, 3, 3, 1, 3, 3, 1, 3, 3, 3, -2, 1, 1, 1 ], 
          [ 3, 3, 3, 3, 3, 3, 3, 3, 3, 1, 3, 1, 3, 1, -2, 1, 1 ], [ 3, 3, 3, 3, 3, 3, 3, 3, 3, 3, 3, 1, 3, 1, 1, -2, 3 ], 
          [ 1, 1, 3, 3, 1, 1, 1, 3, 3, 1, 3, 3, 3, 1, 1, 3, -2 ] ] ], [ 623, [ [ -2, 1, 3, 1, 1, 3, 1, 3, 3, 1, 3, 3, 1, 1, 3, 3, 1, 1 ], 
          [ 1, -2, 1, 1, 1, 1, 1, 3, 3, 3, 3, 3, 1, 3, 1, 3, 1, 1 ], [ 3, 1, -2, 1, 3, 1, 1, 1, 1, 3, 3, 3, 3, 1, 1, 1, 1, 3 ], 
          [ 1, 1, 1, -2, 1, 3, 3, 1, 1, 1, 3, 3, 3, 1, 3, 1, 3, 1 ], [ 1, 1, 3, 1, -2, 1, 1, 1, 3, 1, 3, 3, 1, 1, 3, 3, 3, 1 ], 
          [ 3, 1, 1, 3, 1, -2, 1, 1, 3, 3, 3, 3, 1, 3, 1, 3, 1, 3 ], [ 1, 1, 1, 3, 1, 1, -2, 1, 3, 3, 3, 3, 1, 1, 1, 3, 1, 3 ], 
          [ 3, 3, 1, 1, 1, 1, 1, -2, 1, 1, 3, 3, 3, 1, 3, 1, 3, 3 ], [ 3, 3, 1, 1, 3, 3, 3, 1, -2, 3, 1, 1, 3, 1, 3, 1, 3, 3 ], 
          [ 1, 3, 3, 1, 1, 3, 3, 1, 3, -2, 3, 3, 3, 1, 3, 1, 3, 1 ], [ 3, 3, 3, 3, 3, 3, 3, 3, 1, 3, -2, 1, 1, 3, 3, 3, 3, 1 ], 
          [ 3, 3, 3, 3, 3, 3, 3, 3, 1, 3, 1, -2, 1, 3, 1, 1, 1, 1 ], [ 1, 1, 3, 3, 1, 1, 1, 3, 3, 3, 1, 1, -2, 3, 1, 3, 1, 1 ], 
          [ 1, 3, 1, 1, 1, 3, 1, 1, 1, 1, 3, 3, 3, -2, 3, 1, 3, 3 ], [ 3, 1, 1, 3, 3, 1, 1, 3, 3, 3, 3, 1, 1, 3, -2, 1, 1, 3 ], 
          [ 3, 3, 1, 1, 3, 3, 3, 1, 1, 1, 3, 1, 3, 1, 1, -2, 3, 3 ], [ 1, 1, 1, 3, 3, 1, 1, 3, 3, 3, 3, 1, 1, 3, 1, 3, -2, 1 ], 
          [ 1, 1, 3, 1, 1, 3, 3, 3, 3, 1, 1, 1, 1, 3, 3, 3, 1, -2 ] ] ], 
  [ 478, [ [ -2, 1, 3, 1, 1, 3, 1, 3, 3, 1, 3, 3, 1, 1, 3, 3, 1, 1 ], [ 1, -2, 1, 1, 1, 1, 1, 3, 3, 3, 3, 3, 1, 3, 1, 3, 1, 1 ], 
          [ 3, 1, -2, 1, 3, 1, 1, 1, 1, 3, 3, 3, 3, 1, 1, 1, 1, 3 ], [ 1, 1, 1, -2, 1, 3, 3, 1, 1, 1, 3, 3, 3, 1, 3, 1, 3, 1 ], 
          [ 1, 1, 3, 1, -2, 1, 1, 1, 3, 1, 3, 3, 1, 1, 3, 3, 3, 1 ], [ 3, 1, 1, 3, 1, -2, 1, 1, 3, 3, 3, 3, 1, 3, 1, 3, 1, 3 ], 
          [ 1, 1, 1, 3, 1, 1, -2, 1, 3, 3, 3, 3, 1, 1, 1, 3, 1, 3 ], [ 3, 3, 1, 1, 1, 1, 1, -2, 1, 1, 3, 3, 3, 1, 3, 1, 3, 3 ], 
          [ 3, 3, 1, 1, 3, 3, 3, 1, -2, 3, 1, 1, 3, 1, 3, 1, 3, 3 ], [ 1, 3, 3, 1, 1, 3, 3, 1, 3, -2, 3, 3, 3, 1, 3, 1, 3, 1 ], 
          [ 3, 3, 3, 3, 3, 3, 3, 3, 1, 3, -2, 1, 1, 3, 3, 3, 3, 1 ], [ 3, 3, 3, 3, 3, 3, 3, 3, 1, 3, 1, -2, 1, 3, 1, 1, 1, 3 ], 
          [ 1, 1, 3, 3, 1, 1, 1, 3, 3, 3, 1, 1, -2, 3, 1, 3, 1, 1 ], [ 1, 3, 1, 1, 1, 3, 1, 1, 1, 1, 3, 3, 3, -2, 3, 1, 3, 3 ], 
          [ 3, 1, 1, 3, 3, 1, 1, 3, 3, 3, 3, 1, 1, 3, -2, 1, 1, 3 ], [ 3, 3, 1, 1, 3, 3, 3, 1, 1, 1, 3, 1, 3, 1, 1, -2, 3, 3 ], 
          [ 1, 1, 1, 3, 3, 1, 1, 3, 3, 3, 3, 1, 1, 3, 1, 3, -2, 3 ], [ 1, 1, 3, 1, 1, 3, 3, 3, 3, 1, 1, 3, 1, 3, 3, 3, 3, -2 ] ] ], 
  [ 409, [ [ -2, 1, 3, 1, 1, 3, 1, 3, 3, 3, 3, 3, 1, 1, 1 ], [ 1, -2, 1, 1, 1, 1, 1, 3, 1, 1, 3, 3, 1, 3, 1 ], 
          [ 3, 1, -2, 1, 3, 1, 1, 1, 1, 1, 3, 1, 1, 1, 3 ], [ 1, 1, 1, -2, 1, 3, 3, 1, 1, 3, 1, 3, 1, 1, 1 ], 
          [ 1, 1, 3, 1, -2, 1, 1, 1, 3, 3, 1, 3, 3, 3, 3 ], [ 3, 1, 1, 3, 1, -2, 1, 1, 3, 1, 3, 1, 3, 3, 3 ], 
          [ 1, 1, 1, 3, 1, 1, -2, 1, 3, 1, 3, 3, 3, 3, 3 ], [ 3, 3, 1, 1, 1, 1, 1, -2, 3, 3, 1, 3, 3, 3, 3 ], 
          [ 3, 1, 1, 1, 3, 3, 3, 3, -2, 1, 1, 3, 1, 1, 1 ], [ 3, 1, 1, 3, 3, 1, 1, 3, 1, -2, 3, 1, 1, 3, 1 ], 
          [ 3, 3, 3, 1, 1, 3, 3, 1, 1, 3, -2, 3, 3, 3, 1 ], [ 3, 3, 1, 3, 3, 1, 3, 3, 3, 1, 3, -2, 1, 1, 3 ], 
          [ 1, 1, 1, 1, 3, 3, 3, 3, 1, 1, 3, 1, -2, 1, 1 ], [ 1, 3, 1, 1, 3, 3, 3, 3, 1, 3, 3, 1, 1, -2, 3 ], 
          [ 1, 1, 3, 1, 3, 3, 3, 3, 1, 1, 1, 3, 1, 3, -2 ] ] ], [ 469, [ [ -2, 1, 3, 1, 1, 3, 1, 3, 3, 3, 3, 3, 3, 1, 3, 3 ], 
          [ 1, -2, 1, 1, 1, 1, 1, 3, 1, 1, 3, 3, 1, 1, 3, 1 ], [ 3, 1, -2, 1, 3, 1, 1, 1, 1, 1, 3, 1, 1, 3, 3, 1 ], 
          [ 1, 1, 1, -2, 1, 3, 3, 1, 1, 3, 3, 1, 1, 1, 3, 1 ], [ 1, 1, 3, 1, -2, 1, 1, 1, 3, 3, 1, 3, 1, 1, 3, 1 ], 
          [ 3, 1, 1, 3, 1, -2, 1, 1, 3, 1, 1, 3, 1, 3, 3, 1 ], [ 1, 1, 1, 3, 1, 1, -2, 1, 3, 1, 1, 3, 1, 3, 3, 1 ], 
          [ 3, 3, 1, 1, 1, 1, 1, -2, 3, 3, 1, 1, 1, 3, 3, 1 ], [ 3, 1, 1, 1, 3, 3, 3, 3, -2, 1, 3, 1, 1, 3, 1, 1 ], 
          [ 3, 1, 1, 3, 3, 1, 1, 3, 1, -2, 3, 3, 1, 3, 3, 1 ], [ 3, 3, 3, 3, 1, 1, 1, 1, 3, 3, -2, 1, 1, 3, 1, 1 ], 
          [ 3, 3, 1, 1, 3, 3, 3, 1, 1, 3, 1, -2, 1, 3, 1, 3 ], [ 3, 1, 1, 1, 1, 1, 1, 1, 1, 1, 1, 1, -2, 3, 1, 1 ], 
          [ 1, 1, 3, 1, 1, 3, 3, 3, 3, 3, 3, 3, 3, -2, 3, 3 ], [ 3, 3, 3, 3, 3, 3, 3, 3, 1, 3, 1, 1, 1, 3, -2, 3 ], 
          [ 3, 1, 1, 1, 1, 1, 1, 1, 1, 1, 1, 3, 1, 3, 3, -2 ] ] ], [ 446, [ [ -2, 1, 3, 1, 1, 3, 1, 3, 3, 3, 3, 1, 1, 3, 3 ], 
          [ 1, -2, 1, 1, 1, 1, 1, 3, 1, 1, 1, 1, 3, 3, 3 ], [ 3, 1, -2, 1, 3, 1, 1, 1, 1, 1, 3, 1, 1, 3, 3 ], 
          [ 1, 1, 1, -2, 1, 3, 3, 1, 1, 3, 3, 3, 1, 3, 3 ], [ 1, 1, 3, 1, -2, 1, 1, 1, 3, 3, 1, 3, 3, 1, 3 ], 
          [ 3, 1, 1, 3, 1, -2, 1, 1, 3, 1, 1, 1, 3, 1, 3 ], [ 1, 1, 1, 3, 1, 1, -2, 1, 3, 1, 1, 1, 1, 1, 3 ], 
          [ 3, 3, 1, 1, 1, 1, 1, -2, 3, 3, 1, 3, 1, 1, 3 ], [ 3, 1, 1, 1, 3, 3, 3, 3, -2, 1, 3, 3, 3, 3, 1 ], 
          [ 3, 1, 1, 3, 3, 1, 1, 3, 1, -2, 1, 1, 3, 3, 3 ], [ 3, 1, 3, 3, 1, 1, 1, 1, 3, 1, -2, 3, 3, 1, 3 ], 
          [ 1, 1, 1, 3, 3, 1, 1, 3, 3, 1, 3, -2, 1, 3, 3 ], [ 1, 3, 1, 1, 3, 3, 1, 1, 3, 3, 3, 1, -2, 1, 3 ], 
          [ 3, 3, 3, 3, 1, 1, 1, 1, 3, 3, 1, 3, 1, -2, 1 ], [ 3, 3, 3, 3, 3, 3, 3, 3, 1, 3, 3, 3, 3, 1, -2 ] ] ], 
  [ 466, [ [ -2, 1, 3, 1, 1, 3, 1, 3, 3, 1, 3, 1, 1, 3, 1, 3, 3 ], [ 1, -2, 1, 1, 1, 1, 1, 3, 1, 3, 3, 1, 1, 3, 1, 3, 3 ], 
          [ 3, 1, -2, 1, 3, 1, 1, 1, 1, 3, 3, 1, 3, 1, 1, 1, 1 ], [ 1, 1, 1, -2, 1, 3, 3, 1, 1, 1, 3, 1, 1, 3, 1, 3, 1 ], 
          [ 1, 1, 3, 1, -2, 1, 1, 1, 3, 1, 1, 3, 1, 3, 1, 1, 3 ], [ 3, 1, 1, 3, 1, -2, 1, 1, 3, 3, 1, 3, 3, 3, 1, 1, 3 ], 
          [ 1, 1, 1, 3, 1, 1, -2, 1, 3, 3, 1, 3, 3, 1, 1, 1, 3 ], [ 3, 3, 1, 1, 1, 1, 1, -2, 3, 1, 1, 3, 3, 1, 1, 1, 1 ], 
          [ 3, 1, 1, 1, 3, 3, 3, 3, -2, 3, 3, 1, 1, 1, 3, 3, 1 ], [ 1, 3, 3, 1, 1, 3, 3, 1, 3, -2, 3, 3, 1, 3, 1, 1, 1 ], 
          [ 3, 3, 3, 3, 1, 1, 1, 1, 3, 3, -2, 3, 3, 1, 3, 1, 3 ], [ 1, 1, 1, 1, 3, 3, 3, 3, 1, 3, 3, -2, 1, 1, 3, 3, 1 ], 
          [ 1, 1, 3, 1, 1, 3, 3, 3, 1, 1, 3, 1, -2, 3, 3, 3, 1 ], [ 3, 3, 1, 3, 3, 3, 1, 1, 1, 3, 1, 1, 3, -2, 3, 1, 1 ], 
          [ 1, 1, 1, 1, 1, 1, 1, 1, 3, 1, 3, 3, 3, 3, -2, 1, 3 ], [ 3, 3, 1, 3, 1, 1, 1, 1, 3, 1, 1, 3, 3, 1, 1, -2, 1 ], 
          [ 3, 3, 1, 1, 3, 3, 3, 1, 1, 1, 3, 1, 1, 1, 3, 1, -2 ] ] ], [ 401, [ [ -2, 1, 3, 1, 1, 3, 1, 3, 3, 1, 3, 1, 1, 3, 1, 3 ], 
          [ 1, -2, 1, 1, 1, 1, 1, 3, 1, 3, 3, 3, 1, 1, 3, 1 ], [ 3, 1, -2, 1, 3, 1, 1, 1, 1, 3, 3, 3, 3, 1, 3, 1 ], 
          [ 1, 1, 1, -2, 1, 3, 3, 1, 1, 1, 3, 3, 1, 3, 1, 3 ], [ 1, 1, 3, 1, -2, 1, 1, 1, 3, 1, 1, 3, 1, 3, 1, 3 ], 
          [ 3, 1, 1, 3, 1, -2, 1, 1, 3, 3, 1, 3, 3, 1, 3, 1 ], [ 1, 1, 1, 3, 1, 1, -2, 1, 3, 3, 1, 3, 3, 1, 1, 1 ], 
          [ 3, 3, 1, 1, 1, 1, 1, -2, 3, 1, 1, 3, 3, 1, 1, 3 ], [ 3, 1, 1, 1, 3, 3, 3, 3, -2, 3, 3, 3, 1, 1, 3, 1 ], 
          [ 1, 3, 3, 1, 1, 3, 3, 1, 3, -2, 3, 1, 1, 3, 1, 3 ], [ 3, 3, 3, 3, 1, 1, 1, 1, 3, 3, -2, 3, 3, 3, 1, 3 ], 
          [ 1, 3, 3, 3, 3, 3, 3, 3, 3, 1, 3, -2, 1, 3, 3, 3 ], [ 1, 1, 3, 1, 1, 3, 3, 3, 1, 1, 3, 1, -2, 3, 1, 3 ], 
          [ 3, 1, 1, 3, 3, 1, 1, 1, 1, 3, 3, 3, 3, -2, 3, 1 ], [ 1, 3, 3, 1, 1, 3, 1, 1, 3, 1, 1, 3, 1, 3, -2, 3 ], 
          [ 3, 1, 1, 3, 3, 1, 1, 3, 1, 3, 3, 3, 3, 1, 3, -2 ] ] ], [ 426, [ [ -2, 1, 3, 1, 1, 3, 1, 3, 3, 1, 3, 3, 3, 1, 1, 1, 3 ], 
          [ 1, -2, 1, 1, 1, 1, 1, 3, 1, 1, 3, 3, 3, 1, 1, 3, 3 ], [ 3, 1, -2, 1, 3, 1, 1, 1, 1, 1, 1, 1, 1, 3, 3, 3, 1 ], 
          [ 1, 1, 1, -2, 1, 3, 3, 1, 1, 1, 1, 3, 3, 3, 3, 1, 3 ], [ 1, 1, 3, 1, -2, 1, 1, 1, 3, 1, 3, 3, 3, 1, 1, 1, 3 ], 
          [ 3, 1, 1, 3, 1, -2, 1, 1, 3, 1, 3, 1, 1, 1, 1, 3, 1 ], [ 1, 1, 1, 3, 1, 1, -2, 1, 3, 1, 3, 1, 1, 1, 1, 1, 1 ], 
          [ 3, 3, 1, 1, 1, 1, 1, -2, 3, 1, 1, 1, 1, 3, 3, 1, 1 ], [ 3, 1, 1, 1, 3, 3, 3, 3, -2, 3, 1, 3, 3, 3, 3, 3, 1 ], 
          [ 1, 1, 1, 1, 1, 1, 1, 1, 3, -2, 3, 3, 1, 1, 1, 1, 3 ], [ 3, 3, 1, 1, 3, 3, 3, 1, 1, 3, -2, 1, 3, 3, 3, 3, 1 ], 
          [ 3, 3, 1, 3, 3, 1, 1, 1, 3, 3, 1, -2, 1, 3, 1, 3, 1 ], [ 3, 3, 1, 3, 3, 1, 1, 1, 3, 1, 3, 1, -2, 3, 3, 1, 1 ], 
          [ 1, 1, 3, 3, 1, 1, 1, 3, 3, 1, 3, 3, 3, -2, 1, 1, 3 ], [ 1, 1, 3, 3, 1, 1, 1, 3, 3, 1, 3, 1, 3, 1, -2, 3, 3 ], 
          [ 1, 3, 3, 1, 1, 3, 1, 1, 3, 1, 3, 3, 1, 1, 3, -2, 3 ], [ 3, 3, 1, 3, 3, 1, 1, 1, 1, 3, 1, 1, 1, 3, 3, 3, -2 ] ] ], 
  [ 523, [ [ -2, 1, 3, 1, 1, 3, 1, 3, 3, 1, 3, 1, 3, 1, 3, 3, 1 ], [ 1, -2, 1, 1, 1, 1, 1, 3, 1, 1, 3, 1, 3, 3, 3, 1, 1 ], 
          [ 3, 1, -2, 1, 3, 1, 1, 1, 1, 1, 1, 3, 3, 3, 3, 1, 1 ], [ 1, 1, 1, -2, 1, 3, 3, 1, 1, 1, 1, 1, 3, 3, 3, 3, 1 ], 
          [ 1, 1, 3, 1, -2, 1, 1, 1, 3, 1, 3, 1, 1, 1, 3, 3, 1 ], [ 3, 1, 1, 3, 1, -2, 1, 1, 3, 1, 3, 3, 1, 1, 3, 1, 3 ], 
          [ 1, 1, 1, 3, 1, 1, -2, 1, 3, 1, 3, 3, 1, 1, 3, 1, 1 ], [ 3, 3, 1, 1, 1, 1, 1, -2, 3, 1, 1, 3, 1, 1, 3, 3, 1 ], 
          [ 3, 1, 1, 1, 3, 3, 3, 3, -2, 3, 1, 3, 3, 3, 1, 1, 3 ], [ 1, 1, 1, 1, 1, 1, 1, 1, 3, -2, 3, 3, 1, 1, 3, 3, 1 ], 
          [ 3, 3, 1, 1, 3, 3, 3, 1, 1, 3, -2, 3, 3, 3, 1, 1, 1 ], [ 1, 1, 3, 1, 1, 3, 3, 3, 3, 3, 3, -2, 3, 3, 3, 3, 1 ], 
          [ 3, 3, 3, 3, 1, 1, 1, 1, 3, 1, 3, 3, -2, 1, 1, 1, 3 ], [ 1, 3, 3, 3, 1, 1, 1, 1, 3, 1, 3, 3, 1, -2, 3, 3, 3 ], 
          [ 3, 3, 3, 3, 3, 3, 3, 3, 1, 3, 1, 3, 1, 3, -2, 1, 3 ], [ 3, 1, 1, 3, 3, 1, 1, 3, 1, 3, 1, 3, 1, 3, 1, -2, 3 ], 
          [ 1, 1, 1, 1, 1, 3, 1, 1, 3, 1, 1, 1, 3, 3, 3, 3, -2 ] ] ], 
  [ 729, [ [ -2, 1, 3, 1, 1, 3, 1, 3, 3, 1, 3, 1, 3, 1, 1, 3 ], [ 1, -2, 1, 1, 1, 1, 1, 3, 1, 1, 1, 3, 3, 1, 3, 3 ], 
          [ 3, 1, -2, 1, 3, 1, 1, 1, 1, 1, 3, 3, 1, 1, 3, 1 ], [ 1, 1, 1, -2, 1, 3, 3, 1, 1, 1, 3, 3, 3, 1, 1, 3 ], 
          [ 1, 1, 3, 1, -2, 1, 1, 1, 3, 1, 1, 3, 3, 1, 1, 3 ], [ 3, 1, 1, 3, 1, -2, 1, 1, 3, 1, 1, 3, 1, 1, 3, 3 ], 
          [ 1, 1, 1, 3, 1, 1, -2, 1, 3, 1, 3, 1, 1, 1, 3, 1 ], [ 3, 3, 1, 1, 1, 1, 1, -2, 3, 1, 3, 1, 1, 1, 1, 1 ], 
          [ 3, 1, 1, 1, 3, 3, 3, 3, -2, 3, 1, 3, 3, 3, 3, 3 ], [ 1, 1, 1, 1, 1, 1, 1, 1, 3, -2, 3, 3, 1, 1, 3, 1 ], 
          [ 3, 1, 3, 3, 1, 1, 3, 3, 1, 3, -2, 3, 3, 3, 3, 3 ], [ 1, 3, 3, 3, 3, 3, 1, 1, 3, 3, 3, -2, 1, 3, 1, 1 ], 
          [ 3, 3, 1, 3, 3, 1, 1, 1, 3, 1, 3, 1, -2, 3, 3, 1 ], [ 1, 1, 1, 1, 1, 1, 1, 1, 3, 1, 3, 3, 3, -2, 1, 3 ], 
          [ 1, 3, 3, 1, 1, 3, 3, 1, 3, 3, 3, 1, 3, 1, -2, 3 ], [ 3, 3, 1, 3, 3, 3, 1, 1, 3, 1, 3, 1, 1, 3, 3, -2 ] ] ], 
  [ 440, [ [ -2, 1, 3, 1, 1, 3, 1, 3, 3, 3, 3, 1, 3, 3, 3 ], [ 1, -2, 1, 1, 1, 1, 1, 3, 1, 1, 3, 3, 1, 1, 1 ], 
          [ 3, 1, -2, 1, 3, 1, 1, 1, 1, 1, 1, 1, 1, 1, 1 ], [ 1, 1, 1, -2, 1, 3, 3, 1, 1, 1, 3, 1, 3, 1, 3 ], 
          [ 1, 1, 3, 1, -2, 1, 1, 1, 3, 1, 3, 3, 3, 3, 3 ], [ 3, 1, 1, 3, 1, -2, 1, 1, 3, 1, 1, 3, 1, 3, 1 ], 
          [ 1, 1, 1, 3, 1, 1, -2, 1, 3, 3, 1, 1, 3, 3, 1 ], [ 3, 3, 1, 1, 1, 1, 1, -2, 3, 1, 1, 1, 3, 3, 1 ], 
          [ 3, 1, 1, 1, 3, 3, 3, 3, -2, 1, 1, 3, 1, 1, 1 ], [ 3, 1, 1, 1, 1, 1, 3, 1, 1, -2, 3, 3, 1, 1, 1 ], 
          [ 3, 3, 1, 3, 3, 1, 1, 1, 1, 3, -2, 1, 1, 3, 1 ], [ 1, 3, 1, 1, 3, 3, 1, 1, 3, 3, 1, -2, 3, 1, 3 ], 
          [ 3, 1, 1, 3, 3, 1, 3, 3, 1, 1, 1, 3, -2, 1, 1 ], [ 3, 1, 1, 1, 3, 3, 3, 3, 1, 1, 3, 1, 1, -2, 3 ], 
          [ 3, 1, 1, 3, 3, 1, 1, 1, 1, 1, 1, 3, 1, 3, -2 ] ] ], 
  [ 422, [ [ -2, 1, 3, 1, 1, 3, 1, 3, 3, 1, 1, 1, 3, 1, 1 ], [ 1, -2, 1, 1, 1, 1, 1, 3, 1, 1, 3, 1, 3, 1, 1 ], 
          [ 3, 1, -2, 1, 3, 1, 1, 1, 1, 3, 3, 1, 3, 1, 3 ], [ 1, 1, 1, -2, 1, 3, 3, 1, 1, 1, 1, 1, 3, 3, 1 ], 
          [ 1, 1, 3, 1, -2, 1, 1, 1, 3, 1, 1, 3, 1, 3, 1 ], [ 3, 1, 1, 3, 1, -2, 1, 1, 3, 3, 3, 3, 1, 1, 1 ], 
          [ 1, 1, 1, 3, 1, 1, -2, 1, 3, 3, 3, 3, 3, 1, 3 ], [ 3, 3, 1, 1, 1, 1, 1, -2, 3, 3, 3, 3, 3, 3, 3 ], 
          [ 3, 1, 1, 1, 3, 3, 3, 3, -2, 1, 1, 1, 3, 3, 1 ], [ 1, 1, 3, 1, 1, 3, 3, 3, 1, -2, 1, 1, 1, 3, 1 ], 
          [ 1, 3, 3, 1, 1, 3, 3, 3, 1, 1, -2, 3, 1, 3, 1 ], [ 1, 1, 1, 1, 3, 3, 3, 3, 1, 1, 3, -2, 3, 1, 1 ], 
          [ 3, 3, 3, 3, 1, 1, 3, 3, 3, 1, 1, 3, -2, 3, 1 ], [ 1, 1, 1, 3, 3, 1, 1, 3, 3, 3, 3, 1, 3, -2, 3 ], 
          [ 1, 1, 3, 1, 1, 1, 3, 3, 1, 1, 1, 1, 1, 3, -2 ] ] ], 
  [ 586, [ [ -2, 1, 3, 1, 1, 3, 1, 3, 3, 1, 3, 3, 3, 3, 1, 3 ], [ 1, -2, 1, 1, 1, 1, 1, 3, 1, 3, 3, 1, 1, 3, 1, 1 ], 
          [ 3, 1, -2, 1, 3, 1, 1, 1, 1, 3, 3, 1, 1, 3, 1, 1 ], [ 1, 1, 1, -2, 1, 3, 3, 1, 1, 3, 1, 1, 1, 1, 1, 3 ], 
          [ 1, 1, 3, 1, -2, 1, 1, 1, 3, 3, 1, 1, 3, 1, 1, 3 ], [ 3, 1, 1, 3, 1, -2, 1, 1, 3, 3, 3, 1, 3, 3, 1, 1 ], 
          [ 1, 1, 1, 3, 1, 1, -2, 1, 3, 3, 3, 3, 3, 3, 1, 1 ], [ 3, 3, 1, 1, 1, 1, 1, -2, 3, 3, 1, 1, 3, 1, 1, 3 ], 
          [ 3, 1, 1, 1, 3, 3, 3, 3, -2, 3, 3, 1, 1, 1, 3, 1 ], [ 1, 3, 3, 3, 3, 3, 3, 3, 3, -2, 3, 3, 3, 3, 1, 3 ], 
          [ 3, 3, 3, 1, 1, 3, 3, 1, 3, 3, -2, 1, 1, 1, 3, 3 ], [ 3, 1, 1, 1, 1, 1, 3, 1, 1, 3, 1, -2, 1, 1, 3, 3 ], 
          [ 3, 1, 1, 1, 3, 3, 3, 3, 1, 3, 1, 1, -2, 1, 3, 1 ], [ 3, 3, 3, 1, 1, 3, 3, 1, 1, 3, 1, 1, 1, -2, 3, 3 ], 
          [ 1, 1, 1, 1, 1, 1, 1, 1, 3, 1, 3, 3, 3, 3, -2, 1 ], [ 3, 1, 1, 3, 3, 1, 1, 3, 1, 3, 3, 3, 1, 3, 1, -2 ] ] ], 
  [ 467, [ [ -2, 1, 3, 1, 1, 3, 1, 3, 3, 3, 3, 3, 3, 3, 3 ], [ 1, -2, 1, 1, 1, 1, 1, 3, 3, 3, 1, 1, 1, 3, 3 ], 
          [ 3, 1, -2, 1, 3, 1, 1, 1, 1, 3, 1, 1, 1, 1, 1 ], [ 1, 1, 1, -2, 1, 3, 3, 1, 3, 3, 3, 3, 1, 1, 1 ], 
          [ 1, 1, 3, 1, -2, 1, 1, 1, 3, 3, 3, 3, 3, 1, 3 ], [ 3, 1, 1, 3, 1, -2, 1, 1, 1, 3, 1, 1, 1, 1, 3 ], 
          [ 1, 1, 1, 3, 1, 1, -2, 1, 1, 3, 1, 1, 3, 3, 3 ], [ 3, 3, 1, 1, 1, 1, 1, -2, 1, 3, 1, 3, 1, 1, 1 ], 
          [ 3, 3, 1, 3, 3, 1, 1, 1, -2, 1, 1, 3, 3, 1, 1 ], [ 3, 3, 3, 3, 3, 3, 3, 3, 1, -2, 3, 3, 3, 3, 3 ], 
          [ 3, 1, 1, 3, 3, 1, 1, 1, 1, 3, -2, 1, 1, 3, 1 ], [ 3, 1, 1, 3, 3, 1, 1, 3, 3, 3, 1, -2, 1, 3, 3 ], 
          [ 3, 1, 1, 1, 3, 1, 3, 1, 3, 3, 1, 1, -2, 3, 1 ], [ 3, 3, 1, 1, 1, 1, 3, 1, 1, 3, 3, 3, 3, -2, 1 ], 
          [ 3, 3, 1, 1, 3, 3, 3, 1, 1, 3, 1, 3, 1, 1, -2 ] ] ], 
  [ 493, [ [ -2, 1, 3, 1, 1, 3, 1, 3, 3, 3, 3, 3, 3, 3, 3, 3 ], [ 1, -2, 1, 1, 1, 1, 1, 3, 3, 3, 1, 3, 3, 3, 3, 3 ], 
          [ 3, 1, -2, 1, 3, 1, 1, 1, 1, 3, 1, 3, 3, 3, 3, 3 ], [ 1, 1, 1, -2, 1, 3, 3, 1, 3, 3, 3, 3, 3, 1, 3, 3 ], 
          [ 1, 1, 3, 1, -2, 1, 1, 1, 3, 3, 3, 1, 3, 1, 3, 1 ], [ 3, 1, 1, 3, 1, -2, 1, 1, 1, 3, 1, 1, 1, 3, 3, 1 ], 
          [ 1, 1, 1, 3, 1, 1, -2, 1, 1, 3, 1, 1, 3, 3, 3, 1 ], [ 3, 3, 1, 1, 1, 1, 1, -2, 1, 3, 1, 1, 3, 1, 3, 1 ], 
          [ 3, 3, 1, 3, 3, 1, 1, 1, -2, 1, 1, 1, 1, 3, 1, 1 ], [ 3, 3, 3, 3, 3, 3, 3, 3, 1, -2, 3, 1, 1, 1, 1, 1 ], 
          [ 3, 1, 1, 3, 3, 1, 1, 1, 1, 3, -2, 1, 3, 3, 3, 3 ], [ 3, 3, 3, 3, 1, 1, 1, 1, 1, 1, 1, -2, 1, 1, 3, 1 ], 
          [ 3, 3, 3, 3, 3, 1, 3, 3, 1, 1, 3, 1, -2, 3, 1, 1 ], [ 3, 3, 3, 1, 1, 3, 3, 1, 3, 1, 3, 1, 3, -2, 1, 1 ], 
          [ 3, 3, 3, 3, 3, 3, 3, 3, 1, 1, 3, 3, 1, 1, -2, 1 ], [ 3, 3, 3, 3, 1, 1, 1, 1, 1, 1, 3, 1, 1, 1, 1, -2 ] ] ], 
  [ 467, [ [ -2, 1, 3, 1, 1, 3, 1, 3, 3, 3, 3, 1, 3, 3, 3, 3 ], [ 1, -2, 1, 1, 1, 1, 1, 3, 3, 3, 3, 1, 3, 3, 1, 3 ], 
          [ 3, 1, -2, 1, 3, 1, 1, 1, 1, 1, 3, 1, 1, 3, 1, 3 ], [ 1, 1, 1, -2, 1, 3, 3, 1, 3, 3, 3, 1, 1, 3, 1, 3 ], 
          [ 1, 1, 3, 1, -2, 1, 1, 1, 3, 1, 3, 1, 3, 1, 3, 1 ], [ 3, 1, 1, 3, 1, -2, 1, 1, 1, 1, 3, 1, 3, 1, 3, 3 ], 
          [ 1, 1, 1, 3, 1, 1, -2, 1, 1, 1, 3, 1, 3, 1, 3, 1 ], [ 3, 3, 1, 1, 1, 1, 1, -2, 1, 1, 3, 1, 1, 1, 3, 1 ], 
          [ 3, 3, 1, 3, 3, 1, 1, 1, -2, 1, 3, 3, 1, 1, 3, 1 ], [ 3, 3, 1, 3, 1, 1, 1, 1, 1, -2, 3, 1, 3, 1, 3, 1 ], 
          [ 3, 3, 3, 3, 3, 3, 3, 3, 3, 3, -2, 3, 1, 1, 1, 1 ], [ 1, 1, 1, 1, 1, 1, 1, 1, 3, 1, 3, -2, 3, 3, 1, 3 ], 
          [ 3, 3, 1, 1, 3, 3, 3, 1, 1, 3, 1, 3, -2, 3, 1, 1 ], [ 3, 3, 3, 3, 1, 1, 1, 1, 1, 1, 1, 3, 3, -2, 3, 1 ], 
          [ 3, 1, 1, 1, 3, 3, 3, 3, 3, 3, 1, 1, 1, 3, -2, 3 ], [ 3, 3, 3, 3, 1, 3, 1, 1, 1, 1, 1, 3, 1, 1, 3, -2 ] ] ], 
  [ 547, [ [ -2, 1, 3, 1, 1, 3, 1, 3, 3, 3, 1, 3, 1, 3, 3, 1 ], [ 1, -2, 1, 1, 1, 1, 1, 3, 3, 1, 3, 1, 1, 3, 3, 1 ], 
          [ 3, 1, -2, 1, 3, 1, 1, 1, 1, 1, 3, 3, 3, 1, 1, 1 ], [ 1, 1, 1, -2, 1, 3, 3, 1, 3, 3, 1, 3, 1, 1, 3, 1 ], 
          [ 1, 1, 3, 1, -2, 1, 1, 1, 3, 3, 1, 3, 1, 3, 3, 1 ], [ 3, 1, 1, 3, 1, -2, 1, 1, 1, 1, 3, 1, 3, 3, 1, 1 ], 
          [ 1, 1, 1, 3, 1, 1, -2, 1, 1, 1, 1, 3, 3, 3, 1, 1 ], [ 3, 3, 1, 1, 1, 1, 1, -2, 1, 1, 1, 3, 3, 1, 1, 1 ], 
          [ 3, 3, 1, 3, 3, 1, 1, 1, -2, 1, 3, 3, 3, 1, 1, 1 ], [ 3, 1, 1, 3, 3, 1, 1, 1, 1, -2, 3, 1, 3, 1, 1, 3 ], 
          [ 1, 3, 3, 1, 1, 3, 1, 1, 3, 3, -2, 3, 3, 1, 1, 3 ], [ 3, 1, 3, 3, 3, 1, 3, 3, 3, 1, 3, -2, 3, 3, 3, 3 ], 
          [ 1, 1, 3, 1, 1, 3, 3, 3, 3, 3, 3, 3, -2, 3, 3, 1 ], [ 3, 3, 1, 1, 3, 3, 3, 1, 1, 1, 1, 3, 3, -2, 1, 3 ], 
          [ 3, 3, 1, 3, 3, 1, 1, 1, 1, 1, 1, 3, 3, 1, -2, 3 ], [ 1, 1, 1, 1, 1, 1, 1, 1, 1, 3, 3, 3, 1, 3, 3, -2 ] ] ], 
  [ 494, [ [ -2, 1, 3, 1, 1, 3, 1, 3, 3, 1, 3, 1, 3, 1, 1, 3 ], [ 1, -2, 1, 1, 1, 1, 1, 3, 3, 3, 1, 3, 1, 1, 3, 1 ], 
          [ 3, 1, -2, 1, 3, 1, 1, 1, 1, 3, 1, 3, 1, 1, 3, 3 ], [ 1, 1, 1, -2, 1, 3, 3, 1, 3, 3, 1, 3, 1, 1, 1, 3 ], 
          [ 1, 1, 3, 1, -2, 1, 1, 1, 3, 3, 1, 1, 1, 3, 1, 1 ], [ 3, 1, 1, 3, 1, -2, 1, 1, 1, 3, 1, 1, 1, 3, 3, 1 ], 
          [ 1, 1, 1, 3, 1, 1, -2, 1, 1, 1, 1, 1, 3, 3, 1, 3 ], [ 3, 3, 1, 1, 1, 1, 1, -2, 1, 3, 1, 1, 3, 3, 1, 3 ], 
          [ 3, 3, 1, 3, 3, 1, 1, 1, -2, 1, 3, 1, 3, 3, 1, 3 ], [ 1, 3, 3, 3, 3, 3, 1, 3, 1, -2, 3, 1, 3, 3, 1, 3 ], 
          [ 3, 1, 1, 1, 1, 1, 1, 1, 3, 3, -2, 3, 1, 3, 1, 1 ], [ 1, 3, 3, 3, 1, 1, 1, 1, 1, 1, 3, -2, 3, 3, 1, 3 ], 
          [ 3, 1, 1, 1, 1, 1, 3, 3, 3, 3, 1, 3, -2, 1, 3, 1 ], [ 1, 1, 1, 1, 3, 3, 3, 3, 3, 3, 3, 3, 1, -2, 3, 3 ], 
          [ 1, 3, 3, 1, 1, 3, 1, 1, 1, 1, 1, 1, 3, 3, -2, 3 ], [ 3, 1, 3, 3, 1, 1, 3, 3, 3, 3, 1, 3, 1, 3, 3, -2 ] ] ], 
  [ 432, [ [ -2, 1, 3, 1, 1, 3, 1, 3, 3, 1, 3, 3, 1, 3, 1, 3 ], [ 1, -2, 1, 1, 1, 1, 1, 3, 3, 1, 1, 3, 3, 1, 1, 1 ], 
          [ 3, 1, -2, 1, 3, 1, 1, 1, 1, 3, 1, 3, 3, 1, 3, 1 ], [ 1, 1, 1, -2, 1, 3, 3, 1, 3, 3, 3, 3, 3, 1, 1, 1 ], 
          [ 1, 1, 3, 1, -2, 1, 1, 1, 3, 3, 3, 3, 3, 3, 1, 1 ], [ 3, 1, 1, 3, 1, -2, 1, 1, 1, 3, 1, 3, 3, 3, 3, 1 ], 
          [ 1, 1, 1, 3, 1, 1, -2, 1, 1, 1, 1, 3, 1, 3, 1, 3 ], [ 3, 3, 1, 1, 1, 1, 1, -2, 1, 3, 3, 3, 1, 3, 1, 1 ], 
          [ 3, 3, 1, 3, 3, 1, 1, 1, -2, 3, 1, 1, 1, 3, 3, 3 ], [ 1, 1, 3, 3, 3, 3, 1, 3, 3, -2, 1, 1, 1, 1, 1, 3 ], 
          [ 3, 1, 1, 3, 3, 1, 1, 3, 1, 1, -2, 1, 3, 1, 3, 3 ], [ 3, 3, 3, 3, 3, 3, 3, 3, 1, 1, 1, -2, 1, 1, 3, 3 ], 
          [ 1, 3, 3, 3, 3, 3, 1, 1, 1, 1, 3, 1, -2, 3, 1, 3 ], [ 3, 1, 1, 1, 3, 3, 3, 3, 3, 1, 1, 1, 3, -2, 3, 1 ], 
          [ 1, 1, 3, 1, 1, 3, 1, 1, 3, 1, 3, 3, 1, 3, -2, 3 ], [ 3, 1, 1, 1, 1, 1, 3, 1, 3, 3, 3, 3, 3, 1, 3, -2 ] ] ], 
  [ 568, [ [ -2, 1, 3, 1, 1, 3, 1, 3, 1, 3, 1, 3, 1, 3, 1, 1 ], [ 1, -2, 1, 1, 1, 1, 1, 3, 3, 3, 1, 3, 1, 3, 1, 1 ], 
          [ 3, 1, -2, 1, 3, 1, 1, 1, 1, 3, 1, 1, 3, 3, 3, 3 ], [ 1, 1, 1, -2, 1, 3, 3, 1, 1, 3, 3, 3, 3, 3, 3, 3 ], 
          [ 1, 1, 3, 1, -2, 1, 1, 1, 3, 3, 3, 3, 1, 3, 3, 1 ], [ 3, 1, 1, 3, 1, -2, 1, 1, 3, 3, 1, 1, 1, 3, 3, 3 ], 
          [ 1, 1, 1, 3, 1, 1, -2, 1, 3, 3, 1, 1, 1, 3, 1, 1 ], [ 3, 3, 1, 1, 1, 1, 1, -2, 3, 3, 3, 1, 3, 3, 3, 3 ], 
          [ 1, 3, 1, 1, 3, 3, 3, 3, -2, 3, 1, 3, 3, 1, 3, 3 ], [ 3, 3, 3, 3, 3, 3, 3, 3, 3, -2, 3, 1, 1, 1, 1, 1 ], 
          [ 1, 1, 1, 3, 3, 1, 1, 3, 1, 3, -2, 3, 1, 1, 1, 1 ], [ 3, 3, 1, 3, 3, 1, 1, 1, 3, 1, 3, -2, 3, 3, 3, 3 ], 
          [ 1, 1, 3, 3, 1, 1, 1, 3, 3, 1, 1, 3, -2, 3, 1, 1 ], [ 3, 3, 3, 3, 3, 3, 3, 3, 1, 1, 1, 3, 3, -2, 1, 1 ], 
          [ 1, 1, 3, 3, 3, 3, 1, 3, 3, 1, 1, 3, 1, 1, -2, 1 ], [ 1, 1, 3, 3, 1, 3, 1, 3, 3, 1, 1, 3, 1, 1, 1, -2 ] ] ], 
  [ 592, [ [ -2, 1, 3, 1, 1, 3, 1, 3, 3, 1, 1, 3, 3, 3, 1, 1 ], [ 1, -2, 1, 1, 1, 1, 1, 3, 3, 3, 1, 1, 3, 3, 1, 1 ], 
          [ 3, 1, -2, 1, 3, 1, 1, 1, 1, 3, 3, 1, 3, 3, 1, 3 ], [ 1, 1, 1, -2, 1, 3, 3, 1, 3, 1, 3, 1, 3, 1, 1, 3 ], 
          [ 1, 1, 3, 1, -2, 1, 1, 1, 1, 1, 1, 3, 3, 1, 3, 1 ], [ 3, 1, 1, 3, 1, -2, 1, 1, 1, 3, 3, 1, 3, 3, 1, 1 ], 
          [ 1, 1, 1, 3, 1, 1, -2, 1, 1, 1, 1, 3, 3, 3, 3, 1 ], [ 3, 3, 1, 1, 1, 1, 1, -2, 1, 1, 3, 1, 3, 1, 3, 3 ], 
          [ 3, 3, 1, 3, 1, 1, 1, 1, -2, 3, 1, 3, 3, 3, 3, 1 ], [ 1, 3, 3, 1, 1, 3, 1, 1, 3, -2, 3, 3, 1, 1, 3, 3 ], 
          [ 1, 1, 3, 3, 1, 3, 1, 3, 1, 3, -2, 3, 3, 3, 3, 1 ], [ 3, 1, 1, 1, 3, 1, 3, 1, 3, 3, 3, -2, 3, 3, 1, 3 ], 
          [ 3, 3, 3, 3, 3, 3, 3, 3, 3, 1, 3, 3, -2, 1, 3, 3 ], [ 3, 3, 3, 1, 1, 3, 3, 1, 3, 1, 3, 3, 1, -2, 3, 3 ], 
          [ 1, 1, 1, 1, 3, 1, 3, 3, 3, 3, 3, 1, 3, 3, -2, 3 ], [ 1, 1, 3, 3, 1, 1, 1, 3, 1, 3, 1, 3, 3, 3, 3, -2 ] ] ], 
  [ 404, [ [ -2, 1, 3, 1, 1, 3, 1, 3, 1, 3, 3, 1, 1, 3, 1, 3 ], [ 1, -2, 1, 1, 1, 1, 1, 3, 1, 3, 1, 1, 1, 3, 3, 3 ], 
          [ 3, 1, -2, 1, 3, 1, 1, 1, 3, 1, 1, 1, 1, 1, 3, 1 ], [ 1, 1, 1, -2, 1, 3, 3, 1, 3, 1, 1, 3, 3, 3, 3, 1 ], 
          [ 1, 1, 3, 1, -2, 1, 1, 1, 1, 3, 1, 3, 3, 3, 3, 3 ], [ 3, 1, 1, 3, 1, -2, 1, 1, 1, 1, 3, 1, 1, 1, 3, 3 ], 
          [ 1, 1, 1, 3, 1, 1, -2, 1, 1, 3, 1, 1, 1, 1, 1, 3 ], [ 3, 3, 1, 1, 1, 1, 1, -2, 3, 1, 1, 3, 3, 1, 3, 1 ], 
          [ 1, 1, 3, 3, 1, 1, 1, 3, -2, 3, 3, 1, 1, 1, 1, 3 ], [ 3, 3, 1, 1, 3, 1, 3, 1, 3, -2, 3, 3, 1, 1, 3, 1 ], 
          [ 3, 1, 1, 1, 1, 3, 1, 1, 3, 3, -2, 3, 3, 3, 3, 1 ], [ 1, 1, 1, 3, 3, 1, 1, 3, 1, 3, 3, -2, 1, 1, 1, 3 ], 
          [ 1, 1, 1, 3, 3, 1, 1, 3, 1, 1, 3, 1, -2, 1, 3, 3 ], [ 3, 3, 1, 3, 3, 1, 1, 1, 1, 1, 3, 1, 1, -2, 1, 3 ], 
          [ 1, 3, 3, 3, 3, 3, 1, 3, 1, 3, 3, 1, 3, 1, -2, 3 ], [ 3, 3, 1, 1, 3, 3, 3, 1, 3, 1, 1, 3, 3, 3, 3, -2 ] ] ], 
  [ 448, [ [ -2, 1, 3, 1, 1, 3, 1, 3, 1, 3, 1, 3, 3, 3, 3, 1 ], [ 1, -2, 1, 1, 1, 1, 1, 3, 1, 3, 1, 3, 1, 3, 3, 1 ], 
          [ 3, 1, -2, 1, 3, 1, 1, 1, 3, 1, 1, 1, 1, 1, 3, 1 ], [ 1, 1, 1, -2, 1, 3, 3, 1, 3, 1, 1, 3, 1, 3, 3, 1 ], 
          [ 1, 1, 3, 1, -2, 1, 1, 1, 1, 3, 1, 1, 3, 3, 3, 3 ], [ 3, 1, 1, 3, 1, -2, 1, 1, 1, 1, 1, 1, 1, 1, 3, 3 ], 
          [ 1, 1, 1, 3, 1, 1, -2, 1, 1, 3, 1, 1, 3, 1, 3, 3 ], [ 3, 3, 1, 1, 1, 1, 1, -2, 3, 1, 1, 1, 1, 1, 3, 3 ], 
          [ 1, 1, 3, 3, 1, 1, 1, 3, -2, 3, 1, 1, 3, 1, 1, 3 ], [ 3, 3, 1, 1, 3, 1, 3, 1, 3, -2, 1, 3, 1, 1, 1, 3 ], 
          [ 1, 1, 1, 1, 1, 1, 1, 1, 1, 1, -2, 1, 1, 3, 3, 3 ], [ 3, 3, 1, 3, 1, 1, 1, 1, 1, 3, 1, -2, 3, 1, 3, 3 ], 
          [ 3, 1, 1, 1, 3, 1, 3, 1, 3, 1, 1, 3, -2, 3, 3, 1 ], [ 3, 3, 1, 3, 3, 1, 1, 1, 1, 1, 3, 1, 3, -2, 1, 3 ], 
          [ 3, 3, 3, 3, 3, 3, 3, 3, 1, 1, 3, 3, 3, 1, -2, 3 ], [ 1, 1, 1, 1, 3, 3, 3, 3, 3, 3, 3, 3, 1, 3, 3, -2 ] ] ], 
  [ 448, [ [ -2, 1, 3, 1, 1, 3, 1, 3, 1, 3, 1, 3, 3, 3, 3, 1 ], [ 1, -2, 1, 1, 1, 1, 1, 3, 1, 3, 1, 3, 1, 3, 3, 1 ], 
          [ 3, 1, -2, 1, 3, 1, 1, 1, 3, 1, 1, 1, 1, 1, 3, 1 ], [ 1, 1, 1, -2, 1, 3, 3, 1, 3, 1, 1, 3, 1, 3, 3, 1 ], 
          [ 1, 1, 3, 1, -2, 1, 1, 1, 1, 3, 1, 1, 3, 3, 3, 3 ], [ 3, 1, 1, 3, 1, -2, 1, 1, 1, 1, 1, 1, 1, 1, 3, 3 ], 
          [ 1, 1, 1, 3, 1, 1, -2, 1, 1, 3, 1, 1, 3, 1, 3, 3 ], [ 3, 3, 1, 1, 1, 1, 1, -2, 3, 1, 1, 1, 1, 1, 3, 3 ], 
          [ 1, 1, 3, 3, 1, 1, 1, 3, -2, 3, 1, 1, 3, 1, 1, 3 ], [ 3, 3, 1, 1, 3, 1, 3, 1, 3, -2, 1, 3, 1, 1, 1, 3 ], 
          [ 1, 1, 1, 1, 1, 1, 1, 1, 1, 1, -2, 1, 1, 3, 3, 3 ], [ 3, 3, 1, 3, 1, 1, 1, 1, 1, 3, 1, -2, 3, 1, 3, 3 ], 
          [ 3, 1, 1, 1, 3, 1, 3, 1, 3, 1, 1, 3, -2, 3, 3, 1 ], [ 3, 3, 1, 3, 3, 1, 1, 1, 1, 1, 3, 1, 3, -2, 1, 3 ], 
          [ 3, 3, 3, 3, 3, 3, 3, 3, 1, 1, 3, 3, 3, 1, -2, 3 ], [ 1, 1, 1, 1, 3, 3, 3, 3, 3, 3, 3, 3, 1, 3, 3, -2 ] ] ], 
  [ 532, [ [ -2, 1, 3, 1, 1, 3, 1, 3, 1, 3, 1, 3, 3, 3, 3, 1, 1 ], [ 1, -2, 1, 1, 1, 1, 1, 3, 1, 3, 1, 3, 1, 3, 3, 1, 1 ], 
          [ 3, 1, -2, 1, 3, 1, 1, 1, 3, 1, 1, 1, 1, 1, 3, 1, 1 ], [ 1, 1, 1, -2, 1, 3, 3, 1, 3, 1, 1, 3, 1, 3, 3, 1, 1 ], 
          [ 1, 1, 3, 1, -2, 1, 1, 1, 1, 3, 1, 1, 3, 3, 3, 3, 1 ], [ 3, 1, 1, 3, 1, -2, 1, 1, 1, 1, 1, 1, 1, 1, 3, 3, 1 ], 
          [ 1, 1, 1, 3, 1, 1, -2, 1, 1, 3, 1, 1, 3, 1, 3, 3, 1 ], [ 3, 3, 1, 1, 1, 1, 1, -2, 3, 1, 1, 1, 1, 1, 3, 3, 1 ], 
          [ 1, 1, 3, 3, 1, 1, 1, 3, -2, 3, 1, 1, 3, 1, 1, 3, 3 ], [ 3, 3, 1, 1, 3, 1, 3, 1, 3, -2, 1, 3, 1, 1, 1, 3, 1 ], 
          [ 1, 1, 1, 1, 1, 1, 1, 1, 1, 1, -2, 1, 1, 3, 3, 3, 1 ], [ 3, 3, 1, 3, 1, 1, 1, 1, 1, 3, 1, -2, 3, 1, 3, 3, 3 ], 
          [ 3, 1, 1, 1, 3, 1, 3, 1, 3, 1, 1, 3, -2, 3, 3, 1, 1 ], [ 3, 3, 1, 3, 3, 1, 1, 1, 1, 1, 3, 1, 3, -2, 1, 3, 3 ], 
          [ 3, 3, 3, 3, 3, 3, 3, 3, 1, 1, 3, 3, 3, 1, -2, 3, 3 ], [ 1, 1, 1, 1, 3, 3, 3, 3, 3, 3, 3, 3, 1, 3, 3, -2, 1 ], 
          [ 1, 1, 1, 1, 1, 1, 1, 1, 3, 1, 1, 3, 1, 3, 3, 1, -2 ] ] ], [ 427, [ [ -2, 1, 3, 1, 1, 3, 1, 3, 1, 3, 3, 1, 1, 1, 1 ], 
          [ 1, -2, 1, 1, 1, 1, 1, 3, 1, 3, 3, 1, 3, 3, 1 ], [ 3, 1, -2, 1, 3, 1, 1, 1, 3, 1, 3, 1, 3, 3, 3 ], 
          [ 1, 1, 1, -2, 1, 3, 3, 1, 3, 1, 3, 1, 1, 1, 1 ], [ 1, 1, 3, 1, -2, 1, 1, 1, 1, 3, 3, 3, 1, 3, 1 ], 
          [ 3, 1, 1, 3, 1, -2, 1, 1, 1, 1, 3, 3, 3, 3, 3 ], [ 1, 1, 1, 3, 1, 1, -2, 1, 1, 3, 3, 3, 3, 3, 1 ], 
          [ 3, 3, 1, 1, 1, 1, 1, -2, 3, 1, 3, 3, 1, 1, 1 ], [ 1, 1, 3, 3, 1, 1, 1, 3, -2, 3, 3, 3, 3, 3, 1 ], 
          [ 3, 3, 1, 1, 3, 1, 3, 1, 3, -2, 3, 3, 3, 1, 3 ], [ 3, 3, 3, 3, 3, 3, 3, 3, 3, 3, -2, 1, 3, 1, 3 ], 
          [ 1, 1, 1, 1, 3, 3, 3, 3, 3, 3, 1, -2, 1, 1, 3 ], [ 1, 3, 3, 1, 1, 3, 3, 1, 3, 3, 3, 1, -2, 1, 1 ], 
          [ 1, 3, 3, 1, 3, 3, 3, 1, 3, 1, 1, 1, 1, -2, 1 ], [ 1, 1, 3, 1, 1, 3, 1, 1, 1, 3, 3, 3, 1, 1, -2 ] ] ], 
  [ 475, [ [ -2, 1, 3, 1, 1, 3, 1, 3, 1, 1, 1, 1, 1, 3, 3, 3 ], [ 1, -2, 1, 1, 1, 1, 1, 3, 1, 1, 1, 1, 1, 3, 3, 3 ], 
          [ 3, 1, -2, 1, 3, 1, 1, 1, 3, 1, 3, 1, 3, 1, 1, 3 ], [ 1, 1, 1, -2, 1, 3, 3, 1, 3, 1, 1, 1, 1, 1, 1, 3 ], 
          [ 1, 1, 3, 1, -2, 1, 1, 1, 1, 1, 1, 1, 3, 3, 3, 3 ], [ 3, 1, 1, 3, 1, -2, 1, 1, 1, 1, 3, 3, 3, 3, 1, 3 ], 
          [ 1, 1, 1, 3, 1, 1, -2, 1, 1, 1, 3, 1, 3, 3, 3, 3 ], [ 3, 3, 1, 1, 1, 1, 1, -2, 3, 1, 3, 3, 3, 1, 1, 3 ], 
          [ 1, 1, 3, 3, 1, 1, 1, 3, -2, 3, 3, 3, 1, 3, 3, 3 ], [ 1, 1, 1, 1, 1, 1, 1, 1, 3, -2, 1, 1, 3, 3, 3, 3 ], 
          [ 1, 1, 3, 1, 1, 3, 3, 3, 3, 1, -2, 1, 1, 1, 3, 1 ], [ 1, 1, 1, 1, 1, 3, 1, 3, 3, 1, 1, -2, 3, 3, 3, 3 ], 
          [ 1, 1, 3, 1, 3, 3, 3, 3, 1, 3, 1, 3, -2, 1, 1, 1 ], [ 3, 3, 1, 1, 3, 3, 3, 1, 3, 3, 1, 3, 1, -2, 1, 1 ], 
          [ 3, 3, 1, 1, 3, 1, 3, 1, 3, 3, 3, 3, 1, 1, -2, 1 ], [ 3, 3, 3, 3, 3, 3, 3, 3, 3, 3, 1, 3, 1, 1, 1, -2 ] ] ], 
  [ 659, [ [ -2, 1, 3, 1, 1, 3, 1, 3, 1, 1, 1, 1, 1, 3, 1, 1, 3 ], [ 1, -2, 1, 1, 1, 1, 1, 3, 1, 1, 1, 1, 1, 1, 1, 1, 3 ], 
          [ 3, 1, -2, 1, 3, 1, 1, 1, 3, 1, 3, 1, 3, 1, 3, 3, 3 ], [ 1, 1, 1, -2, 1, 3, 3, 1, 3, 1, 1, 1, 1, 1, 3, 1, 3 ], 
          [ 1, 1, 3, 1, -2, 1, 1, 1, 1, 1, 1, 1, 1, 3, 1, 1, 3 ], [ 3, 1, 1, 3, 1, -2, 1, 1, 1, 1, 3, 3, 3, 3, 1, 3, 3 ], 
          [ 1, 1, 1, 3, 1, 1, -2, 1, 1, 1, 3, 1, 3, 3, 1, 3, 3 ], [ 3, 3, 1, 1, 1, 1, 1, -2, 3, 1, 3, 3, 3, 3, 3, 3, 3 ], 
          [ 1, 1, 3, 3, 1, 1, 1, 3, -2, 3, 3, 3, 1, 3, 1, 3, 1 ], [ 1, 1, 1, 1, 1, 1, 1, 1, 3, -2, 1, 1, 3, 3, 1, 1, 3 ], 
          [ 1, 1, 3, 1, 1, 3, 3, 3, 3, 1, -2, 1, 1, 1, 1, 1, 3 ], [ 1, 1, 1, 1, 1, 3, 1, 3, 3, 1, 1, -2, 1, 1, 1, 1, 3 ], 
          [ 1, 1, 3, 1, 1, 3, 3, 3, 1, 3, 1, 1, -2, 1, 1, 1, 1 ], [ 3, 1, 1, 1, 3, 3, 3, 3, 3, 3, 1, 1, 1, -2, 1, 1, 1 ], 
          [ 1, 1, 3, 3, 1, 1, 1, 3, 1, 1, 1, 1, 1, 1, -2, 1, 1 ], [ 1, 1, 3, 1, 1, 3, 3, 3, 3, 1, 1, 1, 1, 1, 1, -2, 1 ], 
          [ 3, 3, 3, 3, 3, 3, 3, 3, 1, 3, 3, 3, 1, 1, 1, 1, -2 ] ] ], [ 562, [ [ -2, 1, 3, 1, 1, 3, 1, 3, 1, 1, 3, 1, 3, 1, 3, 1, 1, 1 ], 
          [ 1, -2, 1, 1, 1, 1, 1, 3, 1, 1, 3, 1, 1, 1, 3, 3, 1, 3 ], [ 3, 1, -2, 1, 3, 1, 1, 1, 3, 1, 3, 3, 1, 1, 1, 3, 1, 3 ], 
          [ 1, 1, 1, -2, 1, 3, 3, 1, 3, 1, 3, 3, 1, 1, 3, 1, 1, 3 ], [ 1, 1, 3, 1, -2, 1, 1, 1, 1, 1, 3, 1, 1, 1, 3, 1, 3, 3 ], 
          [ 3, 1, 1, 3, 1, -2, 1, 1, 1, 1, 3, 1, 1, 3, 1, 3, 3, 3 ], [ 1, 1, 1, 3, 1, 1, -2, 1, 1, 1, 3, 1, 1, 1, 1, 3, 3, 1 ], 
          [ 3, 3, 1, 1, 1, 1, 1, -2, 3, 1, 3, 3, 1, 1, 1, 1, 3, 3 ], [ 1, 1, 3, 3, 1, 1, 1, 3, -2, 3, 1, 1, 3, 3, 3, 3, 3, 1 ], 
          [ 1, 1, 1, 1, 1, 1, 1, 1, 3, -2, 3, 1, 1, 1, 1, 1, 3, 3 ], [ 3, 3, 3, 3, 3, 3, 3, 3, 1, 3, -2, 1, 3, 3, 1, 3, 3, 1 ], 
          [ 1, 1, 3, 3, 1, 1, 1, 3, 1, 1, 1, -2, 1, 3, 1, 3, 3, 1 ], [ 3, 1, 1, 1, 1, 1, 1, 1, 3, 1, 3, 1, -2, 3, 1, 3, 3, 3 ], 
          [ 1, 1, 1, 1, 1, 3, 1, 1, 3, 1, 3, 3, 3, -2, 3, 1, 1, 3 ], [ 3, 3, 1, 3, 3, 1, 1, 1, 3, 1, 1, 1, 1, 3, -2, 3, 3, 1 ], 
          [ 1, 3, 3, 1, 1, 3, 3, 1, 3, 1, 3, 3, 3, 1, 3, -2, 1, 3 ], [ 1, 1, 1, 1, 3, 3, 3, 3, 3, 3, 3, 3, 3, 1, 3, 1, -2, 3 ], 
          [ 1, 3, 3, 3, 3, 3, 1, 3, 1, 3, 1, 1, 3, 3, 1, 3, 3, -2 ] ] ], 
  [ 525, [ [ -2, 1, 3, 1, 1, 3, 1, 3, 1, 1, 3, 1, 1, 3, 1, 1, 1 ], [ 1, -2, 1, 1, 1, 1, 1, 3, 1, 1, 1, 1, 1, 3, 3, 3, 1 ], 
          [ 3, 1, -2, 1, 3, 1, 1, 1, 3, 1, 1, 3, 3, 1, 3, 3, 1 ], [ 1, 1, 1, -2, 1, 3, 3, 1, 3, 1, 3, 3, 1, 3, 1, 3, 1 ], 
          [ 1, 1, 3, 1, -2, 1, 1, 1, 1, 1, 3, 1, 3, 3, 1, 1, 1 ], [ 3, 1, 1, 3, 1, -2, 1, 1, 1, 1, 1, 1, 3, 1, 3, 1, 1 ], 
          [ 1, 1, 1, 3, 1, 1, -2, 1, 1, 1, 1, 1, 3, 1, 3, 1, 1 ], [ 3, 3, 1, 1, 1, 1, 1, -2, 3, 1, 3, 3, 3, 1, 1, 1, 1 ], 
          [ 1, 1, 3, 3, 1, 1, 1, 3, -2, 3, 3, 1, 1, 3, 3, 1, 3 ], [ 1, 1, 1, 1, 1, 1, 1, 1, 3, -2, 1, 1, 3, 1, 1, 1, 1 ], 
          [ 3, 1, 1, 3, 3, 1, 1, 3, 3, 1, -2, 1, 3, 1, 3, 3, 1 ], [ 1, 1, 3, 3, 1, 1, 1, 3, 1, 1, 1, -2, 3, 1, 1, 1, 1 ], 
          [ 1, 1, 3, 1, 3, 3, 3, 3, 1, 3, 3, 3, -2, 3, 3, 3, 3 ], [ 3, 3, 1, 3, 3, 1, 1, 1, 3, 1, 1, 1, 3, -2, 3, 1, 1 ], 
          [ 1, 3, 3, 1, 1, 3, 3, 1, 3, 1, 3, 1, 3, 3, -2, 1, 1 ], [ 1, 3, 3, 3, 1, 1, 1, 1, 1, 1, 3, 1, 3, 1, 1, -2, 1 ], 
          [ 1, 1, 1, 1, 1, 1, 1, 1, 3, 1, 1, 1, 3, 1, 1, 1, -2 ] ] ], [ 416, [ [ -2, 1, 3, 1, 1, 3, 1, 3, 1, 1, 3, 1, 1, 3, 1 ], 
          [ 1, -2, 1, 1, 1, 1, 1, 3, 1, 1, 1, 3, 3, 1, 3 ], [ 3, 1, -2, 1, 3, 1, 1, 1, 3, 1, 1, 3, 3, 1, 3 ], 
          [ 1, 1, 1, -2, 1, 3, 3, 1, 3, 1, 3, 1, 1, 1, 1 ], [ 1, 1, 3, 1, -2, 1, 1, 1, 1, 1, 3, 3, 1, 3, 1 ], 
          [ 3, 1, 1, 3, 1, -2, 1, 1, 1, 1, 1, 3, 3, 1, 3 ], [ 1, 1, 1, 3, 1, 1, -2, 1, 1, 1, 3, 3, 3, 3, 3 ], 
          [ 3, 3, 1, 1, 1, 1, 1, -2, 3, 1, 3, 1, 3, 1, 1 ], [ 1, 1, 3, 3, 1, 1, 1, 3, -2, 3, 1, 3, 3, 3, 3 ], 
          [ 1, 1, 1, 1, 1, 1, 1, 1, 3, -2, 3, 3, 1, 1, 1 ], [ 3, 1, 1, 3, 3, 1, 3, 3, 1, 3, -2, 3, 3, 1, 3 ], 
          [ 1, 3, 3, 1, 3, 3, 3, 1, 3, 3, 3, -2, 3, 1, 1 ], [ 1, 3, 3, 1, 1, 3, 3, 3, 3, 1, 3, 3, -2, 3, 1 ], 
          [ 3, 1, 1, 1, 3, 1, 3, 1, 3, 1, 1, 1, 3, -2, 1 ], [ 1, 3, 3, 1, 1, 3, 3, 1, 3, 1, 3, 1, 1, 1, -2 ] ] ], 
  [ 460, [ [ -2, 1, 3, 1, 1, 3, 1, 3, 1, 3, 1, 1, 3, 1, 3, 3 ], [ 1, -2, 1, 1, 1, 1, 1, 3, 1, 3, 1, 1, 3, 1, 3, 3 ], 
          [ 3, 1, -2, 1, 3, 1, 1, 1, 3, 1, 1, 1, 3, 3, 3, 3 ], [ 1, 1, 1, -2, 1, 3, 3, 1, 3, 1, 1, 1, 3, 1, 3, 1 ], 
          [ 1, 1, 3, 1, -2, 1, 1, 1, 1, 3, 1, 3, 3, 1, 3, 1 ], [ 3, 1, 1, 3, 1, -2, 1, 1, 1, 3, 1, 3, 3, 3, 1, 3 ], 
          [ 1, 1, 1, 3, 1, 1, -2, 1, 1, 3, 1, 1, 3, 3, 3, 3 ], [ 3, 3, 1, 1, 1, 1, 1, -2, 3, 1, 1, 1, 3, 3, 3, 1 ], 
          [ 1, 1, 3, 3, 1, 1, 1, 3, -2, 3, 3, 3, 3, 1, 3, 1 ], [ 3, 3, 1, 1, 3, 3, 3, 1, 3, -2, 1, 1, 3, 3, 3, 1 ], 
          [ 1, 1, 1, 1, 1, 1, 1, 1, 3, 1, -2, 1, 3, 3, 3, 3 ], [ 1, 1, 1, 1, 3, 3, 1, 1, 3, 1, 1, -2, 3, 3, 3, 3 ], 
          [ 3, 3, 3, 3, 3, 3, 3, 3, 3, 3, 3, 3, -2, 1, 1, 1 ], [ 1, 1, 3, 1, 1, 3, 3, 3, 1, 3, 3, 3, 1, -2, 3, 1 ], 
          [ 3, 3, 3, 3, 3, 1, 3, 3, 3, 3, 3, 3, 1, 3, -2, 3 ], [ 3, 3, 3, 1, 1, 3, 3, 1, 1, 1, 3, 3, 1, 1, 3, -2 ] ] ], 
  [ 794, [ [ -2, 1, 3, 1, 1, 3, 1, 3, 1, 3, 3, 1, 3, 1, 1, 3, 1 ], [ 1, -2, 1, 1, 1, 1, 1, 3, 1, 3, 3, 1, 3, 1, 3, 3, 1 ], 
          [ 3, 1, -2, 1, 3, 1, 1, 1, 3, 1, 3, 1, 3, 1, 1, 3, 3 ], [ 1, 1, 1, -2, 1, 3, 3, 1, 3, 1, 3, 1, 3, 1, 1, 3, 1 ], 
          [ 1, 1, 3, 1, -2, 1, 1, 1, 1, 3, 1, 1, 3, 1, 1, 3, 1 ], [ 3, 1, 1, 3, 1, -2, 1, 1, 1, 3, 1, 1, 3, 3, 3, 3, 3 ], 
          [ 1, 1, 1, 3, 1, 1, -2, 1, 1, 3, 1, 1, 3, 1, 1, 3, 3 ], [ 3, 3, 1, 1, 1, 1, 1, -2, 3, 1, 1, 1, 3, 1, 1, 3, 3 ], 
          [ 1, 1, 3, 3, 1, 1, 1, 3, -2, 3, 1, 3, 3, 3, 3, 3, 1 ], [ 3, 3, 1, 1, 3, 3, 3, 1, 3, -2, 3, 1, 3, 1, 1, 3, 3 ], 
          [ 3, 3, 3, 3, 1, 1, 1, 1, 1, 3, -2, 3, 1, 3, 3, 3, 1 ], [ 1, 1, 1, 1, 1, 1, 1, 1, 3, 1, 3, -2, 3, 1, 1, 3, 3 ], 
          [ 3, 3, 3, 3, 3, 3, 3, 3, 3, 3, 1, 3, -2, 3, 3, 1, 1 ], [ 1, 1, 1, 1, 1, 3, 1, 1, 3, 1, 3, 1, 3, -2, 1, 3, 1 ], 
          [ 1, 3, 1, 1, 1, 3, 1, 1, 3, 1, 3, 1, 3, 1, -2, 3, 3 ], [ 3, 3, 3, 3, 3, 3, 3, 3, 3, 3, 3, 3, 1, 3, 3, -2, 3 ], 
          [ 1, 1, 3, 1, 1, 3, 3, 3, 1, 3, 1, 3, 1, 1, 3, 3, -2 ] ] ], [ 428, [ [ -2, 1, 3, 1, 1, 3, 1, 3, 1, 3, 3, 1, 1, 1, 1, 1, 3 ], 
          [ 1, -2, 1, 1, 1, 1, 1, 3, 1, 3, 3, 1, 1, 1, 3, 3, 3 ], [ 3, 1, -2, 1, 3, 1, 1, 1, 3, 1, 3, 1, 3, 1, 3, 3, 1 ], 
          [ 1, 1, 1, -2, 1, 3, 3, 1, 3, 1, 3, 1, 1, 1, 3, 3, 1 ], [ 1, 1, 3, 1, -2, 1, 1, 1, 1, 3, 1, 1, 1, 1, 3, 1, 3 ], 
          [ 3, 1, 1, 3, 1, -2, 1, 1, 1, 3, 1, 1, 3, 1, 3, 3, 3 ], [ 1, 1, 1, 3, 1, 1, -2, 1, 1, 3, 1, 1, 3, 1, 3, 1, 3 ], 
          [ 3, 3, 1, 1, 1, 1, 1, -2, 3, 1, 1, 1, 3, 1, 3, 3, 1 ], [ 1, 1, 3, 3, 1, 1, 1, 3, -2, 3, 1, 3, 1, 1, 3, 1, 3 ], 
          [ 3, 3, 1, 1, 3, 3, 3, 1, 3, -2, 3, 1, 3, 3, 3, 3, 1 ], [ 3, 3, 3, 3, 1, 1, 1, 1, 1, 3, -2, 3, 1, 3, 3, 1, 3 ], 
          [ 1, 1, 1, 1, 1, 1, 1, 1, 3, 1, 3, -2, 3, 1, 3, 3, 3 ], [ 1, 1, 3, 1, 1, 3, 3, 3, 1, 3, 1, 3, -2, 3, 1, 1, 3 ], 
          [ 1, 1, 1, 1, 1, 1, 1, 1, 1, 3, 3, 1, 3, -2, 3, 3, 1 ], [ 1, 3, 3, 3, 3, 3, 3, 3, 3, 3, 3, 3, 1, 3, -2, 1, 3 ], 
          [ 1, 3, 3, 3, 1, 3, 1, 3, 1, 3, 1, 3, 1, 3, 1, -2, 3 ], [ 3, 3, 1, 1, 3, 3, 3, 1, 3, 1, 3, 3, 3, 1, 3, 3, -2 ] ] ], 
  [ 406, [ [ -2, 1, 3, 1, 1, 3, 1, 3, 1, 3, 3, 1, 1, 1, 1, 3 ], [ 1, -2, 1, 1, 1, 1, 1, 3, 1, 3, 3, 1, 1, 1, 3, 3 ], 
          [ 3, 1, -2, 1, 3, 1, 1, 1, 3, 1, 3, 1, 3, 1, 3, 3 ], [ 1, 1, 1, -2, 1, 3, 3, 1, 3, 1, 3, 1, 1, 1, 1, 3 ], 
          [ 1, 1, 3, 1, -2, 1, 1, 1, 1, 3, 1, 1, 1, 1, 1, 3 ], [ 3, 1, 1, 3, 1, -2, 1, 1, 1, 3, 1, 1, 3, 1, 3, 3 ], 
          [ 1, 1, 1, 3, 1, 1, -2, 1, 1, 3, 1, 1, 3, 1, 3, 3 ], [ 3, 3, 1, 1, 1, 1, 1, -2, 3, 1, 1, 1, 3, 1, 1, 3 ], 
          [ 1, 1, 3, 3, 1, 1, 1, 3, -2, 3, 1, 3, 1, 1, 3, 3 ], [ 3, 3, 1, 1, 3, 3, 3, 1, 3, -2, 3, 1, 3, 3, 1, 1 ], 
          [ 3, 3, 3, 3, 1, 1, 1, 1, 1, 3, -2, 3, 1, 3, 3, 3 ], [ 1, 1, 1, 1, 1, 1, 1, 1, 3, 1, 3, -2, 3, 1, 1, 1 ], 
          [ 1, 1, 3, 1, 1, 3, 3, 3, 1, 3, 1, 3, -2, 3, 1, 3 ], [ 1, 1, 1, 1, 1, 1, 1, 1, 1, 3, 3, 1, 3, -2, 3, 3 ], 
          [ 1, 3, 3, 1, 1, 3, 3, 1, 3, 1, 3, 1, 1, 3, -2, 1 ], [ 3, 3, 3, 3, 3, 3, 3, 3, 3, 1, 3, 1, 3, 3, 1, -2 ] ] ], 
  [ 559, [ [ -2, 1, 3, 1, 1, 3, 1, 3, 3, 1, 1, 1, 3, 3, 1, 3 ], [ 1, -2, 1, 1, 1, 1, 1, 3, 3, 3, 1, 1, 1, 3, 1, 3 ], 
          [ 3, 1, -2, 1, 3, 1, 1, 1, 3, 3, 1, 1, 1, 3, 1, 1 ], [ 1, 1, 1, -2, 1, 3, 3, 1, 3, 1, 1, 1, 1, 3, 1, 3 ], 
          [ 1, 1, 3, 1, -2, 1, 1, 1, 3, 1, 1, 3, 1, 1, 1, 3 ], [ 3, 1, 1, 3, 1, -2, 1, 1, 3, 3, 1, 3, 1, 3, 1, 1 ], 
          [ 1, 1, 1, 3, 1, 1, -2, 1, 3, 1, 1, 3, 3, 1, 1, 1 ], [ 3, 3, 1, 1, 1, 1, 1, -2, 3, 1, 1, 3, 3, 1, 1, 1 ], 
          [ 3, 3, 3, 3, 3, 3, 3, 3, -2, 3, 3, 3, 3, 1, 3, 3 ], [ 1, 3, 3, 1, 1, 3, 1, 1, 3, -2, 1, 3, 3, 1, 3, 1 ], 
          [ 1, 1, 1, 1, 1, 1, 1, 1, 3, 1, -2, 3, 3, 3, 1, 1 ], [ 1, 1, 1, 1, 3, 3, 3, 3, 3, 3, 3, -2, 1, 3, 1, 3 ], 
          [ 3, 1, 1, 1, 1, 1, 3, 3, 3, 3, 3, 1, -2, 3, 1, 3 ], [ 3, 3, 3, 3, 1, 3, 1, 1, 1, 1, 3, 3, 3, -2, 3, 1 ], 
          [ 1, 1, 1, 1, 1, 1, 1, 1, 3, 3, 1, 1, 1, 3, -2, 3 ], [ 3, 3, 1, 3, 3, 1, 1, 1, 3, 1, 1, 3, 3, 1, 3, -2 ] ] ], 
  [ 495, [ [ -2, 1, 3, 1, 1, 3, 1, 3, 3, 1, 3, 3, 1, 1, 1 ], [ 1, -2, 1, 1, 1, 1, 1, 3, 3, 3, 1, 1, 1, 1, 3 ], 
          [ 3, 1, -2, 1, 3, 1, 1, 1, 3, 3, 1, 1, 3, 3, 1 ], [ 1, 1, 1, -2, 1, 3, 3, 1, 3, 1, 3, 3, 3, 3, 1 ], 
          [ 1, 1, 3, 1, -2, 1, 1, 1, 3, 1, 3, 1, 1, 1, 3 ], [ 3, 1, 1, 3, 1, -2, 1, 1, 3, 3, 1, 1, 1, 1, 3 ], 
          [ 1, 1, 1, 3, 1, 1, -2, 1, 3, 1, 1, 1, 1, 1, 1 ], [ 3, 3, 1, 1, 1, 1, 1, -2, 3, 1, 3, 3, 3, 3, 1 ], 
          [ 3, 3, 3, 3, 3, 3, 3, 3, -2, 3, 3, 1, 3, 1, 3 ], [ 1, 3, 3, 1, 1, 3, 1, 1, 3, -2, 3, 3, 1, 1, 1 ], 
          [ 3, 1, 1, 3, 3, 1, 1, 3, 3, 3, -2, 1, 1, 3, 1 ], [ 3, 1, 1, 3, 1, 1, 1, 3, 1, 3, 1, -2, 1, 1, 3 ], 
          [ 1, 1, 3, 3, 1, 1, 1, 3, 3, 1, 1, 1, -2, 1, 3 ], [ 1, 1, 3, 3, 1, 1, 1, 3, 1, 1, 3, 1, 1, -2, 3 ], 
          [ 1, 3, 1, 1, 3, 3, 1, 1, 3, 1, 1, 3, 3, 3, -2 ] ] ], [ 511, [ [ -2, 1, 3, 1, 1, 3, 1, 3, 3, 1, 1, 1, 3, 3, 1, 3 ], 
          [ 1, -2, 1, 1, 1, 1, 1, 3, 3, 3, 1, 1, 1, 3, 3, 1 ], [ 3, 1, -2, 1, 3, 1, 1, 1, 3, 3, 1, 1, 1, 3, 3, 1 ], 
          [ 1, 1, 1, -2, 1, 3, 3, 1, 3, 1, 1, 1, 3, 1, 3, 1 ], [ 1, 1, 3, 1, -2, 1, 1, 1, 3, 1, 3, 1, 3, 1, 1, 1 ], 
          [ 3, 1, 1, 3, 1, -2, 1, 1, 3, 3, 3, 1, 3, 3, 1, 1 ], [ 1, 1, 1, 3, 1, 1, -2, 1, 3, 1, 1, 1, 1, 3, 1, 3 ], 
          [ 3, 3, 1, 1, 1, 1, 1, -2, 3, 1, 3, 1, 3, 1, 1, 1 ], [ 3, 3, 3, 3, 3, 3, 3, 3, -2, 3, 1, 3, 1, 1, 3, 3 ], 
          [ 1, 3, 3, 1, 1, 3, 1, 1, 3, -2, 1, 3, 3, 1, 1, 3 ], [ 1, 1, 1, 1, 3, 3, 1, 3, 1, 1, -2, 3, 1, 3, 3, 3 ], 
          [ 1, 1, 1, 1, 1, 1, 1, 1, 3, 3, 3, -2, 3, 1, 3, 1 ], [ 3, 1, 1, 3, 3, 3, 1, 3, 1, 3, 1, 3, -2, 3, 3, 3 ], 
          [ 3, 3, 3, 1, 1, 3, 3, 1, 1, 1, 3, 1, 3, -2, 3, 1 ], [ 1, 3, 3, 3, 1, 1, 1, 1, 3, 1, 3, 3, 3, 3, -2, 3 ], 
          [ 3, 1, 1, 1, 1, 1, 3, 1, 3, 3, 3, 1, 3, 1, 3, -2 ] ] ], [ 479, [ [ -2, 1, 3, 1, 1, 3, 1, 3, 3, 3, 1, 3, 1, 1, 3, 3 ], 
          [ 1, -2, 1, 1, 1, 1, 1, 3, 3, 1, 1, 3, 1, 1, 3, 3 ], [ 3, 1, -2, 1, 3, 1, 1, 1, 3, 1, 1, 3, 3, 3, 1, 3 ], 
          [ 1, 1, 1, -2, 1, 3, 3, 1, 3, 1, 1, 1, 3, 1, 1, 3 ], [ 1, 1, 3, 1, -2, 1, 1, 1, 3, 1, 1, 1, 1, 1, 3, 1 ], 
          [ 3, 1, 1, 3, 1, -2, 1, 1, 3, 1, 1, 3, 3, 3, 3, 1 ], [ 1, 1, 1, 3, 1, 1, -2, 1, 3, 1, 1, 3, 1, 3, 3, 1 ], 
          [ 3, 3, 1, 1, 1, 1, 1, -2, 3, 1, 1, 1, 3, 3, 1, 1 ], [ 3, 3, 3, 3, 3, 3, 3, 3, -2, 1, 3, 1, 1, 3, 1, 3 ], 
          [ 3, 1, 1, 1, 1, 1, 1, 1, 1, -2, 1, 1, 3, 3, 1, 1 ], [ 1, 1, 1, 1, 1, 1, 1, 1, 3, 1, -2, 3, 3, 1, 1, 3 ], 
          [ 3, 3, 3, 1, 1, 3, 3, 1, 1, 1, 3, -2, 3, 3, 1, 1 ], [ 1, 1, 3, 3, 1, 3, 1, 3, 1, 3, 3, 3, -2, 1, 3, 3 ], 
          [ 1, 1, 3, 1, 1, 3, 3, 3, 3, 3, 1, 3, 1, -2, 3, 3 ], [ 3, 3, 1, 1, 3, 3, 3, 1, 1, 1, 1, 1, 3, 3, -2, 3 ], 
          [ 3, 3, 3, 3, 1, 1, 1, 1, 3, 1, 3, 1, 3, 3, 3, -2 ] ] ], [ 469, [ [ -2, 1, 3, 1, 1, 3, 1, 3, 3, 3, 3, 3, 3, 3, 1 ], 
          [ 1, -2, 1, 1, 1, 1, 1, 3, 3, 3, 3, 1, 3, 1, 1 ], [ 3, 1, -2, 1, 3, 1, 1, 1, 3, 3, 3, 1, 1, 1, 3 ], 
          [ 1, 1, 1, -2, 1, 3, 3, 1, 3, 3, 3, 3, 3, 3, 1 ], [ 1, 1, 3, 1, -2, 1, 1, 1, 3, 1, 1, 3, 3, 3, 3 ], 
          [ 3, 1, 1, 3, 1, -2, 1, 1, 3, 1, 1, 1, 3, 3, 3 ], [ 1, 1, 1, 3, 1, 1, -2, 1, 3, 3, 3, 1, 1, 1, 3 ], 
          [ 3, 3, 1, 1, 1, 1, 1, -2, 3, 3, 1, 1, 1, 3, 3 ], [ 3, 3, 3, 3, 3, 3, 3, 3, -2, 1, 1, 1, 1, 1, 1 ], 
          [ 3, 3, 3, 3, 1, 1, 3, 3, 1, -2, 1, 3, 3, 3, 3 ], [ 3, 3, 3, 3, 1, 1, 3, 1, 1, 1, -2, 1, 1, 3, 3 ], 
          [ 3, 1, 1, 3, 3, 1, 1, 1, 1, 3, 1, -2, 1, 1, 1 ], [ 3, 3, 1, 3, 3, 3, 1, 1, 1, 3, 1, 1, -2, 1, 3 ], 
          [ 3, 1, 1, 3, 3, 3, 1, 3, 1, 3, 3, 1, 1, -2, 3 ], [ 1, 1, 3, 1, 3, 3, 3, 3, 1, 3, 3, 1, 3, 3, -2 ] ] ], 
  [ 419, [ [ -2, 1, 3, 1, 1, 3, 1, 3, 3, 3, 3, 3, 3, 1, 3, 3, 3 ], [ 1, -2, 1, 1, 1, 1, 1, 3, 3, 3, 1, 3, 3, 1, 3, 1, 3 ], 
          [ 3, 1, -2, 1, 3, 1, 1, 1, 3, 3, 1, 3, 3, 1, 1, 1, 1 ], [ 1, 1, 1, -2, 1, 3, 3, 1, 3, 3, 1, 3, 3, 1, 3, 1, 1 ], 
          [ 1, 1, 3, 1, -2, 1, 1, 1, 3, 1, 3, 3, 3, 3, 3, 1, 1 ], [ 3, 1, 1, 3, 1, -2, 1, 1, 3, 1, 3, 3, 3, 3, 1, 1, 1 ], 
          [ 1, 1, 1, 3, 1, 1, -2, 1, 3, 3, 3, 3, 3, 1, 3, 1, 3 ], [ 3, 3, 1, 1, 1, 1, 1, -2, 3, 3, 3, 3, 3, 3, 3, 1, 1 ], 
          [ 3, 3, 3, 3, 3, 3, 3, 3, -2, 1, 1, 1, 1, 1, 1, 3, 3 ], [ 3, 3, 3, 3, 1, 1, 3, 3, 1, -2, 3, 1, 1, 3, 1, 3, 1 ], 
          [ 3, 1, 1, 1, 3, 3, 3, 3, 1, 3, -2, 1, 1, 1, 1, 1, 3 ], [ 3, 3, 3, 3, 3, 3, 3, 3, 1, 1, 1, -2, 1, 3, 1, 3, 3 ], 
          [ 3, 3, 3, 3, 3, 3, 3, 3, 1, 1, 1, 1, -2, 3, 1, 3, 3 ], [ 1, 1, 1, 1, 3, 3, 1, 3, 1, 3, 1, 3, 3, -2, 3, 1, 3 ], 
          [ 3, 3, 1, 3, 3, 1, 3, 3, 1, 1, 1, 1, 1, 3, -2, 3, 1 ], [ 3, 1, 1, 1, 1, 1, 1, 1, 3, 3, 1, 3, 3, 1, 3, -2, 1 ], 
          [ 3, 3, 1, 1, 1, 1, 3, 1, 3, 1, 3, 3, 3, 3, 1, 1, -2 ] ] ], [ 575, [ [ -2, 1, 3, 1, 1, 3, 1, 3, 3, 3, 3, 3, 1, 3, 1, 3 ], 
          [ 1, -2, 1, 1, 1, 1, 1, 3, 3, 3, 3, 3, 3, 1, 3, 1 ], [ 3, 1, -2, 1, 3, 1, 1, 1, 3, 3, 3, 3, 3, 1, 3, 1 ], 
          [ 1, 1, 1, -2, 1, 3, 3, 1, 3, 3, 3, 3, 1, 1, 1, 1 ], [ 1, 1, 3, 1, -2, 1, 1, 1, 3, 3, 3, 3, 1, 3, 1, 3 ], 
          [ 3, 1, 1, 3, 1, -2, 1, 1, 3, 1, 3, 3, 3, 1, 3, 3 ], [ 1, 1, 1, 3, 1, 1, -2, 1, 3, 3, 3, 3, 3, 3, 1, 3 ], 
          [ 3, 3, 1, 1, 1, 1, 1, -2, 3, 1, 3, 3, 1, 1, 1, 3 ], [ 3, 3, 3, 3, 3, 3, 3, 3, -2, 1, 1, 1, 3, 1, 3, 1 ], 
          [ 3, 3, 3, 3, 3, 1, 3, 1, 1, -2, 1, 1, 1, 1, 3, 3 ], [ 3, 3, 3, 3, 3, 3, 3, 3, 1, 1, -2, 1, 3, 3, 3, 3 ], 
          [ 3, 3, 3, 3, 3, 3, 3, 3, 1, 1, 1, -2, 1, 3, 3, 1 ], [ 1, 3, 3, 1, 1, 3, 3, 1, 3, 1, 3, 1, -2, 3, 1, 3 ], 
          [ 3, 1, 1, 1, 3, 1, 3, 1, 1, 1, 3, 3, 3, -2, 3, 1 ], [ 1, 3, 3, 1, 1, 3, 1, 1, 3, 3, 3, 3, 1, 3, -2, 3 ], 
          [ 3, 1, 1, 1, 3, 3, 3, 3, 1, 3, 3, 1, 3, 1, 3, -2 ] ] ], [ 529, [ [ -2, 1, 3, 1, 1, 3, 1, 3, 3, 3, 1, 1, 1, 1, 3 ], 
          [ 1, -2, 1, 1, 1, 1, 1, 3, 3, 3, 1, 1, 3, 3, 1 ], [ 3, 1, -2, 1, 3, 1, 1, 1, 3, 3, 1, 3, 3, 3, 3 ], 
          [ 1, 1, 1, -2, 1, 3, 3, 1, 3, 3, 1, 3, 3, 3, 3 ], [ 1, 1, 3, 1, -2, 1, 1, 1, 3, 3, 3, 1, 1, 3, 1 ], 
          [ 3, 1, 1, 3, 1, -2, 1, 1, 3, 1, 3, 1, 1, 3, 1 ], [ 1, 1, 1, 3, 1, 1, -2, 1, 3, 3, 3, 1, 1, 1, 1 ], 
          [ 3, 3, 1, 1, 1, 1, 1, -2, 3, 1, 3, 3, 1, 3, 1 ], [ 3, 3, 3, 3, 3, 3, 3, 3, -2, 1, 3, 3, 3, 1, 1 ], 
          [ 3, 3, 3, 3, 3, 1, 3, 1, 1, -2, 3, 3, 1, 3, 1 ], [ 1, 1, 1, 1, 3, 3, 3, 3, 3, 3, -2, 3, 3, 3, 3 ], 
          [ 1, 1, 3, 3, 1, 1, 1, 3, 3, 3, 3, -2, 1, 1, 1 ], [ 1, 3, 3, 3, 1, 1, 1, 1, 3, 1, 3, 1, -2, 3, 1 ], 
          [ 1, 3, 3, 3, 3, 3, 1, 3, 1, 3, 3, 1, 3, -2, 3 ], [ 3, 1, 3, 3, 1, 1, 1, 1, 1, 1, 3, 1, 1, 3, -2 ] ] ], 
  [ 534, [ [ -2, 1, 3, 1, 1, 3, 1, 3, 3, 3, 1, 1, 3, 3, 3, 3 ], [ 1, -2, 1, 1, 1, 1, 1, 3, 1, 3, 3, 3, 1, 3, 3, 1 ], 
          [ 3, 1, -2, 1, 3, 1, 1, 1, 1, 1, 3, 1, 1, 1, 1, 1 ], [ 1, 1, 1, -2, 1, 3, 3, 1, 1, 3, 1, 1, 3, 1, 1, 3 ], 
          [ 1, 1, 3, 1, -2, 1, 1, 1, 1, 3, 1, 1, 3, 3, 1, 3 ], [ 3, 1, 1, 3, 1, -2, 1, 1, 1, 3, 3, 3, 1, 3, 1, 1 ], 
          [ 1, 1, 1, 3, 1, 1, -2, 1, 1, 1, 3, 1, 1, 3, 3, 1 ], [ 3, 3, 1, 1, 1, 1, 1, -2, 1, 1, 1, 1, 1, 1, 1, 3 ], 
          [ 3, 1, 1, 1, 1, 1, 1, 1, -2, 3, 3, 1, 1, 1, 1, 1 ], [ 3, 3, 1, 3, 3, 3, 1, 1, 3, -2, 3, 1, 1, 1, 3, 3 ], 
          [ 1, 3, 3, 1, 1, 3, 3, 1, 3, 3, -2, 1, 3, 3, 1, 3 ], [ 1, 3, 1, 1, 1, 3, 1, 1, 1, 1, 1, -2, 3, 1, 1, 3 ], 
          [ 3, 1, 1, 3, 3, 1, 1, 1, 1, 1, 3, 3, -2, 1, 3, 1 ], [ 3, 3, 1, 1, 3, 3, 3, 1, 1, 1, 3, 1, 1, -2, 1, 3 ], 
          [ 3, 3, 1, 1, 1, 1, 3, 1, 1, 3, 1, 1, 3, 1, -2, 3 ], [ 3, 1, 1, 3, 3, 1, 1, 3, 1, 3, 3, 3, 1, 3, 3, -2 ] ] ], 
  [ 418, [ [ -2, 1, 3, 1, 1, 3, 1, 3, 3, 3, 1, 1, 3, 1, 3, 1 ], [ 1, -2, 1, 1, 1, 1, 1, 3, 1, 3, 1, 1, 3, 1, 1, 1 ], 
          [ 3, 1, -2, 1, 3, 1, 1, 1, 1, 3, 3, 1, 3, 3, 1, 1 ], [ 1, 1, 1, -2, 1, 3, 3, 1, 1, 3, 3, 3, 3, 3, 1, 1 ], 
          [ 1, 1, 3, 1, -2, 1, 1, 1, 1, 3, 3, 3, 3, 1, 1, 3 ], [ 3, 1, 1, 3, 1, -2, 1, 1, 1, 3, 3, 1, 3, 1, 1, 3 ], 
          [ 1, 1, 1, 3, 1, 1, -2, 1, 1, 3, 1, 1, 3, 1, 1, 3 ], [ 3, 3, 1, 1, 1, 1, 1, -2, 1, 3, 3, 3, 3, 3, 1, 3 ], 
          [ 3, 1, 1, 1, 1, 1, 1, 1, -2, 1, 3, 3, 3, 1, 1, 3 ], [ 3, 3, 3, 3, 3, 3, 3, 3, 1, -2, 1, 3, 1, 1, 3, 1 ], 
          [ 1, 1, 3, 3, 3, 3, 1, 3, 3, 1, -2, 1, 1, 1, 3, 1 ], [ 1, 1, 1, 3, 3, 1, 1, 3, 3, 3, 1, -2, 1, 1, 3, 1 ], 
          [ 3, 3, 3, 3, 3, 3, 3, 3, 3, 1, 1, 1, -2, 3, 3, 1 ], [ 1, 1, 3, 3, 1, 1, 1, 3, 1, 1, 1, 1, 3, -2, 3, 3 ], 
          [ 3, 1, 1, 1, 1, 1, 1, 1, 1, 3, 3, 3, 3, 3, -2, 3 ], [ 1, 1, 1, 1, 3, 3, 3, 3, 3, 1, 1, 1, 1, 3, 3, -2 ] ] ], 
  [ 677, [ [ -2, 1, 3, 1, 1, 3, 1, 3, 3, 3, 1, 1, 3, 1, 3, 1, 1 ], [ 1, -2, 1, 1, 1, 1, 1, 3, 1, 3, 1, 1, 3, 1, 1, 1, 1 ], 
          [ 3, 1, -2, 1, 3, 1, 1, 1, 1, 3, 3, 1, 3, 3, 1, 1, 3 ], [ 1, 1, 1, -2, 1, 3, 3, 1, 1, 3, 3, 3, 3, 3, 1, 1, 3 ], 
          [ 1, 1, 3, 1, -2, 1, 1, 1, 1, 3, 3, 3, 3, 1, 1, 3, 1 ], [ 3, 1, 1, 3, 1, -2, 1, 1, 1, 3, 3, 1, 3, 1, 1, 3, 1 ], 
          [ 1, 1, 1, 3, 1, 1, -2, 1, 1, 3, 1, 1, 3, 1, 1, 3, 1 ], [ 3, 3, 1, 1, 1, 1, 1, -2, 1, 3, 3, 3, 3, 3, 1, 3, 3 ], 
          [ 3, 1, 1, 1, 1, 1, 1, 1, -2, 1, 3, 3, 3, 1, 1, 3, 3 ], [ 3, 3, 3, 3, 3, 3, 3, 3, 1, -2, 1, 3, 1, 1, 3, 1, 3 ], 
          [ 1, 1, 3, 3, 3, 3, 1, 3, 3, 1, -2, 1, 1, 1, 3, 1, 1 ], [ 1, 1, 1, 3, 3, 1, 1, 3, 3, 3, 1, -2, 1, 1, 3, 1, 1 ], 
          [ 3, 3, 3, 3, 3, 3, 3, 3, 3, 1, 1, 1, -2, 3, 3, 1, 3 ], [ 1, 1, 3, 3, 1, 1, 1, 3, 1, 1, 1, 1, 3, -2, 3, 3, 1 ], 
          [ 3, 1, 1, 1, 1, 1, 1, 1, 1, 3, 3, 3, 3, 3, -2, 3, 1 ], [ 1, 1, 1, 1, 3, 3, 3, 3, 3, 1, 1, 1, 1, 3, 3, -2, 3 ], 
          [ 1, 1, 3, 3, 1, 1, 1, 3, 3, 3, 1, 1, 3, 1, 1, 3, -2 ] ] ], [ 454, [ [ -2, 1, 3, 1, 1, 3, 1, 3, 3, 3, 1, 3, 1, 1, 3, 3 ], 
          [ 1, -2, 1, 1, 1, 1, 1, 3, 1, 3, 3, 3, 3, 1, 3, 3 ], [ 3, 1, -2, 1, 3, 1, 1, 1, 1, 1, 3, 1, 3, 3, 3, 1 ], 
          [ 1, 1, 1, -2, 1, 3, 3, 1, 3, 1, 3, 1, 3, 3, 3, 1 ], [ 1, 1, 3, 1, -2, 1, 1, 1, 3, 3, 1, 3, 1, 1, 3, 3 ], 
          [ 3, 1, 1, 3, 1, -2, 1, 1, 1, 3, 3, 3, 1, 1, 3, 3 ], [ 1, 1, 1, 3, 1, 1, -2, 1, 1, 3, 1, 3, 1, 1, 3, 3 ], 
          [ 3, 3, 1, 1, 1, 1, 1, -2, 1, 1, 3, 1, 1, 3, 3, 1 ], [ 3, 1, 1, 3, 3, 1, 1, 1, -2, 1, 3, 1, 3, 1, 3, 3 ], 
          [ 3, 3, 1, 1, 3, 3, 3, 1, 1, -2, 3, 1, 3, 3, 3, 1 ], [ 1, 3, 3, 3, 1, 3, 1, 3, 3, 3, -2, 3, 1, 1, 3, 3 ], 
          [ 3, 3, 1, 1, 3, 3, 3, 1, 1, 1, 3, -2, 3, 3, 1, 1 ], [ 1, 3, 3, 3, 1, 1, 1, 1, 3, 3, 1, 3, -2, 3, 3, 3 ], 
          [ 1, 1, 3, 3, 1, 1, 1, 3, 1, 3, 1, 3, 3, -2, 3, 3 ], [ 3, 3, 3, 3, 3, 3, 3, 3, 3, 3, 3, 1, 3, 3, -2, 1 ], 
          [ 3, 3, 1, 1, 3, 3, 3, 1, 3, 1, 3, 1, 3, 3, 1, -2 ] ] ], [ 505, [ [ -2, 1, 3, 1, 1, 3, 1, 3, 1, 3, 3, 3, 3, 3, 1, 1 ], 
          [ 1, -2, 1, 1, 1, 1, 1, 3, 1, 3, 3, 1, 3, 3, 3, 1 ], [ 3, 1, -2, 1, 3, 1, 1, 1, 3, 3, 1, 1, 3, 1, 3, 1 ], 
          [ 1, 1, 1, -2, 1, 3, 3, 1, 1, 1, 1, 1, 3, 3, 1, 3 ], [ 1, 1, 3, 1, -2, 1, 1, 1, 1, 1, 1, 1, 3, 3, 1, 3 ], 
          [ 3, 1, 1, 3, 1, -2, 1, 1, 3, 3, 1, 1, 3, 1, 3, 1 ], [ 1, 1, 1, 3, 1, 1, -2, 1, 1, 3, 3, 3, 3, 1, 3, 1 ], 
          [ 3, 3, 1, 1, 1, 1, 1, -2, 1, 1, 1, 1, 3, 1, 1, 3 ], [ 1, 1, 3, 1, 1, 3, 1, 1, -2, 1, 3, 3, 3, 3, 1, 3 ], 
          [ 3, 3, 3, 1, 1, 3, 3, 1, 1, -2, 1, 3, 1, 1, 1, 3 ], [ 3, 3, 1, 1, 1, 1, 3, 1, 3, 1, -2, 1, 3, 1, 1, 3 ], 
          [ 3, 1, 1, 1, 1, 1, 3, 1, 3, 3, 1, -2, 3, 3, 1, 3 ], [ 3, 3, 3, 3, 3, 3, 3, 3, 3, 1, 3, 3, -2, 1, 3, 1 ], 
          [ 3, 3, 1, 3, 3, 1, 1, 1, 3, 1, 1, 3, 1, -2, 3, 1 ], [ 1, 3, 3, 1, 1, 3, 3, 1, 1, 1, 1, 1, 3, 3, -2, 3 ], 
          [ 1, 1, 1, 3, 3, 1, 1, 3, 3, 3, 3, 3, 1, 1, 3, -2 ] ] ], [ 522, [ [ -2, 1, 3, 1, 1, 3, 1, 3, 3, 1, 3, 3, 3, 1, 3, 3, 3 ], 
          [ 1, -2, 1, 1, 1, 1, 1, 3, 1, 3, 3, 3, 3, 1, 1, 3, 3 ], [ 3, 1, -2, 1, 3, 1, 1, 1, 1, 3, 1, 1, 1, 1, 1, 3, 3 ], 
          [ 1, 1, 1, -2, 1, 3, 3, 1, 1, 3, 1, 3, 1, 1, 3, 3, 3 ], [ 1, 1, 3, 1, -2, 1, 1, 1, 1, 1, 3, 3, 3, 1, 3, 3, 3 ], 
          [ 3, 1, 1, 3, 1, -2, 1, 1, 1, 1, 3, 1, 3, 1, 1, 1, 3 ], [ 1, 1, 1, 3, 1, 1, -2, 1, 1, 1, 3, 1, 3, 1, 1, 3, 3 ], 
          [ 3, 3, 1, 1, 1, 1, 1, -2, 1, 1, 1, 1, 1, 1, 3, 1, 3 ], [ 3, 1, 1, 1, 1, 1, 1, 1, -2, 3, 1, 1, 3, 1, 1, 3, 3 ], 
          [ 1, 3, 3, 3, 1, 1, 1, 1, 3, -2, 3, 1, 3, 1, 3, 1, 3 ], [ 3, 3, 1, 1, 3, 3, 3, 1, 1, 3, -2, 1, 1, 3, 3, 1, 1 ], 
          [ 3, 3, 1, 3, 3, 1, 1, 1, 1, 1, 1, -2, 1, 3, 3, 1, 3 ], [ 3, 3, 1, 1, 3, 3, 3, 1, 3, 3, 1, 1, -2, 3, 3, 1, 1 ], 
          [ 1, 1, 1, 1, 1, 1, 1, 1, 1, 1, 3, 3, 3, -2, 1, 3, 3 ], [ 3, 1, 1, 3, 3, 1, 1, 3, 1, 3, 3, 3, 3, 1, -2, 3, 1 ], 
          [ 3, 3, 3, 3, 3, 1, 3, 1, 3, 1, 1, 1, 1, 3, 3, -2, 1 ], [ 3, 3, 3, 3, 3, 3, 3, 3, 3, 3, 1, 3, 1, 3, 1, 1, -2 ] ] ], 
  [ 539, [ [ -2, 1, 3, 1, 1, 3, 1, 3, 3, 1, 3, 3, 3, 1, 3, 1, 3 ], [ 1, -2, 1, 1, 1, 1, 1, 3, 1, 3, 3, 3, 3, 3, 3, 1, 3 ], 
          [ 3, 1, -2, 1, 3, 1, 1, 1, 1, 3, 3, 3, 3, 3, 1, 1, 1 ], [ 1, 1, 1, -2, 1, 3, 3, 1, 1, 3, 3, 3, 1, 3, 1, 1, 3 ], 
          [ 1, 1, 3, 1, -2, 1, 1, 1, 1, 1, 3, 3, 1, 1, 3, 1, 3 ], [ 3, 1, 1, 3, 1, -2, 1, 1, 1, 1, 3, 3, 3, 3, 1, 1, 1 ], 
          [ 1, 1, 1, 3, 1, 1, -2, 1, 1, 1, 3, 3, 3, 1, 3, 1, 1 ], [ 3, 3, 1, 1, 1, 1, 1, -2, 1, 1, 3, 3, 1, 3, 1, 1, 1 ], 
          [ 3, 1, 1, 1, 1, 1, 1, 1, -2, 3, 3, 3, 1, 3, 1, 1, 1 ], [ 1, 3, 3, 3, 1, 1, 1, 1, 3, -2, 3, 3, 3, 1, 3, 3, 1 ], 
          [ 3, 3, 3, 3, 3, 3, 3, 3, 3, 3, -2, 1, 1, 1, 1, 3, 3 ], [ 3, 3, 3, 3, 3, 3, 3, 3, 3, 3, 1, -2, 1, 1, 3, 3, 3 ], 
          [ 3, 3, 3, 1, 1, 3, 3, 1, 1, 3, 1, 1, -2, 1, 1, 3, 3 ], [ 1, 3, 3, 3, 1, 3, 1, 3, 3, 1, 1, 1, 1, -2, 3, 3, 3 ], 
          [ 3, 3, 1, 1, 3, 1, 3, 1, 1, 3, 1, 3, 1, 3, -2, 1, 1 ], [ 1, 1, 1, 1, 1, 1, 1, 1, 1, 3, 3, 3, 3, 3, 1, -2, 1 ], 
          [ 3, 3, 1, 3, 3, 1, 1, 1, 1, 1, 3, 3, 3, 3, 1, 1, -2 ] ] ], 
  [ 488, [ [ -2, 1, 3, 1, 1, 3, 1, 3, 3, 1, 3, 1, 1, 1, 1, 3, 3 ], [ 1, -2, 1, 1, 1, 1, 1, 3, 1, 3, 3, 1, 1, 1, 1, 3, 3 ], 
          [ 3, 1, -2, 1, 3, 1, 1, 1, 1, 3, 3, 1, 3, 3, 1, 1, 1 ], [ 1, 1, 1, -2, 1, 3, 3, 1, 1, 3, 3, 1, 1, 3, 1, 3, 3 ], 
          [ 1, 1, 3, 1, -2, 1, 1, 1, 1, 1, 3, 1, 1, 1, 3, 1, 3 ], [ 3, 1, 1, 3, 1, -2, 1, 1, 1, 1, 3, 1, 3, 1, 3, 1, 1 ], 
          [ 1, 1, 1, 3, 1, 1, -2, 1, 1, 1, 3, 1, 3, 1, 3, 1, 1 ], [ 3, 3, 1, 1, 1, 1, 1, -2, 1, 1, 3, 1, 3, 3, 3, 1, 1 ], 
          [ 3, 1, 1, 1, 1, 1, 1, 1, -2, 3, 1, 1, 3, 3, 3, 1, 3 ], [ 1, 3, 3, 3, 1, 1, 1, 1, 3, -2, 3, 1, 1, 1, 3, 1, 1 ], 
          [ 3, 3, 3, 3, 3, 3, 3, 3, 1, 3, -2, 3, 3, 3, 3, 1, 3 ], [ 1, 1, 1, 1, 1, 1, 1, 1, 1, 1, 3, -2, 1, 1, 1, 1, 3 ], 
          [ 1, 1, 3, 1, 1, 3, 3, 3, 3, 1, 3, 1, -2, 1, 1, 3, 3 ], [ 1, 1, 3, 3, 1, 1, 1, 3, 3, 1, 3, 1, 1, -2, 3, 3, 3 ], 
          [ 1, 1, 1, 1, 3, 3, 3, 3, 3, 3, 3, 1, 1, 3, -2, 3, 3 ], [ 3, 3, 1, 3, 1, 1, 1, 1, 1, 1, 1, 1, 3, 3, 3, -2, 1 ], 
          [ 3, 3, 1, 3, 3, 1, 1, 1, 3, 1, 3, 3, 3, 3, 3, 1, -2 ] ] ], [ 417, [ [ -2, 1, 3, 1, 1, 3, 1, 3, 3, 1, 1, 1, 3, 1, 3, 1, 3 ], 
          [ 1, -2, 1, 1, 1, 1, 1, 3, 1, 3, 1, 1, 3, 3, 3, 1, 3 ], [ 3, 1, -2, 1, 3, 1, 1, 1, 1, 3, 3, 3, 1, 3, 1, 1, 3 ], 
          [ 1, 1, 1, -2, 1, 3, 3, 1, 1, 3, 3, 1, 1, 1, 1, 1, 3 ], [ 1, 1, 3, 1, -2, 1, 1, 1, 1, 1, 1, 1, 3, 1, 3, 1, 3 ], 
          [ 3, 1, 1, 3, 1, -2, 1, 1, 1, 1, 1, 3, 3, 3, 3, 1, 3 ], [ 1, 1, 1, 3, 1, 1, -2, 1, 1, 1, 1, 3, 3, 3, 3, 1, 3 ], 
          [ 3, 3, 1, 1, 1, 1, 1, -2, 1, 1, 3, 3, 1, 1, 1, 1, 3 ], [ 3, 1, 1, 1, 1, 1, 1, 1, -2, 3, 3, 3, 3, 3, 3, 3, 3 ], 
          [ 1, 3, 3, 3, 1, 1, 1, 1, 3, -2, 1, 1, 3, 1, 3, 1, 3 ], [ 1, 1, 3, 3, 1, 1, 1, 3, 3, 1, -2, 1, 3, 3, 3, 1, 3 ], 
          [ 1, 1, 3, 1, 1, 3, 3, 3, 3, 1, 1, -2, 1, 1, 3, 1, 3 ], [ 3, 3, 1, 1, 3, 3, 3, 1, 3, 3, 3, 1, -2, 1, 1, 1, 1 ], 
          [ 1, 3, 3, 1, 1, 3, 3, 1, 3, 1, 3, 1, 1, -2, 1, 1, 1 ], [ 3, 3, 1, 1, 3, 3, 3, 1, 3, 3, 3, 3, 1, 1, -2, 1, 1 ], 
          [ 1, 1, 1, 1, 1, 1, 1, 1, 3, 1, 1, 1, 1, 1, 1, -2, 3 ], [ 3, 3, 3, 3, 3, 3, 3, 3, 3, 3, 3, 3, 1, 1, 1, 3, -2 ] ] ], 
  [ 425, [ [ -2, 1, 3, 1, 1, 3, 1, 3, 3, 3, 1, 1, 3, 1, 1 ], [ 1, -2, 1, 1, 1, 1, 1, 3, 3, 1, 3, 1, 1, 3, 3 ], 
          [ 3, 1, -2, 1, 3, 1, 1, 3, 3, 1, 3, 1, 1, 3, 3 ], [ 1, 1, 1, -2, 1, 3, 3, 3, 3, 1, 1, 1, 1, 3, 1 ], 
          [ 1, 1, 3, 1, -2, 1, 1, 3, 1, 1, 1, 1, 3, 3, 1 ], [ 3, 1, 1, 3, 1, -2, 1, 3, 1, 1, 1, 3, 3, 3, 3 ], 
          [ 1, 1, 1, 3, 1, 1, -2, 3, 1, 3, 3, 1, 3, 3, 3 ], [ 3, 3, 3, 3, 3, 3, 3, -2, 1, 3, 3, 3, 1, 1, 3 ], 
          [ 3, 3, 3, 3, 1, 1, 1, 1, -2, 1, 1, 3, 3, 3, 3 ], [ 3, 1, 1, 1, 1, 1, 3, 3, 1, -2, 1, 1, 1, 3, 3 ], 
          [ 1, 3, 3, 1, 1, 1, 3, 3, 1, 1, -2, 3, 3, 1, 1 ], [ 1, 1, 1, 1, 1, 3, 1, 3, 3, 1, 3, -2, 1, 3, 3 ], 
          [ 3, 1, 1, 1, 3, 3, 3, 1, 3, 1, 3, 1, -2, 1, 3 ], [ 1, 3, 3, 3, 3, 3, 3, 1, 3, 3, 1, 3, 1, -2, 1 ], 
          [ 1, 3, 3, 1, 1, 3, 3, 3, 3, 3, 1, 3, 3, 1, -2 ] ] ], [ 401, [ [ -2, 1, 3, 1, 1, 3, 1, 3, 3, 3, 1, 3, 1, 1, 1, 3 ], 
          [ 1, -2, 1, 1, 1, 1, 1, 3, 3, 1, 1, 1, 3, 1, 1, 3 ], [ 3, 1, -2, 1, 3, 1, 1, 3, 3, 1, 1, 1, 3, 1, 1, 1 ], 
          [ 1, 1, 1, -2, 1, 3, 3, 3, 3, 1, 1, 1, 3, 1, 1, 1 ], [ 1, 1, 3, 1, -2, 1, 1, 3, 1, 1, 3, 1, 1, 1, 3, 3 ], 
          [ 3, 1, 1, 3, 1, -2, 1, 3, 1, 1, 3, 1, 3, 1, 3, 3 ], [ 1, 1, 1, 3, 1, 1, -2, 3, 1, 3, 1, 3, 1, 1, 1, 3 ], 
          [ 3, 3, 3, 3, 3, 3, 3, -2, 1, 3, 3, 1, 1, 3, 3, 1 ], [ 3, 3, 3, 3, 1, 1, 1, 1, -2, 1, 3, 3, 1, 1, 3, 3 ], 
          [ 3, 1, 1, 1, 1, 1, 3, 3, 1, -2, 3, 1, 3, 1, 3, 3 ], [ 1, 1, 1, 1, 3, 3, 1, 3, 3, 3, -2, 3, 3, 3, 1, 1 ], 
          [ 3, 1, 1, 1, 1, 1, 3, 1, 3, 1, 3, -2, 3, 3, 3, 1 ], [ 1, 3, 3, 3, 1, 3, 1, 1, 1, 3, 3, 3, -2, 1, 3, 3 ], 
          [ 1, 1, 1, 1, 1, 1, 1, 3, 1, 1, 3, 3, 1, -2, 1, 3 ], [ 1, 1, 1, 1, 3, 3, 1, 3, 3, 3, 1, 3, 3, 1, -2, 1 ], 
          [ 3, 3, 1, 1, 3, 3, 3, 1, 3, 3, 1, 1, 3, 3, 1, -2 ] ] ], [ 585, [ [ -2, 1, 3, 1, 1, 3, 1, 3, 3, 3, 1, 3, 1, 1, 1, 3, 3 ], 
          [ 1, -2, 1, 1, 1, 1, 1, 3, 3, 1, 1, 1, 3, 1, 1, 3, 1 ], [ 3, 1, -2, 1, 3, 1, 1, 3, 3, 1, 1, 1, 3, 1, 1, 1, 1 ], 
          [ 1, 1, 1, -2, 1, 3, 3, 3, 3, 1, 1, 1, 3, 1, 1, 1, 3 ], [ 1, 1, 3, 1, -2, 1, 1, 3, 1, 1, 3, 1, 1, 1, 3, 3, 1 ], 
          [ 3, 1, 1, 3, 1, -2, 1, 3, 1, 1, 3, 1, 3, 1, 3, 3, 1 ], [ 1, 1, 1, 3, 1, 1, -2, 3, 1, 3, 1, 3, 1, 1, 1, 3, 1 ], 
          [ 3, 3, 3, 3, 3, 3, 3, -2, 1, 3, 3, 1, 1, 3, 3, 1, 1 ], [ 3, 3, 3, 3, 1, 1, 1, 1, -2, 1, 3, 3, 1, 1, 3, 3, 1 ], 
          [ 3, 1, 1, 1, 1, 1, 3, 3, 1, -2, 3, 1, 3, 1, 3, 3, 1 ], [ 1, 1, 1, 1, 3, 3, 1, 3, 3, 3, -2, 3, 3, 3, 1, 1, 3 ], 
          [ 3, 1, 1, 1, 1, 1, 3, 1, 3, 1, 3, -2, 3, 3, 3, 1, 1 ], [ 1, 3, 3, 3, 1, 3, 1, 1, 1, 3, 3, 3, -2, 1, 3, 3, 1 ], 
          [ 1, 1, 1, 1, 1, 1, 1, 3, 1, 1, 3, 3, 1, -2, 1, 3, 1 ], [ 1, 1, 1, 1, 3, 3, 1, 3, 3, 3, 1, 3, 3, 1, -2, 1, 3 ], 
          [ 3, 3, 1, 1, 3, 3, 3, 1, 3, 3, 1, 1, 3, 3, 1, -2, 3 ], [ 3, 1, 1, 3, 1, 1, 1, 1, 1, 1, 3, 1, 1, 1, 3, 3, -2 ] ] ], 
  [ 439, [ [ -2, 1, 3, 1, 1, 3, 1, 3, 3, 3, 1, 3, 3, 3, 3, 3 ], [ 1, -2, 1, 1, 1, 1, 1, 3, 3, 3, 1, 3, 3, 3, 3, 3 ], 
          [ 3, 1, -2, 1, 3, 1, 1, 3, 3, 3, 1, 3, 1, 1, 3, 1 ], [ 1, 1, 1, -2, 1, 3, 3, 3, 3, 1, 1, 3, 3, 3, 3, 3 ], 
          [ 1, 1, 3, 1, -2, 1, 1, 3, 1, 1, 3, 3, 3, 3, 3, 3 ], [ 3, 1, 1, 3, 1, -2, 1, 3, 1, 1, 3, 3, 1, 1, 3, 1 ], 
          [ 1, 1, 1, 3, 1, 1, -2, 3, 1, 3, 3, 3, 1, 1, 3, 1 ], [ 3, 3, 3, 3, 3, 3, 3, -2, 1, 3, 3, 1, 1, 3, 1, 3 ], 
          [ 3, 3, 3, 3, 1, 1, 1, 1, -2, 1, 3, 1, 1, 1, 3, 1 ], [ 3, 3, 3, 1, 1, 1, 3, 3, 1, -2, 3, 1, 3, 1, 3, 1 ], 
          [ 1, 1, 1, 1, 3, 3, 3, 3, 3, 3, -2, 1, 3, 3, 3, 1 ], [ 3, 3, 3, 3, 3, 3, 3, 1, 1, 1, 1, -2, 3, 1, 3, 1 ], 
          [ 3, 3, 1, 3, 3, 1, 1, 1, 1, 3, 3, 3, -2, 1, 1, 1 ], [ 3, 3, 1, 3, 3, 1, 1, 3, 1, 1, 3, 1, 1, -2, 3, 1 ], 
          [ 3, 3, 3, 3, 3, 3, 3, 1, 3, 3, 3, 3, 1, 3, -2, 3 ], [ 3, 3, 1, 3, 3, 1, 1, 3, 1, 1, 1, 1, 1, 1, 3, -2 ] ] ], 
  [ 617, [ [ -2, 1, 3, 1, 1, 3, 1, 3, 3, 3, 1, 1, 1, 3, 3, 1 ], [ 1, -2, 1, 1, 1, 1, 1, 3, 3, 3, 1, 1, 1, 1, 1, 1 ], 
          [ 3, 1, -2, 1, 3, 1, 1, 3, 3, 3, 1, 1, 1, 3, 1, 1 ], [ 1, 1, 1, -2, 1, 3, 3, 3, 3, 1, 1, 1, 1, 3, 1, 1 ], 
          [ 1, 1, 3, 1, -2, 1, 1, 3, 1, 1, 3, 1, 3, 1, 3, 1 ], [ 3, 1, 1, 3, 1, -2, 1, 3, 1, 1, 3, 1, 3, 1, 1, 3 ], 
          [ 1, 1, 1, 3, 1, 1, -2, 3, 1, 3, 3, 1, 1, 1, 3, 1 ], [ 3, 3, 3, 3, 3, 3, 3, -2, 1, 3, 3, 3, 3, 3, 3, 3 ], 
          [ 3, 3, 3, 3, 1, 1, 1, 1, -2, 1, 3, 3, 3, 1, 3, 3 ], [ 3, 3, 3, 1, 1, 1, 3, 3, 1, -2, 3, 1, 3, 1, 1, 3 ], 
          [ 1, 1, 1, 1, 3, 3, 3, 3, 3, 3, -2, 3, 1, 3, 1, 1 ], [ 1, 1, 1, 1, 1, 1, 1, 3, 3, 1, 3, -2, 3, 3, 3, 1 ], 
          [ 1, 1, 1, 1, 3, 3, 1, 3, 3, 3, 1, 3, -2, 1, 1, 1 ], [ 3, 1, 3, 3, 1, 1, 1, 3, 1, 1, 3, 3, 1, -2, 1, 3 ], 
          [ 3, 1, 1, 1, 3, 1, 3, 3, 3, 1, 1, 3, 1, 1, -2, 3 ], [ 1, 1, 1, 1, 1, 3, 1, 3, 3, 3, 1, 1, 1, 3, 3, -2 ] ] ], 
  [ 415, [ [ -2, 1, 3, 1, 1, 3, 1, 3, 3, 3, 1, 3, 1, 3, 1, 1 ], [ 1, -2, 1, 1, 1, 1, 1, 3, 3, 1, 1, 3, 1, 1, 3, 1 ], 
          [ 3, 1, -2, 1, 3, 1, 1, 3, 3, 1, 3, 1, 3, 1, 3, 3 ], [ 1, 1, 1, -2, 1, 3, 3, 3, 3, 3, 3, 3, 3, 1, 3, 1 ], 
          [ 1, 1, 3, 1, -2, 1, 1, 3, 1, 3, 1, 3, 1, 1, 3, 1 ], [ 3, 1, 1, 3, 1, -2, 1, 3, 1, 1, 1, 1, 1, 1, 3, 3 ], 
          [ 1, 1, 1, 3, 1, 1, -2, 3, 1, 1, 1, 1, 1, 1, 3, 3 ], [ 3, 3, 3, 3, 3, 3, 3, -2, 1, 1, 3, 1, 3, 3, 3, 3 ], 
          [ 3, 3, 3, 3, 1, 1, 1, 1, -2, 1, 1, 1, 3, 1, 3, 3 ], [ 3, 1, 1, 3, 3, 1, 1, 1, 1, -2, 3, 1, 3, 1, 3, 3 ], 
          [ 1, 1, 3, 3, 1, 1, 1, 3, 1, 3, -2, 3, 1, 1, 1, 1 ], [ 3, 3, 1, 3, 3, 1, 1, 1, 1, 1, 3, -2, 1, 3, 3, 3 ], 
          [ 1, 1, 3, 3, 1, 1, 1, 3, 3, 3, 1, 1, -2, 3, 1, 1 ], [ 3, 1, 1, 1, 1, 1, 1, 3, 1, 1, 1, 3, 3, -2, 3, 3 ], 
          [ 1, 3, 3, 3, 3, 3, 3, 3, 3, 3, 1, 3, 1, 3, -2, 1 ], [ 1, 1, 3, 1, 1, 3, 3, 3, 3, 3, 1, 3, 1, 3, 1, -2 ] ] ], 
  [ 540, [ [ -2, 1, 3, 1, 1, 3, 1, 3, 3, 3, 3, 1, 1, 3, 3, 3, 3 ], [ 1, -2, 1, 1, 1, 1, 1, 3, 3, 1, 3, 1, 3, 1, 1, 3, 3 ], 
          [ 3, 1, -2, 1, 3, 1, 1, 3, 3, 1, 3, 3, 3, 1, 1, 1, 1 ], [ 1, 1, 1, -2, 1, 3, 3, 3, 3, 3, 1, 3, 3, 1, 1, 3, 1 ], 
          [ 1, 1, 3, 1, -2, 1, 1, 3, 1, 3, 1, 1, 3, 1, 3, 3, 3 ], [ 3, 1, 1, 3, 1, -2, 1, 3, 1, 1, 3, 1, 3, 1, 3, 1, 1 ], 
          [ 1, 1, 1, 3, 1, 1, -2, 3, 1, 1, 3, 1, 3, 1, 3, 1, 3 ], [ 3, 3, 3, 3, 3, 3, 3, -2, 1, 1, 1, 3, 1, 1, 1, 1, 1 ], 
          [ 3, 3, 3, 3, 1, 1, 1, 1, -2, 1, 1, 1, 3, 1, 3, 1, 1 ], [ 3, 1, 1, 3, 3, 1, 1, 1, 1, -2, 1, 1, 3, 1, 1, 1, 1 ], 
          [ 3, 3, 3, 1, 1, 3, 3, 1, 1, 1, -2, 3, 3, 1, 1, 3, 1 ], [ 1, 1, 3, 3, 1, 1, 1, 3, 1, 1, 3, -2, 3, 3, 3, 1, 3 ], 
          [ 1, 3, 3, 3, 3, 3, 3, 1, 3, 3, 3, 3, -2, 3, 3, 3, 3 ], [ 3, 1, 1, 1, 1, 1, 1, 1, 1, 1, 1, 3, 3, -2, 1, 1, 1 ], 
          [ 3, 1, 1, 1, 3, 3, 3, 1, 3, 1, 1, 3, 3, 1, -2, 3, 1 ], [ 3, 3, 1, 3, 3, 1, 1, 1, 1, 1, 3, 1, 3, 1, 3, -2, 1 ], 
          [ 3, 3, 1, 1, 3, 1, 3, 1, 1, 1, 1, 3, 3, 1, 1, 1, -2 ] ] ], 
  [ 419, [ [ -2, 1, 3, 1, 1, 3, 1, 3, 3, 3, 3, 1, 1, 3, 1, 1, 3 ], [ 1, -2, 1, 1, 1, 1, 1, 3, 3, 1, 1, 1, 3, 3, 3, 1, 3 ], 
          [ 3, 1, -2, 1, 3, 1, 1, 3, 3, 1, 1, 1, 3, 3, 3, 1, 1 ], [ 1, 1, 1, -2, 1, 3, 3, 3, 3, 3, 1, 1, 3, 3, 1, 1, 1 ], 
          [ 1, 1, 3, 1, -2, 1, 1, 3, 1, 3, 3, 1, 1, 3, 1, 1, 3 ], [ 3, 1, 1, 3, 1, -2, 1, 3, 1, 1, 3, 3, 1, 1, 3, 1, 3 ], 
          [ 1, 1, 1, 3, 1, 1, -2, 3, 1, 1, 3, 1, 1, 3, 3, 1, 3 ], [ 3, 3, 3, 3, 3, 3, 3, -2, 1, 1, 1, 3, 3, 1, 3, 3, 1 ], 
          [ 3, 3, 3, 3, 1, 1, 1, 1, -2, 1, 3, 3, 1, 1, 3, 1, 3 ], [ 3, 1, 1, 3, 3, 1, 1, 1, 1, -2, 1, 3, 3, 1, 3, 1, 3 ], 
          [ 3, 1, 1, 1, 3, 3, 3, 1, 3, 1, -2, 3, 3, 3, 3, 3, 1 ], [ 1, 1, 1, 1, 1, 3, 1, 3, 3, 3, 3, -2, 3, 3, 1, 1, 3 ], 
          [ 1, 3, 3, 3, 1, 1, 1, 3, 1, 3, 3, 3, -2, 1, 1, 1, 3 ], [ 3, 3, 3, 3, 3, 1, 3, 1, 1, 1, 3, 3, 1, -2, 1, 1, 3 ], 
          [ 1, 3, 3, 1, 1, 3, 3, 3, 3, 3, 3, 1, 1, 1, -2, 1, 3 ], [ 1, 1, 1, 1, 1, 1, 1, 3, 1, 1, 3, 1, 1, 1, 1, -2, 3 ], 
          [ 3, 3, 1, 1, 3, 3, 3, 1, 3, 3, 1, 3, 3, 3, 3, 3, -2 ] ] ], [ 534, [ [ -2, 1, 3, 1, 1, 3, 1, 3, 3, 1, 1, 3, 1, 1, 3, 3 ], 
          [ 1, -2, 1, 1, 1, 1, 1, 3, 3, 1, 1, 3, 1, 1, 1, 3 ], [ 3, 1, -2, 1, 3, 1, 1, 3, 3, 1, 1, 1, 3, 3, 1, 1 ], 
          [ 1, 1, 1, -2, 1, 3, 3, 3, 3, 3, 1, 1, 3, 1, 3, 3 ], [ 1, 1, 3, 1, -2, 1, 1, 3, 1, 3, 1, 1, 1, 3, 3, 3 ], 
          [ 3, 1, 1, 3, 1, -2, 1, 3, 1, 1, 1, 1, 3, 3, 1, 1 ], [ 1, 1, 1, 3, 1, 1, -2, 3, 1, 1, 1, 3, 1, 3, 1, 3 ], 
          [ 3, 3, 3, 3, 3, 3, 3, -2, 1, 3, 3, 3, 1, 3, 3, 3 ], [ 3, 3, 3, 3, 1, 1, 1, 1, -2, 3, 1, 1, 1, 3, 3, 3 ], 
          [ 1, 1, 1, 3, 3, 1, 1, 3, 3, -2, 3, 3, 3, 1, 1, 1 ], [ 1, 1, 1, 1, 1, 1, 1, 3, 1, 3, -2, 1, 1, 3, 3, 3 ], 
          [ 3, 3, 1, 1, 1, 1, 3, 3, 1, 3, 1, -2, 3, 3, 3, 1 ], [ 1, 1, 3, 3, 1, 3, 1, 1, 1, 3, 1, 3, -2, 3, 3, 3 ], 
          [ 1, 1, 3, 1, 3, 3, 3, 3, 3, 1, 3, 3, 3, -2, 1, 3 ], [ 3, 1, 1, 3, 3, 1, 1, 3, 3, 1, 3, 3, 3, 1, -2, 1 ], 
          [ 3, 3, 1, 3, 3, 1, 3, 3, 3, 1, 3, 1, 3, 3, 1, -2 ] ] ], [ 431, [ [ -2, 1, 3, 1, 1, 3, 1, 3, 3, 1, 1, 3, 3, 1, 3, 3 ], 
          [ 1, -2, 1, 1, 1, 1, 1, 3, 3, 3, 1, 3, 3, 1, 3, 1 ], [ 3, 1, -2, 1, 3, 1, 1, 3, 3, 3, 3, 1, 1, 1, 1, 1 ], 
          [ 1, 1, 1, -2, 1, 3, 3, 3, 3, 3, 3, 1, 3, 1, 3, 3 ], [ 1, 1, 3, 1, -2, 1, 1, 3, 1, 1, 1, 3, 3, 1, 3, 3 ], 
          [ 3, 1, 1, 3, 1, -2, 1, 3, 1, 3, 1, 1, 1, 1, 1, 1 ], [ 1, 1, 1, 3, 1, 1, -2, 3, 1, 1, 1, 3, 3, 1, 1, 1 ], 
          [ 3, 3, 3, 3, 3, 3, 3, -2, 1, 1, 1, 3, 3, 3, 3, 3 ], [ 3, 3, 3, 3, 1, 1, 1, 1, -2, 1, 1, 1, 3, 1, 1, 1 ], 
          [ 1, 3, 3, 3, 1, 3, 1, 1, 1, -2, 1, 3, 3, 3, 3, 3 ], [ 1, 1, 3, 3, 1, 1, 1, 1, 1, 1, -2, 3, 3, 1, 1, 3 ], 
          [ 3, 3, 1, 1, 3, 1, 3, 3, 1, 3, 3, -2, 1, 1, 1, 1 ], [ 3, 3, 1, 3, 3, 1, 3, 3, 3, 3, 3, 1, -2, 1, 1, 1 ], 
          [ 1, 1, 1, 1, 1, 1, 1, 3, 1, 3, 1, 1, 1, -2, 1, 1 ], [ 3, 3, 1, 3, 3, 1, 1, 3, 1, 3, 1, 1, 1, 1, -2, 1 ], 
          [ 3, 1, 1, 3, 3, 1, 1, 3, 1, 3, 3, 1, 1, 1, 1, -2 ] ] ], [ 409, [ [ -2, 1, 3, 1, 1, 3, 1, 3, 3, 1, 1, 3, 3, 3, 3, 1, 3, 3 ], 
          [ 1, -2, 1, 1, 1, 1, 1, 3, 3, 3, 1, 1, 3, 3, 3, 3, 1, 3 ], [ 3, 1, -2, 1, 3, 1, 1, 3, 3, 3, 3, 1, 1, 3, 1, 3, 1, 3 ], 
          [ 1, 1, 1, -2, 1, 3, 3, 3, 3, 3, 3, 1, 3, 3, 3, 1, 1, 3 ], [ 1, 1, 3, 1, -2, 1, 1, 3, 1, 1, 1, 3, 3, 3, 3, 1, 1, 1 ], 
          [ 3, 1, 1, 3, 1, -2, 1, 3, 1, 3, 1, 3, 1, 3, 1, 3, 1, 1 ], [ 1, 1, 1, 3, 1, 1, -2, 3, 1, 1, 1, 3, 1, 3, 1, 3, 3, 3 ], 
          [ 3, 3, 3, 3, 3, 3, 3, -2, 1, 1, 1, 1, 1, 1, 3, 1, 3, 1 ], [ 3, 3, 3, 3, 1, 1, 1, 1, -2, 1, 1, 3, 1, 3, 1, 1, 3, 1 ], 
          [ 1, 3, 3, 3, 1, 3, 1, 1, 1, -2, 1, 3, 1, 3, 3, 1, 3, 1 ], [ 1, 1, 3, 3, 1, 1, 1, 1, 1, 1, -2, 3, 1, 3, 3, 1, 3, 1 ], 
          [ 3, 1, 1, 1, 3, 3, 3, 1, 3, 3, 3, -2, 3, 1, 3, 3, 1, 3 ], [ 3, 3, 1, 3, 3, 1, 1, 1, 1, 1, 1, 3, -2, 3, 1, 3, 3, 1 ], 
          [ 3, 3, 3, 3, 3, 3, 3, 1, 3, 3, 3, 1, 3, -2, 3, 3, 1, 1 ], [ 3, 3, 1, 3, 3, 1, 1, 3, 1, 3, 3, 3, 1, 3, -2, 3, 3, 3 ], 
          [ 1, 3, 3, 1, 1, 3, 3, 1, 1, 1, 1, 3, 3, 3, 3, -2, 3, 1 ], [ 3, 1, 1, 1, 1, 1, 3, 3, 3, 3, 3, 1, 3, 1, 3, 3, -2, 1 ], 
          [ 3, 3, 3, 3, 1, 1, 3, 1, 1, 1, 1, 3, 1, 1, 3, 1, 1, -2 ] ] ], 
  [ 409, [ [ -2, 1, 3, 1, 1, 3, 1, 3, 3, 1, 1, 3, 3, 3, 3, 1, 1, 1 ], [ 1, -2, 1, 1, 1, 1, 1, 3, 3, 3, 1, 1, 3, 3, 3, 3, 3, 1 ], 
          [ 3, 1, -2, 1, 3, 1, 1, 3, 3, 3, 3, 1, 1, 3, 1, 3, 3, 1 ], [ 1, 1, 1, -2, 1, 3, 3, 3, 3, 3, 3, 1, 3, 3, 3, 1, 3, 1 ], 
          [ 1, 1, 3, 1, -2, 1, 1, 3, 1, 1, 1, 3, 3, 3, 3, 1, 3, 3 ], [ 3, 1, 1, 3, 1, -2, 1, 3, 1, 3, 1, 3, 1, 3, 1, 3, 3, 3 ], 
          [ 1, 1, 1, 3, 1, 1, -2, 3, 1, 1, 1, 3, 1, 3, 1, 3, 1, 1 ], [ 3, 3, 3, 3, 3, 3, 3, -2, 1, 1, 1, 1, 1, 1, 3, 1, 1, 3 ], 
          [ 3, 3, 3, 3, 1, 1, 1, 1, -2, 1, 1, 3, 1, 3, 1, 1, 1, 3 ], [ 1, 3, 3, 3, 1, 3, 1, 1, 1, -2, 1, 3, 1, 3, 3, 1, 1, 3 ], 
          [ 1, 1, 3, 3, 1, 1, 1, 1, 1, 1, -2, 3, 1, 3, 3, 1, 1, 3 ], [ 3, 1, 1, 1, 3, 3, 3, 1, 3, 3, 3, -2, 3, 1, 3, 3, 3, 1 ], 
          [ 3, 3, 1, 3, 3, 1, 1, 1, 1, 1, 1, 3, -2, 3, 1, 3, 1, 3 ], [ 3, 3, 3, 3, 3, 3, 3, 1, 3, 3, 3, 1, 3, -2, 3, 3, 3, 3 ], 
          [ 3, 3, 1, 3, 3, 1, 1, 3, 1, 3, 3, 3, 1, 3, -2, 3, 1, 1 ], [ 1, 3, 3, 1, 1, 3, 3, 1, 1, 1, 1, 3, 3, 3, 3, -2, 1, 3 ], 
          [ 1, 3, 3, 3, 3, 3, 1, 1, 1, 1, 1, 3, 1, 3, 1, 1, -2, 1 ], [ 1, 1, 1, 1, 3, 3, 1, 3, 3, 3, 3, 1, 3, 3, 1, 3, 1, -2 ] ] ], 
  [ 466, [ [ -2, 1, 3, 1, 1, 3, 1, 3, 3, 1, 1, 1, 1, 1, 1, 3 ], [ 1, -2, 1, 1, 1, 1, 1, 3, 3, 3, 1, 3, 1, 1, 1, 1 ], 
          [ 3, 1, -2, 1, 3, 1, 1, 3, 3, 3, 3, 3, 3, 1, 3, 1 ], [ 1, 1, 1, -2, 1, 3, 3, 3, 3, 3, 3, 3, 3, 3, 1, 1 ], 
          [ 1, 1, 3, 1, -2, 1, 1, 3, 1, 1, 3, 3, 1, 3, 1, 3 ], [ 3, 1, 1, 3, 1, -2, 1, 3, 1, 3, 3, 3, 1, 1, 3, 3 ], 
          [ 1, 1, 1, 3, 1, 1, -2, 3, 1, 1, 3, 3, 1, 1, 3, 3 ], [ 3, 3, 3, 3, 3, 3, 3, -2, 1, 1, 1, 1, 3, 1, 3, 3 ], 
          [ 3, 3, 3, 3, 1, 1, 1, 1, -2, 1, 3, 3, 3, 3, 3, 3 ], [ 1, 3, 3, 3, 1, 3, 1, 1, 1, -2, 1, 1, 1, 1, 1, 3 ], 
          [ 1, 1, 3, 3, 3, 3, 3, 1, 3, 1, -2, 1, 1, 1, 1, 1 ], [ 1, 3, 3, 3, 3, 3, 3, 1, 3, 1, 1, -2, 1, 1, 1, 3 ], 
          [ 1, 1, 3, 3, 1, 1, 1, 3, 3, 1, 1, 1, -2, 1, 1, 3 ], [ 1, 1, 1, 3, 3, 1, 1, 1, 3, 1, 1, 1, 1, -2, 3, 3 ], 
          [ 1, 1, 3, 1, 1, 3, 3, 3, 3, 1, 1, 1, 1, 3, -2, 1 ], [ 3, 1, 1, 1, 3, 3, 3, 3, 3, 3, 1, 3, 3, 3, 1, -2 ] ] ], 
  [ 451, [ [ -2, 1, 3, 1, 1, 3, 1, 3, 3, 1, 1, 3, 1, 3, 3 ], [ 1, -2, 1, 1, 1, 1, 1, 3, 3, 3, 1, 1, 3, 3, 3 ], 
          [ 3, 1, -2, 1, 3, 1, 1, 3, 3, 3, 3, 1, 1, 3, 3 ], [ 1, 1, 1, -2, 1, 3, 3, 3, 3, 3, 3, 3, 1, 3, 3 ], 
          [ 1, 1, 3, 1, -2, 1, 1, 3, 1, 1, 3, 3, 1, 3, 3 ], [ 3, 1, 1, 3, 1, -2, 1, 3, 1, 3, 3, 1, 3, 3, 1 ], 
          [ 1, 1, 1, 3, 1, 1, -2, 3, 1, 1, 3, 1, 1, 3, 3 ], [ 3, 3, 3, 3, 3, 3, 3, -2, 1, 1, 1, 3, 3, 1, 1 ], 
          [ 3, 3, 3, 3, 1, 1, 1, 1, -2, 1, 3, 3, 3, 3, 1 ], [ 1, 3, 3, 3, 1, 3, 1, 1, 1, -2, 1, 3, 1, 1, 3 ], 
          [ 1, 1, 3, 3, 3, 3, 3, 1, 3, 1, -2, 3, 3, 1, 3 ], [ 3, 1, 1, 3, 3, 1, 1, 3, 3, 3, 3, -2, 3, 1, 1 ], 
          [ 1, 3, 1, 1, 1, 3, 1, 3, 3, 1, 3, 3, -2, 3, 3 ], [ 3, 3, 3, 3, 3, 3, 3, 1, 3, 1, 1, 1, 3, -2, 3 ], 
          [ 3, 3, 3, 3, 3, 1, 3, 1, 1, 3, 3, 1, 3, 3, -2 ] ] ], [ 862, [ [ -2, 1, 3, 1, 1, 3, 1, 3, 3, 1, 1, 1, 1, 1, 1, 3, 1, 1 ], 
          [ 1, -2, 1, 1, 1, 1, 1, 3, 3, 3, 1, 3, 1, 3, 1, 3, 3, 1 ], [ 3, 1, -2, 1, 3, 1, 1, 3, 3, 3, 3, 3, 3, 3, 3, 3, 3, 1 ], 
          [ 1, 1, 1, -2, 1, 3, 3, 3, 3, 3, 3, 3, 1, 3, 3, 3, 3, 1 ], [ 1, 1, 3, 1, -2, 1, 1, 3, 1, 1, 3, 1, 1, 3, 1, 3, 3, 1 ], 
          [ 3, 1, 1, 3, 1, -2, 1, 3, 1, 3, 3, 1, 3, 3, 1, 1, 3, 1 ], [ 1, 1, 1, 3, 1, 1, -2, 3, 1, 1, 3, 1, 3, 1, 1, 3, 3, 1 ], 
          [ 3, 3, 3, 3, 3, 3, 3, -2, 1, 1, 1, 3, 1, 1, 3, 1, 1, 3 ], [ 3, 3, 3, 3, 1, 1, 1, 1, -2, 1, 3, 1, 3, 1, 1, 1, 3, 3 ], 
          [ 1, 3, 3, 3, 1, 3, 1, 1, 1, -2, 1, 1, 1, 1, 1, 3, 1, 3 ], [ 1, 1, 3, 3, 3, 3, 3, 1, 3, 1, -2, 3, 1, 1, 1, 1, 1, 3 ], 
          [ 1, 3, 3, 3, 1, 1, 1, 3, 1, 1, 3, -2, 3, 1, 1, 3, 1, 1 ], [ 1, 1, 3, 1, 1, 3, 3, 1, 3, 1, 1, 3, -2, 3, 3, 3, 1, 1 ], 
          [ 1, 3, 3, 3, 3, 3, 1, 1, 1, 1, 1, 1, 3, -2, 1, 1, 1, 3 ], [ 1, 1, 3, 3, 1, 1, 1, 3, 1, 1, 1, 1, 3, 1, -2, 1, 3, 3 ], 
          [ 3, 3, 3, 3, 3, 1, 3, 1, 1, 3, 1, 3, 3, 1, 1, -2, 3, 3 ], [ 1, 3, 3, 3, 3, 3, 3, 1, 3, 1, 1, 1, 1, 1, 3, 3, -2, 3 ], 
          [ 1, 1, 1, 1, 1, 1, 1, 3, 3, 3, 3, 1, 1, 3, 3, 3, 3, -2 ] ] ], 
  [ 450, [ [ -2, 1, 3, 1, 1, 3, 1, 3, 3, 1, 1, 3, 3, 1, 1, 1, 1, 3 ], [ 1, -2, 1, 1, 1, 1, 1, 3, 3, 3, 1, 1, 3, 3, 1, 1, 1, 1 ], 
          [ 3, 1, -2, 1, 3, 1, 1, 3, 3, 3, 3, 1, 1, 3, 1, 3, 1, 1 ], [ 1, 1, 1, -2, 1, 3, 3, 3, 3, 3, 3, 1, 3, 3, 1, 1, 3, 1 ], 
          [ 1, 1, 3, 1, -2, 1, 1, 3, 1, 1, 1, 3, 3, 1, 1, 3, 3, 1 ], [ 3, 1, 1, 3, 1, -2, 1, 3, 1, 3, 1, 3, 1, 1, 3, 3, 1, 1 ], 
          [ 1, 1, 1, 3, 1, 1, -2, 3, 1, 1, 1, 3, 1, 1, 1, 3, 1, 3 ], [ 3, 3, 3, 3, 3, 3, 3, -2, 1, 1, 1, 1, 3, 3, 3, 1, 3, 3 ], 
          [ 3, 3, 3, 3, 1, 1, 1, 1, -2, 1, 1, 3, 1, 1, 3, 3, 3, 3 ], [ 1, 3, 3, 3, 1, 3, 1, 1, 1, -2, 1, 3, 3, 1, 1, 3, 3, 3 ], 
          [ 1, 1, 3, 3, 1, 1, 1, 1, 1, 1, -2, 3, 1, 1, 3, 1, 1, 3 ], [ 3, 1, 1, 1, 3, 3, 3, 1, 3, 3, 3, -2, 3, 3, 1, 1, 3, 1 ], 
          [ 3, 3, 1, 3, 3, 1, 1, 3, 1, 3, 1, 3, -2, 1, 3, 3, 1, 3 ], [ 1, 3, 3, 3, 1, 1, 1, 3, 1, 1, 1, 3, 1, -2, 3, 3, 1, 3 ], 
          [ 1, 1, 1, 1, 1, 3, 1, 3, 3, 1, 3, 1, 3, 3, -2, 3, 3, 1 ], [ 1, 1, 3, 1, 3, 3, 3, 1, 3, 3, 1, 1, 3, 3, 3, -2, 1, 3 ], 
          [ 1, 1, 1, 3, 3, 1, 1, 3, 3, 3, 1, 3, 1, 1, 3, 1, -2, 3 ], [ 3, 1, 1, 1, 1, 1, 3, 3, 3, 3, 3, 1, 3, 3, 1, 3, 3, -2 ] ] ], 
  [ 452, [ [ -2, 1, 3, 1, 1, 3, 1, 3, 3, 1, 1, 3, 3, 3, 3, 1, 3 ], [ 1, -2, 1, 1, 1, 1, 1, 3, 3, 1, 1, 1, 3, 3, 3, 1, 3 ], 
          [ 3, 1, -2, 1, 3, 1, 1, 3, 3, 1, 3, 1, 1, 1, 3, 3, 1 ], [ 1, 1, 1, -2, 1, 3, 3, 3, 3, 1, 1, 1, 3, 3, 3, 3, 1 ], 
          [ 1, 1, 3, 1, -2, 1, 1, 3, 1, 3, 1, 1, 3, 3, 3, 1, 3 ], [ 3, 1, 1, 3, 1, -2, 1, 3, 1, 3, 3, 1, 1, 1, 3, 1, 3 ], 
          [ 1, 1, 1, 3, 1, 1, -2, 3, 1, 3, 3, 3, 1, 3, 3, 1, 3 ], [ 3, 3, 3, 3, 3, 3, 3, -2, 1, 3, 3, 3, 3, 3, 1, 1, 3 ], 
          [ 3, 3, 3, 3, 1, 1, 1, 1, -2, 3, 3, 3, 1, 3, 3, 1, 3 ], [ 1, 1, 1, 1, 3, 3, 3, 3, 3, -2, 1, 1, 1, 1, 3, 3, 1 ], 
          [ 1, 1, 3, 1, 1, 3, 3, 3, 3, 1, -2, 1, 3, 3, 3, 3, 1 ], [ 3, 1, 1, 1, 1, 1, 3, 3, 3, 1, 1, -2, 1, 1, 3, 3, 1 ], 
          [ 3, 3, 1, 3, 3, 1, 1, 3, 1, 1, 3, 1, -2, 1, 3, 3, 1 ], [ 3, 3, 1, 3, 3, 1, 3, 3, 3, 1, 3, 1, 1, -2, 1, 3, 1 ], 
          [ 3, 3, 3, 3, 3, 3, 3, 1, 3, 3, 3, 3, 3, 1, -2, 1, 1 ], [ 1, 1, 3, 3, 1, 1, 1, 1, 1, 3, 3, 3, 3, 3, 1, -2, 3 ], 
          [ 3, 3, 1, 1, 3, 3, 3, 3, 3, 1, 1, 1, 1, 1, 1, 3, -2 ] ] ], 
  [ 473, [ [ -2, 1, 3, 1, 1, 3, 1, 3, 3, 1, 3, 3, 1, 1, 3, 1, 3 ], [ 1, -2, 1, 1, 1, 1, 1, 3, 3, 1, 3, 1, 1, 1, 3, 3, 1 ], 
          [ 3, 1, -2, 1, 3, 1, 1, 3, 3, 1, 1, 1, 1, 1, 1, 3, 3 ], [ 1, 1, 1, -2, 1, 3, 3, 3, 3, 1, 3, 1, 1, 1, 1, 3, 1 ], 
          [ 1, 1, 3, 1, -2, 1, 1, 3, 1, 3, 3, 1, 1, 1, 3, 3, 1 ], [ 3, 1, 1, 3, 1, -2, 1, 3, 1, 3, 1, 1, 3, 1, 3, 3, 1 ], 
          [ 1, 1, 1, 3, 1, 1, -2, 3, 1, 3, 3, 1, 1, 1, 3, 3, 3 ], [ 3, 3, 3, 3, 3, 3, 3, -2, 1, 3, 3, 3, 3, 3, 3, 1, 1 ], 
          [ 3, 3, 3, 3, 1, 1, 1, 1, -2, 3, 3, 1, 3, 1, 3, 3, 1 ], [ 1, 1, 1, 1, 3, 3, 3, 3, 3, -2, 1, 3, 1, 1, 1, 1, 3 ], 
          [ 3, 3, 1, 3, 3, 1, 3, 3, 3, 1, -2, 3, 3, 3, 1, 1, 3 ], [ 3, 1, 1, 1, 1, 1, 1, 3, 1, 3, 3, -2, 3, 1, 3, 3, 1 ], 
          [ 1, 1, 1, 1, 1, 3, 1, 3, 3, 1, 3, 3, -2, 1, 1, 3, 3 ], [ 1, 1, 1, 1, 1, 1, 1, 3, 1, 1, 3, 1, 1, -2, 3, 3, 1 ], 
          [ 3, 3, 1, 1, 3, 3, 3, 3, 3, 1, 1, 3, 1, 3, -2, 3, 3 ], [ 1, 3, 3, 3, 3, 3, 3, 1, 3, 1, 1, 3, 3, 3, 3, -2, 3 ], 
          [ 3, 1, 3, 1, 1, 1, 3, 1, 1, 3, 3, 1, 3, 1, 3, 3, -2 ] ] ], [ 459, [ [ -2, 1, 3, 1, 1, 3, 1, 3, 3, 1, 3, 1, 1, 1, 1, 1, 3 ], 
          [ 1, -2, 1, 1, 1, 1, 1, 3, 3, 1, 1, 1, 3, 3, 1, 3, 1 ], [ 3, 1, -2, 1, 3, 1, 1, 3, 3, 1, 1, 1, 3, 3, 3, 3, 1 ], 
          [ 1, 1, 1, -2, 1, 3, 3, 3, 3, 1, 3, 3, 3, 1, 1, 1, 1 ], [ 1, 1, 3, 1, -2, 1, 1, 3, 1, 3, 3, 3, 1, 3, 1, 1, 1 ], 
          [ 3, 1, 1, 3, 1, -2, 1, 3, 1, 3, 1, 1, 1, 3, 3, 3, 1 ], [ 1, 1, 1, 3, 1, 1, -2, 3, 1, 3, 1, 1, 1, 3, 3, 1, 3 ], 
          [ 3, 3, 3, 3, 3, 3, 3, -2, 1, 3, 1, 3, 3, 1, 1, 3, 3 ], [ 3, 3, 3, 3, 1, 1, 1, 1, -2, 3, 1, 3, 1, 3, 3, 1, 3 ], 
          [ 1, 1, 1, 1, 3, 3, 3, 3, 3, -2, 3, 1, 3, 3, 1, 3, 1 ], [ 3, 1, 1, 3, 3, 1, 1, 1, 1, 3, -2, 1, 1, 3, 3, 3, 3 ], 
          [ 1, 1, 1, 3, 3, 1, 1, 3, 3, 1, 1, -2, 1, 3, 3, 3, 3 ], [ 1, 3, 3, 3, 1, 1, 1, 3, 1, 3, 1, 1, -2, 3, 3, 1, 3 ], 
          [ 1, 3, 3, 1, 3, 3, 3, 1, 3, 3, 3, 3, 3, -2, 1, 1, 3 ], [ 1, 1, 3, 1, 1, 3, 3, 1, 3, 1, 3, 3, 3, 1, -2, 3, 1 ], 
          [ 1, 3, 3, 1, 1, 3, 1, 3, 1, 3, 3, 3, 1, 1, 3, -2, 3 ], [ 3, 1, 1, 1, 1, 1, 3, 3, 3, 1, 3, 3, 3, 3, 1, 3, -2 ] ] ], 
  [ 561, [ [ -2, 1, 3, 1, 1, 3, 1, 3, 3, 1, 1, 1, 1, 1, 3, 3 ], [ 1, -2, 1, 1, 1, 1, 1, 3, 3, 1, 1, 1, 3, 3, 3, 3 ], 
          [ 3, 1, -2, 1, 3, 1, 1, 3, 3, 1, 1, 1, 3, 3, 1, 3 ], [ 1, 1, 1, -2, 1, 3, 3, 3, 3, 1, 1, 1, 3, 3, 3, 3 ], 
          [ 1, 1, 3, 1, -2, 1, 1, 3, 1, 3, 1, 3, 3, 1, 3, 3 ], [ 3, 1, 1, 3, 1, -2, 1, 3, 1, 3, 1, 3, 3, 1, 1, 3 ], 
          [ 1, 1, 1, 3, 1, 1, -2, 3, 1, 3, 1, 1, 1, 1, 1, 3 ], [ 3, 3, 3, 3, 3, 3, 3, -2, 1, 3, 3, 3, 3, 3, 1, 1 ], 
          [ 3, 3, 3, 3, 1, 1, 1, 1, -2, 3, 3, 3, 3, 1, 1, 3 ], [ 1, 1, 1, 1, 3, 3, 3, 3, 3, -2, 3, 1, 3, 3, 3, 3 ], 
          [ 1, 1, 1, 1, 1, 1, 1, 3, 3, 3, -2, 1, 1, 1, 3, 3 ], [ 1, 1, 1, 1, 3, 3, 1, 3, 3, 1, 1, -2, 1, 1, 3, 1 ], 
          [ 1, 3, 3, 3, 3, 3, 1, 3, 3, 3, 1, 1, -2, 1, 3, 1 ], [ 1, 3, 3, 3, 1, 1, 1, 3, 1, 3, 1, 1, 1, -2, 3, 1 ], 
          [ 3, 3, 1, 3, 3, 1, 1, 1, 1, 3, 3, 3, 3, 3, -2, 3 ], [ 3, 3, 3, 3, 3, 3, 3, 1, 3, 3, 3, 1, 1, 1, 3, -2 ] ] ], 
  [ 533, [ [ -2, 1, 3, 1, 1, 3, 1, 3, 3, 3, 3, 3, 3, 1, 1, 1 ], [ 1, -2, 1, 1, 1, 1, 1, 3, 3, 1, 3, 1, 1, 1, 1, 1 ], 
          [ 3, 1, -2, 1, 3, 1, 1, 3, 3, 3, 3, 1, 1, 3, 3, 3 ], [ 1, 1, 1, -2, 1, 3, 3, 3, 3, 3, 3, 3, 3, 3, 3, 1 ], 
          [ 1, 1, 3, 1, -2, 1, 1, 3, 1, 1, 3, 3, 3, 1, 1, 1 ], [ 3, 1, 1, 3, 1, -2, 1, 3, 1, 1, 3, 1, 1, 1, 1, 3 ], 
          [ 1, 1, 1, 3, 1, 1, -2, 3, 1, 1, 3, 1, 1, 1, 1, 3 ], [ 3, 3, 3, 3, 3, 3, 3, -2, 1, 3, 3, 1, 3, 3, 3, 1 ], 
          [ 3, 3, 3, 3, 1, 1, 1, 1, -2, 1, 3, 1, 1, 3, 1, 3 ], [ 3, 1, 3, 3, 1, 1, 1, 3, 1, -2, 1, 1, 1, 1, 1, 3 ], 
          [ 3, 3, 3, 3, 3, 3, 3, 3, 3, 1, -2, 3, 1, 1, 3, 3 ], [ 3, 1, 1, 3, 3, 1, 1, 1, 1, 1, 3, -2, 1, 3, 3, 3 ], 
          [ 3, 1, 1, 3, 3, 1, 1, 3, 1, 1, 1, 1, -2, 1, 1, 3 ], [ 1, 1, 3, 3, 1, 1, 1, 3, 3, 1, 1, 3, 1, -2, 1, 1 ], 
          [ 1, 1, 3, 3, 1, 1, 1, 3, 1, 1, 3, 3, 1, 1, -2, 1 ], [ 1, 1, 3, 1, 1, 3, 3, 1, 3, 3, 3, 3, 3, 1, 1, -2 ] ] ], 
  [ 421, [ [ -2, 1, 3, 1, 1, 3, 1, 3, 3, 3, 3, 3, 1, 1, 1, 1 ], [ 1, -2, 1, 1, 1, 1, 1, 3, 3, 1, 3, 3, 3, 1, 3, 1 ], 
          [ 3, 1, -2, 1, 3, 1, 1, 3, 3, 3, 3, 3, 3, 3, 3, 1 ], [ 1, 1, 1, -2, 1, 3, 3, 3, 3, 3, 3, 3, 3, 1, 3, 1 ], 
          [ 1, 1, 3, 1, -2, 1, 1, 3, 1, 1, 1, 3, 3, 1, 3, 3 ], [ 3, 1, 1, 3, 1, -2, 1, 3, 1, 1, 1, 3, 3, 3, 3, 3 ], 
          [ 1, 1, 1, 3, 1, 1, -2, 3, 1, 1, 3, 3, 1, 1, 3, 1 ], [ 3, 3, 3, 3, 3, 3, 3, -2, 1, 3, 1, 1, 3, 3, 1, 3 ], 
          [ 3, 3, 3, 3, 1, 1, 1, 1, -2, 1, 1, 3, 3, 1, 3, 3 ], [ 3, 1, 3, 3, 1, 1, 1, 3, 1, -2, 1, 1, 1, 1, 3, 1 ], 
          [ 3, 3, 3, 3, 1, 1, 3, 1, 1, 1, -2, 1, 3, 3, 1, 3 ], [ 3, 3, 3, 3, 3, 3, 3, 1, 3, 1, 1, -2, 1, 3, 1, 1 ], 
          [ 1, 3, 3, 3, 3, 3, 1, 3, 3, 1, 3, 1, -2, 1, 1, 1 ], [ 1, 1, 3, 1, 1, 3, 1, 3, 1, 1, 3, 3, 1, -2, 3, 1 ], 
          [ 1, 3, 3, 3, 3, 3, 3, 1, 3, 3, 1, 1, 1, 3, -2, 3 ], [ 1, 1, 1, 1, 3, 3, 1, 3, 3, 1, 3, 1, 1, 1, 3, -2 ] ] ], 
  [ 451, [ [ -2, 1, 3, 1, 1, 3, 1, 3, 3, 3, 1, 1, 1, 1, 3 ], [ 1, -2, 1, 1, 1, 1, 1, 3, 3, 1, 3, 1, 3, 3, 1 ], 
          [ 3, 1, -2, 1, 3, 1, 1, 3, 3, 3, 3, 1, 1, 3, 3 ], [ 1, 1, 1, -2, 1, 3, 3, 3, 3, 3, 3, 1, 1, 3, 3 ], 
          [ 1, 1, 3, 1, -2, 1, 1, 3, 1, 1, 3, 1, 3, 3, 3 ], [ 3, 1, 1, 3, 1, -2, 1, 3, 1, 1, 3, 1, 3, 3, 3 ], 
          [ 1, 1, 1, 3, 1, 1, -2, 3, 1, 1, 1, 1, 1, 3, 3 ], [ 3, 3, 3, 3, 3, 3, 3, -2, 1, 3, 3, 3, 3, 3, 1 ], 
          [ 3, 3, 3, 3, 1, 1, 1, 1, -2, 1, 1, 3, 3, 3, 3 ], [ 3, 1, 3, 3, 1, 1, 1, 3, 1, -2, 1, 3, 3, 3, 1 ], 
          [ 1, 3, 3, 3, 3, 3, 1, 3, 1, 1, -2, 3, 1, 1, 3 ], [ 1, 1, 1, 1, 1, 1, 1, 3, 3, 3, 3, -2, 1, 3, 3 ], 
          [ 1, 3, 1, 1, 3, 3, 1, 3, 3, 3, 1, 1, -2, 1, 3 ], [ 1, 3, 3, 3, 3, 3, 3, 3, 3, 3, 1, 3, 1, -2, 1 ], 
          [ 3, 1, 3, 3, 3, 3, 3, 1, 3, 1, 3, 3, 3, 1, -2 ] ] ], [ 424, [ [ -2, 1, 3, 1, 1, 3, 1, 3, 3, 3, 3, 1, 3, 1, 1, 3 ], 
          [ 1, -2, 1, 1, 1, 1, 1, 3, 3, 1, 1, 1, 1, 3, 3, 3 ], [ 3, 1, -2, 1, 3, 1, 1, 3, 3, 3, 3, 1, 1, 3, 3, 3 ], 
          [ 1, 1, 1, -2, 1, 3, 3, 3, 3, 3, 3, 1, 1, 1, 1, 3 ], [ 1, 1, 3, 1, -2, 1, 1, 3, 1, 1, 3, 3, 1, 1, 1, 3 ], 
          [ 3, 1, 1, 3, 1, -2, 1, 3, 1, 1, 3, 3, 1, 3, 3, 3 ], [ 1, 1, 1, 3, 1, 1, -2, 3, 1, 1, 3, 1, 1, 3, 3, 3 ], 
          [ 3, 3, 3, 3, 3, 3, 3, -2, 1, 3, 1, 3, 1, 3, 1, 1 ], [ 3, 3, 3, 3, 1, 1, 1, 1, -2, 1, 3, 3, 1, 3, 3, 1 ], 
          [ 3, 1, 3, 3, 1, 1, 1, 3, 1, -2, 1, 3, 1, 3, 3, 1 ], [ 3, 1, 3, 3, 3, 3, 3, 1, 3, 1, -2, 1, 3, 3, 3, 1 ], 
          [ 1, 1, 1, 1, 3, 3, 1, 3, 3, 3, 1, -2, 3, 3, 3, 3 ], [ 3, 1, 1, 1, 1, 1, 1, 1, 1, 1, 3, 3, -2, 3, 1, 3 ], 
          [ 1, 3, 3, 1, 1, 3, 3, 3, 3, 3, 3, 3, 3, -2, 1, 3 ], [ 1, 3, 3, 1, 1, 3, 3, 1, 3, 3, 3, 3, 1, 1, -2, 3 ], 
          [ 3, 3, 3, 3, 3, 3, 3, 1, 1, 1, 1, 3, 3, 3, 3, -2 ] ] ], [ 588, [ [ -2, 1, 3, 1, 1, 3, 1, 3, 3, 3, 3, 1, 1, 3, 1, 1 ], 
          [ 1, -2, 1, 1, 1, 1, 1, 3, 3, 3, 1, 3, 1, 3, 3, 3 ], [ 3, 1, -2, 1, 3, 1, 1, 3, 3, 1, 1, 3, 1, 1, 3, 3 ], 
          [ 1, 1, 1, -2, 1, 3, 3, 3, 3, 3, 1, 1, 3, 1, 3, 3 ], [ 1, 1, 3, 1, -2, 1, 1, 3, 1, 3, 3, 3, 3, 3, 1, 3 ], 
          [ 3, 1, 1, 3, 1, -2, 1, 3, 1, 3, 3, 3, 1, 3, 1, 3 ], [ 1, 1, 1, 3, 1, 1, -2, 3, 1, 1, 3, 3, 1, 3, 1, 1 ], 
          [ 3, 3, 3, 3, 3, 3, 3, -2, 1, 1, 1, 1, 3, 1, 1, 3 ], [ 3, 3, 3, 3, 1, 1, 1, 1, -2, 1, 3, 3, 3, 3, 1, 3 ], 
          [ 3, 3, 1, 3, 3, 3, 1, 1, 1, -2, 1, 3, 3, 1, 3, 3 ], [ 3, 1, 1, 1, 3, 3, 3, 1, 3, 1, -2, 1, 3, 1, 3, 3 ], 
          [ 1, 3, 3, 1, 3, 3, 3, 1, 3, 3, 1, -2, 3, 1, 1, 1 ], [ 1, 1, 1, 3, 3, 1, 1, 3, 3, 3, 3, 3, -2, 3, 1, 1 ], 
          [ 3, 3, 1, 1, 3, 3, 3, 1, 3, 1, 1, 1, 3, -2, 3, 3 ], [ 1, 3, 3, 3, 1, 1, 1, 1, 1, 3, 3, 1, 1, 3, -2, 1 ], 
          [ 1, 3, 3, 3, 3, 3, 1, 3, 3, 3, 3, 1, 1, 3, 1, -2 ] ] ], [ 643, [ [ -2, 1, 3, 1, 1, 3, 1, 3, 3, 3, 3, 1, 1, 3, 1, 1, 1, 3 ], 
          [ 1, -2, 1, 1, 1, 1, 1, 3, 3, 3, 1, 3, 1, 3, 3, 1, 3, 3 ], [ 3, 1, -2, 1, 3, 1, 1, 3, 3, 1, 1, 3, 1, 1, 3, 1, 3, 1 ], 
          [ 1, 1, 1, -2, 1, 3, 3, 3, 3, 3, 1, 1, 3, 1, 3, 1, 1, 1 ], [ 1, 1, 3, 1, -2, 1, 1, 3, 1, 3, 3, 3, 3, 3, 1, 1, 1, 3 ], 
          [ 3, 1, 1, 3, 1, -2, 1, 3, 1, 3, 3, 3, 1, 3, 1, 1, 1, 3 ], [ 1, 1, 1, 3, 1, 1, -2, 3, 1, 1, 3, 3, 1, 3, 1, 1, 3, 3 ], 
          [ 3, 3, 3, 3, 3, 3, 3, -2, 1, 1, 1, 1, 3, 1, 1, 3, 3, 1 ], [ 3, 3, 3, 3, 1, 1, 1, 1, -2, 1, 3, 3, 3, 3, 1, 1, 1, 3 ], 
          [ 3, 3, 1, 3, 3, 3, 1, 1, 1, -2, 1, 3, 3, 1, 3, 3, 3, 1 ], [ 3, 1, 1, 1, 3, 3, 3, 1, 3, 1, -2, 1, 3, 1, 3, 3, 3, 1 ], 
          [ 1, 3, 3, 1, 3, 3, 3, 1, 3, 3, 1, -2, 3, 1, 1, 3, 1, 1 ], [ 1, 1, 1, 3, 3, 1, 1, 3, 3, 3, 3, 3, -2, 3, 1, 1, 3, 3 ], 
          [ 3, 3, 1, 1, 3, 3, 3, 1, 3, 1, 1, 1, 3, -2, 3, 3, 3, 1 ], [ 1, 3, 3, 3, 1, 1, 1, 1, 1, 3, 3, 1, 1, 3, -2, 1, 1, 3 ], 
          [ 1, 1, 1, 1, 1, 1, 1, 3, 1, 3, 3, 3, 1, 3, 1, -2, 1, 3 ], [ 1, 3, 3, 1, 1, 1, 3, 3, 1, 3, 3, 1, 3, 3, 1, 1, -2, 3 ], 
          [ 3, 3, 1, 1, 3, 3, 3, 1, 3, 1, 1, 1, 3, 1, 3, 3, 3, -2 ] ] ], 
  [ 643, [ [ -2, 1, 3, 1, 1, 3, 1, 3, 3, 3, 3, 1, 1, 3, 1, 1, 3, 3 ], [ 1, -2, 1, 1, 1, 1, 1, 3, 3, 3, 1, 3, 1, 3, 3, 1, 1, 3 ], 
          [ 3, 1, -2, 1, 3, 1, 1, 3, 3, 1, 1, 3, 1, 1, 3, 1, 1, 1 ], [ 1, 1, 1, -2, 1, 3, 3, 3, 3, 3, 1, 1, 3, 1, 3, 1, 3, 1 ], 
          [ 1, 1, 3, 1, -2, 1, 1, 3, 1, 3, 3, 3, 3, 3, 1, 1, 3, 3 ], [ 3, 1, 1, 3, 1, -2, 1, 3, 1, 3, 3, 3, 1, 3, 1, 1, 1, 3 ], 
          [ 1, 1, 1, 3, 1, 1, -2, 3, 1, 1, 3, 3, 1, 3, 1, 1, 3, 3 ], [ 3, 3, 3, 3, 3, 3, 3, -2, 1, 1, 1, 1, 3, 1, 1, 3, 1, 1 ], 
          [ 3, 3, 3, 3, 1, 1, 1, 1, -2, 1, 3, 3, 3, 3, 1, 1, 3, 3 ], [ 3, 3, 1, 3, 3, 3, 1, 1, 1, -2, 1, 3, 3, 1, 3, 3, 1, 1 ], 
          [ 3, 1, 1, 1, 3, 3, 3, 1, 3, 1, -2, 1, 3, 1, 3, 3, 1, 1 ], [ 1, 3, 3, 1, 3, 3, 3, 1, 3, 3, 1, -2, 3, 1, 1, 3, 3, 1 ], 
          [ 1, 1, 1, 3, 3, 1, 1, 3, 3, 3, 3, 3, -2, 3, 1, 1, 1, 3 ], [ 3, 3, 1, 1, 3, 3, 3, 1, 3, 1, 1, 1, 3, -2, 3, 3, 1, 1 ], 
          [ 1, 3, 3, 3, 1, 1, 1, 1, 1, 3, 3, 1, 1, 3, -2, 1, 3, 3 ], [ 1, 1, 1, 1, 1, 1, 1, 3, 1, 3, 3, 3, 1, 3, 1, -2, 3, 3 ], 
          [ 3, 1, 1, 3, 3, 1, 3, 1, 3, 1, 1, 3, 1, 1, 3, 3, -2, 1 ], [ 3, 3, 1, 1, 3, 3, 3, 1, 3, 1, 1, 1, 3, 1, 3, 3, 1, -2 ] ] ], 
  [ 420, [ [ -2, 1, 3, 1, 1, 3, 1, 3, 3, 3, 1, 3, 1, 3, 1, 3 ], [ 1, -2, 1, 1, 1, 1, 1, 3, 3, 3, 1, 1, 1, 3, 1, 1 ], 
          [ 3, 1, -2, 1, 3, 1, 1, 3, 3, 1, 1, 1, 1, 1, 3, 1 ], [ 1, 1, 1, -2, 1, 3, 3, 3, 3, 3, 1, 1, 1, 3, 1, 1 ], 
          [ 1, 1, 3, 1, -2, 1, 1, 3, 1, 3, 1, 1, 3, 3, 3, 3 ], [ 3, 1, 1, 3, 1, -2, 1, 3, 1, 3, 1, 1, 3, 1, 3, 3 ], 
          [ 1, 1, 1, 3, 1, 1, -2, 3, 1, 1, 1, 3, 3, 1, 3, 3 ], [ 3, 3, 3, 3, 3, 3, 3, -2, 1, 1, 3, 3, 3, 1, 3, 1 ], 
          [ 3, 3, 3, 3, 1, 1, 1, 1, -2, 1, 3, 3, 3, 1, 3, 3 ], [ 3, 3, 1, 3, 3, 3, 1, 1, 1, -2, 3, 3, 1, 1, 3, 1 ], 
          [ 1, 1, 1, 1, 1, 1, 1, 3, 3, 3, -2, 1, 3, 3, 3, 3 ], [ 3, 1, 1, 1, 1, 1, 3, 3, 3, 3, 1, -2, 1, 3, 3, 1 ], 
          [ 1, 1, 1, 1, 3, 3, 3, 3, 3, 1, 3, 1, -2, 3, 1, 1 ], [ 3, 3, 1, 3, 3, 1, 1, 1, 1, 1, 3, 3, 3, -2, 3, 1 ], 
          [ 1, 1, 3, 1, 3, 3, 3, 3, 3, 3, 3, 3, 1, 3, -2, 1 ], [ 3, 1, 1, 1, 3, 3, 3, 1, 3, 1, 3, 1, 1, 1, 1, -2 ] ] ], 
  [ 420, [ [ -2, 1, 3, 1, 1, 3, 1, 3, 3, 3, 1, 3, 1, 3, 1, 1 ], [ 1, -2, 1, 1, 1, 1, 1, 3, 3, 3, 1, 1, 1, 3, 1, 1 ], 
          [ 3, 1, -2, 1, 3, 1, 1, 3, 3, 1, 1, 1, 1, 1, 3, 3 ], [ 1, 1, 1, -2, 1, 3, 3, 3, 3, 3, 1, 1, 1, 3, 1, 3 ], 
          [ 1, 1, 3, 1, -2, 1, 1, 3, 1, 3, 1, 1, 3, 3, 3, 1 ], [ 3, 1, 1, 3, 1, -2, 1, 3, 1, 3, 1, 1, 3, 1, 3, 1 ], 
          [ 1, 1, 1, 3, 1, 1, -2, 3, 1, 1, 1, 3, 3, 1, 3, 1 ], [ 3, 3, 3, 3, 3, 3, 3, -2, 1, 1, 3, 3, 3, 1, 3, 1 ], 
          [ 3, 3, 3, 3, 1, 1, 1, 1, -2, 1, 3, 3, 3, 1, 3, 1 ], [ 3, 3, 1, 3, 3, 3, 1, 1, 1, -2, 3, 3, 1, 1, 3, 3 ], 
          [ 1, 1, 1, 1, 1, 1, 1, 3, 3, 3, -2, 1, 3, 3, 3, 1 ], [ 3, 1, 1, 1, 1, 1, 3, 3, 3, 3, 1, -2, 1, 3, 3, 3 ], 
          [ 1, 1, 1, 1, 3, 3, 3, 3, 3, 1, 3, 1, -2, 3, 1, 3 ], [ 3, 3, 1, 3, 3, 1, 1, 1, 1, 1, 3, 3, 3, -2, 3, 3 ], 
          [ 1, 1, 3, 1, 3, 3, 3, 3, 3, 3, 3, 3, 1, 3, -2, 3 ], [ 1, 1, 3, 3, 1, 1, 1, 1, 1, 3, 1, 3, 3, 3, 3, -2 ] ] ], 
  [ 623, [ [ -2, 1, 3, 1, 1, 3, 1, 3, 3, 3, 1, 1, 3, 1, 1, 3, 1, 3 ], [ 1, -2, 1, 1, 1, 1, 1, 3, 3, 3, 1, 1, 3, 1, 1, 3, 3, 3 ], 
          [ 3, 1, -2, 1, 3, 1, 1, 3, 3, 1, 1, 3, 1, 3, 3, 3, 3, 3 ], [ 1, 1, 1, -2, 1, 3, 3, 3, 3, 3, 1, 3, 1, 1, 1, 3, 3, 1 ], 
          [ 1, 1, 3, 1, -2, 1, 1, 3, 1, 3, 1, 1, 3, 1, 1, 3, 1, 1 ], [ 3, 1, 1, 3, 1, -2, 1, 3, 1, 3, 1, 1, 3, 3, 3, 3, 3, 3 ], 
          [ 1, 1, 1, 3, 1, 1, -2, 3, 1, 1, 1, 1, 3, 3, 3, 3, 1, 3 ], [ 3, 3, 3, 3, 3, 3, 3, -2, 1, 1, 3, 1, 3, 1, 3, 1, 1, 1 ], 
          [ 3, 3, 3, 3, 1, 1, 1, 1, -2, 1, 3, 1, 3, 3, 3, 3, 1, 1 ], [ 3, 3, 1, 3, 3, 3, 1, 1, 1, -2, 3, 3, 1, 3, 3, 1, 1, 1 ], 
          [ 1, 1, 1, 1, 1, 1, 1, 3, 3, 3, -2, 3, 3, 3, 3, 3, 3, 3 ], [ 1, 1, 3, 3, 1, 1, 1, 1, 1, 3, 3, -2, 3, 1, 1, 3, 1, 3 ], 
          [ 3, 3, 1, 1, 3, 3, 3, 3, 3, 1, 3, 3, -2, 3, 1, 1, 3, 1 ], [ 1, 1, 3, 1, 1, 3, 3, 1, 3, 3, 3, 1, 3, -2, 1, 1, 1, 1 ], 
          [ 1, 1, 3, 1, 1, 3, 3, 3, 3, 3, 3, 1, 1, 1, -2, 3, 1, 1 ], [ 3, 3, 3, 3, 3, 3, 3, 1, 3, 1, 3, 3, 1, 1, 3, -2, 3, 1 ], 
          [ 1, 3, 3, 3, 1, 3, 1, 1, 1, 1, 3, 1, 3, 1, 1, 3, -2, 1 ], [ 3, 3, 3, 1, 1, 3, 3, 1, 1, 1, 3, 3, 1, 1, 1, 1, 1, -2 ] ] ], 
  [ 435, [ [ -2, 1, 3, 1, 1, 3, 1, 3, 3, 3, 3, 1, 3, 1, 3, 1, 3 ], [ 1, -2, 1, 1, 1, 1, 1, 3, 3, 3, 3, 3, 1, 1, 3, 3, 1 ], 
          [ 3, 1, -2, 1, 3, 1, 1, 3, 3, 1, 3, 1, 1, 3, 1, 1, 1 ], [ 1, 1, 1, -2, 1, 3, 3, 3, 3, 3, 3, 1, 1, 1, 1, 1, 3 ], 
          [ 1, 1, 3, 1, -2, 1, 1, 3, 1, 3, 3, 3, 1, 1, 3, 3, 3 ], [ 3, 1, 1, 3, 1, -2, 1, 3, 1, 3, 3, 3, 1, 3, 3, 3, 1 ], 
          [ 1, 1, 1, 3, 1, 1, -2, 3, 1, 1, 3, 1, 3, 3, 3, 3, 1 ], [ 3, 3, 3, 3, 3, 3, 3, -2, 1, 1, 1, 3, 3, 1, 1, 3, 3 ], 
          [ 3, 3, 3, 3, 1, 1, 1, 1, -2, 1, 1, 3, 3, 3, 1, 3, 3 ], [ 3, 3, 1, 3, 3, 3, 1, 1, 1, -2, 1, 1, 3, 3, 1, 1, 1 ], 
          [ 3, 3, 3, 3, 3, 3, 3, 1, 1, 1, -2, 3, 3, 3, 1, 1, 3 ], [ 1, 3, 1, 1, 3, 3, 1, 3, 3, 1, 3, -2, 3, 3, 1, 1, 1 ], 
          [ 3, 1, 1, 1, 1, 1, 3, 3, 3, 3, 3, 3, -2, 1, 3, 3, 1 ], [ 1, 1, 3, 1, 1, 3, 3, 1, 3, 3, 3, 3, 1, -2, 3, 3, 3 ], 
          [ 3, 3, 1, 1, 3, 3, 3, 1, 1, 1, 1, 1, 3, 3, -2, 1, 3 ], [ 1, 3, 1, 1, 3, 3, 3, 3, 3, 1, 1, 1, 3, 3, 1, -2, 3 ], 
          [ 3, 1, 1, 3, 3, 1, 1, 3, 3, 1, 3, 1, 1, 3, 3, 3, -2 ] ] ], [ 490, [ [ -2, 1, 3, 1, 1, 3, 1, 3, 3, 3, 3, 1, 1, 3, 1, 3 ], 
          [ 1, -2, 1, 1, 1, 1, 1, 3, 3, 3, 1, 1, 3, 3, 1, 1 ], [ 3, 1, -2, 1, 3, 1, 1, 3, 3, 1, 1, 1, 3, 3, 3, 1 ], 
          [ 1, 1, 1, -2, 1, 3, 3, 3, 3, 3, 1, 3, 1, 3, 3, 3 ], [ 1, 1, 3, 1, -2, 1, 1, 3, 1, 3, 3, 3, 1, 3, 1, 1 ], 
          [ 3, 1, 1, 3, 1, -2, 1, 3, 1, 3, 3, 3, 3, 1, 1, 1 ], [ 1, 1, 1, 3, 1, 1, -2, 3, 1, 1, 3, 1, 1, 3, 1, 1 ], 
          [ 3, 3, 3, 3, 3, 3, 3, -2, 1, 1, 1, 1, 3, 1, 1, 1 ], [ 3, 3, 3, 3, 1, 1, 1, 1, -2, 1, 3, 3, 1, 1, 1, 1 ], 
          [ 3, 3, 1, 3, 3, 3, 1, 1, 1, -2, 1, 1, 3, 3, 3, 1 ], [ 3, 1, 1, 1, 3, 3, 3, 1, 3, 1, -2, 1, 3, 3, 3, 1 ], 
          [ 1, 1, 1, 3, 3, 3, 1, 1, 3, 1, 1, -2, 3, 3, 1, 1 ], [ 1, 3, 3, 1, 1, 3, 1, 3, 1, 3, 3, 3, -2, 3, 1, 3 ], 
          [ 3, 3, 3, 3, 3, 1, 3, 1, 1, 3, 3, 3, 3, -2, 3, 3 ], [ 1, 1, 3, 3, 1, 1, 1, 1, 1, 3, 3, 1, 1, 3, -2, 1 ], 
          [ 3, 1, 1, 3, 1, 1, 1, 1, 1, 1, 1, 1, 3, 3, 1, -2 ] ] ], [ 419, [ [ -2, 1, 3, 1, 1, 3, 1, 3, 3, 3, 3, 1, 1, 3, 1, 1 ], 
          [ 1, -2, 1, 1, 1, 1, 1, 3, 3, 3, 3, 1, 3, 3, 1, 1 ], [ 3, 1, -2, 1, 3, 1, 1, 3, 3, 1, 1, 1, 3, 1, 3, 1 ], 
          [ 1, 1, 1, -2, 1, 3, 3, 3, 3, 3, 3, 3, 1, 1, 3, 1 ], [ 1, 1, 3, 1, -2, 1, 1, 3, 1, 3, 3, 3, 3, 3, 1, 1 ], 
          [ 3, 1, 1, 3, 1, -2, 1, 3, 1, 3, 1, 1, 3, 1, 1, 1 ], [ 1, 1, 1, 3, 1, 1, -2, 3, 1, 1, 3, 1, 3, 3, 1, 1 ], 
          [ 3, 3, 3, 3, 3, 3, 3, -2, 1, 1, 1, 3, 3, 3, 1, 3 ], [ 3, 3, 3, 3, 1, 1, 1, 1, -2, 1, 3, 3, 3, 3, 1, 3 ], 
          [ 3, 3, 1, 3, 3, 3, 1, 1, 1, -2, 3, 3, 3, 3, 3, 3 ], [ 3, 3, 1, 3, 3, 1, 3, 1, 3, 3, -2, 1, 3, 1, 1, 1 ], 
          [ 1, 1, 1, 3, 3, 1, 1, 3, 3, 3, 1, -2, 3, 1, 1, 1 ], [ 1, 3, 3, 1, 3, 3, 3, 3, 3, 3, 3, 3, -2, 1, 3, 3 ], 
          [ 3, 3, 1, 1, 3, 1, 3, 3, 3, 3, 1, 1, 1, -2, 3, 1 ], [ 1, 1, 3, 3, 1, 1, 1, 1, 1, 3, 1, 1, 3, 3, -2, 1 ], 
          [ 1, 1, 1, 1, 1, 1, 1, 3, 3, 3, 1, 1, 3, 1, 1, -2 ] ] ], [ 541, [ [ -2, 1, 3, 1, 1, 3, 1, 3, 3, 3, 1, 3, 3, 1, 1, 1, 1 ], 
          [ 1, -2, 1, 1, 1, 1, 1, 3, 3, 3, 3, 3, 3, 3, 1, 3, 1 ], [ 3, 1, -2, 1, 3, 1, 1, 3, 3, 3, 3, 1, 3, 3, 1, 3, 3 ], 
          [ 1, 1, 1, -2, 1, 3, 3, 3, 3, 1, 3, 3, 3, 3, 3, 3, 1 ], [ 1, 1, 3, 1, -2, 1, 1, 3, 1, 1, 1, 3, 1, 1, 3, 3, 1 ], 
          [ 3, 1, 1, 3, 1, -2, 1, 3, 1, 1, 1, 3, 1, 1, 1, 3, 3 ], [ 1, 1, 1, 3, 1, 1, -2, 3, 1, 3, 1, 1, 1, 1, 1, 3, 3 ], 
          [ 3, 3, 3, 3, 3, 3, 3, -2, 1, 3, 3, 1, 3, 3, 3, 1, 1 ], [ 3, 3, 3, 3, 1, 1, 1, 1, -2, 1, 1, 1, 1, 1, 3, 3, 3 ], 
          [ 3, 3, 3, 1, 1, 1, 3, 3, 1, -2, 1, 3, 1, 1, 3, 3, 3 ], [ 1, 3, 3, 3, 1, 1, 1, 3, 1, 1, -2, 3, 1, 1, 1, 1, 3 ], 
          [ 3, 3, 1, 3, 3, 3, 1, 1, 1, 3, 3, -2, 3, 3, 3, 3, 3 ], [ 3, 3, 3, 3, 1, 1, 1, 3, 1, 1, 1, 3, -2, 1, 3, 3, 3 ], 
          [ 1, 3, 3, 3, 1, 1, 1, 3, 1, 1, 1, 3, 1, -2, 1, 1, 3 ], [ 1, 1, 1, 3, 3, 1, 1, 3, 3, 3, 1, 3, 3, 1, -2, 1, 3 ], 
          [ 1, 3, 3, 3, 3, 3, 3, 1, 3, 3, 1, 3, 3, 1, 1, -2, 1 ], [ 1, 1, 3, 1, 1, 3, 3, 1, 3, 3, 3, 3, 3, 3, 3, 1, -2 ] ] ], 
  [ 454, [ [ -2, 1, 3, 1, 1, 3, 1, 3, 3, 3, 1, 3, 1, 1, 3, 3 ], [ 1, -2, 1, 1, 1, 1, 1, 3, 3, 3, 3, 3, 1, 1, 3, 3 ], 
          [ 3, 1, -2, 1, 3, 1, 1, 3, 3, 3, 3, 1, 1, 1, 3, 3 ], [ 1, 1, 1, -2, 1, 3, 3, 3, 3, 1, 3, 1, 1, 1, 1, 3 ], 
          [ 1, 1, 3, 1, -2, 1, 1, 3, 1, 1, 1, 3, 3, 1, 1, 3 ], [ 3, 1, 1, 3, 1, -2, 1, 3, 1, 1, 1, 3, 3, 3, 3, 3 ], 
          [ 1, 1, 1, 3, 1, 1, -2, 3, 1, 3, 1, 3, 1, 1, 3, 3 ], [ 3, 3, 3, 3, 3, 3, 3, -2, 1, 3, 3, 3, 3, 3, 1, 1 ], 
          [ 3, 3, 3, 3, 1, 1, 1, 1, -2, 1, 1, 3, 3, 3, 1, 3 ], [ 3, 3, 3, 1, 1, 1, 3, 3, 1, -2, 1, 1, 3, 3, 1, 3 ], 
          [ 1, 3, 3, 3, 1, 1, 1, 3, 1, 1, -2, 3, 3, 3, 3, 3 ], [ 3, 3, 1, 1, 3, 3, 3, 3, 3, 1, 3, -2, 1, 1, 1, 1 ], 
          [ 1, 1, 1, 1, 3, 3, 1, 3, 3, 3, 3, 1, -2, 1, 1, 1 ], [ 1, 1, 1, 1, 1, 3, 1, 3, 3, 3, 3, 1, 1, -2, 1, 3 ], 
          [ 3, 3, 3, 1, 1, 3, 3, 1, 1, 1, 3, 1, 1, 1, -2, 1 ], [ 3, 3, 3, 3, 3, 3, 3, 1, 3, 3, 3, 1, 1, 3, 1, -2 ] ] ], 
  [ 410, [ [ -2, 1, 3, 1, 1, 3, 1, 3, 3, 3, 3, 3, 3, 3, 1, 1, 3 ], [ 1, -2, 1, 1, 1, 1, 1, 3, 3, 1, 3, 3, 3, 1, 1, 3, 3 ], 
          [ 3, 1, -2, 1, 3, 1, 1, 3, 3, 1, 3, 1, 3, 1, 3, 3, 3 ], [ 1, 1, 1, -2, 1, 3, 3, 3, 3, 1, 3, 3, 3, 3, 3, 1, 3 ], 
          [ 1, 1, 3, 1, -2, 1, 1, 3, 1, 1, 3, 3, 3, 3, 1, 1, 3 ], [ 3, 1, 1, 3, 1, -2, 1, 3, 1, 1, 3, 1, 3, 1, 1, 3, 3 ], 
          [ 1, 1, 1, 3, 1, 1, -2, 3, 1, 1, 3, 1, 3, 1, 1, 3, 3 ], [ 3, 3, 3, 3, 3, 3, 3, -2, 1, 1, 1, 1, 1, 1, 1, 3, 1 ], 
          [ 3, 3, 3, 3, 1, 1, 1, 1, -2, 1, 3, 1, 1, 1, 1, 3, 3 ], [ 3, 1, 1, 1, 1, 1, 1, 1, 1, -2, 3, 1, 3, 1, 1, 3, 3 ], 
          [ 3, 3, 3, 3, 3, 3, 3, 1, 3, 3, -2, 1, 1, 3, 3, 1, 1 ], [ 3, 3, 1, 3, 3, 1, 1, 1, 1, 1, 1, -2, 1, 1, 1, 3, 3 ], 
          [ 3, 3, 3, 3, 3, 3, 3, 1, 1, 3, 1, 1, -2, 3, 1, 3, 1 ], [ 3, 1, 1, 3, 3, 1, 1, 1, 1, 1, 3, 1, 3, -2, 1, 3, 3 ], 
          [ 1, 1, 3, 3, 1, 1, 1, 1, 1, 1, 3, 1, 1, 1, -2, 3, 3 ], [ 1, 3, 3, 1, 1, 3, 3, 3, 3, 3, 1, 3, 3, 3, 3, -2, 3 ], 
          [ 3, 3, 3, 3, 3, 3, 3, 1, 3, 3, 1, 3, 1, 3, 3, 3, -2 ] ] ], 
  [ 413, [ [ -2, 1, 3, 1, 1, 3, 1, 3, 3, 3, 3, 1, 1, 1, 3, 1 ], [ 1, -2, 1, 1, 1, 1, 1, 3, 3, 1, 3, 1, 1, 3, 1, 1 ], 
          [ 3, 1, -2, 1, 3, 1, 1, 3, 3, 1, 3, 1, 1, 3, 1, 3 ], [ 1, 1, 1, -2, 1, 3, 3, 3, 3, 1, 3, 1, 1, 3, 3, 3 ], 
          [ 1, 1, 3, 1, -2, 1, 1, 3, 1, 1, 3, 3, 3, 3, 3, 1 ], [ 3, 1, 1, 3, 1, -2, 1, 3, 1, 1, 3, 3, 3, 3, 1, 1 ], 
          [ 1, 1, 1, 3, 1, 1, -2, 3, 1, 1, 3, 1, 1, 1, 1, 1 ], [ 3, 3, 3, 3, 3, 3, 3, -2, 1, 1, 1, 1, 3, 1, 1, 3 ], 
          [ 3, 3, 3, 3, 1, 1, 1, 1, -2, 1, 3, 3, 3, 1, 1, 1 ], [ 3, 1, 1, 1, 1, 1, 1, 1, 1, -2, 3, 1, 3, 3, 1, 3 ], 
          [ 3, 3, 3, 3, 3, 3, 3, 1, 3, 3, -2, 1, 3, 1, 1, 3 ], [ 1, 1, 1, 1, 3, 3, 1, 1, 3, 1, 1, -2, 1, 1, 1, 3 ], 
          [ 1, 1, 1, 1, 3, 3, 1, 3, 3, 3, 3, 1, -2, 1, 3, 1 ], [ 1, 3, 3, 3, 3, 3, 1, 1, 1, 3, 1, 1, 1, -2, 1, 1 ], 
          [ 3, 1, 1, 3, 3, 1, 1, 1, 1, 1, 1, 1, 3, 1, -2, 3 ], [ 1, 1, 3, 3, 1, 1, 1, 3, 1, 3, 3, 3, 1, 1, 3, -2 ] ] ], 
  [ 529, [ [ -2, 1, 3, 1, 1, 3, 1, 3, 3, 1, 3, 3, 1, 1, 3, 3, 3 ], [ 1, -2, 1, 1, 1, 1, 1, 3, 3, 3, 1, 3, 1, 1, 1, 1, 3 ], 
          [ 3, 1, -2, 1, 3, 1, 1, 3, 3, 3, 3, 1, 3, 1, 1, 3, 3 ], [ 1, 1, 1, -2, 1, 3, 3, 3, 3, 3, 3, 3, 1, 1, 1, 3, 3 ], 
          [ 1, 1, 3, 1, -2, 1, 1, 3, 1, 1, 1, 3, 1, 1, 3, 3, 3 ], [ 3, 1, 1, 3, 1, -2, 1, 3, 1, 1, 1, 1, 3, 1, 3, 3, 3 ], 
          [ 1, 1, 1, 3, 1, 1, -2, 3, 1, 1, 1, 1, 3, 1, 3, 3, 3 ], [ 3, 3, 3, 3, 3, 3, 3, -2, 1, 1, 3, 1, 3, 3, 1, 1, 1 ], 
          [ 3, 3, 3, 3, 1, 1, 1, 1, -2, 1, 1, 1, 3, 3, 3, 3, 3 ], [ 1, 3, 3, 3, 1, 1, 1, 1, 1, -2, 3, 1, 3, 1, 3, 3, 3 ], 
          [ 3, 1, 3, 3, 1, 1, 1, 3, 1, 3, -2, 3, 1, 3, 3, 1, 1 ], [ 3, 3, 1, 3, 3, 1, 1, 1, 1, 1, 3, -2, 3, 1, 1, 3, 1 ], 
          [ 1, 1, 3, 1, 1, 3, 3, 3, 3, 3, 1, 3, -2, 1, 1, 1, 1 ], [ 1, 1, 1, 1, 1, 1, 1, 3, 3, 1, 3, 1, 1, -2, 1, 3, 3 ], 
          [ 3, 1, 1, 1, 3, 3, 3, 1, 3, 3, 3, 1, 1, 1, -2, 1, 1 ], [ 3, 1, 3, 3, 3, 3, 3, 1, 3, 3, 1, 3, 1, 3, 1, -2, 1 ], 
          [ 3, 3, 3, 3, 3, 3, 3, 1, 3, 3, 1, 1, 1, 3, 1, 1, -2 ] ] ], [ 407, [ [ -2, 1, 3, 1, 1, 3, 1, 3, 3, 3, 3, 1, 1, 1, 1, 1, 1 ], 
          [ 1, -2, 1, 1, 1, 1, 1, 3, 3, 3, 3, 1, 3, 1, 1, 3, 3 ], [ 3, 1, -2, 1, 3, 1, 1, 3, 3, 3, 3, 1, 3, 3, 1, 3, 3 ], 
          [ 1, 1, 1, -2, 1, 3, 3, 3, 3, 1, 3, 1, 1, 1, 1, 3, 1 ], [ 1, 1, 3, 1, -2, 1, 1, 3, 1, 1, 3, 3, 1, 1, 3, 3, 1 ], 
          [ 3, 1, 1, 3, 1, -2, 1, 3, 1, 3, 1, 3, 3, 3, 3, 3, 3 ], [ 1, 1, 1, 3, 1, 1, -2, 3, 1, 3, 3, 3, 3, 3, 1, 1, 3 ], 
          [ 3, 3, 3, 3, 3, 3, 3, -2, 1, 1, 1, 3, 3, 3, 3, 1, 1 ], [ 3, 3, 3, 3, 1, 1, 1, 1, -2, 1, 1, 3, 3, 3, 3, 1, 1 ], 
          [ 3, 3, 3, 1, 1, 3, 3, 1, 1, -2, 1, 3, 1, 1, 3, 3, 1 ], [ 3, 3, 3, 3, 3, 1, 3, 1, 1, 1, -2, 3, 3, 3, 3, 1, 3 ], 
          [ 1, 1, 1, 1, 3, 3, 3, 3, 3, 3, 3, -2, 1, 1, 1, 3, 1 ], [ 1, 3, 3, 1, 1, 3, 3, 3, 3, 1, 3, 1, -2, 1, 3, 3, 1 ], 
          [ 1, 1, 3, 1, 1, 3, 3, 3, 3, 1, 3, 1, 1, -2, 1, 3, 1 ], [ 1, 1, 1, 1, 3, 3, 1, 3, 3, 3, 3, 1, 3, 1, -2, 1, 3 ], 
          [ 1, 3, 3, 3, 3, 3, 1, 1, 1, 3, 1, 3, 3, 3, 1, -2, 3 ], [ 1, 3, 3, 1, 1, 3, 3, 1, 1, 1, 3, 1, 1, 1, 3, 3, -2 ] ] ] ];
