randomPro20260923124908:=[ [ 419, [ [ -2, 1, 1, 3, 3, 1, 3, 3, 1, 1, 1, 3, 3, 3, 3, 3, 3 ], [ 1, -2, 3, 1, 1, 1, 3, 3, 1, 1, 3, 1, 3, 3, 3, 3, 1 ], 
          [ 1, 3, -2, 1, 3, 1, 1, 1, 3, 1, 1, 3, 1, 1, 3, 3, 3 ], [ 3, 1, 1, -2, 3, 1, 3, 3, 3, 1, 3, 1, 1, 1, 3, 3, 1 ], 
          [ 3, 1, 3, 3, -2, 3, 1, 1, 1, 3, 3, 1, 3, 3, 1, 1, 1 ], [ 1, 1, 1, 1, 3, -2, 3, 3, 1, 3, 3, 3, 3, 3, 3, 3, 3 ], 
          [ 3, 3, 1, 3, 1, 3, -2, 1, 3, 1, 1, 1, 1, 1, 1, 1, 1 ], [ 3, 3, 1, 3, 1, 3, 1, -2, 1, 3, 1, 3, 1, 1, 1, 3, 3 ], 
          [ 1, 1, 3, 3, 1, 1, 3, 1, -2, 3, 3, 3, 3, 3, 1, 3, 3 ], [ 1, 1, 1, 1, 3, 3, 1, 3, 3, -2, 1, 1, 1, 1, 3, 3, 1 ], 
          [ 1, 3, 1, 3, 3, 3, 1, 1, 3, 1, -2, 1, 1, 1, 1, 3, 3 ], [ 3, 1, 3, 1, 1, 3, 1, 3, 3, 1, 1, -2, 1, 1, 1, 1, 1 ], 
          [ 3, 3, 1, 1, 3, 3, 1, 1, 3, 1, 1, 1, -2, 1, 1, 1, 1 ], [ 3, 3, 1, 1, 3, 3, 1, 1, 3, 1, 1, 1, 1, -2, 3, 3, 3 ], 
          [ 3, 3, 3, 3, 1, 3, 1, 1, 1, 3, 1, 1, 1, 3, -2, 1, 1 ], [ 3, 3, 3, 3, 1, 3, 1, 3, 3, 3, 3, 1, 1, 3, 1, -2, 1 ], 
          [ 3, 1, 3, 1, 1, 3, 1, 3, 3, 1, 3, 1, 1, 3, 1, 1, -2 ] ] ], 
  [ 328, [ [ -2, 1, 1, 3, 3, 1, 3, 3, 1, 1, 1, 3, 3, 3, 3, 1, 3 ], [ 1, -2, 3, 1, 1, 1, 3, 3, 1, 1, 3, 1, 3, 3, 3, 3, 3 ], 
          [ 1, 3, -2, 1, 3, 1, 1, 1, 3, 1, 1, 3, 1, 1, 3, 1, 3 ], [ 3, 1, 1, -2, 3, 1, 3, 3, 3, 1, 3, 1, 1, 1, 3, 3, 3 ], 
          [ 3, 1, 3, 3, -2, 3, 1, 1, 1, 3, 3, 1, 3, 3, 1, 3, 1 ], [ 1, 1, 1, 1, 3, -2, 3, 3, 1, 3, 3, 3, 3, 3, 3, 3, 3 ], 
          [ 3, 3, 1, 3, 1, 3, -2, 1, 3, 1, 1, 1, 1, 1, 1, 1, 1 ], [ 3, 3, 1, 3, 1, 3, 1, -2, 1, 3, 1, 3, 1, 1, 1, 1, 1 ], 
          [ 1, 1, 3, 3, 1, 1, 3, 1, -2, 3, 3, 3, 3, 3, 1, 3, 1 ], [ 1, 1, 1, 1, 3, 3, 1, 3, 3, -2, 1, 1, 1, 1, 3, 1, 3 ], 
          [ 1, 3, 1, 3, 3, 3, 1, 1, 3, 1, -2, 1, 1, 1, 1, 1, 1 ], [ 3, 1, 3, 1, 1, 3, 1, 3, 3, 1, 1, -2, 1, 1, 1, 3, 1 ], 
          [ 3, 3, 1, 1, 3, 3, 1, 1, 3, 1, 1, 1, -2, 1, 1, 1, 3 ], [ 3, 3, 1, 1, 3, 3, 1, 1, 3, 1, 1, 1, 1, -2, 3, 1, 1 ], 
          [ 3, 3, 3, 3, 1, 3, 1, 1, 1, 3, 1, 1, 1, 3, -2, 3, 1 ], [ 1, 3, 1, 3, 3, 3, 1, 1, 3, 1, 1, 3, 1, 1, 3, -2, 3 ], 
          [ 3, 3, 3, 3, 1, 3, 1, 1, 1, 3, 1, 1, 3, 1, 1, 3, -2 ] ] ], [ 419, [ [ -2, 1, 1, 3, 3, 1, 3, 3, 1, 1, 1, 3, 3, 3, 3, 1, 3 ], 
          [ 1, -2, 3, 1, 1, 1, 3, 3, 1, 1, 3, 1, 3, 3, 3, 3, 3 ], [ 1, 3, -2, 1, 3, 1, 1, 1, 3, 1, 1, 3, 1, 1, 3, 1, 3 ], 
          [ 3, 1, 1, -2, 3, 1, 3, 3, 3, 1, 3, 1, 1, 1, 3, 3, 3 ], [ 3, 1, 3, 3, -2, 3, 1, 1, 1, 3, 3, 1, 3, 3, 1, 3, 1 ], 
          [ 1, 1, 1, 1, 3, -2, 3, 3, 1, 3, 3, 3, 3, 3, 3, 1, 3 ], [ 3, 3, 1, 3, 1, 3, -2, 1, 3, 1, 1, 1, 1, 1, 1, 3, 1 ], 
          [ 3, 3, 1, 3, 1, 3, 1, -2, 1, 3, 1, 3, 1, 1, 1, 1, 3 ], [ 1, 1, 3, 3, 1, 1, 3, 1, -2, 3, 3, 3, 3, 3, 1, 1, 3 ], 
          [ 1, 1, 1, 1, 3, 3, 1, 3, 3, -2, 1, 1, 1, 1, 3, 3, 3 ], [ 1, 3, 1, 3, 3, 3, 1, 1, 3, 1, -2, 1, 1, 1, 1, 1, 3 ], 
          [ 3, 1, 3, 1, 1, 3, 1, 3, 3, 1, 1, -2, 1, 1, 1, 3, 1 ], [ 3, 3, 1, 1, 3, 3, 1, 1, 3, 1, 1, 1, -2, 1, 1, 3, 1 ], 
          [ 3, 3, 1, 1, 3, 3, 1, 1, 3, 1, 1, 1, 1, -2, 3, 1, 3 ], [ 3, 3, 3, 3, 1, 3, 1, 1, 1, 3, 1, 1, 1, 3, -2, 3, 1 ], 
          [ 1, 3, 1, 3, 3, 1, 3, 1, 1, 3, 1, 3, 3, 1, 3, -2, 3 ], [ 3, 3, 3, 3, 1, 3, 1, 3, 3, 3, 3, 1, 1, 3, 1, 3, -2 ] ] ], 
  [ 667, [ [ -2, 1, 1, 3, 3, 1, 3, 3, 1, 1, 1, 3, 3, 3, 3, 1, 1 ], [ 1, -2, 3, 1, 1, 1, 3, 3, 1, 1, 3, 1, 3, 3, 3, 1, 1 ], 
          [ 1, 3, -2, 1, 3, 1, 1, 1, 3, 1, 1, 3, 1, 1, 3, 1, 1 ], [ 3, 1, 1, -2, 3, 1, 3, 3, 3, 1, 3, 1, 1, 1, 3, 1, 1 ], 
          [ 3, 1, 3, 3, -2, 3, 1, 1, 1, 3, 3, 1, 3, 3, 1, 3, 3 ], [ 1, 1, 1, 1, 3, -2, 3, 3, 1, 3, 3, 3, 3, 3, 3, 1, 1 ], 
          [ 3, 3, 1, 3, 1, 3, -2, 1, 3, 1, 1, 1, 1, 1, 1, 3, 1 ], [ 3, 3, 1, 3, 1, 3, 1, -2, 1, 3, 1, 3, 1, 1, 1, 3, 3 ], 
          [ 1, 1, 3, 3, 1, 1, 3, 1, -2, 3, 3, 3, 3, 3, 1, 3, 3 ], [ 1, 1, 1, 1, 3, 3, 1, 3, 3, -2, 1, 1, 1, 1, 3, 1, 1 ], 
          [ 1, 3, 1, 3, 3, 3, 1, 1, 3, 1, -2, 1, 1, 1, 1, 3, 1 ], [ 3, 1, 3, 1, 1, 3, 1, 3, 3, 1, 1, -2, 1, 1, 1, 3, 1 ], 
          [ 3, 3, 1, 1, 3, 3, 1, 1, 3, 1, 1, 1, -2, 1, 1, 1, 3 ], [ 3, 3, 1, 1, 3, 3, 1, 1, 3, 1, 1, 1, 1, -2, 3, 3, 1 ], 
          [ 3, 3, 3, 3, 1, 3, 1, 1, 1, 3, 1, 1, 1, 3, -2, 3, 3 ], [ 1, 1, 1, 1, 3, 1, 3, 3, 3, 1, 3, 3, 1, 3, 3, -2, 3 ], 
          [ 1, 1, 1, 1, 3, 1, 1, 3, 3, 1, 1, 1, 3, 1, 3, 3, -2 ] ] ], 
  [ 345, [ [ -2, 1, 1, 3, 3, 1, 3, 3, 1, 1, 1, 3, 3, 3, 1, 3, 3 ], [ 1, -2, 3, 1, 1, 1, 3, 3, 1, 1, 3, 1, 3, 3, 1, 3, 1 ], 
          [ 1, 3, -2, 1, 3, 1, 1, 1, 3, 1, 1, 3, 1, 1, 1, 1, 3 ], [ 3, 1, 1, -2, 3, 1, 3, 3, 3, 1, 3, 1, 1, 1, 1, 1, 1 ], 
          [ 3, 1, 3, 3, -2, 3, 1, 1, 1, 3, 3, 1, 3, 3, 3, 3, 1 ], [ 1, 1, 1, 1, 3, -2, 3, 3, 1, 3, 3, 3, 3, 3, 1, 1, 3 ], 
          [ 3, 3, 1, 3, 1, 3, -2, 1, 3, 1, 1, 1, 1, 1, 1, 3, 3 ], [ 3, 3, 1, 3, 1, 3, 1, -2, 1, 3, 1, 3, 1, 1, 3, 1, 1 ], 
          [ 1, 1, 3, 3, 1, 1, 3, 1, -2, 3, 3, 3, 3, 3, 3, 1, 1 ], [ 1, 1, 1, 1, 3, 3, 1, 3, 3, -2, 1, 1, 1, 1, 1, 3, 3 ], 
          [ 1, 3, 1, 3, 3, 3, 1, 1, 3, 1, -2, 1, 1, 1, 1, 3, 3 ], [ 3, 1, 3, 1, 1, 3, 1, 3, 3, 1, 1, -2, 1, 1, 1, 3, 1 ], 
          [ 3, 3, 1, 1, 3, 3, 1, 1, 3, 1, 1, 1, -2, 1, 1, 1, 1 ], [ 3, 3, 1, 1, 3, 3, 1, 1, 3, 1, 1, 1, 1, -2, 3, 1, 1 ], 
          [ 1, 1, 1, 1, 3, 1, 1, 3, 3, 1, 1, 1, 1, 3, -2, 3, 3 ], [ 3, 3, 1, 1, 3, 1, 3, 1, 1, 3, 3, 3, 1, 1, 3, -2, 1 ], 
          [ 3, 1, 3, 1, 1, 3, 3, 1, 1, 3, 3, 1, 1, 1, 3, 1, -2 ] ] ], [ 380, [ [ -2, 1, 1, 3, 3, 1, 3, 3, 1, 1, 1, 3, 3, 3, 1, 3 ], 
          [ 1, -2, 3, 1, 1, 1, 3, 3, 1, 1, 3, 1, 3, 3, 1, 3 ], [ 1, 3, -2, 1, 3, 1, 1, 1, 3, 1, 1, 3, 1, 1, 1, 3 ], 
          [ 3, 1, 1, -2, 3, 1, 3, 3, 3, 1, 3, 1, 1, 1, 1, 3 ], [ 3, 1, 3, 3, -2, 3, 1, 1, 1, 3, 3, 1, 3, 3, 3, 1 ], 
          [ 1, 1, 1, 1, 3, -2, 3, 3, 1, 3, 3, 3, 3, 3, 1, 3 ], [ 3, 3, 1, 3, 1, 3, -2, 1, 3, 1, 1, 1, 1, 1, 1, 1 ], 
          [ 3, 3, 1, 3, 1, 3, 1, -2, 1, 3, 1, 3, 1, 1, 3, 1 ], [ 1, 1, 3, 3, 1, 1, 3, 1, -2, 3, 3, 3, 3, 3, 3, 1 ], 
          [ 1, 1, 1, 1, 3, 3, 1, 3, 3, -2, 1, 1, 1, 1, 1, 3 ], [ 1, 3, 1, 3, 3, 3, 1, 1, 3, 1, -2, 1, 1, 1, 1, 3 ], 
          [ 3, 1, 3, 1, 1, 3, 1, 3, 3, 1, 1, -2, 1, 1, 1, 3 ], [ 3, 3, 1, 1, 3, 3, 1, 1, 3, 1, 1, 1, -2, 1, 1, 1 ], 
          [ 3, 3, 1, 1, 3, 3, 1, 1, 3, 1, 1, 1, 1, -2, 3, 3 ], [ 1, 1, 1, 1, 3, 1, 1, 3, 3, 1, 1, 1, 1, 3, -2, 3 ], 
          [ 3, 3, 3, 3, 1, 3, 1, 1, 1, 3, 3, 3, 1, 3, 3, -2 ] ] ], [ 959, [ [ -2, 1, 1, 3, 3, 1, 3, 3, 1, 1, 1, 3, 3, 3, 3, 1, 1 ], 
          [ 1, -2, 3, 1, 1, 1, 3, 3, 1, 1, 3, 1, 3, 3, 1, 1, 1 ], [ 1, 3, -2, 1, 3, 1, 1, 1, 3, 1, 1, 3, 1, 1, 3, 1, 1 ], 
          [ 3, 1, 1, -2, 3, 1, 3, 3, 3, 1, 3, 1, 1, 1, 1, 1, 1 ], [ 3, 1, 3, 3, -2, 3, 1, 1, 1, 3, 3, 1, 3, 3, 1, 1, 3 ], 
          [ 1, 1, 1, 1, 3, -2, 3, 3, 1, 3, 3, 3, 3, 3, 1, 1, 1 ], [ 3, 3, 1, 3, 1, 3, -2, 1, 3, 1, 1, 1, 1, 1, 3, 3, 3 ], 
          [ 3, 3, 1, 3, 1, 3, 1, -2, 1, 3, 1, 3, 1, 1, 3, 1, 3 ], [ 1, 1, 3, 3, 1, 1, 3, 1, -2, 3, 3, 3, 3, 3, 3, 1, 3 ], 
          [ 1, 1, 1, 1, 3, 3, 1, 3, 3, -2, 1, 1, 1, 1, 3, 3, 1 ], [ 1, 3, 1, 3, 3, 3, 1, 1, 3, 1, -2, 1, 1, 1, 3, 3, 3 ], 
          [ 3, 1, 3, 1, 1, 3, 1, 3, 3, 1, 1, -2, 1, 1, 1, 3, 3 ], [ 3, 3, 1, 1, 3, 3, 1, 1, 3, 1, 1, 1, -2, 1, 3, 3, 1 ], 
          [ 3, 3, 1, 1, 3, 3, 1, 1, 3, 1, 1, 1, 1, -2, 3, 3, 3 ], [ 3, 1, 3, 1, 1, 1, 3, 3, 3, 3, 3, 1, 3, 3, -2, 1, 1 ], 
          [ 1, 1, 1, 1, 1, 1, 3, 1, 1, 3, 3, 3, 3, 3, 1, -2, 1 ], [ 1, 1, 1, 1, 3, 1, 3, 3, 3, 1, 3, 3, 1, 3, 1, 1, -2 ] ] ], 
  [ 347, [ [ -2, 1, 1, 3, 3, 1, 3, 3, 1, 1, 1, 3, 3, 3, 3, 3, 1 ], [ 1, -2, 3, 1, 1, 1, 3, 3, 1, 1, 3, 1, 3, 3, 1, 1, 3 ], 
          [ 1, 3, -2, 1, 3, 1, 1, 1, 3, 1, 1, 3, 1, 1, 3, 3, 1 ], [ 3, 1, 1, -2, 3, 1, 3, 3, 3, 1, 3, 1, 1, 1, 1, 1, 1 ], 
          [ 3, 1, 3, 3, -2, 3, 1, 1, 1, 3, 3, 1, 3, 3, 1, 1, 3 ], [ 1, 1, 1, 1, 3, -2, 3, 3, 1, 3, 3, 3, 3, 3, 1, 3, 3 ], 
          [ 3, 3, 1, 3, 1, 3, -2, 1, 3, 1, 1, 1, 1, 1, 3, 1, 3 ], [ 3, 3, 1, 3, 1, 3, 1, -2, 1, 3, 1, 3, 1, 1, 3, 3, 3 ], 
          [ 1, 1, 3, 3, 1, 1, 3, 1, -2, 3, 3, 3, 3, 3, 3, 3, 3 ], [ 1, 1, 1, 1, 3, 3, 1, 3, 3, -2, 1, 1, 1, 1, 3, 1, 1 ], 
          [ 1, 3, 1, 3, 3, 3, 1, 1, 3, 1, -2, 1, 1, 1, 3, 3, 1 ], [ 3, 1, 3, 1, 1, 3, 1, 3, 3, 1, 1, -2, 1, 1, 1, 1, 1 ], 
          [ 3, 3, 1, 1, 3, 3, 1, 1, 3, 1, 1, 1, -2, 1, 3, 1, 1 ], [ 3, 3, 1, 1, 3, 3, 1, 1, 3, 1, 1, 1, 1, -2, 3, 3, 1 ], 
          [ 3, 1, 3, 1, 1, 1, 3, 3, 3, 3, 3, 1, 3, 3, -2, 1, 3 ], [ 3, 1, 3, 1, 1, 3, 1, 3, 3, 1, 3, 1, 1, 3, 1, -2, 3 ], 
          [ 1, 3, 1, 1, 3, 3, 3, 3, 3, 1, 1, 1, 1, 1, 3, 3, -2 ] ] ], 
  [ 794, [ [ -2, 1, 1, 3, 3, 1, 3, 3, 1, 1, 1, 3, 3, 3, 3, 3, 3 ], [ 1, -2, 3, 1, 1, 1, 3, 3, 1, 1, 3, 1, 3, 3, 1, 1, 1 ], 
          [ 1, 3, -2, 1, 3, 1, 1, 1, 3, 1, 1, 3, 1, 1, 3, 3, 1 ], [ 3, 1, 1, -2, 3, 1, 3, 3, 3, 1, 3, 1, 1, 1, 1, 1, 1 ], 
          [ 3, 1, 3, 3, -2, 3, 1, 1, 1, 3, 3, 1, 3, 3, 1, 1, 1 ], [ 1, 1, 1, 1, 3, -2, 3, 3, 1, 3, 3, 3, 3, 3, 1, 3, 3 ], 
          [ 3, 3, 1, 3, 1, 3, -2, 1, 3, 1, 1, 1, 1, 1, 3, 1, 1 ], [ 3, 3, 1, 3, 1, 3, 1, -2, 1, 3, 1, 3, 1, 1, 3, 3, 1 ], 
          [ 1, 1, 3, 3, 1, 1, 3, 1, -2, 3, 3, 3, 3, 3, 3, 3, 3 ], [ 1, 1, 1, 1, 3, 3, 1, 3, 3, -2, 1, 1, 1, 1, 3, 1, 1 ], 
          [ 1, 3, 1, 3, 3, 3, 1, 1, 3, 1, -2, 1, 1, 1, 3, 3, 1 ], [ 3, 1, 3, 1, 1, 3, 1, 3, 3, 1, 1, -2, 1, 1, 1, 1, 1 ], 
          [ 3, 3, 1, 1, 3, 3, 1, 1, 3, 1, 1, 1, -2, 1, 3, 1, 1 ], [ 3, 3, 1, 1, 3, 3, 1, 1, 3, 1, 1, 1, 1, -2, 3, 3, 1 ], 
          [ 3, 1, 3, 1, 1, 1, 3, 3, 3, 3, 3, 1, 3, 3, -2, 1, 3 ], [ 3, 1, 3, 1, 1, 3, 1, 3, 3, 1, 3, 1, 1, 3, 1, -2, 1 ], 
          [ 3, 1, 1, 1, 1, 3, 1, 1, 3, 1, 1, 1, 1, 1, 3, 1, -2 ] ] ], [ 794, [ [ -2, 1, 1, 3, 3, 1, 3, 3, 1, 1, 1, 3, 3, 3, 3, 3, 1 ], 
          [ 1, -2, 3, 1, 1, 1, 3, 3, 1, 1, 3, 1, 3, 3, 1, 1, 3 ], [ 1, 3, -2, 1, 3, 1, 1, 1, 3, 1, 1, 3, 1, 1, 3, 3, 3 ], 
          [ 3, 1, 1, -2, 3, 1, 3, 3, 3, 1, 3, 1, 1, 1, 1, 1, 3 ], [ 3, 1, 3, 3, -2, 3, 1, 1, 1, 3, 3, 1, 3, 3, 1, 1, 3 ], 
          [ 1, 1, 1, 1, 3, -2, 3, 3, 1, 3, 3, 3, 3, 3, 1, 3, 1 ], [ 3, 3, 1, 3, 1, 3, -2, 1, 3, 1, 1, 1, 1, 1, 3, 1, 3 ], 
          [ 3, 3, 1, 3, 1, 3, 1, -2, 1, 3, 1, 3, 1, 1, 3, 3, 3 ], [ 1, 1, 3, 3, 1, 1, 3, 1, -2, 3, 3, 3, 3, 3, 3, 3, 1 ], 
          [ 1, 1, 1, 1, 3, 3, 1, 3, 3, -2, 1, 1, 1, 1, 3, 1, 3 ], [ 1, 3, 1, 3, 3, 3, 1, 1, 3, 1, -2, 1, 1, 1, 3, 3, 3 ], 
          [ 3, 1, 3, 1, 1, 3, 1, 3, 3, 1, 1, -2, 1, 1, 1, 1, 3 ], [ 3, 3, 1, 1, 3, 3, 1, 1, 3, 1, 1, 1, -2, 1, 3, 1, 3 ], 
          [ 3, 3, 1, 1, 3, 3, 1, 1, 3, 1, 1, 1, 1, -2, 3, 3, 3 ], [ 3, 1, 3, 1, 1, 1, 3, 3, 3, 3, 3, 1, 3, 3, -2, 1, 1 ], 
          [ 3, 1, 3, 1, 1, 3, 1, 3, 3, 1, 3, 1, 1, 3, 1, -2, 3 ], [ 1, 3, 3, 3, 3, 1, 3, 3, 1, 3, 3, 3, 3, 3, 1, 3, -2 ] ] ], 
  [ 691, [ [ -2, 1, 1, 3, 3, 1, 3, 3, 1, 1, 1, 3, 3, 3, 3, 3 ], [ 1, -2, 3, 1, 1, 1, 3, 3, 1, 1, 3, 1, 3, 3, 3, 3 ], 
          [ 1, 3, -2, 1, 3, 1, 1, 1, 3, 1, 1, 3, 1, 1, 1, 3 ], [ 3, 1, 1, -2, 3, 1, 3, 3, 3, 1, 3, 1, 1, 1, 1, 3 ], 
          [ 3, 1, 3, 3, -2, 3, 1, 1, 1, 3, 3, 1, 3, 3, 3, 1 ], [ 1, 1, 1, 1, 3, -2, 3, 3, 1, 3, 3, 3, 3, 1, 3, 3 ], 
          [ 3, 3, 1, 3, 1, 3, -2, 1, 3, 1, 1, 1, 1, 3, 1, 1 ], [ 3, 3, 1, 3, 1, 3, 1, -2, 1, 3, 1, 3, 1, 1, 1, 1 ], 
          [ 1, 1, 3, 3, 1, 1, 3, 1, -2, 3, 3, 3, 3, 1, 3, 1 ], [ 1, 1, 1, 1, 3, 3, 1, 3, 3, -2, 1, 1, 1, 3, 1, 3 ], 
          [ 1, 3, 1, 3, 3, 3, 1, 1, 3, 1, -2, 1, 1, 3, 3, 3 ], [ 3, 1, 3, 1, 1, 3, 1, 3, 3, 1, 1, -2, 1, 3, 3, 3 ], 
          [ 3, 3, 1, 1, 3, 3, 1, 1, 3, 1, 1, 1, -2, 1, 1, 1 ], [ 3, 3, 1, 1, 3, 1, 3, 1, 1, 3, 3, 3, 1, -2, 1, 1 ], 
          [ 3, 3, 1, 1, 3, 3, 1, 1, 3, 1, 3, 3, 1, 1, -2, 1 ], [ 3, 3, 3, 3, 1, 3, 1, 1, 1, 3, 3, 3, 1, 1, 1, -2 ] ] ], 
  [ 322, [ [ -2, 1, 1, 3, 3, 1, 3, 3, 1, 1, 1, 3, 1, 1, 3, 1 ], [ 1, -2, 3, 1, 1, 1, 3, 3, 1, 1, 3, 1, 1, 1, 3, 1 ], 
          [ 1, 3, -2, 1, 3, 1, 1, 1, 3, 1, 1, 3, 1, 1, 3, 3 ], [ 3, 1, 1, -2, 3, 1, 3, 3, 3, 1, 3, 1, 1, 1, 3, 3 ], 
          [ 3, 1, 3, 3, -2, 3, 1, 1, 1, 3, 3, 1, 3, 3, 1, 1 ], [ 1, 1, 1, 1, 3, -2, 3, 3, 1, 3, 3, 3, 1, 1, 3, 3 ], 
          [ 3, 3, 1, 3, 1, 3, -2, 1, 3, 1, 1, 1, 1, 3, 1, 1 ], [ 3, 3, 1, 3, 1, 3, 1, -2, 1, 3, 1, 3, 3, 3, 1, 3 ], 
          [ 1, 1, 3, 3, 1, 1, 3, 1, -2, 3, 3, 3, 3, 3, 1, 3 ], [ 1, 1, 1, 1, 3, 3, 1, 3, 3, -2, 1, 1, 1, 1, 3, 1 ], 
          [ 1, 3, 1, 3, 3, 3, 1, 1, 3, 1, -2, 1, 1, 1, 3, 1 ], [ 3, 1, 3, 1, 1, 3, 1, 3, 3, 1, 1, -2, 1, 1, 3, 1 ], 
          [ 1, 1, 1, 1, 3, 1, 1, 3, 3, 1, 1, 1, -2, 1, 3, 1 ], [ 1, 1, 1, 1, 3, 1, 3, 3, 3, 1, 1, 1, 1, -2, 3, 3 ], 
          [ 3, 3, 3, 3, 1, 3, 1, 1, 1, 3, 3, 3, 3, 3, -2, 3 ], [ 1, 1, 3, 3, 1, 3, 1, 3, 3, 1, 1, 1, 1, 3, 3, -2 ] ] ], 
  [ 416, [ [ -2, 1, 1, 3, 3, 1, 3, 3, 1, 1, 1, 3, 1, 1, 3, 3, 3 ], [ 1, -2, 3, 1, 1, 1, 3, 3, 1, 1, 3, 1, 1, 1, 3, 3, 1 ], 
          [ 1, 3, -2, 1, 3, 1, 1, 1, 3, 1, 1, 3, 1, 1, 3, 1, 3 ], [ 3, 1, 1, -2, 3, 1, 3, 3, 3, 1, 3, 1, 1, 1, 3, 1, 1 ], 
          [ 3, 1, 3, 3, -2, 3, 1, 1, 1, 3, 3, 1, 3, 3, 1, 3, 1 ], [ 1, 1, 1, 1, 3, -2, 3, 3, 1, 3, 3, 3, 1, 1, 3, 3, 3 ], 
          [ 3, 3, 1, 3, 1, 3, -2, 1, 3, 1, 1, 1, 1, 3, 1, 1, 3 ], [ 3, 3, 1, 3, 1, 3, 1, -2, 1, 3, 1, 3, 3, 3, 1, 1, 3 ], 
          [ 1, 1, 3, 3, 1, 1, 3, 1, -2, 3, 3, 3, 3, 3, 1, 3, 3 ], [ 1, 1, 1, 1, 3, 3, 1, 3, 3, -2, 1, 1, 1, 1, 3, 1, 1 ], 
          [ 1, 3, 1, 3, 3, 3, 1, 1, 3, 1, -2, 1, 1, 1, 3, 1, 3 ], [ 3, 1, 3, 1, 1, 3, 1, 3, 3, 1, 1, -2, 1, 1, 3, 1, 1 ], 
          [ 1, 1, 1, 1, 3, 1, 1, 3, 3, 1, 1, 1, -2, 1, 3, 1, 3 ], [ 1, 1, 1, 1, 3, 1, 3, 3, 3, 1, 1, 1, 1, -2, 3, 3, 1 ], 
          [ 3, 3, 3, 3, 1, 3, 1, 1, 1, 3, 3, 3, 3, 3, -2, 3, 3 ], [ 3, 3, 1, 1, 3, 3, 1, 1, 3, 1, 1, 1, 1, 3, 3, -2, 3 ], 
          [ 3, 1, 3, 1, 1, 3, 3, 3, 3, 1, 3, 1, 3, 1, 3, 3, -2 ] ] ], 
  [ 373, [ [ -2, 1, 1, 3, 3, 1, 3, 3, 1, 1, 1, 3, 1, 1, 3, 3, 1 ], [ 1, -2, 3, 1, 1, 1, 3, 3, 1, 1, 3, 1, 1, 1, 3, 3, 3 ], 
          [ 1, 3, -2, 1, 3, 1, 1, 1, 3, 1, 1, 3, 1, 1, 3, 1, 1 ], [ 3, 1, 1, -2, 3, 1, 3, 3, 3, 1, 3, 1, 1, 1, 3, 1, 3 ], 
          [ 3, 1, 3, 3, -2, 3, 1, 1, 1, 3, 3, 1, 3, 3, 1, 3, 3 ], [ 1, 1, 1, 1, 3, -2, 3, 3, 1, 3, 3, 3, 1, 1, 3, 3, 1 ], 
          [ 3, 3, 1, 3, 1, 3, -2, 1, 3, 1, 1, 1, 1, 3, 1, 1, 3 ], [ 3, 3, 1, 3, 1, 3, 1, -2, 1, 3, 1, 3, 3, 3, 1, 1, 1 ], 
          [ 1, 1, 3, 3, 1, 1, 3, 1, -2, 3, 3, 3, 3, 3, 1, 3, 1 ], [ 1, 1, 1, 1, 3, 3, 1, 3, 3, -2, 1, 1, 1, 1, 3, 1, 3 ], 
          [ 1, 3, 1, 3, 3, 3, 1, 1, 3, 1, -2, 1, 1, 1, 3, 1, 1 ], [ 3, 1, 3, 1, 1, 3, 1, 3, 3, 1, 1, -2, 1, 1, 3, 1, 3 ], 
          [ 1, 1, 1, 1, 3, 1, 1, 3, 3, 1, 1, 1, -2, 1, 3, 1, 3 ], [ 1, 1, 1, 1, 3, 1, 3, 3, 3, 1, 1, 1, 1, -2, 3, 1, 1 ], 
          [ 3, 3, 3, 3, 1, 3, 1, 1, 1, 3, 3, 3, 3, 3, -2, 1, 3 ], [ 3, 3, 1, 1, 3, 3, 1, 1, 3, 1, 1, 1, 1, 1, 1, -2, 3 ], 
          [ 1, 3, 1, 3, 3, 1, 3, 1, 1, 3, 1, 3, 3, 1, 3, 3, -2 ] ] ], [ 373, [ [ -2, 1, 1, 3, 3, 1, 3, 3, 1, 1, 1, 3, 1, 1, 3, 3, 3 ], 
          [ 1, -2, 3, 1, 1, 1, 3, 3, 1, 1, 3, 1, 1, 1, 3, 3, 1 ], [ 1, 3, -2, 1, 3, 1, 1, 1, 3, 1, 1, 3, 1, 1, 3, 1, 3 ], 
          [ 3, 1, 1, -2, 3, 1, 3, 3, 3, 1, 3, 1, 1, 1, 3, 1, 1 ], [ 3, 1, 3, 3, -2, 3, 1, 1, 1, 3, 3, 1, 3, 3, 1, 3, 1 ], 
          [ 1, 1, 1, 1, 3, -2, 3, 3, 1, 3, 3, 3, 1, 1, 3, 3, 3 ], [ 3, 3, 1, 3, 1, 3, -2, 1, 3, 1, 1, 1, 1, 3, 1, 1, 1 ], 
          [ 3, 3, 1, 3, 1, 3, 1, -2, 1, 3, 1, 3, 3, 3, 1, 1, 3 ], [ 1, 1, 3, 3, 1, 1, 3, 1, -2, 3, 3, 3, 3, 3, 1, 3, 3 ], 
          [ 1, 1, 1, 1, 3, 3, 1, 3, 3, -2, 1, 1, 1, 1, 3, 1, 1 ], [ 1, 3, 1, 3, 3, 3, 1, 1, 3, 1, -2, 1, 1, 1, 3, 1, 3 ], 
          [ 3, 1, 3, 1, 1, 3, 1, 3, 3, 1, 1, -2, 1, 1, 3, 1, 1 ], [ 1, 1, 1, 1, 3, 1, 1, 3, 3, 1, 1, 1, -2, 1, 3, 1, 1 ], 
          [ 1, 1, 1, 1, 3, 1, 3, 3, 3, 1, 1, 1, 1, -2, 3, 1, 3 ], [ 3, 3, 3, 3, 1, 3, 1, 1, 1, 3, 3, 3, 3, 3, -2, 1, 1 ], 
          [ 3, 3, 1, 1, 3, 3, 1, 1, 3, 1, 1, 1, 1, 1, 1, -2, 1 ], [ 3, 1, 3, 1, 1, 3, 1, 3, 3, 1, 3, 1, 1, 3, 1, 1, -2 ] ] ], 
  [ 416, [ [ -2, 1, 1, 3, 3, 1, 3, 3, 1, 1, 1, 3, 1, 1, 3, 3, 3 ], [ 1, -2, 3, 1, 1, 1, 3, 3, 1, 1, 3, 1, 1, 1, 3, 3, 1 ], 
          [ 1, 3, -2, 1, 3, 1, 1, 1, 3, 1, 1, 3, 1, 1, 3, 1, 3 ], [ 3, 1, 1, -2, 3, 1, 3, 3, 3, 1, 3, 1, 1, 1, 3, 1, 1 ], 
          [ 3, 1, 3, 3, -2, 3, 1, 1, 1, 3, 3, 1, 3, 3, 1, 3, 1 ], [ 1, 1, 1, 1, 3, -2, 3, 3, 1, 3, 3, 3, 1, 1, 3, 3, 3 ], 
          [ 3, 3, 1, 3, 1, 3, -2, 1, 3, 1, 1, 1, 1, 3, 1, 1, 3 ], [ 3, 3, 1, 3, 1, 3, 1, -2, 1, 3, 1, 3, 3, 3, 1, 1, 3 ], 
          [ 1, 1, 3, 3, 1, 1, 3, 1, -2, 3, 3, 3, 3, 3, 1, 3, 3 ], [ 1, 1, 1, 1, 3, 3, 1, 3, 3, -2, 1, 1, 1, 1, 3, 1, 1 ], 
          [ 1, 3, 1, 3, 3, 3, 1, 1, 3, 1, -2, 1, 1, 1, 3, 1, 3 ], [ 3, 1, 3, 1, 1, 3, 1, 3, 3, 1, 1, -2, 1, 1, 3, 1, 1 ], 
          [ 1, 1, 1, 1, 3, 1, 1, 3, 3, 1, 1, 1, -2, 1, 3, 1, 3 ], [ 1, 1, 1, 1, 3, 1, 3, 3, 3, 1, 1, 1, 1, -2, 3, 1, 1 ], 
          [ 3, 3, 3, 3, 1, 3, 1, 1, 1, 3, 3, 3, 3, 3, -2, 1, 3 ], [ 3, 3, 1, 1, 3, 3, 1, 1, 3, 1, 1, 1, 1, 1, 1, -2, 3 ], 
          [ 3, 1, 3, 1, 1, 3, 3, 3, 3, 1, 3, 1, 3, 1, 3, 3, -2 ] ] ], 
  [ 488, [ [ -2, 1, 1, 3, 3, 1, 3, 3, 1, 1, 1, 3, 1, 1, 1, 1 ], [ 1, -2, 3, 1, 1, 1, 3, 3, 1, 1, 3, 1, 1, 1, 1, 1 ], 
          [ 1, 3, -2, 1, 3, 1, 1, 1, 3, 1, 1, 3, 1, 1, 1, 3 ], [ 3, 1, 1, -2, 3, 1, 3, 3, 3, 1, 3, 1, 1, 1, 1, 3 ], 
          [ 3, 1, 3, 3, -2, 3, 1, 1, 1, 3, 3, 1, 3, 3, 3, 1 ], [ 1, 1, 1, 1, 3, -2, 3, 3, 1, 3, 3, 3, 1, 1, 1, 1 ], 
          [ 3, 3, 1, 3, 1, 3, -2, 1, 3, 1, 1, 1, 1, 3, 3, 3 ], [ 3, 3, 1, 3, 1, 3, 1, -2, 1, 3, 1, 3, 3, 3, 3, 3 ], 
          [ 1, 1, 3, 3, 1, 1, 3, 1, -2, 3, 3, 3, 3, 3, 1, 1 ], [ 1, 1, 1, 1, 3, 3, 1, 3, 3, -2, 1, 1, 1, 1, 1, 3 ], 
          [ 1, 3, 1, 3, 3, 3, 1, 1, 3, 1, -2, 1, 1, 1, 3, 3 ], [ 3, 1, 3, 1, 1, 3, 1, 3, 3, 1, 1, -2, 1, 1, 3, 3 ], 
          [ 1, 1, 1, 1, 3, 1, 1, 3, 3, 1, 1, 1, -2, 1, 1, 1 ], [ 1, 1, 1, 1, 3, 1, 3, 3, 3, 1, 1, 1, 1, -2, 1, 3 ], 
          [ 1, 1, 1, 1, 3, 1, 3, 3, 1, 1, 3, 3, 1, 1, -2, 1 ], [ 1, 1, 3, 3, 1, 1, 3, 3, 1, 3, 3, 3, 1, 3, 1, -2 ] ] ], 
  [ 529, [ [ -2, 1, 1, 3, 3, 1, 3, 3, 1, 1, 1, 3, 1, 1, 1, 1, 3 ], [ 1, -2, 3, 1, 1, 1, 3, 3, 1, 1, 3, 1, 1, 1, 1, 1, 3 ], 
          [ 1, 3, -2, 1, 3, 1, 1, 1, 3, 1, 1, 3, 1, 1, 1, 3, 3 ], [ 3, 1, 1, -2, 3, 1, 3, 3, 3, 1, 3, 1, 1, 1, 1, 3, 3 ], 
          [ 3, 1, 3, 3, -2, 3, 1, 1, 1, 3, 3, 1, 3, 3, 3, 1, 1 ], [ 1, 1, 1, 1, 3, -2, 3, 3, 1, 3, 3, 3, 1, 1, 1, 1, 3 ], 
          [ 3, 3, 1, 3, 1, 3, -2, 1, 3, 1, 1, 1, 1, 3, 3, 3, 1 ], [ 3, 3, 1, 3, 1, 3, 1, -2, 1, 3, 1, 3, 3, 3, 3, 3, 1 ], 
          [ 1, 1, 3, 3, 1, 1, 3, 1, -2, 3, 3, 3, 3, 3, 1, 1, 1 ], [ 1, 1, 1, 1, 3, 3, 1, 3, 3, -2, 1, 1, 1, 1, 1, 3, 3 ], 
          [ 1, 3, 1, 3, 3, 3, 1, 1, 3, 1, -2, 1, 1, 1, 3, 3, 1 ], [ 3, 1, 3, 1, 1, 3, 1, 3, 3, 1, 1, -2, 1, 1, 3, 3, 1 ], 
          [ 1, 1, 1, 1, 3, 1, 1, 3, 3, 1, 1, 1, -2, 1, 1, 1, 3 ], [ 1, 1, 1, 1, 3, 1, 3, 3, 3, 1, 1, 1, 1, -2, 1, 3, 3 ], 
          [ 1, 1, 1, 1, 3, 1, 3, 3, 1, 1, 3, 3, 1, 1, -2, 1, 3 ], [ 1, 1, 3, 3, 1, 1, 3, 3, 1, 3, 3, 3, 1, 3, 1, -2, 3 ], 
          [ 3, 3, 3, 3, 1, 3, 1, 1, 1, 3, 1, 1, 3, 3, 3, 3, -2 ] ] ], [ 529, [ [ -2, 1, 1, 3, 3, 1, 3, 3, 1, 1, 1, 3, 1, 1, 1, 1, 1 ], 
          [ 1, -2, 3, 1, 1, 1, 3, 3, 1, 1, 3, 1, 1, 1, 1, 1, 1 ], [ 1, 3, -2, 1, 3, 1, 1, 1, 3, 1, 1, 3, 1, 1, 1, 3, 1 ], 
          [ 3, 1, 1, -2, 3, 1, 3, 3, 3, 1, 3, 1, 1, 1, 1, 3, 1 ], [ 3, 1, 3, 3, -2, 3, 1, 1, 1, 3, 3, 1, 3, 3, 3, 1, 3 ], 
          [ 1, 1, 1, 1, 3, -2, 3, 3, 1, 3, 3, 3, 1, 1, 1, 1, 1 ], [ 3, 3, 1, 3, 1, 3, -2, 1, 3, 1, 1, 1, 1, 3, 3, 3, 3 ], 
          [ 3, 3, 1, 3, 1, 3, 1, -2, 1, 3, 1, 3, 3, 3, 3, 3, 3 ], [ 1, 1, 3, 3, 1, 1, 3, 1, -2, 3, 3, 3, 3, 3, 1, 1, 3 ], 
          [ 1, 1, 1, 1, 3, 3, 1, 3, 3, -2, 1, 1, 1, 1, 1, 3, 1 ], [ 1, 3, 1, 3, 3, 3, 1, 1, 3, 1, -2, 1, 1, 1, 3, 3, 3 ], 
          [ 3, 1, 3, 1, 1, 3, 1, 3, 3, 1, 1, -2, 1, 1, 3, 3, 3 ], [ 1, 1, 1, 1, 3, 1, 1, 3, 3, 1, 1, 1, -2, 1, 1, 1, 1 ], 
          [ 1, 1, 1, 1, 3, 1, 3, 3, 3, 1, 1, 1, 1, -2, 1, 3, 1 ], [ 1, 1, 1, 1, 3, 1, 3, 3, 1, 1, 3, 3, 1, 1, -2, 1, 1 ], 
          [ 1, 1, 3, 3, 1, 1, 3, 3, 1, 3, 3, 3, 1, 3, 1, -2, 1 ], [ 1, 1, 1, 1, 3, 1, 3, 3, 3, 1, 3, 3, 1, 1, 1, 1, -2 ] ] ], 
  [ 529, [ [ -2, 1, 1, 3, 3, 1, 3, 3, 1, 1, 1, 3, 1, 1, 1, 1, 3 ], [ 1, -2, 3, 1, 1, 1, 3, 3, 1, 1, 3, 1, 1, 1, 1, 1, 3 ], 
          [ 1, 3, -2, 1, 3, 1, 1, 1, 3, 1, 1, 3, 1, 1, 1, 3, 3 ], [ 3, 1, 1, -2, 3, 1, 3, 3, 3, 1, 3, 1, 1, 1, 1, 3, 3 ], 
          [ 3, 1, 3, 3, -2, 3, 1, 1, 1, 3, 3, 1, 3, 3, 3, 1, 1 ], [ 1, 1, 1, 1, 3, -2, 3, 3, 1, 3, 3, 3, 1, 1, 1, 1, 3 ], 
          [ 3, 3, 1, 3, 1, 3, -2, 1, 3, 1, 1, 1, 1, 3, 3, 3, 1 ], [ 3, 3, 1, 3, 1, 3, 1, -2, 1, 3, 1, 3, 3, 3, 3, 3, 1 ], 
          [ 1, 1, 3, 3, 1, 1, 3, 1, -2, 3, 3, 3, 3, 3, 1, 1, 1 ], [ 1, 1, 1, 1, 3, 3, 1, 3, 3, -2, 1, 1, 1, 1, 1, 3, 3 ], 
          [ 1, 3, 1, 3, 3, 3, 1, 1, 3, 1, -2, 1, 1, 1, 3, 3, 1 ], [ 3, 1, 3, 1, 1, 3, 1, 3, 3, 1, 1, -2, 1, 1, 3, 3, 1 ], 
          [ 1, 1, 1, 1, 3, 1, 1, 3, 3, 1, 1, 1, -2, 1, 1, 1, 3 ], [ 1, 1, 1, 1, 3, 1, 3, 3, 3, 1, 1, 1, 1, -2, 1, 3, 3 ], 
          [ 1, 1, 1, 1, 3, 1, 3, 3, 1, 1, 3, 3, 1, 1, -2, 1, 3 ], [ 1, 1, 3, 3, 1, 1, 3, 3, 1, 3, 3, 3, 1, 3, 1, -2, 3 ], 
          [ 3, 3, 3, 3, 1, 3, 1, 1, 1, 3, 1, 1, 3, 3, 3, 3, -2 ] ] ], 
  [ 529, [ [ -2, 1, 1, 3, 3, 1, 3, 3, 1, 1, 1, 3, 1, 1, 1, 1, 3 ], [ 1, -2, 3, 1, 1, 1, 3, 3, 1, 1, 3, 1, 1, 1, 1, 1, 3 ], 
          [ 1, 3, -2, 1, 3, 1, 1, 1, 3, 1, 1, 3, 1, 1, 1, 3, 3 ], [ 3, 1, 1, -2, 3, 1, 3, 3, 3, 1, 3, 1, 1, 1, 1, 3, 3 ], 
          [ 3, 1, 3, 3, -2, 3, 1, 1, 1, 3, 3, 1, 3, 3, 3, 1, 1 ], [ 1, 1, 1, 1, 3, -2, 3, 3, 1, 3, 3, 3, 1, 1, 1, 1, 3 ], 
          [ 3, 3, 1, 3, 1, 3, -2, 1, 3, 1, 1, 1, 1, 3, 3, 3, 1 ], [ 3, 3, 1, 3, 1, 3, 1, -2, 1, 3, 1, 3, 3, 3, 3, 3, 1 ], 
          [ 1, 1, 3, 3, 1, 1, 3, 1, -2, 3, 3, 3, 3, 3, 1, 1, 1 ], [ 1, 1, 1, 1, 3, 3, 1, 3, 3, -2, 1, 1, 1, 1, 1, 3, 3 ], 
          [ 1, 3, 1, 3, 3, 3, 1, 1, 3, 1, -2, 1, 1, 1, 3, 3, 1 ], [ 3, 1, 3, 1, 1, 3, 1, 3, 3, 1, 1, -2, 1, 1, 3, 3, 1 ], 
          [ 1, 1, 1, 1, 3, 1, 1, 3, 3, 1, 1, 1, -2, 1, 1, 1, 3 ], [ 1, 1, 1, 1, 3, 1, 3, 3, 3, 1, 1, 1, 1, -2, 1, 3, 3 ], 
          [ 1, 1, 1, 1, 3, 1, 3, 3, 1, 1, 3, 3, 1, 1, -2, 1, 3 ], [ 1, 1, 3, 3, 1, 1, 3, 3, 1, 3, 3, 3, 1, 3, 1, -2, 3 ], 
          [ 3, 3, 3, 3, 1, 3, 1, 1, 1, 3, 1, 1, 3, 3, 3, 3, -2 ] ] ], [ 529, [ [ -2, 1, 1, 3, 3, 1, 3, 3, 1, 1, 1, 3, 1, 1, 1, 1, 3 ], 
          [ 1, -2, 3, 1, 1, 1, 3, 3, 1, 1, 3, 1, 1, 1, 1, 1, 3 ], [ 1, 3, -2, 1, 3, 1, 1, 1, 3, 1, 1, 3, 1, 1, 1, 3, 3 ], 
          [ 3, 1, 1, -2, 3, 1, 3, 3, 3, 1, 3, 1, 1, 1, 1, 3, 3 ], [ 3, 1, 3, 3, -2, 3, 1, 1, 1, 3, 3, 1, 3, 3, 3, 1, 1 ], 
          [ 1, 1, 1, 1, 3, -2, 3, 3, 1, 3, 3, 3, 1, 1, 1, 1, 3 ], [ 3, 3, 1, 3, 1, 3, -2, 1, 3, 1, 1, 1, 1, 3, 3, 3, 1 ], 
          [ 3, 3, 1, 3, 1, 3, 1, -2, 1, 3, 1, 3, 3, 3, 3, 3, 1 ], [ 1, 1, 3, 3, 1, 1, 3, 1, -2, 3, 3, 3, 3, 3, 1, 1, 1 ], 
          [ 1, 1, 1, 1, 3, 3, 1, 3, 3, -2, 1, 1, 1, 1, 1, 3, 3 ], [ 1, 3, 1, 3, 3, 3, 1, 1, 3, 1, -2, 1, 1, 1, 3, 3, 1 ], 
          [ 3, 1, 3, 1, 1, 3, 1, 3, 3, 1, 1, -2, 1, 1, 3, 3, 1 ], [ 1, 1, 1, 1, 3, 1, 1, 3, 3, 1, 1, 1, -2, 1, 1, 1, 3 ], 
          [ 1, 1, 1, 1, 3, 1, 3, 3, 3, 1, 1, 1, 1, -2, 1, 3, 3 ], [ 1, 1, 1, 1, 3, 1, 3, 3, 1, 1, 3, 3, 1, 1, -2, 1, 3 ], 
          [ 1, 1, 3, 3, 1, 1, 3, 3, 1, 3, 3, 3, 1, 3, 1, -2, 3 ], [ 3, 3, 3, 3, 1, 3, 1, 1, 1, 3, 1, 1, 3, 3, 3, 3, -2 ] ] ], 
  [ 863, [ [ -2, 1, 1, 3, 3, 1, 3, 3, 1, 1, 1, 3, 1, 1, 3, 3, 1 ], [ 1, -2, 3, 1, 1, 1, 3, 3, 1, 1, 3, 1, 1, 1, 1, 1, 1 ], 
          [ 1, 3, -2, 1, 3, 1, 1, 1, 3, 1, 1, 3, 1, 1, 3, 3, 3 ], [ 3, 1, 1, -2, 3, 1, 3, 3, 3, 1, 3, 1, 1, 1, 1, 1, 3 ], 
          [ 3, 1, 3, 3, -2, 3, 1, 1, 1, 3, 3, 1, 3, 3, 1, 3, 1 ], [ 1, 1, 1, 1, 3, -2, 3, 3, 1, 3, 3, 3, 1, 1, 3, 1, 1 ], 
          [ 3, 3, 1, 3, 1, 3, -2, 1, 3, 1, 1, 1, 1, 3, 3, 3, 3 ], [ 3, 3, 1, 3, 1, 3, 1, -2, 1, 3, 1, 3, 3, 3, 1, 3, 3 ], 
          [ 1, 1, 3, 3, 1, 1, 3, 1, -2, 3, 3, 3, 3, 3, 1, 3, 1 ], [ 1, 1, 1, 1, 3, 3, 1, 3, 3, -2, 1, 1, 1, 1, 3, 3, 3 ], 
          [ 1, 3, 1, 3, 3, 3, 1, 1, 3, 1, -2, 1, 1, 1, 3, 3, 3 ], [ 3, 1, 3, 1, 1, 3, 1, 3, 3, 1, 1, -2, 1, 1, 1, 1, 3 ], 
          [ 1, 1, 1, 1, 3, 1, 1, 3, 3, 1, 1, 1, -2, 1, 3, 1, 3 ], [ 1, 1, 1, 1, 3, 1, 3, 3, 3, 1, 1, 1, 1, -2, 3, 1, 1 ], 
          [ 3, 1, 3, 1, 1, 3, 3, 1, 1, 3, 3, 1, 3, 3, -2, 1, 3 ], [ 3, 1, 3, 1, 3, 1, 3, 3, 3, 3, 3, 1, 1, 1, 1, -2, 3 ], 
          [ 1, 1, 3, 3, 1, 1, 3, 3, 1, 3, 3, 3, 3, 1, 3, 3, -2 ] ] ], 
  [ 341, [ [ -2, 1, 1, 3, 3, 1, 3, 3, 1, 1, 1, 3, 1, 1, 3, 1 ], [ 1, -2, 3, 1, 1, 1, 3, 3, 1, 1, 3, 1, 1, 1, 3, 3 ], 
          [ 1, 3, -2, 1, 3, 1, 1, 1, 3, 1, 1, 3, 1, 1, 1, 1 ], [ 3, 1, 1, -2, 3, 1, 3, 3, 3, 1, 3, 1, 1, 1, 1, 3 ], 
          [ 3, 1, 3, 3, -2, 3, 1, 1, 1, 3, 3, 1, 3, 3, 3, 3 ], [ 1, 1, 1, 1, 3, -2, 3, 3, 1, 3, 3, 3, 1, 1, 1, 3 ], 
          [ 3, 3, 1, 3, 1, 3, -2, 1, 3, 1, 1, 1, 1, 3, 3, 1 ], [ 3, 3, 1, 3, 1, 3, 1, -2, 1, 3, 1, 3, 3, 3, 1, 1 ], 
          [ 1, 1, 3, 3, 1, 1, 3, 1, -2, 3, 3, 3, 3, 3, 1, 3 ], [ 1, 1, 1, 1, 3, 3, 1, 3, 3, -2, 1, 1, 1, 1, 3, 1 ], 
          [ 1, 3, 1, 3, 3, 3, 1, 1, 3, 1, -2, 1, 1, 1, 3, 1 ], [ 3, 1, 3, 1, 1, 3, 1, 3, 3, 1, 1, -2, 1, 1, 3, 3 ], 
          [ 1, 1, 1, 1, 3, 1, 1, 3, 3, 1, 1, 1, -2, 1, 3, 1 ], [ 1, 1, 1, 1, 3, 1, 3, 3, 3, 1, 1, 1, 1, -2, 1, 3 ], 
          [ 3, 3, 1, 1, 3, 1, 3, 1, 1, 3, 3, 3, 3, 1, -2, 3 ], [ 1, 3, 1, 3, 3, 3, 1, 1, 3, 1, 1, 3, 1, 3, 3, -2 ] ] ], 
  [ 373, [ [ -2, 1, 1, 3, 3, 1, 3, 3, 1, 1, 1, 3, 1, 1, 1, 3, 1 ], [ 1, -2, 3, 1, 1, 1, 3, 3, 1, 1, 3, 1, 1, 1, 1, 3, 3 ], 
          [ 1, 3, -2, 1, 3, 1, 1, 1, 3, 1, 1, 3, 1, 1, 1, 1, 1 ], [ 3, 1, 1, -2, 3, 1, 3, 3, 3, 1, 3, 1, 1, 1, 1, 1, 3 ], 
          [ 3, 1, 3, 3, -2, 3, 1, 1, 1, 3, 3, 1, 3, 3, 3, 3, 3 ], [ 1, 1, 1, 1, 3, -2, 3, 3, 1, 3, 3, 3, 1, 1, 1, 3, 1 ], 
          [ 3, 3, 1, 3, 1, 3, -2, 1, 3, 1, 1, 1, 1, 3, 3, 1, 3 ], [ 3, 3, 1, 3, 1, 3, 1, -2, 1, 3, 1, 3, 3, 3, 3, 1, 1 ], 
          [ 1, 1, 3, 3, 1, 1, 3, 1, -2, 3, 3, 3, 3, 3, 3, 3, 1 ], [ 1, 1, 1, 1, 3, 3, 1, 3, 3, -2, 1, 1, 1, 1, 1, 1, 3 ], 
          [ 1, 3, 1, 3, 3, 3, 1, 1, 3, 1, -2, 1, 1, 1, 1, 1, 1 ], [ 3, 1, 3, 1, 1, 3, 1, 3, 3, 1, 1, -2, 1, 1, 1, 1, 3 ], 
          [ 1, 1, 1, 1, 3, 1, 1, 3, 3, 1, 1, 1, -2, 1, 1, 1, 3 ], [ 1, 1, 1, 1, 3, 1, 3, 3, 3, 1, 1, 1, 1, -2, 1, 1, 1 ], 
          [ 1, 1, 1, 1, 3, 1, 3, 3, 3, 1, 1, 1, 1, 1, -2, 3, 1 ], [ 3, 3, 1, 1, 3, 3, 1, 1, 3, 1, 1, 1, 1, 1, 3, -2, 3 ], 
          [ 1, 3, 1, 3, 3, 1, 3, 1, 1, 3, 1, 3, 3, 1, 1, 3, -2 ] ] ], [ 863, [ [ -2, 1, 1, 3, 3, 1, 3, 3, 1, 1, 1, 3, 1, 1, 1, 3, 1 ], 
          [ 1, -2, 3, 1, 1, 1, 3, 3, 1, 1, 3, 1, 1, 1, 1, 3, 3 ], [ 1, 3, -2, 1, 3, 1, 1, 1, 3, 1, 1, 3, 1, 1, 1, 1, 1 ], 
          [ 3, 1, 1, -2, 3, 1, 3, 3, 3, 1, 3, 1, 1, 1, 1, 1, 3 ], [ 3, 1, 3, 3, -2, 3, 1, 1, 1, 3, 3, 1, 3, 3, 3, 3, 1 ], 
          [ 1, 1, 1, 1, 3, -2, 3, 3, 1, 3, 3, 3, 1, 1, 1, 3, 3 ], [ 3, 3, 1, 3, 1, 3, -2, 1, 3, 1, 1, 1, 1, 3, 3, 1, 1 ], 
          [ 3, 3, 1, 3, 1, 3, 1, -2, 1, 3, 1, 3, 3, 3, 3, 1, 1 ], [ 1, 1, 3, 3, 1, 1, 3, 1, -2, 3, 3, 3, 3, 3, 3, 3, 1 ], 
          [ 1, 1, 1, 1, 3, 3, 1, 3, 3, -2, 1, 1, 1, 1, 1, 1, 1 ], [ 1, 3, 1, 3, 3, 3, 1, 1, 3, 1, -2, 1, 1, 1, 1, 1, 1 ], 
          [ 3, 1, 3, 1, 1, 3, 1, 3, 3, 1, 1, -2, 1, 1, 1, 1, 3 ], [ 1, 1, 1, 1, 3, 1, 1, 3, 3, 1, 1, 1, -2, 1, 1, 1, 3 ], 
          [ 1, 1, 1, 1, 3, 1, 3, 3, 3, 1, 1, 1, 1, -2, 1, 1, 3 ], [ 1, 1, 1, 1, 3, 1, 3, 3, 3, 1, 1, 1, 1, 1, -2, 3, 3 ], 
          [ 3, 3, 1, 1, 3, 3, 1, 1, 3, 1, 1, 1, 1, 1, 3, -2, 3 ], [ 1, 3, 1, 3, 1, 3, 1, 1, 1, 1, 1, 3, 3, 3, 3, 3, -2 ] ] ], 
  [ 417, [ [ -2, 1, 1, 3, 3, 1, 3, 3, 1, 1, 1, 3, 1, 1, 1, 3, 3 ], [ 1, -2, 3, 1, 1, 1, 3, 3, 1, 1, 3, 1, 1, 1, 1, 3, 3 ], 
          [ 1, 3, -2, 1, 3, 1, 1, 1, 3, 1, 1, 3, 1, 1, 1, 1, 3 ], [ 3, 1, 1, -2, 3, 1, 3, 3, 3, 1, 3, 1, 1, 1, 1, 1, 3 ], 
          [ 3, 1, 3, 3, -2, 3, 1, 1, 1, 3, 3, 1, 3, 3, 3, 3, 1 ], [ 1, 1, 1, 1, 3, -2, 3, 3, 1, 3, 3, 3, 1, 1, 1, 3, 3 ], 
          [ 3, 3, 1, 3, 1, 3, -2, 1, 3, 1, 1, 1, 1, 3, 3, 1, 1 ], [ 3, 3, 1, 3, 1, 3, 1, -2, 1, 3, 1, 3, 3, 3, 3, 1, 1 ], 
          [ 1, 1, 3, 3, 1, 1, 3, 1, -2, 3, 3, 3, 3, 3, 3, 3, 1 ], [ 1, 1, 1, 1, 3, 3, 1, 3, 3, -2, 1, 1, 1, 1, 1, 1, 3 ], 
          [ 1, 3, 1, 3, 3, 3, 1, 1, 3, 1, -2, 1, 1, 1, 1, 1, 1 ], [ 3, 1, 3, 1, 1, 3, 1, 3, 3, 1, 1, -2, 1, 1, 1, 1, 1 ], 
          [ 1, 1, 1, 1, 3, 1, 1, 3, 3, 1, 1, 1, -2, 1, 1, 1, 1 ], [ 1, 1, 1, 1, 3, 1, 3, 3, 3, 1, 1, 1, 1, -2, 1, 1, 3 ], 
          [ 1, 1, 1, 1, 3, 1, 3, 3, 3, 1, 1, 1, 1, 1, -2, 3, 3 ], [ 3, 3, 1, 1, 3, 3, 1, 1, 3, 1, 1, 1, 1, 1, 3, -2, 1 ], 
          [ 3, 3, 3, 3, 1, 3, 1, 1, 1, 3, 1, 1, 1, 3, 3, 1, -2 ] ] ], 
  [ 685, [ [ -2, 1, 1, 3, 3, 1, 3, 3, 1, 1, 1, 3, 1, 1, 1, 3, 3, 1 ], [ 1, -2, 3, 1, 1, 1, 3, 3, 1, 1, 3, 1, 1, 1, 1, 3, 3, 3 ], 
          [ 1, 3, -2, 1, 3, 1, 1, 1, 3, 1, 1, 3, 1, 1, 1, 1, 3, 1 ], [ 3, 1, 1, -2, 3, 1, 3, 3, 3, 1, 3, 1, 1, 1, 1, 1, 3, 3 ], 
          [ 3, 1, 3, 3, -2, 3, 1, 1, 1, 3, 3, 1, 3, 3, 3, 3, 1, 3 ], [ 1, 1, 1, 1, 3, -2, 3, 3, 1, 3, 3, 3, 1, 1, 1, 3, 3, 1 ], 
          [ 3, 3, 1, 3, 1, 3, -2, 1, 3, 1, 1, 1, 1, 3, 3, 1, 1, 1 ], [ 3, 3, 1, 3, 1, 3, 1, -2, 1, 3, 1, 3, 3, 3, 3, 1, 1, 1 ], 
          [ 1, 1, 3, 3, 1, 1, 3, 1, -2, 3, 3, 3, 3, 3, 3, 3, 1, 1 ], [ 1, 1, 1, 1, 3, 3, 1, 3, 3, -2, 1, 1, 1, 1, 1, 1, 3, 3 ], 
          [ 1, 3, 1, 3, 3, 3, 1, 1, 3, 1, -2, 1, 1, 1, 1, 1, 1, 1 ], [ 3, 1, 3, 1, 1, 3, 1, 3, 3, 1, 1, -2, 1, 1, 1, 1, 1, 3 ], 
          [ 1, 1, 1, 1, 3, 1, 1, 3, 3, 1, 1, 1, -2, 1, 1, 1, 1, 1 ], [ 1, 1, 1, 1, 3, 1, 3, 3, 3, 1, 1, 1, 1, -2, 1, 1, 3, 3 ], 
          [ 1, 1, 1, 1, 3, 1, 3, 3, 3, 1, 1, 1, 1, 1, -2, 3, 3, 3 ], [ 3, 3, 1, 1, 3, 3, 1, 1, 3, 1, 1, 1, 1, 1, 3, -2, 1, 1 ], 
          [ 3, 3, 3, 3, 1, 3, 1, 1, 1, 3, 1, 1, 1, 3, 3, 1, -2, 1 ], [ 1, 3, 1, 3, 3, 1, 1, 1, 1, 3, 1, 3, 1, 3, 3, 1, 1, -2 ] ] ], 
  [ 322, [ [ -2, 1, 1, 3, 3, 1, 3, 3, 1, 1, 1, 3, 1, 1, 1, 3 ], [ 1, -2, 3, 1, 1, 1, 3, 3, 1, 1, 3, 1, 1, 1, 1, 3 ], 
          [ 1, 3, -2, 1, 3, 1, 1, 1, 3, 1, 1, 3, 1, 1, 3, 3 ], [ 3, 1, 1, -2, 3, 1, 3, 3, 3, 1, 3, 1, 1, 1, 3, 3 ], 
          [ 3, 1, 3, 3, -2, 3, 1, 1, 1, 3, 3, 1, 3, 3, 1, 1 ], [ 1, 1, 1, 1, 3, -2, 3, 3, 1, 3, 3, 3, 1, 1, 3, 3 ], 
          [ 3, 3, 1, 3, 1, 3, -2, 1, 3, 1, 1, 1, 1, 3, 1, 1 ], [ 3, 3, 1, 3, 1, 3, 1, -2, 1, 3, 1, 3, 3, 3, 3, 1 ], 
          [ 1, 1, 3, 3, 1, 1, 3, 1, -2, 3, 3, 3, 3, 3, 3, 1 ], [ 1, 1, 1, 1, 3, 3, 1, 3, 3, -2, 1, 1, 1, 1, 1, 3 ], 
          [ 1, 3, 1, 3, 3, 3, 1, 1, 3, 1, -2, 1, 1, 1, 1, 3 ], [ 3, 1, 3, 1, 1, 3, 1, 3, 3, 1, 1, -2, 1, 1, 1, 3 ], 
          [ 1, 1, 1, 1, 3, 1, 1, 3, 3, 1, 1, 1, -2, 1, 1, 3 ], [ 1, 1, 1, 1, 3, 1, 3, 3, 3, 1, 1, 1, 1, -2, 1, 3 ], 
          [ 1, 1, 3, 3, 1, 3, 1, 3, 3, 1, 1, 1, 1, 1, -2, 1 ], [ 3, 3, 3, 3, 1, 3, 1, 1, 1, 3, 3, 3, 3, 3, 1, -2 ] ] ], 
  [ 506, [ [ -2, 1, 1, 3, 3, 1, 3, 3, 1, 1, 1, 3, 1, 1, 1, 3, 1 ], [ 1, -2, 3, 1, 1, 1, 3, 3, 1, 1, 3, 1, 1, 1, 1, 3, 3 ], 
          [ 1, 3, -2, 1, 3, 1, 1, 1, 3, 1, 1, 3, 1, 1, 3, 3, 1 ], [ 3, 1, 1, -2, 3, 1, 3, 3, 3, 1, 3, 1, 1, 1, 3, 3, 3 ], 
          [ 3, 1, 3, 3, -2, 3, 1, 1, 1, 3, 3, 1, 3, 3, 1, 1, 3 ], [ 1, 1, 1, 1, 3, -2, 3, 3, 1, 3, 3, 3, 1, 1, 3, 3, 1 ], 
          [ 3, 3, 1, 3, 1, 3, -2, 1, 3, 1, 1, 1, 1, 3, 1, 1, 3 ], [ 3, 3, 1, 3, 1, 3, 1, -2, 1, 3, 1, 3, 3, 3, 3, 1, 1 ], 
          [ 1, 1, 3, 3, 1, 1, 3, 1, -2, 3, 3, 3, 3, 3, 3, 1, 1 ], [ 1, 1, 1, 1, 3, 3, 1, 3, 3, -2, 1, 1, 1, 1, 1, 3, 3 ], 
          [ 1, 3, 1, 3, 3, 3, 1, 1, 3, 1, -2, 1, 1, 1, 1, 3, 1 ], [ 3, 1, 3, 1, 1, 3, 1, 3, 3, 1, 1, -2, 1, 1, 1, 3, 3 ], 
          [ 1, 1, 1, 1, 3, 1, 1, 3, 3, 1, 1, 1, -2, 1, 1, 3, 3 ], [ 1, 1, 1, 1, 3, 1, 3, 3, 3, 1, 1, 1, 1, -2, 1, 3, 1 ], 
          [ 1, 1, 3, 3, 1, 3, 1, 3, 3, 1, 1, 1, 1, 1, -2, 1, 3 ], [ 3, 3, 3, 3, 1, 3, 1, 1, 1, 3, 3, 3, 3, 3, 1, -2, 3 ], 
          [ 1, 3, 1, 3, 3, 1, 3, 1, 1, 3, 1, 3, 3, 1, 3, 3, -2 ] ] ], 
  [ 319, [ [ -2, 1, 1, 3, 3, 1, 3, 3, 1, 1, 1, 3, 1, 1, 1, 3 ], [ 1, -2, 3, 1, 1, 1, 3, 3, 1, 1, 3, 1, 1, 1, 1, 3 ], 
          [ 1, 3, -2, 1, 3, 1, 1, 1, 3, 1, 1, 3, 1, 1, 3, 1 ], [ 3, 1, 1, -2, 3, 1, 3, 3, 3, 1, 3, 1, 1, 1, 3, 1 ], 
          [ 3, 1, 3, 3, -2, 3, 1, 1, 1, 3, 3, 1, 3, 3, 1, 3 ], [ 1, 1, 1, 1, 3, -2, 3, 3, 1, 3, 3, 3, 1, 1, 3, 3 ], 
          [ 3, 3, 1, 3, 1, 3, -2, 1, 3, 1, 1, 1, 1, 3, 3, 1 ], [ 3, 3, 1, 3, 1, 3, 1, -2, 1, 3, 1, 3, 3, 3, 3, 1 ], 
          [ 1, 1, 3, 3, 1, 1, 3, 1, -2, 3, 3, 3, 3, 3, 1, 3 ], [ 1, 1, 1, 1, 3, 3, 1, 3, 3, -2, 1, 1, 1, 1, 1, 1 ], 
          [ 1, 3, 1, 3, 3, 3, 1, 1, 3, 1, -2, 1, 1, 1, 3, 1 ], [ 3, 1, 3, 1, 1, 3, 1, 3, 3, 1, 1, -2, 1, 1, 3, 1 ], 
          [ 1, 1, 1, 1, 3, 1, 1, 3, 3, 1, 1, 1, -2, 1, 3, 1 ], [ 1, 1, 1, 1, 3, 1, 3, 3, 3, 1, 1, 1, 1, -2, 3, 3 ], 
          [ 1, 1, 3, 3, 1, 3, 3, 3, 1, 1, 3, 3, 3, 3, -2, 3 ], [ 3, 3, 1, 1, 3, 3, 1, 1, 3, 1, 1, 1, 1, 3, 3, -2 ] ] ], 
  [ 549, [ [ -2, 1, 1, 3, 3, 1, 3, 3, 1, 1, 1, 3, 1, 1, 1, 1 ], [ 1, -2, 3, 1, 1, 1, 3, 3, 1, 1, 3, 1, 1, 1, 1, 3 ], 
          [ 1, 3, -2, 1, 3, 1, 1, 1, 3, 1, 1, 3, 1, 1, 3, 1 ], [ 3, 1, 1, -2, 3, 1, 3, 3, 3, 1, 3, 1, 1, 1, 3, 3 ], 
          [ 3, 1, 3, 3, -2, 3, 1, 1, 1, 3, 3, 1, 3, 3, 1, 1 ], [ 1, 1, 1, 1, 3, -2, 3, 3, 1, 3, 3, 3, 1, 1, 3, 3 ], 
          [ 3, 3, 1, 3, 1, 3, -2, 1, 3, 1, 1, 1, 1, 3, 1, 1 ], [ 3, 3, 1, 3, 1, 3, 1, -2, 1, 3, 1, 3, 3, 3, 3, 1 ], 
          [ 1, 1, 3, 3, 1, 1, 3, 1, -2, 3, 3, 3, 3, 3, 3, 1 ], [ 1, 1, 1, 1, 3, 3, 1, 3, 3, -2, 1, 1, 1, 1, 1, 1 ], 
          [ 1, 3, 1, 3, 3, 3, 1, 1, 3, 1, -2, 1, 1, 3, 1, 1 ], [ 3, 1, 3, 1, 1, 3, 1, 3, 3, 1, 1, -2, 1, 3, 1, 3 ], 
          [ 1, 1, 1, 1, 3, 1, 1, 3, 3, 1, 1, 1, -2, 1, 1, 3 ], [ 1, 1, 1, 1, 3, 1, 3, 3, 3, 1, 3, 3, 1, -2, 1, 3 ], 
          [ 1, 1, 3, 3, 1, 3, 1, 3, 3, 1, 1, 1, 1, 1, -2, 1 ], [ 1, 3, 1, 3, 1, 3, 1, 1, 1, 1, 1, 3, 3, 3, 1, -2 ] ] ], 
  [ 332, [ [ -2, 1, 1, 3, 3, 1, 3, 3, 1, 1, 1, 3, 1, 1, 3, 3 ], [ 1, -2, 3, 1, 1, 1, 3, 3, 1, 1, 3, 1, 1, 1, 1, 3 ], 
          [ 1, 3, -2, 1, 3, 1, 1, 1, 3, 1, 1, 3, 1, 1, 1, 3 ], [ 3, 1, 1, -2, 3, 1, 3, 3, 3, 1, 3, 1, 1, 1, 1, 3 ], 
          [ 3, 1, 3, 3, -2, 3, 1, 1, 1, 3, 3, 1, 3, 3, 1, 1 ], [ 1, 1, 1, 1, 3, -2, 3, 3, 1, 3, 3, 3, 1, 1, 3, 3 ], 
          [ 3, 3, 1, 3, 1, 3, -2, 1, 3, 1, 1, 1, 1, 3, 1, 1 ], [ 3, 3, 1, 3, 1, 3, 1, -2, 1, 3, 1, 3, 3, 3, 1, 3 ], 
          [ 1, 1, 3, 3, 1, 1, 3, 1, -2, 3, 3, 3, 3, 3, 3, 3 ], [ 1, 1, 1, 1, 3, 3, 1, 3, 3, -2, 1, 1, 1, 1, 1, 3 ], 
          [ 1, 3, 1, 3, 3, 3, 1, 1, 3, 1, -2, 1, 1, 3, 1, 3 ], [ 3, 1, 3, 1, 1, 3, 1, 3, 3, 1, 1, -2, 1, 3, 1, 1 ], 
          [ 1, 1, 1, 1, 3, 1, 1, 3, 3, 1, 1, 1, -2, 1, 1, 3 ], [ 1, 1, 1, 1, 3, 1, 3, 3, 3, 1, 3, 3, 1, -2, 3, 3 ], 
          [ 3, 1, 1, 1, 1, 3, 1, 1, 3, 1, 1, 1, 1, 3, -2, 3 ], [ 3, 3, 3, 3, 1, 3, 1, 3, 3, 3, 3, 1, 3, 3, 3, -2 ] ] ], 
  [ 972, [ [ -2, 1, 1, 3, 3, 1, 3, 3, 1, 1, 1, 3, 1, 1, 3, 3, 1 ], [ 1, -2, 3, 1, 1, 1, 3, 3, 1, 1, 3, 1, 1, 1, 1, 3, 3 ], 
          [ 1, 3, -2, 1, 3, 1, 1, 1, 3, 1, 1, 3, 1, 1, 1, 3, 1 ], [ 3, 1, 1, -2, 3, 1, 3, 3, 3, 1, 3, 1, 1, 1, 1, 3, 3 ], 
          [ 3, 1, 3, 3, -2, 3, 1, 1, 1, 3, 3, 1, 3, 3, 1, 1, 3 ], [ 1, 1, 1, 1, 3, -2, 3, 3, 1, 3, 3, 3, 1, 1, 3, 3, 3 ], 
          [ 3, 3, 1, 3, 1, 3, -2, 1, 3, 1, 1, 1, 1, 3, 1, 1, 1 ], [ 3, 3, 1, 3, 1, 3, 1, -2, 1, 3, 1, 3, 3, 3, 1, 3, 1 ], 
          [ 1, 1, 3, 3, 1, 1, 3, 1, -2, 3, 3, 3, 3, 3, 3, 3, 1 ], [ 1, 1, 1, 1, 3, 3, 1, 3, 3, -2, 1, 1, 1, 1, 1, 3, 1 ], 
          [ 1, 3, 1, 3, 3, 3, 1, 1, 3, 1, -2, 1, 1, 3, 1, 3, 1 ], [ 3, 1, 3, 1, 1, 3, 1, 3, 3, 1, 1, -2, 1, 3, 1, 1, 3 ], 
          [ 1, 1, 1, 1, 3, 1, 1, 3, 3, 1, 1, 1, -2, 1, 1, 3, 1 ], [ 1, 1, 1, 1, 3, 1, 3, 3, 3, 1, 3, 3, 1, -2, 3, 3, 3 ], 
          [ 3, 1, 1, 1, 1, 3, 1, 1, 3, 1, 1, 1, 1, 3, -2, 3, 1 ], [ 3, 3, 3, 3, 1, 3, 1, 3, 3, 3, 3, 1, 3, 3, 3, -2, 3 ], 
          [ 1, 3, 1, 3, 3, 3, 1, 1, 1, 1, 1, 3, 1, 3, 1, 3, -2 ] ] ], [ 332, [ [ -2, 1, 1, 3, 3, 1, 3, 3, 1, 1, 1, 3, 1, 1, 3, 1 ], 
          [ 1, -2, 3, 1, 1, 1, 3, 3, 1, 1, 3, 1, 1, 1, 1, 1 ], [ 1, 3, -2, 1, 3, 1, 1, 1, 3, 1, 1, 3, 1, 1, 1, 1 ], 
          [ 3, 1, 1, -2, 3, 1, 3, 3, 3, 1, 3, 1, 1, 1, 1, 1 ], [ 3, 1, 3, 3, -2, 3, 1, 1, 1, 3, 3, 1, 3, 3, 1, 3 ], 
          [ 1, 1, 1, 1, 3, -2, 3, 3, 1, 3, 3, 3, 1, 1, 3, 1 ], [ 3, 3, 1, 3, 1, 3, -2, 1, 3, 1, 1, 1, 1, 3, 1, 3 ], 
          [ 3, 3, 1, 3, 1, 3, 1, -2, 1, 3, 1, 3, 3, 3, 1, 1 ], [ 1, 1, 3, 3, 1, 1, 3, 1, -2, 3, 3, 3, 3, 3, 3, 1 ], 
          [ 1, 1, 1, 1, 3, 3, 1, 3, 3, -2, 1, 1, 1, 1, 1, 1 ], [ 1, 3, 1, 3, 3, 3, 1, 1, 3, 1, -2, 1, 1, 3, 1, 1 ], 
          [ 3, 1, 3, 1, 1, 3, 1, 3, 3, 1, 1, -2, 1, 3, 1, 3 ], [ 1, 1, 1, 1, 3, 1, 1, 3, 3, 1, 1, 1, -2, 1, 1, 1 ], 
          [ 1, 1, 1, 1, 3, 1, 3, 3, 3, 1, 3, 3, 1, -2, 3, 1 ], [ 3, 1, 1, 1, 1, 3, 1, 1, 3, 1, 1, 1, 1, 3, -2, 1 ], 
          [ 1, 1, 1, 1, 3, 1, 3, 1, 1, 1, 1, 3, 1, 1, 1, -2 ] ] ], [ 972, [ [ -2, 1, 1, 3, 3, 1, 3, 3, 1, 1, 1, 3, 1, 1, 3, 1, 1 ], 
          [ 1, -2, 3, 1, 1, 1, 3, 3, 1, 1, 3, 1, 1, 1, 1, 1, 3 ], [ 1, 3, -2, 1, 3, 1, 1, 1, 3, 1, 1, 3, 1, 1, 1, 1, 1 ], 
          [ 3, 1, 1, -2, 3, 1, 3, 3, 3, 1, 3, 1, 1, 1, 1, 1, 3 ], [ 3, 1, 3, 3, -2, 3, 1, 1, 1, 3, 3, 1, 3, 3, 1, 3, 3 ], 
          [ 1, 1, 1, 1, 3, -2, 3, 3, 1, 3, 3, 3, 1, 1, 3, 1, 3 ], [ 3, 3, 1, 3, 1, 3, -2, 1, 3, 1, 1, 1, 1, 3, 1, 3, 1 ], 
          [ 3, 3, 1, 3, 1, 3, 1, -2, 1, 3, 1, 3, 3, 3, 1, 1, 1 ], [ 1, 1, 3, 3, 1, 1, 3, 1, -2, 3, 3, 3, 3, 3, 3, 1, 1 ], 
          [ 1, 1, 1, 1, 3, 3, 1, 3, 3, -2, 1, 1, 1, 1, 1, 1, 1 ], [ 1, 3, 1, 3, 3, 3, 1, 1, 3, 1, -2, 1, 1, 3, 1, 1, 1 ], 
          [ 3, 1, 3, 1, 1, 3, 1, 3, 3, 1, 1, -2, 1, 3, 1, 3, 3 ], [ 1, 1, 1, 1, 3, 1, 1, 3, 3, 1, 1, 1, -2, 1, 1, 1, 1 ], 
          [ 1, 1, 1, 1, 3, 1, 3, 3, 3, 1, 3, 3, 1, -2, 3, 1, 3 ], [ 3, 1, 1, 1, 1, 3, 1, 1, 3, 1, 1, 1, 1, 3, -2, 1, 1 ], 
          [ 1, 1, 1, 1, 3, 1, 3, 1, 1, 1, 1, 3, 1, 1, 1, -2, 1 ], [ 1, 3, 1, 3, 3, 3, 1, 1, 1, 1, 1, 3, 1, 3, 1, 1, -2 ] ] ], 
  [ 509, [ [ -2, 1, 1, 3, 3, 1, 3, 3, 1, 1, 1, 3, 1, 1, 3, 1 ], [ 1, -2, 3, 1, 1, 1, 3, 3, 1, 1, 3, 1, 1, 1, 1, 1 ], 
          [ 1, 3, -2, 1, 3, 1, 1, 1, 3, 1, 1, 3, 1, 1, 1, 3 ], [ 3, 1, 1, -2, 3, 1, 3, 3, 3, 1, 3, 1, 1, 1, 1, 3 ], 
          [ 3, 1, 3, 3, -2, 3, 1, 1, 1, 3, 3, 1, 3, 3, 1, 1 ], [ 1, 1, 1, 1, 3, -2, 3, 3, 1, 3, 3, 3, 1, 1, 3, 3 ], 
          [ 3, 3, 1, 3, 1, 3, -2, 1, 3, 1, 1, 1, 1, 3, 1, 1 ], [ 3, 3, 1, 3, 1, 3, 1, -2, 1, 3, 1, 3, 3, 3, 1, 3 ], 
          [ 1, 1, 3, 3, 1, 1, 3, 1, -2, 3, 3, 3, 3, 3, 3, 3 ], [ 1, 1, 1, 1, 3, 3, 1, 3, 3, -2, 1, 1, 1, 1, 1, 1 ], 
          [ 1, 3, 1, 3, 3, 3, 1, 1, 3, 1, -2, 1, 1, 3, 1, 1 ], [ 3, 1, 3, 1, 1, 3, 1, 3, 3, 1, 1, -2, 1, 3, 1, 1 ], 
          [ 1, 1, 1, 1, 3, 1, 1, 3, 3, 1, 1, 1, -2, 1, 1, 1 ], [ 1, 1, 1, 1, 3, 1, 3, 3, 3, 1, 3, 3, 1, -2, 3, 3 ], 
          [ 3, 1, 1, 1, 1, 3, 1, 1, 3, 1, 1, 1, 1, 3, -2, 1 ], [ 1, 1, 3, 3, 1, 3, 1, 3, 3, 1, 1, 1, 1, 3, 1, -2 ] ] ], 
  [ 363, [ [ -2, 1, 1, 3, 3, 1, 3, 3, 1, 1, 1, 3, 1, 1, 3, 1 ], [ 1, -2, 3, 1, 1, 1, 3, 3, 1, 1, 3, 1, 1, 1, 1, 3 ], 
          [ 1, 3, -2, 1, 3, 1, 1, 1, 3, 1, 1, 3, 1, 1, 1, 1 ], [ 3, 1, 1, -2, 3, 1, 3, 3, 3, 1, 3, 1, 1, 1, 1, 3 ], 
          [ 3, 1, 3, 3, -2, 3, 1, 1, 1, 3, 3, 1, 3, 3, 1, 3 ], [ 1, 1, 1, 1, 3, -2, 3, 3, 1, 3, 3, 3, 1, 1, 3, 1 ], 
          [ 3, 3, 1, 3, 1, 3, -2, 1, 3, 1, 1, 1, 1, 3, 1, 1 ], [ 3, 3, 1, 3, 1, 3, 1, -2, 1, 3, 1, 3, 3, 3, 1, 1 ], 
          [ 1, 1, 3, 3, 1, 1, 3, 1, -2, 3, 3, 3, 3, 3, 3, 1 ], [ 1, 1, 1, 1, 3, 3, 1, 3, 3, -2, 1, 1, 1, 1, 1, 3 ], 
          [ 1, 3, 1, 3, 3, 3, 1, 1, 3, 1, -2, 1, 1, 3, 1, 1 ], [ 3, 1, 3, 1, 1, 3, 1, 3, 3, 1, 1, -2, 1, 3, 1, 3 ], 
          [ 1, 1, 1, 1, 3, 1, 1, 3, 3, 1, 1, 1, -2, 1, 1, 1 ], [ 1, 1, 1, 1, 3, 1, 3, 3, 3, 1, 3, 3, 1, -2, 3, 3 ], 
          [ 3, 1, 1, 1, 1, 3, 1, 1, 3, 1, 1, 1, 1, 3, -2, 3 ], [ 1, 3, 1, 3, 3, 1, 1, 1, 1, 3, 1, 3, 1, 3, 3, -2 ] ] ], 
  [ 332, [ [ -2, 1, 1, 3, 3, 1, 3, 3, 1, 1, 1, 3, 1, 1, 3, 3 ], [ 1, -2, 3, 1, 1, 1, 3, 3, 1, 1, 3, 1, 1, 1, 1, 3 ], 
          [ 1, 3, -2, 1, 3, 1, 1, 1, 3, 1, 1, 3, 1, 1, 1, 3 ], [ 3, 1, 1, -2, 3, 1, 3, 3, 3, 1, 3, 1, 1, 1, 1, 3 ], 
          [ 3, 1, 3, 3, -2, 3, 1, 1, 1, 3, 3, 1, 3, 3, 1, 1 ], [ 1, 1, 1, 1, 3, -2, 3, 3, 1, 3, 3, 3, 1, 1, 3, 3 ], 
          [ 3, 3, 1, 3, 1, 3, -2, 1, 3, 1, 1, 1, 1, 3, 1, 1 ], [ 3, 3, 1, 3, 1, 3, 1, -2, 1, 3, 1, 3, 3, 3, 1, 3 ], 
          [ 1, 1, 3, 3, 1, 1, 3, 1, -2, 3, 3, 3, 3, 3, 3, 3 ], [ 1, 1, 1, 1, 3, 3, 1, 3, 3, -2, 1, 1, 1, 1, 1, 3 ], 
          [ 1, 3, 1, 3, 3, 3, 1, 1, 3, 1, -2, 1, 1, 3, 1, 3 ], [ 3, 1, 3, 1, 1, 3, 1, 3, 3, 1, 1, -2, 1, 3, 1, 1 ], 
          [ 1, 1, 1, 1, 3, 1, 1, 3, 3, 1, 1, 1, -2, 1, 1, 3 ], [ 1, 1, 1, 1, 3, 1, 3, 3, 3, 1, 3, 3, 1, -2, 3, 3 ], 
          [ 3, 1, 1, 1, 1, 3, 1, 1, 3, 1, 1, 1, 1, 3, -2, 3 ], [ 3, 3, 3, 3, 1, 3, 1, 3, 3, 3, 3, 1, 3, 3, 3, -2 ] ] ], 
  [ 972, [ [ -2, 1, 1, 3, 3, 1, 3, 3, 1, 1, 1, 3, 1, 1, 3, 3, 1 ], [ 1, -2, 3, 1, 1, 1, 3, 3, 1, 1, 3, 1, 1, 1, 1, 3, 3 ], 
          [ 1, 3, -2, 1, 3, 1, 1, 1, 3, 1, 1, 3, 1, 1, 1, 3, 1 ], [ 3, 1, 1, -2, 3, 1, 3, 3, 3, 1, 3, 1, 1, 1, 1, 3, 3 ], 
          [ 3, 1, 3, 3, -2, 3, 1, 1, 1, 3, 3, 1, 3, 3, 1, 1, 3 ], [ 1, 1, 1, 1, 3, -2, 3, 3, 1, 3, 3, 3, 1, 1, 3, 3, 3 ], 
          [ 3, 3, 1, 3, 1, 3, -2, 1, 3, 1, 1, 1, 1, 3, 1, 1, 1 ], [ 3, 3, 1, 3, 1, 3, 1, -2, 1, 3, 1, 3, 3, 3, 1, 3, 1 ], 
          [ 1, 1, 3, 3, 1, 1, 3, 1, -2, 3, 3, 3, 3, 3, 3, 3, 1 ], [ 1, 1, 1, 1, 3, 3, 1, 3, 3, -2, 1, 1, 1, 1, 1, 3, 1 ], 
          [ 1, 3, 1, 3, 3, 3, 1, 1, 3, 1, -2, 1, 1, 3, 1, 3, 1 ], [ 3, 1, 3, 1, 1, 3, 1, 3, 3, 1, 1, -2, 1, 3, 1, 1, 3 ], 
          [ 1, 1, 1, 1, 3, 1, 1, 3, 3, 1, 1, 1, -2, 1, 1, 3, 1 ], [ 1, 1, 1, 1, 3, 1, 3, 3, 3, 1, 3, 3, 1, -2, 3, 3, 3 ], 
          [ 3, 1, 1, 1, 1, 3, 1, 1, 3, 1, 1, 1, 1, 3, -2, 3, 1 ], [ 3, 3, 3, 3, 1, 3, 1, 3, 3, 3, 3, 1, 3, 3, 3, -2, 3 ], 
          [ 1, 3, 1, 3, 3, 3, 1, 1, 1, 1, 1, 3, 1, 3, 1, 3, -2 ] ] ], 
  [ 509, [ [ -2, 1, 1, 3, 3, 1, 3, 3, 1, 1, 1, 3, 1, 1, 3, 3 ], [ 1, -2, 3, 1, 1, 1, 3, 3, 1, 1, 3, 1, 1, 1, 3, 1 ], 
          [ 1, 3, -2, 1, 3, 1, 1, 1, 3, 1, 1, 3, 1, 1, 1, 1 ], [ 3, 1, 1, -2, 3, 1, 3, 3, 3, 1, 3, 1, 1, 1, 1, 1 ], 
          [ 3, 1, 3, 3, -2, 3, 1, 1, 1, 3, 3, 1, 3, 3, 3, 1 ], [ 1, 1, 1, 1, 3, -2, 3, 3, 1, 3, 3, 3, 1, 1, 1, 3 ], 
          [ 3, 3, 1, 3, 1, 3, -2, 1, 3, 1, 1, 1, 1, 3, 3, 1 ], [ 3, 3, 1, 3, 1, 3, 1, -2, 1, 3, 1, 3, 3, 3, 1, 1 ], 
          [ 1, 1, 3, 3, 1, 1, 3, 1, -2, 3, 3, 3, 3, 3, 1, 3 ], [ 1, 1, 1, 1, 3, 3, 1, 3, 3, -2, 1, 1, 1, 1, 3, 1 ], 
          [ 1, 3, 1, 3, 3, 3, 1, 1, 3, 1, -2, 1, 1, 3, 3, 1 ], [ 3, 1, 3, 1, 1, 3, 1, 3, 3, 1, 1, -2, 1, 3, 3, 1 ], 
          [ 1, 1, 1, 1, 3, 1, 1, 3, 3, 1, 1, 1, -2, 1, 3, 1 ], [ 1, 1, 1, 1, 3, 1, 3, 3, 3, 1, 3, 3, 1, -2, 1, 3 ], 
          [ 3, 3, 1, 1, 3, 1, 3, 1, 1, 3, 3, 3, 3, 1, -2, 3 ], [ 3, 1, 1, 1, 1, 3, 1, 1, 3, 1, 1, 1, 1, 3, 3, -2 ] ] ], 
  [ 326, [ [ -2, 1, 1, 3, 3, 1, 3, 3, 1, 1, 1, 3, 1, 1, 1, 1 ], [ 1, -2, 3, 1, 1, 1, 3, 3, 1, 1, 3, 1, 1, 1, 1, 1 ], 
          [ 1, 3, -2, 1, 3, 1, 1, 1, 3, 1, 1, 3, 1, 1, 3, 3 ], [ 3, 1, 1, -2, 3, 1, 3, 3, 3, 1, 3, 1, 1, 1, 3, 3 ], 
          [ 3, 1, 3, 3, -2, 3, 1, 1, 1, 3, 3, 1, 3, 3, 1, 1 ], [ 1, 1, 1, 1, 3, -2, 3, 3, 1, 3, 3, 3, 1, 1, 3, 1 ], 
          [ 3, 3, 1, 3, 1, 3, -2, 1, 3, 1, 1, 1, 1, 3, 3, 3 ], [ 3, 3, 1, 3, 1, 3, 1, -2, 1, 3, 1, 3, 3, 3, 1, 3 ], 
          [ 1, 1, 3, 3, 1, 1, 3, 1, -2, 3, 3, 3, 3, 3, 1, 1 ], [ 1, 1, 1, 1, 3, 3, 1, 3, 3, -2, 1, 1, 1, 1, 3, 3 ], 
          [ 1, 3, 1, 3, 3, 3, 1, 1, 3, 1, -2, 1, 1, 3, 1, 3 ], [ 3, 1, 3, 1, 1, 3, 1, 3, 3, 1, 1, -2, 1, 3, 1, 3 ], 
          [ 1, 1, 1, 1, 3, 1, 1, 3, 3, 1, 1, 1, -2, 1, 3, 3 ], [ 1, 1, 1, 1, 3, 1, 3, 3, 3, 1, 3, 3, 1, -2, 3, 1 ], 
          [ 1, 1, 3, 3, 1, 3, 3, 1, 1, 3, 1, 1, 3, 3, -2, 1 ], [ 1, 1, 3, 3, 1, 1, 3, 3, 1, 3, 3, 3, 3, 1, 1, -2 ] ] ], 
  [ 716, [ [ -2, 1, 1, 3, 3, 1, 3, 3, 1, 1, 1, 3, 1, 1, 1, 3, 3 ], [ 1, -2, 3, 1, 1, 1, 3, 3, 1, 1, 3, 1, 1, 1, 1, 3, 1 ], 
          [ 1, 3, -2, 1, 3, 1, 1, 1, 3, 1, 1, 3, 1, 1, 3, 1, 3 ], [ 3, 1, 1, -2, 3, 1, 3, 3, 3, 1, 3, 1, 1, 1, 3, 1, 1 ], 
          [ 3, 1, 3, 3, -2, 3, 1, 1, 1, 3, 3, 1, 3, 3, 1, 3, 3 ], [ 1, 1, 1, 1, 3, -2, 3, 3, 1, 3, 3, 3, 1, 1, 3, 3, 1 ], 
          [ 3, 3, 1, 3, 1, 3, -2, 1, 3, 1, 1, 1, 1, 3, 3, 1, 3 ], [ 3, 3, 1, 3, 1, 3, 1, -2, 1, 3, 1, 3, 3, 3, 3, 1, 3 ], 
          [ 1, 1, 3, 3, 1, 1, 3, 1, -2, 3, 3, 3, 3, 3, 1, 3, 3 ], [ 1, 1, 1, 1, 3, 3, 1, 3, 3, -2, 1, 1, 1, 1, 1, 1, 3 ], 
          [ 1, 3, 1, 3, 3, 3, 1, 1, 3, 1, -2, 1, 1, 3, 3, 1, 3 ], [ 3, 1, 3, 1, 1, 3, 1, 3, 3, 1, 1, -2, 1, 3, 3, 1, 1 ], 
          [ 1, 1, 1, 1, 3, 1, 1, 3, 3, 1, 1, 1, -2, 1, 3, 1, 1 ], [ 1, 1, 1, 1, 3, 1, 3, 3, 3, 1, 3, 3, 1, -2, 1, 1, 1 ], 
          [ 1, 1, 3, 3, 1, 3, 3, 3, 1, 1, 3, 3, 3, 1, -2, 3, 3 ], [ 3, 3, 1, 1, 3, 3, 1, 1, 3, 1, 1, 1, 1, 1, 3, -2, 1 ], 
          [ 3, 1, 3, 1, 3, 1, 3, 3, 3, 3, 3, 1, 1, 1, 3, 1, -2 ] ] ], [ 314, [ [ -2, 1, 1, 3, 3, 1, 3, 3, 1, 1, 1, 3, 3, 3, 3, 1 ], 
          [ 1, -2, 3, 1, 1, 1, 3, 3, 1, 1, 3, 1, 3, 3, 3, 3 ], [ 1, 3, -2, 1, 3, 1, 1, 1, 3, 1, 1, 3, 1, 3, 3, 1 ], 
          [ 3, 1, 1, -2, 3, 1, 3, 3, 3, 1, 3, 1, 1, 1, 3, 3 ], [ 3, 1, 3, 3, -2, 3, 1, 1, 1, 3, 3, 1, 3, 3, 1, 3 ], 
          [ 1, 1, 1, 1, 3, -2, 3, 3, 1, 3, 3, 3, 3, 3, 3, 3 ], [ 3, 3, 1, 3, 1, 3, -2, 1, 3, 1, 1, 1, 1, 3, 1, 1 ], 
          [ 3, 3, 1, 3, 1, 3, 1, -2, 1, 3, 1, 3, 1, 3, 1, 1 ], [ 1, 1, 3, 3, 1, 1, 3, 1, -2, 3, 3, 3, 3, 3, 1, 3 ], 
          [ 1, 1, 1, 1, 3, 3, 1, 3, 3, -2, 1, 1, 1, 1, 3, 1 ], [ 1, 3, 1, 3, 3, 3, 1, 1, 3, 1, -2, 1, 1, 1, 1, 1 ], 
          [ 3, 1, 3, 1, 1, 3, 1, 3, 3, 1, 1, -2, 1, 1, 1, 3 ], [ 3, 3, 1, 1, 3, 3, 1, 1, 3, 1, 1, 1, -2, 1, 1, 1 ], 
          [ 3, 3, 3, 1, 3, 3, 3, 3, 3, 1, 1, 1, 1, -2, 1, 3 ], [ 3, 3, 3, 3, 1, 3, 1, 1, 1, 3, 1, 1, 1, 1, -2, 3 ], 
          [ 1, 3, 1, 3, 3, 3, 1, 1, 3, 1, 1, 3, 1, 3, 3, -2 ] ] ], [ 377, [ [ -2, 1, 1, 3, 3, 1, 3, 3, 1, 1, 1, 3, 3, 3, 3, 1 ], 
          [ 1, -2, 3, 1, 1, 1, 3, 3, 1, 1, 3, 1, 3, 3, 3, 1 ], [ 1, 3, -2, 1, 3, 1, 1, 1, 3, 1, 1, 3, 1, 3, 3, 1 ], 
          [ 3, 1, 1, -2, 3, 1, 3, 3, 3, 1, 3, 1, 1, 1, 3, 1 ], [ 3, 1, 3, 3, -2, 3, 1, 1, 1, 3, 3, 1, 3, 3, 1, 3 ], 
          [ 1, 1, 1, 1, 3, -2, 3, 3, 1, 3, 3, 3, 3, 3, 3, 1 ], [ 3, 3, 1, 3, 1, 3, -2, 1, 3, 1, 1, 1, 1, 3, 1, 3 ], 
          [ 3, 3, 1, 3, 1, 3, 1, -2, 1, 3, 1, 3, 1, 3, 1, 3 ], [ 1, 1, 3, 3, 1, 1, 3, 1, -2, 3, 3, 3, 3, 3, 1, 1 ], 
          [ 1, 1, 1, 1, 3, 3, 1, 3, 3, -2, 1, 1, 1, 1, 3, 1 ], [ 1, 3, 1, 3, 3, 3, 1, 1, 3, 1, -2, 1, 1, 1, 1, 3 ], 
          [ 3, 1, 3, 1, 1, 3, 1, 3, 3, 1, 1, -2, 1, 1, 1, 3 ], [ 3, 3, 1, 1, 3, 3, 1, 1, 3, 1, 1, 1, -2, 1, 1, 3 ], 
          [ 3, 3, 3, 1, 3, 3, 3, 3, 3, 1, 1, 1, 1, -2, 1, 3 ], [ 3, 3, 3, 3, 1, 3, 1, 1, 1, 3, 1, 1, 1, 1, -2, 3 ], 
          [ 1, 1, 1, 1, 3, 1, 3, 3, 1, 1, 3, 3, 3, 3, 3, -2 ] ] ], [ 352, [ [ -2, 1, 1, 3, 3, 1, 3, 3, 1, 1, 1, 3, 3, 3, 3, 1 ], 
          [ 1, -2, 3, 1, 1, 1, 3, 3, 1, 1, 3, 1, 3, 3, 3, 3 ], [ 1, 3, -2, 1, 3, 1, 1, 1, 3, 1, 1, 3, 1, 3, 3, 1 ], 
          [ 3, 1, 1, -2, 3, 1, 3, 3, 3, 1, 3, 1, 1, 1, 3, 3 ], [ 3, 1, 3, 3, -2, 3, 1, 1, 1, 3, 3, 1, 3, 3, 1, 3 ], 
          [ 1, 1, 1, 1, 3, -2, 3, 3, 1, 3, 3, 3, 3, 3, 3, 1 ], [ 3, 3, 1, 3, 1, 3, -2, 1, 3, 1, 1, 1, 1, 3, 1, 1 ], 
          [ 3, 3, 1, 3, 1, 3, 1, -2, 1, 3, 1, 3, 1, 3, 1, 1 ], [ 1, 1, 3, 3, 1, 1, 3, 1, -2, 3, 3, 3, 3, 3, 1, 1 ], 
          [ 1, 1, 1, 1, 3, 3, 1, 3, 3, -2, 1, 1, 1, 1, 3, 3 ], [ 1, 3, 1, 3, 3, 3, 1, 1, 3, 1, -2, 1, 1, 1, 1, 1 ], 
          [ 3, 1, 3, 1, 1, 3, 1, 3, 3, 1, 1, -2, 1, 1, 1, 3 ], [ 3, 3, 1, 1, 3, 3, 1, 1, 3, 1, 1, 1, -2, 1, 1, 1 ], 
          [ 3, 3, 3, 1, 3, 3, 3, 3, 3, 1, 1, 1, 1, -2, 1, 3 ], [ 3, 3, 3, 3, 1, 3, 1, 1, 1, 3, 1, 1, 1, 1, -2, 1 ], 
          [ 1, 3, 1, 3, 3, 1, 1, 1, 1, 3, 1, 3, 1, 3, 1, -2 ] ] ], [ 476, [ [ -2, 1, 1, 3, 3, 1, 3, 3, 1, 1, 1, 3, 3, 3, 3, 3, 3 ], 
          [ 1, -2, 3, 1, 1, 1, 3, 3, 1, 1, 3, 1, 3, 1, 1, 1, 3 ], [ 1, 3, -2, 1, 3, 1, 1, 1, 3, 1, 1, 3, 1, 3, 3, 3, 3 ], 
          [ 3, 1, 1, -2, 3, 1, 3, 3, 3, 1, 3, 1, 1, 1, 1, 1, 3 ], [ 3, 1, 3, 3, -2, 3, 1, 1, 1, 3, 3, 1, 3, 1, 1, 1, 1 ], 
          [ 1, 1, 1, 1, 3, -2, 3, 3, 1, 3, 3, 3, 3, 1, 1, 3, 3 ], [ 3, 3, 1, 3, 1, 3, -2, 1, 3, 1, 1, 1, 1, 3, 3, 3, 3 ], 
          [ 3, 3, 1, 3, 1, 3, 1, -2, 1, 3, 1, 3, 1, 3, 3, 3, 1 ], [ 1, 1, 3, 3, 1, 1, 3, 1, -2, 3, 3, 3, 3, 3, 1, 3, 1 ], 
          [ 1, 1, 1, 1, 3, 3, 1, 3, 3, -2, 1, 1, 1, 3, 3, 1, 3 ], [ 1, 3, 1, 3, 3, 3, 1, 1, 3, 1, -2, 1, 1, 3, 3, 3, 3 ], 
          [ 3, 1, 3, 1, 1, 3, 1, 3, 3, 1, 1, -2, 1, 1, 1, 1, 3 ], [ 3, 3, 1, 1, 3, 3, 1, 1, 3, 1, 1, 1, -2, 3, 3, 3, 3 ], 
          [ 3, 1, 3, 1, 1, 1, 3, 3, 3, 3, 3, 1, 3, -2, 1, 1, 1 ], [ 3, 1, 3, 1, 1, 1, 3, 3, 1, 3, 3, 1, 3, 1, -2, 1, 1 ], 
          [ 3, 1, 3, 1, 1, 3, 3, 3, 3, 1, 3, 1, 3, 1, 1, -2, 1 ], [ 3, 3, 3, 3, 1, 3, 3, 1, 1, 3, 3, 3, 3, 1, 1, 1, -2 ] ] ], 
  [ 698, [ [ -2, 1, 1, 3, 3, 1, 3, 3, 1, 1, 1, 3, 3, 3, 3, 1, 1, 1 ], [ 1, -2, 3, 1, 1, 1, 3, 3, 1, 1, 3, 1, 3, 1, 3, 1, 3, 1 ], 
          [ 1, 3, -2, 1, 3, 1, 1, 1, 3, 1, 1, 3, 1, 3, 3, 1, 1, 1 ], [ 3, 1, 1, -2, 3, 1, 3, 3, 3, 1, 3, 1, 1, 1, 3, 1, 3, 1 ], 
          [ 3, 1, 3, 3, -2, 3, 1, 1, 1, 3, 3, 1, 3, 1, 1, 3, 3, 3 ], [ 1, 1, 1, 1, 3, -2, 3, 3, 1, 3, 3, 3, 3, 1, 3, 1, 1, 1 ], 
          [ 3, 3, 1, 3, 1, 3, -2, 1, 3, 1, 1, 1, 1, 3, 1, 3, 3, 1 ], [ 3, 3, 1, 3, 1, 3, 1, -2, 1, 3, 1, 3, 1, 3, 3, 3, 1, 3 ], 
          [ 1, 1, 3, 3, 1, 1, 3, 1, -2, 3, 3, 3, 3, 3, 3, 3, 1, 3 ], [ 1, 1, 1, 1, 3, 3, 1, 3, 3, -2, 1, 1, 1, 3, 3, 1, 3, 1 ], 
          [ 1, 3, 1, 3, 3, 3, 1, 1, 3, 1, -2, 1, 1, 3, 3, 1, 1, 1 ], [ 3, 1, 3, 1, 1, 3, 1, 3, 3, 1, 1, -2, 1, 1, 1, 1, 3, 1 ], 
          [ 3, 3, 1, 1, 3, 3, 1, 1, 3, 1, 1, 1, -2, 3, 3, 1, 1, 1 ], [ 3, 1, 3, 1, 1, 1, 3, 3, 3, 3, 3, 1, 3, -2, 1, 1, 3, 3 ], 
          [ 3, 3, 3, 3, 1, 3, 1, 3, 3, 3, 3, 1, 3, 1, -2, 3, 3, 3 ], [ 1, 1, 1, 1, 3, 1, 3, 3, 3, 1, 1, 1, 1, 1, 3, -2, 1, 1 ], 
          [ 1, 3, 1, 3, 3, 1, 3, 1, 1, 3, 1, 3, 1, 3, 3, 1, -2, 3 ], [ 1, 1, 1, 1, 3, 1, 1, 3, 3, 1, 1, 1, 1, 3, 3, 1, 3, -2 ] ] ], 
  [ 403, [ [ -2, 1, 1, 3, 3, 1, 3, 3, 1, 1, 1, 3, 1, 1, 1, 1 ], [ 1, -2, 3, 1, 1, 1, 3, 3, 1, 1, 3, 1, 3, 3, 1, 1 ], 
          [ 1, 3, -2, 1, 3, 1, 1, 1, 3, 1, 1, 3, 1, 3, 1, 3 ], [ 3, 1, 1, -2, 3, 1, 3, 3, 3, 1, 3, 1, 3, 3, 1, 3 ], 
          [ 3, 1, 3, 3, -2, 3, 1, 1, 1, 3, 3, 1, 3, 3, 3, 1 ], [ 1, 1, 1, 1, 3, -2, 3, 3, 1, 3, 3, 3, 1, 1, 1, 1 ], 
          [ 3, 3, 1, 3, 1, 3, -2, 1, 3, 1, 1, 1, 1, 3, 3, 3 ], [ 3, 3, 1, 3, 1, 3, 1, -2, 1, 3, 1, 3, 3, 3, 3, 3 ], 
          [ 1, 1, 3, 3, 1, 1, 3, 1, -2, 3, 3, 3, 3, 1, 3, 1 ], [ 1, 1, 1, 1, 3, 3, 1, 3, 3, -2, 1, 1, 1, 3, 1, 3 ], 
          [ 1, 3, 1, 3, 3, 3, 1, 1, 3, 1, -2, 1, 1, 3, 1, 3 ], [ 3, 1, 3, 1, 1, 3, 1, 3, 3, 1, 1, -2, 3, 3, 1, 3 ], 
          [ 1, 3, 1, 3, 3, 1, 1, 3, 3, 1, 1, 3, -2, 1, 1, 1 ], [ 1, 3, 3, 3, 3, 1, 3, 3, 1, 3, 3, 3, 1, -2, 3, 1 ], 
          [ 1, 1, 1, 1, 3, 1, 3, 3, 3, 1, 1, 1, 1, 3, -2, 3 ], [ 1, 1, 3, 3, 1, 1, 3, 3, 1, 3, 3, 3, 1, 1, 3, -2 ] ] ], 
  [ 399, [ [ -2, 1, 1, 3, 3, 1, 3, 3, 1, 1, 1, 3, 1, 1, 1, 3 ], [ 1, -2, 3, 1, 1, 1, 3, 3, 1, 1, 3, 1, 3, 3, 1, 1 ], 
          [ 1, 3, -2, 1, 3, 1, 1, 1, 3, 1, 1, 3, 1, 3, 1, 3 ], [ 3, 1, 1, -2, 3, 1, 3, 3, 3, 1, 3, 1, 3, 3, 1, 1 ], 
          [ 3, 1, 3, 3, -2, 3, 1, 1, 1, 3, 3, 1, 3, 3, 3, 1 ], [ 1, 1, 1, 1, 3, -2, 3, 3, 1, 3, 3, 3, 1, 1, 1, 1 ], 
          [ 3, 3, 1, 3, 1, 3, -2, 1, 3, 1, 1, 1, 1, 3, 3, 3 ], [ 3, 3, 1, 3, 1, 3, 1, -2, 1, 3, 1, 3, 3, 3, 3, 3 ], 
          [ 1, 1, 3, 3, 1, 1, 3, 1, -2, 3, 3, 3, 3, 1, 3, 1 ], [ 1, 1, 1, 1, 3, 3, 1, 3, 3, -2, 1, 1, 1, 3, 1, 3 ], 
          [ 1, 3, 1, 3, 3, 3, 1, 1, 3, 1, -2, 1, 1, 3, 1, 3 ], [ 3, 1, 3, 1, 1, 3, 1, 3, 3, 1, 1, -2, 3, 3, 1, 1 ], 
          [ 1, 3, 1, 3, 3, 1, 1, 3, 3, 1, 1, 3, -2, 1, 1, 3 ], [ 1, 3, 3, 3, 3, 1, 3, 3, 1, 3, 3, 3, 1, -2, 3, 3 ], 
          [ 1, 1, 1, 1, 3, 1, 3, 3, 3, 1, 1, 1, 1, 3, -2, 1 ], [ 3, 1, 3, 1, 1, 1, 3, 3, 1, 3, 3, 1, 3, 3, 1, -2 ] ] ], 
  [ 407, [ [ -2, 1, 1, 3, 3, 1, 3, 3, 1, 1, 1, 3, 3, 1, 3 ], [ 1, -2, 3, 1, 1, 1, 3, 3, 1, 1, 3, 1, 3, 3, 1 ], 
          [ 1, 3, -2, 1, 3, 1, 1, 1, 3, 1, 1, 3, 1, 1, 3 ], [ 3, 1, 1, -2, 3, 1, 3, 3, 3, 1, 3, 1, 1, 3, 1 ], 
          [ 3, 1, 3, 3, -2, 3, 1, 1, 1, 3, 3, 1, 3, 1, 1 ], [ 1, 1, 1, 1, 3, -2, 3, 3, 1, 3, 3, 3, 1, 3, 1 ], 
          [ 3, 3, 1, 3, 1, 3, -2, 1, 3, 1, 1, 1, 1, 1, 3 ], [ 3, 3, 1, 3, 1, 3, 1, -2, 1, 3, 1, 3, 1, 1, 3 ], 
          [ 1, 1, 3, 3, 1, 1, 3, 1, -2, 3, 3, 3, 3, 1, 1 ], [ 1, 1, 1, 1, 3, 3, 1, 3, 3, -2, 1, 1, 3, 1, 3 ], 
          [ 1, 3, 1, 3, 3, 3, 1, 1, 3, 1, -2, 1, 1, 1, 3 ], [ 3, 1, 3, 1, 1, 3, 1, 3, 3, 1, 1, -2, 1, 3, 1 ], 
          [ 3, 3, 1, 1, 3, 1, 1, 1, 3, 3, 1, 1, -2, 3, 3 ], [ 1, 3, 1, 3, 1, 3, 1, 1, 1, 1, 1, 3, 3, -2, 3 ], 
          [ 3, 1, 3, 1, 1, 1, 3, 3, 1, 3, 3, 1, 3, 3, -2 ] ] ], 
  [ 347, [ [ -2, 1, 1, 3, 3, 1, 3, 3, 1, 1, 1, 3, 3, 3, 1, 3 ], [ 1, -2, 3, 1, 1, 1, 3, 3, 1, 1, 3, 1, 3, 3, 1, 1 ], 
          [ 1, 3, -2, 1, 3, 1, 1, 1, 3, 1, 1, 3, 1, 3, 3, 3 ], [ 3, 1, 1, -2, 3, 1, 3, 3, 3, 1, 3, 1, 1, 3, 3, 1 ], 
          [ 3, 1, 3, 3, -2, 3, 1, 1, 1, 3, 3, 1, 3, 1, 1, 1 ], [ 1, 1, 1, 1, 3, -2, 3, 3, 1, 3, 3, 3, 1, 3, 1, 1 ], 
          [ 3, 3, 1, 3, 1, 3, -2, 1, 3, 1, 1, 1, 1, 3, 3, 3 ], [ 3, 3, 1, 3, 1, 3, 1, -2, 1, 3, 1, 3, 1, 1, 3, 3 ], 
          [ 1, 1, 3, 3, 1, 1, 3, 1, -2, 3, 3, 3, 3, 1, 1, 3 ], [ 1, 1, 1, 1, 3, 3, 1, 3, 3, -2, 1, 1, 3, 3, 3, 3 ], 
          [ 1, 3, 1, 3, 3, 3, 1, 1, 3, 1, -2, 1, 1, 3, 3, 3 ], [ 3, 1, 3, 1, 1, 3, 1, 3, 3, 1, 1, -2, 1, 3, 3, 1 ], 
          [ 3, 3, 1, 1, 3, 1, 1, 1, 3, 3, 1, 1, -2, 3, 3, 1 ], [ 3, 3, 3, 3, 1, 3, 3, 1, 1, 3, 3, 3, 3, -2, 1, 1 ], 
          [ 1, 1, 3, 3, 1, 1, 3, 3, 1, 3, 3, 3, 3, 1, -2, 1 ], [ 3, 1, 3, 1, 1, 1, 3, 3, 3, 3, 3, 1, 1, 1, 1, -2 ] ] ], 
  [ 406, [ [ -2, 1, 1, 3, 3, 1, 3, 3, 1, 1, 1, 3, 3, 3, 1, 1 ], [ 1, -2, 3, 1, 1, 1, 3, 3, 1, 1, 3, 1, 3, 3, 1, 3 ], 
          [ 1, 3, -2, 1, 3, 1, 1, 1, 3, 1, 1, 3, 1, 3, 3, 1 ], [ 3, 1, 1, -2, 3, 1, 3, 3, 3, 1, 3, 1, 1, 3, 3, 3 ], 
          [ 3, 1, 3, 3, -2, 3, 1, 1, 1, 3, 3, 1, 3, 1, 1, 1 ], [ 1, 1, 1, 1, 3, -2, 3, 3, 1, 3, 3, 3, 1, 3, 1, 3 ], 
          [ 3, 3, 1, 3, 1, 3, -2, 1, 3, 1, 1, 1, 1, 3, 3, 1 ], [ 3, 3, 1, 3, 1, 3, 1, -2, 1, 3, 1, 3, 1, 1, 3, 1 ], 
          [ 1, 1, 3, 3, 1, 1, 3, 1, -2, 3, 3, 3, 3, 1, 1, 1 ], [ 1, 1, 1, 1, 3, 3, 1, 3, 3, -2, 1, 1, 3, 3, 3, 1 ], 
          [ 1, 3, 1, 3, 3, 3, 1, 1, 3, 1, -2, 1, 1, 3, 3, 1 ], [ 3, 1, 3, 1, 1, 3, 1, 3, 3, 1, 1, -2, 1, 3, 3, 3 ], 
          [ 3, 3, 1, 1, 3, 1, 1, 1, 3, 3, 1, 1, -2, 3, 3, 3 ], [ 3, 3, 3, 3, 1, 3, 3, 1, 1, 3, 3, 3, 3, -2, 1, 1 ], 
          [ 1, 1, 3, 3, 1, 1, 3, 3, 1, 3, 3, 3, 3, 1, -2, 1 ], [ 1, 3, 1, 3, 1, 3, 1, 1, 1, 1, 1, 3, 3, 1, 1, -2 ] ] ], 
  [ 406, [ [ -2, 1, 1, 3, 3, 1, 3, 3, 1, 1, 1, 3, 3, 3, 1, 3 ], [ 1, -2, 3, 1, 1, 1, 3, 3, 1, 1, 3, 1, 3, 3, 1, 1 ], 
          [ 1, 3, -2, 1, 3, 1, 1, 1, 3, 1, 1, 3, 1, 3, 3, 3 ], [ 3, 1, 1, -2, 3, 1, 3, 3, 3, 1, 3, 1, 1, 3, 3, 1 ], 
          [ 3, 1, 3, 3, -2, 3, 1, 1, 1, 3, 3, 1, 3, 1, 1, 3 ], [ 1, 1, 1, 1, 3, -2, 3, 3, 1, 3, 3, 3, 1, 3, 1, 1 ], 
          [ 3, 3, 1, 3, 1, 3, -2, 1, 3, 1, 1, 1, 1, 3, 3, 3 ], [ 3, 3, 1, 3, 1, 3, 1, -2, 1, 3, 1, 3, 1, 1, 3, 3 ], 
          [ 1, 1, 3, 3, 1, 1, 3, 1, -2, 3, 3, 3, 3, 1, 1, 3 ], [ 1, 1, 1, 1, 3, 3, 1, 3, 3, -2, 1, 1, 3, 3, 3, 3 ], 
          [ 1, 3, 1, 3, 3, 3, 1, 1, 3, 1, -2, 1, 1, 3, 3, 3 ], [ 3, 1, 3, 1, 1, 3, 1, 3, 3, 1, 1, -2, 1, 3, 3, 1 ], 
          [ 3, 3, 1, 1, 3, 1, 1, 1, 3, 3, 1, 1, -2, 3, 3, 1 ], [ 3, 3, 3, 3, 1, 3, 3, 1, 1, 3, 3, 3, 3, -2, 1, 3 ], 
          [ 1, 1, 3, 3, 1, 1, 3, 3, 1, 3, 3, 3, 3, 1, -2, 3 ], [ 3, 1, 3, 1, 3, 1, 3, 3, 3, 3, 3, 1, 1, 3, 3, -2 ] ] ], 
  [ 367, [ [ -2, 1, 1, 3, 3, 1, 3, 3, 1, 1, 1, 3, 3, 3, 3, 1 ], [ 1, -2, 3, 1, 1, 1, 3, 3, 1, 1, 3, 1, 1, 1, 3, 1 ], 
          [ 1, 3, -2, 1, 3, 1, 1, 1, 3, 1, 1, 3, 3, 3, 1, 3 ], [ 3, 1, 1, -2, 3, 1, 3, 3, 3, 1, 3, 1, 1, 1, 1, 3 ], 
          [ 3, 1, 3, 3, -2, 3, 1, 1, 1, 3, 3, 1, 1, 3, 3, 1 ], [ 1, 1, 1, 1, 3, -2, 3, 3, 1, 3, 3, 3, 1, 1, 3, 3 ], 
          [ 3, 3, 1, 3, 1, 3, -2, 1, 3, 1, 1, 1, 3, 3, 1, 1 ], [ 3, 3, 1, 3, 1, 3, 1, -2, 1, 3, 1, 3, 3, 3, 1, 3 ], 
          [ 1, 1, 3, 3, 1, 1, 3, 1, -2, 3, 3, 3, 1, 3, 3, 3 ], [ 1, 1, 1, 1, 3, 3, 1, 3, 3, -2, 1, 1, 3, 3, 1, 1 ], 
          [ 1, 3, 1, 3, 3, 3, 1, 1, 3, 1, -2, 1, 3, 3, 1, 1 ], [ 3, 1, 3, 1, 1, 3, 1, 3, 3, 1, 1, -2, 1, 1, 1, 1 ], 
          [ 3, 1, 3, 1, 1, 1, 3, 3, 1, 3, 3, 1, -2, 1, 3, 3 ], [ 3, 1, 3, 1, 3, 1, 3, 3, 3, 3, 3, 1, 1, -2, 1, 3 ], 
          [ 3, 3, 1, 1, 3, 3, 1, 1, 3, 1, 1, 1, 3, 1, -2, 3 ], [ 1, 1, 3, 3, 1, 3, 1, 3, 3, 1, 1, 1, 3, 3, 3, -2 ] ] ], 
  [ 329, [ [ -2, 1, 1, 3, 3, 1, 3, 3, 1, 1, 1, 3, 1, 1, 1, 3 ], [ 1, -2, 3, 1, 1, 1, 3, 3, 1, 1, 3, 3, 3, 1, 3, 3 ], 
          [ 1, 3, -2, 1, 3, 1, 1, 1, 3, 1, 1, 1, 3, 3, 3, 1 ], [ 3, 1, 1, -2, 3, 1, 3, 3, 3, 1, 3, 1, 3, 3, 3, 1 ], 
          [ 3, 1, 3, 3, -2, 3, 1, 1, 1, 3, 3, 3, 3, 1, 3, 3 ], [ 1, 1, 1, 1, 3, -2, 3, 3, 1, 3, 3, 1, 1, 1, 3, 1 ], 
          [ 3, 3, 1, 3, 1, 3, -2, 1, 3, 1, 1, 1, 3, 3, 3, 3 ], [ 3, 3, 1, 3, 1, 3, 1, -2, 1, 3, 1, 3, 3, 3, 3, 1 ], 
          [ 1, 1, 3, 3, 1, 1, 3, 1, -2, 3, 3, 3, 1, 1, 3, 1 ], [ 1, 1, 1, 1, 3, 3, 1, 3, 3, -2, 1, 1, 3, 3, 3, 3 ], 
          [ 1, 3, 1, 3, 3, 3, 1, 1, 3, 1, -2, 3, 3, 3, 1, 3 ], [ 3, 3, 1, 1, 3, 1, 1, 3, 3, 1, 3, -2, 1, 3, 3, 1 ], 
          [ 1, 3, 3, 3, 3, 1, 3, 3, 1, 3, 3, 1, -2, 1, 1, 1 ], [ 1, 1, 3, 3, 1, 1, 3, 3, 1, 3, 3, 3, 1, -2, 1, 3 ], 
          [ 1, 3, 3, 3, 3, 3, 3, 3, 3, 3, 1, 3, 1, 1, -2, 3 ], [ 3, 3, 1, 1, 3, 1, 3, 1, 1, 3, 3, 1, 1, 3, 3, -2 ] ] ], 
  [ 329, [ [ -2, 1, 1, 3, 3, 1, 3, 3, 1, 1, 1, 3, 1, 1, 1, 1, 3 ], [ 1, -2, 3, 1, 1, 1, 3, 3, 1, 1, 3, 3, 3, 1, 1, 1, 3 ], 
          [ 1, 3, -2, 1, 3, 1, 1, 1, 3, 1, 1, 1, 3, 3, 3, 1, 3 ], [ 3, 1, 1, -2, 3, 1, 3, 3, 3, 1, 3, 1, 3, 3, 3, 1, 3 ], 
          [ 3, 1, 3, 3, -2, 3, 1, 1, 1, 3, 3, 3, 3, 1, 1, 3, 1 ], [ 1, 1, 1, 1, 3, -2, 3, 3, 1, 3, 3, 1, 1, 1, 1, 1, 3 ], 
          [ 3, 3, 1, 3, 1, 3, -2, 1, 3, 1, 1, 1, 3, 3, 3, 3, 1 ], [ 3, 3, 1, 3, 1, 3, 1, -2, 1, 3, 1, 3, 3, 3, 3, 1, 1 ], 
          [ 1, 1, 3, 3, 1, 1, 3, 1, -2, 3, 3, 3, 1, 1, 1, 1, 1 ], [ 1, 1, 1, 1, 3, 3, 1, 3, 3, -2, 1, 1, 3, 3, 3, 1, 3 ], 
          [ 1, 3, 1, 3, 3, 3, 1, 1, 3, 1, -2, 3, 3, 3, 3, 1, 3 ], [ 3, 3, 1, 1, 3, 1, 1, 3, 3, 1, 3, -2, 1, 3, 3, 3, 1 ], 
          [ 1, 3, 3, 3, 3, 1, 3, 3, 1, 3, 3, 1, -2, 1, 1, 3, 1 ], [ 1, 1, 3, 3, 1, 1, 3, 3, 1, 3, 3, 3, 1, -2, 1, 3, 3 ], 
          [ 1, 1, 3, 3, 1, 1, 3, 3, 1, 3, 3, 3, 1, 1, -2, 3, 3 ], [ 1, 1, 1, 1, 3, 1, 3, 1, 1, 1, 1, 3, 3, 3, 3, -2, 3 ], 
          [ 3, 3, 3, 3, 1, 3, 1, 1, 1, 3, 3, 1, 1, 3, 3, 3, -2 ] ] ], [ 339, [ [ -2, 1, 1, 3, 3, 1, 3, 3, 1, 1, 1, 3, 1, 1, 1, 3, 1 ], 
          [ 1, -2, 3, 1, 1, 1, 3, 3, 1, 1, 3, 3, 3, 1, 1, 3, 1 ], [ 1, 3, -2, 1, 3, 1, 1, 1, 3, 1, 1, 1, 3, 3, 3, 3, 1 ], 
          [ 3, 1, 1, -2, 3, 1, 3, 3, 3, 1, 3, 1, 3, 3, 3, 3, 3 ], [ 3, 1, 3, 3, -2, 3, 1, 1, 1, 3, 3, 3, 3, 1, 1, 1, 1 ], 
          [ 1, 1, 1, 1, 3, -2, 3, 3, 1, 3, 3, 1, 1, 1, 1, 3, 3 ], [ 3, 3, 1, 3, 1, 3, -2, 1, 3, 1, 1, 1, 3, 3, 3, 1, 1 ], 
          [ 3, 3, 1, 3, 1, 3, 1, -2, 1, 3, 1, 3, 3, 3, 3, 1, 1 ], [ 1, 1, 3, 3, 1, 1, 3, 1, -2, 3, 3, 3, 1, 1, 1, 1, 3 ], 
          [ 1, 1, 1, 1, 3, 3, 1, 3, 3, -2, 1, 1, 3, 3, 3, 3, 1 ], [ 1, 3, 1, 3, 3, 3, 1, 1, 3, 1, -2, 3, 3, 3, 3, 1, 1 ], 
          [ 3, 3, 1, 1, 3, 1, 1, 3, 3, 1, 3, -2, 1, 3, 3, 3, 3 ], [ 1, 3, 3, 3, 3, 1, 3, 3, 1, 3, 3, 1, -2, 1, 1, 3, 3 ], 
          [ 1, 1, 3, 3, 1, 1, 3, 3, 1, 3, 3, 3, 1, -2, 1, 3, 1 ], [ 1, 1, 3, 3, 1, 1, 3, 3, 1, 3, 3, 3, 1, 1, -2, 3, 3 ], 
          [ 3, 3, 3, 3, 1, 3, 1, 1, 1, 3, 1, 3, 3, 3, 3, -2, 3 ], [ 1, 1, 1, 3, 1, 3, 1, 1, 3, 1, 1, 3, 3, 1, 3, 3, -2 ] ] ], 
  [ 329, [ [ -2, 1, 1, 3, 3, 1, 3, 3, 1, 1, 1, 3, 1, 1, 1, 3, 1 ], [ 1, -2, 3, 1, 1, 1, 3, 3, 1, 1, 3, 3, 3, 1, 1, 3, 1 ], 
          [ 1, 3, -2, 1, 3, 1, 1, 1, 3, 1, 1, 1, 3, 3, 3, 3, 1 ], [ 3, 1, 1, -2, 3, 1, 3, 3, 3, 1, 3, 1, 3, 3, 3, 3, 1 ], 
          [ 3, 1, 3, 3, -2, 3, 1, 1, 1, 3, 3, 3, 3, 1, 1, 1, 3 ], [ 1, 1, 1, 1, 3, -2, 3, 3, 1, 3, 3, 1, 1, 1, 1, 3, 1 ], 
          [ 3, 3, 1, 3, 1, 3, -2, 1, 3, 1, 1, 1, 3, 3, 3, 1, 3 ], [ 3, 3, 1, 3, 1, 3, 1, -2, 1, 3, 1, 3, 3, 3, 3, 3, 3 ], 
          [ 1, 1, 3, 3, 1, 1, 3, 1, -2, 3, 3, 3, 1, 1, 1, 3, 3 ], [ 1, 1, 1, 1, 3, 3, 1, 3, 3, -2, 1, 1, 3, 3, 3, 3, 1 ], 
          [ 1, 3, 1, 3, 3, 3, 1, 1, 3, 1, -2, 3, 3, 3, 3, 3, 1 ], [ 3, 3, 1, 1, 3, 1, 1, 3, 3, 1, 3, -2, 1, 3, 3, 1, 3 ], 
          [ 1, 3, 3, 3, 3, 1, 3, 3, 1, 3, 3, 1, -2, 1, 1, 1, 3 ], [ 1, 1, 3, 3, 1, 1, 3, 3, 1, 3, 3, 3, 1, -2, 1, 1, 1 ], 
          [ 1, 1, 3, 3, 1, 1, 3, 3, 1, 3, 3, 3, 1, 1, -2, 1, 1 ], [ 3, 3, 3, 3, 1, 3, 1, 3, 3, 3, 3, 1, 1, 1, 1, -2, 3 ], 
          [ 1, 1, 1, 1, 3, 1, 3, 3, 3, 1, 1, 3, 3, 1, 1, 3, -2 ] ] ], 
  [ 511, [ [ -2, 1, 1, 3, 3, 1, 3, 3, 1, 1, 1, 3, 1, 1, 1, 3, 3, 1 ], [ 1, -2, 3, 1, 1, 1, 3, 3, 1, 1, 3, 3, 3, 1, 1, 3, 1, 1 ], 
          [ 1, 3, -2, 1, 3, 1, 1, 1, 3, 1, 1, 1, 3, 3, 3, 3, 3, 1 ], [ 3, 1, 1, -2, 3, 1, 3, 3, 3, 1, 3, 1, 3, 3, 3, 3, 1, 1 ], 
          [ 3, 1, 3, 3, -2, 3, 1, 1, 1, 3, 3, 3, 3, 1, 1, 1, 1, 3 ], [ 1, 1, 1, 1, 3, -2, 3, 3, 1, 3, 3, 1, 1, 1, 1, 3, 3, 1 ], 
          [ 3, 3, 1, 3, 1, 3, -2, 1, 3, 1, 1, 1, 3, 3, 3, 1, 1, 3 ], [ 3, 3, 1, 3, 1, 3, 1, -2, 1, 3, 1, 3, 3, 3, 3, 1, 3, 3 ], 
          [ 1, 1, 3, 3, 1, 1, 3, 1, -2, 3, 3, 3, 1, 1, 1, 1, 3, 3 ], [ 1, 1, 1, 1, 3, 3, 1, 3, 3, -2, 1, 1, 3, 3, 3, 3, 1, 1 ], 
          [ 1, 3, 1, 3, 3, 3, 1, 1, 3, 1, -2, 3, 3, 3, 3, 3, 3, 3 ], [ 3, 3, 1, 1, 3, 1, 1, 3, 3, 1, 3, -2, 1, 3, 3, 1, 1, 1 ], 
          [ 1, 3, 3, 3, 3, 1, 3, 3, 1, 3, 3, 1, -2, 1, 1, 1, 3, 1 ], [ 1, 1, 3, 3, 1, 1, 3, 3, 1, 3, 3, 3, 1, -2, 1, 3, 3, 1 ], 
          [ 1, 1, 3, 3, 1, 1, 3, 3, 1, 3, 3, 3, 1, 1, -2, 3, 3, 1 ], [ 3, 3, 3, 3, 1, 3, 1, 1, 1, 3, 3, 1, 1, 3, 3, -2, 1, 3 ], 
          [ 3, 1, 3, 1, 1, 3, 1, 3, 3, 1, 3, 1, 3, 3, 3, 1, -2, 3 ], [ 1, 1, 1, 1, 3, 1, 3, 3, 3, 1, 3, 1, 1, 1, 1, 3, 3, -2 ] ] ], 
  [ 351, [ [ -2, 1, 1, 3, 3, 1, 3, 3, 1, 1, 1, 3, 1, 1, 1, 3, 1 ], [ 1, -2, 3, 1, 1, 1, 3, 3, 1, 1, 3, 3, 3, 1, 1, 3, 1 ], 
          [ 1, 3, -2, 1, 3, 1, 1, 1, 3, 1, 1, 1, 3, 3, 3, 3, 1 ], [ 3, 1, 1, -2, 3, 1, 3, 3, 3, 1, 3, 1, 3, 3, 3, 3, 1 ], 
          [ 3, 1, 3, 3, -2, 3, 1, 1, 1, 3, 3, 3, 3, 1, 1, 1, 3 ], [ 1, 1, 1, 1, 3, -2, 3, 3, 1, 3, 3, 1, 1, 1, 1, 3, 1 ], 
          [ 3, 3, 1, 3, 1, 3, -2, 1, 3, 1, 1, 1, 3, 3, 3, 1, 3 ], [ 3, 3, 1, 3, 1, 3, 1, -2, 1, 3, 1, 3, 3, 3, 3, 1, 3 ], 
          [ 1, 1, 3, 3, 1, 1, 3, 1, -2, 3, 3, 3, 1, 1, 1, 1, 3 ], [ 1, 1, 1, 1, 3, 3, 1, 3, 3, -2, 1, 1, 3, 3, 3, 3, 1 ], 
          [ 1, 3, 1, 3, 3, 3, 1, 1, 3, 1, -2, 3, 3, 3, 3, 3, 3 ], [ 3, 3, 1, 1, 3, 1, 1, 3, 3, 1, 3, -2, 1, 3, 3, 1, 1 ], 
          [ 1, 3, 3, 3, 3, 1, 3, 3, 1, 3, 3, 1, -2, 1, 1, 1, 1 ], [ 1, 1, 3, 3, 1, 1, 3, 3, 1, 3, 3, 3, 1, -2, 1, 3, 1 ], 
          [ 1, 1, 3, 3, 1, 1, 3, 3, 1, 3, 3, 3, 1, 1, -2, 3, 3 ], [ 3, 3, 3, 3, 1, 3, 1, 1, 1, 3, 3, 1, 1, 3, 3, -2, 3 ], 
          [ 1, 1, 1, 1, 3, 1, 3, 3, 3, 1, 3, 1, 1, 1, 3, 3, -2 ] ] ], 
  [ 314, [ [ -2, 1, 1, 3, 3, 1, 3, 3, 1, 1, 1, 3, 1, 1, 1, 3, 1 ], [ 1, -2, 3, 1, 1, 1, 3, 3, 1, 1, 3, 3, 3, 1, 1, 3, 1 ], 
          [ 1, 3, -2, 1, 3, 1, 1, 1, 3, 1, 1, 1, 3, 3, 3, 3, 1 ], [ 3, 1, 1, -2, 3, 1, 3, 3, 3, 1, 3, 1, 3, 3, 3, 3, 1 ], 
          [ 3, 1, 3, 3, -2, 3, 1, 1, 1, 3, 3, 3, 3, 1, 1, 1, 3 ], [ 1, 1, 1, 1, 3, -2, 3, 3, 1, 3, 3, 1, 1, 1, 1, 3, 1 ], 
          [ 3, 3, 1, 3, 1, 3, -2, 1, 3, 1, 1, 1, 3, 3, 3, 1, 3 ], [ 3, 3, 1, 3, 1, 3, 1, -2, 1, 3, 1, 3, 3, 3, 3, 1, 3 ], 
          [ 1, 1, 3, 3, 1, 1, 3, 1, -2, 3, 3, 3, 1, 1, 1, 1, 3 ], [ 1, 1, 1, 1, 3, 3, 1, 3, 3, -2, 1, 1, 3, 3, 3, 3, 1 ], 
          [ 1, 3, 1, 3, 3, 3, 1, 1, 3, 1, -2, 3, 3, 3, 3, 3, 1 ], [ 3, 3, 1, 1, 3, 1, 1, 3, 3, 1, 3, -2, 1, 3, 3, 1, 1 ], 
          [ 1, 3, 3, 3, 3, 1, 3, 3, 1, 3, 3, 1, -2, 1, 1, 1, 3 ], [ 1, 1, 3, 3, 1, 1, 3, 3, 1, 3, 3, 3, 1, -2, 1, 3, 3 ], 
          [ 1, 1, 3, 3, 1, 1, 3, 3, 1, 3, 3, 3, 1, 1, -2, 3, 3 ], [ 3, 3, 3, 3, 1, 3, 1, 1, 1, 3, 3, 1, 1, 3, 3, -2, 3 ], 
          [ 1, 1, 1, 1, 3, 1, 3, 3, 3, 1, 1, 1, 3, 3, 3, 3, -2 ] ] ], [ 511, [ [ -2, 1, 1, 3, 3, 1, 3, 3, 1, 1, 1, 3, 1, 1, 1, 3, 1, 3 ], 
          [ 1, -2, 3, 1, 1, 1, 3, 3, 1, 1, 3, 3, 3, 1, 1, 3, 1, 1 ], [ 1, 3, -2, 1, 3, 1, 1, 1, 3, 1, 1, 1, 3, 3, 3, 3, 1, 3 ], 
          [ 3, 1, 1, -2, 3, 1, 3, 3, 3, 1, 3, 1, 3, 3, 3, 3, 1, 1 ], [ 3, 1, 3, 3, -2, 3, 1, 1, 1, 3, 3, 3, 3, 1, 1, 1, 3, 1 ], 
          [ 1, 1, 1, 1, 3, -2, 3, 3, 1, 3, 3, 1, 1, 1, 1, 3, 1, 3 ], [ 3, 3, 1, 3, 1, 3, -2, 1, 3, 1, 1, 1, 3, 3, 3, 1, 3, 1 ], 
          [ 3, 3, 1, 3, 1, 3, 1, -2, 1, 3, 1, 3, 3, 3, 3, 1, 3, 3 ], [ 1, 1, 3, 3, 1, 1, 3, 1, -2, 3, 3, 3, 1, 1, 1, 1, 3, 3 ], 
          [ 1, 1, 1, 1, 3, 3, 1, 3, 3, -2, 1, 1, 3, 3, 3, 3, 1, 1 ], [ 1, 3, 1, 3, 3, 3, 1, 1, 3, 1, -2, 3, 3, 3, 3, 3, 1, 3 ], 
          [ 3, 3, 1, 1, 3, 1, 1, 3, 3, 1, 3, -2, 1, 3, 3, 1, 1, 1 ], [ 1, 3, 3, 3, 3, 1, 3, 3, 1, 3, 3, 1, -2, 1, 1, 1, 3, 3 ], 
          [ 1, 1, 3, 3, 1, 1, 3, 3, 1, 3, 3, 3, 1, -2, 1, 3, 3, 3 ], [ 1, 1, 3, 3, 1, 1, 3, 3, 1, 3, 3, 3, 1, 1, -2, 3, 3, 3 ], 
          [ 3, 3, 3, 3, 1, 3, 1, 1, 1, 3, 3, 1, 1, 3, 3, -2, 3, 1 ], [ 1, 1, 1, 1, 3, 1, 3, 3, 3, 1, 1, 1, 3, 3, 3, 3, -2, 1 ], 
          [ 3, 1, 3, 1, 1, 3, 1, 3, 3, 1, 3, 1, 3, 3, 3, 1, 1, -2 ] ] ], 
  [ 511, [ [ -2, 1, 1, 3, 3, 1, 3, 3, 1, 1, 1, 3, 1, 1, 1, 3, 1, 1 ], [ 1, -2, 3, 1, 1, 1, 3, 3, 1, 1, 3, 3, 3, 1, 1, 3, 1, 3 ], 
          [ 1, 3, -2, 1, 3, 1, 1, 1, 3, 1, 1, 1, 3, 3, 3, 3, 1, 1 ], [ 3, 1, 1, -2, 3, 1, 3, 3, 3, 1, 3, 1, 3, 3, 3, 3, 1, 3 ], 
          [ 3, 1, 3, 3, -2, 3, 1, 1, 1, 3, 3, 3, 3, 1, 1, 1, 3, 3 ], [ 1, 1, 1, 1, 3, -2, 3, 3, 1, 3, 3, 1, 1, 1, 1, 3, 1, 1 ], 
          [ 3, 3, 1, 3, 1, 3, -2, 1, 3, 1, 1, 1, 3, 3, 3, 1, 3, 3 ], [ 3, 3, 1, 3, 1, 3, 1, -2, 1, 3, 1, 3, 3, 3, 3, 1, 3, 1 ], 
          [ 1, 1, 3, 3, 1, 1, 3, 1, -2, 3, 3, 3, 1, 1, 1, 1, 3, 1 ], [ 1, 1, 1, 1, 3, 3, 1, 3, 3, -2, 1, 1, 3, 3, 3, 3, 1, 3 ], 
          [ 1, 3, 1, 3, 3, 3, 1, 1, 3, 1, -2, 3, 3, 3, 3, 3, 1, 1 ], [ 3, 3, 1, 1, 3, 1, 1, 3, 3, 1, 3, -2, 1, 3, 3, 1, 1, 3 ], 
          [ 1, 3, 3, 3, 3, 1, 3, 3, 1, 3, 3, 1, -2, 1, 1, 1, 3, 1 ], [ 1, 1, 3, 3, 1, 1, 3, 3, 1, 3, 3, 3, 1, -2, 1, 3, 3, 1 ], 
          [ 1, 1, 3, 3, 1, 1, 3, 3, 1, 3, 3, 3, 1, 1, -2, 3, 3, 1 ], [ 3, 3, 3, 3, 1, 3, 1, 1, 1, 3, 3, 1, 1, 3, 3, -2, 3, 3 ], 
          [ 1, 1, 1, 1, 3, 1, 3, 3, 3, 1, 1, 1, 3, 3, 3, 3, -2, 3 ], [ 1, 3, 1, 3, 3, 1, 3, 1, 1, 3, 1, 3, 1, 1, 1, 3, 3, -2 ] ] ], 
  [ 348, [ [ -2, 1, 1, 3, 3, 1, 3, 3, 1, 1, 1, 3, 1, 1, 3, 3, 1 ], [ 1, -2, 3, 1, 1, 1, 3, 3, 1, 1, 3, 1, 3, 1, 3, 1, 1 ], 
          [ 1, 3, -2, 1, 3, 1, 1, 1, 3, 1, 1, 1, 3, 1, 1, 3, 3 ], [ 3, 1, 1, -2, 3, 1, 3, 3, 3, 1, 3, 1, 3, 1, 1, 1, 3 ], 
          [ 3, 1, 3, 3, -2, 3, 1, 1, 1, 3, 3, 1, 3, 3, 3, 1, 1 ], [ 1, 1, 1, 1, 3, -2, 3, 3, 1, 3, 3, 1, 1, 1, 3, 3, 1 ], 
          [ 3, 3, 1, 3, 1, 3, -2, 1, 3, 1, 1, 1, 3, 3, 1, 1, 3 ], [ 3, 3, 1, 3, 1, 3, 1, -2, 1, 3, 1, 1, 3, 3, 1, 3, 3 ], 
          [ 1, 1, 3, 3, 1, 1, 3, 1, -2, 3, 3, 1, 1, 3, 3, 3, 1 ], [ 1, 1, 1, 1, 3, 3, 1, 3, 3, -2, 1, 1, 3, 1, 1, 1, 3 ], 
          [ 1, 3, 1, 3, 3, 3, 1, 1, 3, 1, -2, 3, 3, 1, 1, 3, 3 ], [ 3, 1, 1, 1, 1, 1, 1, 1, 1, 1, 3, -2, 3, 1, 1, 1, 3 ], 
          [ 1, 3, 3, 3, 3, 1, 3, 3, 1, 3, 3, 3, -2, 3, 3, 3, 1 ], [ 1, 1, 1, 1, 3, 1, 3, 3, 3, 1, 1, 1, 3, -2, 1, 1, 3 ], 
          [ 3, 3, 1, 1, 3, 3, 1, 1, 3, 1, 1, 1, 3, 1, -2, 1, 3 ], [ 3, 1, 3, 1, 1, 3, 1, 3, 3, 1, 3, 1, 3, 1, 1, -2, 3 ], 
          [ 1, 1, 3, 3, 1, 1, 3, 3, 1, 3, 3, 3, 1, 3, 3, 3, -2 ] ] ], 
  [ 514, [ [ -2, 1, 1, 3, 3, 1, 3, 3, 1, 1, 1, 3, 1, 1, 3, 3, 1, 3 ], [ 1, -2, 3, 1, 1, 1, 3, 3, 1, 1, 3, 1, 3, 1, 3, 1, 1, 3 ], 
          [ 1, 3, -2, 1, 3, 1, 1, 1, 3, 1, 1, 1, 3, 1, 1, 3, 3, 3 ], [ 3, 1, 1, -2, 3, 1, 3, 3, 3, 1, 3, 1, 3, 1, 1, 1, 3, 3 ], 
          [ 3, 1, 3, 3, -2, 3, 1, 1, 1, 3, 3, 1, 3, 3, 3, 1, 1, 1 ], [ 1, 1, 1, 1, 3, -2, 3, 3, 1, 3, 3, 1, 1, 1, 3, 3, 1, 3 ], 
          [ 3, 3, 1, 3, 1, 3, -2, 1, 3, 1, 1, 1, 3, 3, 1, 1, 3, 1 ], [ 3, 3, 1, 3, 1, 3, 1, -2, 1, 3, 1, 1, 3, 3, 1, 3, 3, 1 ], 
          [ 1, 1, 3, 3, 1, 1, 3, 1, -2, 3, 3, 1, 1, 3, 3, 3, 1, 1 ], [ 1, 1, 1, 1, 3, 3, 1, 3, 3, -2, 1, 1, 3, 1, 1, 1, 3, 3 ], 
          [ 1, 3, 1, 3, 3, 3, 1, 1, 3, 1, -2, 3, 3, 1, 1, 3, 3, 3 ], [ 3, 1, 1, 1, 1, 1, 1, 1, 1, 1, 3, -2, 3, 1, 1, 1, 3, 1 ], 
          [ 1, 3, 3, 3, 3, 1, 3, 3, 1, 3, 3, 3, -2, 3, 3, 3, 1, 1 ], [ 1, 1, 1, 1, 3, 1, 3, 3, 3, 1, 1, 1, 3, -2, 1, 1, 3, 3 ], 
          [ 3, 3, 1, 1, 3, 3, 1, 1, 3, 1, 1, 1, 3, 1, -2, 1, 3, 1 ], [ 3, 1, 3, 1, 1, 3, 1, 3, 3, 1, 3, 1, 3, 1, 1, -2, 3, 1 ], 
          [ 1, 1, 3, 3, 1, 1, 3, 3, 1, 3, 3, 3, 1, 3, 3, 3, -2, 3 ], [ 3, 3, 3, 3, 1, 3, 1, 1, 1, 3, 3, 1, 1, 3, 1, 1, 3, -2 ] ] ], 
  [ 514, [ [ -2, 1, 1, 3, 3, 1, 3, 3, 1, 1, 1, 3, 1, 1, 3, 3, 1, 1 ], [ 1, -2, 3, 1, 1, 1, 3, 3, 1, 1, 3, 1, 3, 1, 3, 1, 1, 1 ], 
          [ 1, 3, -2, 1, 3, 1, 1, 1, 3, 1, 1, 1, 3, 1, 1, 3, 3, 1 ], [ 3, 1, 1, -2, 3, 1, 3, 3, 3, 1, 3, 1, 3, 1, 1, 1, 3, 1 ], 
          [ 3, 1, 3, 3, -2, 3, 1, 1, 1, 3, 3, 1, 3, 3, 3, 1, 1, 3 ], [ 1, 1, 1, 1, 3, -2, 3, 3, 1, 3, 3, 1, 1, 1, 3, 3, 1, 1 ], 
          [ 3, 3, 1, 3, 1, 3, -2, 1, 3, 1, 1, 1, 3, 3, 1, 1, 3, 3 ], [ 3, 3, 1, 3, 1, 3, 1, -2, 1, 3, 1, 1, 3, 3, 1, 3, 3, 3 ], 
          [ 1, 1, 3, 3, 1, 1, 3, 1, -2, 3, 3, 1, 1, 3, 3, 3, 1, 3 ], [ 1, 1, 1, 1, 3, 3, 1, 3, 3, -2, 1, 1, 3, 1, 1, 1, 3, 1 ], 
          [ 1, 3, 1, 3, 3, 3, 1, 1, 3, 1, -2, 3, 3, 1, 1, 3, 3, 1 ], [ 3, 1, 1, 1, 1, 1, 1, 1, 1, 1, 3, -2, 3, 1, 1, 1, 3, 3 ], 
          [ 1, 3, 3, 3, 3, 1, 3, 3, 1, 3, 3, 3, -2, 3, 3, 3, 1, 3 ], [ 1, 1, 1, 1, 3, 1, 3, 3, 3, 1, 1, 1, 3, -2, 1, 1, 3, 1 ], 
          [ 3, 3, 1, 1, 3, 3, 1, 1, 3, 1, 1, 1, 3, 1, -2, 1, 3, 3 ], [ 3, 1, 3, 1, 1, 3, 1, 3, 3, 1, 3, 1, 3, 1, 1, -2, 3, 3 ], 
          [ 1, 1, 3, 3, 1, 1, 3, 3, 1, 3, 3, 3, 1, 3, 3, 3, -2, 1 ], [ 1, 1, 1, 1, 3, 1, 3, 3, 3, 1, 1, 3, 3, 1, 3, 3, 1, -2 ] ] ], 
  [ 410, [ [ -2, 1, 1, 3, 3, 1, 3, 3, 1, 1, 1, 3, 1, 1, 3, 3, 3 ], [ 1, -2, 3, 1, 1, 1, 3, 3, 1, 1, 3, 1, 3, 1, 3, 1, 1 ], 
          [ 1, 3, -2, 1, 3, 1, 1, 1, 3, 1, 1, 1, 3, 1, 1, 3, 3 ], [ 3, 1, 1, -2, 3, 1, 3, 3, 3, 1, 3, 1, 3, 1, 1, 1, 1 ], 
          [ 3, 1, 3, 3, -2, 3, 1, 1, 1, 3, 3, 1, 3, 3, 3, 1, 1 ], [ 1, 1, 1, 1, 3, -2, 3, 3, 1, 3, 3, 1, 1, 1, 3, 3, 1 ], 
          [ 3, 3, 1, 3, 1, 3, -2, 1, 3, 1, 1, 1, 3, 3, 1, 1, 3 ], [ 3, 3, 1, 3, 1, 3, 1, -2, 1, 3, 1, 1, 3, 3, 1, 3, 3 ], 
          [ 1, 1, 3, 3, 1, 1, 3, 1, -2, 3, 3, 1, 1, 3, 3, 3, 1 ], [ 1, 1, 1, 1, 3, 3, 1, 3, 3, -2, 1, 1, 3, 1, 1, 1, 3 ], 
          [ 1, 3, 1, 3, 3, 3, 1, 1, 3, 1, -2, 3, 3, 1, 1, 3, 3 ], [ 3, 1, 1, 1, 1, 1, 1, 1, 1, 1, 3, -2, 3, 1, 1, 1, 1 ], 
          [ 1, 3, 3, 3, 3, 1, 3, 3, 1, 3, 3, 3, -2, 3, 3, 3, 3 ], [ 1, 1, 1, 1, 3, 1, 3, 3, 3, 1, 1, 1, 3, -2, 1, 1, 1 ], 
          [ 3, 3, 1, 1, 3, 3, 1, 1, 3, 1, 1, 1, 3, 1, -2, 1, 3 ], [ 3, 1, 3, 1, 1, 3, 1, 3, 3, 1, 3, 1, 3, 1, 1, -2, 1 ], 
          [ 3, 1, 3, 1, 1, 1, 3, 3, 1, 3, 3, 1, 3, 1, 3, 1, -2 ] ] ], 
  [ 340, [ [ -2, 1, 1, 3, 3, 1, 3, 3, 1, 1, 1, 3, 3, 1, 3 ], [ 1, -2, 3, 1, 1, 1, 3, 3, 1, 1, 3, 1, 1, 1, 1 ], 
          [ 1, 3, -2, 1, 3, 1, 1, 1, 3, 1, 1, 1, 3, 1, 3 ], [ 3, 1, 1, -2, 3, 1, 3, 3, 3, 1, 3, 1, 1, 1, 1 ], 
          [ 3, 1, 3, 3, -2, 3, 1, 1, 1, 3, 3, 1, 3, 1, 1 ], [ 1, 1, 1, 1, 3, -2, 3, 3, 1, 3, 3, 1, 1, 1, 3 ], 
          [ 3, 3, 1, 3, 1, 3, -2, 1, 3, 1, 1, 1, 3, 1, 1 ], [ 3, 3, 1, 3, 1, 3, 1, -2, 1, 3, 1, 1, 3, 3, 3 ], 
          [ 1, 1, 3, 3, 1, 1, 3, 1, -2, 3, 3, 1, 3, 1, 3 ], [ 1, 1, 1, 1, 3, 3, 1, 3, 3, -2, 1, 1, 3, 1, 1 ], 
          [ 1, 3, 1, 3, 3, 3, 1, 1, 3, 1, -2, 3, 3, 3, 3 ], [ 3, 1, 1, 1, 1, 1, 1, 1, 1, 1, 3, -2, 3, 1, 1 ], 
          [ 3, 1, 3, 1, 3, 1, 3, 3, 3, 3, 3, 3, -2, 3, 1 ], [ 1, 1, 1, 1, 1, 1, 1, 3, 1, 1, 3, 1, 3, -2, 1 ], 
          [ 3, 1, 3, 1, 1, 3, 1, 3, 3, 1, 3, 1, 1, 1, -2 ] ] ], 
  [ 335, [ [ -2, 1, 1, 3, 3, 1, 3, 3, 1, 1, 1, 3, 1, 3, 1 ], [ 1, -2, 3, 1, 1, 1, 3, 3, 1, 1, 3, 3, 1, 3, 3 ], 
          [ 1, 3, -2, 1, 3, 1, 1, 1, 3, 1, 1, 3, 1, 3, 1 ], [ 3, 1, 1, -2, 3, 1, 3, 3, 3, 1, 3, 3, 1, 3, 1 ], 
          [ 3, 1, 3, 3, -2, 3, 1, 1, 1, 3, 3, 1, 3, 3, 3 ], [ 1, 1, 1, 1, 3, -2, 3, 3, 1, 3, 3, 3, 1, 3, 3 ], 
          [ 3, 3, 1, 3, 1, 3, -2, 1, 3, 1, 1, 1, 3, 3, 3 ], [ 3, 3, 1, 3, 1, 3, 1, -2, 1, 3, 1, 1, 3, 1, 3 ], 
          [ 1, 1, 3, 3, 1, 1, 3, 1, -2, 3, 3, 1, 1, 3, 3 ], [ 1, 1, 1, 1, 3, 3, 1, 3, 3, -2, 1, 3, 1, 3, 1 ], 
          [ 1, 3, 1, 3, 3, 3, 1, 1, 3, 1, -2, 1, 3, 1, 1 ], [ 3, 3, 3, 3, 1, 3, 1, 1, 1, 3, 1, -2, 3, 1, 3 ], 
          [ 1, 1, 1, 1, 3, 1, 3, 3, 1, 1, 3, 3, -2, 3, 1 ], [ 3, 3, 3, 3, 3, 3, 3, 1, 3, 3, 1, 1, 3, -2, 3 ], 
          [ 1, 3, 1, 1, 3, 3, 3, 3, 3, 1, 1, 3, 1, 3, -2 ] ] ], 
  [ 526, [ [ -2, 1, 1, 3, 3, 1, 3, 3, 1, 1, 1, 3, 1, 3, 1, 3 ], [ 1, -2, 3, 1, 1, 1, 3, 3, 1, 1, 3, 3, 1, 3, 1, 1 ], 
          [ 1, 3, -2, 1, 3, 1, 1, 1, 3, 1, 1, 3, 1, 3, 1, 3 ], [ 3, 1, 1, -2, 3, 1, 3, 3, 3, 1, 3, 3, 1, 3, 1, 1 ], 
          [ 3, 1, 3, 3, -2, 3, 1, 1, 1, 3, 3, 1, 3, 3, 3, 1 ], [ 1, 1, 1, 1, 3, -2, 3, 3, 1, 3, 3, 3, 1, 3, 1, 3 ], 
          [ 3, 3, 1, 3, 1, 3, -2, 1, 3, 1, 1, 1, 3, 3, 1, 1 ], [ 3, 3, 1, 3, 1, 3, 1, -2, 1, 3, 1, 1, 3, 1, 3, 3 ], 
          [ 1, 1, 3, 3, 1, 1, 3, 1, -2, 3, 3, 1, 1, 3, 3, 3 ], [ 1, 1, 1, 1, 3, 3, 1, 3, 3, -2, 1, 3, 1, 3, 1, 1 ], 
          [ 1, 3, 1, 3, 3, 3, 1, 1, 3, 1, -2, 1, 3, 1, 1, 1 ], [ 3, 3, 3, 3, 1, 3, 1, 1, 1, 3, 1, -2, 3, 1, 3, 1 ], 
          [ 1, 1, 1, 1, 3, 1, 3, 3, 1, 1, 3, 3, -2, 3, 1, 3 ], [ 3, 3, 3, 3, 3, 3, 3, 1, 3, 3, 1, 1, 3, -2, 3, 3 ], 
          [ 1, 1, 1, 1, 3, 1, 1, 3, 3, 1, 1, 3, 1, 3, -2, 1 ], [ 3, 1, 3, 1, 1, 3, 1, 3, 3, 1, 1, 1, 3, 3, 1, -2 ] ] ], 
  [ 358, [ [ -2, 1, 1, 3, 3, 1, 3, 3, 1, 1, 1, 3, 1, 1, 1, 3 ], [ 1, -2, 3, 1, 1, 1, 3, 3, 1, 1, 3, 3, 1, 1, 1, 1 ], 
          [ 1, 3, -2, 1, 3, 1, 1, 1, 3, 1, 1, 3, 1, 1, 1, 1 ], [ 3, 1, 1, -2, 3, 1, 3, 3, 3, 1, 3, 3, 1, 1, 3, 1 ], 
          [ 3, 1, 3, 3, -2, 3, 1, 1, 1, 3, 3, 1, 3, 3, 1, 1 ], [ 1, 1, 1, 1, 3, -2, 3, 3, 1, 3, 3, 3, 1, 1, 3, 3 ], 
          [ 3, 3, 1, 3, 1, 3, -2, 1, 3, 1, 1, 1, 3, 3, 1, 1 ], [ 3, 3, 1, 3, 1, 3, 1, -2, 1, 3, 1, 1, 3, 3, 1, 1 ], 
          [ 1, 1, 3, 3, 1, 1, 3, 1, -2, 3, 3, 1, 1, 3, 3, 3 ], [ 1, 1, 1, 1, 3, 3, 1, 3, 3, -2, 1, 3, 1, 1, 1, 1 ], 
          [ 1, 3, 1, 3, 3, 3, 1, 1, 3, 1, -2, 1, 3, 3, 1, 3 ], [ 3, 3, 3, 3, 1, 3, 1, 1, 1, 3, 1, -2, 3, 3, 3, 3 ], 
          [ 1, 1, 1, 1, 3, 1, 3, 3, 1, 1, 3, 3, -2, 1, 3, 1 ], [ 1, 1, 1, 1, 3, 1, 3, 3, 3, 1, 3, 3, 1, -2, 1, 1 ], 
          [ 1, 1, 1, 3, 1, 3, 1, 1, 3, 1, 1, 3, 3, 1, -2, 1 ], [ 3, 1, 1, 1, 1, 3, 1, 1, 3, 1, 3, 3, 1, 1, 1, -2 ] ] ], 
  [ 445, [ [ -2, 1, 1, 3, 3, 1, 3, 3, 1, 1, 1, 3, 1, 1, 3 ], [ 1, -2, 3, 1, 1, 1, 3, 3, 1, 1, 3, 3, 1, 3, 3 ], 
          [ 1, 3, -2, 1, 3, 1, 1, 1, 3, 1, 1, 3, 1, 1, 3 ], [ 3, 1, 1, -2, 3, 1, 3, 3, 3, 1, 3, 3, 3, 1, 3 ], 
          [ 3, 1, 3, 3, -2, 3, 1, 1, 1, 3, 3, 1, 1, 3, 3 ], [ 1, 1, 1, 1, 3, -2, 3, 3, 1, 3, 3, 3, 1, 3, 3 ], 
          [ 3, 3, 1, 3, 1, 3, -2, 1, 3, 1, 1, 1, 1, 3, 3 ], [ 3, 3, 1, 3, 1, 3, 1, -2, 1, 3, 1, 1, 1, 3, 1 ], 
          [ 1, 1, 3, 3, 1, 1, 3, 1, -2, 3, 3, 1, 1, 3, 3 ], [ 1, 1, 1, 1, 3, 3, 1, 3, 3, -2, 1, 3, 1, 1, 3 ], 
          [ 1, 3, 1, 3, 3, 3, 1, 1, 3, 1, -2, 1, 1, 1, 1 ], [ 3, 3, 3, 3, 1, 3, 1, 1, 1, 3, 1, -2, 3, 3, 1 ], 
          [ 1, 1, 1, 3, 1, 1, 1, 1, 1, 1, 1, 3, -2, 3, 3 ], [ 1, 3, 1, 1, 3, 3, 3, 3, 3, 1, 1, 3, 3, -2, 3 ], 
          [ 3, 3, 3, 3, 3, 3, 3, 1, 3, 3, 1, 1, 3, 3, -2 ] ] ], 
  [ 422, [ [ -2, 1, 1, 3, 3, 1, 3, 3, 1, 1, 1, 3, 1, 3, 1 ], [ 1, -2, 3, 1, 1, 1, 3, 3, 1, 1, 3, 3, 1, 3, 1 ], 
          [ 1, 3, -2, 1, 3, 1, 1, 1, 3, 1, 1, 3, 1, 3, 1 ], [ 3, 1, 1, -2, 3, 1, 3, 3, 3, 1, 3, 3, 1, 1, 1 ], 
          [ 3, 1, 3, 3, -2, 3, 1, 1, 1, 3, 3, 1, 3, 3, 1 ], [ 1, 1, 1, 1, 3, -2, 3, 3, 1, 3, 3, 3, 1, 3, 1 ], 
          [ 3, 3, 1, 3, 1, 3, -2, 1, 3, 1, 1, 1, 1, 3, 1 ], [ 3, 3, 1, 3, 1, 3, 1, -2, 1, 3, 1, 1, 3, 3, 3 ], 
          [ 1, 1, 3, 3, 1, 1, 3, 1, -2, 3, 3, 1, 3, 3, 1 ], [ 1, 1, 1, 1, 3, 3, 1, 3, 3, -2, 1, 3, 1, 3, 1 ], 
          [ 1, 3, 1, 3, 3, 3, 1, 1, 3, 1, -2, 1, 1, 3, 3 ], [ 3, 3, 3, 3, 1, 3, 1, 1, 1, 3, 1, -2, 3, 1, 3 ], 
          [ 1, 1, 1, 1, 3, 1, 1, 3, 3, 1, 1, 3, -2, 3, 1 ], [ 3, 3, 3, 1, 3, 3, 3, 3, 3, 3, 3, 1, 3, -2, 3 ], 
          [ 1, 1, 1, 1, 1, 1, 1, 3, 1, 1, 3, 3, 1, 3, -2 ] ] ], 
  [ 351, [ [ -2, 1, 1, 3, 3, 1, 3, 3, 1, 1, 1, 3, 1, 3, 1, 1, 1 ], [ 1, -2, 3, 1, 1, 1, 3, 3, 1, 1, 3, 3, 1, 3, 1, 3, 3 ], 
          [ 1, 3, -2, 1, 3, 1, 1, 1, 3, 1, 1, 3, 1, 1, 1, 1, 3 ], [ 3, 1, 1, -2, 3, 1, 3, 3, 3, 1, 3, 3, 1, 1, 1, 3, 3 ], 
          [ 3, 1, 3, 3, -2, 3, 1, 1, 1, 3, 3, 1, 3, 3, 3, 3, 3 ], [ 1, 1, 1, 1, 3, -2, 3, 3, 1, 3, 3, 3, 1, 3, 1, 1, 1 ], 
          [ 3, 3, 1, 3, 1, 3, -2, 1, 3, 1, 1, 1, 1, 1, 3, 3, 3 ], [ 3, 3, 1, 3, 1, 3, 1, -2, 1, 3, 1, 1, 3, 1, 1, 1, 3 ], 
          [ 1, 1, 3, 3, 1, 1, 3, 1, -2, 3, 3, 1, 3, 3, 1, 1, 1 ], [ 1, 1, 1, 1, 3, 3, 1, 3, 3, -2, 1, 3, 1, 1, 1, 3, 3 ], 
          [ 1, 3, 1, 3, 3, 3, 1, 1, 3, 1, -2, 1, 1, 1, 1, 1, 1 ], [ 3, 3, 3, 3, 1, 3, 1, 1, 1, 3, 1, -2, 3, 3, 3, 1, 1 ], 
          [ 1, 1, 1, 1, 3, 1, 1, 3, 3, 1, 1, 3, -2, 1, 1, 3, 3 ], [ 3, 3, 1, 1, 3, 3, 1, 1, 3, 1, 1, 3, 1, -2, 1, 3, 3 ], 
          [ 1, 1, 1, 1, 3, 1, 3, 1, 1, 1, 1, 3, 1, 1, -2, 1, 3 ], [ 1, 3, 1, 3, 3, 1, 3, 1, 1, 3, 1, 1, 3, 3, 1, -2, 1 ], 
          [ 1, 3, 3, 3, 3, 1, 3, 3, 1, 3, 1, 1, 3, 3, 3, 1, -2 ] ] ], [ 352, [ [ -2, 1, 1, 3, 3, 1, 3, 3, 1, 1, 1, 3, 1, 3, 1, 1, 1 ], 
          [ 1, -2, 3, 1, 1, 1, 3, 3, 1, 1, 3, 3, 1, 3, 1, 3, 3 ], [ 1, 3, -2, 1, 3, 1, 1, 1, 3, 1, 1, 3, 1, 1, 1, 1, 1 ], 
          [ 3, 1, 1, -2, 3, 1, 3, 3, 3, 1, 3, 3, 1, 1, 1, 3, 3 ], [ 3, 1, 3, 3, -2, 3, 1, 1, 1, 3, 3, 1, 3, 3, 3, 3, 3 ], 
          [ 1, 1, 1, 1, 3, -2, 3, 3, 1, 3, 3, 3, 1, 3, 1, 3, 1 ], [ 3, 3, 1, 3, 1, 3, -2, 1, 3, 1, 1, 1, 1, 1, 3, 1, 3 ], 
          [ 3, 3, 1, 3, 1, 3, 1, -2, 1, 3, 1, 1, 3, 1, 1, 1, 1 ], [ 1, 1, 3, 3, 1, 1, 3, 1, -2, 3, 3, 1, 3, 3, 1, 3, 1 ], 
          [ 1, 1, 1, 1, 3, 3, 1, 3, 3, -2, 1, 3, 1, 1, 1, 1, 3 ], [ 1, 3, 1, 3, 3, 3, 1, 1, 3, 1, -2, 1, 1, 1, 1, 1, 3 ], 
          [ 3, 3, 3, 3, 1, 3, 1, 1, 1, 3, 1, -2, 3, 3, 3, 3, 3 ], [ 1, 1, 1, 1, 3, 1, 1, 3, 3, 1, 1, 3, -2, 1, 1, 1, 3 ], 
          [ 3, 3, 1, 1, 3, 3, 1, 1, 3, 1, 1, 3, 1, -2, 1, 1, 3 ], [ 1, 1, 1, 1, 3, 1, 3, 1, 1, 1, 1, 3, 1, 1, -2, 1, 1 ], 
          [ 1, 3, 1, 3, 3, 3, 1, 1, 3, 1, 1, 3, 1, 1, 1, -2, 1 ], [ 1, 3, 1, 3, 3, 1, 3, 1, 1, 3, 3, 3, 3, 3, 1, 1, -2 ] ] ], 
  [ 352, [ [ -2, 1, 1, 3, 3, 1, 3, 3, 1, 1, 1, 3, 1, 3, 1, 1, 1 ], [ 1, -2, 3, 1, 1, 1, 3, 3, 1, 1, 3, 3, 1, 3, 1, 3, 3 ], 
          [ 1, 3, -2, 1, 3, 1, 1, 1, 3, 1, 1, 3, 1, 1, 1, 1, 1 ], [ 3, 1, 1, -2, 3, 1, 3, 3, 3, 1, 3, 3, 1, 1, 1, 3, 3 ], 
          [ 3, 1, 3, 3, -2, 3, 1, 1, 1, 3, 3, 1, 3, 3, 3, 3, 3 ], [ 1, 1, 1, 1, 3, -2, 3, 3, 1, 3, 3, 3, 1, 3, 1, 3, 1 ], 
          [ 3, 3, 1, 3, 1, 3, -2, 1, 3, 1, 1, 1, 1, 1, 3, 1, 3 ], [ 3, 3, 1, 3, 1, 3, 1, -2, 1, 3, 1, 1, 3, 1, 1, 1, 1 ], 
          [ 1, 1, 3, 3, 1, 1, 3, 1, -2, 3, 3, 1, 3, 3, 1, 3, 1 ], [ 1, 1, 1, 1, 3, 3, 1, 3, 3, -2, 1, 3, 1, 1, 1, 1, 3 ], 
          [ 1, 3, 1, 3, 3, 3, 1, 1, 3, 1, -2, 1, 1, 1, 1, 1, 3 ], [ 3, 3, 3, 3, 1, 3, 1, 1, 1, 3, 1, -2, 3, 3, 3, 3, 3 ], 
          [ 1, 1, 1, 1, 3, 1, 1, 3, 3, 1, 1, 3, -2, 1, 1, 1, 3 ], [ 3, 3, 1, 1, 3, 3, 1, 1, 3, 1, 1, 3, 1, -2, 1, 1, 3 ], 
          [ 1, 1, 1, 1, 3, 1, 3, 1, 1, 1, 1, 3, 1, 1, -2, 1, 1 ], [ 1, 3, 1, 3, 3, 3, 1, 1, 3, 1, 1, 3, 1, 1, 1, -2, 1 ], 
          [ 1, 3, 1, 3, 3, 1, 3, 1, 1, 3, 3, 3, 3, 3, 1, 1, -2 ] ] ], 
  [ 376, [ [ -2, 1, 1, 3, 3, 1, 3, 3, 1, 1, 1, 3, 1, 3, 1, 1, 3 ], [ 1, -2, 3, 1, 1, 1, 3, 3, 1, 1, 3, 3, 1, 3, 1, 3, 3 ], 
          [ 1, 3, -2, 1, 3, 1, 1, 1, 3, 1, 1, 3, 1, 1, 1, 1, 1 ], [ 3, 1, 1, -2, 3, 1, 3, 3, 3, 1, 3, 3, 1, 1, 1, 3, 1 ], 
          [ 3, 1, 3, 3, -2, 3, 1, 1, 1, 3, 3, 1, 3, 3, 3, 3, 3 ], [ 1, 1, 1, 1, 3, -2, 3, 3, 1, 3, 3, 3, 1, 3, 1, 3, 1 ], 
          [ 3, 3, 1, 3, 1, 3, -2, 1, 3, 1, 1, 1, 1, 1, 3, 1, 3 ], [ 3, 3, 1, 3, 1, 3, 1, -2, 1, 3, 1, 1, 3, 1, 1, 1, 1 ], 
          [ 1, 1, 3, 3, 1, 1, 3, 1, -2, 3, 3, 1, 3, 3, 1, 3, 1 ], [ 1, 1, 1, 1, 3, 3, 1, 3, 3, -2, 1, 3, 1, 1, 1, 1, 3 ], 
          [ 1, 3, 1, 3, 3, 3, 1, 1, 3, 1, -2, 1, 1, 1, 1, 1, 3 ], [ 3, 3, 3, 3, 1, 3, 1, 1, 1, 3, 1, -2, 3, 3, 3, 3, 3 ], 
          [ 1, 1, 1, 1, 3, 1, 1, 3, 3, 1, 1, 3, -2, 1, 1, 1, 3 ], [ 3, 3, 1, 1, 3, 3, 1, 1, 3, 1, 1, 3, 1, -2, 1, 1, 1 ], 
          [ 1, 1, 1, 1, 3, 1, 3, 1, 1, 1, 1, 3, 1, 1, -2, 1, 1 ], [ 1, 3, 1, 3, 3, 3, 1, 1, 3, 1, 1, 3, 1, 1, 1, -2, 3 ], 
          [ 3, 3, 1, 1, 3, 1, 3, 1, 1, 3, 3, 3, 3, 1, 1, 3, -2 ] ] ], [ 302, [ [ -2, 1, 1, 3, 3, 1, 3, 3, 1, 1, 1, 3, 1, 3, 1, 1, 3 ], 
          [ 1, -2, 3, 1, 1, 1, 3, 3, 1, 1, 3, 3, 1, 3, 1, 1, 3 ], [ 1, 3, -2, 1, 3, 1, 1, 1, 3, 1, 1, 3, 1, 1, 1, 3, 1 ], 
          [ 3, 1, 1, -2, 3, 1, 3, 3, 3, 1, 3, 3, 1, 1, 1, 3, 1 ], [ 3, 1, 3, 3, -2, 3, 1, 1, 1, 3, 3, 1, 3, 3, 3, 1, 3 ], 
          [ 1, 1, 1, 1, 3, -2, 3, 3, 1, 3, 3, 3, 1, 3, 1, 1, 1 ], [ 3, 3, 1, 3, 1, 3, -2, 1, 3, 1, 1, 1, 1, 1, 3, 3, 1 ], 
          [ 3, 3, 1, 3, 1, 3, 1, -2, 1, 3, 1, 1, 3, 1, 1, 3, 1 ], [ 1, 1, 3, 3, 1, 1, 3, 1, -2, 3, 3, 1, 3, 3, 1, 1, 3 ], 
          [ 1, 1, 1, 1, 3, 3, 1, 3, 3, -2, 1, 3, 1, 1, 1, 3, 3 ], [ 1, 3, 1, 3, 3, 3, 1, 1, 3, 1, -2, 1, 1, 1, 1, 3, 1 ], 
          [ 3, 3, 3, 3, 1, 3, 1, 1, 1, 3, 1, -2, 3, 3, 3, 3, 1 ], [ 1, 1, 1, 1, 3, 1, 1, 3, 3, 1, 1, 3, -2, 1, 1, 3, 1 ], 
          [ 3, 3, 1, 1, 3, 3, 1, 1, 3, 1, 1, 3, 1, -2, 1, 3, 1 ], [ 1, 1, 1, 1, 3, 1, 3, 1, 1, 1, 1, 3, 1, 1, -2, 3, 1 ], 
          [ 1, 1, 3, 3, 1, 1, 3, 3, 1, 3, 3, 3, 3, 3, 3, -2, 3 ], [ 3, 3, 1, 1, 3, 1, 1, 1, 3, 3, 1, 1, 1, 1, 1, 3, -2 ] ] ], 
  [ 737, [ [ -2, 1, 1, 3, 3, 1, 3, 3, 1, 1, 1, 3, 1, 3, 1, 1, 3, 1 ], [ 1, -2, 3, 1, 1, 1, 3, 3, 1, 1, 3, 3, 1, 3, 1, 1, 3, 3 ], 
          [ 1, 3, -2, 1, 3, 1, 1, 1, 3, 1, 1, 3, 1, 1, 1, 3, 1, 1 ], [ 3, 1, 1, -2, 3, 1, 3, 3, 3, 1, 3, 3, 1, 1, 1, 3, 1, 3 ], 
          [ 3, 1, 3, 3, -2, 3, 1, 1, 1, 3, 3, 1, 3, 3, 3, 1, 3, 3 ], [ 1, 1, 1, 1, 3, -2, 3, 3, 1, 3, 3, 3, 1, 3, 1, 1, 1, 3 ], 
          [ 3, 3, 1, 3, 1, 3, -2, 1, 3, 1, 1, 1, 1, 1, 3, 3, 1, 1 ], [ 3, 3, 1, 3, 1, 3, 1, -2, 1, 3, 1, 1, 3, 1, 1, 3, 1, 1 ], 
          [ 1, 1, 3, 3, 1, 1, 3, 1, -2, 3, 3, 1, 3, 3, 1, 1, 3, 3 ], [ 1, 1, 1, 1, 3, 3, 1, 3, 3, -2, 1, 3, 1, 1, 1, 3, 3, 1 ], 
          [ 1, 3, 1, 3, 3, 3, 1, 1, 3, 1, -2, 1, 1, 1, 1, 3, 1, 1 ], [ 3, 3, 3, 3, 1, 3, 1, 1, 1, 3, 1, -2, 3, 3, 3, 3, 1, 3 ], 
          [ 1, 1, 1, 1, 3, 1, 1, 3, 3, 1, 1, 3, -2, 1, 1, 3, 1, 1 ], [ 3, 3, 1, 1, 3, 3, 1, 1, 3, 1, 1, 3, 1, -2, 1, 3, 1, 1 ], 
          [ 1, 1, 1, 1, 3, 1, 3, 1, 1, 1, 1, 3, 1, 1, -2, 3, 1, 1 ], [ 1, 1, 3, 3, 1, 1, 3, 3, 1, 3, 3, 3, 3, 3, 3, -2, 3, 3 ], 
          [ 3, 3, 1, 1, 3, 1, 1, 1, 3, 3, 1, 1, 1, 1, 1, 3, -2, 1 ], [ 1, 3, 1, 3, 3, 3, 1, 1, 3, 1, 1, 3, 1, 1, 1, 3, 1, -2 ] ] ], 
  [ 737, [ [ -2, 1, 1, 3, 3, 1, 3, 3, 1, 1, 1, 3, 1, 3, 1, 1, 3, 1 ], [ 1, -2, 3, 1, 1, 1, 3, 3, 1, 1, 3, 3, 1, 3, 1, 1, 3, 3 ], 
          [ 1, 3, -2, 1, 3, 1, 1, 1, 3, 1, 1, 3, 1, 1, 1, 3, 1, 1 ], [ 3, 1, 1, -2, 3, 1, 3, 3, 3, 1, 3, 3, 1, 1, 1, 3, 1, 3 ], 
          [ 3, 1, 3, 3, -2, 3, 1, 1, 1, 3, 3, 1, 3, 3, 3, 1, 3, 3 ], [ 1, 1, 1, 1, 3, -2, 3, 3, 1, 3, 3, 3, 1, 3, 1, 1, 1, 3 ], 
          [ 3, 3, 1, 3, 1, 3, -2, 1, 3, 1, 1, 1, 1, 1, 3, 3, 1, 1 ], [ 3, 3, 1, 3, 1, 3, 1, -2, 1, 3, 1, 1, 3, 1, 1, 3, 1, 1 ], 
          [ 1, 1, 3, 3, 1, 1, 3, 1, -2, 3, 3, 1, 3, 3, 1, 1, 3, 3 ], [ 1, 1, 1, 1, 3, 3, 1, 3, 3, -2, 1, 3, 1, 1, 1, 3, 3, 1 ], 
          [ 1, 3, 1, 3, 3, 3, 1, 1, 3, 1, -2, 1, 1, 1, 1, 3, 1, 1 ], [ 3, 3, 3, 3, 1, 3, 1, 1, 1, 3, 1, -2, 3, 3, 3, 3, 1, 3 ], 
          [ 1, 1, 1, 1, 3, 1, 1, 3, 3, 1, 1, 3, -2, 1, 1, 3, 1, 1 ], [ 3, 3, 1, 1, 3, 3, 1, 1, 3, 1, 1, 3, 1, -2, 1, 3, 1, 1 ], 
          [ 1, 1, 1, 1, 3, 1, 3, 1, 1, 1, 1, 3, 1, 1, -2, 3, 1, 1 ], [ 1, 1, 3, 3, 1, 1, 3, 3, 1, 3, 3, 3, 3, 3, 3, -2, 3, 3 ], 
          [ 3, 3, 1, 1, 3, 1, 1, 1, 3, 3, 1, 1, 1, 1, 1, 3, -2, 1 ], [ 1, 3, 1, 3, 3, 3, 1, 1, 3, 1, 1, 3, 1, 1, 1, 3, 1, -2 ] ] ], 
  [ 302, [ [ -2, 1, 1, 3, 3, 1, 3, 3, 1, 1, 1, 3, 1, 3, 1, 1, 1 ], [ 1, -2, 3, 1, 1, 1, 3, 3, 1, 1, 3, 3, 1, 3, 1, 1, 1 ], 
          [ 1, 3, -2, 1, 3, 1, 1, 1, 3, 1, 1, 3, 1, 1, 1, 3, 3 ], [ 3, 1, 1, -2, 3, 1, 3, 3, 3, 1, 3, 3, 1, 1, 1, 3, 3 ], 
          [ 3, 1, 3, 3, -2, 3, 1, 1, 1, 3, 3, 1, 3, 3, 3, 1, 1 ], [ 1, 1, 1, 1, 3, -2, 3, 3, 1, 3, 3, 3, 1, 3, 1, 1, 3 ], 
          [ 3, 3, 1, 3, 1, 3, -2, 1, 3, 1, 1, 1, 1, 1, 3, 3, 3 ], [ 3, 3, 1, 3, 1, 3, 1, -2, 1, 3, 1, 1, 3, 1, 1, 3, 3 ], 
          [ 1, 1, 3, 3, 1, 1, 3, 1, -2, 3, 3, 1, 3, 3, 1, 1, 1 ], [ 1, 1, 1, 1, 3, 3, 1, 3, 3, -2, 1, 3, 1, 1, 1, 3, 1 ], 
          [ 1, 3, 1, 3, 3, 3, 1, 1, 3, 1, -2, 1, 1, 1, 1, 3, 3 ], [ 3, 3, 3, 3, 1, 3, 1, 1, 1, 3, 1, -2, 3, 3, 3, 3, 3 ], 
          [ 1, 1, 1, 1, 3, 1, 1, 3, 3, 1, 1, 3, -2, 1, 1, 3, 3 ], [ 3, 3, 1, 1, 3, 3, 1, 1, 3, 1, 1, 3, 1, -2, 1, 3, 3 ], 
          [ 1, 1, 1, 1, 3, 1, 3, 1, 1, 1, 1, 3, 1, 1, -2, 3, 3 ], [ 1, 1, 3, 3, 1, 1, 3, 3, 1, 3, 3, 3, 3, 3, 3, -2, 1 ], 
          [ 1, 1, 3, 3, 1, 3, 3, 3, 1, 1, 3, 3, 3, 3, 3, 1, -2 ] ] ], 
  [ 537, [ [ -2, 1, 1, 3, 3, 1, 3, 3, 1, 1, 1, 3, 1, 3, 3, 1 ], [ 1, -2, 3, 1, 1, 1, 3, 3, 1, 1, 3, 3, 1, 3, 1, 3 ], 
          [ 1, 3, -2, 1, 3, 1, 1, 1, 3, 1, 1, 3, 1, 1, 3, 1 ], [ 3, 1, 1, -2, 3, 1, 3, 3, 3, 1, 3, 3, 1, 1, 1, 3 ], 
          [ 3, 1, 3, 3, -2, 3, 1, 1, 1, 3, 3, 1, 3, 3, 3, 3 ], [ 1, 1, 1, 1, 3, -2, 3, 3, 1, 3, 3, 3, 1, 3, 1, 1 ], 
          [ 3, 3, 1, 3, 1, 3, -2, 1, 3, 1, 1, 1, 1, 1, 3, 1 ], [ 3, 3, 1, 3, 1, 3, 1, -2, 1, 3, 1, 1, 3, 1, 3, 3 ], 
          [ 1, 1, 3, 3, 1, 1, 3, 1, -2, 3, 3, 1, 3, 3, 3, 3 ], [ 1, 1, 1, 1, 3, 3, 1, 3, 3, -2, 1, 3, 1, 1, 3, 1 ], 
          [ 1, 3, 1, 3, 3, 3, 1, 1, 3, 1, -2, 1, 1, 1, 3, 1 ], [ 3, 3, 3, 3, 1, 3, 1, 1, 1, 3, 1, -2, 3, 3, 3, 3 ], 
          [ 1, 1, 1, 1, 3, 1, 1, 3, 3, 1, 1, 3, -2, 1, 1, 1 ], [ 3, 3, 1, 1, 3, 3, 1, 1, 3, 1, 1, 3, 1, -2, 1, 3 ], 
          [ 3, 1, 3, 1, 3, 1, 3, 3, 3, 3, 3, 3, 1, 1, -2, 3 ], [ 1, 3, 1, 3, 3, 1, 1, 3, 3, 1, 1, 3, 1, 3, 3, -2 ] ] ], 
  [ 840, [ [ -2, 1, 1, 3, 3, 1, 3, 3, 1, 1, 1, 3, 1, 3, 3, 1, 3 ], [ 1, -2, 3, 1, 1, 1, 3, 3, 1, 1, 3, 3, 1, 3, 1, 3, 3 ], 
          [ 1, 3, -2, 1, 3, 1, 1, 1, 3, 1, 1, 3, 1, 1, 3, 1, 1 ], [ 3, 1, 1, -2, 3, 1, 3, 3, 3, 1, 3, 3, 1, 1, 1, 3, 1 ], 
          [ 3, 1, 3, 3, -2, 3, 1, 1, 1, 3, 3, 1, 3, 3, 3, 3, 3 ], [ 1, 1, 1, 1, 3, -2, 3, 3, 1, 3, 3, 3, 1, 3, 1, 1, 3 ], 
          [ 3, 3, 1, 3, 1, 3, -2, 1, 3, 1, 1, 1, 1, 1, 3, 1, 1 ], [ 3, 3, 1, 3, 1, 3, 1, -2, 1, 3, 1, 1, 3, 1, 3, 3, 1 ], 
          [ 1, 1, 3, 3, 1, 1, 3, 1, -2, 3, 3, 1, 3, 3, 3, 3, 3 ], [ 1, 1, 1, 1, 3, 3, 1, 3, 3, -2, 1, 3, 1, 1, 3, 1, 1 ], 
          [ 1, 3, 1, 3, 3, 3, 1, 1, 3, 1, -2, 1, 1, 1, 3, 1, 1 ], [ 3, 3, 3, 3, 1, 3, 1, 1, 1, 3, 1, -2, 3, 3, 3, 3, 1 ], 
          [ 1, 1, 1, 1, 3, 1, 1, 3, 3, 1, 1, 3, -2, 1, 1, 1, 3 ], [ 3, 3, 1, 1, 3, 3, 1, 1, 3, 1, 1, 3, 1, -2, 1, 3, 1 ], 
          [ 3, 1, 3, 1, 3, 1, 3, 3, 3, 3, 3, 3, 1, 1, -2, 3, 3 ], [ 1, 3, 1, 3, 3, 1, 1, 3, 3, 1, 1, 3, 1, 3, 3, -2, 3 ], 
          [ 3, 3, 1, 1, 3, 3, 1, 1, 3, 1, 1, 1, 3, 1, 3, 3, -2 ] ] ], [ 312, [ [ -2, 1, 1, 3, 3, 1, 3, 3, 1, 1, 1, 3, 1, 3, 1, 3 ], 
          [ 1, -2, 3, 1, 1, 1, 3, 3, 1, 1, 3, 3, 1, 3, 1, 1 ], [ 1, 3, -2, 1, 3, 1, 1, 1, 3, 1, 1, 3, 1, 1, 3, 3 ], 
          [ 3, 1, 1, -2, 3, 1, 3, 3, 3, 1, 3, 3, 1, 1, 3, 3 ], [ 3, 1, 3, 3, -2, 3, 1, 1, 1, 3, 3, 1, 3, 3, 1, 1 ], 
          [ 1, 1, 1, 1, 3, -2, 3, 3, 1, 3, 3, 3, 1, 3, 1, 3 ], [ 3, 3, 1, 3, 1, 3, -2, 1, 3, 1, 1, 1, 1, 1, 3, 1 ], 
          [ 3, 3, 1, 3, 1, 3, 1, -2, 1, 3, 1, 1, 3, 1, 3, 1 ], [ 1, 1, 3, 3, 1, 1, 3, 1, -2, 3, 3, 1, 3, 3, 1, 1 ], 
          [ 1, 1, 1, 1, 3, 3, 1, 3, 3, -2, 1, 3, 1, 1, 3, 1 ], [ 1, 3, 1, 3, 3, 3, 1, 1, 3, 1, -2, 1, 1, 1, 3, 3 ], 
          [ 3, 3, 3, 3, 1, 3, 1, 1, 1, 3, 1, -2, 3, 3, 3, 1 ], [ 1, 1, 1, 1, 3, 1, 1, 3, 3, 1, 1, 3, -2, 1, 3, 3 ], 
          [ 3, 3, 1, 1, 3, 3, 1, 1, 3, 1, 1, 3, 1, -2, 3, 3 ], [ 1, 1, 3, 3, 1, 1, 3, 3, 1, 3, 3, 3, 3, 3, -2, 3 ], 
          [ 3, 1, 3, 3, 1, 3, 1, 1, 1, 1, 3, 1, 3, 3, 3, -2 ] ] ], [ 451, [ [ -2, 1, 1, 3, 3, 1, 3, 3, 1, 1, 1, 3, 1, 3, 1, 3, 3 ], 
          [ 1, -2, 3, 1, 1, 1, 3, 3, 1, 1, 3, 3, 1, 3, 1, 1, 3 ], [ 1, 3, -2, 1, 3, 1, 1, 1, 3, 1, 1, 3, 1, 1, 3, 3, 1 ], 
          [ 3, 1, 1, -2, 3, 1, 3, 3, 3, 1, 3, 3, 1, 1, 3, 3, 1 ], [ 3, 1, 3, 3, -2, 3, 1, 1, 1, 3, 3, 1, 3, 3, 1, 1, 3 ], 
          [ 1, 1, 1, 1, 3, -2, 3, 3, 1, 3, 3, 3, 1, 3, 1, 3, 1 ], [ 3, 3, 1, 3, 1, 3, -2, 1, 3, 1, 1, 1, 1, 1, 3, 1, 1 ], 
          [ 3, 3, 1, 3, 1, 3, 1, -2, 1, 3, 1, 1, 3, 1, 3, 1, 1 ], [ 1, 1, 3, 3, 1, 1, 3, 1, -2, 3, 3, 1, 3, 3, 1, 1, 3 ], 
          [ 1, 1, 1, 1, 3, 3, 1, 3, 3, -2, 1, 3, 1, 1, 3, 1, 3 ], [ 1, 3, 1, 3, 3, 3, 1, 1, 3, 1, -2, 1, 1, 1, 3, 3, 1 ], 
          [ 3, 3, 3, 3, 1, 3, 1, 1, 1, 3, 1, -2, 3, 3, 3, 1, 1 ], [ 1, 1, 1, 1, 3, 1, 1, 3, 3, 1, 1, 3, -2, 1, 3, 3, 1 ], 
          [ 3, 3, 1, 1, 3, 3, 1, 1, 3, 1, 1, 3, 1, -2, 3, 3, 1 ], [ 1, 1, 3, 3, 1, 1, 3, 3, 1, 3, 3, 3, 3, 3, -2, 3, 3 ], 
          [ 3, 1, 3, 3, 1, 3, 1, 1, 1, 1, 3, 1, 3, 3, 3, -2, 3 ], [ 3, 3, 1, 1, 3, 1, 1, 1, 3, 3, 1, 1, 1, 1, 3, 3, -2 ] ] ], 
  [ 326, [ [ -2, 1, 1, 3, 3, 1, 3, 3, 1, 1, 1, 3, 1, 3, 1, 1 ], [ 1, -2, 3, 1, 1, 1, 3, 3, 1, 1, 3, 3, 1, 3, 1, 1 ], 
          [ 1, 3, -2, 1, 3, 1, 1, 1, 3, 1, 1, 3, 1, 1, 3, 1 ], [ 3, 1, 1, -2, 3, 1, 3, 3, 3, 1, 3, 3, 1, 1, 3, 3 ], 
          [ 3, 1, 3, 3, -2, 3, 1, 1, 1, 3, 3, 1, 3, 3, 1, 1 ], [ 1, 1, 1, 1, 3, -2, 3, 3, 1, 3, 3, 3, 1, 3, 1, 1 ], 
          [ 3, 3, 1, 3, 1, 3, -2, 1, 3, 1, 1, 1, 1, 1, 3, 1 ], [ 3, 3, 1, 3, 1, 3, 1, -2, 1, 3, 1, 1, 3, 1, 3, 1 ], 
          [ 1, 1, 3, 3, 1, 1, 3, 1, -2, 3, 3, 1, 3, 3, 1, 1 ], [ 1, 1, 1, 1, 3, 3, 1, 3, 3, -2, 1, 3, 1, 1, 3, 3 ], 
          [ 1, 3, 1, 3, 3, 3, 1, 1, 3, 1, -2, 1, 1, 1, 3, 1 ], [ 3, 3, 3, 3, 1, 3, 1, 1, 1, 3, 1, -2, 3, 3, 3, 1 ], 
          [ 1, 1, 1, 1, 3, 1, 1, 3, 3, 1, 1, 3, -2, 1, 3, 1 ], [ 3, 3, 1, 1, 3, 3, 1, 1, 3, 1, 1, 3, 1, -2, 3, 3 ], 
          [ 1, 1, 3, 3, 1, 1, 3, 3, 1, 3, 3, 3, 3, 3, -2, 1 ], [ 1, 1, 1, 3, 1, 1, 1, 1, 1, 3, 1, 1, 1, 3, 1, -2 ] ] ], 
  [ 571, [ [ -2, 1, 1, 3, 3, 1, 3, 3, 1, 1, 1, 3, 1, 3, 1, 1, 1 ], [ 1, -2, 3, 1, 1, 1, 3, 3, 1, 1, 3, 3, 1, 3, 1, 1, 1 ], 
          [ 1, 3, -2, 1, 3, 1, 1, 1, 3, 1, 1, 3, 1, 1, 3, 1, 1 ], [ 3, 1, 1, -2, 3, 1, 3, 3, 3, 1, 3, 3, 1, 1, 3, 3, 1 ], 
          [ 3, 1, 3, 3, -2, 3, 1, 1, 1, 3, 3, 1, 3, 3, 1, 1, 3 ], [ 1, 1, 1, 1, 3, -2, 3, 3, 1, 3, 3, 3, 1, 3, 1, 1, 1 ], 
          [ 3, 3, 1, 3, 1, 3, -2, 1, 3, 1, 1, 1, 1, 1, 3, 1, 3 ], [ 3, 3, 1, 3, 1, 3, 1, -2, 1, 3, 1, 1, 3, 1, 3, 1, 3 ], 
          [ 1, 1, 3, 3, 1, 1, 3, 1, -2, 3, 3, 1, 3, 3, 1, 1, 3 ], [ 1, 1, 1, 1, 3, 3, 1, 3, 3, -2, 1, 3, 1, 1, 3, 3, 1 ], 
          [ 1, 3, 1, 3, 3, 3, 1, 1, 3, 1, -2, 1, 1, 1, 3, 1, 1 ], [ 3, 3, 3, 3, 1, 3, 1, 1, 1, 3, 1, -2, 3, 3, 3, 1, 3 ], 
          [ 1, 1, 1, 1, 3, 1, 1, 3, 3, 1, 1, 3, -2, 1, 3, 1, 1 ], [ 3, 3, 1, 1, 3, 3, 1, 1, 3, 1, 1, 3, 1, -2, 3, 3, 3 ], 
          [ 1, 1, 3, 3, 1, 1, 3, 3, 1, 3, 3, 3, 3, 3, -2, 1, 1 ], [ 1, 1, 1, 3, 1, 1, 1, 1, 1, 3, 1, 1, 1, 3, 1, -2, 1 ], 
          [ 1, 1, 1, 1, 3, 1, 3, 3, 3, 1, 1, 3, 1, 3, 1, 1, -2 ] ] ], 
  [ 312, [ [ -2, 1, 1, 3, 3, 1, 3, 3, 1, 1, 1, 3, 1, 3, 1, 1 ], [ 1, -2, 3, 1, 1, 1, 3, 3, 1, 1, 3, 3, 1, 3, 1, 3 ], 
          [ 1, 3, -2, 1, 3, 1, 1, 1, 3, 1, 1, 3, 1, 1, 3, 1 ], [ 3, 1, 1, -2, 3, 1, 3, 3, 3, 1, 3, 3, 1, 1, 3, 1 ], 
          [ 3, 1, 3, 3, -2, 3, 1, 1, 1, 3, 3, 1, 3, 3, 1, 3 ], [ 1, 1, 1, 1, 3, -2, 3, 3, 1, 3, 3, 3, 1, 3, 1, 1 ], 
          [ 3, 3, 1, 3, 1, 3, -2, 1, 3, 1, 1, 1, 1, 1, 3, 3 ], [ 3, 3, 1, 3, 1, 3, 1, -2, 1, 3, 1, 1, 3, 1, 3, 3 ], 
          [ 1, 1, 3, 3, 1, 1, 3, 1, -2, 3, 3, 1, 3, 3, 1, 3 ], [ 1, 1, 1, 1, 3, 3, 1, 3, 3, -2, 1, 3, 1, 1, 3, 3 ], 
          [ 1, 3, 1, 3, 3, 3, 1, 1, 3, 1, -2, 1, 1, 1, 3, 1 ], [ 3, 3, 3, 3, 1, 3, 1, 1, 1, 3, 1, -2, 3, 3, 3, 3 ], 
          [ 1, 1, 1, 1, 3, 1, 1, 3, 3, 1, 1, 3, -2, 1, 3, 1 ], [ 3, 3, 1, 1, 3, 3, 1, 1, 3, 1, 1, 3, 1, -2, 3, 1 ], 
          [ 1, 1, 3, 3, 1, 1, 3, 3, 1, 3, 3, 3, 3, 3, -2, 1 ], [ 1, 3, 1, 1, 3, 1, 3, 3, 3, 3, 1, 3, 1, 1, 1, -2 ] ] ], 
  [ 737, [ [ -2, 1, 1, 3, 3, 1, 3, 3, 1, 1, 1, 3, 1, 3, 3, 3, 3, 1 ], [ 1, -2, 3, 1, 1, 1, 3, 3, 1, 1, 3, 3, 1, 3, 3, 1, 3, 1 ], 
          [ 1, 3, -2, 1, 3, 1, 1, 1, 3, 1, 1, 3, 1, 1, 1, 3, 1, 1 ], [ 3, 1, 1, -2, 3, 1, 3, 3, 3, 1, 3, 3, 1, 1, 1, 1, 1, 1 ], 
          [ 3, 1, 3, 3, -2, 3, 1, 1, 1, 3, 3, 1, 3, 3, 3, 1, 3, 3 ], [ 1, 1, 1, 1, 3, -2, 3, 3, 1, 3, 3, 3, 1, 3, 3, 1, 1, 1 ], 
          [ 3, 3, 1, 3, 1, 3, -2, 1, 3, 1, 1, 1, 1, 1, 1, 3, 1, 3 ], [ 3, 3, 1, 3, 1, 3, 1, -2, 1, 3, 1, 1, 3, 1, 1, 3, 1, 1 ], 
          [ 1, 1, 3, 3, 1, 1, 3, 1, -2, 3, 3, 1, 3, 3, 3, 1, 3, 1 ], [ 1, 1, 1, 1, 3, 3, 1, 3, 3, -2, 1, 3, 1, 1, 1, 3, 3, 1 ], 
          [ 1, 3, 1, 3, 3, 3, 1, 1, 3, 1, -2, 1, 1, 1, 1, 3, 1, 1 ], [ 3, 3, 3, 3, 1, 3, 1, 1, 1, 3, 1, -2, 3, 3, 1, 1, 1, 3 ], 
          [ 1, 1, 1, 1, 3, 1, 1, 3, 3, 1, 1, 3, -2, 1, 1, 3, 1, 1 ], [ 3, 3, 1, 1, 3, 3, 1, 1, 3, 1, 1, 3, 1, -2, 1, 3, 1, 1 ], 
          [ 3, 3, 1, 1, 3, 3, 1, 1, 3, 1, 1, 1, 1, 1, -2, 3, 1, 1 ], [ 3, 1, 3, 1, 1, 1, 3, 3, 1, 3, 3, 1, 3, 3, 3, -2, 3, 3 ], 
          [ 3, 3, 1, 1, 3, 1, 1, 1, 3, 3, 1, 1, 1, 1, 1, 3, -2, 1 ], [ 1, 1, 1, 1, 3, 1, 3, 1, 1, 1, 1, 3, 1, 1, 1, 3, 1, -2 ] ] ], 
  [ 535, [ [ -2, 1, 1, 3, 3, 1, 3, 3, 1, 1, 1, 3, 3, 3, 3, 3 ], [ 1, -2, 3, 1, 1, 1, 3, 3, 1, 1, 3, 3, 1, 1, 1, 3 ], 
          [ 1, 3, -2, 1, 3, 1, 1, 1, 3, 1, 1, 3, 3, 3, 3, 1 ], [ 3, 1, 1, -2, 3, 1, 3, 3, 3, 1, 3, 3, 3, 1, 1, 1 ], 
          [ 3, 1, 3, 3, -2, 3, 1, 1, 1, 3, 3, 1, 1, 1, 1, 3 ], [ 1, 1, 1, 1, 3, -2, 3, 3, 1, 3, 3, 3, 3, 1, 3, 3 ], 
          [ 3, 3, 1, 3, 1, 3, -2, 1, 3, 1, 1, 1, 1, 3, 1, 1 ], [ 3, 3, 1, 3, 1, 3, 1, -2, 1, 3, 1, 1, 1, 3, 3, 1 ], 
          [ 1, 1, 3, 3, 1, 1, 3, 1, -2, 3, 3, 1, 1, 3, 3, 3 ], [ 1, 1, 1, 1, 3, 3, 1, 3, 3, -2, 1, 3, 1, 3, 1, 1 ], 
          [ 1, 3, 1, 3, 3, 3, 1, 1, 3, 1, -2, 1, 3, 3, 3, 3 ], [ 3, 3, 3, 3, 1, 3, 1, 1, 1, 3, 1, -2, 1, 3, 1, 3 ], 
          [ 3, 1, 3, 3, 1, 3, 1, 1, 1, 1, 3, 1, -2, 3, 1, 1 ], [ 3, 1, 3, 1, 1, 1, 3, 3, 3, 3, 3, 3, 3, -2, 1, 3 ], 
          [ 3, 1, 3, 1, 1, 3, 1, 3, 3, 1, 3, 1, 1, 1, -2, 1 ], [ 3, 3, 1, 1, 3, 3, 1, 1, 3, 1, 3, 3, 1, 3, 1, -2 ] ] ], 
  [ 307, [ [ -2, 1, 1, 3, 3, 1, 3, 3, 1, 1, 1, 3, 3, 3, 3 ], [ 1, -2, 3, 1, 1, 1, 3, 3, 1, 1, 3, 3, 1, 3, 3 ], 
          [ 1, 3, -2, 1, 3, 1, 1, 1, 3, 1, 1, 3, 3, 3, 1 ], [ 3, 1, 1, -2, 3, 1, 3, 3, 3, 1, 3, 3, 3, 3, 1 ], 
          [ 3, 1, 3, 3, -2, 3, 1, 1, 1, 3, 3, 1, 1, 3, 3 ], [ 1, 1, 1, 1, 3, -2, 3, 3, 1, 3, 3, 3, 3, 3, 3 ], 
          [ 3, 3, 1, 3, 1, 3, -2, 1, 3, 1, 1, 1, 1, 1, 1 ], [ 3, 3, 1, 3, 1, 3, 1, -2, 1, 3, 1, 1, 1, 3, 1 ], 
          [ 1, 1, 3, 3, 1, 1, 3, 1, -2, 3, 3, 1, 1, 3, 3 ], [ 1, 1, 1, 1, 3, 3, 1, 3, 3, -2, 1, 3, 1, 1, 1 ], 
          [ 1, 3, 1, 3, 3, 3, 1, 1, 3, 1, -2, 1, 3, 1, 1 ], [ 3, 3, 3, 3, 1, 3, 1, 1, 1, 3, 1, -2, 1, 1, 1 ], 
          [ 3, 1, 3, 3, 1, 3, 1, 1, 1, 1, 3, 1, -2, 1, 1 ], [ 3, 3, 3, 3, 3, 3, 1, 3, 3, 1, 1, 1, 1, -2, 1 ], 
          [ 3, 3, 1, 1, 3, 3, 1, 1, 3, 1, 1, 1, 1, 1, -2 ] ] ], [ 321, [ [ -2, 1, 1, 3, 3, 1, 3, 3, 1, 1, 1, 3, 1, 3, 1, 1 ], 
          [ 1, -2, 3, 1, 1, 1, 3, 3, 1, 1, 3, 3, 3, 3, 1, 3 ], [ 1, 3, -2, 1, 3, 1, 1, 1, 3, 1, 1, 3, 1, 1, 1, 1 ], 
          [ 3, 1, 1, -2, 3, 1, 3, 3, 3, 1, 3, 3, 3, 1, 1, 3 ], [ 3, 1, 3, 3, -2, 3, 1, 1, 1, 3, 3, 1, 3, 3, 3, 3 ], 
          [ 1, 1, 1, 1, 3, -2, 3, 3, 1, 3, 3, 3, 1, 1, 1, 1 ], [ 3, 3, 1, 3, 1, 3, -2, 1, 3, 1, 1, 1, 1, 3, 3, 3 ], 
          [ 3, 3, 1, 3, 1, 3, 1, -2, 1, 3, 1, 1, 1, 1, 3, 1 ], [ 1, 1, 3, 3, 1, 1, 3, 1, -2, 3, 3, 1, 1, 1, 3, 1 ], 
          [ 1, 1, 1, 1, 3, 3, 1, 3, 3, -2, 1, 3, 3, 3, 1, 3 ], [ 1, 3, 1, 3, 3, 3, 1, 1, 3, 1, -2, 1, 1, 3, 1, 1 ], 
          [ 3, 3, 3, 3, 1, 3, 1, 1, 1, 3, 1, -2, 1, 1, 3, 1 ], [ 1, 3, 1, 3, 3, 1, 1, 1, 1, 3, 1, 1, -2, 1, 3, 1 ], 
          [ 3, 3, 1, 1, 3, 1, 3, 1, 1, 3, 3, 1, 1, -2, 3, 1 ], [ 1, 1, 1, 1, 3, 1, 3, 3, 3, 1, 1, 3, 3, 3, -2, 1 ], 
          [ 1, 3, 1, 3, 3, 1, 3, 1, 1, 3, 1, 1, 1, 1, 1, -2 ] ] ], [ 374, [ [ -2, 1, 1, 3, 3, 1, 3, 3, 1, 1, 1, 3, 1, 3, 1, 3, 3 ], 
          [ 1, -2, 3, 1, 1, 1, 3, 3, 1, 1, 3, 3, 3, 3, 1, 3, 1 ], [ 1, 3, -2, 1, 3, 1, 1, 1, 3, 1, 1, 3, 1, 1, 1, 1, 3 ], 
          [ 3, 1, 1, -2, 3, 1, 3, 3, 3, 1, 3, 3, 3, 1, 1, 1, 1 ], [ 3, 1, 3, 3, -2, 3, 1, 1, 1, 3, 3, 1, 3, 3, 3, 3, 1 ], 
          [ 1, 1, 1, 1, 3, -2, 3, 3, 1, 3, 3, 3, 1, 1, 1, 3, 1 ], [ 3, 3, 1, 3, 1, 3, -2, 1, 3, 1, 1, 1, 1, 3, 3, 1, 3 ], 
          [ 3, 3, 1, 3, 1, 3, 1, -2, 1, 3, 1, 1, 1, 1, 3, 1, 3 ], [ 1, 1, 3, 3, 1, 1, 3, 1, -2, 3, 3, 1, 1, 1, 3, 3, 3 ], 
          [ 1, 1, 1, 1, 3, 3, 1, 3, 3, -2, 1, 3, 3, 3, 1, 1, 3 ], [ 1, 3, 1, 3, 3, 3, 1, 1, 3, 1, -2, 1, 1, 3, 1, 1, 3 ], 
          [ 3, 3, 3, 3, 1, 3, 1, 1, 1, 3, 1, -2, 1, 1, 3, 1, 3 ], [ 1, 3, 1, 3, 3, 1, 1, 1, 1, 3, 1, 1, -2, 1, 3, 1, 3 ], 
          [ 3, 3, 1, 1, 3, 1, 3, 1, 1, 3, 3, 1, 1, -2, 3, 1, 3 ], [ 1, 1, 1, 1, 3, 1, 3, 3, 3, 1, 1, 3, 3, 3, -2, 3, 1 ], 
          [ 3, 3, 1, 1, 3, 3, 1, 1, 3, 1, 1, 1, 1, 1, 3, -2, 3 ], [ 3, 1, 3, 1, 1, 1, 3, 3, 3, 3, 3, 3, 3, 3, 1, 3, -2 ] ] ], 
  [ 988, [ [ -2, 1, 1, 3, 3, 1, 3, 3, 1, 1, 1, 3, 1, 3, 1, 3, 3, 1 ], [ 1, -2, 3, 1, 1, 1, 3, 3, 1, 1, 3, 3, 3, 3, 1, 3, 1, 3 ], 
          [ 1, 3, -2, 1, 3, 1, 1, 1, 3, 1, 1, 3, 1, 1, 1, 1, 3, 1 ], [ 3, 1, 1, -2, 3, 1, 3, 3, 3, 1, 3, 3, 3, 1, 1, 1, 1, 3 ], 
          [ 3, 1, 3, 3, -2, 3, 1, 1, 1, 3, 3, 1, 3, 3, 3, 3, 1, 3 ], [ 1, 1, 1, 1, 3, -2, 3, 3, 1, 3, 3, 3, 1, 1, 1, 3, 1, 1 ], 
          [ 3, 3, 1, 3, 1, 3, -2, 1, 3, 1, 1, 1, 1, 3, 3, 1, 3, 3 ], [ 3, 3, 1, 3, 1, 3, 1, -2, 1, 3, 1, 1, 1, 1, 3, 1, 3, 1 ], 
          [ 1, 1, 3, 3, 1, 1, 3, 1, -2, 3, 3, 1, 1, 1, 3, 3, 3, 1 ], [ 1, 1, 1, 1, 3, 3, 1, 3, 3, -2, 1, 3, 3, 3, 1, 1, 3, 3 ], 
          [ 1, 3, 1, 3, 3, 3, 1, 1, 3, 1, -2, 1, 1, 3, 1, 1, 3, 1 ], [ 3, 3, 3, 3, 1, 3, 1, 1, 1, 3, 1, -2, 1, 1, 3, 1, 3, 1 ], 
          [ 1, 3, 1, 3, 3, 1, 1, 1, 1, 3, 1, 1, -2, 1, 3, 1, 3, 1 ], [ 3, 3, 1, 1, 3, 1, 3, 1, 1, 3, 3, 1, 1, -2, 3, 1, 3, 1 ], 
          [ 1, 1, 1, 1, 3, 1, 3, 3, 3, 1, 1, 3, 3, 3, -2, 3, 1, 1 ], [ 3, 3, 1, 1, 3, 3, 1, 1, 3, 1, 1, 1, 1, 1, 3, -2, 3, 1 ], 
          [ 3, 1, 3, 1, 1, 1, 3, 3, 3, 3, 3, 3, 3, 3, 1, 3, -2, 3 ], [ 1, 3, 1, 3, 3, 1, 3, 1, 1, 3, 1, 1, 1, 1, 1, 1, 3, -2 ] ] ], 
  [ 988, [ [ -2, 1, 1, 3, 3, 1, 3, 3, 1, 1, 1, 3, 1, 3, 1, 3, 3, 3 ], [ 1, -2, 3, 1, 1, 1, 3, 3, 1, 1, 3, 3, 3, 3, 1, 3, 1, 1 ], 
          [ 1, 3, -2, 1, 3, 1, 1, 1, 3, 1, 1, 3, 1, 1, 1, 1, 3, 3 ], [ 3, 1, 1, -2, 3, 1, 3, 3, 3, 1, 3, 3, 3, 1, 1, 1, 1, 1 ], 
          [ 3, 1, 3, 3, -2, 3, 1, 1, 1, 3, 3, 1, 3, 3, 3, 3, 1, 1 ], [ 1, 1, 1, 1, 3, -2, 3, 3, 1, 3, 3, 3, 1, 1, 1, 3, 1, 3 ], 
          [ 3, 3, 1, 3, 1, 3, -2, 1, 3, 1, 1, 1, 1, 3, 3, 1, 3, 1 ], [ 3, 3, 1, 3, 1, 3, 1, -2, 1, 3, 1, 1, 1, 1, 3, 1, 3, 3 ], 
          [ 1, 1, 3, 3, 1, 1, 3, 1, -2, 3, 3, 1, 1, 1, 3, 3, 3, 3 ], [ 1, 1, 1, 1, 3, 3, 1, 3, 3, -2, 1, 3, 3, 3, 1, 1, 3, 1 ], 
          [ 1, 3, 1, 3, 3, 3, 1, 1, 3, 1, -2, 1, 1, 3, 1, 1, 3, 3 ], [ 3, 3, 3, 3, 1, 3, 1, 1, 1, 3, 1, -2, 1, 1, 3, 1, 3, 3 ], 
          [ 1, 3, 1, 3, 3, 1, 1, 1, 1, 3, 1, 1, -2, 1, 3, 1, 3, 3 ], [ 3, 3, 1, 1, 3, 1, 3, 1, 1, 3, 3, 1, 1, -2, 3, 1, 3, 3 ], 
          [ 1, 1, 1, 1, 3, 1, 3, 3, 3, 1, 1, 3, 3, 3, -2, 3, 1, 3 ], [ 3, 3, 1, 1, 3, 3, 1, 1, 3, 1, 1, 1, 1, 1, 3, -2, 3, 3 ], 
          [ 3, 1, 3, 1, 1, 1, 3, 3, 3, 3, 3, 3, 3, 3, 1, 3, -2, 1 ], [ 3, 1, 3, 1, 1, 3, 1, 3, 3, 1, 3, 3, 3, 3, 3, 3, 1, -2 ] ] ], 
  [ 374, [ [ -2, 1, 1, 3, 3, 1, 3, 3, 1, 1, 1, 3, 1, 3, 1, 3, 3 ], [ 1, -2, 3, 1, 1, 1, 3, 3, 1, 1, 3, 3, 3, 3, 1, 3, 1 ], 
          [ 1, 3, -2, 1, 3, 1, 1, 1, 3, 1, 1, 3, 1, 1, 1, 1, 3 ], [ 3, 1, 1, -2, 3, 1, 3, 3, 3, 1, 3, 3, 3, 1, 1, 1, 1 ], 
          [ 3, 1, 3, 3, -2, 3, 1, 1, 1, 3, 3, 1, 3, 3, 3, 3, 1 ], [ 1, 1, 1, 1, 3, -2, 3, 3, 1, 3, 3, 3, 1, 1, 1, 3, 1 ], 
          [ 3, 3, 1, 3, 1, 3, -2, 1, 3, 1, 1, 1, 1, 3, 3, 1, 3 ], [ 3, 3, 1, 3, 1, 3, 1, -2, 1, 3, 1, 1, 1, 1, 3, 1, 3 ], 
          [ 1, 1, 3, 3, 1, 1, 3, 1, -2, 3, 3, 1, 1, 1, 3, 3, 3 ], [ 1, 1, 1, 1, 3, 3, 1, 3, 3, -2, 1, 3, 3, 3, 1, 1, 3 ], 
          [ 1, 3, 1, 3, 3, 3, 1, 1, 3, 1, -2, 1, 1, 3, 1, 1, 3 ], [ 3, 3, 3, 3, 1, 3, 1, 1, 1, 3, 1, -2, 1, 1, 3, 1, 3 ], 
          [ 1, 3, 1, 3, 3, 1, 1, 1, 1, 3, 1, 1, -2, 1, 3, 1, 3 ], [ 3, 3, 1, 1, 3, 1, 3, 1, 1, 3, 3, 1, 1, -2, 3, 1, 3 ], 
          [ 1, 1, 1, 1, 3, 1, 3, 3, 3, 1, 1, 3, 3, 3, -2, 3, 1 ], [ 3, 3, 1, 1, 3, 3, 1, 1, 3, 1, 1, 1, 1, 1, 3, -2, 3 ], 
          [ 3, 1, 3, 1, 1, 1, 3, 3, 3, 3, 3, 3, 3, 3, 1, 3, -2 ] ] ], 
  [ 464, [ [ -2, 1, 1, 3, 3, 1, 3, 3, 1, 1, 1, 3, 1, 3, 3, 1, 1 ], [ 1, -2, 3, 1, 1, 1, 3, 3, 1, 1, 3, 3, 3, 3, 3, 1, 1 ], 
          [ 1, 3, -2, 1, 3, 1, 1, 1, 3, 1, 1, 3, 1, 1, 1, 1, 1 ], [ 3, 1, 1, -2, 3, 1, 3, 3, 3, 1, 3, 3, 3, 1, 1, 3, 1 ], 
          [ 3, 1, 3, 3, -2, 3, 1, 1, 1, 3, 3, 1, 3, 1, 3, 1, 3 ], [ 1, 1, 1, 1, 3, -2, 3, 3, 1, 3, 3, 3, 1, 1, 1, 3, 1 ], 
          [ 3, 3, 1, 3, 1, 3, -2, 1, 3, 1, 1, 1, 1, 1, 1, 1, 3 ], [ 3, 3, 1, 3, 1, 3, 1, -2, 1, 3, 1, 1, 1, 1, 3, 1, 3 ], 
          [ 1, 1, 3, 3, 1, 1, 3, 1, -2, 3, 3, 1, 1, 1, 3, 3, 3 ], [ 1, 1, 1, 1, 3, 3, 1, 3, 3, -2, 1, 3, 3, 3, 1, 1, 1 ], 
          [ 1, 3, 1, 3, 3, 3, 1, 1, 3, 1, -2, 1, 1, 3, 3, 1, 1 ], [ 3, 3, 3, 3, 1, 3, 1, 1, 1, 3, 1, -2, 1, 1, 3, 3, 3 ], 
          [ 1, 3, 1, 3, 3, 1, 1, 1, 1, 3, 1, 1, -2, 1, 3, 3, 3 ], [ 3, 3, 1, 1, 1, 1, 1, 1, 1, 3, 3, 1, 1, -2, 1, 3, 3 ], 
          [ 3, 3, 1, 1, 3, 1, 1, 3, 3, 1, 3, 3, 3, 1, -2, 3, 1 ], [ 1, 1, 1, 3, 1, 3, 1, 1, 3, 1, 1, 3, 3, 3, 3, -2, 1 ], 
          [ 1, 1, 1, 1, 3, 1, 3, 3, 3, 1, 1, 3, 3, 3, 1, 1, -2 ] ] ], [ 402, [ [ -2, 1, 1, 3, 3, 1, 3, 3, 1, 1, 1, 3, 1, 3, 3, 3 ], 
          [ 1, -2, 3, 1, 1, 1, 3, 3, 1, 1, 3, 3, 3, 3, 3, 3 ], [ 1, 3, -2, 1, 3, 1, 1, 1, 3, 1, 1, 3, 1, 1, 1, 1 ], 
          [ 3, 1, 1, -2, 3, 1, 3, 3, 3, 1, 3, 3, 3, 1, 1, 1 ], [ 3, 1, 3, 3, -2, 3, 1, 1, 1, 3, 3, 1, 3, 1, 3, 3 ], 
          [ 1, 1, 1, 1, 3, -2, 3, 3, 1, 3, 3, 3, 1, 1, 1, 1 ], [ 3, 3, 1, 3, 1, 3, -2, 1, 3, 1, 1, 1, 1, 1, 3, 1 ], 
          [ 3, 3, 1, 3, 1, 3, 1, -2, 1, 3, 1, 1, 1, 1, 1, 3 ], [ 1, 1, 3, 3, 1, 1, 3, 1, -2, 3, 3, 1, 1, 1, 1, 3 ], 
          [ 1, 1, 1, 1, 3, 3, 1, 3, 3, -2, 1, 3, 3, 3, 3, 1 ], [ 1, 3, 1, 3, 3, 3, 1, 1, 3, 1, -2, 1, 1, 3, 3, 3 ], 
          [ 3, 3, 3, 3, 1, 3, 1, 1, 1, 3, 1, -2, 1, 1, 3, 3 ], [ 1, 3, 1, 3, 3, 1, 1, 1, 1, 3, 1, 1, -2, 1, 1, 3 ], 
          [ 3, 3, 1, 1, 1, 1, 1, 1, 1, 3, 3, 1, 1, -2, 1, 1 ], [ 3, 3, 1, 1, 3, 1, 3, 1, 1, 3, 3, 3, 1, 1, -2, 1 ], 
          [ 3, 3, 1, 1, 3, 1, 1, 3, 3, 1, 3, 3, 3, 1, 1, -2 ] ] ], [ 388, [ [ -2, 1, 1, 3, 3, 1, 3, 3, 1, 1, 1, 3, 1, 3, 3, 3 ], 
          [ 1, -2, 3, 1, 1, 1, 3, 3, 1, 1, 3, 3, 3, 3, 3, 3 ], [ 1, 3, -2, 1, 3, 1, 1, 1, 3, 1, 1, 3, 1, 1, 1, 1 ], 
          [ 3, 1, 1, -2, 3, 1, 3, 3, 3, 1, 3, 3, 3, 1, 1, 1 ], [ 3, 1, 3, 3, -2, 3, 1, 1, 1, 3, 3, 1, 3, 1, 3, 3 ], 
          [ 1, 1, 1, 1, 3, -2, 3, 3, 1, 3, 3, 3, 1, 1, 1, 3 ], [ 3, 3, 1, 3, 1, 3, -2, 1, 3, 1, 1, 1, 1, 1, 3, 1 ], 
          [ 3, 3, 1, 3, 1, 3, 1, -2, 1, 3, 1, 1, 1, 1, 1, 1 ], [ 1, 1, 3, 3, 1, 1, 3, 1, -2, 3, 3, 1, 1, 1, 1, 3 ], 
          [ 1, 1, 1, 1, 3, 3, 1, 3, 3, -2, 1, 3, 3, 3, 3, 1 ], [ 1, 3, 1, 3, 3, 3, 1, 1, 3, 1, -2, 1, 1, 3, 3, 1 ], 
          [ 3, 3, 3, 3, 1, 3, 1, 1, 1, 3, 1, -2, 1, 1, 3, 1 ], [ 1, 3, 1, 3, 3, 1, 1, 1, 1, 3, 1, 1, -2, 1, 1, 1 ], 
          [ 3, 3, 1, 1, 1, 1, 1, 1, 1, 3, 3, 1, 1, -2, 1, 1 ], [ 3, 3, 1, 1, 3, 1, 3, 1, 1, 3, 3, 3, 1, 1, -2, 1 ], 
          [ 3, 3, 1, 1, 3, 3, 1, 1, 3, 1, 1, 1, 1, 1, 1, -2 ] ] ], [ 452, [ [ -2, 1, 1, 3, 3, 1, 3, 3, 1, 1, 1, 3, 1, 3, 3, 3, 3, 3 ], 
          [ 1, -2, 3, 1, 1, 1, 3, 3, 1, 1, 3, 3, 3, 3, 1, 3, 3, 3 ], [ 1, 3, -2, 1, 3, 1, 1, 1, 3, 1, 1, 3, 1, 1, 3, 3, 1, 3 ], 
          [ 3, 1, 1, -2, 3, 1, 3, 3, 3, 1, 3, 3, 3, 1, 1, 3, 1, 1 ], [ 3, 1, 3, 3, -2, 3, 1, 1, 1, 3, 3, 1, 3, 1, 1, 1, 3, 3 ], 
          [ 1, 1, 1, 1, 3, -2, 3, 3, 1, 3, 3, 3, 1, 1, 1, 3, 3, 1 ], [ 3, 3, 1, 3, 1, 3, -2, 1, 3, 1, 1, 1, 1, 1, 3, 1, 1, 3 ], 
          [ 3, 3, 1, 3, 1, 3, 1, -2, 1, 3, 1, 1, 1, 1, 3, 1, 1, 3 ], [ 1, 1, 3, 3, 1, 1, 3, 1, -2, 3, 3, 1, 1, 1, 1, 1, 3, 1 ], 
          [ 1, 1, 1, 1, 3, 3, 1, 3, 3, -2, 1, 3, 3, 3, 3, 3, 1, 3 ], [ 1, 3, 1, 3, 3, 3, 1, 1, 3, 1, -2, 1, 1, 3, 3, 3, 1, 3 ], 
          [ 3, 3, 3, 3, 1, 3, 1, 1, 1, 3, 1, -2, 1, 1, 1, 1, 1, 1 ], [ 1, 3, 1, 3, 3, 1, 1, 1, 1, 3, 1, 1, -2, 1, 3, 1, 1, 1 ], 
          [ 3, 3, 1, 1, 1, 1, 1, 1, 1, 3, 3, 1, 1, -2, 1, 1, 1, 1 ], [ 3, 1, 3, 1, 1, 1, 3, 3, 1, 3, 3, 1, 3, 1, -2, 3, 3, 1 ], 
          [ 3, 3, 3, 3, 1, 3, 1, 1, 1, 3, 3, 1, 1, 1, 3, -2, 1, 1 ], [ 3, 3, 1, 1, 3, 3, 1, 1, 3, 1, 1, 1, 1, 1, 3, 1, -2, 1 ], 
          [ 3, 3, 3, 1, 3, 1, 3, 3, 1, 3, 3, 1, 1, 1, 1, 1, 1, -2 ] ] ], 
  [ 452, [ [ -2, 1, 1, 3, 3, 1, 3, 3, 1, 1, 1, 3, 1, 3, 3, 3, 3, 3 ], [ 1, -2, 3, 1, 1, 1, 3, 3, 1, 1, 3, 3, 3, 3, 1, 3, 3, 3 ], 
          [ 1, 3, -2, 1, 3, 1, 1, 1, 3, 1, 1, 3, 1, 1, 3, 3, 1, 3 ], [ 3, 1, 1, -2, 3, 1, 3, 3, 3, 1, 3, 3, 3, 1, 1, 3, 1, 1 ], 
          [ 3, 1, 3, 3, -2, 3, 1, 1, 1, 3, 3, 1, 3, 1, 1, 1, 3, 3 ], [ 1, 1, 1, 1, 3, -2, 3, 3, 1, 3, 3, 3, 1, 1, 1, 3, 3, 1 ], 
          [ 3, 3, 1, 3, 1, 3, -2, 1, 3, 1, 1, 1, 1, 1, 3, 1, 1, 3 ], [ 3, 3, 1, 3, 1, 3, 1, -2, 1, 3, 1, 1, 1, 1, 3, 1, 1, 3 ], 
          [ 1, 1, 3, 3, 1, 1, 3, 1, -2, 3, 3, 1, 1, 1, 1, 1, 3, 1 ], [ 1, 1, 1, 1, 3, 3, 1, 3, 3, -2, 1, 3, 3, 3, 3, 3, 1, 3 ], 
          [ 1, 3, 1, 3, 3, 3, 1, 1, 3, 1, -2, 1, 1, 3, 3, 3, 1, 3 ], [ 3, 3, 3, 3, 1, 3, 1, 1, 1, 3, 1, -2, 1, 1, 1, 1, 1, 1 ], 
          [ 1, 3, 1, 3, 3, 1, 1, 1, 1, 3, 1, 1, -2, 1, 3, 1, 1, 1 ], [ 3, 3, 1, 1, 1, 1, 1, 1, 1, 3, 3, 1, 1, -2, 1, 1, 1, 1 ], 
          [ 3, 1, 3, 1, 1, 1, 3, 3, 1, 3, 3, 1, 3, 1, -2, 3, 3, 1 ], [ 3, 3, 3, 3, 1, 3, 1, 1, 1, 3, 3, 1, 1, 1, 3, -2, 1, 1 ], 
          [ 3, 3, 1, 1, 3, 3, 1, 1, 3, 1, 1, 1, 1, 1, 3, 1, -2, 1 ], [ 3, 3, 3, 1, 3, 1, 3, 3, 1, 3, 3, 1, 1, 1, 1, 1, 1, -2 ] ] ], 
  [ 452, [ [ -2, 1, 1, 3, 3, 1, 3, 3, 1, 1, 1, 3, 1, 3, 3, 3, 1, 1 ], [ 1, -2, 3, 1, 1, 1, 3, 3, 1, 1, 3, 3, 3, 3, 1, 3, 1, 1 ], 
          [ 1, 3, -2, 1, 3, 1, 1, 1, 3, 1, 1, 3, 1, 1, 3, 3, 3, 1 ], [ 3, 1, 1, -2, 3, 1, 3, 3, 3, 1, 3, 3, 3, 1, 1, 3, 3, 3 ], 
          [ 3, 1, 3, 3, -2, 3, 1, 1, 1, 3, 3, 1, 3, 1, 1, 1, 1, 1 ], [ 1, 1, 1, 1, 3, -2, 3, 3, 1, 3, 3, 3, 1, 1, 1, 3, 1, 3 ], 
          [ 3, 3, 1, 3, 1, 3, -2, 1, 3, 1, 1, 1, 1, 1, 3, 1, 3, 1 ], [ 3, 3, 1, 3, 1, 3, 1, -2, 1, 3, 1, 1, 1, 1, 3, 1, 3, 1 ], 
          [ 1, 1, 3, 3, 1, 1, 3, 1, -2, 3, 3, 1, 1, 1, 1, 1, 1, 3 ], [ 1, 1, 1, 1, 3, 3, 1, 3, 3, -2, 1, 3, 3, 3, 3, 3, 3, 1 ], 
          [ 1, 3, 1, 3, 3, 3, 1, 1, 3, 1, -2, 1, 1, 3, 3, 3, 3, 1 ], [ 3, 3, 3, 3, 1, 3, 1, 1, 1, 3, 1, -2, 1, 1, 1, 1, 3, 3 ], 
          [ 1, 3, 1, 3, 3, 1, 1, 1, 1, 3, 1, 1, -2, 1, 3, 1, 3, 3 ], [ 3, 3, 1, 1, 1, 1, 1, 1, 1, 3, 3, 1, 1, -2, 1, 1, 3, 3 ], 
          [ 3, 1, 3, 1, 1, 1, 3, 3, 1, 3, 3, 1, 3, 1, -2, 3, 1, 3 ], [ 3, 3, 3, 3, 1, 3, 1, 1, 1, 3, 3, 1, 1, 1, 3, -2, 3, 3 ], 
          [ 1, 1, 3, 3, 1, 1, 3, 3, 1, 3, 3, 3, 3, 3, 1, 3, -2, 1 ], [ 1, 1, 1, 3, 1, 3, 1, 1, 3, 1, 1, 3, 3, 3, 3, 3, 1, -2 ] ] ], 
  [ 324, [ [ -2, 1, 1, 3, 3, 1, 3, 3, 1, 1, 1, 3, 1, 3, 3, 3 ], [ 1, -2, 3, 1, 1, 1, 3, 3, 1, 1, 3, 3, 3, 3, 3, 1 ], 
          [ 1, 3, -2, 1, 3, 1, 1, 1, 3, 1, 1, 3, 1, 1, 1, 3 ], [ 3, 1, 1, -2, 3, 1, 3, 3, 3, 1, 3, 3, 3, 1, 1, 1 ], 
          [ 3, 1, 3, 3, -2, 3, 1, 1, 1, 3, 3, 1, 3, 1, 3, 1 ], [ 1, 1, 1, 1, 3, -2, 3, 3, 1, 3, 3, 3, 1, 1, 1, 1 ], 
          [ 3, 3, 1, 3, 1, 3, -2, 1, 3, 1, 1, 1, 1, 1, 3, 3 ], [ 3, 3, 1, 3, 1, 3, 1, -2, 1, 3, 1, 1, 1, 1, 1, 3 ], 
          [ 1, 1, 3, 3, 1, 1, 3, 1, -2, 3, 3, 1, 1, 1, 1, 1 ], [ 1, 1, 1, 1, 3, 3, 1, 3, 3, -2, 1, 3, 3, 3, 3, 3 ], 
          [ 1, 3, 1, 3, 3, 3, 1, 1, 3, 1, -2, 1, 1, 3, 3, 3 ], [ 3, 3, 3, 3, 1, 3, 1, 1, 1, 3, 1, -2, 1, 1, 1, 1 ], 
          [ 1, 3, 1, 3, 3, 1, 1, 1, 1, 3, 1, 1, -2, 1, 1, 3 ], [ 3, 3, 1, 1, 1, 1, 1, 1, 1, 3, 3, 1, 1, -2, 1, 1 ], 
          [ 3, 3, 1, 1, 3, 1, 3, 1, 1, 3, 3, 1, 1, 1, -2, 1 ], [ 3, 1, 3, 1, 1, 1, 3, 3, 1, 3, 3, 1, 3, 1, 1, -2 ] ] ], 
  [ 452, [ [ -2, 1, 1, 3, 3, 1, 3, 3, 1, 1, 1, 3, 1, 3, 1, 1, 3, 3 ], [ 1, -2, 3, 1, 1, 1, 3, 3, 1, 1, 3, 3, 3, 3, 1, 1, 3, 1 ], 
          [ 1, 3, -2, 1, 3, 1, 1, 1, 3, 1, 1, 3, 1, 3, 3, 3, 3, 3 ], [ 3, 1, 1, -2, 3, 1, 3, 3, 3, 1, 3, 3, 3, 1, 3, 3, 3, 1 ], 
          [ 3, 1, 3, 3, -2, 3, 1, 1, 1, 3, 3, 1, 3, 3, 3, 1, 1, 1 ], [ 1, 1, 1, 1, 3, -2, 3, 3, 1, 3, 3, 3, 1, 1, 3, 1, 3, 1 ], 
          [ 3, 3, 1, 3, 1, 3, -2, 1, 3, 1, 1, 1, 1, 3, 3, 3, 1, 3 ], [ 3, 3, 1, 3, 1, 3, 1, -2, 1, 3, 1, 1, 1, 3, 3, 3, 1, 3 ], 
          [ 1, 1, 3, 3, 1, 1, 3, 1, -2, 3, 3, 1, 1, 1, 3, 1, 1, 1 ], [ 1, 1, 1, 1, 3, 3, 1, 3, 3, -2, 1, 3, 3, 3, 1, 3, 3, 3 ], 
          [ 1, 3, 1, 3, 3, 3, 1, 1, 3, 1, -2, 1, 1, 3, 1, 3, 3, 3 ], [ 3, 3, 3, 3, 1, 3, 1, 1, 1, 3, 1, -2, 1, 1, 3, 3, 1, 1 ], 
          [ 1, 3, 1, 3, 3, 1, 1, 1, 1, 3, 1, 1, -2, 1, 3, 3, 1, 3 ], [ 3, 3, 3, 1, 3, 1, 3, 3, 1, 3, 3, 1, 1, -2, 3, 3, 1, 1 ], 
          [ 1, 1, 3, 3, 3, 3, 3, 3, 3, 1, 1, 3, 3, 3, -2, 1, 3, 3 ], [ 1, 1, 3, 3, 1, 1, 3, 3, 1, 3, 3, 3, 3, 3, 1, -2, 3, 1 ], 
          [ 3, 3, 3, 3, 1, 3, 1, 1, 1, 3, 3, 1, 1, 1, 3, 3, -2, 3 ], [ 3, 1, 3, 1, 1, 1, 3, 3, 1, 3, 3, 1, 3, 1, 3, 1, 3, -2 ] ] ], 
  [ 452, [ [ -2, 1, 1, 3, 3, 1, 3, 3, 1, 1, 1, 3, 1, 3, 1, 1, 3, 3 ], [ 1, -2, 3, 1, 1, 1, 3, 3, 1, 1, 3, 3, 3, 3, 1, 1, 3, 1 ], 
          [ 1, 3, -2, 1, 3, 1, 1, 1, 3, 1, 1, 3, 1, 3, 3, 3, 3, 3 ], [ 3, 1, 1, -2, 3, 1, 3, 3, 3, 1, 3, 3, 3, 1, 3, 3, 3, 1 ], 
          [ 3, 1, 3, 3, -2, 3, 1, 1, 1, 3, 3, 1, 3, 3, 3, 1, 1, 1 ], [ 1, 1, 1, 1, 3, -2, 3, 3, 1, 3, 3, 3, 1, 1, 3, 1, 3, 1 ], 
          [ 3, 3, 1, 3, 1, 3, -2, 1, 3, 1, 1, 1, 1, 3, 3, 3, 1, 3 ], [ 3, 3, 1, 3, 1, 3, 1, -2, 1, 3, 1, 1, 1, 3, 3, 3, 1, 3 ], 
          [ 1, 1, 3, 3, 1, 1, 3, 1, -2, 3, 3, 1, 1, 1, 3, 1, 1, 1 ], [ 1, 1, 1, 1, 3, 3, 1, 3, 3, -2, 1, 3, 3, 3, 1, 3, 3, 3 ], 
          [ 1, 3, 1, 3, 3, 3, 1, 1, 3, 1, -2, 1, 1, 3, 1, 3, 3, 3 ], [ 3, 3, 3, 3, 1, 3, 1, 1, 1, 3, 1, -2, 1, 1, 3, 3, 1, 1 ], 
          [ 1, 3, 1, 3, 3, 1, 1, 1, 1, 3, 1, 1, -2, 1, 3, 3, 1, 3 ], [ 3, 3, 3, 1, 3, 1, 3, 3, 1, 3, 3, 1, 1, -2, 3, 3, 1, 1 ], 
          [ 1, 1, 3, 3, 3, 3, 3, 3, 3, 1, 1, 3, 3, 3, -2, 1, 3, 3 ], [ 1, 1, 3, 3, 1, 1, 3, 3, 1, 3, 3, 3, 3, 3, 1, -2, 3, 1 ], 
          [ 3, 3, 3, 3, 1, 3, 1, 1, 1, 3, 3, 1, 1, 1, 3, 3, -2, 3 ], [ 3, 1, 3, 1, 1, 1, 3, 3, 1, 3, 3, 1, 3, 1, 3, 1, 3, -2 ] ] ], 
  [ 452, [ [ -2, 1, 1, 3, 3, 1, 3, 3, 1, 1, 1, 3, 1, 3, 1, 3, 3, 3 ], [ 1, -2, 3, 1, 1, 1, 3, 3, 1, 1, 3, 3, 3, 3, 1, 1, 3, 3 ], 
          [ 1, 3, -2, 1, 3, 1, 1, 1, 3, 1, 1, 3, 1, 3, 3, 3, 3, 1 ], [ 3, 1, 1, -2, 3, 1, 3, 3, 3, 1, 3, 3, 3, 1, 3, 1, 3, 1 ], 
          [ 3, 1, 3, 3, -2, 3, 1, 1, 1, 3, 3, 1, 3, 3, 3, 1, 1, 3 ], [ 1, 1, 1, 1, 3, -2, 3, 3, 1, 3, 3, 3, 1, 1, 3, 1, 3, 3 ], 
          [ 3, 3, 1, 3, 1, 3, -2, 1, 3, 1, 1, 1, 1, 3, 3, 3, 1, 1 ], [ 3, 3, 1, 3, 1, 3, 1, -2, 1, 3, 1, 1, 1, 3, 3, 3, 1, 1 ], 
          [ 1, 1, 3, 3, 1, 1, 3, 1, -2, 3, 3, 1, 1, 1, 3, 1, 1, 3 ], [ 1, 1, 1, 1, 3, 3, 1, 3, 3, -2, 1, 3, 3, 3, 1, 3, 3, 1 ], 
          [ 1, 3, 1, 3, 3, 3, 1, 1, 3, 1, -2, 1, 1, 3, 1, 3, 3, 1 ], [ 3, 3, 3, 3, 1, 3, 1, 1, 1, 3, 1, -2, 1, 1, 3, 1, 1, 1 ], 
          [ 1, 3, 1, 3, 3, 1, 1, 1, 1, 3, 1, 1, -2, 1, 3, 3, 1, 1 ], [ 3, 3, 3, 1, 3, 1, 3, 3, 1, 3, 3, 1, 1, -2, 3, 1, 1, 1 ], 
          [ 1, 1, 3, 3, 3, 3, 3, 3, 3, 1, 1, 3, 3, 3, -2, 3, 3, 3 ], [ 3, 1, 3, 1, 1, 1, 3, 3, 1, 3, 3, 1, 3, 1, 3, -2, 3, 3 ], 
          [ 3, 3, 3, 3, 1, 3, 1, 1, 1, 3, 3, 1, 1, 1, 3, 3, -2, 1 ], [ 3, 3, 1, 1, 3, 3, 1, 1, 3, 1, 1, 1, 1, 1, 3, 3, 1, -2 ] ] ], 
  [ 532, [ [ -2, 1, 1, 3, 3, 1, 3, 3, 1, 1, 1, 3, 1, 3, 1, 1 ], [ 1, -2, 3, 1, 1, 1, 3, 3, 1, 1, 3, 3, 3, 3, 1, 3 ], 
          [ 1, 3, -2, 1, 3, 1, 1, 1, 3, 1, 1, 3, 1, 3, 3, 1 ], [ 3, 1, 1, -2, 3, 1, 3, 3, 3, 1, 3, 3, 3, 1, 3, 3 ], 
          [ 3, 1, 3, 3, -2, 3, 1, 1, 1, 3, 3, 1, 3, 3, 3, 3 ], [ 1, 1, 1, 1, 3, -2, 3, 3, 1, 3, 3, 3, 1, 1, 3, 1 ], 
          [ 3, 3, 1, 3, 1, 3, -2, 1, 3, 1, 1, 1, 1, 3, 3, 3 ], [ 3, 3, 1, 3, 1, 3, 1, -2, 1, 3, 1, 1, 1, 3, 3, 1 ], 
          [ 1, 1, 3, 3, 1, 1, 3, 1, -2, 3, 3, 1, 1, 1, 3, 1 ], [ 1, 1, 1, 1, 3, 3, 1, 3, 3, -2, 1, 3, 3, 3, 1, 3 ], 
          [ 1, 3, 1, 3, 3, 3, 1, 1, 3, 1, -2, 1, 1, 3, 1, 1 ], [ 3, 3, 3, 3, 1, 3, 1, 1, 1, 3, 1, -2, 1, 1, 3, 1 ], 
          [ 1, 3, 1, 3, 3, 1, 1, 1, 1, 3, 1, 1, -2, 1, 3, 1 ], [ 3, 3, 3, 1, 3, 1, 3, 3, 1, 3, 3, 1, 1, -2, 3, 1 ], 
          [ 1, 1, 3, 3, 3, 3, 3, 3, 3, 1, 1, 3, 3, 3, -2, 1 ], [ 1, 3, 1, 3, 3, 1, 3, 1, 1, 3, 1, 1, 1, 1, 1, -2 ] ] ], 
  [ 452, [ [ -2, 1, 1, 3, 3, 1, 3, 3, 1, 1, 1, 3, 1, 3, 1, 1, 3, 3 ], [ 1, -2, 3, 1, 1, 1, 3, 3, 1, 1, 3, 3, 3, 3, 1, 1, 3, 1 ], 
          [ 1, 3, -2, 1, 3, 1, 1, 1, 3, 1, 1, 3, 1, 3, 3, 3, 3, 3 ], [ 3, 1, 1, -2, 3, 1, 3, 3, 3, 1, 3, 3, 3, 1, 3, 3, 3, 1 ], 
          [ 3, 1, 3, 3, -2, 3, 1, 1, 1, 3, 3, 1, 3, 3, 3, 1, 1, 1 ], [ 1, 1, 1, 1, 3, -2, 3, 3, 1, 3, 3, 3, 1, 1, 3, 1, 3, 1 ], 
          [ 3, 3, 1, 3, 1, 3, -2, 1, 3, 1, 1, 1, 1, 3, 3, 3, 1, 3 ], [ 3, 3, 1, 3, 1, 3, 1, -2, 1, 3, 1, 1, 1, 3, 3, 3, 1, 3 ], 
          [ 1, 1, 3, 3, 1, 1, 3, 1, -2, 3, 3, 1, 1, 1, 3, 1, 1, 1 ], [ 1, 1, 1, 1, 3, 3, 1, 3, 3, -2, 1, 3, 3, 3, 1, 3, 3, 3 ], 
          [ 1, 3, 1, 3, 3, 3, 1, 1, 3, 1, -2, 1, 1, 3, 1, 3, 3, 3 ], [ 3, 3, 3, 3, 1, 3, 1, 1, 1, 3, 1, -2, 1, 1, 3, 3, 1, 1 ], 
          [ 1, 3, 1, 3, 3, 1, 1, 1, 1, 3, 1, 1, -2, 1, 3, 3, 1, 3 ], [ 3, 3, 3, 1, 3, 1, 3, 3, 1, 3, 3, 1, 1, -2, 3, 3, 1, 1 ], 
          [ 1, 1, 3, 3, 3, 3, 3, 3, 3, 1, 1, 3, 3, 3, -2, 1, 3, 3 ], [ 1, 1, 3, 3, 1, 1, 3, 3, 1, 3, 3, 3, 3, 3, 1, -2, 3, 1 ], 
          [ 3, 3, 3, 3, 1, 3, 1, 1, 1, 3, 3, 1, 1, 1, 3, 3, -2, 3 ], [ 3, 1, 3, 1, 1, 1, 3, 3, 1, 3, 3, 1, 3, 1, 3, 1, 3, -2 ] ] ], 
  [ 452, [ [ -2, 1, 1, 3, 3, 1, 3, 3, 1, 1, 1, 3, 1, 3, 1, 1, 1, 3 ], [ 1, -2, 3, 1, 1, 1, 3, 3, 1, 1, 3, 3, 3, 3, 1, 1, 1, 1 ], 
          [ 1, 3, -2, 1, 3, 1, 1, 1, 3, 1, 1, 3, 1, 3, 3, 3, 1, 3 ], [ 3, 1, 1, -2, 3, 1, 3, 3, 3, 1, 3, 3, 3, 1, 3, 3, 1, 1 ], 
          [ 3, 1, 3, 3, -2, 3, 1, 1, 1, 3, 3, 1, 3, 3, 3, 1, 3, 1 ], [ 1, 1, 1, 1, 3, -2, 3, 3, 1, 3, 3, 3, 1, 1, 3, 1, 1, 1 ], 
          [ 3, 3, 1, 3, 1, 3, -2, 1, 3, 1, 1, 1, 1, 3, 3, 3, 3, 3 ], [ 3, 3, 1, 3, 1, 3, 1, -2, 1, 3, 1, 1, 1, 3, 3, 3, 3, 3 ], 
          [ 1, 1, 3, 3, 1, 1, 3, 1, -2, 3, 3, 1, 1, 1, 3, 1, 3, 1 ], [ 1, 1, 1, 1, 3, 3, 1, 3, 3, -2, 1, 3, 3, 3, 1, 3, 1, 3 ], 
          [ 1, 3, 1, 3, 3, 3, 1, 1, 3, 1, -2, 1, 1, 3, 1, 3, 1, 3 ], [ 3, 3, 3, 3, 1, 3, 1, 1, 1, 3, 1, -2, 1, 1, 3, 3, 3, 1 ], 
          [ 1, 3, 1, 3, 3, 1, 1, 1, 1, 3, 1, 1, -2, 1, 3, 3, 3, 3 ], [ 3, 3, 3, 1, 3, 1, 3, 3, 1, 3, 3, 1, 1, -2, 3, 3, 3, 1 ], 
          [ 1, 1, 3, 3, 3, 3, 3, 3, 3, 1, 1, 3, 3, 3, -2, 1, 1, 3 ], [ 1, 1, 3, 3, 1, 1, 3, 3, 1, 3, 3, 3, 3, 3, 1, -2, 1, 1 ], 
          [ 1, 1, 1, 1, 3, 1, 3, 3, 3, 1, 1, 3, 3, 3, 1, 1, -2, 1 ], [ 3, 1, 3, 1, 1, 1, 3, 3, 1, 3, 3, 1, 3, 1, 3, 1, 1, -2 ] ] ], 
  [ 360, [ [ -2, 1, 1, 3, 3, 1, 3, 3, 1, 1, 1, 3, 3, 3, 3, 1, 3, 3 ], [ 1, -2, 3, 1, 1, 1, 3, 3, 1, 1, 3, 3, 1, 3, 3, 3, 3, 3 ], 
          [ 1, 3, -2, 1, 3, 1, 1, 1, 3, 1, 1, 3, 3, 3, 1, 3, 1, 1 ], [ 3, 1, 1, -2, 3, 1, 3, 3, 3, 1, 3, 3, 1, 3, 1, 3, 1, 1 ], 
          [ 3, 1, 3, 3, -2, 3, 1, 1, 1, 3, 3, 1, 1, 1, 3, 3, 3, 3 ], [ 1, 1, 1, 1, 3, -2, 3, 3, 1, 3, 3, 3, 3, 3, 3, 1, 3, 3 ], 
          [ 3, 3, 1, 3, 1, 3, -2, 1, 3, 1, 1, 1, 1, 1, 1, 3, 1, 1 ], [ 3, 3, 1, 3, 1, 3, 1, -2, 1, 3, 1, 1, 3, 1, 1, 3, 1, 1 ], 
          [ 1, 1, 3, 3, 1, 1, 3, 1, -2, 3, 3, 1, 3, 1, 3, 1, 3, 3 ], [ 1, 1, 1, 1, 3, 3, 1, 3, 3, -2, 1, 3, 1, 3, 1, 3, 1, 1 ], 
          [ 1, 3, 1, 3, 3, 3, 1, 1, 3, 1, -2, 1, 3, 3, 1, 1, 1, 1 ], [ 3, 3, 3, 3, 1, 3, 1, 1, 1, 3, 1, -2, 3, 1, 1, 1, 3, 1 ], 
          [ 3, 1, 3, 1, 1, 3, 1, 3, 3, 1, 3, 3, -2, 1, 1, 3, 1, 3 ], [ 3, 3, 3, 3, 1, 3, 1, 1, 1, 3, 3, 1, 1, -2, 1, 3, 1, 3 ], 
          [ 3, 3, 1, 1, 3, 3, 1, 1, 3, 1, 1, 1, 1, 1, -2, 3, 1, 1 ], [ 1, 3, 3, 3, 3, 1, 3, 3, 1, 3, 1, 1, 3, 3, 3, -2, 3, 3 ], 
          [ 3, 3, 1, 1, 3, 3, 1, 1, 3, 1, 1, 3, 1, 1, 1, 3, -2, 1 ], [ 3, 3, 1, 1, 3, 3, 1, 1, 3, 1, 1, 1, 3, 3, 1, 3, 1, -2 ] ] ], 
  [ 395, [ [ -2, 1, 1, 3, 3, 1, 3, 3, 1, 1, 1, 3, 3, 3, 3, 1, 3 ], [ 1, -2, 3, 1, 1, 1, 3, 3, 1, 1, 3, 3, 1, 3, 3, 3, 1 ], 
          [ 1, 3, -2, 1, 3, 1, 1, 1, 3, 1, 1, 3, 3, 3, 1, 3, 3 ], [ 3, 1, 1, -2, 3, 1, 3, 3, 3, 1, 3, 3, 1, 3, 1, 3, 1 ], 
          [ 3, 1, 3, 3, -2, 3, 1, 1, 1, 3, 3, 1, 1, 1, 3, 3, 3 ], [ 1, 1, 1, 1, 3, -2, 3, 3, 1, 3, 3, 3, 3, 3, 3, 1, 3 ], 
          [ 3, 3, 1, 3, 1, 3, -2, 1, 3, 1, 1, 1, 1, 1, 1, 3, 3 ], [ 3, 3, 1, 3, 1, 3, 1, -2, 1, 3, 1, 1, 3, 1, 1, 3, 3 ], 
          [ 1, 1, 3, 3, 1, 1, 3, 1, -2, 3, 3, 1, 3, 1, 3, 1, 3 ], [ 1, 1, 1, 1, 3, 3, 1, 3, 3, -2, 1, 3, 1, 3, 1, 3, 1 ], 
          [ 1, 3, 1, 3, 3, 3, 1, 1, 3, 1, -2, 1, 3, 3, 1, 1, 3 ], [ 3, 3, 3, 3, 1, 3, 1, 1, 1, 3, 1, -2, 3, 1, 1, 1, 3 ], 
          [ 3, 1, 3, 1, 1, 3, 1, 3, 3, 1, 3, 3, -2, 1, 1, 3, 1 ], [ 3, 3, 3, 3, 1, 3, 1, 1, 1, 3, 3, 1, 1, -2, 1, 3, 3 ], 
          [ 3, 3, 1, 1, 3, 3, 1, 1, 3, 1, 1, 1, 1, 1, -2, 3, 1 ], [ 1, 3, 3, 3, 3, 1, 3, 3, 1, 3, 1, 1, 3, 3, 3, -2, 3 ], 
          [ 3, 1, 3, 1, 3, 3, 3, 3, 3, 1, 3, 3, 1, 3, 1, 3, -2 ] ] ], 
  [ 532, [ [ -2, 1, 1, 3, 3, 1, 3, 3, 1, 1, 1, 3, 3, 3, 3, 1, 3, 3 ], [ 1, -2, 3, 1, 1, 1, 3, 3, 1, 1, 3, 3, 1, 3, 3, 3, 1, 1 ], 
          [ 1, 3, -2, 1, 3, 1, 1, 1, 3, 1, 1, 3, 3, 3, 1, 3, 3, 3 ], [ 3, 1, 1, -2, 3, 1, 3, 3, 3, 1, 3, 3, 1, 3, 1, 3, 1, 1 ], 
          [ 3, 1, 3, 3, -2, 3, 1, 1, 1, 3, 3, 1, 1, 1, 3, 3, 3, 1 ], [ 1, 1, 1, 1, 3, -2, 3, 3, 1, 3, 3, 3, 3, 3, 3, 1, 3, 3 ], 
          [ 3, 3, 1, 3, 1, 3, -2, 1, 3, 1, 1, 1, 1, 1, 1, 3, 3, 3 ], [ 3, 3, 1, 3, 1, 3, 1, -2, 1, 3, 1, 1, 3, 1, 1, 3, 3, 1 ], 
          [ 1, 1, 3, 3, 1, 1, 3, 1, -2, 3, 3, 1, 3, 1, 3, 1, 3, 1 ], [ 1, 1, 1, 1, 3, 3, 1, 3, 3, -2, 1, 3, 1, 3, 1, 3, 1, 3 ], 
          [ 1, 3, 1, 3, 3, 3, 1, 1, 3, 1, -2, 1, 3, 3, 1, 1, 3, 3 ], [ 3, 3, 3, 3, 1, 3, 1, 1, 1, 3, 1, -2, 3, 1, 1, 1, 3, 1 ], 
          [ 3, 1, 3, 1, 1, 3, 1, 3, 3, 1, 3, 3, -2, 1, 1, 3, 1, 1 ], [ 3, 3, 3, 3, 1, 3, 1, 1, 1, 3, 3, 1, 1, -2, 1, 3, 3, 1 ], 
          [ 3, 3, 1, 1, 3, 3, 1, 1, 3, 1, 1, 1, 1, 1, -2, 3, 1, 1 ], [ 1, 3, 3, 3, 3, 1, 3, 3, 1, 3, 1, 1, 3, 3, 3, -2, 3, 3 ], 
          [ 3, 1, 3, 1, 3, 3, 3, 3, 3, 1, 3, 3, 1, 3, 1, 3, -2, 1 ], [ 3, 1, 3, 1, 1, 3, 3, 1, 1, 3, 3, 1, 1, 1, 1, 3, 1, -2 ] ] ], 
  [ 456, [ [ -2, 1, 1, 3, 3, 1, 3, 3, 1, 1, 1, 3, 3, 3, 3, 3, 3 ], [ 1, -2, 3, 1, 1, 1, 3, 3, 1, 1, 3, 3, 1, 3, 3, 3, 3 ], 
          [ 1, 3, -2, 1, 3, 1, 1, 1, 3, 1, 1, 3, 3, 3, 1, 1, 3 ], [ 3, 1, 1, -2, 3, 1, 3, 3, 3, 1, 3, 3, 1, 3, 1, 1, 3 ], 
          [ 3, 1, 3, 3, -2, 3, 1, 1, 1, 3, 3, 1, 1, 1, 3, 3, 1 ], [ 1, 1, 1, 1, 3, -2, 3, 3, 1, 3, 3, 3, 3, 3, 3, 1, 3 ], 
          [ 3, 3, 1, 3, 1, 3, -2, 1, 3, 1, 1, 1, 1, 1, 1, 1, 1 ], [ 3, 3, 1, 3, 1, 3, 1, -2, 1, 3, 1, 1, 3, 1, 1, 3, 1 ], 
          [ 1, 1, 3, 3, 1, 1, 3, 1, -2, 3, 3, 1, 3, 1, 3, 3, 3 ], [ 1, 1, 1, 1, 3, 3, 1, 3, 3, -2, 1, 3, 1, 3, 1, 1, 3 ], 
          [ 1, 3, 1, 3, 3, 3, 1, 1, 3, 1, -2, 1, 3, 3, 1, 3, 1 ], [ 3, 3, 3, 3, 1, 3, 1, 1, 1, 3, 1, -2, 3, 1, 1, 3, 1 ], 
          [ 3, 1, 3, 1, 1, 3, 1, 3, 3, 1, 3, 3, -2, 1, 1, 1, 1 ], [ 3, 3, 3, 3, 1, 3, 1, 1, 1, 3, 3, 1, 1, -2, 1, 1, 1 ], 
          [ 3, 3, 1, 1, 3, 3, 1, 1, 3, 1, 1, 1, 1, 1, -2, 1, 1 ], [ 3, 3, 1, 1, 3, 1, 1, 3, 3, 1, 3, 3, 1, 1, 1, -2, 3 ], 
          [ 3, 3, 3, 3, 1, 3, 1, 1, 3, 3, 1, 1, 1, 1, 1, 3, -2 ] ] ], 
  [ 462, [ [ -2, 1, 1, 3, 3, 1, 3, 3, 1, 1, 1, 3, 3, 3, 3, 3, 3 ], [ 1, -2, 3, 1, 1, 1, 3, 3, 1, 1, 3, 3, 1, 3, 3, 1, 3 ], 
          [ 1, 3, -2, 1, 3, 1, 1, 1, 3, 1, 1, 3, 3, 3, 1, 3, 1 ], [ 3, 1, 1, -2, 3, 1, 3, 3, 3, 1, 3, 3, 1, 3, 1, 1, 1 ], 
          [ 3, 1, 3, 3, -2, 3, 1, 1, 1, 3, 3, 1, 1, 1, 3, 1, 3 ], [ 1, 1, 1, 1, 3, -2, 3, 3, 1, 3, 3, 3, 3, 3, 3, 3, 3 ], 
          [ 3, 3, 1, 3, 1, 3, -2, 1, 3, 1, 1, 1, 1, 1, 1, 3, 1 ], [ 3, 3, 1, 3, 1, 3, 1, -2, 1, 3, 1, 1, 3, 1, 1, 1, 1 ], 
          [ 1, 1, 3, 3, 1, 1, 3, 1, -2, 3, 3, 1, 3, 1, 3, 1, 3 ], [ 1, 1, 1, 1, 3, 3, 1, 3, 3, -2, 1, 3, 1, 3, 1, 3, 1 ], 
          [ 1, 3, 1, 3, 3, 3, 1, 1, 3, 1, -2, 1, 3, 3, 1, 3, 1 ], [ 3, 3, 3, 3, 1, 3, 1, 1, 1, 3, 1, -2, 3, 1, 1, 1, 1 ], 
          [ 3, 1, 3, 1, 1, 3, 1, 3, 3, 1, 3, 3, -2, 1, 1, 1, 3 ], [ 3, 3, 3, 3, 1, 3, 1, 1, 1, 3, 3, 1, 1, -2, 1, 1, 3 ], 
          [ 3, 3, 1, 1, 3, 3, 1, 1, 3, 1, 1, 1, 1, 1, -2, 1, 1 ], [ 3, 1, 3, 1, 1, 3, 3, 1, 1, 3, 3, 1, 1, 1, 1, -2, 3 ], 
          [ 3, 3, 1, 1, 3, 3, 1, 1, 3, 1, 1, 1, 3, 3, 1, 3, -2 ] ] ], [ 360, [ [ -2, 1, 1, 3, 3, 1, 3, 3, 1, 1, 1, 3, 3, 3, 3, 3, 1, 3 ], 
          [ 1, -2, 3, 1, 1, 1, 3, 3, 1, 1, 3, 3, 1, 3, 3, 3, 3, 3 ], [ 1, 3, -2, 1, 3, 1, 1, 1, 3, 1, 1, 3, 3, 3, 1, 1, 3, 1 ], 
          [ 3, 1, 1, -2, 3, 1, 3, 3, 3, 1, 3, 3, 1, 3, 1, 1, 3, 1 ], [ 3, 1, 3, 3, -2, 3, 1, 1, 1, 3, 3, 1, 1, 1, 3, 3, 3, 3 ], 
          [ 1, 1, 1, 1, 3, -2, 3, 3, 1, 3, 3, 3, 3, 3, 3, 3, 1, 3 ], [ 3, 3, 1, 3, 1, 3, -2, 1, 3, 1, 1, 1, 1, 1, 1, 1, 3, 1 ], 
          [ 3, 3, 1, 3, 1, 3, 1, -2, 1, 3, 1, 1, 3, 1, 1, 1, 3, 1 ], [ 1, 1, 3, 3, 1, 1, 3, 1, -2, 3, 3, 1, 3, 1, 3, 3, 1, 3 ], 
          [ 1, 1, 1, 1, 3, 3, 1, 3, 3, -2, 1, 3, 1, 3, 1, 1, 3, 1 ], [ 1, 3, 1, 3, 3, 3, 1, 1, 3, 1, -2, 1, 3, 3, 1, 1, 1, 1 ], 
          [ 3, 3, 3, 3, 1, 3, 1, 1, 1, 3, 1, -2, 3, 1, 1, 1, 1, 3 ], [ 3, 1, 3, 1, 1, 3, 1, 3, 3, 1, 3, 3, -2, 1, 1, 3, 3, 1 ], 
          [ 3, 3, 3, 3, 1, 3, 1, 1, 1, 3, 3, 1, 1, -2, 1, 3, 3, 1 ], [ 3, 3, 1, 1, 3, 3, 1, 1, 3, 1, 1, 1, 1, 1, -2, 1, 3, 1 ], 
          [ 3, 3, 1, 1, 3, 3, 1, 1, 3, 1, 1, 1, 3, 3, 1, -2, 3, 1 ], [ 1, 3, 3, 3, 3, 1, 3, 3, 1, 3, 1, 1, 3, 3, 3, 3, -2, 3 ], 
          [ 3, 3, 1, 1, 3, 3, 1, 1, 3, 1, 1, 3, 1, 1, 1, 1, 3, -2 ] ] ], 
  [ 452, [ [ -2, 1, 1, 3, 3, 1, 3, 3, 1, 1, 1, 3, 3, 3, 3, 3, 1, 1 ], [ 1, -2, 3, 1, 1, 1, 3, 3, 1, 1, 3, 3, 1, 3, 3, 3, 3, 1 ], 
          [ 1, 3, -2, 1, 3, 1, 1, 1, 3, 1, 1, 3, 3, 3, 1, 1, 1, 1 ], [ 3, 1, 1, -2, 3, 1, 3, 3, 3, 1, 3, 3, 1, 3, 1, 1, 3, 1 ], 
          [ 3, 1, 3, 3, -2, 3, 1, 1, 1, 3, 3, 1, 1, 1, 3, 3, 3, 3 ], [ 1, 1, 1, 1, 3, -2, 3, 3, 1, 3, 3, 3, 3, 3, 3, 3, 3, 1 ], 
          [ 3, 3, 1, 3, 1, 3, -2, 1, 3, 1, 1, 1, 1, 1, 1, 1, 1, 3 ], [ 3, 3, 1, 3, 1, 3, 1, -2, 1, 3, 1, 1, 3, 1, 1, 1, 1, 3 ], 
          [ 1, 1, 3, 3, 1, 1, 3, 1, -2, 3, 3, 1, 3, 1, 3, 3, 1, 3 ], [ 1, 1, 1, 1, 3, 3, 1, 3, 3, -2, 1, 3, 1, 3, 1, 1, 1, 1 ], 
          [ 1, 3, 1, 3, 3, 3, 1, 1, 3, 1, -2, 1, 3, 3, 1, 1, 1, 1 ], [ 3, 3, 3, 3, 1, 3, 1, 1, 1, 3, 1, -2, 3, 1, 1, 1, 1, 3 ], 
          [ 3, 1, 3, 1, 1, 3, 1, 3, 3, 1, 3, 3, -2, 1, 1, 3, 3, 1 ], [ 3, 3, 3, 3, 1, 3, 1, 1, 1, 3, 3, 1, 1, -2, 1, 3, 1, 3 ], 
          [ 3, 3, 1, 1, 3, 3, 1, 1, 3, 1, 1, 1, 1, 1, -2, 1, 1, 1 ], [ 3, 3, 1, 1, 3, 3, 1, 1, 3, 1, 1, 1, 3, 3, 1, -2, 1, 3 ], 
          [ 1, 3, 1, 3, 3, 3, 1, 1, 1, 1, 1, 1, 3, 1, 1, 1, -2, 3 ], [ 1, 1, 1, 1, 3, 1, 3, 3, 3, 1, 1, 3, 1, 3, 1, 3, 3, -2 ] ] ], 
  [ 1155, [ [ -2, 1, 1, 3, 3, 1, 3, 3, 1, 1, 1, 3, 3, 3, 3, 3, 1, 1, 1 ], [ 1, -2, 3, 1, 1, 1, 3, 3, 1, 1, 3, 3, 1, 3, 3, 3, 3, 1, 1 ], 
          [ 1, 3, -2, 1, 3, 1, 1, 1, 3, 1, 1, 3, 3, 3, 1, 1, 1, 1, 3 ], [ 3, 1, 1, -2, 3, 1, 3, 3, 3, 1, 3, 3, 1, 3, 1, 1, 3, 1, 3 ], 
          [ 3, 1, 3, 3, -2, 3, 1, 1, 1, 3, 3, 1, 1, 1, 3, 3, 3, 3, 1 ], [ 1, 1, 1, 1, 3, -2, 3, 3, 1, 3, 3, 3, 3, 3, 3, 3, 3, 1, 1 ], 
          [ 3, 3, 1, 3, 1, 3, -2, 1, 3, 1, 1, 1, 1, 1, 1, 1, 1, 3, 3 ], [ 3, 3, 1, 3, 1, 3, 1, -2, 1, 3, 1, 1, 3, 1, 1, 1, 1, 3, 3 ], 
          [ 1, 1, 3, 3, 1, 1, 3, 1, -2, 3, 3, 1, 3, 1, 3, 3, 1, 3, 1 ], [ 1, 1, 1, 1, 3, 3, 1, 3, 3, -2, 1, 3, 1, 3, 1, 1, 1, 1, 3 ], 
          [ 1, 3, 1, 3, 3, 3, 1, 1, 3, 1, -2, 1, 3, 3, 1, 1, 1, 1, 1 ], [ 3, 3, 3, 3, 1, 3, 1, 1, 1, 3, 1, -2, 3, 1, 1, 1, 1, 3, 1 ], 
          [ 3, 1, 3, 1, 1, 3, 1, 3, 3, 1, 3, 3, -2, 1, 1, 3, 3, 1, 3 ], [ 3, 3, 3, 3, 1, 3, 1, 1, 1, 3, 3, 1, 1, -2, 1, 3, 1, 3, 3 ], 
          [ 3, 3, 1, 1, 3, 3, 1, 1, 3, 1, 1, 1, 1, 1, -2, 1, 1, 1, 3 ], [ 3, 3, 1, 1, 3, 3, 1, 1, 3, 1, 1, 1, 3, 3, 1, -2, 1, 3, 3 ], 
          [ 1, 3, 1, 3, 3, 3, 1, 1, 1, 1, 1, 1, 3, 1, 1, 1, -2, 3, 3 ], [ 1, 1, 1, 1, 3, 1, 3, 3, 3, 1, 1, 3, 1, 3, 1, 3, 3, -2, 1 ], 
          [ 1, 1, 3, 3, 1, 1, 3, 3, 1, 3, 1, 1, 3, 3, 3, 3, 3, 1, -2 ] ] ], 
  [ 576, [ [ -2, 1, 1, 3, 3, 1, 3, 3, 1, 1, 1, 3, 3, 3, 3, 3, 1, 1 ], [ 1, -2, 3, 1, 1, 1, 3, 3, 1, 1, 3, 3, 1, 3, 3, 3, 3, 1 ], 
          [ 1, 3, -2, 1, 3, 1, 1, 1, 3, 1, 1, 3, 3, 3, 1, 1, 1, 1 ], [ 3, 1, 1, -2, 3, 1, 3, 3, 3, 1, 3, 3, 1, 3, 1, 1, 3, 1 ], 
          [ 3, 1, 3, 3, -2, 3, 1, 1, 1, 3, 3, 1, 1, 1, 3, 3, 3, 3 ], [ 1, 1, 1, 1, 3, -2, 3, 3, 1, 3, 3, 3, 3, 3, 3, 3, 3, 1 ], 
          [ 3, 3, 1, 3, 1, 3, -2, 1, 3, 1, 1, 1, 1, 1, 1, 1, 1, 3 ], [ 3, 3, 1, 3, 1, 3, 1, -2, 1, 3, 1, 1, 3, 1, 1, 1, 1, 3 ], 
          [ 1, 1, 3, 3, 1, 1, 3, 1, -2, 3, 3, 1, 3, 1, 3, 3, 1, 1 ], [ 1, 1, 1, 1, 3, 3, 1, 3, 3, -2, 1, 3, 1, 3, 1, 1, 1, 1 ], 
          [ 1, 3, 1, 3, 3, 3, 1, 1, 3, 1, -2, 1, 3, 3, 1, 1, 1, 3 ], [ 3, 3, 3, 3, 1, 3, 1, 1, 1, 3, 1, -2, 3, 1, 1, 1, 1, 3 ], 
          [ 3, 1, 3, 1, 1, 3, 1, 3, 3, 1, 3, 3, -2, 1, 1, 3, 3, 3 ], [ 3, 3, 3, 3, 1, 3, 1, 1, 1, 3, 3, 1, 1, -2, 1, 3, 1, 3 ], 
          [ 3, 3, 1, 1, 3, 3, 1, 1, 3, 1, 1, 1, 1, 1, -2, 1, 1, 3 ], [ 3, 3, 1, 1, 3, 3, 1, 1, 3, 1, 1, 1, 3, 3, 1, -2, 1, 1 ], 
          [ 1, 3, 1, 3, 3, 3, 1, 1, 1, 1, 1, 1, 3, 1, 1, 1, -2, 1 ], [ 1, 1, 1, 1, 3, 1, 3, 3, 1, 1, 3, 3, 3, 3, 3, 1, 1, -2 ] ] ], 
  [ 452, [ [ -2, 1, 1, 3, 3, 1, 3, 3, 1, 1, 1, 3, 3, 3, 3, 3, 1, 1 ], [ 1, -2, 3, 1, 1, 1, 3, 3, 1, 1, 3, 3, 1, 3, 3, 3, 3, 1 ], 
          [ 1, 3, -2, 1, 3, 1, 1, 1, 3, 1, 1, 3, 3, 3, 1, 1, 1, 1 ], [ 3, 1, 1, -2, 3, 1, 3, 3, 3, 1, 3, 3, 1, 3, 1, 1, 3, 1 ], 
          [ 3, 1, 3, 3, -2, 3, 1, 1, 1, 3, 3, 1, 1, 1, 3, 3, 3, 3 ], [ 1, 1, 1, 1, 3, -2, 3, 3, 1, 3, 3, 3, 3, 3, 3, 3, 3, 1 ], 
          [ 3, 3, 1, 3, 1, 3, -2, 1, 3, 1, 1, 1, 1, 1, 1, 1, 1, 3 ], [ 3, 3, 1, 3, 1, 3, 1, -2, 1, 3, 1, 1, 3, 1, 1, 1, 1, 3 ], 
          [ 1, 1, 3, 3, 1, 1, 3, 1, -2, 3, 3, 1, 3, 1, 3, 3, 1, 3 ], [ 1, 1, 1, 1, 3, 3, 1, 3, 3, -2, 1, 3, 1, 3, 1, 1, 1, 1 ], 
          [ 1, 3, 1, 3, 3, 3, 1, 1, 3, 1, -2, 1, 3, 3, 1, 1, 1, 1 ], [ 3, 3, 3, 3, 1, 3, 1, 1, 1, 3, 1, -2, 3, 1, 1, 1, 1, 3 ], 
          [ 3, 1, 3, 1, 1, 3, 1, 3, 3, 1, 3, 3, -2, 1, 1, 3, 3, 1 ], [ 3, 3, 3, 3, 1, 3, 1, 1, 1, 3, 3, 1, 1, -2, 1, 3, 1, 3 ], 
          [ 3, 3, 1, 1, 3, 3, 1, 1, 3, 1, 1, 1, 1, 1, -2, 1, 1, 1 ], [ 3, 3, 1, 1, 3, 3, 1, 1, 3, 1, 1, 1, 3, 3, 1, -2, 1, 3 ], 
          [ 1, 3, 1, 3, 3, 3, 1, 1, 1, 1, 1, 1, 3, 1, 1, 1, -2, 3 ], [ 1, 1, 1, 1, 3, 1, 3, 3, 3, 1, 1, 3, 1, 3, 1, 3, 3, -2 ] ] ], 
  [ 1155, [ [ -2, 1, 1, 3, 3, 1, 3, 3, 1, 1, 1, 3, 3, 3, 3, 3, 1, 1, 3 ], [ 1, -2, 3, 1, 1, 1, 3, 3, 1, 1, 3, 3, 1, 3, 3, 3, 3, 1, 3 ], 
          [ 1, 3, -2, 1, 3, 1, 1, 1, 3, 1, 1, 3, 3, 3, 1, 1, 1, 1, 1 ], [ 3, 1, 1, -2, 3, 1, 3, 3, 3, 1, 3, 3, 1, 3, 1, 1, 3, 1, 1 ], 
          [ 3, 1, 3, 3, -2, 3, 1, 1, 1, 3, 3, 1, 1, 1, 3, 3, 3, 3, 3 ], [ 1, 1, 1, 1, 3, -2, 3, 3, 1, 3, 3, 3, 3, 3, 3, 3, 3, 1, 3 ], 
          [ 3, 3, 1, 3, 1, 3, -2, 1, 3, 1, 1, 1, 1, 1, 1, 1, 1, 3, 1 ], [ 3, 3, 1, 3, 1, 3, 1, -2, 1, 3, 1, 1, 3, 1, 1, 1, 1, 3, 1 ], 
          [ 1, 1, 3, 3, 1, 1, 3, 1, -2, 3, 3, 1, 3, 1, 3, 3, 1, 3, 3 ], [ 1, 1, 1, 1, 3, 3, 1, 3, 3, -2, 1, 3, 1, 3, 1, 1, 1, 1, 1 ], 
          [ 1, 3, 1, 3, 3, 3, 1, 1, 3, 1, -2, 1, 3, 3, 1, 1, 1, 1, 3 ], [ 3, 3, 3, 3, 1, 3, 1, 1, 1, 3, 1, -2, 3, 1, 1, 1, 1, 3, 3 ], 
          [ 3, 1, 3, 1, 1, 3, 1, 3, 3, 1, 3, 3, -2, 1, 1, 3, 3, 1, 1 ], [ 3, 3, 3, 3, 1, 3, 1, 1, 1, 3, 3, 1, 1, -2, 1, 3, 1, 3, 1 ], 
          [ 3, 3, 1, 1, 3, 3, 1, 1, 3, 1, 1, 1, 1, 1, -2, 1, 1, 1, 1 ], [ 3, 3, 1, 1, 3, 3, 1, 1, 3, 1, 1, 1, 3, 3, 1, -2, 1, 3, 1 ], 
          [ 1, 3, 1, 3, 3, 3, 1, 1, 1, 1, 1, 1, 3, 1, 1, 1, -2, 3, 1 ], [ 1, 1, 1, 1, 3, 1, 3, 3, 3, 1, 1, 3, 1, 3, 1, 3, 3, -2, 3 ], 
          [ 3, 3, 1, 1, 3, 3, 1, 1, 3, 1, 3, 3, 1, 1, 1, 1, 1, 3, -2 ] ] ], 
  [ 576, [ [ -2, 1, 1, 3, 3, 1, 3, 3, 1, 1, 1, 3, 3, 3, 3, 3, 1, 3 ], [ 1, -2, 3, 1, 1, 1, 3, 3, 1, 1, 3, 3, 1, 3, 3, 3, 3, 3 ], 
          [ 1, 3, -2, 1, 3, 1, 1, 1, 3, 1, 1, 3, 3, 3, 1, 1, 1, 3 ], [ 3, 1, 1, -2, 3, 1, 3, 3, 3, 1, 3, 3, 1, 3, 1, 1, 3, 3 ], 
          [ 3, 1, 3, 3, -2, 3, 1, 1, 1, 3, 3, 1, 1, 1, 3, 3, 3, 1 ], [ 1, 1, 1, 1, 3, -2, 3, 3, 1, 3, 3, 3, 3, 3, 3, 3, 3, 3 ], 
          [ 3, 3, 1, 3, 1, 3, -2, 1, 3, 1, 1, 1, 1, 1, 1, 1, 1, 1 ], [ 3, 3, 1, 3, 1, 3, 1, -2, 1, 3, 1, 1, 3, 1, 1, 1, 1, 1 ], 
          [ 1, 1, 3, 3, 1, 1, 3, 1, -2, 3, 3, 1, 3, 1, 3, 3, 1, 3 ], [ 1, 1, 1, 1, 3, 3, 1, 3, 3, -2, 1, 3, 1, 3, 1, 1, 1, 3 ], 
          [ 1, 3, 1, 3, 3, 3, 1, 1, 3, 1, -2, 1, 3, 3, 1, 1, 1, 1 ], [ 3, 3, 3, 3, 1, 3, 1, 1, 1, 3, 1, -2, 3, 1, 1, 1, 1, 1 ], 
          [ 3, 1, 3, 1, 1, 3, 1, 3, 3, 1, 3, 3, -2, 1, 1, 3, 3, 1 ], [ 3, 3, 3, 3, 1, 3, 1, 1, 1, 3, 3, 1, 1, -2, 1, 3, 1, 1 ], 
          [ 3, 3, 1, 1, 3, 3, 1, 1, 3, 1, 1, 1, 1, 1, -2, 1, 1, 1 ], [ 3, 3, 1, 1, 3, 3, 1, 1, 3, 1, 1, 1, 3, 3, 1, -2, 1, 3 ], 
          [ 1, 3, 1, 3, 3, 3, 1, 1, 1, 1, 1, 1, 3, 1, 1, 1, -2, 3 ], [ 3, 3, 3, 3, 1, 3, 1, 1, 3, 3, 1, 1, 1, 1, 1, 3, 3, -2 ] ] ], 
  [ 360, [ [ -2, 1, 1, 3, 3, 1, 3, 3, 1, 1, 1, 3, 3, 3, 3, 3, 3, 3 ], [ 1, -2, 3, 1, 1, 1, 3, 3, 1, 1, 3, 3, 1, 3, 3, 3, 3, 1 ], 
          [ 1, 3, -2, 1, 3, 1, 1, 1, 3, 1, 1, 3, 3, 3, 1, 1, 1, 1 ], [ 3, 1, 1, -2, 3, 1, 3, 3, 3, 1, 3, 3, 1, 3, 1, 1, 1, 1 ], 
          [ 3, 1, 3, 3, -2, 3, 1, 1, 1, 3, 3, 1, 1, 1, 3, 3, 3, 1 ], [ 1, 1, 1, 1, 3, -2, 3, 3, 1, 3, 3, 3, 3, 3, 3, 3, 3, 3 ], 
          [ 3, 3, 1, 3, 1, 3, -2, 1, 3, 1, 1, 1, 1, 1, 1, 1, 1, 1 ], [ 3, 3, 1, 3, 1, 3, 1, -2, 1, 3, 1, 1, 3, 1, 1, 1, 1, 1 ], 
          [ 1, 1, 3, 3, 1, 1, 3, 1, -2, 3, 3, 1, 3, 1, 3, 3, 3, 3 ], [ 1, 1, 1, 1, 3, 3, 1, 3, 3, -2, 1, 3, 1, 3, 1, 1, 1, 1 ], 
          [ 1, 3, 1, 3, 3, 3, 1, 1, 3, 1, -2, 1, 3, 3, 1, 1, 1, 3 ], [ 3, 3, 3, 3, 1, 3, 1, 1, 1, 3, 1, -2, 3, 1, 1, 1, 3, 3 ], 
          [ 3, 1, 3, 1, 1, 3, 1, 3, 3, 1, 3, 3, -2, 1, 1, 3, 1, 1 ], [ 3, 3, 3, 3, 1, 3, 1, 1, 1, 3, 3, 1, 1, -2, 1, 3, 1, 1 ], 
          [ 3, 3, 1, 1, 3, 3, 1, 1, 3, 1, 1, 1, 1, 1, -2, 1, 1, 1 ], [ 3, 3, 1, 1, 3, 3, 1, 1, 3, 1, 1, 1, 3, 3, 1, -2, 1, 1 ], 
          [ 3, 3, 1, 1, 3, 3, 1, 1, 3, 1, 1, 3, 1, 1, 1, 1, -2, 1 ], [ 3, 1, 1, 1, 1, 3, 1, 1, 3, 1, 3, 3, 1, 1, 1, 1, 1, -2 ] ] ], 
  [ 360, [ [ -2, 1, 1, 3, 3, 1, 3, 3, 1, 1, 1, 3, 3, 3, 3, 3, 3, 1 ], [ 1, -2, 3, 1, 1, 1, 3, 3, 1, 1, 3, 3, 1, 3, 3, 3, 3, 3 ], 
          [ 1, 3, -2, 1, 3, 1, 1, 1, 3, 1, 1, 3, 3, 3, 1, 1, 1, 3 ], [ 3, 1, 1, -2, 3, 1, 3, 3, 3, 1, 3, 3, 1, 3, 1, 1, 1, 3 ], 
          [ 3, 1, 3, 3, -2, 3, 1, 1, 1, 3, 3, 1, 1, 1, 3, 3, 3, 3 ], [ 1, 1, 1, 1, 3, -2, 3, 3, 1, 3, 3, 3, 3, 3, 3, 3, 3, 1 ], 
          [ 3, 3, 1, 3, 1, 3, -2, 1, 3, 1, 1, 1, 1, 1, 1, 1, 1, 3 ], [ 3, 3, 1, 3, 1, 3, 1, -2, 1, 3, 1, 1, 3, 1, 1, 1, 1, 3 ], 
          [ 1, 1, 3, 3, 1, 1, 3, 1, -2, 3, 3, 1, 3, 1, 3, 3, 3, 1 ], [ 1, 1, 1, 1, 3, 3, 1, 3, 3, -2, 1, 3, 1, 3, 1, 1, 1, 3 ], 
          [ 1, 3, 1, 3, 3, 3, 1, 1, 3, 1, -2, 1, 3, 3, 1, 1, 1, 1 ], [ 3, 3, 3, 3, 1, 3, 1, 1, 1, 3, 1, -2, 3, 1, 1, 1, 3, 1 ], 
          [ 3, 1, 3, 1, 1, 3, 1, 3, 3, 1, 3, 3, -2, 1, 1, 3, 1, 3 ], [ 3, 3, 3, 3, 1, 3, 1, 1, 1, 3, 3, 1, 1, -2, 1, 3, 1, 3 ], 
          [ 3, 3, 1, 1, 3, 3, 1, 1, 3, 1, 1, 1, 1, 1, -2, 1, 1, 3 ], [ 3, 3, 1, 1, 3, 3, 1, 1, 3, 1, 1, 1, 3, 3, 1, -2, 1, 3 ], 
          [ 3, 3, 1, 1, 3, 3, 1, 1, 3, 1, 1, 3, 1, 1, 1, 1, -2, 3 ], [ 1, 3, 3, 3, 3, 1, 3, 3, 1, 3, 1, 1, 3, 3, 3, 3, 3, -2 ] ] ], 
  [ 360, [ [ -2, 1, 1, 3, 3, 1, 3, 3, 1, 1, 1, 3, 3, 3, 3, 3, 3, 3 ], [ 1, -2, 3, 1, 1, 1, 3, 3, 1, 1, 3, 3, 1, 3, 3, 3, 3, 1 ], 
          [ 1, 3, -2, 1, 3, 1, 1, 1, 3, 1, 1, 3, 3, 3, 1, 1, 1, 1 ], [ 3, 1, 1, -2, 3, 1, 3, 3, 3, 1, 3, 3, 1, 3, 1, 1, 1, 1 ], 
          [ 3, 1, 3, 3, -2, 3, 1, 1, 1, 3, 3, 1, 1, 1, 3, 3, 3, 1 ], [ 1, 1, 1, 1, 3, -2, 3, 3, 1, 3, 3, 3, 3, 3, 3, 3, 3, 3 ], 
          [ 3, 3, 1, 3, 1, 3, -2, 1, 3, 1, 1, 1, 1, 1, 1, 1, 1, 1 ], [ 3, 3, 1, 3, 1, 3, 1, -2, 1, 3, 1, 1, 3, 1, 1, 1, 1, 1 ], 
          [ 1, 1, 3, 3, 1, 1, 3, 1, -2, 3, 3, 1, 3, 1, 3, 3, 3, 3 ], [ 1, 1, 1, 1, 3, 3, 1, 3, 3, -2, 1, 3, 1, 3, 1, 1, 1, 1 ], 
          [ 1, 3, 1, 3, 3, 3, 1, 1, 3, 1, -2, 1, 3, 3, 1, 1, 1, 3 ], [ 3, 3, 3, 3, 1, 3, 1, 1, 1, 3, 1, -2, 3, 1, 1, 1, 3, 3 ], 
          [ 3, 1, 3, 1, 1, 3, 1, 3, 3, 1, 3, 3, -2, 1, 1, 3, 1, 1 ], [ 3, 3, 3, 3, 1, 3, 1, 1, 1, 3, 3, 1, 1, -2, 1, 3, 1, 1 ], 
          [ 3, 3, 1, 1, 3, 3, 1, 1, 3, 1, 1, 1, 1, 1, -2, 1, 1, 1 ], [ 3, 3, 1, 1, 3, 3, 1, 1, 3, 1, 1, 1, 3, 3, 1, -2, 1, 1 ], 
          [ 3, 3, 1, 1, 3, 3, 1, 1, 3, 1, 1, 3, 1, 1, 1, 1, -2, 1 ], [ 3, 1, 1, 1, 1, 3, 1, 1, 3, 1, 3, 3, 1, 1, 1, 1, 1, -2 ] ] ], 
  [ 409, [ [ -2, 1, 1, 3, 3, 1, 3, 3, 1, 1, 1, 3, 3, 3, 3, 1, 1 ], [ 1, -2, 3, 1, 1, 1, 3, 3, 1, 1, 3, 3, 1, 3, 3, 1, 1 ], 
          [ 1, 3, -2, 1, 3, 1, 1, 1, 3, 1, 1, 3, 3, 3, 1, 3, 3 ], [ 3, 1, 1, -2, 3, 1, 3, 3, 3, 1, 3, 3, 1, 3, 1, 3, 3 ], 
          [ 3, 1, 3, 3, -2, 3, 1, 1, 1, 3, 3, 1, 1, 1, 3, 1, 3 ], [ 1, 1, 1, 1, 3, -2, 3, 3, 1, 3, 3, 3, 3, 3, 3, 3, 3 ], 
          [ 3, 3, 1, 3, 1, 3, -2, 1, 3, 1, 1, 1, 1, 1, 1, 3, 3 ], [ 3, 3, 1, 3, 1, 3, 1, -2, 1, 3, 1, 1, 3, 1, 1, 1, 3 ], 
          [ 1, 1, 3, 3, 1, 1, 3, 1, -2, 3, 3, 1, 3, 1, 3, 1, 3 ], [ 1, 1, 1, 1, 3, 3, 1, 3, 3, -2, 1, 3, 1, 3, 1, 3, 1 ], 
          [ 1, 3, 1, 3, 3, 3, 1, 1, 3, 1, -2, 1, 3, 3, 1, 1, 1 ], [ 3, 3, 3, 3, 1, 3, 1, 1, 1, 3, 1, -2, 3, 1, 1, 1, 3 ], 
          [ 3, 1, 3, 1, 1, 3, 1, 3, 3, 1, 3, 3, -2, 1, 1, 3, 3 ], [ 3, 3, 3, 3, 1, 3, 1, 1, 1, 3, 3, 1, 1, -2, 1, 3, 3 ], 
          [ 3, 3, 1, 1, 3, 3, 1, 1, 3, 1, 1, 1, 1, 1, -2, 3, 3 ], [ 1, 1, 3, 3, 1, 3, 3, 1, 1, 3, 1, 1, 3, 3, 3, -2, 1 ], 
          [ 1, 1, 3, 3, 3, 3, 3, 3, 3, 1, 1, 3, 3, 3, 3, 1, -2 ] ] ], 
  [ 409, [ [ -2, 1, 1, 3, 3, 1, 3, 3, 1, 1, 1, 3, 3, 3, 3, 1, 3 ], [ 1, -2, 3, 1, 1, 1, 3, 3, 1, 1, 3, 3, 1, 3, 3, 1, 3 ], 
          [ 1, 3, -2, 1, 3, 1, 1, 1, 3, 1, 1, 3, 3, 3, 1, 3, 1 ], [ 3, 1, 1, -2, 3, 1, 3, 3, 3, 1, 3, 3, 1, 3, 1, 3, 1 ], 
          [ 3, 1, 3, 3, -2, 3, 1, 1, 1, 3, 3, 1, 1, 1, 3, 1, 1 ], [ 1, 1, 1, 1, 3, -2, 3, 3, 1, 3, 3, 3, 3, 3, 3, 3, 1 ], 
          [ 3, 3, 1, 3, 1, 3, -2, 1, 3, 1, 1, 1, 1, 1, 1, 3, 1 ], [ 3, 3, 1, 3, 1, 3, 1, -2, 1, 3, 1, 1, 3, 1, 1, 1, 1 ], 
          [ 1, 1, 3, 3, 1, 1, 3, 1, -2, 3, 3, 1, 3, 1, 3, 1, 1 ], [ 1, 1, 1, 1, 3, 3, 1, 3, 3, -2, 1, 3, 1, 3, 1, 3, 3 ], 
          [ 1, 3, 1, 3, 3, 3, 1, 1, 3, 1, -2, 1, 3, 3, 1, 1, 3 ], [ 3, 3, 3, 3, 1, 3, 1, 1, 1, 3, 1, -2, 3, 1, 1, 1, 1 ], 
          [ 3, 1, 3, 1, 1, 3, 1, 3, 3, 1, 3, 3, -2, 1, 1, 3, 1 ], [ 3, 3, 3, 3, 1, 3, 1, 1, 1, 3, 3, 1, 1, -2, 1, 3, 1 ], 
          [ 3, 3, 1, 1, 3, 3, 1, 1, 3, 1, 1, 1, 1, 1, -2, 3, 1 ], [ 1, 1, 3, 3, 1, 3, 3, 1, 1, 3, 1, 1, 3, 3, 3, -2, 3 ], 
          [ 3, 3, 1, 1, 1, 1, 1, 1, 1, 3, 3, 1, 1, 1, 1, 3, -2 ] ] ], [ 342, [ [ -2, 1, 1, 3, 3, 1, 3, 3, 1, 1, 1, 3, 3, 3, 3, 3, 1 ], 
          [ 1, -2, 3, 1, 1, 1, 3, 3, 1, 1, 3, 3, 1, 3, 1, 3, 3 ], [ 1, 3, -2, 1, 3, 1, 1, 1, 3, 1, 1, 3, 3, 3, 3, 1, 1 ], 
          [ 3, 1, 1, -2, 3, 1, 3, 3, 3, 1, 3, 3, 1, 3, 1, 1, 3 ], [ 3, 1, 3, 3, -2, 3, 1, 1, 1, 3, 3, 1, 1, 1, 1, 3, 1 ], 
          [ 1, 1, 1, 1, 3, -2, 3, 3, 1, 3, 3, 3, 3, 3, 3, 3, 1 ], [ 3, 3, 1, 3, 1, 3, -2, 1, 3, 1, 1, 1, 1, 1, 3, 1, 1 ], 
          [ 3, 3, 1, 3, 1, 3, 1, -2, 1, 3, 1, 1, 3, 1, 1, 1, 1 ], [ 1, 1, 3, 3, 1, 1, 3, 1, -2, 3, 3, 1, 3, 1, 1, 3, 1 ], 
          [ 1, 1, 1, 1, 3, 3, 1, 3, 3, -2, 1, 3, 1, 3, 3, 1, 3 ], [ 1, 3, 1, 3, 3, 3, 1, 1, 3, 1, -2, 1, 3, 3, 3, 1, 1 ], 
          [ 3, 3, 3, 3, 1, 3, 1, 1, 1, 3, 1, -2, 3, 1, 1, 1, 1 ], [ 3, 1, 3, 1, 1, 3, 1, 3, 3, 1, 3, 3, -2, 1, 1, 1, 3 ], 
          [ 3, 3, 3, 3, 1, 3, 1, 1, 1, 3, 3, 1, 1, -2, 1, 1, 1 ], [ 3, 1, 3, 1, 1, 3, 3, 1, 1, 3, 3, 1, 1, 1, -2, 1, 3 ], 
          [ 3, 3, 1, 1, 3, 3, 1, 1, 3, 1, 1, 1, 1, 1, 1, -2, 3 ], [ 1, 3, 1, 3, 1, 1, 1, 1, 1, 3, 1, 1, 3, 1, 3, 3, -2 ] ] ], 
  [ 312, [ [ -2, 1, 1, 3, 3, 1, 3, 3, 1, 1, 1, 3, 3, 3, 3, 1, 1 ], [ 1, -2, 3, 1, 1, 1, 3, 3, 1, 1, 3, 3, 1, 3, 1, 3, 1 ], 
          [ 1, 3, -2, 1, 3, 1, 1, 1, 3, 1, 1, 3, 3, 3, 3, 3, 1 ], [ 3, 1, 1, -2, 3, 1, 3, 3, 3, 1, 3, 3, 1, 3, 1, 3, 1 ], 
          [ 3, 1, 3, 3, -2, 3, 1, 1, 1, 3, 3, 1, 1, 1, 1, 3, 3 ], [ 1, 1, 1, 1, 3, -2, 3, 3, 1, 3, 3, 3, 3, 3, 3, 1, 1 ], 
          [ 3, 3, 1, 3, 1, 3, -2, 1, 3, 1, 1, 1, 1, 1, 3, 3, 3 ], [ 3, 3, 1, 3, 1, 3, 1, -2, 1, 3, 1, 1, 3, 1, 1, 3, 3 ], 
          [ 1, 1, 3, 3, 1, 1, 3, 1, -2, 3, 3, 1, 3, 1, 1, 1, 3 ], [ 1, 1, 1, 1, 3, 3, 1, 3, 3, -2, 1, 3, 1, 3, 3, 3, 1 ], 
          [ 1, 3, 1, 3, 3, 3, 1, 1, 3, 1, -2, 1, 3, 3, 3, 1, 3 ], [ 3, 3, 3, 3, 1, 3, 1, 1, 1, 3, 1, -2, 3, 1, 1, 1, 3 ], 
          [ 3, 1, 3, 1, 1, 3, 1, 3, 3, 1, 3, 3, -2, 1, 1, 3, 3 ], [ 3, 3, 3, 3, 1, 3, 1, 1, 1, 3, 3, 1, 1, -2, 1, 3, 3 ], 
          [ 3, 1, 3, 1, 1, 3, 3, 1, 1, 3, 3, 1, 1, 1, -2, 3, 3 ], [ 1, 3, 3, 3, 3, 1, 3, 3, 1, 3, 1, 1, 3, 3, 3, -2, 3 ], 
          [ 1, 1, 1, 1, 3, 1, 3, 3, 3, 1, 3, 3, 3, 3, 3, 3, -2 ] ] ], 
  [ 464, [ [ -2, 1, 1, 3, 3, 1, 3, 3, 1, 1, 1, 3, 3, 3, 3, 3, 1 ], [ 1, -2, 3, 1, 1, 1, 3, 3, 1, 1, 3, 3, 1, 3, 1, 1, 3 ], 
          [ 1, 3, -2, 1, 3, 1, 1, 1, 3, 1, 1, 3, 3, 3, 3, 3, 1 ], [ 3, 1, 1, -2, 3, 1, 3, 3, 3, 1, 3, 3, 1, 3, 1, 1, 3 ], 
          [ 3, 1, 3, 3, -2, 3, 1, 1, 1, 3, 3, 1, 1, 1, 1, 3, 3 ], [ 1, 1, 1, 1, 3, -2, 3, 3, 1, 3, 3, 3, 3, 3, 3, 1, 3 ], 
          [ 3, 3, 1, 3, 1, 3, -2, 1, 3, 1, 1, 1, 1, 1, 3, 3, 1 ], [ 3, 3, 1, 3, 1, 3, 1, -2, 1, 3, 1, 1, 3, 1, 1, 3, 1 ], 
          [ 1, 1, 3, 3, 1, 1, 3, 1, -2, 3, 3, 1, 3, 1, 1, 3, 3 ], [ 1, 1, 1, 1, 3, 3, 1, 3, 3, -2, 1, 3, 1, 3, 3, 3, 1 ], 
          [ 1, 3, 1, 3, 3, 3, 1, 1, 3, 1, -2, 1, 3, 3, 3, 3, 1 ], [ 3, 3, 3, 3, 1, 3, 1, 1, 1, 3, 1, -2, 3, 1, 1, 3, 3 ], 
          [ 3, 1, 3, 1, 1, 3, 1, 3, 3, 1, 3, 3, -2, 1, 1, 1, 1 ], [ 3, 3, 3, 3, 1, 3, 1, 1, 1, 3, 3, 1, 1, -2, 1, 3, 1 ], 
          [ 3, 1, 3, 1, 1, 3, 3, 1, 1, 3, 3, 1, 1, 1, -2, 1, 3 ], [ 3, 1, 3, 1, 3, 1, 3, 3, 3, 3, 3, 3, 1, 3, 1, -2, 3 ], 
          [ 1, 3, 1, 3, 3, 3, 1, 1, 3, 1, 1, 3, 1, 1, 3, 3, -2 ] ] ], [ 464, [ [ -2, 1, 1, 3, 3, 1, 3, 3, 1, 1, 1, 3, 3, 3, 3, 3, 1 ], 
          [ 1, -2, 3, 1, 1, 1, 3, 3, 1, 1, 3, 3, 1, 3, 1, 1, 3 ], [ 1, 3, -2, 1, 3, 1, 1, 1, 3, 1, 1, 3, 3, 3, 3, 3, 1 ], 
          [ 3, 1, 1, -2, 3, 1, 3, 3, 3, 1, 3, 3, 1, 3, 1, 1, 3 ], [ 3, 1, 3, 3, -2, 3, 1, 1, 1, 3, 3, 1, 1, 1, 1, 3, 3 ], 
          [ 1, 1, 1, 1, 3, -2, 3, 3, 1, 3, 3, 3, 3, 3, 3, 1, 3 ], [ 3, 3, 1, 3, 1, 3, -2, 1, 3, 1, 1, 1, 1, 1, 3, 3, 1 ], 
          [ 3, 3, 1, 3, 1, 3, 1, -2, 1, 3, 1, 1, 3, 1, 1, 3, 1 ], [ 1, 1, 3, 3, 1, 1, 3, 1, -2, 3, 3, 1, 3, 1, 1, 3, 3 ], 
          [ 1, 1, 1, 1, 3, 3, 1, 3, 3, -2, 1, 3, 1, 3, 3, 3, 1 ], [ 1, 3, 1, 3, 3, 3, 1, 1, 3, 1, -2, 1, 3, 3, 3, 3, 1 ], 
          [ 3, 3, 3, 3, 1, 3, 1, 1, 1, 3, 1, -2, 3, 1, 1, 3, 3 ], [ 3, 1, 3, 1, 1, 3, 1, 3, 3, 1, 3, 3, -2, 1, 1, 1, 1 ], 
          [ 3, 3, 3, 3, 1, 3, 1, 1, 1, 3, 3, 1, 1, -2, 1, 3, 1 ], [ 3, 1, 3, 1, 1, 3, 3, 1, 1, 3, 3, 1, 1, 1, -2, 1, 3 ], 
          [ 3, 1, 3, 1, 3, 1, 3, 3, 3, 3, 3, 3, 1, 3, 1, -2, 3 ], [ 1, 3, 1, 3, 3, 3, 1, 1, 3, 1, 1, 3, 1, 1, 3, 3, -2 ] ] ], 
  [ 392, [ [ -2, 1, 1, 3, 3, 1, 3, 3, 1, 1, 1, 3, 3, 3, 3, 3 ], [ 1, -2, 3, 1, 1, 1, 3, 3, 1, 1, 3, 3, 1, 3, 3, 3 ], 
          [ 1, 3, -2, 1, 3, 1, 1, 1, 3, 1, 1, 3, 3, 3, 3, 1 ], [ 3, 1, 1, -2, 3, 1, 3, 3, 3, 1, 3, 3, 1, 3, 1, 1 ], 
          [ 3, 1, 3, 3, -2, 3, 1, 1, 1, 3, 3, 1, 1, 1, 3, 3 ], [ 1, 1, 1, 1, 3, -2, 3, 3, 1, 3, 3, 3, 3, 3, 3, 1 ], 
          [ 3, 3, 1, 3, 1, 3, -2, 1, 3, 1, 1, 1, 1, 1, 3, 1 ], [ 3, 3, 1, 3, 1, 3, 1, -2, 1, 3, 1, 1, 3, 1, 3, 3 ], 
          [ 1, 1, 3, 3, 1, 1, 3, 1, -2, 3, 3, 1, 3, 1, 3, 3 ], [ 1, 1, 1, 1, 3, 3, 1, 3, 3, -2, 1, 3, 1, 3, 1, 1 ], 
          [ 1, 3, 1, 3, 3, 3, 1, 1, 3, 1, -2, 1, 3, 3, 3, 3 ], [ 3, 3, 3, 3, 1, 3, 1, 1, 1, 3, 1, -2, 3, 1, 3, 3 ], 
          [ 3, 1, 3, 1, 1, 3, 1, 3, 3, 1, 3, 3, -2, 1, 1, 1 ], [ 3, 3, 3, 3, 1, 3, 1, 1, 1, 3, 3, 1, 1, -2, 1, 3 ], 
          [ 3, 3, 3, 1, 3, 3, 3, 3, 3, 1, 3, 3, 1, 1, -2, 1 ], [ 3, 3, 1, 1, 3, 1, 1, 3, 3, 1, 3, 3, 1, 3, 1, -2 ] ] ], 
  [ 541, [ [ -2, 1, 1, 3, 3, 1, 3, 3, 1, 1, 1, 3, 3, 3, 3, 1, 3 ], [ 1, -2, 3, 1, 1, 1, 3, 3, 1, 1, 3, 3, 1, 3, 3, 1, 1 ], 
          [ 1, 3, -2, 1, 3, 1, 1, 1, 3, 1, 1, 3, 3, 3, 3, 1, 3 ], [ 3, 1, 1, -2, 3, 1, 3, 3, 3, 1, 3, 3, 1, 3, 1, 1, 1 ], 
          [ 3, 1, 3, 3, -2, 3, 1, 1, 1, 3, 3, 1, 1, 1, 3, 3, 1 ], [ 1, 1, 1, 1, 3, -2, 3, 3, 1, 3, 3, 3, 3, 3, 3, 1, 1 ], 
          [ 3, 3, 1, 3, 1, 3, -2, 1, 3, 1, 1, 1, 1, 1, 3, 1, 3 ], [ 3, 3, 1, 3, 1, 3, 1, -2, 1, 3, 1, 1, 3, 1, 3, 3, 3 ], 
          [ 1, 1, 3, 3, 1, 1, 3, 1, -2, 3, 3, 1, 3, 1, 3, 3, 1 ], [ 1, 1, 1, 1, 3, 3, 1, 3, 3, -2, 1, 3, 1, 3, 1, 1, 3 ], 
          [ 1, 3, 1, 3, 3, 3, 1, 1, 3, 1, -2, 1, 3, 3, 3, 1, 3 ], [ 3, 3, 3, 3, 1, 3, 1, 1, 1, 3, 1, -2, 3, 1, 3, 3, 1 ], 
          [ 3, 1, 3, 1, 1, 3, 1, 3, 3, 1, 3, 3, -2, 1, 1, 1, 3 ], [ 3, 3, 3, 3, 1, 3, 1, 1, 1, 3, 3, 1, 1, -2, 1, 3, 3 ], 
          [ 3, 3, 3, 1, 3, 3, 3, 3, 3, 1, 3, 3, 1, 1, -2, 3, 3 ], [ 1, 1, 1, 1, 3, 1, 1, 3, 3, 1, 1, 3, 1, 3, 3, -2, 3 ], 
          [ 3, 1, 3, 1, 1, 1, 3, 3, 1, 3, 3, 1, 3, 3, 3, 3, -2 ] ] ], 
  [ 327, [ [ -2, 1, 1, 3, 3, 1, 3, 3, 1, 1, 1, 3, 3, 3, 3, 1, 1 ], [ 1, -2, 3, 1, 1, 1, 3, 3, 1, 1, 3, 3, 1, 3, 3, 1, 1 ], 
          [ 1, 3, -2, 1, 3, 1, 1, 1, 3, 1, 1, 3, 3, 3, 3, 3, 1 ], [ 3, 1, 1, -2, 3, 1, 3, 3, 3, 1, 3, 3, 1, 3, 1, 3, 1 ], 
          [ 3, 1, 3, 3, -2, 3, 1, 1, 1, 3, 3, 1, 1, 1, 3, 1, 3 ], [ 1, 1, 1, 1, 3, -2, 3, 3, 1, 3, 3, 3, 3, 3, 3, 1, 1 ], 
          [ 3, 3, 1, 3, 1, 3, -2, 1, 3, 1, 1, 1, 1, 1, 3, 3, 1 ], [ 3, 3, 1, 3, 1, 3, 1, -2, 1, 3, 1, 1, 3, 1, 3, 3, 3 ], 
          [ 1, 1, 3, 3, 1, 1, 3, 1, -2, 3, 3, 1, 3, 1, 3, 1, 3 ], [ 1, 1, 1, 1, 3, 3, 1, 3, 3, -2, 1, 3, 1, 3, 1, 3, 1 ], 
          [ 1, 3, 1, 3, 3, 3, 1, 1, 3, 1, -2, 1, 3, 3, 3, 3, 1 ], [ 3, 3, 3, 3, 1, 3, 1, 1, 1, 3, 1, -2, 3, 1, 3, 1, 3 ], 
          [ 3, 1, 3, 1, 1, 3, 1, 3, 3, 1, 3, 3, -2, 1, 1, 3, 1 ], [ 3, 3, 3, 3, 1, 3, 1, 1, 1, 3, 3, 1, 1, -2, 1, 3, 3 ], 
          [ 3, 3, 3, 1, 3, 3, 3, 3, 3, 1, 3, 3, 1, 1, -2, 3, 3 ], [ 1, 1, 3, 3, 1, 1, 3, 3, 1, 3, 3, 1, 3, 3, 3, -2, 3 ], 
          [ 1, 1, 1, 1, 3, 1, 1, 3, 3, 1, 1, 3, 1, 3, 3, 3, -2 ] ] ], [ 729, [ [ -2, 1, 1, 3, 3, 1, 3, 3, 1, 1, 1, 3, 3, 3, 3, 1, 1, 1 ], 
          [ 1, -2, 3, 1, 1, 1, 3, 3, 1, 1, 3, 3, 1, 3, 3, 1, 1, 3 ], [ 1, 3, -2, 1, 3, 1, 1, 1, 3, 1, 1, 3, 3, 3, 3, 3, 1, 1 ], 
          [ 3, 1, 1, -2, 3, 1, 3, 3, 3, 1, 3, 3, 1, 3, 1, 3, 1, 3 ], [ 3, 1, 3, 3, -2, 3, 1, 1, 1, 3, 3, 1, 1, 1, 3, 1, 3, 3 ], 
          [ 1, 1, 1, 1, 3, -2, 3, 3, 1, 3, 3, 3, 3, 3, 3, 1, 1, 3 ], [ 3, 3, 1, 3, 1, 3, -2, 1, 3, 1, 1, 1, 1, 1, 3, 3, 1, 1 ], 
          [ 3, 3, 1, 3, 1, 3, 1, -2, 1, 3, 1, 1, 3, 1, 3, 3, 3, 1 ], [ 1, 1, 3, 3, 1, 1, 3, 1, -2, 3, 3, 1, 3, 1, 3, 1, 3, 3 ], 
          [ 1, 1, 1, 1, 3, 3, 1, 3, 3, -2, 1, 3, 1, 3, 1, 3, 1, 1 ], [ 1, 3, 1, 3, 3, 3, 1, 1, 3, 1, -2, 1, 3, 3, 3, 3, 1, 1 ], 
          [ 3, 3, 3, 3, 1, 3, 1, 1, 1, 3, 1, -2, 3, 1, 3, 1, 3, 3 ], [ 3, 1, 3, 1, 1, 3, 1, 3, 3, 1, 3, 3, -2, 1, 1, 3, 1, 1 ], 
          [ 3, 3, 3, 3, 1, 3, 1, 1, 1, 3, 3, 1, 1, -2, 1, 3, 3, 1 ], [ 3, 3, 3, 1, 3, 3, 3, 3, 3, 1, 3, 3, 1, 1, -2, 3, 3, 1 ], 
          [ 1, 1, 3, 3, 1, 1, 3, 3, 1, 3, 3, 1, 3, 3, 3, -2, 3, 3 ], [ 1, 1, 1, 1, 3, 1, 1, 3, 3, 1, 1, 3, 1, 3, 3, 3, -2, 1 ], 
          [ 1, 3, 1, 3, 3, 3, 1, 1, 3, 1, 1, 3, 1, 1, 1, 3, 1, -2 ] ] ], 
  [ 370, [ [ -2, 1, 1, 3, 3, 1, 3, 3, 1, 1, 1, 3, 3, 3, 3, 3 ], [ 1, -2, 3, 1, 1, 1, 3, 3, 1, 1, 3, 3, 1, 3, 3, 3 ], 
          [ 1, 3, -2, 1, 3, 1, 1, 1, 3, 1, 1, 3, 3, 3, 3, 3 ], [ 3, 1, 1, -2, 3, 1, 3, 3, 3, 1, 3, 3, 1, 3, 1, 1 ], 
          [ 3, 1, 3, 3, -2, 3, 1, 1, 1, 3, 3, 1, 1, 1, 3, 3 ], [ 1, 1, 1, 1, 3, -2, 3, 3, 1, 3, 3, 3, 3, 3, 3, 1 ], 
          [ 3, 3, 1, 3, 1, 3, -2, 1, 3, 1, 1, 1, 1, 1, 3, 3 ], [ 3, 3, 1, 3, 1, 3, 1, -2, 1, 3, 1, 1, 3, 1, 3, 3 ], 
          [ 1, 1, 3, 3, 1, 1, 3, 1, -2, 3, 3, 1, 3, 1, 3, 1 ], [ 1, 1, 1, 1, 3, 3, 1, 3, 3, -2, 1, 3, 1, 3, 1, 3 ], 
          [ 1, 3, 1, 3, 3, 3, 1, 1, 3, 1, -2, 1, 3, 3, 3, 3 ], [ 3, 3, 3, 3, 1, 3, 1, 1, 1, 3, 1, -2, 3, 1, 3, 1 ], 
          [ 3, 1, 3, 1, 1, 3, 1, 3, 3, 1, 3, 3, -2, 1, 1, 3 ], [ 3, 3, 3, 3, 1, 3, 1, 1, 1, 3, 3, 1, 1, -2, 1, 1 ], 
          [ 3, 3, 3, 1, 3, 3, 3, 3, 3, 1, 3, 3, 1, 1, -2, 1 ], [ 3, 3, 3, 1, 3, 1, 3, 3, 1, 3, 3, 1, 3, 1, 1, -2 ] ] ], 
  [ 363, [ [ -2, 1, 1, 3, 3, 1, 3, 3, 1, 1, 1, 3, 3, 3, 3, 3 ], [ 1, -2, 3, 1, 1, 1, 3, 3, 1, 1, 3, 3, 1, 3, 3, 3 ], 
          [ 1, 3, -2, 1, 3, 1, 1, 1, 3, 1, 1, 3, 3, 3, 3, 1 ], [ 3, 1, 1, -2, 3, 1, 3, 3, 3, 1, 3, 3, 1, 3, 1, 1 ], 
          [ 3, 1, 3, 3, -2, 3, 1, 1, 1, 3, 3, 1, 1, 1, 3, 3 ], [ 1, 1, 1, 1, 3, -2, 3, 3, 1, 3, 3, 3, 3, 3, 3, 3 ], 
          [ 3, 3, 1, 3, 1, 3, -2, 1, 3, 1, 1, 1, 1, 1, 3, 1 ], [ 3, 3, 1, 3, 1, 3, 1, -2, 1, 3, 1, 1, 3, 1, 3, 1 ], 
          [ 1, 1, 3, 3, 1, 1, 3, 1, -2, 3, 3, 1, 3, 1, 3, 3 ], [ 1, 1, 1, 1, 3, 3, 1, 3, 3, -2, 1, 3, 1, 3, 1, 1 ], 
          [ 1, 3, 1, 3, 3, 3, 1, 1, 3, 1, -2, 1, 3, 3, 3, 1 ], [ 3, 3, 3, 3, 1, 3, 1, 1, 1, 3, 1, -2, 3, 1, 3, 1 ], 
          [ 3, 1, 3, 1, 1, 3, 1, 3, 3, 1, 3, 3, -2, 1, 1, 3 ], [ 3, 3, 3, 3, 1, 3, 1, 1, 1, 3, 3, 1, 1, -2, 1, 1 ], 
          [ 3, 3, 3, 1, 3, 3, 3, 3, 3, 1, 3, 3, 1, 1, -2, 1 ], [ 3, 3, 1, 1, 3, 3, 1, 1, 3, 1, 1, 1, 3, 1, 1, -2 ] ] ], 
  [ 787, [ [ -2, 1, 1, 3, 3, 1, 3, 3, 1, 1, 1, 3, 3, 3, 3, 3, 1 ], [ 1, -2, 3, 1, 1, 1, 3, 3, 1, 1, 3, 3, 1, 3, 3, 3, 1 ], 
          [ 1, 3, -2, 1, 3, 1, 1, 1, 3, 1, 1, 3, 3, 3, 3, 1, 1 ], [ 3, 1, 1, -2, 3, 1, 3, 3, 3, 1, 3, 3, 1, 3, 1, 1, 1 ], 
          [ 3, 1, 3, 3, -2, 3, 1, 1, 1, 3, 3, 1, 1, 1, 3, 3, 3 ], [ 1, 1, 1, 1, 3, -2, 3, 3, 1, 3, 3, 3, 3, 3, 3, 3, 1 ], 
          [ 3, 3, 1, 3, 1, 3, -2, 1, 3, 1, 1, 1, 1, 1, 3, 1, 3 ], [ 3, 3, 1, 3, 1, 3, 1, -2, 1, 3, 1, 1, 3, 1, 3, 1, 3 ], 
          [ 1, 1, 3, 3, 1, 1, 3, 1, -2, 3, 3, 1, 3, 1, 3, 3, 3 ], [ 1, 1, 1, 1, 3, 3, 1, 3, 3, -2, 1, 3, 1, 3, 1, 1, 1 ], 
          [ 1, 3, 1, 3, 3, 3, 1, 1, 3, 1, -2, 1, 3, 3, 3, 1, 3 ], [ 3, 3, 3, 3, 1, 3, 1, 1, 1, 3, 1, -2, 3, 1, 3, 1, 3 ], 
          [ 3, 1, 3, 1, 1, 3, 1, 3, 3, 1, 3, 3, -2, 1, 1, 3, 3 ], [ 3, 3, 3, 3, 1, 3, 1, 1, 1, 3, 3, 1, 1, -2, 1, 1, 3 ], 
          [ 3, 3, 3, 1, 3, 3, 3, 3, 3, 1, 3, 3, 1, 1, -2, 1, 1 ], [ 3, 3, 1, 1, 3, 3, 1, 1, 3, 1, 1, 1, 3, 1, 1, -2, 1 ], 
          [ 1, 1, 1, 1, 3, 1, 3, 3, 3, 1, 3, 3, 3, 3, 1, 1, -2 ] ] ], [ 363, [ [ -2, 1, 1, 3, 3, 1, 3, 3, 1, 1, 1, 3, 3, 3, 3, 1 ], 
          [ 1, -2, 3, 1, 1, 1, 3, 3, 1, 1, 3, 3, 1, 3, 3, 1 ], [ 1, 3, -2, 1, 3, 1, 1, 1, 3, 1, 1, 3, 3, 3, 3, 3 ], 
          [ 3, 1, 1, -2, 3, 1, 3, 3, 3, 1, 3, 3, 1, 3, 1, 3 ], [ 3, 1, 3, 3, -2, 3, 1, 1, 1, 3, 3, 1, 1, 1, 3, 1 ], 
          [ 1, 1, 1, 1, 3, -2, 3, 3, 1, 3, 3, 3, 3, 3, 3, 1 ], [ 3, 3, 1, 3, 1, 3, -2, 1, 3, 1, 1, 1, 1, 1, 3, 3 ], 
          [ 3, 3, 1, 3, 1, 3, 1, -2, 1, 3, 1, 1, 3, 1, 3, 3 ], [ 1, 1, 3, 3, 1, 1, 3, 1, -2, 3, 3, 1, 3, 1, 3, 1 ], 
          [ 1, 1, 1, 1, 3, 3, 1, 3, 3, -2, 1, 3, 1, 3, 1, 3 ], [ 1, 3, 1, 3, 3, 3, 1, 1, 3, 1, -2, 1, 3, 3, 3, 3 ], 
          [ 3, 3, 3, 3, 1, 3, 1, 1, 1, 3, 1, -2, 3, 1, 3, 3 ], [ 3, 1, 3, 1, 1, 3, 1, 3, 3, 1, 3, 3, -2, 1, 1, 1 ], 
          [ 3, 3, 3, 3, 1, 3, 1, 1, 1, 3, 3, 1, 1, -2, 1, 3 ], [ 3, 3, 3, 1, 3, 3, 3, 3, 3, 1, 3, 3, 1, 1, -2, 3 ], 
          [ 1, 1, 3, 3, 1, 1, 3, 3, 1, 3, 3, 3, 1, 3, 3, -2 ] ] ], [ 779, [ [ -2, 1, 1, 3, 3, 1, 3, 3, 1, 1, 1, 3, 3, 3, 3, 1, 3 ], 
          [ 1, -2, 3, 1, 1, 1, 3, 3, 1, 1, 3, 3, 1, 3, 3, 1, 3 ], [ 1, 3, -2, 1, 3, 1, 1, 1, 3, 1, 1, 3, 3, 3, 3, 3, 1 ], 
          [ 3, 1, 1, -2, 3, 1, 3, 3, 3, 1, 3, 3, 1, 3, 1, 3, 1 ], [ 3, 1, 3, 3, -2, 3, 1, 1, 1, 3, 3, 1, 1, 1, 3, 1, 3 ], 
          [ 1, 1, 1, 1, 3, -2, 3, 3, 1, 3, 3, 3, 3, 3, 3, 1, 1 ], [ 3, 3, 1, 3, 1, 3, -2, 1, 3, 1, 1, 1, 1, 1, 3, 3, 1 ], 
          [ 3, 3, 1, 3, 1, 3, 1, -2, 1, 3, 1, 1, 3, 1, 3, 3, 1 ], [ 1, 1, 3, 3, 1, 1, 3, 1, -2, 3, 3, 1, 3, 1, 3, 1, 3 ], 
          [ 1, 1, 1, 1, 3, 3, 1, 3, 3, -2, 1, 3, 1, 3, 1, 3, 3 ], [ 1, 3, 1, 3, 3, 3, 1, 1, 3, 1, -2, 1, 3, 3, 3, 3, 1 ], 
          [ 3, 3, 3, 3, 1, 3, 1, 1, 1, 3, 1, -2, 3, 1, 3, 3, 1 ], [ 3, 1, 3, 1, 1, 3, 1, 3, 3, 1, 3, 3, -2, 1, 1, 1, 3 ], 
          [ 3, 3, 3, 3, 1, 3, 1, 1, 1, 3, 3, 1, 1, -2, 1, 3, 3 ], [ 3, 3, 3, 1, 3, 3, 3, 3, 3, 1, 3, 3, 1, 1, -2, 3, 3 ], 
          [ 1, 1, 3, 3, 1, 1, 3, 3, 1, 3, 3, 3, 1, 3, 3, -2, 3 ], [ 3, 3, 1, 1, 3, 1, 1, 1, 3, 3, 1, 1, 3, 3, 3, 3, -2 ] ] ], 
  [ 787, [ [ -2, 1, 1, 3, 3, 1, 3, 3, 1, 1, 1, 3, 3, 3, 3, 1, 1 ], [ 1, -2, 3, 1, 1, 1, 3, 3, 1, 1, 3, 3, 1, 3, 3, 1, 1 ], 
          [ 1, 3, -2, 1, 3, 1, 1, 1, 3, 1, 1, 3, 3, 3, 3, 3, 1 ], [ 3, 1, 1, -2, 3, 1, 3, 3, 3, 1, 3, 3, 1, 3, 1, 3, 1 ], 
          [ 3, 1, 3, 3, -2, 3, 1, 1, 1, 3, 3, 1, 1, 1, 3, 1, 3 ], [ 1, 1, 1, 1, 3, -2, 3, 3, 1, 3, 3, 3, 3, 3, 3, 1, 1 ], 
          [ 3, 3, 1, 3, 1, 3, -2, 1, 3, 1, 1, 1, 1, 1, 3, 3, 3 ], [ 3, 3, 1, 3, 1, 3, 1, -2, 1, 3, 1, 1, 3, 1, 3, 3, 3 ], 
          [ 1, 1, 3, 3, 1, 1, 3, 1, -2, 3, 3, 1, 3, 1, 3, 1, 3 ], [ 1, 1, 1, 1, 3, 3, 1, 3, 3, -2, 1, 3, 1, 3, 1, 3, 1 ], 
          [ 1, 3, 1, 3, 3, 3, 1, 1, 3, 1, -2, 1, 3, 3, 3, 3, 3 ], [ 3, 3, 3, 3, 1, 3, 1, 1, 1, 3, 1, -2, 3, 1, 3, 3, 3 ], 
          [ 3, 1, 3, 1, 1, 3, 1, 3, 3, 1, 3, 3, -2, 1, 1, 1, 3 ], [ 3, 3, 3, 3, 1, 3, 1, 1, 1, 3, 3, 1, 1, -2, 1, 3, 3 ], 
          [ 3, 3, 3, 1, 3, 3, 3, 3, 3, 1, 3, 3, 1, 1, -2, 3, 1 ], [ 1, 1, 3, 3, 1, 1, 3, 3, 1, 3, 3, 3, 1, 3, 3, -2, 3 ], 
          [ 1, 1, 1, 1, 3, 1, 3, 3, 3, 1, 3, 3, 3, 3, 1, 3, -2 ] ] ], 
  [ 779, [ [ -2, 1, 1, 3, 3, 1, 3, 3, 1, 1, 1, 3, 3, 3, 3, 1, 3 ], [ 1, -2, 3, 1, 1, 1, 3, 3, 1, 1, 3, 3, 1, 3, 3, 1, 3 ], 
          [ 1, 3, -2, 1, 3, 1, 1, 1, 3, 1, 1, 3, 3, 3, 3, 3, 1 ], [ 3, 1, 1, -2, 3, 1, 3, 3, 3, 1, 3, 3, 1, 3, 1, 3, 1 ], 
          [ 3, 1, 3, 3, -2, 3, 1, 1, 1, 3, 3, 1, 1, 1, 3, 1, 3 ], [ 1, 1, 1, 1, 3, -2, 3, 3, 1, 3, 3, 3, 3, 3, 3, 1, 1 ], 
          [ 3, 3, 1, 3, 1, 3, -2, 1, 3, 1, 1, 1, 1, 1, 3, 3, 1 ], [ 3, 3, 1, 3, 1, 3, 1, -2, 1, 3, 1, 1, 3, 1, 3, 3, 1 ], 
          [ 1, 1, 3, 3, 1, 1, 3, 1, -2, 3, 3, 1, 3, 1, 3, 1, 3 ], [ 1, 1, 1, 1, 3, 3, 1, 3, 3, -2, 1, 3, 1, 3, 1, 3, 3 ], 
          [ 1, 3, 1, 3, 3, 3, 1, 1, 3, 1, -2, 1, 3, 3, 3, 3, 1 ], [ 3, 3, 3, 3, 1, 3, 1, 1, 1, 3, 1, -2, 3, 1, 3, 3, 1 ], 
          [ 3, 1, 3, 1, 1, 3, 1, 3, 3, 1, 3, 3, -2, 1, 1, 1, 3 ], [ 3, 3, 3, 3, 1, 3, 1, 1, 1, 3, 3, 1, 1, -2, 1, 3, 3 ], 
          [ 3, 3, 3, 1, 3, 3, 3, 3, 3, 1, 3, 3, 1, 1, -2, 3, 3 ], [ 1, 1, 3, 3, 1, 1, 3, 3, 1, 3, 3, 3, 1, 3, 3, -2, 3 ], 
          [ 3, 3, 1, 1, 3, 1, 1, 1, 3, 3, 1, 1, 3, 3, 3, 3, -2 ] ] ], [ 331, [ [ -2, 1, 1, 3, 3, 1, 3, 3, 1, 1, 1, 3, 3, 3, 3, 3, 1 ], 
          [ 1, -2, 3, 1, 1, 1, 3, 3, 1, 1, 3, 3, 1, 3, 3, 3, 3 ], [ 1, 3, -2, 1, 3, 1, 1, 1, 3, 1, 1, 3, 3, 3, 3, 1, 1 ], 
          [ 3, 1, 1, -2, 3, 1, 3, 3, 3, 1, 3, 3, 1, 3, 3, 1, 3 ], [ 3, 1, 3, 3, -2, 3, 1, 1, 1, 3, 3, 1, 1, 1, 1, 3, 3 ], 
          [ 1, 1, 1, 1, 3, -2, 3, 3, 1, 3, 3, 3, 3, 3, 3, 3, 3 ], [ 3, 3, 1, 3, 1, 3, -2, 1, 3, 1, 1, 1, 1, 1, 1, 1, 1 ], 
          [ 3, 3, 1, 3, 1, 3, 1, -2, 1, 3, 1, 1, 3, 1, 1, 1, 1 ], [ 1, 1, 3, 3, 1, 1, 3, 1, -2, 3, 3, 1, 3, 1, 1, 3, 1 ], 
          [ 1, 1, 1, 1, 3, 3, 1, 3, 3, -2, 1, 3, 1, 3, 3, 1, 1 ], [ 1, 3, 1, 3, 3, 3, 1, 1, 3, 1, -2, 1, 3, 3, 1, 1, 1 ], 
          [ 3, 3, 3, 3, 1, 3, 1, 1, 1, 3, 1, -2, 3, 1, 1, 3, 1 ], [ 3, 1, 3, 1, 1, 3, 1, 3, 3, 1, 3, 3, -2, 1, 1, 1, 3 ], 
          [ 3, 3, 3, 3, 1, 3, 1, 1, 1, 3, 3, 1, 1, -2, 1, 1, 1 ], [ 3, 3, 3, 3, 1, 3, 1, 1, 1, 3, 1, 1, 1, 1, -2, 1, 1 ], 
          [ 3, 3, 1, 1, 3, 3, 1, 1, 3, 1, 1, 3, 1, 1, 1, -2, 1 ], [ 1, 3, 1, 3, 3, 3, 1, 1, 1, 1, 1, 1, 3, 1, 1, 1, -2 ] ] ], 
  [ 414, [ [ -2, 1, 1, 3, 3, 1, 3, 3, 1, 1, 1, 3, 3, 3, 3, 3, 3, 3 ], [ 1, -2, 3, 1, 1, 1, 3, 3, 1, 1, 3, 3, 1, 3, 3, 1, 3, 1 ], 
          [ 1, 3, -2, 1, 3, 1, 1, 1, 3, 1, 1, 3, 3, 3, 3, 1, 1, 3 ], [ 3, 1, 1, -2, 3, 1, 3, 3, 3, 1, 3, 3, 1, 3, 3, 1, 1, 1 ], 
          [ 3, 1, 3, 3, -2, 3, 1, 1, 1, 3, 3, 1, 1, 1, 1, 1, 3, 1 ], [ 1, 1, 1, 1, 3, -2, 3, 3, 1, 3, 3, 3, 3, 3, 3, 3, 3, 3 ], 
          [ 3, 3, 1, 3, 1, 3, -2, 1, 3, 1, 1, 1, 1, 1, 1, 1, 1, 3 ], [ 3, 3, 1, 3, 1, 3, 1, -2, 1, 3, 1, 1, 3, 1, 1, 1, 1, 3 ], 
          [ 1, 1, 3, 3, 1, 1, 3, 1, -2, 3, 3, 1, 3, 1, 1, 3, 3, 3 ], [ 1, 1, 1, 1, 3, 3, 1, 3, 3, -2, 1, 3, 1, 3, 3, 1, 1, 1 ], 
          [ 1, 3, 1, 3, 3, 3, 1, 1, 3, 1, -2, 1, 3, 3, 1, 3, 1, 3 ], [ 3, 3, 3, 3, 1, 3, 1, 1, 1, 3, 1, -2, 3, 1, 1, 3, 3, 3 ], 
          [ 3, 1, 3, 1, 1, 3, 1, 3, 3, 1, 3, 3, -2, 1, 1, 1, 1, 1 ], [ 3, 3, 3, 3, 1, 3, 1, 1, 1, 3, 3, 1, 1, -2, 1, 1, 1, 3 ], 
          [ 3, 3, 3, 3, 1, 3, 1, 1, 1, 3, 1, 1, 1, 1, -2, 3, 1, 3 ], [ 3, 1, 1, 1, 1, 3, 1, 1, 3, 1, 3, 3, 1, 1, 3, -2, 1, 1 ], 
          [ 3, 3, 1, 1, 3, 3, 1, 1, 3, 1, 1, 3, 1, 1, 1, 1, -2, 3 ], [ 3, 1, 3, 1, 1, 3, 3, 3, 3, 1, 3, 3, 1, 3, 3, 1, 3, -2 ] ] ], 
  [ 444, [ [ -2, 1, 1, 3, 3, 1, 3, 3, 1, 1, 1, 3, 3, 3, 3, 1 ], [ 1, -2, 3, 1, 1, 1, 3, 3, 1, 1, 3, 3, 1, 3, 3, 1 ], 
          [ 1, 3, -2, 1, 3, 1, 1, 1, 3, 1, 1, 3, 3, 3, 3, 1 ], [ 3, 1, 1, -2, 3, 1, 3, 3, 3, 1, 3, 3, 1, 3, 3, 3 ], 
          [ 3, 1, 3, 3, -2, 3, 1, 1, 1, 3, 3, 1, 1, 1, 1, 1 ], [ 1, 1, 1, 1, 3, -2, 3, 3, 1, 3, 3, 3, 3, 3, 3, 1 ], 
          [ 3, 3, 1, 3, 1, 3, -2, 1, 3, 1, 1, 1, 1, 1, 1, 1 ], [ 3, 3, 1, 3, 1, 3, 1, -2, 1, 3, 1, 1, 3, 1, 1, 1 ], 
          [ 1, 1, 3, 3, 1, 1, 3, 1, -2, 3, 3, 1, 3, 1, 1, 1 ], [ 1, 1, 1, 1, 3, 3, 1, 3, 3, -2, 1, 3, 1, 3, 3, 3 ], 
          [ 1, 3, 1, 3, 3, 3, 1, 1, 3, 1, -2, 1, 3, 3, 1, 1 ], [ 3, 3, 3, 3, 1, 3, 1, 1, 1, 3, 1, -2, 3, 1, 1, 1 ], 
          [ 3, 1, 3, 1, 1, 3, 1, 3, 3, 1, 3, 3, -2, 1, 1, 3 ], [ 3, 3, 3, 3, 1, 3, 1, 1, 1, 3, 3, 1, 1, -2, 1, 3 ], 
          [ 3, 3, 3, 3, 1, 3, 1, 1, 1, 3, 1, 1, 1, 1, -2, 1 ], [ 1, 1, 1, 3, 1, 1, 1, 1, 1, 3, 1, 1, 3, 3, 1, -2 ] ] ], 
  [ 496, [ [ -2, 1, 1, 3, 3, 1, 3, 3, 1, 1, 1, 3, 3, 3, 3, 1, 1 ], [ 1, -2, 3, 1, 1, 1, 3, 3, 1, 1, 3, 3, 1, 3, 3, 3, 3 ], 
          [ 1, 3, -2, 1, 3, 1, 1, 1, 3, 1, 1, 3, 3, 3, 3, 1, 1 ], [ 3, 1, 1, -2, 3, 1, 3, 3, 3, 1, 3, 3, 1, 3, 3, 3, 3 ], 
          [ 3, 1, 3, 3, -2, 3, 1, 1, 1, 3, 3, 1, 1, 1, 1, 3, 1 ], [ 1, 1, 1, 1, 3, -2, 3, 3, 1, 3, 3, 3, 3, 3, 3, 1, 1 ], 
          [ 3, 3, 1, 3, 1, 3, -2, 1, 3, 1, 1, 1, 1, 1, 1, 1, 1 ], [ 3, 3, 1, 3, 1, 3, 1, -2, 1, 3, 1, 1, 3, 1, 1, 3, 1 ], 
          [ 1, 1, 3, 3, 1, 1, 3, 1, -2, 3, 3, 1, 3, 1, 1, 3, 1 ], [ 1, 1, 1, 1, 3, 3, 1, 3, 3, -2, 1, 3, 1, 3, 3, 1, 3 ], 
          [ 1, 3, 1, 3, 3, 3, 1, 1, 3, 1, -2, 1, 3, 3, 1, 1, 1 ], [ 3, 3, 3, 3, 1, 3, 1, 1, 1, 3, 1, -2, 3, 1, 1, 3, 1 ], 
          [ 3, 1, 3, 1, 1, 3, 1, 3, 3, 1, 3, 3, -2, 1, 1, 3, 3 ], [ 3, 3, 3, 3, 1, 3, 1, 1, 1, 3, 3, 1, 1, -2, 1, 3, 1 ], 
          [ 3, 3, 3, 3, 1, 3, 1, 1, 1, 3, 1, 1, 1, 1, -2, 3, 1 ], [ 1, 3, 1, 3, 3, 1, 1, 3, 3, 1, 1, 3, 3, 3, 3, -2, 1 ], 
          [ 1, 3, 1, 3, 1, 1, 1, 1, 1, 3, 1, 1, 3, 1, 1, 1, -2 ] ] ], [ 496, [ [ -2, 1, 1, 3, 3, 1, 3, 3, 1, 1, 1, 3, 3, 3, 3, 1, 1 ], 
          [ 1, -2, 3, 1, 1, 1, 3, 3, 1, 1, 3, 3, 1, 3, 3, 3, 3 ], [ 1, 3, -2, 1, 3, 1, 1, 1, 3, 1, 1, 3, 3, 3, 3, 1, 1 ], 
          [ 3, 1, 1, -2, 3, 1, 3, 3, 3, 1, 3, 3, 1, 3, 3, 3, 3 ], [ 3, 1, 3, 3, -2, 3, 1, 1, 1, 3, 3, 1, 1, 1, 1, 3, 1 ], 
          [ 1, 1, 1, 1, 3, -2, 3, 3, 1, 3, 3, 3, 3, 3, 3, 1, 1 ], [ 3, 3, 1, 3, 1, 3, -2, 1, 3, 1, 1, 1, 1, 1, 1, 1, 1 ], 
          [ 3, 3, 1, 3, 1, 3, 1, -2, 1, 3, 1, 1, 3, 1, 1, 3, 1 ], [ 1, 1, 3, 3, 1, 1, 3, 1, -2, 3, 3, 1, 3, 1, 1, 3, 1 ], 
          [ 1, 1, 1, 1, 3, 3, 1, 3, 3, -2, 1, 3, 1, 3, 3, 1, 3 ], [ 1, 3, 1, 3, 3, 3, 1, 1, 3, 1, -2, 1, 3, 3, 1, 1, 1 ], 
          [ 3, 3, 3, 3, 1, 3, 1, 1, 1, 3, 1, -2, 3, 1, 1, 3, 1 ], [ 3, 1, 3, 1, 1, 3, 1, 3, 3, 1, 3, 3, -2, 1, 1, 3, 3 ], 
          [ 3, 3, 3, 3, 1, 3, 1, 1, 1, 3, 3, 1, 1, -2, 1, 3, 1 ], [ 3, 3, 3, 3, 1, 3, 1, 1, 1, 3, 1, 1, 1, 1, -2, 3, 1 ], 
          [ 1, 3, 1, 3, 3, 1, 1, 3, 3, 1, 1, 3, 3, 3, 3, -2, 1 ], [ 1, 3, 1, 3, 1, 1, 1, 1, 1, 3, 1, 1, 3, 1, 1, 1, -2 ] ] ], 
  [ 322, [ [ -2, 1, 1, 3, 3, 1, 3, 3, 1, 1, 1, 3, 3, 3, 3, 1, 1 ], [ 1, -2, 3, 1, 1, 1, 3, 3, 1, 1, 3, 3, 1, 3, 3, 1, 3 ], 
          [ 1, 3, -2, 1, 3, 1, 1, 1, 3, 1, 1, 3, 3, 3, 3, 1, 3 ], [ 3, 1, 1, -2, 3, 1, 3, 3, 3, 1, 3, 3, 1, 3, 3, 1, 3 ], 
          [ 3, 1, 3, 3, -2, 3, 1, 1, 1, 3, 3, 1, 1, 1, 1, 3, 3 ], [ 1, 1, 1, 1, 3, -2, 3, 3, 1, 3, 3, 3, 3, 3, 3, 1, 1 ], 
          [ 3, 3, 1, 3, 1, 3, -2, 1, 3, 1, 1, 1, 1, 1, 1, 3, 3 ], [ 3, 3, 1, 3, 1, 3, 1, -2, 1, 3, 1, 1, 3, 1, 1, 3, 3 ], 
          [ 1, 1, 3, 3, 1, 1, 3, 1, -2, 3, 3, 1, 3, 1, 1, 3, 1 ], [ 1, 1, 1, 1, 3, 3, 1, 3, 3, -2, 1, 3, 1, 3, 3, 1, 3 ], 
          [ 1, 3, 1, 3, 3, 3, 1, 1, 3, 1, -2, 1, 3, 3, 1, 1, 1 ], [ 3, 3, 3, 3, 1, 3, 1, 1, 1, 3, 1, -2, 3, 1, 1, 3, 1 ], 
          [ 3, 1, 3, 1, 1, 3, 1, 3, 3, 1, 3, 3, -2, 1, 1, 3, 3 ], [ 3, 3, 3, 3, 1, 3, 1, 1, 1, 3, 3, 1, 1, -2, 1, 3, 1 ], 
          [ 3, 3, 3, 3, 1, 3, 1, 1, 1, 3, 1, 1, 1, 1, -2, 3, 1 ], [ 1, 1, 1, 1, 3, 1, 3, 3, 3, 1, 1, 3, 3, 3, 3, -2, 1 ], 
          [ 1, 3, 3, 3, 3, 1, 3, 3, 1, 3, 1, 1, 3, 1, 1, 1, -2 ] ] ], 
  [ 555, [ [ -2, 1, 1, 3, 3, 1, 3, 3, 1, 1, 1, 3, 3, 3, 3, 1, 1, 3 ], [ 1, -2, 3, 1, 1, 1, 3, 3, 1, 1, 3, 3, 1, 3, 3, 1, 3, 1 ], 
          [ 1, 3, -2, 1, 3, 1, 1, 1, 3, 1, 1, 3, 3, 3, 3, 1, 3, 3 ], [ 3, 1, 1, -2, 3, 1, 3, 3, 3, 1, 3, 3, 1, 3, 3, 1, 3, 1 ], 
          [ 3, 1, 3, 3, -2, 3, 1, 1, 1, 3, 3, 1, 1, 1, 1, 3, 3, 1 ], [ 1, 1, 1, 1, 3, -2, 3, 3, 1, 3, 3, 3, 3, 3, 3, 1, 1, 3 ], 
          [ 3, 3, 1, 3, 1, 3, -2, 1, 3, 1, 1, 1, 1, 1, 1, 3, 3, 3 ], [ 3, 3, 1, 3, 1, 3, 1, -2, 1, 3, 1, 1, 3, 1, 1, 3, 3, 3 ], 
          [ 1, 1, 3, 3, 1, 1, 3, 1, -2, 3, 3, 1, 3, 1, 1, 3, 1, 3 ], [ 1, 1, 1, 1, 3, 3, 1, 3, 3, -2, 1, 3, 1, 3, 3, 1, 3, 1 ], 
          [ 1, 3, 1, 3, 3, 3, 1, 1, 3, 1, -2, 1, 3, 3, 1, 1, 1, 3 ], [ 3, 3, 3, 3, 1, 3, 1, 1, 1, 3, 1, -2, 3, 1, 1, 3, 1, 3 ], 
          [ 3, 1, 3, 1, 1, 3, 1, 3, 3, 1, 3, 3, -2, 1, 1, 3, 3, 1 ], [ 3, 3, 3, 3, 1, 3, 1, 1, 1, 3, 3, 1, 1, -2, 1, 3, 1, 3 ], 
          [ 3, 3, 3, 3, 1, 3, 1, 1, 1, 3, 1, 1, 1, 1, -2, 3, 1, 3 ], [ 1, 1, 1, 1, 3, 1, 3, 3, 3, 1, 1, 3, 3, 3, 3, -2, 1, 1 ], 
          [ 1, 3, 3, 3, 3, 1, 3, 3, 1, 3, 1, 1, 3, 1, 1, 1, -2, 3 ], [ 3, 1, 3, 1, 1, 3, 3, 3, 3, 1, 3, 3, 1, 3, 3, 1, 3, -2 ] ] ], 
  [ 632, [ [ -2, 1, 1, 3, 3, 1, 3, 3, 1, 1, 1, 3, 3, 3, 3, 1, 1, 3 ], [ 1, -2, 3, 1, 1, 1, 3, 3, 1, 1, 3, 3, 1, 3, 3, 1, 3, 1 ], 
          [ 1, 3, -2, 1, 3, 1, 1, 1, 3, 1, 1, 3, 3, 3, 3, 1, 3, 3 ], [ 3, 1, 1, -2, 3, 1, 3, 3, 3, 1, 3, 3, 1, 3, 3, 1, 3, 1 ], 
          [ 3, 1, 3, 3, -2, 3, 1, 1, 1, 3, 3, 1, 1, 1, 1, 3, 3, 1 ], [ 1, 1, 1, 1, 3, -2, 3, 3, 1, 3, 3, 3, 3, 3, 3, 1, 1, 3 ], 
          [ 3, 3, 1, 3, 1, 3, -2, 1, 3, 1, 1, 1, 1, 1, 1, 3, 3, 3 ], [ 3, 3, 1, 3, 1, 3, 1, -2, 1, 3, 1, 1, 3, 1, 1, 3, 3, 1 ], 
          [ 1, 1, 3, 3, 1, 1, 3, 1, -2, 3, 3, 1, 3, 1, 1, 3, 1, 1 ], [ 1, 1, 1, 1, 3, 3, 1, 3, 3, -2, 1, 3, 1, 3, 3, 1, 3, 3 ], 
          [ 1, 3, 1, 3, 3, 3, 1, 1, 3, 1, -2, 1, 3, 3, 1, 1, 1, 3 ], [ 3, 3, 3, 3, 1, 3, 1, 1, 1, 3, 1, -2, 3, 1, 1, 3, 1, 1 ], 
          [ 3, 1, 3, 1, 1, 3, 1, 3, 3, 1, 3, 3, -2, 1, 1, 3, 3, 1 ], [ 3, 3, 3, 3, 1, 3, 1, 1, 1, 3, 3, 1, 1, -2, 1, 3, 1, 1 ], 
          [ 3, 3, 3, 3, 1, 3, 1, 1, 1, 3, 1, 1, 1, 1, -2, 3, 1, 1 ], [ 1, 1, 1, 1, 3, 1, 3, 3, 3, 1, 1, 3, 3, 3, 3, -2, 1, 3 ], 
          [ 1, 3, 3, 3, 3, 1, 3, 3, 1, 3, 1, 1, 3, 1, 1, 1, -2, 3 ], [ 3, 1, 3, 1, 1, 3, 3, 1, 1, 3, 3, 1, 1, 1, 1, 3, 3, -2 ] ] ], 
  [ 327, [ [ -2, 1, 1, 3, 3, 1, 3, 3, 1, 1, 1, 3, 3, 3, 3, 1, 1 ], [ 1, -2, 3, 1, 1, 1, 3, 3, 1, 1, 3, 3, 1, 3, 3, 1, 3 ], 
          [ 1, 3, -2, 1, 3, 1, 1, 1, 3, 1, 1, 3, 3, 3, 3, 1, 1 ], [ 3, 1, 1, -2, 3, 1, 3, 3, 3, 1, 3, 3, 1, 3, 3, 1, 3 ], 
          [ 3, 1, 3, 3, -2, 3, 1, 1, 1, 3, 3, 1, 1, 1, 1, 3, 3 ], [ 1, 1, 1, 1, 3, -2, 3, 3, 1, 3, 3, 3, 3, 3, 3, 1, 1 ], 
          [ 3, 3, 1, 3, 1, 3, -2, 1, 3, 1, 1, 1, 1, 1, 1, 3, 1 ], [ 3, 3, 1, 3, 1, 3, 1, -2, 1, 3, 1, 1, 3, 1, 1, 3, 1 ], 
          [ 1, 1, 3, 3, 1, 1, 3, 1, -2, 3, 3, 1, 3, 1, 1, 3, 1 ], [ 1, 1, 1, 1, 3, 3, 1, 3, 3, -2, 1, 3, 1, 3, 3, 1, 3 ], 
          [ 1, 3, 1, 3, 3, 3, 1, 1, 3, 1, -2, 1, 3, 3, 1, 1, 1 ], [ 3, 3, 3, 3, 1, 3, 1, 1, 1, 3, 1, -2, 3, 1, 1, 3, 1 ], 
          [ 3, 1, 3, 1, 1, 3, 1, 3, 3, 1, 3, 3, -2, 1, 1, 3, 3 ], [ 3, 3, 3, 3, 1, 3, 1, 1, 1, 3, 3, 1, 1, -2, 1, 3, 1 ], 
          [ 3, 3, 3, 3, 1, 3, 1, 1, 1, 3, 1, 1, 1, 1, -2, 3, 1 ], [ 1, 1, 1, 1, 3, 1, 3, 3, 3, 1, 1, 3, 3, 3, 3, -2, 3 ], 
          [ 1, 3, 1, 3, 3, 1, 1, 1, 1, 3, 1, 1, 3, 1, 1, 3, -2 ] ] ], 
  [ 555, [ [ -2, 1, 1, 3, 3, 1, 3, 3, 1, 1, 1, 3, 3, 3, 3, 1, 1, 3 ], [ 1, -2, 3, 1, 1, 1, 3, 3, 1, 1, 3, 3, 1, 3, 3, 1, 3, 1 ], 
          [ 1, 3, -2, 1, 3, 1, 1, 1, 3, 1, 1, 3, 3, 3, 3, 1, 1, 1 ], [ 3, 1, 1, -2, 3, 1, 3, 3, 3, 1, 3, 3, 1, 3, 3, 1, 3, 1 ], 
          [ 3, 1, 3, 3, -2, 3, 1, 1, 1, 3, 3, 1, 1, 1, 1, 3, 3, 1 ], [ 1, 1, 1, 1, 3, -2, 3, 3, 1, 3, 3, 3, 3, 3, 3, 1, 1, 3 ], 
          [ 3, 3, 1, 3, 1, 3, -2, 1, 3, 1, 1, 1, 1, 1, 1, 3, 1, 1 ], [ 3, 3, 1, 3, 1, 3, 1, -2, 1, 3, 1, 1, 3, 1, 1, 3, 1, 1 ], 
          [ 1, 1, 3, 3, 1, 1, 3, 1, -2, 3, 3, 1, 3, 1, 1, 3, 1, 3 ], [ 1, 1, 1, 1, 3, 3, 1, 3, 3, -2, 1, 3, 1, 3, 3, 1, 3, 1 ], 
          [ 1, 3, 1, 3, 3, 3, 1, 1, 3, 1, -2, 1, 3, 3, 1, 1, 1, 3 ], [ 3, 3, 3, 3, 1, 3, 1, 1, 1, 3, 1, -2, 3, 1, 1, 3, 1, 3 ], 
          [ 3, 1, 3, 1, 1, 3, 1, 3, 3, 1, 3, 3, -2, 1, 1, 3, 3, 1 ], [ 3, 3, 3, 3, 1, 3, 1, 1, 1, 3, 3, 1, 1, -2, 1, 3, 1, 3 ], 
          [ 3, 3, 3, 3, 1, 3, 1, 1, 1, 3, 1, 1, 1, 1, -2, 3, 1, 3 ], [ 1, 1, 1, 1, 3, 1, 3, 3, 3, 1, 1, 3, 3, 3, 3, -2, 3, 3 ], 
          [ 1, 3, 1, 3, 3, 1, 1, 1, 1, 3, 1, 1, 3, 1, 1, 3, -2, 3 ], [ 3, 1, 1, 1, 1, 3, 1, 1, 3, 1, 3, 3, 1, 3, 3, 3, 3, -2 ] ] ], 
  [ 555, [ [ -2, 1, 1, 3, 3, 1, 3, 3, 1, 1, 1, 3, 3, 3, 3, 1, 1, 3 ], [ 1, -2, 3, 1, 1, 1, 3, 3, 1, 1, 3, 3, 1, 3, 3, 1, 3, 1 ], 
          [ 1, 3, -2, 1, 3, 1, 1, 1, 3, 1, 1, 3, 3, 3, 3, 1, 1, 1 ], [ 3, 1, 1, -2, 3, 1, 3, 3, 3, 1, 3, 3, 1, 3, 3, 1, 3, 1 ], 
          [ 3, 1, 3, 3, -2, 3, 1, 1, 1, 3, 3, 1, 1, 1, 1, 3, 3, 1 ], [ 1, 1, 1, 1, 3, -2, 3, 3, 1, 3, 3, 3, 3, 3, 3, 1, 1, 3 ], 
          [ 3, 3, 1, 3, 1, 3, -2, 1, 3, 1, 1, 1, 1, 1, 1, 3, 1, 1 ], [ 3, 3, 1, 3, 1, 3, 1, -2, 1, 3, 1, 1, 3, 1, 1, 3, 1, 1 ], 
          [ 1, 1, 3, 3, 1, 1, 3, 1, -2, 3, 3, 1, 3, 1, 1, 3, 1, 3 ], [ 1, 1, 1, 1, 3, 3, 1, 3, 3, -2, 1, 3, 1, 3, 3, 1, 3, 1 ], 
          [ 1, 3, 1, 3, 3, 3, 1, 1, 3, 1, -2, 1, 3, 3, 1, 1, 1, 3 ], [ 3, 3, 3, 3, 1, 3, 1, 1, 1, 3, 1, -2, 3, 1, 1, 3, 1, 3 ], 
          [ 3, 1, 3, 1, 1, 3, 1, 3, 3, 1, 3, 3, -2, 1, 1, 3, 3, 1 ], [ 3, 3, 3, 3, 1, 3, 1, 1, 1, 3, 3, 1, 1, -2, 1, 3, 1, 1 ], 
          [ 3, 3, 3, 3, 1, 3, 1, 1, 1, 3, 1, 1, 1, 1, -2, 3, 1, 3 ], [ 1, 1, 1, 1, 3, 1, 3, 3, 3, 1, 1, 3, 3, 3, 3, -2, 3, 1 ], 
          [ 1, 3, 1, 3, 3, 1, 1, 1, 1, 3, 1, 1, 3, 1, 1, 3, -2, 3 ], [ 3, 1, 1, 1, 1, 3, 1, 1, 3, 1, 3, 3, 1, 1, 3, 1, 3, -2 ] ] ], 
  [ 555, [ [ -2, 1, 1, 3, 3, 1, 3, 3, 1, 1, 1, 3, 3, 3, 3, 1, 1, 3 ], [ 1, -2, 3, 1, 1, 1, 3, 3, 1, 1, 3, 3, 1, 3, 3, 1, 3, 1 ], 
          [ 1, 3, -2, 1, 3, 1, 1, 1, 3, 1, 1, 3, 3, 3, 3, 1, 1, 1 ], [ 3, 1, 1, -2, 3, 1, 3, 3, 3, 1, 3, 3, 1, 3, 3, 1, 3, 1 ], 
          [ 3, 1, 3, 3, -2, 3, 1, 1, 1, 3, 3, 1, 1, 1, 1, 3, 3, 1 ], [ 1, 1, 1, 1, 3, -2, 3, 3, 1, 3, 3, 3, 3, 3, 3, 1, 1, 3 ], 
          [ 3, 3, 1, 3, 1, 3, -2, 1, 3, 1, 1, 1, 1, 1, 1, 3, 1, 1 ], [ 3, 3, 1, 3, 1, 3, 1, -2, 1, 3, 1, 1, 3, 1, 1, 3, 1, 1 ], 
          [ 1, 1, 3, 3, 1, 1, 3, 1, -2, 3, 3, 1, 3, 1, 1, 3, 1, 3 ], [ 1, 1, 1, 1, 3, 3, 1, 3, 3, -2, 1, 3, 1, 3, 3, 1, 3, 1 ], 
          [ 1, 3, 1, 3, 3, 3, 1, 1, 3, 1, -2, 1, 3, 3, 1, 1, 1, 3 ], [ 3, 3, 3, 3, 1, 3, 1, 1, 1, 3, 1, -2, 3, 1, 1, 3, 1, 3 ], 
          [ 3, 1, 3, 1, 1, 3, 1, 3, 3, 1, 3, 3, -2, 1, 1, 3, 3, 1 ], [ 3, 3, 3, 3, 1, 3, 1, 1, 1, 3, 3, 1, 1, -2, 1, 3, 1, 1 ], 
          [ 3, 3, 3, 3, 1, 3, 1, 1, 1, 3, 1, 1, 1, 1, -2, 3, 1, 3 ], [ 1, 1, 1, 1, 3, 1, 3, 3, 3, 1, 1, 3, 3, 3, 3, -2, 3, 1 ], 
          [ 1, 3, 1, 3, 3, 1, 1, 1, 1, 3, 1, 1, 3, 1, 1, 3, -2, 3 ], [ 3, 1, 1, 1, 1, 3, 1, 1, 3, 1, 3, 3, 1, 1, 3, 1, 3, -2 ] ] ], 
  [ 321, [ [ -2, 1, 1, 3, 3, 1, 3, 3, 1, 1, 1, 3, 3, 3, 3, 1 ], [ 1, -2, 3, 1, 1, 1, 3, 3, 1, 1, 3, 3, 1, 3, 3, 3 ], 
          [ 1, 3, -2, 1, 3, 1, 1, 1, 3, 1, 1, 3, 3, 3, 3, 1 ], [ 3, 1, 1, -2, 3, 1, 3, 3, 3, 1, 3, 3, 1, 3, 3, 3 ], 
          [ 3, 1, 3, 3, -2, 3, 1, 1, 1, 3, 3, 1, 1, 1, 1, 3 ], [ 1, 1, 1, 1, 3, -2, 3, 3, 1, 3, 3, 3, 3, 3, 3, 1 ], 
          [ 3, 3, 1, 3, 1, 3, -2, 1, 3, 1, 1, 1, 1, 1, 1, 3 ], [ 3, 3, 1, 3, 1, 3, 1, -2, 1, 3, 1, 1, 3, 1, 1, 1 ], 
          [ 1, 1, 3, 3, 1, 1, 3, 1, -2, 3, 3, 1, 3, 1, 1, 1 ], [ 1, 1, 1, 1, 3, 3, 1, 3, 3, -2, 1, 3, 1, 3, 3, 3 ], 
          [ 1, 3, 1, 3, 3, 3, 1, 1, 3, 1, -2, 1, 3, 3, 1, 1 ], [ 3, 3, 3, 3, 1, 3, 1, 1, 1, 3, 1, -2, 3, 1, 1, 3 ], 
          [ 3, 1, 3, 1, 1, 3, 1, 3, 3, 1, 3, 3, -2, 1, 1, 3 ], [ 3, 3, 3, 3, 1, 3, 1, 1, 1, 3, 3, 1, 1, -2, 1, 3 ], 
          [ 3, 3, 3, 3, 1, 3, 1, 1, 1, 3, 1, 1, 1, 1, -2, 1 ], [ 1, 3, 1, 3, 3, 1, 3, 1, 1, 3, 1, 3, 3, 3, 1, -2 ] ] ], 
  [ 399, [ [ -2, 1, 1, 3, 3, 1, 3, 3, 1, 1, 1, 3, 3, 3, 3, 1, 1 ], [ 1, -2, 3, 1, 1, 1, 3, 3, 1, 1, 3, 3, 1, 3, 3, 3, 3 ], 
          [ 1, 3, -2, 1, 3, 1, 1, 1, 3, 1, 1, 3, 3, 3, 3, 1, 1 ], [ 3, 1, 1, -2, 3, 1, 3, 3, 3, 1, 3, 3, 1, 3, 3, 3, 3 ], 
          [ 3, 1, 3, 3, -2, 3, 1, 1, 1, 3, 3, 1, 1, 1, 1, 3, 3 ], [ 1, 1, 1, 1, 3, -2, 3, 3, 1, 3, 3, 3, 3, 3, 3, 1, 1 ], 
          [ 3, 3, 1, 3, 1, 3, -2, 1, 3, 1, 1, 1, 1, 1, 1, 3, 1 ], [ 3, 3, 1, 3, 1, 3, 1, -2, 1, 3, 1, 1, 3, 1, 1, 1, 1 ], 
          [ 1, 1, 3, 3, 1, 1, 3, 1, -2, 3, 3, 1, 3, 1, 1, 1, 1 ], [ 1, 1, 1, 1, 3, 3, 1, 3, 3, -2, 1, 3, 1, 3, 3, 3, 3 ], 
          [ 1, 3, 1, 3, 3, 3, 1, 1, 3, 1, -2, 1, 3, 3, 1, 1, 1 ], [ 3, 3, 3, 3, 1, 3, 1, 1, 1, 3, 1, -2, 3, 1, 1, 3, 1 ], 
          [ 3, 1, 3, 1, 1, 3, 1, 3, 3, 1, 3, 3, -2, 1, 1, 3, 3 ], [ 3, 3, 3, 3, 1, 3, 1, 1, 1, 3, 3, 1, 1, -2, 1, 3, 1 ], 
          [ 3, 3, 3, 3, 1, 3, 1, 1, 1, 3, 1, 1, 1, 1, -2, 1, 1 ], [ 1, 3, 1, 3, 3, 1, 3, 1, 1, 3, 1, 3, 3, 3, 1, -2, 1 ], 
          [ 1, 3, 1, 3, 3, 1, 1, 1, 1, 3, 1, 1, 3, 1, 1, 1, -2 ] ] ], 
  [ 387, [ [ -2, 1, 1, 3, 3, 1, 3, 3, 1, 1, 1, 3, 3, 3, 1, 1, 1, 3 ], [ 1, -2, 3, 1, 1, 1, 3, 3, 1, 1, 3, 3, 1, 3, 1, 1, 1, 1 ], 
          [ 1, 3, -2, 1, 3, 1, 1, 1, 3, 1, 1, 3, 3, 3, 3, 1, 1, 3 ], [ 3, 1, 1, -2, 3, 1, 3, 3, 3, 1, 3, 3, 1, 3, 3, 1, 1, 1 ], 
          [ 3, 1, 3, 3, -2, 3, 1, 1, 1, 3, 3, 1, 1, 1, 1, 3, 3, 1 ], [ 1, 1, 1, 1, 3, -2, 3, 3, 1, 3, 3, 3, 3, 3, 1, 1, 1, 1 ], 
          [ 3, 3, 1, 3, 1, 3, -2, 1, 3, 1, 1, 1, 1, 1, 3, 1, 3, 3 ], [ 3, 3, 1, 3, 1, 3, 1, -2, 1, 3, 1, 1, 3, 1, 3, 3, 1, 3 ], 
          [ 1, 1, 3, 3, 1, 1, 3, 1, -2, 3, 3, 1, 3, 1, 1, 3, 1, 3 ], [ 1, 1, 1, 1, 3, 3, 1, 3, 3, -2, 1, 3, 1, 3, 3, 1, 1, 3 ], 
          [ 1, 3, 1, 3, 3, 3, 1, 1, 3, 1, -2, 1, 3, 3, 3, 1, 1, 3 ], [ 3, 3, 3, 3, 1, 3, 1, 1, 1, 3, 1, -2, 3, 1, 1, 3, 3, 3 ], 
          [ 3, 1, 3, 1, 1, 3, 1, 3, 3, 1, 3, 3, -2, 1, 3, 1, 3, 1 ], [ 3, 3, 3, 3, 1, 3, 1, 1, 1, 3, 3, 1, 1, -2, 3, 3, 3, 3 ], 
          [ 1, 1, 3, 3, 1, 1, 3, 3, 1, 3, 3, 1, 3, 3, -2, 3, 3, 1 ], [ 1, 1, 1, 1, 3, 1, 1, 3, 3, 1, 1, 3, 1, 3, 3, -2, 1, 3 ], 
          [ 1, 1, 1, 1, 3, 1, 3, 1, 1, 1, 1, 3, 3, 3, 3, 1, -2, 3 ], [ 3, 1, 3, 1, 1, 1, 3, 3, 3, 3, 3, 3, 1, 3, 1, 3, 3, -2 ] ] ], 
  [ 358, [ [ -2, 1, 1, 3, 3, 1, 3, 3, 1, 1, 1, 3, 3, 3, 1, 1, 1, 1 ], [ 1, -2, 3, 1, 1, 1, 3, 3, 1, 1, 3, 3, 1, 3, 1, 1, 1, 3 ], 
          [ 1, 3, -2, 1, 3, 1, 1, 1, 3, 1, 1, 3, 3, 3, 3, 1, 1, 1 ], [ 3, 1, 1, -2, 3, 1, 3, 3, 3, 1, 3, 3, 1, 3, 3, 1, 1, 3 ], 
          [ 3, 1, 3, 3, -2, 3, 1, 1, 1, 3, 3, 1, 1, 1, 1, 3, 3, 3 ], [ 1, 1, 1, 1, 3, -2, 3, 3, 1, 3, 3, 3, 3, 3, 1, 1, 1, 1 ], 
          [ 3, 3, 1, 3, 1, 3, -2, 1, 3, 1, 1, 1, 1, 1, 3, 1, 3, 1 ], [ 3, 3, 1, 3, 1, 3, 1, -2, 1, 3, 1, 1, 3, 1, 3, 3, 1, 1 ], 
          [ 1, 1, 3, 3, 1, 1, 3, 1, -2, 3, 3, 1, 3, 1, 1, 3, 1, 1 ], [ 1, 1, 1, 1, 3, 3, 1, 3, 3, -2, 1, 3, 1, 3, 3, 1, 1, 3 ], 
          [ 1, 3, 1, 3, 3, 3, 1, 1, 3, 1, -2, 1, 3, 3, 3, 1, 1, 1 ], [ 3, 3, 3, 3, 1, 3, 1, 1, 1, 3, 1, -2, 3, 1, 1, 3, 3, 1 ], 
          [ 3, 1, 3, 1, 1, 3, 1, 3, 3, 1, 3, 3, -2, 1, 3, 1, 3, 3 ], [ 3, 3, 3, 3, 1, 3, 1, 1, 1, 3, 3, 1, 1, -2, 3, 3, 3, 1 ], 
          [ 1, 1, 3, 3, 1, 1, 3, 3, 1, 3, 3, 1, 3, 3, -2, 3, 3, 3 ], [ 1, 1, 1, 1, 3, 1, 1, 3, 3, 1, 1, 3, 1, 3, 3, -2, 1, 1 ], 
          [ 1, 1, 1, 1, 3, 1, 3, 1, 1, 1, 1, 3, 3, 3, 3, 1, -2, 1 ], [ 1, 3, 1, 3, 3, 1, 1, 1, 1, 3, 1, 1, 3, 1, 3, 1, 1, -2 ] ] ], 
  [ 387, [ [ -2, 1, 1, 3, 3, 1, 3, 3, 1, 1, 1, 3, 3, 3, 1, 1, 1, 1 ], [ 1, -2, 3, 1, 1, 1, 3, 3, 1, 1, 3, 3, 1, 3, 1, 1, 1, 3 ], 
          [ 1, 3, -2, 1, 3, 1, 1, 1, 3, 1, 1, 3, 3, 3, 3, 1, 1, 1 ], [ 3, 1, 1, -2, 3, 1, 3, 3, 3, 1, 3, 3, 1, 3, 3, 1, 1, 3 ], 
          [ 3, 1, 3, 3, -2, 3, 1, 1, 1, 3, 3, 1, 1, 1, 1, 3, 3, 3 ], [ 1, 1, 1, 1, 3, -2, 3, 3, 1, 3, 3, 3, 3, 3, 1, 1, 1, 3 ], 
          [ 3, 3, 1, 3, 1, 3, -2, 1, 3, 1, 1, 1, 1, 1, 3, 1, 3, 1 ], [ 3, 3, 1, 3, 1, 3, 1, -2, 1, 3, 1, 1, 3, 1, 3, 3, 1, 1 ], 
          [ 1, 1, 3, 3, 1, 1, 3, 1, -2, 3, 3, 1, 3, 1, 1, 3, 1, 1 ], [ 1, 1, 1, 1, 3, 3, 1, 3, 3, -2, 1, 3, 1, 3, 3, 1, 1, 1 ], 
          [ 1, 3, 1, 3, 3, 3, 1, 1, 3, 1, -2, 1, 3, 3, 3, 1, 1, 1 ], [ 3, 3, 3, 3, 1, 3, 1, 1, 1, 3, 1, -2, 3, 1, 1, 3, 3, 1 ], 
          [ 3, 1, 3, 1, 1, 3, 1, 3, 3, 1, 3, 3, -2, 1, 3, 1, 3, 3 ], [ 3, 3, 3, 3, 1, 3, 1, 1, 1, 3, 3, 1, 1, -2, 3, 3, 3, 1 ], 
          [ 1, 1, 3, 3, 1, 1, 3, 3, 1, 3, 3, 1, 3, 3, -2, 3, 3, 3 ], [ 1, 1, 1, 1, 3, 1, 1, 3, 3, 1, 1, 3, 1, 3, 3, -2, 1, 1 ], 
          [ 1, 1, 1, 1, 3, 1, 3, 1, 1, 1, 1, 3, 3, 3, 3, 1, -2, 1 ], [ 1, 3, 1, 3, 3, 3, 1, 1, 1, 1, 1, 1, 3, 1, 3, 1, 1, -2 ] ] ] ];
