sessionnumb  20261003194714 
gap> Cyclic5Basis := 
> [ [ 1, 0, 0, 0, 0, 0, 0, 0, -1, 0, 0, 0, 0, 0, 0, 0, 0, 0, 0, 0, 0, 0, 0, 0 ],
>   [ 0, 0, 0, 0, 0, 0, 0, 0, 1, 0, 0, 0, 0, 0, 0, 0, 0, 0, 0, 0, 0, 0, 0, 0 ], 
>   [ 0, 0, 0, 0, 0, 0, 0, 0, 0, 0, 0, 1, 0, 0, 0, 0, 0, 0, 0, 0, 0, 0, 0, 0 ], 
>   [ 0, 0, 0, 0, 0, 0, 0, 0, 0, 0, 0, 0, 0, 0, 0, 0, 0, 0, 0, 0, 0, 1, 0, 0 ], 
>   [ 0, 0, 0, 0, 0, 0, 0, 0, 0, 0, 0, 0, 0, 0, 0, 0, 0, 0, 0, 0, 0, 0, 0, 1 ] 
>  ];;
gap> Cyclic5Basis := 
> [ [ 1, 0, 0, 0, 0, 0, 0, 0, -1, 0, 0, 0, 0, 0, 0, 0, 0, 0, 0, 0, 0, 0, 0, 0 ],
>   [ 0, 0, 0, 0, 0, 0, 0, 0, 1, 0, 0, 0, 0, 0, 0, 0, 0, 0, 0, 0, 0, 0, 0, 0 ], 
>   [ 0, 0, 0, 0, 0, 0, 0, 0, 0, 0, 0, 1, 0, 0, 0, 0, 0, 0, 0, 0, 0, 0, 0, 0 ], 
>   [ 0, 0, 0, 0, 0, 0, 0, 0, 0, 0, 0, 0, 0, 0, 0, 0, 0, 0, 0, 0, 0, 1, 0, 0 ], 
>   [ 0, 0, 0, 0, 0, 0, 0, 0, 0, 0, 0, 0, 0, 0, 0, 0, 0, 0, 0, 0, 0, 0, 0, 1 ] 
>  ];;
gap> Cyclic5Gram := [ [ 4, 0, 0, -1, -2 ], [ 0, 4, 2, 1, -1 ], [ 0, 2, 4, 1, 1 ], 
>   [ -1, 1, 1, 4, 2 ], [ -2, -1, 1, 2, 4 ] ];;
gap> Read("Task20261003Vg.g");
gap> Display(Cyclic5Gram);
[ [   4,   0,   0,  -1,  -2 ],
  [   0,   4,   2,   1,  -1 ],
  [   0,   2,   4,   1,   1 ],
  [  -1,   1,   1,   4,   2 ],
  [  -2,  -1,   1,   2,   4 ] ]
gap> GramLeech=LeechGram;
false
gap>  tG:=OrthogonalCompRec(LeechGram, Cyclic5Basis).Gram;
[ [ 708, 596, 609, 608, 582, 585, 573, 402, -147, 575, 610, 52, 577, 67, 32, 22, 570, 71, 
      34 ], [ 596, 504, 513, 512, 489, 492, 482, 338, -125, 486, 515, 46, 486, 56, 26, 
      17, 481, 59, 28 ], 
  [ 609, 513, 526, 523, 500, 503, 493, 346, -126, 495, 526, 47, 495, 58, 28, 18, 490, 63, 
      29 ], [ 608, 512, 523, 524, 499, 502, 492, 345, -126, 495, 525, 47, 495, 57, 27, 
      19, 490, 61, 30 ], 
  [ 582, 489, 500, 499, 482, 482, 472, 331, -122, 471, 500, 37, 475, 55, 26, 18, 470, 59, 
      28 ], [ 585, 492, 503, 502, 482, 486, 474, 333, -121, 474, 503, 40, 477, 56, 26, 
      18, 472, 59, 29 ], 
  [ 573, 482, 493, 492, 472, 474, 466, 326, -120, 465, 493, 39, 468, 53, 26, 17, 463, 57, 
      27 ], [ 402, 338, 346, 345, 331, 333, 326, 230, -82, 325, 346, 29, 326, 40, 19, 13, 
      322, 43, 20 ], [ -147, -125, -126, -126, -122, -121, -120, -82, 36, -122, -127, -8, 
      -124, -10, -5, -2, -123, -10, -5 ], 
  [ 575, 486, 495, 495, 471, 474, 465, 325, -122, 472, 498, 47, 470, 53, 25, 16, 465, 55, 
      27 ], [ 610, 515, 526, 525, 500, 503, 493, 346, -127, 498, 530, 51, 496, 58, 28, 
      18, 491, 62, 30 ], 
  [ 52, 46, 47, 47, 37, 40, 39, 29, -8, 47, 51, 20, 38, 8, 4, 2, 37, 8, 4 ], 
  [ 577, 486, 495, 495, 475, 477, 468, 326, -124, 470, 496, 38, 476, 51, 25, 17, 469, 52, 
      26 ], [ 67, 56, 58, 57, 55, 56, 53, 40, -10, 53, 58, 8, 51, 12, 5, 4, 49, 12, 5 ], 
  [ 32, 26, 28, 27, 26, 26, 26, 19, -5, 25, 28, 4, 25, 5, 4, 2, 23, 5, 2 ], 
  [ 22, 17, 18, 19, 18, 18, 17, 13, -2, 16, 18, 2, 17, 4, 2, 4, 15, 4, 2 ], 
  [ 570, 481, 490, 490, 470, 472, 463, 322, -123, 465, 491, 37, 469, 49, 23, 15, 466, 52, 
      26 ], [ 71, 59, 63, 61, 59, 59, 57, 43, -10, 55, 62, 8, 52, 12, 5, 4, 52, 16, 5 ], 
  [ 34, 28, 29, 30, 28, 29, 27, 20, -5, 27, 30, 4, 26, 5, 2, 2, 26, 5, 4 ] ]
gap> tGramS:=DiagonalMats([ [[2]], -tG]);
[ [ 2, 0, 0, 0, 0, 0, 0, 0, 0, 0, 0, 0, 0, 0, 0, 0, 0, 0, 0, 0 ], 
  [ 0, -708, -596, -609, -608, -582, -585, -573, -402, 147, -575, -610, -52, -577, -67, 
      -32, -22, -570, -71, -34 ], 
  [ 0, -596, -504, -513, -512, -489, -492, -482, -338, 125, -486, -515, -46, -486, -56, 
      -26, -17, -481, -59, -28 ], 
  [ 0, -609, -513, -526, -523, -500, -503, -493, -346, 126, -495, -526, -47, -495, -58, 
      -28, -18, -490, -63, -29 ], 
  [ 0, -608, -512, -523, -524, -499, -502, -492, -345, 126, -495, -525, -47, -495, -57, 
      -27, -19, -490, -61, -30 ], 
  [ 0, -582, -489, -500, -499, -482, -482, -472, -331, 122, -471, -500, -37, -475, -55, 
      -26, -18, -470, -59, -28 ], 
  [ 0, -585, -492, -503, -502, -482, -486, -474, -333, 121, -474, -503, -40, -477, -56, 
      -26, -18, -472, -59, -29 ], 
  [ 0, -573, -482, -493, -492, -472, -474, -466, -326, 120, -465, -493, -39, -468, -53, 
      -26, -17, -463, -57, -27 ], 
  [ 0, -402, -338, -346, -345, -331, -333, -326, -230, 82, -325, -346, -29, -326, -40, 
      -19, -13, -322, -43, -20 ], 
  [ 0, 147, 125, 126, 126, 122, 121, 120, 82, -36, 122, 127, 8, 124, 10, 5, 2, 123, 10, 5 
     ], [ 0, -575, -486, -495, -495, -471, -474, -465, -325, 122, -472, -498, -47, -470, 
      -53, -25, -16, -465, -55, -27 ], 
  [ 0, -610, -515, -526, -525, -500, -503, -493, -346, 127, -498, -530, -51, -496, -58, 
      -28, -18, -491, -62, -30 ], 
  [ 0, -52, -46, -47, -47, -37, -40, -39, -29, 8, -47, -51, -20, -38, -8, -4, -2, -37, 
      -8, -4 ], [ 0, -577, -486, -495, -495, -475, -477, -468, -326, 124, -470, -496, 
      -38, -476, -51, -25, -17, -469, -52, -26 ], 
  [ 0, -67, -56, -58, -57, -55, -56, -53, -40, 10, -53, -58, -8, -51, -12, -5, -4, -49, 
      -12, -5 ], [ 0, -32, -26, -28, -27, -26, -26, -26, -19, 5, -25, -28, -4, -25, -5, 
      -4, -2, -23, -5, -2 ], 
  [ 0, -22, -17, -18, -19, -18, -18, -17, -13, 2, -16, -18, -2, -17, -4, -2, -4, -15, -4, 
      -2 ], [ 0, -570, -481, -490, -490, -470, -472, -463, -322, 123, -465, -491, -37, 
      -469, -49, -23, -15, -466, -52, -26 ], 
  [ 0, -71, -59, -63, -61, -59, -59, -57, -43, 10, -55, -62, -8, -52, -12, -5, -4, -52, 
      -16, -5 ], [ 0, -34, -28, -29, -30, -28, -29, -27, -20, 5, -27, -30, -4, -26, -5, 
      -2, -2, -26, -5, -4 ] ]
gap>   K3flag:=PrimitivelyEmbeddableInK3Lattice(tGramS); 
true
gap> Read("Task20261003Vg.g");
Error, Variable: 'rho' must have a value
not in any function at Task20261003Vg.g:29
gap> 
gap> Read("Task20261003Vg.g");
Error, Variable: 'GetSpRats' must have a value
not in any function at Task20261003Vg.g:30
gap> Read("Task20261003Vg.g");
[ 0, 4020 ] 
gap> Read("Task20261003Vg.g");
[ 0, 4020 ] 
Syntax error: Identifier expected in Task20261003Vg.g:37
  LeechGram:=LeechGram, ]
                        ^
Syntax error: expression expected in Task20261003Vg.g:42
);
 ^
gap> Read("Task20261003Vg.g");
[ 0, 4020 ] 
gap> 4020rec:=rec(
>   LeechGram:=LeechGram, 
>   Cyclic5Basis:=Cyclic5Basis, 
>   iis:=[1,9,12,22,24], 
>   GramS:=tGramS, 
>   h:=th,
>   sprats:=sprats
> );
rec( 
  Cyclic5Basis := 
    [ [ 1, 0, 0, 0, 0, 0, 0, 0, -1, 0, 0, 0, 0, 0, 0, 0, 0, 0, 0, 0, 0, 0, 0, 0 ], 
      [ 0, 0, 0, 0, 0, 0, 0, 0, 1, 0, 0, 0, 0, 0, 0, 0, 0, 0, 0, 0, 0, 0, 0, 0 ], 
      [ 0, 0, 0, 0, 0, 0, 0, 0, 0, 0, 0, 1, 0, 0, 0, 0, 0, 0, 0, 0, 0, 0, 0, 0 ], 
      [ 0, 0, 0, 0, 0, 0, 0, 0, 0, 0, 0, 0, 0, 0, 0, 0, 0, 0, 0, 0, 0, 1, 0, 0 ], 
      [ 0, 0, 0, 0, 0, 0, 0, 0, 0, 0, 0, 0, 0, 0, 0, 0, 0, 0, 0, 0, 0, 0, 0, 1 ] ], 
  GramS := [ [ 2, 0, 0, 0, 0, 0, 0, 0, 0, 0, 0, 0, 0, 0, 0, 0, 0, 0, 0, 0 ], 
      [ 0, -708, -596, -609, -608, -582, -585, -573, -402, 147, -575, -610, -52, -577, 
          -67, -32, -22, -570, -71, -34 ], 
      [ 0, -596, -504, -513, -512, -489, -492, -482, -338, 125, -486, -515, -46, -486, 
          -56, -26, -17, -481, -59, -28 ], 
      [ 0, -609, -513, -526, -523, -500, -503, -493, -346, 126, -495, -526, -47, -495, 
          -58, -28, -18, -490, -63, -29 ], 
      [ 0, -608, -512, -523, -524, -499, -502, -492, -345, 126, -495, -525, -47, -495, 
          -57, -27, -19, -490, -61, -30 ], 
      [ 0, -582, -489, -500, -499, -482, -482, -472, -331, 122, -471, -500, -37, -475, 
          -55, -26, -18, -470, -59, -28 ], 
      [ 0, -585, -492, -503, -502, -482, -486, -474, -333, 121, -474, -503, -40, -477, 
          -56, -26, -18, -472, -59, -29 ], 
      [ 0, -573, -482, -493, -492, -472, -474, -466, -326, 120, -465, -493, -39, -468, 
          -53, -26, -17, -463, -57, -27 ], 
      [ 0, -402, -338, -346, -345, -331, -333, -326, -230, 82, -325, -346, -29, -326, 
          -40, -19, -13, -322, -43, -20 ], 
      [ 0, 147, 125, 126, 126, 122, 121, 120, 82, -36, 122, 127, 8, 124, 10, 5, 2, 123, 
          10, 5 ], [ 0, -575, -486, -495, -495, -471, -474, -465, -325, 122, -472, -498, 
          -47, -470, -53, -25, -16, -465, -55, -27 ], 
      [ 0, -610, -515, -526, -525, -500, -503, -493, -346, 127, -498, -530, -51, -496, 
          -58, -28, -18, -491, -62, -30 ], 
      [ 0, -52, -46, -47, -47, -37, -40, -39, -29, 8, -47, -51, -20, -38, -8, -4, -2, 
          -37, -8, -4 ], [ 0, -577, -486, -495, -495, -475, -477, -468, -326, 124, -470, 
          -496, -38, -476, -51, -25, -17, -469, -52, -26 ], 
      [ 0, -67, -56, -58, -57, -55, -56, -53, -40, 10, -53, -58, -8, -51, -12, -5, -4, 
          -49, -12, -5 ], 
      [ 0, -32, -26, -28, -27, -26, -26, -26, -19, 5, -25, -28, -4, -25, -5, -4, -2, -23, 
          -5, -2 ], [ 0, -22, -17, -18, -19, -18, -18, -17, -13, 2, -16, -18, -2, -17, 
          -4, -2, -4, -15, -4, -2 ], 
      [ 0, -570, -481, -490, -490, -470, -472, -463, -322, 123, -465, -491, -37, -469, 
          -49, -23, -15, -466, -52, -26 ], 
      [ 0, -71, -59, -63, -61, -59, -59, -57, -43, 10, -55, -62, -8, -52, -12, -5, -4, 
          -52, -16, -5 ], 
      [ 0, -34, -28, -29, -30, -28, -29, -27, -20, 5, -27, -30, -4, -26, -5, -2, -2, -26, 
          -5, -4 ] ], 
  LeechGram := 
    [ [ 8, 4, 4, 4, 4, 4, 4, 2, 4, 4, 4, 2, 4, 2, 2, 2, 4, 2, 2, 2, 0, 0, 0, -3 ], 
      [ 4, 4, 2, 2, 2, 2, 2, 2, 2, 2, 2, 2, 2, 2, 1, 1, 2, 1, 1, 2, 1, 0, 0, -1 ], 
      [ 4, 2, 4, 2, 2, 2, 2, 2, 2, 2, 2, 2, 2, 1, 2, 1, 2, 2, 1, 1, 1, 0, 0, -1 ], 
      [ 4, 2, 2, 4, 2, 2, 2, 2, 2, 2, 2, 2, 2, 1, 1, 2, 2, 1, 2, 1, 1, 0, 0, -1 ], 
      [ 4, 2, 2, 2, 4, 2, 2, 2, 2, 2, 2, 1, 2, 2, 2, 2, 2, 2, 2, 2, 1, 0, 0, -1 ], 
      [ 4, 2, 2, 2, 2, 4, 2, 2, 2, 2, 2, 1, 2, 2, 1, 1, 2, 1, 2, 1, 0, 0, 0, -1 ], 
      [ 4, 2, 2, 2, 2, 2, 4, 2, 2, 2, 2, 1, 2, 1, 2, 1, 2, 1, 1, 2, 0, 0, 0, -1 ], 
      [ 2, 2, 2, 2, 2, 2, 2, 4, 1, 1, 1, 2, 1, 2, 2, 2, 1, 2, 2, 2, 2, 0, 0, 1 ], 
      [ 4, 2, 2, 2, 2, 2, 2, 1, 4, 2, 2, 2, 2, 2, 2, 2, 2, 2, 2, 2, 1, 1, 1, -1 ], 
      [ 4, 2, 2, 2, 2, 2, 2, 1, 2, 4, 2, 2, 2, 2, 1, 1, 2, 2, 1, 1, 0, 1, 0, -1 ], 
      [ 4, 2, 2, 2, 2, 2, 2, 1, 2, 2, 4, 2, 2, 1, 2, 1, 2, 1, 2, 1, 0, 0, 1, -1 ], 
      [ 2, 2, 2, 2, 1, 1, 1, 2, 2, 2, 2, 4, 1, 2, 2, 2, 1, 2, 2, 2, 2, 1, 1, 1 ], 
      [ 4, 2, 2, 2, 2, 2, 2, 1, 2, 2, 2, 1, 4, 2, 2, 2, 2, 1, 1, 1, 1, 1, 1, -1 ], 
      [ 2, 2, 1, 1, 2, 2, 1, 2, 2, 2, 1, 2, 2, 4, 2, 2, 1, 2, 2, 2, 2, 2, 1, 1 ], 
      [ 2, 1, 2, 1, 2, 1, 2, 2, 2, 1, 2, 2, 2, 2, 4, 2, 1, 2, 2, 2, 2, 1, 2, 1 ], 
      [ 2, 1, 1, 2, 2, 1, 1, 2, 2, 1, 1, 2, 2, 2, 2, 4, 1, 2, 2, 2, 2, 1, 1, 1 ], 
      [ 4, 2, 2, 2, 2, 2, 2, 1, 2, 2, 2, 1, 2, 1, 1, 1, 4, 2, 2, 2, 1, 1, 1, -1 ], 
      [ 2, 1, 2, 1, 2, 1, 1, 2, 2, 2, 1, 2, 1, 2, 2, 2, 2, 4, 2, 2, 2, 2, 1, 1 ], 
      [ 2, 1, 1, 2, 2, 2, 1, 2, 2, 1, 2, 2, 1, 2, 2, 2, 2, 2, 4, 2, 2, 1, 2, 1 ], 
      [ 2, 2, 1, 1, 2, 1, 2, 2, 2, 1, 1, 2, 1, 2, 2, 2, 2, 2, 2, 4, 2, 1, 1, 1 ], 
      [ 0, 1, 1, 1, 1, 0, 0, 2, 1, 0, 0, 2, 1, 2, 2, 2, 1, 2, 2, 2, 4, 2, 2, 2 ], 
      [ 0, 0, 0, 0, 0, 0, 0, 0, 1, 1, 0, 1, 1, 2, 1, 1, 1, 2, 1, 1, 2, 4, 2, 2 ], 
      [ 0, 0, 0, 0, 0, 0, 0, 0, 1, 0, 1, 1, 1, 1, 2, 1, 1, 1, 2, 1, 2, 2, 4, 2 ], 
      [ -3, -1, -1, -1, -1, -1, -1, 1, -1, -1, -1, 1, -1, 1, 1, 1, -1, 1, 1, 1, 2, 2, 2, 
          4 ] ], h := [ 1, 0, 0, 0, 0, 0, 0, 0, 0, 0, 0, 0, 0, 0, 0, 0, 0, 0, 0, 0 ], 
  iis := [ 1, 9, 12, 22, 24 ], 
  sprats := 
    rec( nopss := [ 0, 4020 ], 
      scons := 
        [ [ [ 1, 3, -1, -2, -1, 0, 0, 0, 0, -1, -1, -1, 2, 0, 0, 0, 0, 2, 1, 0 ], 
              [ 1, -3, 1, 2, 1, 0, 0, 0, 0, 1, 1, 1, -2, 0, 0, 0, 0, -2, -1, 0 ] ], 
          [ [ 1, 0, 0, -1, 0, 0, 0, 0, 0, 0, 0, 1, 0, 0, 0, 0, 0, 0, 0, 0 ], 
              [ 1, 0, 0, 1, 0, 0, 0, 0, 0, 0, 0, -1, 0, 0, 0, 0, 0, 0, 0, 0 ] ], 
          [ [ 1, 0, 1, -1, 0, 0, 0, 0, 0, 0, 0, 0, 0, 0, 0, 0, 0, 0, 0, 0 ], 
              [ 1, 0, -1, 1, 0, 0, 0, 0, 0, 0, 0, 0, 0, 0, 0, 0, 0, 0, 0, 0 ] ], 
          [ [ 1, 0, 0, -1, 1, 0, 0, 0, 0, 0, 0, 0, 0, 0, 0, 0, 0, 0, 0, 0 ], 
              [ 1, 0, 0, 1, -1, 0, 0, 0, 0, 0, 0, 0, 0, 0, 0, 0, 0, 0, 0, 0 ] ], 
          [ [ 1, 0, -1, 0, 0, 0, 0, 0, 0, 0, 0, 1, 0, -1, 1, 0, 1, 1, -1, -1 ], 
              [ 1, 0, 1, 0, 0, 0, 0, 0, 0, 0, 0, -1, 0, 1, -1, 0, -1, -1, 1, 1 ] ], 
          [ [ 1, 3, -2, -2, 0, 0, 0, 1, -1, 0, -2, 0, 2, 0, 2, -1, -1, 2, 0, -2 ], 
              [ 1, -3, 2, 2, 0, 0, 0, -1, 1, 0, 2, 0, -2, 0, -2, 1, 1, -2, 0, 2 ] ], 
          [ [ 1, 2, -1, 0, 0, -2, 0, 0, 0, -2, 0, 1, -1, -2, 2, 0, 1, 1, -1, 0 ], 
              [ 1, -2, 1, 0, 0, 2, 0, 0, 0, 2, 0, -1, 1, 2, -2, 0, -1, -1, 1, 0 ] ], 
          [ [ 1, 3, -2, -1, -1, -1, -1, 1, 0, -1, -1, 0, 1, 0, 2, -1, 0, 2, 0, 0 ], 
              [ 1, -3, 2, 1, 1, 1, 1, -1, 0, 1, 1, 0, -1, 0, -2, 1, 0, -2, 0, 0 ] ], 
          [ [ 1, 6, -2, -2, -2, -3, -2, -1, 2, -1, 0, 0, 0, -1, 1, 1, 0, 4, 1, 1 ], 
              [ 1, -6, 2, 2, 2, 3, 2, 1, -2, 1, 0, 0, 0, 1, -1, -1, 0, -4, -1, -1 ] ], 
          [ [ 1, 3, -1, -1, 0, -1, 0, 1, -2, -2, -2, 0, 1, -1, 2, 0, 0, 2, 0, 0 ], 
              [ 1, -3, 1, 1, 0, 1, 0, -1, 2, 2, 2, 0, -1, 1, -2, 0, 0, -2, 0, 0 ] ], 
          [ [ 1, 6, -2, -2, -1, -2, -1, -1, 0, -2, -1, -1, 1, -1, 2, 1, 0, 4, 1, 0 ], 
              [ 1, -6, 2, 2, 1, 2, 1, 1, 0, 2, 1, 1, -1, 1, -2, -1, 0, -4, -1, 0 ] ], 
          [ [ 1, 8, -3, -3, -2, -2, -2, 0, 0, -1, -1, 0, 1, -1, 2, 0, -1, 4, 1, 0 ], 
              [ 1, -8, 3, 3, 2, 2, 2, 0, 0, 1, 1, 0, -1, 1, -2, 0, 1, -4, -1, 0 ] ], 
          [ [ 1, 3, 0, -1, 0, -2, 0, 1, -2, -2, -1, 0, 0, -2, 2, 1, 1, 2, 0, 0 ], 
              [ 1, -3, 0, 1, 0, 2, 0, -1, 2, 2, 1, 0, 0, 2, -2, -1, -1, -2, 0, 0 ] ], 
          [ [ 1, 0, -1, 0, 0, 0, -1, -1, 2, 1, 0, 1, 0, 0, 1, -1, 0, 1, -1, -1 ], 
              [ 1, 0, 1, 0, 0, 0, 1, 1, -2, -1, 0, -1, 0, 0, -1, 1, 0, -1, 1, 1 ] ], 
          [ [ 1, 1, -1, 0, 0, -1, -1, -1, 1, 0, 0, 0, 0, 0, 1, 0, 0, 2, 0, 0 ], 
              [ 1, -1, 1, 0, 0, 1, 1, 1, -1, 0, 0, 0, 0, 0, -1, 0, 0, -2, 0, 0 ] ], 
          [ [ 1, -3, 0, 1, 1, 1, 0, 1, 0, 1, 0, 1, 0, 0, 1, -1, 0, -1, -2, -1 ], 
              [ 1, 3, 0, -1, -1, -1, 0, -1, 0, -1, 0, -1, 0, 0, -1, 1, 0, 1, 2, 1 ] ], 
          [ [ 1, 3, -1, -1, -1, -1, 0, 0, 0, -1, -1, 0, 1, -1, 1, 0, 0, 2, 0, 0 ], 
              [ 1, -3, 1, 1, 1, 1, 0, 0, 0, 1, 1, 0, -1, 1, -1, 0, 0, -2, 0, 0 ] ], 
          [ [ 1, 5, -2, -1, -1, -2, -1, -1, 1, -1, 0, 0, 0, -1, 1, 0, 0, 2, 0, 0 ], 
              [ 1, -5, 2, 1, 1, 2, 1, 1, -1, 1, 0, 0, 0, 1, -1, 0, 0, -2, 0, 0 ] ], 
          [ [ 1, 6, -2, -2, 0, -3, -1, -1, 0, -2, -1, 0, 0, -1, 2, 1, -1, 3, 1, 0 ], 
              [ 1, -6, 2, 2, 0, 3, 1, 1, 0, 2, 1, 0, 0, 1, -2, -1, 1, -3, -1, 0 ] ], 
          [ [ 1, 0, 0, 1, 1, -2, 0, 1, -2, -1, 0, 2, -2, -1, 2, -1, 1, -1, -1, 0 ], 
              [ 1, 0, 0, -1, -1, 2, 0, -1, 2, 1, 0, -2, 2, 1, -2, 1, -1, 1, 1, 0 ] ], 
          [ [ 1, 6, -3, -2, -2, -1, -2, -1, 2, -1, -1, -1, 2, 0, 1, 0, -1, 4, 1, 1 ], 
              [ 1, -6, 3, 2, 2, 1, 2, 1, -2, 1, 1, 1, -2, 0, -1, 0, 1, -4, -1, -1 ] ], 
          [ [ 1, 0, 0, 1, 1, -1, 0, 1, -1, -2, -1, 0, 0, -1, 2, -1, 1, 0, -1, 0 ], 
              [ 1, 0, 0, -1, -1, 1, 0, -1, 1, 2, 1, 0, 0, 1, -2, 1, -1, 0, 1, 0 ] ], 
          [ [ 1, 12, -3, -4, -3, -4, -2, 0, -1, -3, -2, -2, 2, -1, 2, 1, -1, 6, 3, 2 ], 
              [ 1, -12, 3, 4, 3, 4, 2, 0, 1, 3, 2, 2, -2, 1, -2, -1, 1, -6, -3, -2 ] ], 
          [ [ 1, -3, 0, 1, 2, 1, 1, 1, -1, -1, -1, 1, 0, -1, 2, -1, 1, -1, -2, -2 ], 
              [ 1, 3, 0, -1, -2, -1, -1, -1, 1, 1, 1, -1, 0, 1, -2, 1, -1, 1, 2, 2 ] ], 
          [ [ 1, 9, -3, -4, -2, -2, -1, 0, -1, -2, -2, -1, 2, -1, 2, 1, -1, 5, 2, 0 ], 
              [ 1, -9, 3, 4, 2, 2, 1, 0, 1, 2, 2, 1, -2, 1, -2, -1, 1, -5, -2, 0 ] ], 
          [ [ 1, 3, -1, -2, 0, 0, 0, 0, 0, -1, -2, -1, 2, -1, 1, 1, 0, 3, 0, -1 ], 
              [ 1, -3, 1, 2, 0, 0, 0, 0, 0, 1, 2, 1, -2, 1, -1, -1, 0, -3, 0, 1 ] ], 
          [ [ 1, 0, 0, 0, 0, 0, 0, 0, 0, 0, 0, 0, 0, -1, 1, 0, 1, 1, -1, -1 ], 
              [ 1, 0, 0, 0, 0, 0, 0, 0, 0, 0, 0, 0, 0, 1, -1, 0, -1, -1, 1, 1 ] ], 
          [ [ 1, 1, 0, -1, 1, -1, 0, 0, -1, -1, -1, 0, 0, -1, 2, 1, 0, 2, 0, -1 ], 
              [ 1, -1, 0, 1, -1, 1, 0, 0, 1, 1, 1, 0, 0, 1, -2, -1, 0, -2, 0, 1 ] ], 
          [ [ 1, 5, -1, -2, 0, -2, 0, 0, -1, -2, -1, 0, 0, -2, 2, 1, 0, 2, 0, -1 ], 
              [ 1, -5, 1, 2, 0, 2, 0, 0, 1, 2, 1, 0, 0, 2, -2, -1, 0, -2, 0, 1 ] ], 
          [ [ 1, -5, 0, 1, 2, 2, 0, 0, 1, 2, 0, 1, 0, 1, 1, -1, 0, -1, -2, -2 ], 
              [ 1, 5, 0, -1, -2, -2, 0, 0, -1, -2, 0, -1, 0, -1, -1, 1, 0, 1, 2, 2 ] ], 
          [ [ 1, 0, 0, 0, 1, -1, 0, -1, 1, -1, 0, 1, -1, -2, 1, 1, 1, 1, -1, -1 ], 
              [ 1, 0, 0, 0, -1, 1, 0, 1, -1, 1, 0, -1, 1, 2, -1, -1, -1, -1, 1, 1 ] ], 
          [ [ 1, 1, -1, -1, 0, 0, -1, 0, 1, 0, -1, 0, 1, 0, 1, 0, 0, 2, 0, -1 ], 
              [ 1, -1, 1, 1, 0, 0, 1, 0, -1, 0, 1, 0, -1, 0, -1, 0, 0, -2, 0, 1 ] ], 
          [ [ 1, 1, -1, -1, 0, 0, 0, -1, 1, 0, -1, 0, 1, 0, 1, 0, 0, 2, 0, -1 ], 
              [ 1, -1, 1, 1, 0, 0, 0, 1, -1, 0, 1, 0, -1, 0, -1, 0, 0, -2, 0, 1 ] ], 
          [ [ 1, -3, 0, 0, 1, 2, 1, 1, 0, 1, -1, 1, 1, 0, 1, -1, 0, -1, -2, -2 ], 
              [ 1, 3, 0, 0, -1, -2, -1, -1, 0, -1, 1, -1, -1, 0, -1, 1, 0, 1, 2, 2 ] ], 
          [ [ 1, 0, -1, 0, 1, 0, 0, 0, 0, 0, -1, 1, 0, 0, 1, -1, 0, 0, -1, -1 ], 
              [ 1, 0, 1, 0, -1, 0, 0, 0, 0, 0, 1, -1, 0, 0, -1, 1, 0, 0, 1, 1 ] ], 
          [ [ 1, -2, 0, 0, 1, 1, 1, 1, -1, 0, -1, 0, 1, 0, 1, 0, 0, 0, -1, -1 ], 
              [ 1, 2, 0, 0, -1, -1, -1, -1, 1, 0, 1, 0, -1, 0, -1, 0, 0, 0, 1, 1 ] ], 
          [ [ 1, -1, -1, 0, 1, 1, 0, 0, 1, 1, 0, 1, 0, -1, 1, -1, 0, 0, -2, -2 ], 
              [ 1, 1, 1, 0, -1, -1, 0, 0, -1, -1, 0, -1, 0, 1, -1, 1, 0, 0, 2, 2 ] ], 
          [ [ 1, -3, 1, 1, 1, 0, 0, 0, 0, 1, 1, 2, -2, -1, 1, 0, 1, -1, -2, -1 ], 
              [ 1, 3, -1, -1, -1, 0, 0, 0, 0, -1, -1, -2, 2, 1, -1, 0, -1, 1, 2, 1 ] ], 
          [ [ 1, 3, -2, -2, -1, 0, -1, 0, 1, 1, -1, 1, 1, 0, 1, -1, -1, 2, 0, -1 ], 
              [ 1, -3, 2, 2, 1, 0, 1, 0, -1, -1, 1, -1, -1, 0, -1, 1, 1, -2, 0, 1 ] ], 
          [ [ 1, 0, 0, 0, 1, -1, 1, 1, -2, -1, 0, 1, -1, -2, 2, 0, 1, 0, -1, -1 ], 
              [ 1, 0, 0, 0, -1, 1, -1, -1, 2, 1, 0, -1, 1, 2, -2, 0, -1, 0, 1, 1 ] ], 
          [ [ 1, 3, -1, -1, 0, -2, 0, -1, 0, -1, 0, 1, -1, -1, 1, 1, 0, 1, 0, 0 ], 
              [ 1, -3, 1, 1, 0, 2, 0, 1, 0, 1, 0, -1, 1, 1, -1, -1, 0, -1, 0, 0 ] ], 
          [ [ 1, 3, -2, -2, -1, 0, -1, 0, 1, 1, 0, 0, 1, 0, 1, 0, -1, 2, 0, -1 ], 
              [ 1, -3, 2, 2, 1, 0, 1, 0, -1, -1, 0, 0, -1, 0, -1, 0, 1, -2, 0, 1 ] ], 
          [ [ 1, 0, 0, 0, 1, -1, 0, 0, 0, 0, 0, 1, -1, -1, 1, 0, 0, 0, -1, -1 ], 
              [ 1, 0, 0, 0, -1, 1, 0, 0, 0, 0, 0, -1, 1, 1, -1, 0, 0, 0, 1, 1 ] ], 
          [ [ 1, 0, 0, 0, 1, -1, 0, 0, 0, 0, 0, 1, -1, -1, 1, 0, 1, 0, -1, -1 ], 
              [ 1, 0, 0, 0, -1, 1, 0, 0, 0, 0, 0, -1, 1, 1, -1, 0, -1, 0, 1, 1 ] ], 
          [ [ 1, 3, -1, -2, 0, 0, 0, 0, -1, 0, -1, 0, 1, -1, 1, 1, -1, 2, 0, -1 ], 
              [ 1, -3, 1, 2, 0, 0, 0, 0, 1, 0, 1, 0, -1, 1, -1, -1, 1, -2, 0, 1 ] ], 
          [ [ 1, -3, 0, 1, 2, 1, 0, 0, 0, 1, 0, 2, -1, 0, 1, -1, 0, -2, -2, -2 ], 
              [ 1, 3, 0, -1, -2, -1, 0, 0, 0, -1, 0, -2, 1, 0, -1, 1, 0, 2, 2, 2 ] ], 
          [ [ 1, 3, -1, -1, 0, -2, -1, 0, 1, -2, -1, 0, 0, -1, 2, 0, 0, 2, 0, 0 ], 
              [ 1, -3, 1, 1, 0, 2, 1, 0, -1, 2, 1, 0, 0, 1, -2, 0, 0, -2, 0, 0 ] ], 
          [ [ 1, 3, -2, -2, -1, 0, -1, 0, 2, 0, -1, -1, 2, 0, 1, 0, -1, 3, 0, 0 ], 
              [ 1, -3, 2, 2, 1, 0, 1, 0, -2, 0, 1, 1, -2, 0, -1, 0, 1, -3, 0, 0 ] ], 
          [ [ 1, 6, -2, -2, -1, -3, -1, 0, 0, -2, -1, 0, 0, -1, 2, 0, 0, 3, 1, 1 ], 
              [ 1, -6, 2, 2, 1, 3, 1, 0, 0, 2, 1, 0, 0, 1, -2, 0, 0, -3, -1, -1 ] ], 
          [ [ 1, 1, -1, -1, -1, 1, -1, 0, 1, 0, -1, -1, 2, 0, 1, 0, 0, 3, 0, 0 ], 
              [ 1, -1, 1, 1, 1, -1, 1, 0, -1, 0, 1, 1, -2, 0, -1, 0, 0, -3, 0, 0 ] ], 
          [ [ 1, 5, -2, -2, -2, 0, -1, 0, 1, -1, -1, -1, 2, -1, 1, 0, 0, 3, 0, 0 ], 
              [ 1, -5, 2, 2, 2, 0, 1, 0, -1, 1, 1, 1, -2, 1, -1, 0, 0, -3, 0, 0 ] ], 
          [ [ 1, 6, -2, -3, -1, -1, -1, 0, 0, -2, -2, -1, 2, -1, 2, 1, -1, 4, 1, 0 ], 
              [ 1, -6, 2, 3, 1, 1, 1, 0, 0, 2, 2, 1, -2, 1, -2, -1, 1, -4, -1, 0 ] ], 
          [ [ 1, 0, 0, 0, 0, 0, 0, 2, -2, -1, -1, 1, 0, -1, 2, -1, 1, 0, -1, 0 ], 
              [ 1, 0, 0, 0, 0, 0, 0, -2, 2, 1, 1, -1, 0, 1, -2, 1, -1, 0, 1, 0 ] ], 
          [ [ 1, 6, -2, -2, -2, -2, -2, -2, 2, -1, 0, 0, 0, -1, 1, 1, 0, 4, 1, 1 ], 
              [ 1, -6, 2, 2, 2, 2, 2, 2, -2, 1, 0, 0, 0, 1, -1, -1, 0, -4, -1, -1 ] ], 
          [ [ 1, 3, -1, -1, -1, -1, -1, 0, 0, -1, 0, 0, 0, -1, 2, 0, 0, 2, 0, 0 ], 
              [ 1, -3, 1, 1, 1, 1, 1, 0, 0, 1, 0, 0, 0, 1, -2, 0, 0, -2, 0, 0 ] ], 
          [ [ 1, 3, -1, -1, -1, -1, -1, 0, 0, -1, 0, 0, 0, -1, 1, 1, 0, 2, 0, 1 ], 
              [ 1, -3, 1, 1, 1, 1, 1, 0, 0, 1, 0, 0, 0, 1, -1, -1, 0, -2, 0, -1 ] ], 
          [ [ 1, 3, -2, -1, 0, -1, -1, 0, 0, -1, -1, 1, 0, 0, 2, -1, -1, 1, 0, 0 ], 
              [ 1, -3, 2, 1, 0, 1, 1, 0, 0, 1, 1, -1, 0, 0, -2, 1, 1, -1, 0, 0 ] ], 
          [ [ 1, 3, -2, -1, 0, -1, -1, 0, 0, -1, 0, 0, 0, -1, 2, 0, 0, 2, 0, 0 ], 
              [ 1, -3, 2, 1, 0, 1, 1, 0, 0, 1, 0, 0, 0, 1, -2, 0, 0, -2, 0, 0 ] ], 
          [ [ 1, -2, 1, 1, 1, 0, 0, 0, 0, -1, -1, 0, 0, 0, 1, 0, 1, 0, -1, 0 ], 
              [ 1, 2, -1, -1, -1, 0, 0, 0, 0, 1, 1, 0, 0, 0, -1, 0, -1, 0, 1, 0 ] ], 
          [ [ 1, -3, 1, 1, 1, 1, 0, 0, 1, 0, 0, 0, 0, -1, 1, 0, 1, 0, -2, -1 ], 
              [ 1, 3, -1, -1, -1, -1, 0, 0, -1, 0, 0, 0, 0, 1, -1, 0, -1, 0, 2, 1 ] ], 
          [ [ 1, 2, 0, 0, 0, -1, 0, 0, 0, -2, -1, 0, 0, -2, 1, 0, 1, 1, -1, 0 ], 
              [ 1, -2, 0, 0, 0, 1, 0, 0, 0, 2, 1, 0, 0, 2, -1, 0, -1, -1, 1, 0 ] ], 
          [ [ 1, -3, 0, 1, 2, 1, 0, 0, 1, 0, -1, 1, 0, 0, 1, -1, 0, -1, -2, -1 ], 
              [ 1, 3, 0, -1, -2, -1, 0, 0, -1, 0, 1, -1, 0, 0, -1, 1, 0, 1, 2, 1 ] ], 
          [ [ 1, 3, -2, -2, -1, 1, -1, 0, 2, 0, -2, -1, 3, 0, 1, -1, -1, 3, 0, -1 ], 
              [ 1, -3, 2, 2, 1, -1, 1, 0, -2, 0, 2, 1, -3, 0, -1, 1, 1, -3, 0, 1 ] ], 
          [ [ 1, 3, -1, -1, 0, -1, 0, -1, 1, -2, -1, -1, 1, -1, 1, 1, 0, 2, 0, 0 ], 
              [ 1, -3, 1, 1, 0, 1, 0, 1, -1, 2, 1, 1, -1, 1, -1, -1, 0, -2, 0, 0 ] ], 
          [ [ 1, 9, -2, -4, -3, -2, -2, -1, 1, -1, -1, -2, 2, -1, 1, 2, -1, 6, 2, 1 ], 
              [ 1, -9, 2, 4, 3, 2, 2, 1, -1, 1, 1, 2, -2, 1, -1, -2, 1, -6, -2, -1 ] ], 
          [ [ 1, 1, 0, -1, -1, 0, -1, 0, 1, 0, -1, 0, 1, 0, 1, 0, 0, 2, 0, 0 ], 
              [ 1, -1, 0, 1, 1, 0, 1, 0, -1, 0, 1, 0, -1, 0, -1, 0, 0, -2, 0, 0 ] ], 
          [ [ 1, 0, 1, 1, 1, -2, 0, 0, -1, -2, 0, 1, -2, -2, 2, 0, 2, 0, -1, 0 ], 
              [ 1, 0, -1, -1, -1, 2, 0, 0, 1, 2, 0, -1, 2, 2, -2, 0, -2, 0, 1, 0 ] ], 
          [ [ 1, 0, 0, 0, 0, 0, -1, 1, 0, 0, -1, 1, 0, 0, 1, -1, 0, 0, -1, 0 ], 
              [ 1, 0, 0, 0, 0, 0, 1, -1, 0, 0, 1, -1, 0, 0, -1, 1, 0, 0, 1, 0 ] ], 
          [ [ 1, 0, 0, 0, 0, 0, 0, 0, 0, 0, -1, 1, 0, 0, 1, -1, 0, 0, -1, 0 ], 
              [ 1, 0, 0, 0, 0, 0, 0, 0, 0, 0, 1, -1, 0, 0, -1, 1, 0, 0, 1, 0 ] ], 
          [ [ 1, 0, 1, 1, 1, -2, 0, 0, -1, -2, 0, 1, -2, -2, 1, 1, 2, 0, -1, 1 ], 
              [ 1, 0, -1, -1, -1, 2, 0, 0, 1, 2, 0, -1, 2, 2, -1, -1, -2, 0, 1, -1 ] ], 
          [ [ 1, -3, 2, 2, 2, -1, 1, 2, -3, -2, 0, 1, -2, -2, 2, 0, 2, -2, -2, 0 ], 
              [ 1, 3, -2, -2, -2, 1, -1, -2, 3, 2, 0, -1, 2, 2, -2, 0, -2, 2, 2, 0 ] ], 
          [ [ 1, 3, -1, -1, -1, -1, -2, -1, 2, 0, 0, 0, 0, -1, 1, 0, 0, 3, 0, 0 ], 
              [ 1, -3, 1, 1, 1, 1, 2, 1, -2, 0, 0, 0, 0, 1, -1, 0, 0, -3, 0, 0 ] ], 
          [ [ 1, 3, -1, -1, -1, -1, -2, -1, 2, 0, 0, 0, 0, 0, 1, 0, 0, 2, 0, 0 ], 
              [ 1, -3, 1, 1, 1, 1, 2, 1, -2, 0, 0, 0, 0, 0, -1, 0, 0, -2, 0, 0 ] ], 
          [ [ 1, 0, -1, -1, -1, 2, -1, 1, 1, 2, -1, 0, 2, 1, 1, -2, -1, 1, -1, -1 ], 
              [ 1, 0, 1, 1, 1, -2, 1, -1, -1, -2, 1, 0, -2, -1, -1, 2, 1, -1, 1, 1 ] ], 
          [ [ 1, 3, 0, 0, 0, -3, -1, -2, 1, -2, 1, 0, -2, -2, 1, 2, 1, 2, 0, 1 ], 
              [ 1, -3, 0, 0, 0, 3, 1, 2, -1, 2, -1, 0, 2, 2, -1, -2, -1, -2, 0, -1 ] ], 
          [ [ 1, 0, 0, 0, 0, 0, -1, 1, 0, 0, 0, 0, 0, -1, 1, 0, 1, 1, -1, 0 ], 
              [ 1, 0, 0, 0, 0, 0, 1, -1, 0, 0, 0, 0, 0, 1, -1, 0, -1, -1, 1, 0 ] ], 
          [ [ 1, 0, 0, 0, 0, 0, 0, 0, 0, 0, 0, 0, 0, -1, 1, 0, 0, 1, -1, 0 ], 
              [ 1, 0, 0, 0, 0, 0, 0, 0, 0, 0, 0, 0, 0, 1, -1, 0, 0, -1, 1, 0 ] ], 
          [ [ 1, 0, 0, 0, 0, 0, 0, 0, 0, 0, 0, 0, 0, -1, 1, 0, 1, 1, -1, 0 ], 
              [ 1, 0, 0, 0, 0, 0, 0, 0, 0, 0, 0, 0, 0, 1, -1, 0, -1, -1, 1, 0 ] ], 
          [ [ 1, 0, 0, 0, 0, 0, 0, 0, 0, 0, 0, 0, 0, 0, 1, 0, 0, 0, -1, 0 ], 
              [ 1, 0, 0, 0, 0, 0, 0, 0, 0, 0, 0, 0, 0, 0, -1, 0, 0, 0, 1, 0 ] ], 
          [ [ 1, 6, -1, -2, -2, -2, -1, 0, 0, -2, -1, -1, 1, -2, 1, 1, 1, 4, 1, 1 ], 
              [ 1, -6, 1, 2, 2, 2, 1, 0, 0, 2, 1, 1, -1, 2, -1, -1, -1, -4, -1, -1 ] ], 
          [ [ 1, 6, -1, -2, -2, -2, -1, 0, 0, -2, -1, -1, 1, -1, 1, 1, 0, 3, 1, 1 ], 
              [ 1, -6, 1, 2, 2, 2, 1, 0, 0, 2, 1, 1, -1, 1, -1, -1, 0, -3, -1, -1 ] ], 
          [ [ 1, -6, 1, 3, 2, 1, 0, 0, 1, 1, 1, 2, -2, 0, 1, -2, 1, -3, -3, -1 ], 
              [ 1, 6, -1, -3, -2, -1, 0, 0, -1, -1, -1, -2, 2, 0, -1, 2, -1, 3, 3, 1 ] ], 
          [ [ 1, -5, 1, 2, 1, 1, 0, -1, 2, 1, 1, 1, -1, 0, 0, 0, 1, -1, -2, 0 ], 
              [ 1, 5, -1, -2, -1, -1, 0, 1, -2, -1, -1, -1, 1, 0, 0, 0, -1, 1, 2, 0 ] ], 
          [ [ 1, -3, 1, 2, 1, 0, 1, 1, -1, -1, 0, 1, -1, -1, 1, -1, 2, -2, -2, 0 ], 
              [ 1, 3, -1, -2, -1, 0, -1, -1, 1, 1, 0, -1, 1, 1, -1, 1, -2, 2, 2, 0 ] ], 
          [ [ 1, 0, -1, 0, -1, 1, -1, 0, 2, 1, 0, 0, 1, 0, 0, -1, 0, 1, -1, 0 ], 
              [ 1, 0, 1, 0, 1, -1, 1, 0, -2, -1, 0, 0, -1, 0, 0, 1, 0, -1, 1, 0 ] ], 
          [ [ 1, 9, -3, -4, -2, -2, -2, -1, 1, -1, -2, -1, 2, 0, 2, 0, -2, 5, 2, 0 ], 
              [ 1, -9, 3, 4, 2, 2, 2, 1, -1, 1, 2, 1, -2, 0, -2, 0, 2, -5, -2, 0 ] ], 
          [ [ 1, 9, -2, -3, -1, -4, -2, -1, 0, -3, -1, -1, 0, -2, 2, 2, 0, 5, 2, 1 ], 
              [ 1, -9, 2, 3, 1, 4, 2, 1, 0, 3, 1, 1, 0, 2, -2, -2, 0, -5, -2, -1 ] ], 
          [ [ 1, 6, -2, -3, -1, -1, -1, 1, -1, -1, -2, -1, 2, -1, 2, 0, -1, 4, 1, 0 ], 
              [ 1, -6, 2, 3, 1, 1, 1, -1, 1, 1, 2, 1, -2, 1, -2, 0, 1, -4, -1, 0 ] ], 
          [ [ 1, 9, -3, -4, -2, -2, -2, -1, 1, -1, -2, -1, 2, 0, 1, 1, -2, 5, 2, 1 ], 
              [ 1, -9, 3, 4, 2, 2, 2, 1, -1, 1, 2, 1, -2, 0, -1, -1, 2, -5, -2, -1 ] ], 
          [ [ 1, 6, -2, -3, -1, -1, -1, 1, -1, -1, -2, -1, 2, 0, 2, 0, -2, 3, 1, 0 ], 
              [ 1, -6, 2, 3, 1, 1, 1, -1, 1, 1, 2, 1, -2, 0, -2, 0, 2, -3, -1, 0 ] ], 
          [ [ 1, 6, -2, -3, -1, -1, -1, 1, -1, -1, -2, -1, 2, 0, 2, 0, -1, 3, 1, 0 ], 
              [ 1, -6, 2, 3, 1, 1, 1, -1, 1, 1, 2, 1, -2, 0, -2, 0, 1, -3, -1, 0 ] ], 
          [ [ 1, 6, -1, -2, 0, -3, 0, 0, -2, -3, -1, -1, 0, -2, 2, 2, 0, 3, 1, 1 ], 
              [ 1, -6, 1, 2, 0, 3, 0, 0, 2, 3, 1, 1, 0, 2, -2, -2, 0, -3, -1, -1 ] ], 
          [ [ 1, -2, 1, 1, 2, -1, 1, 1, -2, -2, -1, 1, -1, -1, 2, 0, 1, -1, -1, 0 ], 
              [ 1, 2, -1, -1, -2, 1, -1, -1, 2, 2, 1, -1, 1, 1, -2, 0, -1, 1, 1, 0 ] ], 
          [ [ 1, 0, -1, 0, 1, 0, -1, 1, 0, 0, -1, 1, 0, 0, 2, -2, 0, 0, -1, -1 ], 
              [ 1, 0, 1, 0, -1, 0, 1, -1, 0, 0, 1, -1, 0, 0, -2, 2, 0, 0, 1, 1 ] ], 
          [ [ 1, 1, -1, -1, 0, 0, -1, 0, 1, 0, -1, 0, 1, 0, 1, 0, -1, 2, 0, 0 ], 
              [ 1, -1, 1, 1, 0, 0, 1, 0, -1, 0, 1, 0, -1, 0, -1, 0, 1, -2, 0, 0 ] ], 
          [ [ 1, 1, -1, -1, 0, 0, -1, 0, 1, 0, -1, 0, 1, 0, 1, 0, 0, 2, 0, 0 ], 
              [ 1, -1, 1, 1, 0, 0, 1, 0, -1, 0, 1, 0, -1, 0, -1, 0, 0, -2, 0, 0 ] ], 
          [ [ 1, -2, 0, 0, 1, 1, 0, 2, -1, 0, -1, 0, 1, 0, 2, -1, 0, 0, -1, -1 ], 
              [ 1, 2, 0, 0, -1, -1, 0, -2, 1, 0, 1, 0, -1, 0, -2, 1, 0, 0, 1, 1 ] ], 
          [ [ 1, 1, -1, -1, 0, 0, -1, 0, 1, 0, -1, 0, 1, 1, 1, 0, -1, 1, 0, 0 ], 
              [ 1, -1, 1, 1, 0, 0, 1, 0, -1, 0, 1, 0, -1, -1, -1, 0, 1, -1, 0, 0 ] ], 
          [ [ 1, 0, 0, 1, 2, -2, 0, 0, -1, -2, 0, 1, -2, -2, 2, 0, 1, 0, -1, 0 ], 
              [ 1, 0, 0, -1, -2, 2, 0, 0, 1, 2, 0, -1, 2, 2, -2, 0, -1, 0, 1, 0 ] ], 
          [ [ 1, 0, 0, 1, 2, -2, 0, 0, -1, -2, 0, 1, -2, -1, 2, 0, 1, -1, -1, 0 ], 
              [ 1, 0, 0, -1, -2, 2, 0, 0, 1, 2, 0, -1, 2, 1, -2, 0, -1, 1, 1, 0 ] ], 
          [ [ 1, -3, 0, 1, 2, 1, 1, 2, -2, 0, -1, 1, 0, 0, 2, -2, 0, -2, -2, -1 ], 
              [ 1, 3, 0, -1, -2, -1, -1, -2, 2, 0, 1, -1, 0, 0, -2, 2, 0, 2, 2, 1 ] ], 
          [ [ 1, 3, -1, -1, 0, -1, 0, 2, -2, -2, -2, 0, 1, -1, 2, -1, 0, 1, 0, 0 ], 
              [ 1, -3, 1, 1, 0, 1, 0, -2, 2, 2, 2, 0, -1, 1, -2, 1, 0, -1, 0, 0 ] ], 
          [ [ 1, 4, -2, -2, -1, -1, -2, -2, 3, 0, 0, -1, 1, 0, 1, 1, -1, 4, 1, 0 ], 
              [ 1, -4, 2, 2, 1, 1, 2, 2, -3, 0, 0, 1, -1, 0, -1, -1, 1, -4, -1, 0 ] ], 
          [ [ 1, 3, -2, -1, 0, -1, -2, -1, 2, 0, 0, 0, 0, 0, 1, 0, -1, 2, 0, 0 ], 
              [ 1, -3, 2, 1, 0, 1, 2, 1, -2, 0, 0, 0, 0, 0, -1, 0, 1, -2, 0, 0 ] ], 
          [ [ 1, 3, -2, -1, 0, -1, -1, -2, 2, 0, 0, 0, 0, 0, 1, 0, -1, 2, 0, 0 ], 
              [ 1, -3, 2, 1, 0, 1, 1, 2, -2, 0, 0, 0, 0, 0, -1, 0, 1, -2, 0, 0 ] ], 
          [ [ 1, 9, -3, -3, -2, -3, -2, -2, 2, -2, -1, -1, 1, -1, 1, 1, -1, 5, 2, 1 ], 
              [ 1, -9, 3, 3, 2, 3, 2, 2, -2, 2, 1, 1, -1, 1, -1, -1, 1, -5, -2, -1 ] ], 
          [ [ 1, 5, -2, -2, -1, -1, -1, 0, 1, -1, -1, 0, 1, -1, 1, 0, -1, 2, 0, 0 ], 
              [ 1, -5, 2, 2, 1, 1, 1, 0, -1, 1, 1, 0, -1, 1, -1, 0, 1, -2, 0, 0 ] ], 
          [ [ 1, 6, -2, -2, -1, -2, -1, 0, 0, -2, -1, -1, 1, -1, 2, 0, 0, 3, 1, 0 ], 
              [ 1, -6, 2, 2, 1, 2, 1, 0, 0, 2, 1, 1, -1, 1, -2, 0, 0, -3, -1, 0 ] ], 
          [ [ 1, 6, -3, -3, -2, 0, -1, 0, 1, 0, -2, -1, 3, 1, 1, -1, -2, 3, 1, 0 ], 
              [ 1, -6, 3, 3, 2, 0, 1, 0, -1, 0, 2, 1, -3, -1, -1, 1, 2, -3, -1, 0 ] ], 
          [ [ 1, 6, -2, -2, -1, -2, -1, 0, 0, -2, -1, -1, 1, -1, 1, 1, 0, 3, 1, 1 ], 
              [ 1, -6, 2, 2, 1, 2, 1, 0, 0, 2, 1, 1, -1, 1, -1, -1, 0, -3, -1, -1 ] ], 
          [ [ 1, 6, -2, -2, -2, -2, -2, -1, 1, 0, 0, 0, 0, 0, 1, 0, -1, 3, 1, 1 ], 
              [ 1, -6, 2, 2, 2, 2, 2, 1, -1, 0, 0, 0, 0, 0, -1, 0, 1, -3, -1, -1 ] ], 
          [ [ 1, -2, 0, 1, 0, 0, -1, 0, 1, 1, 1, 1, -1, 0, 1, -1, 1, 0, -1, 0 ], 
              [ 1, 2, 0, -1, 0, 0, 1, 0, -1, -1, -1, -1, 1, 0, -1, 1, -1, 0, 1, 0 ] ], 
          [ [ 1, 3, -1, -1, 0, -2, -1, 0, 0, -1, 0, 1, -1, -1, 2, 0, 0, 1, 0, 0 ], 
              [ 1, -3, 1, 1, 0, 2, 1, 0, 0, 1, 0, -1, 1, 1, -2, 0, 0, -1, 0, 0 ] ], 
          [ [ 1, 4, -1, -1, 0, -3, -1, 0, -1, -2, 0, 0, -1, -1, 2, 1, 0, 2, 1, 1 ], 
              [ 1, -4, 1, 1, 0, 3, 1, 0, 1, 2, 0, 0, 1, 1, -2, -1, 0, -2, -1, -1 ] ], 
          [ [ 1, 0, 0, 0, 0, 0, -1, -1, 2, 1, 0, 0, 0, 0, 0, 0, 0, 1, -1, 0 ], 
              [ 1, 0, 0, 0, 0, 0, 1, 1, -2, -1, 0, 0, 0, 0, 0, 0, 0, -1, 1, 0 ] ], 
          [ [ 1, 3, 0, -1, 1, -2, 0, 1, -2, -2, -2, 0, 0, -1, 2, 0, 0, 1, 0, 0 ], 
              [ 1, -3, 0, 1, -1, 2, 0, -1, 2, 2, 2, 0, 0, 1, -2, 0, 0, -1, 0, 0 ] ], 
          [ [ 1, -2, 0, 0, 1, 1, 0, 0, 1, 1, -1, 0, 1, 1, 1, -1, -1, 0, -1, -1 ], 
              [ 1, 2, 0, 0, -1, -1, 0, 0, -1, -1, 1, 0, -1, -1, -1, 1, 1, 0, 1, 1 ] ], 
          [ [ 1, -2, 1, 1, 2, -1, 0, 0, 0, -1, 0, 0, -1, -1, 1, 1, 1, 0, -1, 0 ], 
              [ 1, 2, -1, -1, -2, 1, 0, 0, 0, 1, 0, 0, 1, 1, -1, -1, -1, 0, 1, 0 ] ], 
          [ [ 1, 3, -1, -1, 0, -1, 0, 0, 0, -1, -1, -1, 1, -1, 1, 0, 0, 2, 0, 0 ], 
              [ 1, -3, 1, 1, 0, 1, 0, 0, 0, 1, 1, 1, -1, 1, -1, 0, 0, -2, 0, 0 ] ], 
          [ [ 1, 1, 1, 0, 0, -2, 0, 0, -1, -1, 0, 0, -1, -1, 1, 1, 1, 1, 0, 1 ], 
              [ 1, -1, -1, 0, 0, 2, 0, 0, 1, 1, 0, 0, 1, 1, -1, -1, -1, -1, 0, -1 ] ], 
          [ [ 1, 0, 0, 0, 1, -1, 0, 0, 0, 0, 0, 1, -1, -1, 1, 0, 0, 0, -1, 0 ], 
              [ 1, 0, 0, 0, -1, 1, 0, 0, 0, 0, 0, -1, 1, 1, -1, 0, 0, 0, 1, 0 ] ], 
          [ [ 1, 1, -1, -1, 0, 0, -1, 1, 0, 1, -1, 0, 1, 1, 1, -1, -1, 1, 0, 0 ], 
              [ 1, -1, 1, 1, 0, 0, 1, -1, 0, -1, 1, 0, -1, -1, -1, 1, 1, -1, 0, 0 ] ], 
          [ [ 1, -3, 0, 1, 1, 2, 0, 0, 0, 1, 0, 1, 0, 0, 1, -1, 0, -1, -2, -1 ], 
              [ 1, 3, 0, -1, -1, -2, 0, 0, 0, -1, 0, -1, 0, 0, -1, 1, 0, 1, 2, 1 ] ], 
          [ [ 1, 3, -1, -1, -1, 0, -1, 0, 0, -1, -1, 0, 1, -1, 1, 0, 0, 2, 0, 0 ], 
              [ 1, -3, 1, 1, 1, 0, 1, 0, 0, 1, 1, 0, -1, 1, -1, 0, 0, -2, 0, 0 ] ], 
          [ [ 1, 3, 0, -1, 0, -1, -1, -1, 0, -1, -1, 0, 0, -1, 1, 1, 0, 2, 0, 0 ], 
              [ 1, -3, 0, 1, 0, 1, 1, 1, 0, 1, 1, 0, 0, 1, -1, -1, 0, -2, 0, 0 ] ], 
          [ [ 1, 0, 0, 0, 0, 1, 0, 0, 0, 0, -1, 0, 1, 0, 1, -1, 0, 0, -1, -1 ], 
              [ 1, 0, 0, 0, 0, -1, 0, 0, 0, 0, 1, 0, -1, 0, -1, 1, 0, 0, 1, 1 ] ], 
          [ [ 1, 0, 1, 1, 1, -1, 0, 0, -1, -2, 0, 0, -1, -2, 1, 1, 2, 0, -1, 0 ], 
              [ 1, 0, -1, -1, -1, 1, 0, 0, 1, 2, 0, 0, 1, 2, -1, -1, -2, 0, 1, 0 ] ], 
          [ [ 1, -3, 1, 1, 1, 2, 1, 2, -2, 0, -1, 0, 1, -1, 1, -1, 1, -1, -2, -1 ], 
              [ 1, 3, -1, -1, -1, -2, -1, -2, 2, 0, 1, 0, -1, 1, -1, 1, -1, 1, 2, 1 ] ], 
          [ [ 1, 0, 0, 0, 0, 1, 0, 0, 0, 0, -1, 0, 1, 0, 0, 0, 0, 0, -1, 0 ], 
              [ 1, 0, 0, 0, 0, -1, 0, 0, 0, 0, 1, 0, -1, 0, 0, 0, 0, 0, 1, 0 ] ], 
          [ [ 1, 3, -1, -1, -1, 0, -1, -2, 2, 0, 0, -1, 1, -1, 0, 1, 0, 3, 0, 0 ], 
              [ 1, -3, 1, 1, 1, 0, 1, 2, -2, 0, 0, 1, -1, 1, 0, -1, 0, -3, 0, 0 ] ], 
          [ [ 1, 0, 0, 0, 2, 0, 0, 1, -2, -1, -1, 0, 0, -1, 2, 0, 0, 0, -1, -1 ], 
              [ 1, 0, 0, 0, -2, 0, 0, -1, 2, 1, 1, 0, 0, 1, -2, 0, 0, 0, 1, 1 ] ], 
          [ [ 1, 6, -1, -2, 0, -2, 0, 0, -2, -3, -2, -1, 1, -2, 2, 1, 0, 3, 1, 0 ], 
              [ 1, -6, 1, 2, 0, 2, 0, 0, 2, 3, 2, 1, -1, 2, -2, -1, 0, -3, -1, 0 ] ], 
          [ [ 1, 9, -3, -4, -2, -1, -2, -1, 1, -1, -2, -2, 3, 0, 1, 1, -2, 5, 2, 0 ], 
              [ 1, -9, 3, 4, 2, 1, 2, 1, -1, 1, 2, 2, -3, 0, -1, -1, 2, -5, -2, 0 ] ], 
          [ [ 1, 0, -1, 0, 1, 1, 0, 0, 0, 0, -1, 0, 1, 0, 1, -1, -1, 0, -1, -1 ], 
              [ 1, 0, 1, 0, -1, -1, 0, 0, 0, 0, 1, 0, -1, 0, -1, 1, 1, 0, 1, 1 ] ], 
          [ [ 1, 0, -1, 0, 1, 1, 0, 0, 0, 0, -1, 0, 1, 0, 1, -1, 0, 0, -1, -1 ], 
              [ 1, 0, 1, 0, -1, -1, 0, 0, 0, 0, 1, 0, -1, 0, -1, 1, 0, 0, 1, 1 ] ], 
          [ [ 1, 3, 0, -1, 0, -1, 0, 1, -3, -1, -1, 0, 0, -1, 2, 0, 0, 1, 0, 0 ], 
              [ 1, -3, 0, 1, 0, 1, 0, -1, 3, 1, 1, 0, 0, 1, -2, 0, 0, -1, 0, 0 ] ], 
          [ [ 1, -2, 1, 1, 1, 0, 0, 0, -1, 0, 0, 1, -1, -1, 1, 0, 1, 0, -1, 0 ], 
              [ 1, 2, -1, -1, -1, 0, 0, 0, 1, 0, 0, -1, 1, 1, -1, 0, -1, 0, 1, 0 ] ], 
          [ [ 1, -2, 1, 1, 1, 0, 0, 0, -1, 0, 0, 1, -1, 0, 1, 0, 0, -1, -1, 0 ], 
              [ 1, 2, -1, -1, -1, 0, 0, 0, 1, 0, 0, -1, 1, 0, -1, 0, 0, 1, 1, 0 ] ], 
          [ [ 1, -2, 1, 1, 1, 0, 0, 0, -1, 0, 0, 1, -1, 0, 1, 0, 1, -1, -1, 0 ], 
              [ 1, 2, -1, -1, -1, 0, 0, 0, 1, 0, 0, -1, 1, 0, -1, 0, -1, 1, 1, 0 ] ], 
          [ [ 1, 1, -1, -1, -1, 1, -2, -1, 2, 2, 0, 0, 1, 1, 0, 0, -1, 2, 0, 0 ], 
              [ 1, -1, 1, 1, 1, -1, 2, 1, -2, -2, 0, 0, -1, -1, 0, 0, 1, -2, 0, 0 ] ], 
          [ [ 1, 0, 0, 1, 1, -1, -1, -1, 0, 0, 1, 1, -2, -1, 1, 0, 1, 0, -1, 0 ], 
              [ 1, 0, 0, -1, -1, 1, 1, 1, 0, 0, -1, -1, 2, 1, -1, 0, -1, 0, 1, 0 ] ], 
          [ [ 1, -2, 1, 1, 1, 0, 0, 0, -1, 0, 1, 0, -1, -1, 1, 1, 1, 0, -1, 0 ], 
              [ 1, 2, -1, -1, -1, 0, 0, 0, 1, 0, -1, 0, 1, 1, -1, -1, -1, 0, 1, 0 ] ], 
          [ [ 1, 2, 0, 0, 0, -1, 0, 0, -1, -1, 0, 1, -1, -2, 1, 0, 1, 0, -1, 0 ], 
              [ 1, -2, 0, 0, 0, 1, 0, 0, 1, 1, 0, -1, 1, 2, -1, 0, -1, 0, 1, 0 ] ], 
          [ [ 1, 3, -1, -1, -1, 0, -1, 1, -1, 0, -1, 0, 1, 0, 1, -1, 0, 1, 0, 0 ], 
              [ 1, -3, 1, 1, 1, 0, 1, -1, 1, 0, 1, 0, -1, 0, -1, 1, 0, -1, 0, 0 ] ], 
          [ [ 1, 3, 0, 0, 0, -2, 0, 0, -2, -2, 0, 0, -1, -2, 1, 1, 1, 1, 0, 1 ], 
              [ 1, -3, 0, 0, 0, 2, 0, 0, 2, 2, 0, 0, 1, 2, -1, -1, -1, -1, 0, -1 ] ], 
          [ [ 1, 4, -1, -2, 0, -1, -1, 1, -2, -1, -2, 0, 1, 0, 2, 0, -1, 2, 1, 0 ], 
              [ 1, -4, 1, 2, 0, 1, 1, -1, 2, 1, 2, 0, -1, 0, -2, 0, 1, -2, -1, 0 ] ], 
          [ [ 1, -2, 0, 1, 2, 0, 0, 0, -1, 0, 0, 1, -1, 0, 2, -1, 0, -1, -1, -1 ], 
              [ 1, 2, 0, -1, -2, 0, 0, 0, 1, 0, 0, -1, 1, 0, -2, 1, 0, 1, 1, 1 ] ], 
          [ [ 1, -2, 0, 1, 2, 0, 0, 0, -1, 0, 0, 1, -1, 0, 1, 0, 0, -1, -1, 0 ], 
              [ 1, 2, 0, -1, -2, 0, 0, 0, 1, 0, 0, -1, 1, 0, -1, 0, 0, 1, 1, 0 ] ], 
          [ [ 1, 4, -2, -2, -1, 0, -1, 0, 0, 0, -1, -1, 2, 0, 1, 0, -1, 3, 1, 0 ], 
              [ 1, -4, 2, 2, 1, 0, 1, 0, 0, 0, 1, 1, -2, 0, -1, 0, 1, -3, -1, 0 ] ], 
          [ [ 1, -5, 2, 2, 2, 1, 0, 1, -1, 1, 0, 1, -1, 0, 1, -1, 1, -2, -2, -1 ], 
              [ 1, 5, -2, -2, -2, -1, 0, -1, 1, -1, 0, -1, 1, 0, -1, 1, -1, 2, 2, 1 ] ], 
          [ [ 1, 4, -1, -2, 0, -1, -1, -1, 0, 0, -1, -1, 1, 0, 1, 1, -1, 3, 1, 0 ], 
              [ 1, -4, 1, 2, 0, 1, 1, 1, 0, 0, 1, 1, -1, 0, -1, -1, 1, -3, -1, 0 ] ], 
          [ [ 1, 1, 0, 0, 1, -1, 0, 0, -1, -1, -1, 0, 0, 0, 1, 0, 0, 0, 0, 0 ], 
              [ 1, -1, 0, 0, -1, 1, 0, 0, 1, 1, 1, 0, 0, 0, -1, 0, 0, 0, 0, 0 ] ], 
          [ [ 1, 0, 0, 0, 1, 0, 0, 0, 0, 0, 0, 0, 0, -1, 1, 0, 0, 0, -1, -1 ], 
              [ 1, 0, 0, 0, -1, 0, 0, 0, 0, 0, 0, 0, 0, 1, -1, 0, 0, 0, 1, 1 ] ], 
          [ [ 1, 6, -1, -1, -1, -3, -1, 0, -1, -4, -1, -1, 0, -2, 2, 1, 1, 3, 1, 2 ], 
              [ 1, -6, 1, 1, 1, 3, 1, 0, 1, 4, 1, 1, 0, 2, -2, -1, -1, -3, -1, -2 ] ], 
          [ [ 1, 3, -1, -1, -1, 0, -1, 1, 0, -1, -2, -1, 2, 0, 1, -1, 0, 2, 0, 1 ], 
              [ 1, -3, 1, 1, 1, 0, 1, -1, 0, 1, 2, 1, -2, 0, -1, 1, 0, -2, 0, -1 ] ], 
          [ [ 1, 6, -2, -2, -2, -1, -2, -1, 2, -1, -1, -2, 2, 0, 1, 0, -1, 4, 1, 1 ], 
              [ 1, -6, 2, 2, 2, 1, 2, 1, -2, 1, 1, 2, -2, 0, -1, 0, 1, -4, -1, -1 ] ], 
          [ [ 1, 1, 0, 0, 0, -1, -1, 1, -1, -1, -1, 0, 0, 0, 2, -1, 0, 1, 0, 1 ], 
              [ 1, -1, 0, 0, 0, 1, 1, -1, 1, 1, 1, 0, 0, 0, -2, 1, 0, -1, 0, -1 ] ], 
          [ [ 1, 3, -1, -1, -1, -1, -2, -1, 2, 0, 0, 0, 0, 0, 1, 0, -1, 2, 0, 1 ], 
              [ 1, -3, 1, 1, 1, 1, 2, 1, -2, 0, 0, 0, 0, 0, -1, 0, 1, -2, 0, -1 ] ], 
          [ [ 1, 4, -1, -1, -1, -2, -2, -1, 1, -1, 0, -1, 0, 0, 1, 1, 0, 3, 1, 2 ], 
              [ 1, -4, 1, 1, 1, 2, 2, 1, -1, 1, 0, 1, 0, 0, -1, -1, 0, -3, -1, -2 ] ], 
          [ [ 1, 5, -1, -1, -1, -2, -1, 1, -1, -2, -1, 0, 0, -1, 2, -1, 0, 1, 0, 1 ], 
              [ 1, -5, 1, 1, 1, 2, 1, -1, 1, 2, 1, 0, 0, 1, -2, 1, 0, -1, 0, -1 ] ], 
          [ [ 1, 6, -1, -2, -2, -2, -1, 0, 0, -2, -1, -1, 1, -1, 1, 1, 0, 3, 1, 2 ], 
              [ 1, -6, 1, 2, 2, 2, 1, 0, 0, 2, 1, 1, -1, 1, -1, -1, 0, -3, -1, -2 ] ], 
          [ [ 1, 8, -2, -2, -2, -3, -2, -1, 1, -2, 0, -1, 0, -2, 1, 1, 0, 4, 1, 2 ], 
              [ 1, -8, 2, 2, 2, 3, 2, 1, -1, 2, 0, 1, 0, 2, -1, -1, 0, -4, -1, -2 ] ], 
          [ [ 1, 0, 0, 1, 0, -1, -1, 0, 1, -1, 0, 1, -1, -1, 1, -1, 1, 0, -1, 1 ], 
              [ 1, 0, 0, -1, 0, 1, 1, 0, -1, 1, 0, -1, 1, 1, -1, 1, -1, 0, 1, -1 ] ], 
          [ [ 1, 0, 0, 1, 0, -1, -1, 0, 1, -1, 1, 0, -1, -1, 1, 0, 1, 0, -1, 1 ], 
              [ 1, 0, 0, -1, 0, 1, 1, 0, -1, 1, -1, 0, 1, 1, -1, 0, -1, 0, 1, -1 ] ], 
          [ [ 1, 6, -2, -2, -1, -2, -1, 0, 0, -2, -1, -1, 1, -1, 2, 0, -1, 3, 1, 1 ], 
              [ 1, -6, 2, 2, 1, 2, 1, 0, 0, 2, 1, 1, -1, 1, -2, 0, 1, -3, -1, -1 ] ], 
          [ [ 1, 3, 0, -1, -1, -1, -1, 1, 0, -1, -1, -1, 1, -1, 1, 0, 0, 2, 0, 1 ], 
              [ 1, -3, 0, 1, 1, 1, 1, -1, 0, 1, 1, 1, -1, 1, -1, 0, 0, -2, 0, -1 ] ], 
          [ [ 1, 6, -2, -2, -1, -2, -2, -1, 2, -1, -1, -1, 1, 0, 1, 0, -1, 3, 1, 1 ], 
              [ 1, -6, 2, 2, 1, 2, 2, 1, -2, 1, 1, 1, -1, 0, -1, 0, 1, -3, -1, -1 ] ], 
          [ [ 1, 4, -1, -1, -1, -1, -2, -1, 1, -1, -1, -1, 1, 0, 1, 0, 0, 3, 1, 1 ], 
              [ 1, -4, 1, 1, 1, 1, 2, 1, -1, 1, 1, 1, -1, 0, -1, 0, 0, -3, -1, -1 ] ], 
          [ [ 1, 0, 0, 0, 0, 1, -1, 1, 0, 0, -1, 0, 1, 0, 1, -1, 0, 0, -1, 0 ], 
              [ 1, 0, 0, 0, 0, -1, 1, -1, 0, 0, 1, 0, -1, 0, -1, 1, 0, 0, 1, 0 ] ], 
          [ [ 1, 0, 1, 1, 1, -1, 0, 0, -1, -2, 0, 0, -1, -2, 1, 1, 1, 0, -1, 1 ], 
              [ 1, 0, -1, -1, -1, 1, 0, 0, 1, 2, 0, 0, 1, 2, -1, -1, -1, 0, 1, -1 ] ], 
          [ [ 1, 1, 0, 0, 0, 0, -1, 1, -1, -1, -1, -1, 1, 0, 1, 0, 0, 1, 0, 1 ], 
              [ 1, -1, 0, 0, 0, 0, 1, -1, 1, 1, 1, 1, -1, 0, -1, 0, 0, -1, 0, -1 ] ], 
          [ [ 1, 1, 0, 0, 0, 0, 0, 0, -1, -1, -1, -1, 1, 0, 1, 0, 0, 1, 0, 1 ], 
              [ 1, -1, 0, 0, 0, 0, 0, 0, 1, 1, 1, 1, -1, 0, -1, 0, 0, -1, 0, -1 ] ], 
          [ [ 1, 3, 0, 0, 0, -2, -1, 1, -2, -2, 0, 0, -1, -2, 2, 0, 1, 1, 0, 1 ], 
              [ 1, -3, 0, 0, 0, 2, 1, -1, 2, 2, 0, 0, 1, 2, -2, 0, -1, -1, 0, -1 ] ], 
          [ [ 1, 6, -1, -1, -1, -3, -2, -1, 0, -2, 0, 0, -1, -1, 1, 1, 0, 2, 1, 2 ], 
              [ 1, -6, 1, 1, 1, 3, 2, 1, 0, 2, 0, 0, 1, 1, -1, -1, 0, -2, -1, -2 ] ], 
          [ [ 1, 3, -1, -1, -1, 0, -1, 1, -1, 0, -1, 0, 1, 0, 1, -1, -1, 1, 0, 1 ], 
              [ 1, -3, 1, 1, 1, 0, 1, -1, 1, 0, 1, 0, -1, 0, -1, 1, 1, -1, 0, -1 ] ], 
          [ [ 1, 6, -2, -2, -2, -1, -2, -1, 1, 0, 0, -1, 1, 0, 1, 0, -1, 3, 1, 1 ], 
              [ 1, -6, 2, 2, 2, 1, 2, 1, -1, 0, 0, 1, -1, 0, -1, 0, 1, -3, -1, -1 ] ], 
          [ [ 1, 3, 0, 0, 0, -2, -1, -1, 0, -1, 0, 0, -1, -1, 1, 0, 0, 1, 0, 1 ], 
              [ 1, -3, 0, 0, 0, 2, 1, 1, 0, 1, 0, 0, 1, 1, -1, 0, 0, -1, 0, -1 ] ], 
          [ [ 1, 0, 1, 1, 1, -1, 0, 1, -2, -1, 0, 0, -1, -1, 1, 0, 1, -1, -1, 1 ], 
              [ 1, 0, -1, -1, -1, 1, 0, -1, 2, 1, 0, 0, 1, 1, -1, 0, -1, 1, 1, -1 ] ], 
          [ [ 1, 0, 0, -1, 0, 1, 0, 1, 0, 0, -1, 0, 1, -1, 1, 0, 0, 1, -1, -1 ], 
              [ 1, 0, 0, 1, 0, -1, 0, -1, 0, 0, 1, 0, -1, 1, -1, 0, 0, -1, 1, 1 ] ], 
          [ [ 1, 3, -2, -2, 0, 0, -1, -1, 2, 0, -1, 0, 1, 0, 1, 0, -1, 2, 0, -1 ], 
              [ 1, -3, 2, 2, 0, 0, 1, 1, -2, 0, 1, 0, -1, 0, -1, 0, 1, -2, 0, 1 ] ], 
          [ [ 1, 0, 0, 0, 1, 0, 0, -1, 0, 0, 0, 1, -1, -1, 1, 0, 0, 0, -1, -1 ], 
              [ 1, 0, 0, 0, -1, 0, 0, 1, 0, 0, 0, -1, 1, 1, -1, 0, 0, 0, 1, 1 ] ], 
          [ [ 1, -3, 1, 1, 2, 1, 1, 1, -2, 0, 0, 1, -1, -1, 1, 0, 1, -2, -2, -1 ], 
              [ 1, 3, -1, -1, -2, -1, -1, -1, 2, 0, 0, -1, 1, 1, -1, 0, -1, 2, 2, 1 ] ], 
          [ [ 1, -2, 1, 0, 1, 1, 0, -1, 1, 1, 0, 0, 0, 0, 0, 1, 0, 0, -1, -1 ], 
              [ 1, 2, -1, 0, -1, -1, 0, 1, -1, -1, 0, 0, 0, 0, 0, -1, 0, 0, 1, 1 ] ], 
          [ [ 1, -5, 1, 1, 3, 2, 1, 1, -1, 1, -1, 1, 0, 0, 1, -1, 0, -2, -2, -2 ], 
              [ 1, 5, -1, -1, -3, -2, -1, -1, 1, -1, 1, -1, 0, 0, -1, 1, 0, 2, 2, 2 ] ], 
          [ [ 1, 4, -1, -2, -1, -1, -1, -1, 1, -1, -1, -1, 1, 0, 1, 1, -1, 3, 1, 1 ], 
              [ 1, -4, 1, 2, 1, 1, 1, 1, -1, 1, 1, 1, -1, 0, -1, -1, 1, -3, -1, -1 ] ], 
          [ [ 1, -5, 1, 2, 2, 1, 0, 1, 0, 0, 0, 1, -1, 0, 1, -1, 1, -2, -2, 0 ], 
              [ 1, 5, -1, -2, -2, -1, 0, -1, 0, 0, 0, -1, 1, 0, -1, 1, -1, 2, 2, 0 ] ], 
          [ [ 1, 1, 0, -1, 0, 0, -1, 0, 1, 0, -1, -1, 1, 0, 1, 0, 0, 2, 0, 0 ], 
              [ 1, -1, 0, 1, 0, 0, 1, 0, -1, 0, 1, 1, -1, 0, -1, 0, 0, -2, 0, 0 ] ], 
          [ [ 1, 3, 0, -1, 0, -2, -1, 0, 0, -1, 0, 0, -1, -1, 1, 1, 0, 1, 0, 1 ], 
              [ 1, -3, 0, 1, 0, 2, 1, 0, 0, 1, 0, 0, 1, 1, -1, -1, 0, -1, 0, -1 ] ], 
          [ [ 1, -2, 0, 0, 1, 2, -1, 0, 1, 1, -1, 0, 1, 1, 1, -1, -1, 0, -1, -1 ], 
              [ 1, 2, 0, 0, -1, -2, 1, 0, -1, -1, 1, 0, -1, -1, -1, 1, 1, 0, 1, 1 ] ], 
          [ [ 1, -2, 1, 1, 2, 0, 0, -1, 0, -1, 0, 0, -1, -1, 1, 1, 1, 0, -1, 0 ], 
              [ 1, 2, -1, -1, -2, 0, 0, 1, 0, 1, 0, 0, 1, 1, -1, -1, -1, 0, 1, 0 ] ], 
          [ [ 1, 1, 0, -1, 0, 1, 0, 1, -1, -1, -2, -1, 2, 0, 1, 0, 0, 1, 0, 0 ], 
              [ 1, -1, 0, 1, 0, -1, 0, -1, 1, 1, 2, 1, -2, 0, -1, 0, 0, -1, 0, 0 ] ], 
          [ [ 1, 3, -1, -1, 0, 0, -1, 0, 0, -1, -1, -1, 1, -1, 1, 0, 0, 2, 0, 0 ], 
              [ 1, -3, 1, 1, 0, 0, 1, 0, 0, 1, 1, 1, -1, 1, -1, 0, 0, -2, 0, 0 ] ], 
          [ [ 1, 1, 1, 0, 0, -1, -1, 0, -1, -1, 0, 0, -1, -1, 1, 1, 1, 1, 0, 1 ], 
              [ 1, -1, -1, 0, 0, 1, 1, 0, 1, 1, 0, 0, 1, 1, -1, -1, -1, -1, 0, -1 ] ], 
          [ [ 1, 0, 0, 0, 1, 0, -1, 0, 0, 0, 0, 1, -1, -1, 1, 0, 0, 0, -1, 0 ], 
              [ 1, 0, 0, 0, -1, 0, 1, 0, 0, 0, 0, -1, 1, 1, -1, 0, 0, 0, 1, 0 ] ], 
          [ [ 1, 1, -1, -1, 0, 1, -1, 0, 0, 1, -1, 0, 1, 1, 1, -1, -1, 1, 0, 0 ], 
              [ 1, -1, 1, 1, 0, -1, 1, 0, 0, -1, 1, 0, -1, -1, -1, 1, 1, -1, 0, 0 ] ], 
          [ [ 1, 6, -1, -2, -1, -2, -1, -1, 0, -2, 0, -1, 0, -2, 1, 2, 0, 3, 1, 1 ], 
              [ 1, -6, 1, 2, 1, 2, 1, 1, 0, 2, 0, 1, 0, 2, -1, -2, 0, -3, -1, -1 ] ], 
          [ [ 1, -3, 0, 1, 1, 2, 0, 1, 0, 1, 0, 1, 0, 0, 1, -2, 0, -2, -2, -1 ], 
              [ 1, 3, 0, -1, -1, -2, 0, -1, 0, -1, 0, -1, 0, 0, -1, 2, 0, 2, 2, 1 ] ], 
          [ [ 1, -3, 1, 1, 2, 1, 0, 0, 0, 1, 0, 1, -1, 0, 1, -1, 0, -2, -2, -1 ], 
              [ 1, 3, -1, -1, -2, -1, 0, 0, 0, -1, 0, -1, 1, 0, -1, 1, 0, 2, 2, 1 ] ], 
          [ [ 1, 3, 0, -1, 0, -1, -1, 0, 0, -1, -1, 0, 0, -1, 1, 0, 0, 1, 0, 0 ], 
              [ 1, -3, 0, 1, 0, 1, 1, 0, 0, 1, 1, 0, 0, 1, -1, 0, 0, -1, 0, 0 ] ], 
          [ [ 1, -2, 1, 1, 2, 0, 0, 0, -1, 0, 0, 0, -1, 0, 1, 0, 0, -1, -1, 0 ], 
              [ 1, 2, -1, -1, -2, 0, 0, 0, 1, 0, 0, 0, 1, 0, -1, 0, 0, 1, 1, 0 ] ], 
          [ [ 1, 0, 1, 0, 1, 0, 1, 1, -2, -1, -1, 0, 0, -1, 1, 0, 0, -1, -1, 0 ], 
              [ 1, 0, -1, 0, -1, 0, -1, -1, 2, 1, 1, 0, 0, 1, -1, 0, 0, 1, 1, 0 ] ], 
          [ [ 1, 3, -1, -2, -1, 1, -1, 0, 1, 1, -1, -1, 2, 0, 0, 0, -1, 2, 0, 0 ], 
              [ 1, -3, 1, 2, 1, -1, 1, 0, -1, -1, 1, 1, -2, 0, 0, 0, 1, -2, 0, 0 ] ], 
          [ [ 1, -3, 1, 2, 2, 0, 0, -1, 1, 0, 1, 1, -2, -1, 0, 0, 1, -2, -2, 0 ], 
              [ 1, 3, -1, -2, -2, 0, 0, 1, -1, 0, -1, -1, 2, 1, 0, 0, -1, 2, 2, 0 ] ], 
          [ [ 1, 1, 0, -1, 0, 0, -1, 0, 0, 1, 0, 0, 0, 0, 1, 0, -1, 1, 0, 0 ], 
              [ 1, -1, 0, 1, 0, 0, 1, 0, 0, -1, 0, 0, 0, 0, -1, 0, 1, -1, 0, 0 ] ], 
          [ [ 1, 3, 0, -1, -1, 0, -1, 0, 0, -1, -1, -1, 1, -1, 1, 0, 0, 2, 0, 1 ], 
              [ 1, -3, 0, 1, 1, 0, 1, 0, 0, 1, 1, 1, -1, 1, -1, 0, 0, -2, 0, -1 ] ], 
          [ [ 1, 3, -1, -1, 0, 0, -1, 0, 0, -1, -1, -1, 1, 0, 1, 0, -1, 1, 0, 1 ], 
              [ 1, -3, 1, 1, 0, 0, 1, 0, 0, 1, 1, 1, -1, 0, -1, 0, 1, -1, 0, -1 ] ], 
          [ [ 1, -2, 1, 1, 0, 1, -1, 0, 1, 1, 0, 0, 0, 1, 0, -1, 0, -1, -1, 1 ], 
              [ 1, 2, -1, -1, 0, -1, 1, 0, -1, -1, 0, 0, 0, -1, 0, 1, 0, 1, 1, -1 ] ], 
          [ [ 1, 4, 0, -1, 0, -2, -1, 0, -1, -2, -1, -1, 0, -1, 1, 1, 0, 2, 1, 2 ], 
              [ 1, -4, 0, 1, 0, 2, 1, 0, 1, 2, 1, 1, 0, 1, -1, -1, 0, -2, -1, -2 ] ], 
          [ [ 1, 5, -2, -2, -1, -2, 0, 1, -1, -2, -1, 0, 1, -1, 1, 0, 0, 2, 1, 0 ], 
              [ 1, -5, 2, 2, 1, 2, 0, -1, 1, 2, 1, 0, -1, 1, -1, 0, 0, -2, -1, 0 ] ], 
          [ [ 1, 3, -1, -1, -1, -2, -1, 0, 0, -1, 0, 0, 0, 0, 1, 0, 0, 2, 1, 1 ], 
              [ 1, -3, 1, 1, 1, 2, 1, 0, 0, 1, 0, 0, 0, 0, -1, 0, 0, -2, -1, -1 ] ], 
          [ [ 1, 0, -1, -1, 0, 0, 0, 0, 0, 0, 0, 1, 0, 0, 1, 0, 0, 1, 0, -1 ], 
              [ 1, 0, 1, 1, 0, 0, 0, 0, 0, 0, 0, -1, 0, 0, -1, 0, 0, -1, 0, 1 ] ], 
          [ [ 1, 3, -1, -2, -1, -1, 0, 0, 0, -1, -1, 0, 1, 0, 1, 0, 0, 2, 1, -1 ], 
              [ 1, -3, 1, 2, 1, 1, 0, 0, 0, 1, 1, 0, -1, 0, -1, 0, 0, -2, -1, 1 ] ], 
          [ [ 1, 0, 0, -1, 0, 0, 1, 2, -2, -1, -1, 0, 1, -1, 1, 0, 1, 1, 0, -1 ], 
              [ 1, 0, 0, 1, 0, 0, -1, -2, 2, 1, 1, 0, -1, 1, -1, 0, -1, -1, 0, 1 ] ], 
          [ [ 1, 3, -1, -2, -1, -1, 0, 0, 0, -1, -1, 0, 1, 0, 0, 1, 0, 2, 1, 0 ], 
              [ 1, -3, 1, 2, 1, 1, 0, 0, 0, 1, 1, 0, -1, 0, 0, -1, 0, -2, -1, 0 ] ], 
          [ [ 1, 6, -2, -3, -2, -2, -1, -2, 2, -1, 0, -1, 1, -1, 0, 2, 0, 5, 2, 0 ], 
              [ 1, -6, 2, 3, 2, 2, 1, 2, -2, 1, 0, 1, -1, 1, 0, -2, 0, -5, -2, 0 ] ], 
          [ [ 1, 2, -1, -2, -1, 0, 0, 0, 1, 0, 0, 0, 1, -1, 0, 1, 0, 2, 0, -1 ], 
              [ 1, -2, 1, 2, 1, 0, 0, 0, -1, 0, 0, 0, -1, 1, 0, -1, 0, -2, 0, 1 ] ], 
          [ [ 1, 3, -2, -3, -2, 1, 0, 0, 1, 1, -1, -1, 3, 1, 0, 0, -1, 3, 1, -1 ], 
              [ 1, -3, 2, 3, 2, -1, 0, 0, -1, -1, 1, 1, -3, -1, 0, 0, 1, -3, -1, 1 ] ], 
          [ [ 1, -3, -1, 0, 0, 2, 0, 0, 2, 2, 0, 1, 1, 1, 0, -2, 0, 0, -1, -2 ], 
              [ 1, 3, 1, 0, 0, -2, 0, 0, -2, -2, 0, -1, -1, -1, 0, 2, 0, 0, 1, 2 ] ], 
          [ [ 1, -3, 0, 1, 1, 0, 1, -1, 1, 0, 1, 1, -1, 0, 0, 0, 1, -1, -1, -1 ], 
              [ 1, 3, 0, -1, -1, 0, -1, 1, -1, 0, -1, -1, 1, 0, 0, 0, -1, 1, 1, 1 ] ], 
          [ [ 1, 2, -2, -2, 0, 0, 0, 0, 1, 0, -1, 1, 1, 0, 1, -1, -1, 1, 0, -2 ], 
              [ 1, -2, 2, 2, 0, 0, 0, 0, -1, 0, 1, -1, -1, 0, -1, 1, 1, -1, 0, 2 ] ], 
          [ [ 1, 3, -2, -2, 0, -1, 0, 0, 0, -1, -1, 0, 1, 0, 1, 0, -1, 2, 1, -1 ], 
              [ 1, -3, 2, 2, 0, 1, 0, 0, 0, 1, 1, 0, -1, 0, -1, 0, 1, -2, -1, 1 ] ], 
          [ [ 1, 3, -2, -2, 0, -1, 0, 0, 0, -1, -1, 0, 1, 0, 1, 0, 0, 2, 1, -1 ], 
              [ 1, -3, 2, 2, 0, 1, 0, 0, 0, 1, 1, 0, -1, 0, -1, 0, 0, -2, -1, 1 ] ], 
          [ [ 1, 5, -1, -2, -1, -3, 0, 0, -1, -2, 0, 1, -1, -2, 1, 1, 1, 2, 1, 0 ], 
              [ 1, -5, 1, 2, 1, 3, 0, 0, 1, 2, 0, -1, 1, 2, -1, -1, -1, -2, -1, 0 ] ], 
          [ [ 1, 0, -1, -1, -1, 0, 0, -1, 2, 1, 1, 1, 0, 0, 0, 0, 0, 1, 0, -1 ], 
              [ 1, 0, 1, 1, 1, 0, 0, 1, -2, -1, -1, -1, 0, 0, 0, 0, 0, -1, 0, 1 ] ], 
          [ [ 1, -1, -1, 0, 0, 0, 0, 0, 1, 1, 1, 2, -1, 0, 0, -1, 0, -1, -1, -1 ], 
              [ 1, 1, 1, 0, 0, 0, 0, 0, -1, -1, -1, -2, 1, 0, 0, 1, 0, 1, 1, 1 ] ], 
          [ [ 1, 0, 0, -1, 0, 0, 1, 0, 0, 0, -1, 0, 1, 0, 0, 0, 0, 1, 0, -1 ], 
              [ 1, 0, 0, 1, 0, 0, -1, 0, 0, 0, 1, 0, -1, 0, 0, 0, 0, -1, 0, 1 ] ], 
          [ [ 1, 5, -2, -3, -2, -1, -1, -1, 2, 1, 0, 0, 1, 0, 0, 0, -1, 3, 1, -1 ], 
              [ 1, -5, 2, 3, 2, 1, 1, 1, -2, -1, 0, 0, -1, 0, 0, 0, 1, -3, -1, 1 ] ], 
          [ [ 1, -6, 2, 2, 2, 0, 2, 1, -1, 0, 1, 2, -2, -1, 0, 0, 2, -3, -2, -1 ], 
              [ 1, 6, -2, -2, -2, 0, -2, -1, 1, 0, -1, -2, 2, 1, 0, 0, -2, 3, 2, 1 ] ], 
          [ [ 1, 3, -1, -2, 0, -2, 0, 0, 0, -1, 0, 0, 0, -1, 1, 1, 0, 2, 1, -1 ], 
              [ 1, -3, 1, 2, 0, 2, 0, 0, 0, 1, 0, 0, 0, 1, -1, -1, 0, -2, -1, 1 ] ], 
          [ [ 1, 3, -2, -3, -1, 0, 0, 0, 1, 1, -1, 0, 2, 1, 0, 0, -2, 2, 1, -1 ], 
              [ 1, -3, 2, 3, 1, 0, 0, 0, -1, -1, 1, 0, -2, -1, 0, 0, 2, -2, -1, 1 ] ], 
          [ [ 1, 2, -1, -1, 1, -2, 1, 0, -1, -1, 0, 1, -1, -1, 1, 0, 0, 0, 0, -1 ], 
              [ 1, -2, 1, 1, -1, 2, -1, 0, 1, 1, 0, -1, 1, 1, -1, 0, 0, 0, 0, 1 ] ], 
          [ [ 1, -3, 0, 0, 1, 2, 1, 0, 0, 1, -1, 1, 1, 1, 0, -1, 0, -1, -1, -2 ], 
              [ 1, 3, 0, 0, -1, -2, -1, 0, 0, -1, 1, -1, -1, -1, 0, 1, 0, 1, 1, 2 ] ], 
          [ [ 1, -3, 0, 0, 1, 2, 1, 0, 0, 1, 0, 0, 1, 0, 0, 0, 0, 0, -1, -2 ], 
              [ 1, 3, 0, 0, -1, -2, -1, 0, 0, -1, 0, 0, -1, 0, 0, 0, 0, 0, 1, 2 ] ], 
          [ [ 1, 1, -1, -2, -1, 1, 0, 0, 0, 1, -1, 0, 2, 1, 0, 0, -1, 2, 1, -1 ], 
              [ 1, -1, 1, 2, 1, -1, 0, 0, 0, -1, 1, 0, -2, -1, 0, 0, 1, -2, -1, 1 ] ], 
          [ [ 1, 0, 0, 0, 1, -1, 1, 0, -2, -1, 0, 1, -1, -1, 1, 0, 1, 0, 0, -1 ], 
              [ 1, 0, 0, 0, -1, 1, -1, 0, 2, 1, 0, -1, 1, 1, -1, 0, -1, 0, 0, 1 ] ], 
          [ [ 1, -4, 1, 1, 2, 1, 2, 2, -3, 0, 0, 2, -1, -1, 1, -1, 1, -3, -2, -2 ], 
              [ 1, 4, -1, -1, -2, -1, -2, -2, 3, 0, 0, -2, 1, 1, -1, 1, -1, 3, 2, 2 ] ], 
          [ [ 1, 2, -1, -1, 0, -1, 0, -2, 1, 0, 1, 1, -1, -1, 0, 1, 0, 1, 0, -1 ], 
              [ 1, -2, 1, 1, 0, 1, 0, 2, -1, 0, -1, -1, 1, 1, 0, -1, 0, -1, 0, 1 ] ], 
          [ [ 1, 3, -2, -2, -1, 0, -1, -1, 1, 1, 0, 0, 1, 1, 0, 0, -1, 2, 1, -1 ], 
              [ 1, -3, 2, 2, 1, 0, 1, 1, -1, -1, 0, 0, -1, -1, 0, 0, 1, -2, -1, 1 ] ], 
          [ [ 1, 5, -2, -3, -2, 0, 0, 0, 0, 0, -1, 0, 2, 0, 0, 0, -1, 2, 1, -1 ], 
              [ 1, -5, 2, 3, 2, 0, 0, 0, 0, 0, 1, 0, -2, 0, 0, 0, 1, -2, -1, 1 ] ], 
          [ [ 1, 3, -2, -2, 0, -1, 0, 0, -1, 0, 0, 1, 0, 0, 1, 0, -1, 1, 1, -1 ], 
              [ 1, -3, 2, 2, 0, 1, 0, 0, 1, 0, 0, -1, 0, 0, -1, 0, 1, -1, -1, 1 ] ], 
          [ [ 1, -3, 1, 0, 1, 1, 1, 0, 0, 1, 0, 1, 0, 0, 0, 0, 0, -1, -1, -2 ], 
              [ 1, 3, -1, 0, -1, -1, -1, 0, 0, -1, 0, -1, 0, 0, 0, 0, 0, 1, 1, 2 ] ], 
          [ [ 1, -2, 1, 0, 1, 0, 1, 0, -1, 0, 0, 0, 0, 0, 0, 1, 1, 0, 0, -1 ], 
              [ 1, 2, -1, 0, -1, 0, -1, 0, 1, 0, 0, 0, 0, 0, 0, -1, -1, 0, 0, 1 ] ], 
          [ [ 1, 2, 0, -1, 0, -1, 1, 0, -1, -1, 0, 0, 0, -2, 0, 1, 1, 1, 0, -1 ], 
              [ 1, -2, 0, 1, 0, 1, -1, 0, 1, 1, 0, 0, 0, 2, 0, -1, -1, -1, 0, 1 ] ], 
          [ [ 1, -3, 0, 0, 2, 1, 1, 0, 0, 1, 0, 1, 0, 0, 0, 0, 0, -1, -1, -2 ], 
              [ 1, 3, 0, 0, -2, -1, -1, 0, 0, -1, 0, -1, 0, 0, 0, 0, 0, 1, 1, 2 ] ], 
          [ [ 1, 0, 0, -1, 0, 0, 0, 1, -1, 1, 0, 1, 0, 0, 0, 0, 0, 0, 0, -1 ], 
              [ 1, 0, 0, 1, 0, 0, 0, -1, 1, -1, 0, -1, 0, 0, 0, 0, 0, 0, 0, 1 ] ], 
          [ [ 1, 0, 0, -1, 0, 0, 1, 0, -1, 1, 0, 1, 0, 0, 0, 0, 0, 0, 0, -1 ], 
              [ 1, 0, 0, 1, 0, 0, -1, 0, 1, -1, 0, -1, 0, 0, 0, 0, 0, 0, 0, 1 ] ], 
          [ [ 1, -6, 1, 2, 2, 1, 1, 0, 0, 2, 2, 2, -2, 0, 0, -1, 1, -3, -2, -2 ], 
              [ 1, 6, -1, -2, -2, -1, -1, 0, 0, -2, -2, -2, 2, 0, 0, 1, -1, 3, 2, 2 ] ], 
          [ [ 1, 3, -2, -2, -1, 0, -1, -1, 2, 0, -1, -1, 2, 1, 0, 0, -1, 3, 1, 0 ], 
              [ 1, -3, 2, 2, 1, 0, 1, 1, -2, 0, 1, 1, -2, -1, 0, 0, 1, -3, -1, 0 ] ], 
          [ [ 1, 5, -1, -2, -1, -2, 0, 0, 0, -3, -1, -1, 1, -2, 1, 1, 1, 3, 1, 0 ], 
              [ 1, -5, 1, 2, 1, 2, 0, 0, 0, 3, 1, 1, -1, 2, -1, -1, -1, -3, -1, 0 ] ], 
          [ [ 1, 5, -2, -3, -2, 0, 0, 0, 1, -1, -2, -1, 3, 0, 0, 0, -1, 3, 1, 0 ], 
              [ 1, -5, 2, 3, 2, 0, 0, 0, -1, 1, 2, 1, -3, 0, 0, 0, 1, -3, -1, 0 ] ], 
          [ [ 1, -1, -1, 0, 0, 1, 0, 0, 2, 0, 0, 0, 1, 0, 0, -1, 0, 0, -1, -1 ], 
              [ 1, 1, 1, 0, 0, -1, 0, 0, -2, 0, 0, 0, -1, 0, 0, 1, 0, 0, 1, 1 ] ], 
          [ [ 1, 5, -1, -2, -2, -2, -1, -1, 1, -1, 0, 0, 0, -1, 0, 1, 0, 3, 1, 1 ], 
              [ 1, -5, 1, 2, 2, 2, 1, 1, -1, 1, 0, 0, 0, 1, 0, -1, 0, -3, -1, -1 ] ], 
          [ [ 1, 2, 0, -1, -1, -1, 0, 1, -1, -1, 0, 0, 0, -1, 1, 0, 1, 1, 0, 0 ], 
              [ 1, -2, 0, 1, 1, 1, 0, -1, 1, 1, 0, 0, 0, 1, -1, 0, -1, -1, 0, 0 ] ], 
          [ [ 1, -3, 1, 1, 0, 0, 0, 0, 1, 0, 1, 1, -1, -1, 0, 0, 2, 0, -1, 0 ], 
              [ 1, 3, -1, -1, 0, 0, 0, 0, -1, 0, -1, -1, 1, 1, 0, 0, -2, 0, 1, 0 ] ], 
          [ [ 1, -3, 1, 1, 0, 0, 0, 0, 1, 0, 1, 1, -1, 0, 0, 0, 1, -1, -1, 0 ], 
              [ 1, 3, -1, -1, 0, 0, 0, 0, -1, 0, -1, -1, 1, 0, 0, 0, -1, 1, 1, 0 ] ], 
          [ [ 1, 2, -1, -1, -2, 0, 0, 0, 1, 0, 0, 0, 1, 0, 0, -1, 0, 1, 0, 0 ], 
              [ 1, -2, 1, 1, 2, 0, 0, 0, -1, 0, 0, 0, -1, 0, 0, 1, 0, -1, 0, 0 ] ], 
          [ [ 1, 2, 0, 0, -1, -2, 0, 0, 0, -2, 1, 0, -1, -2, 0, 1, 2, 1, 0, 1 ], 
              [ 1, -2, 0, 0, 1, 2, 0, 0, 0, 2, -1, 0, 1, 2, 0, -1, -2, -1, 0, -1 ] ], 
          [ [ 1, 3, -1, -2, -1, -1, -1, 1, 0, -1, -1, 0, 1, 0, 1, 0, 0, 2, 1, 0 ], 
              [ 1, -3, 1, 2, 1, 1, 1, -1, 0, 1, 1, 0, -1, 0, -1, 0, 0, -2, -1, 0 ] ], 
          [ [ 1, 3, -1, -2, -1, -1, 0, 0, 0, -1, -1, 0, 1, 0, 1, 0, -1, 2, 1, 0 ], 
              [ 1, -3, 1, 2, 1, 1, 0, 0, 0, 1, 1, 0, -1, 0, -1, 0, 1, -2, -1, 0 ] ], 
          [ [ 1, 3, -1, -2, -1, -1, 0, 0, 0, -1, -1, 0, 1, 0, 1, 0, 0, 2, 1, 0 ], 
              [ 1, -3, 1, 2, 1, 1, 0, 0, 0, 1, 1, 0, -1, 0, -1, 0, 0, -2, -1, 0 ] ], 
          [ [ 1, 3, 0, -1, 0, -3, 0, 0, -1, -3, 0, 0, -1, -2, 1, 2, 1, 2, 1, 1 ], 
              [ 1, -3, 0, 1, 0, 3, 0, 0, 1, 3, 0, 0, 1, 2, -1, -2, -1, -2, -1, -1 ] ], 
          [ [ 1, 2, -1, -1, 0, -1, 0, 1, -1, -1, -1, 1, 0, 0, 1, -1, 0, 0, 0, 0 ], 
              [ 1, -2, 1, 1, 0, 1, 0, -1, 1, 1, 1, -1, 0, 0, -1, 1, 0, 0, 0, 0 ] ], 
          [ [ 1, 4, -1, -2, -1, -2, 0, 0, -1, -2, -1, -1, 1, 0, 1, 1, 0, 3, 2, 1 ], 
              [ 1, -4, 1, 2, 1, 2, 0, 0, 1, 2, 1, 1, -1, 0, -1, -1, 0, -3, -2, -1 ] ], 
          [ [ 1, 0, 0, -1, 0, 0, 1, 2, -2, -1, -1, 0, 1, 0, 1, 0, 0, 0, 0, 0 ], 
              [ 1, 0, 0, 1, 0, 0, -1, -2, 2, 1, 1, 0, -1, 0, -1, 0, 0, 0, 0, 0 ] ], 
          [ [ 1, 6, -3, -4, -3, 0, -2, -1, 3, 1, -1, -1, 3, 1, 0, 0, -2, 5, 2, 0 ], 
              [ 1, -6, 3, 4, 3, 0, 2, 1, -3, -1, 1, 1, -3, -1, 0, 0, 2, -5, -2, 0 ] ], 
          [ [ 1, 5, -2, -2, -1, -2, -1, -1, 1, -1, 0, 0, 0, -1, 1, 0, 0, 3, 1, 0 ], 
              [ 1, -5, 2, 2, 1, 2, 1, 1, -1, 1, 0, 0, 0, 1, -1, 0, 0, -3, -1, 0 ] ], 
          [ [ 1, 5, -2, -2, -1, -2, -1, -1, 1, -1, 0, 0, 0, 0, 1, 0, -1, 2, 1, 0 ], 
              [ 1, -5, 2, 2, 1, 2, 1, 1, -1, 1, 0, 0, 0, 0, -1, 0, 1, -2, -1, 0 ] ], 
          [ [ 1, 3, -1, -2, -1, -1, 0, 0, 0, -1, 0, -1, 1, -1, 1, 1, 0, 3, 1, 0 ], 
              [ 1, -3, 1, 2, 1, 1, 0, 0, 0, 1, 0, 1, -1, 1, -1, -1, 0, -3, -1, 0 ] ], 
          [ [ 1, 6, -2, -3, -2, -2, -1, -2, 2, -1, 0, -1, 1, 0, 0, 2, -1, 4, 2, 1 ], 
              [ 1, -6, 2, 3, 2, 2, 1, 2, -2, 1, 0, 1, -1, 0, 0, -2, 1, -4, -2, -1 ] ], 
          [ [ 1, 8, -3, -4, -3, -1, -1, 1, 0, -1, -2, -1, 3, 0, 1, -1, -1, 4, 2, 0 ], 
              [ 1, -8, 3, 4, 3, 1, 1, -1, 0, 1, 2, 1, -3, 0, -1, 1, 1, -4, -2, 0 ] ], 
          [ [ 1, 2, -1, -1, 0, -1, 0, 1, -1, -1, 0, 0, 0, -1, 1, 0, 0, 1, 0, 0 ], 
              [ 1, -2, 1, 1, 0, 1, 0, -1, 1, 1, 0, 0, 0, 1, -1, 0, 0, -1, 0, 0 ] ], 
          [ [ 1, 8, -2, -3, -2, -3, 0, 0, -1, -3, -1, -1, 1, -2, 1, 1, 0, 4, 2, 1 ], 
              [ 1, -8, 2, 3, 2, 3, 0, 0, 1, 3, 1, 1, -1, 2, -1, -1, 0, -4, -2, -1 ] ], 
          [ [ 1, 8, -2, -3, -2, -3, 0, 0, -1, -3, -1, -1, 1, -1, 1, 1, 0, 3, 2, 1 ], 
              [ 1, -8, 2, 3, 2, 3, 0, 0, 1, 3, 1, 1, -1, 1, -1, -1, 0, -3, -2, -1 ] ], 
          [ [ 1, 11, -4, -5, -4, -2, -2, -1, 2, -1, -1, -2, 3, 0, 0, 1, -2, 6, 3, 1 ], 
              [ 1, -11, 4, 5, 4, 2, 2, 1, -2, 1, 1, 2, -3, 0, 0, -1, 2, -6, -3, -1 ] ], 
          [ [ 1, -6, 1, 2, 2, 1, 1, 2, -1, 0, 0, 2, -1, 0, 1, -2, 1, -3, -2, -1 ], 
              [ 1, 6, -1, -2, -2, -1, -1, -2, 1, 0, 0, -2, 1, 0, -1, 2, -1, 3, 2, 1 ] ], 
          [ [ 1, 0, -1, 0, 0, -1, -1, -2, 3, 0, 1, 1, -1, 0, 0, 0, 0, 1, 0, 0 ], 
              [ 1, 0, 1, 0, 0, 1, 1, 2, -3, 0, -1, -1, 1, 0, 0, 0, 0, -1, 0, 0 ] ], 
          [ [ 1, -3, 0, 1, 1, 0, 0, 0, 1, 0, 1, 1, -1, 0, 1, -1, 1, -1, -1, -1 ], 
              [ 1, 3, 0, -1, -1, 0, 0, 0, -1, 0, -1, -1, 1, 0, -1, 1, -1, 1, 1, 1 ] ], 
          [ [ 1, -3, -1, 0, 0, 2, 0, 0, 2, 2, 0, 1, 1, 2, 0, -2, -1, -1, -1, -1 ], 
              [ 1, 3, 1, 0, 0, -2, 0, 0, -2, -2, 0, -1, -1, -2, 0, 2, 1, 1, 1, 1 ] ], 
          [ [ 1, 3, -2, -2, -2, 0, -1, 0, 2, 0, -1, 0, 2, 1, 0, -1, -1, 2, 1, 0 ], 
              [ 1, -3, 2, 2, 2, 0, 1, 0, -2, 0, 1, 0, -2, -1, 0, 1, 1, -2, -1, 0 ] ], 
          [ [ 1, -3, 0, 1, 1, 0, 0, 0, 1, 0, 1, 1, -1, 0, 0, 0, 1, -1, -1, 0 ], 
              [ 1, 3, 0, -1, -1, 0, 0, 0, -1, 0, -1, -1, 1, 0, 0, 0, -1, 1, 1, 0 ] ], 
          [ [ 1, 2, -1, 0, 0, -2, 0, 0, 0, -2, 0, 1, -1, -1, 1, -1, 1, 0, 0, 0 ], 
              [ 1, -2, 1, 0, 0, 2, 0, 0, 0, 2, 0, -1, 1, 1, -1, 1, -1, 0, 0, 0 ] ], 
          [ [ 1, 3, -1, -1, -1, -2, 0, -1, 1, -2, 0, 0, 0, -1, 0, 1, 1, 2, 1, 1 ], 
              [ 1, -3, 1, 1, 1, 2, 0, 1, -1, 2, 0, 0, 0, 1, 0, -1, -1, -2, -1, -1 ] ], 
          [ [ 1, 0, 0, 0, 0, -1, 1, 1, -1, -2, 0, 0, 0, -1, 1, 0, 1, 0, 0, 0 ], 
              [ 1, 0, 0, 0, 0, 1, -1, -1, 1, 2, 0, 0, 0, 1, -1, 0, -1, 0, 0, 0 ] ], 
          [ [ 1, 3, -2, -2, -2, 0, -1, 0, 2, 0, 0, -1, 2, 0, 0, 0, 0, 3, 1, 0 ], 
              [ 1, -3, 2, 2, 2, 0, 1, 0, -2, 0, 0, 1, -2, 0, 0, 0, 0, -3, -1, 0 ] ], 
          [ [ 1, 2, -2, -1, -1, 0, 0, 0, 1, 0, 0, 0, 1, 0, 0, -1, 0, 1, 0, 0 ], 
              [ 1, -2, 2, 1, 1, 0, 0, 0, -1, 0, 0, 0, -1, 0, 0, 1, 0, -1, 0, 0 ] ], 
          [ [ 1, 3, -2, -2, 0, -1, 0, 0, 0, -1, -1, 0, 1, 0, 1, 0, -1, 2, 1, 0 ], 
              [ 1, -3, 2, 2, 0, 1, 0, 0, 0, 1, 1, 0, -1, 0, -1, 0, 1, -2, -1, 0 ] ], 
          [ [ 1, 0, 0, 0, -1, -1, 0, 0, 0, 0, 1, 1, -1, 0, 0, 0, 1, 0, 0, 1 ], 
              [ 1, 0, 0, 0, 1, 1, 0, 0, 0, 0, -1, -1, 1, 0, 0, 0, -1, 0, 0, -1 ] ], 
          [ [ 1, 6, -2, -3, -2, -2, -1, 1, -1, -1, -1, 0, 1, 0, 1, 0, -1, 3, 2, 1 ], 
              [ 1, -6, 2, 3, 2, 2, 1, -1, 1, 1, 1, 0, -1, 0, -1, 0, 1, -3, -2, -1 ] ], 
          [ [ 1, 9, -3, -4, -3, -3, -2, -1, 1, -1, 0, -1, 1, 0, 1, 1, -1, 5, 3, 1 ], 
              [ 1, -9, 3, 4, 3, 3, 2, 1, -1, 1, 0, 1, -1, 0, -1, -1, 1, -5, -3, -1 ] ], 
          [ [ 1, 0, -1, 0, 0, -1, 0, 0, 0, 0, 1, 1, -1, 0, 1, -1, 0, 0, 0, 0 ], 
              [ 1, 0, 1, 0, 0, 1, 0, 0, 0, 0, -1, -1, 1, 0, -1, 1, 0, 0, 0, 0 ] ], 
          [ [ 1, 0, 0, -1, 0, 0, 0, 1, 0, 0, -1, 0, 1, 0, 1, -1, 0, 1, 0, -1 ], 
              [ 1, 0, 0, 1, 0, 0, 0, -1, 0, 0, 1, 0, -1, 0, -1, 1, 0, -1, 0, 1 ] ], 
          [ [ 1, 3, -1, -2, -1, -1, -1, -1, 2, 0, -1, 0, 1, 1, 0, 0, -1, 2, 1, 0 ], 
              [ 1, -3, 1, 2, 1, 1, 1, 1, -2, 0, 1, 0, -1, -1, 0, 0, 1, -2, -1, 0 ] ], 
          [ [ 1, 0, 0, -1, 0, 0, 0, 1, 0, 0, -1, 0, 1, 0, 0, 0, 0, 1, 0, 0 ], 
              [ 1, 0, 0, 1, 0, 0, 0, -1, 0, 0, 1, 0, -1, 0, 0, 0, 0, -1, 0, 0 ] ], 
          [ [ 1, 0, 1, 0, 1, -2, 1, 0, -1, -2, 0, 0, -1, -1, 1, 1, 1, 0, 0, 0 ], 
              [ 1, 0, -1, 0, -1, 2, -1, 0, 1, 2, 0, 0, 1, 1, -1, -1, -1, 0, 0, 0 ] ], 
          [ [ 1, 3, -1, -2, -1, -1, -1, -1, 2, 0, 0, -1, 1, 0, 0, 1, -1, 3, 1, 0 ], 
              [ 1, -3, 1, 2, 1, 1, 1, 1, -2, 0, 0, 1, -1, 0, 0, -1, 1, -3, -1, 0 ] ], 
          [ [ 1, 3, -1, -2, -1, -1, -1, -1, 2, 0, 0, -1, 1, 0, 0, 1, 0, 3, 1, 0 ], 
              [ 1, -3, 1, 2, 1, 1, 1, 1, -2, 0, 0, 1, -1, 0, 0, -1, 0, -3, -1, 0 ] ], 
          [ [ 1, 8, -2, -3, -2, -3, -1, -1, 1, -2, -1, -1, 1, -1, 0, 1, 0, 4, 2, 1 ], 
              [ 1, -8, 2, 3, 2, 3, 1, 1, -1, 2, 1, 1, -1, 1, 0, -1, 0, -4, -2, -1 ] ], 
          [ [ 1, 5, -1, -2, -1, -2, 0, 1, -1, -2, -1, -1, 1, -1, 1, 0, 0, 2, 1, 0 ], 
              [ 1, -5, 1, 2, 1, 2, 0, -1, 1, 2, 1, 1, -1, 1, -1, 0, 0, -2, -1, 0 ] ], 
          [ [ 1, 6, -1, -3, -2, -2, 0, 0, 0, -2, -1, -2, 2, -1, 0, 2, 0, 4, 2, 1 ], 
              [ 1, -6, 1, 3, 2, 2, 0, 0, 0, 2, 1, 2, -2, 1, 0, -2, 0, -4, -2, -1 ] ], 
          [ [ 1, -6, 1, 2, 2, 1, 1, 0, 1, 1, 1, 1, -1, 0, 0, -1, 1, -2, -2, -1 ], 
              [ 1, 6, -1, -2, -2, -1, -1, 0, -1, -1, -1, -1, 1, 0, 0, 1, -1, 2, 2, 1 ] ], 
          [ [ 1, 0, 0, 0, 0, -1, 0, 0, 1, -1, 0, 0, 0, -1, 0, 0, 1, 1, 0, 0 ], 
              [ 1, 0, 0, 0, 0, 1, 0, 0, -1, 1, 0, 0, 0, 1, 0, 0, -1, -1, 0, 0 ] ], 
          [ [ 1, 0, 0, 0, 0, -1, 0, 0, 1, -1, 0, 0, 0, 0, 0, 0, 1, 0, 0, 0 ], 
              [ 1, 0, 0, 0, 0, 1, 0, 0, -1, 1, 0, 0, 0, 0, 0, 0, -1, 0, 0, 0 ] ], 
          [ [ 1, -3, 0, 0, 0, 2, 1, 2, 0, 1, -1, 0, 2, 1, 0, -2, 0, -1, -1, -1 ], 
              [ 1, 3, 0, 0, 0, -2, -1, -2, 0, -1, 1, 0, -2, -1, 0, 2, 0, 1, 1, 1 ] ], 
          [ [ 1, 3, -2, -2, -2, 0, -1, -2, 4, 1, 0, -1, 2, 1, -1, 0, -1, 3, 1, 0 ], 
              [ 1, -3, 2, 2, 2, 0, 1, 2, -4, -1, 0, 1, -2, -1, 1, 0, 1, -3, -1, 0 ] ], 
          [ [ 1, 0, -1, -1, 1, 0, 0, 1, 0, 0, -1, 0, 1, 1, 1, -1, -1, 0, 0, -1 ], 
              [ 1, 0, 1, 1, -1, 0, 0, -1, 0, 0, 1, 0, -1, -1, -1, 1, 1, 0, 0, 1 ] ], 
          [ [ 1, 6, -2, -3, -1, -2, 0, 0, 0, -2, -2, -1, 2, 0, 1, 0, -1, 3, 2, 0 ], 
              [ 1, -6, 2, 3, 1, 2, 0, 0, 0, 2, 2, 1, -2, 0, -1, 0, 1, -3, -2, 0 ] ], 
          [ [ 1, -3, 1, 1, 0, 0, 0, 1, 0, 1, 1, 1, -1, 0, 0, -1, 1, -1, -1, 0 ], 
              [ 1, 3, -1, -1, 0, 0, 0, -1, 0, -1, -1, -1, 1, 0, 0, 1, -1, 1, 1, 0 ] ], 
          [ [ 1, 6, -1, -2, -1, -4, -1, -1, 0, -2, 0, 0, -1, -1, 1, 1, 0, 3, 2, 1 ], 
              [ 1, -6, 1, 2, 1, 4, 1, 1, 0, 2, 0, 0, 1, 1, -1, -1, 0, -3, -2, -1 ] ], 
          [ [ 1, 2, 0, -1, 0, -2, 0, 1, -1, -1, 0, 1, -1, -1, 1, 0, 0, 0, 0, 0 ], 
              [ 1, -2, 0, 1, 0, 2, 0, -1, 1, 1, 0, -1, 1, 1, -1, 0, 0, 0, 0, 0 ] ], 
          [ [ 1, 3, -1, -2, -1, -1, 0, 1, -1, 0, -1, 0, 1, 1, 1, -1, -1, 1, 1, 0 ], 
              [ 1, -3, 1, 2, 1, 1, 0, -1, 1, 0, 1, 0, -1, -1, -1, 1, 1, -1, -1, 0 ] ], 
          [ [ 1, 3, 0, -1, 0, -3, 0, 1, -2, -2, 0, 0, -1, -1, 1, 1, 1, 1, 1, 1 ], 
              [ 1, -3, 0, 1, 0, 3, 0, -1, 2, 2, 0, 0, 1, 1, -1, -1, -1, -1, -1, -1 ] ], 
          [ [ 1, 6, -2, -3, -2, -2, -1, -1, 1, 0, 0, -1, 1, 0, 0, 1, -1, 4, 2, 1 ], 
              [ 1, -6, 2, 3, 2, 2, 1, 1, -1, 0, 0, 1, -1, 0, 0, -1, 1, -4, -2, -1 ] ], 
          [ [ 1, -2, 0, 0, 0, 0, 0, 0, 1, 1, 0, 1, 0, 1, 0, -1, 0, 0, 0, 0 ], 
              [ 1, 2, 0, 0, 0, 0, 0, 0, -1, -1, 0, -1, 0, -1, 0, 1, 0, 0, 0, 0 ] ], 
          [ [ 1, 0, -1, 0, 0, -1, -1, -1, 2, 1, 1, 1, -1, 1, 0, -1, 0, 0, 0, 0 ], 
              [ 1, 0, 1, 0, 0, 1, 1, 1, -2, -1, -1, -1, 1, -1, 0, 1, 0, 0, 0, 0 ] ], 
          [ [ 1, -2, 0, 0, 0, 0, 0, 0, 1, 1, 1, 0, 0, 1, 0, 0, 0, 0, 0, 0 ], 
              [ 1, 2, 0, 0, 0, 0, 0, 0, -1, -1, -1, 0, 0, -1, 0, 0, 0, 0, 0, 0 ] ], 
          [ [ 1, 2, -1, -1, -1, -1, 0, 0, 1, 0, 0, 1, 0, 0, 0, -1, 0, 0, 0, 0 ], 
              [ 1, -2, 1, 1, 1, 1, 0, 0, -1, 0, 0, -1, 0, 0, 0, 1, 0, 0, 0, 0 ] ], 
          [ [ 1, 3, -1, -1, -1, -2, 0, 0, 0, -1, 0, 0, 0, 0, 0, 0, 0, 1, 1, 1 ], 
              [ 1, -3, 1, 1, 1, 2, 0, 0, 0, 1, 0, 0, 0, 0, 0, 0, 0, -1, -1, -1 ] ], 
          [ [ 1, 2, -1, -1, -1, -1, 0, 0, 1, 0, 1, 0, 0, -1, 0, 0, 0, 1, 0, 0 ], 
              [ 1, -2, 1, 1, 1, 1, 0, 0, -1, 0, -1, 0, 0, 1, 0, 0, 0, -1, 0, 0 ] ], 
          [ [ 1, 5, -2, -2, -1, -1, 0, 0, -1, -2, -1, 0, 1, -1, 1, 0, 0, 2, 1, 0 ], 
              [ 1, -5, 2, 2, 1, 1, 0, 0, 1, 2, 1, 0, -1, 1, -1, 0, 0, -2, -1, 0 ] ], 
          [ [ 1, 2, 0, -1, -1, 0, 0, 1, -1, -1, -1, 0, 1, -1, 0, 0, 1, 1, 0, 0 ], 
              [ 1, -2, 0, 1, 1, 0, 0, -1, 1, 1, 1, 0, -1, 1, 0, 0, -1, -1, 0, 0 ] ], 
          [ [ 1, 5, -1, -2, -2, -1, -1, -1, 1, -1, 0, -1, 1, -1, 0, 1, 0, 3, 1, 0 ], 
              [ 1, -5, 1, 2, 2, 1, 1, 1, -1, 1, 0, 1, -1, 1, 0, -1, 0, -3, -1, 0 ] ], 
          [ [ 1, -3, 0, 0, -1, 3, 0, 0, 2, 2, 0, 0, 2, 1, -1, -1, 0, 0, -1, -1 ], 
              [ 1, 3, 0, 0, 1, -3, 0, 0, -2, -2, 0, 0, -2, -1, 1, 1, 0, 0, 1, 1 ] ], 
          [ [ 1, -4, 1, 2, 1, 1, 1, 0, 0, 0, 1, 1, -1, -1, 0, -1, 2, -2, -2, -1 ], 
              [ 1, 4, -1, -2, -1, -1, -1, 0, 0, 0, -1, -1, 1, 1, 0, 1, -2, 2, 2, 1 ] ], 
          [ [ 1, 8, -2, -4, -2, -1, 0, 1, -2, -2, -2, -2, 3, -1, 1, 1, -1, 4, 2, 0 ], 
              [ 1, -8, 2, 4, 2, 1, 0, -1, 2, 2, 2, 2, -3, 1, -1, -1, 1, -4, -2, 0 ] ], 
          [ [ 1, -3, 1, 1, 2, 0, 1, 0, -1, -1, 0, 1, -1, -1, 1, 0, 1, -1, -1, -1 ], 
              [ 1, 3, -1, -1, -2, 0, -1, 0, 1, 1, 0, -1, 1, 1, -1, 0, -1, 1, 1, 1 ] ], 
          [ [ 1, -2, 0, 0, 1, 1, 0, 1, -1, 0, -1, 0, 1, 1, 1, -1, 0, 0, 0, -1 ], 
              [ 1, 2, 0, 0, -1, -1, 0, -1, 1, 0, 1, 0, -1, -1, -1, 1, 0, 0, 0, 1 ] ], 
          [ [ 1, 0, 0, -1, 0, 1, 1, 2, -2, -1, -2, 0, 2, 0, 1, -1, 0, 0, 0, -1 ], 
              [ 1, 0, 0, 1, 0, -1, -1, -2, 2, 1, 2, 0, -2, 0, -1, 1, 0, 0, 0, 1 ] ], 
          [ [ 1, 0, -1, -1, 0, 1, -1, -1, 2, 1, 0, 0, 1, 1, 0, 0, -1, 1, 0, -1 ], 
              [ 1, 0, 1, 1, 0, -1, 1, 1, -2, -1, 0, 0, -1, -1, 0, 0, 1, -1, 0, 1 ] ], 
          [ [ 1, 6, -2, -3, -2, -1, -1, -2, 2, -1, -1, -1, 2, 0, 0, 1, -1, 4, 2, 0 ], 
              [ 1, -6, 2, 3, 2, 1, 1, 2, -2, 1, 1, 1, -2, 0, 0, -1, 1, -4, -2, 0 ] ], 
          [ [ 1, 2, -1, -1, 0, 0, 0, 1, -1, -1, -1, 0, 1, -1, 1, -1, 0, 1, 0, -1 ], 
              [ 1, -2, 1, 1, 0, 0, 0, -1, 1, 1, 1, 0, -1, 1, -1, 1, 0, -1, 0, 1 ] ], 
          [ [ 1, 5, -2, -2, -1, -1, -1, -1, 1, -1, -1, 0, 1, 0, 0, 0, -1, 2, 1, 0 ], 
              [ 1, -5, 2, 2, 1, 1, 1, 1, -1, 1, 1, 0, -1, 0, 0, 0, 1, -2, -1, 0 ] ], 
          [ [ 1, 2, -1, -1, 0, 0, 0, 1, -1, -1, -1, 0, 1, 0, 1, -1, 0, 0, 0, -1 ], 
              [ 1, -2, 1, 1, 0, 0, 0, -1, 1, 1, 1, 0, -1, 0, -1, 1, 0, 0, 0, 1 ] ], 
          [ [ 1, 3, -1, -2, -1, 0, 0, 0, 0, -1, -1, -1, 2, -1, 0, 1, 0, 3, 1, 0 ], 
              [ 1, -3, 1, 2, 1, 0, 0, 0, 0, 1, 1, 1, -2, 1, 0, -1, 0, -3, -1, 0 ] ], 
          [ [ 1, 3, -1, -2, -1, 0, 0, 0, 0, -1, -1, -1, 2, 0, 0, 1, -1, 2, 1, 0 ], 
              [ 1, -3, 1, 2, 1, 0, 0, 0, 0, 1, 1, 1, -2, 0, 0, -1, 1, -2, -1, 0 ] ], 
          [ [ 1, 3, -1, -2, -1, 0, 0, 0, 0, -1, -1, -1, 2, 0, 0, 1, 0, 2, 1, 0 ], 
              [ 1, -3, 1, 2, 1, 0, 0, 0, 0, 1, 1, 1, -2, 0, 0, -1, 0, -2, -1, 0 ] ], 
          [ [ 1, 2, 0, 0, 1, -2, 1, 0, -2, -3, 0, 0, -1, -2, 1, 1, 1, 0, 0, 0 ], 
              [ 1, -2, 0, 0, -1, 2, -1, 0, 2, 3, 0, 0, 1, 2, -1, -1, -1, 0, 0, 0 ] ], 
          [ [ 1, 5, -3, -3, -2, 1, -1, -1, 2, 1, -1, -1, 3, 1, 0, -1, -2, 3, 1, -1 ], 
              [ 1, -5, 3, 3, 2, -1, 1, 1, -2, -1, 1, 1, -3, -1, 0, 1, 2, -3, -1, 1 ] ], 
          [ [ 1, 5, -2, -2, -1, -1, -1, -1, 1, -1, 0, -1, 1, -1, 0, 1, 0, 3, 1, 0 ], 
              [ 1, -5, 2, 2, 1, 1, 1, 1, -1, 1, 0, 1, -1, 1, 0, -1, 0, -3, -1, 0 ] ], 
          [ [ 1, -3, 0, 1, 1, 1, 0, 0, 1, 0, 0, 1, 0, 0, 0, -1, 1, -1, -1, -1 ], 
              [ 1, 3, 0, -1, -1, -1, 0, 0, -1, 0, 0, -1, 0, 0, 0, 1, -1, 1, 1, 1 ] ], 
          [ [ 1, -6, 1, 2, 2, 2, 2, 1, -1, 0, 0, 1, 0, 0, 0, -1, 1, -3, -2, -1 ], 
              [ 1, 6, -1, -2, -2, -2, -2, -1, 1, 0, 0, -1, 0, 0, 0, 1, -1, 3, 2, 1 ] ], 
          [ [ 1, 3, -2, -2, 0, 0, 0, 0, 0, -1, -1, -1, 2, 0, 1, 0, -1, 2, 1, -1 ], 
              [ 1, -3, 2, 2, 0, 0, 0, 0, 0, 1, 1, 1, -2, 0, -1, 0, 1, -2, -1, 1 ] ], 
          [ [ 1, 0, 1, 0, 0, -1, 0, 1, -2, -1, 0, 1, -1, -1, 1, 0, 1, 0, 0, 0 ], 
              [ 1, 0, -1, 0, 0, 1, 0, -1, 2, 1, 0, -1, 1, 1, -1, 0, -1, 0, 0, 0 ] ], 
          [ [ 1, 3, -1, -2, -2, 0, -1, -1, 1, 1, 0, 0, 1, 1, 0, 0, -1, 2, 1, 0 ], 
              [ 1, -3, 1, 2, 2, 0, 1, 1, -1, -1, 0, 0, -1, -1, 0, 0, 1, -2, -1, 0 ] ], 
          [ [ 1, 3, 0, -1, -1, -2, -1, -1, 0, -1, 1, 0, -1, -1, 0, 2, 1, 2, 1, 1 ], 
              [ 1, -3, 0, 1, 1, 2, 1, 1, 0, 1, -1, 0, 1, 1, 0, -2, -1, -2, -1, -1 ] ], 
          [ [ 1, 0, 0, -1, -1, 1, 0, 1, -1, 1, 0, 0, 1, 0, 0, 0, 0, 1, 0, 0 ], 
              [ 1, 0, 0, 1, 1, -1, 0, -1, 1, -1, 0, 0, -1, 0, 0, 0, 0, -1, 0, 0 ] ], 
          [ [ 1, 8, -2, -3, -3, -2, -1, -1, 0, -1, 0, -1, 1, -1, 0, 1, 0, 4, 2, 1 ], 
              [ 1, -8, 2, 3, 3, 2, 1, 1, 0, 1, 0, 1, -1, 1, 0, -1, 0, -4, -2, -1 ] ], 
          [ [ 1, -6, 1, 2, 1, 2, 0, 1, 0, 2, 1, 2, -1, 1, 0, -2, 1, -3, -2, -1 ], 
              [ 1, 6, -1, -2, -1, -2, 0, -1, 0, -2, -1, -2, 1, -1, 0, 2, -1, 3, 2, 1 ] ], 
          [ [ 1, 0, 0, 0, -1, 0, 0, 0, 0, 0, 0, 1, 0, 0, 0, -1, 1, 0, 0, 0 ], 
              [ 1, 0, 0, 0, 1, 0, 0, 0, 0, 0, 0, -1, 0, 0, 0, 1, -1, 0, 0, 0 ] ], 
          [ [ 1, -6, 2, 3, 2, 0, 1, 0, -1, 0, 2, 2, -3, -1, 0, 0, 2, -3, -2, 0 ], 
              [ 1, 6, -2, -3, -2, 0, -1, 0, 1, 0, -2, -2, 3, 1, 0, 0, -2, 3, 2, 0 ] ], 
          [ [ 1, -3, 1, 1, 0, 1, 1, 2, -2, 0, 0, 1, 0, 0, 0, -1, 1, -2, -1, 0 ], 
              [ 1, 3, -1, -1, 0, -1, -1, -2, 2, 0, 0, -1, 0, 0, 0, 1, -1, 2, 1, 0 ] ], 
          [ [ 1, 0, 0, 0, -1, 0, 0, 0, 0, 0, 1, 0, 0, -1, 0, 0, 1, 1, 0, 0 ], 
              [ 1, 0, 0, 0, 1, 0, 0, 0, 0, 0, -1, 0, 0, 1, 0, 0, -1, -1, 0, 0 ] ], 
          [ [ 1, 3, -1, -1, -2, -1, -1, -2, 2, 0, 1, 0, 0, 0, -1, 1, 0, 2, 1, 1 ], 
              [ 1, -3, 1, 1, 2, 1, 1, 2, -2, 0, -1, 0, 0, 0, 1, -1, 0, -2, -1, -1 ] ], 
          [ [ 1, 0, 0, 0, -1, 0, 0, 0, 0, 0, 1, 0, 0, 0, 0, 0, 1, 0, 0, 0 ], 
              [ 1, 0, 0, 0, 1, 0, 0, 0, 0, 0, -1, 0, 0, 0, 0, 0, -1, 0, 0, 0 ] ], 
          [ [ 1, 9, -2, -4, -2, -3, -1, -1, -1, -2, -1, -1, 1, -1, 1, 2, -1, 5, 3, 1 ], 
              [ 1, -9, 2, 4, 2, 3, 1, 1, 1, 2, 1, 1, -1, 1, -1, -2, 1, -5, -3, -1 ] ], 
          [ [ 1, 3, -1, -1, 0, -2, -1, -1, 0, -1, 0, 1, -1, 0, 1, 0, 0, 1, 1, 0 ], 
              [ 1, -3, 1, 1, 0, 2, 1, 1, 0, 1, 0, -1, 1, 0, -1, 0, 0, -1, -1, 0 ] ], 
          [ [ 1, 1, 0, -1, 0, -1, 0, 0, -1, -1, 0, 0, 0, 0, 1, 1, 0, 1, 1, 0 ], 
              [ 1, -1, 0, 1, 0, 1, 0, 0, 1, 1, 0, 0, 0, 0, -1, -1, 0, -1, -1, 0 ] ], 
          [ [ 1, 0, -1, -1, 0, 1, 0, 1, -1, 1, -1, 1, 1, 1, 1, -2, -1, 0, 0, -1 ], 
              [ 1, 0, 1, 1, 0, -1, 0, -1, 1, -1, 1, -1, -1, -1, -1, 2, 1, 0, 0, 1 ] ], 
          [ [ 1, 0, 0, 0, 1, -1, 0, 1, -2, -1, 0, 1, -1, -1, 1, 0, 1, 0, 0, 0 ], 
              [ 1, 0, 0, 0, -1, 1, 0, -1, 2, 1, 0, -1, 1, 1, -1, 0, -1, 0, 0, 0 ] ], 
          [ [ 1, 0, 0, 0, 1, -1, 0, 1, -2, -1, 0, 1, -1, 0, 1, 0, 0, -1, 0, 0 ], 
              [ 1, 0, 0, 0, -1, 1, 0, -1, 2, 1, 0, -1, 1, 0, -1, 0, 0, 1, 0, 0 ] ], 
          [ [ 1, 0, 0, 0, 1, -1, 1, 0, -2, -1, 0, 1, -1, 0, 1, 0, 0, -1, 0, 0 ], 
              [ 1, 0, 0, 0, -1, 1, -1, 0, 2, 1, 0, -1, 1, 0, -1, 0, 0, 1, 0, 0 ] ], 
          [ [ 1, 6, -1, -2, -1, -3, 0, 0, -2, -3, -1, 0, 0, -1, 1, 1, 0, 2, 2, 1 ], 
              [ 1, -6, 1, 2, 1, 3, 0, 0, 2, 3, 1, 0, 0, 1, -1, -1, 0, -2, -2, -1 ] ], 
          [ [ 1, 3, -1, -1, 0, -2, -1, -1, 0, -1, 1, 0, -1, -1, 1, 1, 0, 2, 1, 0 ], 
              [ 1, -3, 1, 1, 0, 2, 1, 1, 0, 1, -1, 0, 1, 1, -1, -1, 0, -2, -1, 0 ] ], 
          [ [ 1, 3, -2, -2, -1, 0, -1, -1, 1, 1, 0, 0, 1, 1, 0, 0, -2, 2, 1, 0 ], 
              [ 1, -3, 2, 2, 1, 0, 1, 1, -1, -1, 0, 0, -1, -1, 0, 0, 2, -2, -1, 0 ] ], 
          [ [ 1, 3, -2, -2, -1, 0, -1, -1, 1, 1, 0, 0, 1, 1, 0, 0, -1, 2, 1, 0 ], 
              [ 1, -3, 2, 2, 1, 0, 1, 1, -1, -1, 0, 0, -1, -1, 0, 0, 1, -2, -1, 0 ] ], 
          [ [ 1, 0, -1, -1, 0, 1, 0, 1, -1, 1, 0, 0, 1, 1, 1, -1, -1, 0, 0, -1 ], 
              [ 1, 0, 1, 1, 0, -1, 0, -1, 1, -1, 0, 0, -1, -1, -1, 1, 1, 0, 0, 1 ] ], 
          [ [ 1, 5, -1, -2, -1, -2, 0, 0, -1, -2, 0, 0, 0, -2, 1, 1, 0, 2, 1, 0 ], 
              [ 1, -5, 1, 2, 1, 2, 0, 0, 1, 2, 0, 0, 0, 2, -1, -1, 0, -2, -1, 0 ] ], 
          [ [ 1, 9, -3, -4, -3, -2, -2, -1, 1, -1, -1, -1, 2, 0, 0, 1, -1, 5, 3, 1 ], 
              [ 1, -9, 3, 4, 3, 2, 2, 1, -1, 1, 1, 1, -2, 0, 0, -1, 1, -5, -3, -1 ] ], 
          [ [ 1, 6, -2, -3, -2, -1, -1, 1, -1, -1, -1, -1, 2, 0, 1, 0, -1, 3, 2, 0 ], 
              [ 1, -6, 2, 3, 2, 1, 1, -1, 1, 1, 1, 1, -2, 0, -1, 0, 1, -3, -2, 0 ] ], 
          [ [ 1, 6, -2, -3, -2, -1, 0, 0, -1, -1, -1, -1, 2, 0, 1, 0, -1, 3, 2, 0 ], 
              [ 1, -6, 2, 3, 2, 1, 0, 0, 1, 1, 1, 1, -2, 0, -1, 0, 1, -3, -2, 0 ] ], 
          [ [ 1, 6, -1, -2, -1, -3, 0, 0, -2, -3, 0, -1, 0, -2, 1, 2, 1, 3, 2, 1 ], 
              [ 1, -6, 1, 2, 1, 3, 0, 0, 2, 3, 0, 1, 0, 2, -1, -2, -1, -3, -2, -1 ] ], 
          [ [ 1, 5, -2, -2, -1, -1, 0, 1, -2, -1, -1, 0, 1, 0, 1, -1, -1, 1, 1, 0 ], 
              [ 1, -5, 2, 2, 1, 1, 0, -1, 2, 1, 1, 0, -1, 0, -1, 1, 1, -1, -1, 0 ] ], 
          [ [ 1, 6, -2, -3, -2, -1, 0, 0, -1, -1, -1, -1, 2, 0, 0, 1, -1, 3, 2, 1 ], 
              [ 1, -6, 2, 3, 2, 1, 0, 0, 1, 1, 1, 1, -2, 0, 0, -1, 1, -3, -2, -1 ] ], 
          [ [ 1, -5, 0, 1, 1, 2, 0, 0, 1, 2, 1, 1, 0, 1, 0, -1, 0, -1, -1, -1 ], 
              [ 1, 5, 0, -1, -1, -2, 0, 0, -1, -2, -1, -1, 0, -1, 0, 1, 0, 1, 1, 1 ] ], 
          [ [ 1, 0, -1, 0, 0, 0, 0, 0, 0, 0, 0, 1, 0, 0, 0, -1, 0, 0, 0, 0 ], 
              [ 1, 0, 1, 0, 0, 0, 0, 0, 0, 0, 0, -1, 0, 0, 0, 1, 0, 0, 0, 0 ] ], 
          [ [ 1, -3, 0, 1, 1, 1, 1, 2, -2, 0, 0, 1, 0, 0, 1, -2, 1, -2, -1, -1 ], 
              [ 1, 3, 0, -1, -1, -1, -1, -2, 2, 0, 0, -1, 0, 0, -1, 2, -1, 2, 1, 1 ] ], 
          [ [ 1, 0, -1, 0, 0, 0, 0, 0, 0, 0, 0, 1, 0, 1, 0, -1, 0, -1, 0, 0 ], 
              [ 1, 0, 1, 0, 0, 0, 0, 0, 0, 0, 0, -1, 0, -1, 0, 1, 0, 1, 0, 0 ] ], 
          [ [ 1, 3, -2, -1, -1, -1, -1, -2, 2, 0, 1, 0, 0, 0, 0, 0, 0, 2, 1, 0 ], 
              [ 1, -3, 2, 1, 1, 1, 1, 2, -2, 0, -1, 0, 0, 0, 0, 0, 0, -2, -1, 0 ] ], 
          [ [ 1, -1, -1, 0, 0, 1, 0, 0, 1, 1, 1, 1, 0, 0, 0, -1, 0, -1, -1, -1 ], 
              [ 1, 1, 1, 0, 0, -1, 0, 0, -1, -1, -1, -1, 0, 0, 0, 1, 0, 1, 1, 1 ] ], 
          [ [ 1, 0, -1, 0, 0, 0, 0, 0, 0, 0, 1, 0, 0, 0, 0, 0, 0, 0, 0, 0 ], 
              [ 1, 0, 1, 0, 0, 0, 0, 0, 0, 0, -1, 0, 0, 0, 0, 0, 0, 0, 0, 0 ] ], 
          [ [ 1, 0, 1, 0, 1, -1, 1, 0, -1, -2, -1, 0, 0, -1, 0, 1, 1, 0, 0, 0 ], 
              [ 1, 0, -1, 0, -1, 1, -1, 0, 1, 2, 1, 0, 0, 1, 0, -1, -1, 0, 0, 0 ] ], 
          [ [ 1, 0, 0, -1, 0, 1, 0, 1, 0, 0, -1, -1, 2, 0, 0, 0, 0, 1, 0, -1 ], 
              [ 1, 0, 0, 1, 0, -1, 0, -1, 0, 0, 1, 1, -2, 0, 0, 0, 0, -1, 0, 1 ] ], 
          [ [ 1, 0, 0, -1, 0, 1, 1, 0, 0, 0, -1, -1, 2, 0, 0, 0, 0, 1, 0, -1 ], 
              [ 1, 0, 0, 1, 0, -1, -1, 0, 0, 0, 1, 1, -2, 0, 0, 0, 0, -1, 0, 1 ] ], 
          [ [ 1, -1, 0, 0, 1, 1, 1, 1, -1, 0, -1, 0, 1, 0, 0, -1, 0, -1, -1, -1 ], 
              [ 1, 1, 0, 0, -1, -1, -1, -1, 1, 0, 1, 0, -1, 0, 0, 1, 0, 1, 1, 1 ] ], 
          [ [ 1, -3, 2, 1, 1, 0, 1, 1, -2, 0, 0, 1, -1, 0, 0, 0, 1, -2, -1, 0 ], 
              [ 1, 3, -2, -1, -1, 0, -1, -1, 2, 0, 0, -1, 1, 0, 0, 0, -1, 2, 1, 0 ] ], 
          [ [ 1, 0, 1, 0, 0, -1, 0, -1, 0, 0, 1, 0, -1, -1, 0, 1, 1, 1, 0, 0 ], 
              [ 1, 0, -1, 0, 0, 1, 0, 1, 0, 0, -1, 0, 1, 1, 0, -1, -1, -1, 0, 0 ] ], 
          [ [ 1, 3, 0, -2, -2, 0, 0, 1, -1, 0, -1, -1, 2, 0, 0, 0, 0, 2, 1, 0 ], 
              [ 1, -3, 0, 2, 2, 0, 0, -1, 1, 0, 1, 1, -2, 0, 0, 0, 0, -2, -1, 0 ] ], 
          [ [ 1, -3, 2, 2, 1, -1, 1, 0, -1, -1, 1, 1, -2, -1, 0, 0, 2, -2, -1, 0 ], 
              [ 1, 3, -2, -2, -1, 1, -1, 0, 1, 1, -1, -1, 2, 1, 0, 0, -2, 2, 1, 0 ] ], 
          [ [ 1, 0, 0, 0, -1, 0, -1, -1, 2, 1, 1, 0, 0, 0, -1, 0, 1, 1, 0, 0 ], 
              [ 1, 0, 0, 0, 1, 0, 1, 1, -2, -1, -1, 0, 0, 0, 1, 0, -1, -1, 0, 0 ] ], 
          [ [ 1, -3, 1, 1, 0, 1, 1, 0, 0, 1, 1, 0, 0, 0, -1, 0, 1, -1, -1, 0 ], 
              [ 1, 3, -1, -1, 0, -1, -1, 0, 0, -1, -1, 0, 0, 0, 1, 0, -1, 1, 1, 0 ] ], 
          [ [ 1, 6, -1, -3, -1, -2, -1, 0, -1, -1, -1, -1, 1, 0, 1, 1, -1, 3, 2, 0 ], 
              [ 1, -6, 1, 3, 1, 2, 1, 0, 1, 1, 1, 1, -1, 0, -1, -1, 1, -3, -2, 0 ] ], 
          [ [ 1, 1, 0, -1, 0, -1, -1, -1, 1, 0, 0, 0, 0, 0, 0, 1, 0, 2, 1, 0 ], 
              [ 1, -1, 0, 1, 0, 1, 1, 1, -1, 0, 0, 0, 0, 0, 0, -1, 0, -2, -1, 0 ] ], 
          [ [ 1, -2, 0, -1, 0, 2, 0, 1, 0, 2, -1, 0, 2, 2, 0, -1, -1, 0, 0, -1 ], 
              [ 1, 2, 0, 1, 0, -2, 0, -1, 0, -2, 1, 0, -2, -2, 0, 1, 1, 0, 0, 1 ] ], 
          [ [ 1, 0, 0, 0, 1, -1, 0, -1, 0, 0, 0, 1, -1, 0, 0, 0, 0, 0, 0, 0 ], 
              [ 1, 0, 0, 0, -1, 1, 0, 1, 0, 0, 0, -1, 1, 0, 0, 0, 0, 0, 0, 0 ] ], 
          [ [ 1, -3, 1, 1, 2, 0, 1, 1, -2, 0, 0, 1, -1, 0, 1, -1, 0, -2, -1, -1 ], 
              [ 1, 3, -1, -1, -2, 0, -1, -1, 2, 0, 0, -1, 1, 0, -1, 1, 0, 2, 1, 1 ] ], 
          [ [ 1, -3, 1, 1, 2, 0, 1, 1, -2, 0, 0, 1, -1, 0, 1, -1, 1, -2, -1, -1 ], 
              [ 1, 3, -1, -1, -2, 0, -1, -1, 2, 0, 0, -1, 1, 0, -1, 1, -1, 2, 1, 1 ] ], 
          [ [ 1, -2, 1, 0, 1, 0, 1, 0, -1, 0, 0, 0, 0, 0, 0, 1, 0, 0, 0, 0 ], 
              [ 1, 2, -1, 0, -1, 0, -1, 0, 1, 0, 0, 0, 0, 0, 0, -1, 0, 0, 0, 0 ] ], 
          [ [ 1, 3, 0, -1, 0, -2, 0, 1, -2, -2, -1, 0, 0, -1, 1, 0, 1, 1, 1, 0 ], 
              [ 1, -3, 0, 1, 0, 2, 0, -1, 2, 2, 1, 0, 0, 1, -1, 0, -1, -1, -1, 0 ] ], 
          [ [ 1, 3, -1, -2, -1, 0, 0, 1, -1, 0, -2, 0, 2, 1, 0, -1, -1, 1, 1, 0 ], 
              [ 1, -3, 1, 2, 1, 0, 0, -1, 1, 0, 2, 0, -2, -1, 0, 1, 1, -1, -1, 0 ] ], 
          [ [ 1, 0, 1, 0, 1, -1, 2, 2, -4, -2, -1, 0, 0, -1, 1, 0, 1, -1, 0, 0 ], 
              [ 1, 0, -1, 0, -1, 1, -2, -2, 4, 2, 1, 0, 0, 1, -1, 0, -1, 1, 0, 0 ] ], 
          [ [ 1, 0, -1, -1, 0, 1, -1, 0, 1, 2, 0, 0, 1, 1, 0, -1, -1, 1, 0, -1 ], 
              [ 1, 0, 1, 1, 0, -1, 1, 0, -1, -2, 0, 0, -1, -1, 0, 1, 1, -1, 0, 1 ] ], 
          [ [ 1, 5, -1, -2, -1, -2, -1, -1, 1, -1, 0, 0, 0, -1, 0, 1, 0, 2, 1, 0 ], 
              [ 1, -5, 1, 2, 1, 2, 1, 1, -1, 1, 0, 0, 0, 1, 0, -1, 0, -2, -1, 0 ] ], 
          [ [ 1, 6, -2, -3, -2, -1, -1, -1, 1, 0, -1, -1, 2, 0, 0, 0, -1, 4, 2, 0 ], 
              [ 1, -6, 2, 3, 2, 1, 1, 1, -1, 0, 1, 1, -2, 0, 0, 0, 1, -4, -2, 0 ] ], 
          [ [ 1, 2, -1, -2, -1, 1, 0, 1, 0, 1, -1, 0, 2, 0, 0, -1, -1, 1, 0, -1 ], 
              [ 1, -2, 1, 2, 1, -1, 0, -1, 0, -1, 1, 0, -2, 0, 0, 1, 1, -1, 0, 1 ] ], 
          [ [ 1, 6, -2, -3, -2, -1, -1, -1, 1, 0, -1, -1, 2, 1, 0, 0, -2, 3, 2, 0 ], 
              [ 1, -6, 2, 3, 2, 1, 1, 1, -1, 0, 1, 1, -2, -1, 0, 0, 2, -3, -2, 0 ] ], 
          [ [ 1, 6, -2, -3, -2, -1, -1, -1, 1, 0, -1, -1, 2, 1, 0, 0, -1, 3, 2, 0 ], 
              [ 1, -6, 2, 3, 2, 1, 1, 1, -1, 0, 1, 1, -2, -1, 0, 0, 1, -3, -2, 0 ] ], 
          [ [ 1, 0, 0, 0, 1, -1, 0, -1, 0, 0, 1, 0, -1, 0, 0, 1, 0, 0, 0, 0 ], 
              [ 1, 0, 0, 0, -1, 1, 0, 1, 0, 0, -1, 0, 1, 0, 0, -1, 0, 0, 0, 0 ] ], 
          [ [ 1, 6, -1, -2, -1, -3, -1, -1, 0, -2, 0, -1, 0, -1, 0, 2, 0, 3, 2, 1 ], 
              [ 1, -6, 1, 2, 1, 3, 1, 1, 0, 2, 0, 1, 0, 1, 0, -2, 0, -3, -2, -1 ] ], 
          [ [ 1, 6, -1, -2, -1, -3, 0, -2, 0, -2, 0, -1, 0, -1, 0, 2, 0, 3, 2, 1 ], 
              [ 1, -6, 1, 2, 1, 3, 0, 2, 0, 2, 0, 1, 0, 1, 0, -2, 0, -3, -2, -1 ] ], 
          [ [ 1, 3, -1, -2, -1, 0, 0, 1, -1, 0, -1, -1, 2, 0, 0, 0, -1, 2, 1, 0 ], 
              [ 1, -3, 1, 2, 1, 0, 0, -1, 1, 0, 1, 1, -2, 0, 0, 0, 1, -2, -1, 0 ] ], 
          [ [ 1, 2, 0, -1, 0, -1, 1, 0, -1, -1, 0, 0, 0, -1, 0, 1, 0, 0, 0, 0 ], 
              [ 1, -2, 0, 1, 0, 1, -1, 0, 1, 1, 0, 0, 0, 1, 0, -1, 0, 0, 0, 0 ] ], 
          [ [ 1, 3, -1, -2, -1, 0, 0, 1, -1, 0, -1, -1, 2, 0, 0, 0, 0, 2, 1, 0 ], 
              [ 1, -3, 1, 2, 1, 0, 0, -1, 1, 0, 1, 1, -2, 0, 0, 0, 0, -2, -1, 0 ] ], 
          [ [ 1, 3, -1, -2, -1, 0, 0, 1, -1, 0, -1, -1, 2, 1, 0, 0, -1, 1, 1, 0 ], 
              [ 1, -3, 1, 2, 1, 0, 0, -1, 1, 0, 1, 1, -2, -1, 0, 0, 1, -1, -1, 0 ] ], 
          [ [ 1, 6, -2, -3, -2, -1, -1, -1, 1, 0, 0, -2, 2, 0, 0, 1, -1, 4, 2, 0 ], 
              [ 1, -6, 2, 3, 2, 1, 1, 1, -1, 0, 0, 2, -2, 0, 0, -1, 1, -4, -2, 0 ] ], 
          [ [ 1, -8, 2, 3, 3, 1, 1, 0, 0, 1, 1, 2, -2, 1, 0, -1, 1, -4, -2, -1 ], 
              [ 1, 8, -2, -3, -3, -1, -1, 0, 0, -1, -1, -2, 2, -1, 0, 1, -1, 4, 2, 1 ] ], 
          [ [ 1, -2, 0, 0, 0, 1, 0, 0, 1, 1, 0, 0, 1, 1, 0, -1, 0, 0, 0, -1 ], 
              [ 1, 2, 0, 0, 0, -1, 0, 0, -1, -1, 0, 0, -1, -1, 0, 1, 0, 0, 0, 1 ] ], 
          [ [ 1, -4, 1, 2, 2, 0, 1, 0, 0, 0, 1, 2, -2, -1, 0, -1, 1, -3, -2, -1 ], 
              [ 1, 4, -1, -2, -2, 0, -1, 0, 0, 0, -1, -2, 2, 1, 0, 1, -1, 3, 2, 1 ] ], 
          [ [ 1, -3, 0, 1, 1, 1, 0, 1, 0, 1, 0, 1, 0, 1, 0, -2, 0, -2, -1, -1 ], 
              [ 1, 3, 0, -1, -1, -1, 0, -1, 0, -1, 0, -1, 0, -1, 0, 2, 0, 2, 1, 1 ] ], 
          [ [ 1, -2, 0, 0, 0, 1, 0, 0, 1, 1, 0, 0, 1, 1, -1, 0, 0, 0, 0, 0 ], 
              [ 1, 2, 0, 0, 0, -1, 0, 0, -1, -1, 0, 0, -1, -1, 1, 0, 0, 0, 0, 0 ] ], 
          [ [ 1, -3, 0, 1, 1, 1, 1, 0, 0, 1, 0, 1, 0, 1, 0, -2, 0, -2, -1, -1 ], 
              [ 1, 3, 0, -1, -1, -1, -1, 0, 0, -1, 0, -1, 0, -1, 0, 2, 0, 2, 1, 1 ] ], 
          [ [ 1, -3, 1, 2, 2, -1, 1, 0, -1, -1, 1, 1, -2, -1, 0, 0, 2, -2, -1, 0 ], 
              [ 1, 3, -1, -2, -2, 1, -1, 0, 1, 1, -1, -1, 2, 1, 0, 0, -2, 2, 1, 0 ] ], 
          [ [ 1, 6, -3, -3, -1, -1, -1, -1, 1, 0, -1, -1, 2, 1, 0, 0, -2, 3, 2, 0 ], 
              [ 1, -6, 3, 3, 1, 1, 1, 1, -1, 0, 1, 1, -2, -1, 0, 0, 2, -3, -2, 0 ] ], 
          [ [ 1, 1, 0, -1, 0, -1, 0, 1, -2, 0, 0, 0, 0, 0, 1, 0, 0, 1, 1, 0 ], 
              [ 1, -1, 0, 1, 0, 1, 0, -1, 2, 0, 0, 0, 0, 0, -1, 0, 0, -1, -1, 0 ] ], 
          [ [ 1, 4, -1, -2, -1, -2, -1, -1, 0, 0, 0, 0, 0, 1, 0, 1, -1, 2, 2, 1 ], 
              [ 1, -4, 1, 2, 1, 2, 1, 1, 0, 0, 0, 0, 0, -1, 0, -1, 1, -2, -2, -1 ] ], 
          [ [ 1, 3, -1, -2, -1, -1, -1, -1, 1, 1, 1, 0, 0, 0, 0, 1, -1, 2, 1, 0 ], 
              [ 1, -3, 1, 2, 1, 1, 1, 1, -1, -1, -1, 0, 0, 0, 0, -1, 1, -2, -1, 0 ] ], 
          [ [ 1, 8, -2, -3, -2, -3, -1, -1, 0, -1, 0, 0, 0, -1, 0, 1, -1, 3, 2, 1 ], 
              [ 1, -8, 2, 3, 2, 3, 1, 1, 0, 1, 0, 0, 0, 1, 0, -1, 1, -3, -2, -1 ] ], 
          [ [ 1, 5, -1, -2, -1, -2, 0, 1, -2, -1, 0, 0, 0, -1, 1, 0, 0, 1, 1, 0 ], 
              [ 1, -5, 1, 2, 1, 2, 0, -1, 2, 1, 0, 0, 0, 1, -1, 0, 0, -1, -1, 0 ] ], 
          [ [ 1, 0, 0, 0, 0, -1, 0, 0, 0, 0, 1, 1, -1, -1, 0, 0, 1, 0, 0, 0 ], 
              [ 1, 0, 0, 0, 0, 1, 0, 0, 0, 0, -1, -1, 1, 1, 0, 0, -1, 0, 0, 0 ] ], 
          [ [ 1, 0, 0, 0, 0, -1, 0, 0, 0, 0, 1, 1, -1, 0, 0, 0, 0, -1, 0, 0 ], 
              [ 1, 0, 0, 0, 0, 1, 0, 0, 0, 0, -1, -1, 1, 0, 0, 0, 0, 1, 0, 0 ] ], 
          [ [ 1, 0, 1, 0, 0, 0, 1, 0, -2, -1, 0, 0, 0, -1, 0, 1, 1, 0, 0, 0 ], 
              [ 1, 0, -1, 0, 0, 0, -1, 0, 2, 1, 0, 0, 0, 1, 0, -1, -1, 0, 0, 0 ] ], 
          [ [ 1, 0, -1, -1, 0, 2, 0, 1, -1, 1, -1, 0, 2, 1, 0, -1, -1, 0, 0, -1 ], 
              [ 1, 0, 1, 1, 0, -2, 0, -1, 1, -1, 1, 0, -2, -1, 0, 1, 1, 0, 0, 1 ] ], 
          [ [ 1, 0, 0, 0, 1, 0, 0, -1, 0, 0, 0, 0, 0, 0, 0, 0, 0, 0, 0, -1 ], 
              [ 1, 0, 0, 0, -1, 0, 0, 1, 0, 0, 0, 0, 0, 0, 0, 0, 0, 0, 0, 1 ] ], 
          [ [ 1, 0, 0, 0, -1, 0, 0, 0, 1, -1, 0, -1, 1, 0, 0, 0, 1, 1, 0, 1 ], 
              [ 1, 0, 0, 0, 1, 0, 0, 0, -1, 1, 0, 1, -1, 0, 0, 0, -1, -1, 0, -1 ] ], 
          [ [ 1, 6, -2, -3, -2, -1, -1, 1, 0, -2, -2, -2, 3, 0, 1, 0, -1, 4, 2, 1 ], 
              [ 1, -6, 2, 3, 2, 1, 1, -1, 0, 2, 2, 2, -3, 0, -1, 0, 1, -4, -2, -1 ] ], 
          [ [ 1, 6, -2, -2, -3, -2, -2, -1, 2, -1, 0, -1, 1, 0, 0, 0, 0, 4, 2, 2 ], 
              [ 1, -6, 2, 2, 3, 2, 2, 1, -2, 1, 0, 1, -1, 0, 0, 0, 0, -4, -2, -2 ] ], 
          [ [ 1, 2, -1, -1, -2, 0, -1, 1, 1, 0, 0, 0, 1, 0, 0, -1, 0, 1, 0, 1 ], 
              [ 1, -2, 1, 1, 2, 0, 1, -1, -1, 0, 0, 0, -1, 0, 0, 1, 0, -1, 0, -1 ] ], 
          [ [ 1, 11, -3, -4, -3, -4, -2, -1, 1, -3, -1, -1, 1, -1, 1, 1, -1, 5, 3, 2 ], 
              [ 1, -11, 3, 4, 3, 4, 2, 1, -1, 3, 1, 1, -1, 1, -1, -1, 1, -5, -3, -2 ] ], 
          [ [ 1, 2, 0, 0, -1, -2, -1, -1, 2, -1, 1, 0, -1, -1, 0, 0, 1, 1, 0, 1 ], 
              [ 1, -2, 0, 0, 1, 2, 1, 1, -2, 1, -1, 0, 1, 1, 0, 0, -1, -1, 0, -1 ] ], 
          [ [ 1, 5, -1, -2, -1, -2, 0, 1, -1, -2, -1, -1, 1, -1, 1, 0, 0, 2, 1, 1 ], 
              [ 1, -5, 1, 2, 1, 2, 0, -1, 1, 2, 1, 1, -1, 1, -1, 0, 0, -2, -1, -1 ] ], 
          [ [ 1, 0, 0, 0, 0, -1, 0, 0, 1, -1, 0, 0, 0, 0, 0, 0, 0, 0, 0, 1 ], 
              [ 1, 0, 0, 0, 0, 1, 0, 0, -1, 1, 0, 0, 0, 0, 0, 0, 0, 0, 0, -1 ] ], 
          [ [ 1, 3, -1, -1, -1, -2, -1, 1, 0, -1, 0, 0, 0, 0, 1, -1, 0, 1, 1, 1 ], 
              [ 1, -3, 1, 1, 1, 2, 1, -1, 0, 1, 0, 0, 0, 0, -1, 1, 0, -1, -1, -1 ] ], 
          [ [ 1, 3, 0, -1, -1, -1, 0, 1, -2, -2, -1, -1, 1, -1, 1, 0, 1, 2, 1, 1 ], 
              [ 1, -3, 0, 1, 1, 1, 0, -1, 2, 2, 1, 1, -1, 1, -1, 0, -1, -2, -1, -1 ] ], 
          [ [ 1, 6, -1, -2, -2, -2, -1, -1, 0, -2, -1, -1, 1, 0, 0, 1, 0, 3, 2, 2 ], 
              [ 1, -6, 1, 2, 2, 2, 1, 1, 0, 2, 1, 1, -1, 0, 0, -1, 0, -3, -2, -2 ] ], 
          [ [ 1, 3, 0, -1, -1, -1, 0, 1, -2, -2, -1, -1, 1, 0, 1, 0, 0, 1, 1, 1 ], 
              [ 1, -3, 0, 1, 1, 1, 0, -1, 2, 2, 1, 1, -1, 0, -1, 0, 0, -1, -1, -1 ] ], 
          [ [ 1, 5, -1, -2, -2, -1, -1, -1, 1, -1, 0, -1, 1, -1, 0, 1, 0, 3, 1, 1 ], 
              [ 1, -5, 1, 2, 2, 1, 1, 1, -1, 1, 0, 1, -1, 1, 0, -1, 0, -3, -1, -1 ] ], 
          [ [ 1, 6, -2, -3, -3, 0, -2, 0, 1, 0, -1, -2, 3, 1, 0, 0, -1, 4, 2, 1 ], 
              [ 1, -6, 2, 3, 3, 0, 2, 0, -1, 0, 1, 2, -3, -1, 0, 0, 1, -4, -2, -1 ] ], 
          [ [ 1, 6, -1, -2, -2, -2, -1, -1, 0, -2, 0, -2, 1, -1, 0, 2, 0, 4, 2, 2 ], 
              [ 1, -6, 1, 2, 2, 2, 1, 1, 0, 2, 0, 2, -1, 1, 0, -2, 0, -4, -2, -2 ] ], 
          [ [ 1, -2, 1, 1, 0, 0, 0, 0, 0, -1, 0, 0, 0, 0, 0, 0, 1, 0, 0, 1 ], 
              [ 1, 2, -1, -1, 0, 0, 0, 0, 0, 1, 0, 0, 0, 0, 0, 0, -1, 0, 0, -1 ] ], 
          [ [ 1, 0, 0, 1, 0, -1, -1, -1, 1, -1, 1, 0, -1, 0, 0, 0, 1, 0, 0, 1 ], 
              [ 1, 0, 0, -1, 0, 1, 1, 1, -1, 1, -1, 0, 1, 0, 0, 0, -1, 0, 0, -1 ] ], 
          [ [ 1, -3, 0, 1, 0, 2, 0, 1, 0, 1, 0, 0, 1, 1, 0, -2, 0, -1, -1, 0 ], 
              [ 1, 3, 0, -1, 0, -2, 0, -1, 0, -1, 0, 0, -1, -1, 0, 2, 0, 1, 1, 0 ] ], 
          [ [ 1, 2, 0, 0, -1, -1, 0, 0, 0, -2, 0, 0, 0, -1, 0, 0, 1, 0, 0, 1 ], 
              [ 1, -2, 0, 0, 1, 1, 0, 0, 0, 2, 0, 0, 0, 1, 0, 0, -1, 0, 0, -1 ] ], 
          [ [ 1, 6, -2, -2, -1, -2, -1, -1, 0, -2, -1, -1, 1, 0, 1, 0, -1, 3, 2, 1 ], 
              [ 1, -6, 2, 2, 1, 2, 1, 1, 0, 2, 1, 1, -1, 0, -1, 0, 1, -3, -2, -1 ] ], 
          [ [ 1, 2, -1, -1, 0, 0, 0, 1, -1, -1, -1, 0, 1, 0, 1, -1, -1, 0, 0, 0 ], 
              [ 1, -2, 1, 1, 0, 0, 0, -1, 1, 1, 1, 0, -1, 0, -1, 1, 1, 0, 0, 0 ] ], 
          [ [ 1, 3, -1, -1, 0, -1, 0, 1, -2, -2, -1, -1, 1, 0, 1, 0, 0, 1, 1, 1 ], 
              [ 1, -3, 1, 1, 0, 1, 0, -1, 2, 2, 1, 1, -1, 0, -1, 0, 0, -1, -1, -1 ] ], 
          [ [ 1, 5, 0, -1, -1, -3, 0, 1, -3, -3, 0, 0, -1, -2, 1, 1, 1, 1, 1, 2 ], 
              [ 1, -5, 0, 1, 1, 3, 0, -1, 3, 3, 0, 0, 1, 2, -1, -1, -1, -1, -1, -2 ] ], 
          [ [ 1, 3, -1, -1, -2, -1, -2, -1, 2, 0, 1, 0, 0, 0, 0, 0, 0, 2, 1, 1 ], 
              [ 1, -3, 1, 1, 2, 1, 2, 1, -2, 0, -1, 0, 0, 0, 0, 0, 0, -2, -1, -1 ] ], 
          [ [ 1, 2, -1, 0, -1, -1, -1, -1, 1, 0, 1, 1, -1, 0, 0, -1, 0, 0, 0, 1 ], 
              [ 1, -2, 1, 0, 1, 1, 1, 1, -1, 0, -1, -1, 1, 0, 0, 1, 0, 0, 0, -1 ] ], 
          [ [ 1, 0, 0, 0, -1, 0, 0, 0, 0, 0, 1, 0, 0, 0, 0, 0, 0, 0, 0, 1 ], 
              [ 1, 0, 0, 0, 1, 0, 0, 0, 0, 0, -1, 0, 0, 0, 0, 0, 0, 0, 0, -1 ] ], 
          [ [ 1, 6, -2, -3, -2, -1, -1, 1, -1, -1, -1, -1, 2, 0, 1, 0, -1, 3, 2, 1 ], 
              [ 1, -6, 2, 3, 2, 1, 1, -1, 1, 1, 1, 1, -2, 0, -1, 0, 1, -3, -2, -1 ] ], 
          [ [ 1, 0, 0, 1, 1, -2, 0, 0, -1, -2, 1, 1, -2, -1, 1, 0, 1, -1, 0, 1 ], 
              [ 1, 0, 0, -1, -1, 2, 0, 0, 1, 2, -1, -1, 2, 1, -1, 0, -1, 1, 0, -1 ] ], 
          [ [ 1, 3, 0, -1, -1, -1, -1, 0, 0, -1, -1, -1, 1, 0, 0, 0, 0, 2, 1, 1 ], 
              [ 1, -3, 0, 1, 1, 1, 1, 0, 0, 1, 1, 1, -1, 0, 0, 0, 0, -2, -1, -1 ] ], 
          [ [ 1, 4, -1, -2, -1, -1, -1, -1, 1, -1, -1, -2, 2, 1, 0, 1, -1, 3, 2, 1 ], 
              [ 1, -4, 1, 2, 1, 1, 1, 1, -1, 1, 1, 2, -2, -1, 0, -1, 1, -3, -2, -1 ] ], 
          [ [ 1, 8, -2, -3, -2, -2, -1, -1, 1, -2, -1, -2, 2, -1, 0, 1, -1, 4, 2, 1 ], 
              [ 1, -8, 2, 3, 2, 2, 1, 1, -1, 2, 1, 2, -2, 1, 0, -1, 1, -4, -2, -1 ] ], 
          [ [ 1, 6, 0, -2, -2, -3, -1, -1, 0, -2, 0, -1, 0, -1, 0, 2, 0, 3, 2, 2 ], 
              [ 1, -6, 0, 2, 2, 3, 1, 1, 0, 2, 0, 1, 0, 1, 0, -2, 0, -3, -2, -2 ] ], 
          [ [ 1, 5, -1, -2, -2, -1, -1, 0, 0, 0, 0, -1, 1, 0, 0, 0, -1, 2, 1, 1 ], 
              [ 1, -5, 1, 2, 2, 1, 1, 0, 0, 0, 0, 1, -1, 0, 0, 0, 1, -2, -1, -1 ] ], 
          [ [ 1, -3, 1, 1, 0, 1, 0, 1, 0, 1, 0, 1, 0, 1, 0, -2, 0, -2, -1, 0 ], 
              [ 1, 3, -1, -1, 0, -1, 0, -1, 0, -1, 0, -1, 0, -1, 0, 2, 0, 2, 1, 0 ] ], 
          [ [ 1, -3, 2, 2, 1, -1, 0, 1, -1, -1, 1, 1, -2, -1, 0, 0, 2, -2, -1, 1 ], 
              [ 1, 3, -2, -2, -1, 1, 0, -1, 1, 1, -1, -1, 2, 1, 0, 0, -2, 2, 1, -1 ] ], 
          [ [ 1, -3, 2, 2, 1, -1, 1, 0, -1, -1, 1, 1, -2, -1, 0, 0, 2, -2, -1, 1 ], 
              [ 1, 3, -2, -2, -1, 1, -1, 0, 1, 1, -1, -1, 2, 1, 0, 0, -2, 2, 1, -1 ] ], 
          [ [ 1, -2, 1, 1, 0, 0, 0, 1, -1, 0, 0, 0, 0, 1, 0, -1, 1, -1, 0, 1 ], 
              [ 1, 2, -1, -1, 0, 0, 0, -1, 1, 0, 0, 0, 0, -1, 0, 1, -1, 1, 0, -1 ] ], 
          [ [ 1, 0, 0, 0, -1, 0, -1, -1, 2, 1, 1, 0, 0, 0, -1, 0, 0, 1, 0, 1 ], 
              [ 1, 0, 0, 0, 1, 0, 1, 1, -2, -1, -1, 0, 0, 0, 1, 0, 0, -1, 0, -1 ] ], 
          [ [ 1, -3, 1, 1, 0, 1, 0, 1, 0, 1, 1, 0, 0, 0, 0, -1, 1, -1, -1, 0 ], 
              [ 1, 3, -1, -1, 0, -1, 0, -1, 0, -1, -1, 0, 0, 0, 0, 1, -1, 1, 1, 0 ] ], 
          [ [ 1, 0, 0, 0, -1, 0, -1, -1, 2, 1, 1, 0, 0, 1, -1, 0, 0, 0, 0, 1 ], 
              [ 1, 0, 0, 0, 1, 0, 1, 1, -2, -1, -1, 0, 0, -1, 1, 0, 0, 0, 0, -1 ] ], 
          [ [ 1, 2, 0, 0, -1, -1, 0, 1, -1, -1, 0, 0, 0, -1, 0, -1, 1, 0, 0, 1 ], 
              [ 1, -2, 0, 0, 1, 1, 0, -1, 1, 1, 0, 0, 0, 1, 0, 1, -1, 0, 0, -1 ] ], 
          [ [ 1, 3, 0, -1, 0, -2, 0, 1, -2, -2, -1, 0, 0, -1, 1, 0, 0, 1, 1, 1 ], 
              [ 1, -3, 0, 1, 0, 2, 0, -1, 2, 2, 1, 0, 0, 1, -1, 0, 0, -1, -1, -1 ] ], 
          [ [ 1, 3, 0, -1, 0, -2, 0, 1, -2, -2, -1, 0, 0, 0, 1, 0, 0, 0, 1, 1 ], 
              [ 1, -3, 0, 1, 0, 2, 0, -1, 2, 2, 1, 0, 0, 0, -1, 0, 0, 0, -1, -1 ] ], 
          [ [ 1, 6, -1, -2, -1, -3, -1, -1, 0, -2, 0, -1, 0, -1, 1, 1, 0, 3, 2, 1 ], 
              [ 1, -6, 1, 2, 1, 3, 1, 1, 0, 2, 0, 1, 0, 1, -1, -1, 0, -3, -2, -1 ] ], 
          [ [ 1, 6, -2, -3, -2, -1, -2, 0, 1, 0, -1, -1, 2, 1, 0, 0, -2, 3, 2, 1 ], 
              [ 1, -6, 2, 3, 2, 1, 2, 0, -1, 0, 1, 1, -2, -1, 0, 0, 2, -3, -2, -1 ] ], 
          [ [ 1, 6, -2, -3, -2, -1, -1, -1, 1, 0, -1, -1, 2, 1, 0, 0, -2, 3, 2, 1 ], 
              [ 1, -6, 2, 3, 2, 1, 1, 1, -1, 0, 1, 1, -2, -1, 0, 0, 2, -3, -2, -1 ] ], 
          [ [ 1, 5, -1, -1, 0, -3, -1, 0, -1, -2, 0, 0, -1, -1, 1, 0, 0, 1, 1, 1 ], 
              [ 1, -5, 1, 1, 0, 3, 1, 0, 1, 2, 0, 0, 1, 1, -1, 0, 0, -1, -1, -1 ] ], 
          [ [ 1, 6, -1, -2, -1, -3, -1, -1, 0, -2, 0, -1, 0, -1, 0, 2, 0, 3, 2, 2 ], 
              [ 1, -6, 1, 2, 1, 3, 1, 1, 0, 2, 0, 1, 0, 1, 0, -2, 0, -3, -2, -2 ] ], 
          [ [ 1, 3, 0, -1, 0, -2, 0, 1, -2, -2, 0, -1, 0, -1, 1, 1, 0, 1, 1, 1 ], 
              [ 1, -3, 0, 1, 0, 2, 0, -1, 2, 2, 0, 1, 0, 1, -1, -1, 0, -1, -1, -1 ] ], 
          [ [ 1, -3, 0, 1, 1, 1, 0, 1, 0, 1, 0, 1, 0, 1, 0, -2, 0, -2, -1, 0 ], 
              [ 1, 3, 0, -1, -1, -1, 0, -1, 0, -1, 0, -1, 0, -1, 0, 2, 0, 2, 1, 0 ] ], 
          [ [ 1, 0, -1, 0, 0, 0, -1, -1, 2, 1, 1, 0, 0, 1, 0, -1, -1, 0, 0, 0 ], 
              [ 1, 0, 1, 0, 0, 0, 1, 1, -2, -1, -1, 0, 0, -1, 0, 1, 1, 0, 0, 0 ] ], 
          [ [ 1, 3, -1, -1, -1, -1, 0, 0, 0, -1, 0, -1, 1, 0, 0, 0, 0, 1, 1, 1 ], 
              [ 1, -3, 1, 1, 1, 1, 0, 0, 0, 1, 0, 1, -1, 0, 0, 0, 0, -1, -1, -1 ] ], 
          [ [ 1, 3, 0, 0, -1, -3, -1, -1, 0, -1, 2, 0, -2, -1, 0, 1, 1, 1, 1, 2 ], 
              [ 1, -3, 0, 0, 1, 3, 1, 1, 0, 1, -2, 0, 2, 1, 0, -1, -1, -1, -1, -2 ] ], 
          [ [ 1, 3, 0, -1, -1, -1, -1, 0, -1, 0, 0, 0, 0, 0, 0, 0, 0, 1, 1, 1 ], 
              [ 1, -3, 0, 1, 1, 1, 1, 0, 1, 0, 0, 0, 0, 0, 0, 0, 0, -1, -1, -1 ] ], 
          [ [ 1, -1, 0, 0, 0, 0, 0, -1, 2, 0, 1, 1, -1, -1, 0, 0, 1, 0, -1, -1 ], 
              [ 1, 1, 0, 0, 0, 0, 0, 1, -2, 0, -1, -1, 1, 1, 0, 0, -1, 0, 1, 1 ] ], 
          [ [ 1, 2, -1, -2, 0, 0, 1, 1, -1, -1, -1, 0, 1, -1, 1, 0, 0, 1, 0, -1 ], 
              [ 1, -2, 1, 2, 0, 0, -1, -1, 1, 1, 1, 0, -1, 1, -1, 0, 0, -1, 0, 1 ] ], 
          [ [ 1, -3, 0, 0, 1, 1, 1, 0, 1, 0, 0, 1, 0, 0, 0, 0, 0, -1, -1, -1 ], 
              [ 1, 3, 0, 0, -1, -1, -1, 0, -1, 0, 0, -1, 0, 0, 0, 0, 0, 1, 1, 1 ] ], 
          [ [ 1, 0, -1, -1, 0, 0, 0, 1, 0, 0, 0, 1, 0, 0, 1, -1, 0, 0, 0, -1 ], 
              [ 1, 0, 1, 1, 0, 0, 0, -1, 0, 0, 0, -1, 0, 0, -1, 1, 0, 0, 0, 1 ] ], 
          [ [ 1, 3, -1, -3, -1, 0, 0, -1, 2, 0, -1, -1, 2, 0, 0, 1, -1, 3, 1, -1 ], 
              [ 1, -3, 1, 3, 1, 0, 0, 1, -2, 0, 1, 1, -2, 0, 0, -1, 1, -3, -1, 1 ] ], 
          [ [ 1, 2, -1, -2, 0, 0, 0, 0, 1, 0, -1, 0, 1, 0, 0, 0, -1, 1, 0, -1 ], 
              [ 1, -2, 1, 2, 0, 0, 0, 0, -1, 0, 1, 0, -1, 0, 0, 0, 1, -1, 0, 1 ] ], 
          [ [ 1, -6, 1, 1, 2, 2, 1, 1, 1, 1, 0, 1, 0, 0, 0, -1, 1, -2, -2, -2 ], 
              [ 1, 6, -1, -1, -2, -2, -1, -1, -1, -1, 0, -1, 0, 0, 0, 1, -1, 2, 2, 2 ] ], 
          [ [ 1, -3, 1, 0, 0, 1, 1, 1, 0, 1, 0, 1, 0, 0, 0, -1, 1, -1, -1, -1 ], 
              [ 1, 3, -1, 0, 0, -1, -1, -1, 0, -1, 0, -1, 0, 0, 0, 1, -1, 1, 1, 1 ] ], 
          [ [ 1, 0, 0, -1, -1, 0, 0, -1, 2, 1, 1, 0, 0, 0, -1, 1, 0, 1, 0, 0 ], 
              [ 1, 0, 0, 1, 1, 0, 0, 1, -2, -1, -1, 0, 0, 0, 1, -1, 0, -1, 0, 0 ] ], 
          [ [ 1, 0, 0, -1, 1, -1, 0, 0, 0, 0, 0, 1, -1, 0, 1, 0, 0, 0, 0, -1 ], 
              [ 1, 0, 0, 1, -1, 1, 0, 0, 0, 0, 0, -1, 1, 0, -1, 0, 0, 0, 0, 1 ] ], 
          [ [ 1, 3, 0, -2, 0, -2, 1, 1, -2, -2, -1, 0, 0, -1, 1, 1, 0, 1, 1, 0 ], 
              [ 1, -3, 0, 2, 0, 2, -1, -1, 2, 2, 1, 0, 0, 1, -1, -1, 0, -1, -1, 0 ] ], 
          [ [ 1, 6, -2, -4, -2, -1, -1, 0, 1, 0, -1, -1, 2, 0, 0, 1, -1, 4, 2, 0 ], 
              [ 1, -6, 2, 4, 2, 1, 1, 0, -1, 0, 1, 1, -2, 0, 0, -1, 1, -4, -2, 0 ] ], 
          [ [ 1, 0, -1, -1, 0, 0, 0, -1, 2, 1, 0, 1, 0, 1, 0, -1, -1, 0, 0, -1 ], 
              [ 1, 0, 1, 1, 0, 0, 0, 1, -2, -1, 0, -1, 0, -1, 0, 1, 1, 0, 0, 1 ] ], 
          [ [ 1, 0, 0, 0, 1, -2, 0, -1, 1, -1, 1, 1, -2, -1, 0, 1, 1, 0, 0, 0 ], 
              [ 1, 0, 0, 0, -1, 2, 0, 1, -1, 1, -1, -1, 2, 1, 0, -1, -1, 0, 0, 0 ] ], 
          [ [ 1, -3, 0, 0, 1, 1, 1, 1, 0, 1, 0, 1, 0, 0, 0, -1, 0, -1, -1, -1 ], 
              [ 1, 3, 0, 0, -1, -1, -1, -1, 0, -1, 0, -1, 0, 0, 0, 1, 0, 1, 1, 1 ] ], 
          [ [ 1, -3, 0, 0, 1, 1, 1, 1, 0, 1, 0, 1, 0, 1, 0, -1, 0, -2, -1, -1 ], 
              [ 1, 3, 0, 0, -1, -1, -1, -1, 0, -1, 0, -1, 0, -1, 0, 1, 0, 2, 1, 1 ] ], 
          [ [ 1, 0, -1, -1, 0, 0, 0, -1, 2, 1, 1, 0, 0, 0, 0, 0, 0, 1, 0, -1 ], 
              [ 1, 0, 1, 1, 0, 0, 0, 1, -2, -1, -1, 0, 0, 0, 0, 0, 0, -1, 0, 1 ] ], 
          [ [ 1, 0, 0, -1, 0, 1, 0, 0, 0, 0, -1, 0, 1, 0, 0, 0, 0, 1, 0, -1 ], 
              [ 1, 0, 0, 1, 0, -1, 0, 0, 0, 0, 1, 0, -1, 0, 0, 0, 0, -1, 0, 1 ] ], 
          [ [ 1, 1, -1, -2, 0, 1, 0, -1, 1, 0, -1, -1, 2, 1, 0, 1, -1, 2, 1, -1 ], 
              [ 1, -1, 1, 2, 0, -1, 0, 1, -1, 0, 1, 1, -2, -1, 0, -1, 1, -2, -1, 1 ] ], 
          [ [ 1, 5, -2, -3, -1, 0, 0, -1, 1, -1, -1, -1, 2, -1, 0, 1, -1, 3, 1, -1 ], 
              [ 1, -5, 2, 3, 1, 0, 0, 1, -1, 1, 1, 1, -2, 1, 0, -1, 1, -3, -1, 1 ] ], 
          [ [ 1, 3, 0, -2, -1, -1, 0, -1, 0, -1, 0, 0, 0, -1, 0, 2, 0, 2, 1, 0 ], 
              [ 1, -3, 0, 2, 1, 1, 0, 1, 0, 1, 0, 0, 0, 1, 0, -2, 0, -2, -1, 0 ] ], 
          [ [ 1, 2, -1, -2, -1, 1, 0, 0, 0, 1, 0, 0, 1, 0, 0, 0, -1, 1, 0, -1 ], 
              [ 1, -2, 1, 2, 1, -1, 0, 0, 0, -1, 0, 0, -1, 0, 0, 0, 1, -1, 0, 1 ] ], 
          [ [ 1, -6, 1, 1, 1, 3, 1, 1, 0, 2, 0, 2, 0, 1, 0, -2, 0, -3, -2, -2 ], 
              [ 1, 6, -1, -1, -1, -3, -1, -1, 0, -2, 0, -2, 0, -1, 0, 2, 0, 3, 2, 2 ] ], 
          [ [ 1, -6, 2, 2, 2, 1, 1, 1, -1, 0, 1, 2, -2, -1, 0, 0, 2, -3, -2, -1 ], 
              [ 1, 6, -2, -2, -2, -1, -1, -1, 1, 0, -1, -2, 2, 1, 0, 0, -2, 3, 2, 1 ] ], 
          [ [ 1, -6, 2, 2, 2, 1, 2, 0, -1, 0, 1, 2, -2, -1, 0, 0, 2, -3, -2, -1 ], 
              [ 1, 6, -2, -2, -2, -1, -2, 0, 1, 0, -1, -2, 2, 1, 0, 0, -2, 3, 2, 1 ] ], 
          [ [ 1, -5, 1, 1, 1, 2, 1, 1, -1, 1, 0, 1, 0, 1, 0, -1, 1, -2, -1, -1 ], 
              [ 1, 5, -1, -1, -1, -2, -1, -1, 1, -1, 0, -1, 0, -1, 0, 1, -1, 2, 1, 1 ] ], 
          [ [ 1, -3, 0, 0, 0, 2, 0, -1, 2, 2, 1, 1, 0, 0, -1, 0, 0, 0, -1, -1 ], 
              [ 1, 3, 0, 0, 0, -2, 0, 1, -2, -2, -1, -1, 0, 0, 1, 0, 0, 0, 1, 1 ] ], 
          [ [ 1, -6, 1, 1, 1, 3, 1, 1, 0, 2, 1, 1, 0, 0, 0, -1, 1, -2, -2, -2 ], 
              [ 1, 6, -1, -1, -1, -3, -1, -1, 0, -2, -1, -1, 0, 0, 0, 1, -1, 2, 2, 2 ] ], 
          [ [ 1, -3, 0, 0, 0, 2, 0, -1, 2, 2, 1, 1, 0, 1, -1, 0, 0, -1, -1, -1 ], 
              [ 1, 3, 0, 0, 0, -2, 0, 1, -2, -2, -1, -1, 0, -1, 1, 0, 0, 1, 1, 1 ] ], 
          [ [ 1, -1, 0, 0, 0, 1, 1, 1, -1, 0, 0, 1, 0, -1, 0, -1, 1, -1, -1, -1 ], 
              [ 1, 1, 0, 0, 0, -1, -1, -1, 1, 0, 0, -1, 0, 1, 0, 1, -1, 1, 1, 1 ] ], 
          [ [ 1, 0, 0, -1, 1, 0, 1, 1, -2, -1, -1, 1, 0, -1, 1, 0, 0, 0, 0, -1 ], 
              [ 1, 0, 0, 1, -1, 0, -1, -1, 2, 1, 1, -1, 0, 1, -1, 0, 0, 0, 0, 1 ] ], 
          [ [ 1, 0, 0, -1, 1, 0, 1, 1, -2, -1, -1, 1, 0, 0, 1, 0, 0, -1, 0, -1 ], 
              [ 1, 0, 0, 1, -1, 0, -1, -1, 2, 1, 1, -1, 0, 0, -1, 0, 0, 1, 0, 1 ] ], 
          [ [ 1, 3, -1, -2, 0, -1, 0, -1, 0, -1, 0, 0, 0, -1, 1, 1, 0, 2, 1, -1 ], 
              [ 1, -3, 1, 2, 0, 1, 0, 1, 0, 1, 0, 0, 0, 1, -1, -1, 0, -2, -1, 1 ] ], 
          [ [ 1, 3, -2, -3, -1, 1, -1, 0, 1, 1, -1, 0, 2, 1, 0, 0, -2, 2, 1, -1 ], 
              [ 1, -3, 2, 3, 1, -1, 1, 0, -1, -1, 1, 0, -2, -1, 0, 0, 2, -2, -1, 1 ] ], 
          [ [ 1, 3, -2, -3, -1, 1, 0, -1, 1, 1, -1, 0, 2, 1, 0, 0, -2, 2, 1, -1 ], 
              [ 1, -3, 2, 3, 1, -1, 0, 1, -1, -1, 1, 0, -2, -1, 0, 0, 2, -2, -1, 1 ] ], 
          [ [ 1, 2, -1, -1, 1, -1, 0, 0, -1, -1, 0, 1, -1, -1, 1, 0, 0, 0, 0, -1 ], 
              [ 1, -2, 1, 1, -1, 1, 0, 0, 1, 1, 0, -1, 1, 1, -1, 0, 0, 0, 0, 1 ] ], 
          [ [ 1, 3, -1, -2, 0, -1, 0, -1, 0, -1, 0, 0, 0, -1, 0, 2, 0, 2, 1, 0 ], 
              [ 1, -3, 1, 2, 0, 1, 0, 1, 0, 1, 0, 0, 0, 1, 0, -2, 0, -2, -1, 0 ] ], 
          [ [ 1, 0, 0, -1, 1, 0, 1, 1, -2, -1, 0, 0, 0, -1, 1, 1, 0, 0, 0, -1 ], 
              [ 1, 0, 0, 1, -1, 0, -1, -1, 2, 1, 0, 0, 0, 1, -1, -1, 0, 0, 0, 1 ] ], 
          [ [ 1, -6, 0, 1, 2, 3, 1, 1, 0, 2, 0, 2, 0, 1, 0, -2, 0, -3, -2, -2 ], 
              [ 1, 6, 0, -1, -2, -3, -1, -1, 0, -2, 0, -2, 0, -1, 0, 2, 0, 3, 2, 2 ] ], 
          [ [ 1, -3, -1, 0, 1, 2, 0, -1, 2, 2, 1, 1, 0, 1, 0, -1, -1, -1, -1, -2 ], 
              [ 1, 3, 1, 0, -1, -2, 0, 1, -2, -2, -1, -1, 0, -1, 0, 1, 1, 1, 1, 2 ] ], 
          [ [ 1, 0, -1, -1, 0, 1, 1, 0, 0, 0, 0, 0, 1, 0, 0, 0, 0, 0, 0, -1 ], 
              [ 1, 0, 1, 1, 0, -1, -1, 0, 0, 0, 0, 0, -1, 0, 0, 0, 0, 0, 0, 1 ] ], 
          [ [ 1, 0, 0, 0, 0, -1, 0, -1, 0, 0, 2, 1, -2, -1, 0, 1, 1, 0, 0, 0 ], 
              [ 1, 0, 0, 0, 0, 1, 0, 1, 0, 0, -2, -1, 2, 1, 0, -1, -1, 0, 0, 0 ] ], 
          [ [ 1, 0, 1, -1, 0, 0, 0, 0, 0, 0, 0, 0, 0, -1, 0, 1, 1, 1, 0, -1 ], 
              [ 1, 0, -1, 1, 0, 0, 0, 0, 0, 0, 0, 0, 0, 1, 0, -1, -1, -1, 0, 1 ] ], 
          [ [ 1, 0, 0, -2, -1, 2, 0, 0, 1, 2, -1, 0, 2, 1, -1, 0, -1, 1, 0, -1 ], 
              [ 1, 0, 0, 2, 1, -2, 0, 0, -1, -2, 1, 0, -2, -1, 1, 0, 1, -1, 0, 1 ] ], 
          [ [ 1, -1, 1, 0, 1, 0, 1, 0, -1, 0, 0, 1, -1, -1, 0, 0, 1, -1, -1, -1 ], 
              [ 1, 1, -1, 0, -1, 0, -1, 0, 1, 0, 0, -1, 1, 1, 0, 0, -1, 1, 1, 1 ] ], 
          [ [ 1, -3, 2, 0, 1, 1, 2, 1, -2, 0, 0, 0, 0, -1, 0, 1, 1, -1, -1, -1 ], 
              [ 1, 3, -2, 0, -1, -1, -2, -1, 2, 0, 0, 0, 0, 1, 0, -1, -1, 1, 1, 1 ] ], 
          [ [ 1, -9, 3, 3, 3, 2, 2, 1, -1, 1, 1, 2, -2, -1, 0, -1, 2, -4, -3, -2 ], 
              [ 1, 9, -3, -3, -3, -2, -2, -1, 1, -1, -1, -2, 2, 1, 0, 1, -2, 4, 3, 2 ] ], 
          [ [ 1, -6, 2, 2, 2, 1, 1, -1, 1, 1, 1, 2, -2, 0, -1, 0, 1, -3, -2, -1 ], 
              [ 1, 6, -2, -2, -2, -1, -1, 1, -1, -1, -1, -2, 2, 0, 1, 0, -1, 3, 2, 1 ] ], 
          [ [ 1, -9, 3, 3, 3, 2, 2, 1, -1, 1, 1, 2, -2, 0, 0, -1, 2, -5, -3, -2 ], 
              [ 1, 9, -3, -3, -3, -2, -2, -1, 1, -1, -1, -2, 2, 0, 0, 1, -2, 5, 3, 2 ] ], 
          [ [ 1, -6, 1, 1, 1, 3, 0, 0, 2, 3, 1, 1, 0, 1, -1, -1, 0, -2, -2, -2 ], 
              [ 1, 6, -1, -1, -1, -3, 0, 0, -2, -3, -1, -1, 0, -1, 1, 1, 0, 2, 2, 2 ] ], 
          [ [ 1, -6, 1, 1, 1, 3, 1, -1, 2, 3, 1, 1, 0, 1, -1, -1, 0, -2, -2, -2 ], 
              [ 1, 6, -1, -1, -1, -3, -1, 1, -2, -3, -1, -1, 0, -1, 1, 1, 0, 2, 2, 2 ] ], 
          [ [ 1, 0, 0, -1, -1, 1, 0, -1, 2, 1, 0, 0, 1, 0, -1, 0, 0, 1, 0, -1 ], 
              [ 1, 0, 0, 1, 1, -1, 0, 1, -2, -1, 0, 0, -1, 0, 1, 0, 0, -1, 0, 1 ] ], 
          [ [ 1, -6, 2, 2, 2, 1, 1, -1, 1, 1, 2, 1, -2, -1, -1, 1, 2, -2, -2, -1 ], 
              [ 1, 6, -2, -2, -2, -1, -1, 1, -1, -1, -2, -1, 2, 1, 1, -1, -2, 2, 2, 1 ] ],
          [ [ 1, -3, 1, 0, 0, 2, 1, 1, 0, 1, 0, 0, 1, 0, -1, 0, 1, -1, -1, -1 ], 
              [ 1, 3, -1, 0, 0, -2, -1, -1, 0, -1, 0, 0, -1, 0, 1, 0, -1, 1, 1, 1 ] ], 
          [ [ 1, 0, 0, -1, 1, 0, 0, 0, 0, 0, -1, 1, 0, 0, 0, 0, 0, 0, 0, -1 ], 
              [ 1, 0, 0, 1, -1, 0, 0, 0, 0, 0, 1, -1, 0, 0, 0, 0, 0, 0, 0, 1 ] ], 
          [ [ 1, -3, 1, 0, 2, 1, 1, 2, -2, 0, -1, 1, 0, 0, 1, -1, 0, -2, -1, -2 ], 
              [ 1, 3, -1, 0, -2, -1, -1, -2, 2, 0, 1, -1, 0, 0, -1, 1, 0, 2, 1, 2 ] ], 
          [ [ 1, -2, 1, -1, 1, 1, 1, 1, -1, 0, -1, 0, 1, 0, 0, 1, 0, 0, 0, -1 ], 
              [ 1, 2, -1, 1, -1, -1, -1, -1, 1, 0, 1, 0, -1, 0, 0, -1, 0, 0, 0, 1 ] ], 
          [ [ 1, -3, 1, 0, 2, 1, 2, 1, -2, 0, -1, 1, 0, 0, 1, -1, 0, -2, -1, -2 ], 
              [ 1, 3, -1, 0, -2, -1, -2, -1, 2, 0, 1, -1, 0, 0, -1, 1, 0, 2, 1, 2 ] ], 
          [ [ 1, -3, 2, 1, 3, -1, 2, 1, -3, -2, 0, 1, -2, -2, 1, 1, 2, -2, -1, -1 ], 
              [ 1, 3, -2, -1, -3, 1, -2, -1, 3, 2, 0, -1, 2, 2, -1, -1, -2, 2, 1, 1 ] ], 
          [ [ 1, -3, 1, 0, 2, 1, 2, 1, -2, 0, -1, 1, 0, 0, 0, 0, 0, -2, -1, -1 ], 
              [ 1, 3, -1, 0, -2, -1, -2, -1, 2, 0, 1, -1, 0, 0, 0, 0, 0, 2, 1, 1 ] ], 
          [ [ 1, 3, -1, -2, 0, -1, -1, -2, 2, 0, 0, 0, 0, 0, 0, 1, -1, 2, 1, -1 ], 
              [ 1, -3, 1, 2, 0, 1, 1, 2, -2, 0, 0, 0, 0, 0, 0, -1, 1, -2, -1, 1 ] ], 
          [ [ 1, 0, -1, -2, 0, 2, 0, 0, 1, 2, -1, 0, 2, 1, 0, -1, -2, 1, 0, -2 ], 
              [ 1, 0, 1, 2, 0, -2, 0, 0, -1, -2, 1, 0, -2, -1, 0, 1, 2, -1, 0, 2 ] ], 
          [ [ 1, 0, -1, -2, 0, 2, 0, 0, 1, 2, -1, 0, 2, 1, 0, -1, -1, 1, 0, -2 ], 
              [ 1, 0, 1, 2, 0, -2, 0, 0, -1, -2, 1, 0, -2, -1, 0, 1, 1, -1, 0, 2 ] ], 
          [ [ 1, 0, -1, -2, 0, 2, 0, 0, 1, 2, -1, 0, 2, 2, 0, -1, -2, 0, 0, -2 ], 
              [ 1, 0, 1, 2, 0, -2, 0, 0, -1, -2, 1, 0, -2, -2, 0, 1, 2, 0, 0, 2 ] ], 
          [ [ 1, 0, 0, -1, 1, 0, 0, 0, 0, 0, 0, 0, 0, -1, 0, 1, 0, 1, 0, -1 ], 
              [ 1, 0, 0, 1, -1, 0, 0, 0, 0, 0, 0, 0, 0, 1, 0, -1, 0, -1, 0, 1 ] ], 
          [ [ 1, 0, 0, -1, 1, 0, 0, 0, 0, 0, 0, 0, 0, 0, 0, 1, 0, 0, 0, -1 ], 
              [ 1, 0, 0, 1, -1, 0, 0, 0, 0, 0, 0, 0, 0, 0, 0, -1, 0, 0, 0, 1 ] ], 
          [ [ 1, 0, 0, -1, 1, 0, 1, -1, 0, 0, 0, 0, 0, -1, 0, 1, 0, 1, 0, -1 ], 
              [ 1, 0, 0, 1, -1, 0, -1, 1, 0, 0, 0, 0, 0, 1, 0, -1, 0, -1, 0, 1 ] ], 
          [ [ 1, 0, 0, -1, 1, 0, 1, -1, 0, 0, 0, 0, 0, 0, 0, 1, -1, 0, 0, -1 ], 
              [ 1, 0, 0, 1, -1, 0, -1, 1, 0, 0, 0, 0, 0, 0, 0, -1, 1, 0, 0, 1 ] ], 
          [ [ 1, 1, -1, -2, 0, 1, 0, 0, 0, 1, -1, -1, 2, 1, 0, 0, -1, 2, 1, -1 ], 
              [ 1, -1, 1, 2, 0, -1, 0, 0, 0, -1, 1, 1, -2, -1, 0, 0, 1, -2, -1, 1 ] ], 
          [ [ 1, 0, 0, -1, 1, 0, 1, -1, 0, 0, 0, 0, 0, 0, 0, 1, 0, 0, 0, -1 ], 
              [ 1, 0, 0, 1, -1, 0, -1, 1, 0, 0, 0, 0, 0, 0, 0, -1, 0, 0, 0, 1 ] ], 
          [ [ 1, -3, 0, -1, 1, 3, 1, 2, -1, 2, -1, 0, 2, 1, 0, -1, -1, -1, -1, -2 ], 
              [ 1, 3, 0, 1, -1, -3, -1, -2, 1, -2, 1, 0, -2, -1, 0, 1, 1, 1, 1, 2 ] ], 
          [ [ 1, 6, -1, -3, -1, -2, 0, -1, 0, -2, -1, -1, 1, -1, 0, 2, 0, 3, 2, 0 ], 
              [ 1, -6, 1, 3, 1, 2, 0, 1, 0, 2, 1, 1, -1, 1, 0, -2, 0, -3, -2, 0 ] ], 
          [ [ 1, 3, -1, -3, -1, 1, 1, 1, -1, 0, -2, -1, 3, 0, 0, 0, -1, 2, 1, -1 ], 
              [ 1, -3, 1, 3, 1, -1, -1, -1, 1, 0, 2, 1, -3, 0, 0, 0, 1, -2, -1, 1 ] ], 
          [ [ 1, 3, -2, -3, -1, 1, -1, -2, 3, 2, 0, -1, 2, 1, -1, 1, -2, 3, 1, -1 ], 
              [ 1, -3, 2, 3, 1, -1, 1, 2, -3, -2, 0, 1, -2, -1, 1, -1, 2, -3, -1, 1 ] ], 
          [ [ 1, 5, -2, -3, -1, 0, 0, 0, 0, 0, -1, -1, 2, 0, 0, 0, -1, 2, 1, -1 ], 
              [ 1, -5, 2, 3, 1, 0, 0, 0, 0, 0, 1, 1, -2, 0, 0, 0, 1, -2, -1, 1 ] ], 
          [ [ 1, -5, 0, 0, 1, 3, 0, -1, 3, 3, 0, 1, 1, 2, -1, -1, -1, -1, -1, -2 ], 
              [ 1, 5, 0, 0, -1, -3, 0, 1, -3, -3, 0, -1, -1, -2, 1, 1, 1, 1, 1, 2 ] ], 
          [ [ 1, -6, 1, 2, 3, 1, 1, -1, 1, 1, 1, 2, -2, 0, 0, -1, 1, -3, -2, -2 ], 
              [ 1, 6, -1, -2, -3, -1, -1, 1, -1, -1, -1, -2, 2, 0, 0, 1, -1, 3, 2, 2 ] ], 
          [ [ 1, -8, 2, 2, 3, 2, 2, 0, 0, 1, 1, 1, -1, 0, 0, 0, 1, -3, -2, -2 ], 
              [ 1, 8, -2, -2, -3, -2, -2, 0, 0, -1, -1, -1, 1, 0, 0, 0, -1, 3, 2, 2 ] ], 
          [ [ 1, -3, 0, 0, 1, 2, 1, 1, 0, 1, -1, 1, 1, 1, 0, -2, 0, -2, -1, -2 ], 
              [ 1, 3, 0, 0, -1, -2, -1, -1, 0, -1, 1, -1, -1, -1, 0, 2, 0, 2, 1, 2 ] ], 
          [ [ 1, -9, 2, 3, 4, 2, 2, 1, -1, 1, 1, 2, -2, 0, 0, -1, 1, -5, -3, -2 ], 
              [ 1, 9, -2, -3, -4, -2, -2, -1, 1, -1, -1, -2, 2, 0, 0, 1, -1, 5, 3, 2 ] ], 
          [ [ 1, -3, 1, 1, 2, 0, 2, 0, -1, -1, 0, 1, -1, -1, 0, 0, 1, -2, -1, -1 ], 
              [ 1, 3, -1, -1, -2, 0, -2, 0, 1, 1, 0, -1, 1, 1, 0, 0, -1, 2, 1, 1 ] ], 
          [ [ 1, 0, -1, -1, 0, 1, 0, -1, 2, 1, 0, 0, 1, 0, -1, 0, 0, 1, 0, -1 ], 
              [ 1, 0, 1, 1, 0, -1, 0, 1, -2, -1, 0, 0, -1, 0, 1, 0, 0, -1, 0, 1 ] ], 
          [ [ 1, -3, 0, 0, 1, 2, 1, 1, 0, 1, 0, 0, 1, 0, 0, -1, 0, -1, -1, -2 ], 
              [ 1, 3, 0, 0, -1, -2, -1, -1, 0, -1, 0, 0, -1, 0, 0, 1, 0, 1, 1, 2 ] ], 
          [ [ 1, 0, -1, -1, 0, 1, 0, -1, 2, 1, 0, 0, 1, 1, -1, 0, -1, 0, 0, -1 ], 
              [ 1, 0, 1, 1, 0, -1, 0, 1, -2, -1, 0, 0, -1, -1, 1, 0, 1, 0, 0, 1 ] ], 
          [ [ 1, 6, -2, -4, 0, -1, 0, 0, -1, -1, -2, -1, 2, 0, 1, 1, -2, 3, 2, -1 ], 
              [ 1, -6, 2, 4, 0, 1, 0, 0, 1, 1, 2, 1, -2, 0, -1, -1, 2, -3, -2, 1 ] ], 
          [ [ 1, 3, 0, -2, -1, -1, 0, 0, -1, 0, 0, 0, 0, -1, 0, 1, 0, 2, 1, 0 ], 
              [ 1, -3, 0, 2, 1, 1, 0, 0, 1, 0, 0, 0, 0, 1, 0, -1, 0, -2, -1, 0 ] ], 
          [ [ 1, 3, 0, -2, -1, -1, 0, 0, -1, 0, 0, 0, 0, 0, 0, 1, 0, 1, 1, 0 ], 
              [ 1, -3, 0, 2, 1, 1, 0, 0, 1, 0, 0, 0, 0, 0, 0, -1, 0, -1, -1, 0 ] ], 
          [ [ 1, -3, 1, 1, 1, 0, 0, 0, 0, 1, 1, 2, -2, 0, 0, -1, 1, -2, -1, -1 ], 
              [ 1, 3, -1, -1, -1, 0, 0, 0, 0, -1, -1, -2, 2, 0, 0, 1, -1, 2, 1, 1 ] ], 
          [ [ 1, -2, 1, 0, 0, 0, 0, -1, 1, 1, 1, 1, -1, 0, -1, 1, 1, 0, 0, 0 ], 
              [ 1, 2, -1, 0, 0, 0, 0, 1, -1, -1, -1, -1, 1, 0, 1, -1, -1, 0, 0, 0 ] ], 
          [ [ 1, -5, 2, 1, 1, 1, 1, 1, -1, 1, 1, 1, -1, 0, 0, 0, 1, -2, -1, -1 ], 
              [ 1, 5, -2, -1, -1, -1, -1, -1, 1, -1, -1, -1, 1, 0, 0, 0, -1, 2, 1, 1 ] ], 
          [ [ 1, -6, 2, 2, 2, 1, 2, 1, -2, 1, 1, 2, -2, 0, 0, -1, 1, -4, -2, -1 ], 
              [ 1, 6, -2, -2, -2, -1, -2, -1, 2, -1, -1, -2, 2, 0, 0, 1, -1, 4, 2, 1 ] ], 
          [ [ 1, -3, 0, 0, 0, 2, 0, 0, 1, 3, 1, 1, 0, 1, -1, -1, 0, -1, -1, -1 ], 
              [ 1, 3, 0, 0, 0, -2, 0, 0, -1, -3, -1, -1, 0, -1, 1, 1, 0, 1, 1, 1 ] ], 
          [ [ 1, -2, 0, -1, 1, 1, 0, 0, 0, 2, 0, 1, 0, 1, 0, 0, -1, 0, 0, -1 ], 
              [ 1, 2, 0, 1, -1, -1, 0, 0, 0, -2, 0, -1, 0, -1, 0, 0, 1, 0, 0, 1 ] ], 
          [ [ 1, 0, 0, -1, 1, 0, 1, 2, -3, 0, -1, 1, 0, 0, 1, -1, 0, -1, 0, -1 ], 
              [ 1, 0, 0, 1, -1, 0, -1, -2, 3, 0, 1, -1, 0, 0, -1, 1, 0, 1, 0, 1 ] ], 
          [ [ 1, 6, -2, -3, -1, -2, -1, -2, 1, 0, 0, 0, 0, 0, 0, 1, -1, 3, 2, 0 ], 
              [ 1, -6, 2, 3, 1, 2, 1, 2, -1, 0, 0, 0, 0, 0, 0, -1, 1, -3, -2, 0 ] ], 
          [ [ 1, 2, -1, -2, 0, 0, 0, 0, 0, 1, 0, 1, 0, 0, 0, 0, -1, 0, 0, -1 ], 
              [ 1, -2, 1, 2, 0, 0, 0, 0, 0, -1, 0, -1, 0, 0, 0, 0, 1, 0, 0, 1 ] ], 
          [ [ 1, 3, -1, -2, 0, -1, 0, 0, -1, 0, 0, 0, 0, 0, 1, 0, -1, 1, 1, -1 ], 
              [ 1, -3, 1, 2, 0, 1, 0, 0, 1, 0, 0, 0, 0, 0, -1, 0, 1, -1, -1, 1 ] ], 
          [ [ 1, 4, -1, -3, -1, -1, 0, -1, 0, 0, 0, -1, 1, 0, 0, 2, -1, 3, 2, 0 ], 
              [ 1, -4, 1, 3, 1, 1, 0, 1, 0, 0, 0, 1, -1, 0, 0, -2, 1, -3, -2, 0 ] ], 
          [ [ 1, 3, -1, -2, 0, -1, 0, 0, -1, 0, 0, 0, 0, 0, 0, 1, -1, 1, 1, 0 ], 
              [ 1, -3, 1, 2, 0, 1, 0, 0, 1, 0, 0, 0, 0, 0, 0, -1, 1, -1, -1, 0 ] ], 
          [ [ 1, -5, 1, 1, 2, 1, 1, 1, -1, 1, 0, 2, -1, 1, 0, -1, 0, -3, -1, -1 ], 
              [ 1, 5, -1, -1, -2, -1, -1, -1, 1, -1, 0, -2, 1, -1, 0, 1, 0, 3, 1, 1 ] ], 
          [ [ 1, -2, 0, 0, 1, 0, 0, -1, 1, 1, 1, 1, -1, 0, 0, 0, 0, 0, 0, -1 ], 
              [ 1, 2, 0, 0, -1, 0, 0, 1, -1, -1, -1, -1, 1, 0, 0, 0, 0, 0, 0, 1 ] ], 
          [ [ 1, -6, 1, 1, 2, 2, 1, 1, 0, 2, 1, 2, -1, 0, 0, -1, 0, -3, -2, -2 ], 
              [ 1, 6, -1, -1, -2, -2, -1, -1, 0, -2, -1, -2, 1, 0, 0, 1, 0, 3, 2, 2 ] ], 
          [ [ 1, -2, 0, 0, 1, 0, 0, -1, 1, 1, 1, 1, -1, 1, 0, 0, 0, -1, 0, -1 ], 
              [ 1, 2, 0, 0, -1, 0, 0, 1, -1, -1, -1, -1, 1, -1, 0, 0, 0, 1, 0, 1 ] ], 
          [ [ 1, -5, 0, 0, 1, 3, 1, 1, 0, 3, 0, 1, 1, 2, 0, -2, -1, -2, -1, -2 ], 
              [ 1, 5, 0, 0, -1, -3, -1, -1, 0, -3, 0, -1, -1, -2, 0, 2, 1, 2, 1, 2 ] ], 
          [ [ 1, -5, 1, 1, 2, 1, 1, 1, -1, 1, 1, 1, -1, 0, 0, 0, 1, -2, -1, -1 ], 
              [ 1, 5, -1, -1, -2, -1, -1, -1, 1, -1, -1, -1, 1, 0, 0, 0, -1, 2, 1, 1 ] ], 
          [ [ 1, 2, -1, -1, 0, -1, 0, -1, 1, 0, 1, 1, -1, -1, 0, 0, 0, 0, 0, -1 ], 
              [ 1, -2, 1, 1, 0, 1, 0, 1, -1, 0, -1, -1, 1, 1, 0, 0, 0, 0, 0, 1 ] ], 
          [ [ 1, -3, 1, 0, 2, 1, 1, 0, 0, 1, 0, 0, 0, 0, 0, 0, 0, -1, -1, -2 ], 
              [ 1, 3, -1, 0, -2, -1, -1, 0, 0, -1, 0, 0, 0, 0, 0, 0, 0, 1, 1, 2 ] ], 
          [ [ 1, 1, 0, -2, 0, 0, 0, 0, 0, 1, -1, 0, 1, 1, 0, 0, -1, 1, 1, -1 ], 
              [ 1, -1, 0, 2, 0, 0, 0, 0, 0, -1, 1, 0, -1, -1, 0, 0, 1, -1, -1, 1 ] ], 
          [ [ 1, -5, 1, 1, 2, 1, 1, -1, 1, 2, 1, 1, -1, 1, -1, 0, 0, -2, -1, -1 ], 
              [ 1, 5, -1, -1, -2, -1, -1, 1, -1, -2, -1, -1, 1, -1, 1, 0, 0, 2, 1, 1 ] ], 
          [ [ 1, 0, 0, -1, 0, 1, 0, 0, -1, 1, 0, 1, 0, 0, 0, 0, 0, 0, 0, -1 ], 
              [ 1, 0, 0, 1, 0, -1, 0, 0, 1, -1, 0, -1, 0, 0, 0, 0, 0, 0, 0, 1 ] ], 
          [ [ 1, -3, 1, 0, 2, 2, 2, 1, -2, 0, -1, 0, 1, 0, 0, 0, 0, -2, -1, -2 ], 
              [ 1, 3, -1, 0, -2, -2, -2, -1, 2, 0, 1, 0, -1, 0, 0, 0, 0, 2, 1, 2 ] ], 
          [ [ 1, -3, 2, 1, 2, 0, 1, 0, -2, 0, 1, 1, -2, -1, 0, 1, 1, -2, -1, -1 ], 
              [ 1, 3, -2, -1, -2, 0, -1, 0, 2, 0, -1, -1, 2, 1, 0, -1, -1, 2, 1, 1 ] ], 
          [ [ 1, -11, 3, 3, 3, 4, 2, 1, -1, 3, 1, 2, -1, 1, -1, -1, 1, -5, -3, -2 ], 
              [ 1, 11, -3, -3, -3, -4, -2, -1, 1, -3, -1, -2, 1, -1, 1, 1, -1, 5, 3, 2 ] ]
            , [ [ 1, -3, 1, 1, 1, 1, 1, -1, 0, 1, 1, 1, -1, 0, -1, 0, 1, -2, -1, -1 ], 
              [ 1, 3, -1, -1, -1, -1, -1, 1, 0, -1, -1, -1, 1, 0, 1, 0, -1, 2, 1, 1 ] ], 
          [ [ 1, -2, 1, 0, 2, 0, 1, -1, -1, 0, 0, 1, -1, 0, 0, 1, 0, -1, 0, -1 ], 
              [ 1, 2, -1, 0, -2, 0, -1, 1, 1, 0, 0, -1, 1, 0, 0, -1, 0, 1, 0, 1 ] ], 
          [ [ 1, -2, 0, -1, 1, 2, 0, 0, 0, 2, 0, 0, 1, 1, 0, 0, -1, 0, 0, -2 ], 
              [ 1, 2, 0, 1, -1, -2, 0, 0, 0, -2, 0, 0, -1, -1, 0, 0, 1, 0, 0, 2 ] ], 
          [ [ 1, -3, 0, 0, 2, 2, 1, 0, -1, 2, 0, 1, 0, 1, 0, -1, -1, -2, -1, -2 ], 
              [ 1, 3, 0, 0, -2, -2, -1, 0, 1, -2, 0, -1, 0, -1, 0, 1, 1, 2, 1, 2 ] ], 
          [ [ 1, 3, -1, -2, 0, 0, 0, 0, -1, 0, -1, 0, 1, 0, 0, 0, -1, 1, 1, -1 ], 
              [ 1, -3, 1, 2, 0, 0, 0, 0, 1, 0, 1, 0, -1, 0, 0, 0, 1, -1, -1, 1 ] ], 
          [ [ 1, 6, -1, -3, -2, -2, -1, 0, 0, -2, -1, -1, 1, -1, 1, 1, 0, 4, 2, 1 ], 
              [ 1, -6, 1, 3, 2, 2, 1, 0, 0, 2, 1, 1, -1, 1, -1, -1, 0, -4, -2, -1 ] ], 
          [ [ 1, -3, 1, 1, 1, 0, 1, 1, -1, -1, 0, 1, -1, 0, 1, -1, 1, -2, -1, 0 ], 
              [ 1, 3, -1, -1, -1, 0, -1, -1, 1, 1, 0, -1, 1, 0, -1, 1, -1, 2, 1, 0 ] ], 
          [ [ 1, 0, -1, -1, -1, 1, -1, 0, 2, 1, 0, 0, 1, 1, 0, -1, -1, 1, 0, 0 ], 
              [ 1, 0, 1, 1, 1, -1, 1, 0, -2, -1, 0, 0, -1, -1, 0, 1, 1, -1, 0, 0 ] ], 
          [ [ 1, 0, -1, -1, -1, 1, -1, 0, 2, 1, 0, 0, 1, 1, 0, -1, 0, 1, 0, 0 ], 
              [ 1, 0, 1, 1, 1, -1, 1, 0, -2, -1, 0, 0, -1, -1, 0, 1, 0, -1, 0, 0 ] ], 
          [ [ 1, 0, 0, 0, 0, -1, 0, -1, 1, -1, 1, 0, -1, -1, 0, 1, 1, 1, 0, 1 ], 
              [ 1, 0, 0, 0, 0, 1, 0, 1, -1, 1, -1, 0, 1, 1, 0, -1, -1, -1, 0, -1 ] ], 
          [ [ 1, 3, -1, -2, -2, 0, 0, 1, 0, -1, -1, -1, 2, 0, 0, 0, 0, 2, 1, 1 ], 
              [ 1, -3, 1, 2, 2, 0, 0, -1, 0, 1, 1, 1, -2, 0, 0, 0, 0, -2, -1, -1 ] ], 
          [ [ 1, 6, -2, -3, -1, -2, -1, 0, 0, -2, -1, -1, 1, 0, 1, 1, -1, 3, 2, 1 ], 
              [ 1, -6, 2, 3, 1, 2, 1, 0, 0, 2, 1, 1, -1, 0, -1, -1, 1, -3, -2, -1 ] ], 
          [ [ 1, 3, 0, -2, -1, -1, 0, 0, 0, -1, -1, -1, 1, 0, 0, 1, 0, 2, 1, 1 ], 
              [ 1, -3, 0, 2, 1, 1, 0, 0, 0, 1, 1, 1, -1, 0, 0, -1, 0, -2, -1, -1 ] ], 
          [ [ 1, -3, 1, 1, 1, 0, 0, 0, 1, 0, 0, 1, -1, 0, 0, -1, 1, -1, -1, 0 ], 
              [ 1, 3, -1, -1, -1, 0, 0, 0, -1, 0, 0, -1, 1, 0, 0, 1, -1, 1, 1, 0 ] ], 
          [ [ 1, -5, 2, 1, 1, 1, 1, 1, 0, 0, 0, 0, 0, 0, 0, 0, 1, -1, -1, 0 ], 
              [ 1, 5, -2, -1, -1, -1, -1, -1, 0, 0, 0, 0, 0, 0, 0, 0, -1, 1, 1, 0 ] ], 
          [ [ 1, -3, 1, 1, 1, 0, 0, 0, 1, 0, 1, 0, -1, 0, 0, 0, 1, -1, -1, 0 ], 
              [ 1, 3, -1, -1, -1, 0, 0, 0, -1, 0, -1, 0, 1, 0, 0, 0, -1, 1, 1, 0 ] ], 
          [ [ 1, 3, 0, -1, -1, -2, 0, -1, 1, -2, 0, -1, 0, -1, 0, 1, 1, 2, 1, 1 ], 
              [ 1, -3, 0, 1, 1, 2, 0, 1, -1, 2, 0, 1, 0, 1, 0, -1, -1, -2, -1, -1 ] ], 
          [ [ 1, -1, 1, 0, 0, 0, 1, 1, 0, -1, 0, 0, 0, -1, 0, 0, 1, -1, -1, 0 ], 
              [ 1, 1, -1, 0, 0, 0, -1, -1, 0, 1, 0, 0, 0, 1, 0, 0, -1, 1, 1, 0 ] ], 
          [ [ 1, 3, -1, -2, 0, -1, 0, 0, 0, -1, -1, -1, 1, 0, 1, 0, -1, 2, 1, 0 ], 
              [ 1, -3, 1, 2, 0, 1, 0, 0, 0, 1, 1, 1, -1, 0, -1, 0, 1, -2, -1, 0 ] ], 
          [ [ 1, -2, 0, 0, 1, 0, 0, -1, 2, 0, 0, 0, 0, 1, 0, 0, 0, 0, 0, 0 ], 
              [ 1, 2, 0, 0, -1, 0, 0, 1, -2, 0, 0, 0, 0, -1, 0, 0, 0, 0, 0, 0 ] ], 
          [ [ 1, 2, -1, -1, 0, -1, 0, -1, 2, -1, 0, 0, 0, -1, 0, 0, 0, 1, 0, 0 ], 
              [ 1, -2, 1, 1, 0, 1, 0, 1, -2, 1, 0, 0, 0, 1, 0, 0, 0, -1, 0, 0 ] ], 
          [ [ 1, 3, -2, -2, -1, 0, -1, 0, 2, 0, -1, -1, 2, 1, 0, -1, -1, 2, 1, 0 ], 
              [ 1, -3, 2, 2, 1, 0, 1, 0, -2, 0, 1, 1, -2, -1, 0, 1, 1, -2, -1, 0 ] ], 
          [ [ 1, 0, 1, 0, 0, -2, 0, -1, 1, -1, 1, 1, -2, -1, 0, 1, 1, 0, 0, 1 ], 
              [ 1, 0, -1, 0, 0, 2, 0, 1, -1, 1, -1, -1, 2, 1, 0, -1, -1, 0, 0, -1 ] ], 
          [ [ 1, 1, 0, -1, -1, -1, -1, 0, 1, 0, 0, 0, 0, 1, 0, 0, 0, 1, 1, 1 ], 
              [ 1, -1, 0, 1, 1, 1, 1, 0, -1, 0, 0, 0, 0, -1, 0, 0, 0, -1, -1, -1 ] ], 
          [ [ 1, 0, 0, -1, -1, 0, -1, 0, 2, 1, 1, 0, 0, 0, 0, 0, 0, 1, 0, 0 ], 
              [ 1, 0, 0, 1, 1, 0, 1, 0, -2, -1, -1, 0, 0, 0, 0, 0, 0, -1, 0, 0 ] ], 
          [ [ 1, -1, 0, 0, 0, 0, 0, 0, 1, 1, 1, 1, -1, 0, 0, -1, 0, -1, -1, 0 ], 
              [ 1, 1, 0, 0, 0, 0, 0, 0, -1, -1, -1, -1, 1, 0, 0, 1, 0, 1, 1, 0 ] ], 
          [ [ 1, 5, -1, -2, -2, -2, -1, 0, 1, -1, 0, 0, 0, -1, 0, 0, 0, 2, 1, 1 ], 
              [ 1, -5, 1, 2, 2, 2, 1, 0, -1, 1, 0, 0, 0, 1, 0, 0, 0, -2, -1, -1 ] ], 
          [ [ 1, 0, -1, -1, 0, 0, -1, 0, 2, 1, 0, 1, 0, 1, 0, -1, -1, 0, 0, 0 ], 
              [ 1, 0, 1, 1, 0, 0, 1, 0, -2, -1, 0, -1, 0, -1, 0, 1, 1, 0, 0, 0 ] ], 
          [ [ 1, -3, 1, 1, 2, -1, 1, 1, -1, -1, 1, 1, -2, -1, 1, 0, 1, -2, -1, 0 ], 
              [ 1, 3, -1, -1, -2, 1, -1, -1, 1, 1, -1, -1, 2, 1, -1, 0, -1, 2, 1, 0 ] ], 
          [ [ 1, 6, -2, -3, -2, -2, -1, -1, 2, -1, 0, -1, 1, 0, 0, 1, -1, 3, 2, 1 ], 
              [ 1, -6, 2, 3, 2, 2, 1, 1, -2, 1, 0, 1, -1, 0, 0, -1, 1, -3, -2, -1 ] ], 
          [ [ 1, -3, 2, 1, 0, 1, 1, 1, -1, -1, 0, 0, 0, -1, 0, 0, 2, -1, -1, 0 ], 
              [ 1, 3, -2, -1, 0, -1, -1, -1, 1, 1, 0, 0, 0, 1, 0, 0, -2, 1, 1, 0 ] ], 
          [ [ 1, 0, 1, 0, 1, -1, 0, 0, -1, -2, 0, 0, -1, -1, 1, 1, 1, 0, 0, 0 ], 
              [ 1, 0, -1, 0, -1, 1, 0, 0, 1, 2, 0, 0, 1, 1, -1, -1, -1, 0, 0, 0 ] ], 
          [ [ 1, 0, 0, -1, 0, 1, 0, 0, 0, 0, -1, 0, 1, 0, 0, 0, 0, 1, 0, 0 ], 
              [ 1, 0, 0, 1, 0, -1, 0, 0, 0, 0, 1, 0, -1, 0, 0, 0, 0, -1, 0, 0 ] ], 
          [ [ 1, -3, 1, 0, 1, 2, 1, 2, -2, 0, -1, 0, 1, 0, 1, -1, 0, -1, -1, -1 ], 
              [ 1, 3, -1, 0, -1, -2, -1, -2, 2, 0, 1, 0, -1, 0, -1, 1, 0, 1, 1, 1 ] ], 
          [ [ 1, 0, 0, -1, 0, 1, 0, 0, 0, 0, -1, 0, 1, 1, 0, 0, -1, 0, 0, 0 ], 
              [ 1, 0, 0, 1, 0, -1, 0, 0, 0, 0, 1, 0, -1, -1, 0, 0, 1, 0, 0, 0 ] ], 
          [ [ 1, 3, -1, -2, -1, 0, -1, -2, 2, 0, 0, -1, 1, 0, 0, 1, -1, 3, 1, 0 ], 
              [ 1, -3, 1, 2, 1, 0, 1, 2, -2, 0, 0, 1, -1, 0, 0, -1, 1, -3, -1, 0 ] ], 
          [ [ 1, 6, -2, -4, -3, 1, -1, 0, 1, 0, -2, -2, 4, 1, 0, 0, -2, 4, 2, 0 ], 
              [ 1, -6, 2, 4, 3, -1, 1, 0, -1, 0, 2, 2, -4, -1, 0, 0, 2, -4, -2, 0 ] ], 
          [ [ 1, 0, 0, -1, 0, 1, 0, 0, 0, 0, 0, -1, 1, 0, 0, 1, 0, 1, 0, 0 ], 
              [ 1, 0, 0, 1, 0, -1, 0, 0, 0, 0, 0, 1, -1, 0, 0, -1, 0, -1, 0, 0 ] ], 
          [ [ 1, 6, -1, -3, -2, -1, -1, 0, 0, -2, -1, -2, 2, -1, 0, 2, 0, 4, 2, 1 ], 
              [ 1, -6, 1, 3, 2, 1, 1, 0, 0, 2, 1, 2, -2, 1, 0, -2, 0, -4, -2, -1 ] ], 
          [ [ 1, 5, -1, -2, -1, -1, 0, 0, -1, -2, -1, -1, 1, -1, 1, 0, 0, 2, 1, 0 ], 
              [ 1, -5, 1, 2, 1, 1, 0, 0, 1, 2, 1, 1, -1, 1, -1, 0, 0, -2, -1, 0 ] ], 
          [ [ 1, 6, -1, -3, -2, -1, 0, -1, 0, -2, -1, -2, 2, -1, 0, 2, 0, 4, 2, 1 ], 
              [ 1, -6, 1, 3, 2, 1, 0, 1, 0, 2, 1, 2, -2, 1, 0, -2, 0, -4, -2, -1 ] ], 
          [ [ 1, 5, -1, -2, -1, -1, 0, 0, -1, -2, -1, -1, 1, -1, 0, 1, 0, 2, 1, 1 ], 
              [ 1, -5, 1, 2, 1, 1, 0, 0, 1, 2, 1, 1, -1, 1, 0, -1, 0, -2, -1, -1 ] ], 
          [ [ 1, -8, 2, 2, 2, 3, 1, 1, 0, 1, 0, 1, 0, 1, 0, -1, 1, -3, -2, -1 ], 
              [ 1, 8, -2, -2, -2, -3, -1, -1, 0, -1, 0, -1, 0, -1, 0, 1, -1, 3, 2, 1 ] ], 
          [ [ 1, -3, 1, 1, 1, 1, 1, 1, -1, -1, -1, 1, 0, 0, 0, -1, 1, -2, -1, 0 ], 
              [ 1, 3, -1, -1, -1, -1, -1, -1, 1, 1, 1, -1, 0, 0, 0, 1, -1, 2, 1, 0 ] ], 
          [ [ 1, -6, 1, 2, 2, 2, 0, 0, 1, 1, 1, 1, -1, 0, 0, -1, 1, -2, -2, -1 ], 
              [ 1, 6, -1, -2, -2, -2, 0, 0, -1, -1, -1, -1, 1, 0, 0, 1, -1, 2, 2, 1 ] ], 
          [ [ 1, 0, 0, 0, 0, 0, 0, -1, 1, -1, 0, 0, 0, -1, 0, 0, 1, 1, 0, 0 ], 
              [ 1, 0, 0, 0, 0, 0, 0, 1, -1, 1, 0, 0, 0, 1, 0, 0, -1, -1, 0, 0 ] ], 
          [ [ 1, -4, 1, 1, 1, 2, 1, 1, 0, 0, 0, 1, 0, -1, 0, -1, 1, -2, -2, -1 ], 
              [ 1, 4, -1, -1, -1, -2, -1, -1, 0, 0, 0, -1, 0, 1, 0, 1, -1, 2, 2, 1 ] ], 
          [ [ 1, 0, 0, 0, 0, 0, 0, -1, 1, -1, 0, 0, 0, 0, 0, 0, 0, 0, 0, 0 ], 
              [ 1, 0, 0, 0, 0, 0, 0, 1, -1, 1, 0, 0, 0, 0, 0, 0, 0, 0, 0, 0 ] ], 
          [ [ 1, 0, 0, 0, 0, 0, 0, -1, 1, -1, 0, 0, 0, 0, 0, 0, 1, 0, 0, 0 ], 
              [ 1, 0, 0, 0, 0, 0, 0, 1, -1, 1, 0, 0, 0, 0, 0, 0, -1, 0, 0, 0 ] ], 
          [ [ 1, -3, 0, 0, 0, 3, 0, 2, 0, 1, -1, 0, 2, 1, 0, -2, 0, -1, -1, -1 ], 
              [ 1, 3, 0, 0, 0, -3, 0, -2, 0, -1, 1, 0, -2, -1, 0, 2, 0, 1, 1, 1 ] ], 
          [ [ 1, -3, 0, 0, 0, 3, 1, 1, 0, 1, -1, 0, 2, 1, 0, -2, 0, -1, -1, -1 ], 
              [ 1, 3, 0, 0, 0, -3, -1, -1, 0, -1, 1, 0, -2, -1, 0, 2, 0, 1, 1, 1 ] ], 
          [ [ 1, -3, 1, 1, 1, 1, 1, 1, -1, -1, 0, 0, 0, -1, 0, 0, 1, -1, -1, 0 ], 
              [ 1, 3, -1, -1, -1, -1, -1, -1, 1, 1, 0, 0, 0, 1, 0, 0, -1, 1, 1, 0 ] ], 
          [ [ 1, -3, 1, 1, 1, 1, 1, 1, -1, -1, 0, 0, 0, -1, 0, 0, 2, -1, -1, 0 ], 
              [ 1, 3, -1, -1, -1, -1, -1, -1, 1, 1, 0, 0, 0, 1, 0, 0, -2, 1, 1, 0 ] ], 
          [ [ 1, -3, 1, 1, 1, 1, 1, 1, -1, -1, 0, 0, 0, 0, 0, 0, 1, -2, -1, 0 ], 
              [ 1, 3, -1, -1, -1, -1, -1, -1, 1, 1, 0, 0, 0, 0, 0, 0, -1, 2, 1, 0 ] ], 
          [ [ 1, 3, -2, -2, -2, 1, -2, -2, 4, 1, 0, -1, 2, 1, -1, 0, -1, 3, 1, 0 ], 
              [ 1, -3, 2, 2, 2, -1, 2, 2, -4, -1, 0, 1, -2, -1, 1, 0, 1, -3, -1, 0 ] ], 
          [ [ 1, 0, 0, 0, 0, 0, 0, -1, 1, -1, 1, -1, 0, -1, 0, 1, 1, 1, 0, 0 ], 
              [ 1, 0, 0, 0, 0, 0, 0, 1, -1, 1, -1, 1, 0, 1, 0, -1, -1, -1, 0, 0 ] ], 
          [ [ 1, 0, -1, -1, -1, 2, 0, -1, 2, 1, 0, -1, 2, 1, -1, 0, -1, 1, 0, 0 ], 
              [ 1, 0, 1, 1, 1, -2, 0, 1, -2, -1, 0, 1, -2, -1, 1, 0, 1, -1, 0, 0 ] ], 
          [ [ 1, 0, -1, -1, 1, 1, 0, 0, 0, 0, -1, 0, 1, 1, 1, -1, -1, 0, 0, -1 ], 
              [ 1, 0, 1, 1, -1, -1, 0, 0, 0, 0, 1, 0, -1, -1, -1, 1, 1, 0, 0, 1 ] ], 
          [ [ 1, 6, -2, -3, -1, -1, -1, 0, 0, -2, -2, -1, 2, 0, 1, 0, -1, 3, 2, 0 ], 
              [ 1, -6, 2, 3, 1, 1, 1, 0, 0, 2, 2, 1, -2, 0, -1, 0, 1, -3, -2, 0 ] ], 
          [ [ 1, 3, -1, -2, 0, 0, 1, 1, -2, -2, -2, -1, 2, 0, 1, 0, -1, 1, 1, 0 ], 
              [ 1, -3, 1, 2, 0, 0, -1, -1, 2, 2, 2, 1, -2, 0, -1, 0, 1, -1, -1, 0 ] ], 
          [ [ 1, 6, -3, -4, -2, 1, -1, 0, 1, 0, -2, -2, 4, 1, 0, 0, -2, 4, 2, 0 ], 
              [ 1, -6, 3, 4, 2, -1, 1, 0, -1, 0, 2, 2, -4, -1, 0, 0, 2, -4, -2, 0 ] ], 
          [ [ 1, 0, -1, 0, 1, 0, 0, -1, 1, -1, 0, 0, 0, 0, 0, 0, 0, 0, 0, 0 ], 
              [ 1, 0, 1, 0, -1, 0, 0, 1, -1, 1, 0, 0, 0, 0, 0, 0, 0, 0, 0, 0 ] ], 
          [ [ 1, -3, 1, 1, 0, 1, 0, 0, 0, 1, 1, 1, -1, 0, 0, -1, 1, -1, -1, 0 ], 
              [ 1, 3, -1, -1, 0, -1, 0, 0, 0, -1, -1, -1, 1, 0, 0, 1, -1, 1, 1, 0 ] ], 
          [ [ 1, 2, 0, -1, 0, -1, 0, 0, -1, -1, 0, 1, -1, -1, 1, 0, 0, 0, 0, 0 ], 
              [ 1, -2, 0, 1, 0, 1, 0, 0, 1, 1, 0, -1, 1, 1, -1, 0, 0, 0, 0, 0 ] ], 
          [ [ 1, 3, -1, -2, -1, 0, -1, 1, -1, 0, -1, 0, 1, 1, 1, -1, -1, 1, 1, 0 ], 
              [ 1, -3, 1, 2, 1, 0, 1, -1, 1, 0, 1, 0, -1, -1, -1, 1, 1, -1, -1, 0 ] ], 
          [ [ 1, 4, -1, -3, -2, 0, -1, 0, 0, 0, -1, -1, 2, 1, 0, 1, -1, 3, 2, 1 ], 
              [ 1, -4, 1, 3, 2, 0, 1, 0, 0, 0, 1, 1, -2, -1, 0, -1, 1, -3, -2, -1 ] ], 
          [ [ 1, 3, 0, -1, 0, -2, 0, 0, -2, -2, 0, 0, -1, -1, 1, 1, 0, 1, 1, 1 ], 
              [ 1, -3, 0, 1, 0, 2, 0, 0, 2, 2, 0, 0, 1, 1, -1, -1, 0, -1, -1, -1 ] ], 
          [ [ 1, 3, 0, -1, 0, -2, 0, 0, -2, -2, 0, 0, -1, -1, 1, 1, 1, 1, 1, 1 ], 
              [ 1, -3, 0, 1, 0, 2, 0, 0, 2, 2, 0, 0, 1, 1, -1, -1, -1, -1, -1, -1 ] ], 
          [ [ 1, 6, -2, -3, -2, -1, -2, -1, 1, 0, 0, -1, 1, 0, 0, 1, -1, 4, 2, 1 ], 
              [ 1, -6, 2, 3, 2, 1, 2, 1, -1, 0, 0, 1, -1, 0, 0, -1, 1, -4, -2, -1 ] ], 
          [ [ 1, 8, -2, -4, -3, -1, -1, 0, 0, -1, -1, -1, 2, -1, 0, 1, -1, 4, 2, 1 ], 
              [ 1, -8, 2, 4, 3, 1, 1, 0, 0, 1, 1, 1, -2, 1, 0, -1, 1, -4, -2, -1 ] ], 
          [ [ 1, -2, 0, 0, 0, 1, -1, 0, 1, 1, 0, 1, 0, 1, 0, -1, 0, 0, 0, 0 ], 
              [ 1, 2, 0, 0, 0, -1, 1, 0, -1, -1, 0, -1, 0, -1, 0, 1, 0, 0, 0, 0 ] ], 
          [ [ 1, -5, 2, 2, 2, 0, 1, 1, -2, -1, 1, 1, -2, -1, 1, 0, 2, -2, -1, 0 ], 
              [ 1, 5, -2, -2, -2, 0, -1, -1, 2, 1, -1, -1, 2, 1, -1, 0, -2, 2, 1, 0 ] ], 
          [ [ 1, -2, 1, 1, 1, -1, 0, -1, 0, -1, 1, 1, -2, 0, 0, 1, 1, -1, 0, 1 ], 
              [ 1, 2, -1, -1, -1, 1, 0, 1, 0, 1, -1, -1, 2, 0, 0, -1, -1, 1, 0, -1 ] ], 
          [ [ 1, -5, 1, 1, 1, 2, 1, 1, -1, 1, 0, 1, 0, 1, 0, -1, 0, -2, -1, 0 ], 
              [ 1, 5, -1, -1, -1, -2, -1, -1, 1, -1, 0, -1, 0, -1, 0, 1, 0, 2, 1, 0 ] ], 
          [ [ 1, -3, 1, 1, 1, 0, 0, -1, 1, 0, 2, 1, -2, -1, 0, 1, 1, -1, -1, 0 ], 
              [ 1, 3, -1, -1, -1, 0, 0, 1, -1, 0, -2, -1, 2, 1, 0, -1, -1, 1, 1, 0 ] ], 
          [ [ 1, -2, 0, 0, 0, 1, -1, 0, 1, 1, 1, 0, 0, 1, 0, 0, 0, 0, 0, 0 ], 
              [ 1, 2, 0, 0, 0, -1, 1, 0, -1, -1, -1, 0, 0, -1, 0, 0, 0, 0, 0, 0 ] ], 
          [ [ 1, -2, 0, 0, 0, 1, 0, -1, 1, 1, 1, 0, 0, 1, 0, 0, 0, 0, 0, 0 ], 
              [ 1, 2, 0, 0, 0, -1, 0, 1, -1, -1, -1, 0, 0, -1, 0, 0, 0, 0, 0, 0 ] ], 
          [ [ 1, 2, -1, -1, -1, 0, -1, 0, 1, 0, 0, 1, 0, 0, 0, -1, 0, 0, 0, 0 ], 
              [ 1, -2, 1, 1, 1, 0, 1, 0, -1, 0, 0, -1, 0, 0, 0, 1, 0, 0, 0, 0 ] ], 
          [ [ 1, 4, -1, -2, -2, -1, -1, -1, 1, -1, 0, -1, 1, 0, 0, 1, 0, 3, 2, 1 ], 
              [ 1, -4, 1, 2, 2, 1, 1, 1, -1, 1, 0, 1, -1, 0, 0, -1, 0, -3, -2, -1 ] ], 
          [ [ 1, 0, 0, -1, -1, 1, 0, 1, 0, 0, 0, 0, 1, 0, 0, 0, 0, 0, 0, 0 ], 
              [ 1, 0, 0, 1, 1, -1, 0, -1, 0, 0, 0, 0, -1, 0, 0, 0, 0, 0, 0, 0 ] ], 
          [ [ 1, -3, 0, 1, 1, 1, 0, 0, 0, 1, 1, 1, -1, 1, 0, -1, 0, -2, -1, 0 ], 
              [ 1, 3, 0, -1, -1, -1, 0, 0, 0, -1, -1, -1, 1, -1, 0, 1, 0, 2, 1, 0 ] ], 
          [ [ 1, 2, 0, 0, 0, -2, 0, -1, 0, -2, 1, 1, -2, -2, 0, 1, 1, 0, 0, 1 ], 
              [ 1, -2, 0, 0, 0, 2, 0, 1, 0, 2, -1, -1, 2, 2, 0, -1, -1, 0, 0, -1 ] ], 
          [ [ 1, -1, 1, 1, 1, -1, 1, 1, -2, -2, 1, 1, -2, -2, 1, 0, 2, -2, -1, 0 ], 
              [ 1, 1, -1, -1, -1, 1, -1, -1, 2, 2, -1, -1, 2, 2, -1, 0, -2, 2, 1, 0 ] ], 
          [ [ 1, 3, -1, -1, -1, -1, -1, 0, 0, -1, 0, 0, 0, 0, 0, 0, 0, 1, 1, 1 ], 
              [ 1, -3, 1, 1, 1, 1, 1, 0, 0, 1, 0, 0, 0, 0, 0, 0, 0, -1, -1, -1 ] ], 
          [ [ 1, 3, -1, -1, -1, -1, 0, -1, 0, -1, 0, 0, 0, 0, 0, 0, 0, 1, 1, 1 ], 
              [ 1, -3, 1, 1, 1, 1, 0, 1, 0, 1, 0, 0, 0, 0, 0, 0, 0, -1, -1, -1 ] ], 
          [ [ 1, -1, 0, 0, 0, 1, 1, 1, -1, 0, 0, 1, 0, 0, 0, -1, 0, -2, -1, 0 ], 
              [ 1, 1, 0, 0, 0, -1, -1, -1, 1, 0, 0, -1, 0, 0, 0, 1, 0, 2, 1, 0 ] ], 
          [ [ 1, 2, -1, -1, -1, 0, -1, 0, 1, 0, 1, 0, 0, -1, 0, 0, 0, 1, 0, 0 ], 
              [ 1, -2, 1, 1, 1, 0, 1, 0, -1, 0, -1, 0, 0, 1, 0, 0, 0, -1, 0, 0 ] ], 
          [ [ 1, 2, -1, -1, -1, 0, 0, -1, 1, 0, 1, 0, 0, -1, 0, 0, 0, 1, 0, 0 ], 
              [ 1, -2, 1, 1, 1, 0, 0, 1, -1, 0, -1, 0, 0, 1, 0, 0, 0, -1, 0, 0 ] ], 
          [ [ 1, 3, -2, -2, -2, 1, -1, 0, 1, 1, 0, -1, 2, 1, 0, -1, -1, 2, 1, 0 ], 
              [ 1, -3, 2, 2, 2, -1, 1, 0, -1, -1, 0, 1, -2, -1, 0, 1, 1, -2, -1, 0 ] ], 
          [ [ 1, 4, -2, -3, -1, 0, -1, 0, 0, 0, -1, -1, 2, 1, 1, 0, -2, 3, 2, 0 ], 
              [ 1, -4, 2, 3, 1, 0, 1, 0, 0, 0, 1, 1, -2, -1, -1, 0, 2, -3, -2, 0 ] ], 
          [ [ 1, 8, -3, -4, -2, -1, -1, 0, 0, -1, -1, -1, 2, 0, 1, 0, -2, 3, 2, 0 ], 
              [ 1, -8, 3, 4, 2, 1, 1, 0, 0, 1, 1, 1, -2, 0, -1, 0, 2, -3, -2, 0 ] ], 
          [ [ 1, 3, -2, -2, -1, 0, -1, -1, 2, 0, 0, 0, 1, 0, 0, 0, -1, 2, 1, 0 ], 
              [ 1, -3, 2, 2, 1, 0, 1, 1, -2, 0, 0, 0, -1, 0, 0, 0, 1, -2, -1, 0 ] ], 
          [ [ 1, 0, -1, -1, -1, 1, -1, 0, 1, 2, 1, 1, 0, 1, 0, -1, -1, 0, 0, 0 ], 
              [ 1, 0, 1, 1, 1, -1, 1, 0, -1, -2, -1, -1, 0, -1, 0, 1, 1, 0, 0, 0 ] ], 
          [ [ 1, -3, 1, 0, 1, 2, 0, 1, 0, 1, -1, 0, 1, 1, 0, -1, 0, -1, -1, -1 ], 
              [ 1, 3, -1, 0, -1, -2, 0, -1, 0, -1, 1, 0, -1, -1, 0, 1, 0, 1, 1, 1 ] ], 
          [ [ 1, 3, 0, -2, -1, 0, 0, 0, 0, -1, -2, -1, 2, 0, 0, 0, 0, 2, 1, 0 ], 
              [ 1, -3, 0, 2, 1, 0, 0, 0, 0, 1, 2, 1, -2, 0, 0, 0, 0, -2, -1, 0 ] ], 
          [ [ 1, -3, 2, 1, 2, 0, 1, 0, -1, -1, 0, 0, -1, -1, 0, 1, 1, -1, -1, 0 ], 
              [ 1, 3, -2, -1, -2, 0, -1, 0, 1, 1, 0, 0, 1, 1, 0, -1, -1, 1, 1, 0 ] ], 
          [ [ 1, 0, 1, -1, 0, 1, 1, 2, -2, -1, -2, -1, 2, 0, 0, 0, 0, 0, 0, 0 ], 
              [ 1, 0, -1, 1, 0, -1, -1, -2, 2, 1, 2, 1, -2, 0, 0, 0, 0, 0, 0, 0 ] ], 
          [ [ 1, 3, 0, -2, -1, 0, 0, 0, 0, -1, -1, -2, 2, -1, 0, 1, 0, 3, 1, 0 ], 
              [ 1, -3, 0, 2, 1, 0, 0, 0, 0, 1, 1, 2, -2, 1, 0, -1, 0, -3, -1, 0 ] ], 
          [ [ 1, 6, -1, -3, -2, -1, -1, -2, 2, -1, -1, -2, 2, 0, -1, 2, -1, 4, 2, 1 ], 
              [ 1, -6, 1, 3, 2, 1, 1, 2, -2, 1, 1, 2, -2, 0, 1, -2, 1, -4, -2, -1 ] ], 
          [ [ 1, 3, 0, -2, -1, 0, 0, 0, 0, -1, -1, -2, 2, 0, 0, 1, 0, 2, 1, 0 ], 
              [ 1, -3, 0, 2, 1, 0, 0, 0, 0, 1, 1, 2, -2, 0, 0, -1, 0, -2, -1, 0 ] ], 
          [ [ 1, -3, 1, 1, 1, 1, 0, 0, 1, 0, 0, 0, 0, 0, 0, -1, 1, -1, -1, -1 ], 
              [ 1, 3, -1, -1, -1, -1, 0, 0, -1, 0, 0, 0, 0, 0, 0, 1, -1, 1, 1, 1 ] ], 
          [ [ 1, -2, 1, 0, 0, 1, 0, -1, 2, 0, 0, -1, 1, 0, -1, 1, 1, 1, 0, 0 ], 
              [ 1, 2, -1, 0, 0, -1, 0, 1, -2, 0, 0, 1, -1, 0, 1, -1, -1, -1, 0, 0 ] ], 
          [ [ 1, -3, 0, 0, 0, 3, 0, 0, 2, 2, -1, 0, 2, 2, -1, -2, -1, -1, -1, -1 ], 
              [ 1, 3, 0, 0, 0, -3, 0, 0, -2, -2, 1, 0, -2, -2, 1, 2, 1, 1, 1, 1 ] ], 
          [ [ 1, -3, 1, 1, 1, 1, 0, 0, 1, 0, 0, 0, 0, 0, -1, 0, 1, -1, -1, 0 ], 
              [ 1, 3, -1, -1, -1, -1, 0, 0, -1, 0, 0, 0, 0, 0, 1, 0, -1, 1, 1, 0 ] ], 
          [ [ 1, -3, 1, 1, 1, 1, 1, -1, 1, 0, 0, 0, 0, 0, -1, 0, 1, -1, -1, 0 ], 
              [ 1, 3, -1, -1, -1, -1, -1, 1, -1, 0, 0, 0, 0, 0, 1, 0, -1, 1, 1, 0 ] ], 
          [ [ 1, -6, 2, 2, 2, 2, 2, 1, -1, 0, 0, 0, 0, 0, 0, -1, 1, -3, -2, -1 ], 
              [ 1, 6, -2, -2, -2, -2, -2, -1, 1, 0, 0, 0, 0, 0, 0, 1, -1, 3, 2, 1 ] ], 
          [ [ 1, -3, 0, 0, 0, 3, 0, 0, 2, 2, 0, -1, 2, 1, -1, -1, 0, 0, -1, -1 ], 
              [ 1, 3, 0, 0, 0, -3, 0, 0, -2, -2, 0, 1, -2, -1, 1, 1, 0, 0, 1, 1 ] ], 
          [ [ 1, -2, 0, -1, 1, 2, 0, 0, 1, 1, -1, -1, 2, 1, 0, 0, -1, 1, 0, -1 ], 
              [ 1, 2, 0, 1, -1, -2, 0, 0, -1, -1, 1, 1, -2, -1, 0, 0, 1, -1, 0, 1 ] ], 
          [ [ 1, 3, -1, -2, 0, 0, 0, 0, 0, -1, -2, -1, 2, 0, 0, 0, -1, 2, 1, 0 ], 
              [ 1, -3, 1, 2, 0, 0, 0, 0, 0, 1, 2, 1, -2, 0, 0, 0, 1, -2, -1, 0 ] ], 
          [ [ 1, 0, 0, -1, 1, 1, 1, 2, -2, -1, -2, -1, 2, 0, 1, -1, 0, 0, 0, -1 ], 
              [ 1, 0, 0, 1, -1, -1, -1, -2, 2, 1, 2, 1, -2, 0, -1, 1, 0, 0, 0, 1 ] ], 
          [ [ 1, 3, -1, -2, 0, 0, 0, 0, 0, -1, -2, -1, 2, 1, 0, 0, -1, 1, 1, 0 ], 
              [ 1, -3, 1, 2, 0, 0, 0, 0, 0, 1, 2, 1, -2, -1, 0, 0, 1, -1, -1, 0 ] ], 
          [ [ 1, 6, -2, -3, -1, -1, -1, -2, 2, -1, -1, -2, 2, 0, 0, 1, -1, 4, 2, 0 ], 
              [ 1, -6, 2, 3, 1, 1, 1, 2, -2, 1, 1, 2, -2, 0, 0, -1, 1, -4, -2, 0 ] ], 
          [ [ 1, 2, -1, -2, 0, 1, 0, 0, 1, 0, -1, -1, 2, 0, 0, 0, -1, 1, 0, -1 ], 
              [ 1, -2, 1, 2, 0, -1, 0, 0, -1, 0, 1, 1, -2, 0, 0, 0, 1, -1, 0, 1 ] ], 
          [ [ 1, 3, -1, -2, 0, 0, 0, 0, 0, -1, -1, -2, 2, 0, 0, 1, -1, 2, 1, 0 ], 
              [ 1, -3, 1, 2, 0, 0, 0, 0, 0, 1, 1, 2, -2, 0, 0, -1, 1, -2, -1, 0 ] ], 
          [ [ 1, -5, 1, 1, 2, 2, 1, 1, 0, 0, -1, 0, 1, 1, 0, -1, 0, -2, -1, -1 ], 
              [ 1, 5, -1, -1, -2, -2, -1, -1, 0, 0, 1, 0, -1, -1, 0, 1, 0, 2, 1, 1 ] ], 
          [ [ 1, -5, 2, 1, 0, 2, 0, 0, 1, 2, 1, 0, 0, 1, -1, 0, 1, -1, -1, 0 ], 
              [ 1, 5, -2, -1, 0, -2, 0, 0, -1, -2, -1, 0, 0, -1, 1, 0, -1, 1, 1, 0 ] ], 
          [ [ 1, 0, 1, 0, -1, 0, 0, 0, 0, 0, 0, 0, 0, 0, -1, 0, 1, 0, 0, 1 ], 
              [ 1, 0, -1, 0, 1, 0, 0, 0, 0, 0, 0, 0, 0, 0, 1, 0, -1, 0, 0, -1 ] ], 
          [ [ 1, -1, 1, 0, -1, 1, 0, 0, 1, 1, 1, 0, 0, -1, -1, 0, 1, 0, -1, 0 ], 
              [ 1, 1, -1, 0, 1, -1, 0, 0, -1, -1, -1, 0, 0, 1, 1, 0, -1, 0, 1, 0 ] ], 
          [ [ 1, 1, 1, -1, 0, -1, 0, 0, -1, -1, -1, 0, 0, 0, 0, 1, 0, 1, 1, 1 ], 
              [ 1, -1, -1, 1, 0, 1, 0, 0, 1, 1, 1, 0, 0, 0, 0, -1, 0, -1, -1, -1 ] ], 
          [ [ 1, -2, 2, 0, 1, 0, 1, 2, -3, -1, -1, 0, 0, 0, 1, 0, 1, -1, 0, 0 ], 
              [ 1, 2, -2, 0, -1, 0, -1, -2, 3, 1, 1, 0, 0, 0, -1, 0, -1, 1, 0, 0 ] ], 
          [ [ 1, 0, 1, -1, 0, 0, 0, 0, 0, 0, 0, 0, 0, -1, 0, 1, 0, 1, 0, 0 ], 
              [ 1, 0, -1, 1, 0, 0, 0, 0, 0, 0, 0, 0, 0, 1, 0, -1, 0, -1, 0, 0 ] ], 
          [ [ 1, 4, 0, -2, -1, -2, -1, -2, 1, -1, 0, -1, 0, 0, 0, 2, 0, 3, 2, 1 ], 
              [ 1, -4, 0, 2, 1, 2, 1, 2, -1, 1, 0, 1, 0, 0, 0, -2, 0, -3, -2, -1 ] ], 
          [ [ 1, 1, 0, -2, -1, 1, -1, 1, 0, 1, -1, -1, 2, 1, 0, 0, -1, 2, 1, 0 ], 
              [ 1, -1, 0, 2, 1, -1, 1, -1, 0, -1, 1, 1, -2, -1, 0, 0, 1, -2, -1, 0 ] ], 
          [ [ 1, 0, 1, -1, 0, 0, 0, 0, 0, 0, 0, 0, 0, 0, 0, 1, 0, 0, 0, 0 ], 
              [ 1, 0, -1, 1, 0, 0, 0, 0, 0, 0, 0, 0, 0, 0, 0, -1, 0, 0, 0, 0 ] ], 
          [ [ 1, 1, 0, -2, -1, 1, 0, 0, 0, 1, -1, -1, 2, 1, 0, 0, -1, 2, 1, 0 ], 
              [ 1, -1, 0, 2, 1, -1, 0, 0, 0, -1, 1, 1, -2, -1, 0, 0, 1, -2, -1, 0 ] ], 
          [ [ 1, 0, 1, 0, 1, -1, 0, 1, -2, -1, 0, 0, -1, -1, 1, 0, 1, 0, 0, 0 ], 
              [ 1, 0, -1, 0, -1, 1, 0, -1, 2, 1, 0, 0, 1, 1, -1, 0, -1, 0, 0, 0 ] ], 
          [ [ 1, 3, 0, -1, 0, -2, -1, -1, 0, -1, 0, 0, -1, 0, 0, 1, 0, 1, 1, 1 ], 
              [ 1, -3, 0, 1, 0, 2, 1, 1, 0, 1, 0, 0, 1, 0, 0, -1, 0, -1, -1, -1 ] ], 
          [ [ 1, 1, 1, -1, 0, -1, 0, 0, -1, -1, 0, -1, 0, -1, 0, 2, 1, 2, 1, 1 ], 
              [ 1, -1, -1, 1, 0, 1, 0, 0, 1, 1, 0, 1, 0, 1, 0, -2, -1, -2, -1, -1 ] ], 
          [ [ 1, 1, 1, -1, 0, -1, 0, 0, -1, -1, 0, -1, 0, 0, 0, 2, 0, 1, 1, 1 ], 
              [ 1, -1, -1, 1, 0, 1, 0, 0, 1, 1, 0, 1, 0, 0, 0, -2, 0, -1, -1, -1 ] ], 
          [ [ 1, 0, 0, -1, 0, 1, 0, 1, -1, 1, -1, 0, 1, 1, 0, -1, -1, 0, 0, 0 ], 
              [ 1, 0, 0, 1, 0, -1, 0, -1, 1, -1, 1, 0, -1, -1, 0, 1, 1, 0, 0, 0 ] ], 
          [ [ 1, 2, 1, -1, 0, -1, 1, 2, -3, -2, -1, 0, 0, -2, 1, 0, 1, 0, 0, 0 ], 
              [ 1, -2, -1, 1, 0, 1, -1, -2, 3, 2, 1, 0, 0, 2, -1, 0, -1, 0, 0, 0 ] ], 
          [ [ 1, 5, 0, -2, -1, -2, 0, 0, -1, -2, -1, 0, 0, -1, 0, 1, 0, 1, 1, 1 ], 
              [ 1, -5, 0, 2, 1, 2, 0, 0, 1, 2, 1, 0, 0, 1, 0, -1, 0, -1, -1, -1 ] ], 
          [ [ 1, 2, 0, -1, 0, -1, -1, -1, 1, 0, 1, 0, -1, -1, 0, 1, 0, 1, 0, 0 ], 
              [ 1, -2, 0, 1, 0, 1, 1, 1, -1, 0, -1, 0, 1, 1, 0, -1, 0, -1, 0, 0 ] ], 
          [ [ 1, 3, -1, -2, -1, 0, -1, -1, 1, 1, 0, -1, 1, 1, 0, 0, -1, 2, 1, 0 ], 
              [ 1, -3, 1, 2, 1, 0, 1, 1, -1, -1, 0, 1, -1, -1, 0, 0, 1, -2, -1, 0 ] ], 
          [ [ 1, 8, -1, -3, -2, -3, -1, -2, 1, -2, 0, -1, 0, -2, 0, 2, 0, 4, 2, 1 ], 
              [ 1, -8, 1, 3, 2, 3, 1, 2, -1, 2, 0, 1, 0, 2, 0, -2, 0, -4, -2, -1 ] ], 
          [ [ 1, 9, -2, -4, -3, -2, -2, -1, 1, -1, -1, -2, 2, 0, 0, 1, -1, 5, 3, 1 ], 
              [ 1, -9, 2, 4, 3, 2, 2, 1, -1, 1, 1, 2, -2, 0, 0, -1, 1, -5, -3, -1 ] ], 
          [ [ 1, 5, -1, -3, -2, 0, -1, 1, 0, 0, -1, -1, 2, 0, 0, 0, -1, 2, 1, 0 ], 
              [ 1, -5, 1, 3, 2, 0, 1, -1, 0, 0, 1, 1, -2, 0, 0, 0, 1, -2, -1, 0 ] ], 
          [ [ 1, 5, -1, -3, -2, 0, 0, 0, 0, 0, -1, -1, 2, 0, 0, 0, -1, 2, 1, 0 ], 
              [ 1, -5, 1, 3, 2, 0, 0, 0, 0, 0, 1, 1, -2, 0, 0, 0, 1, -2, -1, 0 ] ], 
          [ [ 1, 5, 0, -2, -1, -2, 0, 0, -1, -2, 0, -1, 0, -2, 0, 2, 0, 2, 1, 1 ], 
              [ 1, -5, 0, 2, 1, 2, 0, 0, 1, 2, 0, 1, 0, 2, 0, -2, 0, -2, -1, -1 ] ], 
          [ [ 1, 5, 0, -2, -1, -2, 0, 0, -1, -2, 0, -1, 0, -2, 0, 2, 1, 2, 1, 1 ], 
              [ 1, -5, 0, 2, 1, 2, 0, 0, 1, 2, 0, 1, 0, 2, 0, -2, -1, -2, -1, -1 ] ], 
          [ [ 1, 6, -1, -3, -2, -1, 0, 0, -1, -1, -1, -2, 2, 0, 0, 1, -1, 3, 2, 1 ], 
              [ 1, -6, 1, 3, 2, 1, 0, 0, 1, 1, 1, 2, -2, 0, 0, -1, 1, -3, -2, -1 ] ], 
          [ [ 1, -6, 2, 2, 2, 1, 0, 0, 1, 1, 1, 2, -2, 0, 0, -1, 1, -3, -2, -1 ], 
              [ 1, 6, -2, -2, -2, -1, 0, 0, -1, -1, -1, -2, 2, 0, 0, 1, -1, 3, 2, 1 ] ], 
          [ [ 1, -5, 1, 1, 1, 2, 0, 0, 1, 2, 0, 1, 0, 2, 0, -2, 0, -2, -1, -1 ], 
              [ 1, 5, -1, -1, -1, -2, 0, 0, -1, -2, 0, -1, 0, -2, 0, 2, 0, 2, 1, 1 ] ], 
          [ [ 1, -5, 2, 2, 2, 0, 0, 0, 0, 0, 1, 1, -2, 0, 0, 0, 1, -2, -1, 0 ], 
              [ 1, 5, -2, -2, -2, 0, 0, 0, 0, 0, -1, -1, 2, 0, 0, 0, -1, 2, 1, 0 ] ], 
          [ [ 1, -5, 2, 2, 2, 0, 0, 0, 0, 0, 1, 1, -2, 0, 0, 0, 2, -2, -1, 0 ], 
              [ 1, 5, -2, -2, -2, 0, 0, 0, 0, 0, -1, -1, 2, 0, 0, 0, -2, 2, 1, 0 ] ], 
          [ [ 1, -5, 2, 2, 2, 0, 1, -1, 0, 0, 1, 1, -2, 0, 0, 0, 1, -2, -1, 0 ], 
              [ 1, 5, -2, -2, -2, 0, -1, 1, 0, 0, -1, -1, 2, 0, 0, 0, -1, 2, 1, 0 ] ], 
          [ [ 1, -9, 3, 3, 3, 2, 2, 1, -1, 1, 1, 2, -2, 0, 0, -1, 1, -5, -3, -1 ], 
              [ 1, 9, -3, -3, -3, -2, -2, -1, 1, -1, -1, -2, 2, 0, 0, 1, -1, 5, 3, 1 ] ], 
          [ [ 1, -8, 2, 2, 2, 3, 1, 2, -1, 2, 0, 1, 0, 1, 0, -2, 1, -3, -2, -1 ], 
              [ 1, 8, -2, -2, -2, -3, -1, -2, 1, -2, 0, -1, 0, -1, 0, 2, -1, 3, 2, 1 ] ], 
          [ [ 1, -5, 1, 1, 1, 2, 0, 0, 1, 2, 0, 1, 0, 2, -1, -1, 0, -2, -1, 0 ], 
              [ 1, 5, -1, -1, -1, -2, 0, 0, -1, -2, 0, -1, 0, -2, 1, 1, 0, 2, 1, 0 ] ], 
          [ [ 1, -8, 2, 2, 2, 3, 1, 2, -1, 2, 0, 1, 0, 2, 0, -2, 0, -4, -2, -1 ], 
              [ 1, 8, -2, -2, -2, -3, -1, -2, 1, -2, 0, -1, 0, -2, 0, 2, 0, 4, 2, 1 ] ], 
          [ [ 1, -3, 2, 1, 1, 0, 1, 1, -1, -1, 0, 1, -1, -1, 0, 0, 1, -2, -1, 0 ], 
              [ 1, 3, -2, -1, -1, 0, -1, -1, 1, 1, 0, -1, 1, 1, 0, 0, -1, 2, 1, 0 ] ], 
          [ [ 1, -3, 2, 1, 1, 0, 1, 1, -1, -1, 0, 1, -1, -1, 0, 0, 2, -2, -1, 0 ], 
              [ 1, 3, -2, -1, -1, 0, -1, -1, 1, 1, 0, -1, 1, 1, 0, 0, -2, 2, 1, 0 ] ], 
          [ [ 1, -2, 1, 0, 0, 1, 1, 1, -1, 0, -1, 0, 1, 1, 0, -1, 0, -1, 0, 0 ], 
              [ 1, 2, -1, 0, 0, -1, -1, -1, 1, 0, 1, 0, -1, -1, 0, 1, 0, 1, 0, 0 ] ], 
          [ [ 1, -8, 3, 3, 3, 1, 2, 1, -2, 0, 1, 1, -2, 0, 0, 0, 2, -4, -2, 0 ], 
              [ 1, 8, -3, -3, -3, -1, -2, -1, 2, 0, -1, -1, 2, 0, 0, 0, -2, 4, 2, 0 ] ], 
          [ [ 1, -2, 2, 1, 1, -1, 1, 1, -2, -2, 0, 0, -1, -1, 0, 1, 2, -1, 0, 1 ], 
              [ 1, 2, -2, -1, -1, 1, -1, -1, 2, 2, 0, 0, 1, 1, 0, -1, -2, 1, 0, -1 ] ], 
          [ [ 1, -2, 0, 0, 0, 1, -1, -2, 3, 2, 1, 0, 0, 1, -1, 0, 0, 1, 0, 0 ], 
              [ 1, 2, 0, 0, 0, -1, 1, 2, -3, -2, -1, 0, 0, -1, 1, 0, 0, -1, 0, 0 ] ], 
          [ [ 1, -6, 1, 1, 1, 3, 0, 0, 2, 3, 1, 1, 0, 1, -1, -1, 0, -2, -2, -1 ], 
              [ 1, 6, -1, -1, -1, -3, 0, 0, -2, -3, -1, -1, 0, -1, 1, 1, 0, 2, 2, 1 ] ], 
          [ [ 1, -5, 1, 1, 1, 2, 0, 0, 1, 2, 1, 0, 0, 1, 0, -1, 0, -1, -1, -1 ], 
              [ 1, 5, -1, -1, -1, -2, 0, 0, -1, -2, -1, 0, 0, -1, 0, 1, 0, 1, 1, 1 ] ], 
          [ [ 1, -2, 0, 0, 0, 1, -1, -2, 3, 2, 1, 0, 0, 2, -1, 0, -1, 0, 0, 0 ], 
              [ 1, 2, 0, 0, 0, -1, 1, 2, -3, -2, -1, 0, 0, -2, 1, 0, 1, 0, 0, 0 ] ], 
          [ [ 1, 0, 0, -1, -1, 1, -1, 0, 2, 1, 0, 0, 1, 0, -1, 0, 0, 1, 0, 0 ], 
              [ 1, 0, 0, 1, 1, -1, 1, 0, -2, -1, 0, 0, -1, 0, 1, 0, 0, -1, 0, 0 ] ], 
          [ [ 1, 0, 1, 0, 0, -1, 0, -1, 1, -1, 1, 0, -1, -1, 0, 1, 1, 0, 0, 0 ], 
              [ 1, 0, -1, 0, 0, 1, 0, 1, -1, 1, -1, 0, 1, 1, 0, -1, -1, 0, 0, 0 ] ], 
          [ [ 1, -1, 0, 0, 0, 1, 0, 0, 1, 1, 0, 1, 0, 0, 0, -2, 0, -1, -1, -1 ], 
              [ 1, 1, 0, 0, 0, -1, 0, 0, -1, -1, 0, -1, 0, 0, 0, 2, 0, 1, 1, 1 ] ], 
          [ [ 1, 0, 0, -1, -1, 1, 0, -1, 2, 1, 0, 0, 1, 0, -1, 0, 0, 1, 0, 0 ], 
              [ 1, 0, 0, 1, 1, -1, 0, 1, -2, -1, 0, 0, -1, 0, 1, 0, 0, -1, 0, 0 ] ], 
          [ [ 1, -3, 1, 0, 0, 2, 1, 1, 0, 1, 0, 0, 1, 0, 0, -1, 0, -1, -1, -1 ], 
              [ 1, 3, -1, 0, 0, -2, -1, -1, 0, -1, 0, 0, -1, 0, 0, 1, 0, 1, 1, 1 ] ], 
          [ [ 1, 0, 0, -1, -1, 1, 0, -1, 2, 1, 0, 0, 1, 1, -1, 0, -1, 0, 0, 0 ], 
              [ 1, 0, 0, 1, 1, -1, 0, 1, -2, -1, 0, 0, -1, -1, 1, 0, 1, 0, 0, 0 ] ], 
          [ [ 1, 1, -1, -2, -2, 2, -1, 0, 2, 2, -1, -1, 3, 2, -1, -1, -1, 2, 1, 0 ], 
              [ 1, -1, 1, 2, 2, -2, 1, 0, -2, -2, 1, 1, -3, -2, 1, 1, 1, -2, -1, 0 ] ], 
          [ [ 1, -1, 1, 1, 1, -1, 0, 0, 0, -1, 1, 1, -2, -2, 0, 0, 2, -1, -1, 0 ], 
              [ 1, 1, -1, -1, -1, 1, 0, 0, 0, 1, -1, -1, 2, 2, 0, 0, -2, 1, 1, 0 ] ], 
          [ [ 1, -5, 1, 1, 1, 2, 0, 0, 1, 2, 1, 0, 0, 1, -1, 0, 0, -1, -1, 0 ], 
              [ 1, 5, -1, -1, -1, -2, 0, 0, -1, -2, -1, 0, 0, -1, 1, 0, 0, 1, 1, 0 ] ], 
          [ [ 1, -1, 1, 1, 1, -1, 0, 0, 0, -1, 1, 1, -2, -1, 0, 0, 1, -2, -1, 0 ], 
              [ 1, 1, -1, -1, -1, 1, 0, 0, 0, 1, -1, -1, 2, 1, 0, 0, -1, 2, 1, 0 ] ], 
          [ [ 1, -3, 2, 1, 1, 0, 1, 1, -1, -1, 1, 0, -1, -2, 0, 1, 2, -1, -1, 0 ], 
              [ 1, 3, -2, -1, -1, 0, -1, -1, 1, 1, -1, 0, 1, 2, 0, -1, -2, 1, 1, 0 ] ], 
          [ [ 1, 0, 1, 0, 0, -1, 0, -1, 1, -1, 1, 0, -1, -1, -1, 2, 1, 0, 0, 1 ], 
              [ 1, 0, -1, 0, 0, 1, 0, 1, -1, 1, -1, 0, 1, 1, 1, -2, -1, 0, 0, -1 ] ], 
          [ [ 1, -1, 0, 0, 0, 1, 0, 0, 1, 1, 0, 1, 0, 0, -1, -1, 0, -1, -1, 0 ], 
              [ 1, 1, 0, 0, 0, -1, 0, 0, -1, -1, 0, -1, 0, 0, 1, 1, 0, 1, 1, 0 ] ], 
          [ [ 1, 0, 0, 0, 0, 0, 0, 0, 0, 0, 0, 0, 0, 0, 0, -1, 0, 0, 0, 0 ], 
              [ 1, 0, 0, 0, 0, 0, 0, 0, 0, 0, 0, 0, 0, 0, 0, 1, 0, 0, 0, 0 ] ], 
          [ [ 1, -1, 1, 1, 1, -1, 1, -1, 0, -1, 1, 1, -2, -1, 0, 0, 1, -2, -1, 0 ], 
              [ 1, 1, -1, -1, -1, 1, -1, 1, 0, 1, -1, -1, 2, 1, 0, 0, -1, 2, 1, 0 ] ], 
          [ [ 1, -4, 1, 1, 1, 2, 1, 2, -1, 1, 0, 1, 0, 0, 0, -2, 0, -3, -2, -1 ], 
              [ 1, 4, -1, -1, -1, -2, -1, -2, 1, -1, 0, -1, 0, 0, 0, 2, 0, 3, 2, 1 ] ], 
          [ [ 1, 0, 0, 0, 0, 0, 0, 0, 0, 0, 0, 0, 0, 0, 0, -1, 1, 0, 0, 0 ], 
              [ 1, 0, 0, 0, 0, 0, 0, 0, 0, 0, 0, 0, 0, 0, 0, 1, -1, 0, 0, 0 ] ], 
          [ [ 1, -4, 1, 1, 1, 2, 1, 2, -1, 1, 0, 1, 0, 0, 0, -2, 1, -3, -2, -1 ], 
              [ 1, 4, -1, -1, -1, -2, -1, -2, 1, -1, 0, -1, 0, 0, 0, 2, -1, 3, 2, 1 ] ], 
          [ [ 1, 0, 0, 0, 0, 0, 0, 0, 0, 0, 0, 0, 0, 1, 0, -1, 0, -1, 0, 0 ], 
              [ 1, 0, 0, 0, 0, 0, 0, 0, 0, 0, 0, 0, 0, -1, 0, 1, 0, 1, 0, 0 ] ], 
          [ [ 1, 1, 0, -1, -1, 0, 0, -1, 1, 0, 0, -1, 1, 0, -1, 1, 0, 2, 1, 1 ], 
              [ 1, -1, 0, 1, 1, 0, 0, 1, -1, 0, 0, 1, -1, 0, 1, -1, 0, -2, -1, -1 ] ], 
          [ [ 1, -3, 1, 0, 0, 2, 1, 1, 0, 1, 0, 0, 1, 0, -1, 0, 0, -1, -1, 0 ], 
              [ 1, 3, -1, 0, 0, -2, -1, -1, 0, -1, 0, 0, -1, 0, 1, 0, 0, 1, 1, 0 ] ], 
          [ [ 1, -2, 1, 0, 0, 1, 1, 1, -1, 0, 0, -1, 1, 0, 0, 0, 1, 0, 0, 0 ], 
              [ 1, 2, -1, 0, 0, -1, -1, -1, 1, 0, 0, 1, -1, 0, 0, 0, -1, 0, 0, 0 ] ], 
          [ [ 1, 1, 0, -1, -1, 0, 0, -1, 1, 0, 0, -1, 1, 1, -1, 1, 0, 1, 1, 1 ], 
              [ 1, -1, 0, 1, 1, 0, 0, 1, -1, 0, 0, 1, -1, -1, 1, -1, 0, -1, -1, -1 ] ], 
          [ [ 1, -4, 2, 2, 2, 0, 2, 1, -2, -1, 1, 1, -2, -2, 0, 0, 2, -3, -2, 0 ], 
              [ 1, 4, -2, -2, -2, 0, -2, -1, 2, 1, -1, -1, 2, 2, 0, 0, -2, 3, 2, 0 ] ], 
          [ [ 1, -3, 1, 1, 1, 1, 1, 2, -2, 0, 0, 0, 0, 0, 0, -1, 1, -2, -1, 0 ], 
              [ 1, 3, -1, -1, -1, -1, -1, -2, 2, 0, 0, 0, 0, 0, 0, 1, -1, 2, 1, 0 ] ], 
          [ [ 1, 2, -1, -1, -1, 0, -1, -2, 3, 1, 1, 0, 0, 0, -1, 0, -1, 1, 0, 0 ], 
              [ 1, -2, 1, 1, 1, 0, 1, 2, -3, -1, -1, 0, 0, 0, 1, 0, 1, -1, 0, 0 ] ], 
          [ [ 1, 2, -1, -1, -1, 0, -1, -2, 3, 1, 1, 0, 0, 0, -1, 0, 0, 1, 0, 0 ], 
              [ 1, -2, 1, 1, 1, 0, 1, 2, -3, -1, -1, 0, 0, 0, 1, 0, 0, -1, 0, 0 ] ], 
          [ [ 1, -1, 0, 0, 0, 1, 0, 0, 1, 1, 1, 0, 0, 0, 0, -1, 0, -1, -1, -1 ], 
              [ 1, 1, 0, 0, 0, -1, 0, 0, -1, -1, -1, 0, 0, 0, 0, 1, 0, 1, 1, 1 ] ], 
          [ [ 1, 0, 0, -1, -1, 1, 0, -1, 2, 1, 1, -1, 1, 0, -1, 1, 0, 1, 0, 0 ], 
              [ 1, 0, 0, 1, 1, -1, 0, 1, -2, -1, -1, 1, -1, 0, 1, -1, 0, -1, 0, 0 ] ], 
          [ [ 1, 3, -1, -1, -1, -1, -1, -2, 2, 0, 1, -1, 0, 0, -1, 1, 0, 2, 1, 1 ], 
              [ 1, -3, 1, 1, 1, 1, 1, 2, -2, 0, -1, 1, 0, 0, 1, -1, 0, -2, -1, -1 ] ], 
          [ [ 1, -1, 0, 0, 0, 1, 0, 0, 1, 1, 1, 0, 0, 0, -1, 0, 0, -1, -1, 0 ], 
              [ 1, 1, 0, 0, 0, -1, 0, 0, -1, -1, -1, 0, 0, 0, 1, 0, 0, 1, 1, 0 ] ], 
          [ [ 1, 5, -1, -2, -2, -1, 0, -1, 1, -1, 0, -1, 1, -1, -1, 1, 0, 2, 1, 1 ], 
              [ 1, -5, 1, 2, 2, 1, 0, 1, -1, 1, 0, 1, -1, 1, 1, -1, 0, -2, -1, -1 ] ], 
          [ [ 1, -5, 1, 2, 1, 1, 0, -1, 2, 1, 1, 1, -1, 1, -1, -1, 1, -2, -1, 0 ], 
              [ 1, 5, -1, -2, -1, -1, 0, 1, -2, -1, -1, -1, 1, -1, 1, 1, -1, 2, 1, 0 ] ], 
          [ [ 1, -9, 2, 3, 2, 3, 1, 1, 1, 2, 1, 2, -1, 1, -1, -2, 1, -5, -3, -1 ], 
              [ 1, 9, -2, -3, -2, -3, -1, -1, -1, -2, -1, -2, 1, -1, 1, 2, -1, 5, 3, 1 ] ]
            , [ [ 1, -6, 1, 2, 1, 2, 0, -1, 3, 2, 2, 1, -1, 0, -1, -1, 1, -2, -2, -1 ], 
              [ 1, 6, -1, -2, -1, -2, 0, 1, -3, -2, -2, -1, 1, 0, 1, 1, -1, 2, 2, 1 ] ], 
          [ [ 1, 1, 0, -1, 1, -1, 0, 0, -1, -1, -1, 0, 0, 0, 1, 0, 0, 1, 1, 0 ], 
              [ 1, -1, 0, 1, -1, 1, 0, 0, 1, 1, 1, 0, 0, 0, -1, 0, 0, -1, -1, 0 ] ], 
          [ [ 1, -3, 1, 0, 2, 1, 1, 2, -2, 0, -1, 1, 0, 0, 1, -1, 0, -2, -1, -1 ], 
              [ 1, 3, -1, 0, -2, -1, -1, -2, 2, 0, 1, -1, 0, 0, -1, 1, 0, 2, 1, 1 ] ], 
          [ [ 1, 1, 0, -1, 1, -1, 0, 0, -1, -1, -1, 0, 0, 1, 1, 0, -1, 0, 1, 0 ], 
              [ 1, -1, 0, 1, -1, 1, 0, 0, 1, 1, 1, 0, 0, -1, -1, 0, 1, 0, -1, 0 ] ], 
          [ [ 1, -2, 1, 0, 2, 0, 1, 2, -3, -1, -1, 0, 0, 0, 1, 0, 0, -1, 0, 0 ], 
              [ 1, 2, -1, 0, -2, 0, -1, -2, 3, 1, 1, 0, 0, 0, -1, 0, 0, 1, 0, 0 ] ], 
          [ [ 1, 3, -1, -2, 0, -1, -1, -2, 2, 0, 0, 0, 0, 0, 0, 1, -1, 2, 1, 0 ], 
              [ 1, -3, 1, 2, 0, 1, 1, 2, -2, 0, 0, 0, 0, 0, 0, -1, 1, -2, -1, 0 ] ], 
          [ [ 1, 0, 0, -1, 1, 0, 0, 0, 0, 0, 0, 0, 0, 0, 1, 0, -1, 0, 0, -1 ], 
              [ 1, 0, 0, 1, -1, 0, 0, 0, 0, 0, 0, 0, 0, 0, -1, 0, 1, 0, 0, 1 ] ], 
          [ [ 1, 4, -2, -3, -1, 0, -2, -1, 2, 1, -1, -1, 2, 2, 0, 0, -2, 3, 2, 0 ], 
              [ 1, -4, 2, 3, 1, 0, 2, 1, -2, -1, 1, 1, -2, -2, 0, 0, 2, -3, -2, 0 ] ], 
          [ [ 1, 6, -2, -4, -2, 0, -1, 0, 1, 0, -2, -1, 3, 1, 0, 0, -2, 3, 2, 0 ], 
              [ 1, -6, 2, 4, 2, 0, 1, 0, -1, 0, 2, 1, -3, -1, 0, 0, 2, -3, -2, 0 ] ], 
          [ [ 1, 4, -1, -2, 0, -2, -1, -2, 1, -1, 0, -1, 0, 0, 0, 2, -1, 3, 2, 1 ], 
              [ 1, -4, 1, 2, 0, 2, 1, 2, -1, 1, 0, 1, 0, 0, 0, -2, 1, -3, -2, -1 ] ], 
          [ [ 1, 0, 0, -1, 1, 0, 0, 0, 0, 0, 0, 0, 0, 0, 0, 1, -1, 0, 0, 0 ], 
              [ 1, 0, 0, 1, -1, 0, 0, 0, 0, 0, 0, 0, 0, 0, 0, -1, 1, 0, 0, 0 ] ], 
          [ [ 1, 1, 0, -1, 1, -1, 0, 0, -1, -1, 0, -1, 0, 0, 1, 1, 0, 1, 1, 0 ], 
              [ 1, -1, 0, 1, -1, 1, 0, 0, 1, 1, 0, 1, 0, 0, -1, -1, 0, -1, -1, 0 ] ], 
          [ [ 1, 5, -1, -2, 0, -2, 0, 0, -1, -2, -1, 0, 0, -1, 1, 0, -1, 1, 1, 0 ], 
              [ 1, -5, 1, 2, 0, 2, 0, 0, 1, 2, 1, 0, 0, 1, -1, 0, 1, -1, -1, 0 ] ], 
          [ [ 1, 5, -1, -2, 0, -2, 0, 0, -1, -2, -1, 0, 0, -1, 1, 0, 0, 1, 1, 0 ], 
              [ 1, -5, 1, 2, 0, 2, 0, 0, 1, 2, 1, 0, 0, 1, -1, 0, 0, -1, -1, 0 ] ], 
          [ [ 1, 1, -1, -2, 0, 1, 0, 0, 0, 1, -1, -1, 2, 2, 0, 0, -2, 1, 1, 0 ], 
              [ 1, -1, 1, 2, 0, -1, 0, 0, 0, -1, 1, 1, -2, -2, 0, 0, 2, -1, -1, 0 ] ], 
          [ [ 1, 6, -1, -3, -1, -2, 0, -1, 0, -2, -1, -1, 1, -1, 0, 2, -1, 3, 2, 1 ], 
              [ 1, -6, 1, 3, 1, 2, 0, 1, 0, 2, 1, 1, -1, 1, 0, -2, 1, -3, -2, -1 ] ], 
          [ [ 1, 3, 0, -2, 0, -1, 1, 1, -2, -2, -1, -1, 1, -1, 1, 1, 0, 1, 1, 0 ], 
              [ 1, -3, 0, 2, 0, 1, -1, -1, 2, 2, 1, 1, -1, 1, -1, -1, 0, -1, -1, 0 ] ], 
          [ [ 1, 7, -2, -4, -2, -1, -1, 0, 0, -1, -2, -2, 3, 1, 0, 1, -2, 4, 3, 1 ], 
              [ 1, -7, 2, 4, 2, 1, 1, 0, 0, 1, 2, 2, -3, -1, 0, -1, 2, -4, -3, -1 ] ], 
          [ [ 1, 6, -1, -2, 0, -3, 0, 0, -2, -3, -1, -1, 0, -1, 1, 1, 0, 2, 2, 1 ], 
              [ 1, -6, 1, 2, 0, 3, 0, 0, 2, 3, 1, 1, 0, 1, -1, -1, 0, -2, -2, -1 ] ], 
          [ [ 1, 2, 0, -1, 1, -1, 1, 2, -3, -2, -1, 0, 0, -1, 1, 0, 0, -1, 0, 0 ], 
              [ 1, -2, 0, 1, -1, 1, -1, -2, 3, 2, 1, 0, 0, 1, -1, 0, 0, 1, 0, 0 ] ], 
          [ [ 1, 8, -3, -4, -2, -1, -2, -1, 2, 0, -1, -1, 2, 0, 0, 0, -2, 4, 2, 0 ], 
              [ 1, -8, 3, 4, 2, 1, 2, 1, -2, 0, 1, 1, -2, 0, 0, 0, 2, -4, -2, 0 ] ], 
          [ [ 1, 6, -2, -4, -2, 0, -1, 0, 1, 0, -1, -2, 3, 0, 0, 1, -2, 4, 2, 0 ], 
              [ 1, -6, 2, 4, 2, 0, 1, 0, -1, 0, 1, 2, -3, 0, 0, -1, 2, -4, -2, 0 ] ], 
          [ [ 1, 5, -1, -2, 0, -2, 0, 0, -1, -2, 0, -1, 0, -2, 1, 1, 0, 2, 1, 0 ], 
              [ 1, -5, 1, 2, 0, 2, 0, 0, 1, 2, 0, 1, 0, 2, -1, -1, 0, -2, -1, 0 ] ], 
          [ [ 1, 8, -2, -3, -1, -3, -1, -2, 1, -2, 0, -1, 0, -1, 0, 2, -1, 3, 2, 1 ], 
              [ 1, -8, 2, 3, 1, 3, 1, 2, -1, 2, 0, 1, 0, 1, 0, -2, 1, -3, -2, -1 ] ], 
          [ [ 1, 5, -2, -3, -1, 0, 0, 0, 0, 0, -1, -1, 2, 0, 0, 0, -2, 2, 1, 0 ], 
              [ 1, -5, 2, 3, 1, 0, 0, 0, 0, 0, 1, 1, -2, 0, 0, 0, 2, -2, -1, 0 ] ], 
          [ [ 1, -5, 0, 1, 2, 2, 0, 0, 1, 2, 0, 1, 0, 2, 0, -2, -1, -2, -1, -1 ], 
              [ 1, 5, 0, -1, -2, -2, 0, 0, -1, -2, 0, -1, 0, -2, 0, 2, 1, 2, 1, 1 ] ], 
          [ [ 1, -3, 1, 1, 2, 0, 1, 1, -1, -1, 0, 1, -1, -1, 1, -1, 1, -2, -1, -1 ], 
              [ 1, 3, -1, -1, -2, 0, -1, -1, 1, 1, 0, -1, 1, 1, -1, 1, -1, 2, 1, 1 ] ], 
          [ [ 1, 0, 0, 0, 1, -1, 0, -1, 1, -1, 0, 1, -1, 0, 0, 0, 0, -1, 0, 0 ], 
              [ 1, 0, 0, 0, -1, 1, 0, 1, -1, 1, 0, -1, 1, 0, 0, 0, 0, 1, 0, 0 ] ], 
          [ [ 1, -3, 0, 0, 1, 2, 1, 1, 0, 1, -1, 1, 1, 1, 0, -2, -1, -2, -1, -1 ], 
              [ 1, 3, 0, 0, -1, -2, -1, -1, 0, -1, 1, -1, -1, -1, 0, 2, 1, 2, 1, 1 ] ], 
          [ [ 1, -3, 1, 1, 2, 0, 1, 1, -1, -1, 0, 1, -1, -1, 0, 0, 1, -2, -1, 0 ], 
              [ 1, 3, -1, -1, -2, 0, -1, -1, 1, 1, 0, -1, 1, 1, 0, 0, -1, 2, 1, 0 ] ], 
          [ [ 1, -2, 0, 0, 1, 1, 1, 1, -1, 0, -1, 0, 1, 1, 0, -1, 0, -1, 0, 0 ], 
              [ 1, 2, 0, 0, -1, -1, -1, -1, 1, 0, 1, 0, -1, -1, 0, 1, 0, 1, 0, 0 ] ], 
          [ [ 1, 0, -1, -1, 0, 1, -1, 0, 2, 1, 0, 0, 1, 1, 0, -1, -1, 0, 0, -1 ], 
              [ 1, 0, 1, 1, 0, -1, 1, 0, -2, -1, 0, 0, -1, -1, 0, 1, 1, 0, 0, 1 ] ], 
          [ [ 1, 0, -1, -1, 0, 1, 0, -1, 2, 1, 0, 0, 1, 1, 0, -1, -1, 0, 0, -1 ], 
              [ 1, 0, 1, 1, 0, -1, 0, 1, -2, -1, 0, 0, -1, -1, 0, 1, 1, 0, 0, 1 ] ], 
          [ [ 1, 0, 0, 0, 1, -1, 0, -1, 1, -1, 1, 0, -1, -1, 0, 1, 0, 0, 0, 0 ], 
              [ 1, 0, 0, 0, -1, 1, 0, 1, -1, 1, -1, 0, 1, 1, 0, -1, 0, 0, 0, 0 ] ], 
          [ [ 1, 0, 0, 0, 1, -1, 0, -1, 1, -1, 1, 0, -1, -1, 0, 1, 1, 0, 0, 0 ], 
              [ 1, 0, 0, 0, -1, 1, 0, 1, -1, 1, -1, 0, 1, 1, 0, -1, -1, 0, 0, 0 ] ], 
          [ [ 1, -1, -1, 0, 1, 1, 0, 0, 1, 1, 0, 1, 0, 1, 0, -2, -1, -2, -1, -1 ], 
              [ 1, 1, 1, 0, -1, -1, 0, 0, -1, -1, 0, -1, 0, -1, 0, 2, 1, 2, 1, 1 ] ], 
          [ [ 1, -3, 0, 0, 1, 2, 1, 1, 0, 1, 0, 0, 1, 0, 0, -1, 0, -1, -1, -1 ], 
              [ 1, 3, 0, 0, -1, -2, -1, -1, 0, -1, 0, 0, -1, 0, 0, 1, 0, 1, 1, 1 ] ], 
          [ [ 1, 0, -1, -1, 0, 1, 0, -1, 2, 1, 0, 0, 1, 1, -1, 0, -1, 0, 0, 0 ], 
              [ 1, 0, 1, 1, 0, -1, 0, 1, -2, -1, 0, 0, -1, -1, 1, 0, 1, 0, 0, 0 ] ], 
          [ [ 1, 1, -1, -1, 0, 0, 0, -1, 1, 0, 0, -1, 1, 1, 0, 0, -1, 1, 1, 0 ], 
              [ 1, -1, 1, 1, 0, 0, 0, 1, -1, 0, 0, 1, -1, -1, 0, 0, 1, -1, -1, 0 ] ], 
          [ [ 1, -3, 0, 0, 1, 2, 1, 1, 0, 1, 0, 0, 1, 1, 0, -1, -1, -2, -1, -1 ], 
              [ 1, 3, 0, 0, -1, -2, -1, -1, 0, -1, 0, 0, -1, -1, 0, 1, 1, 2, 1, 1 ] ], 
          [ [ 1, 6, -1, -3, -2, -2, -2, -1, 1, 0, 0, 0, 0, 0, 0, 1, -1, 3, 2, 1 ], 
              [ 1, -6, 1, 3, 2, 2, 2, 1, -1, 0, 0, 0, 0, 0, 0, -1, 1, -3, -2, -1 ] ], 
          [ [ 1, 3, 1, -1, 0, -3, 0, 0, -2, -2, 1, 0, -2, -2, 1, 2, 1, 1, 1, 1 ], 
              [ 1, -3, -1, 1, 0, 3, 0, 0, 2, 2, -1, 0, 2, 2, -1, -2, -1, -1, -1, -1 ] ], 
          [ [ 1, 3, 0, -2, -1, -1, 0, 0, -1, 0, 0, 0, 0, 0, 0, 1, -1, 1, 1, 1 ], 
              [ 1, -3, 0, 2, 1, 1, 0, 0, 1, 0, 0, 0, 0, 0, 0, -1, 1, -1, -1, -1 ] ], 
          [ [ 1, -3, 1, 1, 1, 0, 0, 0, 0, 1, 1, 2, -2, 0, 0, -1, 0, -2, -1, 0 ], 
              [ 1, 3, -1, -1, -1, 0, 0, 0, 0, -1, -1, -2, 2, 0, 0, 1, 0, 2, 1, 0 ] ], 
          [ [ 1, -3, 1, 1, 1, 0, 0, 0, 0, 1, 1, 2, -2, 0, 0, -1, 1, -2, -1, 0 ], 
              [ 1, 3, -1, -1, -1, 0, 0, 0, 0, -1, -1, -2, 2, 0, 0, 1, -1, 2, 1, 0 ] ], 
          [ [ 1, -6, 2, 2, 2, 1, 1, 2, -2, 1, 1, 2, -2, 0, 1, -2, 1, -4, -2, -1 ], 
              [ 1, 6, -2, -2, -2, -1, -1, -2, 2, -1, -1, -2, 2, 0, -1, 2, -1, 4, 2, 1 ] ],
          [ [ 1, -3, 1, 1, 1, 0, 0, 0, 0, 1, 1, 2, -2, 1, 0, -1, 0, -3, -1, 0 ], 
              [ 1, 3, -1, -1, -1, 0, 0, 0, 0, -1, -1, -2, 2, -1, 0, 1, 0, 3, 1, 0 ] ], 
          [ [ 1, -5, 2, 1, 1, 1, 1, 1, -1, 1, 1, 1, -1, 0, 0, 0, 1, -2, -1, 0 ], 
              [ 1, 5, -2, -1, -1, -1, -1, -1, 1, -1, -1, -1, 1, 0, 0, 0, -1, 2, 1, 0 ] ], 
          [ [ 1, -2, 1, 1, 1, -1, 0, 0, -1, 0, 1, 1, -2, 0, 0, 0, 1, -1, 0, 1 ], 
              [ 1, 2, -1, -1, -1, 1, 0, 0, 1, 0, -1, -1, 2, 0, 0, 0, -1, 1, 0, -1 ] ], 
          [ [ 1, -6, 2, 2, 2, 1, 1, 2, -2, 1, 1, 2, -2, 0, 0, -1, 1, -4, -2, 0 ], 
              [ 1, 6, -2, -2, -2, -1, -1, -2, 2, -1, -1, -2, 2, 0, 0, 1, -1, 4, 2, 0 ] ], 
          [ [ 1, 0, 1, 0, 0, -1, 1, 1, -2, -1, 0, 1, -1, -1, 0, 0, 1, -1, 0, 1 ], 
              [ 1, 0, -1, 0, 0, 1, -1, -1, 2, 1, 0, -1, 1, 1, 0, 0, -1, 1, 0, -1 ] ], 
          [ [ 1, 0, 0, 0, 0, -1, -1, -2, 2, 1, 2, 1, -2, 0, 0, 0, 0, 0, 0, 0 ], 
              [ 1, 0, 0, 0, 0, 1, 1, 2, -2, -1, -2, -1, 2, 0, 0, 0, 0, 0, 0, 0 ] ], 
          [ [ 1, 3, -1, -2, -2, 0, -1, 0, 1, 1, 0, 0, 1, 1, 0, -1, -1, 1, 1, 0 ], 
              [ 1, -3, 1, 2, 2, 0, 1, 0, -1, -1, 0, 0, -1, -1, 0, 1, 1, -1, -1, 0 ] ], 
          [ [ 1, -3, 1, 1, 1, 0, 0, 0, 0, 1, 2, 1, -2, -1, 0, 0, 1, -1, -1, 0 ], 
              [ 1, 3, -1, -1, -1, 0, 0, 0, 0, -1, -2, -1, 2, 1, 0, 0, -1, 1, 1, 0 ] ], 
          [ [ 1, 0, 0, 0, 0, -1, -1, -2, 2, 1, 2, 1, -2, 0, -1, 1, 0, 0, 0, 1 ], 
              [ 1, 0, 0, 0, 0, 1, 1, 2, -2, -1, -2, -1, 2, 0, 1, -1, 0, 0, 0, -1 ] ], 
          [ [ 1, -3, 1, 1, 1, 0, 0, 0, 0, 1, 2, 1, -2, 0, 0, 0, 0, -2, -1, 0 ], 
              [ 1, 3, -1, -1, -1, 0, 0, 0, 0, -1, -2, -1, 2, 0, 0, 0, 0, 2, 1, 0 ] ], 
          [ [ 1, -3, 1, 1, 1, 0, 0, 0, 0, 1, 2, 1, -2, 0, 0, 0, 1, -2, -1, 0 ], 
              [ 1, 3, -1, -1, -1, 0, 0, 0, 0, -1, -2, -1, 2, 0, 0, 0, -1, 2, 1, 0 ] ], 
          [ [ 1, 3, 0, -1, -1, -2, -1, 0, 0, -1, 1, 0, -1, -1, 0, 1, 1, 1, 1, 1 ], 
              [ 1, -3, 0, 1, 1, 2, 1, 0, 0, 1, -1, 0, 1, 1, 0, -1, -1, -1, -1, -1 ] ], 
          [ [ 1, 3, 0, -1, -1, -2, 0, -1, 0, -1, 1, 0, -1, -1, 0, 1, 0, 1, 1, 1 ], 
              [ 1, -3, 0, 1, 1, 2, 0, 1, 0, 1, -1, 0, 1, 1, 0, -1, 0, -1, -1, -1 ] ], 
          [ [ 1, 3, 0, -1, -1, -2, 0, -1, 0, -1, 1, 0, -1, -1, 0, 1, 1, 1, 1, 1 ], 
              [ 1, -3, 0, 1, 1, 2, 0, 1, 0, 1, -1, 0, 1, 1, 0, -1, -1, -1, -1, -1 ] ], 
          [ [ 1, 0, 0, -1, -1, 1, 0, 2, -1, 1, 0, 0, 1, 0, 0, -1, 0, 0, 0, 0 ], 
              [ 1, 0, 0, 1, 1, -1, 0, -2, 1, -1, 0, 0, -1, 0, 0, 1, 0, 0, 0, 0 ] ], 
          [ [ 1, 3, -1, -2, -2, 0, -1, 0, 1, 1, 0, 0, 1, 1, -1, 0, -1, 1, 1, 1 ], 
              [ 1, -3, 1, 2, 2, 0, 1, 0, -1, -1, 0, 0, -1, -1, 1, 0, 1, -1, -1, -1 ] ], 
          [ [ 1, 2, 0, 0, 0, -2, 0, 0, -1, -1, 1, 1, -2, -1, 0, 0, 1, -1, 0, 1 ], 
              [ 1, -2, 0, 0, 0, 2, 0, 0, 1, 1, -1, -1, 2, 1, 0, 0, -1, 1, 0, -1 ] ], 
          [ [ 1, 0, 1, 0, 0, -1, 1, 1, -2, -1, 1, 0, -1, -1, 0, 1, 1, -1, 0, 1 ], 
              [ 1, 0, -1, 0, 0, 1, -1, -1, 2, 1, -1, 0, 1, 1, 0, -1, -1, 1, 0, -1 ] ], 
          [ [ 1, 6, -2, -3, -3, -1, -2, -2, 3, 1, 1, -1, 1, 0, -1, 1, -1, 4, 2, 1 ], 
              [ 1, -6, 2, 3, 3, 1, 2, 2, -3, -1, -1, 1, -1, 0, 1, -1, 1, -4, -2, -1 ] ], 
          [ [ 1, -6, 2, 3, 2, 0, 1, 1, -1, 0, 2, 2, -3, -1, 0, -1, 2, -4, -2, 0 ], 
              [ 1, 6, -2, -3, -2, 0, -1, -1, 1, 0, -2, -2, 3, 1, 0, 1, -2, 4, 2, 0 ] ], 
          [ [ 1, -3, 0, 1, 0, 1, 0, -1, 2, 2, 2, 1, -1, 1, -1, -1, 0, -2, -1, 0 ], 
              [ 1, 3, 0, -1, 0, -1, 0, 1, -2, -2, -2, -1, 1, -1, 1, 1, 0, 2, 1, 0 ] ], 
          [ [ 1, 3, 0, -1, 1, -3, 0, 0, -2, -2, 0, 1, -2, -1, 1, 1, 0, 0, 1, 1 ], 
              [ 1, -3, 0, 1, -1, 3, 0, 0, 2, 2, 0, -1, 2, 1, -1, -1, 0, 0, -1, -1 ] ], 
          [ [ 1, 3, -1, -2, 0, -1, -1, 1, -1, 0, 0, 0, 0, 0, 1, 0, -1, 1, 1, 0 ], 
              [ 1, -3, 1, 2, 0, 1, 1, -1, 1, 0, 0, 0, 0, 0, -1, 0, 1, -1, -1, 0 ] ], 
          [ [ 1, 3, -1, -2, 0, -1, 0, 0, -1, 0, 0, 0, 0, 0, 1, 0, -1, 1, 1, 0 ], 
              [ 1, -3, 1, 2, 0, 1, 0, 0, 1, 0, 0, 0, 0, 0, -1, 0, 1, -1, -1, 0 ] ], 
          [ [ 1, 9, -2, -4, -2, -3, -1, 0, -1, -2, -1, -1, 1, -1, 1, 1, -1, 4, 3, 1 ], 
              [ 1, -9, 2, 4, 2, 3, 1, 0, 1, 2, 1, 1, -1, 1, -1, -1, 1, -4, -3, -1 ] ], 
          [ [ 1, -2, 0, 0, 1, 0, 0, -1, 1, 1, 1, 1, -1, 1, 0, 0, -1, -1, 0, 0 ], 
              [ 1, 2, 0, 0, -1, 0, 0, 1, -1, -1, -1, -1, 1, -1, 0, 0, 1, 1, 0, 0 ] ], 
          [ [ 1, 0, 0, 0, 1, -1, 1, 1, -2, -1, 0, 1, -1, 0, 1, -1, 0, -2, 0, 0 ], 
              [ 1, 0, 0, 0, -1, 1, -1, -1, 2, 1, 0, -1, 1, 0, -1, 1, 0, 2, 0, 0 ] ], 
          [ [ 1, 3, -2, -2, -1, 0, -1, 0, 1, 1, 0, 0, 1, 1, 0, -1, -2, 1, 1, 0 ], 
              [ 1, -3, 2, 2, 1, 0, 1, 0, -1, -1, 0, 0, -1, -1, 0, 1, 2, -1, -1, 0 ] ], 
          [ [ 1, 3, -2, -2, -1, 0, -1, 0, 1, 1, 0, 0, 1, 1, 0, -1, -1, 1, 1, 0 ], 
              [ 1, -3, 2, 2, 1, 0, 1, 0, -1, -1, 0, 0, -1, -1, 0, 1, 1, -1, -1, 0 ] ], 
          [ [ 1, 3, -1, -1, 0, -2, 0, -1, 0, -1, 1, 0, -1, -1, 0, 1, 0, 1, 1, 1 ], 
              [ 1, -3, 1, 1, 0, 2, 0, 1, 0, 1, -1, 0, 1, 1, 0, -1, 0, -1, -1, -1 ] ], 
          [ [ 1, -3, 1, 0, 0, 2, 0, 0, 2, 2, 0, 0, 1, 1, -1, -1, 0, -1, -1, -1 ], 
              [ 1, 3, -1, 0, 0, -2, 0, 0, -2, -2, 0, 0, -1, -1, 1, 1, 0, 1, 1, 1 ] ], 
          [ [ 1, -3, 2, 1, 1, 0, 1, -1, 1, 0, 1, 0, -1, -1, -1, 1, 1, -1, -1, 0 ], 
              [ 1, 3, -2, -1, -1, 0, -1, 1, -1, 0, -1, 0, 1, 1, 1, -1, -1, 1, 1, 0 ] ], 
          [ [ 1, -2, 1, 0, 0, 1, 0, 0, 1, 1, 0, -1, 1, 1, -1, 0, 0, 0, 0, 0 ], 
              [ 1, 2, -1, 0, 0, -1, 0, 0, -1, -1, 0, 1, -1, -1, 1, 0, 0, 0, 0, 0 ] ], 
          [ [ 1, 3, 0, -2, 0, -1, 0, 0, 0, -1, -1, -1, 1, -1, 0, 1, 0, 2, 1, 0 ], 
              [ 1, -3, 0, 2, 0, 1, 0, 0, 0, 1, 1, 1, -1, 1, 0, -1, 0, -2, -1, 0 ] ], 
          [ [ 1, 3, 0, -2, 0, -1, 0, 0, 0, -1, -1, -1, 1, 0, 0, 1, -1, 1, 1, 0 ], 
              [ 1, -3, 0, 2, 0, 1, 0, 0, 0, 1, 1, 1, -1, 0, 0, -1, 1, -1, -1, 0 ] ], 
          [ [ 1, -6, 2, 2, 3, 1, 2, 1, -1, 0, 0, 1, -1, 0, 0, -1, 1, -4, -2, -1 ], 
              [ 1, 6, -2, -2, -3, -1, -2, -1, 1, 0, 0, -1, 1, 0, 0, 1, -1, 4, 2, 1 ] ], 
          [ [ 1, -3, 0, 0, 1, 2, 0, 0, 2, 2, 0, 0, 1, 1, -1, -1, -1, -1, -1, -1 ], 
              [ 1, 3, 0, 0, -1, -2, 0, 0, -2, -2, 0, 0, -1, -1, 1, 1, 1, 1, 1, 1 ] ], 
          [ [ 1, 0, 1, -1, 0, 0, 0, 1, -1, 1, 0, 0, 0, 0, 0, 0, 0, 0, 0, 0 ], 
              [ 1, 0, -1, 1, 0, 0, 0, -1, 1, -1, 0, 0, 0, 0, 0, 0, 0, 0, 0, 0 ] ], 
          [ [ 1, -5, 2, 1, 1, 1, 0, 0, 1, 2, 1, 1, -1, 1, -1, 0, 0, -2, -1, 0 ], 
              [ 1, 5, -2, -1, -1, -1, 0, 0, -1, -2, -1, -1, 1, -1, 1, 0, 0, 2, 1, 0 ] ], 
          [ [ 1, -6, 3, 3, 3, -1, 1, 0, -1, 0, 2, 2, -4, -1, 0, 0, 2, -4, -2, 0 ], 
              [ 1, 6, -3, -3, -3, 1, -1, 0, 1, 0, -2, -2, 4, 1, 0, 0, -2, 4, 2, 0 ] ], 
          [ [ 1, -3, 2, 1, 1, 0, 1, 2, -2, 0, 0, 1, -1, 0, 0, -1, 1, -3, -1, 0 ], 
              [ 1, 3, -2, -1, -1, 0, -1, -2, 2, 0, 0, -1, 1, 0, 0, 1, -1, 3, 1, 0 ] ], 
          [ [ 1, 0, 1, 0, 0, -1, 0, 0, 0, 0, 1, 0, -1, -1, 0, 0, 1, 0, 0, 0 ], 
              [ 1, 0, -1, 0, 0, 1, 0, 0, 0, 0, -1, 0, 1, 1, 0, 0, -1, 0, 0, 0 ] ], 
          [ [ 1, 3, 0, -1, -1, -2, -1, -2, 2, 0, 1, 0, -1, 0, -1, 1, 0, 1, 1, 1 ], 
              [ 1, -3, 0, 1, 1, 2, 1, 2, -2, 0, -1, 0, 1, 0, 1, -1, 0, -1, -1, -1 ] ], 
          [ [ 1, 0, 0, -1, -1, 1, 0, 0, 1, 2, 0, 0, 1, 1, -1, -1, -1, 0, 0, 0 ], 
              [ 1, 0, 0, 1, 1, -1, 0, 0, -1, -2, 0, 0, -1, -1, 1, 1, 1, 0, 0, 0 ] ], 
          [ [ 1, 0, 1, 0, 0, -1, 0, 0, 0, 0, 1, 0, -1, -1, -1, 1, 1, 0, 0, 1 ], 
              [ 1, 0, -1, 0, 0, 1, 0, 0, 0, 0, -1, 0, 1, 1, 1, -1, -1, 0, 0, -1 ] ], 
          [ [ 1, 3, -1, -2, 0, -1, -1, -1, 1, 1, 0, 0, 0, 1, 0, 0, -2, 1, 1, 0 ], 
              [ 1, -3, 1, 2, 0, 1, 1, 1, -1, -1, 0, 0, 0, -1, 0, 0, 2, -1, -1, 0 ] ], 
          [ [ 1, 6, -1, -3, -1, -2, 0, 0, -1, -1, -1, -1, 1, 0, 0, 1, -1, 2, 2, 1 ], 
              [ 1, -6, 1, 3, 1, 2, 0, 0, 1, 1, 1, 1, -1, 0, 0, -1, 1, -2, -2, -1 ] ], 
          [ [ 1, -5, 1, 1, 2, 1, 0, 0, 1, 2, 1, 1, -1, 1, 0, -1, 0, -2, -1, -1 ], 
              [ 1, 5, -1, -1, -2, -1, 0, 0, -1, -2, -1, -1, 1, -1, 0, 1, 0, 2, 1, 1 ] ], 
          [ [ 1, 0, 0, 0, 1, -1, 0, 0, 0, 0, 0, 1, -1, 0, 0, -1, 0, -1, 0, 0 ], 
              [ 1, 0, 0, 0, -1, 1, 0, 0, 0, 0, 0, -1, 1, 0, 0, 1, 0, 1, 0, 0 ] ], 
          [ [ 1, -2, 1, 0, 1, 0, 1, 1, -1, 0, 0, 0, 0, 0, 0, 0, 0, -1, 0, 0 ], 
              [ 1, 2, -1, 0, -1, 0, -1, -1, 1, 0, 0, 0, 0, 0, 0, 0, 0, 1, 0, 0 ] ], 
          [ [ 1, 0, 0, 0, 1, -1, 0, 0, 0, 0, 1, 0, -1, 0, 0, 0, 0, -1, 0, 0 ], 
              [ 1, 0, 0, 0, -1, 1, 0, 0, 0, 0, -1, 0, 1, 0, 0, 0, 0, 1, 0, 0 ] ], 
          [ [ 1, 0, 0, -1, 0, 2, 0, 0, 0, 0, -1, -1, 2, 0, 0, 0, 0, 1, 0, -1 ], 
              [ 1, 0, 0, 1, 0, -2, 0, 0, 0, 0, 1, 1, -2, 0, 0, 0, 0, -1, 0, 1 ] ], 
          [ [ 1, -3, 1, 1, 0, 2, 0, 0, 0, 1, 1, 0, 0, 0, -1, 0, 1, -1, -1, 0 ], 
              [ 1, 3, -1, -1, 0, -2, 0, 0, 0, -1, -1, 0, 0, 0, 1, 0, -1, 1, 1, 0 ] ], 
          [ [ 1, -2, 1, 0, 1, 1, 0, 0, -1, 0, 0, 0, 0, 0, 0, 1, 0, 0, 0, 0 ], 
              [ 1, 2, -1, 0, -1, -1, 0, 0, 1, 0, 0, 0, 0, 0, 0, -1, 0, 0, 0, 0 ] ], 
          [ [ 1, 0, 1, 0, 1, 0, 1, 2, -4, -2, -1, 0, 0, -1, 1, 0, 1, -1, 0, 0 ], 
              [ 1, 0, -1, 0, -1, 0, -1, -2, 4, 2, 1, 0, 0, 1, -1, 0, -1, 1, 0, 0 ] ], 
          [ [ 1, 6, -1, -2, -1, -2, -1, -2, 0, -2, 0, -1, 0, -1, 0, 2, 0, 3, 2, 1 ], 
              [ 1, -6, 1, 2, 1, 2, 1, 2, 0, 2, 0, 1, 0, 1, 0, -2, 0, -3, -2, -1 ] ], 
          [ [ 1, 2, 0, -1, 0, 0, 0, 0, -1, -1, 0, 0, 0, -1, 0, 1, 0, 0, 0, 0 ], 
              [ 1, -2, 0, 1, 0, 0, 0, 0, 1, 1, 0, 0, 0, 1, 0, -1, 0, 0, 0, 0 ] ], 
          [ [ 1, 3, -1, -2, -1, 1, 0, 0, -1, 0, -1, -1, 2, 0, 0, 0, -1, 2, 1, 0 ], 
              [ 1, -3, 1, 2, 1, -1, 0, 0, 1, 0, 1, 1, -2, 0, 0, 0, 1, -2, -1, 0 ] ], 
          [ [ 1, 3, -1, -2, -1, 1, 0, 0, -1, 0, -1, -1, 2, 1, 0, 0, -1, 1, 1, 0 ], 
              [ 1, -3, 1, 2, 1, -1, 0, 0, 1, 0, 1, 1, -2, -1, 0, 0, 1, -1, -1, 0 ] ], 
          [ [ 1, -3, 0, 1, 1, 2, 0, 0, 0, 1, 0, 1, 0, 1, 0, -2, 0, -2, -1, -1 ], 
              [ 1, 3, 0, -1, -1, -2, 0, 0, 0, -1, 0, -1, 0, -1, 0, 2, 0, 2, 1, 1 ] ], 
          [ [ 1, -2, 0, 0, 0, 2, 0, -1, 1, 1, 0, 0, 1, 1, -1, 0, 0, 0, 0, 0 ], 
              [ 1, 2, 0, 0, 0, -2, 0, 1, -1, -1, 0, 0, -1, -1, 1, 0, 0, 0, 0, 0 ] ], 
          [ [ 1, -5, 1, 1, 1, 3, 1, 1, -1, 1, 0, 0, 1, 1, 0, -1, 0, -2, -1, -1 ], 
              [ 1, 5, -1, -1, -1, -3, -1, -1, 1, -1, 0, 0, -1, -1, 0, 1, 0, 2, 1, 1 ] ], 
          [ [ 1, 0, 0, 0, 0, 0, 0, -1, 0, 0, 1, 1, -1, 0, 0, 0, 0, -1, 0, 0 ], 
              [ 1, 0, 0, 0, 0, 0, 0, 1, 0, 0, -1, -1, 1, 0, 0, 0, 0, 1, 0, 0 ] ], 
          [ [ 1, -3, 1, 1, 1, 1, 1, 1, -2, 0, 1, 1, -1, -1, 0, 0, 1, -2, -1, 0 ], 
              [ 1, 3, -1, -1, -1, -1, -1, -1, 2, 0, -1, -1, 1, 1, 0, 0, -1, 2, 1, 0 ] ], 
          [ [ 1, -5, 2, 1, 2, 2, 1, 0, -1, 1, 0, 0, 0, 1, 0, 0, 0, -2, -1, -1 ], 
              [ 1, 5, -2, -1, -2, -2, -1, 0, 1, -1, 0, 0, 0, -1, 0, 0, 0, 2, 1, 1 ] ], 
          [ [ 1, 1, 1, -1, 0, 0, 0, 0, -1, -1, -1, -1, 1, 0, 0, 1, 0, 1, 1, 0 ], 
              [ 1, -1, -1, 1, 0, 0, 0, 0, 1, 1, 1, 1, -1, 0, 0, -1, 0, -1, -1, 0 ] ], 
          [ [ 1, 0, 1, 0, 1, 0, 1, 0, -2, -1, -1, 0, 0, 0, 0, 0, 0, -1, 0, 0 ], 
              [ 1, 0, -1, 0, -1, 0, -1, 0, 2, 1, 1, 0, 0, 0, 0, 0, 0, 1, 0, 0 ] ], 
          [ [ 1, -1, 1, 0, 1, 1, 1, 0, -1, 0, 0, 0, 0, -1, 0, 0, 0, -1, -1, -1 ], 
              [ 1, 1, -1, 0, -1, -1, -1, 0, 1, 0, 0, 0, 0, 1, 0, 0, 0, 1, 1, 1 ] ], 
          [ [ 1, 3, -1, -2, -1, 1, -1, -1, 1, 1, -1, -1, 2, 1, -1, 0, -1, 2, 1, 0 ], 
              [ 1, -3, 1, 2, 1, -1, 1, 1, -1, -1, 1, 1, -2, -1, 1, 0, 1, -2, -1, 0 ] ], 
          [ [ 1, 0, 0, -1, 0, 2, 0, 1, -1, 1, -1, -1, 2, 1, 0, -1, -1, 0, 0, -1 ], 
              [ 1, 0, 0, 1, 0, -2, 0, -1, 1, -1, 1, 1, -2, -1, 0, 1, 1, 0, 0, 1 ] ], 
          [ [ 1, 1, 0, -2, -1, 2, 0, 0, 0, 1, -1, -2, 3, 1, -1, 1, -1, 2, 1, 0 ], 
              [ 1, -1, 0, 2, 1, -2, 0, 0, 0, -1, 1, 2, -3, -1, 1, -1, 1, -2, -1, 0 ] ], 
          [ [ 1, 0, 1, 0, 1, 0, 1, 0, -2, -1, 0, -1, 0, -1, 0, 1, 1, 0, 0, 0 ], 
              [ 1, 0, -1, 0, -1, 0, -1, 0, 2, 1, 0, 1, 0, 1, 0, -1, -1, 0, 0, 0 ] ], 
          [ [ 1, -8, 3, 3, 3, 2, 2, 1, -2, 0, 0, 1, -1, 0, 0, -1, 2, -4, -2, -1 ], 
              [ 1, 8, -3, -3, -3, -2, -2, -1, 2, 0, 0, -1, 1, 0, 0, 1, -2, 4, 2, 1 ] ], 
          [ [ 1, -5, 1, 1, 1, 3, 0, 0, 1, 2, 0, 0, 1, 1, -1, -1, 0, -1, -1, -1 ], 
              [ 1, 5, -1, -1, -1, -3, 0, 0, -1, -2, 0, 0, -1, -1, 1, 1, 0, 1, 1, 1 ] ], 
          [ [ 1, -6, 2, 2, 2, 2, 1, -1, 1, 1, 1, 1, -1, 0, -1, 0, 1, -3, -2, -1 ], 
              [ 1, 6, -2, -2, -2, -2, -1, 1, -1, -1, -1, -1, 1, 0, 1, 0, -1, 3, 2, 1 ] ], 
          [ [ 1, -5, 1, 1, 1, 3, 0, 0, 1, 2, 0, 0, 1, 2, -1, -1, 0, -2, -1, -1 ], 
              [ 1, 5, -1, -1, -1, -3, 0, 0, -1, -2, 0, 0, -1, -2, 1, 1, 0, 2, 1, 1 ] ], 
          [ [ 1, -5, 2, 2, 2, 1, 1, -1, 0, 0, 1, 0, -1, 0, -1, 1, 1, -2, -1, 0 ], 
              [ 1, 5, -2, -2, -2, -1, -1, 1, 0, 0, -1, 0, 1, 0, 1, -1, -1, 2, 1, 0 ] ], 
          [ [ 1, -1, 0, 0, 0, 2, 0, 0, 1, 1, 0, 0, 1, 0, -1, -1, 0, -1, -1, -1 ], 
              [ 1, 1, 0, 0, 0, -2, 0, 0, -1, -1, 0, 0, -1, 0, 1, 1, 0, 1, 1, 1 ] ], 
          [ [ 1, 0, 0, -1, 1, 1, 0, 0, 0, 0, -1, 0, 1, 0, 0, 0, -1, 0, 0, -1 ], 
              [ 1, 0, 0, 1, -1, -1, 0, 0, 0, 0, 1, 0, -1, 0, 0, 0, 1, 0, 0, 1 ] ], 
          [ [ 1, 1, -1, -2, 0, 2, 0, 0, 0, 1, -2, -1, 3, 2, 0, -1, -2, 1, 1, -1 ], 
              [ 1, -1, 1, 2, 0, -2, 0, 0, 0, -1, 2, 1, -3, -2, 0, 1, 2, -1, -1, 1 ] ], 
          [ [ 1, 1, 0, -1, 1, 0, 0, 0, -1, -1, -1, -1, 1, 0, 0, 1, 0, 1, 1, 0 ], 
              [ 1, -1, 0, 1, -1, 0, 0, 0, 1, 1, 1, 1, -1, 0, 0, -1, 0, -1, -1, 0 ] ], 
          [ [ 1, -3, 2, 1, 0, 1, 0, 0, 0, 1, 1, 1, -1, 0, -1, 0, 1, -2, -1, 0 ], 
              [ 1, 3, -2, -1, 0, -1, 0, 0, 0, -1, -1, -1, 1, 0, 1, 0, -1, 2, 1, 0 ] ], 
          [ [ 1, 1, 0, -1, 0, 0, -1, -1, 0, 1, 0, 0, 0, 1, 0, 0, -1, 1, 1, 0 ], 
              [ 1, -1, 0, 1, 0, 0, 1, 1, 0, -1, 0, 0, 0, -1, 0, 0, 1, -1, -1, 0 ] ], 
          [ [ 1, -3, 1, 0, 1, 2, 0, 1, -1, 2, 0, 1, 0, 1, 0, -1, -1, -2, -1, -1 ], 
              [ 1, 3, -1, 0, -1, -2, 0, -1, 1, -2, 0, -1, 0, -1, 0, 1, 1, 2, 1, 1 ] ], 
          [ [ 1, 3, 0, -2, -1, 0, 0, 0, -1, 0, -1, 0, 1, 0, 0, 0, -1, 1, 1, 0 ], 
              [ 1, -3, 0, 2, 1, 0, 0, 0, 1, 0, 1, 0, -1, 0, 0, 0, 1, -1, -1, 0 ] ], 
          [ [ 1, -3, 2, 1, 2, 0, 1, 0, -2, 0, 1, 1, -2, -1, 0, 1, 1, -2, -1, 0 ], 
              [ 1, 3, -2, -1, -2, 0, -1, 0, 2, 0, -1, -1, 2, 1, 0, -1, -1, 2, 1, 0 ] ], 
          [ [ 1, -2, 1, 0, 1, 1, 0, 1, -2, 1, 0, 0, 0, 1, 0, 0, 0, -1, 0, 0 ], 
              [ 1, 2, -1, 0, -1, -1, 0, -1, 2, -1, 0, 0, 0, -1, 0, 0, 0, 1, 0, 0 ] ], 
          [ [ 1, 3, 1, -1, 0, -2, 0, 0, -2, -2, 0, 0, -1, -2, 0, 2, 1, 1, 1, 1 ], 
              [ 1, -3, -1, 1, 0, 2, 0, 0, 2, 2, 0, 0, 1, 2, 0, -2, -1, -1, -1, -1 ] ], 
          [ [ 1, 4, 0, -2, -1, -1, 0, 0, -2, -1, -1, -1, 1, 0, 0, 1, 0, 2, 2, 1 ], 
              [ 1, -4, 0, 2, 1, 1, 0, 0, 2, 1, 1, 1, -1, 0, 0, -1, 0, -2, -2, -1 ] ], 
          [ [ 1, 0, 1, -1, 0, 1, 1, 2, -3, 0, -1, 0, 1, 0, 0, 0, 0, -1, 0, 0 ], 
              [ 1, 0, -1, 1, 0, -1, -1, -2, 3, 0, 1, 0, -1, 0, 0, 0, 0, 1, 0, 0 ] ], 
          [ [ 1, 5, -1, -2, -1, -1, -1, -1, 0, 0, 0, 0, 0, 0, 0, 0, -1, 1, 1, 0 ], 
              [ 1, -5, 1, 2, 1, 1, 1, 1, 0, 0, 0, 0, 0, 0, 0, 0, 1, -1, -1, 0 ] ], 
          [ [ 1, 3, 0, -2, -1, 0, 0, 0, -1, 0, 0, -1, 1, -1, 0, 1, 0, 2, 1, 0 ], 
              [ 1, -3, 0, 2, 1, 0, 0, 0, 1, 0, 0, 1, -1, 1, 0, -1, 0, -2, -1, 0 ] ], 
          [ [ 1, 6, -1, -3, -2, -1, -1, -2, 1, 0, 0, -1, 1, 0, -1, 2, -1, 3, 2, 1 ], 
              [ 1, -6, 1, 3, 2, 1, 1, 2, -1, 0, 0, 1, -1, 0, 1, -2, 1, -3, -2, -1 ] ], 
          [ [ 1, 3, 0, -2, -1, 0, 0, 0, -1, 0, 0, -1, 1, 0, 0, 1, -1, 1, 1, 0 ], 
              [ 1, -3, 0, 2, 1, 0, 0, 0, 1, 0, 0, 1, -1, 0, 0, -1, 1, -1, -1, 0 ] ], 
          [ [ 1, 2, 0, -1, 0, 0, 0, 1, -2, 0, 0, 0, 0, -1, 0, 0, 0, 0, 0, 0 ], 
              [ 1, -2, 0, 1, 0, 0, 0, -1, 2, 0, 0, 0, 0, 1, 0, 0, 0, 0, 0, 0 ] ], 
          [ [ 1, -6, 2, 2, 2, 2, 1, 2, -2, 1, 0, 2, -1, 0, 0, -2, 1, -4, -2, -1 ], 
              [ 1, 6, -2, -2, -2, -2, -1, -2, 2, -1, 0, -2, 1, 0, 0, 2, -1, 4, 2, 1 ] ], 
          [ [ 1, -6, 3, 3, 3, 0, 2, 1, -3, -1, 1, 2, -3, -1, 0, 0, 2, -5, -2, 0 ], 
              [ 1, 6, -3, -3, -3, 0, -2, -1, 3, 1, -1, -2, 3, 1, 0, 0, -2, 5, 2, 0 ] ], 
          [ [ 1, 0, 0, 0, 0, 0, -1, -2, 2, 1, 1, 1, -1, 0, -1, 0, 0, 0, 0, 0 ], 
              [ 1, 0, 0, 0, 0, 0, 1, 2, -2, -1, -1, -1, 1, 0, 1, 0, 0, 0, 0, 0 ] ], 
          [ [ 1, -3, 1, 1, 1, 1, 0, 0, 0, 1, 1, 1, -1, 0, 0, -1, 0, -2, -1, -1 ], 
              [ 1, 3, -1, -1, -1, -1, 0, 0, 0, -1, -1, -1, 1, 0, 0, 1, 0, 2, 1, 1 ] ], 
          [ [ 1, -3, 1, 1, 1, 1, 0, 0, 0, 1, 1, 1, -1, 0, 0, -1, 1, -2, -1, -1 ], 
              [ 1, 3, -1, -1, -1, -1, 0, 0, 0, -1, -1, -1, 1, 0, 0, 1, -1, 2, 1, 1 ] ], 
          [ [ 1, -2, 1, 0, 0, 1, 0, -1, 1, 1, 1, 0, 0, 0, -1, 1, 0, 0, 0, 0 ], 
              [ 1, 2, -1, 0, 0, -1, 0, 1, -1, -1, -1, 0, 0, 0, 1, -1, 0, 0, 0, 0 ] ], 
          [ [ 1, -3, 0, 0, 0, 3, 0, 0, 1, 3, 0, 1, 1, 2, -1, -2, -1, -2, -1, -1 ], 
              [ 1, 3, 0, 0, 0, -3, 0, 0, -1, -3, 0, -1, -1, -2, 1, 2, 1, 2, 1, 1 ] ], 
          [ [ 1, -3, 2, 2, 2, -1, 1, -1, -1, -1, 2, 1, -3, -2, 0, 1, 2, -2, -1, 0 ], 
              [ 1, 3, -2, -2, -2, 1, -1, 1, 1, 1, -2, -1, 3, 2, 0, -1, -2, 2, 1, 0 ] ], 
          [ [ 1, -3, 1, 1, 1, 1, 0, 0, 0, 1, 1, 1, -1, 0, -1, 0, 0, -2, -1, 0 ], 
              [ 1, 3, -1, -1, -1, -1, 0, 0, 0, -1, -1, -1, 1, 0, 1, 0, 0, 2, 1, 0 ] ], 
          [ [ 1, -3, 1, 1, 1, 1, 0, 0, 0, 1, 1, 1, -1, 0, -1, 0, 1, -2, -1, 0 ], 
              [ 1, 3, -1, -1, -1, -1, 0, 0, 0, -1, -1, -1, 1, 0, 1, 0, -1, 2, 1, 0 ] ], 
          [ [ 1, -2, 1, 1, 1, 0, 0, 0, -1, 0, 1, 0, -1, 0, 0, 0, 1, -1, 0, 0 ], 
              [ 1, 2, -1, -1, -1, 0, 0, 0, 1, 0, -1, 0, 1, 0, 0, 0, -1, 1, 0, 0 ] ], 
          [ [ 1, -6, 2, 2, 2, 2, 1, 2, -2, 1, 1, 1, -1, 0, 0, -1, 1, -4, -2, -1 ], 
              [ 1, 6, -2, -2, -2, -2, -1, -2, 2, -1, -1, -1, 1, 0, 0, 1, -1, 4, 2, 1 ] ], 
          [ [ 1, -3, 1, 1, 1, 1, 1, -1, 0, 1, 1, 1, -1, 0, -1, 0, 0, -2, -1, 0 ], 
              [ 1, 3, -1, -1, -1, -1, -1, 1, 0, -1, -1, -1, 1, 0, 1, 0, 0, 2, 1, 0 ] ], 
          [ [ 1, -6, 2, 2, 2, 2, 2, 1, -2, 1, 1, 1, -1, 0, 0, -1, 1, -4, -2, -1 ], 
              [ 1, 6, -2, -2, -2, -2, -2, -1, 2, -1, -1, -1, 1, 0, 0, 1, -1, 4, 2, 1 ] ], 
          [ [ 1, -2, 0, 0, 0, 2, 0, 0, 0, 2, 0, 0, 1, 2, -1, -1, -1, -1, 0, 0 ], 
              [ 1, 2, 0, 0, 0, -2, 0, 0, 0, -2, 0, 0, -1, -2, 1, 1, 1, 1, 0, 0 ] ], 
          [ [ 1, 0, 1, 0, 0, 0, 1, 1, -2, -1, 0, 0, 0, -1, 0, 0, 1, -1, 0, 0 ], 
              [ 1, 0, -1, 0, 0, 0, -1, -1, 2, 1, 0, 0, 0, 1, 0, 0, -1, 1, 0, 0 ] ], 
          [ [ 1, 0, 0, 0, 0, 0, -1, -2, 2, 1, 2, 0, -1, 0, -1, 1, 0, 0, 0, 0 ], 
              [ 1, 0, 0, 0, 0, 0, 1, 2, -2, -1, -2, 0, 1, 0, 1, -1, 0, 0, 0, 0 ] ], 
          [ [ 1, -3, 0, 0, 0, 3, 0, 0, 1, 3, 1, 0, 1, 1, -1, -1, -1, -1, -1, -1 ], 
              [ 1, 3, 0, 0, 0, -3, 0, 0, -1, -3, -1, 0, -1, -1, 1, 1, 1, 1, 1, 1 ] ], 
          [ [ 1, 3, 0, -1, 1, -2, 0, 0, -2, -2, 0, 0, -1, -1, 1, 1, 0, 0, 1, 0 ], 
              [ 1, -3, 0, 1, -1, 2, 0, 0, 2, 2, 0, 0, 1, 1, -1, -1, 0, 0, -1, 0 ] ], 
          [ [ 1, 3, -1, -2, 0, 0, 0, 0, -1, 0, -1, 0, 1, 0, 0, 0, -1, 1, 1, 0 ], 
              [ 1, -3, 1, 2, 0, 0, 0, 0, 1, 0, 1, 0, -1, 0, 0, 0, 1, -1, -1, 0 ] ], 
          [ [ 1, 0, 0, -1, 1, 1, 1, 2, -3, 0, -1, 0, 1, 0, 1, -1, -1, -1, 0, -1 ], 
              [ 1, 0, 0, 1, -1, -1, -1, -2, 3, 0, 1, 0, -1, 0, -1, 1, 1, 1, 0, 1 ] ], 
          [ [ 1, 3, -1, -2, 0, 0, 0, 0, -1, 0, -1, 0, 1, 1, 0, 0, -2, 0, 1, 0 ], 
              [ 1, -3, 1, 2, 0, 0, 0, 0, 1, 0, 1, 0, -1, -1, 0, 0, 2, 0, -1, 0 ] ], 
          [ [ 1, 6, -2, -3, -1, -1, -1, -2, 1, 0, 0, -1, 1, 0, 0, 1, -2, 3, 2, 0 ], 
              [ 1, -6, 2, 3, 1, 1, 1, 2, -1, 0, 0, 1, -1, 0, 0, -1, 2, -3, -2, 0 ] ], 
          [ [ 1, 3, -1, -2, 0, 0, 0, 0, -1, 0, 0, -1, 1, 0, 0, 1, -1, 1, 1, 0 ], 
              [ 1, -3, 1, 2, 0, 0, 0, 0, 1, 0, 0, 1, -1, 0, 0, -1, 1, -1, -1, 0 ] ], 
          [ [ 1, -5, 1, 1, 2, 2, 1, 1, -1, 1, 0, 1, 0, 1, 0, -1, 0, -3, -1, -1 ], 
              [ 1, 5, -1, -1, -2, -2, -1, -1, 1, -1, 0, -1, 0, -1, 0, 1, 0, 3, 1, 1 ] ], 
          [ [ 1, -3, 0, 1, 2, 1, 0, 0, 0, 1, 1, 1, -1, 0, 0, -1, 0, -2, -1, -1 ], 
              [ 1, 3, 0, -1, -2, -1, 0, 0, 0, -1, -1, -1, 1, 0, 0, 1, 0, 2, 1, 1 ] ], 
          [ [ 1, -5, 2, 2, 2, 0, 0, 0, -1, 1, 2, 2, -3, 0, 0, 0, 1, -3, -1, 0 ], 
              [ 1, 5, -2, -2, -2, 0, 0, 0, 1, -1, -2, -2, 3, 0, 0, 0, -1, 3, 1, 0 ] ], 
          [ [ 1, 0, 0, 0, 0, 0, 0, 0, -1, 1, 1, 1, -1, 0, 0, -1, 0, -1, 0, 0 ], 
              [ 1, 0, 0, 0, 0, 0, 0, 0, 1, -1, -1, -1, 1, 0, 0, 1, 0, 1, 0, 0 ] ], 
          [ [ 1, 0, 2, 0, 1, -1, 1, 0, -2, -1, 0, 0, -1, -1, 0, 1, 1, -1, 0, 0 ], 
              [ 1, 0, -2, 0, -1, 1, -1, 0, 2, 1, 0, 0, 1, 1, 0, -1, -1, 1, 0, 0 ] ], 
          [ [ 1, 3, 0, -2, -1, 0, -1, -1, 1, 1, 0, -1, 1, 0, -1, 1, -1, 2, 1, 0 ], 
              [ 1, -3, 0, 2, 1, 0, 1, 1, -1, -1, 0, 1, -1, 0, 1, -1, 1, -2, -1, 0 ] ], 
          [ [ 1, -6, 2, 2, 2, 2, 1, 0, 0, 2, 1, 1, -1, 0, -1, -1, 1, -3, -2, -1 ], 
              [ 1, 6, -2, -2, -2, -2, -1, 0, 0, -2, -1, -1, 1, 0, 1, 1, -1, 3, 2, 1 ] ], 
          [ [ 1, -6, 2, 2, 2, 2, 1, 0, 0, 2, 1, 1, -1, 1, -1, -1, 0, -4, -2, -1 ], 
              [ 1, 6, -2, -2, -2, -2, -1, 0, 0, -2, -1, -1, 1, -1, 1, 1, 0, 4, 2, 1 ] ], 
          [ [ 1, 0, 0, -1, 1, 1, 0, 1, -1, 1, -1, 0, 1, 1, 0, -1, -1, -1, 0, -1 ], 
              [ 1, 0, 0, 1, -1, -1, 0, -1, 1, -1, 1, 0, -1, -1, 0, 1, 1, 1, 0, 1 ] ], 
          [ [ 1, 0, 1, 0, 2, -1, 1, 0, -2, -1, 0, 0, -1, -1, 0, 1, 0, -1, 0, 0 ], 
              [ 1, 0, -1, 0, -2, 1, -1, 0, 2, 1, 0, 0, 1, 1, 0, -1, 0, 1, 0, 0 ] ], 
          [ [ 1, -2, 1, 0, 0, 1, 0, 0, 0, 2, 1, 0, 0, 1, -1, 0, 0, -1, 0, 0 ], 
              [ 1, 2, -1, 0, 0, -1, 0, 0, 0, -2, -1, 0, 0, -1, 1, 0, 0, 1, 0, 0 ] ], 
          [ [ 1, 3, -1, -2, -2, 0, -1, 0, 2, 0, -1, -1, 2, 1, 0, -1, -1, 2, 1, 1 ], 
              [ 1, -3, 1, 2, 2, 0, 1, 0, -2, 0, 1, 1, -2, -1, 0, 1, 1, -2, -1, -1 ] ], 
          [ [ 1, 3, 0, -1, -1, -2, -1, 0, 1, -2, 0, -1, 0, -1, 0, 1, 1, 2, 1, 2 ], 
              [ 1, -3, 0, 1, 1, 2, 1, 0, -1, 2, 0, 1, 0, 1, 0, -1, -1, -2, -1, -2 ] ], 
          [ [ 1, -1, 1, 1, 0, 0, 0, 0, 0, -1, 1, 0, -1, -1, 0, 0, 1, -1, -1, 1 ], 
              [ 1, 1, -1, -1, 0, 0, 0, 0, 0, 1, -1, 0, 1, 1, 0, 0, -1, 1, 1, -1 ] ], 
          [ [ 1, 5, -1, -2, -1, -1, -1, 1, -1, -2, -1, -1, 1, -1, 1, 0, 0, 2, 1, 1 ], 
              [ 1, -5, 1, 2, 1, 1, 1, -1, 1, 2, 1, 1, -1, 1, -1, 0, 0, -2, -1, -1 ] ], 
          [ [ 1, 0, 0, 0, 0, 0, -1, 0, 1, -1, 0, 0, 0, 0, 0, 0, 0, 0, 0, 1 ], 
              [ 1, 0, 0, 0, 0, 0, 1, 0, -1, 1, 0, 0, 0, 0, 0, 0, 0, 0, 0, -1 ] ], 
          [ [ 1, 0, 0, 0, 0, 0, 0, -1, 1, -1, 0, 0, 0, 0, 0, 0, 0, 0, 0, 1 ], 
              [ 1, 0, 0, 0, 0, 0, 0, 1, -1, 1, 0, 0, 0, 0, 0, 0, 0, 0, 0, -1 ] ], 
          [ [ 1, 1, -1, -1, -1, 1, -1, 0, 1, 0, -1, -1, 2, 2, 0, -1, -1, 1, 1, 1 ], 
              [ 1, -1, 1, 1, 1, -1, 1, 0, -1, 0, 1, 1, -2, -2, 0, 1, 1, -1, -1, -1 ] ], 
          [ [ 1, 0, -1, -1, -1, 2, -1, 0, 2, 1, 0, -1, 2, 1, 0, -1, -1, 1, 0, 0 ], 
              [ 1, 0, 1, 1, 1, -2, 1, 0, -2, -1, 0, 1, -2, -1, 0, 1, 1, -1, 0, 0 ] ], 
          [ [ 1, 5, -2, -2, -2, 0, -1, 0, 1, -1, -1, -1, 2, 0, 0, -1, -1, 2, 1, 1 ], 
              [ 1, -5, 2, 2, 2, 0, 1, 0, -1, 1, 1, 1, -2, 0, 0, 1, 1, -2, -1, -1 ] ], 
          [ [ 1, 3, 0, -1, -2, -1, -1, 0, 0, -1, 0, 0, 0, 0, 0, 0, 0, 1, 1, 2 ], 
              [ 1, -3, 0, 1, 2, 1, 1, 0, 0, 1, 0, 0, 0, 0, 0, 0, 0, -1, -1, -2 ] ], 
          [ [ 1, 3, 0, -1, -2, -1, -1, 0, 0, -1, 1, -1, 0, -1, 0, 1, 1, 2, 1, 2 ], 
              [ 1, -3, 0, 1, 2, 1, 1, 0, 0, 1, -1, 1, 0, 1, 0, -1, -1, -2, -1, -2 ] ], 
          [ [ 1, 3, -1, -1, -1, -1, -1, 0, 0, -1, 0, 0, 0, 0, 1, -1, 0, 1, 1, 1 ], 
              [ 1, -3, 1, 1, 1, 1, 1, 0, 0, 1, 0, 0, 0, 0, -1, 1, 0, -1, -1, -1 ] ], 
          [ [ 1, 3, -1, -1, -1, -1, -1, 0, 0, -1, 0, 0, 0, 0, 0, 0, 0, 1, 1, 2 ], 
              [ 1, -3, 1, 1, 1, 1, 1, 0, 0, 1, 0, 0, 0, 0, 0, 0, 0, -1, -1, -2 ] ], 
          [ [ 1, 0, 0, 0, 0, 0, 0, 2, -2, -1, 0, 0, 0, 0, 1, -1, 0, -1, 0, 1 ], 
              [ 1, 0, 0, 0, 0, 0, 0, -2, 2, 1, 0, 0, 0, 0, -1, 1, 0, 1, 0, -1 ] ], 
          [ [ 1, 6, -2, -2, -2, -2, -2, -2, 2, -1, 1, -1, 0, 0, 0, 1, -1, 3, 2, 2 ], 
              [ 1, -6, 2, 2, 2, 2, 2, 2, -2, 1, -1, 1, 0, 0, 0, -1, 1, -3, -2, -2 ] ], 
          [ [ 1, -3, 2, 1, 0, 1, 0, 0, 1, 0, 0, 0, 0, 0, -1, 0, 1, -1, -1, 1 ], 
              [ 1, 3, -2, -1, 0, -1, 0, 0, -1, 0, 0, 0, 0, 0, 1, 0, -1, 1, 1, -1 ] ], 
          [ [ 1, 6, -1, -3, -2, -1, -2, -1, 2, -1, -1, -2, 2, 0, 0, 1, -1, 4, 2, 1 ], 
              [ 1, -6, 1, 3, 2, 1, 2, 1, -2, 1, 1, 2, -2, 0, 0, -1, 1, -4, -2, -1 ] ], 
          [ [ 1, 5, -1, -2, -1, -1, -1, -1, 1, -1, -1, -1, 1, 0, 0, 0, -1, 2, 1, 1 ], 
              [ 1, -5, 1, 2, 1, 1, 1, 1, -1, 1, 1, 1, -1, 0, 0, 0, 1, -2, -1, -1 ] ], 
          [ [ 1, 3, 0, -2, -1, 0, 0, 0, 0, -1, -1, -2, 2, 0, 0, 1, -1, 2, 1, 1 ], 
              [ 1, -3, 0, 2, 1, 0, 0, 0, 0, 1, 1, 2, -2, 0, 0, -1, 1, -2, -1, -1 ] ], 
          [ [ 1, -3, 1, 1, 1, 1, 0, 0, 1, 0, 0, 0, 0, 0, 0, -1, 0, -1, -1, 0 ], 
              [ 1, 3, -1, -1, -1, -1, 0, 0, -1, 0, 0, 0, 0, 0, 0, 1, 0, 1, 1, 0 ] ], 
          [ [ 1, -3, 1, 1, 1, 1, 0, 0, 1, 0, 0, 0, 0, 0, 0, -1, 1, -1, -1, 0 ], 
              [ 1, 3, -1, -1, -1, -1, 0, 0, -1, 0, 0, 0, 0, 0, 0, 1, -1, 1, 1, 0 ] ], 
          [ [ 1, -3, 1, 1, 1, 1, 0, 0, 1, 0, 0, 0, 0, 1, 0, -1, 0, -2, -1, 0 ], 
              [ 1, 3, -1, -1, -1, -1, 0, 0, -1, 0, 0, 0, 0, -1, 0, 1, 0, 2, 1, 0 ] ], 
          [ [ 1, -2, 1, 1, 1, 0, 0, 0, 0, -1, 0, -1, 0, 0, 0, 0, 1, 0, 0, 1 ], 
              [ 1, 2, -1, -1, -1, 0, 0, 0, 0, 1, 0, 1, 0, 0, 0, 0, -1, 0, 0, -1 ] ], 
          [ [ 1, -6, 2, 2, 2, 2, 1, 2, -1, 0, 0, 0, 0, 0, 0, -1, 1, -3, -2, 0 ], 
              [ 1, 6, -2, -2, -2, -2, -1, -2, 1, 0, 0, 0, 0, 0, 0, 1, -1, 3, 2, 0 ] ], 
          [ [ 1, 0, 1, 0, 0, 0, 1, 1, -1, -2, -1, -1, 1, -1, 0, 0, 1, 0, 0, 1 ], 
              [ 1, 0, -1, 0, 0, 0, -1, -1, 1, 2, 1, 1, -1, 1, 0, 0, -1, 0, 0, -1 ] ], 
          [ [ 1, 0, 0, 0, 0, 0, -1, -2, 3, 0, 1, -1, 0, 0, -1, 1, 0, 1, 0, 1 ], 
              [ 1, 0, 0, 0, 0, 0, 1, 2, -3, 0, -1, 1, 0, 0, 1, -1, 0, -1, 0, -1 ] ], 
          [ [ 1, 3, -1, -2, -2, 1, -1, 0, 2, 0, -1, -2, 3, 1, -1, 0, -1, 2, 1, 1 ], 
              [ 1, -3, 1, 2, 2, -1, 1, 0, -2, 0, 1, 2, -3, -1, 1, 0, 1, -2, -1, -1 ] ], 
          [ [ 1, 2, 0, 0, 0, -1, 0, 0, 0, -2, 0, -1, 0, -1, 0, 0, 1, 0, 0, 1 ], 
              [ 1, -2, 0, 0, 0, 1, 0, 0, 0, 2, 0, 1, 0, 1, 0, 0, -1, 0, 0, -1 ] ], 
          [ [ 1, 3, 0, -1, 1, -2, 0, 0, -1, -3, -1, -1, 0, -1, 1, 1, 0, 1, 1, 1 ], 
              [ 1, -3, 0, 1, -1, 2, 0, 0, 1, 3, 1, 1, 0, 1, -1, -1, 0, -1, -1, -1 ] ], 
          [ [ 1, 0, 1, 0, -1, 0, -1, 1, 0, 0, 0, 0, 0, 0, 0, -1, 1, 0, 0, 1 ], 
              [ 1, 0, -1, 0, 1, 0, 1, -1, 0, 0, 0, 0, 0, 0, 0, 1, -1, 0, 0, -1 ] ], 
          [ [ 1, 0, 2, 1, 0, -2, 0, 0, -1, -2, 1, 0, -2, -2, 0, 1, 2, 0, 0, 2 ], 
              [ 1, 0, -2, -1, 0, 2, 0, 0, 1, 2, -1, 0, 2, 2, 0, -1, -2, 0, 0, -2 ] ], 
          [ [ 1, 0, 2, 1, 0, -2, 0, 0, -1, -2, 1, 0, -2, -1, 0, 1, 2, -1, 0, 2 ], 
              [ 1, 0, -2, -1, 0, 2, 0, 0, 1, 2, -1, 0, 2, 1, 0, -1, -2, 1, 0, -2 ] ], 
          [ [ 1, -3, 2, 1, 0, 1, 1, 2, -2, 0, 0, 0, 0, 0, 0, -1, 1, -2, -1, 1 ], 
              [ 1, 3, -2, -1, 0, -1, -1, -2, 2, 0, 0, 0, 0, 0, 0, 1, -1, 2, 1, -1 ] ], 
          [ [ 1, 3, 0, -1, -2, -1, -2, -1, 2, 0, 1, -1, 0, 0, -1, 1, 0, 2, 1, 2 ], 
              [ 1, -3, 0, 1, 2, 1, 2, 1, -2, 0, -1, 1, 0, 0, 1, -1, 0, -2, -1, -2 ] ], 
          [ [ 1, 3, 0, -1, -2, -1, -1, -2, 2, 0, 1, -1, 0, 0, -1, 1, 0, 2, 1, 2 ], 
              [ 1, -3, 0, 1, 2, 1, 1, 2, -2, 0, -1, 1, 0, 0, 1, -1, 0, -2, -1, -2 ] ], 
          [ [ 1, -6, 2, 3, 1, 1, 0, 0, 1, 1, 2, 1, -2, 0, -1, -1, 2, -3, -2, 1 ], 
              [ 1, 6, -2, -3, -1, -1, 0, 0, -1, -1, -2, -1, 2, 0, 1, 1, -2, 3, 2, -1 ] ], 
          [ [ 1, 0, 1, 0, 1, -1, 0, 1, -2, -1, 0, 0, -1, 0, 1, 0, 0, -1, 0, 1 ], 
              [ 1, 0, -1, 0, -1, 1, 0, -1, 2, 1, 0, 0, 1, 0, -1, 0, 0, 1, 0, -1 ] ], 
          [ [ 1, 6, 0, -2, -1, -3, -1, 1, -2, -3, -1, -1, 0, -1, 1, 1, 0, 2, 2, 2 ], 
              [ 1, -6, 0, 2, 1, 3, 1, -1, 2, 3, 1, 1, 0, 1, -1, -1, 0, -2, -2, -2 ] ], 
          [ [ 1, 6, 0, -2, -1, -3, 0, 0, -2, -3, -1, -1, 0, -1, 1, 1, 0, 2, 2, 2 ], 
              [ 1, -6, 0, 2, 1, 3, 0, 0, 2, 3, 1, 1, 0, 1, -1, -1, 0, -2, -2, -2 ] ], 
          [ [ 1, 9, -2, -4, -3, -2, -2, -1, 1, -1, -1, -2, 2, 0, 0, 1, -2, 5, 3, 2 ], 
              [ 1, -9, 2, 4, 3, 2, 2, 1, -1, 1, 1, 2, -2, 0, 0, -1, 2, -5, -3, -2 ] ], 
          [ [ 1, 9, -2, -4, -3, -2, -2, -1, 1, -1, -1, -2, 2, 0, 0, 1, -1, 5, 3, 2 ], 
              [ 1, -9, 2, 4, 3, 2, 2, 1, -1, 1, 1, 2, -2, 0, 0, -1, 1, -5, -3, -2 ] ], 
          [ [ 1, 6, -1, -3, -2, -1, -1, 1, -1, -1, -1, -2, 2, 0, 1, 0, -1, 3, 2, 1 ], 
              [ 1, -6, 1, 3, 2, 1, 1, -1, 1, 1, 1, 2, -2, 0, -1, 0, 1, -3, -2, -1 ] ], 
          [ [ 1, 9, -2, -4, -3, -2, -2, -1, 1, -1, -1, -2, 2, 1, 0, 1, -2, 4, 3, 2 ], 
              [ 1, -9, 2, 4, 3, 2, 2, 1, -1, 1, 1, 2, -2, -1, 0, -1, 2, -4, -3, -2 ] ], 
          [ [ 1, 6, -1, -3, -2, -1, -1, 1, -1, -1, -1, -2, 2, 0, 0, 1, -1, 3, 2, 2 ], 
              [ 1, -6, 1, 3, 2, 1, 1, -1, 1, 1, 1, 2, -2, 0, 0, -1, 1, -3, -2, -2 ] ], 
          [ [ 1, -5, 2, 2, 2, 0, 0, 0, 0, 0, 1, 1, -2, 0, 0, 0, 1, -2, -1, 1 ], 
              [ 1, 5, -2, -2, -2, 0, 0, 0, 0, 0, -1, -1, 2, 0, 0, 0, -1, 2, 1, -1 ] ], 
          [ [ 1, -2, 1, 0, 0, 1, 0, 2, -1, 0, -1, 0, 1, 1, 0, -1, 0, -1, 0, 1 ], 
              [ 1, 2, -1, 0, 0, -1, 0, -2, 1, 0, 1, 0, -1, -1, 0, 1, 0, 1, 0, -1 ] ], 
          [ [ 1, -3, 2, 2, 2, -1, 1, 2, -3, -2, 0, 1, -2, -1, 1, -1, 2, -3, -1, 1 ], 
              [ 1, 3, -2, -2, -2, 1, -1, -2, 3, 2, 0, -1, 2, 1, -1, 1, -2, 3, 1, -1 ] ], 
          [ [ 1, 3, -1, -1, -1, -1, -2, -1, 2, 0, 0, 0, 0, 1, 0, -1, -1, 1, 1, 1 ], 
              [ 1, -3, 1, 1, 1, 1, 2, 1, -2, 0, 0, 0, 0, -1, 0, 1, 1, -1, -1, -1 ] ], 
          [ [ 1, 1, 0, -1, -1, 0, -1, 0, 1, 0, 0, -1, 1, 0, 0, 0, 0, 2, 1, 1 ], 
              [ 1, -1, 0, 1, 1, 0, 1, 0, -1, 0, 0, 1, -1, 0, 0, 0, 0, -2, -1, -1 ] ], 
          [ [ 1, 4, -1, -2, -2, -1, -2, -2, 3, 0, 0, -1, 1, 1, -1, 1, -1, 3, 2, 2 ], 
              [ 1, -4, 1, 2, 2, 1, 2, 2, -3, 0, 0, 1, -1, -1, 1, -1, 1, -3, -2, -2 ] ], 
          [ [ 1, 1, 0, -1, -1, 0, -1, 0, 1, 0, 0, -1, 1, 1, 0, 0, -1, 1, 1, 1 ], 
              [ 1, -1, 0, 1, 1, 0, 1, 0, -1, 0, 0, 1, -1, -1, 0, 0, 1, -1, -1, -1 ] ], 
          [ [ 1, 1, 0, -1, -1, 0, -1, 0, 1, 0, 0, -1, 1, 1, 0, 0, 0, 1, 1, 1 ], 
              [ 1, -1, 0, 1, 1, 0, 1, 0, -1, 0, 0, 1, -1, -1, 0, 0, 0, -1, -1, -1 ] ], 
          [ [ 1, 3, 0, 0, 0, -3, -1, -2, 1, -2, 1, 0, -2, -1, 0, 1, 1, 1, 1, 2 ], 
              [ 1, -3, 0, 0, 0, 3, 1, 2, -1, 2, -1, 0, 2, 1, 0, -1, -1, -1, -1, -2 ] ], 
          [ [ 1, 0, 0, 0, 0, 0, -1, 1, 0, 0, 0, 0, 0, 0, 0, -1, 0, 0, 0, 1 ], 
              [ 1, 0, 0, 0, 0, 0, 1, -1, 0, 0, 0, 0, 0, 0, 0, 1, 0, 0, 0, -1 ] ], 
          [ [ 1, -1, 1, 1, 1, -1, 0, 0, 0, -1, 1, 1, -2, -1, 0, 0, 1, -2, -1, 1 ], 
              [ 1, 1, -1, -1, -1, 1, 0, 0, 0, 1, -1, -1, 2, 1, 0, 0, -1, 2, 1, -1 ] ], 
          [ [ 1, 0, 1, 1, 1, -2, 0, 0, -1, -2, 1, 0, -2, -1, 1, 0, 1, -1, 0, 1 ], 
              [ 1, 0, -1, -1, -1, 2, 0, 0, 1, 2, -1, 0, 2, 1, -1, 0, -1, 1, 0, -1 ] ], 
          [ [ 1, 0, 0, 0, 0, 0, -1, 1, 0, 0, 0, 0, 0, 1, 0, -1, 0, -1, 0, 1 ], 
              [ 1, 0, 0, 0, 0, 0, 1, -1, 0, 0, 0, 0, 0, -1, 0, 1, 0, 1, 0, -1 ] ], 
          [ [ 1, 1, 1, 0, 0, -2, 0, -1, 0, -2, 1, -1, -1, -1, 0, 2, 1, 1, 1, 2 ], 
              [ 1, -1, -1, 0, 0, 2, 0, 1, 0, 2, -1, 1, 1, 1, 0, -2, -1, -1, -1, -2 ] ], 
          [ [ 1, 0, 0, 0, 0, 0, 0, 0, 0, 0, 0, 0, 0, 0, 0, -1, 0, 0, 0, 1 ], 
              [ 1, 0, 0, 0, 0, 0, 0, 0, 0, 0, 0, 0, 0, 0, 0, 1, 0, 0, 0, -1 ] ], 
          [ [ 1, 0, 0, 0, 0, 0, 0, 0, 0, 0, 0, 0, 0, 1, 0, -1, -1, -1, 0, 1 ], 
              [ 1, 0, 0, 0, 0, 0, 0, 0, 0, 0, 0, 0, 0, -1, 0, 1, 1, 1, 0, -1 ] ], 
          [ [ 1, 0, 0, 0, 0, 0, 0, 0, 0, 0, 0, 0, 0, 1, 0, -1, 0, -1, 0, 1 ], 
              [ 1, 0, 0, 0, 0, 0, 0, 0, 0, 0, 0, 0, 0, -1, 0, 1, 0, 1, 0, -1 ] ], 
          [ [ 1, 6, -1, -2, -2, -2, -1, 0, 0, -2, -1, -1, 1, 0, 0, 0, 0, 2, 2, 2 ], 
              [ 1, -6, 1, 2, 2, 2, 1, 0, 0, 2, 1, 1, -1, 0, 0, 0, 0, -2, -2, -2 ] ], 
          [ [ 1, 0, 1, 1, 1, -2, 0, 0, -1, -2, 1, 0, -2, -1, 0, 1, 1, -1, 0, 2 ], 
              [ 1, 0, -1, -1, -1, 2, 0, 0, 1, 2, -1, 0, 2, 1, 0, -1, -1, 1, 0, -2 ] ], 
          [ [ 1, 3, -1, -1, -1, -1, -2, -1, 2, 0, 1, -1, 0, 0, 0, 0, 0, 2, 1, 1 ], 
              [ 1, -3, 1, 1, 1, 1, 2, 1, -2, 0, -1, 1, 0, 0, 0, 0, 0, -2, -1, -1 ] ], 
          [ [ 1, 3, -2, -2, -2, 1, -2, -1, 3, 2, 0, -1, 2, 2, -1, -1, -2, 2, 1, 1 ], 
              [ 1, -3, 2, 2, 2, -1, 2, 1, -3, -2, 0, 1, -2, -2, 1, 1, 2, -2, -1, -1 ] ], 
          [ [ 1, 5, -1, -2, -2, -1, -1, 0, 1, -1, 0, -1, 1, -1, 0, 0, 0, 2, 1, 1 ], 
              [ 1, -5, 1, 2, 2, 1, 1, 0, -1, 1, 0, 1, -1, 1, 0, 0, 0, -2, -1, -1 ] ], 
          [ [ 1, 0, 0, 0, 0, 0, 0, 0, 0, 0, 1, -1, 0, 0, 0, 0, 0, 0, 0, 1 ], 
              [ 1, 0, 0, 0, 0, 0, 0, 0, 0, 0, -1, 1, 0, 0, 0, 0, 0, 0, 0, -1 ] ], 
          [ [ 1, 6, -1, -2, -2, -2, -1, 0, 0, -2, 0, -2, 1, -1, 0, 1, 0, 3, 2, 2 ], 
              [ 1, -6, 1, 2, 2, 2, 1, 0, 0, 2, 0, 2, -1, 1, 0, -1, 0, -3, -2, -2 ] ], 
          [ [ 1, -8, 2, 3, 2, 2, 1, 1, 0, 1, 1, 1, -1, 1, 0, -2, 1, -4, -2, 0 ], 
              [ 1, 8, -2, -3, -2, -2, -1, -1, 0, -1, -1, -1, 1, -1, 0, 2, -1, 4, 2, 0 ] ],
          [ [ 1, 6, -2, -3, -1, -1, -1, 1, -1, -1, -2, -1, 2, 1, 1, -1, -2, 2, 2, 1 ], 
              [ 1, -6, 2, 3, 1, 1, 1, -1, 1, 1, 2, 1, -2, -1, -1, 1, 2, -2, -2, -1 ] ], 
          [ [ 1, 1, -1, -1, 0, 0, -1, 0, 1, 0, 0, -1, 1, 1, 0, 0, -1, 1, 1, 1 ], 
              [ 1, -1, 1, 1, 0, 0, 1, 0, -1, 0, 0, 1, -1, -1, 0, 0, 1, -1, -1, -1 ] ], 
          [ [ 1, 3, 0, -1, -1, -2, -1, 0, 0, -1, 1, 0, -1, -1, 0, 1, 0, 1, 1, 2 ], 
              [ 1, -3, 0, 1, 1, 2, 1, 0, 0, 1, -1, 0, 1, 1, 0, -1, 0, -1, -1, -2 ] ], 
          [ [ 1, 4, -1, -2, -2, -1, -1, 0, 0, 0, 0, -1, 1, 1, 0, 0, -1, 2, 2, 2 ], 
              [ 1, -4, 1, 2, 2, 1, 1, 0, 0, 0, 0, 1, -1, -1, 0, 0, 1, -2, -2, -2 ] ], 
          [ [ 1, 6, 0, -2, -1, -3, -1, -1, 0, -2, 0, -2, 0, -1, 0, 2, 0, 3, 2, 2 ], 
              [ 1, -6, 0, 2, 1, 3, 1, 1, 0, 2, 0, 2, 0, 1, 0, -2, 0, -3, -2, -2 ] ], 
          [ [ 1, -2, 2, 1, 1, -1, 0, 0, 0, -1, 0, 0, -1, 0, 0, 0, 1, -1, 0, 1 ], 
              [ 1, 2, -2, -1, -1, 1, 0, 0, 0, 1, 0, 0, 1, 0, 0, 0, -1, 1, 0, -1 ] ], 
          [ [ 1, -3, 1, 1, 1, 1, 0, 1, 0, 1, 0, 0, 0, 1, 0, -2, 0, -2, -1, 0 ], 
              [ 1, 3, -1, -1, -1, -1, 0, -1, 0, -1, 0, 0, 0, -1, 0, 2, 0, 2, 1, 0 ] ], 
          [ [ 1, -2, 1, 0, 0, 1, 0, 0, 1, 1, 0, -1, 1, 1, -1, 0, 0, 0, 0, 1 ], 
              [ 1, 2, -1, 0, 0, -1, 0, 0, -1, -1, 0, 1, -1, -1, 1, 0, 0, 0, 0, -1 ] ], 
          [ [ 1, 0, 1, 0, 0, -1, 0, 0, 0, 0, 1, 0, -1, 0, 0, 0, 0, -1, 0, 1 ], 
              [ 1, 0, -1, 0, 0, 1, 0, 0, 0, 0, -1, 0, 1, 0, 0, 0, 0, 1, 0, -1 ] ], 
          [ [ 1, -3, 2, 2, 1, 0, 0, 0, -1, -1, 1, 1, -2, -1, 0, 0, 2, -2, -1, 1 ], 
              [ 1, 3, -2, -2, -1, 0, 0, 0, 1, 1, -1, -1, 2, 1, 0, 0, -2, 2, 1, -1 ] ], 
          [ [ 1, 6, -2, -3, -2, 0, -2, -1, 1, 0, -1, -1, 2, 1, 0, 0, -2, 3, 2, 1 ], 
              [ 1, -6, 2, 3, 2, 0, 2, 1, -1, 0, 1, 1, -2, -1, 0, 0, 2, -3, -2, -1 ] ], 
          [ [ 1, 3, 0, -1, 0, -1, 0, 0, -2, -2, 0, -1, 0, -1, 1, 1, 0, 1, 1, 1 ], 
              [ 1, -3, 0, 1, 0, 1, 0, 0, 2, 2, 0, 1, 0, 1, -1, -1, 0, -1, -1, -1 ] ], 
          [ [ 1, 3, -1, -1, -1, 0, -1, 0, 0, -1, 0, -1, 1, 0, 0, 0, 0, 1, 1, 1 ], 
              [ 1, -3, 1, 1, 1, 0, 1, 0, 0, 1, 0, 1, -1, 0, 0, 0, 0, -1, -1, -1 ] ], 
          [ [ 1, 0, 2, 0, 0, 0, 0, 1, -2, -1, 0, -1, 0, -1, 0, 1, 1, 0, 0, 1 ], 
              [ 1, 0, -2, 0, 0, 0, 0, -1, 2, 1, 0, 1, 0, 1, 0, -1, -1, 0, 0, -1 ] ], 
          [ [ 1, -3, 1, 1, 0, 2, -1, -1, 2, 2, 1, 0, 0, 1, -1, -1, 0, -1, -1, 0 ], 
              [ 1, 3, -1, -1, 0, -2, 1, 1, -2, -2, -1, 0, 0, -1, 1, 1, 0, 1, 1, 0 ] ], 
          [ [ 1, 0, 1, 0, -1, 1, 0, 0, 0, 0, 0, -1, 1, 0, -1, 0, 0, 0, 0, 1 ], 
              [ 1, 0, -1, 0, 1, -1, 0, 0, 0, 0, 0, 1, -1, 0, 1, 0, 0, 0, 0, -1 ] ], 
          [ [ 1, 0, 1, 0, -1, 1, 0, 0, 0, 0, 0, -1, 1, 0, -1, 0, 1, 0, 0, 1 ], 
              [ 1, 0, -1, 0, 1, -1, 0, 0, 0, 0, 0, 1, -1, 0, 1, 0, -1, 0, 0, -1 ] ], 
          [ [ 1, 0, 1, 0, 1, 0, 0, 1, -2, -1, -1, 0, 0, 0, 1, -1, 0, -1, 0, 0 ], 
              [ 1, 0, -1, 0, -1, 0, 0, -1, 2, 1, 1, 0, 0, 0, -1, 1, 0, 1, 0, 0 ] ], 
          [ [ 1, 1, 1, -1, 0, 0, 0, 0, -1, -1, -1, -1, 1, 0, 0, 1, 0, 1, 1, 1 ], 
              [ 1, -1, -1, 1, 0, 0, 0, 0, 1, 1, 1, 1, -1, 0, 0, -1, 0, -1, -1, -1 ] ], 
          [ [ 1, 0, 1, 0, 1, 0, 0, 1, -2, -1, -1, 0, 0, 0, 0, 0, 0, -1, 0, 1 ], 
              [ 1, 0, -1, 0, -1, 0, 0, -1, 2, 1, 1, 0, 0, 0, 0, 0, 0, 1, 0, -1 ] ], 
          [ [ 1, 3, 0, -1, 0, -1, -1, -1, 0, -1, 0, -1, 0, -1, 0, 1, 0, 2, 1, 1 ], 
              [ 1, -3, 0, 1, 0, 1, 1, 1, 0, 1, 0, 1, 0, 1, 0, -1, 0, -2, -1, -1 ] ], 
          [ [ 1, 3, 0, -1, 0, -1, -1, -1, 0, -1, 0, -1, 0, 0, 0, 1, -1, 1, 1, 1 ], 
              [ 1, -3, 0, 1, 0, 1, 1, 1, 0, 1, 0, 1, 0, 0, 0, -1, 1, -1, -1, -1 ] ], 
          [ [ 1, 3, 0, -1, 0, -1, -1, -1, 0, -1, 0, -1, 0, 0, 0, 1, 0, 1, 1, 1 ], 
              [ 1, -3, 0, 1, 0, 1, 1, 1, 0, 1, 0, 1, 0, 0, 0, -1, 0, -1, -1, -1 ] ], 
          [ [ 1, 0, 0, -1, 0, 2, 0, 1, -1, 1, -1, -1, 2, 1, 0, -1, -1, 0, 0, 0 ], 
              [ 1, 0, 0, 1, 0, -2, 0, -1, 1, -1, 1, 1, -2, -1, 0, 1, 1, 0, 0, 0 ] ], 
          [ [ 1, 6, -1, -3, -2, 0, -1, 1, -1, -1, -2, -2, 3, 0, 0, 0, -1, 3, 2, 1 ], 
              [ 1, -6, 1, 3, 2, 0, 1, -1, 1, 1, 2, 2, -3, 0, 0, 0, 1, -3, -2, -1 ] ], 
          [ [ 1, 6, 0, -2, -1, -2, 0, 0, -2, -3, -1, -2, 1, -1, 0, 2, 0, 2, 2, 2 ], 
              [ 1, -6, 0, 2, 1, 2, 0, 0, 2, 3, 1, 2, -1, 1, 0, -2, 0, -2, -2, -2 ] ], 
          [ [ 1, -5, 2, 2, 2, 1, 0, 0, 0, 0, 1, 0, -1, 0, 0, 0, 1, -2, -1, 0 ], 
              [ 1, 5, -2, -2, -2, -1, 0, 0, 0, 0, -1, 0, 1, 0, 0, 0, -1, 2, 1, 0 ] ], 
          [ [ 1, -5, 1, 1, 1, 3, 0, 0, 1, 2, 0, 0, 1, 2, -1, -1, -1, -2, -1, 0 ], 
              [ 1, 5, -1, -1, -1, -3, 0, 0, -1, -2, 0, 0, -1, -2, 1, 1, 1, 2, 1, 0 ] ], 
          [ [ 1, -6, 2, 3, 3, 1, 1, 0, -1, 0, 1, 1, -2, 0, 0, -1, 1, -4, -2, 0 ], 
              [ 1, 6, -2, -3, -3, -1, -1, 0, 1, 0, -1, -1, 2, 0, 0, 1, -1, 4, 2, 0 ] ], 
          [ [ 1, 0, 1, 1, 1, -1, 0, 0, -1, -2, 0, 0, -1, -1, 0, 0, 1, -1, 0, 1 ], 
              [ 1, 0, -1, -1, -1, 1, 0, 0, 1, 2, 0, 0, 1, 1, 0, 0, -1, 1, 0, -1 ] ], 
          [ [ 1, -3, 1, 1, 1, 2, 1, 2, -2, 0, -1, 0, 1, 1, 0, -2, 0, -3, -1, 0 ], 
              [ 1, 3, -1, -1, -1, -2, -1, -2, 2, 0, 1, 0, -1, -1, 0, 2, 0, 3, 1, 0 ] ], 
          [ [ 1, 0, 0, 0, 0, 1, 0, 0, 0, 0, 0, -1, 1, 0, 0, -1, 0, 0, 0, 0 ], 
              [ 1, 0, 0, 0, 0, -1, 0, 0, 0, 0, 0, 1, -1, 0, 0, 1, 0, 0, 0, 0 ] ], 
          [ [ 1, 3, -1, -1, -1, 0, -1, -2, 2, 0, 0, -1, 1, 1, -1, 0, -1, 1, 1, 1 ], 
              [ 1, -3, 1, 1, 1, 0, 1, 2, -2, 0, 0, 1, -1, -1, 1, 0, 1, -1, -1, -1 ] ], 
          [ [ 1, 0, 0, 0, 0, 1, 0, 0, 0, 0, 0, -1, 1, 0, -1, 0, 0, 0, 0, 1 ], 
              [ 1, 0, 0, 0, 0, -1, 0, 0, 0, 0, 0, 1, -1, 0, 1, 0, 0, 0, 0, -1 ] ], 
          [ [ 1, -2, 2, 1, 0, 0, 0, 0, -1, 0, 1, 0, -1, 0, 0, 0, 1, -1, 0, 1 ], 
              [ 1, 2, -2, -1, 0, 0, 0, 0, 1, 0, -1, 0, 1, 0, 0, 0, -1, 1, 0, -1 ] ], 
          [ [ 1, -3, 2, 2, 1, 0, 0, 1, -2, 0, 1, 1, -2, 0, 0, -1, 1, -3, -1, 1 ], 
              [ 1, 3, -2, -2, -1, 0, 0, -1, 2, 0, -1, -1, 2, 0, 0, 1, -1, 3, 1, -1 ] ], 
          [ [ 1, -2, 2, 1, 0, 0, 0, 0, -1, 0, 1, 0, -1, 0, -1, 1, 1, -1, 0, 2 ], 
              [ 1, 2, -2, -1, 0, 0, 0, 0, 1, 0, -1, 0, 1, 0, 1, -1, -1, 1, 0, -2 ] ], 
          [ [ 1, 7, -1, -3, -2, -2, -2, -1, 0, -1, 0, -2, 1, 0, 0, 2, -1, 4, 3, 2 ], 
              [ 1, -7, 1, 3, 2, 2, 2, 1, 0, 1, 0, 2, -1, 0, 0, -2, 1, -4, -3, -2 ] ], 
          [ [ 1, 6, -1, -2, -1, -2, -1, -1, -1, -1, 0, -1, 0, 0, 0, 1, -1, 2, 2, 2 ], 
              [ 1, -6, 1, 2, 1, 2, 1, 1, 1, 1, 0, 1, 0, 0, 0, -1, 1, -2, -2, -2 ] ], 
          [ [ 1, -2, 1, 1, 1, 0, 0, 0, -1, 0, 0, 1, -1, 1, 0, -1, 0, -2, 0, 1 ], 
              [ 1, 2, -1, -1, -1, 0, 0, 0, 1, 0, 0, -1, 1, -1, 0, 1, 0, 2, 0, -1 ] ], 
          [ [ 1, -3, 1, 1, 1, 1, 0, 0, 0, 1, 1, 1, -1, 0, 0, -1, 0, -2, -1, 0 ], 
              [ 1, 3, -1, -1, -1, -1, 0, 0, 0, -1, -1, -1, 1, 0, 0, 1, 0, 2, 1, 0 ] ], 
          [ [ 1, -2, 0, 0, 0, 2, -1, 1, 0, 2, 0, 0, 1, 2, 0, -2, -1, -1, 0, 0 ], 
              [ 1, 2, 0, 0, 0, -2, 1, -1, 0, -2, 0, 0, -1, -2, 0, 2, 1, 1, 0, 0 ] ], 
          [ [ 1, -2, 1, 1, 1, 0, 0, 0, -1, 0, 1, 0, -1, 0, 0, 0, 0, -1, 0, 1 ], 
              [ 1, 2, -1, -1, -1, 0, 0, 0, 1, 0, -1, 0, 1, 0, 0, 0, 0, 1, 0, -1 ] ], 
          [ [ 1, -2, 1, 1, 1, 0, 0, 0, -1, 0, 1, 0, -1, 0, 0, 0, 1, -1, 0, 1 ], 
              [ 1, 2, -1, -1, -1, 0, 0, 0, 1, 0, -1, 0, 1, 0, 0, 0, -1, 1, 0, -1 ] ], 
          [ [ 1, -2, 1, 1, 1, 0, 0, 0, -1, 0, 1, 0, -1, 1, 0, 0, 0, -2, 0, 1 ], 
              [ 1, 2, -1, -1, -1, 0, 0, 0, 1, 0, -1, 0, 1, -1, 0, 0, 0, 2, 0, -1 ] ], 
          [ [ 1, 2, 0, 0, 0, -1, 0, 0, -1, -1, 1, 0, -1, -1, 0, 0, 0, -1, 0, 1 ], 
              [ 1, -2, 0, 0, 0, 1, 0, 0, 1, 1, -1, 0, 1, 1, 0, 0, 0, 1, 0, -1 ] ], 
          [ [ 1, 1, 1, -1, 0, 0, 0, 1, -2, 0, -1, -1, 1, 1, 0, 0, -1, 0, 1, 1 ], 
              [ 1, -1, -1, 1, 0, 0, 0, -1, 2, 0, 1, 1, -1, -1, 0, 0, 1, 0, -1, -1 ] ], 
          [ [ 1, -2, 1, 1, 1, 0, -1, -1, 1, 1, 1, 0, -1, 1, -1, 0, 0, -1, 0, 1 ], 
              [ 1, 2, -1, -1, -1, 0, 1, 1, -1, -1, -1, 0, 1, -1, 1, 0, 0, 1, 0, -1 ] ], 
          [ [ 1, 0, 1, 0, 0, 0, 0, 0, 0, 0, 0, 0, 0, 0, -1, 0, 0, -1, 0, 1 ], 
              [ 1, 0, -1, 0, 0, 0, 0, 0, 0, 0, 0, 0, 0, 0, 1, 0, 0, 1, 0, -1 ] ], 
          [ [ 1, 3, 0, -2, 0, -1, 0, -1, 0, -1, 0, -1, 0, -1, 0, 2, 0, 2, 1, 0 ], 
              [ 1, -3, 0, 2, 0, 1, 0, 1, 0, 1, 0, 1, 0, 1, 0, -2, 0, -2, -1, 0 ] ], 
          [ [ 1, -5, 2, 1, 2, 1, 1, 0, 0, 0, 0, 1, -1, 0, 0, 0, 1, -2, -1, -1 ], 
              [ 1, 5, -2, -1, -2, -1, -1, 0, 0, 0, 0, -1, 1, 0, 0, 0, -1, 2, 1, 1 ] ], 
          [ [ 1, -6, 1, 1, 2, 3, 1, 1, 0, 2, 0, 1, 0, 1, 0, -2, 0, -3, -2, -2 ], 
              [ 1, 6, -1, -1, -2, -3, -1, -1, 0, -2, 0, -1, 0, -1, 0, 2, 0, 3, 2, 2 ] ], 
          [ [ 1, -5, 1, 0, 1, 3, 1, 0, 1, 2, 0, 0, 1, 1, -1, 0, 0, -1, -1, -1 ], 
              [ 1, 5, -1, 0, -1, -3, -1, 0, -1, -2, 0, 0, -1, -1, 1, 0, 0, 1, 1, 1 ] ], 
          [ [ 1, -3, 1, 0, 1, 1, 1, 0, 0, 1, 1, 1, -1, 0, 0, 0, 0, -2, -1, -1 ], 
              [ 1, 3, -1, 0, -1, -1, -1, 0, 0, -1, -1, -1, 1, 0, 0, 0, 0, 2, 1, 1 ] ], 
          [ [ 1, -3, 1, 0, 1, 1, 0, -1, 2, 2, 1, 1, -1, 0, -1, 0, 0, -1, -1, -1 ], 
              [ 1, 3, -1, 0, -1, -1, 0, 1, -2, -2, -1, -1, 1, 0, 1, 0, 0, 1, 1, 1 ] ], 
          [ [ 1, -2, 1, -1, 1, 2, 1, 1, -2, 1, -1, 0, 1, 1, 0, 0, -1, -1, 0, -1 ], 
              [ 1, 2, -1, 1, -1, -2, -1, -1, 2, -1, 1, 0, -1, -1, 0, 0, 1, 1, 0, 1 ] ], 
          [ [ 1, -5, 1, 1, 2, 2, 0, -1, 1, 2, 1, 1, -1, 1, -1, 0, 0, -2, -1, -1 ], 
              [ 1, 5, -1, -1, -2, -2, 0, 1, -1, -2, -1, -1, 1, -1, 1, 0, 0, 2, 1, 1 ] ], 
          [ [ 1, -3, 1, 0, 1, 2, 1, 0, 0, 1, 0, 1, 0, 0, -1, 0, 0, -2, -1, -1 ], 
              [ 1, 3, -1, 0, -1, -2, -1, 0, 0, -1, 0, -1, 0, 0, 1, 0, 0, 2, 1, 1 ] ], 
          [ [ 1, -6, 3, 2, 2, 1, 1, 1, -1, 0, 1, 1, -2, -1, 0, 0, 2, -3, -2, 0 ], 
              [ 1, 6, -3, -2, -2, -1, -1, -1, 1, 0, -1, -1, 2, 1, 0, 0, -2, 3, 2, 0 ] ], 
          [ [ 1, 3, 0, -2, -2, 0, -1, -1, 2, 0, 0, -1, 1, 0, -1, 1, 0, 2, 1, 1 ], 
              [ 1, -3, 0, 2, 2, 0, 1, 1, -2, 0, 0, 1, -1, 0, 1, -1, 0, -2, -1, -1 ] ], 
          [ [ 1, -6, 2, 2, 1, 2, 1, 0, 1, 1, 1, 1, -1, 0, -1, -1, 1, -3, -2, 0 ], 
              [ 1, 6, -2, -2, -1, -2, -1, 0, -1, -1, -1, -1, 1, 0, 1, 1, -1, 3, 2, 0 ] ], 
          [ [ 1, 3, -1, -3, -1, 1, -1, 0, 1, 1, -1, -1, 2, 1, 0, 0, -2, 2, 1, 0 ], 
              [ 1, -3, 1, 3, 1, -1, 1, 0, -1, -1, 1, 1, -2, -1, 0, 0, 2, -2, -1, 0 ] ], 
          [ [ 1, -3, 1, 1, 2, 0, 0, -1, 1, 0, 1, 1, -2, 0, 0, 0, 0, -2, -1, 0 ], 
              [ 1, 3, -1, -1, -2, 0, 0, 1, -1, 0, -1, -1, 2, 0, 0, 0, 0, 2, 1, 0 ] ], 
          [ [ 1, 0, 0, -1, 0, 1, 0, 1, 0, 0, -1, 0, 1, 0, 0, -1, 0, 0, 0, 0 ], 
              [ 1, 0, 0, 1, 0, -1, 0, -1, 0, 0, 1, 0, -1, 0, 0, 1, 0, 0, 0, 0 ] ], 
          [ [ 1, 0, 0, -1, 0, 1, 0, 1, 0, 0, -1, 0, 1, 1, 0, -1, -1, -1, 0, 0 ], 
              [ 1, 0, 0, 1, 0, -1, 0, -1, 0, 0, 1, 0, -1, -1, 0, 1, 1, 1, 0, 0 ] ], 
          [ [ 1, 0, 1, 0, 1, -1, 1, 0, -1, -2, 0, 0, -1, -1, 0, 1, 1, -1, 0, 1 ], 
              [ 1, 0, -1, 0, -1, 1, -1, 0, 1, 2, 0, 0, 1, 1, 0, -1, -1, 1, 0, -1 ] ], 
          [ [ 1, 3, -1, -2, -1, 0, -1, -1, 2, 0, 0, -1, 1, 0, 0, 0, -1, 2, 1, 0 ], 
              [ 1, -3, 1, 2, 1, 0, 1, 1, -2, 0, 0, 1, -1, 0, 0, 0, 1, -2, -1, 0 ] ], 
          [ [ 1, 3, -1, -2, -1, 0, -1, -1, 2, 0, 0, -1, 1, 0, -1, 1, -1, 2, 1, 1 ], 
              [ 1, -3, 1, 2, 1, 0, 1, 1, -2, 0, 0, 1, -1, 0, 1, -1, 1, -2, -1, -1 ] ], 
          [ [ 1, 0, 0, -1, 0, 1, 0, 1, 0, 0, 0, -1, 1, 0, 0, 0, 0, 0, 0, 0 ], 
              [ 1, 0, 0, 1, 0, -1, 0, -1, 0, 0, 0, 1, -1, 0, 0, 0, 0, 0, 0, 0 ] ], 
          [ [ 1, 1, 0, -1, 0, -1, -1, -1, 1, 0, 1, 0, -1, 0, 0, 1, 0, 1, 1, 1 ], 
              [ 1, -1, 0, 1, 0, 1, 1, 1, -1, 0, -1, 0, 1, 0, 0, -1, 0, -1, -1, -1 ] ], 
          [ [ 1, -3, 2, 1, 2, 0, 1, 1, -1, -1, 0, 0, -1, -1, 0, 0, 1, -2, -1, 0 ], 
              [ 1, 3, -2, -1, -2, 0, -1, -1, 1, 1, 0, 0, 1, 1, 0, 0, -1, 2, 1, 0 ] ], 
          [ [ 1, 0, 0, -1, 0, 1, 0, -1, 2, 1, 0, -1, 1, 1, -1, 0, -1, 0, 0, 0 ], 
              [ 1, 0, 0, 1, 0, -1, 0, 1, -2, -1, 0, 1, -1, -1, 1, 0, 1, 0, 0, 0 ] ], 
          [ [ 1, -5, 2, 1, 2, 1, 1, 1, -1, 1, 0, 1, -1, 1, 0, -1, 0, -3, -1, 0 ], 
              [ 1, 5, -2, -1, -2, -1, -1, -1, 1, -1, 0, -1, 1, -1, 0, 1, 0, 3, 1, 0 ] ], 
          [ [ 1, -3, 2, 1, 1, 1, 0, -1, 1, 0, 1, 0, -1, -1, -1, 1, 1, -1, -1, 0 ], 
              [ 1, 3, -2, -1, -1, -1, 0, 1, -1, 0, -1, 0, 1, 1, 1, -1, -1, 1, 1, 0 ] ], 
          [ [ 1, -2, 1, 0, 0, 2, 0, -1, 1, 1, 0, -1, 1, 1, -1, 0, 0, 0, 0, 0 ], 
              [ 1, 2, -1, 0, 0, -2, 0, 1, -1, -1, 0, 1, -1, -1, 1, 0, 0, 0, 0, 0 ] ], 
          [ [ 1, -6, 2, 1, 1, 4, 1, 1, 0, 2, 0, 0, 1, 1, -1, -1, 0, -3, -2, -1 ], 
              [ 1, 6, -2, -1, -1, -4, -1, -1, 0, -2, 0, 0, -1, -1, 1, 1, 0, 3, 2, 1 ] ], 
          [ [ 1, 3, 0, -2, 0, 0, 0, -1, 0, -1, -1, -1, 1, 0, 0, 1, -1, 1, 1, 0 ], 
              [ 1, -3, 0, 2, 0, 0, 0, 1, 0, 1, 1, 1, -1, 0, 0, -1, 1, -1, -1, 0 ] ], 
          [ [ 1, 0, 1, -1, 1, 1, 1, 1, -2, -1, -1, -1, 1, -1, 0, 1, 0, 0, 0, 0 ], 
              [ 1, 0, -1, 1, -1, -1, -1, -1, 2, 1, 1, 1, -1, 1, 0, -1, 0, 0, 0, 0 ] ], 
          [ [ 1, -6, 2, 2, 3, 2, 1, 1, -1, 0, 0, 1, -1, 0, 0, -1, 1, -4, -2, -1 ], 
              [ 1, 6, -2, -2, -3, -2, -1, -1, 1, 0, 0, -1, 1, 0, 0, 1, -1, 4, 2, 1 ] ], 
          [ [ 1, -3, 0, 0, 1, 3, 0, -1, 2, 2, 0, 0, 1, 1, -1, -1, -1, -1, -1, -1 ], 
              [ 1, 3, 0, 0, -1, -3, 0, 1, -2, -2, 0, 0, -1, -1, 1, 1, 1, 1, 1, 1 ] ], 
          [ [ 1, -5, 2, 1, 1, 2, 0, -1, 1, 2, 1, 1, -1, 1, -1, 0, 0, -2, -1, 0 ], 
              [ 1, 5, -2, -1, -1, -2, 0, 1, -1, -2, -1, -1, 1, -1, 1, 0, 0, 2, 1, 0 ] ], 
          [ [ 1, -3, 2, 1, 1, 1, 1, 1, -2, 0, 0, 1, -1, 0, 0, -1, 1, -3, -1, 0 ], 
              [ 1, 3, -2, -1, -1, -1, -1, -1, 2, 0, 0, -1, 1, 0, 0, 1, -1, 3, 1, 0 ] ], 
          [ [ 1, 0, 0, -1, -1, 2, -1, 0, 1, 2, 0, 0, 1, 1, -1, -1, -1, 0, 0, 0 ], 
              [ 1, 0, 0, 1, 1, -2, 1, 0, -1, -2, 0, 0, -1, -1, 1, 1, 1, 0, 0, 0 ] ], 
          [ [ 1, 0, 1, 0, 0, 0, 0, -1, 0, 0, 1, 0, -1, -1, -1, 1, 1, 0, 0, 1 ], 
              [ 1, 0, -1, 0, 0, 0, 0, 1, 0, 0, -1, 0, 1, 1, 1, -1, -1, 0, 0, -1 ] ], 
          [ [ 1, -3, 2, 1, 1, 1, 1, 1, -2, 0, 1, 0, -1, -1, 0, 0, 1, -2, -1, 0 ], 
              [ 1, 3, -2, -1, -1, -1, -1, -1, 2, 0, -1, 0, 1, 1, 0, 0, -1, 2, 1, 0 ] ], 
          [ [ 1, 0, 1, 0, 0, 0, 0, -1, 0, 0, 1, 0, -1, 0, -1, 1, 0, -1, 0, 1 ], 
              [ 1, 0, -1, 0, 0, 0, 0, 1, 0, 0, -1, 0, 1, 0, 1, -1, 0, 1, 0, -1 ] ], 
          [ [ 1, -8, 3, 3, 2, 2, 1, 0, 0, 1, 2, 1, -2, 0, -1, 0, 2, -4, -2, 0 ], 
              [ 1, 8, -3, -3, -2, -2, -1, 0, 0, -1, -2, -1, 2, 0, 1, 0, -2, 4, 2, 0 ] ], 
          [ [ 1, 6, -1, -3, -1, -1, -1, 0, -1, -1, -1, -1, 1, 0, 0, 1, -1, 2, 2, 1 ], 
              [ 1, -6, 1, 3, 1, 1, 1, 0, 1, 1, 1, 1, -1, 0, 0, -1, 1, -2, -2, -1 ] ], 
          [ [ 1, -8, 2, 2, 3, 3, 1, 1, -1, 2, 1, 1, -1, 1, 0, -1, 0, -4, -2, -1 ], 
              [ 1, 8, -2, -2, -3, -3, -1, -1, 1, -2, -1, -1, 1, -1, 0, 1, 0, 4, 2, 1 ] ], 
          [ [ 1, -2, 1, 0, 1, 1, 0, 1, -1, 0, 0, 0, 0, 0, 0, 0, 0, -1, 0, 0 ], 
              [ 1, 2, -1, 0, -1, -1, 0, -1, 1, 0, 0, 0, 0, 0, 0, 0, 0, 1, 0, 0 ] ], 
          [ [ 1, -2, 1, 0, 1, 1, 1, 0, -1, 0, 0, 0, 0, 0, 0, 0, 0, -1, 0, 0 ], 
              [ 1, 2, -1, 0, -1, -1, -1, 0, 1, 0, 0, 0, 0, 0, 0, 0, 0, 1, 0, 0 ] ], 
          [ [ 1, -3, 1, 1, 2, 1, 1, 1, -2, 0, 0, 1, -1, 0, 0, -1, 0, -3, -1, 0 ], 
              [ 1, 3, -1, -1, -2, -1, -1, -1, 2, 0, 0, -1, 1, 0, 0, 1, 0, 3, 1, 0 ] ], 
          [ [ 1, 1, -1, -2, -1, 2, -1, -1, 2, 2, 0, -1, 2, 2, -1, 0, -2, 1, 1, 0 ], 
              [ 1, -1, 1, 2, 1, -2, 1, 1, -2, -2, 0, 1, -2, -2, 1, 0, 2, -1, -1, 0 ] ], 
          [ [ 1, 0, 0, 0, 1, 0, 0, -1, 0, 0, 1, 0, -1, 0, 0, 0, 0, -1, 0, 0 ], 
              [ 1, 0, 0, 0, -1, 0, 0, 1, 0, 0, -1, 0, 1, 0, 0, 0, 0, 1, 0, 0 ] ], 
          [ [ 1, -5, 3, 1, 1, 2, 1, 1, -1, 1, 0, 0, 0, 0, -1, 0, 1, -2, -1, 0 ], 
              [ 1, 5, -3, -1, -1, -2, -1, -1, 1, -1, 0, 0, 0, 0, 1, 0, -1, 2, 1, 0 ] ], 
          [ [ 1, -3, 2, 1, 1, 1, 0, 0, 0, 1, 1, 0, -1, 0, -1, 0, 1, -2, -1, 0 ], 
              [ 1, 3, -2, -1, -1, -1, 0, 0, 0, -1, -1, 0, 1, 0, 1, 0, -1, 2, 1, 0 ] ], 
          [ [ 1, -2, 2, 0, 2, 0, 0, 0, -1, 0, 0, 0, -1, 0, 0, 1, 0, -1, 0, 0 ], 
              [ 1, 2, -2, 0, -2, 0, 0, 0, 1, 0, 0, 0, 1, 0, 0, -1, 0, 1, 0, 0 ] ], 
          [ [ 1, 3, 0, -2, 0, 0, 0, 0, -1, 0, -1, -1, 1, 0, 0, 0, -1, 1, 1, 0 ], 
              [ 1, -3, 0, 2, 0, 0, 0, 0, 1, 0, 1, 1, -1, 0, 0, 0, 1, -1, -1, 0 ] ], 
          [ [ 1, -2, 1, 0, 1, 1, 0, -1, 1, 1, 0, 0, 0, 1, -1, 0, -1, -1, 0, 0 ], 
              [ 1, 2, -1, 0, -1, -1, 0, 1, -1, -1, 0, 0, 0, -1, 1, 0, 1, 1, 0, 0 ] ], 
          [ [ 1, -2, 1, 0, 1, 1, 0, -1, 1, 1, 0, 0, 0, 1, -1, 0, 0, -1, 0, 0 ], 
              [ 1, 2, -1, 0, -1, -1, 0, 1, -1, -1, 0, 0, 0, -1, 1, 0, 0, 1, 0, 0 ] ], 
          [ [ 1, -5, 2, 1, 2, 2, 1, 1, -1, 1, 0, 0, 0, 1, 0, -1, 0, -3, -1, -1 ], 
              [ 1, 5, -2, -1, -2, -2, -1, -1, 1, -1, 0, 0, 0, -1, 0, 1, 0, 3, 1, 1 ] ], 
          [ [ 1, -5, 2, 1, 2, 2, 1, 1, -1, 1, 0, 0, 0, 1, -1, 0, 0, -3, -1, 0 ], 
              [ 1, 5, -2, -1, -2, -2, -1, -1, 1, -1, 0, 0, 0, -1, 1, 0, 0, 3, 1, 0 ] ], 
          [ [ 1, -2, 1, 0, 1, 1, 0, -1, 1, 1, 1, -1, 0, 0, -1, 1, 0, 0, 0, 0 ], 
              [ 1, 2, -1, 0, -1, -1, 0, 1, -1, -1, -1, 1, 0, 0, 1, -1, 0, 0, 0, 0 ] ], 
          [ [ 1, -3, 2, 1, 2, 0, 1, 1, -2, 0, 1, 1, -2, -1, 0, 0, 1, -3, -1, 0 ], 
              [ 1, 3, -2, -1, -2, 0, -1, -1, 2, 0, -1, -1, 2, 1, 0, 0, -1, 3, 1, 0 ] ], 
          [ [ 1, 3, 0, -1, -1, -1, -1, 0, 0, -1, 0, -1, 0, 0, 0, 0, 0, 1, 1, 2 ], 
              [ 1, -3, 0, 1, 1, 1, 1, 0, 0, 1, 0, 1, 0, 0, 0, 0, 0, -1, -1, -2 ] ], 
          [ [ 1, -5, 3, 2, 2, 1, 1, 1, -2, -1, 0, 0, -1, 0, 0, 0, 1, -3, -1, 1 ], 
              [ 1, 5, -3, -2, -2, -1, -1, -1, 2, 1, 0, 0, 1, 0, 0, 0, -1, 3, 1, -1 ] ], 
          [ [ 1, -2, 1, 0, 0, 2, -1, 0, 1, 1, 0, -1, 1, 1, -1, 0, 0, 0, 0, 1 ], 
              [ 1, 2, -1, 0, 0, -2, 1, 0, -1, -1, 0, 1, -1, -1, 1, 0, 0, 0, 0, -1 ] ], 
          [ [ 1, 0, 1, 0, 0, 0, -1, 0, 0, 0, 1, 0, -1, 0, 0, 0, 0, -1, 0, 1 ], 
              [ 1, 0, -1, 0, 0, 0, 1, 0, 0, 0, -1, 0, 1, 0, 0, 0, 0, 1, 0, -1 ] ], 
          [ [ 1, -3, 2, 1, 1, 1, 0, 0, 0, 1, 1, 0, -1, 0, -1, 0, 0, -2, -1, 1 ], 
              [ 1, 3, -2, -1, -1, -1, 0, 0, 0, -1, -1, 0, 1, 0, 1, 0, 0, 2, 1, -1 ] ], 
          [ [ 1, 0, 0, -1, -1, 0, 1, 0, 0, 0, 0, 0, 1, 1, -1, 0, 0, 0, 1, 0 ], 
              [ 1, 0, 0, 1, 1, 0, -1, 0, 0, 0, 0, 0, -1, -1, 1, 0, 0, 0, -1, 0 ] ], 
          [ [ 1, 2, -1, -1, -1, -1, 0, -1, 1, 0, 1, 0, 0, 0, -1, 0, 0, 1, 1, 0 ], 
              [ 1, -2, 1, 1, 1, 1, 0, 1, -1, 0, -1, 0, 0, 0, 1, 0, 0, -1, -1, 0 ] ], 
          [ [ 1, 2, 0, -2, 0, -1, 1, 0, -1, -1, 0, 0, 0, -1, 0, 1, 0, 1, 1, -1 ], 
              [ 1, -2, 0, 2, 0, 1, -1, 0, 1, 1, 0, 0, 0, 1, 0, -1, 0, -1, -1, 1 ] ], 
          [ [ 1, -3, 1, 0, 1, 0, 1, -1, 1, 0, 1, 1, -1, 0, -1, 1, 1, -1, 0, -1 ], 
              [ 1, 3, -1, 0, -1, 0, -1, 1, -1, 0, -1, -1, 1, 0, 1, -1, -1, 1, 0, 1 ] ], 
          [ [ 1, -6, 1, 0, 1, 3, 2, 1, 0, 2, 0, 1, 1, 1, -1, -1, 0, -2, -1, -2 ], 
              [ 1, 6, -1, 0, -1, -3, -2, -1, 0, -2, 0, -1, -1, -1, 1, 1, 0, 2, 1, 2 ] ], 
          [ [ 1, -4, 0, 0, 1, 2, 1, 0, 1, 2, 1, 1, 0, 1, -1, -1, 0, -2, -1, -2 ], 
              [ 1, 4, 0, 0, -1, -2, -1, 0, -1, -2, -1, -1, 0, -1, 1, 1, 0, 2, 1, 2 ] ], 
          [ [ 1, 2, -1, -2, -1, 0, 0, 0, 1, 0, 0, 0, 1, 0, -1, 0, 0, 1, 1, -1 ], 
              [ 1, -2, 1, 2, 1, 0, 0, 0, -1, 0, 0, 0, -1, 0, 1, 0, 0, -1, -1, 1 ] ], 
          [ [ 1, 2, -1, -2, -1, 0, 1, -1, 1, 0, 0, 0, 1, 0, -1, 0, 0, 1, 1, -1 ], 
              [ 1, -2, 1, 2, 1, 0, -1, 1, -1, 0, 0, 0, -1, 0, 1, 0, 0, -1, -1, 1 ] ], 
          [ [ 1, -1, 0, -1, 0, 1, 2, 1, -1, 0, 0, 0, 1, 0, -1, 0, 0, -1, 0, -1 ], 
              [ 1, 1, 0, 1, 0, -1, -2, -1, 1, 0, 0, 0, -1, 0, 1, 0, 0, 1, 0, 1 ] ], 
          [ [ 1, 0, -1, -2, -1, 1, 0, 0, 1, 2, 0, 1, 1, 2, -1, -1, -1, 0, 1, -1 ], 
              [ 1, 0, 1, 2, 1, -1, 0, 0, -1, -2, 0, -1, -1, -2, 1, 1, 1, 0, -1, 1 ] ], 
          [ [ 1, 0, 0, -1, 0, -1, 1, -1, 0, 0, 1, 1, -1, 0, -1, 1, 0, 0, 1, 0 ], 
              [ 1, 0, 0, 1, 0, 1, -1, 1, 0, 0, -1, -1, 1, 0, 1, -1, 0, 0, -1, 0 ] ], 
          [ [ 1, -3, 1, 0, 1, 0, 2, 1, -2, 0, 1, 1, -1, 0, 0, 0, 1, -2, 0, -1 ], 
              [ 1, 3, -1, 0, -1, 0, -2, -1, 2, 0, -1, -1, 1, 0, 0, 0, -1, 2, 0, 1 ] ], 
          [ [ 1, 0, -1, -2, -1, 1, 0, 0, 1, 2, 1, 0, 1, 1, -1, 0, -1, 1, 1, -1 ], 
              [ 1, 0, 1, 2, 1, -1, 0, 0, -1, -2, -1, 0, -1, -1, 1, 0, 1, -1, -1, 1 ] ], 
          [ [ 1, -3, 1, 0, 1, 0, 1, 0, 0, 1, 1, 1, -1, 0, -1, 0, 1, -1, 0, -1 ], 
              [ 1, 3, -1, 0, -1, 0, -1, 0, 0, -1, -1, -1, 1, 0, 1, 0, -1, 1, 0, 1 ] ], 
          [ [ 1, -3, 1, 0, 1, 0, 1, 0, 0, 1, 1, 1, -1, 1, -1, 0, 0, -2, 0, -1 ], 
              [ 1, 3, -1, 0, -1, 0, -1, 0, 0, -1, -1, -1, 1, -1, 1, 0, 0, 2, 0, 1 ] ], 
          [ [ 1, 0, 0, -2, 0, 1, 1, 0, -1, 1, 0, 0, 1, 1, -1, 1, -1, 0, 1, -1 ], 
              [ 1, 0, 0, 2, 0, -1, -1, 0, 1, -1, 0, 0, -1, -1, 1, -1, 1, 0, -1, 1 ] ], 
          [ [ 1, -6, 1, 1, 2, 2, 1, 0, 0, 2, 1, 2, -1, 1, -1, -1, 0, -3, -1, -2 ], 
              [ 1, 6, -1, -1, -2, -2, -1, 0, 0, -2, -1, -2, 1, -1, 1, 1, 0, 3, 1, 2 ] ], 
          [ [ 1, -3, 1, 0, 1, 1, 2, 1, -2, 0, 0, 1, 0, 0, -1, 0, 1, -2, 0, -1 ], 
              [ 1, 3, -1, 0, -1, -1, -2, -1, 2, 0, 0, -1, 0, 0, 1, 0, -1, 2, 0, 1 ] ], 
          [ [ 1, 0, 0, -1, 0, 0, 1, -1, 0, 0, 1, 0, 0, 0, -1, 1, 0, 0, 1, -1 ], 
              [ 1, 0, 0, 1, 0, 0, -1, 1, 0, 0, -1, 0, 0, 0, 1, -1, 0, 0, -1, 1 ] ], 
          [ [ 1, -3, 0, -1, 0, 3, 1, 0, 1, 3, 0, 0, 2, 2, -2, -1, -1, -1, 0, -2 ], 
              [ 1, 3, 0, 1, 0, -3, -1, 0, -1, -3, 0, 0, -2, -2, 2, 1, 1, 1, 0, 2 ] ], 
          [ [ 1, 2, -1, -2, -2, 1, 0, 0, 1, 0, 0, -1, 2, 0, -1, 0, 0, 2, 1, 0 ], 
              [ 1, -2, 1, 2, 2, -1, 0, 0, -1, 0, 0, 1, -2, 0, 1, 0, 0, -2, -1, 0 ] ], 
          [ [ 1, -1, 1, 0, 0, 0, 1, 0, 0, -1, 0, 0, 0, 0, -1, 0, 1, -1, 0, 0 ], 
              [ 1, 1, -1, 0, 0, 0, -1, 0, 0, 1, 0, 0, 0, 0, 1, 0, -1, 1, 0, 0 ] ], 
          [ [ 1, 0, -1, -2, -1, 2, 0, 0, 2, 1, -1, -1, 3, 2, -1, -1, -1, 1, 1, -1 ], 
              [ 1, 0, 1, 2, 1, -2, 0, 0, -2, -1, 1, 1, -3, -2, 1, 1, 1, -1, -1, 1 ] ], 
          [ [ 1, 0, 0, -1, 0, 0, 1, -1, 1, -1, 0, -1, 1, 0, -1, 1, 0, 1, 1, 0 ], 
              [ 1, 0, 0, 1, 0, 0, -1, 1, -1, 1, 0, 1, -1, 0, 1, -1, 0, -1, -1, 0 ] ], 
          [ [ 1, 0, 0, -1, -1, 0, -1, -1, 2, 1, 1, 0, 0, 1, -1, 0, 0, 1, 1, 0 ], 
              [ 1, 0, 0, 1, 1, 0, 1, 1, -2, -1, -1, 0, 0, -1, 1, 0, 0, -1, -1, 0 ] ], 
          [ [ 1, 2, 0, -2, -2, 0, 0, 0, 1, 0, 0, 0, 1, 0, -1, 0, 0, 1, 1, 0 ], 
              [ 1, -2, 0, 2, 2, 0, 0, 0, -1, 0, 0, 0, -1, 0, 1, 0, 0, -1, -1, 0 ] ], 
          [ [ 1, -3, 1, 0, 0, 1, 1, 0, 0, 1, 1, 0, 0, 1, -1, 0, 0, -1, 0, 0 ], 
              [ 1, 3, -1, 0, 0, -1, -1, 0, 0, -1, -1, 0, 0, -1, 1, 0, 0, 1, 0, 0 ] ], 
          [ [ 1, 3, 0, -2, -2, -1, 0, 0, 0, -1, 0, -1, 1, 0, -1, 1, 0, 2, 2, 1 ], 
              [ 1, -3, 0, 2, 2, 1, 0, 0, 0, 1, 0, 1, -1, 0, 1, -1, 0, -2, -2, -1 ] ], 
          [ [ 1, 3, 0, -2, -2, -1, 0, 0, 0, -1, 0, -1, 1, 0, -1, 1, 1, 2, 2, 1 ], 
              [ 1, -3, 0, 2, 2, 1, 0, 0, 0, 1, 0, 1, -1, 0, 1, -1, -1, -2, -2, -1 ] ], 
          [ [ 1, -6, 2, 2, 1, 1, 2, 1, -1, 0, 1, 1, -1, 0, -1, -1, 2, -3, -1, 0 ], 
              [ 1, 6, -2, -2, -1, -1, -2, -1, 1, 0, -1, -1, 1, 0, 1, 1, -2, 3, 1, 0 ] ], 
          [ [ 1, -4, 1, 1, 0, 1, 1, -1, 2, 1, 2, 1, -1, 0, -2, 0, 1, -2, -1, 0 ], 
              [ 1, 4, -1, -1, 0, -1, -1, 1, -2, -1, -2, -1, 1, 0, 2, 0, -1, 2, 1, 0 ] ], 
          [ [ 1, -3, 0, 0, -1, 2, 0, 0, 2, 2, 1, 0, 1, 2, -2, -1, 0, -1, 0, 0 ], 
              [ 1, 3, 0, 0, 1, -2, 0, 0, -2, -2, -1, 0, -1, -2, 2, 1, 0, 1, 0, 0 ] ], 
          [ [ 1, 3, -1, -3, -1, 0, 0, 1, -1, 0, -1, -1, 2, 1, 0, 0, -1, 2, 2, 0 ], 
              [ 1, -3, 1, 3, 1, 0, 0, -1, 1, 0, 1, 1, -2, -1, 0, 0, 1, -2, -2, 0 ] ], 
          [ [ 1, -2, 0, -1, 0, 1, 0, 0, 1, 1, 0, 0, 1, 2, -1, 0, -1, 0, 1, 0 ], 
              [ 1, 2, 0, 1, 0, -1, 0, 0, -1, -1, 0, 0, -1, -2, 1, 0, 1, 0, -1, 0 ] ], 
          [ [ 1, -3, 1, 1, 2, -1, 1, 0, -1, -1, 1, 1, -2, 0, 0, 0, 1, -2, 0, 0 ], 
              [ 1, 3, -1, -1, -2, 1, -1, 0, 1, 1, -1, -1, 2, 0, 0, 0, -1, 2, 0, 0 ] ], 
          [ [ 1, -1, 1, 0, 1, -1, 2, 1, -2, -2, 0, 1, -1, -1, 0, 0, 1, -2, 0, 0 ], 
              [ 1, 1, -1, 0, -1, 1, -2, -1, 2, 2, 0, -1, 1, 1, 0, 0, -1, 2, 0, 0 ] ], 
          [ [ 1, 0, 0, -1, 0, 0, 1, 2, -2, -1, -1, 0, 1, 1, 0, -1, 0, -1, 1, 0 ], 
              [ 1, 0, 0, 1, 0, 0, -1, -2, 2, 1, 1, 0, -1, -1, 0, 1, 0, 1, -1, 0 ] ], 
          [ [ 1, 2, -1, -2, -1, 0, 0, 0, 1, 0, 0, 0, 1, 0, -1, 0, -1, 1, 1, 0 ], 
              [ 1, -2, 1, 2, 1, 0, 0, 0, -1, 0, 0, 0, -1, 0, 1, 0, 1, -1, -1, 0 ] ], 
          [ [ 1, 2, -1, -2, -1, 0, 0, 0, 1, 0, 0, 0, 1, 0, -1, 0, 0, 1, 1, 0 ], 
              [ 1, -2, 1, 2, 1, 0, 0, 0, -1, 0, 0, 0, -1, 0, 1, 0, 0, -1, -1, 0 ] ], 
          [ [ 1, 3, -1, -2, -1, -1, 0, 0, 0, -1, 0, -1, 1, 0, 0, 0, 0, 2, 2, 0 ], 
              [ 1, -3, 1, 2, 1, 1, 0, 0, 0, 1, 0, 1, -1, 0, 0, 0, 0, -2, -2, 0 ] ], 
          [ [ 1, -1, 0, -1, 0, 1, 1, 2, -1, 0, 0, 0, 1, 0, 0, -1, 0, -1, 0, -1 ], 
              [ 1, 1, 0, 1, 0, -1, -1, -2, 1, 0, 0, 0, -1, 0, 0, 1, 0, 1, 0, 1 ] ], 
          [ [ 1, 6, -2, -3, -2, -2, -1, -2, 2, -1, 0, -1, 1, 1, -1, 1, -1, 3, 3, 1 ], 
              [ 1, -6, 2, 3, 2, 2, 1, 2, -2, 1, 0, 1, -1, -1, 1, -1, 1, -3, -3, -1 ] ], 
          [ [ 1, 2, -1, -2, -1, 0, 0, 0, 1, 0, 0, 0, 1, 1, -1, 0, -1, 0, 1, 0 ], 
              [ 1, -2, 1, 2, 1, 0, 0, 0, -1, 0, 0, 0, -1, -1, 1, 0, 1, 0, -1, 0 ] ], 
          [ [ 1, 3, -2, -3, -2, 1, 0, 0, 1, 1, -1, -1, 3, 2, -1, -1, -2, 2, 2, 0 ], 
              [ 1, -3, 2, 3, 2, -1, 0, 0, -1, -1, 1, 1, -3, -2, 1, 1, 2, -2, -2, 0 ] ], 
          [ [ 1, 3, -1, -2, -1, -1, 0, 0, 0, -1, 0, -1, 1, 0, -1, 1, 0, 2, 2, 1 ], 
              [ 1, -3, 1, 2, 1, 1, 0, 0, 0, 1, 0, 1, -1, 0, 1, -1, 0, -2, -2, -1 ] ], 
          [ [ 1, 5, -2, -3, -2, -1, -1, -2, 3, 0, 1, -1, 1, 0, -1, 1, -1, 3, 2, 0 ], 
              [ 1, -5, 2, 3, 2, 1, 1, 2, -3, 0, -1, 1, -1, 0, 1, -1, 1, -3, -2, 0 ] ], 
          [ [ 1, -1, 0, 0, -1, 0, 0, 0, 1, 1, 2, 1, -1, 0, -1, -1, 1, -1, 0, 0 ], 
              [ 1, 1, 0, 0, 1, 0, 0, 0, -1, -1, -2, -1, 1, 0, 1, 1, -1, 1, 0, 0 ] ], 
          [ [ 1, 0, 0, -1, 0, -1, 0, 0, 0, 0, 1, 1, -1, 0, 0, 0, 0, 0, 1, 0 ], 
              [ 1, 0, 0, 1, 0, 1, 0, 0, 0, 0, -1, -1, 1, 0, 0, 0, 0, 0, -1, 0 ] ], 
          [ [ 1, 5, -1, -2, -1, -3, 0, 0, -1, -2, 1, 0, -1, -1, 0, 1, 0, 1, 2, 1 ], 
              [ 1, -5, 1, 2, 1, 3, 0, 0, 1, 2, -1, 0, 1, 1, 0, -1, 0, -1, -2, -1 ] ], 
          [ [ 1, -3, 0, 0, 0, 1, 1, 1, 0, 1, 1, 1, 0, 1, -1, -1, 0, -2, 0, 0 ], 
              [ 1, 3, 0, 0, 0, -1, -1, -1, 0, -1, -1, -1, 0, -1, 1, 1, 0, 2, 0, 0 ] ], 
          [ [ 1, -1, 0, -1, 0, 1, 1, 0, 1, 1, 0, 0, 1, 1, -1, -1, -1, -1, 0, -1 ], 
              [ 1, 1, 0, 1, 0, -1, -1, 0, -1, -1, 0, 0, -1, -1, 1, 1, 1, 1, 0, 1 ] ], 
          [ [ 1, -1, 1, 0, 1, -1, 1, 0, 0, -1, 1, 0, -1, -1, -1, 1, 1, -1, 0, 0 ], 
              [ 1, 1, -1, 0, -1, 1, -1, 0, 0, 1, -1, 0, 1, 1, 1, -1, -1, 1, 0, 0 ] ], 
          [ [ 1, 0, 0, -1, 0, 0, 1, 0, 0, 0, 0, -1, 1, 1, -1, 0, 0, 0, 1, 0 ], 
              [ 1, 0, 0, 1, 0, 0, -1, 0, 0, 0, 0, 1, -1, -1, 1, 0, 0, 0, -1, 0 ] ], 
          [ [ 1, 2, 1, -1, -1, -2, 1, 0, -1, -1, 1, 0, -1, -1, -1, 1, 1, 0, 1, 1 ], 
              [ 1, -2, -1, 1, 1, 2, -1, 0, 1, 1, -1, 0, 1, 1, 1, -1, -1, 0, -1, -1 ] ], 
          [ [ 1, -3, 1, 0, 1, 0, 1, 0, 0, 1, 1, 1, -1, 1, -1, 0, 0, -2, 0, 0 ], 
              [ 1, 3, -1, 0, -1, 0, -1, 0, 0, -1, -1, -1, 1, -1, 1, 0, 0, 2, 0, 0 ] ], 
          [ [ 1, 3, 0, -2, -1, -2, 0, 0, 0, -1, 0, 0, 0, 0, -1, 1, 0, 1, 2, 1 ], 
              [ 1, -3, 0, 2, 1, 2, 0, 0, 0, 1, 0, 0, 0, 0, 1, -1, 0, -1, -2, -1 ] ], 
          [ [ 1, 3, -1, -3, -2, 0, 0, 0, 1, 1, 0, -1, 2, 1, -1, 0, -1, 2, 2, 0 ], 
              [ 1, -3, 1, 3, 2, 0, 0, 0, -1, -1, 0, 1, -2, -1, 1, 0, 1, -2, -2, 0 ] ], 
          [ [ 1, 2, -1, -2, -1, 0, 0, 1, 0, 1, 0, 0, 1, 1, -1, -1, -1, 0, 1, 0 ], 
              [ 1, -2, 1, 2, 1, 0, 0, -1, 0, -1, 0, 0, -1, -1, 1, 1, 1, 0, -1, 0 ] ], 
          [ [ 1, -3, 1, 1, 1, -1, 1, -1, 1, 0, 2, 1, -2, 0, -1, 0, 1, -2, 0, 0 ], 
              [ 1, 3, -1, -1, -1, 1, -1, 1, -1, 0, -2, -1, 2, 0, 1, 0, -1, 2, 0, 0 ] ], 
          [ [ 1, 0, 0, -1, -1, 1, 0, 0, 0, 0, 0, 0, 1, 1, -1, 0, 0, 0, 1, 0 ], 
              [ 1, 0, 0, 1, 1, -1, 0, 0, 0, 0, 0, 0, -1, -1, 1, 0, 0, 0, -1, 0 ] ], 
          [ [ 1, -3, 1, 0, 0, 2, 1, 0, 0, 1, 0, 0, 1, 1, -1, -1, 0, -1, 0, -1 ], 
              [ 1, 3, -1, 0, 0, -2, -1, 0, 0, -1, 0, 0, -1, -1, 1, 1, 0, 1, 0, 1 ] ], 
          [ [ 1, -3, 2, 1, 1, 0, 1, 0, -1, -1, 1, 0, -1, -1, -1, 1, 2, -1, 0, 0 ], 
              [ 1, 3, -2, -1, -1, 0, -1, 0, 1, 1, -1, 0, 1, 1, 1, -1, -2, 1, 0, 0 ] ], 
          [ [ 1, -3, 1, 0, 0, 2, 1, 0, 0, 1, 0, 0, 1, 1, -2, 0, 0, -1, 0, 0 ], 
              [ 1, 3, -1, 0, 0, -2, -1, 0, 0, -1, 0, 0, -1, -1, 2, 0, 0, 1, 0, 0 ] ], 
          [ [ 1, -6, 2, 1, 1, 3, 2, 2, -2, 1, 0, 0, 1, 1, -1, -1, 1, -3, -1, -1 ], 
              [ 1, 6, -2, -1, -1, -3, -2, -2, 2, -1, 0, 0, -1, -1, 1, 1, -1, 3, 1, 1 ] ], 
          [ [ 1, 0, 0, -1, -1, 1, 0, -2, 2, 1, 1, -1, 1, 1, -2, 1, 0, 1, 1, 0 ], 
              [ 1, 0, 0, 1, 1, -1, 0, 2, -2, -1, -1, 1, -1, -1, 2, -1, 0, -1, -1, 0 ] ], 
          [ [ 1, 3, 0, -2, 0, -1, 1, 0, -2, -2, -1, -1, 1, 0, 0, 1, 0, 1, 2, 0 ], 
              [ 1, -3, 0, 2, 0, 1, -1, 0, 2, 2, 1, 1, -1, 0, 0, -1, 0, -1, -2, 0 ] ], 
          [ [ 1, 6, -2, -4, -2, 0, -1, -1, 1, 0, -1, -2, 3, 1, -1, 1, -2, 4, 3, 0 ], 
              [ 1, -6, 2, 4, 2, 0, 1, 1, -1, 0, 1, 2, -3, -1, 1, -1, 2, -4, -3, 0 ] ], 
          [ [ 1, -3, 0, 0, 1, 2, 1, 0, 0, 1, 0, 0, 1, 1, -1, -1, 0, -1, 0, -1 ], 
              [ 1, 3, 0, 0, -1, -2, -1, 0, 0, -1, 0, 0, -1, -1, 1, 1, 0, 1, 0, 1 ] ], 
          [ [ 1, -3, 0, 0, 1, 2, 1, 0, 0, 1, 0, 0, 1, 2, -1, -1, -1, -2, 0, -1 ], 
              [ 1, 3, 0, 0, -1, -2, -1, 0, 0, -1, 0, 0, -1, -2, 1, 1, 1, 2, 0, 1 ] ], 
          [ [ 1, -5, 2, 1, 1, 1, 1, 0, -1, 1, 1, 1, -1, 1, -1, 0, 1, -2, 0, 0 ], 
              [ 1, 5, -2, -1, -1, -1, -1, 0, 1, -1, -1, -1, 1, -1, 1, 0, -1, 2, 0, 0 ] ], 
          [ [ 1, -1, 1, 0, 0, 0, 1, 0, -1, 0, 1, 1, -1, -1, -1, 0, 1, -1, 0, 0 ], 
              [ 1, 1, -1, 0, 0, 0, -1, 0, 1, 0, -1, -1, 1, 1, 1, 0, -1, 1, 0, 0 ] ], 
          [ [ 1, -1, 1, 0, 0, 0, 1, 0, -1, 0, 1, 1, -1, 0, -1, 0, 0, -2, 0, 0 ], 
              [ 1, 1, -1, 0, 0, 0, -1, 0, 1, 0, -1, -1, 1, 0, 1, 0, 0, 2, 0, 0 ] ], 
          [ [ 1, 0, 0, -1, -1, 1, 0, 1, -1, 1, 0, 0, 1, 1, -1, -1, 0, 0, 1, 0 ], 
              [ 1, 0, 0, 1, 1, -1, 0, -1, 1, -1, 0, 0, -1, -1, 1, 1, 0, 0, -1, 0 ] ], 
          [ [ 1, -1, 1, 0, 0, 0, 1, 0, -1, 0, 1, 1, -1, 0, -1, 0, 1, -2, 0, 0 ], 
              [ 1, 1, -1, 0, 0, 0, -1, 0, 1, 0, -1, -1, 1, 0, 1, 0, -1, 2, 0, 0 ] ], 
          [ [ 1, 0, 1, 0, 0, -1, 1, 0, -2, -1, 1, 0, -1, 0, -1, 1, 1, -1, 1, 1 ], 
              [ 1, 0, -1, 0, 0, 1, -1, 0, 2, 1, -1, 0, 1, 0, 1, -1, -1, 1, -1, -1 ] ], 
          [ [ 1, 2, -1, -2, -2, 1, -1, -1, 2, 2, 1, 0, 1, 1, -2, 0, -1, 1, 1, 0 ], 
              [ 1, -2, 1, 2, 2, -1, 1, 1, -2, -2, -1, 0, -1, -1, 2, 0, 1, -1, -1, 0 ] ], 
          [ [ 1, -1, 1, 0, 0, 0, 1, 0, -1, 0, 2, 0, -1, -1, -1, 1, 1, -1, 0, 0 ], 
              [ 1, 1, -1, 0, 0, 0, -1, 0, 1, 0, -2, 0, 1, 1, 1, -1, -1, 1, 0, 0 ] ], 
          [ [ 1, -9, 3, 3, 2, 2, 2, 1, -1, 1, 2, 2, -2, 0, -1, -1, 2, -5, -2, -1 ], 
              [ 1, 9, -3, -3, -2, -2, -2, -1, 1, -1, -2, -2, 2, 0, 1, 1, -2, 5, 2, 1 ] ], 
          [ [ 1, 5, -1, -3, -1, -1, 0, 1, -2, -1, -1, 0, 1, 0, 0, 0, -1, 1, 2, 0 ], 
              [ 1, -5, 1, 3, 1, 1, 0, -1, 2, 1, 1, 0, -1, 0, 0, 0, 1, -1, -2, 0 ] ], 
          [ [ 1, 0, -1, -2, -1, 2, 0, 0, 1, 2, 0, 0, 2, 2, -1, -1, -2, 0, 1, -1 ], 
              [ 1, 0, 1, 2, 1, -2, 0, 0, -1, -2, 0, 0, -2, -2, 1, 1, 2, 0, -1, 1 ] ], 
          [ [ 1, 0, 0, -1, 0, 0, 0, 0, 0, 0, 1, 0, 0, 0, -1, 1, 0, 0, 1, 0 ], 
              [ 1, 0, 0, 1, 0, 0, 0, 0, 0, 0, -1, 0, 0, 0, 1, -1, 0, 0, -1, 0 ] ], 
          [ [ 1, -1, 0, 0, 1, 0, 1, 0, -1, 0, 1, 1, -1, 0, 0, -1, 0, -2, 0, -1 ], 
              [ 1, 1, 0, 0, -1, 0, -1, 0, 1, 0, -1, -1, 1, 0, 0, 1, 0, 2, 0, 1 ] ], 
          [ [ 1, 0, 0, -1, 0, 0, 1, -1, 0, 0, 1, 0, 0, 0, -1, 1, 0, 0, 1, 0 ], 
              [ 1, 0, 0, 1, 0, 0, -1, 1, 0, 0, -1, 0, 0, 0, 1, -1, 0, 0, -1, 0 ] ], 
          [ [ 1, 1, -1, -2, -1, 1, 0, 0, 0, 1, 0, -1, 2, 2, -1, 0, -1, 1, 2, 0 ], 
              [ 1, -1, 1, 2, 1, -1, 0, 0, 0, -1, 0, 1, -2, -2, 1, 0, 1, -1, -2, 0 ] ], 
          [ [ 1, -1, 0, 0, 1, 0, 1, 0, -1, 0, 1, 1, -1, 0, -1, 0, 0, -2, 0, 0 ], 
              [ 1, 1, 0, 0, -1, 0, -1, 0, 1, 0, -1, -1, 1, 0, 1, 0, 0, 2, 0, 0 ] ], 
          [ [ 1, 5, -2, -3, -2, 0, 0, 0, 0, 0, 0, -1, 2, 0, -1, 0, -1, 2, 2, 0 ], 
              [ 1, -5, 2, 3, 2, 0, 0, 0, 0, 0, 0, 1, -2, 0, 1, 0, 1, -2, -2, 0 ] ], 
          [ [ 1, 3, 0, -2, -2, -1, 0, 0, -1, 0, 1, 0, 0, 0, -1, 1, 0, 1, 2, 1 ], 
              [ 1, -3, 0, 2, 2, 1, 0, 0, 1, 0, -1, 0, 0, 0, 1, -1, 0, -1, -2, -1 ] ], 
          [ [ 1, -4, 2, 1, 1, 1, 1, 1, -1, 1, 1, 1, -1, 0, -1, -1, 1, -3, -1, -1 ], 
              [ 1, 4, -2, -1, -1, -1, -1, -1, 1, -1, -1, -1, 1, 0, 1, 1, -1, 3, 1, 1 ] ], 
          [ [ 1, -3, 2, 0, 0, 1, 1, 0, 0, 1, 1, 0, 0, 0, -2, 1, 1, -1, 0, 0 ], 
              [ 1, 3, -2, 0, 0, -1, -1, 0, 0, -1, -1, 0, 0, 0, 2, -1, -1, 1, 0, 0 ] ], 
          [ [ 1, 5, -1, -3, -1, -1, 0, -1, 0, 0, 0, -1, 1, 0, -1, 1, -1, 2, 2, 0 ], 
              [ 1, -5, 1, 3, 1, 1, 0, 1, 0, 0, 0, 1, -1, 0, 1, -1, 1, -2, -2, 0 ] ], 
          [ [ 1, -3, 1, 0, 1, 1, 1, 0, 0, 1, 0, 1, 0, 1, -1, -1, 0, -2, 0, -1 ], 
              [ 1, 3, -1, 0, -1, -1, -1, 0, 0, -1, 0, -1, 0, -1, 1, 1, 0, 2, 0, 1 ] ], 
          [ [ 1, -2, 1, 0, 1, 0, 1, 0, -1, 0, 0, 0, 0, 1, -1, 0, 0, -1, 1, 0 ], 
              [ 1, 2, -1, 0, -1, 0, -1, 0, 1, 0, 0, 0, 0, -1, 1, 0, 0, 1, -1, 0 ] ], 
          [ [ 1, -6, 2, 1, 2, 2, 2, 2, -2, 1, 0, 1, 0, 1, -1, -1, 0, -4, -1, -1 ], 
              [ 1, 6, -2, -1, -2, -2, -2, -2, 2, -1, 0, -1, 0, -1, 1, 1, 0, 4, 1, 1 ] ], 
          [ [ 1, -3, 1, 0, 1, 1, 1, 0, 0, 1, 1, 0, 0, 0, -1, 0, 0, -1, 0, -1 ], 
              [ 1, 3, -1, 0, -1, -1, -1, 0, 0, -1, -1, 0, 0, 0, 1, 0, 0, 1, 0, 1 ] ], 
          [ [ 1, 0, 0, -1, 0, 0, 0, -2, 2, 1, 1, 0, 0, 1, -2, 1, -1, 0, 1, 0 ], 
              [ 1, 0, 0, 1, 0, 0, 0, 2, -2, -1, -1, 0, 0, -1, 2, -1, 1, 0, -1, 0 ] ], 
          [ [ 1, -3, 1, 0, 1, 1, 1, 0, 0, 1, 1, 0, 0, 1, -1, 0, 0, -2, 0, -1 ], 
              [ 1, 3, -1, 0, -1, -1, -1, 0, 0, -1, -1, 0, 0, -1, 1, 0, 0, 2, 0, 1 ] ], 
          [ [ 1, 2, 0, -1, 0, -1, 1, 0, -1, -1, 0, 0, 0, 0, -1, 0, 0, -1, 1, 0 ], 
              [ 1, -2, 0, 1, 0, 1, -1, 0, 1, 1, 0, 0, 0, 0, 1, 0, 0, 1, -1, 0 ] ], 
          [ [ 1, -6, 2, 2, 1, 1, 1, 0, 0, 2, 2, 2, -2, 1, -2, -1, 1, -4, -1, 0 ], 
              [ 1, 6, -2, -2, -1, -1, -1, 0, 0, -2, -2, -2, 2, -1, 2, 1, -1, 4, 1, 0 ] ], 
          [ [ 1, 3, -1, -2, -1, -1, -1, -1, 1, 1, 1, 0, 0, 1, -1, 0, -1, 1, 2, 0 ], 
              [ 1, -3, 1, 2, 1, 1, 1, 1, -1, -1, -1, 0, 0, -1, 1, 0, 1, -1, -2, 0 ] ], 
          [ [ 1, 0, 0, -1, 0, 0, 1, 0, -1, 1, 1, 0, 0, 1, -1, 0, -1, -1, 1, 0 ], 
              [ 1, 0, 0, 1, 0, 0, -1, 0, 1, -1, -1, 0, 0, -1, 1, 0, 1, 1, -1, 0 ] ], 
          [ [ 1, 2, 0, -1, -1, -1, 0, 1, -1, -1, 0, 0, 0, 0, 0, -1, 0, 0, 1, 1 ], 
              [ 1, -2, 0, 1, 1, 1, 0, -1, 1, 1, 0, 0, 0, 0, 0, 1, 0, 0, -1, -1 ] ], 
          [ [ 1, 3, 0, -2, -2, -1, 0, 0, 0, -1, 0, -1, 1, 0, -1, 1, 0, 2, 2, 2 ], 
              [ 1, -3, 0, 2, 2, 1, 0, 0, 0, 1, 0, 1, -1, 0, 1, -1, 0, -2, -2, -2 ] ], 
          [ [ 1, 5, -1, -2, -2, -2, -1, -1, 1, -1, 1, -1, 0, 0, -1, 1, 0, 2, 2, 2 ], 
              [ 1, -5, 1, 2, 2, 2, 1, 1, -1, 1, -1, 1, 0, 0, 1, -1, 0, -2, -2, -2 ] ], 
          [ [ 1, -3, 1, 1, 0, 0, 0, 0, 1, 0, 1, 1, -1, 1, -1, -1, 1, -2, 0, 1 ], 
              [ 1, 3, -1, -1, 0, 0, 0, 0, -1, 0, -1, -1, 1, -1, 1, 1, -1, 2, 0, -1 ] ], 
          [ [ 1, -3, 1, 1, 0, 0, 0, 0, 1, 0, 2, 0, -1, 0, -1, 0, 1, -1, 0, 1 ], 
              [ 1, 3, -1, -1, 0, 0, 0, 0, -1, 0, -2, 0, 1, 0, 1, 0, -1, 1, 0, -1 ] ], 
          [ [ 1, 3, -1, -2, -1, -1, 0, 0, 0, -1, 0, -1, 1, 1, 0, 0, -1, 1, 2, 1 ], 
              [ 1, -3, 1, 2, 1, 1, 0, 0, 0, 1, 0, 1, -1, -1, 0, 0, 1, -1, -2, -1 ] ], 
          [ [ 1, 0, 1, -1, -1, 0, 0, 1, 0, 0, 0, -1, 1, 1, -1, 0, 0, 0, 1, 1 ], 
              [ 1, 0, -1, 1, 1, 0, 0, -1, 0, 0, 0, 1, -1, -1, 1, 0, 0, 0, -1, -1 ] ], 
          [ [ 1, 3, -1, -2, -1, -1, -1, -1, 2, 0, 0, -1, 1, 1, -1, 0, -1, 2, 2, 1 ], 
              [ 1, -3, 1, 2, 1, 1, 1, 1, -2, 0, 0, 1, -1, -1, 1, 0, 1, -2, -2, -1 ] ], 
          [ [ 1, -3, 1, 0, 0, 2, 0, 1, 0, 1, 0, 0, 1, 1, -1, -1, 0, -1, 0, 0 ], 
              [ 1, 3, -1, 0, 0, -2, 0, -1, 0, -1, 0, 0, -1, -1, 1, 1, 0, 1, 0, 0 ] ], 
          [ [ 1, -3, 2, 1, 1, 0, 1, 0, -1, -1, 1, 0, -1, 0, -1, 1, 1, -2, 0, 1 ], 
              [ 1, 3, -2, -1, -1, 0, -1, 0, 1, 1, -1, 0, 1, 0, 1, -1, -1, 2, 0, -1 ] ], 
          [ [ 1, 5, -1, -2, -2, -1, -1, -1, 1, -1, 0, -1, 1, 0, -1, 0, 0, 2, 2, 1 ], 
              [ 1, -5, 1, 2, 2, 1, 1, 1, -1, 1, 0, 1, -1, 0, 1, 0, 0, -2, -2, -1 ] ], 
          [ [ 1, 3, 0, -2, -2, 0, 0, 0, 0, -1, 0, -2, 2, 0, -1, 1, 0, 2, 2, 1 ], 
              [ 1, -3, 0, 2, 2, 0, 0, 0, 0, 1, 0, 2, -2, 0, 1, -1, 0, -2, -2, -1 ] ], 
          [ [ 1, 2, 0, -1, -1, 0, 0, 1, -1, -1, 0, -1, 1, 0, -1, 0, 0, 0, 1, 1 ], 
              [ 1, -2, 0, 1, 1, 0, 0, -1, 1, 1, 0, 1, -1, 0, 1, 0, 0, 0, -1, -1 ] ], 
          [ [ 1, 2, 0, -1, -1, 0, 1, 0, -1, -1, 0, -1, 1, 0, -1, 0, 0, 0, 1, 1 ], 
              [ 1, -2, 0, 1, 1, 0, -1, 0, 1, 1, 0, 1, -1, 0, 1, 0, 0, 0, -1, -1 ] ], 
          [ [ 1, 3, -1, -2, -1, 0, 0, 0, 0, -1, -1, -1, 2, 1, -1, 0, -1, 1, 2, 1 ], 
              [ 1, -3, 1, 2, 1, 0, 0, 0, 0, 1, 1, 1, -2, -1, 1, 0, 1, -1, -2, -1 ] ], 
          [ [ 1, 3, 0, -1, -1, -2, -1, -1, 0, -1, 1, 0, -1, 0, -1, 1, 0, 1, 2, 2 ], 
              [ 1, -3, 0, 1, 1, 2, 1, 1, 0, 1, -1, 0, 1, 0, 1, -1, 0, -1, -2, -2 ] ], 
          [ [ 1, 0, 1, 0, 0, -1, 0, 1, -2, -1, 1, 0, -1, 0, 0, 0, 1, -1, 1, 1 ], 
              [ 1, 0, -1, 0, 0, 1, 0, -1, 2, 1, -1, 0, 1, 0, 0, 0, -1, 1, -1, -1 ] ], 
          [ [ 1, 0, 0, -1, -1, 1, 0, 1, -1, 1, 0, 0, 1, 2, -1, -1, -1, -1, 1, 1 ], 
              [ 1, 0, 0, 1, 1, -1, 0, -1, 1, -1, 0, 0, -1, -2, 1, 1, 1, 1, -1, -1 ] ], 
          [ [ 1, 3, -1, -2, -2, 0, -1, -1, 1, 1, 1, -1, 1, 1, -1, 0, -1, 2, 2, 1 ], 
              [ 1, -3, 1, 2, 2, 0, 1, 1, -1, -1, -1, 1, -1, -1, 1, 0, 1, -2, -2, -1 ] ], 
          [ [ 1, 0, 0, 0, -1, 0, 0, 0, 0, 0, 1, 0, 0, 1, -1, -1, 0, -1, 1, 1 ], 
              [ 1, 0, 0, 0, 1, 0, 0, 0, 0, 0, -1, 0, 0, -1, 1, 1, 0, 1, -1, -1 ] ], 
          [ [ 1, -6, 2, 2, 1, 2, 1, 0, 1, 1, 1, 0, 0, 1, -2, -1, 1, -3, -1, 0 ], 
              [ 1, 6, -2, -2, -1, -2, -1, 0, -1, -1, -1, 0, 0, -1, 2, 1, -1, 3, 1, 0 ] ], 
          [ [ 1, 0, 1, 0, 0, -1, 0, -1, 0, 0, 1, 0, -1, 1, -1, 0, 0, -1, 1, 1 ], 
              [ 1, 0, -1, 0, 0, 1, 0, 1, 0, 0, -1, 0, 1, -1, 1, 0, 0, 1, -1, -1 ] ], 
          [ [ 1, -3, 2, 1, 1, 0, 1, 1, -2, 0, 1, 0, -1, 0, -1, 0, 1, -2, 0, 1 ], 
              [ 1, 3, -2, -1, -1, 0, -1, -1, 2, 0, -1, 0, 1, 0, 1, 0, -1, 2, 0, -1 ] ], 
          [ [ 1, 6, -1, -3, -3, -1, -1, -1, 1, 0, 0, -2, 2, 1, -2, 1, -1, 3, 3, 2 ], 
              [ 1, -6, 1, 3, 3, 1, 1, 1, -1, 0, 0, 2, -2, -1, 2, -1, 1, -3, -3, -2 ] ], 
          [ [ 1, -3, 1, -1, 0, 2, 1, 1, 0, 1, 0, 0, 1, 1, -1, 0, 0, -1, 0, -1 ], 
              [ 1, 3, -1, 1, 0, -2, -1, -1, 0, -1, 0, 0, -1, -1, 1, 0, 0, 1, 0, 1 ] ], 
          [ [ 1, 0, -1, -2, 0, 1, 0, -1, 2, 1, 0, 0, 1, 1, -1, 0, -1, 1, 1, -1 ], 
              [ 1, 0, 1, 2, 0, -1, 0, 1, -2, -1, 0, 0, -1, -1, 1, 0, 1, -1, -1, 1 ] ], 
          [ [ 1, -9, 2, 2, 2, 4, 2, 0, 1, 2, 1, 1, 0, 1, -2, -1, 1, -4, -2, -2 ], 
              [ 1, 9, -2, -2, -2, -4, -2, 0, -1, -2, -1, -1, 0, -1, 2, 1, -1, 4, 2, 2 ] ],
          [ [ 1, -3, 1, 0, 1, 1, 1, -1, 0, 1, 1, 1, -1, 1, -1, 0, 0, -2, 0, -1 ], 
              [ 1, 3, -1, 0, -1, -1, -1, 1, 0, -1, -1, -1, 1, -1, 1, 0, 0, 2, 0, 1 ] ], 
          [ [ 1, -6, 2, 1, 2, 2, 2, 1, -2, 1, 1, 1, -1, 0, -1, 0, 1, -3, -1, -1 ], 
              [ 1, 6, -2, -1, -2, -2, -2, -1, 2, -1, -1, -1, 1, 0, 1, 0, -1, 3, 1, 1 ] ], 
          [ [ 1, 3, -1, -3, -2, 1, 0, -1, 1, 1, 0, -1, 2, 1, -2, 1, -1, 2, 2, 0 ], 
              [ 1, -3, 1, 3, 2, -1, 0, 1, -1, -1, 0, 1, -2, -1, 2, -1, 1, -2, -2, 0 ] ], 
          [ [ 1, -5, 2, 0, 1, 2, 1, -1, 1, 2, 1, 0, 0, 1, -2, 1, 0, -1, 0, -1 ], 
              [ 1, 5, -2, 0, -1, -2, -1, 1, -1, -2, -1, 0, 0, -1, 2, -1, 0, 1, 0, 1 ] ], 
          [ [ 1, -3, 2, 0, 1, 1, 2, 1, -2, 0, 0, 0, 0, 0, -1, 0, 1, -2, 0, -1 ], 
              [ 1, 3, -2, 0, -1, -1, -2, -1, 2, 0, 0, 0, 0, 0, 1, 0, -1, 2, 0, 1 ] ], 
          [ [ 1, -1, 1, -1, 0, 1, 1, -1, 1, 1, 1, 0, 0, 0, -2, 1, 0, -1, 0, -1 ], 
              [ 1, 1, -1, 1, 0, -1, -1, 1, -1, -1, -1, 0, 0, 0, 2, -1, 0, 1, 0, 1 ] ], 
          [ [ 1, -8, 2, 1, 3, 3, 2, 1, -1, 2, 0, 1, 0, 2, -1, -1, 0, -4, -1, -2 ], 
              [ 1, 8, -2, -1, -3, -3, -2, -1, 1, -2, 0, -1, 0, -2, 1, 1, 0, 4, 1, 2 ] ], 
          [ [ 1, -4, 1, 0, 2, 2, 2, 1, -1, 1, 0, 1, 0, 0, -1, -1, 0, -3, -1, -2 ], 
              [ 1, 4, -1, 0, -2, -2, -2, -1, 1, -1, 0, -1, 0, 0, 1, 1, 0, 3, 1, 2 ] ], 
          [ [ 1, -6, 3, 1, 2, 1, 2, 1, -2, 1, 1, 2, -2, 0, -1, 0, 1, -4, -1, -1 ], 
              [ 1, 6, -3, -1, -2, -1, -2, -1, 2, -1, -1, -2, 2, 0, 1, 0, -1, 4, 1, 1 ] ], 
          [ [ 1, -6, 2, 1, 1, 2, 2, 0, 0, 2, 2, 1, -1, 0, -2, 0, 1, -3, -1, -1 ], 
              [ 1, 6, -2, -1, -1, -2, -2, 0, 0, -2, -2, -1, 1, 0, 2, 0, -1, 3, 1, 1 ] ], 
          [ [ 1, -3, 1, 0, 2, 0, 1, -1, 0, 1, 2, 1, -2, 0, -1, 1, 0, -2, 0, -1 ], 
              [ 1, 3, -1, 0, -2, 0, -1, 1, 0, -1, -2, -1, 2, 0, 1, -1, 0, 2, 0, 1 ] ], 
          [ [ 1, 0, 0, -2, 0, 1, 1, 1, -1, 1, 0, 0, 1, 1, -1, 0, -1, -1, 1, -1 ], 
              [ 1, 0, 0, 2, 0, -1, -1, -1, 1, -1, 0, 0, -1, -1, 1, 0, 1, 1, -1, 1 ] ], 
          [ [ 1, 5, -1, -3, -2, -1, 0, -1, 1, -1, 0, -1, 1, 0, -1, 1, -1, 2, 2, 1 ], 
              [ 1, -5, 1, 3, 2, 1, 0, 1, -1, 1, 0, 1, -1, 0, 1, -1, 1, -2, -2, -1 ] ], 
          [ [ 1, -3, 1, 0, 0, 1, 1, 0, 1, 0, 1, 0, 0, 0, -1, 0, 1, -1, 0, 0 ], 
              [ 1, 3, -1, 0, 0, -1, -1, 0, -1, 0, -1, 0, 0, 0, 1, 0, -1, 1, 0, 0 ] ], 
          [ [ 1, -4, 1, 1, 1, 1, 1, 1, 0, 0, 1, 1, -1, 0, -1, -1, 1, -3, -1, 0 ], 
              [ 1, 4, -1, -1, -1, -1, -1, -1, 0, 0, -1, -1, 1, 0, 1, 1, -1, 3, 1, 0 ] ], 
          [ [ 1, 2, 0, -2, -1, 0, 0, 0, 1, 0, 0, -1, 1, 0, -1, 0, 0, 1, 1, 0 ], 
              [ 1, -2, 0, 2, 1, 0, 0, 0, -1, 0, 0, 1, -1, 0, 1, 0, 0, -1, -1, 0 ] ], 
          [ [ 1, -3, 1, 0, 0, 1, 0, -1, 3, 1, 1, 0, 0, 1, -2, 0, 0, -1, 0, 0 ], 
              [ 1, 3, -1, 0, 0, -1, 0, 1, -3, -1, -1, 0, 0, -1, 2, 0, 0, 1, 0, 0 ] ], 
          [ [ 1, 0, 0, -2, 0, 1, 1, 1, 0, 0, -1, -1, 2, 1, -1, 0, -1, 0, 1, 0 ], 
              [ 1, 0, 0, 2, 0, -1, -1, -1, 0, 0, 1, 1, -2, -1, 1, 0, 1, 0, -1, 0 ] ], 
          [ [ 1, 0, 1, -1, 0, -1, 0, 0, 0, 0, 1, 0, -1, 0, -1, 1, 0, 0, 1, 1 ], 
              [ 1, 0, -1, 1, 0, 1, 0, 0, 0, 0, -1, 0, 1, 0, 1, -1, 0, 0, -1, -1 ] ], 
          [ [ 1, 0, 0, -1, -1, 0, 0, -1, 2, 1, 1, 0, 0, 1, -2, 0, 0, 0, 1, 1 ], 
              [ 1, 0, 0, 1, 1, 0, 0, 1, -2, -1, -1, 0, 0, -1, 2, 0, 0, 0, -1, -1 ] ], 
          [ [ 1, -3, 1, 0, 0, 1, 1, 1, 0, 1, 1, 0, 0, 1, -1, -1, 0, -2, 0, 0 ], 
              [ 1, 3, -1, 0, 0, -1, -1, -1, 0, -1, -1, 0, 0, -1, 1, 1, 0, 2, 0, 0 ] ], 
          [ [ 1, -2, 1, -1, 0, 2, 1, 1, -1, 0, -1, -1, 2, 1, -1, 0, 0, 0, 1, 0 ], 
              [ 1, 2, -1, 1, 0, -2, -1, -1, 1, 0, 1, 1, -2, -1, 1, 0, 0, 0, -1, 0 ] ], 
          [ [ 1, -1, 0, -1, 0, 2, 0, 0, 1, 1, 0, 0, 1, 1, -1, -1, -1, -1, 0, -1 ], 
              [ 1, 1, 0, 1, 0, -2, 0, 0, -1, -1, 0, 0, -1, -1, 1, 1, 1, 1, 0, 1 ] ], 
          [ [ 1, 0, 0, -2, -1, 2, 0, -1, 2, 1, 0, -1, 2, 1, -2, 1, -1, 1, 1, 0 ], 
              [ 1, 0, 0, 2, 1, -2, 0, 1, -2, -1, 0, 1, -2, -1, 2, -1, 1, -1, -1, 0 ] ], 
          [ [ 1, -1, 1, 0, 1, 0, 1, -1, 0, -1, 1, 0, -1, -1, -1, 1, 1, -1, 0, 0 ], 
              [ 1, 1, -1, 0, -1, 0, -1, 1, 0, 1, -1, 0, 1, 1, 1, -1, -1, 1, 0, 0 ] ], 
          [ [ 1, 0, 0, -1, 0, 1, 0, 0, 0, 0, 0, -1, 1, 1, -1, 0, 0, 0, 1, 0 ], 
              [ 1, 0, 0, 1, 0, -1, 0, 0, 0, 0, 0, 1, -1, -1, 1, 0, 0, 0, -1, 0 ] ], 
          [ [ 1, 2, 0, -2, -1, 1, 1, 1, -1, -1, -1, -1, 2, 0, -1, 0, 0, 0, 1, 0 ], 
              [ 1, -2, 0, 2, 1, -1, -1, -1, 1, 1, 1, 1, -2, 0, 1, 0, 0, 0, -1, 0 ] ], 
          [ [ 1, 2, 1, -1, -1, -1, 0, 0, -1, -1, 1, 0, -1, -1, -1, 1, 1, 0, 1, 1 ], 
              [ 1, -2, -1, 1, 1, 1, 0, 0, 1, 1, -1, 0, 1, 1, 1, -1, -1, 0, -1, -1 ] ], 
          [ [ 1, -6, 2, 1, 0, 3, 1, 1, 0, 2, 1, 1, 0, 1, -2, -1, 1, -3, -1, 0 ], 
              [ 1, 6, -2, -1, 0, -3, -1, -1, 0, -2, -1, -1, 0, -1, 2, 1, -1, 3, 1, 0 ] ], 
          [ [ 1, -3, 1, 0, -1, 2, 0, -1, 2, 2, 2, 0, 0, 1, -2, 0, 0, -1, 0, 0 ], 
              [ 1, 3, -1, 0, 1, -2, 0, 1, -2, -2, -2, 0, 0, -1, 2, 0, 0, 1, 0, 0 ] ], 
          [ [ 1, -3, 1, 0, 1, 1, 0, 0, 0, 1, 1, 1, -1, 1, -1, 0, 0, -2, 0, 0 ], 
              [ 1, 3, -1, 0, -1, -1, 0, 0, 0, -1, -1, -1, 1, -1, 1, 0, 0, 2, 0, 0 ] ], 
          [ [ 1, 3, 0, -2, -1, -1, 0, -1, 0, -1, 0, 0, 0, 0, -1, 1, 0, 1, 2, 1 ], 
              [ 1, -3, 0, 2, 1, 1, 0, 1, 0, 1, 0, 0, 0, 0, 1, -1, 0, -1, -2, -1 ] ], 
          [ [ 1, 0, 1, -1, 0, 0, 1, 1, -2, -1, 0, 0, 0, 0, 0, 0, 0, -1, 1, 0 ], 
              [ 1, 0, -1, 1, 0, 0, -1, -1, 2, 1, 0, 0, 0, 0, 0, 0, 0, 1, -1, 0 ] ], 
          [ [ 1, 0, 1, -1, 0, 0, 1, 1, -2, -1, 0, 0, 0, 0, -1, 1, 0, -1, 1, 1 ], 
              [ 1, 0, -1, 1, 0, 0, -1, -1, 2, 1, 0, 0, 0, 0, 1, -1, 0, 1, -1, -1 ] ], 
          [ [ 1, 3, -1, -3, -2, 1, -1, 0, 1, 1, 0, -1, 2, 1, -1, 0, -1, 2, 2, 0 ], 
              [ 1, -3, 1, 3, 2, -1, 1, 0, -1, -1, 0, 1, -2, -1, 1, 0, 1, -2, -2, 0 ] ], 
          [ [ 1, 3, 0, -2, -1, -1, 0, -1, 0, -1, 1, -1, 0, -1, -1, 2, 0, 2, 2, 1 ], 
              [ 1, -3, 0, 2, 1, 1, 0, 1, 0, 1, -1, 1, 0, 1, 1, -2, 0, -2, -2, -1 ] ], 
          [ [ 1, 3, 0, -2, -1, -1, 0, -1, 0, -1, 1, -1, 0, 0, -1, 2, 0, 1, 2, 1 ], 
              [ 1, -3, 0, 2, 1, 1, 0, 1, 0, 1, -1, 1, 0, 0, 1, -2, 0, -1, -2, -1 ] ], 
          [ [ 1, 2, -1, -2, -1, 1, 0, 0, 0, 1, 0, 0, 1, 1, -1, -1, -1, 0, 1, 0 ], 
              [ 1, -2, 1, 2, 1, -1, 0, 0, 0, -1, 0, 0, -1, -1, 1, 1, 1, 0, -1, 0 ] ], 
          [ [ 1, 0, 0, -2, -1, 2, 1, 1, -1, 1, 0, -1, 2, 1, -1, 0, -1, 0, 1, 0 ], 
              [ 1, 0, 0, 2, 1, -2, -1, -1, 1, -1, 0, 1, -2, -1, 1, 0, 1, 0, -1, 0 ] ], 
          [ [ 1, -3, 1, 1, 1, 0, 0, -1, 1, 0, 2, 1, -2, 0, -1, 0, 1, -2, 0, 0 ], 
              [ 1, 3, -1, -1, -1, 0, 0, 1, -1, 0, -2, -1, 2, 0, 1, 0, -1, 2, 0, 0 ] ], 
          [ [ 1, -6, 1, 1, 1, 3, 1, 1, 0, 2, 1, 1, 0, 1, -1, -2, 0, -3, -1, -1 ], 
              [ 1, 6, -1, -1, -1, -3, -1, -1, 0, -2, -1, -1, 0, -1, 1, 2, 0, 3, 1, 1 ] ], 
          [ [ 1, -3, 0, 0, 0, 2, 0, -1, 2, 2, 1, 1, 0, 2, -2, -1, -1, -2, 0, 0 ], 
              [ 1, 3, 0, 0, 0, -2, 0, 1, -2, -2, -1, -1, 0, -2, 2, 1, 1, 2, 0, 0 ] ], 
          [ [ 1, -6, 1, 1, 1, 3, 1, 1, 0, 2, 1, 1, 0, 2, -1, -2, 0, -4, -1, -1 ], 
              [ 1, 6, -1, -1, -1, -3, -1, -1, 0, -2, -1, -1, 0, -2, 1, 2, 0, 4, 1, 1 ] ], 
          [ [ 1, -6, 2, 2, 2, 1, 2, 0, -1, 0, 2, 1, -2, 0, -1, 0, 1, -4, -1, 0 ], 
              [ 1, 6, -2, -2, -2, -1, -2, 0, 1, 0, -2, -1, 2, 0, 1, 0, -1, 4, 1, 0 ] ], 
          [ [ 1, -3, 0, 0, 0, 2, 0, -1, 2, 2, 2, 0, 0, 1, -2, 0, 0, -1, 0, 0 ], 
              [ 1, 3, 0, 0, 0, -2, 0, 1, -2, -2, -2, 0, 0, -1, 2, 0, 0, 1, 0, 0 ] ], 
          [ [ 1, 0, 0, -1, 1, 0, 1, 1, -2, -1, 0, 0, 0, 0, 0, 0, 0, -1, 1, 0 ], 
              [ 1, 0, 0, 1, -1, 0, -1, -1, 2, 1, 0, 0, 0, 0, 0, 0, 0, 1, -1, 0 ] ], 
          [ [ 1, -6, 3, 1, 2, 2, 2, 1, -1, 0, 0, 0, 0, 0, -1, 0, 1, -3, -1, -1 ], 
              [ 1, 6, -3, -1, -2, -2, -2, -1, 1, 0, 0, 0, 0, 0, 1, 0, -1, 3, 1, 1 ] ], 
          [ [ 1, -6, 3, 2, 1, 1, 1, -1, 1, 1, 2, 1, -2, 0, -2, 0, 2, -3, -1, 0 ], 
              [ 1, 6, -3, -2, -1, -1, -1, 1, -1, -1, -2, -1, 2, 0, 2, 0, -2, 3, 1, 0 ] ], 
          [ [ 1, -9, 4, 3, 2, 2, 2, 1, -1, 1, 2, 1, -2, 0, -2, 0, 2, -5, -2, 0 ], 
              [ 1, 9, -4, -3, -2, -2, -2, -1, 1, -1, -2, -1, 2, 0, 2, 0, -2, 5, 2, 0 ] ], 
          [ [ 1, 6, 0, -4, -2, -1, 0, 0, -1, -1, -1, -2, 2, 0, -1, 2, -1, 3, 3, 1 ], 
              [ 1, -6, 0, 4, 2, 1, 0, 0, 1, 1, 1, 2, -2, 0, 1, -2, 1, -3, -3, -1 ] ], 
          [ [ 1, -6, 2, 1, 2, 2, 1, 0, 0, 2, 1, 1, -1, 1, -1, -1, 0, -3, -1, -1 ], 
              [ 1, 6, -2, -1, -2, -2, -1, 0, 0, -2, -1, -1, 1, -1, 1, 1, 0, 3, 1, 1 ] ], 
          [ [ 1, 0, 1, -1, 0, 0, 0, 0, 0, 0, 0, 0, 0, 0, -1, 0, 0, 0, 1, 0 ], 
              [ 1, 0, -1, 1, 0, 0, 0, 0, 0, 0, 0, 0, 0, 0, 1, 0, 0, 0, -1, 0 ] ], 
          [ [ 1, 0, 1, -1, 0, 0, 0, 0, 0, 0, 0, 0, 0, 1, -1, 0, 0, -1, 1, 0 ], 
              [ 1, 0, -1, 1, 0, 0, 0, 0, 0, 0, 0, 0, 0, -1, 1, 0, 0, 1, -1, 0 ] ], 
          [ [ 1, -3, 1, -1, 0, 3, 1, 2, -1, 2, -1, 0, 2, 2, -1, -2, -1, -2, 0, -1 ], 
              [ 1, 3, -1, 1, 0, -3, -1, -2, 1, -2, 1, 0, -2, -2, 1, 2, 1, 2, 0, 1 ] ], 
          [ [ 1, 0, 2, 0, 1, -2, 1, -1, -1, -2, 1, 0, -2, -1, -1, 2, 1, -1, 1, 1 ], 
              [ 1, 0, -2, 0, -1, 2, -1, 1, 1, 2, -1, 0, 2, 1, 1, -2, -1, 1, -1, -1 ] ], 
          [ [ 1, -3, 2, 0, 1, 1, 1, 2, -2, 0, 0, 0, 0, 0, -1, 0, 1, -2, 0, 0 ], 
              [ 1, 3, -2, 0, -1, -1, -1, -2, 2, 0, 0, 0, 0, 0, 1, 0, -1, 2, 0, 0 ] ], 
          [ [ 1, -3, 2, 0, 1, 1, 2, 1, -2, 0, 0, 0, 0, 0, -1, 0, 0, -2, 0, 0 ], 
              [ 1, 3, -2, 0, -1, -1, -2, -1, 2, 0, 0, 0, 0, 0, 1, 0, 0, 2, 0, 0 ] ], 
          [ [ 1, -3, 2, 0, 1, 1, 2, 1, -2, 0, 0, 0, 0, 0, -1, 0, 1, -2, 0, 0 ], 
              [ 1, 3, -2, 0, -1, -1, -2, -1, 2, 0, 0, 0, 0, 0, 1, 0, -1, 2, 0, 0 ] ], 
          [ [ 1, -3, 2, 0, 1, 1, 2, 1, -2, 0, 0, 0, 0, 1, -1, 0, 0, -3, 0, 0 ], 
              [ 1, 3, -2, 0, -1, -1, -2, -1, 2, 0, 0, 0, 0, -1, 1, 0, 0, 3, 0, 0 ] ], 
          [ [ 1, 3, -1, -3, -2, 1, -1, -2, 3, 2, 0, -1, 2, 2, -2, 0, -2, 2, 2, 0 ], 
              [ 1, -3, 1, 3, 2, -1, 1, 2, -3, -2, 0, 1, -2, -2, 2, 0, 2, -2, -2, 0 ] ], 
          [ [ 1, 3, 0, -2, -1, -1, -1, -2, 2, 0, 1, -1, 0, 0, -2, 2, 0, 2, 2, 1 ], 
              [ 1, -3, 0, 2, 1, 1, 1, 2, -2, 0, -1, 1, 0, 0, 2, -2, 0, -2, -2, -1 ] ], 
          [ [ 1, 0, 1, -1, 0, 0, 0, 0, 0, 0, 1, -1, 0, 0, -1, 1, 0, 0, 1, 0 ], 
              [ 1, 0, -1, 1, 0, 0, 0, 0, 0, 0, -1, 1, 0, 0, 1, -1, 0, 0, -1, 0 ] ], 
          [ [ 1, 0, 0, -2, -1, 2, 0, 0, 1, 2, 0, -1, 2, 1, -2, 0, -1, 1, 1, 0 ], 
              [ 1, 0, 0, 2, 1, -2, 0, 0, -1, -2, 0, 1, -2, -1, 2, 0, 1, -1, -1, 0 ] ], 
          [ [ 1, 0, 1, -1, 0, 0, 1, -1, 0, 0, 1, -1, 0, 0, -1, 1, 0, 0, 1, 0 ], 
              [ 1, 0, -1, 1, 0, 0, -1, 1, 0, 0, -1, 1, 0, 0, 1, -1, 0, 0, -1, 0 ] ], 
          [ [ 1, 0, 0, -2, -1, 2, 0, 0, 1, 2, 0, -1, 2, 2, -2, 0, -2, 0, 1, 0 ], 
              [ 1, 0, 0, 2, 1, -2, 0, 0, -1, -2, 0, 1, -2, -2, 2, 0, 2, 0, -1, 0 ] ], 
          [ [ 1, 0, 0, -2, -1, 2, 0, 0, 1, 2, 0, -1, 2, 2, -2, 0, -1, 0, 1, 0 ], 
              [ 1, 0, 0, 2, 1, -2, 0, 0, -1, -2, 0, 1, -2, -2, 2, 0, 1, 0, -1, 0 ] ], 
          [ [ 1, -1, 1, 0, 1, 0, 1, 0, -1, 0, 1, 0, -1, 0, -1, 0, 0, -2, 0, 0 ], 
              [ 1, 1, -1, 0, -1, 0, -1, 0, 1, 0, -1, 0, 1, 0, 1, 0, 0, 2, 0, 0 ] ], 
          [ [ 1, 0, 1, -1, 0, 0, 1, -1, 0, 0, 1, -1, 0, 0, -2, 2, 0, 0, 1, 1 ], 
              [ 1, 0, -1, 1, 0, 0, -1, 1, 0, 0, -1, 1, 0, 0, 2, -2, 0, 0, -1, -1 ] ], 
          [ [ 1, -9, 3, 3, 3, 2, 2, 1, -1, 1, 1, 2, -2, 1, -1, -2, 1, -6, -2, -1 ], 
              [ 1, 9, -3, -3, -3, -2, -2, -1, 1, -1, -1, -2, 2, -1, 1, 2, -1, 6, 2, 1 ] ],
          [ [ 1, -8, 3, 2, 2, 2, 2, 0, 0, 1, 1, 1, -1, 1, -2, 0, 1, -4, -1, 0 ], 
              [ 1, 8, -3, -2, -2, -2, -2, 0, 0, -1, -1, -1, 1, -1, 2, 0, -1, 4, 1, 0 ] ], 
          [ [ 1, -6, 1, 1, 1, 3, 0, 0, 2, 3, 1, 1, 0, 2, -2, -2, 0, -3, -1, -1 ], 
              [ 1, 6, -1, -1, -1, -3, 0, 0, -2, -3, -1, -1, 0, -2, 2, 2, 0, 3, 1, 1 ] ], 
          [ [ 1, -8, 2, 1, 1, 4, 1, 1, 1, 3, 1, 0, 1, 2, -2, -1, 0, -3, -1, -1 ], 
              [ 1, 8, -2, -1, -1, -4, -1, -1, -1, -3, -1, 0, -1, -2, 2, 1, 0, 3, 1, 1 ] ],
          [ [ 1, -6, 2, 2, 2, 1, 1, -1, 1, 1, 2, 1, -2, 0, -2, 0, 1, -3, -1, 0 ], 
              [ 1, 6, -2, -2, -2, -1, -1, 1, -1, -1, -2, -1, 2, 0, 2, 0, -1, 3, 1, 0 ] ], 
          [ [ 1, -9, 3, 3, 3, 2, 2, 1, -1, 1, 2, 1, -2, 0, -1, -1, 2, -5, -2, -1 ], 
              [ 1, 9, -3, -3, -3, -2, -2, -1, 1, -1, -2, -1, 2, 0, 1, 1, -2, 5, 2, 1 ] ], 
          [ [ 1, -6, 2, 2, 2, 1, 1, -1, 1, 1, 2, 1, -2, 1, -2, 0, 1, -4, -1, 0 ], 
              [ 1, 6, -2, -2, -2, -1, -1, 1, -1, -1, -2, -1, 2, -1, 2, 0, -1, 4, 1, 0 ] ],
          [ [ 1, -9, 2, 2, 2, 4, 2, 1, 0, 3, 1, 1, 0, 2, -2, -2, 0, -5, -2, -1 ], 
              [ 1, 9, -2, -2, -2, -4, -2, -1, 0, -3, -1, -1, 0, -2, 2, 2, 0, 5, 2, 1 ] ], 
          [ [ 1, -3, 1, 0, 0, 2, 1, 1, 0, 1, 0, 0, 1, 1, -2, -1, 0, -2, 0, 0 ], 
              [ 1, 3, -1, 0, 0, -2, -1, -1, 0, -1, 0, 0, -1, -1, 2, 1, 0, 2, 0, 0 ] ], 
          [ [ 1, 0, 0, -1, -1, 1, 0, -1, 2, 1, 1, -1, 1, 1, -2, 0, 0, 0, 1, 0 ], 
              [ 1, 0, 0, 1, 1, -1, 0, 1, -2, -1, -1, 1, -1, -1, 2, 0, 0, 0, -1, 0 ] ], 
          [ [ 1, 1, 0, -2, 0, 0, 0, -1, 1, 0, 0, -1, 1, 1, -1, 1, -1, 1, 2, 0 ], 
              [ 1, -1, 0, 2, 0, 0, 0, 1, -1, 0, 0, 1, -1, -1, 1, -1, 1, -1, -2, 0 ] ], 
          [ [ 1, 0, 0, -1, 1, 0, 0, 0, 0, 0, 0, 0, 0, 1, -1, 0, -1, -1, 1, 0 ], 
              [ 1, 0, 0, 1, -1, 0, 0, 0, 0, 0, 0, 0, 0, -1, 1, 0, 1, 1, -1, 0 ] ], 
          [ [ 1, 0, 0, -1, 1, 0, 1, -1, 0, 0, 0, 0, 0, 1, -1, 0, -1, -1, 1, 0 ], 
              [ 1, 0, 0, 1, -1, 0, -1, 1, 0, 0, 0, 0, 0, -1, 1, 0, 1, 1, -1, 0 ] ], 
          [ [ 1, 0, -1, -2, 0, 2, 0, 0, 1, 2, 0, -1, 2, 2, -1, -1, -2, 0, 1, -1 ], 
              [ 1, 0, 1, 2, 0, -2, 0, 0, -1, -2, 0, 1, -2, -2, 1, 1, 2, 0, -1, 1 ] ], 
          [ [ 1, -2, 1, -1, 0, 1, 0, 0, 0, 2, 1, 0, 0, 2, -1, 0, -1, -1, 1, 0 ], 
              [ 1, 2, -1, 1, 0, -1, 0, 0, 0, -2, -1, 0, 0, -2, 1, 0, 1, 1, -1, 0 ] ], 
          [ [ 1, 3, 0, -2, -1, -1, 0, 0, -1, 0, 0, 0, 0, 1, -1, 0, -1, 0, 2, 1 ], 
              [ 1, -3, 0, 2, 1, 1, 0, 0, 1, 0, 0, 0, 0, -1, 1, 0, 1, 0, -2, -1 ] ], 
          [ [ 1, 2, 0, -2, -1, 0, 0, 0, 0, 1, 1, 0, 0, 0, -1, 0, -1, 0, 1, 0 ], 
              [ 1, -2, 0, 2, 1, 0, 0, 0, 0, -1, -1, 0, 0, 0, 1, 0, 1, 0, -1, 0 ] ], 
          [ [ 1, 3, 0, -2, -1, -1, 0, 0, -1, 0, 1, -1, 0, 0, -1, 1, 0, 1, 2, 1 ], 
              [ 1, -3, 0, 2, 1, 1, 0, 0, 1, 0, -1, 1, 0, 0, 1, -1, 0, -1, -2, -1 ] ], 
          [ [ 1, -5, 2, 1, 1, 1, 1, 1, -1, 1, 1, 1, -1, 1, -1, -1, 1, -3, 0, 0 ], 
              [ 1, 5, -2, -1, -1, -1, -1, -1, 1, -1, -1, -1, 1, -1, 1, 1, -1, 3, 0, 0 ] ],
          [ [ 1, -3, 1, 0, 0, 1, 0, -1, 2, 2, 2, 1, -1, 1, -2, 0, 0, -2, 0, 0 ], 
              [ 1, 3, -1, 0, 0, -1, 0, 1, -2, -2, -2, -1, 1, -1, 2, 0, 0, 2, 0, 0 ] ], 
          [ [ 1, -2, 1, 0, 0, 0, 0, -1, 1, 1, 2, 0, -1, 1, -2, 1, 0, -1, 1, 1 ], 
              [ 1, 2, -1, 0, 0, 0, 0, 1, -1, -1, -2, 0, 1, -1, 2, -1, 0, 1, -1, -1 ] ], 
          [ [ 1, -3, 2, 0, 1, 1, 1, 0, 0, 1, 0, 0, 0, 1, -2, 0, 0, -2, 0, 0 ], 
              [ 1, 3, -2, 0, -1, -1, -1, 0, 0, -1, 0, 0, 0, -1, 2, 0, 0, 2, 0, 0 ] ], 
          [ [ 1, -6, 2, 1, 2, 3, 2, 1, -2, 1, 0, 1, 0, 1, -1, -1, 0, -4, -1, -1 ], 
              [ 1, 6, -2, -1, -2, -3, -2, -1, 2, -1, 0, -1, 0, -1, 1, 1, 0, 4, 1, 1 ] ], 
          [ [ 1, 0, 0, -1, 0, 1, 0, 0, -1, 1, 1, 0, 0, 1, -1, 0, -1, -1, 1, 0 ], 
              [ 1, 0, 0, 1, 0, -1, 0, 0, 1, -1, -1, 0, 0, -1, 1, 0, 1, 1, -1, 0 ] ], 
          [ [ 1, -6, 2, 1, 2, 3, 1, 0, 0, 2, 1, 0, 0, 1, -2, 0, 0, -3, -1, -1 ], 
              [ 1, 6, -2, -1, -2, -3, -1, 0, 0, -2, -1, 0, 0, -1, 2, 0, 0, 3, 1, 1 ] ], 
          [ [ 1, 0, 1, -1, 0, 1, 1, -1, 0, 0, 0, -1, 1, 0, -2, 1, 0, 0, 1, 0 ], 
              [ 1, 0, -1, 1, 0, -1, -1, 1, 0, 0, 0, 1, -1, 0, 2, -1, 0, 0, -1, 0 ] ], 
          [ [ 1, -3, 2, 0, 0, 2, 1, 0, -1, 2, 1, 0, 0, 1, -2, 0, 0, -2, 0, 0 ], 
              [ 1, 3, -2, 0, 0, -2, -1, 0, 1, -2, -1, 0, 0, -1, 2, 0, 0, 2, 0, 0 ] ], 
          [ [ 1, -2, 1, -1, 0, 2, 0, 0, 0, 2, 0, 0, 1, 2, -2, 0, -1, -1, 1, 0 ], 
              [ 1, 2, -1, 1, 0, -2, 0, 0, 0, -2, 0, 0, -1, -2, 2, 0, 1, 1, -1, 0 ] ], 
          [ [ 1, -3, 2, 1, 2, 0, 1, 0, -2, 0, 1, 1, -2, 0, -1, 0, 1, -3, 0, 0 ], 
              [ 1, 3, -2, -1, -2, 0, -1, 0, 2, 0, -1, -1, 2, 0, 1, 0, -1, 3, 0, 0 ] ], 
          [ [ 1, -5, 3, 1, 2, 1, 2, 1, -3, 0, 1, 0, -1, 0, -1, 1, 1, -3, 0, 0 ], 
              [ 1, 5, -3, -1, -2, -1, -2, -1, 3, 0, -1, 0, 1, 0, 1, -1, -1, 3, 0, 0 ] ], 
          [ [ 1, -8, 2, 2, 2, 3, 1, -1, 1, 3, 2, 1, -1, 2, -2, -1, 0, -4, -1, -1 ], 
              [ 1, 8, -2, -2, -2, -3, -1, 1, -1, -3, -2, -1, 1, -2, 2, 1, 0, 4, 1, 1 ] ], 
          [ [ 1, 0, 1, -1, -1, 1, 0, 0, 0, 0, 0, -1, 1, 1, -1, 0, 0, 0, 1, 1 ], 
              [ 1, 0, -1, 1, 1, -1, 0, 0, 0, 0, 0, 1, -1, -1, 1, 0, 0, 0, -1, -1 ] ], 
          [ [ 1, 0, 1, 0, -1, 0, 0, -1, 1, -1, 1, -1, 0, 0, -2, 1, 1, 0, 1, 2 ], 
              [ 1, 0, -1, 0, 1, 0, 0, 1, -1, 1, -1, 1, 0, 0, 2, -1, -1, 0, -1, -2 ] ], 
          [ [ 1, 0, 0, -1, 0, 1, 0, 0, 0, 0, 0, -1, 1, 1, -1, 0, -1, 0, 1, 1 ], 
              [ 1, 0, 0, 1, 0, -1, 0, 0, 0, 0, 0, 1, -1, -1, 1, 0, 1, 0, -1, -1 ] ], 
          [ [ 1, 3, 0, -2, -1, 0, 0, 0, 0, -1, -1, -2, 2, 1, -1, 0, -1, 1, 2, 1 ], 
              [ 1, -3, 0, 2, 1, 0, 0, 0, 0, 1, 1, 2, -2, -1, 1, 0, 1, -1, -2, -1 ] ], 
          [ [ 1, -5, 2, 1, 0, 2, 0, 0, 1, 2, 1, 0, 0, 2, -2, -1, 0, -2, 0, 1 ], 
              [ 1, 5, -2, -1, 0, -2, 0, 0, -1, -2, -1, 0, 0, -2, 2, 1, 0, 2, 0, -1 ] ], 
          [ [ 1, -1, 1, 0, -1, 1, 0, 0, 1, 1, 1, 0, 0, 1, -2, -1, 0, -2, 0, 1 ], 
              [ 1, 1, -1, 0, 1, -1, 0, 0, -1, -1, -1, 0, 0, -1, 2, 1, 0, 2, 0, -1 ] ], 
          [ [ 1, 0, 1, -1, 0, 0, 0, 0, 0, 0, 0, 0, 0, 1, -1, 0, -1, -1, 1, 1 ], 
              [ 1, 0, -1, 1, 0, 0, 0, 0, 0, 0, 0, 0, 0, -1, 1, 0, 1, 1, -1, -1 ] ], 
          [ [ 1, 1, 1, -1, 0, -1, 0, 0, -1, -1, 0, -1, 0, 1, -1, 1, 0, 0, 2, 2 ], 
              [ 1, -1, -1, 1, 0, 1, 0, 0, 1, 1, 0, 1, 0, -1, 1, -1, 0, 0, -2, -2 ] ], 
          [ [ 1, 0, 1, -1, 0, 0, 0, 0, 0, 0, 1, -1, 0, 0, -1, 1, 0, 0, 1, 1 ], 
              [ 1, 0, -1, 1, 0, 0, 0, 0, 0, 0, -1, 1, 0, 0, 1, -1, 0, 0, -1, -1 ] ], 
          [ [ 1, 5, 0, -2, -1, -2, 0, 0, -1, -2, 0, -1, 0, -1, -1, 1, 0, 1, 2, 2 ], 
              [ 1, -5, 0, 2, 1, 2, 0, 0, 1, 2, 0, 1, 0, 1, 1, -1, 0, -1, -2, -2 ] ], 
          [ [ 1, -3, 2, 1, 1, 0, 1, 1, -1, -1, 1, 0, -1, 0, -1, 0, 1, -3, 0, 1 ], 
              [ 1, 3, -2, -1, -1, 0, -1, -1, 1, 1, -1, 0, 1, 0, 1, 0, -1, 3, 0, -1 ] ], 
          [ [ 1, 0, 0, -1, -1, 1, 0, -1, 2, 1, 1, -1, 1, 1, -2, 0, -1, 0, 1, 1 ], 
              [ 1, 0, 0, 1, 1, -1, 0, 1, -2, -1, -1, 1, -1, -1, 2, 0, 1, 0, -1, -1 ] ], 
          [ [ 1, -3, 1, 1, 1, 0, 0, 0, 0, 1, 2, 1, -2, 1, -1, -1, 0, -3, 0, 1 ], 
              [ 1, 3, -1, -1, -1, 0, 0, 0, 0, -1, -2, -1, 2, -1, 1, 1, 0, 3, 0, -1 ] ], 
          [ [ 1, -3, 2, 1, 0, 1, 0, 0, 0, 1, 2, 0, -1, 0, -2, 0, 1, -2, 0, 1 ], 
              [ 1, 3, -2, -1, 0, -1, 0, 0, 0, -1, -2, 0, 1, 0, 2, 0, -1, 2, 0, -1 ] ], 
          [ [ 1, 3, 0, -2, -1, 0, 0, 0, -1, 0, 0, -1, 1, 1, -1, 0, -1, 0, 2, 1 ], 
              [ 1, -3, 0, 2, 1, 0, 0, 0, 1, 0, 0, 1, -1, -1, 1, 0, 1, 0, -2, -1 ] ], 
          [ [ 1, 3, -2, 0, -1, -1, -2, -1, 2, 0, 0, 0, 0, -1, 2, 0, 0, 3, -1, 0 ], 
              [ 1, -3, 2, 0, 1, 1, 2, 1, -2, 0, 0, 0, 0, 1, -2, 0, 0, -3, 1, 0 ] ], 
          [ [ 1, 6, -2, -1, 0, -3, -1, 1, -2, -3, -2, 0, 0, -2, 4, 0, 0, 3, 0, 0 ], 
              [ 1, -6, 2, 1, 0, 3, 1, -1, 2, 3, 2, 0, 0, 2, -4, 0, 0, -3, 0, 0 ] ], 
          [ [ 1, -1, 0, 1, 1, 0, -1, 0, 0, 0, -1, 0, 0, 0, 2, 0, 0, 1, -1, 0 ], 
              [ 1, 1, 0, -1, -1, 0, 1, 0, 0, 0, 1, 0, 0, 0, -2, 0, 0, -1, 1, 0 ] ], 
          [ [ 1, 3, -1, 0, 0, -1, -1, 0, 0, -1, -1, 0, 0, -2, 2, 0, 0, 2, -1, 0 ], 
              [ 1, -3, 1, 0, 0, 1, 1, 0, 0, 1, 1, 0, 0, 2, -2, 0, 0, -2, 1, 0 ] ], 
          [ [ 1, 3, -1, 0, 0, -1, -1, 0, 0, -1, -1, 0, 0, -1, 2, 0, 0, 1, -1, 0 ], 
              [ 1, -3, 1, 0, 0, 1, 1, 0, 0, 1, 1, 0, 0, 1, -2, 0, 0, -1, 1, 0 ] ], 
          [ [ 1, 3, -2, -1, -1, -1, 0, 0, 0, -1, -1, 0, 1, -1, 2, 0, 0, 3, 0, -1 ], 
              [ 1, -3, 2, 1, 1, 1, 0, 0, 0, 1, 1, 0, -1, 1, -2, 0, 0, -3, 0, 1 ] ], 
          [ [ 1, 3, -2, -1, -1, -1, -1, -1, 2, 0, -1, 0, 1, 0, 1, 0, 0, 3, 0, -1 ], 
              [ 1, -3, 2, 1, 1, 1, 1, 1, -2, 0, 1, 0, -1, 0, -1, 0, 0, -3, 0, 1 ] ], 
          [ [ 1, 2, -1, 0, 0, -2, 0, 1, -1, -1, 0, 1, -1, -2, 2, 0, 1, 1, -1, -1 ], 
              [ 1, -2, 1, 0, 0, 2, 0, -1, 1, 1, 0, -1, 1, 2, -2, 0, -1, -1, 1, 1 ] ], 
          [ [ 1, 3, -2, -1, 0, -2, 0, 0, 0, -1, -1, 1, 0, -1, 2, 0, 0, 2, 0, -1 ], 
              [ 1, -3, 2, 1, 0, 2, 0, 0, 0, 1, 1, -1, 0, 1, -2, 0, 0, -2, 0, 1 ] ], 
          [ [ 1, 3, -2, -1, -1, -1, -1, -1, 1, 1, 0, 1, 0, 0, 1, 0, -1, 2, 0, -1 ], 
              [ 1, -3, 2, 1, 1, 1, 1, 1, -1, -1, 0, -1, 0, 0, -1, 0, 1, -2, 0, 1 ] ], 
          [ [ 1, 6, -3, -2, -2, -2, -2, -1, 2, -1, -1, 0, 1, 0, 2, 0, -1, 4, 1, 0 ], 
              [ 1, -6, 3, 2, 2, 2, 2, 1, -2, 1, 1, 0, -1, 0, -2, 0, 1, -4, -1, 0 ] ], 
          [ [ 1, 3, -2, -1, -1, -1, -1, 1, 0, -1, -1, 0, 1, -1, 2, 0, 0, 3, 0, 0 ], 
              [ 1, -3, 2, 1, 1, 1, 1, -1, 0, 1, 1, 0, -1, 1, -2, 0, 0, -3, 0, 0 ] ], 
          [ [ 1, 11, -4, -3, -3, -4, -2, -1, 1, -3, -1, -1, 1, -2, 2, 1, 0, 6, 2, 1 ], 
              [ 1, -11, 4, 3, 3, 4, 2, 1, -1, 3, 1, 1, -1, 2, -2, -1, 0, -6, -2, -1 ] ], 
          [ [ 1, 0, 0, 1, 1, -2, 0, 1, -1, -2, -1, 1, -1, -1, 2, 0, 1, 0, -1, 0 ], 
              [ 1, 0, 0, -1, -1, 2, 0, -1, 1, 2, 1, -1, 1, 1, -2, 0, -1, 0, 1, 0 ] ], 
          [ [ 1, 3, -1, 0, 0, -3, -1, -1, 1, -2, 0, 0, -1, -2, 2, 1, 1, 3, 0, 0 ], 
              [ 1, -3, 1, 0, 0, 3, 1, 1, -1, 2, 0, 0, 1, 2, -2, -1, -1, -3, 0, 0 ] ], 
          [ [ 1, 3, -2, -1, -1, -1, -1, -1, 2, 0, -1, 0, 1, 0, 1, 0, -1, 3, 0, 0 ], 
              [ 1, -3, 2, 1, 1, 1, 1, 1, -2, 0, 1, 0, -1, 0, -1, 0, 1, -3, 0, 0 ] ], 
          [ [ 1, 0, -1, 0, 0, 0, 0, 1, 0, 0, -1, 0, 1, 0, 2, -1, 0, 1, -1, -1 ], 
              [ 1, 0, 1, 0, 0, 0, 0, -1, 0, 0, 1, 0, -1, 0, -2, 1, 0, -1, 1, 1 ] ], 
          [ [ 1, 6, -2, -2, -2, -2, -1, 1, 0, -2, -2, -1, 2, -1, 2, 0, 0, 4, 1, 0 ], 
              [ 1, -6, 2, 2, 2, 2, 1, -1, 0, 2, 2, 1, -2, 1, -2, 0, 0, -4, -1, 0 ] ], 
          [ [ 1, 5, -2, -1, -1, -2, 0, 1, -1, -2, -2, 0, 1, -1, 2, -1, 0, 2, 0, 0 ], 
              [ 1, -5, 2, 1, 1, 2, 0, -1, 1, 2, 2, 0, -1, 1, -2, 1, 0, -2, 0, 0 ] ], 
          [ [ 1, 0, -1, 1, 0, -1, 0, 0, 1, -1, 0, 0, 0, -1, 1, 0, 1, 1, -1, 0 ], 
              [ 1, 0, 1, -1, 0, 1, 0, 0, -1, 1, 0, 0, 0, 1, -1, 0, -1, -1, 1, 0 ] ], 
          [ [ 1, 6, -3, -2, -2, -2, -2, 0, 1, 0, -1, 0, 1, 0, 2, -1, -1, 4, 1, 0 ], 
              [ 1, -6, 3, 2, 2, 2, 2, 0, -1, 0, 1, 0, -1, 0, -2, 1, 1, -4, -1, 0 ] ], 
          [ [ 1, 6, -2, -1, -1, -4, -1, -1, 0, -2, 0, 0, -1, -1, 2, 1, 0, 3, 1, 1 ], 
              [ 1, -6, 2, 1, 1, 4, 1, 1, 0, 2, 0, 0, 1, 1, -2, -1, 0, -3, -1, -1 ] ], 
          [ [ 1, 5, -2, -1, -2, -1, -1, -1, 1, -1, -1, 0, 1, -1, 1, 0, 0, 3, 0, 0 ], 
              [ 1, -5, 2, 1, 2, 1, 1, 1, -1, 1, 1, 0, -1, 1, -1, 0, 0, -3, 0, 0 ] ], 
          [ [ 1, 3, -1, 0, 0, -2, 0, 0, -1, -3, -1, 0, 0, -2, 2, 1, 1, 2, 0, 0 ], 
              [ 1, -3, 1, 0, 0, 2, 0, 0, 1, 3, 1, 0, 0, 2, -2, -1, -1, -2, 0, 0 ] ], 
          [ [ 1, 2, -2, 0, 0, 0, 0, 1, -1, -1, -1, 0, 1, -1, 2, -1, 0, 1, -1, -1 ], 
              [ 1, -2, 2, 0, 0, 0, 0, -1, 1, 1, 1, 0, -1, 1, -2, 1, 0, -1, 1, 1 ] ], 
          [ [ 1, 0, 0, 1, 0, -1, 0, 1, -2, -1, 0, 1, -1, -1, 2, 0, 1, 0, -1, 0 ], 
              [ 1, 0, 0, -1, 0, 1, 0, -1, 2, 1, 0, -1, 1, 1, -2, 0, -1, 0, 1, 0 ] ], 
          [ [ 1, 3, -2, 0, 0, -2, -1, -1, 0, -1, 0, 1, -1, -1, 2, 0, 0, 2, 0, 0 ], 
              [ 1, -3, 2, 0, 0, 2, 1, 1, 0, 1, 0, -1, 1, 1, -2, 0, 0, -2, 0, 0 ] ], 
          [ [ 1, 6, -3, -2, -2, -1, -1, 1, -1, -1, -2, 0, 2, 0, 2, -1, -1, 3, 1, 0 ], 
              [ 1, -6, 3, 2, 2, 1, 1, -1, 1, 1, 2, 0, -2, 0, -2, 1, 1, -3, -1, 0 ] ], 
          [ [ 1, 8, -2, -2, -1, -3, -1, 0, -1, -3, -2, -1, 1, -2, 2, 1, 0, 4, 1, 0 ], 
              [ 1, -8, 2, 2, 1, 3, 1, 0, 1, 3, 2, 1, -1, 2, -2, -1, 0, -4, -1, 0 ] ], 
          [ [ 1, 0, -1, 0, 0, 1, 0, 1, 0, 0, -2, 0, 2, 0, 1, -1, 0, 1, -1, -1 ], 
              [ 1, 0, 1, 0, 0, -1, 0, -1, 0, 0, 2, 0, -2, 0, -1, 1, 0, -1, 1, 1 ] ], 
          [ [ 1, 3, -2, -1, -1, 0, -1, -1, 2, 0, -1, -1, 2, 0, 1, 0, -1, 3, 0, -1 ], 
              [ 1, -3, 2, 1, 1, 0, 1, 1, -2, 0, 1, 1, -2, 0, -1, 0, 1, -3, 0, 1 ] ], 
          [ [ 1, 0, 0, 1, 0, -1, -1, 0, 0, 0, 0, 1, -1, -1, 1, 0, 1, 1, -1, 0 ], 
              [ 1, 0, 0, -1, 0, 1, 1, 0, 0, 0, 0, -1, 1, 1, -1, 0, -1, -1, 1, 0 ] ], 
          [ [ 1, 6, -1, -1, -2, -3, -1, -1, 0, -2, 0, -1, 0, -2, 1, 2, 1, 4, 1, 1 ], 
              [ 1, -6, 1, 1, 2, 3, 1, 1, 0, 2, 0, 1, 0, 2, -1, -2, -1, -4, -1, -1 ] ], 
          [ [ 1, -3, 0, 2, 0, 1, 0, 1, 0, 1, 0, 1, 0, 0, 1, -2, 1, -1, -2, -1 ], 
              [ 1, 3, 0, -2, 0, -1, 0, -1, 0, -1, 0, -1, 0, 0, -1, 2, -1, 1, 2, 1 ] ], 
          [ [ 1, 6, -2, -2, -1, -2, -1, 0, -1, -1, -2, 0, 1, 0, 2, 0, -1, 3, 1, 0 ], 
              [ 1, -6, 2, 2, 1, 2, 1, 0, 1, 1, 2, 0, -1, 0, -2, 0, 1, -3, -1, 0 ] ], 
          [ [ 1, 6, -2, -2, -1, -2, -1, 0, -1, -1, -1, -1, 1, -1, 2, 1, -1, 4, 1, 0 ], 
              [ 1, -6, 2, 2, 1, 2, 1, 0, 1, 1, 1, 1, -1, 1, -2, -1, 1, -4, -1, 0 ] ], 
          [ [ 1, -2, 0, 1, 1, 0, 0, 1, -1, 0, -1, 1, 0, 0, 2, -1, 0, 0, -1, -1 ], 
              [ 1, 2, 0, -1, -1, 0, 0, -1, 1, 0, 1, -1, 0, 0, -2, 1, 0, 0, 1, 1 ] ], 
          [ [ 1, 0, -1, 1, 1, -1, -1, 0, 0, 0, 0, 1, -1, 0, 2, -1, 0, 0, -1, -1 ], 
              [ 1, 0, 1, -1, -1, 1, 1, 0, 0, 0, 0, -1, 1, 0, -2, 1, 0, 0, 1, 1 ] ], 
          [ [ 1, 1, -1, 0, 0, -1, -1, -1, 1, 0, 0, 0, 0, 0, 1, 1, 0, 2, 0, 0 ], 
              [ 1, -1, 1, 0, 0, 1, 1, 1, -1, 0, 0, 0, 0, 0, -1, -1, 0, -2, 0, 0 ] ], 
          [ [ 1, 6, -2, -1, -1, -3, -1, -1, 0, -2, -1, 0, 0, -1, 2, 0, 0, 3, 1, 0 ], 
              [ 1, -6, 2, 1, 1, 3, 1, 1, 0, 2, 1, 0, 0, 1, -2, 0, 0, -3, -1, 0 ] ], 
          [ [ 1, 2, -1, 0, 0, -1, 0, 1, -1, -1, -1, 1, 0, -1, 2, -1, 0, 0, -1, -1 ], 
              [ 1, -2, 1, 0, 0, 1, 0, -1, 1, 1, 1, -1, 0, 1, -2, 1, 0, 0, 1, 1 ] ], 
          [ [ 1, 3, -1, 0, 0, -2, 0, 1, -2, -2, -1, 0, 0, -2, 2, 0, 1, 2, 0, 0 ], 
              [ 1, -3, 1, 0, 0, 2, 0, -1, 2, 2, 1, 0, 0, 2, -2, 0, -1, -2, 0, 0 ] ], 
          [ [ 1, 6, -2, -1, -1, -3, -1, -1, 0, -2, -1, 0, 0, -1, 1, 1, 0, 3, 1, 1 ], 
              [ 1, -6, 2, 1, 1, 3, 1, 1, 0, 2, 1, 0, 0, 1, -1, -1, 0, -3, -1, -1 ] ], 
          [ [ 1, 3, -1, 0, 0, -2, 0, 1, -2, -2, -1, 0, 0, -1, 2, 0, 0, 1, 0, 0 ], 
              [ 1, -3, 1, 0, 0, 2, 0, -1, 2, 2, 1, 0, 0, 1, -2, 0, 0, -1, 0, 0 ] ], 
          [ [ 1, 3, -1, 0, 0, -2, 0, 1, -2, -2, -1, 0, 0, -1, 2, 0, 1, 1, 0, 0 ], 
              [ 1, -3, 1, 0, 0, 2, 0, -1, 2, 2, 1, 0, 0, 1, -2, 0, -1, -1, 0, 0 ] ], 
          [ [ 1, 5, -2, -1, -1, -2, -1, -1, 1, -1, 0, 0, 0, -2, 1, 1, 0, 3, 0, 0 ], 
              [ 1, -5, 2, 1, 1, 2, 1, 1, -1, 1, 0, 0, 0, 2, -1, -1, 0, -3, 0, 0 ] ], 
          [ [ 1, 6, -3, -2, -2, -1, -2, 0, 1, 0, -1, -1, 2, 0, 1, 0, -1, 4, 1, 0 ], 
              [ 1, -6, 3, 2, 2, 1, 2, 0, -1, 0, 1, 1, -2, 0, -1, 0, 1, -4, -1, 0 ] ], 
          [ [ 1, 6, -3, -2, -2, -1, -1, -1, 1, 0, -1, -1, 2, 0, 1, 0, -1, 4, 1, 0 ], 
              [ 1, -6, 3, 2, 2, 1, 1, 1, -1, 0, 1, 1, -2, 0, -1, 0, 1, -4, -1, 0 ] ], 
          [ [ 1, 8, -3, -2, -2, -3, -2, 0, 1, -2, -1, -1, 1, -1, 2, 0, -1, 4, 1, 1 ], 
              [ 1, -8, 3, 2, 2, 3, 2, 0, -1, 2, 1, 1, -1, 1, -2, 0, 1, -4, -1, -1 ] ], 
          [ [ 1, 6, -2, -1, -2, -2, -2, 0, 0, -2, -1, -1, 1, -1, 2, 0, 0, 4, 1, 1 ], 
              [ 1, -6, 2, 1, 2, 2, 2, 0, 0, 2, 1, 1, -1, 1, -2, 0, 0, -4, -1, -1 ] ], 
          [ [ 1, 3, -1, 0, -1, -1, -1, 0, 0, -1, -1, -1, 1, 0, 1, 0, 0, 2, 0, 1 ], 
              [ 1, -3, 1, 0, 1, 1, 1, 0, 0, 1, 1, 1, -1, 0, -1, 0, 0, -2, 0, -1 ] ], 
          [ [ 1, 6, -2, -2, -3, -1, -2, 0, 1, 0, -1, -1, 2, 0, 1, 0, -1, 4, 1, 1 ], 
              [ 1, -6, 2, 2, 3, 1, 2, 0, -1, 0, 1, 1, -2, 0, -1, 0, 1, -4, -1, -1 ] ], 
          [ [ 1, 5, -1, 0, -1, -3, -1, 0, -1, -2, 0, 0, -1, -2, 2, 0, 1, 2, 0, 1 ], 
              [ 1, -5, 1, 0, 1, 3, 1, 0, 1, 2, 0, 0, 1, 2, -2, 0, -1, -2, 0, -1 ] ], 
          [ [ 1, 0, 0, 2, 0, -2, -1, -1, 1, -1, 1, 1, -2, -1, 1, 0, 1, 0, -1, 1 ], 
              [ 1, 0, 0, -2, 0, 2, 1, 1, -1, 1, -1, -1, 2, 1, -1, 0, -1, 0, 1, -1 ] ], 
          [ [ 1, 6, -2, -1, -1, -3, -2, 0, 0, -2, -1, 0, 0, -1, 2, 0, 0, 3, 1, 1 ], 
              [ 1, -6, 2, 1, 1, 3, 2, 0, 0, 2, 1, 0, 0, 1, -2, 0, 0, -3, -1, -1 ] ], 
          [ [ 1, 3, -1, 0, 0, -2, 0, 1, -2, -2, -1, 0, 0, -1, 2, 0, 0, 1, 0, 1 ], 
              [ 1, -3, 1, 0, 0, 2, 0, -1, 2, 2, 1, 0, 0, 1, -2, 0, 0, -1, 0, -1 ] ], 
          [ [ 1, 5, -3, -2, -1, -1, -1, 0, 1, -1, -1, 0, 1, -1, 2, 0, -1, 3, 0, -1 ], 
              [ 1, -5, 3, 2, 1, 1, 1, 0, -1, 1, 1, 0, -1, 1, -2, 0, 1, -3, 0, 1 ] ], 
          [ [ 1, 2, -1, -1, -1, 0, 0, 0, 1, 0, -1, 0, 1, -1, 1, 0, 0, 2, -1, -1 ], 
              [ 1, -2, 1, 1, 1, 0, 0, 0, -1, 0, 1, 0, -1, 1, -1, 0, 0, -2, 1, 1 ] ], 
          [ [ 1, 3, -2, -2, -1, 0, -1, 0, 2, 0, -2, 0, 2, 0, 1, 0, -1, 3, 0, -1 ], 
              [ 1, -3, 2, 2, 1, 0, 1, 0, -2, 0, 2, 0, -2, 0, -1, 0, 1, -3, 0, 1 ] ], 
          [ [ 1, 2, -1, 0, 1, -2, 0, 0, 0, -2, -1, 1, -1, -2, 2, 0, 1, 1, -1, -1 ], 
              [ 1, -2, 1, 0, -1, 2, 0, 0, 0, 2, 1, -1, 1, 2, -2, 0, -1, -1, 1, 1 ] ], 
          [ [ 1, 0, 0, 0, 1, -1, 1, 1, -1, -2, -1, 0, 0, -2, 2, 1, 1, 1, -1, -1 ], 
              [ 1, 0, 0, 0, -1, 1, -1, -1, 1, 2, 1, 0, 0, 2, -2, -1, -1, -1, 1, 1 ] ], 
          [ [ 1, -3, -1, 1, 1, 1, 0, -1, 3, 1, 0, 1, 0, 0, 1, -1, 0, 0, -2, -2 ], 
              [ 1, 3, 1, -1, -1, -1, 0, 1, -3, -1, 0, -1, 0, 0, -1, 1, 0, 0, 2, 2 ] ], 
          [ [ 1, 0, -1, 0, -1, 0, -1, 0, 2, 1, 0, 1, 0, 0, 1, -1, 0, 1, -1, -1 ], 
              [ 1, 0, 1, 0, 1, 0, 1, 0, -2, -1, 0, -1, 0, 0, -1, 1, 0, -1, 1, 1 ] ], 
          [ [ 1, 0, 0, 1, 0, -2, 0, -1, 1, -1, 1, 1, -2, -2, 1, 1, 2, 1, -1, 0 ], 
              [ 1, 0, 0, -1, 0, 2, 0, 1, -1, 1, -1, -1, 2, 2, -1, -1, -2, -1, 1, 0 ] ], 
          [ [ 1, 0, -1, 0, 1, -1, 0, 0, 0, 0, 0, 1, -1, -1, 2, 0, 0, 1, -1, -1 ], 
              [ 1, 0, 1, 0, -1, 1, 0, 0, 0, 0, 0, -1, 1, 1, -2, 0, 0, -1, 1, 1 ] ], 
          [ [ 1, 6, -2, -2, -1, -3, -1, 0, 0, -2, -1, 0, 0, -2, 2, 1, 0, 4, 1, 0 ], 
              [ 1, -6, 2, 2, 1, 3, 1, 0, 0, 2, 1, 0, 0, 2, -2, -1, 0, -4, -1, 0 ] ], 
          [ [ 1, 6, -2, -2, -1, -3, -1, 0, 0, -2, -1, 0, 0, -1, 2, 1, 0, 3, 1, 0 ], 
              [ 1, -6, 2, 2, 1, 3, 1, 0, 0, 2, 1, 0, 0, 1, -2, -1, 0, -3, -1, 0 ] ], 
          [ [ 1, 3, -2, -2, -1, 0, 0, 2, -1, 0, -2, 0, 2, 0, 2, -1, -1, 2, 0, -1 ], 
              [ 1, -3, 2, 2, 1, 0, 0, -2, 1, 0, 2, 0, -2, 0, -2, 1, 1, -2, 0, 1 ] ], 
          [ [ 1, 9, -4, -4, -3, -2, -2, -2, 3, 0, -1, -1, 2, 0, 1, 1, -2, 6, 2, 0 ], 
              [ 1, -9, 4, 4, 3, 2, 2, 2, -3, 0, 1, 1, -2, 0, -1, -1, 2, -6, -2, 0 ] ], 
          [ [ 1, -3, 0, 2, 2, -1, 1, 1, -1, -1, 0, 2, -2, -1, 2, -1, 1, -2, -2, -1 ], 
              [ 1, 3, 0, -2, -2, 1, -1, -1, 1, 1, 0, -2, 2, 1, -2, 1, -1, 2, 2, 1 ] ], 
          [ [ 1, 0, -2, 0, 0, 0, -1, 0, 2, 1, 0, 1, 0, 0, 1, -1, 0, 1, -1, -1 ], 
              [ 1, 0, 2, 0, 0, 0, 1, 0, -2, -1, 0, -1, 0, 0, -1, 1, 0, -1, 1, 1 ] ], 
          [ [ 1, 3, -1, -1, 0, -2, 0, 0, 0, -1, -1, 0, 0, -1, 2, 0, 0, 2, 0, -1 ], 
              [ 1, -3, 1, 1, 0, 2, 0, 0, 0, 1, 1, 0, 0, 1, -2, 0, 0, -2, 0, 1 ] ], 
          [ [ 1, 3, -1, -1, 0, -2, 0, 0, 0, -1, -1, 0, 0, -1, 1, 1, 0, 2, 0, 0 ], 
              [ 1, -3, 1, 1, 0, 2, 0, 0, 0, 1, 1, 0, 0, 1, -1, -1, 0, -2, 0, 0 ] ], 
          [ [ 1, 0, -1, 0, 0, 1, 0, 0, 0, 0, -1, 0, 1, 0, 1, 0, 0, 1, -1, -1 ], 
              [ 1, 0, 1, 0, 0, -1, 0, 0, 0, 0, 1, 0, -1, 0, -1, 0, 0, -1, 1, 1 ] ], 
          [ [ 1, 3, -2, -2, -2, 1, -1, 0, 1, 1, -1, 0, 2, 0, 1, 0, -1, 3, 0, -1 ], 
              [ 1, -3, 2, 2, 2, -1, 1, 0, -1, -1, 1, 0, -2, 0, -1, 0, 1, -3, 0, 1 ] ], 
          [ [ 1, 2, -1, 0, 0, -1, 0, 0, -1, -1, 0, 1, -1, -2, 2, 0, 1, 1, -1, -1 ], 
              [ 1, -2, 1, 0, 0, 1, 0, 0, 1, 1, 0, -1, 1, 2, -2, 0, -1, -1, 1, 1 ] ], 
          [ [ 1, -3, 0, 2, 1, 0, 0, -1, 1, 0, 1, 2, -2, -1, 1, 0, 1, -1, -2, -1 ], 
              [ 1, 3, 0, -2, -1, 0, 0, 1, -1, 0, -1, -2, 2, 1, -1, 0, -1, 1, 2, 1 ] ], 
          [ [ 1, 3, -2, -1, 0, -1, -1, 0, 0, -1, -1, 1, 0, -1, 2, 0, 0, 2, 0, -1 ], 
              [ 1, -3, 2, 1, 0, 1, 1, 0, 0, 1, 1, -1, 0, 1, -2, 0, 0, -2, 0, 1 ] ], 
          [ [ 1, 0, -1, 0, 1, 0, 1, 1, -2, -1, -1, 1, 0, -1, 2, 0, 0, 0, -1, -1 ], 
              [ 1, 0, 1, 0, -1, 0, -1, -1, 2, 1, 1, -1, 0, 1, -2, 0, 0, 0, 1, 1 ] ], 
          [ [ 1, -2, -1, 0, 1, 2, 0, 0, 1, 1, -2, 0, 2, 1, 1, -1, -1, 1, -1, -2 ], 
              [ 1, 2, 1, 0, -1, -2, 0, 0, -1, -1, 2, 0, -2, -1, -1, 1, 1, -1, 1, 2 ] ], 
          [ [ 1, 2, -2, -1, 0, 1, 0, 0, 1, 0, -2, 0, 2, 0, 1, -1, -1, 1, -1, -2 ], 
              [ 1, -2, 2, 1, 0, -1, 0, 0, -1, 0, 2, 0, -2, 0, -1, 1, 1, -1, 1, 2 ] ], 
          [ [ 1, 0, 0, 0, 0, 0, 0, 0, 0, 0, -1, 1, 0, -1, 1, 0, 0, 1, -1, -1 ], 
              [ 1, 0, 0, 0, 0, 0, 0, 0, 0, 0, 1, -1, 0, 1, -1, 0, 0, -1, 1, 1 ] ], 
          [ [ 1, 0, 0, 0, 0, 0, 0, 0, 0, 0, -1, 1, 0, -1, 1, 0, 1, 1, -1, -1 ], 
              [ 1, 0, 0, 0, 0, 0, 0, 0, 0, 0, 1, -1, 0, 1, -1, 0, -1, -1, 1, 1 ] ], 
          [ [ 1, -3, 1, 1, 1, 1, 1, 2, -2, 0, -1, 1, 0, -1, 2, -1, 1, -1, -2, -2 ], 
              [ 1, 3, -1, -1, -1, -1, -1, -2, 2, 0, 1, -1, 0, 1, -2, 1, -1, 1, 2, 2 ] ], 
          [ [ 1, 0, 0, 0, 0, 0, 0, 0, 0, 0, -1, 1, 0, 0, 1, 0, 0, 0, -1, -1 ], 
              [ 1, 0, 0, 0, 0, 0, 0, 0, 0, 0, 1, -1, 0, 0, -1, 0, 0, 0, 1, 1 ] ], 
          [ [ 1, 1, 0, 0, 0, -1, 0, 0, -1, -1, -1, 0, 0, -1, 1, 1, 1, 2, 0, 0 ], 
              [ 1, -1, 0, 0, 0, 1, 0, 0, 1, 1, 1, 0, 0, 1, -1, -1, -1, -2, 0, 0 ] ], 
          [ [ 1, -3, 1, 1, 1, 1, 1, 2, -2, 0, -1, 1, 0, -1, 1, 0, 1, -1, -2, -1 ], 
              [ 1, 3, -1, -1, -1, -1, -1, -2, 2, 0, 1, -1, 0, 1, -1, 0, -1, 1, 2, 1 ] ], 
          [ [ 1, 3, -1, -1, -1, -1, -1, -2, 2, 0, 0, 0, 0, -1, 1, 1, 0, 3, 0, -1 ], 
              [ 1, -3, 1, 1, 1, 1, 1, 2, -2, 0, 0, 0, 0, 1, -1, -1, 0, -3, 0, 1 ] ], 
          [ [ 1, 2, -1, 0, 0, -1, -1, -1, 1, 0, 0, 1, -1, -1, 1, 0, 0, 1, -1, -1 ], 
              [ 1, -2, 1, 0, 0, 1, 1, 1, -1, 0, 0, -1, 1, 1, -1, 0, 0, -1, 1, 1 ] ], 
          [ [ 1, 0, 0, 0, 0, 0, 0, 0, 0, 0, 0, 0, 0, -2, 1, 1, 1, 2, -1, -1 ], 
              [ 1, 0, 0, 0, 0, 0, 0, 0, 0, 0, 0, 0, 0, 2, -1, -1, -1, -2, 1, 1 ] ], 
          [ [ 1, 3, -1, -1, -1, -1, -1, -2, 2, 0, 0, 0, 0, -1, 0, 2, 0, 3, 0, 0 ], 
              [ 1, -3, 1, 1, 1, 1, 1, 2, -2, 0, 0, 0, 0, 1, 0, -2, 0, -3, 0, 0 ] ], 
          [ [ 1, 0, 0, 0, 0, 0, 0, 0, 0, 0, 0, 0, 0, -1, 1, 1, 0, 1, -1, -1 ], 
              [ 1, 0, 0, 0, 0, 0, 0, 0, 0, 0, 0, 0, 0, 1, -1, -1, 0, -1, 1, 1 ] ], 
          [ [ 1, 0, 0, 0, 0, 0, 0, 0, 0, 0, 0, 0, 0, -1, 1, 1, 1, 1, -1, -1 ], 
              [ 1, 0, 0, 0, 0, 0, 0, 0, 0, 0, 0, 0, 0, 1, -1, -1, -1, -1, 1, 1 ] ], 
          [ [ 1, 5, -1, -1, -1, -2, 0, 0, -1, -2, -1, 0, 0, -2, 1, 1, 1, 2, 0, 0 ], 
              [ 1, -5, 1, 1, 1, 2, 0, 0, 1, 2, 1, 0, 0, 2, -1, -1, -1, -2, 0, 0 ] ], 
          [ [ 1, -6, 1, 3, 2, 1, 0, 0, 1, 1, 1, 2, -2, -1, 1, -1, 2, -2, -3, -2 ], 
              [ 1, 6, -1, -3, -2, -1, 0, 0, -1, -1, -1, -2, 2, 1, -1, 1, -2, 2, 3, 2 ] ], 
          [ [ 1, -6, 0, 2, 1, 3, 0, 0, 2, 3, 0, 2, 0, 1, 0, -2, 0, -2, -3, -2 ], 
              [ 1, 6, 0, -2, -1, -3, 0, 0, -2, -3, 0, -2, 0, -1, 0, 2, 0, 2, 3, 2 ] ], 
          [ [ 1, -9, 2, 4, 3, 2, 2, 1, -1, 1, 1, 2, -2, -1, 1, -1, 2, -4, -4, -2 ], 
              [ 1, 9, -2, -4, -3, -2, -2, -1, 1, -1, -1, -2, 2, 1, -1, 1, -2, 4, 4, 2 ] ],
          [ [ 1, -3, 1, 2, 1, 0, 1, 1, -1, -1, 0, 1, -1, -2, 1, 0, 2, -1, -2, -1 ], 
              [ 1, 3, -1, -2, -1, 0, -1, -1, 1, 1, 0, -1, 1, 2, -1, 0, -2, 1, 2, 1 ] ], 
          [ [ 1, 0, -1, 0, -1, 1, 0, -1, 2, 1, 0, 0, 1, 0, 0, 0, 0, 1, -1, -1 ], 
              [ 1, 0, 1, 0, 1, -1, 0, 1, -2, -1, 0, 0, -1, 0, 0, 0, 0, -1, 1, 1 ] ], 
          [ [ 1, 6, -1, -2, 0, -3, 0, 0, -2, -3, -2, 0, 0, -2, 2, 2, 0, 3, 1, 0 ], 
              [ 1, -6, 1, 2, 0, 3, 0, 0, 2, 3, 2, 0, 0, 2, -2, -2, 0, -3, -1, 0 ] ], 
          [ [ 1, 6, -2, -3, -1, -1, -1, 1, -1, -1, -2, -1, 2, -1, 2, 1, -1, 4, 1, -1 ], 
              [ 1, -6, 2, 3, 1, 1, 1, -1, 1, 1, 2, 1, -2, 1, -2, -1, 1, -4, -1, 1 ] ], 
          [ [ 1, 6, -2, -3, -1, -1, 0, 0, -1, -1, -2, -1, 2, -1, 2, 1, -1, 4, 1, -1 ], 
              [ 1, -6, 2, 3, 1, 1, 0, 0, 1, 1, 2, 1, -2, 1, -2, -1, 1, -4, -1, 1 ] ], 
          [ [ 1, 5, -2, -2, 0, -1, 0, 1, -2, -1, -2, 0, 1, -1, 2, 0, -1, 2, 0, -1 ], 
              [ 1, -5, 2, 2, 0, 1, 0, -1, 2, 1, 2, 0, -1, 1, -2, 0, 1, -2, 0, 1 ] ], 
          [ [ 1, -3, 0, 1, 2, 1, 1, 2, -2, 0, -2, 2, 0, 0, 2, -2, 0, -2, -2, -2 ], 
              [ 1, 3, 0, -1, -2, -1, -1, -2, 2, 0, 2, -2, 0, 0, -2, 2, 0, 2, 2, 2 ] ], 
          [ [ 1, 0, -1, 0, 1, 0, 0, 0, 0, 0, -1, 1, 0, -1, 2, -1, 0, 1, -1, -2 ], 
              [ 1, 0, 1, 0, -1, 0, 0, 0, 0, 0, 1, -1, 0, 1, -2, 1, 0, -1, 1, 2 ] ], 
          [ [ 1, 3, -2, -1, 0, -1, -1, -2, 2, 0, -1, 1, 0, 0, 1, 0, -1, 2, 0, -1 ], 
              [ 1, -3, 2, 1, 0, 1, 1, 2, -2, 0, 1, -1, 0, 0, -1, 0, 1, -2, 0, 1 ] ], 
          [ [ 1, 0, -1, 0, 1, 0, 0, 0, 0, 0, -1, 1, 0, 0, 2, -1, -1, 0, -1, -2 ], 
              [ 1, 0, 1, 0, -1, 0, 0, 0, 0, 0, 1, -1, 0, 0, -2, 1, 1, 0, 1, 2 ] ], 
          [ [ 1, 0, -1, 0, 1, 0, 0, 0, 0, 0, -1, 1, 0, 0, 2, -1, 0, 0, -1, -2 ], 
              [ 1, 0, 1, 0, -1, 0, 0, 0, 0, 0, 1, -1, 0, 0, -2, 1, 0, 0, 1, 2 ] ], 
          [ [ 1, 1, -1, -1, 0, 0, 0, -1, 1, 0, -1, 0, 1, 0, 1, 1, -1, 2, 0, -1 ], 
              [ 1, -1, 1, 1, 0, 0, 0, 1, -1, 0, 1, 0, -1, 0, -1, -1, 1, -2, 0, 1 ] ], 
          [ [ 1, 0, 0, 1, 2, -2, 0, 0, -1, -2, 0, 1, -2, -2, 2, 1, 1, 0, -1, -1 ], 
              [ 1, 0, 0, -1, -2, 2, 0, 0, 1, 2, 0, -1, 2, 2, -2, -1, -1, 0, 1, 1 ] ], 
          [ [ 1, 0, -1, 0, 1, 0, 0, 0, 0, 0, -1, 1, 0, -1, 1, 0, 0, 1, -1, -1 ], 
              [ 1, 0, 1, 0, -1, 0, 0, 0, 0, 0, 1, -1, 0, 1, -1, 0, 0, -1, 1, 1 ] ], 
          [ [ 1, 0, 0, 1, 2, -2, 1, -1, -1, -2, 0, 1, -2, -2, 2, 1, 1, 0, -1, -1 ], 
              [ 1, 0, 0, -1, -2, 2, -1, 1, 1, 2, 0, -1, 2, 2, -2, -1, -1, 0, 1, 1 ] ], 
          [ [ 1, -3, 0, 1, 2, 1, 1, 2, -2, 0, -1, 1, 0, -1, 2, -1, 0, -1, -2, -2 ], 
              [ 1, 3, 0, -1, -2, -1, -1, -2, 2, 0, 1, -1, 0, 1, -2, 1, 0, 1, 2, 2 ] ], 
          [ [ 1, -3, 0, 1, 2, 1, 1, 2, -2, 0, -1, 1, 0, -1, 2, -1, 1, -1, -2, -2 ], 
              [ 1, 3, 0, -1, -2, -1, -1, -2, 2, 0, 1, -1, 0, 1, -2, 1, -1, 1, 2, 2 ] ], 
          [ [ 1, 0, -1, 0, 1, 0, 0, 0, 0, 0, -1, 1, 0, 0, 1, 0, -1, 0, -1, -1 ], 
              [ 1, 0, 1, 0, -1, 0, 0, 0, 0, 0, 1, -1, 0, 0, -1, 0, 1, 0, 1, 1 ] ], 
          [ [ 1, 0, -1, 0, 1, 0, 0, 0, 0, 0, -1, 1, 0, 0, 1, 0, 0, 0, -1, -1 ], 
              [ 1, 0, 1, 0, -1, 0, 0, 0, 0, 0, 1, -1, 0, 0, -1, 0, 0, 0, 1, 1 ] ], 
          [ [ 1, 1, -1, 0, 1, -1, 0, 0, -1, -1, -1, 0, 0, 0, 2, 0, 0, 1, 0, -1 ], 
              [ 1, -1, 1, 0, -1, 1, 0, 0, 1, 1, 1, 0, 0, 0, -2, 0, 0, -1, 0, 1 ] ], 
          [ [ 1, -3, 0, 1, 2, 1, 1, 2, -2, 0, -1, 1, 0, 0, 2, -1, 0, -2, -2, -2 ], 
              [ 1, 3, 0, -1, -2, -1, -1, -2, 2, 0, 1, -1, 0, 0, -2, 1, 0, 2, 2, 2 ] ], 
          [ [ 1, 3, -1, -1, 0, -1, 1, 1, -2, -2, -2, 0, 1, -1, 2, 0, 0, 1, 0, -1 ], 
              [ 1, -3, 1, 1, 0, 1, -1, -1, 2, 2, 2, 0, -1, 1, -2, 0, 0, -1, 0, 1 ] ], 
          [ [ 1, 3, -3, -2, -1, 1, -2, -1, 3, 2, -1, 0, 2, 1, 1, -1, -2, 3, 0, -2 ], 
              [ 1, -3, 3, 2, 1, -1, 2, 1, -3, -2, 1, 0, -2, -1, -1, 1, 2, -3, 0, 2 ] ], 
          [ [ 1, 3, -2, -1, 0, -1, -1, -2, 2, 0, 0, 0, 0, -1, 1, 1, -1, 3, 0, -1 ], 
              [ 1, -3, 2, 1, 0, 1, 1, 2, -2, 0, 0, 0, 0, 1, -1, -1, 1, -3, 0, 1 ] ], 
          [ [ 1, 3, -2, -1, 0, -1, -1, -2, 2, 0, 0, 0, 0, -1, 1, 1, 0, 3, 0, -1 ], 
              [ 1, -3, 2, 1, 0, 1, 1, 2, -2, 0, 0, 0, 0, 1, -1, -1, 0, -3, 0, 1 ] ], 
          [ [ 1, 0, -1, 0, 1, 0, 0, 0, 0, 0, 0, 0, 0, -1, 2, 0, 0, 1, -1, -2 ], 
              [ 1, 0, 1, 0, -1, 0, 0, 0, 0, 0, 0, 0, 0, 1, -2, 0, 0, -1, 1, 2 ] ], 
          [ [ 1, 3, -2, -1, 0, -1, -1, -2, 2, 0, 0, 0, 0, 0, 1, 1, -1, 2, 0, -1 ], 
              [ 1, -3, 2, 1, 0, 1, 1, 2, -2, 0, 0, 0, 0, 0, -1, -1, 1, -2, 0, 1 ] ], 
          [ [ 1, 0, -2, -1, 0, 2, 0, 0, 1, 2, -1, 0, 2, 1, 1, -1, -2, 1, -1, -2 ], 
              [ 1, 0, 2, 1, 0, -2, 0, 0, -1, -2, 1, 0, -2, -1, -1, 1, 2, -1, 1, 2 ] ], 
          [ [ 1, 6, -3, -3, -2, 0, -1, 0, 1, 0, -2, -1, 3, 0, 1, 0, -2, 4, 1, -1 ], 
              [ 1, -6, 3, 3, 2, 0, 1, 0, -1, 0, 2, 1, -3, 0, -1, 0, 2, -4, -1, 1 ] ], 
          [ [ 1, 6, -3, -3, -2, 0, -1, 0, 1, 0, -2, -1, 3, 0, 1, 0, -1, 4, 1, -1 ], 
              [ 1, -6, 3, 3, 2, 0, 1, 0, -1, 0, 2, 1, -3, 0, -1, 0, 1, -4, -1, 1 ] ], 
          [ [ 1, 0, -1, 0, 1, 0, 0, 0, 0, 0, 0, 0, 0, -1, 1, 1, 0, 1, -1, -1 ], 
              [ 1, 0, 1, 0, -1, 0, 0, 0, 0, 0, 0, 0, 0, 1, -1, -1, 0, -1, 1, 1 ] ], 
          [ [ 1, 5, -2, -1, 0, -2, 0, 0, -1, -2, -1, 0, 0, -2, 2, 0, 0, 2, 0, -1 ], 
              [ 1, -5, 2, 1, 0, 2, 0, 0, 1, 2, 1, 0, 0, 2, -2, 0, 0, -2, 0, 1 ] ], 
          [ [ 1, 6, -2, -2, -1, -2, 0, -1, 0, -2, -1, -1, 1, -2, 1, 2, 0, 4, 1, 0 ], 
              [ 1, -6, 2, 2, 1, 2, 0, 1, 0, 2, 1, 1, -1, 2, -1, -2, 0, -4, -1, 0 ] ], 
          [ [ 1, -8, 1, 3, 3, 2, 1, 1, 0, 1, 0, 2, -1, 0, 1, -1, 1, -3, -3, -2 ], 
              [ 1, 8, -1, -3, -3, -2, -1, -1, 0, -1, 0, -2, 1, 0, -1, 1, -1, 3, 3, 2 ] ], 
          [ [ 1, 0, -1, 1, 1, -1, 0, -1, 1, -1, 0, 1, -1, -1, 1, 0, 1, 0, -1, -1 ], 
              [ 1, 0, 1, -1, -1, 1, 0, 1, -1, 1, 0, -1, 1, 1, -1, 0, -1, 0, 1, 1 ] ], 
          [ [ 1, -3, -1, 1, 1, 2, 1, 1, 0, 1, -1, 1, 1, 0, 1, -2, 0, -1, -2, -2 ], 
              [ 1, 3, 1, -1, -1, -2, -1, -1, 0, -1, 1, -1, -1, 0, -1, 2, 0, 1, 2, 2 ] ], 
          [ [ 1, 0, -2, 0, 2, 0, 0, 0, 0, 0, -1, 1, 0, 0, 2, -1, -1, 0, -1, -2 ], 
              [ 1, 0, 2, 0, -2, 0, 0, 0, 0, 0, 1, -1, 0, 0, -2, 1, 1, 0, 1, 2 ] ], 
          [ [ 1, 3, 0, 0, 0, -3, 0, 0, -2, -2, 0, 1, -2, -2, 2, 1, 1, 1, 0, 0 ], 
              [ 1, -3, 0, 0, 0, 3, 0, 0, 2, 2, 0, -1, 2, 2, -2, -1, -1, -1, 0, 0 ] ], 
          [ [ 1, 6, -2, -2, -2, -2, -2, -1, 1, 0, 0, 0, 0, -1, 1, 1, 0, 4, 1, 0 ], 
              [ 1, -6, 2, 2, 2, 2, 2, 1, -1, 0, 0, 0, 0, 1, -1, -1, 0, -4, -1, 0 ] ], 
          [ [ 1, 3, -1, -1, -1, -1, 0, 0, -1, 0, 0, 0, 0, -1, 1, 1, 0, 2, 0, 0 ], 
              [ 1, -3, 1, 1, 1, 1, 0, 0, 1, 0, 0, 0, 0, 1, -1, -1, 0, -2, 0, 0 ] ], 
          [ [ 1, -5, 1, 2, 1, 1, 1, 1, -1, 1, 0, 2, -1, 0, 1, -1, 1, -2, -2, -1 ], 
              [ 1, 5, -1, -2, -1, -1, -1, -1, 1, -1, 0, -2, 1, 0, -1, 1, -1, 2, 2, 1 ] ], 
          [ [ 1, -3, 0, 2, 1, 0, 0, 0, 0, 1, 1, 2, -2, -1, 1, -1, 1, -1, -2, -1 ], 
              [ 1, 3, 0, -2, -1, 0, 0, 0, 0, -1, -1, -2, 2, 1, -1, 1, -1, 1, 2, 1 ] ], 
          [ [ 1, -3, 0, 2, 1, 0, 0, 0, 0, 1, 1, 2, -2, 0, 1, -1, 1, -2, -2, -1 ], 
              [ 1, 3, 0, -2, -1, 0, 0, 0, 0, -1, -1, -2, 2, 0, -1, 1, -1, 2, 2, 1 ] ], 
          [ [ 1, -2, 0, 1, 2, -1, 0, 0, -1, 0, 0, 2, -2, 0, 2, 0, 0, -1, -1, -1 ], 
              [ 1, 2, 0, -1, -2, 1, 0, 0, 1, 0, 0, -2, 2, 0, -2, 0, 0, 1, 1, 1 ] ], 
          [ [ 1, 4, -2, -2, -1, -1, -1, 0, 0, 0, -1, 0, 1, 0, 2, 0, -1, 3, 1, -1 ], 
              [ 1, -4, 2, 2, 1, 1, 1, 0, 0, 0, 1, 0, -1, 0, -2, 0, 1, -3, -1, 1 ] ], 
          [ [ 1, 2, -1, 0, 1, -2, 0, 0, -1, -1, 0, 2, -2, -2, 2, 0, 0, 0, -1, -1 ], 
              [ 1, -2, 1, 0, -1, 2, 0, 0, 1, 1, 0, -2, 2, 2, -2, 0, 0, 0, 1, 1 ] ], 
          [ [ 1, 3, -2, -1, 0, -1, -1, 1, -1, 0, -1, 1, 0, 0, 2, -1, -1, 1, 0, -1 ], 
              [ 1, -3, 2, 1, 0, 1, 1, -1, 1, 0, 1, -1, 0, 0, -2, 1, 1, -1, 0, 1 ] ], 
          [ [ 1, 4, -2, -2, -1, -1, -1, 0, 0, 0, -1, 0, 1, 0, 1, 1, -1, 3, 1, 0 ], 
              [ 1, -4, 2, 2, 1, 1, 1, 0, 0, 0, 1, 0, -1, 0, -1, -1, 1, -3, -1, 0 ] ], 
          [ [ 1, 3, -2, -1, 0, -1, 0, 0, -1, 0, -1, 1, 0, 0, 2, -1, -1, 1, 0, -1 ], 
              [ 1, -3, 2, 1, 0, 1, 0, 0, 1, 0, 1, -1, 0, 0, -2, 1, 1, -1, 0, 1 ] ], 
          [ [ 1, 3, -1, 0, 1, -3, 0, 0, -2, -2, 0, 1, -2, -2, 2, 1, 1, 1, 0, 0 ], 
              [ 1, -3, 1, 0, -1, 3, 0, 0, 2, 2, 0, -1, 2, 2, -2, -1, -1, -1, 0, 0 ] ], 
          [ [ 1, -2, -1, 1, 1, 0, 0, -1, 1, 1, 1, 1, -1, 0, 1, 0, 0, 0, -1, -1 ], 
              [ 1, 2, 1, -1, -1, 0, 0, 1, -1, -1, -1, -1, 1, 0, -1, 0, 0, 0, 1, 1 ] ], 
          [ [ 1, -3, 2, 2, 2, -1, 1, 0, -1, -1, 0, 1, -2, -2, 1, 1, 2, -1, -2, -1 ], 
              [ 1, 3, -2, -2, -2, 1, -1, 0, 1, 1, 0, -1, 2, 2, -1, -1, -2, 1, 2, 1 ] ], 
          [ [ 1, 6, -2, -3, -1, -1, -1, -1, 1, 0, -2, -1, 2, 0, 1, 1, -2, 4, 1, -1 ], 
              [ 1, -6, 2, 3, 1, 1, 1, 1, -1, 0, 2, 1, -2, 0, -1, -1, 2, -4, -1, 1 ] ], 
          [ [ 1, -2, 0, 0, 1, 1, 0, 0, 1, 1, -1, 0, 1, 0, 1, 0, 0, 1, -1, -2 ], 
              [ 1, 2, 0, 0, -1, -1, 0, 0, -1, -1, 1, 0, -1, 0, -1, 0, 0, -1, 1, 2 ] ], 
          [ [ 1, -3, 0, 1, 2, 1, 0, 1, 0, 1, -1, 1, 0, 0, 1, -1, 0, -1, -2, -2 ], 
              [ 1, 3, 0, -1, -2, -1, 0, -1, 0, -1, 1, -1, 0, 0, -1, 1, 0, 1, 2, 2 ] ], 
          [ [ 1, -3, 0, 1, 2, 1, 1, 0, 0, 1, -1, 1, 0, 0, 1, -1, 0, -1, -2, -2 ], 
              [ 1, 3, 0, -1, -2, -1, -1, 0, 0, -1, 1, -1, 0, 0, -1, 1, 0, 1, 2, 2 ] ], 
          [ [ 1, 3, -1, -1, 0, -1, 0, 0, 0, -1, -2, 0, 1, -1, 1, 0, 0, 2, 0, -1 ], 
              [ 1, -3, 1, 1, 0, 1, 0, 0, 0, 1, 2, 0, -1, 1, -1, 0, 0, -2, 0, 1 ] ], 
          [ [ 1, 3, -1, -1, 0, -1, 0, 0, 0, -1, -1, -1, 1, -1, 1, 1, 0, 2, 0, -1 ], 
              [ 1, -3, 1, 1, 0, 1, 0, 0, 0, 1, 1, 1, -1, 1, -1, -1, 0, -2, 0, 1 ] ], 
          [ [ 1, 0, 0, 0, 0, 0, 0, 1, -1, 1, -1, 1, 0, 0, 1, -1, 0, 0, -1, -1 ], 
              [ 1, 0, 0, 0, 0, 0, 0, -1, 1, -1, 1, -1, 0, 0, -1, 1, 0, 0, 1, 1 ] ], 
          [ [ 1, -5, 1, 2, 1, 1, 0, 0, 1, 2, 1, 1, -1, 0, 0, 0, 1, -1, -2, -1 ], 
              [ 1, 5, -1, -2, -1, -1, 0, 0, -1, -2, -1, -1, 1, 0, 0, 0, -1, 1, 2, 1 ] ], 
          [ [ 1, -2, 1, 1, 2, -1, 1, 2, -3, -1, -1, 1, -1, -1, 2, 0, 1, -1, -1, -1 ], 
              [ 1, 2, -1, -1, -2, 1, -1, -2, 3, 1, 1, -1, 1, 1, -2, 0, -1, 1, 1, 1 ] ], 
          [ [ 1, 4, -1, -1, 0, -3, -1, -2, 1, -1, 0, 0, -1, -1, 1, 2, 0, 3, 1, 0 ], 
              [ 1, -4, 1, 1, 0, 3, 1, 2, -1, 1, 0, 0, 1, 1, -1, -2, 0, -3, -1, 0 ] ], 
          [ [ 1, 0, 0, 0, 1, -1, 0, 0, 0, 0, 0, 1, -1, -1, 1, 1, 0, 0, -1, -1 ], 
              [ 1, 0, 0, 0, -1, 1, 0, 0, 0, 0, 0, -1, 1, 1, -1, -1, 0, 0, 1, 1 ] ], 
          [ [ 1, 1, -1, -1, 0, 0, 0, 0, 0, 1, -1, 0, 1, 0, 1, 0, -1, 2, 0, -1 ], 
              [ 1, -1, 1, 1, 0, 0, 0, 0, 0, -1, 1, 0, -1, 0, -1, 0, 1, -2, 0, 1 ] ], 
          [ [ 1, 1, -1, -1, 0, 0, 0, 0, 0, 1, -1, 0, 1, 1, 1, 0, -1, 1, 0, -1 ], 
              [ 1, -1, 1, 1, 0, 0, 0, 0, 0, -1, 1, 0, -1, -1, -1, 0, 1, -1, 0, 1 ] ], 
          [ [ 1, 3, -2, -1, 0, -1, -1, -1, 1, 1, 0, 0, 0, 0, 1, 0, -1, 2, 0, -1 ], 
              [ 1, -3, 2, 1, 0, 1, 1, 1, -1, -1, 0, 0, 0, 0, -1, 0, 1, -2, 0, 1 ] ], 
          [ [ 1, 5, -2, -2, -1, -1, 0, 0, 0, 0, -1, 0, 1, -1, 1, 0, -1, 2, 0, -1 ], 
              [ 1, -5, 2, 2, 1, 1, 0, 0, 0, 0, 1, 0, -1, 1, -1, 0, 1, -2, 0, 1 ] ], 
          [ [ 1, -5, 0, 2, 2, 1, 0, 0, 1, 2, 0, 2, -1, 1, 1, -2, 0, -2, -2, -2 ], 
              [ 1, 5, 0, -2, -2, -1, 0, 0, -1, -2, 0, -2, 1, -1, -1, 2, 0, 2, 2, 2 ] ], 
          [ [ 1, 0, -1, 0, 1, 1, 0, 0, 0, 0, -1, 0, 1, -1, 1, 0, 0, 1, -1, -2 ], 
              [ 1, 0, 1, 0, -1, -1, 0, 0, 0, 0, 1, 0, -1, 1, -1, 0, 0, -1, 1, 2 ] ], 
          [ [ 1, -2, 1, 1, 1, 0, 0, 0, -1, 0, 0, 1, -1, -1, 1, 1, 1, 0, -1, -1 ], 
              [ 1, 2, -1, -1, -1, 0, 0, 0, 1, 0, 0, -1, 1, 1, -1, -1, -1, 0, 1, 1 ] ], 
          [ [ 1, -3, 1, 2, 2, 0, 1, 0, -2, 0, 0, 2, -2, -1, 1, 0, 1, -2, -2, -1 ], 
              [ 1, 3, -1, -2, -2, 0, -1, 0, 2, 0, 0, -2, 2, 1, -1, 0, -1, 2, 2, 1 ] ], 
          [ [ 1, -3, 0, 1, 1, 2, 0, 1, -1, 2, 0, 1, 0, 0, 1, -1, 0, -1, -2, -2 ], 
              [ 1, 3, 0, -1, -1, -2, 0, -1, 1, -2, 0, -1, 0, 0, -1, 1, 0, 1, 2, 2 ] ], 
          [ [ 1, 3, -1, -1, -1, 0, 0, 0, -1, 0, -1, 0, 1, -1, 1, 0, 0, 2, 0, -1 ], 
              [ 1, -3, 1, 1, 1, 0, 0, 0, 1, 0, 1, 0, -1, 1, -1, 0, 0, -2, 0, 1 ] ], 
          [ [ 1, 6, -2, -2, 0, -2, -1, -1, -1, -1, -1, 0, 0, -1, 2, 1, -1, 3, 1, -1 ], 
              [ 1, -6, 2, 2, 0, 2, 1, 1, 1, 1, 1, 0, 0, 1, -2, -1, 1, -3, -1, 1 ] ], 
          [ [ 1, -2, -1, 0, 1, 2, 0, 0, 0, 2, -1, 1, 1, 1, 1, -1, -1, 0, -1, -2 ], 
              [ 1, 2, 1, 0, -1, -2, 0, 0, 0, -2, 1, -1, -1, -1, -1, 1, 1, 0, 1, 2 ] ], 
          [ [ 1, 3, -2, -1, 0, 0, 0, 0, -1, 0, -1, 0, 1, 0, 1, 0, -1, 1, 0, -1 ], 
              [ 1, -3, 2, 1, 0, 0, 0, 0, 1, 0, 1, 0, -1, 0, -1, 0, 1, -1, 0, 1 ] ], 
          [ [ 1, -5, 1, 2, 3, 1, 1, 0, -1, 1, 0, 1, -1, 0, 1, 0, 0, -2, -2, -2 ], 
              [ 1, 5, -1, -2, -3, -1, -1, 0, 1, -1, 0, -1, 1, 0, -1, 0, 0, 2, 2, 2 ] ], 
          [ [ 1, 6, -2, -2, -2, -2, -1, 0, 0, -2, -1, -1, 1, -1, 2, 1, 0, 4, 1, 1 ], 
              [ 1, -6, 2, 2, 2, 2, 1, 0, 0, 2, 1, 1, -1, 1, -2, -1, 0, -4, -1, -1 ] ], 
          [ [ 1, 0, -1, 1, 0, -1, -1, 0, 1, -1, 0, 1, -1, -1, 2, -1, 1, 1, -1, 0 ], 
              [ 1, 0, 1, -1, 0, 1, 1, 0, -1, 1, 0, -1, 1, 1, -2, 1, -1, -1, 1, 0 ] ], 
          [ [ 1, 3, -1, -1, -1, -1, -1, 1, 0, -1, -2, 0, 1, 0, 2, -1, 0, 2, 0, 0 ], 
              [ 1, -3, 1, 1, 1, 1, 1, -1, 0, 1, 2, 0, -1, 0, -2, 1, 0, -2, 0, 0 ] ], 
          [ [ 1, 3, 0, 0, 0, -3, 0, 0, -1, -3, -1, 0, -1, -2, 2, 1, 1, 2, 0, 1 ], 
              [ 1, -3, 0, 0, 0, 3, 0, 0, 1, 3, 1, 0, 1, 2, -2, -1, -1, -2, 0, -1 ] ], 
          [ [ 1, 6, -2, -2, -2, -2, -2, -1, 2, -1, -1, -1, 1, -1, 1, 1, 0, 5, 1, 1 ], 
              [ 1, -6, 2, 2, 2, 2, 2, 1, -2, 1, 1, 1, -1, 1, -1, -1, 0, -5, -1, -1 ] ], 
          [ [ 1, 3, -1, -1, -1, -1, -1, 1, 0, -1, -1, -1, 1, -1, 2, 0, 0, 3, 0, 0 ], 
              [ 1, -3, 1, 1, 1, 1, 1, -1, 0, 1, 1, 1, -1, 1, -2, 0, 0, -3, 0, 0 ] ], 
          [ [ 1, 6, -2, -2, -2, -2, -2, -1, 2, -1, -1, -1, 1, 0, 1, 1, -1, 4, 1, 1 ], 
              [ 1, -6, 2, 2, 2, 2, 2, 1, -2, 1, 1, 1, -1, 0, -1, -1, 1, -4, -1, -1 ] ], 
          [ [ 1, -2, 0, 1, 0, 0, -1, 0, 2, 0, 0, 0, 0, 0, 1, 0, 1, 1, -1, 0 ], 
              [ 1, 2, 0, -1, 0, 0, 1, 0, -2, 0, 0, 0, 0, 0, -1, 0, -1, -1, 1, 0 ] ], 
          [ [ 1, -3, 0, 2, 1, 0, 0, 0, 1, 0, 0, 1, -1, 0, 1, -1, 1, -1, -2, 0 ], 
              [ 1, 3, 0, -2, -1, 0, 0, 0, -1, 0, 0, -1, 1, 0, -1, 1, -1, 1, 2, 0 ] ], 
          [ [ 1, 3, -1, 0, -1, -2, -1, 0, 1, -2, -1, 0, 0, -1, 1, 0, 1, 2, 0, 1 ], 
              [ 1, -3, 1, 0, 1, 2, 1, 0, -1, 2, 1, 0, 0, 1, -1, 0, -1, -2, 0, -1 ] ], 
          [ [ 1, 2, -1, 0, -1, -1, -1, 0, 2, -1, 0, 0, 0, -2, 1, 0, 1, 2, -1, 0 ], 
              [ 1, -2, 1, 0, 1, 1, 1, 0, -2, 1, 0, 0, 0, 2, -1, 0, -1, -2, 1, 0 ] ], 
          [ [ 1, 3, -2, -1, -2, 0, -1, 0, 2, 0, -1, -1, 2, 0, 1, -1, 0, 3, 0, 0 ], 
              [ 1, -3, 2, 1, 2, 0, 1, 0, -2, 0, 1, 1, -2, 0, -1, 1, 0, -3, 0, 0 ] ], 
          [ [ 1, 4, -2, -2, -1, -1, -1, 0, 1, -1, -2, -1, 2, 0, 2, 0, -1, 4, 1, 0 ], 
              [ 1, -4, 2, 2, 1, 1, 1, 0, -1, 1, 2, 1, -2, 0, -2, 0, 1, -4, -1, 0 ] ], 
          [ [ 1, 3, -2, -1, 0, -1, -1, 1, 0, -1, -2, 0, 1, 0, 2, -1, -1, 2, 0, 0 ], 
              [ 1, -3, 2, 1, 0, 1, 1, -1, 0, 1, 2, 0, -1, 0, -2, 1, 1, -2, 0, 0 ] ], 
          [ [ 1, 6, -3, -2, -1, -2, -2, -1, 2, -1, -1, -1, 1, 0, 2, 0, -1, 4, 1, 0 ], 
              [ 1, -6, 3, 2, 1, 2, 2, 1, -2, 1, 1, 1, -1, 0, -2, 0, 1, -4, -1, 0 ] ], 
          [ [ 1, 8, -3, -3, -2, -2, -1, 0, 1, -2, -2, -1, 2, -1, 2, 0, -1, 4, 1, 0 ], 
              [ 1, -8, 3, 3, 2, 2, 1, 0, -1, 2, 2, 1, -2, 1, -2, 0, 1, -4, -1, 0 ] ], 
          [ [ 1, 9, -3, -3, -2, -3, -1, 0, 0, -3, -2, -2, 2, -1, 2, 1, -1, 5, 2, 1 ], 
              [ 1, -9, 3, 3, 2, 3, 1, 0, 0, 3, 2, 2, -2, 1, -2, -1, 1, -5, -2, -1 ] ], 
          [ [ 1, 8, -2, -2, -2, -4, -2, -1, 1, -2, 0, 0, -1, -2, 2, 1, 0, 4, 1, 1 ], 
              [ 1, -8, 2, 2, 2, 4, 2, 1, -1, 2, 0, 0, 1, 2, -2, -1, 0, -4, -1, -1 ] ], 
          [ [ 1, 0, -1, 0, -1, 0, -1, 0, 2, 1, 0, 1, 0, 0, 1, -1, 0, 1, -1, 0 ], 
              [ 1, 0, 1, 0, 1, 0, 1, 0, -2, -1, 0, -1, 0, 0, -1, 1, 0, -1, 1, 0 ] ], 
          [ [ 1, 1, -1, 0, -1, -1, -1, 0, 1, 0, 0, 0, 0, 0, 1, 0, 0, 2, 0, 1 ], 
              [ 1, -1, 1, 0, 1, 1, 1, 0, -1, 0, 0, 0, 0, 0, -1, 0, 0, -2, 0, -1 ] ], 
          [ [ 1, 5, -2, -1, -2, -2, -1, 0, 1, -1, 0, 0, 0, -1, 1, 0, 0, 2, 0, 1 ], 
              [ 1, -5, 2, 1, 2, 2, 1, 0, -1, 1, 0, 0, 0, 1, -1, 0, 0, -2, 0, -1 ] ], 
          [ [ 1, 6, -2, -2, -1, -3, -1, 0, 0, -2, -1, 0, 0, -1, 2, 1, -1, 3, 1, 1 ], 
              [ 1, -6, 2, 2, 1, 3, 1, 0, 0, 2, 1, 0, 0, 1, -2, -1, 1, -3, -1, -1 ] ], 
          [ [ 1, -3, 1, 2, 1, -1, 0, 0, 1, 0, 1, 1, -2, -1, 1, 0, 1, -1, -2, 0 ], 
              [ 1, 3, -1, -2, -1, 1, 0, 0, -1, 0, -1, -1, 2, 1, -1, 0, -1, 1, 2, 0 ] ], 
          [ [ 1, 3, -1, -1, 0, -2, -1, 1, 0, -1, -1, 0, 0, -1, 2, 0, 0, 2, 0, 0 ], 
              [ 1, -3, 1, 1, 0, 2, 1, -1, 0, 1, 1, 0, 0, 1, -2, 0, 0, -2, 0, 0 ] ], 
          [ [ 1, 3, -2, -1, -1, -1, -1, 0, 2, 0, -1, 0, 1, 0, 1, -1, -1, 2, 0, 0 ], 
              [ 1, -3, 2, 1, 1, 1, 1, 0, -2, 0, 1, 0, -1, 0, -1, 1, 1, -2, 0, 0 ] ], 
          [ [ 1, 0, 0, 1, 1, -1, 0, 0, -1, -2, -1, 1, -1, -1, 2, 0, 1, 0, -1, 0 ], 
              [ 1, 0, 0, -1, -1, 1, 0, 0, 1, 2, 1, -1, 1, 1, -2, 0, -1, 0, 1, 0 ] ], 
          [ [ 1, 3, -2, -1, -1, 0, -2, -1, 2, 0, -1, 0, 1, 0, 1, 0, -1, 3, 0, 0 ], 
              [ 1, -3, 2, 1, 1, 0, 2, 1, -2, 0, 1, 0, -1, 0, -1, 0, 1, -3, 0, 0 ] ], 
          [ [ 1, 0, -1, 0, 0, 1, -1, 1, 0, 0, -1, 0, 1, 0, 2, -1, 0, 1, -1, -1 ], 
              [ 1, 0, 1, 0, 0, -1, 1, -1, 0, 0, 1, 0, -1, 0, -2, 1, 0, -1, 1, 1 ] ], 
          [ [ 1, 6, -2, -2, -2, -1, -1, 0, 0, -2, -2, -1, 2, -1, 2, 0, 0, 4, 1, 0 ], 
              [ 1, -6, 2, 2, 2, 1, 1, 0, 0, 2, 2, 1, -2, 1, -2, 0, 0, -4, -1, 0 ] ], 
          [ [ 1, 0, 0, 1, 1, -1, 0, 0, -1, -2, 0, 0, -1, -2, 2, 1, 1, 1, -1, 0 ], 
              [ 1, 0, 0, -1, -1, 1, 0, 0, 1, 2, 0, 0, 1, 2, -2, -1, -1, -1, 1, 0 ] ], 
          [ [ 1, 5, -2, -1, -1, -1, -1, 1, -1, -2, -2, 0, 1, -1, 2, -1, 0, 2, 0, 0 ], 
              [ 1, -5, 2, 1, 1, 1, 1, -1, 1, 2, 2, 0, -1, 1, -2, 1, 0, -2, 0, 0 ] ], 
          [ [ 1, 6, -2, -2, -2, -1, -1, 0, 0, -2, -2, -1, 2, -1, 1, 1, 0, 4, 1, 1 ], 
              [ 1, -6, 2, 2, 2, 1, 1, 0, 0, 2, 2, 1, -2, 1, -1, -1, 0, -4, -1, -1 ] ], 
          [ [ 1, 3, -1, -1, -1, 0, 0, 2, -2, -2, -2, -1, 2, -1, 2, 0, 0, 2, 0, 0 ], 
              [ 1, -3, 1, 1, 1, 0, 0, -2, 2, 2, 2, 1, -2, 1, -2, 0, 0, -2, 0, 0 ] ], 
          [ [ 1, 9, -3, -3, -3, -2, -2, -2, 2, -2, -1, -2, 2, -1, 1, 2, -1, 6, 2, 1 ], 
              [ 1, -9, 3, 3, 3, 2, 2, 2, -2, 2, 1, 2, -2, 1, -1, -2, 1, -6, -2, -1 ] ], 
          [ [ 1, 0, -2, 0, -1, 2, -1, 0, 2, 1, -1, 0, 2, 1, 1, -2, -1, 1, -1, -1 ], 
              [ 1, 0, 2, 0, 1, -2, 1, 0, -2, -1, 1, 0, -2, -1, -1, 2, 1, -1, 1, 1 ] ], 
          [ [ 1, 0, -1, 1, 0, 0, -1, 0, 1, -1, 0, 0, 0, -1, 1, 0, 1, 1, -1, 0 ], 
              [ 1, 0, 1, -1, 0, 0, 1, 0, -1, 1, 0, 0, 0, 1, -1, 0, -1, -1, 1, 0 ] ], 
          [ [ 1, 0, -1, 1, 0, 0, 0, -1, 1, -1, 0, 0, 0, -1, 1, 0, 1, 1, -1, 0 ], 
              [ 1, 0, 1, -1, 0, 0, 0, 1, -1, 1, 0, 0, 0, 1, -1, 0, -1, -1, 1, 0 ] ], 
          [ [ 1, 6, -3, -2, -1, -1, -1, 0, 0, -2, -2, -1, 2, -1, 2, 0, -1, 4, 1, 0 ], 
              [ 1, -6, 3, 2, 1, 1, 1, 0, 0, 2, 2, 1, -2, 1, -2, 0, 1, -4, -1, 0 ] ], 
          [ [ 1, 6, -3, -2, -1, -1, -1, 0, 0, -2, -2, -1, 2, 0, 2, 0, -1, 3, 1, 0 ], 
              [ 1, -6, 3, 2, 1, 1, 1, 0, 0, 2, 2, 1, -2, 0, -2, 0, 1, -3, -1, 0 ] ], 
          [ [ 1, 3, -1, 0, -2, -1, -1, 0, 0, -1, 0, 0, 0, -1, 1, 0, 1, 2, 0, 1 ], 
              [ 1, -3, 1, 0, 2, 1, 1, 0, 0, 1, 0, 0, 0, 1, -1, 0, -1, -2, 0, -1 ] ], 
          [ [ 1, 4, -1, -1, -1, -2, -1, 0, -1, -2, -1, 0, 0, -1, 2, 1, 0, 3, 1, 1 ], 
              [ 1, -4, 1, 1, 1, 2, 1, 0, 1, 2, 1, 0, 0, 1, -2, -1, 0, -3, -1, -1 ] ], 
          [ [ 1, 6, -2, -1, -1, -3, -2, -1, 0, -2, 0, 0, -1, -1, 2, 1, 0, 3, 1, 1 ], 
              [ 1, -6, 2, 1, 1, 3, 2, 1, 0, 2, 0, 0, 1, 1, -2, -1, 0, -3, -1, -1 ] ], 
          [ [ 1, 3, -2, -1, -1, 0, -1, 1, -1, 0, -1, 0, 1, 0, 2, -1, -1, 2, 0, 0 ], 
              [ 1, -3, 2, 1, 1, 0, 1, -1, 1, 0, 1, 0, -1, 0, -2, 1, 1, -2, 0, 0 ] ], 
          [ [ 1, 8, -2, -2, -2, -3, -1, 0, -1, -3, -1, 0, 0, -2, 2, 1, 0, 3, 1, 1 ], 
              [ 1, -8, 2, 2, 2, 3, 1, 0, 1, 3, 1, 0, 0, 2, -2, -1, 0, -3, -1, -1 ] ], 
          [ [ 1, -2, -1, 1, 0, 1, -1, 0, 1, 1, 0, 1, 0, 1, 1, -1, 0, 0, -1, 0 ], 
              [ 1, 2, 1, -1, 0, -1, 1, 0, -1, -1, 0, -1, 0, -1, -1, 1, 0, 0, 1, 0 ] ], 
          [ [ 1, 2, -2, 0, -1, 0, -1, 0, 1, 0, 0, 1, 0, -1, 1, -1, 0, 1, -1, 0 ], 
              [ 1, -2, 2, 0, 1, 0, 1, 0, -1, 0, 0, -1, 0, 1, -1, 1, 0, -1, 1, 0 ] ], 
          [ [ 1, -3, 1, 2, 0, 1, 0, 0, 1, 0, 0, 0, 0, -1, 0, 0, 2, 0, -2, 0 ], 
              [ 1, 3, -1, -2, 0, -1, 0, 0, -1, 0, 0, 0, 0, 1, 0, 0, -2, 0, 2, 0 ] ], 
          [ [ 1, 3, 0, -1, 0, -1, 0, 1, -2, -2, -2, -1, 1, -1, 2, 1, 0, 2, 0, 0 ], 
              [ 1, -3, 0, 1, 0, 1, 0, -1, 2, 2, 2, 1, -1, 1, -2, -1, 0, -2, 0, 0 ] ], 
          [ [ 1, -3, 1, 2, 2, 0, 0, 1, -1, -1, -1, 1, -1, -1, 2, -1, 1, -1, -2, -1 ], 
              [ 1, 3, -1, -2, -2, 0, 0, -1, 1, 1, 1, -1, 1, 1, -2, 1, -1, 1, 2, 1 ] ], 
          [ [ 1, -2, 1, 1, 1, 0, 0, 0, 0, -1, -1, 0, 0, -1, 1, 1, 1, 1, -1, 0 ], 
              [ 1, 2, -1, -1, -1, 0, 0, 0, 0, 1, 1, 0, 0, 1, -1, -1, -1, -1, 1, 0 ] ], 
          [ [ 1, 0, 1, 1, 1, -1, 1, 2, -3, -3, -2, 0, 0, -2, 2, 0, 2, 0, -1, 0 ], 
              [ 1, 0, -1, -1, -1, 1, -1, -2, 3, 3, 2, 0, 0, 2, -2, 0, -2, 0, 1, 0 ] ], 
          [ [ 1, 0, -1, 0, 0, 1, -1, -1, 2, 1, -1, 0, 1, 1, 1, -1, -1, 1, -1, -1 ], 
              [ 1, 0, 1, 0, 0, -1, 1, 1, -2, -1, 1, 0, -1, -1, -1, 1, 1, -1, 1, 1 ] ], 
          [ [ 1, 6, -2, -2, -2, -1, -2, -1, 2, -1, -2, -1, 2, 0, 1, 0, -1, 4, 1, 0 ], 
              [ 1, -6, 2, 2, 2, 1, 2, 1, -2, 1, 2, 1, -2, 0, -1, 0, 1, -4, -1, 0 ] ], 
          [ [ 1, 0, 0, 1, 1, -1, -1, -1, 1, -1, 0, 0, -1, -1, 1, 1, 1, 1, -1, 0 ], 
              [ 1, 0, 0, -1, -1, 1, 1, 1, -1, 1, 0, 0, 1, 1, -1, -1, -1, -1, 1, 0 ] ], 
          [ [ 1, -3, 0, 1, 1, 2, 0, 1, 0, 1, -1, 0, 1, 0, 1, -1, 0, 0, -2, -1 ], 
              [ 1, 3, 0, -1, -1, -2, 0, -1, 0, -1, 1, 0, -1, 0, -1, 1, 0, 0, 2, 1 ] ], 
          [ [ 1, 6, -1, -1, -1, -3, -1, -2, 1, -3, -1, -1, 0, -2, 1, 2, 1, 4, 1, 1 ], 
              [ 1, -6, 1, 1, 1, 3, 1, 2, -1, 3, 1, 1, 0, 2, -1, -2, -1, -4, -1, -1 ] ], 
          [ [ 1, 3, -1, -1, -1, 0, -1, 1, 0, -1, -2, -1, 2, -1, 1, 0, 0, 3, 0, 0 ], 
              [ 1, -3, 1, 1, 1, 0, 1, -1, 0, 1, 2, 1, -2, 1, -1, 0, 0, -3, 0, 0 ] ], 
          [ [ 1, 2, 0, 0, 0, -1, 0, 0, 0, -2, -1, 0, 0, -2, 1, 1, 1, 1, -1, 0 ], 
              [ 1, -2, 0, 0, 0, 1, 0, 0, 0, 2, 1, 0, 0, 2, -1, -1, -1, -1, 1, 0 ] ], 
          [ [ 1, 3, 0, 0, 0, -2, 0, 0, -1, -3, -1, -1, 0, -2, 2, 1, 1, 2, 0, 0 ], 
              [ 1, -3, 0, 0, 0, 2, 0, 0, 1, 3, 1, 1, 0, 2, -2, -1, -1, -2, 0, 0 ] ], 
          [ [ 1, 3, -1, -1, -1, 0, -1, 1, 0, -1, -2, -1, 2, 0, 1, 0, 0, 2, 0, 0 ], 
              [ 1, -3, 1, 1, 1, 0, 1, -1, 0, 1, 2, 1, -2, 0, -1, 0, 0, -2, 0, 0 ] ], 
          [ [ 1, 3, -1, -1, -1, 0, 0, 0, 0, -1, -2, -1, 2, -1, 1, 0, 0, 3, 0, 0 ], 
              [ 1, -3, 1, 1, 1, 0, 0, 0, 0, 1, 2, 1, -2, 1, -1, 0, 0, -3, 0, 0 ] ], 
          [ [ 1, 3, -1, -1, -1, 0, 0, 0, 0, -1, -2, -1, 2, 0, 1, 0, -1, 2, 0, 0 ], 
              [ 1, -3, 1, 1, 1, 0, 0, 0, 0, 1, 2, 1, -2, 0, -1, 0, 1, -2, 0, 0 ] ], 
          [ [ 1, 3, -1, -1, -1, 0, 0, 0, 0, -1, -2, -1, 2, 0, 1, 0, 0, 2, 0, 0 ], 
              [ 1, -3, 1, 1, 1, 0, 0, 0, 0, 1, 2, 1, -2, 0, -1, 0, 0, -2, 0, 0 ] ], 
          [ [ 1, 3, 0, 0, 0, -2, 0, 0, -1, -3, -1, -1, 0, -2, 1, 2, 1, 2, 0, 1 ], 
              [ 1, -3, 0, 0, 0, 2, 0, 0, 1, 3, 1, 1, 0, 2, -1, -2, -1, -2, 0, -1 ] ], 
          [ [ 1, 6, -2, -2, -2, -1, -2, -1, 2, -1, -1, -2, 2, -1, 1, 1, 0, 5, 1, 0 ], 
              [ 1, -6, 2, 2, 2, 1, 2, 1, -2, 1, 1, 2, -2, 1, -1, -1, 0, -5, -1, 0 ] ], 
          [ [ 1, 6, -3, -3, -3, 1, -2, -1, 3, 1, -2, -2, 4, 1, 0, 0, -2, 5, 1, 0 ], 
              [ 1, -6, 3, 3, 3, -1, 2, 1, -3, -1, 2, 2, -4, -1, 0, 0, 2, -5, -1, 0 ] ], 
          [ [ 1, 5, -2, -1, -1, -1, -1, -1, 1, -1, -1, -1, 1, -1, 1, 0, 0, 3, 0, 0 ], 
              [ 1, -5, 2, 1, 1, 1, 1, 1, -1, 1, 1, 1, -1, 1, -1, 0, 0, -3, 0, 0 ] ], 
          [ [ 1, 3, -1, -1, -1, 0, 0, 0, 0, -1, -1, -2, 2, -1, 1, 1, 0, 3, 0, 0 ], 
              [ 1, -3, 1, 1, 1, 0, 0, 0, 0, 1, 1, 2, -2, 1, -1, -1, 0, -3, 0, 0 ] ], 
          [ [ 1, -3, 0, 2, 1, 1, 0, 0, 1, 0, -1, 1, 0, 0, 1, -2, 1, -1, -2, -1 ], 
              [ 1, 3, 0, -2, -1, -1, 0, 0, -1, 0, 1, -1, 0, 0, -1, 2, -1, 1, 2, 1 ] ], 
          [ [ 1, -5, 1, 2, 1, 2, 1, 1, 0, 0, -1, 0, 1, 0, 1, -1, 1, -1, -2, -1 ], 
              [ 1, 5, -1, -2, -1, -2, -1, -1, 0, 0, 1, 0, -1, 0, -1, 1, -1, 1, 2, 1 ] ], 
          [ [ 1, -6, 1, 3, 2, 2, 1, 2, -1, 0, -1, 1, 0, 0, 1, -2, 1, -3, -3, -1 ], 
              [ 1, 6, -1, -3, -2, -2, -1, -2, 1, 0, 1, -1, 0, 0, -1, 2, -1, 3, 3, 1 ] ], 
          [ [ 1, -3, 0, 2, 1, 1, 0, 0, 1, 0, 0, 0, 0, -1, 1, -1, 1, 0, -2, -1 ], 
              [ 1, 3, 0, -2, -1, -1, 0, 0, -1, 0, 0, 0, 0, 1, -1, 1, -1, 0, 2, 1 ] ], 
          [ [ 1, 0, -1, 1, 0, 0, -1, -2, 3, 0, 0, 0, 0, 0, 0, 0, 0, 1, -1, 0 ], 
              [ 1, 0, 1, -1, 0, 0, 1, 2, -3, 0, 0, 0, 0, 0, 0, 0, 0, -1, 1, 0 ] ], 
          [ [ 1, -3, 0, 2, 1, 1, 0, 0, 1, 0, 0, 0, 0, 0, 1, -1, 1, -1, -2, -1 ], 
              [ 1, 3, 0, -2, -1, -1, 0, 0, -1, 0, 0, 0, 0, 0, -1, 1, -1, 1, 2, 1 ] ], 
          [ [ 1, 6, -2, -2, 0, -2, -1, -1, 0, -2, -2, -1, 1, -1, 2, 1, -1, 4, 1, 0 ], 
              [ 1, -6, 2, 2, 0, 2, 1, 1, 0, 2, 2, 1, -1, 1, -2, -1, 1, -4, -1, 0 ] ], 
          [ [ 1, 9, -3, -4, -2, -1, -1, 1, -1, -2, -4, -2, 4, 0, 2, 0, -2, 5, 2, 0 ], 
              [ 1, -9, 3, 4, 2, 1, 1, -1, 1, 2, 4, 2, -4, 0, -2, 0, 2, -5, -2, 0 ] ], 
          [ [ 1, -2, 0, 1, 2, 0, 0, 0, 0, -1, -1, 0, 0, 0, 2, 0, 0, 0, -1, -1 ], 
              [ 1, 2, 0, -1, -2, 0, 0, 0, 0, 1, 1, 0, 0, 0, -2, 0, 0, 0, 1, 1 ] ], 
          [ [ 1, 3, -1, 0, 1, -2, 0, 0, -1, -3, -2, 0, 0, -1, 2, 0, 0, 1, 0, 0 ], 
              [ 1, -3, 1, 0, -1, 2, 0, 0, 1, 3, 2, 0, 0, 1, -2, 0, 0, -1, 0, 0 ] ], 
          [ [ 1, 2, -1, 0, 1, -1, 0, 0, 0, -2, -1, 0, 0, -2, 2, 0, 0, 1, -1, -1 ], 
              [ 1, -2, 1, 0, -1, 1, 0, 0, 0, 2, 1, 0, 0, 2, -2, 0, 0, -1, 1, 1 ] ], 
          [ [ 1, 6, -3, -2, -1, -1, -2, -1, 2, -1, -2, -1, 2, 0, 1, 0, -1, 4, 1, 0 ], 
              [ 1, -6, 3, 2, 1, 1, 2, 1, -2, 1, 2, 1, -2, 0, -1, 0, 1, -4, -1, 0 ] ], 
          [ [ 1, 3, -2, -1, 0, 0, -1, 1, 0, -1, -2, -1, 2, 0, 2, -1, -1, 2, 0, -1 ], 
              [ 1, -3, 2, 1, 0, 0, 1, -1, 0, 1, 2, 1, -2, 0, -2, 1, 1, -2, 0, 1 ] ], 
          [ [ 1, 4, -2, -2, -1, 0, -1, 0, 1, -1, -2, -2, 3, 0, 1, 1, -1, 4, 1, 0 ], 
              [ 1, -4, 2, 2, 1, 0, 1, 0, -1, 1, 2, 2, -3, 0, -1, -1, 1, -4, -1, 0 ] ], 
          [ [ 1, 3, -2, -1, 0, 0, 0, 0, 0, -1, -2, -1, 2, 0, 2, -1, -1, 2, 0, -1 ], 
              [ 1, -3, 2, 1, 0, 0, 0, 0, 0, 1, 2, 1, -2, 0, -2, 1, 1, -2, 0, 1 ] ], 
          [ [ 1, 3, -1, 0, 1, -2, 0, 0, -1, -3, -1, -1, 0, -2, 2, 1, 1, 2, 0, 0 ], 
              [ 1, -3, 1, 0, -1, 2, 0, 0, 1, 3, 1, 1, 0, 2, -2, -1, -1, -2, 0, 0 ] ], 
          [ [ 1, 3, -2, -1, 0, 0, 0, 0, 0, -1, -2, -1, 2, 0, 1, 0, -1, 2, 0, 0 ], 
              [ 1, -3, 2, 1, 0, 0, 0, 0, 0, 1, 2, 1, -2, 0, -1, 0, 1, -2, 0, 0 ] ], 
          [ [ 1, 3, 0, 0, -1, -2, -1, -1, 0, -1, 0, 0, -1, -1, 1, 1, 1, 2, 0, 1 ], 
              [ 1, -3, 0, 0, 1, 2, 1, 1, 0, 1, 0, 0, 1, 1, -1, -1, -1, -2, 0, -1 ] ], 
          [ [ 1, -5, 2, 3, 1, 0, 0, 0, 0, 0, 1, 1, -2, -1, 1, 0, 2, -1, -2, 0 ], 
              [ 1, 5, -2, -3, -1, 0, 0, 0, 0, 0, -1, -1, 2, 1, -1, 0, -2, 1, 2, 0 ] ], 
          [ [ 1, -1, 1, 2, 0, -1, 0, 0, 0, -1, 1, 1, -2, -2, 1, 0, 2, -1, -2, 0 ], 
              [ 1, 1, -1, -2, 0, 1, 0, 0, 0, 1, -1, -1, 2, 2, -1, 0, -2, 1, 2, 0 ] ], 
          [ [ 1, 9, -2, -3, -2, -3, -2, 0, -1, -2, -2, -1, 1, -1, 2, 1, -1, 5, 2, 1 ], 
              [ 1, -9, 2, 3, 2, 3, 2, 0, 1, 2, 2, 1, -1, 1, -2, -1, 1, -5, -2, -1 ] ], 
          [ [ 1, 0, 1, 1, 1, -2, 0, 0, -1, -2, 0, 1, -2, -2, 2, 1, 1, 0, -1, 0 ], 
              [ 1, 0, -1, -1, -1, 2, 0, 0, 1, 2, 0, -1, 2, 2, -2, -1, -1, 0, 1, 0 ] ], 
          [ [ 1, 1, 0, 0, 0, -1, -1, 1, -1, -1, -1, 0, 0, -1, 2, 0, 1, 2, 0, 0 ], 
              [ 1, -1, 0, 0, 0, 1, 1, -1, 1, 1, 1, 0, 0, 1, -2, 0, -1, -2, 0, 0 ] ], 
          [ [ 1, 4, -1, -1, -1, -2, -2, -1, 1, -1, -1, 0, 0, 0, 1, 1, 0, 3, 1, 1 ], 
              [ 1, -4, 1, 1, 1, 2, 2, 1, -1, 1, 1, 0, 0, 0, -1, -1, 0, -3, -1, -1 ] ], 
          [ [ 1, 1, 0, 0, 0, -1, -1, 1, -1, -1, -1, 0, 0, 0, 2, 0, 0, 1, 0, 0 ], 
              [ 1, -1, 0, 0, 0, 1, 1, -1, 1, 1, 1, 0, 0, 0, -2, 0, 0, -1, 0, 0 ] ], 
          [ [ 1, 1, -1, -1, -1, 1, -1, 1, 0, 1, -2, 0, 2, 1, 1, -1, -1, 2, 0, 0 ], 
              [ 1, -1, 1, 1, 1, -1, 1, -1, 0, -1, 2, 0, -2, -1, -1, 1, 1, -2, 0, 0 ] ], 
          [ [ 1, 1, 0, 0, 0, -1, 0, 0, -1, -1, -1, 0, 0, 0, 2, 0, 0, 1, 0, 0 ], 
              [ 1, -1, 0, 0, 0, 1, 0, 0, 1, 1, 1, 0, 0, 0, -2, 0, 0, -1, 0, 0 ] ], 
          [ [ 1, 1, 1, 1, 1, -3, 0, 0, -2, -3, 0, 0, -2, -2, 2, 2, 2, 1, 0, 1 ], 
              [ 1, -1, -1, -1, -1, 3, 0, 0, 2, 3, 0, 0, 2, 2, -2, -2, -2, -1, 0, -1 ] ], 
          [ [ 1, 0, 0, 1, 1, -1, 0, 1, -2, -1, -1, 1, -1, -1, 2, -1, 1, 0, -1, 0 ], 
              [ 1, 0, 0, -1, -1, 1, 0, -1, 2, 1, 1, -1, 1, 1, -2, 1, -1, 0, 1, 0 ] ], 
          [ [ 1, 0, 0, 1, 1, -1, 0, 1, -2, -1, -1, 1, -1, 0, 2, -1, 0, -1, -1, 0 ], 
              [ 1, 0, 0, -1, -1, 1, 0, -1, 2, 1, 1, -1, 1, 0, -2, 1, 0, 1, 1, 0 ] ], 
          [ [ 1, -2, 1, 1, 1, 0, 1, 2, -3, -1, -1, 0, 0, -1, 2, 0, 1, 0, -1, 0 ], 
              [ 1, 2, -1, -1, -1, 0, -1, -2, 3, 1, 1, 0, 0, 1, -2, 0, -1, 0, 1, 0 ] ], 
          [ [ 1, 1, 0, 0, 0, -1, 0, 0, -1, -1, -1, 0, 0, 0, 1, 1, 0, 1, 0, 1 ], 
              [ 1, -1, 0, 0, 0, 1, 0, 0, 1, 1, 1, 0, 0, 0, -1, -1, 0, -1, 0, -1 ] ], 
          [ [ 1, 3, -1, -1, -1, -1, -2, -1, 2, 0, 0, 0, 0, -1, 1, 1, 0, 3, 0, 0 ], 
              [ 1, -3, 1, 1, 1, 1, 2, 1, -2, 0, 0, 0, 0, 1, -1, -1, 0, -3, 0, 0 ] ], 
          [ [ 1, 4, -2, -2, -2, 0, -2, -1, 2, 1, -1, -1, 2, 1, 1, 0, -2, 4, 1, 0 ], 
              [ 1, -4, 2, 2, 2, 0, 2, 1, -2, -1, 1, 1, -2, -1, -1, 0, 2, -4, -1, 0 ] ], 
          [ [ 1, 4, -2, -2, -2, 0, -2, -1, 2, 1, -1, -1, 2, 1, 1, 0, -1, 4, 1, 0 ], 
              [ 1, -4, 2, 2, 2, 0, 2, 1, -2, -1, 1, 1, -2, -1, -1, 0, 1, -4, -1, 0 ] ], 
          [ [ 1, 4, -1, -1, -1, -2, -2, -1, 1, -1, 0, -1, 0, -1, 1, 2, 0, 4, 1, 1 ], 
              [ 1, -4, 1, 1, 1, 2, 2, 1, -1, 1, 0, 1, 0, 1, -1, -2, 0, -4, -1, -1 ] ], 
          [ [ 1, 2, -1, 0, 0, -1, -1, -1, 1, 0, 0, 1, -1, -1, 1, 0, 0, 1, -1, 0 ], 
              [ 1, -2, 1, 0, 0, 1, 1, 1, -1, 0, 0, -1, 1, 1, -1, 0, 0, -1, 1, 0 ] ], 
          [ [ 1, 3, -1, 0, 0, -2, -1, -1, 0, -1, 0, 0, -1, -1, 2, 0, 0, 2, 0, 0 ], 
              [ 1, -3, 1, 0, 0, 2, 1, 1, 0, 1, 0, 0, 1, 1, -2, 0, 0, -2, 0, 0 ] ], 
          [ [ 1, -1, 0, 1, 1, 0, 0, 1, -1, 0, 0, 1, -1, -1, 2, -1, 0, -1, -2, -1 ], 
              [ 1, 1, 0, -1, -1, 0, 0, -1, 1, 0, 0, -1, 1, 1, -2, 1, 0, 1, 2, 1 ] ], 
          [ [ 1, 3, -2, -1, -1, 0, -2, 0, 1, 1, -1, 0, 1, 1, 1, -1, -1, 2, 0, 0 ], 
              [ 1, -3, 2, 1, 1, 0, 2, 0, -1, -1, 1, 0, -1, -1, -1, 1, 1, -2, 0, 0 ] ], 
          [ [ 1, 4, -1, -1, -1, -2, -1, -2, 1, -1, 0, -1, 0, -1, 1, 2, 0, 4, 1, 1 ], 
              [ 1, -4, 1, 1, 1, 2, 1, 2, -1, 1, 0, 1, 0, 1, -1, -2, 0, -4, -1, -1 ] ], 
          [ [ 1, 0, 0, 0, 0, 0, 0, 0, 0, 0, 0, 0, 0, -1, 1, 1, 0, 1, -1, 0 ], 
              [ 1, 0, 0, 0, 0, 0, 0, 0, 0, 0, 0, 0, 0, 1, -1, -1, 0, -1, 1, 0 ] ], 
          [ [ 1, 8, -2, -2, -2, -3, -2, -1, 1, -2, -1, 0, 0, -2, 1, 1, 0, 4, 1, 1 ], 
              [ 1, -8, 2, 2, 2, 3, 2, 1, -1, 2, 1, 0, 0, 2, -1, -1, 0, -4, -1, -1 ] ], 
          [ [ 1, 5, -1, -1, -1, -2, -1, 1, -1, -2, -1, 0, 0, -2, 2, 0, 0, 2, 0, 0 ], 
              [ 1, -5, 1, 1, 1, 2, 1, -1, 1, 2, 1, 0, 0, 2, -2, 0, 0, -2, 0, 0 ] ], 
          [ [ 1, 5, -1, -1, -1, -2, -1, 1, -1, -2, -1, 0, 0, -2, 2, 0, 1, 2, 0, 0 ], 
              [ 1, -5, 1, 1, 1, 2, 1, -1, 1, 2, 1, 0, 0, 2, -2, 0, -1, -2, 0, 0 ] ], 
          [ [ 1, 1, -1, -1, -1, 1, -1, 1, 0, 1, -1, -1, 2, 1, 1, 0, -1, 2, 0, 0 ], 
              [ 1, -1, 1, 1, 1, -1, 1, -1, 0, -1, 1, 1, -2, -1, -1, 0, 1, -2, 0, 0 ] ], 
          [ [ 1, 6, -1, -2, -2, -2, -1, 0, 0, -2, -1, -1, 1, -2, 1, 2, 0, 4, 1, 1 ], 
              [ 1, -6, 1, 2, 2, 2, 1, 0, 0, 2, 1, 1, -1, 2, -1, -2, 0, -4, -1, -1 ] ], 
          [ [ 1, 5, -1, -1, -1, -2, 0, 0, -1, -2, -1, 0, 0, -2, 2, 0, 0, 2, 0, 0 ], 
              [ 1, -5, 1, 1, 1, 2, 0, 0, 1, 2, 1, 0, 0, 2, -2, 0, 0, -2, 0, 0 ] ], 
          [ [ 1, 9, -3, -3, -3, -2, -2, -1, 1, -1, -2, -1, 2, 0, 1, 0, -1, 5, 2, 1 ], 
              [ 1, -9, 3, 3, 3, 2, 2, 1, -1, 1, 2, 1, -2, 0, -1, 0, 1, -5, -2, -1 ] ], 
          [ [ 1, 5, -2, -2, -2, 0, -1, 1, 0, 0, -2, 0, 2, 0, 1, -1, -1, 2, 0, 0 ], 
              [ 1, -5, 2, 2, 2, 0, 1, -1, 0, 0, 2, 0, -2, 0, -1, 1, 1, -2, 0, 0 ] ], 
          [ [ 1, 6, -2, -2, -2, -1, -1, 1, -1, -1, -2, -1, 2, 0, 2, -1, -1, 3, 1, 0 ], 
              [ 1, -6, 2, 2, 2, 1, 1, -1, 1, 1, 2, 1, -2, 0, -2, 1, 1, -3, -1, 0 ] ], 
          [ [ 1, 7, -2, -3, -3, -1, -1, 0, 0, -1, -2, -2, 3, 0, 1, 1, -1, 5, 2, 1 ], 
              [ 1, -7, 2, 3, 3, 1, 1, 0, 0, 1, 2, 2, -3, 0, -1, -1, 1, -5, -2, -1 ] ], 
          [ [ 1, 3, -1, 0, 0, -2, -1, -1, 0, -1, 0, 0, -1, -1, 1, 1, 0, 2, 0, 1 ], 
              [ 1, -3, 1, 0, 0, 2, 1, 1, 0, 1, 0, 0, 1, 1, -1, -1, 0, -2, 0, -1 ] ], 
          [ [ 1, 0, 0, 1, 1, -1, 0, 1, -2, -1, 0, 0, -1, -1, 2, 0, 1, 0, -1, 0 ], 
              [ 1, 0, 0, -1, -1, 1, 0, -1, 2, 1, 0, 0, 1, 1, -2, 0, -1, 0, 1, 0 ] ], 
          [ [ 1, 5, 0, 0, 0, -4, 0, 0, -2, -4, 0, 0, -2, -4, 2, 2, 2, 2, 0, 1 ], 
              [ 1, -5, 0, 0, 0, 4, 0, 0, 2, 4, 0, 0, 2, 4, -2, -2, -2, -2, 0, -1 ] ], 
          [ [ 1, 6, -1, -1, -1, -3, -1, 1, -2, -3, -1, -1, 0, -2, 2, 1, 1, 3, 1, 1 ], 
              [ 1, -6, 1, 1, 1, 3, 1, -1, 2, 3, 1, 1, 0, 2, -2, -1, -1, -3, -1, -1 ] ], 
          [ [ 1, 5, -1, -1, -1, -2, 0, 0, -1, -2, -1, 0, 0, -2, 1, 1, 0, 2, 0, 1 ], 
              [ 1, -5, 1, 1, 1, 2, 0, 0, 1, 2, 1, 0, 0, 2, -1, -1, 0, -2, 0, -1 ] ], 
          [ [ 1, 6, -1, -1, -1, -3, 0, 0, -2, -3, -1, -1, 0, -2, 2, 1, 1, 3, 1, 1 ], 
              [ 1, -6, 1, 1, 1, 3, 0, 0, 2, 3, 1, 1, 0, 2, -2, -1, -1, -3, -1, -1 ] ], 
          [ [ 1, 2, 0, 0, 0, -1, 1, 2, -3, -2, -1, 0, 0, -2, 2, 0, 1, 0, -1, 0 ], 
              [ 1, -2, 0, 0, 0, 1, -1, -2, 3, 2, 1, 0, 0, 2, -2, 0, -1, 0, 1, 0 ] ], 
          [ [ 1, 6, -2, -2, -2, -1, -1, 1, -1, -1, -2, -1, 2, 0, 1, 0, -1, 3, 1, 1 ], 
              [ 1, -6, 2, 2, 2, 1, 1, -1, 1, 1, 2, 1, -2, 0, -1, 0, 1, -3, -1, -1 ] ], 
          [ [ 1, 8, -3, -3, -3, -1, -2, -1, 2, 0, -1, -1, 2, -1, 1, 0, -1, 5, 1, 0 ], 
              [ 1, -8, 3, 3, 3, 1, 2, 1, -2, 0, 1, 1, -2, 1, -1, 0, 1, -5, -1, 0 ] ], 
          [ [ 1, 8, -3, -3, -3, -1, -2, -1, 2, 0, -1, -1, 2, 0, 1, 0, -2, 4, 1, 0 ], 
              [ 1, -8, 3, 3, 3, 1, 2, 1, -2, 0, 1, 1, -2, 0, -1, 0, 2, -4, -1, 0 ] ], 
          [ [ 1, 8, -2, -2, -2, -3, -2, -1, 1, -2, 0, -1, 0, -2, 1, 2, 0, 4, 1, 1 ], 
              [ 1, -8, 2, 2, 2, 3, 2, 1, -1, 2, 0, 1, 0, 2, -1, -2, 0, -4, -1, -1 ] ], 
          [ [ 1, 9, -3, -3, -3, -2, -2, -1, 1, -1, -1, -2, 2, -1, 1, 1, -1, 6, 2, 1 ], 
              [ 1, -9, 3, 3, 3, 2, 2, 1, -1, 1, 1, 2, -2, 1, -1, -1, 1, -6, -2, -1 ] ], 
          [ [ 1, 8, -2, -2, -2, -3, -1, -2, 1, -2, 0, -1, 0, -2, 1, 2, 0, 4, 1, 1 ], 
              [ 1, -8, 2, 2, 2, 3, 1, 2, -1, 2, 0, 1, 0, 2, -1, -2, 0, -4, -1, -1 ] ], 
          [ [ 1, 5, -2, -2, -2, 0, -1, 1, 0, 0, -1, -1, 2, -1, 1, 0, -1, 3, 0, 0 ], 
              [ 1, -5, 2, 2, 2, 0, 1, -1, 0, 0, 1, 1, -2, 1, -1, 0, 1, -3, 0, 0 ] ], 
          [ [ 1, 9, -3, -3, -3, -2, -2, -1, 1, -1, -1, -2, 2, 0, 1, 1, -1, 5, 2, 1 ], 
              [ 1, -9, 3, 3, 3, 2, 2, 1, -1, 1, 1, 2, -2, 0, -1, -1, 1, -5, -2, -1 ] ], 
          [ [ 1, -5, 1, 3, 2, 0, 0, 0, 0, 0, 0, 2, -2, 0, 1, -1, 1, -2, -2, 0 ], 
              [ 1, 5, -1, -3, -2, 0, 0, 0, 0, 0, 0, -2, 2, 0, -1, 1, -1, 2, 2, 0 ] ], 
          [ [ 1, -8, 2, 4, 3, 1, 1, 2, -2, 0, 0, 2, -2, 0, 2, -2, 2, -4, -3, -1 ], 
              [ 1, 8, -2, -4, -3, -1, -1, -2, 2, 0, 0, -2, 2, 0, -2, 2, -2, 4, 3, 1 ] ], 
          [ [ 1, -6, 1, 3, 2, 1, 0, 0, 1, 1, 1, 2, -2, -1, 1, -1, 1, -2, -3, -1 ], 
              [ 1, 6, -1, -3, -2, -1, 0, 0, -1, -1, -1, -2, 2, 1, -1, 1, -1, 2, 3, 1 ] ], 
          [ [ 1, -2, 0, 2, 1, -1, -1, -2, 2, 0, 1, 1, -2, 0, 1, 0, 1, 0, -1, 0 ], 
              [ 1, 2, 0, -2, -1, 1, 1, 2, -2, 0, -1, -1, 2, 0, -1, 0, -1, 0, 1, 0 ] ], 
          [ [ 1, -5, 0, 2, 1, 2, -1, 1, 1, 2, 0, 1, 0, 1, 1, -2, 0, -1, -2, -1 ], 
              [ 1, 5, 0, -2, -1, -2, 1, -1, -1, -2, 0, -1, 0, -1, -1, 2, 0, 1, 2, 1 ] ], 
          [ [ 1, -6, 1, 3, 2, 1, 0, 0, 1, 1, 1, 2, -2, 0, 1, -1, 1, -3, -3, -1 ], 
              [ 1, 6, -1, -3, -2, -1, 0, 0, -1, -1, -1, -2, 2, 0, -1, 1, -1, 3, 3, 1 ] ], 
          [ [ 1, 0, 0, 1, 0, -1, -1, 0, 1, -1, 0, 1, -1, -1, 1, 0, 1, 0, -1, 0 ], 
              [ 1, 0, 0, -1, 0, 1, 1, 0, -1, 1, 0, -1, 1, 1, -1, 0, -1, 0, 1, 0 ] ], 
          [ [ 1, -5, 0, 2, 1, 2, 0, 0, 1, 2, 0, 1, 0, 1, 1, -2, 0, -1, -2, -1 ], 
              [ 1, 5, 0, -2, -1, -2, 0, 0, -1, -2, 0, -1, 0, -1, -1, 2, 0, 1, 2, 1 ] ], 
          [ [ 1, 1, -1, 0, -1, 0, -1, 0, 1, 0, -1, 0, 1, 0, 1, -1, 0, 2, 0, 0 ], 
              [ 1, -1, 1, 0, 1, 0, 1, 0, -1, 0, 1, 0, -1, 0, -1, 1, 0, -2, 0, 0 ] ], 
          [ [ 1, 0, 0, 1, 0, -1, 0, -1, 1, -1, 0, 1, -1, -1, 1, 0, 1, 0, -1, 0 ], 
              [ 1, 0, 0, -1, 0, 1, 0, 1, -1, 1, 0, -1, 1, 1, -1, 0, -1, 0, 1, 0 ] ], 
          [ [ 1, -3, 0, 1, 0, 2, 0, 2, 0, 1, -1, 1, 1, 0, 1, -2, 0, -1, -2, -1 ], 
              [ 1, 3, 0, -1, 0, -2, 0, -2, 0, -1, 1, -1, -1, 0, -1, 2, 0, 1, 2, 1 ] ], 
          [ [ 1, 1, -1, 0, -1, 0, -1, 0, 1, 0, -1, 0, 1, 1, 1, -1, 0, 1, 0, 0 ], 
              [ 1, -1, 1, 0, 1, 0, 1, 0, -1, 0, 1, 0, -1, -1, -1, 1, 0, -1, 0, 0 ] ], 
          [ [ 1, -5, 1, 3, 2, 0, 0, 0, 0, 0, 1, 1, -2, -1, 1, 0, 2, -1, -2, 0 ], 
              [ 1, 5, -1, -3, -2, 0, 0, 0, 0, 0, -1, -1, 2, 1, -1, 0, -2, 1, 2, 0 ] ], 
          [ [ 1, -5, 1, 3, 2, 0, 0, 0, 0, 0, 1, 1, -2, 0, 1, 0, 1, -2, -2, 0 ], 
              [ 1, 5, -1, -3, -2, 0, 0, 0, 0, 0, -1, -1, 2, 0, -1, 0, -1, 2, 2, 0 ] ], 
          [ [ 1, -4, 1, 3, 2, 0, 1, 2, -2, -1, 0, 2, -2, -2, 2, -2, 2, -3, -3, -1 ], 
              [ 1, 4, -1, -3, -2, 0, -1, -2, 2, 1, 0, -2, 2, 2, -2, 2, -2, 3, 3, 1 ] ], 
          [ [ 1, -1, 0, 2, 1, -1, 0, 0, 0, -1, 0, 2, -2, -1, 1, -1, 1, -2, -2, 0 ], 
              [ 1, 1, 0, -2, -1, 1, 0, 0, 0, 1, 0, -2, 2, 1, -1, 1, -1, 2, 2, 0 ] ], 
          [ [ 1, -3, 1, 2, 1, 0, 1, 1, -1, -1, 0, 1, -1, -2, 1, 0, 2, -1, -2, 0 ], 
              [ 1, 3, -1, -2, -1, 0, -1, -1, 1, 1, 0, -1, 1, 2, -1, 0, -2, 1, 2, 0 ] ], 
          [ [ 1, 1, 0, 1, 0, -2, 0, -1, 0, -2, 0, 0, -1, -1, 1, 1, 1, 1, 0, 1 ], 
              [ 1, -1, 0, -1, 0, 2, 0, 1, 0, 2, 0, 0, 1, 1, -1, -1, -1, -1, 0, -1 ] ], 
          [ [ 1, -3, 1, 2, 1, 0, 1, 1, -1, -1, 0, 1, -1, -1, 1, 0, 1, -2, -2, 0 ], 
              [ 1, 3, -1, -2, -1, 0, -1, -1, 1, 1, 0, -1, 1, 1, -1, 0, -1, 2, 2, 0 ] ], 
          [ [ 1, -2, 0, 1, 0, 1, 0, 2, -1, 0, -1, 0, 1, 0, 1, -1, 1, 0, -1, 0 ], 
              [ 1, 2, 0, -1, 0, -1, 0, -2, 1, 0, 1, 0, -1, 0, -1, 1, -1, 0, 1, 0 ] ], 
          [ [ 1, 3, -2, -1, -2, 0, -2, -2, 4, 1, 0, 0, 1, 0, 0, 0, -1, 3, 0, 0 ], 
              [ 1, -3, 2, 1, 2, 0, 2, 2, -4, -1, 0, 0, -1, 0, 0, 0, 1, -3, 0, 0 ] ], 
          [ [ 1, 0, -1, 0, -1, 1, -1, 0, 2, 1, 0, 0, 1, 0, 1, -1, 0, 1, -1, -1 ], 
              [ 1, 0, 1, 0, 1, -1, 1, 0, -2, -1, 0, 0, -1, 0, -1, 1, 0, -1, 1, 1 ] ], 
          [ [ 1, 2, -1, 1, 0, -2, -1, -2, 2, -1, 1, 1, -2, -2, 1, 0, 1, 1, -1, 0 ], 
              [ 1, -2, 1, -1, 0, 2, 1, 2, -2, 1, -1, -1, 2, 2, -1, 0, -1, -1, 1, 0 ] ], 
          [ [ 1, 3, -2, 0, -1, -1, -2, -1, 2, 0, 0, 0, 0, 0, 1, -1, 0, 2, 0, 0 ], 
              [ 1, -3, 2, 0, 1, 1, 2, 1, -2, 0, 0, 0, 0, 0, -1, 1, 0, -2, 0, 0 ] ], 
          [ [ 1, -1, -1, 1, 0, 1, -1, 1, 1, 1, 0, 1, 0, 0, 1, -2, 0, -1, -2, -1 ], 
              [ 1, 1, 1, -1, 0, -1, 1, -1, -1, -1, 0, -1, 0, 0, -1, 2, 0, 1, 2, 1 ] ], 
          [ [ 1, 0, 0, 1, 0, -1, 0, -1, 1, -1, 1, 0, -1, -2, 1, 1, 1, 1, -1, 0 ], 
              [ 1, 0, 0, -1, 0, 1, 0, 1, -1, 1, -1, 0, 1, 2, -1, -1, -1, -1, 1, 0 ] ], 
          [ [ 1, 4, -2, -1, -2, -1, -2, -2, 3, 0, 0, -1, 1, 0, 0, 1, 0, 4, 1, 1 ], 
              [ 1, -4, 2, 1, 2, 1, 2, 2, -3, 0, 0, 1, -1, 0, 0, -1, 0, -4, -1, -1 ] ], 
          [ [ 1, 0, -1, 0, -1, 1, -1, 0, 2, 1, 0, 0, 1, 0, 0, 0, 0, 1, -1, 0 ], 
              [ 1, 0, 1, 0, 1, -1, 1, 0, -2, -1, 0, 0, -1, 0, 0, 0, 0, -1, 1, 0 ] ], 
          [ [ 1, 1, -1, 0, -1, 0, -1, 0, 1, 0, 0, -1, 1, 0, 1, 0, 0, 2, 0, 0 ], 
              [ 1, -1, 1, 0, 1, 0, 1, 0, -1, 0, 0, 1, -1, 0, -1, 0, 0, -2, 0, 0 ] ], 
          [ [ 1, -1, -1, 1, 0, 1, 0, 0, 1, 1, 0, 1, 0, 0, 1, -2, 0, -1, -2, -1 ], 
              [ 1, 1, 1, -1, 0, -1, 0, 0, -1, -1, 0, -1, 0, 0, -1, 2, 0, 1, 2, 1 ] ], 
          [ [ 1, 5, -2, -1, -2, -1, -1, 0, 1, -1, -1, 0, 1, -1, 1, -1, 0, 2, 0, 0 ], 
              [ 1, -5, 2, 1, 2, 1, 1, 0, -1, 1, 1, 0, -1, 1, -1, 1, 0, -2, 0, 0 ] ], 
          [ [ 1, -1, 0, 2, 1, -1, 0, 0, 0, -1, 1, 1, -2, -2, 1, 0, 1, -1, -2, 0 ], 
              [ 1, 1, 0, -2, -1, 1, 0, 0, 0, 1, -1, -1, 2, 2, -1, 0, -1, 1, 2, 0 ] ], 
          [ [ 1, -1, 0, 2, 1, -1, 0, 0, 0, -1, 1, 1, -2, -2, 1, 0, 2, -1, -2, 0 ], 
              [ 1, 1, 0, -2, -1, 1, 0, 0, 0, 1, -1, -1, 2, 2, -1, 0, -2, 1, 2, 0 ] ], 
          [ [ 1, 0, -1, 1, 0, 0, 0, 0, 0, 0, 0, 0, 0, 0, 1, -1, 0, 0, -1, 0 ], 
              [ 1, 0, 1, -1, 0, 0, 0, 0, 0, 0, 0, 0, 0, 0, -1, 1, 0, 0, 1, 0 ] ], 
          [ [ 1, 10, -3, -4, -2, -3, -2, -1, 0, -2, -2, -2, 2, 0, 2, 2, -2, 6, 3, 1 ], 
              [ 1, -10, 3, 4, 2, 3, 2, 1, 0, 2, 2, 2, -2, 0, -2, -2, 2, -6, -3, -1 ] ], 
          [ [ 1, 14, -4, -5, -3, -4, -2, -1, 0, -3, -2, -2, 2, -2, 2, 2, -2, 7, 3, 1 ], 
              [ 1, -14, 4, 5, 3, 4, 2, 1, 0, 3, 2, 2, -2, 2, -2, -2, 2, -7, -3, -1 ] ], 
          [ [ 1, 4, -2, -1, 0, -2, -2, -1, 1, -1, -1, 0, 0, 0, 2, 0, -1, 3, 1, 0 ], 
              [ 1, -4, 2, 1, 0, 2, 2, 1, -1, 1, 1, 0, 0, 0, -2, 0, 1, -3, -1, 0 ] ], 
          [ [ 1, 0, -1, 0, 1, 0, -1, 1, 0, 0, -1, 1, 0, 0, 2, -1, -1, 0, -1, -1 ], 
              [ 1, 0, 1, 0, -1, 0, 1, -1, 0, 0, 1, -1, 0, 0, -2, 1, 1, 0, 1, 1 ] ], 
          [ [ 1, 0, -1, 0, 1, 0, 0, 0, 0, 0, -1, 1, 0, 0, 2, -1, -1, 0, -1, -1 ], 
              [ 1, 0, 1, 0, -1, 0, 0, 0, 0, 0, 1, -1, 0, 0, -2, 1, 1, 0, 1, 1 ] ], 
          [ [ 1, 1, -2, -1, 0, 1, -1, 1, 0, 1, -2, 0, 2, 2, 2, -2, -2, 1, 0, -1 ], 
              [ 1, -1, 2, 1, 0, -1, 1, -1, 0, -1, 2, 0, -2, -2, -2, 2, 2, -1, 0, 1 ] ], 
          [ [ 1, 6, -2, -2, -1, -2, -1, 0, 0, -2, -2, 0, 1, -1, 2, 0, -1, 3, 1, 0 ], 
              [ 1, -6, 2, 2, 1, 2, 1, 0, 0, 2, 2, 0, -1, 1, -2, 0, 1, -3, -1, 0 ] ], 
          [ [ 1, 0, 0, 1, 2, -2, 0, 0, -1, -2, 0, 1, -2, -2, 2, 1, 1, 0, -1, 0 ], 
              [ 1, 0, 0, -1, -2, 2, 0, 0, 1, 2, 0, -1, 2, 2, -2, -1, -1, 0, 1, 0 ] ], 
          [ [ 1, 1, -1, 0, 1, -1, -1, 1, -1, -1, -1, 0, 0, 0, 2, 0, 0, 1, 0, 0 ], 
              [ 1, -1, 1, 0, -1, 1, 1, -1, 1, 1, 1, 0, 0, 0, -2, 0, 0, -1, 0, 0 ] ], 
          [ [ 1, 1, -1, 0, 1, -1, 0, 0, -1, -1, -1, 0, 0, 0, 2, 0, -1, 1, 0, 0 ], 
              [ 1, -1, 1, 0, -1, 1, 0, 0, 1, 1, 1, 0, 0, 0, -2, 0, 1, -1, 0, 0 ] ], 
          [ [ 1, 1, -1, 0, 1, -1, 0, 0, -1, -1, -1, 0, 0, 0, 2, 0, 0, 1, 0, 0 ], 
              [ 1, -1, 1, 0, -1, 1, 0, 0, 1, 1, 1, 0, 0, 0, -2, 0, 0, -1, 0, 0 ] ], 
          [ [ 1, 7, -2, -2, -1, -3, -1, 0, -1, -3, -2, -1, 1, -1, 2, 1, 0, 4, 2, 1 ], 
              [ 1, -7, 2, 2, 1, 3, 1, 0, 1, 3, 2, 1, -1, 1, -2, -1, 0, -4, -2, -1 ] ], 
          [ [ 1, 3, -1, -1, 0, -1, 0, 2, -2, -2, -2, 0, 1, -1, 2, 0, 0, 1, 0, 0 ], 
              [ 1, -3, 1, 1, 0, 1, 0, -2, 2, 2, 2, 0, -1, 1, -2, 0, 0, -1, 0, 0 ] ], 
          [ [ 1, 4, -3, -2, -1, 0, -2, -1, 2, 1, -1, -1, 2, 1, 1, 0, -2, 4, 1, 0 ], 
              [ 1, -4, 3, 2, 1, 0, 2, 1, -2, -1, 1, 1, -2, -1, -1, 0, 2, -4, -1, 0 ] ], 
          [ [ 1, 8, -3, -2, -1, -3, -2, -1, 1, -2, -1, 0, 0, -1, 2, 0, -1, 3, 1, 0 ], 
              [ 1, -8, 3, 2, 1, 3, 2, 1, -1, 2, 1, 0, 0, 1, -2, 0, 1, -3, -1, 0 ] ], 
          [ [ 1, 6, -2, -2, -1, -2, -1, 0, 0, -2, -1, -1, 1, -2, 2, 1, 0, 4, 1, 0 ], 
              [ 1, -6, 2, 2, 1, 2, 1, 0, 0, 2, 1, 1, -1, 2, -2, -1, 0, -4, -1, 0 ] ], 
          [ [ 1, 9, -3, -3, -2, -3, -2, -2, 2, -2, -1, -1, 1, -1, 1, 2, -1, 5, 2, 1 ], 
              [ 1, -9, 3, 3, 2, 3, 2, 2, -2, 2, 1, 1, -1, 1, -1, -2, 1, -5, -2, -1 ] ], 
          [ [ 1, 6, -2, -2, -1, -2, -1, 0, 0, -2, -1, -1, 1, -1, 2, 1, -1, 3, 1, 0 ], 
              [ 1, -6, 2, 2, 1, 2, 1, 0, 0, 2, 1, 1, -1, 1, -2, -1, 1, -3, -1, 0 ] ], 
          [ [ 1, 5, -3, -2, -1, 0, -1, 1, 0, 0, -2, 0, 2, 0, 2, -2, -2, 2, 0, -1 ], 
              [ 1, -5, 3, 2, 1, 0, 1, -1, 0, 0, 2, 0, -2, 0, -2, 2, 2, -2, 0, 1 ] ], 
          [ [ 1, 6, -3, -3, -2, 0, -1, 0, 1, 0, -2, -1, 3, 0, 1, 0, -2, 4, 1, 0 ], 
              [ 1, -6, 3, 3, 2, 0, 1, 0, -1, 0, 2, 1, -3, 0, -1, 0, 2, -4, -1, 0 ] ], 
          [ [ 1, 5, -2, -1, 0, -2, -1, 1, -1, -2, -1, 0, 0, -2, 2, 0, 0, 2, 0, 0 ], 
              [ 1, -5, 2, 1, 0, 2, 1, -1, 1, 2, 1, 0, 0, 2, -2, 0, 0, -2, 0, 0 ] ], 
          [ [ 1, 5, -2, -1, 0, -2, 0, 0, -1, -2, -1, 0, 0, -2, 2, 0, 0, 2, 0, 0 ], 
              [ 1, -5, 2, 1, 0, 2, 0, 0, 1, 2, 1, 0, 0, 2, -2, 0, 0, -2, 0, 0 ] ], 
          [ [ 1, 5, -2, -1, 0, -2, 0, 0, -1, -2, -1, 0, 0, -1, 2, 0, -1, 1, 0, 0 ], 
              [ 1, -5, 2, 1, 0, 2, 0, 0, 1, 2, 1, 0, 0, 1, -2, 0, 1, -1, 0, 0 ] ], 
          [ [ 1, 6, -3, -2, -1, -1, -1, 1, -1, -1, -2, -1, 2, 0, 2, -1, -1, 3, 1, 0 ], 
              [ 1, -6, 3, 2, 1, 1, 1, -1, 1, 1, 2, 1, -2, 0, -2, 1, 1, -3, -1, 0 ] ], 
          [ [ 1, 8, -4, -3, -2, -1, -2, -1, 2, 0, -1, -1, 2, 0, 1, 0, -2, 4, 1, 0 ], 
              [ 1, -8, 4, 3, 2, 1, 2, 1, -2, 0, 1, 1, -2, 0, -1, 0, 2, -4, -1, 0 ] ], 
          [ [ 1, 0, -2, 0, 0, 1, -1, 0, 2, 1, -1, 1, 1, 1, 1, -2, -1, 0, -1, -1 ], 
              [ 1, 0, 2, 0, 0, -1, 1, 0, -2, -1, 1, -1, -1, -1, -1, 2, 1, 0, 1, 1 ] ], 
          [ [ 1, 0, -1, 1, 1, -1, 0, -1, 1, -1, 0, 1, -1, -1, 1, 0, 0, 0, -1, 0 ], 
              [ 1, 0, 1, -1, -1, 1, 0, 1, -1, 1, 0, -1, 1, 1, -1, 0, 0, 0, 1, 0 ] ], 
          [ [ 1, -3, 0, 2, 2, 0, 1, 1, -1, -1, 0, 1, -1, -1, 2, -1, 1, -2, -2, -1 ], 
              [ 1, 3, 0, -2, -2, 0, -1, -1, 1, 1, 0, -1, 1, 1, -2, 1, -1, 2, 2, 1 ] ], 
          [ [ 1, 1, -2, 0, 0, 0, -1, 0, 1, 0, -1, 0, 1, 1, 1, -1, -1, 1, 0, 0 ], 
              [ 1, -1, 2, 0, 0, 0, 1, 0, -1, 0, 1, 0, -1, -1, -1, 1, 1, -1, 0, 0 ] ], 
          [ [ 1, 0, -2, 0, 0, 1, -1, 0, 2, 1, 0, 0, 1, 0, 1, -1, -1, 1, -1, -1 ], 
              [ 1, 0, 2, 0, 0, -1, 1, 0, -2, -1, 0, 0, -1, 0, -1, 1, 1, -1, 1, 1 ] ], 
          [ [ 1, 3, -1, -1, -1, -1, -1, 1, -1, 0, -1, 1, 0, 0, 2, -1, -1, 1, 0, 0 ], 
              [ 1, -3, 1, 1, 1, 1, 1, -1, 1, 0, 1, -1, 0, 0, -2, 1, 1, -1, 0, 0 ] ], 
          [ [ 1, 3, 0, 0, 0, -3, -1, 1, -2, -2, 0, 1, -2, -2, 2, 1, 1, 1, 0, 1 ], 
              [ 1, -3, 0, 0, 0, 3, 1, -1, 2, 2, 0, -1, 2, 2, -2, -1, -1, -1, 0, -1 ] ], 
          [ [ 1, 3, 0, 0, 0, -3, 0, 0, -2, -2, 0, 1, -2, -2, 2, 1, 1, 1, 0, 1 ], 
              [ 1, -3, 0, 0, 0, 3, 0, 0, 2, 2, 0, -1, 2, 2, -2, -1, -1, -1, 0, -1 ] ], 
          [ [ 1, 4, -1, -1, -1, -2, -1, 1, -2, -1, -1, 0, 0, 0, 2, 0, 0, 2, 1, 1 ], 
              [ 1, -4, 1, 1, 1, 2, 1, -1, 2, 1, 1, 0, 0, 0, -2, 0, 0, -2, -1, -1 ] ], 
          [ [ 1, 6, -2, -2, -2, -2, -2, -1, 1, 0, 0, 0, 0, -1, 1, 1, -1, 4, 1, 1 ], 
              [ 1, -6, 2, 2, 2, 2, 2, 1, -1, 0, 0, 0, 0, 1, -1, -1, 1, -4, -1, -1 ] ], 
          [ [ 1, 3, -1, -1, -1, -1, -1, 1, -1, 0, 0, 0, 0, -1, 2, 0, 0, 2, 0, 0 ], 
              [ 1, -3, 1, 1, 1, 1, 1, -1, 1, 0, 0, 0, 0, 1, -2, 0, 0, -2, 0, 0 ] ], 
          [ [ 1, 6, -2, -2, -2, -2, -2, -1, 1, 0, 0, 0, 0, 0, 1, 1, -1, 3, 1, 1 ], 
              [ 1, -6, 2, 2, 2, 2, 2, 1, -1, 0, 0, 0, 0, 0, -1, -1, 1, -3, -1, -1 ] ], 
          [ [ 1, 8, -2, -2, -2, -3, -1, 1, -2, -2, -1, 0, 0, -2, 2, 0, 0, 3, 1, 1 ], 
              [ 1, -8, 2, 2, 2, 3, 1, -1, 2, 2, 1, 0, 0, 2, -2, 0, 0, -3, -1, -1 ] ], 
          [ [ 1, 0, -1, 1, 0, -1, -2, -1, 2, 1, 1, 2, -2, 0, 1, -1, 0, 0, -1, 0 ], 
              [ 1, 0, 1, -1, 0, 1, 2, 1, -2, -1, -1, -2, 2, 0, -1, 1, 0, 0, 1, 0 ] ], 
          [ [ 1, -2, 0, 1, 0, 0, -1, 0, 1, 1, 1, 1, -1, 0, 1, 0, 0, 0, -1, 0 ], 
              [ 1, 2, 0, -1, 0, 0, 1, 0, -1, -1, -1, -1, 1, 0, -1, 0, 0, 0, 1, 0 ] ], 
          [ [ 1, -3, 1, 3, 2, -2, 0, 0, -1, -1, 2, 2, -4, -2, 2, 0, 2, -2, -2, 0 ], 
              [ 1, 3, -1, -3, -2, 2, 0, 0, 1, 1, -2, -2, 4, 2, -2, 0, -2, 2, 2, 0 ] ], 
          [ [ 1, -3, 0, 2, 1, 0, 0, 0, 0, 1, 1, 2, -2, 0, 1, -1, 0, -2, -2, 0 ], 
              [ 1, 3, 0, -2, -1, 0, 0, 0, 0, -1, -1, -2, 2, 0, -1, 1, 0, 2, 2, 0 ] ], 
          [ [ 1, 3, -1, 0, -1, -2, -1, 0, 0, -1, 0, 1, -1, -1, 1, 0, 0, 1, 0, 1 ], 
              [ 1, -3, 1, 0, 1, 2, 1, 0, 0, 1, 0, -1, 1, 1, -1, 0, 0, -1, 0, -1 ] ], 
          [ [ 1, 3, -1, 0, -1, -2, -1, 0, 0, -1, 0, 1, -1, -1, 1, 0, 1, 1, 0, 1 ], 
              [ 1, -3, 1, 0, 1, 2, 1, 0, 0, 1, 0, -1, 1, 1, -1, 0, -1, -1, 0, -1 ] ], 
          [ [ 1, 0, 0, 1, 0, -1, 0, 2, -2, -1, 0, 1, -1, -1, 2, -1, 1, -1, -1, 0 ], 
              [ 1, 0, 0, -1, 0, 1, 0, -2, 2, 1, 0, -1, 1, 1, -2, 1, -1, 1, 1, 0 ] ], 
          [ [ 1, 6, -2, -1, -2, -3, -2, -2, 2, -1, 1, 0, -1, -1, 1, 1, 0, 3, 1, 1 ], 
              [ 1, -6, 2, 1, 2, 3, 2, 2, -2, 1, -1, 0, 1, 1, -1, -1, 0, -3, -1, -1 ] ], 
          [ [ 1, 3, -2, -1, -2, 0, -1, 0, 1, 1, 0, 0, 1, 0, 1, -1, -1, 2, 0, 0 ], 
              [ 1, -3, 2, 1, 2, 0, 1, 0, -1, -1, 0, 0, -1, 0, -1, 1, 1, -2, 0, 0 ] ], 
          [ [ 1, 3, -1, 0, -1, -2, -1, 0, 0, -1, 1, 0, -1, -2, 1, 1, 1, 2, 0, 1 ], 
              [ 1, -3, 1, 0, 1, 2, 1, 0, 0, 1, -1, 0, 1, 2, -1, -1, -1, -2, 0, -1 ] ], 
          [ [ 1, 3, -2, -1, 0, -1, -1, 1, -1, 0, -1, 1, 0, 0, 2, -1, -1, 1, 0, 0 ], 
              [ 1, -3, 2, 1, 0, 1, 1, -1, 1, 0, 1, -1, 0, 0, -2, 1, 1, -1, 0, 0 ] ], 
          [ [ 1, 6, -3, -2, -1, -2, -2, -1, 1, 0, 0, 0, 0, 0, 2, 0, -2, 3, 1, 0 ], 
              [ 1, -6, 3, 2, 1, 2, 2, 1, -1, 0, 0, 0, 0, 0, -2, 0, 2, -3, -1, 0 ] ], 
          [ [ 1, 9, -3, -3, -2, -3, -1, 0, -1, -2, -1, -1, 1, -1, 2, 1, -1, 4, 2, 1 ], 
              [ 1, -9, 3, 3, 2, 3, 1, 0, 1, 2, 1, 1, -1, 1, -2, -1, 1, -4, -2, -1 ] ], 
          [ [ 1, 3, -2, 0, 0, -2, -1, 0, 0, -1, 0, 1, -1, -1, 2, -1, 0, 1, 0, 0 ], 
              [ 1, -3, 2, 0, 0, 2, 1, 0, 0, 1, 0, -1, 1, 1, -2, 1, 0, -1, 0, 0 ] ], 
          [ [ 1, 0, 0, 0, 0, 1, 0, 1, 0, 0, -2, -1, 2, 0, 1, -1, 0, 1, -1, -1 ], 
              [ 1, 0, 0, 0, 0, -1, 0, -1, 0, 0, 2, 1, -2, 0, -1, 1, 0, -1, 1, 1 ] ], 
          [ [ 1, 1, 0, 0, 0, -1, -1, -1, 1, 0, -1, 0, 0, 0, 1, 0, 0, 2, 0, 0 ], 
              [ 1, -1, 0, 0, 0, 1, 1, 1, -1, 0, 1, 0, 0, 0, -1, 0, 0, -2, 0, 0 ] ], 
          [ [ 1, -3, 1, 1, 1, 1, 0, 1, 0, 1, -1, 1, 0, 0, 1, -1, 0, -1, -2, -1 ], 
              [ 1, 3, -1, -1, -1, -1, 0, -1, 0, -1, 1, -1, 0, 0, -1, 1, 0, 1, 2, 1 ] ], 
          [ [ 1, -2, 1, 1, 1, 0, 0, 1, -1, 0, -1, 0, 0, 0, 1, 0, 0, 0, -1, 0 ], 
              [ 1, 2, -1, -1, -1, 0, 0, -1, 1, 0, 1, 0, 0, 0, -1, 0, 0, 0, 1, 0 ] ], 
          [ [ 1, -2, 1, 1, 1, 0, 0, 1, -1, 0, -1, 0, 0, 0, 1, 0, 1, 0, -1, 0 ], 
              [ 1, 2, -1, -1, -1, 0, 0, -1, 1, 0, 1, 0, 0, 0, -1, 0, -1, 0, 1, 0 ] ], 
          [ [ 1, 1, 0, 0, 0, -1, -1, -1, 1, 0, 0, -1, 0, 0, 1, 1, 0, 2, 0, 0 ], 
              [ 1, -1, 0, 0, 0, 1, 1, 1, -1, 0, 0, 1, 0, 0, -1, -1, 0, -2, 0, 0 ] ], 
          [ [ 1, 5, -1, -1, -1, -2, -1, -1, 1, -1, -1, 0, 0, -1, 1, 0, 0, 2, 0, 0 ], 
              [ 1, -5, 1, 1, 1, 2, 1, 1, -1, 1, 1, 0, 0, 1, -1, 0, 0, -2, 0, 0 ] ], 
          [ [ 1, 3, 0, -1, -1, -1, 0, 0, 0, -1, -1, -1, 1, -1, 1, 1, 0, 2, 0, 0 ], 
              [ 1, -3, 0, 1, 1, 1, 0, 0, 0, 1, 1, 1, -1, 1, -1, -1, 0, -2, 0, 0 ] ], 
          [ [ 1, 2, 0, 0, 0, -1, 0, 1, -1, -1, -1, 0, 0, -2, 1, 0, 1, 1, -1, 0 ], 
              [ 1, -2, 0, 0, 0, 1, 0, -1, 1, 1, 1, 0, 0, 2, -1, 0, -1, -1, 1, 0 ] ], 
          [ [ 1, 6, -1, -1, -1, -3, -1, -1, 0, -2, -1, -1, 0, -1, 1, 1, 0, 3, 1, 1 ], 
              [ 1, -6, 1, 1, 1, 3, 1, 1, 0, 2, 1, 1, 0, 1, -1, -1, 0, -3, -1, -1 ] ], 
          [ [ 1, 2, 0, 0, 0, -1, 0, 1, -1, -1, -1, 0, 0, -1, 1, 0, 0, 0, -1, 0 ], 
              [ 1, -2, 0, 0, 0, 1, 0, -1, 1, 1, 1, 0, 0, 1, -1, 0, 0, 0, 1, 0 ] ], 
          [ [ 1, 5, -1, -1, -1, -2, -1, -1, 1, -1, 0, -1, 0, -2, 1, 1, 0, 3, 0, 0 ], 
              [ 1, -5, 1, 1, 1, 2, 1, 1, -1, 1, 0, 1, 0, 2, -1, -1, 0, -3, 0, 0 ] ], 
          [ [ 1, -3, 1, 2, 1, 0, 0, 0, 1, 0, 0, 1, -1, -1, 1, -1, 1, -1, -2, -1 ], 
              [ 1, 3, -1, -2, -1, 0, 0, 0, -1, 0, 0, -1, 1, 1, -1, 1, -1, 1, 2, 1 ] ], 
          [ [ 1, -3, 1, 2, 1, 0, 0, 0, 1, 0, 0, 1, -1, -1, 0, 0, 1, -1, -2, 0 ], 
              [ 1, 3, -1, -2, -1, 0, 0, 0, -1, 0, 0, -1, 1, 1, 0, 0, -1, 1, 2, 0 ] ], 
          [ [ 1, -2, 1, 2, 1, -1, 0, 0, 0, -1, 0, 0, -1, -1, 1, 0, 2, 0, -1, 0 ], 
              [ 1, 2, -1, -2, -1, 1, 0, 0, 0, 1, 0, 0, 1, 1, -1, 0, -2, 0, 1, 0 ] ], 
          [ [ 1, -6, 2, 3, 2, 1, 1, 2, -1, 0, 0, 1, -1, -1, 1, -1, 2, -3, -3, -1 ], 
              [ 1, 6, -2, -3, -2, -1, -1, -2, 1, 0, 0, -1, 1, 1, -1, 1, -2, 3, 3, 1 ] ], 
          [ [ 1, -2, 0, 1, 0, 1, 0, 0, 1, 1, -1, 0, 1, 1, 0, -1, 0, 0, -1, 0 ], 
              [ 1, 2, 0, -1, 0, -1, 0, 0, -1, -1, 1, 0, -1, -1, 0, 1, 0, 0, 1, 0 ] ], 
          [ [ 1, 0, 0, 1, 0, -1, -1, -2, 3, 0, 1, 0, -1, -1, 0, 1, 1, 1, -1, 0 ], 
              [ 1, 0, 0, -1, 0, 1, 1, 2, -3, 0, -1, 0, 1, 1, 0, -1, -1, -1, 1, 0 ] ], 
          [ [ 1, -3, 0, 1, 0, 2, 0, 0, 2, 2, 0, 0, 1, 0, 0, -1, 0, 0, -2, -1 ], 
              [ 1, 3, 0, -1, 0, -2, 0, 0, -2, -2, 0, 0, -1, 0, 0, 1, 0, 0, 2, 1 ] ], 
          [ [ 1, -2, 0, 1, 2, 0, 0, 1, -1, 0, -1, 0, 0, 0, 2, -1, 0, 0, -1, -1 ], 
              [ 1, 2, 0, -1, -2, 0, 0, -1, 1, 0, 1, 0, 0, 0, -2, 1, 0, 0, 1, 1 ] ], 
          [ [ 1, 1, -1, 0, 1, -1, -1, -1, 1, 0, -1, 0, 0, 1, 1, 0, -1, 1, 0, 0 ], 
              [ 1, -1, 1, 0, -1, 1, 1, 1, -1, 0, 1, 0, 0, -1, -1, 0, 1, -1, 0, 0 ] ], 
          [ [ 1, 3, 0, 0, 1, -3, 0, 0, -1, -3, -1, 0, -1, -2, 2, 1, 1, 1, 0, 0 ], 
              [ 1, -3, 0, 0, -1, 3, 0, 0, 1, 3, 1, 0, 1, 2, -2, -1, -1, -1, 0, 0 ] ], 
          [ [ 1, 0, 0, 0, 1, 0, 1, 2, -2, -1, -2, 0, 1, -1, 2, -1, 0, 0, -1, -1 ], 
              [ 1, 0, 0, 0, -1, 0, -1, -2, 2, 1, 2, 0, -1, 1, -2, 1, 0, 0, 1, 1 ] ], 
          [ [ 1, 3, -1, -1, 0, -1, 0, 0, 0, -1, -2, 0, 1, 0, 1, 0, -1, 1, 0, 0 ], 
              [ 1, -3, 1, 1, 0, 1, 0, 0, 0, 1, 2, 0, -1, 0, -1, 0, 1, -1, 0, 0 ] ], 
          [ [ 1, 0, -1, 0, 1, 0, -1, -1, 2, 1, 0, 0, 0, 0, 1, 0, -1, 1, -1, -1 ], 
              [ 1, 0, 1, 0, -1, 0, 1, 1, -2, -1, 0, 0, 0, 0, -1, 0, 1, -1, 1, 1 ] ], 
          [ [ 1, 6, -2, -2, -1, -2, -2, -1, 2, -1, -1, -1, 1, -1, 1, 1, -1, 4, 1, 0 ], 
              [ 1, -6, 2, 2, 1, 2, 2, 1, -2, 1, 1, 1, -1, 1, -1, -1, 1, -4, -1, 0 ] ], 
          [ [ 1, 6, -2, -2, -1, -2, -1, -2, 2, -1, -1, -1, 1, -1, 1, 1, -1, 4, 1, 0 ], 
              [ 1, -6, 2, 2, 1, 2, 1, 2, -2, 1, 1, 1, -1, 1, -1, -1, 1, -4, -1, 0 ] ], 
          [ [ 1, 7, -3, -3, -2, -1, -2, -1, 2, 0, -2, -2, 3, 1, 1, 0, -2, 5, 2, 0 ], 
              [ 1, -7, 3, 3, 2, 1, 2, 1, -2, 0, 2, 2, -3, -1, -1, 0, 2, -5, -2, 0 ] ], 
          [ [ 1, 3, -2, -2, -1, 1, -1, 1, 1, 1, -2, -1, 3, 1, 1, -1, -2, 2, 0, -1 ], 
              [ 1, -3, 2, 2, 1, -1, 1, -1, -1, -1, 2, 1, -3, -1, -1, 1, 2, -2, 0, 1 ] ], 
          [ [ 1, 5, -2, -1, 0, -2, -1, -1, 1, -1, -1, 0, 0, -1, 1, 0, -1, 2, 0, 0 ], 
              [ 1, -5, 2, 1, 0, 2, 1, 1, -1, 1, 1, 0, 0, 1, -1, 0, 1, -2, 0, 0 ] ], 
          [ [ 1, 2, -1, 0, 1, -1, 0, 1, -1, -1, -1, 0, 0, -1, 2, -1, 0, 0, -1, -1 ], 
              [ 1, -2, 1, 0, -1, 1, 0, -1, 1, 1, 1, 0, 0, 1, -2, 1, 0, 0, 1, 1 ] ], 
          [ [ 1, 3, -1, -1, 0, -1, 0, 0, 0, -1, -1, -1, 1, -1, 1, 1, -1, 2, 0, 0 ], 
              [ 1, -3, 1, 1, 0, 1, 0, 0, 0, 1, 1, 1, -1, 1, -1, -1, 1, -2, 0, 0 ] ], 
          [ [ 1, 3, -1, -1, 0, -1, 0, 0, 0, -1, -1, -1, 1, -1, 1, 1, 0, 2, 0, 0 ], 
              [ 1, -3, 1, 1, 0, 1, 0, 0, 0, 1, 1, 1, -1, 1, -1, -1, 0, -2, 0, 0 ] ], 
          [ [ 1, -3, 0, 2, 2, 0, 0, 0, 1, 0, 0, 1, -1, -1, 1, -1, 1, -1, -2, -1 ], 
              [ 1, 3, 0, -2, -2, 0, 0, 0, -1, 0, 0, -1, 1, 1, -1, 1, -1, 1, 2, 1 ] ], 
          [ [ 1, -3, 0, 2, 2, 0, 0, 0, 1, 0, 0, 1, -1, 0, 1, -1, 0, -2, -2, -1 ], 
              [ 1, 3, 0, -2, -2, 0, 0, 0, -1, 0, 0, -1, 1, 0, -1, 1, 0, 2, 2, 1 ] ], 
          [ [ 1, 0, 1, 1, 1, -2, 0, 1, -2, -1, 0, 1, -2, -2, 2, 0, 1, 0, -1, 0 ], 
              [ 1, 0, -1, -1, -1, 2, 0, -1, 2, 1, 0, -1, 2, 2, -2, 0, -1, 0, 1, 0 ] ], 
          [ [ 1, 3, 0, 0, 0, -3, -1, -1, 0, -1, 0, 1, -2, -1, 1, 1, 0, 1, 0, 1 ], 
              [ 1, -3, 0, 0, 0, 3, 1, 1, 0, 1, 0, -1, 2, 1, -1, -1, 0, -1, 0, -1 ] ], 
          [ [ 1, 0, 1, 1, 1, -2, 0, 1, -2, -1, 0, 1, -2, -1, 2, 0, 1, -1, -1, 0 ], 
              [ 1, 0, -1, -1, -1, 2, 0, -1, 2, 1, 0, -1, 2, 1, -2, 0, -1, 1, 1, 0 ] ], 
          [ [ 1, 3, -1, -1, -1, -1, -2, 0, 1, 1, 0, 0, 0, 0, 1, 0, -1, 2, 0, 0 ], 
              [ 1, -3, 1, 1, 1, 1, 2, 0, -1, -1, 0, 0, 0, 0, -1, 0, 1, -2, 0, 0 ] ], 
          [ [ 1, 3, -1, -1, -1, -1, -1, -1, 1, 1, 0, 0, 0, 0, 1, 0, -1, 2, 0, 0 ], 
              [ 1, -3, 1, 1, 1, 1, 1, 1, -1, -1, 0, 0, 0, 0, -1, 0, 1, -2, 0, 0 ] ], 
          [ [ 1, 9, -2, -3, -3, -3, -2, -1, 1, -1, -1, -1, 1, -1, 1, 1, -1, 5, 2, 1 ], 
              [ 1, -9, 2, 3, 3, 3, 2, 1, -1, 1, 1, 1, -1, 1, -1, -1, 1, -5, -2, -1 ] ], 
          [ [ 1, 3, 0, 0, 0, -3, -1, -1, 0, -1, 1, 0, -2, -2, 1, 2, 1, 2, 0, 1 ], 
              [ 1, -3, 0, 0, 0, 3, 1, 1, 0, 1, -1, 0, 2, 2, -1, -2, -1, -2, 0, -1 ] ], 
          [ [ 1, 6, -1, -2, -2, -2, -1, 1, -1, -1, -1, -1, 1, -1, 1, 1, 0, 3, 1, 1 ], 
              [ 1, -6, 1, 2, 2, 2, 1, -1, 1, 1, 1, 1, -1, 1, -1, -1, 0, -3, -1, -1 ] ], 
          [ [ 1, -5, 2, 3, 2, -1, 0, 0, 0, 0, 1, 2, -3, -1, 1, 0, 2, -2, -2, 0 ], 
              [ 1, 5, -2, -3, -2, 1, 0, 0, 0, 0, -1, -2, 3, 1, -1, 0, -2, 2, 2, 0 ] ], 
          [ [ 1, -6, 1, 3, 2, 1, 0, 1, 0, 2, 1, 2, -2, 0, 1, -2, 1, -3, -3, -1 ], 
              [ 1, 6, -1, -3, -2, -1, 0, -1, 0, -2, -1, -2, 2, 0, -1, 2, -1, 3, 3, 1 ] ], 
          [ [ 1, 0, 0, 1, 0, -1, -1, 1, 0, 0, 0, 1, -1, -1, 1, -1, 1, 0, -1, 0 ], 
              [ 1, 0, 0, -1, 0, 1, 1, -1, 0, 0, 0, -1, 1, 1, -1, 1, -1, 0, 1, 0 ] ], 
          [ [ 1, 0, 0, 1, 0, -1, 0, 0, 0, 0, 0, 1, -1, -1, 1, -1, 1, 0, -1, 0 ], 
              [ 1, 0, 0, -1, 0, 1, 0, 0, 0, 0, 0, -1, 1, 1, -1, 1, -1, 0, 1, 0 ] ], 
          [ [ 1, 0, 0, 1, 0, -1, 0, 0, 0, 0, 0, 1, -1, 0, 1, -1, 0, -1, -1, 0 ], 
              [ 1, 0, 0, -1, 0, 1, 0, 0, 0, 0, 0, -1, 1, 0, -1, 1, 0, 1, 1, 0 ] ], 
          [ [ 1, 0, 1, 2, 1, -3, 0, 0, -1, -2, 1, 1, -3, -2, 1, 1, 2, -1, -1, 1 ], 
              [ 1, 0, -1, -2, -1, 3, 0, 0, 1, 2, -1, -1, 3, 2, -1, -1, -2, 1, 1, -1 ] ], 
          [ [ 1, -3, 1, 2, 1, 0, 1, 2, -2, 0, 0, 1, -1, -1, 1, -1, 1, -2, -2, 0 ], 
              [ 1, 3, -1, -2, -1, 0, -1, -2, 2, 0, 0, -1, 1, 1, -1, 1, -1, 2, 2, 0 ] ], 
          [ [ 1, 3, -2, -1, -2, 0, -2, -1, 3, 2, 0, 0, 1, 1, 0, -1, -1, 2, 0, 0 ], 
              [ 1, -3, 2, 1, 2, 0, 2, 1, -3, -2, 0, 0, -1, -1, 0, 1, 1, -2, 0, 0 ] ], 
          [ [ 1, 3, -1, 0, -1, -2, -1, -2, 2, 0, 1, 0, -1, -1, 0, 1, 0, 2, 0, 1 ], 
              [ 1, -3, 1, 0, 1, 2, 1, 2, -2, 0, -1, 0, 1, 1, 0, -1, 0, -2, 0, -1 ] ], 
          [ [ 1, 0, 0, 1, 0, -1, 0, 0, 0, 0, 1, 0, -1, -1, 1, 0, 1, 0, -1, 0 ], 
              [ 1, 0, 0, -1, 0, 1, 0, 0, 0, 0, -1, 0, 1, 1, -1, 0, -1, 0, 1, 0 ] ], 
          [ [ 1, 4, -2, -2, -1, -1, -2, -1, 2, 1, -1, 0, 1, 1, 1, 0, -2, 3, 1, 0 ], 
              [ 1, -4, 2, 2, 1, 1, 2, 1, -2, -1, 1, 0, -1, -1, -1, 0, 2, -3, -1, 0 ] ], 
          [ [ 1, 3, -1, 0, 1, -3, -1, -1, 0, -1, 0, 1, -2, -1, 2, 0, 0, 1, 0, 0 ], 
              [ 1, -3, 1, 0, -1, 3, 1, 1, 0, 1, 0, -1, 2, 1, -2, 0, 0, -1, 0, 0 ] ], 
          [ [ 1, 1, 0, 0, 1, -2, 0, 0, -1, -1, 0, 0, -1, -1, 2, 1, 0, 1, 0, 0 ], 
              [ 1, -1, 0, 0, -1, 2, 0, 0, 1, 1, 0, 0, 1, 1, -2, -1, 0, -1, 0, 0 ] ], 
          [ [ 1, 6, -2, -2, -1, -2, -1, 1, -1, -1, -2, 0, 1, 0, 2, -1, -1, 2, 1, 0 ], 
              [ 1, -6, 2, 2, 1, 2, 1, -1, 1, 1, 2, 0, -1, 0, -2, 1, 1, -2, -1, 0 ] ], 
          [ [ 1, 0, 0, 1, 2, -2, 0, 1, -2, -1, 0, 1, -2, -1, 2, 0, 0, -1, -1, 0 ], 
              [ 1, 0, 0, -1, -2, 2, 0, -1, 2, 1, 0, -1, 2, 1, -2, 0, 0, 1, 1, 0 ] ], 
          [ [ 1, 6, -1, -1, 0, -4, 0, 0, -2, -3, -1, 0, -1, -2, 2, 1, 0, 2, 1, 1 ], 
              [ 1, -6, 1, 1, 0, 4, 0, 0, 2, 3, 1, 0, 1, 2, -2, -1, 0, -2, -1, -1 ] ], 
          [ [ 1, 9, -3, -3, -2, -3, -2, -1, 1, -1, -1, -1, 1, -1, 1, 1, -1, 5, 2, 1 ], 
              [ 1, -9, 3, 3, 2, 3, 2, 1, -1, 1, 1, 1, -1, 1, -1, -1, 1, -5, -2, -1 ] ], 
          [ [ 1, 6, -2, -2, -1, -2, -1, 1, -1, -1, -1, -1, 1, -1, 2, 0, -1, 3, 1, 0 ], 
              [ 1, -6, 2, 2, 1, 2, 1, -1, 1, 1, 1, 1, -1, 1, -2, 0, 1, -3, -1, 0 ] ], 
          [ [ 1, 9, -3, -3, -2, -3, -2, -1, 1, -1, -1, -1, 1, 0, 1, 1, -2, 4, 2, 1 ], 
              [ 1, -9, 3, 3, 2, 3, 2, 1, -1, 1, 1, 1, -1, 0, -1, -1, 2, -4, -2, -1 ] ], 
          [ [ 1, 1, -1, 0, 0, -1, -1, 0, 1, 0, 0, 0, 0, 0, 1, 0, 0, 1, 0, 0 ], 
              [ 1, -1, 1, 0, 0, 1, 1, 0, -1, 0, 0, 0, 0, 0, -1, 0, 0, -1, 0, 0 ] ], 
          [ [ 1, 0, -1, 1, 1, -1, 0, 0, 0, 0, 0, 1, -1, 0, 1, -1, 0, -1, -1, 0 ], 
              [ 1, 0, 1, -1, -1, 1, 0, 0, 0, 0, 0, -1, 1, 0, -1, 1, 0, 1, 1, 0 ] ], 
          [ [ 1, 3, -1, 0, 0, -1, 0, 0, -2, -2, -1, 0, 0, -1, 2, 0, 0, 1, 0, 0 ], 
              [ 1, -3, 1, 0, 0, 1, 0, 0, 2, 2, 1, 0, 0, 1, -2, 0, 0, -1, 0, 0 ] ], 
          [ [ 1, 6, -3, -2, -2, 0, -2, -1, 1, 0, -1, -1, 2, 0, 1, 0, -1, 4, 1, 0 ], 
              [ 1, -6, 3, 2, 2, 0, 2, 1, -1, 0, 1, 1, -2, 0, -1, 0, 1, -4, -1, 0 ] ], 
          [ [ 1, -3, 1, 2, 2, 1, 1, 0, -1, -1, -1, 0, 0, -1, 1, 0, 1, -1, -2, -1 ], 
              [ 1, 3, -1, -2, -2, -1, -1, 0, 1, 1, 1, 0, 0, 1, -1, 0, -1, 1, 2, 1 ] ], 
          [ [ 1, 0, 1, 1, 0, 0, 0, 1, -2, -1, -1, 0, 0, -1, 1, 0, 1, 0, -1, 0 ], 
              [ 1, 0, -1, -1, 0, 0, 0, -1, 2, 1, 1, 0, 0, 1, -1, 0, -1, 0, 1, 0 ] ], 
          [ [ 1, 9, -2, -3, -2, -2, -1, -1, -1, -2, -2, -2, 2, -1, 1, 2, -1, 5, 2, 1 ], 
              [ 1, -9, 2, 3, 2, 2, 1, 1, 1, 2, 2, 2, -2, 1, -1, -2, 1, -5, -2, -1 ] ], 
          [ [ 1, -5, 1, 2, 2, 2, 0, 1, -1, 1, -1, 1, 0, 1, 1, -1, 0, -2, -2, -1 ], 
              [ 1, 5, -1, -2, -2, -2, 0, -1, 1, -1, 1, -1, 0, -1, -1, 1, 0, 2, 2, 1 ] ], 
          [ [ 1, 1, 0, 0, 0, 0, 0, 0, -1, -1, -2, 0, 1, 0, 1, 0, 0, 1, 0, 0 ], 
              [ 1, -1, 0, 0, 0, 0, 0, 0, 1, 1, 2, 0, -1, 0, -1, 0, 0, -1, 0, 0 ] ], 
          [ [ 1, -2, 0, 1, 1, 1, -1, -1, 1, 1, 0, 0, 0, 0, 1, 0, 0, 1, -1, -1 ], 
              [ 1, 2, 0, -1, -1, -1, 1, 1, -1, -1, 0, 0, 0, 0, -1, 0, 0, -1, 1, 1 ] ], 
          [ [ 1, 0, 0, 0, 0, 1, 0, 0, 0, 0, -1, 0, 1, -1, 1, 0, 0, 1, -1, -1 ], 
              [ 1, 0, 0, 0, 0, -1, 0, 0, 0, 0, 1, 0, -1, 1, -1, 0, 0, -1, 1, 1 ] ], 
          [ [ 1, 1, -1, -1, -1, 2, -1, 1, 0, 1, -2, -1, 3, 1, 1, -1, -1, 2, 0, -1 ], 
              [ 1, -1, 1, 1, 1, -2, 1, -1, 0, -1, 2, 1, -3, -1, -1, 1, 1, -2, 0, 1 ] ], 
          [ [ 1, 3, -1, 0, 0, -1, -1, -1, 0, -1, -1, 0, 0, -1, 1, 0, 0, 2, 0, 0 ], 
              [ 1, -3, 1, 0, 0, 1, 1, 1, 0, 1, 1, 0, 0, 1, -1, 0, 0, -2, 0, 0 ] ], 
          [ [ 1, -1, 0, 1, 1, 1, 0, 1, -1, 0, -1, 1, 0, -1, 1, -1, 0, -1, -2, -1 ], 
              [ 1, 1, 0, -1, -1, -1, 0, -1, 1, 0, 1, -1, 0, 1, -1, 1, 0, 1, 2, 1 ] ], 
          [ [ 1, 0, 0, 1, 1, 0, 0, 1, -2, -1, -1, 0, 0, -1, 2, -1, 1, 0, -1, -1 ], 
              [ 1, 0, 0, -1, -1, 0, 0, -1, 2, 1, 1, 0, 0, 1, -2, 1, -1, 0, 1, 1 ] ], 
          [ [ 1, 3, -1, 0, 0, -1, -1, -1, 0, -1, -1, 0, 0, 0, 1, 0, 0, 1, 0, 0 ], 
              [ 1, -3, 1, 0, 0, 1, 1, 1, 0, 1, 1, 0, 0, 0, -1, 0, 0, -1, 0, 0 ] ], 
          [ [ 1, 1, 0, 0, 0, 0, 0, 0, -1, -1, -1, -1, 1, -1, 1, 1, 0, 2, 0, 0 ], 
              [ 1, -1, 0, 0, 0, 0, 0, 0, 1, 1, 1, 1, -1, 1, -1, -1, 0, -2, 0, 0 ] ], 
          [ [ 1, 1, 0, 0, 0, 0, 0, 0, -1, -1, -1, -1, 1, -1, 1, 1, 1, 2, 0, 0 ], 
              [ 1, -1, 0, 0, 0, 0, 0, 0, 1, 1, 1, 1, -1, 1, -1, -1, -1, -2, 0, 0 ] ], 
          [ [ 1, 1, 0, 0, 0, 0, 0, 0, -1, -1, -1, -1, 1, 0, 1, 1, 0, 1, 0, 0 ], 
              [ 1, -1, 0, 0, 0, 0, 0, 0, 1, 1, 1, 1, -1, 0, -1, -1, 0, -1, 0, 0 ] ], 
          [ [ 1, 0, -1, 0, 0, 2, 0, 1, -1, 1, -2, 0, 2, 1, 1, -2, -1, 0, -1, -1 ], 
              [ 1, 0, 1, 0, 0, -2, 0, -1, 1, -1, 2, 0, -2, -1, -1, 2, 1, 0, 1, 1 ] ], 
          [ [ 1, 0, 0, 1, 1, 0, 0, 1, -2, -1, -1, 0, 0, -1, 1, 0, 1, 0, -1, 0 ], 
              [ 1, 0, 0, -1, -1, 0, 0, -1, 2, 1, 1, 0, 0, 1, -1, 0, -1, 0, 1, 0 ] ], 
          [ [ 1, 2, -1, 0, 0, 0, -1, -1, 1, 0, 0, 0, 0, -1, 1, 0, 0, 1, -1, -1 ], 
              [ 1, -2, 1, 0, 0, 0, 1, 1, -1, 0, 0, 0, 0, 1, -1, 0, 0, -1, 1, 1 ] ], 
          [ [ 1, 3, -1, 0, 0, -1, -1, -1, 0, -1, 0, -1, 0, -1, 1, 1, 0, 2, 0, 0 ], 
              [ 1, -3, 1, 0, 0, 1, 1, 1, 0, 1, 0, 1, 0, 1, -1, -1, 0, -2, 0, 0 ] ], 
          [ [ 1, 5, -1, -1, -1, -1, 0, 0, -1, -2, -1, -1, 1, -2, 1, 1, 0, 2, 0, 0 ], 
              [ 1, -5, 1, 1, 1, 1, 0, 0, 1, 2, 1, 1, -1, 2, -1, -1, 0, -2, 0, 0 ] ], 
          [ [ 1, -5, 1, 3, 2, 1, 0, 0, 0, 0, 0, 1, -1, 0, 1, -1, 1, -2, -2, -1 ], 
              [ 1, 5, -1, -3, -2, -1, 0, 0, 0, 0, 0, -1, 1, 0, -1, 1, -1, 2, 2, 1 ] ], 
          [ [ 1, -5, 0, 2, 1, 3, 0, 0, 1, 2, 0, 0, 1, 1, 0, -1, 0, -1, -2, -1 ], 
              [ 1, 5, 0, -2, -1, -3, 0, 0, -1, -2, 0, 0, -1, -1, 0, 1, 0, 1, 2, 1 ] ], 
          [ [ 1, -2, 0, 1, 2, 1, 1, 2, -3, -1, -2, 0, 1, 0, 2, -1, 0, -1, -1, -1 ], 
              [ 1, 2, 0, -1, -2, -1, -1, -2, 3, 1, 2, 0, -1, 0, -2, 1, 0, 1, 1, 1 ] ], 
          [ [ 1, 4, -2, -1, 0, -1, -1, -2, 1, -1, -1, -1, 1, 0, 1, 1, -1, 3, 1, 0 ], 
              [ 1, -4, 2, 1, 0, 1, 1, 2, -1, 1, 1, 1, -1, 0, -1, -1, 1, -3, -1, 0 ] ], 
          [ [ 1, 0, -1, 0, 1, 1, 0, 0, 0, 0, -1, 0, 1, 0, 1, 0, -1, 0, -1, -1 ], 
              [ 1, 0, 1, 0, -1, -1, 0, 0, 0, 0, 1, 0, -1, 0, -1, 0, 1, 0, 1, 1 ] ], 
          [ [ 1, -3, 1, 2, 0, 1, 0, 0, 0, 1, 1, 1, -1, -1, 0, 0, 1, -1, -2, 0 ], 
              [ 1, 3, -1, -2, 0, -1, 0, 0, 0, -1, -1, -1, 1, 1, 0, 0, -1, 1, 2, 0 ] ], 
          [ [ 1, -3, 1, 2, 2, 0, 0, 1, -2, 0, 0, 2, -2, -1, 2, -1, 1, -2, -2, -1 ], 
              [ 1, 3, -1, -2, -2, 0, 0, -1, 2, 0, 0, -2, 2, 1, -2, 1, -1, 2, 2, 1 ] ], 
          [ [ 1, -2, 1, 2, 2, -1, 0, 1, -3, -1, 0, 1, -2, -1, 2, 0, 1, -1, -1, 0 ], 
              [ 1, 2, -1, -2, -2, 1, 0, -1, 3, 1, 0, -1, 2, 1, -2, 0, -1, 1, 1, 0 ] ], 
          [ [ 1, 0, 1, 1, 1, -1, 1, 2, -4, -2, -1, 1, -1, -2, 2, 0, 1, -1, -1, 0 ], 
              [ 1, 0, -1, -1, -1, 1, -1, -2, 4, 2, 1, -1, 1, 2, -2, 0, -1, 1, 1, 0 ] ], 
          [ [ 1, 6, -2, -2, -2, -1, -2, -1, 1, 0, -1, 0, 1, 0, 1, 0, -1, 3, 1, 0 ], 
              [ 1, -6, 2, 2, 2, 1, 2, 1, -1, 0, 1, 0, -1, 0, -1, 0, 1, -3, -1, 0 ] ], 
          [ [ 1, 0, 0, 1, 1, -1, -1, -1, 0, 0, 1, 1, -2, -1, 1, 1, 0, 0, -1, 0 ], 
              [ 1, 0, 0, -1, -1, 1, 1, 1, 0, 0, -1, -1, 2, 1, -1, -1, 0, 0, 1, 0 ] ], 
          [ [ 1, 1, -1, 0, 0, 0, -1, -1, 0, 1, 0, 0, 0, 1, 1, 0, -1, 1, 0, 0 ], 
              [ 1, -1, 1, 0, 0, 0, 1, 1, 0, -1, 0, 0, 0, -1, -1, 0, 1, -1, 0, 0 ] ], 
          [ [ 1, 6, -1, -1, -1, -3, -1, -2, 0, -2, 0, 0, -1, -2, 1, 2, 0, 3, 1, 1 ], 
              [ 1, -6, 1, 1, 1, 3, 1, 2, 0, 2, 0, 0, 1, 2, -1, -2, 0, -3, -1, -1 ] ], 
          [ [ 1, 3, -1, -1, -1, 0, -1, 1, -1, 0, -1, 0, 1, -1, 1, 0, 0, 2, 0, 0 ], 
              [ 1, -3, 1, 1, 1, 0, 1, -1, 1, 0, 1, 0, -1, 1, -1, 0, 0, -2, 0, 0 ] ], 
          [ [ 1, 3, 0, 0, 0, -2, 0, 0, -2, -2, 0, 0, -1, -2, 2, 1, 1, 1, 0, 0 ], 
              [ 1, -3, 0, 0, 0, 2, 0, 0, 2, 2, 0, 0, 1, 2, -2, -1, -1, -1, 0, 0 ] ], 
          [ [ 1, 7, -2, -2, -2, -2, -2, -1, 0, -1, -1, -1, 1, 0, 1, 1, -1, 4, 2, 1 ], 
              [ 1, -7, 2, 2, 2, 2, 2, 1, 0, 1, 1, 1, -1, 0, -1, -1, 1, -4, -2, -1 ] ], 
          [ [ 1, 3, -1, -1, -1, 0, -1, 1, -1, 0, -1, 0, 1, 0, 1, 0, -1, 1, 0, 0 ], 
              [ 1, -3, 1, 1, 1, 0, 1, -1, 1, 0, 1, 0, -1, 0, -1, 0, 1, -1, 0, 0 ] ], 
          [ [ 1, 3, -1, -1, -1, 0, 0, 0, -1, 0, -1, 0, 1, 0, 1, 0, -1, 1, 0, 0 ], 
              [ 1, -3, 1, 1, 1, 0, 0, 0, 1, 0, 1, 0, -1, 0, -1, 0, 1, -1, 0, 0 ] ], 
          [ [ 1, 2, 0, 1, 1, -2, 0, 1, -3, -2, 0, 1, -2, -2, 2, 0, 1, -1, -1, 0 ], 
              [ 1, -2, 0, -1, -1, 2, 0, -1, 3, 2, 0, -1, 2, 2, -2, 0, -1, 1, 1, 0 ] ], 
          [ [ 1, 3, 0, 0, 0, -2, 0, 0, -2, -2, 0, 0, -1, -2, 1, 2, 1, 1, 0, 1 ], 
              [ 1, -3, 0, 0, 0, 2, 0, 0, 2, 2, 0, 0, 1, 2, -1, -2, -1, -1, 0, -1 ] ], 
          [ [ 1, 6, -2, -2, -2, -1, -2, -1, 1, 0, 0, -1, 1, -1, 1, 1, -1, 4, 1, 0 ], 
              [ 1, -6, 2, 2, 2, 1, 2, 1, -1, 0, 0, 1, -1, 1, -1, -1, 1, -4, -1, 0 ] ], 
          [ [ 1, 5, -2, -1, -1, -1, -1, -1, 0, 0, 0, 0, 0, -1, 1, 0, -1, 2, 0, 0 ], 
              [ 1, -5, 2, 1, 1, 1, 1, 1, 0, 0, 0, 0, 0, 1, -1, 0, 1, -2, 0, 0 ] ], 
          [ [ 1, -3, 0, 2, 1, 1, 0, 0, 0, 1, 0, 2, -1, 0, 1, -2, 0, -2, -2, -1 ], 
              [ 1, 3, 0, -2, -1, -1, 0, 0, 0, -1, 0, -2, 1, 0, -1, 2, 0, 2, 2, 1 ] ], 
          [ [ 1, -3, 1, 3, 2, -1, 0, 0, -1, -1, 1, 2, -3, -2, 1, 0, 2, -2, -2, 0 ], 
              [ 1, 3, -1, -3, -2, 1, 0, 0, 1, 1, -1, -2, 3, 2, -1, 0, -2, 2, 2, 0 ] ], 
          [ [ 1, -2, 0, 2, 1, 0, 0, 0, -1, 0, 0, 1, -1, 0, 1, -1, 1, -1, -1, 0 ], 
              [ 1, 2, 0, -2, -1, 0, 0, 0, 1, 0, 0, -1, 1, 0, -1, 1, -1, 1, 1, 0 ] ], 
          [ [ 1, -6, 1, 3, 2, 2, 1, 2, -2, 1, 0, 2, -1, 0, 1, -2, 1, -4, -3, -1 ], 
              [ 1, 6, -1, -3, -2, -2, -1, -2, 2, -1, 0, -2, 1, 0, -1, 2, -1, 4, 3, 1 ] ], 
          [ [ 1, -3, 0, 2, 1, 1, 0, 0, 0, 1, 1, 1, -1, -1, 1, -1, 1, -1, -2, -1 ], 
              [ 1, 3, 0, -2, -1, -1, 0, 0, 0, -1, -1, -1, 1, 1, -1, 1, -1, 1, 2, 1 ] ], 
          [ [ 1, 0, -1, 1, 0, 0, -1, -2, 2, 1, 1, 1, -1, 0, 0, 0, 0, 0, -1, 0 ], 
              [ 1, 0, 1, -1, 0, 0, 1, 2, -2, -1, -1, -1, 1, 0, 0, 0, 0, 0, 1, 0 ] ], 
          [ [ 1, -3, 0, 2, 1, 1, 0, 0, 0, 1, 1, 1, -1, 0, 1, -1, 0, -2, -2, -1 ], 
              [ 1, 3, 0, -2, -1, -1, 0, 0, 0, -1, -1, -1, 1, 0, -1, 1, 0, 2, 2, 1 ] ], 
          [ [ 1, 3, -1, 0, 1, -2, 0, 0, -2, -2, -1, 1, -1, -1, 2, 0, 0, 0, 0, 0 ], 
              [ 1, -3, 1, 0, -1, 2, 0, 0, 2, 2, 1, -1, 1, 1, -2, 0, 0, 0, 0, 0 ] ], 
          [ [ 1, 6, -3, -2, -1, -1, -2, -1, 1, 0, -1, 0, 1, 0, 1, 0, -2, 3, 1, 0 ], 
              [ 1, -6, 3, 2, 1, 1, 2, 1, -1, 0, 1, 0, -1, 0, -1, 0, 2, -3, -1, 0 ] ], 
          [ [ 1, 3, -2, -1, 0, 0, -1, 1, -1, 0, -1, 0, 1, 0, 2, -1, -1, 1, 0, -1 ], 
              [ 1, -3, 2, 1, 0, 0, 1, -1, 1, 0, 1, 0, -1, 0, -2, 1, 1, -1, 0, 1 ] ], 
          [ [ 1, 3, -1, 0, 1, -2, 0, 0, -2, -2, 0, 0, -1, -2, 2, 1, 0, 1, 0, 0 ], 
              [ 1, -3, 1, 0, -1, 2, 0, 0, 2, 2, 0, 0, 1, 2, -2, -1, 0, -1, 0, 0 ] ], 
          [ [ 1, 1, 0, 0, 0, 0, -1, -1, 1, 0, -1, -1, 1, 0, 0, 1, 0, 2, 0, 0 ], 
              [ 1, -1, 0, 0, 0, 0, 1, 1, -1, 0, 1, 1, -1, 0, 0, -1, 0, -2, 0, 0 ] ], 
          [ [ 1, 0, 1, 1, 1, -1, 0, 1, -2, -1, -1, 1, -1, -1, 1, 0, 1, -1, -1, 0 ], 
              [ 1, 0, -1, -1, -1, 1, 0, -1, 2, 1, 1, -1, 1, 1, -1, 0, -1, 1, 1, 0 ] ], 
          [ [ 1, 3, 0, 0, 0, -2, -1, -1, 0, -1, 0, 0, -1, -2, 1, 1, 1, 2, 0, 0 ], 
              [ 1, -3, 0, 0, 0, 2, 1, 1, 0, 1, 0, 0, 1, 2, -1, -1, -1, -2, 0, 0 ] ], 
          [ [ 1, 3, 0, 0, 0, -2, -1, -1, 0, -1, 0, 0, -1, -1, 1, 1, 0, 1, 0, 0 ], 
              [ 1, -3, 0, 0, 0, 2, 1, 1, 0, 1, 0, 0, 1, 1, -1, -1, 0, -1, 0, 0 ] ], 
          [ [ 1, 3, -1, -1, -1, 0, -1, -1, 1, 1, -1, 0, 1, 0, 0, 0, -1, 2, 0, 0 ], 
              [ 1, -3, 1, 1, 1, 0, 1, 1, -1, -1, 1, 0, -1, 0, 0, 0, 1, -2, 0, 0 ] ], 
          [ [ 1, 0, 0, 0, 0, 1, 0, 1, -1, 1, -1, 0, 1, 0, 1, -1, -1, 0, -1, -1 ], 
              [ 1, 0, 0, 0, 0, -1, 0, -1, 1, -1, 1, 0, -1, 0, -1, 1, 1, 0, 1, 1 ] ], 
          [ [ 1, 0, 0, 0, 0, 1, 0, 1, -1, 1, -1, 0, 1, 0, 1, -1, 0, 0, -1, -1 ], 
              [ 1, 0, 0, 0, 0, -1, 0, -1, 1, -1, 1, 0, -1, 0, -1, 1, 0, 0, 1, 1 ] ], 
          [ [ 1, 0, 1, 1, 1, -1, 0, 1, -2, -1, 0, 0, -1, -2, 1, 1, 1, 0, -1, 0 ], 
              [ 1, 0, -1, -1, -1, 1, 0, -1, 2, 1, 0, 0, 1, 2, -1, -1, -1, 0, 1, 0 ] ], 
          [ [ 1, 0, 1, 1, 1, -1, 1, 0, -2, -1, 0, 0, -1, -2, 1, 1, 1, 0, -1, 0 ], 
              [ 1, 0, -1, -1, -1, 1, -1, 0, 2, 1, 0, 0, 1, 2, -1, -1, -1, 0, 1, 0 ] ], 
          [ [ 1, 1, 0, 0, 0, 0, 0, 1, -2, 0, -1, -1, 1, 0, 1, 0, 0, 1, 0, 0 ], 
              [ 1, -1, 0, 0, 0, 0, 0, -1, 2, 0, 1, 1, -1, 0, -1, 0, 0, -1, 0, 0 ] ], 
          [ [ 1, 3, -1, -1, -1, 0, -1, -1, 1, 1, 0, -1, 1, 0, 0, 1, -1, 2, 0, 0 ], 
              [ 1, -3, 1, 1, 1, 0, 1, 1, -1, -1, 0, 1, -1, 0, 0, -1, 1, -2, 0, 0 ] ], 
          [ [ 1, -5, 1, 2, 1, 2, 0, 0, 1, 2, 0, 1, 0, 1, 0, -1, 0, -2, -2, -1 ], 
              [ 1, 5, -1, -2, -1, -2, 0, 0, -1, -2, 0, -1, 0, -1, 0, 1, 0, 2, 2, 1 ] ], 
          [ [ 1, -6, 2, 4, 3, 0, 1, 0, -1, 0, 1, 2, -3, -1, 1, -1, 2, -4, -3, -1 ], 
              [ 1, 6, -2, -4, -3, 0, -1, 0, 1, 0, -1, -2, 3, 1, -1, 1, -2, 4, 3, 1 ] ], 
          [ [ 1, -3, 0, 2, 1, 1, -1, -1, 2, 2, 1, 1, -1, 0, 0, -1, 0, -1, -2, -1 ], 
              [ 1, 3, 0, -2, -1, -1, 1, 1, -2, -2, -1, -1, 1, 0, 0, 1, 0, 1, 2, 1 ] ], 
          [ [ 1, 0, 0, 1, 0, 0, 0, 0, 0, 0, 0, 0, 0, -1, 0, 0, 1, 0, -1, 0 ], 
              [ 1, 0, 0, -1, 0, 0, 0, 0, 0, 0, 0, 0, 0, 1, 0, 0, -1, 0, 1, 0 ] ], 
          [ [ 1, 6, -1, -2, 0, -2, 0, 1, -3, -2, -2, -1, 1, -1, 2, 1, -1, 2, 1, 0 ], 
              [ 1, -6, 1, 2, 0, 2, 0, -1, 3, 2, 2, 1, -1, 1, -2, -1, 1, -2, -1, 0 ] ], 
          [ [ 1, 0, 0, 1, 2, -1, 0, 1, -2, -1, -1, 1, -1, -1, 2, -1, 0, -1, -1, -1 ], 
              [ 1, 0, 0, -1, -2, 1, 0, -1, 2, 1, 1, -1, 1, 1, -2, 1, 0, 1, 1, 1 ] ], 
          [ [ 1, 1, 0, 0, 1, -1, 0, 0, -1, -1, -1, 0, 0, -1, 1, 1, 0, 1, 0, 0 ], 
              [ 1, -1, 0, 0, -1, 1, 0, 0, 1, 1, 1, 0, 0, 1, -1, -1, 0, -1, 0, 0 ] ], 
          [ [ 1, 3, -2, -1, 0, 0, -1, -1, 1, 1, -1, 0, 1, 1, 1, -1, -2, 1, 0, -1 ], 
              [ 1, -3, 2, 1, 0, 0, 1, 1, -1, -1, 1, 0, -1, -1, -1, 1, 2, -1, 0, 1 ] ], 
          [ [ 1, 3, -1, 0, 1, -2, -1, -1, 0, -1, 0, 0, -1, -1, 1, 1, 0, 1, 0, 0 ], 
              [ 1, -3, 1, 0, -1, 2, 1, 1, 0, 1, 0, 0, 1, 1, -1, -1, 0, -1, 0, 0 ] ], 
          [ [ 1, 0, -1, 0, 1, 1, 0, 1, -1, 1, -1, 0, 1, 0, 1, -1, -1, 0, -1, -1 ], 
              [ 1, 0, 1, 0, -1, -1, 0, -1, 1, -1, 1, 0, -1, 0, -1, 1, 1, 0, 1, 1 ] ], 
          [ [ 1, -2, 1, 1, 1, 0, 0, 1, -2, 1, 0, 1, -1, 0, 1, 0, 0, -1, -1, 0 ], 
              [ 1, 2, -1, -1, -1, 0, 0, -1, 2, -1, 0, -1, 1, 0, -1, 0, 0, 1, 1, 0 ] ], 
          [ [ 1, 6, -1, -1, -1, -3, -1, -1, -1, -1, 0, 0, -1, -1, 1, 1, 0, 2, 1, 1 ], 
              [ 1, -6, 1, 1, 1, 3, 1, 1, 1, 1, 0, 0, 1, 1, -1, -1, 0, -2, -1, -1 ] ], 
          [ [ 1, -2, 1, 2, 1, -1, 0, 0, -1, 0, 1, 1, -2, -1, 1, 0, 1, -1, -1, 0 ], 
              [ 1, 2, -1, -2, -1, 1, 0, 0, 1, 0, -1, -1, 2, 1, -1, 0, -1, 1, 1, 0 ] ], 
          [ [ 1, 0, 0, 1, 0, -1, 0, 2, -1, -2, -1, 0, 0, -1, 2, -1, 1, 0, -1, 1 ], 
              [ 1, 0, 0, -1, 0, 1, 0, -2, 1, 2, 1, 0, 0, 1, -2, 1, -1, 0, 1, -1 ] ], 
          [ [ 1, 6, -2, -1, -2, -3, -2, -2, 3, -2, 0, -1, 0, -1, 1, 1, 0, 4, 1, 2 ], 
              [ 1, -6, 2, 1, 2, 3, 2, 2, -3, 2, 0, 1, 0, 1, -1, -1, 0, -4, -1, -2 ] ], 
          [ [ 1, 0, 0, 1, -1, 0, -1, 0, 1, -1, 0, 0, 0, -1, 1, 0, 1, 1, -1, 1 ], 
              [ 1, 0, 0, -1, 1, 0, 1, 0, -1, 1, 0, 0, 0, 1, -1, 0, -1, -1, 1, -1 ] ], 
          [ [ 1, 8, -3, -2, -2, -2, -2, -1, 1, -2, -1, -1, 1, -1, 2, 0, -1, 4, 1, 1 ], 
              [ 1, -8, 3, 2, 2, 2, 2, 1, -1, 2, 1, 1, -1, 1, -2, 0, 1, -4, -1, -1 ] ], 
          [ [ 1, 5, -1, -1, -2, -1, -2, 0, 1, -1, -1, -1, 1, -1, 1, 0, 0, 3, 0, 1 ], 
              [ 1, -5, 1, 1, 2, 1, 2, 0, -1, 1, 1, 1, -1, 1, -1, 0, 0, -3, 0, -1 ] ], 
          [ [ 1, 6, -2, -2, -2, -1, -2, -1, 2, -1, -2, -1, 2, 0, 1, 0, -1, 4, 1, 1 ], 
              [ 1, -6, 2, 2, 2, 1, 2, 1, -2, 1, 2, 1, -2, 0, -1, 0, 1, -4, -1, -1 ] ], 
          [ [ 1, 3, -1, -1, -1, 0, -1, 1, 0, -1, -2, -1, 2, 0, 2, -1, -1, 2, 0, 0 ], 
              [ 1, -3, 1, 1, 1, 0, 1, -1, 0, 1, 2, 1, -2, 0, -2, 1, 1, -2, 0, 0 ] ], 
          [ [ 1, 3, 0, 0, 0, -2, -1, 1, -1, -3, -1, -1, 0, -2, 2, 1, 1, 2, 0, 1 ], 
              [ 1, -3, 0, 0, 0, 2, 1, -1, 1, 3, 1, 1, 0, 2, -2, -1, -1, -2, 0, -1 ] ], 
          [ [ 1, 3, 0, 0, 0, -2, 0, 0, -1, -3, -1, -1, 0, -2, 2, 1, 1, 2, 0, 1 ], 
              [ 1, -3, 0, 0, 0, 2, 0, 0, 1, 3, 1, 1, 0, 2, -2, -1, -1, -2, 0, -1 ] ], 
          [ [ 1, 7, -2, -2, -2, -2, -2, -1, 1, -2, -2, -2, 2, 0, 1, 1, -1, 5, 2, 2 ], 
              [ 1, -7, 2, 2, 2, 2, 2, 1, -1, 2, 2, 2, -2, 0, -1, -1, 1, -5, -2, -2 ] ], 
          [ [ 1, 3, -1, -1, -1, 0, -1, 1, 0, -1, -2, -1, 2, 0, 1, 0, -1, 2, 0, 1 ], 
              [ 1, -3, 1, 1, 1, 0, 1, -1, 0, 1, 2, 1, -2, 0, -1, 0, 1, -2, 0, -1 ] ], 
          [ [ 1, 4, -1, -1, -1, -1, -1, 1, -1, -2, -2, -2, 2, 0, 2, 0, 0, 3, 1, 1 ], 
              [ 1, -4, 1, 1, 1, 1, 1, -1, 1, 2, 2, 2, -2, 0, -2, 0, 0, -3, -1, -1 ] ], 
          [ [ 1, 2, 0, 1, 1, -2, 0, 1, -2, -3, -1, 0, -1, -2, 2, 0, 1, 0, -1, 1 ], 
              [ 1, -2, 0, -1, -1, 2, 0, -1, 2, 3, 1, 0, 1, 2, -2, 0, -1, 0, 1, -1 ] ], 
          [ [ 1, 6, -2, -2, -2, -1, -2, -1, 2, -1, -1, -2, 2, -1, 1, 1, -1, 5, 1, 1 ], 
              [ 1, -6, 2, 2, 2, 1, 2, 1, -2, 1, 1, 2, -2, 1, -1, -1, 1, -5, -1, -1 ] ], 
          [ [ 1, 6, -2, -2, -2, -1, -2, -1, 2, -1, -1, -2, 2, 0, 1, 1, -1, 4, 1, 1 ], 
              [ 1, -6, 2, 2, 2, 1, 2, 1, -2, 1, 1, 2, -2, 0, -1, -1, 1, -4, -1, -1 ] ], 
          [ [ 1, 8, -2, -2, -2, -2, -1, 1, -1, -3, -2, -2, 2, -2, 2, 0, 0, 4, 1, 1 ], 
              [ 1, -8, 2, 2, 2, 2, 1, -1, 1, 3, 2, 2, -2, 2, -2, 0, 0, -4, -1, -1 ] ], 
          [ [ 1, 11, -3, -3, -3, -3, -2, -1, 1, -3, -2, -2, 2, -1, 1, 1, -1, 5, 2, 2 ], 
              [ 1, -11, 3, 3, 3, 3, 2, 1, -1, 3, 2, 2, -2, 1, -1, -1, 1, -5, -2, -2 ] ], 
          [ [ 1, 0, -1, 1, 0, 0, -2, -1, 3, 0, 0, 0, 0, 0, 1, -1, 0, 1, -1, 0 ], 
              [ 1, 0, 1, -1, 0, 0, 2, 1, -3, 0, 0, 0, 0, 0, -1, 1, 0, -1, 1, 0 ] ], 
          [ [ 1, -3, 0, 2, 1, 1, 0, 0, 1, 0, 0, 0, 0, 0, 1, -1, 0, -1, -2, 0 ], 
              [ 1, 3, 0, -2, -1, -1, 0, 0, -1, 0, 0, 0, 0, 0, -1, 1, 0, 1, 2, 0 ] ], 
          [ [ 1, 3, -1, 0, -1, -1, -1, 0, 1, -2, -1, -1, 1, -1, 1, 0, 0, 2, 0, 1 ], 
              [ 1, -3, 1, 0, 1, 1, 1, 0, -1, 2, 1, 1, -1, 1, -1, 0, 0, -2, 0, -1 ] ], 
          [ [ 1, 3, -1, 0, -1, -1, -1, 0, 1, -2, -1, -1, 1, -1, 1, 0, 1, 2, 0, 1 ], 
              [ 1, -3, 1, 0, 1, 1, 1, 0, -1, 2, 1, 1, -1, 1, -1, 0, -1, -2, 0, -1 ] ], 
          [ [ 1, 3, -2, -1, 0, 0, -1, 1, 0, -1, -2, -1, 2, 0, 2, -1, -1, 2, 0, 0 ], 
              [ 1, -3, 2, 1, 0, 0, 1, -1, 0, 1, 2, 1, -2, 0, -2, 1, 1, -2, 0, 0 ] ], 
          [ [ 1, 6, 0, -1, -2, -3, -1, 1, -2, -3, -1, -1, 0, -2, 2, 1, 1, 3, 1, 2 ], 
              [ 1, -6, 0, 1, 2, 3, 1, -1, 2, 3, 1, 1, 0, 2, -2, -1, -1, -3, -1, -2 ] ], 
          [ [ 1, 3, -1, 0, -2, -1, -2, -1, 2, 0, 0, 0, 0, 0, 1, -1, 0, 2, 0, 1 ], 
              [ 1, -3, 1, 0, 2, 1, 2, 1, -2, 0, 0, 0, 0, 0, -1, 1, 0, -2, 0, -1 ] ], 
          [ [ 1, 3, 0, 1, -1, -3, -2, -1, 1, -2, 1, 0, -2, -2, 1, 1, 2, 2, 0, 2 ], 
              [ 1, -3, 0, -1, 1, 3, 2, 1, -1, 2, -1, 0, 2, 2, -1, -1, -2, -2, 0, -2 ] ], 
          [ [ 1, 0, 0, 1, -1, 0, -1, 1, 0, 0, 0, 0, 0, -1, 1, -1, 1, 1, -1, 1 ], 
              [ 1, 0, 0, -1, 1, 0, 1, -1, 0, 0, 0, 0, 0, 1, -1, 1, -1, -1, 1, -1 ] ], 
          [ [ 1, 3, -1, 0, -2, -1, -2, -1, 2, 0, 0, 0, 0, 0, 0, 0, 0, 2, 0, 2 ], 
              [ 1, -3, 1, 0, 2, 1, 2, 1, -2, 0, 0, 0, 0, 0, 0, 0, 0, -2, 0, -2 ] ], 
          [ [ 1, 0, 0, 1, -1, 0, -1, 1, 0, 0, 0, 0, 0, 0, 1, -1, 0, 0, -1, 1 ], 
              [ 1, 0, 0, -1, 1, 0, 1, -1, 0, 0, 0, 0, 0, 0, -1, 1, 0, 0, 1, -1 ] ], 
          [ [ 1, 0, 0, 1, -1, 0, -1, 1, 0, 0, 0, 0, 0, 0, 1, -1, 1, 0, -1, 1 ], 
              [ 1, 0, 0, -1, 1, 0, 1, -1, 0, 0, 0, 0, 0, 0, -1, 1, -1, 0, 1, -1 ] ], 
          [ [ 1, 0, 1, 2, 0, -2, 0, 0, -1, -2, 1, 0, -2, -2, 1, 1, 2, 0, -1, 2 ], 
              [ 1, 0, -1, -2, 0, 2, 0, 0, 1, 2, -1, 0, 2, 2, -1, -1, -2, 0, 1, -2 ] ], 
          [ [ 1, 1, 0, 0, 0, -1, -1, 1, -1, -1, -1, 0, 0, 0, 2, 0, 0, 1, 0, 1 ], 
              [ 1, -1, 0, 0, 0, 1, 1, -1, 1, 1, 1, 0, 0, 0, -2, 0, 0, -1, 0, -1 ] ], 
          [ [ 1, 6, -1, -1, -1, -3, -1, 1, -2, -3, -2, 0, 0, -1, 2, 0, 0, 2, 1, 2 ], 
              [ 1, -6, 1, 1, 1, 3, 1, -1, 2, 3, 2, 0, 0, 1, -2, 0, 0, -2, -1, -2 ] ], 
          [ [ 1, 3, -1, 0, 0, -2, -2, 0, 0, -1, 0, 0, -1, -1, 2, 0, 0, 2, 0, 1 ], 
              [ 1, -3, 1, 0, 0, 2, 2, 0, 0, 1, 0, 0, 1, 1, -2, 0, 0, -2, 0, -1 ] ], 
          [ [ 1, 9, -2, -2, -2, -4, -2, -1, 0, -3, -1, -1, 0, -2, 2, 1, 0, 5, 2, 2 ], 
              [ 1, -9, 2, 2, 2, 4, 2, 1, 0, 3, 1, 1, 0, 2, -2, -1, 0, -5, -2, -2 ] ], 
          [ [ 1, 5, -1, -1, -1, -2, -1, 1, -1, -2, -1, 0, 0, -2, 2, 0, 0, 2, 0, 1 ], 
              [ 1, -5, 1, 1, 1, 2, 1, -1, 1, 2, 1, 0, 0, 2, -2, 0, 0, -2, 0, -1 ] ], 
          [ [ 1, 9, -2, -2, -2, -4, -2, -1, 0, -3, -1, -1, 0, -1, 2, 1, -1, 4, 2, 2 ], 
              [ 1, -9, 2, 2, 2, 4, 2, 1, 0, 3, 1, 1, 0, 1, -2, -1, 1, -4, -2, -2 ] ], 
          [ [ 1, 9, -2, -2, -2, -4, -2, -1, 0, -3, -1, -1, 0, -1, 2, 1, 0, 4, 2, 2 ], 
              [ 1, -9, 2, 2, 2, 4, 2, 1, 0, 3, 1, 1, 0, 1, -2, -1, 0, -4, -2, -2 ] ], 
          [ [ 1, 6, -2, -2, -2, -1, -2, 2, -1, -1, -2, -1, 2, 0, 2, -1, -1, 3, 1, 1 ], 
              [ 1, -6, 2, 2, 2, 1, 2, -2, 1, 1, 2, 1, -2, 0, -2, 1, 1, -3, -1, -1 ] ], 
          [ [ 1, 6, -2, -2, -2, -1, -1, 1, -1, -1, -2, -1, 2, 0, 2, -1, -1, 3, 1, 1 ], 
              [ 1, -6, 2, 2, 2, 1, 1, -1, 1, 1, 2, 1, -2, 0, -2, 1, 1, -3, -1, -1 ] ], 
          [ [ 1, 6, -1, -1, -1, -3, -1, 1, -2, -3, -1, -1, 0, -2, 2, 1, 0, 3, 1, 2 ], 
              [ 1, -6, 1, 1, 1, 3, 1, -1, 2, 3, 1, 1, 0, 2, -2, -1, 0, -3, -1, -2 ] ], 
          [ [ 1, 6, -1, -1, -1, -3, -1, 1, -2, -3, -1, -1, 0, -2, 2, 1, 1, 3, 1, 2 ], 
              [ 1, -6, 1, 1, 1, 3, 1, -1, 2, 3, 1, 1, 0, 2, -2, -1, -1, -3, -1, -2 ] ], 
          [ [ 1, 6, -1, -1, -1, -3, -1, 1, -2, -3, -1, -1, 0, -1, 2, 1, 0, 2, 1, 2 ], 
              [ 1, -6, 1, 1, 1, 3, 1, -1, 2, 3, 1, 1, 0, 1, -2, -1, 0, -2, -1, -2 ] ], 
          [ [ 1, 12, -4, -4, -4, -3, -4, -2, 3, -1, -1, -2, 2, 0, 1, 1, -2, 7, 3, 2 ], 
              [ 1, -12, 4, 4, 4, 3, 4, 2, -3, 1, 1, 2, -2, 0, -1, -1, 2, -7, -3, -2 ] ], 
          [ [ 1, 9, -2, -2, -2, -4, -2, -1, 0, -3, 0, -2, 0, -2, 2, 2, 0, 5, 2, 2 ], 
              [ 1, -9, 2, 2, 2, 4, 2, 1, 0, 3, 0, 2, 0, 2, -2, -2, 0, -5, -2, -2 ] ], 
          [ [ 1, 9, -3, -3, -3, -2, -2, -1, 1, -1, -1, -2, 2, 0, 1, 1, -2, 5, 2, 2 ], 
              [ 1, -9, 3, 3, 3, 2, 2, 1, -1, 1, 1, 2, -2, 0, -1, -1, 2, -5, -2, -2 ] ], 
          [ [ 1, 1, 0, 1, 0, -2, -1, 0, 0, -2, 0, 0, -1, -1, 2, 0, 1, 1, 0, 1 ], 
              [ 1, -1, 0, -1, 0, 2, 1, 0, 0, 2, 0, 0, 1, 1, -2, 0, -1, -1, 0, -1 ] ], 
          [ [ 1, 1, -1, 0, -1, 0, -1, 0, 1, 0, -1, 0, 1, 1, 1, -1, -1, 1, 0, 1 ], 
              [ 1, -1, 1, 0, 1, 0, 1, 0, -1, 0, 1, 0, -1, -1, -1, 1, 1, -1, 0, -1 ] ], 
          [ [ 1, 0, 0, 2, 1, -2, -1, 1, -1, -2, 0, 1, -2, -1, 2, -1, 1, -1, -1, 1 ], 
              [ 1, 0, 0, -2, -1, 2, 1, -1, 1, 2, 0, -1, 2, 1, -2, 1, -1, 1, 1, -1 ] ], 
          [ [ 1, 1, 0, 1, 0, -2, -1, 0, 0, -2, 0, 0, -1, -1, 1, 1, 1, 1, 0, 2 ], 
              [ 1, -1, 0, -1, 0, 2, 1, 0, 0, 2, 0, 0, 1, 1, -1, -1, -1, -1, 0, -2 ] ], 
          [ [ 1, 0, 0, 2, 1, -2, 0, 0, -1, -2, 0, 1, -2, -1, 2, -1, 1, -1, -1, 1 ], 
              [ 1, 0, 0, -2, -1, 2, 0, 0, 1, 2, 0, -1, 2, 1, -2, 1, -1, 1, 1, -1 ] ], 
          [ [ 1, 3, -2, 0, -1, -1, -2, -1, 2, 0, 0, 0, 0, 0, 1, -1, -1, 2, 0, 1 ], 
              [ 1, -3, 2, 0, 1, 1, 2, 1, -2, 0, 0, 0, 0, 0, -1, 1, 1, -2, 0, -1 ] ], 
          [ [ 1, 3, -2, 0, -1, -1, -2, -1, 2, 0, 0, 0, 0, 0, 1, -1, 0, 2, 0, 1 ], 
              [ 1, -3, 2, 0, 1, 1, 2, 1, -2, 0, 0, 0, 0, 0, -1, 1, 0, -2, 0, -1 ] ], 
          [ [ 1, 0, -1, 1, 0, 0, -1, 1, 0, 0, 0, 0, 0, 0, 2, -2, 0, 0, -1, 0 ], 
              [ 1, 0, 1, -1, 0, 0, 1, -1, 0, 0, 0, 0, 0, 0, -2, 2, 0, 0, 1, 0 ] ], 
          [ [ 1, 3, -2, 0, -1, -1, -2, -1, 2, 0, 0, 0, 0, 1, 1, -1, -1, 1, 0, 1 ], 
              [ 1, -3, 2, 0, 1, 1, 2, 1, -2, 0, 0, 0, 0, -1, -1, 1, 1, -1, 0, -1 ] ], 
          [ [ 1, 1, -1, 0, -1, 0, -1, 0, 1, 0, 0, -1, 1, 0, 1, 0, 0, 2, 0, 1 ], 
              [ 1, -1, 1, 0, 1, 0, 1, 0, -1, 0, 0, 1, -1, 0, -1, 0, 0, -2, 0, -1 ] ], 
          [ [ 1, 0, -1, 1, 0, 0, -1, 1, 0, 0, 0, 0, 0, 0, 1, -1, 0, 0, -1, 1 ], 
              [ 1, 0, 1, -1, 0, 0, 1, -1, 0, 0, 0, 0, 0, 0, -1, 1, 0, 0, 1, -1 ] ], 
          [ [ 1, 6, -2, -1, -2, -2, -1, 0, 0, -2, -1, -1, 1, -1, 1, 0, 0, 3, 1, 2 ], 
              [ 1, -6, 2, 1, 2, 2, 1, 0, 0, 2, 1, 1, -1, 1, -1, 0, 0, -3, -1, -2 ] ], 
          [ [ 1, 9, -3, -2, -1, -4, -2, -1, 0, -3, -1, -1, 0, -1, 2, 1, -1, 4, 2, 2 ], 
              [ 1, -9, 3, 2, 1, 4, 2, 1, 0, 3, 1, 1, 0, 1, -2, -1, 1, -4, -2, -2 ] ], 
          [ [ 1, 3, 0, 0, 0, -2, -1, -1, 1, -2, -1, -1, 0, -1, 1, 1, 0, 2, 0, 1 ], 
              [ 1, -3, 0, 0, 0, 2, 1, 1, -1, 2, 1, 1, 0, 1, -1, -1, 0, -2, 0, -1 ] ], 
          [ [ 1, -3, 2, 3, 1, -1, 0, 1, -1, -1, 0, 1, -2, -1, 1, -1, 2, -2, -2, 1 ], 
              [ 1, 3, -2, -3, -1, 1, 0, -1, 1, 1, 0, -1, 2, 1, -1, 1, -2, 2, 2, -1 ] ], 
          [ [ 1, 6, -1, -1, -1, -3, -2, 0, 0, -2, -1, -1, 0, -1, 2, 0, 0, 3, 1, 1 ], 
              [ 1, -6, 1, 1, 1, 3, 2, 0, 0, 2, 1, 1, 0, 1, -2, 0, 0, -3, -1, -1 ] ], 
          [ [ 1, 7, -1, -2, -2, -3, -2, -1, 1, -2, -1, -2, 1, -1, 1, 2, 0, 5, 2, 2 ], 
              [ 1, -7, 1, 2, 2, 3, 2, 1, -1, 2, 1, 2, -1, 1, -1, -2, 0, -5, -2, -2 ] ], 
          [ [ 1, 6, -2, -2, -2, -1, -2, 0, 1, 0, -2, -1, 2, 1, 1, -1, -2, 3, 1, 1 ], 
              [ 1, -6, 2, 2, 2, 1, 2, 0, -1, 0, 2, 1, -2, -1, -1, 1, 2, -3, -1, -1 ] ], 
          [ [ 1, 6, -1, -1, -1, -3, -2, 0, 0, -2, -1, -1, 0, -1, 1, 1, 0, 3, 1, 2 ], 
              [ 1, -6, 1, 1, 1, 3, 2, 0, 0, 2, 1, 1, 0, 1, -1, -1, 0, -3, -1, -2 ] ], 
          [ [ 1, 6, -1, -1, -1, -3, -1, -1, 0, -2, -1, -1, 0, -1, 1, 1, 0, 3, 1, 2 ], 
              [ 1, -6, 1, 1, 1, 3, 1, 1, 0, 2, 1, 1, 0, 1, -1, -1, 0, -3, -1, -2 ] ], 
          [ [ 1, 3, 0, 0, 0, -2, 0, 1, -2, -2, -1, -1, 0, -1, 2, 0, 0, 1, 0, 1 ], 
              [ 1, -3, 0, 0, 0, 2, 0, -1, 2, 2, 1, 1, 0, 1, -2, 0, 0, -1, 0, -1 ] ], 
          [ [ 1, 6, -2, -2, -2, -1, -2, 0, 1, 0, -1, -2, 2, 0, 1, 0, -1, 4, 1, 1 ], 
              [ 1, -6, 2, 2, 2, 1, 2, 0, -1, 0, 1, 2, -2, 0, -1, 0, 1, -4, -1, -1 ] ], 
          [ [ 1, -2, 0, 1, 0, 1, -1, 1, 1, 1, -1, 0, 1, 1, 1, -2, 0, 0, -1, 0 ], 
              [ 1, 2, 0, -1, 0, -1, 1, -1, -1, -1, 1, 0, -1, -1, -1, 2, 0, 0, 1, 0 ] ], 
          [ [ 1, -2, 1, 2, 1, -1, 0, 0, 0, -1, 0, 0, -1, -1, 1, 0, 1, 0, -1, 1 ], 
              [ 1, 2, -1, -2, -1, 1, 0, 0, 0, 1, 0, 0, 1, 1, -1, 0, -1, 0, 1, -1 ] ], 
          [ [ 1, -2, 1, 2, 1, -1, 0, 0, 0, -1, 0, 0, -1, 0, 1, 0, 1, -1, -1, 1 ], 
              [ 1, 2, -1, -2, -1, 1, 0, 0, 0, 1, 0, 0, 1, 0, -1, 0, -1, 1, 1, -1 ] ], 
          [ [ 1, 1, -1, 0, -1, 0, -2, -1, 3, 1, 0, -1, 1, 1, 0, 0, -1, 2, 0, 1 ], 
              [ 1, -1, 1, 0, 1, 0, 2, 1, -3, -1, 0, 1, -1, -1, 0, 0, 1, -2, 0, -1 ] ], 
          [ [ 1, 0, 0, 2, 1, -2, -1, -1, 1, -1, 1, 0, -2, -1, 1, 0, 1, 0, -1, 1 ], 
              [ 1, 0, 0, -2, -1, 2, 1, 1, -1, 1, -1, 0, 2, 1, -1, 0, -1, 0, 1, -1 ] ], 
          [ [ 1, 2, 0, 1, 0, -2, 0, 0, 0, -2, 0, 0, -1, -2, 1, 0, 1, 0, -1, 1 ], 
              [ 1, -2, 0, -1, 0, 2, 0, 0, 0, 2, 0, 0, 1, 2, -1, 0, -1, 0, 1, -1 ] ], 
          [ [ 1, 3, -1, 0, -1, -1, -1, 1, 0, -1, -1, -1, 1, 0, 1, -1, 0, 1, 0, 1 ], 
              [ 1, -3, 1, 0, 1, 1, 1, -1, 0, 1, 1, 1, -1, 0, -1, 1, 0, -1, 0, -1 ] ], 
          [ [ 1, 4, -1, -1, 0, -2, -1, 1, -1, -2, -2, -1, 1, 0, 2, 0, -1, 2, 1, 1 ], 
              [ 1, -4, 1, 1, 0, 2, 1, -1, 1, 2, 2, 1, -1, 0, -2, 0, 1, -2, -1, -1 ] ], 
          [ [ 1, 4, -1, 0, -1, -3, -2, -1, 1, -1, 0, 0, -1, 0, 1, 0, 0, 2, 1, 2 ], 
              [ 1, -4, 1, 0, 1, 3, 2, 1, -1, 1, 0, 0, 1, 0, -1, 0, 0, -2, -1, -2 ] ], 
          [ [ 1, 0, 0, 1, 0, -1, -1, 1, 0, 0, 0, 1, -1, 0, 1, -1, 0, -1, -1, 1 ], 
              [ 1, 0, 0, -1, 0, 1, 1, -1, 0, 0, 0, -1, 1, 0, -1, 1, 0, 1, 1, -1 ] ], 
          [ [ 1, 3, -1, 0, -1, -2, -2, -1, 2, 0, 1, 0, -1, -1, 1, 0, 0, 2, 0, 1 ], 
              [ 1, -3, 1, 0, 1, 2, 2, 1, -2, 0, -1, 0, 1, 1, -1, 0, 0, -2, 0, -1 ] ], 
          [ [ 1, 3, -1, 0, 0, -1, -1, 1, -2, -2, -1, 0, 0, -1, 2, 0, 0, 1, 0, 1 ], 
              [ 1, -3, 1, 0, 0, 1, 1, -1, 2, 2, 1, 0, 0, 1, -2, 0, 0, -1, 0, -1 ] ], 
          [ [ 1, 0, 1, 1, 0, 0, 0, 1, -2, -1, -1, 0, 0, -1, 1, 0, 1, 0, -1, 1 ], 
              [ 1, 0, -1, -1, 0, 0, 0, -1, 2, 1, 1, 0, 0, 1, -1, 0, -1, 0, 1, -1 ] ], 
          [ [ 1, 3, 0, 0, -1, -1, -1, -1, 0, -1, 0, -1, 0, -1, 1, 1, 0, 2, 0, 1 ], 
              [ 1, -3, 0, 0, 1, 1, 1, 1, 0, 1, 0, 1, 0, 1, -1, -1, 0, -2, 0, -1 ] ], 
          [ [ 1, -6, 2, 4, 2, 1, 0, 1, -1, 0, 1, 1, -2, -1, 1, -1, 2, -3, -3, 0 ], 
              [ 1, 6, -2, -4, -2, -1, 0, -1, 1, 0, -1, -1, 2, 1, -1, 1, -2, 3, 3, 0 ] ], 
          [ [ 1, 0, 1, 2, 0, -1, 0, 0, -1, -2, 0, 0, -1, -2, 1, 0, 2, 0, -1, 1 ], 
              [ 1, 0, -1, -2, 0, 1, 0, 0, 1, 2, 0, 0, 1, 2, -1, 0, -2, 0, 1, -1 ] ], 
          [ [ 1, 3, -1, 0, -2, 0, -2, -1, 2, 0, 0, -1, 1, 0, 0, 0, 0, 2, 0, 1 ], 
              [ 1, -3, 1, 0, 2, 0, 2, 1, -2, 0, 0, 1, -1, 0, 0, 0, 0, -2, 0, -1 ] ], 
          [ [ 1, 9, -2, -3, -2, -2, -2, 0, -1, -2, -2, -2, 2, -1, 2, 1, -1, 5, 2, 1 ], 
              [ 1, -9, 2, 3, 2, 2, 2, 0, 1, 2, 2, 2, -2, 1, -2, -1, 1, -5, -2, -1 ] ], 
          [ [ 1, 4, -1, -1, -1, -1, -2, -1, 1, -1, -1, -1, 1, 0, 1, 1, -1, 3, 1, 1 ], 
              [ 1, -4, 1, 1, 1, 1, 2, 1, -1, 1, 1, 1, -1, 0, -1, -1, 1, -3, -1, -1 ] ], 
          [ [ 1, 3, 0, 1, 1, -3, -1, -1, -1, -3, 0, 0, -2, -2, 2, 1, 1, 1, 0, 1 ], 
              [ 1, -3, 0, -1, -1, 3, 1, 1, 1, 3, 0, 0, 2, 2, -2, -1, -1, -1, 0, -1 ] ], 
          [ [ 1, 0, 0, 1, 1, 0, 0, 1, -2, -1, -1, 0, 0, -1, 2, -1, 0, 0, -1, 0 ], 
              [ 1, 0, 0, -1, -1, 0, 0, -1, 2, 1, 1, 0, 0, 1, -2, 1, 0, 0, 1, 0 ] ], 
          [ [ 1, 3, -1, 0, 0, -1, -1, -1, 0, -1, -1, 0, 0, 0, 1, 0, -1, 1, 0, 1 ], 
              [ 1, -3, 1, 0, 0, 1, 1, 1, 0, 1, 1, 0, 0, 0, -1, 0, 1, -1, 0, -1 ] ], 
          [ [ 1, 0, 0, 1, 1, 0, 0, 1, -2, -1, -1, 0, 0, 0, 2, -1, 0, -1, -1, 0 ], 
              [ 1, 0, 0, -1, -1, 0, 0, -1, 2, 1, 1, 0, 0, 0, -2, 1, 0, 1, 1, 0 ] ], 
          [ [ 1, 6, -1, -1, -1, -2, -1, 1, -2, -3, -2, -1, 1, -1, 2, 0, 0, 2, 1, 1 ], 
              [ 1, -6, 1, 1, 1, 2, 1, -1, 2, 3, 2, 1, -1, 1, -2, 0, 0, -2, -1, -1 ] ], 
          [ [ 1, 3, -2, -1, -1, 1, -2, 0, 1, 1, -1, -1, 2, 1, 1, -1, -2, 2, 0, 0 ], 
              [ 1, -3, 2, 1, 1, -1, 2, 0, -1, -1, 1, 1, -2, -1, -1, 1, 2, -2, 0, 0 ] ], 
          [ [ 1, 9, -3, -3, -3, -1, -2, -1, 1, -1, -2, -2, 3, 0, 1, 0, -2, 5, 2, 1 ], 
              [ 1, -9, 3, 3, 3, 1, 2, 1, -1, 1, 2, 2, -3, 0, -1, 0, 2, -5, -2, -1 ] ], 
          [ [ 1, 3, -1, 0, 0, -1, -1, -1, 0, -1, 0, -1, 0, -1, 1, 1, 0, 2, 0, 1 ], 
              [ 1, -3, 1, 0, 0, 1, 1, 1, 0, 1, 0, 1, 0, 1, -1, -1, 0, -2, 0, -1 ] ], 
          [ [ 1, 9, -2, -2, -2, -3, -2, -1, 0, -3, -1, -2, 1, -2, 1, 2, 0, 5, 2, 2 ], 
              [ 1, -9, 2, 2, 2, 3, 2, 1, 0, 3, 1, 2, -1, 2, -1, -2, 0, -5, -2, -2 ] ], 
          [ [ 1, 6, -2, -2, -2, 0, -1, 1, -1, -1, -2, -2, 3, 0, 1, 0, -1, 3, 1, 1 ], 
              [ 1, -6, 2, 2, 2, 0, 1, -1, 1, 1, 2, 2, -3, 0, -1, 0, 1, -3, -1, -1 ] ], 
          [ [ 1, -5, 1, 3, 2, 1, 0, 0, 0, 0, 0, 1, -1, 0, 1, -1, 1, -2, -2, 0 ], 
              [ 1, 5, -1, -3, -2, -1, 0, 0, 0, 0, 0, -1, 1, 0, -1, 1, -1, 2, 2, 0 ] ], 
          [ [ 1, 0, -1, 1, 0, 1, -1, 1, 0, 0, -1, 0, 1, 0, 1, -2, 0, 0, -1, 0 ], 
              [ 1, 0, 1, -1, 0, -1, 1, -1, 0, 0, 1, 0, -1, 0, -1, 2, 0, 0, 1, 0 ] ], 
          [ [ 1, 0, 0, 2, 1, -1, 0, 0, -1, -2, 0, 0, -1, -1, 1, 0, 1, -1, -1, 1 ], 
              [ 1, 0, 0, -2, -1, 1, 0, 0, 1, 2, 0, 0, 1, 1, -1, 0, -1, 1, 1, -1 ] ], 
          [ [ 1, 6, -1, -1, -2, -2, -2, 0, -1, -1, 0, -1, 0, -1, 1, 1, 0, 3, 1, 2 ], 
              [ 1, -6, 1, 1, 2, 2, 2, 0, 1, 1, 0, 1, 0, 1, -1, -1, 0, -3, -1, -2 ] ], 
          [ [ 1, -2, 1, 2, 0, 0, -1, 1, -1, 0, 0, 1, -1, 0, 1, -1, 1, -1, -1, 1 ], 
              [ 1, 2, -1, -2, 0, 0, 1, -1, 1, 0, 0, -1, 1, 0, -1, 1, -1, 1, 1, -1 ] ], 
          [ [ 1, 6, -2, -1, -1, -2, -2, 0, -1, -1, -1, 0, 0, 0, 2, -1, -1, 2, 1, 1 ], 
              [ 1, -6, 2, 1, 1, 2, 2, 0, 1, 1, 1, 0, 0, 0, -2, 1, 1, -2, -1, -1 ] ], 
          [ [ 1, 7, -2, -2, -2, -2, -2, -1, 0, -1, -1, -1, 1, 0, 1, 1, -1, 4, 2, 2 ], 
              [ 1, -7, 2, 2, 2, 2, 2, 1, 0, 1, 1, 1, -1, 0, -1, -1, 1, -4, -2, -2 ] ], 
          [ [ 1, 4, -1, -1, -1, -1, -1, 1, -2, -1, -1, -1, 1, 0, 2, 0, -1, 2, 1, 1 ], 
              [ 1, -4, 1, 1, 1, 1, 1, -1, 2, 1, 1, 1, -1, 0, -2, 0, 1, -2, -1, -1 ] ], 
          [ [ 1, 1, -1, 1, 0, -1, -2, -1, 1, 0, 1, 0, -1, 0, 1, 0, 0, 1, 0, 1 ], 
              [ 1, -1, 1, -1, 0, 1, 2, 1, -1, 0, -1, 0, 1, 0, -1, 0, 0, -1, 0, -1 ] ], 
          [ [ 1, 3, -1, 0, -1, -1, -1, 0, 0, -1, 0, 0, 0, -1, 1, 0, 0, 1, 0, 1 ], 
              [ 1, -3, 1, 0, 1, 1, 1, 0, 0, 1, 0, 0, 0, 1, -1, 0, 0, -1, 0, -1 ] ], 
          [ [ 1, 0, 0, 1, 1, 0, -1, 0, 0, 0, -1, 0, 0, 0, 1, -1, 0, 0, -1, 0 ], 
              [ 1, 0, 0, -1, -1, 0, 1, 0, 0, 0, 1, 0, 0, 0, -1, 1, 0, 0, 1, 0 ] ], 
          [ [ 1, -2, 1, 1, 1, 1, 0, 1, -1, 0, -1, -1, 1, 0, 1, 0, 0, 0, -1, 0 ], 
              [ 1, 2, -1, -1, -1, -1, 0, -1, 1, 0, 1, 1, -1, 0, -1, 0, 0, 0, 1, 0 ] ], 
          [ [ 1, 3, 0, 0, 0, -1, 0, 1, -2, -2, -2, -1, 1, -1, 1, 0, 0, 1, 0, 1 ], 
              [ 1, -3, 0, 0, 0, 1, 0, -1, 2, 2, 2, 1, -1, 1, -1, 0, 0, -1, 0, -1 ] ], 
          [ [ 1, 6, -1, -1, -1, -2, -1, -1, 0, -2, -1, -2, 1, -1, 1, 1, 0, 3, 1, 1 ], 
              [ 1, -6, 1, 1, 1, 2, 1, 1, 0, 2, 1, 2, -1, 1, -1, -1, 0, -3, -1, -1 ] ], 
          [ [ 1, -2, 1, 2, 0, 0, -1, -1, 1, 1, 1, 0, -1, 0, 0, 0, 1, 0, -1, 1 ], 
              [ 1, 2, -1, -2, 0, 0, 1, 1, -1, -1, -1, 0, 1, 0, 0, 0, -1, 0, 1, -1 ] ], 
          [ [ 1, 1, 1, 1, 1, -2, 0, 1, -3, -2, -1, 0, -1, -1, 2, 0, 1, 0, 0, 1 ], 
              [ 1, -1, -1, -1, -1, 2, 0, -1, 3, 2, 1, 0, 1, 1, -2, 0, -1, 0, 0, -1 ] ], 
          [ [ 1, 4, -1, -1, -1, -1, -2, 0, 0, 0, -1, -1, 1, 0, 1, 0, -1, 3, 1, 1 ], 
              [ 1, -4, 1, 1, 1, 1, 2, 0, 0, 0, 1, 1, -1, 0, -1, 0, 1, -3, -1, -1 ] ], 
          [ [ 1, 3, 0, 0, 0, -2, -1, -1, 0, -1, 0, 0, -1, -1, 1, 1, 0, 1, 0, 1 ], 
              [ 1, -3, 0, 0, 0, 2, 1, 1, 0, 1, 0, 0, 1, 1, -1, -1, 0, -1, 0, -1 ] ], 
          [ [ 1, 4, -1, -1, -1, -1, -2, 0, 0, 0, -1, -1, 1, 1, 1, 0, -1, 2, 1, 1 ], 
              [ 1, -4, 1, 1, 1, 1, 2, 0, 0, 0, 1, 1, -1, -1, -1, 0, 1, -2, -1, -1 ] ], 
          [ [ 1, 4, 0, 0, 0, -3, -1, -1, -1, -2, 0, -1, -1, -1, 1, 2, 0, 2, 1, 2 ], 
              [ 1, -4, 0, 0, 0, 3, 1, 1, 1, 2, 0, 1, 1, 1, -1, -2, 0, -2, -1, -2 ] ], 
          [ [ 1, 8, -2, -2, -2, -2, -2, 0, 0, -1, -1, -1, 1, -1, 1, 0, -1, 3, 1, 1 ], 
              [ 1, -8, 2, 2, 2, 2, 2, 0, 0, 1, 1, 1, -1, 1, -1, 0, 1, -3, -1, -1 ] ], 
          [ [ 1, -5, 1, 3, 2, 1, 0, 1, -1, 1, 0, 1, -1, 1, 1, -2, 0, -3, -2, 0 ], 
              [ 1, 5, -1, -3, -2, -1, 0, -1, 1, -1, 0, -1, 1, -1, -1, 2, 0, 3, 2, 0 ] ], 
          [ [ 1, 0, 0, 0, 1, 0, 0, -1, 1, -1, -1, 0, 0, -1, 1, 1, 0, 1, -1, -1 ], 
              [ 1, 0, 0, 0, -1, 0, 0, 1, -1, 1, 1, 0, 0, 1, -1, -1, 0, -1, 1, 1 ] ], 
          [ [ 1, -6, 2, 3, 2, 1, 1, 1, -1, 0, 0, 2, -2, -1, 1, -1, 2, -3, -3, -1 ], 
              [ 1, 6, -2, -3, -2, -1, -1, -1, 1, 0, 0, -2, 2, 1, -1, 1, -2, 3, 3, 1 ] ], 
          [ [ 1, 3, -1, -1, 0, -1, -1, 0, 0, -1, -1, 0, 0, -1, 2, 0, 0, 2, 0, -1 ], 
              [ 1, -3, 1, 1, 0, 1, 1, 0, 0, 1, 1, 0, 0, 1, -2, 0, 0, -2, 0, 1 ] ], 
          [ [ 1, 4, -1, -2, -1, -1, -1, -1, 1, -1, -1, -1, 1, -1, 1, 2, 0, 4, 1, 0 ], 
              [ 1, -4, 1, 2, 1, 1, 1, 1, -1, 1, 1, 1, -1, 1, -1, -2, 0, -4, -1, 0 ] ], 
          [ [ 1, 3, -2, -2, -1, 1, -1, 0, 1, 1, -2, 0, 2, 1, 1, -1, -2, 2, 0, -1 ], 
              [ 1, -3, 2, 2, 1, -1, 1, 0, -1, -1, 2, 0, -2, -1, -1, 1, 2, -2, 0, 1 ] ], 
          [ [ 1, 3, -1, -1, 0, -1, -1, 0, 0, -1, -1, 0, 0, -1, 1, 1, 0, 2, 0, 0 ], 
              [ 1, -3, 1, 1, 0, 1, 1, 0, 0, 1, 1, 0, 0, 1, -1, -1, 0, -2, 0, 0 ] ], 
          [ [ 1, 3, -1, -1, 0, -1, 0, -1, 0, -1, -1, 0, 0, -1, 1, 1, 0, 2, 0, 0 ], 
              [ 1, -3, 1, 1, 0, 1, 0, 1, 0, 1, 1, 0, 0, 1, -1, -1, 0, -2, 0, 0 ] ], 
          [ [ 1, 0, 0, 0, 1, 0, 1, 1, -2, -1, -1, 0, 0, -1, 2, 0, 0, 0, -1, -1 ], 
              [ 1, 0, 0, 0, -1, 0, -1, -1, 2, 1, 1, 0, 0, 1, -2, 0, 0, 0, 1, 1 ] ], 
          [ [ 1, 3, -2, -2, -1, 1, -1, 0, 1, 1, -1, -1, 2, 0, 1, 0, -1, 3, 0, -1 ], 
              [ 1, -3, 2, 2, 1, -1, 1, 0, -1, -1, 1, 1, -2, 0, -1, 0, 1, -3, 0, 1 ] ], 
          [ [ 1, -5, 0, 1, 1, 3, 0, 1, 1, 2, -1, 1, 1, 1, 1, -2, 0, -1, -2, -2 ], 
              [ 1, 5, 0, -1, -1, -3, 0, -1, -1, -2, 1, -1, -1, -1, -1, 2, 0, 1, 2, 2 ] ], 
          [ [ 1, -5, 1, 2, 2, 1, 1, 0, 0, 0, 0, 1, -1, -1, 1, 0, 1, -1, -2, -1 ], 
              [ 1, 5, -1, -2, -2, -1, -1, 0, 0, 0, 0, -1, 1, 1, -1, 0, -1, 1, 2, 1 ] ], 
          [ [ 1, -5, 1, 2, 2, 1, 1, 0, 0, 0, 0, 1, -1, 0, 1, 0, 1, -2, -2, -1 ], 
              [ 1, 5, -1, -2, -2, -1, -1, 0, 0, 0, 0, -1, 1, 0, -1, 0, -1, 2, 2, 1 ] ], 
          [ [ 1, -2, -1, 0, 0, 2, -1, -1, 3, 2, 0, 0, 1, 1, 0, 0, -1, 1, -1, -1 ], 
              [ 1, 2, 1, 0, 0, -2, 1, 1, -3, -2, 0, 0, -1, -1, 0, 0, 1, -1, 1, 1 ] ], 
          [ [ 1, -3, 0, 2, 2, 0, 0, -1, 1, 0, 1, 1, -2, -1, 1, 0, 1, -1, -2, -1 ], 
              [ 1, 3, 0, -2, -2, 0, 0, 1, -1, 0, -1, -1, 2, 1, -1, 0, -1, 1, 2, 1 ] ], 
          [ [ 1, -1, 0, 1, 1, 0, 1, 0, 0, -1, 0, 1, -1, -2, 1, 0, 1, -1, -2, -1 ], 
              [ 1, 1, 0, -1, -1, 0, -1, 0, 0, 1, 0, -1, 1, 2, -1, 0, -1, 1, 2, 1 ] ], 
          [ [ 1, 0, -1, 0, 0, 1, 0, 1, 0, 0, -1, 0, 1, 0, 1, -1, 0, 0, -1, -1 ], 
              [ 1, 0, 1, 0, 0, -1, 0, -1, 0, 0, 1, 0, -1, 0, -1, 1, 0, 0, 1, 1 ] ], 
          [ [ 1, 1, -1, -1, 1, 0, 0, 1, -1, -1, -2, 0, 1, 0, 2, 0, -1, 1, 0, -1 ], 
              [ 1, -1, 1, 1, -1, 0, 0, -1, 1, 1, 2, 0, -1, 0, -2, 0, 1, -1, 0, 1 ] ], 
          [ [ 1, 1, -1, 0, 0, -1, -1, -1, 1, 0, 0, 1, -1, 0, 1, 0, 0, 1, 0, 0 ], 
              [ 1, -1, 1, 0, 0, 1, 1, 1, -1, 0, 0, -1, 1, 0, -1, 0, 0, -1, 0, 0 ] ], 
          [ [ 1, -3, 0, 1, 1, 1, 0, 1, 0, 1, 0, 2, -1, 0, 1, -1, 0, -2, -2, -1 ], 
              [ 1, 3, 0, -1, -1, -1, 0, -1, 0, -1, 0, -2, 1, 0, -1, 1, 0, 2, 2, 1 ] ], 
          [ [ 1, 0, -1, 0, 0, 0, -1, -1, 2, 1, 1, 1, -1, -1, 1, 0, 0, 1, -1, -1 ], 
              [ 1, 0, 1, 0, 0, 0, 1, 1, -2, -1, -1, -1, 1, 1, -1, 0, 0, -1, 1, 1 ] ], 
          [ [ 1, -2, 1, 0, 1, 1, 1, 1, -1, 0, -2, 0, 1, 0, 1, 0, 0, 0, -1, -1 ], 
              [ 1, 2, -1, 0, -1, -1, -1, -1, 1, 0, 2, 0, -1, 0, -1, 0, 0, 0, 1, 1 ] ], 
          [ [ 1, 0, 0, 0, 1, 0, 0, 0, 0, 0, -1, 0, 0, -1, 1, 0, 0, 1, -1, -1 ], 
              [ 1, 0, 0, 0, -1, 0, 0, 0, 0, 0, 1, 0, 0, 1, -1, 0, 0, -1, 1, 1 ] ], 
          [ [ 1, 0, 0, 0, 1, 0, 0, 0, 0, 0, -1, 0, 0, 0, 1, 0, 0, 0, -1, -1 ], 
              [ 1, 0, 0, 0, -1, 0, 0, 0, 0, 0, 1, 0, 0, 0, -1, 0, 0, 0, 1, 1 ] ], 
          [ [ 1, -5, 1, 2, 2, 1, 0, -1, 2, 1, 0, 1, -1, 0, 0, 0, 1, -1, -2, -1 ], 
              [ 1, 5, -1, -2, -2, -1, 0, 1, -2, -1, 0, -1, 1, 0, 0, 0, -1, 1, 2, 1 ] ], 
          [ [ 1, -8, 2, 3, 3, 2, 1, 1, 0, 1, 0, 1, -1, 0, 1, -1, 1, -3, -3, -2 ], 
              [ 1, 8, -2, -3, -3, -2, -1, -1, 0, -1, 0, -1, 1, 0, -1, 1, -1, 3, 3, 2 ] ], 
          [ [ 1, 1, -1, -1, 1, 0, 0, -1, 1, 0, -1, -1, 1, 0, 1, 1, -1, 2, 0, -1 ], 
              [ 1, -1, 1, 1, -1, 0, 0, 1, -1, 0, 1, 1, -1, 0, -1, -1, 1, -2, 0, 1 ] ], 
          [ [ 1, 3, -1, -2, -1, 0, -1, 0, 1, 1, -1, 0, 1, 0, 1, 0, -1, 2, 0, -1 ], 
              [ 1, -3, 1, 2, 1, 0, 1, 0, -1, -1, 1, 0, -1, 0, -1, 0, 1, -2, 0, 1 ] ], 
          [ [ 1, 3, 0, -1, 0, -2, 0, -1, 0, -1, 0, 0, -1, -2, 1, 2, 0, 2, 0, 0 ], 
              [ 1, -3, 0, 1, 0, 2, 0, 1, 0, 1, 0, 0, 1, 2, -1, -2, 0, -2, 0, 0 ] ], 
          [ [ 1, 4, -1, -2, -1, -1, -1, 0, 0, 0, -1, -1, 1, 0, 1, 1, -1, 3, 1, 0 ], 
              [ 1, -4, 1, 2, 1, 1, 1, 0, 0, 0, 1, 1, -1, 0, -1, -1, 1, -3, -1, 0 ] ], 
          [ [ 1, -3, 1, 2, 2, -1, 0, -1, 1, 0, 1, 2, -3, -1, 1, 0, 1, -2, -2, -1 ], 
              [ 1, 3, -1, -2, -2, 1, 0, 1, -1, 0, -1, -2, 3, 1, -1, 0, -1, 2, 2, 1 ] ], 
          [ [ 1, -6, 1, 2, 2, 2, 1, 1, 0, 2, 0, 2, -1, 0, 1, -2, 0, -3, -3, -2 ], 
              [ 1, 6, -1, -2, -2, -2, -1, -1, 0, -2, 0, -2, 1, 0, -1, 2, 0, 3, 3, 2 ] ], 
          [ [ 1, -6, 2, 3, 3, 0, 1, 1, -1, 0, 1, 2, -3, -2, 1, 0, 2, -3, -3, -1 ], 
              [ 1, 6, -2, -3, -3, 0, -1, -1, 1, 0, -1, -2, 3, 2, -1, 0, -2, 3, 3, 1 ] ], 
          [ [ 1, -5, 1, 2, 2, 1, 1, 1, -1, 1, 0, 1, -1, 0, 1, -1, 1, -2, -2, -1 ], 
              [ 1, 5, -1, -2, -2, -1, -1, -1, 1, -1, 0, -1, 1, 0, -1, 1, -1, 2, 2, 1 ] ], 
          [ [ 1, -3, 0, 1, 1, 1, 0, -1, 2, 2, 1, 1, -1, 0, 0, 0, 0, -1, -2, -1 ], 
              [ 1, 3, 0, -1, -1, -1, 0, 1, -2, -2, -1, -1, 1, 0, 0, 0, 0, 1, 2, 1 ] ], 
          [ [ 1, 3, -1, -1, -1, -1, -1, -1, 2, 0, 0, 0, 0, -1, 0, 1, 0, 2, 0, 0 ], 
              [ 1, -3, 1, 1, 1, 1, 1, 1, -2, 0, 0, 0, 0, 1, 0, -1, 0, -2, 0, 0 ] ], 
          [ [ 1, 0, 0, 0, 2, -1, 1, 1, -2, -1, -1, 1, -1, -1, 2, 0, 0, -1, -1, -1 ], 
              [ 1, 0, 0, 0, -2, 1, -1, -1, 2, 1, 1, -1, 1, 1, -2, 0, 0, 1, 1, 1 ] ], 
          [ [ 1, 3, -2, -2, 0, 0, -1, 0, 1, 1, -1, 0, 1, 0, 1, 0, -2, 2, 0, -1 ], 
              [ 1, -3, 2, 2, 0, 0, 1, 0, -1, -1, 1, 0, -1, 0, -1, 0, 2, -2, 0, 1 ] ], 
          [ [ 1, -3, 0, 1, 2, 2, 0, 0, 0, 1, -1, 1, 0, 0, 1, -1, 0, -1, -2, -2 ], 
              [ 1, 3, 0, -1, -2, -2, 0, 0, 0, -1, 1, -1, 0, 0, -1, 1, 0, 1, 2, 2 ] ], 
          [ [ 1, -5, 1, 1, 2, 3, 1, 1, -1, 1, -1, 0, 1, 0, 1, 0, 0, -1, -2, -2 ], 
              [ 1, 5, -1, -1, -2, -3, -1, -1, 1, -1, 1, 0, -1, 0, -1, 0, 0, 1, 2, 2 ] ], 
          [ [ 1, 0, 0, 0, 1, 1, 1, 1, -2, -1, -2, 0, 1, -1, 1, 0, 0, 0, -1, -1 ], 
              [ 1, 0, 0, 0, -1, -1, -1, -1, 2, 1, 2, 0, -1, 1, -1, 0, 0, 0, 1, 1 ] ], 
          [ [ 1, 3, -1, -1, 0, 0, 0, -1, 0, -1, -1, -1, 1, -1, 1, 1, 0, 2, 0, -1 ], 
              [ 1, -3, 1, 1, 0, 0, 0, 1, 0, 1, 1, 1, -1, 1, -1, -1, 0, -2, 0, 1 ] ], 
          [ [ 1, -5, 1, 2, 1, 2, 0, -1, 1, 2, 1, 1, -1, 0, 0, 0, 1, -1, -2, -1 ], 
              [ 1, 5, -1, -2, -1, -2, 0, 1, -1, -2, -1, -1, 1, 0, 0, 0, -1, 1, 2, 1 ] ], 
          [ [ 1, -2, 1, 1, 2, 0, 1, 1, -3, -1, -1, 1, -1, -1, 2, 0, 1, -1, -1, -1 ], 
              [ 1, 2, -1, -1, -2, 0, -1, -1, 3, 1, 1, -1, 1, 1, -2, 0, -1, 1, 1, 1 ] ], 
          [ [ 1, 1, -1, -1, 0, 1, -1, 0, 0, 1, -1, 0, 1, 0, 1, 0, -1, 2, 0, -1 ], 
              [ 1, -1, 1, 1, 0, -1, 1, 0, 0, -1, 1, 0, -1, 0, -1, 0, 1, -2, 0, 1 ] ], 
          [ [ 1, 0, 0, 0, 1, 0, 0, -1, 0, 0, 0, 1, -1, -1, 1, 1, 0, 0, -1, -1 ], 
              [ 1, 0, 0, 0, -1, 0, 0, 1, 0, 0, 0, -1, 1, 1, -1, -1, 0, 0, 1, 1 ] ], 
          [ [ 1, 1, -1, -1, 0, 1, -1, 0, 0, 1, -1, 0, 1, 1, 1, 0, -1, 1, 0, -1 ], 
              [ 1, -1, 1, 1, 0, -1, 1, 0, 0, -1, 1, 0, -1, -1, -1, 0, 1, -1, 0, 1 ] ], 
          [ [ 1, 1, 0, 0, 1, -1, 0, -1, -1, -1, 0, 0, -1, -1, 1, 2, 0, 1, 0, 0 ], 
              [ 1, -1, 0, 0, -1, 1, 0, 1, 1, 1, 0, 0, 1, 1, -1, -2, 0, -1, 0, 0 ] ], 
          [ [ 1, 5, -2, -2, -1, 0, -1, 0, 0, 0, -1, 0, 1, -1, 1, 0, -1, 2, 0, -1 ], 
              [ 1, -5, 2, 2, 1, 0, 1, 0, 0, 0, 1, 0, -1, 1, -1, 0, 1, -2, 0, 1 ] ], 
          [ [ 1, -8, 1, 3, 3, 3, 1, 1, -1, 2, 0, 2, -1, 1, 1, -2, 0, -4, -3, -2 ], 
              [ 1, 8, -1, -3, -3, -3, -1, -1, 1, -2, 0, -2, 1, -1, -1, 2, 0, 4, 3, 2 ] ], 
          [ [ 1, -2, 1, 1, 2, 0, 0, 0, -1, 0, -1, 1, -1, 0, 1, 0, 0, -1, -1, -1 ], 
              [ 1, 2, -1, -1, -2, 0, 0, 0, 1, 0, 1, -1, 1, 0, -1, 0, 0, 1, 1, 1 ] ], 
          [ [ 1, -3, 1, 1, 2, 1, 0, 0, 0, 1, 0, 1, -1, -1, 1, 0, 0, -1, -2, -2 ], 
              [ 1, 3, -1, -1, -2, -1, 0, 0, 0, -1, 0, -1, 1, 1, -1, 0, 0, 1, 2, 2 ] ], 
          [ [ 1, -2, 0, 0, 1, 2, 0, 0, 0, 2, -1, 0, 1, 1, 1, -1, -1, 0, -1, -2 ], 
              [ 1, 2, 0, 0, -1, -2, 0, 0, 0, -2, 1, 0, -1, -1, -1, 1, 1, 0, 1, 2 ] ], 
          [ [ 1, -2, 1, 1, 2, 0, 0, 0, -1, 0, 0, 0, -1, -1, 1, 1, 1, 0, -1, -1 ], 
              [ 1, 2, -1, -1, -2, 0, 0, 0, 1, 0, 0, 0, 1, 1, -1, -1, -1, 0, 1, 1 ] ], 
          [ [ 1, -2, 0, 0, 1, 2, 0, 0, 0, 2, -1, 0, 1, 1, 0, 0, -1, 0, -1, -1 ], 
              [ 1, 2, 0, 0, -1, -2, 0, 0, 0, -2, 1, 0, -1, -1, 0, 0, 1, 0, 1, 1 ] ], 
          [ [ 1, 0, 1, 0, 1, 0, 1, 1, -2, -1, -1, 0, 0, -2, 1, 1, 1, 0, -1, -1 ], 
              [ 1, 0, -1, 0, -1, 0, -1, -1, 2, 1, 1, 0, 0, 2, -1, -1, -1, 0, 1, 1 ] ], 
          [ [ 1, -3, 0, 1, 1, 2, 0, -1, 2, 2, 0, 1, 0, 0, 0, -1, 0, -1, -2, -2 ], 
              [ 1, 3, 0, -1, -1, -2, 0, 1, -2, -2, 0, -1, 0, 0, 0, 1, 0, 1, 2, 2 ] ], 
          [ [ 1, -2, 0, 1, 1, 1, 0, -1, 1, 1, 0, 0, 0, 0, 0, 0, 0, 0, -1, -1 ], 
              [ 1, 2, 0, -1, -1, -1, 0, 1, -1, -1, 0, 0, 0, 0, 0, 0, 0, 0, 1, 1 ] ], 
          [ [ 1, -6, 1, 2, 2, 3, 1, 1, 0, 2, 0, 1, 0, 0, 0, -1, 0, -3, -3, -2 ], 
              [ 1, 6, -1, -2, -2, -3, -1, -1, 0, -2, 0, -1, 0, 0, 0, 1, 0, 3, 3, 2 ] ], 
          [ [ 1, 3, -1, -1, 1, -1, 0, -1, 0, -1, -1, 0, 0, -1, 1, 1, -1, 1, 0, -1 ], 
              [ 1, -3, 1, 1, -1, 1, 0, 1, 0, 1, 1, 0, 0, 1, -1, -1, 1, -1, 0, 1 ] ], 
          [ [ 1, 0, 0, 0, 1, 0, 0, 0, -1, 1, 0, 1, -1, -1, 1, 0, 0, 0, -1, -1 ], 
              [ 1, 0, 0, 0, -1, 0, 0, 0, 1, -1, 0, -1, 1, 1, -1, 0, 0, 0, 1, 1 ] ], 
          [ [ 1, 0, 0, 0, 1, 0, 0, 0, -1, 1, 0, 1, -1, 0, 1, 0, -1, -1, -1, -1 ], 
              [ 1, 0, 0, 0, -1, 0, 0, 0, 1, -1, 0, -1, 1, 0, -1, 0, 1, 1, 1, 1 ] ], 
          [ [ 1, -5, 1, 2, 2, 1, 0, -1, 1, 2, 1, 2, -2, 0, 0, 0, 0, -2, -2, -1 ], 
              [ 1, 5, -1, -2, -2, -1, 0, 1, -1, -2, -1, -2, 2, 0, 0, 0, 0, 2, 2, 1 ] ], 
          [ [ 1, -8, 2, 3, 3, 2, 1, 1, -1, 2, 1, 2, -2, 0, 1, -1, 1, -4, -3, -2 ], 
              [ 1, 8, -2, -3, -3, -2, -1, -1, 1, -2, -1, -2, 2, 0, -1, 1, -1, 4, 3, 2 ] ],
          [ [ 1, -3, 1, 2, 2, 0, 1, 1, -2, 0, 0, 2, -2, -1, 1, -1, 1, -3, -2, -1 ], 
              [ 1, 3, -1, -2, -2, 0, -1, -1, 2, 0, 0, -2, 2, 1, -1, 1, -1, 3, 2, 1 ] ], 
          [ [ 1, 6, -1, -2, -2, -1, -1, 0, 0, -2, -2, -2, 2, -1, 1, 1, 0, 4, 1, 1 ], 
              [ 1, -6, 1, 2, 2, 1, 1, 0, 0, 2, 2, 2, -2, 1, -1, -1, 0, -4, -1, -1 ] ], 
          [ [ 1, 1, -1, -1, 0, 1, -1, 0, 1, 0, -2, -1, 2, 1, 1, 0, -1, 2, 0, 0 ], 
              [ 1, -1, 1, 1, 0, -1, 1, 0, -1, 0, 2, 1, -2, -1, -1, 0, 1, -2, 0, 0 ] ], 
          [ [ 1, 5, -2, -2, -1, 0, -1, 0, 1, -1, -2, -1, 2, -1, 1, 0, -1, 3, 0, 0 ], 
              [ 1, -5, 2, 2, 1, 0, 1, 0, -1, 1, 2, 1, -2, 1, -1, 0, 1, -3, 0, 0 ] ], 
          [ [ 1, 1, -1, 0, 0, 0, -1, -1, 2, -1, -1, -1, 1, 0, 1, 0, 0, 2, 0, 0 ], 
              [ 1, -1, 1, 0, 0, 0, 1, 1, -2, 1, 1, 1, -1, 0, -1, 0, 0, -2, 0, 0 ] ], 
          [ [ 1, -3, 0, 1, 1, 2, 0, 1, 1, 0, -1, 0, 1, 0, 1, -1, 0, -1, -2, -1 ], 
              [ 1, 3, 0, -1, -1, -2, 0, -1, -1, 0, 1, 0, -1, 0, -1, 1, 0, 1, 2, 1 ] ], 
          [ [ 1, 3, 0, -1, -1, -1, -1, 0, 0, -1, -1, 0, 0, -1, 1, 1, 0, 2, 0, 1 ], 
              [ 1, -3, 0, 1, 1, 1, 1, 0, 0, 1, 1, 0, 0, 1, -1, -1, 0, -2, 0, -1 ] ], 
          [ [ 1, -3, 1, 2, 1, 0, -1, 0, 1, 0, 1, 1, -2, -1, 1, 0, 1, -1, -2, 0 ], 
              [ 1, 3, -1, -2, -1, 0, 1, 0, -1, 0, -1, -1, 2, 1, -1, 0, -1, 1, 2, 0 ] ], 
          [ [ 1, -3, 1, 2, 1, 0, 0, -1, 1, 0, 1, 1, -2, -1, 1, 0, 1, -1, -2, 0 ], 
              [ 1, 3, -1, -2, -1, 0, 0, 1, -1, 0, -1, -1, 2, 1, -1, 0, -1, 1, 2, 0 ] ], 
          [ [ 1, -2, 0, 1, 0, 1, -1, 0, 1, 1, 0, 0, 0, 1, 1, -1, 0, 0, -1, 0 ], 
              [ 1, 2, 0, -1, 0, -1, 1, 0, -1, -1, 0, 0, 0, -1, -1, 1, 0, 0, 1, 0 ] ], 
          [ [ 1, 3, 0, 0, -1, -2, -1, -1, 1, -2, 0, 0, -1, -2, 1, 1, 1, 2, 0, 1 ], 
              [ 1, -3, 0, 0, 1, 2, 1, 1, -1, 2, 0, 0, 1, 2, -1, -1, -1, -2, 0, -1 ] ], 
          [ [ 1, 0, 0, 0, -1, 1, 0, 1, 0, 0, -1, 0, 1, 0, 1, -1, 0, 0, -1, 0 ], 
              [ 1, 0, 0, 0, 1, -1, 0, -1, 0, 0, 1, 0, -1, 0, -1, 1, 0, 0, 1, 0 ] ], 
          [ [ 1, 0, 1, 1, 0, -1, 0, 1, -1, -2, 0, 0, -1, -2, 1, 1, 2, 0, -1, 1 ], 
              [ 1, 0, -1, -1, 0, 1, 0, -1, 1, 2, 0, 0, 1, 2, -1, -1, -2, 0, 1, -1 ] ], 
          [ [ 1, 2, -1, 0, -1, 0, -1, 0, 1, 0, 0, 0, 0, -1, 1, -1, 0, 1, -1, 0 ], 
              [ 1, -2, 1, 0, 1, 0, 1, 0, -1, 0, 0, 0, 0, 1, -1, 1, 0, -1, 1, 0 ] ], 
          [ [ 1, 3, -1, -1, -2, 0, -1, -1, 2, 0, 0, -1, 1, -1, 0, 1, 0, 3, 0, 1 ], 
              [ 1, -3, 1, 1, 2, 0, 1, 1, -2, 0, 0, 1, -1, 1, 0, -1, 0, -3, 0, -1 ] ], 
          [ [ 1, -3, 0, 2, 0, 1, -1, -1, 3, 1, 1, 1, -1, 0, 0, -1, 1, -1, -2, 0 ], 
              [ 1, 3, 0, -2, 0, -1, 1, 1, -3, -1, -1, -1, 1, 0, 0, 1, -1, 1, 2, 0 ] ], 
          [ [ 1, 3, -1, -1, 0, -1, -1, 0, 0, -1, -1, 0, 0, -1, 2, 0, -1, 2, 0, 0 ], 
              [ 1, -3, 1, 1, 0, 1, 1, 0, 0, 1, 1, 0, 0, 1, -2, 0, 1, -2, 0, 0 ] ], 
          [ [ 1, 3, -1, -1, 0, -1, -1, 0, 0, -1, -1, 0, 0, -1, 2, 0, 0, 2, 0, 0 ], 
              [ 1, -3, 1, 1, 0, 1, 1, 0, 0, 1, 1, 0, 0, 1, -2, 0, 0, -2, 0, 0 ] ], 
          [ [ 1, 3, -1, -1, 0, -1, -1, 0, 0, -1, -1, 0, 0, 0, 2, 0, -1, 1, 0, 0 ], 
              [ 1, -3, 1, 1, 0, 1, 1, 0, 0, 1, 1, 0, 0, 0, -2, 0, 1, -1, 0, 0 ] ], 
          [ [ 1, 4, -1, -1, 0, -2, -1, 0, -1, -2, -1, -1, 0, -1, 2, 1, 0, 3, 1, 1 ], 
              [ 1, -4, 1, 1, 0, 2, 1, 0, 1, 2, 1, 1, 0, 1, -2, -1, 0, -3, -1, -1 ] ], 
          [ [ 1, 0, 0, 0, 1, 0, 0, 2, -2, -1, -1, 0, 0, -1, 2, 0, 0, 0, -1, 0 ], 
              [ 1, 0, 0, 0, -1, 0, 0, -2, 2, 1, 1, 0, 0, 1, -2, 0, 0, 0, 1, 0 ] ], 
          [ [ 1, 6, -1, -2, -1, -2, 0, 1, -2, -3, -2, -1, 1, -2, 2, 1, 0, 3, 1, 1 ], 
              [ 1, -6, 1, 2, 1, 2, 0, -1, 2, 3, 2, 1, -1, 2, -2, -1, 0, -3, -1, -1 ] ], 
          [ [ 1, 6, -2, -2, -1, -2, -2, -2, 2, -1, 0, -1, 0, -1, 1, 2, -1, 4, 1, 1 ], 
              [ 1, -6, 2, 2, 1, 2, 2, 2, -2, 1, 0, 1, 0, 1, -1, -2, 1, -4, -1, -1 ] ], 
          [ [ 1, 9, -3, -4, -3, -1, -2, 0, 1, -1, -2, -2, 3, 0, 1, 1, -2, 5, 2, 1 ], 
              [ 1, -9, 3, 4, 3, 1, 2, 0, -1, 1, 2, 2, -3, 0, -1, -1, 2, -5, -2, -1 ] ], 
          [ [ 1, 8, -2, -2, -1, -3, -1, 0, -1, -3, -1, -1, 0, -2, 2, 1, 0, 3, 1, 1 ], 
              [ 1, -8, 2, 2, 1, 3, 1, 0, 1, 3, 1, 1, 0, 2, -2, -1, 0, -3, -1, -1 ] ], 
          [ [ 1, -2, 0, 1, 1, 0, -1, -1, 2, 0, 0, 1, -1, 0, 1, 0, 0, 0, -1, 0 ], 
              [ 1, 2, 0, -1, -1, 0, 1, 1, -2, 0, 0, -1, 1, 0, -1, 0, 0, 0, 1, 0 ] ], 
          [ [ 1, 0, 0, 1, 1, -1, 0, 1, -1, -2, -1, 1, -1, -1, 2, -1, 1, -1, -1, 0 ], 
              [ 1, 0, 0, -1, -1, 1, 0, -1, 1, 2, 1, -1, 1, 1, -2, 1, -1, 1, 1, 0 ] ], 
          [ [ 1, -3, -1, 1, 1, 2, -1, 0, 2, 2, 0, 1, 0, 1, 1, -2, -1, -1, -2, -1 ], 
              [ 1, 3, 1, -1, -1, -2, 1, 0, -2, -2, 0, -1, 0, -1, -1, 2, 1, 1, 2, 1 ] ], 
          [ [ 1, 3, -2, -1, -1, 0, -2, 0, 2, 0, -1, 0, 1, 0, 1, -1, -1, 2, 0, 0 ], 
              [ 1, -3, 2, 1, 1, 0, 2, 0, -2, 0, 1, 0, -1, 0, -1, 1, 1, -2, 0, 0 ] ], 
          [ [ 1, 3, -2, -1, -1, 0, -1, -1, 2, 0, -1, 0, 1, 0, 1, -1, -1, 2, 0, 0 ], 
              [ 1, -3, 2, 1, 1, 0, 1, 1, -2, 0, 1, 0, -1, 0, -1, 1, 1, -2, 0, 0 ] ], 
          [ [ 1, 3, -1, 0, 0, -2, -1, -1, 1, -2, 0, 0, -1, -2, 1, 1, 1, 2, 0, 1 ], 
              [ 1, -3, 1, 0, 0, 2, 1, 1, -1, 2, 0, 0, 1, 2, -1, -1, -1, -2, 0, -1 ] ], 
          [ [ 1, 0, 0, 1, 1, -1, 0, 1, -1, -2, 0, 0, -1, -2, 2, 0, 1, 0, -1, 0 ], 
              [ 1, 0, 0, -1, -1, 1, 0, -1, 1, 2, 0, 0, 1, 2, -2, 0, -1, 0, 1, 0 ] ], 
          [ [ 1, 3, -1, 0, 0, -2, -1, -1, 1, -2, 0, 0, -1, -1, 1, 1, 0, 1, 0, 1 ], 
              [ 1, -3, 1, 0, 0, 2, 1, 1, -1, 2, 0, 0, 1, 1, -1, -1, 0, -1, 0, -1 ] ], 
          [ [ 1, 0, -1, 0, 0, 1, 0, 1, 0, 0, -1, 0, 1, 0, 1, -1, -1, 0, -1, 0 ], 
              [ 1, 0, 1, 0, 0, -1, 0, -1, 0, 0, 1, 0, -1, 0, -1, 1, 1, 0, 1, 0 ] ], 
          [ [ 1, 0, -1, 0, 0, 1, 0, 1, 0, 0, -1, 0, 1, 0, 1, -1, 0, 0, -1, 0 ], 
              [ 1, 0, 1, 0, 0, -1, 0, -1, 0, 0, 1, 0, -1, 0, -1, 1, 0, 0, 1, 0 ] ], 
          [ [ 1, 3, -2, -1, -1, 0, -1, -1, 2, 0, 0, -1, 1, 0, 1, 0, -1, 2, 0, 0 ], 
              [ 1, -3, 2, 1, 1, 0, 1, 1, -2, 0, 0, 1, -1, 0, -1, 0, 1, -2, 0, 0 ] ], 
          [ [ 1, 0, 0, 1, 0, -1, -1, 0, 0, 0, 1, 1, -2, -1, 1, 0, 1, 0, -1, 1 ], 
              [ 1, 0, 0, -1, 0, 1, 1, 0, 0, 0, -1, -1, 2, 1, -1, 0, -1, 0, 1, -1 ] ], 
          [ [ 1, -2, 0, 1, 1, 0, 0, 1, -1, 0, 0, 1, -1, 0, 2, -1, 0, -1, -1, 0 ], 
              [ 1, 2, 0, -1, -1, 0, 0, -1, 1, 0, 0, -1, 1, 0, -2, 1, 0, 1, 1, 0 ] ], 
          [ [ 1, 0, 0, 0, -1, 1, -1, 0, 2, 1, -1, 0, 1, 0, 0, -1, 0, 1, -1, 0 ], 
              [ 1, 0, 0, 0, 1, -1, 1, 0, -2, -1, 1, 0, -1, 0, 0, 1, 0, -1, 1, 0 ] ], 
          [ [ 1, -3, 2, 2, 1, 0, 1, 1, -1, -1, 0, 0, -1, -2, 1, 0, 2, -1, -2, 0 ], 
              [ 1, 3, -2, -2, -1, 0, -1, -1, 1, 1, 0, 0, 1, 2, -1, 0, -2, 1, 2, 0 ] ], 
          [ [ 1, 0, 1, 1, 0, -1, 0, -1, 1, -1, 0, 0, -1, -1, 0, 1, 1, 0, -1, 1 ], 
              [ 1, 0, -1, -1, 0, 1, 0, 1, -1, 1, 0, 0, 1, 1, 0, -1, -1, 0, 1, -1 ] ], 
          [ [ 1, 0, 0, 0, -1, 1, -1, 0, 2, 1, 0, -1, 1, 0, 0, 0, 0, 1, -1, 0 ], 
              [ 1, 0, 0, 0, 1, -1, 1, 0, -2, -1, 0, 1, -1, 0, 0, 0, 0, -1, 1, 0 ] ], 
          [ [ 1, 3, -1, -1, 0, -1, -2, -1, 2, 0, -1, 0, 0, 0, 1, 0, -1, 2, 0, 0 ], 
              [ 1, -3, 1, 1, 0, 1, 2, 1, -2, 0, 1, 0, 0, 0, -1, 0, 1, -2, 0, 0 ] ], 
          [ [ 1, 1, 0, -1, 0, 0, -1, 0, 1, 0, -1, -1, 1, 0, 1, 1, -1, 2, 0, 0 ], 
              [ 1, -1, 0, 1, 0, 0, 1, 0, -1, 0, 1, 1, -1, 0, -1, -1, 1, -2, 0, 0 ] ], 
          [ [ 1, 0, 1, 1, 2, -2, 0, 0, -1, -2, 0, 0, -2, -2, 2, 1, 1, 0, -1, 0 ], 
              [ 1, 0, -1, -1, -2, 2, 0, 0, 1, 2, 0, 0, 2, 2, -2, -1, -1, 0, 1, 0 ] ], 
          [ [ 1, 0, 0, 0, 1, 0, 0, 0, 0, 0, -1, 0, 0, 0, 1, 0, -1, 0, -1, 0 ], 
              [ 1, 0, 0, 0, -1, 0, 0, 0, 0, 0, 1, 0, 0, 0, -1, 0, 1, 0, 1, 0 ] ], 
          [ [ 1, 6, -1, -2, -1, -2, -1, 0, 0, -2, -2, -1, 1, -1, 1, 1, -1, 3, 1, 1 ], 
              [ 1, -6, 1, 2, 1, 2, 1, 0, 0, 2, 2, 1, -1, 1, -1, -1, 1, -3, -1, -1 ] ], 
          [ [ 1, 6, -1, -2, -1, -2, -1, 0, 0, -2, -2, -1, 1, -1, 1, 1, 0, 3, 1, 1 ], 
              [ 1, -6, 1, 2, 1, 2, 1, 0, 0, 2, 2, 1, -1, 1, -1, -1, 0, -3, -1, -1 ] ], 
          [ [ 1, 3, 0, -1, 0, -1, 0, 2, -2, -2, -2, -1, 1, -1, 2, 0, 0, 1, 0, 0 ], 
              [ 1, -3, 0, 1, 0, 1, 0, -2, 2, 2, 2, 1, -1, 1, -2, 0, 0, -1, 0, 0 ] ], 
          [ [ 1, 9, -2, -3, -2, -3, -2, -2, 2, -2, -1, -2, 1, -1, 1, 2, -1, 5, 2, 1 ], 
              [ 1, -9, 2, 3, 2, 3, 2, 2, -2, 2, 1, 2, -1, 1, -1, -2, 1, -5, -2, -1 ] ], 
          [ [ 1, 6, -2, -3, -2, 0, -1, 0, 1, 0, -2, -2, 3, 0, 1, 0, -2, 4, 1, 0 ], 
              [ 1, -6, 2, 3, 2, 0, 1, 0, -1, 0, 2, 2, -3, 0, -1, 0, 2, -4, -1, 0 ] ], 
          [ [ 1, 6, -1, -2, -1, -2, -1, 0, 0, -2, -1, -2, 1, -2, 1, 2, 0, 4, 1, 1 ], 
              [ 1, -6, 1, 2, 1, 2, 1, 0, 0, 2, 1, 2, -1, 2, -1, -2, 0, -4, -1, -1 ] ], 
          [ [ 1, -8, 2, 3, 3, 2, 1, 1, 0, 1, 0, 1, -1, 0, 1, -1, 1, -3, -3, -1 ], 
              [ 1, 8, -2, -3, -3, -2, -1, -1, 0, -1, 0, -1, 1, 0, -1, 1, -1, 3, 3, 1 ] ], 
          [ [ 1, -2, 1, 1, 1, 0, 0, 1, 0, -1, -1, 0, 0, -1, 1, 0, 1, 0, -1, 0 ], 
              [ 1, 2, -1, -1, -1, 0, 0, -1, 0, 1, 1, 0, 0, 1, -1, 0, -1, 0, 1, 0 ] ], 
          [ [ 1, -3, 1, 2, 2, 0, 1, 1, -1, -1, -1, 1, -1, -1, 1, -1, 1, -2, -2, 0 ], 
              [ 1, 3, -1, -2, -2, 0, -1, -1, 1, 1, 1, -1, 1, 1, -1, 1, -1, 2, 2, 0 ] ], 
          [ [ 1, 0, -1, 0, 0, 1, -1, 0, 2, 1, -1, 0, 1, 1, 1, -2, -1, 0, -1, -1 ], 
              [ 1, 0, 1, 0, 0, -1, 1, 0, -2, -1, 1, 0, -1, -1, -1, 2, 1, 0, 1, 1 ] ], 
          [ [ 1, 1, -1, -1, -1, 1, -1, -1, 3, 1, -1, -1, 2, 1, 0, 0, -1, 2, 0, 0 ], 
              [ 1, -1, 1, 1, 1, -1, 1, 1, -3, -1, 1, 1, -2, -1, 0, 0, 1, -2, 0, 0 ] ], 
          [ [ 1, 0, 0, 1, 1, -1, -1, 0, 1, -1, 0, 0, -1, -1, 1, 0, 1, 0, -1, 0 ], 
              [ 1, 0, 0, -1, -1, 1, 1, 0, -1, 1, 0, 0, 1, 1, -1, 0, -1, 0, 1, 0 ] ], 
          [ [ 1, 0, 0, 1, 1, -1, 0, -1, 1, -1, 0, 0, -1, -1, 1, 0, 0, 0, -1, 0 ], 
              [ 1, 0, 0, -1, -1, 1, 0, 1, -1, 1, 0, 0, 1, 1, -1, 0, 0, 0, 1, 0 ] ], 
          [ [ 1, 0, 0, 1, 1, -1, 0, -1, 1, -1, 0, 0, -1, -1, 1, 0, 1, 0, -1, 0 ], 
              [ 1, 0, 0, -1, -1, 1, 0, 1, -1, 1, 0, 0, 1, 1, -1, 0, -1, 0, 1, 0 ] ], 
          [ [ 1, -3, 0, 1, 1, 2, 0, 2, 0, 1, -1, 0, 1, 0, 1, -2, 0, -1, -2, -1 ], 
              [ 1, 3, 0, -1, -1, -2, 0, -2, 0, -1, 1, 0, -1, 0, -1, 2, 0, 1, 2, 1 ] ], 
          [ [ 1, 0, -1, 0, 0, 1, -1, 0, 2, 1, -1, 0, 1, 1, 0, -1, -1, 0, -1, 0 ], 
              [ 1, 0, 1, 0, 0, -1, 1, 0, -2, -1, 1, 0, -1, -1, 0, 1, 1, 0, 1, 0 ] ], 
          [ [ 1, -3, 1, 2, 2, 0, 1, 1, -1, -1, 0, 0, -1, -1, 1, 0, 1, -2, -2, 0 ], 
              [ 1, 3, -1, -2, -2, 0, -1, -1, 1, 1, 0, 0, 1, 1, -1, 0, -1, 2, 2, 0 ] ], 
          [ [ 1, 3, -2, -1, -1, 0, -2, -2, 4, 1, 0, -1, 1, 0, 0, 0, -1, 3, 0, 0 ], 
              [ 1, -3, 2, 1, 1, 0, 2, 2, -4, -1, 0, 1, -1, 0, 0, 0, 1, -3, 0, 0 ] ], 
          [ [ 1, 6, -2, -2, 0, -2, -1, 0, 0, -2, -2, -1, 1, -1, 2, 0, -1, 3, 1, 0 ], 
              [ 1, -6, 2, 2, 0, 2, 1, 0, 0, 2, 2, 1, -1, 1, -2, 0, 1, -3, -1, 0 ] ], 
          [ [ 1, -5, 2, 2, 1, 1, 0, 2, -1, 1, 0, 1, -1, 0, 1, -1, 1, -2, -2, 0 ], 
              [ 1, 5, -2, -2, -1, -1, 0, -2, 1, -1, 0, -1, 1, 0, -1, 1, -1, 2, 2, 0 ] ], 
          [ [ 1, 1, 0, 0, -1, -1, -2, -2, 3, 1, 1, 0, -1, 0, 0, 1, 0, 2, 0, 1 ], 
              [ 1, -1, 0, 0, 1, 1, 2, 2, -3, -1, -1, 0, 1, 0, 0, -1, 0, -2, 0, -1 ] ], 
          [ [ 1, 3, 0, 0, -1, -2, -1, 0, 0, -1, 0, 0, -1, -1, 1, 0, 1, 1, 0, 1 ], 
              [ 1, -3, 0, 0, 1, 2, 1, 0, 0, 1, 0, 0, 1, 1, -1, 0, -1, -1, 0, -1 ] ], 
          [ [ 1, 4, 0, -1, 0, -3, -1, 0, -1, -2, -1, 0, -1, -1, 2, 1, 0, 2, 1, 1 ], 
              [ 1, -4, 0, 1, 0, 3, 1, 0, 1, 2, 1, 0, 1, 1, -2, -1, 0, -2, -1, -1 ] ], 
          [ [ 1, 3, -1, -1, 0, -1, -1, 1, -1, 0, -1, 0, 0, 0, 2, -1, -1, 1, 0, 0 ], 
              [ 1, -3, 1, 1, 0, 1, 1, -1, 1, 0, 1, 0, 0, 0, -2, 1, 1, -1, 0, 0 ] ], 
          [ [ 1, 4, -1, -2, -1, -1, -1, 0, 0, 0, -1, -1, 1, 0, 1, 1, -1, 3, 1, 1 ], 
              [ 1, -4, 1, 2, 1, 1, 1, 0, 0, 0, 1, 1, -1, 0, -1, -1, 1, -3, -1, -1 ] ], 
          [ [ 1, -2, 0, 1, 1, 0, -1, 0, 1, 1, 0, 1, -1, 0, 1, -1, 0, 0, -1, 0 ], 
              [ 1, 2, 0, -1, -1, 0, 1, 0, -1, -1, 0, -1, 1, 0, -1, 1, 0, 0, 1, 0 ] ], 
          [ [ 1, -2, 0, 1, 1, 0, -1, 0, 1, 1, 0, 1, -1, 1, 1, -1, -1, -1, -1, 0 ], 
              [ 1, 2, 0, -1, -1, 0, 1, 0, -1, -1, 0, -1, 1, -1, -1, 1, 1, 1, 1, 0 ] ], 
          [ [ 1, -2, 0, 1, 1, 0, -1, 0, 1, 1, 0, 1, -1, 1, 1, -1, 0, -1, -1, 0 ], 
              [ 1, 2, 0, -1, -1, 0, 1, 0, -1, -1, 0, -1, 1, -1, -1, 1, 0, 1, 1, 0 ] ], 
          [ [ 1, -2, 1, 2, 2, -2, 0, -1, 0, -1, 1, 1, -3, -1, 1, 1, 1, -1, -1, 1 ], 
              [ 1, 2, -1, -2, -2, 2, 0, 1, 0, 1, -1, -1, 3, 1, -1, -1, -1, 1, 1, -1 ] ], 
          [ [ 1, 1, 0, 0, 0, -1, 0, 1, -1, -1, -1, 0, 0, 0, 1, 0, 0, 0, 0, 1 ], 
              [ 1, -1, 0, 0, 0, 1, 0, -1, 1, 1, 1, 0, 0, 0, -1, 0, 0, 0, 0, -1 ] ], 
          [ [ 1, -2, 0, 1, 1, 0, -1, 0, 1, 1, 1, 0, -1, 0, 1, 0, 0, 0, -1, 0 ], 
              [ 1, 2, 0, -1, -1, 0, 1, 0, -1, -1, -1, 0, 1, 0, -1, 0, 0, 0, 1, 0 ] ], 
          [ [ 1, 2, -1, 0, 0, -1, -1, 0, 1, 0, 0, 1, -1, -1, 1, -1, 0, 0, -1, 0 ], 
              [ 1, -2, 1, 0, 0, 1, 1, 0, -1, 0, 0, -1, 1, 1, -1, 1, 0, 0, 1, 0 ] ], 
          [ [ 1, 4, -1, -1, -1, -2, -1, -1, 1, -1, 0, -1, 0, -1, 1, 1, 0, 3, 1, 1 ], 
              [ 1, -4, 1, 1, 1, 2, 1, 1, -1, 1, 0, 1, 0, 1, -1, -1, 0, -3, -1, -1 ] ], 
          [ [ 1, 0, 0, 0, 0, 0, 0, 1, 0, 0, 0, 0, 0, -1, 1, 0, 0, 0, -1, 0 ], 
              [ 1, 0, 0, 0, 0, 0, 0, -1, 0, 0, 0, 0, 0, 1, -1, 0, 0, 0, 1, 0 ] ], 
          [ [ 1, 3, -1, 0, 0, -2, -1, 0, 0, -1, 0, 0, -1, -1, 1, 0, 0, 1, 0, 1 ], 
              [ 1, -3, 1, 0, 0, 2, 1, 0, 0, 1, 0, 0, 1, 1, -1, 0, 0, -1, 0, -1 ] ], 
          [ [ 1, -2, 1, 1, 1, 1, 0, 0, -1, 0, -1, 0, 0, 0, 1, 0, 0, 0, -1, 0 ], 
              [ 1, 2, -1, -1, -1, -1, 0, 0, 1, 0, 1, 0, 0, 0, -1, 0, 0, 0, 1, 0 ] ], 
          [ [ 1, 3, 0, -1, -1, 0, -1, 0, 0, -1, -1, -1, 1, -1, 1, 1, 0, 2, 0, 0 ], 
              [ 1, -3, 0, 1, 1, 0, 1, 0, 0, 1, 1, 1, -1, 1, -1, -1, 0, -2, 0, 0 ] ], 
          [ [ 1, 2, 0, 0, 0, 0, 0, 0, -1, -1, -1, 0, 0, -1, 1, 0, 0, 0, -1, 0 ], 
              [ 1, -2, 0, 0, 0, 0, 0, 0, 1, 1, 1, 0, 0, 1, -1, 0, 0, 0, 1, 0 ] ], 
          [ [ 1, -3, 1, 2, 1, 1, 0, -1, 1, 0, 0, 1, -1, -1, 0, 0, 1, -1, -2, 0 ], 
              [ 1, 3, -1, -2, -1, -1, 0, 1, -1, 0, 0, -1, 1, 1, 0, 0, -1, 1, 2, 0 ] ], 
          [ [ 1, -6, 2, 3, 2, 2, 1, 1, -1, 0, 0, 1, -1, -1, 1, -1, 1, -3, -3, -1 ], 
              [ 1, 6, -2, -3, -2, -2, -1, -1, 1, 0, 0, -1, 1, 1, -1, 1, -1, 3, 3, 1 ] ], 
          [ [ 1, -6, 2, 3, 2, 2, 1, 1, -1, 0, 0, 1, -1, -1, 1, -1, 2, -3, -3, -1 ], 
              [ 1, 6, -2, -3, -2, -2, -1, -1, 1, 0, 0, -1, 1, 1, -1, 1, -2, 3, 3, 1 ] ], 
          [ [ 1, -2, 0, 1, 0, 2, -1, 0, 1, 1, -1, 0, 1, 1, 0, -1, 0, 0, -1, 0 ], 
              [ 1, 2, 0, -1, 0, -2, 1, 0, -1, -1, 1, 0, -1, -1, 0, 1, 0, 0, 1, 0 ] ], 
          [ [ 1, -5, 2, 3, 2, 1, 1, 1, -2, -1, 0, 0, -1, -1, 1, 0, 2, -2, -2, 0 ], 
              [ 1, 5, -2, -3, -2, -1, -1, -1, 2, 1, 0, 0, 1, 1, -1, 0, -2, 2, 2, 0 ] ], 
          [ [ 1, -3, 0, 1, 0, 3, -1, 0, 2, 2, 0, 0, 1, 0, 0, -1, 0, 0, -2, -1 ], 
              [ 1, 3, 0, -1, 0, -3, 1, 0, -2, -2, 0, 0, -1, 0, 0, 1, 0, 0, 2, 1 ] ], 
          [ [ 1, -3, 1, 2, 1, 1, 0, -1, 1, 0, 1, 0, -1, -1, 0, 1, 1, -1, -2, 0 ], 
              [ 1, 3, -1, -2, -1, -1, 0, 1, -1, 0, -1, 0, 1, 1, 0, -1, -1, 1, 2, 0 ] ], 
          [ [ 1, 0, 0, 0, 1, 1, 0, 2, -2, -1, -2, 0, 1, -1, 2, -1, 0, 0, -1, -1 ], 
              [ 1, 0, 0, 0, -1, -1, 0, -2, 2, 1, 2, 0, -1, 1, -2, 1, 0, 0, 1, 1 ] ], 
          [ [ 1, 3, -1, -1, 0, 0, -1, 0, 0, -1, -2, 0, 1, 0, 1, 0, -1, 1, 0, 0 ], 
              [ 1, -3, 1, 1, 0, 0, 1, 0, 0, 1, 2, 0, -1, 0, -1, 0, 1, -1, 0, 0 ] ], 
          [ [ 1, 0, 1, 1, 2, -1, 1, 1, -3, -3, -1, 0, -1, -2, 2, 1, 1, -1, -1, 0 ], 
              [ 1, 0, -1, -1, -2, 1, -1, -1, 3, 3, 1, 0, 1, 2, -2, -1, -1, 1, 1, 0 ] ], 
          [ [ 1, 6, -2, -2, -1, -1, -2, -2, 2, -1, -1, -1, 1, -1, 1, 1, -1, 4, 1, 0 ], 
              [ 1, -6, 2, 2, 1, 1, 2, 2, -2, 1, 1, 1, -1, 1, -1, -1, 1, -4, -1, 0 ] ], 
          [ [ 1, 3, -2, -2, -1, 2, -1, 0, 1, 1, -2, -1, 3, 1, 1, -1, -2, 2, 0, -1 ], 
              [ 1, -3, 2, 2, 1, -2, 1, 0, -1, -1, 2, 1, -3, -1, -1, 1, 2, -2, 0, 1 ] ], 
          [ [ 1, 3, -1, -1, 0, 0, -1, 0, 0, -1, -1, -1, 1, -1, 1, 1, -1, 2, 0, 0 ], 
              [ 1, -3, 1, 1, 0, 0, 1, 0, 0, 1, 1, 1, -1, 1, -1, -1, 1, -2, 0, 0 ] ], 
          [ [ 1, 3, -1, -1, 0, 0, -1, 0, 0, -1, -1, -1, 1, -1, 1, 1, 0, 2, 0, 0 ], 
              [ 1, -3, 1, 1, 0, 0, 1, 0, 0, 1, 1, 1, -1, 1, -1, -1, 0, -2, 0, 0 ] ], 
          [ [ 1, 3, -1, -1, 0, 0, 0, -1, 0, -1, -1, -1, 1, -1, 1, 1, -1, 2, 0, 0 ], 
              [ 1, -3, 1, 1, 0, 0, 0, 1, 0, 1, 1, 1, -1, 1, -1, -1, 1, -2, 0, 0 ] ], 
          [ [ 1, 4, -2, -2, -1, 1, -1, 0, 0, 0, -2, -2, 3, 1, 1, 0, -2, 3, 1, 0 ], 
              [ 1, -4, 2, 2, 1, -1, 1, 0, 0, 0, 2, 2, -3, -1, -1, 0, 2, -3, -1, 0 ] ], 
          [ [ 1, -3, 0, 2, 2, 1, 0, -1, 1, 0, 0, 1, -1, 0, 1, -1, 0, -2, -2, -1 ], 
              [ 1, 3, 0, -2, -2, -1, 0, 1, -1, 0, 0, -1, 1, 0, -1, 1, 0, 2, 2, 1 ] ], 
          [ [ 1, -6, 1, 3, 3, 2, 1, 1, -1, 0, 0, 1, -1, -1, 1, -1, 1, -3, -3, -1 ], 
              [ 1, 6, -1, -3, -3, -2, -1, -1, 1, 0, 0, -1, 1, 1, -1, 1, -1, 3, 3, 1 ] ], 
          [ [ 1, 3, -2, -1, -1, 1, -1, -1, 2, 0, -1, -1, 2, 0, 0, 0, -1, 2, 0, 0 ], 
              [ 1, -3, 2, 1, 1, -1, 1, 1, -2, 0, 1, 1, -2, 0, 0, 0, 1, -2, 0, 0 ] ], 
          [ [ 1, 3, -1, -1, -1, 0, -2, -1, 1, 1, 0, 0, 0, 0, 1, 0, -1, 2, 0, 0 ], 
              [ 1, -3, 1, 1, 1, 0, 2, 1, -1, -1, 0, 0, 0, 0, -1, 0, 1, -2, 0, 0 ] ], 
          [ [ 1, 6, -1, -2, -2, -1, -1, 0, -1, -1, -1, -1, 1, -1, 1, 1, -1, 3, 1, 1 ], 
              [ 1, -6, 1, 2, 2, 1, 1, 0, 1, 1, 1, 1, -1, 1, -1, -1, 1, -3, -1, -1 ] ], 
          [ [ 1, 6, -1, -2, -2, -1, -1, 0, -1, -1, -1, -1, 1, -1, 1, 1, 0, 3, 1, 1 ], 
              [ 1, -6, 1, 2, 2, 1, 1, 0, 1, 1, 1, 1, -1, 1, -1, -1, 0, -3, -1, -1 ] ], 
          [ [ 1, -8, 3, 4, 3, 1, 1, 1, -2, 0, 1, 2, -3, -1, 1, 0, 2, -4, -3, 0 ], 
              [ 1, 8, -3, -4, -3, -1, -1, -1, 2, 0, -1, -2, 3, 1, -1, 0, -2, 4, 3, 0 ] ], 
          [ [ 1, 0, 0, 1, 0, 0, -1, 0, 0, 0, 0, 1, -1, -1, 1, -1, 1, 0, -1, 0 ], 
              [ 1, 0, 0, -1, 0, 0, 1, 0, 0, 0, 0, -1, 1, 1, -1, 1, -1, 0, 1, 0 ] ], 
          [ [ 1, 0, 0, 1, 0, 0, -1, 0, 0, 0, 0, 1, -1, 0, 1, -1, 0, -1, -1, 0 ], 
              [ 1, 0, 0, -1, 0, 0, 1, 0, 0, 0, 0, -1, 1, 0, -1, 1, 0, 1, 1, 0 ] ], 
          [ [ 1, -2, 1, 1, 0, 1, 0, 1, -1, 0, 0, 0, 0, -1, 1, 0, 1, 0, -1, 0 ], 
              [ 1, 2, -1, -1, 0, -1, 0, -1, 1, 0, 0, 0, 0, 1, -1, 0, -1, 0, 1, 0 ] ], 
          [ [ 1, 1, 0, 0, -1, 0, -1, -1, 1, 0, 0, 0, 0, 0, 0, 1, 0, 1, 0, 1 ], 
              [ 1, -1, 0, 0, 1, 0, 1, 1, -1, 0, 0, 0, 0, 0, 0, -1, 0, -1, 0, -1 ] ], 
          [ [ 1, 0, 1, 2, 1, -2, 0, -1, -1, -2, 1, 1, -3, -2, 1, 1, 2, -1, -1, 1 ], 
              [ 1, 0, -1, -2, -1, 2, 0, 1, 1, 2, -1, -1, 3, 2, -1, -1, -2, 1, 1, -1 ] ], 
          [ [ 1, -3, 1, 2, 1, 1, 0, 2, -2, 0, 0, 1, -1, -1, 1, -1, 1, -2, -2, 0 ], 
              [ 1, 3, -1, -2, -1, -1, 0, -2, 2, 0, 0, -1, 1, 1, -1, 1, -1, 2, 2, 0 ] ], 
          [ [ 1, -3, 1, 2, 1, 1, 1, 1, -2, 0, 0, 1, -1, -1, 1, -1, 1, -2, -2, 0 ], 
              [ 1, 3, -1, -2, -1, -1, -1, -1, 2, 0, 0, -1, 1, 1, -1, 1, -1, 2, 2, 0 ] ], 
          [ [ 1, 3, -1, 0, -1, -1, -2, -2, 2, 0, 1, 0, -1, -1, 0, 1, 0, 2, 0, 1 ], 
              [ 1, -3, 1, 0, 1, 1, 2, 2, -2, 0, -1, 0, 1, 1, 0, -1, 0, -2, 0, -1 ] ], 
          [ [ 1, 0, 0, 1, 0, 0, -1, 0, 0, 0, 1, 0, -1, -1, 1, 0, 1, 0, -1, 0 ], 
              [ 1, 0, 0, -1, 0, 0, 1, 0, 0, 0, -1, 0, 1, 1, -1, 0, -1, 0, 1, 0 ] ], 
          [ [ 1, 0, -1, 0, -1, 2, -1, 0, 1, 2, 0, 0, 1, 1, 0, -1, -1, 0, -1, 0 ], 
              [ 1, 0, 1, 0, 1, -2, 1, 0, -1, -2, 0, 0, -1, -1, 0, 1, 1, 0, 1, 0 ] ], 
          [ [ 1, 1, 0, 0, 1, -1, -1, 0, -1, -1, 0, 0, -1, -1, 2, 1, 0, 1, 0, 0 ], 
              [ 1, -1, 0, 0, -1, 1, 1, 0, 1, 1, 0, 0, 1, 1, -2, -1, 0, -1, 0, 0 ] ], 
          [ [ 1, 1, -1, -1, 0, 1, -1, 0, 0, 1, -1, 0, 1, 1, 1, 0, -2, 1, 0, 0 ], 
              [ 1, -1, 1, 1, 0, -1, 1, 0, 0, -1, 1, 0, -1, -1, -1, 0, 2, -1, 0, 0 ] ], 
          [ [ 1, 0, 0, 1, 2, -1, 0, 0, -2, -1, 0, 1, -2, -1, 2, 0, 0, -1, -1, 0 ], 
              [ 1, 0, 0, -1, -2, 1, 0, 0, 2, 1, 0, -1, 2, 1, -2, 0, 0, 1, 1, 0 ] ], 
          [ [ 1, 6, -1, -1, 0, -3, -1, 0, -2, -3, -1, 0, -1, -2, 2, 1, 0, 2, 1, 1 ], 
              [ 1, -6, 1, 1, 0, 3, 1, 0, 2, 3, 1, 0, 1, 2, -2, -1, 0, -2, -1, -1 ] ], 
          [ [ 1, 3, -1, -1, 0, 0, 0, 2, -3, -1, -2, 0, 1, 0, 2, -1, -1, 0, 0, 0 ], 
              [ 1, -3, 1, 1, 0, 0, 0, -2, 3, 1, 2, 0, -1, 0, -2, 1, 1, 0, 0, 0 ] ], 
          [ [ 1, 6, -2, -2, -1, -1, -1, 0, -1, -1, -1, -1, 1, -1, 2, 0, -1, 3, 1, 0 ], 
              [ 1, -6, 2, 2, 1, 1, 1, 0, 1, 1, 1, 1, -1, 1, -2, 0, 1, -3, -1, 0 ] ], 
          [ [ 1, 9, -3, -3, -2, -2, -2, -2, 1, -1, -1, -1, 1, 0, 1, 1, -2, 4, 2, 1 ], 
              [ 1, -9, 3, 3, 2, 2, 2, 2, -1, 1, 1, 1, -1, 0, -1, -1, 2, -4, -2, -1 ] ], 
          [ [ 1, 6, -2, -2, -1, -1, -1, 0, -1, -1, -1, -1, 1, -1, 1, 1, -1, 3, 1, 1 ], 
              [ 1, -6, 2, 2, 1, 1, 1, 0, 1, 1, 1, 1, -1, 1, -1, -1, 1, -3, -1, -1 ] ], 
          [ [ 1, -2, 0, 1, 1, 1, 0, 1, -1, 0, -1, 1, 0, 0, 1, -1, 0, -1, -1, 0 ], 
              [ 1, 2, 0, -1, -1, -1, 0, -1, 1, 0, 1, -1, 0, 0, -1, 1, 0, 1, 1, 0 ] ], 
          [ [ 1, 1, -1, 0, 0, 0, -1, -1, 1, 0, 0, 0, 0, 0, 1, 0, -1, 1, 0, 0 ], 
              [ 1, -1, 1, 0, 0, 0, 1, 1, -1, 0, 0, 0, 0, 0, -1, 0, 1, -1, 0, 0 ] ], 
          [ [ 1, 1, -1, 0, 0, 0, -1, -1, 1, 0, 0, 0, 0, 0, 1, 0, 0, 1, 0, 0 ], 
              [ 1, -1, 1, 0, 0, 0, 1, 1, -1, 0, 0, 0, 0, 0, -1, 0, 0, -1, 0, 0 ] ], 
          [ [ 1, 0, -1, 1, 1, 0, -1, 0, 0, 0, 0, 1, -1, 0, 1, -1, 0, -1, -1, 0 ], 
              [ 1, 0, 1, -1, -1, 0, 1, 0, 0, 0, 0, -1, 1, 0, -1, 1, 0, 1, 1, 0 ] ], 
          [ [ 1, -2, 0, 1, 1, 1, 0, 1, -1, 0, 0, 0, 0, 0, 1, 0, 0, -1, -1, 0 ], 
              [ 1, 2, 0, -1, -1, -1, 0, -1, 1, 0, 0, 0, 0, 0, -1, 0, 0, 1, 1, 0 ] ], 
          [ [ 1, 0, 1, 0, 0, 1, 0, 0, 0, 0, -1, -1, 1, -1, 0, 1, 0, 1, -1, 0 ], 
              [ 1, 0, -1, 0, 0, -1, 0, 0, 0, 0, 1, 1, -1, 1, 0, -1, 0, -1, 1, 0 ] ], 
          [ [ 1, -6, 2, 3, 2, 2, 0, 0, 1, 1, 0, 1, -1, 0, 0, -1, 1, -3, -3, -1 ], 
              [ 1, 6, -2, -3, -2, -2, 0, 0, -1, -1, 0, -1, 1, 0, 0, 1, -1, 3, 3, 1 ] ], 
          [ [ 1, 0, 0, 0, 1, 1, 0, 0, 0, 0, -2, 0, 1, 0, 1, -1, -1, 0, -1, -1 ], 
              [ 1, 0, 0, 0, -1, -1, 0, 0, 0, 0, 2, 0, -1, 0, -1, 1, 1, 0, 1, 1 ] ], 
          [ [ 1, 0, 1, 1, 2, -1, 0, 0, -1, -2, -1, 0, -1, -2, 1, 1, 1, 0, -1, 0 ], 
              [ 1, 0, -1, -1, -2, 1, 0, 0, 1, 2, 1, 0, 1, 2, -1, -1, -1, 0, 1, 0 ] ], 
          [ [ 1, 1, 0, 0, 1, 0, 0, 0, -1, -1, -2, -1, 1, 0, 1, 0, 0, 1, 0, 0 ], 
              [ 1, -1, 0, 0, -1, 0, 0, 0, 1, 1, 2, 1, -1, 0, -1, 0, 0, -1, 0, 0 ] ], 
          [ [ 1, -3, 1, 1, 2, 2, 1, 2, -2, 0, -2, 0, 1, 0, 1, -1, 0, -2, -2, -1 ], 
              [ 1, 3, -1, -1, -2, -2, -1, -2, 2, 0, 2, 0, -1, 0, -1, 1, 0, 2, 2, 1 ] ], 
          [ [ 1, 0, 0, 0, 1, 1, 0, 0, 0, 0, -1, -1, 1, -1, 1, 0, 0, 1, -1, -1 ], 
              [ 1, 0, 0, 0, -1, -1, 0, 0, 0, 0, 1, 1, -1, 1, -1, 0, 0, -1, 1, 1 ] ], 
          [ [ 1, 3, -1, -1, 0, 0, -1, -2, 2, 0, -1, -1, 1, 0, 0, 1, -1, 2, 0, 0 ], 
              [ 1, -3, 1, 1, 0, 0, 1, 2, -2, 0, 1, 1, -1, 0, 0, -1, 1, -2, 0, 0 ] ], 
          [ [ 1, 0, 0, 0, 1, 1, 0, 0, 0, 0, -1, -1, 1, 0, 1, 0, -1, 0, -1, -1 ], 
              [ 1, 0, 0, 0, -1, -1, 0, 0, 0, 0, 1, 1, -1, 0, -1, 0, 1, 0, 1, 1 ] ], 
          [ [ 1, -5, 1, 2, 2, 2, 0, -1, 2, 1, 0, 0, 0, 0, 0, 0, 0, -1, -2, -1 ], 
              [ 1, 5, -1, -2, -2, -2, 0, 1, -2, -1, 0, 0, 0, 0, 0, 0, 0, 1, 2, 1 ] ], 
          [ [ 1, -3, 1, 2, 2, 1, 1, 1, -1, -1, -1, 0, 0, -1, 1, -1, 1, -2, -2, -1 ], 
              [ 1, 3, -1, -2, -2, -1, -1, -1, 1, 1, 1, 0, 0, 1, -1, 1, -1, 2, 2, 1 ] ], 
          [ [ 1, -2, 2, 1, 1, 0, 0, 0, -1, 0, 0, 0, -1, -1, 1, 1, 1, 0, -1, 0 ], 
              [ 1, 2, -2, -1, -1, 0, 0, 0, 1, 0, 0, 0, 1, 1, -1, -1, -1, 0, 1, 0 ] ], 
          [ [ 1, -3, 2, 2, 2, 0, 0, 1, -2, 0, 0, 1, -2, -1, 1, 0, 1, -2, -2, 0 ], 
              [ 1, 3, -2, -2, -2, 0, 0, -1, 2, 0, 0, -1, 2, 1, -1, 0, -1, 2, 2, 0 ] ], 
          [ [ 1, 3, 1, 0, 0, -2, 0, 0, -2, -2, -1, 0, -1, -2, 1, 1, 1, 1, 0, 1 ], 
              [ 1, -3, -1, 0, 0, 2, 0, 0, 2, 2, 1, 0, 1, 2, -1, -1, -1, -1, 0, -1 ] ], 
          [ [ 1, 3, 0, -1, -1, 0, -1, 1, -1, 0, -1, -1, 1, -1, 1, 0, 0, 2, 0, 0 ], 
              [ 1, -3, 0, 1, 1, 0, 1, -1, 1, 0, 1, 1, -1, 1, -1, 0, 0, -2, 0, 0 ] ], 
          [ [ 1, 6, -1, -2, -2, -1, -2, -1, 1, 0, -1, -1, 1, 0, 0, 1, -1, 3, 1, 1 ], 
              [ 1, -6, 1, 2, 2, 1, 2, 1, -1, 0, 1, 1, -1, 0, 0, -1, 1, -3, -1, -1 ] ], 
          [ [ 1, 3, 1, 0, 0, -2, 0, 0, -2, -2, 0, -1, -1, -2, 1, 2, 1, 1, 0, 1 ], 
              [ 1, -3, -1, 0, 0, 2, 0, 0, 2, 2, 0, 1, 1, 2, -1, -2, -1, -1, 0, -1 ] ], 
          [ [ 1, -5, 3, 3, 2, 0, 1, 1, -2, -1, 0, 1, -2, -1, 1, 0, 2, -3, -2, 0 ], 
              [ 1, 5, -3, -3, -2, 0, -1, -1, 2, 1, 0, -1, 2, 1, -1, 0, -2, 3, 2, 0 ] ], 
          [ [ 1, -8, 2, 3, 2, 3, 0, 0, 1, 3, 1, 1, -1, 1, 0, -1, 0, -3, -3, -1 ], 
              [ 1, 8, -2, -3, -2, -3, 0, 0, -1, -3, -1, -1, 1, -1, 0, 1, 0, 3, 3, 1 ] ], 
          [ [ 1, -2, 1, 1, 0, 1, -1, 0, 1, 1, 0, 0, 0, 0, 0, 0, 0, 0, -1, 0 ], 
              [ 1, 2, -1, -1, 0, -1, 1, 0, -1, -1, 0, 0, 0, 0, 0, 0, 0, 0, 1, 0 ] ], 
          [ [ 1, -2, 1, 1, 0, 1, -1, 0, 1, 1, 0, 0, 0, 0, 0, 0, 1, 0, -1, 0 ], 
              [ 1, 2, -1, -1, 0, -1, 1, 0, -1, -1, 0, 0, 0, 0, 0, 0, -1, 0, 1, 0 ] ], 
          [ [ 1, -2, 1, 1, 0, 1, 0, -1, 1, 1, 0, 0, 0, 0, 0, 0, 0, 0, -1, 0 ], 
              [ 1, 2, -1, -1, 0, -1, 0, 1, -1, -1, 0, 0, 0, 0, 0, 0, 0, 0, 1, 0 ] ], 
          [ [ 1, -3, 2, 3, 2, -1, 0, 0, -1, -1, 1, 1, -3, -2, 1, 0, 2, -2, -2, 0 ], 
              [ 1, 3, -2, -3, -2, 1, 0, 0, 1, 1, -1, -1, 3, 2, -1, 0, -2, 2, 2, 0 ] ], 
          [ [ 1, -2, 2, 2, 1, -1, 0, -1, 0, -1, 1, 0, -2, -2, 0, 2, 2, 0, -1, 1 ], 
              [ 1, 2, -2, -2, -1, 1, 0, 1, 0, 1, -1, 0, 2, 2, 0, -2, -2, 0, 1, -1 ] ], 
          [ [ 1, -3, 1, 2, 1, 1, 0, 0, 0, 1, 0, 1, -1, 0, 0, -1, 0, -2, -2, 0 ], 
              [ 1, 3, -1, -2, -1, -1, 0, 0, 0, -1, 0, -1, 1, 0, 0, 1, 0, 2, 2, 0 ] ], 
          [ [ 1, -3, 1, 2, 1, 1, 0, 0, 0, 1, 0, 1, -1, 0, 0, -1, 1, -2, -2, 0 ], 
              [ 1, 3, -1, -2, -1, -1, 0, 0, 0, -1, 0, -1, 1, 0, 0, 1, -1, 2, 2, 0 ] ], 
          [ [ 1, -6, 2, 3, 2, 2, 1, 2, -2, 1, 0, 1, -1, 0, 1, -2, 1, -4, -3, -1 ], 
              [ 1, 6, -2, -3, -2, -2, -1, -2, 2, -1, 0, -1, 1, 0, -1, 2, -1, 4, 3, 1 ] ], 
          [ [ 1, -5, 2, 2, 1, 2, 1, 1, -1, 1, 0, 0, 0, 0, 0, 0, 1, -2, -2, 0 ], 
              [ 1, 5, -2, -2, -1, -2, -1, -1, 1, -1, 0, 0, 0, 0, 0, 0, -1, 2, 2, 0 ] ], 
          [ [ 1, 0, 0, 1, 0, 0, -1, -2, 2, 1, 1, 0, -1, 0, 0, 0, 0, 0, -1, 0 ], 
              [ 1, 0, 0, -1, 0, 0, 1, 2, -2, -1, -1, 0, 1, 0, 0, 0, 0, 0, 1, 0 ] ], 
          [ [ 1, -3, 1, 2, 1, 1, 0, 0, 0, 1, 1, 0, -1, -1, 0, 0, 1, -1, -2, 0 ], 
              [ 1, 3, -1, -2, -1, -1, 0, 0, 0, -1, -1, 0, 1, 1, 0, 0, -1, 1, 2, 0 ] ], 
          [ [ 1, -11, 3, 5, 3, 3, 1, 1, 0, 2, 1, 2, -2, 0, 0, -2, 2, -5, -4, -1 ], 
              [ 1, 11, -3, -5, -3, -3, -1, -1, 0, -2, -1, -2, 2, 0, 0, 2, -2, 5, 4, 1 ] ],
          [ [ 1, -2, 1, 1, 2, 0, 0, 0, -1, 0, -1, 1, -1, 0, 1, 0, 0, -1, -1, 0 ], 
              [ 1, 2, -1, -1, -2, 0, 0, 0, 1, 0, 1, -1, 1, 0, -1, 0, 0, 1, 1, 0 ] ], 
          [ [ 1, -5, 2, 2, 3, 1, 1, 2, -3, 0, -1, 1, -1, 0, 2, -1, 0, -3, -2, -1 ], 
              [ 1, 5, -2, -2, -3, -1, -1, -2, 3, 0, 1, -1, 1, 0, -2, 1, 0, 3, 2, 1 ] ], 
          [ [ 1, 1, 0, 0, 1, -1, -1, -2, 1, 0, 0, 0, -1, 0, 1, 1, -1, 1, 0, 0 ], 
              [ 1, -1, 0, 0, -1, 1, 1, 2, -1, 0, 0, 0, 1, 0, -1, -1, 1, -1, 0, 0 ] ], 
          [ [ 1, -2, 0, 0, 1, 2, -1, 1, 0, 2, -1, 0, 1, 1, 1, -1, -1, 0, -1, -1 ], 
              [ 1, 2, 0, 0, -1, -2, 1, -1, 0, -2, 1, 0, -1, -1, -1, 1, 1, 0, 1, 1 ] ], 
          [ [ 1, 4, -1, -2, -1, 0, -1, 0, 0, 0, -2, -1, 2, 0, 1, 0, -1, 3, 1, 0 ], 
              [ 1, -4, 1, 2, 1, 0, 1, 0, 0, 0, 2, 1, -2, 0, -1, 0, 1, -3, -1, 0 ] ], 
          [ [ 1, 4, -1, -2, -1, 0, -1, 0, 0, 0, -2, -1, 2, 1, 1, 0, -2, 2, 1, 0 ], 
              [ 1, -4, 1, 2, 1, 0, 1, 0, 0, 0, 2, 1, -2, -1, -1, 0, 2, -2, -1, 0 ] ], 
          [ [ 1, -2, 1, 1, 2, 0, 0, 0, -1, 0, 0, 0, -1, -1, 1, 1, 0, 0, -1, 0 ], 
              [ 1, 2, -1, -1, -2, 0, 0, 0, 1, 0, 0, 0, 1, 1, -1, -1, 0, 0, 1, 0 ] ], 
          [ [ 1, -2, 1, 1, 2, 0, 0, 0, -1, 0, 0, 0, -1, 0, 1, 1, 0, -1, -1, 0 ], 
              [ 1, 2, -1, -1, -2, 0, 0, 0, 1, 0, 0, 0, 1, 0, -1, -1, 0, 1, 1, 0 ] ], 
          [ [ 1, 4, 0, -1, 0, -2, -1, 0, -1, -2, -1, -1, 0, -1, 1, 2, 0, 2, 1, 1 ], 
              [ 1, -4, 0, 1, 0, 2, 1, 0, 1, 2, 1, 1, 0, 1, -1, -2, 0, -2, -1, -1 ] ], 
          [ [ 1, 3, -1, -1, 0, 0, -1, 1, -1, 0, -2, 0, 1, 0, 1, -1, -1, 1, 0, 0 ], 
              [ 1, -3, 1, 1, 0, 0, 1, -1, 1, 0, 2, 0, -1, 0, -1, 1, 1, -1, 0, 0 ] ], 
          [ [ 1, 3, 0, 0, 1, -2, 0, 0, -2, -2, -1, 0, -1, -1, 2, 0, 0, 0, 0, 0 ], 
              [ 1, -3, 0, 0, -1, 2, 0, 0, 2, 2, 1, 0, 1, 1, -2, 0, 0, 0, 0, 0 ] ], 
          [ [ 1, 4, 0, -1, 0, -2, 0, -1, -1, -2, -1, -1, 0, -1, 1, 2, 0, 2, 1, 1 ], 
              [ 1, -4, 0, 1, 0, 2, 0, 1, 1, 2, 1, 1, 0, 1, -1, -2, 0, -2, -1, -1 ] ], 
          [ [ 1, 1, 0, -1, 0, 1, 0, 2, -2, 0, -2, -1, 2, 0, 1, 0, -1, 1, 0, 0 ], 
              [ 1, -1, 0, 1, 0, -1, 0, -2, 2, 0, 2, 1, -2, 0, -1, 0, 1, -1, 0, 0 ] ], 
          [ [ 1, 0, 1, 1, 2, -1, 1, 2, -4, -2, -1, 0, -1, -2, 2, 0, 1, -1, -1, 0 ], 
              [ 1, 0, -1, -1, -2, 1, -1, -2, 4, 2, 1, 0, 1, 2, -2, 0, -1, 1, 1, 0 ] ], 
          [ [ 1, 3, 0, 0, 1, -2, 0, 0, -2, -2, -1, 0, -1, -1, 1, 1, 0, 0, 0, 1 ], 
              [ 1, -3, 0, 0, -1, 2, 0, 0, 2, 2, 1, 0, 1, 1, -1, -1, 0, 0, 0, -1 ] ], 
          [ [ 1, 6, -2, -2, -1, -1, -2, -1, 1, 0, -1, -1, 1, 0, 1, 0, -2, 3, 1, 0 ], 
              [ 1, -6, 2, 2, 1, 1, 2, 1, -1, 0, 1, 1, -1, 0, -1, 0, 2, -3, -1, 0 ] ], 
          [ [ 1, 6, -2, -2, -1, -1, -2, -1, 1, 0, -1, -1, 1, 0, 1, 0, -1, 3, 1, 0 ], 
              [ 1, -6, 2, 2, 1, 1, 2, 1, -1, 0, 1, 1, -1, 0, -1, 0, 1, -3, -1, 0 ] ], 
          [ [ 1, 7, -2, -3, -2, -1, -2, -2, 2, 0, -1, -2, 2, 0, 0, 2, -2, 5, 2, 1 ], 
              [ 1, -7, 2, 3, 2, 1, 2, 2, -2, 0, 1, 2, -2, 0, 0, -2, 2, -5, -2, -1 ] ], 
          [ [ 1, 4, -1, -2, -1, 0, -1, 0, 0, 0, -1, -2, 2, 0, 1, 1, -1, 3, 1, 0 ], 
              [ 1, -4, 1, 2, 1, 0, 1, 0, 0, 0, 1, 2, -2, 0, -1, -1, 1, -3, -1, 0 ] ], 
          [ [ 1, 6, -1, -1, 0, -3, -1, -2, 0, -2, 0, -1, -1, -2, 1, 2, 0, 3, 1, 1 ], 
              [ 1, -6, 1, 1, 0, 3, 1, 2, 0, 2, 0, 1, 1, 2, -1, -2, 0, -3, -1, -1 ] ], 
          [ [ 1, 2, 0, 0, 1, -1, 0, 0, -1, -1, 0, 0, -1, -2, 1, 1, 0, 0, -1, 0 ], 
              [ 1, -2, 0, 0, -1, 1, 0, 0, 1, 1, 0, 0, 1, 2, -1, -1, 0, 0, 1, 0 ] ], 
          [ [ 1, 3, -1, -1, 0, 0, -1, 1, -1, 0, -1, -1, 1, 0, 1, 0, -1, 1, 0, 0 ], 
              [ 1, -3, 1, 1, 0, 0, 1, -1, 1, 0, 1, 1, -1, 0, -1, 0, 1, -1, 0, 0 ] ], 
          [ [ 1, 3, -1, -1, 0, 0, 0, 0, -1, 0, -1, -1, 1, 0, 1, 0, -1, 1, 0, 0 ], 
              [ 1, -3, 1, 1, 0, 0, 0, 0, 1, 0, 1, 1, -1, 0, -1, 0, 1, -1, 0, 0 ] ], 
          [ [ 1, 9, -2, -3, -2, -2, -1, 0, -1, -2, -2, -2, 2, -1, 1, 1, -1, 4, 2, 1 ], 
              [ 1, -9, 2, 3, 2, 2, 1, 0, 1, 2, 2, 2, -2, 1, -1, -1, 1, -4, -2, -1 ] ], 
          [ [ 1, -8, 2, 4, 4, 1, 0, 0, 0, 1, 1, 2, -3, 0, 1, -1, 1, -4, -3, -1 ], 
              [ 1, 8, -2, -4, -4, -1, 0, 0, 0, -1, -1, -2, 3, 0, -1, 1, -1, 4, 3, 1 ] ], 
          [ [ 1, -2, 1, 2, 2, -1, 0, -1, 0, -1, 0, 1, -2, -1, 1, 0, 1, -1, -1, 0 ], 
              [ 1, 2, -1, -2, -2, 1, 0, 1, 0, 1, 0, -1, 2, 1, -1, 0, -1, 1, 1, 0 ] ], 
          [ [ 1, -6, 2, 3, 3, 1, 1, 1, -1, 0, 0, 2, -2, -1, 1, -1, 1, -4, -3, -1 ], 
              [ 1, 6, -2, -3, -3, -1, -1, -1, 1, 0, 0, -2, 2, 1, -1, 1, -1, 4, 3, 1 ] ], 
          [ [ 1, -5, 1, 2, 2, 2, 0, 2, -1, 1, -1, 1, 0, 1, 1, -2, 0, -3, -2, -1 ], 
              [ 1, 5, -1, -2, -2, -2, 0, -2, 1, -1, 1, -1, 0, -1, -1, 2, 0, 3, 2, 1 ] ], 
          [ [ 1, -5, 1, 2, 2, 2, 1, 1, -1, 1, -1, 1, 0, 1, 1, -2, 0, -3, -2, -1 ], 
              [ 1, 5, -1, -2, -2, -2, -1, -1, 1, -1, 1, -1, 0, -1, -1, 2, 0, 3, 2, 1 ] ], 
          [ [ 1, -5, 2, 3, 3, 0, 1, 1, -2, -1, 0, 1, -2, -1, 1, 0, 1, -3, -2, 0 ], 
              [ 1, 5, -2, -3, -3, 0, -1, -1, 2, 1, 0, -1, 2, 1, -1, 0, -1, 3, 2, 0 ] ], 
          [ [ 1, -5, 2, 3, 3, 0, 1, 1, -2, -1, 0, 1, -2, -1, 1, 0, 2, -3, -2, 0 ], 
              [ 1, 5, -2, -3, -3, 0, -1, -1, 2, 1, 0, -1, 2, 1, -1, 0, -2, 3, 2, 0 ] ], 
          [ [ 1, -2, 0, 1, 1, 1, -1, 0, 1, 1, 0, 0, 0, 0, 1, -1, 0, 0, -1, -1 ], 
              [ 1, 2, 0, -1, -1, -1, 1, 0, -1, -1, 0, 0, 0, 0, -1, 1, 0, 0, 1, 1 ] ], 
          [ [ 1, 1, -1, 0, 0, 0, -2, -2, 3, 1, 0, 0, 0, 1, 0, 0, -1, 1, 0, 0 ], 
              [ 1, -1, 1, 0, 0, 0, 2, 2, -3, -1, 0, 0, 0, -1, 0, 0, 1, -1, 0, 0 ] ], 
          [ [ 1, -2, -1, 0, 0, 3, -1, 0, 2, 3, -1, 0, 2, 2, 0, -2, -2, 0, -1, -1 ], 
              [ 1, 2, 1, 0, 0, -3, 1, 0, -2, -3, 1, 0, -2, -2, 0, 2, 2, 0, 1, 1 ] ], 
          [ [ 1, -2, 0, 1, 1, 1, -1, 0, 1, 1, 0, 0, 0, 0, 0, 0, 0, 0, -1, 0 ], 
              [ 1, 2, 0, -1, -1, -1, 1, 0, -1, -1, 0, 0, 0, 0, 0, 0, 0, 0, 1, 0 ] ], 
          [ [ 1, -2, 1, 2, 2, -1, 0, -1, 0, -1, 1, 0, -2, -1, 1, 1, 1, -1, -1, 0 ], 
              [ 1, 2, -1, -2, -2, 1, 0, 1, 0, 1, -1, 0, 2, 1, -1, -1, -1, 1, 1, 0 ] ], 
          [ [ 1, -3, 0, 2, 2, 1, 0, 0, 0, 1, 0, 1, -1, 0, 1, -2, 0, -2, -2, -1 ], 
              [ 1, 3, 0, -2, -2, -1, 0, 0, 0, -1, 0, -1, 1, 0, -1, 2, 0, 2, 2, 1 ] ], 
          [ [ 1, -2, 0, 1, 1, 1, 0, -1, 1, 1, 0, 0, 0, 0, 0, 0, 0, 0, -1, 0 ], 
              [ 1, 2, 0, -1, -1, -1, 0, 1, -1, -1, 0, 0, 0, 0, 0, 0, 0, 0, 1, 0 ] ], 
          [ [ 1, -5, 1, 2, 2, 2, 1, 1, -1, 1, 0, 0, 0, 0, 1, -1, 0, -2, -2, -1 ], 
              [ 1, 5, -1, -2, -2, -2, -1, -1, 1, -1, 0, 0, 0, 0, -1, 1, 0, 2, 2, 1 ] ], 
          [ [ 1, -2, 0, 1, 1, 1, 0, -1, 1, 1, 0, 0, 0, 1, 0, 0, -1, -1, -1, 0 ], 
              [ 1, 2, 0, -1, -1, -1, 0, 1, -1, -1, 0, 0, 0, -1, 0, 0, 1, 1, 1, 0 ] ], 
          [ [ 1, 4, -2, -2, 0, 0, -1, 0, 0, 0, -2, -1, 2, 1, 1, 0, -2, 2, 1, 0 ], 
              [ 1, -4, 2, 2, 0, 0, 1, 0, 0, 0, 2, 1, -2, -1, -1, 0, 2, -2, -1, 0 ] ], 
          [ [ 1, -5, 2, 3, 2, 0, 0, 0, -1, 1, 1, 2, -3, 0, 1, -1, 1, -3, -2, 0 ], 
              [ 1, 5, -2, -3, -2, 0, 0, 0, 1, -1, -1, -2, 3, 0, -1, 1, -1, 3, 2, 0 ] ], 
          [ [ 1, 1, 0, 0, -1, 0, -1, 0, 0, 1, 0, 0, 0, 0, 0, 0, 0, 1, 0, 1 ], 
              [ 1, -1, 0, 0, 1, 0, 1, 0, 0, -1, 0, 0, 0, 0, 0, 0, 0, -1, 0, -1 ] ], 
          [ [ 1, 4, -1, -1, 0, -2, -2, -1, 0, 0, 0, 0, -1, 0, 1, 1, -1, 2, 1, 1 ], 
              [ 1, -4, 1, 1, 0, 2, 2, 1, 0, 0, 0, 0, 1, 0, -1, -1, 1, -2, -1, -1 ] ], 
          [ [ 1, 6, -1, -2, -1, -2, -1, 0, -1, -1, -1, 0, 0, -1, 1, 1, -1, 2, 1, 1 ], 
              [ 1, -6, 1, 2, 1, 2, 1, 0, 1, 1, 1, 0, 0, 1, -1, -1, 1, -2, -1, -1 ] ], 
          [ [ 1, 0, 0, 1, 1, -1, -1, 0, 0, 0, 1, 1, -2, -1, 1, 0, 0, -1, -1, 0 ], 
              [ 1, 0, 0, -1, -1, 1, 1, 0, 0, 0, -1, -1, 2, 1, -1, 0, 0, 1, 1, 0 ] ], 
          [ [ 1, 0, 0, 1, 1, -1, 0, -1, 0, 0, 1, 1, -2, -1, 1, 0, 0, -1, -1, 0 ], 
              [ 1, 0, 0, -1, -1, 1, 0, 1, 0, 0, -1, -1, 2, 1, -1, 0, 0, 1, 1, 0 ] ], 
          [ [ 1, 1, -1, 0, 0, 0, -1, 0, 0, 1, 0, 0, 0, 1, 1, -1, -1, 0, 0, 0 ], 
              [ 1, -1, 1, 0, 0, 0, 1, 0, 0, -1, 0, 0, 0, -1, -1, 1, 1, 0, 0, 0 ] ], 
          [ [ 1, 1, 1, 0, 1, -1, 0, 0, -1, -1, -1, -1, 0, -1, 1, 1, 0, 1, 0, 0 ], 
              [ 1, -1, -1, 0, -1, 1, 0, 0, 1, 1, 1, 1, 0, 1, -1, -1, 0, -1, 0, 0 ] ], 
          [ [ 1, -5, 1, 2, 2, 2, 0, 0, 1, 2, 0, 0, 0, 1, 0, -1, 0, -2, -2, -1 ], 
              [ 1, 5, -1, -2, -2, -2, 0, 0, -1, -2, 0, 0, 0, -1, 0, 1, 0, 2, 2, 1 ] ], 
          [ [ 1, -3, 2, 2, 1, 0, 0, 0, 0, 1, 1, 1, -2, -1, 0, 0, 1, -2, -2, 0 ], 
              [ 1, 3, -2, -2, -1, 0, 0, 0, 0, -1, -1, -1, 2, 1, 0, 0, -1, 2, 2, 0 ] ], 
          [ [ 1, 0, 1, 1, 1, 0, 0, 0, -2, -1, 0, 0, -1, -2, 1, 1, 1, 0, -1, 0 ], 
              [ 1, 0, -1, -1, -1, 0, 0, 0, 2, 1, 0, 0, 1, 2, -1, -1, -1, 0, 1, 0 ] ], 
          [ [ 1, -2, 1, 1, 2, 1, 0, 0, -1, 0, -1, 0, 0, 0, 1, 0, 0, -1, -1, -1 ], 
              [ 1, 2, -1, -1, -2, -1, 0, 0, 1, 0, 1, 0, 0, 0, -1, 0, 0, 1, 1, 1 ] ], 
          [ [ 1, -5, 2, 3, 2, 1, 0, 0, -1, 1, 1, 1, -2, 0, 0, 0, 1, -3, -2, 0 ], 
              [ 1, 5, -2, -3, -2, -1, 0, 0, 1, -1, -1, -1, 2, 0, 0, 0, -1, 3, 2, 0 ] ], 
          [ [ 1, 1, 0, 0, 1, 0, 0, 0, -2, 0, -1, 0, 0, 0, 1, 0, -1, 0, 0, 0 ], 
              [ 1, -1, 0, 0, -1, 0, 0, 0, 2, 0, 1, 0, 0, 0, -1, 0, 1, 0, 0, 0 ] ], 
          [ [ 1, 0, 0, 1, 0, 0, -1, 0, 1, -1, -1, 0, 0, 0, 1, -1, 0, 0, -1, 1 ], 
              [ 1, 0, 0, -1, 0, 0, 1, 0, -1, 1, 1, 0, 0, 0, -1, 1, 0, 0, 1, -1 ] ], 
          [ [ 1, 0, 0, 1, 0, 0, -1, 0, 1, -1, 0, -1, 0, -1, 1, 0, 1, 1, -1, 1 ], 
              [ 1, 0, 0, -1, 0, 0, 1, 0, -1, 1, 0, 1, 0, 1, -1, 0, -1, -1, 1, -1 ] ], 
          [ [ 1, 4, -1, -1, -2, -1, -2, 0, 1, -1, -1, -1, 1, 0, 1, 0, 0, 3, 1, 2 ], 
              [ 1, -4, 1, 1, 2, 1, 2, 0, -1, 1, 1, 1, -1, 0, -1, 0, 0, -3, -1, -2 ] ], 
          [ [ 1, 0, 1, 1, 0, -1, -1, 0, 1, -1, 0, 0, -1, -1, 1, 0, 1, 0, -1, 1 ], 
              [ 1, 0, -1, -1, 0, 1, 1, 0, -1, 1, 0, 0, 1, 1, -1, 0, -1, 0, 1, -1 ] ], 
          [ [ 1, 1, 1, 1, 0, -2, -1, 0, 0, -2, 0, -1, -1, -1, 1, 1, 1, 1, 0, 2 ], 
              [ 1, -1, -1, -1, 0, 2, 1, 0, 0, 2, 0, 1, 1, 1, -1, -1, -1, -1, 0, -2 ] ], 
          [ [ 1, 0, 0, 1, 1, -1, -1, 0, 1, -1, 0, 0, -1, -1, 1, 0, 0, 0, -1, 1 ], 
              [ 1, 0, 0, -1, -1, 1, 1, 0, -1, 1, 0, 0, 1, 1, -1, 0, 0, 0, 1, -1 ] ], 
          [ [ 1, 1, -1, 0, 0, 0, -1, 0, 1, 0, -1, -1, 1, 1, 1, -1, -1, 1, 0, 1 ], 
              [ 1, -1, 1, 0, 0, 0, 1, 0, -1, 0, 1, 1, -1, -1, -1, 1, 1, -1, 0, -1 ] ], 
          [ [ 1, 3, 0, 0, -1, -2, -1, 0, 0, -1, 0, 0, -1, -1, 1, 0, 0, 1, 0, 2 ], 
              [ 1, -3, 0, 0, 1, 2, 1, 0, 0, 1, 0, 0, 1, 1, -1, 0, 0, -1, 0, -2 ] ], 
          [ [ 1, 6, -1, -1, -1, -2, -2, -1, 0, -2, -1, -1, 0, -1, 1, 1, 0, 3, 1, 2 ], 
              [ 1, -6, 1, 1, 1, 2, 2, 1, 0, 2, 1, 1, 0, 1, -1, -1, 0, -3, -1, -2 ] ], 
          [ [ 1, 3, 0, 0, 0, -1, -1, 1, -2, -2, -1, -1, 0, -1, 2, 0, 0, 1, 0, 1 ], 
              [ 1, -3, 0, 0, 0, 1, 1, -1, 2, 2, 1, 1, 0, 1, -2, 0, 0, -1, 0, -1 ] ], 
          [ [ 1, 4, 0, -1, -1, -1, -1, 0, -1, -2, -1, -2, 1, -1, 1, 2, 0, 3, 1, 2 ], 
              [ 1, -4, 0, 1, 1, 1, 1, 0, 1, 2, 1, 2, -1, 1, -1, -2, 0, -3, -1, -2 ] ], 
          [ [ 1, -2, 1, 2, 1, 0, -1, 0, 0, -1, 0, 0, -1, -1, 1, 0, 1, 0, -1, 1 ], 
              [ 1, 2, -1, -2, -1, 0, 1, 0, 0, 1, 0, 0, 1, 1, -1, 0, -1, 0, 1, -1 ] ], 
          [ [ 1, -2, 1, 2, 1, 0, -1, 0, 0, -1, 0, 0, -1, 0, 1, 0, 1, -1, -1, 1 ], 
              [ 1, 2, -1, -2, -1, 0, 1, 0, 0, 1, 0, 0, 1, 0, -1, 0, -1, 1, 1, -1 ] ], 
          [ [ 1, -5, 1, 2, 1, 3, 0, 2, -1, 1, -1, 0, 1, 1, 1, -2, 0, -2, -2, 0 ], 
              [ 1, 5, -1, -2, -1, -3, 0, -2, 1, -1, 1, 0, -1, -1, -1, 2, 0, 2, 2, 0 ] ], 
          [ [ 1, 1, -1, 0, -1, 1, -2, -2, 3, 1, 0, -1, 1, 1, 0, 0, -1, 2, 0, 1 ], 
              [ 1, -1, 1, 0, 1, -1, 2, 2, -3, -1, 0, 1, -1, -1, 0, 0, 1, -2, 0, -1 ] ], 
          [ [ 1, 2, 0, 1, 0, -1, -1, 0, 0, -2, 0, 0, -1, -2, 1, 0, 1, 0, -1, 1 ], 
              [ 1, -2, 0, -1, 0, 1, 1, 0, 0, 2, 0, 0, 1, 2, -1, 0, -1, 0, 1, -1 ] ], 
          [ [ 1, 3, -1, 0, -1, 0, -1, 0, 0, -1, -1, -1, 1, 0, 1, -1, 0, 1, 0, 1 ], 
              [ 1, -3, 1, 0, 1, 0, 1, 0, 0, 1, 1, 1, -1, 0, -1, 1, 0, -1, 0, -1 ] ], 
          [ [ 1, 4, -1, -1, 0, -1, -1, 0, -1, -2, -2, -1, 1, 0, 2, 0, -1, 2, 1, 1 ], 
              [ 1, -4, 1, 1, 0, 1, 1, 0, 1, 2, 2, 1, -1, 0, -2, 0, 1, -2, -1, -1 ] ], 
          [ [ 1, 0, 0, 1, 0, 0, -1, 0, 0, 0, 0, 1, -1, 0, 1, -1, 0, -1, -1, 1 ], 
              [ 1, 0, 0, -1, 0, 0, 1, 0, 0, 0, 0, -1, 1, 0, -1, 1, 0, 1, 1, -1 ] ], 
          [ [ 1, 1, 0, 1, 0, -1, -1, 0, -1, -1, 0, 0, -1, 0, 1, 0, 0, 0, 0, 2 ], 
              [ 1, -1, 0, -1, 0, 1, 1, 0, 1, 1, 0, 0, 1, 0, -1, 0, 0, 0, 0, -2 ] ], 
          [ [ 1, 0, 0, 1, 0, 0, -1, 0, 0, 0, 1, 0, -1, -1, 1, 0, 0, 0, -1, 1 ], 
              [ 1, 0, 0, -1, 0, 0, 1, 0, 0, 0, -1, 0, 1, 1, -1, 0, 0, 0, 1, -1 ] ], 
          [ [ 1, 1, 1, 0, 0, 0, -1, 1, -1, -1, -2, -1, 1, 0, 1, 0, 0, 1, 0, 1 ], 
              [ 1, -1, -1, 0, 0, 0, 1, -1, 1, 1, 2, 1, -1, 0, -1, 0, 0, -1, 0, -1 ] ], 
          [ [ 1, -5, 2, 3, 2, 1, 0, 0, 0, 0, 0, 0, -1, 0, 1, -1, 1, -2, -2, 0 ], 
              [ 1, 5, -2, -3, -2, -1, 0, 0, 0, 0, 0, 0, 1, 0, -1, 1, -1, 2, 2, 0 ] ], 
          [ [ 1, -5, 2, 3, 2, 1, 0, 0, 0, 0, 0, 0, -1, 0, 0, 0, 1, -2, -2, 1 ], 
              [ 1, 5, -2, -3, -2, -1, 0, 0, 0, 0, 0, 0, 1, 0, 0, 0, -1, 2, 2, -1 ] ], 
          [ [ 1, 1, 0, 0, -1, 1, -1, 0, 1, 0, -1, -2, 2, 0, 0, 0, 0, 2, 0, 1 ], 
              [ 1, -1, 0, 0, 1, -1, 1, 0, -1, 0, 1, 2, -2, 0, 0, 0, 0, -2, 0, -1 ] ], 
          [ [ 1, 4, -1, -1, 0, -1, -2, -1, 1, -1, -1, -2, 1, 0, 1, 1, -1, 3, 1, 1 ], 
              [ 1, -4, 1, 1, 0, 1, 2, 1, -1, 1, 1, 2, -1, 0, -1, -1, 1, -3, -1, -1 ] ], 
          [ [ 1, 6, -1, -2, -1, -1, -1, 0, 0, -2, -2, -2, 2, -1, 1, 1, -1, 3, 1, 1 ], 
              [ 1, -6, 1, 2, 1, 1, 1, 0, 0, 2, 2, 2, -2, 1, -1, -1, 1, -3, -1, -1 ] ], 
          [ [ 1, 6, 0, -1, -1, -3, -2, -1, 0, -2, 0, -1, -1, -2, 1, 2, 0, 3, 1, 2 ], 
              [ 1, -6, 0, 1, 1, 3, 2, 1, 0, 2, 0, 1, 1, 2, -1, -2, 0, -3, -1, -2 ] ], 
          [ [ 1, 7, -1, -2, -2, -2, -2, -1, 0, -1, -1, -2, 1, 0, 1, 1, -1, 4, 2, 2 ], 
              [ 1, -7, 1, 2, 2, 2, 2, 1, 0, 1, 1, 2, -1, 0, -1, -1, 1, -4, -2, -2 ] ], 
          [ [ 1, 3, 0, -1, -1, 0, -1, 1, -1, 0, -1, -1, 1, 0, 1, 0, -1, 1, 0, 1 ], 
              [ 1, -3, 0, 1, 1, 0, 1, -1, 1, 0, 1, 1, -1, 0, -1, 0, 1, -1, 0, -1 ] ], 
          [ [ 1, -3, 1, 2, 1, 1, -1, 1, 0, 1, 0, 1, -1, 0, 1, -2, 0, -2, -2, 0 ], 
              [ 1, 3, -1, -2, -1, -1, 1, -1, 0, -1, 0, -1, 1, 0, -1, 2, 0, 2, 2, 0 ] ], 
          [ [ 1, -2, 1, 1, 0, 1, -1, 0, 1, 1, 0, 0, 0, 0, 0, 0, 0, 0, -1, 1 ], 
              [ 1, 2, -1, -1, 0, -1, 1, 0, -1, -1, 0, 0, 0, 0, 0, 0, 0, 0, 1, -1 ] ], 
          [ [ 1, -3, 2, 3, 2, -1, 0, 0, -1, -1, 1, 1, -3, -2, 1, 0, 2, -2, -2, 1 ], 
              [ 1, 3, -2, -3, -2, 1, 0, 0, 1, 1, -1, -1, 3, 2, -1, 0, -2, 2, 2, -1 ] ], 
          [ [ 1, -3, 2, 3, 2, -1, 0, 0, -1, -1, 1, 1, -3, -1, 1, 0, 1, -3, -2, 1 ], 
              [ 1, 3, -2, -3, -2, 1, 0, 0, 1, 1, -1, -1, 3, 1, -1, 0, -1, 3, 2, -1 ] ], 
          [ [ 1, -2, 1, 2, 1, 0, -1, 1, -1, 0, 0, 0, -1, 0, 1, -1, 1, -1, -1, 1 ], 
              [ 1, 2, -1, -2, -1, 0, 1, -1, 1, 0, 0, 0, 1, 0, -1, 1, -1, 1, 1, -1 ] ], 
          [ [ 1, 0, 1, 1, 0, 0, 0, 2, -2, -1, -1, 0, 0, -1, 1, -1, 1, -1, -1, 1 ], 
              [ 1, 0, -1, -1, 0, 0, 0, -2, 2, 1, 1, 0, 0, 1, -1, 1, -1, 1, 1, -1 ] ], 
          [ [ 1, 0, 0, 1, 0, 0, -2, -1, 2, 1, 1, 0, -1, 0, 0, 0, 0, 0, -1, 1 ], 
              [ 1, 0, 0, -1, 0, 0, 2, 1, -2, -1, -1, 0, 1, 0, 0, 0, 0, 0, 1, -1 ] ], 
          [ [ 1, 6, -1, -1, -2, -2, -2, -2, 2, -1, 0, -1, 0, -1, 0, 1, 0, 3, 1, 2 ], 
              [ 1, -6, 1, 1, 2, 2, 2, 2, -2, 1, 0, 1, 0, 1, 0, -1, 0, -3, -1, -2 ] ], 
          [ [ 1, 3, 0, 0, -1, -1, -1, 0, 0, -1, 0, -1, 0, -1, 1, 0, 0, 1, 0, 1 ], 
              [ 1, -3, 0, 0, 1, 1, 1, 0, 0, 1, 0, 1, 0, 1, -1, 0, 0, -1, 0, -1 ] ], 
          [ [ 1, 3, 0, 0, -1, -1, -1, 0, 0, -1, 0, -1, 0, -1, 0, 1, 0, 1, 0, 2 ], 
              [ 1, -3, 0, 0, 1, 1, 1, 0, 0, 1, 0, 1, 0, 1, 0, -1, 0, -1, 0, -2 ] ], 
          [ [ 1, 3, 0, 0, 1, -2, -1, 1, -2, -2, -1, 0, -1, -1, 2, 0, 0, 0, 0, 1 ], 
              [ 1, -3, 0, 0, -1, 2, 1, -1, 2, 2, 1, 0, 1, 1, -2, 0, 0, 0, 0, -1 ] ], 
          [ [ 1, 6, -2, -2, -1, -1, -2, -1, 1, 0, -1, -1, 1, 0, 1, 0, -2, 3, 1, 1 ], 
              [ 1, -6, 2, 2, 1, 1, 2, 1, -1, 0, 1, 1, -1, 0, -1, 0, 2, -3, -1, -1 ] ], 
          [ [ 1, -2, 0, 1, 1, 1, -1, 0, 1, 1, 0, 0, 0, 1, 1, -1, -1, -1, -1, 0 ], 
              [ 1, 2, 0, -1, -1, -1, 1, 0, -1, -1, 0, 0, 0, -1, -1, 1, 1, 1, 1, 0 ] ], 
          [ [ 1, 3, -1, 0, 0, -1, -1, 0, 0, -1, -1, 0, 0, 0, 1, -1, -1, 0, 0, 1 ], 
              [ 1, -3, 1, 0, 0, 1, 1, 0, 0, 1, 1, 0, 0, 0, -1, 1, 1, 0, 0, -1 ] ], 
          [ [ 1, 3, -1, 0, 0, -1, -1, 0, 0, -1, 0, -1, 0, -1, 1, 0, 0, 1, 0, 1 ], 
              [ 1, -3, 1, 0, 0, 1, 1, 0, 0, 1, 0, 1, 0, 1, -1, 0, 0, -1, 0, -1 ] ], 
          [ [ 1, 1, 1, 1, 0, -2, -1, 0, -1, -1, 1, 0, -2, -1, 1, 1, 1, 0, 0, 2 ], 
              [ 1, -1, -1, -1, 0, 2, 1, 0, 1, 1, -1, 0, 2, 1, -1, -1, -1, 0, 0, -2 ] ], 
          [ [ 1, -3, 1, 2, 1, 2, 0, 0, 0, 1, 0, 0, 0, 0, 0, -1, 0, -2, -2, 0 ], 
              [ 1, 3, -1, -2, -1, -2, 0, 0, 0, -1, 0, 0, 0, 0, 0, 1, 0, 2, 2, 0 ] ], 
          [ [ 1, -2, 1, 1, 1, 1, 0, 1, -1, 0, -1, 0, 0, 0, 1, -1, 0, -1, -1, 0 ], 
              [ 1, 2, -1, -1, -1, -1, 0, -1, 1, 0, 1, 0, 0, 0, -1, 1, 0, 1, 1, 0 ] ], 
          [ [ 1, 0, 0, 0, 0, 1, -1, -1, 2, 1, 0, 0, 0, 0, 0, 0, -1, 0, -1, 0 ], 
              [ 1, 0, 0, 0, 0, -1, 1, 1, -2, -1, 0, 0, 0, 0, 0, 0, 1, 0, 1, 0 ] ], 
          [ [ 1, 1, 0, 0, 0, 0, -1, -1, 1, 0, 0, -1, 0, 0, 0, 1, 0, 1, 0, 1 ], 
              [ 1, -1, 0, 0, 0, 0, 1, 1, -1, 0, 0, 1, 0, 0, 0, -1, 0, -1, 0, -1 ] ], 
          [ [ 1, 8, -3, -3, -3, -2, -1, 0, 0, -1, -1, -1, 2, 0, 1, 0, -1, 4, 2, 0 ], 
              [ 1, -8, 3, 3, 3, 2, 1, 0, 0, 1, 1, 1, -2, 0, -1, 0, 1, -4, -2, 0 ] ], 
          [ [ 1, 3, -2, -1, -2, -1, -1, -1, 2, 0, 0, 0, 1, 0, 0, 0, 0, 3, 1, 0 ], 
              [ 1, -3, 2, 1, 2, 1, 1, 1, -2, 0, 0, 0, -1, 0, 0, 0, 0, -3, -1, 0 ] ], 
          [ [ 1, 2, -2, -1, -1, -1, 0, 0, 1, 0, 0, 1, 0, 0, 1, -1, 0, 1, 0, -1 ], 
              [ 1, -2, 2, 1, 1, 1, 0, 0, -1, 0, 0, -1, 0, 0, -1, 1, 0, -1, 0, 1 ] ], 
          [ [ 1, 0, -1, -1, -1, 0, 0, 0, 2, 1, 0, 0, 1, 0, 0, 0, 0, 2, 0, -1 ], 
              [ 1, 0, 1, 1, 1, 0, 0, 0, -2, -1, 0, 0, -1, 0, 0, 0, 0, -2, 0, 1 ] ], 
          [ [ 1, 0, 0, 0, 1, -1, 1, 0, -1, -2, -1, 0, 0, -1, 1, 1, 1, 1, 0, -1 ], 
              [ 1, 0, 0, 0, -1, 1, -1, 0, 1, 2, 1, 0, 0, 1, -1, -1, -1, -1, 0, 1 ] ], 
          [ [ 1, -4, 1, 2, 1, 0, 1, 0, 0, 0, 1, 2, -2, -1, 0, 0, 2, -2, -2, -1 ], 
              [ 1, 4, -1, -2, -1, 0, -1, 0, 0, 0, -1, -2, 2, 1, 0, 0, -2, 2, 2, 1 ] ], 
          [ [ 1, 2, -1, -1, -2, 0, 0, 0, 1, 0, 0, 0, 1, -1, 0, 0, 1, 2, 0, -1 ], 
              [ 1, -2, 1, 1, 2, 0, 0, 0, -1, 0, 0, 0, -1, 1, 0, 0, -1, -2, 0, 1 ] ], 
          [ [ 1, 3, -1, -2, -1, -1, 0, 0, 0, -1, -1, 0, 1, -1, 1, 1, 0, 3, 1, -1 ], 
              [ 1, -3, 1, 2, 1, 1, 0, 0, 0, 1, 1, 0, -1, 1, -1, -1, 0, -3, -1, 1 ] ], 
          [ [ 1, 2, -1, -1, 0, -1, 0, 1, -1, -1, -1, 1, 0, -1, 1, 0, 0, 1, 0, -1 ], 
              [ 1, -2, 1, 1, 0, 1, 0, -1, 1, 1, 1, -1, 0, 1, -1, 0, 0, -1, 0, 1 ] ], 
          [ [ 1, 2, -1, -1, 0, -1, 1, 0, -1, -1, -1, 1, 0, -1, 1, 0, 0, 1, 0, -1 ], 
              [ 1, -2, 1, 1, 0, 1, -1, 0, 1, 1, 1, -1, 0, 1, -1, 0, 0, -1, 0, 1 ] ], 
          [ [ 1, 3, -2, -2, -1, 0, 0, 1, -1, 0, -2, 0, 2, 1, 1, -1, -1, 2, 1, -1 ], 
              [ 1, -3, 2, 2, 1, 0, 0, -1, 1, 0, 2, 0, -2, -1, -1, 1, 1, -2, -1, 1 ] ], 
          [ [ 1, 5, -2, -2, -1, -2, -1, -1, 1, -1, 0, 0, 0, -1, 1, 1, 0, 3, 1, -1 ], 
              [ 1, -5, 2, 2, 1, 2, 1, 1, -1, 1, 0, 0, 0, 1, -1, -1, 0, -3, -1, 1 ] ], 
          [ [ 1, 2, -2, -2, -1, 1, 0, 1, 0, 1, -1, 0, 2, 0, 1, -1, -1, 2, 0, -2 ], 
              [ 1, -2, 2, 2, 1, -1, 0, -1, 0, -1, 1, 0, -2, 0, -1, 1, 1, -2, 0, 2 ] ], 
          [ [ 1, 5, -3, -3, -2, 0, -1, -1, 2, 1, -1, 0, 2, 1, 0, 0, -2, 3, 1, -1 ], 
              [ 1, -5, 3, 3, 2, 0, 1, 1, -2, -1, 1, 0, -2, -1, 0, 0, 2, -3, -1, 1 ] ], 
          [ [ 1, 2, -1, -1, 0, -1, 1, 0, -1, -1, 0, 0, 0, -1, 1, 1, 0, 1, 0, -1 ], 
              [ 1, -2, 1, 1, 0, 1, -1, 0, 1, 1, 0, 0, 0, 1, -1, -1, 0, -1, 0, 1 ] ], 
          [ [ 1, 8, -2, -3, -2, -3, 0, 0, -1, -3, -1, -1, 1, -2, 1, 2, 0, 4, 2, 0 ], 
              [ 1, -8, 2, 3, 2, 3, 0, 0, 1, 3, 1, 1, -1, 2, -1, -2, 0, -4, -2, 0 ] ], 
          [ [ 1, -6, 1, 2, 2, 1, 2, 1, -1, 0, 0, 2, -1, 0, 1, -1, 1, -3, -2, -2 ], 
              [ 1, 6, -1, -2, -2, -1, -2, -1, 1, 0, 0, -2, 1, 0, -1, 1, -1, 3, 2, 2 ] ], 
          [ [ 1, -3, -1, 0, 0, 2, 0, 0, 2, 2, 0, 1, 1, 1, 0, -1, -1, 0, -1, -2 ], 
              [ 1, 3, 1, 0, 0, -2, 0, 0, -2, -2, 0, -1, -1, -1, 0, 1, 1, 0, 1, 2 ] ], 
          [ [ 1, -3, -1, 0, 0, 2, 0, 0, 2, 2, 0, 1, 1, 1, 0, -1, 0, 0, -1, -2 ], 
              [ 1, 3, 1, 0, 0, -2, 0, 0, -2, -2, 0, -1, -1, -1, 0, 1, 0, 0, 1, 2 ] ], 
          [ [ 1, -4, 0, 2, 2, 0, 1, 0, 0, 0, 1, 2, -2, -1, 1, -1, 1, -2, -2, -2 ], 
              [ 1, 4, 0, -2, -2, 0, -1, 0, 0, 0, -1, -2, 2, 1, -1, 1, -1, 2, 2, 2 ] ], 
          [ [ 1, -3, 0, 1, 1, 0, 1, -1, 1, 0, 1, 1, -1, -1, 0, 1, 1, 0, -1, -1 ], 
              [ 1, 3, 0, -1, -1, 0, -1, 1, -1, 0, -1, -1, 1, 1, 0, -1, -1, 0, 1, 1 ] ], 
          [ [ 1, -2, -1, 0, 0, 1, 0, 0, 1, 1, 0, 0, 1, 1, 0, 0, 0, 1, 0, -1 ], 
              [ 1, 2, 1, 0, 0, -1, 0, 0, -1, -1, 0, 0, -1, -1, 0, 0, 0, -1, 0, 1 ] ], 
          [ [ 1, 2, -2, -1, -1, 0, 0, 0, 1, 0, -1, 1, 1, 0, 0, -1, 0, 1, 0, -1 ], 
              [ 1, -2, 2, 1, 1, 0, 0, 0, -1, 0, 1, -1, -1, 0, 0, 1, 0, -1, 0, 1 ] ], 
          [ [ 1, -1, -1, 0, 0, 1, 1, 2, -1, 0, -1, 1, 1, 0, 1, -2, 0, -1, -1, -2 ], 
              [ 1, 1, 1, 0, 0, -1, -1, -2, 1, 0, 1, -1, -1, 0, -1, 2, 0, 1, 1, 2 ] ], 
          [ [ 1, 0, -1, -1, -1, 1, 1, 1, 0, 0, -1, 0, 2, 0, 0, 0, 0, 1, 0, -1 ], 
              [ 1, 0, 1, 1, 1, -1, -1, -1, 0, 0, 1, 0, -2, 0, 0, 0, 0, -1, 0, 1 ] ], 
          [ [ 1, -1, 0, 1, 1, -1, 2, 1, -2, -2, 0, 1, -1, -2, 1, 0, 2, -1, -1, -1 ], 
              [ 1, 1, 0, -1, -1, 1, -2, -1, 2, 2, 0, -1, 1, 2, -1, 0, -2, 1, 1, 1 ] ], 
          [ [ 1, 5, -3, -2, -2, -1, -1, -2, 3, 0, 0, 0, 1, 0, 0, 0, -1, 3, 1, -1 ], 
              [ 1, -5, 3, 2, 2, 1, 1, 2, -3, 0, 0, 0, -1, 0, 0, 0, 1, -3, -1, 1 ] ], 
          [ [ 1, 2, -2, -1, -1, 0, 0, 0, 1, 0, 0, 0, 1, -1, 0, 0, 0, 2, 0, -1 ], 
              [ 1, -2, 2, 1, 1, 0, 0, 0, -1, 0, 0, 0, -1, 1, 0, 0, 0, -2, 0, 1 ] ], 
          [ [ 1, 2, -2, -1, -1, 0, 0, 0, 1, 0, 0, 0, 1, 0, 0, 0, 0, 1, 0, -1 ], 
              [ 1, -2, 2, 1, 1, 0, 0, 0, -1, 0, 0, 0, -1, 0, 0, 0, 0, -1, 0, 1 ] ], 
          [ [ 1, 3, -2, -2, 0, -1, 0, 0, 0, -1, -1, 0, 1, 0, 1, 1, -1, 2, 1, -1 ], 
              [ 1, -3, 2, 2, 0, 1, 0, 0, 0, 1, 1, 0, -1, 0, -1, -1, 1, -2, -1, 1 ] ], 
          [ [ 1, 8, -4, -4, -2, -1, 0, 0, 0, -1, -2, -1, 3, 0, 1, 0, -2, 4, 2, -1 ], 
              [ 1, -8, 4, 4, 2, 1, 0, 0, 0, 1, 2, 1, -3, 0, -1, 0, 2, -4, -2, 1 ] ], 
          [ [ 1, 0, 0, 0, -1, -1, 0, 0, 0, 0, 1, 1, -1, -1, 0, 1, 1, 1, 0, 0 ], 
              [ 1, 0, 0, 0, 1, 1, 0, 0, 0, 0, -1, -1, 1, 1, 0, -1, -1, -1, 0, 0 ] ], 
          [ [ 1, 6, -2, -3, -2, -2, 0, 0, -1, -1, -1, 0, 1, 0, 1, 1, -1, 3, 2, 0 ], 
              [ 1, -6, 2, 3, 2, 2, 0, 0, 1, 1, 1, 0, -1, 0, -1, -1, 1, -3, -2, 0 ] ], 
          [ [ 1, 8, -3, -3, -2, -3, -1, -1, 0, -1, 0, 0, 0, -1, 1, 1, -1, 4, 2, 0 ], 
              [ 1, -8, 3, 3, 2, 3, 1, 1, 0, 1, 0, 0, 0, 1, -1, -1, 1, -4, -2, 0 ] ], 
          [ [ 1, 0, -1, 0, 0, -1, 0, 0, 0, 0, 0, 2, -1, 0, 1, -1, 0, 0, 0, -1 ], 
              [ 1, 0, 1, 0, 0, 1, 0, 0, 0, 0, 0, -2, 1, 0, -1, 1, 0, 0, 0, 1 ] ], 
          [ [ 1, -3, 0, 1, 1, 0, 1, 2, -2, 0, 0, 2, -1, 0, 1, -1, 1, -2, -1, -1 ], 
              [ 1, 3, 0, -1, -1, 0, -1, -2, 2, 0, 0, -2, 1, 0, -1, 1, -1, 2, 1, 1 ] ], 
          [ [ 1, 0, -1, 0, 0, -1, 0, 0, 0, 0, 1, 1, -1, -1, 1, 0, 1, 1, 0, -1 ], 
              [ 1, 0, 1, 0, 0, 1, 0, 0, 0, 0, -1, -1, 1, 1, -1, 0, -1, -1, 0, 1 ] ], 
          [ [ 1, 3, -2, -1, -1, -2, -1, -2, 2, 0, 1, 1, -1, 0, 0, 1, 0, 2, 1, 0 ], 
              [ 1, -3, 2, 1, 1, 2, 1, 2, -2, 0, -1, -1, 1, 0, 0, -1, 0, -2, -1, 0 ] ], 
          [ [ 1, 0, -1, 0, 0, -1, 0, 0, 0, 0, 1, 1, -1, 0, 1, 0, 0, 0, 0, -1 ], 
              [ 1, 0, 1, 0, 0, 1, 0, 0, 0, 0, -1, -1, 1, 0, -1, 0, 0, 0, 0, 1 ] ], 
          [ [ 1, 0, -2, -1, -1, 1, 0, 0, 1, 2, 0, 1, 1, 1, 0, -1, -1, 1, 0, -1 ], 
              [ 1, 0, 2, 1, 1, -1, 0, 0, -1, -2, 0, -1, -1, -1, 0, 1, 1, -1, 0, 1 ] ], 
          [ [ 1, -1, 0, 0, 1, 0, 1, 1, -1, 0, -1, 1, 0, 0, 1, -1, 0, -1, -1, -2 ], 
              [ 1, 1, 0, 0, -1, 0, -1, -1, 1, 0, 1, -1, 0, 0, -1, 1, 0, 1, 1, 2 ] ], 
          [ [ 1, 0, 0, -1, 0, 0, 1, 0, 0, 0, -1, 0, 1, 0, 0, 1, 0, 1, 0, -1 ], 
              [ 1, 0, 0, 1, 0, 0, -1, 0, 0, 0, 1, 0, -1, 0, 0, -1, 0, -1, 0, 1 ] ], 
          [ [ 1, 2, -1, -1, 0, -1, 0, -1, 1, 0, 0, 0, 0, -1, 0, 1, 0, 2, 0, -1 ], 
              [ 1, -2, 1, 1, 0, 1, 0, 1, -1, 0, 0, 0, 0, 1, 0, -1, 0, -2, 0, 1 ] ], 
          [ [ 1, 5, -2, -3, -2, 0, 0, 1, 0, 0, -2, -1, 3, 0, 0, 0, -1, 3, 1, -1 ], 
              [ 1, -5, 2, 3, 2, 0, 0, -1, 0, 0, 2, 1, -3, 0, 0, 0, 1, -3, -1, 1 ] ], 
          [ [ 1, -6, 1, 2, 2, 1, 1, 0, 1, 1, 0, 2, -1, 0, 0, -1, 1, -2, -2, -2 ], 
              [ 1, 6, -1, -2, -2, -1, -1, 0, -1, -1, 0, -2, 1, 0, 0, 1, -1, 2, 2, 2 ] ], 
          [ [ 1, -6, 1, 2, 2, 1, 1, 0, 1, 1, 1, 1, -1, 0, 0, 0, 1, -2, -2, -2 ], 
              [ 1, 6, -1, -2, -2, -1, -1, 0, -1, -1, -1, -1, 1, 0, 0, 0, -1, 2, 2, 2 ] ], 
          [ [ 1, 0, 0, 0, 0, -1, 1, -1, 1, -1, 0, 0, 0, -1, 0, 1, 1, 1, 0, -1 ], 
              [ 1, 0, 0, 0, 0, 1, -1, 1, -1, 1, 0, 0, 0, 1, 0, -1, -1, -1, 0, 1 ] ], 
          [ [ 1, -1, 0, 1, 1, -1, 1, 0, 0, -1, 0, 1, -1, -1, 0, 0, 1, -1, -1, -1 ], 
              [ 1, 1, 0, -1, -1, 1, -1, 0, 0, 1, 0, -1, 1, 1, 0, 0, -1, 1, 1, 1 ] ], 
          [ [ 1, -1, -1, 0, 0, 1, 1, 0, 1, 1, 0, 0, 1, 0, 0, -1, 0, 0, -1, -2 ], 
              [ 1, 1, 1, 0, 0, -1, -1, 0, -1, -1, 0, 0, -1, 0, 0, 1, 0, 0, 1, 2 ] ], 
          [ [ 1, 0, -1, -1, 1, 0, 1, 0, 0, 0, -1, 0, 1, 0, 1, 0, -1, 1, 0, -2 ], 
              [ 1, 0, 1, 1, -1, 0, -1, 0, 0, 0, 1, 0, -1, 0, -1, 0, 1, -1, 0, 2 ] ], 
          [ [ 1, 0, -2, -1, 0, 1, 0, 0, 2, 1, -1, 0, 2, 1, 0, -1, -1, 1, 0, -2 ], 
              [ 1, 0, 2, 1, 0, -1, 0, 0, -2, -1, 1, 0, -2, -1, 0, 1, 1, -1, 0, 2 ] ], 
          [ [ 1, -3, 1, 1, 0, 0, 1, 0, 0, 1, 1, 1, -1, 0, 0, 0, 1, -1, -1, -1 ], 
              [ 1, 3, -1, -1, 0, 0, -1, 0, 0, -1, -1, -1, 1, 0, 0, 0, -1, 1, 1, 1 ] ], 
          [ [ 1, 6, -2, -3, -2, -2, -1, -1, 1, 0, -1, 0, 1, 0, 0, 1, -1, 4, 2, 0 ], 
              [ 1, -6, 2, 3, 2, 2, 1, 1, -1, 0, 1, 0, -1, 0, 0, -1, 1, -4, -2, 0 ] ], 
          [ [ 1, 3, -1, -2, -1, -1, 0, 1, -1, 0, -1, 0, 1, 0, 1, 0, -1, 2, 1, -1 ], 
              [ 1, -3, 1, 2, 1, 1, 0, -1, 1, 0, 1, 0, -1, 0, -1, 0, 1, -2, -1, 1 ] ], 
          [ [ 1, 3, -1, -2, -1, -1, 0, 1, -1, 0, -1, 0, 1, 0, 1, 0, 0, 2, 1, -1 ], 
              [ 1, -3, 1, 2, 1, 1, 0, -1, 1, 0, 1, 0, -1, 0, -1, 0, 0, -2, -1, 1 ] ], 
          [ [ 1, 3, 0, -1, 0, -3, 1, 0, -2, -2, 0, 0, -1, -2, 1, 2, 1, 2, 1, 0 ], 
              [ 1, -3, 0, 1, 0, 3, -1, 0, 2, 2, 0, 0, 1, 2, -1, -2, -1, -2, -1, 0 ] ], 
          [ [ 1, 6, -2, -3, -2, -2, -1, -1, 1, 0, 0, -1, 1, 0, 0, 2, -1, 4, 2, 0 ], 
              [ 1, -6, 2, 3, 2, 2, 1, 1, -1, 0, 0, 1, -1, 0, 0, -2, 1, -4, -2, 0 ] ], 
          [ [ 1, -2, 0, 0, 0, 0, 0, 0, 1, 1, 0, 1, 0, 1, 0, 0, 0, 0, 0, -1 ], 
              [ 1, 2, 0, 0, 0, 0, 0, 0, -1, -1, 0, -1, 0, -1, 0, 0, 0, 0, 0, 1 ] ], 
          [ [ 1, -3, 1, 2, 2, -2, 1, 0, -1, -1, 1, 2, -3, -1, 1, 0, 2, -2, -1, -1 ], 
              [ 1, 3, -1, -2, -2, 2, -1, 0, 1, 1, -1, -2, 3, 1, -1, 0, -2, 2, 1, 1 ] ], 
          [ [ 1, -6, 1, 2, 2, 1, 2, 2, -2, 1, 0, 2, -1, 0, 1, -2, 1, -3, -2, -2 ], 
              [ 1, 6, -1, -2, -2, -1, -2, -2, 2, -1, 0, -2, 1, 0, -1, 2, -1, 3, 2, 2 ] ], 
          [ [ 1, -3, 0, 1, 1, 0, 1, 0, 0, 1, 0, 2, -1, 1, 0, -1, 0, -2, -1, -1 ], 
              [ 1, 3, 0, -1, -1, 0, -1, 0, 0, -1, 0, -2, 1, -1, 0, 1, 0, 2, 1, 1 ] ], 
          [ [ 1, 0, -1, 0, 0, -1, -1, -1, 2, 1, 1, 1, -1, 0, 0, 0, 0, 1, 0, -1 ], 
              [ 1, 0, 1, 0, 0, 1, 1, 1, -2, -1, -1, -1, 1, 0, 0, 0, 0, -1, 0, 1 ] ], 
          [ [ 1, 0, -1, 0, 0, -1, 0, -2, 2, 1, 1, 1, -1, 0, 0, 0, 0, 1, 0, -1 ], 
              [ 1, 0, 1, 0, 0, 1, 0, 2, -2, -1, -1, -1, 1, 0, 0, 0, 0, -1, 0, 1 ] ], 
          [ [ 1, -4, 0, 1, 1, 1, 1, 0, 1, 2, 1, 2, -1, 0, 0, -1, 0, -2, -2, -2 ], 
              [ 1, 4, 0, -1, -1, -1, -1, 0, -1, -2, -1, -2, 1, 0, 0, 1, 0, 2, 2, 2 ] ], 
          [ [ 1, -3, -1, 0, 0, 2, 0, 1, 1, 3, 0, 1, 1, 2, 0, -2, -1, -1, -1, -2 ], 
              [ 1, 3, 1, 0, 0, -2, 0, -1, -1, -3, 0, -1, -1, -2, 0, 2, 1, 1, 1, 2 ] ], 
          [ [ 1, 2, -1, -1, -1, -1, 0, 0, 1, 0, 0, 1, 0, -1, 0, 0, 0, 1, 0, -1 ], 
              [ 1, -2, 1, 1, 1, 1, 0, 0, -1, 0, 0, -1, 0, 1, 0, 0, 0, -1, 0, 1 ] ], 
          [ [ 1, 3, -2, -2, -2, 0, 0, 0, 1, 1, -1, 0, 2, 1, 0, -1, -1, 2, 1, -1 ], 
              [ 1, -3, 2, 2, 2, 0, 0, 0, -1, -1, 1, 0, -2, -1, 0, 1, 1, -2, -1, 1 ] ], 
          [ [ 1, -3, 0, 1, 1, 0, 1, 0, 0, 1, 1, 1, -1, 0, 0, 0, 0, -1, -1, -1 ], 
              [ 1, 3, 0, -1, -1, 0, -1, 0, 0, -1, -1, -1, 1, 0, 0, 0, 0, 1, 1, 1 ] ], 
          [ [ 1, -3, 0, 1, 1, 0, 1, 0, 0, 1, 1, 1, -1, 0, 0, 0, 1, -1, -1, -1 ], 
              [ 1, 3, 0, -1, -1, 0, -1, 0, 0, -1, -1, -1, 1, 0, 0, 0, -1, 1, 1, 1 ] ], 
          [ [ 1, 3, -1, -1, -1, -2, 0, 0, 0, -1, 0, 0, 0, -1, 0, 1, 1, 2, 1, 0 ], 
              [ 1, -3, 1, 1, 1, 2, 0, 0, 0, 1, 0, 0, 0, 1, 0, -1, -1, -2, -1, 0 ] ], 
          [ [ 1, 6, -3, -3, -1, -2, -1, -1, 1, 0, -1, 0, 1, 1, 1, 0, -2, 3, 2, -1 ], 
              [ 1, -6, 3, 3, 1, 2, 1, 1, -1, 0, 1, 0, -1, -1, -1, 0, 2, -3, -2, 1 ] ], 
          [ [ 1, 3, -2, -2, 0, -1, 0, 1, -1, 0, -1, 0, 1, 0, 1, 0, -1, 2, 1, -1 ], 
              [ 1, -3, 2, 2, 0, 1, 0, -1, 1, 0, 1, 0, -1, 0, -1, 0, 1, -2, -1, 1 ] ], 
          [ [ 1, 2, -1, -1, 0, 0, 1, 0, -1, -1, -1, 0, 1, -1, 1, 0, 0, 1, 0, -2 ], 
              [ 1, -2, 1, 1, 0, 0, -1, 0, 1, 1, 1, 0, -1, 1, -1, 0, 0, -1, 0, 2 ] ], 
          [ [ 1, 2, -1, -1, 0, 0, 1, 0, -1, -1, -1, 0, 1, -1, 0, 1, 0, 1, 0, -1 ], 
              [ 1, -2, 1, 1, 0, 0, -1, 0, 1, 1, 1, 0, -1, 1, 0, -1, 0, -1, 0, 1 ] ], 
          [ [ 1, -6, 1, 2, 1, 2, 1, 0, 0, 2, 1, 2, -1, 0, 0, -1, 1, -2, -2, -2 ], 
              [ 1, 6, -1, -2, -1, -2, -1, 0, 0, -2, -1, -2, 1, 0, 0, 1, -1, 2, 2, 2 ] ], 
          [ [ 1, -1, 0, 1, 0, 0, 1, 0, -1, 0, 1, 1, -1, -1, 0, 0, 1, -1, -1, -1 ], 
              [ 1, 1, 0, -1, 0, 0, -1, 0, 1, 0, -1, -1, 1, 1, 0, 0, -1, 1, 1, 1 ] ], 
          [ [ 1, 0, -1, -1, 0, 1, 0, 1, -1, 1, -1, 1, 1, 1, 1, -1, -1, 0, 0, -2 ], 
              [ 1, 0, 1, 1, 0, -1, 0, -1, 1, -1, 1, -1, -1, -1, -1, 1, 1, 0, 0, 2 ] ], 
          [ [ 1, 0, 0, 0, 1, -1, 1, 0, -2, -1, 0, 1, -1, -1, 1, 1, 0, 0, 0, -1 ], 
              [ 1, 0, 0, 0, -1, 1, -1, 0, 2, 1, 0, -1, 1, 1, -1, -1, 0, 0, 0, 1 ] ], 
          [ [ 1, 0, 0, 0, 1, -1, 1, 0, -2, -1, 0, 1, -1, -1, 1, 1, 1, 0, 0, -1 ], 
              [ 1, 0, 0, 0, -1, 1, -1, 0, 2, 1, 0, -1, 1, 1, -1, -1, -1, 0, 0, 1 ] ], 
          [ [ 1, 3, -2, -2, -1, 0, -1, -1, 1, 1, 0, 0, 1, 0, 0, 1, -1, 3, 1, -1 ], 
              [ 1, -3, 2, 2, 1, 0, 1, 1, -1, -1, 0, 0, -1, 0, 0, -1, 1, -3, -1, 1 ] ], 
          [ [ 1, 5, -2, -2, -1, -1, 0, 1, -2, -1, -1, 0, 1, -1, 1, 0, 0, 2, 1, -1 ], 
              [ 1, -5, 2, 2, 1, 1, 0, -1, 2, 1, 1, 0, -1, 1, -1, 0, 0, -2, -1, 1 ] ], 
          [ [ 1, -6, 0, 2, 2, 2, 1, 0, 0, 2, 1, 2, -1, 1, 0, -1, 0, -3, -2, -2 ], 
              [ 1, 6, 0, -2, -2, -2, -1, 0, 0, -2, -1, -2, 1, -1, 0, 1, 0, 3, 2, 2 ] ], 
          [ [ 1, 0, -1, 0, 0, 0, 0, 0, 0, 0, 0, 1, 0, 0, 0, 0, 0, 0, 0, -1 ], 
              [ 1, 0, 1, 0, 0, 0, 0, 0, 0, 0, 0, -1, 0, 0, 0, 0, 0, 0, 0, 1 ] ], 
          [ [ 1, 0, -1, 0, 0, 0, 1, -1, 0, 0, 0, 1, 0, 0, 0, 0, 0, 0, 0, -1 ], 
              [ 1, 0, 1, 0, 0, 0, -1, 1, 0, 0, 0, -1, 0, 0, 0, 0, 0, 0, 0, 1 ] ], 
          [ [ 1, 0, -2, -1, -1, 2, 0, 0, 1, 2, 0, 0, 2, 1, 0, -1, -1, 1, 0, -2 ], 
              [ 1, 0, 2, 1, 1, -2, 0, 0, -1, -2, 0, 0, -2, -1, 0, 1, 1, -1, 0, 2 ] ], 
          [ [ 1, -3, 1, 1, 0, 1, 1, 0, 0, 1, 0, 1, 0, 0, -1, 0, 1, -1, -1, -1 ], 
              [ 1, 3, -1, -1, 0, -1, -1, 0, 0, -1, 0, -1, 0, 0, 1, 0, -1, 1, 1, 1 ] ], 
          [ [ 1, -3, 1, 1, 2, 0, 1, 1, -2, 0, 0, 1, -1, -1, 1, 0, 1, -1, -1, -2 ], 
              [ 1, 3, -1, -1, -2, 0, -1, -1, 2, 0, 0, -1, 1, 1, -1, 0, -1, 1, 1, 2 ] ], 
          [ [ 1, 0, 0, 0, 1, -1, 0, -1, 0, 0, 0, 1, -1, 0, 0, 1, 0, 0, 0, -1 ], 
              [ 1, 0, 0, 0, -1, 1, 0, 1, 0, 0, 0, -1, 1, 0, 0, -1, 0, 0, 0, 1 ] ], 
          [ [ 1, -3, 0, 0, 1, 2, 1, 1, -1, 2, -1, 1, 1, 1, 0, -1, -1, -1, -1, -2 ], 
              [ 1, 3, 0, 0, -1, -2, -1, -1, 1, -2, 1, -1, -1, -1, 0, 1, 1, 1, 1, 2 ] ], 
          [ [ 1, 0, -1, -1, 0, 1, 0, -1, 1, 2, 0, 0, 1, 1, 0, 0, -1, 1, 0, -2 ], 
              [ 1, 0, 1, 1, 0, -1, 0, 1, -1, -2, 0, 0, -1, -1, 0, 0, 1, -1, 0, 2 ] ], 
          [ [ 1, 6, -2, -3, -2, -1, -1, -1, 1, 0, -1, -1, 2, 0, 0, 1, -1, 4, 2, -1 ], 
              [ 1, -6, 2, 3, 2, 1, 1, 1, -1, 0, 1, 1, -2, 0, 0, -1, 1, -4, -2, 1 ] ], 
          [ [ 1, 5, -2, -2, -1, -1, 0, -1, 0, 0, -1, 0, 1, 0, 0, 0, -1, 2, 1, -1 ], 
              [ 1, -5, 2, 2, 1, 1, 0, 1, 0, 0, 1, 0, -1, 0, 0, 0, 1, -2, -1, 1 ] ], 
          [ [ 1, 3, -1, -2, -1, 0, 1, 0, -1, 0, -1, -1, 2, 0, 0, 1, -1, 2, 1, -1 ], 
              [ 1, -3, 1, 2, 1, 0, -1, 0, 1, 0, 1, 1, -2, 0, 0, -1, 1, -2, -1, 1 ] ], 
          [ [ 1, -3, 0, 1, 1, 1, 1, 0, 0, 1, 0, 1, 0, 0, 0, -1, 0, -1, -1, -2 ], 
              [ 1, 3, 0, -1, -1, -1, -1, 0, 0, -1, 0, -1, 0, 0, 0, 1, 0, 1, 1, 2 ] ], 
          [ [ 1, -3, 0, 1, 1, 1, 1, 0, 0, 1, 0, 1, 0, 0, 0, -1, 1, -1, -1, -2 ], 
              [ 1, 3, 0, -1, -1, -1, -1, 0, 0, -1, 0, -1, 0, 0, 0, 1, -1, 1, 1, 2 ] ], 
          [ [ 1, -3, 0, 1, 1, 1, 1, 0, 0, 1, 0, 1, 0, 1, 0, -1, 0, -2, -1, -2 ], 
              [ 1, 3, 0, -1, -1, -1, -1, 0, 0, -1, 0, -1, 0, -1, 0, 1, 0, 2, 1, 2 ] ], 
          [ [ 1, -6, 1, 2, 2, 2, 2, 2, -2, 1, 0, 1, 0, 0, 0, -1, 1, -3, -2, -2 ], 
              [ 1, 6, -1, -2, -2, -2, -2, -2, 2, -1, 0, -1, 0, 0, 0, 1, -1, 3, 2, 2 ] ], 
          [ [ 1, 0, -1, 0, 0, 0, 0, -2, 2, 1, 1, 0, 0, 0, -1, 1, 0, 1, 0, -1 ], 
              [ 1, 0, 1, 0, 0, 0, 0, 2, -2, -1, -1, 0, 0, 0, 1, -1, 0, -1, 0, 1 ] ], 
          [ [ 1, 3, -1, -1, 1, -2, 1, 0, -2, -2, -1, 0, 0, -1, 1, 1, 0, 1, 1, -1 ], 
              [ 1, -3, 1, 1, -1, 2, -1, 0, 2, 2, 1, 0, 0, 1, -1, -1, 0, -1, -1, 1 ] ], 
          [ [ 1, 0, 0, 0, 1, -1, 1, 1, -3, 0, 0, 1, -1, 0, 1, 0, 0, -1, 0, -1 ], 
              [ 1, 0, 0, 0, -1, 1, -1, -1, 3, 0, 0, -1, 1, 0, -1, 0, 0, 1, 0, 1 ] ], 
          [ [ 1, -5, 1, 2, 2, 0, 1, 0, -1, 1, 1, 2, -2, 0, 0, 0, 1, -2, -1, -1 ], 
              [ 1, 5, -1, -2, -2, 0, -1, 0, 1, -1, -1, -2, 2, 0, 0, 0, -1, 2, 1, 1 ] ], 
          [ [ 1, -1, 0, 1, 1, -1, 1, 0, -1, 0, 1, 2, -2, -1, 0, 0, 1, -2, -1, -1 ], 
              [ 1, 1, 0, -1, -1, 1, -1, 0, 1, 0, -1, -2, 2, 1, 0, 0, -1, 2, 1, 1 ] ], 
          [ [ 1, 0, -1, 0, 0, -1, 0, 0, 1, -1, 0, 0, 0, 0, 1, 0, 0, 1, 0, 0 ], 
              [ 1, 0, 1, 0, 0, 1, 0, 0, -1, 1, 0, 0, 0, 0, -1, 0, 0, -1, 0, 0 ] ], 
          [ [ 1, 5, -1, -1, -1, -4, 0, 0, 0, -3, 0, 0, -1, -2, 1, 1, 1, 2, 1, 1 ], 
              [ 1, -5, 1, 1, 1, 4, 0, 0, 0, 3, 0, 0, 1, 2, -1, -1, -1, -2, -1, -1 ] ], 
          [ [ 1, 2, -1, 0, -1, -1, 0, 0, 0, -2, 0, 0, 0, -1, 1, 0, 1, 1, 0, 0 ], 
              [ 1, -2, 1, 0, 1, 1, 0, 0, 0, 2, 0, 0, 0, 1, -1, 0, -1, -1, 0, 0 ] ], 
          [ [ 1, 5, -1, -2, -2, -1, 0, 1, -1, -2, -2, -1, 2, -1, 1, 0, 0, 3, 1, 0 ], 
              [ 1, -5, 1, 2, 2, 1, 0, -1, 1, 2, 2, 1, -2, 1, -1, 0, 0, -3, -1, 0 ] ], 
          [ [ 1, 8, -2, -3, -3, -2, -1, -1, 1, -2, -1, -2, 2, -1, 0, 2, 0, 5, 2, 1 ], 
              [ 1, -8, 2, 3, 3, 2, 1, 1, -1, 2, 1, 2, -2, 1, 0, -2, 0, -5, -2, -1 ] ], 
          [ [ 1, 0, 0, 0, -1, 0, 0, 0, 1, -1, -1, 0, 1, 0, 0, 0, 1, 1, 0, 0 ], 
              [ 1, 0, 0, 0, 1, 0, 0, 0, -1, 1, 1, 0, -1, 0, 0, 0, -1, -1, 0, 0 ] ], 
          [ [ 1, 2, -1, 0, -1, -1, -1, -1, 2, -1, 0, 0, 0, -1, 0, 0, 1, 2, 0, 0 ], 
              [ 1, -2, 1, 0, 1, 1, 1, 1, -2, 1, 0, 0, 0, 1, 0, 0, -1, -2, 0, 0 ] ], 
          [ [ 1, 0, 0, 0, -1, 0, 0, 0, 1, -1, 0, -1, 1, -1, 0, 1, 1, 2, 0, 0 ], 
              [ 1, 0, 0, 0, 1, 0, 0, 0, -1, 1, 0, 1, -1, 1, 0, -1, -1, -2, 0, 0 ] ], 
          [ [ 1, -1, -1, 0, -1, 2, 0, 1, 1, 1, -1, 0, 2, 1, 0, -2, 0, 0, -1, -1 ], 
              [ 1, 1, 1, 0, 1, -2, 0, -1, -1, -1, 1, 0, -2, -1, 0, 2, 0, 0, 1, 1 ] ], 
          [ [ 1, -1, 0, 1, 0, 0, 1, 0, 0, -1, 0, 0, 0, -1, 0, 0, 1, 0, -1, 0 ], 
              [ 1, 1, 0, -1, 0, 0, -1, 0, 0, 1, 0, 0, 0, 1, 0, 0, -1, 0, 1, 0 ] ], 
          [ [ 1, 0, -1, -1, 0, 1, 0, 1, 0, 0, -2, 0, 2, 1, 1, -1, -1, 1, 0, -1 ], 
              [ 1, 0, 1, 1, 0, -1, 0, -1, 0, 0, 2, 0, -2, -1, -1, 1, 1, -1, 0, 1 ] ], 
          [ [ 1, 8, -3, -3, -2, -2, -1, -1, 1, -2, -2, -1, 2, 0, 1, 0, -1, 4, 2, 0 ], 
              [ 1, -8, 3, 3, 2, 2, 1, 1, -1, 2, 2, 1, -2, 0, -1, 0, 1, -4, -2, 0 ] ], 
          [ [ 1, 6, -2, -3, -2, -1, 0, 0, 0, -2, -2, -2, 3, 0, 1, 1, -1, 4, 2, 0 ], 
              [ 1, -6, 2, 3, 2, 1, 0, 0, 0, 2, 2, 2, -3, 0, -1, -1, 1, -4, -2, 0 ] ], 
          [ [ 1, 5, -2, -2, -1, -1, 0, 1, -1, -2, -2, -1, 2, -1, 1, 0, 0, 3, 1, 0 ], 
              [ 1, -5, 2, 2, 1, 1, 0, -1, 1, 2, 2, 1, -2, 1, -1, 0, 0, -3, -1, 0 ] ], 
          [ [ 1, 5, -2, -2, -1, -1, 0, 1, -1, -2, -2, -1, 2, 0, 1, 0, -1, 2, 1, 0 ], 
              [ 1, -5, 2, 2, 1, 1, 0, -1, 1, 2, 2, 1, -2, 0, -1, 0, 1, -2, -1, 0 ] ], 
          [ [ 1, 8, -3, -3, -2, -2, -1, -1, 1, -2, -1, -2, 2, -1, 1, 1, -1, 5, 2, 0 ], 
              [ 1, -8, 3, 3, 2, 2, 1, 1, -1, 2, 1, 2, -2, 1, -1, -1, 1, -5, -2, 0 ] ], 
          [ [ 1, 0, -1, 0, 0, 0, 0, 0, 1, -1, -1, 0, 1, 0, 1, -1, 0, 1, 0, -1 ], 
              [ 1, 0, 1, 0, 0, 0, 0, 0, -1, 1, 1, 0, -1, 0, -1, 1, 0, -1, 0, 1 ] ], 
          [ [ 1, 0, -1, 0, 0, 0, 0, 0, 1, -1, -1, 0, 1, 0, 0, 0, 0, 1, 0, 0 ], 
              [ 1, 0, 1, 0, 0, 0, 0, 0, -1, 1, 1, 0, -1, 0, 0, 0, 0, -1, 0, 0 ] ], 
          [ [ 1, -3, 0, 1, 1, 1, 1, 2, -1, -1, -1, 0, 1, 0, 1, -1, 1, -1, -1, -1 ], 
              [ 1, 3, 0, -1, -1, -1, -1, -2, 1, 1, 1, 0, -1, 0, -1, 1, -1, 1, 1, 1 ] ], 
          [ [ 1, 3, -2, -1, -1, -1, -1, -2, 3, -1, 0, -1, 1, 0, 0, 1, 0, 3, 1, 0 ], 
              [ 1, -3, 2, 1, 1, 1, 1, 2, -3, 1, 0, 1, -1, 0, 0, -1, 0, -3, -1, 0 ] ], 
          [ [ 1, 0, -2, -1, -1, 2, 0, 0, 2, 1, -1, -1, 3, 1, 0, -1, -1, 2, 0, -1 ], 
              [ 1, 0, 2, 1, 1, -2, 0, 0, -2, -1, 1, 1, -3, -1, 0, 1, 1, -2, 0, 1 ] ], 
          [ [ 1, 3, 0, -1, -1, -2, 0, 1, -2, -2, -1, 0, 0, -1, 1, 1, 1, 2, 1, 1 ], 
              [ 1, -3, 0, 1, 1, 2, 0, -1, 2, 2, 1, 0, 0, 1, -1, -1, -1, -2, -1, -1 ] ], 
          [ [ 1, 6, -1, -2, -2, -3, -1, -1, 0, -2, 0, -1, 0, -1, 1, 2, 0, 4, 2, 1 ], 
              [ 1, -6, 1, 2, 2, 3, 1, 1, 0, 2, 0, 1, 0, 1, -1, -2, 0, -4, -2, -1 ] ], 
          [ [ 1, 0, -1, 0, -1, 0, -1, -1, 2, 1, 0, 1, 0, 1, 0, -1, 0, 1, 0, 0 ], 
              [ 1, 0, 1, 0, 1, 0, 1, 1, -2, -1, 0, -1, 0, -1, 0, 1, 0, -1, 0, 0 ] ], 
          [ [ 1, -3, 0, 1, 0, 1, 0, 1, 0, 1, 0, 1, 0, 1, 1, -2, 0, -1, -1, -1 ], 
              [ 1, 3, 0, -1, 0, -1, 0, -1, 0, -1, 0, -1, 0, -1, -1, 2, 0, 1, 1, 1 ] ], 
          [ [ 1, -2, 0, 0, -1, 1, 0, 0, 1, 1, 0, 0, 1, 1, 0, 0, 0, 1, 0, 0 ], 
              [ 1, 2, 0, 0, 1, -1, 0, 0, -1, -1, 0, 0, -1, -1, 0, 0, 0, -1, 0, 0 ] ], 
          [ [ 1, -3, 1, 2, 1, -1, 0, 1, -1, -1, 1, 1, -2, -1, 1, 0, 2, -1, -1, 0 ], 
              [ 1, 3, -1, -2, -1, 1, 0, -1, 1, 1, -1, -1, 2, 1, -1, 0, -2, 1, 1, 0 ] ], 
          [ [ 1, -3, 1, 2, 1, -1, 1, 0, -1, -1, 1, 1, -2, -1, 1, 0, 2, -1, -1, 0 ], 
              [ 1, 3, -1, -2, -1, 1, -1, 0, 1, 1, -1, -1, 2, 1, -1, 0, -2, 1, 1, 0 ] ], 
          [ [ 1, -3, 0, 1, 0, 1, 0, 1, 0, 1, 0, 1, 0, 1, 0, -1, 0, -1, -1, 0 ], 
              [ 1, 3, 0, -1, 0, -1, 0, -1, 0, -1, 0, -1, 0, -1, 0, 1, 0, 1, 1, 0 ] ], 
          [ [ 1, 3, 0, 0, -1, -3, 0, 0, -1, -3, 0, 0, -1, -2, 1, 1, 2, 2, 1, 1 ], 
              [ 1, -3, 0, 0, 1, 3, 0, 0, 1, 3, 0, 0, 1, 2, -1, -1, -2, -2, -1, -1 ] ], 
          [ [ 1, -1, 1, 1, 0, -1, 1, 2, -2, -2, 0, 1, -1, -2, 1, 0, 2, -1, -1, 0 ], 
              [ 1, 1, -1, -1, 0, 1, -1, -2, 2, 2, 0, -1, 1, 2, -1, 0, -2, 1, 1, 0 ] ], 
          [ [ 1, 3, -1, -1, -2, -1, 0, 0, 0, -1, -1, 0, 1, 0, 0, 0, 0, 2, 1, 1 ], 
              [ 1, -3, 1, 1, 2, 1, 0, 0, 0, 1, 1, 0, -1, 0, 0, 0, 0, -2, -1, -1 ] ], 
          [ [ 1, 0, 0, 0, -1, 0, 1, 2, -2, -1, -1, 0, 1, 0, 1, -1, 1, 0, 0, 0 ], 
              [ 1, 0, 0, 0, 1, 0, -1, -2, 2, 1, 1, 0, -1, 0, -1, 1, -1, 0, 0, 0 ] ], 
          [ [ 1, 0, -1, 0, -1, 0, -1, -1, 2, 1, 1, 0, 0, 0, 0, 0, 0, 2, 0, 0 ], 
              [ 1, 0, 1, 0, 1, 0, 1, 1, -2, -1, -1, 0, 0, 0, 0, 0, 0, -2, 0, 0 ] ], 
          [ [ 1, 0, -1, 0, -1, 0, -1, -1, 2, 1, 1, 0, 0, 1, 0, 0, 0, 1, 0, 0 ], 
              [ 1, 0, 1, 0, 1, 0, 1, 1, -2, -1, -1, 0, 0, -1, 0, 0, 0, -1, 0, 0 ] ], 
          [ [ 1, 5, -1, -1, -2, -3, -1, -2, 2, -2, 1, 0, -1, -2, 0, 2, 1, 3, 1, 1 ], 
              [ 1, -5, 1, 1, 2, 3, 1, 2, -2, 2, -1, 0, 1, 2, 0, -2, -1, -3, -1, -1 ] ], 
          [ [ 1, 6, -2, -2, -3, -2, -2, -1, 2, -1, 0, -1, 1, 0, 0, 1, 0, 4, 2, 1 ], 
              [ 1, -6, 2, 2, 3, 2, 2, 1, -2, 1, 0, 1, -1, 0, 0, -1, 0, -4, -2, -1 ] ], 
          [ [ 1, 2, -1, -1, -2, 0, 0, 0, 1, 0, 0, 0, 1, -1, 0, 0, 0, 2, 0, 0 ], 
              [ 1, -2, 1, 1, 2, 0, 0, 0, -1, 0, 0, 0, -1, 1, 0, 0, 0, -2, 0, 0 ] ], 
          [ [ 1, 6, -2, -2, -3, -2, -1, -2, 2, -1, 0, -1, 1, 0, 0, 1, 0, 4, 2, 1 ], 
              [ 1, -6, 2, 2, 3, 2, 1, 2, -2, 1, 0, 1, -1, 0, 0, -1, 0, -4, -2, -1 ] ], 
          [ [ 1, 3, -2, -2, -3, 1, -1, 1, 1, 1, -1, -1, 3, 1, 0, -1, -1, 3, 1, 0 ], 
              [ 1, -3, 2, 2, 3, -1, 1, -1, -1, -1, 1, 1, -3, -1, 0, 1, 1, -3, -1, 0 ] ], 
          [ [ 1, 2, -1, -1, -2, 0, 0, 0, 1, 0, 0, 0, 1, 0, 0, 0, 0, 1, 0, 0 ], 
              [ 1, -2, 1, 1, 2, 0, 0, 0, -1, 0, 0, 0, -1, 0, 0, 0, 0, -1, 0, 0 ] ], 
          [ [ 1, 2, -1, 0, -1, -1, 0, 1, -1, -1, 0, 0, 0, -1, 1, -1, 1, 1, 0, 0 ], 
              [ 1, -2, 1, 0, 1, 1, 0, -1, 1, 1, 0, 0, 0, 1, -1, 1, -1, -1, 0, 0 ] ], 
          [ [ 1, 5, -2, -1, -2, -2, -1, -1, 1, -1, 0, 0, 0, 0, 0, 0, 0, 2, 1, 1 ], 
              [ 1, -5, 2, 1, 2, 2, 1, 1, -1, 1, 0, 0, 0, 0, 0, 0, 0, -2, -1, -1 ] ], 
          [ [ 1, 3, -1, -1, -2, -1, 0, 0, 0, -1, 0, -1, 1, -1, 0, 1, 1, 3, 1, 1 ], 
              [ 1, -3, 1, 1, 2, 1, 0, 0, 0, 1, 0, 1, -1, 1, 0, -1, -1, -3, -1, -1 ] ], 
          [ [ 1, 3, -1, -1, -2, -1, 0, 0, 0, -1, 0, -1, 1, 0, 0, 1, 0, 2, 1, 1 ], 
              [ 1, -3, 1, 1, 2, 1, 0, 0, 0, 1, 0, 1, -1, 0, 0, -1, 0, -2, -1, -1 ] ], 
          [ [ 1, 4, -2, -1, -2, -1, -1, -1, 2, 0, 1, 0, 0, -1, 0, 0, 0, 2, 0, 0 ], 
              [ 1, -4, 2, 1, 2, 1, 1, 1, -2, 0, -1, 0, 0, 1, 0, 0, 0, -2, 0, 0 ] ], 
          [ [ 1, -4, 0, 2, 0, 1, 0, 0, 2, 1, 1, 2, -1, 0, 0, -2, 1, -2, -2, -1 ], 
              [ 1, 4, 0, -2, 0, -1, 0, 0, -2, -1, -1, -2, 1, 0, 0, 2, -1, 2, 2, 1 ] ], 
          [ [ 1, -3, 0, 2, 0, 0, 0, 0, 1, 0, 1, 1, -1, 0, 0, -1, 1, -1, -1, 0 ], 
              [ 1, 3, 0, -2, 0, 0, 0, 0, -1, 0, -1, -1, 1, 0, 0, 1, -1, 1, 1, 0 ] ], 
          [ [ 1, -3, 0, 2, 0, 0, 0, 0, 1, 0, 1, 1, -1, 0, 0, -1, 2, -1, -1, 0 ], 
              [ 1, 3, 0, -2, 0, 0, 0, 0, -1, 0, -1, -1, 1, 0, 0, 1, -2, 1, 1, 0 ] ], 
          [ [ 1, 3, -1, -1, 0, -2, 0, 1, -2, -2, -1, 0, 0, -1, 2, 0, 0, 2, 1, 0 ], 
              [ 1, -3, 1, 1, 0, 2, 0, -1, 2, 2, 1, 0, 0, 1, -2, 0, 0, -2, -1, 0 ] ], 
          [ [ 1, 6, -2, -2, -1, -3, -1, -1, 0, -2, -1, 0, 0, 0, 1, 1, -1, 3, 2, 1 ], 
              [ 1, -6, 2, 2, 1, 3, 1, 1, 0, 2, 1, 0, 0, 0, -1, -1, 1, -3, -2, -1 ] ], 
          [ [ 1, 3, -1, -1, 0, -2, 0, 1, -2, -2, -1, 0, 0, 0, 2, 0, 0, 1, 1, 0 ], 
              [ 1, -3, 1, 1, 0, 2, 0, -1, 2, 2, 1, 0, 0, 0, -2, 0, 0, -1, -1, 0 ] ], 
          [ [ 1, 5, -2, -2, -1, -2, -1, -1, 1, -1, 0, 0, 0, -1, 1, 1, -1, 3, 1, 0 ], 
              [ 1, -5, 2, 2, 1, 2, 1, 1, -1, 1, 0, 0, 0, 1, -1, -1, 1, -3, -1, 0 ] ], 
          [ [ 1, 6, -3, -3, -2, -1, -2, 0, 1, 0, -1, -1, 2, 1, 1, 0, -2, 4, 2, 0 ], 
              [ 1, -6, 3, 3, 2, 1, 2, 0, -1, 0, 1, 1, -2, -1, -1, 0, 2, -4, -2, 0 ] ], 
          [ [ 1, 6, -3, -3, -2, -1, -1, -1, 1, 0, -1, -1, 2, 1, 1, 0, -2, 4, 2, 0 ], 
              [ 1, -6, 3, 3, 2, 1, 1, 1, -1, 0, 1, 1, -2, -1, -1, 0, 2, -4, -2, 0 ] ], 
          [ [ 1, 12, -4, -5, -4, -3, -2, -1, 1, -2, -2, -2, 3, 0, 1, 1, -2, 7, 4, 1 ], 
              [ 1, -12, 4, 5, 4, 3, 2, 1, -1, 2, 2, 2, -3, 0, -1, -1, 2, -7, -4, -1 ] ], 
          [ [ 1, 8, -3, -4, -3, -1, -1, 1, 0, -1, -2, -1, 3, 0, 1, 0, -2, 4, 2, 0 ], 
              [ 1, -8, 3, 4, 3, 1, 1, -1, 0, 1, 2, 1, -3, 0, -1, 0, 2, -4, -2, 0 ] ], 
          [ [ 1, 6, -2, -2, -1, -3, -1, -1, 0, -2, 0, -1, 0, -1, 1, 2, 0, 4, 2, 1 ], 
              [ 1, -6, 2, 2, 1, 3, 1, 1, 0, 2, 0, 1, 0, 1, -1, -2, 0, -4, -2, -1 ] ], 
          [ [ 1, 7, -2, -2, -1, -3, 0, 1, -2, -3, -1, 0, 0, -2, 2, 0, 0, 2, 1, 0 ], 
              [ 1, -7, 2, 2, 1, 3, 0, -1, 2, 3, 1, 0, 0, 2, -2, 0, 0, -2, -1, 0 ] ], 
          [ [ 1, 8, -2, -3, -2, -3, 0, 0, -1, -3, -1, -1, 1, -2, 1, 2, 0, 4, 2, 1 ], 
              [ 1, -8, 2, 3, 2, 3, 0, 0, 1, 3, 1, 1, -1, 2, -1, -2, 0, -4, -2, -1 ] ], 
          [ [ 1, 9, -3, -4, -3, -2, -1, 1, -1, -2, -2, -2, 3, 0, 1, 1, -1, 5, 3, 1 ], 
              [ 1, -9, 3, 4, 3, 2, 1, -1, 1, 2, 2, 2, -3, 0, -1, -1, 1, -5, -3, -1 ] ], 
          [ [ 1, -2, 0, 1, 1, -1, 0, 0, 0, -1, 0, 1, -1, 0, 1, 0, 1, 0, 0, 0 ], 
              [ 1, 2, 0, -1, -1, 1, 0, 0, 0, 1, 0, -1, 1, 0, -1, 0, -1, 0, 0, 0 ] ], 
          [ [ 1, -3, -1, 1, 1, 1, 0, 1, 0, 1, 0, 1, 0, 1, 1, -2, 0, -1, -1, -1 ], 
              [ 1, 3, 1, -1, -1, -1, 0, -1, 0, -1, 0, -1, 0, -1, -1, 2, 0, 1, 1, 1 ] ], 
          [ [ 1, 2, -1, 0, 0, -2, 0, 0, 0, -2, 0, 1, -1, -2, 1, 0, 1, 1, 0, 0 ], 
              [ 1, -2, 1, 0, 0, 2, 0, 0, 0, 2, 0, -1, 1, 2, -1, 0, -1, -1, 0, 0 ] ], 
          [ [ 1, 2, -1, 0, 0, -2, 0, 0, 0, -2, 0, 1, -1, -1, 1, 0, 0, 0, 0, 0 ], 
              [ 1, -2, 1, 0, 0, 2, 0, 0, 0, 2, 0, -1, 1, 1, -1, 0, 0, 0, 0, 0 ] ], 
          [ [ 1, 3, -2, -1, -1, -1, -1, 1, 0, -1, -1, 0, 1, 0, 1, -1, 0, 2, 1, 0 ], 
              [ 1, -3, 2, 1, 1, 1, 1, -1, 0, 1, 1, 0, -1, 0, -1, 1, 0, -2, -1, 0 ] ], 
          [ [ 1, 2, -1, 0, 0, -2, 0, 0, 0, -2, 0, 1, -1, -1, 1, 0, 1, 0, 0, 0 ], 
              [ 1, -2, 1, 0, 0, 2, 0, 0, 0, 2, 0, -1, 1, 1, -1, 0, -1, 0, 0, 0 ] ], 
          [ [ 1, 3, -2, -1, -1, -1, 0, 0, 0, -1, -1, 0, 1, 0, 1, -1, 0, 2, 1, 0 ], 
              [ 1, -3, 2, 1, 1, 1, 0, 0, 0, 1, 1, 0, -1, 0, -1, 1, 0, -2, -1, 0 ] ], 
          [ [ 1, -1, -1, 0, 0, 1, 1, 2, -1, 0, -1, 1, 1, 0, 1, -2, 0, -1, -1, -1 ], 
              [ 1, 1, 1, 0, 0, -1, -1, -2, 1, 0, 1, -1, -1, 0, -1, 2, 0, 1, 1, 1 ] ], 
          [ [ 1, 3, -2, -1, -1, -1, 0, 0, 0, -1, -1, 0, 1, 1, 1, -1, -1, 1, 1, 0 ], 
              [ 1, -3, 2, 1, 1, 1, 0, 0, 0, 1, 1, 0, -1, -1, -1, 1, 1, -1, -1, 0 ] ], 
          [ [ 1, 3, -1, 0, 0, -3, 0, 0, -1, -3, 0, 0, -1, -1, 1, 1, 1, 1, 1, 1 ], 
              [ 1, -3, 1, 0, 0, 3, 0, 0, 1, 3, 0, 0, 1, 1, -1, -1, -1, -1, -1, -1 ] ], 
          [ [ 1, 0, -1, 0, 0, 0, 1, 2, -2, -1, -1, 0, 1, 0, 1, -1, 0, 0, 0, 0 ], 
              [ 1, 0, 1, 0, 0, 0, -1, -2, 2, 1, 1, 0, -1, 0, -1, 1, 0, 0, 0, 0 ] ], 
          [ [ 1, 5, -3, -2, -2, -1, -2, -1, 3, 0, 0, 0, 1, 0, 0, 0, -1, 3, 1, 0 ], 
              [ 1, -5, 3, 2, 2, 1, 2, 1, -3, 0, 0, 0, -1, 0, 0, 0, 1, -3, -1, 0 ] ], 
          [ [ 1, 5, -3, -2, -2, -1, -1, -2, 3, 0, 0, 0, 1, 0, 0, 0, -1, 3, 1, 0 ], 
              [ 1, -5, 3, 2, 2, 1, 1, 2, -3, 0, 0, 0, -1, 0, 0, 0, 1, -3, -1, 0 ] ], 
          [ [ 1, 2, -2, -1, -1, 0, 0, 0, 1, 0, 0, 0, 1, 0, 1, -1, -1, 1, 0, -1 ], 
              [ 1, -2, 2, 1, 1, 0, 0, 0, -1, 0, 0, 0, -1, 0, -1, 1, 1, -1, 0, 1 ] ], 
          [ [ 1, 6, -4, -3, -3, 0, -2, -1, 3, 1, -1, -1, 3, 2, 0, -1, -2, 4, 2, 0 ], 
              [ 1, -6, 4, 3, 3, 0, 2, 1, -3, -1, 1, 1, -3, -2, 0, 1, 2, -4, -2, 0 ] ], 
          [ [ 1, 2, -1, 0, 0, -2, 0, 0, 0, -2, 1, 0, -1, -2, 1, 1, 1, 1, 0, 0 ], 
              [ 1, -2, 1, 0, 0, 2, 0, 0, 0, 2, -1, 0, 1, 2, -1, -1, -1, -1, 0, 0 ] ], 
          [ [ 1, 6, -3, -2, -2, -2, -1, -2, 2, -1, 0, -1, 1, 0, 0, 1, -1, 4, 2, 1 ], 
              [ 1, -6, 3, 2, 2, 2, 1, 2, -2, 1, 0, 1, -1, 0, 0, -1, 1, -4, -2, -1 ] ], 
          [ [ 1, 2, -2, -1, -1, 0, 0, 0, 1, 0, 0, 0, 1, 0, 0, 0, -1, 1, 0, 0 ], 
              [ 1, -2, 2, 1, 1, 0, 0, 0, -1, 0, 0, 0, -1, 0, 0, 0, 1, -1, 0, 0 ] ], 
          [ [ 1, 3, -2, -1, -1, -1, 0, 0, 0, -1, 0, -1, 1, 0, 1, 0, 0, 2, 1, 0 ], 
              [ 1, -3, 2, 1, 1, 1, 0, 0, 0, 1, 0, 1, -1, 0, -1, 0, 0, -2, -1, 0 ] ], 
          [ [ 1, -1, 0, 1, 0, -1, 0, 1, -1, 0, 1, 2, -2, -1, 1, -1, 1, -1, -1, 0 ], 
              [ 1, 1, 0, -1, 0, 1, 0, -1, 1, 0, -1, -2, 2, 1, -1, 1, -1, 1, 1, 0 ] ], 
          [ [ 1, 8, -3, -3, -4, -2, -2, -1, 2, 0, 0, 0, 1, 0, 0, 0, -1, 4, 2, 1 ], 
              [ 1, -8, 3, 3, 4, 2, 2, 1, -2, 0, 0, 0, -1, 0, 0, 0, 1, -4, -2, -1 ] ], 
          [ [ 1, 5, -1, -1, -2, -3, 0, 0, -1, -2, 1, 0, -1, -2, 1, 1, 1, 2, 1, 1 ], 
              [ 1, -5, 1, 1, 2, 3, 0, 0, 1, 2, -1, 0, 1, 2, -1, -1, -1, -2, -1, -1 ] ], 
          [ [ 1, 0, -1, 0, 0, -1, 0, 0, 0, 0, 1, 1, -1, 0, 1, 0, 0, 0, 0, 0 ], 
              [ 1, 0, 1, 0, 0, 1, 0, 0, 0, 0, -1, -1, 1, 0, -1, 0, 0, 0, 0, 0 ] ], 
          [ [ 1, 6, -2, -2, -2, -3, -1, 0, 0, -2, 0, 0, 0, -1, 1, 1, 0, 3, 2, 1 ], 
              [ 1, -6, 2, 2, 2, 3, 1, 0, 0, 2, 0, 0, 0, 1, -1, -1, 0, -3, -2, -1 ] ], 
          [ [ 1, 5, -2, -1, -1, -3, 0, 0, -1, -2, 0, 1, -1, -1, 1, 0, 0, 1, 1, 1 ], 
              [ 1, -5, 2, 1, 1, 3, 0, 0, 1, 2, 0, -1, 1, 1, -1, 0, 0, -1, -1, -1 ] ], 
          [ [ 1, 5, -3, -2, -2, -1, -1, 1, 0, 0, 0, 0, 1, 0, 1, -1, -1, 2, 1, 0 ], 
              [ 1, -5, 3, 2, 2, 1, 1, -1, 0, 0, 0, 0, -1, 0, -1, 1, 1, -2, -1, 0 ] ], 
          [ [ 1, 6, -2, -3, -2, -1, -1, -1, 2, -1, -2, -2, 3, 0, 0, 1, -1, 5, 2, 0 ], 
              [ 1, -6, 2, 3, 2, 1, 1, 1, -2, 1, 2, 2, -3, 0, 0, -1, 1, -5, -2, 0 ] ], 
          [ [ 1, -3, 0, 1, 1, 1, 1, 0, 1, 0, -1, 0, 1, 1, 0, -1, 0, -1, -1, -1 ], 
              [ 1, 3, 0, -1, -1, -1, -1, 0, -1, 0, 1, 0, -1, -1, 0, 1, 0, 1, 1, 1 ] ], 
          [ [ 1, 3, -1, -2, -2, 0, -1, 0, 1, 1, -1, -1, 2, 1, 0, 0, -1, 3, 1, 0 ], 
              [ 1, -3, 1, 2, 2, 0, 1, 0, -1, -1, 1, 1, -2, -1, 0, 0, 1, -3, -1, 0 ] ], 
          [ [ 1, -3, 1, 2, 1, -1, 0, -1, 1, 0, 1, 1, -2, 0, 0, 0, 1, -1, -1, 0 ], 
              [ 1, 3, -1, -2, -1, 1, 0, 1, -1, 0, -1, -1, 2, 0, 0, 0, -1, 1, 1, 0 ] ], 
          [ [ 1, -1, 1, 1, 0, -1, 1, 0, 0, -1, 0, 1, -1, -1, 0, 0, 1, -1, -1, 0 ], 
              [ 1, 1, -1, -1, 0, 1, -1, 0, 0, 1, 0, -1, 1, 1, 0, 0, -1, 1, 1, 0 ] ], 
          [ [ 1, 0, 0, 0, -1, 0, 0, 1, 0, 0, -1, 0, 1, 0, 0, -1, 1, 1, 0, 0 ], 
              [ 1, 0, 0, 0, 1, 0, 0, -1, 0, 0, 1, 0, -1, 0, 0, 1, -1, -1, 0, 0 ] ], 
          [ [ 1, 0, 0, 0, -1, 0, 0, 1, 0, 0, -1, 0, 1, 1, 0, -1, 0, 0, 0, 0 ], 
              [ 1, 0, 0, 0, 1, 0, 0, -1, 0, 0, 1, 0, -1, -1, 0, 1, 0, 0, 0, 0 ] ], 
          [ [ 1, 0, 1, 1, 0, -2, 1, 0, -1, -2, 0, 0, -1, -1, 0, 1, 2, 0, 0, 1 ], 
              [ 1, 0, -1, -1, 0, 2, -1, 0, 1, 2, 0, 0, 1, 1, 0, -1, -2, 0, 0, -1 ] ], 
          [ [ 1, 2, -1, -1, -2, 0, -1, -1, 3, 1, 0, 0, 1, 0, -1, 0, 0, 2, 0, 0 ], 
              [ 1, -2, 1, 1, 2, 0, 1, 1, -3, -1, 0, 0, -1, 0, 1, 0, 0, -2, 0, 0 ] ], 
          [ [ 1, 3, -1, -1, -2, -1, -1, -1, 2, 0, 0, -1, 1, 0, 0, 0, 0, 3, 1, 0 ], 
              [ 1, -3, 1, 1, 2, 1, 1, 1, -2, 0, 0, 1, -1, 0, 0, 0, 0, -3, -1, 0 ] ], 
          [ [ 1, -1, 0, 0, -1, 1, 0, 1, 1, 1, 0, 0, 1, 0, 0, -1, 0, 0, -1, -1 ], 
              [ 1, 1, 0, 0, 1, -1, 0, -1, -1, -1, 0, 0, -1, 0, 0, 1, 0, 0, 1, 1 ] ], 
          [ [ 1, -1, 1, 1, 0, -1, 1, 0, 0, -1, 1, 0, -1, -2, 0, 1, 2, 0, -1, 0 ], 
              [ 1, 1, -1, -1, 0, 1, -1, 0, 0, 1, -1, 0, 1, 2, 0, -1, -2, 0, 1, 0 ] ], 
          [ [ 1, 3, -1, -1, -2, -1, -1, -1, 2, 0, 0, -1, 1, 0, -1, 1, 0, 3, 1, 1 ], 
              [ 1, -3, 1, 1, 2, 1, 1, 1, -2, 0, 0, 1, -1, 0, 1, -1, 0, -3, -1, -1 ] ], 
          [ [ 1, 0, 0, 0, -1, 0, 0, 1, 0, 0, 0, -1, 1, 0, 0, 0, 1, 1, 0, 0 ], 
              [ 1, 0, 0, 0, 1, 0, 0, -1, 0, 0, 0, 1, -1, 0, 0, 0, -1, -1, 0, 0 ] ], 
          [ [ 1, 3, -1, -1, 0, -2, -1, 0, 0, -1, -1, 0, 0, 0, 1, 0, 0, 2, 1, 0 ], 
              [ 1, -3, 1, 1, 0, 2, 1, 0, 0, 1, 1, 0, 0, 0, -1, 0, 0, -2, -1, 0 ] ], 
          [ [ 1, 1, 0, -1, 0, -1, 0, 1, -1, -1, -1, -1, 1, 0, 1, 1, 0, 2, 1, 0 ], 
              [ 1, -1, 0, 1, 0, 1, 0, -1, 1, 1, 1, 1, -1, 0, -1, -1, 0, -2, -1, 0 ] ], 
          [ [ 1, 5, -1, -2, -1, -2, 0, 1, -1, -2, -2, 0, 1, -1, 1, 0, 0, 2, 1, 0 ], 
              [ 1, -5, 1, 2, 1, 2, 0, -1, 1, 2, 2, 0, -1, 1, -1, 0, 0, -2, -1, 0 ] ], 
          [ [ 1, 0, 0, 0, 1, -1, 1, 1, -2, -1, -1, 0, 0, 0, 1, 0, 0, 0, 0, 0 ], 
              [ 1, 0, 0, 0, -1, 1, -1, -1, 2, 1, 1, 0, 0, 0, -1, 0, 0, 0, 0, 0 ] ], 
          [ [ 1, 6, -1, -2, -1, -3, 0, 1, -2, -3, -2, -1, 1, -1, 1, 1, 0, 3, 2, 1 ], 
              [ 1, -6, 1, 2, 1, 3, 0, -1, 2, 3, 2, 1, -1, 1, -1, -1, 0, -3, -2, -1 ] ], 
          [ [ 1, 8, -2, -3, -2, -3, -1, -1, 1, -2, -1, -1, 1, -1, 1, 1, -1, 4, 2, 0 ], 
              [ 1, -8, 2, 3, 2, 3, 1, 1, -1, 2, 1, 1, -1, 1, -1, -1, 1, -4, -2, 0 ] ], 
          [ [ 1, 5, -1, -2, -1, -2, 0, 1, -1, -2, -1, -1, 1, -2, 1, 1, 0, 3, 1, 0 ], 
              [ 1, -5, 1, 2, 1, 2, 0, -1, 1, 2, 1, 1, -1, 2, -1, -1, 0, -3, -1, 0 ] ], 
          [ [ 1, 8, -2, -3, -2, -3, -1, -1, 1, -2, -1, -1, 1, -1, 0, 2, -1, 4, 2, 1 ], 
              [ 1, -8, 2, 3, 2, 3, 1, 1, -1, 2, 1, 1, -1, 1, 0, -2, 1, -4, -2, -1 ] ], 
          [ [ 1, 9, -2, -3, -2, -4, -1, -1, 0, -3, -1, -2, 1, -1, 1, 2, 0, 5, 3, 1 ], 
              [ 1, -9, 2, 3, 2, 4, 1, 1, 0, 3, 1, 2, -1, 1, -1, -2, 0, -5, -3, -1 ] ], 
          [ [ 1, 5, -1, -2, -1, -2, 0, 1, -1, -2, -1, -1, 1, -1, 1, 1, 0, 2, 1, 0 ], 
              [ 1, -5, 1, 2, 1, 2, 0, -1, 1, 2, 1, 1, -1, 1, -1, -1, 0, -2, -1, 0 ] ], 
          [ [ 1, 6, -2, -3, -2, -1, 0, 1, -1, -1, -2, -2, 3, 0, 1, 0, -1, 4, 2, 0 ], 
              [ 1, -6, 2, 3, 2, 1, 0, -1, 1, 1, 2, 2, -3, 0, -1, 0, 1, -4, -2, 0 ] ], 
          [ [ 1, 9, -3, -4, -3, -2, -1, -1, 1, -1, -2, -2, 3, 1, 0, 1, -2, 5, 3, 1 ], 
              [ 1, -9, 3, 4, 3, 2, 1, 1, -1, 1, 2, 2, -3, -1, 0, -1, 2, -5, -3, -1 ] ], 
          [ [ 1, 8, -3, -4, -3, -1, -1, -1, 2, 0, -1, -2, 3, 0, 0, 1, -2, 5, 2, 0 ], 
              [ 1, -8, 3, 4, 3, 1, 1, 1, -2, 0, 1, 2, -3, 0, 0, -1, 2, -5, -2, 0 ] ], 
          [ [ 1, -2, -1, 0, 0, 1, -1, -1, 3, 2, 0, 0, 1, 2, 0, -1, -1, 1, 0, -1 ], 
              [ 1, 2, 1, 0, 0, -1, 1, 1, -3, -2, 0, 0, -1, -2, 0, 1, 1, -1, 0, 1 ] ], 
          [ [ 1, 0, -1, -1, -1, 1, 0, 0, 2, 1, -1, 0, 2, 1, 0, -1, -1, 1, 0, -1 ], 
              [ 1, 0, 1, 1, 1, -1, 0, 0, -2, -1, 1, 0, -2, -1, 0, 1, 1, -1, 0, 1 ] ], 
          [ [ 1, -1, 0, 1, 1, -1, 0, 1, 0, -1, 0, 1, -1, -1, 1, -1, 1, -1, -1, -1 ], 
              [ 1, 1, 0, -1, -1, 1, 0, -1, 0, 1, 0, -1, 1, 1, -1, 1, -1, 1, 1, 1 ] ], 
          [ [ 1, 0, 0, 0, 0, -1, 0, 0, 1, -1, 0, 0, 0, -1, 0, 1, 1, 1, 0, 0 ], 
              [ 1, 0, 0, 0, 0, 1, 0, 0, -1, 1, 0, 0, 0, 1, 0, -1, -1, -1, 0, 0 ] ], 
          [ [ 1, -1, 0, 1, 1, -1, 1, 0, 0, -1, 0, 1, -1, -1, 1, -1, 1, -1, -1, -1 ], 
              [ 1, 1, 0, -1, -1, 1, -1, 0, 0, 1, 0, -1, 1, 1, -1, 1, -1, 1, 1, 1 ] ], 
          [ [ 1, 3, -2, -1, -1, -1, -1, -1, 2, 0, -1, 0, 1, 1, 0, -1, -1, 2, 1, 0 ], 
              [ 1, -3, 2, 1, 1, 1, 1, 1, -2, 0, 1, 0, -1, -1, 0, 1, 1, -2, -1, 0 ] ], 
          [ [ 1, -1, -1, 0, 0, 1, 0, 1, 1, 1, -1, 1, 1, 1, 0, -2, -1, -1, -1, -1 ], 
              [ 1, 1, 1, 0, 0, -1, 0, -1, -1, -1, 1, -1, -1, -1, 0, 2, 1, 1, 1, 1 ] ], 
          [ [ 1, 0, -1, 0, 0, 0, 0, 1, 0, 0, -1, 0, 1, 1, 1, -2, 0, 0, 0, -1 ], 
              [ 1, 0, 1, 0, 0, 0, 0, -1, 0, 0, 1, 0, -1, -1, -1, 2, 0, 0, 0, 1 ] ], 
          [ [ 1, 1, -1, -1, -1, 0, 0, 0, 1, 0, -1, -1, 2, 1, 0, 0, -1, 2, 1, 0 ], 
              [ 1, -1, 1, 1, 1, 0, 0, 0, -1, 0, 1, 1, -2, -1, 0, 0, 1, -2, -1, 0 ] ], 
          [ [ 1, 1, -1, -1, -1, 0, 0, 0, 1, 0, -1, -1, 2, 1, 0, 0, 0, 2, 1, 0 ], 
              [ 1, -1, 1, 1, 1, 0, 0, 0, -1, 0, 1, 1, -2, -1, 0, 0, 0, -2, -1, 0 ] ], 
          [ [ 1, -1, 0, 1, 1, -1, 1, 0, 0, -1, 0, 1, -1, -1, 0, 0, 1, -1, -1, 0 ], 
              [ 1, 1, 0, -1, -1, 1, -1, 0, 0, 1, 0, -1, 1, 1, 0, 0, -1, 1, 1, 0 ] ], 
          [ [ 1, 0, 0, 1, 1, -2, 1, 0, -1, -2, 0, 0, -1, -1, 1, 0, 1, 0, 0, 0 ], 
              [ 1, 0, 0, -1, -1, 2, -1, 0, 1, 2, 0, 0, 1, 1, -1, 0, -1, 0, 0, 0 ] ], 
          [ [ 1, -4, 1, 2, 2, 0, 2, 2, -2, -1, 0, 1, -1, -1, 1, -1, 1, -3, -2, -1 ], 
              [ 1, 4, -1, -2, -2, 0, -2, -2, 2, 1, 0, -1, 1, 1, -1, 1, -1, 3, 2, 1 ] ], 
          [ [ 1, 0, -1, 0, 0, 0, 0, 1, 0, 0, -1, 0, 1, 1, 0, -1, 0, 0, 0, 0 ], 
              [ 1, 0, 1, 0, 0, 0, 0, -1, 0, 0, 1, 0, -1, -1, 0, 1, 0, 0, 0, 0 ] ], 
          [ [ 1, 2, -2, -1, -1, 0, -1, -1, 3, 1, 0, 0, 1, 0, 0, -1, -1, 2, 0, -1 ], 
              [ 1, -2, 2, 1, 1, 0, 1, 1, -3, -1, 0, 0, -1, 0, 0, 1, 1, -2, 0, 1 ] ], 
          [ [ 1, 2, -2, -1, -1, 0, -1, -1, 3, 1, 0, 0, 1, 1, 0, -1, -1, 1, 0, -1 ], 
              [ 1, -2, 2, 1, 1, 0, 1, 1, -3, -1, 0, 0, -1, -1, 0, 1, 1, -1, 0, 1 ] ], 
          [ [ 1, 2, -1, 0, 0, -2, 0, -2, 2, -1, 1, 0, -1, -1, 0, 1, 0, 1, 0, 0 ], 
              [ 1, -2, 1, 0, 0, 2, 0, 2, -2, 1, -1, 0, 1, 1, 0, -1, 0, -1, 0, 0 ] ], 
          [ [ 1, 3, -2, -1, -1, -1, -1, -1, 2, 0, 0, -1, 1, 0, 0, 0, 0, 3, 1, 0 ], 
              [ 1, -3, 2, 1, 1, 1, 1, 1, -2, 0, 0, 1, -1, 0, 0, 0, 0, -3, -1, 0 ] ], 
          [ [ 1, -1, -1, 0, 0, 1, 0, 1, 1, 1, 0, 0, 1, 0, 0, -1, 0, 0, -1, -1 ], 
              [ 1, 1, 1, 0, 0, -1, 0, -1, -1, -1, 0, 0, -1, 0, 0, 1, 0, 0, 1, 1 ] ], 
          [ [ 1, 3, -2, -1, -1, -1, -1, -1, 2, 0, 0, -1, 1, 1, 0, 0, -1, 2, 1, 0 ], 
              [ 1, -3, 2, 1, 1, 1, 1, 1, -2, 0, 0, 1, -1, -1, 0, 0, 1, -2, -1, 0 ] ], 
          [ [ 1, 5, -2, -2, -2, -1, 0, 0, 1, -1, -1, -1, 2, -1, 0, 0, 0, 3, 1, 0 ], 
              [ 1, -5, 2, 2, 2, 1, 0, 0, -1, 1, 1, 1, -2, 1, 0, 0, 0, -3, -1, 0 ] ], 
          [ [ 1, 5, -2, -2, -2, -1, 0, 0, 1, -1, -1, -1, 2, 0, 0, 0, -1, 2, 1, 0 ], 
              [ 1, -5, 2, 2, 2, 1, 0, 0, -1, 1, 1, 1, -2, 0, 0, 0, 1, -2, -1, 0 ] ], 
          [ [ 1, 8, -3, -3, -1, -3, -1, -1, 1, -2, -1, -1, 1, -1, 1, 1, -1, 4, 2, 0 ], 
              [ 1, -8, 3, 3, 1, 3, 1, 1, -1, 2, 1, 1, -1, 1, -1, -1, 1, -4, -2, 0 ] ], 
          [ [ 1, 0, 0, 0, -1, -1, -1, -1, 2, 1, 1, 1, -1, 0, 0, 0, 0, 1, 0, 0 ], 
              [ 1, 0, 0, 0, 1, 1, 1, 1, -2, -1, -1, -1, 1, 0, 0, 0, 0, -1, 0, 0 ] ], 
          [ [ 1, 1, 0, 0, -1, -2, -1, -1, 1, 0, 1, 0, -1, 0, 0, 1, 1, 2, 1, 1 ], 
              [ 1, -1, 0, 0, 1, 2, 1, 1, -1, 0, -1, 0, 1, 0, 0, -1, -1, -2, -1, -1 ] ], 
          [ [ 1, -3, 1, 1, 0, 0, 0, 1, 0, 1, 1, 1, -1, 0, 0, 0, 1, -1, -1, 0 ], 
              [ 1, 3, -1, -1, 0, 0, 0, -1, 0, -1, -1, -1, 1, 0, 0, 0, -1, 1, 1, 0 ] ], 
          [ [ 1, 2, 0, 0, -1, -2, 0, 1, -1, -1, 0, 1, -1, -1, 1, -1, 1, 0, 0, 0 ], 
              [ 1, -2, 0, 0, 1, 2, 0, -1, 1, 1, 0, -1, 1, 1, -1, 1, -1, 0, 0, 0 ] ], 
          [ [ 1, 3, 0, -1, -2, -2, 0, 0, 0, -1, 0, 0, 0, -1, 0, 1, 1, 2, 1, 1 ], 
              [ 1, -3, 0, 1, 2, 2, 0, 0, 0, 1, 0, 0, 0, 1, 0, -1, -1, -2, -1, -1 ] ], 
          [ [ 1, 2, 0, 0, -1, -2, 0, 1, -1, -1, 0, 1, -1, -1, 0, 0, 1, 0, 0, 1 ], 
              [ 1, -2, 0, 0, 1, 2, 0, -1, 1, 1, 0, -1, 1, 1, 0, 0, -1, 0, 0, -1 ] ], 
          [ [ 1, 5, -1, -1, -2, -3, -1, -1, 1, -1, 1, 0, -1, -2, 0, 1, 1, 3, 1, 1 ], 
              [ 1, -5, 1, 1, 2, 3, 1, 1, -1, 1, -1, 0, 1, 2, 0, -1, -1, -3, -1, -1 ] ], 
          [ [ 1, 5, -1, -1, -2, -3, -1, -1, 1, -1, 1, 0, -1, -1, 0, 1, 0, 2, 1, 1 ], 
              [ 1, -5, 1, 1, 2, 3, 1, 1, -1, 1, -1, 0, 1, 1, 0, -1, 0, -2, -1, -1 ] ], 
          [ [ 1, 5, -1, -1, -2, -3, -1, -1, 1, -1, 1, 0, -1, -1, 0, 1, 1, 2, 1, 1 ], 
              [ 1, -5, 1, 1, 2, 3, 1, 1, -1, 1, -1, 0, 1, 1, 0, -1, -1, -2, -1, -1 ] ], 
          [ [ 1, 2, -1, -1, -2, 0, 0, 1, 0, 1, 0, 0, 1, 0, 0, -1, 0, 1, 0, 0 ], 
              [ 1, -2, 1, 1, 2, 0, 0, -1, 0, -1, 0, 0, -1, 0, 0, 1, 0, -1, 0, 0 ] ], 
          [ [ 1, -3, 1, 2, 0, -1, 0, 0, 1, 0, 2, 1, -2, -1, 0, 0, 2, -1, -1, 0 ], 
              [ 1, 3, -1, -2, 0, 1, 0, 0, -1, 0, -2, -1, 2, 1, 0, 0, -2, 1, 1, 0 ] ], 
          [ [ 1, -3, 0, 1, -1, 1, 0, 0, 2, 2, 1, 1, 0, 1, -1, -1, 0, -1, -1, 0 ], 
              [ 1, 3, 0, -1, 1, -1, 0, 0, -2, -2, -1, -1, 0, -1, 1, 1, 0, 1, 1, 0 ] ], 
          [ [ 1, -4, 1, 3, 1, -1, 1, 0, 0, 0, 2, 2, -3, -1, 0, -1, 2, -3, -2, 0 ], 
              [ 1, 4, -1, -3, -1, 1, -1, 0, 0, 0, -2, -2, 3, 1, 0, 1, -2, 3, 2, 0 ] ], 
          [ [ 1, 6, -1, -2, -1, -4, -1, -1, 0, -2, 0, 0, -1, -1, 1, 2, 0, 3, 2, 1 ], 
              [ 1, -6, 1, 2, 1, 4, 1, 1, 0, 2, 0, 0, 1, 1, -1, -2, 0, -3, -2, -1 ] ], 
          [ [ 1, 3, -1, -2, -1, -1, 0, 1, -1, 0, -1, 0, 1, 0, 1, 0, -1, 2, 1, 0 ], 
              [ 1, -3, 1, 2, 1, 1, 0, -1, 1, 0, 1, 0, -1, 0, -1, 0, 1, -2, -1, 0 ] ], 
          [ [ 1, 5, -2, -2, -1, -2, -1, 0, 0, 0, 0, 0, 0, 0, 1, 0, -1, 2, 1, 0 ], 
              [ 1, -5, 2, 2, 1, 2, 1, 0, 0, 0, 0, 0, 0, 0, -1, 0, 1, -2, -1, 0 ] ], 
          [ [ 1, 11, -3, -4, -3, -4, -2, 0, 0, -2, -1, -1, 1, -1, 1, 1, -1, 5, 3, 1 ], 
              [ 1, -11, 3, 4, 3, 4, 2, 0, 0, 2, 1, 1, -1, 1, -1, -1, 1, -5, -3, -1 ] ], 
          [ [ 1, 11, -3, -4, -3, -4, -1, -1, 0, -2, -1, -1, 1, -1, 1, 1, -1, 5, 3, 1 ], 
              [ 1, -11, 3, 4, 3, 4, 1, 1, 0, 2, 1, 1, -1, 1, -1, -1, 1, -5, -3, -1 ] ], 
          [ [ 1, 8, -2, -3, -2, -3, 0, 1, -2, -2, -1, -1, 1, -1, 1, 1, -1, 3, 2, 1 ], 
              [ 1, -8, 2, 3, 2, 3, 0, -1, 2, 2, 1, 1, -1, 1, -1, -1, 1, -3, -2, -1 ] ], 
          [ [ 1, -3, 0, 1, 1, 0, 0, 1, 0, 1, 0, 2, -1, 1, 1, -2, 0, -2, -1, -1 ], 
              [ 1, 3, 0, -1, -1, 0, 0, -1, 0, -1, 0, -2, 1, -1, -1, 2, 0, 2, 1, 1 ] ], 
          [ [ 1, -3, 1, 2, 2, -2, 1, 0, -1, -1, 1, 2, -3, -1, 1, 0, 1, -2, -1, 0 ], 
              [ 1, 3, -1, -2, -2, 2, -1, 0, 1, 1, -1, -2, 3, 1, -1, 0, -1, 2, 1, 0 ] ], 
          [ [ 1, -2, 0, 1, 1, -1, 0, 1, -1, 0, 0, 1, -1, 1, 1, -1, 0, -1, 0, 0 ], 
              [ 1, 2, 0, -1, -1, 1, 0, -1, 1, 0, 0, -1, 1, -1, -1, 1, 0, 1, 0, 0 ] ], 
          [ [ 1, 0, 0, 0, 0, -1, 1, 2, -2, -1, -1, 1, 0, 0, 1, -1, 0, -1, 0, 0 ], 
              [ 1, 0, 0, 0, 0, 1, -1, -2, 2, 1, 1, -1, 0, 0, -1, 1, 0, 1, 0, 0 ] ], 
          [ [ 1, 0, -1, 0, 0, -1, -1, -1, 2, 1, 1, 1, -1, 0, 0, 0, 0, 1, 0, 0 ], 
              [ 1, 0, 1, 0, 0, 1, 1, 1, -2, -1, -1, -1, 1, 0, 0, 0, 0, -1, 0, 0 ] ], 
          [ [ 1, -3, 0, 1, 1, 0, 0, 1, 0, 1, 1, 1, -1, 0, 1, -1, 0, -1, -1, -1 ], 
              [ 1, 3, 0, -1, -1, 0, 0, -1, 0, -1, -1, -1, 1, 0, -1, 1, 0, 1, 1, 1 ] ], 
          [ [ 1, 0, -1, 0, 0, -1, -1, -1, 2, 1, 1, 1, -1, 1, 0, 0, -1, 0, 0, 0 ], 
              [ 1, 0, 1, 0, 0, 1, 1, 1, -2, -1, -1, -1, 1, -1, 0, 0, 1, 0, 0, 0 ] ], 
          [ [ 1, 3, -1, -1, -1, -2, 0, 0, 0, -1, 0, 0, 0, -1, 1, 0, 0, 2, 1, 0 ], 
              [ 1, -3, 1, 1, 1, 2, 0, 0, 0, 1, 0, 0, 0, 1, -1, 0, 0, -2, -1, 0 ] ], 
          [ [ 1, 6, -2, -2, -2, -3, -1, -2, 2, -1, 0, 0, 0, 0, 0, 1, -1, 3, 2, 1 ], 
              [ 1, -6, 2, 2, 2, 3, 1, 2, -2, 1, 0, 0, 0, 0, 0, -1, 1, -3, -2, -1 ] ], 
          [ [ 1, 3, -2, -2, -2, 0, -1, 1, 1, 1, -1, 0, 2, 1, 0, -1, -1, 2, 1, 0 ], 
              [ 1, -3, 2, 2, 2, 0, 1, -1, -1, -1, 1, 0, -2, -1, 0, 1, 1, -2, -1, 0 ] ], 
          [ [ 1, 3, -1, -1, -1, -2, 0, 0, 0, -1, 0, 0, 0, 0, 1, 0, 0, 1, 1, 0 ], 
              [ 1, -3, 1, 1, 1, 2, 0, 0, 0, 1, 0, 0, 0, 0, -1, 0, 0, -1, -1, 0 ] ], 
          [ [ 1, 2, -1, 0, 0, -2, 0, 1, -1, -1, 0, 1, -1, -1, 1, -1, 0, 0, 0, 0 ], 
              [ 1, -2, 1, 0, 0, 2, 0, -1, 1, 1, 0, -1, 1, 1, -1, 1, 0, 0, 0, 0 ] ], 
          [ [ 1, 2, -1, 0, 0, -2, 0, 1, -1, -1, 0, 1, -1, -1, 1, -1, 1, 0, 0, 0 ], 
              [ 1, -2, 1, 0, 0, 2, 0, -1, 1, 1, 0, -1, 1, 1, -1, 1, -1, 0, 0, 0 ] ], 
          [ [ 1, 2, -1, 0, 0, -2, 0, 1, -1, -1, 0, 1, -1, 0, 1, -1, 0, -1, 0, 0 ], 
              [ 1, -2, 1, 0, 0, 2, 0, -1, 1, 1, 0, -1, 1, 0, -1, 1, 0, 1, 0, 0 ] ], 
          [ [ 1, 3, -1, -1, -1, -2, 0, 0, 0, -1, 0, 0, 0, -1, 0, 1, 0, 2, 1, 1 ], 
              [ 1, -3, 1, 1, 1, 2, 0, 0, 0, 1, 0, 0, 0, 1, 0, -1, 0, -2, -1, -1 ] ], 
          [ [ 1, 0, 0, 0, 0, -1, 1, 2, -2, -1, 0, 0, 0, -1, 1, 0, 1, 0, 0, 0 ], 
              [ 1, 0, 0, 0, 0, 1, -1, -2, 2, 1, 0, 0, 0, 1, -1, 0, -1, 0, 0, 0 ] ], 
          [ [ 1, 3, -1, -1, -1, -2, 0, 0, 0, -1, 0, 0, 0, 0, 0, 1, 0, 1, 1, 1 ], 
              [ 1, -3, 1, 1, 1, 2, 0, 0, 0, 1, 0, 0, 0, 0, 0, -1, 0, -1, -1, -1 ] ], 
          [ [ 1, 6, -3, -3, -3, -1, -2, -1, 3, 1, 0, -1, 2, 1, 0, 0, -2, 4, 2, 0 ], 
              [ 1, -6, 3, 3, 3, 1, 2, 1, -3, -1, 0, 1, -2, -1, 0, 0, 2, -4, -2, 0 ] ], 
          [ [ 1, 5, -2, -1, -1, -3, -1, -1, 1, -1, 1, 0, -1, -1, 1, 0, 0, 2, 1, 0 ], 
              [ 1, -5, 2, 1, 1, 3, 1, 1, -1, 1, -1, 0, 1, 1, -1, 0, 0, -2, -1, 0 ] ], 
          [ [ 1, 6, -2, -2, -2, -3, -1, -2, 2, -1, 1, -1, 0, -1, 0, 2, 0, 4, 2, 1 ], 
              [ 1, -6, 2, 2, 2, 3, 1, 2, -2, 1, -1, 1, 0, 1, 0, -2, 0, -4, -2, -1 ] ], 
          [ [ 1, 5, -3, -2, -2, -1, -1, -1, 2, 1, 0, 0, 1, 1, 0, -1, -2, 2, 1, 0 ], 
              [ 1, -5, 3, 2, 2, 1, 1, 1, -2, -1, 0, 0, -1, -1, 0, 1, 2, -2, -1, 0 ] ], 
          [ [ 1, 5, -2, -1, -1, -3, -1, -1, 1, -1, 1, 0, -1, -1, 0, 1, 0, 2, 1, 1 ], 
              [ 1, -5, 2, 1, 1, 3, 1, 1, -1, 1, -1, 0, 1, 1, 0, -1, 0, -2, -1, -1 ] ], 
          [ [ 1, -3, 0, 2, 1, -1, 0, 0, 1, 0, 1, 2, -2, 0, 0, -1, 1, -2, -1, 0 ], 
              [ 1, 3, 0, -2, -1, 1, 0, 0, -1, 0, -1, -2, 2, 0, 0, 1, -1, 2, 1, 0 ] ], 
          [ [ 1, -3, -1, 1, 0, 1, 0, 0, 2, 2, 1, 1, 0, 1, 0, -2, 0, -1, -1, -1 ], 
              [ 1, 3, 1, -1, 0, -1, 0, 0, -2, -2, -1, -1, 0, -1, 0, 2, 0, 1, 1, 1 ] ], 
          [ [ 1, 3, -2, -1, 0, -2, 0, 0, 0, -1, 0, 0, 0, 0, 1, 0, -1, 1, 1, 0 ], 
              [ 1, -3, 2, 1, 0, 2, 0, 0, 0, 1, 0, 0, 0, 0, -1, 0, 1, -1, -1, 0 ] ], 
          [ [ 1, 3, -1, -1, -1, -2, -1, -1, 2, 0, 0, 0, 0, 0, 0, 0, 0, 2, 1, 0 ], 
              [ 1, -3, 1, 1, 1, 2, 1, 1, -2, 0, 0, 0, 0, 0, 0, 0, 0, -2, -1, 0 ] ], 
          [ [ 1, 0, 0, 0, 0, -1, 0, 1, 0, 0, 0, 0, 0, 0, 0, 0, 0, 0, 0, 0 ], 
              [ 1, 0, 0, 0, 0, 1, 0, -1, 0, 0, 0, 0, 0, 0, 0, 0, 0, 0, 0, 0 ] ], 
          [ [ 1, 0, 0, 0, 0, -1, 1, 0, 0, 0, 0, 0, 0, 0, 0, 0, 0, 0, 0, 0 ], 
              [ 1, 0, 0, 0, 0, 1, -1, 0, 0, 0, 0, 0, 0, 0, 0, 0, 0, 0, 0, 0 ] ], 
          [ [ 1, 0, -1, 0, -1, 1, 0, 0, 0, 0, 0, 0, 1, 0, 0, 0, 0, 1, 0, 0 ], 
              [ 1, 0, 1, 0, 1, -1, 0, 0, 0, 0, 0, 0, -1, 0, 0, 0, 0, -1, 0, 0 ] ], 
          [ [ 1, 0, 0, 0, 0, 0, 0, -1, 0, 0, 0, 0, 0, 0, 0, 1, 0, 1, 0, 0 ], 
              [ 1, 0, 0, 0, 0, 0, 0, 1, 0, 0, 0, 0, 0, 0, 0, -1, 0, -1, 0, 0 ] ], 
          [ [ 1, 6, -1, -2, -2, -2, -1, -1, 0, -2, -1, -1, 1, -1, 0, 2, 0, 4, 2, 1 ], 
              [ 1, -6, 1, 2, 2, 2, 1, 1, 0, 2, 1, 1, -1, 1, 0, -2, 0, -4, -2, -1 ] ], 
          [ [ 1, 3, 0, -1, -1, -1, 0, 1, -2, -2, -1, -1, 1, -1, 1, 1, 1, 2, 1, 0 ], 
              [ 1, -3, 0, 1, 1, 1, 0, -1, 2, 2, 1, 1, -1, 1, -1, -1, -1, -2, -1, 0 ] ], 
          [ [ 1, 3, -1, -2, -2, 1, 0, 1, -1, 0, -2, -1, 3, 1, 0, 0, -1, 2, 1, 0 ], 
              [ 1, -3, 1, 2, 2, -1, 0, -1, 1, 0, 2, 1, -3, -1, 0, 0, 1, -2, -1, 0 ] ], 
          [ [ 1, 2, 0, 0, 0, -1, 1, 1, -3, -2, -1, 0, 0, -1, 1, 0, 1, 0, 0, 0 ], 
              [ 1, -2, 0, 0, 0, 1, -1, -1, 3, 2, 1, 0, 0, 1, -1, 0, -1, 0, 0, 0 ] ], 
          [ [ 1, 6, -2, -3, -3, 0, -1, -1, 1, 0, -1, -2, 3, 0, 0, 1, -1, 5, 2, 0 ], 
              [ 1, -6, 2, 3, 3, 0, 1, 1, -1, 0, 1, 2, -3, 0, 0, -1, 1, -5, -2, 0 ] ], 
          [ [ 1, 5, -2, -2, -2, 0, -1, 0, 0, 0, -1, -1, 2, 0, 0, 0, -1, 3, 1, 0 ], 
              [ 1, -5, 2, 2, 2, 0, 1, 0, 0, 0, 1, 1, -2, 0, 0, 0, 1, -3, -1, 0 ] ], 
          [ [ 1, -3, 0, 1, 0, 2, 0, 1, 0, 1, -1, 1, 1, 1, 0, -2, 0, -1, -1, -1 ], 
              [ 1, 3, 0, -1, 0, -2, 0, -1, 0, -1, 1, -1, -1, -1, 0, 2, 0, 1, 1, 1 ] ], 
          [ [ 1, -3, 1, 2, 1, 0, 1, 0, -1, -1, 0, 1, -1, -1, 0, 0, 2, -1, -1, 0 ], 
              [ 1, 3, -1, -2, -1, 0, -1, 0, 1, 1, 0, -1, 1, 1, 0, 0, -2, 1, 1, 0 ] ], 
          [ [ 1, -6, 2, 3, 2, 1, 2, 2, -3, -1, 0, 1, -1, -1, 1, -1, 2, -3, -2, -1 ], 
              [ 1, 6, -2, -3, -2, -1, -2, -2, 3, 1, 0, -1, 1, 1, -1, 1, -2, 3, 2, 1 ] ], 
          [ [ 1, -3, 1, 2, 1, 0, 1, 0, -1, -1, 0, 1, -1, 0, 0, 0, 1, -2, -1, 0 ], 
              [ 1, 3, -1, -2, -1, 0, -1, 0, 1, 1, 0, -1, 1, 0, 0, 0, -1, 2, 1, 0 ] ], 
          [ [ 1, 0, -1, 0, -1, 1, -1, -1, 2, 1, 0, 0, 1, 1, 0, -1, 0, 1, 0, -1 ], 
              [ 1, 0, 1, 0, 1, -1, 1, 1, -2, -1, 0, 0, -1, -1, 0, 1, 0, -1, 0, 1 ] ], 
          [ [ 1, 0, 0, 1, 0, -1, 0, -2, 1, -1, 1, 0, -1, -1, 0, 1, 1, 1, 0, 0 ], 
              [ 1, 0, 0, -1, 0, 1, 0, 2, -1, 1, -1, 0, 1, 1, 0, -1, -1, -1, 0, 0 ] ], 
          [ [ 1, -4, 1, 2, 1, 1, 1, 0, 0, 0, 1, 1, -1, -1, 0, 0, 1, -2, -2, -1 ], 
              [ 1, 4, -1, -2, -1, -1, -1, 0, 0, 0, -1, -1, 1, 1, 0, 0, -1, 2, 2, 1 ] ], 
          [ [ 1, -3, 0, 1, 0, 2, 0, 1, 0, 1, 0, 0, 1, 0, 0, -1, 1, 0, -1, -1 ], 
              [ 1, 3, 0, -1, 0, -2, 0, -1, 0, -1, 0, 0, -1, 0, 0, 1, -1, 0, 1, 1 ] ], 
          [ [ 1, 0, -1, 0, -1, 1, -1, -1, 2, 1, 0, 0, 1, 1, -1, 0, 0, 1, 0, 0 ], 
              [ 1, 0, 1, 0, 1, -1, 1, 1, -2, -1, 0, 0, -1, -1, 1, 0, 0, -1, 0, 0 ] ], 
          [ [ 1, -3, 0, 1, 0, 2, 0, 1, 0, 1, 0, 0, 1, 1, 0, -1, 0, -1, -1, -1 ], 
              [ 1, 3, 0, -1, 0, -2, 0, -1, 0, -1, 0, 0, -1, -1, 0, 1, 0, 1, 1, 1 ] ], 
          [ [ 1, -3, 0, 1, 0, 2, 1, 0, 0, 1, 0, 0, 1, 1, 0, -1, 0, -1, -1, -1 ], 
              [ 1, 3, 0, -1, 0, -2, -1, 0, 0, -1, 0, 0, -1, -1, 0, 1, 0, 1, 1, 1 ] ], 
          [ [ 1, 3, -1, -1, -2, 0, 0, 0, 0, -1, -1, -1, 2, 0, 0, 0, 0, 2, 1, 0 ], 
              [ 1, -3, 1, 1, 2, 0, 0, 0, 0, 1, 1, 1, -2, 0, 0, 0, 0, -2, -1, 0 ] ], 
          [ [ 1, -3, 1, 2, 1, 0, 1, 0, -1, -1, 1, 0, -1, -1, 0, 1, 2, -1, -1, 0 ], 
              [ 1, 3, -1, -2, -1, 0, -1, 0, 1, 1, -1, 0, 1, 1, 0, -1, -2, 1, 1, 0 ] ], 
          [ [ 1, 3, -1, -1, 0, -1, 0, 1, -2, -2, -2, 0, 1, 0, 1, 0, 0, 1, 1, 0 ], 
              [ 1, -3, 1, 1, 0, 1, 0, -1, 2, 2, 2, 0, -1, 0, -1, 0, 0, -1, -1, 0 ] ], 
          [ [ 1, 6, -2, -2, -1, -2, -1, -1, 0, -2, -1, -1, 1, -1, 1, 1, 0, 4, 2, 0 ], 
              [ 1, -6, 2, 2, 1, 2, 1, 1, 0, 2, 1, 1, -1, 1, -1, -1, 0, -4, -2, 0 ] ], 
          [ [ 1, 2, -1, -1, 0, 0, 0, 1, -1, -1, -1, 0, 1, -1, 1, 0, 0, 1, 0, -1 ], 
              [ 1, -2, 1, 1, 0, 0, 0, -1, 1, 1, 1, 0, -1, 1, -1, 0, 0, -1, 0, 1 ] ], 
          [ [ 1, 6, -2, -2, -1, -2, -1, -1, 0, -2, -1, -1, 1, 0, 1, 1, -1, 3, 2, 0 ], 
              [ 1, -6, 2, 2, 1, 2, 1, 1, 0, 2, 1, 1, -1, 0, -1, -1, 1, -3, -2, 0 ] ], 
          [ [ 1, 6, -3, -3, -2, 0, -1, -1, 1, 0, -2, -1, 3, 1, 0, 0, -2, 4, 2, 0 ], 
              [ 1, -6, 3, 3, 2, 0, 1, 1, -1, 0, 2, 1, -3, -1, 0, 0, 2, -4, -2, 0 ] ], 
          [ [ 1, 3, -2, -2, -1, 1, 0, 1, -1, 0, -2, -1, 3, 1, 1, -1, -2, 2, 1, -1 ], 
              [ 1, -3, 2, 2, 1, -1, 0, -1, 1, 0, 2, 1, -3, -1, -1, 1, 2, -2, -1, 1 ] ], 
          [ [ 1, 3, -2, -2, -1, 1, 0, 1, -1, 0, -2, -1, 3, 1, 1, -1, -1, 2, 1, -1 ], 
              [ 1, -3, 2, 2, 1, -1, 0, -1, 1, 0, 2, 1, -3, -1, -1, 1, 1, -2, -1, 1 ] ], 
          [ [ 1, 3, -1, -1, 0, -1, 0, 1, -2, -2, -1, -1, 1, -1, 1, 1, 0, 2, 1, 0 ], 
              [ 1, -3, 1, 1, 0, 1, 0, -1, 2, 2, 1, 1, -1, 1, -1, -1, 0, -2, -1, 0 ] ], 
          [ [ 1, 3, -1, -1, 0, -1, 1, 0, -2, -2, -1, -1, 1, -1, 1, 1, 0, 2, 1, 0 ], 
              [ 1, -3, 1, 1, 0, 1, -1, 0, 2, 2, 1, 1, -1, 1, -1, -1, 0, -2, -1, 0 ] ], 
          [ [ 1, 6, -3, -3, -2, 0, -1, -1, 1, 0, -1, -2, 3, 1, 0, 1, -2, 4, 2, 0 ], 
              [ 1, -6, 3, 3, 2, 0, 1, 1, -1, 0, 1, 2, -3, -1, 0, -1, 2, -4, -2, 0 ] ], 
          [ [ 1, -2, -1, 0, 0, 2, 0, 0, 1, 1, -1, 0, 2, 2, 0, -1, -1, 0, 0, -1 ], 
              [ 1, 2, 1, 0, 0, -2, 0, 0, -1, -1, 1, 0, -2, -2, 0, 1, 1, 0, 0, 1 ] ], 
          [ [ 1, -3, 0, 2, 2, 0, 1, 0, -1, -1, 0, 1, -1, 0, 1, -1, 1, -2, -1, -1 ], 
              [ 1, 3, 0, -2, -2, 0, -1, 0, 1, 1, 0, -1, 1, 0, -1, 1, -1, 2, 1, 1 ] ], 
          [ [ 1, 0, -2, 0, 0, 1, -1, -1, 2, 1, 0, 0, 1, 1, 0, -1, -1, 1, 0, -1 ], 
              [ 1, 0, 2, 0, 0, -1, 1, 1, -2, -1, 0, 0, -1, -1, 0, 1, 1, -1, 0, 1 ] ], 
          [ [ 1, 2, -2, -1, -1, 1, 0, 0, 1, 0, -1, 0, 2, 0, 0, -1, -1, 1, 0, -1 ], 
              [ 1, -2, 2, 1, 1, -1, 0, 0, -1, 0, 1, 0, -2, 0, 0, 1, 1, -1, 0, 1 ] ], 
          [ [ 1, 3, -2, -1, -1, 0, 0, 0, 0, -1, -1, -1, 2, 0, 0, 0, 0, 2, 1, 0 ], 
              [ 1, -3, 2, 1, 1, 0, 0, 0, 0, 1, 1, 1, -2, 0, 0, 0, 0, -2, -1, 0 ] ], 
          [ [ 1, 3, -1, -1, -1, -1, -1, 0, -1, 0, 0, 0, 0, 0, 1, 0, 0, 2, 1, 0 ], 
              [ 1, -3, 1, 1, 1, 1, 1, 0, 1, 0, 0, 0, 0, 0, -1, 0, 0, -2, -1, 0 ] ], 
          [ [ 1, 5, -1, -2, -2, -1, 0, 1, -2, -1, -1, 0, 1, -1, 1, 0, 0, 2, 1, 0 ], 
              [ 1, -5, 1, 2, 2, 1, 0, -1, 2, 1, 1, 0, -1, 1, -1, 0, 0, -2, -1, 0 ] ], 
          [ [ 1, 6, -1, -2, -2, -2, 0, 1, -3, -2, -1, -1, 1, -1, 1, 1, 0, 3, 2, 1 ], 
              [ 1, -6, 1, 2, 2, 2, 0, -1, 3, 2, 1, 1, -1, 1, -1, -1, 0, -3, -2, -1 ] ], 
          [ [ 1, 8, -2, -3, -3, -2, -1, -1, 0, -1, 0, -1, 1, -1, 0, 2, -1, 4, 2, 1 ], 
              [ 1, -8, 2, 3, 3, 2, 1, 1, 0, 1, 0, 1, -1, 1, 0, -2, 1, -4, -2, -1 ] ], 
          [ [ 1, -2, 0, 1, 0, 0, -1, -1, 1, 1, 1, 1, -1, 1, 0, 0, 0, 0, 0, 0 ], 
              [ 1, 2, 0, -1, 0, 0, 1, 1, -1, -1, -1, -1, 1, -1, 0, 0, 0, 0, 0, 0 ] ], 
          [ [ 1, 0, 0, 0, -1, 0, 0, 0, 0, 0, 0, 1, 0, 0, 0, 0, 0, 0, 0, 0 ], 
              [ 1, 0, 0, 0, 1, 0, 0, 0, 0, 0, 0, -1, 0, 0, 0, 0, 0, 0, 0, 0 ] ], 
          [ [ 1, -1, 1, 2, 1, -2, 1, 0, -2, -2, 1, 2, -3, -2, 1, 0, 2, -2, -1, 0 ], 
              [ 1, 1, -1, -2, -1, 2, -1, 0, 2, 2, -1, -2, 3, 2, -1, 0, -2, 2, 1, 0 ] ], 
          [ [ 1, 0, 0, 1, 0, -1, 0, 1, -2, -1, 0, 1, -1, 0, 1, -1, 1, -1, 0, 0 ], 
              [ 1, 0, 0, -1, 0, 1, 0, -1, 2, 1, 0, -1, 1, 0, -1, 1, -1, 1, 0, 0 ] ], 
          [ [ 1, 1, 0, 0, -1, -1, 0, 0, -1, -1, 0, 0, 0, 0, 0, 1, 1, 1, 1, 1 ], 
              [ 1, -1, 0, 0, 1, 1, 0, 0, 1, 1, 0, 0, 0, 0, 0, -1, -1, -1, -1, -1 ] ], 
          [ [ 1, 2, -1, 0, -1, -1, -1, -1, 1, 0, 1, 1, -1, -1, 0, 0, 0, 1, 0, 0 ], 
              [ 1, -2, 1, 0, 1, 1, 1, 1, -1, 0, -1, -1, 1, 1, 0, 0, 0, -1, 0, 0 ] ], 
          [ [ 1, 2, -1, 0, -1, -1, -1, -1, 1, 0, 1, 1, -1, -1, 0, 0, 1, 1, 0, 0 ], 
              [ 1, -2, 1, 0, 1, 1, 1, 1, -1, 0, -1, -1, 1, 1, 0, 0, -1, -1, 0, 0 ] ], 
          [ [ 1, -1, 0, 1, 0, 0, 0, 1, -1, 0, 1, 1, -1, -1, 1, -1, 1, -1, -1, -1 ], 
              [ 1, 1, 0, -1, 0, 0, 0, -1, 1, 0, -1, -1, 1, 1, -1, 1, -1, 1, 1, 1 ] ], 
          [ [ 1, 2, -1, 0, -1, -1, -1, -1, 1, 0, 1, 1, -1, 0, 0, 0, 0, 0, 0, 0 ], 
              [ 1, -2, 1, 0, 1, 1, 1, 1, -1, 0, -1, -1, 1, 0, 0, 0, 0, 0, 0, 0 ] ], 
          [ [ 1, 0, 0, 0, -1, 0, 0, 0, 0, 0, 1, 0, 0, -1, 0, 1, 1, 1, 0, 0 ], 
              [ 1, 0, 0, 0, 1, 0, 0, 0, 0, 0, -1, 0, 0, 1, 0, -1, -1, -1, 0, 0 ] ], 
          [ [ 1, 3, -2, -1, -2, 0, -1, -1, 1, 1, 0, 0, 1, 1, 0, -1, -1, 2, 1, 0 ], 
              [ 1, -3, 2, 1, 2, 0, 1, 1, -1, -1, 0, 0, -1, -1, 0, 1, 1, -2, -1, 0 ] ], 
          [ [ 1, -1, -1, 0, -1, 2, 0, 1, 0, 2, 0, 1, 1, 1, 0, -2, -1, -1, -1, -1 ], 
              [ 1, 1, 1, 0, 1, -2, 0, -1, 0, -2, 0, -1, -1, -1, 0, 2, 1, 1, 1, 1 ] ], 
          [ [ 1, 3, -1, 0, -1, -2, -1, -1, 0, -1, 1, 0, -1, -1, 0, 1, 1, 2, 1, 1 ], 
              [ 1, -3, 1, 0, 1, 2, 1, 1, 0, 1, -1, 0, 1, 1, 0, -1, -1, -2, -1, -1 ] ], 
          [ [ 1, -1, 0, 1, 0, 0, 0, 1, -1, 0, 1, 1, -1, -1, 0, 0, 1, -1, -1, 0 ], 
              [ 1, 1, 0, -1, 0, 0, 0, -1, 1, 0, -1, -1, 1, 1, 0, 0, -1, 1, 1, 0 ] ], 
          [ [ 1, -1, 0, 1, 0, 0, 1, 0, -1, 0, 1, 1, -1, -1, 0, 0, 1, -1, -1, 0 ], 
              [ 1, 1, 0, -1, 0, 0, -1, 0, 1, 0, -1, -1, 1, 1, 0, 0, -1, 1, 1, 0 ] ], 
          [ [ 1, 0, -1, 0, -1, 1, 0, 1, -1, 1, 0, 0, 1, 1, 0, -1, 0, 0, 0, 0 ], 
              [ 1, 0, 1, 0, 1, -1, 0, -1, 1, -1, 0, 0, -1, -1, 0, 1, 0, 0, 0, 0 ] ], 
          [ [ 1, 5, -1, -1, -2, -2, 0, 0, -1, -2, 0, 0, 0, -2, 0, 1, 1, 2, 1, 1 ], 
              [ 1, -5, 1, 1, 2, 2, 0, 0, 1, 2, 0, 0, 0, 2, 0, -1, -1, -2, -1, -1 ] ], 
          [ [ 1, 1, -1, -1, 0, 0, 0, 1, -2, 0, -1, 0, 1, 1, 1, 0, -1, 1, 1, 0 ], 
              [ 1, -1, 1, 1, 0, 0, 0, -1, 2, 0, 1, 0, -1, -1, -1, 0, 1, -1, -1, 0 ] ], 
          [ [ 1, 8, -3, -3, -2, -2, -1, -1, 0, -1, -1, 0, 1, 0, 1, 0, -2, 3, 2, 0 ], 
              [ 1, -8, 3, 3, 2, 2, 1, 1, 0, 1, 1, 0, -1, 0, -1, 0, 2, -3, -2, 0 ] ], 
          [ [ 1, 8, -2, -2, -1, -4, -1, -1, -1, -3, 0, 0, -1, -2, 1, 2, 0, 3, 2, 1 ], 
              [ 1, -8, 2, 2, 1, 4, 1, 1, 1, 3, 0, 0, 1, 2, -1, -2, 0, -3, -2, -1 ] ], 
          [ [ 1, 5, -2, -2, -1, -1, 0, 1, -2, -1, -1, 0, 1, -1, 1, 0, -1, 2, 1, 0 ], 
              [ 1, -5, 2, 2, 1, 1, 0, -1, 2, 1, 1, 0, -1, 1, -1, 0, 1, -2, -1, 0 ] ], 
          [ [ 1, 9, -3, -3, -2, -3, -1, -1, -1, -2, -1, -1, 1, 0, 1, 1, -1, 4, 3, 1 ], 
              [ 1, -9, 3, 3, 2, 3, 1, 1, 1, 2, 1, 1, -1, 0, -1, -1, 1, -4, -3, -1 ] ], 
          [ [ 1, 5, -2, -2, -1, -1, 0, 1, -2, -1, -1, 0, 1, 0, 1, 0, -1, 1, 1, 0 ], 
              [ 1, -5, 2, 2, 1, 1, 0, -1, 2, 1, 1, 0, -1, 0, -1, 0, 1, -1, -1, 0 ] ], 
          [ [ 1, 8, -3, -3, -2, -2, -1, -1, 0, -1, 0, -1, 1, -1, 1, 1, -1, 4, 2, 0 ], 
              [ 1, -8, 3, 3, 2, 2, 1, 1, 0, 1, 0, 1, -1, 1, -1, -1, 1, -4, -2, 0 ] ], 
          [ [ 1, 0, -1, 0, 0, 0, 0, 0, 0, 0, 0, 1, 0, 0, 1, -1, 0, 0, 0, -1 ], 
              [ 1, 0, 1, 0, 0, 0, 0, 0, 0, 0, 0, -1, 0, 0, -1, 1, 0, 0, 0, 1 ] ], 
          [ [ 1, -1, -1, 1, 1, 0, 0, 1, -1, 0, 0, 2, -1, 0, 1, -2, 0, -2, -1, -1 ], 
              [ 1, 1, 1, -1, -1, 0, 0, -1, 1, 0, 0, -2, 1, 0, -1, 2, 0, 2, 1, 1 ] ], 
          [ [ 1, 0, -1, 0, 0, 0, 0, 0, 0, 0, 0, 1, 0, 0, 0, 0, 0, 0, 0, 0 ], 
              [ 1, 0, 1, 0, 0, 0, 0, 0, 0, 0, 0, -1, 0, 0, 0, 0, 0, 0, 0, 0 ] ], 
          [ [ 1, 1, -1, 0, 0, -1, 0, 0, -1, -1, 0, 0, 0, 0, 1, 0, 0, 1, 1, 0 ], 
              [ 1, -1, 1, 0, 0, 1, 0, 0, 1, 1, 0, 0, 0, 0, -1, 0, 0, -1, -1, 0 ] ], 
          [ [ 1, -3, 0, 1, 1, 1, 1, 2, -2, 0, 0, 1, 0, 0, 1, -1, 0, -2, -1, -1 ], 
              [ 1, 3, 0, -1, -1, -1, -1, -2, 2, 0, 0, -1, 0, 0, -1, 1, 0, 2, 1, 1 ] ], 
          [ [ 1, 3, -2, -1, -1, -1, -1, -2, 2, 0, 1, 0, 0, 0, 0, 1, -1, 2, 1, 0 ], 
              [ 1, -3, 2, 1, 1, 1, 1, 2, -2, 0, -1, 0, 0, 0, 0, -1, 1, -2, -1, 0 ] ], 
          [ [ 1, 5, -2, -1, -1, -2, 0, 0, -1, -2, 0, 0, 0, -1, 1, 0, 0, 1, 1, 0 ], 
              [ 1, -5, 2, 1, 1, 2, 0, 0, 1, 2, 0, 0, 0, 1, -1, 0, 0, -1, -1, 0 ] ], 
          [ [ 1, -3, 0, 2, 0, 0, 0, 0, 0, 1, 2, 2, -2, 0, 0, -1, 1, -2, -1, 0 ], 
              [ 1, 3, 0, -2, 0, 0, 0, 0, 0, -1, -2, -2, 2, 0, 0, 1, -1, 2, 1, 0 ] ], 
          [ [ 1, 3, 0, -1, -1, -1, 0, -1, 0, -1, -1, -1, 1, 0, 0, 1, 0, 2, 1, 0 ], 
              [ 1, -3, 0, 1, 1, 1, 0, 1, 0, 1, 1, 1, -1, 0, 0, -1, 0, -2, -1, 0 ] ], 
          [ [ 1, 0, 1, 0, 0, 0, 1, 1, -2, -1, -1, -1, 1, -1, 0, 1, 1, 1, 0, 0 ], 
              [ 1, 0, -1, 0, 0, 0, -1, -1, 2, 1, 1, 1, -1, 1, 0, -1, -1, -1, 0, 0 ] ], 
          [ [ 1, -6, 2, 3, 2, 1, 1, 1, -1, 0, 0, 1, -1, 0, 0, -1, 2, -3, -2, -1 ], 
              [ 1, 6, -2, -3, -2, -1, -1, -1, 1, 0, 0, -1, 1, 0, 0, 1, -2, 3, 2, 1 ] ], 
          [ [ 1, -3, 0, 1, 0, 2, 0, -1, 2, 2, 0, 0, 1, 1, -1, -1, 0, 0, -1, -1 ], 
              [ 1, 3, 0, -1, 0, -2, 0, 1, -2, -2, 0, 0, -1, -1, 1, 1, 0, 0, 1, 1 ] ], 
          [ [ 1, 0, 0, 0, 1, 0, 1, 1, -2, -1, -2, 0, 1, 0, 1, -1, 0, 0, 0, -1 ], 
              [ 1, 0, 0, 0, -1, 0, -1, -1, 2, 1, 2, 0, -1, 0, -1, 1, 0, 0, 0, 1 ] ], 
          [ [ 1, 2, -1, -1, 0, 0, 0, -1, 1, 0, -1, 0, 1, 0, 0, 0, -1, 1, 0, -1 ], 
              [ 1, -2, 1, 1, 0, 0, 0, 1, -1, 0, 1, 0, -1, 0, 0, 0, 1, -1, 0, 1 ] ], 
          [ [ 1, 3, -2, -2, -1, 1, -1, 0, 1, 1, -2, -1, 3, 2, 0, -1, -2, 2, 1, -1 ], 
              [ 1, -3, 2, 2, 1, -1, 1, 0, -1, -1, 2, 1, -3, -2, 0, 1, 2, -2, -1, 1 ] ], 
          [ [ 1, 3, -1, -1, 0, -1, 0, -1, 0, -1, -1, -1, 1, 0, 0, 1, -1, 2, 1, 0 ], 
              [ 1, -3, 1, 1, 0, 1, 0, 1, 0, 1, 1, 1, -1, 0, 0, -1, 1, -2, -1, 0 ] ], 
          [ [ 1, 3, -1, -1, 0, -1, 0, -1, 0, -1, -1, -1, 1, 0, 0, 1, 0, 2, 1, 0 ], 
              [ 1, -3, 1, 1, 0, 1, 0, 1, 0, 1, 1, 1, -1, 0, 0, -1, 0, -2, -1, 0 ] ], 
          [ [ 1, 0, 0, 0, 1, 0, 1, 1, -2, -1, -1, -1, 1, 0, 1, 0, 0, 0, 0, -1 ], 
              [ 1, 0, 0, 0, -1, 0, -1, -1, 2, 1, 1, 1, -1, 0, -1, 0, 0, 0, 0, 1 ] ], 
          [ [ 1, -5, 1, 2, 2, 1, 1, 0, 0, 0, 0, 0, 0, 0, 0, 0, 1, -1, -1, -1 ], 
              [ 1, 5, -1, -2, -2, -1, -1, 0, 0, 0, 0, 0, 0, 0, 0, 0, -1, 1, 1, 1 ] ], 
          [ [ 1, -1, 0, 1, 1, 0, 1, 0, 0, -1, 0, 0, 0, -1, 0, 0, 1, -1, -1, -1 ], 
              [ 1, 1, 0, -1, -1, 0, -1, 0, 0, 1, 0, 0, 0, 1, 0, 0, -1, 1, 1, 1 ] ], 
          [ [ 1, 5, -1, -2, -2, -1, -1, 0, 0, 0, -1, 0, 1, 0, 0, 0, -1, 2, 1, 0 ], 
              [ 1, -5, 1, 2, 2, 1, 1, 0, 0, 0, 1, 0, -1, 0, 0, 0, 1, -2, -1, 0 ] ], 
          [ [ 1, 5, 0, -1, -1, -3, 0, -1, -1, -2, 0, 0, -1, -2, 0, 2, 1, 2, 1, 1 ], 
              [ 1, -5, 0, 1, 1, 3, 0, 1, 1, 2, 0, 0, 1, 2, 0, -2, -1, -2, -1, -1 ] ], 
          [ [ 1, 2, 1, 0, 0, -2, 1, 1, -3, -2, 0, 0, -1, -2, 1, 1, 1, 0, 0, 0 ], 
              [ 1, -2, -1, 0, 0, 2, -1, -1, 3, 2, 0, 0, 1, 2, -1, -1, -1, 0, 0, 0 ] ], 
          [ [ 1, 6, -1, -2, -2, -2, -1, 0, -1, -1, -1, -1, 1, 0, 0, 1, 0, 3, 2, 1 ], 
              [ 1, -6, 1, 2, 2, 2, 1, 0, 1, 1, 1, 1, -1, 0, 0, -1, 0, -3, -2, -1 ] ], 
          [ [ 1, 5, -1, -2, -2, -1, -1, 0, 0, 0, 0, -1, 1, -1, 0, 1, 0, 3, 1, 0 ], 
              [ 1, -5, 1, 2, 2, 1, 1, 0, 0, 0, 0, 1, -1, 1, 0, -1, 0, -3, -1, 0 ] ], 
          [ [ 1, -3, 1, 1, 0, 1, 0, 1, 0, 1, 0, 1, 0, 0, 0, -1, 1, -1, -1, -1 ], 
              [ 1, 3, -1, -1, 0, -1, 0, -1, 0, -1, 0, -1, 0, 0, 0, 1, -1, 1, 1, 1 ] ], 
          [ [ 1, -8, 2, 3, 2, 2, 1, 1, -1, 2, 1, 1, -1, 1, 0, -1, 1, -3, -2, -1 ], 
              [ 1, 8, -2, -3, -2, -2, -1, -1, 1, -2, -1, -1, 1, -1, 0, 1, -1, 3, 2, 1 ] ],
          [ [ 1, -3, 2, 2, 1, -1, 1, 0, -1, -1, 1, 1, -2, -2, 0, 1, 2, -1, -1, 0 ], 
              [ 1, 3, -2, -2, -1, 1, -1, 0, 1, 1, -1, -1, 2, 2, 0, -1, -2, 1, 1, 0 ] ], 
          [ [ 1, -2, 1, 1, 0, 0, 0, 1, -1, 0, 0, 0, 0, 0, 0, 0, 1, 0, 0, 0 ], 
              [ 1, 2, -1, -1, 0, 0, 0, -1, 1, 0, 0, 0, 0, 0, 0, 0, -1, 0, 0, 0 ] ], 
          [ [ 1, -3, 2, 2, 1, -1, 1, 0, -1, -1, 1, 1, -2, -1, 0, 1, 2, -2, -1, 0 ], 
              [ 1, 3, -2, -2, -1, 1, -1, 0, 1, 1, -1, -1, 2, 1, 0, -1, -2, 2, 1, 0 ] ], 
          [ [ 1, -4, 1, 2, 1, 1, 1, 1, -1, 1, 0, 2, -1, 0, 0, -2, 1, -3, -2, -1 ], 
              [ 1, 4, -1, -2, -1, -1, -1, -1, 1, -1, 0, -2, 1, 0, 0, 2, -1, 3, 2, 1 ] ], 
          [ [ 1, -2, 1, 1, 0, 0, 1, 0, -1, 0, 0, 0, 0, 0, 0, 0, 1, 0, 0, 0 ], 
              [ 1, 2, -1, -1, 0, 0, -1, 0, 1, 0, 0, 0, 0, 0, 0, 0, -1, 0, 0, 0 ] ], 
          [ [ 1, -6, 2, 2, 1, 2, 2, 2, -2, 1, 0, 1, 0, 0, 0, -1, 1, -3, -2, -1 ], 
              [ 1, 6, -2, -2, -1, -2, -2, -2, 2, -1, 0, -1, 0, 0, 0, 1, -1, 3, 2, 1 ] ], 
          [ [ 1, -3, 1, 2, 1, 0, 1, 1, -2, 0, 0, 1, -1, 0, 0, -1, 1, -2, -1, 0 ], 
              [ 1, 3, -1, -2, -1, 0, -1, -1, 2, 0, 0, -1, 1, 0, 0, 1, -1, 2, 1, 0 ] ], 
          [ [ 1, 0, 0, 0, -1, 0, -1, -1, 2, 1, 1, 0, 0, 0, -1, 1, 0, 1, 0, 0 ], 
              [ 1, 0, 0, 0, 1, 0, 1, 1, -2, -1, -1, 0, 0, 0, 1, -1, 0, -1, 0, 0 ] ], 
          [ [ 1, -1, 0, 1, 0, 0, 0, -1, 1, 1, 1, 1, -1, 0, 0, -1, 0, -1, -1, -1 ], 
              [ 1, 1, 0, -1, 0, 0, 0, 1, -1, -1, -1, -1, 1, 0, 0, 1, 0, 1, 1, 1 ] ], 
          [ [ 1, 0, 0, 0, -1, 0, 0, -2, 2, 1, 1, 0, 0, 0, -1, 1, 0, 1, 0, 0 ], 
              [ 1, 0, 0, 0, 1, 0, 0, 2, -2, -1, -1, 0, 0, 0, 1, -1, 0, -1, 0, 0 ] ], 
          [ [ 1, 1, -1, -1, -2, 1, -1, -1, 2, 2, 0, -1, 2, 2, -1, 0, -1, 2, 1, 0 ], 
              [ 1, -1, 1, 1, 2, -1, 1, 1, -2, -2, 0, 1, -2, -2, 1, 0, 1, -2, -1, 0 ] ], 
          [ [ 1, -1, 1, 2, 1, -2, 0, -1, 0, -1, 2, 1, -3, -2, 0, 1, 2, -1, -1, 0 ], 
              [ 1, 1, -1, -2, -1, 2, 0, 1, 0, 1, -2, -1, 3, 2, 0, -1, -2, 1, 1, 0 ] ], 
          [ [ 1, -4, 1, 2, 1, 1, 1, 1, -1, 1, 1, 1, -1, -1, 0, -1, 1, -2, -2, -1 ], 
              [ 1, 4, -1, -2, -1, -1, -1, -1, 1, -1, -1, -1, 1, 1, 0, 1, -1, 2, 2, 1 ] ], 
          [ [ 1, -1, 0, 1, 0, 0, 0, -1, 1, 1, 1, 1, -1, 0, -1, 0, 0, -1, -1, 0 ], 
              [ 1, 1, 0, -1, 0, 0, 0, 1, -1, -1, -1, -1, 1, 0, 1, 0, 0, 1, 1, 0 ] ], 
          [ [ 1, 0, 0, 1, 0, -1, 0, -1, 0, 0, 1, 0, -1, 0, 0, 0, 1, 0, 0, 0 ], 
              [ 1, 0, 0, -1, 0, 1, 0, 1, 0, 0, -1, 0, 1, 0, 0, 0, -1, 0, 0, 0 ] ], 
          [ [ 1, -4, 1, 2, 1, 1, 1, 1, -1, 1, 1, 1, -1, 0, 0, -1, 1, -3, -2, -1 ], 
              [ 1, 4, -1, -2, -1, -1, -1, -1, 1, -1, -1, -1, 1, 0, 0, 1, -1, 3, 2, 1 ] ], 
          [ [ 1, 2, 0, 0, -1, -1, 0, 1, -1, -1, 0, 0, 0, -1, 0, 0, 1, 0, 0, 0 ], 
              [ 1, -2, 0, 0, 1, 1, 0, -1, 1, 1, 0, 0, 0, 1, 0, 0, -1, 0, 0, 0 ] ], 
          [ [ 1, 2, 0, 0, -1, -1, 1, 0, -1, -1, 0, 0, 0, -1, 0, 0, 1, 0, 0, 0 ], 
              [ 1, -2, 0, 0, 1, 1, -1, 0, 1, 1, 0, 0, 0, 1, 0, 0, -1, 0, 0, 0 ] ], 
          [ [ 1, 5, -2, -2, -3, 0, -1, -1, 2, 1, 0, -1, 2, 0, -1, 0, -1, 3, 1, 0 ], 
              [ 1, -5, 2, 2, 3, 0, 1, 1, -2, -1, 0, 1, -2, 0, 1, 0, 1, -3, -1, 0 ] ], 
          [ [ 1, -9, 2, 4, 2, 2, 1, 0, 1, 2, 2, 2, -2, 0, -1, -1, 2, -4, -3, -1 ], 
              [ 1, 9, -2, -4, -2, -2, -1, 0, -1, -2, -2, -2, 2, 0, 1, 1, -2, 4, 3, 1 ] ], 
          [ [ 1, 1, 0, 0, 1, -2, 0, -1, -1, -1, 0, 0, -1, 0, 1, 1, 0, 1, 1, 0 ], 
              [ 1, -1, 0, 0, -1, 2, 0, 1, 1, 1, 0, 0, 1, 0, -1, -1, 0, -1, -1, 0 ] ], 
          [ [ 1, -3, 1, 1, 2, 0, 1, 1, -2, 0, 0, 1, -1, 0, 1, 0, 0, -2, -1, -1 ], 
              [ 1, 3, -1, -1, -2, 0, -1, -1, 2, 0, 0, -1, 1, 0, -1, 0, 0, 2, 1, 1 ] ], 
          [ [ 1, 3, 0, -1, 0, -2, 0, 1, -2, -2, -1, 0, 0, -1, 1, 1, 0, 1, 1, 0 ], 
              [ 1, -3, 0, 1, 0, 2, 0, -1, 2, 2, 1, 0, 0, 1, -1, -1, 0, -1, -1, 0 ] ], 
          [ [ 1, 3, 0, -1, 0, -2, 1, 0, -2, -2, -1, 0, 0, -1, 1, 1, 0, 1, 1, 0 ], 
              [ 1, -3, 0, 1, 0, 2, -1, 0, 2, 2, 1, 0, 0, 1, -1, -1, 0, -1, -1, 0 ] ], 
          [ [ 1, 4, -1, -2, -1, -1, 0, 1, -2, -1, -2, -1, 2, 1, 1, 0, -1, 2, 2, 0 ], 
              [ 1, -4, 1, 2, 1, 1, 0, -1, 2, 1, 2, 1, -2, -1, -1, 0, 1, -2, -2, 0 ] ], 
          [ [ 1, 2, 0, 0, 1, -2, 1, 1, -3, -2, -1, 1, -1, -1, 1, 0, 0, -1, 0, 0 ], 
              [ 1, -2, 0, 0, -1, 2, -1, -1, 3, 2, 1, -1, 1, 1, -1, 0, 0, 1, 0, 0 ] ], 
          [ [ 1, 5, -2, -2, -1, -1, -1, 0, 0, 0, -1, 0, 1, 0, 1, -1, -1, 2, 1, -1 ], 
              [ 1, -5, 2, 2, 1, 1, 1, 0, 0, 0, 1, 0, -1, 0, -1, 1, 1, -2, -1, 1 ] ], 
          [ [ 1, 6, -2, -3, -2, -1, -1, -1, 1, 0, -1, -1, 2, 0, 0, 1, -2, 4, 2, 0 ], 
              [ 1, -6, 2, 3, 2, 1, 1, 1, -1, 0, 1, 1, -2, 0, 0, -1, 2, -4, -2, 0 ] ], 
          [ [ 1, 6, -2, -3, -2, -1, -1, -1, 1, 0, -1, -1, 2, 0, 0, 1, -1, 4, 2, 0 ], 
              [ 1, -6, 2, 3, 2, 1, 1, 1, -1, 0, 1, 1, -2, 0, 0, -1, 1, -4, -2, 0 ] ], 
          [ [ 1, 3, -1, -2, -1, 0, 0, 1, -1, 0, -1, -1, 2, 0, 1, 0, -1, 2, 1, -1 ], 
              [ 1, -3, 1, 2, 1, 0, 0, -1, 1, 0, 1, 1, -2, 0, -1, 0, 1, -2, -1, 1 ] ], 
          [ [ 1, 6, -2, -3, -2, -1, -1, -1, 1, 0, -1, -1, 2, 1, 0, 1, -2, 3, 2, 0 ], 
              [ 1, -6, 2, 3, 2, 1, 1, 1, -1, 0, 1, 1, -2, -1, 0, -1, 2, -3, -2, 0 ] ], 
          [ [ 1, 5, -1, -1, 0, -3, 0, -1, -1, -2, 0, 0, -1, -2, 1, 1, 0, 2, 1, 0 ], 
              [ 1, -5, 1, 1, 0, 3, 0, 1, 1, 2, 0, 0, 1, 2, -1, -1, 0, -2, -1, 0 ] ], 
          [ [ 1, 5, -2, -2, -1, -1, -1, 0, 0, 0, -1, 0, 1, 0, 0, 0, -1, 2, 1, 0 ], 
              [ 1, -5, 2, 2, 1, 1, 1, 0, 0, 0, 1, 0, -1, 0, 0, 0, 1, -2, -1, 0 ] ], 
          [ [ 1, 6, -2, -2, -1, -2, -1, 0, -1, -1, -1, -1, 1, 0, 1, 0, -1, 3, 2, 0 ], 
              [ 1, -6, 2, 2, 1, 2, 1, 0, 1, 1, 1, 1, -1, 0, -1, 0, 1, -3, -2, 0 ] ], 
          [ [ 1, 5, -1, -1, 0, -3, 0, -1, -1, -2, 0, 0, -1, -1, 1, 1, 0, 1, 1, 0 ], 
              [ 1, -5, 1, 1, 0, 3, 0, 1, 1, 2, 0, 0, 1, 1, -1, -1, 0, -1, -1, 0 ] ], 
          [ [ 1, 2, -1, -1, 0, 0, 0, 2, -2, 0, -1, 0, 1, 0, 1, -1, -1, 0, 0, -1 ], 
              [ 1, -2, 1, 1, 0, 0, 0, -2, 2, 0, 1, 0, -1, 0, -1, 1, 1, 0, 0, 1 ] ], 
          [ [ 1, 7, -2, -3, -2, -2, -1, -1, 0, -1, -1, -2, 2, 0, 0, 2, -1, 5, 3, 1 ], 
              [ 1, -7, 2, 3, 2, 2, 1, 1, 0, 1, 1, 2, -2, 0, 0, -2, 1, -5, -3, -1 ] ], 
          [ [ 1, 3, -1, -2, -1, 0, 0, 1, -1, 0, -1, -1, 2, 0, 0, 1, -1, 2, 1, 0 ], 
              [ 1, -3, 1, 2, 1, 0, 0, -1, 1, 0, 1, 1, -2, 0, 0, -1, 1, -2, -1, 0 ] ], 
          [ [ 1, 2, -1, -1, 0, 0, 1, 1, -2, 0, -1, 0, 1, 0, 1, -1, -1, 0, 0, -1 ], 
              [ 1, -2, 1, 1, 0, 0, -1, -1, 2, 0, 1, 0, -1, 0, -1, 1, 1, 0, 0, 1 ] ], 
          [ [ 1, 8, -2, -3, -2, -2, 0, 1, -2, -2, -2, -1, 2, -1, 1, 0, -1, 3, 2, 0 ], 
              [ 1, -8, 2, 3, 2, 2, 0, -1, 2, 2, 2, 1, -2, 1, -1, 0, 1, -3, -2, 0 ] ], 
          [ [ 1, 2, 0, 0, 1, -2, 1, 1, -3, -2, 0, 0, -1, -2, 1, 1, 1, 0, 0, 0 ], 
              [ 1, -2, 0, 0, -1, 2, -1, -1, 3, 2, 0, 0, 1, 2, -1, -1, -1, 0, 0, 0 ] ], 
          [ [ 1, 8, -3, -3, -2, -2, -2, -2, 2, 0, 0, -1, 1, 0, 0, 1, -2, 4, 2, 0 ], 
              [ 1, -8, 3, 3, 2, 2, 2, 2, -2, 0, 0, 1, -1, 0, 0, -1, 2, -4, -2, 0 ] ], 
          [ [ 1, 11, -3, -4, -3, -3, -1, -1, 0, -2, -1, -2, 2, -1, 0, 2, -1, 5, 3, 1 ], 
              [ 1, -11, 3, 4, 3, 3, 1, 1, 0, 2, 1, 2, -2, 1, 0, -2, 1, -5, -3, -1 ] ], 
          [ [ 1, -6, 2, 3, 3, 0, 2, 2, -3, -1, 0, 2, -2, -1, 1, -1, 2, -4, -2, -1 ], 
              [ 1, 6, -2, -3, -3, 0, -2, -2, 3, 1, 0, -2, 2, 1, -1, 1, -2, 4, 2, 1 ] ], 
          [ [ 1, 0, -1, 0, 0, 0, -1, -1, 2, 1, 0, 1, 0, 1, 0, -1, -1, 0, 0, -1 ], 
              [ 1, 0, 1, 0, 0, 0, 1, 1, -2, -1, 0, -1, 0, -1, 0, 1, 1, 0, 0, 1 ] ], 
          [ [ 1, 0, 0, 1, 1, -2, 0, -2, 1, -1, 1, 1, -2, -1, 0, 1, 1, 0, 0, 0 ], 
              [ 1, 0, 0, -1, -1, 2, 0, 2, -1, 1, -1, -1, 2, 1, 0, -1, -1, 0, 0, 0 ] ], 
          [ [ 1, -3, 0, 1, 1, 1, 0, 1, 0, 1, 0, 1, 0, 0, 0, -1, 0, -1, -1, -1 ], 
              [ 1, 3, 0, -1, -1, -1, 0, -1, 0, -1, 0, -1, 0, 0, 0, 1, 0, 1, 1, 1 ] ], 
          [ [ 1, -3, 1, 2, 2, -1, 1, 0, -1, -1, 1, 1, -2, -1, 1, 0, 1, -2, -1, -1 ], 
              [ 1, 3, -1, -2, -2, 1, -1, 0, 1, 1, -1, -1, 2, 1, -1, 0, -1, 2, 1, 1 ] ], 
          [ [ 1, 1, -1, 0, 0, -1, -1, -1, 1, 0, 0, 0, 0, 1, 0, 0, 0, 1, 1, 0 ], 
              [ 1, -1, 1, 0, 0, 1, 1, 1, -1, 0, 0, 0, 0, -1, 0, 0, 0, -1, -1, 0 ] ], 
          [ [ 1, -3, 0, 1, 1, 1, 0, 1, 0, 1, 0, 1, 0, 1, 0, -1, 0, -2, -1, -1 ], 
              [ 1, 3, 0, -1, -1, -1, 0, -1, 0, -1, 0, -1, 0, -1, 0, 1, 0, 2, 1, 1 ] ], 
          [ [ 1, -3, 0, 1, 1, 1, 1, 0, 0, 1, 0, 1, 0, 0, 0, -1, 0, -1, -1, -1 ], 
              [ 1, 3, 0, -1, -1, -1, -1, 0, 0, -1, 0, -1, 0, 0, 0, 1, 0, 1, 1, 1 ] ], 
          [ [ 1, -3, 0, 1, 1, 1, 1, 0, 0, 1, 0, 1, 0, 1, 0, -1, -1, -2, -1, -1 ], 
              [ 1, 3, 0, -1, -1, -1, -1, 0, 0, -1, 0, -1, 0, -1, 0, 1, 1, 2, 1, 1 ] ], 
          [ [ 1, -2, -1, 0, 0, 2, 0, 1, 0, 2, -1, 0, 2, 2, 0, -2, -1, 0, 0, -1 ], 
              [ 1, 2, 1, 0, 0, -2, 0, -1, 0, -2, 1, 0, -2, -2, 0, 2, 1, 0, 0, 1 ] ], 
          [ [ 1, -3, 0, 1, 1, 1, 1, 0, 0, 1, 0, 1, 0, 1, 0, -1, 0, -2, -1, -1 ], 
              [ 1, 3, 0, -1, -1, -1, -1, 0, 0, -1, 0, -1, 0, -1, 0, 1, 0, 2, 1, 1 ] ], 
          [ [ 1, 3, -1, -1, -1, -1, 0, 0, 0, -1, -1, 0, 1, 0, 0, 0, 0, 1, 1, 0 ], 
              [ 1, -3, 1, 1, 1, 1, 0, 0, 0, 1, 1, 0, -1, 0, 0, 0, 0, -1, -1, 0 ] ], 
          [ [ 1, -3, 1, 2, 2, -1, 1, 0, -1, -1, 1, 1, -2, -1, 0, 1, 1, -2, -1, 0 ], 
              [ 1, 3, -1, -2, -2, 1, -1, 0, 1, 1, -1, -1, 2, 1, 0, -1, -1, 2, 1, 0 ] ], 
          [ [ 1, -2, 0, 1, 1, 0, 1, 0, -1, 0, 0, 0, 0, 1, 0, 0, 0, -1, 0, 0 ], 
              [ 1, 2, 0, -1, -1, 0, -1, 0, 1, 0, 0, 0, 0, -1, 0, 0, 0, 1, 0, 0 ] ], 
          [ [ 1, 0, -1, 0, 0, 0, -1, -1, 2, 1, 1, 0, 0, 0, 0, 0, 0, 1, 0, -1 ], 
              [ 1, 0, 1, 0, 0, 0, 1, 1, -2, -1, -1, 0, 0, 0, 0, 0, 0, -1, 0, 1 ] ], 
          [ [ 1, 0, -2, -1, -1, 2, -1, -1, 3, 3, 0, 0, 2, 2, -1, -1, -2, 1, 0, -1 ], 
              [ 1, 0, 2, 1, 1, -2, 1, 1, -3, -3, 0, 0, -2, -2, 1, 1, 2, -1, 0, 1 ] ], 
          [ [ 1, -1, -1, 1, 1, 0, 0, -1, 1, 1, 1, 1, -1, 0, 0, -1, 0, -1, -1, -1 ], 
              [ 1, 1, 1, -1, -1, 0, 0, 1, -1, -1, -1, -1, 1, 0, 0, 1, 0, 1, 1, 1 ] ], 
          [ [ 1, -3, 0, 1, 1, 1, 1, 0, 0, 1, 1, 0, 0, 0, 0, 0, 0, -1, -1, -1 ], 
              [ 1, 3, 0, -1, -1, -1, -1, 0, 0, -1, -1, 0, 0, 0, 0, 0, 0, 1, 1, 1 ] ], 
          [ [ 1, 5, -2, -1, -1, -2, -1, -1, 1, -1, 0, 0, 0, -1, 0, 0, 0, 2, 1, 0 ], 
              [ 1, -5, 2, 1, 1, 2, 1, 1, -1, 1, 0, 0, 0, 1, 0, 0, 0, -2, -1, 0 ] ], 
          [ [ 1, 3, -1, -1, -1, -1, 0, 0, 0, -1, 0, -1, 1, -1, 0, 1, 0, 2, 1, 0 ], 
              [ 1, -3, 1, 1, 1, 1, 0, 0, 0, 1, 0, 1, -1, 1, 0, -1, 0, -2, -1, 0 ] ], 
          [ [ 1, 2, -2, -1, -1, 1, 0, 1, 0, 1, -1, 0, 2, 1, 0, -2, -1, 0, 0, -1 ], 
              [ 1, -2, 2, 1, 1, -1, 0, -1, 0, -1, 1, 0, -2, -1, 0, 2, 1, 0, 0, 1 ] ], 
          [ [ 1, 2, -1, 0, 0, -1, 1, 0, -1, -1, 0, 0, 0, -1, 0, 0, 0, 0, 0, 0 ], 
              [ 1, -2, 1, 0, 0, 1, -1, 0, 1, 1, 0, 0, 0, 1, 0, 0, 0, 0, 0, 0 ] ], 
          [ [ 1, 3, -2, -2, 0, 0, 0, 1, -1, 0, -2, 0, 2, 1, 1, -1, -2, 1, 1, -1 ], 
              [ 1, -3, 2, 2, 0, 0, 0, -1, 1, 0, 2, 0, -2, -1, -1, 1, 2, -1, -1, 1 ] ], 
          [ [ 1, -3, 1, 2, 1, -1, 0, -1, 0, 1, 2, 2, -3, 0, 0, 0, 1, -2, -1, 0 ], 
              [ 1, 3, -1, -2, -1, 1, 0, 1, 0, -1, -2, -2, 3, 0, 0, 0, -1, 2, 1, 0 ] ], 
          [ [ 1, 3, 0, 0, -1, -3, -1, -1, 0, -1, 1, 1, -2, -1, 0, 1, 1, 1, 1, 1 ], 
              [ 1, -3, 0, 0, 1, 3, 1, 1, 0, 1, -1, -1, 2, 1, 0, -1, -1, -1, -1, -1 ] ], 
          [ [ 1, 0, 0, 0, -1, 0, 0, 1, -1, 1, 0, 1, 0, 0, 0, -1, 0, 0, 0, 0 ], 
              [ 1, 0, 0, 0, 1, 0, 0, -1, 1, -1, 0, -1, 0, 0, 0, 1, 0, 0, 0, 0 ] ], 
          [ [ 1, 0, 0, 0, -1, 0, 0, 1, -1, 1, 0, 1, 0, 1, 0, -1, 0, -1, 0, 0 ], 
              [ 1, 0, 0, 0, 1, 0, 0, -1, 1, -1, 0, -1, 0, -1, 0, 1, 0, 1, 0, 0 ] ], 
          [ [ 1, 0, 1, 1, 0, -2, 1, 0, -2, -1, 1, 1, -2, -1, 0, 1, 1, -1, 0, 1 ], 
              [ 1, 0, -1, -1, 0, 2, -1, 0, 2, 1, -1, -1, 2, 1, 0, -1, -1, 1, 0, -1 ] ], 
          [ [ 1, 3, -1, -1, -2, -1, -1, -1, 1, 1, 1, 0, 0, 0, 0, 0, 0, 2, 1, 0 ], 
              [ 1, -3, 1, 1, 2, 1, 1, 1, -1, -1, -1, 0, 0, 0, 0, 0, 0, -2, -1, 0 ] ], 
          [ [ 1, 2, -1, 0, -1, -1, -1, 0, 0, 1, 1, 1, -1, 0, 0, -1, 0, 0, 0, 0 ], 
              [ 1, -2, 1, 0, 1, 1, 1, 0, 0, -1, -1, -1, 1, 0, 0, 1, 0, 0, 0, 0 ] ], 
          [ [ 1, 3, -1, -1, -2, -1, -1, -1, 1, 1, 1, 0, 0, 0, -1, 1, 0, 2, 1, 1 ], 
              [ 1, -3, 1, 1, 2, 1, 1, 1, -1, -1, -1, 0, 0, 0, 1, -1, 0, -2, -1, -1 ] ], 
          [ [ 1, 0, 0, 0, -1, 0, 0, 1, -1, 1, 1, 0, 0, 0, 0, 0, 0, 0, 0, 0 ], 
              [ 1, 0, 0, 0, 1, 0, 0, -1, 1, -1, -1, 0, 0, 0, 0, 0, 0, 0, 0, 0 ] ], 
          [ [ 1, 3, -1, -1, 0, -2, -1, 0, -1, 0, 0, 1, -1, 0, 1, 0, -1, 1, 1, 0 ], 
              [ 1, -3, 1, 1, 0, 2, 1, 0, 1, 0, 0, -1, 1, 0, -1, 0, 1, -1, -1, 0 ] ], 
          [ [ 1, 6, -1, -2, -1, -3, 0, 1, -3, -2, -1, 0, 0, -1, 1, 1, 0, 2, 2, 1 ], 
              [ 1, -6, 1, 2, 1, 3, 0, -1, 3, 2, 1, 0, 0, 1, -1, -1, 0, -2, -2, -1 ] ], 
          [ [ 1, 9, -2, -3, -2, -4, -1, -1, -1, -2, 0, -1, 0, -1, 1, 2, -1, 4, 3, 1 ], 
              [ 1, -9, 2, 3, 2, 4, 1, 1, 1, 2, 0, 1, 0, 1, -1, -2, 1, -4, -3, -1 ] ], 
          [ [ 1, 3, -2, -1, -1, -1, -1, -1, 1, 1, 0, 1, 0, 1, 0, -1, -1, 1, 1, 0 ], 
              [ 1, -3, 2, 1, 1, 1, 1, 1, -1, -1, 0, -1, 0, -1, 0, 1, 1, -1, -1, 0 ] ], 
          [ [ 1, 0, -1, 0, 0, 0, 0, 1, -1, 1, 0, 1, 0, 1, 1, -2, -1, -1, 0, -1 ], 
              [ 1, 0, 1, 0, 0, 0, 0, -1, 1, -1, 0, -1, 0, -1, -1, 2, 1, 1, 0, 1 ] ], 
          [ [ 1, 1, -1, -1, -1, 0, 0, 0, 0, 1, 0, 0, 1, 1, 0, 0, -1, 1, 1, 0 ], 
              [ 1, -1, 1, 1, 1, 0, 0, 0, 0, -1, 0, 0, -1, -1, 0, 0, 1, -1, -1, 0 ] ], 
          [ [ 1, 0, 0, 1, 1, -2, 0, 1, -2, -1, 1, 1, -2, -1, 1, 0, 1, -1, 0, 0 ], 
              [ 1, 0, 0, -1, -1, 2, 0, -1, 2, 1, -1, -1, 2, 1, -1, 0, -1, 1, 0, 0 ] ], 
          [ [ 1, 0, 0, 1, 1, -2, 1, 0, -2, -1, 1, 1, -2, -1, 1, 0, 1, -1, 0, 0 ], 
              [ 1, 0, 0, -1, -1, 2, -1, 0, 2, 1, -1, -1, 2, 1, -1, 0, -1, 1, 0, 0 ] ], 
          [ [ 1, 0, -1, 0, 0, 0, 0, 1, -1, 1, 0, 1, 0, 1, 0, -1, -1, -1, 0, 0 ], 
              [ 1, 0, 1, 0, 0, 0, 0, -1, 1, -1, 0, -1, 0, -1, 0, 1, 1, 1, 0, 0 ] ], 
          [ [ 1, 3, -2, -1, -1, -1, -1, -1, 1, 1, 1, 0, 0, 0, 0, 0, -1, 2, 1, 0 ], 
              [ 1, -3, 2, 1, 1, 1, 1, 1, -1, -1, -1, 0, 0, 0, 0, 0, 1, -2, -1, 0 ] ], 
          [ [ 1, 3, -2, -1, -1, -1, -1, -1, 1, 1, 1, 0, 0, 1, 0, 0, -1, 1, 1, 0 ], 
              [ 1, -3, 2, 1, 1, 1, 1, 1, -1, -1, -1, 0, 0, -1, 0, 0, 1, -1, -1, 0 ] ], 
          [ [ 1, 3, 0, -1, 0, -2, 0, -1, 0, -1, 0, -1, 0, -1, 0, 2, 0, 2, 1, 0 ], 
              [ 1, -3, 0, 1, 0, 2, 0, 1, 0, 1, 0, 1, 0, 1, 0, -2, 0, -2, -1, 0 ] ], 
          [ [ 1, -6, 1, 2, 2, 2, 1, 1, 0, 2, 0, 1, 0, 1, 0, -2, 0, -3, -2, -2 ], 
              [ 1, 6, -1, -2, -2, -2, -1, -1, 0, -2, 0, -1, 0, -1, 0, 2, 0, 3, 2, 2 ] ], 
          [ [ 1, -3, 2, 2, 1, -1, 1, 1, -2, 0, 1, 1, -2, -1, 0, 0, 2, -2, -1, 0 ], 
              [ 1, 3, -2, -2, -1, 1, -1, -1, 2, 0, -1, -1, 2, 1, 0, 0, -2, 2, 1, 0 ] ], 
          [ [ 1, 6, -2, -3, -2, -1, -1, 0, 0, 1, -1, -1, 2, 1, 0, 0, -2, 3, 2, 0 ], 
              [ 1, -6, 2, 3, 2, 1, 1, 0, 0, -1, 1, 1, -2, -1, 0, 0, 2, -3, -2, 0 ] ], 
          [ [ 1, 0, 0, 1, 1, -2, 0, -1, 0, 0, 1, 1, -2, 0, 0, 0, 0, -1, 0, 0 ], 
              [ 1, 0, 0, -1, -1, 2, 0, 1, 0, 0, -1, -1, 2, 0, 0, 0, 0, 1, 0, 0 ] ], 
          [ [ 1, -6, 2, 3, 2, 1, 1, 1, -2, 1, 1, 2, -2, 0, 0, -1, 1, -4, -2, -1 ], 
              [ 1, 6, -2, -3, -2, -1, -1, -1, 2, -1, -1, -2, 2, 0, 0, 1, -1, 4, 2, 1 ] ], 
          [ [ 1, 3, -1, -1, 0, -1, 0, -1, -1, 0, 0, 0, 0, 0, 0, 1, -1, 1, 1, 0 ], 
              [ 1, -3, 1, 1, 0, 1, 0, 1, 1, 0, 0, 0, 0, 0, 0, -1, 1, -1, -1, 0 ] ], 
          [ [ 1, 0, 0, 1, 0, -1, 0, 1, -1, -2, -1, 0, 0, 0, 1, -1, 1, 0, 0, 1 ], 
              [ 1, 0, 0, -1, 0, 1, 0, -1, 1, 2, 1, 0, 0, 0, -1, 1, -1, 0, 0, -1 ] ], 
          [ [ 1, -1, 0, 1, 0, 0, 0, 1, 0, -1, 0, 0, 0, -1, 1, -1, 1, 0, -1, 0 ], 
              [ 1, 1, 0, -1, 0, 0, 0, -1, 0, 1, 0, 0, 0, 1, -1, 1, -1, 0, 1, 0 ] ], 
          [ [ 1, 2, -1, 0, -1, -1, -1, -1, 2, -1, 0, 0, 0, 0, 0, 0, 0, 1, 0, 1 ], 
              [ 1, -2, 1, 0, 1, 1, 1, 1, -2, 1, 0, 0, 0, 0, 0, 0, 0, -1, 0, -1 ] ], 
          [ [ 1, 8, -3, -3, -4, -1, -2, -1, 3, -1, -1, -2, 3, 0, 0, 0, -1, 5, 2, 1 ], 
              [ 1, -8, 3, 3, 4, 1, 2, 1, -3, 1, 1, 2, -3, 0, 0, 0, 1, -5, -2, -1 ] ], 
          [ [ 1, 5, -2, -1, -1, -2, 0, 0, 0, -3, -1, -1, 1, -1, 1, 0, 0, 2, 1, 1 ], 
              [ 1, -5, 2, 1, 1, 2, 0, 0, 0, 3, 1, 1, -1, 1, -1, 0, 0, -2, -1, -1 ] ], 
          [ [ 1, 11, -3, -4, -4, -3, -2, 0, 0, -2, -1, -2, 2, -1, 1, 1, -1, 6, 3, 2 ], 
              [ 1, -11, 3, 4, 4, 3, 2, 0, 0, 2, 1, 2, -2, 1, -1, -1, 1, -6, -3, -2 ] ], 
          [ [ 1, 3, -1, -1, -2, -1, -1, 1, 0, -1, -1, 0, 1, 0, 1, -1, 0, 2, 1, 1 ], 
              [ 1, -3, 1, 1, 2, 1, 1, -1, 0, 1, 1, 0, -1, 0, -1, 1, 0, -2, -1, -1 ] ], 
          [ [ 1, 3, 0, 0, -1, -3, 0, 0, -1, -3, 0, 0, -1, -1, 1, 1, 1, 1, 1, 2 ], 
              [ 1, -3, 0, 0, 1, 3, 0, 0, 1, 3, 0, 0, 1, 1, -1, -1, -1, -1, -1, -2 ] ], 
          [ [ 1, 5, -2, -1, -2, -2, -2, 0, 1, -1, 0, 0, 0, 0, 1, -1, 0, 2, 1, 1 ], 
              [ 1, -5, 2, 1, 2, 2, 2, 0, -1, 1, 0, 0, 0, 0, -1, 1, 0, -2, -1, -1 ] ], 
          [ [ 1, 6, -2, -2, -3, -2, -2, -1, 2, -1, 0, -1, 1, 0, 0, 1, -1, 4, 2, 2 ], 
              [ 1, -6, 2, 2, 3, 2, 2, 1, -2, 1, 0, 1, -1, 0, 0, -1, 1, -4, -2, -2 ] ], 
          [ [ 1, 6, -2, -2, -3, -2, -2, -1, 2, -1, 0, -1, 1, 0, 0, 1, 0, 4, 2, 2 ], 
              [ 1, -6, 2, 2, 3, 2, 2, 1, -2, 1, 0, 1, -1, 0, 0, -1, 0, -4, -2, -2 ] ], 
          [ [ 1, 3, -1, -1, -2, -1, -1, 1, 0, -1, 0, -1, 1, 0, 1, 0, 0, 2, 1, 1 ], 
              [ 1, -3, 1, 1, 2, 1, 1, -1, 0, 1, 0, 1, -1, 0, -1, 0, 0, -2, -1, -1 ] ], 
          [ [ 1, 5, -1, 0, -1, -4, -1, -1, 0, -3, 1, 0, -2, -2, 1, 1, 1, 2, 1, 2 ], 
              [ 1, -5, 1, 0, 1, 4, 1, 1, 0, 3, -1, 0, 2, 2, -1, -1, -1, -2, -1, -2 ] ], 
          [ [ 1, 2, -1, 0, -1, -1, 0, 1, -1, -1, 0, 0, 0, 0, 1, -1, 0, 0, 0, 1 ], 
              [ 1, -2, 1, 0, 1, 1, 0, -1, 1, 1, 0, 0, 0, 0, -1, 1, 0, 0, 0, -1 ] ], 
          [ [ 1, 8, -2, -2, -3, -3, -1, 1, -1, -3, -1, -1, 1, -1, 1, 0, 0, 3, 2, 2 ], 
              [ 1, -8, 2, 2, 3, 3, 1, -1, 1, 3, 1, 1, -1, 1, -1, 0, 0, -3, -2, -2 ] ], 
          [ [ 1, -3, 0, 2, 0, 0, 0, 0, 1, 0, 1, 1, -1, 0, 0, -1, 1, -1, -1, 1 ], 
              [ 1, 3, 0, -2, 0, 0, 0, 0, -1, 0, -1, -1, 1, 0, 0, 1, -1, 1, 1, -1 ] ], 
          [ [ 1, 3, -2, -1, -1, -1, -1, 1, 0, -1, -1, 0, 1, 1, 1, -1, -1, 1, 1, 1 ], 
              [ 1, -3, 2, 1, 1, 1, 1, -1, 0, 1, 1, 0, -1, -1, -1, 1, 1, -1, -1, -1 ] ], 
          [ [ 1, 6, -3, -2, -2, -2, -2, -1, 2, -1, 0, -1, 1, 0, 1, 0, -1, 4, 2, 1 ], 
              [ 1, -6, 3, 2, 2, 2, 2, 1, -2, 1, 0, 1, -1, 0, -1, 0, 1, -4, -2, -1 ] ], 
          [ [ 1, 2, 0, 0, -1, -1, 0, 1, 0, -2, -1, -1, 1, -1, 0, 0, 1, 1, 0, 1 ], 
              [ 1, -2, 0, 0, 1, 1, 0, -1, 0, 2, 1, 1, -1, 1, 0, 0, -1, -1, 0, -1 ] ], 
          [ [ 1, 8, -1, -2, -2, -4, -1, 0, -1, -3, -1, -1, 0, -1, 1, 1, 0, 3, 2, 2 ], 
              [ 1, -8, 1, 2, 2, 4, 1, 0, 1, 3, 1, 1, 0, 1, -1, -1, 0, -3, -2, -2 ] ], 
          [ [ 1, 3, 0, 0, -1, -3, -1, -1, 1, -2, 0, 0, -1, -1, 0, 1, 1, 2, 1, 2 ], 
              [ 1, -3, 0, 0, 1, 3, 1, 1, -1, 2, 0, 0, 1, 1, 0, -1, -1, -2, -1, -2 ] ], 
          [ [ 1, 0, 1, 1, 0, -2, 0, 1, -1, -2, 0, 0, -1, -1, 1, 0, 1, 0, 0, 1 ], 
              [ 1, 0, -1, -1, 0, 2, 0, -1, 1, 2, 0, 0, 1, 1, -1, 0, -1, 0, 0, -1 ] ], 
          [ [ 1, 0, 1, 1, 0, -2, 0, 1, -1, -2, 0, 0, -1, -1, 1, 0, 2, 0, 0, 1 ], 
              [ 1, 0, -1, -1, 0, 2, 0, -1, 1, 2, 0, 0, 1, 1, -1, 0, -2, 0, 0, -1 ] ], 
          [ [ 1, 0, 0, 0, -1, 0, 0, 1, 0, 0, -1, 0, 1, 1, 0, -1, 0, 0, 0, 1 ], 
              [ 1, 0, 0, 0, 1, 0, 0, -1, 0, 0, 1, 0, -1, -1, 0, 1, 0, 0, 0, -1 ] ], 
          [ [ 1, 3, -1, -1, -2, -1, -2, 0, 2, 0, 0, -1, 1, 0, 0, 0, 0, 3, 1, 1 ], 
              [ 1, -3, 1, 1, 2, 1, 2, 0, -2, 0, 0, 1, -1, 0, 0, 0, 0, -3, -1, -1 ] ], 
          [ [ 1, 3, -1, -1, -2, -1, -1, -1, 2, 0, 0, -1, 1, 0, 0, 0, 0, 3, 1, 1 ], 
              [ 1, -3, 1, 1, 2, 1, 1, 1, -2, 0, 0, 1, -1, 0, 0, 0, 0, -3, -1, -1 ] ], 
          [ [ 1, 3, -1, -1, -2, -1, -1, -1, 2, 0, 0, -1, 1, 1, 0, 0, -1, 2, 1, 1 ], 
              [ 1, -3, 1, 1, 2, 1, 1, 1, -2, 0, 0, 1, -1, -1, 0, 0, 1, -2, -1, -1 ] ], 
          [ [ 1, 3, 0, 0, -1, -3, -1, -1, 1, -2, 1, -1, -1, -1, 0, 2, 1, 2, 1, 2 ], 
              [ 1, -3, 0, 0, 1, 3, 1, 1, -1, 2, -1, 1, 1, 1, 0, -2, -1, -2, -1, -2 ] ], 
          [ [ 1, 2, -1, 0, -1, -1, -1, 0, 1, 0, 0, 0, 0, 0, 0, -1, 0, 1, 0, 1 ], 
              [ 1, -2, 1, 0, 1, 1, 1, 0, -1, 0, 0, 0, 0, 0, 0, 1, 0, -1, 0, -1 ] ], 
          [ [ 1, 0, 0, 0, -1, 0, 0, 1, 0, 0, 0, -1, 1, 0, 0, 0, 0, 1, 0, 1 ], 
              [ 1, 0, 0, 0, 1, 0, 0, -1, 0, 0, 0, 1, -1, 0, 0, 0, 0, -1, 0, -1 ] ], 
          [ [ 1, 8, -2, -2, -3, -3, -1, -1, 1, -2, 0, -2, 1, -1, 0, 1, 0, 4, 2, 2 ], 
              [ 1, -8, 2, 2, 3, 3, 1, 1, -1, 2, 0, 2, -1, 1, 0, -1, 0, -4, -2, -2 ] ], 
          [ [ 1, -6, 1, 3, 1, 1, 0, 1, 1, 1, 1, 1, -1, 1, 0, -2, 1, -3, -2, 0 ], 
              [ 1, 6, -1, -3, -1, -1, 0, -1, -1, -1, -1, -1, 1, -1, 0, 2, -1, 3, 2, 0 ] ],
          [ [ 1, 0, 0, 1, -1, -1, 0, 0, 1, -1, 0, 0, 0, 0, 0, -1, 1, 0, 0, 1 ], 
              [ 1, 0, 0, -1, 1, 1, 0, 0, -1, 1, 0, 0, 0, 0, 0, 1, -1, 0, 0, -1 ] ], 
          [ [ 1, 9, -3, -4, -3, -2, -2, 0, 1, -1, -2, -2, 3, 1, 1, 0, -2, 5, 3, 1 ], 
              [ 1, -9, 3, 4, 3, 2, 2, 0, -1, 1, 2, 2, -3, -1, -1, 0, 2, -5, -3, -1 ] ], 
          [ [ 1, 9, -2, -3, -2, -4, -1, -1, 0, -3, -1, -2, 1, -1, 1, 2, -1, 5, 3, 2 ], 
              [ 1, -9, 2, 3, 2, 4, 1, 1, 0, 3, 1, 2, -1, 1, -1, -2, 1, -5, -3, -2 ] ], 
          [ [ 1, 3, -1, 0, 0, -3, -1, -1, 1, -2, 0, 0, -1, 0, 1, 0, 0, 1, 1, 1 ], 
              [ 1, -3, 1, 0, 0, 3, 1, 1, -1, 2, 0, 0, 1, 0, -1, 0, 0, -1, -1, -1 ] ], 
          [ [ 1, 0, -1, 0, 0, 0, 0, 1, 0, 0, -1, 0, 1, 1, 1, -2, -1, 0, 0, 0 ], 
              [ 1, 0, 1, 0, 0, 0, 0, -1, 0, 0, 1, 0, -1, -1, -1, 2, 1, 0, 0, 0 ] ], 
          [ [ 1, 0, 0, 1, 1, -2, 0, 1, -1, -2, 0, 0, -1, -1, 1, 0, 1, 0, 0, 1 ], 
              [ 1, 0, 0, -1, -1, 2, 0, -1, 1, 2, 0, 0, 1, 1, -1, 0, -1, 0, 0, -1 ] ], 
          [ [ 1, 3, -2, -1, -1, -1, -1, -1, 2, 0, 0, -1, 1, 1, 0, 0, -1, 2, 1, 1 ], 
              [ 1, -3, 2, 1, 1, 1, 1, 1, -2, 0, 0, 1, -1, -1, 0, 0, 1, -2, -1, -1 ] ], 
          [ [ 1, 9, -3, -3, -3, -3, -2, -1, 2, -2, -1, -2, 2, 0, 0, 1, -1, 5, 3, 2 ], 
              [ 1, -9, 3, 3, 3, 3, 2, 1, -2, 2, 1, 2, -2, 0, 0, -1, 1, -5, -3, -2 ] ], 
          [ [ 1, 3, 0, 0, -1, -3, 0, 1, -2, -2, 0, 0, -1, -1, 1, 0, 1, 1, 1, 2 ], 
              [ 1, -3, 0, 0, 1, 3, 0, -1, 2, 2, 0, 0, 1, 1, -1, 0, -1, -1, -1, -2 ] ], 
          [ [ 1, 5, -1, -1, -2, -3, -1, -1, 1, -1, 1, 0, -1, -1, 0, 1, 0, 2, 1, 2 ], 
              [ 1, -5, 1, 1, 2, 3, 1, 1, -1, 1, -1, 0, 1, 1, 0, -1, 0, -2, -1, -2 ] ], 
          [ [ 1, 6, -2, -2, -3, -2, -2, 0, 1, 0, 0, -1, 1, 1, 0, 0, -1, 3, 2, 2 ], 
              [ 1, -6, 2, 2, 3, 2, 2, 0, -1, 0, 0, 1, -1, -1, 0, 0, 1, -3, -2, -2 ] ], 
          [ [ 1, 2, 0, 0, -2, 0, 0, 1, -1, -1, 0, -1, 1, -1, 0, 0, 1, 1, 0, 1 ], 
              [ 1, -2, 0, 0, 2, 0, 0, -1, 1, 1, 0, 1, -1, 1, 0, 0, -1, -1, 0, -1 ] ], 
          [ [ 1, 5, -1, -1, -1, -2, -1, 0, -1, -2, -1, 0, 0, -1, 1, 0, 0, 2, 1, 1 ], 
              [ 1, -5, 1, 1, 1, 2, 1, 0, 1, 2, 1, 0, 0, 1, -1, 0, 0, -2, -1, -1 ] ], 
          [ [ 1, 3, 0, -1, -1, -1, 0, 1, -2, -2, -1, -1, 1, -1, 1, 1, 0, 2, 1, 1 ], 
              [ 1, -3, 0, 1, 1, 1, 0, -1, 2, 2, 1, 1, -1, 1, -1, -1, 0, -2, -1, -1 ] ], 
          [ [ 1, 5, -1, -1, -1, -2, -1, 0, -1, -2, 0, -1, 0, -1, 1, 1, 0, 2, 1, 1 ], 
              [ 1, -5, 1, 1, 1, 2, 1, 0, 1, 2, 0, 1, 0, 1, -1, -1, 0, -2, -1, -1 ] ], 
          [ [ 1, 11, -2, -3, -3, -4, -1, -1, -1, -4, -1, -2, 1, -2, 1, 2, 0, 5, 3, 2 ], 
              [ 1, -11, 2, 3, 3, 4, 1, 1, 1, 4, 1, 2, -1, 2, -1, -2, 0, -5, -3, -2 ] ], 
          [ [ 1, -3, 1, 2, 1, 0, 0, 1, -1, -1, 0, 1, -1, 0, 1, -1, 1, -2, -1, 0 ], 
              [ 1, 3, -1, -2, -1, 0, 0, -1, 1, 1, 0, -1, 1, 0, -1, 1, -1, 2, 1, 0 ] ], 
          [ [ 1, 0, -1, 0, -1, 1, -1, -1, 2, 1, 0, 0, 1, 1, 0, -1, -1, 1, 0, 0 ], 
              [ 1, 0, 1, 0, 1, -1, 1, 1, -2, -1, 0, 0, -1, -1, 0, 1, 1, -1, 0, 0 ] ], 
          [ [ 1, 0, 0, 1, 0, -1, -1, -1, 1, -1, 1, 0, -1, -1, 0, 1, 1, 1, 0, 1 ], 
              [ 1, 0, 0, -1, 0, 1, 1, 1, -1, 1, -1, 0, 1, 1, 0, -1, -1, -1, 0, -1 ] ], 
          [ [ 1, 1, -1, 0, -1, 0, -1, -1, 1, 0, 0, -1, 1, 1, 0, 0, 0, 2, 1, 1 ], 
              [ 1, -1, 1, 0, 1, 0, 1, 1, -1, 0, 0, 1, -1, -1, 0, 0, 0, -2, -1, -1 ] ], 
          [ [ 1, -3, 0, 1, 0, 2, 0, 1, 0, 1, 0, 0, 1, 1, 0, -1, 0, -1, -1, 0 ], 
              [ 1, 3, 0, -1, 0, -2, 0, -1, 0, -1, 0, 0, -1, -1, 0, 1, 0, 1, 1, 0 ] ], 
          [ [ 1, 3, -1, -1, -2, 0, -1, 1, 0, -1, -1, -1, 2, 0, 0, 0, 0, 2, 1, 1 ], 
              [ 1, -3, 1, 1, 2, 0, 1, -1, 0, 1, 1, 1, -2, 0, 0, 0, 0, -2, -1, -1 ] ], 
          [ [ 1, 2, -1, 0, -1, 0, 0, 1, -1, -1, -1, 0, 1, 0, 1, -2, 0, 0, 0, 0 ], 
              [ 1, -2, 1, 0, 1, 0, 0, -1, 1, 1, 1, 0, -1, 0, -1, 2, 0, 0, 0, 0 ] ], 
          [ [ 1, 3, -1, -1, -2, 0, 0, 0, 0, -1, -1, -1, 2, 0, 0, 0, 0, 2, 1, 1 ], 
              [ 1, -3, 1, 1, 2, 0, 0, 0, 0, 1, 1, 1, -2, 0, 0, 0, 0, -2, -1, -1 ] ], 
          [ [ 1, 2, 0, 1, 0, -2, 0, 1, -2, -3, 0, 0, -1, -2, 1, 0, 2, 0, 0, 1 ], 
              [ 1, -2, 0, -1, 0, 2, 0, -1, 2, 3, 0, 0, 1, 2, -1, 0, -2, 0, 0, -1 ] ], 
          [ [ 1, 2, -1, 0, -1, 0, 0, 1, -1, -1, -1, 0, 1, 0, 0, -1, 0, 0, 0, 1 ], 
              [ 1, -2, 1, 0, 1, 0, 0, -1, 1, 1, 1, 0, -1, 0, 0, 1, 0, 0, 0, -1 ] ], 
          [ [ 1, 5, -2, -1, -2, -1, -1, -1, 1, -1, 0, -1, 1, -1, 0, 0, 0, 3, 1, 1 ], 
              [ 1, -5, 2, 1, 2, 1, 1, 1, -1, 1, 0, 1, -1, 1, 0, 0, 0, -3, -1, -1 ] ], 
          [ [ 1, 5, -2, -1, -2, -1, -1, -1, 1, -1, 0, -1, 1, 0, 0, 0, -1, 2, 1, 1 ], 
              [ 1, -5, 2, 1, 2, 1, 1, 1, -1, 1, 0, 1, -1, 0, 0, 0, 1, -2, -1, -1 ] ], 
          [ [ 1, 5, -2, -1, -2, -1, -1, -1, 1, -1, 0, -1, 1, 0, 0, 0, 0, 2, 1, 1 ], 
              [ 1, -5, 2, 1, 2, 1, 1, 1, -1, 1, 0, 1, -1, 0, 0, 0, 0, -2, -1, -1 ] ], 
          [ [ 1, -3, 0, 2, 0, 1, 0, 0, 1, 0, 1, 0, 0, 0, 0, -1, 1, -1, -1, 0 ], 
              [ 1, 3, 0, -2, 0, -1, 0, 0, -1, 0, -1, 0, 0, 0, 0, 1, -1, 1, 1, 0 ] ], 
          [ [ 1, 6, -2, -2, -1, -2, -1, -1, 0, -2, -1, -1, 1, 0, 1, 1, -1, 3, 2, 1 ], 
              [ 1, -6, 2, 2, 1, 2, 1, 1, 0, 2, 1, 1, -1, 0, -1, -1, 1, -3, -2, -1 ] ], 
          [ [ 1, 11, -4, -4, -3, -2, -2, 0, 0, -2, -2, -2, 3, 0, 1, 0, -2, 5, 3, 1 ], 
              [ 1, -11, 4, 4, 3, 2, 2, 0, 0, 2, 2, 2, -3, 0, -1, 0, 2, -5, -3, -1 ] ], 
          [ [ 1, 3, 0, 0, -2, -2, -1, -1, 0, -1, 1, 0, -1, -1, 0, 1, 1, 2, 1, 2 ], 
              [ 1, -3, 0, 0, 2, 2, 1, 1, 0, 1, -1, 0, 1, 1, 0, -1, -1, -2, -1, -2 ] ], 
          [ [ 1, 9, -2, -3, -3, -3, -2, 0, -1, -2, -1, -1, 1, 0, 1, 1, -1, 4, 3, 2 ], 
              [ 1, -9, 2, 3, 3, 3, 2, 0, 1, 2, 1, 1, -1, 0, -1, -1, 1, -4, -3, -2 ] ], 
          [ [ 1, 0, 0, 1, 0, -1, 0, 1, -2, -1, 0, 1, -1, 0, 1, -1, 0, -1, 0, 1 ], 
              [ 1, 0, 0, -1, 0, 1, 0, -1, 2, 1, 0, -1, 1, 0, -1, 1, 0, 1, 0, -1 ] ], 
          [ [ 1, 0, 0, 1, 0, -1, 0, 1, -2, -1, 0, 1, -1, 0, 1, -1, 1, -1, 0, 1 ], 
              [ 1, 0, 0, -1, 0, 1, 0, -1, 2, 1, 0, -1, 1, 0, -1, 1, -1, 1, 0, -1 ] ], 
          [ [ 1, 3, -2, -1, -2, 0, -2, 0, 1, 1, 0, 0, 1, 1, 0, -1, -1, 2, 1, 1 ], 
              [ 1, -3, 2, 1, 2, 0, 2, 0, -1, -1, 0, 0, -1, -1, 0, 1, 1, -2, -1, -1 ] ], 
          [ [ 1, 3, -1, 0, -1, -2, -1, -1, 0, -1, 1, 0, -1, 0, 1, 0, 0, 1, 1, 1 ], 
              [ 1, -3, 1, 0, 1, 2, 1, 1, 0, 1, -1, 0, 1, 0, -1, 0, 0, -1, -1, -1 ] ], 
          [ [ 1, 0, 0, 1, 0, -1, 0, 1, -2, -1, 1, 0, -1, -1, 1, 0, 1, 0, 0, 1 ], 
              [ 1, 0, 0, -1, 0, 1, 0, -1, 2, 1, -1, 0, 1, 1, -1, 0, -1, 0, 0, -1 ] ], 
          [ [ 1, 3, -1, 0, -1, -2, -1, -1, 0, -1, 1, 0, -1, 0, 0, 1, 0, 1, 1, 2 ], 
              [ 1, -3, 1, 0, 1, 2, 1, 1, 0, 1, -1, 0, 1, 0, 0, -1, 0, -1, -1, -2 ] ], 
          [ [ 1, 9, -3, -3, -4, -2, -2, -1, 1, -1, 0, -2, 2, 0, 0, 1, -1, 5, 3, 2 ], 
              [ 1, -9, 3, 3, 4, 2, 2, 1, -1, 1, 0, 2, -2, 0, 0, -1, 1, -5, -3, -2 ] ], 
          [ [ 1, 3, 0, -1, -1, -1, -1, 0, 0, -1, -1, -1, 1, 0, 0, 1, 0, 2, 1, 1 ], 
              [ 1, -3, 0, 1, 1, 1, 1, 0, 0, 1, 1, 1, -1, 0, 0, -1, 0, -2, -1, -1 ] ], 
          [ [ 1, 8, -2, -3, -3, -1, -1, 0, 0, -1, -2, -2, 3, 0, 0, 0, -1, 4, 2, 1 ], 
              [ 1, -8, 2, 3, 3, 1, 1, 0, 0, 1, 2, 2, -3, 0, 0, 0, 1, -4, -2, -1 ] ], 
          [ [ 1, -6, 2, 3, 2, 1, 1, 1, -1, 0, 0, 1, -1, 0, 0, -1, 1, -3, -2, 0 ], 
              [ 1, 6, -2, -3, -2, -1, -1, -1, 1, 0, 0, -1, 1, 0, 0, 1, -1, 3, 2, 0 ] ], 
          [ [ 1, -3, 1, 2, 1, 0, 0, -1, 1, 0, 1, 0, -1, 0, 0, 0, 1, -1, -1, 0 ], 
              [ 1, 3, -1, -2, -1, 0, 0, 1, -1, 0, -1, 0, 1, 0, 0, 0, -1, 1, 1, 0 ] ], 
          [ [ 1, 3, 0, 0, -1, -2, -1, -1, 1, -2, 0, -1, 0, -1, 0, 1, 1, 2, 1, 1 ], 
              [ 1, -3, 0, 0, 1, 2, 1, 1, -1, 2, 0, 1, 0, 1, 0, -1, -1, -2, -1, -1 ] ], 
          [ [ 1, 0, 0, 0, -1, 1, 0, 1, 0, 0, -1, -1, 2, 0, 0, -1, 0, 1, 0, 0 ], 
              [ 1, 0, 0, 0, 1, -1, 0, -1, 0, 0, 1, 1, -2, 0, 0, 1, 0, -1, 0, 0 ] ], 
          [ [ 1, 3, -1, -1, -2, 0, -1, -1, 2, 0, -1, -1, 2, 1, -1, 0, -1, 2, 1, 1 ], 
              [ 1, -3, 1, 1, 2, 0, 1, 1, -2, 0, 1, 1, -2, -1, 1, 0, 1, -2, -1, -1 ] ], 
          [ [ 1, 0, 0, 0, -1, 1, 0, 1, 0, 0, -1, -1, 2, 1, 0, -1, 0, 0, 0, 0 ], 
              [ 1, 0, 0, 0, 1, -1, 0, -1, 0, 0, 1, 1, -2, -1, 0, 1, 0, 0, 0, 0 ] ], 
          [ [ 1, 2, 0, 1, 0, -2, 0, -1, 0, -2, 0, 0, -1, -1, 0, 0, 1, 0, 0, 1 ], 
              [ 1, -2, 0, -1, 0, 2, 0, 1, 0, 2, 0, 0, 1, 1, 0, 0, -1, 0, 0, -1 ] ], 
          [ [ 1, 0, 1, 1, 0, -1, 1, 0, -1, -2, 0, -1, 0, -1, 0, 1, 1, 0, 0, 1 ], 
              [ 1, 0, -1, -1, 0, 1, -1, 0, 1, 2, 0, 1, 0, 1, 0, -1, -1, 0, 0, -1 ] ], 
          [ [ 1, 2, -1, 0, -1, 0, -1, 0, 1, 0, 0, -1, 1, 0, 0, -1, 0, 1, 0, 0 ], 
              [ 1, -2, 1, 0, 1, 0, 1, 0, -1, 0, 0, 1, -1, 0, 0, 1, 0, -1, 0, 0 ] ], 
          [ [ 1, 3, -1, -1, -2, 0, -1, -1, 2, 0, 0, -2, 2, 0, -1, 1, 0, 3, 1, 1 ], 
              [ 1, -3, 1, 1, 2, 0, 1, 1, -2, 0, 0, 2, -2, 0, 1, -1, 0, -3, -1, -1 ] ], 
          [ [ 1, 3, -1, -1, 0, -1, -1, 0, 0, -1, -1, -1, 1, 0, 1, 0, -1, 2, 1, 0 ], 
              [ 1, -3, 1, 1, 0, 1, 1, 0, 0, 1, 1, 1, -1, 0, -1, 0, 1, -2, -1, 0 ] ], 
          [ [ 1, 6, -1, -2, -1, -2, 0, 1, -2, -3, -2, -2, 2, -1, 1, 1, 0, 3, 2, 1 ], 
              [ 1, -6, 1, 2, 1, 2, 0, -1, 2, 3, 2, 2, -2, 1, -1, -1, 0, -3, -2, -1 ] ], 
          [ [ 1, 3, -2, -1, -1, 0, -1, -1, 2, 0, -1, -1, 2, 1, 0, -1, -1, 2, 1, 0 ], 
              [ 1, -3, 2, 1, 1, 0, 1, 1, -2, 0, 1, 1, -2, -1, 0, 1, 1, -2, -1, 0 ] ], 
          [ [ 1, 0, -1, 0, 0, 1, 0, 1, 0, 0, -1, -1, 2, 1, 0, -1, -1, 0, 0, 0 ], 
              [ 1, 0, 1, 0, 0, -1, 0, -1, 0, 0, 1, 1, -2, -1, 0, 1, 1, 0, 0, 0 ] ], 
          [ [ 1, 0, 1, 1, -1, -1, -1, 0, 0, 0, 1, 0, -1, 0, 0, 0, 1, 0, 0, 1 ], 
              [ 1, 0, -1, -1, 1, 1, 1, 0, 0, 0, -1, 0, 1, 0, 0, 0, -1, 0, 0, -1 ] ], 
          [ [ 1, 6, -1, -2, -2, -2, -1, 0, -1, -1, -1, -1, 1, 0, 1, 0, -1, 3, 2, 1 ], 
              [ 1, -6, 1, 2, 2, 2, 1, 0, 1, 1, 1, 1, -1, 0, -1, 0, 1, -3, -2, -1 ] ], 
          [ [ 1, 6, 0, -1, -1, -4, -1, 0, -2, -3, 0, -1, -1, -2, 1, 2, 1, 3, 2, 2 ], 
              [ 1, -6, 0, 1, 1, 4, 1, 0, 2, 3, 0, 1, 1, 2, -1, -2, -1, -3, -2, -2 ] ], 
          [ [ 1, 6, -1, -2, -2, -2, -1, 0, -1, -1, -1, -1, 1, 0, 0, 1, -1, 3, 2, 2 ], 
              [ 1, -6, 1, 2, 2, 2, 1, 0, 1, 1, 1, 1, -1, 0, 0, -1, 1, -3, -2, -2 ] ], 
          [ [ 1, 3, 0, -1, -1, -1, 0, 2, -3, -1, -1, -1, 1, 0, 1, 0, 0, 1, 1, 1 ], 
              [ 1, -3, 0, 1, 1, 1, 0, -2, 3, 1, 1, 1, -1, 0, -1, 0, 0, -1, -1, -1 ] ], 
          [ [ 1, 9, -2, -3, -3, -3, -2, -2, 1, -1, 0, -2, 1, 0, 0, 2, -1, 5, 3, 2 ], 
              [ 1, -9, 2, 3, 3, 3, 2, 2, -1, 1, 0, 2, -1, 0, 0, -2, 1, -5, -3, -2 ] ], 
          [ [ 1, 1, 0, 0, -1, -1, -1, -1, 1, 0, 0, 0, 0, 1, 0, 0, 0, 1, 1, 1 ], 
              [ 1, -1, 0, 0, 1, 1, 1, 1, -1, 0, 0, 0, 0, -1, 0, 0, 0, -1, -1, -1 ] ], 
          [ [ 1, -3, 1, 2, 1, 0, 0, 2, -2, 0, 0, 1, -1, 0, 1, -2, 1, -2, -1, 0 ], 
              [ 1, 3, -1, -2, -1, 0, 0, -2, 2, 0, 0, -1, 1, 0, -1, 2, -1, 2, 1, 0 ] ], 
          [ [ 1, 0, 0, 1, 0, -1, -1, 0, 0, 0, 0, 1, -1, 1, 0, -1, 0, -1, 0, 1 ], 
              [ 1, 0, 0, -1, 0, 1, 1, 0, 0, 0, 0, -1, 1, -1, 0, 1, 0, 1, 0, -1 ] ], 
          [ [ 1, -2, 1, 1, 0, 0, 0, 1, -1, 0, 0, 0, 0, 0, 0, 0, 1, 0, 0, 1 ], 
              [ 1, 2, -1, -1, 0, 0, 0, -1, 1, 0, 0, 0, 0, 0, 0, 0, -1, 0, 0, -1 ] ], 
          [ [ 1, -2, 1, 1, 0, 0, 0, 1, -1, 0, 0, 0, 0, 1, 0, 0, 0, -1, 0, 1 ], 
              [ 1, 2, -1, -1, 0, 0, 0, -1, 1, 0, 0, 0, 0, -1, 0, 0, 0, 1, 0, -1 ] ], 
          [ [ 1, -3, 2, 3, 2, -2, 1, 1, -3, -2, 1, 1, -3, -1, 1, 0, 2, -3, -1, 1 ], 
              [ 1, 3, -2, -3, -2, 2, -1, -1, 3, 2, -1, -1, 3, 1, -1, 0, -2, 3, 1, -1 ] ], 
          [ [ 1, 3, -1, 0, -1, -2, -2, -2, 2, 0, 1, 0, -1, 0, 0, 0, 0, 2, 1, 1 ], 
              [ 1, -3, 1, 0, 1, 2, 2, 2, -2, 0, -1, 0, 1, 0, 0, 0, 0, -2, -1, -1 ] ], 
          [ [ 1, -1, 0, 1, 0, 0, -1, 0, 1, 1, 1, 1, -1, 0, 0, -1, 0, -1, -1, 0 ], 
              [ 1, 1, 0, -1, 0, 0, 1, 0, -1, -1, -1, -1, 1, 0, 0, 1, 0, 1, 1, 0 ] ], 
          [ [ 1, 1, 0, 0, -1, -1, -1, -1, 1, 0, 1, -1, 0, 0, 0, 1, 0, 2, 1, 1 ], 
              [ 1, -1, 0, 0, 1, 1, 1, 1, -1, 0, -1, 1, 0, 0, 0, -1, 0, -2, -1, -1 ] ], 
          [ [ 1, 0, -1, 0, -1, 1, -1, 0, 1, 2, 0, 0, 1, 2, 0, -2, -1, 0, 0, 0 ], 
              [ 1, 0, 1, 0, 1, -1, 1, 0, -1, -2, 0, 0, -1, -2, 0, 2, 1, 0, 0, 0 ] ], 
          [ [ 1, 5, -1, -1, -2, -2, -1, -1, 1, -1, 0, 0, 0, -1, 0, 0, 0, 2, 1, 1 ], 
              [ 1, -5, 1, 1, 2, 2, 1, 1, -1, 1, 0, 0, 0, 1, 0, 0, 0, -2, -1, -1 ] ], 
          [ [ 1, 6, -2, -2, -3, -1, -2, 0, 1, 0, -1, -1, 2, 1, 0, -1, -1, 3, 2, 1 ], 
              [ 1, -6, 2, 2, 3, 1, 2, 0, -1, 0, 1, 1, -2, -1, 0, 1, 1, -3, -2, -1 ] ], 
          [ [ 1, 0, 0, 1, 0, -1, -1, 0, 0, 0, 1, 0, -1, 0, 0, 0, 0, 0, 0, 1 ], 
              [ 1, 0, 0, -1, 0, 1, 1, 0, 0, 0, -1, 0, 1, 0, 0, 0, 0, 0, 0, -1 ] ], 
          [ [ 1, 0, 0, 1, 0, -1, -1, 0, 0, 0, 1, 0, -1, 0, 0, 0, 1, 0, 0, 1 ], 
              [ 1, 0, 0, -1, 0, 1, 1, 0, 0, 0, -1, 0, 1, 0, 0, 0, -1, 0, 0, -1 ] ], 
          [ [ 1, 0, 0, 1, 0, -1, 0, -1, 0, 0, 1, 0, -1, 0, 0, 0, 0, 0, 0, 1 ], 
              [ 1, 0, 0, -1, 0, 1, 0, 1, 0, 0, -1, 0, 1, 0, 0, 0, 0, 0, 0, -1 ] ], 
          [ [ 1, 6, -1, -1, -2, -3, -1, -1, 0, -2, 0, -1, 0, -1, 0, 1, 0, 3, 2, 2 ], 
              [ 1, -6, 1, 1, 2, 3, 1, 1, 0, 2, 0, 1, 0, 1, 0, -1, 0, -3, -2, -2 ] ], 
          [ [ 1, 2, 0, 0, -1, -1, 0, 1, -1, -1, 0, 0, 0, -1, 0, 0, 0, 0, 0, 1 ], 
              [ 1, -2, 0, 0, 1, 1, 0, -1, 1, 1, 0, 0, 0, 1, 0, 0, 0, 0, 0, -1 ] ], 
          [ [ 1, 6, -1, -1, -2, -3, -1, -1, 0, -2, 0, -1, 0, -1, 0, 1, 1, 3, 2, 2 ], 
              [ 1, -6, 1, 1, 2, 3, 1, 1, 0, 2, 0, 1, 0, 1, 0, -1, -1, -3, -2, -2 ] ], 
          [ [ 1, 2, 0, 0, -1, -1, 0, 1, -1, -1, 0, 0, 0, -1, 0, 0, 1, 0, 0, 1 ], 
              [ 1, -2, 0, 0, 1, 1, 0, -1, 1, 1, 0, 0, 0, 1, 0, 0, -1, 0, 0, -1 ] ], 
          [ [ 1, 3, 0, 0, -1, -2, 0, 1, -2, -2, 0, -1, 0, -1, 1, 0, 1, 1, 1, 1 ], 
              [ 1, -3, 0, 0, 1, 2, 0, -1, 2, 2, 0, 1, 0, 1, -1, 0, -1, -1, -1, -1 ] ], 
          [ [ 1, 6, -1, -1, -2, -3, -1, -1, 0, -2, 0, -1, 0, 0, 0, 1, 0, 2, 2, 2 ], 
              [ 1, -6, 1, 1, 2, 3, 1, 1, 0, 2, 0, 1, 0, 0, 0, -1, 0, -2, -2, -2 ] ], 
          [ [ 1, 3, -1, -1, -2, 0, 0, 1, -1, 0, -1, -1, 2, 1, 0, -1, -1, 1, 1, 1 ], 
              [ 1, -3, 1, 1, 2, 0, 0, -1, 1, 0, 1, 1, -2, -1, 0, 1, 1, -1, -1, -1 ] ], 
          [ [ 1, 3, 0, 0, -1, -2, 0, 1, -2, -2, 0, -1, 0, -1, 0, 1, 1, 1, 1, 2 ], 
              [ 1, -3, 0, 0, 1, 2, 0, -1, 2, 2, 0, 1, 0, 1, 0, -1, -1, -1, -1, -2 ] ], 
          [ [ 1, 5, -1, -1, -2, -2, -1, -1, 1, -1, 1, -1, 0, -1, 0, 1, 0, 2, 1, 1 ], 
              [ 1, -5, 1, 1, 2, 2, 1, 1, -1, 1, -1, 1, 0, 1, 0, -1, 0, -2, -1, -1 ] ], 
          [ [ 1, 0, -1, 1, -1, 0, -1, -1, 2, 1, 1, 0, 0, 1, -1, -1, 0, 0, 0, 1 ], 
              [ 1, 0, 1, -1, 1, 0, 1, 1, -2, -1, -1, 0, 0, -1, 1, 1, 0, 0, 0, -1 ] ], 
          [ [ 1, 6, -2, -2, -1, -2, -1, 0, -1, -1, -1, -1, 1, 0, 1, 0, -1, 3, 2, 1 ], 
              [ 1, -6, 2, 2, 1, 2, 1, 0, 1, 1, 1, 1, -1, 0, -1, 0, 1, -3, -2, -1 ] ], 
          [ [ 1, 6, -2, -2, -1, -2, -1, 0, -1, -1, -1, -1, 1, 1, 1, 0, -2, 2, 2, 1 ], 
              [ 1, -6, 2, 2, 1, 2, 1, 0, 1, 1, 1, 1, -1, -1, -1, 0, 2, -2, -2, -1 ] ], 
          [ [ 1, 1, -1, 0, 0, -1, -1, -1, 1, 0, 0, 0, 0, 1, 0, 0, -1, 1, 1, 1 ], 
              [ 1, -1, 1, 0, 0, 1, 1, 1, -1, 0, 0, 0, 0, -1, 0, 0, 1, -1, -1, -1 ] ], 
          [ [ 1, -2, 0, 1, 1, 0, 0, 1, -1, 0, 0, 0, 0, 1, 1, -1, 0, -1, 0, 0 ], 
              [ 1, 2, 0, -1, -1, 0, 0, -1, 1, 0, 0, 0, 0, -1, -1, 1, 0, 1, 0, 0 ] ], 
          [ [ 1, 3, -1, 0, 0, -2, 0, 1, -2, -2, -1, 0, 0, 0, 1, -1, 0, 0, 1, 1 ], 
              [ 1, -3, 1, 0, 0, 2, 0, -1, 2, 2, 1, 0, 0, 0, -1, 1, 0, 0, -1, -1 ] ], 
          [ [ 1, 2, -1, 0, 0, -1, 0, 1, -1, -1, 0, 0, 0, -1, 1, -1, 0, 0, 0, 0 ], 
              [ 1, -2, 1, 0, 0, 1, 0, -1, 1, 1, 0, 0, 0, 1, -1, 1, 0, 0, 0, 0 ] ], 
          [ [ 1, 5, -2, -1, -1, -2, -1, -1, 1, -1, 0, 0, 0, 0, 0, 0, -1, 1, 1, 1 ], 
              [ 1, -5, 2, 1, 1, 2, 1, 1, -1, 1, 0, 0, 0, 0, 0, 0, 1, -1, -1, -1 ] ], 
          [ [ 1, 0, 1, 1, 0, -2, 0, 1, -2, -1, 1, 1, -2, -1, 1, 0, 1, -1, 0, 1 ], 
              [ 1, 0, -1, -1, 0, 2, 0, -1, 2, 1, -1, -1, 2, 1, -1, 0, -1, 1, 0, -1 ] ], 
          [ [ 1, 3, -1, 0, -1, -1, -1, -1, 0, -1, 0, 0, 0, 0, 0, 0, 0, 1, 1, 1 ], 
              [ 1, -3, 1, 0, 1, 1, 1, 1, 0, 1, 0, 0, 0, 0, 0, 0, 0, -1, -1, -1 ] ], 
          [ [ 1, 6, -1, -2, -2, -1, -1, 0, -1, -1, -1, -2, 2, 0, 0, 1, -1, 3, 2, 1 ], 
              [ 1, -6, 1, 2, 2, 1, 1, 0, 1, 1, 1, 2, -2, 0, 0, -1, 1, -3, -2, -1 ] ], 
          [ [ 1, -3, 1, 2, 1, 1, 1, 1, -2, 0, 0, 0, 0, 0, 0, -1, 1, -2, -1, 0 ], 
              [ 1, 3, -1, -2, -1, -1, -1, -1, 2, 0, 0, 0, 0, 0, 0, 1, -1, 2, 1, 0 ] ], 
          [ [ 1, 3, 0, 0, -1, -2, -1, 0, 0, -1, 0, -1, 0, 0, 0, 0, 0, 1, 1, 2 ], 
              [ 1, -3, 0, 0, 1, 2, 1, 0, 0, 1, 0, 1, 0, 0, 0, 0, 0, -1, -1, -2 ] ], 
          [ [ 1, 0, -1, -1, 0, 0, 0, -1, 2, 1, 0, 1, 0, 0, 0, 0, 0, 1, 0, -2 ], 
              [ 1, 0, 1, 1, 0, 0, 0, 1, -2, -1, 0, -1, 0, 0, 0, 0, 0, -1, 0, 2 ] ], 
          [ [ 1, -3, 0, 0, 1, 1, 1, 1, 0, 1, 0, 1, 0, 0, 0, 0, 0, -1, -1, -2 ], 
              [ 1, 3, 0, 0, -1, -1, -1, -1, 0, -1, 0, -1, 0, 0, 0, 0, 0, 1, 1, 2 ] ], 
          [ [ 1, -3, 0, 0, 1, 1, 2, 0, 0, 1, 0, 1, 0, 0, 0, 0, 0, -1, -1, -2 ], 
              [ 1, 3, 0, 0, -1, -1, -2, 0, 0, -1, 0, -1, 0, 0, 0, 0, 0, 1, 1, 2 ] ], 
          [ [ 1, 0, 0, -1, 1, 0, 1, -1, 0, 0, 0, 0, 0, -1, 0, 2, 0, 1, 0, -2 ], 
              [ 1, 0, 0, 1, -1, 0, -1, 1, 0, 0, 0, 0, 0, 1, 0, -2, 0, -1, 0, 2 ] ], 
          [ [ 1, -9, 1, 2, 3, 4, 2, 1, 0, 3, 0, 2, 0, 1, 0, -2, 0, -4, -3, -4 ], 
              [ 1, 9, -1, -2, -3, -4, -2, -1, 0, -3, 0, -2, 0, -1, 0, 2, 0, 4, 3, 4 ] ], 
          [ [ 1, -6, 2, 2, 2, 1, 2, 1, -2, 1, 1, 2, -2, -1, 0, 0, 2, -3, -2, -2 ], 
              [ 1, 6, -2, -2, -2, -1, -2, -1, 2, -1, -1, -2, 2, 1, 0, 0, -2, 3, 2, 2 ] ], 
          [ [ 1, 3, -2, -3, -1, 1, 0, 0, 0, 2, -1, 0, 2, 1, 0, 0, -2, 2, 1, -2 ], 
              [ 1, -3, 2, 3, 1, -1, 0, 0, 0, -2, 1, 0, -2, -1, 0, 0, 2, -2, -1, 2 ] ], 
          [ [ 1, -3, 0, 1, 2, 0, 1, -1, 0, 1, 1, 2, -2, 0, 0, 0, 0, -2, -1, -2 ], 
              [ 1, 3, 0, -1, -2, 0, -1, 1, 0, -1, -1, -2, 2, 0, 0, 0, 0, 2, 1, 2 ] ], 
          [ [ 1, -1, 0, 0, 0, 1, 1, 1, 0, -1, -1, 0, 1, -1, 0, 0, 1, 0, -1, -1 ], 
              [ 1, 1, 0, 0, 0, -1, -1, -1, 0, 1, 1, 0, -1, 1, 0, 0, -1, 0, 1, 1 ] ], 
          [ [ 1, 5, -1, -2, -1, -2, 0, 0, -1, -2, -1, 0, 0, -1, 1, 1, 0, 2, 1, 0 ], 
              [ 1, -5, 1, 2, 1, 2, 0, 0, 1, 2, 1, 0, 0, 1, -1, -1, 0, -2, -1, 0 ] ], 
          [ [ 1, 0, 0, 0, 0, -1, 0, -1, 1, -1, 0, 1, -1, -1, 0, 1, 1, 1, 0, 0 ], 
              [ 1, 0, 0, 0, 0, 1, 0, 1, -1, 1, 0, -1, 1, 1, 0, -1, -1, -1, 0, 0 ] ], 
          [ [ 1, -3, 1, 1, 1, 0, 1, 1, -1, -1, 0, 1, -1, -1, 1, 0, 1, -1, -1, -1 ], 
              [ 1, 3, -1, -1, -1, 0, -1, -1, 1, 1, 0, -1, 1, 1, -1, 0, -1, 1, 1, 1 ] ], 
          [ [ 1, -3, 1, 1, 1, 0, 1, 1, -1, -1, 0, 1, -1, -1, 1, 0, 2, -1, -1, -1 ], 
              [ 1, 3, -1, -1, -1, 0, -1, -1, 1, 1, 0, -1, 1, 1, -1, 0, -2, 1, 1, 1 ] ], 
          [ [ 1, -3, 0, 0, 0, 2, 1, 1, 0, 1, -1, 1, 1, 1, 0, -1, 0, -1, -1, -1 ], 
              [ 1, 3, 0, 0, 0, -2, -1, -1, 0, -1, 1, -1, -1, -1, 0, 1, 0, 1, 1, 1 ] ], 
          [ [ 1, 0, -1, -1, -1, 1, -1, 0, 2, 1, 0, 0, 1, 0, 0, 0, 0, 2, 0, -1 ], 
              [ 1, 0, 1, 1, 1, -1, 1, 0, -2, -1, 0, 0, -1, 0, 0, 0, 0, -2, 0, 1 ] ], 
          [ [ 1, 0, -1, -1, -1, 1, 0, -1, 2, 1, 0, 0, 1, 0, 0, 0, 0, 2, 0, -1 ], 
              [ 1, 0, 1, 1, 1, -1, 0, 1, -2, -1, 0, 0, -1, 0, 0, 0, 0, -2, 0, 1 ] ], 
          [ [ 1, 0, -1, -1, -1, 1, 0, -1, 2, 1, 0, 0, 1, 1, 0, 0, -1, 1, 0, -1 ], 
              [ 1, 0, 1, 1, 1, -1, 0, 1, -2, -1, 0, 0, -1, -1, 0, 0, 1, -1, 0, 1 ] ], 
          [ [ 1, 0, 0, 0, 0, -1, 0, -1, 1, -1, 1, 0, -1, -1, 0, 2, 1, 1, 0, 0 ], 
              [ 1, 0, 0, 0, 0, 1, 0, 1, -1, 1, -1, 0, 1, 1, 0, -2, -1, -1, 0, 0 ] ], 
          [ [ 1, -1, -1, 0, 0, 1, 0, 0, 1, 1, 0, 1, 0, 0, 0, -1, 0, 0, -1, -1 ], 
              [ 1, 1, 1, 0, 0, -1, 0, 0, -1, -1, 0, -1, 0, 0, 0, 1, 0, 0, 1, 1 ] ], 
          [ [ 1, -3, 0, 0, 0, 2, 1, 1, 0, 1, 0, 0, 1, 0, 0, 0, 0, 0, -1, -1 ], 
              [ 1, 3, 0, 0, 0, -2, -1, -1, 0, -1, 0, 0, -1, 0, 0, 0, 0, 0, 1, 1 ] ], 
          [ [ 1, 5, -2, -2, -2, -1, 0, -1, 1, -1, 0, -1, 1, -1, 0, 1, 0, 3, 1, 0 ], 
              [ 1, -5, 2, 2, 2, 1, 0, 1, -1, 1, 0, 1, -1, 1, 0, -1, 0, -3, -1, 0 ] ], 
          [ [ 1, -9, 1, 3, 2, 3, 1, 1, 1, 2, 1, 2, -1, 1, 0, -2, 1, -4, -3, -2 ], 
              [ 1, 9, -1, -3, -2, -3, -1, -1, -1, -2, -1, -2, 1, -1, 0, 2, -1, 4, 3, 2 ] ]
            , [ [ 1, -3, 0, 1, 0, 1, 1, 0, 1, 0, 0, 1, 0, 0, 0, -1, 1, -1, -1, -1 ], 
              [ 1, 3, 0, -1, 0, -1, -1, 0, -1, 0, 0, -1, 0, 0, 0, 1, -1, 1, 1, 1 ] ], 
          [ [ 1, 6, -3, -4, -2, 0, -1, 0, 1, 0, -2, -1, 3, 1, 1, 0, -2, 4, 2, -1 ], 
              [ 1, -6, 3, 4, 2, 0, 1, 0, -1, 0, 2, 1, -3, -1, -1, 0, 2, -4, -2, 1 ] ], 
          [ [ 1, 6, -2, -3, -1, -2, 0, -1, 0, -2, -1, -1, 1, -1, 1, 2, -1, 4, 2, 0 ], 
              [ 1, -6, 2, 3, 1, 2, 0, 1, 0, 2, 1, 1, -1, 1, -1, -2, 1, -4, -2, 0 ] ], 
          [ [ 1, 0, -1, 0, 1, -1, 0, -1, 1, -1, 0, 1, -1, 0, 1, 0, 0, 0, 0, -1 ], 
              [ 1, 0, 1, 0, -1, 1, 0, 1, -1, 1, 0, -1, 1, 0, -1, 0, 0, 0, 0, 1 ] ], 
          [ [ 1, -3, -1, 0, 1, 2, 1, 1, 0, 1, -1, 1, 1, 1, 1, -2, -1, -1, -1, -2 ], 
              [ 1, 3, 1, 0, -1, -2, -1, -1, 0, -1, 1, -1, -1, -1, -1, 2, 1, 1, 1, 2 ] ], 
          [ [ 1, -3, 0, 1, 2, 0, 1, 1, -1, -1, 0, 1, -1, -1, 1, 0, 1, -1, -1, -1 ], 
              [ 1, 3, 0, -1, -2, 0, -1, -1, 1, 1, 0, -1, 1, 1, -1, 0, -1, 1, 1, 1 ] ], 
          [ [ 1, 0, -2, -1, 0, 1, 0, -1, 2, 1, 0, 0, 1, 1, 0, 0, -1, 1, 0, -1 ], 
              [ 1, 0, 2, 1, 0, -1, 0, 1, -2, -1, 0, 0, -1, -1, 0, 0, 1, -1, 0, 1 ] ], 
          [ [ 1, 6, -3, -3, -2, -1, -1, -1, 2, -1, -1, -1, 2, 0, 0, 1, -1, 4, 2, 0 ], 
              [ 1, -6, 3, 3, 2, 1, 1, 1, -2, 1, 1, 1, -2, 0, 0, -1, 1, -4, -2, 0 ] ], 
          [ [ 1, 0, 0, 0, 0, -1, 1, 1, -2, -1, 0, 1, -1, -1, 1, 0, 1, 0, 0, 0 ], 
              [ 1, 0, 0, 0, 0, 1, -1, -1, 2, 1, 0, -1, 1, 1, -1, 0, -1, 0, 0, 0 ] ], 
          [ [ 1, 2, -1, -1, -1, -1, 0, -1, 1, 0, 1, 1, -1, -1, 0, 1, 0, 1, 0, 0 ], 
              [ 1, -2, 1, 1, 1, 1, 0, 1, -1, 0, -1, -1, 1, 1, 0, -1, 0, -1, 0, 0 ] ], 
          [ [ 1, 3, -2, -2, -2, 0, -1, 0, 1, 1, 0, 0, 1, 1, 0, 0, -1, 2, 1, 0 ], 
              [ 1, -3, 2, 2, 2, 0, 1, 0, -1, -1, 0, 0, -1, -1, 0, 0, 1, -2, -1, 0 ] ], 
          [ [ 1, 3, 0, -2, -1, -1, 0, 0, 0, -1, -1, -1, 1, -1, 0, 2, 0, 3, 1, 0 ], 
              [ 1, -3, 0, 2, 1, 1, 0, 0, 0, 1, 1, 1, -1, 1, 0, -2, 0, -3, -1, 0 ] ], 
          [ [ 1, -3, 1, 1, 1, 0, 0, 0, 1, 0, 0, 1, -1, 0, 0, 0, 1, -1, -1, -1 ], 
              [ 1, 3, -1, -1, -1, 0, 0, 0, -1, 0, 0, -1, 1, 0, 0, 0, -1, 1, 1, 1 ] ], 
          [ [ 1, -3, 1, 1, 1, 0, 1, -1, 1, 0, 0, 1, -1, 0, 0, 0, 1, -1, -1, -1 ], 
              [ 1, 3, -1, -1, -1, 0, -1, 1, -1, 0, 0, -1, 1, 0, 0, 0, -1, 1, 1, 1 ] ], 
          [ [ 1, -6, 1, 1, 1, 3, 1, 2, 0, 2, -1, 1, 1, 1, 0, -2, 0, -2, -2, -2 ], 
              [ 1, 6, -1, -1, -1, -3, -1, -2, 0, -2, 1, -1, -1, -1, 0, 2, 0, 2, 2, 2 ] ], 
          [ [ 1, -6, 2, 2, 2, 1, 2, 1, -1, 0, 0, 1, -1, -1, 0, 0, 2, -2, -2, -1 ], 
              [ 1, 6, -2, -2, -2, -1, -2, -1, 1, 0, 0, -1, 1, 1, 0, 0, -2, 2, 2, 1 ] ], 
          [ [ 1, -6, 2, 2, 2, 1, 2, 1, -1, 0, 0, 1, -1, 0, 0, 0, 1, -3, -2, -1 ], 
              [ 1, 6, -2, -2, -2, -1, -2, -1, 1, 0, 0, -1, 1, 0, 0, 0, -1, 3, 2, 1 ] ], 
          [ [ 1, 0, -1, -1, -1, 1, -1, -2, 4, 2, 0, 0, 1, 1, -1, 0, -1, 2, 0, -1 ], 
              [ 1, 0, 1, 1, 1, -1, 1, 2, -4, -2, 0, 0, -1, -1, 1, 0, 1, -2, 0, 1 ] ], 
          [ [ 1, -3, 0, 0, 0, 2, 0, 0, 2, 2, 0, 0, 1, 1, 0, -1, 0, 0, -1, -2 ], 
              [ 1, 3, 0, 0, 0, -2, 0, 0, -2, -2, 0, 0, -1, -1, 0, 1, 0, 0, 1, 2 ] ], 
          [ [ 1, -3, 1, 1, 1, 0, 1, -1, 1, 0, 1, 0, -1, -1, 0, 1, 1, 0, -1, -1 ], 
              [ 1, 3, -1, -1, -1, 0, -1, 1, -1, 0, -1, 0, 1, 1, 0, -1, -1, 0, 1, 1 ] ], 
          [ [ 1, -3, 0, 0, 0, 2, 0, 0, 2, 2, 0, 0, 1, 1, -1, 0, 0, 0, -1, -1 ], 
              [ 1, 3, 0, 0, 0, -2, 0, 0, -2, -2, 0, 0, -1, -1, 1, 0, 0, 0, 1, 1 ] ], 
          [ [ 1, 2, -1, -1, -1, 0, 0, 0, 1, 0, -1, 0, 1, 0, 0, -1, 0, 1, 0, -1 ], 
              [ 1, -2, 1, 1, 1, 0, 0, 0, -1, 0, 1, 0, -1, 0, 0, 1, 0, -1, 0, 1 ] ], 
          [ [ 1, 3, -1, -2, -2, 0, 0, -1, 2, 0, -1, -1, 2, 0, -1, 1, 0, 3, 1, 0 ], 
              [ 1, -3, 1, 2, 2, 0, 0, 1, -2, 0, 1, 1, -2, 0, 1, -1, 0, -3, -1, 0 ] ], 
          [ [ 1, 0, 0, -1, -1, 1, 1, 1, 0, 0, -1, -1, 2, 0, 0, 0, 0, 1, 0, -1 ], 
              [ 1, 0, 0, 1, 1, -1, -1, -1, 0, 0, 1, 1, -2, 0, 0, 0, 0, -1, 0, 1 ] ], 
          [ [ 1, -3, 0, 1, 0, 1, 0, -1, 3, 1, 1, 0, 0, 0, -1, 0, 1, 0, -1, -1 ], 
              [ 1, 3, 0, -1, 0, -1, 0, 1, -3, -1, -1, 0, 0, 0, 1, 0, -1, 0, 1, 1 ] ], 
          [ [ 1, 3, -1, -2, 0, -1, 0, 0, 0, -1, -2, 0, 1, 0, 1, 0, -1, 2, 1, -1 ], 
              [ 1, -3, 1, 2, 0, 1, 0, 0, 0, 1, 2, 0, -1, 0, -1, 0, 1, -2, -1, 1 ] ], 
          [ [ 1, 0, 0, -1, 1, 0, 1, 2, -2, -1, -2, 0, 1, 0, 1, 0, 0, 0, 0, -1 ], 
              [ 1, 0, 0, 1, -1, 0, -1, -2, 2, 1, 2, 0, -1, 0, -1, 0, 0, 0, 0, 1 ] ], 
          [ [ 1, 3, -1, -2, 0, -1, 0, 0, 0, -1, -1, -1, 1, -1, 1, 1, 0, 3, 1, -1 ], 
              [ 1, -3, 1, 2, 0, 1, 0, 0, 0, 1, 1, 1, -1, 1, -1, -1, 0, -3, -1, 1 ] ], 
          [ [ 1, 6, -2, -3, -1, -2, -1, -2, 2, -1, -1, -1, 1, 0, 0, 2, -1, 4, 2, 0 ], 
              [ 1, -6, 2, 3, 1, 2, 1, 2, -2, 1, 1, 1, -1, 0, 0, -2, 1, -4, -2, 0 ] ], 
          [ [ 1, 3, -1, -2, 0, -1, 0, 0, 0, -1, -1, -1, 1, 0, 1, 1, -1, 2, 1, -1 ], 
              [ 1, -3, 1, 2, 0, 1, 0, 0, 0, 1, 1, 1, -1, 0, -1, -1, 1, -2, -1, 1 ] ], 
          [ [ 1, 3, -2, -3, -1, 1, 0, 0, 1, 1, -2, -1, 3, 1, 0, 0, -2, 3, 1, -1 ], 
              [ 1, -3, 2, 3, 1, -1, 0, 0, -1, -1, 2, 1, -3, -1, 0, 0, 2, -3, -1, 1 ] ], 
          [ [ 1, -2, 0, 0, 1, 0, 0, -1, 2, 0, 0, 0, 0, 0, 0, 1, 0, 1, 0, -1 ], 
              [ 1, 2, 0, 0, -1, 0, 0, 1, -2, 0, 0, 0, 0, 0, 0, -1, 0, -1, 0, 1 ] ], 
          [ [ 1, -3, -1, 0, 1, 2, 0, 0, 2, 2, -1, 1, 1, 2, 0, -2, -1, -1, -1, -2 ], 
              [ 1, 3, 1, 0, -1, -2, 0, 0, -2, -2, 1, -1, -1, -2, 0, 2, 1, 1, 1, 2 ] ], 
          [ [ 1, -5, 0, 0, 1, 3, 1, 1, 1, 2, -1, 0, 2, 2, 0, -1, -1, -1, -1, -2 ], 
              [ 1, 5, 0, 0, -1, -3, -1, -1, -1, -2, 1, 0, -2, -2, 0, 1, 1, 1, 1, 2 ] ], 
          [ [ 1, -3, 0, 1, 2, 0, 1, -1, 1, 0, 0, 1, -1, 0, 0, 0, 0, -1, -1, -1 ], 
              [ 1, 3, 0, -1, -2, 0, -1, 1, -1, 0, 0, -1, 1, 0, 0, 0, 0, 1, 1, 1 ] ], 
          [ [ 1, -6, 1, 2, 3, 1, 2, 1, -1, 0, 0, 1, -1, 0, 1, -1, 1, -3, -2, -2 ], 
              [ 1, 6, -1, -2, -3, -1, -2, -1, 1, 0, 0, -1, 1, 0, -1, 1, -1, 3, 2, 2 ] ], 
          [ [ 1, 0, 0, 0, 1, -1, 1, 1, -1, -2, -1, 0, 0, -1, 1, 0, 1, 0, 0, -1 ], 
              [ 1, 0, 0, 0, -1, 1, -1, -1, 1, 2, 1, 0, 0, 1, -1, 0, -1, 0, 0, 1 ] ], 
          [ [ 1, 0, -1, -1, 0, 1, 1, 1, 0, 0, -2, 0, 2, 1, 0, -1, -1, 0, 0, -1 ], 
              [ 1, 0, 1, 1, 0, -1, -1, -1, 0, 0, 2, 0, -2, -1, 0, 1, 1, 0, 0, 1 ] ], 
          [ [ 1, -3, -1, 0, 1, 2, 0, 0, 2, 2, 0, 0, 1, 1, 0, -1, -1, 0, -1, -2 ], 
              [ 1, 3, 1, 0, -1, -2, 0, 0, -2, -2, 0, 0, -1, -1, 0, 1, 1, 0, 1, 2 ] ], 
          [ [ 1, 2, -1, -1, 0, -1, 0, -1, 2, -1, 0, 0, 0, -1, 0, 1, 0, 1, 0, -1 ], 
              [ 1, -2, 1, 1, 0, 1, 0, 1, -2, 1, 0, 0, 0, 1, 0, -1, 0, -1, 0, 1 ] ], 
          [ [ 1, 3, -2, -2, -1, 0, 0, -1, 2, 0, -1, -1, 2, 0, 0, 0, -1, 3, 1, -1 ], 
              [ 1, -3, 2, 2, 1, 0, 0, 1, -2, 0, 1, 1, -2, 0, 0, 0, 1, -3, -1, 1 ] ], 
          [ [ 1, -1, -1, -1, 0, 2, 1, 1, 1, 1, -1, 0, 2, 0, 0, -1, -1, 0, -1, -2 ], 
              [ 1, 1, 1, 1, 0, -2, -1, -1, -1, -1, 1, 0, -2, 0, 0, 1, 1, 0, 1, 2 ] ], 
          [ [ 1, 3, -2, -2, -1, 0, 0, -1, 2, 0, -1, -1, 2, 1, 0, 0, -1, 2, 1, -1 ], 
              [ 1, -3, 2, 2, 1, 0, 0, 1, -2, 0, 1, 1, -2, -1, 0, 0, 1, -2, -1, 1 ] ], 
          [ [ 1, 0, -1, -1, 0, 1, 1, 1, 0, 0, -1, -1, 2, 0, 0, 0, 0, 1, 0, -1 ], 
              [ 1, 0, 1, 1, 0, -1, -1, -1, 0, 0, 1, 1, -2, 0, 0, 0, 0, -1, 0, 1 ] ], 
          [ [ 1, -5, 1, 1, 1, 1, 0, 0, 1, 2, 1, 1, -1, 1, 0, 0, 0, -1, -1, -1 ], 
              [ 1, 5, -1, -1, -1, -1, 0, 0, -1, -2, -1, -1, 1, -1, 0, 0, 0, 1, 1, 1 ] ], 
          [ [ 1, -1, 0, 0, 0, 0, 0, 0, 1, 1, 0, 2, -1, 0, 0, -1, 0, -1, -1, -1 ], 
              [ 1, 1, 0, 0, 0, 0, 0, 0, -1, -1, 0, -2, 1, 0, 0, 1, 0, 1, 1, 1 ] ], 
          [ [ 1, 1, 0, -1, -1, -1, 0, -1, 1, 0, 0, 0, 0, 0, 0, 1, 0, 2, 1, 0 ], 
              [ 1, -1, 0, 1, 1, 1, 0, 1, -1, 0, 0, 0, 0, 0, 0, -1, 0, -2, -1, 0 ] ], 
          [ [ 1, -3, 1, 0, 0, 1, 1, 1, 0, 1, 0, 1, 0, 0, 0, 0, 0, -1, -1, -1 ], 
              [ 1, 3, -1, 0, 0, -1, -1, -1, 0, -1, 0, -1, 0, 0, 0, 0, 0, 1, 1, 1 ] ], 
          [ [ 1, -4, 2, 2, 2, -1, 2, 1, -2, -1, 1, 2, -3, -2, 1, 0, 2, -3, -2, -1 ], 
              [ 1, 4, -2, -2, -2, 1, -2, -1, 2, 1, -1, -2, 3, 2, -1, 0, -2, 3, 2, 1 ] ], 
          [ [ 1, 0, 0, 0, 0, -1, 0, 0, 0, 0, 0, 1, -1, 0, 0, 0, 0, 0, 0, 0 ], 
              [ 1, 0, 0, 0, 0, 1, 0, 0, 0, 0, 0, -1, 1, 0, 0, 0, 0, 0, 0, 0 ] ], 
          [ [ 1, 0, 0, 0, 0, -1, 0, 0, 0, 0, 0, 1, -1, 0, 0, 0, 1, 0, 0, 0 ], 
              [ 1, 0, 0, 0, 0, 1, 0, 0, 0, 0, 0, -1, 1, 0, 0, 0, -1, 0, 0, 0 ] ], 
          [ [ 1, -3, 1, 1, 1, 0, 1, 2, -2, 0, 0, 1, -1, 0, 1, -1, 1, -2, -1, -1 ], 
              [ 1, 3, -1, -1, -1, 0, -1, -2, 2, 0, 0, -1, 1, 0, -1, 1, -1, 2, 1, 1 ] ], 
          [ [ 1, -2, 1, 0, 0, 0, 1, 1, -1, 0, 0, 0, 0, 0, 0, 1, 1, 0, 0, 0 ], 
              [ 1, 2, -1, 0, 0, 0, -1, -1, 1, 0, 0, 0, 0, 0, 0, -1, -1, 0, 0, 0 ] ], 
          [ [ 1, -1, 0, 0, 0, 0, 0, 0, 1, 1, 1, 1, -1, -1, 0, 0, 0, 0, -1, -1 ], 
              [ 1, 1, 0, 0, 0, 0, 0, 0, -1, -1, -1, -1, 1, 1, 0, 0, 0, 0, 1, 1 ] ], 
          [ [ 1, -1, 0, 0, 0, 0, 0, 0, 1, 1, 1, 1, -1, -1, 0, 0, 1, 0, -1, -1 ], 
              [ 1, 1, 0, 0, 0, 0, 0, 0, -1, -1, -1, -1, 1, 1, 0, 0, -1, 0, 1, 1 ] ], 
          [ [ 1, 3, -1, -1, -1, -2, -1, -2, 2, 0, 1, 0, -1, 0, 0, 1, 0, 2, 1, 0 ], 
              [ 1, -3, 1, 1, 1, 2, 1, 2, -2, 0, -1, 0, 1, 0, 0, -1, 0, -2, -1, 0 ] ], 
          [ [ 1, -1, 0, 0, 0, 0, 0, 0, 1, 1, 1, 1, -1, 0, 0, 0, 0, -1, -1, -1 ], 
              [ 1, 1, 0, 0, 0, 0, 0, 0, -1, -1, -1, -1, 1, 0, 0, 0, 0, 1, 1, 1 ] ], 
          [ [ 1, 0, -1, -1, -1, 1, 0, 0, 1, 2, 0, 0, 1, 1, 0, -1, -1, 1, 0, -1 ], 
              [ 1, 0, 1, 1, 1, -1, 0, 0, -1, -2, 0, 0, -1, -1, 0, 1, 1, -1, 0, 1 ] ], 
          [ [ 1, 5, -1, -2, -2, -2, 0, -1, 1, -1, 0, 0, 0, -1, 0, 1, 0, 2, 1, 0 ], 
              [ 1, -5, 1, 2, 2, 2, 0, 1, -1, 1, 0, 0, 0, 1, 0, -1, 0, -2, -1, 0 ] ], 
          [ [ 1, 0, 0, 0, 0, -1, 0, 0, 0, 0, 1, 0, -1, -1, 0, 1, 1, 1, 0, 0 ], 
              [ 1, 0, 0, 0, 0, 1, 0, 0, 0, 0, -1, 0, 1, 1, 0, -1, -1, -1, 0, 0 ] ], 
          [ [ 1, 2, 0, -1, -1, -1, 1, 1, -1, -1, 0, 0, 0, -2, 0, 1, 1, 1, 0, 0 ], 
              [ 1, -2, 0, 1, 1, 1, -1, -1, 1, 1, 0, 0, 0, 2, 0, -1, -1, -1, 0, 0 ] ], 
          [ [ 1, -8, 2, 3, 2, 1, 1, 1, 0, 1, 1, 2, -2, 0, 0, -1, 2, -3, -2, -1 ], 
              [ 1, 8, -2, -3, -2, -1, -1, -1, 0, -1, -1, -2, 2, 0, 0, 1, -2, 3, 2, 1 ] ], 
          [ [ 1, -6, 1, 2, 1, 1, 0, -1, 3, 2, 2, 2, -2, 0, -1, 0, 1, -2, -2, -1 ], 
              [ 1, 6, -1, -2, -1, -1, 0, 1, -3, -2, -2, -2, 2, 0, 1, 0, -1, 2, 2, 1 ] ], 
          [ [ 1, -5, 0, 1, 0, 2, 0, -1, 3, 3, 1, 1, 0, 2, -1, -1, 0, -1, -1, -1 ], 
              [ 1, 5, 0, -1, 0, -2, 0, 1, -3, -3, -1, -1, 0, -2, 1, 1, 0, 1, 1, 1 ] ], 
          [ [ 1, -4, 1, 2, 1, 0, 1, 1, 0, 0, 1, 2, -2, -1, 0, -1, 2, -3, -2, -1 ], 
              [ 1, 4, -1, -2, -1, 0, -1, -1, 0, 0, -1, -2, 2, 1, 0, 1, -2, 3, 2, 1 ] ], 
          [ [ 1, -1, -1, 0, -1, 1, 0, -1, 3, 2, 1, 1, 0, 0, -1, -1, 0, 0, -1, -1 ], 
              [ 1, 1, 1, 0, 1, -1, 0, 1, -3, -2, -1, -1, 0, 0, 1, 1, 0, 0, 1, 1 ] ], 
          [ [ 1, 5, -2, -3, -1, -1, 0, 0, 0, 0, -1, 0, 1, 0, 1, 0, -2, 2, 1, -1 ], 
              [ 1, -5, 2, 3, 1, 1, 0, 0, 0, 0, 1, 0, -1, 0, -1, 0, 2, -2, -1, 1 ] ], 
          [ [ 1, 5, -1, -2, 0, -3, 0, 0, -1, -2, 0, 0, -1, -2, 1, 2, 0, 2, 1, 0 ], 
              [ 1, -5, 1, 2, 0, 3, 0, 0, 1, 2, 0, 0, 1, 2, -1, -2, 0, -2, -1, 0 ] ], 
          [ [ 1, 6, -2, -3, -1, -2, 0, 0, -1, -1, -1, -1, 1, 0, 1, 1, -1, 3, 2, 0 ], 
              [ 1, -6, 2, 3, 1, 2, 0, 0, 1, 1, 1, 1, -1, 0, -1, -1, 1, -3, -2, 0 ] ], 
          [ [ 1, -3, 1, 1, 2, -1, 1, 1, -1, -1, 0, 2, -2, -1, 1, 0, 1, -2, -1, -1 ], 
              [ 1, 3, -1, -1, -2, 1, -1, -1, 1, 1, 0, -2, 2, 1, -1, 0, -1, 2, 1, 1 ] ], 
          [ [ 1, -2, 0, 0, 1, 0, 1, 1, -1, 0, -1, 1, 0, 1, 1, -1, 0, -1, 0, -1 ], 
              [ 1, 2, 0, 0, -1, 0, -1, -1, 1, 0, 1, -1, 0, -1, -1, 1, 0, 1, 0, 1 ] ], 
          [ [ 1, 0, -1, -1, 0, 0, 0, -1, 2, 1, 0, 1, 0, 0, 0, 0, -1, 1, 0, -1 ], 
              [ 1, 0, 1, 1, 0, 0, 0, 1, -2, -1, 0, -1, 0, 0, 0, 0, 1, -1, 0, 1 ] ], 
          [ [ 1, -3, 0, 0, 1, 1, 1, 1, 0, 1, 0, 1, 0, 0, 1, -1, 0, -1, -1, -2 ], 
              [ 1, 3, 0, 0, -1, -1, -1, -1, 0, -1, 0, -1, 0, 0, -1, 1, 0, 1, 1, 2 ] ], 
          [ [ 1, 1, -2, -2, -1, 1, -1, 0, 2, 2, -1, 0, 2, 2, 0, -1, -2, 2, 1, -1 ], 
              [ 1, -1, 2, 2, 1, -1, 1, 0, -2, -2, 1, 0, -2, -2, 0, 1, 2, -2, -1, 1 ] ], 
          [ [ 1, 0, -1, -1, 0, 0, 0, -1, 2, 1, 0, 1, 0, 1, 0, 0, -1, 0, 0, -1 ], 
              [ 1, 0, 1, 1, 0, 0, 0, 1, -2, -1, 0, -1, 0, -1, 0, 0, 1, 0, 0, 1 ] ], 
          [ [ 1, 0, -1, 0, 1, -1, 0, 0, 0, 0, 0, 1, -1, 0, 1, -1, 0, 0, 0, -1 ], 
              [ 1, 0, 1, 0, -1, 1, 0, 0, 0, 0, 0, -1, 1, 0, -1, 1, 0, 0, 0, 1 ] ], 
          [ [ 1, -4, 0, 1, 2, 1, 1, 2, -1, 1, 0, 2, -1, 0, 1, -2, 0, -3, -2, -2 ], 
              [ 1, 4, 0, -1, -2, -1, -1, -2, 1, -1, 0, -2, 1, 0, -1, 2, 0, 3, 2, 2 ] ], 
          [ [ 1, 1, -1, -1, 0, -1, 0, -1, 1, 0, 0, 0, 0, 0, 0, 1, 0, 2, 1, 0 ], 
              [ 1, -1, 1, 1, 0, 1, 0, 1, -1, 0, 0, 0, 0, 0, 0, -1, 0, -2, -1, 0 ] ], 
          [ [ 1, -3, 0, 0, 1, 1, 1, 1, 0, 1, 0, 1, 0, 0, 0, 0, 0, -1, -1, -1 ], 
              [ 1, 3, 0, 0, -1, -1, -1, -1, 0, -1, 0, -1, 0, 0, 0, 0, 0, 1, 1, 1 ] ], 
          [ [ 1, -2, 0, 0, 1, 0, 1, 1, -1, 0, 0, 0, 0, 0, 1, 0, 0, 0, 0, -1 ], 
              [ 1, 2, 0, 0, -1, 0, -1, -1, 1, 0, 0, 0, 0, 0, -1, 0, 0, 0, 0, 1 ] ], 
          [ [ 1, 1, -1, -1, 0, -1, 0, -1, 1, 0, 0, 0, 0, 1, 0, 1, -1, 1, 1, 0 ], 
              [ 1, -1, 1, 1, 0, 1, 0, 1, -1, 0, 0, 0, 0, -1, 0, -1, 1, -1, -1, 0 ] ], 
          [ [ 1, 2, -1, -1, 0, -1, 1, 1, -1, -1, -1, 1, 0, -1, 1, -1, 0, 0, 0, -1 ], 
              [ 1, -2, 1, 1, 0, 1, -1, -1, 1, 1, 1, -1, 0, 1, -1, 1, 0, 0, 0, 1 ] ], 
          [ [ 1, 2, -2, -1, 0, -1, -1, -2, 3, 1, 1, 1, -1, 0, 0, 0, -1, 1, 0, -1 ], 
              [ 1, -2, 2, 1, 0, 1, 1, 2, -3, -1, -1, -1, 1, 0, 0, 0, 1, -1, 0, 1 ] ], 
          [ [ 1, 0, -1, -1, 0, 0, 0, -1, 2, 1, 1, 0, 0, 0, 0, 1, -1, 1, 0, -1 ], 
              [ 1, 0, 1, 1, 0, 0, 0, 1, -2, -1, -1, 0, 0, 0, 0, -1, 1, -1, 0, 1 ] ], 
          [ [ 1, 5, -3, -3, -2, 0, -1, 0, 2, 1, -1, 0, 2, 1, 0, -1, -2, 2, 1, -1 ], 
              [ 1, -5, 3, 3, 2, 0, 1, 0, -2, -1, 1, 0, -2, -1, 0, 1, 2, -2, -1, 1 ] ], 
          [ [ 1, 5, -2, -2, -1, -2, 0, -1, 1, -1, 0, 0, 0, -1, 0, 1, -1, 2, 1, 0 ], 
              [ 1, -5, 2, 2, 1, 2, 0, 1, -1, 1, 0, 0, 0, 1, 0, -1, 1, -2, -1, 0 ] ], 
          [ [ 1, 5, -2, -2, -1, -2, 0, -1, 1, -1, 0, 0, 0, -1, 0, 1, 0, 2, 1, 0 ], 
              [ 1, -5, 2, 2, 1, 2, 0, 1, -1, 1, 0, 0, 0, 1, 0, -1, 0, -2, -1, 0 ] ], 
          [ [ 1, 2, -1, -1, 0, -1, 1, 1, -1, -1, 0, 0, 0, -1, 1, 0, 0, 0, 0, -1 ], 
              [ 1, -2, 1, 1, 0, 1, -1, -1, 1, 1, 0, 0, 0, 1, -1, 0, 0, 0, 0, 1 ] ], 
          [ [ 1, -3, 0, 1, 1, 0, 1, 0, 1, 0, 1, 1, -1, -1, 0, 0, 1, -1, -1, -1 ], 
              [ 1, 3, 0, -1, -1, 0, -1, 0, -1, 0, -1, -1, 1, 1, 0, 0, -1, 1, 1, 1 ] ], 
          [ [ 1, -6, 1, 2, 1, 1, 1, 1, 0, 2, 2, 2, -2, 0, 0, -1, 1, -3, -2, -1 ], 
              [ 1, 6, -1, -2, -1, -1, -1, -1, 0, -2, -2, -2, 2, 0, 0, 1, -1, 3, 2, 1 ] ], 
          [ [ 1, 3, -1, -1, 0, -3, 0, -1, 0, -1, 1, 1, -2, -1, 1, 1, 0, 1, 1, 0 ], 
              [ 1, -3, 1, 1, 0, 3, 0, 1, 0, 1, -1, -1, 2, 1, -1, -1, 0, -1, -1, 0 ] ], 
          [ [ 1, -3, 0, 0, 1, 1, 0, 0, 2, 2, 0, 1, 0, 1, 0, -1, -1, -1, -1, -2 ], 
              [ 1, 3, 0, 0, -1, -1, 0, 0, -2, -2, 0, -1, 0, -1, 0, 1, 1, 1, 1, 2 ] ], 
          [ [ 1, -3, 1, 1, 2, -1, 1, -1, 1, 0, 1, 1, -2, -1, 0, 1, 1, -1, -1, -1 ], 
              [ 1, 3, -1, -1, -2, 1, -1, 1, -1, 0, -1, -1, 2, 1, 0, -1, -1, 1, 1, 1 ] ], 
          [ [ 1, -2, 0, 0, 1, 0, 0, 0, 1, 1, 0, 0, 0, 1, 0, 0, 0, 0, 0, -1 ], 
              [ 1, 2, 0, 0, -1, 0, 0, 0, -1, -1, 0, 0, 0, -1, 0, 0, 0, 0, 0, 1 ] ], 
          [ [ 1, 0, 0, -1, 0, 0, 1, 1, 0, 0, -1, 0, 1, 0, 0, 0, 0, 0, 0, -1 ], 
              [ 1, 0, 0, 1, 0, 0, -1, -1, 0, 0, 1, 0, -1, 0, 0, 0, 0, 0, 0, 1 ] ], 
          [ [ 1, 2, -1, -1, 0, -1, 0, 0, 1, 0, 0, 0, 0, -1, 0, 0, 0, 1, 0, -1 ], 
              [ 1, -2, 1, 1, 0, 1, 0, 0, -1, 0, 0, 0, 0, 1, 0, 0, 0, -1, 0, 1 ] ], 
          [ [ 1, 0, 1, 0, 0, -2, 0, 0, 0, 0, 1, 1, -2, -1, 0, 1, 1, 0, 0, 0 ], 
              [ 1, 0, -1, 0, 0, 2, 0, 0, 0, 0, -1, -1, 2, 1, 0, -1, -1, 0, 0, 0 ] ], 
          [ [ 1, 0, -1, -1, 0, 0, 0, 0, 1, 2, 0, 1, 0, 1, 0, -1, -1, 0, 0, -1 ], 
              [ 1, 0, 1, 1, 0, 0, 0, 0, -1, -2, 0, -1, 0, -1, 0, 1, 1, 0, 0, 1 ] ], 
          [ [ 1, 0, 0, -1, 0, 1, 0, 0, 0, 0, -1, 0, 1, 0, 0, 1, 0, 1, 0, -1 ], 
              [ 1, 0, 0, 1, 0, -1, 0, 0, 0, 0, 1, 0, -1, 0, 0, -1, 0, -1, 0, 1 ] ], 
          [ [ 1, 5, -2, -3, -2, 1, 0, 0, 0, 0, -2, -1, 3, 0, 0, 0, -1, 3, 1, -1 ], 
              [ 1, -5, 2, 3, 2, -1, 0, 0, 0, 0, 2, 1, -3, 0, 0, 0, 1, -3, -1, 1 ] ], 
          [ [ 1, -9, 2, 3, 3, 3, 2, 1, -1, 1, 0, 2, -1, 0, 0, -1, 1, -4, -3, -2 ], 
              [ 1, 9, -2, -3, -3, -3, -2, -1, 1, -1, 0, -2, 1, 0, 0, 1, -1, 4, 3, 2 ] ], 
          [ [ 1, -6, 1, 2, 2, 2, 1, -1, 1, 1, 1, 1, -1, 0, 0, 0, 1, -2, -2, -2 ], 
              [ 1, 6, -1, -2, -2, -2, -1, 1, -1, -1, -1, -1, 1, 0, 0, 0, -1, 2, 2, 2 ] ], 
          [ [ 1, 0, 0, 0, 0, 0, 0, -1, 1, -1, 0, 0, 0, -1, 0, 1, 1, 1, 0, -1 ], 
              [ 1, 0, 0, 0, 0, 0, 0, 1, -1, 1, 0, 0, 0, 1, 0, -1, -1, -1, 0, 1 ] ], 
          [ [ 1, -3, 0, 0, 0, 3, 1, 1, 0, 1, -1, 0, 2, 0, 0, -1, 0, 0, -1, -2 ], 
              [ 1, 3, 0, 0, 0, -3, -1, -1, 0, -1, 1, 0, -2, 0, 0, 1, 0, 0, 1, 2 ] ], 
          [ [ 1, 0, -1, -1, -1, 2, 0, -1, 2, 1, -1, 0, 2, 1, -1, 0, -1, 1, 0, -1 ], 
              [ 1, 0, 1, 1, 1, -2, 0, 1, -2, -1, 1, 0, -2, -1, 1, 0, 1, -1, 0, 1 ] ], 
          [ [ 1, -3, 0, 0, 0, 3, 1, 1, 0, 1, -1, 0, 2, 1, 0, -1, 0, -1, -1, -2 ], 
              [ 1, 3, 0, 0, 0, -3, -1, -1, 0, -1, 1, 0, -2, -1, 0, 1, 0, 1, 1, 2 ] ], 
          [ [ 1, -1, 0, 1, 1, 0, 1, -1, 0, -1, 0, 1, -1, -1, 0, 0, 1, -1, -1, -1 ], 
              [ 1, 1, 0, -1, -1, 0, -1, 1, 0, 1, 0, -1, 1, 1, 0, 0, -1, 1, 1, 1 ] ], 
          [ [ 1, -3, 1, 1, 1, 1, 2, 0, -1, -1, 0, 0, 0, -1, 0, 1, 1, -1, -1, -1 ], 
              [ 1, 3, -1, -1, -1, -1, -2, 0, 1, 1, 0, 0, 0, 1, 0, -1, -1, 1, 1, 1 ] ], 
          [ [ 1, -1, -1, 0, 0, 2, 0, 0, 1, 1, 0, 0, 1, 0, 0, -1, 0, 0, -1, -2 ], 
              [ 1, 1, 1, 0, 0, -2, 0, 0, -1, -1, 0, 0, -1, 0, 0, 1, 0, 0, 1, 2 ] ], 
          [ [ 1, 0, -1, -1, -1, 2, 0, -1, 2, 1, 0, -1, 2, 0, -1, 1, 0, 2, 0, -1 ], 
              [ 1, 0, 1, 1, 1, -2, 0, 1, -2, -1, 0, 1, -2, 0, 1, -1, 0, -2, 0, 1 ] ], 
          [ [ 1, 0, -1, -1, 1, 1, 0, 0, 0, 0, -1, 0, 1, 0, 1, 0, -1, 1, 0, -2 ], 
              [ 1, 0, 1, 1, -1, -1, 0, 0, 0, 0, 1, 0, -1, 0, -1, 0, 1, -1, 0, 2 ] ], 
          [ [ 1, 3, -1, -2, 0, 0, 1, 1, -2, -2, -2, -1, 2, -1, 1, 1, 0, 2, 1, -1 ], 
              [ 1, -3, 1, 2, 0, 0, -1, -1, 2, 2, 2, 1, -2, 1, -1, -1, 0, -2, -1, 1 ] ], 
          [ [ 1, 0, -2, -1, 0, 2, 0, -1, 2, 1, -1, 0, 2, 1, 0, -1, -1, 1, 0, -2 ], 
              [ 1, 0, 2, 1, 0, -2, 0, 1, -2, -1, 1, 0, -2, -1, 0, 1, 1, -1, 0, 2 ] ], 
          [ [ 1, -3, -1, 0, 1, 3, 1, 1, 0, 1, -1, 0, 2, 1, 0, -1, -1, -1, -1, -2 ], 
              [ 1, 3, 1, 0, -1, -3, -1, -1, 0, -1, 1, 0, -2, -1, 0, 1, 1, 1, 1, 2 ] ], 
          [ [ 1, -3, 1, 1, 0, 1, 0, 0, 0, 1, 1, 1, -1, 0, 0, 0, 1, -1, -1, -1 ], 
              [ 1, 3, -1, -1, 0, -1, 0, 0, 0, -1, -1, -1, 1, 0, 0, 0, -1, 1, 1, 1 ] ], 
          [ [ 1, 3, -1, -2, -1, 0, 0, 0, -1, 0, -1, 0, 1, 0, 1, 0, -1, 2, 1, -1 ], 
              [ 1, -3, 1, 2, 1, 0, 0, 0, 1, 0, 1, 0, -1, 0, -1, 0, 1, -2, -1, 1 ] ], 
          [ [ 1, 3, 0, -1, 0, -2, 0, 0, -2, -2, 0, 0, -1, -2, 1, 2, 1, 2, 1, 0 ], 
              [ 1, -3, 0, 1, 0, 2, 0, 0, 2, 2, 0, 0, 1, 2, -1, -2, -1, -2, -1, 0 ] ], 
          [ [ 1, 3, -1, -2, -1, 0, 0, 0, -1, 0, -1, 0, 1, 0, 0, 1, -1, 2, 1, 0 ], 
              [ 1, -3, 1, 2, 1, 0, 0, 0, 1, 0, 1, 0, -1, 0, 0, -1, 1, -2, -1, 0 ] ], 
          [ [ 1, 0, 0, -1, 0, 1, 1, 2, -3, 0, -1, 0, 1, 0, 1, 0, 0, 0, 0, -1 ], 
              [ 1, 0, 0, 1, 0, -1, -1, -2, 3, 0, 1, 0, -1, 0, -1, 0, 0, 0, 0, 1 ] ], 
          [ [ 1, 6, -2, -3, -2, -1, -1, -2, 1, 0, 0, -1, 1, 0, 0, 2, -1, 4, 2, 0 ], 
              [ 1, -6, 2, 3, 2, 1, 1, 2, -1, 0, 0, 1, -1, 0, 0, -2, 1, -4, -2, 0 ] ], 
          [ [ 1, -2, 0, 0, 0, 1, 0, -1, 1, 1, 0, 1, 0, 1, 0, 0, 0, 0, 0, -1 ], 
              [ 1, 2, 0, 0, 0, -1, 0, 1, -1, -1, 0, -1, 0, -1, 0, 0, 0, 0, 0, 1 ] ], 
          [ [ 1, -6, 1, 2, 2, 2, 1, 2, -2, 1, 0, 2, -1, 0, 1, -2, 1, -3, -2, -2 ], 
              [ 1, 6, -1, -2, -2, -2, -1, -2, 2, -1, 0, -2, 1, 0, -1, 2, -1, 3, 2, 2 ] ], 
          [ [ 1, -3, 0, 1, 1, 1, 0, 0, 0, 1, 0, 2, -1, 1, 0, -1, 0, -2, -1, -1 ], 
              [ 1, 3, 0, -1, -1, -1, 0, 0, 0, -1, 0, -2, 1, -1, 0, 1, 0, 2, 1, 1 ] ], 
          [ [ 1, -5, 1, 1, 1, 2, 1, 1, -1, 1, 0, 1, 0, 0, 0, 0, 1, -1, -1, -1 ], 
              [ 1, 5, -1, -1, -1, -2, -1, -1, 1, -1, 0, -1, 0, 0, 0, 0, -1, 1, 1, 1 ] ], 
          [ [ 1, -5, 1, 1, 1, 2, 1, 1, -1, 1, 0, 1, 0, 1, 0, 0, 0, -2, -1, -1 ], 
              [ 1, 5, -1, -1, -1, -2, -1, -1, 1, -1, 0, -1, 0, -1, 0, 0, 0, 2, 1, 1 ] ], 
          [ [ 1, -6, 2, 3, 3, 0, 2, 1, -3, -1, 1, 2, -3, -1, 1, 0, 2, -4, -2, -1 ], 
              [ 1, 6, -2, -3, -3, 0, -2, -1, 3, 1, -1, -2, 3, 1, -1, 0, -2, 4, 2, 1 ] ], 
          [ [ 1, 0, -1, 0, 0, 0, -1, -2, 2, 1, 1, 1, -1, 0, 0, 0, 0, 1, 0, -1 ], 
              [ 1, 0, 1, 0, 0, 0, 1, 2, -2, -1, -1, -1, 1, 0, 0, 0, 0, -1, 0, 1 ] ], 
          [ [ 1, -4, 0, 1, 1, 2, 0, 0, 1, 2, 1, 2, -1, 0, 0, -1, 0, -2, -2, -2 ], 
              [ 1, 4, 0, -1, -1, -2, 0, 0, -1, -2, -1, -2, 1, 0, 0, 1, 0, 2, 2, 2 ] ], 
          [ [ 1, -2, 0, 0, 0, 1, 0, -1, 1, 1, 1, 0, 0, 0, 0, 1, 0, 1, 0, -1 ], 
              [ 1, 2, 0, 0, 0, -1, 0, 1, -1, -1, -1, 0, 0, 0, 0, -1, 0, -1, 0, 1 ] ], 
          [ [ 1, -3, -1, 0, 0, 3, 0, 0, 1, 3, 0, 1, 1, 2, 0, -2, -1, -1, -1, -2 ], 
              [ 1, 3, 1, 0, 0, -3, 0, 0, -1, -3, 0, -1, -1, -2, 0, 2, 1, 1, 1, 2 ] ], 
          [ [ 1, 2, -1, -1, -1, 0, 0, -1, 1, 0, 0, 1, 0, -1, 0, 0, 0, 1, 0, -1 ], 
              [ 1, -2, 1, 1, 1, 0, 0, 1, -1, 0, 0, -1, 0, 1, 0, 0, 0, -1, 0, 1 ] ], 
          [ [ 1, 3, -2, -2, -2, 1, -1, 0, 1, 1, -1, 0, 2, 1, 0, -1, -1, 2, 1, -1 ], 
              [ 1, -3, 2, 2, 2, -1, 1, 0, -1, -1, 1, 0, -2, -1, 0, 1, 1, -2, -1, 1 ] ], 
          [ [ 1, -3, 0, 1, 1, 1, 0, 0, 0, 1, 1, 1, -1, 0, 0, 0, 0, -1, -1, -1 ], 
              [ 1, 3, 0, -1, -1, -1, 0, 0, 0, -1, -1, -1, 1, 0, 0, 0, 0, 1, 1, 1 ] ], 
          [ [ 1, -3, 0, 1, 1, 1, 0, 0, 0, 1, 1, 1, -1, 0, 0, 0, 1, -1, -1, -1 ], 
              [ 1, 3, 0, -1, -1, -1, 0, 0, 0, -1, -1, -1, 1, 0, 0, 0, -1, 1, 1, 1 ] ], 
          [ [ 1, -3, 0, 1, 1, 1, 1, -1, 0, 1, 1, 1, -1, 0, 0, 0, 0, -1, -1, -1 ], 
              [ 1, 3, 0, -1, -1, -1, -1, 1, 0, -1, -1, -1, 1, 0, 0, 0, 0, 1, 1, 1 ] ], 
          [ [ 1, 3, -1, -1, -1, -1, 0, -1, 0, -1, 0, 0, 0, -1, 0, 1, 0, 2, 1, 0 ], 
              [ 1, -3, 1, 1, 1, 1, 0, 1, 0, 1, 0, 0, 0, 1, 0, -1, 0, -2, -1, 0 ] ], 
          [ [ 1, -1, 0, 0, 0, 1, 1, 1, -1, 0, 0, 1, 0, -1, 0, 0, 0, -1, -1, -1 ], 
              [ 1, 1, 0, 0, 0, -1, -1, -1, 1, 0, 0, -1, 0, 1, 0, 0, 0, 1, 1, 1 ] ], 
          [ [ 1, 3, -1, -1, -1, -1, 0, -1, 0, -1, 0, 0, 0, -1, 0, 1, 1, 2, 1, 0 ], 
              [ 1, -3, 1, 1, 1, 1, 0, 1, 0, 1, 0, 0, 0, 1, 0, -1, -1, -2, -1, 0 ] ], 
          [ [ 1, -1, 0, 0, 0, 1, 1, 1, -1, 0, 0, 1, 0, -1, 0, 0, 1, -1, -1, -1 ], 
              [ 1, 1, 0, 0, 0, -1, -1, -1, 1, 0, 0, -1, 0, 1, 0, 0, -1, 1, 1, 1 ] ], 
          [ [ 1, 0, 0, 0, 0, 0, 1, 1, -2, -1, 0, 0, 0, -1, 1, 0, 1, 0, 0, -1 ], 
              [ 1, 0, 0, 0, 0, 0, -1, -1, 2, 1, 0, 0, 0, 1, -1, 0, -1, 0, 0, 1 ] ], 
          [ [ 1, 3, -1, -1, -1, -1, 0, -1, 0, -1, 0, 0, 0, 0, 0, 1, 0, 1, 1, 0 ], 
              [ 1, -3, 1, 1, 1, 1, 0, 1, 0, 1, 0, 0, 0, 0, 0, -1, 0, -1, -1, 0 ] ], 
          [ [ 1, 0, -1, -1, -1, 2, 1, 1, -1, 1, -1, 0, 2, 1, 0, -1, -1, 0, 0, -1 ], 
              [ 1, 0, 1, 1, 1, -2, -1, -1, 1, -1, 1, 0, -2, -1, 0, 1, 1, 0, 0, 1 ] ], 
          [ [ 1, 0, 0, 0, 0, 0, 1, 1, -2, -1, 0, 0, 0, -1, 0, 1, 1, 0, 0, 0 ], 
              [ 1, 0, 0, 0, 0, 0, -1, -1, 2, 1, 0, 0, 0, 1, 0, -1, -1, 0, 0, 0 ] ], 
          [ [ 1, 2, -1, -1, -1, 0, 0, -1, 1, 0, 1, 0, 0, -1, 0, 1, 0, 1, 0, -1 ], 
              [ 1, -2, 1, 1, 1, 0, 0, 1, -1, 0, -1, 0, 0, 1, 0, -1, 0, -1, 0, 1 ] ], 
          [ [ 1, -3, -1, 1, 0, 2, 0, -1, 2, 2, 1, 1, 0, 1, -1, -1, 0, -1, -1, -1 ], 
              [ 1, 3, 1, -1, 0, -2, 0, 1, -2, -2, -1, -1, 0, -1, 1, 1, 0, 1, 1, 1 ] ], 
          [ [ 1, 3, -2, -2, 0, 0, 0, 0, -1, 0, -1, 0, 1, 0, 1, 0, -1, 2, 1, -1 ], 
              [ 1, -3, 2, 2, 0, 0, 0, 0, 1, 0, 1, 0, -1, 0, -1, 0, 1, -2, -1, 1 ] ], 
          [ [ 1, 3, -2, -2, 0, 0, 0, 0, -1, 0, -1, 0, 1, 1, 1, 0, -2, 1, 1, -1 ], 
              [ 1, -3, 2, 2, 0, 0, 0, 0, 1, 0, 1, 0, -1, -1, -1, 0, 2, -1, -1, 1 ] ], 
          [ [ 1, -2, -1, 0, 1, 1, 0, -1, 1, 1, 0, 1, 0, 1, 0, 0, -1, 0, 0, -1 ], 
              [ 1, 2, 1, 0, -1, -1, 0, 1, -1, -1, 0, -1, 0, -1, 0, 0, 1, 0, 0, 1 ] ], 
          [ [ 1, -5, 0, 1, 2, 2, 1, 1, -1, 1, 0, 1, 0, 1, 1, -1, 0, -2, -1, -2 ], 
              [ 1, 5, 0, -1, -2, -2, -1, -1, 1, -1, 0, -1, 0, -1, -1, 1, 0, 2, 1, 2 ] ], 
          [ [ 1, 0, -1, 0, 1, 0, 1, 1, -2, -1, -1, 1, 0, 0, 1, -1, 0, -1, 0, -1 ], 
              [ 1, 0, 1, 0, -1, 0, -1, -1, 2, 1, 1, -1, 0, 0, -1, 1, 0, 1, 0, 1 ] ], 
          [ [ 1, -1, -1, 0, 1, 1, 1, 1, -1, 0, 0, 1, 0, -1, 1, -1, 0, -1, -1, -2 ], 
              [ 1, 1, 1, 0, -1, -1, -1, -1, 1, 0, 0, -1, 0, 1, -1, 1, 0, 1, 1, 2 ] ], 
          [ [ 1, 2, -2, -1, 0, 0, 0, -1, 1, 0, 0, 1, 0, 0, 0, 0, -1, 0, 0, -1 ], 
              [ 1, -2, 2, 1, 0, 0, 0, 1, -1, 0, 0, -1, 0, 0, 0, 0, 1, 0, 0, 1 ] ], 
          [ [ 1, -3, 1, 1, 1, 0, 1, 1, -2, 0, 1, 2, -2, -1, 1, 0, 1, -2, -1, -1 ], 
              [ 1, 3, -1, -1, -1, 0, -1, -1, 2, 0, -1, -2, 2, 1, -1, 0, -1, 2, 1, 1 ] ], 
          [ [ 1, -3, 1, 0, 1, 2, 1, 0, 0, 1, -1, 0, 1, 0, 0, 0, 0, 0, -1, -2 ], 
              [ 1, 3, -1, 0, -1, -2, -1, 0, 0, -1, 1, 0, -1, 0, 0, 0, 0, 0, 1, 2 ] ], 
          [ [ 1, 2, 0, -1, 0, 0, 1, 0, -1, -1, -1, -1, 1, -1, 0, 1, 0, 1, 0, -1 ], 
              [ 1, -2, 0, 1, 0, 0, -1, 0, 1, 1, 1, 1, -1, 1, 0, -1, 0, -1, 0, 1 ] ], 
          [ [ 1, -6, 2, 2, 2, 2, 2, 1, -1, 0, -1, 1, 0, 0, 0, -1, 1, -3, -2, -2 ], 
              [ 1, 6, -2, -2, -2, -2, -2, -1, 1, 0, 1, -1, 0, 0, 0, 1, -1, 3, 2, 2 ] ], 
          [ [ 1, -3, 0, 0, 0, 3, 0, 0, 2, 2, -1, 0, 2, 1, -1, -1, 0, 0, -1, -2 ], 
              [ 1, 3, 0, 0, 0, -3, 0, 0, -2, -2, 1, 0, -2, -1, 1, 1, 0, 0, 1, 2 ] ], 
          [ [ 1, -3, 1, 1, 1, 1, 1, -1, 1, 0, 0, 0, 0, -1, -1, 1, 1, 0, -1, -1 ], 
              [ 1, 3, -1, -1, -1, -1, -1, 1, -1, 0, 0, 0, 0, 1, 1, -1, -1, 0, 1, 1 ] ], 
          [ [ 1, -6, 2, 2, 2, 2, 2, 1, -1, 0, 0, 0, 0, -1, 0, 0, 2, -2, -2, -2 ], 
              [ 1, 6, -2, -2, -2, -2, -2, -1, 1, 0, 0, 0, 0, 1, 0, 0, -2, 2, 2, 2 ] ], 
          [ [ 1, -3, 1, 1, 1, 1, 1, -1, 1, 0, 0, 0, 0, 0, -1, 1, 1, -1, -1, -1 ], 
              [ 1, 3, -1, -1, -1, -1, -1, 1, -1, 0, 0, 0, 0, 0, 1, -1, -1, 1, 1, 1 ] ], 
          [ [ 1, -6, 1, 1, 1, 4, 2, 1, 0, 2, -1, 0, 2, 1, -1, -1, 0, -2, -2, -2 ], 
              [ 1, 6, -1, -1, -1, -4, -2, -1, 0, -2, 1, 0, -2, -1, 1, 1, 0, 2, 2, 2 ] ], 
          [ [ 1, -3, 0, 0, 2, 2, 1, 0, 0, 1, -1, 0, 1, 1, 0, 0, -1, -1, -1, -2 ], 
              [ 1, 3, 0, 0, -2, -2, -1, 0, 0, -1, 1, 0, -1, -1, 0, 0, 1, 1, 1, 2 ] ], 
          [ [ 1, 3, -1, -2, 0, 0, 0, 0, 0, -1, -2, -1, 2, 0, 0, 1, -1, 2, 1, -1 ], 
              [ 1, -3, 1, 2, 0, 0, 0, 0, 0, 1, 2, 1, -2, 0, 0, -1, 1, -2, -1, 1 ] ], 
          [ [ 1, 3, -1, -2, 0, 0, 1, -1, 0, -1, -2, -1, 2, 0, 0, 1, -1, 2, 1, -1 ], 
              [ 1, -3, 1, 2, 0, 0, -1, 1, 0, 1, 2, 1, -2, 0, 0, -1, 1, -2, -1, 1 ] ], 
          [ [ 1, 3, -2, -3, -1, 2, 0, 0, 1, 1, -2, -2, 4, 1, 0, 0, -2, 3, 1, -2 ], 
              [ 1, -3, 2, 3, 1, -2, 0, 0, -1, -1, 2, 2, -4, -1, 0, 0, 2, -3, -1, 2 ] ], 
          [ [ 1, -6, 1, 2, 3, 2, 2, 1, -1, 0, -1, 1, 0, 0, 0, -1, 1, -3, -2, -2 ], 
              [ 1, 6, -1, -2, -3, -2, -2, -1, 1, 0, 1, -1, 0, 0, 0, 1, -1, 3, 2, 2 ] ], 
          [ [ 1, -3, 0, 1, 2, 1, 1, -1, 1, 0, 0, 0, 0, 0, 0, 0, 0, -1, -1, -2 ], 
              [ 1, 3, 0, -1, -2, -1, -1, 1, -1, 0, 0, 0, 0, 0, 0, 0, 0, 1, 1, 2 ] ], 
          [ [ 1, -6, 2, 2, 1, 2, 1, 0, 0, 2, 1, 1, -1, 0, -1, 0, 1, -2, -2, -1 ], 
              [ 1, 6, -2, -2, -1, -2, -1, 0, 0, -2, -1, -1, 1, 0, 1, 0, -1, 2, 2, 1 ] ], 
          [ [ 1, -3, 2, 1, 2, 0, 2, 2, -4, -1, -1, 1, -1, -1, 1, 0, 1, -2, -1, -1 ], 
              [ 1, 3, -2, -1, -2, 0, -2, -2, 4, 1, 1, -1, 1, 1, -1, 0, -1, 2, 1, 1 ] ], 
          [ [ 1, 3, -1, -2, -1, 0, -1, -1, 1, 1, -1, 0, 1, 1, 0, 0, -1, 2, 1, -1 ], 
              [ 1, -3, 1, 2, 1, 0, 1, 1, -1, -1, 1, 0, -1, -1, 0, 0, 1, -2, -1, 1 ] ], 
          [ [ 1, 1, 0, -2, -1, 1, 0, 0, 0, 1, -1, -1, 2, 1, 0, 1, -1, 2, 1, -1 ], 
              [ 1, -1, 0, 2, 1, -1, 0, 0, 0, -1, 1, 1, -2, -1, 0, -1, 1, -2, -1, 1 ] ], 
          [ [ 1, 3, 0, -1, 0, -2, 0, -2, 0, -1, 0, 0, -1, -1, 0, 2, 0, 2, 1, 0 ], 
              [ 1, -3, 0, 1, 0, 2, 0, 2, 0, 1, 0, 0, 1, 1, 0, -2, 0, -2, -1, 0 ] ], 
          [ [ 1, -1, 1, 0, 1, 0, 1, 0, -1, 0, 0, 1, -1, -1, 0, 1, 0, -1, -1, -1 ], 
              [ 1, 1, -1, 0, -1, 0, -1, 0, 1, 0, 0, -1, 1, 1, 0, -1, 0, 1, 1, 1 ] ], 
          [ [ 1, 0, 0, -1, 0, 1, 0, 1, -1, 1, -1, 0, 1, 0, 0, 0, 0, 1, 0, -1 ], 
              [ 1, 0, 0, 1, 0, -1, 0, -1, 1, -1, 1, 0, -1, 0, 0, 0, 0, -1, 0, 1 ] ], 
          [ [ 1, 0, 1, 0, 1, -1, 1, 0, -2, -1, 0, 0, -1, -1, 1, 1, 1, 0, 0, -1 ], 
              [ 1, 0, -1, 0, -1, 1, -1, 0, 2, 1, 0, 0, 1, 1, -1, -1, -1, 0, 0, 1 ] ], 
          [ [ 1, 0, 0, -1, 0, 1, 0, 1, -1, 1, -1, 0, 1, 1, 0, 0, -1, 0, 0, -1 ], 
              [ 1, 0, 0, 1, 0, -1, 0, -1, 1, -1, 1, 0, -1, -1, 0, 0, 1, 0, 0, 1 ] ], 
          [ [ 1, 0, 0, -1, 0, 1, 1, 0, -1, 1, -1, 0, 1, 1, 0, 0, -1, 0, 0, -1 ], 
              [ 1, 0, 0, 1, 0, -1, -1, 0, 1, -1, 1, 0, -1, -1, 0, 0, 1, 0, 0, 1 ] ], 
          [ [ 1, 6, -1, -3, -2, -1, 0, 0, -1, -1, -2, -1, 2, 0, 0, 1, -1, 3, 2, 0 ], 
              [ 1, -6, 1, 3, 2, 1, 0, 0, 1, 1, 2, 1, -2, 0, 0, -1, 1, -3, -2, 0 ] ], 
          [ [ 1, 0, 1, 0, 1, -1, 1, 0, -2, -1, 0, 0, -1, -1, 0, 2, 1, 0, 0, 0 ], 
              [ 1, 0, -1, 0, -1, 1, -1, 0, 2, 1, 0, 0, 1, 1, 0, -2, -1, 0, 0, 0 ] ], 
          [ [ 1, 3, -1, -2, -1, 0, -1, -1, 1, 1, 0, -1, 1, 0, 0, 1, -1, 3, 1, -1 ], 
              [ 1, -3, 1, 2, 1, 0, 1, 1, -1, -1, 0, 1, -1, 0, 0, -1, 1, -3, -1, 1 ] ], 
          [ [ 1, 5, -1, -3, -2, 0, 0, 0, 0, 0, -1, -1, 2, -1, 0, 1, -1, 3, 1, -1 ], 
              [ 1, -5, 1, 3, 2, 0, 0, 0, 0, 0, 1, 1, -2, 1, 0, -1, 1, -3, -1, 1 ] ], 
          [ [ 1, 6, -1, -3, -2, -1, 0, 0, -1, -1, -1, -2, 2, -1, 0, 2, 0, 4, 2, 0 ], 
              [ 1, -6, 1, 3, 2, 1, 0, 0, 1, 1, 1, 2, -2, 1, 0, -2, 0, -4, -2, 0 ] ], 
          [ [ 1, -8, 3, 3, 3, 1, 2, 1, -2, 0, 0, 2, -2, 0, 0, 0, 2, -4, -2, -1 ], 
              [ 1, 8, -3, -3, -3, -1, -2, -1, 2, 0, 0, -2, 2, 0, 0, 0, -2, 4, 2, 1 ] ], 
          [ [ 1, -5, 1, 1, 1, 2, 0, 0, 1, 2, 0, 1, 0, 1, 0, -1, 0, -1, -1, -2 ], 
              [ 1, 5, -1, -1, -1, -2, 0, 0, -1, -2, 0, -1, 0, -1, 0, 1, 0, 1, 1, 2 ] ], 
          [ [ 1, -5, 2, 2, 2, 0, 1, -1, 0, 0, 1, 1, -2, -1, 0, 1, 2, -1, -1, -1 ], 
              [ 1, 5, -2, -2, -2, 0, -1, 1, 0, 0, -1, -1, 2, 1, 0, -1, -2, 1, 1, 1 ] ], 
          [ [ 1, -9, 3, 3, 3, 2, 2, 1, -1, 1, 1, 2, -2, -1, 0, 0, 2, -4, -3, -2 ], 
              [ 1, 9, -3, -3, -3, -2, -2, -1, 1, -1, -1, -2, 2, 1, 0, 0, -2, 4, 3, 2 ] ], 
          [ [ 1, -5, 1, 1, 1, 2, 0, 0, 1, 2, 0, 1, 0, 1, -1, 0, 0, -1, -1, -1 ], 
              [ 1, 5, -1, -1, -1, -2, 0, 0, -1, -2, 0, -1, 0, -1, 1, 0, 0, 1, 1, 1 ] ], 
          [ [ 1, -5, 2, 2, 2, 0, 1, -1, 0, 0, 1, 1, -2, 0, 0, 1, 1, -2, -1, -1 ], 
              [ 1, 5, -2, -2, -2, 0, -1, 1, 0, 0, -1, -1, 2, 0, 0, -1, -1, 2, 1, 1 ] ], 
          [ [ 1, -8, 2, 2, 2, 3, 1, 2, -1, 2, 0, 1, 0, 1, 0, -1, 1, -3, -2, -2 ], 
              [ 1, 8, -2, -2, -2, -3, -1, -2, 1, -2, 0, -1, 0, -1, 0, 1, -1, 3, 2, 2 ] ], 
          [ [ 1, -6, 1, 2, 2, 2, 1, 0, 0, 2, 0, 2, -1, 1, 0, -2, 0, -3, -2, -2 ], 
              [ 1, 6, -1, -2, -2, -2, -1, 0, 0, -2, 0, -2, 1, -1, 0, 2, 0, 3, 2, 2 ] ], 
          [ [ 1, -5, 1, 1, 1, 2, 1, -1, 1, 2, 0, 1, 0, 1, -1, 0, 0, -1, -1, -1 ], 
              [ 1, 5, -1, -1, -1, -2, -1, 1, -1, -2, 0, -1, 0, -1, 1, 0, 0, 1, 1, 1 ] ], 
          [ [ 1, -8, 2, 2, 2, 3, 2, 1, -1, 2, 0, 1, 0, 1, 0, -1, 0, -3, -2, -2 ], 
              [ 1, 8, -2, -2, -2, -3, -2, -1, 1, -2, 0, -1, 0, -1, 0, 1, 0, 3, 2, 2 ] ], 
          [ [ 1, -8, 2, 2, 2, 3, 2, 1, -1, 2, 0, 1, 0, 1, 0, -1, 1, -3, -2, -2 ], 
              [ 1, 8, -2, -2, -2, -3, -2, -1, 1, -2, 0, -1, 0, -1, 0, 1, -1, 3, 2, 2 ] ], 
          [ [ 1, -2, 1, 0, 0, 1, 1, 1, -1, 0, -1, 0, 1, 0, 0, 0, 1, 0, 0, -1 ], 
              [ 1, 2, -1, 0, 0, -1, -1, -1, 1, 0, 1, 0, -1, 0, 0, 0, -1, 0, 0, 1 ] ], 
          [ [ 1, -6, 2, 3, 3, 0, 1, 0, -1, 0, 1, 2, -3, -1, 0, 0, 2, -3, -2, -1 ], 
              [ 1, 6, -2, -3, -3, 0, -1, 0, 1, 0, -1, -2, 3, 1, 0, 0, -2, 3, 2, 1 ] ], 
          [ [ 1, -8, 3, 3, 3, 1, 2, 1, -2, 0, 1, 1, -2, -1, 0, 1, 2, -3, -2, -1 ], 
              [ 1, 8, -3, -3, -3, -1, -2, -1, 2, 0, -1, -1, 2, 1, 0, -1, -2, 3, 2, 1 ] ], 
          [ [ 1, -9, 2, 3, 3, 3, 2, 2, -2, 2, 0, 2, -1, 1, 0, -2, 1, -5, -3, -2 ], 
              [ 1, 9, -2, -3, -3, -3, -2, -2, 2, -2, 0, -2, 1, -1, 0, 2, -1, 5, 3, 2 ] ], 
          [ [ 1, -4, 2, 2, 2, 0, 2, 1, -2, -1, 0, 2, -2, -2, 0, 0, 2, -3, -2, -1 ], 
              [ 1, 4, -2, -2, -2, 0, -2, -1, 2, 1, 0, -2, 2, 2, 0, 0, -2, 3, 2, 1 ] ], 
          [ [ 1, -3, 1, 1, 1, 1, 1, 2, -2, 0, -1, 1, 0, 0, 0, -1, 1, -2, -1, -1 ], 
              [ 1, 3, -1, -1, -1, -1, -1, -2, 2, 0, 1, -1, 0, 0, 0, 1, -1, 2, 1, 1 ] ], 
          [ [ 1, -3, 1, 1, 1, 1, 2, 1, -2, 0, -1, 1, 0, 0, 0, -1, 1, -2, -1, -1 ], 
              [ 1, 3, -1, -1, -1, -1, -2, -1, 2, 0, 1, -1, 0, 0, 0, 1, -1, 2, 1, 1 ] ], 
          [ [ 1, -2, 0, 0, 0, 1, -1, -2, 3, 2, 1, 0, 0, 1, -1, 1, 0, 1, 0, -1 ], 
              [ 1, 2, 0, 0, 0, -1, 1, 2, -3, -2, -1, 0, 0, -1, 1, -1, 0, -1, 0, 1 ] ], 
          [ [ 1, -5, 0, 0, 0, 4, 0, 0, 2, 4, 0, 0, 2, 2, -1, -1, -1, 0, -1, -2 ], 
              [ 1, 5, 0, 0, 0, -4, 0, 0, -2, -4, 0, 0, -2, -2, 1, 1, 1, 0, 1, 2 ] ], 
          [ [ 1, -1, 0, 0, 0, 1, 0, 0, 1, 1, 0, 1, 0, 0, 0, -1, 0, -1, -1, -2 ], 
              [ 1, 1, 0, 0, 0, -1, 0, 0, -1, -1, 0, -1, 0, 0, 0, 1, 0, 1, 1, 2 ] ], 
          [ [ 1, 0, 0, -1, -1, 1, 0, -1, 2, 1, 0, 0, 1, 0, -1, 1, 0, 1, 0, -1 ], 
              [ 1, 0, 0, 1, 1, -1, 0, 1, -2, -1, 0, 0, -1, 0, 1, -1, 0, -1, 0, 1 ] ], 
          [ [ 1, -6, 1, 2, 2, 2, 1, 0, 0, 2, 1, 1, -1, 0, 0, -1, 1, -2, -2, -2 ], 
              [ 1, 6, -1, -2, -2, -2, -1, 0, 0, -2, -1, -1, 1, 0, 0, 1, -1, 2, 2, 2 ] ], 
          [ [ 1, -3, 0, 1, 1, 1, 0, -2, 2, 2, 1, 1, -1, 1, -1, 0, 0, -1, -1, -1 ], 
              [ 1, 3, 0, -1, -1, -1, 0, 2, -2, -2, -1, -1, 1, -1, 1, 0, 0, 1, 1, 1 ] ], 
          [ [ 1, -6, 1, 2, 2, 2, 1, 0, 0, 2, 1, 1, -1, 1, 0, -1, 0, -3, -2, -2 ], 
              [ 1, 6, -1, -2, -2, -2, -1, 0, 0, -2, -1, -1, 1, -1, 0, 1, 0, 3, 2, 2 ] ], 
          [ [ 1, -1, 1, 1, 1, -1, 1, -1, 0, -1, 1, 1, -2, -2, 0, 1, 1, -1, -1, -1 ], 
              [ 1, 1, -1, -1, -1, 1, -1, 1, 0, 1, -1, -1, 2, 2, 0, -1, -1, 1, 1, 1 ] ], 
          [ [ 1, 0, 0, 0, 0, 0, 0, 0, 0, 0, 0, 0, 0, -1, 0, 0, 1, 1, 0, -1 ], 
              [ 1, 0, 0, 0, 0, 0, 0, 0, 0, 0, 0, 0, 0, 1, 0, 0, -1, -1, 0, 1 ] ], 
          [ [ 1, -1, 1, 1, 1, -1, 1, -1, 0, -1, 1, 1, -2, -2, 0, 1, 2, -1, -1, -1 ], 
              [ 1, 1, -1, -1, -1, 1, -1, 1, 0, 1, -1, -1, 2, 2, 0, -1, -2, 1, 1, 1 ] ], 
          [ [ 1, -4, 1, 1, 1, 2, 1, 2, -1, 1, 0, 1, 0, -1, 0, -1, 1, -2, -2, -2 ], 
              [ 1, 4, -1, -1, -1, -2, -1, -2, 1, -1, 0, -1, 0, 1, 0, 1, -1, 2, 2, 2 ] ], 
          [ [ 1, -5, 1, 1, 1, 2, 1, -1, 1, 2, 1, 0, 0, 1, -1, 1, 0, -1, -1, -1 ], 
              [ 1, 5, -1, -1, -1, -2, -1, 1, -1, -2, -1, 0, 0, -1, 1, -1, 0, 1, 1, 1 ] ], 
          [ [ 1, 3, -1, -1, -1, -1, -1, -2, 2, 0, 0, 0, 0, 0, -1, 1, 0, 2, 1, 0 ], 
              [ 1, -3, 1, 1, 1, 1, 1, 2, -2, 0, 0, 0, 0, 0, 1, -1, 0, -2, -1, 0 ] ], 
          [ [ 1, -1, 0, 0, 0, 1, 0, 0, 1, 1, 0, 1, 0, 0, -1, 0, 0, -1, -1, -1 ], 
              [ 1, 1, 0, 0, 0, -1, 0, 0, -1, -1, 0, -1, 0, 0, 1, 0, 0, 1, 1, 1 ] ], 
          [ [ 1, 0, 0, 0, 0, 0, 0, 0, 0, 0, 0, 0, 0, 0, 0, 0, 0, 0, 0, -1 ], 
              [ 1, 0, 0, 0, 0, 0, 0, 0, 0, 0, 0, 0, 0, 0, 0, 0, 0, 0, 0, 1 ] ], 
          [ [ 1, 0, 0, 0, 0, 0, 0, 0, 0, 0, 0, 0, 0, 0, 0, 0, 1, 0, 0, -1 ], 
              [ 1, 0, 0, 0, 0, 0, 0, 0, 0, 0, 0, 0, 0, 0, 0, 0, -1, 0, 0, 1 ] ], 
          [ [ 1, 1, 0, -1, -1, 0, 0, -1, 1, 0, 0, -1, 1, 0, -1, 2, 0, 2, 1, 0 ], 
              [ 1, -1, 0, 1, 1, 0, 0, 1, -1, 0, 0, 1, -1, 0, 1, -2, 0, -2, -1, 0 ] ], 
          [ [ 1, -4, 1, 1, 1, 2, 2, 1, -1, 1, 0, 1, 0, -1, 0, -1, 1, -2, -2, -2 ], 
              [ 1, 4, -1, -1, -1, -2, -2, -1, 1, -1, 0, -1, 0, 1, 0, 1, -1, 2, 2, 2 ] ], 
          [ [ 1, 0, -1, -1, -1, 2, 0, 0, 1, 2, -1, 0, 2, 1, -1, -1, -1, 1, 0, -1 ], 
              [ 1, 0, 1, 1, 1, -2, 0, 0, -1, -2, 1, 0, -2, -1, 1, 1, 1, -1, 0, 1 ] ], 
          [ [ 1, -1, 0, 0, 0, 1, 1, -1, 1, 1, 0, 1, 0, 0, -1, 0, 0, -1, -1, -1 ], 
              [ 1, 1, 0, 0, 0, -1, -1, 1, -1, -1, 0, -1, 0, 0, 1, 0, 0, 1, 1, 1 ] ], 
          [ [ 1, 0, 0, 0, 0, 0, 1, -1, 0, 0, 0, 0, 0, 0, 0, 0, 0, 0, 0, -1 ], 
              [ 1, 0, 0, 0, 0, 0, -1, 1, 0, 0, 0, 0, 0, 0, 0, 0, 0, 0, 0, 1 ] ], 
          [ [ 1, -4, 1, 1, 1, 2, 2, 1, -1, 1, 0, 1, 0, 0, 0, -1, 0, -3, -2, -2 ], 
              [ 1, 4, -1, -1, -1, -2, -2, -1, 1, -1, 0, -1, 0, 0, 0, 1, 0, 3, 2, 2 ] ], 
          [ [ 1, -3, 0, 0, 0, 3, 1, 2, -1, 2, -1, 0, 2, 1, 0, -2, 0, -1, -1, -2 ], 
              [ 1, 3, 0, 0, 0, -3, -1, -2, 1, -2, 1, 0, -2, -1, 0, 2, 0, 1, 1, 2 ] ], 
          [ [ 1, 0, -1, -1, -1, 2, 0, 0, 1, 2, -1, 0, 2, 2, -1, -1, -1, 0, 0, -1 ], 
              [ 1, 0, 1, 1, 1, -2, 0, 0, -1, -2, 1, 0, -2, -2, 1, 1, 1, 0, 0, 1 ] ], 
          [ [ 1, 0, 1, 1, 1, -2, 1, -1, -1, -2, 1, 0, -2, -2, 0, 2, 2, 0, 0, 0 ], 
              [ 1, 0, -1, -1, -1, 2, -1, 1, 1, 2, -1, 0, 2, 2, 0, -2, -2, 0, 0, 0 ] ], 
          [ [ 1, -4, 2, 2, 2, 0, 2, 1, -2, -1, 1, 1, -2, -2, 0, 1, 2, -3, -2, -1 ], 
              [ 1, 4, -2, -2, -2, 0, -2, -1, 2, 1, -1, -1, 2, 2, 0, -1, -2, 3, 2, 1 ] ], 
          [ [ 1, -3, 1, 1, 1, 1, 2, 1, -2, 0, 0, 0, 0, -1, 0, 0, 1, -1, -1, -1 ], 
              [ 1, 3, -1, -1, -1, -1, -2, -1, 2, 0, 0, 0, 0, 1, 0, 0, -1, 1, 1, 1 ] ], 
          [ [ 1, 0, 0, 0, 0, 0, 1, -1, 0, 0, 0, 0, 0, 0, -1, 1, 0, 0, 0, 0 ], 
              [ 1, 0, 0, 0, 0, 0, -1, 1, 0, 0, 0, 0, 0, 0, 1, -1, 0, 0, 0, 0 ] ], 
          [ [ 1, -3, 1, 1, 1, 1, 2, 1, -2, 0, 0, 0, 0, 0, 0, 0, 1, -2, -1, -1 ], 
              [ 1, 3, -1, -1, -1, -1, -2, -1, 2, 0, 0, 0, 0, 0, 0, 0, -1, 2, 1, 1 ] ], 
          [ [ 1, 2, -1, -1, -1, 0, -1, -2, 3, 1, 1, 0, 0, -1, -1, 1, 0, 2, 0, -1 ], 
              [ 1, -2, 1, 1, 1, 0, 1, 2, -3, -1, -1, 0, 0, 1, 1, -1, 0, -2, 0, 1 ] ], 
          [ [ 1, 3, -2, -2, -2, 1, -1, -2, 3, 2, 0, -1, 2, 1, -1, 0, -1, 3, 1, -1 ], 
              [ 1, -3, 2, 2, 2, -1, 1, 2, -3, -2, 0, 1, -2, -1, 1, 0, 1, -3, -1, 1 ] ], 
          [ [ 1, -1, -1, -1, -1, 3, 0, 0, 2, 3, 0, 0, 2, 1, -1, -1, -1, 0, -1, -2 ], 
              [ 1, 1, 1, 1, 1, -3, 0, 0, -2, -3, 0, 0, -2, -1, 1, 1, 1, 0, 1, 2 ] ], 
          [ [ 1, -1, 0, 0, 0, 1, 1, -1, 1, 1, 1, 0, 0, -1, -1, 1, 0, 0, -1, -1 ], 
              [ 1, 1, 0, 0, 0, -1, -1, 1, -1, -1, -1, 0, 0, 1, 1, -1, 0, 0, 1, 1 ] ], 
          [ [ 1, 0, -1, -1, -1, 2, 0, 0, 1, 2, 0, -1, 2, 1, -1, 0, -1, 1, 0, -1 ], 
              [ 1, 0, 1, 1, 1, -2, 0, 0, -1, -2, 0, 1, -2, -1, 1, 0, 1, -1, 0, 1 ] ], 
          [ [ 1, -11, 2, 4, 3, 3, 1, -1, 2, 3, 2, 2, -2, 1, -1, -1, 1, -4, -3, -2 ], 
              [ 1, 11, -2, -4, -3, -3, -1, 1, -2, -3, -2, -2, 2, -1, 1, 1, -1, 4, 3, 2 ] ]
            , [ [ 1, -9, 2, 3, 2, 3, 2, 0, 1, 2, 1, 2, -1, 0, -1, -1, 1, -4, -3, -2 ], 
              [ 1, 9, -2, -3, -2, -3, -2, 0, -1, -2, -1, -2, 1, 0, 1, 1, -1, 4, 3, 2 ] ], 
          [ [ 1, -8, 1, 2, 1, 4, 1, 1, 1, 3, 0, 1, 1, 2, -1, -2, 0, -3, -2, -2 ], 
              [ 1, 8, -1, -2, -1, -4, -1, -1, -1, -3, 0, -1, -1, -2, 1, 2, 0, 3, 2, 2 ] ],
          [ [ 1, -9, 2, 4, 3, 2, 2, 1, -1, 1, 1, 2, -2, 0, 0, -2, 2, -5, -3, -2 ], 
              [ 1, 9, -2, -4, -3, -2, -2, -1, 1, -1, -1, -2, 2, 0, 0, 2, -2, 5, 3, 2 ] ], 
          [ [ 1, -8, 2, 3, 2, 2, 2, 0, 0, 1, 1, 1, -1, 0, -1, 0, 2, -3, -2, -1 ], 
              [ 1, 8, -2, -3, -2, -2, -2, 0, 0, -1, -1, -1, 1, 0, 1, 0, -2, 3, 2, 1 ] ], 
          [ [ 1, -7, 1, 3, 2, 2, 1, -1, 2, 2, 2, 2, -2, 0, -1, -1, 1, -4, -3, -2 ], 
              [ 1, 7, -1, -3, -2, -2, -1, 1, -2, -2, -2, -2, 2, 0, 1, 1, -1, 4, 3, 2 ] ], 
          [ [ 1, 1, 0, -1, 1, -1, 0, 0, -1, -1, -1, 0, 0, 0, 1, 1, 0, 1, 1, -1 ], 
              [ 1, -1, 0, 1, -1, 1, 0, 0, 1, 1, 1, 0, 0, 0, -1, -1, 0, -1, -1, 1 ] ], 
          [ [ 1, -2, 0, -1, 1, 2, 1, 2, -2, 1, -2, 0, 2, 1, 1, -1, -1, 0, 0, -2 ], 
              [ 1, 2, 0, 1, -1, -2, -1, -2, 2, -1, 2, 0, -2, -1, -1, 1, 1, 0, 0, 2 ] ], 
          [ [ 1, 1, -1, -2, 0, 1, 0, 0, 0, 1, -2, 0, 2, 2, 0, 0, -2, 1, 1, -1 ], 
              [ 1, -1, 1, 2, 0, -1, 0, 0, 0, -1, 2, 0, -2, -2, 0, 0, 2, -1, -1, 1 ] ], 
          [ [ 1, 0, 0, 0, 2, -1, 1, 0, -2, -1, -1, 1, -1, 0, 1, 0, 0, -1, 0, -1 ], 
              [ 1, 0, 0, 0, -2, 1, -1, 0, 2, 1, 1, -1, 1, 0, -1, 0, 0, 1, 0, 1 ] ], 
          [ [ 1, -2, 1, 0, 2, 0, 2, 1, -3, -1, -1, 0, 0, 0, 1, 1, 0, -1, 0, -1 ], 
              [ 1, 2, -1, 0, -2, 0, -2, -1, 3, 1, 1, 0, 0, 0, -1, -1, 0, 1, 0, 1 ] ], 
          [ [ 1, 4, -2, -3, -1, 0, -1, -2, 2, 1, -1, -1, 2, 1, 0, 1, -2, 4, 2, -1 ], 
              [ 1, -4, 2, 3, 1, 0, 1, 2, -2, -1, 1, 1, -2, -1, 0, -1, 2, -4, -2, 1 ] ], 
          [ [ 1, 0, -1, -2, 0, 2, 0, 0, 1, 2, -1, 0, 2, 1, 0, 0, -2, 1, 0, -2 ], 
              [ 1, 0, 1, 2, 0, -2, 0, 0, -1, -2, 1, 0, -2, -1, 0, 0, 2, -1, 0, 2 ] ], 
          [ [ 1, -1, 0, 0, 2, 0, 1, 0, -1, 0, 0, 1, -1, -1, 1, 0, 0, -1, -1, -2 ], 
              [ 1, 1, 0, 0, -2, 0, -1, 0, 1, 0, 0, -1, 1, 1, -1, 0, 0, 1, 1, 2 ] ], 
          [ [ 1, 3, -2, -2, 0, 0, -1, -1, 1, 1, -1, 0, 1, 1, 0, 0, -2, 2, 1, -1 ], 
              [ 1, -3, 2, 2, 0, 0, 1, 1, -1, -1, 1, 0, -1, -1, 0, 0, 2, -2, -1, 1 ] ], 
          [ [ 1, 0, -1, -1, 1, 1, 0, 1, -1, 1, -1, 0, 1, 1, 1, -1, -1, 0, 0, -2 ], 
              [ 1, 0, 1, 1, -1, -1, 0, -1, 1, -1, 1, 0, -1, -1, -1, 1, 1, 0, 0, 2 ] ], 
          [ [ 1, 5, -1, -2, 0, -2, 0, 0, -1, -2, -1, 0, 0, -2, 1, 1, 0, 2, 1, -1 ], 
              [ 1, -5, 1, 2, 0, 2, 0, 0, 1, 2, 1, 0, 0, 2, -1, -1, 0, -2, -1, 1 ] ], 
          [ [ 1, 1, -1, -2, 0, 1, 0, 0, 0, 1, -1, -1, 2, 1, 0, 1, -2, 2, 1, -1 ], 
              [ 1, -1, 1, 2, 0, -1, 0, 0, 0, -1, 1, 1, -2, -1, 0, -1, 2, -2, -1, 1 ] ], 
          [ [ 1, 1, -1, -2, 0, 1, 0, 0, 0, 1, -1, -1, 2, 1, 0, 1, -1, 2, 1, -1 ], 
              [ 1, -1, 1, 2, 0, -1, 0, 0, 0, -1, 1, 1, -2, -1, 0, -1, 1, -2, -1, 1 ] ], 
          [ [ 1, 5, -2, -3, -1, 0, 0, 0, 0, 0, -2, 0, 2, 0, 0, 0, -2, 2, 1, -1 ], 
              [ 1, -5, 2, 3, 1, 0, 0, 0, 0, 0, 2, 0, -2, 0, 0, 0, 2, -2, -1, 1 ] ], 
          [ [ 1, 6, -2, -3, -1, -1, 0, 0, -1, -1, -2, -1, 2, 0, 1, 0, -1, 3, 2, -1 ], 
              [ 1, -6, 2, 3, 1, 1, 0, 0, 1, 1, 2, 1, -2, 0, -1, 0, 1, -3, -2, 1 ] ], 
          [ [ 1, 2, -1, -2, 0, 1, 1, 2, -2, 0, -2, 0, 2, 0, 1, -1, -1, 0, 0, -2 ], 
              [ 1, -2, 1, 2, 0, -1, -1, -2, 2, 0, 2, 0, -2, 0, -1, 1, 1, 0, 0, 2 ] ], 
          [ [ 1, 0, 0, 0, 2, -1, 1, 0, -2, -1, 0, 0, -1, -1, 1, 1, 0, 0, 0, -1 ], 
              [ 1, 0, 0, 0, -2, 1, -1, 0, 2, 1, 0, 0, 1, 1, -1, -1, 0, 0, 0, 1 ] ], 
          [ [ 1, 2, 0, -1, 1, -1, 2, 1, -3, -2, -1, 0, 0, -2, 1, 1, 0, 0, 0, -1 ], 
              [ 1, -2, 0, 1, -1, 1, -2, -1, 3, 2, 1, 0, 0, 2, -1, -1, 0, 0, 0, 1 ] ], 
          [ [ 1, 6, -2, -3, -1, -1, 0, 0, -1, -1, -2, -1, 2, 0, 0, 1, -1, 3, 2, 0 ], 
              [ 1, -6, 2, 3, 1, 1, 0, 0, 1, 1, 2, 1, -2, 0, 0, -1, 1, -3, -2, 0 ] ], 
          [ [ 1, 3, -1, -2, 0, 0, 1, 2, -3, -1, -2, -1, 2, 0, 1, 0, -1, 1, 1, -1 ], 
              [ 1, -3, 1, 2, 0, 0, -1, -2, 3, 1, 2, 1, -2, 0, -1, 0, 1, -1, -1, 1 ] ], 
          [ [ 1, 8, -3, -4, -2, -1, -1, -2, 2, 0, -1, -1, 2, 0, 0, 1, -2, 4, 2, -1 ], 
              [ 1, -8, 3, 4, 2, 1, 1, 2, -2, 0, 1, 1, -2, 0, 0, -1, 2, -4, -2, 1 ] ], 
          [ [ 1, 5, -2, -3, -1, 0, 0, 0, 0, 0, -1, -1, 2, -1, 0, 1, -1, 3, 1, -1 ], 
              [ 1, -5, 2, 3, 1, 0, 0, 0, 0, 0, 1, 1, -2, 1, 0, -1, 1, -3, -1, 1 ] ], 
          [ [ 1, 9, -3, -4, -2, -2, -1, -2, 1, -1, -1, -2, 2, 0, 0, 2, -2, 5, 3, 0 ], 
              [ 1, -9, 3, 4, 2, 2, 1, 2, -1, 1, 1, 2, -2, 0, 0, -2, 2, -5, -3, 0 ] ], 
          [ [ 1, 5, -2, -3, -1, 0, 0, 0, 0, 0, -1, -1, 2, 0, 0, 1, -2, 2, 1, -1 ], 
              [ 1, -5, 2, 3, 1, 0, 0, 0, 0, 0, 1, 1, -2, 0, 0, -1, 2, -2, -1, 1 ] ], 
          [ [ 1, -8, 2, 3, 4, 1, 2, 1, -2, 0, 0, 2, -2, 0, 1, -1, 1, -4, -2, -2 ], 
              [ 1, 8, -2, -3, -4, -1, -2, -1, 2, 0, 0, -2, 2, 0, -1, 1, -1, 4, 2, 2 ] ], 
          [ [ 1, -6, 1, 2, 3, 1, 1, -1, 1, 1, 1, 2, -2, 0, 0, 0, 0, -3, -2, -2 ], 
              [ 1, 6, -1, -2, -3, -1, -1, 1, -1, -1, -1, -2, 2, 0, 0, 0, 0, 3, 2, 2 ] ], 
          [ [ 1, -5, 0, 1, 2, 2, 0, 0, 1, 2, 0, 1, 0, 1, 0, -1, 0, -1, -1, -2 ], 
              [ 1, 5, 0, -1, -2, -2, 0, 0, -1, -2, 0, -1, 0, -1, 0, 1, 0, 1, 1, 2 ] ], 
          [ [ 1, -5, 0, 1, 2, 2, 0, 0, 1, 2, 0, 1, 0, 2, 0, -1, -1, -2, -1, -2 ], 
              [ 1, 5, 0, -1, -2, -2, 0, 0, -1, -2, 0, -1, 0, -2, 0, 1, 1, 2, 1, 2 ] ], 
          [ [ 1, -5, 0, 1, 2, 2, 1, -1, 1, 2, 0, 1, 0, 2, 0, -1, -1, -2, -1, -2 ], 
              [ 1, 5, 0, -1, -2, -2, -1, 1, -1, -2, 0, -1, 0, -2, 0, 1, 1, 2, 1, 2 ] ], 
          [ [ 1, -3, 0, 0, 1, 2, 1, 1, 0, 1, -1, 1, 1, 0, 0, -1, 0, -1, -1, -2 ], 
              [ 1, 3, 0, 0, -1, -2, -1, -1, 0, -1, 1, -1, -1, 0, 0, 1, 0, 1, 1, 2 ] ], 
          [ [ 1, 1, -1, -1, 0, 0, 0, -1, 1, 0, -1, 0, 1, 1, 0, 0, -1, 1, 1, -1 ], 
              [ 1, -1, 1, 1, 0, 0, 0, 1, -1, 0, 1, 0, -1, -1, 0, 0, 1, -1, -1, 1 ] ], 
          [ [ 1, -3, 0, 0, 1, 2, 1, 1, 0, 1, -1, 1, 1, 1, 0, -1, -1, -2, -1, -2 ], 
              [ 1, 3, 0, 0, -1, -2, -1, -1, 0, -1, 1, -1, -1, -1, 0, 1, 1, 2, 1, 2 ] ], 
          [ [ 1, -5, 1, 2, 3, 0, 1, -1, 0, 0, 1, 1, -2, 0, 0, 1, 1, -2, -1, -1 ], 
              [ 1, 5, -1, -2, -3, 0, -1, 1, 0, 0, -1, -1, 2, 0, 0, -1, -1, 2, 1, 1 ] ], 
          [ [ 1, -8, 1, 2, 3, 3, 2, 1, -1, 2, 0, 1, 0, 1, 0, -1, 0, -3, -2, -2 ], 
              [ 1, 8, -1, -2, -3, -3, -2, -1, 1, -2, 0, -1, 0, -1, 0, 1, 0, 3, 2, 2 ] ], 
          [ [ 1, -4, 1, 2, 3, 0, 2, 1, -2, -1, 0, 2, -2, -1, 1, -1, 1, -4, -2, -2 ], 
              [ 1, 4, -1, -2, -3, 0, -2, -1, 2, 1, 0, -2, 2, 1, -1, 1, -1, 4, 2, 2 ] ], 
          [ [ 1, -2, 0, 0, 1, 1, 1, 1, -1, 0, -1, 0, 1, 0, 0, 0, 0, 0, 0, -1 ], 
              [ 1, 2, 0, 0, -1, -1, -1, -1, 1, 0, 1, 0, -1, 0, 0, 0, 0, 0, 0, 1 ] ], 
          [ [ 1, -3, 1, 1, 2, 0, 2, 0, -1, -1, 0, 1, -1, -1, 0, 1, 1, -2, -1, -1 ], 
              [ 1, 3, -1, -1, -2, 0, -2, 0, 1, 1, 0, -1, 1, 1, 0, -1, -1, 2, 1, 1 ] ], 
          [ [ 1, -2, 0, 0, 1, 1, 1, 1, -1, 0, -1, 0, 1, 1, 0, 0, 0, -1, 0, -1 ], 
              [ 1, 2, 0, 0, -1, -1, -1, -1, 1, 0, 1, 0, -1, -1, 0, 0, 0, 1, 0, 1 ] ], 
          [ [ 1, 0, -1, -1, 0, 1, 0, -1, 2, 1, 0, 0, 1, 0, 0, 0, -1, 1, 0, -2 ], 
              [ 1, 0, 1, 1, 0, -1, 0, 1, -2, -1, 0, 0, -1, 0, 0, 0, 1, -1, 0, 2 ] ], 
          [ [ 1, -1, -1, 0, 1, 1, 0, 0, 1, 1, 0, 1, 0, 0, 0, -1, -1, -1, -1, -2 ], 
              [ 1, 1, 1, 0, -1, -1, 0, 0, -1, -1, 0, -1, 0, 0, 0, 1, 1, 1, 1, 2 ] ], 
          [ [ 1, -1, -1, 0, 1, 1, 0, 0, 1, 1, 0, 1, 0, 0, 0, -1, 0, -1, -1, -2 ], 
              [ 1, 1, 1, 0, -1, -1, 0, 0, -1, -1, 0, -1, 0, 0, 0, 1, 0, 1, 1, 2 ] ], 
          [ [ 1, 0, -1, -1, 0, 1, 0, -1, 2, 1, 0, 0, 1, 0, -1, 1, -1, 1, 0, -1 ], 
              [ 1, 0, 1, 1, 0, -1, 0, 1, -2, -1, 0, 0, -1, 0, 1, -1, 1, -1, 0, 1 ] ], 
          [ [ 1, 1, -1, -1, 0, 0, 0, -1, 1, 0, 0, -1, 1, 0, 0, 1, 0, 2, 1, -1 ], 
              [ 1, -1, 1, 1, 0, 0, 0, 1, -1, 0, 0, 1, -1, 0, 0, -1, 0, -2, -1, 1 ] ], 
          [ [ 1, -3, 0, 0, 1, 2, 1, 1, 0, 1, 0, 0, 1, 0, 0, 0, 0, -1, -1, -2 ], 
              [ 1, 3, 0, 0, -1, -2, -1, -1, 0, -1, 0, 0, -1, 0, 0, 0, 0, 1, 1, 2 ] ], 
          [ [ 1, -1, -1, 0, 1, 1, 1, -1, 1, 1, 0, 1, 0, 0, 0, -1, -1, -1, -1, -2 ], 
              [ 1, 1, 1, 0, -1, -1, -1, 1, -1, -1, 0, -1, 0, 0, 0, 1, 1, 1, 1, 2 ] ], 
          [ [ 1, 0, -2, -1, 0, 2, 0, 0, 1, 2, -1, 0, 2, 2, 0, -2, -2, 0, 0, -2 ], 
              [ 1, 0, 2, 1, 0, -2, 0, 0, -1, -2, 1, 0, -2, -2, 0, 2, 2, 0, 0, 2 ] ], 
          [ [ 1, 1, -2, -2, -1, 2, 0, -1, 2, 2, -1, -1, 3, 2, -1, 0, -2, 2, 1, -1 ], 
              [ 1, -1, 2, 2, 1, -2, 0, 1, -2, -2, 1, 1, -3, -2, 1, 0, 2, -2, -1, 1 ] ], 
          [ [ 1, -1, 0, 1, 2, -1, 1, -1, 0, -1, 1, 1, -2, -2, 0, 1, 1, -1, -1, -1 ], 
              [ 1, 1, 0, -1, -2, 1, -1, 1, 0, 1, -1, -1, 2, 2, 0, -1, -1, 1, 1, 1 ] ], 
          [ [ 1, 0, -1, 0, 1, 0, 0, 0, 0, 0, 0, 0, 0, 0, 0, 0, 0, 0, 0, -1 ], 
              [ 1, 0, 1, 0, -1, 0, 0, 0, 0, 0, 0, 0, 0, 0, 0, 0, 0, 0, 0, 1 ] ], 
          [ [ 1, 0, -1, 0, 1, 0, 1, -1, 0, 0, 0, 0, 0, 0, 0, 0, 0, 0, 0, -1 ], 
              [ 1, 0, 1, 0, -1, 0, -1, 1, 0, 0, 0, 0, 0, 0, 0, 0, 0, 0, 0, 1 ] ], 
          [ [ 1, -4, 0, 1, 2, 2, 2, 1, -1, 1, 0, 1, 0, 0, 0, -1, 0, -3, -2, -2 ], 
              [ 1, 4, 0, -1, -2, -2, -2, -1, 1, -1, 0, -1, 0, 0, 0, 1, 0, 3, 2, 2 ] ], 
          [ [ 1, 2, -1, -1, 0, 0, 1, 1, -1, -1, -1, 0, 1, -1, 0, 0, 0, 0, 0, -1 ], 
              [ 1, -2, 1, 1, 0, 0, -1, -1, 1, 1, 1, 0, -1, 1, 0, 0, 0, 0, 0, 1 ] ], 
          [ [ 1, 2, 0, -1, 0, -1, 0, 1, -2, 0, 0, 1, -1, -1, 1, 0, 0, 0, 0, -1 ], 
              [ 1, -2, 0, 1, 0, 1, 0, -1, 2, 0, 0, -1, 1, 1, -1, 0, 0, 0, 0, 1 ] ], 
          [ [ 1, 3, 0, -2, -1, -1, 0, 0, -1, 0, 0, 0, 0, -1, 0, 2, 0, 2, 1, 0 ], 
              [ 1, -3, 0, 2, 1, 1, 0, 0, 1, 0, 0, 0, 0, 1, 0, -2, 0, -2, -1, 0 ] ], 
          [ [ 1, -3, 1, 1, 1, 0, 0, 0, 0, 1, 1, 2, -2, -1, 0, 0, 1, -1, -1, -1 ], 
              [ 1, 3, -1, -1, -1, 0, 0, 0, 0, -1, -1, -2, 2, 1, 0, 0, -1, 1, 1, 1 ] ], 
          [ [ 1, -3, 1, 1, 1, 0, 0, 0, 0, 1, 1, 2, -2, 0, 0, 0, 0, -2, -1, -1 ], 
              [ 1, 3, -1, -1, -1, 0, 0, 0, 0, -1, -1, -2, 2, 0, 0, 0, 0, 2, 1, 1 ] ], 
          [ [ 1, -3, 1, 1, 1, 0, 0, 0, 0, 1, 1, 2, -2, 0, 0, 0, 1, -2, -1, -1 ], 
              [ 1, 3, -1, -1, -1, 0, 0, 0, 0, -1, -1, -2, 2, 0, 0, 0, -1, 2, 1, 1 ] ], 
          [ [ 1, -3, 1, 1, 1, 0, 1, -1, 0, 1, 1, 2, -2, 0, 0, 0, 0, -2, -1, -1 ], 
              [ 1, 3, -1, -1, -1, 0, -1, 1, 0, -1, -1, -2, 2, 0, 0, 0, 0, 2, 1, 1 ] ], 
          [ [ 1, -2, 0, 0, 0, 1, 0, 0, 0, 2, 0, 1, 0, 1, 0, -1, 0, 0, 0, -1 ], 
              [ 1, 2, 0, 0, 0, -1, 0, 0, 0, -2, 0, -1, 0, -1, 0, 1, 0, 0, 0, 1 ] ], 
          [ [ 1, -6, 1, 1, 1, 3, 1, 2, -1, 3, 0, 2, 0, 1, 0, -2, 0, -3, -2, -2 ], 
              [ 1, 6, -1, -1, -1, -3, -1, -2, 1, -3, 0, -2, 0, -1, 0, 2, 0, 3, 2, 2 ] ], 
          [ [ 1, -2, 0, 0, 0, 1, 0, 0, 0, 2, 0, 1, 0, 2, 0, -1, -1, -1, 0, -1 ], 
              [ 1, 2, 0, 0, 0, -1, 0, 0, 0, -2, 0, -1, 0, -2, 0, 1, 1, 1, 0, 1 ] ], 
          [ [ 1, -3, 2, 2, 2, -2, 1, -1, -1, -1, 2, 2, -4, -2, 0, 2, 2, -2, -1, 0 ], 
              [ 1, 3, -2, -2, -2, 2, -1, 1, 1, 1, -2, -2, 4, 2, 0, -2, -2, 2, 1, 0 ] ], 
          [ [ 1, -2, 1, 1, 1, -1, 0, 0, -1, 0, 1, 1, -2, 0, 0, 1, 1, -1, 0, 0 ], 
              [ 1, 2, -1, -1, -1, 1, 0, 0, 1, 0, -1, -1, 2, 0, 0, -1, -1, 1, 0, 0 ] ], 
          [ [ 1, -6, 2, 2, 2, 1, 2, 1, -2, 1, 1, 2, -2, -1, 0, 0, 1, -3, -2, -1 ], 
              [ 1, 6, -2, -2, -2, -1, -2, -1, 2, -1, -1, -2, 2, 1, 0, 0, -1, 3, 2, 1 ] ], 
          [ [ 1, -2, 1, 1, 1, -1, 1, -1, -1, 0, 1, 1, -2, 0, 0, 1, 1, -1, 0, 0 ], 
              [ 1, 2, -1, -1, -1, 1, -1, 1, 1, 0, -1, -1, 2, 0, 0, -1, -1, 1, 0, 0 ] ], 
          [ [ 1, -5, 1, 1, 1, 2, 1, 2, -2, 2, 0, 1, 0, 1, 0, -1, 0, -2, -1, -1 ], 
              [ 1, 5, -1, -1, -1, -2, -1, -2, 2, -2, 0, -1, 0, -1, 0, 1, 0, 2, 1, 1 ] ], 
          [ [ 1, -6, 2, 2, 2, 1, 2, 1, -2, 1, 1, 2, -2, 0, 0, 0, 1, -4, -2, -1 ], 
              [ 1, 6, -2, -2, -2, -1, -2, -1, 2, -1, -1, -2, 2, 0, 0, 0, -1, 4, 2, 1 ] ], 
          [ [ 1, 0, 1, 0, 0, -1, 1, 1, -2, -1, 0, 1, -1, -1, 0, 1, 1, -1, 0, 0 ], 
              [ 1, 0, -1, 0, 0, 1, -1, -1, 2, 1, 0, -1, 1, 1, 0, -1, -1, 1, 0, 0 ] ], 
          [ [ 1, 0, -1, -1, -1, 1, -1, -2, 3, 3, 1, 1, 0, 1, -1, 0, -1, 1, 0, -1 ], 
              [ 1, 0, 1, 1, 1, -1, 1, 2, -3, -3, -1, -1, 0, -1, 1, 0, 1, -1, 0, 1 ] ], 
          [ [ 1, -3, 0, 0, 0, 2, 0, 0, 1, 3, 1, 1, 0, 1, 0, -1, -1, -1, -1, -2 ], 
              [ 1, 3, 0, 0, 0, -2, 0, 0, -1, -3, -1, -1, 0, -1, 0, 1, 1, 1, 1, 2 ] ], 
          [ [ 1, -3, 1, 1, 1, 0, 0, 0, 0, 1, 2, 1, -2, -1, 0, 1, 1, -1, -1, -1 ], 
              [ 1, 3, -1, -1, -1, 0, 0, 0, 0, -1, -2, -1, 2, 1, 0, -1, -1, 1, 1, 1 ] ], 
          [ [ 1, -3, 1, 1, 1, 0, 1, -1, 0, 1, 2, 1, -2, -1, 0, 1, 1, -1, -1, -1 ], 
              [ 1, 3, -1, -1, -1, 0, -1, 1, 0, -1, -2, -1, 2, 1, 0, -1, -1, 1, 1, 1 ] ], 
          [ [ 1, 1, -1, -1, -1, 0, -1, -2, 2, 2, 1, 0, 0, 1, -1, 1, -1, 2, 1, 0 ], 
              [ 1, -1, 1, 1, 1, 0, 1, 2, -2, -2, -1, 0, 0, -1, 1, -1, 1, -2, -1, 0 ] ], 
          [ [ 1, -3, 0, 0, 0, 2, 0, 0, 1, 3, 1, 1, 0, 1, -1, 0, -1, -1, -1, -1 ], 
              [ 1, 3, 0, 0, 0, -2, 0, 0, -1, -3, -1, -1, 0, -1, 1, 0, 1, 1, 1, 1 ] ], 
          [ [ 1, -2, 0, 0, 0, 1, 0, 0, 0, 2, 1, 0, 0, 1, 0, 0, 0, 0, 0, -1 ], 
              [ 1, 2, 0, 0, 0, -1, 0, 0, 0, -2, -1, 0, 0, -1, 0, 0, 0, 0, 0, 1 ] ], 
          [ [ 1, 3, 0, -1, -1, -2, 0, -1, 0, -1, 1, 0, -1, -2, 0, 2, 1, 2, 1, 0 ], 
              [ 1, -3, 0, 1, 1, 2, 0, 1, 0, 1, -1, 0, 1, 2, 0, -2, -1, -2, -1, 0 ] ], 
          [ [ 1, 2, -1, -1, -1, 0, 0, 0, 0, 1, 0, 1, 0, 0, 0, -1, -1, 0, 0, -1 ], 
              [ 1, -2, 1, 1, 1, 0, 0, 0, 0, -1, 0, -1, 0, 0, 0, 1, 1, 0, 0, 1 ] ], 
          [ [ 1, 2, -1, -1, -1, 0, 0, 0, 0, 1, 0, 1, 0, 0, 0, -1, 0, 0, 0, -1 ], 
              [ 1, -2, 1, 1, 1, 0, 0, 0, 0, -1, 0, -1, 0, 0, 0, 1, 0, 0, 0, 1 ] ], 
          [ [ 1, 3, -1, -2, -2, 0, 0, -1, 1, 1, 0, 0, 1, 0, -1, 1, -1, 2, 1, 0 ], 
              [ 1, -3, 1, 2, 2, 0, 0, 1, -1, -1, 0, 0, -1, 0, 1, -1, 1, -2, -1, 0 ] ], 
          [ [ 1, 0, 0, -1, -1, 1, 1, 1, -1, 1, 0, 0, 1, 0, 0, 0, 0, 0, 0, -1 ], 
              [ 1, 0, 0, 1, 1, -1, -1, -1, 1, -1, 0, 0, -1, 0, 0, 0, 0, 0, 0, 1 ] ], 
          [ [ 1, -4, 1, 2, 2, 0, 1, 0, -1, 1, 2, 2, -3, -1, 0, 0, 1, -3, -2, -1 ], 
              [ 1, 4, -1, -2, -2, 0, -1, 0, 1, -1, -2, -2, 3, 1, 0, 0, -1, 3, 2, 1 ] ], 
          [ [ 1, 2, 0, 0, 0, -2, 0, 0, -1, -1, 1, 1, -2, -2, 0, 1, 1, 0, 0, 0 ], 
              [ 1, -2, 0, 0, 0, 2, 0, 0, 1, 1, -1, -1, 2, 2, 0, -1, -1, 0, 0, 0 ] ], 
          [ [ 1, 2, 0, 0, 0, -2, 1, -1, -1, -1, 1, 1, -2, -2, 0, 1, 1, 0, 0, 0 ], 
              [ 1, -2, 0, 0, 0, 2, -1, 1, 1, 1, -1, -1, 2, 2, 0, -1, -1, 0, 0, 0 ] ], 
          [ [ 1, 3, -1, -1, -1, -1, 0, 0, -1, 0, 0, 0, 0, 0, 0, 0, 0, 1, 1, 0 ], 
              [ 1, -3, 1, 1, 1, 1, 0, 0, 1, 0, 0, 0, 0, 0, 0, 0, 0, -1, -1, 0 ] ], 
          [ [ 1, -1, 0, 0, 0, 1, 1, 2, -2, 1, 0, 1, 0, 0, 0, -1, 0, -2, -1, -1 ], 
              [ 1, 1, 0, 0, 0, -1, -1, -2, 2, -1, 0, -1, 0, 0, 0, 1, 0, 2, 1, 1 ] ], 
          [ [ 1, 2, -1, -1, -1, 0, 0, 0, 0, 1, 1, 0, 0, -1, 0, 0, 0, 1, 0, -1 ], 
              [ 1, -2, 1, 1, 1, 0, 0, 0, 0, -1, -1, 0, 0, 1, 0, 0, 0, -1, 0, 1 ] ], 
          [ [ 1, 5, -2, -2, -2, -1, -1, -2, 2, 1, 1, 0, 0, 0, -1, 1, -1, 2, 1, 0 ], 
              [ 1, -5, 2, 2, 2, 1, 1, 2, -2, -1, -1, 0, 0, 0, 1, -1, 1, -2, -1, 0 ] ], 
          [ [ 1, -12, 3, 5, 4, 2, 2, 1, -1, 2, 2, 4, -4, 0, 0, -2, 2, -7, -4, -2 ], 
              [ 1, 12, -3, -5, -4, -2, -2, -1, 1, -2, -2, -4, 4, 0, 0, 2, -2, 7, 4, 2 ] ],
          [ [ 1, -6, 1, 2, 1, 2, 1, 1, 0, 2, 1, 2, -1, 0, 0, -2, 1, -3, -2, -2 ], 
              [ 1, 6, -1, -2, -1, -2, -1, -1, 0, -2, -1, -2, 1, 0, 0, 2, -1, 3, 2, 2 ] ], 
          [ [ 1, -3, 0, 1, 0, 1, 0, -1, 2, 2, 1, 2, -1, 1, -1, -1, 0, -2, -1, -1 ], 
              [ 1, 3, 0, -1, 0, -1, 0, 1, -2, -2, -1, -2, 1, -1, 1, 1, 0, 2, 1, 1 ] ], 
          [ [ 1, -6, 1, 2, 1, 2, 1, 1, 0, 2, 1, 2, -1, 0, -1, -1, 1, -3, -2, -1 ], 
              [ 1, 6, -1, -2, -1, -2, -1, -1, 0, -2, -1, -2, 1, 0, 1, 1, -1, 3, 2, 1 ] ], 
          [ [ 1, -6, 2, 3, 2, 0, 2, 0, -1, 0, 2, 2, -3, -1, 0, 0, 2, -4, -2, -1 ], 
              [ 1, 6, -2, -3, -2, 0, -2, 0, 1, 0, -2, -2, 3, 1, 0, 0, -2, 4, 2, 1 ] ], 
          [ [ 1, -3, 0, 1, 0, 1, 0, -1, 2, 2, 2, 1, -1, 0, -1, 0, 0, -1, -1, -1 ], 
              [ 1, 3, 0, -1, 0, -1, 0, 1, -2, -2, -2, -1, 1, 0, 1, 0, 0, 1, 1, 1 ] ], 
          [ [ 1, -3, 0, 1, 0, 1, 0, -1, 2, 2, 2, 1, -1, 0, -1, 0, 1, -1, -1, -1 ], 
              [ 1, 3, 0, -1, 0, -1, 0, 1, -2, -2, -2, -1, 1, 0, 1, 0, -1, 1, 1, 1 ] ], 
          [ [ 1, 3, -1, -2, 0, -1, 0, 0, -1, 0, -1, 1, 0, 0, 1, 0, -1, 1, 1, -1 ], 
              [ 1, -3, 1, 2, 0, 1, 0, 0, 1, 0, 1, -1, 0, 0, -1, 0, 1, -1, -1, 1 ] ], 
          [ [ 1, 4, -1, -2, 0, -2, 0, 0, -2, -1, -1, 0, 0, 0, 1, 1, -1, 2, 2, 0 ], 
              [ 1, -4, 1, 2, 0, 2, 0, 0, 2, 1, 1, 0, 0, 0, -1, -1, 1, -2, -2, 0 ] ], 
          [ [ 1, 0, 0, -1, 1, 0, 1, 2, -3, 0, -1, 1, 0, 0, 1, 0, -1, -1, 0, -1 ], 
              [ 1, 0, 0, 1, -1, 0, -1, -2, 3, 0, 1, -1, 0, 0, -1, 0, 1, 1, 0, 1 ] ], 
          [ [ 1, 3, -1, -2, 0, -1, 0, 0, -1, 0, 0, 0, 0, -1, 1, 1, -1, 2, 1, -1 ], 
              [ 1, -3, 1, 2, 0, 1, 0, 0, 1, 0, 0, 0, 0, 1, -1, -1, 1, -2, -1, 1 ] ], 
          [ [ 1, 6, -2, -3, -1, -2, -1, -2, 1, 0, 0, 0, 0, 0, 0, 2, -2, 3, 2, 0 ], 
              [ 1, -6, 2, 3, 1, 2, 1, 2, -1, 0, 0, 0, 0, 0, 0, -2, 2, -3, -2, 0 ] ], 
          [ [ 1, 3, -1, -2, 0, -1, 0, 0, -1, 0, 0, 0, 0, 0, 1, 1, -1, 1, 1, -1 ], 
              [ 1, -3, 1, 2, 0, 1, 0, 0, 1, 0, 0, 0, 0, 0, -1, -1, 1, -1, -1, 1 ] ], 
          [ [ 1, 8, -2, -3, -1, -3, 0, 0, -2, -2, -1, 0, 0, -1, 1, 1, -1, 2, 2, 0 ], 
              [ 1, -8, 2, 3, 1, 3, 0, 0, 2, 2, 1, 0, 0, 1, -1, -1, 1, -2, -2, 0 ] ], 
          [ [ 1, -3, 0, 1, 2, 0, 0, 0, 0, 1, 1, 2, -2, 0, 1, -1, 0, -2, -1, -2 ], 
              [ 1, 3, 0, -1, -2, 0, 0, 0, 0, -1, -1, -2, 2, 0, -1, 1, 0, 2, 1, 2 ] ], 
          [ [ 1, -2, 0, 0, 1, 0, 0, -1, 1, 1, 1, 1, -1, 0, 0, 1, 0, 0, 0, -1 ], 
              [ 1, 2, 0, 0, -1, 0, 0, 1, -1, -1, -1, -1, 1, 0, 0, -1, 0, 0, 0, 1 ] ], 
          [ [ 1, -3, -1, 0, 1, 2, 0, 0, 1, 3, 0, 2, 0, 2, 0, -2, -2, -2, -1, -2 ], 
              [ 1, 3, 1, 0, -1, -2, 0, 0, -1, -3, 0, -2, 0, -2, 0, 2, 2, 2, 1, 2 ] ], 
          [ [ 1, -3, 0, 1, 2, 0, 0, 0, 0, 1, 1, 2, -2, 0, 0, 0, 0, -2, -1, -1 ], 
              [ 1, 3, 0, -1, -2, 0, 0, 0, 0, -1, -1, -2, 2, 0, 0, 0, 0, 2, 1, 1 ] ], 
          [ [ 1, -3, 0, 1, 2, 0, 1, -1, 0, 1, 1, 2, -2, 0, 0, 0, 0, -2, -1, -1 ], 
              [ 1, 3, 0, -1, -2, 0, -1, 1, 0, -1, -1, -2, 2, 0, 0, 0, 0, 2, 1, 1 ] ], 
          [ [ 1, -6, 1, 2, 3, 1, 2, 1, -2, 1, 1, 2, -2, 0, 1, -1, 0, -4, -2, -2 ], 
              [ 1, 6, -1, -2, -3, -1, -2, -1, 2, -1, -1, -2, 2, 0, -1, 1, 0, 4, 2, 2 ] ], 
          [ [ 1, -2, -1, 0, 1, 1, 0, 0, 0, 2, 0, 1, 0, 2, 0, -1, -1, -1, 0, -1 ], 
              [ 1, 2, 1, 0, -1, -1, 0, 0, 0, -2, 0, -1, 0, -2, 0, 1, 1, 1, 0, 1 ] ], 
          [ [ 1, 3, -1, -1, 0, -2, 0, -1, 0, -1, 0, 1, -1, -1, 0, 1, 0, 1, 1, 0 ], 
              [ 1, -3, 1, 1, 0, 2, 0, 1, 0, 1, 0, -1, 1, 1, 0, -1, 0, -1, -1, 0 ] ], 
          [ [ 1, 0, 0, 0, 1, -1, 1, 1, -2, -1, 0, 1, -1, -1, 1, 0, 0, -1, 0, -1 ], 
              [ 1, 0, 0, 0, -1, 1, -1, -1, 2, 1, 0, -1, 1, 1, -1, 0, 0, 1, 0, 1 ] ], 
          [ [ 1, 0, 0, 0, 1, -1, 1, 1, -2, -1, 0, 1, -1, -1, 1, 0, 1, -1, 0, -1 ], 
              [ 1, 0, 0, 0, -1, 1, -1, -1, 2, 1, 0, -1, 1, 1, -1, 0, -1, 1, 0, 1 ] ], 
          [ [ 1, 0, -1, -1, 0, 1, 1, 1, -1, 1, -1, 1, 1, 1, 0, -1, -1, -1, 0, -1 ], 
              [ 1, 0, 1, 1, 0, -1, -1, -1, 1, -1, 1, -1, -1, -1, 0, 1, 1, 1, 0, 1 ] ], 
          [ [ 1, -3, -1, 0, 1, 2, 0, 0, 1, 3, 1, 1, 0, 1, 0, -1, -1, -1, -1, -2 ], 
              [ 1, 3, 1, 0, -1, -2, 0, 0, -1, -3, -1, -1, 0, -1, 0, 1, 1, 1, 1, 2 ] ], 
          [ [ 1, 3, -2, -2, -1, 0, -1, 0, 1, 1, 0, 0, 1, 0, 0, 0, -1, 2, 1, -1 ], 
              [ 1, -3, 2, 2, 1, 0, 1, 0, -1, -1, 0, 0, -1, 0, 0, 0, 1, -2, -1, 1 ] ], 
          [ [ 1, 3, -2, -2, -1, 0, 0, -1, 1, 1, 0, 0, 1, 0, 0, 0, -1, 2, 1, -1 ], 
              [ 1, -3, 2, 2, 1, 0, 0, 1, -1, -1, 0, 0, -1, 0, 0, 0, 1, -2, -1, 1 ] ], 
          [ [ 1, 3, -2, -2, -1, 0, 0, -1, 1, 1, 0, 0, 1, 1, 0, 0, -2, 1, 1, -1 ], 
              [ 1, -3, 2, 2, 1, 0, 0, 1, -1, -1, 0, 0, -1, -1, 0, 0, 2, -1, -1, 1 ] ], 
          [ [ 1, 3, -1, -1, 0, -2, 0, -1, 0, -1, 1, 0, -1, -1, 0, 2, 0, 1, 1, 0 ], 
              [ 1, -3, 1, 1, 0, 2, 0, 1, 0, 1, -1, 0, 1, 1, 0, -2, 0, -1, -1, 0 ] ], 
          [ [ 1, 2, -2, -1, 0, 0, 0, 0, 0, 1, 0, 1, 0, 0, 0, -1, -1, 0, 0, -1 ], 
              [ 1, -2, 2, 1, 0, 0, 0, 0, 0, -1, 0, -1, 0, 0, 0, 1, 1, 0, 0, 1 ] ], 
          [ [ 1, 0, -1, -1, 0, 1, 1, 1, -1, 1, 0, 0, 1, 0, 0, 0, -1, 0, 0, -1 ], 
              [ 1, 0, 1, 1, 0, -1, -1, -1, 1, -1, 0, 0, -1, 0, 0, 0, 1, 0, 0, 1 ] ], 
          [ [ 1, -6, 0, 2, 2, 2, 1, 1, 0, 2, 1, 2, -1, 1, 0, -2, 0, -4, -2, -2 ], 
              [ 1, 6, 0, -2, -2, -2, -1, -1, 0, -2, -1, -2, 1, -1, 0, 2, 0, 4, 2, 2 ] ], 
          [ [ 1, 0, 0, 0, 0, -1, 0, 0, -1, 1, 1, 2, -2, 0, 0, 0, 0, -1, 0, 0 ], 
              [ 1, 0, 0, 0, 0, 1, 0, 0, 1, -1, -1, -2, 2, 0, 0, 0, 0, 1, 0, 0 ] ], 
          [ [ 1, -8, 2, 2, 2, 3, 1, 0, 1, 3, 0, 1, 0, 2, -1, -1, 0, -3, -2, -2 ], 
              [ 1, 8, -2, -2, -2, -3, -1, 0, -1, -3, 0, -1, 0, -2, 1, 1, 0, 3, 2, 2 ] ], 
          [ [ 1, -4, 1, 1, 1, 2, 1, 0, 1, 2, 0, 1, 0, 0, -1, -1, 0, -2, -2, -2 ], 
              [ 1, 4, -1, -1, -1, -2, -1, 0, -1, -2, 0, -1, 0, 0, 1, 1, 0, 2, 2, 2 ] ], 
          [ [ 1, -3, 1, 1, 1, 1, 1, 0, 0, 1, 0, 0, 0, 0, -1, 0, 1, -1, -1, -1 ], 
              [ 1, 3, -1, -1, -1, -1, -1, 0, 0, -1, 0, 0, 0, 0, 1, 0, -1, 1, 1, 1 ] ], 
          [ [ 1, -2, 1, 0, 2, 0, 1, 0, -1, 0, -1, 0, 0, 0, 0, 1, 0, 0, 0, -1 ], 
              [ 1, 2, -1, 0, -2, 0, -1, 0, 1, 0, 1, 0, 0, 0, 0, -1, 0, 0, 0, 1 ] ], 
          [ [ 1, 2, 0, -1, 1, -1, 1, 0, -1, -1, -1, 0, 0, -1, 0, 1, 0, 0, 0, -1 ], 
              [ 1, -2, 0, 1, -1, 1, -1, 0, 1, 1, 1, 0, 0, 1, 0, -1, 0, 0, 0, 1 ] ], 
          [ [ 1, -6, 2, 2, 3, 1, 2, 1, -1, 0, 0, 1, -1, -1, 0, 0, 1, -3, -2, -2 ], 
              [ 1, 6, -2, -2, -3, -1, -2, -1, 1, 0, 0, -1, 1, 1, 0, 0, -1, 3, 2, 2 ] ], 
          [ [ 1, -5, 1, 1, 2, 2, 2, 1, -1, 1, -1, 0, 1, 1, 0, -1, 0, -2, -1, -2 ], 
              [ 1, 5, -1, -1, -2, -2, -2, -1, 1, -1, 1, 0, -1, -1, 0, 1, 0, 2, 1, 2 ] ], 
          [ [ 1, -3, 0, 0, 1, 2, 1, -1, 2, 2, 0, 0, 1, 1, -1, 0, -1, -1, -1, -2 ], 
              [ 1, 3, 0, 0, -1, -2, -1, 1, -2, -2, 0, 0, -1, -1, 1, 0, 1, 1, 1, 2 ] ], 
          [ [ 1, -6, 2, 2, 2, 1, 1, 0, 0, 2, 1, 2, -2, 0, 0, -1, 1, -3, -2, -2 ], 
              [ 1, 6, -2, -2, -2, -1, -1, 0, 0, -2, -1, -2, 2, 0, 0, 1, -1, 3, 2, 2 ] ], 
          [ [ 1, -6, 2, 2, 2, 1, 1, 0, 0, 2, 1, 2, -2, 0, -1, 0, 1, -3, -2, -1 ], 
              [ 1, 6, -2, -2, -2, -1, -1, 0, 0, -2, -1, -2, 2, 0, 1, 0, -1, 3, 2, 1 ] ], 
          [ [ 1, -5, 2, 2, 2, 0, 1, 0, -1, 1, 1, 1, -2, 0, 0, 0, 1, -2, -1, -1 ], 
              [ 1, 5, -2, -2, -2, 0, -1, 0, 1, -1, -1, -1, 2, 0, 0, 0, -1, 2, 1, 1 ] ], 
          [ [ 1, -9, 3, 3, 3, 2, 2, 2, -2, 2, 1, 2, -2, 0, 0, -1, 1, -5, -3, -2 ], 
              [ 1, 9, -3, -3, -3, -2, -2, -2, 2, -2, -1, -2, 2, 0, 0, 1, -1, 5, 3, 2 ] ], 
          [ [ 1, -3, 2, 1, 1, 0, 2, 1, -2, 0, 0, 1, -1, -1, 0, 0, 1, -2, -1, -1 ], 
              [ 1, 3, -2, -1, -1, 0, -2, -1, 2, 0, 0, -1, 1, 1, 0, 0, -1, 2, 1, 1 ] ], 
          [ [ 1, -3, 1, 1, 1, 0, 0, -2, 2, 2, 2, 1, -2, 0, -1, 1, 0, -1, -1, -1 ], 
              [ 1, 3, -1, -1, -1, 0, 0, 2, -2, -2, -2, -1, 2, 0, 1, -1, 0, 1, 1, 1 ] ], 
          [ [ 1, 0, 0, -1, -1, 1, 0, 0, 1, 2, 0, 0, 1, 0, -1, 0, 0, 1, 0, -1 ], 
              [ 1, 0, 0, 1, 1, -1, 0, 0, -1, -2, 0, 0, -1, 0, 1, 0, 0, -1, 0, 1 ] ], 
          [ [ 1, 0, 0, -1, -1, 1, 0, 0, 1, 2, 0, 0, 1, 1, -1, 0, -1, 0, 0, -1 ], 
              [ 1, 0, 0, 1, 1, -1, 0, 0, -1, -2, 0, 0, -1, -1, 1, 0, 1, 0, 0, 1 ] ], 
          [ [ 1, -1, 1, 1, 1, -1, 1, 0, -1, 0, 1, 1, -2, -1, 0, 0, 1, -2, -1, -1 ], 
              [ 1, 1, -1, -1, -1, 1, -1, 0, 1, 0, -1, -1, 2, 1, 0, 0, -1, 2, 1, 1 ] ], 
          [ [ 1, 0, 1, 0, 0, -1, 1, -1, 0, 0, 1, 0, -1, -1, -1, 2, 1, 0, 0, 0 ], 
              [ 1, 0, -1, 0, 0, 1, -1, 1, 0, 0, -1, 0, 1, 1, 1, -2, -1, 0, 0, 0 ] ], 
          [ [ 1, -6, 2, 3, 2, 0, 1, -1, 1, 1, 2, 2, -3, -1, -1, 0, 2, -3, -2, -1 ], 
              [ 1, 6, -2, -3, -2, 0, -1, 1, -1, -1, -2, -2, 3, 1, 1, 0, -2, 3, 2, 1 ] ], 
          [ [ 1, -9, 2, 3, 2, 3, 2, 1, 0, 3, 1, 2, -1, 1, -1, -2, 1, -5, -3, -2 ], 
              [ 1, 9, -2, -3, -2, -3, -2, -1, 0, -3, -1, -2, 1, -1, 1, 2, -1, 5, 3, 2 ] ],
          [ [ 1, 0, 1, 0, 2, -2, 1, 0, -2, -1, 0, 1, -2, -1, 1, 1, 0, -1, 0, -1 ], 
              [ 1, 0, -1, 0, -2, 2, -1, 0, 2, 1, 0, -1, 2, 1, -1, -1, 0, 1, 0, 1 ] ], 
          [ [ 1, 3, -1, -2, 0, -1, -1, -1, 1, 1, 0, 0, 0, 0, 0, 1, -1, 2, 1, -1 ], 
              [ 1, -3, 1, 2, 0, 1, 1, 1, -1, -1, 0, 0, 0, 0, 0, -1, 1, -2, -1, 1 ] ], 
          [ [ 1, 0, 0, -1, 1, 0, 1, 0, -1, 1, 0, 0, 0, 0, 0, 1, -1, 0, 0, -1 ], 
              [ 1, 0, 0, 1, -1, 0, -1, 0, 1, -1, 0, 0, 0, 0, 0, -1, 1, 0, 0, 1 ] ], 
          [ [ 1, 6, -1, -3, -1, -2, 0, 0, -1, -1, -1, -1, 1, -1, 0, 2, -1, 3, 2, 0 ], 
              [ 1, -6, 1, 3, 1, 2, 0, 0, 1, 1, 1, 1, -1, 1, 0, -2, 1, -3, -2, 0 ] ], 
          [ [ 1, -8, 2, 2, 3, 2, 2, 1, -1, 2, 0, 2, -1, 1, 0, -1, 0, -4, -2, -2 ], 
              [ 1, 8, -2, -2, -3, -2, -2, -1, 1, -2, 0, -2, 1, -1, 0, 1, 0, 4, 2, 2 ] ], 
          [ [ 1, -6, 1, 2, 3, 1, 1, 0, 0, 2, 1, 2, -2, 0, 0, -1, 0, -3, -2, -2 ], 
              [ 1, 6, -1, -2, -3, -1, -1, 0, 0, -2, -1, -2, 2, 0, 0, 1, 0, 3, 2, 2 ] ], 
          [ [ 1, -6, 1, 2, 3, 1, 1, 0, 0, 2, 1, 2, -2, 1, 0, -1, 0, -4, -2, -2 ], 
              [ 1, 6, -1, -2, -3, -1, -1, 0, 0, -2, -1, -2, 2, -1, 0, 1, 0, 4, 2, 2 ] ], 
          [ [ 1, 0, 0, 0, 1, -1, 0, 0, 0, 0, 0, 1, -1, 0, 0, 0, 0, -1, 0, -1 ], 
              [ 1, 0, 0, 0, -1, 1, 0, 0, 0, 0, 0, -1, 1, 0, 0, 0, 0, 1, 0, 1 ] ], 
          [ [ 1, 0, 0, 0, 1, -1, 1, -1, 0, 0, 0, 1, -1, 0, 0, 0, 0, -1, 0, -1 ], 
              [ 1, 0, 0, 0, -1, 1, -1, 1, 0, 0, 0, -1, 1, 0, 0, 0, 0, 1, 0, 1 ] ], 
          [ [ 1, -3, 0, 0, 1, 2, 1, 2, -1, 2, -1, 1, 1, 1, 0, -2, -1, -2, -1, -2 ], 
              [ 1, 3, 0, 0, -1, -2, -1, -2, 1, -2, 1, -1, -1, -1, 0, 2, 1, 2, 1, 2 ] ], 
          [ [ 1, -3, 1, 1, 2, 0, 2, 1, -2, 0, 0, 1, -1, -1, 0, 0, 1, -2, -1, -1 ], 
              [ 1, 3, -1, -1, -2, 0, -2, -1, 2, 0, 0, -1, 1, 1, 0, 0, -1, 2, 1, 1 ] ], 
          [ [ 1, -3, 1, 1, 2, 0, 2, 1, -2, 0, 0, 1, -1, 0, 0, 0, 0, -3, -1, -1 ], 
              [ 1, 3, -1, -1, -2, 0, -2, -1, 2, 0, 0, -1, 1, 0, 0, 0, 0, 3, 1, 1 ] ], 
          [ [ 1, 3, -2, -2, -1, 0, -1, -2, 3, 2, 0, 0, 1, 1, -1, 0, -2, 2, 1, -1 ], 
              [ 1, -3, 2, 2, 1, 0, 1, 2, -3, -2, 0, 0, -1, -1, 1, 0, 2, -2, -1, 1 ] ], 
          [ [ 1, 0, -1, -1, 0, 1, 0, 0, 1, 2, 0, 0, 1, 1, 0, -1, -1, 0, 0, -2 ], 
              [ 1, 0, 1, 1, 0, -1, 0, 0, -1, -2, 0, 0, -1, -1, 0, 1, 1, 0, 0, 2 ] ], 
          [ [ 1, 0, 0, 0, 1, -1, 1, -1, 0, 0, 1, 0, -1, -1, 0, 1, 0, 0, 0, -1 ], 
              [ 1, 0, 0, 0, -1, 1, -1, 1, 0, 0, -1, 0, 1, 1, 0, -1, 0, 0, 0, 1 ] ], 
          [ [ 1, 0, -1, -1, 0, 1, 0, 0, 1, 2, 0, 0, 1, 1, -1, 0, -1, 0, 0, -1 ], 
              [ 1, 0, 1, 1, 0, -1, 0, 0, -1, -2, 0, 0, -1, -1, 1, 0, 1, 0, 0, 1 ] ], 
          [ [ 1, -2, 0, 0, 1, 0, 0, 0, 0, 2, 1, 1, -1, 1, 0, 0, -1, -1, 0, -1 ], 
              [ 1, 2, 0, 0, -1, 0, 0, 0, 0, -2, -1, -1, 1, -1, 0, 0, 1, 1, 0, 1 ] ], 
          [ [ 1, 3, -1, -2, -1, 1, 0, 0, -1, 0, -1, -1, 2, 0, 0, 1, -1, 2, 1, -1 ], 
              [ 1, -3, 1, 2, 1, -1, 0, 0, 1, 0, 1, 1, -2, 0, 0, -1, 1, -2, -1, 1 ] ], 
          [ [ 1, -6, 1, 2, 2, 3, 2, 1, -2, 1, 0, 1, 0, 0, 0, -1, 1, -3, -2, -2 ], 
              [ 1, 6, -1, -2, -2, -3, -2, -1, 2, -1, 0, -1, 0, 0, 0, 1, -1, 3, 2, 2 ] ], 
          [ [ 1, 0, 1, 0, 1, 0, 1, 0, -2, -1, -1, 0, 0, -1, 0, 1, 1, 0, 0, -1 ], 
              [ 1, 0, -1, 0, -1, 0, -1, 0, 2, 1, 1, 0, 0, 1, 0, -1, -1, 0, 0, 1 ] ], 
          [ [ 1, -5, 1, 1, 1, 3, 1, -1, 1, 2, 0, 0, 1, 1, -1, 0, 0, -1, -1, -2 ], 
              [ 1, 5, -1, -1, -1, -3, -1, 1, -1, -2, 0, 0, -1, -1, 1, 0, 0, 1, 1, 2 ] ], 
          [ [ 1, -6, 1, 2, 2, 3, 1, 0, 0, 2, 0, 1, 0, 1, -1, -1, 0, -3, -2, -2 ], 
              [ 1, 6, -1, -2, -2, -3, -1, 0, 0, -2, 0, -1, 0, -1, 1, 1, 0, 3, 2, 2 ] ], 
          [ [ 1, -2, 1, 0, 1, 1, 1, 0, -2, 1, 0, 0, 0, 0, 0, 1, 0, 0, 0, -1 ], 
              [ 1, 2, -1, 0, -1, -1, -1, 0, 2, -1, 0, 0, 0, 0, 0, -1, 0, 0, 0, 1 ] ], 
          [ [ 1, 2, 0, -1, 0, 0, 1, 0, -2, 0, 0, 0, 0, -1, 0, 1, 0, 0, 0, -1 ], 
              [ 1, -2, 0, 1, 0, 0, -1, 0, 2, 0, 0, 0, 0, 1, 0, -1, 0, 0, 0, 1 ] ], 
          [ [ 1, -8, 2, 3, 3, 2, 1, 0, -1, 2, 1, 2, -2, 1, 0, -1, 1, -4, -2, -2 ], 
              [ 1, 8, -2, -3, -3, -2, -1, 0, 1, -2, -1, -2, 2, -1, 0, 1, -1, 4, 2, 2 ] ], 
          [ [ 1, -6, 2, 2, 2, 2, 2, 1, -2, 1, 0, 2, -1, 0, 0, -1, 1, -4, -2, -2 ], 
              [ 1, 6, -2, -2, -2, -2, -2, -1, 2, -1, 0, -2, 1, 0, 0, 1, -1, 4, 2, 2 ] ], 
          [ [ 1, -5, 2, 2, 2, 1, 2, 1, -3, 0, 0, 1, -1, 0, 0, 0, 1, -3, -1, -1 ], 
              [ 1, 5, -2, -2, -2, -1, -2, -1, 3, 0, 0, -1, 1, 0, 0, 0, -1, 3, 1, 1 ] ], 
          [ [ 1, -3, 0, 0, 0, 3, 0, 0, 1, 3, 0, 1, 1, 1, -1, -1, -1, -1, -1, -2 ], 
              [ 1, 3, 0, 0, 0, -3, 0, 0, -1, -3, 0, -1, -1, -1, 1, 1, 1, 1, 1, 2 ] ], 
          [ [ 1, -4, 1, 2, 2, 1, 1, 0, -1, 1, 1, 2, -2, -1, 0, -1, 1, -3, -2, -2 ], 
              [ 1, 4, -1, -2, -2, -1, -1, 0, 1, -1, -1, -2, 2, 1, 0, 1, -1, 3, 2, 2 ] ], 
          [ [ 1, -3, 1, 1, 1, 1, 1, -1, 0, 1, 1, 1, -1, -1, -1, 1, 1, -1, -1, -1 ], 
              [ 1, 3, -1, -1, -1, -1, -1, 1, 0, -1, -1, -1, 1, 1, 1, -1, -1, 1, 1, 1 ] ], 
          [ [ 1, -6, 2, 2, 2, 2, 2, 1, -2, 1, 1, 1, -1, -1, 0, 0, 1, -3, -2, -2 ], 
              [ 1, 6, -2, -2, -2, -2, -2, -1, 2, -1, -1, -1, 1, 1, 0, 0, -1, 3, 2, 2 ] ], 
          [ [ 1, -3, 1, 1, 1, 1, 1, -1, 0, 1, 1, 1, -1, 0, -1, 1, 0, -2, -1, -1 ], 
              [ 1, 3, -1, -1, -1, -1, -1, 1, 0, -1, -1, -1, 1, 0, 1, -1, 0, 2, 1, 1 ] ], 
          [ [ 1, -2, 0, 0, 0, 2, 0, 0, 0, 2, 0, 0, 1, 1, -1, 0, 0, 0, 0, -1 ], 
              [ 1, 2, 0, 0, 0, -2, 0, 0, 0, -2, 0, 0, -1, -1, 1, 0, 0, 0, 0, 1 ] ], 
          [ [ 1, 3, -1, -2, 0, 0, 0, 0, -1, 0, -1, 0, 1, 0, 0, 1, -1, 1, 1, -1 ], 
              [ 1, -3, 1, 2, 0, 0, 0, 0, 1, 0, 1, 0, -1, 0, 0, -1, 1, -1, -1, 1 ] ], 
          [ [ 1, -6, 1, 2, 3, 2, 2, 1, -2, 1, 0, 2, -1, 0, 0, -1, 0, -4, -2, -2 ], 
              [ 1, 6, -1, -2, -3, -2, -2, -1, 2, -1, 0, -2, 1, 0, 0, 1, 0, 4, 2, 2 ] ], 
          [ [ 1, -3, 0, 1, 2, 1, 1, -1, 0, 1, 1, 1, -1, 0, 0, 0, 0, -2, -1, -2 ], 
              [ 1, 3, 0, -1, -2, -1, -1, 1, 0, -1, -1, -1, 1, 0, 0, 0, 0, 2, 1, 2 ] ], 
          [ [ 1, 0, 0, 0, 0, 0, 0, 0, -1, 1, 1, 1, -1, 0, 0, 0, 0, -1, 0, -1 ], 
              [ 1, 0, 0, 0, 0, 0, 0, 0, 1, -1, -1, -1, 1, 0, 0, 0, 0, 1, 0, 1 ] ], 
          [ [ 1, -6, 2, 2, 2, 2, 1, 0, 0, 2, 1, 1, -1, 0, -1, 0, 1, -3, -2, -2 ], 
              [ 1, 6, -2, -2, -2, -2, -1, 0, 0, -2, -1, -1, 1, 0, 1, 0, -1, 3, 2, 2 ] ], 
          [ [ 1, 0, 0, -1, 1, 1, 1, 0, -1, 1, -1, 0, 1, 0, 0, 0, -1, 0, 0, -2 ], 
              [ 1, 0, 0, 1, -1, -1, -1, 0, 1, -1, 1, 0, -1, 0, 0, 0, 1, 0, 0, 2 ] ], 
          [ [ 1, -3, 1, 1, 1, 1, 1, 0, -1, 2, 1, 1, -1, 0, -1, 0, 0, -2, -1, -1 ], 
              [ 1, 3, -1, -1, -1, -1, -1, 0, 1, -2, -1, -1, 1, 0, 1, 0, 0, 2, 1, 1 ] ], 
          [ [ 1, -3, 1, 1, 0, 1, 0, 0, 1, 0, 0, 0, 0, 0, 0, 0, 1, 0, -1, 0 ], 
              [ 1, 3, -1, -1, 0, -1, 0, 0, -1, 0, 0, 0, 0, 0, 0, 0, -1, 0, 1, 0 ] ], 
          [ [ 1, 3, -2, -2, -2, 1, -1, 0, 2, 0, -2, -1, 3, 1, 0, -1, -1, 3, 1, 0 ], 
              [ 1, -3, 2, 2, 2, -1, 1, 0, -2, 0, 2, 1, -3, -1, 0, 1, 1, -3, -1, 0 ] ], 
          [ [ 1, 0, 0, 0, 0, 0, 1, 1, -1, -2, -1, -1, 1, -1, 1, 0, 1, 1, 0, 0 ], 
              [ 1, 0, 0, 0, 0, 0, -1, -1, 1, 2, 1, 1, -1, 1, -1, 0, -1, -1, 0, 0 ] ], 
          [ [ 1, 3, -1, -1, -1, -1, 0, -1, 1, -2, -1, -1, 1, 0, 0, 1, 0, 2, 1, 1 ], 
              [ 1, -3, 1, 1, 1, 1, 0, 1, -1, 2, 1, 1, -1, 0, 0, -1, 0, -2, -1, -1 ] ], 
          [ [ 1, 2, -1, -1, -1, 0, 0, -1, 2, -1, 0, -1, 1, -1, 0, 1, 0, 2, 0, 0 ], 
              [ 1, -2, 1, 1, 1, 0, 0, 1, -2, 1, 0, 1, -1, 1, 0, -1, 0, -2, 0, 0 ] ], 
          [ [ 1, 3, -2, -2, -2, 1, -1, 0, 2, 0, -1, -2, 3, 1, 0, 0, -1, 3, 1, 0 ], 
              [ 1, -3, 2, 2, 2, -1, 1, 0, -2, 0, 1, 2, -3, -1, 0, 0, 1, -3, -1, 0 ] ], 
          [ [ 1, 5, -1, -2, -3, -1, -1, 0, 1, -1, 0, -1, 1, -1, 0, 1, 0, 3, 1, 1 ], 
              [ 1, -5, 1, 2, 3, 1, 1, 0, -1, 1, 0, 1, -1, 1, 0, -1, 0, -3, -1, -1 ] ], 
          [ [ 1, -4, 1, 2, 0, 1, 1, 1, 0, 0, 1, 1, -1, -1, 0, -1, 2, -2, -2, 0 ], 
              [ 1, 4, -1, -2, 0, -1, -1, -1, 0, 0, -1, -1, 1, 1, 0, 1, -2, 2, 2, 0 ] ], 
          [ [ 1, -3, 1, 1, 1, 0, 1, 1, -1, -1, 0, 1, -1, -1, 1, 0, 1, -1, -1, 0 ], 
              [ 1, 3, -1, -1, -1, 0, -1, -1, 1, 1, 0, -1, 1, 1, -1, 0, -1, 1, 1, 0 ] ], 
          [ [ 1, -2, 0, 0, 0, 1, 0, 2, -1, 0, -1, 0, 1, 1, 1, -1, 0, 0, 0, 0 ], 
              [ 1, 2, 0, 0, 0, -1, 0, -2, 1, 0, 1, 0, -1, -1, -1, 1, 0, 0, 0, 0 ] ], 
          [ [ 1, 4, -2, -2, -2, -1, -2, -2, 3, 0, 0, -1, 1, 1, 0, 1, -1, 4, 2, 1 ], 
              [ 1, -4, 2, 2, 2, 1, 2, 2, -3, 0, 0, 1, -1, -1, 0, -1, 1, -4, -2, -1 ] ], 
          [ [ 1, 0, -1, -1, -1, 1, -1, 0, 2, 1, 0, 0, 1, 1, 0, 0, -1, 1, 0, 0 ], 
              [ 1, 0, 1, 1, 1, -1, 1, 0, -2, -1, 0, 0, -1, -1, 0, 0, 1, -1, 0, 0 ] ], 
          [ [ 1, 5, -2, -2, -2, -1, -1, 0, 1, -1, -1, 0, 1, 0, 1, -1, -1, 2, 1, 0 ], 
              [ 1, -5, 2, 2, 2, 1, 1, 0, -1, 1, 1, 0, -1, 0, -1, 1, 1, -2, -1, 0 ] ], 
          [ [ 1, 6, -2, -3, -3, -1, -1, -1, 2, -1, -1, -1, 2, 0, 0, 1, -1, 4, 2, 1 ], 
              [ 1, -6, 2, 3, 3, 1, 1, 1, -2, 1, 1, 1, -2, 0, 0, -1, 1, -4, -2, -1 ] ], 
          [ [ 1, -1, 0, 1, 1, -1, 0, 0, 0, -1, 1, 1, -2, -1, 1, 0, 1, -1, -1, 0 ], 
              [ 1, 1, 0, -1, -1, 1, 0, 0, 0, 1, -1, -1, 2, 1, -1, 0, -1, 1, 1, 0 ] ], 
          [ [ 1, 5, -1, -1, -1, -3, -1, 0, 0, -3, 0, 0, -1, -2, 1, 1, 1, 2, 1, 1 ], 
              [ 1, -5, 1, 1, 1, 3, 1, 0, 0, 3, 0, 0, 1, 2, -1, -1, -1, -2, -1, -1 ] ], 
          [ [ 1, 5, -1, -1, -1, -3, 0, -1, 0, -3, 0, 0, -1, -2, 1, 1, 1, 2, 1, 1 ], 
              [ 1, -5, 1, 1, 1, 3, 0, 1, 0, 3, 0, 0, 1, 2, -1, -1, -1, -2, -1, -1 ] ], 
          [ [ 1, 2, -1, -1, -1, 0, 0, 2, -1, -1, -1, 0, 1, -1, 1, -1, 0, 1, 0, 0 ], 
              [ 1, -2, 1, 1, 1, 0, 0, -2, 1, 1, 1, 0, -1, 1, -1, 1, 0, -1, 0, 0 ] ], 
          [ [ 1, 5, -2, -2, -2, -1, -1, 0, 1, -1, -1, 0, 1, 0, 0, 0, -1, 2, 1, 1 ], 
              [ 1, -5, 2, 2, 2, 1, 1, 0, -1, 1, 1, 0, -1, 0, 0, 0, 1, -2, -1, -1 ] ], 
          [ [ 1, 6, -2, -2, -2, -2, -1, 0, 0, -2, -1, -1, 1, 0, 1, 0, 0, 3, 2, 1 ], 
              [ 1, -6, 2, 2, 2, 2, 1, 0, 0, 2, 1, 1, -1, 0, -1, 0, 0, -3, -2, -1 ] ], 
          [ [ 1, 2, -1, -1, -1, 0, 0, 2, -1, -1, -1, 0, 1, 0, 1, -1, 0, 0, 0, 0 ], 
              [ 1, -2, 1, 1, 1, 0, 0, -2, 1, 1, 1, 0, -1, 0, -1, 1, 0, 0, 0, 0 ] ], 
          [ [ 1, 2, 0, 0, 0, -2, 1, 1, -2, -3, 0, 0, -1, -2, 1, 1, 1, 0, 0, 1 ], 
              [ 1, -2, 0, 0, 0, 2, -1, -1, 2, 3, 0, 0, 1, 2, -1, -1, -1, 0, 0, -1 ] ], 
          [ [ 1, 8, -3, -3, -3, -2, -2, -2, 3, -1, 0, -1, 1, -1, 0, 1, -1, 5, 2, 1 ], 
              [ 1, -8, 3, 3, 3, 2, 2, 2, -3, 1, 0, 1, -1, 1, 0, -1, 1, -5, -2, -1 ] ], 
          [ [ 1, 5, -2, -2, -2, -1, -1, 0, 1, -1, 0, -1, 1, -1, 1, 0, 0, 3, 1, 0 ], 
              [ 1, -5, 2, 2, 2, 1, 1, 0, -1, 1, 0, 1, -1, 1, -1, 0, 0, -3, -1, 0 ] ], 
          [ [ 1, 8, -3, -3, -3, -2, -2, -2, 3, -1, 0, -1, 1, 0, 0, 1, -1, 4, 2, 1 ], 
              [ 1, -8, 3, 3, 3, 2, 2, 2, -3, 1, 0, 1, -1, 0, 0, -1, 1, -4, -2, -1 ] ], 
          [ [ 1, 5, -3, -3, -3, 1, -1, 0, 2, 1, -1, -1, 3, 1, 0, -1, -2, 3, 1, 0 ], 
              [ 1, -5, 3, 3, 3, -1, 1, 0, -2, -1, 1, 1, -3, -1, 0, 1, 2, -3, -1, 0 ] ], 
          [ [ 1, 5, -2, -2, -2, -1, -1, 0, 1, -1, 0, -1, 1, -1, 0, 1, 0, 3, 1, 1 ], 
              [ 1, -5, 2, 2, 2, 1, 1, 0, -1, 1, 0, 1, -1, 1, 0, -1, 0, -3, -1, -1 ] ], 
          [ [ 1, -3, 0, 1, 0, 1, 0, 1, 1, 0, 0, 1, 0, 0, 0, -1, 1, -1, -1, 0 ], 
              [ 1, 3, 0, -1, 0, -1, 0, -1, -1, 0, 0, -1, 0, 0, 0, 1, -1, 1, 1, 0 ] ], 
          [ [ 1, 0, -1, 0, -1, 0, -1, -1, 3, 0, 1, 0, 0, 0, 0, 0, 0, 1, 0, 0 ], 
              [ 1, 0, 1, 0, 1, 0, 1, 1, -3, 0, -1, 0, 0, 0, 0, 0, 0, -1, 0, 0 ] ], 
          [ [ 1, -1, -1, 1, 0, 0, 0, -1, 2, 0, 1, 1, -1, 0, 0, -1, 0, -1, -1, 0 ], 
              [ 1, 1, 1, -1, 0, 0, 0, 1, -2, 0, -1, -1, 1, 0, 0, 1, 0, 1, 1, 0 ] ], 
          [ [ 1, 5, -3, -2, -1, -1, -1, 0, 1, -1, -1, 0, 1, 0, 1, -1, -1, 2, 1, 0 ], 
              [ 1, -5, 3, 2, 1, 1, 1, 0, -1, 1, 1, 0, -1, 0, -1, 1, 1, -2, -1, 0 ] ], 
          [ [ 1, 3, -2, -2, -1, 0, 0, 1, 0, -1, -1, -1, 2, 0, 1, 0, -1, 2, 1, 0 ], 
              [ 1, -3, 2, 2, 1, 0, 0, -1, 0, 1, 1, 1, -2, 0, -1, 0, 1, -2, -1, 0 ] ], 
          [ [ 1, 3, -1, -1, -1, -2, -1, 0, 0, -1, 0, 1, -1, 0, 1, 0, 0, 1, 1, 1 ], 
              [ 1, -3, 1, 1, 1, 2, 1, 0, 0, 1, 0, -1, 1, 0, -1, 0, 0, -1, -1, -1 ] ], 
          [ [ 1, 3, -1, -1, -1, -2, -1, 0, 0, -1, 1, 0, -1, -1, 1, 1, 0, 2, 1, 1 ], 
              [ 1, -3, 1, 1, 1, 2, 1, 0, 0, 1, -1, 0, 1, 1, -1, -1, 0, -2, -1, -1 ] ], 
          [ [ 1, 3, -2, -1, -2, -1, -1, -1, 2, 0, 1, 0, 0, 0, 0, 0, 0, 2, 1, 1 ], 
              [ 1, -3, 2, 1, 2, 1, 1, 1, -2, 0, -1, 0, 0, 0, 0, 0, 0, -2, -1, -1 ] ], 
          [ [ 1, -1, 0, 0, 0, 1, 0, 0, 2, 0, -1, 0, 1, 0, 0, -1, 0, 0, -1, -1 ], 
              [ 1, 1, 0, 0, 0, -1, 0, 0, -2, 0, 1, 0, -1, 0, 0, 1, 0, 0, 1, 1 ] ], 
          [ [ 1, 0, 0, 0, 0, 0, 0, 0, 1, -1, -1, -1, 1, 0, 0, 0, 0, 1, 0, 0 ], 
              [ 1, 0, 0, 0, 0, 0, 0, 0, -1, 1, 1, 1, -1, 0, 0, 0, 0, -1, 0, 0 ] ], 
          [ [ 1, 0, 0, 0, 0, 0, 0, 0, 1, -1, -1, -1, 1, 0, 0, 0, 1, 1, 0, 0 ], 
              [ 1, 0, 0, 0, 0, 0, 0, 0, -1, 1, 1, 1, -1, 0, 0, 0, -1, -1, 0, 0 ] ], 
          [ [ 1, 2, 1, 0, -1, -2, 0, 0, 0, -2, 0, 0, -1, -2, 0, 1, 2, 1, 0, 1 ], 
              [ 1, -2, -1, 0, 1, 2, 0, 0, 0, 2, 0, 0, 1, 2, 0, -1, -2, -1, 0, -1 ] ], 
          [ [ 1, -3, 1, 1, -1, 1, 0, -1, 3, 1, 1, 0, 0, 0, -1, 0, 1, 0, -1, 0 ], 
              [ 1, 3, -1, -1, 1, -1, 0, 1, -3, -1, -1, 0, 0, 0, 1, 0, -1, 0, 1, 0 ] ], 
          [ [ 1, -4, 1, 2, 0, 1, 0, 0, 2, 1, 1, 1, -1, 0, -1, -1, 1, -2, -2, 0 ], 
              [ 1, 4, -1, -2, 0, -1, 0, 0, -2, -1, -1, -1, 1, 0, 1, 1, -1, 2, 2, 0 ] ], 
          [ [ 1, 2, 0, -1, 0, -1, 0, 1, -1, -1, -1, 0, 0, -1, 1, 0, 0, 1, 0, 0 ], 
              [ 1, -2, 0, 1, 0, 1, 0, -1, 1, 1, 1, 0, 0, 1, -1, 0, 0, -1, 0, 0 ] ], 
          [ [ 1, 11, -3, -5, -4, -2, -2, -1, 2, -1, -2, -2, 3, 0, 0, 1, -2, 6, 3, 1 ], 
              [ 1, -11, 3, 5, 4, 2, 2, 1, -2, 1, 2, 2, -3, 0, 0, -1, 2, -6, -3, -1 ] ], 
          [ [ 1, 8, -1, -3, -2, -3, 0, 0, -1, -3, -1, -2, 1, -2, 1, 2, 0, 4, 2, 1 ], 
              [ 1, -8, 1, 3, 2, 3, 0, 0, 1, 3, 1, 2, -1, 2, -1, -2, 0, -4, -2, -1 ] ], 
          [ [ 1, -3, 1, 1, 1, 0, 0, 0, 1, 0, 0, 1, -1, 0, 0, 0, 0, -1, -1, 0 ], 
              [ 1, 3, -1, -1, -1, 0, 0, 0, -1, 0, 0, -1, 1, 0, 0, 0, 0, 1, 1, 0 ] ], 
          [ [ 1, -3, 1, 1, 1, 0, 0, 0, 1, 0, 0, 1, -1, 0, 0, 0, 1, -1, -1, 0 ], 
              [ 1, 3, -1, -1, -1, 0, 0, 0, -1, 0, 0, -1, 1, 0, 0, 0, -1, 1, 1, 0 ] ], 
          [ [ 1, -2, 1, 1, 1, -1, 0, 0, 0, -1, 0, 0, -1, 0, 1, 0, 1, 0, 0, 0 ], 
              [ 1, 2, -1, -1, -1, 1, 0, 0, 0, 1, 0, 0, 1, 0, -1, 0, -1, 0, 0, 0 ] ], 
          [ [ 1, -6, 2, 2, 2, 1, 1, 2, -1, 0, 0, 1, -1, 0, 1, -1, 1, -3, -2, -1 ], 
              [ 1, 6, -2, -2, -2, -1, -1, -2, 1, 0, 0, -1, 1, 0, -1, 1, -1, 3, 2, 1 ] ], 
          [ [ 1, -2, 0, 0, 0, 1, 0, 0, 1, 1, -1, 0, 1, 2, 0, -1, -1, 0, 0, 0 ], 
              [ 1, 2, 0, 0, 0, -1, 0, 0, -1, -1, 1, 0, -1, -2, 0, 1, 1, 0, 0, 0 ] ], 
          [ [ 1, 0, 1, 0, 0, -1, 1, 1, -1, -2, -1, 0, 0, -1, 1, 0, 1, 0, 0, 0 ], 
              [ 1, 0, -1, 0, 0, 1, -1, -1, 1, 2, 1, 0, 0, 1, -1, 0, -1, 0, 0, 0 ] ], 
          [ [ 1, -2, 1, 1, 1, -1, 0, 0, 0, -1, 0, 0, -1, 0, 0, 1, 1, 0, 0, 1 ], 
              [ 1, 2, -1, -1, -1, 1, 0, 0, 0, 1, 0, 0, 1, 0, 0, -1, -1, 0, 0, -1 ] ], 
          [ [ 1, -1, 1, 1, 1, -1, 1, 2, -2, -2, -1, 1, -1, -1, 1, -1, 1, -2, -1, 0 ], 
              [ 1, 1, -1, -1, -1, 1, -1, -2, 2, 2, 1, -1, 1, 1, -1, 1, -1, 2, 1, 0 ] ], 
          [ [ 1, 0, 1, 0, 0, -1, 1, 1, -1, -2, -1, 0, 0, -1, 0, 1, 1, 0, 0, 1 ], 
              [ 1, 0, -1, 0, 0, 1, -1, -1, 1, 2, 1, 0, 0, 1, 0, -1, -1, 0, 0, -1 ] ], 
          [ [ 1, 0, 0, 0, 0, -1, -1, -2, 3, 0, 1, 0, -1, 0, 0, 1, 0, 1, 0, 0 ], 
              [ 1, 0, 0, 0, 0, 1, 1, 2, -3, 0, -1, 0, 1, 0, 0, -1, 0, -1, 0, 0 ] ], 
          [ [ 1, -3, 0, 0, 0, 2, 0, 0, 2, 2, 0, 0, 1, 1, 0, -1, -1, 0, -1, -1 ], 
              [ 1, 3, 0, 0, 0, -2, 0, 0, -2, -2, 0, 0, -1, -1, 0, 1, 1, 0, 1, 1 ] ], 
          [ [ 1, 3, -1, -2, -2, 0, -1, 0, 2, 0, -1, -1, 2, 0, 0, 0, -1, 3, 1, 0 ], 
              [ 1, -3, 1, 2, 2, 0, 1, 0, -2, 0, 1, 1, -2, 0, 0, 0, 1, -3, -1, 0 ] ], 
          [ [ 1, 3, -1, -2, -2, 0, -1, 0, 2, 0, -1, -1, 2, 0, 0, 0, 0, 3, 1, 0 ], 
              [ 1, -3, 1, 2, 2, 0, 1, 0, -2, 0, 1, 1, -2, 0, 0, 0, 0, -3, -1, 0 ] ], 
          [ [ 1, 3, -1, -2, -2, 0, -1, 0, 2, 0, -1, -1, 2, 1, 0, 0, -1, 2, 1, 0 ], 
              [ 1, -3, 1, 2, 2, 0, 1, 0, -2, 0, 1, 1, -2, -1, 0, 0, 1, -2, -1, 0 ] ], 
          [ [ 1, -3, 1, 1, 1, 0, 0, 0, 1, 0, 1, 0, -1, -1, 0, 1, 1, 0, -1, 0 ], 
              [ 1, 3, -1, -1, -1, 0, 0, 0, -1, 0, -1, 0, 1, 1, 0, -1, -1, 0, 1, 0 ] ], 
          [ [ 1, 2, 0, 0, 0, -2, 0, 0, 0, -2, 0, 0, -1, -2, 1, 0, 1, 1, 0, 0 ], 
              [ 1, -2, 0, 0, 0, 2, 0, 0, 0, 2, 0, 0, 1, 2, -1, 0, -1, -1, 0, 0 ] ], 
          [ [ 1, 5, -1, -1, -1, -3, -1, -2, 2, -2, 0, 0, -1, -1, 0, 1, 0, 2, 1, 1 ], 
              [ 1, -5, 1, 1, 1, 3, 1, 2, -2, 2, 0, 0, 1, 1, 0, -1, 0, -2, -1, -1 ] ], 
          [ [ 1, -2, 0, 0, 0, 1, 0, 0, 1, 1, 0, -1, 1, 1, 0, 0, 0, 1, 0, 0 ], 
              [ 1, 2, 0, 0, 0, -1, 0, 0, -1, -1, 0, 1, -1, -1, 0, 0, 0, -1, 0, 0 ] ], 
          [ [ 1, 2, -1, -1, -1, 0, -1, 1, 1, 0, -1, 0, 1, 0, 0, -1, 0, 1, 0, 0 ], 
              [ 1, -2, 1, 1, 1, 0, 1, -1, -1, 0, 1, 0, -1, 0, 0, 1, 0, -1, 0, 0 ] ], 
          [ [ 1, 2, 0, 0, 0, -2, 0, 0, 0, -2, 0, 0, -1, -1, 1, 0, 1, 0, 0, 0 ], 
              [ 1, -2, 0, 0, 0, 2, 0, 0, 0, 2, 0, 0, 1, 1, -1, 0, -1, 0, 0, 0 ] ], 
          [ [ 1, 3, 0, -1, -1, -2, 0, -1, 1, -2, 0, -1, 0, -2, 0, 2, 1, 3, 1, 1 ], 
              [ 1, -3, 0, 1, 1, 2, 0, 1, -1, 2, 0, 1, 0, 2, 0, -2, -1, -3, -1, -1 ] ], 
          [ [ 1, 3, 0, -1, -1, -2, 0, -1, 1, -2, 0, -1, 0, -1, 0, 2, 0, 2, 1, 1 ], 
              [ 1, -3, 0, 1, 1, 2, 0, 1, -1, 2, 0, 1, 0, 1, 0, -2, 0, -2, -1, -1 ] ], 
          [ [ 1, 4, -1, -2, -2, -1, -1, 0, 1, -1, -1, -2, 2, 0, 0, 1, 0, 4, 2, 1 ], 
              [ 1, -4, 1, 2, 2, 1, 1, 0, -1, 1, 1, 2, -2, 0, 0, -1, 0, -4, -2, -1 ] ], 
          [ [ 1, 3, 0, -1, -1, -2, 0, -1, 1, -2, 0, -1, 0, -1, 0, 2, 1, 2, 1, 1 ], 
              [ 1, -3, 0, 1, 1, 2, 0, 1, -1, 2, 0, 1, 0, 1, 0, -2, -1, -2, -1, -1 ] ], 
          [ [ 1, 0, 0, -1, -1, 1, 0, 2, 0, 0, -1, -1, 2, 0, 0, 0, 0, 1, 0, 0 ], 
              [ 1, 0, 0, 1, 1, -1, 0, -2, 0, 0, 1, 1, -2, 0, 0, 0, 0, -1, 0, 0 ] ], 
          [ [ 1, 2, -1, -1, -1, 0, 0, 0, 1, 0, -1, 0, 1, 0, 0, -1, -1, 1, 0, 0 ], 
              [ 1, -2, 1, 1, 1, 0, 0, 0, -1, 0, 1, 0, -1, 0, 0, 1, 1, -1, 0, 0 ] ], 
          [ [ 1, 2, -1, -1, -1, 0, 0, 0, 1, 0, -1, 0, 1, 0, 0, -1, 0, 1, 0, 0 ], 
              [ 1, -2, 1, 1, 1, 0, 0, 0, -1, 0, 1, 0, -1, 0, 0, 1, 0, -1, 0, 0 ] ], 
          [ [ 1, -1, 0, 0, 0, 1, 1, 2, -1, 0, -1, 0, 1, 0, 1, -2, 0, -1, -1, -1 ], 
              [ 1, 1, 0, 0, 0, -1, -1, -2, 1, 0, 1, 0, -1, 0, -1, 2, 0, 1, 1, 1 ] ], 
          [ [ 1, 2, -1, -1, -1, 0, 0, 0, 1, 0, -1, 0, 1, 1, 0, -1, -1, 0, 0, 0 ], 
              [ 1, -2, 1, 1, 1, 0, 0, 0, -1, 0, 1, 0, -1, -1, 0, 1, 1, 0, 0, 0 ] ], 
          [ [ 1, 0, 0, -1, -1, 1, 1, 1, 0, 0, -1, -1, 2, 0, 0, 0, 0, 1, 0, 0 ], 
              [ 1, 0, 0, 1, 1, -1, -1, -1, 0, 0, 1, 1, -2, 0, 0, 0, 0, -1, 0, 0 ] ], 
          [ [ 1, 2, 0, 0, 0, -2, 0, 0, 0, -2, 0, 0, -1, -2, 0, 1, 1, 1, 0, 1 ], 
              [ 1, -2, 0, 0, 0, 2, 0, 0, 0, 2, 0, 0, 1, 2, 0, -1, -1, -1, 0, -1 ] ], 
          [ [ 1, -1, 1, 1, 1, -1, 1, 2, -2, -2, 0, 0, -1, -2, 1, 0, 2, -1, -1, 0 ], 
              [ 1, 1, -1, -1, -1, 1, -1, -2, 2, 2, 0, 0, 1, 2, -1, 0, -2, 1, 1, 0 ] ], 
          [ [ 1, 2, 0, 0, 0, -2, 0, 0, 0, -2, 0, 0, -1, -1, 0, 1, 1, 0, 0, 1 ], 
              [ 1, -2, 0, 0, 0, 2, 0, 0, 0, 2, 0, 0, 1, 1, 0, -1, -1, 0, 0, -1 ] ], 
          [ [ 1, 3, -1, -1, -1, -1, 0, 0, 0, -1, -1, -1, 1, 0, 0, 0, 0, 2, 1, 1 ], 
              [ 1, -3, 1, 1, 1, 1, 0, 0, 0, 1, 1, 1, -1, 0, 0, 0, 0, -2, -1, -1 ] ], 
          [ [ 1, -1, 0, 0, 0, 1, 1, 2, -1, 0, -1, 0, 1, 0, 0, -1, 0, -1, -1, 0 ], 
              [ 1, 1, 0, 0, 0, -1, -1, -2, 1, 0, 1, 0, -1, 0, 0, 1, 0, 1, 1, 0 ] ], 
          [ [ 1, 5, -2, -2, -2, -1, -2, -1, 3, 0, 0, -1, 1, 0, 0, 0, -1, 3, 1, 0 ], 
              [ 1, -5, 2, 2, 2, 1, 2, 1, -3, 0, 0, 1, -1, 0, 0, 0, 1, -3, -1, 0 ] ], 
          [ [ 1, 6, -2, -3, -3, -1, -2, -2, 4, 0, 0, -2, 2, 0, -1, 2, -1, 5, 2, 1 ], 
              [ 1, -6, 2, 3, 3, 1, 2, 2, -4, 0, 0, 2, -2, 0, 1, -2, 1, -5, -2, -1 ] ], 
          [ [ 1, 5, -2, -2, -2, -1, -1, -2, 3, 0, 0, -1, 1, 0, 0, 0, -1, 3, 1, 0 ], 
              [ 1, -5, 2, 2, 2, 1, 1, 2, -3, 0, 0, 1, -1, 0, 0, 0, 1, -3, -1, 0 ] ], 
          [ [ 1, 5, -1, -1, -1, -3, -1, -2, 2, -2, 1, -1, -1, -2, 0, 2, 1, 3, 1, 1 ], 
              [ 1, -5, 1, 1, 1, 3, 1, 2, -2, 2, -1, 1, 1, 2, 0, -2, -1, -3, -1, -1 ] ], 
          [ [ 1, 2, -1, -1, -1, 0, 0, 0, 1, 0, 0, -1, 1, -1, 0, 0, 0, 2, 0, 0 ], 
              [ 1, -2, 1, 1, 1, 0, 0, 0, -1, 0, 0, 1, -1, 1, 0, 0, 0, -2, 0, 0 ] ], 
          [ [ 1, 5, -2, -2, -2, -1, -1, -2, 3, 0, 0, -1, 1, 0, -1, 1, -1, 3, 1, 1 ], 
              [ 1, -5, 2, 2, 2, 1, 1, 2, -3, 0, 0, 1, -1, 0, 1, -1, 1, -3, -1, -1 ] ], 
          [ [ 1, 2, -1, -1, -1, 0, 0, 0, 1, 0, 0, -1, 1, 0, 0, 0, -1, 1, 0, 0 ], 
              [ 1, -2, 1, 1, 1, 0, 0, 0, -1, 0, 0, 1, -1, 0, 0, 0, 1, -1, 0, 0 ] ], 
          [ [ 1, 2, -1, -1, -1, 0, 0, 0, 1, 0, 0, -1, 1, 0, 0, 0, 0, 1, 0, 0 ], 
              [ 1, -2, 1, 1, 1, 0, 0, 0, -1, 0, 0, 1, -1, 0, 0, 0, 0, -1, 0, 0 ] ], 
          [ [ 1, 8, -2, -3, -3, -2, -1, 0, 1, -2, -1, -2, 2, -1, 0, 1, 0, 4, 2, 1 ], 
              [ 1, -8, 2, 3, 3, 2, 1, 0, -1, 2, 1, 2, -2, 1, 0, -1, 0, -4, -2, -1 ] ], 
          [ [ 1, -3, 1, 2, 1, -1, 0, -1, 2, -1, 1, 1, -2, -1, 0, 0, 2, -1, -1, 0 ], 
              [ 1, 3, -1, -2, -1, 1, 0, 1, -2, 1, -1, -1, 2, 1, 0, 0, -2, 1, 1, 0 ] ], 
          [ [ 1, -6, 1, 2, 1, 2, 1, 1, 1, 1, 0, 1, 0, 0, 0, -2, 1, -2, -2, -1 ], 
              [ 1, 6, -1, -2, -1, -2, -1, -1, -1, -1, 0, -1, 0, 0, 0, 2, -1, 2, 2, 1 ] ], 
          [ [ 1, -3, 0, 1, 0, 1, 0, -1, 3, 1, 0, 1, 0, 1, -1, -1, 0, -1, -1, 0 ], 
              [ 1, 3, 0, -1, 0, -1, 0, 1, -3, -1, 0, -1, 0, -1, 1, 1, 0, 1, 1, 0 ] ], 
          [ [ 1, -6, 1, 2, 1, 2, 1, 1, 1, 1, 0, 1, 0, 1, 0, -2, 0, -3, -2, -1 ], 
              [ 1, 6, -1, -2, -1, -2, -1, -1, -1, -1, 0, -1, 0, -1, 0, 2, 0, 3, 2, 1 ] ], 
          [ [ 1, -6, 1, 2, 1, 2, 1, 1, 1, 1, 0, 1, 0, 1, 0, -2, 1, -3, -2, -1 ], 
              [ 1, 6, -1, -2, -1, -2, -1, -1, -1, -1, 0, -1, 0, -1, 0, 2, -1, 3, 2, 1 ] ],
          [ [ 1, -6, 2, 3, 2, 0, 1, 1, 0, -1, 1, 1, -2, -1, 0, 0, 2, -3, -2, 0 ], 
              [ 1, 6, -2, -3, -2, 0, -1, -1, 0, 1, -1, -1, 2, 1, 0, 0, -2, 3, 2, 0 ] ], 
          [ [ 1, -6, 2, 3, 2, 0, 2, 0, 0, -1, 1, 1, -2, -1, 0, 0, 2, -3, -2, 0 ], 
              [ 1, 6, -2, -3, -2, 0, -2, 0, 0, 1, -1, -1, 2, 1, 0, 0, -2, 3, 2, 0 ] ], 
          [ [ 1, -5, 1, 2, 1, 1, 1, 1, 0, 0, 0, 0, 0, 1, 0, -1, 1, -2, -1, 0 ], 
              [ 1, 5, -1, -2, -1, -1, -1, -1, 0, 0, 0, 0, 0, -1, 0, 1, -1, 2, 1, 0 ] ], 
          [ [ 1, -3, -1, 0, -1, 3, -1, 0, 4, 3, 0, 0, 2, 2, -1, -2, -1, 0, -1, -1 ], 
              [ 1, 3, 1, 0, 1, -3, 1, 0, -4, -3, 0, 0, -2, -2, 1, 2, 1, 0, 1, 1 ] ], 
          [ [ 1, -4, 0, 2, 1, 1, 0, 0, 2, 1, 1, 1, -1, 0, 0, -2, 1, -2, -2, -1 ], 
              [ 1, 4, 0, -2, -1, -1, 0, 0, -2, -1, -1, -1, 1, 0, 0, 2, -1, 2, 2, 1 ] ], 
          [ [ 1, -3, 0, 1, 0, 1, 0, -1, 3, 1, 1, 0, 0, 0, -1, 0, 0, 0, -1, 0 ], 
              [ 1, 3, 0, -1, 0, -1, 0, 1, -3, -1, -1, 0, 0, 0, 1, 0, 0, 0, 1, 0 ] ], 
          [ [ 1, -3, 0, 1, 0, 1, 0, -1, 3, 1, 1, 0, 0, 0, -1, 0, 1, 0, -1, 0 ], 
              [ 1, 3, 0, -1, 0, -1, 0, 1, -3, -1, -1, 0, 0, 0, 1, 0, -1, 0, 1, 0 ] ], 
          [ [ 1, -6, 1, 2, 1, 2, 1, 1, 1, 1, 1, 0, 0, 0, 0, -1, 1, -2, -2, -1 ], 
              [ 1, 6, -1, -2, -1, -2, -1, -1, -1, -1, -1, 0, 0, 0, 0, 1, -1, 2, 2, 1 ] ], 
          [ [ 1, -3, 0, 1, 0, 1, 0, -1, 3, 1, 1, 0, 0, 1, -1, 0, 0, -1, -1, 0 ], 
              [ 1, 3, 0, -1, 0, -1, 0, 1, -3, -1, -1, 0, 0, -1, 1, 0, 0, 1, 1, 0 ] ], 
          [ [ 1, -1, 0, 1, 0, 0, 1, 1, 0, -1, 0, 0, 0, -1, 0, -1, 1, -1, -1, 0 ], 
              [ 1, 1, 0, -1, 0, 0, -1, -1, 0, 1, 0, 0, 0, 1, 0, 1, -1, 1, 1, 0 ] ], 
          [ [ 1, 3, -1, -2, 0, -1, 0, 0, 0, -1, -1, -1, 1, 0, 1, 1, -1, 2, 1, 0 ], 
              [ 1, -3, 1, 2, 0, 1, 0, 0, 0, 1, 1, 1, -1, 0, -1, -1, 1, -2, -1, 0 ] ], 
          [ [ 1, 9, -2, -4, -2, -3, -1, 0, 0, -3, -2, -2, 2, -1, 1, 2, -1, 5, 3, 1 ], 
              [ 1, -9, 2, 4, 2, 3, 1, 0, 0, 3, 2, 2, -2, 1, -1, -2, 1, -5, -3, -1 ] ], 
          [ [ 1, 8, -2, -3, -1, -3, 0, 0, -1, -3, -2, -1, 1, -1, 1, 1, -1, 3, 2, 1 ], 
              [ 1, -8, 2, 3, 1, 3, 0, 0, 1, 3, 2, 1, -1, 1, -1, -1, 1, -3, -2, -1 ] ], 
          [ [ 1, 8, -3, -4, -2, -1, -1, 1, 0, -1, -2, -2, 3, 0, 1, 0, -2, 4, 2, 0 ], 
              [ 1, -8, 3, 4, 2, 1, 1, -1, 0, 1, 2, 2, -3, 0, -1, 0, 2, -4, -2, 0 ] ], 
          [ [ 1, -3, 0, 1, 2, 0, 0, 0, 1, 0, 0, 1, -1, 0, 1, -1, 0, -1, -1, -1 ], 
              [ 1, 3, 0, -1, -2, 0, 0, 0, -1, 0, 0, -1, 1, 0, -1, 1, 0, 1, 1, 1 ] ], 
          [ [ 1, 0, -1, -1, 0, 1, 0, 2, 0, 0, -2, 0, 2, 1, 1, -2, -1, 0, 0, -1 ], 
              [ 1, 0, 1, 1, 0, -1, 0, -2, 0, 0, 2, 0, -2, -1, -1, 2, 1, 0, 0, 1 ] ], 
          [ [ 1, 0, 0, 0, 1, -1, 1, 1, -1, -2, -1, 0, 0, -1, 1, 0, 0, 0, 0, 0 ], 
              [ 1, 0, 0, 0, -1, 1, -1, -1, 1, 2, 1, 0, 0, 1, -1, 0, 0, 0, 0, 0 ] ], 
          [ [ 1, 0, 0, 0, 1, -1, 1, 1, -1, -2, -1, 0, 0, -1, 1, 0, 1, 0, 0, 0 ], 
              [ 1, 0, 0, 0, -1, 1, -1, -1, 1, 2, 1, 0, 0, 1, -1, 0, -1, 0, 0, 0 ] ], 
          [ [ 1, 0, 0, 0, 1, -1, 1, 1, -1, -2, -1, 0, 0, 0, 1, 0, 0, -1, 0, 0 ], 
              [ 1, 0, 0, 0, -1, 1, -1, -1, 1, 2, 1, 0, 0, 0, -1, 0, 0, 1, 0, 0 ] ], 
          [ [ 1, 6, -3, -3, -2, -1, -2, -2, 4, 0, -1, -1, 2, 1, 0, 0, -2, 4, 2, 0 ], 
              [ 1, -6, 3, 3, 2, 1, 2, 2, -4, 0, 1, 1, -2, -1, 0, 0, 2, -4, -2, 0 ] ], 
          [ [ 1, 3, -2, -2, -1, 0, -1, 0, 2, 0, -1, -1, 2, 0, 0, 0, -1, 3, 1, 0 ], 
              [ 1, -3, 2, 2, 1, 0, 1, 0, -2, 0, 1, 1, -2, 0, 0, 0, 1, -3, -1, 0 ] ], 
          [ [ 1, 3, -1, -1, 0, -2, 0, -1, 1, -2, 0, -1, 0, -1, 1, 1, 0, 2, 1, 0 ], 
              [ 1, -3, 1, 1, 0, 2, 0, 1, -1, 2, 0, 1, 0, 1, -1, -1, 0, -2, -1, 0 ] ], 
          [ [ 1, 3, -2, -2, -1, 0, -1, 0, 2, 0, -1, -1, 2, 1, 0, 0, -2, 2, 1, 0 ], 
              [ 1, -3, 2, 2, 1, 0, 1, 0, -2, 0, 1, 1, -2, -1, 0, 0, 2, -2, -1, 0 ] ], 
          [ [ 1, 3, -2, -2, -1, 0, -1, 0, 2, 0, -1, -1, 2, 1, 0, 0, -1, 2, 1, 0 ], 
              [ 1, -3, 2, 2, 1, 0, 1, 0, -2, 0, 1, 1, -2, -1, 0, 0, 1, -2, -1, 0 ] ], 
          [ [ 1, 3, -2, -2, -1, 0, 0, -1, 2, 0, -1, -1, 2, 1, 0, 0, -2, 2, 1, 0 ], 
              [ 1, -3, 2, 2, 1, 0, 0, 1, -2, 0, 1, 1, -2, -1, 0, 0, 2, -2, -1, 0 ] ], 
          [ [ 1, 2, -1, 0, 1, -2, 0, 0, 0, -2, 0, 0, -1, -1, 1, 0, 0, 0, 0, 0 ], 
              [ 1, -2, 1, 0, -1, 2, 0, 0, 0, 2, 0, 0, 1, 1, -1, 0, 0, 0, 0, 0 ] ], 
          [ [ 1, 3, -1, -1, 0, -2, 0, -1, 1, -2, 0, -1, 0, -1, 0, 2, 0, 2, 1, 1 ], 
              [ 1, -3, 1, 1, 0, 2, 0, 1, -1, 2, 0, 1, 0, 1, 0, -2, 0, -2, -1, -1 ] ], 
          [ [ 1, -6, 0, 2, 2, 2, 1, 1, 1, 1, 0, 1, 0, 1, 0, -2, 0, -3, -2, -1 ], 
              [ 1, 6, 0, -2, -2, -2, -1, -1, -1, -1, 0, -1, 0, -1, 0, 2, 0, 3, 2, 1 ] ], 
          [ [ 1, 0, 1, 0, -1, -1, 0, 0, 0, 0, 1, 0, -1, -1, 0, 1, 1, 1, 0, 1 ], 
              [ 1, 0, -1, 0, 1, 1, 0, 0, 0, 0, -1, 0, 1, 1, 0, -1, -1, -1, 0, -1 ] ], 
          [ [ 1, -6, 2, 3, 1, 0, 0, 0, 1, 1, 2, 2, -3, 0, 0, -1, 2, -3, -2, 0 ], 
              [ 1, 6, -2, -3, -1, 0, 0, 0, -1, -1, -2, -2, 3, 0, 0, 1, -2, 3, 2, 0 ] ], 
          [ [ 1, -3, 2, 2, 0, -1, 1, 1, -1, -1, 1, 1, -2, -1, 0, 0, 2, -2, -1, 1 ], 
              [ 1, 3, -2, -2, 0, 1, -1, -1, 1, 1, -1, -1, 2, 1, 0, 0, -2, 2, 1, -1 ] ], 
          [ [ 1, 0, 0, 0, -2, 0, -1, 0, 2, 1, 1, 0, 0, 0, -1, 0, 1, 1, 0, 1 ], 
              [ 1, 0, 0, 0, 2, 0, 1, 0, -2, -1, -1, 0, 0, 0, 1, 0, -1, -1, 0, -1 ] ], 
          [ [ 1, 6, -1, -3, -2, -2, -1, 1, -1, -1, -1, -1, 1, 0, 1, 1, -1, 3, 2, 1 ], 
              [ 1, -6, 1, 3, 2, 2, 1, -1, 1, 1, 1, 1, -1, 0, -1, -1, 1, -3, -2, -1 ] ], 
          [ [ 1, 0, 0, 0, 0, -1, -1, 1, 0, 0, 0, 1, -1, 0, 1, -1, 0, 0, 0, 0 ], 
              [ 1, 0, 0, 0, 0, 1, 1, -1, 0, 0, 0, -1, 1, 0, -1, 1, 0, 0, 0, 0 ] ], 
          [ [ 1, 1, 0, -1, -1, -1, -1, 0, 1, 0, 0, 0, 0, 0, 0, 1, 0, 2, 1, 1 ], 
              [ 1, -1, 0, 1, 1, 1, 1, 0, -1, 0, 0, 0, 0, 0, 0, -1, 0, -2, -1, -1 ] ], 
          [ [ 1, 0, 0, 0, 0, -1, 0, 0, 0, 0, 0, 1, -1, 0, 1, -1, 0, 0, 0, 0 ], 
              [ 1, 0, 0, 0, 0, 1, 0, 0, 0, 0, 0, -1, 1, 0, -1, 1, 0, 0, 0, 0 ] ], 
          [ [ 1, 0, 1, 1, 1, -3, 0, 0, -1, -2, 1, 1, -3, -2, 1, 1, 2, 0, 0, 1 ], 
              [ 1, 0, -1, -1, -1, 3, 0, 0, 1, 2, -1, -1, 3, 2, -1, -1, -2, 0, 0, -1 ] ], 
          [ [ 1, 0, 1, 1, 1, -3, 0, 0, -1, -2, 1, 1, -3, -1, 1, 1, 1, -1, 0, 1 ], 
              [ 1, 0, -1, -1, -1, 3, 0, 0, 1, 2, -1, -1, 3, 1, -1, -1, -1, 1, 0, -1 ] ], 
          [ [ 1, 0, 0, 0, 0, -1, 0, 0, 0, 0, 0, 1, -1, 0, 0, 0, 0, 0, 0, 1 ], 
              [ 1, 0, 0, 0, 0, 1, 0, 0, 0, 0, 0, -1, 1, 0, 0, 0, 0, 0, 0, -1 ] ], 
          [ [ 1, -3, 1, 1, 1, 0, 1, 2, -2, 0, 0, 1, -1, 0, 1, -1, 0, -2, -1, 0 ], 
              [ 1, 3, -1, -1, -1, 0, -1, -2, 2, 0, 0, -1, 1, 0, -1, 1, 0, 2, 1, 0 ] ], 
          [ [ 1, -3, 1, 1, 1, 0, 1, 2, -2, 0, 0, 1, -1, 0, 1, -1, 1, -2, -1, 0 ], 
              [ 1, 3, -1, -1, -1, 0, -1, -2, 2, 0, 0, -1, 1, 0, -1, 1, -1, 2, 1, 0 ] ], 
          [ [ 1, 3, 0, -1, -1, -2, 0, 2, -2, -2, -1, 0, 0, -1, 1, 0, 1, 1, 1, 1 ], 
              [ 1, -3, 0, 1, 1, 2, 0, -2, 2, 2, 1, 0, 0, 1, -1, 0, -1, -1, -1, -1 ] ], 
          [ [ 1, 3, -2, -2, -2, 0, -2, -1, 3, 2, 0, 0, 1, 2, 0, -1, -2, 2, 1, 0 ], 
              [ 1, -3, 2, 2, 2, 0, 2, 1, -3, -2, 0, 0, -1, -2, 0, 1, 2, -2, -1, 0 ] ], 
          [ [ 1, 3, -1, -1, -1, -2, -2, -1, 2, 0, 1, 0, -1, 0, 0, 1, 0, 2, 1, 1 ], 
              [ 1, -3, 1, 1, 1, 2, 2, 1, -2, 0, -1, 0, 1, 0, 0, -1, 0, -2, -1, -1 ] ], 
          [ [ 1, 3, -1, -1, -1, -2, -1, -2, 2, 0, 1, 0, -1, 0, 0, 1, -1, 2, 1, 1 ], 
              [ 1, -3, 1, 1, 1, 2, 1, 2, -2, 0, -1, 0, 1, 0, 0, -1, 1, -2, -1, -1 ] ], 
          [ [ 1, 3, -1, -1, -1, -2, -1, -2, 2, 0, 1, 0, -1, 0, 0, 1, 0, 2, 1, 1 ], 
              [ 1, -3, 1, 1, 1, 2, 1, 2, -2, 0, -1, 0, 1, 0, 0, -1, 0, -2, -1, -1 ] ], 
          [ [ 1, 0, -1, -1, -1, 1, -1, 1, 1, 2, 0, 0, 1, 1, 0, -1, -1, 1, 0, 0 ], 
              [ 1, 0, 1, 1, 1, -1, 1, -1, -1, -2, 0, 0, -1, -1, 0, 1, 1, -1, 0, 0 ] ], 
          [ [ 1, 0, 0, 0, 0, -1, 0, 0, 0, 0, 1, 0, -1, 0, 1, 0, 0, 0, 0, 0 ], 
              [ 1, 0, 0, 0, 0, 1, 0, 0, 0, 0, -1, 0, 1, 0, -1, 0, 0, 0, 0, 0 ] ], 
          [ [ 1, 9, -2, -3, -3, -4, -2, -2, 2, -2, 0, -1, 0, -1, 0, 2, 0, 5, 3, 2 ], 
              [ 1, -9, 2, 3, 3, 4, 2, 2, -2, 2, 0, 1, 0, 1, 0, -2, 0, -5, -3, -2 ] ], 
          [ [ 1, 5, -1, -2, -2, -2, -1, 0, 1, -1, 0, 0, 0, -1, 0, 1, 0, 2, 1, 1 ], 
              [ 1, -5, 1, 2, 2, 2, 1, 0, -1, 1, 0, 0, 0, 1, 0, -1, 0, -2, -1, -1 ] ], 
          [ [ 1, 6, -1, -2, -2, -3, -1, 0, 0, -2, 0, -1, 0, -1, 1, 1, 0, 3, 2, 1 ], 
              [ 1, -6, 1, 2, 2, 3, 1, 0, 0, 2, 0, 1, 0, 1, -1, -1, 0, -3, -2, -1 ] ], 
          [ [ 1, 6, -2, -3, -3, -1, -1, 0, 1, 0, -1, -1, 2, 0, 0, 0, -1, 4, 2, 1 ], 
              [ 1, -6, 2, 3, 3, 1, 1, 0, -1, 0, 1, 1, -2, 0, 0, 0, 1, -4, -2, -1 ] ], 
          [ [ 1, 6, -2, -3, -3, -1, -1, 0, 1, 0, -1, -1, 2, 1, 0, 0, -2, 3, 2, 1 ], 
              [ 1, -6, 2, 3, 3, 1, 1, 0, -1, 0, 1, 1, -2, -1, 0, 0, 2, -3, -2, -1 ] ], 
          [ [ 1, 6, -2, -3, -3, -1, -1, 0, 1, 0, -1, -1, 2, 1, 0, 0, -1, 3, 2, 1 ], 
              [ 1, -6, 2, 3, 3, 1, 1, 0, -1, 0, 1, 1, -2, -1, 0, 0, 1, -3, -2, -1 ] ], 
          [ [ 1, 0, 0, 0, 0, -1, 0, 0, 0, 0, 1, 0, -1, 0, 0, 1, 0, 0, 0, 1 ], 
              [ 1, 0, 0, 0, 0, 1, 0, 0, 0, 0, -1, 0, 1, 0, 0, -1, 0, 0, 0, -1 ] ], 
          [ [ 1, 6, -1, -2, -2, -3, -1, 0, 0, -2, 0, -1, 0, -1, 0, 2, 0, 3, 2, 2 ], 
              [ 1, -6, 1, 2, 2, 3, 1, 0, 0, 2, 0, 1, 0, 1, 0, -2, 0, -3, -2, -2 ] ], 
          [ [ 1, 5, -1, -1, -1, -3, 0, 0, -1, -2, 0, 0, -1, -1, 1, 0, 0, 1, 1, 1 ], 
              [ 1, -5, 1, 1, 1, 3, 0, 0, 1, 2, 0, 0, 1, 1, -1, 0, 0, -1, -1, -1 ] ], 
          [ [ 1, 6, -1, -2, -2, -3, 0, -1, 0, -2, 0, -1, 0, -1, 0, 2, 0, 3, 2, 2 ], 
              [ 1, -6, 1, 2, 2, 3, 0, 1, 0, 2, 0, 1, 0, 1, 0, -2, 0, -3, -2, -2 ] ], 
          [ [ 1, 8, -3, -3, -3, -2, -2, -1, 2, 0, 0, -1, 1, 0, 0, 0, -1, 4, 2, 1 ], 
              [ 1, -8, 3, 3, 3, 2, 2, 1, -2, 0, 0, 1, -1, 0, 0, 0, 1, -4, -2, -1 ] ], 
          [ [ 1, 6, -2, -3, -3, -1, -1, 0, 1, 0, 0, -2, 2, 0, 0, 1, -1, 4, 2, 1 ], 
              [ 1, -6, 2, 3, 3, 1, 1, 0, -1, 0, 0, 2, -2, 0, 0, -1, 1, -4, -2, -1 ] ], 
          [ [ 1, -8, 2, 3, 2, 1, 1, 1, 0, 1, 1, 2, -2, 1, 0, -1, 1, -4, -2, 0 ], 
              [ 1, 8, -2, -3, -2, -1, -1, -1, 0, -1, -1, -2, 2, -1, 0, 1, -1, 4, 2, 0 ] ],
          [ [ 1, -5, 1, 2, 1, 0, 0, -1, 2, 1, 2, 1, -2, 0, 0, 0, 1, -1, -1, 0 ], 
              [ 1, 5, -1, -2, -1, 0, 0, 1, -2, -1, -2, -1, 2, 0, 0, 0, -1, 1, 1, 0 ] ], 
          [ [ 1, 0, -1, 0, -1, 0, -1, 0, 2, 1, 0, 1, 0, 1, 0, -2, 0, 0, 0, 0 ], 
              [ 1, 0, 1, 0, 1, 0, 1, 0, -2, -1, 0, -1, 0, -1, 0, 2, 0, 0, 0, 0 ] ], 
          [ [ 1, -2, 0, 0, -1, 1, 0, 1, 1, 1, 0, 0, 1, 1, 0, -1, 0, 0, 0, 0 ], 
              [ 1, 2, 0, 0, 1, -1, 0, -1, -1, -1, 0, 0, -1, -1, 0, 1, 0, 0, 0, 0 ] ], 
          [ [ 1, -6, 1, 3, 2, 0, 0, 0, 1, 1, 2, 2, -3, 0, 0, -1, 1, -3, -2, 0 ], 
              [ 1, 6, -1, -3, -2, 0, 0, 0, -1, -1, -2, -2, 3, 0, 0, 1, -1, 3, 2, 0 ] ], 
          [ [ 1, 0, 0, 1, 0, -2, 0, -1, 1, -1, 1, 1, -2, -1, 0, 0, 1, 0, 0, 1 ], 
              [ 1, 0, 0, -1, 0, 2, 0, 1, -1, 1, -1, -1, 2, 1, 0, 0, -1, 0, 0, -1 ] ], 
          [ [ 1, -4, 1, 2, 1, 0, 1, 1, 0, 0, 1, 2, -2, -1, 0, -1, 1, -3, -2, 0 ], 
              [ 1, 4, -1, -2, -1, 0, -1, -1, 0, 0, -1, -2, 2, 1, 0, 1, -1, 3, 2, 0 ] ], 
          [ [ 1, -3, 1, 2, 1, -1, 1, 1, -1, -1, 1, 1, -2, -1, 1, -1, 2, -2, -1, 0 ], 
              [ 1, 3, -1, -2, -1, 1, -1, -1, 1, 1, -1, -1, 2, 1, -1, 1, -2, 2, 1, 0 ] ], 
          [ [ 1, 0, 0, 1, 0, -2, 0, -1, 1, -1, 1, 1, -2, 0, 0, 0, 1, -1, 0, 1 ], 
              [ 1, 0, 0, -1, 0, 2, 0, 1, -1, 1, -1, -1, 2, 0, 0, 0, -1, 1, 0, -1 ] ], 
          [ [ 1, -3, 0, 1, 0, 1, 0, 2, 0, 1, 0, 1, 0, 1, 0, -2, 0, -2, -1, 0 ], 
              [ 1, 3, 0, -1, 0, -1, 0, -2, 0, -1, 0, -1, 0, -1, 0, 2, 0, 2, 1, 0 ] ], 
          [ [ 1, -3, 0, 1, 0, 1, 1, 1, 0, 1, 0, 1, 0, 1, 0, -2, 0, -2, -1, 0 ], 
              [ 1, 3, 0, -1, 0, -1, -1, -1, 0, -1, 0, -1, 0, -1, 0, 2, 0, 2, 1, 0 ] ], 
          [ [ 1, -3, 1, 2, 1, -1, 1, 1, -1, -1, 1, 1, -2, -1, 0, 0, 2, -2, -1, 1 ], 
              [ 1, 3, -1, -2, -1, 1, -1, -1, 1, 1, -1, -1, 2, 1, 0, 0, -2, 2, 1, -1 ] ], 
          [ [ 1, 0, -1, 0, -1, 0, -1, 0, 2, 1, 1, 0, 0, 0, 0, -1, 0, 1, 0, 0 ], 
              [ 1, 0, 1, 0, 1, 0, 1, 0, -2, -1, -1, 0, 0, 0, 0, 1, 0, -1, 0, 0 ] ], 
          [ [ 1, -1, 0, 1, 0, -1, 0, -1, 2, 0, 2, 1, -2, -1, 0, 0, 1, -1, -1, 0 ], 
              [ 1, 1, 0, -1, 0, 1, 0, 1, -2, 0, -2, -1, 2, 1, 0, 0, -1, 1, 1, 0 ] ], 
          [ [ 1, 3, -2, -1, -2, -1, -2, -2, 4, 1, 1, 0, 0, 1, -1, 0, -1, 2, 1, 1 ], 
              [ 1, -3, 2, 1, 2, 1, 2, 2, -4, -1, -1, 0, 0, -1, 1, 0, 1, -2, -1, -1 ] ], 
          [ [ 1, 0, -1, 0, -1, 0, -1, 0, 2, 1, 1, 0, 0, 1, 0, -1, 0, 0, 0, 0 ], 
              [ 1, 0, 1, 0, 1, 0, 1, 0, -2, -1, -1, 0, 0, -1, 0, 1, 0, 0, 0, 0 ] ], 
          [ [ 1, 0, 0, 1, 0, -2, 0, -1, 1, -1, 2, 0, -2, -1, 0, 1, 1, 0, 0, 1 ], 
              [ 1, 0, 0, -1, 0, 2, 0, 1, -1, 1, -2, 0, 2, 1, 0, -1, -1, 0, 0, -1 ] ], 
          [ [ 1, 9, -3, -4, -2, -3, -2, -1, 1, -1, -1, -1, 1, 0, 1, 1, -2, 5, 3, 1 ], 
              [ 1, -9, 3, 4, 2, 3, 2, 1, -1, 1, 1, 1, -1, 0, -1, -1, 2, -5, -3, -1 ] ], 
          [ [ 1, 1, -1, -1, 0, -1, -1, 0, 1, 0, 0, 0, 0, 1, 1, 0, -1, 1, 1, 0 ], 
              [ 1, -1, 1, 1, 0, 1, 1, 0, -1, 0, 0, 0, 0, -1, -1, 0, 1, -1, -1, 0 ] ], 
          [ [ 1, 0, -1, 0, 1, -1, 0, 0, 0, 0, 0, 1, -1, 1, 1, -1, -1, -1, 0, 0 ], 
              [ 1, 0, 1, 0, -1, 1, 0, 0, 0, 0, 0, -1, 1, -1, -1, 1, 1, 1, 0, 0 ] ], 
          [ [ 1, 6, -2, -2, -1, -3, -1, 0, 0, -2, -1, 0, 0, 0, 1, 0, -1, 2, 2, 1 ], 
              [ 1, -6, 2, 2, 1, 3, 1, 0, 0, 2, 1, 0, 0, 0, -1, 0, 1, -2, -2, -1 ] ], 
          [ [ 1, 5, -2, -2, -1, -2, -1, 0, 1, -1, 0, 0, 0, -1, 1, 0, -1, 2, 1, 0 ], 
              [ 1, -5, 2, 2, 1, 2, 1, 0, -1, 1, 0, 0, 0, 1, -1, 0, 1, -2, -1, 0 ] ], 
          [ [ 1, 6, -3, -3, -2, -1, -1, 0, 1, 0, -1, -1, 2, 1, 1, -1, -2, 3, 2, 0 ], 
              [ 1, -6, 3, 3, 2, 1, 1, 0, -1, 0, 1, 1, -2, -1, -1, 1, 2, -3, -2, 0 ] ], 
          [ [ 1, 6, -2, -2, -1, -3, -1, 0, 0, -2, 0, -1, 0, -1, 1, 1, 0, 3, 2, 1 ], 
              [ 1, -6, 2, 2, 1, 3, 1, 0, 0, 2, 0, 1, 0, 1, -1, -1, 0, -3, -2, -1 ] ], 
          [ [ 1, 6, -3, -3, -2, -1, -1, 0, 1, 0, -1, -1, 2, 1, 0, 0, -2, 3, 2, 1 ], 
              [ 1, -6, 3, 3, 2, 1, 1, 0, -1, 0, 1, 1, -2, -1, 0, 0, 2, -3, -2, -1 ] ], 
          [ [ 1, 0, 1, 0, 0, -1, 0, 0, 1, -1, 0, -1, 0, -1, 0, 1, 1, 1, 0, 0 ], 
              [ 1, 0, -1, 0, 0, 1, 0, 0, -1, 1, 0, 1, 0, 1, 0, -1, -1, -1, 0, 0 ] ], 
          [ [ 1, 0, 0, -1, -1, 1, 0, 0, 2, 1, -1, -1, 2, 1, -1, 0, -1, 1, 0, 0 ], 
              [ 1, 0, 0, 1, 1, -1, 0, 0, -2, -1, 1, 1, -2, -1, 1, 0, 1, -1, 0, 0 ] ], 
          [ [ 1, -1, 1, 1, 1, -1, 1, 0, 0, -1, 0, 0, -1, -1, 0, 0, 1, -1, -1, 0 ], 
              [ 1, 1, -1, -1, -1, 1, -1, 0, 0, 1, 0, 0, 1, 1, 0, 0, -1, 1, 1, 0 ] ], 
          [ [ 1, 0, 0, 0, 1, -1, 0, 0, 1, -1, -1, 0, 0, 0, 0, 0, 0, 0, 0, 0 ], 
              [ 1, 0, 0, 0, -1, 1, 0, 0, -1, 1, 1, 0, 0, 0, 0, 0, 0, 0, 0, 0 ] ], 
          [ [ 1, 0, -1, -1, 0, 1, 0, 0, 2, 1, -1, -1, 2, 1, 0, -1, -1, 1, 0, -1 ], 
              [ 1, 0, 1, 1, 0, -1, 0, 0, -2, -1, 1, 1, -2, -1, 0, 1, 1, -1, 0, 1 ] ], 
          [ [ 1, -2, 1, 0, 0, 0, 0, 0, 1, 1, 0, 0, 0, 1, 0, 0, 0, 0, 0, 0 ], 
              [ 1, 2, -1, 0, 0, 0, 0, 0, -1, -1, 0, 0, 0, -1, 0, 0, 0, 0, 0, 0 ] ], 
          [ [ 1, -3, 1, 1, 1, 0, 0, 1, 0, 1, 0, 1, -1, 1, 0, -1, 0, -2, -1, 0 ], 
              [ 1, 3, -1, -1, -1, 0, 0, -1, 0, -1, 0, -1, 1, -1, 0, 1, 0, 2, 1, 0 ] ], 
          [ [ 1, 3, 0, -1, -1, -2, 0, 0, 0, -1, -1, 0, 0, 0, 0, 0, 0, 1, 1, 1 ], 
              [ 1, -3, 0, 1, 1, 2, 0, 0, 0, 1, 1, 0, 0, 0, 0, 0, 0, -1, -1, -1 ] ], 
          [ [ 1, 0, 0, 0, 0, -1, -1, -1, 2, 1, 1, 0, -1, 0, 0, 0, 0, 1, 0, 0 ], 
              [ 1, 0, 0, 0, 0, 1, 1, 1, -2, -1, -1, 0, 1, 0, 0, 0, 0, -1, 0, 0 ] ], 
          [ [ 1, 2, 0, -1, -1, -1, 0, 0, 1, 0, 0, 0, 0, -1, 0, 0, 0, 1, 0, 0 ], 
              [ 1, -2, 0, 1, 1, 1, 0, 0, -1, 0, 0, 0, 0, 1, 0, 0, 0, -1, 0, 0 ] ], 
          [ [ 1, 3, -1, -2, -2, 0, -1, 1, 1, 1, -1, -1, 2, 1, 0, -1, -1, 2, 1, 0 ], 
              [ 1, -3, 1, 2, 2, 0, 1, -1, -1, -1, 1, 1, -2, -1, 0, 1, 1, -2, -1, 0 ] ], 
          [ [ 1, 3, 0, -1, -1, -2, 0, 0, 0, -1, 0, -1, 0, -1, 0, 1, 0, 2, 1, 1 ], 
              [ 1, -3, 0, 1, 1, 2, 0, 0, 0, 1, 0, 1, 0, 1, 0, -1, 0, -2, -1, -1 ] ], 
          [ [ 1, 3, 0, -1, -1, -2, 0, 0, 0, -1, 0, -1, 0, -1, 0, 1, 1, 2, 1, 1 ], 
              [ 1, -3, 0, 1, 1, 2, 0, 0, 0, 1, 0, 1, 0, 1, 0, -1, -1, -2, -1, -1 ] ], 
          [ [ 1, 3, 0, -1, -1, -2, 0, 0, 0, -1, 0, -1, 0, 0, 0, 1, 0, 1, 1, 1 ], 
              [ 1, -3, 0, 1, 1, 2, 0, 0, 0, 1, 0, 1, 0, 0, 0, -1, 0, -1, -1, -1 ] ], 
          [ [ 1, -3, 1, 2, 1, -1, 0, 0, 1, 0, 1, 1, -2, 0, 0, -1, 1, -2, -1, 0 ], 
              [ 1, 3, -1, -2, -1, 1, 0, 0, -1, 0, -1, -1, 2, 0, 0, 1, -1, 2, 1, 0 ] ], 
          [ [ 1, -2, 1, 1, 0, -1, 0, -1, 2, 0, 1, 0, -1, 0, -1, 1, 1, 0, 0, 1 ], 
              [ 1, 2, -1, -1, 0, 1, 0, 1, -2, 0, -1, 0, 1, 0, 1, -1, -1, 0, 0, -1 ] ], 
          [ [ 1, -3, 0, 1, 0, 1, 0, 0, 2, 2, 1, 0, 0, 1, -1, -1, 0, -1, -1, 0 ], 
              [ 1, 3, 0, -1, 0, -1, 0, 0, -2, -2, -1, 0, 0, -1, 1, 1, 0, 1, 1, 0 ] ], 
          [ [ 1, -2, 0, 0, 1, 0, 0, 0, 1, 1, 0, 0, 0, 1, 0, 0, -1, 0, 0, 0 ], 
              [ 1, 2, 0, 0, -1, 0, 0, 0, -1, -1, 0, 0, 0, -1, 0, 0, 1, 0, 0, 0 ] ], 
          [ [ 1, 0, 0, 0, 1, -1, 1, 2, -2, -1, -1, 0, 0, 0, 1, -1, 0, -1, 0, 0 ], 
              [ 1, 0, 0, 0, -1, 1, -1, -2, 2, 1, 1, 0, 0, 0, -1, 1, 0, 1, 0, 0 ] ], 
          [ [ 1, 6, -2, -2, -1, -3, -1, -2, 2, -1, 0, -1, 0, 0, 0, 1, -1, 3, 2, 1 ], 
              [ 1, -6, 2, 2, 1, 3, 1, 2, -2, 1, 0, 1, 0, 0, 0, -1, 1, -3, -2, -1 ] ], 
          [ [ 1, 2, -1, -1, 0, -1, 0, 0, 1, 0, 0, 0, 0, 0, 0, 0, -1, 0, 0, 0 ], 
              [ 1, -2, 1, 1, 0, 1, 0, 0, -1, 0, 0, 0, 0, 0, 0, 0, 1, 0, 0, 0 ] ], 
          [ [ 1, 3, -1, -2, -1, 1, 0, 0, 0, -1, -2, -2, 3, 0, 0, 1, -1, 3, 1, 0 ], 
              [ 1, -3, 1, 2, 1, -1, 0, 0, 0, 1, 2, 2, -3, 0, 0, -1, 1, -3, -1, 0 ] ], 
          [ [ 1, -3, 0, 1, 1, 2, 0, 0, 1, 0, -1, 0, 1, 1, 0, -1, 0, -1, -1, -1 ], 
              [ 1, 3, 0, -1, -1, -2, 0, 0, -1, 0, 1, 0, -1, -1, 0, 1, 0, 1, 1, 1 ] ], 
          [ [ 1, -1, 1, 1, 0, 0, 0, 0, 0, -1, 0, 1, -1, -1, 0, 0, 1, -1, -1, 0 ], 
              [ 1, 1, -1, -1, 0, 0, 0, 0, 0, 1, 0, -1, 1, 1, 0, 0, -1, 1, 1, 0 ] ], 
          [ [ 1, 0, 0, 0, -1, 1, 0, 0, 0, 0, -1, 0, 1, 1, 0, -1, 0, 0, 0, 0 ], 
              [ 1, 0, 0, 0, 1, -1, 0, 0, 0, 0, 1, 0, -1, -1, 0, 1, 0, 0, 0, 0 ] ], 
          [ [ 1, 0, 1, 1, 0, -1, 0, 0, -1, -2, 0, 0, -1, -1, 0, 1, 2, 0, 0, 1 ], 
              [ 1, 0, -1, -1, 0, 1, 0, 0, 1, 2, 0, 0, 1, 1, 0, -1, -2, 0, 0, -1 ] ], 
          [ [ 1, -3, 1, 1, 0, 2, 1, 2, -2, 0, -1, 0, 1, 0, 0, -1, 1, -1, -1, 0 ], 
              [ 1, 3, -1, -1, 0, -2, -1, -2, 2, 0, 1, 0, -1, 0, 0, 1, -1, 1, 1, 0 ] ], 
          [ [ 1, -1, 0, 0, -1, 2, 0, 0, 1, 1, 0, 0, 1, 0, 0, -1, 0, 0, -1, -1 ], 
              [ 1, 1, 0, 0, 1, -2, 0, 0, -1, -1, 0, 0, -1, 0, 0, 1, 0, 0, 1, 1 ] ], 
          [ [ 1, -1, 1, 1, 0, 0, 0, 0, 0, -1, 1, 0, -1, -2, 0, 1, 2, 0, -1, 0 ], 
              [ 1, 1, -1, -1, 0, 0, 0, 0, 0, 1, -1, 0, 1, 2, 0, -1, -2, 0, 1, 0 ] ], 
          [ [ 1, 3, -1, -1, -2, 0, -1, -2, 2, 0, 0, -1, 1, 0, -1, 1, 0, 3, 1, 1 ], 
              [ 1, -3, 1, 1, 2, 0, 1, 2, -2, 0, 0, 1, -1, 0, 1, -1, 0, -3, -1, -1 ] ], 
          [ [ 1, -1, 0, 0, -1, 2, 0, 0, 1, 1, 0, 0, 1, 0, -1, 0, 0, 0, -1, 0 ], 
              [ 1, 1, 0, 0, 1, -2, 0, 0, -1, -1, 0, 0, -1, 0, 1, 0, 0, 0, 1, 0 ] ], 
          [ [ 1, 0, 0, 0, -1, 1, 0, 0, 0, 0, 0, -1, 1, 0, 0, 0, 0, 1, 0, 0 ], 
              [ 1, 0, 0, 0, 1, -1, 0, 0, 0, 0, 0, 1, -1, 0, 0, 0, 0, -1, 0, 0 ] ], 
          [ [ 1, 0, 0, 0, -1, 1, 0, 0, 0, 0, 0, -1, 1, 0, 0, 0, 1, 1, 0, 0 ], 
              [ 1, 0, 0, 0, 1, -1, 0, 0, 0, 0, 0, 1, -1, 0, 0, 0, -1, -1, 0, 0 ] ], 
          [ [ 1, -5, 1, 2, 0, 2, 0, -1, 2, 1, 1, 0, 0, 1, -1, 0, 1, -1, -1, 0 ], 
              [ 1, 5, -1, -2, 0, -2, 0, 1, -2, -1, -1, 0, 0, -1, 1, 0, -1, 1, 1, 0 ] ], 
          [ [ 1, -1, 0, 1, -1, 1, 0, -1, 2, 0, 1, 0, 0, -1, -1, 0, 1, 0, -1, 0 ], 
              [ 1, 1, 0, -1, 1, -1, 0, 1, -2, 0, -1, 0, 0, 1, 1, 0, -1, 0, 1, 0 ] ], 
          [ [ 1, 1, 0, -1, 0, 0, 0, 0, -1, -1, -1, -1, 1, 0, 1, 1, 0, 2, 1, 0 ], 
              [ 1, -1, 0, 1, 0, 0, 0, 0, 1, 1, 1, 1, -1, 0, -1, -1, 0, -2, -1, 0 ] ], 
          [ [ 1, 0, 0, 0, 1, 0, 0, 1, -2, -1, -1, 0, 0, 0, 1, 0, 0, 0, 0, 0 ], 
              [ 1, 0, 0, 0, -1, 0, 0, -1, 2, 1, 1, 0, 0, 0, -1, 0, 0, 0, 0, 0 ] ], 
          [ [ 1, 6, -1, -2, -1, -2, 0, 0, -2, -3, -2, -1, 1, -1, 1, 1, 0, 3, 2, 1 ], 
              [ 1, -6, 1, 2, 1, 2, 0, 0, 2, 3, 2, 1, -1, 1, -1, -1, 0, -3, -2, -1 ] ], 
          [ [ 1, 2, 0, -1, 0, 0, 1, 2, -3, -2, -2, 0, 1, -1, 1, 0, 0, 0, 0, 0 ], 
              [ 1, -2, 0, 1, 0, 0, -1, -2, 3, 2, 2, 0, -1, 1, -1, 0, 0, 0, 0, 0 ] ], 
          [ [ 1, 5, -1, -2, -1, -1, 0, 0, -1, -2, -1, -1, 1, -2, 1, 1, 0, 3, 1, 0 ], 
              [ 1, -5, 1, 2, 1, 1, 0, 0, 1, 2, 1, 1, -1, 2, -1, -1, 0, -3, -1, 0 ] ], 
          [ [ 1, 8, -2, -3, -2, -2, -1, -2, 1, -2, -1, -1, 1, -1, 0, 2, -1, 4, 2, 1 ], 
              [ 1, -8, 2, 3, 2, 2, 1, 2, -1, 2, 1, 1, -1, 1, 0, -2, 1, -4, -2, -1 ] ], 
          [ [ 1, 5, -1, -2, -1, -1, 0, 0, -1, -2, -1, -1, 1, -1, 1, 1, -1, 2, 1, 0 ], 
              [ 1, -5, 1, 2, 1, 1, 0, 0, 1, 2, 1, 1, -1, 1, -1, -1, 1, -2, -1, 0 ] ], 
          [ [ 1, 6, -2, -3, -2, 0, -1, 1, -1, -1, -2, -2, 3, 0, 1, 0, -1, 4, 2, 0 ], 
              [ 1, -6, 2, 3, 2, 0, 1, -1, 1, 1, 2, 2, -3, 0, -1, 0, 1, -4, -2, 0 ] ], 
          [ [ 1, 5, -1, -2, -1, -1, 0, 0, -1, -2, -1, -1, 1, -1, 1, 1, 0, 2, 1, 0 ], 
              [ 1, -5, 1, 2, 1, 1, 0, 0, 1, 2, 1, 1, -1, 1, -1, -1, 0, -2, -1, 0 ] ], 
          [ [ 1, 9, -3, -4, -3, -1, -2, -1, 1, -1, -2, -2, 3, 1, 0, 1, -2, 5, 3, 1 ], 
              [ 1, -9, 3, 4, 3, 1, 2, 1, -1, 1, 2, 2, -3, -1, 0, -1, 2, -5, -3, -1 ] ], 
          [ [ 1, 6, -1, -2, -1, -2, 0, 0, -2, -3, -1, -2, 1, -1, 1, 2, 0, 3, 2, 1 ], 
              [ 1, -6, 1, 2, 1, 2, 0, 0, 2, 3, 1, 2, -1, 1, -1, -2, 0, -3, -2, -1 ] ], 
          [ [ 1, 8, -3, -4, -3, 0, -2, -1, 2, 0, -1, -2, 3, 0, 0, 1, -2, 5, 2, 0 ], 
              [ 1, -8, 3, 4, 3, 0, 2, 1, -2, 0, 1, 2, -3, 0, 0, -1, 2, -5, -2, 0 ] ], 
          [ [ 1, -2, 1, 1, 1, 0, 1, 1, -2, -2, -1, 0, 0, 0, 1, 0, 1, -1, 0, 0 ], 
              [ 1, 2, -1, -1, -1, 0, -1, -1, 2, 2, 1, 0, 0, 0, -1, 0, -1, 1, 0, 0 ] ], 
          [ [ 1, 0, -1, -1, -1, 2, -1, 0, 2, 1, -1, 0, 2, 1, 0, -1, -1, 1, 0, -1 ], 
              [ 1, 0, 1, 1, 1, -2, 1, 0, -2, -1, 1, 0, -2, -1, 0, 1, 1, -1, 0, 1 ] ], 
          [ [ 1, -1, 0, 1, 1, 0, 0, 0, 0, -1, 0, 1, -1, -1, 1, -1, 1, -1, -1, -1 ], 
              [ 1, 1, 0, -1, -1, 0, 0, 0, 0, 1, 0, -1, 1, 1, -1, 1, -1, 1, 1, 1 ] ], 
          [ [ 1, -5, 0, 1, 1, 3, 0, 0, 1, 2, 0, 0, 1, 2, 0, -1, -1, -1, -1, -1 ], 
              [ 1, 5, 0, -1, -1, -3, 0, 0, -1, -2, 0, 0, -1, -2, 0, 1, 1, 1, 1, 1 ] ], 
          [ [ 1, 0, 0, 0, 0, 0, 0, -1, 1, -1, 0, 0, 0, -1, 0, 1, 0, 1, 0, 0 ], 
              [ 1, 0, 0, 0, 0, 0, 0, 1, -1, 1, 0, 0, 0, 1, 0, -1, 0, -1, 0, 0 ] ], 
          [ [ 1, 0, 0, 0, 0, 0, 0, -1, 1, -1, 0, 0, 0, -1, 0, 1, 1, 1, 0, 0 ], 
              [ 1, 0, 0, 0, 0, 0, 0, 1, -1, 1, 0, 0, 0, 1, 0, -1, -1, -1, 0, 0 ] ], 
          [ [ 1, -3, 1, 1, 1, 1, 1, 1, -1, -1, 0, 0, 0, -1, 1, 0, 1, -1, -1, -1 ], 
              [ 1, 3, -1, -1, -1, -1, -1, -1, 1, 1, 0, 0, 0, 1, -1, 0, -1, 1, 1, 1 ] ], 
          [ [ 1, 1, -1, -1, -1, 1, -1, 0, 1, 0, -1, -1, 2, 1, 0, 0, -1, 2, 1, 0 ], 
              [ 1, -1, 1, 1, 1, -1, 1, 0, -1, 0, 1, 1, -2, -1, 0, 0, 1, -2, -1, 0 ] ], 
          [ [ 1, 0, 0, 0, 0, 0, 0, -1, 1, -1, 0, 0, 0, 0, 0, 1, 0, 0, 0, 0 ], 
              [ 1, 0, 0, 0, 0, 0, 0, 1, -1, 1, 0, 0, 0, 0, 0, -1, 0, 0, 0, 0 ] ], 
          [ [ 1, 1, -1, -1, -1, 1, -1, 0, 1, 0, -1, -1, 2, 1, 0, 0, 0, 2, 1, 0 ], 
              [ 1, -1, 1, 1, 1, -1, 1, 0, -1, 0, 1, 1, -2, -1, 0, 0, 0, -2, -1, 0 ] ], 
          [ [ 1, -1, -1, 0, 0, 2, 0, 0, 1, 1, -1, 1, 1, 1, 0, -2, -1, -1, -1, -1 ], 
              [ 1, 1, 1, 0, 0, -2, 0, 0, -1, -1, 1, -1, -1, -1, 0, 2, 1, 1, 1, 1 ] ], 
          [ [ 1, 1, -1, -1, -1, 1, 0, -1, 1, 0, -1, -1, 2, 1, 0, 0, -1, 2, 1, 0 ], 
              [ 1, -1, 1, 1, 1, -1, 0, 1, -1, 0, 1, 1, -2, -1, 0, 0, 1, -2, -1, 0 ] ], 
          [ [ 1, -3, 0, 0, 0, 3, 1, 1, 0, 1, -1, 0, 2, 1, 0, -1, -1, -1, -1, -1 ], 
              [ 1, 3, 0, 0, 0, -3, -1, -1, 0, -1, 1, 0, -2, -1, 0, 1, 1, 1, 1, 1 ] ], 
          [ [ 1, -1, 0, 1, 1, 0, 0, 0, 0, -1, 0, 1, -1, -1, 0, 0, 1, -1, -1, 0 ], 
              [ 1, 1, 0, -1, -1, 0, 0, 0, 0, 1, 0, -1, 1, 1, 0, 0, -1, 1, 1, 0 ] ], 
          [ [ 1, 0, 0, 1, 1, -1, 0, 0, -1, -2, 0, 0, -1, -1, 1, 0, 1, 0, 0, 0 ], 
              [ 1, 0, 0, -1, -1, 1, 0, 0, 1, 2, 0, 0, 1, 1, -1, 0, -1, 0, 0, 0 ] ], 
          [ [ 1, -4, 1, 2, 2, 1, 1, 2, -2, -1, 0, 1, -1, -1, 1, -1, 1, -3, -2, -1 ], 
              [ 1, 4, -1, -2, -2, -1, -1, -2, 2, 1, 0, -1, 1, 1, -1, 1, -1, 3, 2, 1 ] ], 
          [ [ 1, 1, 0, 0, 0, -1, 0, -1, 0, -2, 0, -1, 0, -1, 0, 2, 1, 2, 1, 1 ], 
              [ 1, -1, 0, 0, 0, 1, 0, 1, 0, 2, 0, 1, 0, 1, 0, -2, -1, -2, -1, -1 ] ], 
          [ [ 1, -3, 1, 1, 1, 1, 1, 1, -1, -1, 0, 0, 0, -1, 0, 1, 1, -1, -1, 0 ], 
              [ 1, 3, -1, -1, -1, -1, -1, -1, 1, 1, 0, 0, 0, 1, 0, -1, -1, 1, 1, 0 ] ], 
          [ [ 1, -4, 1, 2, 2, 1, 2, 1, -2, -1, 0, 1, -1, -1, 1, -1, 1, -3, -2, -1 ], 
              [ 1, 4, -1, -2, -2, -1, -2, -1, 2, 1, 0, -1, 1, 1, -1, 1, -1, 3, 2, 1 ] ], 
          [ [ 1, 0, -1, 0, 0, 1, 0, 0, 0, 0, -1, 0, 1, 1, 0, -1, -1, 0, 0, 0 ], 
              [ 1, 0, 1, 0, 0, -1, 0, 0, 0, 0, 1, 0, -1, -1, 0, 1, 1, 0, 0, 0 ] ], 
          [ [ 1, 0, -1, 0, 0, 1, 0, 0, 0, 0, -1, 0, 1, 1, 0, -1, 0, 0, 0, 0 ], 
              [ 1, 0, 1, 0, 0, -1, 0, 0, 0, 0, 1, 0, -1, -1, 0, 1, 0, 0, 0, 0 ] ], 
          [ [ 1, -3, 0, 1, 1, 2, 1, 2, -2, 0, -1, 0, 1, 1, 1, -2, 0, -2, -1, -1 ], 
              [ 1, 3, 0, -1, -1, -2, -1, -2, 2, 0, 1, 0, -1, -1, -1, 2, 0, 2, 1, 1 ] ], 
          [ [ 1, 2, 0, 0, 0, -1, 1, 1, -2, -3, -1, 0, 0, -2, 1, 0, 1, 0, 0, 0 ], 
              [ 1, -2, 0, 0, 0, 1, -1, -1, 2, 3, 1, 0, 0, 2, -1, 0, -1, 0, 0, 0 ] ], 
          [ [ 1, -2, 0, 0, 0, 2, 1, 1, -1, 0, -1, -1, 2, 1, 0, 0, 0, 0, 0, 0 ], 
              [ 1, 2, 0, 0, 0, -2, -1, -1, 1, 0, 1, 1, -2, -1, 0, 0, 0, 0, 0, 0 ] ], 
          [ [ 1, 2, -1, 0, 0, -1, -1, -2, 2, -1, 1, 0, -1, -1, 0, 1, 0, 1, 0, 0 ], 
              [ 1, -2, 1, 0, 0, 1, 1, 2, -2, 1, -1, 0, 1, 1, 0, -1, 0, -1, 0, 0 ] ], 
          [ [ 1, -1, -1, 0, 0, 2, 0, 0, 1, 1, 0, 0, 1, 0, 0, -1, -1, 0, -1, -1 ], 
              [ 1, 1, 1, 0, 0, -2, 0, 0, -1, -1, 0, 0, -1, 0, 0, 1, 1, 0, 1, 1 ] ], 
          [ [ 1, -1, -1, 0, 0, 2, 0, 0, 1, 1, 0, 0, 1, 0, 0, -1, 0, 0, -1, -1 ], 
              [ 1, 1, 1, 0, 0, -2, 0, 0, -1, -1, 0, 0, -1, 0, 0, 1, 0, 0, 1, 1 ] ], 
          [ [ 1, 3, -2, -1, -1, 0, -1, -2, 2, 0, 0, -1, 1, 1, 0, 0, -1, 2, 1, 0 ], 
              [ 1, -3, 2, 1, 1, 0, 1, 2, -2, 0, 0, 1, -1, -1, 0, 0, 1, -2, -1, 0 ] ], 
          [ [ 1, -1, -1, 0, 0, 2, 0, 0, 1, 1, 0, 0, 1, 1, 0, -1, -1, -1, -1, -1 ], 
              [ 1, 1, 1, 0, 0, -2, 0, 0, -1, -1, 0, 0, -1, -1, 0, 1, 1, 1, 1, 1 ] ], 
          [ [ 1, 5, -2, -2, -2, 0, -1, 0, 1, -1, -1, -1, 2, -1, 0, 0, 0, 3, 1, 0 ], 
              [ 1, -5, 2, 2, 2, 0, 1, 0, -1, 1, 1, 1, -2, 1, 0, 0, 0, -3, -1, 0 ] ], 
          [ [ 1, 5, -2, -2, -2, 0, -1, 0, 1, -1, -1, -1, 2, 0, 0, 0, -1, 2, 1, 0 ], 
              [ 1, -5, 2, 2, 2, 0, 1, 0, -1, 1, 1, 1, -2, 0, 0, 0, 1, -2, -1, 0 ] ], 
          [ [ 1, 5, -2, -2, -2, 0, 0, -1, 1, -1, -1, -1, 2, 0, 0, 0, -1, 2, 1, 0 ], 
              [ 1, -5, 2, 2, 2, 0, 0, 1, -1, 1, 1, 1, -2, 0, 0, 0, 1, -2, -1, 0 ] ], 
          [ [ 1, 0, -1, 0, 0, 1, 0, 0, 0, 0, 0, -1, 1, 0, 0, 0, 0, 1, 0, 0 ], 
              [ 1, 0, 1, 0, 0, -1, 0, 0, 0, 0, 0, 1, -1, 0, 0, 0, 0, -1, 0, 0 ] ], 
          [ [ 1, 5, -1, -1, -1, -2, 0, -1, 0, -3, 0, -1, 0, -2, 0, 2, 1, 2, 1, 1 ], 
              [ 1, -5, 1, 1, 1, 2, 0, 1, 0, 3, 0, 1, 0, 2, 0, -2, -1, -2, -1, -1 ] ], 
          [ [ 1, 2, -1, -1, -1, 1, 1, 1, -1, -1, -1, -1, 2, -1, 0, 0, 0, 1, 0, 0 ], 
              [ 1, -2, 1, 1, 1, -1, -1, -1, 1, 1, 1, 1, -2, 1, 0, 0, 0, -1, 0, 0 ] ], 
          [ [ 1, -8, 1, 3, 2, 3, 1, 1, 0, 1, 0, 1, 0, 1, 0, -2, 1, -3, -2, -1 ], 
              [ 1, 8, -1, -3, -2, -3, -1, -1, 0, -1, 0, -1, 0, -1, 0, 2, -1, 3, 2, 1 ] ], 
          [ [ 1, -6, 0, 2, 1, 3, 0, -1, 3, 2, 1, 1, 0, 1, -1, -1, 0, -2, -2, -1 ], 
              [ 1, 6, 0, -2, -1, -3, 0, 1, -3, -2, -1, -1, 0, -1, 1, 1, 0, 2, 2, 1 ] ], 
          [ [ 1, -4, 0, 2, 1, 2, 1, 1, 0, 0, 0, 1, 0, 0, 0, -2, 1, -3, -2, -1 ], 
              [ 1, 4, 0, -2, -1, -2, -1, -1, 0, 0, 0, -1, 0, 0, 0, 2, -1, 3, 2, 1 ] ], 
          [ [ 1, 5, -2, -2, 0, -1, 0, 0, -1, -2, -1, -1, 1, -1, 1, 1, -1, 2, 1, 0 ], 
              [ 1, -5, 2, 2, 0, 1, 0, 0, 1, 2, 1, 1, -1, 1, -1, -1, 1, -2, -1, 0 ] ], 
          [ [ 1, -3, 0, 1, 2, 1, 1, 1, -1, -1, -1, 1, 0, 0, 1, -1, 0, -2, -1, -1 ], 
              [ 1, 3, 0, -1, -2, -1, -1, -1, 1, 1, 1, -1, 0, 0, -1, 1, 0, 2, 1, 1 ] ], 
          [ [ 1, -3, 1, 1, 0, 1, 0, 0, 0, 1, 1, 1, -1, 0, 0, 0, 0, -1, -1, 0 ], 
              [ 1, 3, -1, -1, 0, -1, 0, 0, 0, -1, -1, -1, 1, 0, 0, 0, 0, 1, 1, 0 ] ], 
          [ [ 1, -3, 1, 1, 0, 1, 0, 0, 0, 1, 1, 1, -1, 0, 0, 0, 1, -1, -1, 0 ], 
              [ 1, 3, -1, -1, 0, -1, 0, 0, 0, -1, -1, -1, 1, 0, 0, 0, -1, 1, 1, 0 ] ], 
          [ [ 1, 3, 0, -1, -2, -1, -1, 0, 0, -1, 0, 0, 0, -1, 0, 1, 1, 2, 1, 1 ], 
              [ 1, -3, 0, 1, 2, 1, 1, 0, 0, 1, 0, 0, 0, 1, 0, -1, -1, -2, -1, -1 ] ], 
          [ [ 1, -2, 1, 1, 0, 0, 0, 0, -1, 0, 1, 0, -1, 0, 0, 1, 1, 0, 0, 1 ], 
              [ 1, 2, -1, -1, 0, 0, 0, 0, 1, 0, -1, 0, 1, 0, 0, -1, -1, 0, 0, -1 ] ], 
          [ [ 1, 2, 0, 0, -1, -1, 0, 0, -1, -1, 0, 1, -1, -1, 0, 0, 1, 0, 0, 1 ], 
              [ 1, -2, 0, 0, 1, 1, 0, 0, 1, 1, 0, -1, 1, 1, 0, 0, -1, 0, 0, -1 ] ], 
          [ [ 1, -1, 1, 1, 0, 0, 1, 2, -3, -1, 0, 1, -1, -1, 1, -1, 1, -2, -1, 0 ], 
              [ 1, 1, -1, -1, 0, 0, -1, -2, 3, 1, 0, -1, 1, 1, -1, 1, -1, 2, 1, 0 ] ], 
          [ [ 1, 0, 1, 0, -1, 0, 1, 1, -2, -1, 0, 0, 0, -1, 0, 1, 1, 0, 0, 1 ], 
              [ 1, 0, -1, 0, 1, 0, -1, -1, 2, 1, 0, 0, 0, 1, 0, -1, -1, 0, 0, -1 ] ], 
          [ [ 1, 5, -1, -1, -2, -2, -1, -2, 1, -1, 1, 0, -1, -1, 0, 1, 0, 2, 1, 1 ], 
              [ 1, -5, 1, 1, 2, 2, 1, 2, -1, 1, -1, 0, 1, 1, 0, -1, 0, -2, -1, -1 ] ], 
          [ [ 1, 2, -1, -1, -2, 1, -1, 1, 0, 1, 0, 0, 1, 0, 0, -1, 0, 1, 0, 0 ], 
              [ 1, -2, 1, 1, 2, -1, 1, -1, 0, -1, 0, 0, -1, 0, 0, 1, 0, -1, 0, 0 ] ], 
          [ [ 1, 2, 0, 0, -1, -1, 0, 0, -1, -1, 1, 0, -1, -2, 0, 1, 1, 1, 0, 1 ], 
              [ 1, -2, 0, 0, 1, 1, 0, 0, 1, 1, -1, 0, 1, 2, 0, -1, -1, -1, 0, -1 ] ], 
          [ [ 1, 2, 0, 0, -1, -1, 0, 0, -1, -1, 1, 0, -1, -1, 0, 1, 1, 0, 0, 1 ], 
              [ 1, -2, 0, 0, 1, 1, 0, 0, 1, 1, -1, 0, 1, 1, 0, -1, -1, 0, 0, -1 ] ], 
          [ [ 1, -6, 2, 3, 1, 1, 1, 1, -1, 0, 1, 2, -2, -1, 0, -1, 2, -3, -2, 0 ], 
              [ 1, 6, -2, -3, -1, -1, -1, -1, 1, 0, -1, -2, 2, 1, 0, 1, -2, 3, 2, 0 ] ], 
          [ [ 1, -6, 2, 3, 1, 1, 1, 1, -1, 0, 1, 2, -2, 0, 0, -1, 2, -4, -2, 0 ], 
              [ 1, 6, -2, -3, -1, -1, -1, -1, 1, 0, -1, -2, 2, 0, 0, 1, -2, 4, 2, 0 ] ], 
          [ [ 1, -3, 1, 2, 0, 0, 0, -1, 1, 0, 2, 1, -2, -1, 0, 0, 2, -1, -1, 0 ], 
              [ 1, 3, -1, -2, 0, 0, 0, 1, -1, 0, -2, -1, 2, 1, 0, 0, -2, 1, 1, 0 ] ], 
          [ [ 1, -3, 0, 1, -1, 2, -1, 0, 2, 2, 1, 1, 0, 1, -1, -1, 0, -1, -1, 0 ], 
              [ 1, 3, 0, -1, 1, -2, 1, 0, -2, -2, -1, -1, 0, -1, 1, 1, 0, 1, 1, 0 ] ], 
          [ [ 1, -3, 0, 1, -1, 2, 0, -1, 2, 2, 1, 1, 0, 1, -1, -1, 0, -1, -1, 0 ], 
              [ 1, 3, 0, -1, 1, -2, 0, 1, -2, -2, -1, -1, 0, -1, 1, 1, 0, 1, 1, 0 ] ], 
          [ [ 1, -4, 1, 3, 1, 0, 0, 0, 0, 0, 2, 2, -3, -1, 0, -1, 2, -3, -2, 0 ], 
              [ 1, 4, -1, -3, -1, 0, 0, 0, 0, 0, -2, -2, 3, 1, 0, 1, -2, 3, 2, 0 ] ], 
          [ [ 1, -3, 1, 2, 0, 0, 0, -1, 1, 0, 2, 1, -2, -1, -1, 1, 2, -1, -1, 1 ], 
              [ 1, 3, -1, -2, 0, 0, 0, 1, -1, 0, -2, -1, 2, 1, 1, -1, -2, 1, 1, -1 ] ], 
          [ [ 1, -6, 2, 3, 1, 1, 1, 1, -1, 0, 2, 1, -2, -1, 0, 0, 2, -3, -2, 0 ], 
              [ 1, 6, -2, -3, -1, -1, -1, -1, 1, 0, -2, -1, 2, 1, 0, 0, -2, 3, 2, 0 ] ], 
          [ [ 1, 3, -1, -2, -1, 0, -1, 1, -1, 0, -1, 0, 1, 0, 1, 0, -1, 2, 1, 0 ], 
              [ 1, -3, 1, 2, 1, 0, 1, -1, 1, 0, 1, 0, -1, 0, -1, 0, 1, -2, -1, 0 ] ], 
          [ [ 1, 3, 0, -1, 0, -2, 0, 0, -2, -2, 0, 0, -1, -1, 1, 2, 0, 1, 1, 1 ], 
              [ 1, -3, 0, 1, 0, 2, 0, 0, 2, 2, 0, 0, 1, 1, -1, -2, 0, -1, -1, -1 ] ], 
          [ [ 1, 11, -3, -4, -3, -3, -2, -1, 0, -2, -1, -1, 1, -1, 1, 1, -1, 5, 3, 1 ], 
              [ 1, -11, 3, 4, 3, 3, 2, 1, 0, 2, 1, 1, -1, 1, -1, -1, 1, -5, -3, -1 ] ], 
          [ [ 1, 9, -2, -4, -3, -2, -1, 0, -1, -2, -1, -2, 2, -1, 1, 2, -1, 5, 3, 1 ], 
              [ 1, -9, 2, 4, 3, 2, 1, 0, 1, 2, 1, 2, -2, 1, -1, -2, 1, -5, -3, -1 ] ], 
          [ [ 1, 8, -2, -3, -2, -2, -1, 1, -2, -2, -1, -1, 1, -1, 1, 1, -1, 3, 2, 1 ], 
              [ 1, -8, 2, 3, 2, 2, 1, -1, 2, 2, 1, 1, -1, 1, -1, -1, 1, -3, -2, -1 ] ], 
          [ [ 1, 8, -2, -3, -2, -2, 0, 0, -2, -2, -1, -1, 1, -1, 1, 1, -1, 3, 2, 1 ], 
              [ 1, -8, 2, 3, 2, 2, 0, 0, 2, 2, 1, 1, -1, 1, -1, -1, 1, -3, -2, -1 ] ], 
          [ [ 1, -3, 1, 2, 2, -1, 0, 0, -1, -1, 1, 2, -3, -1, 1, 0, 1, -2, -1, 0 ], 
              [ 1, 3, -1, -2, -2, 1, 0, 0, 1, 1, -1, -2, 3, 1, -1, 0, -1, 2, 1, 0 ] ], 
          [ [ 1, -2, 0, 1, 1, 0, 0, 0, -1, 0, 0, 1, -1, 1, 1, -1, 0, -1, 0, 0 ], 
              [ 1, 2, 0, -1, -1, 0, 0, 0, 1, 0, 0, -1, 1, -1, -1, 1, 0, 1, 0, 0 ] ], 
          [ [ 1, -6, 1, 2, 2, 2, 1, 2, -2, 1, 0, 2, -1, 1, 1, -2, 0, -4, -2, -1 ], 
              [ 1, 6, -1, -2, -2, -2, -1, -2, 2, -1, 0, -2, 1, -1, -1, 2, 0, 4, 2, 1 ] ], 
          [ [ 1, 0, 0, 0, 0, 0, 0, 2, -2, -1, -1, 1, 0, 0, 1, -1, 0, -1, 0, 0 ], 
              [ 1, 0, 0, 0, 0, 0, 0, -2, 2, 1, 1, -1, 0, 0, -1, 1, 0, 1, 0, 0 ] ], 
          [ [ 1, 0, 0, 0, 0, 0, 1, 1, -2, -1, -1, 1, 0, 0, 1, -1, 0, -1, 0, 0 ], 
              [ 1, 0, 0, 0, 0, 0, -1, -1, 2, 1, 1, -1, 0, 0, -1, 1, 0, 1, 0, 0 ] ], 
          [ [ 1, 0, 1, 1, 1, -2, 1, 1, -3, -3, 0, 1, -2, -2, 1, 1, 2, -1, 0, 1 ], 
              [ 1, 0, -1, -1, -1, 2, -1, -1, 3, 3, 0, -1, 2, 2, -1, -1, -2, 1, 0, -1 ] ], 
          [ [ 1, -3, 0, 1, 1, 1, 0, 0, 0, 1, 1, 1, -1, 0, 1, -1, 0, -1, -1, -1 ], 
              [ 1, 3, 0, -1, -1, -1, 0, 0, 0, -1, -1, -1, 1, 0, -1, 1, 0, 1, 1, 1 ] ], 
          [ [ 1, 0, -1, 0, 0, 0, -1, -2, 2, 1, 1, 1, -1, 1, 0, 0, -1, 0, 0, 0 ], 
              [ 1, 0, 1, 0, 0, 0, 1, 2, -2, -1, -1, -1, 1, -1, 0, 0, 1, 0, 0, 0 ] ], 
          [ [ 1, 3, -1, -1, -1, -1, -1, 0, 0, -1, 0, 0, 0, -1, 1, 0, 0, 2, 1, 0 ], 
              [ 1, -3, 1, 1, 1, 1, 1, 0, 0, 1, 0, 0, 0, 1, -1, 0, 0, -2, -1, 0 ] ], 
          [ [ 1, 6, -2, -2, -2, -2, -2, -2, 2, -1, 0, 0, 0, 0, 0, 1, -1, 3, 2, 1 ], 
              [ 1, -6, 2, 2, 2, 2, 2, 2, -2, 1, 0, 0, 0, 0, 0, -1, 1, -3, -2, -1 ] ], 
          [ [ 1, 3, -1, -1, -1, -1, -1, 0, 0, -1, 0, 0, 0, 0, 1, 0, 0, 1, 1, 0 ], 
              [ 1, -3, 1, 1, 1, 1, 1, 0, 0, 1, 0, 0, 0, 0, -1, 0, 0, -1, -1, 0 ] ], 
          [ [ 1, 3, -2, -2, -2, 1, -1, 0, 1, 1, -1, 0, 2, 1, 0, -1, -2, 2, 1, 0 ], 
              [ 1, -3, 2, 2, 2, -1, 1, 0, -1, -1, 1, 0, -2, -1, 0, 1, 2, -2, -1, 0 ] ], 
          [ [ 1, 3, -2, -2, -2, 1, -1, 0, 1, 1, -1, 0, 2, 1, 0, -1, -1, 2, 1, 0 ], 
              [ 1, -3, 2, 2, 2, -1, 1, 0, -1, -1, 1, 0, -2, -1, 0, 1, 1, -2, -1, 0 ] ], 
          [ [ 1, 0, -1, -1, -1, 2, 0, 2, -1, 1, -1, 0, 2, 1, 1, -2, -1, 0, 0, -1 ], 
              [ 1, 0, 1, 1, 1, -2, 0, -2, 1, -1, 1, 0, -2, -1, -1, 2, 1, 0, 0, 1 ] ], 
          [ [ 1, 3, -2, -2, -2, 1, -1, 0, 1, 1, -1, 0, 2, 2, 0, -1, -2, 1, 1, 0 ], 
              [ 1, -3, 2, 2, 2, -1, 1, 0, -1, -1, 1, 0, -2, -2, 0, 1, 2, -1, -1, 0 ] ], 
          [ [ 1, -3, 0, 1, 1, 1, 0, 0, 0, 1, 1, 1, -1, 0, 0, 0, 0, -1, -1, 0 ], 
              [ 1, 3, 0, -1, -1, -1, 0, 0, 0, -1, -1, -1, 1, 0, 0, 0, 0, 1, 1, 0 ] ], 
          [ [ 1, 3, -1, -1, -1, -1, -1, 0, 0, -1, 0, 0, 0, -1, 0, 1, 0, 2, 1, 1 ], 
              [ 1, -3, 1, 1, 1, 1, 1, 0, 0, 1, 0, 0, 0, 1, 0, -1, 0, -2, -1, -1 ] ], 
          [ [ 1, 3, 0, 0, 0, -3, 0, -1, -1, -3, 1, 0, -2, -2, 1, 2, 1, 1, 1, 1 ], 
              [ 1, -3, 0, 0, 0, 3, 0, 1, 1, 3, -1, 0, 2, 2, -1, -2, -1, -1, -1, -1 ] ], 
          [ [ 1, 0, 0, 0, 0, 0, 0, 2, -2, -1, 0, 0, 0, -1, 1, 0, 1, 0, 0, 0 ], 
              [ 1, 0, 0, 0, 0, 0, 0, -2, 2, 1, 0, 0, 0, 1, -1, 0, -1, 0, 0, 0 ] ], 
          [ [ 1, 3, -1, -1, -1, -1, -1, 0, 0, -1, 0, 0, 0, 0, 0, 1, 0, 1, 1, 1 ], 
              [ 1, -3, 1, 1, 1, 1, 1, 0, 0, 1, 0, 0, 0, 0, 0, -1, 0, -1, -1, -1 ] ], 
          [ [ 1, 2, -1, 0, 0, -1, 0, 0, -1, -1, 0, 1, -1, -1, 1, -1, 0, 0, 0, 0 ], 
              [ 1, -2, 1, 0, 0, 1, 0, 0, 1, 1, 0, -1, 1, 1, -1, 1, 0, 0, 0, 0 ] ], 
          [ [ 1, 2, -1, 0, 0, -1, 0, 0, -1, -1, 0, 1, -1, 0, 1, -1, 0, -1, 0, 0 ], 
              [ 1, -2, 1, 0, 0, 1, 0, 0, 1, 1, 0, -1, 1, 0, -1, 1, 0, 1, 0, 0 ] ], 
          [ [ 1, 3, -1, -1, -1, -1, 0, -1, 0, -1, 0, 0, 0, -1, 0, 1, 0, 2, 1, 1 ], 
              [ 1, -3, 1, 1, 1, 1, 0, 1, 0, 1, 0, 0, 0, 1, 0, -1, 0, -2, -1, -1 ] ], 
          [ [ 1, 0, 0, 0, 0, 0, 1, 1, -2, -1, 0, 0, 0, -1, 1, 0, 0, 0, 0, 0 ], 
              [ 1, 0, 0, 0, 0, 0, -1, -1, 2, 1, 0, 0, 0, 1, -1, 0, 0, 0, 0, 0 ] ], 
          [ [ 1, 0, 0, 0, 0, 0, 1, 1, -2, -1, 0, 0, 0, -1, 1, 0, 1, 0, 0, 0 ], 
              [ 1, 0, 0, 0, 0, 0, -1, -1, 2, 1, 0, 0, 0, 1, -1, 0, -1, 0, 0, 0 ] ], 
          [ [ 1, 3, -1, -1, -1, -1, 0, -1, 0, -1, 0, 0, 0, 0, 0, 1, -1, 1, 1, 1 ], 
              [ 1, -3, 1, 1, 1, 1, 0, 1, 0, 1, 0, 0, 0, 0, 0, -1, 1, -1, -1, -1 ] ], 
          [ [ 1, 4, -2, -2, -2, 0, -1, 0, 0, 0, -1, -1, 2, 1, 0, 0, -1, 3, 2, 1 ], 
              [ 1, -4, 2, 2, 2, 0, 1, 0, 0, 0, 1, 1, -2, -1, 0, 0, 1, -3, -2, -1 ] ], 
          [ [ 1, 3, -1, -1, -1, -1, 0, -1, 0, -1, 0, 0, 0, 0, 0, 1, 0, 1, 1, 1 ], 
              [ 1, -3, 1, 1, 1, 1, 0, 1, 0, 1, 0, 0, 0, 0, 0, -1, 0, -1, -1, -1 ] ], 
          [ [ 1, 0, -1, -1, -1, 2, 0, 2, -1, 1, -1, 0, 2, 1, 0, -1, -1, 0, 0, 0 ], 
              [ 1, 0, 1, 1, 1, -2, 0, -2, 1, -1, 1, 0, -2, -1, 0, 1, 1, 0, 0, 0 ] ], 
          [ [ 1, 0, 0, 0, 0, 0, 1, 1, -2, -1, 0, 0, 0, 0, 1, 0, 0, -1, 0, 0 ], 
              [ 1, 0, 0, 0, 0, 0, -1, -1, 2, 1, 0, 0, 0, 0, -1, 0, 0, 1, 0, 0 ] ], 
          [ [ 1, -1, 0, 1, 1, 0, 1, 2, -3, -1, 0, 1, -1, -1, 1, -1, 1, -2, -1, 0 ], 
              [ 1, 1, 0, -1, -1, 0, -1, -2, 3, 1, 0, -1, 1, 1, -1, 1, -1, 2, 1, 0 ] ], 
          [ [ 1, 6, -3, -3, -3, 0, -2, -2, 3, 1, 0, -1, 2, 1, 0, 0, -2, 4, 2, 0 ], 
              [ 1, -6, 3, 3, 3, 0, 2, 2, -3, -1, 0, 1, -2, -1, 0, 0, 2, -4, -2, 0 ] ], 
          [ [ 1, 6, -2, -2, -2, -2, -2, -2, 2, -1, 1, -1, 0, -1, 0, 2, 0, 4, 2, 1 ], 
              [ 1, -6, 2, 2, 2, 2, 2, 2, -2, 1, -1, 1, 0, 1, 0, -2, 0, -4, -2, -1 ] ], 
          [ [ 1, 5, -3, -2, -2, 0, -2, -1, 2, 1, 0, 0, 1, 1, 0, -1, -2, 2, 1, 0 ], 
              [ 1, -5, 3, 2, 2, 0, 2, 1, -2, -1, 0, 0, -1, -1, 0, 1, 2, -2, -1, 0 ] ], 
          [ [ 1, 3, -2, -2, -2, 1, -1, 0, 1, 1, 0, -1, 2, 0, 0, 0, -1, 3, 1, 0 ], 
              [ 1, -3, 2, 2, 2, -1, 1, 0, -1, -1, 0, 1, -2, 0, 0, 0, 1, -3, -1, 0 ] ], 
          [ [ 1, 6, -3, -3, -3, 0, -2, -2, 3, 1, 0, -1, 2, 1, -1, 1, -2, 4, 2, 1 ], 
              [ 1, -6, 3, 3, 3, 0, 2, 2, -3, -1, 0, 1, -2, -1, 1, -1, 2, -4, -2, -1 ] ], 
          [ [ 1, 3, -2, -2, -2, 1, -1, 0, 1, 1, 0, -1, 2, 1, 0, 0, -2, 2, 1, 0 ], 
              [ 1, -3, 2, 2, 2, -1, 1, 0, -1, -1, 0, 1, -2, -1, 0, 0, 2, -2, -1, 0 ] ], 
          [ [ 1, 3, -2, -2, -2, 1, -1, 0, 1, 1, 0, -1, 2, 1, 0, 0, -1, 2, 1, 0 ], 
              [ 1, -3, 2, 2, 2, -1, 1, 0, -1, -1, 0, 1, -2, -1, 0, 0, 1, -2, -1, 0 ] ], 
          [ [ 1, 5, -2, -1, -1, -2, -1, -2, 1, -1, 1, 0, -1, -1, 0, 1, 0, 2, 1, 1 ], 
              [ 1, -5, 2, 1, 1, 2, 1, 2, -1, 1, -1, 0, 1, 1, 0, -1, 0, -2, -1, -1 ] ], 
          [ [ 1, 2, -1, 0, 0, -1, 0, 0, -1, -1, 1, 0, -1, -1, 1, 0, 0, 0, 0, 0 ], 
              [ 1, -2, 1, 0, 0, 1, 0, 0, 1, 1, -1, 0, 1, 1, -1, 0, 0, 0, 0, 0 ] ], 
          [ [ 1, 3, -1, -1, -1, -1, 0, -1, 0, -1, 1, -1, 0, -1, 0, 2, 0, 2, 1, 1 ], 
              [ 1, -3, 1, 1, 1, 1, 0, 1, 0, 1, -1, 1, 0, 1, 0, -2, 0, -2, -1, -1 ] ], 
          [ [ 1, 8, -3, -3, -3, -1, -1, 0, 0, -1, -1, -1, 2, 0, 0, 0, -1, 3, 2, 1 ], 
              [ 1, -8, 3, 3, 3, 1, 1, 0, 0, 1, 1, 1, -2, 0, 0, 0, 1, -3, -2, -1 ] ], 
          [ [ 1, -3, 0, 2, 1, 0, 0, -1, 1, 0, 1, 2, -2, 0, 0, -1, 1, -2, -1, 0 ], 
              [ 1, 3, 0, -2, -1, 0, 0, 1, -1, 0, -1, -2, 2, 0, 0, 1, -1, 2, 1, 0 ] ], 
          [ [ 1, -6, 1, 3, 2, 1, 1, 1, -1, 0, 1, 2, -2, 0, 1, -2, 1, -4, -2, -1 ], 
              [ 1, 6, -1, -3, -2, -1, -1, -1, 1, 0, -1, -2, 2, 0, -1, 2, -1, 4, 2, 1 ] ], 
          [ [ 1, -5, 1, 2, 1, 1, 1, 0, 0, 0, 1, 1, -1, 0, 0, 0, 1, -2, -1, 0 ], 
              [ 1, 5, -1, -2, -1, -1, -1, 0, 0, 0, -1, -1, 1, 0, 0, 0, -1, 2, 1, 0 ] ], 
          [ [ 1, -6, 1, 3, 2, 1, 1, 1, -1, 0, 1, 2, -2, 0, 0, -1, 1, -4, -2, 0 ], 
              [ 1, 6, -1, -3, -2, -1, -1, -1, 1, 0, -1, -2, 2, 0, 0, 1, -1, 4, 2, 0 ] ], 
          [ [ 1, -3, -1, 1, 0, 2, -1, 0, 2, 2, 1, 1, 0, 1, 0, -2, 0, -1, -1, -1 ], 
              [ 1, 3, 1, -1, 0, -2, 1, 0, -2, -2, -1, -1, 0, -1, 0, 2, 0, 1, 1, 1 ] ], 
          [ [ 1, -3, 0, 2, 1, 0, 0, -1, 1, 0, 2, 1, -2, -1, 0, 0, 1, -1, -1, 0 ], 
              [ 1, 3, 0, -2, -1, 0, 0, 1, -1, 0, -2, -1, 2, 1, 0, 0, -1, 1, 1, 0 ] ], 
          [ [ 1, -3, 0, 2, 1, 0, 0, -1, 1, 0, 2, 1, -2, 0, 0, 0, 1, -2, -1, 0 ], 
              [ 1, 3, 0, -2, -1, 0, 0, 1, -1, 0, -2, -1, 2, 0, 0, 0, -1, 2, 1, 0 ] ], 
          [ [ 1, -6, 0, 2, 1, 3, 1, 1, 0, 2, 1, 1, 0, 1, 0, -2, 0, -3, -2, -1 ], 
              [ 1, 6, 0, -2, -1, -3, -1, -1, 0, -2, -1, -1, 0, -1, 0, 2, 0, 3, 2, 1 ] ], 
          [ [ 1, 0, -1, 0, -1, 1, 0, 1, 0, 0, 0, 0, 1, 0, 0, -1, 0, 0, 0, 0 ], 
              [ 1, 0, 1, 0, 1, -1, 0, -1, 0, 0, 0, 0, -1, 0, 0, 1, 0, 0, 0, 0 ] ], 
          [ [ 1, 9, -3, -4, -2, -2, -1, 0, -1, -2, -2, -1, 2, 0, 1, 1, -2, 4, 3, 1 ], 
              [ 1, -9, 3, 4, 2, 2, 1, 0, 1, 2, 2, 1, -2, 0, -1, -1, 2, -4, -3, -1 ] ], 
          [ [ 1, 3, -2, -1, 0, -1, -1, 0, 0, -1, 0, 0, 0, 0, 1, 0, -1, 1, 1, 0 ], 
              [ 1, -3, 2, 1, 0, 1, 1, 0, 0, 1, 0, 0, 0, 0, -1, 0, 1, -1, -1, 0 ] ], 
          [ [ 1, 3, -2, -1, 0, -1, 0, -1, 0, -1, 0, 0, 0, 0, 1, 0, -1, 1, 1, 0 ], 
              [ 1, -3, 2, 1, 0, 1, 0, 1, 0, 1, 0, 0, 0, 0, -1, 0, 1, -1, -1, 0 ] ], 
          [ [ 1, 6, -2, -2, -2, -2, -1, 0, -1, -1, 0, 0, 0, 0, 1, 0, -1, 2, 2, 1 ], 
              [ 1, -6, 2, 2, 2, 2, 1, 0, 1, 1, 0, 0, 0, 0, -1, 0, 1, -2, -2, -1 ] ], 
          [ [ 1, -2, 1, 0, -1, 2, 0, 0, 1, 1, -1, -1, 2, 1, -1, 0, 0, 1, 0, 0 ], 
              [ 1, 2, -1, 0, 1, -2, 0, 0, -1, -1, 1, 1, -2, -1, 1, 0, 0, -1, 0, 0 ] ], 
          [ [ 1, -3, 2, 2, 1, 0, 1, 0, -1, -1, 0, 0, -1, -1, 0, 0, 2, -1, -1, 0 ], 
              [ 1, 3, -2, -2, -1, 0, -1, 0, 1, 1, 0, 0, 1, 1, 0, 0, -2, 1, 1, 0 ] ], 
          [ [ 1, -7, 3, 3, 2, 2, 2, 2, -2, 0, 0, 1, -1, -1, 0, -1, 2, -4, -3, -1 ], 
              [ 1, 7, -3, -3, -2, -2, -2, -2, 2, 0, 0, -1, 1, 1, 0, 1, -2, 4, 3, 1 ] ], 
          [ [ 1, -1, 1, 1, 0, 0, 0, -2, 2, 0, 1, 0, -1, -1, -1, 1, 1, 0, -1, 0 ], 
              [ 1, 1, -1, -1, 0, 0, 0, 2, -2, 0, -1, 0, 1, 1, 1, -1, -1, 0, 1, 0 ] ], 
          [ [ 1, 0, 0, 0, -1, 1, -1, -1, 2, 1, 0, -1, 1, 1, -1, 0, 0, 1, 0, 0 ], 
              [ 1, 0, 0, 0, 1, -1, 1, 1, -2, -1, 0, 1, -1, -1, 1, 0, 0, -1, 0, 0 ] ], 
          [ [ 1, 2, 0, -1, -2, 1, 0, 0, 1, 0, -1, -1, 2, 0, -1, 0, 0, 1, 0, 0 ], 
              [ 1, -2, 0, 1, 2, -1, 0, 0, -1, 0, 1, 1, -2, 0, 1, 0, 0, -1, 0, 0 ] ], 
          [ [ 1, 1, 0, -1, 0, 0, -1, -1, 1, 0, -1, -1, 1, 1, 0, 1, -1, 2, 1, 0 ], 
              [ 1, -1, 0, 1, 0, 0, 1, 1, -1, 0, 1, 1, -1, -1, 0, -1, 1, -2, -1, 0 ] ], 
          [ [ 1, 3, 0, -2, -1, 0, 0, 0, 0, -1, -2, -1, 2, 0, 0, 1, -1, 2, 1, 0 ], 
              [ 1, -3, 0, 2, 1, 0, 0, 0, 0, 1, 2, 1, -2, 0, 0, -1, 1, -2, -1, 0 ] ], 
          [ [ 1, 2, 1, 0, 1, -2, 1, 0, -2, -3, -1, 0, -1, -2, 1, 1, 1, 0, 0, 0 ], 
              [ 1, -2, -1, 0, -1, 2, -1, 0, 2, 3, 1, 0, 1, 2, -1, -1, -1, 0, 0, 0 ] ], 
          [ [ 1, 3, 0, -1, 0, -1, 0, 1, -2, -2, -2, -1, 1, 0, 1, 0, 0, 1, 1, 0 ], 
              [ 1, -3, 0, 1, 0, 1, 0, -1, 2, 2, 2, 1, -1, 0, -1, 0, 0, -1, -1, 0 ] ], 
          [ [ 1, 4, 0, -2, -1, -1, 0, 0, -1, -2, -2, -2, 2, 0, 0, 2, 0, 3, 2, 1 ], 
              [ 1, -4, 0, 2, 1, 1, 0, 0, 1, 2, 2, 2, -2, 0, 0, -2, 0, -3, -2, -1 ] ], 
          [ [ 1, 5, -1, -2, -1, -1, -1, -1, 1, -1, -1, -1, 1, -1, 0, 1, -1, 3, 1, 0 ], 
              [ 1, -5, 1, 2, 1, 1, 1, 1, -1, 1, 1, 1, -1, 1, 0, -1, 1, -3, -1, 0 ] ], 
          [ [ 1, 5, -1, -2, -1, -1, -1, -1, 1, -1, -1, -1, 1, -1, 0, 1, 0, 3, 1, 0 ], 
              [ 1, -5, 1, 2, 1, 1, 1, 1, -1, 1, 1, 1, -1, 1, 0, -1, 0, -3, -1, 0 ] ], 
          [ [ 1, 2, 0, -1, 0, 0, 0, 1, -1, -1, -1, -1, 1, -1, 1, 0, 0, 1, 0, -1 ], 
              [ 1, -2, 0, 1, 0, 0, 0, -1, 1, 1, 1, 1, -1, 1, -1, 0, 0, -1, 0, 1 ] ], 
          [ [ 1, 5, -1, -2, -1, -1, -1, -1, 1, -1, -1, -1, 1, 0, 0, 1, -1, 2, 1, 0 ], 
              [ 1, -5, 1, 2, 1, 1, 1, 1, -1, 1, 1, 1, -1, 0, 0, -1, 1, -2, -1, 0 ] ], 
          [ [ 1, 3, 0, -2, -1, 0, 0, 0, 0, -1, -1, -2, 2, -1, 0, 2, 0, 3, 1, 0 ], 
              [ 1, -3, 0, 2, 1, 0, 0, 0, 0, 1, 1, 2, -2, 1, 0, -2, 0, -3, -1, 0 ] ], 
          [ [ 1, 6, -2, -3, -2, 0, -1, -1, 1, 0, -2, -2, 3, 1, 0, 0, -2, 4, 2, 0 ], 
              [ 1, -6, 2, 3, 2, 0, 1, 1, -1, 0, 2, 2, -3, -1, 0, 0, 2, -4, -2, 0 ] ], 
          [ [ 1, 2, -1, -2, -1, 2, 0, 1, 0, 1, -2, -1, 3, 1, 0, -1, -2, 1, 0, -1 ], 
              [ 1, -2, 1, 2, 1, -2, 0, -1, 0, -1, 2, 1, -3, -1, 0, 1, 2, -1, 0, 1 ] ], 
          [ [ 1, 6, -1, -2, -1, -2, -1, -1, 0, -2, -1, -2, 1, -1, 0, 2, 0, 4, 2, 1 ], 
              [ 1, -6, 1, 2, 1, 2, 1, 1, 0, 2, 1, 2, -1, 1, 0, -2, 0, -4, -2, -1 ] ], 
          [ [ 1, 2, 0, -1, 0, 0, 0, 1, -1, -1, -1, -1, 1, -1, 0, 1, 0, 1, 0, 0 ], 
              [ 1, -2, 0, 1, 0, 0, 0, -1, 1, 1, 1, 1, -1, 1, 0, -1, 0, -1, 0, 0 ] ], 
          [ [ 1, 2, 0, -1, 0, 0, 1, 0, -1, -1, -1, -1, 1, -1, 0, 1, 0, 1, 0, 0 ], 
              [ 1, -2, 0, 1, 0, 0, -1, 0, 1, 1, 1, 1, -1, 1, 0, -1, 0, -1, 0, 0 ] ], 
          [ [ 1, 3, -1, -2, -1, 1, 0, 1, -1, 0, -2, -2, 3, 1, 0, 0, -1, 2, 1, 0 ], 
              [ 1, -3, 1, 2, 1, -1, 0, -1, 1, 0, 2, 2, -3, -1, 0, 0, 1, -2, -1, 0 ] ], 
          [ [ 1, 8, -1, -3, -2, -2, 0, 0, -1, -3, -2, -2, 2, -2, 0, 2, 0, 4, 2, 1 ], 
              [ 1, -8, 1, 3, 2, 2, 0, 0, 1, 3, 2, 2, -2, 2, 0, -2, 0, -4, -2, -1 ] ], 
          [ [ 1, -8, 2, 3, 3, 2, 1, 0, 0, 1, 0, 1, -1, 1, 0, -1, 1, -3, -2, -1 ], 
              [ 1, 8, -2, -3, -3, -2, -1, 0, 0, -1, 0, -1, 1, -1, 0, 1, -1, 3, 2, 1 ] ], 
          [ [ 1, -2, 1, 1, 1, 0, 0, 0, 0, -1, -1, 0, 0, 0, 0, 0, 1, 0, 0, 0 ], 
              [ 1, 2, -1, -1, -1, 0, 0, 0, 0, 1, 1, 0, 0, 0, 0, 0, -1, 0, 0, 0 ] ], 
          [ [ 1, -6, 2, 2, 2, 2, 1, 2, -1, 0, -1, 1, 0, 0, 0, -1, 1, -3, -2, -1 ], 
              [ 1, 6, -2, -2, -2, -2, -1, -2, 1, 0, 1, -1, 0, 0, 0, 1, -1, 3, 2, 1 ] ], 
          [ [ 1, -6, 2, 2, 2, 2, 2, 1, -1, 0, -1, 1, 0, 0, 0, -1, 1, -3, -2, -1 ], 
              [ 1, 6, -2, -2, -2, -2, -2, -1, 1, 0, 1, -1, 0, 0, 0, 1, -1, 3, 2, 1 ] ], 
          [ [ 1, -5, 1, 1, 1, 3, 1, 2, -1, 1, -2, 0, 2, 2, 0, -2, 0, -2, -1, -1 ], 
              [ 1, 5, -1, -1, -1, -3, -1, -2, 1, -1, 2, 0, -2, -2, 0, 2, 0, 2, 1, 1 ] ], 
          [ [ 1, -5, 2, 2, 2, 1, 2, 1, -2, -1, -1, 0, 0, 0, 0, 0, 1, -2, -1, 0 ], 
              [ 1, 5, -2, -2, -2, -1, -2, -1, 2, 1, 1, 0, 0, 0, 0, 0, -1, 2, 1, 0 ] ], 
          [ [ 1, -3, 1, 1, 1, 1, 0, 0, 1, 0, 0, 0, 0, -1, 0, 0, 1, 0, -1, -1 ], 
              [ 1, 3, -1, -1, -1, -1, 0, 0, -1, 0, 0, 0, 0, 1, 0, 0, -1, 0, 1, 1 ] ], 
          [ [ 1, 0, 0, 0, 0, 0, -1, -2, 3, 0, 0, 0, 0, 0, -1, 1, 0, 1, 0, 0 ], 
              [ 1, 0, 0, 0, 0, 0, 1, 2, -3, 0, 0, 0, 0, 0, 1, -1, 0, -1, 0, 0 ] ], 
          [ [ 1, -3, 1, 1, 1, 1, 0, 0, 1, 0, 0, 0, 0, 0, 0, 0, 0, -1, -1, -1 ], 
              [ 1, 3, -1, -1, -1, -1, 0, 0, -1, 0, 0, 0, 0, 0, 0, 0, 0, 1, 1, 1 ] ], 
          [ [ 1, -3, 1, 1, 1, 1, 0, 0, 1, 0, 0, 0, 0, 0, 0, 0, 1, -1, -1, -1 ], 
              [ 1, 3, -1, -1, -1, -1, 0, 0, -1, 0, 0, 0, 0, 0, 0, 0, -1, 1, 1, 1 ] ], 
          [ [ 1, -3, 0, 0, 0, 3, 0, 0, 2, 2, -1, 0, 2, 1, -1, -1, -1, 0, -1, -1 ], 
              [ 1, 3, 0, 0, 0, -3, 0, 0, -2, -2, 1, 0, -2, -1, 1, 1, 1, 0, 1, 1 ] ], 
          [ [ 1, -3, 1, 1, 1, 1, 1, -1, 1, 0, 0, 0, 0, 0, 0, 0, 0, -1, -1, -1 ], 
              [ 1, 3, -1, -1, -1, -1, -1, 1, -1, 0, 0, 0, 0, 0, 0, 0, 0, 1, 1, 1 ] ], 
          [ [ 1, -2, 0, 0, 0, 2, 0, 0, 1, 1, -1, -1, 2, 1, 0, -1, 0, 1, 0, -1 ], 
              [ 1, 2, 0, 0, 0, -2, 0, 0, -1, -1, 1, 1, -2, -1, 0, 1, 0, -1, 0, 1 ] ], 
          [ [ 1, -6, 1, 1, 1, 4, 1, 2, 0, 2, -1, 0, 2, 1, 0, -2, 0, -2, -2, -2 ], 
              [ 1, 6, -1, -1, -1, -4, -1, -2, 0, -2, 1, 0, -2, -1, 0, 2, 0, 2, 2, 2 ] ], 
          [ [ 1, 1, -1, -1, -1, 1, -1, -2, 3, 1, -1, -1, 2, 2, -1, 0, -1, 2, 1, 0 ], 
              [ 1, -1, 1, 1, 1, -1, 1, 2, -3, -1, 1, 1, -2, -2, 1, 0, 1, -2, -1, 0 ] ], 
          [ [ 1, -3, 0, 0, 0, 3, 0, 0, 2, 2, -1, 0, 2, 2, -1, -1, -1, -1, -1, -1 ], 
              [ 1, 3, 0, 0, 0, -3, 0, 0, -2, -2, 1, 0, -2, -2, 1, 1, 1, 1, 1, 1 ] ], 
          [ [ 1, -2, 0, 0, 0, 2, 0, 0, 1, 1, -1, -1, 2, 2, 0, -1, -1, 0, 0, -1 ], 
              [ 1, 2, 0, 0, 0, -2, 0, 0, -1, -1, 1, 1, -2, -2, 0, 1, 1, 0, 0, 1 ] ], 
          [ [ 1, -3, 2, 2, 2, -1, 1, -1, 0, -2, 1, 0, -2, -2, 0, 2, 2, -1, -1, 0 ], 
              [ 1, 3, -2, -2, -2, 1, -1, 1, 0, 2, -1, 0, 2, 2, 0, -2, -2, 1, 1, 0 ] ], 
          [ [ 1, -2, 1, 1, 1, 0, 0, 0, 0, -1, 0, -1, 0, 0, 0, 1, 1, 0, 0, 0 ], 
              [ 1, 2, -1, -1, -1, 0, 0, 0, 0, 1, 0, 1, 0, 0, 0, -1, -1, 0, 0, 0 ] ], 
          [ [ 1, -4, 1, 2, 2, 1, 1, 0, 0, 0, 0, 1, -1, -1, 0, -1, 1, -2, -2, -1 ], 
              [ 1, 4, -1, -2, -2, -1, -1, 0, 0, 0, 0, -1, 1, 1, 0, 1, -1, 2, 2, 1 ] ], 
          [ [ 1, -4, 1, 2, 2, 1, 1, 0, 0, 0, 0, 1, -1, 0, 0, -1, 0, -3, -2, -1 ], 
              [ 1, 4, -1, -2, -2, -1, -1, 0, 0, 0, 0, -1, 1, 0, 0, 1, 0, 3, 2, 1 ] ], 
          [ [ 1, -3, 0, 1, 1, 2, 0, 1, 0, 1, -1, 0, 1, 1, 0, -2, 0, -1, -1, -1 ], 
              [ 1, 3, 0, -1, -1, -2, 0, -1, 0, -1, 1, 0, -1, -1, 0, 2, 0, 1, 1, 1 ] ], 
          [ [ 1, -4, 1, 2, 2, 1, 1, 0, 0, 0, 0, 1, -1, 0, 0, -1, 1, -3, -2, -1 ], 
              [ 1, 4, -1, -2, -2, -1, -1, 0, 0, 0, 0, -1, 1, 0, 0, 1, -1, 3, 2, 1 ] ], 
          [ [ 1, -6, 2, 2, 2, 2, 2, 1, -1, 0, 0, 0, 0, -1, 0, 0, 1, -2, -2, -1 ], 
              [ 1, 6, -2, -2, -2, -2, -2, -1, 1, 0, 0, 0, 0, 1, 0, 0, -1, 2, 2, 1 ] ], 
          [ [ 1, -3, 1, 1, 1, 1, 1, -1, 1, 0, 0, 0, 0, 0, -1, 1, 0, -1, -1, 0 ], 
              [ 1, 3, -1, -1, -1, -1, -1, 1, -1, 0, 0, 0, 0, 0, 1, -1, 0, 1, 1, 0 ] ], 
          [ [ 1, -2, 0, 0, 0, 2, 0, 0, 1, 1, -1, -1, 2, 1, -1, 0, 0, 1, 0, 0 ], 
              [ 1, 2, 0, 0, 0, -2, 0, 0, -1, -1, 1, 1, -2, -1, 1, 0, 0, -1, 0, 0 ] ], 
          [ [ 1, -2, 1, 1, 1, 0, 1, -1, 0, -1, 0, -1, 0, 0, 0, 1, 1, 0, 0, 0 ], 
              [ 1, 2, -1, -1, -1, 0, -1, 1, 0, 1, 0, 1, 0, 0, 0, -1, -1, 0, 0, 0 ] ], 
          [ [ 1, -5, 1, 1, 1, 3, 1, 2, -1, 1, -1, -1, 2, 1, 0, -1, 0, -1, -1, -1 ], 
              [ 1, 5, -1, -1, -1, -3, -1, -2, 1, -1, 1, 1, -2, -1, 0, 1, 0, 1, 1, 1 ] ], 
          [ [ 1, -6, 2, 2, 2, 2, 2, 1, -1, 0, 0, 0, 0, 0, 0, 0, 1, -3, -2, -1 ], 
              [ 1, 6, -2, -2, -2, -2, -2, -1, 1, 0, 0, 0, 0, 0, 0, 0, -1, 3, 2, 1 ] ], 
          [ [ 1, 2, 0, 0, 0, -1, 0, 0, 0, -2, -1, 0, 0, -1, 0, 0, 1, 0, 0, 0 ], 
              [ 1, -2, 0, 0, 0, 1, 0, 0, 0, 2, 1, 0, 0, 1, 0, 0, -1, 0, 0, 0 ] ], 
          [ [ 1, -2, 0, 0, 0, 2, 0, 0, 1, 1, -1, -1, 2, 2, -1, 0, -1, 0, 0, 0 ], 
              [ 1, 2, 0, 0, 0, -2, 0, 0, -1, -1, 1, 1, -2, -2, 1, 0, 1, 0, 0, 0 ] ], 
          [ [ 1, 0, 1, 0, 0, 0, 1, 1, -1, -2, -1, -1, 1, -1, 0, 1, 1, 0, 0, 0 ], 
              [ 1, 0, -1, 0, 0, 0, -1, -1, 1, 2, 1, 1, -1, 1, 0, -1, -1, 0, 0, 0 ] ], 
          [ [ 1, -1, 0, 0, 0, 2, 1, 2, -1, 0, -2, 0, 2, 0, 0, -2, 0, -1, -1, -1 ], 
              [ 1, 1, 0, 0, 0, -2, -1, -2, 1, 0, 2, 0, -2, 0, 0, 2, 0, 1, 1, 1 ] ], 
          [ [ 1, -3, 1, 2, 2, 0, 1, 0, -1, -1, 0, 0, -1, 0, 0, 0, 1, -2, -1, 0 ], 
              [ 1, 3, -1, -2, -2, 0, -1, 0, 1, 1, 0, 0, 1, 0, 0, 0, -1, 2, 1, 0 ] ], 
          [ [ 1, -1, 1, 1, 1, 0, 2, 1, -2, -2, -1, 0, 0, -1, 0, 0, 1, -2, -1, 0 ], 
              [ 1, 1, -1, -1, -1, 0, -2, -1, 2, 2, 1, 0, 0, 1, 0, 0, -1, 2, 1, 0 ] ], 
          [ [ 1, 0, -1, -1, -1, 2, -1, -2, 4, 2, 0, -1, 2, 1, -1, 0, -1, 2, 0, -1 ], 
              [ 1, 0, 1, 1, 1, -2, 1, 2, -4, -2, 0, 1, -2, -1, 1, 0, 1, -2, 0, 1 ] ], 
          [ [ 1, -1, -1, 0, 0, 2, -1, -1, 3, 2, 0, 0, 1, 1, -1, -1, -1, 0, -1, -1 ], 
              [ 1, 1, 1, 0, 0, -2, 1, 1, -3, -2, 0, 0, -1, -1, 1, 1, 1, 0, 1, 1 ] ], 
          [ [ 1, 1, -1, -1, -1, 1, -1, -2, 3, 1, 0, -2, 2, 1, -1, 1, -1, 3, 1, 0 ], 
              [ 1, -1, 1, 1, 1, -1, 1, 2, -3, -1, 0, 2, -2, -1, 1, -1, 1, -3, -1, 0 ] ], 
          [ [ 1, -3, 0, 0, 0, 3, 0, 0, 2, 2, 0, -1, 2, 1, -1, 0, -1, 0, -1, -1 ], 
              [ 1, 3, 0, 0, 0, -3, 0, 0, -2, -2, 0, 1, -2, -1, 1, 0, 1, 0, 1, 1 ] ], 
          [ [ 1, 5, -2, -2, -2, 0, -1, -2, 3, 0, -1, -1, 2, 0, -1, 0, -1, 3, 1, 0 ], 
              [ 1, -5, 2, 2, 2, 0, 1, 2, -3, 0, 1, 1, -2, 0, 1, 0, 1, -3, -1, 0 ] ], 
          [ [ 1, 2, -1, -1, -1, 1, 0, 0, 1, 0, -1, -1, 2, 0, 0, -1, -1, 1, 0, -1 ], 
              [ 1, -2, 1, 1, 1, -1, 0, 0, -1, 0, 1, 1, -2, 0, 0, 1, 1, -1, 0, 1 ] ], 
          [ [ 1, 2, -1, -1, -1, 1, 0, 0, 1, 0, -1, -1, 2, 0, 0, -1, 0, 1, 0, -1 ], 
              [ 1, -2, 1, 1, 1, -1, 0, 0, -1, 0, 1, 1, -2, 0, 0, 1, 0, -1, 0, 1 ] ], 
          [ [ 1, 3, -1, -2, -2, 1, 0, -1, 2, 0, -1, -2, 3, 0, -1, 1, -1, 3, 1, 0 ], 
              [ 1, -3, 1, 2, 2, -1, 0, 1, -2, 0, 1, 2, -3, 0, 1, -1, 1, -3, -1, 0 ] ], 
          [ [ 1, -4, 1, 2, 2, 1, 1, 0, 0, 0, 1, 0, -1, -1, 0, 0, 1, -2, -2, -1 ], 
              [ 1, 4, -1, -2, -2, -1, -1, 0, 0, 0, -1, 0, 1, 1, 0, 0, -1, 2, 2, 1 ] ], 
          [ [ 1, 2, 0, 0, 0, -1, 0, 0, 0, -2, 0, -1, 0, -2, 0, 1, 1, 1, 0, 0 ], 
              [ 1, -2, 0, 0, 0, 1, 0, 0, 0, 2, 0, 1, 0, 2, 0, -1, -1, -1, 0, 0 ] ], 
          [ [ 1, 2, 0, 0, 0, -1, 1, -1, 0, -2, 0, -1, 0, -2, 0, 1, 1, 1, 0, 0 ], 
              [ 1, -2, 0, 0, 0, 1, -1, 1, 0, 2, 0, 1, 0, 2, 0, -1, -1, -1, 0, 0 ] ], 
          [ [ 1, 2, -1, -1, -1, 1, 0, 0, 1, 0, -1, -1, 2, 0, -1, 0, -1, 1, 0, 0 ], 
              [ 1, -2, 1, 1, 1, -1, 0, 0, -1, 0, 1, 1, -2, 0, 1, 0, 1, -1, 0, 0 ] ], 
          [ [ 1, 2, -1, -1, -1, 1, 0, 0, 1, 0, -1, -1, 2, 0, -1, 0, 0, 1, 0, 0 ], 
              [ 1, -2, 1, 1, 1, -1, 0, 0, -1, 0, 1, 1, -2, 0, 1, 0, 0, -1, 0, 0 ] ], 
          [ [ 1, 3, -1, -1, -1, 0, 0, 0, 0, -1, -1, -2, 2, 0, 0, 0, 0, 2, 1, 0 ], 
              [ 1, -3, 1, 1, 1, 0, 0, 0, 0, 1, 1, 2, -2, 0, 0, 0, 0, -2, -1, 0 ] ], 
          [ [ 1, -1, 0, 0, 0, 2, 1, 2, -1, 0, -1, -1, 2, 0, 0, -1, 0, -1, -1, -1 ], 
              [ 1, 1, 0, 0, 0, -2, -1, -2, 1, 0, 1, 1, -2, 0, 0, 1, 0, 1, 1, 1 ] ], 
          [ [ 1, 5, -2, -2, -2, 0, -1, -2, 3, 0, 0, -2, 2, 0, -1, 1, -1, 3, 1, 0 ], 
              [ 1, -5, 2, 2, 2, 0, 1, 2, -3, 0, 0, 2, -2, 0, 1, -1, 1, -3, -1, 0 ] ], 
          [ [ 1, -12, 3, 5, 4, 3, 2, 1, 0, 1, 1, 2, -2, 0, 0, -2, 2, -6, -4, -2 ], 
              [ 1, 12, -3, -5, -4, -3, -2, -1, 0, -1, -1, -2, 2, 0, 0, 2, -2, 6, 4, 2 ] ],
          [ [ 1, -3, 0, 1, 0, 2, 0, -1, 3, 1, 0, 0, 1, 1, -1, -1, 0, -1, -1, -1 ], 
              [ 1, 3, 0, -1, 0, -2, 0, 1, -3, -1, 0, 0, -1, -1, 1, 1, 0, 1, 1, 1 ] ], 
          [ [ 1, -6, 1, 2, 1, 3, 1, 1, 1, 1, 0, 0, 1, 0, -1, -1, 1, -2, -2, -1 ], 
              [ 1, 6, -1, -2, -1, -3, -1, -1, -1, -1, 0, 0, -1, 0, 1, 1, -1, 2, 2, 1 ] ], 
          [ [ 1, 3, -1, -2, 0, 0, 0, 0, 0, -1, -2, -1, 2, 0, 1, 0, -1, 2, 1, -1 ], 
              [ 1, -3, 1, 2, 0, 0, 0, 0, 0, 1, 2, 1, -2, 0, -1, 0, 1, -2, -1, 1 ] ], 
          [ [ 1, 2, -1, -1, 1, 0, 0, 1, -1, -1, -2, 0, 1, 0, 1, -1, -1, 0, 0, -1 ], 
              [ 1, -2, 1, 1, -1, 0, 0, -1, 1, 1, 2, 0, -1, 0, -1, 1, 1, 0, 0, 1 ] ], 
          [ [ 1, 3, -1, -2, 0, 0, 0, 0, 0, -1, -2, -1, 2, 0, 0, 1, -1, 2, 1, 0 ], 
              [ 1, -3, 1, 2, 0, 0, 0, 0, 0, 1, 2, 1, -2, 0, 0, -1, 1, -2, -1, 0 ] ], 
          [ [ 1, 4, -1, -2, 0, -1, 0, 0, -1, -2, -2, -2, 2, 0, 1, 1, -1, 3, 2, 0 ], 
              [ 1, -4, 1, 2, 0, 1, 0, 0, 1, 2, 2, 2, -2, 0, -1, -1, 1, -3, -2, 0 ] ], 
          [ [ 1, 0, 0, -1, 1, 1, 1, 2, -2, -1, -2, -1, 2, 0, 1, 0, -1, 0, 0, -1 ], 
              [ 1, 0, 0, 1, -1, -1, -1, -2, 2, 1, 2, 1, -2, 0, -1, 0, 1, 0, 0, 1 ] ], 
          [ [ 1, 6, -2, -3, -1, -1, -1, -2, 2, -1, -1, -2, 2, 0, 0, 2, -2, 4, 2, 0 ], 
              [ 1, -6, 2, 3, 1, 1, 1, 2, -2, 1, 1, 2, -2, 0, 0, -2, 2, -4, -2, 0 ] ], 
          [ [ 1, 8, -2, -3, -1, -2, 0, 0, -1, -3, -2, -2, 2, -1, 1, 1, -1, 3, 2, 0 ], 
              [ 1, -8, 2, 3, 1, 2, 0, 0, 1, 3, 2, 2, -2, 1, -1, -1, 1, -3, -2, 0 ] ], 
          [ [ 1, -3, -1, 0, 1, 3, 0, 0, 2, 2, -1, 0, 2, 2, 0, -2, -2, -1, -1, -2 ], 
              [ 1, 3, 1, 0, -1, -3, 0, 0, -2, -2, 1, 0, -2, -2, 0, 2, 2, 1, 1, 2 ] ], 
          [ [ 1, -3, 0, 1, 2, 1, 0, 0, 1, 0, 0, 0, 0, 0, 0, 0, 0, -1, -1, -1 ], 
              [ 1, 3, 0, -1, -2, -1, 0, 0, -1, 0, 0, 0, 0, 0, 0, 0, 0, 1, 1, 1 ] ], 
          [ [ 1, -3, 0, 1, 2, 1, 1, -1, 1, 0, 0, 0, 0, 0, 0, 0, 0, -1, -1, -1 ], 
              [ 1, 3, 0, -1, -2, -1, -1, 1, -1, 0, 0, 0, 0, 0, 0, 0, 0, 1, 1, 1 ] ], 
          [ [ 1, -2, -1, 0, 1, 2, 0, 0, 1, 1, -1, -1, 2, 2, 0, -1, -1, 0, 0, -1 ], 
              [ 1, 2, 1, 0, -1, -2, 0, 0, -1, -1, 1, 1, -2, -2, 0, 1, 1, 0, 0, 1 ] ], 
          [ [ 1, 3, -1, -1, 0, -1, 0, -1, 1, -2, -1, -1, 1, -1, 0, 1, 0, 2, 1, 0 ], 
              [ 1, -3, 1, 1, 0, 1, 0, 1, -1, 2, 1, 1, -1, 1, 0, -1, 0, -2, -1, 0 ] ], 
          [ [ 1, 0, -1, -1, 0, 2, 1, 1, 0, 0, -2, -1, 3, 1, 0, -1, -1, 0, 0, -1 ], 
              [ 1, 0, 1, 1, 0, -2, -1, -1, 0, 0, 2, 1, -3, -1, 0, 1, 1, 0, 0, 1 ] ], 
          [ [ 1, 2, -2, -1, 0, 1, 0, 0, 1, 0, -1, -1, 2, 0, 0, -1, -1, 1, 0, -1 ], 
              [ 1, -2, 2, 1, 0, -1, 0, 0, -1, 0, 1, 1, -2, 0, 0, 1, 1, -1, 0, 1 ] ], 
          [ [ 1, 5, 0, -2, -2, -1, 0, 1, -2, -1, -1, -1, 1, -1, 0, 1, 0, 2, 1, 1 ], 
              [ 1, -5, 0, 2, 2, 1, 0, -1, 2, 1, 1, 1, -1, 1, 0, -1, 0, -2, -1, -1 ] ], 
          [ [ 1, -6, 3, 3, 2, 0, 1, 0, -1, 0, 1, 2, -3, -1, 0, 0, 2, -3, -2, 0 ], 
              [ 1, 6, -3, -3, -2, 0, -1, 0, 1, 0, -1, -2, 3, 1, 0, 0, -2, 3, 2, 0 ] ], 
          [ [ 1, -5, 2, 2, 1, 1, 0, 1, -1, 1, 0, 1, -1, 1, 0, -1, 1, -2, -1, 0 ], 
              [ 1, 5, -2, -2, -1, -1, 0, -1, 1, -1, 0, -1, 1, -1, 0, 1, -1, 2, 1, 0 ] ], 
          [ [ 1, -3, 2, 1, 0, 1, 1, 2, -2, 0, -1, 1, 0, 0, 0, -1, 1, -2, -1, 0 ], 
              [ 1, 3, -2, -1, 0, -1, -1, -2, 2, 0, 1, -1, 0, 0, 0, 1, -1, 2, 1, 0 ] ], 
          [ [ 1, -6, 2, 2, 1, 2, 0, 1, 0, 2, 1, 1, -1, 0, 0, -1, 1, -2, -2, -1 ], 
              [ 1, 6, -2, -2, -1, -2, 0, -1, 0, -2, -1, -1, 1, 0, 0, 1, -1, 2, 2, 1 ] ], 
          [ [ 1, -3, 1, 1, 0, 1, -1, -1, 2, 2, 1, 1, -1, 1, -1, 0, 0, -1, -1, 0 ], 
              [ 1, 3, -1, -1, 0, -1, 1, 1, -2, -2, -1, -1, 1, -1, 1, 0, 0, 1, 1, 0 ] ], 
          [ [ 1, 0, 1, 0, -1, 0, 0, 0, 0, 0, 0, 0, 0, -1, 0, 0, 1, 1, 0, 0 ], 
              [ 1, 0, -1, 0, 1, 0, 0, 0, 0, 0, 0, 0, 0, 1, 0, 0, -1, -1, 0, 0 ] ], 
          [ [ 1, 3, 0, -1, -2, -1, -1, -2, 2, 0, 0, 0, 0, 0, -1, 1, 0, 2, 1, 1 ], 
              [ 1, -3, 0, 1, 2, 1, 1, 2, -2, 0, 0, 0, 0, 0, 1, -1, 0, -2, -1, -1 ] ], 
          [ [ 1, 0, 1, 0, -1, 0, 0, 0, 0, 0, 0, 0, 0, 0, 0, 0, 0, 0, 0, 0 ], 
              [ 1, 0, -1, 0, 1, 0, 0, 0, 0, 0, 0, 0, 0, 0, 0, 0, 0, 0, 0, 0 ] ], 
          [ [ 1, 0, 1, 0, -1, 0, 0, 0, 0, 0, 0, 0, 0, 0, 0, 0, 1, 0, 0, 0 ], 
              [ 1, 0, -1, 0, 1, 0, 0, 0, 0, 0, 0, 0, 0, 0, 0, 0, -1, 0, 0, 0 ] ], 
          [ [ 1, -6, 3, 3, 2, 0, 1, 0, -1, 0, 2, 1, -3, -1, 0, 1, 2, -3, -2, 0 ], 
              [ 1, 6, -3, -3, -2, 0, -1, 0, 1, 0, -2, -1, 3, 1, 0, -1, -2, 3, 2, 0 ] ], 
          [ [ 1, 0, 2, 1, 0, -2, 0, 0, -1, -2, 1, 0, -2, -2, 0, 2, 2, 0, 0, 1 ], 
              [ 1, 0, -2, -1, 0, 2, 0, 0, 1, 2, -1, 0, 2, 2, 0, -2, -2, 0, 0, -1 ] ], 
          [ [ 1, -1, 1, 1, 0, 0, 0, 1, -1, 0, 0, 1, -1, -1, 0, -1, 1, -1, -1, 0 ], 
              [ 1, 1, -1, -1, 0, 0, 0, -1, 1, 0, 0, -1, 1, 1, 0, 1, -1, 1, 1, 0 ] ], 
          [ [ 1, -1, 1, 1, 0, 0, 0, 1, -1, 0, 0, 1, -1, 0, 0, -1, 1, -2, -1, 0 ], 
              [ 1, 1, -1, -1, 0, 0, 0, -1, 1, 0, 0, -1, 1, 0, 0, 1, -1, 2, 1, 0 ] ], 
          [ [ 1, 0, 1, 0, -1, 0, 0, 0, 0, 0, 0, 0, 0, -1, -1, 1, 1, 1, 0, 1 ], 
              [ 1, 0, -1, 0, 1, 0, 0, 0, 0, 0, 0, 0, 0, 1, 1, -1, -1, -1, 0, -1 ] ], 
          [ [ 1, 0, 2, 1, 0, -2, 1, -1, -1, -2, 1, 0, -2, -2, 0, 2, 2, 0, 0, 1 ], 
              [ 1, 0, -2, -1, 0, 2, -1, 1, 1, 2, -1, 0, 2, 2, 0, -2, -2, 0, 0, -1 ] ], 
          [ [ 1, -3, 2, 1, 0, 1, 1, 2, -2, 0, 0, 0, 0, -1, 0, 0, 1, -1, -1, 0 ], 
              [ 1, 3, -2, -1, 0, -1, -1, -2, 2, 0, 0, 0, 0, 1, 0, 0, -1, 1, 1, 0 ] ], 
          [ [ 1, -3, 2, 1, 0, 1, 1, 2, -2, 0, 0, 0, 0, -1, 0, 0, 2, -1, -1, 0 ], 
              [ 1, 3, -2, -1, 0, -1, -1, -2, 2, 0, 0, 0, 0, 1, 0, 0, -2, 1, 1, 0 ] ], 
          [ [ 1, 0, 1, 0, -1, 0, 0, 0, 0, 0, 0, 0, 0, 0, -1, 1, 0, 0, 0, 1 ], 
              [ 1, 0, -1, 0, 1, 0, 0, 0, 0, 0, 0, 0, 0, 0, 1, -1, 0, 0, 0, -1 ] ], 
          [ [ 1, 0, 1, 0, -1, 0, 0, 0, 0, 0, 0, 0, 0, 0, -1, 1, 1, 0, 0, 1 ], 
              [ 1, 0, -1, 0, 1, 0, 0, 0, 0, 0, 0, 0, 0, 0, 1, -1, -1, 0, 0, -1 ] ], 
          [ [ 1, 1, 1, 0, -1, -1, 0, 0, -1, -1, 0, -1, 0, 0, 0, 1, 1, 1, 1, 1 ], 
              [ 1, -1, -1, 0, 1, 1, 0, 0, 1, 1, 0, 1, 0, 0, 0, -1, -1, -1, -1, -1 ] ], 
          [ [ 1, -3, 2, 1, 0, 1, 1, 2, -2, 0, 0, 0, 0, 0, 0, 0, 1, -2, -1, 0 ], 
              [ 1, 3, -2, -1, 0, -1, -1, -2, 2, 0, 0, 0, 0, 0, 0, 0, -1, 2, 1, 0 ] ], 
          [ [ 1, -1, 2, 2, 1, -2, 1, 0, -2, -2, 1, 1, -3, -2, 0, 1, 2, -2, -1, 1 ], 
              [ 1, 1, -2, -2, -1, 2, -1, 0, 2, 2, -1, -1, 3, 2, 0, -1, -2, 2, 1, -1 ] ], 
          [ [ 1, 3, -1, -2, -3, 1, -2, -1, 3, 2, 0, -1, 2, 1, -1, 0, -1, 3, 1, 0 ], 
              [ 1, -3, 1, 2, 3, -1, 2, 1, -3, -2, 0, 1, -2, -1, 1, 0, 1, -3, -1, 0 ] ], 
          [ [ 1, 2, 0, 0, -1, -1, -1, -1, 1, 0, 1, 0, -1, -1, 0, 0, 1, 1, 0, 0 ], 
              [ 1, -2, 0, 0, 1, 1, 1, 1, -1, 0, -1, 0, 1, 1, 0, 0, -1, -1, 0, 0 ] ], 
          [ [ 1, 3, 0, -1, -2, -1, -1, -2, 2, 0, 1, -1, 0, -1, -1, 2, 0, 3, 1, 1 ], 
              [ 1, -3, 0, 1, 2, 1, 1, 2, -2, 0, -1, 1, 0, 1, 1, -2, 0, -3, -1, -1 ] ], 
          [ [ 1, 3, 0, -1, -2, -1, -1, -2, 2, 0, 1, -1, 0, -1, -1, 2, 1, 3, 1, 1 ], 
              [ 1, -3, 0, 1, 2, 1, 1, 2, -2, 0, -1, 1, 0, 1, 1, -2, -1, -3, -1, -1 ] ], 
          [ [ 1, 0, 1, 0, -1, 0, 0, 0, 0, 0, 1, -1, 0, -1, 0, 1, 1, 1, 0, 0 ], 
              [ 1, 0, -1, 0, 1, 0, 0, 0, 0, 0, -1, 1, 0, 1, 0, -1, -1, -1, 0, 0 ] ], 
          [ [ 1, 3, 0, -1, -2, -1, -1, -2, 2, 0, 1, -1, 0, 0, -1, 2, 0, 2, 1, 1 ], 
              [ 1, -3, 0, 1, 2, 1, 1, 2, -2, 0, -1, 1, 0, 0, 1, -2, 0, -2, -1, -1 ] ], 
          [ [ 1, 2, -1, -1, -2, 1, -1, -1, 2, 2, 0, 0, 1, 1, -1, -1, -1, 1, 0, 0 ], 
              [ 1, -2, 1, 1, 2, -1, 1, 1, -2, -2, 0, 0, -1, -1, 1, 1, 1, -1, 0, 0 ] ], 
          [ [ 1, 0, 0, -1, -2, 2, 0, 0, 1, 2, 0, -1, 2, 1, -1, 0, -1, 1, 0, 0 ], 
              [ 1, 0, 0, 1, 2, -2, 0, 0, -1, -2, 0, 1, -2, -1, 1, 0, 1, -1, 0, 0 ] ], 
          [ [ 1, 2, 0, 0, -1, -1, -1, -1, 1, 0, 1, 0, -1, -1, -1, 1, 1, 1, 0, 1 ], 
              [ 1, -2, 0, 0, 1, 1, 1, 1, -1, 0, -1, 0, 1, 1, 1, -1, -1, -1, 0, -1 ] ], 
          [ [ 1, -1, 1, 1, 0, 0, 0, 1, -1, 0, 1, 0, -1, -1, 0, 0, 1, -1, -1, 0 ], 
              [ 1, 1, -1, -1, 0, 0, 0, -1, 1, 0, -1, 0, 1, 1, 0, 0, -1, 1, 1, 0 ] ], 
          [ [ 1, 0, 1, 0, -1, 0, 0, 0, 0, 0, 1, -1, 0, -1, -1, 2, 1, 1, 0, 1 ], 
              [ 1, 0, -1, 0, 1, 0, 0, 0, 0, 0, -1, 1, 0, 1, 1, -2, -1, -1, 0, -1 ] ], 
          [ [ 1, -1, 1, 1, 0, 0, 1, 0, -1, 0, 1, 0, -1, -1, 0, 0, 1, -1, -1, 0 ], 
              [ 1, 1, -1, -1, 0, 0, -1, 0, 1, 0, -1, 0, 1, 1, 0, 0, -1, 1, 1, 0 ] ], 
          [ [ 1, 5, 0, -1, -2, -2, 0, 0, -1, -2, 0, -1, 0, -2, 0, 1, 1, 2, 1, 1 ], 
              [ 1, -5, 0, 1, 2, 2, 0, 0, 1, 2, 0, 1, 0, 2, 0, -1, -1, -2, -1, -1 ] ], 
          [ [ 1, -6, 2, 3, 1, 1, 0, 0, 1, 1, 1, 2, -2, 0, -1, -1, 2, -3, -2, 0 ], 
              [ 1, 6, -2, -3, -1, -1, 0, 0, -1, -1, -1, -2, 2, 0, 1, 1, -2, 3, 2, 0 ] ], 
          [ [ 1, -9, 3, 4, 2, 2, 1, 2, -1, 1, 1, 2, -2, 0, 0, -2, 2, -5, -3, -1 ], 
              [ 1, 9, -3, -4, -2, -2, -1, -2, 1, -1, -1, -2, 2, 0, 0, 2, -2, 5, 3, 1 ] ], 
          [ [ 1, -8, 3, 3, 1, 2, 1, 1, 0, 1, 1, 1, -1, 0, -1, 0, 2, -3, -2, 0 ], 
              [ 1, 8, -3, -3, -1, -2, -1, -1, 0, -1, -1, -1, 1, 0, 1, 0, -2, 3, 2, 0 ] ], 
          [ [ 1, -9, 3, 4, 2, 2, 2, 1, -1, 1, 1, 2, -2, 0, 0, -2, 2, -5, -3, -1 ], 
              [ 1, 9, -3, -4, -2, -2, -2, -1, 1, -1, -1, -2, 2, 0, 0, 2, -2, 5, 3, 1 ] ], 
          [ [ 1, -9, 4, 5, 3, 0, 2, 1, -2, -1, 2, 2, -4, -2, 0, 0, 4, -5, -3, 0 ], 
              [ 1, 9, -4, -5, -3, 0, -2, -1, 2, 1, -2, -2, 4, 2, 0, 0, -4, 5, 3, 0 ] ], 
          [ [ 1, -9, 3, 4, 2, 2, 2, 1, -1, 1, 1, 2, -2, 0, -1, -1, 2, -5, -3, 0 ], 
              [ 1, 9, -3, -4, -2, -2, -2, -1, 1, -1, -1, -2, 2, 0, 1, 1, -2, 5, 3, 0 ] ], 
          [ [ 1, -3, 1, 2, 0, 0, -1, -2, 3, 1, 2, 1, -2, 0, -1, 0, 1, -1, -1, 0 ], 
              [ 1, 3, -1, -2, 0, 0, 1, 2, -3, -1, -2, -1, 2, 0, 1, 0, -1, 1, 1, 0 ] ], 
          [ [ 1, -6, 1, 2, 0, 3, 0, 0, 2, 3, 1, 1, 0, 1, -1, -2, 0, -2, -2, -1 ], 
              [ 1, 6, -1, -2, 0, -3, 0, 0, -2, -3, -1, -1, 0, -1, 1, 2, 0, 2, 2, 1 ] ], 
          [ [ 1, -6, 1, 2, 0, 3, 0, 0, 2, 3, 1, 1, 0, 1, -1, -2, 1, -2, -2, -1 ], 
              [ 1, 6, -1, -2, 0, -3, 0, 0, -2, -3, -1, -1, 0, -1, 1, 2, -1, 2, 2, 1 ] ], 
          [ [ 1, -6, 1, 2, 0, 3, 0, 0, 2, 3, 1, 1, 0, 2, -1, -2, 0, -3, -2, -1 ], 
              [ 1, 6, -1, -2, 0, -3, 0, 0, -2, -3, -1, -1, 0, -2, 1, 2, 0, 3, 2, 1 ] ], 
          [ [ 1, -6, 2, 3, 1, 1, 0, 0, 1, 1, 2, 1, -2, -1, -1, 0, 2, -2, -2, 0 ], 
              [ 1, 6, -2, -3, -1, -1, 0, 0, -1, -1, -2, -1, 2, 1, 1, 0, -2, 2, 2, 0 ] ], 
          [ [ 1, -6, 2, 3, 1, 1, 0, 0, 1, 1, 2, 1, -2, 0, -1, 0, 2, -3, -2, 0 ], 
              [ 1, 6, -2, -3, -1, -1, 0, 0, -1, -1, -2, -1, 2, 0, 1, 0, -2, 3, 2, 0 ] ], 
          [ [ 1, -6, 2, 3, 1, 1, 1, -1, 1, 1, 2, 1, -2, -1, -1, 0, 2, -2, -2, 0 ], 
              [ 1, 6, -2, -3, -1, -1, -1, 1, -1, -1, -2, -1, 2, 1, 1, 0, -2, 2, 2, 0 ] ], 
          [ [ 1, -6, 2, 3, 1, 1, 1, -1, 1, 1, 2, 1, -2, 0, -1, 0, 1, -3, -2, 0 ], 
              [ 1, 6, -2, -3, -1, -1, -1, 1, -1, -1, -2, -1, 2, 0, 1, 0, -1, 3, 2, 0 ] ], 
          [ [ 1, -5, 1, 2, 0, 2, 0, 0, 1, 2, 1, 0, 0, 1, -1, -1, 1, -1, -1, 0 ], 
              [ 1, 5, -1, -2, 0, -2, 0, 0, -1, -2, -1, 0, 0, -1, 1, 1, -1, 1, 1, 0 ] ], 
          [ [ 1, -6, 2, 3, 1, 1, 1, -1, 1, 1, 2, 1, -2, 0, -1, 0, 2, -3, -2, 0 ], 
              [ 1, 6, -2, -3, -1, -1, -1, 1, -1, -1, -2, -1, 2, 0, 1, 0, -2, 3, 2, 0 ] ], 
          [ [ 1, -9, 2, 3, 1, 4, 1, 2, 0, 3, 1, 1, 0, 1, -1, -2, 1, -4, -3, -1 ], 
              [ 1, 9, -2, -3, -1, -4, -1, -2, 0, -3, -1, -1, 0, -1, 1, 2, -1, 4, 3, 1 ] ],
          [ [ 1, 0, 1, 1, -1, -1, 0, -1, 1, -1, 1, 0, -1, -1, -1, 1, 2, 0, 0, 1 ], 
              [ 1, 0, -1, -1, 1, 1, 0, 1, -1, 1, -1, 0, 1, 1, 1, -1, -2, 0, 0, -1 ] ], 
          [ [ 1, -3, 1, 1, -1, 2, 1, 1, 0, 1, 0, 0, 1, 0, -1, -1, 1, -1, -1, 0 ], 
              [ 1, 3, -1, -1, 1, -2, -1, -1, 0, -1, 0, 0, -1, 0, 1, 1, -1, 1, 1, 0 ] ], 
          [ [ 1, -3, 0, 1, -1, 2, -1, -2, 4, 3, 2, 0, 0, 1, -2, 0, 0, 0, -1, 0 ], 
              [ 1, 3, 0, -1, 1, -2, 1, 2, -4, -3, -2, 0, 0, -1, 2, 0, 0, 0, 1, 0 ] ], 
          [ [ 1, -1, 0, 1, -1, 1, 0, 0, 1, 1, 1, 0, 0, 0, -1, -1, 1, -1, -1, 0 ], 
              [ 1, 1, 0, -1, 1, -1, 0, 0, -1, -1, -1, 0, 0, 0, 1, 1, -1, 1, 1, 0 ] ], 
          [ [ 1, 0, 1, 0, 1, -1, 0, 1, -2, -1, -1, 1, -1, 0, 1, 0, 0, -1, 0, 0 ], 
              [ 1, 0, -1, 0, -1, 1, 0, -1, 2, 1, 1, -1, 1, 0, -1, 0, 0, 1, 0, 0 ] ], 
          [ [ 1, 3, 0, -1, 0, -2, -1, -1, 0, -1, 0, 0, -1, -1, 1, 1, 0, 2, 1, 0 ], 
              [ 1, -3, 0, 1, 0, 2, 1, 1, 0, 1, 0, 0, 1, 1, -1, -1, 0, -2, -1, 0 ] ], 
          [ [ 1, 3, -1, -2, -1, 0, -1, -1, 1, 1, -1, 0, 1, 1, 0, 0, -2, 2, 1, 0 ], 
              [ 1, -3, 1, 2, 1, 0, 1, 1, -1, -1, 1, 0, -1, -1, 0, 0, 2, -2, -1, 0 ] ], 
          [ [ 1, 0, 0, -1, 0, 1, 0, 1, -1, 1, -1, 0, 1, 1, 1, -1, -1, 0, 0, -1 ], 
              [ 1, 0, 0, 1, 0, -1, 0, -1, 1, -1, 1, 0, -1, -1, -1, 1, 1, 0, 0, 1 ] ], 
          [ [ 1, 6, -1, -3, -2, -1, -1, 1, -1, -1, -2, -1, 2, 0, 1, 0, -1, 3, 2, 0 ], 
              [ 1, -6, 1, 3, 2, 1, 1, -1, 1, 1, 2, 1, -2, 0, -1, 0, 1, -3, -2, 0 ] ], 
          [ [ 1, 3, 0, -1, 0, -2, -1, -1, 0, -1, 0, 0, -1, -1, 0, 2, 0, 2, 1, 1 ], 
              [ 1, -3, 0, 1, 0, 2, 1, 1, 0, 1, 0, 0, 1, 1, 0, -2, 0, -2, -1, -1 ] ], 
          [ [ 1, 0, 1, 0, 1, -1, 0, 1, -2, -1, 0, 0, -1, -1, 1, 1, 0, 0, 0, 0 ], 
              [ 1, 0, -1, 0, -1, 1, 0, -1, 2, 1, 0, 0, 1, 1, -1, -1, 0, 0, 0, 0 ] ], 
          [ [ 1, 0, 1, 0, 1, -1, 0, 1, -2, -1, 0, 0, -1, -1, 1, 1, 1, 0, 0, 0 ], 
              [ 1, 0, -1, 0, -1, 1, 0, -1, 2, 1, 0, 0, 1, 1, -1, -1, -1, 0, 0, 0 ] ], 
          [ [ 1, 0, 1, 0, 1, -1, 1, 0, -2, -1, 0, 0, -1, -1, 1, 1, 0, 0, 0, 0 ], 
              [ 1, 0, -1, 0, -1, 1, -1, 0, 2, 1, 0, 0, 1, 1, -1, -1, 0, 0, 0, 0 ] ], 
          [ [ 1, 4, -1, -2, -1, -1, -1, -1, 0, 0, -1, -1, 1, 1, 0, 1, -1, 3, 2, 1 ], 
              [ 1, -4, 1, 2, 1, 1, 1, 1, 0, 0, 1, 1, -1, -1, 0, -1, 1, -3, -2, -1 ] ], 
          [ [ 1, 0, 0, -1, 0, 1, 0, 1, -1, 1, -1, 0, 1, 1, 0, 0, -1, 0, 0, 0 ], 
              [ 1, 0, 0, 1, 0, -1, 0, -1, 1, -1, 1, 0, -1, -1, 0, 0, 1, 0, 0, 0 ] ], 
          [ [ 1, 1, 0, -1, 0, 0, 0, 1, -2, 0, -1, -1, 1, 1, 1, 0, -1, 1, 1, 0 ], 
              [ 1, -1, 0, 1, 0, 0, 0, -1, 2, 0, 1, 1, -1, -1, -1, 0, 1, -1, -1, 0 ] ], 
          [ [ 1, 6, 0, -2, -1, -3, 0, 0, -2, -3, -1, -1, 0, -2, 1, 2, 0, 3, 2, 1 ], 
              [ 1, -6, 0, 2, 1, 3, 0, 0, 2, 3, 1, 1, 0, 2, -1, -2, 0, -3, -2, -1 ] ], 
          [ [ 1, 6, 0, -2, -1, -3, 0, 0, -2, -3, -1, -1, 0, -2, 1, 2, 1, 3, 2, 1 ], 
              [ 1, -6, 0, 2, 1, 3, 0, 0, 2, 3, 1, 1, 0, 2, -1, -2, -1, -3, -2, -1 ] ], 
          [ [ 1, 6, -1, -3, -2, -1, -1, 1, -1, -1, -2, -1, 2, 0, 0, 1, -1, 3, 2, 1 ], 
              [ 1, -6, 1, 3, 2, 1, 1, -1, 1, 1, 2, 1, -2, 0, 0, -1, 1, -3, -2, -1 ] ], 
          [ [ 1, 6, 0, -2, -1, -3, 0, 0, -2, -3, -1, -1, 0, -1, 1, 2, 0, 2, 2, 1 ], 
              [ 1, -6, 0, 2, 1, 3, 0, 0, 2, 3, 1, 1, 0, 1, -1, -2, 0, -2, -2, -1 ] ], 
          [ [ 1, 5, -1, -2, -1, -1, 0, 1, -2, -1, -2, 0, 1, 0, 1, -1, -1, 1, 1, 0 ], 
              [ 1, -5, 1, 2, 1, 1, 0, -1, 2, 1, 2, 0, -1, 0, -1, 1, 1, -1, -1, 0 ] ], 
          [ [ 1, 6, -1, -3, -2, -1, 0, 0, -1, -1, -2, -1, 2, 0, 0, 1, -1, 3, 2, 1 ], 
              [ 1, -6, 1, 3, 2, 1, 0, 0, 1, 1, 2, 1, -2, 0, 0, -1, 1, -3, -2, -1 ] ], 
          [ [ 1, 3, 0, -2, -1, 0, 1, 2, -3, -1, -2, -1, 2, 0, 1, 0, -1, 1, 1, 0 ], 
              [ 1, -3, 0, 2, 1, 0, -1, -2, 3, 1, 2, 1, -2, 0, -1, 0, 1, -1, -1, 0 ] ], 
          [ [ 1, 5, 0, -1, 0, -3, 0, 1, -3, -3, -1, 0, -1, -2, 1, 1, 1, 1, 1, 1 ], 
              [ 1, -5, 0, 1, 0, 3, 0, -1, 3, 3, 1, 0, 1, 2, -1, -1, -1, -1, -1, -1 ] ], 
          [ [ 1, 3, 1, -1, 0, -2, 1, 2, -4, -3, -1, -1, 0, -2, 1, 2, 1, 1, 1, 1 ], 
              [ 1, -3, -1, 1, 0, 2, -1, -2, 4, 3, 1, 1, 0, 2, -1, -2, -1, -1, -1, -1 ] ], 
          [ [ 1, 3, -1, -2, -1, 0, -1, -1, 1, 1, 0, -1, 1, 0, 0, 1, -1, 3, 1, 0 ], 
              [ 1, -3, 1, 2, 1, 0, 1, 1, -1, -1, 0, 1, -1, 0, 0, -1, 1, -3, -1, 0 ] ], 
          [ [ 1, 3, -1, -2, -1, 0, -1, -1, 1, 1, 0, -1, 1, 1, 0, 1, -2, 2, 1, 0 ], 
              [ 1, -3, 1, 2, 1, 0, 1, 1, -1, -1, 0, 1, -1, -1, 0, -1, 2, -2, -1, 0 ] ], 
          [ [ 1, 9, -2, -4, -3, -2, -2, -1, 1, -1, -1, -2, 2, -1, 0, 2, -1, 6, 3, 1 ], 
              [ 1, -9, 2, 4, 3, 2, 2, 1, -1, 1, 1, 2, -2, 1, 0, -2, 1, -6, -3, -1 ] ], 
          [ [ 1, 9, -2, -4, -3, -2, -2, -1, 1, -1, -1, -2, 2, 0, 0, 2, -2, 5, 3, 1 ], 
              [ 1, -9, 2, 4, 3, 2, 2, 1, -1, 1, 1, 2, -2, 0, 0, -2, 2, -5, -3, -1 ] ], 
          [ [ 1, 9, -2, -4, -3, -2, -2, -1, 1, -1, -1, -2, 2, 0, 0, 2, -1, 5, 3, 1 ], 
              [ 1, -9, 2, 4, 3, 2, 2, 1, -1, 1, 1, 2, -2, 0, 0, -2, 1, -5, -3, -1 ] ], 
          [ [ 1, 9, -2, -4, -3, -2, -1, -2, 1, -1, -1, -2, 2, 0, 0, 2, -2, 5, 3, 1 ], 
              [ 1, -9, 2, 4, 3, 2, 1, 2, -1, 1, 1, 2, -2, 0, 0, -2, 2, -5, -3, -1 ] ], 
          [ [ 1, 6, -2, -4, -3, 1, -1, 1, 0, 1, -2, -2, 4, 1, 0, 0, -2, 4, 2, 0 ], 
              [ 1, -6, 2, 4, 3, -1, 1, -1, 0, -1, 2, 2, -4, -1, 0, 0, 2, -4, -2, 0 ] ], 
          [ [ 1, 8, -1, -2, -1, -4, -1, -1, -1, -3, 0, -1, -1, -2, 1, 2, 0, 3, 2, 1 ], 
              [ 1, -8, 1, 2, 1, 4, 1, 1, 1, 3, 0, 1, 1, 2, -1, -2, 0, -3, -2, -1 ] ], 
          [ [ 1, 9, -1, -3, -2, -4, -1, -2, 0, -3, 0, -2, 0, -2, 0, 4, 0, 5, 3, 2 ], 
              [ 1, -9, 1, 3, 2, 4, 1, 2, 0, 3, 0, 2, 0, 2, 0, -4, 0, -5, -3, -2 ] ], 
          [ [ 1, 8, -2, -3, -2, -2, -1, -1, 0, -1, -1, -1, 1, -1, 0, 1, -1, 4, 2, 1 ], 
              [ 1, -8, 2, 3, 2, 2, 1, 1, 0, 1, 1, 1, -1, 1, 0, -1, 1, -4, -2, -1 ] ], 
          [ [ 1, 5, -1, -2, -1, -1, 0, 1, -2, -1, -1, -1, 1, -1, 1, 0, -1, 2, 1, 0 ], 
              [ 1, -5, 1, 2, 1, 1, 0, -1, 2, 1, 1, 1, -1, 1, -1, 0, 1, -2, -1, 0 ] ], 
          [ [ 1, 5, -1, -2, -1, -1, 0, 1, -2, -1, -1, -1, 1, -1, 1, 0, 0, 2, 1, 0 ], 
              [ 1, -5, 1, 2, 1, 1, 0, -1, 2, 1, 1, 1, -1, 1, -1, 0, 0, -2, -1, 0 ] ], 
          [ [ 1, 8, -2, -3, -2, -2, -1, -1, 0, -1, -1, -1, 1, 0, 0, 1, -2, 3, 2, 1 ], 
              [ 1, -8, 2, 3, 2, 2, 1, 1, 0, 1, 1, 1, -1, 0, 0, -1, 2, -3, -2, -1 ] ], 
          [ [ 1, 8, -2, -3, -2, -2, -1, -1, 0, -1, -1, -1, 1, 0, 0, 1, -1, 3, 2, 1 ], 
              [ 1, -8, 2, 3, 2, 2, 1, 1, 0, 1, 1, 1, -1, 0, 0, -1, 1, -3, -2, -1 ] ], 
          [ [ 1, 5, -1, -2, -1, -1, 0, 1, -2, -1, -1, -1, 1, 0, 1, 0, -1, 1, 1, 0 ], 
              [ 1, -5, 1, 2, 1, 1, 0, -1, 2, 1, 1, 1, -1, 0, -1, 0, 1, -1, -1, 0 ] ], 
          [ [ 1, 6, -1, -3, -2, -1, 0, 0, -1, -1, -1, -2, 2, -1, 0, 2, -1, 4, 2, 1 ], 
              [ 1, -6, 1, 3, 2, 1, 0, 0, 1, 1, 1, 2, -2, 1, 0, -2, 1, -4, -2, -1 ] ], 
          [ [ 1, 6, -1, -3, -2, -1, 0, 0, -1, -1, -1, -2, 2, 0, 0, 2, -1, 3, 2, 1 ], 
              [ 1, -6, 1, 3, 2, 1, 0, 0, 1, 1, 1, 2, -2, 0, 0, -2, 1, -3, -2, -1 ] ], 
          [ [ 1, 8, -2, -3, -2, -2, -1, -1, 0, -1, 0, -2, 1, -1, 0, 2, -1, 4, 2, 1 ], 
              [ 1, -8, 2, 3, 2, 2, 1, 1, 0, 1, 0, 2, -1, 1, 0, -2, 1, -4, -2, -1 ] ], 
          [ [ 1, -5, 1, 1, 1, 2, 0, 0, 1, 2, 0, 1, 0, 1, 0, -1, 0, -1, -1, -1 ], 
              [ 1, 5, -1, -1, -1, -2, 0, 0, -1, -2, 0, -1, 0, -1, 0, 1, 0, 1, 1, 1 ] ], 
          [ [ 1, -5, 1, 1, 1, 2, 0, 0, 1, 2, 0, 1, 0, 2, 0, -1, -1, -2, -1, -1 ], 
              [ 1, 5, -1, -1, -1, -2, 0, 0, -1, -2, 0, -1, 0, -2, 0, 1, 1, 2, 1, 1 ] ], 
          [ [ 1, -5, 2, 2, 2, 0, 0, 0, 0, 0, 1, 1, -2, 0, 0, 1, 1, -2, -1, 0 ], 
              [ 1, 5, -2, -2, -2, 0, 0, 0, 0, 0, -1, -1, 2, 0, 0, -1, -1, 2, 1, 0 ] ], 
          [ [ 1, -6, 1, 2, 2, 2, 0, 1, 0, 2, 0, 2, -1, 1, 0, -2, 0, -3, -2, -1 ], 
              [ 1, 6, -1, -2, -2, -2, 0, -1, 0, -2, 0, -2, 1, -1, 0, 2, 0, 3, 2, 1 ] ], 
          [ [ 1, -6, 2, 3, 3, 0, 1, 0, -1, 0, 1, 2, -3, 0, 1, -1, 1, -4, -2, -1 ], 
              [ 1, 6, -2, -3, -3, 0, -1, 0, 1, 0, -1, -2, 3, 0, -1, 1, -1, 4, 2, 1 ] ], 
          [ [ 1, -4, 1, 1, 1, 1, 0, 0, 0, 1, 0, 0, 0, 1, 0, 0, 0, 0, 0, 0 ], 
              [ 1, 4, -1, -1, -1, -1, 0, 0, 0, -1, 0, 0, 0, -1, 0, 0, 0, 0, 0, 0 ] ], 
          [ [ 1, -5, 2, 2, 2, 0, 1, -1, 0, 0, 1, 1, -2, 0, 0, 1, 1, -2, -1, 0 ], 
              [ 1, 5, -2, -2, -2, 0, -1, 1, 0, 0, -1, -1, 2, 0, 0, -1, -1, 2, 1, 0 ] ], 
          [ [ 1, -8, 2, 2, 2, 3, 1, 2, -1, 2, 0, 1, 0, 1, 0, -1, 0, -3, -2, -1 ], 
              [ 1, 8, -2, -2, -2, -3, -1, -2, 1, -2, 0, -1, 0, -1, 0, 1, 0, 3, 2, 1 ] ], 
          [ [ 1, 0, 1, 1, 1, -2, 0, 0, -1, -2, 0, 1, -2, -1, 1, 0, 1, -1, 0, 0 ], 
              [ 1, 0, -1, -1, -1, 2, 0, 0, 1, 2, 0, -1, 2, 1, -1, 0, -1, 1, 0, 0 ] ], 
          [ [ 1, -4, 1, 1, 1, 1, 0, 0, 0, 1, 0, 0, 0, 2, 0, 0, 0, -1, 0, 0 ], 
              [ 1, 4, -1, -1, -1, -1, 0, 0, 0, -1, 0, 0, 0, -2, 0, 0, 0, 1, 0, 0 ] ], 
          [ [ 1, 1, 1, 0, 0, -2, 0, -1, 0, -2, 0, 0, -1, -1, 0, 2, 1, 1, 1, 1 ], 
              [ 1, -1, -1, 0, 0, 2, 0, 1, 0, 2, 0, 0, 1, 1, 0, -2, -1, -1, -1, -1 ] ], 
          [ [ 1, 0, 0, 0, 0, 0, 0, 0, 0, 0, -1, 1, 0, 0, 0, -1, 0, 0, 0, 0 ], 
              [ 1, 0, 0, 0, 0, 0, 0, 0, 0, 0, 1, -1, 0, 0, 0, 1, 0, 0, 0, 0 ] ], 
          [ [ 1, -3, 1, 1, 1, 1, 1, 2, -2, 0, -1, 1, 0, 0, 1, -2, 0, -2, -1, -1 ], 
              [ 1, 3, -1, -1, -1, -1, -1, -2, 2, 0, 1, -1, 0, 0, -1, 2, 0, 2, 1, 1 ] ], 
          [ [ 1, -3, 1, 1, 1, 1, 1, 2, -2, 0, -1, 1, 0, 0, 1, -2, 1, -2, -1, -1 ], 
              [ 1, 3, -1, -1, -1, -1, -1, -2, 2, 0, 1, -1, 0, 0, -1, 2, -1, 2, 1, 1 ] ], 
          [ [ 1, 0, 0, 0, 0, 0, 0, 0, 0, 0, -1, 1, 0, 1, 0, -1, -1, -1, 0, 0 ], 
              [ 1, 0, 0, 0, 0, 0, 0, 0, 0, 0, 1, -1, 0, -1, 0, 1, 1, 1, 0, 0 ] ], 
          [ [ 1, 0, 0, 0, 0, 0, 0, 0, 0, 0, -1, 1, 0, 1, 0, -1, 0, -1, 0, 0 ], 
              [ 1, 0, 0, 0, 0, 0, 0, 0, 0, 0, 1, -1, 0, -1, 0, 1, 0, 1, 0, 0 ] ], 
          [ [ 1, -3, 1, 1, 1, 1, 1, 2, -2, 0, -1, 1, 0, 1, 1, -2, 0, -3, -1, -1 ], 
              [ 1, 3, -1, -1, -1, -1, -1, -2, 2, 0, 1, -1, 0, -1, -1, 2, 0, 3, 1, 1 ] ], 
          [ [ 1, -2, 1, 0, 0, 1, 1, 1, -1, 0, -1, 0, 1, 0, 0, 0, 0, 0, 0, 0 ], 
              [ 1, 2, -1, 0, 0, -1, -1, -1, 1, 0, 1, 0, -1, 0, 0, 0, 0, 0, 0, 0 ] ], 
          [ [ 1, -2, 1, 0, 0, 1, 1, 1, -1, 0, -1, 0, 1, 1, 0, 0, 0, -1, 0, 0 ], 
              [ 1, 2, -1, 0, 0, -1, -1, -1, 1, 0, 1, 0, -1, -1, 0, 0, 0, 1, 0, 0 ] ], 
          [ [ 1, -9, 3, 4, 4, 1, 2, 2, -3, 0, 1, 2, -3, -1, 1, -1, 2, -5, -3, -1 ], 
              [ 1, 9, -3, -4, -4, -1, -2, -2, 3, 0, -1, -2, 3, 1, -1, 1, -2, 5, 3, 1 ] ], 
          [ [ 1, -6, 2, 3, 3, 0, 1, 0, -1, 0, 1, 2, -3, 0, 0, 0, 1, -4, -2, 0 ], 
              [ 1, 6, -2, -3, -3, 0, -1, 0, 1, 0, -1, -2, 3, 0, 0, 0, -1, 4, 2, 0 ] ], 
          [ [ 1, -3, 2, 2, 2, -1, 1, 2, -3, -2, 0, 1, -2, -2, 1, 0, 2, -2, -1, 0 ], 
              [ 1, 3, -2, -2, -2, 1, -1, -2, 3, 2, 0, -1, 2, 2, -1, 0, -2, 2, 1, 0 ] ], 
          [ [ 1, 0, 1, 1, 1, -2, 0, 0, -1, -2, 0, 1, -2, -1, 0, 1, 1, -1, 0, 1 ], 
              [ 1, 0, -1, -1, -1, 2, 0, 0, 1, 2, 0, -1, 2, 1, 0, -1, -1, 1, 0, -1 ] ], 
          [ [ 1, -3, 2, 2, 2, -1, 1, 2, -3, -2, 0, 1, -2, -1, 1, 0, 2, -3, -1, 0 ], 
              [ 1, 3, -2, -2, -2, 1, -1, -2, 3, 2, 0, -1, 2, 1, -1, 0, -2, 3, 1, 0 ] ], 
          [ [ 1, -3, 2, 2, 2, -1, 2, 1, -3, -2, 0, 1, -2, -2, 1, 0, 2, -2, -1, 0 ], 
              [ 1, 3, -2, -2, -2, 1, -2, -1, 3, 2, 0, -1, 2, 2, -1, 0, -2, 2, 1, 0 ] ], 
          [ [ 1, 0, 1, 1, 1, -2, 1, -1, -1, -2, 0, 1, -2, -1, 0, 1, 1, -1, 0, 1 ], 
              [ 1, 0, -1, -1, -1, 2, -1, 1, 1, 2, 0, -1, 2, 1, 0, -1, -1, 1, 0, -1 ] ], 
          [ [ 1, -3, 1, 1, 1, 1, 1, 2, -2, 0, -1, 1, 0, 0, 0, -1, 0, -2, -1, 0 ], 
              [ 1, 3, -1, -1, -1, -1, -1, -2, 2, 0, 1, -1, 0, 0, 0, 1, 0, 2, 1, 0 ] ], 
          [ [ 1, -3, 2, 2, 2, -1, 2, 1, -3, -2, 0, 1, -2, -1, 1, 0, 1, -3, -1, 0 ], 
              [ 1, 3, -2, -2, -2, 1, -2, -1, 3, 2, 0, -1, 2, 1, -1, 0, -1, 3, 1, 0 ] ], 
          [ [ 1, -3, 1, 1, 1, 1, 1, 2, -2, 0, -1, 1, 0, 0, 0, -1, 1, -2, -1, 0 ], 
              [ 1, 3, -1, -1, -1, -1, -1, -2, 2, 0, 1, -1, 0, 0, 0, 1, -1, 2, 1, 0 ] ], 
          [ [ 1, -2, 1, 1, 1, 0, 1, 2, -3, -1, -1, 0, 0, 0, 1, -1, 1, -1, 0, 0 ], 
              [ 1, 2, -1, -1, -1, 0, -1, -2, 3, 1, 1, 0, 0, 0, -1, 1, -1, 1, 0, 0 ] ], 
          [ [ 1, -3, 2, 2, 2, -1, 2, 1, -3, -2, 0, 1, -2, -1, 1, 0, 2, -3, -1, 0 ], 
              [ 1, 3, -2, -2, -2, 1, -2, -1, 3, 2, 0, -1, 2, 1, -1, 0, -2, 3, 1, 0 ] ], 
          [ [ 1, -6, 2, 2, 2, 2, 2, 4, -4, 0, -1, 1, 0, 0, 1, -2, 1, -4, -2, -1 ], 
              [ 1, 6, -2, -2, -2, -2, -2, -4, 4, 0, 1, -1, 0, 0, -1, 2, -1, 4, 2, 1 ] ], 
          [ [ 1, 1, 0, 0, 0, -1, 0, 0, -1, -1, -1, 0, 0, 1, 0, 0, 0, 0, 1, 1 ], 
              [ 1, -1, 0, 0, 0, 1, 0, 0, 1, 1, 1, 0, 0, -1, 0, 0, 0, 0, -1, -1 ] ], 
          [ [ 1, -3, 1, 1, 1, 1, 1, 2, -2, 0, -1, 1, 0, 1, 0, -1, 0, -3, -1, 0 ], 
              [ 1, 3, -1, -1, -1, -1, -1, -2, 2, 0, 1, -1, 0, -1, 0, 1, 0, 3, 1, 0 ] ], 
          [ [ 1, -3, 0, 1, 1, 1, -1, -1, 2, 2, 1, 1, -1, 1, 0, -1, -1, -1, -1, -1 ], 
              [ 1, 3, 0, -1, -1, -1, 1, 1, -2, -2, -1, -1, 1, -1, 0, 1, 1, 1, 1, 1 ] ], 
          [ [ 1, -3, 0, 1, 1, 1, -1, -1, 2, 2, 1, 1, -1, 1, 0, -1, 0, -1, -1, -1 ], 
              [ 1, 3, 0, -1, -1, -1, 1, 1, -2, -2, -1, -1, 1, -1, 0, 1, 0, 1, 1, 1 ] ], 
          [ [ 1, -2, 0, 0, 0, 1, -1, -2, 3, 2, 1, 0, 0, 1, -1, 1, -1, 1, 0, 0 ], 
              [ 1, 2, 0, 0, 0, -1, 1, 2, -3, -2, -1, 0, 0, -1, 1, -1, 1, -1, 0, 0 ] ], 
          [ [ 1, -5, 1, 1, 1, 2, 0, 0, 1, 2, 1, 0, 0, 1, 0, 0, 0, -1, -1, -1 ], 
              [ 1, 5, -1, -1, -1, -2, 0, 0, -1, -2, -1, 0, 0, -1, 0, 0, 0, 1, 1, 1 ] ], 
          [ [ 1, 3, -1, -1, -1, -1, -2, -1, 2, 0, 0, 0, 0, 0, 0, 0, 0, 2, 1, 0 ], 
              [ 1, -3, 1, 1, 1, 1, 2, 1, -2, 0, 0, 0, 0, 0, 0, 0, 0, -2, -1, 0 ] ], 
          [ [ 1, 1, 0, -1, -1, 0, -1, 0, 1, 0, 0, -1, 1, 0, 0, 1, 0, 2, 1, 0 ], 
              [ 1, -1, 0, 1, 1, 0, 1, 0, -1, 0, 0, 1, -1, 0, 0, -1, 0, -2, -1, 0 ] ], 
          [ [ 1, 3, -1, -1, -1, -1, -1, -2, 2, 0, 0, 0, 0, 0, 0, 0, -1, 2, 1, 0 ], 
              [ 1, -3, 1, 1, 1, 1, 1, 2, -2, 0, 0, 0, 0, 0, 0, 0, 1, -2, -1, 0 ] ], 
          [ [ 1, -1, 0, 0, 0, 1, 0, 0, 1, 1, 0, 1, 0, 0, 0, -1, -1, -1, -1, -1 ], 
              [ 1, 1, 0, 0, 0, -1, 0, 0, -1, -1, 0, -1, 0, 0, 0, 1, 1, 1, 1, 1 ] ], 
          [ [ 1, 3, -1, -1, -1, -1, -1, -2, 2, 0, 0, 0, 0, 0, 0, 0, 0, 2, 1, 0 ], 
              [ 1, -3, 1, 1, 1, 1, 1, 2, -2, 0, 0, 0, 0, 0, 0, 0, 0, -2, -1, 0 ] ], 
          [ [ 1, 0, -1, -1, -1, 2, -1, 1, 1, 2, -1, 0, 2, 1, 0, -2, -1, 1, 0, -1 ], 
              [ 1, 0, 1, 1, 1, -2, 1, -1, -1, -2, 1, 0, -2, -1, 0, 2, 1, -1, 0, 1 ] ], 
          [ [ 1, -1, 0, 0, 0, 1, 0, 0, 1, 1, 0, 1, 0, 0, 0, -1, 0, -1, -1, -1 ], 
              [ 1, 1, 0, 0, 0, -1, 0, 0, -1, -1, 0, -1, 0, 0, 0, 1, 0, 1, 1, 1 ] ], 
          [ [ 1, 0, 0, 0, 0, 0, 0, 0, 0, 0, 0, 0, 0, 0, 1, -1, 0, 0, 0, -1 ], 
              [ 1, 0, 0, 0, 0, 0, 0, 0, 0, 0, 0, 0, 0, 0, -1, 1, 0, 0, 0, 1 ] ], 
          [ [ 1, 3, -2, -2, -2, 1, -2, -1, 3, 2, -1, 0, 2, 2, -1, -1, -2, 2, 1, 0 ], 
              [ 1, -3, 2, 2, 2, -1, 2, 1, -3, -2, 1, 0, -2, -2, 1, 1, 2, -2, -1, 0 ] ], 
          [ [ 1, 3, -1, -1, -1, -1, -1, -2, 2, 0, 0, 0, 0, 1, 0, 0, -1, 1, 1, 0 ], 
              [ 1, -3, 1, 1, 1, 1, 1, 2, -2, 0, 0, 0, 0, -1, 0, 0, 1, -1, -1, 0 ] ], 
          [ [ 1, 0, -1, -1, -1, 2, -1, 1, 1, 2, -1, 0, 2, 2, 0, -2, -2, 0, 0, -1 ], 
              [ 1, 0, 1, 1, 1, -2, 1, -1, -1, -2, 1, 0, -2, -2, 0, 2, 2, 0, 0, 1 ] ], 
          [ [ 1, 0, -1, -1, -1, 2, -1, 1, 1, 2, -1, 0, 2, 2, 0, -2, -1, 0, 0, -1 ], 
              [ 1, 0, 1, 1, 1, -2, 1, -1, -1, -2, 1, 0, -2, -2, 0, 2, 1, 0, 0, 1 ] ], 
          [ [ 1, 1, 0, -1, -1, 0, 0, -1, 1, 0, 0, -1, 1, 0, 0, 1, 0, 2, 1, 0 ], 
              [ 1, -1, 0, 1, 1, 0, 0, 1, -1, 0, 0, 1, -1, 0, 0, -1, 0, -2, -1, 0 ] ], 
          [ [ 1, 1, -1, -2, -2, 2, -1, 0, 2, 2, -1, -1, 3, 2, -1, 0, -2, 2, 1, 0 ], 
              [ 1, -1, 1, 2, 2, -2, 1, 0, -2, -2, 1, 1, -3, -2, 1, 0, 2, -2, -1, 0 ] ], 
          [ [ 1, 0, -1, -1, -1, 2, 0, 0, 1, 2, -1, 0, 2, 2, 0, -2, -2, 0, 0, -1 ], 
              [ 1, 0, 1, 1, 1, -2, 0, 0, -1, -2, 1, 0, -2, -2, 0, 2, 2, 0, 0, 1 ] ], 
          [ [ 1, -3, 1, 2, 2, -1, 0, -2, 1, 0, 2, 1, -3, -1, 0, 1, 1, -1, -1, 0 ], 
              [ 1, 3, -1, -2, -2, 1, 0, 2, -1, 0, -2, -1, 3, 1, 0, -1, -1, 1, 1, 0 ] ], 
          [ [ 1, -2, 0, 1, 1, 0, -1, -1, 1, 1, 1, 0, -1, 1, 0, 0, 0, 0, 0, 0 ], 
              [ 1, 2, 0, -1, -1, 0, 1, 1, -1, -1, -1, 0, 1, -1, 0, 0, 0, 0, 0, 0 ] ], 
          [ [ 1, -6, 1, 2, 2, 2, 0, 1, 0, 2, 1, 1, -1, 1, 0, -1, 0, -3, -2, -1 ], 
              [ 1, 6, -1, -2, -2, -2, 0, -1, 0, -2, -1, -1, 1, -1, 0, 1, 0, 3, 2, 1 ] ], 
          [ [ 1, 3, 0, 0, 0, -3, -1, -2, 1, -2, 1, 0, -2, -2, 0, 2, 1, 2, 1, 1 ], 
              [ 1, -3, 0, 0, 0, 3, 1, 2, -1, 2, -1, 0, 2, 2, 0, -2, -1, -2, -1, -1 ] ], 
          [ [ 1, -1, 1, 1, 1, -1, 0, 0, 0, -1, 1, 1, -2, -2, 0, 1, 1, -1, -1, 0 ], 
              [ 1, 1, -1, -1, -1, 1, 0, 0, 0, 1, -1, -1, 2, 2, 0, -1, -1, 1, 1, 0 ] ], 
          [ [ 1, 0, 1, 1, 1, -2, 0, 0, -1, -2, 1, 0, -2, -2, 1, 1, 2, 0, 0, 0 ], 
              [ 1, 0, -1, -1, -1, 2, 0, 0, 1, 2, -1, 0, 2, 2, -1, -1, -2, 0, 0, 0 ] ], 
          [ [ 1, 3, 0, 0, 0, -3, -1, -2, 1, -2, 1, 0, -2, -1, 0, 2, 1, 1, 1, 1 ], 
              [ 1, -3, 0, 0, 0, 3, 1, 2, -1, 2, -1, 0, 2, 1, 0, -2, -1, -1, -1, -1 ] ], 
          [ [ 1, 0, 0, 0, 0, 0, -1, 1, 0, 0, 0, 0, 0, 0, 0, 0, 0, 0, 0, 0 ], 
              [ 1, 0, 0, 0, 0, 0, 1, -1, 0, 0, 0, 0, 0, 0, 0, 0, 0, 0, 0, 0 ] ], 
          [ [ 1, -6, 1, 2, 2, 2, 1, 0, 0, 2, 1, 1, -1, 1, 0, -1, 0, -3, -2, -1 ], 
              [ 1, 6, -1, -2, -2, -2, -1, 0, 0, -2, -1, -1, 1, -1, 0, 1, 0, 3, 2, 1 ] ], 
          [ [ 1, 2, -1, 0, 0, -1, -1, -1, 1, 0, 0, 1, -1, 0, 0, -1, 0, 0, 0, 0 ], 
              [ 1, -2, 1, 0, 0, 1, 1, 1, -1, 0, 0, -1, 1, 0, 0, 1, 0, 0, 0, 0 ] ], 
          [ [ 1, -1, 0, 1, 1, 0, 0, 1, -1, 0, 0, 1, -1, 0, 1, -2, 0, -2, -1, -1 ], 
              [ 1, 1, 0, -1, -1, 0, 0, -1, 1, 0, 0, -1, 1, 0, -1, 2, 0, 2, 1, 1 ] ], 
          [ [ 1, 0, 0, 0, 0, 0, 0, 0, 0, 0, 0, 0, 0, -1, 0, 0, 0, 1, 0, 0 ], 
              [ 1, 0, 0, 0, 0, 0, 0, 0, 0, 0, 0, 0, 0, 1, 0, 0, 0, -1, 0, 0 ] ], 
          [ [ 1, -1, 1, 1, 1, -1, 1, -1, 0, -1, 1, 1, -2, -2, 0, 1, 1, -1, -1, 0 ], 
              [ 1, 1, -1, -1, -1, 1, -1, 1, 0, 1, -1, -1, 2, 2, 0, -1, -1, 1, 1, 0 ] ], 
          [ [ 1, 0, 0, 0, 0, 0, 0, 0, 0, 0, 0, 0, 0, -1, 0, 0, 1, 1, 0, 0 ], 
              [ 1, 0, 0, 0, 0, 0, 0, 0, 0, 0, 0, 0, 0, 1, 0, 0, -1, -1, 0, 0 ] ], 
          [ [ 1, -3, 1, 1, 1, 1, 1, 2, -2, 0, 0, 0, 0, -1, 1, -1, 1, -1, -1, -1 ], 
              [ 1, 3, -1, -1, -1, -1, -1, -2, 2, 0, 0, 0, 0, 1, -1, 1, -1, 1, 1, 1 ] ], 
          [ [ 1, 3, -1, -1, -1, -1, -1, -2, 2, 0, 0, 0, 0, 0, -1, 1, -1, 2, 1, 1 ], 
              [ 1, -3, 1, 1, 1, 1, 1, 2, -2, 0, 0, 0, 0, 0, 1, -1, 1, -2, -1, -1 ] ], 
          [ [ 1, 0, 0, 0, 0, 0, 0, 0, 0, 0, 0, 0, 0, 0, 0, 0, -1, 0, 0, 0 ], 
              [ 1, 0, 0, 0, 0, 0, 0, 0, 0, 0, 0, 0, 0, 0, 0, 0, 1, 0, 0, 0 ] ], 
          [ [ 1, 3, -1, -1, -1, -1, -1, -2, 2, 0, 0, 0, 0, 0, -1, 1, 0, 2, 1, 1 ], 
              [ 1, -3, 1, 1, 1, 1, 1, 2, -2, 0, 0, 0, 0, 0, 1, -1, 0, -2, -1, -1 ] ], 
          [ [ 1, 4, -1, -1, -1, -2, -1, -2, 1, -1, 0, -1, 0, 0, 0, 1, 0, 3, 2, 1 ], 
              [ 1, -4, 1, 1, 1, 2, 1, 2, -1, 1, 0, 1, 0, 0, 0, -1, 0, -3, -2, -1 ] ] ], 
      slins := [  ] ) )
gap> savedata(4020rec);
gap> Display(4020rec.LeechGram);
[ [   8,   4,   4,   4,   4,   4,   4,   2,   4,   4,   4,   2,   4,   2,   2,   2,   4,  \
 2,   2,   2,   0,   0,   0,  -3 ],
  [   4,   4,   2,   2,   2,   2,   2,   2,   2,   2,   2,   2,   2,   2,   1,   1,   2,  \
 1,   1,   2,   1,   0,   0,  -1 ],
  [   4,   2,   4,   2,   2,   2,   2,   2,   2,   2,   2,   2,   2,   1,   2,   1,   2,  \
 2,   1,   1,   1,   0,   0,  -1 ],
  [   4,   2,   2,   4,   2,   2,   2,   2,   2,   2,   2,   2,   2,   1,   1,   2,   2,  \
 1,   2,   1,   1,   0,   0,  -1 ],
  [   4,   2,   2,   2,   4,   2,   2,   2,   2,   2,   2,   1,   2,   2,   2,   2,   2,  \
 2,   2,   2,   1,   0,   0,  -1 ],
  [   4,   2,   2,   2,   2,   4,   2,   2,   2,   2,   2,   1,   2,   2,   1,   1,   2,  \
 1,   2,   1,   0,   0,   0,  -1 ],
  [   4,   2,   2,   2,   2,   2,   4,   2,   2,   2,   2,   1,   2,   1,   2,   1,   2,  \
 1,   1,   2,   0,   0,   0,  -1 ],
  [   2,   2,   2,   2,   2,   2,   2,   4,   1,   1,   1,   2,   1,   2,   2,   2,   1,  \
 2,   2,   2,   2,   0,   0,   1 ],
  [   4,   2,   2,   2,   2,   2,   2,   1,   4,   2,   2,   2,   2,   2,   2,   2,   2,  \
 2,   2,   2,   1,   1,   1,  -1 ],
  [   4,   2,   2,   2,   2,   2,   2,   1,   2,   4,   2,   2,   2,   2,   1,   1,   2,  \
 2,   1,   1,   0,   1,   0,  -1 ],
  [   4,   2,   2,   2,   2,   2,   2,   1,   2,   2,   4,   2,   2,   1,   2,   1,   2,  \
 1,   2,   1,   0,   0,   1,  -1 ],
  [   2,   2,   2,   2,   1,   1,   1,   2,   2,   2,   2,   4,   1,   2,   2,   2,   1,  \
 2,   2,   2,   2,   1,   1,   1 ],
  [   4,   2,   2,   2,   2,   2,   2,   1,   2,   2,   2,   1,   4,   2,   2,   2,   2,  \
 1,   1,   1,   1,   1,   1,  -1 ],
  [   2,   2,   1,   1,   2,   2,   1,   2,   2,   2,   1,   2,   2,   4,   2,   2,   1,  \
 2,   2,   2,   2,   2,   1,   1 ],
  [   2,   1,   2,   1,   2,   1,   2,   2,   2,   1,   2,   2,   2,   2,   4,   2,   1,  \
 2,   2,   2,   2,   1,   2,   1 ],
  [   2,   1,   1,   2,   2,   1,   1,   2,   2,   1,   1,   2,   2,   2,   2,   4,   1,  \
 2,   2,   2,   2,   1,   1,   1 ],
  [   4,   2,   2,   2,   2,   2,   2,   1,   2,   2,   2,   1,   2,   1,   1,   1,   4,  \
 2,   2,   2,   1,   1,   1,  -1 ],
  [   2,   1,   2,   1,   2,   1,   1,   2,   2,   2,   1,   2,   1,   2,   2,   2,   2,  \
 4,   2,   2,   2,   2,   1,   1 ],
  [   2,   1,   1,   2,   2,   2,   1,   2,   2,   1,   2,   2,   1,   2,   2,   2,   2,  \
 2,   4,   2,   2,   1,   2,   1 ],
  [   2,   2,   1,   1,   2,   1,   2,   2,   2,   1,   1,   2,   1,   2,   2,   2,   2,  \
 2,   2,   4,   2,   1,   1,   1 ],
  [   0,   1,   1,   1,   1,   0,   0,   2,   1,   0,   0,   2,   1,   2,   2,   2,   1,  \
 2,   2,   2,   4,   2,   2,   2 ],
  [   0,   0,   0,   0,   0,   0,   0,   0,   1,   1,   0,   1,   1,   2,   1,   1,   1,  \
 2,   1,   1,   2,   4,   2,   2 ],
  [   0,   0,   0,   0,   0,   0,   0,   0,   1,   0,   1,   1,   1,   1,   2,   1,   1,  \
 1,   2,   1,   2,   2,   4,   2 ],
  [  -3,  -1,  -1,  -1,  -1,  -1,  -1,   1,  -1,  -1,  -1,   1,  -1,   1,   1,   1,  -1,  \
 1,   1,   1,   2,   2,   2,   4 ] ]
gap> 