sessionnumb  20260904181448 
gap> Read("Task20260904Ue.g");
Error, Variable: 'ChamNumData2s' must have an assigned value in
  Length( tweyls ) at Task20260904Ue.g:42 called from 
<function "unknown">( <arguments> )
 called from read-eval loop at Task20260904Ue.g:44
type 'quit;' to quit to outer loop
brk> quit;
gap> Read("Task20260904Ue.g");
1 41 42 1 
2 41 82 1 
3 41 121 1 
4 41 159 2 
5 41 196 2 
6 41 233 2 
7 41 268 2 
8 41 303 2 
9 41 337 2 
10 41 370 2 
11 41 403 3 
12 41 435 3 
13 41 466 3 
14 41 497 3 
15 41 528 3 
16 41 559 3 
17 41 587 3 
18 41 616 3 
19 41 644 3 
20 41 673 3 
21 41 700 3 
22 41 728 3 
23 41 754 3 
24 41 781 3 
25 41 809 3 
26 41 838 3 
27 41 867 3 
28 41 894 3 
29 41 918 3 
30 41 943 3 
31 41 968 3 
32 41 993 3 
33 41 1017 3 
34 41 1042 3 
35 41 1065 3 
36 41 1092 3 
37 41 1116 3 
38 41 1138 3 
39 41 1161 3 
40 41 1173 3 
41 41 1199 3 
42 41 1220 3 
43 41 1259 3 
44 41 1297 3 
45 41 1334 3 
46 41 1371 3 
47 41 1406 3 
48 41 1441 3 
49 41 1476 3 
50 41 1509 3 
51 41 1541 3 
52 41 1573 3 
53 41 1604 3 
54 41 1635 3 
55 41 1666 3 
56 41 1697 3 
57 41 1725 3 
58 41 1754 3 
59 41 1782 3 
60 41 1811 3 
61 41 1840 3 
62 41 1867 3 
63 41 1895 3 
64 41 1921 3 
65 41 1948 3 
66 41 1974 3 
67 41 2002 3 
68 41 2027 3 
69 41 2053 3 
70 41 2081 3 
71 41 2106 3 
72 41 2131 3 
73 41 2155 3 
74 41 2180 3 
75 41 2204 3 
76 41 2231 3 
77 41 2254 3 
78 41 2281 3 
79 41 2303 3 
80 41 2315 3 
81 41 2337 3 
82 41 2358 3 
83 41 2397 3 
84 41 2434 3 
85 41 2470 3 
86 41 2506 3 
87 41 2540 3 
88 41 2574 3 
89 41 2607 3 
90 41 2640 3 
91 41 2672 3 
92 41 2703 3 
93 41 2734 3 
94 41 2765 3 
95 41 2795 3 
96 41 2825 3 
97 41 2854 3 
98 41 2882 3 
99 41 2910 3 
100 41 2937 3 
101 41 2966 3 
102 41 2996 3 
103 41 3024 3 
104 41 3050 3 
105 41 3076 3 
106 41 3102 3 
107 41 3127 3 
108 41 3155 3 
109 41 3180 3 
110 41 3206 3 
111 41 3230 3 
112 41 3254 3 
113 41 3281 3 
114 41 3306 3 
115 41 3329 3 
116 41 3352 3 
117 41 3375 3 
118 41 3398 3 
119 41 3410 3 
120 41 3436 3 
121 41 3457 3 
122 41 3494 3 
123 41 3531 3 
124 41 3566 3 
125 41 3601 4 
126 41 3636 4 
127 39 3667 5 
128 41 3699 5 
129 41 3731 5 
130 39 3760 5 
131 41 3791 5 
132 39 3820 5 
133 39 3848 5 
134 41 3876 5 
135 39 3903 5 
136 41 3931 5 
137 41 3960 5 
138 41 3987 5 
139 41 4016 5 
140 41 4042 5 
141 39 4065 5 
142 41 4093 5 
143 41 4122 5 
144 41 4151 5 
145 41 4178 5 
146 41 4202 5 
147 41 4227 5 
148 41 4254 5 
149 41 4281 5 
150 41 4308 5 
151 41 4333 5 
152 41 4356 5 
153 41 4383 5 
154 41 4407 5 
155 41 4429 5 
156 41 4455 5 
157 41 4467 5 
158 41 4493 5 
159 41 4518 5 
160 41 4555 5 
161 41 4591 5 
162 41 4625 5 
163 41 4659 5 
164 41 4692 5 
165 41 4725 5 
166 41 4757 5 
167 41 4788 5 
168 41 4819 5 
169 41 4850 5 
170 41 4881 5 
171 41 4909 5 
172 41 4938 5 
173 41 4966 5 
174 41 4995 5 
175 41 5022 5 
176 41 5050 5 
177 41 5076 5 
178 41 5103 5 
179 41 5131 5 
180 41 5160 5 
181 41 5189 5 
182 41 5216 5 
183 41 5240 5 
184 41 5265 5 
185 41 5290 5 
186 41 5315 5 
187 41 5339 5 
188 41 5364 5 
189 41 5387 5 
190 41 5414 5 
191 41 5438 5 
192 41 5460 5 
193 41 5483 5 
194 41 5495 5 
195 41 5521 5 
196 41 5542 5 
197 41 5578 5 
198 41 5613 5 
199 41 5648 5 
200 41 5682 5 
201 41 5715 5 
202 41 5748 5 
203 41 5780 5 
204 41 5811 5 
205 41 5842 5 
206 41 5873 5 
207 41 5904 5 
208 41 5932 5 
209 41 5961 5 
210 41 5989 5 
211 41 6018 5 
212 41 6045 5 
213 41 6073 5 
214 41 6099 5 
215 41 6128 5 
216 41 6154 5 
217 41 6183 5 
218 41 6212 5 
219 41 6239 5 
220 41 6265 5 
221 41 6288 5 
222 41 6313 5 
223 41 6338 5 
224 41 6362 5 
225 41 6387 5 
226 41 6410 5 
227 41 6437 5 
228 41 6461 5 
229 41 6483 5 
230 41 6506 5 
231 41 6518 5 
232 41 6544 5 
233 41 6565 5 
234 41 6600 5 
235 41 6634 5 
236 41 6667 5 
237 41 6700 5 
238 41 6732 5 
239 41 6763 5 
240 41 6794 5 
241 41 6825 5 
242 41 6856 5 
243 41 6884 5 
244 41 6913 5 
245 41 6941 5 
246 41 6970 5 
247 41 6997 5 
248 41 7025 5 
249 41 7051 5 
250 41 7078 5 
251 41 7106 5 
252 41 7135 5 
253 41 7164 5 
254 41 7191 5 
255 41 7215 5 
256 41 7240 5 
257 41 7265 5 
258 41 7290 5 
259 41 7314 5 
260 41 7339 5 
261 41 7362 5 
262 41 7389 5 
263 41 7413 5 
264 41 7435 5 
265 41 7458 5 
266 41 7485 5 
267 41 7496 5 
268 41 7517 5 
269 39 7549 5 
270 39 7581 5 
271 41 7614 5 
272 41 7647 5 
273 41 7679 5 
274 39 7708 5 
275 41 7739 5 
276 41 7770 5 
277 41 7801 5 
278 41 7829 5 
279 39 7856 5 
280 41 7884 5 
281 41 7913 5 
282 41 7940 5 
283 41 7968 5 
284 39 7991 5 
285 41 8018 5 
286 41 8046 5 
287 41 8075 5 
288 41 8104 5 
289 41 8132 5 
290 39 8152 5 
291 41 8179 5 
292 41 8204 5 
293 41 8229 5 
294 41 8253 5 
295 41 8280 5 
296 41 8306 5 
297 41 8333 5 
298 41 8360 5 
299 41 8386 5 
300 41 8409 5 
301 41 8421 5 
302 41 8447 5 
303 41 8468 5 
304 41 8503 5 
305 41 8536 5 
306 41 8569 5 
307 41 8601 5 
308 41 8632 5 
309 39 8661 5 
310 39 8689 5 
311 41 8720 5 
312 41 8749 5 
313 41 8778 5 
314 41 8806 5 
315 41 8835 5 
316 41 8864 5 
317 41 8892 5 
318 39 8914 5 
319 41 8941 5 
320 41 8969 5 
321 41 8998 5 
322 41 9027 5 
323 41 9054 5 
324 41 9078 5 
325 41 9103 5 
326 41 9128 5 
327 41 9155 5 
328 41 9179 5 
329 41 9204 5 
330 41 9227 5 
331 41 9254 5 
332 41 9280 5 
333 41 9306 5 
334 41 9329 5 
335 39 9339 5 
336 41 9365 5 
337 41 9390 5 
338 41 9422 5 
339 41 9455 5 
340 41 9487 5 
341 41 9518 5 
342 41 9549 5 
343 41 9580 5 
344 41 9611 5 
345 41 9639 5 
346 41 9668 5 
347 41 9696 5 
348 41 9725 5 
349 41 9752 5 
350 41 9780 5 
351 41 9806 5 
352 41 9833 5 
353 41 9861 5 
354 41 9890 5 
355 41 9919 5 
356 41 9944 5 
357 41 9970 5 
358 41 9995 5 
359 41 10020 5 
360 41 10045 5 
361 41 10069 5 
362 41 10094 5 
363 41 10117 5 
364 41 10144 5 
365 41 10168 5 
366 41 10190 5 
367 41 10213 5 
368 41 10225 5 
369 41 10251 5 
370 41 10272 5 
371 41 10304 5 
372 41 10337 5 
373 41 10369 5 
374 41 10400 5 
375 41 10431 5 
376 41 10461 5 
377 41 10491 5 
378 41 10521 5 
379 41 10550 5 
380 41 10578 5 
381 41 10606 5 
382 41 10633 5 
383 41 10661 5 
384 41 10687 5 
385 41 10714 5 
386 41 10740 5 
387 41 10767 5 
388 41 10794 5 
389 41 10819 5 
390 41 10844 5 
391 41 10869 5 
392 41 10894 5 
393 41 10919 5 
394 41 10943 5 
395 41 10968 5 
396 41 10991 5 
397 41 11015 5 
398 41 11039 5 
399 41 11061 5 
400 41 11084 5 
401 41 11098 5 
402 41 11120 5 
403 41 11141 5 
404 41 11172 5 
405 41 11203 5 
406 41 11234 5 
407 41 11265 5 
408 41 11296 5 
409 41 11327 5 
410 41 11355 5 
411 41 11384 5 
412 41 11414 5 
413 41 11442 5 
414 41 11468 5 
415 41 11496 5 
416 41 11522 5 
417 41 11551 5 
418 41 11579 5 
419 41 11605 5 
420 41 11630 5 
421 41 11655 5 
422 41 11680 5 
423 41 11708 5 
424 41 11733 5 
425 41 11761 5 
426 41 11788 5 
427 41 11812 5 
428 41 11837 5 
429 41 11861 5 
430 41 11884 5 
431 41 11911 5 
432 41 11934 5 
433 41 11956 5 
434 41 11967 5 
435 41 11988 5 
436 39 12017 5 
437 41 12048 5 
438 41 12079 5 
439 41 12110 5 
440 41 12140 5 
441 41 12170 5 
442 41 12199 5 
443 39 12225 5 
444 41 12253 5 
445 41 12281 5 
446 41 12310 5 
447 41 12336 5 
448 41 12363 5 
449 41 12391 5 
450 41 12420 5 
451 41 12449 5 
452 41 12476 5 
453 41 12502 5 
454 41 12527 5 
455 39 12546 5 
456 41 12573 5 
457 41 12598 5 
458 41 12625 5 
459 41 12649 5 
460 41 12675 5 
461 41 12698 5 
462 41 12724 5 
463 39 12735 5 
464 41 12761 5 
465 41 12787 5 
466 41 12808 5 
467 41 12839 5 
468 41 12869 5 
469 41 12899 5 
470 41 12930 5 
471 41 12959 5 
472 41 12989 5 
473 41 13017 5 
474 41 13045 5 
475 41 13073 5 
476 41 13102 5 
477 41 13131 5 
478 41 13160 5 
479 41 13189 5 
480 41 13214 5 
481 41 13240 5 
482 41 13266 5 
483 41 13292 5 
484 41 13316 5 
485 41 13344 5 
486 41 13370 5 
487 41 13394 5 
488 41 13419 5 
489 41 13442 5 
490 41 13466 5 
491 41 13493 5 
492 41 13517 5 
493 41 13540 5 
494 41 13563 5 
495 41 13575 5 
496 41 13601 5 
497 41 13622 5 
498 41 13653 5 
499 41 13683 5 
500 41 13714 5 
501 41 13745 5 
502 41 13775 5 
503 41 13804 5 
504 41 13834 5 
505 41 13862 5 
506 41 13889 5 
507 41 13919 5 
508 41 13949 5 
509 41 13978 5 
510 41 14004 5 
511 41 14030 5 
512 41 14056 5 
513 41 14082 5 
514 41 14110 5 
515 41 14135 5 
516 41 14159 5 
517 41 14187 5 
518 41 14212 5 
519 41 14233 5 
520 41 14256 5 
521 41 14280 5 
522 41 14295 5 
523 41 14318 5 
524 41 14340 5 
525 41 14366 5 
526 41 14389 5 
527 41 14410 5 
528 41 14435 5 
529 41 14467 5 
530 41 14497 5 
531 41 14527 5 
532 41 14558 5 
533 41 14586 5 
534 41 14617 5 
535 41 14645 5 
536 41 14674 5 
537 41 14701 5 
538 41 14730 5 
539 41 14760 5 
540 41 14786 5 
541 41 14813 5 
542 41 14840 5 
543 41 14867 5 
544 41 14893 5 
545 41 14920 5 
546 41 14948 5 
547 41 14973 5 
548 41 14998 5 
549 41 15020 5 
550 41 15045 5 
551 41 15062 5 
552 41 15089 5 
553 41 15107 5 
554 41 15131 5 
555 41 15152 5 
556 41 15178 5 
557 41 15201 5 
558 41 15226 5 
559 41 15247 5 
560 41 15276 5 
561 41 15305 5 
562 41 15334 5 
563 41 15363 5 
564 41 15391 5 
565 41 15420 5 
566 41 15448 5 
567 41 15475 5 
568 41 15502 5 
569 41 15529 5 
570 41 15556 5 
571 41 15582 5 
572 41 15608 5 
573 41 15633 5 
574 41 15659 5 
575 41 15684 5 
576 41 15709 5 
577 41 15733 5 
578 41 15758 5 
579 41 15781 5 
580 41 15805 5 
581 41 15829 5 
582 41 15853 5 
583 41 15876 5 
584 41 15889 5 
585 41 15911 5 
586 41 15933 5 
587 41 15954 5 
588 41 15985 5 
589 41 16016 5 
590 39 16041 5 
591 41 16071 5 
592 41 16101 5 
593 41 16130 5 
594 39 16152 5 
595 41 16180 5 
596 41 16209 5 
597 41 16238 5 
598 41 16268 5 
599 41 16295 5 
600 41 16322 5 
601 41 16346 5 
602 41 16373 5 
603 41 16399 5 
604 41 16424 5 
605 41 16453 5 
606 41 16478 5 
607 41 16506 5 
608 41 16530 5 
609 39 16545 5 
610 41 16568 5 
611 39 16581 5 
612 41 16608 5 
613 41 16633 5 
614 41 16659 5 
615 41 16680 5 
616 41 16705 5 
617 41 16733 5 
618 41 16762 5 
619 41 16791 5 
620 41 16820 5 
621 41 16849 5 
622 41 16877 5 
623 41 16906 5 
624 41 16933 5 
625 41 16959 5 
626 41 16986 5 
627 41 17014 5 
628 41 17042 5 
629 41 17068 5 
630 41 17093 5 
631 41 17118 5 
632 41 17145 5 
633 41 17170 5 
634 41 17197 5 
635 41 17222 5 
636 41 17250 5 
637 41 17277 5 
638 41 17300 5 
639 41 17323 5 
640 41 17347 5 
641 41 17370 5 
642 41 17393 5 
643 41 17415 5 
644 41 17425 5 
645 41 17456 5 
646 41 17487 5 
647 41 17517 5 
648 41 17546 5 
649 41 17575 5 
650 41 17601 5 
651 41 17629 5 
652 41 17655 5 
653 41 17684 5 
654 41 17713 5 
655 41 17740 5 
656 41 17766 5 
657 41 17793 5 
658 41 17822 5 
659 41 17848 5 
660 41 17874 5 
661 41 17898 5 
662 41 17924 5 
663 41 17949 5 
664 41 17970 5 
665 41 17998 5 
666 41 18017 5 
667 41 18041 5 
668 41 18063 5 
669 41 18086 5 
670 41 18108 5 
671 41 18129 5 
672 41 18155 5 
673 41 18176 5 
674 41 18204 5 
675 41 18231 5 
676 41 18260 5 
677 41 18289 5 
678 41 18317 5 
679 41 18346 5 
680 41 18375 5 
681 41 18400 5 
682 41 18427 5 
683 41 18454 5 
684 41 18479 5 
685 41 18507 5 
686 41 18533 5 
687 41 18558 5 
688 41 18586 5 
689 41 18611 5 
690 41 18635 5 
691 41 18659 5 
692 41 18686 5 
693 41 18713 5 
694 41 18740 5 
695 41 18763 5 
696 41 18787 5 
697 41 18810 5 
698 41 18833 5 
699 41 18855 5 
700 41 18865 5 
701 41 18893 5 
702 41 18922 5 
703 41 18952 5 
704 41 18982 5 
705 41 19010 5 
706 41 19038 5 
707 41 19066 5 
708 41 19093 5 
709 41 19122 5 
710 41 19146 5 
711 41 19174 5 
712 41 19202 5 
713 41 19227 5 
714 41 19252 5 
715 41 19277 5 
716 41 19302 5 
717 41 19330 5 
718 41 19350 5 
719 41 19375 5 
720 41 19399 5 
721 41 19426 5 
722 41 19453 5 
723 41 19477 5 
724 41 19493 5 
725 41 19515 5 
726 41 19537 5 
727 41 19558 5 
728 41 19583 5 
729 41 19612 5 
730 41 19638 5 
731 41 19664 5 
732 41 19693 5 
733 41 19722 5 
734 41 19751 5 
735 41 19779 5 
736 41 19804 5 
737 41 19830 5 
738 41 19857 5 
739 41 19882 5 
740 41 19906 5 
741 41 19934 5 
742 41 19960 5 
743 41 19984 5 
744 41 20009 5 
745 41 20026 5 
746 41 20053 5 
747 41 20078 5 
748 41 20102 5 
749 41 20125 5 
750 41 20141 5 
751 41 20167 5 
752 41 20193 5 
753 41 20215 5 
754 41 20236 5 
755 41 20264 5 
756 41 20293 5 
757 41 20323 5 
758 41 20354 5 
759 41 20383 5 
760 41 20409 5 
761 41 20437 5 
762 41 20465 5 
763 41 20494 5 
764 41 20522 5 
765 41 20548 5 
766 41 20574 5 
767 41 20603 5 
768 41 20625 5 
769 41 20649 5 
770 41 20671 5 
771 41 20690 5 
772 41 20714 5 
773 41 20730 5 
774 41 20756 5 
775 41 20780 5 
776 41 20803 5 
777 41 20825 5 
778 41 20851 5 
779 41 20877 5 
780 41 20899 5 
781 41 20920 5 
782 41 20950 5 
783 41 20980 5 
784 41 21008 5 
785 41 21037 5 
786 41 21064 5 
787 41 21091 5 
788 41 21118 5 
789 41 21147 5 
790 41 21173 5 
791 41 21203 5 
792 41 21229 5 
793 41 21256 5 
794 41 21282 5 
795 41 21310 5 
796 41 21338 5 
797 41 21364 5 
798 41 21387 5 
799 41 21409 5 
800 41 21433 5 
801 41 21461 5 
802 41 21485 5 
803 41 21503 5 
804 41 21526 5 
805 41 21548 5 
806 41 21574 5 
807 41 21596 5 
808 41 21618 5 
809 41 21639 5 
810 41 21671 5 
811 41 21701 5 
812 41 21731 5 
813 41 21759 5 
814 41 21788 5 
815 41 21817 5 
816 41 21843 5 
817 41 21869 5 
818 41 21898 5 
819 41 21927 5 
820 41 21953 5 
821 41 21979 5 
822 41 22006 5 
823 41 22035 5 
824 41 22060 5 
825 41 22086 5 
826 41 22112 5 
827 41 22138 5 
828 41 22163 5 
829 41 22189 5 
830 41 22209 5 
831 41 22228 5 
832 41 22255 5 
833 41 22278 5 
834 41 22300 5 
835 41 22322 5 
836 41 22348 5 
837 41 22369 5 
838 41 22390 5 
839 41 22422 5 
840 41 22452 5 
841 41 22482 5 
842 41 22510 5 
843 41 22539 5 
844 41 22566 5 
845 41 22593 5 
846 41 22620 5 
847 41 22650 5 
848 41 22679 5 
849 41 22706 5 
850 41 22732 5 
851 41 22758 5 
852 41 22784 5 
853 41 22812 5 
854 41 22840 5 
855 41 22866 5 
856 41 22889 5 
857 41 22911 5 
858 41 22935 5 
859 41 22963 5 
860 41 22986 5 
861 41 23004 5 
862 41 23027 5 
863 41 23050 5 
864 41 23072 5 
865 41 23094 5 
866 41 23120 5 
867 41 23141 5 
868 41 23168 5 
869 41 23199 5 
870 41 23228 5 
871 41 23256 5 
872 41 23286 5 
873 41 23315 5 
874 41 23340 5 
875 41 23369 5 
876 41 23395 5 
877 41 23424 5 
878 41 23452 5 
879 41 23475 5 
880 41 23502 5 
881 41 23528 5 
882 41 23555 5 
883 41 23577 5 
884 41 23602 5 
885 41 23628 5 
886 41 23648 5 
887 41 23665 5 
888 41 23687 5 
889 41 23713 5 
890 41 23738 5 
891 41 23761 5 
892 41 23782 5 
893 41 23808 5 
894 41 23829 5 
895 41 23855 5 
896 41 23882 5 
897 41 23906 5 
898 41 23934 5 
899 41 23962 5 
900 41 23988 5 
901 41 24011 5 
902 41 24039 5 
903 41 24065 5 
904 41 24093 5 
905 41 24120 5 
906 41 24144 5 
907 41 24170 5 
908 41 24188 5 
909 41 24216 5 
910 41 24235 5 
911 41 24258 5 
912 41 24275 5 
913 41 24299 5 
914 41 24322 5 
915 41 24348 5 
916 41 24370 5 
917 41 24396 5 
918 41 24417 5 
919 41 24444 5 
920 41 24473 5 
921 41 24501 5 
922 41 24530 5 
923 41 24555 5 
924 41 24581 5 
925 41 24607 5 
926 41 24635 5 
927 41 24664 5 
928 41 24692 5 
929 41 24714 5 
930 41 24740 5 
931 41 24762 5 
932 41 24787 5 
933 41 24814 5 
934 41 24835 5 
935 41 24860 5 
936 41 24883 5 
937 41 24901 5 
938 41 24927 5 
939 41 24952 5 
940 41 24974 5 
941 41 24996 5 
942 41 25022 5 
943 41 25043 5 
944 41 25070 5 
945 41 25097 5 
946 41 25125 5 
947 41 25153 5 
948 41 25179 5 
949 41 25207 5 
950 41 25236 5 
951 41 25263 5 
952 41 25288 5 
953 41 25311 5 
954 41 25338 5 
955 41 25363 5 
956 41 25388 5 
957 41 25414 5 
958 41 25442 5 
959 41 25461 5 
960 41 25485 5 
961 41 25512 5 
962 41 25536 5 
963 41 25553 5 
964 41 25579 5 
965 41 25601 5 
966 41 25623 5 
967 41 25648 5 
968 41 25669 5 
969 41 25695 5 
970 41 25724 5 
971 41 25753 5 
972 41 25779 5 
973 41 25808 5 
974 41 25836 5 
975 41 25862 5 
976 41 25891 5 
977 41 25915 5 
978 41 25941 5 
979 41 25967 5 
980 41 25989 5 
981 41 26015 5 
982 41 26040 5 
983 41 26062 5 
984 41 26087 5 
985 41 26112 5 
986 41 26135 5 
987 41 26161 5 
988 41 26186 5 
989 41 26202 5 
990 41 26223 5 
991 41 26245 5 
992 41 26270 5 
993 41 26295 5 
994 41 26321 5 
995 41 26350 5 
996 41 26379 5 
997 41 26404 5 
998 41 26430 5 
999 41 26456 5 
1000 41 26485 5 
1001 41 26514 5 
1002 41 26540 5 
1003 41 26567 5 
1004 41 26589 5 
1005 41 26616 5 
1006 41 26638 5 
1007 41 26658 5 
1008 41 26683 5 
1009 41 26709 5 
1010 41 26734 5 
1011 41 26757 5 
1012 41 26774 5 
1013 41 26797 5 
1014 41 26820 5 
1015 41 26845 5 
1016 41 26866 5 
1017 41 26891 5 
1018 41 26917 5 
1019 41 26946 5 
1020 41 26975 5 
1021 41 27001 5 
1022 41 27030 5 
1023 41 27056 5 
1024 41 27082 5 
1025 41 27111 5 
1026 41 27140 5 
1027 41 27166 5 
1028 41 27191 5 
1029 41 27219 5 
1030 41 27240 5 
1031 41 27264 5 
1032 41 27290 5 
1033 41 27311 5 
1034 41 27336 5 
1035 41 27353 5 
1036 41 27378 5 
1037 41 27400 5 
1038 41 27426 5 
1039 41 27448 5 
1040 41 27470 5 
1041 41 27496 5 
1042 41 27517 5 
1043 41 27543 5 
1044 41 27569 5 
1045 41 27598 5 
1046 41 27623 5 
1047 41 27652 5 
1048 41 27678 5 
1049 41 27704 5 
1050 41 27732 5 
1051 41 27759 5 
1052 41 27781 5 
1053 41 27807 5 
1054 41 27830 5 
1055 41 27849 5 
1056 41 27874 5 
1057 41 27900 5 
1058 41 27919 5 
1059 41 27945 5 
1060 41 27968 5 
1061 41 27990 5 
1062 41 28016 5 
1063 41 28038 5 
1064 41 28063 5 
1065 41 28084 5 
1066 41 28114 5 
1067 41 28142 5 
1068 41 28171 5 
1069 41 28198 5 
1070 41 28225 5 
1071 41 28252 5 
1072 41 28282 5 
1073 41 28308 5 
1074 41 28337 5 
1075 41 28363 5 
1076 41 28389 5 
1077 41 28418 5 
1078 41 28444 5 
1079 41 28471 5 
1080 41 28498 5 
1081 41 28521 5 
1082 41 28546 5 
1083 41 28567 5 
1084 41 28587 5 
1085 41 28614 5 
1086 41 28641 5 
1087 41 28664 5 
1088 41 28686 5 
1089 41 28708 5 
1090 41 28731 5 
1091 41 28752 5 
1092 41 28773 5 
1093 41 28799 5 
1094 41 28828 5 
1095 41 28854 5 
1096 41 28882 5 
1097 41 28911 5 
1098 41 28937 5 
1099 41 28963 5 
1100 41 28989 5 
1101 41 29015 5 
1102 41 29040 5 
1103 41 29068 5 
1104 41 29093 5 
1105 41 29118 5 
1106 41 29138 5 
1107 41 29157 5 
1108 41 29184 5 
1109 41 29207 5 
1110 41 29230 5 
1111 41 29247 5 
1112 41 29272 5 
1113 41 29298 5 
1114 41 29320 5 
1115 41 29346 5 
1116 41 29367 5 
1117 41 29393 5 
1118 41 29419 5 
1119 41 29444 5 
1120 41 29473 5 
1121 41 29499 5 
1122 41 29525 5 
1123 41 29551 5 
1124 41 29578 5 
1125 41 29607 5 
1126 41 29629 5 
1127 41 29649 5 
1128 41 29674 5 
1129 41 29695 5 
1130 41 29720 5 
1131 41 29739 5 
1132 41 29762 5 
1133 41 29788 5 
1134 41 29811 5 
1135 41 29837 5 
1136 41 29858 5 
1137 41 29879 5 
1138 41 29904 5 
1139 41 29930 5 
1140 41 29956 5 
1141 41 29984 5 
1142 41 30013 5 
1143 41 30039 5 
1144 41 30065 5 
1145 41 30091 5 
1146 41 30117 5 
1147 41 30143 5 
1148 41 30172 5 
1149 41 30194 5 
1150 41 30219 5 
1151 41 30244 5 
1152 41 30264 5 
1153 41 30292 5 
1154 41 30309 5 
1155 41 30327 5 
1156 41 30352 5 
1157 41 30378 5 
1158 41 30404 5 
1159 41 30426 5 
1160 41 30448 5 
1161 41 30469 5 
1162 39 30485 5 
1163 41 30512 5 
1164 41 30539 5 
1165 41 30566 5 
1166 41 30595 5 
1167 41 30622 5 
1168 41 30640 5 
1169 39 30651 5 
1170 41 30674 5 
1171 39 30683 5 
1172 41 30708 5 
1173 41 30733 5 
1174 41 30762 5 
1175 41 30791 5 
1176 41 30818 5 
1177 41 30845 5 
1178 41 30872 5 
1179 41 30901 5 
1180 41 30931 5 
1181 41 30957 5 
1182 41 30983 5 
1183 41 31012 5 
1184 41 31038 5 
1185 41 31064 5 
1186 41 31089 5 
1187 41 31115 5 
1188 41 31141 5 
1189 41 31163 5 
1190 41 31187 5 
1191 41 31207 5 
1192 41 31234 5 
1193 41 31257 5 
1194 41 31284 5 
1195 41 31307 5 
1196 41 31328 5 
1197 41 31351 5 
1198 41 31372 5 
1199 41 31393 5 
1200 41 31419 5 
1201 41 31445 5 
1202 41 31471 5 
1203 41 31500 5 
1204 41 31526 5 
1205 41 31552 5 
1206 41 31581 5 
1207 41 31607 5 
1208 41 31631 5 
1209 41 31657 5 
1210 41 31677 5 
1211 41 31703 5 
1212 41 31723 5 
1213 41 31740 5 
1214 41 31762 5 
1215 41 31788 5 
1216 41 31814 5 
1217 41 31839 5 
1218 41 31861 5 
1219 41 31883 5 
1220 41 31904 5 
1221 41 31943 5 
1222 41 31980 5 
1223 41 32016 5 
1224 41 32052 5 
1225 41 32086 5 
1226 41 32120 5 
1227 41 32154 5 
1228 41 32186 5 
1229 41 32218 5 
1230 41 32249 5 
1231 41 32280 5 
1232 41 32311 5 
1233 41 32341 5 
1234 41 32371 5 
1235 41 32400 5 
1236 41 32429 5 
1237 41 32457 5 
1238 41 32485 5 
1239 41 32512 5 
1240 41 32539 5 
1241 41 32566 5 
1242 41 32595 5 
1243 41 32622 5 
1244 41 32648 5 
1245 41 32674 5 
1246 41 32699 5 
1247 41 32723 5 
1248 41 32751 5 
1249 41 32776 5 
1250 41 32800 5 
1251 41 32825 5 
1252 41 32849 5 
1253 41 32876 5 
1254 41 32903 5 
1255 41 32926 5 
1256 41 32939 5 
1257 41 32960 5 
1258 41 32982 5 
1259 41 33003 5 
1260 41 33040 5 
1261 41 33077 5 
1262 41 33112 5 
1263 41 33147 5 
1264 41 33182 5 
1265 41 33216 5 
1266 39 33246 5 
1267 41 33277 5 
1268 39 33306 5 
1269 41 33337 5 
1270 39 33366 5 
1271 39 33394 5 
1272 41 33422 5 
1273 39 33449 5 
1274 41 33477 5 
1275 41 33506 5 
1276 41 33535 5 
1277 41 33562 5 
1278 41 33591 5 
1279 41 33620 5 
1280 41 33646 5 
1281 39 33668 5 
1282 41 33696 5 
1283 41 33721 5 
1284 41 33747 5 
1285 41 33775 5 
1286 41 33800 5 
1287 41 33825 5 
1288 41 33849 5 
1289 41 33876 5 
1290 41 33903 5 
1291 41 33930 5 
1292 41 33953 5 
1293 41 33980 5 
1294 41 34002 5 
1295 41 34014 5 
1296 41 34039 5 
1297 41 34064 5 
1298 41 34101 5 
1299 41 34137 5 
1300 41 34171 5 
1301 41 34205 5 
1302 41 34239 5 
1303 41 34271 5 
1304 41 34303 5 
1305 41 34334 5 
1306 41 34365 5 
1307 41 34396 5 
1308 41 34427 5 
1309 41 34455 5 
1310 41 34484 5 
1311 41 34512 5 
1312 41 34541 5 
1313 41 34570 5 
1314 41 34597 5 
1315 41 34625 5 
1316 41 34651 5 
1317 41 34678 5 
1318 41 34704 5 
1319 41 34732 5 
1320 41 34757 5 
1321 41 34783 5 
1322 41 34811 5 
1323 41 34836 5 
1324 41 34861 5 
1325 41 34885 5 
1326 41 34910 5 
1327 41 34934 5 
1328 41 34961 5 
1329 41 34984 5 
1330 41 35011 5 
1331 41 35033 5 
1332 41 35045 5 
1333 41 35067 5 
1334 41 35088 5 
1335 41 35124 5 
1336 41 35159 5 
1337 41 35194 5 
1338 41 35229 5 
1339 41 35262 5 
1340 41 35294 5 
1341 41 35326 5 
1342 41 35357 5 
1343 41 35388 5 
1344 41 35419 5 
1345 41 35450 5 
1346 41 35478 5 
1347 41 35507 5 
1348 41 35535 5 
1349 41 35564 5 
1350 41 35593 5 
1351 41 35620 5 
1352 41 35648 5 
1353 41 35674 5 
1354 41 35701 5 
1355 41 35730 5 
1356 41 35755 5 
1357 41 35780 5 
1358 41 35806 5 
1359 41 35834 5 
1360 41 35859 5 
1361 41 35884 5 
1362 41 35908 5 
1363 41 35933 5 
1364 41 35957 5 
1365 41 35984 5 
1366 41 36007 5 
1367 41 36034 5 
1368 41 36056 5 
1369 41 36068 5 
1370 41 36090 5 
1371 41 36111 5 
1372 41 36146 5 
1373 41 36181 5 
1374 41 36214 5 
1375 41 36246 5 
1376 41 36278 5 
1377 41 36309 5 
1378 41 36340 5 
1379 41 36371 5 
1380 41 36402 5 
1381 41 36430 5 
1382 41 36459 5 
1383 41 36487 5 
1384 41 36516 5 
1385 41 36545 5 
1386 41 36572 5 
1387 41 36600 5 
1388 41 36626 5 
1389 41 36653 5 
1390 41 36679 5 
1391 41 36707 5 
1392 41 36732 5 
1393 41 36758 5 
1394 41 36786 5 
1395 41 36811 5 
1396 41 36836 5 
1397 41 36860 5 
1398 41 36885 5 
1399 41 36909 5 
1400 41 36936 5 
1401 41 36959 5 
1402 41 36986 5 
1403 41 37008 5 
1404 41 37020 5 
1405 41 37042 5 
1406 41 37063 5 
1407 39 37095 5 
1408 41 37130 5 
1409 39 37161 5 
1410 41 37193 5 
1411 39 37223 5 
1412 41 37254 5 
1413 41 37285 5 
1414 41 37316 5 
1415 41 37347 5 
1416 41 37375 5 
1417 39 37402 5 
1418 41 37430 5 
1419 41 37459 5 
1420 41 37488 5 
1421 41 37515 5 
1422 41 37543 5 
1423 39 37566 5 
1424 41 37593 5 
1425 41 37619 5 
1426 41 37647 5 
1427 39 37668 5 
1428 41 37695 5 
1429 41 37723 5 
1430 41 37750 5 
1431 41 37777 5 
1432 41 37804 5 
1433 41 37829 5 
1434 41 37853 5 
1435 41 37880 5 
1436 41 37906 5 
1437 41 37933 5 
1438 41 37959 5 
1439 41 37971 5 
1440 41 37993 5 
1441 41 38014 5 
1442 41 38049 5 
1443 41 38083 5 
1444 41 38116 5 
1445 41 38148 5 
1446 41 38180 5 
1447 41 38210 5 
1448 41 38241 5 
1449 41 38272 5 
1450 41 38303 5 
1451 41 38331 5 
1452 41 38360 5 
1453 41 38388 5 
1454 41 38417 5 
1455 41 38446 5 
1456 41 38473 5 
1457 41 38501 5 
1458 41 38527 5 
1459 41 38554 5 
1460 41 38580 5 
1461 41 38608 5 
1462 41 38633 5 
1463 41 38659 5 
1464 41 38687 5 
1465 41 38712 5 
1466 41 38737 5 
1467 41 38761 5 
1468 41 38786 5 
1469 41 38810 5 
1470 41 38837 5 
1471 41 38860 5 
1472 41 38887 5 
1473 41 38909 5 
1474 41 38921 5 
1475 41 38943 5 
1476 41 38964 5 
1477 41 38998 5 
1478 41 39030 5 
1479 41 39062 5 
1480 41 39093 5 
1481 39 39122 5 
1482 41 39153 5 
1483 39 39181 5 
1484 41 39210 5 
1485 41 39239 5 
1486 41 39267 5 
1487 41 39296 5 
1488 41 39325 5 
1489 41 39354 5 
1490 41 39382 5 
1491 39 39404 5 
1492 41 39431 5 
1493 41 39457 5 
1494 41 39485 5 
1495 41 39510 5 
1496 41 39536 5 
1497 41 39564 5 
1498 41 39589 5 
1499 41 39614 5 
1500 41 39640 5 
1501 41 39667 5 
1502 41 39691 5 
1503 41 39718 5 
1504 41 39741 5 
1505 41 39768 5 
1506 41 39794 5 
1507 39 39804 5 
1508 41 39826 5 
1509 41 39851 5 
1510 41 39882 5 
1511 41 39914 5 
1512 41 39945 5 
1513 41 39976 5 
1514 41 40007 5 
1515 41 40038 5 
1516 41 40066 5 
1517 41 40095 5 
1518 41 40123 5 
1519 41 40152 5 
1520 41 40181 5 
1521 41 40208 5 
1522 41 40236 5 
1523 41 40262 5 
1524 41 40289 5 
1525 41 40315 5 
1526 41 40340 5 
1527 41 40368 5 
1528 41 40394 5 
1529 41 40422 5 
1530 41 40448 5 
1531 41 40472 5 
1532 41 40496 5 
1533 41 40521 5 
1534 41 40545 5 
1535 41 40572 5 
1536 41 40595 5 
1537 41 40622 5 
1538 41 40644 5 
1539 41 40656 5 
1540 41 40678 5 
1541 41 40699 5 
1542 41 40732 5 
1543 41 40764 5 
1544 41 40795 5 
1545 39 40823 5 
1546 39 40851 5 
1547 41 40882 5 
1548 41 40911 5 
1549 41 40940 5 
1550 41 40969 5 
1551 41 40999 5 
1552 41 41028 5 
1553 41 41055 5 
1554 41 41083 5 
1555 41 41109 5 
1556 41 41136 5 
1557 41 41162 5 
1558 41 41190 5 
1559 39 41211 5 
1560 41 41237 5 
1561 41 41265 5 
1562 41 41290 5 
1563 41 41315 5 
1564 41 41341 5 
1565 41 41366 5 
1566 41 41392 5 
1567 41 41419 5 
1568 41 41446 5 
1569 41 41473 5 
1570 41 41495 5 
1571 39 41505 5 
1572 41 41527 5 
1573 41 41552 5 
1574 41 41582 5 
1575 41 41613 5 
1576 41 41644 5 
1577 41 41674 5 
1578 41 41704 5 
1579 41 41734 5 
1580 41 41763 5 
1581 41 41791 5 
1582 41 41819 5 
1583 41 41846 5 
1584 41 41873 5 
1585 41 41901 5 
1586 41 41927 5 
1587 41 41954 5 
1588 41 41980 5 
1589 41 42005 5 
1590 41 42031 5 
1591 41 42057 5 
1592 41 42082 5 
1593 41 42107 5 
1594 41 42132 5 
1595 41 42156 5 
1596 41 42181 5 
1597 41 42205 5 
1598 41 42228 5 
1599 41 42252 5 
1600 41 42275 5 
1601 41 42297 5 
1602 41 42311 5 
1603 41 42333 5 
1604 41 42354 5 
1605 41 42385 5 
1606 41 42415 5 
1607 41 42445 5 
1608 41 42476 5 
1609 41 42505 5 
1610 41 42535 5 
1611 41 42563 5 
1612 41 42592 5 
1613 41 42621 5 
1614 41 42648 5 
1615 41 42676 5 
1616 41 42704 5 
1617 41 42733 5 
1618 41 42758 5 
1619 41 42787 5 
1620 41 42812 5 
1621 41 42838 5 
1622 41 42866 5 
1623 41 42891 5 
1624 41 42916 5 
1625 41 42941 5 
1626 41 42965 5 
1627 41 42992 5 
1628 41 43016 5 
1629 41 43041 5 
1630 41 43064 5 
1631 41 43086 5 
1632 41 43109 5 
1633 41 43121 5 
1634 41 43147 5 
1635 41 43168 5 
1636 41 43199 5 
1637 41 43229 5 
1638 41 43260 5 
1639 41 43290 5 
1640 41 43320 5 
1641 41 43348 5 
1642 41 43378 5 
1643 41 43408 5 
1644 41 43436 5 
1645 41 43465 5 
1646 41 43492 5 
1647 41 43520 5 
1648 41 43549 5 
1649 41 43574 5 
1650 41 43602 5 
1651 41 43629 5 
1652 41 43654 5 
1653 41 43680 5 
1654 41 43707 5 
1655 41 43736 5 
1656 41 43758 5 
1657 41 43779 5 
1658 41 43802 5 
1659 41 43818 5 
1660 41 43842 5 
1661 41 43865 5 
1662 41 43886 5 
1663 41 43912 5 
1664 41 43935 5 
1665 41 43960 5 
1666 41 43981 5 
1667 41 44012 5 
1668 41 44042 5 
1669 41 44073 5 
1670 41 44104 5 
1671 41 44134 5 
1672 41 44163 5 
1673 41 44193 5 
1674 41 44221 5 
1675 41 44251 5 
1676 41 44279 5 
1677 41 44304 5 
1678 41 44331 5 
1679 41 44357 5 
1680 41 44386 5 
1681 41 44414 5 
1682 41 44440 5 
1683 41 44466 5 
1684 41 44494 5 
1685 41 44519 5 
1686 41 44542 5 
1687 41 44570 5 
1688 41 44591 5 
1689 41 44614 5 
1690 41 44630 5 
1691 41 44653 5 
1692 41 44675 5 
1693 41 44698 5 
1694 41 44724 5 
1695 41 44747 5 
1696 41 44772 5 
1697 41 44793 5 
1698 41 44822 5 
1699 41 44851 5 
1700 41 44880 5 
1701 41 44909 5 
1702 41 44937 5 
1703 41 44966 5 
1704 41 44994 5 
1705 41 45022 5 
1706 41 45048 5 
1707 41 45075 5 
1708 41 45101 5 
1709 41 45126 5 
1710 41 45153 5 
1711 41 45179 5 
1712 41 45204 5 
1713 41 45229 5 
1714 41 45255 5 
1715 41 45280 5 
1716 41 45304 5 
1717 41 45328 5 
1718 41 45351 5 
1719 41 45367 5 
1720 41 45390 5 
1721 41 45413 5 
1722 41 45435 5 
1723 41 45457 5 
1724 41 45479 5 
1725 41 45500 5 
1726 41 45531 5 
1727 41 45562 5 
1728 39 45587 5 
1729 39 45612 5 
1730 41 45641 5 
1731 41 45670 5 
1732 41 45699 5 
1733 41 45727 5 
1734 41 45755 5 
1735 41 45784 5 
1736 41 45812 5 
1737 41 45841 5 
1738 41 45868 5 
1739 41 45894 5 
1740 41 45917 5 
1741 41 45944 5 
1742 41 45970 5 
1743 41 45999 5 
1744 41 46024 5 
1745 41 46053 5 
1746 41 46081 5 
1747 41 46105 5 
1748 39 46119 5 
1749 41 46146 5 
1750 39 46158 5 
1751 41 46180 5 
1752 41 46201 5 
1753 41 46226 5 
1754 41 46251 5 
1755 41 46279 5 
1756 41 46308 5 
1757 41 46337 5 
1758 41 46366 5 
1759 41 46395 5 
1760 41 46423 5 
1761 41 46452 5 
1762 41 46481 5 
1763 41 46506 5 
1764 41 46533 5 
1765 41 46560 5 
1766 41 46588 5 
1767 41 46613 5 
1768 41 46639 5 
1769 41 46664 5 
1770 41 46689 5 
1771 41 46716 5 
1772 41 46744 5 
1773 41 46771 5 
1774 41 46796 5 
1775 41 46819 5 
1776 41 46843 5 
1777 41 46870 5 
1778 41 46893 5 
1779 41 46916 5 
1780 41 46939 5 
1781 41 46961 5 
1782 41 46971 5 
1783 41 47002 5 
1784 41 47033 5 
1785 41 47063 5 
1786 41 47092 5 
1787 41 47121 5 
1788 41 47147 5 
1789 41 47175 5 
1790 41 47201 5 
1791 41 47230 5 
1792 41 47259 5 
1793 41 47286 5 
1794 41 47312 5 
1795 41 47338 5 
1796 41 47365 5 
1797 41 47394 5 
1798 41 47418 5 
1799 41 47444 5 
1800 41 47470 5 
1801 41 47495 5 
1802 41 47521 5 
1803 41 47541 5 
1804 41 47560 5 
1805 41 47583 5 
1806 41 47610 5 
1807 41 47632 5 
1808 41 47658 5 
1809 41 47680 5 
1810 41 47701 5 
1811 41 47722 5 
1812 41 47753 5 
1813 41 47784 5 
1814 41 47814 5 
1815 41 47843 5 
1816 41 47872 5 
1817 41 47900 5 
1818 41 47926 5 
1819 41 47952 5 
1820 41 47981 5 
1821 41 48008 5 
1822 41 48037 5 
1823 41 48063 5 
1824 41 48089 5 
1825 41 48116 5 
1826 41 48145 5 
1827 41 48169 5 
1828 41 48195 5 
1829 41 48221 5 
1830 41 48246 5 
1831 41 48272 5 
1832 41 48292 5 
1833 41 48311 5 
1834 41 48338 5 
1835 41 48361 5 
1836 41 48383 5 
1837 41 48405 5 
1838 41 48431 5 
1839 41 48452 5 
1840 41 48473 5 
1841 41 48501 5 
1842 41 48528 5 
1843 41 48557 5 
1844 41 48586 5 
1845 41 48614 5 
1846 41 48643 5 
1847 41 48672 5 
1848 41 48697 5 
1849 41 48724 5 
1850 41 48752 5 
1851 41 48779 5 
1852 41 48804 5 
1853 41 48830 5 
1854 41 48855 5 
1855 41 48880 5 
1856 41 48907 5 
1857 41 48935 5 
1858 41 48962 5 
1859 41 48986 5 
1860 41 49010 5 
1861 41 49034 5 
1862 41 49061 5 
1863 41 49084 5 
1864 41 49107 5 
1865 41 49130 5 
1866 41 49152 5 
1867 41 49162 5 
1868 41 49190 5 
1869 41 49219 5 
1870 41 49249 5 
1871 41 49278 5 
1872 41 49307 5 
1873 41 49335 5 
1874 41 49363 5 
1875 41 49389 5 
1876 41 49415 5 
1877 41 49443 5 
1878 41 49471 5 
1879 41 49499 5 
1880 41 49524 5 
1881 41 49549 5 
1882 41 49574 5 
1883 41 49599 5 
1884 41 49627 5 
1885 41 49647 5 
1886 41 49672 5 
1887 41 49699 5 
1888 41 49723 5 
1889 41 49747 5 
1890 41 49764 5 
1891 41 49790 5 
1892 41 49812 5 
1893 41 49837 5 
1894 41 49859 5 
1895 41 49880 5 
1896 41 49909 5 
1897 41 49935 5 
1898 41 49961 5 
1899 41 49990 5 
1900 41 50019 5 
1901 41 50044 5 
1902 41 50072 5 
1903 41 50100 5 
1904 41 50128 5 
1905 41 50155 5 
1906 41 50181 5 
1907 41 50209 5 
1908 41 50234 5 
1909 41 50257 5 
1910 41 50285 5 
1911 41 50309 5 
1912 41 50326 5 
1913 41 50350 5 
1914 41 50373 5 
1915 41 50398 5 
1916 41 50422 5 
1917 41 50438 5 
1918 41 50464 5 
1919 41 50486 5 
1920 41 50512 5 
1921 41 50533 5 
1922 41 50561 5 
1923 41 50591 5 
1924 41 50619 5 
1925 41 50648 5 
1926 41 50676 5 
1927 41 50704 5 
1928 41 50730 5 
1929 41 50758 5 
1930 41 50784 5 
1931 41 50812 5 
1932 41 50840 5 
1933 41 50865 5 
1934 41 50890 5 
1935 41 50915 5 
1936 41 50940 5 
1937 41 50968 5 
1938 41 50988 5 
1939 41 51013 5 
1940 41 51040 5 
1941 41 51064 5 
1942 41 51088 5 
1943 41 51105 5 
1944 41 51131 5 
1945 41 51153 5 
1946 41 51175 5 
1947 41 51200 5 
1948 41 51221 5 
1949 41 51249 5 
1950 41 51277 5 
1951 41 51303 5 
1952 41 51333 5 
1953 41 51362 5 
1954 41 51389 5 
1955 41 51419 5 
1956 41 51445 5 
1957 41 51474 5 
1958 41 51502 5 
1959 41 51531 5 
1960 41 51553 5 
1961 41 51578 5 
1962 41 51607 5 
1963 41 51629 5 
1964 41 51653 5 
1965 41 51670 5 
1966 41 51687 5 
1967 41 51710 5 
1968 41 51732 5 
1969 41 51756 5 
1970 41 51779 5 
1971 41 51805 5 
1972 41 51831 5 
1973 41 51853 5 
1974 41 51874 5 
1975 41 51904 5 
1976 41 51934 5 
1977 41 51962 5 
1978 41 51991 5 
1979 41 52018 5 
1980 41 52045 5 
1981 41 52072 5 
1982 41 52101 5 
1983 41 52127 5 
1984 41 52154 5 
1985 41 52184 5 
1986 41 52210 5 
1987 41 52238 5 
1988 41 52264 5 
1989 41 52292 5 
1990 41 52316 5 
1991 41 52341 5 
1992 41 52363 5 
1993 41 52391 5 
1994 41 52415 5 
1995 41 52438 5 
1996 41 52456 5 
1997 41 52479 5 
1998 41 52502 5 
1999 41 52524 5 
2000 41 52550 5 
2001 41 52572 5 
2002 41 52593 5 
2003 41 52622 5 
2004 41 52647 5 
2005 41 52672 5 
2006 41 52701 5 
2007 41 52730 5 
2008 41 52758 5 
2009 41 52782 5 
2010 41 52810 5 
2011 41 52837 5 
2012 41 52863 5 
2013 41 52892 5 
2014 41 52914 5 
2015 41 52939 5 
2016 41 52967 5 
2017 41 52991 5 
2018 41 53008 5 
2019 41 53032 5 
2020 41 53055 5 
2021 41 53080 5 
2022 41 53096 5 
2023 41 53119 5 
2024 41 53145 5 
2025 41 53167 5 
2026 41 53193 5 
2027 41 53214 5 
2028 41 53241 5 
2029 41 53269 5 
2030 41 53298 5 
2031 41 53328 5 
2032 41 53357 5 
2033 41 53382 5 
2034 41 53408 5 
2035 41 53437 5 
2036 41 53463 5 
2037 41 53492 5 
2038 41 53521 5 
2039 41 53543 5 
2040 41 53569 5 
2041 41 53595 5 
2042 41 53617 5 
2043 41 53643 5 
2044 41 53664 5 
2045 41 53689 5 
2046 41 53706 5 
2047 41 53731 5 
2048 41 53753 5 
2049 41 53779 5 
2050 41 53801 5 
2051 41 53823 5 
2052 41 53849 5 
2053 41 53870 5 
2054 41 53900 5 
2055 41 53930 5 
2056 41 53958 5 
2057 41 53987 5 
2058 41 54014 5 
2059 41 54041 5 
2060 41 54070 5 
2061 41 54097 5 
2062 41 54123 5 
2063 41 54153 5 
2064 41 54180 5 
2065 41 54206 5 
2066 41 54232 5 
2067 41 54260 5 
2068 41 54288 5 
2069 41 54314 5 
2070 41 54337 5 
2071 41 54359 5 
2072 41 54383 5 
2073 41 54411 5 
2074 41 54434 5 
2075 41 54452 5 
2076 41 54475 5 
2077 41 54498 5 
2078 41 54520 5 
2079 41 54546 5 
2080 41 54568 5 
2081 41 54589 5 
2082 41 54615 5 
2083 41 54644 5 
2084 41 54674 5 
2085 41 54703 5 
2086 41 54728 5 
2087 41 54757 5 
2088 41 54783 5 
2089 41 54809 5 
2090 41 54838 5 
2091 41 54866 5 
2092 41 54888 5 
2093 41 54915 5 
2094 41 54941 5 
2095 41 54963 5 
2096 41 54989 5 
2097 41 55010 5 
2098 41 55035 5 
2099 41 55052 5 
2100 41 55074 5 
2101 41 55099 5 
2102 41 55125 5 
2103 41 55148 5 
2104 41 55169 5 
2105 41 55195 5 
2106 41 55216 5 
2107 41 55243 5 
2108 41 55271 5 
2109 41 55300 5 
2110 41 55326 5 
2111 41 55354 5 
2112 41 55380 5 
2113 41 55409 5 
2114 41 55435 5 
2115 41 55463 5 
2116 41 55488 5 
2117 41 55516 5 
2118 41 55538 5 
2119 41 55559 5 
2120 41 55585 5 
2121 41 55606 5 
2122 41 55633 5 
2123 41 55658 5 
2124 41 55681 5 
2125 41 55704 5 
2126 41 55721 5 
2127 41 55747 5 
2128 41 55772 5 
2129 41 55794 5 
2130 41 55820 5 
2131 41 55841 5 
2132 41 55867 5 
2133 41 55896 5 
2134 41 55922 5 
2135 41 55950 5 
2136 41 55979 5 
2137 41 56005 5 
2138 41 56031 5 
2139 41 56060 5 
2140 41 56086 5 
2141 41 56112 5 
2142 41 56134 5 
2143 41 56155 5 
2144 41 56181 5 
2145 41 56202 5 
2146 41 56229 5 
2147 41 56254 5 
2148 41 56277 5 
2149 41 56300 5 
2150 41 56317 5 
2151 41 56342 5 
2152 41 56368 5 
2153 41 56390 5 
2154 41 56416 5 
2155 41 56437 5 
2156 41 56463 5 
2157 41 56492 5 
2158 41 56521 5 
2159 41 56547 5 
2160 41 56575 5 
2161 41 56604 5 
2162 41 56630 5 
2163 41 56656 5 
2164 41 56685 5 
2165 41 56711 5 
2166 41 56734 5 
2167 41 56760 5 
2168 41 56783 5 
2169 41 56804 5 
2170 41 56829 5 
2171 41 56854 5 
2172 41 56879 5 
2173 41 56902 5 
2174 41 56928 5 
2175 41 56945 5 
2176 41 56968 5 
2177 41 56991 5 
2178 41 57012 5 
2179 41 57037 5 
2180 41 57062 5 
2181 41 57088 5 
2182 41 57117 5 
2183 41 57143 5 
2184 41 57171 5 
2185 41 57197 5 
2186 41 57226 5 
2187 41 57252 5 
2188 41 57281 5 
2189 41 57307 5 
2190 41 57334 5 
2191 41 57356 5 
2192 41 57383 5 
2193 41 57405 5 
2194 41 57425 5 
2195 41 57450 5 
2196 41 57475 5 
2197 41 57501 5 
2198 41 57524 5 
2199 41 57541 5 
2200 41 57565 5 
2201 41 57587 5 
2202 41 57608 5 
2203 41 57633 5 
2204 41 57658 5 
2205 41 57687 5 
2206 41 57716 5 
2207 41 57745 5 
2208 41 57772 5 
2209 41 57799 5 
2210 41 57829 5 
2211 41 57856 5 
2212 41 57882 5 
2213 41 57911 5 
2214 41 57937 5 
2215 41 57963 5 
2216 41 57992 5 
2217 41 58018 5 
2218 41 58045 5 
2219 41 58072 5 
2220 41 58095 5 
2221 41 58120 5 
2222 41 58141 5 
2223 41 58161 5 
2224 41 58188 5 
2225 41 58211 5 
2226 41 58238 5 
2227 41 58261 5 
2228 41 58282 5 
2229 41 58305 5 
2230 41 58326 5 
2231 41 58347 5 
2232 41 58373 5 
2233 41 58399 5 
2234 41 58428 5 
2235 41 58453 5 
2236 41 58482 5 
2237 41 58508 5 
2238 41 58534 5 
2239 41 58560 5 
2240 41 58589 5 
2241 41 58616 5 
2242 41 58643 5 
2243 41 58664 5 
2244 41 58686 5 
2245 41 58704 5 
2246 41 58729 5 
2247 41 58748 5 
2248 41 58774 5 
2249 41 58800 5 
2250 41 58823 5 
2251 41 58845 5 
2252 41 58867 5 
2253 41 58892 5 
2254 41 58913 5 
2255 41 58942 5 
2256 41 58971 5 
2257 41 59000 5 
2258 41 59027 5 
2259 41 59054 5 
2260 41 59081 5 
2261 41 59111 5 
2262 41 59137 5 
2263 41 59166 5 
2264 41 59192 5 
2265 41 59221 5 
2266 41 59247 5 
2267 41 59273 5 
2268 41 59300 5 
2269 41 59327 5 
2270 41 59350 5 
2271 41 59375 5 
2272 41 59396 5 
2273 41 59416 5 
2274 41 59443 5 
2275 41 59466 5 
2276 41 59493 5 
2277 41 59516 5 
2278 41 59537 5 
2279 41 59559 5 
2280 41 59581 5 
2281 41 59602 5 
2282 41 59628 5 
2283 41 59654 5 
2284 41 59679 5 
2285 41 59708 5 
2286 41 59734 5 
2287 41 59760 5 
2288 41 59786 5 
2289 41 59813 5 
2290 41 59842 5 
2291 41 59864 5 
2292 41 59887 5 
2293 41 59906 5 
2294 41 59930 5 
2295 41 59955 5 
2296 41 59974 5 
2297 41 59997 5 
2298 41 60023 5 
2299 41 60049 5 
2300 41 60072 5 
2301 41 60093 5 
2302 41 60118 5 
2303 41 60139 5 
2304 41 60167 5 
2305 41 60195 5 
2306 41 60223 5 
2307 39 60238 5 
2308 41 60265 5 
2309 41 60284 5 
2310 41 60308 5 
2311 39 60318 5 
2312 41 60341 5 
2313 39 60350 5 
2314 41 60375 5 
2315 41 60400 5 
2316 41 60426 5 
2317 41 60454 5 
2318 41 60483 5 
2319 41 60509 5 
2320 41 60535 5 
2321 41 60561 5 
2322 41 60587 5 
2323 41 60616 5 
2324 41 60642 5 
2325 41 60671 5 
2326 41 60692 5 
2327 41 60717 5 
2328 41 60742 5 
2329 41 60762 5 
2330 41 60779 5 
2331 41 60797 5 
2332 41 60823 5 
2333 41 60848 5 
2334 41 60870 5 
2335 41 60896 5 
2336 41 60918 5 
2337 41 60939 5 
2338 41 60965 5 
2339 41 60991 5 
2340 41 61020 5 
2341 41 61046 5 
2342 41 61072 5 
2343 41 61098 5 
2344 41 61127 5 
2345 41 61153 5 
2346 41 61180 5 
2347 41 61201 5 
2348 41 61228 5 
2349 41 61249 5 
2350 41 61267 5 
2351 41 61290 5 
2352 41 61308 5 
2353 41 61334 5 
2354 41 61360 5 
2355 41 61385 5 
2356 41 61407 5 
2357 41 61429 5 
2358 41 61450 5 
2359 41 61488 5 
2360 41 61525 5 
2361 41 61562 5 
2362 41 61597 5 
2363 41 61632 5 
2364 41 61667 5 
2365 41 61700 5 
2366 41 61731 5 
2367 41 61763 5 
2368 41 61794 5 
2369 41 61825 5 
2370 41 61856 5 
2371 41 61886 5 
2372 41 61916 5 
2373 41 61945 5 
2374 41 61974 5 
2375 41 62001 5 
2376 41 62028 5 
2377 41 62056 5 
2378 41 62082 5 
2379 41 62112 5 
2380 41 62138 5 
2381 41 62166 5 
2382 41 62193 5 
2383 41 62222 5 
2384 41 62246 5 
2385 41 62271 5 
2386 41 62296 5 
2387 41 62323 5 
2388 41 62348 5 
2389 41 62372 5 
2390 41 62396 5 
2391 41 62420 5 
2392 41 62444 5 
2393 41 62466 5 
2394 41 62479 5 
2395 41 62501 5 
2396 41 62527 5 
2397 41 62548 5 
2398 41 62584 5 
2399 41 62620 5 
2400 41 62654 5 
2401 41 62688 5 
2402 41 62722 5 
2403 39 62752 5 
2404 41 62784 5 
2405 39 62813 5 
2406 39 62842 5 
2407 41 62873 5 
2408 39 62901 5 
2409 39 62928 5 
2410 41 62957 5 
2411 41 62985 5 
2412 41 63013 5 
2413 41 63040 5 
2414 41 63069 5 
2415 41 63098 5 
2416 41 63128 5 
2417 41 63154 5 
2418 39 63176 5 
2419 41 63201 5 
2420 41 63227 5 
2421 41 63255 5 
2422 41 63282 5 
2423 41 63307 5 
2424 41 63334 5 
2425 41 63361 5 
2426 41 63388 5 
2427 41 63413 5 
2428 41 63436 5 
2429 41 63459 5 
2430 41 63485 5 
2431 41 63508 5 
2432 41 63520 5 
2433 41 63546 5 
2434 41 63571 5 
2435 41 63607 5 
2436 41 63642 5 
2437 41 63675 5 
2438 41 63708 5 
2439 41 63741 5 
2440 41 63773 5 
2441 41 63804 5 
2442 41 63835 5 
2443 41 63866 5 
2444 41 63896 5 
2445 41 63926 5 
2446 41 63955 5 
2447 41 63983 5 
2448 41 64011 5 
2449 41 64038 5 
2450 41 64067 5 
2451 41 64097 5 
2452 41 64125 5 
2453 41 64151 5 
2454 41 64177 5 
2455 41 64203 5 
2456 41 64228 5 
2457 41 64256 5 
2458 41 64281 5 
2459 41 64307 5 
2460 41 64331 5 
2461 41 64355 5 
2462 41 64382 5 
2463 41 64407 5 
2464 41 64430 5 
2465 41 64453 5 
2466 41 64476 5 
2467 41 64499 5 
2468 41 64511 5 
2469 41 64537 5 
2470 41 64558 5 
2471 41 64593 5 
2472 41 64627 5 
2473 41 64661 5 
2474 41 64694 5 
2475 41 64727 5 
2476 41 64759 5 
2477 41 64790 5 
2478 41 64821 5 
2479 41 64852 5 
2480 41 64882 5 
2481 41 64912 5 
2482 41 64941 5 
2483 41 64969 5 
2484 41 64997 5 
2485 41 65024 5 
2486 41 65053 5 
2487 41 65083 5 
2488 41 65111 5 
2489 41 65137 5 
2490 41 65164 5 
2491 41 65189 5 
2492 41 65218 5 
2493 41 65242 5 
2494 41 65267 5 
2495 41 65293 5 
2496 41 65317 5 
2497 41 65341 5 
2498 41 65368 5 
2499 41 65393 5 
2500 41 65416 5 
2501 41 65439 5 
2502 41 65462 5 
2503 41 65485 5 
2504 41 65497 5 
2505 41 65523 5 
2506 41 65544 5 
2507 41 65578 5 
2508 41 65611 5 
2509 41 65644 5 
2510 41 65676 5 
2511 41 65707 5 
2512 41 65738 5 
2513 41 65769 5 
2514 41 65799 5 
2515 41 65829 5 
2516 41 65858 5 
2517 41 65886 5 
2518 41 65914 5 
2519 41 65941 5 
2520 41 65970 5 
2521 41 66000 5 
2522 41 66028 5 
2523 41 66054 5 
2524 41 66080 5 
2525 41 66106 5 
2526 41 66131 5 
2527 41 66159 5 
2528 41 66184 5 
2529 41 66210 5 
2530 41 66234 5 
2531 41 66258 5 
2532 41 66285 5 
2533 41 66310 5 
2534 41 66333 5 
2535 41 66356 5 
2536 41 66379 5 
2537 41 66402 5 
2538 41 66414 5 
2539 41 66440 5 
2540 41 66461 5 
2541 39 66492 5 
2542 39 66523 5 
2543 41 66556 5 
2544 41 66588 5 
2545 39 66617 5 
2546 41 66648 5 
2547 41 66679 5 
2548 39 66707 5 
2549 41 66737 5 
2550 41 66766 5 
2551 41 66794 5 
2552 41 66822 5 
2553 41 66849 5 
2554 41 66878 5 
2555 41 66908 5 
2556 41 66936 5 
2557 39 66959 5 
2558 39 66981 5 
2559 41 67008 5 
2560 41 67033 5 
2561 41 67061 5 
2562 41 67088 5 
2563 41 67114 5 
2564 41 67138 5 
2565 41 67162 5 
2566 41 67189 5 
2567 41 67216 5 
2568 41 67242 5 
2569 41 67268 5 
2570 41 67295 5 
2571 41 67318 5 
2572 41 67330 5 
2573 41 67356 5 
2574 41 67377 5 
2575 41 67411 5 
2576 41 67444 5 
2577 41 67476 5 
2578 41 67507 5 
2579 39 67536 5 
2580 39 67564 5 
2581 41 67594 5 
2582 41 67624 5 
2583 41 67653 5 
2584 41 67682 5 
2585 41 67712 5 
2586 41 67739 5 
2587 41 67768 5 
2588 41 67798 5 
2589 41 67826 5 
2590 39 67848 5 
2591 41 67874 5 
2592 41 67900 5 
2593 41 67925 5 
2594 41 67953 5 
2595 41 67978 5 
2596 41 68004 5 
2597 41 68028 5 
2598 41 68054 5 
2599 41 68081 5 
2600 41 68108 5 
2601 41 68135 5 
2602 41 68158 5 
2603 41 68181 5 
2604 41 68204 5 
2605 39 68214 5 
2606 41 68240 5 
2607 41 68265 5 
2608 41 68297 5 
2609 41 68330 5 
2610 41 68362 5 
2611 41 68393 5 
2612 41 68424 5 
2613 41 68455 5 
2614 41 68484 5 
2615 41 68514 5 
2616 41 68543 5 
2617 41 68571 5 
2618 41 68599 5 
2619 41 68626 5 
2620 41 68654 5 
2621 41 68681 5 
2622 41 68707 5 
2623 41 68734 5 
2624 41 68760 5 
2625 41 68787 5 
2626 41 68812 5 
2627 41 68837 5 
2628 41 68862 5 
2629 41 68888 5 
2630 41 68912 5 
2631 41 68936 5 
2632 41 68961 5 
2633 41 68985 5 
2634 41 69008 5 
2635 41 69031 5 
2636 41 69054 5 
2637 41 69077 5 
2638 41 69091 5 
2639 41 69113 5 
2640 41 69134 5 
2641 41 69165 5 
2642 41 69196 5 
2643 41 69227 5 
2644 41 69258 5 
2645 41 69289 5 
2646 41 69320 5 
2647 41 69349 5 
2648 41 69378 5 
2649 41 69406 5 
2650 41 69434 5 
2651 41 69461 5 
2652 41 69490 5 
2653 41 69518 5 
2654 41 69544 5 
2655 41 69571 5 
2656 41 69597 5 
2657 41 69623 5 
2658 41 69649 5 
2659 41 69673 5 
2660 41 69701 5 
2661 41 69728 5 
2662 41 69753 5 
2663 41 69781 5 
2664 41 69805 5 
2665 41 69830 5 
2666 41 69853 5 
2667 41 69877 5 
2668 41 69904 5 
2669 41 69927 5 
2670 41 69939 5 
2671 41 69960 5 
2672 41 69981 5 
2673 39 70010 5 
2674 41 70041 5 
2675 41 70072 5 
2676 41 70103 5 
2677 41 70133 5 
2678 41 70163 5 
2679 41 70192 5 
2680 39 70218 5 
2681 41 70246 5 
2682 41 70275 5 
2683 41 70305 5 
2684 41 70333 5 
2685 41 70362 5 
2686 41 70388 5 
2687 41 70414 5 
2688 41 70442 5 
2689 41 70469 5 
2690 39 70489 5 
2691 41 70516 5 
2692 41 70541 5 
2693 41 70566 5 
2694 41 70593 5 
2695 41 70618 5 
2696 41 70644 5 
2697 41 70667 5 
2698 41 70691 5 
2699 39 70703 5 
2700 41 70728 5 
2701 41 70754 5 
2702 41 70780 5 
2703 41 70801 5 
2704 41 70832 5 
2705 41 70862 5 
2706 41 70893 5 
2707 41 70923 5 
2708 41 70954 5 
2709 41 70984 5 
2710 41 71012 5 
2711 41 71040 5 
2712 41 71070 5 
2713 41 71100 5 
2714 41 71129 5 
2715 41 71155 5 
2716 41 71182 5 
2717 41 71209 5 
2718 41 71236 5 
2719 41 71263 5 
2720 41 71288 5 
2721 41 71315 5 
2722 41 71339 5 
2723 41 71367 5 
2724 41 71392 5 
2725 41 71413 5 
2726 41 71436 5 
2727 41 71460 5 
2728 41 71483 5 
2729 41 71498 5 
2730 41 71524 5 
2731 41 71546 5 
2732 41 71568 5 
2733 41 71590 5 
2734 41 71615 5 
2735 41 71646 5 
2736 41 71676 5 
2737 41 71707 5 
2738 41 71737 5 
2739 41 71767 5 
2740 41 71796 5 
2741 41 71824 5 
2742 41 71852 5 
2743 41 71879 5 
2744 41 71908 5 
2745 41 71938 5 
2746 41 71964 5 
2747 41 71991 5 
2748 41 72020 5 
2749 41 72046 5 
2750 41 72071 5 
2751 41 72097 5 
2752 41 72126 5 
2753 41 72150 5 
2754 41 72176 5 
2755 41 72200 5 
2756 41 72224 5 
2757 41 72248 5 
2758 41 72272 5 
2759 41 72296 5 
2760 41 72323 5 
2761 41 72346 5 
2762 41 72369 5 
2763 41 72381 5 
2764 41 72407 5 
2765 41 72428 5 
2766 41 72459 5 
2767 39 72486 5 
2768 41 72517 5 
2769 41 72548 5 
2770 39 72573 5 
2771 41 72602 5 
2772 41 72631 5 
2773 41 72659 5 
2774 41 72688 5 
2775 41 72718 5 
2776 41 72746 5 
2777 41 72773 5 
2778 41 72800 5 
2779 41 72829 5 
2780 41 72854 5 
2781 41 72881 5 
2782 41 72907 5 
2783 41 72936 5 
2784 41 72961 5 
2785 41 72989 5 
2786 41 73014 5 
2787 41 73038 5 
2788 39 73053 5 
2789 41 73079 5 
2790 41 73102 5 
2791 39 73114 5 
2792 41 73140 5 
2793 41 73167 5 
2794 41 73188 5 
2795 41 73213 5 
2796 41 73246 5 
2797 41 73277 5 
2798 41 73308 5 
2799 41 73338 5 
2800 41 73367 5 
2801 41 73394 5 
2802 41 73422 5 
2803 41 73450 5 
2804 41 73476 5 
2805 41 73505 5 
2806 41 73534 5 
2807 41 73561 5 
2808 41 73588 5 
2809 41 73614 5 
2810 41 73643 5 
2811 41 73669 5 
2812 41 73695 5 
2813 41 73719 5 
2814 41 73745 5 
2815 41 73770 5 
2816 41 73799 5 
2817 41 73819 5 
2818 41 73838 5 
2819 41 73861 5 
2820 41 73884 5 
2821 41 73906 5 
2822 41 73928 5 
2823 41 73950 5 
2824 41 73976 5 
2825 41 73997 5 
2826 41 74027 5 
2827 41 74055 5 
2828 41 74085 5 
2829 41 74113 5 
2830 41 74141 5 
2831 41 74171 5 
2832 41 74200 5 
2833 41 74227 5 
2834 41 74253 5 
2835 41 74280 5 
2836 41 74309 5 
2837 41 74338 5 
2838 41 74365 5 
2839 41 74391 5 
2840 41 74416 5 
2841 41 74442 5 
2842 41 74468 5 
2843 41 74494 5 
2844 41 74520 5 
2845 41 74538 5 
2846 41 74558 5 
2847 41 74577 5 
2848 41 74603 5 
2849 41 74625 5 
2850 41 74648 5 
2851 41 74674 5 
2852 41 74697 5 
2853 41 74722 5 
2854 41 74743 5 
2855 41 74772 5 
2856 41 74801 5 
2857 41 74831 5 
2858 41 74859 5 
2859 41 74887 5 
2860 41 74916 5 
2861 41 74944 5 
2862 41 74973 5 
2863 41 75001 5 
2864 41 75027 5 
2865 41 75052 5 
2866 41 75077 5 
2867 41 75104 5 
2868 41 75129 5 
2869 41 75154 5 
2870 41 75179 5 
2871 41 75205 5 
2872 41 75229 5 
2873 41 75253 5 
2874 41 75276 5 
2875 41 75300 5 
2876 41 75324 5 
2877 41 75348 5 
2878 41 75362 5 
2879 41 75384 5 
2880 41 75406 5 
2881 41 75428 5 
2882 41 75449 5 
2883 41 75477 5 
2884 41 75507 5 
2885 41 75535 5 
2886 41 75564 5 
2887 41 75593 5 
2888 41 75621 5 
2889 41 75650 5 
2890 41 75679 5 
2891 41 75704 5 
2892 41 75731 5 
2893 41 75758 5 
2894 41 75783 5 
2895 41 75811 5 
2896 41 75837 5 
2897 41 75866 5 
2898 41 75890 5 
2899 41 75915 5 
2900 41 75940 5 
2901 41 75967 5 
2902 41 75990 5 
2903 41 76013 5 
2904 41 76040 5 
2905 41 76067 5 
2906 41 76091 5 
2907 41 76114 5 
2908 41 76137 5 
2909 41 76159 5 
2910 41 76169 5 
2911 41 76196 5 
2912 41 76224 5 
2913 41 76253 5 
2914 41 76282 5 
2915 41 76310 5 
2916 41 76338 5 
2917 41 76366 5 
2918 41 76394 5 
2919 41 76420 5 
2920 41 76446 5 
2921 41 76474 5 
2922 41 76501 5 
2923 41 76526 5 
2924 41 76551 5 
2925 41 76578 5 
2926 41 76605 5 
2927 41 76630 5 
2928 41 76658 5 
2929 41 76685 5 
2930 41 76710 5 
2931 41 76733 5 
2932 41 76758 5 
2933 41 76780 5 
2934 41 76803 5 
2935 41 76826 5 
2936 41 76848 5 
2937 41 76858 5 
2938 41 76890 5 
2939 41 76920 5 
2940 41 76950 5 
2941 41 76978 5 
2942 41 77007 5 
2943 41 77036 5 
2944 41 77062 5 
2945 41 77091 5 
2946 41 77117 5 
2947 41 77146 5 
2948 41 77172 5 
2949 41 77198 5 
2950 41 77225 5 
2951 41 77250 5 
2952 41 77279 5 
2953 41 77305 5 
2954 41 77331 5 
2955 41 77357 5 
2956 41 77382 5 
2957 41 77408 5 
2958 41 77428 5 
2959 41 77447 5 
2960 41 77474 5 
2961 41 77497 5 
2962 41 77519 5 
2963 41 77545 5 
2964 41 77567 5 
2965 41 77588 5 
2966 41 77609 5 
2967 41 77642 5 
2968 41 77674 5 
2969 41 77704 5 
2970 41 77734 5 
2971 41 77762 5 
2972 41 77791 5 
2973 41 77818 5 
2974 41 77845 5 
2975 41 77872 5 
2976 41 77901 5 
2977 41 77931 5 
2978 41 77958 5 
2979 41 77984 5 
2980 41 78010 5 
2981 41 78038 5 
2982 41 78064 5 
2983 41 78091 5 
2984 41 78118 5 
2985 41 78141 5 
2986 41 78170 5 
2987 41 78191 5 
2988 41 78215 5 
2989 41 78238 5 
2990 41 78256 5 
2991 41 78279 5 
2992 41 78302 5 
2993 41 78324 5 
2994 41 78346 5 
2995 41 78372 5 
2996 41 78393 5 
2997 41 78421 5 
2998 41 78450 5 
2999 41 78480 5 
3000 41 78510 5 
3001 41 78538 5 
3002 41 78566 5 
3003 41 78594 5 
3004 41 78623 5 
3005 41 78648 5 
3006 41 78677 5 
3007 41 78702 5 
3008 41 78727 5 
3009 41 78755 5 
3010 41 78781 5 
3011 41 78809 5 
3012 41 78833 5 
3013 41 78853 5 
3014 41 78878 5 
3015 41 78903 5 
3016 41 78927 5 
3017 41 78954 5 
3018 41 78981 5 
3019 41 79005 5 
3020 41 79021 5 
3021 41 79043 5 
3022 41 79065 5 
3023 41 79086 5 
3024 41 79111 5 
3025 41 79140 5 
3026 41 79166 5 
3027 41 79192 5 
3028 41 79221 5 
3029 41 79250 5 
3030 41 79279 5 
3031 41 79307 5 
3032 41 79334 5 
3033 41 79358 5 
3034 41 79386 5 
3035 41 79410 5 
3036 41 79437 5 
3037 41 79462 5 
3038 41 79487 5 
3039 41 79512 5 
3040 41 79537 5 
3041 41 79554 5 
3042 41 79581 5 
3043 41 79606 5 
3044 41 79630 5 
3045 41 79653 5 
3046 41 79669 5 
3047 41 79695 5 
3048 41 79721 5 
3049 41 79743 5 
3050 41 79764 5 
3051 41 79792 5 
3052 41 79820 5 
3053 41 79845 5 
3054 41 79874 5 
3055 41 79903 5 
3056 41 79931 5 
3057 41 79958 5 
3058 41 79982 5 
3059 41 80008 5 
3060 41 80036 5 
3061 41 80064 5 
3062 41 80089 5 
3063 41 80115 5 
3064 41 80141 5 
3065 41 80167 5 
3066 41 80185 5 
3067 41 80205 5 
3068 41 80232 5 
3069 41 80255 5 
3070 41 80272 5 
3071 41 80296 5 
3072 41 80319 5 
3073 41 80345 5 
3074 41 80367 5 
3075 41 80393 5 
3076 41 80414 5 
3077 41 80441 5 
3078 41 80470 5 
3079 41 80498 5 
3080 41 80527 5 
3081 41 80556 5 
3082 41 80581 5 
3083 41 80607 5 
3084 41 80636 5 
3085 41 80662 5 
3086 41 80691 5 
3087 41 80714 5 
3088 41 80740 5 
3089 41 80766 5 
3090 41 80788 5 
3091 41 80815 5 
3092 41 80837 5 
3093 41 80862 5 
3094 41 80886 5 
3095 41 80909 5 
3096 41 80935 5 
3097 41 80952 5 
3098 41 80978 5 
3099 41 81000 5 
3100 41 81022 5 
3101 41 81048 5 
3102 41 81069 5 
3103 41 81095 5 
3104 41 81123 5 
3105 41 81153 5 
3106 41 81181 5 
3107 41 81211 5 
3108 41 81239 5 
3109 41 81263 5 
3110 41 81291 5 
3111 41 81320 5 
3112 41 81342 5 
3113 41 81367 5 
3114 41 81393 5 
3115 41 81418 5 
3116 41 81438 5 
3117 41 81463 5 
3118 41 81480 5 
3119 41 81499 5 
3120 41 81525 5 
3121 41 81547 5 
3122 41 81571 5 
3123 41 81594 5 
3124 41 81620 5 
3125 41 81646 5 
3126 41 81668 5 
3127 41 81689 5 
3128 41 81719 5 
3129 41 81749 5 
3130 41 81777 5 
3131 41 81806 5 
3132 41 81833 5 
3133 41 81862 5 
3134 41 81889 5 
3135 41 81916 5 
3136 41 81946 5 
3137 41 81972 5 
3138 41 81998 5 
3139 41 82024 5 
3140 41 82051 5 
3141 41 82079 5 
3142 41 82106 5 
3143 41 82133 5 
3144 41 82156 5 
3145 41 82178 5 
3146 41 82202 5 
3147 41 82230 5 
3148 41 82249 5 
3149 41 82273 5 
3150 41 82295 5 
3151 41 82317 5 
3152 41 82343 5 
3153 41 82365 5 
3154 41 82387 5 
3155 41 82408 5 
3156 41 82435 5 
3157 41 82465 5 
3158 41 82494 5 
3159 41 82522 5 
3160 41 82547 5 
3161 41 82576 5 
3162 41 82602 5 
3163 41 82631 5 
3164 41 82660 5 
3165 41 82687 5 
3166 41 82709 5 
3167 41 82735 5 
3168 41 82761 5 
3169 41 82788 5 
3170 41 82809 5 
3171 41 82828 5 
3172 41 82853 5 
3173 41 82872 5 
3174 41 82894 5 
3175 41 82919 5 
3176 41 82945 5 
3177 41 82967 5 
3178 41 82989 5 
3179 41 83015 5 
3180 41 83036 5 
3181 41 83063 5 
3182 41 83091 5 
3183 41 83120 5 
3184 41 83149 5 
3185 41 83178 5 
3186 41 83203 5 
3187 41 83229 5 
3188 41 83258 5 
3189 41 83284 5 
3190 41 83310 5 
3191 41 83339 5 
3192 41 83362 5 
3193 41 83390 5 
3194 41 83415 5 
3195 41 83437 5 
3196 41 83457 5 
3197 41 83482 5 
3198 41 83508 5 
3199 41 83532 5 
3200 41 83556 5 
3201 41 83573 5 
3202 41 83596 5 
3203 41 83621 5 
3204 41 83643 5 
3205 41 83665 5 
3206 41 83690 5 
3207 41 83716 5 
3208 41 83743 5 
3209 41 83771 5 
3210 41 83797 5 
3211 41 83825 5 
3212 41 83854 5 
3213 41 83881 5 
3214 41 83906 5 
3215 41 83929 5 
3216 41 83956 5 
3217 41 83981 5 
3218 41 84006 5 
3219 41 84032 5 
3220 41 84052 5 
3221 41 84079 5 
3222 41 84106 5 
3223 41 84131 5 
3224 41 84154 5 
3225 41 84171 5 
3226 41 84193 5 
3227 41 84219 5 
3228 41 84244 5 
3229 41 84266 5 
3230 41 84287 5 
3231 41 84316 5 
3232 41 84342 5 
3233 41 84368 5 
3234 41 84397 5 
3235 41 84425 5 
3236 41 84451 5 
3237 41 84480 5 
3238 41 84509 5 
3239 41 84532 5 
3240 41 84558 5 
3241 41 84583 5 
3242 41 84604 5 
3243 41 84630 5 
3244 41 84655 5 
3245 41 84676 5 
3246 41 84701 5 
3247 41 84724 5 
3248 41 84750 5 
3249 41 84767 5 
3250 41 84789 5 
3251 41 84812 5 
3252 41 84837 5 
3253 41 84859 5 
3254 41 84884 5 
3255 41 84914 5 
3256 41 84942 5 
3257 41 84971 5 
3258 41 84998 5 
3259 41 85028 5 
3260 41 85055 5 
3261 41 85082 5 
3262 41 85111 5 
3263 41 85137 5 
3264 41 85163 5 
3265 41 85189 5 
3266 41 85218 5 
3267 41 85244 5 
3268 41 85271 5 
3269 41 85298 5 
3270 41 85321 5 
3271 41 85346 5 
3272 41 85367 5 
3273 41 85387 5 
3274 41 85414 5 
3275 41 85441 5 
3276 41 85465 5 
3277 41 85487 5 
3278 41 85508 5 
3279 41 85530 5 
3280 41 85552 5 
3281 41 85573 5 
3282 41 85599 5 
3283 41 85628 5 
3284 41 85657 5 
3285 41 85683 5 
3286 41 85711 5 
3287 41 85740 5 
3288 41 85766 5 
3289 41 85792 5 
3290 41 85818 5 
3291 41 85844 5 
3292 41 85869 5 
3293 41 85895 5 
3294 41 85916 5 
3295 41 85937 5 
3296 41 85962 5 
3297 41 85987 5 
3298 41 86014 5 
3299 41 86037 5 
3300 41 86064 5 
3301 41 86087 5 
3302 41 86103 5 
3303 41 86128 5 
3304 41 86150 5 
3305 41 86176 5 
3306 41 86197 5 
3307 41 86223 5 
3308 41 86249 5 
3309 41 86278 5 
3310 41 86303 5 
3311 41 86329 5 
3312 41 86358 5 
3313 41 86384 5 
3314 41 86411 5 
3315 41 86440 5 
3316 41 86462 5 
3317 41 86483 5 
3318 41 86509 5 
3319 41 86534 5 
3320 41 86555 5 
3321 41 86580 5 
3322 41 86607 5 
3323 41 86625 5 
3324 41 86648 5 
3325 41 86674 5 
3326 41 86697 5 
3327 41 86718 5 
3328 41 86739 5 
3329 41 86764 5 
3330 41 86790 5 
3331 41 86819 5 
3332 41 86844 5 
3333 41 86870 5 
3334 41 86899 5 
3335 41 86925 5 
3336 41 86951 5 
3337 41 86977 5 
3338 41 87004 5 
3339 41 87031 5 
3340 41 87053 5 
3341 41 87079 5 
3342 41 87101 5 
3343 41 87120 5 
3344 41 87146 5 
3345 41 87165 5 
3346 41 87191 5 
3347 41 87214 5 
3348 41 87240 5 
3349 41 87262 5 
3350 41 87284 5 
3351 41 87309 5 
3352 41 87330 5 
3353 41 87356 5 
3354 41 87382 5 
3355 41 87411 5 
3356 41 87437 5 
3357 41 87466 5 
3358 41 87492 5 
3359 41 87518 5 
3360 41 87547 5 
3361 41 87572 5 
3362 41 87598 5 
3363 41 87623 5 
3364 41 87650 5 
3365 41 87670 5 
3366 41 87691 5 
3367 41 87716 5 
3368 41 87733 5 
3369 41 87758 5 
3370 41 87780 5 
3371 41 87806 5 
3372 41 87829 5 
3373 41 87850 5 
3374 41 87876 5 
3375 41 87897 5 
3376 41 87923 5 
3377 41 87949 5 
3378 41 87977 5 
3379 41 88006 5 
3380 41 88032 5 
3381 41 88058 5 
3382 41 88084 5 
3383 41 88110 5 
3384 41 88136 5 
3385 41 88159 5 
3386 41 88185 5 
3387 41 88211 5 
3388 41 88232 5 
3389 41 88257 5 
3390 41 88285 5 
3391 41 88302 5 
3392 41 88320 5 
3393 41 88346 5 
3394 41 88372 5 
3395 41 88397 5 
3396 41 88420 5 
3397 41 88441 5 
3398 41 88462 5 
3399 39 88478 5 
3400 41 88505 5 
3401 41 88532 5 
3402 41 88559 5 
3403 41 88577 5 
3404 41 88604 5 
3405 41 88633 5 
3406 39 88644 5 
3407 41 88667 5 
3408 39 88676 5 
3409 41 88701 5 
3410 41 88726 5 
3411 41 88755 5 
3412 41 88783 5 
3413 41 88811 5 
3414 41 88838 5 
3415 41 88865 5 
3416 41 88895 5 
3417 41 88924 5 
3418 41 88950 5 
3419 41 88979 5 
3420 41 89005 5 
3421 41 89031 5 
3422 41 89057 5 
3423 41 89082 5 
3424 41 89109 5 
3425 41 89134 5 
3426 41 89159 5 
3427 41 89180 5 
3428 41 89200 5 
3429 41 89227 5 
3430 41 89254 5 
3431 41 89277 5 
3432 41 89299 5 
3433 41 89321 5 
3434 41 89343 5 
3435 41 89365 5 
3436 41 89386 5 
3437 41 89412 5 
3438 41 89438 5 
3439 41 89467 5 
3440 41 89493 5 
3441 41 89519 5 
3442 41 89548 5 
3443 41 89574 5 
3444 41 89600 5 
3445 41 89624 5 
3446 41 89650 5 
3447 41 89670 5 
3448 41 89696 5 
3449 41 89716 5 
3450 41 89733 5 
3451 41 89755 5 
3452 41 89781 5 
3453 41 89806 5 
3454 41 89829 5 
3455 41 89855 5 
3456 41 89876 5 
3457 41 89897 5 
3458 41 89934 5 
3459 39 89968 5 
3460 41 90002 5 
3461 41 90036 5 
3462 41 90070 5 
3463 41 90102 5 
3464 41 90134 5 
3465 39 90163 5 
3466 41 90194 5 
3467 39 90223 5 
3468 39 90251 5 
3469 41 90279 5 
3470 39 90306 5 
3471 41 90334 5 
3472 41 90363 5 
3473 41 90390 5 
3474 41 90419 5 
3475 39 90443 5 
3476 41 90468 5 
3477 41 90496 5 
3478 41 90525 5 
3479 41 90554 5 
3480 41 90581 5 
3481 41 90605 5 
3482 41 90630 5 
3483 41 90657 5 
3484 41 90684 5 
3485 41 90711 5 
3486 41 90736 5 
3487 41 90759 5 
3488 41 90786 5 
3489 41 90810 5 
3490 41 90832 5 
3491 41 90858 5 
3492 41 90870 5 
3493 41 90896 5 
3494 41 90921 5 
3495 41 90957 5 
3496 41 90992 5 
3497 41 91027 5 
3498 41 91062 5 
3499 39 91093 5 
3500 41 91125 5 
3501 41 91157 5 
3502 39 91186 5 
3503 41 91217 5 
3504 39 91246 5 
3505 39 91274 5 
3506 41 91302 5 
3507 39 91329 5 
3508 41 91357 5 
3509 41 91386 5 
3510 41 91413 5 
3511 41 91442 5 
3512 41 91468 5 
3513 39 91491 5 
3514 41 91519 5 
3515 41 91548 5 
3516 41 91577 5 
3517 41 91604 5 
3518 41 91630 5 
3519 41 91653 5 
3520 41 91680 5 
3521 41 91707 5 
3522 41 91734 5 
3523 41 91759 5 
3524 41 91782 5 
3525 41 91809 5 
3526 41 91833 5 
3527 41 91855 5 
3528 41 91881 5 
3529 41 91893 5 
3530 41 91919 5 
3531 41 91944 5 
3532 41 91979 5 
3533 41 92014 5 
3534 39 92045 5 
3535 41 92077 5 
3536 41 92109 5 
3537 39 92138 5 
3538 41 92169 5 
3539 39 92198 5 
3540 39 92226 5 
3541 41 92254 5 
3542 39 92281 5 
3543 41 92309 5 
3544 41 92338 5 
3545 41 92365 5 
3546 41 92394 5 
3547 41 92420 5 
3548 39 92443 5 
3549 41 92471 5 
3550 41 92500 5 
3551 41 92529 5 
3552 41 92556 5 
3553 41 92580 5 
3554 41 92605 5 
3555 41 92632 5 
3556 41 92659 5 
3557 41 92686 5 
3558 41 92711 5 
3559 41 92734 5 
3560 41 92761 5 
3561 41 92785 5 
3562 41 92807 5 
3563 41 92833 5 
3564 41 92860 5 
3565 41 92871 5 
3566 41 92896 5 
3567 37 92926 6 
3568 41 92961 6 
3569 37 92990 6 
3570 41 93022 6 
3571 41 93054 6 
3572 37 93081 6 
3573 41 93112 6 
3574 37 93139 6 
3575 37 93165 6 
3576 41 93193 6 
3577 37 93218 6 
3578 41 93246 6 
3579 41 93275 6 
3580 41 93302 6 
3581 41 93331 6 
3582 37 93352 6 
3583 37 93373 6 
3584 41 93401 6 
3585 41 93430 6 
3586 41 93459 6 
3587 41 93487 6 
3588 37 93505 6 
3589 41 93532 6 
3590 41 93559 6 
3591 41 93586 6 
3592 41 93613 6 
3593 41 93640 6 
3594 41 93666 6 
3595 41 93693 6 
3596 41 93720 6 
3597 41 93746 6 
3598 41 93772 6 
3599 40 93783 7 
3600 41 93809 7 
3601 41 93834 7 
3602 41 93870 7 
3603 39 93902 7 
3604 41 93935 7 
3605 41 93966 7 
3606 41 93998 7 
3607 39 94027 7 
3608 41 94058 7 
3609 39 94087 7 
3610 39 94115 7 
3611 41 94143 7 
3612 39 94170 7 
3613 41 94198 7 
3614 41 94227 7 
3615 41 94254 7 
3616 41 94283 7 
3617 41 94309 7 
3618 39 94332 7 
3619 41 94360 7 
3620 41 94389 7 
3621 41 94418 7 
3622 41 94445 7 
3623 41 94469 7 
3624 41 94494 7 
3625 41 94521 7 
3626 41 94548 7 
3627 41 94575 7 
3628 41 94600 7 
3629 41 94623 7 
3630 41 94650 7 
3631 41 94674 7 
3632 41 94696 7 
3633 41 94722 7 
3634 41 94734 7 
3635 41 94760 7 
3636 41 94785 7 
3637 39 94817 7 
3638 39 94847 7 
3639 39 94877 7 
3640 37 94904 7 
3641 39 94933 7 
3642 35 94957 8 
3643 35 94981 8 
3644 39 95008 8 
3645 37 95033 8 
3646 39 95059 8 
3647 39 95086 8 
3648 39 95113 8 
3649 39 95140 8 
3650 35 95158 8 
3651 35 95177 8 
3652 39 95203 8 
3653 39 95230 8 
3654 39 95257 8 
3655 39 95282 8 
3656 39 95304 8 
3657 39 95327 8 
3658 39 95352 8 
3659 39 95377 8 
3660 39 95400 8 
3661 39 95421 8 
3662 39 95446 8 
3663 39 95470 8 
3664 39 95494 8 
3665 39 95518 8 
3666 37 95527 8 
3667 39 95551 8 
3668 41 95582 8 
3669 41 95614 8 
3670 39 95643 8 
3671 41 95674 8 
3672 39 95703 8 
3673 39 95731 8 
3674 41 95759 8 
3675 39 95786 8 
3676 41 95814 8 
3677 41 95843 8 
3678 41 95870 8 
3679 41 95899 8 
3680 41 95925 8 
3681 39 95948 8 
3682 41 95976 8 
3683 41 96005 8 
3684 41 96034 8 
3685 41 96059 8 
3686 41 96085 8 
3687 41 96110 8 
3688 41 96137 8 
3689 41 96164 8 
3690 41 96191 8 
3691 41 96216 8 
3692 41 96239 8 
3693 41 96266 8 
3694 41 96290 8 
3695 41 96312 8 
3696 41 96338 8 
3697 41 96350 8 
3698 41 96376 8 
3699 41 96401 8 
3700 41 96432 8 
3701 41 96463 8 
3702 39 96492 8 
3703 39 96521 8 
3704 41 96552 8 
3705 39 96580 8 
3706 41 96608 8 
3707 41 96637 8 
3708 41 96667 8 
3709 41 96695 8 
3710 41 96724 8 
3711 39 96748 8 
3712 41 96774 8 
3713 39 96797 8 
3714 41 96826 8 
3715 41 96853 8 
3716 41 96878 8 
3717 41 96903 8 
3718 41 96930 8 
3719 41 96958 8 
3720 41 96983 8 
3721 41 97011 8 
3722 41 97038 8 
3723 41 97062 8 
3724 41 97089 8 
3725 41 97116 8 
3726 41 97142 8 
3727 41 97169 8 
3728 41 97192 8 
3729 41 97214 8 
3730 41 97225 8 
3731 41 97250 8 
3732 35 97275 8 
3733 39 97304 8 
3734 39 97333 8 
3735 39 97361 8 
3736 35 97385 8 
3737 37 97410 8 
3738 39 97437 8 
3739 39 97464 8 
3740 39 97490 8 
3741 39 97517 8 
3742 39 97544 8 
3743 39 97568 8 
3744 35 97587 8 
3745 39 97613 8 
3746 39 97640 8 
3747 39 97667 8 
3748 39 97692 8 
3749 39 97718 8 
3750 39 97743 8 
3751 35 97758 8 
3752 39 97783 8 
3753 39 97806 8 
3754 39 97831 8 
3755 39 97853 8 
3756 39 97874 8 
3757 39 97898 8 
3758 37 97908 8 
3759 39 97932 8 
3760 39 97955 8 
3761 41 97986 8 
3762 39 98014 8 
3763 41 98044 8 
3764 39 98073 8 
3765 41 98102 8 
3766 39 98130 8 
3767 41 98158 8 
3768 41 98186 8 
3769 39 98211 8 
3770 39 98236 8 
3771 41 98265 8 
3772 41 98294 8 
3773 41 98323 8 
3774 41 98348 8 
3775 41 98375 8 
3776 41 98403 8 
3777 41 98428 8 
3778 41 98455 8 
3779 41 98483 8 
3780 41 98509 8 
3781 41 98533 8 
3782 41 98560 8 
3783 41 98585 8 
3784 41 98608 8 
3785 41 98635 8 
3786 41 98659 8 
3787 41 98682 8 
3788 41 98708 8 
3789 41 98720 8 
3790 41 98746 8 
3791 41 98771 8 
3792 39 98800 8 
3793 39 98829 8 
3794 37 98856 8 
3795 39 98884 8 
3796 41 98913 8 
3797 35 98937 8 
3798 39 98964 8 
3799 39 98991 8 
3800 39 99018 8 
3801 35 99037 8 
3802 37 99060 8 
3803 39 99087 8 
3804 39 99114 8 
3805 39 99140 8 
3806 39 99163 8 
3807 39 99187 8 
3808 39 99212 8 
3809 39 99237 8 
3810 39 99264 8 
3811 39 99289 8 
3812 35 99303 8 
3813 39 99328 8 
3814 39 99351 8 
3815 39 99372 8 
3816 39 99396 8 
3817 37 99407 8 
3818 39 99430 8 
3819 39 99453 8 
3820 39 99477 8 
3821 35 99502 8 
3822 39 99529 8 
3823 39 99556 8 
3824 39 99583 8 
3825 41 99611 8 
3826 35 99634 8 
3827 39 99660 8 
3828 39 99687 8 
3829 39 99714 8 
3830 39 99739 8 
3831 37 99761 8 
3832 39 99787 8 
3833 39 99814 8 
3834 39 99839 8 
3835 39 99865 8 
3836 39 99890 8 
3837 39 99917 8 
3838 39 99942 8 
3839 39 99967 8 
3840 39 99989 8 
3841 39 100012 8 
3842 39 100038 8 
3843 39 100063 8 
3844 35 100073 8 
3845 37 100084 8 
3846 39 100108 8 
3847 39 100131 8 
3848 39 100154 8 
3849 41 100183 8 
3850 41 100212 8 
3851 41 100241 8 
3852 41 100270 8 
3853 41 100298 8 
3854 41 100328 8 
3855 41 100356 8 
3856 41 100381 8 
3857 41 100408 8 
3858 41 100435 8 
3859 41 100462 8 
3860 41 100490 8 
3861 41 100519 8 
3862 41 100544 8 
3863 41 100572 8 
3864 41 100597 8 
3865 41 100622 8 
3866 41 100646 8 
3867 41 100671 8 
3868 41 100694 8 
3869 41 100718 8 
3870 41 100745 8 
3871 41 100769 8 
3872 41 100792 8 
3873 41 100805 8 
3874 41 100831 8 
3875 41 100853 8 
3876 41 100874 8 
3877 39 100903 8 
3878 39 100932 8 
3879 35 100953 8 
3880 39 100981 8 
3881 39 101009 8 
3882 39 101036 8 
3883 39 101061 8 
3884 35 101078 8 
3885 39 101103 8 
3886 39 101129 8 
3887 39 101156 8 
3888 39 101183 8 
3889 39 101207 8 
3890 39 101232 8 
3891 39 101258 8 
3892 39 101278 8 
3893 39 101303 8 
3894 39 101325 8 
3895 39 101351 8 
3896 39 101374 8 
3897 39 101395 8 
3898 39 101419 8 
3899 37 101431 8 
3900 39 101456 8 
3901 39 101479 8 
3902 39 101502 8 
3903 39 101525 8 
3904 41 101553 8 
3905 41 101582 8 
3906 41 101611 8 
3907 41 101640 8 
3908 39 101666 8 
3909 41 101694 8 
3910 41 101723 8 
3911 41 101750 8 
3912 39 101774 8 
3913 41 101803 8 
3914 41 101830 8 
3915 41 101858 8 
3916 41 101884 8 
3917 39 101905 8 
3918 41 101932 8 
3919 41 101959 8 
3920 41 101984 8 
3921 41 102011 8 
3922 41 102038 8 
3923 41 102066 8 
3924 41 102093 8 
3925 41 102116 8 
3926 41 102142 8 
3927 41 102169 8 
3928 41 102196 8 
3929 41 102219 8 
3930 41 102241 8 
3931 41 102251 8 
3932 41 102282 8 
3933 41 102313 8 
3934 41 102343 8 
3935 41 102372 8 
3936 41 102400 8 
3937 41 102428 8 
3938 41 102456 8 
3939 41 102482 8 
3940 41 102511 8 
3941 41 102540 8 
3942 41 102567 8 
3943 41 102595 8 
3944 41 102622 8 
3945 41 102651 8 
3946 41 102677 8 
3947 41 102705 8 
3948 41 102729 8 
3949 41 102755 8 
3950 41 102780 8 
3951 39 102797 8 
3952 41 102825 8 
3953 41 102844 8 
3954 41 102870 8 
3955 41 102896 8 
3956 41 102919 8 
3957 41 102941 8 
3958 41 102962 8 
3959 41 102988 8 
3960 41 103013 8 
3961 41 103041 8 
3962 41 103068 8 
3963 41 103097 8 
3964 39 103123 8 
3965 41 103151 8 
3966 41 103180 8 
3967 41 103209 8 
3968 39 103232 8 
3969 41 103259 8 
3970 41 103286 8 
3971 41 103311 8 
3972 41 103340 8 
3973 41 103368 8 
3974 39 103389 8 
3975 41 103417 8 
3976 41 103442 8 
3977 41 103468 8 
3978 41 103495 8 
3979 41 103522 8 
3980 41 103549 8 
3981 41 103576 8 
3982 41 103599 8 
3983 41 103626 8 
3984 41 103653 8 
3985 41 103676 8 
3986 41 103698 8 
3987 41 103708 8 
3988 41 103740 8 
3989 39 103768 8 
3990 41 103798 8 
3991 41 103827 8 
3992 41 103856 8 
3993 41 103883 8 
3994 41 103910 8 
3995 41 103937 8 
3996 41 103966 8 
3997 41 103993 8 
3998 41 104022 8 
3999 41 104050 8 
4000 41 104076 8 
4001 41 104105 8 
4002 41 104133 8 
4003 41 104160 8 
4004 41 104184 8 
4005 39 104203 8 
4006 41 104228 8 
4007 41 104252 8 
4008 41 104279 8 
4009 41 104307 8 
4010 41 104325 8 
4011 41 104351 8 
4012 41 104373 8 
4013 41 104396 8 
4014 41 104417 8 
4015 41 104443 8 
4016 41 104468 8 
4017 41 104497 8 
4018 41 104523 8 
4019 39 104547 8 
4020 39 104573 8 
4021 41 104602 8 
4022 41 104631 8 
4023 41 104659 8 
4024 41 104688 8 
4025 41 104712 8 
4026 39 104732 8 
4027 41 104759 8 
4028 41 104784 8 
4029 41 104812 8 
4030 41 104838 8 
4031 41 104862 8 
4032 41 104889 8 
4033 41 104906 8 
4034 41 104933 8 
4035 41 104958 8 
4036 41 104982 8 
4037 41 105008 8 
4038 41 105024 8 
4039 41 105050 8 
4040 41 105076 8 
4041 41 105101 8 
4042 41 105126 8 
4043 39 105152 8 
4044 39 105178 8 
4045 35 105198 8 
4046 39 105224 8 
4047 39 105248 8 
4048 39 105274 8 
4049 35 105289 8 
4050 39 105316 8 
4051 39 105341 8 
4052 39 105364 8 
4053 39 105390 8 
4054 39 105415 8 
4055 39 105440 8 
4056 39 105463 8 
4057 39 105485 8 
4058 39 105510 8 
4059 39 105531 8 
4060 39 105556 8 
4061 37 105568 8 
4062 39 105592 8 
4063 39 105616 8 
4064 39 105639 8 
4065 39 105662 8 
4066 41 105692 8 
4067 41 105722 8 
4068 41 105750 8 
4069 41 105779 8 
4070 41 105807 8 
4071 41 105834 8 
4072 41 105861 8 
4073 41 105890 8 
4074 41 105918 8 
4075 41 105948 8 
4076 41 105976 8 
4077 41 106003 8 
4078 41 106029 8 
4079 41 106057 8 
4080 41 106085 8 
4081 41 106111 8 
4082 41 106134 8 
4083 39 106152 8 
4084 41 106176 8 
4085 41 106204 8 
4086 41 106228 8 
4087 41 106246 8 
4088 41 106269 8 
4089 41 106294 8 
4090 41 106320 8 
4091 41 106342 8 
4092 41 106367 8 
4093 41 106392 8 
4094 41 106424 8 
4095 41 106454 8 
4096 41 106484 8 
4097 41 106512 8 
4098 41 106541 8 
4099 41 106570 8 
4100 41 106597 8 
4101 41 106623 8 
4102 41 106652 8 
4103 41 106681 8 
4104 41 106707 8 
4105 41 106735 8 
4106 41 106762 8 
4107 41 106791 8 
4108 41 106819 8 
4109 41 106844 8 
4110 41 106870 8 
4111 41 106896 8 
4112 41 106921 8 
4113 41 106949 8 
4114 41 106969 8 
4115 39 106984 8 
4116 41 107011 8 
4117 41 107034 8 
4118 41 107060 8 
4119 41 107082 8 
4120 41 107108 8 
4121 41 107129 8 
4122 41 107154 8 
4123 41 107186 8 
4124 41 107216 8 
4125 41 107246 8 
4126 41 107274 8 
4127 41 107303 8 
4128 41 107331 8 
4129 41 107358 8 
4130 41 107385 8 
4131 41 107415 8 
4132 41 107444 8 
4133 41 107471 8 
4134 41 107499 8 
4135 41 107527 8 
4136 41 107553 8 
4137 41 107581 8 
4138 41 107609 8 
4139 41 107635 8 
4140 41 107658 8 
4141 39 107676 8 
4142 41 107700 8 
4143 41 107728 8 
4144 41 107754 8 
4145 41 107772 8 
4146 41 107795 8 
4147 41 107818 8 
4148 41 107840 8 
4149 41 107865 8 
4150 41 107891 8 
4151 41 107916 8 
4152 41 107943 8 
4153 41 107974 8 
4154 41 108003 8 
4155 41 108031 8 
4156 41 108061 8 
4157 41 108090 8 
4158 41 108115 8 
4159 41 108144 8 
4160 41 108170 8 
4161 41 108199 8 
4162 41 108227 8 
4163 41 108250 8 
4164 41 108277 8 
4165 41 108305 8 
4166 41 108332 8 
4167 41 108354 8 
4168 41 108379 8 
4169 41 108407 8 
4170 39 108423 8 
4171 39 108438 8 
4172 41 108460 8 
4173 41 108486 8 
4174 41 108511 8 
4175 41 108536 8 
4176 41 108561 8 
4177 41 108587 8 
4178 41 108612 8 
4179 41 108638 8 
4180 41 108665 8 
4181 41 108689 8 
4182 41 108717 8 
4183 41 108746 8 
4184 41 108774 8 
4185 39 108795 8 
4186 41 108823 8 
4187 41 108849 8 
4188 41 108877 8 
4189 41 108904 8 
4190 41 108928 8 
4191 41 108956 8 
4192 39 108973 8 
4193 41 108990 8 
4194 41 109017 8 
4195 41 109043 8 
4196 41 109060 8 
4197 41 109084 8 
4198 41 109107 8 
4199 41 109133 8 
4200 41 109158 8 
4201 41 109184 8 
4202 41 109209 8 
4203 41 109236 8 
4204 41 109265 8 
4205 41 109293 8 
4206 41 109323 8 
4207 41 109348 8 
4208 41 109374 8 
4209 41 109403 8 
4210 41 109431 8 
4211 41 109460 8 
4212 41 109488 8 
4213 41 109510 8 
4214 41 109538 8 
4215 39 109558 8 
4216 41 109583 8 
4217 41 109610 8 
4218 41 109631 8 
4219 41 109656 8 
4220 41 109679 8 
4221 39 109693 8 
4222 41 109719 8 
4223 41 109744 8 
4224 41 109769 8 
4225 41 109794 8 
4226 41 109820 8 
4227 41 109845 8 
4228 41 109875 8 
4229 41 109903 8 
4230 41 109932 8 
4231 41 109960 8 
4232 41 109988 8 
4233 41 110014 8 
4234 41 110043 8 
4235 41 110072 8 
4236 41 110098 8 
4237 41 110126 8 
4238 41 110153 8 
4239 41 110182 8 
4240 41 110210 8 
4241 41 110235 8 
4242 41 110261 8 
4243 39 110280 8 
4244 41 110305 8 
4245 41 110332 8 
4246 41 110356 8 
4247 41 110375 8 
4248 41 110402 8 
4249 41 110425 8 
4250 41 110451 8 
4251 41 110473 8 
4252 41 110499 8 
4253 41 110520 8 
4254 41 110545 8 
4255 41 110575 8 
4256 41 110603 8 
4257 41 110632 8 
4258 41 110660 8 
4259 41 110687 8 
4260 41 110716 8 
4261 41 110743 8 
4262 41 110771 8 
4263 41 110800 8 
4264 41 110829 8 
4265 41 110855 8 
4266 41 110882 8 
4267 41 110910 8 
4268 41 110937 8 
4269 39 110957 8 
4270 41 110983 8 
4271 41 111005 8 
4272 41 111029 8 
4273 41 111056 8 
4274 41 111081 8 
4275 41 111099 8 
4276 41 111121 8 
4277 41 111147 8 
4278 41 111169 8 
4279 41 111195 8 
4280 41 111220 8 
4281 41 111245 8 
4282 41 111275 8 
4283 41 111303 8 
4284 41 111332 8 
4285 41 111360 8 
4286 41 111387 8 
4287 41 111414 8 
4288 41 111443 8 
4289 41 111472 8 
4290 41 111499 8 
4291 41 111527 8 
4292 41 111556 8 
4293 41 111582 8 
4294 41 111610 8 
4295 41 111637 8 
4296 41 111664 8 
4297 41 111687 8 
4298 39 111705 8 
4299 41 111732 8 
4300 41 111756 8 
4301 41 111783 8 
4302 41 111801 8 
4303 41 111824 8 
4304 41 111847 8 
4305 41 111872 8 
4306 41 111894 8 
4307 41 111920 8 
4308 41 111945 8 
4309 41 111971 8 
4310 41 112000 8 
4311 41 112029 8 
4312 41 112055 8 
4313 41 112084 8 
4314 41 112110 8 
4315 41 112139 8 
4316 41 112168 8 
4317 41 112197 8 
4318 41 112223 8 
4319 41 112248 8 
4320 41 112276 8 
4321 41 112297 8 
4322 41 112321 8 
4323 41 112347 8 
4324 39 112364 8 
4325 41 112391 8 
4326 39 112406 8 
4327 41 112431 8 
4328 41 112453 8 
4329 41 112479 8 
4330 41 112504 8 
4331 41 112529 8 
4332 41 112555 8 
4333 41 112580 8 
4334 41 112606 8 
4335 41 112632 8 
4336 41 112661 8 
4337 41 112686 8 
4338 41 112715 8 
4339 41 112741 8 
4340 41 112770 8 
4341 41 112798 8 
4342 41 112825 8 
4343 41 112847 8 
4344 41 112873 8 
4345 41 112901 8 
4346 41 112923 8 
4347 39 112940 8 
4348 41 112966 8 
4349 39 112981 8 
4350 41 113007 8 
4351 41 113030 8 
4352 41 113055 8 
4353 41 113081 8 
4354 41 113106 8 
4355 41 113131 8 
4356 41 113156 8 
4357 41 113186 8 
4358 41 113214 8 
4359 41 113243 8 
4360 41 113271 8 
4361 41 113298 8 
4362 41 113325 8 
4363 41 113355 8 
4364 41 113383 8 
4365 41 113412 8 
4366 41 113438 8 
4367 41 113464 8 
4368 41 113493 8 
4369 41 113521 8 
4370 41 113548 8 
4371 41 113575 8 
4372 41 113598 8 
4373 41 113623 8 
4374 41 113644 8 
4375 39 113660 8 
4376 41 113687 8 
4377 41 113714 8 
4378 41 113740 8 
4379 41 113765 8 
4380 41 113791 8 
4381 41 113814 8 
4382 41 113835 8 
4383 41 113856 8 
4384 41 113882 8 
4385 41 113911 8 
4386 41 113937 8 
4387 41 113966 8 
4388 41 113995 8 
4389 41 114021 8 
4390 41 114047 8 
4391 41 114076 8 
4392 41 114105 8 
4393 41 114130 8 
4394 41 114158 8 
4395 41 114183 8 
4396 41 114208 8 
4397 41 114228 8 
4398 39 114245 8 
4399 41 114272 8 
4400 41 114295 8 
4401 41 114321 8 
4402 39 114334 8 
4403 41 114359 8 
4404 41 114385 8 
4405 41 114410 8 
4406 41 114436 8 
4407 41 114461 8 
4408 41 114487 8 
4409 41 114513 8 
4410 41 114538 8 
4411 41 114567 8 
4412 41 114593 8 
4413 41 114622 8 
4414 41 114648 8 
4415 41 114675 8 
4416 41 114704 8 
4417 41 114726 8 
4418 39 114744 8 
4419 41 114769 8 
4420 41 114790 8 
4421 41 114817 8 
4422 39 114832 8 
4423 41 114855 8 
4424 41 114881 8 
4425 41 114906 8 
4426 41 114932 8 
4427 41 114957 8 
4428 41 114982 8 
4429 41 115007 8 
4430 41 115035 8 
4431 41 115064 8 
4432 41 115092 8 
4433 41 115119 8 
4434 41 115148 8 
4435 41 115175 8 
4436 41 115204 8 
4437 41 115230 8 
4438 41 115259 8 
4439 41 115285 8 
4440 41 115314 8 
4441 41 115342 8 
4442 41 115370 8 
4443 41 115396 8 
4444 41 115422 8 
4445 41 115444 8 
4446 39 115461 8 
4447 41 115481 8 
4448 41 115507 8 
4449 41 115534 8 
4450 41 115560 8 
4451 41 115586 8 
4452 41 115612 8 
4453 41 115634 8 
4454 41 115656 8 
4455 41 115677 8 
4456 37 115691 8 
4457 41 115718 8 
4458 41 115745 8 
4459 41 115772 8 
4460 41 115796 8 
4461 41 115825 8 
4462 41 115852 8 
4463 37 115861 8 
4464 41 115888 8 
4465 37 115895 8 
4466 41 115920 8 
4467 41 115945 8 
4468 41 115974 8 
4469 41 116003 8 
4470 41 116031 8 
4471 41 116058 8 
4472 41 116085 8 
4473 41 116114 8 
4474 41 116144 8 
4475 41 116172 8 
4476 41 116198 8 
4477 41 116227 8 
4478 41 116253 8 
4479 41 116281 8 
4480 41 116306 8 
4481 41 116332 8 
4482 41 116358 8 
4483 41 116380 8 
4484 41 116404 8 
4485 39 116420 8 
4486 41 116447 8 
4487 41 116473 8 
4488 41 116500 8 
4489 41 116523 8 
4490 41 116544 8 
4491 41 116570 8 
4492 41 116595 8 
4493 41 116616 8 
4494 41 116645 8 
4495 41 116673 8 
4496 41 116700 8 
4497 41 116727 8 
4498 41 116756 8 
4499 41 116785 8 
4500 41 116814 8 
4501 41 116840 8 
4502 41 116869 8 
4503 41 116895 8 
4504 41 116923 8 
4505 41 116948 8 
4506 41 116974 8 
4507 41 117000 8 
4508 41 117022 8 
4509 39 117039 8 
4510 41 117062 8 
4511 41 117089 8 
4512 41 117115 8 
4513 41 117141 8 
4514 41 117167 8 
4515 41 117189 8 
4516 41 117211 8 
4517 41 117237 8 
4518 41 117258 8 
4519 41 117294 8 
4520 41 117330 8 
4521 41 117364 8 
4522 41 117398 8 
4523 41 117431 8 
4524 41 117464 8 
4525 41 117496 8 
4526 41 117527 8 
4527 41 117558 8 
4528 41 117589 8 
4529 41 117620 8 
4530 41 117648 8 
4531 41 117677 8 
4532 41 117705 8 
4533 41 117734 8 
4534 41 117761 8 
4535 41 117789 8 
4536 41 117815 8 
4537 41 117844 8 
4538 41 117870 8 
4539 41 117899 8 
4540 41 117928 8 
4541 41 117955 8 
4542 41 117981 8 
4543 41 118004 8 
4544 41 118029 8 
4545 41 118054 8 
4546 41 118078 8 
4547 41 118103 8 
4548 41 118126 8 
4549 41 118153 8 
4550 41 118177 8 
4551 41 118199 8 
4552 41 118222 8 
4553 41 118234 8 
4554 41 118260 8 
4555 41 118281 8 
4556 41 118318 8 
4557 41 118352 8 
4558 39 118384 8 
4559 41 118417 8 
4560 41 118450 8 
4561 41 118482 8 
4562 41 118513 8 
4563 39 118542 8 
4564 39 118570 8 
4565 41 118600 8 
4566 41 118630 8 
4567 41 118659 8 
4568 41 118687 8 
4569 41 118716 8 
4570 41 118745 8 
4571 41 118773 8 
4572 39 118795 8 
4573 41 118822 8 
4574 41 118850 8 
4575 41 118879 8 
4576 41 118908 8 
4577 41 118935 8 
4578 41 118959 8 
4579 41 118984 8 
4580 41 119009 8 
4581 41 119036 8 
4582 41 119060 8 
4583 41 119085 8 
4584 41 119108 8 
4585 41 119135 8 
4586 41 119161 8 
4587 41 119187 8 
4588 41 119210 8 
4589 39 119220 8 
4590 41 119246 8 
4591 41 119271 8 
4592 41 119305 8 
4593 41 119338 8 
4594 41 119371 8 
4595 41 119403 8 
4596 41 119434 8 
4597 41 119465 8 
4598 41 119496 8 
4599 41 119527 8 
4600 41 119555 8 
4601 41 119584 8 
4602 41 119612 8 
4603 41 119641 8 
4604 41 119668 8 
4605 41 119696 8 
4606 41 119722 8 
4607 41 119749 8 
4608 41 119777 8 
4609 41 119806 8 
4610 41 119835 8 
4611 41 119862 8 
4612 41 119886 8 
4613 41 119911 8 
4614 41 119936 8 
4615 41 119961 8 
4616 41 119985 8 
4617 41 120010 8 
4618 41 120033 8 
4619 41 120060 8 
4620 41 120084 8 
4621 41 120106 8 
4622 41 120129 8 
4623 41 120156 8 
4624 41 120167 8 
4625 41 120188 8 
4626 39 120219 8 
4627 41 120252 8 
4628 41 120285 8 
4629 41 120317 8 
4630 39 120346 8 
4631 41 120377 8 
4632 41 120408 8 
4633 41 120439 8 
4634 41 120467 8 
4635 39 120494 8 
4636 41 120522 8 
4637 41 120551 8 
4638 41 120578 8 
4639 41 120606 8 
4640 39 120629 8 
4641 41 120656 8 
4642 41 120684 8 
4643 41 120713 8 
4644 41 120742 8 
4645 41 120770 8 
4646 39 120790 8 
4647 41 120817 8 
4648 41 120842 8 
4649 41 120867 8 
4650 41 120891 8 
4651 41 120918 8 
4652 41 120944 8 
4653 41 120971 8 
4654 41 120998 8 
4655 41 121024 8 
4656 41 121047 8 
4657 41 121059 8 
4658 41 121085 8 
4659 41 121106 8 
4660 41 121138 8 
4661 41 121171 8 
4662 41 121203 8 
4663 41 121234 8 
4664 41 121265 8 
4665 41 121296 8 
4666 41 121327 8 
4667 41 121355 8 
4668 41 121384 8 
4669 41 121412 8 
4670 41 121441 8 
4671 41 121468 8 
4672 41 121496 8 
4673 41 121522 8 
4674 41 121549 8 
4675 41 121577 8 
4676 41 121606 8 
4677 41 121635 8 
4678 41 121660 8 
4679 41 121686 8 
4680 41 121711 8 
4681 41 121736 8 
4682 41 121761 8 
4683 41 121785 8 
4684 41 121810 8 
4685 41 121833 8 
4686 41 121860 8 
4687 41 121884 8 
4688 41 121906 8 
4689 41 121929 8 
4690 41 121941 8 
4691 41 121967 8 
4692 41 121988 8 
4693 41 122020 8 
4694 41 122053 8 
4695 41 122085 8 
4696 41 122116 8 
4697 41 122147 8 
4698 41 122177 8 
4699 41 122207 8 
4700 41 122237 8 
4701 41 122266 8 
4702 41 122294 8 
4703 41 122322 8 
4704 41 122349 8 
4705 41 122377 8 
4706 41 122403 8 
4707 41 122430 8 
4708 41 122456 8 
4709 41 122483 8 
4710 41 122510 8 
4711 41 122535 8 
4712 41 122560 8 
4713 41 122585 8 
4714 41 122610 8 
4715 41 122635 8 
4716 41 122659 8 
4717 41 122684 8 
4718 41 122707 8 
4719 41 122731 8 
4720 41 122755 8 
4721 41 122777 8 
4722 41 122800 8 
4723 41 122814 8 
4724 41 122836 8 
4725 41 122857 8 
4726 41 122888 8 
4727 41 122919 8 
4728 41 122950 8 
4729 41 122981 8 
4730 41 123012 8 
4731 41 123043 8 
4732 41 123071 8 
4733 41 123100 8 
4734 41 123130 8 
4735 41 123158 8 
4736 41 123184 8 
4737 41 123212 8 
4738 41 123238 8 
4739 41 123267 8 
4740 41 123295 8 
4741 41 123321 8 
4742 41 123346 8 
4743 41 123371 8 
4744 41 123396 8 
4745 41 123424 8 
4746 41 123449 8 
4747 41 123477 8 
4748 41 123504 8 
4749 41 123528 8 
4750 41 123553 8 
4751 41 123577 8 
4752 41 123600 8 
4753 41 123627 8 
4754 41 123650 8 
4755 41 123672 8 
4756 41 123683 8 
4757 41 123704 8 
4758 39 123733 8 
4759 41 123764 8 
4760 41 123795 8 
4761 41 123826 8 
4762 41 123856 8 
4763 41 123886 8 
4764 41 123915 8 
4765 39 123941 8 
4766 41 123969 8 
4767 41 123997 8 
4768 41 124026 8 
4769 41 124052 8 
4770 41 124079 8 
4771 41 124107 8 
4772 41 124136 8 
4773 41 124165 8 
4774 41 124192 8 
4775 41 124218 8 
4776 41 124243 8 
4777 39 124262 8 
4778 41 124289 8 
4779 41 124314 8 
4780 41 124341 8 
4781 41 124365 8 
4782 41 124391 8 
4783 41 124414 8 
4784 41 124440 8 
4785 39 124451 8 
4786 41 124477 8 
4787 41 124503 8 
4788 41 124524 8 
4789 41 124555 8 
4790 41 124585 8 
4791 41 124615 8 
4792 41 124646 8 
4793 41 124675 8 
4794 41 124705 8 
4795 41 124733 8 
4796 41 124761 8 
4797 41 124789 8 
4798 41 124818 8 
4799 41 124847 8 
4800 41 124876 8 
4801 41 124905 8 
4802 41 124930 8 
4803 41 124956 8 
4804 41 124982 8 
4805 41 125008 8 
4806 41 125032 8 
4807 41 125060 8 
4808 41 125086 8 
4809 41 125110 8 
4810 41 125135 8 
4811 41 125158 8 
4812 41 125182 8 
4813 41 125209 8 
4814 41 125233 8 
4815 41 125256 8 
4816 41 125279 8 
4817 41 125291 8 
4818 41 125317 8 
4819 41 125338 8 
4820 41 125369 8 
4821 41 125399 8 
4822 41 125430 8 
4823 41 125461 8 
4824 41 125491 8 
4825 41 125520 8 
4826 41 125550 8 
4827 41 125578 8 
4828 41 125605 8 
4829 41 125635 8 
4830 41 125665 8 
4831 41 125694 8 
4832 41 125720 8 
4833 41 125746 8 
4834 41 125772 8 
4835 41 125798 8 
4836 41 125826 8 
4837 41 125851 8 
4838 41 125880 8 
4839 41 125903 8 
4840 41 125928 8 
4841 41 125949 8 
4842 41 125972 8 
4843 41 125996 8 
4844 41 126011 8 
4845 41 126034 8 
4846 41 126056 8 
4847 41 126082 8 
4848 41 126105 8 
4849 41 126126 8 
4850 41 126151 8 
4851 41 126183 8 
4852 41 126213 8 
4853 41 126243 8 
4854 41 126274 8 
4855 41 126302 8 
4856 41 126333 8 
4857 41 126361 8 
4858 41 126390 8 
4859 41 126417 8 
4860 41 126446 8 
4861 41 126476 8 
4862 41 126502 8 
4863 41 126529 8 
4864 41 126556 8 
4865 41 126583 8 
4866 41 126609 8 
4867 41 126636 8 
4868 41 126664 8 
4869 41 126689 8 
4870 41 126714 8 
4871 41 126736 8 
4872 41 126761 8 
4873 41 126778 8 
4874 41 126805 8 
4875 41 126823 8 
4876 41 126847 8 
4877 41 126868 8 
4878 41 126894 8 
4879 41 126917 8 
4880 41 126942 8 
4881 41 126963 8 
4882 41 126992 8 
4883 41 127021 8 
4884 41 127050 8 
4885 41 127079 8 
4886 41 127107 8 
4887 41 127136 8 
4888 41 127164 8 
4889 41 127191 8 
4890 41 127218 8 
4891 41 127245 8 
4892 41 127272 8 
4893 41 127298 8 
4894 41 127324 8 
4895 41 127349 8 
4896 41 127375 8 
4897 41 127400 8 
4898 41 127425 8 
4899 41 127449 8 
4900 41 127474 8 
4901 41 127497 8 
4902 41 127521 8 
4903 41 127545 8 
4904 41 127569 8 
4905 41 127592 8 
4906 41 127605 8 
4907 41 127627 8 
4908 41 127649 8 
4909 41 127670 8 
4910 41 127701 8 
4911 41 127732 8 
4912 39 127757 8 
4913 41 127787 8 
4914 41 127817 8 
4915 41 127846 8 
4916 39 127868 8 
4917 41 127896 8 
4918 41 127925 8 
4919 41 127954 8 
4920 41 127984 8 
4921 41 128011 8 
4922 41 128038 8 
4923 41 128062 8 
4924 41 128089 8 
4925 41 128115 8 
4926 41 128140 8 
4927 41 128169 8 
4928 41 128194 8 
4929 41 128222 8 
4930 41 128246 8 
4931 39 128261 8 
4932 41 128284 8 
4933 39 128297 8 
4934 41 128324 8 
4935 41 128349 8 
4936 41 128375 8 
4937 41 128396 8 
4938 41 128421 8 
4939 41 128450 8 
4940 41 128478 8 
4941 41 128507 8 
4942 41 128536 8 
4943 41 128565 8 
4944 41 128593 8 
4945 41 128622 8 
4946 41 128649 8 
4947 41 128675 8 
4948 41 128702 8 
4949 41 128730 8 
4950 41 128758 8 
4951 41 128784 8 
4952 41 128809 8 
4953 41 128834 8 
4954 41 128861 8 
4955 41 128886 8 
4956 41 128913 8 
4957 41 128938 8 
4958 41 128966 8 
4959 41 128993 8 
4960 41 129016 8 
4961 41 129039 8 
4962 41 129063 8 
4963 41 129086 8 
4964 41 129109 8 
4965 41 129131 8 
4966 41 129141 8 
4967 41 129172 8 
4968 41 129203 8 
4969 41 129233 8 
4970 41 129262 8 
4971 41 129291 8 
4972 41 129317 8 
4973 41 129345 8 
4974 41 129371 8 
4975 41 129400 8 
4976 41 129429 8 
4977 41 129456 8 
4978 41 129482 8 
4979 41 129509 8 
4980 41 129538 8 
4981 41 129564 8 
4982 41 129590 8 
4983 41 129614 8 
4984 41 129640 8 
4985 41 129665 8 
4986 41 129686 8 
4987 41 129714 8 
4988 41 129733 8 
4989 41 129757 8 
4990 41 129779 8 
4991 41 129802 8 
4992 41 129824 8 
4993 41 129845 8 
4994 41 129871 8 
4995 41 129892 8 
4996 41 129920 8 
4997 41 129947 8 
4998 41 129976 8 
4999 41 130005 8 
5000 41 130033 8 
5001 41 130062 8 
5002 41 130088 8 
5003 41 130116 8 
5004 41 130143 8 
5005 41 130170 8 
5006 41 130195 8 
5007 41 130223 8 
5008 41 130249 8 
5009 41 130274 8 
5010 41 130302 8 
5011 41 130327 8 
5012 41 130351 8 
5013 41 130375 8 
5014 41 130402 8 
5015 41 130429 8 
5016 41 130456 8 
5017 41 130479 8 
5018 41 130503 8 
5019 41 130526 8 
5020 41 130549 8 
5021 41 130571 8 
5022 41 130581 8 
5023 41 130610 8 
5024 41 130638 8 
5025 41 130668 8 
5026 41 130698 8 
5027 41 130726 8 
5028 41 130754 8 
5029 41 130782 8 
5030 41 130809 8 
5031 41 130838 8 
5032 41 130862 8 
5033 41 130890 8 
5034 41 130918 8 
5035 41 130943 8 
5036 41 130968 8 
5037 41 130993 8 
5038 41 131018 8 
5039 41 131046 8 
5040 41 131066 8 
5041 41 131091 8 
5042 41 131115 8 
5043 41 131142 8 
5044 41 131169 8 
5045 41 131186 8 
5046 41 131209 8 
5047 41 131231 8 
5048 41 131253 8 
5049 41 131274 8 
5050 41 131299 8 
5051 41 131327 8 
5052 41 131355 8 
5053 41 131380 8 
5054 41 131409 8 
5055 41 131438 8 
5056 41 131467 8 
5057 41 131495 8 
5058 41 131520 8 
5059 41 131546 8 
5060 41 131573 8 
5061 41 131598 8 
5062 41 131627 8 
5063 41 131650 8 
5064 41 131676 8 
5065 41 131700 8 
5066 41 131725 8 
5067 41 131742 8 
5068 41 131769 8 
5069 41 131794 8 
5070 41 131818 8 
5071 41 131841 8 
5072 41 131857 8 
5073 41 131883 8 
5074 41 131909 8 
5075 41 131931 8 
5076 41 131952 8 
5077 41 131980 8 
5078 41 132009 8 
5079 41 132039 8 
5080 41 132070 8 
5081 41 132099 8 
5082 41 132125 8 
5083 41 132153 8 
5084 41 132181 8 
5085 41 132210 8 
5086 41 132238 8 
5087 41 132264 8 
5088 41 132290 8 
5089 41 132319 8 
5090 41 132341 8 
5091 41 132365 8 
5092 41 132387 8 
5093 41 132406 8 
5094 41 132430 8 
5095 41 132446 8 
5096 41 132472 8 
5097 41 132496 8 
5098 41 132519 8 
5099 41 132541 8 
5100 41 132567 8 
5101 41 132593 8 
5102 41 132615 8 
5103 41 132636 8 
5104 41 132666 8 
5105 41 132696 8 
5106 41 132724 8 
5107 41 132753 8 
5108 41 132780 8 
5109 41 132807 8 
5110 41 132834 8 
5111 41 132863 8 
5112 41 132889 8 
5113 41 132919 8 
5114 41 132945 8 
5115 41 132972 8 
5116 41 132998 8 
5117 41 133026 8 
5118 41 133054 8 
5119 41 133080 8 
5120 41 133103 8 
5121 41 133125 8 
5122 41 133149 8 
5123 41 133177 8 
5124 41 133201 8 
5125 41 133219 8 
5126 41 133242 8 
5127 41 133264 8 
5128 41 133290 8 
5129 41 133312 8 
5130 41 133334 8 
5131 41 133355 8 
5132 41 133387 8 
5133 41 133417 8 
5134 41 133447 8 
5135 41 133475 8 
5136 41 133504 8 
5137 41 133533 8 
5138 41 133559 8 
5139 41 133585 8 
5140 41 133614 8 
5141 41 133643 8 
5142 41 133669 8 
5143 41 133695 8 
5144 41 133722 8 
5145 41 133751 8 
5146 41 133776 8 
5147 41 133802 8 
5148 41 133828 8 
5149 41 133854 8 
5150 41 133879 8 
5151 41 133905 8 
5152 41 133925 8 
5153 41 133944 8 
5154 41 133971 8 
5155 41 133994 8 
5156 41 134016 8 
5157 41 134038 8 
5158 41 134064 8 
5159 41 134085 8 
5160 41 134106 8 
5161 41 134138 8 
5162 41 134168 8 
5163 41 134198 8 
5164 41 134226 8 
5165 41 134255 8 
5166 41 134282 8 
5167 41 134309 8 
5168 41 134336 8 
5169 41 134366 8 
5170 41 134395 8 
5171 41 134422 8 
5172 41 134448 8 
5173 41 134474 8 
5174 41 134500 8 
5175 41 134528 8 
5176 41 134556 8 
5177 41 134582 8 
5178 41 134605 8 
5179 41 134627 8 
5180 41 134651 8 
5181 41 134679 8 
5182 41 134702 8 
5183 41 134720 8 
5184 41 134743 8 
5185 41 134766 8 
5186 41 134788 8 
5187 41 134810 8 
5188 41 134836 8 
5189 41 134857 8 
5190 41 134884 8 
5191 41 134915 8 
5192 41 134944 8 
5193 41 134972 8 
5194 41 135002 8 
5195 41 135031 8 
5196 41 135056 8 
5197 41 135085 8 
5198 41 135111 8 
5199 41 135140 8 
5200 41 135164 8 
5201 41 135191 8 
5202 41 135218 8 
5203 41 135244 8 
5204 41 135271 8 
5205 41 135293 8 
5206 41 135318 8 
5207 41 135344 8 
5208 41 135364 8 
5209 41 135381 8 
5210 41 135403 8 
5211 41 135429 8 
5212 41 135454 8 
5213 41 135477 8 
5214 41 135498 8 
5215 41 135524 8 
5216 41 135545 8 
5217 41 135571 8 
5218 41 135598 8 
5219 41 135622 8 
5220 41 135650 8 
5221 41 135678 8 
5222 41 135704 8 
5223 41 135727 8 
5224 41 135755 8 
5225 41 135781 8 
5226 41 135809 8 
5227 41 135836 8 
5228 41 135860 8 
5229 41 135886 8 
5230 41 135904 8 
5231 41 135932 8 
5232 41 135951 8 
5233 41 135974 8 
5234 41 135991 8 
5235 41 136015 8 
5236 41 136038 8 
5237 41 136064 8 
5238 41 136086 8 
5239 41 136112 8 
5240 41 136133 8 
5241 41 136160 8 
5242 41 136189 8 
5243 41 136217 8 
5244 41 136246 8 
5245 41 136271 8 
5246 41 136297 8 
5247 41 136323 8 
5248 41 136351 8 
5249 41 136380 8 
5250 41 136408 8 
5251 41 136430 8 
5252 41 136456 8 
5253 41 136478 8 
5254 41 136503 8 
5255 41 136530 8 
5256 41 136551 8 
5257 41 136576 8 
5258 41 136599 8 
5259 41 136617 8 
5260 41 136643 8 
5261 41 136668 8 
5262 41 136690 8 
5263 41 136712 8 
5264 41 136738 8 
5265 41 136759 8 
5266 41 136786 8 
5267 41 136813 8 
5268 41 136841 8 
5269 41 136869 8 
5270 41 136895 8 
5271 41 136923 8 
5272 41 136952 8 
5273 41 136979 8 
5274 41 137004 8 
5275 41 137027 8 
5276 41 137054 8 
5277 41 137079 8 
5278 41 137104 8 
5279 41 137130 8 
5280 41 137158 8 
5281 41 137177 8 
5282 41 137201 8 
5283 41 137228 8 
5284 41 137252 8 
5285 41 137269 8 
5286 41 137295 8 
5287 41 137317 8 
5288 41 137339 8 
5289 41 137364 8 
5290 41 137385 8 
5291 41 137411 8 
5292 41 137440 8 
5293 41 137469 8 
5294 41 137495 8 
5295 41 137524 8 
5296 41 137552 8 
5297 41 137578 8 
5298 41 137607 8 
5299 41 137631 8 
5300 41 137657 8 
5301 41 137683 8 
5302 41 137705 8 
5303 41 137731 8 
5304 41 137756 8 
5305 41 137778 8 
5306 41 137803 8 
5307 41 137828 8 
5308 41 137851 8 
5309 41 137877 8 
5310 41 137902 8 
5311 41 137918 8 
5312 41 137939 8 
5313 41 137961 8 
5314 41 137986 8 
5315 41 138011 8 
5316 41 138037 8 
5317 41 138066 8 
5318 41 138095 8 
5319 41 138120 8 
5320 41 138146 8 
5321 41 138172 8 
5322 41 138201 8 
5323 41 138230 8 
5324 41 138256 8 
5325 41 138283 8 
5326 41 138305 8 
5327 41 138332 8 
5328 41 138354 8 
5329 41 138374 8 
5330 41 138399 8 
5331 41 138425 8 
5332 41 138450 8 
5333 41 138473 8 
5334 41 138490 8 
5335 41 138513 8 
5336 41 138536 8 
5337 41 138561 8 
5338 41 138582 8 
5339 41 138607 8 
5340 41 138633 8 
5341 41 138662 8 
5342 41 138691 8 
5343 41 138717 8 
5344 41 138746 8 
5345 41 138772 8 
5346 41 138798 8 
5347 41 138827 8 
5348 41 138856 8 
5349 41 138882 8 
5350 41 138907 8 
5351 41 138929 8 
5352 41 138956 8 
5353 41 138980 8 
5354 41 139006 8 
5355 41 139027 8 
5356 41 139052 8 
5357 41 139069 8 
5358 41 139094 8 
5359 41 139116 8 
5360 41 139142 8 
5361 41 139164 8 
5362 41 139186 8 
5363 41 139212 8 
5364 41 139233 8 
5365 41 139259 8 
5366 41 139285 8 
5367 41 139314 8 
5368 41 139339 8 
5369 41 139368 8 
5370 41 139394 8 
5371 41 139420 8 
5372 41 139447 8 
5373 41 139470 8 
5374 41 139497 8 
5375 41 139523 8 
5376 41 139546 8 
5377 41 139565 8 
5378 41 139590 8 
5379 41 139616 8 
5380 41 139635 8 
5381 41 139661 8 
5382 41 139684 8 
5383 41 139706 8 
5384 41 139732 8 
5385 41 139754 8 
5386 41 139779 8 
5387 41 139800 8 
5388 41 139830 8 
5389 41 139858 8 
5390 41 139887 8 
5391 41 139914 8 
5392 41 139941 8 
5393 41 139968 8 
5394 41 139998 8 
5395 41 140024 8 
5396 41 140053 8 
5397 41 140079 8 
5398 41 140105 8 
5399 41 140134 8 
5400 41 140160 8 
5401 41 140187 8 
5402 41 140211 8 
5403 41 140237 8 
5404 41 140262 8 
5405 41 140283 8 
5406 41 140303 8 
5407 41 140330 8 
5408 41 140357 8 
5409 41 140380 8 
5410 41 140402 8 
5411 41 140424 8 
5412 41 140447 8 
5413 41 140468 8 
5414 41 140489 8 
5415 41 140515 8 
5416 41 140544 8 
5417 41 140570 8 
5418 41 140598 8 
5419 41 140627 8 
5420 41 140653 8 
5421 41 140679 8 
5422 41 140705 8 
5423 41 140731 8 
5424 41 140756 8 
5425 41 140784 8 
5426 41 140809 8 
5427 41 140834 8 
5428 41 140854 8 
5429 41 140873 8 
5430 41 140900 8 
5431 41 140923 8 
5432 41 140946 8 
5433 41 140963 8 
5434 41 140988 8 
5435 41 141014 8 
5436 41 141036 8 
5437 41 141062 8 
5438 41 141083 8 
5439 41 141109 8 
5440 41 141135 8 
5441 41 141160 8 
5442 41 141189 8 
5443 41 141215 8 
5444 41 141241 8 
5445 41 141267 8 
5446 41 141294 8 
5447 41 141323 8 
5448 41 141344 8 
5449 41 141365 8 
5450 41 141390 8 
5451 41 141411 8 
5452 41 141436 8 
5453 41 141455 8 
5454 41 141478 8 
5455 41 141504 8 
5456 41 141527 8 
5457 41 141553 8 
5458 41 141574 8 
5459 41 141595 8 
5460 41 141620 8 
5461 41 141646 8 
5462 41 141672 8 
5463 41 141700 8 
5464 41 141729 8 
5465 41 141755 8 
5466 41 141781 8 
5467 41 141807 8 
5468 41 141833 8 
5469 41 141859 8 
5470 41 141888 8 
5471 41 141910 8 
5472 41 141935 8 
5473 41 141956 8 
5474 41 141980 8 
5475 41 142008 8 
5476 41 142025 8 
5477 41 142043 8 
5478 41 142068 8 
5479 41 142094 8 
5480 41 142120 8 
5481 41 142142 8 
5482 41 142164 8 
5483 41 142185 8 
5484 39 142201 8 
5485 41 142228 8 
5486 41 142255 8 
5487 41 142284 8 
5488 41 142311 8 
5489 41 142338 8 
5490 41 142356 8 
5491 39 142367 8 
5492 41 142390 8 
5493 39 142399 8 
5494 41 142424 8 
5495 41 142449 8 
5496 41 142478 8 
5497 41 142507 8 
5498 41 142534 8 
5499 41 142561 8 
5500 41 142588 8 
5501 41 142617 8 
5502 41 142647 8 
5503 41 142673 8 
5504 41 142699 8 
5505 41 142728 8 
5506 41 142754 8 
5507 41 142780 8 
5508 41 142805 8 
5509 41 142831 8 
5510 41 142854 8 
5511 41 142879 8 
5512 41 142903 8 
5513 41 142923 8 
5514 41 142950 8 
5515 41 142973 8 
5516 41 143000 8 
5517 41 143023 8 
5518 41 143044 8 
5519 41 143067 8 
5520 41 143088 8 
5521 41 143109 8 
5522 41 143135 8 
5523 41 143161 8 
5524 41 143187 8 
5525 41 143216 8 
5526 41 143242 8 
5527 41 143268 8 
5528 41 143297 8 
5529 41 143323 8 
5530 41 143347 8 
5531 41 143373 8 
5532 41 143393 8 
5533 41 143419 8 
5534 41 143437 8 
5535 41 143456 8 
5536 41 143478 8 
5537 41 143504 8 
5538 41 143530 8 
5539 41 143555 8 
5540 41 143577 8 
5541 41 143599 8 
5542 41 143620 8 
5543 41 143656 8 
5544 41 143690 8 
5545 41 143724 8 
5546 41 143757 8 
5547 41 143790 8 
5548 41 143822 8 
5549 41 143853 8 
5550 41 143884 8 
5551 41 143915 8 
5552 41 143946 8 
5553 41 143974 8 
5554 41 144003 8 
5555 41 144031 8 
5556 41 144060 8 
5557 41 144087 8 
5558 41 144115 8 
5559 41 144141 8 
5560 41 144168 8 
5561 41 144196 8 
5562 41 144225 8 
5563 41 144254 8 
5564 41 144281 8 
5565 41 144305 8 
5566 41 144330 8 
5567 41 144355 8 
5568 41 144380 8 
5569 41 144404 8 
5570 41 144429 8 
5571 41 144452 8 
5572 41 144479 8 
5573 41 144503 8 
5574 41 144525 8 
5575 41 144548 8 
5576 41 144560 8 
5577 41 144586 8 
5578 41 144607 8 
5579 41 144642 8 
5580 41 144676 8 
5581 41 144709 8 
5582 41 144742 8 
5583 41 144774 8 
5584 41 144805 8 
5585 41 144836 8 
5586 41 144867 8 
5587 41 144898 8 
5588 41 144926 8 
5589 41 144955 8 
5590 41 144983 8 
5591 41 145012 8 
5592 41 145039 8 
5593 41 145067 8 
5594 41 145093 8 
5595 41 145122 8 
5596 41 145148 8 
5597 41 145177 8 
5598 41 145206 8 
5599 41 145233 8 
5600 41 145259 8 
5601 41 145282 8 
5602 41 145307 8 
5603 41 145332 8 
5604 41 145356 8 
5605 41 145381 8 
5606 41 145404 8 
5607 41 145431 8 
5608 41 145455 8 
5609 41 145477 8 
5610 41 145500 8 
5611 41 145527 8 
5612 41 145538 8 
5613 41 145559 8 
5614 39 145591 8 
5615 39 145623 8 
5616 41 145656 8 
5617 41 145689 8 
5618 41 145721 8 
5619 39 145750 8 
5620 41 145781 8 
5621 41 145812 8 
5622 41 145843 8 
5623 41 145871 8 
5624 39 145898 8 
5625 41 145926 8 
5626 41 145955 8 
5627 41 145982 8 
5628 41 146010 8 
5629 39 146033 8 
5630 41 146062 8 
5631 41 146088 8 
5632 41 146117 8 
5633 41 146146 8 
5634 41 146174 8 
5635 41 146202 8 
5636 39 146221 8 
5637 41 146246 8 
5638 41 146271 8 
5639 41 146295 8 
5640 41 146322 8 
5641 41 146348 8 
5642 41 146375 8 
5643 41 146402 8 
5644 41 146428 8 
5645 41 146451 8 
5646 41 146463 8 
5647 41 146489 8 
5648 41 146510 8 
5649 41 146545 8 
5650 41 146578 8 
5651 41 146611 8 
5652 41 146643 8 
5653 41 146674 8 
5654 39 146703 8 
5655 39 146731 8 
5656 41 146762 8 
5657 41 146791 8 
5658 41 146820 8 
5659 41 146848 8 
5660 41 146877 8 
5661 41 146906 8 
5662 41 146934 8 
5663 39 146956 8 
5664 41 146985 8 
5665 41 147011 8 
5666 41 147040 8 
5667 41 147069 8 
5668 41 147096 8 
5669 41 147122 8 
5670 41 147145 8 
5671 41 147170 8 
5672 41 147197 8 
5673 41 147221 8 
5674 41 147246 8 
5675 41 147269 8 
5676 41 147296 8 
5677 41 147322 8 
5678 41 147348 8 
5679 41 147371 8 
5680 39 147381 8 
5681 41 147407 8 
5682 41 147432 8 
5683 41 147464 8 
5684 41 147497 8 
5685 41 147529 8 
5686 41 147560 8 
5687 41 147591 8 
5688 41 147622 8 
5689 41 147653 8 
5690 41 147681 8 
5691 41 147710 8 
5692 41 147738 8 
5693 41 147767 8 
5694 41 147794 8 
5695 41 147822 8 
5696 41 147848 8 
5697 41 147877 8 
5698 41 147903 8 
5699 41 147932 8 
5700 41 147961 8 
5701 41 147988 8 
5702 41 148012 8 
5703 41 148037 8 
5704 41 148062 8 
5705 41 148087 8 
5706 41 148111 8 
5707 41 148136 8 
5708 41 148159 8 
5709 41 148186 8 
5710 41 148210 8 
5711 41 148232 8 
5712 41 148255 8 
5713 41 148267 8 
5714 41 148293 8 
5715 41 148314 8 
5716 41 148346 8 
5717 41 148379 8 
5718 41 148411 8 
5719 41 148442 8 
5720 41 148473 8 
5721 41 148503 8 
5722 41 148533 8 
5723 41 148563 8 
5724 41 148592 8 
5725 41 148620 8 
5726 41 148648 8 
5727 41 148675 8 
5728 41 148703 8 
5729 41 148729 8 
5730 41 148756 8 
5731 41 148782 8 
5732 41 148809 8 
5733 41 148836 8 
5734 41 148862 8 
5735 41 148886 8 
5736 41 148911 8 
5737 41 148936 8 
5738 41 148961 8 
5739 41 148985 8 
5740 41 149010 8 
5741 41 149033 8 
5742 41 149057 8 
5743 41 149081 8 
5744 41 149103 8 
5745 41 149126 8 
5746 41 149140 8 
5747 41 149162 8 
5748 41 149183 8 
5749 41 149214 8 
5750 41 149245 8 
5751 41 149276 8 
5752 41 149307 8 
5753 41 149338 8 
5754 41 149369 8 
5755 41 149397 8 
5756 41 149426 8 
5757 41 149456 8 
5758 41 149484 8 
5759 41 149510 8 
5760 41 149538 8 
5761 41 149564 8 
5762 41 149593 8 
5763 41 149621 8 
5764 41 149647 8 
5765 41 149673 8 
5766 41 149697 8 
5767 41 149722 8 
5768 41 149750 8 
5769 41 149775 8 
5770 41 149803 8 
5771 41 149830 8 
5772 41 149854 8 
5773 41 149879 8 
5774 41 149903 8 
5775 41 149926 8 
5776 41 149953 8 
5777 41 149976 8 
5778 41 149998 8 
5779 41 150009 8 
5780 41 150030 8 
5781 39 150059 8 
5782 41 150090 8 
5783 41 150121 8 
5784 41 150152 8 
5785 41 150182 8 
5786 41 150212 8 
5787 41 150241 8 
5788 39 150267 8 
5789 41 150295 8 
5790 41 150323 8 
5791 41 150352 8 
5792 41 150378 8 
5793 41 150407 8 
5794 41 150433 8 
5795 41 150462 8 
5796 41 150491 8 
5797 41 150518 8 
5798 41 150544 8 
5799 41 150569 8 
5800 41 150597 8 
5801 39 150615 8 
5802 41 150640 8 
5803 41 150667 8 
5804 41 150691 8 
5805 41 150717 8 
5806 41 150740 8 
5807 41 150766 8 
5808 39 150777 8 
5809 41 150803 8 
5810 41 150829 8 
5811 41 150850 8 
5812 41 150881 8 
5813 41 150911 8 
5814 41 150941 8 
5815 41 150972 8 
5816 41 151001 8 
5817 41 151031 8 
5818 41 151059 8 
5819 41 151087 8 
5820 41 151115 8 
5821 41 151145 8 
5822 41 151173 8 
5823 41 151202 8 
5824 41 151231 8 
5825 41 151256 8 
5826 41 151282 8 
5827 41 151308 8 
5828 41 151334 8 
5829 41 151358 8 
5830 41 151386 8 
5831 41 151412 8 
5832 41 151436 8 
5833 41 151461 8 
5834 41 151484 8 
5835 41 151508 8 
5836 41 151535 8 
5837 41 151559 8 
5838 41 151582 8 
5839 41 151605 8 
5840 41 151617 8 
5841 41 151643 8 
5842 41 151664 8 
5843 41 151695 8 
5844 41 151725 8 
5845 41 151756 8 
5846 41 151787 8 
5847 41 151817 8 
5848 41 151846 8 
5849 41 151876 8 
5850 41 151904 8 
5851 41 151931 8 
5852 41 151961 8 
5853 41 151991 8 
5854 41 152020 8 
5855 41 152046 8 
5856 41 152073 8 
5857 41 152098 8 
5858 41 152124 8 
5859 41 152152 8 
5860 41 152177 8 
5861 41 152201 8 
5862 41 152229 8 
5863 41 152254 8 
5864 41 152275 8 
5865 41 152298 8 
5866 41 152322 8 
5867 41 152337 8 
5868 41 152360 8 
5869 41 152382 8 
5870 41 152408 8 
5871 41 152431 8 
5872 41 152452 8 
5873 41 152477 8 
5874 41 152509 8 
5875 41 152539 8 
5876 41 152569 8 
5877 41 152600 8 
5878 41 152628 8 
5879 41 152659 8 
5880 41 152687 8 
5881 41 152716 8 
5882 41 152743 8 
5883 41 152772 8 
5884 41 152802 8 
5885 41 152828 8 
5886 41 152855 8 
5887 41 152882 8 
5888 41 152909 8 
5889 41 152935 8 
5890 41 152962 8 
5891 41 152990 8 
5892 41 153015 8 
5893 41 153040 8 
5894 41 153062 8 
5895 41 153087 8 
5896 41 153104 8 
5897 41 153131 8 
5898 41 153149 8 
5899 41 153173 8 
5900 41 153194 8 
5901 41 153220 8 
5902 41 153243 8 
5903 41 153268 8 
5904 41 153289 8 
5905 41 153318 8 
5906 41 153347 8 
5907 41 153376 8 
5908 41 153405 8 
5909 41 153433 8 
5910 41 153462 8 
5911 41 153490 8 
5912 41 153517 8 
5913 41 153544 8 
5914 41 153572 8 
5915 41 153598 8 
5916 41 153624 8 
5917 41 153650 8 
5918 41 153675 8 
5919 41 153701 8 
5920 41 153726 8 
5921 41 153751 8 
5922 41 153775 8 
5923 41 153800 8 
5924 41 153823 8 
5925 41 153847 8 
5926 41 153871 8 
5927 41 153895 8 
5928 41 153918 8 
5929 41 153931 8 
5930 41 153953 8 
5931 41 153975 8 
5932 41 153996 8 
5933 41 154027 8 
5934 39 154053 8 
5935 41 154083 8 
5936 41 154113 8 
5937 41 154143 8 
5938 41 154172 8 
5939 39 154194 8 
5940 41 154222 8 
5941 41 154251 8 
5942 41 154280 8 
5943 41 154310 8 
5944 41 154338 8 
5945 41 154364 8 
5946 41 154388 8 
5947 41 154415 8 
5948 41 154441 8 
5949 41 154466 8 
5950 41 154495 8 
5951 41 154520 8 
5952 41 154548 8 
5953 41 154572 8 
5954 39 154587 8 
5955 41 154610 8 
5956 39 154623 8 
5957 41 154650 8 
5958 41 154675 8 
5959 41 154701 8 
5960 41 154722 8 
5961 41 154747 8 
5962 41 154775 8 
5963 41 154804 8 
5964 41 154833 8 
5965 41 154862 8 
5966 41 154891 8 
5967 41 154919 8 
5968 41 154948 8 
5969 41 154975 8 
5970 41 155001 8 
5971 41 155028 8 
5972 41 155056 8 
5973 41 155084 8 
5974 41 155110 8 
5975 41 155135 8 
5976 41 155160 8 
5977 41 155187 8 
5978 41 155212 8 
5979 41 155239 8 
5980 41 155264 8 
5981 41 155292 8 
5982 41 155319 8 
5983 41 155342 8 
5984 41 155365 8 
5985 41 155389 8 
5986 41 155412 8 
5987 41 155435 8 
5988 41 155457 8 
5989 41 155467 8 
5990 41 155498 8 
5991 41 155529 8 
5992 41 155559 8 
5993 41 155588 8 
5994 41 155617 8 
5995 41 155643 8 
5996 41 155671 8 
5997 41 155697 8 
5998 41 155726 8 
5999 41 155755 8 
6000 41 155782 8 
6001 41 155808 8 
6002 41 155835 8 
6003 41 155864 8 
6004 41 155890 8 
6005 41 155916 8 
6006 41 155940 8 
6007 41 155966 8 
6008 41 155991 8 
6009 41 156012 8 
6010 41 156040 8 
6011 41 156059 8 
6012 41 156083 8 
6013 41 156105 8 
6014 41 156128 8 
6015 41 156150 8 
6016 41 156171 8 
6017 41 156197 8 
6018 41 156218 8 
6019 41 156246 8 
6020 41 156273 8 
6021 41 156302 8 
6022 41 156331 8 
6023 41 156359 8 
6024 41 156388 8 
6025 41 156417 8 
6026 41 156442 8 
6027 41 156469 8 
6028 41 156496 8 
6029 41 156521 8 
6030 41 156549 8 
6031 41 156575 8 
6032 41 156600 8 
6033 41 156628 8 
6034 41 156653 8 
6035 41 156677 8 
6036 41 156701 8 
6037 41 156728 8 
6038 41 156755 8 
6039 41 156782 8 
6040 41 156805 8 
6041 41 156829 8 
6042 41 156852 8 
6043 41 156875 8 
6044 41 156897 8 
6045 41 156907 8 
6046 41 156935 8 
6047 41 156965 8 
6048 41 156994 8 
6049 41 157024 8 
6050 41 157052 8 
6051 41 157080 8 
6052 41 157108 8 
6053 41 157135 8 
6054 41 157164 8 
6055 41 157188 8 
6056 41 157216 8 
6057 41 157244 8 
6058 41 157269 8 
6059 41 157294 8 
6060 41 157319 8 
6061 41 157344 8 
6062 41 157372 8 
6063 41 157392 8 
6064 41 157417 8 
6065 41 157441 8 
6066 41 157468 8 
6067 41 157495 8 
6068 41 157519 8 
6069 41 157535 8 
6070 41 157557 8 
6071 41 157579 8 
6072 41 157600 8 
6073 41 157625 8 
6074 41 157654 8 
6075 41 157680 8 
6076 41 157706 8 
6077 41 157736 8 
6078 41 157764 8 
6079 41 157793 8 
6080 41 157821 8 
6081 41 157846 8 
6082 41 157872 8 
6083 41 157899 8 
6084 41 157924 8 
6085 41 157948 8 
6086 41 157976 8 
6087 41 158002 8 
6088 41 158026 8 
6089 41 158051 8 
6090 41 158068 8 
6091 41 158095 8 
6092 41 158120 8 
6093 41 158144 8 
6094 41 158167 8 
6095 41 158183 8 
6096 41 158209 8 
6097 41 158235 8 
6098 41 158257 8 
6099 41 158278 8 
6100 41 158310 8 
6101 41 158340 8 
6102 41 158370 8 
6103 41 158398 8 
6104 41 158427 8 
6105 41 158454 8 
6106 41 158481 8 
6107 41 158508 8 
6108 41 158537 8 
6109 41 158563 8 
6110 41 158593 8 
6111 41 158619 8 
6112 41 158646 8 
6113 41 158672 8 
6114 41 158700 8 
6115 41 158728 8 
6116 41 158754 8 
6117 41 158777 8 
6118 41 158799 8 
6119 41 158823 8 
6120 41 158851 8 
6121 41 158875 8 
6122 41 158899 8 
6123 41 158916 8 
6124 41 158938 8 
6125 41 158964 8 
6126 41 158986 8 
6127 41 159008 8 
6128 41 159029 8 
6129 41 159056 8 
6130 41 159084 8 
6131 41 159115 8 
6132 41 159144 8 
6133 41 159170 8 
6134 41 159198 8 
6135 41 159226 8 
6136 41 159255 8 
6137 41 159283 8 
6138 41 159309 8 
6139 41 159335 8 
6140 41 159364 8 
6141 41 159386 8 
6142 41 159410 8 
6143 41 159432 8 
6144 41 159451 8 
6145 41 159475 8 
6146 41 159491 8 
6147 41 159517 8 
6148 41 159541 8 
6149 41 159564 8 
6150 41 159586 8 
6151 41 159612 8 
6152 41 159638 8 
6153 41 159660 8 
6154 41 159681 8 
6155 41 159713 8 
6156 41 159743 8 
6157 41 159773 8 
6158 41 159801 8 
6159 41 159830 8 
6160 41 159859 8 
6161 41 159885 8 
6162 41 159911 8 
6163 41 159940 8 
6164 41 159969 8 
6165 41 159995 8 
6166 41 160021 8 
6167 41 160048 8 
6168 41 160077 8 
6169 41 160102 8 
6170 41 160128 8 
6171 41 160154 8 
6172 41 160180 8 
6173 41 160205 8 
6174 41 160231 8 
6175 41 160251 8 
6176 41 160279 8 
6177 41 160297 8 
6178 41 160320 8 
6179 41 160342 8 
6180 41 160364 8 
6181 41 160390 8 
6182 41 160411 8 
6183 41 160432 8 
6184 41 160464 8 
6185 41 160494 8 
6186 41 160524 8 
6187 41 160552 8 
6188 41 160581 8 
6189 41 160608 8 
6190 41 160635 8 
6191 41 160662 8 
6192 41 160692 8 
6193 41 160721 8 
6194 41 160748 8 
6195 41 160774 8 
6196 41 160800 8 
6197 41 160826 8 
6198 41 160854 8 
6199 41 160882 8 
6200 41 160908 8 
6201 41 160931 8 
6202 41 160953 8 
6203 41 160977 8 
6204 41 161005 8 
6205 41 161028 8 
6206 41 161046 8 
6207 41 161069 8 
6208 41 161092 8 
6209 41 161114 8 
6210 41 161136 8 
6211 41 161162 8 
6212 41 161183 8 
6213 41 161210 8 
6214 41 161240 8 
6215 41 161270 8 
6216 41 161298 8 
6217 41 161328 8 
6218 41 161357 8 
6219 41 161382 8 
6220 41 161411 8 
6221 41 161437 8 
6222 41 161466 8 
6223 41 161494 8 
6224 41 161517 8 
6225 41 161544 8 
6226 41 161570 8 
6227 41 161597 8 
6228 41 161619 8 
6229 41 161644 8 
6230 41 161670 8 
6231 41 161690 8 
6232 41 161707 8 
6233 41 161729 8 
6234 41 161755 8 
6235 41 161780 8 
6236 41 161803 8 
6237 41 161824 8 
6238 41 161850 8 
6239 41 161871 8 
6240 41 161898 8 
6241 41 161928 8 
6242 41 161957 8 
6243 41 161985 8 
6244 41 162014 8 
6245 41 162039 8 
6246 41 162065 8 
6247 41 162091 8 
6248 41 162119 8 
6249 41 162148 8 
6250 41 162171 8 
6251 41 162198 8 
6252 41 162224 8 
6253 41 162246 8 
6254 41 162271 8 
6255 41 162298 8 
6256 41 162319 8 
6257 41 162344 8 
6258 41 162367 8 
6259 41 162394 8 
6260 41 162411 8 
6261 41 162436 8 
6262 41 162458 8 
6263 41 162480 8 
6264 41 162506 8 
6265 41 162527 8 
6266 41 162552 8 
6267 41 162578 8 
6268 41 162602 8 
6269 41 162630 8 
6270 41 162656 8 
6271 41 162679 8 
6272 41 162707 8 
6273 41 162733 8 
6274 41 162761 8 
6275 41 162788 8 
6276 41 162812 8 
6277 41 162838 8 
6278 41 162856 8 
6279 41 162884 8 
6280 41 162903 8 
6281 41 162926 8 
6282 41 162943 8 
6283 41 162967 8 
6284 41 162990 8 
6285 41 163016 8 
6286 41 163038 8 
6287 41 163064 8 
6288 41 163085 8 
6289 41 163112 8 
6290 41 163139 8 
6291 41 163167 8 
6292 41 163195 8 
6293 41 163221 8 
6294 41 163249 8 
6295 41 163278 8 
6296 41 163305 8 
6297 41 163330 8 
6298 41 163353 8 
6299 41 163380 8 
6300 41 163405 8 
6301 41 163430 8 
6302 41 163456 8 
6303 41 163484 8 
6304 41 163503 8 
6305 41 163527 8 
6306 41 163554 8 
6307 41 163578 8 
6308 41 163595 8 
6309 41 163621 8 
6310 41 163643 8 
6311 41 163665 8 
6312 41 163690 8 
6313 41 163711 8 
6314 41 163737 8 
6315 41 163766 8 
6316 41 163795 8 
6317 41 163821 8 
6318 41 163850 8 
6319 41 163878 8 
6320 41 163904 8 
6321 41 163933 8 
6322 41 163957 8 
6323 41 163983 8 
6324 41 164009 8 
6325 41 164031 8 
6326 41 164057 8 
6327 41 164082 8 
6328 41 164104 8 
6329 41 164129 8 
6330 41 164154 8 
6331 41 164177 8 
6332 41 164203 8 
6333 41 164228 8 
6334 41 164250 8 
6335 41 164265 8 
6336 41 164287 8 
6337 41 164312 8 
6338 41 164337 8 
6339 41 164363 8 
6340 41 164392 8 
6341 41 164421 8 
6342 41 164446 8 
6343 41 164472 8 
6344 41 164498 8 
6345 41 164527 8 
6346 41 164556 8 
6347 41 164582 8 
6348 41 164609 8 
6349 41 164631 8 
6350 41 164658 8 
6351 41 164680 8 
6352 41 164700 8 
6353 41 164725 8 
6354 41 164751 8 
6355 41 164776 8 
6356 41 164799 8 
6357 41 164816 8 
6358 41 164839 8 
6359 41 164862 8 
6360 41 164887 8 
6361 41 164908 8 
6362 41 164933 8 
6363 41 164959 8 
6364 41 164988 8 
6365 41 165017 8 
6366 41 165043 8 
6367 41 165072 8 
6368 41 165098 8 
6369 41 165124 8 
6370 41 165153 8 
6371 41 165182 8 
6372 41 165208 8 
6373 41 165233 8 
6374 41 165261 8 
6375 41 165282 8 
6376 41 165306 8 
6377 41 165332 8 
6378 41 165353 8 
6379 41 165378 8 
6380 41 165395 8 
6381 41 165420 8 
6382 41 165442 8 
6383 41 165468 8 
6384 41 165490 8 
6385 41 165512 8 
6386 41 165538 8 
6387 41 165559 8 
6388 41 165585 8 
6389 41 165611 8 
6390 41 165640 8 
6391 41 165665 8 
6392 41 165694 8 
6393 41 165720 8 
6394 41 165746 8 
6395 41 165774 8 
6396 41 165797 8 
6397 41 165823 8 
6398 41 165849 8 
6399 41 165872 8 
6400 41 165891 8 
6401 41 165916 8 
6402 41 165942 8 
6403 41 165961 8 
6404 41 165987 8 
6405 41 166010 8 
6406 41 166032 8 
6407 41 166058 8 
6408 41 166080 8 
6409 41 166105 8 
6410 41 166126 8 
6411 41 166156 8 
6412 41 166184 8 
6413 41 166213 8 
6414 41 166240 8 
6415 41 166267 8 
6416 41 166294 8 
6417 41 166324 8 
6418 41 166350 8 
6419 41 166379 8 
6420 41 166405 8 
6421 41 166431 8 
6422 41 166460 8 
6423 41 166486 8 
6424 41 166513 8 
6425 41 166540 8 
6426 41 166563 8 
6427 41 166588 8 
6428 41 166609 8 
6429 41 166629 8 
6430 41 166656 8 
6431 41 166683 8 
6432 41 166706 8 
6433 41 166728 8 
6434 41 166750 8 
6435 41 166773 8 
6436 41 166794 8 
6437 41 166815 8 
6438 41 166841 8 
6439 41 166870 8 
6440 41 166896 8 
6441 41 166924 8 
6442 41 166953 8 
6443 41 166979 8 
6444 41 167005 8 
6445 41 167031 8 
6446 41 167057 8 
6447 41 167082 8 
6448 41 167110 8 
6449 41 167135 8 
6450 41 167156 8 
6451 41 167180 8 
6452 41 167199 8 
6453 41 167226 8 
6454 41 167249 8 
6455 41 167272 8 
6456 41 167298 8 
6457 41 167314 8 
6458 41 167340 8 
6459 41 167362 8 
6460 41 167388 8 
6461 41 167409 8 
6462 41 167435 8 
6463 41 167461 8 
6464 41 167486 8 
6465 41 167515 8 
6466 41 167541 8 
6467 41 167567 8 
6468 41 167593 8 
6469 41 167620 8 
6470 41 167649 8 
6471 41 167671 8 
6472 41 167691 8 
6473 41 167716 8 
6474 41 167737 8 
6475 41 167762 8 
6476 41 167781 8 
6477 41 167804 8 
6478 41 167830 8 
6479 41 167853 8 
6480 41 167879 8 
6481 41 167900 8 
6482 41 167921 8 
6483 41 167946 8 
6484 41 167972 8 
6485 41 167998 8 
6486 41 168026 8 
6487 41 168055 8 
6488 41 168081 8 
6489 41 168107 8 
6490 41 168133 8 
6491 41 168159 8 
6492 41 168185 8 
6493 41 168214 8 
6494 41 168236 8 
6495 41 168261 8 
6496 41 168282 8 
6497 41 168306 8 
6498 41 168334 8 
6499 41 168351 8 
6500 41 168369 8 
6501 41 168394 8 
6502 41 168420 8 
6503 41 168446 8 
6504 41 168468 8 
6505 41 168490 8 
6506 41 168511 8 
6507 39 168527 8 
6508 41 168554 8 
6509 41 168581 8 
6510 41 168610 8 
6511 41 168637 8 
6512 41 168664 8 
6513 41 168682 8 
6514 39 168693 8 
6515 41 168716 8 
6516 39 168725 8 
6517 41 168750 8 
6518 41 168775 8 
6519 41 168804 8 
6520 41 168833 8 
6521 41 168860 8 
6522 41 168887 8 
6523 41 168914 8 
6524 41 168943 8 
6525 41 168973 8 
6526 41 168999 8 
6527 41 169025 8 
6528 41 169054 8 
6529 41 169080 8 
6530 41 169106 8 
6531 41 169131 8 
6532 41 169157 8 
6533 41 169180 8 
6534 41 169205 8 
6535 41 169229 8 
6536 41 169249 8 
6537 41 169276 8 
6538 41 169299 8 
6539 41 169326 8 
6540 41 169349 8 
6541 41 169370 8 
6542 41 169393 8 
6543 41 169414 8 
6544 41 169435 8 
6545 41 169461 8 
6546 41 169487 8 
6547 41 169513 8 
6548 41 169542 8 
6549 41 169568 8 
6550 41 169594 8 
6551 41 169623 8 
6552 41 169649 8 
6553 41 169673 8 
6554 41 169699 8 
6555 41 169719 8 
6556 41 169740 8 
6557 41 169765 8 
6558 41 169782 8 
6559 41 169804 8 
6560 41 169830 8 
6561 41 169856 8 
6562 41 169881 8 
6563 41 169903 8 
6564 41 169925 8 
6565 41 169946 8 
6566 39 169978 8 
6567 39 170010 8 
6568 41 170043 8 
6569 41 170076 8 
6570 41 170108 8 
6571 39 170137 8 
6572 41 170168 8 
6573 41 170199 8 
6574 41 170230 8 
6575 41 170258 8 
6576 39 170285 8 
6577 41 170313 8 
6578 41 170342 8 
6579 41 170369 8 
6580 41 170397 8 
6581 39 170420 8 
6582 41 170447 8 
6583 41 170475 8 
6584 41 170504 8 
6585 41 170533 8 
6586 41 170561 8 
6587 39 170581 8 
6588 41 170608 8 
6589 41 170633 8 
6590 41 170658 8 
6591 41 170682 8 
6592 41 170709 8 
6593 41 170735 8 
6594 41 170762 8 
6595 41 170789 8 
6596 41 170815 8 
6597 41 170838 8 
6598 41 170865 8 
6599 41 170876 8 
6600 41 170897 8 
6601 41 170932 8 
6602 41 170965 8 
6603 41 170998 8 
6604 41 171030 8 
6605 41 171061 8 
6606 39 171090 8 
6607 39 171118 8 
6608 41 171149 8 
6609 41 171178 8 
6610 41 171207 8 
6611 41 171235 8 
6612 41 171264 8 
6613 41 171293 8 
6614 41 171321 8 
6615 39 171343 8 
6616 41 171370 8 
6617 41 171398 8 
6618 41 171427 8 
6619 41 171456 8 
6620 41 171483 8 
6621 41 171507 8 
6622 41 171532 8 
6623 41 171557 8 
6624 41 171584 8 
6625 41 171608 8 
6626 41 171633 8 
6627 41 171656 8 
6628 41 171683 8 
6629 41 171709 8 
6630 41 171735 8 
6631 41 171758 8 
6632 41 171785 8 
6633 39 171794 8 
6634 41 171819 8 
6635 41 171851 8 
6636 41 171884 8 
6637 41 171916 8 
6638 41 171947 8 
6639 41 171978 8 
6640 41 172009 8 
6641 41 172040 8 
6642 41 172068 8 
6643 41 172097 8 
6644 41 172125 8 
6645 41 172154 8 
6646 41 172181 8 
6647 41 172209 8 
6648 41 172235 8 
6649 41 172262 8 
6650 41 172290 8 
6651 41 172319 8 
6652 41 172348 8 
6653 41 172373 8 
6654 41 172399 8 
6655 41 172424 8 
6656 41 172449 8 
6657 41 172474 8 
6658 41 172498 8 
6659 41 172523 8 
6660 41 172546 8 
6661 41 172573 8 
6662 41 172597 8 
6663 41 172619 8 
6664 41 172642 8 
6665 41 172669 8 
6666 41 172680 8 
6667 41 172701 8 
6668 41 172733 8 
6669 41 172766 8 
6670 41 172798 8 
6671 41 172829 8 
6672 41 172860 8 
6673 41 172890 8 
6674 41 172920 8 
6675 41 172950 8 
6676 41 172979 8 
6677 41 173007 8 
6678 41 173035 8 
6679 41 173062 8 
6680 41 173090 8 
6681 41 173116 8 
6682 41 173143 8 
6683 41 173169 8 
6684 41 173196 8 
6685 41 173223 8 
6686 41 173248 8 
6687 41 173273 8 
6688 41 173298 8 
6689 41 173323 8 
6690 41 173348 8 
6691 41 173372 8 
6692 41 173397 8 
6693 41 173420 8 
6694 41 173444 8 
6695 41 173468 8 
6696 41 173490 8 
6697 41 173513 8 
6698 41 173536 8 
6699 41 173549 8 
6700 41 173570 8 
6701 41 173601 8 
6702 41 173632 8 
6703 41 173663 8 
6704 41 173694 8 
6705 41 173725 8 
6706 41 173756 8 
6707 41 173784 8 
6708 41 173813 8 
6709 41 173843 8 
6710 41 173871 8 
6711 41 173897 8 
6712 41 173925 8 
6713 41 173951 8 
6714 41 173980 8 
6715 41 174007 8 
6716 41 174034 8 
6717 41 174059 8 
6718 41 174084 8 
6719 41 174109 8 
6720 41 174137 8 
6721 41 174162 8 
6722 41 174190 8 
6723 41 174217 8 
6724 41 174241 8 
6725 41 174266 8 
6726 41 174290 8 
6727 41 174313 8 
6728 41 174340 8 
6729 41 174363 8 
6730 41 174385 8 
6731 41 174396 8 
6732 41 174417 8 
6733 39 174446 8 
6734 41 174477 8 
6735 41 174508 8 
6736 41 174539 8 
6737 41 174569 8 
6738 41 174599 8 
6739 41 174628 8 
6740 39 174654 8 
6741 41 174682 8 
6742 41 174711 8 
6743 41 174739 8 
6744 41 174765 8 
6745 41 174792 8 
6746 41 174820 8 
6747 41 174849 8 
6748 41 174878 8 
6749 41 174905 8 
6750 41 174931 8 
6751 41 174956 8 
6752 39 174975 8 
6753 41 175002 8 
6754 41 175027 8 
6755 41 175054 8 
6756 41 175078 8 
6757 41 175104 8 
6758 41 175127 8 
6759 41 175153 8 
6760 41 175180 8 
6761 39 175190 8 
6762 41 175216 8 
6763 41 175237 8 
6764 41 175268 8 
6765 41 175298 8 
6766 41 175328 8 
6767 41 175359 8 
6768 41 175388 8 
6769 41 175418 8 
6770 41 175446 8 
6771 41 175474 8 
6772 41 175502 8 
6773 41 175531 8 
6774 41 175560 8 
6775 41 175589 8 
6776 41 175618 8 
6777 41 175643 8 
6778 41 175669 8 
6779 41 175695 8 
6780 41 175721 8 
6781 41 175745 8 
6782 41 175773 8 
6783 41 175799 8 
6784 41 175823 8 
6785 41 175848 8 
6786 41 175871 8 
6787 41 175895 8 
6788 41 175922 8 
6789 41 175946 8 
6790 41 175969 8 
6791 41 175992 8 
6792 41 176004 8 
6793 41 176030 8 
6794 41 176051 8 
6795 41 176082 8 
6796 41 176112 8 
6797 41 176143 8 
6798 41 176174 8 
6799 41 176204 8 
6800 41 176233 8 
6801 41 176263 8 
6802 41 176291 8 
6803 41 176318 8 
6804 41 176348 8 
6805 41 176378 8 
6806 41 176407 8 
6807 41 176433 8 
6808 41 176459 8 
6809 41 176485 8 
6810 41 176511 8 
6811 41 176539 8 
6812 41 176564 8 
6813 41 176588 8 
6814 41 176616 8 
6815 41 176641 8 
6816 41 176662 8 
6817 41 176685 8 
6818 41 176709 8 
6819 41 176724 8 
6820 41 176747 8 
6821 41 176769 8 
6822 41 176795 8 
6823 41 176818 8 
6824 41 176839 8 
6825 41 176864 8 
6826 41 176896 8 
6827 41 176926 8 
6828 41 176956 8 
6829 41 176987 8 
6830 41 177015 8 
6831 41 177046 8 
6832 41 177074 8 
6833 41 177103 8 
6834 41 177130 8 
6835 41 177159 8 
6836 41 177189 8 
6837 41 177215 8 
6838 41 177242 8 
6839 41 177269 8 
6840 41 177296 8 
6841 41 177322 8 
6842 41 177349 8 
6843 41 177377 8 
6844 41 177402 8 
6845 41 177427 8 
6846 41 177449 8 
6847 41 177474 8 
6848 41 177502 8 
6849 41 177518 8 
6850 41 177536 8 
6851 41 177560 8 
6852 41 177581 8 
6853 41 177607 8 
6854 41 177630 8 
6855 41 177655 8 
6856 41 177676 8 
6857 41 177705 8 
6858 41 177734 8 
6859 41 177763 8 
6860 41 177792 8 
6861 41 177820 8 
6862 41 177849 8 
6863 41 177877 8 
6864 41 177904 8 
6865 41 177931 8 
6866 41 177958 8 
6867 41 177985 8 
6868 41 178011 8 
6869 41 178037 8 
6870 41 178062 8 
6871 41 178088 8 
6872 41 178113 8 
6873 41 178138 8 
6874 41 178162 8 
6875 41 178187 8 
6876 41 178210 8 
6877 41 178234 8 
6878 41 178258 8 
6879 41 178282 8 
6880 41 178305 8 
6881 41 178318 8 
6882 41 178340 8 
6883 41 178362 8 
6884 41 178383 8 
6885 41 178414 8 
6886 41 178445 8 
6887 39 178470 8 
6888 41 178500 8 
6889 41 178530 8 
6890 41 178559 8 
6891 39 178581 8 
6892 41 178609 8 
6893 41 178638 8 
6894 41 178667 8 
6895 41 178697 8 
6896 41 178724 8 
6897 41 178751 8 
6898 41 178775 8 
6899 41 178802 8 
6900 41 178828 8 
6901 41 178853 8 
6902 41 178882 8 
6903 41 178907 8 
6904 41 178935 8 
6905 41 178959 8 
6906 39 178974 8 
6907 41 178997 8 
6908 41 179025 8 
6909 39 179037 8 
6910 41 179062 8 
6911 41 179088 8 
6912 41 179109 8 
6913 41 179134 8 
6914 41 179162 8 
6915 41 179191 8 
6916 41 179220 8 
6917 41 179249 8 
6918 41 179278 8 
6919 41 179306 8 
6920 41 179335 8 
6921 41 179362 8 
6922 41 179388 8 
6923 41 179415 8 
6924 41 179443 8 
6925 41 179471 8 
6926 41 179497 8 
6927 41 179522 8 
6928 41 179547 8 
6929 41 179574 8 
6930 41 179599 8 
6931 41 179626 8 
6932 41 179651 8 
6933 41 179679 8 
6934 41 179706 8 
6935 41 179729 8 
6936 41 179752 8 
6937 41 179776 8 
6938 41 179799 8 
6939 41 179822 8 
6940 41 179844 8 
6941 41 179854 8 
6942 41 179885 8 
6943 41 179916 8 
6944 41 179946 8 
6945 41 179975 8 
6946 41 180004 8 
6947 41 180030 8 
6948 41 180058 8 
6949 41 180084 8 
6950 41 180113 8 
6951 41 180142 8 
6952 41 180169 8 
6953 41 180195 8 
6954 41 180222 8 
6955 41 180251 8 
6956 41 180277 8 
6957 41 180303 8 
6958 41 180327 8 
6959 41 180353 8 
6960 41 180378 8 
6961 41 180399 8 
6962 41 180427 8 
6963 41 180446 8 
6964 41 180470 8 
6965 41 180492 8 
6966 41 180515 8 
6967 41 180537 8 
6968 41 180558 8 
6969 41 180584 8 
6970 41 180605 8 
6971 41 180633 8 
6972 41 180660 8 
6973 41 180689 8 
6974 41 180718 8 
6975 41 180746 8 
6976 41 180775 8 
6977 41 180804 8 
6978 41 180829 8 
6979 41 180856 8 
6980 41 180883 8 
6981 41 180908 8 
6982 41 180936 8 
6983 41 180962 8 
6984 41 180987 8 
6985 41 181015 8 
6986 41 181040 8 
6987 41 181064 8 
6988 41 181088 8 
6989 41 181115 8 
6990 41 181142 8 
6991 41 181169 8 
6992 41 181192 8 
6993 41 181216 8 
6994 41 181239 8 
6995 41 181262 8 
6996 41 181284 8 
6997 41 181294 8 
6998 41 181322 8 
6999 41 181351 8 
7000 41 181381 8 
7001 41 181411 8 
7002 41 181439 8 
7003 41 181467 8 
7004 41 181495 8 
7005 41 181522 8 
7006 41 181551 8 
7007 41 181575 8 
7008 41 181603 8 
7009 41 181631 8 
7010 41 181656 8 
7011 41 181681 8 
7012 41 181706 8 
7013 41 181731 8 
7014 41 181759 8 
7015 41 181779 8 
7016 41 181804 8 
7017 41 181828 8 
7018 41 181855 8 
7019 41 181882 8 
7020 41 181906 8 
7021 41 181922 8 
7022 41 181944 8 
7023 41 181966 8 
7024 41 181987 8 
7025 41 182012 8 
7026 41 182038 8 
7027 41 182067 8 
7028 41 182093 8 
7029 41 182122 8 
7030 41 182151 8 
7031 41 182180 8 
7032 41 182208 8 
7033 41 182233 8 
7034 41 182259 8 
7035 41 182286 8 
7036 41 182311 8 
7037 41 182335 8 
7038 41 182363 8 
7039 41 182389 8 
7040 41 182413 8 
7041 41 182438 8 
7042 41 182466 8 
7043 41 182482 8 
7044 41 182507 8 
7045 41 182531 8 
7046 41 182554 8 
7047 41 182570 8 
7048 41 182596 8 
7049 41 182622 8 
7050 41 182644 8 
7051 41 182665 8 
7052 41 182693 8 
7053 41 182722 8 
7054 41 182752 8 
7055 41 182783 8 
7056 41 182810 8 
7057 41 182838 8 
7058 41 182866 8 
7059 41 182894 8 
7060 41 182923 8 
7061 41 182951 8 
7062 41 182977 8 
7063 41 183003 8 
7064 41 183032 8 
7065 41 183054 8 
7066 41 183078 8 
7067 41 183100 8 
7068 41 183119 8 
7069 41 183143 8 
7070 41 183170 8 
7071 41 183185 8 
7072 41 183209 8 
7073 41 183232 8 
7074 41 183254 8 
7075 41 183280 8 
7076 41 183306 8 
7077 41 183328 8 
7078 41 183349 8 
7079 41 183379 8 
7080 41 183409 8 
7081 41 183437 8 
7082 41 183466 8 
7083 41 183493 8 
7084 41 183520 8 
7085 41 183547 8 
7086 41 183576 8 
7087 41 183602 8 
7088 41 183632 8 
7089 41 183658 8 
7090 41 183685 8 
7091 41 183711 8 
7092 41 183739 8 
7093 41 183767 8 
7094 41 183793 8 
7095 41 183816 8 
7096 41 183838 8 
7097 41 183862 8 
7098 41 183890 8 
7099 41 183914 8 
7100 41 183932 8 
7101 41 183955 8 
7102 41 183977 8 
7103 41 184003 8 
7104 41 184025 8 
7105 41 184047 8 
7106 41 184068 8 
7107 41 184100 8 
7108 41 184130 8 
7109 41 184160 8 
7110 41 184188 8 
7111 41 184217 8 
7112 41 184246 8 
7113 41 184272 8 
7114 41 184298 8 
7115 41 184327 8 
7116 41 184356 8 
7117 41 184382 8 
7118 41 184408 8 
7119 41 184435 8 
7120 41 184464 8 
7121 41 184489 8 
7122 41 184515 8 
7123 41 184541 8 
7124 41 184567 8 
7125 41 184592 8 
7126 41 184618 8 
7127 41 184638 8 
7128 41 184657 8 
7129 41 184684 8 
7130 41 184707 8 
7131 41 184729 8 
7132 41 184751 8 
7133 41 184777 8 
7134 41 184798 8 
7135 41 184819 8 
7136 41 184851 8 
7137 41 184881 8 
7138 41 184911 8 
7139 41 184939 8 
7140 41 184968 8 
7141 41 184995 8 
7142 41 185022 8 
7143 41 185049 8 
7144 41 185079 8 
7145 41 185108 8 
7146 41 185135 8 
7147 41 185161 8 
7148 41 185187 8 
7149 41 185213 8 
7150 41 185241 8 
7151 41 185269 8 
7152 41 185295 8 
7153 41 185318 8 
7154 41 185340 8 
7155 41 185364 8 
7156 41 185392 8 
7157 41 185415 8 
7158 41 185433 8 
7159 41 185456 8 
7160 41 185479 8 
7161 41 185501 8 
7162 41 185523 8 
7163 41 185549 8 
7164 41 185570 8 
7165 41 185597 8 
7166 41 185628 8 
7167 41 185657 8 
7168 41 185685 8 
7169 41 185715 8 
7170 41 185744 8 
7171 41 185769 8 
7172 41 185798 8 
7173 41 185824 8 
7174 41 185853 8 
7175 41 185881 8 
7176 41 185904 8 
7177 41 185931 8 
7178 41 185957 8 
7179 41 185984 8 
7180 41 186006 8 
7181 41 186031 8 
7182 41 186057 8 
7183 41 186077 8 
7184 41 186094 8 
7185 41 186116 8 
7186 41 186142 8 
7187 41 186167 8 
7188 41 186190 8 
7189 41 186211 8 
7190 41 186237 8 
7191 41 186258 8 
7192 41 186284 8 
7193 41 186308 8 
7194 41 186335 8 
7195 41 186363 8 
7196 41 186391 8 
7197 41 186417 8 
7198 41 186440 8 
7199 41 186468 8 
7200 41 186494 8 
7201 41 186522 8 
7202 41 186549 8 
7203 41 186573 8 
7204 41 186599 8 
7205 41 186628 8 
7206 41 186645 8 
7207 41 186664 8 
7208 41 186687 8 
7209 41 186704 8 
7210 41 186728 8 
7211 41 186751 8 
7212 41 186777 8 
7213 41 186799 8 
7214 41 186825 8 
7215 41 186846 8 
7216 41 186873 8 
7217 41 186902 8 
7218 41 186930 8 
7219 41 186959 8 
7220 41 186984 8 
7221 41 187010 8 
7222 41 187036 8 
7223 41 187064 8 
7224 41 187093 8 
7225 41 187121 8 
7226 41 187143 8 
7227 41 187169 8 
7228 41 187191 8 
7229 41 187216 8 
7230 41 187243 8 
7231 41 187264 8 
7232 41 187289 8 
7233 41 187312 8 
7234 41 187330 8 
7235 41 187356 8 
7236 41 187381 8 
7237 41 187403 8 
7238 41 187425 8 
7239 41 187451 8 
7240 41 187472 8 
7241 41 187499 8 
7242 41 187526 8 
7243 41 187554 8 
7244 41 187582 8 
7245 41 187608 8 
7246 41 187636 8 
7247 41 187665 8 
7248 41 187692 8 
7249 41 187717 8 
7250 41 187740 8 
7251 41 187767 8 
7252 41 187792 8 
7253 41 187817 8 
7254 41 187843 8 
7255 41 187871 8 
7256 41 187890 8 
7257 41 187914 8 
7258 41 187941 8 
7259 41 187965 8 
7260 41 187982 8 
7261 41 188008 8 
7262 41 188030 8 
7263 41 188052 8 
7264 41 188077 8 
7265 41 188098 8 
7266 41 188124 8 
7267 41 188153 8 
7268 41 188182 8 
7269 41 188208 8 
7270 41 188237 8 
7271 41 188265 8 
7272 41 188291 8 
7273 41 188320 8 
7274 41 188344 8 
7275 41 188370 8 
7276 41 188396 8 
7277 41 188418 8 
7278 41 188444 8 
7279 41 188469 8 
7280 41 188491 8 
7281 41 188516 8 
7282 41 188541 8 
7283 41 188564 8 
7284 41 188590 8 
7285 41 188615 8 
7286 41 188631 8 
7287 41 188652 8 
7288 41 188674 8 
7289 41 188699 8 
7290 41 188724 8 
7291 41 188750 8 
7292 41 188779 8 
7293 41 188808 8 
7294 41 188833 8 
7295 41 188859 8 
7296 41 188885 8 
7297 41 188914 8 
7298 41 188943 8 
7299 41 188969 8 
7300 41 188996 8 
7301 41 189018 8 
7302 41 189045 8 
7303 41 189067 8 
7304 41 189087 8 
7305 41 189112 8 
7306 41 189138 8 
7307 41 189163 8 
7308 41 189186 8 
7309 41 189203 8 
7310 41 189226 8 
7311 41 189249 8 
7312 41 189274 8 
7313 41 189295 8 
7314 41 189320 8 
7315 41 189346 8 
7316 41 189375 8 
7317 41 189404 8 
7318 41 189434 8 
7319 41 189459 8 
7320 41 189485 8 
7321 41 189511 8 
7322 41 189540 8 
7323 41 189569 8 
7324 41 189595 8 
7325 41 189620 8 
7326 41 189648 8 
7327 41 189669 8 
7328 41 189693 8 
7329 41 189719 8 
7330 41 189740 8 
7331 41 189765 8 
7332 41 189782 8 
7333 41 189807 8 
7334 41 189829 8 
7335 41 189855 8 
7336 41 189877 8 
7337 41 189899 8 
7338 41 189925 8 
7339 41 189946 8 
7340 41 189972 8 
7341 41 189998 8 
7342 41 190027 8 
7343 41 190052 8 
7344 41 190081 8 
7345 41 190107 8 
7346 41 190133 8 
7347 41 190161 8 
7348 41 190188 8 
7349 41 190210 8 
7350 41 190236 8 
7351 41 190259 8 
7352 41 190278 8 
7353 41 190303 8 
7354 41 190329 8 
7355 41 190348 8 
7356 41 190374 8 
7357 41 190397 8 
7358 41 190419 8 
7359 41 190445 8 
7360 41 190467 8 
7361 41 190492 8 
7362 41 190513 8 
7363 41 190543 8 
7364 41 190571 8 
7365 41 190600 8 
7366 41 190627 8 
7367 41 190654 8 
7368 41 190681 8 
7369 41 190711 8 
7370 41 190737 8 
7371 41 190766 8 
7372 41 190792 8 
7373 41 190818 8 
7374 41 190847 8 
7375 41 190873 8 
7376 41 190900 8 
7377 41 190927 8 
7378 41 190950 8 
7379 41 190975 8 
7380 41 190996 8 
7381 41 191016 8 
7382 41 191043 8 
7383 41 191070 8 
7384 41 191093 8 
7385 41 191115 8 
7386 41 191137 8 
7387 41 191160 8 
7388 41 191181 8 
7389 41 191202 8 
7390 41 191228 8 
7391 41 191257 8 
7392 41 191283 8 
7393 41 191311 8 
7394 41 191340 8 
7395 41 191366 8 
7396 41 191392 8 
7397 41 191418 8 
7398 41 191444 8 
7399 41 191469 8 
7400 41 191497 8 
7401 41 191522 8 
7402 41 191547 8 
7403 41 191567 8 
7404 41 191586 8 
7405 41 191613 8 
7406 41 191636 8 
7407 41 191659 8 
7408 41 191676 8 
7409 41 191701 8 
7410 41 191727 8 
7411 41 191749 8 
7412 41 191775 8 
7413 41 191796 8 
7414 41 191822 8 
7415 41 191848 8 
7416 41 191873 8 
7417 41 191902 8 
7418 41 191928 8 
7419 41 191954 8 
7420 41 191980 8 
7421 41 192007 8 
7422 41 192036 8 
7423 41 192058 8 
7424 41 192078 8 
7425 41 192103 8 
7426 41 192124 8 
7427 41 192149 8 
7428 41 192168 8 
7429 41 192191 8 
7430 41 192217 8 
7431 41 192240 8 
7432 41 192266 8 
7433 41 192287 8 
7434 41 192308 8 
7435 41 192333 8 
7436 41 192359 8 
7437 41 192385 8 
7438 41 192413 8 
7439 41 192442 8 
7440 41 192468 8 
7441 41 192494 8 
7442 41 192520 8 
7443 41 192546 8 
7444 41 192572 8 
7445 41 192601 8 
7446 41 192623 8 
7447 41 192648 8 
7448 41 192673 8 
7449 41 192693 8 
7450 41 192721 8 
7451 41 192738 8 
7452 41 192756 8 
7453 41 192781 8 
7454 41 192807 8 
7455 41 192833 8 
7456 41 192855 8 
7457 41 192877 8 
7458 41 192898 8 
7459 41 192927 8 
7460 41 192956 8 
7461 41 192985 8 
7462 41 193012 8 
7463 41 193039 8 
7464 41 193066 8 
7465 41 193095 8 
7466 41 193125 8 
7467 41 193151 8 
7468 41 193177 8 
7469 41 193206 8 
7470 41 193232 8 
7471 41 193258 8 
7472 41 193283 8 
7473 41 193309 8 
7474 41 193335 8 
7475 41 193357 8 
7476 41 193381 8 
7477 41 193401 8 
7478 41 193428 8 
7479 41 193451 8 
7480 41 193478 8 
7481 41 193501 8 
7482 41 193522 8 
7483 41 193545 8 
7484 41 193566 8 
7485 41 193587 8 
7486 39 193603 8 
7487 41 193630 8 
7488 41 193657 8 
7489 41 193684 8 
7490 41 193711 8 
7491 41 193729 8 
7492 39 193740 8 
7493 41 193763 8 
7494 39 193772 8 
7495 41 193797 8 
7496 41 193822 8 
7497 41 193848 8 
7498 41 193874 8 
7499 41 193900 8 
7500 41 193929 8 
7501 41 193955 8 
7502 41 193981 8 
7503 41 194010 8 
7504 41 194036 8 
7505 41 194060 8 
7506 41 194086 8 
7507 41 194106 8 
7508 41 194132 8 
7509 41 194152 8 
7510 41 194169 8 
7511 41 194191 8 
7512 41 194217 8 
7513 41 194243 8 
7514 41 194268 8 
7515 41 194290 8 
7516 41 194312 8 
7517 41 194333 8 
7518 35 194361 8 
7519 39 194392 8 
7520 39 194423 8 
7521 35 194449 8 
7522 35 194474 8 
7523 39 194503 8 
7524 39 194531 8 
7525 39 194559 8 
7526 39 194587 8 
7527 41 194615 8 
7528 39 194642 8 
7529 39 194669 8 
7530 39 194696 8 
7531 39 194722 8 
7532 37 194743 8 
7533 35 194762 8 
7534 39 194788 8 
7535 39 194815 8 
7536 39 194842 8 
7537 39 194868 8 
7538 37 194886 8 
7539 39 194911 8 
7540 39 194934 8 
7541 39 194957 8 
7542 39 194979 8 
7543 39 195004 8 
7544 39 195028 8 
7545 39 195053 8 
7546 39 195077 8 
7547 39 195101 8 
7548 37 195110 8 
7549 39 195133 8 
7550 39 195166 8 
7551 39 195197 8 
7552 39 195228 8 
7553 39 195258 8 
7554 37 195285 8 
7555 35 195310 8 
7556 39 195339 8 
7557 35 195362 8 
7558 39 195390 8 
7559 39 195416 8 
7560 37 195440 8 
7561 39 195465 8 
7562 39 195491 8 
7563 39 195517 8 
7564 39 195542 8 
7565 39 195567 8 
7566 39 195593 8 
7567 39 195620 8 
7568 39 195647 8 
7569 39 195673 8 
7570 35 195689 8 
7571 39 195714 8 
7572 39 195737 8 
7573 39 195762 8 
7574 39 195784 8 
7575 39 195809 8 
7576 39 195833 8 
7577 39 195858 8 
7578 39 195879 8 
7579 37 195889 8 
7580 39 195913 8 
7581 39 195936 8 
7582 41 195968 8 
7583 41 196001 8 
7584 41 196033 8 
7585 39 196062 8 
7586 41 196093 8 
7587 41 196124 8 
7588 41 196155 8 
7589 41 196183 8 
7590 39 196210 8 
7591 41 196238 8 
7592 41 196267 8 
7593 41 196294 8 
7594 41 196322 8 
7595 39 196345 8 
7596 41 196372 8 
7597 41 196400 8 
7598 41 196429 8 
7599 41 196458 8 
7600 39 196479 8 
7601 41 196506 8 
7602 41 196533 8 
7603 41 196558 8 
7604 41 196583 8 
7605 41 196607 8 
7606 41 196634 8 
7607 41 196660 8 
7608 41 196687 8 
7609 41 196714 8 
7610 41 196740 8 
7611 41 196763 8 
7612 41 196775 8 
7613 41 196801 8 
7614 41 196822 8 
7615 41 196855 8 
7616 41 196887 8 
7617 41 196919 8 
7618 39 196948 8 
7619 41 196979 8 
7620 41 197010 8 
7621 41 197041 8 
7622 39 197068 8 
7623 41 197096 8 
7624 41 197124 8 
7625 41 197153 8 
7626 41 197180 8 
7627 41 197208 8 
7628 39 197231 8 
7629 41 197258 8 
7630 41 197286 8 
7631 41 197315 8 
7632 39 197337 8 
7633 41 197365 8 
7634 41 197392 8 
7635 41 197419 8 
7636 41 197444 8 
7637 41 197469 8 
7638 41 197493 8 
7639 41 197520 8 
7640 41 197546 8 
7641 41 197573 8 
7642 41 197600 8 
7643 41 197626 8 
7644 41 197649 8 
7645 41 197676 8 
7646 41 197687 8 
7647 41 197708 8 
7648 41 197739 8 
7649 39 197768 8 
7650 39 197797 8 
7651 41 197828 8 
7652 41 197859 8 
7653 41 197890 8 
7654 41 197918 8 
7655 41 197947 8 
7656 41 197977 8 
7657 41 198005 8 
7658 39 198029 8 
7659 41 198057 8 
7660 39 198080 8 
7661 41 198109 8 
7662 41 198138 8 
7663 41 198164 8 
7664 39 198185 8 
7665 41 198212 8 
7666 41 198237 8 
7667 41 198265 8 
7668 41 198292 8 
7669 41 198320 8 
7670 41 198347 8 
7671 41 198374 8 
7672 41 198399 8 
7673 41 198423 8 
7674 41 198446 8 
7675 41 198473 8 
7676 41 198499 8 
7677 41 198525 8 
7678 41 198536 8 
7679 41 198557 8 
7680 35 198582 8 
7681 39 198611 8 
7682 39 198640 8 
7683 39 198669 8 
7684 37 198695 8 
7685 39 198722 8 
7686 39 198750 8 
7687 39 198776 8 
7688 35 198797 8 
7689 39 198822 8 
7690 39 198848 8 
7691 39 198874 8 
7692 35 198892 8 
7693 39 198916 8 
7694 39 198942 8 
7695 39 198968 8 
7696 39 198994 8 
7697 39 199019 8 
7698 39 199042 8 
7699 39 199065 8 
7700 39 199090 8 
7701 39 199115 8 
7702 39 199140 8 
7703 39 199164 8 
7704 39 199188 8 
7705 37 199199 8 
7706 39 199223 8 
7707 39 199247 8 
7708 39 199266 8 
7709 41 199297 8 
7710 39 199325 8 
7711 41 199355 8 
7712 41 199386 8 
7713 41 199415 8 
7714 39 199443 8 
7715 41 199471 8 
7716 41 199499 8 
7717 41 199527 8 
7718 41 199556 8 
7719 41 199585 8 
7720 41 199614 8 
7721 41 199643 8 
7722 39 199665 8 
7723 39 199687 8 
7724 41 199713 8 
7725 41 199739 8 
7726 41 199763 8 
7727 41 199791 8 
7728 41 199818 8 
7729 41 199844 8 
7730 41 199871 8 
7731 41 199897 8 
7732 41 199921 8 
7733 41 199948 8 
7734 41 199975 8 
7735 41 200002 8 
7736 41 200025 8 
7737 41 200037 8 
7738 41 200063 8 
7739 41 200084 8 
7740 41 200115 8 
7741 39 200143 8 
7742 41 200174 8 
7743 39 200203 8 
7744 41 200233 8 
7745 41 200262 8 
7746 41 200292 8 
7747 41 200320 8 
7748 41 200347 8 
7749 41 200377 8 
7750 41 200407 8 
7751 41 200437 8 
7752 41 200463 8 
7753 39 200486 8 
7754 41 200514 8 
7755 41 200540 8 
7756 41 200568 8 
7757 41 200593 8 
7758 39 200613 8 
7759 41 200641 8 
7760 41 200668 8 
7761 41 200689 8 
7762 41 200715 8 
7763 41 200739 8 
7764 41 200754 8 
7765 41 200777 8 
7766 41 200799 8 
7767 41 200825 8 
7768 41 200851 8 
7769 41 200876 8 
7770 41 200901 8 
7771 41 200933 8 
7772 41 200963 8 
7773 41 200993 8 
7774 39 201022 8 
7775 41 201050 8 
7776 41 201081 8 
7777 39 201107 8 
7778 41 201136 8 
7779 39 201160 8 
7780 41 201189 8 
7781 41 201219 8 
7782 41 201245 8 
7783 41 201273 8 
7784 41 201300 8 
7785 41 201327 8 
7786 41 201353 8 
7787 41 201380 8 
7788 41 201409 8 
7789 41 201437 8 
7790 41 201465 8 
7791 41 201487 8 
7792 41 201512 8 
7793 41 201529 8 
7794 41 201556 8 
7795 39 201570 8 
7796 41 201594 8 
7797 41 201615 8 
7798 41 201641 8 
7799 41 201667 8 
7800 41 201692 8 
7801 41 201717 8 
7802 41 201747 8 
7803 41 201775 8 
7804 41 201804 8 
7805 41 201833 8 
7806 41 201861 8 
7807 41 201890 8 
7808 41 201917 8 
7809 41 201944 8 
7810 41 201972 8 
7811 41 201997 8 
7812 41 202026 8 
7813 41 202052 8 
7814 41 202078 8 
7815 41 202103 8 
7816 41 202129 8 
7817 41 202154 8 
7818 41 202181 8 
7819 41 202208 8 
7820 41 202236 8 
7821 41 202263 8 
7822 41 202287 8 
7823 41 202311 8 
7824 41 202335 8 
7825 41 202358 8 
7826 41 202371 8 
7827 41 202393 8 
7828 41 202415 8 
7829 41 202436 8 
7830 39 202463 8 
7831 39 202491 8 
7832 39 202519 8 
7833 39 202547 8 
7834 39 202575 8 
7835 39 202602 8 
7836 35 202620 8 
7837 35 202641 8 
7838 39 202668 8 
7839 39 202695 8 
7840 39 202723 8 
7841 35 202742 8 
7842 39 202768 8 
7843 39 202790 8 
7844 39 202815 8 
7845 39 202839 8 
7846 39 202864 8 
7847 39 202891 8 
7848 39 202916 8 
7849 39 202942 8 
7850 39 202967 8 
7851 35 202978 8 
7852 39 202999 8 
7853 37 203010 8 
7854 39 203035 8 
7855 39 203059 8 
7856 39 203078 8 
7857 41 203106 8 
7858 41 203135 8 
7859 41 203164 8 
7860 39 203191 8 
7861 41 203220 8 
7862 39 203245 8 
7863 39 203270 8 
7864 41 203298 8 
7865 39 203322 8 
7866 41 203349 8 
7867 41 203377 8 
7868 41 203405 8 
7869 41 203433 8 
7870 41 203458 8 
7871 41 203483 8 
7872 41 203510 8 
7873 41 203537 8 
7874 41 203564 8 
7875 41 203589 8 
7876 41 203617 8 
7877 41 203644 8 
7878 41 203670 8 
7879 41 203693 8 
7880 41 203717 8 
7881 41 203740 8 
7882 41 203766 8 
7883 41 203792 8 
7884 41 203802 8 
7885 41 203833 8 
7886 39 203861 8 
7887 41 203891 8 
7888 41 203920 8 
7889 41 203949 8 
7890 41 203976 8 
7891 41 204004 8 
7892 41 204030 8 
7893 41 204059 8 
7894 41 204088 8 
7895 41 204117 8 
7896 41 204143 8 
7897 41 204170 8 
7898 41 204199 8 
7899 41 204227 8 
7900 41 204253 8 
7901 41 204277 8 
7902 41 204303 8 
7903 41 204328 8 
7904 41 204349 8 
7905 41 204377 8 
7906 39 204392 8 
7907 41 204416 8 
7908 41 204438 8 
7909 41 204464 8 
7910 41 204489 8 
7911 41 204514 8 
7912 41 204540 8 
7913 41 204561 8 
7914 41 204589 8 
7915 41 204616 8 
7916 39 204643 8 
7917 41 204672 8 
7918 39 204697 8 
7919 41 204726 8 
7920 39 204751 8 
7921 39 204774 8 
7922 41 204802 8 
7923 41 204829 8 
7924 41 204856 8 
7925 41 204884 8 
7926 41 204910 8 
7927 41 204935 8 
7928 41 204963 8 
7929 41 204990 8 
7930 41 205014 8 
7931 41 205038 8 
7932 41 205065 8 
7933 41 205092 8 
7934 41 205119 8 
7935 41 205145 8 
7936 41 205169 8 
7937 41 205192 8 
7938 41 205218 8 
7939 41 205244 8 
7940 41 205254 8 
7941 41 205282 8 
7942 41 205311 8 
7943 39 205338 8 
7944 41 205368 8 
7945 41 205397 8 
7946 41 205425 8 
7947 41 205453 8 
7948 41 205480 8 
7949 41 205509 8 
7950 41 205533 8 
7951 41 205561 8 
7952 41 205589 8 
7953 41 205616 8 
7954 41 205641 8 
7955 41 205666 8 
7956 41 205693 8 
7957 41 205721 8 
7958 39 205739 8 
7959 41 205764 8 
7960 41 205788 8 
7961 41 205815 8 
7962 41 205842 8 
7963 41 205866 8 
7964 39 205878 8 
7965 41 205903 8 
7966 41 205928 8 
7967 41 205953 8 
7968 41 205978 8 
7969 39 206003 8 
7970 39 206031 8 
7971 39 206054 8 
7972 39 206081 8 
7973 39 206107 8 
7974 39 206134 8 
7975 39 206161 8 
7976 37 206183 8 
7977 39 206209 8 
7978 35 206224 8 
7979 39 206248 8 
7980 39 206274 8 
7981 39 206299 8 
7982 35 206312 8 
7983 39 206337 8 
7984 39 206363 8 
7985 39 206388 8 
7986 39 206410 8 
7987 37 206422 8 
7988 39 206446 8 
7989 39 206466 8 
7990 39 206489 8 
7991 39 206512 8 
7992 41 206540 8 
7993 39 206566 8 
7994 41 206596 8 
7995 41 206627 8 
7996 41 206657 8 
7997 41 206683 8 
7998 39 206707 8 
7999 41 206735 8 
8000 41 206764 8 
8001 41 206792 8 
8002 41 206820 8 
8003 41 206848 8 
8004 41 206877 8 
8005 41 206899 8 
8006 41 206926 8 
8007 41 206948 8 
8008 39 206965 8 
8009 41 206989 8 
8010 41 207005 8 
8011 41 207031 8 
8012 41 207055 8 
8013 41 207078 8 
8014 41 207100 8 
8015 41 207126 8 
8016 41 207152 8 
8017 41 207177 8 
8018 41 207202 8 
8019 41 207232 8 
8020 41 207262 8 
8021 41 207290 8 
8022 41 207319 8 
8023 41 207347 8 
8024 41 207374 8 
8025 41 207401 8 
8026 41 207430 8 
8027 41 207456 8 
8028 41 207486 8 
8029 41 207512 8 
8030 41 207541 8 
8031 41 207569 8 
8032 41 207597 8 
8033 41 207625 8 
8034 41 207651 8 
8035 41 207674 8 
8036 41 207696 8 
8037 41 207720 8 
8038 41 207748 8 
8039 41 207775 8 
8040 39 207789 8 
8041 41 207815 8 
8042 41 207837 8 
8043 41 207863 8 
8044 41 207889 8 
8045 41 207911 8 
8046 41 207932 8 
8047 39 207961 8 
8048 41 207991 8 
8049 41 208021 8 
8050 41 208049 8 
8051 41 208078 8 
8052 41 208107 8 
8053 41 208134 8 
8054 41 208160 8 
8055 41 208189 8 
8056 41 208218 8 
8057 41 208246 8 
8058 41 208272 8 
8059 41 208301 8 
8060 41 208330 8 
8061 41 208355 8 
8062 41 208381 8 
8063 41 208407 8 
8064 41 208433 8 
8065 41 208458 8 
8066 41 208484 8 
8067 39 208500 8 
8068 41 208519 8 
8069 41 208546 8 
8070 41 208572 8 
8071 41 208594 8 
8072 41 208619 8 
8073 41 208645 8 
8074 41 208670 8 
8075 41 208691 8 
8076 39 208720 8 
8077 41 208750 8 
8078 41 208780 8 
8079 41 208808 8 
8080 41 208837 8 
8081 41 208865 8 
8082 41 208892 8 
8083 41 208919 8 
8084 41 208949 8 
8085 41 208978 8 
8086 41 209007 8 
8087 41 209033 8 
8088 41 209059 8 
8089 41 209087 8 
8090 41 209115 8 
8091 41 209143 8 
8092 41 209169 8 
8093 41 209192 8 
8094 41 209214 8 
8095 41 209238 8 
8096 41 209266 8 
8097 41 209289 8 
8098 39 209303 8 
8099 41 209329 8 
8100 41 209355 8 
8101 41 209381 8 
8102 41 209403 8 
8103 41 209429 8 
8104 41 209450 8 
8105 39 209478 8 
8106 41 209508 8 
8107 41 209536 8 
8108 41 209565 8 
8109 41 209592 8 
8110 41 209620 8 
8111 41 209649 8 
8112 41 209676 8 
8113 41 209705 8 
8114 41 209734 8 
8115 41 209761 8 
8116 41 209789 8 
8117 41 209817 8 
8118 41 209843 8 
8119 41 209870 8 
8120 41 209897 8 
8121 41 209920 8 
8122 41 209942 8 
8123 39 209959 8 
8124 41 209982 8 
8125 41 210009 8 
8126 41 210035 8 
8127 41 210058 8 
8128 41 210080 8 
8129 41 210105 8 
8130 41 210131 8 
8131 41 210157 8 
8132 41 210178 8 
8133 39 210200 8 
8134 35 210217 8 
8135 39 210242 8 
8136 39 210267 8 
8137 39 210288 8 
8138 39 210315 8 
8139 39 210340 8 
8140 39 210364 8 
8141 39 210390 8 
8142 39 210416 8 
8143 39 210441 8 
8144 39 210467 8 
8145 39 210492 8 
8146 39 210515 8 
8147 37 210528 8 
8148 39 210553 8 
8149 35 210561 8 
8150 39 210581 8 
8151 39 210604 8 
8152 39 210627 8 
8153 41 210657 8 
8154 41 210685 8 
8155 41 210714 8 
8156 41 210741 8 
8157 41 210769 8 
8158 41 210796 8 
8159 41 210823 8 
8160 41 210852 8 
8161 41 210881 8 
8162 41 210908 8 
8163 41 210936 8 
8164 41 210964 8 
8165 41 210992 8 
8166 41 211019 8 
8167 41 211046 8 
8168 39 211065 8 
8169 41 211087 8 
8170 41 211111 8 
8171 41 211131 8 
8172 41 211157 8 
8173 41 211183 8 
8174 41 211206 8 
8175 41 211229 8 
8176 41 211255 8 
8177 41 211280 8 
8178 41 211306 8 
8179 41 211327 8 
8180 41 211354 8 
8181 41 211381 8 
8182 41 211409 8 
8183 41 211438 8 
8184 41 211464 8 
8185 41 211492 8 
8186 41 211521 8 
8187 41 211548 8 
8188 41 211576 8 
8189 41 211599 8 
8190 41 211626 8 
8191 41 211651 8 
8192 41 211678 8 
8193 41 211704 8 
8194 41 211732 8 
8195 39 211749 8 
8196 41 211773 8 
8197 41 211800 8 
8198 41 211824 8 
8199 39 211837 8 
8200 41 211863 8 
8201 41 211888 8 
8202 41 211913 8 
8203 41 211938 8 
8204 41 211963 8 
8205 41 211989 8 
8206 41 212018 8 
8207 41 212048 8 
8208 41 212074 8 
8209 41 212103 8 
8210 41 212131 8 
8211 41 212157 8 
8212 41 212186 8 
8213 41 212210 8 
8214 41 212236 8 
8215 41 212262 8 
8216 39 212282 8 
8217 41 212308 8 
8218 41 212335 8 
8219 41 212357 8 
8220 41 212384 8 
8221 41 212409 8 
8222 41 212432 8 
8223 41 212458 8 
8224 41 212485 8 
8225 39 212497 8 
8226 41 212522 8 
8227 41 212548 8 
8228 41 212573 8 
8229 41 212598 8 
8230 41 212624 8 
8231 41 212654 8 
8232 41 212683 8 
8233 41 212708 8 
8234 41 212734 8 
8235 41 212760 8 
8236 41 212789 8 
8237 41 212818 8 
8238 41 212847 8 
8239 41 212874 8 
8240 41 212896 8 
8241 41 212923 8 
8242 41 212945 8 
8243 39 212963 8 
8244 41 212990 8 
8245 41 213016 8 
8246 41 213041 8 
8247 41 213064 8 
8248 39 213077 8 
8249 41 213103 8 
8250 41 213129 8 
8251 41 213154 8 
8252 41 213179 8 
8253 41 213204 8 
8254 41 213233 8 
8255 41 213262 8 
8256 41 213291 8 
8257 41 213318 8 
8258 41 213346 8 
8259 41 213373 8 
8260 41 213400 8 
8261 41 213429 8 
8262 41 213458 8 
8263 41 213486 8 
8264 41 213514 8 
8265 41 213543 8 
8266 41 213569 8 
8267 41 213594 8 
8268 41 213621 8 
8269 41 213646 8 
8270 41 213668 8 
8271 39 213685 8 
8272 41 213711 8 
8273 41 213734 8 
8274 41 213761 8 
8275 41 213787 8 
8276 41 213810 8 
8277 41 213832 8 
8278 41 213858 8 
8279 41 213883 8 
8280 41 213904 8 
8281 41 213932 8 
8282 41 213961 8 
8283 41 213988 8 
8284 41 214016 8 
8285 41 214043 8 
8286 41 214072 8 
8287 41 214101 8 
8288 41 214128 8 
8289 41 214157 8 
8290 41 214185 8 
8291 41 214211 8 
8292 41 214239 8 
8293 41 214266 8 
8294 41 214293 8 
8295 41 214316 8 
8296 39 214334 8 
8297 41 214355 8 
8298 41 214381 8 
8299 41 214404 8 
8300 41 214427 8 
8301 41 214454 8 
8302 41 214480 8 
8303 41 214502 8 
8304 41 214527 8 
8305 41 214553 8 
8306 41 214574 8 
8307 41 214604 8 
8308 41 214632 8 
8309 41 214661 8 
8310 41 214689 8 
8311 41 214716 8 
8312 41 214743 8 
8313 41 214773 8 
8314 41 214799 8 
8315 41 214828 8 
8316 41 214856 8 
8317 41 214884 8 
8318 41 214913 8 
8319 41 214939 8 
8320 41 214966 8 
8321 41 214993 8 
8322 39 215012 8 
8323 41 215037 8 
8324 41 215058 8 
8325 41 215078 8 
8326 41 215105 8 
8327 41 215132 8 
8328 41 215155 8 
8329 41 215177 8 
8330 41 215199 8 
8331 41 215224 8 
8332 41 215249 8 
8333 41 215274 8 
8334 41 215303 8 
8335 41 215332 8 
8336 41 215360 8 
8337 41 215388 8 
8338 41 215416 8 
8339 41 215445 8 
8340 41 215472 8 
8341 41 215500 8 
8342 41 215527 8 
8343 41 215554 8 
8344 41 215583 8 
8345 41 215611 8 
8346 41 215639 8 
8347 41 215664 8 
8348 41 215691 8 
8349 41 215716 8 
8350 39 215734 8 
8351 41 215758 8 
8352 41 215782 8 
8353 41 215801 8 
8354 41 215827 8 
8355 41 215853 8 
8356 41 215879 8 
8357 41 215902 8 
8358 41 215927 8 
8359 41 215953 8 
8360 41 215974 8 
8361 41 216002 8 
8362 41 216031 8 
8363 41 216060 8 
8364 41 216086 8 
8365 41 216113 8 
8366 41 216142 8 
8367 41 216171 8 
8368 41 216198 8 
8369 41 216226 8 
8370 41 216254 8 
8371 41 216283 8 
8372 41 216309 8 
8373 41 216336 8 
8374 39 216356 8 
8375 41 216382 8 
8376 41 216404 8 
8377 41 216425 8 
8378 41 216448 8 
8379 41 216475 8 
8380 41 216498 8 
8381 41 216524 8 
8382 41 216550 8 
8383 41 216572 8 
8384 41 216598 8 
8385 41 216619 8 
8386 41 216644 8 
8387 41 216670 8 
8388 41 216696 8 
8389 41 216724 8 
8390 41 216753 8 
8391 41 216779 8 
8392 41 216808 8 
8393 41 216834 8 
8394 41 216860 8 
8395 41 216889 8 
8396 41 216918 8 
8397 41 216940 8 
8398 41 216965 8 
8399 41 216990 8 
8400 39 217006 8 
8401 41 217034 8 
8402 39 217049 8 
8403 41 217067 8 
8404 41 217092 8 
8405 41 217118 8 
8406 41 217144 8 
8407 41 217169 8 
8408 41 217194 8 
8409 41 217219 8 
8410 37 217233 8 
8411 41 217260 8 
8412 41 217287 8 
8413 41 217314 8 
8414 41 217343 8 
8415 41 217370 8 
8416 41 217395 8 
8417 37 217404 8 
8418 41 217427 8 
8419 37 217434 8 
8420 41 217459 8 
8421 41 217484 8 
8422 41 217513 8 
8423 41 217542 8 
8424 41 217570 8 
8425 41 217597 8 
8426 41 217624 8 
8427 41 217653 8 
8428 41 217683 8 
8429 41 217709 8 
8430 41 217737 8 
8431 41 217766 8 
8432 41 217794 8 
8433 41 217820 8 
8434 41 217845 8 
8435 41 217871 8 
8436 41 217897 8 
8437 39 217915 8 
8438 41 217939 8 
8439 41 217959 8 
8440 41 217986 8 
8441 41 218009 8 
8442 41 218036 8 
8443 41 218061 8 
8444 41 218086 8 
8445 41 218109 8 
8446 41 218130 8 
8447 41 218155 8 
8448 41 218181 8 
8449 41 218207 8 
8450 41 218233 8 
8451 41 218262 8 
8452 41 218288 8 
8453 41 218317 8 
8454 41 218346 8 
8455 41 218375 8 
8456 41 218399 8 
8457 41 218425 8 
8458 41 218445 8 
8459 41 218471 8 
8460 39 218487 8 
8461 39 218502 8 
8462 41 218524 8 
8463 41 218550 8 
8464 41 218576 8 
8465 41 218601 8 
8466 41 218626 8 
8467 41 218651 8 
8468 41 218676 8 
8469 41 218710 8 
8470 41 218744 8 
8471 41 218777 8 
8472 41 218810 8 
8473 41 218842 8 
8474 41 218873 8 
8475 39 218902 8 
8476 39 218930 8 
8477 41 218961 8 
8478 41 218990 8 
8479 41 219019 8 
8480 41 219047 8 
8481 41 219076 8 
8482 41 219105 8 
8483 41 219133 8 
8484 39 219155 8 
8485 41 219182 8 
8486 41 219210 8 
8487 41 219239 8 
8488 41 219268 8 
8489 41 219295 8 
8490 41 219319 8 
8491 41 219344 8 
8492 41 219369 8 
8493 41 219396 8 
8494 41 219420 8 
8495 41 219445 8 
8496 41 219468 8 
8497 41 219495 8 
8498 41 219521 8 
8499 41 219547 8 
8500 41 219570 8 
8501 39 219580 8 
8502 41 219606 8 
8503 41 219631 8 
8504 41 219663 8 
8505 41 219696 8 
8506 41 219728 8 
8507 41 219759 8 
8508 39 219788 8 
8509 39 219816 8 
8510 41 219847 8 
8511 41 219876 8 
8512 41 219905 8 
8513 41 219933 8 
8514 41 219962 8 
8515 41 219991 8 
8516 41 220019 8 
8517 39 220041 8 
8518 41 220068 8 
8519 41 220096 8 
8520 41 220125 8 
8521 41 220154 8 
8522 41 220179 8 
8523 41 220205 8 
8524 41 220230 8 
8525 41 220255 8 
8526 41 220280 8 
8527 41 220306 8 
8528 41 220331 8 
8529 41 220354 8 
8530 41 220381 8 
8531 41 220407 8 
8532 41 220433 8 
8533 41 220456 8 
8534 39 220466 8 
8535 41 220492 8 
8536 41 220517 8 
8537 41 220549 8 
8538 41 220582 8 
8539 41 220614 8 
8540 41 220645 8 
8541 41 220676 8 
8542 41 220706 8 
8543 41 220737 8 
8544 41 220766 8 
8545 41 220795 8 
8546 41 220823 8 
8547 41 220851 8 
8548 41 220880 8 
8549 41 220908 8 
8550 41 220932 8 
8551 41 220959 8 
8552 41 220985 8 
8553 41 221012 8 
8554 41 221039 8 
8555 41 221064 8 
8556 41 221089 8 
8557 41 221114 8 
8558 41 221139 8 
8559 41 221166 8 
8560 41 221190 8 
8561 41 221215 8 
8562 41 221238 8 
8563 41 221264 8 
8564 41 221288 8 
8565 41 221314 8 
8566 41 221337 8 
8567 41 221351 8 
8568 41 221373 8 
8569 41 221398 8 
8570 41 221429 8 
8571 41 221460 8 
8572 41 221491 8 
8573 39 221520 8 
8574 39 221548 8 
8575 41 221579 8 
8576 41 221608 8 
8577 41 221637 8 
8578 41 221667 8 
8579 41 221697 8 
8580 41 221723 8 
8581 41 221751 8 
8582 39 221773 8 
8583 41 221802 8 
8584 41 221830 8 
8585 41 221856 8 
8586 41 221881 8 
8587 41 221906 8 
8588 41 221931 8 
8589 41 221959 8 
8590 41 221984 8 
8591 41 222012 8 
8592 41 222039 8 
8593 41 222065 8 
8594 41 222092 8 
8595 41 222116 8 
8596 41 222139 8 
8597 41 222166 8 
8598 41 222189 8 
8599 41 222215 8 
8600 39 222224 8 
8601 41 222249 8 
8602 37 222276 8 
8603 41 222307 8 
8604 37 222334 8 
8605 37 222360 8 
8606 40 222389 8 
8607 41 222419 8 
8608 41 222449 8 
8609 37 222473 8 
8610 41 222503 8 
8611 41 222531 8 
8612 41 222560 8 
8613 37 222580 8 
8614 41 222607 8 
8615 41 222635 8 
8616 41 222664 8 
8617 41 222693 8 
8618 41 222720 8 
8619 41 222746 8 
8620 41 222773 8 
8621 37 222790 8 
8622 41 222817 8 
8623 41 222842 8 
8624 41 222869 8 
8625 41 222895 8 
8626 41 222921 8 
8627 41 222948 8 
8628 41 222974 8 
8629 37 222983 8 
8630 41 223009 8 
8631 41 223035 8 
8632 41 223060 8 
8633 35 223085 8 
8634 39 223113 8 
8635 35 223136 8 
8636 37 223162 8 
8637 39 223191 8 
8638 39 223218 8 
8639 37 223243 8 
8640 39 223269 8 
8641 39 223296 8 
8642 37 223318 8 
8643 39 223344 8 
8644 39 223370 8 
8645 39 223394 8 
8646 39 223420 8 
8647 39 223446 8 
8648 39 223468 8 
8649 39 223493 8 
8650 39 223515 8 
8651 39 223539 8 
8652 39 223560 8 
8653 39 223583 8 
8654 39 223604 8 
8655 39 223628 8 
8656 39 223652 8 
8657 39 223675 8 
8658 39 223698 8 
8659 39 223722 8 
8660 39 223746 8 
8661 39 223769 8 
8662 39 223797 8 
8663 39 223825 8 
8664 39 223853 8 
8665 39 223881 8 
8666 37 223907 8 
8667 39 223935 8 
8668 39 223963 8 
8669 39 223990 8 
8670 37 224012 8 
8671 39 224040 8 
8672 39 224068 8 
8673 39 224094 8 
8674 35 224112 8 
8675 39 224136 8 
8676 39 224159 8 
8677 39 224184 8 
8678 39 224208 8 
8679 39 224235 8 
8680 39 224258 8 
8681 39 224284 8 
8682 39 224309 8 
8683 35 224321 8 
8684 39 224346 8 
8685 39 224367 8 
8686 35 224376 8 
8687 39 224399 8 
8688 39 224422 8 
8689 39 224446 8 
8690 41 224478 8 
8691 39 224506 8 
8692 41 224537 8 
8693 41 224568 8 
8694 41 224596 8 
8695 41 224627 8 
8696 41 224655 8 
8697 41 224684 8 
8698 39 224708 8 
8699 41 224737 8 
8700 41 224767 8 
8701 39 224789 8 
8702 41 224816 8 
8703 41 224843 8 
8704 41 224870 8 
8705 41 224898 8 
8706 41 224925 8 
8707 41 224953 8 
8708 41 224978 8 
8709 41 225005 8 
8710 41 225027 8 
8711 41 225052 8 
8712 39 225067 8 
8713 41 225094 8 
8714 41 225112 8 
8715 41 225138 8 
8716 41 225163 8 
8717 41 225189 8 
8718 41 225212 8 
8719 41 225237 8 
8720 41 225262 8 
8721 41 225292 8 
8722 41 225322 8 
8723 41 225350 8 
8724 41 225379 8 
8725 41 225409 8 
8726 39 225435 8 
8727 41 225464 8 
8728 41 225492 8 
8729 41 225520 8 
8730 41 225547 8 
8731 41 225574 8 
8732 41 225602 8 
8733 41 225629 8 
8734 41 225657 8 
8735 41 225683 8 
8736 41 225704 8 
8737 41 225729 8 
8738 41 225757 8 
8739 41 225785 8 
8740 41 225810 8 
8741 41 225838 8 
8742 39 225853 8 
8743 41 225869 8 
8744 41 225894 8 
8745 41 225919 8 
8746 41 225944 8 
8747 41 225969 8 
8748 41 225995 8 
8749 41 226020 8 
8750 41 226051 8 
8751 41 226082 8 
8752 37 226105 8 
8753 41 226135 8 
8754 41 226165 8 
8755 41 226195 8 
8756 37 226215 8 
8757 37 226237 8 
8758 41 226266 8 
8759 41 226295 8 
8760 41 226325 8 
8761 41 226352 8 
8762 41 226379 8 
8763 41 226406 8 
8764 41 226435 8 
8765 41 226461 8 
8766 41 226486 8 
8767 41 226515 8 
8768 41 226542 8 
8769 41 226570 8 
8770 41 226598 8 
8771 37 226611 8 
8772 41 226634 8 
8773 37 226645 8 
8774 41 226672 8 
8775 41 226697 8 
8776 41 226723 8 
8777 41 226748 8 
8778 41 226773 8 
8779 41 226802 8 
8780 41 226832 8 
8781 41 226863 8 
8782 39 226889 8 
8783 41 226918 8 
8784 41 226946 8 
8785 41 226975 8 
8786 41 227002 8 
8787 41 227028 8 
8788 41 227055 8 
8789 41 227083 8 
8790 41 227111 8 
8791 41 227137 8 
8792 39 227158 8 
8793 41 227183 8 
8794 41 227210 8 
8795 41 227235 8 
8796 41 227262 8 
8797 41 227287 8 
8798 41 227315 8 
8799 41 227342 8 
8800 41 227365 8 
8801 41 227388 8 
8802 41 227414 8 
8803 41 227440 8 
8804 41 227466 8 
8805 41 227492 8 
8806 39 227500 8 
8807 41 227531 8 
8808 39 227559 8 
8809 41 227589 8 
8810 41 227618 8 
8811 41 227647 8 
8812 41 227673 8 
8813 39 227699 8 
8814 41 227726 8 
8815 41 227755 8 
8816 41 227784 8 
8817 41 227811 8 
8818 41 227839 8 
8819 41 227866 8 
8820 41 227895 8 
8821 41 227923 8 
8822 41 227949 8 
8823 39 227969 8 
8824 41 227995 8 
8825 41 228022 8 
8826 41 228043 8 
8827 41 228071 8 
8828 41 228090 8 
8829 41 228114 8 
8830 41 228136 8 
8831 41 228159 8 
8832 41 228181 8 
8833 41 228206 8 
8834 41 228232 8 
8835 41 228257 8 
8836 39 228285 8 
8837 41 228316 8 
8838 41 228346 8 
8839 41 228375 8 
8840 41 228404 8 
8841 41 228431 8 
8842 41 228460 8 
8843 41 228487 8 
8844 41 228514 8 
8845 41 228543 8 
8846 41 228570 8 
8847 41 228596 8 
8848 41 228623 8 
8849 41 228650 8 
8850 41 228679 8 
8851 41 228707 8 
8852 41 228731 8 
8853 41 228759 8 
8854 41 228783 8 
8855 41 228811 8 
8856 41 228839 8 
8857 41 228863 8 
8858 41 228887 8 
8859 41 228914 8 
8860 41 228937 8 
8861 41 228961 8 
8862 41 228983 8 
8863 41 229009 8 
8864 39 229017 8 
8865 41 229046 8 
8866 41 229076 8 
8867 39 229103 8 
8868 41 229133 8 
8869 41 229161 8 
8870 41 229189 8 
8871 41 229219 8 
8872 39 229244 8 
8873 41 229273 8 
8874 39 229295 8 
8875 41 229323 8 
8876 41 229351 8 
8877 41 229376 8 
8878 39 229397 8 
8879 41 229422 8 
8880 41 229447 8 
8881 41 229475 8 
8882 41 229495 8 
8883 41 229520 8 
8884 41 229546 8 
8885 41 229573 8 
8886 41 229600 8 
8887 41 229627 8 
8888 41 229643 8 
8889 41 229665 8 
8890 41 229690 8 
8891 41 229715 8 
8892 41 229740 8 
8893 39 229762 8 
8894 39 229787 8 
8895 39 229814 8 
8896 35 229832 8 
8897 39 229857 8 
8898 39 229882 8 
8899 39 229908 8 
8900 39 229933 8 
8901 39 229957 8 
8902 39 229982 8 
8903 39 230007 8 
8904 39 230030 8 
8905 39 230056 8 
8906 39 230082 8 
8907 39 230108 8 
8908 39 230131 8 
8909 35 230142 8 
8910 39 230167 8 
8911 39 230192 8 
8912 35 230200 8 
8913 39 230223 8 
8914 39 230246 8 
8915 39 230272 8 
8916 41 230301 8 
8917 41 230331 8 
8918 41 230362 8 
8919 41 230391 8 
8920 41 230417 8 
8921 41 230445 8 
8922 41 230473 8 
8923 41 230503 8 
8924 41 230531 8 
8925 41 230557 8 
8926 41 230583 8 
8927 41 230612 8 
8928 39 230630 8 
8929 41 230657 8 
8930 41 230679 8 
8931 41 230698 8 
8932 41 230722 8 
8933 39 230736 8 
8934 41 230762 8 
8935 41 230789 8 
8936 41 230812 8 
8937 41 230837 8 
8938 41 230863 8 
8939 41 230889 8 
8940 41 230911 8 
8941 41 230936 8 
8942 41 230966 8 
8943 41 230996 8 
8944 39 231022 8 
8945 41 231052 8 
8946 41 231079 8 
8947 41 231108 8 
8948 41 231135 8 
8949 41 231164 8 
8950 41 231190 8 
8951 41 231220 8 
8952 41 231246 8 
8953 41 231273 8 
8954 41 231301 8 
8955 41 231329 8 
8956 41 231357 8 
8957 41 231383 8 
8958 41 231406 8 
8959 39 231424 8 
8960 41 231451 8 
8961 41 231479 8 
8962 41 231503 8 
8963 41 231521 8 
8964 41 231544 8 
8965 41 231566 8 
8966 41 231592 8 
8967 41 231617 8 
8968 41 231639 8 
8969 41 231664 8 
8970 41 231696 8 
8971 41 231726 8 
8972 41 231756 8 
8973 39 231782 8 
8974 41 231811 8 
8975 41 231841 8 
8976 41 231867 8 
8977 41 231895 8 
8978 41 231924 8 
8979 41 231953 8 
8980 41 231979 8 
8981 41 232005 8 
8982 41 232032 8 
8983 41 232061 8 
8984 41 232086 8 
8985 41 232112 8 
8986 41 232140 8 
8987 41 232166 8 
8988 41 232194 8 
8989 41 232220 8 
8990 39 232236 8 
8991 41 232255 8 
8992 41 232282 8 
8993 41 232305 8 
8994 41 232330 8 
8995 41 232352 8 
8996 41 232378 8 
8997 41 232403 8 
8998 41 232424 8 
8999 41 232456 8 
9000 41 232486 8 
9001 41 232516 8 
9002 39 232542 8 
9003 41 232571 8 
9004 41 232598 8 
9005 41 232626 8 
9006 41 232655 8 
9007 41 232685 8 
9008 41 232714 8 
9009 41 232741 8 
9010 41 232767 8 
9011 41 232795 8 
9012 41 232821 8 
9013 41 232849 8 
9014 41 232877 8 
9015 41 232906 8 
9016 41 232929 8 
9017 41 232951 8 
9018 41 232975 8 
9019 41 233003 8 
9020 41 233026 8 
9021 39 233040 8 
9022 41 233063 8 
9023 41 233086 8 
9024 41 233111 8 
9025 41 233133 8 
9026 41 233159 8 
9027 41 233184 8 
9028 41 233211 8 
9029 41 233242 8 
9030 41 233271 8 
9031 41 233299 8 
9032 41 233329 8 
9033 41 233359 8 
9034 39 233382 8 
9035 41 233411 8 
9036 41 233440 8 
9037 41 233469 8 
9038 41 233499 8 
9039 39 233520 8 
9040 41 233547 8 
9041 41 233573 8 
9042 41 233600 8 
9043 39 233618 8 
9044 41 233646 8 
9045 41 233672 8 
9046 41 233692 8 
9047 41 233709 8 
9048 41 233731 8 
9049 41 233757 8 
9050 41 233782 8 
9051 41 233808 8 
9052 41 233829 8 
9053 41 233855 8 
9054 41 233880 8 
9055 41 233906 8 
9056 41 233933 8 
9057 39 233955 8 
9058 41 233983 8 
9059 41 234011 8 
9060 41 234037 8 
9061 41 234060 8 
9062 41 234088 8 
9063 41 234114 8 
9064 41 234142 8 
9065 41 234170 8 
9066 41 234197 8 
9067 41 234223 8 
9068 39 234239 8 
9069 41 234267 8 
9070 41 234286 8 
9071 41 234312 8 
9072 39 234325 8 
9073 41 234349 8 
9074 41 234375 8 
9075 41 234401 8 
9076 41 234423 8 
9077 41 234449 8 
9078 41 234474 8 
9079 41 234503 8 
9080 41 234532 8 
9081 41 234562 8 
9082 41 234591 8 
9083 39 234614 8 
9084 41 234640 8 
9085 41 234666 8 
9086 41 234694 8 
9087 41 234723 8 
9088 41 234751 8 
9089 39 234771 8 
9090 41 234797 8 
9091 41 234819 8 
9092 41 234844 8 
9093 41 234871 8 
9094 39 234888 8 
9095 41 234915 8 
9096 41 234941 8 
9097 41 234959 8 
9098 41 234985 8 
9099 41 235010 8 
9100 41 235032 8 
9101 41 235057 8 
9102 41 235083 8 
9103 41 235108 8 
9104 41 235135 8 
9105 41 235162 8 
9106 41 235190 8 
9107 41 235218 8 
9108 39 235242 8 
9109 41 235271 8 
9110 41 235300 8 
9111 41 235327 8 
9112 41 235352 8 
9113 39 235373 8 
9114 41 235401 8 
9115 41 235429 8 
9116 41 235457 8 
9117 41 235483 8 
9118 41 235511 8 
9119 41 235530 8 
9120 41 235554 8 
9121 41 235581 8 
9122 41 235608 8 
9123 39 235621 8 
9124 41 235647 8 
9125 41 235669 8 
9126 41 235691 8 
9127 41 235716 8 
9128 41 235741 8 
9129 41 235771 8 
9130 39 235797 8 
9131 41 235826 8 
9132 41 235853 8 
9133 41 235882 8 
9134 41 235910 8 
9135 41 235938 8 
9136 41 235967 8 
9137 41 235994 8 
9138 41 236021 8 
9139 41 236049 8 
9140 41 236076 8 
9141 41 236104 8 
9142 39 236125 8 
9143 41 236151 8 
9144 41 236177 8 
9145 41 236199 8 
9146 41 236223 8 
9147 41 236250 8 
9148 41 236277 8 
9149 41 236302 8 
9150 41 236319 8 
9151 41 236341 8 
9152 41 236364 8 
9153 41 236389 8 
9154 41 236414 8 
9155 41 236439 8 
9156 41 236465 8 
9157 41 236494 8 
9158 41 236523 8 
9159 39 236546 8 
9160 41 236572 8 
9161 41 236598 8 
9162 41 236627 8 
9163 41 236656 8 
9164 41 236682 8 
9165 41 236709 8 
9166 39 236729 8 
9167 41 236758 8 
9168 41 236780 8 
9169 41 236800 8 
9170 41 236827 8 
9171 41 236853 8 
9172 41 236880 8 
9173 41 236907 8 
9174 39 236920 8 
9175 41 236943 8 
9176 41 236966 8 
9177 41 236991 8 
9178 41 237016 8 
9179 41 237041 8 
9180 41 237067 8 
9181 41 237096 8 
9182 41 237126 8 
9183 39 237150 8 
9184 41 237179 8 
9185 41 237205 8 
9186 41 237231 8 
9187 41 237260 8 
9188 41 237289 8 
9189 41 237315 8 
9190 41 237340 8 
9191 41 237370 8 
9192 39 237389 8 
9193 41 237413 8 
9194 41 237441 8 
9195 39 237458 8 
9196 41 237485 8 
9197 41 237502 8 
9198 41 237527 8 
9199 41 237553 8 
9200 41 237579 8 
9201 41 237605 8 
9202 41 237627 8 
9203 41 237653 8 
9204 41 237674 8 
9205 41 237700 8 
9206 41 237726 8 
9207 41 237756 8 
9208 39 237779 8 
9209 41 237808 8 
9210 41 237834 8 
9211 41 237863 8 
9212 41 237890 8 
9213 41 237920 8 
9214 39 237940 8 
9215 41 237969 8 
9216 41 237992 8 
9217 41 238011 8 
9218 41 238036 8 
9219 41 238062 8 
9220 39 238077 8 
9221 41 238103 8 
9222 41 238129 8 
9223 41 238151 8 
9224 41 238177 8 
9225 41 238199 8 
9226 41 238224 8 
9227 41 238249 8 
9228 41 238279 8 
9229 39 238305 8 
9230 41 238334 8 
9231 41 238361 8 
9232 41 238389 8 
9233 41 238416 8 
9234 41 238446 8 
9235 41 238472 8 
9236 41 238501 8 
9237 41 238527 8 
9238 41 238555 8 
9239 41 238584 8 
9240 41 238612 8 
9241 41 238639 8 
9242 41 238668 8 
9243 41 238691 8 
9244 41 238716 8 
9245 39 238733 8 
9246 41 238753 8 
9247 41 238780 8 
9248 41 238807 8 
9249 41 238830 8 
9250 41 238856 8 
9251 41 238878 8 
9252 41 238901 8 
9253 41 238922 8 
9254 41 238947 8 
9255 39 238973 8 
9256 41 239001 8 
9257 41 239031 8 
9258 41 239058 8 
9259 41 239086 8 
9260 41 239114 8 
9261 41 239141 8 
9262 41 239168 8 
9263 41 239195 8 
9264 41 239223 8 
9265 41 239252 8 
9266 41 239280 8 
9267 41 239305 8 
9268 41 239332 8 
9269 41 239357 8 
9270 39 239375 8 
9271 41 239399 8 
9272 41 239426 8 
9273 41 239450 8 
9274 41 239468 8 
9275 41 239494 8 
9276 41 239520 8 
9277 41 239546 8 
9278 41 239568 8 
9279 41 239594 8 
9280 41 239615 8 
9281 39 239641 8 
9282 41 239669 8 
9283 41 239697 8 
9284 41 239725 8 
9285 41 239754 8 
9286 41 239783 8 
9287 41 239810 8 
9288 41 239839 8 
9289 41 239865 8 
9290 41 239892 8 
9291 41 239920 8 
9292 41 239948 8 
9293 41 239975 8 
9294 41 240005 8 
9295 39 240024 8 
9296 41 240049 8 
9297 41 240070 8 
9298 41 240090 8 
9299 41 240113 8 
9300 41 240139 8 
9301 41 240162 8 
9302 41 240188 8 
9303 41 240210 8 
9304 41 240232 8 
9305 41 240258 8 
9306 41 240283 8 
9307 39 240307 8 
9308 41 240333 8 
9309 41 240362 8 
9310 41 240391 8 
9311 41 240420 8 
9312 41 240446 8 
9313 41 240472 8 
9314 41 240501 8 
9315 41 240527 8 
9316 41 240556 8 
9317 39 240576 8 
9318 41 240601 8 
9319 41 240629 8 
9320 41 240649 8 
9321 41 240677 8 
9322 41 240694 8 
9323 39 240708 8 
9324 41 240733 8 
9325 41 240759 8 
9326 41 240785 8 
9327 41 240807 8 
9328 41 240832 8 
9329 41 240857 8 
9330 39 240873 8 
9331 35 240884 8 
9332 39 240908 8 
9333 39 240932 8 
9334 39 240958 8 
9335 39 240982 8 
9336 39 240997 8 
9337 35 241004 8 
9338 39 241027 8 
9339 39 241050 8 
9340 41 241079 8 
9341 41 241108 8 
9342 41 241135 8 
9343 41 241163 8 
9344 41 241192 8 
9345 41 241221 8 
9346 41 241251 8 
9347 41 241277 8 
9348 41 241303 8 
9349 41 241332 8 
9350 41 241360 8 
9351 41 241386 8 
9352 41 241411 8 
9353 41 241437 8 
9354 41 241466 8 
9355 41 241488 8 
9356 41 241512 8 
9357 39 241528 8 
9358 41 241555 8 
9359 41 241578 8 
9360 41 241605 8 
9361 41 241628 8 
9362 41 241649 8 
9363 41 241675 8 
9364 41 241696 8 
9365 41 241721 8 
9366 41 241749 8 
9367 41 241778 8 
9368 41 241805 8 
9369 41 241834 8 
9370 41 241861 8 
9371 41 241890 8 
9372 41 241919 8 
9373 41 241945 8 
9374 41 241972 8 
9375 41 242000 8 
9376 41 242028 8 
9377 41 242053 8 
9378 41 242079 8 
9379 39 242098 8 
9380 41 242123 8 
9381 41 242151 8 
9382 41 242171 8 
9383 41 242193 8 
9384 41 242219 8 
9385 41 242245 8 
9386 41 242271 8 
9387 41 242294 8 
9388 41 242316 8 
9389 41 242338 8 
9390 41 242363 8 
9391 41 242396 8 
9392 41 242428 8 
9393 41 242459 8 
9394 41 242490 8 
9395 41 242521 8 
9396 41 242551 8 
9397 41 242581 8 
9398 41 242609 8 
9399 41 242638 8 
9400 41 242666 8 
9401 41 242693 8 
9402 41 242722 8 
9403 41 242752 8 
9404 41 242780 8 
9405 41 242806 8 
9406 41 242832 8 
9407 41 242858 8 
9408 41 242883 8 
9409 41 242911 8 
9410 41 242936 8 
9411 41 242962 8 
9412 41 242986 8 
9413 41 243010 8 
9414 41 243037 8 
9415 41 243062 8 
9416 41 243086 8 
9417 41 243108 8 
9418 41 243131 8 
9419 41 243154 8 
9420 41 243166 8 
9421 41 243192 8 
9422 41 243213 8 
9423 41 243245 8 
9424 41 243278 8 
9425 41 243310 8 
9426 41 243341 8 
9427 41 243372 8 
9428 41 243402 8 
9429 41 243432 8 
9430 41 243462 8 
9431 41 243491 8 
9432 41 243519 8 
9433 41 243547 8 
9434 41 243574 8 
9435 41 243602 8 
9436 41 243628 8 
9437 41 243655 8 
9438 41 243681 8 
9439 41 243708 8 
9440 41 243734 8 
9441 41 243760 8 
9442 41 243785 8 
9443 41 243810 8 
9444 41 243835 8 
9445 41 243860 8 
9446 41 243884 8 
9447 41 243909 8 
9448 41 243932 8 
9449 41 243956 8 
9450 41 243980 8 
9451 41 244002 8 
9452 41 244025 8 
9453 41 244039 8 
9454 41 244061 8 
9455 41 244082 8 
9456 41 244113 8 
9457 41 244144 8 
9458 41 244175 8 
9459 41 244206 8 
9460 41 244237 8 
9461 41 244268 8 
9462 41 244296 8 
9463 41 244325 8 
9464 41 244355 8 
9465 41 244383 8 
9466 41 244409 8 
9467 41 244437 8 
9468 41 244463 8 
9469 41 244492 8 
9470 41 244519 8 
9471 41 244545 8 
9472 41 244571 8 
9473 41 244596 8 
9474 41 244621 8 
9475 41 244649 8 
9476 41 244674 8 
9477 41 244702 8 
9478 41 244729 8 
9479 41 244753 8 
9480 41 244778 8 
9481 41 244802 8 
9482 41 244825 8 
9483 41 244852 8 
9484 41 244875 8 
9485 41 244897 8 
9486 41 244908 8 
9487 41 244929 8 
9488 39 244958 8 
9489 41 244989 8 
9490 41 245020 8 
9491 41 245051 8 
9492 41 245081 8 
9493 41 245111 8 
9494 41 245140 8 
9495 39 245166 8 
9496 41 245194 8 
9497 41 245222 8 
9498 41 245251 8 
9499 41 245277 8 
9500 41 245304 8 
9501 41 245332 8 
9502 41 245361 8 
9503 41 245390 8 
9504 41 245417 8 
9505 41 245443 8 
9506 41 245468 8 
9507 39 245487 8 
9508 41 245514 8 
9509 41 245539 8 
9510 41 245566 8 
9511 41 245590 8 
9512 41 245616 8 
9513 41 245639 8 
9514 41 245665 8 
9515 39 245676 8 
9516 41 245702 8 
9517 41 245728 8 
9518 41 245749 8 
9519 41 245780 8 
9520 41 245810 8 
9521 41 245840 8 
9522 41 245871 8 
9523 41 245900 8 
9524 41 245930 8 
9525 41 245958 8 
9526 41 245986 8 
9527 41 246014 8 
9528 41 246043 8 
9529 41 246072 8 
9530 41 246101 8 
9531 41 246130 8 
9532 41 246155 8 
9533 41 246181 8 
9534 41 246207 8 
9535 41 246232 8 
9536 41 246257 8 
9537 41 246285 8 
9538 41 246311 8 
9539 41 246335 8 
9540 41 246360 8 
9541 41 246383 8 
9542 41 246407 8 
9543 41 246434 8 
9544 41 246458 8 
9545 41 246481 8 
9546 41 246504 8 
9547 41 246516 8 
9548 41 246542 8 
9549 41 246563 8 
9550 41 246594 8 
9551 41 246624 8 
9552 41 246655 8 
9553 41 246686 8 
9554 41 246716 8 
9555 41 246745 8 
9556 41 246773 8 
9557 41 246803 8 
9558 41 246830 8 
9559 41 246860 8 
9560 41 246890 8 
9561 41 246916 8 
9562 41 246943 8 
9563 41 246970 8 
9564 41 246997 8 
9565 41 247023 8 
9566 41 247049 8 
9567 41 247076 8 
9568 41 247100 8 
9569 41 247128 8 
9570 41 247153 8 
9571 41 247174 8 
9572 41 247197 8 
9573 41 247221 8 
9574 41 247236 8 
9575 41 247259 8 
9576 41 247281 8 
9577 41 247307 8 
9578 41 247330 8 
9579 41 247351 8 
9580 41 247376 8 
9581 41 247408 8 
9582 41 247438 8 
9583 41 247468 8 
9584 41 247499 8 
9585 41 247527 8 
9586 41 247558 8 
9587 41 247586 8 
9588 41 247615 8 
9589 41 247642 8 
9590 41 247671 8 
9591 41 247701 8 
9592 41 247727 8 
9593 41 247754 8 
9594 41 247781 8 
9595 41 247808 8 
9596 41 247836 8 
9597 41 247861 8 
9598 41 247889 8 
9599 41 247914 8 
9600 41 247939 8 
9601 41 247961 8 
9602 41 247986 8 
9603 41 248006 8 
9604 41 248022 8 
9605 41 248048 8 
9606 41 248072 8 
9607 41 248093 8 
9608 41 248119 8 
9609 41 248142 8 
9610 41 248167 8 
9611 41 248188 8 
9612 41 248217 8 
9613 41 248246 8 
9614 41 248275 8 
9615 41 248304 8 
9616 41 248332 8 
9617 41 248361 8 
9618 41 248389 8 
9619 41 248416 8 
9620 41 248444 8 
9621 41 248472 8 
9622 41 248497 8 
9623 41 248523 8 
9624 41 248549 8 
9625 41 248574 8 
9626 41 248600 8 
9627 41 248625 8 
9628 41 248650 8 
9629 41 248674 8 
9630 41 248699 8 
9631 41 248722 8 
9632 41 248746 8 
9633 41 248770 8 
9634 41 248794 8 
9635 41 248817 8 
9636 41 248830 8 
9637 41 248852 8 
9638 41 248874 8 
9639 41 248895 8 
9640 41 248926 8 
9641 41 248957 8 
9642 39 248982 8 
9643 41 249012 8 
9644 41 249042 8 
9645 41 249071 8 
9646 39 249093 8 
9647 41 249121 8 
9648 41 249150 8 
9649 41 249179 8 
9650 41 249209 8 
9651 41 249236 8 
9652 41 249263 8 
9653 41 249287 8 
9654 41 249314 8 
9655 41 249340 8 
9656 41 249365 8 
9657 41 249394 8 
9658 41 249419 8 
9659 41 249447 8 
9660 41 249471 8 
9661 39 249486 8 
9662 41 249509 8 
9663 39 249522 8 
9664 41 249549 8 
9665 41 249574 8 
9666 41 249600 8 
9667 41 249621 8 
9668 41 249646 8 
9669 41 249674 8 
9670 41 249703 8 
9671 41 249732 8 
9672 41 249761 8 
9673 41 249790 8 
9674 41 249818 8 
9675 41 249847 8 
9676 41 249874 8 
9677 41 249900 8 
9678 41 249927 8 
9679 41 249955 8 
9680 41 249983 8 
9681 41 250009 8 
9682 41 250034 8 
9683 41 250059 8 
9684 41 250086 8 
9685 41 250111 8 
9686 41 250138 8 
9687 41 250163 8 
9688 41 250191 8 
9689 41 250218 8 
9690 41 250241 8 
9691 41 250264 8 
9692 41 250288 8 
9693 41 250311 8 
9694 41 250334 8 
9695 41 250356 8 
9696 41 250366 8 
9697 41 250397 8 
9698 41 250428 8 
9699 41 250458 8 
9700 41 250487 8 
9701 41 250516 8 
9702 41 250542 8 
9703 41 250570 8 
9704 41 250596 8 
9705 41 250625 8 
9706 41 250654 8 
9707 41 250681 8 
9708 41 250707 8 
9709 41 250734 8 
9710 41 250763 8 
9711 41 250789 8 
9712 41 250815 8 
9713 41 250839 8 
9714 41 250865 8 
9715 41 250890 8 
9716 41 250911 8 
9717 41 250939 8 
9718 41 250958 8 
9719 41 250982 8 
9720 41 251004 8 
9721 41 251027 8 
9722 41 251049 8 
9723 41 251070 8 
9724 41 251096 8 
9725 41 251117 8 
9726 41 251145 8 
9727 41 251172 8 
9728 41 251201 8 
9729 41 251230 8 
9730 41 251258 8 
9731 41 251287 8 
9732 41 251316 8 
9733 41 251341 8 
9734 41 251368 8 
9735 41 251395 8 
9736 41 251420 8 
9737 41 251448 8 
9738 41 251474 8 
9739 41 251499 8 
9740 41 251527 8 
9741 41 251552 8 
9742 41 251577 8 
9743 41 251600 8 
9744 41 251627 8 
9745 41 251654 8 
9746 41 251681 8 
9747 41 251704 8 
9748 41 251728 8 
9749 41 251751 8 
9750 41 251774 8 
9751 41 251796 8 
9752 41 251806 8 
9753 41 251834 8 
9754 41 251863 8 
9755 41 251893 8 
9756 41 251923 8 
9757 41 251951 8 
9758 41 251979 8 
9759 41 252007 8 
9760 41 252036 8 
9761 41 252061 8 
9762 41 252087 8 
9763 41 252115 8 
9764 41 252143 8 
9765 41 252168 8 
9766 41 252193 8 
9767 41 252218 8 
9768 41 252243 8 
9769 41 252271 8 
9770 41 252291 8 
9771 41 252316 8 
9772 41 252340 8 
9773 41 252367 8 
9774 41 252394 8 
9775 41 252418 8 
9776 41 252434 8 
9777 41 252456 8 
9778 41 252478 8 
9779 41 252499 8 
9780 41 252524 8 
9781 41 252553 8 
9782 41 252579 8 
9783 41 252605 8 
9784 41 252634 8 
9785 41 252663 8 
9786 41 252692 8 
9787 41 252720 8 
9788 41 252745 8 
9789 41 252771 8 
9790 41 252798 8 
9791 41 252823 8 
9792 41 252847 8 
9793 41 252875 8 
9794 41 252901 8 
9795 41 252925 8 
9796 41 252950 8 
9797 41 252967 8 
9798 41 252994 8 
9799 41 253019 8 
9800 41 253043 8 
9801 41 253066 8 
9802 41 253082 8 
9803 41 253108 8 
9804 41 253134 8 
9805 41 253156 8 
9806 41 253177 8 
9807 41 253205 8 
9808 41 253234 8 
9809 41 253264 8 
9810 41 253295 8 
9811 41 253325 8 
9812 41 253353 8 
9813 41 253378 8 
9814 41 253406 8 
9815 41 253435 8 
9816 41 253463 8 
9817 41 253489 8 
9818 41 253515 8 
9819 41 253544 8 
9820 41 253566 8 
9821 41 253590 8 
9822 41 253612 8 
9823 41 253631 8 
9824 41 253655 8 
9825 41 253671 8 
9826 41 253697 8 
9827 41 253721 8 
9828 41 253744 8 
9829 41 253766 8 
9830 41 253792 8 
9831 41 253818 8 
9832 41 253840 8 
9833 41 253861 8 
9834 41 253891 8 
9835 41 253921 8 
9836 41 253949 8 
9837 41 253978 8 
9838 41 254005 8 
9839 41 254032 8 
9840 41 254059 8 
9841 41 254088 8 
9842 41 254114 8 
9843 41 254144 8 
9844 41 254170 8 
9845 41 254197 8 
9846 41 254223 8 
9847 41 254251 8 
9848 41 254278 8 
9849 41 254305 8 
9850 41 254328 8 
9851 41 254350 8 
9852 41 254374 8 
9853 41 254402 8 
9854 41 254421 8 
9855 41 254445 8 
9856 41 254467 8 
9857 41 254489 8 
9858 41 254515 8 
9859 41 254537 8 
9860 41 254559 8 
9861 41 254580 8 
9862 41 254612 8 
9863 41 254642 8 
9864 41 254672 8 
9865 41 254700 8 
9866 41 254729 8 
9867 41 254758 8 
9868 41 254784 8 
9869 41 254810 8 
9870 41 254839 8 
9871 41 254868 8 
9872 41 254894 8 
9873 41 254920 8 
9874 41 254947 8 
9875 41 254976 8 
9876 41 255001 8 
9877 41 255027 8 
9878 41 255053 8 
9879 41 255079 8 
9880 41 255104 8 
9881 41 255130 8 
9882 41 255150 8 
9883 41 255169 8 
9884 41 255196 8 
9885 41 255219 8 
9886 41 255241 8 
9887 41 255263 8 
9888 41 255289 8 
9889 41 255310 8 
9890 41 255331 8 
9891 41 255363 8 
9892 41 255393 8 
9893 41 255423 8 
9894 41 255451 8 
9895 41 255480 8 
9896 41 255507 8 
9897 41 255534 8 
9898 41 255561 8 
9899 41 255591 8 
9900 41 255620 8 
9901 41 255647 8 
9902 41 255673 8 
9903 41 255699 8 
9904 41 255725 8 
9905 41 255753 8 
9906 41 255781 8 
9907 41 255807 8 
9908 41 255830 8 
9909 41 255852 8 
9910 41 255876 8 
9911 41 255904 8 
9912 41 255927 8 
9913 41 255945 8 
9914 41 255968 8 
9915 41 255991 8 
9916 41 256013 8 
9917 41 256035 8 
9918 41 256061 8 
9919 41 256082 8 
9920 41 256109 8 
9921 41 256137 8 
9922 41 256161 8 
9923 41 256190 8 
9924 41 256218 8 
9925 41 256246 8 
9926 41 256272 8 
9927 41 256295 8 
9928 41 256323 8 
9929 41 256349 8 
9930 41 256377 8 
9931 41 256404 8 
9932 41 256428 8 
9933 41 256454 8 
9934 41 256475 8 
9935 41 256492 8 
9936 41 256519 8 
9937 41 256542 8 
9938 41 256559 8 
9939 41 256583 8 
9940 41 256606 8 
9941 41 256632 8 
9942 41 256654 8 
9943 41 256680 8 
9944 41 256701 8 
9945 41 256728 8 
9946 41 256757 8 
9947 41 256786 8 
9948 41 256814 8 
9949 41 256843 8 
9950 41 256868 8 
9951 41 256894 8 
9952 41 256920 8 
9953 41 256948 8 
9954 41 256977 8 
9955 41 257005 8 
9956 41 257027 8 
9957 41 257053 8 
9958 41 257075 8 
9959 41 257100 8 
9960 41 257121 8 
9961 41 257148 8 
9962 41 257173 8 
9963 41 257196 8 
9964 41 257214 8 
9965 41 257240 8 
9966 41 257265 8 
9967 41 257287 8 
9968 41 257309 8 
9969 41 257335 8 
9970 41 257356 8 
9971 41 257383 8 
9972 41 257411 8 
9973 41 257441 8 
9974 41 257470 8 
9975 41 257495 8 
9976 41 257524 8 
9977 41 257550 8 
9978 41 257579 8 
9979 41 257608 8 
9980 41 257635 8 
9981 41 257657 8 
9982 41 257683 8 
9983 41 257710 8 
9984 41 257732 8 
9985 41 257757 8 
9986 41 257783 8 
9987 41 257803 8 
9988 41 257820 8 
9989 41 257842 8 
9990 41 257868 8 
9991 41 257893 8 
9992 41 257915 8 
9993 41 257937 8 
9994 41 257963 8 
9995 41 257984 8 
9996 41 258011 8 
9997 41 258038 8 
9998 41 258066 8 
9999 41 258094 8 
10000 41 258120 8 
10001 41 258148 8 
10002 41 258177 8 
10003 41 258204 8 
10004 41 258229 8 
10005 41 258252 8 
10006 41 258279 8 
10007 41 258304 8 
10008 41 258329 8 
10009 41 258355 8 
10010 41 258383 8 
10011 41 258402 8 
10012 41 258426 8 
10013 41 258453 8 
10014 41 258477 8 
10015 41 258494 8 
10016 41 258520 8 
10017 41 258542 8 
10018 41 258564 8 
10019 41 258589 8 
10020 41 258610 8 
10021 41 258636 8 
10022 41 258665 8 
10023 41 258694 8 
10024 41 258723 8 
10025 41 258748 8 
10026 41 258774 8 
10027 41 258800 8 
10028 41 258829 8 
10029 41 258858 8 
10030 41 258884 8 
10031 41 258911 8 
10032 41 258933 8 
10033 41 258960 8 
10034 41 258982 8 
10035 41 259002 8 
10036 41 259027 8 
10037 41 259053 8 
10038 41 259078 8 
10039 41 259101 8 
10040 41 259118 8 
10041 41 259141 8 
10042 41 259164 8 
10043 41 259189 8 
10044 41 259210 8 
10045 41 259235 8 
10046 41 259261 8 
10047 41 259290 8 
10048 41 259316 8 
10049 41 259345 8 
10050 41 259373 8 
10051 41 259399 8 
10052 41 259428 8 
10053 41 259452 8 
10054 41 259478 8 
10055 41 259506 8 
10056 41 259531 8 
10057 41 259552 8 
10058 41 259577 8 
10059 41 259599 8 
10060 41 259624 8 
10061 41 259649 8 
10062 41 259672 8 
10063 41 259698 8 
10064 41 259715 8 
10065 41 259737 8 
10066 41 259760 8 
10067 41 259782 8 
10068 41 259807 8 
10069 41 259832 8 
10070 41 259858 8 
10071 41 259887 8 
10072 41 259916 8 
10073 41 259942 8 
10074 41 259971 8 
10075 41 259997 8 
10076 41 260023 8 
10077 41 260052 8 
10078 41 260081 8 
10079 41 260107 8 
10080 41 260132 8 
10081 41 260158 8 
10082 41 260185 8 
10083 41 260205 8 
10084 41 260231 8 
10085 41 260252 8 
10086 41 260277 8 
10087 41 260294 8 
10088 41 260319 8 
10089 41 260341 8 
10090 41 260367 8 
10091 41 260390 8 
10092 41 260411 8 
10093 41 260437 8 
10094 41 260458 8 
10095 41 260484 8 
10096 41 260510 8 
10097 41 260539 8 
10098 41 260564 8 
10099 41 260593 8 
10100 41 260619 8 
10101 41 260645 8 
10102 41 260673 8 
10103 41 260700 8 
10104 41 260722 8 
10105 41 260748 8 
10106 41 260771 8 
10107 41 260796 8 
10108 41 260815 8 
10109 41 260841 8 
10110 41 260860 8 
10111 41 260886 8 
10112 41 260909 8 
10113 41 260931 8 
10114 41 260957 8 
10115 41 260979 8 
10116 41 261004 8 
10117 41 261025 8 
10118 41 261055 8 
10119 41 261083 8 
10120 41 261112 8 
10121 41 261139 8 
10122 41 261166 8 
10123 41 261193 8 
10124 41 261223 8 
10125 41 261249 8 
10126 41 261278 8 
10127 41 261304 8 
10128 41 261330 8 
10129 41 261359 8 
10130 41 261385 8 
10131 41 261412 8 
10132 41 261439 8 
10133 41 261465 8 
10134 41 261487 8 
10135 41 261508 8 
10136 41 261528 8 
10137 41 261555 8 
10138 41 261582 8 
10139 41 261605 8 
10140 41 261628 8 
10141 41 261649 8 
10142 41 261672 8 
10143 41 261693 8 
10144 41 261714 8 
10145 41 261740 8 
10146 41 261769 8 
10147 41 261795 8 
10148 41 261823 8 
10149 41 261852 8 
10150 41 261878 8 
10151 41 261904 8 
10152 41 261930 8 
10153 41 261956 8 
10154 41 261981 8 
10155 41 262009 8 
10156 41 262034 8 
10157 41 262059 8 
10158 41 262079 8 
10159 41 262098 8 
10160 41 262125 8 
10161 41 262148 8 
10162 41 262171 8 
10163 41 262188 8 
10164 41 262213 8 
10165 41 262239 8 
10166 41 262261 8 
10167 41 262287 8 
10168 41 262308 8 
10169 41 262334 8 
10170 41 262360 8 
10171 41 262385 8 
10172 41 262414 8 
10173 41 262440 8 
10174 41 262466 8 
10175 41 262492 8 
10176 41 262519 8 
10177 41 262548 8 
10178 41 262575 8 
10179 41 262596 8 
10180 41 262615 8 
10181 41 262636 8 
10182 41 262661 8 
10183 41 262680 8 
10184 41 262703 8 
10185 41 262729 8 
10186 41 262752 8 
10187 41 262778 8 
10188 41 262799 8 
10189 41 262820 8 
10190 41 262845 8 
10191 41 262871 8 
10192 41 262897 8 
10193 41 262925 8 
10194 41 262954 8 
10195 41 262980 8 
10196 41 263006 8 
10197 41 263032 8 
10198 41 263058 8 
10199 41 263084 8 
10200 41 263113 8 
10201 41 263135 8 
10202 41 263160 8 
10203 41 263185 8 
10204 41 263205 8 
10205 41 263233 8 
10206 41 263250 8 
10207 41 263268 8 
10208 41 263293 8 
10209 41 263319 8 
10210 41 263345 8 
10211 41 263367 8 
10212 41 263389 8 
10213 41 263410 8 
10214 39 263426 8 
10215 41 263453 8 
10216 41 263480 8 
10217 41 263507 8 
10218 41 263534 8 
10219 41 263563 8 
10220 41 263581 8 
10221 39 263592 8 
10222 41 263615 8 
10223 39 263624 8 
10224 41 263649 8 
10225 41 263674 8 
10226 41 263703 8 
10227 41 263732 8 
10228 41 263759 8 
10229 41 263786 8 
10230 41 263813 8 
10231 41 263842 8 
10232 41 263872 8 
10233 41 263898 8 
10234 41 263924 8 
10235 41 263953 8 
10236 41 263979 8 
10237 41 264005 8 
10238 41 264030 8 
10239 41 264057 8 
10240 41 264082 8 
10241 41 264107 8 
10242 41 264128 8 
10243 41 264148 8 
10244 41 264175 8 
10245 41 264198 8 
10246 41 264225 8 
10247 41 264247 8 
10248 41 264269 8 
10249 41 264291 8 
10250 41 264313 8 
10251 41 264334 8 
10252 41 264360 8 
10253 41 264386 8 
10254 41 264412 8 
10255 41 264441 8 
10256 41 264467 8 
10257 41 264493 8 
10258 41 264522 8 
10259 41 264548 8 
10260 41 264572 8 
10261 41 264598 8 
10262 41 264618 8 
10263 41 264643 8 
10264 41 264668 8 
10265 41 264687 8 
10266 41 264703 8 
10267 41 264729 8 
10268 41 264755 8 
10269 41 264780 8 
10270 41 264803 8 
10271 41 264824 8 
10272 41 264845 8 
10273 41 264879 8 
10274 41 264911 8 
10275 41 264942 8 
10276 41 264973 8 
10277 41 265003 8 
10278 41 265033 8 
10279 41 265063 8 
10280 41 265092 8 
10281 41 265120 8 
10282 41 265148 8 
10283 41 265175 8 
10284 41 265203 8 
10285 41 265229 8 
10286 41 265256 8 
10287 41 265282 8 
10288 41 265309 8 
10289 41 265336 8 
10290 41 265361 8 
10291 41 265386 8 
10292 41 265411 8 
10293 41 265436 8 
10294 41 265461 8 
10295 41 265485 8 
10296 41 265510 8 
10297 41 265533 8 
10298 41 265557 8 
10299 41 265581 8 
10300 41 265603 8 
10301 41 265626 8 
10302 41 265640 8 
10303 41 265662 8 
10304 41 265683 8 
10305 41 265715 8 
10306 41 265747 8 
10307 41 265779 8 
10308 41 265810 8 
10309 41 265841 8 
10310 41 265871 8 
10311 41 265901 8 
10312 41 265931 8 
10313 41 265960 8 
10314 41 265988 8 
10315 41 266016 8 
10316 41 266043 8 
10317 41 266071 8 
10318 41 266097 8 
10319 41 266124 8 
10320 41 266150 8 
10321 41 266177 8 
10322 41 266203 8 
10323 41 266228 8 
10324 41 266253 8 
10325 41 266279 8 
10326 41 266304 8 
10327 41 266329 8 
10328 41 266353 8 
10329 41 266377 8 
10330 41 266402 8 
10331 41 266425 8 
10332 41 266449 8 
10333 41 266472 8 
10334 41 266494 8 
10335 41 266517 8 
10336 41 266530 8 
10337 41 266551 8 
10338 41 266582 8 
10339 41 266613 8 
10340 41 266644 8 
10341 41 266675 8 
10342 41 266705 8 
10343 41 266735 8 
10344 41 266765 8 
10345 41 266794 8 
10346 41 266823 8 
10347 41 266851 8 
10348 41 266877 8 
10349 41 266905 8 
10350 41 266931 8 
10351 41 266959 8 
10352 41 266985 8 
10353 41 267012 8 
10354 41 267037 8 
10355 41 267062 8 
10356 41 267087 8 
10357 41 267113 8 
10358 41 267138 8 
10359 41 267163 8 
10360 41 267187 8 
10361 41 267211 8 
10362 41 267236 8 
10363 41 267260 8 
10364 41 267283 8 
10365 41 267306 8 
10366 41 267329 8 
10367 41 267351 8 
10368 41 267364 8 
10369 41 267385 8 
10370 41 267416 8 
10371 41 267447 8 
10372 41 267478 8 
10373 41 267509 8 
10374 41 267539 8 
10375 41 267569 8 
10376 41 267598 8 
10377 41 267626 8 
10378 41 267653 8 
10379 41 267681 8 
10380 41 267710 8 
10381 41 267736 8 
10382 41 267763 8 
10383 41 267789 8 
10384 41 267816 8 
10385 41 267843 8 
10386 41 267869 8 
10387 41 267895 8 
10388 41 267920 8 
10389 41 267941 8 
10390 41 267968 8 
10391 41 267993 8 
10392 41 268017 8 
10393 41 268043 8 
10394 41 268067 8 
10395 41 268090 8 
10396 41 268116 8 
10397 41 268131 8 
10398 41 268153 8 
10399 41 268179 8 
10400 41 268200 8 
10401 41 268231 8 
10402 41 268262 8 
10403 41 268292 8 
10404 41 268321 8 
10405 41 268351 8 
10406 41 268381 8 
10407 41 268409 8 
10408 41 268437 8 
10409 41 268465 8 
10410 41 268494 8 
10411 41 268522 8 
10412 41 268550 8 
10413 41 268576 8 
10414 41 268601 8 
10415 41 268627 8 
10416 41 268653 8 
10417 41 268679 8 
10418 41 268703 8 
10419 41 268729 8 
10420 41 268754 8 
10421 41 268778 8 
10422 41 268803 8 
10423 41 268826 8 
10424 41 268850 8 
10425 41 268874 8 
10426 41 268898 8 
10427 41 268921 8 
10428 41 268944 8 
10429 41 268958 8 
10430 41 268980 8 
10431 41 269001 8 
10432 41 269033 8 
10433 41 269065 8 
10434 41 269094 8 
10435 41 269123 8 
10436 41 269152 8 
10437 41 269182 8 
10438 41 269211 8 
10439 41 269237 8 
10440 41 269265 8 
10441 41 269292 8 
10442 41 269319 8 
10443 41 269346 8 
10444 41 269373 8 
10445 41 269401 8 
10446 41 269427 8 
10447 41 269453 8 
10448 41 269479 8 
10449 41 269504 8 
10450 41 269530 8 
10451 41 269549 8 
10452 41 269573 8 
10453 41 269598 8 
10454 41 269621 8 
10455 41 269645 8 
10456 41 269669 8 
10457 41 269691 8 
10458 41 269714 8 
10459 41 269728 8 
10460 41 269750 8 
10461 41 269771 8 
10462 41 269802 8 
10463 41 269832 8 
10464 41 269863 8 
10465 41 269892 8 
10466 41 269921 8 
10467 41 269951 8 
10468 41 269979 8 
10469 41 270006 8 
10470 41 270035 8 
10471 41 270063 8 
10472 41 270089 8 
10473 41 270116 8 
10474 41 270142 8 
10475 41 270169 8 
10476 41 270195 8 
10477 41 270223 8 
10478 41 270248 8 
10479 41 270272 8 
10480 41 270297 8 
10481 41 270322 8 
10482 41 270343 8 
10483 41 270366 8 
10484 41 270390 8 
10485 41 270407 8 
10486 41 270430 8 
10487 41 270452 8 
10488 41 270475 8 
10489 41 270498 8 
10490 41 270519 8 
10491 41 270540 8 
10492 41 270571 8 
10493 41 270601 8 
10494 41 270632 8 
10495 41 270660 8 
10496 41 270690 8 
10497 41 270718 8 
10498 41 270747 8 
10499 41 270774 8 
10500 41 270801 8 
10501 41 270829 8 
10502 41 270855 8 
10503 41 270882 8 
10504 41 270909 8 
10505 41 270936 8 
10506 41 270962 8 
10507 41 270989 8 
10508 41 271017 8 
10509 41 271042 8 
10510 41 271067 8 
10511 41 271089 8 
10512 41 271114 8 
10513 41 271134 8 
10514 41 271152 8 
10515 41 271175 8 
10516 41 271199 8 
10517 41 271220 8 
10518 41 271243 8 
10519 41 271266 8 
10520 41 271287 8 
10521 41 271308 8 
10522 41 271339 8 
10523 41 271370 8 
10524 41 271397 8 
10525 41 271427 8 
10526 41 271457 8 
10527 41 271486 8 
10528 41 271510 8 
10529 41 271538 8 
10530 41 271566 8 
10531 41 271594 8 
10532 41 271622 8 
10533 41 271649 8 
10534 41 271676 8 
10535 41 271704 8 
10536 41 271723 8 
10537 41 271749 8 
10538 41 271774 8 
10539 41 271799 8 
10540 41 271825 8 
10541 41 271853 8 
10542 41 271877 8 
10543 41 271894 8 
10544 41 271917 8 
10545 41 271943 8 
10546 41 271959 8 
10547 41 271982 8 
10548 41 272008 8 
10549 41 272029 8 
10550 41 272054 8 
10551 41 272082 8 
10552 41 272111 8 
10553 41 272140 8 
10554 41 272169 8 
10555 41 272198 8 
10556 41 272226 8 
10557 41 272255 8 
10558 41 272282 8 
10559 41 272308 8 
10560 41 272336 8 
10561 41 272362 8 
10562 41 272388 8 
10563 41 272414 8 
10564 41 272439 8 
10565 41 272464 8 
10566 41 272489 8 
10567 41 272514 8 
10568 41 272538 8 
10569 41 272563 8 
10570 41 272586 8 
10571 41 272611 8 
10572 41 272634 8 
10573 41 272657 8 
10574 41 272681 8 
10575 41 272704 8 
10576 41 272727 8 
10577 41 272749 8 
10578 41 272761 8 
10579 41 272790 8 
10580 41 272818 8 
10581 41 272847 8 
10582 41 272876 8 
10583 41 272904 8 
10584 41 272932 8 
10585 41 272960 8 
10586 41 272986 8 
10587 41 273014 8 
10588 41 273043 8 
10589 41 273069 8 
10590 41 273095 8 
10591 41 273120 8 
10592 41 273145 8 
10593 41 273170 8 
10594 41 273197 8 
10595 41 273222 8 
10596 41 273247 8 
10597 41 273272 8 
10598 41 273292 8 
10599 41 273316 8 
10600 41 273334 8 
10601 41 273358 8 
10602 41 273380 8 
10603 41 273402 8 
10604 41 273424 8 
10605 41 273445 8 
10606 41 273466 8 
10607 41 273494 8 
10608 41 273521 8 
10609 41 273550 8 
10610 41 273579 8 
10611 41 273607 8 
10612 41 273636 8 
10613 41 273664 8 
10614 41 273689 8 
10615 41 273716 8 
10616 41 273741 8 
10617 41 273766 8 
10618 41 273794 8 
10619 41 273820 8 
10620 41 273845 8 
10621 41 273870 8 
10622 41 273896 8 
10623 41 273920 8 
10624 41 273944 8 
10625 41 273969 8 
10626 41 273992 8 
10627 41 274015 8 
10628 41 274038 8 
10629 41 274062 8 
10630 41 274085 8 
10631 41 274108 8 
10632 41 274130 8 
10633 41 274142 8 
10634 41 274170 8 
10635 41 274199 8 
10636 41 274229 8 
10637 41 274259 8 
10638 41 274287 8 
10639 41 274315 8 
10640 41 274343 8 
10641 41 274372 8 
10642 41 274400 8 
10643 41 274426 8 
10644 41 274454 8 
10645 41 274480 8 
10646 41 274505 8 
10647 41 274530 8 
10648 41 274555 8 
10649 41 274580 8 
10650 41 274606 8 
10651 41 274626 8 
10652 41 274651 8 
10653 41 274675 8 
10654 41 274700 8 
10655 41 274724 8 
10656 41 274741 8 
10657 41 274763 8 
10658 41 274785 8 
10659 41 274807 8 
10660 41 274828 8 
10661 41 274849 8 
10662 41 274878 8 
10663 41 274905 8 
10664 41 274931 8 
10665 41 274960 8 
10666 41 274987 8 
10667 41 275016 8 
10668 41 275044 8 
10669 41 275069 8 
10670 41 275095 8 
10671 41 275122 8 
10672 41 275147 8 
10673 41 275171 8 
10674 41 275197 8 
10675 41 275223 8 
10676 41 275247 8 
10677 41 275272 8 
10678 41 275297 8 
10679 41 275316 8 
10680 41 275340 8 
10681 41 275364 8 
10682 41 275387 8 
10683 41 275403 8 
10684 41 275426 8 
10685 41 275448 8 
10686 41 275470 8 
10687 41 275491 8 
10688 41 275521 8 
10689 41 275549 8 
10690 41 275578 8 
10691 41 275607 8 
10692 41 275633 8 
10693 41 275662 8 
10694 41 275690 8 
10695 41 275718 8 
10696 41 275747 8 
10697 41 275775 8 
10698 41 275801 8 
10699 41 275827 8 
10700 41 275854 8 
10701 41 275876 8 
10702 41 275900 8 
10703 41 275922 8 
10704 41 275941 8 
10705 41 275965 8 
10706 41 275983 8 
10707 41 276006 8 
10708 41 276030 8 
10709 41 276053 8 
10710 41 276075 8 
10711 41 276098 8 
10712 41 276120 8 
10713 41 276142 8 
10714 41 276163 8 
10715 41 276190 8 
10716 41 276219 8 
10717 41 276247 8 
10718 41 276276 8 
10719 41 276303 8 
10720 41 276330 8 
10721 41 276357 8 
10722 41 276383 8 
10723 41 276408 8 
10724 41 276436 8 
10725 41 276463 8 
10726 41 276489 8 
10727 41 276512 8 
10728 41 276537 8 
10729 41 276562 8 
10730 41 276588 8 
10731 41 276614 8 
10732 41 276634 8 
10733 41 276657 8 
10734 41 276680 8 
10735 41 276697 8 
10736 41 276720 8 
10737 41 276742 8 
10738 41 276764 8 
10739 41 276786 8 
10740 41 276807 8 
10741 41 276834 8 
10742 41 276865 8 
10743 41 276894 8 
10744 41 276922 8 
10745 41 276951 8 
10746 41 276980 8 
10747 41 277006 8 
10748 41 277032 8 
10749 41 277058 8 
10750 41 277086 8 
10751 41 277114 8 
10752 41 277141 8 
10753 41 277165 8 
10754 41 277191 8 
10755 41 277218 8 
10756 41 277240 8 
10757 41 277265 8 
10758 41 277291 8 
10759 41 277311 8 
10760 41 277328 8 
10761 41 277350 8 
10762 41 277373 8 
10763 41 277395 8 
10764 41 277418 8 
10765 41 277439 8 
10766 41 277461 8 
10767 41 277482 8 
10768 41 277509 8 
10769 41 277538 8 
10770 41 277568 8 
10771 41 277596 8 
10772 41 277624 8 
10773 41 277652 8 
10774 41 277679 8 
10775 41 277707 8 
10776 41 277735 8 
10777 41 277763 8 
10778 41 277787 8 
10779 41 277811 8 
10780 41 277836 8 
10781 41 277861 8 
10782 41 277886 8 
10783 41 277912 8 
10784 41 277938 8 
10785 41 277963 8 
10786 41 277989 8 
10787 41 278008 8 
10788 41 278032 8 
10789 41 278049 8 
10790 41 278071 8 
10791 41 278093 8 
10792 41 278115 8 
10793 41 278136 8 
10794 41 278157 8 
10795 41 278184 8 
10796 41 278212 8 
10797 41 278240 8 
10798 41 278268 8 
10799 41 278293 8 
10800 41 278321 8 
10801 41 278347 8 
10802 41 278370 8 
10803 41 278398 8 
10804 41 278424 8 
10805 41 278451 8 
10806 41 278477 8 
10807 41 278501 8 
10808 41 278527 8 
10809 41 278548 8 
10810 41 278567 8 
10811 41 278591 8 
10812 41 278614 8 
10813 41 278631 8 
10814 41 278655 8 
10815 41 278678 8 
10816 41 278701 8 
10817 41 278723 8 
10818 41 278745 8 
10819 41 278766 8 
10820 41 278793 8 
10821 41 278822 8 
10822 41 278850 8 
10823 41 278879 8 
10824 41 278905 8 
10825 41 278931 8 
10826 41 278957 8 
10827 41 278985 8 
10828 41 279011 8 
10829 41 279039 8 
10830 41 279063 8 
10831 41 279089 8 
10832 41 279111 8 
10833 41 279136 8 
10834 41 279157 8 
10835 41 279182 8 
10836 41 279207 8 
10837 41 279230 8 
10838 41 279248 8 
10839 41 279272 8 
10840 41 279293 8 
10841 41 279315 8 
10842 41 279337 8 
10843 41 279359 8 
10844 41 279380 8 
10845 41 279407 8 
10846 41 279435 8 
10847 41 279464 8 
10848 41 279493 8 
10849 41 279519 8 
10850 41 279545 8 
10851 41 279571 8 
10852 41 279600 8 
10853 41 279625 8 
10854 41 279650 8 
10855 41 279676 8 
10856 41 279702 8 
10857 41 279727 8 
10858 41 279749 8 
10859 41 279775 8 
10860 41 279796 8 
10861 41 279821 8 
10862 41 279844 8 
10863 41 279867 8 
10864 41 279884 8 
10865 41 279907 8 
10866 41 279929 8 
10867 41 279951 8 
10868 41 279973 8 
10869 41 279994 8 
10870 41 280021 8 
10871 41 280048 8 
10872 41 280076 8 
10873 41 280104 8 
10874 41 280131 8 
10875 41 280159 8 
10876 41 280187 8 
10877 41 280212 8 
10878 41 280237 8 
10879 41 280265 8 
10880 41 280289 8 
10881 41 280314 8 
10882 41 280339 8 
10883 41 280365 8 
10884 41 280391 8 
10885 41 280410 8 
10886 41 280434 8 
10887 41 280459 8 
10888 41 280483 8 
10889 41 280500 8 
10890 41 280522 8 
10891 41 280544 8 
10892 41 280566 8 
10893 41 280587 8 
10894 41 280608 8 
10895 41 280634 8 
10896 41 280663 8 
10897 41 280692 8 
10898 41 280719 8 
10899 41 280747 8 
10900 41 280773 8 
10901 41 280799 8 
10902 41 280825 8 
10903 41 280851 8 
10904 41 280878 8 
10905 41 280903 8 
10906 41 280925 8 
10907 41 280951 8 
10908 41 280976 8 
10909 41 280998 8 
10910 41 281023 8 
10911 41 281048 8 
10912 41 281071 8 
10913 41 281096 8 
10914 41 281119 8 
10915 41 281135 8 
10916 41 281156 8 
10917 41 281178 8 
10918 41 281200 8 
10919 41 281221 8 
10920 41 281247 8 
10921 41 281276 8 
10922 41 281305 8 
10923 41 281331 8 
10924 41 281357 8 
10925 41 281383 8 
10926 41 281409 8 
10927 41 281435 8 
10928 41 281461 8 
10929 41 281488 8 
10930 41 281516 8 
10931 41 281539 8 
10932 41 281561 8 
10933 41 281581 8 
10934 41 281606 8 
10935 41 281631 8 
10936 41 281654 8 
10937 41 281677 8 
10938 41 281694 8 
10939 41 281717 8 
10940 41 281740 8 
10941 41 281761 8 
10942 41 281783 8 
10943 41 281804 8 
10944 41 281830 8 
10945 41 281859 8 
10946 41 281888 8 
10947 41 281915 8 
10948 41 281943 8 
10949 41 281969 8 
10950 41 281995 8 
10951 41 282021 8 
10952 41 282047 8 
10953 41 282073 8 
10954 41 282098 8 
10955 41 282126 8 
10956 41 282151 8 
10957 41 282173 8 
10958 41 282199 8 
10959 41 282220 8 
10960 41 282245 8 
10961 41 282262 8 
10962 41 282284 8 
10963 41 282306 8 
10964 41 282329 8 
10965 41 282351 8 
10966 41 282373 8 
10967 41 282395 8 
10968 41 282416 8 
10969 41 282442 8 
10970 41 282468 8 
10971 41 282497 8 
10972 41 282523 8 
10973 41 282549 8 
10974 41 282575 8 
10975 41 282601 8 
10976 41 282629 8 
10977 41 282656 8 
10978 41 282682 8 
10979 41 282706 8 
10980 41 282729 8 
10981 41 282748 8 
10982 41 282773 8 
10983 41 282797 8 
10984 41 282816 8 
10985 41 282840 8 
10986 41 282863 8 
10987 41 282885 8 
10988 41 282907 8 
10989 41 282929 8 
10990 41 282950 8 
10991 41 282971 8 
10992 41 282997 8 
10993 41 283026 8 
10994 41 283053 8 
10995 41 283081 8 
10996 41 283107 8 
10997 41 283133 8 
10998 41 283159 8 
10999 41 283185 8 
11000 41 283211 8 
11001 41 283236 8 
11002 41 283264 8 
11003 41 283289 8 
11004 41 283314 8 
11005 41 283334 8 
11006 41 283355 8 
11007 41 283380 8 
11008 41 283403 8 
11009 41 283426 8 
11010 41 283443 8 
11011 41 283465 8 
11012 41 283488 8 
11013 41 283510 8 
11014 41 283532 8 
11015 41 283553 8 
11016 41 283579 8 
11017 41 283608 8 
11018 41 283635 8 
11019 41 283663 8 
11020 41 283689 8 
11021 41 283715 8 
11022 41 283741 8 
11023 41 283767 8 
11024 41 283793 8 
11025 41 283820 8 
11026 41 283843 8 
11027 41 283870 8 
11028 41 283892 8 
11029 41 283917 8 
11030 41 283941 8 
11031 41 283961 8 
11032 41 283986 8 
11033 41 284004 8 
11034 41 284027 8 
11035 41 284049 8 
11036 41 284071 8 
11037 41 284094 8 
11038 41 284115 8 
11039 41 284136 8 
11040 41 284162 8 
11041 41 284188 8 
11042 41 284214 8 
11043 41 284240 8 
11044 41 284266 8 
11045 41 284292 8 
11046 41 284318 8 
11047 41 284345 8 
11048 41 284371 8 
11049 41 284392 8 
11050 41 284418 8 
11051 41 284440 8 
11052 41 284461 8 
11053 41 284486 8 
11054 41 284505 8 
11055 41 284528 8 
11056 41 284551 8 
11057 41 284574 8 
11058 41 284597 8 
11059 41 284618 8 
11060 41 284639 8 
11061 41 284660 8 
11062 41 284686 8 
11063 41 284713 8 
11064 41 284741 8 
11065 41 284767 8 
11066 41 284793 8 
11067 41 284819 8 
11068 41 284845 8 
11069 41 284871 8 
11070 41 284897 8 
11071 41 284926 8 
11072 41 284952 8 
11073 41 284978 8 
11074 41 284999 8 
11075 41 285020 8 
11076 41 285046 8 
11077 41 285063 8 
11078 41 285081 8 
11079 41 285103 8 
11080 41 285126 8 
11081 41 285148 8 
11082 41 285170 8 
11083 41 285192 8 
11084 41 285213 8 
11085 41 285233 8 
11086 41 285251 8 
11087 41 285271 8 
11088 41 285297 8 
11089 41 285317 8 
11090 41 285335 8 
11091 41 285358 8 
11092 41 285375 8 
11093 41 285399 8 
11094 41 285422 8 
11095 41 285445 8 
11096 41 285467 8 
11097 41 285489 8 
11098 41 285510 8 
11099 41 285536 8 
11100 41 285564 8 
11101 41 285590 8 
11102 41 285616 8 
11103 41 285642 8 
11104 41 285668 8 
11105 41 285694 8 
11106 41 285720 8 
11107 41 285745 8 
11108 41 285770 8 
11109 41 285791 8 
11110 41 285816 8 
11111 41 285841 8 
11112 41 285861 8 
11113 41 285885 8 
11114 41 285903 8 
11115 41 285926 8 
11116 41 285949 8 
11117 41 285970 8 
11118 41 285993 8 
11119 41 286014 8 
11120 41 286035 8 
11121 41 286061 8 
11122 41 286087 8 
11123 41 286113 8 
11124 41 286139 8 
11125 41 286165 8 
11126 41 286191 8 
11127 41 286217 8 
11128 41 286243 8 
11129 41 286267 8 
11130 41 286293 8 
11131 41 286320 8 
11132 41 286341 8 
11133 41 286361 8 
11134 41 286378 8 
11135 41 286400 8 
11136 41 286423 8 
11137 41 286446 8 
11138 41 286468 8 
11139 41 286490 8 
11140 41 286511 8 
11141 41 286532 8 
11142 41 286564 8 
11143 41 286595 8 
11144 41 286626 8 
11145 41 286657 8 
11146 41 286688 8 
11147 41 286716 8 
11148 41 286745 8 
11149 41 286775 8 
11150 41 286803 8 
11151 41 286829 8 
11152 41 286857 8 
11153 41 286883 8 
11154 41 286912 8 
11155 41 286940 8 
11156 41 286966 8 
11157 41 286991 8 
11158 41 287016 8 
11159 41 287041 8 
11160 41 287069 8 
11161 41 287094 8 
11162 41 287122 8 
11163 41 287149 8 
11164 41 287173 8 
11165 41 287198 8 
11166 41 287222 8 
11167 41 287245 8 
11168 41 287272 8 
11169 41 287295 8 
11170 41 287317 8 
11171 41 287328 8 
11172 41 287349 8 
11173 41 287380 8 
11174 41 287411 8 
11175 41 287442 8 
11176 41 287473 8 
11177 41 287504 8 
11178 41 287532 8 
11179 41 287562 8 
11180 41 287590 8 
11181 41 287618 8 
11182 41 287646 8 
11183 41 287673 8 
11184 41 287702 8 
11185 41 287728 8 
11186 41 287756 8 
11187 41 287782 8 
11188 41 287809 8 
11189 41 287834 8 
11190 41 287862 8 
11191 41 287885 8 
11192 41 287910 8 
11193 41 287938 8 
11194 41 287962 8 
11195 41 287987 8 
11196 41 288011 8 
11197 41 288034 8 
11198 41 288061 8 
11199 41 288083 8 
11200 41 288096 8 
11201 41 288118 8 
11202 41 288144 8 
11203 41 288165 8 
11204 39 288194 8 
11205 41 288225 8 
11206 41 288256 8 
11207 41 288287 8 
11208 41 288318 8 
11209 41 288348 8 
11210 39 288375 8 
11211 41 288403 8 
11212 41 288430 8 
11213 41 288458 8 
11214 41 288487 8 
11215 41 288513 8 
11216 41 288542 8 
11217 41 288570 8 
11218 41 288596 8 
11219 41 288622 8 
11220 41 288650 8 
11221 39 288670 8 
11222 41 288697 8 
11223 41 288722 8 
11224 41 288750 8 
11225 41 288777 8 
11226 41 288801 8 
11227 41 288826 8 
11228 41 288853 8 
11229 41 288879 8 
11230 41 288902 8 
11231 39 288913 8 
11232 41 288939 8 
11233 41 288964 8 
11234 41 288985 8 
11235 41 289016 8 
11236 41 289047 8 
11237 41 289076 8 
11238 41 289107 8 
11239 41 289136 8 
11240 41 289165 8 
11241 41 289194 8 
11242 41 289222 8 
11243 41 289250 8 
11244 41 289279 8 
11245 41 289308 8 
11246 41 289334 8 
11247 41 289360 8 
11248 41 289389 8 
11249 41 289415 8 
11250 41 289441 8 
11251 41 289469 8 
11252 41 289494 8 
11253 41 289520 8 
11254 41 289544 8 
11255 41 289572 8 
11256 41 289599 8 
11257 41 289623 8 
11258 41 289646 8 
11259 41 289670 8 
11260 41 289693 8 
11261 41 289717 8 
11262 41 289740 8 
11263 41 289752 8 
11264 41 289778 8 
11265 41 289799 8 
11266 41 289830 8 
11267 41 289860 8 
11268 41 289891 8 
11269 41 289922 8 
11270 41 289952 8 
11271 41 289981 8 
11272 41 290011 8 
11273 41 290039 8 
11274 41 290066 8 
11275 41 290096 8 
11276 41 290125 8 
11277 41 290151 8 
11278 41 290178 8 
11279 41 290204 8 
11280 41 290230 8 
11281 41 290259 8 
11282 41 290284 8 
11283 41 290312 8 
11284 41 290337 8 
11285 41 290364 8 
11286 41 290389 8 
11287 41 290414 8 
11288 41 290434 8 
11289 41 290457 8 
11290 41 290480 8 
11291 41 290495 8 
11292 41 290517 8 
11293 41 290543 8 
11294 41 290566 8 
11295 41 290591 8 
11296 41 290612 8 
11297 41 290643 8 
11298 41 290674 8 
11299 41 290704 8 
11300 41 290733 8 
11301 41 290765 8 
11302 41 290794 8 
11303 41 290822 8 
11304 41 290851 8 
11305 41 290878 8 
11306 41 290908 8 
11307 41 290934 8 
11308 41 290961 8 
11309 41 290988 8 
11310 41 291015 8 
11311 41 291044 8 
11312 41 291072 8 
11313 41 291097 8 
11314 41 291123 8 
11315 41 291150 8 
11316 41 291176 8 
11317 41 291205 8 
11318 41 291226 8 
11319 41 291246 8 
11320 41 291269 8 
11321 41 291284 8 
11322 41 291308 8 
11323 41 291329 8 
11324 41 291352 8 
11325 41 291378 8 
11326 41 291403 8 
11327 41 291424 8 
11328 41 291453 8 
11329 41 291482 8 
11330 41 291511 8 
11331 41 291540 8 
11332 41 291568 8 
11333 41 291597 8 
11334 41 291625 8 
11335 41 291653 8 
11336 41 291679 8 
11337 41 291706 8 
11338 41 291733 8 
11339 41 291759 8 
11340 41 291785 8 
11341 41 291810 8 
11342 41 291835 8 
11343 41 291860 8 
11344 41 291886 8 
11345 41 291911 8 
11346 41 291935 8 
11347 41 291959 8 
11348 41 291983 8 
11349 41 292006 8 
11350 41 292021 8 
11351 41 292044 8 
11352 41 292066 8 
11353 41 292088 8 
11354 41 292110 8 
11355 41 292131 8 
11356 41 292160 8 
11357 41 292189 8 
11358 41 292219 8 
11359 41 292248 8 
11360 41 292277 8 
11361 41 292306 8 
11362 41 292334 8 
11363 41 292363 8 
11364 41 292389 8 
11365 41 292417 8 
11366 41 292445 8 
11367 41 292472 8 
11368 41 292498 8 
11369 41 292523 8 
11370 41 292550 8 
11371 41 292577 8 
11372 41 292602 8 
11373 41 292629 8 
11374 41 292654 8 
11375 41 292679 8 
11376 41 292707 8 
11377 41 292730 8 
11378 41 292753 8 
11379 41 292777 8 
11380 41 292804 8 
11381 41 292827 8 
11382 41 292850 8 
11383 41 292872 8 
11384 41 292882 8 
11385 41 292913 8 
11386 41 292944 8 
11387 41 292975 8 
11388 41 293005 8 
11389 41 293034 8 
11390 41 293063 8 
11391 41 293089 8 
11392 41 293117 8 
11393 41 293143 8 
11394 41 293172 8 
11395 41 293199 8 
11396 41 293228 8 
11397 41 293255 8 
11398 41 293284 8 
11399 41 293310 8 
11400 41 293336 8 
11401 41 293362 8 
11402 41 293386 8 
11403 41 293412 8 
11404 41 293437 8 
11405 41 293458 8 
11406 41 293478 8 
11407 41 293502 8 
11408 41 293525 8 
11409 41 293552 8 
11410 41 293574 8 
11411 41 293600 8 
11412 41 293622 8 
11413 41 293643 8 
11414 41 293664 8 
11415 41 293692 8 
11416 41 293720 8 
11417 41 293749 8 
11418 41 293778 8 
11419 41 293807 8 
11420 41 293835 8 
11421 41 293864 8 
11422 41 293890 8 
11423 41 293918 8 
11424 41 293945 8 
11425 41 293970 8 
11426 41 293998 8 
11427 41 294024 8 
11428 41 294051 8 
11429 41 294079 8 
11430 41 294104 8 
11431 41 294129 8 
11432 41 294153 8 
11433 41 294177 8 
11434 41 294204 8 
11435 41 294231 8 
11436 41 294254 8 
11437 41 294278 8 
11438 41 294305 8 
11439 41 294328 8 
11440 41 294351 8 
11441 41 294373 8 
11442 41 294383 8 
11443 39 294408 8 
11444 41 294437 8 
11445 41 294466 8 
11446 41 294494 8 
11447 39 294517 8 
11448 41 294546 8 
11449 41 294574 8 
11450 41 294601 8 
11451 41 294630 8 
11452 41 294654 8 
11453 41 294683 8 
11454 41 294712 8 
11455 41 294737 8 
11456 41 294764 8 
11457 41 294790 8 
11458 41 294815 8 
11459 41 294842 8 
11460 41 294871 8 
11461 41 294896 8 
11462 41 294920 8 
11463 39 294933 8 
11464 41 294959 8 
11465 39 294970 8 
11466 41 294992 8 
11467 41 295017 8 
11468 41 295042 8 
11469 41 295070 8 
11470 41 295099 8 
11471 41 295129 8 
11472 41 295158 8 
11473 41 295187 8 
11474 41 295215 8 
11475 41 295243 8 
11476 41 295270 8 
11477 41 295299 8 
11478 41 295327 8 
11479 41 295351 8 
11480 41 295376 8 
11481 41 295404 8 
11482 41 295429 8 
11483 41 295454 8 
11484 41 295482 8 
11485 41 295508 8 
11486 41 295533 8 
11487 41 295558 8 
11488 41 295576 8 
11489 41 295603 8 
11490 41 295627 8 
11491 41 295644 8 
11492 41 295670 8 
11493 41 295692 8 
11494 41 295717 8 
11495 41 295739 8 
11496 41 295760 8 
11497 41 295786 8 
11498 41 295813 8 
11499 41 295841 8 
11500 41 295871 8 
11501 41 295899 8 
11502 41 295927 8 
11503 41 295956 8 
11504 41 295981 8 
11505 41 296008 8 
11506 41 296033 8 
11507 41 296061 8 
11508 41 296087 8 
11509 41 296112 8 
11510 41 296137 8 
11511 41 296165 8 
11512 41 296190 8 
11513 41 296215 8 
11514 41 296239 8 
11515 41 296263 8 
11516 41 296279 8 
11517 41 296302 8 
11518 41 296318 8 
11519 41 296344 8 
11520 41 296366 8 
11521 41 296392 8 
11522 41 296413 8 
11523 41 296445 8 
11524 41 296475 8 
11525 41 296505 8 
11526 41 296533 8 
11527 41 296562 8 
11528 41 296591 8 
11529 41 296617 8 
11530 41 296643 8 
11531 41 296672 8 
11532 41 296698 8 
11533 41 296725 8 
11534 41 296754 8 
11535 41 296780 8 
11536 41 296809 8 
11537 41 296836 8 
11538 41 296862 8 
11539 41 296886 8 
11540 41 296912 8 
11541 41 296937 8 
11542 41 296963 8 
11543 41 296983 8 
11544 41 297007 8 
11545 41 297025 8 
11546 41 297052 8 
11547 41 297078 8 
11548 41 297100 8 
11549 41 297121 8 
11550 41 297143 8 
11551 41 297164 8 
11552 41 297192 8 
11553 41 297222 8 
11554 41 297253 8 
11555 41 297282 8 
11556 41 297310 8 
11557 41 297340 8 
11558 41 297370 8 
11559 41 297399 8 
11560 41 297423 8 
11561 41 297449 8 
11562 41 297477 8 
11563 41 297501 8 
11564 41 297528 8 
11565 41 297554 8 
11566 41 297582 8 
11567 41 297608 8 
11568 41 297630 8 
11569 41 297656 8 
11570 41 297677 8 
11571 41 297702 8 
11572 41 297725 8 
11573 41 297741 8 
11574 41 297766 8 
11575 41 297792 8 
11576 41 297815 8 
11577 41 297836 8 
11578 41 297862 8 
11579 41 297883 8 
11580 41 297910 8 
11581 41 297936 8 
11582 41 297965 8 
11583 41 297994 8 
11584 41 298021 8 
11585 41 298051 8 
11586 41 298077 8 
11587 41 298107 8 
11588 41 298136 8 
11589 41 298165 8 
11590 41 298193 8 
11591 41 298220 8 
11592 41 298241 8 
11593 41 298270 8 
11594 41 298291 8 
11595 41 298316 8 
11596 41 298340 8 
11597 41 298356 8 
11598 41 298372 8 
11599 41 298394 8 
11600 41 298418 8 
11601 41 298441 8 
11602 41 298467 8 
11603 41 298493 8 
11604 41 298515 8 
11605 41 298536 8 
11606 41 298562 8 
11607 41 298588 8 
11608 41 298617 8 
11609 41 298646 8 
11610 41 298672 8 
11611 41 298696 8 
11612 41 298724 8 
11613 41 298752 8 
11614 41 298780 8 
11615 41 298807 8 
11616 41 298833 8 
11617 41 298859 8 
11618 41 298888 8 
11619 41 298909 8 
11620 41 298934 8 
11621 41 298958 8 
11622 41 298974 8 
11623 41 298997 8 
11624 41 299014 8 
11625 41 299038 8 
11626 41 299061 8 
11627 41 299087 8 
11628 41 299109 8 
11629 41 299135 8 
11630 41 299156 8 
11631 41 299183 8 
11632 41 299211 8 
11633 41 299240 8 
11634 41 299269 8 
11635 41 299295 8 
11636 41 299320 8 
11637 41 299346 8 
11638 41 299374 8 
11639 41 299403 8 
11640 41 299431 8 
11641 41 299453 8 
11642 41 299475 8 
11643 41 299500 8 
11644 41 299527 8 
11645 41 299553 8 
11646 41 299574 8 
11647 41 299599 8 
11648 41 299622 8 
11649 41 299640 8 
11650 41 299662 8 
11651 41 299688 8 
11652 41 299713 8 
11653 41 299735 8 
11654 41 299761 8 
11655 41 299782 8 
11656 41 299809 8 
11657 41 299836 8 
11658 41 299864 8 
11659 41 299892 8 
11660 41 299918 8 
11661 41 299946 8 
11662 41 299972 8 
11663 41 299997 8 
11664 41 300025 8 
11665 41 300050 8 
11666 41 300077 8 
11667 41 300102 8 
11668 41 300127 8 
11669 41 300153 8 
11670 41 300181 8 
11671 41 300206 8 
11672 41 300234 8 
11673 41 300259 8 
11674 41 300275 8 
11675 41 300292 8 
11676 41 300314 8 
11677 41 300340 8 
11678 41 300365 8 
11679 41 300387 8 
11680 41 300408 8 
11681 41 300438 8 
11682 41 300468 8 
11683 41 300496 8 
11684 41 300525 8 
11685 41 300552 8 
11686 41 300579 8 
11687 41 300606 8 
11688 41 300635 8 
11689 41 300661 8 
11690 41 300688 8 
11691 41 300718 8 
11692 41 300744 8 
11693 41 300772 8 
11694 41 300798 8 
11695 41 300823 8 
11696 41 300850 8 
11697 41 300875 8 
11698 41 300897 8 
11699 41 300921 8 
11700 41 300949 8 
11701 41 300973 8 
11702 41 300991 8 
11703 41 301014 8 
11704 41 301036 8 
11705 41 301062 8 
11706 41 301084 8 
11707 41 301106 8 
11708 41 301127 8 
11709 41 301153 8 
11710 41 301182 8 
11711 41 301212 8 
11712 41 301241 8 
11713 41 301266 8 
11714 41 301292 8 
11715 41 301318 8 
11716 41 301347 8 
11717 41 301373 8 
11718 41 301402 8 
11719 41 301431 8 
11720 41 301453 8 
11721 41 301476 8 
11722 41 301500 8 
11723 41 301526 8 
11724 41 301547 8 
11725 41 301572 8 
11726 41 301598 8 
11727 41 301621 8 
11728 41 301636 8 
11729 41 301662 8 
11730 41 301688 8 
11731 41 301710 8 
11732 41 301732 8 
11733 41 301753 8 
11734 41 301783 8 
11735 41 301813 8 
11736 41 301841 8 
11737 41 301870 8 
11738 41 301897 8 
11739 41 301924 8 
11740 41 301951 8 
11741 41 301980 8 
11742 41 302007 8 
11743 41 302033 8 
11744 41 302063 8 
11745 41 302091 8 
11746 41 302117 8 
11747 41 302143 8 
11748 41 302168 8 
11749 41 302195 8 
11750 41 302220 8 
11751 41 302242 8 
11752 41 302266 8 
11753 41 302294 8 
11754 41 302317 8 
11755 41 302335 8 
11756 41 302358 8 
11757 41 302381 8 
11758 41 302403 8 
11759 41 302425 8 
11760 41 302451 8 
11761 41 302472 8 
11762 41 302502 8 
11763 41 302530 8 
11764 41 302559 8 
11765 41 302586 8 
11766 41 302613 8 
11767 41 302640 8 
11768 41 302670 8 
11769 41 302696 8 
11770 41 302722 8 
11771 41 302751 8 
11772 41 302780 8 
11773 41 302806 8 
11774 41 302832 8 
11775 41 302859 8 
11776 41 302886 8 
11777 41 302912 8 
11778 41 302934 8 
11779 41 302955 8 
11780 41 302975 8 
11781 41 303002 8 
11782 41 303025 8 
11783 41 303052 8 
11784 41 303075 8 
11785 41 303096 8 
11786 41 303118 8 
11787 41 303140 8 
11788 41 303161 8 
11789 41 303187 8 
11790 41 303216 8 
11791 41 303242 8 
11792 41 303270 8 
11793 41 303299 8 
11794 41 303325 8 
11795 41 303351 8 
11796 41 303377 8 
11797 41 303406 8 
11798 41 303432 8 
11799 41 303454 8 
11800 41 303477 8 
11801 41 303497 8 
11802 41 303522 8 
11803 41 303549 8 
11804 41 303574 8 
11805 41 303597 8 
11806 41 303620 8 
11807 41 303637 8 
11808 41 303662 8 
11809 41 303688 8 
11810 41 303714 8 
11811 41 303736 8 
11812 41 303757 8 
11813 41 303783 8 
11814 41 303812 8 
11815 41 303841 8 
11816 41 303867 8 
11817 41 303895 8 
11818 41 303924 8 
11819 41 303950 8 
11820 41 303976 8 
11821 41 304005 8 
11822 41 304031 8 
11823 41 304056 8 
11824 41 304078 8 
11825 41 304103 8 
11826 41 304124 8 
11827 41 304149 8 
11828 41 304174 8 
11829 41 304199 8 
11830 41 304222 8 
11831 41 304248 8 
11832 41 304273 8 
11833 41 304289 8 
11834 41 304310 8 
11835 41 304332 8 
11836 41 304357 8 
11837 41 304382 8 
11838 41 304408 8 
11839 41 304437 8 
11840 41 304466 8 
11841 41 304491 8 
11842 41 304517 8 
11843 41 304543 8 
11844 41 304572 8 
11845 41 304598 8 
11846 41 304627 8 
11847 41 304652 8 
11848 41 304678 8 
11849 41 304699 8 
11850 41 304725 8 
11851 41 304745 8 
11852 41 304770 8 
11853 41 304795 8 
11854 41 304821 8 
11855 41 304844 8 
11856 41 304861 8 
11857 41 304884 8 
11858 41 304907 8 
11859 41 304932 8 
11860 41 304953 8 
11861 41 304978 8 
11862 41 305004 8 
11863 41 305030 8 
11864 41 305058 8 
11865 41 305087 8 
11866 41 305113 8 
11867 41 305139 8 
11868 41 305165 8 
11869 41 305194 8 
11870 41 305217 8 
11871 41 305243 8 
11872 41 305268 8 
11873 41 305293 8 
11874 41 305321 8 
11875 41 305347 8 
11876 41 305367 8 
11877 41 305384 8 
11878 41 305402 8 
11879 41 305428 8 
11880 41 305453 8 
11881 41 305475 8 
11882 41 305501 8 
11883 41 305523 8 
11884 41 305544 8 
11885 41 305573 8 
11886 41 305602 8 
11887 41 305631 8 
11888 41 305658 8 
11889 41 305685 8 
11890 41 305712 8 
11891 41 305742 8 
11892 41 305768 8 
11893 41 305797 8 
11894 41 305826 8 
11895 41 305852 8 
11896 41 305878 8 
11897 41 305904 8 
11898 41 305931 8 
11899 41 305958 8 
11900 41 305981 8 
11901 41 306006 8 
11902 41 306027 8 
11903 41 306047 8 
11904 41 306074 8 
11905 41 306097 8 
11906 41 306120 8 
11907 41 306141 8 
11908 41 306168 8 
11909 41 306191 8 
11910 41 306212 8 
11911 41 306233 8 
11912 41 306259 8 
11913 41 306285 8 
11914 41 306314 8 
11915 41 306339 8 
11916 41 306365 8 
11917 41 306394 8 
11918 41 306420 8 
11919 41 306446 8 
11920 41 306472 8 
11921 41 306497 8 
11922 41 306525 8 
11923 41 306551 8 
11924 41 306577 8 
11925 41 306596 8 
11926 41 306614 8 
11927 41 306633 8 
11928 41 306659 8 
11929 41 306682 8 
11930 41 306704 8 
11931 41 306730 8 
11932 41 306752 8 
11933 41 306777 8 
11934 41 306798 8 
11935 41 306824 8 
11936 41 306850 8 
11937 41 306875 8 
11938 41 306901 8 
11939 41 306930 8 
11940 41 306956 8 
11941 41 306985 8 
11942 41 307011 8 
11943 41 307036 8 
11944 41 307062 8 
11945 41 307083 8 
11946 41 307102 8 
11947 41 307126 8 
11948 41 307151 8 
11949 41 307170 8 
11950 41 307193 8 
11951 41 307219 8 
11952 41 307242 8 
11953 41 307268 8 
11954 41 307289 8 
11955 41 307310 8 
11956 41 307335 8 
11957 39 307352 8 
11958 41 307379 8 
11959 41 307406 8 
11960 41 307433 8 
11961 39 307445 8 
11962 41 307471 8 
11963 41 307488 8 
11964 41 307511 8 
11965 39 307520 8 
11966 41 307545 8 
11967 41 307570 8 
11968 41 307596 8 
11969 41 307622 8 
11970 41 307648 8 
11971 41 307677 8 
11972 41 307703 8 
11973 41 307732 8 
11974 41 307758 8 
11975 41 307784 8 
11976 41 307811 8 
11977 41 307832 8 
11978 41 307859 8 
11979 41 307880 8 
11980 41 307898 8 
11981 41 307921 8 
11982 41 307939 8 
11983 41 307965 8 
11984 41 307987 8 
11985 41 308009 8 
11986 41 308035 8 
11987 41 308060 8 
11988 41 308081 8 
11989 35 308106 8 
11990 39 308135 8 
11991 35 308159 8 
11992 39 308188 8 
11993 37 308214 8 
11994 39 308242 8 
11995 39 308269 8 
11996 37 308293 8 
11997 39 308319 8 
11998 39 308345 8 
11999 39 308370 8 
12000 39 308397 8 
12001 39 308420 8 
12002 39 308444 8 
12003 39 308469 8 
12004 39 308495 8 
12005 39 308519 8 
12006 39 308541 8 
12007 39 308566 8 
12008 37 308583 8 
12009 39 308607 8 
12010 39 308631 8 
12011 39 308655 8 
12012 39 308678 8 
12013 39 308699 8 
12014 39 308722 8 
12015 39 308745 8 
12016 39 308769 8 
12017 39 308792 8 
12018 41 308823 8 
12019 41 308855 8 
12020 41 308884 8 
12021 41 308915 8 
12022 41 308945 8 
12023 39 308972 8 
12024 41 309001 8 
12025 41 309030 8 
12026 41 309059 8 
12027 41 309087 8 
12028 41 309116 8 
12029 39 309139 8 
12030 41 309168 8 
12031 41 309195 8 
12032 41 309222 8 
12033 41 309248 8 
12034 41 309276 8 
12035 41 309300 8 
12036 41 309328 8 
12037 41 309353 8 
12038 41 309380 8 
12039 41 309405 8 
12040 41 309429 8 
12041 41 309453 8 
12042 41 309480 8 
12043 41 309503 8 
12044 41 309529 8 
12045 39 309540 8 
12046 41 309566 8 
12047 41 309592 8 
12048 41 309613 8 
12049 41 309644 8 
12050 39 309672 8 
12051 41 309702 8 
12052 41 309733 8 
12053 41 309763 8 
12054 39 309790 8 
12055 41 309819 8 
12056 41 309848 8 
12057 41 309876 8 
12058 41 309905 8 
12059 41 309934 8 
12060 41 309963 8 
12061 41 309992 8 
12062 41 310018 8 
12063 41 310045 8 
12064 41 310071 8 
12065 41 310099 8 
12066 39 310119 8 
12067 41 310145 8 
12068 41 310170 8 
12069 41 310196 8 
12070 41 310220 8 
12071 41 310244 8 
12072 41 310270 8 
12073 41 310297 8 
12074 41 310321 8 
12075 41 310347 8 
12076 41 310370 8 
12077 39 310380 8 
12078 41 310406 8 
12079 41 310431 8 
12080 39 310460 8 
12081 41 310490 8 
12082 41 310521 8 
12083 41 310551 8 
12084 41 310581 8 
12085 41 310612 8 
12086 41 310642 8 
12087 41 310670 8 
12088 41 310697 8 
12089 41 310727 8 
12090 41 310757 8 
12091 41 310786 8 
12092 41 310814 8 
12093 41 310843 8 
12094 39 310864 8 
12095 39 310885 8 
12096 41 310913 8 
12097 41 310937 8 
12098 41 310965 8 
12099 41 310990 8 
12100 41 311017 8 
12101 41 311038 8 
12102 41 311061 8 
12103 39 311075 8 
12104 41 311101 8 
12105 41 311127 8 
12106 41 311149 8 
12107 41 311175 8 
12108 41 311198 8 
12109 41 311223 8 
12110 41 311248 8 
12111 41 311280 8 
12112 41 311311 8 
12113 37 311335 8 
12114 41 311366 8 
12115 41 311396 8 
12116 37 311421 8 
12117 37 311442 8 
12118 41 311471 8 
12119 41 311499 8 
12120 41 311528 8 
12121 41 311557 8 
12122 41 311587 8 
12123 41 311615 8 
12124 37 311636 8 
12125 41 311664 8 
12126 41 311691 8 
12127 41 311720 8 
12128 41 311745 8 
12129 41 311773 8 
12130 41 311801 8 
12131 41 311826 8 
12132 37 311840 8 
12133 41 311867 8 
12134 37 311879 8 
12135 41 311906 8 
12136 41 311931 8 
12137 41 311957 8 
12138 41 311983 8 
12139 41 312004 8 
12140 41 312029 8 
12141 39 312059 8 
12142 41 312090 8 
12143 41 312121 8 
12144 41 312150 8 
12145 41 312180 8 
12146 41 312207 8 
12147 41 312236 8 
12148 39 312262 8 
12149 41 312290 8 
12150 41 312319 8 
12151 41 312348 8 
12152 41 312375 8 
12153 41 312401 8 
12154 41 312428 8 
12155 41 312457 8 
12156 41 312483 8 
12157 41 312507 8 
12158 41 312535 8 
12159 41 312561 8 
12160 41 312589 8 
12161 41 312610 8 
12162 41 312638 8 
12163 41 312663 8 
12164 39 312677 8 
12165 41 312700 8 
12166 41 312725 8 
12167 41 312747 8 
12168 41 312772 8 
12169 41 312798 8 
12170 41 312819 8 
12171 41 312849 8 
12172 41 312879 8 
12173 41 312910 8 
12174 41 312939 8 
12175 41 312968 8 
12176 41 312998 8 
12177 39 313023 8 
12178 41 313052 8 
12179 41 313081 8 
12180 41 313106 8 
12181 41 313133 8 
12182 41 313160 8 
12183 41 313185 8 
12184 41 313213 8 
12185 41 313239 8 
12186 41 313268 8 
12187 41 313294 8 
12188 39 313313 8 
12189 41 313337 8 
12190 41 313364 8 
12191 41 313391 8 
12192 41 313418 8 
12193 41 313444 8 
12194 41 313468 8 
12195 41 313494 8 
12196 41 313517 8 
12197 41 313543 8 
12198 41 313569 8 
12199 39 313577 8 
12200 39 313603 8 
12201 39 313629 8 
12202 39 313657 8 
12203 39 313685 8 
12204 39 313712 8 
12205 39 313740 8 
12206 39 313765 8 
12207 39 313792 8 
12208 39 313820 8 
12209 39 313846 8 
12210 39 313871 8 
12211 35 313887 8 
12212 37 313908 8 
12213 39 313934 8 
12214 39 313959 8 
12215 39 313981 8 
12216 39 314007 8 
12217 39 314032 8 
12218 39 314058 8 
12219 35 314070 8 
12220 39 314095 8 
12221 35 314105 8 
12222 39 314130 8 
12223 39 314153 8 
12224 39 314172 8 
12225 39 314195 8 
12226 41 314224 8 
12227 41 314252 8 
12228 41 314282 8 
12229 41 314311 8 
12230 41 314340 8 
12231 41 314369 8 
12232 41 314397 8 
12233 41 314425 8 
12234 41 314452 8 
12235 39 314476 8 
12236 41 314502 8 
12237 41 314531 8 
12238 41 314558 8 
12239 41 314583 8 
12240 41 314605 8 
12241 41 314632 8 
12242 39 314651 8 
12243 41 314678 8 
12244 41 314704 8 
12245 41 314731 8 
12246 41 314755 8 
12247 41 314781 8 
12248 41 314796 8 
12249 41 314822 8 
12250 41 314847 8 
12251 41 314872 8 
12252 41 314897 8 
12253 41 314922 8 
12254 41 314950 8 
12255 41 314979 8 
12256 41 315009 8 
12257 41 315039 8 
12258 41 315067 8 
12259 41 315095 8 
12260 41 315123 8 
12261 39 315148 8 
12262 39 315171 8 
12263 41 315199 8 
12264 41 315228 8 
12265 41 315257 8 
12266 41 315282 8 
12267 41 315310 8 
12268 41 315335 8 
12269 41 315363 8 
12270 41 315391 8 
12271 41 315411 8 
12272 41 315436 8 
12273 41 315463 8 
12274 41 315490 8 
12275 41 315517 8 
12276 41 315541 8 
12277 39 315553 8 
12278 41 315575 8 
12279 41 315597 8 
12280 41 315622 8 
12281 41 315647 8 
12282 41 315678 8 
12283 41 315709 8 
12284 39 315736 8 
12285 41 315765 8 
12286 41 315793 8 
12287 41 315821 8 
12288 41 315849 8 
12289 41 315877 8 
12290 41 315904 8 
12291 41 315933 8 
12292 41 315960 8 
12293 41 315989 8 
12294 41 316017 8 
12295 41 316042 8 
12296 41 316071 8 
12297 41 316097 8 
12298 41 316121 8 
12299 41 316149 8 
12300 41 316174 8 
12301 41 316202 8 
12302 41 316230 8 
12303 41 316254 8 
12304 41 316277 8 
12305 41 316301 8 
12306 41 316328 8 
12307 41 316351 8 
12308 41 316377 8 
12309 41 316399 8 
12310 39 316407 8 
12311 41 316436 8 
12312 39 316460 8 
12313 41 316486 8 
12314 41 316515 8 
12315 41 316544 8 
12316 41 316573 8 
12317 41 316598 8 
12318 41 316624 8 
12319 41 316653 8 
12320 41 316680 8 
12321 41 316704 8 
12322 41 316732 8 
12323 41 316758 8 
12324 41 316783 8 
12325 41 316810 8 
12326 39 316826 8 
12327 41 316853 8 
12328 41 316878 8 
12329 41 316905 8 
12330 41 316932 8 
12331 41 316955 8 
12332 39 316967 8 
12333 41 316993 8 
12334 41 317019 8 
12335 41 317041 8 
12336 41 317066 8 
12337 39 317092 8 
12338 41 317121 8 
12339 41 317151 8 
12340 41 317182 8 
12341 41 317211 8 
12342 41 317237 8 
12343 41 317266 8 
12344 41 317295 8 
12345 39 317319 8 
12346 41 317345 8 
12347 41 317374 8 
12348 41 317403 8 
12349 41 317425 8 
12350 41 317450 8 
12351 41 317471 8 
12352 41 317498 8 
12353 39 317514 8 
12354 41 317541 8 
12355 39 317556 8 
12356 41 317582 8 
12357 41 317606 8 
12358 41 317628 8 
12359 41 317654 8 
12360 41 317680 8 
12361 41 317706 8 
12362 41 317732 8 
12363 41 317753 8 
12364 41 317783 8 
12365 41 317813 8 
12366 39 317839 8 
12367 41 317868 8 
12368 41 317895 8 
12369 41 317924 8 
12370 41 317952 8 
12371 41 317978 8 
12372 41 318007 8 
12373 41 318037 8 
12374 41 318064 8 
12375 41 318092 8 
12376 41 318118 8 
12377 41 318146 8 
12378 41 318174 8 
12379 41 318198 8 
12380 41 318226 8 
12381 41 318248 8 
12382 41 318272 8 
12383 41 318300 8 
12384 41 318324 8 
12385 41 318347 8 
12386 39 318360 8 
12387 41 318386 8 
12388 41 318412 8 
12389 41 318434 8 
12390 41 318460 8 
12391 41 318481 8 
12392 41 318512 8 
12393 39 318540 8 
12394 41 318570 8 
12395 39 318596 8 
12396 41 318625 8 
12397 41 318654 8 
12398 41 318680 8 
12399 41 318709 8 
12400 41 318736 8 
12401 41 318765 8 
12402 41 318793 8 
12403 41 318820 8 
12404 41 318848 8 
12405 41 318877 8 
12406 41 318904 8 
12407 41 318930 8 
12408 39 318950 8 
12409 41 318976 8 
12410 41 319002 8 
12411 41 319029 8 
12412 41 319049 8 
12413 41 319068 8 
12414 41 319095 8 
12415 41 319118 8 
12416 41 319140 8 
12417 41 319166 8 
12418 41 319188 8 
12419 41 319213 8 
12420 41 319238 8 
12421 39 319267 8 
12422 41 319297 8 
12423 41 319327 8 
12424 39 319353 8 
12425 41 319381 8 
12426 41 319410 8 
12427 41 319438 8 
12428 41 319466 8 
12429 41 319496 8 
12430 41 319525 8 
12431 41 319552 8 
12432 41 319578 8 
12433 41 319604 8 
12434 41 319632 8 
12435 41 319660 8 
12436 41 319688 8 
12437 41 319714 8 
12438 41 319737 8 
12439 41 319766 8 
12440 39 319783 8 
12441 41 319806 8 
12442 41 319833 8 
12443 41 319851 8 
12444 41 319877 8 
12445 41 319900 8 
12446 41 319922 8 
12447 41 319948 8 
12448 41 319974 8 
12449 41 319995 8 
12450 41 320022 8 
12451 39 320050 8 
12452 41 320080 8 
12453 41 320108 8 
12454 41 320138 8 
12455 41 320167 8 
12456 39 320190 8 
12457 41 320219 8 
12458 41 320245 8 
12459 41 320274 8 
12460 41 320302 8 
12461 39 320323 8 
12462 41 320349 8 
12463 41 320378 8 
12464 41 320401 8 
12465 41 320426 8 
12466 41 320454 8 
12467 41 320473 8 
12468 41 320500 8 
12469 39 320515 8 
12470 41 320541 8 
12471 41 320567 8 
12472 41 320592 8 
12473 41 320615 8 
12474 41 320640 8 
12475 41 320666 8 
12476 41 320687 8 
12477 41 320714 8 
12478 39 320741 8 
12479 41 320769 8 
12480 41 320798 8 
12481 41 320828 8 
12482 39 320852 8 
12483 41 320880 8 
12484 41 320909 8 
12485 41 320935 8 
12486 39 320957 8 
12487 41 320985 8 
12488 41 321011 8 
12489 39 321030 8 
12490 41 321055 8 
12491 41 321083 8 
12492 41 321111 8 
12493 41 321130 8 
12494 41 321157 8 
12495 41 321182 8 
12496 41 321208 8 
12497 41 321225 8 
12498 41 321251 8 
12499 41 321276 8 
12500 41 321301 8 
12501 41 321323 8 
12502 41 321348 8 
12503 41 321374 8 
12504 41 321404 8 
12505 41 321433 8 
12506 39 321457 8 
12507 41 321486 8 
12508 41 321514 8 
12509 41 321540 8 
12510 41 321569 8 
12511 39 321591 8 
12512 41 321617 8 
12513 41 321643 8 
12514 41 321665 8 
12515 41 321688 8 
12516 41 321713 8 
12517 41 321740 8 
12518 41 321767 8 
12519 41 321794 8 
12520 41 321821 8 
12521 41 321847 8 
12522 41 321872 8 
12523 39 321884 8 
12524 41 321909 8 
12525 41 321931 8 
12526 41 321956 8 
12527 41 321981 8 
12528 39 322001 8 
12529 39 322023 8 
12530 39 322049 8 
12531 39 322075 8 
12532 35 322090 8 
12533 39 322117 8 
12534 39 322141 8 
12535 39 322167 8 
12536 39 322190 8 
12537 39 322215 8 
12538 39 322238 8 
12539 39 322264 8 
12540 35 322276 8 
12541 39 322301 8 
12542 39 322327 8 
12543 39 322348 8 
12544 39 322372 8 
12545 35 322378 8 
12546 39 322401 8 
12547 41 322431 8 
12548 39 322457 8 
12549 41 322485 8 
12550 41 322513 8 
12551 41 322542 8 
12552 41 322570 8 
12553 41 322597 8 
12554 41 322625 8 
12555 41 322652 8 
12556 41 322681 8 
12557 41 322708 8 
12558 41 322736 8 
12559 41 322764 8 
12560 41 322791 8 
12561 41 322818 8 
12562 39 322837 8 
12563 41 322859 8 
12564 41 322883 8 
12565 41 322910 8 
12566 41 322929 8 
12567 41 322955 8 
12568 41 322981 8 
12569 41 323004 8 
12570 41 323027 8 
12571 41 323052 8 
12572 41 323078 8 
12573 41 323099 8 
12574 41 323125 8 
12575 41 323154 8 
12576 41 323184 8 
12577 39 323208 8 
12578 41 323237 8 
12579 41 323263 8 
12580 41 323292 8 
12581 41 323321 8 
12582 41 323350 8 
12583 41 323379 8 
12584 41 323408 8 
12585 39 323428 8 
12586 39 323447 8 
12587 41 323473 8 
12588 41 323500 8 
12589 41 323521 8 
12590 41 323546 8 
12591 41 323563 8 
12592 41 323588 8 
12593 41 323610 8 
12594 41 323636 8 
12595 41 323658 8 
12596 41 323684 8 
12597 41 323709 8 
12598 41 323734 8 
12599 39 323761 8 
12600 41 323790 8 
12601 41 323819 8 
12602 41 323846 8 
12603 41 323876 8 
12604 41 323904 8 
12605 41 323930 8 
12606 41 323959 8 
12607 41 323988 8 
12608 41 324016 8 
12609 41 324042 8 
12610 41 324071 8 
12611 41 324097 8 
12612 41 324124 8 
12613 41 324151 8 
12614 41 324174 8 
12615 41 324202 8 
12616 41 324223 8 
12617 39 324239 8 
12618 41 324266 8 
12619 41 324293 8 
12620 41 324316 8 
12621 41 324338 8 
12622 41 324361 8 
12623 41 324382 8 
12624 41 324407 8 
12625 41 324432 8 
12626 41 324461 8 
12627 39 324485 8 
12628 41 324514 8 
12629 41 324542 8 
12630 41 324571 8 
12631 41 324597 8 
12632 41 324623 8 
12633 41 324649 8 
12634 41 324675 8 
12635 41 324704 8 
12636 41 324730 8 
12637 39 324749 8 
12638 41 324770 8 
12639 39 324787 8 
12640 41 324814 8 
12641 41 324841 8 
12642 41 324864 8 
12643 41 324890 8 
12644 41 324907 8 
12645 41 324932 8 
12646 41 324958 8 
12647 41 324984 8 
12648 41 325009 8 
12649 41 325034 8 
12650 39 325060 8 
12651 41 325088 8 
12652 41 325116 8 
12653 41 325145 8 
12654 41 325173 8 
12655 41 325200 8 
12656 41 325229 8 
12657 41 325257 8 
12658 41 325284 8 
12659 41 325312 8 
12660 41 325341 8 
12661 41 325367 8 
12662 41 325394 8 
12663 39 325414 8 
12664 41 325440 8 
12665 41 325462 8 
12666 41 325489 8 
12667 41 325513 8 
12668 41 325540 8 
12669 41 325558 8 
12670 41 325582 8 
12671 41 325608 8 
12672 41 325631 8 
12673 41 325656 8 
12674 41 325677 8 
12675 41 325702 8 
12676 41 325728 8 
12677 41 325754 8 
12678 41 325784 8 
12679 39 325807 8 
12680 41 325836 8 
12681 41 325865 8 
12682 41 325891 8 
12683 41 325918 8 
12684 41 325947 8 
12685 41 325976 8 
12686 39 325996 8 
12687 41 326016 8 
12688 41 326038 8 
12689 41 326065 8 
12690 41 326090 8 
12691 41 326117 8 
12692 39 326131 8 
12693 41 326154 8 
12694 41 326180 8 
12695 41 326206 8 
12696 41 326227 8 
12697 41 326252 8 
12698 41 326277 8 
12699 39 326303 8 
12700 41 326331 8 
12701 41 326359 8 
12702 41 326387 8 
12703 41 326416 8 
12704 41 326445 8 
12705 41 326472 8 
12706 41 326499 8 
12707 41 326528 8 
12708 41 326554 8 
12709 41 326582 8 
12710 41 326610 8 
12711 41 326637 8 
12712 41 326664 8 
12713 39 326683 8 
12714 41 326705 8 
12715 41 326732 8 
12716 41 326752 8 
12717 41 326778 8 
12718 41 326801 8 
12719 41 326824 8 
12720 41 326850 8 
12721 41 326872 8 
12722 41 326898 8 
12723 41 326924 8 
12724 41 326945 8 
12725 39 326960 8 
12726 39 326985 8 
12727 39 327010 8 
12728 39 327035 8 
12729 39 327062 8 
12730 39 327079 8 
12731 35 327088 8 
12732 39 327112 8 
12733 39 327133 8 
12734 35 327139 8 
12735 39 327162 8 
12736 41 327191 8 
12737 41 327220 8 
12738 41 327247 8 
12739 41 327275 8 
12740 41 327302 8 
12741 41 327331 8 
12742 41 327361 8 
12743 41 327387 8 
12744 41 327416 8 
12745 41 327442 8 
12746 41 327470 8 
12747 41 327498 8 
12748 41 327525 8 
12749 41 327552 8 
12750 41 327575 8 
12751 39 327593 8 
12752 41 327619 8 
12753 41 327639 8 
12754 41 327666 8 
12755 41 327689 8 
12756 41 327716 8 
12757 41 327739 8 
12758 41 327762 8 
12759 41 327787 8 
12760 41 327812 8 
12761 41 327833 8 
12762 41 327862 8 
12763 41 327890 8 
12764 41 327919 8 
12765 41 327947 8 
12766 41 327975 8 
12767 41 328004 8 
12768 41 328031 8 
12769 41 328058 8 
12770 41 328085 8 
12771 41 328113 8 
12772 41 328141 8 
12773 41 328169 8 
12774 41 328197 8 
12775 39 328217 8 
12776 41 328242 8 
12777 41 328267 8 
12778 41 328288 8 
12779 41 328315 8 
12780 41 328334 8 
12781 41 328360 8 
12782 41 328386 8 
12783 41 328412 8 
12784 41 328435 8 
12785 41 328457 8 
12786 41 328479 8 
12787 41 328504 8 
12788 41 328530 8 
12789 41 328556 8 
12790 41 328585 8 
12791 41 328614 8 
12792 41 328640 8 
12793 41 328669 8 
12794 41 328698 8 
12795 41 328724 8 
12796 41 328751 8 
12797 39 328770 8 
12798 41 328797 8 
12799 41 328818 8 
12800 41 328836 8 
12801 39 328851 8 
12802 41 328876 8 
12803 41 328902 8 
12804 41 328928 8 
12805 41 328953 8 
12806 41 328975 8 
12807 41 329000 8 
12808 41 329025 8 
12809 41 329057 8 
12810 41 329087 8 
12811 41 329118 8 
12812 41 329149 8 
12813 41 329179 8 
12814 41 329208 8 
12815 41 329236 8 
12816 41 329264 8 
12817 41 329292 8 
12818 41 329321 8 
12819 41 329350 8 
12820 41 329379 8 
12821 41 329405 8 
12822 41 329431 8 
12823 41 329457 8 
12824 41 329482 8 
12825 41 329510 8 
12826 41 329538 8 
12827 41 329563 8 
12828 41 329587 8 
12829 41 329612 8 
12830 41 329636 8 
12831 41 329661 8 
12832 41 329685 8 
12833 41 329709 8 
12834 41 329732 8 
12835 41 329759 8 
12836 41 329786 8 
12837 41 329798 8 
12838 41 329820 8 
12839 41 329841 8 
12840 41 329872 8 
12841 41 329903 8 
12842 41 329934 8 
12843 41 329964 8 
12844 41 329993 8 
12845 41 330022 8 
12846 41 330052 8 
12847 41 330081 8 
12848 41 330111 8 
12849 41 330141 8 
12850 41 330170 8 
12851 41 330196 8 
12852 39 330218 8 
12853 41 330244 8 
12854 41 330269 8 
12855 41 330298 8 
12856 41 330325 8 
12857 41 330350 8 
12858 41 330376 8 
12859 39 330394 8 
12860 41 330420 8 
12861 41 330447 8 
12862 41 330472 8 
12863 41 330496 8 
12864 41 330522 8 
12865 41 330548 8 
12866 39 330559 8 
12867 41 330585 8 
12868 41 330607 8 
12869 41 330632 8 
12870 41 330662 8 
12871 41 330693 8 
12872 41 330723 8 
12873 41 330752 8 
12874 41 330781 8 
12875 41 330810 8 
12876 41 330839 8 
12877 41 330869 8 
12878 41 330895 8 
12879 41 330922 8 
12880 41 330950 8 
12881 41 330977 8 
12882 41 331005 8 
12883 41 331032 8 
12884 41 331057 8 
12885 41 331082 8 
12886 41 331107 8 
12887 41 331134 8 
12888 41 331159 8 
12889 41 331183 8 
12890 41 331211 8 
12891 41 331235 8 
12892 41 331263 8 
12893 41 331290 8 
12894 41 331314 8 
12895 41 331338 8 
12896 41 331360 8 
12897 41 331383 8 
12898 41 331405 8 
12899 41 331415 8 
12900 41 331446 8 
12901 41 331477 8 
12902 41 331509 8 
12903 41 331538 8 
12904 41 331566 8 
12905 41 331595 8 
12906 41 331625 8 
12907 41 331655 8 
12908 41 331683 8 
12909 41 331711 8 
12910 41 331740 8 
12911 41 331768 8 
12912 41 331796 8 
12913 41 331825 8 
12914 41 331853 8 
12915 41 331879 8 
12916 41 331903 8 
12917 41 331929 8 
12918 41 331954 8 
12919 41 331976 8 
12920 41 332004 8 
12921 41 332025 8 
12922 41 332049 8 
12923 41 332073 8 
12924 41 332096 8 
12925 41 332111 8 
12926 41 332137 8 
12927 41 332159 8 
12928 41 332181 8 
12929 41 332203 8 
12930 41 332228 8 
12931 41 332258 8 
12932 41 332288 8 
12933 41 332318 8 
12934 41 332347 8 
12935 41 332376 8 
12936 41 332404 8 
12937 41 332433 8 
12938 41 332461 8 
12939 41 332489 8 
12940 41 332516 8 
12941 41 332543 8 
12942 41 332570 8 
12943 41 332595 8 
12944 41 332621 8 
12945 41 332646 8 
12946 41 332672 8 
12947 41 332696 8 
12948 41 332721 8 
12949 41 332746 8 
12950 41 332771 8 
12951 41 332794 8 
12952 41 332818 8 
12953 41 332842 8 
12954 41 332865 8 
12955 41 332889 8 
12956 41 332902 8 
12957 41 332924 8 
12958 41 332946 8 
12959 41 332967 8 
12960 41 332998 8 
12961 41 333030 8 
12962 39 333056 8 
12963 41 333086 8 
12964 41 333116 8 
12965 41 333146 8 
12966 41 333176 8 
12967 41 333206 8 
12968 41 333236 8 
12969 39 333258 8 
12970 41 333285 8 
12971 41 333313 8 
12972 41 333338 8 
12973 41 333365 8 
12974 41 333391 8 
12975 41 333419 8 
12976 41 333445 8 
12977 41 333471 8 
12978 41 333495 8 
12979 39 333512 8 
12980 41 333540 8 
12981 41 333564 8 
12982 41 333591 8 
12983 41 333614 8 
12984 41 333640 8 
12985 39 333652 8 
12986 41 333679 8 
12987 41 333705 8 
12988 41 333726 8 
12989 41 333751 8 
12990 41 333779 8 
12991 41 333808 8 
12992 41 333837 8 
12993 41 333867 8 
12994 41 333895 8 
12995 41 333923 8 
12996 41 333952 8 
12997 41 333979 8 
12998 41 334005 8 
12999 41 334032 8 
13000 41 334060 8 
13001 41 334087 8 
13002 41 334112 8 
13003 41 334138 8 
13004 41 334164 8 
13005 41 334192 8 
13006 41 334219 8 
13007 41 334244 8 
13008 41 334268 8 
13009 41 334293 8 
13010 41 334320 8 
13011 41 334343 8 
13012 41 334370 8 
13013 41 334393 8 
13014 41 334416 8 
13015 41 334439 8 
13016 41 334461 8 
13017 41 334471 8 
13018 41 334499 8 
13019 41 334527 8 
13020 41 334556 8 
13021 41 334586 8 
13022 41 334614 8 
13023 41 334642 8 
13024 41 334671 8 
13025 41 334698 8 
13026 41 334726 8 
13027 41 334751 8 
13028 41 334779 8 
13029 41 334805 8 
13030 41 334830 8 
13031 41 334858 8 
13032 41 334883 8 
13033 41 334910 8 
13034 41 334937 8 
13035 41 334962 8 
13036 41 334989 8 
13037 41 335014 8 
13038 41 335038 8 
13039 41 335066 8 
13040 41 335089 8 
13041 41 335112 8 
13042 41 335135 8 
13043 41 335158 8 
13044 41 335180 8 
13045 41 335190 8 
13046 41 335219 8 
13047 41 335246 8 
13048 41 335277 8 
13049 41 335308 8 
13050 41 335336 8 
13051 41 335362 8 
13052 41 335390 8 
13053 41 335420 8 
13054 41 335446 8 
13055 41 335476 8 
13056 41 335500 8 
13057 41 335527 8 
13058 41 335553 8 
13059 41 335580 8 
13060 41 335606 8 
13061 41 335633 8 
13062 41 335658 8 
13063 41 335680 8 
13064 41 335705 8 
13065 41 335722 8 
13066 41 335741 8 
13067 41 335767 8 
13068 41 335789 8 
13069 41 335812 8 
13070 41 335838 8 
13071 41 335861 8 
13072 41 335882 8 
13073 41 335907 8 
13074 41 335936 8 
13075 41 335966 8 
13076 41 335997 8 
13077 41 336028 8 
13078 41 336058 8 
13079 41 336088 8 
13080 41 336118 8 
13081 41 336148 8 
13082 41 336176 8 
13083 41 336204 8 
13084 41 336230 8 
13085 41 336255 8 
13086 41 336281 8 
13087 41 336308 8 
13088 41 336330 8 
13089 41 336351 8 
13090 41 336378 8 
13091 41 336403 8 
13092 41 336424 8 
13093 41 336448 8 
13094 41 336471 8 
13095 41 336495 8 
13096 41 336511 8 
13097 41 336537 8 
13098 41 336559 8 
13099 41 336585 8 
13100 41 336611 8 
13101 41 336633 8 
13102 41 336654 8 
13103 41 336686 8 
13104 41 336716 8 
13105 41 336746 8 
13106 41 336775 8 
13107 41 336803 8 
13108 41 336830 8 
13109 41 336857 8 
13110 41 336884 8 
13111 41 336914 8 
13112 41 336940 8 
13113 41 336969 8 
13114 41 336996 8 
13115 41 337022 8 
13116 41 337048 8 
13117 41 337076 8 
13118 41 337104 8 
13119 41 337130 8 
13120 41 337153 8 
13121 41 337178 8 
13122 41 337199 8 
13123 41 337227 8 
13124 41 337246 8 
13125 41 337268 8 
13126 41 337291 8 
13127 41 337314 8 
13128 41 337336 8 
13129 41 337358 8 
13130 41 337384 8 
13131 41 337405 8 
13132 41 337437 8 
13133 41 337467 8 
13134 41 337497 8 
13135 41 337525 8 
13136 41 337554 8 
13137 41 337583 8 
13138 41 337609 8 
13139 41 337635 8 
13140 41 337664 8 
13141 41 337690 8 
13142 41 337719 8 
13143 41 337746 8 
13144 41 337775 8 
13145 41 337801 8 
13146 41 337828 8 
13147 41 337854 8 
13148 41 337878 8 
13149 41 337904 8 
13150 41 337929 8 
13151 41 337950 8 
13152 41 337978 8 
13153 41 337997 8 
13154 41 338020 8 
13155 41 338042 8 
13156 41 338064 8 
13157 41 338087 8 
13158 41 338109 8 
13159 41 338135 8 
13160 41 338156 8 
13161 41 338188 8 
13162 41 338218 8 
13163 41 338248 8 
13164 41 338276 8 
13165 41 338305 8 
13166 41 338332 8 
13167 41 338359 8 
13168 41 338386 8 
13169 41 338416 8 
13170 41 338445 8 
13171 41 338471 8 
13172 41 338497 8 
13173 41 338523 8 
13174 41 338550 8 
13175 41 338578 8 
13176 41 338606 8 
13177 41 338632 8 
13178 41 338655 8 
13179 41 338677 8 
13180 41 338701 8 
13181 41 338721 8 
13182 41 338748 8 
13183 41 338771 8 
13184 41 338794 8 
13185 41 338816 8 
13186 41 338842 8 
13187 41 338864 8 
13188 41 338886 8 
13189 41 338907 8 
13190 41 338936 8 
13191 41 338961 8 
13192 41 338989 8 
13193 41 339016 8 
13194 41 339040 8 
13195 41 339064 8 
13196 41 339093 8 
13197 41 339120 8 
13198 41 339148 8 
13199 41 339173 8 
13200 41 339202 8 
13201 41 339224 8 
13202 41 339250 8 
13203 41 339275 8 
13204 41 339300 8 
13205 41 339317 8 
13206 41 339344 8 
13207 41 339369 8 
13208 41 339393 8 
13209 41 339416 8 
13210 41 339432 8 
13211 41 339458 8 
13212 41 339480 8 
13213 41 339506 8 
13214 41 339527 8 
13215 41 339554 8 
13216 41 339583 8 
13217 41 339608 8 
13218 41 339635 8 
13219 41 339665 8 
13220 41 339694 8 
13221 41 339721 8 
13222 41 339749 8 
13223 41 339775 8 
13224 41 339802 8 
13225 41 339824 8 
13226 41 339852 8 
13227 41 339879 8 
13228 41 339905 8 
13229 41 339931 8 
13230 41 339949 8 
13231 41 339969 8 
13232 41 339996 8 
13233 41 340019 8 
13234 41 340036 8 
13235 41 340060 8 
13236 41 340083 8 
13237 41 340109 8 
13238 41 340135 8 
13239 41 340157 8 
13240 41 340178 8 
13241 41 340206 8 
13242 41 340233 8 
13243 41 340261 8 
13244 41 340289 8 
13245 41 340317 8 
13246 41 340346 8 
13247 41 340371 8 
13248 41 340400 8 
13249 41 340425 8 
13250 41 340453 8 
13251 41 340479 8 
13252 41 340503 8 
13253 41 340528 8 
13254 41 340556 8 
13255 41 340581 8 
13256 41 340601 8 
13257 41 340626 8 
13258 41 340650 8 
13259 41 340677 8 
13260 41 340701 8 
13261 41 340718 8 
13262 41 340744 8 
13263 41 340767 8 
13264 41 340788 8 
13265 41 340809 8 
13266 41 340834 8 
13267 41 340861 8 
13268 41 340890 8 
13269 41 340919 8 
13270 41 340947 8 
13271 41 340976 8 
13272 41 341001 8 
13273 41 341027 8 
13274 41 341056 8 
13275 41 341081 8 
13276 41 341107 8 
13277 41 341133 8 
13278 41 341160 8 
13279 41 341188 8 
13280 41 341214 8 
13281 41 341240 8 
13282 41 341260 8 
13283 41 341281 8 
13284 41 341305 8 
13285 41 341329 8 
13286 41 341355 8 
13287 41 341372 8 
13288 41 341395 8 
13289 41 341420 8 
13290 41 341443 8 
13291 41 341464 8 
13292 41 341489 8 
13293 41 341515 8 
13294 41 341544 8 
13295 41 341571 8 
13296 41 341597 8 
13297 41 341626 8 
13298 41 341653 8 
13299 41 341682 8 
13300 41 341710 8 
13301 41 341733 8 
13302 41 341760 8 
13303 41 341782 8 
13304 41 341807 8 
13305 41 341832 8 
13306 41 341854 8 
13307 41 341879 8 
13308 41 341904 8 
13309 41 341927 8 
13310 41 341945 8 
13311 41 341970 8 
13312 41 341994 8 
13313 41 342015 8 
13314 41 342040 8 
13315 41 342062 8 
13316 41 342087 8 
13317 41 342117 8 
13318 41 342147 8 
13319 41 342175 8 
13320 41 342204 8 
13321 41 342233 8 
13322 41 342259 8 
13323 41 342285 8 
13324 41 342314 8 
13325 41 342343 8 
13326 41 342369 8 
13327 41 342395 8 
13328 41 342422 8 
13329 41 342451 8 
13330 41 342477 8 
13331 41 342502 8 
13332 41 342528 8 
13333 41 342554 8 
13334 41 342579 8 
13335 41 342600 8 
13336 41 342628 8 
13337 41 342647 8 
13338 41 342671 8 
13339 41 342693 8 
13340 41 342716 8 
13341 41 342738 8 
13342 41 342759 8 
13343 41 342785 8 
13344 41 342806 8 
13345 41 342833 8 
13346 41 342862 8 
13347 41 342891 8 
13348 41 342921 8 
13349 41 342949 8 
13350 41 342974 8 
13351 41 343000 8 
13352 41 343029 8 
13353 41 343058 8 
13354 41 343087 8 
13355 41 343110 8 
13356 41 343136 8 
13357 41 343163 8 
13358 41 343189 8 
13359 41 343211 8 
13360 41 343236 8 
13361 41 343262 8 
13362 41 343280 8 
13363 41 343303 8 
13364 41 343321 8 
13365 41 343347 8 
13366 41 343369 8 
13367 41 343391 8 
13368 41 343416 8 
13369 41 343442 8 
13370 41 343463 8 
13371 41 343489 8 
13372 41 343516 8 
13373 41 343545 8 
13374 41 343573 8 
13375 41 343598 8 
13376 41 343627 8 
13377 41 343653 8 
13378 41 343681 8 
13379 41 343709 8 
13380 41 343731 8 
13381 41 343757 8 
13382 41 343778 8 
13383 41 343805 8 
13384 41 343830 8 
13385 41 343851 8 
13386 41 343875 8 
13387 41 343894 8 
13388 41 343918 8 
13389 41 343944 8 
13390 41 343967 8 
13391 41 343993 8 
13392 41 344014 8 
13393 41 344035 8 
13394 41 344060 8 
13395 41 344087 8 
13396 41 344116 8 
13397 41 344144 8 
13398 41 344173 8 
13399 41 344198 8 
13400 41 344224 8 
13401 41 344250 8 
13402 41 344276 8 
13403 41 344305 8 
13404 41 344334 8 
13405 41 344360 8 
13406 41 344387 8 
13407 41 344408 8 
13408 41 344430 8 
13409 41 344458 8 
13410 41 344483 8 
13411 41 344501 8 
13412 41 344524 8 
13413 41 344542 8 
13414 41 344567 8 
13415 41 344593 8 
13416 41 344615 8 
13417 41 344637 8 
13418 41 344663 8 
13419 41 344684 8 
13420 41 344710 8 
13421 41 344737 8 
13422 41 344765 8 
13423 41 344790 8 
13424 41 344819 8 
13425 41 344845 8 
13426 41 344871 8 
13427 41 344898 8 
13428 41 344921 8 
13429 41 344948 8 
13430 41 344974 8 
13431 41 344994 8 
13432 41 345020 8 
13433 41 345041 8 
13434 41 345067 8 
13435 41 345086 8 
13436 41 345109 8 
13437 41 345135 8 
13438 41 345157 8 
13439 41 345183 8 
13440 41 345205 8 
13441 41 345230 8 
13442 41 345251 8 
13443 41 345277 8 
13444 41 345304 8 
13445 41 345332 8 
13446 41 345358 8 
13447 41 345386 8 
13448 41 345415 8 
13449 41 345442 8 
13450 41 345467 8 
13451 41 345492 8 
13452 41 345515 8 
13453 41 345541 8 
13454 41 345566 8 
13455 41 345592 8 
13456 41 345620 8 
13457 41 345639 8 
13458 41 345664 8 
13459 41 345687 8 
13460 41 345714 8 
13461 41 345741 8 
13462 41 345757 8 
13463 41 345779 8 
13464 41 345801 8 
13465 41 345822 8 
13466 41 345847 8 
13467 41 345877 8 
13468 41 345905 8 
13469 41 345934 8 
13470 41 345961 8 
13471 41 345988 8 
13472 41 346015 8 
13473 41 346044 8 
13474 41 346074 8 
13475 41 346100 8 
13476 41 346126 8 
13477 41 346152 8 
13478 41 346181 8 
13479 41 346207 8 
13480 41 346234 8 
13481 41 346261 8 
13482 41 346284 8 
13483 41 346309 8 
13484 41 346330 8 
13485 41 346350 8 
13486 41 346377 8 
13487 41 346401 8 
13488 41 346422 8 
13489 41 346449 8 
13490 41 346471 8 
13491 41 346493 8 
13492 41 346515 8 
13493 41 346536 8 
13494 41 346562 8 
13495 41 346591 8 
13496 41 346617 8 
13497 41 346646 8 
13498 41 346672 8 
13499 41 346701 8 
13500 41 346727 8 
13501 41 346756 8 
13502 41 346782 8 
13503 41 346807 8 
13504 41 346832 8 
13505 41 346858 8 
13506 41 346879 8 
13507 41 346905 8 
13508 41 346931 8 
13509 41 346951 8 
13510 41 346968 8 
13511 41 346990 8 
13512 41 347016 8 
13513 41 347041 8 
13514 41 347064 8 
13515 41 347085 8 
13516 41 347111 8 
13517 41 347132 8 
13518 41 347158 8 
13519 41 347184 8 
13520 41 347212 8 
13521 41 347238 8 
13522 41 347267 8 
13523 41 347293 8 
13524 41 347319 8 
13525 41 347344 8 
13526 41 347369 8 
13527 41 347395 8 
13528 41 347421 8 
13529 41 347448 8 
13530 41 347468 8 
13531 41 347487 8 
13532 41 347514 8 
13533 41 347537 8 
13534 41 347555 8 
13535 41 347581 8 
13536 41 347606 8 
13537 41 347628 8 
13538 41 347650 8 
13539 41 347676 8 
13540 41 347697 8 
13541 41 347723 8 
13542 41 347749 8 
13543 41 347777 8 
13544 41 347803 8 
13545 41 347832 8 
13546 41 347858 8 
13547 41 347884 8 
13548 41 347910 8 
13549 41 347936 8 
13550 41 347963 8 
13551 41 347985 8 
13552 41 348012 8 
13553 41 348033 8 
13554 41 348057 8 
13555 41 348085 8 
13556 41 348104 8 
13557 41 348120 8 
13558 41 348146 8 
13559 41 348171 8 
13560 41 348197 8 
13561 41 348219 8 
13562 41 348241 8 
13563 41 348262 8 
13564 39 348278 8 
13565 41 348305 8 
13566 41 348332 8 
13567 41 348359 8 
13568 41 348386 8 
13569 41 348404 8 
13570 41 348433 8 
13571 39 348444 8 
13572 41 348467 8 
13573 39 348476 8 
13574 41 348501 8 
13575 41 348526 8 
13576 41 348555 8 
13577 41 348584 8 
13578 41 348611 8 
13579 41 348638 8 
13580 41 348665 8 
13581 41 348694 8 
13582 41 348724 8 
13583 41 348750 8 
13584 41 348776 8 
13585 41 348805 8 
13586 41 348831 8 
13587 41 348857 8 
13588 41 348882 8 
13589 41 348908 8 
13590 41 348934 8 
13591 41 348956 8 
13592 41 348980 8 
13593 41 349000 8 
13594 41 349027 8 
13595 41 349054 8 
13596 41 349077 8 
13597 41 349099 8 
13598 41 349121 8 
13599 41 349144 8 
13600 41 349165 8 
13601 41 349186 8 
13602 41 349212 8 
13603 41 349238 8 
13604 41 349264 8 
13605 41 349290 8 
13606 41 349319 8 
13607 41 349345 8 
13608 41 349374 8 
13609 41 349400 8 
13610 41 349424 8 
13611 41 349452 8 
13612 41 349472 8 
13613 41 349496 8 
13614 41 349520 8 
13615 41 349539 8 
13616 41 349555 8 
13617 41 349580 8 
13618 41 349606 8 
13619 41 349632 8 
13620 41 349654 8 
13621 41 349676 8 
13622 41 349697 8 
13623 41 349728 8 
13624 39 349757 8 
13625 41 349788 8 
13626 39 349817 8 
13627 41 349847 8 
13628 41 349876 8 
13629 41 349905 8 
13630 41 349933 8 
13631 41 349963 8 
13632 41 349993 8 
13633 41 350023 8 
13634 41 350049 8 
13635 41 350076 8 
13636 41 350105 8 
13637 41 350131 8 
13638 41 350159 8 
13639 41 350185 8 
13640 41 350210 8 
13641 39 350230 8 
13642 41 350250 8 
13643 41 350277 8 
13644 41 350304 8 
13645 41 350329 8 
13646 41 350356 8 
13647 39 350370 8 
13648 41 350396 8 
13649 41 350421 8 
13650 41 350444 8 
13651 41 350470 8 
13652 41 350491 8 
13653 41 350516 8 
13654 41 350547 8 
13655 41 350578 8 
13656 41 350608 8 
13657 41 350639 8 
13658 41 350668 8 
13659 41 350699 8 
13660 41 350730 8 
13661 41 350760 8 
13662 41 350788 8 
13663 41 350816 8 
13664 41 350844 8 
13665 41 350870 8 
13666 41 350897 8 
13667 41 350924 8 
13668 41 350954 8 
13669 41 350983 8 
13670 39 351002 8 
13671 41 351025 8 
13672 41 351050 8 
13673 39 351067 8 
13674 41 351091 8 
13675 41 351118 8 
13676 39 351133 8 
13677 41 351159 8 
13678 41 351185 8 
13679 41 351211 8 
13680 41 351234 8 
13681 41 351255 8 
13682 41 351281 8 
13683 41 351306 8 
13684 41 351338 8 
13685 41 351369 8 
13686 41 351399 8 
13687 41 351431 8 
13688 41 351460 8 
13689 41 351488 8 
13690 41 351518 8 
13691 41 351548 8 
13692 41 351575 8 
13693 41 351604 8 
13694 41 351632 8 
13695 41 351660 8 
13696 41 351687 8 
13697 41 351713 8 
13698 41 351741 8 
13699 41 351767 8 
13700 41 351791 8 
13701 41 351817 8 
13702 41 351840 8 
13703 41 351864 8 
13704 41 351888 8 
13705 41 351913 8 
13706 41 351937 8 
13707 41 351953 8 
13708 41 351976 8 
13709 41 351998 8 
13710 41 352020 8 
13711 41 352043 8 
13712 41 352065 8 
13713 41 352087 8 
13714 41 352108 8 
13715 41 352140 8 
13716 39 352168 8 
13717 41 352199 8 
13718 41 352230 8 
13719 39 352255 8 
13720 41 352284 8 
13721 41 352314 8 
13722 41 352344 8 
13723 41 352373 8 
13724 41 352401 8 
13725 41 352429 8 
13726 41 352455 8 
13727 41 352484 8 
13728 41 352510 8 
13729 41 352537 8 
13730 41 352566 8 
13731 41 352591 8 
13732 41 352619 8 
13733 41 352644 8 
13734 41 352672 8 
13735 41 352697 8 
13736 39 352713 8 
13737 41 352739 8 
13738 41 352763 8 
13739 41 352790 8 
13740 41 352813 8 
13741 41 352840 8 
13742 39 352851 8 
13743 41 352873 8 
13744 41 352899 8 
13745 41 352924 8 
13746 41 352956 8 
13747 41 352988 8 
13748 41 353019 8 
13749 41 353048 8 
13750 41 353076 8 
13751 41 353105 8 
13752 41 353133 8 
13753 41 353160 8 
13754 41 353187 8 
13755 41 353216 8 
13756 41 353243 8 
13757 41 353270 8 
13758 41 353297 8 
13759 41 353326 8 
13760 41 353352 8 
13761 41 353378 8 
13762 41 353406 8 
13763 41 353433 8 
13764 41 353456 8 
13765 41 353485 8 
13766 41 353506 8 
13767 41 353531 8 
13768 41 353554 8 
13769 41 353572 8 
13770 41 353594 8 
13771 41 353617 8 
13772 41 353639 8 
13773 41 353662 8 
13774 41 353683 8 
13775 41 353708 8 
13776 41 353737 8 
13777 41 353766 8 
13778 41 353796 8 
13779 41 353827 8 
13780 41 353857 8 
13781 41 353887 8 
13782 41 353916 8 
13783 41 353943 8 
13784 41 353970 8 
13785 41 353996 8 
13786 41 354024 8 
13787 41 354050 8 
13788 41 354078 8 
13789 41 354104 8 
13790 41 354127 8 
13791 41 354156 8 
13792 41 354182 8 
13793 41 354207 8 
13794 41 354232 8 
13795 41 354260 8 
13796 41 354280 8 
13797 41 354303 8 
13798 41 354327 8 
13799 41 354350 8 
13800 41 354364 8 
13801 41 354390 8 
13802 41 354416 8 
13803 41 354438 8 
13804 41 354459 8 
13805 41 354489 8 
13806 41 354519 8 
13807 41 354548 8 
13808 41 354578 8 
13809 41 354608 8 
13810 41 354637 8 
13811 41 354667 8 
13812 41 354695 8 
13813 41 354722 8 
13814 41 354751 8 
13815 41 354776 8 
13816 41 354805 8 
13817 41 354831 8 
13818 41 354857 8 
13819 41 354881 8 
13820 41 354909 8 
13821 41 354931 8 
13822 41 354957 8 
13823 41 354980 8 
13824 41 355007 8 
13825 41 355034 8 
13826 41 355058 8 
13827 41 355076 8 
13828 41 355102 8 
13829 41 355125 8 
13830 41 355147 8 
13831 41 355170 8 
13832 41 355193 8 
13833 41 355214 8 
13834 41 355239 8 
13835 41 355267 8 
13836 41 355297 8 
13837 41 355325 8 
13838 41 355356 8 
13839 41 355387 8 
13840 41 355416 8 
13841 41 355444 8 
13842 41 355472 8 
13843 41 355501 8 
13844 41 355527 8 
13845 41 355549 8 
13846 41 355576 8 
13847 41 355601 8 
13848 41 355626 8 
13849 41 355651 8 
13850 41 355676 8 
13851 41 355704 8 
13852 41 355726 8 
13853 41 355754 8 
13854 41 355779 8 
13855 41 355802 8 
13856 41 355818 8 
13857 41 355841 8 
13858 41 355866 8 
13859 41 355889 8 
13860 41 355911 8 
13861 41 355937 8 
13862 41 355958 8 
13863 41 355986 8 
13864 41 356015 8 
13865 41 356044 8 
13866 41 356074 8 
13867 41 356103 8 
13868 41 356131 8 
13869 41 356157 8 
13870 41 356183 8 
13871 41 356212 8 
13872 41 356239 8 
13873 41 356266 8 
13874 41 356292 8 
13875 41 356318 8 
13876 41 356341 8 
13877 41 356369 8 
13878 41 356398 8 
13879 41 356420 8 
13880 41 356445 8 
13881 41 356469 8 
13882 41 356496 8 
13883 41 356520 8 
13884 41 356543 8 
13885 41 356565 8 
13886 41 356588 8 
13887 41 356600 8 
13888 41 356626 8 
13889 41 356647 8 
13890 41 356679 8 
13891 41 356711 8 
13892 41 356741 8 
13893 41 356771 8 
13894 41 356799 8 
13895 41 356828 8 
13896 41 356857 8 
13897 41 356883 8 
13898 41 356909 8 
13899 41 356938 8 
13900 41 356967 8 
13901 41 356993 8 
13902 41 357019 8 
13903 41 357044 8 
13904 41 357071 8 
13905 41 357098 8 
13906 41 357126 8 
13907 41 357152 8 
13908 41 357179 8 
13909 41 357204 8 
13910 41 357229 8 
13911 41 357254 8 
13912 41 357273 8 
13913 41 357300 8 
13914 41 357317 8 
13915 41 357339 8 
13916 41 357361 8 
13917 41 357383 8 
13918 41 357409 8 
13919 41 357430 8 
13920 41 357463 8 
13921 41 357494 8 
13922 41 357525 8 
13923 41 357555 8 
13924 41 357583 8 
13925 41 357612 8 
13926 41 357639 8 
13927 41 357666 8 
13928 41 357693 8 
13929 41 357722 8 
13930 41 357749 8 
13931 41 357775 8 
13932 41 357802 8 
13933 41 357830 8 
13934 41 357859 8 
13935 41 357886 8 
13936 41 357910 8 
13937 41 357936 8 
13938 41 357965 8 
13939 41 357990 8 
13940 41 358015 8 
13941 41 358035 8 
13942 41 358059 8 
13943 41 358077 8 
13944 41 358100 8 
13945 41 358123 8 
13946 41 358145 8 
13947 41 358167 8 
13948 41 358189 8 
13949 41 358214 8 
13950 41 358246 8 
13951 41 358276 8 
13952 41 358307 8 
13953 41 358338 8 
13954 41 358367 8 
13955 41 358396 8 
13956 41 358422 8 
13957 41 358451 8 
13958 41 358477 8 
13959 41 358504 8 
13960 41 358533 8 
13961 41 358561 8 
13962 41 358584 8 
13963 41 358611 8 
13964 41 358638 8 
13965 41 358664 8 
13966 41 358690 8 
13967 41 358716 8 
13968 41 358736 8 
13969 41 358757 8 
13970 41 358783 8 
13971 41 358802 8 
13972 41 358826 8 
13973 41 358848 8 
13974 41 358871 8 
13975 41 358893 8 
13976 41 358915 8 
13977 41 358940 8 
13978 41 358965 8 
13979 41 358993 8 
13980 41 359020 8 
13981 41 359049 8 
13982 41 359078 8 
13983 41 359107 8 
13984 41 359134 8 
13985 41 359158 8 
13986 41 359185 8 
13987 41 359212 8 
13988 41 359234 8 
13989 41 359261 8 
13990 41 359282 8 
13991 41 359308 8 
13992 41 359333 8 
13993 41 359360 8 
13994 41 359386 8 
13995 41 359407 8 
13996 41 359432 8 
13997 41 359455 8 
13998 41 359473 8 
13999 41 359498 8 
14000 41 359521 8 
14001 41 359547 8 
14002 41 359570 8 
14003 41 359595 8 
14004 41 359616 8 
14005 41 359644 8 
14006 41 359671 8 
14007 41 359697 8 
14008 41 359725 8 
14009 41 359754 8 
14010 41 359781 8 
14011 41 359805 8 
14012 41 359834 8 
14013 41 359862 8 
14014 41 359887 8 
14015 41 359912 8 
14016 41 359939 8 
14017 41 359959 8 
14018 41 359985 8 
14019 41 360010 8 
14020 41 360031 8 
14021 41 360056 8 
14022 41 360081 8 
14023 41 360104 8 
14024 41 360122 8 
14025 41 360147 8 
14026 41 360173 8 
14027 41 360196 8 
14028 41 360218 8 
14029 41 360240 8 
14030 41 360265 8 
14031 41 360293 8 
14032 41 360322 8 
14033 41 360350 8 
14034 41 360379 8 
14035 41 360405 8 
14036 41 360431 8 
14037 41 360460 8 
14038 41 360489 8 
14039 41 360513 8 
14040 41 360540 8 
14041 41 360563 8 
14042 41 360590 8 
14043 41 360617 8 
14044 41 360643 8 
14045 41 360669 8 
14046 41 360693 8 
14047 41 360714 8 
14048 41 360738 8 
14049 41 360764 8 
14050 41 360788 8 
14051 41 360812 8 
14052 41 360835 8 
14053 41 360850 8 
14054 41 360872 8 
14055 41 360897 8 
14056 41 360922 8 
14057 41 360949 8 
14058 41 360978 8 
14059 41 361007 8 
14060 41 361034 8 
14061 41 361062 8 
14062 41 361089 8 
14063 41 361118 8 
14064 41 361145 8 
14065 41 361171 8 
14066 41 361197 8 
14067 41 361225 8 
14068 41 361250 8 
14069 41 361276 8 
14070 41 361302 8 
14071 41 361323 8 
14072 41 361343 8 
14073 41 361370 8 
14074 41 361395 8 
14075 41 361418 8 
14076 41 361436 8 
14077 41 361461 8 
14078 41 361483 8 
14079 41 361509 8 
14080 41 361531 8 
14081 41 361557 8 
14082 41 361578 8 
14083 41 361608 8 
14084 41 361639 8 
14085 41 361669 8 
14086 41 361698 8 
14087 41 361725 8 
14088 41 361754 8 
14089 41 361782 8 
14090 41 361808 8 
14091 41 361837 8 
14092 41 361863 8 
14093 41 361892 8 
14094 41 361918 8 
14095 41 361945 8 
14096 41 361973 8 
14097 41 361997 8 
14098 41 362023 8 
14099 41 362049 8 
14100 41 362069 8 
14101 41 362088 8 
14102 41 362114 8 
14103 41 362139 8 
14104 41 362157 8 
14105 41 362179 8 
14106 41 362202 8 
14107 41 362227 8 
14108 41 362249 8 
14109 41 362271 8 
14110 41 362296 8 
14111 41 362323 8 
14112 41 362351 8 
14113 41 362380 8 
14114 41 362406 8 
14115 41 362432 8 
14116 41 362461 8 
14117 41 362488 8 
14118 41 362515 8 
14119 41 362544 8 
14120 41 362569 8 
14121 41 362592 8 
14122 41 362618 8 
14123 41 362644 8 
14124 41 362664 8 
14125 41 362690 8 
14126 41 362715 8 
14127 41 362738 8 
14128 41 362765 8 
14129 41 362788 8 
14130 41 362812 8 
14131 41 362828 8 
14132 41 362853 8 
14133 41 362875 8 
14134 41 362897 8 
14135 41 362922 8 
14136 41 362948 8 
14137 41 362973 8 
14138 41 362998 8 
14139 41 363028 8 
14140 41 363056 8 
14141 41 363084 8 
14142 41 363110 8 
14143 41 363137 8 
14144 41 363158 8 
14145 41 363185 8 
14146 41 363205 8 
14147 41 363230 8 
14148 41 363257 8 
14149 41 363278 8 
14150 41 363303 8 
14151 41 363326 8 
14152 41 363344 8 
14153 41 363369 8 
14154 41 363393 8 
14155 41 363416 8 
14156 41 363442 8 
14157 41 363468 8 
14158 41 363490 8 
14159 41 363511 8 
14160 41 363542 8 
14161 41 363572 8 
14162 41 363600 8 
14163 41 363629 8 
14164 41 363656 8 
14165 41 363683 8 
14166 41 363713 8 
14167 41 363739 8 
14168 41 363768 8 
14169 41 363794 8 
14170 41 363820 8 
14171 41 363847 8 
14172 41 363874 8 
14173 41 363902 8 
14174 41 363930 8 
14175 41 363954 8 
14176 41 363979 8 
14177 41 364001 8 
14178 41 364025 8 
14179 41 364053 8 
14180 41 364072 8 
14181 41 364095 8 
14182 41 364118 8 
14183 41 364140 8 
14184 41 364162 8 
14185 41 364188 8 
14186 41 364210 8 
14187 41 364231 8 
14188 41 364257 8 
14189 41 364286 8 
14190 41 364313 8 
14191 41 364341 8 
14192 41 364370 8 
14193 41 364396 8 
14194 41 364424 8 
14195 41 364450 8 
14196 41 364476 8 
14197 41 364502 8 
14198 41 364527 8 
14199 41 364553 8 
14200 41 364574 8 
14201 41 364595 8 
14202 41 364619 8 
14203 41 364643 8 
14204 41 364668 8 
14205 41 364695 8 
14206 41 364718 8 
14207 41 364745 8 
14208 41 364772 8 
14209 41 364787 8 
14210 41 364809 8 
14211 41 364830 8 
14212 41 364855 8 
14213 41 364879 8 
14214 41 364903 8 
14215 41 364929 8 
14216 41 364957 8 
14217 41 364980 8 
14218 41 365002 8 
14219 41 365029 8 
14220 41 365049 8 
14221 41 365074 8 
14222 41 365102 8 
14223 41 365120 8 
14224 41 365145 8 
14225 41 365168 8 
14226 41 365186 8 
14227 41 365211 8 
14228 41 365235 8 
14229 41 365258 8 
14230 41 365284 8 
14231 41 365310 8 
14232 41 365332 8 
14233 41 365353 8 
14234 41 365379 8 
14235 41 365405 8 
14236 41 365431 8 
14237 41 365459 8 
14238 41 365485 8 
14239 41 365511 8 
14240 41 365540 8 
14241 41 365564 8 
14242 41 365590 8 
14243 41 365614 8 
14244 41 365639 8 
14245 41 365667 8 
14246 41 365687 8 
14247 41 365714 8 
14248 41 365739 8 
14249 41 365764 8 
14250 41 365787 8 
14251 41 365814 8 
14252 41 365830 8 
14253 41 365851 8 
14254 41 365873 8 
14255 41 365895 8 
14256 41 365920 8 
14257 41 365946 8 
14258 41 365973 8 
14259 41 366000 8 
14260 41 366028 8 
14261 41 366057 8 
14262 41 366083 8 
14263 41 366109 8 
14264 41 366135 8 
14265 41 366161 8 
14266 41 366188 8 
14267 41 366215 8 
14268 41 366238 8 
14269 41 366258 8 
14270 41 366278 8 
14271 41 366303 8 
14272 41 366323 8 
14273 41 366346 8 
14274 41 366372 8 
14275 41 366398 8 
14276 41 366424 8 
14277 41 366447 8 
14278 41 366468 8 
14279 41 366493 8 
14280 41 366514 8 
14281 39 366532 8 
14282 41 366559 8 
14283 41 366586 8 
14284 41 366613 8 
14285 41 366633 8 
14286 39 366647 8 
14287 41 366671 8 
14288 41 366699 8 
14289 41 366725 8 
14290 41 366750 8 
14291 41 366773 8 
14292 39 366783 8 
14293 41 366808 8 
14294 41 366834 8 
14295 41 366859 8 
14296 41 366885 8 
14297 41 366911 8 
14298 41 366939 8 
14299 41 366968 8 
14300 41 366994 8 
14301 41 367021 8 
14302 41 367046 8 
14303 41 367074 8 
14304 41 367099 8 
14305 41 367122 8 
14306 41 367147 8 
14307 41 367174 8 
14308 41 367201 8 
14309 41 367226 8 
14310 41 367251 8 
14311 41 367279 8 
14312 41 367306 8 
14313 41 367329 8 
14314 41 367351 8 
14315 41 367374 8 
14316 41 367397 8 
14317 41 367419 8 
14318 41 367429 8 
14319 41 367455 8 
14320 41 367484 8 
14321 41 367510 8 
14322 41 367539 8 
14323 41 367565 8 
14324 41 367594 8 
14325 41 367620 8 
14326 41 367646 8 
14327 41 367670 8 
14328 41 367698 8 
14329 41 367721 8 
14330 41 367745 8 
14331 41 367771 8 
14332 41 367789 8 
14333 41 367806 8 
14334 41 367832 8 
14335 41 367854 8 
14336 41 367879 8 
14337 41 367901 8 
14338 41 367923 8 
14339 41 367949 8 
14340 41 367970 8 
14341 41 367999 8 
14342 41 368028 8 
14343 41 368055 8 
14344 41 368082 8 
14345 41 368111 8 
14346 41 368137 8 
14347 41 368167 8 
14348 41 368193 8 
14349 41 368219 8 
14350 41 368246 8 
14351 41 368273 8 
14352 41 368301 8 
14353 41 368326 8 
14354 41 368353 8 
14355 41 368378 8 
14356 41 368400 8 
14357 41 368424 8 
14358 41 368452 8 
14359 41 368476 8 
14360 41 368494 8 
14361 41 368517 8 
14362 41 368539 8 
14363 41 368565 8 
14364 41 368587 8 
14365 41 368609 8 
14366 41 368630 8 
14367 41 368656 8 
14368 41 368684 8 
14369 41 368713 8 
14370 41 368739 8 
14371 41 368768 8 
14372 41 368794 8 
14373 41 368820 8 
14374 41 368846 8 
14375 41 368871 8 
14376 41 368896 8 
14377 41 368925 8 
14378 41 368948 8 
14379 41 368975 8 
14380 41 368994 8 
14381 41 369017 8 
14382 41 369034 8 
14383 41 369059 8 
14384 41 369081 8 
14385 41 369107 8 
14386 41 369129 8 
14387 41 369151 8 
14388 41 369177 8 
14389 41 369198 8 
14390 41 369224 8 
14391 41 369250 8 
14392 41 369279 8 
14393 41 369305 8 
14394 41 369331 8 
14395 41 369357 8 
14396 41 369383 8 
14397 41 369407 8 
14398 41 369433 8 
14399 41 369459 8 
14400 41 369479 8 
14401 41 369500 8 
14402 41 369518 8 
14403 41 369544 8 
14404 41 369570 8 
14405 41 369593 8 
14406 41 369615 8 
14407 41 369641 8 
14408 41 369663 8 
14409 41 369688 8 
14410 41 369709 8 
14411 41 369737 8 
14412 41 369765 8 
14413 41 369792 8 
14414 41 369819 8 
14415 41 369849 8 
14416 41 369875 8 
14417 41 369904 8 
14418 41 369930 8 
14419 41 369956 8 
14420 41 369985 8 
14421 41 370011 8 
14422 41 370036 8 
14423 41 370060 8 
14424 41 370085 8 
14425 41 370110 8 
14426 41 370131 8 
14427 41 370154 8 
14428 41 370181 8 
14429 41 370204 8 
14430 41 370231 8 
14431 41 370254 8 
14432 41 370275 8 
14433 41 370298 8 
14434 41 370319 8 
14435 41 370340 8 
14436 41 370373 8 
14437 41 370404 8 
14438 41 370435 8 
14439 41 370467 8 
14440 41 370496 8 
14441 41 370527 8 
14442 41 370555 8 
14443 41 370585 8 
14444 41 370613 8 
14445 41 370643 8 
14446 41 370672 8 
14447 41 370699 8 
14448 41 370727 8 
14449 41 370751 8 
14450 41 370777 8 
14451 41 370805 8 
14452 41 370831 8 
14453 41 370855 8 
14454 41 370880 8 
14455 41 370909 8 
14456 41 370934 8 
14457 41 370959 8 
14458 41 370978 8 
14459 41 370998 8 
14460 41 371022 8 
14461 41 371048 8 
14462 41 371071 8 
14463 41 371094 8 
14464 41 371120 8 
14465 41 371145 8 
14466 41 371166 8 
14467 41 371187 8 
14468 41 371217 8 
14469 41 371247 8 
14470 39 371276 8 
14471 41 371304 8 
14472 41 371335 8 
14473 39 371362 8 
14474 41 371390 8 
14475 41 371419 8 
14476 41 371449 8 
14477 41 371477 8 
14478 41 371505 8 
14479 41 371534 8 
14480 41 371563 8 
14481 41 371589 8 
14482 41 371615 8 
14483 39 371636 8 
14484 41 371658 8 
14485 41 371686 8 
14486 41 371708 8 
14487 41 371734 8 
14488 41 371761 8 
14489 41 371788 8 
14490 41 371813 8 
14491 39 371827 8 
14492 41 371853 8 
14493 41 371879 8 
14494 41 371902 8 
14495 41 371927 8 
14496 41 371952 8 
14497 41 371973 8 
14498 41 372004 8 
14499 41 372034 8 
14500 41 372063 8 
14501 41 372094 8 
14502 41 372124 8 
14503 41 372154 8 
14504 41 372183 8 
14505 41 372211 8 
14506 41 372239 8 
14507 41 372268 8 
14508 41 372294 8 
14509 41 372322 8 
14510 41 372349 8 
14511 41 372374 8 
14512 41 372402 8 
14513 41 372428 8 
14514 41 372454 8 
14515 41 372477 8 
14516 41 372501 8 
14517 41 372526 8 
14518 41 372551 8 
14519 41 372568 8 
14520 41 372587 8 
14521 41 372611 8 
14522 41 372633 8 
14523 41 372656 8 
14524 41 372678 8 
14525 41 372700 8 
14526 41 372722 8 
14527 41 372743 8 
14528 41 372775 8 
14529 39 372803 8 
14530 41 372833 8 
14531 41 372865 8 
14532 41 372894 8 
14533 39 372919 8 
14534 41 372948 8 
14535 41 372977 8 
14536 41 373007 8 
14537 41 373035 8 
14538 41 373063 8 
14539 41 373089 8 
14540 41 373116 8 
14541 41 373144 8 
14542 41 373170 8 
14543 41 373196 8 
14544 41 373224 8 
14545 41 373250 8 
14546 39 373268 8 
14547 41 373297 8 
14548 41 373319 8 
14549 41 373347 8 
14550 41 373374 8 
14551 41 373399 8 
14552 41 373421 8 
14553 41 373447 8 
14554 39 373459 8 
14555 41 373485 8 
14556 41 373511 8 
14557 41 373533 8 
14558 41 373558 8 
14559 41 373586 8 
14560 41 373616 8 
14561 41 373646 8 
14562 41 373675 8 
14563 41 373705 8 
14564 41 373733 8 
14565 41 373762 8 
14566 41 373792 8 
14567 41 373819 8 
14568 41 373845 8 
14569 41 373872 8 
14570 41 373898 8 
14571 41 373924 8 
14572 41 373953 8 
14573 41 373979 8 
14574 41 374001 8 
14575 41 374027 8 
14576 41 374056 8 
14577 41 374077 8 
14578 41 374100 8 
14579 41 374124 8 
14580 41 374147 8 
14581 41 374170 8 
14582 41 374184 8 
14583 41 374210 8 
14584 41 374236 8 
14585 41 374258 8 
14586 41 374279 8 
14587 41 374310 8 
14588 41 374342 8 
14589 41 374373 8 
14590 41 374403 8 
14591 41 374433 8 
14592 41 374462 8 
14593 41 374491 8 
14594 41 374517 8 
14595 41 374545 8 
14596 41 374571 8 
14597 41 374600 8 
14598 41 374629 8 
14599 41 374655 8 
14600 41 374681 8 
14601 41 374708 8 
14602 41 374733 8 
14603 41 374759 8 
14604 41 374786 8 
14605 41 374812 8 
14606 41 374840 8 
14607 41 374866 8 
14608 41 374891 8 
14609 41 374916 8 
14610 41 374940 8 
14611 41 374958 8 
14612 41 374985 8 
14613 41 375001 8 
14614 41 375024 8 
14615 41 375045 8 
14616 41 375071 8 
14617 41 375092 8 
14618 41 375122 8 
14619 41 375153 8 
14620 41 375183 8 
14621 41 375213 8 
14622 41 375243 8 
14623 41 375272 8 
14624 41 375301 8 
14625 39 375322 8 
14626 41 375350 8 
14627 41 375377 8 
14628 41 375401 8 
14629 41 375429 8 
14630 41 375458 8 
14631 41 375484 8 
14632 41 375508 8 
14633 39 375527 8 
14634 41 375554 8 
14635 41 375579 8 
14636 41 375606 8 
14637 41 375629 8 
14638 41 375656 8 
14639 41 375683 8 
14640 41 375710 8 
14641 41 375734 8 
14642 41 375761 8 
14643 39 375771 8 
14644 41 375796 8 
14645 41 375817 8 
14646 41 375846 8 
14647 41 375876 8 
14648 41 375905 8 
14649 41 375935 8 
14650 41 375964 8 
14651 41 375993 8 
14652 41 376022 8 
14653 41 376048 8 
14654 41 376078 8 
14655 41 376107 8 
14656 41 376134 8 
14657 41 376161 8 
14658 41 376187 8 
14659 41 376212 8 
14660 41 376239 8 
14661 41 376261 8 
14662 41 376285 8 
14663 41 376306 8 
14664 41 376331 8 
14665 41 376358 8 
14666 41 376383 8 
14667 41 376406 8 
14668 41 376429 8 
14669 41 376455 8 
14670 41 376471 8 
14671 41 376497 8 
14672 41 376519 8 
14673 41 376545 8 
14674 41 376566 8 
14675 41 376595 8 
14676 41 376622 8 
14677 41 376648 8 
14678 41 376678 8 
14679 41 376707 8 
14680 41 376734 8 
14681 41 376761 8 
14682 41 376790 8 
14683 41 376816 8 
14684 41 376843 8 
14685 41 376868 8 
14686 41 376895 8 
14687 41 376916 8 
14688 41 376943 8 
14689 41 376969 8 
14690 41 376996 8 
14691 41 377020 8 
14692 41 377041 8 
14693 41 377066 8 
14694 41 377092 8 
14695 41 377110 8 
14696 41 377132 8 
14697 41 377158 8 
14698 41 377181 8 
14699 41 377203 8 
14700 41 377225 8 
14701 41 377250 8 
14702 41 377281 8 
14703 41 377312 8 
14704 41 377342 8 
14705 41 377370 8 
14706 41 377399 8 
14707 41 377426 8 
14708 41 377453 8 
14709 41 377480 8 
14710 41 377509 8 
14711 41 377535 8 
14712 41 377562 8 
14713 41 377589 8 
14714 41 377617 8 
14715 41 377644 8 
14716 41 377668 8 
14717 41 377697 8 
14718 41 377723 8 
14719 41 377752 8 
14720 41 377774 8 
14721 41 377799 8 
14722 41 377824 8 
14723 41 377847 8 
14724 41 377870 8 
14725 41 377894 8 
14726 41 377910 8 
14727 41 377933 8 
14728 41 377954 8 
14729 41 377976 8 
14730 41 378001 8 
14731 41 378033 8 
14732 41 378064 8 
14733 41 378095 8 
14734 41 378124 8 
14735 41 378153 8 
14736 41 378182 8 
14737 41 378209 8 
14738 41 378236 8 
14739 41 378265 8 
14740 41 378291 8 
14741 41 378318 8 
14742 41 378345 8 
14743 41 378372 8 
14744 41 378401 8 
14745 41 378428 8 
14746 41 378454 8 
14747 41 378482 8 
14748 41 378506 8 
14749 41 378532 8 
14750 41 378558 8 
14751 41 378579 8 
14752 41 378607 8 
14753 41 378630 8 
14754 41 378653 8 
14755 41 378670 8 
14756 41 378692 8 
14757 41 378715 8 
14758 41 378738 8 
14759 41 378763 8 
14760 41 378784 8 
14761 41 378811 8 
14762 41 378840 8 
14763 41 378870 8 
14764 41 378898 8 
14765 41 378927 8 
14766 41 378955 8 
14767 41 378980 8 
14768 41 379008 8 
14769 41 379031 8 
14770 41 379059 8 
14771 41 379081 8 
14772 41 379104 8 
14773 41 379131 8 
14774 41 379155 8 
14775 41 379176 8 
14776 41 379201 8 
14777 41 379228 8 
14778 41 379253 8 
14779 41 379279 8 
14780 41 379297 8 
14781 41 379319 8 
14782 41 379342 8 
14783 41 379368 8 
14784 41 379391 8 
14785 41 379412 8 
14786 41 379437 8 
14787 41 379464 8 
14788 41 379494 8 
14789 41 379523 8 
14790 41 379553 8 
14791 41 379580 8 
14792 41 379607 8 
14793 41 379633 8 
14794 41 379660 8 
14795 41 379688 8 
14796 41 379717 8 
14797 41 379744 8 
14798 41 379767 8 
14799 41 379793 8 
14800 41 379819 8 
14801 41 379842 8 
14802 41 379863 8 
14803 41 379890 8 
14804 41 379915 8 
14805 41 379938 8 
14806 41 379962 8 
14807 41 379989 8 
14808 41 380013 8 
14809 41 380029 8 
14810 41 380055 8 
14811 41 380077 8 
14812 41 380098 8 
14813 41 380123 8 
14814 41 380150 8 
14815 41 380180 8 
14816 41 380210 8 
14817 41 380239 8 
14818 41 380268 8 
14819 41 380294 8 
14820 41 380320 8 
14821 41 380346 8 
14822 41 380374 8 
14823 41 380403 8 
14824 41 380430 8 
14825 41 380456 8 
14826 41 380482 8 
14827 41 380505 8 
14828 41 380533 8 
14829 41 380556 8 
14830 41 380584 8 
14831 41 380609 8 
14832 41 380633 8 
14833 41 380656 8 
14834 41 380683 8 
14835 41 380707 8 
14836 41 380729 8 
14837 41 380752 8 
14838 41 380764 8 
14839 41 380790 8 
14840 41 380811 8 
14841 41 380839 8 
14842 41 380867 8 
14843 41 380897 8 
14844 41 380927 8 
14845 41 380955 8 
14846 41 380982 8 
14847 41 381008 8 
14848 41 381036 8 
14849 41 381065 8 
14850 41 381091 8 
14851 41 381117 8 
14852 41 381143 8 
14853 41 381169 8 
14854 41 381198 8 
14855 41 381220 8 
14856 41 381240 8 
14857 41 381264 8 
14858 41 381291 8 
14859 41 381310 8 
14860 41 381336 8 
14861 41 381362 8 
14862 41 381386 8 
14863 41 381408 8 
14864 41 381430 8 
14865 41 381453 8 
14866 41 381478 8 
14867 41 381499 8 
14868 41 381526 8 
14869 41 381556 8 
14870 41 381584 8 
14871 41 381611 8 
14872 41 381640 8 
14873 41 381668 8 
14874 41 381694 8 
14875 41 381719 8 
14876 41 381747 8 
14877 41 381775 8 
14878 41 381801 8 
14879 41 381826 8 
14880 41 381852 8 
14881 41 381877 8 
14882 41 381898 8 
14883 41 381923 8 
14884 41 381946 8 
14885 41 381973 8 
14886 41 381999 8 
14887 41 382022 8 
14888 41 382045 8 
14889 41 382069 8 
14890 41 382095 8 
14891 41 382109 8 
14892 41 382131 8 
14893 41 382156 8 
14894 41 382187 8 
14895 41 382217 8 
14896 41 382247 8 
14897 41 382274 8 
14898 41 382301 8 
14899 41 382327 8 
14900 41 382353 8 
14901 41 382382 8 
14902 41 382411 8 
14903 41 382440 8 
14904 41 382466 8 
14905 41 382492 8 
14906 41 382519 8 
14907 41 382547 8 
14908 41 382570 8 
14909 41 382590 8 
14910 41 382617 8 
14911 41 382643 8 
14912 41 382661 8 
14913 41 382680 8 
14914 41 382704 8 
14915 41 382728 8 
14916 41 382749 8 
14917 41 382774 8 
14918 41 382796 8 
14919 41 382818 8 
14920 41 382843 8 
14921 41 382874 8 
14922 41 382904 8 
14923 41 382934 8 
14924 41 382962 8 
14925 41 382992 8 
14926 41 383019 8 
14927 41 383045 8 
14928 41 383072 8 
14929 41 383099 8 
14930 41 383128 8 
14931 41 383157 8 
14932 41 383183 8 
14933 41 383209 8 
14934 41 383238 8 
14935 41 383260 8 
14936 41 383285 8 
14937 41 383307 8 
14938 41 383333 8 
14939 41 383352 8 
14940 41 383378 8 
14941 41 383397 8 
14942 41 383420 8 
14943 41 383443 8 
14944 41 383466 8 
14945 41 383488 8 
14946 41 383510 8 
14947 41 383535 8 
14948 41 383560 8 
14949 41 383587 8 
14950 41 383614 8 
14951 41 383642 8 
14952 41 383669 8 
14953 41 383695 8 
14954 41 383723 8 
14955 41 383749 8 
14956 41 383777 8 
14957 41 383801 8 
14958 41 383827 8 
14959 41 383852 8 
14960 41 383877 8 
14961 41 383904 8 
14962 41 383932 8 
14963 41 383952 8 
14964 41 383979 8 
14965 41 384004 8 
14966 41 384027 8 
14967 41 384054 8 
14968 41 384071 8 
14969 41 384094 8 
14970 41 384116 8 
14971 41 384139 8 
14972 41 384160 8 
14973 41 384185 8 
14974 41 384212 8 
14975 41 384240 8 
14976 41 384267 8 
14977 41 384295 8 
14978 41 384324 8 
14979 41 384352 8 
14980 41 384378 8 
14981 41 384404 8 
14982 41 384433 8 
14983 41 384459 8 
14984 41 384482 8 
14985 41 384504 8 
14986 41 384531 8 
14987 41 384554 8 
14988 41 384579 8 
14989 41 384602 8 
14990 41 384627 8 
14991 41 384650 8 
14992 41 384676 8 
14993 41 384699 8 
14994 41 384723 8 
14995 41 384738 8 
14996 41 384760 8 
14997 41 384785 8 
14998 41 384810 8 
14999 41 384834 8 
15000 41 384857 8 
15001 41 384886 8 
15002 41 384910 8 
15003 41 384940 8 
15004 41 384964 8 
15005 41 384989 8 
15006 41 385017 8 
15007 41 385041 8 
15008 41 385061 8 
15009 41 385080 8 
15010 41 385107 8 
15011 41 385132 8 
15012 41 385158 8 
15013 41 385176 8 
15014 41 385198 8 
15015 41 385222 8 
15016 41 385245 8 
15017 41 385271 8 
15018 41 385297 8 
15019 41 385319 8 
15020 41 385340 8 
15021 41 385368 8 
15022 41 385395 8 
15023 41 385422 8 
15024 41 385450 8 
15025 41 385479 8 
15026 41 385508 8 
15027 41 385534 8 
15028 41 385560 8 
15029 41 385586 8 
15030 41 385615 8 
15031 41 385642 8 
15032 41 385665 8 
15033 41 385694 8 
15034 41 385720 8 
15035 41 385741 8 
15036 41 385760 8 
15037 41 385785 8 
15038 41 385802 8 
15039 41 385827 8 
15040 41 385853 8 
15041 41 385875 8 
15042 41 385897 8 
15043 41 385919 8 
15044 41 385945 8 
15045 41 385966 8 
15046 41 385994 8 
15047 41 386022 8 
15048 41 386052 8 
15049 41 386081 8 
15050 41 386104 8 
15051 41 386125 8 
15052 39 386140 8 
15053 41 386163 8 
15054 39 386176 8 
15055 39 386190 8 
15056 41 386217 8 
15057 41 386241 8 
15058 41 386266 8 
15059 41 386292 8 
15060 41 386314 8 
15061 41 386339 8 
15062 41 386364 8 
15063 41 386394 8 
15064 41 386423 8 
15065 41 386452 8 
15066 41 386479 8 
15067 41 386506 8 
15068 41 386535 8 
15069 41 386565 8 
15070 41 386591 8 
15071 41 386617 8 
15072 41 386643 8 
15073 41 386670 8 
15074 41 386697 8 
15075 41 386725 8 
15076 41 386752 8 
15077 41 386776 8 
15078 41 386802 8 
15079 41 386824 8 
15080 41 386852 8 
15081 41 386876 8 
15082 41 386895 8 
15083 41 386917 8 
15084 41 386940 8 
15085 41 386963 8 
15086 41 386985 8 
15087 41 387011 8 
15088 41 387033 8 
15089 41 387054 8 
15090 41 387075 8 
15091 41 387097 8 
15092 41 387118 8 
15093 41 387146 8 
15094 41 387170 8 
15095 41 387192 8 
15096 41 387219 8 
15097 41 387245 8 
15098 41 387263 8 
15099 41 387289 8 
15100 41 387307 8 
15101 41 387329 8 
15102 41 387353 8 
15103 41 387376 8 
15104 41 387402 8 
15105 41 387424 8 
15106 41 387450 8 
15107 41 387471 8 
15108 41 387497 8 
15109 41 387523 8 
15110 41 387551 8 
15111 41 387580 8 
15112 41 387608 8 
15113 41 387634 8 
15114 41 387661 8 
15115 41 387686 8 
15116 41 387711 8 
15117 41 387739 8 
15118 41 387764 8 
15119 41 387786 8 
15120 41 387813 8 
15121 41 387838 8 
15122 41 387866 8 
15123 41 387889 8 
15124 41 387916 8 
15125 41 387943 8 
15126 41 387966 8 
15127 41 387990 8 
15128 41 388013 8 
15129 41 388036 8 
15130 41 388058 8 
15131 41 388068 8 
15132 41 388094 8 
15133 41 388120 8 
15134 41 388146 8 
15135 41 388175 8 
15136 41 388201 8 
15137 41 388227 8 
15138 41 388254 8 
15139 41 388278 8 
15140 41 388299 8 
15141 41 388324 8 
15142 41 388346 8 
15143 41 388365 8 
15144 41 388391 8 
15145 41 388415 8 
15146 41 388441 8 
15147 41 388467 8 
15148 41 388490 8 
15149 41 388513 8 
15150 41 388534 8 
15151 41 388559 8 
15152 41 388580 8 
15153 41 388609 8 
15154 41 388638 8 
15155 41 388665 8 
15156 41 388692 8 
15157 41 388722 8 
15158 41 388751 8 
15159 41 388777 8 
15160 41 388803 8 
15161 41 388829 8 
15162 41 388856 8 
15163 41 388883 8 
15164 41 388911 8 
15165 41 388936 8 
15166 41 388963 8 
15167 41 388988 8 
15168 41 389010 8 
15169 41 389034 8 
15170 41 389062 8 
15171 41 389085 8 
15172 41 389103 8 
15173 41 389126 8 
15174 41 389149 8 
15175 41 389171 8 
15176 41 389193 8 
15177 41 389219 8 
15178 41 389240 8 
15179 41 389266 8 
15180 41 389295 8 
15181 41 389323 8 
15182 41 389352 8 
15183 41 389378 8 
15184 41 389404 8 
15185 41 389430 8 
15186 41 389456 8 
15187 41 389480 8 
15188 41 389506 8 
15189 41 389535 8 
15190 41 389561 8 
15191 41 389581 8 
15192 41 389607 8 
15193 41 389627 8 
15194 41 389644 8 
15195 41 389666 8 
15196 41 389692 8 
15197 41 389717 8 
15198 41 389740 8 
15199 41 389761 8 
15200 41 389787 8 
15201 41 389808 8 
15202 41 389836 8 
15203 41 389864 8 
15204 41 389891 8 
15205 41 389921 8 
15206 41 389947 8 
15207 41 389973 8 
15208 41 390000 8 
15209 41 390029 8 
15210 41 390055 8 
15211 41 390084 8 
15212 41 390110 8 
15213 41 390135 8 
15214 41 390161 8 
15215 41 390187 8 
15216 41 390209 8 
15217 41 390233 8 
15218 41 390253 8 
15219 41 390280 8 
15220 41 390307 8 
15221 41 390330 8 
15222 41 390352 8 
15223 41 390374 8 
15224 41 390397 8 
15225 41 390418 8 
15226 41 390439 8 
15227 41 390465 8 
15228 41 390494 8 
15229 41 390520 8 
15230 41 390546 8 
15231 41 390572 8 
15232 41 390598 8 
15233 41 390624 8 
15234 41 390648 8 
15235 41 390674 8 
15236 41 390703 8 
15237 41 390723 8 
15238 41 390742 8 
15239 41 390766 8 
15240 41 390785 8 
15241 41 390808 8 
15242 41 390834 8 
15243 41 390857 8 
15244 41 390883 8 
15245 41 390904 8 
15246 41 390925 8 
15247 41 390950 8 
15248 41 390980 8 
15249 41 391011 8 
15250 41 391038 8 
15251 41 391067 8 
15252 41 391096 8 
15253 41 391125 8 
15254 41 391154 8 
15255 41 391182 8 
15256 41 391209 8 
15257 41 391236 8 
15258 41 391263 8 
15259 41 391290 8 
15260 41 391316 8 
15261 41 391342 8 
15262 41 391367 8 
15263 41 391393 8 
15264 41 391418 8 
15265 41 391443 8 
15266 41 391467 8 
15267 41 391492 8 
15268 41 391515 8 
15269 41 391539 8 
15270 41 391563 8 
15271 41 391587 8 
15272 41 391610 8 
15273 41 391633 8 
15274 41 391656 8 
15275 41 391678 8 
15276 41 391688 8 
15277 41 391718 8 
15278 41 391749 8 
15279 41 391778 8 
15280 41 391808 8 
15281 41 391838 8 
15282 41 391867 8 
15283 41 391895 8 
15284 41 391923 8 
15285 41 391951 8 
15286 41 391978 8 
15287 41 392006 8 
15288 41 392033 8 
15289 41 392060 8 
15290 41 392084 8 
15291 41 392110 8 
15292 41 392133 8 
15293 41 392159 8 
15294 41 392185 8 
15295 41 392210 8 
15296 41 392235 8 
15297 41 392252 8 
15298 41 392271 8 
15299 41 392295 8 
15300 41 392317 8 
15301 41 392339 8 
15302 41 392362 8 
15303 41 392385 8 
15304 41 392406 8 
15305 41 392427 8 
15306 41 392456 8 
15307 41 392485 8 
15308 41 392515 8 
15309 41 392545 8 
15310 41 392574 8 
15311 41 392603 8 
15312 41 392631 8 
15313 41 392660 8 
15314 41 392687 8 
15315 41 392715 8 
15316 41 392741 8 
15317 41 392767 8 
15318 41 392792 8 
15319 41 392819 8 
15320 41 392845 8 
15321 41 392871 8 
15322 41 392897 8 
15323 41 392922 8 
15324 41 392946 8 
15325 41 392970 8 
15326 41 392994 8 
15327 41 393018 8 
15328 41 393041 8 
15329 41 393064 8 
15330 41 393088 8 
15331 41 393111 8 
15332 41 393134 8 
15333 41 393156 8 
15334 41 393166 8 
15335 41 393195 8 
15336 41 393224 8 
15337 41 393252 8 
15338 41 393282 8 
15339 41 393311 8 
15340 41 393340 8 
15341 41 393368 8 
15342 41 393397 8 
15343 41 393424 8 
15344 41 393451 8 
15345 41 393479 8 
15346 41 393506 8 
15347 41 393532 8 
15348 41 393558 8 
15349 41 393583 8 
15350 41 393608 8 
15351 41 393633 8 
15352 41 393657 8 
15353 41 393682 8 
15354 41 393706 8 
15355 41 393731 8 
15356 41 393755 8 
15357 41 393778 8 
15358 41 393802 8 
15359 41 393825 8 
15360 41 393849 8 
15361 41 393871 8 
15362 41 393893 8 
15363 41 393903 8 
15364 41 393932 8 
15365 41 393963 8 
15366 41 393993 8 
15367 41 394022 8 
15368 41 394050 8 
15369 41 394079 8 
15370 41 394108 8 
15371 41 394136 8 
15372 41 394162 8 
15373 41 394189 8 
15374 41 394213 8 
15375 41 394241 8 
15376 41 394267 8 
15377 41 394293 8 
15378 41 394320 8 
15379 41 394346 8 
15380 41 394372 8 
15381 41 394391 8 
15382 41 394412 8 
15383 41 394436 8 
15384 41 394455 8 
15385 41 394478 8 
15386 41 394502 8 
15387 41 394523 8 
15388 41 394546 8 
15389 41 394569 8 
15390 41 394590 8 
15391 41 394611 8 
15392 41 394640 8 
15393 41 394669 8 
15394 41 394700 8 
15395 41 394730 8 
15396 41 394758 8 
15397 41 394786 8 
15398 41 394814 8 
15399 41 394842 8 
15400 41 394869 8 
15401 41 394898 8 
15402 41 394922 8 
15403 41 394950 8 
15404 41 394975 8 
15405 41 395001 8 
15406 41 395026 8 
15407 41 395051 8 
15408 41 395077 8 
15409 41 395102 8 
15410 41 395128 8 
15411 41 395153 8 
15412 41 395173 8 
15413 41 395197 8 
15414 41 395215 8 
15415 41 395237 8 
15416 41 395260 8 
15417 41 395282 8 
15418 41 395305 8 
15419 41 395326 8 
15420 41 395347 8 
15421 41 395377 8 
15422 41 395405 8 
15423 41 395435 8 
15424 41 395465 8 
15425 41 395496 8 
15426 41 395523 8 
15427 41 395552 8 
15428 41 395579 8 
15429 41 395606 8 
15430 41 395634 8 
15431 41 395661 8 
15432 41 395685 8 
15433 41 395708 8 
15434 41 395734 8 
15435 41 395758 8 
15436 41 395782 8 
15437 41 395808 8 
15438 41 395826 8 
15439 41 395851 8 
15440 41 395875 8 
15441 41 395899 8 
15442 41 395917 8 
15443 41 395940 8 
15444 41 395962 8 
15445 41 395985 8 
15446 41 396007 8 
15447 41 396029 8 
15448 41 396050 8 
15449 41 396078 8 
15450 41 396107 8 
15451 41 396136 8 
15452 41 396162 8 
15453 41 396191 8 
15454 41 396219 8 
15455 41 396249 8 
15456 41 396278 8 
15457 41 396304 8 
15458 41 396331 8 
15459 41 396355 8 
15460 41 396380 8 
15461 41 396403 8 
15462 41 396429 8 
15463 41 396455 8 
15464 41 396480 8 
15465 41 396498 8 
15466 41 396523 8 
15467 41 396547 8 
15468 41 396571 8 
15469 41 396595 8 
15470 41 396612 8 
15471 41 396634 8 
15472 41 396657 8 
15473 41 396679 8 
15474 41 396701 8 
15475 41 396722 8 
15476 41 396749 8 
15477 41 396780 8 
15478 41 396809 8 
15479 41 396837 8 
15480 41 396866 8 
15481 41 396892 8 
15482 41 396919 8 
15483 41 396946 8 
15484 41 396975 8 
15485 41 397000 8 
15486 41 397027 8 
15487 41 397053 8 
15488 41 397078 8 
15489 41 397105 8 
15490 41 397128 8 
15491 41 397153 8 
15492 41 397179 8 
15493 41 397204 8 
15494 41 397224 8 
15495 41 397247 8 
15496 41 397265 8 
15497 41 397289 8 
15498 41 397310 8 
15499 41 397332 8 
15500 41 397354 8 
15501 41 397376 8 
15502 41 397397 8 
15503 41 397425 8 
15504 41 397454 8 
15505 41 397481 8 
15506 41 397510 8 
15507 41 397539 8 
15508 41 397568 8 
15509 41 397595 8 
15510 41 397624 8 
15511 41 397650 8 
15512 41 397679 8 
15513 41 397705 8 
15514 41 397732 8 
15515 41 397759 8 
15516 41 397784 8 
15517 41 397804 8 
15518 41 397824 8 
15519 41 397845 8 
15520 41 397869 8 
15521 41 397888 8 
15522 41 397911 8 
15523 41 397935 8 
15524 41 397957 8 
15525 41 397980 8 
15526 41 398003 8 
15527 41 398025 8 
15528 41 398047 8 
15529 41 398068 8 
15530 41 398097 8 
15531 41 398127 8 
15532 41 398155 8 
15533 41 398184 8 
15534 41 398212 8 
15535 41 398241 8 
15536 41 398266 8 
15537 41 398292 8 
15538 41 398318 8 
15539 41 398346 8 
15540 41 398374 8 
15541 41 398397 8 
15542 41 398423 8 
15543 41 398449 8 
15544 41 398472 8 
15545 41 398498 8 
15546 41 398523 8 
15547 41 398548 8 
15548 41 398568 8 
15549 41 398592 8 
15550 41 398610 8 
15551 41 398632 8 
15552 41 398655 8 
15553 41 398678 8 
15554 41 398699 8 
15555 41 398721 8 
15556 41 398742 8 
15557 41 398768 8 
15558 41 398797 8 
15559 41 398826 8 
15560 41 398855 8 
15561 41 398883 8 
15562 41 398908 8 
15563 41 398935 8 
15564 41 398962 8 
15565 41 398988 8 
15566 41 399016 8 
15567 41 399043 8 
15568 41 399070 8 
15569 41 399097 8 
15570 41 399117 8 
15571 41 399137 8 
15572 41 399162 8 
15573 41 399182 8 
15574 41 399206 8 
15575 41 399224 8 
15576 41 399246 8 
15577 41 399270 8 
15578 41 399293 8 
15579 41 399316 8 
15580 41 399338 8 
15581 41 399360 8 
15582 41 399381 8 
15583 41 399408 8 
15584 41 399436 8 
15585 41 399464 8 
15586 41 399492 8 
15587 41 399520 8 
15588 41 399546 8 
15589 41 399574 8 
15590 41 399602 8 
15591 41 399627 8 
15592 41 399651 8 
15593 41 399678 8 
15594 41 399703 8 
15595 41 399728 8 
15596 41 399754 8 
15597 41 399779 8 
15598 41 399805 8 
15599 41 399830 8 
15600 41 399850 8 
15601 41 399874 8 
15602 41 399898 8 
15603 41 399915 8 
15604 41 399938 8 
15605 41 399961 8 
15606 41 399982 8 
15607 41 400003 8 
15608 41 400024 8 
15609 41 400051 8 
15610 41 400078 8 
15611 41 400106 8 
15612 41 400134 8 
15613 41 400160 8 
15614 41 400186 8 
15615 41 400214 8 
15616 41 400239 8 
15617 41 400266 8 
15618 41 400292 8 
15619 41 400318 8 
15620 41 400342 8 
15621 41 400368 8 
15622 41 400393 8 
15623 41 400419 8 
15624 41 400444 8 
15625 41 400464 8 
15626 41 400488 8 
15627 41 400506 8 
15628 41 400530 8 
15629 41 400552 8 
15630 41 400574 8 
15631 41 400596 8 
15632 41 400617 8 
15633 41 400638 8 
15634 41 400665 8 
15635 41 400694 8 
15636 41 400723 8 
15637 41 400751 8 
15638 41 400777 8 
15639 41 400805 8 
15640 41 400831 8 
15641 41 400857 8 
15642 41 400883 8 
15643 41 400908 8 
15644 41 400935 8 
15645 41 400962 8 
15646 41 400988 8 
15647 41 401011 8 
15648 41 401036 8 
15649 41 401062 8 
15650 41 401087 8 
15651 41 401107 8 
15652 41 401130 8 
15653 41 401155 8 
15654 41 401172 8 
15655 41 401193 8 
15656 41 401215 8 
15657 41 401237 8 
15658 41 401259 8 
15659 41 401280 8 
15660 41 401307 8 
15661 41 401336 8 
15662 41 401365 8 
15663 41 401393 8 
15664 41 401418 8 
15665 41 401444 8 
15666 41 401470 8 
15667 41 401496 8 
15668 41 401524 8 
15669 41 401548 8 
15670 41 401575 8 
15671 41 401598 8 
15672 41 401624 8 
15673 41 401649 8 
15674 41 401674 8 
15675 41 401700 8 
15676 41 401724 8 
15677 41 401743 8 
15678 41 401761 8 
15679 41 401784 8 
15680 41 401806 8 
15681 41 401829 8 
15682 41 401850 8 
15683 41 401872 8 
15684 41 401893 8 
15685 41 401919 8 
15686 41 401948 8 
15687 41 401977 8 
15688 41 402003 8 
15689 41 402030 8 
15690 41 402056 8 
15691 41 402083 8 
15692 41 402109 8 
15693 41 402135 8 
15694 41 402163 8 
15695 41 402186 8 
15696 41 402211 8 
15697 41 402237 8 
15698 41 402262 8 
15699 41 402287 8 
15700 41 402308 8 
15701 41 402333 8 
15702 41 402356 8 
15703 41 402374 8 
15704 41 402396 8 
15705 41 402418 8 
15706 41 402441 8 
15707 41 402463 8 
15708 41 402485 8 
15709 41 402506 8 
15710 41 402533 8 
15711 41 402559 8 
15712 41 402588 8 
15713 41 402616 8 
15714 41 402641 8 
15715 41 402667 8 
15716 41 402693 8 
15717 41 402721 8 
15718 41 402749 8 
15719 41 402772 8 
15720 41 402798 8 
15721 41 402821 8 
15722 41 402846 8 
15723 41 402871 8 
15724 41 402891 8 
15725 41 402915 8 
15726 41 402934 8 
15727 41 402958 8 
15728 41 402981 8 
15729 41 403004 8 
15730 41 403027 8 
15731 41 403048 8 
15732 41 403069 8 
15733 41 403090 8 
15734 41 403117 8 
15735 41 403146 8 
15736 41 403174 8 
15737 41 403200 8 
15738 41 403228 8 
15739 41 403254 8 
15740 41 403280 8 
15741 41 403306 8 
15742 41 403332 8 
15743 41 403358 8 
15744 41 403383 8 
15745 41 403411 8 
15746 41 403436 8 
15747 41 403461 8 
15748 41 403481 8 
15749 41 403502 8 
15750 41 403526 8 
15751 41 403550 8 
15752 41 403573 8 
15753 41 403590 8 
15754 41 403613 8 
15755 41 403635 8 
15756 41 403657 8 
15757 41 403679 8 
15758 41 403700 8 
15759 41 403726 8 
15760 41 403753 8 
15761 41 403781 8 
15762 41 403806 8 
15763 41 403832 8 
15764 41 403858 8 
15765 41 403884 8 
15766 41 403912 8 
15767 41 403936 8 
15768 41 403961 8 
15769 41 403987 8 
15770 41 404010 8 
15771 41 404035 8 
15772 41 404060 8 
15773 41 404080 8 
15774 41 404099 8 
15775 41 404122 8 
15776 41 404146 8 
15777 41 404168 8 
15778 41 404190 8 
15779 41 404212 8 
15780 41 404233 8 
15781 41 404254 8 
15782 41 404280 8 
15783 41 404309 8 
15784 41 404335 8 
15785 41 404362 8 
15786 41 404389 8 
15787 41 404415 8 
15788 41 404440 8 
15789 41 404465 8 
15790 41 404490 8 
15791 41 404515 8 
15792 41 404543 8 
15793 41 404569 8 
15794 41 404595 8 
15795 41 404617 8 
15796 41 404643 8 
15797 41 404663 8 
15798 41 404686 8 
15799 41 404709 8 
15800 41 404726 8 
15801 41 404749 8 
15802 41 404771 8 
15803 41 404793 8 
15804 41 404815 8 
15805 41 404836 8 
15806 41 404862 8 
15807 41 404889 8 
15808 41 404917 8 
15809 41 404943 8 
15810 41 404971 8 
15811 41 404997 8 
15812 41 405022 8 
15813 41 405047 8 
15814 41 405072 8 
15815 41 405097 8 
15816 41 405123 8 
15817 41 405147 8 
15818 41 405173 8 
15819 41 405199 8 
15820 41 405225 8 
15821 41 405249 8 
15822 41 405275 8 
15823 41 405293 8 
15824 41 405310 8 
15825 41 405332 8 
15826 41 405354 8 
15827 41 405376 8 
15828 41 405397 8 
15829 41 405418 8 
15830 41 405445 8 
15831 41 405471 8 
15832 41 405499 8 
15833 41 405527 8 
15834 41 405553 8 
15835 41 405579 8 
15836 41 405605 8 
15837 41 405631 8 
15838 41 405657 8 
15839 41 405683 8 
15840 41 405712 8 
15841 41 405734 8 
15842 41 405759 8 
15843 41 405784 8 
15844 41 405804 8 
15845 41 405824 8 
15846 41 405849 8 
15847 41 405867 8 
15848 41 405889 8 
15849 41 405912 8 
15850 41 405934 8 
15851 41 405956 8 
15852 41 405978 8 
15853 41 405999 8 
15854 41 406025 8 
15855 41 406051 8 
15856 41 406079 8 
15857 41 406105 8 
15858 41 406131 8 
15859 41 406156 8 
15860 41 406181 8 
15861 41 406207 8 
15862 41 406232 8 
15863 41 406257 8 
15864 41 406285 8 
15865 41 406310 8 
15866 41 406332 8 
15867 41 406353 8 
15868 41 406378 8 
15869 41 406401 8 
15870 41 406424 8 
15871 41 406441 8 
15872 41 406464 8 
15873 41 406486 8 
15874 41 406508 8 
15875 41 406530 8 
15876 41 406551 8 
15877 41 406570 8 
15878 41 406597 8 
15879 41 406624 8 
15880 41 406651 8 
15881 41 406678 8 
15882 41 406694 8 
15883 41 406719 8 
15884 41 406732 8 
15885 41 406756 8 
15886 41 406779 8 
15887 41 406788 8 
15888 41 406813 8 
15889 41 406838 8 
15890 41 406864 8 
15891 41 406892 8 
15892 41 406918 8 
15893 41 406944 8 
15894 41 406970 8 
15895 41 406996 8 
15896 41 407022 8 
15897 41 407048 8 
15898 41 407073 8 
15899 41 407099 8 
15900 41 407120 8 
15901 41 407146 8 
15902 41 407166 8 
15903 41 407191 8 
15904 41 407214 8 
15905 41 407232 8 
15906 41 407254 8 
15907 41 407277 8 
15908 41 407299 8 
15909 41 407321 8 
15910 41 407343 8 
15911 41 407364 8 
15912 41 407390 8 
15913 41 407418 8 
15914 41 407444 8 
15915 41 407470 8 
15916 41 407496 8 
15917 41 407520 8 
15918 41 407545 8 
15919 41 407571 8 
15920 41 407597 8 
15921 41 407623 8 
15922 41 407648 8 
15923 41 407675 8 
15924 41 407696 8 
15925 41 407720 8 
15926 41 407739 8 
15927 41 407757 8 
15928 41 407780 8 
15929 41 407802 8 
15930 41 407824 8 
15931 41 407847 8 
15932 41 407868 8 
15933 41 407889 8 
15934 41 407915 8 
15935 41 407941 8 
15936 41 407967 8 
15937 41 407993 8 
15938 41 408019 8 
15939 41 408045 8 
15940 41 408071 8 
15941 41 408097 8 
15942 41 408119 8 
15943 41 408142 8 
15944 41 408167 8 
15945 41 408192 8 
15946 41 408212 8 
15947 41 408236 8 
15948 41 408254 8 
15949 41 408277 8 
15950 41 408300 8 
15951 41 408321 8 
15952 41 408344 8 
15953 41 408365 8 
15954 41 408386 8 
15955 41 408416 8 
15956 39 408445 8 
15957 41 408476 8 
15958 39 408504 8 
15959 41 408534 8 
15960 41 408563 8 
15961 41 408591 8 
15962 39 408617 8 
15963 41 408646 8 
15964 41 408675 8 
15965 41 408702 8 
15966 41 408729 8 
15967 41 408756 8 
15968 41 408783 8 
15969 41 408811 8 
15970 41 408836 8 
15971 41 408865 8 
15972 41 408893 8 
15973 41 408922 8 
15974 41 408951 8 
15975 41 408973 8 
15976 41 408998 8 
15977 41 409022 8 
15978 41 409050 8 
15979 41 409074 8 
15980 41 409097 8 
15981 41 409120 8 
15982 39 409131 8 
15983 41 409156 8 
15984 41 409182 8 
15985 41 409203 8 
15986 41 409233 8 
15987 39 409262 8 
15988 41 409293 8 
15989 39 409321 8 
15990 41 409351 8 
15991 41 409380 8 
15992 41 409408 8 
15993 39 409434 8 
15994 41 409463 8 
15995 41 409490 8 
15996 41 409519 8 
15997 41 409546 8 
15998 41 409573 8 
15999 41 409602 8 
16000 41 409629 8 
16001 41 409657 8 
16002 41 409683 8 
16003 41 409710 8 
16004 41 409739 8 
16005 41 409762 8 
16006 41 409790 8 
16007 41 409815 8 
16008 41 409839 8 
16009 41 409862 8 
16010 41 409886 8 
16011 41 409913 8 
16012 41 409936 8 
16013 39 409947 8 
16014 41 409974 8 
16015 41 409995 8 
16016 41 410020 8 
16017 39 410045 8 
16018 39 410073 8 
16019 37 410096 8 
16020 39 410124 8 
16021 39 410151 8 
16022 39 410179 8 
16023 39 410206 8 
16024 39 410233 8 
16025 39 410259 8 
16026 39 410284 8 
16027 39 410311 8 
16028 39 410338 8 
16029 39 410363 8 
16030 39 410388 8 
16031 39 410415 8 
16032 39 410439 8 
16033 35 410452 8 
16034 37 410467 8 
16035 35 410479 8 
16036 39 410504 8 
16037 35 410514 8 
16038 39 410538 8 
16039 39 410562 8 
16040 39 410585 8 
16041 39 410608 8 
16042 41 410638 8 
16043 41 410670 8 
16044 39 410697 8 
16045 41 410727 8 
16046 41 410758 8 
16047 41 410785 8 
16048 41 410815 8 
16049 41 410844 8 
16050 41 410872 8 
16051 39 410895 8 
16052 41 410923 8 
16053 41 410951 8 
16054 41 410979 8 
16055 41 411006 8 
16056 41 411032 8 
16057 41 411058 8 
16058 39 411077 8 
16059 41 411104 8 
16060 41 411131 8 
16061 41 411159 8 
16062 41 411186 8 
16063 41 411211 8 
16064 41 411235 8 
16065 41 411262 8 
16066 41 411285 8 
16067 41 411311 8 
16068 41 411334 8 
16069 39 411344 8 
16070 41 411369 8 
16071 41 411394 8 
16072 39 411422 8 
16073 41 411454 8 
16074 41 411484 8 
16075 41 411513 8 
16076 41 411541 8 
16077 41 411570 8 
16078 39 411596 8 
16079 41 411625 8 
16080 41 411654 8 
16081 41 411683 8 
16082 41 411711 8 
16083 41 411737 8 
16084 41 411767 8 
16085 41 411793 8 
16086 41 411819 8 
16087 41 411844 8 
16088 41 411872 8 
16089 41 411901 8 
16090 41 411927 8 
16091 41 411952 8 
16092 41 411981 8 
16093 41 412001 8 
16094 41 412025 8 
16095 41 412049 8 
16096 41 412071 8 
16097 39 412083 8 
16098 41 412110 8 
16099 41 412136 8 
16100 41 412157 8 
16101 41 412182 8 
16102 41 412211 8 
16103 39 412238 8 
16104 41 412269 8 
16105 41 412299 8 
16106 41 412326 8 
16107 41 412356 8 
16108 41 412386 8 
16109 41 412413 8 
16110 41 412442 8 
16111 39 412464 8 
16112 41 412492 8 
16113 41 412520 8 
16114 41 412547 8 
16115 41 412573 8 
16116 39 412593 8 
16117 41 412621 8 
16118 41 412646 8 
16119 41 412671 8 
16120 41 412698 8 
16121 41 412725 8 
16122 41 412752 8 
16123 41 412779 8 
16124 41 412802 8 
16125 41 412826 8 
16126 41 412849 8 
16127 41 412875 8 
16128 39 412885 8 
16129 41 412910 8 
16130 41 412935 8 
16131 35 412954 8 
16132 39 412980 8 
16133 39 413008 8 
16134 35 413026 8 
16135 39 413052 8 
16136 39 413077 8 
16137 39 413100 8 
16138 39 413122 8 
16139 39 413148 8 
16140 39 413170 8 
16141 39 413196 8 
16142 37 413214 8 
16143 39 413235 8 
16144 39 413260 8 
16145 39 413284 8 
16146 39 413309 8 
16147 39 413329 8 
16148 39 413353 8 
16149 39 413376 8 
16150 39 413399 8 
16151 39 413422 8 
16152 39 413445 8 
16153 39 413471 8 
16154 41 413499 8 
16155 41 413530 8 
16156 41 413561 8 
16157 41 413589 8 
16158 41 413617 8 
16159 41 413646 8 
16160 41 413674 8 
16161 41 413701 8 
16162 41 413731 8 
16163 41 413759 8 
16164 41 413788 8 
16165 41 413815 8 
16166 39 413832 8 
16167 39 413851 8 
16168 41 413876 8 
16169 39 413893 8 
16170 41 413921 8 
16171 41 413947 8 
16172 41 413972 8 
16173 41 413995 8 
16174 41 414021 8 
16175 41 414038 8 
16176 41 414064 8 
16177 41 414090 8 
16178 41 414116 8 
16179 41 414138 8 
16180 41 414163 8 
16181 41 414194 8 
16182 41 414225 8 
16183 39 414252 8 
16184 39 414278 8 
16185 41 414307 8 
16186 41 414334 8 
16187 41 414362 8 
16188 41 414391 8 
16189 41 414421 8 
16190 41 414448 8 
16191 41 414474 8 
16192 41 414502 8 
16193 41 414528 8 
16194 41 414557 8 
16195 41 414584 8 
16196 41 414612 8 
16197 41 414636 8 
16198 41 414664 8 
16199 41 414689 8 
16200 39 414706 8 
16201 41 414734 8 
16202 41 414753 8 
16203 41 414777 8 
16204 41 414804 8 
16205 41 414826 8 
16206 41 414848 8 
16207 41 414873 8 
16208 41 414899 8 
16209 41 414920 8 
16210 41 414952 8 
16211 41 414982 8 
16212 39 415009 8 
16213 41 415038 8 
16214 41 415067 8 
16215 41 415094 8 
16216 41 415123 8 
16217 41 415152 8 
16218 41 415181 8 
16219 41 415208 8 
16220 41 415235 8 
16221 41 415261 8 
16222 41 415291 8 
16223 41 415316 8 
16224 41 415342 8 
16225 41 415370 8 
16226 41 415399 8 
16227 41 415425 8 
16228 41 415450 8 
16229 41 415471 8 
16230 41 415499 8 
16231 41 415523 8 
16232 41 415546 8 
16233 41 415574 8 
16234 41 415601 8 
16235 41 415624 8 
16236 39 415634 8 
16237 41 415655 8 
16238 41 415680 8 
16239 41 415713 8 
16240 41 415744 8 
16241 41 415775 8 
16242 39 415802 8 
16243 39 415828 8 
16244 41 415857 8 
16245 41 415884 8 
16246 41 415912 8 
16247 41 415942 8 
16248 41 415971 8 
16249 41 415998 8 
16250 41 416024 8 
16251 41 416050 8 
16252 41 416079 8 
16253 41 416107 8 
16254 41 416135 8 
16255 41 416162 8 
16256 41 416191 8 
16257 41 416214 8 
16258 41 416239 8 
16259 41 416268 8 
16260 39 416284 8 
16261 41 416303 8 
16262 41 416326 8 
16263 41 416349 8 
16264 41 416375 8 
16265 41 416397 8 
16266 41 416424 8 
16267 41 416445 8 
16268 41 416470 8 
16269 41 416499 8 
16270 39 416523 8 
16271 41 416554 8 
16272 41 416582 8 
16273 41 416611 8 
16274 41 416638 8 
16275 41 416667 8 
16276 41 416697 8 
16277 41 416726 8 
16278 41 416753 8 
16279 39 416774 8 
16280 41 416800 8 
16281 39 416820 8 
16282 41 416849 8 
16283 41 416871 8 
16284 41 416898 8 
16285 39 416913 8 
16286 41 416939 8 
16287 41 416962 8 
16288 41 416988 8 
16289 41 417005 8 
16290 41 417029 8 
16291 41 417055 8 
16292 41 417081 8 
16293 41 417107 8 
16294 41 417129 8 
16295 41 417154 8 
Error, user interrupt in
  <corrupted statement>  called from 
RED( k - 1 ); at /usr/local/Cellar/gap/4.15.1/share/gap/lib/zlattice.gi:1071 called from
LLLReducedGramMat( Inverse( Q ) ) at gapReads/IntegerVectorsQF.txt:309 called from
LLLIntVectsQF( newQ, newL, newc, isES, newtask ); at gapReads/IntegerVectorsQF.txt:367 called from
AffES( intGramSdual, wSdual, dd * aS, dd * nS, true, task ); at Make_nSaSvSss.g:63 called from
Make_nSaSvSss( Borrec, tweyl ) at Task20260904Ue.g:24 called from
...  at Task20260904Ue.g:44
you can 'return;'
brk> 
brk> 
brk> 
brk> quit;
gap> quit;
