sessionnumb  20260906224029 
gap> debug3();
in simpleextend 2 8 
in simpleextend 3 1 
in simpleextend 4 2 
1 true 
in simpleextend 2 8 
in simpleextend 3 1 
in simpleextend 4 2 
2 true 
gap> debug3();
wrong in NewOGLat 66611111 
Error,  at gapReads/gaptools.txt:723 called from
localbeep( "NewOGLat", beepnumb ); at t3.g:139 called from
beep( 66611111 ); at t3.g:168 called from
<function "NewOGLat">( <arguments> )
 called from read-eval loop at fordebug3.g:7
you can 'quit;' to quit to outer loop, or
you can 'return;' to continue
brk> dbg1;
[ [ 3 ], [ 3 ] ]
brk> nrmset;
Syntax warning: Unbound global variable in *errin*:2
nrmset;
^^^^^^
Error, Variable: 'nrmset' must have a value in
  Error(  ); at gapReads/gaptools.txt:723 called from 
localbeep( "NewOGLat", beepnumb ); at t3.g:139 called from
beep( 66611111 ); at t3.g:168 called from
<function "NewOGLat">( <arguments> )
 called from read-eval loop at *errin*:2
brk> nrmsset;
[ 2, 3 ]
brk> thevss[1];
[ [ 1, -10, -10, 37 ], [ 2, -9, -9, 36 ], [ 1, -7, -8, 30 ], 
  [ 2, -6, -7, 29 ], [ 0, 2, 2, -7 ], [ 1, -1, -1, 6 ], [ 1, 2, 1, -1 ], 
  [ 0, 1, 0, 0 ] ]
brk> thevss[2];
[ [ 1, -10, -10, 37 ], [ 2, -9, -9, 36 ], [ 1, -7, -8, 30 ], 
  [ 2, -6, -7, 29 ], [ 0, -2, -2, 7 ], [ 1, -1, -1, 6 ], [ -1, -2, -1, 1 ], 
  [ 0, 1, 0, 0 ] ]
brk> Length(thevss);
2
brk> t3basisrec.vss[2];
[ [ 1, -10, -10, 37 ], [ 2, -9, -9, 36 ], [ 1, -7, -8, 30 ], 
  [ 2, -6, -7, 29 ], [ 0, -2, -2, 7 ], [ 1, -1, -1, 6 ], [ -1, -2, -1, 1 ], 
  [ 0, 1, 0, 0 ] ]
brk> t3basisrec.vss[1];
[ [ 1, -10, -10, 37 ], [ 2, -9, -9, 36 ], [ 1, -7, -8, 30 ], 
  [ 2, -6, -7, 29 ], [ 0, 2, 2, -7 ], [ 1, -1, -1, 6 ], [ 1, 2, 1, -1 ], 
  [ 0, 1, 0, 0 ] ]
brk> quit;
gap> debug3();
in simpleextend 2 3 
in simpleextend 3 2 
in simpleextend 4 2 
1 true 
in simpleextend 2 3 
in simpleextend 3 2 
in simpleextend 4 0 
in simpleextend 4 2 
2 true 
gap> debug3();
in simpleextend 2 2 
in simpleextend 3 4 
in simpleextend 4 2 
1 true 
gap> debug3();
in simpleextend 2 2 
in simpleextend 3 4 
in simpleextend 4 2 
1 true 
in simpleextend 2 2 
in simpleextend 3 4 
in simpleextend 4 2 
2 true 
gap> debug3();
in simpleextend 2 2 
in simpleextend 3 4 
in simpleextend 4 2 
1 true 
gap> debug3();
in simpleextend 2 3 
in simpleextend 3 2 
in simpleextend 4 0 
in simpleextend 4 2 
1 true 
in simpleextend 2 3 
in simpleextend 3 2 
in simpleextend 4 2 
2 true 
gap> debug3();
in simpleextend 2 3 
in simpleextend 3 2 
in simpleextend 4 2 
1 true 
in simpleextend 2 3 
in simpleextend 3 2 
in simpleextend 4 0 
in simpleextend 4 2 
2 true 
gap> debug3();
in simpleextend 2 3 
in simpleextend 3 2 
in simpleextend 4 0 
in simpleextend 4 2 
1 true 
in simpleextend 2 3 
in simpleextend 3 2 
in simpleextend 4 2 
2 true 
gap> 
gap> 
gap> 
gap> 
gap> Read("Task20260906Ua.g");
2 8 [ 1, 1 ] 
3 8 [ 1, 2, 3 ] 
4 96 [ 1, 1, 1, 2 ] 
5 8 [ 1, 2, 3, 3, 3 ] 
2 8 [ 1, 1 ] 
3 48 [ 1, 1, 1 ] 
4 96 [ 1, 2, 2, 2 ] 
5 4 [ 2, 3, 5, 4, 4 ] 
2 4 [ 1, 2 ] 
3 48 [ 1, 1, 1 ] 
4 384 [ 1, 1, 1, 1 ] 
5 48 [ 1, 2, 2, 3, 3 ] 
2 4 [ 1, 2 ] 
3 24 [ 1, 2, 2 ] 
4 24 [ 1, 3, 3, 3 ] 
5 4 [ 2, 4, 4, 4, 3 ] 
2 4 [ 1, 2 ] 
3 16 [ 1, 1, 2 ] 
4 96 [ 1, 1, 2, 2 ] 
5 48 [ 2, 2, 2, 3, 3 ] 
2 8 [ 1, 1 ] 
3 48 [ 2, 2, 2 ] 
4 96 [ 1, 4, 4, 4 ] 
5 48 [ 1, 2, 2, 3, 2 ] 
2 4 [ 1, 2 ] 
3 48 [ 1, 1, 1 ] 
4 32 [ 1, 2, 3, 2 ] 
5 16 [ 1, 2, 3, 3, 3 ] 
2 4 [ 1, 2 ] 
3 24 [ 1, 2, 2 ] 
4 24 [ 1, 2, 2, 3 ] 
5 48 [ 1, 2, 2, 3, 2 ] 
2 4 [ 1, 2 ] 
3 24 [ 1, 2, 2 ] 
4 32 [ 2, 2, 4, 4 ] 
5 64 [ 2, 2, 4, 4, 4 ] 
2 4 [ 1, 2 ] 
3 24 [ 1, 2, 2 ] 
4 24 [ 2, 2, 2, 4 ] 
5 8 [ 2, 2, 3, 4, 5 ] 
2 4 [ 1, 2 ] 
3 16 [ 1, 2, 2 ] 
4 96 [ 1, 2, 2, 2 ] 
5 16 [ 1, 2, 3, 3, 4 ] 
2 8 [ 1, 1 ] 
3 8 [ 1, 2, 3 ] 
4 32 [ 2, 2, 3, 2 ] 
5 8 [ 2, 3, 4, 5, 4 ] 
2 4 [ 1, 2 ] 
3 48 [ 1, 1, 1 ] 
4 8 [ 1, 3, 4, 4 ] 
5 16 [ 1, 3, 4, 4, 4 ] 
2 4 [ 1, 2 ] 
3 24 [ 1, 2, 2 ] 
4 96 [ 1, 3, 3, 3 ] 
5 576 [ 1, 1, 1, 2, 2 ] 
2 4 [ 1, 2 ] 
3 16 [ 1, 2, 2 ] 
4 4 [ 1, 3, 3, 4 ] 
5 192 [ 1, 2, 2, 3, 3 ] 
2 8 [ 1, 1 ] 
3 8 [ 1, 2, 3 ] 
4 16 [ 2, 2, 4, 4 ] 
5 16 [ 1, 2, 3, 3, 3 ] 
2 4 [ 1, 2 ] 
3 8 [ 1, 2, 3 ] 
4 24 [ 1, 2, 2, 3 ] 
5 8 [ 1, 2, 3, 3, 3 ] 
2 8 [ 1, 1 ] 
3 8 [ 1, 2, 3 ] 
4 64 [ 1, 1, 2, 2 ] 
5 48 [ 2, 4, 4, 4, 4 ] 
2 4 [ 1, 2 ] 
3 24 [ 1, 4, 4 ] 
4 24 [ 1, 2, 2, 3 ] 
5 48 [ 2, 2, 2, 4, 4 ] 
2 4 [ 1, 2 ] 
3 24 [ 1, 2, 2 ] 
4 32 [ 1, 2, 3, 2 ] 
5 8 [ 2, 3, 3, 5, 4 ] 
2 4 [ 1, 2 ] 
3 48 [ 1, 1, 1 ] 
4 64 [ 2, 3, 2, 3 ] 
5 768 [ 1, 1, 1, 1, 2 ] 
2 4 [ 1, 2 ] 
3 16 [ 1, 1, 2 ] 
4 32 [ 1, 2, 3, 2 ] 
5 48 [ 1, 2, 2, 2, 3 ] 
2 8 [ 1, 1 ] 
3 48 [ 1, 1, 1 ] 
4 24 [ 1, 2, 2, 3 ] 
5 4 [ 1, 4, 4, 4, 5 ] 
2 8 [ 1, 1 ] 
3 48 [ 1, 1, 1 ] 
4 8 [ 2, 3, 3, 3 ] 
5 384 [ 1, 1, 2, 2, 2 ] 
2 4 [ 1, 2 ] 
3 48 [ 1, 1, 1 ] 
4 48 [ 1, 4, 3, 4 ] 
5 24 [ 2, 2, 4, 3, 5 ] 
2 8 [ 1, 1 ] 
3 16 [ 1, 1, 2 ] 
4 8 [ 2, 2, 3, 3 ] 
5 576 [ 2, 2, 2, 2, 2 ] 
2 8 [ 1, 1 ] 
3 16 [ 1, 1, 2 ] 
4 24 [ 2, 2, 2, 4 ] 
5 16 [ 1, 2, 3, 3, 3 ] 
2 8 [ 1, 1 ] 
3 8 [ 1, 2, 3 ] 
4 64 [ 1, 1, 2, 2 ] 
5 64 [ 1, 1, 2, 3, 3 ] 
2 4 [ 1, 2 ] 
3 16 [ 1, 2, 2 ] 
4 16 [ 2, 2, 4, 4 ] 
5 16 [ 2, 2, 2, 3, 4 ] 
2 4 [ 1, 2 ] 
3 8 [ 1, 3, 3 ] 
4 16 [ 1, 3, 3, 4 ] 
5 64 [ 1, 1, 2, 3, 3 ] 
2 8 [ 1, 1 ] 
3 24 [ 1, 2, 2 ] 
4 64 [ 1, 1, 2, 2 ] 
5 48 [ 2, 2, 2, 4, 4 ] 
2 8 [ 1, 1 ] 
3 24 [ 1, 2, 2 ] 
4 16 [ 2, 2, 4, 4 ] 
5 4 [ 3, 5, 5, 4, 4 ] 
2 8 [ 1, 1 ] 
3 24 [ 1, 2, 2 ] 
4 96 [ 1, 2, 2, 2 ] 
5 96 [ 1, 2, 2, 2, 3 ] 
2 8 [ 1, 1 ] 
3 24 [ 1, 2, 2 ] 
4 384 [ 1, 1, 1, 1 ] 
5 24 [ 2, 3, 3, 3, 3 ] 
2 12 [ 2, 2 ] 
3 24 [ 1, 2, 2 ] 
4 64 [ 1, 1, 2, 2 ] 
5 2304 [ 1, 2, 2, 2, 2 ] 
2 4 [ 1, 2 ] 
3 48 [ 1, 1, 1 ] 
4 96 [ 1, 1, 2, 2 ] 
5 3840 [ 1, 1, 1, 1, 1 ] 
2 4 [ 1, 2 ] 
3 8 [ 1, 2, 3 ] 
4 384 [ 1, 1, 1, 1 ] 
5 4 [ 2, 3, 3, 4, 4 ] 
2 4 [ 1, 2 ] 
3 8 [ 1, 3, 3 ] 
4 24 [ 1, 2, 2, 3 ] 
5 384 [ 2, 2, 2, 2, 2 ] 
2 4 [ 1, 2 ] 
3 16 [ 2, 2, 3 ] 
4 384 [ 1, 1, 1, 1 ] 
5 8 [ 1, 5, 4, 4, 4 ] 
2 4 [ 1, 2 ] 
3 8 [ 1, 2, 3 ] 
4 96 [ 1, 2, 2, 2 ] 
5 128 [ 1, 1, 2, 2, 3 ] 
2 4 [ 1, 2 ] 
3 24 [ 1, 2, 2 ] 
4 16 [ 2, 2, 3, 4 ] 
5 8 [ 2, 4, 3, 4, 4 ] 
2 8 [ 1, 1 ] 
3 24 [ 1, 2, 2 ] 
4 16 [ 1, 3, 3, 4 ] 
5 24 [ 2, 2, 2, 4, 4 ] 
2 8 [ 1, 1 ] 
3 8 [ 1, 3, 3 ] 
4 24 [ 1, 3, 3, 3 ] 
5 64 [ 1, 2, 2, 3, 2 ] 
2 8 [ 1, 1 ] 
3 48 [ 1, 1, 1 ] 
4 24 [ 1, 2, 2, 3 ] 
5 4 [ 2, 3, 4, 5, 5 ] 
2 4 [ 1, 2 ] 
3 48 [ 2, 2, 2 ] 
4 32 [ 1, 2, 2, 3 ] 
5 16 [ 2, 2, 4, 4, 5 ] 
2 8 [ 1, 1 ] 
3 24 [ 1, 2, 2 ] 
4 96 [ 1, 2, 2, 2 ] 
5 384 [ 1, 1, 2, 2, 2 ] 
2 8 [ 1, 1 ] 
3 8 [ 1, 2, 3 ] 
4 16 [ 2, 2, 4, 4 ] 
5 128 [ 1, 2, 3, 2, 3 ] 
2 4 [ 1, 2 ] 
3 24 [ 1, 2, 2 ] 
4 64 [ 1, 1, 2, 2 ] 
5 8 [ 1, 3, 3, 4, 4 ] 
2 4 [ 1, 2 ] 
3 16 [ 1, 2, 2 ] 
4 64 [ 1, 1, 2, 2 ] 
5 64 [ 1, 2, 4, 4, 4 ] 
2 8 [ 1, 1 ] 
3 16 [ 1, 1, 2 ] 
4 64 [ 1, 1, 2, 2 ] 
5 4 [ 1, 3, 4, 4, 3 ] 
2 8 [ 1, 1 ] 
3 48 [ 1, 1, 1 ] 
4 24 [ 1, 2, 2, 3 ] 
5 4 [ 2, 3, 4, 3, 4 ] 
2 8 [ 1, 1 ] 
3 16 [ 2, 3, 2 ] 
4 96 [ 1, 1, 2, 2 ] 
5 2304 [ 1, 2, 2, 2, 2 ] 
2 12 [ 2, 2 ] 
3 8 [ 1, 2, 3 ] 
4 32 [ 2, 2, 4, 4 ] 
5 4 [ 3, 3, 5, 4, 5 ] 
2 8 [ 2, 2 ] 
3 8 [ 1, 2, 3 ] 
4 1152 [ 2, 2, 2, 2 ] 
5 16 [ 2, 2, 4, 4, 5 ] 
2 8 [ 1, 1 ] 
3 16 [ 2, 3, 2 ] 
4 24 [ 2, 2, 3, 2 ] 
5 480 [ 2, 2, 2, 2, 2 ] 
2 8 [ 1, 1 ] 
3 48 [ 1, 1, 1 ] 
4 64 [ 1, 1, 2, 2 ] 
5 192 [ 1, 3, 3, 3, 3 ] 
2 4 [ 1, 2 ] 
3 16 [ 1, 2, 2 ] 
4 96 [ 2, 2, 3, 3 ] 
5 96 [ 2, 2, 2, 3, 3 ] 
2 8 [ 2, 2 ] 
3 48 [ 1, 1, 1 ] 
4 96 [ 1, 2, 2, 2 ] 
5 8 [ 2, 2, 4, 4, 4 ] 
2 4 [ 1, 2 ] 
3 8 [ 1, 2, 3 ] 
4 96 [ 1, 1, 1, 2 ] 
5 4 [ 1, 3, 3, 3, 4 ] 
2 8 [ 1, 1 ] 
3 16 [ 1, 1, 2 ] 
4 32 [ 1, 1, 2, 3 ] 
5 8 [ 1, 3, 3, 4, 4 ] 
2 8 [ 1, 1 ] 
3 48 [ 1, 1, 1 ] 
4 8 [ 1, 2, 3, 3 ] 
5 24 [ 1, 4, 3, 4, 4 ] 
2 8 [ 2, 2 ] 
3 24 [ 1, 2, 2 ] 
4 96 [ 1, 3, 3, 3 ] 
5 4 [ 2, 3, 4, 4, 5 ] 
2 8 [ 1, 1 ] 
3 16 [ 1, 1, 2 ] 
4 24 [ 2, 2, 3, 2 ] 
5 16 [ 1, 2, 3, 3, 3 ] 
2 4 [ 1, 2 ] 
3 16 [ 1, 1, 2 ] 
4 24 [ 1, 3, 3, 3 ] 
5 48 [ 1, 2, 2, 3, 3 ] 
2 4 [ 1, 2 ] 
3 48 [ 1, 1, 1 ] 
4 96 [ 1, 2, 2, 2 ] 
5 16 [ 1, 3, 3, 3, 3 ] 
2 12 [ 2, 2 ] 
3 8 [ 1, 2, 3 ] 
4 16 [ 1, 2, 2, 3 ] 
5 32 [ 1, 2, 3, 2, 3 ] 
2 4 [ 1, 2 ] 
3 24 [ 1, 2, 2 ] 
4 96 [ 1, 1, 2, 2 ] 
5 768 [ 2, 2, 3, 2, 3 ] 
2 8 [ 1, 1 ] 
3 8 [ 1, 3, 3 ] 
4 8 [ 1, 2, 3, 3 ] 
5 8 [ 1, 2, 3, 3, 4 ] 
2 4 [ 1, 2 ] 
3 8 [ 1, 2, 3 ] 
4 8 [ 1, 2, 3, 3 ] 
5 48 [ 1, 4, 4, 4, 4 ] 
2 8 [ 1, 1 ] 
3 48 [ 1, 1, 1 ] 
4 1152 [ 2, 2, 2, 2 ] 
5 96 [ 2, 2, 2, 4, 4 ] 
2 8 [ 1, 1 ] 
3 8 [ 1, 2, 3 ] 
4 64 [ 1, 1, 2, 2 ] 
5 4 [ 2, 3, 4, 4, 3 ] 
2 4 [ 1, 2 ] 
3 16 [ 1, 1, 2 ] 
4 384 [ 1, 1, 1, 1 ] 
5 8 [ 1, 2, 3, 3, 3 ] 
2 4 [ 1, 2 ] 
3 48 [ 2, 2, 2 ] 
4 48 [ 1, 2, 2, 2 ] 
5 768 [ 2, 2, 2, 4, 2 ] 
2 8 [ 1, 1 ] 
3 24 [ 1, 2, 2 ] 
4 24 [ 1, 3, 3, 3 ] 
5 8 [ 1, 3, 3, 4, 4 ] 
2 8 [ 1, 1 ] 
3 24 [ 1, 2, 2 ] 
4 8 [ 2, 2, 4, 5 ] 
5 96 [ 1, 1, 3, 3, 3 ] 
2 4 [ 1, 2 ] 
3 8 [ 1, 2, 3 ] 
4 96 [ 1, 1, 2, 2 ] 
5 96 [ 1, 1, 2, 2, 3 ] 
2 12 [ 2, 2 ] 
3 24 [ 1, 2, 2 ] 
4 96 [ 3, 3, 3, 3 ] 
5 16 [ 2, 2, 4, 4, 5 ] 
2 4 [ 1, 2 ] 
3 16 [ 1, 1, 2 ] 
4 384 [ 1, 1, 1, 1 ] 
5 24 [ 2, 3, 3, 4, 3 ] 
2 4 [ 1, 2 ] 
3 48 [ 1, 1, 1 ] 
4 96 [ 1, 1, 2, 2 ] 
5 16 [ 1, 4, 4, 5, 4 ] 
2 8 [ 1, 1 ] 
3 8 [ 1, 2, 3 ] 
4 96 [ 1, 1, 1, 2 ] 
5 8 [ 1, 4, 4, 4, 5 ] 
2 4 [ 1, 2 ] 
3 24 [ 1, 2, 2 ] 
4 8 [ 1, 3, 4, 4 ] 
5 8 [ 1, 2, 3, 3, 3 ] 
2 4 [ 1, 2 ] 
3 16 [ 1, 1, 2 ] 
4 32 [ 1, 4, 4, 4 ] 
5 192 [ 2, 2, 2, 3, 2 ] 
2 4 [ 1, 2 ] 
3 48 [ 1, 1, 1 ] 
4 96 [ 1, 3, 3, 3 ] 
5 32 [ 1, 2, 3, 2, 3 ] 
2 4 [ 1, 2 ] 
3 8 [ 1, 2, 3 ] 
4 24 [ 1, 2, 2, 3 ] 
5 384 [ 1, 1, 2, 2, 2 ] 
2 12 [ 2, 2 ] 
3 8 [ 1, 2, 3 ] 
4 96 [ 1, 1, 1, 2 ] 
5 24 [ 2, 3, 3, 3, 4 ] 
2 12 [ 2, 2 ] 
3 48 [ 1, 1, 1 ] 
4 96 [ 1, 1, 1, 2 ] 
5 4 [ 1, 4, 3, 4, 4 ] 
2 8 [ 1, 1 ] 
3 48 [ 1, 1, 1 ] 
4 4 [ 2, 3, 4, 5 ] 
5 8 [ 2, 3, 3, 5, 4 ] 
2 4 [ 1, 2 ] 
3 16 [ 2, 2, 3 ] 
4 32 [ 1, 2, 2, 3 ] 
5 4 [ 2, 4, 4, 4, 5 ] 
2 4 [ 1, 2 ] 
3 8 [ 1, 2, 3 ] 
4 8 [ 2, 2, 4, 5 ] 
5 4 [ 2, 3, 3, 5, 5 ] 
2 4 [ 1, 2 ] 
3 8 [ 1, 3, 3 ] 
4 96 [ 1, 1, 2, 2 ] 
5 384 [ 1, 1, 2, 2, 2 ] 
2 8 [ 2, 2 ] 
3 24 [ 1, 2, 2 ] 
4 96 [ 1, 1, 2, 2 ] 
5 96 [ 1, 2, 2, 2, 3 ] 
2 8 [ 1, 1 ] 
3 16 [ 2, 3, 2 ] 
4 96 [ 1, 1, 1, 2 ] 
5 8 [ 1, 3, 3, 3, 4 ] 
2 8 [ 1, 1 ] 
3 24 [ 1, 2, 2 ] 
4 32 [ 1, 2, 3, 2 ] 
5 16 [ 2, 3, 2, 3, 3 ] 
2 8 [ 1, 1 ] 
3 8 [ 1, 2, 3 ] 
4 96 [ 1, 3, 3, 3 ] 
5 128 [ 1, 1, 2, 2, 3 ] 
2 8 [ 2, 2 ] 
3 8 [ 1, 3, 3 ] 
4 16 [ 1, 3, 3, 3 ] 
5 96 [ 2, 2, 2, 2, 4 ] 
2 8 [ 1, 1 ] 
3 16 [ 1, 2, 2 ] 
4 8 [ 1, 2, 3, 3 ] 
5 768 [ 2, 2, 2, 2, 5 ] 
2 8 [ 1, 1 ] 
3 16 [ 1, 1, 2 ] 
4 8 [ 1, 4, 3, 4 ] 
5 4 [ 3, 3, 4, 5, 5 ] 
2 8 [ 1, 1 ] 
3 8 [ 1, 2, 3 ] 
4 96 [ 1, 1, 1, 2 ] 
5 16 [ 1, 2, 3, 3, 4 ] 
2 8 [ 1, 1 ] 
3 16 [ 1, 1, 2 ] 
4 96 [ 1, 2, 2, 2 ] 
5 4 [ 2, 3, 5, 4, 5 ] 
2 8 [ 1, 1 ] 
3 16 [ 2, 3, 2 ] 
4 96 [ 1, 1, 1, 2 ] 
5 64 [ 1, 1, 3, 3, 4 ] 
2 12 [ 2, 2 ] 
3 16 [ 1, 1, 2 ] 
4 48 [ 1, 2, 2, 2 ] 
5 4 [ 2, 3, 3, 4, 5 ] 
2 8 [ 1, 1 ] 
3 8 [ 1, 2, 3 ] 
4 8 [ 1, 2, 3, 3 ] 
5 3840 [ 1, 1, 1, 1, 1 ] 
2 4 [ 1, 2 ] 
3 24 [ 1, 2, 2 ] 
4 32 [ 1, 2, 3, 2 ] 
5 16 [ 1, 3, 3, 3, 3 ] 
2 8 [ 1, 1 ] 
3 8 [ 1, 2, 3 ] 
4 96 [ 2, 3, 2, 2 ] 
5 576 [ 1, 1, 1, 2, 2 ] 
2 8 [ 1, 1 ] 
3 48 [ 1, 1, 1 ] 
4 16 [ 1, 3, 3, 3 ] 
5 4 [ 2, 3, 3, 5, 5 ] 
2 4 [ 1, 2 ] 
3 8 [ 1, 2, 3 ] 
4 96 [ 1, 4, 4, 4 ] 
5 96 [ 1, 1, 2, 2, 3 ] 
2 4 [ 1, 2 ] 
3 24 [ 1, 2, 2 ] 
4 32 [ 1, 2, 2, 3 ] 
5 576 [ 1, 1, 1, 4, 4 ] 
2 4 [ 1, 2 ] 
3 48 [ 1, 1, 1 ] 
4 16 [ 1, 2, 3, 3 ] 
5 16 [ 1, 2, 3, 3, 3 ] 
2 4 [ 1, 2 ] 
3 16 [ 1, 2, 2 ] 
4 16 [ 1, 2, 3, 3 ] 
5 3840 [ 1, 1, 1, 1, 1 ] 
2 4 [ 1, 2 ] 
3 24 [ 1, 2, 2 ] 
4 8 [ 1, 3, 3, 4 ] 
5 32 [ 1, 2, 5, 6, 6 ] 
2 8 [ 1, 1 ] 
3 48 [ 1, 1, 1 ] 
4 96 [ 1, 1, 1, 2 ] 
5 16 [ 1, 2, 2, 3, 3 ] 
2 4 [ 1, 2 ] 
3 48 [ 1, 1, 1 ] 
4 24 [ 1, 2, 2, 3 ] 
5 16 [ 1, 2, 3, 2, 4 ] 
2 8 [ 1, 1 ] 
3 16 [ 1, 2, 2 ] 
4 96 [ 1, 1, 1, 2 ] 
5 16 [ 1, 2, 3, 3, 3 ] 
2 4 [ 1, 2 ] 
3 16 [ 1, 1, 2 ] 
4 16 [ 1, 6, 5, 5 ] 
5 16 [ 3, 3, 3, 2, 3 ] 
2 4 [ 1, 2 ] 
3 24 [ 1, 2, 2 ] 
4 96 [ 1, 1, 2, 2 ] 
5 96 [ 1, 1, 2, 2, 3 ] 
2 4 [ 1, 2 ] 
3 48 [ 1, 1, 1 ] 
4 384 [ 1, 1, 1, 1 ] 
5 16 [ 1, 5, 6, 6, 6 ] 
2 4 [ 1, 2 ] 
3 24 [ 1, 2, 2 ] 
4 96 [ 1, 3, 3, 3 ] 
5 480 [ 1, 2, 2, 2, 2 ] 
2 4 [ 1, 2 ] 
3 8 [ 1, 2, 3 ] 
4 96 [ 1, 1, 2, 2 ] 
5 192 [ 1, 1, 2, 2, 2 ] 
2 8 [ 1, 1 ] 
3 24 [ 1, 2, 2 ] 
4 16 [ 2, 2, 4, 4 ] 
5 4 [ 3, 3, 3, 3, 3 ] 
2 8 [ 1, 1 ] 
3 8 [ 1, 3, 3 ] 
4 96 [ 1, 1, 4, 4 ] 
5 128 [ 1, 1, 2, 2, 3 ] 
2 4 [ 1, 2 ] 
3 8 [ 1, 3, 3 ] 
4 96 [ 1, 1, 2, 2 ] 
5 3840 [ 1, 1, 1, 1, 1 ] 
2 4 [ 1, 2 ] 
3 8 [ 1, 2, 3 ] 
4 32 [ 1, 1, 2, 3 ] 
5 16 [ 2, 3, 2, 3, 3 ] 
2 8 [ 1, 1 ] 
3 8 [ 1, 3, 3 ] 
4 24 [ 1, 2, 2, 3 ] 
5 16 [ 2, 3, 3, 5, 4 ] 
2 12 [ 2, 2 ] 
3 24 [ 1, 2, 2 ] 
4 24 [ 1, 2, 2, 3 ] 
5 192 [ 1, 2, 2, 2, 2 ] 
2 4 [ 1, 2 ] 
3 16 [ 1, 1, 2 ] 
4 8 [ 2, 3, 2, 3 ] 
5 24 [ 2, 4, 4, 4, 4 ] 
2 4 [ 1, 2 ] 
3 48 [ 2, 2, 2 ] 
4 96 [ 1, 2, 2, 2 ] 
5 4 [ 2, 3, 5, 5, 4 ] 
2 4 [ 1, 2 ] 
3 16 [ 1, 2, 2 ] 
4 96 [ 1, 2, 2, 2 ] 
5 64 [ 1, 4, 4, 4, 4 ] 
2 4 [ 1, 2 ] 
3 16 [ 2, 3, 2 ] 
4 96 [ 1, 3, 3, 3 ] 
5 4 [ 1, 4, 5, 4, 5 ] 
2 4 [ 1, 2 ] 
3 48 [ 1, 1, 1 ] 
4 96 [ 2, 2, 2, 3 ] 
5 64 [ 1, 1, 2, 4, 5 ] 
2 4 [ 1, 2 ] 
3 16 [ 1, 1, 2 ] 
4 24 [ 1, 2, 2, 3 ] 
5 96 [ 1, 2, 2, 2, 3 ] 
2 4 [ 1, 2 ] 
3 48 [ 2, 2, 2 ] 
4 96 [ 1, 1, 2, 2 ] 
5 8 [ 1, 4, 6, 4, 4 ] 
2 4 [ 1, 2 ] 
3 48 [ 1, 1, 1 ] 
4 24 [ 1, 3, 3, 3 ] 
5 4 [ 2, 3, 3, 4, 4 ] 
2 4 [ 1, 2 ] 
3 24 [ 1, 2, 2 ] 
4 96 [ 1, 2, 2, 2 ] 
5 8 [ 2, 2, 3, 4, 5 ] 
2 4 [ 1, 2 ] 
3 16 [ 2, 2, 3 ] 
4 96 [ 2, 3, 2, 2 ] 
5 4 [ 1, 4, 3, 4, 4 ] 
2 8 [ 1, 1 ] 
3 24 [ 1, 2, 2 ] 
4 32 [ 1, 2, 3, 2 ] 
5 8 [ 1, 2, 3, 3, 4 ] 
2 4 [ 1, 2 ] 
3 8 [ 1, 2, 3 ] 
4 48 [ 1, 2, 2, 2 ] 
5 192 [ 1, 1, 1, 2, 3 ] 
2 4 [ 1, 2 ] 
3 16 [ 1, 1, 2 ] 
4 16 [ 1, 2, 2, 3 ] 
5 8 [ 2, 2, 3, 4, 4 ] 
2 8 [ 1, 1 ] 
3 24 [ 1, 2, 2 ] 
4 16 [ 1, 3, 3, 3 ] 
5 16 [ 2, 2, 4, 4, 4 ] 
2 8 [ 1, 1 ] 
3 8 [ 1, 2, 3 ] 
4 8 [ 1, 3, 3, 3 ] 
5 4 [ 2, 3, 4, 4, 3 ] 
2 4 [ 1, 2 ] 
3 48 [ 1, 1, 1 ] 
4 32 [ 1, 2, 3, 2 ] 
5 48 [ 1, 2, 3, 3, 3 ] 
2 8 [ 1, 1 ] 
3 24 [ 1, 2, 2 ] 
4 96 [ 2, 2, 2, 3 ] 
5 24 [ 2, 2, 2, 3, 3 ] 
2 4 [ 1, 2 ] 
3 24 [ 1, 4, 4 ] 
4 96 [ 1, 1, 1, 2 ] 
5 3840 [ 1, 1, 1, 1, 1 ] 
2 8 [ 1, 1 ] 
3 8 [ 1, 2, 3 ] 
4 384 [ 1, 1, 1, 1 ] 
5 8 [ 2, 2, 4, 5, 4 ] 
2 8 [ 1, 1 ] 
3 8 [ 1, 2, 3 ] 
4 384 [ 1, 1, 1, 1 ] 
5 48 [ 1, 2, 2, 3, 2 ] 
2 4 [ 1, 2 ] 
3 24 [ 1, 2, 2 ] 
4 8 [ 1, 4, 4, 5 ] 
5 8 [ 1, 3, 4, 4, 3 ] 
2 8 [ 1, 1 ] 
3 24 [ 1, 2, 2 ] 
4 96 [ 1, 1, 2, 2 ] 
5 8 [ 2, 4, 5, 3, 5 ] 
2 8 [ 1, 1 ] 
3 24 [ 1, 2, 2 ] 
4 24 [ 2, 2, 3, 2 ] 
5 192 [ 1, 1, 1, 3, 3 ] 
2 4 [ 1, 2 ] 
3 24 [ 1, 2, 2 ] 
4 16 [ 1, 2, 3, 3 ] 
5 192 [ 1, 2, 3, 2, 2 ] 
2 8 [ 1, 1 ] 
3 48 [ 1, 1, 1 ] 
4 384 [ 1, 1, 1, 1 ] 
5 16 [ 2, 5, 5, 5, 5 ] 
2 12 [ 2, 2 ] 
3 48 [ 1, 1, 1 ] 
4 96 [ 1, 1, 2, 2 ] 
5 16 [ 1, 3, 3, 4, 4 ] 
2 8 [ 1, 1 ] 
3 24 [ 1, 2, 2 ] 
4 96 [ 1, 2, 2, 2 ] 
5 16 [ 2, 2, 4, 3, 4 ] 
2 4 [ 1, 2 ] 
3 16 [ 1, 1, 2 ] 
4 16 [ 1, 2, 2, 3 ] 
5 8 [ 1, 5, 5, 5, 4 ] 
2 8 [ 1, 1 ] 
3 8 [ 1, 3, 3 ] 
4 16 [ 1, 2, 3, 3 ] 
5 32 [ 1, 1, 3, 3, 3 ] 
2 4 [ 1, 2 ] 
3 48 [ 1, 1, 1 ] 
4 384 [ 1, 1, 1, 1 ] 
5 16 [ 2, 3, 3, 3, 2 ] 
2 4 [ 1, 2 ] 
3 16 [ 1, 1, 2 ] 
4 8 [ 1, 2, 3, 3 ] 
5 480 [ 2, 2, 2, 2, 2 ] 
2 4 [ 1, 2 ] 
3 16 [ 1, 1, 2 ] 
4 96 [ 1, 1, 1, 2 ] 
5 64 [ 1, 1, 2, 3, 3 ] 
2 8 [ 1, 1 ] 
3 24 [ 1, 2, 2 ] 
4 384 [ 1, 1, 1, 1 ] 
5 16 [ 2, 2, 2, 4, 3 ] 
2 4 [ 1, 2 ] 
3 48 [ 1, 1, 1 ] 
4 24 [ 1, 3, 3, 3 ] 
5 24 [ 2, 2, 2, 4, 4 ] 
2 8 [ 1, 1 ] 
3 8 [ 1, 2, 3 ] 
4 16 [ 3, 3, 2, 2 ] 
5 32 [ 2, 2, 2, 5, 4 ] 
2 12 [ 2, 2 ] 
3 24 [ 1, 2, 2 ] 
4 8 [ 1, 2, 3, 3 ] 
5 8 [ 1, 3, 4, 4, 3 ] 
2 8 [ 1, 1 ] 
3 8 [ 1, 3, 3 ] 
4 16 [ 2, 2, 4, 4 ] 
5 32 [ 1, 2, 3, 3, 3 ] 
2 8 [ 1, 1 ] 
3 48 [ 2, 2, 2 ] 
4 96 [ 2, 2, 2, 2 ] 
5 8 [ 1, 3, 4, 4, 3 ] 
2 12 [ 2, 2 ] 
3 24 [ 1, 2, 2 ] 
4 32 [ 1, 1, 2, 3 ] 
5 192 [ 1, 2, 2, 2, 3 ] 
2 8 [ 1, 1 ] 
3 16 [ 2, 3, 2 ] 
4 96 [ 1, 1, 2, 2 ] 
5 4 [ 4, 3, 3, 3, 3 ] 
2 12 [ 2, 2 ] 
3 48 [ 2, 2, 2 ] 
4 96 [ 1, 1, 2, 2 ] 
5 3840 [ 1, 1, 1, 1, 1 ] 
2 8 [ 1, 1 ] 
3 16 [ 1, 1, 2 ] 
4 384 [ 1, 1, 1, 1 ] 
5 8 [ 2, 3, 4, 5, 4 ] 
2 8 [ 1, 1 ] 
3 24 [ 1, 2, 2 ] 
4 96 [ 1, 1, 2, 2 ] 
5 48 [ 2, 2, 2, 2, 4 ] 
2 8 [ 1, 1 ] 
3 16 [ 2, 3, 2 ] 
4 24 [ 1, 2, 2, 3 ] 
5 3840 [ 2, 2, 2, 2, 2 ] 
2 4 [ 1, 2 ] 
3 24 [ 1, 2, 2 ] 
4 48 [ 1, 2, 2, 2 ] 
5 8 [ 2, 3, 4, 4, 4 ] 
2 4 [ 1, 2 ] 
3 48 [ 1, 1, 1 ] 
4 24 [ 1, 2, 2, 3 ] 
5 96 [ 1, 1, 2, 2, 4 ] 
2 4 [ 1, 2 ] 
3 24 [ 1, 2, 2 ] 
4 8 [ 1, 2, 3, 3 ] 
5 48 [ 2, 2, 3, 2, 3 ] 
2 8 [ 1, 1 ] 
3 8 [ 1, 2, 3 ] 
4 8 [ 2, 3, 5, 4 ] 
5 32 [ 2, 2, 2, 3, 3 ] 
2 8 [ 1, 1 ] 
3 24 [ 1, 2, 2 ] 
4 16 [ 2, 2, 4, 4 ] 
5 48 [ 1, 2, 2, 3, 3 ] 
2 8 [ 2, 2 ] 
3 24 [ 1, 2, 2 ] 
4 8 [ 2, 2, 3, 3 ] 
5 128 [ 1, 1, 4, 4, 4 ] 
2 8 [ 1, 1 ] 
3 16 [ 1, 2, 2 ] 
4 16 [ 1, 2, 3, 3 ] 
5 384 [ 1, 1, 2, 2, 2 ] 
2 4 [ 1, 2 ] 
3 24 [ 1, 2, 2 ] 
4 4 [ 2, 3, 4, 4 ] 
5 128 [ 1, 1, 2, 2, 3 ] 
2 8 [ 1, 1 ] 
3 16 [ 1, 1, 2 ] 
4 48 [ 1, 2, 2, 2 ] 
5 16 [ 2, 2, 4, 4, 4 ] 
2 4 [ 1, 2 ] 
3 8 [ 1, 2, 3 ] 
4 32 [ 1, 2, 2, 3 ] 
5 4 [ 2, 3, 3, 4, 4 ] 
2 4 [ 1, 2 ] 
3 16 [ 1, 1, 2 ] 
4 8 [ 1, 2, 3, 3 ] 
5 16 [ 1, 2, 3, 3, 3 ] 
2 4 [ 1, 2 ] 
3 8 [ 1, 2, 3 ] 
4 48 [ 1, 2, 2, 2 ] 
5 384 [ 1, 1, 2, 2, 2 ] 
2 8 [ 1, 1 ] 
3 8 [ 1, 2, 3 ] 
4 384 [ 1, 1, 1, 1 ] 
5 8 [ 1, 3, 3, 3, 3 ] 
2 4 [ 1, 2 ] 
3 48 [ 1, 1, 1 ] 
4 8 [ 1, 3, 3, 3 ] 
5 576 [ 1, 1, 1, 2, 2 ] 
2 4 [ 1, 2 ] 
3 24 [ 1, 2, 2 ] 
4 8 [ 1, 4, 3, 4 ] 
5 8 [ 2, 3, 4, 4, 4 ] 
2 8 [ 1, 1 ] 
3 16 [ 2, 3, 2 ] 
4 16 [ 1, 2, 3, 3 ] 
5 4 [ 1, 3, 3, 3, 4 ] 
2 8 [ 1, 1 ] 
3 16 [ 1, 2, 2 ] 
4 24 [ 2, 2, 2, 3 ] 
5 16 [ 1, 2, 3, 2, 3 ] 
2 4 [ 1, 2 ] 
3 48 [ 1, 1, 1 ] 
4 96 [ 2, 3, 2, 2 ] 
5 4 [ 3, 4, 5, 4, 5 ] 
2 4 [ 1, 2 ] 
3 24 [ 1, 2, 2 ] 
4 96 [ 1, 1, 1, 2 ] 
5 32 [ 3, 3, 3, 3, 3 ] 
2 4 [ 1, 2 ] 
3 24 [ 1, 2, 2 ] 
4 96 [ 1, 1, 2, 2 ] 
5 32 [ 1, 2, 3, 3, 4 ] 
2 4 [ 1, 2 ] 
3 16 [ 1, 2, 2 ] 
4 240 [ 2, 2, 2, 2 ] 
5 4 [ 1, 3, 3, 4, 4 ] 
2 8 [ 2, 2 ] 
3 8 [ 1, 2, 3 ] 
4 16 [ 1, 3, 3, 4 ] 
5 24 [ 2, 3, 3, 3, 3 ] 
2 4 [ 1, 2 ] 
3 48 [ 1, 1, 1 ] 
4 32 [ 1, 2, 2, 3 ] 
5 16 [ 1, 3, 3, 3, 3 ] 
2 4 [ 1, 2 ] 
3 48 [ 2, 2, 2 ] 
4 32 [ 1, 1, 2, 3 ] 
5 2304 [ 1, 2, 2, 2, 2 ] 
2 8 [ 1, 1 ] 
3 16 [ 2, 2, 3 ] 
4 96 [ 1, 1, 1, 2 ] 
5 4 [ 1, 4, 5, 5, 5 ] 
2 4 [ 1, 2 ] 
3 48 [ 1, 1, 1 ] 
4 32 [ 1, 1, 2, 3 ] 
5 8 [ 1, 3, 3, 3, 3 ] 
2 12 [ 2, 2 ] 
3 48 [ 2, 2, 2 ] 
4 8 [ 1, 2, 3, 3 ] 
5 96 [ 1, 2, 2, 2, 3 ] 
2 4 [ 1, 2 ] 
3 8 [ 1, 2, 3 ] 
4 8 [ 1, 4, 4, 4 ] 
5 192 [ 1, 2, 2, 2, 2 ] 
2 8 [ 1, 1 ] 
3 24 [ 1, 2, 2 ] 
4 16 [ 1, 4, 4, 5 ] 
5 128 [ 1, 1, 2, 2, 3 ] 
2 8 [ 1, 1 ] 
3 48 [ 1, 1, 1 ] 
4 32 [ 1, 4, 4, 4 ] 
5 32 [ 1, 4, 4, 4, 4 ] 
2 4 [ 1, 2 ] 
3 24 [ 1, 2, 2 ] 
4 1152 [ 2, 2, 2, 2 ] 
5 192 [ 1, 2, 2, 2, 2 ] 
2 8 [ 1, 1 ] 
3 8 [ 1, 2, 3 ] 
4 96 [ 1, 2, 2, 2 ] 
5 64 [ 2, 2, 2, 5, 5 ] 
2 12 [ 2, 2 ] 
3 16 [ 1, 1, 2 ] 
4 24 [ 1, 2, 2, 3 ] 
5 3840 [ 1, 1, 1, 1, 1 ] 
2 4 [ 1, 2 ] 
3 16 [ 1, 2, 2 ] 
4 24 [ 1, 2, 2, 3 ] 
5 64 [ 2, 2, 3, 3, 5 ] 
2 4 [ 1, 2 ] 
3 8 [ 1, 2, 3 ] 
4 24 [ 1, 2, 2, 3 ] 
5 384 [ 1, 1, 2, 2, 2 ] 
2 4 [ 1, 2 ] 
3 16 [ 1, 1, 2 ] 
4 24 [ 1, 2, 2, 3 ] 
5 24 [ 2, 2, 2, 3, 4 ] 
2 8 [ 1, 1 ] 
3 8 [ 1, 2, 3 ] 
4 16 [ 1, 2, 2, 3 ] 
5 576 [ 1, 1, 1, 2, 2 ] 
2 4 [ 1, 2 ] 
3 24 [ 1, 2, 2 ] 
4 96 [ 2, 3, 2, 2 ] 
5 32 [ 1, 1, 2, 3, 3 ] 
2 4 [ 1, 2 ] 
3 24 [ 1, 2, 2 ] 
4 8 [ 1, 3, 4, 4 ] 
5 8 [ 1, 2, 3, 3, 3 ] 
2 4 [ 1, 2 ] 
3 8 [ 1, 2, 3 ] 
4 32 [ 2, 2, 4, 4 ] 
5 48 [ 1, 3, 4, 4, 4 ] 
2 4 [ 1, 2 ] 
3 16 [ 1, 2, 2 ] 
4 24 [ 1, 2, 2, 3 ] 
5 16 [ 1, 2, 4, 4, 4 ] 
2 4 [ 1, 2 ] 
3 8 [ 1, 2, 3 ] 
4 32 [ 1, 1, 3, 3 ] 
5 8 [ 1, 4, 5, 5, 5 ] 
2 8 [ 1, 1 ] 
3 16 [ 2, 2, 3 ] 
4 96 [ 1, 2, 2, 2 ] 
5 192 [ 1, 2, 2, 2, 3 ] 
2 4 [ 1, 2 ] 
3 24 [ 1, 2, 2 ] 
4 48 [ 2, 2, 3, 3 ] 
5 8 [ 2, 4, 4, 4, 5 ] 
2 4 [ 1, 2 ] 
3 24 [ 1, 2, 2 ] 
4 32 [ 2, 3, 2, 3 ] 
5 4 [ 1, 3, 5, 4, 4 ] 
2 8 [ 1, 1 ] 
3 24 [ 1, 2, 2 ] 
4 96 [ 1, 1, 1, 2 ] 
5 96 [ 2, 2, 2, 2, 4 ] 
2 4 [ 1, 2 ] 
3 48 [ 1, 1, 1 ] 
4 1152 [ 2, 2, 2, 2 ] 
5 96 [ 1, 1, 2, 2, 3 ] 
2 4 [ 1, 2 ] 
3 48 [ 1, 1, 1 ] 
4 4 [ 1, 3, 3, 4 ] 
5 48 [ 1, 2, 2, 3, 2 ] 
2 8 [ 1, 1 ] 
3 8 [ 1, 2, 3 ] 
4 24 [ 1, 2, 2, 3 ] 
5 12 [ 3, 3, 3, 3, 3 ] 
2 4 [ 1, 2 ] 
3 48 [ 2, 2, 2 ] 
4 16 [ 2, 2, 4, 4 ] 
5 384 [ 1, 1, 1, 2, 2 ] 
2 4 [ 1, 2 ] 
3 8 [ 1, 2, 3 ] 
4 24 [ 1, 3, 3, 3 ] 
5 32 [ 1, 2, 2, 3, 3 ] 
2 4 [ 1, 2 ] 
3 8 [ 1, 2, 3 ] 
4 96 [ 1, 2, 2, 2 ] 
5 48 [ 1, 2, 2, 3, 3 ] 
2 4 [ 1, 2 ] 
3 24 [ 1, 2, 2 ] 
4 96 [ 1, 1, 1, 2 ] 
5 16 [ 1, 2, 3, 3, 3 ] 
2 4 [ 1, 2 ] 
3 8 [ 1, 2, 3 ] 
4 32 [ 1, 1, 2, 3 ] 
5 16 [ 1, 2, 3, 3, 3 ] 
2 4 [ 1, 2 ] 
3 48 [ 1, 1, 1 ] 
4 16 [ 1, 3, 3, 3 ] 
5 64 [ 1, 1, 2, 3, 3 ] 
2 4 [ 1, 2 ] 
3 24 [ 1, 2, 2 ] 
4 32 [ 1, 2, 3, 2 ] 
5 4 [ 2, 3, 3, 4, 4 ] 
2 4 [ 1, 2 ] 
3 8 [ 1, 2, 3 ] 
4 16 [ 1, 4, 3, 3 ] 
5 96 [ 2, 3, 3, 3, 3 ] 
2 4 [ 1, 2 ] 
3 8 [ 1, 2, 3 ] 
4 8 [ 1, 3, 3, 4 ] 
5 8 [ 1, 4, 4, 5, 5 ] 
2 8 [ 1, 1 ] 
3 24 [ 1, 2, 2 ] 
4 384 [ 1, 1, 1, 1 ] 
5 16 [ 2, 2, 3, 4, 5 ] 
2 4 [ 1, 2 ] 
3 48 [ 2, 2, 2 ] 
4 384 [ 1, 1, 1, 1 ] 
5 8 [ 2, 2, 4, 4, 5 ] 
2 4 [ 1, 2 ] 
3 8 [ 1, 2, 3 ] 
4 96 [ 1, 1, 2, 2 ] 
5 4 [ 3, 4, 4, 3, 5 ] 
2 8 [ 1, 1 ] 
3 16 [ 1, 2, 2 ] 
4 32 [ 1, 1, 2, 3 ] 
5 128 [ 1, 1, 2, 2, 3 ] 
2 4 [ 1, 2 ] 
3 16 [ 1, 1, 2 ] 
4 4 [ 2, 3, 4, 4 ] 
5 8 [ 1, 3, 3, 3, 4 ] 
2 8 [ 1, 1 ] 
3 16 [ 1, 1, 2 ] 
4 16 [ 2, 2, 3, 3 ] 
5 4 [ 2, 5, 4, 3, 4 ] 
2 4 [ 1, 2 ] 
3 8 [ 1, 2, 3 ] 
4 96 [ 1, 1, 2, 2 ] 
5 64 [ 2, 2, 3, 3, 3 ] 
2 4 [ 1, 2 ] 
3 8 [ 1, 2, 3 ] 
4 8 [ 2, 2, 3, 3 ] 
5 64 [ 1, 1, 2, 3, 3 ] 
2 8 [ 1, 1 ] 
3 48 [ 2, 2, 2 ] 
4 384 [ 1, 1, 1, 1 ] 
5 8 [ 2, 3, 4, 5, 5 ] 
2 4 [ 1, 2 ] 
3 48 [ 1, 1, 1 ] 
4 96 [ 1, 1, 1, 2 ] 
5 4 [ 2, 3, 3, 4, 4 ] 
2 8 [ 1, 1 ] 
3 24 [ 1, 2, 2 ] 
4 96 [ 1, 1, 4, 4 ] 
5 48 [ 1, 2, 2, 3, 3 ] 
2 8 [ 2, 2 ] 
3 16 [ 1, 2, 2 ] 
4 96 [ 2, 2, 2, 2 ] 
5 192 [ 1, 2, 2, 2, 3 ] 
2 4 [ 1, 2 ] 
3 24 [ 1, 2, 2 ] 
4 16 [ 1, 3, 3, 4 ] 
5 4 [ 3, 3, 4, 4, 4 ] 
2 8 [ 1, 1 ] 
3 24 [ 1, 2, 2 ] 
4 96 [ 1, 2, 2, 2 ] 
5 8 [ 2, 3, 4, 3, 4 ] 
2 4 [ 1, 2 ] 
3 8 [ 1, 2, 3 ] 
4 96 [ 1, 2, 2, 2 ] 
5 16 [ 2, 2, 4, 4, 4 ] 
2 8 [ 1, 1 ] 
3 8 [ 1, 2, 3 ] 
4 384 [ 1, 1, 1, 1 ] 
5 48 [ 1, 2, 2, 3, 3 ] 
2 8 [ 1, 1 ] 
3 24 [ 1, 2, 2 ] 
4 16 [ 2, 3, 2, 3 ] 
5 8 [ 1, 2, 3, 4, 4 ] 
2 4 [ 1, 2 ] 
3 24 [ 1, 2, 2 ] 
4 384 [ 1, 1, 1, 1 ] 
5 48 [ 2, 2, 2, 4, 4 ] 
2 8 [ 1, 1 ] 
3 48 [ 2, 2, 2 ] 
4 8 [ 1, 2, 3, 3 ] 
5 128 [ 1, 1, 2, 2, 4 ] 
2 4 [ 1, 2 ] 
3 16 [ 1, 1, 2 ] 
4 32 [ 1, 4, 4, 4 ] 
5 8 [ 2, 2, 4, 4, 5 ] 
2 8 [ 1, 1 ] 
3 24 [ 1, 2, 2 ] 
4 8 [ 1, 3, 3, 3 ] 
5 144 [ 2, 2, 2, 2, 4 ] 
2 4 [ 1, 2 ] 
3 48 [ 1, 1, 1 ] 
4 32 [ 1, 1, 2, 3 ] 
5 16 [ 2, 2, 4, 4, 4 ] 
2 4 [ 1, 2 ] 
3 16 [ 1, 2, 2 ] 
4 16 [ 1, 3, 3, 4 ] 
5 24 [ 2, 2, 3, 3, 4 ] 
2 8 [ 2, 2 ] 
3 16 [ 1, 2, 2 ] 
4 96 [ 1, 1, 1, 2 ] 
5 8 [ 2, 3, 3, 5, 4 ] 
2 8 [ 1, 1 ] 
3 24 [ 1, 2, 2 ] 
4 384 [ 1, 1, 1, 1 ] 
5 16 [ 2, 2, 2, 3, 4 ] 
2 4 [ 1, 2 ] 
3 48 [ 1, 1, 1 ] 
4 24 [ 2, 2, 3, 2 ] 
5 8 [ 1, 2, 3, 3, 3 ] 
2 8 [ 1, 1 ] 
3 48 [ 1, 1, 1 ] 
4 96 [ 1, 1, 2, 2 ] 
5 192 [ 1, 2, 2, 2, 2 ] 
2 4 [ 1, 2 ] 
3 16 [ 1, 1, 2 ] 
4 24 [ 1, 2, 2, 3 ] 
5 16 [ 2, 4, 4, 4, 4 ] 
2 12 [ 2, 2 ] 
3 24 [ 1, 2, 2 ] 
4 96 [ 1, 2, 2, 2 ] 
5 96 [ 4, 4, 4, 4, 4 ] 
2 4 [ 1, 2 ] 
3 8 [ 1, 3, 3 ] 
4 16 [ 1, 2, 3, 3 ] 
5 96 [ 2, 2, 2, 2, 3 ] 
2 8 [ 1, 1 ] 
3 16 [ 1, 1, 2 ] 
4 96 [ 1, 2, 2, 2 ] 
5 48 [ 1, 2, 2, 2, 3 ] 
2 4 [ 1, 2 ] 
3 8 [ 1, 2, 3 ] 
4 384 [ 1, 1, 1, 1 ] 
5 32 [ 2, 2, 2, 4, 4 ] 
2 4 [ 1, 2 ] 
3 24 [ 1, 2, 2 ] 
4 32 [ 1, 1, 3, 3 ] 
5 16 [ 1, 2, 3, 3, 3 ] 
2 8 [ 1, 1 ] 
3 8 [ 1, 3, 3 ] 
4 24 [ 1, 2, 2, 3 ] 
5 48 [ 1, 2, 2, 2, 3 ] 
2 8 [ 1, 1 ] 
3 16 [ 1, 2, 2 ] 
4 16 [ 1, 2, 3, 3 ] 
5 16 [ 1, 3, 3, 3, 3 ] 
2 4 [ 1, 2 ] 
3 8 [ 1, 2, 3 ] 
4 16 [ 1, 2, 3, 3 ] 
5 96 [ 1, 1, 2, 2, 3 ] 
2 4 [ 1, 2 ] 
3 8 [ 1, 3, 3 ] 
4 24 [ 1, 2, 2, 3 ] 
5 8 [ 2, 3, 4, 4, 4 ] 
2 4 [ 1, 2 ] 
3 16 [ 1, 1, 2 ] 
4 384 [ 1, 1, 1, 1 ] 
5 16 [ 1, 2, 4, 4, 5 ] 
2 4 [ 1, 2 ] 
3 24 [ 1, 2, 2 ] 
4 16 [ 1, 3, 3, 4 ] 
5 8 [ 2, 4, 3, 4, 4 ] 
2 4 [ 1, 2 ] 
3 24 [ 1, 2, 2 ] 
4 96 [ 1, 2, 2, 2 ] 
5 768 [ 1, 1, 1, 1, 2 ] 
2 8 [ 2, 2 ] 
3 16 [ 1, 2, 2 ] 
4 384 [ 1, 1, 1, 1 ] 
5 16 [ 1, 4, 4, 4, 5 ] 
2 4 [ 1, 2 ] 
3 48 [ 1, 1, 1 ] 
4 48 [ 1, 2, 2, 2 ] 
5 16 [ 1, 2, 3, 3, 3 ] 
2 8 [ 1, 1 ] 
3 8 [ 1, 3, 3 ] 
4 24 [ 1, 2, 2, 3 ] 
5 16 [ 1, 3, 3, 3, 3 ] 
2 8 [ 1, 1 ] 
3 16 [ 1, 2, 2 ] 
4 8 [ 1, 2, 3, 3 ] 
5 3840 [ 1, 1, 1, 1, 1 ] 
2 4 [ 1, 2 ] 
3 48 [ 1, 1, 1 ] 
4 4 [ 1, 3, 3, 4 ] 
5 16 [ 1, 2, 2, 3, 3 ] 
2 12 [ 2, 2 ] 
3 8 [ 1, 2, 3 ] 
4 32 [ 1, 2, 2, 3 ] 
5 384 [ 1, 1, 2, 2, 2 ] 
2 8 [ 2, 2 ] 
3 48 [ 1, 1, 1 ] 
4 16 [ 1, 2, 3, 3 ] 
5 192 [ 1, 2, 2, 2, 3 ] 
2 4 [ 1, 2 ] 
3 48 [ 2, 2, 2 ] 
4 16 [ 2, 2, 4, 4 ] 
5 16 [ 2, 2, 4, 4, 4 ] 
2 4 [ 1, 2 ] 
3 16 [ 1, 2, 2 ] 
4 24 [ 1, 2, 2, 3 ] 
5 4 [ 1, 3, 3, 3, 4 ] 
2 4 [ 1, 2 ] 
3 16 [ 1, 1, 2 ] 
4 96 [ 1, 2, 2, 2 ] 
5 64 [ 2, 2, 4, 4, 4 ] 
2 8 [ 1, 1 ] 
3 48 [ 1, 1, 1 ] 
4 96 [ 1, 1, 2, 2 ] 
5 16 [ 2, 2, 3, 5, 5 ] 
2 4 [ 1, 2 ] 
3 24 [ 1, 4, 4 ] 
4 16 [ 1, 2, 3, 3 ] 
5 32 [ 1, 1, 2, 3, 3 ] 
2 4 [ 1, 2 ] 
3 8 [ 1, 2, 3 ] 
4 16 [ 2, 2, 4, 4 ] 
5 96 [ 1, 1, 2, 2, 3 ] 
2 12 [ 2, 2 ] 
3 16 [ 1, 1, 2 ] 
4 48 [ 1, 4, 4, 4 ] 
5 16 [ 1, 2, 4, 4, 5 ] 
2 8 [ 2, 2 ] 
3 24 [ 1, 2, 2 ] 
4 32 [ 1, 2, 2, 3 ] 
5 16 [ 2, 2, 4, 5, 5 ] 
2 4 [ 1, 2 ] 
3 8 [ 1, 2, 3 ] 
4 24 [ 1, 2, 2, 3 ] 
5 4 [ 1, 3, 3, 4, 3 ] 
2 4 [ 1, 2 ] 
3 24 [ 1, 2, 2 ] 
4 96 [ 1, 1, 4, 4 ] 
5 48 [ 1, 2, 2, 3, 3 ] 
2 4 [ 1, 2 ] 
3 8 [ 1, 2, 3 ] 
4 48 [ 1, 2, 2, 2 ] 
5 32 [ 1, 1, 2, 3, 3 ] 
2 8 [ 1, 1 ] 
3 48 [ 1, 1, 1 ] 
4 96 [ 1, 1, 2, 2 ] 
5 16 [ 2, 2, 4, 4, 4 ] 
2 4 [ 1, 2 ] 
3 24 [ 1, 2, 2 ] 
4 48 [ 2, 2, 2, 3 ] 
5 32 [ 1, 4, 4, 3, 4 ] 
2 4 [ 1, 2 ] 
3 8 [ 1, 3, 3 ] 
4 1152 [ 2, 2, 2, 2 ] 
5 48 [ 2, 2, 3, 2, 3 ] 
2 4 [ 1, 2 ] 
3 24 [ 1, 2, 2 ] 
4 16 [ 1, 2, 3, 3 ] 
5 32 [ 1, 1, 4, 3, 4 ] 
2 8 [ 1, 1 ] 
3 48 [ 1, 1, 1 ] 
4 96 [ 1, 2, 2, 2 ] 
5 64 [ 2, 3, 2, 3, 3 ] 
2 4 [ 1, 2 ] 
3 16 [ 1, 1, 2 ] 
4 32 [ 1, 1, 2, 3 ] 
5 32 [ 2, 3, 2, 3, 3 ] 
2 8 [ 1, 1 ] 
3 16 [ 1, 1, 2 ] 
4 8 [ 1, 3, 4, 4 ] 
5 48 [ 1, 2, 2, 3, 2 ] 
2 8 [ 1, 1 ] 
3 16 [ 2, 3, 2 ] 
4 96 [ 3, 3, 3, 3 ] 
5 32 [ 1, 1, 3, 3, 3 ] 
2 8 [ 1, 1 ] 
3 48 [ 1, 1, 1 ] 
4 96 [ 1, 1, 2, 2 ] 
5 32 [ 2, 2, 2, 4, 4 ] 
2 4 [ 1, 2 ] 
3 24 [ 1, 4, 4 ] 
4 96 [ 1, 1, 2, 2 ] 
5 32 [ 1, 1, 3, 3, 3 ] 
2 4 [ 1, 2 ] 
3 48 [ 1, 1, 1 ] 
4 96 [ 1, 1, 4, 4 ] 
5 16 [ 1, 1, 3, 3, 4 ] 
2 4 [ 1, 2 ] 
3 8 [ 1, 2, 3 ] 
4 16 [ 2, 2, 4, 4 ] 
5 32 [ 1, 4, 4, 4, 4 ] 
2 8 [ 2, 2 ] 
3 8 [ 1, 2, 3 ] 
4 384 [ 1, 1, 1, 1 ] 
5 16 [ 1, 2, 2, 4, 5 ] 
2 4 [ 1, 2 ] 
3 16 [ 1, 2, 2 ] 
4 96 [ 1, 1, 2, 2 ] 
5 192 [ 1, 2, 2, 2, 2 ] 
2 8 [ 1, 1 ] 
3 8 [ 1, 2, 3 ] 
4 32 [ 1, 2, 2, 3 ] 
5 3840 [ 1, 1, 1, 1, 1 ] 
2 4 [ 1, 2 ] 
3 24 [ 1, 2, 2 ] 
4 16 [ 2, 2, 4, 4 ] 
5 4 [ 1, 3, 4, 4, 5 ] 
2 4 [ 1, 2 ] 
3 8 [ 1, 2, 3 ] 
4 16 [ 1, 2, 3, 3 ] 
5 32 [ 1, 2, 2, 3, 3 ] 
2 4 [ 1, 2 ] 
3 16 [ 1, 1, 2 ] 
4 96 [ 1, 1, 1, 2 ] 
5 4 [ 2, 3, 4, 3, 5 ] 
2 4 [ 1, 2 ] 
3 24 [ 1, 2, 2 ] 
4 96 [ 1, 1, 2, 2 ] 
5 384 [ 1, 1, 2, 2, 2 ] 
2 4 [ 1, 2 ] 
3 16 [ 1, 1, 2 ] 
4 16 [ 1, 2, 2, 3 ] 
5 16 [ 1, 2, 3, 2, 3 ] 
2 4 [ 1, 2 ] 
3 48 [ 1, 1, 1 ] 
4 32 [ 2, 2, 4, 4 ] 
5 64 [ 2, 2, 4, 4, 4 ] 
2 4 [ 1, 2 ] 
3 8 [ 1, 2, 3 ] 
4 96 [ 1, 3, 3, 3 ] 
5 192 [ 1, 2, 2, 2, 3 ] 
2 8 [ 1, 1 ] 
3 16 [ 1, 1, 2 ] 
4 16 [ 1, 2, 3, 3 ] 
5 16 [ 1, 2, 3, 2, 3 ] 
2 8 [ 1, 1 ] 
3 48 [ 1, 1, 1 ] 
4 16 [ 2, 2, 4, 4 ] 
5 16 [ 2, 2, 3, 3, 4 ] 
2 4 [ 1, 2 ] 
3 48 [ 1, 1, 1 ] 
4 96 [ 1, 1, 1, 2 ] 
5 24 [ 2, 2, 4, 6, 6 ] 
2 8 [ 1, 1 ] 
3 8 [ 1, 2, 3 ] 
4 8 [ 1, 4, 4, 5 ] 
5 16 [ 1, 3, 3, 3, 3 ] 
2 4 [ 1, 2 ] 
3 48 [ 1, 1, 1 ] 
4 8 [ 2, 2, 3, 3 ] 
5 4 [ 1, 5, 5, 6, 5 ] 
2 8 [ 1, 1 ] 
3 48 [ 1, 1, 1 ] 
4 96 [ 1, 2, 2, 2 ] 
5 576 [ 1, 1, 1, 2, 2 ] 
2 4 [ 1, 2 ] 
3 8 [ 1, 2, 3 ] 
4 24 [ 1, 3, 3, 3 ] 
5 48 [ 1, 2, 2, 2, 3 ] 
2 4 [ 1, 2 ] 
3 24 [ 1, 2, 2 ] 
4 48 [ 1, 4, 4, 4 ] 
5 192 [ 2, 2, 2, 3, 3 ] 
2 8 [ 1, 1 ] 
3 24 [ 1, 2, 2 ] 
4 96 [ 1, 1, 2, 2 ] 
5 16 [ 2, 2, 4, 5, 5 ] 
2 4 [ 1, 2 ] 
3 48 [ 1, 1, 1 ] 
4 384 [ 1, 1, 1, 1 ] 
5 24 [ 1, 4, 3, 3, 3 ] 
2 8 [ 1, 1 ] 
3 48 [ 1, 1, 1 ] 
4 32 [ 1, 2, 2, 3 ] 
5 16 [ 2, 3, 2, 3, 3 ] 
2 4 [ 1, 2 ] 
3 16 [ 1, 2, 2 ] 
4 24 [ 1, 2, 2, 3 ] 
5 48 [ 1, 2, 2, 2, 3 ] 
2 4 [ 1, 2 ] 
3 24 [ 1, 2, 2 ] 
4 96 [ 2, 3, 2, 2 ] 
5 96 [ 2, 2, 2, 2, 4 ] 
2 4 [ 1, 2 ] 
3 16 [ 1, 1, 2 ] 
4 16 [ 2, 2, 4, 4 ] 
5 4 [ 2, 3, 3, 3, 3 ] 
2 4 [ 1, 2 ] 
3 16 [ 1, 1, 2 ] 
4 16 [ 1, 2, 3, 3 ] 
5 24 [ 2, 2, 2, 4, 4 ] 
2 4 [ 1, 2 ] 
3 24 [ 1, 2, 2 ] 
4 16 [ 2, 2, 4, 4 ] 
5 96 [ 2, 2, 3, 2, 2 ] 
2 8 [ 2, 2 ] 
3 16 [ 1, 1, 2 ] 
4 32 [ 1, 2, 2, 3 ] 
5 3840 [ 1, 1, 1, 1, 1 ] 
2 8 [ 1, 1 ] 
3 48 [ 1, 1, 1 ] 
4 16 [ 1, 5, 5, 6 ] 
5 32 [ 1, 2, 3, 3, 3 ] 
2 12 [ 2, 2 ] 
3 16 [ 1, 1, 2 ] 
4 8 [ 1, 4, 4, 5 ] 
5 8 [ 2, 3, 4, 4, 4 ] 
2 4 [ 1, 2 ] 
3 24 [ 1, 2, 2 ] 
4 96 [ 1, 2, 2, 2 ] 
5 8 [ 1, 2, 3, 3, 3 ] 
2 8 [ 1, 1 ] 
3 48 [ 1, 1, 1 ] 
4 24 [ 1, 2, 2, 3 ] 
5 4 [ 1, 4, 4, 5, 4 ] 
2 4 [ 1, 2 ] 
3 16 [ 1, 2, 2 ] 
4 1152 [ 2, 2, 2, 2 ] 
5 384 [ 1, 1, 2, 2, 2 ] 
2 4 [ 1, 2 ] 
3 48 [ 1, 1, 1 ] 
4 32 [ 1, 4, 4, 4 ] 
5 3840 [ 1, 1, 1, 1, 1 ] 
2 4 [ 1, 2 ] 
3 8 [ 1, 2, 3 ] 
4 48 [ 1, 2, 2, 2 ] 
5 8 [ 2, 2, 3, 4, 5 ] 
2 4 [ 1, 2 ] 
3 48 [ 1, 1, 1 ] 
4 96 [ 1, 6, 6, 6 ] 
5 64 [ 2, 2, 3, 3, 3 ] 
2 8 [ 1, 1 ] 
3 24 [ 1, 2, 2 ] 
4 16 [ 1, 3, 3, 4 ] 
5 4 [ 2, 3, 4, 4, 5 ] 
2 4 [ 1, 2 ] 
3 16 [ 1, 1, 2 ] 
4 24 [ 2, 2, 2, 3 ] 
5 192 [ 1, 1, 1, 3, 3 ] 
2 8 [ 1, 1 ] 
3 24 [ 1, 2, 2 ] 
4 48 [ 1, 2, 2, 2 ] 
5 480 [ 1, 4, 4, 4, 4 ] 
2 8 [ 1, 1 ] 
3 24 [ 1, 2, 2 ] 
4 8 [ 1, 2, 3, 3 ] 
5 48 [ 1, 2, 2, 2, 3 ] 
2 8 [ 1, 1 ] 
3 24 [ 1, 2, 2 ] 
4 8 [ 2, 2, 3, 4 ] 
5 8 [ 1, 2, 4, 5, 5 ] 
2 8 [ 1, 1 ] 
3 16 [ 1, 1, 2 ] 
4 384 [ 1, 1, 1, 1 ] 
5 16 [ 1, 2, 3, 2, 3 ] 
2 4 [ 1, 2 ] 
3 48 [ 2, 2, 2 ] 
4 96 [ 1, 2, 2, 2 ] 
5 64 [ 2, 2, 3, 3, 3 ] 
2 4 [ 1, 2 ] 
3 24 [ 1, 2, 2 ] 
4 16 [ 2, 3, 3, 5 ] 
5 192 [ 2, 2, 2, 2, 3 ] 
2 8 [ 1, 1 ] 
3 8 [ 1, 2, 3 ] 
4 96 [ 1, 2, 2, 2 ] 
5 32 [ 1, 1, 4, 4, 4 ] 
2 8 [ 1, 1 ] 
3 48 [ 1, 1, 1 ] 
4 384 [ 1, 1, 1, 1 ] 
5 48 [ 2, 2, 4, 4, 5 ] 
2 4 [ 1, 2 ] 
3 16 [ 1, 2, 2 ] 
4 96 [ 1, 1, 1, 2 ] 
5 384 [ 2, 2, 2, 2, 2 ] 
2 8 [ 1, 1 ] 
3 8 [ 1, 2, 3 ] 
4 24 [ 1, 3, 3, 3 ] 
5 8 [ 1, 3, 3, 3, 3 ] 
2 4 [ 1, 2 ] 
3 48 [ 2, 2, 2 ] 
4 96 [ 1, 1, 2, 2 ] 
5 96 [ 2, 2, 2, 3, 2 ] 
2 4 [ 1, 2 ] 
3 8 [ 1, 2, 3 ] 
4 8 [ 1, 3, 3, 3 ] 
5 16 [ 2, 3, 5, 4, 5 ] 
2 4 [ 1, 2 ] 
3 24 [ 1, 4, 4 ] 
4 96 [ 1, 2, 2, 2 ] 
5 384 [ 1, 1, 2, 2, 2 ] 
2 8 [ 1, 1 ] 
3 48 [ 1, 1, 1 ] 
4 48 [ 1, 2, 2, 2 ] 
5 8 [ 2, 3, 2, 3, 3 ] 
2 12 [ 2, 2 ] 
3 24 [ 1, 2, 2 ] 
4 32 [ 1, 2, 2, 3 ] 
5 32 [ 1, 1, 2, 3, 3 ] 
2 8 [ 1, 1 ] 
3 8 [ 1, 2, 3 ] 
4 8 [ 1, 4, 3, 4 ] 
5 64 [ 1, 1, 2, 3, 3 ] 
2 8 [ 1, 1 ] 
3 24 [ 1, 4, 4 ] 
4 96 [ 2, 2, 2, 3 ] 
5 96 [ 1, 2, 2, 2, 3 ] 
2 8 [ 2, 2 ] 
3 48 [ 1, 1, 1 ] 
4 96 [ 2, 2, 2, 3 ] 
5 16 [ 2, 2, 3, 3, 4 ] 
2 4 [ 1, 2 ] 
3 24 [ 1, 2, 2 ] 
4 32 [ 1, 4, 4, 4 ] 
5 16 [ 1, 5, 4, 4, 5 ] 
2 8 [ 1, 1 ] 
3 16 [ 1, 2, 2 ] 
4 16 [ 2, 2, 3, 3 ] 
5 4 [ 2, 3, 5, 4, 5 ] 
2 8 [ 1, 1 ] 
3 8 [ 1, 2, 3 ] 
4 8 [ 1, 3, 3, 3 ] 
5 8 [ 2, 3, 3, 5, 5 ] 
2 4 [ 1, 2 ] 
3 8 [ 1, 2, 3 ] 
4 64 [ 1, 1, 2, 2 ] 
5 64 [ 1, 1, 2, 3, 3 ] 
2 4 [ 1, 2 ] 
3 48 [ 2, 2, 2 ] 
4 96 [ 1, 4, 4, 4 ] 
5 8 [ 1, 6, 5, 6, 6 ] 
2 4 [ 1, 2 ] 
3 24 [ 1, 2, 2 ] 
4 384 [ 1, 1, 1, 1 ] 
5 16 [ 1, 2, 3, 3, 3 ] 
2 8 [ 1, 1 ] 
3 48 [ 1, 1, 1 ] 
4 16 [ 2, 2, 4, 4 ] 
5 96 [ 2, 3, 2, 2, 3 ] 
2 4 [ 1, 2 ] 
3 48 [ 1, 1, 1 ] 
4 16 [ 2, 2, 4, 4 ] 
5 12 [ 2, 2, 4, 3, 4 ] 
2 8 [ 1, 1 ] 
3 48 [ 1, 1, 1 ] 
4 32 [ 1, 1, 3, 3 ] 
5 32 [ 1, 2, 2, 3, 4 ] 
2 8 [ 1, 1 ] 
3 48 [ 1, 1, 1 ] 
4 8 [ 1, 3, 3, 3 ] 
5 576 [ 1, 2, 2, 2, 2 ] 
2 8 [ 1, 1 ] 
3 16 [ 1, 1, 2 ] 
4 96 [ 1, 2, 2, 2 ] 
5 32 [ 1, 1, 3, 3, 3 ] 
2 8 [ 1, 1 ] 
3 8 [ 1, 2, 3 ] 
4 384 [ 1, 1, 1, 1 ] 
5 128 [ 1, 1, 2, 3, 2 ] 
2 8 [ 1, 1 ] 
3 8 [ 1, 2, 3 ] 
4 32 [ 2, 4, 4, 4 ] 
5 32 [ 1, 3, 3, 3, 3 ] 
2 8 [ 2, 2 ] 
3 8 [ 1, 3, 3 ] 
4 8 [ 1, 5, 4, 5 ] 
5 3840 [ 1, 1, 1, 1, 1 ] 
2 4 [ 1, 2 ] 
3 48 [ 1, 1, 1 ] 
4 8 [ 1, 2, 3, 3 ] 
5 4 [ 2, 3, 4, 4, 4 ] 
2 4 [ 1, 2 ] 
3 48 [ 1, 1, 1 ] 
4 16 [ 1, 3, 3, 4 ] 
5 64 [ 2, 3, 2, 2, 3 ] 
2 8 [ 1, 1 ] 
3 16 [ 2, 2, 3 ] 
4 16 [ 2, 2, 4, 4 ] 
5 96 [ 1, 1, 2, 2, 3 ] 
2 8 [ 1, 1 ] 
3 16 [ 1, 2, 2 ] 
4 16 [ 1, 2, 3, 3 ] 
5 96 [ 1, 1, 2, 2, 3 ] 
2 4 [ 1, 2 ] 
3 48 [ 1, 1, 1 ] 
4 96 [ 1, 1, 2, 2 ] 
5 8 [ 2, 2, 3, 4, 4 ] 
2 8 [ 1, 1 ] 
3 48 [ 1, 1, 1 ] 
4 384 [ 1, 1, 1, 1 ] 
5 4 [ 3, 4, 3, 3, 5 ] 
2 4 [ 1, 2 ] 
3 48 [ 1, 1, 1 ] 
4 16 [ 2, 2, 4, 4 ] 
5 48 [ 2, 2, 3, 2, 3 ] 
2 4 [ 1, 2 ] 
3 8 [ 1, 2, 3 ] 
4 32 [ 1, 1, 2, 3 ] 
5 12 [ 2, 2, 3, 5, 5 ] 
2 8 [ 1, 1 ] 
3 24 [ 1, 2, 2 ] 
4 16 [ 1, 3, 3, 4 ] 
5 96 [ 2, 2, 2, 2, 4 ] 
2 4 [ 1, 2 ] 
3 8 [ 1, 2, 3 ] 
4 96 [ 2, 2, 2, 2 ] 
5 96 [ 1, 1, 2, 2, 3 ] 
2 8 [ 1, 1 ] 
3 48 [ 1, 1, 1 ] 
4 16 [ 1, 2, 3, 3 ] 
5 16 [ 2, 2, 3, 3, 3 ] 
2 8 [ 1, 1 ] 
3 16 [ 1, 2, 2 ] 
4 96 [ 1, 1, 2, 2 ] 
5 8 [ 2, 2, 3, 4, 3 ] 
2 4 [ 1, 2 ] 
3 8 [ 1, 2, 3 ] 
4 16 [ 1, 2, 2, 3 ] 
5 4 [ 2, 3, 3, 4, 4 ] 
2 8 [ 1, 1 ] 
3 8 [ 1, 2, 3 ] 
4 16 [ 2, 2, 3, 4 ] 
5 8 [ 2, 2, 3, 3, 4 ] 
2 8 [ 1, 1 ] 
3 16 [ 1, 1, 2 ] 
4 8 [ 2, 3, 5, 5 ] 
5 32 [ 2, 2, 2, 3, 5 ] 
2 12 [ 2, 2 ] 
3 48 [ 1, 1, 1 ] 
4 24 [ 1, 2, 2, 3 ] 
5 48 [ 1, 2, 2, 2, 3 ] 
2 8 [ 1, 1 ] 
3 24 [ 1, 2, 2 ] 
4 96 [ 1, 1, 2, 2 ] 
5 8 [ 2, 3, 2, 3, 4 ] 
2 8 [ 1, 1 ] 
3 8 [ 1, 2, 3 ] 
4 96 [ 1, 1, 2, 2 ] 
5 480 [ 1, 2, 2, 2, 2 ] 
2 4 [ 1, 2 ] 
3 16 [ 1, 1, 2 ] 
4 8 [ 1, 2, 3, 3 ] 
5 384 [ 1, 1, 2, 2, 2 ] 
2 8 [ 1, 1 ] 
3 8 [ 1, 3, 3 ] 
4 24 [ 1, 3, 3, 3 ] 
5 48 [ 1, 2, 2, 3, 3 ] 
2 8 [ 1, 1 ] 
3 16 [ 2, 2, 3 ] 
4 32 [ 1, 2, 2, 3 ] 
5 16 [ 2, 2, 4, 5, 4 ] 
2 12 [ 2, 2 ] 
3 16 [ 2, 3, 2 ] 
4 16 [ 1, 2, 3, 3 ] 
5 64 [ 2, 3, 2, 2, 4 ] 
2 12 [ 2, 2 ] 
3 24 [ 1, 2, 2 ] 
4 96 [ 2, 2, 3, 2 ] 
5 64 [ 2, 3, 3, 3, 2 ] 
2 8 [ 1, 1 ] 
3 24 [ 1, 2, 2 ] 
4 96 [ 2, 2, 2, 4 ] 
5 48 [ 1, 2, 2, 3, 2 ] 
2 4 [ 1, 2 ] 
3 8 [ 1, 2, 3 ] 
4 32 [ 1, 2, 3, 2 ] 
5 2304 [ 1, 2, 2, 2, 2 ] 
2 4 [ 1, 2 ] 
3 24 [ 1, 4, 4 ] 
4 8 [ 1, 4, 3, 4 ] 
5 64 [ 3, 4, 4, 3, 3 ] 
2 8 [ 1, 1 ] 
3 8 [ 1, 2, 3 ] 
4 96 [ 1, 1, 2, 2 ] 
5 96 [ 1, 1, 2, 2, 3 ] 
2 8 [ 1, 1 ] 
3 24 [ 1, 2, 2 ] 
4 16 [ 2, 2, 4, 4 ] 
5 96 [ 2, 2, 2, 2, 4 ] 
2 8 [ 1, 1 ] 
3 24 [ 1, 2, 2 ] 
4 96 [ 2, 2, 2, 2 ] 
5 32 [ 2, 2, 2, 3, 4 ] 
2 4 [ 1, 2 ] 
3 24 [ 1, 2, 2 ] 
4 16 [ 2, 3, 2, 3 ] 
5 32 [ 2, 2, 2, 4, 4 ] 
2 12 [ 2, 2 ] 
3 48 [ 1, 1, 1 ] 
4 384 [ 1, 1, 1, 1 ] 
5 8 [ 3, 3, 3, 3, 3 ] 
2 8 [ 2, 2 ] 
3 24 [ 1, 2, 2 ] 
4 384 [ 1, 1, 1, 1 ] 
5 96 [ 1, 2, 2, 2, 3 ] 
2 12 [ 2, 2 ] 
3 48 [ 1, 1, 1 ] 
4 16 [ 2, 2, 4, 4 ] 
5 192 [ 1, 2, 3, 2, 2 ] 
2 8 [ 1, 1 ] 
3 8 [ 1, 2, 3 ] 
4 96 [ 2, 3, 2, 2 ] 
5 64 [ 2, 2, 3, 2, 3 ] 
2 8 [ 1, 1 ] 
3 48 [ 1, 1, 1 ] 
4 384 [ 1, 1, 1, 1 ] 
5 4 [ 2, 3, 3, 4, 4 ] 
2 4 [ 1, 2 ] 
3 48 [ 2, 2, 2 ] 
4 32 [ 1, 1, 3, 3 ] 
5 2 [ 3, 3, 4, 4, 3 ] 
2 8 [ 1, 1 ] 
3 8 [ 1, 2, 3 ] 
4 24 [ 1, 2, 2, 3 ] 
5 16 [ 1, 3, 3, 3, 3 ] 
2 4 [ 1, 2 ] 
3 48 [ 1, 1, 1 ] 
4 96 [ 1, 3, 3, 3 ] 
5 8 [ 1, 3, 3, 3, 4 ] 
2 4 [ 1, 2 ] 
3 24 [ 1, 2, 2 ] 
4 96 [ 2, 2, 2, 3 ] 
5 96 [ 2, 2, 2, 2, 4 ] 
2 8 [ 1, 1 ] 
3 16 [ 1, 1, 2 ] 
4 16 [ 2, 2, 4, 4 ] 
5 32 [ 2, 2, 2, 3, 4 ] 
2 4 [ 1, 2 ] 
3 16 [ 1, 1, 2 ] 
4 16 [ 1, 4, 3, 3 ] 
5 16 [ 1, 2, 2, 3, 4 ] 
2 8 [ 1, 1 ] 
3 24 [ 1, 2, 2 ] 
4 96 [ 1, 1, 2, 2 ] 
5 3840 [ 1, 1, 1, 1, 1 ] 
2 4 [ 1, 2 ] 
3 16 [ 1, 2, 2 ] 
4 96 [ 3, 3, 3, 3 ] 
5 24 [ 2, 2, 3, 2, 3 ] 
2 4 [ 1, 2 ] 
3 8 [ 1, 2, 3 ] 
4 8 [ 1, 2, 3, 3 ] 
5 64 [ 1, 1, 2, 3, 3 ] 
2 8 [ 1, 1 ] 
3 16 [ 2, 3, 2 ] 
4 8 [ 1, 3, 3, 3 ] 
5 576 [ 1, 1, 1, 2, 2 ] 
2 8 [ 1, 1 ] 
3 24 [ 1, 2, 2 ] 
4 8 [ 2, 3, 2, 3 ] 
5 16 [ 1, 2, 3, 3, 3 ] 
2 8 [ 1, 1 ] 
3 24 [ 1, 2, 2 ] 
4 96 [ 1, 1, 1, 2 ] 
5 4 [ 1, 3, 4, 5, 4 ] 
2 4 [ 1, 2 ] 
3 24 [ 1, 2, 2 ] 
4 24 [ 2, 3, 3, 3 ] 
5 16 [ 3, 3, 4, 4, 5 ] 
2 4 [ 1, 2 ] 
3 8 [ 1, 3, 3 ] 
4 16 [ 1, 2, 3, 3 ] 
5 96 [ 1, 1, 2, 2, 3 ] 
2 4 [ 1, 2 ] 
3 24 [ 1, 2, 2 ] 
4 16 [ 2, 2, 4, 4 ] 
5 8 [ 2, 4, 4, 3, 4 ] 
2 8 [ 1, 1 ] 
3 24 [ 1, 2, 2 ] 
4 96 [ 1, 2, 2, 2 ] 
5 16 [ 2, 2, 4, 4, 4 ] 
2 4 [ 1, 2 ] 
3 48 [ 1, 1, 1 ] 
4 16 [ 2, 2, 4, 5 ] 
5 16 [ 1, 2, 4, 5, 5 ] 
2 4 [ 1, 2 ] 
3 24 [ 1, 2, 2 ] 
4 8 [ 1, 4, 4, 4 ] 
5 96 [ 2, 2, 4, 4, 4 ] 
2 8 [ 1, 1 ] 
3 8 [ 1, 3, 3 ] 
4 24 [ 1, 2, 2, 3 ] 
5 32 [ 2, 2, 2, 3, 5 ] 
2 8 [ 1, 1 ] 
3 16 [ 2, 2, 3 ] 
4 16 [ 1, 5, 6, 5 ] 
5 96 [ 2, 2, 2, 3, 2 ] 
2 4 [ 1, 2 ] 
3 16 [ 2, 3, 2 ] 
4 96 [ 1, 1, 1, 2 ] 
5 192 [ 1, 1, 2, 2, 2 ] 
2 4 [ 1, 2 ] 
3 24 [ 1, 2, 2 ] 
4 32 [ 2, 4, 4, 4 ] 
5 24 [ 2, 2, 3, 2, 3 ] 
2 4 [ 1, 2 ] 
3 8 [ 1, 2, 3 ] 
4 8 [ 1, 2, 3, 3 ] 
5 12 [ 2, 2, 3, 4, 3 ] 
2 8 [ 1, 1 ] 
3 16 [ 2, 3, 2 ] 
4 96 [ 1, 2, 2, 2 ] 
5 16 [ 2, 2, 4, 4, 4 ] 
2 4 [ 1, 2 ] 
3 16 [ 1, 1, 2 ] 
4 96 [ 1, 4, 4, 4 ] 
5 4 [ 2, 3, 3, 5, 5 ] 
2 4 [ 1, 2 ] 
3 8 [ 1, 2, 3 ] 
4 8 [ 1, 4, 4, 4 ] 
5 96 [ 1, 2, 2, 2, 3 ] 
2 4 [ 1, 2 ] 
3 24 [ 1, 4, 4 ] 
4 384 [ 1, 1, 1, 1 ] 
5 8 [ 1, 2, 3, 3, 3 ] 
2 4 [ 1, 2 ] 
3 48 [ 1, 1, 1 ] 
4 24 [ 2, 2, 3, 2 ] 
5 576 [ 2, 2, 2, 2, 2 ] 
2 8 [ 1, 1 ] 
3 8 [ 1, 2, 3 ] 
4 96 [ 1, 3, 3, 3 ] 
5 384 [ 1, 1, 2, 2, 2 ] 
2 4 [ 1, 2 ] 
3 24 [ 1, 2, 2 ] 
4 96 [ 1, 1, 1, 2 ] 
5 16 [ 1, 4, 3, 4, 4 ] 
2 4 [ 1, 2 ] 
3 16 [ 2, 3, 2 ] 
4 32 [ 2, 3, 2, 3 ] 
5 16 [ 1, 3, 3, 3, 4 ] 
2 4 [ 1, 2 ] 
3 24 [ 1, 2, 2 ] 
4 24 [ 1, 2, 2, 3 ] 
5 3840 [ 2, 2, 2, 2, 2 ] 
2 4 [ 1, 2 ] 
3 48 [ 2, 2, 2 ] 
4 16 [ 1, 2, 3, 3 ] 
5 192 [ 1, 2, 2, 2, 3 ] 
2 4 [ 1, 2 ] 
3 16 [ 1, 2, 2 ] 
4 32 [ 1, 2, 3, 2 ] 
Error, user interrupt in
  mue[i][k - 1] := q + mue[k][k - 1] * mue[i][k]
 ; at /usr/local/Cellar/gap/4.15.1/share/gap/lib/zlattice.gi:1162 called from 
LLLReducedGramMat( GramL2 ) at NewOGLat.g:65 called from
BasisRec( ttGram, 3 ) at Task20260906Ua.g:20 called from
<function "unknown">( <arguments> )
 called from read-eval loop at Task20260906Ua.g:34
you can 'return;'
brk> quit;
gap> Read("Task20260906Ua.g");
2 8 [ 1, 1 ] 
3 16 [ 1, 1, 2 ] 
4 96 [ 1, 1, 1, 2 ] 
5 384 [ 1, 1, 2, 2, 2 ] 
2 4 [ 1, 2 ] 
3 16 [ 1, 2, 2 ] 
4 8 [ 1, 2, 3, 3 ] 
5 32 [ 1, 2, 2, 4, 4 ] 
2 4 [ 1, 2 ] 
3 24 [ 1, 2, 2 ] 
4 16 [ 2, 2, 4, 4 ] 
5 32 [ 2, 2, 2, 3, 3 ] 
2 8 [ 1, 1 ] 
3 16 [ 1, 1, 2 ] 
4 8 [ 1, 3, 4, 4 ] 
5 128 [ 1, 2, 2, 3, 3 ] 
2 8 [ 1, 1 ] 
3 8 [ 1, 3, 3 ] 
4 16 [ 1, 3, 3, 4 ] 
5 32 [ 1, 2, 3, 3, 3 ] 
2 4 [ 1, 2 ] 
3 8 [ 1, 3, 3 ] 
4 64 [ 2, 2, 3, 3 ] 
5 48 [ 2, 2, 2, 3, 3 ] 
2 4 [ 1, 2 ] 
3 8 [ 1, 2, 3 ] 
4 32 [ 1, 2, 2, 3 ] 
5 8 [ 1, 3, 5, 5, 5 ] 
2 4 [ 1, 2 ] 
3 8 [ 1, 2, 3 ] 
4 64 [ 2, 2, 3, 3 ] 
5 384 [ 1, 1, 2, 2, 2 ] 
2 8 [ 2, 2 ] 
3 48 [ 1, 1, 1 ] 
4 64 [ 2, 2, 3, 3 ] 
5 4 [ 2, 4, 4, 5, 5 ] 
2 4 [ 1, 2 ] 
3 48 [ 1, 1, 1 ] 
4 4 [ 2, 3, 4, 4 ] 
5 16 [ 1, 2, 3, 3, 3 ] 
2 8 [ 1, 1 ] 
3 24 [ 1, 2, 2 ] 
4 384 [ 1, 1, 1, 1 ] 
5 32 [ 1, 1, 2, 3, 3 ] 
2 8 [ 1, 1 ] 
3 24 [ 1, 4, 4 ] 
4 96 [ 1, 1, 2, 2 ] 
5 4 [ 2, 3, 3, 5, 5 ] 
2 8 [ 1, 1 ] 
3 8 [ 1, 2, 3 ] 
4 16 [ 2, 2, 4, 4 ] 
5 4 [ 2, 3, 4, 4, 5 ] 
2 4 [ 1, 2 ] 
3 48 [ 1, 1, 1 ] 
4 8 [ 1, 3, 3, 3 ] 
5 32 [ 1, 2, 3, 3, 3 ] 
2 8 [ 1, 1 ] 
3 24 [ 1, 2, 2 ] 
4 24 [ 1, 3, 3, 3 ] 
5 96 [ 2, 2, 2, 2, 3 ] 
2 8 [ 1, 1 ] 
3 48 [ 1, 1, 1 ] 
4 1152 [ 2, 2, 2, 2 ] 
5 32 [ 1, 1, 3, 4, 4 ] 
2 8 [ 1, 1 ] 
3 8 [ 1, 3, 3 ] 
4 96 [ 1, 1, 2, 2 ] 
5 16 [ 2, 2, 4, 4, 4 ] 
2 8 [ 1, 1 ] 
3 48 [ 1, 1, 1 ] 
4 32 [ 1, 1, 3, 3 ] 
5 64 [ 1, 2, 2, 2, 3 ] 
2 4 [ 1, 2 ] 
3 16 [ 2, 2, 3 ] 
4 96 [ 2, 2, 2, 3 ] 
5 48 [ 2, 2, 2, 2, 4 ] 
2 4 [ 1, 2 ] 
3 48 [ 1, 1, 1 ] 
4 16 [ 2, 2, 3, 4 ] 
5 2 [ 3, 3, 4, 5, 5 ] 
2 4 [ 1, 2 ] 
3 24 [ 1, 2, 2 ] 
4 1152 [ 2, 2, 2, 2 ] 
5 32 [ 1, 1, 3, 4, 4 ] 
2 4 [ 1, 2 ] 
3 16 [ 1, 1, 2 ] 
4 96 [ 2, 2, 2, 5 ] 
5 8 [ 2, 2, 3, 4, 4 ] 
2 4 [ 1, 2 ] 
3 24 [ 1, 2, 2 ] 
4 32 [ 1, 2, 2, 3 ] 
5 3840 [ 1, 1, 1, 1, 1 ] 
2 8 [ 1, 1 ] 
3 48 [ 2, 2, 2 ] 
4 16 [ 1, 3, 3, 4 ] 
5 8 [ 1, 4, 4, 4, 5 ] 
2 8 [ 2, 2 ] 
3 8 [ 1, 2, 3 ] 
4 24 [ 1, 2, 2, 3 ] 
5 16 [ 1, 2, 2, 3, 3 ] 
2 4 [ 1, 2 ] 
3 24 [ 1, 2, 2 ] 
4 16 [ 1, 3, 3, 4 ] 
5 48 [ 1, 2, 2, 2, 3 ] 
2 8 [ 1, 1 ] 
3 24 [ 1, 2, 2 ] 
4 96 [ 2, 2, 2, 4 ] 
5 4 [ 2, 3, 5, 5, 5 ] 
2 4 [ 1, 2 ] 
3 16 [ 1, 2, 2 ] 
4 384 [ 1, 1, 1, 1 ] 
5 16 [ 2, 2, 3, 3, 3 ] 
2 8 [ 2, 2 ] 
3 24 [ 1, 2, 2 ] 
4 32 [ 1, 2, 2, 3 ] 
5 384 [ 1, 1, 2, 2, 2 ] 
2 4 [ 1, 2 ] 
3 48 [ 1, 1, 1 ] 
4 384 [ 1, 1, 1, 1 ] 
5 32 [ 2, 2, 2, 3, 3 ] 
2 8 [ 1, 1 ] 
3 48 [ 1, 1, 1 ] 
4 32 [ 1, 1, 2, 3 ] 
5 4 [ 1, 3, 3, 4, 5 ] 
2 4 [ 1, 2 ] 
3 24 [ 1, 2, 2 ] 
4 16 [ 1, 2, 3, 3 ] 
5 16 [ 1, 4, 4, 4, 4 ] 
2 8 [ 1, 1 ] 
3 24 [ 1, 2, 2 ] 
4 16 [ 1, 3, 3, 4 ] 
5 8 [ 2, 4, 4, 4, 4 ] 
2 8 [ 1, 1 ] 
3 48 [ 1, 1, 1 ] 
4 48 [ 1, 2, 2, 2 ] 
5 384 [ 1, 1, 2, 2, 2 ] 
2 4 [ 1, 2 ] 
3 8 [ 1, 3, 3 ] 
4 32 [ 1, 1, 3, 3 ] 
5 96 [ 1, 1, 2, 2, 3 ] 
2 8 [ 1, 1 ] 
3 24 [ 1, 2, 2 ] 
4 32 [ 1, 2, 2, 3 ] 
5 64 [ 2, 2, 3, 3, 3 ] 
2 4 [ 1, 2 ] 
3 48 [ 1, 1, 1 ] 
4 32 [ 1, 2, 2, 3 ] 
5 4 [ 3, 3, 3, 3, 3 ] 
2 8 [ 1, 1 ] 
3 48 [ 1, 1, 1 ] 
4 96 [ 1, 2, 2, 2 ] 
5 192 [ 1, 1, 2, 2, 2 ] 
2 8 [ 1, 1 ] 
3 24 [ 1, 2, 2 ] 
4 96 [ 1, 1, 2, 2 ] 
5 8 [ 1, 3, 3, 4, 4 ] 
2 8 [ 1, 1 ] 
3 48 [ 2, 2, 2 ] 
4 8 [ 1, 2, 3, 3 ] 
5 8 [ 2, 3, 4, 4, 4 ] 
2 4 [ 1, 2 ] 
3 24 [ 1, 2, 2 ] 
4 16 [ 1, 2, 2, 3 ] 
5 24 [ 2, 2, 2, 4, 4 ] 
2 4 [ 1, 2 ] 
3 16 [ 1, 1, 2 ] 
4 24 [ 2, 2, 2, 3 ] 
5 16 [ 1, 2, 3, 3, 3 ] 
2 12 [ 2, 2 ] 
3 8 [ 1, 2, 3 ] 
4 384 [ 1, 1, 1, 1 ] 
5 8 [ 1, 2, 3, 3, 4 ] 
2 4 [ 1, 2 ] 
3 16 [ 1, 1, 2 ] 
4 96 [ 2, 2, 2, 3 ] 
5 8 [ 2, 3, 5, 5, 5 ] 
2 8 [ 1, 1 ] 
3 24 [ 1, 2, 2 ] 
4 16 [ 1, 2, 3, 3 ] 
5 32 [ 1, 2, 3, 3, 3 ] 
2 4 [ 1, 2 ] 
3 24 [ 1, 2, 2 ] 
4 16 [ 1, 3, 3, 4 ] 
5 576 [ 1, 1, 1, 2, 2 ] 
2 4 [ 1, 2 ] 
3 48 [ 1, 1, 1 ] 
4 96 [ 1, 1, 1, 2 ] 
5 8 [ 1, 2, 3, 3, 4 ] 
2 8 [ 1, 1 ] 
3 48 [ 1, 1, 1 ] 
4 96 [ 1, 1, 1, 2 ] 
5 8 [ 2, 2, 3, 3, 3 ] 
2 4 [ 1, 2 ] 
3 24 [ 1, 2, 2 ] 
4 24 [ 1, 2, 2, 3 ] 
5 16 [ 1, 4, 5, 5, 5 ] 
2 4 [ 1, 2 ] 
3 24 [ 1, 2, 2 ] 
4 4 [ 1, 3, 3, 4 ] 
5 48 [ 1, 2, 2, 2, 3 ] 
2 8 [ 2, 2 ] 
3 16 [ 1, 1, 2 ] 
4 16 [ 1, 2, 3, 3 ] 
5 384 [ 1, 1, 2, 2, 2 ] 
2 4 [ 1, 2 ] 
3 16 [ 2, 2, 3 ] 
4 8 [ 2, 2, 4, 5 ] 
5 384 [ 1, 1, 2, 2, 2 ] 
2 8 [ 1, 1 ] 
3 24 [ 1, 2, 2 ] 
4 384 [ 1, 1, 1, 1 ] 
5 128 [ 1, 2, 2, 3, 3 ] 
2 4 [ 1, 2 ] 
3 48 [ 1, 1, 1 ] 
4 32 [ 1, 1, 2, 4 ] 
5 4 [ 1, 3, 4, 4, 4 ] 
2 8 [ 1, 1 ] 
3 8 [ 1, 2, 3 ] 
4 96 [ 1, 2, 2, 2 ] 
5 4 [ 1, 4, 4, 5, 5 ] 
2 8 [ 1, 1 ] 
3 48 [ 1, 1, 1 ] 
4 384 [ 1, 1, 1, 1 ] 
5 8 [ 2, 3, 3, 4, 4 ] 
2 4 [ 1, 2 ] 
3 24 [ 1, 2, 2 ] 
4 24 [ 1, 2, 2, 3 ] 
5 8 [ 1, 3, 4, 4, 4 ] 
2 12 [ 2, 2 ] 
3 48 [ 1, 1, 1 ] 
4 16 [ 2, 2, 3, 3 ] 
5 48 [ 2, 2, 2, 4, 4 ] 
2 4 [ 1, 2 ] 
3 48 [ 1, 1, 1 ] 
4 16 [ 2, 2, 4, 4 ] 
5 96 [ 1, 1, 2, 2, 3 ] 
2 8 [ 1, 1 ] 
3 48 [ 2, 2, 2 ] 
4 96 [ 1, 1, 2, 2 ] 
5 64 [ 2, 2, 4, 4, 4 ] 
2 4 [ 1, 2 ] 
3 8 [ 1, 3, 3 ] 
4 24 [ 1, 2, 2, 3 ] 
5 3840 [ 2, 2, 2, 2, 2 ] 
2 4 [ 1, 2 ] 
3 16 [ 1, 2, 2 ] 
4 96 [ 1, 1, 2, 2 ] 
5 8 [ 2, 2, 3, 4, 4 ] 
2 8 [ 2, 2 ] 
3 16 [ 1, 2, 2 ] 
4 16 [ 1, 2, 3, 3 ] 
5 8 [ 2, 4, 4, 4, 4 ] 
2 8 [ 1, 1 ] 
3 16 [ 1, 2, 2 ] 
4 48 [ 2, 2, 2, 3 ] 
5 192 [ 1, 2, 2, 2, 3 ] 
2 4 [ 1, 2 ] 
3 16 [ 1, 2, 2 ] 
4 96 [ 1, 1, 2, 2 ] 
5 8 [ 1, 3, 3, 3, 3 ] 
2 4 [ 1, 2 ] 
3 48 [ 2, 2, 2 ] 
4 96 [ 1, 1, 2, 2 ] 
5 16 [ 1, 2, 2, 3, 3 ] 
2 12 [ 2, 2 ] 
3 24 [ 1, 2, 2 ] 
4 8 [ 1, 3, 3, 3 ] 
5 32 [ 2, 2, 2, 4, 4 ] 
2 8 [ 1, 1 ] 
3 24 [ 1, 4, 4 ] 
4 96 [ 1, 1, 2, 2 ] 
5 384 [ 1, 1, 2, 2, 2 ] 
2 4 [ 1, 2 ] 
3 16 [ 2, 2, 3 ] 
4 16 [ 1, 3, 3, 4 ] 
5 384 [ 1, 1, 2, 2, 2 ] 
2 4 [ 1, 2 ] 
3 8 [ 1, 2, 3 ] 
4 24 [ 2, 2, 2, 3 ] 
5 128 [ 1, 1, 2, 2, 3 ] 
2 4 [ 1, 2 ] 
3 24 [ 1, 2, 2 ] 
4 32 [ 1, 2, 2, 3 ] 
5 48 [ 2, 2, 2, 3, 3 ] 
2 4 [ 1, 2 ] 
3 24 [ 1, 2, 2 ] 
4 32 [ 1, 2, 2, 3 ] 
5 4 [ 2, 3, 5, 5, 5 ] 
2 4 [ 1, 2 ] 
3 48 [ 1, 1, 1 ] 
4 96 [ 1, 1, 2, 2 ] 
5 48 [ 1, 2, 4, 4, 4 ] 
2 4 [ 1, 2 ] 
3 8 [ 1, 3, 3 ] 
4 24 [ 1, 3, 3, 3 ] 
5 384 [ 1, 1, 2, 2, 2 ] 
2 4 [ 1, 2 ] 
3 24 [ 1, 2, 2 ] 
4 32 [ 2, 2, 2, 3 ] 
5 8 [ 2, 3, 3, 3, 3 ] 
2 4 [ 1, 2 ] 
3 24 [ 1, 2, 2 ] 
4 16 [ 1, 2, 3, 3 ] 
5 192 [ 1, 1, 1, 2, 3 ] 
2 8 [ 1, 1 ] 
3 48 [ 2, 2, 2 ] 
4 24 [ 2, 3, 3, 3 ] 
5 64 [ 1, 2, 2, 2, 4 ] 
2 4 [ 1, 2 ] 
3 48 [ 1, 1, 1 ] 
4 8 [ 1, 2, 3, 4 ] 
5 4 [ 2, 3, 3, 3, 4 ] 
2 8 [ 1, 1 ] 
3 8 [ 1, 2, 3 ] 
4 64 [ 1, 1, 2, 2 ] 
5 64 [ 1, 1, 2, 3, 3 ] 
2 4 [ 1, 2 ] 
3 24 [ 1, 2, 2 ] 
4 96 [ 1, 1, 2, 2 ] 
5 4 [ 2, 3, 3, 3, 4 ] 
2 4 [ 1, 2 ] 
3 48 [ 1, 1, 1 ] 
4 96 [ 1, 1, 1, 2 ] 
5 3840 [ 1, 1, 1, 1, 1 ] 
2 8 [ 1, 1 ] 
3 24 [ 1, 2, 2 ] 
4 24 [ 2, 2, 2, 4 ] 
5 768 [ 1, 1, 1, 1, 2 ] 
2 4 [ 1, 2 ] 
3 8 [ 1, 2, 3 ] 
4 16 [ 2, 3, 3, 5 ] 
5 16 [ 1, 2, 3, 3, 3 ] 
2 4 [ 1, 2 ] 
3 16 [ 1, 1, 2 ] 
4 96 [ 2, 2, 2, 3 ] 
5 48 [ 1, 2, 2, 2, 3 ] 
2 8 [ 1, 1 ] 
3 48 [ 1, 1, 1 ] 
4 32 [ 1, 1, 2, 3 ] 
5 8 [ 2, 3, 4, 5, 5 ] 
2 8 [ 2, 2 ] 
3 8 [ 1, 3, 3 ] 
4 384 [ 1, 1, 1, 1 ] 
5 4 [ 2, 3, 4, 5, 5 ] 
2 4 [ 1, 2 ] 
3 16 [ 1, 1, 2 ] 
4 8 [ 2, 3, 5, 5 ] 
5 16 [ 2, 2, 3, 4, 4 ] 
2 8 [ 1, 1 ] 
3 24 [ 1, 2, 2 ] 
4 32 [ 2, 4, 4, 4 ] 
5 16 [ 1, 2, 2, 3, 3 ] 
2 4 [ 1, 2 ] 
3 16 [ 1, 1, 2 ] 
4 64 [ 1, 1, 2, 2 ] 
5 128 [ 1, 1, 2, 2, 3 ] 
2 8 [ 1, 1 ] 
3 16 [ 1, 2, 2 ] 
4 96 [ 1, 1, 2, 2 ] 
5 4 [ 2, 3, 3, 4, 5 ] 
2 4 [ 1, 2 ] 
3 8 [ 1, 3, 3 ] 
4 32 [ 1, 2, 2, 3 ] 
5 32 [ 1, 3, 3, 4, 4 ] 
2 8 [ 2, 2 ] 
3 48 [ 1, 1, 1 ] 
4 96 [ 1, 2, 2, 2 ] 
5 64 [ 1, 1, 2, 3, 3 ] 
2 8 [ 1, 1 ] 
3 48 [ 1, 1, 1 ] 
4 32 [ 1, 2, 2, 3 ] 
5 8 [ 2, 2, 3, 3, 5 ] 
2 4 [ 1, 2 ] 
3 24 [ 1, 2, 2 ] 
4 24 [ 1, 2, 2, 3 ] 
5 4 [ 2, 3, 3, 4, 5 ] 
2 8 [ 1, 1 ] 
3 16 [ 1, 2, 2 ] 
4 96 [ 1, 1, 2, 2 ] 
5 4 [ 2, 3, 3, 4, 4 ] 
2 8 [ 1, 1 ] 
3 8 [ 1, 2, 3 ] 
4 16 [ 2, 2, 3, 3 ] 
5 3840 [ 1, 1, 1, 1, 1 ] 
2 4 [ 1, 2 ] 
3 48 [ 1, 1, 1 ] 
4 24 [ 1, 2, 2, 3 ] 
5 384 [ 2, 2, 4, 4, 4 ] 
2 8 [ 1, 1 ] 
3 24 [ 1, 2, 2 ] 
4 96 [ 1, 3, 3, 3 ] 
5 8 [ 2, 2, 3, 3, 4 ] 
2 8 [ 1, 1 ] 
3 24 [ 1, 2, 2 ] 
4 384 [ 1, 1, 1, 1 ] 
5 48 [ 1, 4, 4, 4, 6 ] 
2 4 [ 1, 2 ] 
3 48 [ 1, 1, 1 ] 
4 96 [ 1, 1, 4, 4 ] 
5 8 [ 2, 2, 4, 4, 5 ] 
2 8 [ 1, 1 ] 
3 24 [ 1, 2, 2 ] 
4 96 [ 1, 2, 2, 2 ] 
5 3840 [ 1, 1, 1, 1, 1 ] 
2 8 [ 1, 1 ] 
3 24 [ 1, 2, 2 ] 
4 96 [ 1, 1, 1, 2 ] 
5 32 [ 2, 2, 2, 4, 4 ] 
2 4 [ 1, 2 ] 
3 24 [ 1, 4, 4 ] 
4 64 [ 1, 1, 2, 2 ] 
5 8 [ 2, 3, 3, 3, 3 ] 
2 4 [ 1, 2 ] 
3 8 [ 1, 3, 3 ] 
4 16 [ 1, 2, 3, 3 ] 
5 48 [ 1, 2, 2, 3, 3 ] 
2 4 [ 1, 2 ] 
3 16 [ 1, 1, 2 ] 
4 32 [ 1, 1, 2, 4 ] 
5 16 [ 1, 3, 3, 3, 4 ] 
2 8 [ 1, 1 ] 
3 16 [ 1, 1, 2 ] 
4 96 [ 1, 1, 2, 2 ] 
5 192 [ 2, 2, 2, 4, 4 ] 
2 8 [ 1, 1 ] 
3 8 [ 1, 2, 3 ] 
4 24 [ 1, 2, 2, 3 ] 
5 192 [ 2, 2, 2, 2, 4 ] 
2 8 [ 1, 1 ] 
3 24 [ 1, 2, 2 ] 
4 8 [ 1, 2, 3, 3 ] 
5 16 [ 2, 2, 4, 4, 4 ] 
2 4 [ 1, 2 ] 
3 16 [ 1, 2, 2 ] 
4 32 [ 1, 1, 3, 3 ] 
5 16 [ 1, 2, 2, 3, 3 ] 
2 8 [ 1, 1 ] 
3 8 [ 1, 2, 3 ] 
4 16 [ 1, 2, 2, 3 ] 
5 8 [ 1, 3, 3, 4, 4 ] 
2 4 [ 1, 2 ] 
3 24 [ 1, 2, 2 ] 
4 96 [ 1, 2, 2, 2 ] 
5 144 [ 2, 2, 2, 4, 4 ] 
2 4 [ 1, 2 ] 
3 8 [ 1, 2, 3 ] 
4 16 [ 2, 2, 3, 4 ] 
5 32 [ 1, 1, 2, 3, 4 ] 
2 4 [ 1, 2 ] 
3 8 [ 1, 2, 3 ] 
4 96 [ 1, 1, 2, 2 ] 
5 16 [ 2, 2, 3, 3, 3 ] 
2 8 [ 2, 2 ] 
3 16 [ 1, 2, 2 ] 
4 24 [ 1, 2, 2, 3 ] 
5 16 [ 1, 2, 4, 5, 5 ] 
2 4 [ 1, 2 ] 
3 8 [ 1, 2, 3 ] 
4 384 [ 1, 1, 1, 1 ] 
5 4 [ 1, 3, 5, 5, 5 ] 
2 8 [ 1, 1 ] 
3 16 [ 1, 1, 2 ] 
4 32 [ 1, 1, 2, 3 ] 
5 4 [ 3, 3, 4, 4, 5 ] 
2 12 [ 2, 2 ] 
3 48 [ 1, 1, 1 ] 
4 8 [ 2, 2, 3, 4 ] 
5 128 [ 1, 1, 2, 2, 3 ] 
2 12 [ 2, 2 ] 
3 48 [ 1, 1, 1 ] 
4 16 [ 1, 3, 4, 4 ] 
5 8 [ 2, 3, 4, 4, 4 ] 
2 8 [ 1, 1 ] 
3 8 [ 1, 2, 3 ] 
4 384 [ 1, 1, 1, 1 ] 
5 64 [ 1, 1, 2, 3, 3 ] 
2 8 [ 2, 2 ] 
3 24 [ 1, 2, 2 ] 
4 96 [ 1, 1, 2, 2 ] 
5 384 [ 1, 1, 1, 2, 2 ] 
2 4 [ 1, 2 ] 
3 48 [ 1, 1, 1 ] 
4 16 [ 1, 2, 3, 3 ] 
5 16 [ 2, 2, 4, 4, 4 ] 
2 4 [ 1, 2 ] 
3 24 [ 1, 2, 2 ] 
4 16 [ 2, 2, 3, 3 ] 
5 384 [ 1, 1, 2, 2, 2 ] 
2 4 [ 1, 2 ] 
3 8 [ 1, 2, 3 ] 
4 16 [ 2, 3, 3, 5 ] 
5 4 [ 3, 3, 4, 4, 4 ] 
2 4 [ 1, 2 ] 
3 24 [ 1, 2, 2 ] 
4 24 [ 2, 2, 2, 4 ] 
5 4 [ 2, 3, 4, 4, 4 ] 
2 8 [ 2, 2 ] 
3 16 [ 1, 1, 2 ] 
4 96 [ 1, 1, 1, 2 ] 
5 48 [ 1, 2, 3, 3, 3 ] 
2 8 [ 1, 1 ] 
3 8 [ 1, 2, 3 ] 
4 32 [ 2, 2, 2, 3 ] 
5 32 [ 1, 4, 4, 4, 4 ] 
2 8 [ 1, 1 ] 
3 16 [ 2, 2, 3 ] 
4 96 [ 1, 2, 2, 2 ] 
5 32 [ 1, 1, 3, 4, 4 ] 
2 8 [ 1, 1 ] 
3 8 [ 1, 2, 3 ] 
4 16 [ 2, 2, 3, 4 ] 
5 8 [ 1, 4, 5, 5, 5 ] 
2 4 [ 1, 2 ] 
3 24 [ 1, 2, 2 ] 
4 8 [ 2, 3, 3, 4 ] 
5 48 [ 1, 2, 2, 2, 3 ] 
2 8 [ 1, 1 ] 
3 8 [ 1, 3, 3 ] 
4 96 [ 1, 4, 4, 4 ] 
5 16 [ 1, 3, 3, 3, 3 ] 
2 4 [ 1, 2 ] 
3 8 [ 1, 2, 3 ] 
4 96 [ 2, 2, 2, 3 ] 
5 24 [ 2, 2, 2, 3, 4 ] 
2 4 [ 1, 2 ] 
3 48 [ 1, 1, 1 ] 
4 4 [ 2, 3, 3, 4 ] 
5 8 [ 2, 2, 4, 4, 5 ] 
2 4 [ 1, 2 ] 
3 48 [ 1, 1, 1 ] 
4 16 [ 2, 2, 4, 4 ] 
5 32 [ 2, 2, 2, 4, 4 ] 
2 8 [ 1, 1 ] 
3 48 [ 1, 1, 1 ] 
4 96 [ 1, 1, 2, 2 ] 
5 96 [ 2, 2, 2, 2, 3 ] 
2 4 [ 1, 2 ] 
3 8 [ 1, 2, 3 ] 
4 96 [ 1, 2, 2, 2 ] 
5 8 [ 2, 3, 3, 3, 4 ] 
2 8 [ 1, 1 ] 
3 24 [ 1, 2, 2 ] 
4 384 [ 1, 1, 1, 1 ] 
5 48 [ 1, 4, 4, 4, 4 ] 
2 12 [ 2, 2 ] 
3 24 [ 1, 2, 2 ] 
4 24 [ 1, 2, 2, 3 ] 
5 96 [ 1, 1, 2, 2, 3 ] 
2 4 [ 1, 2 ] 
3 16 [ 1, 1, 2 ] 
4 96 [ 1, 2, 2, 2 ] 
5 16 [ 1, 4, 4, 4, 4 ] 
2 8 [ 1, 1 ] 
3 24 [ 1, 2, 2 ] 
4 8 [ 1, 4, 4, 5 ] 
5 64 [ 2, 2, 3, 3, 3 ] 
2 8 [ 1, 1 ] 
3 24 [ 1, 2, 2 ] 
4 96 [ 1, 2, 2, 2 ] 
5 2 [ 3, 3, 4, 4, 5 ] 
2 4 [ 1, 2 ] 
3 8 [ 1, 2, 3 ] 
4 16 [ 1, 2, 3, 3 ] 
5 24 [ 1, 3, 4, 4, 4 ] 
2 4 [ 1, 2 ] 
3 16 [ 1, 1, 2 ] 
4 32 [ 2, 2, 2, 3 ] 
5 24 [ 2, 3, 3, 3, 3 ] 
2 8 [ 1, 1 ] 
3 24 [ 1, 4, 4 ] 
4 96 [ 1, 1, 1, 2 ] 
5 480 [ 1, 2, 2, 2, 2 ] 
2 4 [ 1, 2 ] 
3 48 [ 2, 2, 2 ] 
4 32 [ 1, 2, 2, 3 ] 
5 16 [ 1, 2, 3, 3, 3 ] 
2 8 [ 1, 1 ] 
3 8 [ 1, 3, 3 ] 
4 384 [ 1, 1, 1, 1 ] 
5 16 [ 1, 4, 4, 4, 4 ] 
2 4 [ 1, 2 ] 
3 24 [ 1, 2, 2 ] 
4 384 [ 1, 1, 1, 1 ] 
5 16 [ 2, 2, 4, 4, 4 ] 
2 12 [ 2, 2 ] 
3 48 [ 1, 1, 1 ] 
4 96 [ 1, 4, 4, 4 ] 
5 96 [ 1, 1, 2, 2, 3 ] 
2 4 [ 1, 2 ] 
3 24 [ 1, 2, 2 ] 
4 16 [ 1, 2, 4, 4 ] 
5 16 [ 2, 2, 3, 3, 3 ] 
2 4 [ 1, 2 ] 
3 16 [ 1, 2, 2 ] 
4 48 [ 1, 2, 2, 2 ] 
5 4 [ 2, 4, 5, 5, 5 ] 
2 4 [ 1, 2 ] 
3 24 [ 1, 2, 2 ] 
4 16 [ 1, 2, 3, 3 ] 
5 8 [ 3, 3, 4, 4, 4 ] 
2 4 [ 1, 2 ] 
3 48 [ 2, 2, 2 ] 
4 16 [ 2, 2, 4, 4 ] 
5 192 [ 2, 2, 2, 4, 4 ] 
2 8 [ 1, 1 ] 
3 48 [ 1, 1, 1 ] 
4 96 [ 2, 2, 2, 4 ] 
5 4 [ 1, 3, 3, 3, 4 ] 
2 8 [ 1, 1 ] 
3 24 [ 1, 2, 2 ] 
4 32 [ 1, 2, 2, 3 ] 
5 4 [ 2, 3, 4, 5, 5 ] 
2 8 [ 1, 1 ] 
3 24 [ 1, 2, 2 ] 
4 384 [ 1, 1, 1, 1 ] 
5 16 [ 1, 2, 3, 3, 3 ] 
2 4 [ 1, 2 ] 
3 8 [ 1, 3, 3 ] 
4 8 [ 1, 3, 3, 3 ] 
5 4 [ 2, 4, 4, 4, 5 ] 
2 4 [ 1, 2 ] 
3 16 [ 1, 1, 2 ] 
4 384 [ 1, 1, 1, 1 ] 
5 16 [ 1, 3, 3, 3, 4 ] 
2 8 [ 1, 1 ] 
3 48 [ 1, 1, 1 ] 
4 1152 [ 2, 2, 2, 2 ] 
5 8 [ 2, 4, 4, 4, 4 ] 
2 4 [ 1, 2 ] 
3 48 [ 1, 1, 1 ] 
4 8 [ 2, 2, 4, 5 ] 
5 8 [ 2, 4, 4, 4, 4 ] 
2 4 [ 1, 2 ] 
3 48 [ 1, 1, 1 ] 
4 16 [ 1, 2, 2, 3 ] 
5 96 [ 2, 2, 2, 3, 3 ] 
2 4 [ 1, 2 ] 
3 24 [ 1, 2, 2 ] 
4 24 [ 1, 2, 2, 3 ] 
5 32 [ 2, 2, 2, 4, 4 ] 
2 4 [ 1, 2 ] 
3 24 [ 1, 2, 2 ] 
4 384 [ 1, 1, 1, 1 ] 
5 8 [ 2, 3, 3, 3, 3 ] 
2 8 [ 1, 1 ] 
3 24 [ 1, 2, 2 ] 
4 24 [ 1, 2, 2, 3 ] 
5 480 [ 1, 2, 2, 2, 2 ] 
2 8 [ 1, 1 ] 
3 48 [ 2, 2, 2 ] 
4 96 [ 2, 2, 2, 5 ] 
5 4 [ 2, 3, 3, 4, 4 ] 
2 8 [ 1, 1 ] 
3 8 [ 1, 2, 3 ] 
4 16 [ 2, 2, 4, 4 ] 
5 96 [ 1, 1, 3, 3, 3 ] 
2 4 [ 1, 2 ] 
3 24 [ 1, 2, 2 ] 
4 32 [ 1, 2, 2, 3 ] 
5 8 [ 2, 3, 3, 4, 4 ] 
2 4 [ 1, 2 ] 
3 16 [ 1, 2, 2 ] 
4 32 [ 1, 1, 2, 3 ] 
5 2304 [ 1, 2, 2, 2, 2 ] 
2 4 [ 1, 2 ] 
3 8 [ 1, 2, 3 ] 
4 32 [ 1, 2, 2, 3 ] 
5 32 [ 2, 2, 2, 4, 4 ] 
2 4 [ 1, 2 ] 
3 16 [ 1, 1, 2 ] 
4 24 [ 2, 2, 2, 4 ] 
5 8 [ 1, 3, 4, 4, 5 ] 
2 4 [ 1, 2 ] 
3 16 [ 2, 2, 3 ] 
4 384 [ 1, 1, 1, 1 ] 
5 8 [ 2, 2, 3, 3, 4 ] 
2 4 [ 1, 2 ] 
3 48 [ 1, 1, 1 ] 
4 32 [ 1, 2, 2, 3 ] 
5 96 [ 1, 1, 2, 2, 3 ] 
2 4 [ 1, 2 ] 
3 8 [ 1, 2, 3 ] 
4 8 [ 1, 2, 3, 4 ] 
5 192 [ 1, 2, 2, 2, 3 ] 
2 4 [ 1, 2 ] 
3 16 [ 1, 1, 2 ] 
4 32 [ 1, 1, 2, 3 ] 
5 96 [ 2, 2, 2, 2, 4 ] 
2 4 [ 1, 2 ] 
3 24 [ 1, 2, 2 ] 
4 24 [ 1, 2, 2, 3 ] 
5 16 [ 1, 3, 3, 3, 3 ] 
2 4 [ 1, 2 ] 
3 16 [ 1, 1, 2 ] 
4 48 [ 1, 4, 4, 5 ] 
5 4 [ 1, 4, 4, 5, 5 ] 
2 4 [ 1, 2 ] 
3 16 [ 1, 1, 2 ] 
4 48 [ 1, 2, 2, 2 ] 
5 8 [ 1, 4, 6, 6, 6 ] 
2 8 [ 1, 1 ] 
3 8 [ 1, 2, 3 ] 
4 384 [ 1, 1, 1, 1 ] 
5 16 [ 2, 2, 2, 3, 3 ] 
2 4 [ 1, 2 ] 
3 48 [ 1, 1, 1 ] 
4 24 [ 1, 3, 3, 3 ] 
5 48 [ 2, 2, 2, 4, 4 ] 
2 4 [ 1, 2 ] 
3 48 [ 1, 1, 1 ] 
4 16 [ 2, 2, 3, 3 ] 
5 8 [ 1, 4, 4, 4, 5 ] 
2 4 [ 1, 2 ] 
3 48 [ 1, 1, 1 ] 
4 8 [ 1, 2, 3, 3 ] 
5 96 [ 1, 3, 3, 3, 3 ] 
2 8 [ 1, 1 ] 
3 48 [ 1, 1, 1 ] 
4 16 [ 1, 3, 3, 4 ] 
5 16 [ 1, 3, 3, 3, 3 ] 
2 8 [ 2, 2 ] 
3 48 [ 1, 1, 1 ] 
4 24 [ 1, 3, 3, 3 ] 
5 8 [ 2, 2, 3, 3, 4 ] 
2 8 [ 1, 1 ] 
3 24 [ 1, 2, 2 ] 
4 96 [ 1, 1, 2, 2 ] 
5 24 [ 2, 2, 2, 3, 3 ] 
2 8 [ 1, 1 ] 
3 24 [ 1, 2, 2 ] 
4 16 [ 1, 2, 3, 3 ] 
5 8 [ 1, 3, 3, 4, 4 ] 
2 4 [ 1, 2 ] 
3 16 [ 1, 1, 2 ] 
4 48 [ 1, 3, 4, 4 ] 
5 64 [ 1, 1, 2, 3, 3 ] 
2 4 [ 1, 2 ] 
3 24 [ 1, 2, 2 ] 
4 96 [ 1, 2, 2, 2 ] 
5 2 [ 3, 4, 5, 5, 5 ] 
2 8 [ 1, 1 ] 
3 8 [ 1, 2, 3 ] 
4 8 [ 1, 2, 3, 3 ] 
5 8 [ 2, 3, 4, 5, 5 ] 
2 8 [ 1, 1 ] 
3 48 [ 1, 1, 1 ] 
4 96 [ 1, 1, 2, 2 ] 
5 480 [ 2, 2, 2, 2, 2 ] 
2 8 [ 1, 1 ] 
3 48 [ 1, 1, 1 ] 
4 96 [ 2, 2, 2, 3 ] 
5 8 [ 1, 3, 4, 4, 4 ] 
2 8 [ 1, 1 ] 
3 16 [ 1, 1, 2 ] 
4 96 [ 2, 2, 2, 2 ] 
5 48 [ 1, 2, 2, 3, 3 ] 
2 8 [ 1, 1 ] 
3 24 [ 1, 2, 2 ] 
4 24 [ 2, 2, 2, 3 ] 
5 48 [ 2, 2, 2, 3, 3 ] 
2 4 [ 1, 2 ] 
3 24 [ 1, 2, 2 ] 
4 96 [ 1, 3, 3, 3 ] 
5 32 [ 1, 3, 3, 3, 3 ] 
2 4 [ 1, 2 ] 
3 48 [ 1, 1, 1 ] 
4 16 [ 1, 3, 3, 4 ] 
5 64 [ 2, 2, 4, 4, 4 ] 
2 8 [ 1, 1 ] 
3 24 [ 1, 2, 2 ] 
4 24 [ 1, 3, 3, 3 ] 
5 4 [ 2, 3, 4, 4, 5 ] 
2 8 [ 1, 1 ] 
3 48 [ 1, 1, 1 ] 
4 24 [ 1, 3, 3, 3 ] 
5 8 [ 2, 3, 3, 3, 4 ] 
2 8 [ 2, 2 ] 
3 24 [ 1, 2, 2 ] 
4 16 [ 1, 2, 2, 3 ] 
5 24 [ 2, 3, 3, 3, 3 ] 
2 4 [ 1, 2 ] 
3 48 [ 1, 1, 1 ] 
4 24 [ 1, 2, 2, 3 ] 
5 16 [ 2, 3, 3, 4, 4 ] 
2 8 [ 2, 2 ] 
3 16 [ 2, 2, 3 ] 
4 24 [ 1, 2, 2, 3 ] 
5 16 [ 1, 2, 3, 3, 3 ] 
2 4 [ 1, 2 ] 
3 16 [ 1, 1, 2 ] 
4 32 [ 1, 1, 3, 3 ] 
5 8 [ 2, 3, 3, 5, 5 ] 
2 8 [ 1, 1 ] 
3 8 [ 1, 2, 3 ] 
4 8 [ 2, 2, 3, 3 ] 
5 32 [ 1, 3, 3, 4, 4 ] 
2 4 [ 1, 2 ] 
3 24 [ 1, 4, 4 ] 
4 48 [ 1, 2, 2, 2 ] 
5 8 [ 1, 3, 3, 3, 3 ] 
2 4 [ 1, 2 ] 
3 48 [ 1, 1, 1 ] 
4 16 [ 2, 2, 4, 4 ] 
5 4 [ 1, 4, 4, 4, 5 ] 
2 8 [ 1, 1 ] 
3 24 [ 1, 2, 2 ] 
4 96 [ 1, 1, 2, 2 ] 
5 4 [ 3, 4, 4, 5, 5 ] 
2 8 [ 1, 1 ] 
Error, user interrupt in
  res[i] := func( C[i] )
 ; at /usr/local/Cellar/gap/4.15.1/share/gap/lib/coll.gi:663 called from 
List( m1, function ( row )
      return PROD_VECTOR_MATRIX( row, m2 );
  end ) at /usr/local/Cellar/gap/4.15.1/share/gap/lib/list.gi:3640 called from
basisinv * psol at NewOGLat.g:186 called from
simpleextend( psol ); at NewOGLat.g:217 called from
simpleextend( CopyAdd( inipsol, tv ) ); at NewOGLat.g:342 called from
NewOGLat( ttbasisrec ) at Task20260906Ua.g:21 called from
...  at Task20260906Ua.g:34
you can 'return;'
brk> quit;
gap> ead("Task20260906Ua.g");
Error, Variable: 'ead' must have a value
not in any function at *stdin*:14
gap> Read("Task20260906Ha.g");
1 2 8 [ 1, 1 ] 
1 3 48 [ 1, 1, 1 ] 
1 4 384 [ 1, 1, 1, 1 ] 
1 5 64 [ 2, 2, 2, 4, 4 ] 
1 6 4 [ 2, 3, 4, 4, 5, 5 ] 
1 7 2 [ 3, 3, 5, 6, 6, 6, 7 ] 
1 8 2 [ 3, 5, 6, 6, 6, 6, 6, 6 ] 
1 9 2 [ 4, 6, 7, 7, 7, 7, 7, 7, 7 ] 
Error, user interrupt in
  mmue ^ 2 at /usr/local/Cellar/gap/4.15.1/share/gap/lib/zlattice.gi:1108 called from 
LLLReducedGramMat( GramL2 ) at NewOGLat.g:65 called from
BasisRec( ttGram, 3 ) at Task20260906Ha.g:20 called from
<function "unknown">( <arguments> )
 called from read-eval loop at Task20260906Ha.g:35
you can 'return;'
brk> tOGrec.size;
2
brk> quit;
gap> Read("Task20260906Ha.g");
1 2 4 [ 1, 2 ] 
1 3 8 [ 1, 2, 3 ] 
1 4 96 [ 1, 1, 2, 2 ] 
1 5 16 [ 1, 2, 3, 3, 3 ] 
1 6 24 [ 2, 2, 2, 3, 3, 4 ] 
1 7 4 [ 2, 3, 3, 4, 5, 5, 5 ] 
1 8 32 [ 1, 2, 2, 3, 3, 3, 4, 4 ] 
1 9 2 [ 4, 5, 5, 6, 6, 6, 7, 7, 7 ] 
1 10 2 [ 3, 4, 5, 5, 5, 5, 6, 6, 7, 7 ] 
_____________ 
2 2 12 [ 2, 2 ] 
2 3 24 [ 1, 2, 2 ] 
2 4 8 [ 1, 2, 3, 3 ] 
2 5 8 [ 1, 4, 5, 5, 5 ] 
2 6 288 [ 2, 2, 2, 2, 2, 4 ] 
2 7 4 [ 2, 3, 3, 3, 4, 4, 4 ] 
2 8 2 [ 3, 5, 5, 6, 6, 6, 6, 6 ] 
2 9 2 [ 4, 4, 5, 5, 5, 5, 6, 6, 6 ] 
2 10 2 [ 3, 4, 4, 5, 5, 5, 5, 5, 6, 6 ] 
_____________ 
3 2 8 [ 1, 1 ] 
3 3 16 [ 1, 1, 2 ] 
3 4 4 [ 2, 3, 4, 4 ] 
3 5 192 [ 1, 2, 2, 2, 3 ] 
3 6 4 [ 2, 3, 4, 4, 4, 4 ] 
3 7 48 [ 2, 2, 2, 4, 4, 5, 5 ] 
3 8 4 [ 2, 3, 4, 4, 4, 5, 5, 5 ] 
3 9 2 [ 5, 5, 5, 5, 6, 6, 6, 6, 6 ] 
3 10 2 [ 6, 6, 6, 6, 7, 7, 7, 7, 7, 7 ] 
_____________ 
4 2 8 [ 1, 1 ] 
4 3 16 [ 1, 1, 2 ] 
4 4 32 [ 1, 1, 2, 3 ] 
4 5 24 [ 2, 2, 2, 3, 3 ] 
4 6 4 [ 3, 3, 3, 3, 3, 4 ] 
4 7 4 [ 2, 3, 3, 3, 4, 4, 5 ] 
4 8 4 [ 2, 3, 3, 4, 4, 4, 4, 5 ] 
4 9 2 [ 4, 5, 5, 6, 6, 7, 7, 8, 8 ] 
4 10 2 [ 4, 4, 4, 4, 5, 5, 5, 5, 6, 6 ] 
_____________ 
5 2 8 [ 1, 1 ] 
5 3 8 [ 1, 2, 3 ] 
5 4 96 [ 1, 1, 1, 2 ] 
5 5 4 [ 2, 3, 4, 5, 5 ] 
5 6 8 [ 2, 3, 3, 4, 4, 4 ] 
5 7 8 [ 2, 3, 3, 4, 4, 4, 5 ] 
5 8 2 [ 3, 4, 4, 4, 5, 6, 7, 7 ] 
5 9 2 [ 5, 5, 6, 6, 6, 6, 7, 7, 7 ] 
5 10 2 [ 5, 6, 7, 8, 8, 9, 9, 9, 9, 9 ] 
_____________ 
6 2 4 [ 1, 2 ] 
6 3 24 [ 1, 2, 2 ] 
6 4 8 [ 2, 2, 3, 3 ] 
6 5 24 [ 2, 2, 2, 3, 3 ] 
6 6 2 [ 3, 4, 4, 4, 4, 5 ] 
6 7 2 [ 3, 4, 4, 4, 5, 5, 5 ] 
6 8 2 [ 3, 3, 3, 4, 4, 4, 5, 5 ] 
6 9 2 [ 4, 4, 5, 5, 5, 5, 6, 6, 6 ] 
6 10 2 [ 6, 7, 7, 7, 7, 7, 7, 7, 8, 8 ] 
_____________ 
7 2 4 [ 1, 2 ] 
7 3 16 [ 1, 1, 2 ] 
7 4 24 [ 1, 2, 2, 3 ] 
7 5 16 [ 1, 2, 2, 4, 5 ] 
7 6 4 [ 3, 3, 3, 4, 4, 4 ] 
7 7 4 [ 2, 3, 3, 4, 4, 4, 4 ] 
7 8 4 [ 2, 3, 3, 3, 4, 4, 4, 5 ] 
7 9 2 [ 5, 5, 5, 5, 5, 6, 6, 6, 6 ] 
7 10 2 [ 5, 5, 6, 6, 7, 7, 7, 7, 7, 7 ] 
_____________ 
8 2 8 [ 1, 1 ] 
8 3 16 [ 1, 1, 2 ] 
8 4 32 [ 2, 2, 2, 3 ] 
8 5 8 [ 2, 3, 3, 4, 4 ] 
8 6 16 [ 2, 2, 2, 3, 3, 4 ] 
8 7 8 [ 2, 3, 3, 3, 4, 4, 5 ] 
8 8 24 [ 2, 2, 2, 3, 3, 3, 4, 5 ] 
8 9 2 [ 4, 4, 4, 6, 6, 6, 6, 6, 6 ] 
8 10 2 [ 4, 5, 7, 7, 8, 8, 9, 9, 9, 9 ] 
_____________ 
9 2 4 [ 1, 2 ] 
9 3 24 [ 1, 2, 2 ] 
9 4 4 [ 1, 3, 3, 4 ] 
9 5 768 [ 2, 2, 2, 2, 3 ] 
9 6 2 [ 3, 4, 4, 4, 5, 5 ] 
9 7 8 [ 2, 4, 4, 5, 6, 6, 6 ] 
9 8 2 [ 5, 5, 5, 5, 5, 5, 5, 5 ] 
9 9 8 [ 2, 3, 3, 3, 3, 3, 4, 4, 4 ] 
9 10 2 [ 4, 5, 5, 5, 6, 6, 8, 8, 8, 8 ] 
_____________ 
10 2 4 [ 1, 2 ] 
10 3 16 [ 2, 2, 3 ] 
10 4 32 [ 1, 4, 4, 4 ] 
10 5 16 [ 1, 2, 3, 3, 3 ] 
10 6 64 [ 1, 2, 2, 2, 3, 3 ] 
10 7 4 [ 2, 3, 5, 5, 6, 6, 7 ] 
10 8 96 [ 2, 2, 2, 2, 3, 3, 3, 4 ] 
10 9 2 [ 3, 3, 3, 4, 4, 4, 5, 5, 5 ] 
10 10 2 [ 3, 5, 5, 5, 5, 6, 6, 6, 6, 6 ] 
_____________ 
11 2 4 [ 1, 2 ] 
11 3 48 [ 1, 1, 1 ] 
11 4 8 [ 3, 3, 3, 3 ] 
11 5 4 [ 2, 3, 5, 5, 5 ] 
11 6 4 [ 2, 4, 4, 4, 6, 7 ] 
11 7 8 [ 2, 3, 4, 4, 5, 5, 5 ] 
11 8 2 [ 3, 5, 6, 6, 6, 7, 7, 7 ] 
11 9 16 [ 2, 2, 2, 3, 3, 3, 3, 3, 4 ] 
11 10 2 [ 6, 7, 7, 7, 8, 8, 8, 8, 8, 8 ] 
_____________ 
12 2 4 [ 1, 2 ] 
12 3 48 [ 1, 1, 1 ] 
12 4 96 [ 1, 2, 2, 2 ] 
12 5 16 [ 1, 4, 5, 5, 5 ] 
12 6 24 [ 2, 2, 3, 3, 3, 4 ] 
12 7 2 [ 3, 3, 4, 4, 5, 5, 5 ] 
12 8 2 [ 3, 3, 4, 4, 4, 4, 4, 4 ] 
12 9 2 [ 3, 5, 7, 7, 8, 8, 8, 8, 9 ] 
12 10 2 [ 3, 3, 3, 4, 4, 4, 4, 5, 5, 5 ] 
_____________ 
13 2 4 [ 1, 2 ] 
13 3 48 [ 1, 1, 1 ] 
13 4 96 [ 2, 2, 2, 3 ] 
13 5 64 [ 1, 2, 2, 2, 3 ] 
13 6 2 [ 3, 4, 4, 4, 5, 5 ] 
13 7 2 [ 3, 3, 3, 4, 4, 4, 5 ] 
13 8 2 [ 3, 3, 3, 3, 3, 4, 4, 4 ] 
13 9 4 [ 3, 3, 3, 4, 4, 4, 4, 4, 5 ] 
13 10 2 [ 5, 5, 5, 7, 7, 7, 8, 8, 8, 8 ] 
_____________ 
14 2 12 [ 2, 2 ] 
14 3 24 [ 1, 2, 2 ] 
14 4 24 [ 1, 2, 2, 3 ] 
14 5 768 [ 1, 1, 1, 1, 2 ] 
14 6 8 [ 2, 2, 3, 3, 5, 5 ] 
14 7 8 [ 2, 2, 3, 3, 4, 4, 4 ] 
14 8 2 [ 3, 3, 3, 4, 4, 4, 4, 5 ] 
14 9 2 [ 4, 4, 5, 5, 6, 6, 7, 7, 7 ] 
14 10 2 [ 4, 5, 5, 5, 5, 5, 5, 5, 5, 5 ] 
_____________ 
15 2 8 [ 1, 1 ] 
15 3 16 [ 1, 1, 2 ] 
15 4 96 [ 1, 4, 4, 4 ] 
15 5 16 [ 2, 2, 4, 4, 4 ] 
15 6 16 [ 2, 2, 4, 4, 4, 4 ] 
15 7 4 [ 2, 3, 3, 4, 4, 4, 5 ] 
15 8 8 [ 2, 2, 3, 3, 3, 4, 4, 4 ] 
15 9 2 [ 5, 5, 7, 7, 8, 8, 8, 8, 8 ] 
15 10 2 [ 4, 5, 5, 5, 5, 6, 6, 6, 6, 6 ] 
_____________ 
16 2 8 [ 1, 1 ] 
16 3 24 [ 1, 4, 4 ] 
16 4 96 [ 2, 2, 2, 4 ] 
16 5 3840 [ 1, 1, 1, 1, 1 ] 
16 6 4 [ 2, 3, 3, 3, 4, 5 ] 
16 7 4 [ 2, 3, 3, 4, 4, 4, 4 ] 
16 8 2 [ 3, 5, 6, 6, 7, 8, 8, 8 ] 
16 9 2 [ 5, 6, 6, 7, 7, 7, 7, 7, 7 ] 
Error, user interrupt in
  q := mue[i][k]; at /usr/local/Cellar/gap/4.15.1/share/gap/lib/zlattice.gi:1160 called from 
LLLReducedGramMat( GramL2 ) at NewOGLat.g:68 called from
BasisRec( ttGram, 3 ) at Task20260906Ha.g:20 called from
<function "unknown">( <arguments> )
 called from read-eval loop at Task20260906Ha.g:35
you can 'return;'
brk> counter;
89
brk> nrmcandidate;
7
brk> quit;
gap> Read("Task20260906Ha.g");
Syntax error: ; expected in NewOGLat.g:94
    fflag:=false;
    ^^^^^
1 2 4 [ 1, 2 ] 
1 3 24 [ 1, 4, 4 ] 
1 4 384 [ 1, 1, 1, 1 ] 
1 5 48 [ 1, 2, 2, 2, 3 ] 
1 6 32 [ 1, 2, 2, 2, 3, 3 ] 
1 7 8 [ 2, 2, 3, 3, 3, 5, 5 ] 
1 8 2 [ 4, 5, 6, 6, 7, 7, 7, 7 ] 
1 9 2 [ 4, 4, 5, 5, 7, 7, 7, 7, 9 ] 
1 10 2 [ 4, 4, 6, 6, 7, 7, 7, 8, 8, 8 ] 
_____________ 
2 2 8 [ 1, 1 ] 
2 3 16 [ 1, 1, 2 ] 
2 4 96 [ 1, 1, 2, 2 ] 
2 5 64 [ 1, 2, 2, 3, 3 ] 
2 6 12 [ 2, 2, 3, 3, 5, 5 ] 
2 7 8 [ 2, 2, 3, 3, 4, 4, 5 ] 
2 8 24 [ 2, 2, 2, 3, 3, 4, 4, 4 ] 
2 9 2 [ 5, 6, 6, 6, 7, 7, 7, 7, 7 ] 
2 10 2 [ 5, 6, 7, 7, 7, 7, 8, 8, 8, 8 ] 
_____________ 
3 2 12 [ 2, 2 ] 
3 3 16 [ 1, 1, 2 ] 
3 4 32 [ 1, 2, 2, 3 ] 
3 5 192 [ 1, 2, 2, 2, 3 ] 
3 6 8 [ 2, 3, 4, 4, 4, 5 ] 
3 7 768 [ 2, 2, 2, 2, 4, 4, 4 ] 
3 8 4 [ 2, 5, 6, 6, 6, 6, 7, 7 ] 
3 9 2 [ 3, 4, 4, 4, 4, 4, 5, 5, 6 ] 
3 10 2 [ 4, 4, 5, 5, 6, 6, 7, 7, 7, 7 ] 
_____________ 
4 2 8 [ 1, 1 ] 
4 3 24 [ 1, 2, 2 ] 
4 4 8 [ 1, 2, 3, 3 ] 
4 5 4 [ 1, 3, 4, 4, 4 ] 
4 6 48 [ 1, 3, 3, 3, 3, 3 ] 
4 7 4 [ 2, 3, 3, 3, 4, 4, 4 ] 
4 8 2 [ 3, 4, 4, 5, 6, 6, 7, 7 ] 
4 9 2 [ 6, 7, 7, 7, 8, 8, 8, 8, 8 ] 
4 10 2 [ 3, 5, 7, 7, 7, 8, 8, 8, 8, 8 ] 
_____________ 
5 2 8 [ 1, 1 ] 
5 3 24 [ 1, 2, 2 ] 
5 4 96 [ 1, 1, 2, 2 ] 
5 5 8 [ 2, 3, 4, 5, 5 ] 
5 6 8 [ 2, 3, 3, 4, 4, 4 ] 
5 7 4 [ 2, 3, 4, 4, 5, 6, 6 ] 
5 8 32 [ 2, 2, 2, 3, 4, 5, 5, 5 ] 
5 9 2 [ 4, 4, 5, 5, 5, 5, 5, 6, 6 ] 
5 10 2 [ 5, 6, 6, 6, 6, 7, 7, 7, 8, 8 ] 
_____________ 
6 2 4 [ 1, 2 ] 
6 3 48 [ 1, 1, 1 ] 
6 4 96 [ 2, 2, 2, 3 ] 
6 5 48 [ 2, 2, 3, 3, 3 ] 
6 6 4 [ 1, 4, 4, 5, 5, 5 ] 
6 7 4 [ 2, 4, 5, 5, 5, 5, 6 ] 
6 8 4 [ 2, 4, 4, 4, 4, 4, 6, 6 ] 
6 9 4 [ 2, 5, 5, 5, 6, 6, 6, 6, 6 ] 
6 10 2 [ 4, 6, 6, 7, 7, 7, 8, 8, 8, 9 ] 
_____________ 
7 2 4 [ 1, 2 ] 
7 3 24 [ 1, 2, 2 ] 
7 4 8 [ 2, 2, 3, 3 ] 
7 5 3840 [ 1, 1, 1, 1, 1 ] 
7 6 4 [ 2, 3, 4, 5, 5, 6 ] 
7 7 4 [ 3, 4, 4, 5, 6, 6, 6 ] 
7 8 8 [ 2, 4, 4, 5, 5, 5, 5, 5 ] 
7 9 2 [ 4, 4, 5, 6, 7, 7, 8, 8, 9 ] 
7 10 2 [ 3, 5, 6, 6, 6, 7, 7, 7, 7, 7 ] 
_____________ 
8 2 4 [ 1, 2 ] 
8 3 16 [ 1, 2, 2 ] 
8 4 8 [ 1, 2, 3, 3 ] 
8 5 128 [ 1, 1, 2, 2, 3 ] 
8 6 4608 [ 1, 1, 1, 1, 2, 2 ] 
8 7 2 [ 3, 3, 3, 4, 5, 5, 5 ] 
8 8 2 [ 5, 5, 5, 6, 6, 6, 6, 6 ] 
8 9 2 [ 4, 4, 5, 5, 5, 6, 6, 6, 7 ] 
8 10 2 [ 5, 5, 5, 6, 7, 7, 7, 8, 8, 8 ] 
_____________ 
9 2 4 [ 1, 2 ] 
9 3 16 [ 1, 2, 2 ] 
9 4 48 [ 1, 2, 2, 2 ] 
9 5 32 [ 2, 2, 4, 4, 5 ] 
9 6 8 [ 1, 3, 3, 3, 4, 4 ] 
9 7 2 [ 3, 4, 4, 5, 6, 6, 6 ] 
9 8 2 [ 4, 4, 5, 6, 6, 6, 7, 7 ] 
9 9 2 [ 4, 4, 5, 5, 6, 6, 6, 7, 7 ] 
9 10 4 [ 2, 4, 5, 6, 6, 6, 6, 6, 6, 6 ] 
_____________ 
10 2 4 [ 1, 2 ] 
10 3 16 [ 1, 1, 2 ] 
10 4 96 [ 1, 4, 4, 4 ] 
10 5 768 [ 2, 2, 2, 2, 3 ] 
10 6 4 [ 3, 3, 3, 4, 4, 5 ] 
10 7 48 [ 2, 2, 2, 3, 3, 4, 4 ] 
10 8 2 [ 3, 3, 4, 5, 6, 6, 6, 7 ] 
10 9 2 [ 4, 4, 4, 4, 6, 6, 6, 6, 6 ] 
10 10 2 [ 5, 5, 6, 6, 7, 7, 7, 7, 7, 8 ] 
_____________ 
11 2 8 [ 1, 1 ] 
11 3 8 [ 1, 3, 3 ] 
11 4 8 [ 1, 3, 4, 4 ] 
11 5 96 [ 1, 1, 2, 2, 3 ] 
11 6 4 [ 2, 3, 4, 4, 5, 5 ] 
11 7 24 [ 2, 2, 2, 3, 3, 3, 3 ] 
11 8 12 [ 2, 2, 3, 3, 4, 4, 4, 5 ] 
11 9 2 [ 4, 4, 4, 4, 4, 5, 5, 5, 6 ] 
11 10 8 [ 2, 2, 3, 3, 3, 3, 3, 4, 4, 5 ] 
_____________ 
12 2 8 [ 2, 2 ] 
12 3 24 [ 1, 2, 2 ] 
12 4 96 [ 2, 2, 2, 2 ] 
12 5 768 [ 1, 1, 1, 1, 2 ] 
12 6 4 [ 1, 4, 4, 4, 5, 5 ] 
12 7 2 [ 3, 3, 3, 4, 4, 4, 5 ] 
12 8 2 [ 3, 3, 3, 4, 4, 4, 5, 5 ] 
12 9 2 [ 4, 4, 4, 4, 5, 5, 6, 6, 6 ] 
12 10 2 [ 6, 6, 6, 8, 8, 8, 8, 8, 8, 8 ] 
_____________ 
13 2 4 [ 1, 2 ] 
13 3 24 [ 1, 2, 2 ] 
13 4 96 [ 1, 1, 2, 2 ] 
13 5 192 [ 1, 2, 2, 2, 3 ] 
13 6 4 [ 1, 5, 5, 5, 5, 6 ] 
13 7 64 [ 1, 2, 2, 3, 3, 3, 3 ] 
13 8 8 [ 2, 2, 3, 3, 4, 4, 4, 5 ] 
13 9 2 [ 6, 6, 6, 6, 6, 6, 6, 6, 6 ] 
13 10 2 [ 5, 5, 6, 6, 6, 7, 7, 8, 8, 8 ] 
_____________ 
14 2 8 [ 1, 1 ] 
14 3 24 [ 1, 2, 2 ] 
14 4 16 [ 1, 2, 3, 3 ] 
14 5 16 [ 1, 2, 3, 3, 3 ] 
14 6 192 [ 2, 2, 2, 2, 3, 3 ] 
14 7 18432 [ 1, 1, 1, 1, 2, 2, 2 ] 
14 8 2 [ 3, 4, 4, 4, 4, 5, 5, 5 ] 
14 9 2 [ 3, 4, 4, 4, 5, 5, 5, 6, 6 ] 
14 10 2 [ 6, 6, 6, 8, 8, 8, 9, 9, 9, 9 ] 
_____________ 
15 2 8 [ 1, 1 ] 
15 3 8 [ 1, 2, 3 ] 
15 4 8 [ 1, 3, 4, 4 ] 
15 5 192 [ 1, 1, 1, 3, 3 ] 
15 6 2 [ 3, 3, 4, 4, 5, 5 ] 
15 7 4 [ 2, 4, 4, 5, 5, 5, 6 ] 
15 8 2 [ 3, 4, 4, 5, 5, 5, 5, 5 ] 
15 9 2 [ 3, 3, 4, 5, 5, 5, 6, 6, 6 ] 
15 10 2 [ 4, 5, 5, 6, 6, 6, 6, 6, 7, 8 ] 
_____________ 
16 2 4 [ 1, 2 ] 
16 3 16 [ 1, 1, 2 ] 
16 4 16 [ 2, 2, 4, 4 ] 
16 5 8 [ 2, 3, 5, 5, 5 ] 
16 6 16 [ 1, 1, 3, 3, 3, 4 ] 
16 7 4 [ 3, 3, 4, 4, 4, 5, 5 ] 
16 8 16 [ 2, 2, 2, 3, 4, 4, 4, 5 ] 
16 9 2 [ 3, 4, 5, 5, 5, 5, 6, 6, 6 ] 
16 10 2 [ 4, 4, 4, 5, 5, 5, 5, 5, 6, 6 ] 
_____________ 
17 2 4 [ 1, 2 ] 
17 3 16 [ 1, 1, 2 ] 
17 4 8 [ 1, 3, 3, 3 ] 
17 5 32 [ 2, 2, 2, 3, 3 ] 
17 6 2 [ 3, 3, 5, 5, 6, 6 ] 
17 7 4 [ 2, 3, 4, 4, 4, 5, 5 ] 
17 8 4 [ 2, 3, 3, 3, 4, 4, 5, 5 ] 
17 9 2 [ 3, 3, 4, 4, 5, 5, 5, 5, 5 ] 
17 10 2 [ 3, 5, 6, 6, 7, 8, 8, 8, 8, 8 ] 
_____________ 
18 2 4 [ 1, 2 ] 
18 3 24 [ 1, 2, 2 ] 
18 4 16 [ 1, 2, 2, 3 ] 
18 5 8 [ 2, 2, 4, 5, 5 ] 
18 6 8 [ 2, 2, 3, 4, 4, 4 ] 
18 7 2 [ 3, 3, 4, 4, 4, 4, 5 ] 
18 8 2 [ 4, 4, 5, 5, 5, 6, 6, 6 ] 
18 9 4 [ 2, 4, 6, 6, 6, 7, 7, 7, 7 ] 
18 10 2 [ 3, 6, 6, 6, 6, 6, 7, 7, 7, 7 ] 
_____________ 
19 2 4 [ 1, 2 ] 
19 3 16 [ 1, 1, 2 ] 
19 4 32 [ 1, 1, 3, 3 ] 
19 5 16 [ 2, 3, 3, 3, 3 ] 
19 6 16 [ 2, 2, 3, 4, 4, 4 ] 
19 7 8 [ 2, 2, 3, 3, 3, 3, 4 ] 
19 8 4 [ 1, 5, 5, 6, 6, 6, 6, 7 ] 
19 9 2 [ 5, 5, 6, 6, 6, 7, 7, 7, 7 ] 
19 10 2 [ 5, 6, 6, 6, 7, 7, 7, 8, 8, 9 ] 
_____________ 
20 2 8 [ 1, 1 ] 
20 3 8 [ 1, 2, 3 ] 
20 4 96 [ 1, 1, 2, 2 ] 
20 5 16 [ 1, 3, 3, 3, 3 ] 
20 6 16 [ 2, 2, 2, 3, 3, 4 ] 
20 7 240 [ 2, 2, 2, 2, 3, 3, 3 ] 
20 8 2 [ 3, 5, 5, 5, 6, 6, 6, 6 ] 
20 9 2 [ 4, 4, 4, 4, 5, 5, 5, 5, 5 ] 
20 10 2 [ 4, 4, 6, 6, 6, 6, 6, 8, 8, 8 ] 
_____________ 
21 2 12 [ 2, 2 ] 
21 3 16 [ 1, 2, 2 ] 
21 4 96 [ 2, 2, 2, 3 ] 
21 5 48 [ 1, 2, 2, 3, 3 ] 
21 6 192 [ 1, 2, 2, 2, 2, 3 ] 
21 7 2 [ 5, 5, 5, 6, 6, 6, 6 ] 
21 8 4 [ 2, 3, 4, 5, 5, 5, 5, 6 ] 
21 9 2 [ 4, 4, 5, 5, 7, 7, 7, 7, 7 ] 
21 10 2 [ 5, 6, 6, 7, 7, 7, 7, 7, 7, 7 ] 
_____________ 
22 2 8 [ 1, 1 ] 
22 3 24 [ 1, 2, 2 ] 
22 4 96 [ 1, 1, 2, 2 ] 
22 5 8 [ 2, 3, 4, 4, 4 ] 
22 6 8 [ 3, 3, 4, 4, 4, 5 ] 
22 7 2 [ 3, 3, 4, 4, 4, 4, 5 ] 
22 8 96 [ 2, 2, 2, 2, 2, 3, 4, 5 ] 
22 9 2 [ 4, 5, 5, 6, 6, 6, 6, 6, 7 ] 
22 10 2 [ 5, 5, 5, 6, 7, 7, 7, 7, 8, 8 ] 
_____________ 
23 2 4 [ 1, 2 ] 
23 3 8 [ 1, 2, 3 ] 
23 4 16 [ 2, 2, 4, 4 ] 
23 5 32 [ 2, 2, 4, 4, 4 ] 
23 6 8 [ 3, 3, 3, 3, 4, 4 ] 
23 7 96 [ 2, 2, 2, 2, 3, 3, 4 ] 
23 8 2 [ 3, 3, 4, 4, 4, 5, 5, 5 ] 
23 9 2 [ 4, 5, 5, 6, 7, 7, 8, 8, 8 ] 
23 10 2 [ 4, 4, 6, 6, 6, 6, 6, 6, 6, 6 ] 
_____________ 
24 2 12 [ 2, 2 ] 
24 3 48 [ 1, 1, 1 ] 
24 4 384 [ 1, 1, 1, 1 ] 
24 5 32 [ 1, 4, 4, 4, 5 ] 
24 6 4 [ 2, 3, 4, 4, 4, 4 ] 
24 7 16 [ 2, 2, 2, 3, 3, 3, 4 ] 
24 8 2 [ 3, 3, 3, 3, 4, 4, 4, 5 ] 
24 9 2 [ 4, 5, 5, 6, 7, 7, 7, 7, 8 ] 
24 10 2 [ 6, 6, 7, 7, 7, 8, 9, 9, 9, 10 ] 
_____________ 
25 2 4 [ 1, 2 ] 
25 3 24 [ 1, 4, 4 ] 
25 4 96 [ 1, 3, 3, 3 ] 
25 5 768 [ 2, 2, 2, 2, 4 ] 
25 6 16 [ 2, 2, 3, 3, 3, 3 ] 
25 7 4 [ 2, 3, 4, 4, 4, 5, 5 ] 
25 8 2 [ 4, 4, 4, 4, 5, 6, 6, 6 ] 
25 9 4 [ 2, 4, 4, 4, 5, 5, 6, 6, 6 ] 
25 10 2 [ 5, 6, 7, 7, 7, 7, 7, 7, 7, 7 ] 
_____________ 
26 2 8 [ 1, 1 ] 
26 3 8 [ 1, 2, 3 ] 
26 4 96 [ 1, 1, 1, 2 ] 
26 5 4 [ 3, 4, 4, 4, 4 ] 
26 6 4 [ 2, 3, 4, 4, 5, 5 ] 
26 7 4 [ 2, 3, 3, 4, 4, 4, 4 ] 
26 8 2 [ 3, 3, 3, 3, 4, 4, 5, 5 ] 
26 9 2 [ 3, 3, 3, 3, 3, 3, 4, 4, 5 ] 
26 10 2 [ 3, 6, 7, 7, 7, 7, 8, 8, 8, 9 ] 
_____________ 
27 2 8 [ 1, 1 ] 
27 3 24 [ 1, 2, 2 ] 
27 4 32 [ 1, 2, 2, 3 ] 
27 5 64 [ 2, 3, 3, 3, 3 ] 
27 6 288 [ 2, 2, 2, 2, 2, 4 ] 
27 7 2 [ 3, 4, 4, 4, 5, 5, 5 ] 
27 8 8 [ 2, 2, 3, 3, 3, 3, 4, 4 ] 
27 9 2 [ 3, 3, 4, 4, 4, 4, 4, 4, 5 ] 
27 10 2 [ 4, 6, 6, 7, 7, 7, 7, 7, 7, 7 ] 
_____________ 
28 2 4 [ 1, 2 ] 
28 3 8 [ 1, 2, 3 ] 
28 4 384 [ 1, 1, 1, 1 ] 
28 5 576 [ 1, 1, 1, 4, 4 ] 
28 6 2 [ 3, 3, 5, 5, 5, 6 ] 
28 7 2 [ 3, 3, 4, 4, 4, 4, 4 ] 
28 8 4 [ 2, 4, 6, 6, 7, 7, 7, 7 ] 
28 9 4 [ 2, 4, 4, 4, 4, 5, 5, 5, 6 ] 
28 10 2 [ 5, 6, 6, 6, 6, 7, 7, 7, 7, 7 ] 
_____________ 
29 2 4 [ 1, 2 ] 
29 3 24 [ 1, 2, 2 ] 
29 4 96 [ 2, 2, 2, 4 ] 
29 5 4 [ 2, 3, 4, 4, 5 ] 
29 6 16 [ 1, 4, 4, 4, 5, 5 ] 
29 7 48 [ 2, 2, 2, 2, 3, 3, 4 ] 
29 8 2 [ 3, 5, 5, 5, 5, 6, 6, 6 ] 
29 9 2 [ 3, 4, 4, 5, 5, 5, 6, 6, 7 ] 
29 10 2 [ 4, 5, 5, 6, 7, 7, 7, 7, 7, 7 ] 
_____________ 
30 2 4 [ 1, 2 ] 
30 3 24 [ 1, 2, 2 ] 
30 4 96 [ 1, 1, 1, 2 ] 
30 5 384 [ 1, 1, 2, 2, 2 ] 
30 6 8 [ 1, 2, 3, 3, 4, 5 ] 
30 7 4 [ 2, 4, 4, 5, 5, 5, 6 ] 
30 8 2 [ 3, 4, 4, 4, 5, 5, 5, 5 ] 
30 9 2 [ 3, 4, 4, 4, 4, 4, 5, 5, 5 ] 
30 10 2 [ 5, 5, 6, 6, 6, 7, 7, 7, 7, 8 ] 
_____________ 
31 2 4 [ 1, 2 ] 
31 3 16 [ 1, 1, 2 ] 
31 4 96 [ 1, 1, 2, 2 ] 
31 5 16 [ 1, 3, 3, 3, 3 ] 
31 6 96 [ 4, 4, 4, 4, 4, 4 ] 
31 7 2 [ 4, 4, 5, 5, 5, 5, 5 ] 
31 8 2 [ 3, 4, 5, 6, 6, 7, 7, 7 ] 
31 9 2 [ 5, 5, 6, 6, 6, 6, 7, 7, 7 ] 
31 10 2 [ 4, 5, 5, 5, 6, 6, 6, 7, 7, 7 ] 
_____________ 
32 2 8 [ 1, 1 ] 
32 3 24 [ 1, 4, 4 ] 
32 4 96 [ 1, 1, 1, 2 ] 
32 5 4 [ 3, 4, 4, 4, 5 ] 
32 6 32 [ 2, 2, 2, 3, 4, 4 ] 
32 7 4 [ 2, 3, 3, 5, 5, 5, 5 ] 
32 8 2 [ 3, 4, 4, 6, 7, 7, 7, 7 ] 
32 9 2 [ 3, 4, 4, 4, 4, 4, 5, 5, 5 ] 
32 10 2 [ 5, 5, 5, 6, 6, 7, 7, 7, 8, 8 ] 
_____________ 
33 2 8 [ 1, 1 ] 
33 3 48 [ 1, 1, 1 ] 
33 4 96 [ 1, 1, 1, 2 ] 
33 5 4 [ 2, 3, 4, 5, 5 ] 
33 6 8 [ 2, 2, 3, 4, 4, 4 ] 
33 7 4 [ 2, 4, 6, 6, 6, 6, 6 ] 
33 8 2 [ 3, 3, 4, 4, 4, 4, 5, 5 ] 
33 9 2 [ 4, 4, 4, 6, 6, 6, 6, 6, 6 ] 
33 10 8 [ 2, 2, 3, 4, 4, 4, 5, 5, 5, 5 ] 
_____________ 
34 2 8 [ 1, 1 ] 
34 3 24 [ 1, 2, 2 ] 
34 4 32 [ 1, 4, 4, 4 ] 
34 5 16 [ 2, 2, 4, 4, 5 ] 
34 6 4 [ 2, 3, 4, 5, 5, 6 ] 
34 7 8 [ 2, 3, 3, 4, 4, 4, 5 ] 
34 8 4 [ 2, 3, 3, 4, 4, 5, 5, 6 ] 
34 9 4 [ 2, 4, 5, 5, 5, 6, 6, 6, 6 ] 
34 10 2 [ 4, 6, 7, 7, 7, 7, 7, 7, 8, 8 ] 
_____________ 
35 2 8 [ 1, 1 ] 
35 3 8 [ 1, 3, 3 ] 
35 4 8 [ 1, 2, 3, 3 ] 
35 5 16 [ 1, 4, 4, 4, 5 ] 
35 6 4 [ 1, 3, 3, 4, 4, 4 ] 
35 7 2 [ 3, 3, 4, 5, 5, 5, 5 ] 
35 8 2 [ 3, 5, 6, 6, 7, 7, 7, 8 ] 
35 9 4 [ 2, 4, 4, 4, 4, 4, 5, 6, 7 ] 
35 10 2 [ 3, 4, 4, 4, 4, 4, 4, 4, 5, 6 ] 
_____________ 
36 2 4 [ 1, 2 ] 
36 3 48 [ 1, 1, 1 ] 
36 4 384 [ 1, 1, 1, 1 ] 
36 5 16 [ 1, 2, 2, 3, 3 ] 
36 6 12 [ 2, 2, 3, 3, 4, 4 ] 
36 7 16 [ 1, 2, 3, 3, 4, 4, 4 ] 
36 8 4 [ 1, 4, 5, 5, 5, 5, 5, 5 ] 
36 9 2 [ 5, 5, 6, 6, 6, 6, 6, 7, 7 ] 
36 10 2 [ 3, 4, 4, 5, 5, 6, 6, 7, 7, 7 ] 
_____________ 
37 2 4 [ 1, 2 ] 
37 3 24 [ 1, 2, 2 ] 
37 4 1152 [ 2, 2, 2, 2 ] 
37 5 8 [ 2, 3, 4, 4, 5 ] 
37 6 2 [ 3, 4, 4, 5, 5, 5 ] 
37 7 3072 [ 2, 2, 2, 2, 2, 2, 3 ] 
37 8 2 [ 3, 6, 6, 7, 7, 8, 8, 8 ] 
37 9 2 [ 4, 4, 4, 6, 6, 6, 6, 6, 6 ] 
37 10 2 [ 4, 4, 5, 5, 6, 6, 6, 6, 7, 7 ] 
_____________ 
38 2 4 [ 1, 2 ] 
38 3 16 [ 1, 1, 2 ] 
38 4 32 [ 1, 2, 2, 3 ] 
38 5 32 [ 1, 2, 3, 3, 3 ] 
38 6 2 [ 3, 3, 3, 3, 3, 4 ] 
38 7 2 [ 4, 5, 5, 6, 7, 7, 7 ] 
38 8 2304 [ 2, 2, 2, 2, 2, 2, 3, 3 ] 
38 9 2 [ 3, 4, 4, 4, 5, 5, 5, 5, 5 ] 
38 10 2 [ 5, 6, 6, 6, 7, 7, 7, 8, 8, 8 ] 
_____________ 
39 2 8 [ 1, 1 ] 
39 3 8 [ 1, 3, 3 ] 
39 4 24 [ 1, 2, 2, 3 ] 
39 5 384 [ 1, 1, 2, 2, 2 ] 
39 6 4 [ 2, 4, 4, 5, 5, 5 ] 
39 7 4 [ 2, 3, 3, 3, 4, 4, 5 ] 
39 8 32 [ 1, 1, 2, 3, 3, 4, 4, 4 ] 
39 9 2 [ 3, 4, 4, 4, 4, 4, 5, 5, 6 ] 
39 10 2 [ 3, 3, 4, 4, 4, 4, 5, 5, 5, 6 ] 
_____________ 
40 2 8 [ 1, 1 ] 
40 3 8 [ 1, 2, 3 ] 
40 4 4 [ 1, 3, 3, 4 ] 
40 5 8 [ 2, 2, 3, 3, 3 ] 
40 6 8 [ 2, 2, 3, 3, 3, 4 ] 
40 7 4 [ 2, 4, 4, 4, 5, 5, 5 ] 
40 8 2 [ 3, 3, 5, 5, 6, 6, 7, 7 ] 
40 9 2 [ 4, 4, 4, 6, 6, 6, 6, 6, 6 ] 
40 10 2 [ 5, 5, 5, 5, 6, 6, 6, 6, 7, 7 ] 
_____________ 
41 2 4 [ 1, 2 ] 
41 3 16 [ 2, 2, 3 ] 
41 4 96 [ 1, 1, 2, 2 ] 
41 5 8 [ 2, 3, 4, 5, 5 ] 
41 6 4 [ 1, 3, 3, 4, 4, 4 ] 
41 7 4 [ 2, 3, 3, 4, 4, 4, 5 ] 
41 8 8 [ 2, 2, 3, 4, 4, 4, 4, 5 ] 
41 9 2 [ 3, 4, 4, 5, 5, 5, 6, 6, 6 ] 
41 10 2 [ 4, 4, 4, 5, 6, 6, 6, 6, 6, 7 ] 
_____________ 
42 2 4 [ 1, 2 ] 
42 3 16 [ 1, 1, 2 ] 
42 4 48 [ 1, 3, 4, 4 ] 
42 5 8 [ 1, 3, 3, 4, 4 ] 
42 6 4 [ 2, 3, 4, 5, 5, 5 ] 
42 7 4 [ 2, 3, 3, 4, 4, 4, 5 ] 
42 8 8 [ 1, 2, 3, 3, 3, 4, 5, 5 ] 
42 9 2 [ 4, 5, 6, 6, 6, 6, 7, 7, 7 ] 
42 10 2 [ 3, 4, 5, 5, 5, 5, 6, 6, 7, 7 ] 
_____________ 
43 2 4 [ 1, 2 ] 
43 3 24 [ 1, 2, 2 ] 
43 4 8 [ 1, 3, 4, 4 ] 
43 5 3840 [ 1, 1, 1, 1, 1 ] 
43 6 4 [ 2, 4, 4, 4, 4, 4 ] 
43 7 16 [ 2, 2, 3, 3, 3, 3, 4 ] 
43 8 2 [ 3, 3, 4, 4, 5, 5, 5, 5 ] 
43 9 2 [ 4, 4, 4, 5, 5, 5, 6, 6, 6 ] 
43 10 2 [ 3, 3, 4, 4, 4, 5, 5, 5, 6, 6 ] 
_____________ 
44 2 4 [ 1, 2 ] 
44 3 8 [ 1, 2, 3 ] 
44 4 96 [ 1, 1, 1, 2 ] 
44 5 96 [ 1, 2, 2, 2, 3 ] 
44 6 576 [ 1, 1, 1, 2, 2, 3 ] 
44 7 4 [ 2, 3, 4, 4, 4, 5, 5 ] 
44 8 4 [ 2, 3, 4, 4, 5, 5, 6, 6 ] 
44 9 4 [ 2, 3, 3, 4, 4, 5, 5, 6, 6 ] 
44 10 4 [ 2, 5, 6, 6, 7, 7, 7, 7, 7, 7 ] 
_____________ 
45 2 4 [ 1, 2 ] 
45 3 24 [ 1, 2, 2 ] 
45 4 8 [ 1, 3, 3, 4 ] 
45 5 4 [ 2, 3, 4, 5, 5 ] 
45 6 8 [ 2, 2, 3, 4, 4, 6 ] 
45 7 2 [ 3, 3, 3, 4, 4, 4, 4 ] 
45 8 2 [ 3, 4, 5, 5, 6, 6, 7, 7 ] 
45 9 2 [ 3, 4, 4, 5, 5, 5, 5, 5, 5 ] 
45 10 2 [ 5, 6, 6, 6, 6, 6, 7, 7, 7, 7 ] 
_____________ 
46 2 8 [ 1, 1 ] 
46 3 24 [ 1, 2, 2 ] 
46 4 8 [ 1, 2, 3, 3 ] 
46 5 384 [ 1, 1, 2, 2, 2 ] 
46 6 24 [ 2, 2, 4, 4, 4, 4 ] 
46 7 4 [ 3, 3, 4, 4, 4, 4, 4 ] 
46 8 2 [ 3, 4, 5, 5, 5, 6, 6, 6 ] 
46 9 2 [ 3, 4, 4, 4, 4, 5, 5, 6, 6 ] 
46 10 2 [ 4, 4, 5, 5, 5, 7, 7, 7, 7, 8 ] 
_____________ 
47 2 4 [ 1, 2 ] 
47 3 24 [ 1, 2, 2 ] 
47 4 8 [ 1, 3, 3, 3 ] 
47 5 192 [ 2, 2, 2, 4, 4 ] 
47 6 128 [ 1, 2, 2, 3, 3, 3 ] 
47 7 2 [ 3, 4, 4, 4, 4, 5, 5 ] 
47 8 2 [ 3, 5, 5, 6, 6, 6, 6, 6 ] 
47 9 2 [ 3, 4, 4, 4, 4, 5, 5, 5, 7 ] 
47 10 2 [ 4, 4, 4, 6, 6, 6, 6, 6, 6, 6 ] 
_____________ 
48 2 8 [ 2, 2 ] 
48 3 24 [ 1, 2, 2 ] 
48 4 8 [ 1, 3, 3, 3 ] 
48 5 16 [ 1, 2, 4, 4, 4 ] 
48 6 576 [ 1, 1, 1, 2, 2, 3 ] 
48 7 4 [ 2, 3, 3, 3, 4, 5, 5 ] 
48 8 960 [ 1, 2, 2, 2, 2, 3, 3, 3 ] 
48 9 2 [ 3, 5, 5, 5, 6, 6, 6, 6, 8 ] 
48 10 2 [ 4, 4, 4, 4, 5, 5, 5, 5, 6, 7 ] 
_____________ 
49 2 4 [ 1, 2 ] 
49 3 16 [ 2, 2, 3 ] 
49 4 96 [ 1, 2, 2, 2 ] 
49 5 4 [ 1, 4, 4, 4, 5 ] 
49 6 2 [ 3, 3, 4, 4, 4, 4 ] 
49 7 768 [ 1, 1, 1, 2, 4, 4, 5 ] 
49 8 2 [ 3, 3, 3, 4, 4, 4, 5, 5 ] 
49 9 2 [ 3, 4, 5, 5, 6, 6, 6, 6, 7 ] 
49 10 2 [ 4, 4, 4, 4, 5, 6, 6, 6, 6, 6 ] 
_____________ 
50 2 8 [ 1, 1 ] 
50 3 8 [ 1, 3, 3 ] 
50 4 8 [ 2, 2, 4, 5 ] 
50 5 96 [ 2, 2, 2, 2, 3 ] 
50 6 8 [ 2, 3, 4, 4, 4, 5 ] 
50 7 4 [ 2, 3, 3, 4, 5, 5, 5 ] 
50 8 32 [ 2, 2, 2, 3, 3, 3, 4, 4 ] 
50 9 2 [ 3, 5, 5, 5, 5, 5, 6, 6, 7 ] 
50 10 2 [ 4, 4, 4, 5, 5, 5, 5, 5, 5, 6 ] 
_____________ 
51 2 8 [ 1, 1 ] 
51 3 24 [ 1, 2, 2 ] 
51 4 24 [ 1, 2, 2, 3 ] 
51 5 576 [ 1, 1, 1, 2, 2 ] 
51 6 8 [ 1, 2, 3, 4, 4, 4 ] 
51 7 4 [ 2, 3, 4, 4, 4, 4, 5 ] 
51 8 2 [ 3, 4, 5, 5, 6, 6, 6, 6 ] 
51 9 4 [ 2, 7, 7, 8, 8, 8, 8, 8, 8 ] 
51 10 2 [ 4, 4, 5, 5, 5, 6, 6, 7, 7, 7 ] 
_____________ 
52 2 4 [ 1, 2 ] 
52 3 16 [ 1, 1, 2 ] 
52 4 16 [ 2, 2, 4, 4 ] 
52 5 96 [ 1, 1, 3, 3, 3 ] 
52 6 192 [ 1, 1, 2, 2, 2, 3 ] 
52 7 16 [ 1, 2, 3, 3, 3, 3, 3 ] 
52 8 2 [ 4, 5, 7, 7, 7, 7, 7, 7 ] 
52 9 192 [ 2, 2, 2, 3, 3, 3, 3, 3, 3 ] 
52 10 2 [ 5, 6, 6, 7, 7, 7, 7, 7, 8, 8 ] 
_____________ 
53 2 8 [ 1, 1 ] 
53 3 24 [ 1, 2, 2 ] 
53 4 32 [ 1, 4, 4, 4 ] 
53 5 24 [ 2, 2, 3, 3, 4 ] 
53 6 2 [ 3, 5, 5, 6, 6, 6 ] 
53 7 12 [ 2, 2, 3, 3, 4, 4, 5 ] 
53 8 2 [ 3, 4, 4, 4, 5, 5, 5, 5 ] 
53 9 8 [ 2, 2, 4, 5, 7, 7, 7, 7, 7 ] 
53 10 2 [ 3, 3, 5, 6, 6, 6, 7, 7, 7, 8 ] 
_____________ 
54 2 4 [ 1, 2 ] 
54 3 16 [ 1, 1, 2 ] 
54 4 32 [ 1, 2, 2, 3 ] 
54 5 64 [ 1, 1, 2, 4, 4 ] 
54 6 576 [ 2, 2, 2, 2, 2, 4 ] 
54 7 4 [ 2, 3, 3, 4, 4, 5, 5 ] 
54 8 2 [ 3, 3, 4, 5, 5, 6, 6, 6 ] 
54 9 2 [ 4, 6, 6, 6, 6, 6, 6, 6, 6 ] 
54 10 2 [ 7, 7, 7, 7, 8, 8, 8, 8, 8, 9 ] 
_____________ 
55 2 8 [ 1, 1 ] 
55 3 24 [ 1, 2, 2 ] 
55 4 96 [ 1, 3, 3, 3 ] 
55 5 24 [ 2, 2, 2, 3, 3 ] 
55 6 8 [ 2, 3, 4, 4, 5, 5 ] 
55 7 2 [ 5, 5, 6, 6, 6, 6, 6 ] 
55 8 2 [ 3, 3, 3, 4, 4, 4, 5, 5 ] 
55 9 2 [ 4, 4, 4, 5, 5, 5, 7, 7, 7 ] 
55 10 2 [ 3, 5, 5, 5, 6, 6, 6, 6, 6, 6 ] 
_____________ 
56 2 12 [ 2, 2 ] 
56 3 48 [ 1, 1, 1 ] 
56 4 32 [ 1, 1, 2, 4 ] 
56 5 48 [ 1, 2, 2, 2, 3 ] 
56 6 8 [ 2, 3, 3, 3, 3, 3 ] 
56 7 16 [ 1, 3, 3, 3, 3, 3, 4 ] 
56 8 8 [ 2, 2, 4, 4, 5, 5, 5, 5 ] 
56 9 4 [ 2, 4, 5, 5, 5, 6, 6, 6, 7 ] 
56 10 2 [ 4, 5, 6, 6, 6, 6, 6, 6, 7, 7 ] 
_____________ 
57 2 12 [ 2, 2 ] 
57 3 48 [ 1, 1, 1 ] 
57 4 96 [ 2, 2, 2, 4 ] 
57 5 3840 [ 1, 1, 1, 1, 1 ] 
57 6 8 [ 2, 4, 6, 6, 6, 6 ] 
57 7 2 [ 4, 4, 4, 5, 5, 5, 6 ] 
57 8 2 [ 4, 4, 4, 4, 6, 6, 7, 7 ] 
57 9 2 [ 3, 3, 4, 4, 4, 4, 5, 6, 6 ] 
57 10 2 [ 6, 7, 7, 8, 8, 8, 9, 9, 9, 9 ] 
_____________ 
58 2 4 [ 1, 2 ] 
58 3 8 [ 1, 2, 3 ] 
58 4 96 [ 1, 2, 2, 2 ] 
58 5 3840 [ 1, 1, 1, 1, 1 ] 
58 6 48 [ 1, 2, 2, 2, 4, 5 ] 
58 7 4 [ 2, 3, 4, 4, 5, 5, 5 ] 
58 8 16 [ 2, 3, 3, 3, 3, 3, 4, 4 ] 
58 9 4 [ 1, 4, 4, 4, 4, 4, 5, 5, 5 ] 
58 10 2 [ 5, 6, 6, 6, 6, 7, 7, 7, 7, 7 ] 
_____________ 
59 2 8 [ 1, 1 ] 
59 3 48 [ 1, 1, 1 ] 
59 4 64 [ 1, 1, 2, 2 ] 
59 5 16 [ 1, 2, 2, 3, 3 ] 
59 6 8 [ 2, 3, 4, 4, 5, 6 ] 
59 7 8 [ 2, 2, 3, 3, 3, 3, 4 ] 
59 8 2 [ 4, 4, 6, 6, 6, 7, 8, 8 ] 
59 9 16 [ 2, 2, 4, 4, 4, 4, 4, 4, 6 ] 
59 10 4 [ 2, 4, 5, 5, 5, 5, 6, 6, 6, 6 ] 
_____________ 
60 2 4 [ 1, 2 ] 
60 3 8 [ 1, 2, 3 ] 
60 4 8 [ 2, 2, 3, 4 ] 
60 5 16 [ 2, 2, 3, 3, 3 ] 
60 6 4 [ 1, 4, 4, 4, 5, 5 ] 
60 7 8 [ 2, 3, 4, 4, 4, 4, 5 ] 
60 8 4 [ 2, 3, 3, 4, 4, 4, 4, 5 ] 
60 9 2 [ 4, 5, 5, 6, 6, 7, 7, 7, 7 ] 
60 10 2 [ 4, 4, 5, 6, 6, 6, 6, 7, 7, 7 ] 
_____________ 
61 2 12 [ 2, 2 ] 
61 3 8 [ 1, 2, 3 ] 
61 4 96 [ 1, 2, 2, 2 ] 
61 5 48 [ 2, 2, 2, 4, 4 ] 
61 6 384 [ 1, 2, 2, 2, 2, 3 ] 
61 7 2 [ 4, 4, 4, 5, 5, 5, 5 ] 
61 8 2 [ 3, 3, 4, 4, 6, 6, 6, 6 ] 
61 9 2 [ 4, 6, 6, 6, 7, 7, 7, 8, 8 ] 
61 10 2 [ 4, 4, 5, 5, 5, 5, 5, 6, 6, 6 ] 
_____________ 
62 2 4 [ 1, 2 ] 
62 3 48 [ 1, 1, 1 ] 
62 4 96 [ 2, 2, 2, 2 ] 
62 5 32 [ 2, 2, 2, 3, 3 ] 
62 6 2 [ 3, 3, 3, 4, 5, 5 ] 
62 7 4 [ 3, 4, 4, 5, 6, 7, 7 ] 
62 8 4 [ 2, 4, 5, 5, 6, 6, 7, 7 ] 
62 9 2 [ 4, 4, 4, 5, 5, 5, 5, 5, 5 ] 
62 10 2 [ 3, 5, 5, 6, 6, 6, 6, 6, 6, 7 ] 
_____________ 
63 2 4 [ 1, 2 ] 
63 3 8 [ 1, 2, 3 ] 
63 4 96 [ 1, 1, 1, 2 ] 
63 5 16 [ 1, 3, 4, 4, 4 ] 
63 6 2880 [ 2, 2, 2, 2, 2, 2 ] 
63 7 4 [ 1, 4, 4, 5, 5, 6, 6 ] 
63 8 2 [ 3, 4, 4, 5, 5, 5, 5, 5 ] 
63 9 4 [ 2, 3, 3, 3, 4, 4, 4, 5, 5 ] 
63 10 2 [ 5, 5, 6, 7, 7, 8, 8, 8, 8, 8 ] 
_____________ 
64 2 4 [ 1, 2 ] 
64 3 16 [ 1, 1, 2 ] 
64 4 16 [ 2, 2, 4, 4 ] 
64 5 48 [ 1, 2, 2, 2, 3 ] 
64 6 8 [ 2, 3, 3, 4, 5, 5 ] 
64 7 64 [ 1, 2, 2, 2, 3, 3, 4 ] 
64 8 2 [ 3, 3, 4, 4, 4, 5, 5, 5 ] 
64 9 2 [ 3, 5, 5, 6, 6, 6, 6, 7, 7 ] 
64 10 2 [ 5, 6, 6, 6, 6, 7, 7, 7, 7, 7 ] 
_____________ 
65 2 4 [ 1, 2 ] 
65 3 24 [ 1, 2, 2 ] 
65 4 24 [ 2, 2, 2, 3 ] 
65 5 768 [ 1, 1, 1, 1, 2 ] 
65 6 4 [ 2, 3, 4, 4, 4, 5 ] 
65 7 4 [ 2, 4, 4, 5, 5, 5, 6 ] 
65 8 4 [ 2, 3, 7, 7, 7, 8, 8, 8 ] 
65 9 2 [ 3, 3, 3, 3, 4, 4, 5, 5, 5 ] 
65 10 2 [ 4, 5, 5, 5, 6, 6, 7, 7, 7, 7 ] 
_____________ 
66 2 4 [ 1, 2 ] 
66 3 8 [ 1, 2, 3 ] 
66 4 96 [ 1, 3, 3, 3 ] 
66 5 32 [ 1, 3, 4, 4, 4 ] 
66 6 8 [ 2, 3, 3, 3, 4, 4 ] 
66 7 2 [ 3, 4, 4, 6, 6, 7, 7 ] 
66 8 2 [ 3, 5, 5, 5, 6, 6, 7, 7 ] 
66 9 4 [ 2, 3, 3, 4, 4, 4, 4, 4, 5 ] 
66 10 2 [ 4, 4, 5, 6, 6, 6, 6, 6, 7, 8 ] 
_____________ 
67 2 4 [ 1, 2 ] 
67 3 8 [ 1, 3, 3 ] 
67 4 48 [ 1, 2, 2, 2 ] 
67 5 4 [ 2, 3, 4, 5, 5 ] 
67 6 24 [ 2, 2, 2, 3, 3, 4 ] 
67 7 4 [ 2, 3, 3, 3, 4, 4, 5 ] 
67 8 4 [ 2, 4, 4, 4, 4, 4, 4, 4 ] 
67 9 2 [ 3, 3, 3, 4, 4, 4, 5, 5, 6 ] 
67 10 2 [ 4, 4, 4, 5, 5, 5, 5, 5, 5, 6 ] 
_____________ 
68 2 8 [ 1, 1 ] 
68 3 48 [ 1, 1, 1 ] 
68 4 96 [ 2, 2, 2, 3 ] 
68 5 96 [ 1, 2, 2, 2, 3 ] 
68 6 2 [ 3, 4, 5, 5, 5, 6 ] 
68 7 2304 [ 1, 2, 2, 2, 2, 2, 2 ] 
68 8 4 [ 2, 3, 3, 3, 3, 3, 4, 4 ] 
68 9 2 [ 3, 4, 5, 5, 5, 6, 6, 6, 6 ] 
68 10 2 [ 3, 5, 5, 5, 5, 6, 6, 6, 6, 6 ] 
_____________ 
69 2 4 [ 1, 2 ] 
69 3 24 [ 1, 2, 2 ] 
69 4 32 [ 1, 2, 2, 3 ] 
69 5 64 [ 2, 2, 3, 3, 5 ] 
69 6 4 [ 3, 3, 3, 3, 3, 4 ] 
69 7 24 [ 1, 3, 3, 3, 3, 3, 4 ] 
69 8 2 [ 4, 4, 4, 4, 4, 6, 6, 6 ] 
69 9 2 [ 4, 4, 4, 4, 5, 5, 5, 5, 6 ] 
69 10 2 [ 5, 5, 5, 6, 6, 6, 6, 7, 7, 7 ] 
_____________ 
70 2 8 [ 1, 1 ] 
70 3 24 [ 1, 4, 4 ] 
70 4 384 [ 1, 1, 1, 1 ] 
70 5 384 [ 1, 1, 1, 2, 2 ] 
70 6 2 [ 3, 3, 3, 4, 4, 5 ] 
70 7 2 [ 4, 5, 5, 6, 6, 6, 7 ] 
70 8 192 [ 1, 2, 2, 3, 3, 3, 3, 3 ] 
70 9 2 [ 3, 4, 4, 6, 6, 7, 7, 7, 8 ] 
70 10 2 [ 3, 4, 5, 6, 6, 6, 7, 7, 8, 8 ] 
_____________ 
71 2 8 [ 1, 1 ] 
71 3 16 [ 1, 1, 2 ] 
71 4 8 [ 1, 3, 4, 4 ] 
71 5 384 [ 1, 1, 2, 2, 2 ] 
71 6 384 [ 1, 1, 1, 2, 4, 4 ] 
71 7 4 [ 2, 4, 4, 4, 6, 6, 6 ] 
71 8 8 [ 2, 3, 3, 3, 3, 3, 4, 4 ] 
71 9 2 [ 4, 4, 4, 4, 5, 5, 5, 6, 7 ] 
71 10 2 [ 4, 6, 6, 7, 7, 8, 8, 8, 8, 8 ] 
_____________ 
72 2 8 [ 1, 1 ] 
72 3 48 [ 1, 1, 1 ] 
72 4 96 [ 1, 1, 1, 2 ] 
72 5 4 [ 2, 3, 3, 4, 4 ] 
72 6 4 [ 3, 4, 5, 5, 5, 5 ] 
72 7 4 [ 2, 3, 3, 4, 4, 5, 5 ] 
72 8 2 [ 6, 6, 7, 7, 7, 8, 8, 9 ] 
72 9 2 [ 4, 5, 6, 6, 6, 6, 6, 7, 7 ] 
72 10 2 [ 3, 5, 5, 5, 5, 6, 6, 6, 6, 7 ] 
_____________ 
73 2 8 [ 1, 1 ] 
73 3 24 [ 1, 2, 2 ] 
73 4 96 [ 1, 2, 2, 2 ] 
73 5 16 [ 1, 2, 3, 3, 3 ] 
73 6 2 [ 3, 3, 3, 3, 4, 4 ] 
73 7 4 [ 3, 3, 3, 3, 3, 3, 3 ] 
73 8 4 [ 2, 4, 4, 5, 6, 6, 6, 6 ] 
73 9 4 [ 2, 5, 6, 7, 8, 8, 8, 8, 8 ] 
73 10 2 [ 3, 3, 3, 4, 5, 5, 5, 5, 5, 5 ] 
_____________ 
74 2 4 [ 1, 2 ] 
74 3 16 [ 1, 1, 2 ] 
74 4 8 [ 2, 2, 3, 4 ] 
74 5 8 [ 2, 2, 3, 4, 5 ] 
74 6 4 [ 2, 3, 4, 4, 5, 5 ] 
74 7 32 [ 2, 2, 2, 3, 3, 3, 5 ] 
74 8 2 [ 5, 6, 6, 7, 7, 7, 7, 7 ] 
74 9 4 [ 2, 4, 4, 4, 6, 6, 6, 6, 7 ] 
74 10 2 [ 5, 5, 5, 5, 6, 6, 6, 6, 6, 6 ] 
_____________ 
75 2 8 [ 1, 1 ] 
75 3 48 [ 1, 1, 1 ] 
75 4 64 [ 1, 1, 2, 2 ] 
75 5 4 [ 2, 3, 4, 4, 4 ] 
75 6 384 [ 1, 1, 1, 2, 3, 3 ] 
75 7 4 [ 2, 4, 4, 4, 5, 5, 6 ] 
75 8 4 [ 2, 5, 7, 7, 7, 7, 7, 7 ] 
75 9 2 [ 6, 6, 8, 8, 8, 8, 8, 8, 8 ] 
75 10 4 [ 2, 7, 7, 9, 9, 9, 9, 9, 9, 9 ] 
_____________ 
76 2 8 [ 1, 1 ] 
76 3 16 [ 1, 1, 2 ] 
76 4 8 [ 1, 2, 3, 3 ] 
76 5 32 [ 1, 1, 2, 3, 4 ] 
76 6 384 [ 1, 3, 3, 4, 4, 4 ] 
76 7 8 [ 2, 3, 3, 3, 4, 4, 4 ] 
76 8 4 [ 2, 3, 3, 4, 4, 4, 5, 5 ] 
76 9 4 [ 2, 4, 4, 5, 6, 6, 7, 7, 7 ] 
76 10 2 [ 3, 3, 4, 5, 5, 5, 5, 5, 5, 5 ] 
_____________ 
77 2 4 [ 1, 2 ] 
77 3 48 [ 1, 1, 1 ] 
77 4 384 [ 1, 1, 1, 1 ] 
77 5 96 [ 2, 2, 2, 2, 4 ] 
77 6 4 [ 2, 3, 3, 4, 4, 4 ] 
77 7 4 [ 1, 4, 4, 4, 4, 5, 5 ] 
77 8 2 [ 4, 4, 4, 5, 6, 6, 6, 6 ] 
77 9 4 [ 2, 4, 6, 6, 6, 6, 7, 7, 8 ] 
77 10 2 [ 5, 6, 6, 7, 7, 7, 7, 7, 7, 7 ] 
_____________ 
78 2 4 [ 1, 2 ] 
78 3 16 [ 1, 2, 2 ] 
78 4 32 [ 1, 1, 2, 3 ] 
78 5 16 [ 1, 2, 4, 4, 5 ] 
78 6 4 [ 2, 3, 4, 4, 4, 4 ] 
78 7 12 [ 3, 3, 3, 3, 3, 4, 4 ] 
78 8 4 [ 2, 4, 4, 4, 5, 5, 5, 5 ] 
78 9 2 [ 4, 4, 4, 6, 6, 6, 6, 6, 6 ] 
78 10 2 [ 4, 4, 4, 5, 5, 5, 6, 6, 7, 7 ] 
_____________ 
79 2 4 [ 1, 2 ] 
79 3 16 [ 1, 1, 2 ] 
79 4 96 [ 1, 2, 2, 2 ] 
79 5 192 [ 1, 1, 1, 3, 3 ] 
79 6 2 [ 3, 3, 4, 5, 5, 5 ] 
79 7 8 [ 2, 3, 5, 5, 5, 5, 5 ] 
79 8 2 [ 3, 3, 4, 5, 5, 5, 5, 6 ] 
79 9 2 [ 3, 5, 5, 5, 5, 6, 6, 6, 6 ] 
79 10 2 [ 6, 6, 7, 7, 7, 7, 8, 9, 9, 9 ] 
_____________ 
80 2 4 [ 1, 2 ] 
80 3 8 [ 1, 2, 3 ] 
80 4 24 [ 1, 2, 2, 3 ] 
80 5 8 [ 1, 3, 4, 4, 4 ] 
80 6 8 [ 2, 2, 4, 4, 5, 6 ] 
80 7 2 [ 4, 4, 4, 5, 5, 6, 7 ] 
80 8 2 [ 4, 4, 4, 6, 6, 6, 6, 6 ] 
80 9 8 [ 2, 2, 3, 3, 3, 4, 4, 4, 5 ] 
80 10 2 [ 4, 4, 5, 6, 6, 6, 6, 6, 7, 7 ] 
_____________ 
81 2 4 [ 1, 2 ] 
81 3 48 [ 1, 1, 1 ] 
81 4 8 [ 2, 2, 3, 3 ] 
81 5 16 [ 2, 3, 4, 4, 4 ] 
81 6 2304 [ 1, 1, 1, 2, 2, 2 ] 
81 7 4 [ 2, 4, 4, 4, 4, 4, 6 ] 
81 8 24 [ 2, 2, 2, 3, 3, 3, 3, 3 ] 
81 9 2 [ 4, 5, 5, 7, 7, 7, 7, 8, 8 ] 
81 10 2 [ 3, 5, 5, 6, 6, 6, 6, 7, 7, 7 ] 
_____________ 
82 2 8 [ 1, 1 ] 
82 3 16 [ 1, 1, 2 ] 
82 4 16 [ 1, 3, 3, 4 ] 
82 5 48 [ 1, 2, 2, 3, 3 ] 
82 6 48 [ 2, 2, 2, 3, 3, 4 ] 
82 7 16 [ 2, 2, 3, 4, 4, 4, 5 ] 
82 8 2 [ 3, 3, 4, 4, 4, 5, 5, 5 ] 
82 9 2 [ 4, 5, 5, 5, 6, 6, 7, 7, 7 ] 
82 10 2 [ 4, 4, 4, 4, 5, 5, 5, 6, 7, 7 ] 
_____________ 
83 2 8 [ 2, 2 ] 
83 3 16 [ 1, 1, 2 ] 
83 4 96 [ 1, 2, 2, 2 ] 
83 5 32 [ 1, 2, 3, 3, 3 ] 
83 6 48 [ 1, 2, 4, 4, 4, 5 ] 
83 7 4 [ 2, 3, 5, 5, 5, 5, 6 ] 
83 8 2 [ 4, 4, 5, 5, 5, 5, 6, 6 ] 
83 9 4 [ 2, 3, 4, 4, 4, 5, 5, 5, 6 ] 
83 10 2 [ 3, 4, 6, 6, 7, 7, 7, 7, 8, 8 ] 
_____________ 
84 2 4 [ 1, 2 ] 
84 3 16 [ 1, 2, 2 ] 
84 4 8 [ 1, 4, 4, 5 ] 
84 5 4 [ 2, 3, 3, 4, 4 ] 
84 6 4 [ 2, 3, 3, 4, 5, 5 ] 
84 7 2 [ 3, 3, 4, 5, 5, 5, 5 ] 
84 8 4 [ 2, 3, 4, 4, 5, 5, 6, 7 ] 
84 9 2 [ 4, 5, 7, 7, 7, 7, 7, 7, 8 ] 
84 10 2 [ 4, 4, 5, 5, 5, 5, 5, 6, 7, 7 ] 
_____________ 
85 2 4 [ 1, 2 ] 
85 3 8 [ 1, 2, 3 ] 
85 4 16 [ 1, 2, 3, 3 ] 
85 5 96 [ 2, 2, 2, 2, 4 ] 
85 6 8 [ 2, 3, 3, 3, 4, 4 ] 
85 7 4 [ 2, 4, 4, 4, 6, 6, 6 ] 
85 8 24 [ 2, 2, 3, 3, 3, 3, 3, 4 ] 
85 9 2 [ 5, 5, 5, 5, 5, 5, 6, 6, 6 ] 
85 10 2 [ 4, 5, 5, 6, 6, 6, 6, 7, 7, 7 ] 
_____________ 
86 2 8 [ 2, 2 ] 
86 3 24 [ 1, 4, 4 ] 
86 4 8 [ 2, 3, 5, 5 ] 
86 5 32 [ 1, 3, 3, 4, 4 ] 
86 6 4 [ 1, 4, 5, 5, 6, 6 ] 
86 7 64 [ 1, 1, 2, 3, 3, 3, 4 ] 
86 8 4 [ 2, 3, 3, 3, 4, 4, 5, 5 ] 
86 9 2 [ 3, 4, 4, 4, 5, 5, 5, 5, 6 ] 
86 10 2 [ 3, 4, 5, 5, 6, 6, 7, 7, 7, 8 ] 
_____________ 
87 2 4 [ 1, 2 ] 
87 3 48 [ 1, 1, 1 ] 
87 4 24 [ 2, 2, 2, 3 ] 
87 5 96 [ 1, 2, 2, 2, 3 ] 
87 6 8 [ 1, 3, 4, 4, 4, 5 ] 
87 7 2 [ 4, 4, 4, 4, 6, 6, 6 ] 
87 8 4 [ 4, 4, 4, 4, 4, 4, 5, 6 ] 
87 9 4 [ 2, 5, 5, 5, 6, 6, 6, 6, 6 ] 
87 10 2 [ 4, 5, 5, 6, 6, 6, 7, 7, 7, 7 ] 
_____________ 
88 2 8 [ 1, 1 ] 
88 3 16 [ 1, 1, 2 ] 
88 4 64 [ 1, 1, 2, 2 ] 
88 5 32 [ 2, 2, 2, 3, 3 ] 
88 6 48 [ 1, 2, 4, 4, 4, 5 ] 
88 7 2 [ 3, 3, 3, 4, 4, 4, 4 ] 
88 8 8 [ 2, 2, 3, 3, 4, 4, 4, 4 ] 
88 9 2 [ 4, 5, 5, 5, 5, 5, 6, 6, 6 ] 
88 10 2 [ 5, 5, 5, 6, 6, 6, 6, 6, 6, 6 ] 
_____________ 
89 2 4 [ 1, 2 ] 
89 3 24 [ 1, 2, 2 ] 
89 4 96 [ 1, 3, 3, 4 ] 
89 5 192 [ 1, 2, 2, 2, 3 ] 
89 6 2 [ 3, 3, 3, 4, 4, 5 ] 
89 7 4 [ 1, 5, 5, 5, 6, 6, 7 ] 
89 8 9216 [ 1, 1, 1, 2, 3, 3, 3, 3 ] 
89 9 2 [ 4, 6, 6, 7, 7, 8, 8, 8, 8 ] 
89 10 2 [ 4, 6, 6, 6, 8, 8, 8, 8, 8, 8 ] 
_____________ 
90 2 8 [ 1, 1 ] 
90 3 48 [ 1, 1, 1 ] 
90 4 8 [ 2, 3, 3, 3 ] 
90 5 3840 [ 2, 2, 2, 2, 2 ] 
90 6 4 [ 2, 3, 4, 4, 5, 5 ] 
90 7 2 [ 3, 4, 4, 5, 5, 5, 5 ] 
90 8 2 [ 3, 4, 4, 4, 4, 5, 5, 5 ] 
90 9 2 [ 3, 3, 4, 5, 5, 5, 5, 5, 5 ] 
90 10 2 [ 4, 5, 5, 5, 5, 5, 5, 5, 6, 6 ] 
_____________ 
91 2 4 [ 1, 2 ] 
91 3 16 [ 1, 2, 2 ] 
91 4 8 [ 1, 2, 3, 3 ] 
91 5 576 [ 1, 1, 1, 2, 2 ] 
91 6 16 [ 1, 4, 4, 4, 4, 5 ] 
91 7 4 [ 1, 3, 3, 3, 3, 3, 4 ] 
91 8 2 [ 3, 4, 5, 6, 6, 6, 6, 6 ] 
91 9 4 [ 2, 3, 3, 3, 4, 4, 4, 5, 5 ] 
91 10 2 [ 5, 6, 6, 6, 6, 6, 6, 6, 7, 7 ] 
_____________ 
92 2 8 [ 1, 1 ] 
92 3 48 [ 1, 1, 1 ] 
92 4 96 [ 1, 1, 1, 2 ] 
92 5 384 [ 1, 1, 2, 2, 2 ] 
92 6 16 [ 2, 3, 3, 4, 4, 4 ] 
92 7 2 [ 3, 3, 3, 4, 4, 4, 4 ] 
92 8 2 [ 3, 5, 5, 5, 5, 5, 6, 6 ] 
92 9 2 [ 4, 4, 5, 5, 5, 5, 6, 6, 6 ] 
92 10 2 [ 3, 4, 4, 5, 5, 5, 6, 6, 6, 6 ] 
_____________ 
93 2 4 [ 1, 2 ] 
93 3 8 [ 1, 2, 3 ] 
93 4 8 [ 1, 2, 3, 3 ] 
93 5 64 [ 1, 3, 3, 3, 4 ] 
93 6 2 [ 3, 3, 4, 4, 4, 5 ] 
93 7 4 [ 2, 3, 3, 4, 4, 4, 6 ] 
93 8 2 [ 3, 4, 4, 5, 5, 5, 5, 5 ] 
93 9 2 [ 4, 5, 5, 6, 6, 6, 6, 7, 7 ] 
93 10 2 [ 7, 7, 8, 8, 8, 8, 9, 9, 9, 10 ] 
_____________ 
94 2 8 [ 1, 1 ] 
94 3 24 [ 1, 2, 2 ] 
94 4 8 [ 1, 2, 3, 3 ] 
94 5 4 [ 2, 3, 3, 4, 5 ] 
94 6 16 [ 1, 3, 3, 4, 4, 4 ] 
94 7 8 [ 2, 2, 3, 3, 3, 4, 4 ] 
94 8 2 [ 3, 4, 5, 6, 6, 7, 7, 7 ] 
94 9 2 [ 4, 4, 5, 5, 6, 6, 6, 6, 7 ] 
94 10 2 [ 4, 4, 4, 4, 5, 5, 6, 6, 6, 7 ] 
_____________ 
95 2 4 [ 1, 2 ] 
95 3 24 [ 1, 4, 4 ] 
95 4 1152 [ 2, 2, 2, 2 ] 
95 5 2 [ 3, 3, 4, 4, 5 ] 
95 6 8 [ 2, 4, 4, 5, 5, 6 ] 
95 7 16 [ 2, 2, 3, 3, 3, 4, 4 ] 
95 8 2 [ 6, 6, 6, 8, 8, 8, 8, 8 ] 
95 9 2 [ 3, 5, 5, 5, 5, 6, 6, 6, 6 ] 
95 10 4 [ 2, 6, 6, 7, 7, 7, 8, 8, 8, 8 ] 
_____________ 
96 2 4 [ 1, 2 ] 
96 3 24 [ 1, 2, 2 ] 
96 4 32 [ 1, 2, 2, 3 ] 
96 5 96 [ 2, 2, 2, 3, 3 ] 
96 6 64 [ 2, 2, 2, 3, 3, 3 ] 
96 7 16 [ 1, 2, 2, 3, 3, 3, 3 ] 
96 8 2 [ 3, 3, 4, 5, 5, 5, 5, 5 ] 
96 9 4 [ 2, 4, 4, 4, 4, 4, 4, 4, 4 ] 
96 10 2 [ 3, 5, 5, 5, 6, 6, 6, 6, 6, 7 ] 
_____________ 
97 2 4 [ 1, 2 ] 
97 3 8 [ 1, 3, 3 ] 
97 4 24 [ 1, 3, 3, 3 ] 
97 5 16 [ 1, 4, 4, 4, 4 ] 
97 6 192 [ 2, 2, 2, 3, 3, 3 ] 
97 7 2 [ 3, 3, 4, 4, 4, 4, 4 ] 
97 8 2 [ 4, 5, 5, 5, 6, 6, 6, 6 ] 
97 9 2 [ 4, 5, 5, 6, 6, 6, 6, 7, 7 ] 
97 10 2 [ 6, 6, 6, 7, 7, 7, 7, 7, 8, 8 ] 
_____________ 
98 2 12 [ 2, 2 ] 
98 3 16 [ 1, 1, 2 ] 
98 4 24 [ 1, 3, 3, 3 ] 
98 5 128 [ 1, 1, 2, 2, 3 ] 
98 6 32 [ 2, 2, 2, 4, 4, 4 ] 
98 7 2 [ 4, 4, 4, 4, 4, 4, 6 ] 
98 8 16 [ 2, 2, 3, 3, 3, 3, 4, 4 ] 
98 9 2 [ 5, 5, 5, 5, 6, 6, 6, 6, 6 ] 
98 10 2 [ 4, 4, 4, 4, 4, 5, 5, 5, 5, 5 ] 
_____________ 
99 2 4 [ 1, 2 ] 
99 3 8 [ 1, 2, 3 ] 
99 4 8 [ 2, 2, 3, 3 ] 
99 5 16 [ 1, 2, 3, 3, 3 ] 
99 6 4 [ 2, 3, 5, 5, 5, 5 ] 
99 7 8 [ 1, 2, 4, 4, 4, 4, 5 ] 
99 8 4 [ 2, 3, 5, 5, 5, 5, 5, 6 ] 
99 9 2 [ 3, 3, 4, 4, 4, 4, 5, 5, 5 ] 
99 10 2 [ 5, 5, 5, 5, 6, 6, 6, 6, 7, 7 ] 
_____________ 
100 2 4 [ 1, 2 ] 
100 3 24 [ 1, 2, 2 ] 
100 4 32 [ 1, 1, 2, 3 ] 
100 5 8 [ 2, 3, 3, 4, 4 ] 
100 6 16 [ 2, 2, 4, 4, 5, 5 ] 
100 7 256 [ 2, 2, 2, 2, 4, 5, 5 ] 
100 8 2 [ 3, 4, 5, 5, 6, 6, 6, 6 ] 
100 9 2 [ 3, 4, 4, 5, 5, 6, 6, 6, 7 ] 
100 10 2 [ 4, 5, 5, 6, 6, 6, 6, 7, 7, 7 ] 
_____________ 
101 2 4 [ 1, 2 ] 
101 3 16 [ 1, 2, 2 ] 
101 4 8 [ 1, 2, 3, 3 ] 
101 5 8 [ 2, 2, 4, 5, 5 ] 
101 6 48 [ 1, 2, 2, 2, 3, 3 ] 
101 7 2 [ 3, 3, 3, 4, 5, 5, 5 ] 
101 8 4 [ 2, 3, 3, 4, 4, 4, 4, 5 ] 
101 9 8 [ 2, 3, 3, 3, 3, 3, 4, 4, 5 ] 
101 10 2 [ 4, 5, 5, 5, 7, 7, 7, 8, 8, 8 ] 
_____________ 
102 2 4 [ 1, 2 ] 
102 3 24 [ 1, 4, 4 ] 
102 4 384 [ 1, 1, 1, 1 ] 
102 5 12 [ 2, 2, 3, 3, 3 ] 
102 6 4 [ 2, 3, 3, 4, 5, 5 ] 
102 7 4 [ 3, 3, 3, 3, 3, 3, 4 ] 
102 8 4 [ 2, 4, 5, 5, 6, 6, 6, 6 ] 
102 9 2 [ 4, 5, 6, 6, 6, 6, 7, 7, 7 ] 
102 10 4 [ 2, 4, 8, 8, 8, 8, 8, 8, 8, 8 ] 
_____________ 
103 2 12 [ 2, 2 ] 
103 3 16 [ 1, 2, 2 ] 
103 4 96 [ 1, 2, 2, 2 ] 
103 5 24 [ 2, 2, 2, 3, 3 ] 
103 6 4 [ 2, 4, 5, 5, 5, 5 ] 
103 7 8 [ 2, 4, 4, 4, 4, 4, 5 ] 
103 8 2 [ 3, 3, 4, 4, 4, 5, 5, 5 ] 
103 9 2 [ 3, 3, 4, 5, 5, 6, 6, 7, 7 ] 
103 10 8 [ 1, 2, 3, 3, 4, 4, 4, 4, 5, 6 ] 
_____________ 
104 2 8 [ 1, 1 ] 
104 3 8 [ 1, 2, 3 ] 
104 4 8 [ 2, 2, 3, 3 ] 
104 5 4 [ 2, 3, 3, 4, 4 ] 
104 6 4 [ 2, 3, 3, 4, 5, 5 ] 
104 7 2 [ 3, 3, 3, 4, 4, 4, 5 ] 
104 8 4 [ 2, 3, 3, 4, 4, 4, 5, 6 ] 
104 9 2 [ 4, 5, 6, 6, 7, 7, 7, 7, 7 ] 
104 10 2 [ 4, 5, 5, 6, 7, 7, 7, 7, 7, 7 ] 
_____________ 
105 2 4 [ 1, 2 ] 
105 3 16 [ 1, 2, 2 ] 
105 4 16 [ 1, 2, 3, 3 ] 
105 5 48 [ 1, 2, 2, 2, 3 ] 
105 6 12 [ 2, 2, 3, 3, 3, 4 ] 
105 7 4 [ 2, 3, 3, 5, 5, 5, 5 ] 
105 8 2 [ 3, 3, 4, 5, 5, 5, 6, 6 ] 
105 9 2 [ 3, 3, 3, 4, 5, 5, 5, 6, 7 ] 
105 10 4 [ 2, 3, 3, 3, 4, 4, 4, 4, 4, 6 ] 
_____________ 
106 2 4 [ 1, 2 ] 
106 3 48 [ 1, 1, 1 ] 
106 4 24 [ 1, 3, 3, 3 ] 
106 5 16 [ 1, 2, 3, 3, 3 ] 
106 6 768 [ 1, 1, 1, 2, 2, 3 ] 
106 7 12 [ 2, 2, 3, 4, 5, 5, 5 ] 
106 8 8 [ 2, 2, 4, 6, 6, 6, 6, 6 ] 
106 9 4 [ 2, 4, 4, 4, 4, 5, 5, 5, 6 ] 
106 10 2 [ 5, 5, 5, 5, 6, 6, 6, 6, 7, 7 ] 
_____________ 
107 2 4 [ 1, 2 ] 
107 3 8 [ 1, 2, 3 ] 
107 4 32 [ 1, 2, 2, 3 ] 
107 5 32 [ 1, 1, 3, 4, 4 ] 
107 6 24 [ 2, 2, 2, 3, 3, 4 ] 
107 7 192 [ 2, 2, 2, 2, 4, 4, 4 ] 
107 8 2 [ 3, 3, 4, 4, 5, 5, 5, 6 ] 
107 9 2 [ 3, 3, 4, 4, 4, 5, 6, 6, 6 ] 
107 10 2 [ 3, 4, 5, 5, 5, 6, 6, 6, 6, 6 ] 
_____________ 
108 2 8 [ 1, 1 ] 
108 3 24 [ 1, 2, 2 ] 
108 4 32 [ 1, 2, 2, 3 ] 
108 5 16 [ 1, 2, 2, 3, 3 ] 
108 6 2 [ 3, 3, 3, 4, 4, 5 ] 
108 7 2 [ 3, 3, 5, 5, 5, 5, 6 ] 
108 8 4 [ 2, 3, 3, 4, 4, 5, 5, 5 ] 
108 9 2 [ 5, 5, 5, 6, 6, 6, 7, 7, 7 ] 
108 10 2 [ 3, 6, 6, 6, 6, 6, 7, 7, 7, 7 ] 
_____________ 
109 2 8 [ 1, 1 ] 
109 3 24 [ 1, 2, 2 ] 
109 4 24 [ 1, 2, 2, 3 ] 
109 5 32 [ 1, 1, 2, 3, 3 ] 
109 6 48 [ 2, 2, 3, 3, 5, 5 ] 
109 7 2 [ 3, 4, 4, 5, 6, 6, 6 ] 
109 8 2 [ 3, 3, 3, 4, 5, 5, 5, 5 ] 
109 9 2 [ 3, 3, 3, 3, 4, 4, 4, 5, 5 ] 
109 10 2 [ 5, 5, 5, 5, 6, 6, 6, 6, 6, 7 ] 
_____________ 
110 2 4 [ 1, 2 ] 
110 3 16 [ 1, 1, 2 ] 
110 4 96 [ 2, 2, 2, 3 ] 
110 5 16 [ 1, 4, 4, 5, 5 ] 
110 6 768 [ 1, 1, 1, 2, 2, 3 ] 
110 7 4 [ 2, 4, 5, 5, 5, 6, 6 ] 
110 8 2 [ 3, 4, 4, 5, 5, 5, 5, 5 ] 
110 9 2 [ 6, 6, 6, 6, 6, 7, 7, 7, 7 ] 
110 10 2 [ 4, 5, 6, 6, 7, 7, 7, 7, 7, 8 ] 
_____________ 
111 2 8 [ 1, 1 ] 
111 3 48 [ 1, 1, 1 ] 
111 4 96 [ 1, 1, 2, 2 ] 
111 5 4 [ 2, 3, 4, 4, 5 ] 
111 6 12 [ 3, 3, 3, 3, 4, 4 ] 
111 7 4 [ 2, 3, 3, 3, 3, 4, 4 ] 
111 8 2 [ 3, 3, 4, 4, 4, 4, 4, 4 ] 
111 9 2 [ 3, 4, 4, 4, 4, 4, 4, 5, 5 ] 
111 10 2 [ 3, 3, 3, 3, 4, 5, 5, 6, 6, 7 ] 
_____________ 
112 2 8 [ 1, 1 ] 
112 3 48 [ 1, 1, 1 ] 
112 4 32 [ 1, 4, 4, 4 ] 
112 5 32 [ 1, 1, 3, 3, 4 ] 
112 6 48 [ 2, 2, 2, 3, 4, 4 ] 
112 7 2 [ 3, 3, 4, 5, 5, 5, 6 ] 
112 8 4 [ 2, 3, 5, 5, 5, 5, 5, 5 ] 
112 9 8 [ 2, 3, 3, 3, 3, 3, 3, 3, 4 ] 
112 10 2 [ 4, 6, 6, 6, 6, 6, 6, 6, 6, 6 ] 
_____________ 
113 2 4 [ 1, 2 ] 
113 3 16 [ 1, 1, 2 ] 
113 4 384 [ 1, 1, 1, 1 ] 
113 5 16 [ 1, 2, 2, 4, 4 ] 
113 6 4 [ 2, 3, 4, 4, 5, 5 ] 
113 7 4 [ 2, 3, 4, 4, 4, 5, 5 ] 
113 8 4 [ 2, 3, 4, 5, 5, 5, 5, 5 ] 
113 9 2 [ 3, 4, 5, 5, 6, 6, 6, 6, 6 ] 
113 10 2 [ 3, 4, 6, 6, 6, 6, 6, 7, 7, 7 ] 
_____________ 
114 2 4 [ 1, 2 ] 
114 3 16 [ 1, 2, 2 ] 
114 4 16 [ 1, 3, 3, 4 ] 
114 5 576 [ 1, 1, 1, 2, 2 ] 
114 6 4 [ 2, 3, 5, 5, 6, 6 ] 
114 7 4 [ 2, 3, 3, 4, 4, 4, 4 ] 
114 8 8 [ 1, 3, 3, 3, 3, 4, 4, 4 ] 
114 9 2 [ 3, 4, 4, 5, 5, 5, 5, 5, 6 ] 
114 10 2 [ 5, 5, 5, 6, 6, 6, 6, 7, 7, 7 ] 
_____________ 
115 2 8 [ 1, 1 ] 
115 3 48 [ 2, 2, 2 ] 
115 4 32 [ 1, 1, 2, 3 ] 
115 5 192 [ 1, 1, 1, 2, 3 ] 
115 6 4 [ 2, 3, 3, 3, 4, 5 ] 
115 7 4 [ 2, 3, 4, 4, 5, 5, 5 ] 
115 8 4 [ 2, 3, 3, 4, 4, 5, 5, 5 ] 
115 9 2 [ 3, 4, 4, 4, 4, 5, 5, 5, 5 ] 
115 10 2 [ 5, 5, 6, 6, 6, 6, 7, 7, 7, 7 ] 
_____________ 
116 2 8 [ 1, 1 ] 
116 3 24 [ 1, 4, 4 ] 
116 4 96 [ 1, 1, 2, 2 ] 
116 5 576 [ 1, 1, 1, 2, 2 ] 
116 6 2 [ 3, 3, 3, 4, 4, 4 ] 
116 7 2 [ 3, 3, 4, 4, 5, 5, 5 ] 
116 8 2 [ 4, 4, 5, 5, 5, 5, 5, 5 ] 
116 9 2 [ 4, 4, 5, 6, 6, 7, 7, 7, 7 ] 
116 10 2 [ 5, 5, 6, 6, 6, 6, 7, 7, 7, 7 ] 
_____________ 
117 2 4 [ 1, 2 ] 
117 3 24 [ 1, 2, 2 ] 
117 4 96 [ 1, 1, 1, 2 ] 
117 5 192 [ 1, 2, 2, 2, 4 ] 
117 6 16 [ 2, 2, 4, 4, 4, 4 ] 
117 7 4 [ 2, 3, 4, 4, 4, 5, 5 ] 
117 8 8 [ 2, 2, 3, 4, 5, 5, 5, 5 ] 
117 9 2 [ 4, 5, 5, 5, 5, 6, 6, 6, 7 ] 
117 10 2 [ 5, 5, 6, 6, 6, 6, 6, 7, 7, 7 ] 
_____________ 
118 2 4 [ 1, 2 ] 
118 3 8 [ 1, 2, 3 ] 
118 4 24 [ 1, 3, 3, 4 ] 
118 5 96 [ 1, 1, 3, 3, 4 ] 
118 6 4 [ 2, 4, 4, 5, 5, 5 ] 
118 7 192 [ 2, 2, 2, 2, 2, 3, 5 ] 
118 8 2 [ 3, 3, 3, 4, 4, 4, 5, 5 ] 
118 9 2 [ 5, 6, 7, 7, 7, 7, 7, 8, 8 ] 
118 10 2 [ 3, 3, 4, 5, 5, 5, 5, 5, 6, 6 ] 
_____________ 
119 2 4 [ 1, 2 ] 
119 3 8 [ 1, 2, 3 ] 
119 4 384 [ 1, 1, 1, 1 ] 
119 5 480 [ 1, 2, 2, 2, 2 ] 
119 6 1920 [ 1, 1, 2, 2, 2, 2 ] 
119 7 2 [ 3, 4, 4, 5, 5, 5, 6 ] 
119 8 8 [ 2, 4, 4, 4, 4, 4, 6, 6 ] 
119 9 2 [ 4, 5, 5, 6, 6, 6, 6, 7, 7 ] 
119 10 2 [ 3, 3, 6, 6, 6, 6, 6, 7, 7, 7 ] 
_____________ 
120 2 4 [ 1, 2 ] 
120 3 8 [ 1, 3, 3 ] 
120 4 8 [ 1, 3, 3, 3 ] 
120 5 384 [ 1, 1, 2, 2, 2 ] 
120 6 16 [ 1, 2, 3, 3, 3, 3 ] 
120 7 8 [ 1, 6, 6, 7, 7, 7, 7 ] 
120 8 4 [ 2, 3, 3, 3, 5, 5, 5, 6 ] 
120 9 2 [ 3, 3, 3, 3, 3, 4, 4, 5, 5 ] 
120 10 2 [ 3, 5, 5, 6, 6, 6, 7, 7, 7, 7 ] 
_____________ 
121 2 8 [ 1, 1 ] 
121 3 16 [ 1, 1, 2 ] 
121 4 96 [ 1, 1, 2, 2 ] 
121 5 384 [ 1, 1, 2, 2, 2 ] 
121 6 144 [ 1, 2, 2, 3, 3, 3 ] 
121 7 32 [ 1, 4, 4, 4, 4, 5, 5 ] 
121 8 4 [ 2, 3, 4, 4, 4, 5, 5, 5 ] 
121 9 24 [ 2, 2, 3, 3, 3, 3, 3, 3, 3 ] 
121 10 2 [ 4, 5, 6, 7, 7, 7, 7, 7, 7, 7 ] 
_____________ 
122 2 4 [ 1, 2 ] 
122 3 48 [ 2, 2, 2 ] 
122 4 32 [ 1, 2, 2, 3 ] 
122 5 3840 [ 1, 1, 1, 1, 1 ] 
122 6 8 [ 1, 2, 3, 3, 4, 4 ] 
122 7 8 [ 3, 4, 4, 4, 4, 5, 5 ] 
122 8 4 [ 2, 4, 4, 6, 6, 6, 6, 6 ] 
122 9 2 [ 4, 5, 6, 7, 7, 7, 7, 7, 8 ] 
122 10 2 [ 4, 5, 5, 5, 6, 6, 6, 6, 6, 7 ] 
_____________ 
123 2 8 [ 1, 1 ] 
123 3 48 [ 1, 1, 1 ] 
123 4 24 [ 1, 3, 3, 3 ] 
123 5 96 [ 1, 2, 2, 2, 3 ] 
123 6 2 [ 3, 3, 3, 4, 4, 5 ] 
123 7 4 [ 2, 4, 6, 6, 6, 6, 7 ] 
123 8 2 [ 3, 3, 3, 3, 3, 3, 4, 5 ] 
123 9 2 [ 3, 4, 6, 6, 6, 7, 7, 7, 7 ] 
123 10 2 [ 3, 5, 5, 5, 5, 6, 6, 6, 7, 7 ] 
_____________ 
124 2 4 [ 1, 2 ] 
124 3 24 [ 1, 2, 2 ] 
124 4 96 [ 1, 1, 2, 2 ] 
124 5 8 [ 1, 4, 4, 4, 5 ] 
124 6 2 [ 3, 3, 5, 6, 6, 7 ] 
124 7 92160 [ 1, 1, 1, 1, 1, 1, 2 ] 
124 8 2 [ 4, 5, 6, 6, 7, 7, 8, 8 ] 
124 9 2 [ 3, 3, 4, 4, 4, 4, 5, 5, 5 ] 
124 10 2 [ 3, 3, 5, 5, 6, 6, 6, 6, 6, 6 ] 
_____________ 
125 2 8 [ 1, 1 ] 
125 3 24 [ 1, 2, 2 ] 
125 4 24 [ 1, 2, 2, 3 ] 
125 5 32 [ 1, 2, 2, 3, 4 ] 
125 6 32 [ 1, 2, 4, 4, 4, 5 ] 
125 7 16 [ 1, 2, 2, 3, 3, 3, 4 ] 
125 8 2 [ 3, 4, 4, 5, 5, 6, 6, 6 ] 
125 9 12 [ 2, 2, 3, 3, 3, 4, 4, 4, 4 ] 
125 10 2 [ 3, 3, 4, 4, 4, 5, 5, 5, 6, 6 ] 
_____________ 
126 2 8 [ 1, 1 ] 
126 3 24 [ 1, 2, 2 ] 
126 4 8 [ 1, 2, 3, 3 ] 
126 5 16 [ 1, 2, 3, 3, 3 ] 
126 6 2 [ 3, 4, 4, 5, 5, 5 ] 
126 7 4 [ 2, 3, 3, 4, 4, 5, 5 ] 
126 8 24 [ 2, 2, 2, 3, 3, 4, 4, 4 ] 
126 9 2 [ 5, 5, 5, 5, 6, 6, 6, 6, 6 ] 
126 10 2 [ 3, 4, 4, 4, 5, 5, 5, 6, 6, 7 ] 
_____________ 
127 2 4 [ 1, 2 ] 
127 3 24 [ 1, 2, 2 ] 
127 4 24 [ 1, 2, 2, 3 ] 
127 5 64 [ 2, 3, 3, 3, 4 ] 
127 6 2 [ 3, 4, 5, 6, 7, 7 ] 
127 7 16 [ 1, 2, 3, 3, 3, 4, 4 ] 
127 8 4 [ 2, 4, 4, 5, 5, 5, 7, 7 ] 
127 9 2 [ 3, 4, 4, 4, 5, 6, 6, 6, 6 ] 
127 10 2 [ 3, 3, 3, 3, 4, 4, 4, 4, 4, 5 ] 
_____________ 
128 2 8 [ 1, 1 ] 
128 3 8 [ 1, 2, 3 ] 
128 4 8 [ 2, 2, 3, 3 ] 
128 5 64 [ 2, 2, 3, 3, 5 ] 
128 6 4 [ 2, 3, 3, 4, 4, 4 ] 
128 7 4 [ 2, 3, 4, 5, 5, 6, 6 ] 
128 8 4 [ 2, 3, 3, 3, 3, 4, 4, 5 ] 
128 9 2 [ 3, 3, 3, 5, 5, 6, 6, 6, 7 ] 
128 10 2 [ 6, 7, 7, 7, 7, 7, 7, 7, 8, 9 ] 
_____________ 
129 2 4 [ 1, 2 ] 
129 3 48 [ 1, 1, 1 ] 
129 4 24 [ 1, 2, 2, 3 ] 
129 5 64 [ 2, 3, 3, 3, 3 ] 
129 6 2 [ 3, 3, 3, 4, 4, 6 ] 
129 7 2 [ 4, 4, 6, 6, 6, 6, 6 ] 
129 8 2 [ 3, 3, 3, 4, 4, 4, 5, 5 ] 
129 9 4 [ 2, 3, 3, 3, 3, 3, 4, 4, 4 ] 
129 10 2 [ 5, 5, 6, 6, 6, 6, 6, 6, 7, 7 ] 
_____________ 
130 2 8 [ 1, 1 ] 
130 3 8 [ 1, 2, 3 ] 
130 4 96 [ 1, 1, 2, 2 ] 
130 5 8 [ 2, 2, 3, 4, 4 ] 
130 6 384 [ 1, 2, 2, 2, 2, 3 ] 
130 7 16 [ 2, 2, 2, 3, 3, 4, 4 ] 
130 8 2 [ 3, 4, 4, 5, 5, 5, 6, 7 ] 
130 9 2 [ 3, 4, 5, 6, 6, 6, 6, 7, 7 ] 
130 10 2 [ 4, 5, 5, 7, 7, 7, 7, 7, 7, 8 ] 
_____________ 
131 2 12 [ 2, 2 ] 
131 3 8 [ 1, 2, 3 ] 
131 4 8 [ 2, 2, 3, 3 ] 
131 5 128 [ 1, 1, 2, 2, 3 ] 
131 6 8 [ 2, 2, 3, 4, 4, 5 ] 
131 7 2 [ 3, 4, 4, 4, 5, 5, 7 ] 
131 8 4 [ 2, 3, 3, 3, 4, 4, 4, 5 ] 
131 9 8 [ 2, 2, 3, 3, 4, 4, 4, 4, 5 ] 
131 10 2 [ 3, 4, 4, 5, 5, 5, 5, 6, 6, 6 ] 
_____________ 
132 2 8 [ 1, 1 ] 
132 3 8 [ 1, 2, 3 ] 
132 4 384 [ 1, 1, 1, 1 ] 
132 5 16 [ 1, 2, 2, 3, 3 ] 
132 6 8 [ 2, 2, 3, 4, 4, 5 ] 
132 7 32 [ 1, 2, 2, 3, 4, 4, 4 ] 
132 8 2 [ 4, 5, 5, 6, 6, 7, 7, 8 ] 
132 9 2 [ 3, 4, 5, 5, 6, 6, 6, 6, 7 ] 
132 10 2 [ 4, 5, 8, 8, 8, 8, 9, 9, 9, 9 ] 
_____________ 
133 2 4 [ 1, 2 ] 
133 3 8 [ 1, 3, 3 ] 
133 4 24 [ 1, 2, 2, 3 ] 
133 5 32 [ 2, 2, 2, 3, 3 ] 
133 6 128 [ 1, 2, 2, 2, 3, 3 ] 
133 7 4 [ 2, 3, 4, 4, 5, 5, 5 ] 
133 8 2 [ 4, 4, 5, 5, 5, 5, 5, 6 ] 
133 9 2 [ 5, 6, 6, 6, 6, 6, 7, 7, 7 ] 
133 10 2 [ 3, 4, 4, 4, 5, 5, 5, 5, 6, 6 ] 
_____________ 
134 2 8 [ 1, 1 ] 
134 3 16 [ 1, 2, 2 ] 
134 4 16 [ 1, 3, 3, 4 ] 
134 5 96 [ 2, 2, 2, 2, 4 ] 
134 6 32 [ 1, 2, 2, 4, 4, 5 ] 
134 7 2 [ 3, 3, 4, 4, 5, 5, 5 ] 
134 8 2 [ 3, 3, 4, 4, 5, 5, 5, 5 ] 
134 9 2 [ 3, 4, 4, 5, 5, 6, 6, 6, 6 ] 
134 10 4 [ 2, 3, 5, 5, 5, 6, 6, 6, 7, 7 ] 
_____________ 
135 2 8 [ 1, 1 ] 
135 3 16 [ 1, 2, 2 ] 
135 4 8 [ 2, 2, 3, 4 ] 
135 5 8 [ 2, 3, 3, 3, 3 ] 
135 6 768 [ 1, 1, 2, 2, 2, 3 ] 
135 7 2 [ 3, 3, 3, 4, 4, 4, 5 ] 
135 8 4 [ 2, 3, 3, 3, 4, 4, 4, 5 ] 
135 9 2 [ 4, 5, 5, 5, 5, 5, 5, 6, 6 ] 
135 10 2 [ 3, 4, 5, 6, 6, 7, 8, 8, 8, 8 ] 
_____________ 
136 2 4 [ 1, 2 ] 
136 3 16 [ 1, 1, 2 ] 
136 4 8 [ 2, 3, 5, 5 ] 
136 5 8 [ 2, 3, 3, 4, 4 ] 
136 6 4 [ 2, 4, 4, 4, 5, 5 ] 
136 7 4 [ 2, 3, 4, 4, 5, 5, 5 ] 
136 8 24 [ 2, 2, 6, 6, 6, 6, 6, 6 ] 
136 9 4 [ 2, 6, 6, 6, 6, 6, 6, 6, 6 ] 
136 10 2 [ 5, 5, 5, 5, 6, 6, 6, 6, 6, 7 ] 
_____________ 
137 2 8 [ 1, 1 ] 
137 3 48 [ 2, 2, 2 ] 
137 4 96 [ 1, 2, 2, 2 ] 
137 5 4 [ 3, 4, 4, 4, 5 ] 
137 6 8 [ 2, 3, 4, 5, 5, 5 ] 
137 7 2 [ 3, 5, 5, 6, 6, 6, 7 ] 
137 8 2 [ 3, 5, 6, 6, 6, 6, 7, 7 ] 
137 9 12 [ 2, 2, 3, 3, 4, 4, 5, 5, 6 ] 
137 10 2 [ 6, 6, 6, 7, 7, 8, 8, 8, 8, 8 ] 
_____________ 
138 2 4 [ 1, 2 ] 
138 3 8 [ 1, 3, 3 ] 
138 4 16 [ 1, 2, 3, 3 ] 
138 5 192 [ 1, 1, 2, 2, 2 ] 
138 6 2 [ 3, 3, 4, 4, 4, 5 ] 
138 7 4 [ 2, 3, 3, 3, 3, 4, 5 ] 
138 8 4 [ 3, 3, 3, 3, 4, 4, 5, 6 ] 
138 9 2 [ 3, 3, 4, 4, 4, 4, 5, 6, 6 ] 
138 10 2 [ 3, 3, 5, 5, 5, 6, 6, 6, 6, 7 ] 
_____________ 
139 2 8 [ 1, 1 ] 
139 3 48 [ 1, 1, 1 ] 
139 4 96 [ 1, 1, 2, 2 ] 
139 5 32 [ 1, 2, 2, 4, 4 ] 
139 6 4 [ 1, 5, 5, 5, 5, 5 ] 
139 7 4 [ 2, 3, 3, 4, 4, 5, 5 ] 
139 8 4 [ 3, 3, 3, 3, 3, 3, 4, 6 ] 
139 9 2 [ 4, 4, 4, 5, 5, 5, 5, 6, 6 ] 
139 10 2 [ 3, 4, 4, 4, 4, 5, 5, 6, 6, 6 ] 
_____________ 
140 2 8 [ 1, 1 ] 
140 3 24 [ 1, 2, 2 ] 
140 4 384 [ 1, 1, 1, 1 ] 
140 5 16 [ 2, 3, 4, 4, 4 ] 
140 6 16 [ 1, 2, 3, 3, 3, 4 ] 
140 7 64 [ 2, 2, 2, 2, 4, 4, 4 ] 
140 8 2 [ 3, 5, 6, 6, 6, 6, 6, 6 ] 
140 9 2 [ 3, 4, 4, 4, 5, 5, 5, 5, 5 ] 
140 10 2 [ 4, 5, 5, 6, 7, 7, 7, 7, 8, 8 ] 
_____________ 
141 2 8 [ 1, 1 ] 
141 3 24 [ 1, 2, 2 ] 
141 4 96 [ 1, 1, 2, 2 ] 
141 5 16 [ 1, 2, 2, 3, 3 ] 
141 6 64 [ 2, 2, 3, 4, 4, 4 ] 
141 7 8 [ 2, 2, 3, 3, 3, 4, 4 ] 
141 8 2 [ 4, 5, 5, 5, 6, 6, 6, 7 ] 
141 9 2 [ 4, 4, 4, 4, 4, 4, 5, 6, 6 ] 
141 10 2 [ 4, 4, 4, 4, 4, 4, 6, 6, 6, 6 ] 
_____________ 
142 2 4 [ 1, 2 ] 
142 3 16 [ 1, 1, 2 ] 
142 4 32 [ 1, 2, 2, 3 ] 
142 5 16 [ 2, 2, 4, 4, 4 ] 
142 6 8 [ 1, 2, 3, 4, 4, 4 ] 
142 7 2 [ 3, 3, 4, 4, 5, 5, 6 ] 
142 8 4 [ 2, 3, 3, 3, 4, 4, 5, 5 ] 
142 9 2 [ 3, 4, 5, 6, 6, 6, 7, 7, 7 ] 
142 10 2 [ 4, 4, 5, 6, 6, 6, 7, 7, 7, 7 ] 
_____________ 
143 2 4 [ 1, 2 ] 
143 3 48 [ 1, 1, 1 ] 
143 4 16 [ 1, 2, 2, 3 ] 
143 5 576 [ 2, 2, 2, 2, 2 ] 
143 6 8 [ 1, 2, 4, 4, 5, 5 ] 
143 7 2 [ 3, 4, 4, 4, 4, 5, 5 ] 
143 8 2 [ 3, 3, 3, 4, 4, 4, 4, 5 ] 
143 9 2 [ 4, 7, 7, 7, 7, 7, 7, 8, 8 ] 
143 10 2 [ 4, 5, 5, 7, 7, 7, 7, 7, 8, 8 ] 
_____________ 
144 2 4 [ 1, 2 ] 
144 3 24 [ 1, 4, 4 ] 
144 4 24 [ 1, 3, 3, 3 ] 
144 5 64 [ 2, 2, 4, 4, 4 ] 
144 6 96 [ 2, 2, 2, 2, 4, 4 ] 
144 7 2 [ 4, 4, 4, 4, 4, 6, 6 ] 
144 8 2 [ 3, 4, 4, 4, 5, 5, 6, 6 ] 
144 9 2 [ 5, 5, 5, 6, 6, 6, 6, 7, 7 ] 
144 10 2 [ 3, 4, 5, 5, 5, 5, 5, 6, 6, 6 ] 
_____________ 
145 2 4 [ 1, 2 ] 
145 3 24 [ 1, 2, 2 ] 
145 4 4 [ 2, 3, 3, 4 ] 
145 5 96 [ 1, 1, 2, 2, 3 ] 
145 6 8 [ 1, 4, 4, 5, 6, 6 ] 
145 7 24 [ 2, 2, 2, 3, 3, 4, 4 ] 
145 8 2 [ 3, 3, 4, 4, 4, 4, 5, 5 ] 
145 9 2 [ 4, 4, 5, 6, 6, 6, 6, 6, 7 ] 
145 10 2 [ 3, 4, 4, 4, 4, 4, 5, 6, 6, 6 ] 
_____________ 
146 2 8 [ 1, 1 ] 
146 3 16 [ 1, 1, 2 ] 
146 4 32 [ 1, 2, 2, 3 ] 
146 5 32 [ 1, 1, 3, 3, 3 ] 
146 6 2 [ 3, 3, 4, 4, 4, 6 ] 
146 7 4 [ 2, 3, 3, 4, 4, 5, 5 ] 
146 8 2 [ 4, 4, 5, 5, 5, 5, 6, 6 ] 
146 9 2 [ 3, 4, 5, 5, 5, 5, 5, 6, 6 ] 
146 10 2 [ 3, 3, 4, 4, 4, 4, 4, 5, 5, 5 ] 
_____________ 
147 2 8 [ 1, 1 ] 
147 3 8 [ 1, 3, 3 ] 
147 4 96 [ 1, 1, 1, 2 ] 
147 5 16 [ 1, 2, 3, 3, 3 ] 
147 6 2 [ 4, 4, 5, 5, 6, 6 ] 
147 7 4 [ 2, 3, 3, 3, 3, 3, 4 ] 
147 8 2 [ 3, 3, 4, 5, 5, 5, 6, 6 ] 
147 9 2 [ 3, 4, 4, 5, 5, 5, 5, 6, 6 ] 
147 10 2 [ 3, 3, 3, 4, 4, 4, 5, 5, 5, 5 ] 
_____________ 
148 2 4 [ 1, 2 ] 
148 3 24 [ 1, 2, 2 ] 
148 4 32 [ 1, 2, 2, 3 ] 
148 5 8 [ 2, 2, 4, 4, 5 ] 
148 6 4 [ 2, 4, 5, 5, 5, 6 ] 
148 7 4 [ 2, 3, 3, 3, 4, 4, 4 ] 
148 8 2 [ 3, 4, 4, 4, 4, 5, 5, 6 ] 
148 9 2 [ 3, 3, 4, 4, 5, 5, 5, 5, 5 ] 
148 10 2 [ 3, 4, 5, 5, 5, 5, 6, 7, 7, 7 ] 
_____________ 
149 2 4 [ 1, 2 ] 
149 3 8 [ 1, 2, 3 ] 
149 4 24 [ 1, 4, 4, 5 ] 
149 5 2 [ 3, 4, 4, 5, 5 ] 
149 6 576 [ 1, 1, 1, 2, 2, 3 ] 
149 7 2 [ 4, 4, 4, 4, 5, 5, 5 ] 
149 8 64 [ 2, 2, 2, 2, 3, 3, 3, 4 ] 
149 9 4 [ 2, 3, 4, 4, 5, 6, 6, 6, 7 ] 
149 10 2 [ 3, 4, 6, 6, 6, 6, 6, 6, 6, 7 ] 
_____________ 
150 2 8 [ 1, 1 ] 
150 3 16 [ 1, 1, 2 ] 
150 4 32 [ 1, 2, 2, 3 ] 
150 5 16 [ 2, 3, 3, 3, 3 ] 
150 6 4 [ 3, 3, 4, 4, 5, 5 ] 
150 7 2 [ 3, 3, 3, 3, 4, 4, 5 ] 
150 8 12 [ 2, 2, 4, 4, 4, 4, 4, 4 ] 
150 9 2 [ 3, 5, 5, 5, 6, 6, 7, 7, 8 ] 
150 10 4 [ 2, 4, 4, 4, 4, 4, 4, 4, 5, 5 ] 
_____________ 
151 2 12 [ 2, 2 ] 
151 3 24 [ 1, 2, 2 ] 
151 4 16 [ 2, 4, 4, 5 ] 
151 5 64 [ 1, 1, 2, 3, 3 ] 
151 6 2304 [ 1, 1, 1, 2, 2, 2 ] 
151 7 24 [ 2, 2, 2, 3, 3, 4, 4 ] 
151 8 4 [ 2, 5, 5, 5, 6, 6, 6, 6 ] 
151 9 2 [ 4, 4, 4, 5, 5, 5, 5, 6, 6 ] 
151 10 2 [ 4, 5, 6, 6, 6, 6, 7, 7, 7, 7 ] 
_____________ 
152 2 8 [ 1, 1 ] 
152 3 48 [ 1, 1, 1 ] 
152 4 384 [ 1, 1, 1, 1 ] 
152 5 64 [ 1, 1, 2, 2, 3 ] 
152 6 480 [ 1, 2, 2, 2, 2, 3 ] 
152 7 2 [ 3, 3, 4, 4, 4, 5, 5 ] 
152 8 2 [ 3, 4, 5, 6, 6, 6, 7, 7 ] 
152 9 2 [ 3, 4, 4, 4, 5, 5, 6, 6, 7 ] 
152 10 2 [ 4, 4, 5, 5, 5, 5, 5, 6, 6, 6 ] 
_____________ 
153 2 8 [ 1, 1 ] 
153 3 24 [ 1, 2, 2 ] 
153 4 16 [ 1, 2, 3, 3 ] 
153 5 48 [ 1, 2, 2, 2, 3 ] 
153 6 8 [ 2, 3, 3, 4, 5, 5 ] 
153 7 8 [ 2, 3, 4, 5, 5, 5, 5 ] 
153 8 48 [ 2, 2, 2, 3, 3, 3, 3, 3 ] 
153 9 2 [ 3, 5, 5, 5, 6, 6, 6, 6, 6 ] 
153 10 4 [ 2, 5, 5, 5, 6, 6, 6, 6, 7, 7 ] 
_____________ 
154 2 8 [ 1, 1 ] 
154 3 24 [ 1, 2, 2 ] 
154 4 96 [ 1, 2, 2, 2 ] 
154 5 48 [ 1, 2, 2, 2, 3 ] 
154 6 4 [ 2, 4, 4, 6, 6, 6 ] 
154 7 12 [ 2, 2, 3, 3, 5, 5, 6 ] 
154 8 4 [ 2, 3, 4, 5, 5, 6, 6, 6 ] 
154 9 2 [ 4, 4, 5, 5, 6, 6, 6, 6, 7 ] 
154 10 2 [ 4, 5, 6, 6, 7, 7, 7, 7, 7, 7 ] 
_____________ 
155 2 4 [ 1, 2 ] 
155 3 16 [ 1, 1, 2 ] 
155 4 32 [ 1, 1, 2, 3 ] 
155 5 8 [ 1, 3, 3, 3, 3 ] 
155 6 16 [ 2, 2, 4, 4, 4, 4 ] 
155 7 4 [ 1, 5, 5, 5, 5, 6, 6 ] 
155 8 2 [ 3, 3, 3, 4, 5, 5, 5, 5 ] 
155 9 4 [ 2, 4, 4, 4, 4, 4, 4, 4, 6 ] 
155 10 2 [ 3, 5, 6, 6, 6, 6, 6, 7, 7, 7 ] 
_____________ 
156 2 4 [ 1, 2 ] 
156 3 48 [ 1, 1, 1 ] 
156 4 8 [ 1, 2, 3, 3 ] 
156 5 576 [ 1, 1, 1, 2, 2 ] 
156 6 384 [ 1, 2, 2, 2, 2, 3 ] 
156 7 2 [ 3, 3, 3, 3, 3, 3, 4 ] 
156 8 32 [ 2, 2, 3, 3, 3, 3, 4, 4 ] 
156 9 4 [ 2, 4, 4, 6, 6, 6, 6, 8, 8 ] 
156 10 2 [ 5, 6, 6, 6, 7, 7, 7, 7, 7, 8 ] 
_____________ 
157 2 8 [ 1, 1 ] 
157 3 24 [ 1, 2, 2 ] 
157 4 32 [ 2, 2, 2, 3 ] 
157 5 16 [ 1, 4, 4, 4, 4 ] 
157 6 4 [ 2, 4, 4, 5, 5, 5 ] 
157 7 2 [ 3, 3, 3, 3, 4, 4, 4 ] 
157 8 4 [ 2, 3, 3, 5, 5, 5, 6, 6 ] 
157 9 2 [ 5, 7, 7, 7, 8, 8, 8, 8, 8 ] 
157 10 2 [ 5, 5, 5, 5, 5, 6, 6, 7, 7, 8 ] 
_____________ 
158 2 12 [ 2, 2 ] 
158 3 8 [ 1, 2, 3 ] 
158 4 96 [ 1, 2, 2, 2 ] 
158 5 8 [ 3, 3, 5, 5, 6 ] 
158 6 4 [ 2, 4, 5, 5, 6, 6 ] 
158 7 20160 [ 2, 2, 2, 2, 2, 2, 2 ] 
158 8 4 [ 2, 3, 3, 4, 5, 5, 5, 5 ] 
158 9 2 [ 4, 6, 6, 6, 7, 7, 8, 8, 8 ] 
158 10 2 [ 3, 4, 4, 4, 4, 5, 5, 6, 6, 6 ] 
_____________ 
159 2 8 [ 2, 2 ] 
159 3 8 [ 1, 2, 3 ] 
159 4 240 [ 2, 2, 2, 2 ] 
159 5 16 [ 1, 2, 3, 3, 3 ] 
159 6 8 [ 1, 3, 3, 3, 4, 4 ] 
159 7 8 [ 1, 3, 3, 3, 3, 4, 4 ] 
159 8 2 [ 4, 5, 5, 7, 7, 7, 7, 7 ] 
159 9 2 [ 5, 5, 5, 6, 6, 6, 6, 6, 7 ] 
159 10 2 [ 4, 4, 4, 5, 5, 6, 6, 6, 6, 6 ] 
_____________ 
160 2 4 [ 1, 2 ] 
160 3 8 [ 1, 2, 3 ] 
160 4 96 [ 1, 2, 2, 2 ] 
160 5 64 [ 1, 3, 3, 4, 4 ] 
160 6 4 [ 2, 3, 3, 3, 3, 4 ] 
160 7 8 [ 2, 3, 3, 3, 3, 4, 4 ] 
160 8 2 [ 4, 5, 5, 6, 7, 7, 7, 7 ] 
160 9 2 [ 3, 4, 4, 5, 6, 7, 7, 7, 7 ] 
160 10 4 [ 2, 3, 4, 4, 4, 4, 4, 5, 6, 6 ] 
_____________ 
161 2 4 [ 1, 2 ] 
161 3 24 [ 1, 2, 2 ] 
161 4 32 [ 1, 1, 3, 3 ] 
161 5 8 [ 1, 3, 3, 4, 4 ] 
161 6 4 [ 2, 4, 4, 4, 4, 6 ] 
161 7 4 [ 2, 3, 4, 5, 5, 5, 6 ] 
161 8 4 [ 2, 4, 4, 4, 5, 5, 5, 5 ] 
161 9 2 [ 3, 5, 6, 6, 6, 6, 7, 7, 8 ] 
161 10 2 [ 5, 5, 5, 5, 5, 6, 6, 6, 7, 7 ] 
_____________ 
162 2 8 [ 2, 2 ] 
162 3 8 [ 1, 2, 3 ] 
162 4 24 [ 1, 3, 3, 4 ] 
162 5 2 [ 3, 4, 4, 5, 5 ] 
162 6 2 [ 4, 5, 5, 6, 6, 6 ] 
162 7 4 [ 2, 3, 3, 4, 4, 4, 5 ] 
162 8 2 [ 4, 4, 6, 6, 6, 6, 6, 6 ] 
162 9 2 [ 4, 4, 4, 4, 4, 5, 5, 5, 5 ] 
162 10 2 [ 5, 5, 6, 6, 7, 7, 7, 7, 8, 8 ] 
_____________ 
163 2 4 [ 1, 2 ] 
163 3 48 [ 1, 1, 1 ] 
163 4 24 [ 2, 2, 2, 3 ] 
163 5 16 [ 2, 3, 3, 3, 3 ] 
163 6 2 [ 3, 4, 4, 4, 5, 5 ] 
163 7 2 [ 3, 4, 4, 4, 4, 6, 6 ] 
163 8 4 [ 2, 4, 4, 4, 6, 6, 6, 6 ] 
163 9 2 [ 4, 4, 4, 4, 4, 5, 5, 5, 6 ] 
163 10 2 [ 5, 5, 5, 5, 6, 6, 6, 6, 6, 7 ] 
_____________ 
164 2 8 [ 1, 1 ] 
164 3 48 [ 1, 1, 1 ] 
164 4 24 [ 1, 2, 2, 3 ] 
164 5 576 [ 2, 2, 2, 2, 2 ] 
164 6 4 [ 2, 3, 3, 4, 5, 5 ] 
164 7 4 [ 2, 3, 4, 4, 5, 5, 6 ] 
164 8 2 [ 4, 5, 5, 6, 6, 6, 7, 7 ] 
164 9 2 [ 4, 5, 5, 5, 6, 6, 6, 6, 7 ] 
164 10 2 [ 5, 7, 7, 7, 7, 8, 8, 8, 8, 9 ] 
_____________ 
165 2 8 [ 1, 1 ] 
165 3 16 [ 2, 2, 3 ] 
165 4 4 [ 2, 3, 4, 4 ] 
165 5 32 [ 2, 2, 3, 4, 4 ] 
165 6 8 [ 1, 2, 3, 3, 3, 4 ] 
165 7 2 [ 3, 3, 4, 6, 7, 7, 7 ] 
165 8 2 [ 3, 4, 5, 5, 6, 7, 7, 7 ] 
165 9 2 [ 3, 4, 4, 4, 4, 5, 5, 5, 6 ] 
165 10 2 [ 3, 3, 3, 4, 4, 4, 4, 4, 5, 5 ] 
_____________ 
166 2 8 [ 1, 1 ] 
166 3 24 [ 1, 2, 2 ] 
166 4 24 [ 2, 2, 3, 3 ] 
166 5 8 [ 1, 2, 3, 4, 4 ] 
166 6 4 [ 2, 3, 4, 4, 5, 5 ] 
166 7 16 [ 1, 3, 3, 4, 4, 4, 4 ] 
166 8 4 [ 2, 3, 3, 3, 3, 4, 5, 5 ] 
166 9 2 [ 3, 3, 4, 4, 6, 6, 6, 7, 7 ] 
166 10 2 [ 5, 6, 6, 6, 6, 7, 7, 7, 7, 7 ] 
_____________ 
167 2 4 [ 1, 2 ] 
167 3 24 [ 1, 2, 2 ] 
167 4 8 [ 1, 2, 3, 3 ] 
167 5 576 [ 1, 1, 1, 2, 2 ] 
167 6 8 [ 2, 2, 3, 4, 4, 4 ] 
167 7 4 [ 2, 5, 6, 6, 7, 7, 8 ] 
167 8 2 [ 4, 4, 4, 4, 4, 5, 5, 5 ] 
167 9 2 [ 5, 5, 5, 5, 5, 6, 6, 7, 7 ] 
167 10 4 [ 2, 3, 3, 3, 4, 4, 4, 4, 4, 5 ] 
_____________ 
168 2 8 [ 1, 1 ] 
168 3 24 [ 1, 2, 2 ] 
168 4 24 [ 1, 2, 2, 3 ] 
168 5 8 [ 2, 3, 3, 4, 5 ] 
168 6 24 [ 2, 2, 2, 3, 3, 5 ] 
168 7 2 [ 3, 3, 4, 5, 6, 6, 6 ] 
168 8 4 [ 3, 3, 3, 3, 3, 4, 4, 4 ] 
168 9 2 [ 4, 4, 5, 5, 6, 6, 7, 7, 7 ] 
168 10 2 [ 3, 6, 6, 6, 7, 7, 7, 7, 7, 8 ] 
_____________ 
169 2 8 [ 1, 1 ] 
169 3 48 [ 1, 1, 1 ] 
169 4 8 [ 1, 2, 3, 3 ] 
169 5 192 [ 1, 2, 2, 2, 3 ] 
169 6 4 [ 1, 4, 5, 5, 5, 6 ] 
169 7 32 [ 2, 2, 3, 3, 4, 4, 5 ] 
169 8 32 [ 1, 1, 3, 3, 3, 3, 3, 3 ] 
169 9 2 [ 4, 5, 5, 5, 6, 6, 7, 7, 7 ] 
169 10 2 [ 3, 4, 4, 5, 5, 5, 6, 6, 6, 7 ] 
_____________ 
170 2 4 [ 1, 2 ] 
170 3 16 [ 1, 1, 2 ] 
170 4 384 [ 1, 1, 1, 1 ] 
170 5 16 [ 2, 3, 3, 4, 4 ] 
170 6 4 [ 2, 3, 3, 3, 4, 4 ] 
170 7 4 [ 2, 4, 4, 6, 6, 6, 6 ] 
170 8 4 [ 2, 6, 6, 6, 6, 6, 6, 6 ] 
170 9 2 [ 4, 4, 4, 4, 5, 5, 5, 5, 5 ] 
170 10 2 [ 4, 5, 5, 6, 7, 7, 7, 7, 7, 7 ] 
_____________ 
171 2 8 [ 1, 1 ] 
171 3 24 [ 1, 4, 4 ] 
171 4 96 [ 1, 1, 2, 2 ] 
171 5 16 [ 2, 3, 3, 3, 4 ] 
171 6 4 [ 2, 3, 3, 4, 4, 6 ] 
171 7 1152 [ 1, 1, 3, 3, 3, 3, 3 ] 
171 8 2 [ 3, 5, 6, 6, 7, 8, 8, 8 ] 
171 9 4 [ 2, 4, 4, 5, 5, 6, 6, 6, 6 ] 
171 10 2 [ 5, 5, 5, 6, 6, 6, 6, 7, 8, 8 ] 
_____________ 
172 2 4 [ 1, 2 ] 
172 3 24 [ 1, 4, 4 ] 
172 4 8 [ 1, 3, 3, 3 ] 
172 5 64 [ 2, 2, 4, 4, 5 ] 
172 6 8 [ 2, 2, 3, 4, 4, 4 ] 
172 7 4 [ 2, 3, 3, 3, 4, 5, 6 ] 
172 8 2 [ 3, 3, 3, 4, 5, 5, 5, 5 ] 
172 9 2 [ 4, 4, 6, 6, 6, 8, 8, 8, 8 ] 
172 10 2 [ 3, 4, 4, 5, 5, 5, 5, 5, 5, 6 ] 
_____________ 
173 2 8 [ 1, 1 ] 
173 3 24 [ 1, 2, 2 ] 
173 4 8 [ 1, 2, 3, 3 ] 
173 5 48 [ 2, 2, 3, 3, 3 ] 
173 6 48 [ 2, 2, 2, 4, 4, 4 ] 
173 7 2 [ 3, 4, 5, 6, 7, 7, 7 ] 
173 8 725760 [ 2, 2, 2, 2, 2, 2, 2, 2 ] 
173 9 2 [ 3, 3, 4, 4, 4, 6, 6, 6, 6 ] 
173 10 2 [ 3, 5, 5, 5, 5, 5, 6, 6, 6, 6 ] 
_____________ 
174 2 4 [ 1, 2 ] 
174 3 24 [ 1, 2, 2 ] 
174 4 96 [ 1, 1, 2, 2 ] 
174 5 128 [ 1, 2, 2, 3, 3 ] 
174 6 4 [ 2, 3, 3, 4, 5, 5 ] 
174 7 12 [ 2, 2, 3, 4, 4, 4, 4 ] 
174 8 4 [ 2, 4, 6, 6, 6, 6, 6, 6 ] 
174 9 4 [ 2, 4, 6, 6, 6, 6, 6, 6, 6 ] 
174 10 2 [ 5, 5, 6, 6, 6, 6, 6, 7, 7, 7 ] 
_____________ 
175 2 4 [ 1, 2 ] 
175 3 8 [ 1, 2, 3 ] 
175 4 4 [ 2, 3, 4, 4 ] 
175 5 8 [ 2, 2, 3, 4, 5 ] 
175 6 576 [ 2, 2, 2, 2, 2, 4 ] 
175 7 32 [ 2, 2, 3, 3, 3, 3, 3 ] 
175 8 2 [ 3, 3, 4, 5, 5, 5, 6, 6 ] 
175 9 2 [ 3, 4, 6, 6, 6, 7, 7, 7, 7 ] 
175 10 2 [ 4, 6, 6, 6, 8, 8, 8, 8, 8, 8 ] 
_____________ 
176 2 8 [ 1, 1 ] 
176 3 8 [ 1, 3, 3 ] 
176 4 32 [ 1, 4, 4, 5 ] 
176 5 144 [ 2, 2, 2, 2, 3 ] 
176 6 2 [ 3, 4, 5, 5, 6, 7 ] 
176 7 8 [ 2, 4, 4, 5, 5, 6, 6 ] 
176 8 4 [ 1, 4, 4, 4, 4, 5, 5, 5 ] 
176 9 2 [ 3, 3, 3, 5, 5, 5, 6, 6, 6 ] 
176 10 2 [ 3, 6, 7, 7, 7, 7, 8, 8, 8, 8 ] 
_____________ 
177 2 4 [ 1, 2 ] 
177 3 8 [ 1, 3, 3 ] 
177 4 8 [ 1, 3, 3, 3 ] 
177 5 96 [ 1, 1, 2, 2, 3 ] 
177 6 48 [ 2, 2, 2, 3, 3, 3 ] 
177 7 8 [ 2, 4, 4, 4, 4, 6, 6 ] 
177 8 2 [ 3, 3, 4, 4, 4, 5, 5, 5 ] 
177 9 2 [ 4, 4, 4, 5, 6, 6, 6, 6, 6 ] 
177 10 2 [ 3, 4, 4, 4, 5, 5, 5, 6, 6, 6 ] 
_____________ 
178 2 8 [ 1, 1 ] 
178 3 8 [ 1, 3, 3 ] 
178 4 8 [ 2, 3, 5, 5 ] 
178 5 64 [ 2, 2, 2, 3, 3 ] 
178 6 2 [ 3, 3, 4, 4, 5, 5 ] 
178 7 8 [ 2, 2, 3, 3, 3, 4, 4 ] 
178 8 2 [ 3, 4, 4, 4, 5, 5, 6, 6 ] 
178 9 2 [ 4, 5, 5, 6, 6, 6, 7, 7, 7 ] 
178 10 2 [ 4, 4, 4, 4, 4, 6, 6, 6, 6, 6 ] 
_____________ 
179 2 4 [ 1, 2 ] 
179 3 8 [ 1, 2, 3 ] 
179 4 8 [ 3, 3, 3, 4 ] 
179 5 576 [ 1, 2, 2, 2, 2 ] 
179 6 8 [ 1, 3, 4, 4, 4, 5 ] 
179 7 2 [ 3, 3, 5, 5, 5, 6, 6 ] 
179 8 2 [ 4, 5, 6, 6, 6, 7, 7, 7 ] 
179 9 2 [ 6, 7, 7, 7, 7, 7, 8, 8, 9 ] 
179 10 2 [ 6, 6, 6, 7, 8, 8, 8, 8, 8, 8 ] 
_____________ 
180 2 8 [ 1, 1 ] 
180 3 16 [ 1, 2, 2 ] 
180 4 8 [ 1, 2, 3, 3 ] 
180 5 16 [ 2, 3, 3, 4, 5 ] 
180 6 24 [ 2, 2, 2, 3, 3, 4 ] 
180 7 32 [ 1, 3, 3, 3, 3, 3, 3 ] 
180 8 4 [ 3, 3, 3, 3, 3, 4, 4, 4 ] 
180 9 2 [ 4, 4, 4, 6, 6, 6, 6, 6, 6 ] 
180 10 2 [ 4, 5, 6, 6, 6, 7, 7, 8, 8, 8 ] 
_____________ 
181 2 8 [ 1, 1 ] 
181 3 8 [ 1, 2, 3 ] 
181 4 96 [ 1, 1, 4, 4 ] 
181 5 24 [ 2, 2, 2, 4, 4 ] 
181 6 4 [ 2, 3, 4, 4, 5, 5 ] 
181 7 4 [ 2, 3, 3, 3, 4, 4, 5 ] 
181 8 48 [ 2, 2, 2, 3, 3, 3, 4, 5 ] 
181 9 2 [ 4, 4, 5, 5, 5, 5, 6, 6, 6 ] 
181 10 2 [ 3, 4, 5, 5, 6, 6, 6, 6, 6, 7 ] 
_____________ 
182 2 8 [ 1, 1 ] 
182 3 8 [ 1, 2, 3 ] 
182 4 96 [ 1, 1, 2, 2 ] 
182 5 192 [ 1, 1, 1, 4, 5 ] 
182 6 96 [ 2, 2, 2, 2, 3, 4 ] 
182 7 2 [ 3, 4, 4, 6, 6, 6, 6 ] 
182 8 2 [ 4, 4, 4, 4, 4, 4, 6, 6 ] 
182 9 4 [ 2, 4, 4, 4, 5, 5, 5, 5, 6 ] 
182 10 2 [ 4, 4, 5, 6, 6, 6, 6, 6, 6, 7 ] 
_____________ 
183 2 4 [ 1, 2 ] 
183 3 16 [ 1, 2, 2 ] 
183 4 32 [ 1, 2, 2, 3 ] 
183 5 8 [ 2, 3, 4, 5, 5 ] 
183 6 16 [ 1, 2, 3, 3, 3, 4 ] 
183 7 2 [ 3, 4, 5, 5, 5, 6, 6 ] 
183 8 2 [ 5, 5, 6, 6, 8, 9, 9, 9 ] 
183 9 8 [ 2, 2, 4, 4, 4, 4, 4, 6, 6 ] 
183 10 2 [ 4, 4, 5, 5, 6, 6, 6, 7, 7, 7 ] 
_____________ 
184 2 4 [ 1, 2 ] 
184 3 24 [ 1, 2, 2 ] 
184 4 24 [ 1, 2, 2, 3 ] 
184 5 32 [ 1, 1, 3, 3, 3 ] 
184 6 24 [ 2, 2, 3, 3, 4, 5 ] 
184 7 8 [ 2, 3, 3, 3, 4, 4, 4 ] 
184 8 4 [ 3, 4, 4, 4, 4, 4, 4, 5 ] 
184 9 2 [ 3, 6, 6, 7, 7, 7, 7, 8, 8 ] 
184 10 2 [ 6, 6, 7, 7, 7, 7, 7, 8, 8, 8 ] 
_____________ 
185 2 4 [ 1, 2 ] 
185 3 48 [ 2, 2, 2 ] 
185 4 24 [ 1, 2, 2, 3 ] 
185 5 384 [ 1, 1, 2, 2, 2 ] 
185 6 24 [ 2, 3, 4, 4, 4, 5 ] 
185 7 24 [ 2, 2, 3, 3, 3, 3, 4 ] 
185 8 2 [ 3, 3, 4, 4, 4, 4, 4, 5 ] 
185 9 2 [ 4, 5, 5, 5, 5, 6, 6, 6, 7 ] 
185 10 2 [ 4, 5, 6, 7, 7, 7, 7, 8, 8, 8 ] 
_____________ 
186 2 8 [ 1, 1 ] 
186 3 24 [ 1, 2, 2 ] 
186 4 8 [ 2, 2, 3, 3 ] 
186 5 8 [ 1, 3, 3, 3, 3 ] 
186 6 384 [ 2, 2, 2, 2, 2, 3 ] 
186 7 256 [ 1, 2, 2, 3, 3, 3, 3 ] 
186 8 2 [ 3, 4, 7, 8, 8, 8, 8, 9 ] 
186 9 2 [ 3, 5, 5, 5, 5, 5, 5, 6, 6 ] 
186 10 2 [ 6, 6, 6, 6, 6, 8, 8, 8, 8, 8 ] 
_____________ 
187 2 12 [ 2, 2 ] 
187 3 8 [ 1, 2, 3 ] 
187 4 32 [ 1, 1, 2, 3 ] 
187 5 16 [ 1, 2, 2, 3, 3 ] 
187 6 12 [ 2, 2, 3, 4, 5, 5 ] 
187 7 4 [ 3, 3, 5, 5, 5, 5, 5 ] 
187 8 2 [ 3, 4, 5, 6, 6, 6, 6, 6 ] 
187 9 2 [ 3, 4, 4, 5, 6, 6, 6, 6, 7 ] 
187 10 2 [ 3, 5, 6, 6, 6, 6, 6, 6, 6, 7 ] 
_____________ 
188 2 4 [ 1, 2 ] 
188 3 48 [ 1, 1, 1 ] 
188 4 16 [ 1, 3, 3, 4 ] 
188 5 16 [ 2, 3, 5, 5, 5 ] 
188 6 192 [ 1, 1, 1, 2, 3, 3 ] 
188 7 192 [ 1, 1, 3, 4, 4, 4, 4 ] 
188 8 4 [ 2, 5, 5, 5, 6, 6, 6, 6 ] 
188 9 8 [ 2, 2, 3, 3, 3, 3, 3, 3, 3 ] 
188 10 4 [ 2, 3, 3, 3, 3, 3, 3, 4, 4, 5 ] 
_____________ 
189 2 8 [ 1, 1 ] 
189 3 24 [ 1, 2, 2 ] 
189 4 16 [ 1, 2, 2, 3 ] 
189 5 4 [ 3, 3, 3, 5, 5 ] 
189 6 8 [ 2, 3, 3, 4, 4, 4 ] 
189 7 4 [ 2, 3, 3, 3, 4, 5, 5 ] 
189 8 2 [ 3, 4, 4, 5, 5, 5, 6, 6 ] 
189 9 2 [ 4, 5, 5, 6, 6, 6, 6, 7, 7 ] 
189 10 2 [ 3, 4, 4, 6, 6, 6, 7, 7, 7, 7 ] 
_____________ 
190 2 4 [ 1, 2 ] 
190 3 48 [ 1, 1, 1 ] 
190 4 96 [ 1, 1, 1, 2 ] 
190 5 48 [ 1, 2, 3, 3, 3 ] 
190 6 4 [ 1, 4, 4, 5, 5, 5 ] 
190 7 8 [ 3, 3, 3, 3, 4, 4, 4 ] 
190 8 4 [ 2, 3, 4, 4, 5, 5, 5, 5 ] 
190 9 2 [ 4, 4, 4, 6, 6, 6, 6, 6, 7 ] 
190 10 2 [ 3, 4, 4, 5, 5, 5, 5, 5, 6, 6 ] 
_____________ 
191 2 8 [ 1, 1 ] 
191 3 16 [ 1, 1, 2 ] 
191 4 24 [ 1, 3, 3, 3 ] 
191 5 32 [ 2, 4, 4, 4, 5 ] 
191 6 4 [ 1, 3, 4, 4, 5, 5 ] 
191 7 4 [ 2, 3, 3, 3, 4, 4, 4 ] 
191 8 12 [ 2, 2, 3, 3, 3, 3, 3, 3 ] 
191 9 2 [ 3, 3, 3, 3, 4, 4, 4, 4, 4 ] 
191 10 2 [ 5, 6, 7, 7, 7, 7, 7, 7, 7, 8 ] 
_____________ 
192 2 8 [ 1, 1 ] 
192 3 8 [ 1, 2, 3 ] 
192 4 96 [ 2, 2, 2, 3 ] 
192 5 192 [ 1, 2, 2, 2, 3 ] 
192 6 4 [ 2, 3, 3, 3, 4, 4 ] 
192 7 2 [ 3, 3, 3, 4, 4, 5, 6 ] 
192 8 4 [ 2, 3, 4, 4, 5, 5, 5, 6 ] 
192 9 2 [ 4, 5, 5, 5, 5, 5, 5, 6, 6 ] 
192 10 2 [ 5, 5, 6, 6, 6, 6, 6, 6, 7, 7 ] 
_____________ 
193 2 8 [ 1, 1 ] 
193 3 16 [ 2, 2, 3 ] 
193 4 48 [ 1, 2, 2, 2 ] 
193 5 8 [ 2, 3, 3, 4, 5 ] 
193 6 4 [ 2, 4, 4, 5, 5, 5 ] 
193 7 8 [ 2, 3, 3, 3, 4, 4, 4 ] 
193 8 2 [ 3, 4, 4, 5, 5, 6, 6, 7 ] 
193 9 2 [ 4, 5, 5, 6, 7, 7, 7, 7, 7 ] 
193 10 2 [ 5, 5, 5, 6, 6, 6, 6, 7, 7, 7 ] 
_____________ 
194 2 8 [ 1, 1 ] 
194 3 24 [ 1, 2, 2 ] 
194 4 8 [ 1, 3, 3, 3 ] 
194 5 16 [ 2, 2, 4, 5, 5 ] 
194 6 4 [ 2, 4, 4, 4, 4, 4 ] 
194 7 16 [ 2, 2, 2, 3, 3, 3, 4 ] 
194 8 2 [ 3, 4, 6, 6, 6, 6, 6, 7 ] 
194 9 2 [ 3, 3, 4, 4, 4, 5, 5, 5, 5 ] 
194 10 2 [ 3, 4, 4, 4, 4, 4, 4, 5, 5, 5 ] 
_____________ 
195 2 4 [ 1, 2 ] 
195 3 24 [ 1, 2, 2 ] 
195 4 24 [ 1, 3, 3, 3 ] 
195 5 8 [ 1, 3, 3, 3, 3 ] 
195 6 12 [ 2, 2, 4, 5, 5, 5 ] 
195 7 8 [ 2, 4, 4, 4, 4, 6, 6 ] 
195 8 2 [ 3, 4, 4, 4, 5, 5, 5, 6 ] 
195 9 8 [ 2, 2, 3, 3, 3, 3, 4, 4, 5 ] 
195 10 2 [ 4, 4, 5, 6, 7, 7, 8, 8, 8, 8 ] 
_____________ 
196 2 8 [ 1, 1 ] 
196 3 48 [ 1, 1, 1 ] 
196 4 32 [ 2, 2, 4, 4 ] 
196 5 4 [ 2, 3, 3, 4, 5 ] 
196 6 4 [ 3, 3, 4, 4, 4, 5 ] 
196 7 4 [ 2, 3, 3, 3, 3, 4, 4 ] 
196 8 2 [ 3, 5, 5, 6, 6, 6, 7, 7 ] 
196 9 2 [ 3, 5, 5, 5, 5, 6, 6, 6, 7 ] 
196 10 2 [ 3, 4, 4, 4, 5, 5, 6, 6, 6, 6 ] 
_____________ 
197 2 8 [ 1, 1 ] 
197 3 24 [ 1, 4, 4 ] 
197 4 8 [ 1, 3, 3, 3 ] 
197 5 16 [ 2, 2, 3, 4, 4 ] 
197 6 32 [ 2, 2, 2, 3, 3, 4 ] 
197 7 144 [ 1, 2, 2, 3, 3, 3, 3 ] 
197 8 8 [ 2, 4, 4, 4, 4, 4, 5, 6 ] 
197 9 2 [ 4, 5, 6, 6, 6, 7, 7, 7, 7 ] 
197 10 2 [ 4, 5, 7, 7, 7, 7, 7, 7, 7, 8 ] 
_____________ 
198 2 4 [ 1, 2 ] 
198 3 24 [ 1, 2, 2 ] 
198 4 96 [ 1, 1, 2, 2 ] 
198 5 12 [ 2, 2, 3, 4, 4 ] 
198 6 2 [ 3, 3, 4, 4, 4, 4 ] 
198 7 4 [ 2, 4, 4, 5, 5, 5, 5 ] 
198 8 4 [ 2, 3, 3, 3, 3, 4, 4, 5 ] 
198 9 2 [ 3, 4, 4, 5, 5, 5, 5, 6, 6 ] 
198 10 4 [ 2, 4, 4, 4, 5, 5, 5, 6, 6, 6 ] 
_____________ 
199 2 4 [ 1, 2 ] 
199 3 24 [ 1, 2, 2 ] 
199 4 48 [ 1, 2, 2, 2 ] 
199 5 4 [ 2, 3, 3, 3, 4 ] 
199 6 4 [ 2, 3, 4, 4, 5, 5 ] 
199 7 4 [ 2, 4, 4, 4, 5, 5, 6 ] 
199 8 2 [ 3, 5, 5, 5, 5, 5, 6, 7 ] 
199 9 4 [ 3, 3, 3, 3, 4, 4, 5, 5, 5 ] 
199 10 2 [ 4, 6, 6, 6, 6, 7, 7, 7, 7, 7 ] 
_____________ 
200 2 8 [ 1, 1 ] 
200 3 48 [ 1, 1, 1 ] 
200 4 384 [ 1, 1, 1, 1 ] 
200 5 32 [ 2, 2, 4, 4, 4 ] 
200 6 480 [ 2, 2, 2, 2, 2, 3 ] 
200 7 4608 [ 1, 1, 1, 2, 2, 2, 3 ] 
200 8 2 [ 3, 3, 4, 4, 4, 4, 5, 5 ] 
200 9 4 [ 3, 3, 3, 3, 4, 4, 4, 5, 6 ] 
200 10 2 [ 4, 6, 6, 7, 7, 7, 7, 7, 8, 8 ] 
_____________ 
201 2 8 [ 1, 1 ] 
201 3 24 [ 1, 2, 2 ] 
201 4 96 [ 1, 1, 2, 2 ] 
201 5 64 [ 2, 2, 3, 3, 3 ] 
201 6 240 [ 2, 2, 2, 2, 3, 3 ] 
201 7 16 [ 1, 2, 3, 3, 3, 3, 4 ] 
201 8 16 [ 1, 2, 3, 3, 3, 4, 4, 4 ] 
201 9 2 [ 4, 4, 5, 5, 5, 6, 6, 6, 6 ] 
201 10 2 [ 3, 4, 5, 5, 6, 6, 6, 7, 7, 7 ] 
_____________ 
202 2 8 [ 1, 1 ] 
202 3 16 [ 1, 2, 2 ] 
202 4 96 [ 1, 2, 2, 2 ] 
202 5 16 [ 1, 2, 3, 3, 3 ] 
202 6 12 [ 2, 2, 3, 4, 4, 4 ] 
202 7 4 [ 3, 3, 3, 3, 3, 4, 4 ] 
202 8 2 [ 3, 3, 4, 4, 5, 6, 6, 6 ] 
202 9 2 [ 4, 5, 7, 7, 7, 7, 7, 7, 7 ] 
202 10 2 [ 3, 4, 5, 5, 5, 6, 6, 6, 6, 7 ] 
_____________ 
203 2 8 [ 2, 2 ] 
203 3 24 [ 1, 2, 2 ] 
203 4 384 [ 1, 1, 1, 1 ] 
203 5 16 [ 1, 4, 5, 5, 5 ] 
203 6 1536 [ 2, 2, 2, 2, 4, 4 ] 
203 7 4 [ 2, 4, 4, 4, 5, 5, 5 ] 
203 8 8 [ 2, 2, 3, 3, 3, 3, 5, 5 ] 
203 9 4 [ 2, 5, 5, 5, 6, 7, 7, 7, 8 ] 
203 10 2 [ 5, 5, 6, 6, 6, 6, 6, 6, 7, 7 ] 
_____________ 
204 2 4 [ 1, 2 ] 
204 3 24 [ 1, 2, 2 ] 
204 4 96 [ 1, 1, 2, 2 ] 
204 5 192 [ 1, 2, 2, 2, 3 ] 
204 6 16 [ 2, 2, 3, 5, 6, 6 ] 
204 7 12 [ 2, 2, 3, 3, 4, 4, 5 ] 
204 8 2 [ 3, 4, 4, 4, 5, 5, 5, 6 ] 
204 9 2 [ 3, 4, 5, 6, 6, 7, 7, 8, 8 ] 
204 10 4 [ 2, 3, 3, 4, 4, 4, 4, 4, 4, 4 ] 
_____________ 
205 2 8 [ 1, 1 ] 
205 3 8 [ 1, 2, 3 ] 
205 4 96 [ 1, 1, 2, 2 ] 
205 5 24 [ 2, 2, 2, 4, 4 ] 
205 6 8 [ 2, 3, 4, 4, 5, 5 ] 
205 7 96 [ 2, 2, 4, 4, 4, 4, 4 ] 
205 8 8 [ 2, 3, 3, 3, 3, 3, 4, 4 ] 
205 9 4 [ 2, 3, 4, 4, 4, 4, 4, 5, 5 ] 
205 10 2 [ 3, 4, 4, 4, 5, 6, 7, 7, 7, 7 ] 
_____________ 
206 2 4 [ 1, 2 ] 
206 3 24 [ 1, 4, 4 ] 
206 4 32 [ 2, 2, 4, 4 ] 
206 5 240 [ 2, 2, 2, 2, 3 ] 
206 6 144 [ 2, 2, 2, 3, 3, 3 ] 
206 7 8 [ 4, 4, 4, 4, 4, 4, 4 ] 
206 8 2 [ 4, 4, 5, 6, 6, 6, 6, 7 ] 
206 9 2 [ 4, 4, 5, 5, 6, 6, 6, 6, 7 ] 
206 10 2 [ 5, 6, 6, 6, 7, 7, 7, 7, 7, 7 ] 
_____________ 
207 2 4 [ 1, 2 ] 
207 3 24 [ 1, 2, 2 ] 
207 4 16 [ 2, 2, 3, 4 ] 
207 5 48 [ 1, 2, 3, 3, 3 ] 
207 6 48 [ 2, 2, 2, 3, 3, 4 ] 
207 7 2 [ 3, 3, 3, 3, 4, 4, 5 ] 
207 8 4 [ 2, 4, 4, 5, 5, 5, 6, 6 ] 
207 9 4 [ 2, 5, 6, 7, 7, 7, 7, 7, 7 ] 
207 10 2 [ 3, 6, 6, 6, 6, 6, 7, 7, 7, 8 ] 
_____________ 
208 2 4 [ 1, 2 ] 
208 3 8 [ 1, 2, 3 ] 
208 4 96 [ 1, 2, 2, 2 ] 
208 5 96 [ 2, 2, 2, 2, 4 ] 
208 6 8 [ 2, 2, 3, 3, 4, 5 ] 
208 7 4 [ 1, 3, 3, 6, 6, 6, 7 ] 
208 8 2 [ 3, 3, 5, 5, 5, 5, 5, 5 ] 
208 9 2 [ 5, 5, 6, 6, 6, 7, 7, 7, 7 ] 
208 10 2 [ 3, 3, 5, 5, 5, 5, 5, 6, 6, 6 ] 
_____________ 
209 2 4 [ 1, 2 ] 
209 3 24 [ 1, 2, 2 ] 
209 4 96 [ 2, 2, 2, 3 ] 
209 5 16 [ 1, 4, 4, 4, 5 ] 
209 6 8 [ 2, 2, 3, 4, 5, 5 ] 
209 7 4 [ 1, 4, 4, 5, 5, 6, 6 ] 
209 8 24 [ 2, 2, 2, 3, 3, 3, 4, 4 ] 
209 9 4 [ 2, 6, 6, 6, 6, 6, 6, 6, 6 ] 
209 10 4 [ 2, 4, 4, 5, 5, 5, 5, 6, 6, 6 ] 
_____________ 
210 2 4 [ 1, 2 ] 
210 3 24 [ 1, 2, 2 ] 
210 4 8 [ 1, 4, 4, 4 ] 
210 5 384 [ 1, 1, 2, 2, 2 ] 
210 6 16 [ 2, 2, 3, 3, 3, 3 ] 
210 7 2 [ 4, 4, 5, 5, 5, 5, 6 ] 
210 8 96 [ 1, 2, 2, 2, 4, 4, 5, 5 ] 
210 9 2 [ 4, 5, 6, 7, 7, 8, 8, 8, 8 ] 
210 10 2 [ 3, 4, 5, 5, 5, 5, 6, 6, 6, 6 ] 
_____________ 
211 2 8 [ 1, 1 ] 
211 3 24 [ 1, 2, 2 ] 
211 4 32 [ 1, 2, 2, 3 ] 
211 5 240 [ 2, 2, 2, 2, 3 ] 
211 6 2 [ 3, 4, 6, 6, 6, 7 ] 
211 7 2 [ 3, 3, 4, 4, 5, 5, 5 ] 
211 8 2 [ 3, 3, 4, 4, 5, 5, 5, 6 ] 
211 9 2 [ 4, 4, 5, 5, 5, 5, 5, 6, 6 ] 
211 10 4 [ 3, 4, 4, 4, 5, 5, 5, 5, 5, 6 ] 
_____________ 
212 2 4 [ 1, 2 ] 
212 3 16 [ 1, 1, 2 ] 
212 4 8 [ 2, 2, 4, 5 ] 
212 5 96 [ 1, 2, 2, 2, 3 ] 
212 6 16 [ 2, 2, 3, 3, 3, 3 ] 
212 7 8 [ 2, 2, 3, 3, 4, 4, 4 ] 
212 8 4 [ 2, 4, 5, 6, 6, 6, 6, 7 ] 
212 9 2 [ 4, 4, 4, 5, 5, 6, 7, 8, 8 ] 
212 10 2 [ 4, 5, 6, 6, 7, 7, 7, 7, 7, 8 ] 
_____________ 
213 2 4 [ 1, 2 ] 
213 3 8 [ 1, 2, 3 ] 
213 4 8 [ 1, 2, 3, 3 ] 
213 5 384 [ 1, 1, 2, 2, 2 ] 
213 6 4 [ 2, 3, 5, 5, 5, 5 ] 
213 7 12 [ 2, 2, 3, 4, 4, 4, 5 ] 
213 8 2 [ 3, 3, 3, 3, 3, 4, 4, 5 ] 
213 9 2 [ 6, 6, 6, 6, 6, 6, 6, 6, 6 ] 
213 10 2 [ 4, 5, 5, 6, 6, 7, 7, 7, 7, 7 ] 
_____________ 
214 2 8 [ 1, 1 ] 
214 3 24 [ 1, 2, 2 ] 
214 4 16 [ 1, 2, 3, 3 ] 
214 5 32 [ 2, 3, 4, 4, 5 ] 
214 6 16 [ 2, 2, 4, 4, 4, 5 ] 
214 7 4 [ 3, 4, 4, 4, 4, 4, 5 ] 
214 8 2 [ 3, 3, 3, 3, 4, 4, 4, 4 ] 
214 9 2 [ 4, 4, 4, 6, 6, 7, 7, 7, 7 ] 
214 10 2 [ 5, 7, 7, 7, 8, 8, 8, 8, 8, 8 ] 
_____________ 
215 2 8 [ 1, 1 ] 
215 3 8 [ 1, 2, 3 ] 
215 4 24 [ 1, 2, 2, 3 ] 
215 5 384 [ 1, 1, 2, 2, 2 ] 
215 6 32 [ 2, 2, 2, 4, 4, 4 ] 
215 7 2 [ 3, 3, 4, 4, 4, 5, 5 ] 
215 8 2 [ 4, 5, 5, 6, 6, 6, 6, 7 ] 
215 9 2 [ 3, 3, 3, 4, 4, 4, 4, 4, 5 ] 
215 10 2 [ 4, 5, 5, 6, 6, 7, 7, 7, 7, 7 ] 
_____________ 
216 2 4 [ 1, 2 ] 
216 3 16 [ 1, 2, 2 ] 
216 4 32 [ 1, 4, 4, 4 ] 
216 5 32 [ 1, 1, 3, 3, 3 ] 
216 6 4 [ 2, 3, 4, 5, 5, 5 ] 
216 7 4 [ 3, 3, 4, 4, 4, 4, 5 ] 
216 8 4 [ 2, 3, 4, 4, 4, 4, 4, 5 ] 
216 9 2 [ 3, 4, 5, 5, 5, 6, 6, 7, 7 ] 
216 10 2 [ 7, 7, 7, 7, 7, 7, 7, 7, 7, 7 ] 
_____________ 
217 2 4 [ 1, 2 ] 
217 3 48 [ 2, 2, 2 ] 
217 4 384 [ 1, 1, 1, 1 ] 
217 5 4 [ 1, 3, 3, 3, 4 ] 
217 6 32 [ 2, 3, 3, 5, 5, 5 ] 
217 7 4 [ 2, 5, 6, 7, 7, 7, 7 ] 
217 8 2 [ 3, 5, 5, 5, 6, 6, 6, 6 ] 
217 9 2 [ 3, 5, 5, 6, 6, 6, 6, 7, 7 ] 
217 10 2 [ 6, 7, 7, 7, 7, 7, 8, 8, 8, 8 ] 
_____________ 
218 2 8 [ 1, 1 ] 
218 3 8 [ 1, 2, 3 ] 
218 4 8 [ 1, 2, 3, 3 ] 
218 5 16 [ 1, 3, 3, 3, 3 ] 
218 6 8 [ 1, 3, 3, 3, 3, 4 ] 
218 7 4 [ 3, 3, 3, 4, 4, 4, 5 ] 
218 8 2 [ 4, 4, 4, 4, 4, 4, 5, 6 ] 
218 9 2 [ 5, 5, 5, 5, 6, 6, 6, 6, 6 ] 
218 10 2 [ 5, 7, 7, 7, 7, 8, 8, 8, 8, 9 ] 
_____________ 
219 2 4 [ 1, 2 ] 
219 3 16 [ 1, 2, 2 ] 
219 4 32 [ 1, 1, 2, 3 ] 
219 5 8 [ 2, 3, 3, 4, 4 ] 
219 6 8 [ 1, 3, 3, 3, 3, 3 ] 
219 7 4 [ 2, 3, 3, 5, 5, 5, 6 ] 
219 8 2 [ 3, 3, 3, 3, 4, 4, 4, 5 ] 
219 9 2 [ 6, 6, 6, 6, 7, 7, 7, 7, 7 ] 
219 10 2 [ 6, 6, 7, 7, 7, 7, 8, 8, 8, 8 ] 
_____________ 
220 2 8 [ 1, 1 ] 
220 3 8 [ 1, 2, 3 ] 
220 4 16 [ 2, 2, 4, 4 ] 
220 5 64 [ 2, 2, 4, 4, 4 ] 
220 6 16 [ 2, 3, 3, 3, 3, 4 ] 
220 7 4 [ 2, 4, 5, 5, 5, 5, 7 ] 
220 8 4 [ 2, 3, 3, 3, 3, 4, 4, 4 ] 
220 9 2 [ 3, 3, 3, 4, 4, 4, 5, 6, 7 ] 
220 10 2 [ 4, 5, 6, 6, 6, 6, 7, 7, 7, 7 ] 
_____________ 
221 2 12 [ 2, 2 ] 
221 3 16 [ 1, 1, 2 ] 
221 4 48 [ 1, 2, 2, 2 ] 
221 5 16 [ 1, 4, 4, 4, 4 ] 
221 6 48 [ 2, 2, 2, 3, 4, 4 ] 
221 7 2 [ 3, 3, 4, 4, 4, 5, 5 ] 
221 8 2880 [ 2, 2, 2, 2, 2, 3, 3, 3 ] 
221 9 4 [ 2, 3, 3, 3, 3, 4, 5, 5, 6 ] 
221 10 2 [ 6, 6, 7, 7, 7, 7, 7, 8, 8, 8 ] 
_____________ 
222 2 8 [ 1, 1 ] 
222 3 24 [ 1, 4, 4 ] 
222 4 96 [ 1, 2, 2, 2 ] 
222 5 8 [ 1, 2, 4, 5, 5 ] 
222 6 8 [ 2, 2, 3, 3, 3, 4 ] 
222 7 192 [ 2, 4, 4, 4, 4, 4, 4 ] 
222 8 2 [ 3, 3, 4, 4, 6, 6, 6, 6 ] 
222 9 2 [ 3, 4, 4, 5, 5, 5, 5, 5, 6 ] 
222 10 4 [ 2, 4, 4, 4, 4, 4, 6, 6, 6, 6 ] 
_____________ 
223 2 4 [ 1, 2 ] 
223 3 24 [ 1, 2, 2 ] 
223 4 96 [ 2, 2, 2, 3 ] 
223 5 48 [ 1, 2, 2, 3, 3 ] 
223 6 16 [ 1, 4, 4, 4, 4, 4 ] 
223 7 16 [ 2, 3, 3, 4, 5, 5, 5 ] 
223 8 16 [ 2, 2, 3, 3, 3, 3, 3, 4 ] 
223 9 2 [ 3, 4, 4, 4, 5, 5, 5, 5, 6 ] 
223 10 2 [ 4, 4, 4, 5, 5, 5, 6, 6, 7, 7 ] 
_____________ 
224 2 8 [ 1, 1 ] 
224 3 24 [ 1, 4, 4 ] 
224 4 96 [ 1, 1, 1, 2 ] 
224 5 128 [ 1, 1, 2, 2, 3 ] 
224 6 4 [ 2, 3, 3, 3, 3, 3 ] 
224 7 4 [ 2, 4, 4, 5, 5, 5, 6 ] 
224 8 4 [ 3, 3, 4, 4, 4, 4, 5, 5 ] 
224 9 2 [ 4, 4, 4, 4, 4, 4, 5, 5, 5 ] 
224 10 2 [ 4, 4, 4, 4, 4, 5, 5, 6, 6, 7 ] 
_____________ 
225 2 4 [ 1, 2 ] 
225 3 48 [ 1, 1, 1 ] 
225 4 96 [ 1, 2, 2, 2 ] 
225 5 4 [ 1, 3, 4, 4, 5 ] 
225 6 32 [ 2, 2, 4, 4, 4, 4 ] 
225 7 4 [ 2, 3, 3, 4, 4, 4, 4 ] 
225 8 8 [ 1, 3, 3, 3, 4, 4, 4, 5 ] 
225 9 2 [ 3, 3, 4, 4, 5, 5, 5, 5, 6 ] 
225 10 2 [ 5, 5, 6, 7, 7, 7, 7, 8, 8, 8 ] 
_____________ 
226 2 8 [ 2, 2 ] 
226 3 16 [ 1, 1, 2 ] 
226 4 8 [ 2, 3, 3, 4 ] 
226 5 32 [ 1, 3, 3, 4, 4 ] 
226 6 256 [ 1, 1, 2, 4, 4, 4 ] 
226 7 8 [ 2, 4, 4, 4, 4, 4, 4 ] 
226 8 2 [ 3, 3, 3, 4, 4, 4, 5, 5 ] 
226 9 2 [ 4, 4, 5, 5, 5, 5, 5, 5, 5 ] 
226 10 16 [ 2, 2, 2, 3, 3, 3, 3, 3, 4, 4 ] 
_____________ 
227 2 8 [ 1, 1 ] 
227 3 24 [ 1, 2, 2 ] 
227 4 16 [ 1, 2, 3, 3 ] 
227 5 48 [ 1, 2, 3, 3, 3 ] 
227 6 32 [ 2, 2, 4, 4, 4, 4 ] 
227 7 2 [ 5, 5, 5, 6, 6, 6, 6 ] 
227 8 2 [ 3, 4, 5, 5, 5, 5, 6, 7 ] 
227 9 2 [ 4, 5, 5, 5, 5, 6, 6, 6, 7 ] 
227 10 4 [ 4, 4, 4, 4, 4, 4, 4, 4, 6, 6 ] 
_____________ 
228 2 8 [ 1, 1 ] 
228 3 48 [ 1, 1, 1 ] 
228 4 24 [ 1, 2, 2, 3 ] 
228 5 3840 [ 1, 1, 1, 1, 1 ] 
228 6 8 [ 2, 2, 3, 3, 3, 4 ] 
228 7 4 [ 2, 3, 3, 3, 3, 4, 4 ] 
228 8 2 [ 4, 5, 6, 6, 7, 7, 7, 9 ] 
228 9 2 [ 5, 5, 6, 6, 6, 6, 7, 8, 8 ] 
228 10 2 [ 3, 4, 4, 4, 4, 5, 5, 5, 5, 5 ] 
_____________ 
229 2 4 [ 1, 2 ] 
229 3 8 [ 1, 2, 3 ] 
229 4 24 [ 1, 2, 2, 3 ] 
229 5 8 [ 2, 3, 3, 3, 4 ] 
229 6 2 [ 3, 4, 4, 4, 5, 5 ] 
229 7 2 [ 3, 3, 3, 3, 4, 4, 4 ] 
229 8 4 [ 2, 4, 4, 4, 5, 5, 6, 6 ] 
229 9 2 [ 3, 4, 5, 5, 5, 6, 6, 7, 7 ] 
229 10 4 [ 3, 4, 4, 4, 5, 5, 5, 5, 5, 6 ] 
_____________ 
230 2 4 [ 1, 2 ] 
230 3 24 [ 1, 2, 2 ] 
230 4 96 [ 1, 1, 1, 2 ] 
230 5 24 [ 2, 2, 2, 3, 3 ] 
230 6 1920 [ 1, 1, 2, 2, 2, 2 ] 
230 7 16 [ 2, 2, 2, 3, 3, 3, 4 ] 
230 8 4 [ 4, 4, 5, 6, 6, 7, 7, 7 ] 
230 9 2 [ 3, 4, 5, 6, 6, 7, 7, 7, 7 ] 
230 10 2 [ 4, 5, 7, 9, 9, 9, 9, 9, 9, 9 ] 
_____________ 
231 2 12 [ 2, 2 ] 
231 3 48 [ 1, 1, 1 ] 
231 4 96 [ 1, 1, 1, 2 ] 
231 5 48 [ 2, 2, 2, 4, 4 ] 
231 6 4 [ 2, 3, 3, 3, 4, 4 ] 
231 7 192 [ 1, 1, 1, 3, 3, 3, 3 ] 
231 8 2 [ 3, 3, 4, 4, 4, 4, 5, 5 ] 
231 9 2 [ 5, 6, 6, 6, 6, 7, 7, 7, 7 ] 
231 10 2 [ 3, 5, 5, 5, 5, 5, 5, 6, 6, 6 ] 
_____________ 
232 2 8 [ 1, 1 ] 
232 3 8 [ 1, 2, 3 ] 
232 4 8 [ 1, 3, 4, 4 ] 
232 5 48 [ 1, 2, 3, 3, 3 ] 
232 6 8 [ 2, 2, 3, 4, 4, 4 ] 
232 7 16 [ 2, 2, 2, 3, 4, 4, 5 ] 
232 8 2 [ 4, 4, 4, 4, 6, 6, 6, 6 ] 
232 9 2 [ 3, 3, 4, 5, 5, 6, 6, 6, 7 ] 
232 10 2 [ 4, 5, 5, 6, 6, 6, 6, 6, 6, 6 ] 
_____________ 
233 2 4 [ 1, 2 ] 
233 3 24 [ 1, 2, 2 ] 
233 4 16 [ 2, 3, 3, 3 ] 
233 5 48 [ 1, 2, 2, 2, 3 ] 
233 6 512 [ 1, 1, 2, 2, 3, 3 ] 
233 7 2 [ 4, 5, 6, 6, 6, 6, 7 ] 
233 8 2 [ 5, 5, 5, 6, 7, 7, 7, 8 ] 
233 9 2 [ 4, 5, 5, 5, 5, 5, 5, 6, 6 ] 
233 10 2 [ 3, 4, 4, 5, 5, 5, 5, 5, 6, 6 ] 
_____________ 
234 2 8 [ 1, 1 ] 
234 3 24 [ 1, 2, 2 ] 
234 4 384 [ 1, 1, 1, 1 ] 
234 5 768 [ 1, 1, 1, 1, 2 ] 
234 6 192 [ 1, 1, 2, 2, 2, 3 ] 
234 7 4 [ 2, 3, 3, 4, 4, 5, 5 ] 
234 8 4 [ 2, 3, 3, 3, 3, 3, 4, 4 ] 
234 9 2 [ 6, 6, 6, 7, 7, 7, 7, 7, 7 ] 
234 10 2 [ 3, 4, 6, 6, 7, 7, 7, 7, 8, 8 ] 
_____________ 
235 2 8 [ 1, 1 ] 
235 3 16 [ 2, 2, 3 ] 
235 4 24 [ 1, 2, 2, 3 ] 
235 5 16 [ 2, 2, 3, 4, 4 ] 
235 6 4 [ 4, 4, 4, 4, 6, 6 ] 
235 7 8 [ 1, 2, 3, 4, 4, 4, 4 ] 
235 8 2 [ 3, 3, 3, 4, 4, 5, 5, 5 ] 
235 9 2 [ 4, 4, 4, 5, 5, 6, 7, 7, 7 ] 
235 10 2 [ 5, 5, 7, 8, 8, 8, 8, 9, 9, 10 ] 
_____________ 
236 2 12 [ 2, 2 ] 
236 3 24 [ 1, 2, 2 ] 
236 4 8 [ 2, 2, 3, 3 ] 
236 5 480 [ 1, 2, 2, 2, 2 ] 
236 6 8 [ 1, 2, 3, 5, 5, 6 ] 
236 7 4 [ 2, 4, 4, 5, 6, 6, 7 ] 
236 8 2 [ 3, 5, 5, 6, 7, 7, 7, 8 ] 
236 9 8 [ 2, 2, 3, 3, 3, 4, 4, 5, 5 ] 
236 10 2 [ 4, 6, 6, 6, 6, 7, 7, 7, 7, 7 ] 
_____________ 
237 2 4 [ 1, 2 ] 
237 3 48 [ 1, 1, 1 ] 
237 4 96 [ 1, 1, 1, 2 ] 
237 5 8 [ 2, 2, 3, 4, 4 ] 
237 6 2 [ 3, 4, 4, 4, 5, 5 ] 
237 7 48 [ 2, 2, 2, 4, 4, 4, 4 ] 
237 8 2 [ 3, 3, 3, 4, 4, 4, 5, 6 ] 
237 9 2 [ 5, 5, 7, 7, 8, 8, 8, 8, 8 ] 
237 10 2 [ 3, 4, 4, 4, 5, 5, 5, 6, 6, 6 ] 
_____________ 
238 2 4 [ 1, 2 ] 
238 3 24 [ 1, 2, 2 ] 
238 4 240 [ 2, 2, 2, 2 ] 
238 5 32 [ 2, 2, 3, 3, 3 ] 
238 6 16 [ 1, 2, 3, 3, 3, 3 ] 
238 7 4 [ 2, 3, 3, 4, 4, 4, 5 ] 
238 8 8 [ 2, 2, 3, 4, 5, 5, 6, 6 ] 
238 9 2 [ 4, 5, 5, 6, 6, 6, 6, 7, 7 ] 
238 10 4 [ 2, 3, 3, 3, 3, 4, 4, 4, 4, 5 ] 
_____________ 
239 2 4 [ 1, 2 ] 
239 3 24 [ 1, 2, 2 ] 
239 4 16 [ 1, 2, 3, 3 ] 
239 5 4 [ 3, 4, 4, 4, 5 ] 
239 6 4 [ 2, 3, 3, 4, 4, 5 ] 
239 7 2 [ 3, 4, 5, 5, 5, 5, 5 ] 
239 8 4 [ 2, 4, 4, 6, 6, 6, 6, 7 ] 
239 9 2 [ 3, 5, 5, 5, 6, 6, 6, 7, 7 ] 
239 10 2 [ 5, 6, 7, 7, 7, 7, 7, 7, 7, 7 ] 
_____________ 
240 2 4 [ 1, 2 ] 
240 3 24 [ 1, 4, 4 ] 
240 4 8 [ 1, 2, 3, 3 ] 
240 5 48 [ 2, 2, 2, 4, 4 ] 
240 6 24 [ 2, 2, 3, 3, 3, 4 ] 
240 7 2 [ 3, 5, 5, 5, 5, 5, 6 ] 
240 8 4 [ 2, 4, 4, 5, 5, 5, 6, 6 ] 
240 9 2 [ 3, 3, 3, 4, 4, 4, 4, 4, 5 ] 
240 10 4 [ 2, 4, 5, 5, 5, 5, 6, 6, 6, 6 ] 
_____________ 
241 2 8 [ 2, 2 ] 
241 3 8 [ 1, 3, 3 ] 
241 4 32 [ 1, 2, 2, 3 ] 
241 5 192 [ 1, 2, 2, 2, 2 ] 
241 6 192 [ 1, 1, 1, 2, 3, 3 ] 
241 7 4 [ 4, 4, 4, 4, 4, 4, 4 ] 
241 8 4 [ 3, 3, 3, 4, 4, 4, 5, 5 ] 
241 9 4 [ 4, 4, 4, 5, 5, 5, 5, 5, 7 ] 
241 10 2 [ 3, 3, 4, 5, 5, 5, 5, 5, 5, 5 ] 
_____________ 
242 2 4 [ 1, 2 ] 
242 3 48 [ 1, 1, 1 ] 
242 4 24 [ 2, 2, 2, 3 ] 
242 5 16 [ 1, 3, 3, 4, 4 ] 
242 6 8 [ 1, 2, 4, 4, 5, 6 ] 
242 7 144 [ 2, 2, 2, 2, 2, 3, 4 ] 
242 8 2 [ 4, 4, 4, 4, 5, 5, 5, 6 ] 
242 9 2 [ 3, 4, 4, 5, 5, 5, 6, 6, 7 ] 
242 10 2 [ 5, 6, 7, 7, 7, 7, 8, 8, 8, 8 ] 
_____________ 
243 2 8 [ 1, 1 ] 
243 3 24 [ 1, 2, 2 ] 
243 4 24 [ 1, 2, 2, 3 ] 
243 5 2 [ 3, 3, 3, 4, 4 ] 
243 6 8 [ 2, 3, 3, 3, 4, 4 ] 
243 7 2 [ 3, 5, 5, 6, 6, 6, 7 ] 
243 8 4 [ 3, 3, 3, 3, 3, 3, 3, 3 ] 
243 9 2 [ 3, 5, 5, 5, 5, 6, 6, 6, 6 ] 
243 10 2 [ 6, 6, 6, 7, 7, 7, 7, 8, 8, 8 ] 
_____________ 
244 2 4 [ 1, 2 ] 
244 3 48 [ 1, 1, 1 ] 
244 4 24 [ 1, 3, 3, 3 ] 
244 5 64 [ 2, 2, 2, 3, 3 ] 
244 6 8 [ 1, 3, 3, 3, 3, 4 ] 
244 7 96 [ 2, 2, 2, 3, 3, 3, 3 ] 
244 8 2 [ 5, 6, 6, 6, 6, 6, 7, 7 ] 
244 9 4 [ 2, 3, 5, 5, 5, 5, 6, 6, 6 ] 
244 10 4 [ 2, 3, 4, 4, 4, 4, 5, 5, 5, 6 ] 
_____________ 
245 2 8 [ 1, 1 ] 
245 3 24 [ 1, 2, 2 ] 
245 4 24 [ 1, 2, 2, 3 ] 
245 5 128 [ 1, 2, 2, 3, 3 ] 
245 6 2 [ 3, 3, 4, 4, 5, 5 ] 
245 7 8 [ 2, 4, 5, 5, 5, 5, 6 ] 
245 8 2 [ 3, 3, 4, 5, 5, 5, 6, 6 ] 
245 9 2 [ 4, 4, 5, 5, 5, 5, 5, 6, 6 ] 
245 10 2 [ 4, 4, 4, 5, 5, 6, 6, 6, 6, 7 ] 
_____________ 
246 2 8 [ 1, 1 ] 
246 3 24 [ 1, 2, 2 ] 
246 4 8 [ 1, 3, 3, 3 ] 
246 5 128 [ 1, 1, 2, 2, 3 ] 
246 6 16 [ 1, 4, 4, 4, 4, 5 ] 
246 7 4 [ 4, 4, 5, 5, 5, 6, 6 ] 
246 8 4 [ 2, 3, 3, 3, 4, 4, 5, 5 ] 
246 9 2 [ 3, 3, 4, 4, 4, 4, 5, 5, 5 ] 
246 10 2 [ 4, 5, 5, 6, 8, 8, 8, 8, 8, 8 ] 
_____________ 
247 2 4 [ 1, 2 ] 
247 3 48 [ 1, 1, 1 ] 
247 4 384 [ 1, 1, 1, 1 ] 
247 5 8 [ 1, 3, 4, 4, 4 ] 
247 6 4 [ 2, 5, 5, 5, 6, 6 ] 
247 7 4 [ 2, 3, 3, 3, 4, 5, 6 ] 
247 8 2 [ 3, 4, 5, 7, 7, 7, 7, 7 ] 
247 9 2 [ 3, 4, 4, 4, 5, 5, 5, 5, 5 ] 
247 10 2 [ 5, 6, 6, 7, 7, 7, 7, 7, 8, 8 ] 
_____________ 
248 2 8 [ 2, 2 ] 
248 3 16 [ 2, 2, 3 ] 
248 4 96 [ 1, 1, 4, 4 ] 
248 5 192 [ 2, 2, 2, 4, 4 ] 
248 6 288 [ 2, 2, 2, 2, 2, 4 ] 
248 7 2 [ 3, 4, 4, 4, 5, 5, 5 ] 
248 8 2 [ 3, 3, 4, 4, 4, 5, 5, 6 ] 
248 9 2 [ 3, 6, 6, 6, 6, 7, 7, 7, 7 ] 
248 10 2 [ 4, 4, 5, 5, 5, 5, 6, 6, 7, 7 ] 
_____________ 
249 2 8 [ 1, 1 ] 
249 3 8 [ 1, 2, 3 ] 
249 4 96 [ 1, 1, 1, 2 ] 
249 5 48 [ 1, 2, 2, 2, 3 ] 
249 6 16 [ 1, 2, 4, 4, 4, 5 ] 
249 7 4 [ 2, 3, 3, 4, 4, 4, 5 ] 
249 8 32 [ 1, 1, 5, 5, 5, 5, 6, 6 ] 
249 9 12 [ 2, 2, 3, 3, 3, 3, 3, 4, 5 ] 
249 10 2 [ 5, 5, 5, 7, 7, 7, 7, 7, 7, 7 ] 
_____________ 
250 2 8 [ 1, 1 ] 
250 3 24 [ 1, 2, 2 ] 
250 4 32 [ 1, 1, 3, 3 ] 
250 5 4 [ 2, 3, 4, 5, 5 ] 
250 6 24 [ 1, 3, 3, 3, 3, 3 ] 
250 7 2 [ 3, 4, 4, 4, 4, 5, 5 ] 
250 8 8 [ 1, 2, 3, 4, 4, 5, 5, 5 ] 
250 9 2 [ 3, 4, 5, 5, 5, 6, 7, 7, 7 ] 
250 10 2 [ 4, 5, 5, 5, 5, 6, 6, 6, 6, 7 ] 
_____________ 
251 2 4 [ 1, 2 ] 
251 3 24 [ 1, 2, 2 ] 
251 4 96 [ 2, 2, 2, 2 ] 
251 5 32 [ 2, 4, 4, 4, 4 ] 
251 6 8 [ 2, 4, 4, 4, 4, 4 ] 
251 7 4 [ 2, 6, 6, 6, 6, 6, 6 ] 
251 8 2 [ 3, 4, 5, 5, 5, 5, 5, 5 ] 
251 9 2 [ 3, 4, 4, 4, 5, 5, 5, 6, 6 ] 
251 10 2 [ 4, 5, 5, 5, 6, 6, 7, 7, 7, 7 ] 
_____________ 
252 2 12 [ 2, 2 ] 
252 3 48 [ 1, 1, 1 ] 
252 4 384 [ 1, 1, 1, 1 ] 
252 5 576 [ 1, 1, 1, 2, 2 ] 
252 6 48 [ 1, 2, 2, 2, 3, 3 ] 
252 7 4 [ 2, 3, 3, 3, 3, 4, 4 ] 
252 8 2 [ 3, 3, 5, 5, 5, 6, 6, 6 ] 
252 9 8 [ 2, 2, 4, 4, 4, 5, 6, 6, 6 ] 
252 10 2 [ 5, 6, 6, 6, 6, 7, 7, 7, 7, 8 ] 
_____________ 
253 2 4 [ 1, 2 ] 
253 3 24 [ 1, 2, 2 ] 
253 4 8 [ 1, 4, 4, 5 ] 
253 5 16 [ 2, 2, 4, 4, 4 ] 
253 6 1920 [ 1, 1, 2, 2, 2, 2 ] 
253 7 4608 [ 1, 1, 2, 2, 2, 2, 2 ] 
253 8 2 [ 4, 5, 6, 6, 6, 6, 7, 7 ] 
253 9 4 [ 2, 4, 4, 4, 4, 4, 4, 4, 4 ] 
253 10 2 [ 3, 4, 5, 5, 5, 6, 6, 6, 7, 7 ] 
_____________ 
254 2 4 [ 1, 2 ] 
254 3 8 [ 1, 2, 3 ] 
254 4 96 [ 1, 1, 2, 2 ] 
254 5 96 [ 1, 2, 2, 2, 3 ] 
254 6 4 [ 2, 3, 3, 3, 4, 4 ] 
254 7 2 [ 3, 3, 3, 3, 3, 4, 4 ] 
254 8 2 [ 3, 4, 4, 5, 5, 5, 5, 5 ] 
254 9 2 [ 3, 6, 6, 6, 6, 6, 7, 7, 8 ] 
254 10 2 [ 5, 5, 6, 6, 6, 6, 6, 6, 7, 7 ] 
_____________ 
255 2 8 [ 1, 1 ] 
255 3 16 [ 2, 2, 3 ] 
255 4 96 [ 1, 4, 4, 4 ] 
255 5 8 [ 1, 2, 3, 3, 3 ] 
255 6 2 [ 3, 4, 5, 5, 5, 6 ] 
255 7 8 [ 2, 2, 4, 4, 4, 4, 4 ] 
255 8 4 [ 4, 4, 5, 6, 6, 6, 6, 6 ] 
255 9 2 [ 6, 6, 6, 6, 7, 7, 7, 7, 7 ] 
255 10 2 [ 5, 5, 6, 6, 7, 7, 7, 7, 8, 8 ] 
_____________ 
256 2 4 [ 1, 2 ] 
256 3 16 [ 1, 2, 2 ] 
256 4 96 [ 1, 1, 1, 2 ] 
256 5 32 [ 2, 2, 2, 4, 4 ] 
256 6 12 [ 2, 2, 4, 4, 5, 5 ] 
256 7 2 [ 3, 3, 3, 4, 4, 4, 4 ] 
256 8 2 [ 3, 3, 4, 4, 5, 5, 5, 5 ] 
256 9 2 [ 4, 4, 6, 6, 6, 6, 6, 6, 7 ] 
256 10 2 [ 4, 4, 4, 5, 5, 5, 5, 6, 6, 6 ] 
_____________ 
257 2 8 [ 1, 1 ] 
257 3 16 [ 1, 2, 2 ] 
257 4 24 [ 1, 3, 3, 3 ] 
257 5 4 [ 2, 4, 5, 5, 5 ] 
257 6 96 [ 1, 1, 2, 2, 3, 4 ] 
257 7 64 [ 2, 2, 2, 2, 3, 3, 4 ] 
257 8 2 [ 3, 4, 5, 6, 8, 8, 8, 9 ] 
257 9 2 [ 3, 5, 5, 6, 6, 8, 8, 8, 8 ] 
257 10 4 [ 2, 4, 4, 4, 5, 5, 6, 6, 6, 6 ] 
_____________ 
258 2 8 [ 1, 1 ] 
258 3 8 [ 1, 2, 3 ] 
258 4 16 [ 1, 3, 4, 4 ] 
258 5 32 [ 1, 4, 4, 4, 4 ] 
258 6 4 [ 2, 3, 3, 3, 4, 4 ] 
258 7 256 [ 2, 2, 2, 2, 3, 4, 4 ] 
258 8 2 [ 3, 3, 4, 4, 6, 7, 7, 7 ] 
258 9 2 [ 4, 5, 5, 5, 5, 5, 5, 5, 5 ] 
258 10 2 [ 6, 7, 7, 7, 7, 8, 8, 8, 8, 8 ] 
_____________ 
259 2 4 [ 1, 2 ] 
259 3 48 [ 1, 1, 1 ] 
259 4 32 [ 1, 2, 2, 3 ] 
259 5 96 [ 1, 1, 2, 2, 3 ] 
259 6 4 [ 2, 3, 3, 3, 4, 5 ] 
259 7 4 [ 2, 3, 5, 6, 7, 7, 7 ] 
259 8 4 [ 2, 3, 5, 6, 6, 7, 7, 7 ] 
259 9 2 [ 4, 5, 5, 6, 6, 6, 6, 6, 7 ] 
259 10 2 [ 3, 4, 4, 4, 4, 4, 5, 5, 6, 6 ] 
_____________ 
260 2 8 [ 1, 1 ] 
260 3 8 [ 1, 3, 3 ] 
260 4 24 [ 2, 2, 2, 3 ] 
260 5 24 [ 2, 2, 2, 3, 4 ] 
260 6 4 [ 2, 3, 3, 4, 5, 5 ] 
260 7 2 [ 3, 3, 4, 6, 6, 6, 6 ] 
260 8 2 [ 3, 4, 4, 5, 6, 7, 7, 7 ] 
260 9 2 [ 3, 3, 3, 3, 4, 5, 5, 5, 5 ] 
260 10 2 [ 6, 6, 7, 8, 8, 8, 8, 8, 8, 9 ] 
_____________ 
261 2 4 [ 1, 2 ] 
261 3 24 [ 1, 2, 2 ] 
261 4 384 [ 1, 1, 1, 1 ] 
261 5 8 [ 2, 2, 4, 4, 5 ] 
261 6 4 [ 2, 3, 3, 4, 4, 4 ] 
261 7 4 [ 2, 3, 4, 5, 6, 6, 7 ] 
261 8 2 [ 3, 3, 4, 4, 5, 6, 7, 7 ] 
261 9 8 [ 2, 2, 3, 3, 3, 3, 4, 5, 5 ] 
261 10 2 [ 5, 6, 7, 7, 7, 8, 8, 8, 8, 9 ] 
_____________ 
262 2 4 [ 1, 2 ] 
262 3 24 [ 1, 2, 2 ] 
262 4 32 [ 1, 4, 4, 4 ] 
262 5 8 [ 2, 2, 3, 3, 3 ] 
262 6 8 [ 2, 3, 4, 4, 5, 5 ] 
262 7 2 [ 3, 4, 5, 5, 5, 6, 6 ] 
262 8 2 [ 3, 4, 4, 6, 6, 7, 7, 7 ] 
262 9 4 [ 2, 3, 4, 4, 4, 4, 5, 5, 5 ] 
262 10 2 [ 4, 6, 7, 7, 8, 8, 8, 8, 8, 9 ] 
_____________ 
263 2 8 [ 1, 1 ] 
263 3 48 [ 1, 1, 1 ] 
263 4 96 [ 1, 2, 2, 2 ] 
263 5 8 [ 2, 3, 3, 4, 5 ] 
263 6 4 [ 2, 3, 4, 4, 5, 5 ] 
263 7 8 [ 2, 3, 3, 3, 3, 4, 5 ] 
263 8 4 [ 2, 4, 4, 4, 4, 4, 6, 6 ] 
263 9 2 [ 5, 5, 6, 6, 6, 6, 6, 6, 7 ] 
263 10 4 [ 2, 3, 3, 4, 4, 4, 5, 5, 5, 5 ] 
_____________ 
264 2 8 [ 1, 1 ] 
264 3 48 [ 2, 2, 2 ] 
264 4 8 [ 1, 2, 3, 4 ] 
264 5 128 [ 1, 1, 2, 2, 3 ] 
264 6 2 [ 4, 4, 4, 4, 6, 6 ] 
264 7 4 [ 2, 3, 4, 4, 4, 5, 6 ] 
264 8 4 [ 2, 4, 6, 6, 6, 6, 6, 6 ] 
264 9 2 [ 4, 4, 4, 4, 4, 4, 6, 6, 7 ] 
264 10 2 [ 4, 6, 6, 7, 7, 7, 7, 7, 7, 8 ] 
_____________ 
265 2 8 [ 1, 1 ] 
265 3 24 [ 1, 4, 4 ] 
265 4 24 [ 2, 2, 2, 3 ] 
265 5 48 [ 2, 2, 2, 4, 4 ] 
265 6 48 [ 2, 2, 4, 4, 5, 5 ] 
265 7 2 [ 5, 5, 5, 6, 6, 7, 8 ] 
265 8 2 [ 3, 4, 4, 5, 5, 5, 5, 5 ] 
265 9 4 [ 2, 3, 3, 3, 3, 4, 4, 4, 5 ] 
265 10 4 [ 3, 5, 5, 5, 7, 7, 7, 8, 8, 8 ] 
_____________ 
266 2 12 [ 2, 2 ] 
266 3 48 [ 1, 1, 1 ] 
266 4 96 [ 1, 2, 2, 2 ] 
266 5 240 [ 2, 2, 2, 2, 3 ] 
266 6 9216 [ 1, 1, 2, 2, 2, 2 ] 
266 7 4 [ 2, 4, 4, 4, 4, 6, 6 ] 
266 8 2 [ 3, 4, 4, 4, 4, 4, 4, 5 ] 
266 9 2 [ 3, 4, 4, 4, 5, 5, 6, 6, 6 ] 
266 10 4 [ 2, 4, 4, 5, 5, 5, 6, 6, 6, 6 ] 
_____________ 
267 2 4 [ 1, 2 ] 
267 3 24 [ 1, 4, 4 ] 
267 4 64 [ 1, 1, 2, 2 ] 
267 5 96 [ 2, 2, 2, 2, 3 ] 
267 6 48 [ 2, 2, 2, 3, 3, 3 ] 
267 7 4 [ 2, 3, 4, 4, 4, 4, 5 ] 
267 8 2 [ 4, 4, 4, 5, 5, 5, 6, 6 ] 
267 9 24 [ 2, 2, 3, 3, 4, 4, 4, 5, 5 ] 
267 10 2 [ 3, 4, 4, 5, 5, 6, 6, 6, 7, 7 ] 
_____________ 
268 2 4 [ 1, 2 ] 
268 3 48 [ 2, 2, 2 ] 
268 4 32 [ 2, 2, 4, 4 ] 
268 5 16 [ 1, 2, 2, 3, 3 ] 
268 6 4 [ 2, 3, 3, 4, 5, 6 ] 
268 7 2 [ 3, 4, 4, 4, 4, 4, 4 ] 
268 8 16 [ 1, 2, 4, 4, 5, 5, 5, 5 ] 
268 9 2 [ 5, 5, 6, 6, 6, 7, 7, 7, 8 ] 
268 10 4 [ 2, 3, 3, 4, 4, 5, 5, 5, 5, 5 ] 
_____________ 
269 2 4 [ 1, 2 ] 
269 3 16 [ 1, 1, 2 ] 
269 4 8 [ 1, 2, 3, 3 ] 
269 5 8 [ 1, 2, 3, 3, 4 ] 
269 6 2 [ 3, 5, 5, 5, 5, 6 ] 
269 7 4 [ 2, 3, 4, 4, 4, 5, 5 ] 
269 8 8 [ 2, 3, 4, 4, 4, 5, 5, 5 ] 
269 9 576 [ 2, 2, 2, 2, 2, 2, 4, 4, 4 ] 
269 10 16 [ 2, 2, 2, 3, 3, 3, 4, 4, 4, 4 ] 
_____________ 
270 2 4 [ 1, 2 ] 
270 3 8 [ 1, 3, 3 ] 
270 4 24 [ 1, 2, 2, 3 ] 
270 5 96 [ 2, 2, 2, 2, 3 ] 
270 6 384 [ 1, 2, 2, 2, 2, 3 ] 
270 7 32 [ 1, 2, 2, 3, 3, 3, 3 ] 
270 8 8 [ 2, 2, 3, 3, 3, 4, 4, 4 ] 
270 9 4 [ 2, 3, 3, 3, 4, 4, 5, 5, 5 ] 
270 10 2 [ 5, 6, 6, 6, 6, 7, 7, 7, 7, 8 ] 
_____________ 
271 2 8 [ 1, 1 ] 
271 3 24 [ 1, 2, 2 ] 
271 4 16 [ 1, 5, 5, 6 ] 
271 5 4 [ 1, 5, 5, 5, 5 ] 
271 6 8 [ 2, 2, 3, 3, 4, 4 ] 
271 7 4 [ 2, 3, 3, 3, 4, 5, 5 ] 
271 8 2 [ 3, 5, 5, 5, 5, 6, 6, 6 ] 
271 9 2 [ 3, 4, 4, 4, 4, 4, 4, 5, 5 ] 
271 10 2 [ 3, 5, 5, 6, 6, 6, 7, 7, 7, 7 ] 
_____________ 
272 2 4 [ 1, 2 ] 
272 3 48 [ 1, 1, 1 ] 
272 4 16 [ 1, 2, 3, 3 ] 
272 5 384 [ 1, 1, 2, 2, 2 ] 
272 6 8 [ 2, 2, 3, 3, 5, 5 ] 
272 7 2 [ 4, 5, 6, 6, 6, 7, 7 ] 
272 8 2 [ 3, 3, 5, 5, 6, 6, 6, 6 ] 
272 9 2 [ 3, 4, 6, 6, 6, 6, 7, 7, 7 ] 
272 10 2 [ 3, 3, 3, 4, 4, 4, 5, 5, 6, 6 ] 
_____________ 
273 2 4 [ 1, 2 ] 
273 3 16 [ 2, 2, 3 ] 
273 4 96 [ 1, 1, 2, 2 ] 
273 5 16 [ 1, 2, 3, 3, 4 ] 
273 6 4 [ 2, 3, 4, 4, 4, 5 ] 
273 7 2 [ 3, 5, 5, 5, 5, 6, 6 ] 
273 8 4 [ 3, 4, 4, 4, 4, 5, 5, 5 ] 
273 9 2 [ 3, 3, 4, 4, 4, 4, 5, 5, 6 ] 
273 10 4 [ 2, 3, 4, 4, 4, 5, 6, 6, 7, 7 ] 
_____________ 
274 2 4 [ 1, 2 ] 
274 3 16 [ 2, 2, 3 ] 
274 4 8 [ 2, 2, 3, 3 ] 
274 5 96 [ 1, 1, 3, 3, 3 ] 
274 6 4 [ 3, 3, 4, 4, 5, 5 ] 
274 7 2 [ 3, 3, 3, 4, 4, 5, 5 ] 
274 8 2 [ 3, 3, 3, 4, 4, 4, 4, 4 ] 
274 9 2 [ 3, 3, 4, 5, 5, 5, 5, 5, 6 ] 
274 10 2 [ 3, 4, 4, 5, 5, 5, 5, 5, 6, 6 ] 
_____________ 
275 2 4 [ 1, 2 ] 
275 3 48 [ 2, 2, 2 ] 
275 4 16 [ 2, 2, 4, 5 ] 
275 5 8 [ 2, 2, 4, 4, 4 ] 
275 6 128 [ 1, 2, 2, 2, 3, 3 ] 
275 7 15360 [ 1, 1, 1, 1, 1, 2, 3 ] 
275 8 2 [ 3, 4, 5, 5, 5, 5, 5, 6 ] 
275 9 48 [ 2, 2, 2, 3, 3, 3, 3, 4, 4 ] 
275 10 4 [ 2, 3, 3, 4, 4, 4, 5, 5, 6, 6 ] 
_____________ 
276 2 8 [ 1, 1 ] 
276 3 16 [ 1, 2, 2 ] 
276 4 8 [ 1, 2, 3, 3 ] 
276 5 576 [ 1, 1, 1, 2, 2 ] 
276 6 8 [ 2, 2, 3, 4, 4, 4 ] 
276 7 7680 [ 2, 2, 2, 2, 2, 2, 4 ] 
276 8 2 [ 4, 4, 4, 4, 5, 5, 6, 6 ] 
276 9 2 [ 4, 4, 6, 6, 6, 6, 7, 7, 7 ] 
276 10 2 [ 5, 5, 6, 6, 6, 6, 6, 7, 7, 7 ] 
_____________ 
277 2 4 [ 1, 2 ] 
277 3 8 [ 1, 2, 3 ] 
277 4 24 [ 1, 2, 2, 3 ] 
277 5 3840 [ 1, 1, 1, 1, 1 ] 
277 6 2 [ 3, 4, 4, 4, 4, 5 ] 
277 7 12 [ 2, 2, 3, 3, 4, 4, 4 ] 
277 8 2 [ 5, 5, 5, 5, 6, 6, 6, 6 ] 
277 9 4 [ 2, 3, 4, 4, 5, 5, 5, 5, 6 ] 
277 10 4 [ 2, 3, 4, 4, 5, 5, 5, 5, 5, 6 ] 
_____________ 
278 2 4 [ 1, 2 ] 
278 3 24 [ 1, 2, 2 ] 
278 4 32 [ 1, 2, 2, 3 ] 
278 5 32 [ 1, 2, 3, 3, 3 ] 
278 6 8 [ 2, 4, 4, 4, 4, 4 ] 
278 7 2 [ 3, 4, 4, 4, 4, 5, 5 ] 
278 8 2 [ 4, 5, 6, 6, 7, 7, 7, 7 ] 
278 9 2 [ 3, 3, 4, 4, 4, 5, 5, 5, 6 ] 
278 10 2 [ 4, 4, 5, 6, 6, 6, 7, 7, 7, 7 ] 
_____________ 
279 2 4 [ 1, 2 ] 
279 3 24 [ 1, 2, 2 ] 
279 4 32 [ 1, 1, 2, 3 ] 
279 5 24 [ 2, 2, 3, 3, 4 ] 
279 6 4 [ 1, 4, 4, 5, 5, 6 ] 
279 7 4 [ 2, 3, 3, 5, 5, 5, 5 ] 
279 8 2 [ 5, 5, 6, 6, 6, 6, 6, 6 ] 
279 9 2 [ 4, 4, 6, 6, 6, 6, 6, 6, 6 ] 
279 10 2 [ 4, 5, 5, 6, 6, 6, 6, 7, 7, 7 ] 
_____________ 
280 2 4 [ 1, 2 ] 
280 3 8 [ 1, 3, 3 ] 
280 4 384 [ 1, 1, 1, 1 ] 
280 5 4 [ 2, 3, 4, 4, 5 ] 
280 6 48 [ 2, 2, 2, 2, 3, 4 ] 
280 7 2 [ 3, 3, 3, 4, 4, 5, 6 ] 
280 8 4 [ 2, 3, 3, 3, 4, 4, 4, 6 ] 
280 9 2 [ 4, 5, 7, 7, 8, 8, 8, 8, 8 ] 
280 10 2 [ 5, 5, 7, 8, 9, 10, 10, 10, 10, 10 ] 
_____________ 
281 2 4 [ 1, 2 ] 
281 3 24 [ 1, 4, 4 ] 
281 4 16 [ 2, 2, 4, 4 ] 
281 5 480 [ 1, 2, 2, 2, 2 ] 
281 6 16 [ 1, 3, 4, 4, 4, 4 ] 
281 7 4 [ 2, 4, 4, 4, 5, 5, 5 ] 
281 8 2 [ 3, 3, 4, 5, 5, 5, 6, 6 ] 
281 9 2 [ 4, 5, 5, 5, 6, 6, 6, 7, 7 ] 
281 10 2 [ 7, 7, 7, 7, 8, 8, 8, 8, 8, 9 ] 
_____________ 
282 2 8 [ 1, 1 ] 
282 3 8 [ 1, 3, 3 ] 
282 4 96 [ 1, 2, 2, 2 ] 
282 5 48 [ 1, 2, 3, 3, 3 ] 
282 6 4 [ 2, 3, 4, 4, 5, 5 ] 
282 7 4 [ 1, 4, 4, 5, 5, 5, 6 ] 
282 8 4 [ 2, 3, 5, 5, 5, 5, 6, 7 ] 
282 9 2 [ 3, 5, 5, 5, 6, 6, 6, 7, 7 ] 
282 10 2 [ 4, 4, 6, 6, 6, 6, 6, 6, 6, 8 ] 
_____________ 
283 2 8 [ 1, 1 ] 
283 3 24 [ 1, 4, 4 ] 
283 4 24 [ 1, 2, 2, 3 ] 
283 5 32 [ 2, 2, 2, 4, 4 ] 
283 6 4 [ 2, 3, 4, 4, 4, 5 ] 
283 7 4 [ 1, 4, 4, 5, 5, 5, 6 ] 
283 8 2 [ 3, 4, 5, 5, 5, 5, 6, 6 ] 
283 9 8 [ 2, 3, 3, 4, 4, 4, 4, 5, 5 ] 
283 10 2 [ 4, 5, 5, 5, 6, 6, 6, 7, 7, 8 ] 
_____________ 
284 2 8 [ 1, 1 ] 
284 3 8 [ 1, 2, 3 ] 
284 4 96 [ 1, 3, 3, 3 ] 
284 5 16 [ 1, 3, 4, 4, 4 ] 
284 6 64 [ 1, 2, 2, 2, 3, 3 ] 
284 7 2 [ 3, 4, 5, 5, 5, 5, 5 ] 
284 8 192 [ 2, 2, 2, 2, 2, 3, 3, 3 ] 
284 9 2 [ 3, 5, 5, 5, 5, 6, 6, 6, 6 ] 
284 10 2 [ 4, 6, 6, 7, 7, 7, 7, 7, 7, 8 ] 
_____________ 
285 2 4 [ 1, 2 ] 
285 3 16 [ 1, 1, 2 ] 
285 4 96 [ 1, 2, 2, 2 ] 
285 5 16 [ 1, 2, 2, 3, 3 ] 
285 6 2 [ 3, 4, 4, 5, 5, 5 ] 
285 7 4 [ 2, 3, 3, 4, 4, 4, 5 ] 
285 8 2 [ 4, 5, 5, 6, 6, 6, 7, 7 ] 
285 9 2 [ 4, 5, 5, 5, 6, 6, 7, 7, 7 ] 
285 10 2 [ 3, 3, 4, 4, 5, 5, 6, 6, 7, 7 ] 
_____________ 
286 2 12 [ 2, 2 ] 
286 3 8 [ 1, 2, 3 ] 
286 4 8 [ 1, 2, 3, 3 ] 
286 5 4 [ 1, 3, 3, 3, 4 ] 
286 6 2 [ 3, 4, 4, 5, 5, 5 ] 
286 7 2 [ 4, 5, 5, 6, 7, 7, 7 ] 
286 8 96 [ 1, 2, 2, 2, 2, 3, 3, 3 ] 
286 9 2 [ 5, 6, 6, 6, 7, 7, 7, 7, 8 ] 
286 10 2 [ 4, 5, 5, 5, 6, 6, 6, 7, 7, 7 ] 
_____________ 
287 2 8 [ 1, 1 ] 
287 3 16 [ 1, 2, 2 ] 
287 4 384 [ 1, 1, 1, 1 ] 
287 5 48 [ 1, 2, 2, 2, 3 ] 
287 6 7680 [ 1, 1, 1, 1, 1, 2 ] 
287 7 2 [ 4, 5, 5, 5, 5, 5, 6 ] 
287 8 4 [ 2, 3, 3, 3, 4, 4, 4, 5 ] 
287 9 4 [ 2, 3, 3, 3, 3, 3, 4, 4, 5 ] 
287 10 2 [ 4, 5, 5, 6, 6, 6, 7, 7, 7, 7 ] 
_____________ 
288 2 8 [ 1, 1 ] 
288 3 48 [ 1, 1, 1 ] 
288 4 24 [ 2, 2, 2, 3 ] 
288 5 64 [ 2, 2, 4, 4, 4 ] 
288 6 2 [ 3, 4, 4, 5, 5, 5 ] 
288 7 4 [ 2, 3, 3, 4, 4, 5, 5 ] 
288 8 32 [ 1, 2, 2, 3, 4, 4, 5, 5 ] 
288 9 2 [ 4, 5, 5, 5, 5, 6, 6, 6, 7 ] 
288 10 2 [ 4, 4, 5, 6, 6, 6, 7, 7, 7, 7 ] 
_____________ 
289 2 4 [ 1, 2 ] 
289 3 24 [ 1, 2, 2 ] 
289 4 48 [ 1, 2, 2, 2 ] 
289 5 16 [ 1, 2, 2, 3, 3 ] 
289 6 16 [ 1, 2, 2, 3, 4, 4 ] 
289 7 128 [ 1, 1, 2, 3, 3, 3, 3 ] 
289 8 4 [ 2, 3, 4, 4, 5, 5, 5, 6 ] 
289 9 2 [ 4, 4, 5, 5, 5, 5, 5, 5, 5 ] 
289 10 2 [ 3, 3, 4, 5, 5, 5, 5, 6, 6, 6 ] 
_____________ 
290 2 4 [ 1, 2 ] 
290 3 48 [ 1, 1, 1 ] 
290 4 24 [ 2, 2, 2, 3 ] 
290 5 4 [ 2, 3, 3, 4, 4 ] 
290 6 2 [ 3, 3, 4, 4, 4, 5 ] 
290 7 2 [ 3, 3, 4, 5, 5, 6, 7 ] 
290 8 4 [ 2, 5, 5, 5, 5, 6, 6, 7 ] 
290 9 192 [ 1, 1, 2, 2, 2, 3, 3, 4, 5 ] 
290 10 4 [ 2, 4, 4, 4, 6, 6, 6, 6, 6, 6 ] 
_____________ 
291 2 4 [ 1, 2 ] 
291 3 24 [ 1, 4, 4 ] 
291 4 16 [ 1, 3, 3, 4 ] 
291 5 96 [ 1, 1, 2, 2, 3 ] 
291 6 2 [ 3, 3, 4, 4, 5, 5 ] 
291 7 32 [ 1, 2, 2, 2, 3, 3, 3 ] 
291 8 256 [ 2, 2, 2, 2, 4, 4, 5, 5 ] 
291 9 2 [ 3, 5, 6, 6, 6, 6, 6, 6, 7 ] 
291 10 2 [ 3, 4, 5, 5, 6, 6, 6, 6, 7, 7 ] 
_____________ 
292 2 4 [ 1, 2 ] 
292 3 16 [ 2, 2, 3 ] 
292 4 24 [ 1, 2, 2, 3 ] 
292 5 3840 [ 1, 1, 1, 1, 1 ] 
292 6 8 [ 2, 2, 3, 4, 4, 5 ] 
292 7 64 [ 1, 1, 2, 2, 3, 3, 3 ] 
292 8 4 [ 2, 3, 3, 5, 5, 6, 6, 6 ] 
292 9 2 [ 4, 5, 5, 6, 6, 6, 7, 7, 8 ] 
292 10 2 [ 4, 5, 5, 6, 6, 6, 6, 7, 7, 7 ] 
_____________ 
293 2 4 [ 1, 2 ] 
293 3 16 [ 1, 2, 2 ] 
293 4 16 [ 1, 2, 3, 3 ] 
293 5 4 [ 2, 3, 4, 5, 5 ] 
293 6 16 [ 1, 2, 3, 3, 3, 3 ] 
293 7 2 [ 4, 4, 5, 5, 5, 5, 5 ] 
293 8 2 [ 4, 4, 4, 5, 5, 5, 6, 6 ] 
293 9 2 [ 3, 3, 3, 3, 4, 4, 4, 4, 5 ] 
293 10 2 [ 4, 4, 6, 6, 7, 7, 7, 8, 8, 8 ] 
_____________ 
294 2 8 [ 1, 1 ] 
294 3 24 [ 1, 4, 4 ] 
294 4 32 [ 1, 2, 2, 3 ] 
294 5 16 [ 1, 4, 4, 4, 5 ] 
294 6 16 [ 1, 3, 3, 3, 3, 3 ] 
294 7 128 [ 1, 1, 2, 3, 3, 3, 3 ] 
294 8 2 [ 4, 4, 5, 5, 5, 5, 7, 7 ] 
294 9 2 [ 4, 4, 5, 6, 7, 7, 7, 7, 8 ] 
294 10 2 [ 4, 4, 4, 5, 5, 5, 6, 6, 6, 6 ] 
_____________ 
295 2 8 [ 1, 1 ] 
295 3 16 [ 1, 1, 2 ] 
295 4 24 [ 1, 2, 2, 3 ] 
295 5 8 [ 1, 2, 3, 4, 4 ] 
295 6 16 [ 1, 2, 3, 3, 3, 3 ] 
295 7 768 [ 1, 1, 2, 2, 2, 2, 3 ] 
295 8 2 [ 3, 3, 3, 3, 3, 4, 4, 4 ] 
295 9 2 [ 3, 3, 4, 4, 4, 4, 4, 5, 5 ] 
295 10 2 [ 3, 4, 5, 5, 5, 6, 6, 6, 6, 6 ] 
_____________ 
296 2 8 [ 1, 1 ] 
296 3 16 [ 1, 1, 2 ] 
296 4 16 [ 2, 2, 4, 4 ] 
296 5 576 [ 2, 2, 2, 2, 2 ] 
296 6 4 [ 3, 3, 4, 4, 4, 5 ] 
296 7 4 [ 2, 3, 3, 3, 3, 4, 4 ] 
296 8 4 [ 2, 3, 4, 4, 4, 4, 5, 5 ] 
296 9 2 [ 3, 4, 4, 5, 5, 6, 6, 6, 6 ] 
296 10 2 [ 5, 6, 6, 6, 7, 7, 7, 7, 7, 8 ] 
_____________ 
297 2 4 [ 1, 2 ] 
297 3 16 [ 1, 2, 2 ] 
297 4 24 [ 2, 2, 2, 3 ] 
297 5 8 [ 2, 2, 4, 5, 5 ] 
297 6 4 [ 2, 3, 4, 4, 4, 5 ] 
297 7 4 [ 4, 4, 4, 4, 5, 5, 5 ] 
297 8 8 [ 2, 2, 3, 3, 3, 3, 4, 5 ] 
297 9 4 [ 2, 3, 4, 4, 4, 5, 5, 5, 5 ] 
297 10 2 [ 5, 7, 8, 8, 8, 9, 9, 9, 9, 10 ] 
_____________ 
298 2 4 [ 1, 2 ] 
298 3 16 [ 2, 2, 3 ] 
298 4 8 [ 2, 2, 3, 3 ] 
298 5 384 [ 1, 1, 2, 2, 2 ] 
298 6 16 [ 1, 2, 4, 5, 5, 5 ] 
298 7 4 [ 1, 5, 5, 5, 6, 6, 7 ] 
298 8 2 [ 3, 3, 3, 3, 4, 4, 4, 5 ] 
298 9 2 [ 4, 6, 6, 6, 6, 8, 8, 8, 8 ] 
298 10 2 [ 5, 6, 6, 6, 6, 7, 7, 8, 8, 8 ] 
_____________ 
299 2 4 [ 1, 2 ] 
299 3 16 [ 2, 2, 3 ] 
299 4 24 [ 1, 2, 2, 3 ] 
299 5 2 [ 3, 3, 4, 4, 5 ] 
299 6 4 [ 1, 3, 4, 4, 4, 5 ] 
299 7 2 [ 3, 3, 3, 3, 3, 4, 4 ] 
299 8 4 [ 2, 4, 4, 5, 5, 5, 6, 7 ] 
299 9 2 [ 5, 5, 6, 7, 7, 7, 7, 7, 7 ] 
299 10 2 [ 5, 6, 6, 6, 6, 6, 7, 7, 7, 7 ] 
_____________ 
300 2 8 [ 1, 1 ] 
300 3 48 [ 1, 1, 1 ] 
300 4 24 [ 1, 2, 2, 3 ] 
300 5 16 [ 2, 2, 3, 3, 3 ] 
300 6 12 [ 2, 2, 3, 3, 4, 6 ] 
300 7 8 [ 1, 3, 3, 3, 4, 4, 5 ] 
300 8 2 [ 3, 5, 5, 5, 6, 6, 6, 6 ] 
300 9 2 [ 6, 6, 7, 7, 8, 8, 8, 9, 10 ] 
300 10 2 [ 5, 5, 6, 7, 7, 7, 7, 8, 8, 8 ] 
_____________ 
301 2 8 [ 1, 1 ] 
301 3 48 [ 1, 1, 1 ] 
301 4 96 [ 1, 1, 2, 2 ] 
301 5 96 [ 1, 1, 2, 2, 3 ] 
301 6 8 [ 1, 2, 3, 5, 5, 5 ] 
301 7 8 [ 2, 2, 3, 3, 4, 4, 4 ] 
301 8 16 [ 2, 2, 4, 4, 4, 4, 4, 4 ] 
301 9 2 [ 3, 3, 3, 4, 4, 4, 5, 5, 7 ] 
301 10 2 [ 6, 8, 8, 8, 8, 9, 9, 9, 9, 9 ] 
_____________ 
302 2 8 [ 1, 1 ] 
302 3 48 [ 1, 1, 1 ] 
302 4 96 [ 1, 2, 2, 2 ] 
302 5 768 [ 1, 1, 1, 1, 2 ] 
302 6 8 [ 2, 4, 4, 4, 4, 4 ] 
302 7 4 [ 2, 3, 3, 3, 3, 4, 4 ] 
302 8 2 [ 4, 6, 6, 6, 6, 6, 6, 6 ] 
302 9 2 [ 4, 5, 5, 6, 7, 7, 7, 7, 7 ] 
302 10 2 [ 4, 4, 5, 5, 6, 7, 7, 7, 7, 7 ] 
_____________ 
303 2 4 [ 1, 2 ] 
303 3 8 [ 1, 3, 3 ] 
303 4 96 [ 2, 2, 2, 4 ] 
303 5 192 [ 2, 2, 2, 4, 4 ] 
303 6 8 [ 2, 2, 3, 4, 4, 4 ] 
303 7 48 [ 2, 2, 2, 3, 3, 3, 3 ] 
303 8 864 [ 2, 2, 2, 2, 2, 2, 3, 3 ] 
303 9 2 [ 3, 4, 4, 5, 5, 5, 5, 5, 6 ] 
303 10 12 [ 2, 2, 4, 4, 4, 4, 4, 5, 6, 6 ] 
_____________ 
304 2 8 [ 1, 1 ] 
304 3 48 [ 1, 1, 1 ] 
304 4 96 [ 1, 1, 2, 2 ] 
304 5 12 [ 2, 2, 3, 3, 3 ] 
304 6 2 [ 3, 3, 4, 4, 4, 4 ] 
304 7 8 [ 2, 3, 3, 3, 4, 4, 4 ] 
304 8 4 [ 2, 4, 6, 6, 6, 6, 6, 6 ] 
304 9 2 [ 4, 5, 7, 7, 7, 7, 7, 7, 7 ] 
304 10 2 [ 6, 7, 7, 7, 8, 8, 8, 8, 8, 9 ] 
_____________ 
305 2 8 [ 1, 1 ] 
305 3 48 [ 1, 1, 1 ] 
305 4 32 [ 1, 1, 3, 3 ] 
305 5 8 [ 3, 4, 4, 5, 5 ] 
305 6 32 [ 1, 2, 2, 3, 3, 3 ] 
305 7 4 [ 2, 3, 4, 4, 4, 4, 6 ] 
305 8 2 [ 3, 4, 4, 4, 5, 5, 5, 6 ] 
305 9 2 [ 3, 4, 5, 6, 6, 6, 6, 7, 7 ] 
305 10 2 [ 3, 5, 5, 5, 5, 5, 6, 6, 6, 6 ] 
_____________ 
306 2 4 [ 1, 2 ] 
306 3 24 [ 1, 2, 2 ] 
306 4 8 [ 1, 2, 3, 3 ] 
306 5 8 [ 2, 2, 3, 3, 4 ] 
306 6 8 [ 2, 3, 3, 4, 4, 4 ] 
306 7 8 [ 2, 2, 3, 3, 4, 4, 5 ] 
306 8 2 [ 3, 4, 5, 6, 6, 6, 6, 6 ] 
306 9 4 [ 2, 5, 5, 7, 7, 7, 7, 8, 8 ] 
306 10 2 [ 4, 5, 5, 5, 6, 6, 6, 7, 7, 7 ] 
_____________ 
307 2 12 [ 2, 2 ] 
307 3 24 [ 1, 2, 2 ] 
307 4 96 [ 1, 2, 2, 2 ] 
307 5 96 [ 2, 2, 2, 4, 4 ] 
307 6 1536 [ 1, 2, 2, 2, 2, 3 ] 
307 7 4 [ 2, 3, 3, 4, 4, 4, 4 ] 
307 8 96 [ 1, 2, 2, 2, 2, 3, 3, 3 ] 
307 9 2 [ 6, 6, 6, 7, 7, 8, 8, 9, 9 ] 
307 10 2 [ 4, 5, 7, 7, 7, 8, 8, 9, 9, 9 ] 
_____________ 
308 2 8 [ 1, 1 ] 
308 3 16 [ 2, 2, 3 ] 
308 4 8 [ 2, 2, 3, 3 ] 
308 5 16 [ 1, 2, 4, 5, 5 ] 
308 6 128 [ 1, 2, 2, 2, 3, 3 ] 
308 7 4 [ 2, 3, 4, 4, 5, 5, 5 ] 
308 8 2 [ 3, 3, 4, 4, 4, 5, 5, 5 ] 
308 9 2 [ 3, 3, 4, 4, 5, 5, 5, 5, 6 ] 
308 10 2 [ 5, 6, 6, 7, 7, 7, 7, 7, 7, 8 ] 
_____________ 
309 2 4 [ 1, 2 ] 
309 3 24 [ 1, 2, 2 ] 
309 4 24 [ 1, 2, 2, 3 ] 
309 5 12 [ 2, 2, 3, 3, 4 ] 
309 6 96 [ 2, 2, 2, 2, 4, 4 ] 
309 7 2 [ 3, 3, 3, 5, 6, 6, 7 ] 
309 8 2 [ 4, 4, 4, 4, 6, 6, 6, 6 ] 
309 9 2 [ 4, 6, 6, 6, 7, 7, 8, 8, 8 ] 
309 10 2 [ 6, 6, 6, 6, 6, 7, 7, 7, 7, 7 ] 
_____________ 
310 2 4 [ 1, 2 ] 
310 3 8 [ 1, 2, 3 ] 
310 4 8 [ 1, 3, 4, 4 ] 
310 5 48 [ 2, 4, 4, 4, 4 ] 
310 6 32 [ 1, 1, 2, 3, 3, 3 ] 
310 7 4 [ 2, 3, 4, 4, 4, 5, 5 ] 
310 8 16 [ 2, 2, 2, 3, 4, 5, 5, 5 ] 
310 9 2 [ 3, 5, 6, 6, 6, 6, 7, 7, 7 ] 
310 10 2 [ 3, 5, 5, 5, 5, 5, 5, 6, 6, 6 ] 
_____________ 
311 2 8 [ 1, 1 ] 
311 3 24 [ 1, 4, 4 ] 
311 4 32 [ 1, 2, 2, 3 ] 
311 5 16 [ 1, 2, 3, 3, 3 ] 
311 6 4 [ 2, 3, 4, 4, 5, 5 ] 
311 7 4 [ 2, 3, 3, 4, 4, 5, 5 ] 
311 8 2 [ 4, 5, 5, 5, 6, 6, 6, 6 ] 
311 9 2 [ 4, 4, 5, 6, 6, 6, 7, 7, 7 ] 
311 10 4 [ 2, 4, 4, 4, 4, 4, 4, 4, 4, 6 ] 
_____________ 
312 2 4 [ 1, 2 ] 
312 3 24 [ 1, 2, 2 ] 
312 4 96 [ 1, 2, 2, 2 ] 
312 5 192 [ 2, 2, 2, 2, 3 ] 
312 6 16 [ 2, 3, 3, 3, 4, 4 ] 
312 7 4608 [ 1, 1, 1, 2, 2, 2, 2 ] 
312 8 480 [ 2, 2, 2, 2, 2, 3, 3, 4 ] 
312 9 2 [ 7, 7, 7, 7, 8, 8, 8, 8, 9 ] 
312 10 2 [ 4, 5, 6, 6, 6, 7, 7, 7, 7, 8 ] 
_____________ 
313 2 4 [ 1, 2 ] 
313 3 48 [ 1, 1, 1 ] 
313 4 16 [ 1, 3, 3, 4 ] 
313 5 4 [ 2, 3, 3, 4, 5 ] 
313 6 4 [ 2, 5, 6, 6, 7, 7 ] 
313 7 2 [ 3, 3, 4, 4, 6, 6, 7 ] 
313 8 2 [ 3, 5, 5, 5, 5, 6, 6, 6 ] 
313 9 2 [ 4, 5, 5, 5, 6, 7, 7, 7, 7 ] 
313 10 2 [ 5, 6, 6, 7, 7, 7, 7, 7, 7, 8 ] 
_____________ 
314 2 8 [ 1, 1 ] 
314 3 8 [ 1, 2, 3 ] 
314 4 96 [ 2, 2, 2, 3 ] 
314 5 16 [ 2, 2, 4, 4, 4 ] 
314 6 4 [ 2, 3, 3, 4, 5, 5 ] 
314 7 4 [ 1, 3, 3, 4, 4, 5, 7 ] 
314 8 2 [ 3, 3, 3, 4, 4, 4, 4, 4 ] 
314 9 2 [ 3, 4, 4, 4, 5, 5, 5, 5, 6 ] 
314 10 4 [ 2, 4, 4, 4, 4, 4, 6, 6, 6, 6 ] 
_____________ 
315 2 8 [ 1, 1 ] 
315 3 48 [ 1, 1, 1 ] 
315 4 32 [ 1, 1, 2, 3 ] 
315 5 32 [ 2, 2, 4, 4, 4 ] 
315 6 4 [ 2, 3, 3, 3, 4, 5 ] 
315 7 4 [ 2, 3, 5, 5, 6, 6, 6 ] 
315 8 2 [ 4, 6, 6, 6, 6, 6, 6, 6 ] 
315 9 2 [ 4, 4, 8, 8, 8, 8, 8, 8, 10 ] 
315 10 2 [ 3, 4, 4, 4, 4, 4, 4, 4, 5, 5 ] 
_____________ 
316 2 8 [ 1, 1 ] 
316 3 8 [ 1, 2, 3 ] 
316 4 24 [ 1, 2, 2, 3 ] 
316 5 4 [ 1, 3, 3, 4, 4 ] 
316 6 384 [ 2, 2, 2, 2, 2, 3 ] 
316 7 2 [ 3, 3, 4, 4, 5, 5, 6 ] 
316 8 2 [ 4, 4, 4, 4, 4, 4, 4, 4 ] 
316 9 2 [ 3, 3, 4, 5, 5, 6, 6, 6, 6 ] 
316 10 2 [ 4, 4, 5, 5, 6, 6, 6, 7, 8, 8 ] 
_____________ 
317 2 8 [ 1, 1 ] 
317 3 8 [ 1, 2, 3 ] 
317 4 48 [ 1, 3, 4, 4 ] 
317 5 8 [ 2, 2, 3, 4, 4 ] 
317 6 8 [ 2, 3, 4, 4, 4, 5 ] 
317 7 4 [ 2, 3, 3, 4, 4, 4, 5 ] 
317 8 4 [ 2, 4, 4, 4, 5, 5, 5, 5 ] 
317 9 2 [ 4, 4, 4, 4, 4, 5, 6, 7, 7 ] 
317 10 2 [ 4, 5, 5, 6, 7, 7, 7, 7, 7, 7 ] 
_____________ 
318 2 8 [ 1, 1 ] 
318 3 48 [ 2, 2, 2 ] 
318 4 32 [ 1, 2, 2, 3 ] 
318 5 32 [ 1, 2, 3, 3, 3 ] 
318 6 4 [ 2, 4, 5, 5, 6, 6 ] 
318 7 2 [ 3, 3, 4, 4, 5, 5, 5 ] 
318 8 2 [ 3, 3, 5, 5, 5, 5, 6, 7 ] 
318 9 2 [ 4, 5, 5, 6, 6, 7, 7, 7, 7 ] 
318 10 2 [ 4, 4, 5, 5, 6, 6, 6, 6, 7, 7 ] 
_____________ 
319 2 8 [ 1, 1 ] 
319 3 48 [ 1, 1, 1 ] 
319 4 4 [ 2, 3, 4, 5 ] 
319 5 3840 [ 1, 1, 1, 1, 1 ] 
319 6 16 [ 2, 4, 4, 5, 5, 5 ] 
319 7 48 [ 2, 2, 2, 2, 3, 3, 3 ] 
319 8 2 [ 4, 5, 5, 5, 5, 6, 6, 6 ] 
319 9 2 [ 4, 4, 4, 5, 5, 6, 6, 6, 6 ] 
319 10 2 [ 4, 7, 7, 7, 7, 7, 7, 8, 8, 8 ] 
_____________ 
320 2 4 [ 1, 2 ] 
320 3 8 [ 1, 3, 3 ] 
320 4 96 [ 2, 2, 2, 3 ] 
320 5 384 [ 1, 1, 2, 2, 2 ] 
320 6 1920 [ 1, 1, 2, 2, 2, 2 ] 
320 7 2 [ 3, 3, 4, 4, 4, 5, 5 ] 
320 8 2 [ 4, 5, 5, 6, 6, 6, 6, 7 ] 
320 9 2 [ 3, 4, 5, 5, 6, 6, 6, 7, 7 ] 
320 10 4 [ 2, 3, 3, 3, 3, 3, 4, 4, 4, 5 ] 
_____________ 
321 2 8 [ 1, 1 ] 
321 3 16 [ 1, 1, 2 ] 
321 4 96 [ 1, 1, 1, 2 ] 
321 5 48 [ 1, 2, 2, 3, 3 ] 
321 6 32 [ 1, 2, 2, 4, 4, 4 ] 
321 7 96 [ 1, 2, 2, 2, 2, 3, 3 ] 
321 8 2 [ 4, 4, 5, 5, 5, 5, 5, 6 ] 
321 9 2 [ 3, 5, 7, 7, 7, 8, 8, 9, 9 ] 
321 10 4 [ 2, 3, 4, 4, 6, 6, 6, 6, 6, 6 ] 
_____________ 
322 2 8 [ 1, 1 ] 
322 3 48 [ 1, 1, 1 ] 
322 4 96 [ 1, 1, 2, 2 ] 
322 5 8 [ 1, 4, 4, 4, 5 ] 
322 6 32 [ 1, 2, 2, 2, 3, 4 ] 
322 7 2 [ 3, 3, 4, 5, 5, 6, 7 ] 
322 8 2 [ 4, 4, 5, 6, 6, 6, 7, 7 ] 
322 9 2 [ 3, 4, 4, 4, 4, 4, 5, 6, 6 ] 
322 10 2 [ 6, 6, 6, 6, 6, 6, 6, 7, 7, 7 ] 
_____________ 
323 2 4 [ 1, 2 ] 
323 3 8 [ 1, 3, 3 ] 
323 4 96 [ 1, 2, 2, 2 ] 
323 5 8 [ 2, 2, 3, 4, 4 ] 
323 6 8 [ 2, 2, 3, 3, 3, 4 ] 
323 7 4 [ 2, 3, 3, 3, 3, 4, 4 ] 
323 8 2 [ 3, 3, 4, 4, 4, 5, 5, 7 ] 
323 9 2 [ 4, 5, 5, 5, 5, 6, 6, 6, 6 ] 
323 10 2 [ 5, 5, 6, 6, 6, 7, 7, 7, 7, 7 ] 
_____________ 
324 2 4 [ 1, 2 ] 
324 3 16 [ 1, 1, 2 ] 
324 4 16 [ 1, 2, 3, 3 ] 
324 5 16 [ 2, 2, 3, 3, 3 ] 
324 6 8 [ 2, 2, 3, 3, 3, 3 ] 
324 7 8 [ 1, 2, 3, 4, 4, 5, 5 ] 
324 8 2 [ 3, 3, 4, 4, 5, 5, 5, 5 ] 
324 9 2 [ 4, 4, 4, 6, 6, 6, 6, 6, 6 ] 
324 10 2 [ 3, 3, 4, 5, 5, 5, 5, 5, 6, 6 ] 
_____________ 
325 2 8 [ 1, 1 ] 
325 3 48 [ 2, 2, 2 ] 
325 4 96 [ 1, 1, 2, 2 ] 
325 5 8 [ 2, 2, 3, 3, 3 ] 
325 6 4 [ 2, 3, 3, 4, 4, 5 ] 
325 7 2 [ 3, 6, 6, 6, 7, 7, 7 ] 
325 8 2 [ 3, 3, 4, 4, 4, 4, 5, 6 ] 
325 9 4 [ 2, 5, 6, 6, 7, 7, 7, 7, 7 ] 
325 10 2 [ 4, 5, 5, 6, 6, 6, 6, 7, 7, 9 ] 
_____________ 
326 2 4 [ 1, 2 ] 
326 3 24 [ 1, 2, 2 ] 
326 4 32 [ 1, 4, 4, 4 ] 
326 5 96 [ 1, 1, 2, 2, 3 ] 
326 6 24 [ 2, 2, 4, 6, 6, 6 ] 
326 7 2 [ 3, 3, 4, 4, 4, 5, 5 ] 
326 8 2 [ 5, 6, 6, 6, 6, 6, 7, 7 ] 
326 9 2 [ 3, 4, 4, 4, 4, 5, 5, 5, 6 ] 
326 10 2 [ 4, 4, 4, 4, 4, 4, 5, 5, 5, 6 ] 
_____________ 
327 2 8 [ 1, 1 ] 
327 3 48 [ 1, 1, 1 ] 
327 4 240 [ 2, 2, 2, 2 ] 
327 5 8 [ 2, 3, 4, 4, 4 ] 
327 6 4 [ 1, 3, 5, 5, 5, 6 ] 
327 7 2 [ 3, 3, 3, 3, 3, 4, 4 ] 
327 8 2 [ 3, 5, 5, 5, 5, 5, 6, 6 ] 
327 9 4 [ 2, 3, 3, 4, 4, 4, 4, 5, 5 ] 
327 10 2 [ 3, 4, 5, 5, 5, 5, 6, 6, 6, 7 ] 
_____________ 
328 2 4 [ 1, 2 ] 
328 3 16 [ 1, 1, 2 ] 
328 4 384 [ 1, 1, 1, 1 ] 
328 5 4 [ 1, 3, 4, 4, 4 ] 
328 6 24 [ 1, 2, 2, 3, 3, 3 ] 
328 7 4 [ 2, 4, 4, 4, 4, 5, 5 ] 
328 8 2 [ 6, 6, 6, 6, 6, 6, 6, 6 ] 
328 9 2 [ 3, 4, 4, 4, 5, 5, 5, 5, 6 ] 
328 10 2 [ 4, 5, 5, 6, 6, 6, 7, 7, 7, 7 ] 
_____________ 
329 2 8 [ 2, 2 ] 
329 3 24 [ 1, 2, 2 ] 
329 4 24 [ 1, 2, 2, 3 ] 
329 5 48 [ 1, 2, 2, 2, 3 ] 
329 6 192 [ 2, 2, 2, 2, 3, 3 ] 
329 7 2 [ 3, 3, 4, 4, 4, 5, 5 ] 
329 8 2 [ 3, 3, 5, 5, 6, 6, 6, 6 ] 
329 9 2 [ 3, 4, 4, 5, 5, 5, 5, 5, 5 ] 
329 10 2 [ 4, 5, 5, 5, 6, 6, 6, 7, 7, 7 ] 
_____________ 
330 2 8 [ 1, 1 ] 
330 3 16 [ 2, 2, 3 ] 
330 4 16 [ 1, 3, 3, 4 ] 
330 5 8 [ 2, 3, 4, 5, 5 ] 
330 6 4 [ 2, 3, 4, 5, 6, 6 ] 
330 7 4 [ 1, 4, 4, 4, 5, 5, 5 ] 
330 8 4 [ 2, 3, 3, 4, 4, 5, 5, 5 ] 
330 9 2 [ 3, 3, 5, 5, 5, 6, 6, 6, 6 ] 
330 10 2 [ 5, 5, 6, 6, 7, 7, 7, 7, 8, 8 ] 
_____________ 
331 2 8 [ 2, 2 ] 
331 3 16 [ 1, 1, 2 ] 
331 4 8 [ 1, 2, 3, 3 ] 
331 5 8 [ 1, 3, 4, 4, 4 ] 
331 6 8 [ 2, 2, 3, 4, 4, 4 ] 
331 7 8 [ 2, 3, 4, 4, 4, 5, 5 ] 
331 8 2 [ 4, 4, 6, 6, 8, 8, 8, 8 ] 
331 9 4 [ 2, 4, 6, 6, 6, 6, 6, 6, 6 ] 
331 10 2 [ 6, 7, 7, 8, 8, 8, 8, 8, 8, 8 ] 
_____________ 
332 2 8 [ 1, 1 ] 
332 3 24 [ 1, 2, 2 ] 
332 4 96 [ 1, 2, 2, 2 ] 
332 5 48 [ 1, 2, 2, 2, 3 ] 
332 6 192 [ 2, 2, 2, 4, 4, 4 ] 
332 7 4 [ 2, 3, 3, 4, 4, 4, 6 ] 
332 8 4 [ 1, 3, 3, 4, 4, 4, 4, 5 ] 
332 9 2 [ 5, 6, 6, 7, 7, 7, 7, 7, 7 ] 
332 10 8 [ 2, 3, 3, 3, 3, 3, 3, 3, 4, 4 ] 
_____________ 
333 2 4 [ 1, 2 ] 
333 3 24 [ 1, 4, 4 ] 
333 4 16 [ 2, 2, 4, 4 ] 
333 5 48 [ 1, 2, 2, 2, 3 ] 
333 6 384 [ 2, 2, 2, 3, 3, 4 ] 
333 7 2 [ 3, 4, 4, 5, 5, 5, 6 ] 
333 8 2 [ 3, 3, 5, 5, 5, 5, 5, 6 ] 
333 9 2 [ 3, 3, 4, 4, 4, 5, 6, 6, 6 ] 
333 10 24 [ 2, 2, 2, 4, 4, 4, 4, 4, 4, 6 ] 
_____________ 
334 2 8 [ 1, 1 ] 
334 3 24 [ 1, 4, 4 ] 
334 4 24 [ 1, 2, 2, 3 ] 
334 5 4 [ 1, 4, 4, 5, 5 ] 
334 6 4 [ 2, 3, 3, 4, 4, 4 ] 
334 7 4 [ 2, 3, 3, 3, 4, 4, 5 ] 
334 8 2 [ 4, 4, 5, 5, 5, 5, 6, 6 ] 
334 9 2 [ 4, 4, 4, 4, 4, 4, 6, 6, 6 ] 
334 10 2 [ 3, 3, 4, 4, 4, 4, 5, 5, 5, 6 ] 
_____________ 
335 2 8 [ 1, 1 ] 
335 3 24 [ 1, 2, 2 ] 
335 4 8 [ 2, 2, 3, 3 ] 
335 5 8 [ 1, 5, 5, 5, 6 ] 
335 6 46080 [ 1, 1, 1, 1, 1, 1 ] 
335 7 8 [ 1, 2, 3, 3, 4, 4, 4 ] 
335 8 32 [ 2, 2, 2, 3, 3, 3, 3, 4 ] 
335 9 2 [ 4, 5, 5, 5, 5, 5, 5, 5, 6 ] 
335 10 2 [ 5, 6, 6, 6, 6, 6, 6, 7, 7, 8 ] 
_____________ 
336 2 4 [ 1, 2 ] 
336 3 16 [ 1, 2, 2 ] 
336 4 8 [ 1, 3, 3, 3 ] 
336 5 8 [ 1, 2, 4, 5, 5 ] 
336 6 48 [ 1, 2, 4, 4, 4, 4 ] 
336 7 2 [ 3, 3, 3, 3, 4, 4, 4 ] 
336 8 4 [ 3, 3, 3, 3, 4, 4, 4, 5 ] 
336 9 4 [ 2, 6, 8, 8, 8, 8, 8, 8, 8 ] 
336 10 2 [ 4, 5, 5, 7, 7, 7, 7, 7, 8, 8 ] 
_____________ 
337 2 8 [ 1, 1 ] 
337 3 48 [ 1, 1, 1 ] 
337 4 96 [ 1, 1, 1, 2 ] 
337 5 128 [ 1, 1, 2, 2, 3 ] 
337 6 8 [ 1, 3, 4, 4, 4, 4 ] 
337 7 48 [ 2, 2, 2, 3, 4, 5, 5 ] 
337 8 4 [ 2, 3, 4, 4, 5, 5, 5, 5 ] 
337 9 4 [ 2, 4, 4, 5, 5, 5, 6, 6, 6 ] 
337 10 2 [ 4, 5, 5, 6, 6, 7, 7, 7, 8, 8 ] 
_____________ 
338 2 12 [ 2, 2 ] 
338 3 8 [ 1, 2, 3 ] 
338 4 16 [ 1, 2, 3, 3 ] 
338 5 128 [ 1, 2, 2, 3, 3 ] 
338 6 16 [ 2, 3, 3, 3, 4, 4 ] 
338 7 2 [ 3, 3, 4, 6, 6, 6, 6 ] 
338 8 48 [ 1, 2, 2, 2, 3, 3, 3, 3 ] 
338 9 2 [ 5, 6, 6, 6, 6, 7, 7, 7, 8 ] 
338 10 2 [ 3, 4, 4, 4, 4, 5, 5, 6, 6, 6 ] 
_____________ 
339 2 8 [ 1, 1 ] 
339 3 48 [ 1, 1, 1 ] 
339 4 32 [ 1, 2, 2, 3 ] 
339 5 384 [ 1, 1, 2, 2, 2 ] 
339 6 4 [ 3, 3, 4, 4, 4, 4 ] 
339 7 4 [ 2, 3, 6, 6, 6, 6, 6 ] 
339 8 2 [ 4, 4, 5, 5, 6, 6, 7, 7 ] 
339 9 2 [ 3, 3, 3, 4, 4, 4, 5, 5, 6 ] 
339 10 2 [ 5, 6, 6, 6, 6, 6, 6, 6, 6, 6 ] 
_____________ 
340 2 8 [ 1, 1 ] 
340 3 8 [ 1, 2, 3 ] 
340 4 96 [ 1, 1, 2, 2 ] 
340 5 4 [ 1, 3, 3, 3, 4 ] 
340 6 46080 [ 1, 1, 1, 1, 1, 1 ] 
340 7 8 [ 1, 2, 3, 3, 4, 5, 5 ] 
340 8 2 [ 3, 3, 3, 4, 4, 5, 5, 5 ] 
340 9 2 [ 4, 6, 6, 6, 7, 7, 7, 7, 7 ] 
340 10 2 [ 4, 4, 5, 5, 6, 6, 7, 7, 8, 8 ] 
_____________ 
341 2 8 [ 1, 1 ] 
341 3 24 [ 1, 2, 2 ] 
341 4 8 [ 2, 3, 5, 5 ] 
341 5 192 [ 1, 2, 2, 2, 2 ] 
341 6 864 [ 2, 2, 2, 2, 4, 4 ] 
341 7 2 [ 3, 4, 5, 6, 7, 7, 7 ] 
341 8 4 [ 2, 3, 3, 4, 4, 5, 5, 5 ] 
341 9 2 [ 4, 5, 6, 6, 6, 6, 7, 7, 7 ] 
341 10 4 [ 2, 4, 5, 6, 6, 6, 7, 7, 7, 7 ] 
_____________ 
342 2 8 [ 1, 1 ] 
342 3 16 [ 1, 2, 2 ] 
342 4 32 [ 2, 2, 4, 4 ] 
342 5 16 [ 2, 2, 4, 4, 5 ] 
342 6 8 [ 2, 4, 4, 4, 4, 4 ] 
342 7 2 [ 3, 4, 5, 5, 5, 5, 6 ] 
342 8 2 [ 3, 5, 5, 6, 6, 6, 6, 6 ] 
342 9 2 [ 5, 5, 5, 5, 5, 5, 6, 6, 6 ] 
342 10 2 [ 5, 5, 7, 7, 7, 8, 8, 8, 8, 8 ] 
_____________ 
343 2 4 [ 1, 2 ] 
343 3 8 [ 1, 3, 3 ] 
343 4 24 [ 1, 2, 2, 3 ] 
343 5 8 [ 2, 4, 4, 4, 4 ] 
343 6 8 [ 2, 3, 3, 3, 4, 4 ] 
343 7 2 [ 4, 4, 6, 6, 6, 6, 6 ] 
343 8 4 [ 2, 3, 3, 3, 3, 4, 4, 5 ] 
343 9 2 [ 6, 6, 6, 6, 7, 7, 7, 7, 7 ] 
343 10 4 [ 2, 3, 3, 3, 4, 6, 6, 7, 7, 7 ] 
_____________ 
344 2 4 [ 1, 2 ] 
344 3 8 [ 1, 2, 3 ] 
344 4 96 [ 1, 2, 2, 2 ] 
344 5 4 [ 1, 3, 3, 4, 4 ] 
344 6 48 [ 2, 4, 4, 4, 4, 4 ] 
344 7 4 [ 2, 3, 4, 4, 4, 4, 4 ] 
344 8 4 [ 2, 4, 4, 5, 5, 5, 6, 6 ] 
344 9 2 [ 3, 3, 4, 4, 4, 4, 5, 5, 5 ] 
344 10 2 [ 4, 5, 5, 5, 5, 6, 6, 6, 6, 7 ] 
_____________ 
345 2 8 [ 1, 1 ] 
345 3 16 [ 1, 1, 2 ] 
345 4 32 [ 1, 2, 2, 3 ] 
345 5 8 [ 2, 3, 4, 5, 5 ] 
345 6 8 [ 2, 2, 3, 4, 4, 5 ] 
345 7 4 [ 2, 3, 3, 4, 4, 4, 5 ] 
345 8 2 [ 3, 3, 4, 5, 5, 6, 6, 6 ] 
345 9 2 [ 4, 5, 5, 5, 6, 6, 6, 7, 7 ] 
345 10 2 [ 4, 4, 4, 5, 6, 6, 6, 6, 6, 6 ] 
_____________ 
346 2 4 [ 1, 2 ] 
346 3 48 [ 2, 2, 2 ] 
346 4 32 [ 2, 4, 4, 4 ] 
346 5 16 [ 2, 3, 5, 5, 5 ] 
346 6 480 [ 2, 2, 2, 2, 3, 3 ] 
346 7 8 [ 2, 2, 3, 3, 4, 4, 4 ] 
346 8 16 [ 2, 2, 3, 3, 3, 3, 4, 4 ] 
346 9 4 [ 2, 5, 5, 6, 6, 6, 7, 7, 7 ] 
346 10 2 [ 4, 4, 5, 5, 6, 6, 6, 6, 7, 7 ] 
_____________ 
347 2 8 [ 1, 1 ] 
347 3 48 [ 1, 1, 1 ] 
347 4 16 [ 1, 2, 3, 3 ] 
347 5 4 [ 2, 3, 3, 3, 3 ] 
347 6 16 [ 2, 2, 3, 3, 3, 3 ] 
347 7 2 [ 4, 4, 4, 5, 5, 5, 5 ] 
347 8 16 [ 1, 2, 2, 3, 3, 4, 4, 4 ] 
347 9 4 [ 2, 3, 4, 4, 5, 6, 7, 7, 7 ] 
347 10 2 [ 3, 3, 4, 4, 4, 5, 5, 6, 6, 6 ] 
_____________ 
348 2 8 [ 1, 1 ] 
348 3 8 [ 1, 2, 3 ] 
348 4 96 [ 1, 1, 2, 2 ] 
348 5 48 [ 1, 2, 2, 2, 3 ] 
348 6 2 [ 3, 3, 3, 3, 4, 4 ] 
348 7 4 [ 2, 3, 3, 3, 3, 4, 5 ] 
348 8 384 [ 1, 1, 2, 2, 3, 3, 3, 3 ] 
348 9 32 [ 1, 1, 3, 3, 3, 3, 3, 3, 3 ] 
348 10 2 [ 5, 5, 6, 6, 6, 6, 7, 7, 7, 7 ] 
_____________ 
349 2 8 [ 1, 1 ] 
349 3 24 [ 1, 2, 2 ] 
349 4 16 [ 1, 2, 3, 3 ] 
349 5 8 [ 2, 3, 3, 4, 4 ] 
349 6 4 [ 2, 4, 4, 5, 5, 5 ] 
349 7 2 [ 3, 3, 4, 4, 4, 4, 5 ] 
349 8 288 [ 2, 2, 2, 2, 2, 3, 3, 3 ] 
349 9 2 [ 4, 4, 5, 7, 7, 7, 7, 7, 7 ] 
349 10 2 [ 5, 7, 7, 7, 7, 7, 7, 7, 8, 8 ] 
_____________ 
350 2 8 [ 1, 1 ] 
350 3 48 [ 1, 1, 1 ] 
350 4 96 [ 1, 2, 2, 2 ] 
350 5 48 [ 1, 2, 2, 4, 5 ] 
350 6 32 [ 1, 1, 4, 4, 4, 5 ] 
350 7 2 [ 3, 5, 5, 5, 5, 6, 6 ] 
350 8 2 [ 3, 3, 4, 4, 4, 4, 5, 5 ] 
350 9 2 [ 4, 4, 5, 5, 5, 6, 6, 6, 6 ] 
350 10 4 [ 2, 3, 3, 3, 4, 4, 5, 5, 5, 5 ] 
_____________ 
351 2 12 [ 2, 2 ] 
351 3 8 [ 1, 2, 3 ] 
351 4 8 [ 1, 2, 3, 3 ] 
351 5 8 [ 2, 2, 4, 4, 5 ] 
351 6 96 [ 2, 2, 2, 3, 3, 5 ] 
351 7 2 [ 4, 4, 5, 5, 5, 5, 6 ] 
351 8 4 [ 2, 4, 4, 4, 4, 4, 4, 4 ] 
351 9 2 [ 3, 5, 5, 5, 6, 6, 6, 6, 6 ] 
351 10 2 [ 3, 5, 5, 5, 6, 6, 6, 6, 6, 7 ] 
_____________ 
352 2 12 [ 2, 2 ] 
352 3 48 [ 2, 2, 2 ] 
352 4 96 [ 1, 1, 1, 2 ] 
352 5 8 [ 2, 2, 3, 3, 3 ] 
352 6 48 [ 2, 2, 2, 4, 4, 4 ] 
352 7 2 [ 3, 5, 5, 5, 5, 5, 6 ] 
352 8 2 [ 3, 3, 5, 5, 5, 5, 6, 6 ] 
352 9 2 [ 3, 4, 5, 5, 6, 6, 6, 6, 6 ] 
352 10 2 [ 6, 6, 7, 7, 7, 7, 7, 7, 7, 8 ] 
_____________ 
353 2 4 [ 1, 2 ] 
353 3 8 [ 1, 2, 3 ] 
353 4 16 [ 2, 2, 3, 4 ] 
353 5 16 [ 1, 2, 2, 3, 3 ] 
353 6 16 [ 2, 3, 4, 4, 4, 5 ] 
353 7 8 [ 1, 2, 3, 3, 3, 3, 4 ] 
353 8 2 [ 5, 6, 6, 7, 7, 7, 7, 7 ] 
353 9 4 [ 2, 3, 3, 3, 4, 4, 4, 5, 6 ] 
353 10 2 [ 5, 6, 7, 8, 8, 8, 8, 8, 9, 9 ] 
_____________ 
354 2 4 [ 1, 2 ] 
354 3 24 [ 1, 2, 2 ] 
354 4 32 [ 1, 2, 2, 3 ] 
354 5 48 [ 1, 2, 2, 3, 3 ] 
354 6 4 [ 2, 4, 4, 5, 5, 6 ] 
354 7 4 [ 2, 4, 4, 4, 4, 6, 6 ] 
354 8 4 [ 1, 4, 4, 5, 5, 5, 5, 6 ] 
354 9 2 [ 4, 6, 6, 8, 8, 8, 8, 8, 8 ] 
354 10 4 [ 2, 4, 5, 6, 6, 6, 7, 7, 7, 8 ] 
_____________ 
355 2 4 [ 1, 2 ] 
355 3 48 [ 1, 1, 1 ] 
355 4 48 [ 1, 2, 2, 2 ] 
355 5 8 [ 2, 3, 3, 3, 4 ] 
355 6 8 [ 2, 2, 3, 4, 4, 4 ] 
355 7 2903040 [ 2, 2, 2, 2, 2, 2, 2 ] 
355 8 2 [ 4, 5, 6, 6, 7, 7, 7, 7 ] 
355 9 2 [ 4, 5, 5, 5, 6, 6, 6, 6, 6 ] 
355 10 2 [ 5, 6, 6, 6, 6, 6, 7, 7, 7, 7 ] 
_____________ 
356 2 8 [ 1, 1 ] 
356 3 24 [ 1, 4, 4 ] 
356 4 8 [ 1, 3, 3, 3 ] 
356 5 32 [ 1, 2, 2, 3, 3 ] 
356 6 12 [ 2, 2, 3, 3, 4, 4 ] 
356 7 4 [ 1, 5, 5, 5, 5, 6, 6 ] 
356 8 2 [ 3, 4, 4, 5, 5, 6, 6, 6 ] 
356 9 2 [ 3, 3, 4, 4, 4, 5, 5, 5, 5 ] 
356 10 2 [ 5, 5, 5, 6, 6, 6, 6, 6, 6, 8 ] 
_____________ 
357 2 4 [ 1, 2 ] 
357 3 48 [ 1, 1, 1 ] 
357 4 32 [ 2, 2, 4, 4 ] 
357 5 16 [ 2, 2, 4, 4, 4 ] 
357 6 4 [ 2, 3, 3, 4, 4, 5 ] 
357 7 4 [ 2, 4, 4, 5, 7, 7, 7 ] 
357 8 2 [ 3, 3, 3, 4, 4, 4, 5, 5 ] 
357 9 2 [ 5, 6, 6, 6, 6, 6, 7, 7, 7 ] 
357 10 2 [ 4, 4, 8, 8, 8, 8, 8, 8, 8, 10 ] 
_____________ 
358 2 4 [ 1, 2 ] 
358 3 24 [ 1, 2, 2 ] 
358 4 384 [ 1, 1, 1, 1 ] 
358 5 4 [ 1, 3, 3, 4, 4 ] 
358 6 384 [ 1, 2, 2, 2, 2, 3 ] 
358 7 2 [ 3, 5, 6, 6, 6, 7, 7 ] 
358 8 2 [ 3, 4, 4, 5, 5, 5, 5, 5 ] 
358 9 4 [ 2, 5, 5, 7, 7, 7, 7, 7, 8 ] 
358 10 2 [ 3, 5, 5, 6, 6, 6, 6, 6, 7, 7 ] 
_____________ 
359 2 12 [ 2, 2 ] 
359 3 8 [ 1, 2, 3 ] 
359 4 96 [ 1, 1, 2, 2 ] 
359 5 72 [ 2, 2, 3, 3, 3 ] 
359 6 480 [ 1, 2, 2, 2, 2, 3 ] 
359 7 12 [ 2, 2, 3, 3, 3, 4, 4 ] 
359 8 2 [ 3, 5, 6, 6, 7, 7, 7, 7 ] 
359 9 2 [ 4, 6, 6, 6, 6, 6, 6, 6, 6 ] 
Error, user interrupt in
  res[i] := func( C[i] )
 ; at /usr/local/Cellar/gap/4.15.1/share/gap/lib/coll.gi:663 called from 
List( m1, function ( row )
      return PROD_VECTOR_MATRIX( row, m2 );
  end ) at /usr/local/Cellar/gap/4.15.1/share/gap/lib/list.gi:3640 called from
T * M * TransposedMat( T ) at gapReads/LinearAlgebra.txt:252 called from
TMTTmult( orthoB, sQ ) at gapReads/LatticeTools.txt:41 called from
signaturejob( sdim - 1, newsQ ); at gapReads/LatticeTools.txt:42 called from
signaturejob( dim, Q ); at gapReads/LatticeTools.txt:48 called from
...  at Task20260906Ha.g:35
you can 'return;'
brk> quit;
gap> Read("Task20260906Ha.g");
Syntax error: ; expected in NewOGLat.g:94
    fflag:=false;
    ^^^^^
1 5 4 [ 2, 3, 5, 5, 5 ] 
1 6 16 [ 2, 2, 3, 3, 3, 4 ] 
1 7 4 [ 2, 3, 3, 3, 3, 4, 4 ] 
1 8 2 [ 4, 6, 6, 6, 6, 7, 7, 8 ] 
1 9 2 [ 5, 5, 5, 5, 5, 6, 6, 7, 7 ] 
1 10 2 [ 3, 4, 4, 4, 5, 5, 5, 6, 6, 7 ] 
1 11 2 [ 3, 5, 7, 8, 8, 8, 8, 8, 9, 9, 9 ] 
1 12 2 [ 5, 6, 6, 7, 7, 7, 8, 8, 8, 9, 9, 9 ] 
1 13 2 [ 7, 8, 8, 8, 8, 9, 9, 9, 9, 9, 9, 10, 11 ] 
1 14 2 [ 8, 8, 8, 8, 8, 8, 9, 9, 9, 9, 9, 9, 9, 9 ] 
1 15 2 [ 7, 7, 8, 8, 8, 8, 8, 8, 8, 8, 8, 8, 8, 8, 9 ] 
_____________ 
2 5 16 [ 2, 2, 4, 4, 4 ] 
2 6 96 [ 2, 2, 2, 2, 4, 4 ] 
2 7 4 [ 2, 3, 3, 4, 4, 4, 5 ] 
2 8 2 [ 3, 3, 4, 4, 4, 4, 5, 5 ] 
2 9 2 [ 3, 3, 4, 4, 4, 4, 5, 5, 5 ] 
2 10 2 [ 5, 5, 6, 6, 6, 6, 6, 7, 7, 7 ] 
2 11 2 [ 5, 7, 8, 8, 8, 8, 8, 8, 8, 9, 9 ] 
2 12 2 [ 6, 7, 7, 8, 8, 9, 9, 9, 9, 10, 11, 11 ] 
2 13 2 [ 4, 4, 5, 5, 6, 6, 6, 6, 7, 7, 7, 7, 7 ] 
2 14 2 [ 8, 8, 8, 8, 8, 8, 8, 8, 8, 8, 8, 8, 10, 10 ] 
2 15 2 [ 5, 7, 7, 7, 7, 7, 7, 7, 7, 7, 7, 7, 8, 8, 10 ] 
_____________ 
3 5 32 [ 2, 2, 2, 4, 4 ] 
3 6 16 [ 1, 1, 3, 3, 3, 4 ] 
3 7 8 [ 1, 2, 3, 4, 4, 5, 6 ] 
3 8 2 [ 3, 4, 4, 4, 5, 5, 5, 5 ] 
3 9 2 [ 5, 5, 5, 6, 6, 6, 6, 6, 7 ] 
3 10 2 [ 5, 5, 6, 6, 6, 6, 7, 7, 7, 7 ] 
3 11 2 [ 6, 6, 7, 8, 8, 8, 8, 8, 8, 8, 9 ] 
3 12 2 [ 6, 6, 6, 8, 8, 8, 8, 8, 8, 8, 10, 10 ] 
3 13 2 [ 7, 8, 8, 9, 9, 9, 9, 9, 9, 9, 9, 10, 10 ] 
3 14 2 [ 6, 8, 8, 9, 9, 9, 9, 9, 9, 9, 9, 10, 10, 10 ] 
3 15 2 [ 4, 7, 8, 8, 8, 9, 9, 9, 9, 9, 9, 9, 10, 10, 11 ] 
_____________ 
4 5 16 [ 1, 2, 3, 3, 3 ] 
4 6 192 [ 1, 1, 2, 2, 2, 3 ] 
4 7 8 [ 2, 2, 3, 4, 4, 4, 5 ] 
4 8 2 [ 3, 5, 5, 5, 6, 6, 6, 7 ] 
4 9 2 [ 5, 5, 6, 6, 6, 6, 6, 6, 6 ] 
4 10 2 [ 4, 7, 7, 7, 7, 8, 8, 8, 8, 8 ] 
4 11 2 [ 4, 4, 5, 5, 5, 6, 6, 6, 7, 7, 7 ] 
4 12 2 [ 5, 5, 6, 7, 7, 7, 7, 8, 8, 8, 8, 8 ] 
4 13 2 [ 4, 6, 6, 8, 8, 8, 8, 8, 9, 9, 9, 9, 9 ] 
4 14 2 [ 6, 7, 7, 8, 8, 8, 8, 8, 9, 9, 9, 9, 9, 9 ] 
4 15 2 [ 8, 8, 8, 8, 8, 8, 8, 8, 8, 8, 9, 9, 9, 10, 11 ] 
_____________ 
5 5 8 [ 2, 3, 3, 5, 6 ] 
5 6 192 [ 2, 2, 2, 2, 4, 5 ] 
5 7 2 [ 4, 5, 5, 6, 6, 6, 6 ] 
5 8 2 [ 3, 4, 4, 4, 4, 4, 6, 6 ] 
5 9 2 [ 3, 3, 3, 5, 5, 5, 5, 5, 6 ] 
5 10 2 [ 3, 3, 4, 4, 4, 5, 5, 5, 6, 7 ] 
5 11 2 [ 4, 5, 5, 6, 7, 7, 7, 7, 7, 7, 8 ] 
5 12 2 [ 5, 6, 7, 7, 7, 7, 7, 8, 8, 8, 8, 8 ] 
5 13 2 [ 5, 5, 5, 5, 6, 6, 6, 7, 7, 7, 7, 8, 9 ] 
5 14 2 [ 8, 8, 8, 8, 8, 8, 8, 9, 9, 9, 9, 9, 9, 9 ] 
5 15 2 [ 7, 8, 8, 8, 8, 9, 9, 9, 9, 9, 9, 9, 9, 10, 12 ] 
_____________ 
6 5 384 [ 1, 1, 2, 2, 2 ] 
6 6 8 [ 2, 3, 5, 5, 5, 5 ] 
6 7 8 [ 2, 2, 3, 3, 3, 4, 4 ] 
6 8 2 [ 3, 4, 5, 6, 7, 7, 7, 7 ] 
6 9 2 [ 4, 4, 5, 5, 6, 6, 6, 6, 8 ] 
6 10 2 [ 5, 6, 7, 7, 7, 7, 8, 8, 8, 9 ] 
6 11 2 [ 5, 5, 6, 6, 6, 7, 7, 7, 7, 7, 8 ] 
6 12 2 [ 4, 5, 5, 5, 6, 6, 6, 6, 6, 6, 8, 8 ] 
6 13 2 [ 4, 5, 5, 5, 6, 6, 6, 6, 7, 7, 7, 7, 7 ] 
6 14 2 [ 7, 8, 8, 8, 8, 8, 8, 8, 8, 8, 8, 8, 8, 10 ] 
6 15 2 [ 6, 6, 7, 7, 7, 7, 8, 8, 9, 9, 9, 9, 9, 9, 10 ] 
_____________ 
7 5 8 [ 2, 3, 3, 3, 4 ] 
7 6 4 [ 2, 3, 3, 3, 4, 4 ] 
7 7 48 [ 2, 2, 6, 6, 6, 6, 6 ] 
7 8 2 [ 4, 5, 5, 5, 5, 5, 5, 6 ] 
7 9 2 [ 3, 4, 4, 4, 4, 5, 5, 5, 5 ] 
7 10 2 [ 5, 5, 5, 5, 6, 6, 7, 7, 7, 7 ] 
7 11 2 [ 4, 4, 5, 5, 5, 5, 6, 6, 6, 7, 7 ] 
7 12 2 [ 7, 7, 7, 7, 8, 8, 8, 8, 8, 8, 9, 9 ] 
7 13 2 [ 6, 7, 7, 8, 9, 9, 9, 9, 9, 9, 9, 9, 9 ] 
7 14 2 [ 9, 9, 9, 9, 9, 9, 9, 9, 10, 10, 10, 11, 13, 13 ] 
7 15 2 [ 8, 8, 8, 8, 8, 8, 9, 9, 9, 9, 9, 9, 9, 9, 11 ] 
_____________ 
8 5 4 [ 2, 3, 3, 4, 5 ] 
8 6 4 [ 2, 3, 3, 4, 4, 4 ] 
8 7 32 [ 1, 2, 2, 3, 3, 4, 4 ] 
8 8 4 [ 2, 3, 5, 5, 6, 6, 6, 6 ] 
8 9 2 [ 3, 4, 6, 6, 6, 7, 7, 7, 8 ] 
8 10 2 [ 5, 5, 5, 5, 5, 5, 6, 6, 6, 6 ] 
8 11 2 [ 3, 4, 7, 7, 8, 8, 8, 8, 8, 8, 9 ] 
8 12 2 [ 4, 5, 6, 7, 7, 7, 7, 7, 7, 8, 8, 8 ] 
8 13 2 [ 5, 5, 6, 6, 7, 7, 7, 7, 8, 8, 8, 8, 8 ] 
8 14 2 [ 8, 8, 9, 9, 9, 9, 9, 9, 9, 9, 9, 11, 11, 12 ] 
8 15 2 [ 6, 7, 8, 8, 8, 9, 9, 9, 9, 9, 9, 9, 10, 10, 11 ] 
_____________ 
9 5 4 [ 1, 3, 4, 4, 5 ] 
9 6 24 [ 2, 2, 4, 6, 6, 6 ] 
9 7 4 [ 2, 3, 5, 5, 5, 5, 5 ] 
9 8 2 [ 3, 3, 4, 4, 5, 5, 5, 5 ] 
9 9 2 [ 4, 4, 4, 6, 6, 6, 6, 6, 6 ] 
9 10 2 [ 5, 6, 6, 7, 7, 7, 7, 7, 7, 7 ] 
9 11 2 [ 3, 4, 4, 5, 5, 5, 6, 6, 6, 6, 7 ] 
9 12 2 [ 5, 6, 7, 7, 7, 7, 7, 8, 8, 8, 8, 9 ] 
9 13 2 [ 6, 6, 6, 7, 7, 7, 7, 8, 8, 8, 8, 8, 8 ] 
9 14 2 [ 5, 7, 7, 7, 7, 7, 7, 7, 7, 7, 7, 8, 8, 10 ] 
9 15 2 [ 7, 8, 9, 9, 9, 9, 9, 9, 9, 9, 9, 10, 10, 12, 14 ] 
_____________ 
10 5 4 [ 2, 4, 5, 5, 6 ] 
10 6 7680 [ 1, 2, 2, 2, 2, 2 ] 
10 7 55296 [ 1, 1, 1, 2, 2, 2, 2 ] 
10 8 2 [ 4, 4, 4, 6, 6, 6, 6, 6 ] 
10 9 2 [ 3, 3, 4, 4, 4, 4, 5, 5, 5 ] 
10 10 48 [ 2, 2, 2, 2, 3, 3, 3, 4, 4, 4 ] 
10 11 2 [ 6, 6, 6, 6, 7, 7, 8, 8, 8, 9, 9 ] 
10 12 2 [ 5, 6, 7, 7, 7, 8, 8, 8, 8, 8, 8, 9 ] 
10 13 2 [ 4, 5, 7, 7, 8, 8, 8, 8, 8, 8, 8, 8, 9 ] 
10 14 2 [ 6, 8, 10, 10, 10, 10, 10, 10, 10, 10, 11, 11, 11, 12 ] 
10 15 2 [ 4, 4, 5, 5, 5, 5, 6, 6, 6, 7, 7, 7, 8, 8, 8 ] 
_____________ 
11 5 48 [ 2, 2, 2, 4, 4 ] 
11 6 4 [ 2, 3, 3, 4, 4, 4 ] 
11 7 4 [ 2, 3, 3, 4, 4, 4, 5 ] 
11 8 4 [ 2, 4, 5, 5, 5, 5, 6, 6 ] 
11 9 2 [ 3, 5, 5, 5, 5, 6, 6, 7, 7 ] 
11 10 2 [ 4, 5, 6, 6, 7, 7, 7, 7, 8, 8 ] 
11 11 2 [ 6, 7, 7, 7, 7, 7, 7, 8, 8, 8, 8 ] 
11 12 2 [ 4, 5, 5, 6, 6, 6, 7, 7, 7, 7, 7, 7 ] 
11 13 2 [ 5, 7, 7, 7, 8, 8, 8, 8, 8, 8, 8, 8, 10 ] 
11 14 2 [ 4, 6, 7, 7, 7, 7, 7, 7, 7, 7, 8, 8, 8, 8 ] 
11 15 2 [ 6, 7, 7, 7, 7, 8, 8, 8, 8, 9, 9, 9, 9, 9, 10 ] 
_____________ 
12 5 16 [ 2, 2, 4, 4, 4 ] 
12 6 4 [ 2, 3, 3, 4, 5, 6 ] 
12 7 4 [ 2, 3, 5, 5, 5, 5, 6 ] 
12 8 2 [ 3, 5, 5, 5, 5, 5, 5, 5 ] 
12 9 2 [ 6, 6, 6, 8, 8, 8, 8, 8, 8 ] 
12 10 2 [ 3, 3, 4, 5, 5, 5, 5, 5, 6, 6 ] 
12 11 2 [ 4, 5, 5, 6, 6, 6, 6, 6, 7, 7, 7 ] 
12 12 2 [ 6, 6, 7, 7, 7, 8, 8, 8, 8, 8, 8, 8 ] 
12 13 2 [ 7, 7, 8, 8, 8, 8, 9, 9, 9, 9, 10, 10, 10 ] 
12 14 2 [ 4, 6, 7, 7, 8, 8, 8, 8, 8, 9, 9, 9, 9, 10 ] 
12 15 2 [ 7, 8, 8, 8, 8, 8, 8, 8, 8, 9, 9, 9, 9, 11, 12 ] 
_____________ 
13 5 64 [ 1, 1, 3, 3, 4 ] 
13 6 96 [ 2, 2, 4, 4, 4, 4 ] 
13 7 2 [ 3, 3, 3, 4, 4, 5, 5 ] 
13 8 4 [ 2, 3, 4, 4, 5, 5, 5, 5 ] 
13 9 4 [ 2, 3, 3, 3, 3, 3, 4, 4, 5 ] 
13 10 16 [ 2, 2, 2, 3, 3, 3, 3, 4, 4, 4 ] 
13 11 2 [ 4, 5, 5, 6, 6, 7, 7, 7, 7, 7, 7 ] 
13 12 2 [ 5, 5, 7, 7, 7, 7, 8, 8, 8, 8, 8, 10 ] 
13 13 2 [ 4, 5, 5, 5, 5, 6, 6, 6, 6, 6, 7, 7, 7 ] 
13 14 2 [ 6, 7, 7, 7, 8, 9, 9, 9, 9, 9, 9, 9, 11, 11 ] 
13 15 2 [ 8, 8, 8, 8, 8, 8, 8, 9, 9, 9, 10, 11, 12, 12, 13 ] 
_____________ 
14 5 3840 [ 1, 1, 1, 1, 1 ] 
14 6 8 [ 2, 3, 3, 4, 5, 5 ] 
14 7 8 [ 1, 2, 3, 3, 4, 4, 5 ] 
14 8 288 [ 2, 2, 2, 2, 2, 3, 3, 4 ] 
14 9 2 [ 3, 4, 4, 5, 5, 5, 7, 7, 7 ] 
14 10 2 [ 3, 3, 4, 4, 4, 4, 5, 5, 5, 6 ] 
14 11 2 [ 4, 5, 6, 6, 7, 7, 7, 7, 7, 8, 8 ] 
14 12 2 [ 6, 6, 6, 7, 7, 7, 7, 7, 7, 8, 8, 9 ] 
14 13 2 [ 8, 8, 8, 8, 8, 8, 8, 8, 9, 9, 10, 11, 11 ] 
14 14 2 [ 7, 8, 8, 8, 8, 8, 9, 9, 9, 9, 9, 9, 9, 10 ] 
14 15 2 [ 5, 5, 6, 6, 6, 6, 6, 6, 6, 7, 7, 7, 7, 7, 8 ] 
_____________ 
15 5 16 [ 1, 3, 3, 3, 3 ] 
15 6 1920 [ 1, 1, 2, 2, 2, 2 ] 
15 7 4 [ 3, 4, 5, 6, 6, 6, 6 ] 
15 8 2 [ 4, 4, 4, 4, 5, 5, 6, 6 ] 
15 9 2 [ 4, 4, 5, 6, 6, 6, 7, 7, 7 ] 
15 10 2 [ 5, 5, 5, 7, 7, 7, 7, 8, 8, 8 ] 
15 11 2 [ 4, 5, 5, 5, 5, 6, 6, 7, 7, 8, 8 ] 
15 12 2 [ 7, 7, 7, 7, 8, 8, 8, 8, 8, 8, 8, 11 ] 
15 13 4 [ 2, 6, 8, 8, 9, 9, 9, 9, 9, 9, 9, 9, 11 ] 
15 14 2 [ 9, 9, 9, 10, 10, 10, 10, 10, 10, 10, 10, 13, 14, 14 ] 
15 15 2 [ 9, 10, 10, 10, 10, 10, 10, 11, 12, 13, 14, 14, 15, 15, 17 ] 
_____________ 
16 5 4 [ 3, 3, 3, 3, 4 ] 
16 6 4 [ 2, 3, 3, 3, 4, 4 ] 
16 7 2 [ 3, 3, 4, 4, 4, 4, 4 ] 
16 8 4 [ 2, 4, 6, 6, 6, 6, 6, 6 ] 
16 9 8 [ 3, 3, 3, 4, 4, 4, 4, 5, 5 ] 
16 10 2 [ 3, 5, 6, 6, 6, 6, 6, 7, 7, 7 ] 
16 11 2 [ 6, 7, 7, 8, 9, 9, 9, 9, 9, 9, 10 ] 
16 12 2 [ 5, 5, 6, 6, 6, 6, 7, 7, 7, 7, 8, 8 ] 
16 13 2 [ 8, 8, 8, 8, 8, 8, 8, 9, 9, 9, 9, 10, 11 ] 
16 14 2 [ 7, 8, 8, 8, 8, 8, 8, 8, 8, 8, 8, 9, 9, 9 ] 
16 15 2 [ 10, 10, 10, 10, 10, 11, 11, 11, 11, 11, 13, 14, 15, 15, 16 ] 
_____________ 
17 5 16 [ 2, 4, 5, 5, 6 ] 
17 6 32 [ 1, 2, 3, 4, 4, 5 ] 
17 7 24 [ 2, 2, 4, 4, 4, 4, 5 ] 
17 8 8 [ 2, 4, 4, 6, 6, 6, 6, 7 ] 
17 9 2 [ 3, 3, 3, 4, 4, 4, 5, 5, 5 ] 
17 10 2 [ 3, 4, 4, 5, 6, 6, 6, 7, 7, 7 ] 
17 11 2 [ 4, 6, 6, 6, 6, 7, 7, 7, 7, 8, 8 ] 
17 12 2 [ 4, 5, 6, 7, 7, 7, 7, 8, 8, 8, 8, 8 ] 
17 13 2 [ 4, 4, 4, 6, 6, 6, 7, 7, 7, 7, 7, 7, 8 ] 
17 14 2 [ 7, 8, 9, 9, 9, 9, 9, 9, 9, 9, 9, 9, 10, 10 ] 
17 15 2 [ 9, 9, 9, 9, 9, 9, 9, 9, 9, 9, 9, 10, 13, 14, 14 ] 
_____________ 
18 5 48 [ 2, 2, 2, 4, 4 ] 
18 6 4608 [ 1, 1, 1, 1, 2, 2 ] 
18 7 8 [ 2, 3, 4, 4, 4, 4, 4 ] 
18 8 4 [ 2, 3, 3, 3, 3, 3, 3, 4 ] 
18 9 2 [ 5, 6, 6, 6, 6, 7, 7, 7, 7 ] 
18 10 2 [ 3, 3, 3, 3, 4, 4, 4, 5, 5, 5 ] 
18 11 2 [ 5, 5, 6, 6, 6, 6, 6, 6, 7, 7, 7 ] 
18 12 2 [ 4, 5, 5, 5, 6, 6, 6, 6, 7, 7, 7, 8 ] 
18 13 2 [ 8, 9, 9, 9, 9, 9, 9, 9, 9, 9, 9, 10, 10 ] 
18 14 2 [ 7, 7, 7, 7, 8, 8, 8, 8, 8, 8, 8, 8, 8, 8 ] 
18 15 2 [ 9, 9, 9, 9, 9, 9, 9, 9, 9, 9, 10, 10, 11, 11, 13 ] 
_____________ 
19 5 32 [ 2, 2, 2, 4, 4 ] 
19 6 4 [ 3, 4, 4, 5, 5, 5 ] 
19 7 48 [ 1, 2, 3, 4, 4, 4, 4 ] 
19 8 480 [ 1, 2, 2, 2, 2, 3, 3, 4 ] 
19 9 2 [ 3, 3, 4, 4, 4, 5, 5, 5, 5 ] 
19 10 4 [ 2, 5, 5, 6, 6, 6, 7, 7, 7, 7 ] 
19 11 2 [ 4, 6, 6, 6, 6, 6, 6, 8, 8, 8, 8 ] 
19 12 2 [ 5, 5, 7, 8, 8, 8, 8, 8, 8, 9, 9, 9 ] 
19 13 2 [ 6, 8, 8, 8, 8, 8, 8, 8, 8, 8, 9, 10, 10 ] 
19 14 2 [ 5, 7, 7, 8, 8, 8, 8, 9, 9, 9, 9, 9, 9, 9 ] 
19 15 2 [ 5, 6, 8, 8, 9, 9, 9, 9, 9, 9, 9, 9, 9, 10, 11 ] 
_____________ 
20 5 16 [ 2, 2, 4, 4, 4 ] 
20 6 8 [ 2, 2, 3, 3, 4, 4 ] 
20 7 32 [ 1, 2, 2, 3, 4, 5, 5 ] 
20 8 4 [ 2, 3, 4, 5, 5, 5, 5, 5 ] 
20 9 2 [ 4, 4, 6, 6, 6, 6, 6, 6, 6 ] 
20 10 2 [ 6, 6, 8, 8, 8, 8, 8, 8, 8, 8 ] 
20 11 2 [ 4, 5, 5, 5, 5, 5, 5, 5, 5, 6, 6 ] 
20 12 2 [ 7, 7, 8, 8, 8, 8, 8, 9, 9, 9, 10, 11 ] 
20 13 2 [ 5, 6, 6, 6, 6, 6, 7, 8, 8, 8, 8, 9, 10 ] 
20 14 2 [ 4, 7, 7, 8, 8, 8, 9, 9, 9, 9, 9, 9, 9, 9 ] 
20 15 2 [ 5, 7, 7, 7, 7, 8, 8, 8, 8, 8, 8, 8, 8, 9, 9 ] 
_____________ 
21 5 576 [ 1, 1, 1, 2, 2 ] 
21 6 576 [ 2, 2, 2, 2, 2, 4 ] 
21 7 4 [ 2, 3, 3, 3, 4, 4, 4 ] 
21 8 2 [ 3, 4, 6, 6, 6, 6, 7, 7 ] 
21 9 2 [ 4, 4, 5, 5, 6, 6, 7, 7, 7 ] 
21 10 2 [ 3, 6, 6, 6, 6, 6, 7, 7, 7, 7 ] 
21 11 2 [ 3, 4, 6, 7, 7, 7, 7, 7, 7, 7, 7 ] 
21 12 2 [ 6, 6, 6, 8, 8, 8, 8, 8, 8, 8, 9, 9 ] 
21 13 2 [ 6, 6, 7, 7, 7, 7, 7, 7, 7, 7, 7, 7, 8 ] 
21 14 2 [ 8, 8, 8, 8, 9, 9, 9, 9, 9, 9, 9, 9, 9, 10 ] 
21 15 2 [ 8, 9, 9, 9, 10, 10, 10, 10, 10, 10, 10, 10, 10, 12, 12 ] 
_____________ 
22 5 24 [ 2, 2, 4, 6, 6 ] 
22 6 8 [ 2, 3, 3, 3, 4, 5 ] 
22 7 2 [ 3, 3, 5, 5, 5, 6, 6 ] 
22 8 32 [ 2, 2, 2, 3, 3, 3, 3, 3 ] 
22 9 2 [ 3, 4, 6, 6, 7, 7, 7, 7, 7 ] 
22 10 2 [ 6, 6, 6, 6, 6, 6, 6, 6, 6, 6 ] 
22 11 2 [ 4, 5, 6, 6, 6, 6, 7, 7, 7, 7, 7 ] 
22 12 2 [ 3, 4, 4, 4, 5, 5, 5, 6, 6, 6, 7, 7 ] 
22 13 2 [ 5, 7, 7, 8, 9, 9, 9, 9, 9, 9, 9, 10, 11 ] 
22 14 2 [ 5, 7, 8, 8, 8, 8, 8, 8, 8, 9, 9, 9, 9, 9 ] 
22 15 2 [ 9, 9, 9, 9, 9, 9, 9, 9, 10, 10, 10, 10, 13, 14, 14 ] 
_____________ 
23 5 24 [ 1, 3, 3, 3, 3 ] 
23 6 2 [ 3, 3, 3, 4, 4, 5 ] 
23 7 8 [ 2, 2, 3, 3, 3, 3, 4 ] 
23 8 4 [ 2, 3, 4, 5, 5, 5, 5, 5 ] 
23 9 2 [ 3, 4, 4, 4, 4, 5, 5, 5, 5 ] 
23 10 4 [ 2, 5, 5, 5, 6, 6, 7, 7, 7, 7 ] 
23 11 2 [ 6, 6, 6, 6, 6, 7, 7, 7, 7, 7, 8 ] 
23 12 2 [ 4, 4, 5, 5, 5, 6, 6, 6, 6, 6, 6, 7 ] 
23 13 2 [ 5, 5, 6, 7, 7, 7, 7, 8, 8, 8, 8, 8, 8 ] 
23 14 2 [ 6, 7, 7, 8, 8, 8, 8, 8, 8, 8, 8, 9, 9, 10 ] 
23 15 2 [ 8, 9, 9, 9, 9, 10, 10, 10, 10, 11, 11, 13, 13, 13, 16 ] 
_____________ 
24 5 32 [ 1, 2, 2, 3, 3 ] 
24 6 128 [ 1, 1, 2, 3, 3, 4 ] 
24 7 2 [ 4, 4, 4, 5, 5, 5, 5 ] 
24 8 2 [ 3, 4, 4, 5, 5, 5, 5, 5 ] 
24 9 2 [ 4, 5, 6, 6, 6, 6, 6, 6, 7 ] 
24 10 2 [ 5, 5, 5, 7, 7, 8, 8, 8, 8, 9 ] 
24 11 2 [ 3, 4, 4, 5, 5, 5, 5, 5, 6, 6, 6 ] 
24 12 2 [ 6, 7, 8, 8, 9, 9, 9, 9, 9, 10, 10, 12 ] 
24 13 2 [ 5, 5, 5, 6, 6, 6, 7, 7, 8, 8, 8, 8, 9 ] 
24 14 2 [ 5, 7, 7, 10, 10, 10, 10, 10, 10, 11, 11, 11, 12, 12 ] 
24 15 2 [ 10, 10, 10, 10, 10, 10, 10, 10, 10, 10, 10, 10, 10, 10, 12 ] 
_____________ 
25 5 4 [ 2, 3, 3, 3, 4 ] 
25 6 4 [ 2, 3, 4, 5, 5, 6 ] 
25 7 8 [ 1, 2, 3, 4, 4, 4, 5 ] 
25 8 2 [ 3, 6, 6, 6, 7, 7, 7, 7 ] 
25 9 2 [ 5, 6, 6, 7, 7, 7, 7, 7, 7 ] 
25 10 2 [ 5, 5, 5, 5, 6, 6, 6, 7, 7, 7 ] 
25 11 2 [ 4, 6, 8, 8, 8, 8, 8, 8, 8, 8, 8 ] 
25 12 2 [ 8, 8, 8, 8, 9, 9, 9, 9, 9, 9, 9, 11 ] 
25 13 2 [ 6, 7, 7, 8, 8, 8, 8, 8, 8, 8, 8, 8, 8 ] 
25 14 2 [ 4, 4, 5, 6, 6, 6, 7, 7, 7, 8, 8, 8, 9, 9 ] 
25 15 2 [ 6, 7, 7, 8, 8, 8, 8, 8, 8, 8, 8, 8, 8, 8, 11 ] 
_____________ 
26 5 576 [ 1, 1, 1, 2, 2 ] 
26 6 4 [ 2, 3, 3, 5, 5, 6 ] 
26 7 4 [ 1, 5, 5, 5, 6, 6, 6 ] 
26 8 64 [ 2, 2, 2, 2, 3, 3, 3, 3 ] 
26 9 2 [ 3, 4, 4, 5, 6, 6, 6, 7, 7 ] 
26 10 8 [ 2, 2, 3, 3, 3, 3, 4, 4, 4, 4 ] 
26 11 4 [ 2, 3, 3, 3, 3, 3, 3, 3, 4, 4, 4 ] 
Error, user interrupt in
  return res; at /usr/local/Cellar/gap/4.15.1/share/gap/lib/coll.gi:672 called from 
List( tvtgs, function ( ttv )
      return Position( candidates, ttv );
  end ) at NewOGLat.g:330 called from
getpermcan( thetg ) at NewOGLat.g:349 called from
NewOGLat( ttbasisrec ) at Task20260906Ha.g:21 called from
<function "unknown">( <arguments> )
 called from read-eval loop at Task20260906Ha.g:35
you can 'return;'
brk> quit;
gap> Read("Task20260906Ha.g");
Syntax error: ; expected in NewOGLat.g:94
    fflag:=false;
    ^^^^^
1 5 3840 [ 1, 1, 1, 1, 1 ] 
1 6 144 [ 1, 2, 2, 3, 3, 3 ] 
1 7 64 [ 2, 2, 2, 3, 3, 3, 3 ] 
1 8 2 [ 4, 4, 4, 5, 5, 5, 5, 5 ] 
1 9 2 [ 4, 4, 4, 4, 4, 6, 6, 6, 6 ] 
1 10 2 [ 4, 6, 6, 6, 7, 7, 7, 7, 7, 7 ] 
1 11 2 [ 4, 4, 5, 5, 5, 5, 5, 5, 5, 5, 5 ] 
1 12 2 [ 4, 5, 5, 5, 5, 5, 6, 6, 6, 6, 7, 7 ] 
1 13 2 [ 3, 4, 4, 4, 5, 5, 5, 5, 5, 6, 6, 6, 6 ] 
1 14 2 [ 3, 5, 5, 5, 5, 5, 6, 6, 6, 6, 6, 6, 7, 7 ] 
1 15 2 [ 5, 5, 6, 6, 6, 6, 6, 6, 6, 7, 7, 7, 7, 7, 8 ] 
_____________ 
2 5 96 [ 1, 2, 2, 2, 3 ] 
2 6 23040 [ 3, 3, 3, 3, 3, 3 ] 
2 7 24 [ 3, 3, 3, 3, 3, 3, 4 ] 
2 8 8 [ 2, 2, 3, 3, 3, 5, 5, 5 ] 
2 9 32 [ 2, 2, 4, 4, 4, 5, 5, 5, 6 ] 
2 10 2 [ 3, 4, 6, 6, 6, 6, 6, 6, 6, 6 ] 
2 11 2 [ 3, 4, 4, 4, 5, 5, 5, 5, 5, 6, 7 ] 
2 12 2 [ 4, 4, 4, 5, 5, 5, 5, 5, 6, 6, 6, 6 ] 
2 13 2 [ 3, 5, 5, 5, 5, 5, 5, 6, 6, 6, 6, 8, 9 ] 
2 14 2 [ 6, 7, 7, 7, 7, 7, 7, 7, 7, 8, 8, 8, 10, 11 ] 
2 15 2 [ 7, 7, 7, 7, 8, 8, 8, 8, 8, 8, 8, 8, 9, 10, 10 ] 
_____________ 
3 5 3840 [ 1, 1, 1, 1, 1 ] 
3 6 48 [ 2, 2, 3, 3, 3, 3 ] 
3 7 192 [ 4, 4, 4, 4, 4, 4, 4 ] 
3 8 4 [ 3, 3, 3, 4, 4, 4, 5, 6 ] 
3 9 4 [ 2, 3, 4, 4, 5, 5, 5, 5, 5 ] 
3 10 2 [ 4, 5, 5, 6, 6, 6, 6, 6, 6, 7 ] 
3 11 2 [ 3, 4, 5, 5, 5, 5, 5, 6, 6, 6, 6 ] 
3 12 2 [ 4, 5, 5, 6, 6, 6, 6, 6, 6, 6, 7, 7 ] 
3 13 2 [ 3, 4, 4, 4, 5, 5, 5, 5, 5, 5, 5, 6, 7 ] 
3 14 2 [ 5, 5, 5, 6, 6, 7, 7, 7, 7, 7, 8, 8, 8, 8 ] 
3 15 2 [ 6, 6, 7, 7, 7, 7, 7, 7, 8, 8, 8, 8, 8, 8, 8 ] 
_____________ 
4 5 64 [ 1, 1, 2, 2, 3 ] 
4 6 48 [ 1, 2, 2, 2, 3, 3 ] 
4 7 192 [ 1, 2, 2, 2, 3, 3, 3 ] 
4 8 64 [ 2, 2, 2, 3, 3, 4, 4, 4 ] 
4 9 2 [ 3, 3, 4, 4, 5, 5, 5, 5, 6 ] 
4 10 2 [ 3, 3, 3, 3, 4, 4, 4, 4, 4, 5 ] 
4 11 2 [ 6, 6, 6, 7, 7, 7, 7, 7, 7, 7, 8 ] 
4 12 2 [ 4, 4, 6, 6, 6, 6, 6, 6, 6, 6, 6, 6 ] 
4 13 2 [ 6, 6, 6, 6, 6, 6, 6, 7, 7, 7, 7, 9, 9 ] 
4 14 2 [ 7, 7, 7, 7, 7, 8, 8, 8, 8, 8, 8, 9, 9, 10 ] 
4 15 2 [ 7, 7, 7, 7, 8, 8, 8, 8, 8, 8, 8, 8, 8, 8, 11 ] 
_____________ 
5 5 1440 [ 2, 2, 2, 2, 2 ] 
5 6 64 [ 1, 3, 3, 3, 3, 3 ] 
5 7 8 [ 3, 3, 4, 4, 5, 5, 5 ] 
5 8 2 [ 3, 3, 3, 4, 4, 4, 4, 5 ] 
5 9 4 [ 2, 3, 3, 3, 3, 3, 4, 4, 4 ] 
5 10 2 [ 3, 4, 4, 4, 4, 4, 5, 5, 5, 5 ] 
5 11 2 [ 5, 6, 6, 6, 6, 6, 7, 7, 7, 7, 7 ] 
5 12 2 [ 3, 5, 5, 6, 6, 6, 6, 6, 6, 7, 7, 8 ] 
5 13 2 [ 3, 5, 5, 5, 5, 5, 5, 5, 5, 6, 6, 6, 6 ] 
5 14 2 [ 7, 7, 7, 7, 7, 7, 7, 7, 7, 7, 8, 8, 8, 9 ] 
5 15 2 [ 6, 6, 7, 7, 7, 7, 7, 7, 7, 7, 8, 8, 8, 10, 11 ] 
_____________ 
6 5 96 [ 4, 4, 4, 4, 4 ] 
6 6 1536 [ 2, 2, 2, 2, 3, 3 ] 
6 7 2 [ 3, 3, 3, 3, 4, 4, 4 ] 
6 8 2 [ 6, 6, 6, 6, 6, 6, 6, 6 ] 
6 9 48 [ 2, 3, 3, 3, 3, 3, 3, 3, 4 ] 
6 10 2 [ 3, 4, 4, 4, 4, 5, 5, 5, 5, 5 ] 
6 11 2 [ 7, 8, 8, 8, 8, 8, 8, 8, 8, 9, 9 ] 
6 12 2 [ 6, 7, 7, 7, 7, 7, 7, 8, 8, 8, 8, 8 ] 
6 13 2 [ 6, 6, 7, 7, 7, 7, 7, 7, 7, 7, 7, 7, 8 ] 
6 14 2 [ 5, 6, 6, 6, 6, 6, 6, 7, 7, 7, 7, 7, 8, 9 ] 
6 15 2 [ 6, 6, 6, 6, 6, 6, 7, 7, 7, 7, 7, 8, 9, 9, 10 ] 
_____________ 
7 5 64 [ 1, 2, 2, 3, 3 ] 
7 6 384 [ 1, 1, 2, 2, 2, 3 ] 
7 7 8 [ 2, 4, 4, 4, 4, 4, 4 ] 
7 8 4 [ 2, 3, 3, 3, 4, 4, 4, 4 ] 
7 9 8 [ 2, 3, 4, 4, 4, 4, 5, 5, 5 ] 
7 10 2 [ 3, 5, 5, 5, 5, 6, 6, 6, 6, 6 ] 
7 11 4 [ 2, 3, 4, 5, 5, 5, 6, 6, 6, 6, 6 ] 
7 12 2 [ 4, 4, 5, 5, 5, 5, 5, 5, 5, 5, 6, 6 ] 
7 13 2 [ 6, 7, 7, 7, 7, 7, 7, 7, 7, 7, 8, 8, 9 ] 
7 14 2 [ 7, 8, 8, 8, 8, 8, 8, 8, 8, 8, 8, 9, 13, 13 ] 
7 15 2 [ 6, 7, 7, 7, 7, 7, 7, 7, 7, 7, 8, 8, 9, 10, 10 ] 
_____________ 
8 5 96 [ 1, 2, 2, 2, 3 ] 
8 6 8 [ 2, 3, 3, 3, 4, 4 ] 
8 7 48 [ 2, 2, 2, 3, 3, 3, 5 ] 
8 8 4 [ 2, 3, 4, 5, 5, 5, 5, 5 ] 
8 9 2 [ 3, 4, 5, 5, 5, 5, 5, 5, 6 ] 
8 10 2 [ 5, 5, 5, 6, 6, 6, 6, 6, 6, 6 ] 
8 11 4 [ 2, 3, 3, 4, 4, 5, 5, 5, 5, 5, 5 ] 
8 12 2 [ 4, 7, 7, 7, 7, 7, 7, 7, 7, 7, 7, 8 ] 
8 13 2 [ 7, 7, 7, 8, 8, 8, 8, 8, 8, 8, 8, 8, 8 ] 
8 14 2 [ 6, 7, 7, 7, 7, 7, 7, 7, 7, 7, 8, 8, 8, 9 ] 
8 15 2 [ 6, 7, 7, 7, 7, 7, 8, 8, 8, 8, 8, 8, 9, 9, 11 ] 
_____________ 
9 5 768 [ 2, 2, 2, 3, 3 ] 
9 6 8 [ 2, 3, 3, 3, 3, 3 ] 
9 7 4 [ 3, 3, 3, 3, 4, 4, 4 ] 
9 8 2 [ 4, 4, 4, 6, 6, 6, 6, 6 ] 
9 9 16 [ 2, 2, 3, 3, 3, 3, 4, 4, 4 ] 
9 10 2 [ 4, 4, 4, 4, 4, 5, 5, 5, 5, 5 ] 
9 11 2 [ 5, 6, 6, 7, 7, 7, 8, 8, 8, 8, 8 ] 
9 12 2 [ 5, 6, 6, 6, 6, 6, 6, 6, 7, 7, 7, 7 ] 
9 13 2 [ 7, 7, 7, 7, 7, 7, 7, 7, 8, 8, 8, 9, 9 ] 
9 14 2 [ 6, 6, 7, 7, 7, 7, 7, 7, 7, 7, 7, 8, 9, 10 ] 
9 15 2 [ 8, 9, 9, 9, 9, 9, 9, 9, 9, 9, 10, 10, 10, 11, 12 ] 
_____________ 
10 5 192 [ 2, 2, 2, 4, 4 ] 
10 6 32 [ 2, 2, 3, 4, 4, 4 ] 
10 7 8 [ 2, 2, 3, 3, 3, 3, 4 ] 
10 8 2 [ 3, 3, 3, 4, 4, 5, 5, 5 ] 
10 9 8 [ 2, 3, 4, 4, 4, 5, 5, 5, 5 ] 
10 10 2 [ 3, 4, 4, 4, 5, 5, 5, 5, 5, 5 ] 
10 11 2 [ 4, 4, 4, 5, 5, 5, 5, 5, 6, 6, 6 ] 
10 12 2 [ 3, 5, 5, 6, 6, 6, 6, 6, 7, 7, 7, 8 ] 
10 13 2 [ 4, 5, 5, 7, 7, 7, 7, 7, 8, 8, 8, 8, 8 ] 
10 14 2 [ 8, 8, 8, 8, 8, 9, 9, 9, 9, 9, 9, 9, 9, 10 ] 
10 15 2 [ 6, 7, 7, 7, 8, 8, 8, 8, 8, 8, 8, 8, 8, 12, 12 ] 
_____________ 
11 5 48 [ 2, 2, 3, 3, 3 ] 
11 6 24 [ 1, 2, 2, 3, 3, 3 ] 
11 7 2880 [ 3, 3, 3, 3, 4, 4, 4 ] 
11 8 2 [ 3, 5, 5, 5, 5, 6, 6, 7 ] 
11 9 2 [ 5, 6, 6, 7, 7, 7, 7, 7, 7 ] 
11 10 4 [ 2, 3, 4, 4, 4, 4, 4, 5, 5, 6 ] 
11 11 2 [ 5, 5, 6, 6, 6, 6, 6, 6, 7, 7, 8 ] 
11 12 2 [ 6, 6, 6, 6, 6, 7, 7, 7, 7, 7, 8, 8 ] 
11 13 2 [ 5, 5, 6, 6, 6, 6, 6, 6, 6, 6, 7, 7, 7 ] 
11 14 2 [ 5, 6, 6, 6, 6, 6, 7, 7, 7, 7, 7, 7, 8, 8 ] 
11 15 2 [ 7, 7, 7, 7, 7, 7, 7, 7, 7, 7, 7, 7, 8, 8, 10 ] 
_____________ 
12 5 384 [ 1, 1, 2, 2, 2 ] 
12 6 384 [ 2, 2, 3, 3, 3, 4 ] 
12 7 4 [ 2, 3, 3, 3, 3, 4, 4 ] 
12 8 8 [ 2, 2, 3, 3, 4, 4, 4, 4 ] 
12 9 2 [ 5, 6, 6, 6, 7, 7, 7, 7, 7 ] 
12 10 8 [ 3, 4, 4, 4, 4, 4, 5, 5, 5, 6 ] 
12 11 2 [ 3, 3, 3, 4, 4, 4, 5, 5, 5, 5, 6 ] 
12 12 2 [ 6, 6, 7, 7, 7, 7, 7, 7, 7, 8, 8, 9 ] 
12 13 2 [ 6, 6, 6, 6, 7, 7, 7, 7, 7, 9, 9, 9, 10 ] 
12 14 2 [ 5, 6, 6, 6, 6, 7, 7, 7, 7, 7, 7, 7, 7, 7 ] 
12 15 2 [ 5, 6, 6, 6, 6, 6, 6, 6, 7, 7, 7, 7, 8, 8, 8 ] 
_____________ 
13 5 768 [ 1, 1, 1, 1, 3 ] 
13 6 192 [ 2, 2, 2, 3, 3, 3 ] 
13 7 32 [ 2, 2, 3, 3, 3, 3, 3 ] 
13 8 8 [ 2, 3, 4, 4, 4, 4, 4, 4 ] 
13 9 2 [ 4, 4, 4, 4, 4, 6, 6, 6, 6 ] 
13 10 2 [ 4, 4, 5, 5, 5, 5, 5, 5, 5, 6 ] 
13 11 2 [ 4, 4, 6, 6, 6, 6, 6, 6, 6, 6, 6 ] 
13 12 2 [ 3, 3, 3, 3, 4, 4, 4, 4, 5, 5, 5, 5 ] 
13 13 2 [ 5, 5, 6, 6, 6, 6, 6, 6, 7, 7, 7, 8, 8 ] 
13 14 2 [ 6, 7, 7, 7, 7, 7, 8, 8, 8, 8, 8, 8, 10, 10 ] 
13 15 2 [ 7, 7, 7, 7, 7, 7, 7, 8, 8, 8, 8, 8, 8, 9, 9 ] 
_____________ 
14 5 32 [ 2, 2, 2, 4, 4 ] 
14 6 16 [ 2, 2, 4, 4, 4, 4 ] 
14 7 1536 [ 1, 2, 2, 2, 2, 2, 3 ] 
14 8 2 [ 3, 3, 3, 3, 4, 4, 4, 5 ] 
14 9 2 [ 4, 4, 4, 5, 5, 5, 5, 5, 5 ] 
14 10 2 [ 5, 5, 5, 5, 6, 6, 6, 6, 6, 6 ] 
14 11 2 [ 4, 5, 5, 5, 5, 5, 5, 5, 6, 6, 6 ] 
14 12 2 [ 4, 4, 5, 5, 5, 5, 5, 5, 5, 6, 6, 6 ] 
14 13 2 [ 5, 5, 5, 5, 6, 6, 6, 6, 6, 6, 6, 6, 8 ] 
14 14 2 [ 7, 7, 7, 7, 7, 7, 7, 7, 7, 8, 8, 9, 9, 10 ] 
14 15 2 [ 6, 7, 7, 7, 7, 7, 7, 7, 7, 7, 8, 8, 8, 8, 9 ] 
_____________ 
15 5 96 [ 1, 2, 2, 2, 3 ] 
15 6 9216 [ 1, 1, 2, 2, 2, 2 ] 
15 7 2 [ 3, 3, 3, 4, 5, 5, 5 ] 
15 8 1536 [ 2, 2, 2, 2, 2, 3, 3, 4 ] 
15 9 2 [ 3, 3, 3, 3, 3, 3, 3, 4, 4 ] 
15 10 8 [ 2, 4, 5, 5, 5, 5, 5, 5, 5, 6 ] 
15 11 2 [ 3, 4, 4, 4, 4, 5, 6, 6, 6, 6, 7 ] 
15 12 2 [ 4, 4, 5, 6, 6, 6, 6, 7, 7, 7, 7, 8 ] 
15 13 2 [ 4, 5, 7, 7, 7, 7, 7, 7, 7, 7, 7, 7, 8 ] 
15 14 2 [ 5, 6, 6, 6, 6, 6, 7, 7, 7, 7, 7, 8, 8, 8 ] 
15 15 2 [ 5, 6, 6, 6, 6, 6, 6, 6, 7, 7, 7, 7, 7, 7, 7 ] 
_____________ 
16 5 24 [ 1, 4, 4, 4, 4 ] 
16 6 128 [ 2, 2, 3, 3, 3, 3 ] 
16 7 4 [ 2, 3, 4, 4, 5, 5, 6 ] 
16 8 2 [ 3, 3, 4, 4, 4, 5, 5, 6 ] 
16 9 2 [ 3, 3, 3, 4, 4, 4, 5, 5, 5 ] 
16 10 3072 [ 2, 2, 3, 3, 3, 3, 3, 3, 3, 3 ] 
16 11 2 [ 5, 6, 6, 6, 6, 6, 7, 7, 7, 7, 8 ] 
16 12 2 [ 6, 6, 6, 6, 6, 6, 6, 7, 7, 7, 7, 7 ] 
16 13 2 [ 7, 7, 7, 8, 8, 8, 8, 8, 8, 8, 8, 9, 10 ] 
16 14 2 [ 4, 4, 5, 5, 5, 5, 5, 5, 5, 6, 6, 6, 6, 7 ] 
16 15 2 [ 4, 6, 6, 6, 6, 6, 6, 6, 6, 6, 6, 8, 8, 8, 8 ] 
_____________ 
17 5 16 [ 2, 2, 3, 3, 3 ] 
17 6 1536 [ 1, 2, 2, 2, 3, 3 ] 
17 7 645120 [ 1, 1, 1, 1, 1, 1, 1 ] 
17 8 24 [ 3, 4, 4, 4, 4, 4, 4, 4 ] 
17 9 2 [ 3, 4, 4, 4, 5, 5, 5, 6, 6 ] 
17 10 2 [ 3, 4, 4, 4, 5, 5, 5, 6, 6, 6 ] 
17 11 2 [ 4, 6, 6, 6, 6, 6, 6, 7, 7, 7, 7 ] 
17 12 2 [ 3, 4, 4, 4, 5, 5, 5, 5, 5, 6, 6, 6 ] 
17 13 2 [ 3, 3, 4, 4, 5, 5, 5, 6, 6, 6, 6, 6, 6 ] 
17 14 2 [ 6, 7, 7, 7, 7, 7, 7, 7, 7, 7, 8, 8, 8, 9 ] 
17 15 2 [ 6, 6, 6, 6, 7, 7, 7, 7, 7, 7, 8, 9, 9, 10, 10 ] 
_____________ 
18 5 192 [ 1, 1, 2, 2, 3 ] 
18 6 4 [ 3, 3, 4, 4, 5, 5 ] 
18 7 32 [ 2, 2, 3, 3, 3, 4, 4 ] 
18 8 12 [ 2, 2, 3, 3, 3, 3, 3, 3 ] 
18 9 4 [ 2, 3, 4, 4, 4, 4, 5, 5, 5 ] 
18 10 2 [ 4, 4, 4, 4, 4, 4, 4, 5, 5, 5 ] 
18 11 2 [ 3, 4, 4, 4, 5, 5, 5, 5, 5, 5, 5 ] 
18 12 2 [ 4, 5, 6, 6, 6, 6, 6, 7, 7, 7, 7, 8 ] 
18 13 2 [ 5, 5, 6, 6, 6, 6, 6, 6, 6, 6, 6, 7, 7 ] 
18 14 2 [ 6, 6, 6, 6, 7, 7, 7, 7, 7, 7, 7, 9, 9, 9 ] 
18 15 4 [ 5, 5, 6, 6, 6, 6, 6, 6, 6, 6, 6, 6, 7, 7, 7 ] 
_____________ 
19 5 128 [ 1, 1, 2, 2, 3 ] 
19 6 8 [ 2, 2, 3, 3, 3, 3 ] 
19 7 2 [ 4, 4, 4, 4, 4, 5, 5 ] 
19 8 24 [ 2, 2, 2, 3, 3, 3, 3, 5 ] 
19 9 2 [ 3, 4, 4, 5, 5, 5, 5, 6, 6 ] 
19 10 2 [ 4, 4, 4, 6, 6, 6, 6, 6, 6, 6 ] 
19 11 2 [ 5, 6, 6, 6, 6, 6, 6, 7, 7, 7, 7 ] 
19 12 2 [ 4, 4, 4, 5, 5, 6, 6, 6, 6, 6, 6, 7 ] 
19 13 2 [ 6, 6, 7, 7, 7, 7, 7, 7, 7, 8, 8, 9, 9 ] 
19 14 2 [ 6, 7, 7, 7, 7, 7, 7, 7, 8, 8, 8, 8, 8, 10 ] 
19 15 2 [ 5, 5, 5, 6, 6, 7, 7, 7, 7, 7, 7, 7, 8, 9, 9 ] 
_____________ 
20 5 1440 [ 3, 3, 3, 4, 4 ] 
20 6 48 [ 2, 2, 2, 2, 3, 3 ] 
20 7 16 [ 1, 2, 3, 3, 3, 3, 4 ] 
20 8 2 [ 3, 4, 4, 4, 4, 5, 5, 5 ] 
20 9 2 [ 3, 3, 4, 4, 4, 4, 4, 4, 5 ] 
20 10 2 [ 5, 6, 6, 6, 6, 6, 6, 6, 6, 7 ] 
20 11 2 [ 4, 5, 5, 5, 5, 5, 6, 6, 6, 6, 7 ] 
20 12 2 [ 4, 5, 5, 5, 5, 5, 5, 6, 6, 6, 6, 6 ] 
20 13 2 [ 4, 4, 5, 5, 6, 6, 6, 6, 6, 7, 7, 8, 8 ] 
20 14 4 [ 2, 4, 4, 4, 4, 4, 4, 5, 5, 5, 5, 5, 5, 6 ] 
20 15 2 [ 4, 6, 6, 7, 7, 7, 7, 7, 7, 7, 7, 7, 7, 8, 8 ] 
_____________ 
21 5 96 [ 1, 2, 2, 2, 3 ] 
21 6 16 [ 2, 2, 3, 3, 4, 5 ] 
21 7 192 [ 2, 2, 2, 4, 4, 4, 4 ] 
21 8 16 [ 2, 2, 4, 4, 4, 4, 4, 4 ] 
21 9 2 [ 5, 5, 5, 5, 6, 6, 6, 6, 6 ] 
21 10 2 [ 3, 4, 4, 4, 5, 5, 5, 5, 6, 6 ] 
21 11 2 [ 5, 5, 5, 5, 5, 6, 6, 6, 7, 7, 7 ] 
21 12 2 [ 3, 4, 4, 5, 5, 5, 5, 5, 5, 6, 6, 6 ] 
21 13 4 [ 6, 6, 6, 6, 7, 7, 7, 7, 7, 7, 7, 7, 7 ] 
21 14 2 [ 5, 7, 7, 7, 7, 8, 8, 8, 8, 8, 9, 9, 9, 10 ] 
21 15 2 [ 5, 7, 7, 7, 7, 8, 8, 8, 8, 8, 8, 8, 9, 9, 9 ] 
_____________ 
22 5 48 [ 1, 2, 2, 3, 3 ] 
22 6 2 [ 3, 3, 3, 4, 4, 5 ] 
22 7 8 [ 2, 2, 3, 4, 4, 5, 5 ] 
22 8 12 [ 3, 3, 4, 4, 4, 4, 5, 5 ] 
22 9 2 [ 5, 5, 6, 6, 6, 6, 7, 7, 7 ] 
22 10 2 [ 4, 4, 5, 5, 5, 5, 6, 6, 6, 6 ] 
22 11 2 [ 4, 4, 6, 6, 6, 6, 7, 7, 7, 7, 7 ] 
22 12 4 [ 2, 4, 4, 4, 4, 4, 4, 5, 6, 6, 6, 7 ] 
22 13 2 [ 4, 5, 5, 5, 6, 6, 6, 6, 6, 6, 7, 7, 7 ] 
22 14 2 [ 5, 6, 6, 6, 7, 7, 7, 7, 7, 7, 7, 8, 8, 10 ] 
22 15 2 [ 6, 7, 7, 7, 7, 7, 7, 7, 7, 7, 7, 7, 7, 7, 8 ] 
_____________ 
23 5 96 [ 1, 1, 2, 2, 3 ] 
23 6 32 [ 1, 2, 3, 3, 3, 4 ] 
23 7 4 [ 3, 3, 4, 4, 4, 4, 4 ] 
23 8 384 [ 1, 1, 2, 2, 2, 3, 3, 3 ] 
23 9 2 [ 4, 4, 4, 4, 6, 6, 6, 6, 6 ] 
23 10 2 [ 4, 5, 5, 5, 5, 5, 5, 5, 5, 6 ] 
23 11 2 [ 3, 3, 3, 4, 4, 4, 4, 4, 5, 5, 5 ] 
23 12 2 [ 3, 3, 4, 4, 4, 4, 5, 5, 5, 5, 6, 6 ] 
23 13 2 [ 5, 5, 5, 5, 5, 5, 5, 5, 5, 5, 6, 6, 6 ] 
23 14 2 [ 7, 7, 7, 7, 7, 7, 8, 8, 8, 8, 8, 8, 8, 10 ] 
23 15 4 [ 7, 7, 7, 7, 7, 7, 7, 7, 8, 8, 9, 10, 10, 10, 10 ] 
_____________ 
24 5 16 [ 2, 3, 3, 3, 3 ] 
24 6 48 [ 2, 2, 2, 4, 4, 5 ] 
24 7 96 [ 2, 2, 2, 4, 4, 4, 4 ] 
24 8 2 [ 3, 4, 4, 5, 5, 5, 5, 6 ] 
24 9 8 [ 2, 4, 5, 5, 6, 6, 6, 6, 6 ] 
24 10 2 [ 6, 7, 7, 7, 7, 7, 8, 8, 9, 9 ] 
24 11 2 [ 3, 3, 3, 4, 4, 5, 5, 5, 6, 6, 6 ] 
24 12 2 [ 4, 4, 4, 4, 4, 5, 5, 5, 5, 5, 5, 6 ] 
24 13 2 [ 7, 7, 7, 7, 8, 8, 8, 8, 8, 8, 8, 11, 12 ] 
24 14 2 [ 7, 7, 7, 7, 7, 7, 8, 8, 8, 8, 8, 8, 9, 10 ] 
24 15 2 [ 5, 7, 7, 7, 7, 7, 7, 7, 7, 8, 8, 8, 9, 9, 10 ] 
_____________ 
25 5 64 [ 1, 2, 2, 2, 3 ] 
25 6 32 [ 1, 2, 2, 3, 3, 3 ] 
25 7 32 [ 2, 2, 4, 4, 4, 4, 4 ] 
25 8 8 [ 2, 2, 3, 3, 3, 3, 4, 4 ] 
25 9 4 [ 2, 3, 3, 3, 4, 4, 5, 5, 5 ] 
25 10 2 [ 4, 4, 5, 5, 5, 5, 5, 6, 6, 6 ] 
25 11 2 [ 3, 5, 5, 5, 5, 6, 6, 6, 6, 7, 7 ] 
25 12 2 [ 3, 3, 3, 4, 4, 4, 5, 5, 5, 5, 5, 6 ] 
25 13 2 [ 3, 4, 5, 5, 5, 5, 5, 6, 6, 6, 6, 6, 6 ] 
25 14 2 [ 4, 4, 5, 6, 6, 6, 6, 7, 7, 7, 7, 8, 8, 8 ] 
25 15 2 [ 6, 6, 6, 6, 6, 7, 7, 7, 7, 7, 8, 8, 8, 8, 9 ] 
_____________ 
26 5 16 [ 1, 3, 3, 4, 4 ] 
26 6 192 [ 1, 1, 2, 2, 3, 3 ] 
26 7 8 [ 2, 2, 3, 3, 3, 3, 3 ] 
26 8 4 [ 2, 3, 4, 4, 4, 5, 5, 5 ] 
26 9 2 [ 3, 4, 4, 5, 5, 6, 6, 6, 7 ] 
26 10 4 [ 2, 3, 3, 4, 4, 4, 5, 6, 6, 6 ] 
26 11 2 [ 6, 6, 6, 7, 7, 7, 7, 7, 7, 7, 8 ] 
26 12 4 [ 2, 4, 6, 6, 6, 6, 6, 6, 6, 6, 6, 8 ] 
26 13 2 [ 5, 5, 5, 5, 5, 5, 5, 6, 6, 6, 6, 7, 7 ] 
26 14 2 [ 5, 5, 6, 6, 6, 6, 6, 6, 7, 7, 7, 7, 7, 7 ] 
26 15 2 [ 5, 6, 6, 7, 7, 7, 7, 7, 7, 7, 8, 8, 8, 10, 10 ] 
_____________ 
27 5 48 [ 1, 2, 2, 3, 3 ] 
27 6 8 [ 1, 3, 3, 3, 4, 5 ] 
27 7 2 [ 3, 3, 3, 3, 4, 4, 4 ] 
27 8 4 [ 3, 3, 3, 3, 4, 4, 4, 4 ] 
27 9 2 [ 3, 5, 5, 5, 5, 6, 6, 6, 6 ] 
27 10 2 [ 5, 7, 7, 7, 8, 8, 8, 8, 9, 9 ] 
27 11 2 [ 4, 6, 6, 6, 6, 6, 6, 6, 6, 6, 8 ] 
27 12 2 [ 4, 4, 4, 5, 5, 5, 5, 5, 5, 5, 5, 6 ] 
27 13 2 [ 3, 4, 5, 6, 6, 6, 6, 6, 6, 6, 6, 7, 7 ] 
27 14 2 [ 4, 4, 5, 6, 6, 6, 6, 6, 6, 7, 7, 7, 7, 9 ] 
27 15 2 [ 6, 6, 6, 6, 7, 7, 7, 8, 8, 8, 8, 8, 8, 9, 9 ] 
_____________ 
28 5 192 [ 1, 2, 2, 2, 3 ] 
28 6 8 [ 2, 4, 4, 4, 4, 4 ] 
28 7 8 [ 2, 3, 3, 4, 4, 4, 4 ] 
28 8 16 [ 2, 2, 3, 3, 4, 4, 4, 4 ] 
28 9 32 [ 2, 2, 2, 3, 3, 3, 3, 4, 5 ] 
28 10 2 [ 3, 3, 4, 4, 4, 5, 5, 5, 6, 6 ] 
28 11 2 [ 3, 4, 4, 5, 5, 5, 5, 5, 6, 6, 6 ] 
28 12 2 [ 5, 6, 7, 7, 7, 7, 7, 7, 7, 7, 7, 8 ] 
28 13 2 [ 6, 7, 7, 7, 7, 7, 7, 8, 8, 8, 8, 8, 9 ] 
28 14 2 [ 3, 3, 4, 4, 4, 5, 5, 5, 5, 5, 5, 5, 5, 6 ] 
28 15 2 [ 5, 6, 6, 6, 6, 6, 6, 6, 6, 6, 6, 7, 7, 7, 8 ] 
_____________ 
29 5 384 [ 1, 1, 2, 2, 2 ] 
29 6 16 [ 1, 2, 3, 3, 3, 4 ] 
29 7 192 [ 3, 3, 3, 3, 3, 3, 3 ] 
29 8 20160 [ 1, 2, 2, 2, 2, 2, 2, 3 ] 
29 9 2 [ 3, 3, 3, 3, 4, 4, 5, 5, 5 ] 
29 10 12 [ 2, 2, 3, 3, 3, 4, 4, 4, 5, 5 ] 
29 11 2 [ 4, 5, 5, 5, 5, 5, 6, 6, 6, 6, 7 ] 
29 12 2 [ 4, 4, 5, 5, 5, 5, 5, 5, 6, 6, 6, 6 ] 
29 13 2 [ 5, 6, 6, 7, 7, 7, 7, 7, 7, 7, 7, 7, 7 ] 
29 14 2 [ 3, 4, 4, 4, 5, 5, 5, 5, 5, 5, 5, 5, 5, 6 ] 
29 15 2 [ 8, 8, 8, 8, 8, 8, 8, 8, 8, 9, 9, 9, 10, 10, 10 ] 
_____________ 
30 5 32 [ 1, 2, 3, 3, 3 ] 
30 6 4 [ 2, 3, 3, 3, 4, 4 ] 
30 7 128 [ 1, 1, 2, 2, 3, 4, 4 ] 
30 8 24 [ 2, 2, 2, 4, 4, 4, 4, 4 ] 
30 9 8 [ 2, 3, 3, 3, 4, 4, 4, 4, 4 ] 
30 10 4 [ 2, 3, 3, 3, 3, 4, 4, 5, 5, 5 ] 
30 11 2 [ 3, 5, 5, 5, 5, 6, 6, 6, 6, 7, 7 ] 
30 12 2 [ 4, 4, 5, 6, 6, 6, 6, 6, 6, 6, 6, 8 ] 
30 13 2 [ 4, 5, 6, 6, 6, 6, 6, 6, 6, 6, 6, 6, 6 ] 
30 14 2 [ 4, 5, 5, 5, 6, 6, 6, 6, 6, 6, 7, 7, 8, 8 ] 
30 15 2 [ 6, 7, 7, 7, 7, 7, 7, 7, 8, 8, 8, 8, 10, 10, 10 ] 
_____________ 
31 5 768 [ 1, 1, 1, 1, 3 ] 
31 6 4 [ 2, 3, 3, 3, 4, 4 ] 
31 7 4 [ 2, 3, 3, 3, 3, 3, 3 ] 
31 8 2 [ 3, 3, 3, 4, 4, 4, 4, 4 ] 
31 9 4 [ 2, 3, 3, 3, 4, 4, 4, 4, 5 ] 
31 10 2 [ 3, 4, 5, 5, 5, 5, 6, 6, 6, 6 ] 
31 11 2 [ 3, 4, 5, 5, 5, 5, 5, 6, 6, 6, 6 ] 
31 12 2 [ 6, 6, 6, 6, 6, 6, 6, 7, 7, 7, 7, 9 ] 
31 13 2 [ 6, 6, 6, 6, 6, 7, 7, 7, 7, 7, 8, 8, 8 ] 
31 14 2 [ 4, 5, 5, 6, 6, 6, 6, 6, 6, 6, 7, 7, 7, 7 ] 
31 15 2 [ 6, 6, 6, 6, 7, 7, 7, 7, 7, 7, 7, 7, 7, 8, 8 ] 
_____________ 
32 5 24 [ 2, 2, 2, 3, 4 ] 
32 6 16 [ 1, 2, 2, 3, 3, 4 ] 
32 7 9216 [ 2, 2, 2, 2, 2, 2, 3 ] 
32 8 8 [ 2, 3, 3, 3, 3, 3, 3, 3 ] 
32 9 4 [ 2, 3, 3, 4, 4, 4, 5, 5, 6 ] 
32 10 2 [ 3, 4, 5, 6, 6, 6, 6, 6, 6, 6 ] 
32 11 2 [ 4, 5, 5, 5, 5, 6, 6, 6, 7, 7, 7 ] 
32 12 2 [ 3, 4, 4, 5, 5, 5, 5, 5, 5, 6, 6, 6 ] 
32 13 2 [ 3, 3, 4, 4, 5, 5, 5, 5, 5, 5, 6, 6, 7 ] 
32 14 2 [ 4, 4, 5, 6, 6, 6, 6, 6, 6, 7, 7, 7, 7, 8 ] 
32 15 2 [ 7, 7, 7, 7, 7, 7, 7, 7, 7, 8, 9, 9, 10, 10, 11 ] 
_____________ 
33 5 96 [ 1, 3, 3, 3, 3 ] 
33 6 96 [ 2, 2, 2, 2, 3, 3 ] 
33 7 16 [ 3, 3, 3, 4, 4, 4, 4 ] 
33 8 2 [ 3, 3, 3, 4, 4, 4, 4, 4 ] 
33 9 2 [ 3, 3, 4, 5, 5, 5, 5, 6, 6 ] 
33 10 2 [ 3, 5, 6, 6, 6, 6, 6, 7, 7, 7 ] 
33 11 4 [ 2, 4, 4, 5, 5, 6, 6, 6, 6, 6, 6 ] 
33 12 2 [ 4, 4, 4, 4, 6, 6, 6, 6, 6, 6, 6, 6 ] 
33 13 2 [ 3, 4, 4, 5, 5, 5, 5, 5, 6, 6, 7, 7, 7 ] 
33 14 2 [ 4, 5, 5, 6, 6, 6, 6, 7, 7, 7, 7, 7, 7, 8 ] 
33 15 2 [ 7, 7, 7, 7, 7, 7, 7, 7, 7, 7, 7, 7, 8, 9, 9 ] 
_____________ 
34 5 72 [ 2, 2, 3, 3, 3 ] 
34 6 48 [ 2, 2, 3, 3, 3, 3 ] 
34 7 2 [ 3, 3, 3, 3, 4, 4, 5 ] 
34 8 48 [ 1, 3, 3, 3, 3, 3, 4, 4 ] 
34 9 2 [ 3, 3, 3, 3, 3, 4, 4, 4, 4 ] 
34 10 2 [ 3, 4, 4, 5, 5, 5, 6, 6, 6, 6 ] 
34 11 2 [ 3, 5, 5, 5, 5, 6, 6, 6, 6, 6, 7 ] 
34 12 2 [ 4, 4, 4, 4, 4, 4, 6, 6, 6, 6, 6, 6 ] 
34 13 2 [ 7, 8, 8, 8, 8, 8, 9, 9, 9, 11, 12, 12, 13 ] 
34 14 2 [ 5, 5, 6, 6, 7, 7, 7, 7, 7, 7, 7, 7, 7, 8 ] 
34 15 2 [ 5, 6, 7, 7, 7, 7, 7, 7, 7, 7, 7, 7, 7, 7, 8 ] 
_____________ 
35 5 3840 [ 2, 2, 2, 2, 2 ] 
35 6 16 [ 1, 3, 3, 3, 3, 3 ] 
35 7 6144 [ 2, 2, 4, 4, 4, 4, 4 ] 
35 8 4 [ 2, 3, 3, 3, 3, 3, 3, 4 ] 
35 9 8 [ 2, 3, 3, 4, 4, 4, 5, 5, 5 ] 
35 10 2 [ 4, 4, 4, 5, 6, 6, 6, 6, 6, 6 ] 
35 11 2 [ 5, 5, 5, 5, 6, 6, 6, 6, 6, 7, 7 ] 
35 12 4 [ 2, 4, 5, 5, 5, 6, 6, 7, 7, 7, 7, 7 ] 
35 13 2 [ 6, 6, 6, 6, 7, 7, 7, 7, 7, 7, 8, 8, 9 ] 
35 14 2 [ 6, 6, 6, 6, 6, 6, 7, 7, 7, 7, 7, 8, 8, 9 ] 
35 15 2 [ 7, 7, 7, 7, 8, 8, 8, 8, 8, 8, 8, 10, 10, 11, 11 ] 
_____________ 
36 5 128 [ 1, 2, 2, 3, 3 ] 
36 6 256 [ 1, 2, 2, 2, 2, 3 ] 
36 7 16 [ 2, 2, 2, 3, 3, 3, 4 ] 
36 8 4 [ 3, 3, 3, 4, 4, 4, 4, 4 ] 
36 9 4 [ 2, 3, 4, 4, 4, 5, 5, 5, 5 ] 
36 10 4 [ 2, 4, 4, 4, 6, 6, 6, 6, 6, 6 ] 
36 11 2 [ 4, 4, 4, 5, 5, 5, 6, 6, 6, 7, 7 ] 
36 12 2 [ 4, 4, 5, 5, 5, 5, 5, 6, 6, 6, 6, 6 ] 
36 13 2 [ 4, 5, 5, 6, 6, 6, 6, 6, 6, 6, 7, 7, 8 ] 
36 14 2 [ 6, 6, 6, 6, 6, 7, 7, 7, 7, 7, 7, 7, 8, 10 ] 
36 15 2 [ 4, 5, 6, 6, 6, 6, 7, 7, 7, 7, 7, 7, 7, 7, 7 ] 
_____________ 
37 5 8 [ 1, 4, 4, 5, 5 ] 
37 6 8 [ 3, 3, 4, 5, 5, 5 ] 
37 7 2 [ 3, 4, 4, 4, 4, 5, 5 ] 
37 8 2 [ 3, 5, 5, 5, 6, 6, 6, 7 ] 
37 9 2 [ 3, 3, 4, 4, 4, 4, 5, 5, 5 ] 
37 10 2 [ 4, 4, 5, 5, 5, 5, 5, 5, 6, 6 ] 
37 11 2 [ 4, 5, 5, 5, 6, 7, 7, 7, 7, 7, 9 ] 
37 12 2 [ 4, 5, 5, 6, 6, 7, 7, 7, 7, 7, 7, 9 ] 
37 13 2 [ 4, 5, 5, 6, 6, 6, 6, 6, 6, 6, 7, 7, 7 ] 
37 14 2 [ 5, 5, 5, 5, 5, 6, 6, 6, 6, 6, 6, 6, 7, 7 ] 
37 15 2 [ 6, 6, 6, 6, 6, 6, 7, 7, 7, 7, 7, 7, 7, 7, 8 ] 
_____________ 
38 5 192 [ 1, 2, 2, 3, 3 ] 
38 6 64 [ 2, 2, 2, 4, 4, 4 ] 
38 7 96 [ 2, 2, 2, 2, 3, 3, 4 ] 
38 8 2 [ 3, 3, 4, 4, 5, 5, 5, 5 ] 
38 9 384 [ 1, 2, 2, 2, 2, 3, 3, 3, 3 ] 
38 10 2 [ 3, 4, 4, 4, 4, 5, 5, 5, 5, 6 ] 
38 11 2 [ 3, 3, 3, 3, 4, 4, 4, 4, 5, 5, 5 ] 
38 12 2 [ 4, 6, 6, 6, 6, 7, 7, 7, 7, 7, 8, 8 ] 
38 13 2 [ 4, 5, 6, 6, 6, 6, 6, 6, 6, 6, 6, 6, 6 ] 
38 14 2 [ 5, 6, 6, 6, 7, 7, 7, 7, 7, 7, 7, 7, 7, 9 ] 
38 15 2 [ 7, 7, 7, 7, 7, 7, 7, 7, 7, 8, 8, 8, 8, 8, 8 ] 
_____________ 
39 5 16 [ 1, 2, 3, 4, 4 ] 
39 6 144 [ 2, 2, 3, 3, 3, 3 ] 
39 7 8 [ 2, 2, 3, 3, 3, 3, 4 ] 
39 8 4 [ 3, 4, 4, 4, 4, 5, 5, 5 ] 
39 9 4 [ 3, 3, 4, 4, 4, 4, 4, 4, 5 ] 
39 10 24 [ 2, 2, 2, 3, 3, 3, 3, 3, 3, 5 ] 
39 11 2 [ 4, 4, 4, 5, 5, 5, 5, 5, 5, 6, 6 ] 
39 12 2 [ 7, 7, 7, 7, 7, 7, 7, 7, 8, 8, 8, 8 ] 
39 13 2 [ 5, 6, 6, 6, 6, 6, 6, 6, 6, 6, 7, 7, 8 ] 
39 14 2 [ 5, 6, 6, 6, 6, 6, 6, 6, 6, 6, 6, 7, 7, 7 ] 
39 15 2 [ 6, 6, 6, 7, 7, 7, 7, 7, 7, 8, 8, 8, 9, 9, 9 ] 
_____________ 
40 5 64 [ 1, 1, 2, 2, 3 ] 
40 6 16 [ 1, 2, 2, 3, 4, 4 ] 
40 7 384 [ 2, 2, 2, 2, 2, 3, 3 ] 
40 8 2 [ 5, 5, 5, 5, 5, 5, 5, 5 ] 
40 9 4 [ 3, 3, 3, 3, 3, 4, 4, 4, 4 ] 
40 10 2 [ 5, 5, 5, 5, 5, 5, 5, 5, 6, 6 ] 
40 11 2 [ 3, 4, 4, 4, 4, 4, 5, 5, 5, 5, 5 ] 
40 12 2 [ 3, 4, 4, 4, 4, 5, 5, 5, 6, 6, 6, 6 ] 
40 13 2 [ 4, 4, 4, 5, 5, 5, 6, 6, 7, 7, 7, 7, 8 ] 
40 14 2 [ 6, 7, 7, 7, 7, 7, 7, 7, 7, 7, 8, 8, 8, 8 ] 
40 15 2 [ 8, 8, 8, 8, 8, 9, 9, 9, 9, 9, 11, 12, 12, 13, 14 ] 
_____________ 
41 5 3840 [ 2, 2, 2, 2, 2 ] 
41 6 192 [ 2, 2, 2, 2, 4, 4 ] 
41 7 8 [ 2, 2, 3, 3, 4, 4, 5 ] 
41 8 4 [ 3, 3, 4, 4, 4, 4, 4, 5 ] 
41 9 2 [ 4, 5, 5, 5, 5, 6, 6, 6, 6 ] 
41 10 4 [ 2, 3, 3, 3, 4, 4, 4, 4, 5, 5 ] 
41 11 12 [ 2, 2, 3, 3, 3, 3, 4, 4, 4, 5, 5 ] 
41 12 2 [ 4, 5, 5, 5, 5, 5, 5, 5, 6, 6, 6, 6 ] 
41 13 2 [ 6, 6, 6, 6, 6, 6, 7, 7, 7, 7, 7, 7, 9 ] 
41 14 2 [ 6, 6, 6, 6, 6, 7, 7, 7, 7, 7, 7, 7, 8, 9 ] 
41 15 2 [ 8, 8, 9, 9, 9, 9, 9, 9, 9, 9, 10, 11, 11, 12, 12 ] 
_____________ 
42 5 24 [ 2, 2, 2, 3, 3 ] 
42 6 32 [ 1, 2, 3, 3, 3, 4 ] 
42 7 6144 [ 2, 2, 2, 2, 4, 4, 4 ] 
42 8 16 [ 2, 4, 4, 4, 4, 4, 5, 5 ] 
42 9 4 [ 2, 3, 3, 4, 4, 4, 4, 5, 6 ] 
42 10 2 [ 3, 5, 5, 5, 5, 5, 5, 6, 6, 6 ] 
42 11 2 [ 4, 5, 5, 5, 5, 6, 6, 6, 6, 6, 7 ] 
42 12 2 [ 3, 3, 3, 4, 4, 4, 4, 4, 4, 4, 4, 5 ] 
42 13 2 [ 6, 7, 7, 7, 7, 7, 7, 7, 7, 7, 7, 7, 8 ] 
42 14 2 [ 5, 5, 5, 5, 6, 6, 6, 6, 6, 6, 6, 7, 7, 7 ] 
42 15 2 [ 4, 5, 7, 7, 7, 7, 7, 7, 7, 7, 8, 8, 8, 8, 11 ] 
_____________ 
43 5 96 [ 1, 2, 2, 2, 3 ] 
43 6 2 [ 3, 3, 3, 3, 4, 4 ] 
43 7 4 [ 2, 3, 3, 3, 4, 4, 4 ] 
43 8 2 [ 3, 3, 4, 4, 4, 4, 4, 4 ] 
43 9 2 [ 3, 4, 4, 4, 4, 4, 4, 5, 5 ] 
43 10 2 [ 3, 4, 4, 5, 5, 5, 5, 5, 6, 6 ] 
43 11 2 [ 4, 5, 5, 5, 6, 6, 6, 6, 6, 7, 7 ] 
43 12 2 [ 4, 4, 5, 6, 6, 7, 7, 7, 7, 7, 8, 8 ] 
43 13 2 [ 5, 5, 5, 5, 5, 5, 6, 6, 6, 6, 6, 6, 6 ] 
43 14 2 [ 3, 3, 4, 4, 4, 4, 4, 4, 4, 4, 5, 5, 5, 6 ] 
43 15 2 [ 6, 6, 6, 7, 7, 7, 7, 7, 7, 7, 8, 8, 8, 8, 8 ] 
_____________ 
44 5 64 [ 1, 1, 2, 3, 3 ] 
44 6 192 [ 1, 1, 2, 2, 4, 4 ] 
44 7 16 [ 2, 2, 3, 3, 3, 3, 3 ] 
44 8 2 [ 5, 5, 5, 5, 5, 5, 6, 6 ] 
44 9 16 [ 1, 2, 3, 3, 3, 3, 3, 3, 4 ] 
44 10 4 [ 2, 3, 3, 3, 4, 4, 4, 4, 4, 4 ] 
44 11 2 [ 3, 3, 3, 4, 4, 4, 4, 5, 5, 5, 6 ] 
44 12 2 [ 4, 6, 6, 7, 7, 7, 7, 7, 7, 7, 8, 8 ] 
44 13 2 [ 4, 5, 6, 6, 6, 6, 6, 7, 7, 7, 7, 7, 7 ] 
44 14 2 [ 5, 6, 7, 7, 7, 7, 7, 7, 7, 7, 7, 7, 7, 7 ] 
44 15 2 [ 5, 5, 6, 7, 7, 7, 7, 8, 8, 8, 8, 9, 9, 10, 10 ] 
_____________ 
45 5 192 [ 2, 4, 4, 4, 4 ] 
45 6 7680 [ 1, 1, 1, 1, 1, 3 ] 
45 7 16 [ 1, 1, 4, 4, 4, 4, 5 ] 
45 8 128 [ 1, 3, 3, 4, 4, 4, 4, 4 ] 
45 9 2 [ 4, 4, 4, 5, 5, 5, 5, 5, 5 ] 
45 10 2 [ 3, 4, 6, 6, 6, 6, 6, 6, 6, 7 ] 
45 11 2 [ 3, 4, 5, 5, 6, 6, 6, 6, 6, 6, 6 ] 
45 12 2 [ 4, 4, 4, 4, 6, 6, 6, 6, 6, 6, 6, 8 ] 
45 13 2 [ 5, 5, 6, 6, 7, 7, 8, 8, 8, 8, 8, 8, 8 ] 
45 14 2 [ 6, 6, 8, 8, 8, 8, 8, 8, 8, 8, 8, 8, 8, 10 ] 
45 15 2 [ 6, 6, 6, 6, 6, 6, 6, 6, 7, 7, 7, 7, 7, 7, 8 ] 
_____________ 
46 5 480 [ 2, 2, 2, 2, 2 ] 
46 6 2880 [ 1, 4, 4, 4, 4, 4 ] 
46 7 576 [ 1, 1, 2, 2, 3, 3, 3 ] 
46 8 16 [ 2, 2, 3, 3, 3, 3, 3, 3 ] 
46 9 2 [ 3, 3, 3, 3, 3, 4, 4, 4, 4 ] 
46 10 2 [ 3, 4, 5, 5, 5, 5, 6, 6, 6, 6 ] 
46 11 2 [ 3, 3, 4, 5, 5, 5, 6, 6, 6, 6, 6 ] 
46 12 2 [ 6, 7, 8, 8, 8, 8, 8, 8, 8, 9, 9, 10 ] 
46 13 2 [ 6, 6, 6, 6, 7, 7, 7, 7, 7, 7, 7, 7, 8 ] 
46 14 2 [ 6, 6, 6, 6, 6, 6, 6, 7, 7, 7, 7, 7, 8, 9 ] 
46 15 2 [ 6, 8, 8, 8, 8, 8, 8, 8, 8, 8, 8, 8, 8, 8, 12 ] 
_____________ 
47 5 768 [ 1, 1, 1, 1, 3 ] 
47 6 4 [ 1, 3, 3, 3, 4, 4 ] 
47 7 768 [ 1, 2, 2, 2, 2, 3, 4 ] 
47 8 16 [ 2, 2, 2, 3, 3, 4, 4, 4 ] 
47 9 2 [ 4, 5, 5, 6, 6, 6, 7, 7, 7 ] 
47 10 2 [ 3, 5, 5, 5, 5, 5, 5, 5, 5, 6 ] 
47 11 4 [ 2, 3, 3, 3, 4, 4, 4, 4, 4, 5, 5 ] 
47 12 2 [ 6, 7, 7, 7, 8, 8, 8, 8, 8, 9, 9, 9 ] 
47 13 2 [ 3, 5, 5, 5, 5, 5, 5, 6, 6, 6, 6, 7, 7 ] 
47 14 2 [ 8, 8, 8, 8, 8, 8, 8, 8, 8, 8, 8, 10, 10, 10 ] 
47 15 2 [ 5, 5, 5, 5, 6, 6, 6, 6, 6, 6, 6, 7, 7, 7, 8 ] 
_____________ 
48 5 96 [ 2, 2, 2, 3, 3 ] 
48 6 32 [ 2, 2, 2, 3, 3, 5 ] 
48 7 2 [ 4, 5, 5, 5, 5, 5, 5 ] 
48 8 2 [ 3, 4, 4, 5, 5, 5, 5, 6 ] 
48 9 2 [ 3, 4, 4, 4, 5, 5, 5, 5, 6 ] 
48 10 4 [ 2, 3, 3, 3, 3, 3, 3, 3, 4, 5 ] 
48 11 2 [ 3, 4, 4, 5, 5, 5, 5, 5, 5, 5, 6 ] 
48 12 2 [ 3, 4, 4, 4, 5, 5, 5, 5, 5, 5, 5, 6 ] 
48 13 4 [ 2, 4, 5, 5, 5, 5, 5, 6, 6, 6, 6, 7, 8 ] 
48 14 2 [ 4, 4, 4, 5, 5, 5, 5, 6, 6, 6, 6, 6, 6, 7 ] 
48 15 2 [ 7, 7, 7, 7, 7, 8, 8, 8, 8, 8, 8, 8, 8, 9, 9 ] 
_____________ 
49 5 24 [ 2, 3, 3, 3, 3 ] 
49 6 256 [ 1, 2, 2, 3, 3, 3 ] 
49 7 4 [ 2, 3, 4, 4, 5, 5, 5 ] 
49 8 960 [ 1, 2, 2, 2, 2, 3, 3, 3 ] 
49 9 4 [ 2, 3, 3, 3, 4, 4, 4, 5, 5 ] 
49 10 2 [ 4, 4, 5, 5, 5, 6, 6, 6, 6, 6 ] 
49 11 2 [ 4, 5, 5, 5, 5, 5, 5, 5, 5, 6, 6 ] 
49 12 2 [ 5, 6, 6, 6, 6, 6, 6, 6, 7, 7, 7, 7 ] 
49 13 2 [ 5, 5, 5, 5, 6, 6, 6, 6, 6, 6, 6, 6, 6 ] 
49 14 2 [ 5, 6, 6, 6, 6, 6, 6, 7, 7, 7, 7, 7, 7, 7 ] 
49 15 2 [ 6, 8, 8, 8, 8, 8, 8, 8, 8, 8, 8, 8, 10, 12, 14 ] 
_____________ 
50 5 16 [ 2, 4, 4, 5, 5 ] 
50 6 2 [ 3, 3, 4, 4, 5, 5 ] 
50 7 576 [ 2, 2, 2, 2, 4, 4, 4 ] 
50 8 4 [ 2, 3, 3, 4, 4, 5, 5, 5 ] 
50 9 2 [ 3, 3, 3, 4, 4, 5, 5, 5, 5 ] 
50 10 2 [ 5, 5, 5, 5, 5, 5, 6, 6, 6, 6 ] 
50 11 4 [ 2, 3, 4, 5, 5, 6, 6, 6, 6, 6, 6 ] 
50 12 2 [ 5, 5, 5, 6, 6, 6, 6, 6, 6, 6, 7, 7 ] 
50 13 2 [ 5, 5, 6, 6, 6, 6, 6, 6, 6, 7, 7, 7, 9 ] 
50 14 2 [ 7, 7, 7, 7, 7, 7, 7, 7, 7, 8, 9, 9, 10, 10 ] 
50 15 2 [ 6, 6, 6, 7, 7, 7, 7, 7, 7, 7, 7, 7, 8, 8, 10 ] 
_____________ 
51 5 480 [ 1, 2, 2, 2, 2 ] 
51 6 8 [ 2, 3, 3, 4, 4, 4 ] 
51 7 8 [ 2, 3, 3, 4, 4, 4, 5 ] 
51 8 4 [ 3, 3, 3, 4, 4, 5, 5, 5 ] 
51 9 2 [ 3, 4, 4, 4, 4, 4, 5, 5, 5 ] 
51 10 2 [ 5, 5, 5, 5, 6, 6, 6, 6, 7, 7 ] 
51 11 2 [ 7, 7, 7, 7, 7, 8, 8, 8, 8, 8, 9 ] 
51 12 2 [ 4, 4, 4, 5, 5, 5, 5, 5, 5, 5, 5, 6 ] 
Error, user interrupt in
  mue[k][i] := mue[k][i] - q * mue[l][i]
 ; at /usr/local/Cellar/gap/4.15.1/share/gap/lib/zlattice.gi:975 called from 
RED( l ); at /usr/local/Cellar/gap/4.15.1/share/gap/lib/zlattice.gi:1189 called from
LLLReducedGramMat( GramL2 ) at NewOGLat.g:68 called from
BasisRec( tGram, 3 ) at Task20260906Ha.g:12 called from
<function "unknown">( <arguments> )
 called from read-eval loop at Task20260906Ha.g:35
you can 'return;'
brk> quit;
gap> Read("Task20260906Ha.g");
Syntax error: ; expected in NewOGLat.g:94
    fflag:=false;
    ^^^^^
1 5 48 [ 1, 2, 2, 3, 3 ] 
1 6 48 [ 1, 2, 2, 2, 4, 4 ] 
1 7 4608 [ 1, 1, 1, 2, 2, 2, 3 ] 
1 8 4 [ 2, 3, 3, 4, 4, 4, 4, 4 ] 
1 9 2 [ 4, 4, 6, 6, 6, 6, 6, 6, 6 ] 
1 10 2 [ 3, 3, 5, 5, 6, 6, 6, 6, 6, 6 ] 
1 11 2 [ 3, 3, 4, 4, 4, 5, 5, 5, 5, 6, 6 ] 
1 12 2 [ 4, 5, 5, 6, 6, 6, 6, 6, 6, 6, 6, 6 ] 
1 13 2 [ 4, 5, 5, 5, 5, 5, 5, 5, 6, 6, 6, 6, 6 ] 
1 14 2 [ 5, 6, 6, 6, 6, 6, 6, 6, 6, 6, 6, 7, 8, 8 ] 
1 15 2 [ 6, 7, 7, 7, 7, 7, 7, 8, 8, 8, 8, 8, 8, 8, 8 ] 
_____________ 
2 5 8 [ 2, 3, 3, 3, 4 ] 
2 6 4 [ 2, 3, 4, 5, 5, 5 ] 
2 7 48 [ 1, 2, 2, 2, 3, 3, 3 ] 
2 8 2 [ 3, 4, 4, 5, 5, 5, 6, 6 ] 
2 9 2 [ 3, 3, 4, 4, 4, 4, 5, 5, 5 ] 
2 10 2 [ 3, 3, 3, 3, 4, 4, 4, 4, 4, 5 ] 
2 11 2 [ 3, 4, 5, 5, 5, 5, 5, 6, 6, 6, 6 ] 
Error, user interrupt in
  t := TNUM_OBJ( m[1] )
 ; at /usr/local/Cellar/gap/4.15.1/share/gap/lib/list.gi:37 called from 
NestingDepthM( left 
 ) at /usr/local/Cellar/gap/4.15.1/share/gap/lib/list.gi:3574 called from
psol * tvdual at NewOGLat.g:206 called from
simpleextend( psol ); at NewOGLat.g:220 called from
simpleextend( psol ); at NewOGLat.g:220 called from
simpleextend( psol ); at NewOGLat.g:220 called from
...  at Task20260906Ha.g:35
you can 'return;'
brk> quit;
gap> Read("Task20260906Ha.g");
1 5 48 [ 1, 2, 2, 3, 3 ] 
1 6 12 [ 3, 3, 3, 3, 3, 4 ] 
1 7 16 [ 1, 2, 2, 3, 3, 4, 4 ] 
1 8 2 [ 4, 5, 5, 5, 5, 6, 6, 6 ] 
1 9 4 [ 2, 4, 4, 4, 4, 4, 5, 5, 5 ] 
1 10 2 [ 4, 5, 5, 5, 5, 6, 6, 6, 6, 6 ] 
1 11 2 [ 3, 4, 4, 5, 5, 5, 5, 5, 5, 5, 5 ] 
1 12 4 [ 2, 4, 4, 6, 6, 6, 6, 6, 6, 6, 6, 6 ] 
1 13 2 [ 5, 5, 6, 6, 6, 6, 6, 6, 7, 7, 7, 7, 7 ] 
1 14 2 [ 5, 6, 6, 6, 6, 6, 7, 7, 7, 7, 7, 7, 7, 7 ] 
1 15 2 [ 8, 8, 8, 8, 8, 8, 8, 8, 8, 9, 9, 9, 11, 11, 11 ] 
_____________ 
2 5 128 [ 1, 1, 2, 3, 3 ] 
2 6 64 [ 1, 1, 2, 3, 3, 3 ] 
2 7 16 [ 2, 2, 3, 3, 4, 4, 4 ] 
2 8 8 [ 3, 3, 3, 4, 4, 4, 4, 4 ] 
2 9 4 [ 2, 3, 3, 3, 3, 3, 4, 4, 4 ] 
2 10 2 [ 4, 4, 4, 5, 5, 5, 5, 6, 6, 6 ] 
2 11 2 [ 5, 5, 6, 6, 6, 7, 7, 7, 7, 7, 7 ] 
2 12 2 [ 6, 6, 6, 6, 6, 6, 6, 6, 7, 7, 7, 7 ] 
2 13 2 [ 6, 6, 6, 6, 6, 6, 6, 6, 7, 7, 7, 8, 8 ] 
2 14 2 [ 4, 5, 6, 6, 6, 6, 7, 7, 7, 8, 8, 8, 8, 8 ] 
2 15 2 [ 6, 6, 6, 6, 6, 6, 6, 6, 7, 7, 7, 7, 7, 7, 7 ] 
_____________ 
3 5 192 [ 1, 2, 2, 2, 3 ] 
3 6 2 [ 3, 3, 3, 3, 4, 4 ] 
3 7 4 [ 1, 3, 3, 3, 3, 4, 4 ] 
3 8 16 [ 2, 2, 3, 3, 3, 3, 4, 5 ] 
3 9 32 [ 2, 2, 2, 3, 4, 5, 5, 5, 5 ] 
3 10 2 [ 3, 5, 5, 6, 7, 7, 7, 7, 7, 7 ] 
3 11 2 [ 4, 5, 5, 7, 7, 7, 7, 7, 7, 7, 7 ] 
3 12 2 [ 5, 6, 6, 6, 6, 6, 6, 6, 6, 7, 7, 7 ] 
3 13 2 [ 4, 5, 5, 5, 6, 6, 6, 6, 6, 6, 6, 6, 6 ] 
3 14 2 [ 6, 6, 6, 6, 6, 6, 7, 7, 7, 7, 7, 7, 7, 8 ] 
3 15 2 [ 6, 6, 6, 7, 7, 7, 7, 7, 7, 7, 7, 7, 7, 8, 8 ] 
_____________ 
4 5 16 [ 2, 2, 3, 3, 3 ] 
4 6 32 [ 2, 2, 2, 4, 4, 4 ] 
4 7 2 [ 3, 3, 4, 4, 5, 5, 5 ] 
4 8 2 [ 3, 3, 3, 3, 4, 5, 5, 5 ] 
4 9 8 [ 3, 4, 4, 4, 4, 4, 4, 4, 4 ] 
4 10 8 [ 1, 2, 3, 3, 3, 3, 3, 4, 5, 5 ] 
4 11 4 [ 2, 3, 4, 5, 5, 5, 5, 5, 5, 6, 6 ] 
4 12 2 [ 6, 6, 6, 6, 6, 6, 6, 6, 6, 6, 6, 6 ] 
4 13 2 [ 3, 5, 5, 5, 5, 6, 6, 6, 6, 6, 6, 6, 6 ] 
4 14 2 [ 5, 5, 5, 5, 5, 5, 6, 6, 6, 6, 6, 7, 7, 7 ] 
4 15 2 [ 4, 6, 6, 6, 6, 6, 6, 6, 6, 6, 6, 6, 6, 6, 7 ] 
_____________ 
5 5 32 [ 1, 3, 3, 4, 4 ] 
5 6 96 [ 1, 2, 2, 2, 3, 3 ] 
5 7 4 [ 2, 3, 3, 3, 4, 4, 5 ] 
5 8 8 [ 2, 3, 3, 3, 3, 4, 4, 4 ] 
5 9 4 [ 2, 3, 4, 4, 4, 4, 5, 5, 6 ] 
5 10 2 [ 4, 6, 6, 6, 6, 6, 6, 6, 6, 6 ] 
5 11 2 [ 4, 4, 4, 5, 5, 5, 6, 6, 6, 6, 6 ] 
5 12 2 [ 4, 4, 4, 4, 5, 5, 5, 5, 5, 5, 6, 6 ] 
5 13 2 [ 6, 6, 6, 6, 6, 6, 6, 7, 7, 7, 7, 7, 7 ] 
5 14 2 [ 4, 5, 6, 6, 6, 6, 6, 6, 6, 7, 7, 7, 7, 7 ] 
5 15 2 [ 9, 9, 9, 9, 9, 9, 9, 9, 9, 9, 9, 9, 11, 13, 14 ] 
_____________ 
6 5 16 [ 1, 2, 2, 3, 4 ] 
6 6 192 [ 3, 3, 3, 3, 3, 4 ] 
6 7 4 [ 2, 4, 5, 5, 5, 5, 5 ] 
6 8 4 [ 2, 3, 3, 3, 4, 4, 4, 4 ] 
6 9 2 [ 3, 4, 4, 4, 5, 5, 5, 5, 5 ] 
6 10 2 [ 4, 4, 6, 6, 6, 6, 6, 6, 6, 6 ] 
6 11 2 [ 4, 5, 5, 5, 5, 5, 6, 6, 6, 7, 7 ] 
6 12 4 [ 2, 3, 4, 4, 4, 4, 4, 4, 4, 4, 4, 5 ] 
6 13 2 [ 6, 6, 6, 6, 6, 7, 7, 7, 7, 7, 7, 7, 7 ] 
6 14 2 [ 5, 5, 6, 6, 6, 6, 6, 6, 6, 7, 7, 7, 7, 8 ] 
6 15 2 [ 3, 3, 4, 4, 5, 5, 5, 5, 5, 5, 5, 6, 6, 6, 6 ] 
_____________ 
7 5 192 [ 2, 2, 2, 3, 3 ] 
7 6 8 [ 2, 2, 4, 4, 4, 4 ] 
7 7 32 [ 2, 2, 2, 3, 3, 3, 3 ] 
7 8 4 [ 2, 4, 4, 5, 5, 5, 5, 5 ] 
7 9 2 [ 3, 3, 3, 3, 4, 4, 4, 4, 5 ] 
7 10 2 [ 3, 3, 3, 3, 4, 4, 4, 4, 5, 5 ] 
7 11 2 [ 3, 5, 5, 5, 5, 6, 6, 6, 6, 6, 6 ] 
7 12 2 [ 5, 6, 7, 7, 7, 7, 7, 7, 7, 7, 7, 7 ] 
7 13 2 [ 6, 6, 6, 6, 6, 6, 6, 6, 6, 7, 7, 7, 7 ] 
7 14 2 [ 6, 6, 6, 6, 6, 6, 6, 6, 6, 6, 6, 6, 6, 8 ] 
7 15 2 [ 4, 6, 6, 6, 6, 6, 6, 6, 6, 6, 6, 7, 7, 7, 7 ] 
_____________ 
8 5 768 [ 1, 1, 1, 1, 2 ] 
8 6 2 [ 3, 4, 4, 5, 5, 5 ] 
8 7 3072 [ 1, 1, 2, 2, 2, 3, 3 ] 
8 8 4 [ 3, 3, 3, 4, 4, 4, 5, 5 ] 
8 9 8 [ 2, 2, 3, 3, 3, 3, 3, 3, 4 ] 
8 10 4 [ 4, 4, 4, 4, 4, 4, 4, 4, 4, 4 ] 
8 11 4 [ 2, 5, 5, 6, 7, 7, 7, 7, 7, 7, 7 ] 
8 12 2 [ 6, 6, 6, 6, 6, 7, 7, 7, 7, 7, 7, 7 ] 
8 13 2 [ 7, 7, 7, 7, 7, 7, 7, 8, 8, 8, 8, 8, 8 ] 
8 14 2 [ 5, 7, 7, 7, 7, 7, 8, 8, 8, 8, 8, 8, 9, 9 ] 
8 15 2 [ 7, 7, 7, 7, 7, 7, 7, 8, 8, 8, 8, 8, 8, 8, 8 ] 
_____________ 
9 5 16 [ 2, 2, 4, 4, 4 ] 
9 6 192 [ 1, 1, 3, 3, 3, 5 ] 
9 7 4 [ 2, 3, 3, 4, 4, 4, 4 ] 
9 8 2 [ 3, 3, 4, 4, 4, 4, 4, 5 ] 
9 9 2 [ 4, 5, 5, 5, 5, 5, 5, 5, 5 ] 
9 10 2 [ 4, 4, 4, 4, 4, 4, 4, 4, 4, 4 ] 
9 11 2 [ 3, 4, 4, 5, 5, 5, 5, 5, 6, 6, 6 ] 
9 12 2 [ 4, 5, 5, 6, 6, 6, 6, 6, 7, 7, 7, 7 ] 
9 13 2 [ 3, 4, 5, 5, 5, 6, 6, 6, 6, 6, 6, 6, 6 ] 
9 14 2 [ 5, 5, 5, 7, 7, 7, 7, 7, 7, 7, 7, 8, 8, 8 ] 
9 15 2 [ 5, 6, 6, 6, 6, 6, 6, 6, 7, 7, 7, 7, 7, 7, 7 ] 
_____________ 
10 5 8 [ 2, 3, 4, 5, 5 ] 
10 6 96 [ 2, 2, 3, 3, 3, 4 ] 
10 7 4 [ 2, 4, 4, 5, 5, 5, 5 ] 
10 8 8 [ 2, 2, 3, 3, 4, 5, 5, 6 ] 
10 9 4 [ 2, 3, 4, 4, 4, 5, 5, 5, 5 ] 
10 10 2 [ 6, 6, 6, 6, 6, 6, 6, 6, 6, 6 ] 
10 11 2 [ 5, 6, 6, 6, 6, 7, 7, 7, 7, 7, 7 ] 
10 12 2 [ 4, 6, 6, 6, 6, 6, 6, 6, 6, 6, 6, 6 ] 
10 13 2 [ 3, 5, 5, 5, 5, 5, 5, 5, 6, 6, 6, 6, 6 ] 
10 14 2 [ 6, 6, 7, 7, 7, 7, 7, 7, 7, 7, 7, 7, 8, 8 ] 
10 15 2 [ 9, 9, 9, 9, 9, 9, 9, 9, 9, 9, 9, 10, 10, 12, 12 ] 
_____________ 
11 5 96 [ 1, 2, 2, 2, 3 ] 
11 6 16 [ 2, 3, 3, 3, 3, 3 ] 
11 7 2 [ 3, 3, 4, 4, 5, 5, 5 ] 
11 8 16 [ 2, 2, 3, 3, 3, 3, 3, 3 ] 
11 9 96 [ 2, 4, 4, 4, 4, 4, 4, 4, 4 ] 
11 10 2 [ 4, 4, 5, 5, 5, 5, 5, 5, 5, 5 ] 
11 11 2 [ 3, 4, 5, 5, 5, 6, 6, 6, 6, 6, 6 ] 
11 12 2 [ 4, 4, 5, 5, 5, 5, 5, 6, 6, 6, 6, 6 ] 
11 13 2 [ 4, 4, 5, 5, 5, 5, 5, 6, 6, 6, 6, 6, 6 ] 
11 14 2 [ 5, 6, 6, 6, 7, 7, 7, 7, 7, 7, 7, 7, 8, 8 ] 
11 15 2 [ 8, 8, 8, 8, 8, 9, 9, 9, 9, 9, 9, 9, 9, 9, 9 ] 
_____________ 
12 5 1440 [ 2, 2, 2, 2, 2 ] 
12 6 7680 [ 1, 1, 1, 1, 1, 2 ] 
12 7 96 [ 2, 2, 2, 2, 3, 3, 3 ] 
12 8 4 [ 3, 3, 4, 4, 4, 4, 4, 5 ] 
12 9 2 [ 4, 4, 4, 5, 5, 5, 5, 5, 6 ] 
12 10 2 [ 3, 4, 4, 5, 5, 5, 5, 6, 6, 6 ] 
12 11 2 [ 4, 5, 5, 5, 5, 5, 5, 6, 6, 6, 6 ] 
12 12 2 [ 4, 4, 4, 5, 5, 5, 6, 6, 6, 6, 6, 6 ] 
12 13 2 [ 5, 5, 6, 6, 6, 6, 6, 7, 7, 7, 7, 7, 7 ] 
12 14 2 [ 5, 5, 5, 6, 6, 6, 6, 6, 6, 6, 6, 6, 7, 7 ] 
12 15 2 [ 6, 7, 7, 7, 7, 7, 7, 7, 7, 8, 8, 8, 9, 9, 9 ] 
_____________ 
13 5 48 [ 1, 2, 2, 2, 3 ] 
13 6 16 [ 2, 3, 3, 3, 4, 5 ] 
13 7 16 [ 2, 2, 4, 4, 5, 5, 5 ] 
13 8 8 [ 3, 3, 3, 4, 4, 4, 4, 4 ] 
13 9 2 [ 3, 4, 5, 5, 5, 5, 5, 6, 6 ] 
13 10 4 [ 2, 3, 3, 3, 3, 4, 4, 4, 4, 5 ] 
13 11 2 [ 6, 6, 6, 6, 6, 6, 6, 6, 6, 6, 7 ] 
13 12 2 [ 5, 5, 5, 5, 5, 6, 6, 6, 6, 6, 6, 6 ] 
13 13 2 [ 3, 4, 4, 4, 4, 5, 5, 6, 6, 6, 6, 6, 6 ] 
13 14 2 [ 7, 7, 7, 7, 7, 7, 7, 8, 8, 8, 8, 8, 9, 9 ] 
13 15 2 [ 8, 9, 9, 9, 9, 9, 9, 9, 9, 9, 10, 10, 10, 10, 10 ] 
_____________ 
14 5 192 [ 1, 2, 2, 2, 3 ] 
14 6 24 [ 2, 2, 2, 3, 3, 3 ] 
14 7 32 [ 2, 2, 2, 3, 4, 4, 4 ] 
14 8 4 [ 2, 5, 5, 5, 5, 6, 6, 6 ] 
14 9 192 [ 2, 2, 2, 2, 4, 4, 4, 4, 4 ] 
14 10 2 [ 4, 4, 4, 4, 4, 6, 6, 6, 6, 6 ] 
14 11 2 [ 4, 4, 4, 4, 5, 5, 5, 5, 6, 6, 6 ] 
14 12 2 [ 4, 5, 5, 6, 6, 6, 6, 6, 6, 6, 6, 6 ] 
14 13 2 [ 5, 5, 5, 6, 6, 6, 6, 6, 6, 6, 7, 7, 7 ] 
14 14 2 [ 6, 6, 6, 8, 8, 8, 8, 8, 8, 8, 8, 8, 9, 9 ] 
14 15 2 [ 5, 7, 7, 7, 8, 8, 8, 8, 8, 8, 8, 8, 9, 10, 10 ] 
_____________ 
15 5 192 [ 2, 2, 2, 3, 4 ] 
15 6 32 [ 2, 2, 2, 3, 4, 5 ] 
15 7 4 [ 1, 3, 3, 4, 4, 4, 4 ] 
15 8 96 [ 1, 2, 2, 3, 3, 3, 3, 4 ] 
15 9 4 [ 3, 4, 4, 4, 5, 5, 5, 5, 5 ] 
15 10 2 [ 5, 5, 6, 6, 6, 6, 6, 6, 6, 6 ] 
15 11 2 [ 3, 4, 5, 5, 6, 6, 6, 6, 6, 6, 6 ] 
15 12 2 [ 3, 5, 5, 5, 5, 6, 6, 6, 6, 6, 7, 7 ] 
15 13 2 [ 5, 5, 6, 6, 6, 6, 7, 7, 7, 7, 7, 7, 7 ] 
15 14 2 [ 4, 5, 6, 6, 6, 7, 7, 7, 7, 7, 7, 7, 7, 7 ] 
15 15 2 [ 4, 4, 6, 6, 6, 6, 6, 6, 6, 6, 6, 6, 6, 6, 6 ] 
_____________ 
16 5 16 [ 1, 2, 2, 3, 3 ] 
16 6 16 [ 1, 3, 3, 3, 4, 4 ] 
16 7 2 [ 3, 4, 4, 4, 4, 5, 5 ] 
16 8 2 [ 4, 5, 5, 5, 6, 6, 6, 6 ] 
16 9 8 [ 3, 3, 3, 4, 4, 4, 4, 4, 5 ] 
16 10 2 [ 4, 4, 4, 4, 4, 4, 4, 5, 5, 5 ] 
16 11 2 [ 4, 4, 4, 4, 6, 6, 6, 6, 6, 6, 6 ] 
16 12 2 [ 5, 5, 5, 6, 6, 6, 6, 6, 6, 7, 7, 7 ] 
16 13 2 [ 4, 5, 6, 6, 6, 6, 6, 6, 6, 6, 6, 6, 7 ] 
16 14 2 [ 7, 7, 7, 7, 7, 7, 7, 7, 7, 7, 7, 7, 8, 8 ] 
16 15 2 [ 5, 5, 6, 6, 6, 6, 6, 6, 6, 7, 7, 7, 7, 7, 7 ] 
_____________ 
17 5 64 [ 1, 2, 2, 2, 3 ] 
17 6 48 [ 3, 3, 3, 3, 3, 3 ] 
17 7 768 [ 1, 1, 2, 2, 2, 3, 3 ] 
17 8 192 [ 1, 2, 2, 3, 3, 3, 4, 4 ] 
17 9 16 [ 2, 2, 2, 3, 3, 3, 4, 4, 5 ] 
17 10 2 [ 5, 5, 5, 5, 5, 6, 6, 6, 6, 6 ] 
17 11 2 [ 4, 4, 5, 5, 5, 5, 6, 6, 6, 6, 6 ] 
17 12 2 [ 4, 5, 5, 5, 6, 6, 6, 6, 7, 7, 7, 7 ] 
17 13 16 [ 2, 2, 2, 3, 3, 3, 3, 3, 3, 3, 3, 4, 4 ] 
17 14 2 [ 4, 4, 5, 6, 6, 6, 6, 6, 6, 6, 6, 6, 6, 6 ] 
17 15 2 [ 6, 6, 6, 6, 6, 6, 6, 6, 6, 6, 6, 7, 7, 7, 8 ] 
_____________ 
18 5 96 [ 2, 2, 2, 2, 3 ] 
18 6 4 [ 2, 3, 4, 4, 4, 5 ] 
18 7 4 [ 3, 3, 3, 3, 4, 4, 4 ] 
18 8 8 [ 2, 3, 3, 3, 3, 3, 4, 5 ] 
18 9 2 [ 4, 4, 4, 4, 5, 5, 5, 5, 5 ] 
18 10 2 [ 4, 5, 5, 5, 5, 5, 5, 5, 5, 5 ] 
18 11 2 [ 4, 5, 5, 5, 5, 5, 5, 5, 5, 5, 6 ] 
18 12 2 [ 5, 5, 5, 5, 6, 6, 6, 6, 6, 6, 6, 6 ] 
18 13 2 [ 4, 6, 6, 6, 6, 6, 6, 6, 6, 6, 6, 6, 6 ] 
18 14 2 [ 4, 4, 5, 5, 7, 7, 7, 7, 7, 7, 7, 7, 8, 8 ] 
18 15 2 [ 6, 6, 6, 7, 7, 7, 7, 7, 7, 7, 7, 7, 7, 7, 7 ] 
_____________ 
19 5 192 [ 2, 2, 2, 4, 4 ] 
19 6 96 [ 1, 2, 2, 3, 3, 3 ] 
19 7 4 [ 2, 3, 4, 4, 4, 5, 5 ] 
19 8 2 [ 3, 4, 4, 5, 5, 5, 5, 6 ] 
19 9 2 [ 3, 4, 5, 5, 6, 6, 6, 6, 6 ] 
19 10 4 [ 2, 3, 4, 4, 5, 5, 5, 5, 5, 5 ] 
19 11 2 [ 3, 5, 5, 6, 6, 6, 6, 6, 6, 6, 7 ] 
19 12 2 [ 5, 5, 5, 6, 6, 6, 6, 7, 7, 7, 7, 7 ] 
19 13 2 [ 6, 7, 7, 7, 7, 7, 7, 7, 7, 8, 8, 8, 8 ] 
19 14 2 [ 3, 5, 6, 6, 7, 7, 7, 7, 7, 7, 7, 8, 8, 8 ] 
19 15 2 [ 5, 6, 6, 6, 6, 6, 6, 6, 6, 7, 7, 7, 7, 7, 7 ] 
_____________ 
20 5 12 [ 3, 3, 3, 3, 4 ] 
20 6 4 [ 3, 3, 3, 3, 4, 4 ] 
20 7 12 [ 3, 3, 3, 3, 4, 4, 4 ] 
20 8 8 [ 2, 3, 3, 4, 4, 4, 4, 4 ] 
20 9 2 [ 4, 4, 5, 6, 6, 6, 6, 6, 7 ] 
20 10 2 [ 4, 4, 4, 4, 4, 4, 6, 6, 6, 6 ] 
20 11 2 [ 3, 5, 5, 5, 5, 6, 6, 6, 6, 6, 6 ] 
20 12 2 [ 6, 6, 6, 6, 7, 7, 7, 7, 7, 7, 7, 7 ] 
20 13 2 [ 4, 4, 6, 6, 6, 6, 6, 6, 6, 6, 6, 6, 6 ] 
20 14 2 [ 4, 4, 5, 6, 7, 7, 7, 7, 7, 7, 7, 7, 7, 7 ] 
20 15 2 [ 7, 7, 7, 7, 7, 7, 7, 7, 7, 8, 8, 8, 8, 9, 9 ] 
_____________ 
21 5 48 [ 1, 2, 2, 3, 3 ] 
21 6 256 [ 2, 2, 2, 2, 3, 3 ] 
21 7 192 [ 2, 2, 2, 2, 4, 4, 4 ] 
21 8 5760 [ 1, 2, 2, 2, 2, 2, 3, 3 ] 
21 9 8 [ 2, 4, 4, 4, 4, 4, 4, 4, 4 ] 
21 10 2 [ 3, 3, 4, 4, 5, 5, 5, 5, 5, 5 ] 
21 11 2 [ 4, 5, 5, 5, 5, 5, 5, 5, 5, 5, 5 ] 
21 12 2 [ 5, 5, 5, 6, 6, 6, 6, 6, 6, 6, 6, 6 ] 
21 13 2 [ 7, 7, 7, 8, 8, 8, 8, 8, 8, 9, 9, 10, 10 ] 
21 14 2 [ 5, 5, 5, 6, 6, 6, 6, 6, 6, 6, 6, 6, 6, 6 ] 
21 15 2 [ 3, 4, 5, 6, 6, 6, 6, 6, 6, 7, 7, 7, 7, 7, 8 ] 
_____________ 
22 5 768 [ 2, 2, 2, 2, 3 ] 
22 6 768 [ 1, 1, 2, 2, 3, 3 ] 
22 7 4 [ 2, 3, 3, 3, 3, 3, 3 ] 
22 8 4 [ 2, 3, 3, 4, 4, 5, 5, 5 ] 
22 9 4 [ 2, 3, 3, 3, 3, 3, 4, 4, 5 ] 
22 10 2 [ 3, 3, 4, 4, 4, 4, 5, 5, 5, 5 ] 
22 11 2 [ 5, 5, 5, 5, 6, 6, 6, 6, 6, 6, 6 ] 
22 12 2 [ 3, 3, 4, 4, 4, 4, 5, 5, 5, 5, 5, 5 ] 
22 13 2 [ 5, 5, 6, 7, 7, 7, 7, 7, 7, 8, 8, 8, 8 ] 
22 14 2 [ 6, 6, 6, 6, 7, 7, 7, 7, 7, 7, 7, 8, 8, 8 ] 
22 15 2 [ 6, 6, 6, 6, 6, 6, 6, 6, 6, 6, 6, 6, 6, 6, 8 ] 
_____________ 
23 5 768 [ 2, 2, 2, 2, 3 ] 
23 6 192 [ 1, 2, 2, 2, 3, 3 ] 
23 7 4 [ 2, 3, 3, 3, 3, 3, 4 ] 
23 8 32 [ 3, 3, 3, 3, 4, 4, 4, 4 ] 
23 9 16 [ 2, 2, 4, 4, 4, 4, 4, 4, 4 ] 
23 10 2 [ 4, 4, 7, 7, 7, 7, 7, 7, 7, 7 ] 
23 11 2 [ 6, 6, 6, 6, 7, 7, 7, 7, 7, 7, 8 ] 
23 12 2 [ 5, 5, 5, 5, 6, 6, 6, 6, 7, 7, 7, 7 ] 
23 13 2 [ 4, 4, 5, 5, 5, 5, 6, 6, 6, 6, 6, 6, 6 ] 
23 14 2 [ 6, 6, 7, 7, 7, 7, 7, 7, 7, 7, 7, 7, 7, 8 ] 
23 15 2 [ 7, 7, 7, 7, 7, 7, 7, 7, 7, 7, 7, 9, 9, 10, 10 ] 
_____________ 
24 5 8 [ 2, 2, 3, 5, 5 ] 
24 6 8 [ 2, 2, 3, 4, 6, 7 ] 
24 7 576 [ 1, 2, 2, 2, 2, 3, 3 ] 
24 8 96 [ 1, 4, 4, 4, 4, 4, 5, 5 ] 
24 9 2 [ 4, 5, 5, 6, 6, 6, 6, 6, 6 ] 
24 10 2 [ 4, 5, 5, 5, 6, 6, 6, 6, 6, 6 ] 
24 11 2 [ 4, 5, 5, 5, 5, 5, 5, 5, 5, 5, 5 ] 
24 12 2 [ 3, 3, 4, 4, 4, 4, 5, 5, 5, 5, 6, 6 ] 
24 13 2 [ 5, 5, 6, 6, 6, 7, 7, 7, 7, 7, 7, 7, 8 ] 
24 14 2 [ 4, 4, 5, 6, 6, 6, 6, 6, 6, 7, 7, 7, 7, 7 ] 
24 15 2 [ 6, 6, 6, 6, 7, 7, 7, 7, 7, 8, 8, 9, 9, 9, 9 ] 
_____________ 
25 5 384 [ 1, 1, 2, 2, 2 ] 
25 6 24 [ 2, 2, 3, 3, 3, 3 ] 
25 7 576 [ 2, 2, 2, 2, 2, 3, 3 ] 
25 8 24 [ 2, 3, 3, 3, 3, 3, 3, 4 ] 
25 9 24 [ 2, 2, 2, 3, 3, 3, 4, 4, 5 ] 
25 10 2 [ 5, 5, 6, 6, 6, 6, 6, 6, 6, 6 ] 
25 11 2 [ 3, 3, 4, 4, 5, 5, 5, 5, 6, 6, 6 ] 
25 12 2 [ 3, 3, 5, 5, 6, 6, 6, 6, 7, 7, 8, 8 ] 
25 13 2 [ 6, 6, 6, 7, 7, 7, 7, 7, 7, 7, 7, 7, 7 ] 
25 14 2 [ 4, 4, 5, 6, 7, 7, 7, 7, 7, 7, 8, 8, 8, 8 ] 
25 15 2 [ 6, 6, 6, 7, 7, 7, 7, 7, 7, 7, 7, 7, 9, 9, 9 ] 
_____________ 
26 5 48 [ 1, 2, 2, 2, 4 ] 
26 6 32 [ 1, 1, 2, 3, 3, 3 ] 
26 7 16 [ 2, 2, 4, 4, 4, 4, 4 ] 
26 8 4 [ 4, 4, 4, 4, 4, 5, 5, 5 ] 
26 9 48 [ 2, 2, 2, 2, 3, 3, 3, 3, 3 ] 
26 10 2 [ 5, 5, 6, 6, 6, 6, 6, 6, 6, 7 ] 
26 11 2 [ 4, 4, 4, 4, 6, 6, 6, 6, 6, 6, 6 ] 
26 12 2 [ 5, 5, 5, 6, 6, 6, 6, 6, 6, 6, 6, 6 ] 
26 13 2 [ 5, 6, 6, 6, 6, 6, 7, 7, 7, 7, 7, 7, 8 ] 
26 14 2 [ 6, 6, 7, 7, 7, 7, 7, 7, 7, 8, 8, 8, 8, 8 ] 
26 15 2 [ 7, 7, 7, 7, 7, 7, 7, 7, 7, 7, 8, 9, 10, 10, 11 ] 
_____________ 
27 5 768 [ 1, 1, 1, 1, 2 ] 
27 6 32 [ 2, 2, 3, 3, 4, 4 ] 
27 7 4 [ 2, 3, 4, 4, 5, 5, 5 ] 
27 8 4 [ 1, 3, 3, 4, 4, 4, 4, 5 ] 
27 9 2 [ 3, 3, 3, 4, 4, 4, 5, 5, 5 ] 
27 10 2 [ 4, 4, 4, 5, 5, 6, 6, 6, 6, 6 ] 
27 11 2 [ 5, 5, 5, 6, 6, 6, 6, 6, 6, 6, 6 ] 
27 12 2 [ 4, 6, 6, 7, 7, 7, 7, 7, 7, 7, 7, 7 ] 
27 13 2 [ 7, 7, 7, 8, 8, 8, 8, 8, 8, 8, 8, 9, 9 ] 
27 14 2 [ 4, 4, 5, 5, 5, 5, 5, 5, 6, 6, 6, 6, 6, 6 ] 
27 15 2 [ 7, 7, 7, 7, 7, 7, 7, 7, 7, 8, 8, 8, 8, 8, 8 ] 
_____________ 
28 5 8 [ 2, 3, 4, 4, 4 ] 
28 6 96 [ 2, 4, 4, 4, 4, 4 ] 
28 7 48 [ 2, 2, 2, 2, 3, 3, 3 ] 
28 8 1728 [ 2, 2, 2, 2, 2, 4, 4, 4 ] 
28 9 2 [ 3, 4, 4, 4, 5, 5, 5, 5, 6 ] 
28 10 2 [ 3, 5, 5, 6, 6, 6, 6, 6, 6, 6 ] 
28 11 2 [ 4, 4, 4, 4, 4, 4, 4, 4, 6, 6, 6 ] 
28 12 2 [ 6, 6, 6, 6, 7, 7, 7, 7, 7, 7, 7, 7 ] 
28 13 2 [ 4, 6, 6, 6, 6, 6, 6, 6, 6, 6, 6, 6, 6 ] 
28 14 2 [ 4, 5, 5, 6, 6, 6, 6, 6, 6, 7, 7, 7, 7, 7 ] 
28 15 2 [ 5, 5, 6, 6, 7, 7, 7, 7, 7, 7, 7, 7, 8, 8, 8 ] 
_____________ 
29 5 192 [ 1, 2, 2, 2, 2 ] 
29 6 576 [ 2, 2, 2, 2, 2, 4 ] 
29 7 12 [ 2, 2, 3, 3, 3, 3, 4 ] 
29 8 4 [ 2, 3, 3, 5, 5, 5, 5, 5 ] 
29 9 2 [ 3, 4, 4, 4, 4, 5, 5, 5, 5 ] 
29 10 2 [ 3, 3, 4, 4, 4, 5, 5, 5, 5, 5 ] 
29 11 2 [ 5, 5, 5, 6, 6, 6, 6, 6, 6, 6, 6 ] 
29 12 2 [ 4, 6, 6, 6, 6, 6, 6, 6, 6, 6, 6, 6 ] 
29 13 2 [ 5, 5, 5, 5, 5, 5, 6, 6, 6, 6, 6, 6, 7 ] 
29 14 2 [ 5, 6, 7, 7, 7, 7, 7, 8, 8, 8, 8, 8, 8, 8 ] 
29 15 2 [ 8, 8, 8, 8, 8, 8, 9, 9, 9, 9, 9, 9, 11, 11, 11 ] 
_____________ 
30 5 768 [ 1, 1, 1, 1, 2 ] 
30 6 8 [ 2, 2, 3, 3, 3, 4 ] 
30 7 2 [ 3, 3, 3, 3, 3, 3, 4 ] 
30 8 2 [ 3, 4, 4, 4, 4, 4, 5, 5 ] 
30 9 2 [ 3, 3, 4, 4, 4, 4, 5, 5, 5 ] 
30 10 2 [ 4, 4, 4, 5, 6, 6, 6, 6, 6, 6 ] 
30 11 2 [ 3, 4, 4, 5, 5, 5, 5, 5, 5, 5, 5 ] 
30 12 2 [ 5, 5, 5, 6, 6, 6, 6, 6, 6, 7, 7, 7 ] 
30 13 2 [ 6, 6, 6, 6, 6, 6, 7, 7, 7, 7, 7, 8, 8 ] 
30 14 2 [ 7, 7, 7, 7, 7, 7, 7, 7, 7, 7, 8, 8, 8, 9 ] 
30 15 2 [ 5, 6, 7, 7, 7, 7, 7, 7, 7, 7, 7, 8, 8, 8, 8 ] 
_____________ 
31 5 384 [ 1, 1, 2, 2, 2 ] 
31 6 48 [ 2, 2, 2, 4, 4, 5 ] 
31 7 2 [ 3, 4, 4, 5, 5, 5, 5 ] 
31 8 8 [ 1, 4, 4, 4, 5, 5, 5, 5 ] 
31 9 4 [ 2, 3, 4, 5, 5, 5, 5, 6, 6 ] 
31 10 2 [ 5, 5, 6, 6, 6, 6, 6, 6, 6, 6 ] 
31 11 2 [ 4, 5, 6, 6, 6, 6, 6, 6, 6, 7, 7 ] 
31 12 2 [ 3, 4, 5, 5, 5, 5, 6, 6, 6, 6, 6, 6 ] 
31 13 2 [ 4, 6, 6, 6, 6, 6, 6, 6, 6, 6, 6, 6, 6 ] 
31 14 2 [ 7, 7, 7, 7, 7, 7, 8, 8, 8, 8, 8, 8, 9, 9 ] 
31 15 2 [ 4, 4, 5, 5, 5, 5, 6, 6, 6, 6, 6, 6, 6, 7, 7 ] 
_____________ 
32 5 48 [ 1, 2, 2, 2, 3 ] 
32 6 3072 [ 2, 2, 2, 2, 3, 3 ] 
32 7 2 [ 3, 3, 3, 3, 3, 3, 3 ] 
32 8 1920 [ 2, 2, 2, 2, 2, 2, 3, 3 ] 
32 9 2 [ 3, 3, 4, 4, 4, 4, 4, 5, 5 ] 
32 10 2 [ 3, 4, 4, 5, 5, 5, 5, 5, 6, 6 ] 
32 11 2 [ 4, 4, 5, 5, 5, 6, 6, 6, 7, 7, 7 ] 
32 12 2 [ 5, 5, 5, 7, 7, 7, 7, 7, 7, 7, 8, 8 ] 
32 13 2 [ 5, 5, 6, 6, 6, 6, 6, 7, 7, 7, 7, 7, 7 ] 
32 14 2 [ 5, 5, 6, 6, 6, 6, 6, 6, 6, 6, 6, 7, 7, 7 ] 
32 15 2 [ 7, 7, 7, 7, 7, 8, 8, 8, 8, 8, 8, 8, 8, 8, 10 ] 
_____________ 
33 5 48 [ 1, 2, 2, 3, 3 ] 
33 6 32 [ 2, 2, 3, 3, 3, 3 ] 
33 7 16 [ 1, 3, 3, 3, 4, 4, 4 ] 
33 8 2 [ 3, 4, 4, 4, 5, 5, 6, 6 ] 
33 9 2 [ 3, 4, 4, 4, 5, 5, 5, 5, 5 ] 
33 10 2 [ 3, 4, 4, 4, 5, 5, 5, 5, 5, 6 ] 
33 11 2 [ 3, 5, 6, 6, 6, 6, 7, 7, 7, 7, 7 ] 
33 12 2 [ 5, 5, 5, 6, 6, 6, 7, 7, 7, 7, 7, 7 ] 
33 13 2 [ 5, 6, 6, 6, 6, 6, 6, 6, 6, 7, 7, 7, 7 ] 
33 14 2 [ 5, 5, 5, 5, 5, 5, 6, 6, 6, 6, 6, 6, 6, 6 ] 
33 15 2 [ 7, 8, 8, 8, 8, 8, 8, 8, 8, 8, 8, 8, 9, 9, 9 ] 
_____________ 
34 5 2 [ 3, 4, 4, 5, 5 ] 
34 6 4 [ 3, 3, 3, 4, 4, 4 ] 
34 7 768 [ 2, 2, 4, 4, 4, 4, 4 ] 
34 8 4 [ 2, 3, 4, 4, 4, 4, 4, 5 ] 
34 9 1474560 [ 1, 1, 1, 1, 2, 2, 2, 2, 2 ] 
34 10 2 [ 5, 6, 6, 6, 6, 6, 6, 6, 6, 6 ] 
34 11 2 [ 4, 5, 5, 5, 5, 6, 6, 6, 6, 6, 6 ] 
34 12 2 [ 7, 7, 7, 7, 7, 7, 7, 7, 7, 7, 8, 8 ] 
34 13 2 [ 5, 5, 6, 6, 6, 6, 6, 6, 6, 6, 7, 7, 7 ] 
34 14 2 [ 7, 7, 7, 7, 7, 7, 7, 7, 7, 7, 8, 8, 9, 9 ] 
34 15 2 [ 5, 5, 5, 6, 6, 6, 7, 7, 7, 7, 7, 7, 8, 8, 8 ] 
_____________ 
35 5 16 [ 1, 4, 4, 4, 4 ] 
35 6 192 [ 1, 2, 2, 2, 2, 3 ] 
35 7 4 [ 2, 4, 4, 4, 4, 4, 4 ] 
35 8 2 [ 3, 4, 4, 5, 5, 5, 5, 6 ] 
35 9 2 [ 3, 3, 4, 4, 4, 4, 5, 5, 5 ] 
35 10 2 [ 3, 4, 5, 5, 5, 5, 5, 5, 5, 5 ] 
35 11 2 [ 3, 4, 4, 5, 5, 5, 5, 5, 5, 5, 5 ] 
35 12 2 [ 6, 6, 7, 7, 7, 7, 7, 7, 7, 7, 8, 8 ] 
35 13 2 [ 4, 6, 6, 6, 6, 6, 6, 6, 7, 7, 7, 7, 7 ] 
35 14 2 [ 6, 6, 6, 6, 6, 6, 6, 6, 6, 7, 7, 7, 7, 9 ] 
35 15 2 [ 8, 8, 8, 8, 8, 8, 8, 8, 8, 8, 8, 8, 8, 8, 10 ] 
_____________ 
36 5 768 [ 1, 1, 1, 1, 2 ] 
36 6 96 [ 1, 2, 2, 2, 3, 3 ] 
36 7 8 [ 2, 2, 4, 4, 4, 4, 4 ] 
36 8 4 [ 3, 4, 4, 4, 4, 4, 4, 5 ] 
36 9 2 [ 3, 3, 3, 3, 3, 3, 4, 4, 4 ] 
36 10 2 [ 5, 5, 5, 5, 5, 5, 5, 6, 6, 6 ] 
36 11 2 [ 3, 4, 5, 5, 5, 5, 5, 5, 5, 5, 6 ] 
36 12 2 [ 4, 5, 5, 5, 5, 5, 6, 6, 6, 6, 6, 7 ] 
36 13 2 [ 4, 5, 5, 6, 6, 6, 7, 7, 7, 7, 8, 8, 8 ] 
36 14 2 [ 6, 7, 7, 7, 7, 7, 7, 8, 8, 8, 8, 8, 8, 9 ] 
36 15 2 [ 6, 6, 6, 6, 6, 6, 7, 7, 7, 7, 7, 7, 7, 8, 8 ] 
_____________ 
37 5 12 [ 3, 3, 3, 3, 3 ] 
37 6 2880 [ 2, 2, 2, 2, 2, 2 ] 
37 7 192 [ 1, 2, 2, 2, 3, 3, 3 ] 
37 8 2 [ 3, 3, 3, 4, 4, 5, 5, 5 ] 
37 9 8 [ 1, 2, 3, 3, 3, 3, 4, 4, 5 ] 
37 10 2 [ 4, 5, 5, 5, 5, 5, 5, 5, 6, 6 ] 
37 11 2 [ 5, 5, 6, 6, 6, 6, 6, 6, 6, 6, 7 ] 
37 12 2 [ 6, 6, 7, 7, 7, 7, 7, 7, 7, 7, 7, 7 ] 
37 13 2 [ 5, 6, 6, 7, 7, 7, 7, 7, 7, 7, 7, 8, 8 ] 
37 14 2 [ 5, 5, 6, 7, 7, 7, 7, 7, 7, 7, 7, 7, 7, 8 ] 
37 15 2 [ 4, 4, 5, 5, 5, 6, 6, 6, 7, 7, 7, 7, 7, 7, 7 ] 
_____________ 
38 5 384 [ 1, 1, 1, 2, 2 ] 
38 6 4 [ 3, 3, 3, 3, 3, 4 ] 
38 7 96 [ 2, 2, 2, 2, 3, 3, 3 ] 
38 8 32 [ 2, 3, 3, 3, 3, 3, 4, 4 ] 
38 9 4 [ 2, 3, 3, 3, 3, 3, 3, 4, 5 ] 
38 10 2 [ 3, 3, 4, 4, 4, 4, 4, 4, 5, 5 ] 
38 11 2 [ 3, 4, 4, 4, 5, 5, 5, 5, 5, 5, 5 ] 
38 12 2 [ 5, 5, 5, 6, 6, 6, 6, 6, 6, 6, 6, 6 ] 
38 13 2 [ 8, 8, 8, 8, 8, 8, 8, 8, 8, 9, 9, 9, 9 ] 
38 14 2 [ 5, 6, 6, 6, 6, 6, 6, 7, 7, 7, 7, 7, 7, 7 ] 
38 15 2 [ 7, 8, 8, 9, 9, 9, 9, 9, 9, 9, 9, 9, 10, 10, 10 ] 
_____________ 
39 5 768 [ 2, 2, 2, 2, 3 ] 
39 6 384 [ 1, 2, 2, 2, 2, 3 ] 
39 7 5760 [ 2, 2, 2, 2, 2, 2, 3 ] 
39 8 2 [ 3, 3, 4, 4, 4, 5, 5, 5 ] 
39 9 4 [ 3, 4, 4, 4, 4, 4, 4, 5, 5 ] 
39 10 8 [ 2, 4, 4, 4, 4, 4, 4, 4, 4, 6 ] 
39 11 2 [ 4, 6, 6, 6, 6, 6, 7, 7, 7, 7, 7 ] 
39 12 2 [ 5, 5, 5, 5, 5, 5, 5, 5, 5, 5, 6, 6 ] 
39 13 2 [ 6, 6, 6, 6, 6, 7, 7, 7, 7, 7, 8, 8, 8 ] 
39 14 2 [ 6, 6, 6, 6, 6, 6, 6, 6, 7, 7, 7, 7, 7, 7 ] 
39 15 2 [ 4, 5, 5, 6, 6, 6, 6, 6, 6, 6, 6, 6, 6, 6, 6 ] 
_____________ 
40 5 64 [ 1, 2, 2, 2, 3 ] 
40 6 2880 [ 1, 2, 2, 2, 2, 2 ] 
40 7 16 [ 2, 2, 3, 4, 4, 4, 4 ] 
40 8 4 [ 2, 3, 5, 5, 5, 6, 6, 6 ] 
40 9 8 [ 2, 3, 3, 3, 3, 3, 4, 4, 4 ] 
40 10 2 [ 4, 4, 5, 5, 5, 5, 5, 5, 5, 5 ] 
40 11 2 [ 3, 4, 4, 4, 5, 5, 5, 5, 5, 5, 6 ] 
40 12 2 [ 4, 5, 6, 6, 6, 6, 6, 7, 7, 7, 7, 7 ] 
40 13 2 [ 4, 6, 6, 6, 6, 6, 6, 6, 6, 7, 7, 7, 7 ] 
40 14 2 [ 7, 7, 7, 7, 7, 7, 7, 7, 7, 8, 8, 8, 8, 9 ] 
40 15 2 [ 7, 7, 7, 8, 8, 8, 8, 8, 8, 8, 8, 8, 8, 9, 10 ] 
_____________ 
41 5 32 [ 1, 2, 3, 3, 4 ] 
41 6 8 [ 2, 2, 3, 3, 4, 4 ] 
41 7 8 [ 1, 3, 4, 4, 4, 4, 5 ] 
41 8 2 [ 4, 4, 7, 7, 7, 7, 8, 8 ] 
41 9 2 [ 4, 5, 6, 6, 6, 6, 6, 6, 6 ] 
41 10 2 [ 4, 4, 4, 4, 5, 5, 5, 5, 5, 5 ] 
41 11 2 [ 4, 5, 6, 6, 6, 6, 6, 6, 6, 6, 7 ] 
41 12 2 [ 6, 6, 6, 6, 6, 7, 7, 7, 7, 7, 7, 7 ] 
41 13 2 [ 5, 6, 6, 6, 6, 6, 6, 6, 6, 6, 6, 6, 7 ] 
41 14 2 [ 7, 8, 8, 8, 8, 8, 8, 8, 8, 9, 9, 9, 9, 9 ] 
41 15 4 [ 7, 8, 8, 8, 8, 8, 8, 8, 8, 8, 8, 9, 9, 9, 9 ] 
_____________ 
42 5 192 [ 1, 2, 2, 2, 3 ] 
42 6 7680 [ 1, 1, 1, 1, 1, 2 ] 
42 7 2304 [ 1, 3, 3, 3, 3, 4, 4 ] 
42 8 6144 [ 1, 1, 2, 2, 2, 2, 3, 4 ] 
42 9 2 [ 3, 3, 3, 3, 3, 3, 3, 4, 4 ] 
42 10 4 [ 2, 3, 3, 3, 4, 4, 4, 5, 5, 5 ] 
42 11 2 [ 4, 4, 4, 4, 4, 5, 5, 5, 5, 5, 5 ] 
42 12 2 [ 6, 6, 7, 7, 7, 7, 7, 7, 7, 7, 8, 8 ] 
42 13 2 [ 5, 5, 6, 6, 6, 6, 6, 6, 6, 6, 6, 6, 6 ] 
42 14 2 [ 6, 6, 6, 6, 7, 7, 7, 7, 7, 7, 7, 7, 7, 8 ] 
42 15 4 [ 7, 8, 8, 8, 8, 8, 8, 8, 8, 8, 9, 9, 9, 9, 9 ] 
_____________ 
43 5 2304 [ 2, 2, 2, 2, 2 ] 
43 6 2304 [ 1, 1, 1, 2, 2, 2 ] 
43 7 8 [ 1, 3, 3, 3, 3, 3, 4 ] 
43 8 24 [ 2, 2, 2, 3, 3, 3, 3, 3 ] 
43 9 2 [ 4, 4, 5, 5, 5, 5, 5, 5, 5 ] 
43 10 2 [ 3, 5, 5, 6, 6, 6, 6, 6, 6, 6 ] 
